file,class,type,cbo,cboModified,fanin,fanout,wmc,dit,noc,rfc,lcom,lcom*,tcc,lcc,totalMethodsQty,staticMethodsQty,publicMethodsQty,privateMethodsQty,protectedMethodsQty,defaultMethodsQty,visibleMethodsQty,abstractMethodsQty,finalMethodsQty,synchronizedMethodsQty,totalFieldsQty,staticFieldsQty,publicFieldsQty,privateFieldsQty,protectedFieldsQty,defaultFieldsQty,finalFieldsQty,synchronizedFieldsQty,nosi,loc,returnQty,loopQty,comparisonsQty,tryCatchQty,parenthesizedExpsQty,stringLiteralsQty,numbersQty,assignmentsQty,mathOperationsQty,variablesQty,maxNestedBlocksQty,anonymousClassesQty,innerClassesQty,lambdasQty,uniqueWordsQty,modifiers,logStatementsQty
/home/arch_design_predict/download-github-repos/mvp/repos/MVPSimpleExample-master/app/src/main/java/com/example/nicolas/mvpsimpleexample/MainActivity.java,com.example.nicolas.mvpsimpleexample.MainActivity,class,7,7,0,7,2,2,0,5,0,0.375,1.0,1.0,2,0,1,0,1,0,2,0,0,0,4,0,0,4,0,0,0,0,0,37,0,0,0,0,0,0,0,4,0,4,0,2,0,0,29,1,0
/home/arch_design_predict/download-github-repos/mvp/repos/MVPSimpleExample-master/app/src/test/java/com/example/nicolas/mvpsimpleexample/ExampleUnitTest.java,com.example.nicolas.mvpsimpleexample.ExampleUnitTest,class,1,1,0,1,1,1,0,1,0,0.0,NaN,NaN,1,0,1,0,0,0,1,0,0,0,0,0,0,0,0,0,0,0,0,5,0,0,0,0,0,0,3,0,1,0,0,0,0,0,23,1,0
/home/arch_design_predict/download-github-repos/mvp/repos/MVPSimpleExample-master/app/src/main/java/com/example/nicolas/mvpsimpleexample/MainActivity.java,com.example.nicolas.mvpsimpleexample.MainActivity$Anonymous2,anonymous,2,2,0,2,3,1,0,2,3,0.0,0.0,0.0,3,0,3,0,0,0,3,0,0,0,0,0,0,0,0,0,0,0,0,9,0,0,0,0,0,0,0,0,0,0,0,0,0,0,10,-1,0
/home/arch_design_predict/download-github-repos/mvp/repos/MVPSimpleExample-master/app/src/main/java/com/example/nicolas/mvpsimpleexample/MainActivity.java,com.example.nicolas.mvpsimpleexample.MainActivity$Anonymous1,anonymous,2,2,0,2,3,1,0,2,3,0.0,0.0,0.0,3,0,3,0,0,0,3,0,0,0,0,0,0,0,0,0,0,0,0,9,0,0,0,0,0,0,0,0,0,0,0,0,0,0,10,-1,0
/home/arch_design_predict/download-github-repos/mvp/repos/MVPSimpleExample-master/app/src/main/java/com/example/nicolas/mvpsimpleexample/Model/User.java,com.example.nicolas.mvpsimpleexample.Model.User,class,0,1,1,0,5,1,0,0,0,0.4,0.6,1.0,5,0,5,0,0,0,5,0,0,0,2,0,0,2,0,0,0,0,0,19,3,0,0,0,0,2,0,2,1,2,0,0,0,0,14,1,0
/home/arch_design_predict/download-github-repos/mvp/repos/MVPSimpleExample-master/app/src/androidTest/java/com/example/nicolas/mvpsimpleexample/ExampleInstrumentedTest.java,com.example.nicolas.mvpsimpleexample.ExampleInstrumentedTest,class,4,4,0,4,1,1,0,3,0,0.0,NaN,NaN,1,0,1,0,0,0,1,0,0,0,0,0,0,0,0,0,0,0,0,6,0,0,0,0,0,1,0,1,0,1,0,0,0,0,21,1,0
/home/arch_design_predict/download-github-repos/mvp/repos/MVPSimpleExample-master/app/src/main/java/com/example/nicolas/mvpsimpleexample/Presenter/MainPresenter.java,com.example.nicolas.mvpsimpleexample.Presenter.MainPresenter$View,interface,0,0,0,0,1,1,0,0,0,0.0,NaN,NaN,1,0,0,0,0,1,1,0,0,0,0,0,0,0,0,0,0,0,0,3,0,0,0,0,0,0,0,0,0,0,0,0,0,0,6,1,0
/home/arch_design_predict/download-github-repos/mvp/repos/MVPSimpleExample-master/app/src/main/java/com/example/nicolas/mvpsimpleexample/Presenter/MainPresenter.java,com.example.nicolas.mvpsimpleexample.Presenter.MainPresenter,class,2,5,3,2,3,1,0,4,0,0.0,1.0,1.0,3,0,3,0,0,0,3,0,0,0,2,0,0,2,0,0,0,0,0,19,0,0,0,0,0,0,0,2,0,2,0,0,1,0,16,1,0
