file,class,method,variable,usage
/home/arch_design_predict/download-github-repos/mvp/repos/MVPSimpleExample-master/app/src/main/java/com/example/nicolas/mvpsimpleexample/MainActivity.java,com.example.nicolas.mvpsimpleexample.MainActivity,updateUserInfoTextView/1[java.lang.String],userInfoTextView,1
/home/arch_design_predict/download-github-repos/mvp/repos/MVPSimpleExample-master/app/src/main/java/com/example/nicolas/mvpsimpleexample/MainActivity.java,com.example.nicolas.mvpsimpleexample.MainActivity,onCreate/1[com.example.nicolas.mvpsimpleexample.Bundle],userInfoTextView,1
/home/arch_design_predict/download-github-repos/mvp/repos/MVPSimpleExample-master/app/src/main/java/com/example/nicolas/mvpsimpleexample/MainActivity.java,com.example.nicolas.mvpsimpleexample.MainActivity,onCreate/1[com.example.nicolas.mvpsimpleexample.Bundle],fullName,3
/home/arch_design_predict/download-github-repos/mvp/repos/MVPSimpleExample-master/app/src/main/java/com/example/nicolas/mvpsimpleexample/MainActivity.java,com.example.nicolas.mvpsimpleexample.MainActivity,onCreate/1[com.example.nicolas.mvpsimpleexample.Bundle],mainPresenter,1
/home/arch_design_predict/download-github-repos/mvp/repos/MVPSimpleExample-master/app/src/main/java/com/example/nicolas/mvpsimpleexample/MainActivity.java,com.example.nicolas.mvpsimpleexample.MainActivity,onCreate/1[com.example.nicolas.mvpsimpleexample.Bundle],email,3
/home/arch_design_predict/download-github-repos/mvp/repos/MVPSimpleExample-master/app/src/main/java/com/example/nicolas/mvpsimpleexample/Model/User.java,com.example.nicolas.mvpsimpleexample.Model.User,getFullName/0,fullName,1
/home/arch_design_predict/download-github-repos/mvp/repos/MVPSimpleExample-master/app/src/main/java/com/example/nicolas/mvpsimpleexample/Model/User.java,com.example.nicolas.mvpsimpleexample.Model.User,toString/0,fullName,1
/home/arch_design_predict/download-github-repos/mvp/repos/MVPSimpleExample-master/app/src/main/java/com/example/nicolas/mvpsimpleexample/Model/User.java,com.example.nicolas.mvpsimpleexample.Model.User,toString/0,email,1
/home/arch_design_predict/download-github-repos/mvp/repos/MVPSimpleExample-master/app/src/main/java/com/example/nicolas/mvpsimpleexample/Model/User.java,com.example.nicolas.mvpsimpleexample.Model.User,setFullName/1[java.lang.String],fullName,3
/home/arch_design_predict/download-github-repos/mvp/repos/MVPSimpleExample-master/app/src/main/java/com/example/nicolas/mvpsimpleexample/Model/User.java,com.example.nicolas.mvpsimpleexample.Model.User,getEmail/0,email,1
/home/arch_design_predict/download-github-repos/mvp/repos/MVPSimpleExample-master/app/src/main/java/com/example/nicolas/mvpsimpleexample/Model/User.java,com.example.nicolas.mvpsimpleexample.Model.User,setEmail/1[java.lang.String],email,3
/home/arch_design_predict/download-github-repos/mvp/repos/MVPSimpleExample-master/app/src/main/java/com/example/nicolas/mvpsimpleexample/Presenter/MainPresenter.java,com.example.nicolas.mvpsimpleexample.Presenter.MainPresenter,updateEmail/1[java.lang.String],view,1
/home/arch_design_predict/download-github-repos/mvp/repos/MVPSimpleExample-master/app/src/main/java/com/example/nicolas/mvpsimpleexample/Presenter/MainPresenter.java,com.example.nicolas.mvpsimpleexample.Presenter.MainPresenter,updateEmail/1[java.lang.String],user,2
/home/arch_design_predict/download-github-repos/mvp/repos/MVPSimpleExample-master/app/src/main/java/com/example/nicolas/mvpsimpleexample/Presenter/MainPresenter.java,com.example.nicolas.mvpsimpleexample.Presenter.MainPresenter,MainPresenter/1[com.example.nicolas.mvpsimpleexample.Presenter.MainPresenter.View],view,3
/home/arch_design_predict/download-github-repos/mvp/repos/MVPSimpleExample-master/app/src/main/java/com/example/nicolas/mvpsimpleexample/Presenter/MainPresenter.java,com.example.nicolas.mvpsimpleexample.Presenter.MainPresenter,MainPresenter/1[com.example.nicolas.mvpsimpleexample.Presenter.MainPresenter.View],user,1
/home/arch_design_predict/download-github-repos/mvp/repos/MVPSimpleExample-master/app/src/main/java/com/example/nicolas/mvpsimpleexample/Presenter/MainPresenter.java,com.example.nicolas.mvpsimpleexample.Presenter.MainPresenter,updateFullName/1[java.lang.String],view,1
/home/arch_design_predict/download-github-repos/mvp/repos/MVPSimpleExample-master/app/src/main/java/com/example/nicolas/mvpsimpleexample/Presenter/MainPresenter.java,com.example.nicolas.mvpsimpleexample.Presenter.MainPresenter,updateFullName/1[java.lang.String],user,2
