file,class,method,constructor,line,cbo,cboModified,fanin,fanout,wmc,rfc,loc,returnsQty,variablesQty,parametersQty,methodsInvokedQty,methodsInvokedLocalQty,methodsInvokedIndirectLocalQty,loopQty,comparisonsQty,tryCatchQty,parenthesizedExpsQty,stringLiteralsQty,numbersQty,assignmentsQty,mathOperationsQty,maxNestedBlocksQty,anonymousClassesQty,innerClassesQty,lambdasQty,uniqueWordsQty,modifiers,logStatementsQty,hasJavaDoc
/home/arch_design_predict/download-github-repos/mvp/repos/MVPSimpleExample-master/app/src/main/java/com/example/nicolas/mvpsimpleexample/MainActivity.java,com.example.nicolas.mvpsimpleexample.MainActivity,updateUserInfoTextView/1[java.lang.String],false,66,0,0,0,0,1,1,3,0,0,1,1,0,0,0,0,0,0,0,0,0,0,0,0,0,0,6,1,0,false
/home/arch_design_predict/download-github-repos/mvp/repos/MVPSimpleExample-master/app/src/main/java/com/example/nicolas/mvpsimpleexample/MainActivity.java,com.example.nicolas.mvpsimpleexample.MainActivity,onCreate/1[com.example.nicolas.mvpsimpleexample.Bundle],false,21,5,1,0,1,1,4,28,0,0,1,4,0,0,0,0,0,0,0,0,4,0,0,2,0,0,31,4,0,false
/home/arch_design_predict/download-github-repos/mvp/repos/MVPSimpleExample-master/app/src/test/java/com/example/nicolas/mvpsimpleexample/ExampleUnitTest.java,com.example.nicolas.mvpsimpleexample.ExampleUnitTest,addition_isCorrect/0,false,14,1,0,0,0,1,1,3,0,0,0,1,0,0,0,0,0,0,0,3,0,1,0,0,0,0,6,1,0,false
/home/arch_design_predict/download-github-repos/mvp/repos/MVPSimpleExample-master/app/src/main/java/com/example/nicolas/mvpsimpleexample/MainActivity.java,com.example.nicolas.mvpsimpleexample.MainActivity$Anonymous2,afterTextChanged/1[com.example.nicolas.mvpsimpleexample.Editable],false,60,1,0,0,0,1,0,2,0,0,1,0,0,0,0,0,0,0,0,0,0,0,0,0,0,0,5,1,0,false
/home/arch_design_predict/download-github-repos/mvp/repos/MVPSimpleExample-master/app/src/main/java/com/example/nicolas/mvpsimpleexample/MainActivity.java,com.example.nicolas.mvpsimpleexample.MainActivity$Anonymous2,"onTextChanged/4[java.lang.CharSequence,int,int,int]",false,55,1,2,0,2,1,2,3,0,0,4,2,0,0,0,0,0,0,0,0,0,0,0,0,0,0,6,1,0,false
/home/arch_design_predict/download-github-repos/mvp/repos/MVPSimpleExample-master/app/src/main/java/com/example/nicolas/mvpsimpleexample/MainActivity.java,com.example.nicolas.mvpsimpleexample.MainActivity$Anonymous2,"beforeTextChanged/4[java.lang.CharSequence,int,int,int]",false,51,0,0,0,0,1,0,2,0,0,4,0,0,0,0,0,0,0,0,0,0,0,0,0,0,0,6,1,0,false
/home/arch_design_predict/download-github-repos/mvp/repos/MVPSimpleExample-master/app/src/main/java/com/example/nicolas/mvpsimpleexample/MainActivity.java,com.example.nicolas.mvpsimpleexample.MainActivity$Anonymous1,"onTextChanged/4[java.lang.CharSequence,int,int,int]",false,41,1,2,0,2,1,2,3,0,0,4,2,0,0,0,0,0,0,0,0,0,0,0,0,0,0,6,1,0,false
/home/arch_design_predict/download-github-repos/mvp/repos/MVPSimpleExample-master/app/src/main/java/com/example/nicolas/mvpsimpleexample/MainActivity.java,com.example.nicolas.mvpsimpleexample.MainActivity$Anonymous1,afterTextChanged/1[com.example.nicolas.mvpsimpleexample.Editable],false,46,1,0,0,0,1,0,2,0,0,1,0,0,0,0,0,0,0,0,0,0,0,0,0,0,0,5,1,0,false
/home/arch_design_predict/download-github-repos/mvp/repos/MVPSimpleExample-master/app/src/main/java/com/example/nicolas/mvpsimpleexample/MainActivity.java,com.example.nicolas.mvpsimpleexample.MainActivity$Anonymous1,"beforeTextChanged/4[java.lang.CharSequence,int,int,int]",false,37,0,0,0,0,1,0,2,0,0,4,0,0,0,0,0,0,0,0,0,0,0,0,0,0,0,6,1,0,false
/home/arch_design_predict/download-github-repos/mvp/repos/MVPSimpleExample-master/app/src/main/java/com/example/nicolas/mvpsimpleexample/Model/User.java,com.example.nicolas.mvpsimpleexample.Model.User,getFullName/0,false,14,0,0,0,0,1,0,3,1,0,0,0,0,0,0,0,0,0,0,0,0,0,0,0,0,0,4,1,0,false
/home/arch_design_predict/download-github-repos/mvp/repos/MVPSimpleExample-master/app/src/main/java/com/example/nicolas/mvpsimpleexample/Model/User.java,com.example.nicolas.mvpsimpleexample.Model.User,toString/0,false,31,0,2,2,0,1,0,3,1,0,0,0,0,0,0,0,0,0,2,0,0,1,0,0,0,0,5,1,0,false
/home/arch_design_predict/download-github-repos/mvp/repos/MVPSimpleExample-master/app/src/main/java/com/example/nicolas/mvpsimpleexample/Model/User.java,com.example.nicolas.mvpsimpleexample.Model.User,setFullName/1[java.lang.String],false,18,0,1,1,0,1,0,3,0,0,1,0,0,0,0,0,0,0,0,0,1,0,0,0,0,0,4,1,0,false
/home/arch_design_predict/download-github-repos/mvp/repos/MVPSimpleExample-master/app/src/main/java/com/example/nicolas/mvpsimpleexample/Model/User.java,com.example.nicolas.mvpsimpleexample.Model.User,getEmail/0,false,22,0,0,0,0,1,0,3,1,0,0,0,0,0,0,0,0,0,0,0,0,0,0,0,0,0,3,1,0,false
/home/arch_design_predict/download-github-repos/mvp/repos/MVPSimpleExample-master/app/src/main/java/com/example/nicolas/mvpsimpleexample/Model/User.java,com.example.nicolas.mvpsimpleexample.Model.User,setEmail/1[java.lang.String],false,26,0,1,1,0,1,0,3,0,0,1,0,0,0,0,0,0,0,0,0,1,0,0,0,0,0,3,1,0,false
/home/arch_design_predict/download-github-repos/mvp/repos/MVPSimpleExample-master/app/src/androidTest/java/com/example/nicolas/mvpsimpleexample/ExampleInstrumentedTest.java,com.example.nicolas.mvpsimpleexample.ExampleInstrumentedTest,useAppContext/0,false,20,2,0,0,0,1,3,4,0,1,0,3,0,0,0,0,0,0,1,0,1,0,0,0,0,0,7,1,0,false
/home/arch_design_predict/download-github-repos/mvp/repos/MVPSimpleExample-master/app/src/main/java/com/example/nicolas/mvpsimpleexample/Presenter/MainPresenter.java,com.example.nicolas.mvpsimpleexample.Presenter.MainPresenter$View,updateUserInfoTextView/1[java.lang.String],false,34,0,2,2,0,1,0,1,0,0,1,0,0,0,0,0,0,0,0,0,0,0,0,0,0,0,6,0,0,false
/home/arch_design_predict/download-github-repos/mvp/repos/MVPSimpleExample-master/app/src/main/java/com/example/nicolas/mvpsimpleexample/Presenter/MainPresenter.java,com.example.nicolas.mvpsimpleexample.Presenter.MainPresenter,updateEmail/1[java.lang.String],false,27,2,4,1,3,1,3,4,0,0,1,3,0,0,0,0,0,0,0,0,0,0,0,0,0,0,3,1,0,false
/home/arch_design_predict/download-github-repos/mvp/repos/MVPSimpleExample-master/app/src/main/java/com/example/nicolas/mvpsimpleexample/Presenter/MainPresenter.java,com.example.nicolas.mvpsimpleexample.Presenter.MainPresenter,MainPresenter/1[com.example.nicolas.mvpsimpleexample.Presenter.MainPresenter.View],true,15,2,2,1,1,1,0,4,0,0,1,0,0,0,0,0,0,0,0,0,2,0,0,0,0,0,6,1,0,false
/home/arch_design_predict/download-github-repos/mvp/repos/MVPSimpleExample-master/app/src/main/java/com/example/nicolas/mvpsimpleexample/Presenter/MainPresenter.java,com.example.nicolas.mvpsimpleexample.Presenter.MainPresenter,updateFullName/1[java.lang.String],false,21,2,4,1,3,1,3,4,0,0,1,3,0,0,0,0,0,0,0,0,0,0,0,0,0,0,4,1,0,false
