file,class,method,variable,usage
/home/arch_design_predict/download-github-repos/mvp/repos/AndroidMVPDemoX-master/app/src/main/java/zt/qf/com/androidmvpdemo/activity/main/MainActivity.java,zt.qf.com.androidmvpdemo.activity.main.MainActivity,onCreate/1[zt.qf.com.androidmvpdemo.activity.main.Bundle],adapter,2
/home/arch_design_predict/download-github-repos/mvp/repos/AndroidMVPDemoX-master/app/src/main/java/zt/qf/com/androidmvpdemo/activity/main/MainActivity.java,zt.qf.com.androidmvpdemo.activity.main.MainActivity,onCreate/1[zt.qf.com.androidmvpdemo.activity.main.Bundle],listView,3
/home/arch_design_predict/download-github-repos/mvp/repos/AndroidMVPDemoX-master/app/src/main/java/zt/qf/com/androidmvpdemo/activity/main/MainActivity.java,zt.qf.com.androidmvpdemo.activity.main.MainActivity,onCreate/1[zt.qf.com.androidmvpdemo.activity.main.Bundle],progressBar,1
/home/arch_design_predict/download-github-repos/mvp/repos/AndroidMVPDemoX-master/app/src/main/java/zt/qf/com/androidmvpdemo/activity/main/MainActivity.java,zt.qf.com.androidmvpdemo.activity.main.MainActivity,onCreate/1[zt.qf.com.androidmvpdemo.activity.main.Bundle],mainPresenter,1
/home/arch_design_predict/download-github-repos/mvp/repos/AndroidMVPDemoX-master/app/src/main/java/zt/qf/com/androidmvpdemo/activity/main/MainActivity.java,zt.qf.com.androidmvpdemo.activity.main.MainActivity,onResponse/1[zt.qf.com.androidmvpdemo.entity.QsTextEntity],adapter,1
/home/arch_design_predict/download-github-repos/mvp/repos/AndroidMVPDemoX-master/app/src/main/java/zt/qf/com/androidmvpdemo/activity/main/MainActivity.java,zt.qf.com.androidmvpdemo.activity.main.MainActivity,onResume/0,mainPresenter,1
/home/arch_design_predict/download-github-repos/mvp/repos/AndroidMVPDemoX-master/app/src/main/java/zt/qf/com/androidmvpdemo/activity/main/MainActivity.java,zt.qf.com.androidmvpdemo.activity.main.MainActivity,hideProgress/0,listView,1
/home/arch_design_predict/download-github-repos/mvp/repos/AndroidMVPDemoX-master/app/src/main/java/zt/qf/com/androidmvpdemo/activity/main/MainActivity.java,zt.qf.com.androidmvpdemo.activity.main.MainActivity,hideProgress/0,progressBar,1
/home/arch_design_predict/download-github-repos/mvp/repos/AndroidMVPDemoX-master/app/src/main/java/zt/qf/com/androidmvpdemo/activity/main/MainActivity.java,zt.qf.com.androidmvpdemo.activity.main.MainActivity,showProgress/0,listView,1
/home/arch_design_predict/download-github-repos/mvp/repos/AndroidMVPDemoX-master/app/src/main/java/zt/qf/com/androidmvpdemo/activity/main/MainActivity.java,zt.qf.com.androidmvpdemo.activity.main.MainActivity,showProgress/0,progressBar,1
/home/arch_design_predict/download-github-repos/mvp/repos/AndroidMVPDemoX-master/app/src/main/java/zt/qf/com/androidmvpdemo/activity/main/MainActivity.java,zt.qf.com.androidmvpdemo.activity.main.MainActivity,"onItemClick/4[zt.qf.com.androidmvpdemo.activity.main.AdapterView<?>,zt.qf.com.androidmvpdemo.activity.main.View,int,long]",mainPresenter,1
/home/arch_design_predict/download-github-repos/mvp/repos/AndroidMVPDemoX-master/app/src/main/java/zt/qf/com/androidmvpdemo/activity/main/MainActivity.java,zt.qf.com.androidmvpdemo.activity.main.MainActivity,onDestroy/0,mainPresenter,1
/home/arch_design_predict/download-github-repos/mvp/repos/AndroidMVPDemoX-master/app/src/main/java/zt/qf/com/androidmvpdemo/activity/main/impl/MainPresenterImpl.java,zt.qf.com.androidmvpdemo.activity.main.impl.MainPresenterImpl,onResume/0,mainModel,1
/home/arch_design_predict/download-github-repos/mvp/repos/AndroidMVPDemoX-master/app/src/main/java/zt/qf/com/androidmvpdemo/activity/main/impl/MainPresenterImpl.java,zt.qf.com.androidmvpdemo.activity.main.impl.MainPresenterImpl,onResume/0,mainView,1
/home/arch_design_predict/download-github-repos/mvp/repos/AndroidMVPDemoX-master/app/src/main/java/zt/qf/com/androidmvpdemo/activity/main/impl/MainPresenterImpl.java,zt.qf.com.androidmvpdemo.activity.main.impl.MainPresenterImpl,onResponse/1[zt.qf.com.androidmvpdemo.entity.QsTextEntity],mainView,1
/home/arch_design_predict/download-github-repos/mvp/repos/AndroidMVPDemoX-master/app/src/main/java/zt/qf/com/androidmvpdemo/activity/main/impl/MainPresenterImpl.java,zt.qf.com.androidmvpdemo.activity.main.impl.MainPresenterImpl,destory/0,mainModel,1
/home/arch_design_predict/download-github-repos/mvp/repos/AndroidMVPDemoX-master/app/src/main/java/zt/qf/com/androidmvpdemo/activity/main/impl/MainPresenterImpl.java,zt.qf.com.androidmvpdemo.activity.main.impl.MainPresenterImpl,onItemClick/1[int],mainView,1
/home/arch_design_predict/download-github-repos/mvp/repos/AndroidMVPDemoX-master/app/src/main/java/zt/qf/com/androidmvpdemo/activity/main/impl/MainModelImpl.java,zt.qf.com.androidmvpdemo.activity.main.impl.MainModelImpl,MainModelImpl/1[zt.qf.com.androidmvpdemo.activity.main.MainPresenter],mainPresenter,3
/home/arch_design_predict/download-github-repos/mvp/repos/AndroidMVPDemoX-master/app/src/main/java/zt/qf/com/androidmvpdemo/MyApp.java,zt.qf.com.androidmvpdemo.MyApp,getApp/0,app,1
/home/arch_design_predict/download-github-repos/mvp/repos/AndroidMVPDemoX-master/app/src/main/java/zt/qf/com/androidmvpdemo/MyApp.java,zt.qf.com.androidmvpdemo.MyApp,onCreate/0,app,1
/home/arch_design_predict/download-github-repos/mvp/repos/AndroidMVPDemoX-master/app/src/main/java/zt/qf/com/androidmvpdemo/MyApp.java,zt.qf.com.androidmvpdemo.MyApp,initVolley/0,requestQueue,1
/home/arch_design_predict/download-github-repos/mvp/repos/AndroidMVPDemoX-master/app/src/main/java/zt/qf/com/androidmvpdemo/MyApp.java,zt.qf.com.androidmvpdemo.MyApp,getRequestQueue/0,requestQueue,1
/home/arch_design_predict/download-github-repos/mvp/repos/AndroidMVPDemoX-master/app/src/main/java/zt/qf/com/androidmvpdemo/adapter/QsTextAdapter.java,zt.qf.com.androidmvpdemo.adapter.QsTextAdapter,"getView/3[int,zt.qf.com.androidmvpdemo.adapter.View,zt.qf.com.androidmvpdemo.adapter.ViewGroup]",context,1
/home/arch_design_predict/download-github-repos/mvp/repos/AndroidMVPDemoX-master/app/src/main/java/zt/qf/com/androidmvpdemo/adapter/QsTextAdapter.java,zt.qf.com.androidmvpdemo.adapter.QsTextAdapter,QsTextAdapter/1[zt.qf.com.androidmvpdemo.adapter.Context],context,4
/home/arch_design_predict/download-github-repos/mvp/repos/AndroidMVPDemoX-master/app/src/main/java/zt/qf/com/androidmvpdemo/entity/QsTextEntity.java,zt.qf.com.androidmvpdemo.entity.QsTextEntity$ItemsBean,getShare_count/0,share_count,1
/home/arch_design_predict/download-github-repos/mvp/repos/AndroidMVPDemoX-master/app/src/main/java/zt/qf/com/androidmvpdemo/entity/QsTextEntity.java,zt.qf.com.androidmvpdemo.entity.QsTextEntity$ItemsBean,setImage_size/1[java.lang.Object],image_size,3
/home/arch_design_predict/download-github-repos/mvp/repos/AndroidMVPDemoX-master/app/src/main/java/zt/qf/com/androidmvpdemo/entity/QsTextEntity.java,zt.qf.com.androidmvpdemo.entity.QsTextEntity$ItemsBean,setAllow_comment/1[boolean],allow_comment,3
/home/arch_design_predict/download-github-repos/mvp/repos/AndroidMVPDemoX-master/app/src/main/java/zt/qf/com/androidmvpdemo/entity/QsTextEntity.java,zt.qf.com.androidmvpdemo.entity.QsTextEntity$ItemsBean,setId/1[int],id,3
/home/arch_design_predict/download-github-repos/mvp/repos/AndroidMVPDemoX-master/app/src/main/java/zt/qf/com/androidmvpdemo/entity/QsTextEntity.java,zt.qf.com.androidmvpdemo.entity.QsTextEntity$ItemsBean,getComments_count/0,comments_count,1
/home/arch_design_predict/download-github-repos/mvp/repos/AndroidMVPDemoX-master/app/src/main/java/zt/qf/com/androidmvpdemo/entity/QsTextEntity.java,zt.qf.com.androidmvpdemo.entity.QsTextEntity$ItemsBean,setPublished_at/1[int],published_at,3
/home/arch_design_predict/download-github-repos/mvp/repos/AndroidMVPDemoX-master/app/src/main/java/zt/qf/com/androidmvpdemo/entity/QsTextEntity.java,zt.qf.com.androidmvpdemo.entity.QsTextEntity$ItemsBean,getFormat/0,format,1
/home/arch_design_predict/download-github-repos/mvp/repos/AndroidMVPDemoX-master/app/src/main/java/zt/qf/com/androidmvpdemo/entity/QsTextEntity.java,zt.qf.com.androidmvpdemo.entity.QsTextEntity$ItemsBean,setShare_count/1[int],share_count,3
/home/arch_design_predict/download-github-repos/mvp/repos/AndroidMVPDemoX-master/app/src/main/java/zt/qf/com/androidmvpdemo/entity/QsTextEntity.java,zt.qf.com.androidmvpdemo.entity.QsTextEntity$ItemsBean,setVotes/1[zt.qf.com.androidmvpdemo.entity.QsTextEntity.ItemsBean.VotesBean],votes,3
/home/arch_design_predict/download-github-repos/mvp/repos/AndroidMVPDemoX-master/app/src/main/java/zt/qf/com/androidmvpdemo/entity/QsTextEntity.java,zt.qf.com.androidmvpdemo.entity.QsTextEntity$ItemsBean,getImage/0,image,1
/home/arch_design_predict/download-github-repos/mvp/repos/AndroidMVPDemoX-master/app/src/main/java/zt/qf/com/androidmvpdemo/entity/QsTextEntity.java,zt.qf.com.androidmvpdemo.entity.QsTextEntity$ItemsBean,setUser/1[zt.qf.com.androidmvpdemo.entity.QsTextEntity.ItemsBean.UserBean],user,3
/home/arch_design_predict/download-github-repos/mvp/repos/AndroidMVPDemoX-master/app/src/main/java/zt/qf/com/androidmvpdemo/entity/QsTextEntity.java,zt.qf.com.androidmvpdemo.entity.QsTextEntity$ItemsBean,setImage/1[java.lang.Object],image,3
/home/arch_design_predict/download-github-repos/mvp/repos/AndroidMVPDemoX-master/app/src/main/java/zt/qf/com/androidmvpdemo/entity/QsTextEntity.java,zt.qf.com.androidmvpdemo.entity.QsTextEntity$ItemsBean,setContent/1[java.lang.String],content,3
/home/arch_design_predict/download-github-repos/mvp/repos/AndroidMVPDemoX-master/app/src/main/java/zt/qf/com/androidmvpdemo/entity/QsTextEntity.java,zt.qf.com.androidmvpdemo.entity.QsTextEntity$ItemsBean,getContent/0,content,1
/home/arch_design_predict/download-github-repos/mvp/repos/AndroidMVPDemoX-master/app/src/main/java/zt/qf/com/androidmvpdemo/entity/QsTextEntity.java,zt.qf.com.androidmvpdemo.entity.QsTextEntity$ItemsBean,setFormat/1[java.lang.String],format,3
/home/arch_design_predict/download-github-repos/mvp/repos/AndroidMVPDemoX-master/app/src/main/java/zt/qf/com/androidmvpdemo/entity/QsTextEntity.java,zt.qf.com.androidmvpdemo.entity.QsTextEntity$ItemsBean,getImage_size/0,image_size,1
/home/arch_design_predict/download-github-repos/mvp/repos/AndroidMVPDemoX-master/app/src/main/java/zt/qf/com/androidmvpdemo/entity/QsTextEntity.java,zt.qf.com.androidmvpdemo.entity.QsTextEntity$ItemsBean,setState/1[java.lang.String],state,3
/home/arch_design_predict/download-github-repos/mvp/repos/AndroidMVPDemoX-master/app/src/main/java/zt/qf/com/androidmvpdemo/entity/QsTextEntity.java,zt.qf.com.androidmvpdemo.entity.QsTextEntity$ItemsBean,getPublished_at/0,published_at,1
/home/arch_design_predict/download-github-repos/mvp/repos/AndroidMVPDemoX-master/app/src/main/java/zt/qf/com/androidmvpdemo/entity/QsTextEntity.java,zt.qf.com.androidmvpdemo.entity.QsTextEntity$ItemsBean,getVotes/0,votes,1
/home/arch_design_predict/download-github-repos/mvp/repos/AndroidMVPDemoX-master/app/src/main/java/zt/qf/com/androidmvpdemo/entity/QsTextEntity.java,zt.qf.com.androidmvpdemo.entity.QsTextEntity$ItemsBean,getId/0,id,1
/home/arch_design_predict/download-github-repos/mvp/repos/AndroidMVPDemoX-master/app/src/main/java/zt/qf/com/androidmvpdemo/entity/QsTextEntity.java,zt.qf.com.androidmvpdemo.entity.QsTextEntity$ItemsBean,setComments_count/1[int],comments_count,3
/home/arch_design_predict/download-github-repos/mvp/repos/AndroidMVPDemoX-master/app/src/main/java/zt/qf/com/androidmvpdemo/entity/QsTextEntity.java,zt.qf.com.androidmvpdemo.entity.QsTextEntity$ItemsBean,setTag/1[java.lang.String],tag,3
/home/arch_design_predict/download-github-repos/mvp/repos/AndroidMVPDemoX-master/app/src/main/java/zt/qf/com/androidmvpdemo/entity/QsTextEntity.java,zt.qf.com.androidmvpdemo.entity.QsTextEntity$ItemsBean,isAllow_comment/0,allow_comment,1
/home/arch_design_predict/download-github-repos/mvp/repos/AndroidMVPDemoX-master/app/src/main/java/zt/qf/com/androidmvpdemo/entity/QsTextEntity.java,zt.qf.com.androidmvpdemo.entity.QsTextEntity$ItemsBean,getState/0,state,1
/home/arch_design_predict/download-github-repos/mvp/repos/AndroidMVPDemoX-master/app/src/main/java/zt/qf/com/androidmvpdemo/entity/QsTextEntity.java,zt.qf.com.androidmvpdemo.entity.QsTextEntity$ItemsBean,setCreated_at/1[int],created_at,3
/home/arch_design_predict/download-github-repos/mvp/repos/AndroidMVPDemoX-master/app/src/main/java/zt/qf/com/androidmvpdemo/entity/QsTextEntity.java,zt.qf.com.androidmvpdemo.entity.QsTextEntity$ItemsBean,getUser/0,user,1
/home/arch_design_predict/download-github-repos/mvp/repos/AndroidMVPDemoX-master/app/src/main/java/zt/qf/com/androidmvpdemo/entity/QsTextEntity.java,zt.qf.com.androidmvpdemo.entity.QsTextEntity$ItemsBean,getCreated_at/0,created_at,1
/home/arch_design_predict/download-github-repos/mvp/repos/AndroidMVPDemoX-master/app/src/main/java/zt/qf/com/androidmvpdemo/entity/QsTextEntity.java,zt.qf.com.androidmvpdemo.entity.QsTextEntity$ItemsBean,getTag/0,tag,1
/home/arch_design_predict/download-github-repos/mvp/repos/AndroidMVPDemoX-master/app/src/main/java/zt/qf/com/androidmvpdemo/entity/QsTextEntity.java,zt.qf.com.androidmvpdemo.entity.QsTextEntity$ItemsBean$UserBean,setLast_visited_at/1[int],last_visited_at,3
/home/arch_design_predict/download-github-repos/mvp/repos/AndroidMVPDemoX-master/app/src/main/java/zt/qf/com/androidmvpdemo/entity/QsTextEntity.java,zt.qf.com.androidmvpdemo.entity.QsTextEntity$ItemsBean$UserBean,getRole/0,role,1
/home/arch_design_predict/download-github-repos/mvp/repos/AndroidMVPDemoX-master/app/src/main/java/zt/qf/com/androidmvpdemo/entity/QsTextEntity.java,zt.qf.com.androidmvpdemo.entity.QsTextEntity$ItemsBean$UserBean,setUid/1[int],uid,3
/home/arch_design_predict/download-github-repos/mvp/repos/AndroidMVPDemoX-master/app/src/main/java/zt/qf/com/androidmvpdemo/entity/QsTextEntity.java,zt.qf.com.androidmvpdemo.entity.QsTextEntity$ItemsBean$UserBean,setCreated_at/1[int],created_at,3
/home/arch_design_predict/download-github-repos/mvp/repos/AndroidMVPDemoX-master/app/src/main/java/zt/qf/com/androidmvpdemo/entity/QsTextEntity.java,zt.qf.com.androidmvpdemo.entity.QsTextEntity$ItemsBean$UserBean,getLast_device/0,last_device,1
/home/arch_design_predict/download-github-repos/mvp/repos/AndroidMVPDemoX-master/app/src/main/java/zt/qf/com/androidmvpdemo/entity/QsTextEntity.java,zt.qf.com.androidmvpdemo.entity.QsTextEntity$ItemsBean$UserBean,setLast_device/1[java.lang.String],last_device,3
/home/arch_design_predict/download-github-repos/mvp/repos/AndroidMVPDemoX-master/app/src/main/java/zt/qf/com/androidmvpdemo/entity/QsTextEntity.java,zt.qf.com.androidmvpdemo.entity.QsTextEntity$ItemsBean$UserBean,getIcon/0,icon,1
/home/arch_design_predict/download-github-repos/mvp/repos/AndroidMVPDemoX-master/app/src/main/java/zt/qf/com/androidmvpdemo/entity/QsTextEntity.java,zt.qf.com.androidmvpdemo.entity.QsTextEntity$ItemsBean$UserBean,setRole/1[java.lang.String],role,3
/home/arch_design_predict/download-github-repos/mvp/repos/AndroidMVPDemoX-master/app/src/main/java/zt/qf/com/androidmvpdemo/entity/QsTextEntity.java,zt.qf.com.androidmvpdemo.entity.QsTextEntity$ItemsBean$UserBean,getAvatar_updated_at/0,avatar_updated_at,1
/home/arch_design_predict/download-github-repos/mvp/repos/AndroidMVPDemoX-master/app/src/main/java/zt/qf/com/androidmvpdemo/entity/QsTextEntity.java,zt.qf.com.androidmvpdemo.entity.QsTextEntity$ItemsBean$UserBean,setIcon/1[java.lang.String],icon,3
/home/arch_design_predict/download-github-repos/mvp/repos/AndroidMVPDemoX-master/app/src/main/java/zt/qf/com/androidmvpdemo/entity/QsTextEntity.java,zt.qf.com.androidmvpdemo.entity.QsTextEntity$ItemsBean$UserBean,getUid/0,uid,1
/home/arch_design_predict/download-github-repos/mvp/repos/AndroidMVPDemoX-master/app/src/main/java/zt/qf/com/androidmvpdemo/entity/QsTextEntity.java,zt.qf.com.androidmvpdemo.entity.QsTextEntity$ItemsBean$UserBean,getLogin/0,login,1
/home/arch_design_predict/download-github-repos/mvp/repos/AndroidMVPDemoX-master/app/src/main/java/zt/qf/com/androidmvpdemo/entity/QsTextEntity.java,zt.qf.com.androidmvpdemo.entity.QsTextEntity$ItemsBean$UserBean,getState/0,state,1
/home/arch_design_predict/download-github-repos/mvp/repos/AndroidMVPDemoX-master/app/src/main/java/zt/qf/com/androidmvpdemo/entity/QsTextEntity.java,zt.qf.com.androidmvpdemo.entity.QsTextEntity$ItemsBean$UserBean,setLogin/1[java.lang.String],login,3
/home/arch_design_predict/download-github-repos/mvp/repos/AndroidMVPDemoX-master/app/src/main/java/zt/qf/com/androidmvpdemo/entity/QsTextEntity.java,zt.qf.com.androidmvpdemo.entity.QsTextEntity$ItemsBean$UserBean,getCreated_at/0,created_at,1
/home/arch_design_predict/download-github-repos/mvp/repos/AndroidMVPDemoX-master/app/src/main/java/zt/qf/com/androidmvpdemo/entity/QsTextEntity.java,zt.qf.com.androidmvpdemo.entity.QsTextEntity$ItemsBean$UserBean,setId/1[int],id,3
/home/arch_design_predict/download-github-repos/mvp/repos/AndroidMVPDemoX-master/app/src/main/java/zt/qf/com/androidmvpdemo/entity/QsTextEntity.java,zt.qf.com.androidmvpdemo.entity.QsTextEntity$ItemsBean$UserBean,getId/0,id,1
/home/arch_design_predict/download-github-repos/mvp/repos/AndroidMVPDemoX-master/app/src/main/java/zt/qf/com/androidmvpdemo/entity/QsTextEntity.java,zt.qf.com.androidmvpdemo.entity.QsTextEntity$ItemsBean$UserBean,getLast_visited_at/0,last_visited_at,1
/home/arch_design_predict/download-github-repos/mvp/repos/AndroidMVPDemoX-master/app/src/main/java/zt/qf/com/androidmvpdemo/entity/QsTextEntity.java,zt.qf.com.androidmvpdemo.entity.QsTextEntity$ItemsBean$UserBean,setState/1[java.lang.String],state,3
/home/arch_design_predict/download-github-repos/mvp/repos/AndroidMVPDemoX-master/app/src/main/java/zt/qf/com/androidmvpdemo/entity/QsTextEntity.java,zt.qf.com.androidmvpdemo.entity.QsTextEntity$ItemsBean$UserBean,setAvatar_updated_at/1[int],avatar_updated_at,3
/home/arch_design_predict/download-github-repos/mvp/repos/AndroidMVPDemoX-master/app/src/main/java/zt/qf/com/androidmvpdemo/adapter/QsTextAdapter.java,zt.qf.com.androidmvpdemo.adapter.QsTextAdapter$ViewHolder,ViewHolder/1[zt.qf.com.androidmvpdemo.adapter.View],thumb,1
/home/arch_design_predict/download-github-repos/mvp/repos/AndroidMVPDemoX-master/app/src/main/java/zt/qf/com/androidmvpdemo/adapter/QsTextAdapter.java,zt.qf.com.androidmvpdemo.adapter.QsTextAdapter$ViewHolder,ViewHolder/1[zt.qf.com.androidmvpdemo.adapter.View],loginName,1
/home/arch_design_predict/download-github-repos/mvp/repos/AndroidMVPDemoX-master/app/src/main/java/zt/qf/com/androidmvpdemo/adapter/QsTextAdapter.java,zt.qf.com.androidmvpdemo.adapter.QsTextAdapter$ViewHolder,ViewHolder/1[zt.qf.com.androidmvpdemo.adapter.View],content,1
/home/arch_design_predict/download-github-repos/mvp/repos/AndroidMVPDemoX-master/app/src/main/java/zt/qf/com/androidmvpdemo/entity/QsTextEntity.java,zt.qf.com.androidmvpdemo.entity.QsTextEntity,setRefresh/1[int],refresh,3
/home/arch_design_predict/download-github-repos/mvp/repos/AndroidMVPDemoX-master/app/src/main/java/zt/qf/com/androidmvpdemo/entity/QsTextEntity.java,zt.qf.com.androidmvpdemo.entity.QsTextEntity,setItems/1[java.util.List<zt.qf.com.androidmvpdemo.entity.QsTextEntity.ItemsBean>],items,3
/home/arch_design_predict/download-github-repos/mvp/repos/AndroidMVPDemoX-master/app/src/main/java/zt/qf/com/androidmvpdemo/entity/QsTextEntity.java,zt.qf.com.androidmvpdemo.entity.QsTextEntity,setErr/1[int],err,3
/home/arch_design_predict/download-github-repos/mvp/repos/AndroidMVPDemoX-master/app/src/main/java/zt/qf/com/androidmvpdemo/entity/QsTextEntity.java,zt.qf.com.androidmvpdemo.entity.QsTextEntity,setPage/1[int],page,3
/home/arch_design_predict/download-github-repos/mvp/repos/AndroidMVPDemoX-master/app/src/main/java/zt/qf/com/androidmvpdemo/entity/QsTextEntity.java,zt.qf.com.androidmvpdemo.entity.QsTextEntity,setTotal/1[int],total,3
/home/arch_design_predict/download-github-repos/mvp/repos/AndroidMVPDemoX-master/app/src/main/java/zt/qf/com/androidmvpdemo/entity/QsTextEntity.java,zt.qf.com.androidmvpdemo.entity.QsTextEntity,getRefresh/0,refresh,1
/home/arch_design_predict/download-github-repos/mvp/repos/AndroidMVPDemoX-master/app/src/main/java/zt/qf/com/androidmvpdemo/entity/QsTextEntity.java,zt.qf.com.androidmvpdemo.entity.QsTextEntity,getPage/0,page,1
/home/arch_design_predict/download-github-repos/mvp/repos/AndroidMVPDemoX-master/app/src/main/java/zt/qf/com/androidmvpdemo/entity/QsTextEntity.java,zt.qf.com.androidmvpdemo.entity.QsTextEntity,getTotal/0,total,1
/home/arch_design_predict/download-github-repos/mvp/repos/AndroidMVPDemoX-master/app/src/main/java/zt/qf/com/androidmvpdemo/entity/QsTextEntity.java,zt.qf.com.androidmvpdemo.entity.QsTextEntity,setCount/1[int],count,3
/home/arch_design_predict/download-github-repos/mvp/repos/AndroidMVPDemoX-master/app/src/main/java/zt/qf/com/androidmvpdemo/entity/QsTextEntity.java,zt.qf.com.androidmvpdemo.entity.QsTextEntity,getCount/0,count,1
/home/arch_design_predict/download-github-repos/mvp/repos/AndroidMVPDemoX-master/app/src/main/java/zt/qf/com/androidmvpdemo/entity/QsTextEntity.java,zt.qf.com.androidmvpdemo.entity.QsTextEntity,getErr/0,err,1
/home/arch_design_predict/download-github-repos/mvp/repos/AndroidMVPDemoX-master/app/src/main/java/zt/qf/com/androidmvpdemo/entity/QsTextEntity.java,zt.qf.com.androidmvpdemo.entity.QsTextEntity,getItems/0,items,1
/home/arch_design_predict/download-github-repos/mvp/repos/AndroidMVPDemoX-master/app/src/main/java/zt/qf/com/androidmvpdemo/adapter/MBaseAdapter.java,zt.qf.com.androidmvpdemo.adapter.MBaseAdapter,addAll/1[java.util.List<T>],datas,1
/home/arch_design_predict/download-github-repos/mvp/repos/AndroidMVPDemoX-master/app/src/main/java/zt/qf/com/androidmvpdemo/adapter/MBaseAdapter.java,zt.qf.com.androidmvpdemo.adapter.MBaseAdapter,getInflater/0,inflater,1
/home/arch_design_predict/download-github-repos/mvp/repos/AndroidMVPDemoX-master/app/src/main/java/zt/qf/com/androidmvpdemo/adapter/MBaseAdapter.java,zt.qf.com.androidmvpdemo.adapter.MBaseAdapter,getItem/1[int],datas,1
/home/arch_design_predict/download-github-repos/mvp/repos/AndroidMVPDemoX-master/app/src/main/java/zt/qf/com/androidmvpdemo/adapter/MBaseAdapter.java,zt.qf.com.androidmvpdemo.adapter.MBaseAdapter,clear/0,datas,1
/home/arch_design_predict/download-github-repos/mvp/repos/AndroidMVPDemoX-master/app/src/main/java/zt/qf/com/androidmvpdemo/adapter/MBaseAdapter.java,zt.qf.com.androidmvpdemo.adapter.MBaseAdapter,getCount/0,datas,1
/home/arch_design_predict/download-github-repos/mvp/repos/AndroidMVPDemoX-master/app/src/main/java/zt/qf/com/androidmvpdemo/adapter/MBaseAdapter.java,zt.qf.com.androidmvpdemo.adapter.MBaseAdapter,MBaseAdapter/1[zt.qf.com.androidmvpdemo.adapter.Context],datas,1
/home/arch_design_predict/download-github-repos/mvp/repos/AndroidMVPDemoX-master/app/src/main/java/zt/qf/com/androidmvpdemo/adapter/MBaseAdapter.java,zt.qf.com.androidmvpdemo.adapter.MBaseAdapter,MBaseAdapter/1[zt.qf.com.androidmvpdemo.adapter.Context],inflater,1
/home/arch_design_predict/download-github-repos/mvp/repos/AndroidMVPDemoX-master/app/src/main/java/zt/qf/com/androidmvpdemo/entity/QsTextEntity.java,zt.qf.com.androidmvpdemo.entity.QsTextEntity$ItemsBean$VotesBean,setDown/1[int],down,3
/home/arch_design_predict/download-github-repos/mvp/repos/AndroidMVPDemoX-master/app/src/main/java/zt/qf/com/androidmvpdemo/entity/QsTextEntity.java,zt.qf.com.androidmvpdemo.entity.QsTextEntity$ItemsBean$VotesBean,setUp/1[int],up,3
/home/arch_design_predict/download-github-repos/mvp/repos/AndroidMVPDemoX-master/app/src/main/java/zt/qf/com/androidmvpdemo/entity/QsTextEntity.java,zt.qf.com.androidmvpdemo.entity.QsTextEntity$ItemsBean$VotesBean,getDown/0,down,1
/home/arch_design_predict/download-github-repos/mvp/repos/AndroidMVPDemoX-master/app/src/main/java/zt/qf/com/androidmvpdemo/entity/QsTextEntity.java,zt.qf.com.androidmvpdemo.entity.QsTextEntity$ItemsBean$VotesBean,getUp/0,up,1
