file,class,type,cbo,cboModified,fanin,fanout,wmc,dit,noc,rfc,lcom,lcom*,tcc,lcc,totalMethodsQty,staticMethodsQty,publicMethodsQty,privateMethodsQty,protectedMethodsQty,defaultMethodsQty,visibleMethodsQty,abstractMethodsQty,finalMethodsQty,synchronizedMethodsQty,totalFieldsQty,staticFieldsQty,publicFieldsQty,privateFieldsQty,protectedFieldsQty,defaultFieldsQty,finalFieldsQty,synchronizedFieldsQty,nosi,loc,returnQty,loopQty,comparisonsQty,tryCatchQty,parenthesizedExpsQty,stringLiteralsQty,numbersQty,assignmentsQty,mathOperationsQty,variablesQty,maxNestedBlocksQty,anonymousClassesQty,innerClassesQty,lambdasQty,uniqueWordsQty,modifiers,logStatementsQty
/home/arch_design_predict/download-github-repos/mvvm/repos/SingleLiner-master/app/src/main/java/com/bdvisual/singleliner/di/AppModule.java,com.bdvisual.singleliner.di.AppModule,class,1,2,1,1,0,1,0,0,0,0.0,-1.0,-1.0,0,0,0,0,0,0,0,0,0,0,0,0,0,0,0,0,0,0,0,2,0,0,0,0,0,0,0,0,0,0,0,0,0,0,3,0,0
/home/arch_design_predict/download-github-repos/mvvm/repos/SingleLiner-master/app/src/test/java/com/bdvisual/singleliner/ExampleUnitTest.java,com.bdvisual.singleliner.ExampleUnitTest,class,1,1,0,1,1,1,0,1,0,0.0,NaN,NaN,1,0,1,0,0,0,1,0,0,0,0,0,0,0,0,0,0,0,0,5,0,0,0,0,0,0,3,0,1,0,0,0,0,0,23,1,0
/home/arch_design_predict/download-github-repos/mvvm/repos/SingleLiner-master/app/src/main/java/com/bdvisual/singleliner/ui/main/MainActivity.java,com.bdvisual.singleliner.ui.main.MainActivity,class,10,12,2,10,3,2,0,4,3,0.6666667,0.0,0.0,3,0,2,0,1,0,3,0,0,0,3,0,0,1,0,2,1,0,0,17,2,0,0,0,0,0,0,1,0,3,0,0,0,0,24,1,0
/home/arch_design_predict/download-github-repos/mvvm/repos/SingleLiner-master/app/src/main/java/com/bdvisual/singleliner/di/ViewModelModule.java,com.bdvisual.singleliner.di.ViewModelModule,class,7,7,0,7,2,1,0,0,1,0.0,0.0,0.0,2,0,0,0,0,2,2,2,0,0,0,0,0,0,0,0,0,0,0,4,0,0,0,0,0,0,0,0,0,0,0,0,0,0,9,1024,0
/home/arch_design_predict/download-github-repos/mvvm/repos/SingleLiner-master/app/src/main/java/com/bdvisual/singleliner/di/MainActivityModule.java,com.bdvisual.singleliner.di.MainActivityModule,class,3,4,1,3,1,1,0,0,0,0.0,NaN,NaN,1,0,0,0,0,1,1,1,0,0,0,0,0,0,0,0,0,0,0,3,0,0,0,0,0,0,0,0,0,0,0,0,0,0,5,1025,0
/home/arch_design_predict/download-github-repos/mvvm/repos/SingleLiner-master/app/src/main/java/com/bdvisual/singleliner/di/AppComponent.java,com.bdvisual.singleliner.di.AppComponent$Builder,interface,5,5,0,5,2,1,0,0,1,0.0,0.0,0.0,2,0,0,0,0,2,2,0,0,0,0,0,0,0,0,0,0,0,0,4,0,0,0,0,0,0,0,0,0,0,0,0,0,0,6,0,0
/home/arch_design_predict/download-github-repos/mvvm/repos/SingleLiner-master/app/src/androidTest/java/com/bdvisual/singleliner/ExampleInstrumentedTest.java,com.bdvisual.singleliner.ExampleInstrumentedTest,class,4,4,0,4,1,1,0,3,0,0.0,NaN,NaN,1,0,1,0,0,0,1,0,0,0,0,0,0,0,0,0,0,0,0,6,0,0,0,0,0,1,0,1,0,1,0,0,0,0,20,1,0
/home/arch_design_predict/download-github-repos/mvvm/repos/SingleLiner-master/app/src/main/java/com/bdvisual/singleliner/di/AppComponent.java,com.bdvisual.singleliner.di.AppComponent,interface,6,7,1,6,1,1,0,0,0,0.0,NaN,NaN,1,0,0,0,0,1,1,0,0,0,0,0,0,0,0,0,0,0,0,7,0,0,0,0,0,0,0,0,0,0,0,0,1,0,7,1,0
/home/arch_design_predict/download-github-repos/mvvm/repos/SingleLiner-master/app/src/main/java/com/bdvisual/singleliner/ui/main/MainFragment.java,com.bdvisual.singleliner.ui.main.MainFragment,class,11,13,2,11,3,2,0,9,1,0.5555556,0.33333334,0.33333334,3,0,3,0,0,0,3,0,0,0,3,0,0,2,0,1,0,0,0,19,1,0,0,0,0,0,0,2,0,4,0,0,0,0,24,1,0
/home/arch_design_predict/download-github-repos/mvvm/repos/SingleLiner-master/app/src/main/java/com/bdvisual/singleliner/ui/common/NavigationController.java,com.bdvisual.singleliner.ui.common.NavigationController,class,4,5,1,4,2,1,0,4,0,0.0,1.0,1.0,2,0,2,0,0,0,2,0,0,0,2,0,0,2,0,0,2,0,0,12,0,0,0,0,0,0,0,3,0,3,0,0,0,0,12,1,0
/home/arch_design_predict/download-github-repos/mvvm/repos/SingleLiner-master/app/src/main/java/com/bdvisual/singleliner/ui/main/MainFragmentViewModel.java,com.bdvisual.singleliner.ui.main.MainFragmentViewModel,class,3,5,2,3,2,3,0,2,1,0.0,0.0,0.0,2,0,2,0,0,0,2,0,0,0,0,0,0,0,0,0,0,0,0,8,1,0,0,0,0,0,0,0,0,0,0,0,0,0,9,1,0
/home/arch_design_predict/download-github-repos/mvvm/repos/SingleLiner-master/app/src/main/java/com/bdvisual/singleliner/di/BaseViewModel.java,com.bdvisual.singleliner.di.BaseViewModel,class,5,6,1,5,9,2,1,3,0,0.2,0.6,0.6,5,0,5,0,0,0,5,0,0,0,1,0,0,1,0,0,0,0,0,38,3,0,4,0,0,0,1,1,0,1,2,0,0,0,52,1,0
/home/arch_design_predict/download-github-repos/mvvm/repos/SingleLiner-master/app/src/main/java/com/bdvisual/singleliner/di/FragmentBuildersModule.java,com.bdvisual.singleliner.di.FragmentBuildersModule,class,2,3,1,2,1,1,0,0,0,0.0,NaN,NaN,1,0,0,0,0,1,1,1,0,0,0,0,0,0,0,0,0,0,0,3,0,0,0,0,0,0,0,0,0,0,0,0,0,0,5,1025,0
/home/arch_design_predict/download-github-repos/mvvm/repos/SingleLiner-master/app/src/main/java/com/bdvisual/singleliner/di/ViewModelFactory.java,com.bdvisual.singleliner.di.ViewModelFactory,class,5,6,1,5,7,1,0,5,0,0.0,1.0,1.0,2,0,2,0,0,0,2,0,0,0,1,0,0,1,0,0,1,0,0,26,1,1,2,1,0,2,0,3,1,2,3,0,0,0,16,1,0
/home/arch_design_predict/download-github-repos/mvvm/repos/SingleLiner-master/app/src/main/java/com/bdvisual/singleliner/MyApplication.java,com.bdvisual.singleliner.MyApplication,class,5,6,1,5,2,2,0,5,1,0.5,0.0,0.0,2,0,2,0,0,0,2,0,0,0,1,0,0,0,0,1,0,0,0,10,1,0,0,0,0,0,0,0,0,1,0,0,0,0,10,1,0
