file,class,method,constructor,line,cbo,cboModified,fanin,fanout,wmc,rfc,loc,returnsQty,variablesQty,parametersQty,methodsInvokedQty,methodsInvokedLocalQty,methodsInvokedIndirectLocalQty,loopQty,comparisonsQty,tryCatchQty,parenthesizedExpsQty,stringLiteralsQty,numbersQty,assignmentsQty,mathOperationsQty,maxNestedBlocksQty,anonymousClassesQty,innerClassesQty,lambdasQty,uniqueWordsQty,modifiers,logStatementsQty,hasJavaDoc
/home/arch_design_predict/download-github-repos/mvvm/repos/ade-step2-master/app/src/main/java/com/ade/step2/view/activity/BaseActivity.java,com.ade.step2.view.activity.BaseActivity$ApiResponseCallback,"loadResponse/2[boolean,com.ade.step2.model.api.ApiResponse]",false,21,1,0,0,0,1,0,1,0,0,2,0,0,0,0,0,0,0,0,0,0,0,0,0,0,0,3,0,0,false
/home/arch_design_predict/download-github-repos/mvvm/repos/ade-step2-master/app/src/main/java/com/ade/step2/viewmodel/SplashScreenVM.java,com.ade.step2.viewmodel.SplashScreenVM,"runSplashDelay/3[com.ade.step2.viewmodel.Activity,java.lang.Class,int]",false,14,2,2,1,1,1,1,9,0,0,3,1,0,0,0,0,0,0,0,0,0,0,0,1,0,0,9,1,0,false
/home/arch_design_predict/download-github-repos/mvvm/repos/ade-step2-master/app/src/main/java/com/ade/step2/data/cache/CacheDao.java,com.ade.step2.data.cache.CacheDao,updateCache/1[com.ade.step2.model.local.Cache],false,25,2,1,1,0,1,0,1,0,0,1,0,0,0,0,0,0,0,0,0,0,0,0,0,0,0,11,0,0,false
/home/arch_design_predict/download-github-repos/mvvm/repos/ade-step2-master/app/src/main/java/com/ade/step2/data/cache/CacheDao.java,com.ade.step2.data.cache.CacheDao,loadCacheById/1[int],false,19,2,2,2,0,1,0,1,0,0,1,0,0,0,0,0,0,0,1,0,0,0,0,0,0,0,7,0,0,false
/home/arch_design_predict/download-github-repos/mvvm/repos/ade-step2-master/app/src/main/java/com/ade/step2/data/cache/CacheDao.java,com.ade.step2.data.cache.CacheDao,insertCache/1[com.ade.step2.model.local.Cache],false,22,2,1,1,0,1,0,1,0,0,1,0,0,0,0,0,0,0,0,0,0,0,0,0,0,0,11,0,0,false
/home/arch_design_predict/download-github-repos/mvvm/repos/ade-step2-master/app/src/main/java/com/ade/step2/data/cache/AppDatabase.java,com.ade.step2.data.cache.AppDatabase,getDatabase/1[com.ade.step2.data.cache.Context],false,22,2,1,1,0,2,4,6,1,0,1,4,0,0,0,1,0,0,0,0,1,0,1,0,0,0,13,9,0,false
/home/arch_design_predict/download-github-repos/mvvm/repos/ade-step2-master/app/src/main/java/com/ade/step2/data/cache/AppDatabase.java,com.ade.step2.data.cache.AppDatabase,cacheDao/0,false,20,1,2,2,0,1,0,1,0,0,0,0,0,0,0,0,0,0,0,0,0,0,0,0,0,0,3,1025,0,false
/home/arch_design_predict/download-github-repos/mvvm/repos/ade-step2-master/app/src/main/java/com/ade/step2/data/cache/AppDatabase.java,com.ade.step2.data.cache.AppDatabase,destroyInstance/0,false,31,0,1,1,0,1,0,3,0,0,0,0,0,0,0,0,0,0,0,0,1,0,0,0,0,0,10,9,0,false
/home/arch_design_predict/download-github-repos/mvvm/repos/ade-step2-master/app/src/main/java/com/ade/step2/helper/AppUtility.java,com.ade.step2.helper.AppUtility$Anonymous2,"onClick/2[com.ade.step2.helper.DialogInterface,int]",false,125,1,0,0,0,2,1,5,0,0,2,1,0,0,0,1,0,0,0,0,0,0,1,0,0,0,8,1,0,false
/home/arch_design_predict/download-github-repos/mvvm/repos/ade-step2-master/app/src/main/java/com/ade/step2/view/activity/BaseActivity.java,com.ade.step2.view.activity.BaseActivity,onCreate/1[com.ade.step2.view.activity.Bundle],false,16,2,0,0,0,1,1,3,0,0,1,1,0,0,0,0,0,0,0,0,0,0,0,0,0,0,6,4,0,false
/home/arch_design_predict/download-github-repos/mvvm/repos/ade-step2-master/app/src/main/java/com/ade/step2/helper/AppUtility.java,com.ade.step2.helper.AppUtility$Anonymous1,"onClick/2[com.ade.step2.helper.DialogInterface,int]",false,114,1,0,0,0,1,1,3,0,0,2,1,0,0,0,0,0,0,0,0,0,0,0,0,0,0,5,1,0,false
/home/arch_design_predict/download-github-repos/mvvm/repos/ade-step2-master/app/src/main/java/com/ade/step2/data/api/ApiService.java,com.ade.step2.data.api.ApiService,loadProduct/0,false,13,3,1,1,0,1,0,1,0,0,0,0,0,0,0,0,0,0,1,0,0,0,0,0,0,0,2,0,0,false
/home/arch_design_predict/download-github-repos/mvvm/repos/ade-step2-master/app/src/main/java/com/ade/step2/data/api/GetProductList.java,com.ade.step2.data.api.GetProductList,"GetProductList/3[com.ade.step2.data.api.Activity,com.ade.step2.data.cache.AppDatabase,int]",true,29,6,3,1,2,1,2,31,0,1,3,2,0,0,0,0,0,0,0,0,5,0,0,1,0,0,28,4,0,false
/home/arch_design_predict/download-github-repos/mvvm/repos/ade-step2-master/app/src/main/java/com/ade/step2/data/api/GetProductList.java,com.ade.step2.data.api.GetProductList,loadCache/0,false,65,6,3,1,2,2,7,10,2,1,0,7,0,0,0,0,1,0,0,0,1,0,1,0,0,0,14,2,0,false
/home/arch_design_predict/download-github-repos/mvvm/repos/ade-step2-master/app/src/main/java/com/ade/step2/data/api/BaseApi.java,com.ade.step2.data.api.BaseApi,"onFinishRequest/2[boolean,com.ade.step2.model.api.ApiResponse]",false,50,1,2,2,0,1,0,1,0,0,2,0,0,0,0,0,0,0,0,0,0,0,0,0,0,0,4,1025,0,false
/home/arch_design_predict/download-github-repos/mvvm/repos/ade-step2-master/app/src/main/java/com/ade/step2/data/api/BaseApi.java,com.ade.step2.data.api.BaseApi,BaseApi/0,true,26,6,0,0,0,1,10,12,0,5,0,10,0,0,0,0,0,0,1,0,6,0,0,0,0,0,26,1,0,false
/home/arch_design_predict/download-github-repos/mvvm/repos/ade-step2-master/app/src/main/java/com/ade/step2/data/api/GetProductList.java,com.ade.step2.data.api.GetProductList$Anonymous1,"onFailure/2[com.ade.step2.data.api.Call<com.ade.step2.model.api.Product>,java.lang.Throwable]",false,51,4,2,0,2,2,5,11,0,1,2,5,0,0,0,1,0,0,1,0,1,0,1,0,0,0,13,1,0,false
/home/arch_design_predict/download-github-repos/mvvm/repos/ade-step2-master/app/src/main/java/com/ade/step2/data/api/GetProductList.java,com.ade.step2.data.api.GetProductList$Anonymous1,"onResponse/2[com.ade.step2.data.api.Call<com.ade.step2.model.api.Product>,com.ade.step2.data.api.Response<com.ade.step2.model.api.Product>]",false,39,3,1,0,1,2,4,10,0,0,2,4,0,0,0,0,1,0,0,0,0,0,1,0,0,0,8,1,0,false
/home/arch_design_predict/download-github-repos/mvvm/repos/ade-step2-master/app/src/main/java/com/ade/step2/view/adapter/ProductListAdapter.java,com.ade.step2.view.adapter.ProductListAdapter,ProductListAdapter/1[com.ade.step2.view.adapter.Context],true,27,2,1,1,0,1,0,4,0,0,1,0,0,0,0,0,0,0,0,0,2,0,0,0,0,0,5,1,0,false
/home/arch_design_predict/download-github-repos/mvvm/repos/ade-step2-master/app/src/main/java/com/ade/step2/view/adapter/ProductListAdapter.java,com.ade.step2.view.adapter.ProductListAdapter,setOnItemClickListener/1[AdapterView.OnItemClickListener],false,32,1,0,0,0,1,0,3,0,0,1,0,0,0,0,0,0,0,0,0,1,0,0,0,0,0,6,1,0,false
/home/arch_design_predict/download-github-repos/mvvm/repos/ade-step2-master/app/src/main/java/com/ade/step2/view/adapter/ProductListAdapter.java,com.ade.step2.view.adapter.ProductListAdapter,getData/0,false,36,1,1,1,0,1,0,3,1,0,0,0,0,0,0,0,0,0,0,0,0,0,0,0,0,0,3,1,0,false
/home/arch_design_predict/download-github-repos/mvvm/repos/ade-step2-master/app/src/main/java/com/ade/step2/view/adapter/ProductListAdapter.java,com.ade.step2.view.adapter.ProductListAdapter,getItemCount/0,false,66,0,0,0,0,1,1,3,1,0,0,1,0,0,0,0,0,0,0,0,0,0,0,0,0,0,3,1,0,false
/home/arch_design_predict/download-github-repos/mvvm/repos/ade-step2-master/app/src/main/java/com/ade/step2/view/adapter/ProductListAdapter.java,com.ade.step2.view.adapter.ProductListAdapter,"onBindViewHolder/2[com.ade.step2.view.adapter.ProductListAdapter.MyViewHolder,int]",false,50,3,1,0,1,1,12,10,0,2,2,12,0,0,0,0,0,0,2,1,4,0,0,0,0,0,9,1,0,false
/home/arch_design_predict/download-github-repos/mvvm/repos/ade-step2-master/app/src/main/java/com/ade/step2/view/adapter/ProductListAdapter.java,com.ade.step2.view.adapter.ProductListAdapter,"onCreateViewHolder/2[com.ade.step2.view.adapter.ViewGroup,int]",false,42,4,1,0,1,1,3,6,1,3,2,3,0,0,0,0,0,0,0,0,3,0,0,0,0,0,12,1,0,false
/home/arch_design_predict/download-github-repos/mvvm/repos/ade-step2-master/app/src/main/java/com/ade/step2/helper/AppUtility.java,com.ade.step2.helper.AppUtility,"getSizeAspecRatioWithInputHeight/3[int,int,int]",false,226,1,0,0,0,1,0,5,1,2,3,0,0,0,0,0,0,0,0,0,2,2,0,0,0,0,13,9,0,false
/home/arch_design_predict/download-github-repos/mvvm/repos/ade-step2-master/app/src/main/java/com/ade/step2/helper/AppUtility.java,com.ade.step2.helper.AppUtility,"getSizeAspecRatioWithInputWidth/3[int,int,int]",false,220,1,0,0,0,1,0,5,1,2,3,0,0,0,0,0,0,0,0,0,2,2,0,0,0,0,13,9,0,false
/home/arch_design_predict/download-github-repos/mvvm/repos/ade-step2-master/app/src/main/java/com/ade/step2/helper/AppUtility.java,com.ade.step2.helper.AppUtility,"pixelsToSp/2[com.ade.step2.helper.Context,java.lang.Float]",false,61,1,0,0,0,1,3,4,1,1,2,3,0,0,0,0,0,0,0,0,1,1,0,0,0,0,7,9,0,false
/home/arch_design_predict/download-github-repos/mvvm/repos/ade-step2-master/app/src/main/java/com/ade/step2/helper/AppUtility.java,com.ade.step2.helper.AppUtility,"showLoading/3[com.ade.step2.helper.ProgressDialog,com.ade.step2.helper.Activity,boolean]",false,102,3,1,0,1,1,1,3,1,0,3,1,1,1,0,0,0,0,2,0,0,0,0,0,0,0,5,9,0,false
/home/arch_design_predict/download-github-repos/mvvm/repos/ade-step2-master/app/src/main/java/com/ade/step2/helper/AppUtility.java,com.ade.step2.helper.AppUtility,getScreenSize/1[com.ade.step2.helper.Activity],false,166,5,0,0,0,2,5,13,1,3,1,5,0,0,0,0,0,0,0,2,5,0,1,0,0,0,12,9,0,false
/home/arch_design_predict/download-github-repos/mvvm/repos/ade-step2-master/app/src/main/java/com/ade/step2/helper/AppUtility.java,com.ade.step2.helper.AppUtility,"dpToPx/2[int,com.ade.step2.helper.Context]",false,79,2,0,0,0,1,2,4,1,1,2,2,0,0,0,0,0,2,0,1,1,2,0,0,0,0,7,9,0,false
/home/arch_design_predict/download-github-repos/mvvm/repos/ade-step2-master/app/src/main/java/com/ade/step2/helper/AppUtility.java,com.ade.step2.helper.AppUtility,"showLoading/3[com.ade.step2.helper.ProgressDialog,com.ade.step2.helper.Activity,java.lang.String]",false,106,3,2,1,1,1,1,3,1,0,3,1,1,1,0,0,0,0,1,0,0,0,0,0,0,0,5,9,0,false
/home/arch_design_predict/download-github-repos/mvvm/repos/ade-step2-master/app/src/main/java/com/ade/step2/helper/AppUtility.java,com.ade.step2.helper.AppUtility,"getJarak/4[java.lang.Double,java.lang.Double,java.lang.Double,java.lang.Double]",false,232,0,0,0,0,1,7,11,1,8,4,7,0,0,0,0,0,0,0,7,8,12,0,0,0,0,13,9,0,false
/home/arch_design_predict/download-github-repos/mvvm/repos/ade-step2-master/app/src/main/java/com/ade/step2/helper/AppUtility.java,com.ade.step2.helper.AppUtility,"formatMoney/4[java.lang.String,long,char,java.lang.String]",false,42,0,1,1,0,1,3,3,1,0,4,3,0,0,0,0,0,0,1,0,0,1,0,0,0,0,5,9,0,false
/home/arch_design_predict/download-github-repos/mvvm/repos/ade-step2-master/app/src/main/java/com/ade/step2/helper/AppUtility.java,com.ade.step2.helper.AppUtility,"showAlertOneNeutral/4[com.ade.step2.helper.Activity,java.lang.String,java.lang.Runnable,java.lang.Runnable]",false,121,3,0,0,0,1,4,21,1,1,4,4,0,0,0,0,0,0,1,0,1,0,0,2,0,0,19,9,0,false
/home/arch_design_predict/download-github-repos/mvvm/repos/ade-step2-master/app/src/main/java/com/ade/step2/helper/AppUtility.java,com.ade.step2.helper.AppUtility,"getDip/2[int,com.ade.step2.helper.Context]",false,71,1,0,0,0,1,3,3,1,0,2,3,0,0,0,0,0,0,0,1,0,0,0,0,0,0,3,9,0,false
/home/arch_design_predict/download-github-repos/mvvm/repos/ade-step2-master/app/src/main/java/com/ade/step2/helper/AppUtility.java,com.ade.step2.helper.AppUtility,getStringFile/1[java.io.InputStream],false,208,0,0,0,0,2,3,9,1,4,1,3,0,0,1,1,0,0,0,0,5,0,1,0,0,0,17,9,0,false
/home/arch_design_predict/download-github-repos/mvvm/repos/ade-step2-master/app/src/main/java/com/ade/step2/helper/AppUtility.java,com.ade.step2.helper.AppUtility,"setBackground/2[com.ade.step2.helper.View,com.ade.step2.helper.Drawable]",false,199,3,0,0,0,2,2,8,0,0,2,2,0,0,0,0,0,0,0,2,0,0,1,0,0,0,4,9,0,false
/home/arch_design_predict/download-github-repos/mvvm/repos/ade-step2-master/app/src/main/java/com/ade/step2/helper/AppUtility.java,com.ade.step2.helper.AppUtility,deleteFolder/1[java.io.File],false,244,1,2,1,1,4,5,17,2,2,1,5,1,0,1,0,0,0,0,1,2,0,3,0,0,0,8,9,0,false
/home/arch_design_predict/download-github-repos/mvvm/repos/ade-step2-master/app/src/main/java/com/ade/step2/helper/AppUtility.java,com.ade.step2.helper.AppUtility,"showToast/2[com.ade.step2.helper.Context,java.lang.String]",false,38,1,0,0,0,1,2,3,0,0,2,2,0,0,0,0,0,0,0,0,0,0,0,0,0,0,4,9,0,false
/home/arch_design_predict/download-github-repos/mvvm/repos/ade-step2-master/app/src/main/java/com/ade/step2/helper/AppUtility.java,com.ade.step2.helper.AppUtility,"setAlpha/2[float,com.ade.step2.helper.View]",false,263,2,0,0,0,2,1,9,0,1,2,1,0,0,0,0,0,1,0,3,1,1,1,0,0,0,5,9,0,false
/home/arch_design_predict/download-github-repos/mvvm/repos/ade-step2-master/app/src/main/java/com/ade/step2/helper/AppUtility.java,com.ade.step2.helper.AppUtility,"showAlertOneNeutral/2[com.ade.step2.helper.Activity,java.lang.String]",false,110,3,0,0,0,1,3,11,1,1,2,3,0,0,0,0,0,0,1,0,1,0,0,1,0,0,13,9,0,false
/home/arch_design_predict/download-github-repos/mvvm/repos/ade-step2-master/app/src/main/java/com/ade/step2/helper/AppUtility.java,com.ade.step2.helper.AppUtility,"logD/2[java.lang.String,java.lang.String]",false,46,0,0,0,0,4,2,13,0,0,2,2,0,0,0,1,1,0,0,0,0,0,3,0,0,0,16,9,0,false
/home/arch_design_predict/download-github-repos/mvvm/repos/ade-step2-master/app/src/main/java/com/ade/step2/helper/AppUtility.java,com.ade.step2.helper.AppUtility,"showLoading/5[com.ade.step2.helper.ProgressDialog,com.ade.step2.helper.Context,java.lang.String,java.lang.String,boolean]",false,84,2,3,3,0,3,3,12,1,0,5,3,0,0,0,1,0,0,0,0,2,0,2,0,0,0,7,9,0,false
/home/arch_design_predict/download-github-repos/mvvm/repos/ade-step2-master/app/src/main/java/com/ade/step2/helper/AppUtility.java,com.ade.step2.helper.AppUtility,getScreenSize/1[com.ade.step2.helper.Context],false,180,3,0,0,0,1,2,7,1,2,1,2,0,0,0,0,0,0,0,0,4,0,0,0,0,0,10,9,0,false
/home/arch_design_predict/download-github-repos/mvvm/repos/ade-step2-master/app/src/main/java/com/ade/step2/helper/AppUtility.java,com.ade.step2.helper.AppUtility,"setBackgroundDrawable/2[com.ade.step2.helper.Drawable,com.ade.step2.helper.View]",false,274,3,0,0,0,2,2,8,0,0,2,2,0,0,0,0,0,0,0,2,0,0,1,0,0,0,5,9,0,false
/home/arch_design_predict/download-github-repos/mvvm/repos/ade-step2-master/app/src/main/java/com/ade/step2/helper/AppUtility.java,com.ade.step2.helper.AppUtility,AppUtility/0,true,35,0,0,0,0,1,0,2,0,0,0,0,0,0,0,0,0,0,0,0,0,0,0,0,0,0,2,1,0,false
/home/arch_design_predict/download-github-repos/mvvm/repos/ade-step2-master/app/src/main/java/com/ade/step2/helper/AppUtility.java,com.ade.step2.helper.AppUtility,"getDip/2[int,com.ade.step2.helper.DisplayMetrics]",false,75,1,0,0,0,1,1,3,1,0,2,1,0,0,0,0,0,0,0,1,0,0,0,0,0,0,3,9,0,false
/home/arch_design_predict/download-github-repos/mvvm/repos/ade-step2-master/app/src/main/java/com/ade/step2/helper/AppUtility.java,com.ade.step2.helper.AppUtility,"spToPixel/2[com.ade.step2.helper.Context,java.lang.Float]",false,66,1,0,0,0,1,3,4,1,1,2,3,0,0,0,0,0,0,0,0,1,1,0,0,0,0,6,9,0,false
/home/arch_design_predict/download-github-repos/mvvm/repos/ade-step2-master/app/src/main/java/com/ade/step2/helper/AppUtility.java,com.ade.step2.helper.AppUtility,"showAlertYesNo/6[com.ade.step2.helper.Activity,java.lang.String,java.lang.String,java.lang.String,java.lang.Runnable,java.lang.Runnable]",false,143,3,0,0,0,1,4,21,1,1,6,4,0,0,0,0,0,0,0,0,1,0,0,2,0,0,17,9,0,false
/home/arch_design_predict/download-github-repos/mvvm/repos/ade-step2-master/app/src/main/java/com/ade/step2/helper/AppUtility.java,com.ade.step2.helper.AppUtility,"removeGlobalLayoutListener/2[com.ade.step2.helper.View,ViewTreeObserver.OnGlobalLayoutListener]",false,189,3,0,0,0,2,3,8,0,0,2,3,0,0,0,0,0,0,0,2,0,0,1,0,0,0,6,9,0,false
/home/arch_design_predict/download-github-repos/mvvm/repos/ade-step2-master/app/src/main/java/com/ade/step2/helper/AppUtility.java,com.ade.step2.helper.AppUtility,"showLoading/2[com.ade.step2.helper.ProgressDialog,com.ade.step2.helper.Activity]",false,98,3,1,0,1,1,1,3,1,0,2,1,1,1,0,0,0,0,2,0,0,0,0,0,0,0,5,9,0,false
/home/arch_design_predict/download-github-repos/mvvm/repos/ade-step2-master/app/src/main/java/com/ade/step2/data/cache/CacheManager.java,com.ade.step2.data.cache.CacheManager,"storeCache/3[com.ade.step2.data.cache.AppDatabase,int,java.lang.String]",false,11,3,6,1,5,2,4,14,0,2,3,4,0,0,0,1,0,0,1,0,6,0,1,0,0,0,9,9,0,false
/home/arch_design_predict/download-github-repos/mvvm/repos/ade-step2-master/app/src/main/java/com/ade/step2/view/activity/LoginActivity.java,com.ade.step2.view.activity.LoginActivity$Anonymous1,onClick/1[com.ade.step2.view.activity.View],false,35,1,0,0,0,1,2,3,0,0,1,2,0,0,0,0,0,0,1,0,0,0,0,0,0,0,8,1,0,false
/home/arch_design_predict/download-github-repos/mvvm/repos/ade-step2-master/app/src/main/java/com/ade/step2/view/activity/HomeActivity.java,com.ade.step2.view.activity.HomeActivity,onDestroy/0,false,66,1,1,0,1,1,2,4,0,0,0,2,0,0,0,0,0,0,0,0,0,0,0,0,0,0,2,4,0,false
/home/arch_design_predict/download-github-repos/mvvm/repos/ade-step2-master/app/src/main/java/com/ade/step2/view/activity/HomeActivity.java,com.ade.step2.view.activity.HomeActivity,onCreate/1[com.ade.step2.view.activity.Bundle],false,38,6,3,0,3,2,15,18,0,0,1,15,0,0,0,1,0,0,2,0,8,1,1,0,0,0,34,4,0,false
/home/arch_design_predict/download-github-repos/mvvm/repos/ade-step2-master/app/src/main/java/com/ade/step2/view/activity/HomeActivity.java,com.ade.step2.view.activity.HomeActivity,"loadResponse/2[boolean,com.ade.step2.model.api.ApiResponse]",false,72,5,3,1,2,5,13,15,0,2,2,13,0,0,1,1,0,0,1,2,2,1,3,0,0,0,9,1,0,false
/home/arch_design_predict/download-github-repos/mvvm/repos/ade-step2-master/app/src/main/java/com/ade/step2/viewmodel/ProductListVM.java,com.ade.step2.viewmodel.ProductListVM$Anonymous1,"onFinishRequest/2[boolean,com.ade.step2.model.api.ApiResponse]",false,28,2,1,0,1,2,2,6,0,0,2,2,0,0,0,1,0,1,0,0,0,0,1,0,0,0,9,1,0,false
/home/arch_design_predict/download-github-repos/mvvm/repos/ade-step2-master/app/src/main/java/com/ade/step2/viewmodel/ProductListVM.java,com.ade.step2.viewmodel.ProductListVM,"loadProductList/3[com.ade.step2.viewmodel.Activity,com.ade.step2.data.cache.AppDatabase,int]",false,22,4,3,1,2,1,1,12,0,0,3,1,0,0,0,0,0,0,1,0,1,0,0,1,0,0,17,1,0,false
/home/arch_design_predict/download-github-repos/mvvm/repos/ade-step2-master/app/src/androidTest/java/com/ade/step2/ExampleInstrumentedTest.java,com.ade.step2.ExampleInstrumentedTest,useAppContext/0,false,20,2,0,0,0,1,3,4,0,1,0,3,0,0,0,0,0,0,1,0,1,0,0,0,0,0,7,1,0,false
/home/arch_design_predict/download-github-repos/mvvm/repos/ade-step2-master/app/src/main/java/com/ade/step2/view/adapter/ProductListAdapter.java,com.ade.step2.view.adapter.ProductListAdapter$MyViewHolder,MyViewHolder/1[com.ade.step2.view.adapter.View],true,77,1,1,1,0,1,2,8,0,0,1,2,0,0,0,0,0,0,0,0,4,0,0,0,0,0,10,1,0,false
/home/arch_design_predict/download-github-repos/mvvm/repos/ade-step2-master/app/src/main/java/com/ade/step2/view/adapter/ProductListAdapter.java,com.ade.step2.view.adapter.ProductListAdapter$MyViewHolder,onClick/1[com.ade.step2.view.adapter.View],false,88,1,0,0,0,2,1,5,0,0,1,1,0,0,0,1,0,0,0,1,0,0,1,0,0,0,7,1,0,false
/home/arch_design_predict/download-github-repos/mvvm/repos/ade-step2-master/app/src/main/java/com/ade/step2/helper/AppUtility.java,com.ade.step2.helper.AppUtility$Anonymous5,"onClick/2[com.ade.step2.helper.DialogInterface,int]",false,155,1,0,0,0,2,1,5,0,0,2,1,0,0,0,1,0,0,0,0,0,0,1,0,0,0,8,1,0,false
/home/arch_design_predict/download-github-repos/mvvm/repos/ade-step2-master/app/src/main/java/com/ade/step2/helper/AppUtility.java,com.ade.step2.helper.AppUtility$Anonymous4,"onClick/2[com.ade.step2.helper.DialogInterface,int]",false,147,1,0,0,0,2,1,5,0,0,2,1,0,0,0,1,0,0,0,0,0,0,1,0,0,0,8,1,0,false
/home/arch_design_predict/download-github-repos/mvvm/repos/ade-step2-master/app/src/main/java/com/ade/step2/helper/AppUtility.java,com.ade.step2.helper.AppUtility$Anonymous3,onCancel/1[com.ade.step2.helper.DialogInterface],false,133,1,0,0,0,2,1,5,0,0,1,1,0,0,0,1,0,0,0,0,0,0,1,0,0,0,7,1,0,false
/home/arch_design_predict/download-github-repos/mvvm/repos/ade-step2-master/app/src/main/java/com/ade/step2/view/activity/LoginActivity.java,com.ade.step2.view.activity.LoginActivity,onClick/1[com.ade.step2.view.activity.View],false,45,2,1,0,1,2,4,13,0,2,1,4,0,0,0,0,0,0,0,0,2,0,1,0,0,0,6,1,0,false
/home/arch_design_predict/download-github-repos/mvvm/repos/ade-step2-master/app/src/main/java/com/ade/step2/view/activity/LoginActivity.java,com.ade.step2.view.activity.LoginActivity,onCreate/1[com.ade.step2.view.activity.Bundle],false,22,3,0,0,0,1,6,16,0,0,1,6,0,0,0,0,0,0,0,0,5,0,0,1,0,0,23,4,0,false
/home/arch_design_predict/download-github-repos/mvvm/repos/ade-step2-master/app/src/test/java/com/ade/step2/ExampleUnitTest.java,com.ade.step2.ExampleUnitTest,addition_isCorrect/0,false,14,1,0,0,0,1,1,3,0,0,0,1,0,0,0,0,0,0,0,3,0,1,0,0,0,0,6,1,0,false
/home/arch_design_predict/download-github-repos/mvvm/repos/ade-step2-master/app/src/main/java/com/ade/step2/viewmodel/LoginVM.java,com.ade.step2.viewmodel.LoginVM,"checkUser/3[com.ade.step2.viewmodel.Activity,java.lang.String,java.lang.String]",false,19,4,2,1,1,5,7,22,0,2,3,7,0,0,0,0,0,0,6,0,3,0,2,0,0,0,13,1,0,false
/home/arch_design_predict/download-github-repos/mvvm/repos/ade-step2-master/app/src/main/java/com/ade/step2/viewmodel/SplashScreenVM.java,com.ade.step2.viewmodel.SplashScreenVM$Anonymous1,run/0,false,17,1,0,0,0,1,2,4,0,0,0,2,0,0,0,0,0,0,0,0,0,0,0,0,0,0,2,1,0,false
/home/arch_design_predict/download-github-repos/mvvm/repos/ade-step2-master/app/src/main/java/com/ade/step2/view/activity/SplashScreenActivity.java,com.ade.step2.view.activity.SplashScreenActivity,onCreate/1[com.ade.step2.view.activity.Bundle],false,17,3,1,0,1,1,5,6,0,0,1,5,0,0,0,0,0,0,0,0,1,0,0,0,0,0,11,4,0,false
