file,class,type,cbo,cboModified,fanin,fanout,wmc,dit,noc,rfc,lcom,lcom*,tcc,lcc,totalMethodsQty,staticMethodsQty,publicMethodsQty,privateMethodsQty,protectedMethodsQty,defaultMethodsQty,visibleMethodsQty,abstractMethodsQty,finalMethodsQty,synchronizedMethodsQty,totalFieldsQty,staticFieldsQty,publicFieldsQty,privateFieldsQty,protectedFieldsQty,defaultFieldsQty,finalFieldsQty,synchronizedFieldsQty,nosi,loc,returnQty,loopQty,comparisonsQty,tryCatchQty,parenthesizedExpsQty,stringLiteralsQty,numbersQty,assignmentsQty,mathOperationsQty,variablesQty,maxNestedBlocksQty,anonymousClassesQty,innerClassesQty,lambdasQty,uniqueWordsQty,modifiers,logStatementsQty
/home/arch_design_predict/download-github-repos/mvp/repos/books-master/app/src/main/java/com/leandrofavarin/books/db/Populator.java,com.leandrofavarin.books.db.Populator,class,4,6,2,4,3,1,0,12,1,0.0,0.0,0.0,2,0,2,0,0,0,2,0,0,0,0,0,0,0,0,0,0,0,5,19,0,1,0,1,0,8,4,2,0,2,2,0,0,0,16,1,0
/home/arch_design_predict/download-github-repos/mvp/repos/books-master/app/src/main/java/com/leandrofavarin/books/feature/library/LibraryView.java,com.leandrofavarin.books.feature.library.LibraryView,interface,1,3,2,1,2,1,0,0,1,0.0,0.0,0.0,2,0,0,0,0,2,2,0,0,0,0,0,0,0,0,0,0,0,0,4,0,0,0,0,0,0,0,0,0,0,0,0,0,0,6,0,0
/home/arch_design_predict/download-github-repos/mvp/repos/books-master/app/src/main/java/com/leandrofavarin/books/di/AppModule.java,com.leandrofavarin.books.di.AppModule,class,9,11,2,9,5,1,0,8,8,0.6,0.1,0.1,5,0,1,0,0,4,5,0,0,0,1,0,0,1,0,0,1,0,0,20,4,0,0,0,0,1,0,2,0,3,0,0,0,1,19,1,0
/home/arch_design_predict/download-github-repos/mvp/repos/books-master/app/src/main/java/com/leandrofavarin/books/di/AppComponent.java,com.leandrofavarin.books.di.AppComponent,interface,7,13,6,7,4,1,0,0,6,0.0,0.0,0.0,4,0,0,0,0,4,4,0,0,0,0,0,0,0,0,0,0,0,0,6,0,0,0,0,0,0,0,0,0,0,0,0,0,0,11,1,0
/home/arch_design_predict/download-github-repos/mvp/repos/books-master/app/src/main/java/com/leandrofavarin/books/feature/settings/SettingsFragment.java,com.leandrofavarin.books.feature.settings.SettingsFragment,class,5,7,2,5,3,3,0,2,3,0.0,0.0,0.0,3,0,1,0,2,0,3,0,0,0,0,0,0,0,0,0,0,0,0,11,1,0,0,0,0,0,0,0,0,0,0,0,0,0,16,1,0
/home/arch_design_predict/download-github-repos/mvp/repos/books-master/app/src/main/java/com/leandrofavarin/books/feature/home/HomeFragment.java,com.leandrofavarin.books.feature.home.HomeFragment,class,5,7,2,5,3,3,0,2,3,0.0,0.0,0.0,3,0,1,0,2,0,3,0,0,0,0,0,0,0,0,0,0,0,0,11,1,0,0,0,0,0,0,0,0,0,0,0,0,0,16,1,0
/home/arch_design_predict/download-github-repos/mvp/repos/books-master/app/src/main/java/com/leandrofavarin/books/feature/library/BookAdapter.java,com.leandrofavarin.books.feature.library.BookAdapter$ViewHolder,innerclass,2,2,0,2,1,2,0,0,0,0.0,NaN,NaN,1,0,0,0,0,1,1,0,0,0,0,0,0,0,0,0,0,0,0,5,0,0,0,0,0,0,0,0,0,0,0,0,0,0,3,8,0
/home/arch_design_predict/download-github-repos/mvp/repos/books-master/app/src/androidTest/java/com/leandrofavarin/books/ExampleInstrumentedTest.java,com.leandrofavarin.books.ExampleInstrumentedTest,class,4,4,0,4,1,1,0,3,0,0.0,NaN,NaN,1,0,1,0,0,0,1,0,0,0,0,0,0,0,0,0,0,0,0,6,0,0,0,0,0,1,0,1,0,1,0,0,0,0,21,1,0
/home/arch_design_predict/download-github-repos/mvp/repos/books-master/app/src/main/java/com/leandrofavarin/books/db/Migration.java,com.leandrofavarin.books.db.Migration,interface,1,2,1,1,1,1,0,0,0,0.0,NaN,NaN,1,0,0,0,0,1,1,0,0,0,0,0,0,0,0,0,0,0,0,3,0,0,0,0,0,0,0,0,0,0,0,0,0,0,7,0,0
/home/arch_design_predict/download-github-repos/mvp/repos/books-master/app/src/test/java/com/leandrofavarin/books/ExampleUnitTest.java,com.leandrofavarin.books.ExampleUnitTest,class,1,1,0,1,1,1,0,1,0,0.0,NaN,NaN,1,0,1,0,0,0,1,0,0,0,0,0,0,0,0,0,0,0,0,5,0,0,0,0,0,0,3,0,1,0,0,0,0,0,23,1,0
/home/arch_design_predict/download-github-repos/mvp/repos/books-master/app/src/main/java/com/leandrofavarin/books/feature/shared/HomeActivity.java,com.leandrofavarin.books.feature.shared.HomeActivity,class,7,7,0,7,1,3,0,9,0,0.0,NaN,NaN,1,0,0,0,1,0,1,0,0,0,3,0,0,1,0,2,0,0,0,52,1,0,0,0,0,0,0,1,0,4,1,0,1,1,26,1,0
/home/arch_design_predict/download-github-repos/mvp/repos/books-master/app/src/main/java/com/leandrofavarin/books/feature/library/LibraryPresenter.java,com.leandrofavarin.books.feature.library.LibraryPresenter,class,5,6,1,5,4,1,0,12,0,0.33333334,0.6666667,1.0,3,0,3,0,0,0,3,0,0,0,2,0,0,2,0,0,2,0,1,21,0,0,0,0,0,0,0,2,0,3,2,0,0,1,14,1,0
/home/arch_design_predict/download-github-repos/mvp/repos/books-master/app/src/main/java/com/leandrofavarin/books/feature/library/BookAdapter.java,com.leandrofavarin.books.feature.library.BookAdapter,class,8,9,1,8,5,2,0,8,0,0.4,0.7,1.0,5,0,5,0,0,0,5,0,0,0,2,0,0,2,0,0,2,0,1,28,2,0,0,0,1,0,0,3,0,3,0,0,1,0,27,1,0
/home/arch_design_predict/download-github-repos/mvp/repos/books-master/app/src/main/java/com/leandrofavarin/books/feature/shared/HomeActivity.java,com.leandrofavarin.books.feature.shared.HomeActivity$Adapter,innerclass,9,9,0,9,10,2,0,7,7,0.5833334,0.26666668,0.26666668,6,0,3,0,0,3,6,0,0,0,2,1,0,2,0,0,1,0,2,35,6,0,1,0,0,1,0,3,0,3,1,0,0,0,33,10,0
/home/arch_design_predict/download-github-repos/mvp/repos/books-master/app/src/main/java/com/leandrofavarin/books/db/DatabaseOpenHelper.java,com.leandrofavarin.books.db.DatabaseOpenHelper,class,7,9,2,7,3,2,0,3,0,0.5,0.6666667,1.0,3,0,3,0,0,0,3,0,0,0,4,2,0,4,0,0,4,0,0,18,0,0,0,0,0,1,1,4,0,4,0,0,0,0,29,1,0
/home/arch_design_predict/download-github-repos/mvp/repos/books-master/app/src/main/java/com/leandrofavarin/books/db/Migrator.java,com.leandrofavarin.books.db.Migrator,class,5,8,3,5,9,1,0,12,6,0.75,0.0,0.0,4,0,2,2,0,0,2,0,0,0,1,1,0,1,0,0,1,0,0,48,1,2,2,2,0,3,1,7,2,7,2,1,0,0,36,1,0
/home/arch_design_predict/download-github-repos/mvp/repos/books-master/app/src/main/java/com/leandrofavarin/books/feature/library/BookView.java,com.leandrofavarin.books.feature.library.BookView,class,11,13,2,11,5,2,0,14,6,0.75,0.0,0.0,4,1,2,0,1,1,4,0,0,0,5,1,0,1,0,4,1,0,0,23,1,0,1,0,0,2,0,1,0,5,0,0,0,0,46,1,0
/home/arch_design_predict/download-github-repos/mvp/repos/books-master/app/src/main/java/com/leandrofavarin/books/feature/shared/BaseFragment.java,com.leandrofavarin.books.feature.shared.BaseFragment,class,12,16,4,12,5,2,3,10,8,0.6,0.1,0.1,5,0,3,0,2,0,5,2,0,0,1,0,0,1,0,0,0,0,0,18,1,0,0,0,1,0,0,2,0,2,0,0,0,0,22,1025,0
/home/arch_design_predict/download-github-repos/mvp/repos/books-master/app/src/main/java/com/leandrofavarin/books/feature/library/LibraryFragment.java,com.leandrofavarin.books.feature.library.LibraryFragment,class,13,15,2,13,6,3,0,10,7,0.625,0.26666668,0.4,6,0,4,0,2,0,6,0,0,0,4,0,0,1,0,3,0,0,0,31,1,0,0,0,0,0,0,1,0,4,0,0,0,0,41,1,0
/home/arch_design_predict/download-github-repos/mvp/repos/books-master/app/src/main/java/com/leandrofavarin/books/db/columnadapters/ZonedDateTimeColumnAdapter.java,com.leandrofavarin.books.db.columnadapters.ZonedDateTimeColumnAdapter,class,4,5,1,4,2,1,0,2,0,0.0,1.0,1.0,2,0,2,0,0,0,2,0,0,0,1,1,0,1,0,0,1,0,0,9,2,0,0,0,0,0,0,1,0,1,0,0,0,0,18,17,0
/home/arch_design_predict/download-github-repos/mvp/repos/books-master/app/src/main/java/com/leandrofavarin/books/entities/Book.java,com.leandrofavarin.books.entities.Book,class,9,16,7,9,1,1,0,1,0,0.0,NaN,NaN,1,1,1,0,0,0,1,0,0,0,3,3,2,1,0,0,3,0,0,8,1,0,0,0,0,0,1,3,0,3,0,0,0,0,26,1025,0
/home/arch_design_predict/download-github-repos/mvp/repos/books-master/app/src/main/java/com/leandrofavarin/books/utils/rx/Consumers.java,com.leandrofavarin.books.utils.rx.Consumers,class,4,5,1,4,2,1,0,6,1,0.0,NaN,NaN,2,1,1,1,0,0,1,0,0,0,0,0,0,0,0,0,0,0,0,15,1,0,0,0,0,2,1,4,0,5,1,0,0,1,22,17,0
/home/arch_design_predict/download-github-repos/mvp/repos/books-master/app/src/main/java/com/leandrofavarin/books/di/ComponentProvider.java,com.leandrofavarin.books.di.ComponentProvider,interface,1,3,2,1,1,1,0,0,0,0.0,NaN,NaN,1,0,0,0,0,1,1,0,0,0,0,0,0,0,0,0,0,0,0,3,0,0,0,0,0,0,0,0,0,0,0,0,0,0,4,1,0
/home/arch_design_predict/download-github-repos/mvp/repos/books-master/app/src/main/java/com/leandrofavarin/books/db/repositories/BookRepository.java,com.leandrofavarin.books.db.repositories.BookRepository,class,8,9,1,8,6,1,0,15,0,0.5,0.6666667,1.0,4,0,4,0,0,0,4,0,0,0,3,0,0,3,0,0,3,0,0,36,2,2,0,2,0,1,0,8,0,8,2,0,0,0,25,1,0
/home/arch_design_predict/download-github-repos/mvp/repos/books-master/app/src/main/java/com/leandrofavarin/books/BooksApplication.java,com.leandrofavarin.books.BooksApplication,class,6,8,2,6,5,2,0,9,4,0.5,0.0,0.0,4,0,2,1,1,0,3,0,0,0,1,0,0,1,0,0,0,0,0,21,1,0,0,0,0,0,0,1,0,1,1,0,0,0,15,1,0
/home/arch_design_predict/download-github-repos/mvp/repos/books-master/app/src/main/java/com/leandrofavarin/books/db/Migrator.java,com.leandrofavarin.books.db.Migrator$Anonymous1,anonymous,0,0,0,0,1,1,0,0,0,0.0,NaN,NaN,0,0,0,0,0,0,1,0,0,0,0,0,0,0,0,0,0,0,0,4,0,0,0,0,0,0,0,0,0,0,0,0,0,0,0,-1,0
