file,class,type,cbo,cboModified,fanin,fanout,wmc,dit,noc,rfc,lcom,lcom*,tcc,lcc,totalMethodsQty,staticMethodsQty,publicMethodsQty,privateMethodsQty,protectedMethodsQty,defaultMethodsQty,visibleMethodsQty,abstractMethodsQty,finalMethodsQty,synchronizedMethodsQty,totalFieldsQty,staticFieldsQty,publicFieldsQty,privateFieldsQty,protectedFieldsQty,defaultFieldsQty,finalFieldsQty,synchronizedFieldsQty,nosi,loc,returnQty,loopQty,comparisonsQty,tryCatchQty,parenthesizedExpsQty,stringLiteralsQty,numbersQty,assignmentsQty,mathOperationsQty,variablesQty,maxNestedBlocksQty,anonymousClassesQty,innerClassesQty,lambdasQty,uniqueWordsQty,modifiers,logStatementsQty
/Users/sirojiddinkomolov/Documents/innopolis/research/arch_design_pattern_detection/exps/3rd_revision/coach_repos_r/anstop-anstop-v1_x-maint/app/src/main/java/An/stop/Clock.java,An.stop.Clock$sechandler,innerclass,2,2,0,2,1,2,0,2,0,0.0,NaN,NaN,1,0,1,0,0,0,1,0,0,0,0,0,0,0,0,0,0,0,0,5,0,0,0,0,0,1,0,0,1,0,0,0,0,0,6,2,0
/Users/sirojiddinkomolov/Documents/innopolis/research/arch_design_pattern_detection/exps/3rd_revision/coach_repos_r/anstop-anstop-v1_x-maint/app/src/main/java/An/stop/Anstop.java,An.stop.Anstop$resetButtonListener,innerclass,6,6,0,6,3,1,0,7,0,0.0,NaN,NaN,1,0,1,0,0,0,1,0,0,0,0,0,0,0,0,0,0,0,0,30,0,0,0,0,0,0,0,2,0,2,2,2,0,0,14,2,0
/Users/sirojiddinkomolov/Documents/innopolis/research/arch_design_pattern_detection/exps/3rd_revision/coach_repos_r/anstop-anstop-v1_x-maint/app/src/main/java/An/stop/Anstop.java,An.stop.Anstop$resetButtonListener$Anonymous10,anonymous,1,1,0,1,1,1,0,0,0,0.0,NaN,NaN,1,0,1,0,0,0,1,0,0,0,0,0,0,0,0,0,0,0,0,4,0,0,0,0,0,0,0,0,0,0,0,0,0,0,6,-1,0
/Users/sirojiddinkomolov/Documents/innopolis/research/arch_design_pattern_detection/exps/3rd_revision/coach_repos_r/anstop-anstop-v1_x-maint/app/src/main/java/An/stop/Clock.java,An.stop.Clock$countDownThread,innerclass,5,5,0,5,22,2,0,10,1,0.33333334,0.0,0.0,3,0,2,1,0,0,2,0,0,0,1,0,0,1,0,0,1,0,1,66,3,1,16,1,0,1,23,7,0,3,5,1,0,0,86,2,0
/Users/sirojiddinkomolov/Documents/innopolis/research/arch_design_pattern_detection/exps/3rd_revision/coach_repos_r/anstop-anstop-v1_x-maint/app/src/main/java/An/stop/Clock.java,An.stop.Clock$LapFormatter,innerclass,2,2,0,2,33,1,0,10,4,0.6,0.3,0.6,5,0,4,0,0,1,5,0,0,0,4,0,3,1,0,0,0,0,1,103,1,1,13,0,24,4,39,33,13,13,3,0,0,0,195,9,0
/Users/sirojiddinkomolov/Documents/innopolis/research/arch_design_pattern_detection/exps/3rd_revision/coach_repos_r/anstop-anstop-v1_x-maint/app/src/main/java/An/stop/Anstop.java,An.stop.Anstop$resetButtonListener$Anonymous9,anonymous,2,2,0,2,1,1,0,1,0,0.0,NaN,NaN,1,0,1,0,0,0,1,0,0,0,0,0,0,0,0,0,0,0,0,5,0,0,0,0,0,0,0,0,0,0,0,0,0,0,10,-1,0
/Users/sirojiddinkomolov/Documents/innopolis/research/arch_design_pattern_detection/exps/3rd_revision/coach_repos_r/anstop-anstop-v1_x-maint/app/src/main/java/An/stop/Anstop.java,An.stop.Anstop$Anonymous2,anonymous,1,1,0,1,1,1,0,1,0,0.0,NaN,NaN,1,0,1,0,0,0,1,0,0,0,0,0,0,0,0,0,0,0,0,5,0,0,0,0,0,0,0,0,0,0,0,0,0,0,5,-1,0
/Users/sirojiddinkomolov/Documents/innopolis/research/arch_design_pattern_detection/exps/3rd_revision/coach_repos_r/anstop-anstop-v1_x-maint/app/src/main/java/An/stop/AccelerometerListener.java,An.stop.AccelerometerListener,class,6,7,1,6,11,1,0,10,0,0.7411765,0.4,0.6,5,0,5,0,0,0,5,0,0,0,12,1,0,12,0,0,4,0,2,49,1,0,2,0,2,0,8,21,8,19,2,0,0,0,43,1,0
/Users/sirojiddinkomolov/Documents/innopolis/research/arch_design_pattern_detection/exps/3rd_revision/coach_repos_r/anstop-anstop-v1_x-maint/app/src/main/java/An/stop/Anstop.java,An.stop.Anstop$Anonymous1,anonymous,1,1,0,1,1,1,0,1,0,0.0,NaN,NaN,1,0,1,0,0,0,1,0,0,0,0,0,0,0,0,0,0,0,0,6,1,0,0,0,0,0,0,0,0,0,0,0,0,0,20,-1,0
/Users/sirojiddinkomolov/Documents/innopolis/research/arch_design_pattern_detection/exps/3rd_revision/coach_repos_r/anstop-anstop-v1_x-maint/app/src/main/java/An/stop/Anstop.java,An.stop.Anstop$Anonymous6,anonymous,1,1,0,1,1,1,0,0,0,0.0,NaN,NaN,1,0,1,0,0,0,1,0,0,0,0,0,0,0,0,0,0,0,0,4,0,0,0,0,0,0,0,0,0,0,0,0,0,0,6,-1,0
/Users/sirojiddinkomolov/Documents/innopolis/research/arch_design_pattern_detection/exps/3rd_revision/coach_repos_r/anstop-anstop-v1_x-maint/app/src/main/java/An/stop/ExportHelper.java,An.stop.ExportHelper,class,4,7,3,4,10,1,0,13,4,0.625,0.16666667,0.16666667,4,0,4,0,0,0,4,0,0,0,2,0,0,2,0,0,0,0,0,45,7,1,1,2,0,2,3,11,1,10,2,0,0,0,73,1,0
/Users/sirojiddinkomolov/Documents/innopolis/research/arch_design_pattern_detection/exps/3rd_revision/coach_repos_r/anstop-anstop-v1_x-maint/app/src/main/java/An/stop/Anstop.java,An.stop.Anstop$Anonymous5,anonymous,3,3,0,3,2,1,0,7,0,0.0,NaN,NaN,1,0,1,0,0,0,1,0,0,0,0,0,0,0,0,0,0,0,0,8,0,0,1,0,0,0,1,2,0,0,1,0,0,0,17,-1,0
/Users/sirojiddinkomolov/Documents/innopolis/research/arch_design_pattern_detection/exps/3rd_revision/coach_repos_r/anstop-anstop-v1_x-maint/app/src/main/java/An/stop/Anstop.java,An.stop.Anstop$Anonymous16,anonymous,3,3,0,3,5,1,0,7,3,0.0,0.0,0.0,3,0,3,0,0,0,3,0,0,0,0,0,0,0,0,0,0,0,0,19,0,0,0,0,0,0,0,1,0,1,1,0,0,0,17,-1,0
/Users/sirojiddinkomolov/Documents/innopolis/research/arch_design_pattern_detection/exps/3rd_revision/coach_repos_r/anstop-anstop-v1_x-maint/app/src/main/java/An/stop/Anstop.java,An.stop.Anstop$Anonymous4,anonymous,1,1,0,1,1,1,0,1,0,0.0,NaN,NaN,1,0,1,0,0,0,1,0,0,0,0,0,0,0,0,0,0,0,0,5,0,0,0,0,0,0,0,0,0,0,0,0,0,0,6,-1,0
/Users/sirojiddinkomolov/Documents/innopolis/research/arch_design_pattern_detection/exps/3rd_revision/coach_repos_r/anstop-anstop-v1_x-maint/app/src/main/java/An/stop/Anstop.java,An.stop.Anstop$Anonymous3,anonymous,4,4,0,4,3,1,0,13,0,0.0,NaN,NaN,1,0,1,0,0,0,1,0,0,0,0,0,0,0,0,0,0,0,0,12,0,0,1,0,0,0,2,3,1,2,1,0,0,0,18,-1,0
/Users/sirojiddinkomolov/Documents/innopolis/research/arch_design_pattern_detection/exps/3rd_revision/coach_repos_r/anstop-anstop-v1_x-maint/app/src/main/java/An/stop/Anstop.java,An.stop.Anstop,class,43,57,14,43,178,2,0,130,2,0.89393914,0.3970588,0.5735294,33,3,12,16,3,2,17,0,0,0,41,8,0,15,0,26,8,0,10,907,30,2,63,2,37,125,78,160,37,113,4,11,4,0,559,1,0
/Users/sirojiddinkomolov/Documents/innopolis/research/arch_design_pattern_detection/exps/3rd_revision/coach_repos_r/anstop-anstop-v1_x-maint/app/src/main/java/An/stop/Anstop.java,An.stop.Anstop$Anonymous8,anonymous,1,1,0,1,2,1,0,5,0,0.0,NaN,NaN,1,0,1,0,0,0,1,0,0,0,0,0,0,0,0,0,0,0,0,8,0,0,0,0,0,0,2,1,0,1,1,0,0,0,8,-1,0
/Users/sirojiddinkomolov/Documents/innopolis/research/arch_design_pattern_detection/exps/3rd_revision/coach_repos_r/anstop-anstop-v1_x-maint/app/src/main/java/An/stop/Anstop.java,An.stop.Anstop$Anonymous7,anonymous,2,2,0,2,5,1,0,9,0,0.0,NaN,NaN,1,0,1,0,0,0,1,0,0,0,0,0,0,0,0,0,0,0,0,22,1,0,3,0,0,1,2,5,0,4,3,0,0,0,34,-1,0
/Users/sirojiddinkomolov/Documents/innopolis/research/arch_design_pattern_detection/exps/3rd_revision/coach_repos_r/anstop-anstop-v1_x-maint/app/src/main/java/An/stop/Clock.java,An.stop.Clock$minhandler,innerclass,2,2,0,2,1,2,0,2,0,0.0,NaN,NaN,1,0,1,0,0,0,1,0,0,0,0,0,0,0,0,0,0,0,0,5,0,0,0,0,0,1,0,0,1,0,0,0,0,0,6,2,0
/Users/sirojiddinkomolov/Documents/innopolis/research/arch_design_pattern_detection/exps/3rd_revision/coach_repos_r/anstop-anstop-v1_x-maint/app/src/main/java/An/stop/Anstop.java,An.stop.Anstop$Anonymous14,anonymous,3,3,0,3,3,1,0,4,0,0.0,NaN,NaN,1,0,1,0,0,0,1,0,0,0,0,0,0,0,0,0,0,0,0,12,0,0,2,0,0,0,0,0,0,0,2,0,0,0,13,-1,0
/Users/sirojiddinkomolov/Documents/innopolis/research/arch_design_pattern_detection/exps/3rd_revision/coach_repos_r/anstop-anstop-v1_x-maint/app/src/main/java/An/stop/Clock.java,An.stop.Clock$dsechandler,innerclass,2,2,0,2,1,2,0,1,0,0.0,NaN,NaN,1,0,1,0,0,0,1,0,0,0,0,0,0,0,0,0,0,0,0,5,0,0,0,0,0,1,0,0,1,0,0,0,0,0,6,2,0
/Users/sirojiddinkomolov/Documents/innopolis/research/arch_design_pattern_detection/exps/3rd_revision/coach_repos_r/anstop-anstop-v1_x-maint/app/src/main/java/An/stop/Anstop.java,An.stop.Anstop$Anonymous15,anonymous,1,1,0,1,1,1,0,0,0,0.0,NaN,NaN,1,0,1,0,0,0,1,0,0,0,0,0,0,0,0,0,0,0,0,4,0,0,0,0,0,0,0,0,0,0,0,0,0,0,6,-1,0
/Users/sirojiddinkomolov/Documents/innopolis/research/arch_design_pattern_detection/exps/3rd_revision/coach_repos_r/anstop-anstop-v1_x-maint/app/src/main/java/An/stop/AnstopDbAdapter.java,An.stop.AnstopDbAdapter,class,11,18,7,11,50,2,0,35,0,0.7576924,0.64102566,1.0,13,0,12,0,0,1,13,0,0,0,20,16,7,13,0,0,16,0,3,190,12,2,19,1,19,29,37,52,7,44,4,0,1,0,253,1,0
/Users/sirojiddinkomolov/Documents/innopolis/research/arch_design_pattern_detection/exps/3rd_revision/coach_repos_r/anstop-anstop-v1_x-maint/app/src/main/java/An/stop/Anstop.java,An.stop.Anstop$lapButtonListener,innerclass,5,5,0,5,8,1,0,16,0,0.0,NaN,NaN,1,0,1,0,0,0,1,0,0,0,1,0,0,1,0,0,0,0,0,29,0,0,4,0,1,1,6,4,2,2,2,1,0,0,47,2,0
/Users/sirojiddinkomolov/Documents/innopolis/research/arch_design_pattern_detection/exps/3rd_revision/coach_repos_r/anstop-anstop-v1_x-maint/app/src/main/java/An/stop/Clock.java,An.stop.Clock$hourhandler,innerclass,2,2,0,2,7,2,0,3,0,0.0,NaN,NaN,1,0,1,0,0,0,1,0,0,0,0,0,0,0,0,0,0,0,0,12,0,0,5,0,4,1,1,3,1,3,2,0,0,0,23,2,0
/Users/sirojiddinkomolov/Documents/innopolis/research/arch_design_pattern_detection/exps/3rd_revision/coach_repos_r/anstop-anstop-v1_x-maint/app/src/main/java/An/stop/Anstop.java,An.stop.Anstop$refreshButtonListener,innerclass,5,5,0,5,3,1,0,6,0,0.0,NaN,NaN,1,0,1,0,0,0,1,0,0,0,0,0,0,0,0,0,0,0,0,24,0,0,0,0,0,0,0,1,0,1,1,2,0,0,14,2,0
/Users/sirojiddinkomolov/Documents/innopolis/research/arch_design_pattern_detection/exps/3rd_revision/coach_repos_r/anstop-anstop-v1_x-maint/app/src/main/java/An/stop/Clock.java,An.stop.Clock$countDownThread$Anonymous1,anonymous,0,0,0,0,1,1,0,1,0,0.0,NaN,NaN,1,0,1,0,0,0,1,0,0,0,0,0,0,0,0,0,0,0,0,6,0,0,0,0,0,0,0,0,0,0,0,0,0,0,2,-1,0
/Users/sirojiddinkomolov/Documents/innopolis/research/arch_design_pattern_detection/exps/3rd_revision/coach_repos_r/anstop-anstop-v1_x-maint/app/src/main/java/An/stop/Anstop.java,An.stop.Anstop$startButtonListener,innerclass,4,4,0,4,15,1,0,10,0,0.0,NaN,NaN,1,0,1,0,0,0,1,0,0,0,0,0,0,0,0,0,0,0,0,25,1,0,8,0,9,0,5,3,0,2,2,0,0,0,30,2,0
/Users/sirojiddinkomolov/Documents/innopolis/research/arch_design_pattern_detection/exps/3rd_revision/coach_repos_r/anstop-anstop-v1_x-maint/app/src/main/java/An/stop/Clock.java,An.stop.Clock$clockThread,innerclass,0,0,0,0,8,2,0,3,1,0.0,0.0,0.0,2,0,2,0,0,0,2,0,0,0,0,0,0,0,0,0,0,0,1,33,1,1,3,1,2,0,7,3,0,0,4,0,0,0,36,2,0
/Users/sirojiddinkomolov/Documents/innopolis/research/arch_design_pattern_detection/exps/3rd_revision/coach_repos_r/anstop-anstop-v1_x-maint/app/src/main/java/An/stop/SettingsActivity.java,An.stop.SettingsActivity,class,6,7,1,6,10,2,0,16,6,0.0,0.0,0.0,4,0,4,0,0,0,4,0,0,0,0,0,0,0,0,0,0,0,0,23,2,0,1,0,3,6,0,4,0,4,1,0,0,0,53,1,0
/Users/sirojiddinkomolov/Documents/innopolis/research/arch_design_pattern_detection/exps/3rd_revision/coach_repos_r/anstop-anstop-v1_x-maint/app/src/main/java/An/stop/Anstop.java,An.stop.Anstop$refreshButtonListener$Anonymous12,anonymous,1,1,0,1,1,1,0,0,0,0.0,NaN,NaN,1,0,1,0,0,0,1,0,0,0,0,0,0,0,0,0,0,0,0,4,0,0,0,0,0,0,0,0,0,0,0,0,0,0,6,-1,0
/Users/sirojiddinkomolov/Documents/innopolis/research/arch_design_pattern_detection/exps/3rd_revision/coach_repos_r/anstop-anstop-v1_x-maint/app/src/main/java/An/stop/Anstop.java,An.stop.Anstop$refreshButtonListener$Anonymous11,anonymous,2,2,0,2,1,1,0,1,0,0.0,NaN,NaN,1,0,1,0,0,0,1,0,0,0,0,0,0,0,0,0,0,0,0,5,0,0,0,0,0,0,0,0,0,0,0,0,0,0,11,-1,0
/Users/sirojiddinkomolov/Documents/innopolis/research/arch_design_pattern_detection/exps/3rd_revision/coach_repos_r/anstop-anstop-v1_x-maint/app/src/main/java/An/stop/Clock.java,An.stop.Clock,class,14,24,10,14,135,7,0,45,0,0.72172636,0.6421053,1.0,21,0,20,1,0,0,20,0,0,0,31,8,11,6,0,14,8,0,15,686,17,0,57,0,65,94,120,176,34,73,3,0,7,0,526,1,0
/Users/sirojiddinkomolov/Documents/innopolis/research/arch_design_pattern_detection/exps/3rd_revision/coach_repos_r/anstop-anstop-v1_x-maint/app/src/main/java/An/stop/AnstopDbAdapter.java,An.stop.AnstopDbAdapter$DataBaseHelper,innerclass,4,4,0,4,7,2,0,2,3,0.0,0.0,0.0,3,0,2,0,0,1,3,0,0,0,0,0,0,0,0,0,0,0,0,29,0,0,0,0,0,23,4,0,5,0,1,0,0,0,50,10,0
/Users/sirojiddinkomolov/Documents/innopolis/research/arch_design_pattern_detection/exps/3rd_revision/coach_repos_r/anstop-anstop-v1_x-maint/app/src/main/java/An/stop/Anstop.java,An.stop.Anstop$lapButtonListener$Anonymous13,anonymous,0,0,0,0,1,1,0,1,0,0.0,NaN,NaN,1,0,1,0,0,0,1,0,0,0,0,0,0,0,0,0,0,0,0,5,0,0,0,0,0,0,0,0,0,0,0,0,0,0,1,-1,0
/Users/sirojiddinkomolov/Documents/innopolis/research/arch_design_pattern_detection/exps/3rd_revision/coach_repos_r/anstop-anstop-v1_x-maint/app/src/main/java/An/stop/ShowTimesActivity.java,An.stop.ShowTimesActivity,class,10,11,1,10,12,2,0,31,0,0.5681818,0.6666667,1.0,4,0,4,0,0,0,4,0,0,0,11,7,0,9,0,2,7,0,1,71,5,0,3,0,0,1,12,20,2,18,2,0,0,0,84,1,0
/Users/sirojiddinkomolov/Documents/innopolis/research/arch_design_pattern_detection/exps/3rd_revision/coach_repos_r/anstop-anstop-v1_x-maint/app/src/main/java/An/stop/LoadActivity.java,An.stop.LoadActivity,class,19,21,2,19,15,2,0,28,6,0.7916667,0.33333334,0.47619048,8,0,6,1,1,0,7,0,0,0,9,7,0,8,0,1,7,0,1,83,7,0,1,0,0,1,12,22,1,21,2,0,0,0,85,1,0
