file,class,method,variable,usage
/Users/sirojiddinkomolov/Documents/innopolis/research/arch_design_pattern_detection/exps/3rd_revision/coach_repos_r/anstop-anstop-v1_x-maint/app/src/main/java/An/stop/Clock.java,An.stop.Clock$sechandler,handleMessage/1[An.stop.Message],msg,0
/Users/sirojiddinkomolov/Documents/innopolis/research/arch_design_pattern_detection/exps/3rd_revision/coach_repos_r/anstop-anstop-v1_x-maint/app/src/main/java/An/stop/Anstop.java,An.stop.Anstop$resetButtonListener,onClick/1[An.stop.View],toast,1
/Users/sirojiddinkomolov/Documents/innopolis/research/arch_design_pattern_detection/exps/3rd_revision/coach_repos_r/anstop-anstop-v1_x-maint/app/src/main/java/An/stop/Anstop.java,An.stop.Anstop$resetButtonListener,onClick/1[An.stop.View],alert,5
/Users/sirojiddinkomolov/Documents/innopolis/research/arch_design_pattern_detection/exps/3rd_revision/coach_repos_r/anstop-anstop-v1_x-maint/app/src/main/java/An/stop/Anstop.java,An.stop.Anstop$resetButtonListener,onClick/1[An.stop.View],v,0
/Users/sirojiddinkomolov/Documents/innopolis/research/arch_design_pattern_detection/exps/3rd_revision/coach_repos_r/anstop-anstop-v1_x-maint/app/src/main/java/An/stop/Anstop.java,An.stop.Anstop$resetButtonListener$Anonymous10,"onClick/2[An.stop.DialogInterface,int]",dialog,0
/Users/sirojiddinkomolov/Documents/innopolis/research/arch_design_pattern_detection/exps/3rd_revision/coach_repos_r/anstop-anstop-v1_x-maint/app/src/main/java/An/stop/Anstop.java,An.stop.Anstop$resetButtonListener$Anonymous10,"onClick/2[An.stop.DialogInterface,int]",whichButton,0
/Users/sirojiddinkomolov/Documents/innopolis/research/arch_design_pattern_detection/exps/3rd_revision/coach_repos_r/anstop-anstop-v1_x-maint/app/src/main/java/An/stop/Clock.java,An.stop.Clock$countDownThread,cleanupAt0/0,settings,2
/Users/sirojiddinkomolov/Documents/innopolis/research/arch_design_pattern_detection/exps/3rd_revision/coach_repos_r/anstop-anstop-v1_x-maint/app/src/main/java/An/stop/Clock.java,An.stop.Clock$countDownThread,cleanupAt0/0,vib,2
/Users/sirojiddinkomolov/Documents/innopolis/research/arch_design_pattern_detection/exps/3rd_revision/coach_repos_r/anstop-anstop-v1_x-maint/app/src/main/java/An/stop/Clock.java,An.stop.Clock$countDownThread,run/0,e,0
/Users/sirojiddinkomolov/Documents/innopolis/research/arch_design_pattern_detection/exps/3rd_revision/coach_repos_r/anstop-anstop-v1_x-maint/app/src/main/java/An/stop/Clock.java,An.stop.Clock$LapFormatter,"setLapFormat/2[int,java.text.DateFormat]",newFormatFlags,2
/Users/sirojiddinkomolov/Documents/innopolis/research/arch_design_pattern_detection/exps/3rd_revision/coach_repos_r/anstop-anstop-v1_x-maint/app/src/main/java/An/stop/Clock.java,An.stop.Clock$LapFormatter,"setLapFormat/2[int,java.text.DateFormat]",formatForSysTime,2
/Users/sirojiddinkomolov/Documents/innopolis/research/arch_design_pattern_detection/exps/3rd_revision/coach_repos_r/anstop-anstop-v1_x-maint/app/src/main/java/An/stop/Clock.java,An.stop.Clock$LapFormatter,"formatTimeLap/10[java.lang.StringBuilder,boolean,int,int,int,int,int,long,long,long[]]",prevLap,1
/Users/sirojiddinkomolov/Documents/innopolis/research/arch_design_pattern_detection/exps/3rd_revision/coach_repos_r/anstop-anstop-v1_x-maint/app/src/main/java/An/stop/Clock.java,An.stop.Clock$LapFormatter,"formatTimeLap/10[java.lang.StringBuilder,boolean,int,int,int,int,int,long,long,long[]]",dsec,1
/Users/sirojiddinkomolov/Documents/innopolis/research/arch_design_pattern_detection/exps/3rd_revision/coach_repos_r/anstop-anstop-v1_x-maint/app/src/main/java/An/stop/Clock.java,An.stop.Clock$LapFormatter,"formatTimeLap/10[java.lang.StringBuilder,boolean,int,int,int,int,int,long,long,long[]]",lap_elapsed,1
/Users/sirojiddinkomolov/Documents/innopolis/research/arch_design_pattern_detection/exps/3rd_revision/coach_repos_r/anstop-anstop-v1_x-maint/app/src/main/java/An/stop/Clock.java,An.stop.Clock$LapFormatter,"formatTimeLap/10[java.lang.StringBuilder,boolean,int,int,int,int,int,long,long,long[]]",h,8
/Users/sirojiddinkomolov/Documents/innopolis/research/arch_design_pattern_detection/exps/3rd_revision/coach_repos_r/anstop-anstop-v1_x-maint/app/src/main/java/An/stop/Clock.java,An.stop.Clock$LapFormatter,"formatTimeLap/10[java.lang.StringBuilder,boolean,int,int,int,int,int,long,long,long[]]",dm,3
/Users/sirojiddinkomolov/Documents/innopolis/research/arch_design_pattern_detection/exps/3rd_revision/coach_repos_r/anstop-anstop-v1_x-maint/app/src/main/java/An/stop/Clock.java,An.stop.Clock$LapFormatter,"formatTimeLap/10[java.lang.StringBuilder,boolean,int,int,int,int,int,long,long,long[]]",m,4
/Users/sirojiddinkomolov/Documents/innopolis/research/arch_design_pattern_detection/exps/3rd_revision/coach_repos_r/anstop-anstop-v1_x-maint/app/src/main/java/An/stop/Clock.java,An.stop.Clock$LapFormatter,"formatTimeLap/10[java.lang.StringBuilder,boolean,int,int,int,int,int,long,long,long[]]",elapsedMillis,2
/Users/sirojiddinkomolov/Documents/innopolis/research/arch_design_pattern_detection/exps/3rd_revision/coach_repos_r/anstop-anstop-v1_x-maint/app/src/main/java/An/stop/Clock.java,An.stop.Clock$LapFormatter,"formatTimeLap/10[java.lang.StringBuilder,boolean,int,int,int,int,int,long,long,long[]]",sb,23
/Users/sirojiddinkomolov/Documents/innopolis/research/arch_design_pattern_detection/exps/3rd_revision/coach_repos_r/anstop-anstop-v1_x-maint/app/src/main/java/An/stop/Clock.java,An.stop.Clock$LapFormatter,"formatTimeLap/10[java.lang.StringBuilder,boolean,int,int,int,int,int,long,long,long[]]",ds,2
/Users/sirojiddinkomolov/Documents/innopolis/research/arch_design_pattern_detection/exps/3rd_revision/coach_repos_r/anstop-anstop-v1_x-maint/app/src/main/java/An/stop/Clock.java,An.stop.Clock$LapFormatter,"formatTimeLap/10[java.lang.StringBuilder,boolean,int,int,int,int,int,long,long,long[]]",withLap,1
/Users/sirojiddinkomolov/Documents/innopolis/research/arch_design_pattern_detection/exps/3rd_revision/coach_repos_r/anstop-anstop-v1_x-maint/app/src/main/java/An/stop/Clock.java,An.stop.Clock$LapFormatter,"formatTimeLap/10[java.lang.StringBuilder,boolean,int,int,int,int,int,long,long,long[]]",elapsed,8
/Users/sirojiddinkomolov/Documents/innopolis/research/arch_design_pattern_detection/exps/3rd_revision/coach_repos_r/anstop-anstop-v1_x-maint/app/src/main/java/An/stop/Clock.java,An.stop.Clock$LapFormatter,"formatTimeLap/10[java.lang.StringBuilder,boolean,int,int,int,int,int,long,long,long[]]",dds,1
/Users/sirojiddinkomolov/Documents/innopolis/research/arch_design_pattern_detection/exps/3rd_revision/coach_repos_r/anstop-anstop-v1_x-maint/app/src/main/java/An/stop/Clock.java,An.stop.Clock$LapFormatter,"formatTimeLap/10[java.lang.StringBuilder,boolean,int,int,int,int,int,long,long,long[]]",s,2
/Users/sirojiddinkomolov/Documents/innopolis/research/arch_design_pattern_detection/exps/3rd_revision/coach_repos_r/anstop-anstop-v1_x-maint/app/src/main/java/An/stop/Clock.java,An.stop.Clock$LapFormatter,"formatTimeLap/10[java.lang.StringBuilder,boolean,int,int,int,int,int,long,long,long[]]",lapDelta,10
/Users/sirojiddinkomolov/Documents/innopolis/research/arch_design_pattern_detection/exps/3rd_revision/coach_repos_r/anstop-anstop-v1_x-maint/app/src/main/java/An/stop/Clock.java,An.stop.Clock$LapFormatter,"formatTimeLap/10[java.lang.StringBuilder,boolean,int,int,int,int,int,long,long,long[]]",sbNeedsSpace,4
/Users/sirojiddinkomolov/Documents/innopolis/research/arch_design_pattern_detection/exps/3rd_revision/coach_repos_r/anstop-anstop-v1_x-maint/app/src/main/java/An/stop/Clock.java,An.stop.Clock$LapFormatter,"formatTimeLap/10[java.lang.StringBuilder,boolean,int,int,int,int,int,long,long,long[]]",lapNum,3
/Users/sirojiddinkomolov/Documents/innopolis/research/arch_design_pattern_detection/exps/3rd_revision/coach_repos_r/anstop-anstop-v1_x-maint/app/src/main/java/An/stop/Clock.java,An.stop.Clock$LapFormatter,"formatTimeLap/10[java.lang.StringBuilder,boolean,int,int,int,int,int,long,long,long[]]",systimeMillis,1
/Users/sirojiddinkomolov/Documents/innopolis/research/arch_design_pattern_detection/exps/3rd_revision/coach_repos_r/anstop-anstop-v1_x-maint/app/src/main/java/An/stop/Clock.java,An.stop.Clock$LapFormatter,"formatTimeLap/10[java.lang.StringBuilder,boolean,int,int,int,int,int,long,long,long[]]",hourFmt,5
/Users/sirojiddinkomolov/Documents/innopolis/research/arch_design_pattern_detection/exps/3rd_revision/coach_repos_r/anstop-anstop-v1_x-maint/app/src/main/java/An/stop/Clock.java,An.stop.Clock$LapFormatter,"formatTimeAllLaps/4[java.lang.StringBuilder,int,long[],long[]]",lap_elapsed,2
/Users/sirojiddinkomolov/Documents/innopolis/research/arch_design_pattern_detection/exps/3rd_revision/coach_repos_r/anstop-anstop-v1_x-maint/app/src/main/java/An/stop/Clock.java,An.stop.Clock$LapFormatter,"formatTimeAllLaps/4[java.lang.StringBuilder,int,long[],long[]]",lap_systime,1
/Users/sirojiddinkomolov/Documents/innopolis/research/arch_design_pattern_detection/exps/3rd_revision/coach_repos_r/anstop-anstop-v1_x-maint/app/src/main/java/An/stop/Clock.java,An.stop.Clock$LapFormatter,"formatTimeAllLaps/4[java.lang.StringBuilder,int,long[],long[]]",i,6
/Users/sirojiddinkomolov/Documents/innopolis/research/arch_design_pattern_detection/exps/3rd_revision/coach_repos_r/anstop-anstop-v1_x-maint/app/src/main/java/An/stop/Clock.java,An.stop.Clock$LapFormatter,"formatTimeAllLaps/4[java.lang.StringBuilder,int,long[],long[]]",laps,1
/Users/sirojiddinkomolov/Documents/innopolis/research/arch_design_pattern_detection/exps/3rd_revision/coach_repos_r/anstop-anstop-v1_x-maint/app/src/main/java/An/stop/Clock.java,An.stop.Clock$LapFormatter,"formatTimeAllLaps/4[java.lang.StringBuilder,int,long[],long[]]",sb,3
/Users/sirojiddinkomolov/Documents/innopolis/research/arch_design_pattern_detection/exps/3rd_revision/coach_repos_r/anstop-anstop-v1_x-maint/app/src/main/java/An/stop/Clock.java,An.stop.Clock$LapFormatter,setHourFormat/1[int],newFormat,3
/Users/sirojiddinkomolov/Documents/innopolis/research/arch_design_pattern_detection/exps/3rd_revision/coach_repos_r/anstop-anstop-v1_x-maint/app/src/main/java/An/stop/Anstop.java,An.stop.Anstop$resetButtonListener$Anonymous9,"onClick/2[An.stop.DialogInterface,int]",dialog,0
/Users/sirojiddinkomolov/Documents/innopolis/research/arch_design_pattern_detection/exps/3rd_revision/coach_repos_r/anstop-anstop-v1_x-maint/app/src/main/java/An/stop/Anstop.java,An.stop.Anstop$resetButtonListener$Anonymous9,"onClick/2[An.stop.DialogInterface,int]",whichButton,0
/Users/sirojiddinkomolov/Documents/innopolis/research/arch_design_pattern_detection/exps/3rd_revision/coach_repos_r/anstop-anstop-v1_x-maint/app/src/main/java/An/stop/Anstop.java,An.stop.Anstop$Anonymous2,"onClick/2[An.stop.DialogInterface,int]",dialog,1
/Users/sirojiddinkomolov/Documents/innopolis/research/arch_design_pattern_detection/exps/3rd_revision/coach_repos_r/anstop-anstop-v1_x-maint/app/src/main/java/An/stop/Anstop.java,An.stop.Anstop$Anonymous2,"onClick/2[An.stop.DialogInterface,int]",id,0
/Users/sirojiddinkomolov/Documents/innopolis/research/arch_design_pattern_detection/exps/3rd_revision/coach_repos_r/anstop-anstop-v1_x-maint/app/src/main/java/An/stop/AccelerometerListener.java,An.stop.AccelerometerListener,"onAccuracyChanged/2[An.stop.Sensor,int]",s,0
/Users/sirojiddinkomolov/Documents/innopolis/research/arch_design_pattern_detection/exps/3rd_revision/coach_repos_r/anstop-anstop-v1_x-maint/app/src/main/java/An/stop/AccelerometerListener.java,An.stop.AccelerometerListener,"onAccuracyChanged/2[An.stop.Sensor,int]",valu,0
/Users/sirojiddinkomolov/Documents/innopolis/research/arch_design_pattern_detection/exps/3rd_revision/coach_repos_r/anstop-anstop-v1_x-maint/app/src/main/java/An/stop/AccelerometerListener.java,An.stop.AccelerometerListener,onSensorChanged/1[An.stop.SensorEvent],diffTime,1
/Users/sirojiddinkomolov/Documents/innopolis/research/arch_design_pattern_detection/exps/3rd_revision/coach_repos_r/anstop-anstop-v1_x-maint/app/src/main/java/An/stop/AccelerometerListener.java,An.stop.AccelerometerListener,onSensorChanged/1[An.stop.SensorEvent],event,5
/Users/sirojiddinkomolov/Documents/innopolis/research/arch_design_pattern_detection/exps/3rd_revision/coach_repos_r/anstop-anstop-v1_x-maint/app/src/main/java/An/stop/AccelerometerListener.java,An.stop.AccelerometerListener,"AccelerometerListener/2[An.stop.Activity,An.stop.Clock]",parent,1
/Users/sirojiddinkomolov/Documents/innopolis/research/arch_design_pattern_detection/exps/3rd_revision/coach_repos_r/anstop-anstop-v1_x-maint/app/src/main/java/An/stop/AccelerometerListener.java,An.stop.AccelerometerListener,"AccelerometerListener/2[An.stop.Activity,An.stop.Clock]",clock,2
/Users/sirojiddinkomolov/Documents/innopolis/research/arch_design_pattern_detection/exps/3rd_revision/coach_repos_r/anstop-anstop-v1_x-maint/app/src/main/java/An/stop/AccelerometerListener.java,An.stop.AccelerometerListener,"AccelerometerListener/2[An.stop.Activity,An.stop.Clock]",sensorManager,3
/Users/sirojiddinkomolov/Documents/innopolis/research/arch_design_pattern_detection/exps/3rd_revision/coach_repos_r/anstop-anstop-v1_x-maint/app/src/main/java/An/stop/Anstop.java,An.stop.Anstop$Anonymous1,onLongClick/1[An.stop.View],v,0
/Users/sirojiddinkomolov/Documents/innopolis/research/arch_design_pattern_detection/exps/3rd_revision/coach_repos_r/anstop-anstop-v1_x-maint/app/src/main/java/An/stop/Anstop.java,An.stop.Anstop$Anonymous6,"onClick/2[An.stop.DialogInterface,int]",dialog,0
/Users/sirojiddinkomolov/Documents/innopolis/research/arch_design_pattern_detection/exps/3rd_revision/coach_repos_r/anstop-anstop-v1_x-maint/app/src/main/java/An/stop/Anstop.java,An.stop.Anstop$Anonymous6,"onClick/2[An.stop.DialogInterface,int]",whichButton,0
/Users/sirojiddinkomolov/Documents/innopolis/research/arch_design_pattern_detection/exps/3rd_revision/coach_repos_r/anstop-anstop-v1_x-maint/app/src/main/java/An/stop/ExportHelper.java,An.stop.ExportHelper,ExportHelper/1[An.stop.Context],context,1
/Users/sirojiddinkomolov/Documents/innopolis/research/arch_design_pattern_detection/exps/3rd_revision/coach_repos_r/anstop-anstop-v1_x-maint/app/src/main/java/An/stop/ExportHelper.java,An.stop.ExportHelper,write/1[long],val,1
/Users/sirojiddinkomolov/Documents/innopolis/research/arch_design_pattern_detection/exps/3rd_revision/coach_repos_r/anstop-anstop-v1_x-maint/app/src/main/java/An/stop/ExportHelper.java,An.stop.ExportHelper,write/1[long],dba,3
/Users/sirojiddinkomolov/Documents/innopolis/research/arch_design_pattern_detection/exps/3rd_revision/coach_repos_r/anstop-anstop-v1_x-maint/app/src/main/java/An/stop/ExportHelper.java,An.stop.ExportHelper,write/1[long],columns,3
/Users/sirojiddinkomolov/Documents/innopolis/research/arch_design_pattern_detection/exps/3rd_revision/coach_repos_r/anstop-anstop-v1_x-maint/app/src/main/java/An/stop/ExportHelper.java,An.stop.ExportHelper,write/1[long],rowId,1
/Users/sirojiddinkomolov/Documents/innopolis/research/arch_design_pattern_detection/exps/3rd_revision/coach_repos_r/anstop-anstop-v1_x-maint/app/src/main/java/An/stop/ExportHelper.java,An.stop.ExportHelper,write/1[An.stop.Cursor],val,2
/Users/sirojiddinkomolov/Documents/innopolis/research/arch_design_pattern_detection/exps/3rd_revision/coach_repos_r/anstop-anstop-v1_x-maint/app/src/main/java/An/stop/ExportHelper.java,An.stop.ExportHelper,write/1[An.stop.Cursor],c,4
/Users/sirojiddinkomolov/Documents/innopolis/research/arch_design_pattern_detection/exps/3rd_revision/coach_repos_r/anstop-anstop-v1_x-maint/app/src/main/java/An/stop/ExportHelper.java,An.stop.ExportHelper,write/1[An.stop.Cursor],i,4
/Users/sirojiddinkomolov/Documents/innopolis/research/arch_design_pattern_detection/exps/3rd_revision/coach_repos_r/anstop-anstop-v1_x-maint/app/src/main/java/An/stop/ExportHelper.java,An.stop.ExportHelper,"write/2[java.lang.String,java.lang.String]",storageState,1
/Users/sirojiddinkomolov/Documents/innopolis/research/arch_design_pattern_detection/exps/3rd_revision/coach_repos_r/anstop-anstop-v1_x-maint/app/src/main/java/An/stop/ExportHelper.java,An.stop.ExportHelper,"write/2[java.lang.String,java.lang.String]",e,1
/Users/sirojiddinkomolov/Documents/innopolis/research/arch_design_pattern_detection/exps/3rd_revision/coach_repos_r/anstop-anstop-v1_x-maint/app/src/main/java/An/stop/ExportHelper.java,An.stop.ExportHelper,"write/2[java.lang.String,java.lang.String]",f,1
/Users/sirojiddinkomolov/Documents/innopolis/research/arch_design_pattern_detection/exps/3rd_revision/coach_repos_r/anstop-anstop-v1_x-maint/app/src/main/java/An/stop/ExportHelper.java,An.stop.ExportHelper,"write/2[java.lang.String,java.lang.String]",j,1
/Users/sirojiddinkomolov/Documents/innopolis/research/arch_design_pattern_detection/exps/3rd_revision/coach_repos_r/anstop-anstop-v1_x-maint/app/src/main/java/An/stop/ExportHelper.java,An.stop.ExportHelper,"write/2[java.lang.String,java.lang.String]",title,1
/Users/sirojiddinkomolov/Documents/innopolis/research/arch_design_pattern_detection/exps/3rd_revision/coach_repos_r/anstop-anstop-v1_x-maint/app/src/main/java/An/stop/ExportHelper.java,An.stop.ExportHelper,"write/2[java.lang.String,java.lang.String]",body,1
/Users/sirojiddinkomolov/Documents/innopolis/research/arch_design_pattern_detection/exps/3rd_revision/coach_repos_r/anstop-anstop-v1_x-maint/app/src/main/java/An/stop/Anstop.java,An.stop.Anstop$Anonymous5,"onClick/2[An.stop.DialogInterface,int]",dialog,0
/Users/sirojiddinkomolov/Documents/innopolis/research/arch_design_pattern_detection/exps/3rd_revision/coach_repos_r/anstop-anstop-v1_x-maint/app/src/main/java/An/stop/Anstop.java,An.stop.Anstop$Anonymous5,"onClick/2[An.stop.DialogInterface,int]",whichButton,0
/Users/sirojiddinkomolov/Documents/innopolis/research/arch_design_pattern_detection/exps/3rd_revision/coach_repos_r/anstop-anstop-v1_x-maint/app/src/main/java/An/stop/Anstop.java,An.stop.Anstop$Anonymous16,onAnimationEnd/1[An.stop.Animation],inAnim,1
/Users/sirojiddinkomolov/Documents/innopolis/research/arch_design_pattern_detection/exps/3rd_revision/coach_repos_r/anstop-anstop-v1_x-maint/app/src/main/java/An/stop/Anstop.java,An.stop.Anstop$Anonymous16,onAnimationEnd/1[An.stop.Animation],animation,0
/Users/sirojiddinkomolov/Documents/innopolis/research/arch_design_pattern_detection/exps/3rd_revision/coach_repos_r/anstop-anstop-v1_x-maint/app/src/main/java/An/stop/Anstop.java,An.stop.Anstop$Anonymous16,onAnimationStart/1[An.stop.Animation],animation,0
/Users/sirojiddinkomolov/Documents/innopolis/research/arch_design_pattern_detection/exps/3rd_revision/coach_repos_r/anstop-anstop-v1_x-maint/app/src/main/java/An/stop/Anstop.java,An.stop.Anstop$Anonymous16,onAnimationRepeat/1[An.stop.Animation],animation,0
/Users/sirojiddinkomolov/Documents/innopolis/research/arch_design_pattern_detection/exps/3rd_revision/coach_repos_r/anstop-anstop-v1_x-maint/app/src/main/java/An/stop/Anstop.java,An.stop.Anstop$Anonymous4,"onClick/2[An.stop.DialogInterface,int]",dialog,1
/Users/sirojiddinkomolov/Documents/innopolis/research/arch_design_pattern_detection/exps/3rd_revision/coach_repos_r/anstop-anstop-v1_x-maint/app/src/main/java/An/stop/Anstop.java,An.stop.Anstop$Anonymous4,"onClick/2[An.stop.DialogInterface,int]",whichButton,0
/Users/sirojiddinkomolov/Documents/innopolis/research/arch_design_pattern_detection/exps/3rd_revision/coach_repos_r/anstop-anstop-v1_x-maint/app/src/main/java/An/stop/Anstop.java,An.stop.Anstop$Anonymous3,"onClick/2[An.stop.DialogInterface,int]",dialog,0
/Users/sirojiddinkomolov/Documents/innopolis/research/arch_design_pattern_detection/exps/3rd_revision/coach_repos_r/anstop-anstop-v1_x-maint/app/src/main/java/An/stop/Anstop.java,An.stop.Anstop$Anonymous3,"onClick/2[An.stop.DialogInterface,int]",toast,1
/Users/sirojiddinkomolov/Documents/innopolis/research/arch_design_pattern_detection/exps/3rd_revision/coach_repos_r/anstop-anstop-v1_x-maint/app/src/main/java/An/stop/Anstop.java,An.stop.Anstop$Anonymous3,"onClick/2[An.stop.DialogInterface,int]",whichButton,0
/Users/sirojiddinkomolov/Documents/innopolis/research/arch_design_pattern_detection/exps/3rd_revision/coach_repos_r/anstop-anstop-v1_x-maint/app/src/main/java/An/stop/Anstop.java,An.stop.Anstop$Anonymous3,"onClick/2[An.stop.DialogInterface,int]",id,1
/Users/sirojiddinkomolov/Documents/innopolis/research/arch_design_pattern_detection/exps/3rd_revision/coach_repos_r/anstop-anstop-v1_x-maint/app/src/main/java/An/stop/Anstop.java,An.stop.Anstop,updateStartTimeCommentLapsView/1[boolean],sttime,2
/Users/sirojiddinkomolov/Documents/innopolis/research/arch_design_pattern_detection/exps/3rd_revision/coach_repos_r/anstop-anstop-v1_x-maint/app/src/main/java/An/stop/Anstop.java,An.stop.Anstop,updateStartTimeCommentLapsView/1[boolean],formatChanged,1
/Users/sirojiddinkomolov/Documents/innopolis/research/arch_design_pattern_detection/exps/3rd_revision/coach_repos_r/anstop-anstop-v1_x-maint/app/src/main/java/An/stop/Anstop.java,An.stop.Anstop,updateStartTimeCommentLapsView/1[boolean],sb,11
/Users/sirojiddinkomolov/Documents/innopolis/research/arch_design_pattern_detection/exps/3rd_revision/coach_repos_r/anstop-anstop-v1_x-maint/app/src/main/java/An/stop/Anstop.java,An.stop.Anstop,clickRefreshCountdownTime/1[boolean],toast,1
/Users/sirojiddinkomolov/Documents/innopolis/research/arch_design_pattern_detection/exps/3rd_revision/coach_repos_r/anstop-anstop-v1_x-maint/app/src/main/java/An/stop/Anstop.java,An.stop.Anstop,clickRefreshCountdownTime/1[boolean],s,2
/Users/sirojiddinkomolov/Documents/innopolis/research/arch_design_pattern_detection/exps/3rd_revision/coach_repos_r/anstop-anstop-v1_x-maint/app/src/main/java/An/stop/Anstop.java,An.stop.Anstop,clickRefreshCountdownTime/1[boolean],h,4
/Users/sirojiddinkomolov/Documents/innopolis/research/arch_design_pattern_detection/exps/3rd_revision/coach_repos_r/anstop-anstop-v1_x-maint/app/src/main/java/An/stop/Anstop.java,An.stop.Anstop,clickRefreshCountdownTime/1[boolean],onlyIfZero,1
/Users/sirojiddinkomolov/Documents/innopolis/research/arch_design_pattern_detection/exps/3rd_revision/coach_repos_r/anstop-anstop-v1_x-maint/app/src/main/java/An/stop/Anstop.java,An.stop.Anstop,clickRefreshCountdownTime/1[boolean],m,3
/Users/sirojiddinkomolov/Documents/innopolis/research/arch_design_pattern_detection/exps/3rd_revision/coach_repos_r/anstop-anstop-v1_x-maint/app/src/main/java/An/stop/Anstop.java,An.stop.Anstop,onSaveInstanceState/1[An.stop.Bundle],outState,1
/Users/sirojiddinkomolov/Documents/innopolis/research/arch_design_pattern_detection/exps/3rd_revision/coach_repos_r/anstop-anstop-v1_x-maint/app/src/main/java/An/stop/Anstop.java,An.stop.Anstop,onCreateDialog/1[int],inputComm,1
/Users/sirojiddinkomolov/Documents/innopolis/research/arch_design_pattern_detection/exps/3rd_revision/coach_repos_r/anstop-anstop-v1_x-maint/app/src/main/java/An/stop/Anstop.java,An.stop.Anstop,onCreateDialog/1[int],commentBuilder,5
/Users/sirojiddinkomolov/Documents/innopolis/research/arch_design_pattern_detection/exps/3rd_revision/coach_repos_r/anstop-anstop-v1_x-maint/app/src/main/java/An/stop/Anstop.java,An.stop.Anstop,onCreateDialog/1[int],saveBuilder,7
/Users/sirojiddinkomolov/Documents/innopolis/research/arch_design_pattern_detection/exps/3rd_revision/coach_repos_r/anstop-anstop-v1_x-maint/app/src/main/java/An/stop/Anstop.java,An.stop.Anstop,onCreateDialog/1[int],dialog,7
/Users/sirojiddinkomolov/Documents/innopolis/research/arch_design_pattern_detection/exps/3rd_revision/coach_repos_r/anstop-anstop-v1_x-maint/app/src/main/java/An/stop/Anstop.java,An.stop.Anstop,onCreateDialog/1[int],aboutBuilder,2
/Users/sirojiddinkomolov/Documents/innopolis/research/arch_design_pattern_detection/exps/3rd_revision/coach_repos_r/anstop-anstop-v1_x-maint/app/src/main/java/An/stop/Anstop.java,An.stop.Anstop,onCreateDialog/1[int],input,1
/Users/sirojiddinkomolov/Documents/innopolis/research/arch_design_pattern_detection/exps/3rd_revision/coach_repos_r/anstop-anstop-v1_x-maint/app/src/main/java/An/stop/Anstop.java,An.stop.Anstop,onCreateDialog/1[int],about_str,2
/Users/sirojiddinkomolov/Documents/innopolis/research/arch_design_pattern_detection/exps/3rd_revision/coach_repos_r/anstop-anstop-v1_x-maint/app/src/main/java/An/stop/Anstop.java,An.stop.Anstop,onCreateDialog/1[int],etNotes,2
/Users/sirojiddinkomolov/Documents/innopolis/research/arch_design_pattern_detection/exps/3rd_revision/coach_repos_r/anstop-anstop-v1_x-maint/app/src/main/java/An/stop/Anstop.java,An.stop.Anstop,onCreateDialog/1[int],v,3
/Users/sirojiddinkomolov/Documents/innopolis/research/arch_design_pattern_detection/exps/3rd_revision/coach_repos_r/anstop-anstop-v1_x-maint/app/src/main/java/An/stop/Anstop.java,An.stop.Anstop,onCreateDialog/1[int],tvText,2
/Users/sirojiddinkomolov/Documents/innopolis/research/arch_design_pattern_detection/exps/3rd_revision/coach_repos_r/anstop-anstop-v1_x-maint/app/src/main/java/An/stop/Anstop.java,An.stop.Anstop,onCreateDialog/1[int],tv_about_text,4
/Users/sirojiddinkomolov/Documents/innopolis/research/arch_design_pattern_detection/exps/3rd_revision/coach_repos_r/anstop-anstop-v1_x-maint/app/src/main/java/An/stop/Anstop.java,An.stop.Anstop,onCreateDialog/1[int],id,3
/Users/sirojiddinkomolov/Documents/innopolis/research/arch_design_pattern_detection/exps/3rd_revision/coach_repos_r/anstop-anstop-v1_x-maint/app/src/main/java/An/stop/Anstop.java,An.stop.Anstop,onCreateDialog/1[int],dldBuilder,2
/Users/sirojiddinkomolov/Documents/innopolis/research/arch_design_pattern_detection/exps/3rd_revision/coach_repos_r/anstop-anstop-v1_x-maint/app/src/main/java/An/stop/Anstop.java,An.stop.Anstop,onOptionsItemSelected/1[An.stop.MenuItem],item,1
/Users/sirojiddinkomolov/Documents/innopolis/research/arch_design_pattern_detection/exps/3rd_revision/coach_repos_r/anstop-anstop-v1_x-maint/app/src/main/java/An/stop/Anstop.java,An.stop.Anstop,onOptionsItemSelected/1[An.stop.MenuItem],i,4
/Users/sirojiddinkomolov/Documents/innopolis/research/arch_design_pattern_detection/exps/3rd_revision/coach_repos_r/anstop-anstop-v1_x-maint/app/src/main/java/An/stop/Anstop.java,An.stop.Anstop,onCreate/1[An.stop.Bundle],savedInstanceState,4
/Users/sirojiddinkomolov/Documents/innopolis/research/arch_design_pattern_detection/exps/3rd_revision/coach_repos_r/anstop-anstop-v1_x-maint/app/src/main/java/An/stop/Anstop.java,An.stop.Anstop,onCreate/1[An.stop.Bundle],settings,1
/Users/sirojiddinkomolov/Documents/innopolis/research/arch_design_pattern_detection/exps/3rd_revision/coach_repos_r/anstop-anstop-v1_x-maint/app/src/main/java/An/stop/Anstop.java,An.stop.Anstop,onCreate/1[An.stop.Bundle],isInitialStartup,2
/Users/sirojiddinkomolov/Documents/innopolis/research/arch_design_pattern_detection/exps/3rd_revision/coach_repos_r/anstop-anstop-v1_x-maint/app/src/main/java/An/stop/Anstop.java,An.stop.Anstop,setupGesture/0,layout,2
/Users/sirojiddinkomolov/Documents/innopolis/research/arch_design_pattern_detection/exps/3rd_revision/coach_repos_r/anstop-anstop-v1_x-maint/app/src/main/java/An/stop/Anstop.java,An.stop.Anstop,setupGesture/0,mainViewGroup,3
/Users/sirojiddinkomolov/Documents/innopolis/research/arch_design_pattern_detection/exps/3rd_revision/coach_repos_r/anstop-anstop-v1_x-maint/app/src/main/java/An/stop/Anstop.java,An.stop.Anstop,"onActivityResult/3[int,int,An.stop.Intent]",data,0
/Users/sirojiddinkomolov/Documents/innopolis/research/arch_design_pattern_detection/exps/3rd_revision/coach_repos_r/anstop-anstop-v1_x-maint/app/src/main/java/An/stop/Anstop.java,An.stop.Anstop,"onActivityResult/3[int,int,An.stop.Intent]",resultCode,0
/Users/sirojiddinkomolov/Documents/innopolis/research/arch_design_pattern_detection/exps/3rd_revision/coach_repos_r/anstop-anstop-v1_x-maint/app/src/main/java/An/stop/Anstop.java,An.stop.Anstop,"onActivityResult/3[int,int,An.stop.Intent]",requestCode,0
/Users/sirojiddinkomolov/Documents/innopolis/research/arch_design_pattern_detection/exps/3rd_revision/coach_repos_r/anstop-anstop-v1_x-maint/app/src/main/java/An/stop/Anstop.java,An.stop.Anstop,onCreateOptionsMenu/1[An.stop.Menu],menu,7
/Users/sirojiddinkomolov/Documents/innopolis/research/arch_design_pattern_detection/exps/3rd_revision/coach_repos_r/anstop-anstop-v1_x-maint/app/src/main/java/An/stop/Anstop.java,An.stop.Anstop,readSettings/1[boolean],settings,9
/Users/sirojiddinkomolov/Documents/innopolis/research/arch_design_pattern_detection/exps/3rd_revision/coach_repos_r/anstop-anstop-v1_x-maint/app/src/main/java/An/stop/Anstop.java,An.stop.Anstop,readSettings/1[boolean],outPref,5
/Users/sirojiddinkomolov/Documents/innopolis/research/arch_design_pattern_detection/exps/3rd_revision/coach_repos_r/anstop-anstop-v1_x-maint/app/src/main/java/An/stop/Anstop.java,An.stop.Anstop,readSettings/1[boolean],settingHour,2
/Users/sirojiddinkomolov/Documents/innopolis/research/arch_design_pattern_detection/exps/3rd_revision/coach_repos_r/anstop-anstop-v1_x-maint/app/src/main/java/An/stop/Anstop.java,An.stop.Anstop,readSettings/1[boolean],e,2
/Users/sirojiddinkomolov/Documents/innopolis/research/arch_design_pattern_detection/exps/3rd_revision/coach_repos_r/anstop-anstop-v1_x-maint/app/src/main/java/An/stop/Anstop.java,An.stop.Anstop,readSettings/1[boolean],needUpdate,3
/Users/sirojiddinkomolov/Documents/innopolis/research/arch_design_pattern_detection/exps/3rd_revision/coach_repos_r/anstop-anstop-v1_x-maint/app/src/main/java/An/stop/Anstop.java,An.stop.Anstop,readSettings/1[boolean],settingMode,3
/Users/sirojiddinkomolov/Documents/innopolis/research/arch_design_pattern_detection/exps/3rd_revision/coach_repos_r/anstop-anstop-v1_x-maint/app/src/main/java/An/stop/Anstop.java,An.stop.Anstop,readSettings/1[boolean],settingLap,4
/Users/sirojiddinkomolov/Documents/innopolis/research/arch_design_pattern_detection/exps/3rd_revision/coach_repos_r/anstop-anstop-v1_x-maint/app/src/main/java/An/stop/Anstop.java,An.stop.Anstop,readSettings/1[boolean],isStartup,2
/Users/sirojiddinkomolov/Documents/innopolis/research/arch_design_pattern_detection/exps/3rd_revision/coach_repos_r/anstop-anstop-v1_x-maint/app/src/main/java/An/stop/Anstop.java,An.stop.Anstop,createBodyFromCurrent/0,spinnerHrs,4
/Users/sirojiddinkomolov/Documents/innopolis/research/arch_design_pattern_detection/exps/3rd_revision/coach_repos_r/anstop-anstop-v1_x-maint/app/src/main/java/An/stop/Anstop.java,An.stop.Anstop,createBodyFromCurrent/0,hoursStr,4
/Users/sirojiddinkomolov/Documents/innopolis/research/arch_design_pattern_detection/exps/3rd_revision/coach_repos_r/anstop-anstop-v1_x-maint/app/src/main/java/An/stop/Anstop.java,An.stop.Anstop,createBodyFromCurrent/0,spinnerHoursStr,3
/Users/sirojiddinkomolov/Documents/innopolis/research/arch_design_pattern_detection/exps/3rd_revision/coach_repos_r/anstop-anstop-v1_x-maint/app/src/main/java/An/stop/Anstop.java,An.stop.Anstop,createBodyFromCurrent/0,spinnerMin,2
/Users/sirojiddinkomolov/Documents/innopolis/research/arch_design_pattern_detection/exps/3rd_revision/coach_repos_r/anstop-anstop-v1_x-maint/app/src/main/java/An/stop/Anstop.java,An.stop.Anstop,createBodyFromCurrent/0,body,4
/Users/sirojiddinkomolov/Documents/innopolis/research/arch_design_pattern_detection/exps/3rd_revision/coach_repos_r/anstop-anstop-v1_x-maint/app/src/main/java/An/stop/Anstop.java,An.stop.Anstop,setupCommentLongPress/1[An.stop.TextView],tv,1
/Users/sirojiddinkomolov/Documents/innopolis/research/arch_design_pattern_detection/exps/3rd_revision/coach_repos_r/anstop-anstop-v1_x-maint/app/src/main/java/An/stop/Anstop.java,An.stop.Anstop,onRestoreInstanceState/1[An.stop.Bundle],settings,3
/Users/sirojiddinkomolov/Documents/innopolis/research/arch_design_pattern_detection/exps/3rd_revision/coach_repos_r/anstop-anstop-v1_x-maint/app/src/main/java/An/stop/Anstop.java,An.stop.Anstop,onRestoreInstanceState/1[An.stop.Bundle],bundleSavedAt,2
/Users/sirojiddinkomolov/Documents/innopolis/research/arch_design_pattern_detection/exps/3rd_revision/coach_repos_r/anstop-anstop-v1_x-maint/app/src/main/java/An/stop/Anstop.java,An.stop.Anstop,onRestoreInstanceState/1[An.stop.Bundle],spSavedAt,3
/Users/sirojiddinkomolov/Documents/innopolis/research/arch_design_pattern_detection/exps/3rd_revision/coach_repos_r/anstop-anstop-v1_x-maint/app/src/main/java/An/stop/Anstop.java,An.stop.Anstop,onRestoreInstanceState/1[An.stop.Bundle],inState,5
/Users/sirojiddinkomolov/Documents/innopolis/research/arch_design_pattern_detection/exps/3rd_revision/coach_repos_r/anstop-anstop-v1_x-maint/app/src/main/java/An/stop/Anstop.java,An.stop.Anstop,onRestoreInstanceState/1[An.stop.Bundle],newCurrent,3
/Users/sirojiddinkomolov/Documents/innopolis/research/arch_design_pattern_detection/exps/3rd_revision/coach_repos_r/anstop-anstop-v1_x-maint/app/src/main/java/An/stop/Anstop.java,An.stop.Anstop,onRestoreInstanceState/1[An.stop.SharedPreferences],settings,26
/Users/sirojiddinkomolov/Documents/innopolis/research/arch_design_pattern_detection/exps/3rd_revision/coach_repos_r/anstop-anstop-v1_x-maint/app/src/main/java/An/stop/Anstop.java,An.stop.Anstop,onRestoreInstanceState/1[An.stop.SharedPreferences],newCurrent,3
/Users/sirojiddinkomolov/Documents/innopolis/research/arch_design_pattern_detection/exps/3rd_revision/coach_repos_r/anstop-anstop-v1_x-maint/app/src/main/java/An/stop/Anstop.java,An.stop.Anstop,onRestoreInstanceState/1[An.stop.SharedPreferences],inUse,1
/Users/sirojiddinkomolov/Documents/innopolis/research/arch_design_pattern_detection/exps/3rd_revision/coach_repos_r/anstop-anstop-v1_x-maint/app/src/main/java/An/stop/Anstop.java,An.stop.Anstop,onRestoreInstanceState/1[An.stop.SharedPreferences],comment,3
/Users/sirojiddinkomolov/Documents/innopolis/research/arch_design_pattern_detection/exps/3rd_revision/coach_repos_r/anstop-anstop-v1_x-maint/app/src/main/java/An/stop/Anstop.java,An.stop.Anstop,updateHourVisibility/0,hourVis,2
/Users/sirojiddinkomolov/Documents/innopolis/research/arch_design_pattern_detection/exps/3rd_revision/coach_repos_r/anstop-anstop-v1_x-maint/app/src/main/java/An/stop/Anstop.java,An.stop.Anstop,updateHourVisibility/0,hourWantVisible,1
/Users/sirojiddinkomolov/Documents/innopolis/research/arch_design_pattern_detection/exps/3rd_revision/coach_repos_r/anstop-anstop-v1_x-maint/app/src/main/java/An/stop/Anstop.java,An.stop.Anstop,"buildDateFormat/2[An.stop.Context,boolean]",hh,2
/Users/sirojiddinkomolov/Documents/innopolis/research/arch_design_pattern_detection/exps/3rd_revision/coach_repos_r/anstop-anstop-v1_x-maint/app/src/main/java/An/stop/Anstop.java,An.stop.Anstop,"buildDateFormat/2[An.stop.Context,boolean]",fmt_dow_meddate,24
/Users/sirojiddinkomolov/Documents/innopolis/research/arch_design_pattern_detection/exps/3rd_revision/coach_repos_r/anstop-anstop-v1_x-maint/app/src/main/java/An/stop/Anstop.java,An.stop.Anstop,"buildDateFormat/2[An.stop.Context,boolean]",timeOnly,1
/Users/sirojiddinkomolov/Documents/innopolis/research/arch_design_pattern_detection/exps/3rd_revision/coach_repos_r/anstop-anstop-v1_x-maint/app/src/main/java/An/stop/Anstop.java,An.stop.Anstop,"buildDateFormat/2[An.stop.Context,boolean]",c,8
/Users/sirojiddinkomolov/Documents/innopolis/research/arch_design_pattern_detection/exps/3rd_revision/coach_repos_r/anstop-anstop-v1_x-maint/app/src/main/java/An/stop/Anstop.java,An.stop.Anstop,"buildDateFormat/2[An.stop.Context,boolean]",ctx,2
/Users/sirojiddinkomolov/Documents/innopolis/research/arch_design_pattern_detection/exps/3rd_revision/coach_repos_r/anstop-anstop-v1_x-maint/app/src/main/java/An/stop/Anstop.java,An.stop.Anstop,"buildDateFormat/2[An.stop.Context,boolean]",ymd_order,2
/Users/sirojiddinkomolov/Documents/innopolis/research/arch_design_pattern_detection/exps/3rd_revision/coach_repos_r/anstop-anstop-v1_x-maint/app/src/main/java/An/stop/Anstop.java,An.stop.Anstop,"buildDateFormat/2[An.stop.Context,boolean]",da,4
/Users/sirojiddinkomolov/Documents/innopolis/research/arch_design_pattern_detection/exps/3rd_revision/coach_repos_r/anstop-anstop-v1_x-maint/app/src/main/java/An/stop/Anstop.java,An.stop.Anstop,"buildDateFormat/2[An.stop.Context,boolean]",is24,3
/Users/sirojiddinkomolov/Documents/innopolis/research/arch_design_pattern_detection/exps/3rd_revision/coach_repos_r/anstop-anstop-v1_x-maint/app/src/main/java/An/stop/Anstop.java,An.stop.Anstop,"animateSwitch/2[boolean,int]",toRight,1
/Users/sirojiddinkomolov/Documents/innopolis/research/arch_design_pattern_detection/exps/3rd_revision/coach_repos_r/anstop-anstop-v1_x-maint/app/src/main/java/An/stop/Anstop.java,An.stop.Anstop,"animateSwitch/2[boolean,int]",layout,1
/Users/sirojiddinkomolov/Documents/innopolis/research/arch_design_pattern_detection/exps/3rd_revision/coach_repos_r/anstop-anstop-v1_x-maint/app/src/main/java/An/stop/Anstop.java,An.stop.Anstop,"animateSwitch/2[boolean,int]",modeBefore,1
/Users/sirojiddinkomolov/Documents/innopolis/research/arch_design_pattern_detection/exps/3rd_revision/coach_repos_r/anstop-anstop-v1_x-maint/app/src/main/java/An/stop/Anstop.java,An.stop.Anstop,"animateSwitch/2[boolean,int]",animation,2
/Users/sirojiddinkomolov/Documents/innopolis/research/arch_design_pattern_detection/exps/3rd_revision/coach_repos_r/anstop-anstop-v1_x-maint/app/src/main/java/An/stop/Anstop.java,An.stop.Anstop,"startSendMailIntent/3[An.stop.Activity,java.lang.String,java.lang.String]",caller,2
/Users/sirojiddinkomolov/Documents/innopolis/research/arch_design_pattern_detection/exps/3rd_revision/coach_repos_r/anstop-anstop-v1_x-maint/app/src/main/java/An/stop/Anstop.java,An.stop.Anstop,"startSendMailIntent/3[An.stop.Activity,java.lang.String,java.lang.String]",emailIntent,5
/Users/sirojiddinkomolov/Documents/innopolis/research/arch_design_pattern_detection/exps/3rd_revision/coach_repos_r/anstop-anstop-v1_x-maint/app/src/main/java/An/stop/Anstop.java,An.stop.Anstop,"startSendMailIntent/3[An.stop.Activity,java.lang.String,java.lang.String]",title,1
/Users/sirojiddinkomolov/Documents/innopolis/research/arch_design_pattern_detection/exps/3rd_revision/coach_repos_r/anstop-anstop-v1_x-maint/app/src/main/java/An/stop/Anstop.java,An.stop.Anstop,"startSendMailIntent/3[An.stop.Activity,java.lang.String,java.lang.String]",body,1
/Users/sirojiddinkomolov/Documents/innopolis/research/arch_design_pattern_detection/exps/3rd_revision/coach_repos_r/anstop-anstop-v1_x-maint/app/src/main/java/An/stop/Anstop.java,An.stop.Anstop,"startSendMailIntent/3[An.stop.Activity,java.lang.String,java.lang.String]",empty_recipients,1
/Users/sirojiddinkomolov/Documents/innopolis/research/arch_design_pattern_detection/exps/3rd_revision/coach_repos_r/anstop-anstop-v1_x-maint/app/src/main/java/An/stop/Anstop.java,An.stop.Anstop,countdown/0,adapter,4
/Users/sirojiddinkomolov/Documents/innopolis/research/arch_design_pattern_detection/exps/3rd_revision/coach_repos_r/anstop-anstop-v1_x-maint/app/src/main/java/An/stop/Anstop.java,An.stop.Anstop,countdown/0,sepView,3
/Users/sirojiddinkomolov/Documents/innopolis/research/arch_design_pattern_detection/exps/3rd_revision/coach_repos_r/anstop-anstop-v1_x-maint/app/src/main/java/An/stop/Anstop.java,An.stop.Anstop,"popupConfirmChangeMode/3[boolean,int,int]",toRight,0
/Users/sirojiddinkomolov/Documents/innopolis/research/arch_design_pattern_detection/exps/3rd_revision/coach_repos_r/anstop-anstop-v1_x-maint/app/src/main/java/An/stop/Anstop.java,An.stop.Anstop,"popupConfirmChangeMode/3[boolean,int,int]",currMode,0
/Users/sirojiddinkomolov/Documents/innopolis/research/arch_design_pattern_detection/exps/3rd_revision/coach_repos_r/anstop-anstop-v1_x-maint/app/src/main/java/An/stop/Anstop.java,An.stop.Anstop,"popupConfirmChangeMode/3[boolean,int,int]",alert,5
/Users/sirojiddinkomolov/Documents/innopolis/research/arch_design_pattern_detection/exps/3rd_revision/coach_repos_r/anstop-anstop-v1_x-maint/app/src/main/java/An/stop/Anstop.java,An.stop.Anstop,"popupConfirmChangeMode/3[boolean,int,int]",newMode,0
/Users/sirojiddinkomolov/Documents/innopolis/research/arch_design_pattern_detection/exps/3rd_revision/coach_repos_r/anstop-anstop-v1_x-maint/app/src/main/java/An/stop/Anstop.java,An.stop.Anstop,"onPrepareDialog/2[int,An.stop.Dialog]",dialog,1
/Users/sirojiddinkomolov/Documents/innopolis/research/arch_design_pattern_detection/exps/3rd_revision/coach_repos_r/anstop-anstop-v1_x-maint/app/src/main/java/An/stop/Anstop.java,An.stop.Anstop,"onPrepareDialog/2[int,An.stop.Dialog]",id,2
/Users/sirojiddinkomolov/Documents/innopolis/research/arch_design_pattern_detection/exps/3rd_revision/coach_repos_r/anstop-anstop-v1_x-maint/app/src/main/java/An/stop/Anstop.java,An.stop.Anstop,currentModeAsString/0,modus,3
/Users/sirojiddinkomolov/Documents/innopolis/research/arch_design_pattern_detection/exps/3rd_revision/coach_repos_r/anstop-anstop-v1_x-maint/app/src/main/java/An/stop/Anstop.java,An.stop.Anstop,addDebugLog/1[java.lang.CharSequence],msg,1
/Users/sirojiddinkomolov/Documents/innopolis/research/arch_design_pattern_detection/exps/3rd_revision/coach_repos_r/anstop-anstop-v1_x-maint/app/src/main/java/An/stop/Anstop.java,An.stop.Anstop,getLayout/1[int],index,1
/Users/sirojiddinkomolov/Documents/innopolis/research/arch_design_pattern_detection/exps/3rd_revision/coach_repos_r/anstop-anstop-v1_x-maint/app/src/main/java/An/stop/Anstop.java,An.stop.Anstop,readLapFormatPrefFlags/1[An.stop.SharedPreferences],lapFmtElapsed,1
/Users/sirojiddinkomolov/Documents/innopolis/research/arch_design_pattern_detection/exps/3rd_revision/coach_repos_r/anstop-anstop-v1_x-maint/app/src/main/java/An/stop/Anstop.java,An.stop.Anstop,readLapFormatPrefFlags/1[An.stop.SharedPreferences],settings,3
/Users/sirojiddinkomolov/Documents/innopolis/research/arch_design_pattern_detection/exps/3rd_revision/coach_repos_r/anstop-anstop-v1_x-maint/app/src/main/java/An/stop/Anstop.java,An.stop.Anstop,readLapFormatPrefFlags/1[An.stop.SharedPreferences],lapFmtSystime,1
/Users/sirojiddinkomolov/Documents/innopolis/research/arch_design_pattern_detection/exps/3rd_revision/coach_repos_r/anstop-anstop-v1_x-maint/app/src/main/java/An/stop/Anstop.java,An.stop.Anstop,readLapFormatPrefFlags/1[An.stop.SharedPreferences],settingLap,4
/Users/sirojiddinkomolov/Documents/innopolis/research/arch_design_pattern_detection/exps/3rd_revision/coach_repos_r/anstop-anstop-v1_x-maint/app/src/main/java/An/stop/Anstop.java,An.stop.Anstop,readLapFormatPrefFlags/1[An.stop.SharedPreferences],lapFmtDelta,1
/Users/sirojiddinkomolov/Documents/innopolis/research/arch_design_pattern_detection/exps/3rd_revision/coach_repos_r/anstop-anstop-v1_x-maint/app/src/main/java/An/stop/Anstop.java,An.stop.Anstop,"changeModeOrPopupConfirm/3[boolean,int,int]",animateToLeft,2
/Users/sirojiddinkomolov/Documents/innopolis/research/arch_design_pattern_detection/exps/3rd_revision/coach_repos_r/anstop-anstop-v1_x-maint/app/src/main/java/An/stop/Anstop.java,An.stop.Anstop,"changeModeOrPopupConfirm/3[boolean,int,int]",currMode,3
/Users/sirojiddinkomolov/Documents/innopolis/research/arch_design_pattern_detection/exps/3rd_revision/coach_repos_r/anstop-anstop-v1_x-maint/app/src/main/java/An/stop/Anstop.java,An.stop.Anstop,"changeModeOrPopupConfirm/3[boolean,int,int]",newMode,4
/Users/sirojiddinkomolov/Documents/innopolis/research/arch_design_pattern_detection/exps/3rd_revision/coach_repos_r/anstop-anstop-v1_x-maint/app/src/main/java/An/stop/Anstop.java,An.stop.Anstop,setCurrentMode/1[int],newCurrent,2
/Users/sirojiddinkomolov/Documents/innopolis/research/arch_design_pattern_detection/exps/3rd_revision/coach_repos_r/anstop-anstop-v1_x-maint/app/src/main/java/An/stop/Anstop.java,An.stop.Anstop,resetClockAndViews/0,settings,4
/Users/sirojiddinkomolov/Documents/innopolis/research/arch_design_pattern_detection/exps/3rd_revision/coach_repos_r/anstop-anstop-v1_x-maint/app/src/main/java/An/stop/Anstop.java,An.stop.Anstop,resetClockAndViews/0,outPref,4
/Users/sirojiddinkomolov/Documents/innopolis/research/arch_design_pattern_detection/exps/3rd_revision/coach_repos_r/anstop-anstop-v1_x-maint/app/src/main/java/An/stop/Anstop.java,An.stop.Anstop,resetClockAndViews/0,lapsHeader,2
/Users/sirojiddinkomolov/Documents/innopolis/research/arch_design_pattern_detection/exps/3rd_revision/coach_repos_r/anstop-anstop-v1_x-maint/app/src/main/java/An/stop/Anstop.java,An.stop.Anstop,resetClockAndViews/0,anyLaps,1
/Users/sirojiddinkomolov/Documents/innopolis/research/arch_design_pattern_detection/exps/3rd_revision/coach_repos_r/anstop-anstop-v1_x-maint/app/src/main/java/An/stop/Anstop.java,An.stop.Anstop,"onGesturePerformed/2[An.stop.GestureOverlayView,An.stop.Gesture]",cprev,7
/Users/sirojiddinkomolov/Documents/innopolis/research/arch_design_pattern_detection/exps/3rd_revision/coach_repos_r/anstop-anstop-v1_x-maint/app/src/main/java/An/stop/Anstop.java,An.stop.Anstop,"onGesturePerformed/2[An.stop.GestureOverlayView,An.stop.Gesture]",overlay,0
/Users/sirojiddinkomolov/Documents/innopolis/research/arch_design_pattern_detection/exps/3rd_revision/coach_repos_r/anstop-anstop-v1_x-maint/app/src/main/java/An/stop/Anstop.java,An.stop.Anstop,"onGesturePerformed/2[An.stop.GestureOverlayView,An.stop.Gesture]",prediction,3
/Users/sirojiddinkomolov/Documents/innopolis/research/arch_design_pattern_detection/exps/3rd_revision/coach_repos_r/anstop-anstop-v1_x-maint/app/src/main/java/An/stop/Anstop.java,An.stop.Anstop,"onGesturePerformed/2[An.stop.GestureOverlayView,An.stop.Gesture]",newMode,7
/Users/sirojiddinkomolov/Documents/innopolis/research/arch_design_pattern_detection/exps/3rd_revision/coach_repos_r/anstop-anstop-v1_x-maint/app/src/main/java/An/stop/Anstop.java,An.stop.Anstop,"onGesturePerformed/2[An.stop.GestureOverlayView,An.stop.Gesture]",predictions,1
/Users/sirojiddinkomolov/Documents/innopolis/research/arch_design_pattern_detection/exps/3rd_revision/coach_repos_r/anstop-anstop-v1_x-maint/app/src/main/java/An/stop/Anstop.java,An.stop.Anstop,"onGesturePerformed/2[An.stop.GestureOverlayView,An.stop.Gesture]",gesture,1
/Users/sirojiddinkomolov/Documents/innopolis/research/arch_design_pattern_detection/exps/3rd_revision/coach_repos_r/anstop-anstop-v1_x-maint/app/src/main/java/An/stop/Anstop.java,An.stop.Anstop,stopwatch/0,sepView,3
/Users/sirojiddinkomolov/Documents/innopolis/research/arch_design_pattern_detection/exps/3rd_revision/coach_repos_r/anstop-anstop-v1_x-maint/app/src/main/java/An/stop/Anstop.java,An.stop.Anstop$Anonymous8,"onClick/2[An.stop.DialogInterface,int]",dialog,1
/Users/sirojiddinkomolov/Documents/innopolis/research/arch_design_pattern_detection/exps/3rd_revision/coach_repos_r/anstop-anstop-v1_x-maint/app/src/main/java/An/stop/Anstop.java,An.stop.Anstop$Anonymous8,"onClick/2[An.stop.DialogInterface,int]",notes,2
/Users/sirojiddinkomolov/Documents/innopolis/research/arch_design_pattern_detection/exps/3rd_revision/coach_repos_r/anstop-anstop-v1_x-maint/app/src/main/java/An/stop/Anstop.java,An.stop.Anstop$Anonymous8,"onClick/2[An.stop.DialogInterface,int]",id,0
/Users/sirojiddinkomolov/Documents/innopolis/research/arch_design_pattern_detection/exps/3rd_revision/coach_repos_r/anstop-anstop-v1_x-maint/app/src/main/java/An/stop/Anstop.java,An.stop.Anstop$Anonymous7,"onClick/2[An.stop.DialogInterface,int]",which,0
/Users/sirojiddinkomolov/Documents/innopolis/research/arch_design_pattern_detection/exps/3rd_revision/coach_repos_r/anstop-anstop-v1_x-maint/app/src/main/java/An/stop/Anstop.java,An.stop.Anstop$Anonymous7,"onClick/2[An.stop.DialogInterface,int]",dialog,0
/Users/sirojiddinkomolov/Documents/innopolis/research/arch_design_pattern_detection/exps/3rd_revision/coach_repos_r/anstop-anstop-v1_x-maint/app/src/main/java/An/stop/Anstop.java,An.stop.Anstop$Anonymous7,"onClick/2[An.stop.DialogInterface,int]",notes,3
/Users/sirojiddinkomolov/Documents/innopolis/research/arch_design_pattern_detection/exps/3rd_revision/coach_repos_r/anstop-anstop-v1_x-maint/app/src/main/java/An/stop/Anstop.java,An.stop.Anstop$Anonymous7,"onClick/2[An.stop.DialogInterface,int]",clipboard,2
/Users/sirojiddinkomolov/Documents/innopolis/research/arch_design_pattern_detection/exps/3rd_revision/coach_repos_r/anstop-anstop-v1_x-maint/app/src/main/java/An/stop/Anstop.java,An.stop.Anstop$Anonymous7,"onClick/2[An.stop.DialogInterface,int]",debugText,3
/Users/sirojiddinkomolov/Documents/innopolis/research/arch_design_pattern_detection/exps/3rd_revision/coach_repos_r/anstop-anstop-v1_x-maint/app/src/main/java/An/stop/Anstop.java,An.stop.Anstop$Anonymous7,"onClick/2[An.stop.DialogInterface,int]",sb,3
/Users/sirojiddinkomolov/Documents/innopolis/research/arch_design_pattern_detection/exps/3rd_revision/coach_repos_r/anstop-anstop-v1_x-maint/app/src/main/java/An/stop/Clock.java,An.stop.Clock$minhandler,handleMessage/1[An.stop.Message],msg,0
/Users/sirojiddinkomolov/Documents/innopolis/research/arch_design_pattern_detection/exps/3rd_revision/coach_repos_r/anstop-anstop-v1_x-maint/app/src/main/java/An/stop/Anstop.java,An.stop.Anstop$Anonymous14,"onClick/2[An.stop.DialogInterface,int]",dialog,0
/Users/sirojiddinkomolov/Documents/innopolis/research/arch_design_pattern_detection/exps/3rd_revision/coach_repos_r/anstop-anstop-v1_x-maint/app/src/main/java/An/stop/Anstop.java,An.stop.Anstop$Anonymous14,"onClick/2[An.stop.DialogInterface,int]",whichButton,0
/Users/sirojiddinkomolov/Documents/innopolis/research/arch_design_pattern_detection/exps/3rd_revision/coach_repos_r/anstop-anstop-v1_x-maint/app/src/main/java/An/stop/Clock.java,An.stop.Clock$dsechandler,handleMessage/1[An.stop.Message],msg,0
/Users/sirojiddinkomolov/Documents/innopolis/research/arch_design_pattern_detection/exps/3rd_revision/coach_repos_r/anstop-anstop-v1_x-maint/app/src/main/java/An/stop/Anstop.java,An.stop.Anstop$Anonymous15,"onClick/2[An.stop.DialogInterface,int]",dialog,0
/Users/sirojiddinkomolov/Documents/innopolis/research/arch_design_pattern_detection/exps/3rd_revision/coach_repos_r/anstop-anstop-v1_x-maint/app/src/main/java/An/stop/Anstop.java,An.stop.Anstop$Anonymous15,"onClick/2[An.stop.DialogInterface,int]",whichButton,0
/Users/sirojiddinkomolov/Documents/innopolis/research/arch_design_pattern_detection/exps/3rd_revision/coach_repos_r/anstop-anstop-v1_x-maint/app/src/main/java/An/stop/AnstopDbAdapter.java,An.stop.AnstopDbAdapter,AnstopDbAdapter/1[An.stop.Context],context,1
/Users/sirojiddinkomolov/Documents/innopolis/research/arch_design_pattern_detection/exps/3rd_revision/coach_repos_r/anstop-anstop-v1_x-maint/app/src/main/java/An/stop/AnstopDbAdapter.java,An.stop.AnstopDbAdapter,"fetchAllLaps/3[long,long[],long[]]",elapsed,2
/Users/sirojiddinkomolov/Documents/innopolis/research/arch_design_pattern_detection/exps/3rd_revision/coach_repos_r/anstop-anstop-v1_x-maint/app/src/main/java/An/stop/AnstopDbAdapter.java,An.stop.AnstopDbAdapter,"fetchAllLaps/3[long,long[],long[]]",mCursor,7
/Users/sirojiddinkomolov/Documents/innopolis/research/arch_design_pattern_detection/exps/3rd_revision/coach_repos_r/anstop-anstop-v1_x-maint/app/src/main/java/An/stop/AnstopDbAdapter.java,An.stop.AnstopDbAdapter,"fetchAllLaps/3[long,long[],long[]]",systimes,1
/Users/sirojiddinkomolov/Documents/innopolis/research/arch_design_pattern_detection/exps/3rd_revision/coach_repos_r/anstop-anstop-v1_x-maint/app/src/main/java/An/stop/AnstopDbAdapter.java,An.stop.AnstopDbAdapter,"fetchAllLaps/3[long,long[],long[]]",lapCount,5
/Users/sirojiddinkomolov/Documents/innopolis/research/arch_design_pattern_detection/exps/3rd_revision/coach_repos_r/anstop-anstop-v1_x-maint/app/src/main/java/An/stop/AnstopDbAdapter.java,An.stop.AnstopDbAdapter,"fetchAllLaps/3[long,long[],long[]]",times_id,3
/Users/sirojiddinkomolov/Documents/innopolis/research/arch_design_pattern_detection/exps/3rd_revision/coach_repos_r/anstop-anstop-v1_x-maint/app/src/main/java/An/stop/AnstopDbAdapter.java,An.stop.AnstopDbAdapter,"createNewLaps/4[long,int,long[],long[]]",elapsed,2
/Users/sirojiddinkomolov/Documents/innopolis/research/arch_design_pattern_detection/exps/3rd_revision/coach_repos_r/anstop-anstop-v1_x-maint/app/src/main/java/An/stop/AnstopDbAdapter.java,An.stop.AnstopDbAdapter,"createNewLaps/4[long,int,long[],long[]]",systimes,2
/Users/sirojiddinkomolov/Documents/innopolis/research/arch_design_pattern_detection/exps/3rd_revision/coach_repos_r/anstop-anstop-v1_x-maint/app/src/main/java/An/stop/AnstopDbAdapter.java,An.stop.AnstopDbAdapter,"createNewLaps/4[long,int,long[],long[]]",i,4
/Users/sirojiddinkomolov/Documents/innopolis/research/arch_design_pattern_detection/exps/3rd_revision/coach_repos_r/anstop-anstop-v1_x-maint/app/src/main/java/An/stop/AnstopDbAdapter.java,An.stop.AnstopDbAdapter,"createNewLaps/4[long,int,long[],long[]]",laps,3
/Users/sirojiddinkomolov/Documents/innopolis/research/arch_design_pattern_detection/exps/3rd_revision/coach_repos_r/anstop-anstop-v1_x-maint/app/src/main/java/An/stop/AnstopDbAdapter.java,An.stop.AnstopDbAdapter,"createNewLaps/4[long,int,long[],long[]]",times_id,1
/Users/sirojiddinkomolov/Documents/innopolis/research/arch_design_pattern_detection/exps/3rd_revision/coach_repos_r/anstop-anstop-v1_x-maint/app/src/main/java/An/stop/AnstopDbAdapter.java,An.stop.AnstopDbAdapter,"createNewLap/3[long,long,long]",elapsed,1
/Users/sirojiddinkomolov/Documents/innopolis/research/arch_design_pattern_detection/exps/3rd_revision/coach_repos_r/anstop-anstop-v1_x-maint/app/src/main/java/An/stop/AnstopDbAdapter.java,An.stop.AnstopDbAdapter,"createNewLap/3[long,long,long]",cl,4
/Users/sirojiddinkomolov/Documents/innopolis/research/arch_design_pattern_detection/exps/3rd_revision/coach_repos_r/anstop-anstop-v1_x-maint/app/src/main/java/An/stop/AnstopDbAdapter.java,An.stop.AnstopDbAdapter,"createNewLap/3[long,long,long]",systime,1
/Users/sirojiddinkomolov/Documents/innopolis/research/arch_design_pattern_detection/exps/3rd_revision/coach_repos_r/anstop-anstop-v1_x-maint/app/src/main/java/An/stop/AnstopDbAdapter.java,An.stop.AnstopDbAdapter,"createNewLap/3[long,long,long]",times_id,3
/Users/sirojiddinkomolov/Documents/innopolis/research/arch_design_pattern_detection/exps/3rd_revision/coach_repos_r/anstop-anstop-v1_x-maint/app/src/main/java/An/stop/AnstopDbAdapter.java,An.stop.AnstopDbAdapter,countLaps/1[long],mCursor,5
/Users/sirojiddinkomolov/Documents/innopolis/research/arch_design_pattern_detection/exps/3rd_revision/coach_repos_r/anstop-anstop-v1_x-maint/app/src/main/java/An/stop/AnstopDbAdapter.java,An.stop.AnstopDbAdapter,countLaps/1[long],lapCount,1
/Users/sirojiddinkomolov/Documents/innopolis/research/arch_design_pattern_detection/exps/3rd_revision/coach_repos_r/anstop-anstop-v1_x-maint/app/src/main/java/An/stop/AnstopDbAdapter.java,An.stop.AnstopDbAdapter,countLaps/1[long],times_id,3
/Users/sirojiddinkomolov/Documents/innopolis/research/arch_design_pattern_detection/exps/3rd_revision/coach_repos_r/anstop-anstop-v1_x-maint/app/src/main/java/An/stop/AnstopDbAdapter.java,An.stop.AnstopDbAdapter,delete/1[long],didAny,2
/Users/sirojiddinkomolov/Documents/innopolis/research/arch_design_pattern_detection/exps/3rd_revision/coach_repos_r/anstop-anstop-v1_x-maint/app/src/main/java/An/stop/AnstopDbAdapter.java,An.stop.AnstopDbAdapter,delete/1[long],rowId,2
/Users/sirojiddinkomolov/Documents/innopolis/research/arch_design_pattern_detection/exps/3rd_revision/coach_repos_r/anstop-anstop-v1_x-maint/app/src/main/java/An/stop/AnstopDbAdapter.java,An.stop.AnstopDbAdapter,fetch/1[long],mCursor,3
/Users/sirojiddinkomolov/Documents/innopolis/research/arch_design_pattern_detection/exps/3rd_revision/coach_repos_r/anstop-anstop-v1_x-maint/app/src/main/java/An/stop/AnstopDbAdapter.java,An.stop.AnstopDbAdapter,fetch/1[long],rowId,1
/Users/sirojiddinkomolov/Documents/innopolis/research/arch_design_pattern_detection/exps/3rd_revision/coach_repos_r/anstop-anstop-v1_x-maint/app/src/main/java/An/stop/AnstopDbAdapter.java,An.stop.AnstopDbAdapter,getRowAndFormat/1[long],settings,2
/Users/sirojiddinkomolov/Documents/innopolis/research/arch_design_pattern_detection/exps/3rd_revision/coach_repos_r/anstop-anstop-v1_x-maint/app/src/main/java/An/stop/AnstopDbAdapter.java,An.stop.AnstopDbAdapter,getRowAndFormat/1[long],col_starttime,2
/Users/sirojiddinkomolov/Documents/innopolis/research/arch_design_pattern_detection/exps/3rd_revision/coach_repos_r/anstop-anstop-v1_x-maint/app/src/main/java/An/stop/AnstopDbAdapter.java,An.stop.AnstopDbAdapter,getRowAndFormat/1[long],col_mode,2
/Users/sirojiddinkomolov/Documents/innopolis/research/arch_design_pattern_detection/exps/3rd_revision/coach_repos_r/anstop-anstop-v1_x-maint/app/src/main/java/An/stop/AnstopDbAdapter.java,An.stop.AnstopDbAdapter,getRowAndFormat/1[long],lap_elapsed,2
/Users/sirojiddinkomolov/Documents/innopolis/research/arch_design_pattern_detection/exps/3rd_revision/coach_repos_r/anstop-anstop-v1_x-maint/app/src/main/java/An/stop/AnstopDbAdapter.java,An.stop.AnstopDbAdapter,getRowAndFormat/1[long],fmtFlags,3
/Users/sirojiddinkomolov/Documents/innopolis/research/arch_design_pattern_detection/exps/3rd_revision/coach_repos_r/anstop-anstop-v1_x-maint/app/src/main/java/An/stop/AnstopDbAdapter.java,An.stop.AnstopDbAdapter,getRowAndFormat/1[long],e,0
/Users/sirojiddinkomolov/Documents/innopolis/research/arch_design_pattern_detection/exps/3rd_revision/coach_repos_r/anstop-anstop-v1_x-maint/app/src/main/java/An/stop/AnstopDbAdapter.java,An.stop.AnstopDbAdapter,getRowAndFormat/1[long],columns,5
/Users/sirojiddinkomolov/Documents/innopolis/research/arch_design_pattern_detection/exps/3rd_revision/coach_repos_r/anstop-anstop-v1_x-maint/app/src/main/java/An/stop/AnstopDbAdapter.java,An.stop.AnstopDbAdapter,getRowAndFormat/1[long],lapCount,4
/Users/sirojiddinkomolov/Documents/innopolis/research/arch_design_pattern_detection/exps/3rd_revision/coach_repos_r/anstop-anstop-v1_x-maint/app/src/main/java/An/stop/AnstopDbAdapter.java,An.stop.AnstopDbAdapter,getRowAndFormat/1[long],rowId,3
/Users/sirojiddinkomolov/Documents/innopolis/research/arch_design_pattern_detection/exps/3rd_revision/coach_repos_r/anstop-anstop-v1_x-maint/app/src/main/java/An/stop/AnstopDbAdapter.java,An.stop.AnstopDbAdapter,getRowAndFormat/1[long],sb,17
/Users/sirojiddinkomolov/Documents/innopolis/research/arch_design_pattern_detection/exps/3rd_revision/coach_repos_r/anstop-anstop-v1_x-maint/app/src/main/java/An/stop/AnstopDbAdapter.java,An.stop.AnstopDbAdapter,getRowAndFormat/1[long],lap_systime,2
/Users/sirojiddinkomolov/Documents/innopolis/research/arch_design_pattern_detection/exps/3rd_revision/coach_repos_r/anstop-anstop-v1_x-maint/app/src/main/java/An/stop/AnstopDbAdapter.java,An.stop.AnstopDbAdapter,getRowAndFormat/1[long],sttime,2
/Users/sirojiddinkomolov/Documents/innopolis/research/arch_design_pattern_detection/exps/3rd_revision/coach_repos_r/anstop-anstop-v1_x-maint/app/src/main/java/An/stop/AnstopDbAdapter.java,An.stop.AnstopDbAdapter,getRowAndFormat/1[long],lapf,4
/Users/sirojiddinkomolov/Documents/innopolis/research/arch_design_pattern_detection/exps/3rd_revision/coach_repos_r/anstop-anstop-v1_x-maint/app/src/main/java/An/stop/AnstopDbAdapter.java,An.stop.AnstopDbAdapter,getRowAndFormat/1[long],comment,3
/Users/sirojiddinkomolov/Documents/innopolis/research/arch_design_pattern_detection/exps/3rd_revision/coach_repos_r/anstop-anstop-v1_x-maint/app/src/main/java/An/stop/AnstopDbAdapter.java,An.stop.AnstopDbAdapter,getRowAndFormat/1[long],time,18
/Users/sirojiddinkomolov/Documents/innopolis/research/arch_design_pattern_detection/exps/3rd_revision/coach_repos_r/anstop-anstop-v1_x-maint/app/src/main/java/An/stop/AnstopDbAdapter.java,An.stop.AnstopDbAdapter,getRowAndFormat/1[long],col_body,2
/Users/sirojiddinkomolov/Documents/innopolis/research/arch_design_pattern_detection/exps/3rd_revision/coach_repos_r/anstop-anstop-v1_x-maint/app/src/main/java/An/stop/AnstopDbAdapter.java,An.stop.AnstopDbAdapter,getRowAndFormat/1[long],col_elapsed,2
/Users/sirojiddinkomolov/Documents/innopolis/research/arch_design_pattern_detection/exps/3rd_revision/coach_repos_r/anstop-anstop-v1_x-maint/app/src/main/java/An/stop/AnstopDbAdapter.java,An.stop.AnstopDbAdapter,"createNew/6[java.lang.String,java.lang.String,int,long,long,long]",mode,1
/Users/sirojiddinkomolov/Documents/innopolis/research/arch_design_pattern_detection/exps/3rd_revision/coach_repos_r/anstop-anstop-v1_x-maint/app/src/main/java/An/stop/AnstopDbAdapter.java,An.stop.AnstopDbAdapter,"createNew/6[java.lang.String,java.lang.String,int,long,long,long]",elapsed,1
/Users/sirojiddinkomolov/Documents/innopolis/research/arch_design_pattern_detection/exps/3rd_revision/coach_repos_r/anstop-anstop-v1_x-maint/app/src/main/java/An/stop/AnstopDbAdapter.java,An.stop.AnstopDbAdapter,"createNew/6[java.lang.String,java.lang.String,int,long,long,long]",cl,8
/Users/sirojiddinkomolov/Documents/innopolis/research/arch_design_pattern_detection/exps/3rd_revision/coach_repos_r/anstop-anstop-v1_x-maint/app/src/main/java/An/stop/AnstopDbAdapter.java,An.stop.AnstopDbAdapter,"createNew/6[java.lang.String,java.lang.String,int,long,long,long]",comment,3
/Users/sirojiddinkomolov/Documents/innopolis/research/arch_design_pattern_detection/exps/3rd_revision/coach_repos_r/anstop-anstop-v1_x-maint/app/src/main/java/An/stop/AnstopDbAdapter.java,An.stop.AnstopDbAdapter,"createNew/6[java.lang.String,java.lang.String,int,long,long,long]",startTime,2
/Users/sirojiddinkomolov/Documents/innopolis/research/arch_design_pattern_detection/exps/3rd_revision/coach_repos_r/anstop-anstop-v1_x-maint/app/src/main/java/An/stop/AnstopDbAdapter.java,An.stop.AnstopDbAdapter,"createNew/6[java.lang.String,java.lang.String,int,long,long,long]",stopTime,2
/Users/sirojiddinkomolov/Documents/innopolis/research/arch_design_pattern_detection/exps/3rd_revision/coach_repos_r/anstop-anstop-v1_x-maint/app/src/main/java/An/stop/AnstopDbAdapter.java,An.stop.AnstopDbAdapter,"createNew/6[java.lang.String,java.lang.String,int,long,long,long]",title,1
/Users/sirojiddinkomolov/Documents/innopolis/research/arch_design_pattern_detection/exps/3rd_revision/coach_repos_r/anstop-anstop-v1_x-maint/app/src/main/java/An/stop/Anstop.java,An.stop.Anstop$lapButtonListener,onClick/1[An.stop.View],wasStarted,2
/Users/sirojiddinkomolov/Documents/innopolis/research/arch_design_pattern_detection/exps/3rd_revision/coach_repos_r/anstop-anstop-v1_x-maint/app/src/main/java/An/stop/Anstop.java,An.stop.Anstop$lapButtonListener,onClick/1[An.stop.View],v,0
/Users/sirojiddinkomolov/Documents/innopolis/research/arch_design_pattern_detection/exps/3rd_revision/coach_repos_r/anstop-anstop-v1_x-maint/app/src/main/java/An/stop/Clock.java,An.stop.Clock$hourhandler,handleMessage/1[An.stop.Message],msg,0
/Users/sirojiddinkomolov/Documents/innopolis/research/arch_design_pattern_detection/exps/3rd_revision/coach_repos_r/anstop-anstop-v1_x-maint/app/src/main/java/An/stop/Clock.java,An.stop.Clock$hourhandler,handleMessage/1[An.stop.Message],hourIsVis,1
/Users/sirojiddinkomolov/Documents/innopolis/research/arch_design_pattern_detection/exps/3rd_revision/coach_repos_r/anstop-anstop-v1_x-maint/app/src/main/java/An/stop/Clock.java,An.stop.Clock$hourhandler,handleMessage/1[An.stop.Message],hourWantVis,2
/Users/sirojiddinkomolov/Documents/innopolis/research/arch_design_pattern_detection/exps/3rd_revision/coach_repos_r/anstop-anstop-v1_x-maint/app/src/main/java/An/stop/Clock.java,An.stop.Clock$hourhandler,handleMessage/1[An.stop.Message],hourVis,2
/Users/sirojiddinkomolov/Documents/innopolis/research/arch_design_pattern_detection/exps/3rd_revision/coach_repos_r/anstop-anstop-v1_x-maint/app/src/main/java/An/stop/Anstop.java,An.stop.Anstop$refreshButtonListener,onClick/1[An.stop.View],alert,5
/Users/sirojiddinkomolov/Documents/innopolis/research/arch_design_pattern_detection/exps/3rd_revision/coach_repos_r/anstop-anstop-v1_x-maint/app/src/main/java/An/stop/Anstop.java,An.stop.Anstop$refreshButtonListener,onClick/1[An.stop.View],v,0
/Users/sirojiddinkomolov/Documents/innopolis/research/arch_design_pattern_detection/exps/3rd_revision/coach_repos_r/anstop-anstop-v1_x-maint/app/src/main/java/An/stop/Anstop.java,An.stop.Anstop$startButtonListener,onClick/1[An.stop.View],v,0
/Users/sirojiddinkomolov/Documents/innopolis/research/arch_design_pattern_detection/exps/3rd_revision/coach_repos_r/anstop-anstop-v1_x-maint/app/src/main/java/An/stop/Anstop.java,An.stop.Anstop$startButtonListener,onClick/1[An.stop.View],resId,3
/Users/sirojiddinkomolov/Documents/innopolis/research/arch_design_pattern_detection/exps/3rd_revision/coach_repos_r/anstop-anstop-v1_x-maint/app/src/main/java/An/stop/Anstop.java,An.stop.Anstop$startButtonListener,onClick/1[An.stop.View],currentMode,2
/Users/sirojiddinkomolov/Documents/innopolis/research/arch_design_pattern_detection/exps/3rd_revision/coach_repos_r/anstop-anstop-v1_x-maint/app/src/main/java/An/stop/Clock.java,An.stop.Clock$clockThread,run/0,e,0
/Users/sirojiddinkomolov/Documents/innopolis/research/arch_design_pattern_detection/exps/3rd_revision/coach_repos_r/anstop-anstop-v1_x-maint/app/src/main/java/An/stop/SettingsActivity.java,An.stop.SettingsActivity,"onSharedPreferenceChanged/2[An.stop.SharedPreferences,java.lang.String]",lapFmtElapsed,1
/Users/sirojiddinkomolov/Documents/innopolis/research/arch_design_pattern_detection/exps/3rd_revision/coach_repos_r/anstop-anstop-v1_x-maint/app/src/main/java/An/stop/SettingsActivity.java,An.stop.SettingsActivity,"onSharedPreferenceChanged/2[An.stop.SharedPreferences,java.lang.String]",elapsed,3
/Users/sirojiddinkomolov/Documents/innopolis/research/arch_design_pattern_detection/exps/3rd_revision/coach_repos_r/anstop-anstop-v1_x-maint/app/src/main/java/An/stop/SettingsActivity.java,An.stop.SettingsActivity,"onSharedPreferenceChanged/2[An.stop.SharedPreferences,java.lang.String]",settings,3
/Users/sirojiddinkomolov/Documents/innopolis/research/arch_design_pattern_detection/exps/3rd_revision/coach_repos_r/anstop-anstop-v1_x-maint/app/src/main/java/An/stop/SettingsActivity.java,An.stop.SettingsActivity,"onSharedPreferenceChanged/2[An.stop.SharedPreferences,java.lang.String]",lapFmtSystime,1
/Users/sirojiddinkomolov/Documents/innopolis/research/arch_design_pattern_detection/exps/3rd_revision/coach_repos_r/anstop-anstop-v1_x-maint/app/src/main/java/An/stop/SettingsActivity.java,An.stop.SettingsActivity,"onSharedPreferenceChanged/2[An.stop.SharedPreferences,java.lang.String]",key,1
/Users/sirojiddinkomolov/Documents/innopolis/research/arch_design_pattern_detection/exps/3rd_revision/coach_repos_r/anstop-anstop-v1_x-maint/app/src/main/java/An/stop/SettingsActivity.java,An.stop.SettingsActivity,"onSharedPreferenceChanged/2[An.stop.SharedPreferences,java.lang.String]",lapFmtDelta,1
/Users/sirojiddinkomolov/Documents/innopolis/research/arch_design_pattern_detection/exps/3rd_revision/coach_repos_r/anstop-anstop-v1_x-maint/app/src/main/java/An/stop/SettingsActivity.java,An.stop.SettingsActivity,onCreate/1[An.stop.Bundle],savedInstanceState,1
/Users/sirojiddinkomolov/Documents/innopolis/research/arch_design_pattern_detection/exps/3rd_revision/coach_repos_r/anstop-anstop-v1_x-maint/app/src/main/java/An/stop/Anstop.java,An.stop.Anstop$refreshButtonListener$Anonymous12,"onClick/2[An.stop.DialogInterface,int]",dialog,0
/Users/sirojiddinkomolov/Documents/innopolis/research/arch_design_pattern_detection/exps/3rd_revision/coach_repos_r/anstop-anstop-v1_x-maint/app/src/main/java/An/stop/Anstop.java,An.stop.Anstop$refreshButtonListener$Anonymous12,"onClick/2[An.stop.DialogInterface,int]",whichButton,0
/Users/sirojiddinkomolov/Documents/innopolis/research/arch_design_pattern_detection/exps/3rd_revision/coach_repos_r/anstop-anstop-v1_x-maint/app/src/main/java/An/stop/Anstop.java,An.stop.Anstop$refreshButtonListener$Anonymous11,"onClick/2[An.stop.DialogInterface,int]",dialog,0
/Users/sirojiddinkomolov/Documents/innopolis/research/arch_design_pattern_detection/exps/3rd_revision/coach_repos_r/anstop-anstop-v1_x-maint/app/src/main/java/An/stop/Anstop.java,An.stop.Anstop$refreshButtonListener$Anonymous11,"onClick/2[An.stop.DialogInterface,int]",whichButton,0
/Users/sirojiddinkomolov/Documents/innopolis/research/arch_design_pattern_detection/exps/3rd_revision/coach_repos_r/anstop-anstop-v1_x-maint/app/src/main/java/An/stop/Clock.java,An.stop.Clock,fillSaveState/1[An.stop.Bundle],savedAtTime,1
/Users/sirojiddinkomolov/Documents/innopolis/research/arch_design_pattern_detection/exps/3rd_revision/coach_repos_r/anstop-anstop-v1_x-maint/app/src/main/java/An/stop/Clock.java,An.stop.Clock,fillSaveState/1[An.stop.Bundle],outState,21
/Users/sirojiddinkomolov/Documents/innopolis/research/arch_design_pattern_detection/exps/3rd_revision/coach_repos_r/anstop-anstop-v1_x-maint/app/src/main/java/An/stop/Clock.java,An.stop.Clock,fillSaveState/1[An.stop.Bundle],hmsd,1
/Users/sirojiddinkomolov/Documents/innopolis/research/arch_design_pattern_detection/exps/3rd_revision/coach_repos_r/anstop-anstop-v1_x-maint/app/src/main/java/An/stop/Clock.java,An.stop.Clock,fillSaveState/1[An.stop.SharedPreferences],notInUse,2
/Users/sirojiddinkomolov/Documents/innopolis/research/arch_design_pattern_detection/exps/3rd_revision/coach_repos_r/anstop-anstop-v1_x-maint/app/src/main/java/An/stop/Clock.java,An.stop.Clock,fillSaveState/1[An.stop.SharedPreferences],savedAtTime,1
/Users/sirojiddinkomolov/Documents/innopolis/research/arch_design_pattern_detection/exps/3rd_revision/coach_repos_r/anstop-anstop-v1_x-maint/app/src/main/java/An/stop/Clock.java,An.stop.Clock,fillSaveState/1[An.stop.SharedPreferences],outPref,28
/Users/sirojiddinkomolov/Documents/innopolis/research/arch_design_pattern_detection/exps/3rd_revision/coach_repos_r/anstop-anstop-v1_x-maint/app/src/main/java/An/stop/Clock.java,An.stop.Clock,fillSaveState/1[An.stop.SharedPreferences],outState,2
/Users/sirojiddinkomolov/Documents/innopolis/research/arch_design_pattern_detection/exps/3rd_revision/coach_repos_r/anstop-anstop-v1_x-maint/app/src/main/java/An/stop/Clock.java,An.stop.Clock,restoreFromSaveState/1[An.stop.Bundle],savedAtTime,1
/Users/sirojiddinkomolov/Documents/innopolis/research/arch_design_pattern_detection/exps/3rd_revision/coach_repos_r/anstop-anstop-v1_x-maint/app/src/main/java/An/stop/Clock.java,An.stop.Clock,restoreFromSaveState/1[An.stop.Bundle],s,2
/Users/sirojiddinkomolov/Documents/innopolis/research/arch_design_pattern_detection/exps/3rd_revision/coach_repos_r/anstop-anstop-v1_x-maint/app/src/main/java/An/stop/Clock.java,An.stop.Clock,restoreFromSaveState/1[An.stop.Bundle],restoredAtTime,5
/Users/sirojiddinkomolov/Documents/innopolis/research/arch_design_pattern_detection/exps/3rd_revision/coach_repos_r/anstop-anstop-v1_x-maint/app/src/main/java/An/stop/Clock.java,An.stop.Clock,restoreFromSaveState/1[An.stop.Bundle],hmsd,4
/Users/sirojiddinkomolov/Documents/innopolis/research/arch_design_pattern_detection/exps/3rd_revision/coach_repos_r/anstop-anstop-v1_x-maint/app/src/main/java/An/stop/Clock.java,An.stop.Clock,restoreFromSaveState/1[An.stop.Bundle],hadLapText,2
/Users/sirojiddinkomolov/Documents/innopolis/research/arch_design_pattern_detection/exps/3rd_revision/coach_repos_r/anstop-anstop-v1_x-maint/app/src/main/java/An/stop/Clock.java,An.stop.Clock,restoreFromSaveState/1[An.stop.Bundle],inState,20
/Users/sirojiddinkomolov/Documents/innopolis/research/arch_design_pattern_detection/exps/3rd_revision/coach_repos_r/anstop-anstop-v1_x-maint/app/src/main/java/An/stop/Clock.java,An.stop.Clock,restoreFromSaveState/1[An.stop.Bundle],h,2
/Users/sirojiddinkomolov/Documents/innopolis/research/arch_design_pattern_detection/exps/3rd_revision/coach_repos_r/anstop-anstop-v1_x-maint/app/src/main/java/An/stop/Clock.java,An.stop.Clock,restoreFromSaveState/1[An.stop.Bundle],bundleClockActive,2
/Users/sirojiddinkomolov/Documents/innopolis/research/arch_design_pattern_detection/exps/3rd_revision/coach_repos_r/anstop-anstop-v1_x-maint/app/src/main/java/An/stop/Clock.java,An.stop.Clock,restoreFromSaveState/1[An.stop.Bundle],m,2
/Users/sirojiddinkomolov/Documents/innopolis/research/arch_design_pattern_detection/exps/3rd_revision/coach_repos_r/anstop-anstop-v1_x-maint/app/src/main/java/An/stop/Clock.java,An.stop.Clock,restoreFromSaveState/1[An.stop.Bundle],laptext,3
/Users/sirojiddinkomolov/Documents/innopolis/research/arch_design_pattern_detection/exps/3rd_revision/coach_repos_r/anstop-anstop-v1_x-maint/app/src/main/java/An/stop/Clock.java,An.stop.Clock,formatTimeAllLaps/1[java.lang.StringBuilder],sb,1
/Users/sirojiddinkomolov/Documents/innopolis/research/arch_design_pattern_detection/exps/3rd_revision/coach_repos_r/anstop-anstop-v1_x-maint/app/src/main/java/An/stop/Clock.java,An.stop.Clock,count/0,now,3
/Users/sirojiddinkomolov/Documents/innopolis/research/arch_design_pattern_detection/exps/3rd_revision/coach_repos_r/anstop-anstop-v1_x-maint/app/src/main/java/An/stop/Clock.java,An.stop.Clock,"adjClockOnAppResume/2[boolean,long]",ttotal,12
/Users/sirojiddinkomolov/Documents/innopolis/research/arch_design_pattern_detection/exps/3rd_revision/coach_repos_r/anstop-anstop-v1_x-maint/app/src/main/java/An/stop/Clock.java,An.stop.Clock,"adjClockOnAppResume/2[boolean,long]",adjDisplayOnly,1
/Users/sirojiddinkomolov/Documents/innopolis/research/arch_design_pattern_detection/exps/3rd_revision/coach_repos_r/anstop-anstop-v1_x-maint/app/src/main/java/An/stop/Clock.java,An.stop.Clock,"adjClockOnAppResume/2[boolean,long]",resumedAtTime,2
/Users/sirojiddinkomolov/Documents/innopolis/research/arch_design_pattern_detection/exps/3rd_revision/coach_repos_r/anstop-anstop-v1_x-maint/app/src/main/java/An/stop/Clock.java,An.stop.Clock,"reset/4[int,int,int,int]",s,2
/Users/sirojiddinkomolov/Documents/innopolis/research/arch_design_pattern_detection/exps/3rd_revision/coach_repos_r/anstop-anstop-v1_x-maint/app/src/main/java/An/stop/Clock.java,An.stop.Clock,"reset/4[int,int,int,int]",h,3
/Users/sirojiddinkomolov/Documents/innopolis/research/arch_design_pattern_detection/exps/3rd_revision/coach_repos_r/anstop-anstop-v1_x-maint/app/src/main/java/An/stop/Clock.java,An.stop.Clock,"reset/4[int,int,int,int]",newMode,2
/Users/sirojiddinkomolov/Documents/innopolis/research/arch_design_pattern_detection/exps/3rd_revision/coach_repos_r/anstop-anstop-v1_x-maint/app/src/main/java/An/stop/Clock.java,An.stop.Clock,"reset/4[int,int,int,int]",m,3
/Users/sirojiddinkomolov/Documents/innopolis/research/arch_design_pattern_detection/exps/3rd_revision/coach_repos_r/anstop-anstop-v1_x-maint/app/src/main/java/An/stop/Clock.java,An.stop.Clock,setHourFormat/1[int],wantsRefresh,3
/Users/sirojiddinkomolov/Documents/innopolis/research/arch_design_pattern_detection/exps/3rd_revision/coach_repos_r/anstop-anstop-v1_x-maint/app/src/main/java/An/stop/Clock.java,An.stop.Clock,setHourFormat/1[int],newMinPast60,2
/Users/sirojiddinkomolov/Documents/innopolis/research/arch_design_pattern_detection/exps/3rd_revision/coach_repos_r/anstop-anstop-v1_x-maint/app/src/main/java/An/stop/Clock.java,An.stop.Clock,setHourFormat/1[int],wasMinPast60,1
/Users/sirojiddinkomolov/Documents/innopolis/research/arch_design_pattern_detection/exps/3rd_revision/coach_repos_r/anstop-anstop-v1_x-maint/app/src/main/java/An/stop/Clock.java,An.stop.Clock,setHourFormat/1[int],newFormat,2
/Users/sirojiddinkomolov/Documents/innopolis/research/arch_design_pattern_detection/exps/3rd_revision/coach_repos_r/anstop-anstop-v1_x-maint/app/src/main/java/An/stop/Clock.java,An.stop.Clock,lap/1[java.lang.StringBuilder],Lnew,2
/Users/sirojiddinkomolov/Documents/innopolis/research/arch_design_pattern_detection/exps/3rd_revision/coach_repos_r/anstop-anstop-v1_x-maint/app/src/main/java/An/stop/Clock.java,An.stop.Clock,lap/1[java.lang.StringBuilder],lapElapsed,1
/Users/sirojiddinkomolov/Documents/innopolis/research/arch_design_pattern_detection/exps/3rd_revision/coach_repos_r/anstop-anstop-v1_x-maint/app/src/main/java/An/stop/Clock.java,An.stop.Clock,lap/1[java.lang.StringBuilder],i,3
/Users/sirojiddinkomolov/Documents/innopolis/research/arch_design_pattern_detection/exps/3rd_revision/coach_repos_r/anstop-anstop-v1_x-maint/app/src/main/java/An/stop/Clock.java,An.stop.Clock,lap/1[java.lang.StringBuilder],L,3
/Users/sirojiddinkomolov/Documents/innopolis/research/arch_design_pattern_detection/exps/3rd_revision/coach_repos_r/anstop-anstop-v1_x-maint/app/src/main/java/An/stop/Clock.java,An.stop.Clock,lap/1[java.lang.StringBuilder],elaps,2
/Users/sirojiddinkomolov/Documents/innopolis/research/arch_design_pattern_detection/exps/3rd_revision/coach_repos_r/anstop-anstop-v1_x-maint/app/src/main/java/An/stop/Clock.java,An.stop.Clock,lap/1[java.lang.StringBuilder],lapNow,4
/Users/sirojiddinkomolov/Documents/innopolis/research/arch_design_pattern_detection/exps/3rd_revision/coach_repos_r/anstop-anstop-v1_x-maint/app/src/main/java/An/stop/Clock.java,An.stop.Clock,lap/1[java.lang.StringBuilder],lapnum,2
/Users/sirojiddinkomolov/Documents/innopolis/research/arch_design_pattern_detection/exps/3rd_revision/coach_repos_r/anstop-anstop-v1_x-maint/app/src/main/java/An/stop/Clock.java,An.stop.Clock,lap/1[java.lang.StringBuilder],sb,1
/Users/sirojiddinkomolov/Documents/innopolis/research/arch_design_pattern_detection/exps/3rd_revision/coach_repos_r/anstop-anstop-v1_x-maint/app/src/main/java/An/stop/Clock.java,An.stop.Clock,lap/1[java.lang.StringBuilder],systi,2
/Users/sirojiddinkomolov/Documents/innopolis/research/arch_design_pattern_detection/exps/3rd_revision/coach_repos_r/anstop-anstop-v1_x-maint/app/src/main/java/An/stop/Clock.java,An.stop.Clock,getCurrentValue/0,sb,8
/Users/sirojiddinkomolov/Documents/innopolis/research/arch_design_pattern_detection/exps/3rd_revision/coach_repos_r/anstop-anstop-v1_x-maint/app/src/main/java/An/stop/Clock.java,An.stop.Clock,"setLapFormat/2[int,java.text.DateFormat]",newFormatFlags,1
/Users/sirojiddinkomolov/Documents/innopolis/research/arch_design_pattern_detection/exps/3rd_revision/coach_repos_r/anstop-anstop-v1_x-maint/app/src/main/java/An/stop/Clock.java,An.stop.Clock,"setLapFormat/2[int,java.text.DateFormat]",formatForSysTime,1
/Users/sirojiddinkomolov/Documents/innopolis/research/arch_design_pattern_detection/exps/3rd_revision/coach_repos_r/anstop-anstop-v1_x-maint/app/src/main/java/An/stop/Clock.java,An.stop.Clock,changeMode/1[int],newMode,1
/Users/sirojiddinkomolov/Documents/innopolis/research/arch_design_pattern_detection/exps/3rd_revision/coach_repos_r/anstop-anstop-v1_x-maint/app/src/main/java/An/stop/Clock.java,An.stop.Clock,Clock/1[An.stop.Anstop],parent,2
/Users/sirojiddinkomolov/Documents/innopolis/research/arch_design_pattern_detection/exps/3rd_revision/coach_repos_r/anstop-anstop-v1_x-maint/app/src/main/java/An/stop/Clock.java,An.stop.Clock,"getCurrentValueMillis/2[java.lang.StringBuilder,boolean]",withLap,1
/Users/sirojiddinkomolov/Documents/innopolis/research/arch_design_pattern_detection/exps/3rd_revision/coach_repos_r/anstop-anstop-v1_x-maint/app/src/main/java/An/stop/Clock.java,An.stop.Clock,"getCurrentValueMillis/2[java.lang.StringBuilder,boolean]",s,2
/Users/sirojiddinkomolov/Documents/innopolis/research/arch_design_pattern_detection/exps/3rd_revision/coach_repos_r/anstop-anstop-v1_x-maint/app/src/main/java/An/stop/Clock.java,An.stop.Clock,"getCurrentValueMillis/2[java.lang.StringBuilder,boolean]",h,2
/Users/sirojiddinkomolov/Documents/innopolis/research/arch_design_pattern_detection/exps/3rd_revision/coach_repos_r/anstop-anstop-v1_x-maint/app/src/main/java/An/stop/Clock.java,An.stop.Clock,"getCurrentValueMillis/2[java.lang.StringBuilder,boolean]",m,2
/Users/sirojiddinkomolov/Documents/innopolis/research/arch_design_pattern_detection/exps/3rd_revision/coach_repos_r/anstop-anstop-v1_x-maint/app/src/main/java/An/stop/Clock.java,An.stop.Clock,"getCurrentValueMillis/2[java.lang.StringBuilder,boolean]",elapsedMillis,2
/Users/sirojiddinkomolov/Documents/innopolis/research/arch_design_pattern_detection/exps/3rd_revision/coach_repos_r/anstop-anstop-v1_x-maint/app/src/main/java/An/stop/Clock.java,An.stop.Clock,"getCurrentValueMillis/2[java.lang.StringBuilder,boolean]",sb,1
/Users/sirojiddinkomolov/Documents/innopolis/research/arch_design_pattern_detection/exps/3rd_revision/coach_repos_r/anstop-anstop-v1_x-maint/app/src/main/java/An/stop/Clock.java,An.stop.Clock,"getCurrentValueMillis/2[java.lang.StringBuilder,boolean]",ds,2
/Users/sirojiddinkomolov/Documents/innopolis/research/arch_design_pattern_detection/exps/3rd_revision/coach_repos_r/anstop-anstop-v1_x-maint/app/src/main/java/An/stop/Clock.java,An.stop.Clock,restoreFromSaveState/1[An.stop.SharedPreferences],savedAtTime,1
/Users/sirojiddinkomolov/Documents/innopolis/research/arch_design_pattern_detection/exps/3rd_revision/coach_repos_r/anstop-anstop-v1_x-maint/app/src/main/java/An/stop/Clock.java,An.stop.Clock,restoreFromSaveState/1[An.stop.SharedPreferences],s,2
/Users/sirojiddinkomolov/Documents/innopolis/research/arch_design_pattern_detection/exps/3rd_revision/coach_repos_r/anstop-anstop-v1_x-maint/app/src/main/java/An/stop/Clock.java,An.stop.Clock,restoreFromSaveState/1[An.stop.SharedPreferences],restoredAtTime,5
/Users/sirojiddinkomolov/Documents/innopolis/research/arch_design_pattern_detection/exps/3rd_revision/coach_repos_r/anstop-anstop-v1_x-maint/app/src/main/java/An/stop/Clock.java,An.stop.Clock,restoreFromSaveState/1[An.stop.SharedPreferences],hadLapText,2
/Users/sirojiddinkomolov/Documents/innopolis/research/arch_design_pattern_detection/exps/3rd_revision/coach_repos_r/anstop-anstop-v1_x-maint/app/src/main/java/An/stop/Clock.java,An.stop.Clock,restoreFromSaveState/1[An.stop.SharedPreferences],inState,21
/Users/sirojiddinkomolov/Documents/innopolis/research/arch_design_pattern_detection/exps/3rd_revision/coach_repos_r/anstop-anstop-v1_x-maint/app/src/main/java/An/stop/Clock.java,An.stop.Clock,restoreFromSaveState/1[An.stop.SharedPreferences],h,2
/Users/sirojiddinkomolov/Documents/innopolis/research/arch_design_pattern_detection/exps/3rd_revision/coach_repos_r/anstop-anstop-v1_x-maint/app/src/main/java/An/stop/Clock.java,An.stop.Clock,restoreFromSaveState/1[An.stop.SharedPreferences],bundleClockActive,2
/Users/sirojiddinkomolov/Documents/innopolis/research/arch_design_pattern_detection/exps/3rd_revision/coach_repos_r/anstop-anstop-v1_x-maint/app/src/main/java/An/stop/Clock.java,An.stop.Clock,restoreFromSaveState/1[An.stop.SharedPreferences],m,2
/Users/sirojiddinkomolov/Documents/innopolis/research/arch_design_pattern_detection/exps/3rd_revision/coach_repos_r/anstop-anstop-v1_x-maint/app/src/main/java/An/stop/Clock.java,An.stop.Clock,restoreFromSaveState/1[An.stop.SharedPreferences],laptext,2
/Users/sirojiddinkomolov/Documents/innopolis/research/arch_design_pattern_detection/exps/3rd_revision/coach_repos_r/anstop-anstop-v1_x-maint/app/src/main/java/An/stop/AnstopDbAdapter.java,An.stop.AnstopDbAdapter$DataBaseHelper,onCreate/1[An.stop.SQLiteDatabase],db,4
/Users/sirojiddinkomolov/Documents/innopolis/research/arch_design_pattern_detection/exps/3rd_revision/coach_repos_r/anstop-anstop-v1_x-maint/app/src/main/java/An/stop/AnstopDbAdapter.java,An.stop.AnstopDbAdapter$DataBaseHelper,DataBaseHelper/1[An.stop.Context],context,1
/Users/sirojiddinkomolov/Documents/innopolis/research/arch_design_pattern_detection/exps/3rd_revision/coach_repos_r/anstop-anstop-v1_x-maint/app/src/main/java/An/stop/AnstopDbAdapter.java,An.stop.AnstopDbAdapter$DataBaseHelper,"onUpgrade/3[An.stop.SQLiteDatabase,int,int]",oldVersion,1
/Users/sirojiddinkomolov/Documents/innopolis/research/arch_design_pattern_detection/exps/3rd_revision/coach_repos_r/anstop-anstop-v1_x-maint/app/src/main/java/An/stop/AnstopDbAdapter.java,An.stop.AnstopDbAdapter$DataBaseHelper,"onUpgrade/3[An.stop.SQLiteDatabase,int,int]",db,9
/Users/sirojiddinkomolov/Documents/innopolis/research/arch_design_pattern_detection/exps/3rd_revision/coach_repos_r/anstop-anstop-v1_x-maint/app/src/main/java/An/stop/AnstopDbAdapter.java,An.stop.AnstopDbAdapter$DataBaseHelper,"onUpgrade/3[An.stop.SQLiteDatabase,int,int]",newVersion,0
/Users/sirojiddinkomolov/Documents/innopolis/research/arch_design_pattern_detection/exps/3rd_revision/coach_repos_r/anstop-anstop-v1_x-maint/app/src/main/java/An/stop/ShowTimesActivity.java,An.stop.ShowTimesActivity,onCreate/1[An.stop.Bundle],savedInstanceState,3
/Users/sirojiddinkomolov/Documents/innopolis/research/arch_design_pattern_detection/exps/3rd_revision/coach_repos_r/anstop-anstop-v1_x-maint/app/src/main/java/An/stop/ShowTimesActivity.java,An.stop.ShowTimesActivity,onCreate/1[An.stop.Bundle],col_mode,1
/Users/sirojiddinkomolov/Documents/innopolis/research/arch_design_pattern_detection/exps/3rd_revision/coach_repos_r/anstop-anstop-v1_x-maint/app/src/main/java/An/stop/ShowTimesActivity.java,An.stop.ShowTimesActivity,onCreate/1[An.stop.Bundle],formatted,1
/Users/sirojiddinkomolov/Documents/innopolis/research/arch_design_pattern_detection/exps/3rd_revision/coach_repos_r/anstop-anstop-v1_x-maint/app/src/main/java/An/stop/ShowTimesActivity.java,An.stop.ShowTimesActivity,onCreate/1[An.stop.Bundle],extras,2
/Users/sirojiddinkomolov/Documents/innopolis/research/arch_design_pattern_detection/exps/3rd_revision/coach_repos_r/anstop-anstop-v1_x-maint/app/src/main/java/An/stop/ShowTimesActivity.java,An.stop.ShowTimesActivity,onCreate/1[An.stop.Bundle],time,7
/Users/sirojiddinkomolov/Documents/innopolis/research/arch_design_pattern_detection/exps/3rd_revision/coach_repos_r/anstop-anstop-v1_x-maint/app/src/main/java/An/stop/ShowTimesActivity.java,An.stop.ShowTimesActivity,onCreate/1[An.stop.Bundle],col_body,1
/Users/sirojiddinkomolov/Documents/innopolis/research/arch_design_pattern_detection/exps/3rd_revision/coach_repos_r/anstop-anstop-v1_x-maint/app/src/main/java/An/stop/ShowTimesActivity.java,An.stop.ShowTimesActivity,onSaveInstanceState/1[An.stop.Bundle],outState,2
/Users/sirojiddinkomolov/Documents/innopolis/research/arch_design_pattern_detection/exps/3rd_revision/coach_repos_r/anstop-anstop-v1_x-maint/app/src/main/java/An/stop/ShowTimesActivity.java,An.stop.ShowTimesActivity,onCreateOptionsMenu/1[An.stop.Menu],menu,3
/Users/sirojiddinkomolov/Documents/innopolis/research/arch_design_pattern_detection/exps/3rd_revision/coach_repos_r/anstop-anstop-v1_x-maint/app/src/main/java/An/stop/ShowTimesActivity.java,An.stop.ShowTimesActivity,onOptionsItemSelected/1[An.stop.MenuItem],toast,3
/Users/sirojiddinkomolov/Documents/innopolis/research/arch_design_pattern_detection/exps/3rd_revision/coach_repos_r/anstop-anstop-v1_x-maint/app/src/main/java/An/stop/ShowTimesActivity.java,An.stop.ShowTimesActivity,onOptionsItemSelected/1[An.stop.MenuItem],item,1
/Users/sirojiddinkomolov/Documents/innopolis/research/arch_design_pattern_detection/exps/3rd_revision/coach_repos_r/anstop-anstop-v1_x-maint/app/src/main/java/An/stop/ShowTimesActivity.java,An.stop.ShowTimesActivity,onOptionsItemSelected/1[An.stop.MenuItem],exHlp,1
/Users/sirojiddinkomolov/Documents/innopolis/research/arch_design_pattern_detection/exps/3rd_revision/coach_repos_r/anstop-anstop-v1_x-maint/app/src/main/java/An/stop/LoadActivity.java,An.stop.LoadActivity,"onListItemClick/4[An.stop.ListView,An.stop.View,int,long]",v,1
/Users/sirojiddinkomolov/Documents/innopolis/research/arch_design_pattern_detection/exps/3rd_revision/coach_repos_r/anstop-anstop-v1_x-maint/app/src/main/java/An/stop/LoadActivity.java,An.stop.LoadActivity,"onListItemClick/4[An.stop.ListView,An.stop.View,int,long]",i,2
/Users/sirojiddinkomolov/Documents/innopolis/research/arch_design_pattern_detection/exps/3rd_revision/coach_repos_r/anstop-anstop-v1_x-maint/app/src/main/java/An/stop/LoadActivity.java,An.stop.LoadActivity,"onListItemClick/4[An.stop.ListView,An.stop.View,int,long]",position,1
/Users/sirojiddinkomolov/Documents/innopolis/research/arch_design_pattern_detection/exps/3rd_revision/coach_repos_r/anstop-anstop-v1_x-maint/app/src/main/java/An/stop/LoadActivity.java,An.stop.LoadActivity,"onListItemClick/4[An.stop.ListView,An.stop.View,int,long]",id,2
/Users/sirojiddinkomolov/Documents/innopolis/research/arch_design_pattern_detection/exps/3rd_revision/coach_repos_r/anstop-anstop-v1_x-maint/app/src/main/java/An/stop/LoadActivity.java,An.stop.LoadActivity,"onListItemClick/4[An.stop.ListView,An.stop.View,int,long]",l,1
/Users/sirojiddinkomolov/Documents/innopolis/research/arch_design_pattern_detection/exps/3rd_revision/coach_repos_r/anstop-anstop-v1_x-maint/app/src/main/java/An/stop/LoadActivity.java,An.stop.LoadActivity,onCreateOptionsMenu/1[An.stop.Menu],menu,1
/Users/sirojiddinkomolov/Documents/innopolis/research/arch_design_pattern_detection/exps/3rd_revision/coach_repos_r/anstop-anstop-v1_x-maint/app/src/main/java/An/stop/LoadActivity.java,An.stop.LoadActivity,"onCreateContextMenu/3[An.stop.ContextMenu,An.stop.View,An.stop.ContextMenuInfo]",menuInfo,1
/Users/sirojiddinkomolov/Documents/innopolis/research/arch_design_pattern_detection/exps/3rd_revision/coach_repos_r/anstop-anstop-v1_x-maint/app/src/main/java/An/stop/LoadActivity.java,An.stop.LoadActivity,"onCreateContextMenu/3[An.stop.ContextMenu,An.stop.View,An.stop.ContextMenuInfo]",v,1
/Users/sirojiddinkomolov/Documents/innopolis/research/arch_design_pattern_detection/exps/3rd_revision/coach_repos_r/anstop-anstop-v1_x-maint/app/src/main/java/An/stop/LoadActivity.java,An.stop.LoadActivity,"onCreateContextMenu/3[An.stop.ContextMenu,An.stop.View,An.stop.ContextMenuInfo]",menu,4
/Users/sirojiddinkomolov/Documents/innopolis/research/arch_design_pattern_detection/exps/3rd_revision/coach_repos_r/anstop-anstop-v1_x-maint/app/src/main/java/An/stop/LoadActivity.java,An.stop.LoadActivity,onContextItemSelected/1[An.stop.MenuItem],toast,3
/Users/sirojiddinkomolov/Documents/innopolis/research/arch_design_pattern_detection/exps/3rd_revision/coach_repos_r/anstop-anstop-v1_x-maint/app/src/main/java/An/stop/LoadActivity.java,An.stop.LoadActivity,onContextItemSelected/1[An.stop.MenuItem],item,3
/Users/sirojiddinkomolov/Documents/innopolis/research/arch_design_pattern_detection/exps/3rd_revision/coach_repos_r/anstop-anstop-v1_x-maint/app/src/main/java/An/stop/LoadActivity.java,An.stop.LoadActivity,onContextItemSelected/1[An.stop.MenuItem],columns,3
/Users/sirojiddinkomolov/Documents/innopolis/research/arch_design_pattern_detection/exps/3rd_revision/coach_repos_r/anstop-anstop-v1_x-maint/app/src/main/java/An/stop/LoadActivity.java,An.stop.LoadActivity,onContextItemSelected/1[An.stop.MenuItem],info,3
/Users/sirojiddinkomolov/Documents/innopolis/research/arch_design_pattern_detection/exps/3rd_revision/coach_repos_r/anstop-anstop-v1_x-maint/app/src/main/java/An/stop/LoadActivity.java,An.stop.LoadActivity,onContextItemSelected/1[An.stop.MenuItem],exHlp,1
/Users/sirojiddinkomolov/Documents/innopolis/research/arch_design_pattern_detection/exps/3rd_revision/coach_repos_r/anstop-anstop-v1_x-maint/app/src/main/java/An/stop/LoadActivity.java,An.stop.LoadActivity,fillData/0,times,1
/Users/sirojiddinkomolov/Documents/innopolis/research/arch_design_pattern_detection/exps/3rd_revision/coach_repos_r/anstop-anstop-v1_x-maint/app/src/main/java/An/stop/LoadActivity.java,An.stop.LoadActivity,fillData/0,c,2
/Users/sirojiddinkomolov/Documents/innopolis/research/arch_design_pattern_detection/exps/3rd_revision/coach_repos_r/anstop-anstop-v1_x-maint/app/src/main/java/An/stop/LoadActivity.java,An.stop.LoadActivity,fillData/0,from,1
/Users/sirojiddinkomolov/Documents/innopolis/research/arch_design_pattern_detection/exps/3rd_revision/coach_repos_r/anstop-anstop-v1_x-maint/app/src/main/java/An/stop/LoadActivity.java,An.stop.LoadActivity,fillData/0,to,1
/Users/sirojiddinkomolov/Documents/innopolis/research/arch_design_pattern_detection/exps/3rd_revision/coach_repos_r/anstop-anstop-v1_x-maint/app/src/main/java/An/stop/LoadActivity.java,An.stop.LoadActivity,onCreate/1[An.stop.Bundle],savedInstanceState,1
/Users/sirojiddinkomolov/Documents/innopolis/research/arch_design_pattern_detection/exps/3rd_revision/coach_repos_r/anstop-anstop-v1_x-maint/app/src/main/java/An/stop/LoadActivity.java,An.stop.LoadActivity,onOptionsItemSelected/1[An.stop.MenuItem],toast,3
/Users/sirojiddinkomolov/Documents/innopolis/research/arch_design_pattern_detection/exps/3rd_revision/coach_repos_r/anstop-anstop-v1_x-maint/app/src/main/java/An/stop/LoadActivity.java,An.stop.LoadActivity,onOptionsItemSelected/1[An.stop.MenuItem],item,1
/Users/sirojiddinkomolov/Documents/innopolis/research/arch_design_pattern_detection/exps/3rd_revision/coach_repos_r/anstop-anstop-v1_x-maint/app/src/main/java/An/stop/LoadActivity.java,An.stop.LoadActivity,onOptionsItemSelected/1[An.stop.MenuItem],c,1
/Users/sirojiddinkomolov/Documents/innopolis/research/arch_design_pattern_detection/exps/3rd_revision/coach_repos_r/anstop-anstop-v1_x-maint/app/src/main/java/An/stop/LoadActivity.java,An.stop.LoadActivity,onOptionsItemSelected/1[An.stop.MenuItem],exHlp,1
