file,class,method,constructor,line,cbo,cboModified,fanin,fanout,wmc,rfc,loc,returnsQty,variablesQty,parametersQty,methodsInvokedQty,methodsInvokedLocalQty,methodsInvokedIndirectLocalQty,loopQty,comparisonsQty,tryCatchQty,parenthesizedExpsQty,stringLiteralsQty,numbersQty,assignmentsQty,mathOperationsQty,maxNestedBlocksQty,anonymousClassesQty,innerClassesQty,lambdasQty,uniqueWordsQty,modifiers,logStatementsQty,hasJavaDoc
/home/arch_design_predict/download-github-repos/mvvm/repos/AndroidIMTemplate-master/app/src/main/java/io/github/nandandesai/android_im_template/repositories/ChatMessageRepository.java,io.github.nandandesai.android_im_template.repositories.ChatMessageRepository,ChatMessageRepository/1[io.github.nandandesai.android_im_template.repositories.Application],true,22,2,3,1,2,1,2,5,0,0,1,2,0,0,0,0,0,0,0,0,3,0,0,0,0,0,12,1,0,false
/home/arch_design_predict/download-github-repos/mvvm/repos/AndroidIMTemplate-master/app/src/main/java/io/github/nandandesai/android_im_template/repositories/ChatMessageRepository.java,io.github.nandandesai.android_im_template.repositories.ChatMessageRepository,"updateMessageStatusWithChatId/3[java.lang.String,java.lang.String,java.lang.String]",false,68,0,2,1,1,1,1,8,0,0,3,1,0,0,0,0,0,0,0,0,0,0,0,1,0,0,10,1,0,false
/home/arch_design_predict/download-github-repos/mvvm/repos/AndroidIMTemplate-master/app/src/main/java/io/github/nandandesai/android_im_template/repositories/ChatMessageRepository.java,io.github.nandandesai.android_im_template.repositories.ChatMessageRepository,getChatMessages/1[java.lang.String],false,60,2,2,1,1,1,1,3,1,0,1,1,0,0,0,0,0,0,0,0,0,0,0,0,0,0,5,1,0,false
/home/arch_design_predict/download-github-repos/mvvm/repos/AndroidIMTemplate-master/app/src/main/java/io/github/nandandesai/android_im_template/repositories/ChatMessageRepository.java,io.github.nandandesai.android_im_template.repositories.ChatMessageRepository,getChatMessagesLiveData/1[java.lang.String],false,64,4,2,1,1,1,1,3,1,0,1,1,0,0,0,0,0,0,0,0,0,0,0,0,0,0,7,1,0,false
/home/arch_design_predict/download-github-repos/mvvm/repos/AndroidIMTemplate-master/app/src/main/java/io/github/nandandesai/android_im_template/repositories/ChatMessageRepository.java,io.github.nandandesai.android_im_template.repositories.ChatMessageRepository,insert/1[io.github.nandandesai.android_im_template.models.ChatMessage],false,28,1,2,1,1,1,1,25,0,0,1,1,0,0,0,0,0,0,0,0,0,0,0,1,0,0,40,1,0,false
/home/arch_design_predict/download-github-repos/mvvm/repos/AndroidIMTemplate-master/app/src/main/java/io/github/nandandesai/android_im_template/ContactListFragment.java,io.github.nandandesai.android_im_template.ContactListFragment,"onCreateView/3[io.github.nandandesai.android_im_template.LayoutInflater,io.github.nandandesai.android_im_template.ViewGroup,io.github.nandandesai.android_im_template.Bundle]",false,42,9,2,0,2,1,8,20,1,2,3,8,1,1,0,0,0,0,0,0,3,0,0,2,0,0,27,1,0,false
/home/arch_design_predict/download-github-repos/mvvm/repos/AndroidIMTemplate-master/app/src/main/java/io/github/nandandesai/android_im_template/ContactListFragment.java,io.github.nandandesai.android_im_template.ContactListFragment,ContactListFragment/0,true,36,0,1,1,0,1,0,2,0,0,0,0,0,0,0,0,0,0,0,0,0,0,0,0,0,0,3,1,0,false
/home/arch_design_predict/download-github-repos/mvvm/repos/AndroidIMTemplate-master/app/src/main/java/io/github/nandandesai/android_im_template/ContactListFragment.java,io.github.nandandesai.android_im_template.ContactListFragment,initRecyclerView/1[io.github.nandandesai.android_im_template.View],false,67,5,2,1,1,1,8,11,0,2,1,8,0,0,0,0,0,0,0,0,4,0,0,0,0,0,20,2,0,false
/home/arch_design_predict/download-github-repos/mvvm/repos/AndroidIMTemplate-master/app/src/main/java/io/github/nandandesai/android_im_template/database/ContactDao.java,io.github.nandandesai.android_im_template.database.ContactDao,delete/1[java.lang.String],false,21,1,0,0,0,1,0,1,0,0,1,0,0,0,0,0,0,0,1,0,0,0,0,0,0,0,10,0,0,false
/home/arch_design_predict/download-github-repos/mvvm/repos/AndroidIMTemplate-master/app/src/main/java/io/github/nandandesai/android_im_template/database/ContactDao.java,io.github.nandandesai.android_im_template.database.ContactDao,getContact/1[java.lang.String],false,27,3,0,0,0,1,0,1,0,0,1,0,0,0,0,0,0,0,1,0,0,0,0,0,0,0,10,0,0,false
/home/arch_design_predict/download-github-repos/mvvm/repos/AndroidIMTemplate-master/app/src/main/java/io/github/nandandesai/android_im_template/database/ContactDao.java,io.github.nandandesai.android_im_template.database.ContactDao,insert/1[io.github.nandandesai.android_im_template.models.Contact],false,15,2,2,2,0,1,0,1,0,0,1,0,0,0,0,0,0,0,0,0,0,0,0,0,0,0,3,0,0,false
/home/arch_design_predict/download-github-repos/mvvm/repos/AndroidIMTemplate-master/app/src/main/java/io/github/nandandesai/android_im_template/database/ContactDao.java,io.github.nandandesai.android_im_template.database.ContactDao,getAllContacts/0,false,24,3,1,1,0,1,0,1,0,0,0,0,0,0,0,0,0,0,1,0,0,0,0,0,0,0,7,0,0,false
/home/arch_design_predict/download-github-repos/mvvm/repos/AndroidIMTemplate-master/app/src/main/java/io/github/nandandesai/android_im_template/database/ContactDao.java,io.github.nandandesai.android_im_template.database.ContactDao,update/1[io.github.nandandesai.android_im_template.models.Contact],false,18,2,0,0,0,1,0,1,0,0,1,0,0,0,0,0,0,0,0,0,0,0,0,0,0,0,3,0,0,false
/home/arch_design_predict/download-github-repos/mvvm/repos/AndroidIMTemplate-master/app/src/main/java/io/github/nandandesai/android_im_template/database/ContactDao.java,io.github.nandandesai.android_im_template.database.ContactDao,getContactName/1[java.lang.String],false,30,1,1,1,0,1,0,1,0,0,1,0,0,0,0,0,0,0,1,0,0,0,0,0,0,0,12,0,0,false
/home/arch_design_predict/download-github-repos/mvvm/repos/AndroidIMTemplate-master/app/src/main/java/io/github/nandandesai/android_im_template/adapters/ContactListAdapter.java,io.github.nandandesai.android_im_template.adapters.ContactListAdapter,"onCreateViewHolder/2[io.github.nandandesai.android_im_template.adapters.ViewGroup,int]",false,35,4,1,0,1,1,3,5,1,2,2,3,0,0,0,0,0,0,0,0,2,0,0,0,0,0,7,1,0,false
/home/arch_design_predict/download-github-repos/mvvm/repos/AndroidIMTemplate-master/app/src/main/java/io/github/nandandesai/android_im_template/adapters/ContactListAdapter.java,io.github.nandandesai.android_im_template.adapters.ContactListAdapter,"onBindViewHolder/2[io.github.nandandesai.android_im_template.adapters.ContactListAdapter.ViewHolder,int]",false,42,4,2,0,2,1,9,12,0,0,2,9,0,0,0,0,0,0,0,0,0,0,0,1,0,0,10,1,0,false
/home/arch_design_predict/download-github-repos/mvvm/repos/AndroidIMTemplate-master/app/src/main/java/io/github/nandandesai/android_im_template/adapters/ContactListAdapter.java,io.github.nandandesai.android_im_template.adapters.ContactListAdapter,"ContactListAdapter/2[io.github.nandandesai.android_im_template.adapters.Context,java.util.List<io.github.nandandesai.android_im_template.models.Contact>]",true,28,2,1,1,0,1,0,4,0,0,2,0,0,0,0,0,0,0,0,0,2,0,0,0,0,0,6,1,0,false
/home/arch_design_predict/download-github-repos/mvvm/repos/AndroidIMTemplate-master/app/src/main/java/io/github/nandandesai/android_im_template/adapters/ContactListAdapter.java,io.github.nandandesai.android_im_template.adapters.ContactListAdapter,getItemCount/0,false,61,0,0,0,0,1,1,3,1,0,0,1,0,0,0,0,0,0,0,0,0,0,0,0,0,0,3,1,0,false
/home/arch_design_predict/download-github-repos/mvvm/repos/AndroidIMTemplate-master/app/src/main/java/io/github/nandandesai/android_im_template/adapters/ContactListAdapter.java,io.github.nandandesai.android_im_template.adapters.ContactListAdapter,setContactList/1[java.util.List<io.github.nandandesai.android_im_template.models.Contact>],false,65,1,1,1,0,1,1,4,0,0,1,1,0,0,0,0,0,0,0,0,1,0,0,0,0,0,9,1,0,false
/home/arch_design_predict/download-github-repos/mvvm/repos/AndroidIMTemplate-master/app/src/main/java/io/github/nandandesai/android_im_template/repositories/ChatListRepository.java,io.github.nandandesai.android_im_template.repositories.ChatListRepository,ChatListRepository/1[io.github.nandandesai.android_im_template.repositories.Application],true,21,3,6,2,4,1,4,6,0,1,1,4,0,0,0,0,0,0,0,0,4,0,0,0,0,0,16,1,0,false
/home/arch_design_predict/download-github-repos/mvvm/repos/AndroidIMTemplate-master/app/src/main/java/io/github/nandandesai/android_im_template/repositories/ChatListRepository.java,io.github.nandandesai.android_im_template.repositories.ChatListRepository,getRecentMsg/1[java.lang.String],false,33,4,2,1,1,1,1,3,1,0,1,1,0,0,0,0,0,0,0,0,0,0,0,0,0,0,5,1,0,false
/home/arch_design_predict/download-github-repos/mvvm/repos/AndroidIMTemplate-master/app/src/main/java/io/github/nandandesai/android_im_template/repositories/ChatListRepository.java,io.github.nandandesai.android_im_template.repositories.ChatListRepository,getAllChatIds/0,false,37,3,2,1,1,1,1,3,1,0,0,1,0,0,0,0,0,0,0,0,0,0,0,0,0,0,4,1,0,false
/home/arch_design_predict/download-github-repos/mvvm/repos/AndroidIMTemplate-master/app/src/main/java/io/github/nandandesai/android_im_template/repositories/ChatListRepository.java,io.github.nandandesai.android_im_template.repositories.ChatListRepository,getChatSession/1[java.lang.String],false,50,4,3,2,1,1,1,3,1,0,1,1,0,0,0,0,0,0,0,0,0,0,0,0,0,0,5,1,0,false
/home/arch_design_predict/download-github-repos/mvvm/repos/AndroidIMTemplate-master/app/src/main/java/io/github/nandandesai/android_im_template/repositories/ChatListRepository.java,io.github.nandandesai.android_im_template.repositories.ChatListRepository,insertChat/1[io.github.nandandesai.android_im_template.models.ChatSession],false,41,1,2,1,1,1,1,8,0,0,1,1,0,0,0,0,0,0,0,0,0,0,0,1,0,0,7,1,0,false
/home/arch_design_predict/download-github-repos/mvvm/repos/AndroidIMTemplate-master/app/src/main/java/io/github/nandandesai/android_im_template/repositories/ChatListRepository.java,io.github.nandandesai.android_im_template.repositories.ChatListRepository,getNumberOfUnreadMsgs/1[java.lang.String],false,29,3,2,1,1,1,1,3,1,0,1,1,0,0,0,0,0,0,0,0,0,0,0,0,0,0,7,1,0,false
/home/arch_design_predict/download-github-repos/mvvm/repos/AndroidIMTemplate-master/app/src/main/java/io/github/nandandesai/android_im_template/adapters/TabLayoutPagerAdapter.java,io.github.nandandesai.android_im_template.adapters.TabLayoutPagerAdapter,getPageTitle/1[int],false,25,0,0,0,0,1,1,3,1,0,1,1,0,0,0,0,0,0,0,0,0,0,0,0,0,0,6,1,0,false
/home/arch_design_predict/download-github-repos/mvvm/repos/AndroidIMTemplate-master/app/src/main/java/io/github/nandandesai/android_im_template/adapters/TabLayoutPagerAdapter.java,io.github.nandandesai.android_im_template.adapters.TabLayoutPagerAdapter,getCount/0,false,35,0,0,0,0,1,1,3,1,0,0,1,0,0,0,0,0,0,0,0,0,0,0,0,0,0,2,1,0,false
/home/arch_design_predict/download-github-repos/mvvm/repos/AndroidIMTemplate-master/app/src/main/java/io/github/nandandesai/android_im_template/adapters/TabLayoutPagerAdapter.java,io.github.nandandesai.android_im_template.adapters.TabLayoutPagerAdapter,"addFragment/2[io.github.nandandesai.android_im_template.adapters.Fragment,java.lang.String]",false,19,1,1,1,0,1,2,4,0,0,2,2,0,0,0,0,0,0,0,0,0,0,0,0,0,0,4,1,0,false
/home/arch_design_predict/download-github-repos/mvvm/repos/AndroidIMTemplate-master/app/src/main/java/io/github/nandandesai/android_im_template/adapters/TabLayoutPagerAdapter.java,io.github.nandandesai.android_im_template.adapters.TabLayoutPagerAdapter,TabLayoutPagerAdapter/1[io.github.nandandesai.android_im_template.adapters.FragmentManager],true,15,1,1,1,0,1,0,3,0,0,1,0,0,0,0,0,0,0,0,0,0,0,0,0,0,0,7,1,0,false
/home/arch_design_predict/download-github-repos/mvvm/repos/AndroidIMTemplate-master/app/src/main/java/io/github/nandandesai/android_im_template/adapters/TabLayoutPagerAdapter.java,io.github.nandandesai.android_im_template.adapters.TabLayoutPagerAdapter,getItem/1[int],false,30,1,0,0,0,1,1,3,1,0,1,1,0,0,0,0,0,0,0,0,0,0,0,0,0,0,4,1,0,false
/home/arch_design_predict/download-github-repos/mvvm/repos/AndroidIMTemplate-master/app/src/main/java/io/github/nandandesai/android_im_template/adapters/ChatListAdapter.java,io.github.nandandesai.android_im_template.adapters.ChatListAdapter,setDataHolders/1[java.util.List<io.github.nandandesai.android_im_template.adapters.ChatListAdapter.DataHolder>],false,135,1,1,1,0,1,1,4,0,0,1,1,0,0,0,0,0,0,0,0,1,0,0,0,0,0,7,1,0,false
/home/arch_design_predict/download-github-repos/mvvm/repos/AndroidIMTemplate-master/app/src/main/java/io/github/nandandesai/android_im_template/adapters/ChatListAdapter.java,io.github.nandandesai.android_im_template.adapters.ChatListAdapter,getItemCount/0,false,142,0,0,0,0,1,1,3,1,0,0,1,0,0,0,0,0,0,0,0,0,0,0,0,0,0,3,1,0,false
/home/arch_design_predict/download-github-repos/mvvm/repos/AndroidIMTemplate-master/app/src/main/java/io/github/nandandesai/android_im_template/adapters/ChatListAdapter.java,io.github.nandandesai.android_im_template.adapters.ChatListAdapter,"onBindViewHolder/2[io.github.nandandesai.android_im_template.adapters.ChatListAdapter.ViewHolder,int]",false,68,3,0,0,0,1,3,50,0,0,2,3,0,0,0,0,0,0,1,0,0,0,0,3,0,0,26,1,0,false
/home/arch_design_predict/download-github-repos/mvvm/repos/AndroidIMTemplate-master/app/src/main/java/io/github/nandandesai/android_im_template/adapters/ChatListAdapter.java,io.github.nandandesai.android_im_template.adapters.ChatListAdapter,"onCreateViewHolder/2[io.github.nandandesai.android_im_template.adapters.ViewGroup,int]",false,61,4,1,0,1,1,3,5,1,2,2,3,0,0,0,0,0,0,0,0,2,0,0,0,0,0,7,1,0,false
/home/arch_design_predict/download-github-repos/mvvm/repos/AndroidIMTemplate-master/app/src/main/java/io/github/nandandesai/android_im_template/adapters/ChatListAdapter.java,io.github.nandandesai.android_im_template.adapters.ChatListAdapter,"ChatListAdapter/4[io.github.nandandesai.android_im_template.adapters.Context,io.github.nandandesai.android_im_template.adapters.LifecycleOwner,java.util.List<io.github.nandandesai.android_im_template.adapters.ChatListAdapter.DataHolder>,io.github.nandandesai.android_im_template.adapters.AppCompatActivity]",true,52,4,1,1,0,1,0,6,0,0,4,0,0,0,0,0,0,0,0,0,4,0,0,0,0,0,10,1,0,false
/home/arch_design_predict/download-github-repos/mvvm/repos/AndroidIMTemplate-master/app/src/main/java/io/github/nandandesai/android_im_template/adapters/ChatListAdapter.java,io.github.nandandesai.android_im_template.adapters.ChatListAdapter,cleanUpSelectedItems/0,false,215,1,1,1,0,2,7,8,0,2,0,7,0,0,1,0,0,0,0,1,2,0,1,0,0,0,9,2,0,false
/home/arch_design_predict/download-github-repos/mvvm/repos/AndroidIMTemplate-master/app/src/main/java/io/github/nandandesai/android_im_template/models/Contact.java,io.github.nandandesai.android_im_template.models.Contact,getStatusMessage/0,false,40,0,0,0,0,1,0,3,1,0,0,0,0,0,0,0,0,0,0,0,0,0,0,0,0,0,4,1,0,false
/home/arch_design_predict/download-github-repos/mvvm/repos/AndroidIMTemplate-master/app/src/main/java/io/github/nandandesai/android_im_template/models/Contact.java,io.github.nandandesai.android_im_template.models.Contact,"Contact/4[java.lang.String,java.lang.String,java.lang.String,java.lang.String]",true,21,1,2,2,0,1,0,6,0,0,4,0,0,0,0,0,0,0,0,0,4,0,0,0,0,0,7,1,0,false
/home/arch_design_predict/download-github-repos/mvvm/repos/AndroidIMTemplate-master/app/src/main/java/io/github/nandandesai/android_im_template/models/Contact.java,io.github.nandandesai.android_im_template.models.Contact,getProfilePic/0,false,28,0,1,1,0,1,0,3,1,0,0,0,0,0,0,0,0,0,0,0,0,0,0,0,0,0,4,1,0,false
/home/arch_design_predict/download-github-repos/mvvm/repos/AndroidIMTemplate-master/app/src/main/java/io/github/nandandesai/android_im_template/models/Contact.java,io.github.nandandesai.android_im_template.models.Contact,getId/0,false,32,0,2,2,0,1,0,3,1,0,0,0,0,0,0,0,0,0,0,0,0,0,0,0,0,0,3,1,0,false
/home/arch_design_predict/download-github-repos/mvvm/repos/AndroidIMTemplate-master/app/src/main/java/io/github/nandandesai/android_im_template/models/Contact.java,io.github.nandandesai.android_im_template.models.Contact,getName/0,false,36,0,2,2,0,1,0,3,1,0,0,0,0,0,0,0,0,0,0,0,0,0,0,0,0,0,3,1,0,false
/home/arch_design_predict/download-github-repos/mvvm/repos/AndroidIMTemplate-master/app/src/main/java/io/github/nandandesai/android_im_template/adapters/ChatMessageAdapter.java,io.github.nandandesai.android_im_template.adapters.ChatMessageAdapter,addChatMessage/1[io.github.nandandesai.android_im_template.models.ChatMessage],false,94,1,0,0,0,1,3,4,0,0,1,3,0,0,0,0,0,0,0,0,0,0,0,0,0,0,7,1,0,false
/home/arch_design_predict/download-github-repos/mvvm/repos/AndroidIMTemplate-master/app/src/main/java/io/github/nandandesai/android_im_template/adapters/ChatMessageAdapter.java,io.github.nandandesai.android_im_template.adapters.ChatMessageAdapter,getItemViewType/1[int],false,39,1,1,0,1,2,3,8,2,0,1,3,0,0,0,0,0,0,1,0,0,0,1,0,0,0,19,1,0,false
/home/arch_design_predict/download-github-repos/mvvm/repos/AndroidIMTemplate-master/app/src/main/java/io/github/nandandesai/android_im_template/adapters/ChatMessageAdapter.java,io.github.nandandesai.android_im_template.adapters.ChatMessageAdapter,"onCreateViewHolder/2[io.github.nandandesai.android_im_template.adapters.ViewGroup,int]",false,49,6,2,0,2,3,3,15,3,2,2,3,0,0,0,0,0,0,0,0,2,0,1,0,0,0,11,1,0,false
/home/arch_design_predict/download-github-repos/mvvm/repos/AndroidIMTemplate-master/app/src/main/java/io/github/nandandesai/android_im_template/adapters/ChatMessageAdapter.java,io.github.nandandesai.android_im_template.adapters.ChatMessageAdapter,getItemCount/0,false,85,0,0,0,0,1,1,3,1,0,0,1,0,0,0,0,0,0,0,0,0,0,0,0,0,0,3,1,0,false
/home/arch_design_predict/download-github-repos/mvvm/repos/AndroidIMTemplate-master/app/src/main/java/io/github/nandandesai/android_im_template/adapters/ChatMessageAdapter.java,io.github.nandandesai.android_im_template.adapters.ChatMessageAdapter,"onBindViewHolder/2[RecyclerView.ViewHolder,int]",false,64,6,3,0,3,3,6,20,0,3,2,6,1,1,0,0,0,0,1,0,3,0,1,0,0,0,16,1,0,false
/home/arch_design_predict/download-github-repos/mvvm/repos/AndroidIMTemplate-master/app/src/main/java/io/github/nandandesai/android_im_template/adapters/ChatMessageAdapter.java,io.github.nandandesai.android_im_template.adapters.ChatMessageAdapter,"ChatMessageAdapter/2[io.github.nandandesai.android_im_template.adapters.Context,java.util.List<io.github.nandandesai.android_im_template.models.ChatMessage>]",true,33,2,1,1,0,1,0,4,0,0,2,0,0,0,0,0,0,0,0,0,2,0,0,0,0,0,7,1,0,false
/home/arch_design_predict/download-github-repos/mvvm/repos/AndroidIMTemplate-master/app/src/main/java/io/github/nandandesai/android_im_template/adapters/ChatMessageAdapter.java,io.github.nandandesai.android_im_template.adapters.ChatMessageAdapter,setChatMessages/1[java.util.List<io.github.nandandesai.android_im_template.models.ChatMessage>],false,89,1,1,1,0,1,2,4,0,0,1,2,0,0,0,0,0,0,0,0,1,0,0,0,0,0,7,1,0,false
/home/arch_design_predict/download-github-repos/mvvm/repos/AndroidIMTemplate-master/app/src/main/java/io/github/nandandesai/android_im_template/adapters/ChatMessageAdapter.java,io.github.nandandesai.android_im_template.adapters.ChatMessageAdapter,getFormattedMessageTime/1[long],false,125,0,1,1,0,1,7,8,1,3,1,7,0,0,0,0,0,0,1,0,3,0,0,0,0,0,14,2,0,false
/home/arch_design_predict/download-github-repos/mvvm/repos/AndroidIMTemplate-master/app/src/main/java/io/github/nandandesai/android_im_template/ChatActivity.java,io.github.nandandesai.android_im_template.ChatActivity$Anonymous3,onClick/1[io.github.nandandesai.android_im_template.View],false,104,1,4,0,4,2,2,5,0,0,1,2,0,0,0,0,0,0,0,0,0,0,1,0,0,0,4,1,0,false
/home/arch_design_predict/download-github-repos/mvvm/repos/AndroidIMTemplate-master/app/src/main/java/io/github/nandandesai/android_im_template/ChatActivity.java,io.github.nandandesai.android_im_template.ChatActivity$Anonymous2,onClick/1[io.github.nandandesai.android_im_template.View],false,81,3,4,0,4,2,8,17,0,9,1,8,0,0,0,0,0,0,3,0,10,2,1,0,0,0,16,1,0,false
/home/arch_design_predict/download-github-repos/mvvm/repos/AndroidIMTemplate-master/app/src/main/java/io/github/nandandesai/android_im_template/viewmodels/ChatActivityViewModel.java,io.github.nandandesai.android_im_template.viewmodels.ChatActivityViewModel,ChatActivityViewModel/1[io.github.nandandesai.android_im_template.viewmodels.Application],true,20,4,2,0,2,1,0,5,0,0,1,0,0,0,0,0,0,0,0,0,2,0,0,0,0,0,10,1,0,false
/home/arch_design_predict/download-github-repos/mvvm/repos/AndroidIMTemplate-master/app/src/main/java/io/github/nandandesai/android_im_template/viewmodels/ChatActivityViewModel.java,io.github.nandandesai.android_im_template.viewmodels.ChatActivityViewModel,insert/1[io.github.nandandesai.android_im_template.models.ChatMessage],false,30,2,2,1,1,1,1,3,0,0,1,1,0,0,0,0,0,0,0,0,0,0,0,0,0,0,4,1,0,false
/home/arch_design_predict/download-github-repos/mvvm/repos/AndroidIMTemplate-master/app/src/main/java/io/github/nandandesai/android_im_template/viewmodels/ChatActivityViewModel.java,io.github.nandandesai.android_im_template.viewmodels.ChatActivityViewModel,"updateMessageStatusWithChatId/3[java.lang.String,java.lang.String,java.lang.String]",false,42,1,2,1,1,1,1,3,0,0,3,1,0,0,0,0,0,0,0,0,0,0,0,0,0,0,7,1,0,false
/home/arch_design_predict/download-github-repos/mvvm/repos/AndroidIMTemplate-master/app/src/main/java/io/github/nandandesai/android_im_template/viewmodels/ChatActivityViewModel.java,io.github.nandandesai.android_im_template.viewmodels.ChatActivityViewModel,getChatMessages/1[java.lang.String],false,34,2,1,0,1,1,1,3,1,0,1,1,0,0,0,0,0,0,0,0,0,0,0,0,0,0,5,1,0,false
/home/arch_design_predict/download-github-repos/mvvm/repos/AndroidIMTemplate-master/app/src/main/java/io/github/nandandesai/android_im_template/viewmodels/ChatActivityViewModel.java,io.github.nandandesai.android_im_template.viewmodels.ChatActivityViewModel,getChatSession/1[java.lang.String],false,26,4,2,1,1,1,1,3,1,0,1,1,0,0,0,0,0,0,0,0,0,0,0,0,0,0,5,1,0,false
/home/arch_design_predict/download-github-repos/mvvm/repos/AndroidIMTemplate-master/app/src/main/java/io/github/nandandesai/android_im_template/viewmodels/ChatActivityViewModel.java,io.github.nandandesai.android_im_template.viewmodels.ChatActivityViewModel,getChatMessagesLiveData/1[java.lang.String],false,38,4,2,1,1,1,1,3,1,0,1,1,0,0,0,0,0,0,0,0,0,0,0,0,0,0,7,1,0,false
/home/arch_design_predict/download-github-repos/mvvm/repos/AndroidIMTemplate-master/app/src/main/java/io/github/nandandesai/android_im_template/repositories/ChatMessageRepository.java,io.github.nandandesai.android_im_template.repositories.ChatMessageRepository$Anonymous1,run/0,false,31,6,13,0,13,4,9,20,0,2,0,9,0,0,0,2,1,0,2,1,3,0,1,0,0,0,37,1,0,false
/home/arch_design_predict/download-github-repos/mvvm/repos/AndroidIMTemplate-master/app/src/main/java/io/github/nandandesai/android_im_template/ChatActivity.java,io.github.nandandesai.android_im_template.ChatActivity$Anonymous5,onChanged/1[java.util.List<io.github.nandandesai.android_im_template.models.ChatMessage>],false,178,4,2,0,2,2,5,7,0,0,1,5,0,0,0,1,0,0,0,1,0,1,1,0,0,0,5,1,0,false
/home/arch_design_predict/download-github-repos/mvvm/repos/AndroidIMTemplate-master/app/src/main/java/io/github/nandandesai/android_im_template/ChatActivity.java,io.github.nandandesai.android_im_template.ChatActivity$Anonymous4,onChanged/1[io.github.nandandesai.android_im_template.models.ChatSession],false,152,2,2,0,2,2,8,10,1,0,1,8,0,0,0,1,0,0,2,0,0,1,1,0,0,0,18,1,0,false
/home/arch_design_predict/download-github-repos/mvvm/repos/AndroidIMTemplate-master/app/src/main/java/io/github/nandandesai/android_im_template/adapters/ChatMessageAdapter.java,io.github.nandandesai.android_im_template.adapters.ChatMessageAdapter$IncomingMessageViewHolder,IncomingMessageViewHolder/1[io.github.nandandesai.android_im_template.adapters.View],true,104,2,1,1,0,1,1,6,0,0,1,1,0,0,0,0,0,0,0,0,3,0,0,0,0,0,5,1,0,false
/home/arch_design_predict/download-github-repos/mvvm/repos/AndroidIMTemplate-master/app/src/main/java/io/github/nandandesai/android_im_template/adapters/ContactListAdapter.java,io.github.nandandesai.android_im_template.adapters.ContactListAdapter$ViewHolder,ViewHolder/1[io.github.nandandesai.android_im_template.adapters.View],true,79,2,1,1,0,1,1,6,0,0,1,1,0,0,0,0,0,0,0,0,3,0,0,0,0,0,11,1,0,false
/home/arch_design_predict/download-github-repos/mvvm/repos/AndroidIMTemplate-master/app/src/main/java/io/github/nandandesai/android_im_template/ChatActivity.java,io.github.nandandesai.android_im_template.ChatActivity$Anonymous1,onClick/1[io.github.nandandesai.android_im_template.View],false,74,1,4,0,4,1,1,3,0,0,1,1,0,0,0,0,0,0,0,0,0,0,0,0,0,0,4,1,0,false
/home/arch_design_predict/download-github-repos/mvvm/repos/AndroidIMTemplate-master/app/src/main/java/io/github/nandandesai/android_im_template/adapters/ChatListAdapter.java,io.github.nandandesai.android_im_template.adapters.ChatListAdapter$DataHolder,"DataHolder/3[io.github.nandandesai.android_im_template.adapters.LiveData<io.github.nandandesai.android_im_template.models.ChatSession>,io.github.nandandesai.android_im_template.adapters.LiveData<io.github.nandandesai.android_im_template.models.ChatMessage>,io.github.nandandesai.android_im_template.adapters.LiveData<java.lang.Integer>]",true,169,1,1,1,0,1,0,5,0,0,3,0,0,0,0,0,0,0,0,0,3,0,0,0,0,0,10,1,0,false
/home/arch_design_predict/download-github-repos/mvvm/repos/AndroidIMTemplate-master/app/src/main/java/io/github/nandandesai/android_im_template/database/AndroidIMTemplateDatabase.java,io.github.nandandesai.android_im_template.database.AndroidIMTemplateDatabase,chatSessionDao/0,false,26,1,3,3,0,1,0,1,0,0,0,0,0,0,0,0,0,0,0,0,0,0,0,0,0,0,4,1025,0,false
/home/arch_design_predict/download-github-repos/mvvm/repos/AndroidIMTemplate-master/app/src/main/java/io/github/nandandesai/android_im_template/database/AndroidIMTemplateDatabase.java,io.github.nandandesai.android_im_template.database.AndroidIMTemplateDatabase,chatMessageDao/0,false,25,1,2,2,0,1,0,1,0,0,0,0,0,0,0,0,0,0,0,0,0,0,0,0,0,0,4,1025,0,false
/home/arch_design_predict/download-github-repos/mvvm/repos/AndroidIMTemplate-master/app/src/main/java/io/github/nandandesai/android_im_template/database/AndroidIMTemplateDatabase.java,io.github.nandandesai.android_im_template.database.AndroidIMTemplateDatabase,getInstance/1[io.github.nandandesai.android_im_template.database.Context],false,29,3,3,3,0,2,6,8,1,2,1,6,0,0,0,1,0,0,1,0,3,0,1,0,0,0,19,41,0,false
/home/arch_design_predict/download-github-repos/mvvm/repos/AndroidIMTemplate-master/app/src/main/java/io/github/nandandesai/android_im_template/database/AndroidIMTemplateDatabase.java,io.github.nandandesai.android_im_template.database.AndroidIMTemplateDatabase,contactDao/0,false,27,1,3,3,0,1,0,1,0,0,0,0,0,0,0,0,0,0,0,0,0,0,0,0,0,0,3,1025,0,false
/home/arch_design_predict/download-github-repos/mvvm/repos/AndroidIMTemplate-master/app/src/main/java/io/github/nandandesai/android_im_template/repositories/ChatMessageRepository.java,io.github.nandandesai.android_im_template.repositories.ChatMessageRepository$Anonymous2,run/0,false,71,1,13,0,13,1,1,3,0,0,0,1,0,0,0,0,0,0,0,0,0,0,0,0,0,0,1,1,0,false
/home/arch_design_predict/download-github-repos/mvvm/repos/AndroidIMTemplate-master/app/src/main/java/io/github/nandandesai/android_im_template/viewmodels/ContactListViewModel.java,io.github.nandandesai.android_im_template.viewmodels.ContactListViewModel,ContactListViewModel/1[io.github.nandandesai.android_im_template.viewmodels.Application],true,17,3,2,0,2,1,1,5,0,0,1,1,0,0,0,0,0,0,0,0,2,0,0,0,0,0,9,1,0,false
/home/arch_design_predict/download-github-repos/mvvm/repos/AndroidIMTemplate-master/app/src/main/java/io/github/nandandesai/android_im_template/viewmodels/ContactListViewModel.java,io.github.nandandesai.android_im_template.viewmodels.ContactListViewModel,getContacts/0,false,23,2,1,1,0,1,0,3,1,0,0,0,0,0,0,0,0,0,0,0,0,0,0,0,0,0,3,1,0,false
/home/arch_design_predict/download-github-repos/mvvm/repos/AndroidIMTemplate-master/app/src/main/java/io/github/nandandesai/android_im_template/ChatActivity.java,io.github.nandandesai.android_im_template.ChatActivity,onCreate/1[io.github.nandandesai.android_im_template.Bundle],false,47,6,3,0,3,1,15,53,0,1,1,15,2,2,0,0,0,0,2,0,8,1,0,3,0,0,48,4,0,false
/home/arch_design_predict/download-github-repos/mvvm/repos/AndroidIMTemplate-master/app/src/main/java/io/github/nandandesai/android_im_template/ChatActivity.java,io.github.nandandesai.android_im_template.ChatActivity,"setupLiveDataObservers/2[io.github.nandandesai.android_im_template.TextView,io.github.nandandesai.android_im_template.CircleImageView]",false,138,5,3,1,2,1,3,25,0,0,2,3,0,0,0,0,0,0,0,0,0,0,0,2,0,0,25,2,0,false
/home/arch_design_predict/download-github-repos/mvvm/repos/AndroidIMTemplate-master/app/src/main/java/io/github/nandandesai/android_im_template/ChatActivity.java,io.github.nandandesai.android_im_template.ChatActivity,onStop/0,false,116,0,0,0,0,2,2,6,0,0,0,2,0,0,0,1,0,0,0,0,0,0,1,0,0,0,5,4,0,false
/home/arch_design_predict/download-github-repos/mvvm/repos/AndroidIMTemplate-master/app/src/main/java/io/github/nandandesai/android_im_template/ChatActivity.java,io.github.nandandesai.android_im_template.ChatActivity,setUpEmojiPopup/0,false,123,0,1,1,0,1,3,3,0,0,0,3,0,0,0,0,0,0,0,0,1,0,0,0,0,0,11,2,0,false
/home/arch_design_predict/download-github-repos/mvvm/repos/AndroidIMTemplate-master/app/src/main/java/io/github/nandandesai/android_im_template/ChatActivity.java,io.github.nandandesai.android_im_template.ChatActivity,setupToolbar/0,false,127,4,2,1,1,1,5,8,0,3,0,5,1,1,0,0,0,0,0,0,3,0,0,0,0,0,22,2,0,false
/home/arch_design_predict/download-github-repos/mvvm/repos/AndroidIMTemplate-master/app/src/main/java/io/github/nandandesai/android_im_template/CreateContactActivity.java,io.github.nandandesai.android_im_template.CreateContactActivity,onCreate/1[io.github.nandandesai.android_im_template.Bundle],false,22,3,1,0,1,1,5,22,0,0,1,5,0,0,0,0,0,0,0,0,4,0,0,1,0,0,26,4,0,false
/home/arch_design_predict/download-github-repos/mvvm/repos/AndroidIMTemplate-master/app/src/main/java/io/github/nandandesai/android_im_template/adapters/ChatListAdapter.java,io.github.nandandesai.android_im_template.adapters.ChatListAdapter$Anonymous5,onChanged/1[java.lang.Integer],false,123,1,0,0,0,3,2,9,0,0,1,2,0,0,0,1,0,0,1,1,0,1,1,0,0,0,6,1,0,false
/home/arch_design_predict/download-github-repos/mvvm/repos/AndroidIMTemplate-master/app/src/main/java/io/github/nandandesai/android_im_template/CreateContactActivity.java,io.github.nandandesai.android_im_template.CreateContactActivity$Anonymous1,onClick/1[io.github.nandandesai.android_im_template.View],false,34,3,4,0,4,3,8,11,1,3,1,8,0,0,0,0,0,0,3,0,3,0,1,0,0,0,9,1,0,false
/home/arch_design_predict/download-github-repos/mvvm/repos/AndroidIMTemplate-master/app/src/main/java/io/github/nandandesai/android_im_template/adapters/ChatListAdapter.java,io.github.nandandesai.android_im_template.adapters.ChatListAdapter$Anonymous4,onChanged/1[io.github.nandandesai.android_im_template.models.ChatMessage],false,115,2,1,0,1,1,2,3,0,0,1,2,0,0,0,0,0,0,0,0,0,0,0,0,0,0,5,1,0,false
/home/arch_design_predict/download-github-repos/mvvm/repos/AndroidIMTemplate-master/app/src/main/java/io/github/nandandesai/android_im_template/viewmodels/ChatListViewModel.java,io.github.nandandesai.android_im_template.viewmodels.ChatListViewModel,ChatListViewModel/1[io.github.nandandesai.android_im_template.viewmodels.Application],true,18,3,1,0,1,1,0,4,0,0,1,0,0,0,0,0,0,0,0,0,1,0,0,0,0,0,8,1,0,false
/home/arch_design_predict/download-github-repos/mvvm/repos/AndroidIMTemplate-master/app/src/main/java/io/github/nandandesai/android_im_template/viewmodels/ChatListViewModel.java,io.github.nandandesai.android_im_template.viewmodels.ChatListViewModel,getNumberOfUnreadMsgs/1[java.lang.String],false,27,3,2,1,1,1,1,3,1,0,1,1,0,0,0,0,0,0,0,0,0,0,0,0,0,0,7,1,0,false
/home/arch_design_predict/download-github-repos/mvvm/repos/AndroidIMTemplate-master/app/src/main/java/io/github/nandandesai/android_im_template/viewmodels/ChatListViewModel.java,io.github.nandandesai.android_im_template.viewmodels.ChatListViewModel,getRecentMsg/1[java.lang.String],false,31,4,2,1,1,1,1,3,1,0,1,1,0,0,0,0,0,0,0,0,0,0,0,0,0,0,5,1,0,false
/home/arch_design_predict/download-github-repos/mvvm/repos/AndroidIMTemplate-master/app/src/main/java/io/github/nandandesai/android_im_template/viewmodels/ChatListViewModel.java,io.github.nandandesai.android_im_template.viewmodels.ChatListViewModel,getAllChatIds/0,false,39,3,2,1,1,1,1,3,1,0,0,1,0,0,0,0,0,0,0,0,0,0,0,0,0,0,4,1,0,false
/home/arch_design_predict/download-github-repos/mvvm/repos/AndroidIMTemplate-master/app/src/main/java/io/github/nandandesai/android_im_template/viewmodels/ChatListViewModel.java,io.github.nandandesai.android_im_template.viewmodels.ChatListViewModel,getChatSession/1[java.lang.String],false,35,4,2,1,1,1,1,3,1,0,1,1,0,0,0,0,0,0,0,0,0,0,0,0,0,0,5,1,0,false
/home/arch_design_predict/download-github-repos/mvvm/repos/AndroidIMTemplate-master/app/src/main/java/io/github/nandandesai/android_im_template/viewmodels/ChatListViewModel.java,io.github.nandandesai.android_im_template.viewmodels.ChatListViewModel,insert/1[io.github.nandandesai.android_im_template.models.ChatSession],false,23,2,1,0,1,1,1,3,0,0,1,1,0,0,0,0,0,0,0,0,0,0,0,0,0,0,4,1,0,false
/home/arch_design_predict/download-github-repos/mvvm/repos/AndroidIMTemplate-master/app/src/main/java/io/github/nandandesai/android_im_template/adapters/ChatListAdapter.java,io.github.nandandesai.android_im_template.adapters.ChatListAdapter$Anonymous1,onChanged/1[io.github.nandandesai.android_im_template.models.ChatSession],false,73,3,2,0,2,2,9,26,0,0,1,9,0,0,0,1,0,0,0,0,0,0,1,2,0,0,19,1,0,false
/home/arch_design_predict/download-github-repos/mvvm/repos/AndroidIMTemplate-master/app/src/main/java/io/github/nandandesai/android_im_template/database/ChatMessageDao.java,io.github.nandandesai.android_im_template.database.ChatMessageDao,insert/1[io.github.nandandesai.android_im_template.models.ChatMessage],false,15,2,1,1,0,1,0,1,0,0,1,0,0,0,0,0,0,0,0,0,0,0,0,0,0,0,4,0,0,false
/home/arch_design_predict/download-github-repos/mvvm/repos/AndroidIMTemplate-master/app/src/main/java/io/github/nandandesai/android_im_template/database/ChatMessageDao.java,io.github.nandandesai.android_im_template.database.ChatMessageDao,getAllChatMessages/1[java.lang.String],false,18,2,1,1,0,1,0,1,0,0,1,0,0,0,0,0,0,0,1,0,0,0,0,0,0,0,19,0,0,false
/home/arch_design_predict/download-github-repos/mvvm/repos/AndroidIMTemplate-master/app/src/main/java/io/github/nandandesai/android_im_template/database/ChatMessageDao.java,io.github.nandandesai.android_im_template.database.ChatMessageDao,getAllUnreadMsgs/1[java.lang.String],false,24,3,0,0,0,1,0,1,0,0,1,0,0,0,0,0,0,0,2,0,0,1,0,0,0,0,20,0,0,false
/home/arch_design_predict/download-github-repos/mvvm/repos/AndroidIMTemplate-master/app/src/main/java/io/github/nandandesai/android_im_template/database/ChatMessageDao.java,io.github.nandandesai.android_im_template.database.ChatMessageDao,getAllUnsentMsgs/0,false,27,3,0,0,0,1,0,1,0,0,0,0,0,0,0,0,0,0,2,0,0,1,0,0,0,0,15,0,0,false
/home/arch_design_predict/download-github-repos/mvvm/repos/AndroidIMTemplate-master/app/src/main/java/io/github/nandandesai/android_im_template/database/ChatMessageDao.java,io.github.nandandesai.android_im_template.database.ChatMessageDao,"updateMessageStatusWithChatId/3[java.lang.String,java.lang.String,java.lang.String]",false,37,1,1,1,0,1,0,1,0,0,3,0,0,0,0,0,0,0,1,0,0,0,0,0,0,0,18,0,0,false
/home/arch_design_predict/download-github-repos/mvvm/repos/AndroidIMTemplate-master/app/src/main/java/io/github/nandandesai/android_im_template/database/ChatMessageDao.java,io.github.nandandesai.android_im_template.database.ChatMessageDao,getAllChatMessagesLiveData/1[java.lang.String],false,21,3,1,1,0,1,0,1,0,0,1,0,0,0,0,0,0,0,1,0,0,0,0,0,0,0,21,0,0,false
/home/arch_design_predict/download-github-repos/mvvm/repos/AndroidIMTemplate-master/app/src/main/java/io/github/nandandesai/android_im_template/database/ChatMessageDao.java,io.github.nandandesai.android_im_template.database.ChatMessageDao,"updateMessageStatusWithMessageId/2[java.lang.String,java.lang.String]",false,30,1,0,0,0,1,0,1,0,0,2,0,0,0,0,0,0,0,1,0,0,0,0,0,0,0,14,0,0,false
/home/arch_design_predict/download-github-repos/mvvm/repos/AndroidIMTemplate-master/app/src/main/java/io/github/nandandesai/android_im_template/database/ChatMessageDao.java,io.github.nandandesai.android_im_template.database.ChatMessageDao,getNumberOfUnreadMsgs/1[java.lang.String],false,40,2,1,1,0,1,0,1,0,0,1,0,0,0,0,0,0,0,2,0,0,1,0,0,0,0,22,0,0,false
/home/arch_design_predict/download-github-repos/mvvm/repos/AndroidIMTemplate-master/app/src/main/java/io/github/nandandesai/android_im_template/database/ChatMessageDao.java,io.github.nandandesai.android_im_template.database.ChatMessageDao,getAllChatIds/0,false,46,2,1,1,0,1,0,1,0,0,0,0,0,0,0,0,0,0,1,0,0,0,0,0,0,0,28,0,0,false
/home/arch_design_predict/download-github-repos/mvvm/repos/AndroidIMTemplate-master/app/src/main/java/io/github/nandandesai/android_im_template/database/ChatMessageDao.java,io.github.nandandesai.android_im_template.database.ChatMessageDao,getRecentMsg/1[java.lang.String],false,43,3,1,1,0,1,0,1,0,0,1,0,0,0,0,0,0,0,1,0,0,0,0,0,0,0,24,0,0,false
/home/arch_design_predict/download-github-repos/mvvm/repos/AndroidIMTemplate-master/app/src/main/java/io/github/nandandesai/android_im_template/AndroidIMTemplate.java,io.github.nandandesai.android_im_template.AndroidIMTemplate,onCreate/0,false,14,1,0,0,0,1,3,5,0,0,0,3,0,0,0,0,0,0,1,0,0,0,0,0,0,0,11,1,0,false
/home/arch_design_predict/download-github-repos/mvvm/repos/AndroidIMTemplate-master/app/src/main/java/io/github/nandandesai/android_im_template/ChatListFragment.java,io.github.nandandesai.android_im_template.ChatListFragment,initRecyclerView/1[io.github.nandandesai.android_im_template.View],false,99,6,2,1,1,1,9,11,0,2,1,9,0,0,0,0,0,0,0,0,4,0,0,0,0,0,23,2,0,false
/home/arch_design_predict/download-github-repos/mvvm/repos/AndroidIMTemplate-master/app/src/main/java/io/github/nandandesai/android_im_template/ChatListFragment.java,io.github.nandandesai.android_im_template.ChatListFragment,onCreate/1[io.github.nandandesai.android_im_template.Bundle],false,44,1,0,0,0,1,1,3,0,0,1,1,0,0,0,0,0,0,0,0,0,0,0,0,0,0,6,1,0,false
/home/arch_design_predict/download-github-repos/mvvm/repos/AndroidIMTemplate-master/app/src/main/java/io/github/nandandesai/android_im_template/ChatListFragment.java,io.github.nandandesai.android_im_template.ChatListFragment,"onCreateView/3[io.github.nandandesai.android_im_template.LayoutInflater,io.github.nandandesai.android_im_template.ViewGroup,io.github.nandandesai.android_im_template.Bundle]",false,50,8,2,0,2,1,9,39,1,2,3,9,1,1,0,0,0,0,1,0,3,0,0,2,0,0,46,1,0,false
/home/arch_design_predict/download-github-repos/mvvm/repos/AndroidIMTemplate-master/app/src/main/java/io/github/nandandesai/android_im_template/ChatListFragment.java,io.github.nandandesai.android_im_template.ChatListFragment,ChatListFragment/0,true,39,0,1,1,0,1,0,2,0,0,0,0,0,0,0,0,0,0,0,0,0,0,0,0,0,0,3,1,0,false
/home/arch_design_predict/download-github-repos/mvvm/repos/AndroidIMTemplate-master/app/src/main/java/io/github/nandandesai/android_im_template/adapters/ChatListAdapter.java,io.github.nandandesai.android_im_template.adapters.ChatListAdapter$Anonymous6,onDestroyActionMode/1[io.github.nandandesai.android_im_template.adapters.ActionMode],false,209,2,1,0,1,1,1,4,0,0,1,1,0,0,0,0,0,0,0,0,1,0,0,0,0,0,11,1,0,false
/home/arch_design_predict/download-github-repos/mvvm/repos/AndroidIMTemplate-master/app/src/main/java/io/github/nandandesai/android_im_template/adapters/ChatListAdapter.java,io.github.nandandesai.android_im_template.adapters.ChatListAdapter$Anonymous6,"onActionItemClicked/2[io.github.nandandesai.android_im_template.adapters.ActionMode,io.github.nandandesai.android_im_template.adapters.MenuItem]",false,190,2,0,0,0,3,10,15,2,1,2,10,0,0,1,0,0,0,2,0,1,2,2,0,0,0,17,1,0,false
/home/arch_design_predict/download-github-repos/mvvm/repos/AndroidIMTemplate-master/app/src/main/java/io/github/nandandesai/android_im_template/adapters/ChatListAdapter.java,io.github.nandandesai.android_im_template.adapters.ChatListAdapter$Anonymous6,"onCreateActionMode/2[io.github.nandandesai.android_im_template.adapters.ActionMode,io.github.nandandesai.android_im_template.adapters.Menu]",false,179,2,0,0,0,1,2,4,1,0,2,2,0,0,0,0,0,0,0,0,0,0,0,0,0,0,6,1,0,false
/home/arch_design_predict/download-github-repos/mvvm/repos/AndroidIMTemplate-master/app/src/main/java/io/github/nandandesai/android_im_template/adapters/ChatListAdapter.java,io.github.nandandesai.android_im_template.adapters.ChatListAdapter$Anonymous6,"onPrepareActionMode/2[io.github.nandandesai.android_im_template.adapters.ActionMode,io.github.nandandesai.android_im_template.adapters.Menu]",false,185,2,0,0,0,1,0,3,1,0,2,0,0,0,0,0,0,0,0,0,0,0,0,0,0,0,6,1,0,false
/home/arch_design_predict/download-github-repos/mvvm/repos/AndroidIMTemplate-master/app/src/main/java/io/github/nandandesai/android_im_template/ContactListFragment.java,io.github.nandandesai.android_im_template.ContactListFragment$Anonymous2,onChanged/1[java.util.List<io.github.nandandesai.android_im_template.models.Contact>],false,59,3,1,0,1,1,1,3,0,0,1,1,0,0,0,0,0,0,0,0,0,0,0,0,0,0,3,1,0,false
/home/arch_design_predict/download-github-repos/mvvm/repos/AndroidIMTemplate-master/app/src/main/java/io/github/nandandesai/android_im_template/ContactListFragment.java,io.github.nandandesai.android_im_template.ContactListFragment$Anonymous1,onClick/1[io.github.nandandesai.android_im_template.View],false,48,3,4,0,4,1,2,4,0,1,1,2,0,0,0,0,0,0,0,0,1,0,0,0,0,0,10,1,0,false
/home/arch_design_predict/download-github-repos/mvvm/repos/AndroidIMTemplate-master/app/src/test/java/io/github/nandandesai/android_im_template/ExampleUnitTest.java,io.github.nandandesai.android_im_template.ExampleUnitTest,addition_isCorrect/0,false,14,1,0,0,0,1,1,3,0,0,0,1,0,0,0,0,0,0,0,3,0,1,0,0,0,0,5,1,0,false
/home/arch_design_predict/download-github-repos/mvvm/repos/AndroidIMTemplate-master/app/src/main/java/io/github/nandandesai/android_im_template/ChatListFragment.java,io.github.nandandesai.android_im_template.ChatListFragment$Anonymous2,onChanged/1[java.util.List<java.lang.String>],false,68,5,5,0,5,4,9,23,0,4,1,9,0,0,1,1,1,0,3,0,4,3,3,0,0,0,29,1,0,false
/home/arch_design_predict/download-github-repos/mvvm/repos/AndroidIMTemplate-master/app/src/androidTest/java/io/github/nandandesai/android_im_template/ExampleInstrumentedTest.java,io.github.nandandesai.android_im_template.ExampleInstrumentedTest,useAppContext/0,false,20,2,0,0,0,1,3,4,0,1,0,3,0,0,0,0,0,0,1,0,1,0,0,0,0,0,6,1,0,false
/home/arch_design_predict/download-github-repos/mvvm/repos/AndroidIMTemplate-master/app/src/main/java/io/github/nandandesai/android_im_template/ChatListFragment.java,io.github.nandandesai.android_im_template.ChatListFragment$Anonymous1,onClick/1[io.github.nandandesai.android_im_template.View],false,55,1,4,0,4,1,0,2,0,0,1,0,0,0,0,0,0,0,0,0,0,0,0,0,0,0,4,1,0,false
/home/arch_design_predict/download-github-repos/mvvm/repos/AndroidIMTemplate-master/app/src/main/java/io/github/nandandesai/android_im_template/database/AndroidIMTemplateDatabase.java,io.github.nandandesai.android_im_template.database.AndroidIMTemplateDatabase$Anonymous1,onCreate/1[io.github.nandandesai.android_im_template.database.SupportSQLiteDatabase],false,55,3,1,0,1,1,2,4,0,0,1,2,0,0,0,0,0,0,0,0,0,0,0,0,0,0,11,1,0,false
/home/arch_design_predict/download-github-repos/mvvm/repos/AndroidIMTemplate-master/app/src/main/java/io/github/nandandesai/android_im_template/repositories/ContactRepository.java,io.github.nandandesai.android_im_template.repositories.ContactRepository,insert/1[io.github.nandandesai.android_im_template.models.Contact],false,22,1,2,1,1,1,1,11,0,0,1,1,0,0,0,0,0,0,0,0,0,0,0,1,0,0,6,1,0,false
/home/arch_design_predict/download-github-repos/mvvm/repos/AndroidIMTemplate-master/app/src/main/java/io/github/nandandesai/android_im_template/repositories/ContactRepository.java,io.github.nandandesai.android_im_template.repositories.ContactRepository,ContactRepository/1[io.github.nandandesai.android_im_template.repositories.Application],true,16,3,5,2,3,1,3,5,0,0,1,3,0,0,0,0,0,0,0,0,3,0,0,0,0,0,12,1,0,false
/home/arch_design_predict/download-github-repos/mvvm/repos/AndroidIMTemplate-master/app/src/main/java/io/github/nandandesai/android_im_template/repositories/ContactRepository.java,io.github.nandandesai.android_im_template.repositories.ContactRepository,getContacts/0,false,34,2,1,1,0,1,0,3,1,0,0,0,0,0,0,0,0,0,0,0,0,0,0,0,0,0,3,1,0,false
/home/arch_design_predict/download-github-repos/mvvm/repos/AndroidIMTemplate-master/app/src/main/java/io/github/nandandesai/android_im_template/adapters/ContactListAdapter.java,io.github.nandandesai.android_im_template.adapters.ContactListAdapter$Anonymous1,onClick/1[io.github.nandandesai.android_im_template.adapters.View],false,52,4,2,0,2,1,4,5,0,1,1,4,0,0,0,0,0,0,1,0,1,0,0,0,0,0,7,1,0,false
/home/arch_design_predict/download-github-repos/mvvm/repos/AndroidIMTemplate-master/app/src/main/java/io/github/nandandesai/android_im_template/adapters/ChatListAdapter.java,io.github.nandandesai.android_im_template.adapters.ChatListAdapter$Anonymous1$Anonymous2,onClick/1[io.github.nandandesai.android_im_template.adapters.View],false,88,4,2,0,2,1,3,5,0,1,1,3,0,0,0,0,0,0,1,0,1,0,0,0,0,0,6,1,0,false
/home/arch_design_predict/download-github-repos/mvvm/repos/AndroidIMTemplate-master/app/src/main/java/io/github/nandandesai/android_im_template/adapters/ChatListAdapter.java,io.github.nandandesai.android_im_template.adapters.ChatListAdapter$Anonymous1$Anonymous3,onLongClick/1[io.github.nandandesai.android_im_template.adapters.View],false,97,2,1,0,1,2,6,9,2,0,1,6,0,0,0,1,0,0,0,0,1,0,1,0,0,0,11,1,0,false
/home/arch_design_predict/download-github-repos/mvvm/repos/AndroidIMTemplate-master/app/src/main/java/io/github/nandandesai/android_im_template/database/ChatSessionDao.java,io.github.nandandesai.android_im_template.database.ChatSessionDao,insert/1[io.github.nandandesai.android_im_template.models.ChatSession],false,13,2,2,2,0,1,0,1,0,0,1,0,0,0,0,0,0,0,0,0,0,0,0,0,0,0,4,0,0,false
/home/arch_design_predict/download-github-repos/mvvm/repos/AndroidIMTemplate-master/app/src/main/java/io/github/nandandesai/android_im_template/database/ChatSessionDao.java,io.github.nandandesai.android_im_template.database.ChatSessionDao,"updateChatName/2[java.lang.String,java.lang.String]",false,28,1,1,1,0,1,0,1,0,0,2,0,0,0,0,0,0,0,1,0,0,0,0,0,0,0,13,0,0,false
/home/arch_design_predict/download-github-repos/mvvm/repos/AndroidIMTemplate-master/app/src/main/java/io/github/nandandesai/android_im_template/database/ChatSessionDao.java,io.github.nandandesai.android_im_template.database.ChatSessionDao,chatSessionExists/1[java.lang.String],false,22,1,1,1,0,1,0,1,0,0,1,0,0,0,0,0,0,0,1,0,0,0,0,0,0,0,16,0,0,false
/home/arch_design_predict/download-github-repos/mvvm/repos/AndroidIMTemplate-master/app/src/main/java/io/github/nandandesai/android_im_template/database/ChatSessionDao.java,io.github.nandandesai.android_im_template.database.ChatSessionDao,getChatSession/1[java.lang.String],false,19,3,1,1,0,1,0,1,0,0,1,0,0,0,0,0,0,0,1,0,0,0,0,0,0,0,12,0,0,false
/home/arch_design_predict/download-github-repos/mvvm/repos/AndroidIMTemplate-master/app/src/main/java/io/github/nandandesai/android_im_template/database/ChatSessionDao.java,io.github.nandandesai.android_im_template.database.ChatSessionDao,delete/1[java.lang.String],false,25,1,0,0,0,1,0,1,0,0,1,0,0,0,0,0,0,0,1,0,0,0,0,0,0,0,12,0,0,false
/home/arch_design_predict/download-github-repos/mvvm/repos/AndroidIMTemplate-master/app/src/main/java/io/github/nandandesai/android_im_template/database/ChatSessionDao.java,io.github.nandandesai.android_im_template.database.ChatSessionDao,getAllChats/0,false,16,3,1,1,0,1,0,1,0,0,0,0,0,0,0,0,0,0,1,0,0,0,0,0,0,0,7,0,0,false
/home/arch_design_predict/download-github-repos/mvvm/repos/AndroidIMTemplate-master/app/src/main/java/io/github/nandandesai/android_im_template/adapters/ChatListAdapter.java,io.github.nandandesai.android_im_template.adapters.ChatListAdapter$ViewHolder,ViewHolder/1[io.github.nandandesai.android_im_template.adapters.View],true,154,2,1,1,0,1,1,8,0,0,1,1,0,0,0,0,0,0,0,0,5,0,0,0,0,0,16,0,0,false
/home/arch_design_predict/download-github-repos/mvvm/repos/AndroidIMTemplate-master/app/src/main/java/io/github/nandandesai/android_im_template/ProfileViewActivity.java,io.github.nandandesai.android_im_template.ProfileViewActivity,onCreate/1[io.github.nandandesai.android_im_template.Bundle],false,10,1,0,0,0,1,2,4,0,0,1,2,0,0,0,0,0,0,0,0,0,0,0,0,0,0,9,4,0,false
/home/arch_design_predict/download-github-repos/mvvm/repos/AndroidIMTemplate-master/app/src/main/java/io/github/nandandesai/android_im_template/repositories/ChatListRepository.java,io.github.nandandesai.android_im_template.repositories.ChatListRepository$Anonymous1,run/0,false,44,1,13,0,13,1,1,3,0,0,0,1,0,0,0,0,0,0,0,0,0,0,0,0,0,0,3,1,0,false
/home/arch_design_predict/download-github-repos/mvvm/repos/AndroidIMTemplate-master/app/src/main/java/io/github/nandandesai/android_im_template/adapters/ChatMessageAdapter.java,io.github.nandandesai.android_im_template.adapters.ChatMessageAdapter$OutgoingMessageViewHolder,OutgoingMessageViewHolder/1[io.github.nandandesai.android_im_template.adapters.View],true,117,2,1,1,0,1,1,6,0,0,1,1,0,0,0,0,0,0,0,0,3,0,0,0,0,0,5,1,0,false
/home/arch_design_predict/download-github-repos/mvvm/repos/AndroidIMTemplate-master/app/src/main/java/io/github/nandandesai/android_im_template/MainActivity.java,io.github.nandandesai.android_im_template.MainActivity,onCreateOptionsMenu/1[io.github.nandandesai.android_im_template.Menu],false,48,1,0,0,0,1,2,4,1,0,1,2,0,0,0,0,0,0,0,0,0,0,0,0,0,0,8,1,0,false
/home/arch_design_predict/download-github-repos/mvvm/repos/AndroidIMTemplate-master/app/src/main/java/io/github/nandandesai/android_im_template/MainActivity.java,io.github.nandandesai.android_im_template.MainActivity,onDestroy/0,false,43,0,0,0,0,1,1,3,0,0,0,1,0,0,0,0,0,0,0,0,0,0,0,0,0,0,2,4,0,false
/home/arch_design_predict/download-github-repos/mvvm/repos/AndroidIMTemplate-master/app/src/main/java/io/github/nandandesai/android_im_template/MainActivity.java,io.github.nandandesai.android_im_template.MainActivity,onCreate/1[io.github.nandandesai.android_im_template.Bundle],false,21,7,4,0,4,1,10,15,0,4,1,10,0,0,0,0,0,0,2,2,4,0,0,0,0,0,29,4,0,false
/home/arch_design_predict/download-github-repos/mvvm/repos/AndroidIMTemplate-master/app/src/main/java/io/github/nandandesai/android_im_template/MainActivity.java,io.github.nandandesai.android_im_template.MainActivity,onOptionsItemSelected/1[io.github.nandandesai.android_im_template.MenuItem],false,54,1,0,0,0,3,4,10,1,1,1,4,0,0,0,2,0,0,2,0,1,0,1,0,0,0,7,1,0,false
/home/arch_design_predict/download-github-repos/mvvm/repos/AndroidIMTemplate-master/app/src/main/java/io/github/nandandesai/android_im_template/database/AndroidIMTemplateDatabase.java,io.github.nandandesai.android_im_template.database.AndroidIMTemplateDatabase$InitializeDb,doInBackground/1[java.lang.Void[]],false,74,5,4,0,4,1,3,9,1,2,1,3,0,0,0,0,0,0,10,0,2,0,0,0,0,0,37,4,0,false
/home/arch_design_predict/download-github-repos/mvvm/repos/AndroidIMTemplate-master/app/src/main/java/io/github/nandandesai/android_im_template/database/AndroidIMTemplateDatabase.java,io.github.nandandesai.android_im_template.database.AndroidIMTemplateDatabase$InitializeDb,InitializeDb/1[io.github.nandandesai.android_im_template.database.AndroidIMTemplateDatabase],true,67,1,3,1,2,1,2,4,0,0,1,2,0,0,0,0,0,0,0,0,2,0,0,0,0,0,8,1,0,false
/home/arch_design_predict/download-github-repos/mvvm/repos/AndroidIMTemplate-master/app/src/main/java/io/github/nandandesai/android_im_template/models/ChatSession.java,io.github.nandandesai.android_im_template.models.ChatSession,setChatId/1[java.lang.String],false,31,0,0,0,0,1,0,3,0,0,1,0,0,0,0,0,0,0,0,0,1,0,0,0,0,0,4,1,0,false
/home/arch_design_predict/download-github-repos/mvvm/repos/AndroidIMTemplate-master/app/src/main/java/io/github/nandandesai/android_im_template/models/ChatSession.java,io.github.nandandesai.android_im_template.models.ChatSession,setType/1[java.lang.String],false,43,0,0,0,0,1,0,3,0,0,1,0,0,0,0,0,0,0,0,0,1,0,0,0,0,0,3,1,0,false
/home/arch_design_predict/download-github-repos/mvvm/repos/AndroidIMTemplate-master/app/src/main/java/io/github/nandandesai/android_im_template/models/ChatSession.java,io.github.nandandesai.android_im_template.models.ChatSession,"ChatSession/4[java.lang.String,java.lang.String,java.lang.String,java.lang.String]",true,24,0,2,2,0,1,0,6,0,0,4,0,0,0,0,0,0,0,0,0,4,0,0,0,0,0,7,1,0,false
/home/arch_design_predict/download-github-repos/mvvm/repos/AndroidIMTemplate-master/app/src/main/java/io/github/nandandesai/android_im_template/models/ChatSession.java,io.github.nandandesai.android_im_template.models.ChatSession,setIcon/1[java.lang.String],false,35,0,0,0,0,1,0,3,0,0,1,0,0,0,0,0,0,0,0,0,1,0,0,0,0,0,3,1,0,false
/home/arch_design_predict/download-github-repos/mvvm/repos/AndroidIMTemplate-master/app/src/main/java/io/github/nandandesai/android_im_template/models/ChatSession.java,io.github.nandandesai.android_im_template.models.ChatSession,getType/0,false,59,0,0,0,0,1,0,3,1,0,0,0,0,0,0,0,0,0,0,0,0,0,0,0,0,0,3,1,0,false
/home/arch_design_predict/download-github-repos/mvvm/repos/AndroidIMTemplate-master/app/src/main/java/io/github/nandandesai/android_im_template/models/ChatSession.java,io.github.nandandesai.android_im_template.models.ChatSession,setName/1[java.lang.String],false,39,0,0,0,0,1,0,3,0,0,1,0,0,0,0,0,0,0,0,0,1,0,0,0,0,0,3,1,0,false
/home/arch_design_predict/download-github-repos/mvvm/repos/AndroidIMTemplate-master/app/src/main/java/io/github/nandandesai/android_im_template/models/ChatSession.java,io.github.nandandesai.android_im_template.models.ChatSession,getName/0,false,55,0,1,1,0,1,0,3,1,0,0,0,0,0,0,0,0,0,0,0,0,0,0,0,0,0,3,1,0,false
/home/arch_design_predict/download-github-repos/mvvm/repos/AndroidIMTemplate-master/app/src/main/java/io/github/nandandesai/android_im_template/models/ChatSession.java,io.github.nandandesai.android_im_template.models.ChatSession,getIcon/0,false,47,0,1,1,0,1,0,3,1,0,0,0,0,0,0,0,0,0,0,0,0,0,0,0,0,0,3,1,0,false
/home/arch_design_predict/download-github-repos/mvvm/repos/AndroidIMTemplate-master/app/src/main/java/io/github/nandandesai/android_im_template/models/ChatSession.java,io.github.nandandesai.android_im_template.models.ChatSession,getChatId/0,false,51,0,2,2,0,1,0,3,1,0,0,0,0,0,0,0,0,0,0,0,0,0,0,0,0,0,4,1,0,false
/home/arch_design_predict/download-github-repos/mvvm/repos/AndroidIMTemplate-master/app/src/main/java/io/github/nandandesai/android_im_template/repositories/ContactRepository.java,io.github.nandandesai.android_im_template.repositories.ContactRepository$Anonymous1,run/0,false,25,4,13,0,13,2,6,6,0,0,0,6,0,0,0,1,0,0,0,1,0,0,1,0,0,0,2,1,0,false
/home/arch_design_predict/download-github-repos/mvvm/repos/AndroidIMTemplate-master/app/src/main/java/io/github/nandandesai/android_im_template/models/ChatMessage.java,io.github.nandandesai.android_im_template.models.ChatMessage,setChatId/1[java.lang.String],false,63,0,0,0,0,1,0,3,0,0,1,0,0,0,0,0,0,0,0,0,1,0,0,0,0,0,4,1,0,false
/home/arch_design_predict/download-github-repos/mvvm/repos/AndroidIMTemplate-master/app/src/main/java/io/github/nandandesai/android_im_template/models/ChatMessage.java,io.github.nandandesai.android_im_template.models.ChatMessage,getMessageContent/0,false,79,0,2,2,0,1,0,3,1,0,0,0,0,0,0,0,0,0,0,0,0,0,0,0,0,0,4,1,0,false
/home/arch_design_predict/download-github-repos/mvvm/repos/AndroidIMTemplate-master/app/src/main/java/io/github/nandandesai/android_im_template/models/ChatMessage.java,io.github.nandandesai.android_im_template.models.ChatMessage,getMessageId/0,false,75,0,0,0,0,1,0,3,1,0,0,0,0,0,0,0,0,0,0,0,0,0,0,0,0,0,4,1,0,false
/home/arch_design_predict/download-github-repos/mvvm/repos/AndroidIMTemplate-master/app/src/main/java/io/github/nandandesai/android_im_template/models/ChatMessage.java,io.github.nandandesai.android_im_template.models.ChatMessage,getMessageStatus/0,false,91,0,0,0,0,1,0,3,1,0,0,0,0,0,0,0,0,0,0,0,0,0,0,0,0,0,4,1,0,false
/home/arch_design_predict/download-github-repos/mvvm/repos/AndroidIMTemplate-master/app/src/main/java/io/github/nandandesai/android_im_template/models/ChatMessage.java,io.github.nandandesai.android_im_template.models.ChatMessage,setMessageId/1[java.lang.String],false,67,0,0,0,0,1,0,3,0,0,1,0,0,0,0,0,0,0,0,0,1,0,0,0,0,0,4,1,0,false
/home/arch_design_predict/download-github-repos/mvvm/repos/AndroidIMTemplate-master/app/src/main/java/io/github/nandandesai/android_im_template/models/ChatMessage.java,io.github.nandandesai.android_im_template.models.ChatMessage,getMessageTo/0,false,87,0,0,0,0,1,0,3,1,0,0,0,0,0,0,0,0,0,0,0,0,0,0,0,0,0,4,1,0,false
/home/arch_design_predict/download-github-repos/mvvm/repos/AndroidIMTemplate-master/app/src/main/java/io/github/nandandesai/android_im_template/models/ChatMessage.java,io.github.nandandesai.android_im_template.models.ChatMessage,getMessageFrom/0,false,83,0,1,1,0,1,0,3,1,0,0,0,0,0,0,0,0,0,0,0,0,0,0,0,0,0,4,1,0,false
/home/arch_design_predict/download-github-repos/mvvm/repos/AndroidIMTemplate-master/app/src/main/java/io/github/nandandesai/android_im_template/models/ChatMessage.java,io.github.nandandesai.android_im_template.models.ChatMessage,setMessageStatus/1[java.lang.String],false,71,0,0,0,0,1,0,3,0,0,1,0,0,0,0,0,0,0,0,0,1,0,0,0,0,0,4,1,0,false
/home/arch_design_predict/download-github-repos/mvvm/repos/AndroidIMTemplate-master/app/src/main/java/io/github/nandandesai/android_im_template/models/ChatMessage.java,io.github.nandandesai.android_im_template.models.ChatMessage,"ChatMessage/8[java.lang.String,java.lang.String,java.lang.String,java.lang.String,java.lang.String,long,java.lang.String,java.lang.String]",true,52,0,1,1,0,1,0,10,0,0,8,0,0,0,0,0,0,0,0,0,8,0,0,0,0,0,11,1,0,false
/home/arch_design_predict/download-github-repos/mvvm/repos/AndroidIMTemplate-master/app/src/main/java/io/github/nandandesai/android_im_template/models/ChatMessage.java,io.github.nandandesai.android_im_template.models.ChatMessage,getMessageTime/0,false,95,0,1,1,0,1,0,3,1,0,0,0,0,0,0,0,0,0,0,0,0,0,0,0,0,0,4,1,0,false
/home/arch_design_predict/download-github-repos/mvvm/repos/AndroidIMTemplate-master/app/src/main/java/io/github/nandandesai/android_im_template/models/ChatMessage.java,io.github.nandandesai.android_im_template.models.ChatMessage,getMessageType/0,false,99,0,0,0,0,1,0,3,1,0,0,0,0,0,0,0,0,0,0,0,0,0,0,0,0,0,4,1,0,false
/home/arch_design_predict/download-github-repos/mvvm/repos/AndroidIMTemplate-master/app/src/main/java/io/github/nandandesai/android_im_template/models/ChatMessage.java,io.github.nandandesai.android_im_template.models.ChatMessage,getChatId/0,false,103,0,1,1,0,1,0,3,1,0,0,0,0,0,0,0,0,0,0,0,0,0,0,0,0,0,4,1,0,false
