file,class,method,variable,usage
/home/arch_design_predict/download-github-repos/mvp/repos/CallbacksSample-main/app/src/main/java/com/romellfudi/callbacks/Model2.java,com.romellfudi.callbacks.Model2,setStTr/1[int],stTr,2
/home/arch_design_predict/download-github-repos/mvp/repos/CallbacksSample-main/app/src/main/java/com/romellfudi/callbacks/MainActivity.java,com.romellfudi.callbacks.MainActivity$Anonymous12,returns/1[int],it,1
/home/arch_design_predict/download-github-repos/mvp/repos/CallbacksSample-main/app/src/main/java/com/romellfudi/callbacks/MainActivity.java,com.romellfudi.callbacks.MainActivity$Anonymous11,methodPoorReturnY/1[com.romellfudi.callbacks.Model],model,0
/home/arch_design_predict/download-github-repos/mvp/repos/CallbacksSample-main/app/src/main/java/com/romellfudi/callbacks/MainActivity.java,com.romellfudi.callbacks.MainActivity$Anonymous11,methodSuperReturnA/1[com.romellfudi.callbacks.Model2],model2,0
/home/arch_design_predict/download-github-repos/mvp/repos/CallbacksSample-main/app/src/main/java/com/romellfudi/callbacks/Callback.java,com.romellfudi.callbacks.Callback,failed/1[java.lang.Object[]],objects,0
/home/arch_design_predict/download-github-repos/mvp/repos/CallbacksSample-main/app/src/main/java/com/romellfudi/callbacks/Callback.java,com.romellfudi.callbacks.Callback,successed/1[java.lang.Object[]],objects,0
/home/arch_design_predict/download-github-repos/mvp/repos/CallbacksSample-main/app/src/main/java/com/romellfudi/callbacks/MainActivity.java,com.romellfudi.callbacks.MainActivity$Anonymous10,failed/1[java.lang.Object[]],objects,1
/home/arch_design_predict/download-github-repos/mvp/repos/CallbacksSample-main/app/src/main/java/com/romellfudi/callbacks/MainActivity.java,com.romellfudi.callbacks.MainActivity$Anonymous10,successed/1[java.lang.Object[]],objects,1
/home/arch_design_predict/download-github-repos/mvp/repos/CallbacksSample-main/app/src/main/java/com/romellfudi/callbacks/IntTemSuper.java,com.romellfudi.callbacks.IntTemSuper,methodSuperReturnA/1[B],b,0
/home/arch_design_predict/download-github-repos/mvp/repos/CallbacksSample-main/app/src/main/java/com/romellfudi/callbacks/EnviarCallback.java,com.romellfudi.callbacks.EnviarCallback,errorAlParsear/1[java.lang.Exception],exception,0
/home/arch_design_predict/download-github-repos/mvp/repos/CallbacksSample-main/app/src/main/java/com/romellfudi/callbacks/interfaces/ResponseObjectCallback.java,com.romellfudi.callbacks.interfaces.ResponseObjectCallback,"onResponse/2[T,java.lang.Object[]]",template,0
/home/arch_design_predict/download-github-repos/mvp/repos/CallbacksSample-main/app/src/main/java/com/romellfudi/callbacks/interfaces/ResponseObjectCallback.java,com.romellfudi.callbacks.interfaces.ResponseObjectCallback,"onResponse/2[T,java.lang.Object[]]",objects,0
/home/arch_design_predict/download-github-repos/mvp/repos/CallbacksSample-main/app/src/main/java/com/romellfudi/callbacks/AbstractCallback.java,com.romellfudi.callbacks.AbstractCallback,"failed/2[java.lang.Exception,java.lang.Object[]]",exception,0
/home/arch_design_predict/download-github-repos/mvp/repos/CallbacksSample-main/app/src/main/java/com/romellfudi/callbacks/AbstractCallback.java,com.romellfudi.callbacks.AbstractCallback,"failed/2[java.lang.Exception,java.lang.Object[]]",objects,0
/home/arch_design_predict/download-github-repos/mvp/repos/CallbacksSample-main/app/src/main/java/com/romellfudi/callbacks/AbstractCallback.java,com.romellfudi.callbacks.AbstractCallback,successed/1[java.lang.Object[]],objects,0
/home/arch_design_predict/download-github-repos/mvp/repos/CallbacksSample-main/app/src/main/java/com/romellfudi/callbacks/AbstractCallback.java,com.romellfudi.callbacks.AbstractCallback,failed/1[java.lang.Object[]],objects,1
/home/arch_design_predict/download-github-repos/mvp/repos/CallbacksSample-main/app/src/main/java/com/romellfudi/callbacks/interfaces/ParseCallback.java,com.romellfudi.callbacks.interfaces.ParseCallback,"onParse/2[java.text.ParseException,java.lang.Object[]]",exception,0
/home/arch_design_predict/download-github-repos/mvp/repos/CallbacksSample-main/app/src/main/java/com/romellfudi/callbacks/interfaces/ParseCallback.java,com.romellfudi.callbacks.interfaces.ParseCallback,"onParse/2[java.text.ParseException,java.lang.Object[]]",objects,0
/home/arch_design_predict/download-github-repos/mvp/repos/CallbacksSample-main/app/src/main/java/com/romellfudi/callbacks/myController.java,com.romellfudi.callbacks.myController,"returnTripleCallback/2[int,com.romellfudi.callbacks.OtherCallback]",otherCallback,1
/home/arch_design_predict/download-github-repos/mvp/repos/CallbacksSample-main/app/src/main/java/com/romellfudi/callbacks/myController.java,com.romellfudi.callbacks.myController,"returnTripleCallback/2[int,com.romellfudi.callbacks.OtherCallback]",value,1
/home/arch_design_predict/download-github-repos/mvp/repos/CallbacksSample-main/app/src/main/java/com/romellfudi/callbacks/myController.java,com.romellfudi.callbacks.myController,enqueRest/1[com.romellfudi.callbacks.RestCallBack],restCallBack,2
/home/arch_design_predict/download-github-repos/mvp/repos/CallbacksSample-main/app/src/main/java/com/romellfudi/callbacks/myController.java,com.romellfudi.callbacks.myController,"resolverProblema/3[int,int,com.romellfudi.callbacks.MathCallback]",mathCallback,2
/home/arch_design_predict/download-github-repos/mvp/repos/CallbacksSample-main/app/src/main/java/com/romellfudi/callbacks/myController.java,com.romellfudi.callbacks.myController,"resolverProblema/3[int,int,com.romellfudi.callbacks.MathCallback]",m,1
/home/arch_design_predict/download-github-repos/mvp/repos/CallbacksSample-main/app/src/main/java/com/romellfudi/callbacks/myController.java,com.romellfudi.callbacks.myController,"resolverProblema/3[int,int,com.romellfudi.callbacks.MathCallback]",n,1
/home/arch_design_predict/download-github-repos/mvp/repos/CallbacksSample-main/app/src/main/java/com/romellfudi/callbacks/myController.java,com.romellfudi.callbacks.myController,"guardarData/2[java.lang.String,com.romellfudi.callbacks.Callback]",data,2
/home/arch_design_predict/download-github-repos/mvp/repos/CallbacksSample-main/app/src/main/java/com/romellfudi/callbacks/myController.java,com.romellfudi.callbacks.myController,"guardarData/2[java.lang.String,com.romellfudi.callbacks.Callback]",callback,2
/home/arch_design_predict/download-github-repos/mvp/repos/CallbacksSample-main/app/src/main/java/com/romellfudi/callbacks/myController.java,com.romellfudi.callbacks.myController,"resolverAbstract/3[int,java.lang.String,com.romellfudi.callbacks.AbstractCallback]",abstractCallback,2
/home/arch_design_predict/download-github-repos/mvp/repos/CallbacksSample-main/app/src/main/java/com/romellfudi/callbacks/myController.java,com.romellfudi.callbacks.myController,"resolverAbstract/3[int,java.lang.String,com.romellfudi.callbacks.AbstractCallback]",dato,1
/home/arch_design_predict/download-github-repos/mvp/repos/CallbacksSample-main/app/src/main/java/com/romellfudi/callbacks/myController.java,com.romellfudi.callbacks.myController,"resolverAbstract/3[int,java.lang.String,com.romellfudi.callbacks.AbstractCallback]",name,2
/home/arch_design_predict/download-github-repos/mvp/repos/CallbacksSample-main/app/src/main/java/com/romellfudi/callbacks/myController.java,com.romellfudi.callbacks.myController,"enviarData/4[int,float[],com.romellfudi.callbacks.EnviarCallback,com.romellfudi.callbacks.RestCallBack]",enviarCallback,3
/home/arch_design_predict/download-github-repos/mvp/repos/CallbacksSample-main/app/src/main/java/com/romellfudi/callbacks/myController.java,com.romellfudi.callbacks.myController,"enviarData/4[int,float[],com.romellfudi.callbacks.EnviarCallback,com.romellfudi.callbacks.RestCallBack]",num,1
/home/arch_design_predict/download-github-repos/mvp/repos/CallbacksSample-main/app/src/main/java/com/romellfudi/callbacks/myController.java,com.romellfudi.callbacks.myController,"enviarData/4[int,float[],com.romellfudi.callbacks.EnviarCallback,com.romellfudi.callbacks.RestCallBack]",decimals,1
/home/arch_design_predict/download-github-repos/mvp/repos/CallbacksSample-main/app/src/main/java/com/romellfudi/callbacks/myController.java,com.romellfudi.callbacks.myController,"enviarData/4[int,float[],com.romellfudi.callbacks.EnviarCallback,com.romellfudi.callbacks.RestCallBack]",restCallBack,2
/home/arch_design_predict/download-github-repos/mvp/repos/CallbacksSample-main/app/src/main/java/com/romellfudi/callbacks/myController.java,com.romellfudi.callbacks.myController,"enviarData/4[int,float[],com.romellfudi.callbacks.EnviarCallback,com.romellfudi.callbacks.RestCallBack]",cod,1
/home/arch_design_predict/download-github-repos/mvp/repos/CallbacksSample-main/app/src/main/java/com/romellfudi/callbacks/myController.java,com.romellfudi.callbacks.myController,"enviarData/2[int,float[]]",num,1
/home/arch_design_predict/download-github-repos/mvp/repos/CallbacksSample-main/app/src/main/java/com/romellfudi/callbacks/myController.java,com.romellfudi.callbacks.myController,"enviarData/2[int,float[]]",decimals,1
/home/arch_design_predict/download-github-repos/mvp/repos/CallbacksSample-main/app/src/main/java/com/romellfudi/callbacks/myController.java,com.romellfudi.callbacks.myController,"getParsedObject/2[java.lang.String,com.romellfudi.callbacks.myController.MethodCall]",code,2
/home/arch_design_predict/download-github-repos/mvp/repos/CallbacksSample-main/app/src/main/java/com/romellfudi/callbacks/myController.java,com.romellfudi.callbacks.myController,"getParsedObject/2[java.lang.String,com.romellfudi.callbacks.myController.MethodCall]",e,1
/home/arch_design_predict/download-github-repos/mvp/repos/CallbacksSample-main/app/src/main/java/com/romellfudi/callbacks/myController.java,com.romellfudi.callbacks.myController,"getParsedObject/2[java.lang.String,com.romellfudi.callbacks.myController.MethodCall]",cod,2
/home/arch_design_predict/download-github-repos/mvp/repos/CallbacksSample-main/app/src/main/java/com/romellfudi/callbacks/myController.java,com.romellfudi.callbacks.myController,"getParsedObject/2[java.lang.String,com.romellfudi.callbacks.myController.MethodCall]",methodCall,3
/home/arch_design_predict/download-github-repos/mvp/repos/CallbacksSample-main/app/src/main/java/com/romellfudi/callbacks/myController.java,com.romellfudi.callbacks.myController,twoSteps/1[com.romellfudi.callbacks.Callback[]],callbacks,1
/home/arch_design_predict/download-github-repos/mvp/repos/CallbacksSample-main/app/src/main/java/com/romellfudi/callbacks/myController.java,com.romellfudi.callbacks.myController,twoSteps/1[com.romellfudi.callbacks.Callback[]],callback,4
/home/arch_design_predict/download-github-repos/mvp/repos/CallbacksSample-main/app/src/main/java/com/romellfudi/callbacks/myController.java,com.romellfudi.callbacks.myController,"enviarData/3[int,float[],com.romellfudi.callbacks.EnviarCallback]",enviarCallback,2
/home/arch_design_predict/download-github-repos/mvp/repos/CallbacksSample-main/app/src/main/java/com/romellfudi/callbacks/myController.java,com.romellfudi.callbacks.myController,"enviarData/3[int,float[],com.romellfudi.callbacks.EnviarCallback]",num,1
/home/arch_design_predict/download-github-repos/mvp/repos/CallbacksSample-main/app/src/main/java/com/romellfudi/callbacks/myController.java,com.romellfudi.callbacks.myController,"enviarData/3[int,float[],com.romellfudi.callbacks.EnviarCallback]",decimals,1
/home/arch_design_predict/download-github-repos/mvp/repos/CallbacksSample-main/app/src/main/java/com/romellfudi/callbacks/myController.java,com.romellfudi.callbacks.myController,"resolverObject/2[java.lang.Object,com.romellfudi.callbacks.ObjectCallback]",object,2
/home/arch_design_predict/download-github-repos/mvp/repos/CallbacksSample-main/app/src/main/java/com/romellfudi/callbacks/myController.java,com.romellfudi.callbacks.myController,"resolverObject/2[java.lang.Object,com.romellfudi.callbacks.ObjectCallback]",objectCallback,2
/home/arch_design_predict/download-github-repos/mvp/repos/CallbacksSample-main/app/src/main/java/com/romellfudi/callbacks/myController.java,com.romellfudi.callbacks.myController,"getHttp/2[java.lang.String,com.romellfudi.callbacks.myController.HttpCall<com.romellfudi.callbacks.Model>]",url,0
/home/arch_design_predict/download-github-repos/mvp/repos/CallbacksSample-main/app/src/main/java/com/romellfudi/callbacks/myController.java,com.romellfudi.callbacks.myController,"getHttp/2[java.lang.String,com.romellfudi.callbacks.myController.HttpCall<com.romellfudi.callbacks.Model>]",httpCall,2
/home/arch_design_predict/download-github-repos/mvp/repos/CallbacksSample-main/app/src/main/java/com/romellfudi/callbacks/OtherCallback.java,com.romellfudi.callbacks.OtherCallback,returns/1[int],model,0
/home/arch_design_predict/download-github-repos/mvp/repos/CallbacksSample-main/app/src/main/java/com/romellfudi/callbacks/interfaces/FailCallback.java,com.romellfudi.callbacks.interfaces.FailCallback,onFail/1[java.lang.Object[]],objects,0
/home/arch_design_predict/download-github-repos/mvp/repos/CallbacksSample-main/app/src/main/java/com/romellfudi/callbacks/MainActivity.java,com.romellfudi.callbacks.MainActivity$Anonymous9,successed/1[java.lang.Object[]],objects,1
/home/arch_design_predict/download-github-repos/mvp/repos/CallbacksSample-main/app/src/main/java/com/romellfudi/callbacks/MainActivity.java,com.romellfudi.callbacks.MainActivity$Anonymous9,failed/1[java.lang.Object[]],objects,1
/home/arch_design_predict/download-github-repos/mvp/repos/CallbacksSample-main/app/src/main/java/com/romellfudi/callbacks/RestCallBack.java,com.romellfudi.callbacks.RestCallBack,httpOK/1[java.lang.Object[]],objects,0
/home/arch_design_predict/download-github-repos/mvp/repos/CallbacksSample-main/app/src/main/java/com/romellfudi/callbacks/RestCallBack.java,com.romellfudi.callbacks.RestCallBack,"errorHttp/2[java.lang.Exception,java.lang.Object[]]",exception,0
/home/arch_design_predict/download-github-repos/mvp/repos/CallbacksSample-main/app/src/main/java/com/romellfudi/callbacks/RestCallBack.java,com.romellfudi.callbacks.RestCallBack,"errorHttp/2[java.lang.Exception,java.lang.Object[]]",objects,0
/home/arch_design_predict/download-github-repos/mvp/repos/CallbacksSample-main/app/src/main/java/com/romellfudi/callbacks/MathCallback.java,com.romellfudi.callbacks.MathCallback,Mathsuccessed/1[java.lang.Object[]],objects,1
/home/arch_design_predict/download-github-repos/mvp/repos/CallbacksSample-main/app/src/main/java/com/romellfudi/callbacks/MathCallback.java,com.romellfudi.callbacks.MathCallback,"Mathfailed/2[java.lang.NumberFormatException,java.lang.Object[]]",exception,1
/home/arch_design_predict/download-github-repos/mvp/repos/CallbacksSample-main/app/src/main/java/com/romellfudi/callbacks/MathCallback.java,com.romellfudi.callbacks.MathCallback,"Mathfailed/2[java.lang.NumberFormatException,java.lang.Object[]]",objects,1
/home/arch_design_predict/download-github-repos/mvp/repos/CallbacksSample-main/app/src/main/java/com/romellfudi/callbacks/interfaces/ResponseFailCallback.java,com.romellfudi.callbacks.interfaces.ResponseFailCallback,"errorHTTP/3[java.lang.String,java.lang.Exception,java.lang.Object[]]",exception,0
/home/arch_design_predict/download-github-repos/mvp/repos/CallbacksSample-main/app/src/main/java/com/romellfudi/callbacks/interfaces/ResponseFailCallback.java,com.romellfudi.callbacks.interfaces.ResponseFailCallback,"errorHTTP/3[java.lang.String,java.lang.Exception,java.lang.Object[]]",objects,0
/home/arch_design_predict/download-github-repos/mvp/repos/CallbacksSample-main/app/src/main/java/com/romellfudi/callbacks/interfaces/ResponseFailCallback.java,com.romellfudi.callbacks.interfaces.ResponseFailCallback,"errorHTTP/3[java.lang.String,java.lang.Exception,java.lang.Object[]]",codeError,0
/home/arch_design_predict/download-github-repos/mvp/repos/CallbacksSample-main/app/src/main/java/com/romellfudi/callbacks/IntTemUnder.java,com.romellfudi.callbacks.IntTemUnder,methodPoorReturnY/1[X],x,0
/home/arch_design_predict/download-github-repos/mvp/repos/CallbacksSample-main/app/src/main/java/com/romellfudi/callbacks/ObjectCallback.java,com.romellfudi.callbacks.ObjectCallback,successed/1[java.lang.Object[]],objects,0
/home/arch_design_predict/download-github-repos/mvp/repos/CallbacksSample-main/app/src/main/java/com/romellfudi/callbacks/ObjectCallback.java,com.romellfudi.callbacks.ObjectCallback,failed/1[java.lang.Object[]],objects,0
/home/arch_design_predict/download-github-repos/mvp/repos/CallbacksSample-main/app/src/main/java/com/romellfudi/callbacks/MainActivity.java,com.romellfudi.callbacks.MainActivity,MethodParse/1[com.romellfudi.callbacks.View],view,0
/home/arch_design_predict/download-github-repos/mvp/repos/CallbacksSample-main/app/src/main/java/com/romellfudi/callbacks/MainActivity.java,com.romellfudi.callbacks.MainActivity,ObjectCallback/1[com.romellfudi.callbacks.View],view,0
/home/arch_design_predict/download-github-repos/mvp/repos/CallbacksSample-main/app/src/main/java/com/romellfudi/callbacks/MainActivity.java,com.romellfudi.callbacks.MainActivity,onCreate/1[com.romellfudi.callbacks.Bundle],savedInstanceState,1
/home/arch_design_predict/download-github-repos/mvp/repos/CallbacksSample-main/app/src/main/java/com/romellfudi/callbacks/MainActivity.java,com.romellfudi.callbacks.MainActivity,returnCallback/1[com.romellfudi.callbacks.View],view,0
/home/arch_design_predict/download-github-repos/mvp/repos/CallbacksSample-main/app/src/main/java/com/romellfudi/callbacks/MainActivity.java,com.romellfudi.callbacks.MainActivity,returnCallback/1[com.romellfudi.callbacks.View],value,1
/home/arch_design_predict/download-github-repos/mvp/repos/CallbacksSample-main/app/src/main/java/com/romellfudi/callbacks/MainActivity.java,com.romellfudi.callbacks.MainActivity,Callback/1[com.romellfudi.callbacks.View],view,0
/home/arch_design_predict/download-github-repos/mvp/repos/CallbacksSample-main/app/src/main/java/com/romellfudi/callbacks/MainActivity.java,com.romellfudi.callbacks.MainActivity,AbstractCallback/1[com.romellfudi.callbacks.View],view,0
/home/arch_design_predict/download-github-repos/mvp/repos/CallbacksSample-main/app/src/main/java/com/romellfudi/callbacks/MainActivity.java,com.romellfudi.callbacks.MainActivity,EnviarCallback/1[com.romellfudi.callbacks.View],view,0
/home/arch_design_predict/download-github-repos/mvp/repos/CallbacksSample-main/app/src/main/java/com/romellfudi/callbacks/MainActivity.java,com.romellfudi.callbacks.MainActivity,RestCallBack/1[com.romellfudi.callbacks.View],view,0
/home/arch_design_predict/download-github-repos/mvp/repos/CallbacksSample-main/app/src/main/java/com/romellfudi/callbacks/MainActivity.java,com.romellfudi.callbacks.MainActivity,OtherMethodParse/1[com.romellfudi.callbacks.View],view,0
/home/arch_design_predict/download-github-repos/mvp/repos/CallbacksSample-main/app/src/main/java/com/romellfudi/callbacks/MainActivity.java,com.romellfudi.callbacks.MainActivity,interfaces/1[com.romellfudi.callbacks.View],view,0
/home/arch_design_predict/download-github-repos/mvp/repos/CallbacksSample-main/app/src/main/java/com/romellfudi/callbacks/MainActivity.java,com.romellfudi.callbacks.MainActivity,twoSteps/1[com.romellfudi.callbacks.View],view,0
/home/arch_design_predict/download-github-repos/mvp/repos/CallbacksSample-main/app/src/main/java/com/romellfudi/callbacks/MainActivity.java,com.romellfudi.callbacks.MainActivity,MathCallback/1[com.romellfudi.callbacks.View],view,0
/home/arch_design_predict/download-github-repos/mvp/repos/CallbacksSample-main/app/src/main/java/com/romellfudi/callbacks/MainActivity.java,com.romellfudi.callbacks.MainActivity,show/1[java.lang.String],string,1
/home/arch_design_predict/download-github-repos/mvp/repos/CallbacksSample-main/app/src/main/java/com/romellfudi/callbacks/Model.java,com.romellfudi.callbacks.Model,setCifras/1[float[]],cifras,2
/home/arch_design_predict/download-github-repos/mvp/repos/CallbacksSample-main/app/src/main/java/com/romellfudi/callbacks/Model.java,com.romellfudi.callbacks.Model,setNumero/1[int],numero,2
/home/arch_design_predict/download-github-repos/mvp/repos/CallbacksSample-main/app/src/main/java/com/romellfudi/callbacks/MainActivity.java,com.romellfudi.callbacks.MainActivity$Anonymous5,successed/1[java.lang.Object[]],objects,1
/home/arch_design_predict/download-github-repos/mvp/repos/CallbacksSample-main/app/src/main/java/com/romellfudi/callbacks/MainActivity.java,com.romellfudi.callbacks.MainActivity$Anonymous6,successed/1[java.lang.Object[]],objects,1
/home/arch_design_predict/download-github-repos/mvp/repos/CallbacksSample-main/app/src/main/java/com/romellfudi/callbacks/MainActivity.java,com.romellfudi.callbacks.MainActivity$Anonymous6,"failed/2[java.lang.Exception,java.lang.Object[]]",exception,2
/home/arch_design_predict/download-github-repos/mvp/repos/CallbacksSample-main/app/src/main/java/com/romellfudi/callbacks/MainActivity.java,com.romellfudi.callbacks.MainActivity$Anonymous6,"failed/2[java.lang.Exception,java.lang.Object[]]",objects,0
/home/arch_design_predict/download-github-repos/mvp/repos/CallbacksSample-main/app/src/main/java/com/romellfudi/callbacks/MainActivity.java,com.romellfudi.callbacks.MainActivity$Anonymous7,"onParse/2[java.text.ParseException,java.lang.Object[]]",exception,1
/home/arch_design_predict/download-github-repos/mvp/repos/CallbacksSample-main/app/src/main/java/com/romellfudi/callbacks/MainActivity.java,com.romellfudi.callbacks.MainActivity$Anonymous7,"onParse/2[java.text.ParseException,java.lang.Object[]]",objects,0
/home/arch_design_predict/download-github-repos/mvp/repos/CallbacksSample-main/app/src/main/java/com/romellfudi/callbacks/MainActivity.java,com.romellfudi.callbacks.MainActivity$Anonymous7,onFail/1[java.lang.Object[]],objects,1
/home/arch_design_predict/download-github-repos/mvp/repos/CallbacksSample-main/app/src/main/java/com/romellfudi/callbacks/MainActivity.java,com.romellfudi.callbacks.MainActivity$Anonymous7,onSuccess/1[java.lang.Object[]],objects,1
/home/arch_design_predict/download-github-repos/mvp/repos/CallbacksSample-main/app/src/main/java/com/romellfudi/callbacks/MainActivity.java,com.romellfudi.callbacks.MainActivity$Anonymous8,"errorHTTP/3[java.lang.String,java.lang.Exception,java.lang.Object[]]",exception,1
/home/arch_design_predict/download-github-repos/mvp/repos/CallbacksSample-main/app/src/main/java/com/romellfudi/callbacks/MainActivity.java,com.romellfudi.callbacks.MainActivity$Anonymous8,"errorHTTP/3[java.lang.String,java.lang.Exception,java.lang.Object[]]",objects,1
/home/arch_design_predict/download-github-repos/mvp/repos/CallbacksSample-main/app/src/main/java/com/romellfudi/callbacks/MainActivity.java,com.romellfudi.callbacks.MainActivity$Anonymous8,"errorHTTP/3[java.lang.String,java.lang.Exception,java.lang.Object[]]",codeError,1
/home/arch_design_predict/download-github-repos/mvp/repos/CallbacksSample-main/app/src/main/java/com/romellfudi/callbacks/MainActivity.java,com.romellfudi.callbacks.MainActivity$Anonymous8,"onResponse/2[com.romellfudi.callbacks.Model,java.lang.Object[]]",objects,1
/home/arch_design_predict/download-github-repos/mvp/repos/CallbacksSample-main/app/src/main/java/com/romellfudi/callbacks/MainActivity.java,com.romellfudi.callbacks.MainActivity$Anonymous8,"onResponse/2[com.romellfudi.callbacks.Model,java.lang.Object[]]",model,0
/home/arch_design_predict/download-github-repos/mvp/repos/CallbacksSample-main/app/src/main/java/com/romellfudi/callbacks/MainActivity.java,com.romellfudi.callbacks.MainActivity$Anonymous1,successed/1[java.lang.Object[]],objects,2
/home/arch_design_predict/download-github-repos/mvp/repos/CallbacksSample-main/app/src/main/java/com/romellfudi/callbacks/MainActivity.java,com.romellfudi.callbacks.MainActivity$Anonymous1,failed/1[java.lang.Object[]],objects,1
/home/arch_design_predict/download-github-repos/mvp/repos/CallbacksSample-main/app/src/main/java/com/romellfudi/callbacks/interfaces/SuccessCallback.java,com.romellfudi.callbacks.interfaces.SuccessCallback,onSuccess/1[java.lang.Object[]],objects,0
/home/arch_design_predict/download-github-repos/mvp/repos/CallbacksSample-main/app/src/main/java/com/romellfudi/callbacks/MainActivity.java,com.romellfudi.callbacks.MainActivity$Anonymous2,successed/1[java.lang.Object[]],objects,1
/home/arch_design_predict/download-github-repos/mvp/repos/CallbacksSample-main/app/src/main/java/com/romellfudi/callbacks/MainActivity.java,com.romellfudi.callbacks.MainActivity$Anonymous2,failed/1[java.lang.Object[]],objects,1
/home/arch_design_predict/download-github-repos/mvp/repos/CallbacksSample-main/app/src/main/java/com/romellfudi/callbacks/MainActivity.java,com.romellfudi.callbacks.MainActivity$Anonymous2,errorAlParsear/1[java.lang.Exception],exception,2
/home/arch_design_predict/download-github-repos/mvp/repos/CallbacksSample-main/app/src/main/java/com/romellfudi/callbacks/TemplateController.java,com.romellfudi.callbacks.TemplateController,"methodStatickCall/1[com.romellfudi.callbacks.TemplateController.TemplateCallback<G,H>]",callback,2
/home/arch_design_predict/download-github-repos/mvp/repos/CallbacksSample-main/app/src/main/java/com/romellfudi/callbacks/MainActivity.java,com.romellfudi.callbacks.MainActivity$Anonymous3,httpOK/1[java.lang.Object[]],floats,0
/home/arch_design_predict/download-github-repos/mvp/repos/CallbacksSample-main/app/src/main/java/com/romellfudi/callbacks/MainActivity.java,com.romellfudi.callbacks.MainActivity$Anonymous3,httpOK/1[java.lang.Object[]],objects,3
/home/arch_design_predict/download-github-repos/mvp/repos/CallbacksSample-main/app/src/main/java/com/romellfudi/callbacks/MainActivity.java,com.romellfudi.callbacks.MainActivity$Anonymous3,httpOK/1[java.lang.Object[]],num,0
/home/arch_design_predict/download-github-repos/mvp/repos/CallbacksSample-main/app/src/main/java/com/romellfudi/callbacks/MainActivity.java,com.romellfudi.callbacks.MainActivity$Anonymous3,httpOK/1[java.lang.Object[]],model,0
/home/arch_design_predict/download-github-repos/mvp/repos/CallbacksSample-main/app/src/main/java/com/romellfudi/callbacks/MainActivity.java,com.romellfudi.callbacks.MainActivity$Anonymous3,successed/1[java.lang.Object[]],objects,1
/home/arch_design_predict/download-github-repos/mvp/repos/CallbacksSample-main/app/src/main/java/com/romellfudi/callbacks/MainActivity.java,com.romellfudi.callbacks.MainActivity$Anonymous3,failed/1[java.lang.Object[]],objects,1
/home/arch_design_predict/download-github-repos/mvp/repos/CallbacksSample-main/app/src/main/java/com/romellfudi/callbacks/MainActivity.java,com.romellfudi.callbacks.MainActivity$Anonymous3,"errorHttp/2[java.lang.Exception,java.lang.Object[]]",exception,2
/home/arch_design_predict/download-github-repos/mvp/repos/CallbacksSample-main/app/src/main/java/com/romellfudi/callbacks/MainActivity.java,com.romellfudi.callbacks.MainActivity$Anonymous3,"errorHttp/2[java.lang.Exception,java.lang.Object[]]",objects,0
/home/arch_design_predict/download-github-repos/mvp/repos/CallbacksSample-main/app/src/main/java/com/romellfudi/callbacks/MainActivity.java,com.romellfudi.callbacks.MainActivity$Anonymous4,Mathsuccessed/1[java.lang.Object[]],objects,1
/home/arch_design_predict/download-github-repos/mvp/repos/CallbacksSample-main/app/src/main/java/com/romellfudi/callbacks/MainActivity.java,com.romellfudi.callbacks.MainActivity$Anonymous4,"Mathfailed/2[java.lang.NumberFormatException,java.lang.Object[]]",exception,1
/home/arch_design_predict/download-github-repos/mvp/repos/CallbacksSample-main/app/src/main/java/com/romellfudi/callbacks/MainActivity.java,com.romellfudi.callbacks.MainActivity$Anonymous4,"Mathfailed/2[java.lang.NumberFormatException,java.lang.Object[]]",objects,0
