file,class,type,cbo,cboModified,fanin,fanout,wmc,dit,noc,rfc,lcom,lcom*,tcc,lcc,totalMethodsQty,staticMethodsQty,publicMethodsQty,privateMethodsQty,protectedMethodsQty,defaultMethodsQty,visibleMethodsQty,abstractMethodsQty,finalMethodsQty,synchronizedMethodsQty,totalFieldsQty,staticFieldsQty,publicFieldsQty,privateFieldsQty,protectedFieldsQty,defaultFieldsQty,finalFieldsQty,synchronizedFieldsQty,nosi,loc,returnQty,loopQty,comparisonsQty,tryCatchQty,parenthesizedExpsQty,stringLiteralsQty,numbersQty,assignmentsQty,mathOperationsQty,variablesQty,maxNestedBlocksQty,anonymousClassesQty,innerClassesQty,lambdasQty,uniqueWordsQty,modifiers,logStatementsQty
/home/arch_design_predict/download-github-repos/mvp/repos/Random-Quiz-master/app/src/main/java/com/matthewregis/randomquiz/data/models/GameMode.java,com.matthewregis.randomquiz.data.models.GameMode,enum,0,3,3,0,2,1,0,0,0,0.25,1.0,1.0,2,0,1,0,0,1,2,0,0,0,2,0,0,2,0,0,0,0,0,10,1,0,0,0,0,2,2,2,0,2,0,0,0,0,26,1,0
/home/arch_design_predict/download-github-repos/mvp/repos/Random-Quiz-master/app/src/test/java/com/matthewregis/randomquiz/ui/main/MainPresenterTests.java,com.matthewregis.randomquiz.ui.main.MainPresenterTests,class,10,10,0,10,5,1,0,10,0,0.33333334,1.0,1.0,5,0,5,0,0,0,5,0,0,0,3,0,0,0,0,3,0,0,0,24,0,0,0,0,0,0,3,1,0,3,0,0,0,0,31,1,0
/home/arch_design_predict/download-github-repos/mvp/repos/Random-Quiz-master/app/src/main/java/com/matthewregis/randomquiz/util/DialogUtil.java,com.matthewregis.randomquiz.util.DialogUtil,class,0,0,0,0,0,1,0,0,0,0.0,-1.0,-1.0,0,0,0,0,0,0,0,0,0,0,0,0,0,0,0,0,0,0,0,2,0,0,0,0,0,0,0,0,0,0,0,0,0,0,6,1,0
/home/arch_design_predict/download-github-repos/mvp/repos/Random-Quiz-master/app/src/main/java/com/matthewregis/randomquiz/util/StringUtil.java,com.matthewregis.randomquiz.util.StringUtil,class,0,0,0,0,0,1,0,0,0,0.0,-1.0,-1.0,0,0,0,0,0,0,0,0,0,0,0,0,0,0,0,0,0,0,0,2,0,0,0,0,0,0,0,0,0,0,0,0,0,0,6,1,0
/home/arch_design_predict/download-github-repos/mvp/repos/Random-Quiz-master/app/src/main/java/com/matthewregis/randomquiz/ui/base/MvpView.java,com.matthewregis.randomquiz.ui.base.MvpView,interface,0,3,3,0,0,1,0,0,0,0.0,-1.0,-1.0,0,0,0,0,0,0,0,0,0,0,0,0,0,0,0,0,0,0,0,2,0,0,0,0,0,0,0,0,0,0,0,0,0,0,6,1,0
/home/arch_design_predict/download-github-repos/mvp/repos/Random-Quiz-master/app/src/main/java/com/matthewregis/randomquiz/injection/module/ApplicationModule.java,com.matthewregis.randomquiz.injection.module.ApplicationModule,class,4,6,2,4,3,1,0,0,0,0.0,1.0,1.0,3,0,1,0,0,2,3,0,0,0,1,0,0,0,1,0,1,0,0,12,2,0,0,0,0,0,0,1,0,1,0,0,0,0,10,1,0
/home/arch_design_predict/download-github-repos/mvp/repos/Random-Quiz-master/app/src/main/java/com/matthewregis/randomquiz/injection/module/ActivityModule.java,com.matthewregis.randomquiz.injection.module.ActivityModule,class,4,7,3,4,3,1,0,0,0,0.0,1.0,1.0,3,0,1,0,0,2,3,0,0,0,1,0,0,1,0,0,0,0,0,12,2,0,0,0,0,0,0,1,0,1,0,0,0,0,11,1,0
/home/arch_design_predict/download-github-repos/mvp/repos/Random-Quiz-master/app/src/main/java/com/matthewregis/randomquiz/ui/quiz/QuizActivity.java,com.matthewregis.randomquiz.ui.quiz.QuizActivity$Anonymous4,anonymous,2,2,0,2,1,1,0,1,0,0.0,NaN,NaN,1,0,1,0,0,0,1,0,0,0,0,0,0,0,0,0,0,0,0,5,0,0,0,0,0,0,0,0,0,0,0,0,0,0,5,-1,0
/home/arch_design_predict/download-github-repos/mvp/repos/Random-Quiz-master/app/src/main/java/com/matthewregis/randomquiz/data/models/ResultsBean.java,com.matthewregis.randomquiz.data.models.ResultsBean,class,0,2,2,0,12,1,0,0,54,0.8333333,0.09090909,0.09090909,12,0,12,0,0,0,12,0,0,0,6,0,0,6,0,0,0,0,0,44,6,0,0,0,0,0,0,6,0,6,0,0,0,0,38,1,0
/home/arch_design_predict/download-github-repos/mvp/repos/Random-Quiz-master/app/src/main/java/com/matthewregis/randomquiz/ui/quiz/IQuizView.java,com.matthewregis.randomquiz.ui.quiz.IQuizView,interface,2,5,3,2,11,1,0,0,55,0.0,0.0,0.0,11,0,0,0,0,11,11,0,0,0,0,0,0,0,0,0,0,0,0,13,0,0,0,0,0,0,0,0,0,0,0,0,0,0,31,1,0
/home/arch_design_predict/download-github-repos/mvp/repos/Random-Quiz-master/app/src/main/java/com/matthewregis/randomquiz/ui/quiz/QuizActivity.java,com.matthewregis.randomquiz.ui.quiz.QuizActivity$Anonymous3,anonymous,2,2,0,2,1,1,0,1,0,0.0,NaN,NaN,1,0,1,0,0,0,1,0,0,0,0,0,0,0,0,0,0,0,0,5,0,0,0,0,0,0,0,0,0,0,0,0,0,0,5,-1,0
/home/arch_design_predict/download-github-repos/mvp/repos/Random-Quiz-master/app/src/main/java/com/matthewregis/randomquiz/ui/quiz/QuizActivity.java,com.matthewregis.randomquiz.ui.quiz.QuizActivity$Anonymous2,anonymous,2,2,0,2,1,1,0,1,0,0.0,NaN,NaN,1,0,1,0,0,0,1,0,0,0,0,0,0,0,0,0,0,0,0,5,0,0,0,0,0,0,0,0,0,0,0,0,0,0,5,-1,0
/home/arch_design_predict/download-github-repos/mvp/repos/Random-Quiz-master/app/src/main/java/com/matthewregis/randomquiz/ui/quiz/QuizActivity.java,com.matthewregis.randomquiz.ui.quiz.QuizActivity$Anonymous1,anonymous,2,2,0,2,1,1,0,3,0,0.0,NaN,NaN,1,0,1,0,0,0,1,0,0,0,0,0,0,0,0,0,0,0,0,6,0,0,0,0,0,0,0,0,0,0,0,0,0,0,4,-1,0
/home/arch_design_predict/download-github-repos/mvp/repos/Random-Quiz-master/app/src/main/java/com/matthewregis/randomquiz/data/local/ILocalRepo.java,com.matthewregis.randomquiz.data.local.ILocalRepo,interface,1,4,3,1,8,1,0,0,28,0.0,0.0,0.0,8,0,0,0,0,8,8,0,0,0,0,0,0,0,0,0,0,0,0,10,0,0,0,0,0,0,0,0,0,0,0,0,0,0,21,1,0
/home/arch_design_predict/download-github-repos/mvp/repos/Random-Quiz-master/app/src/main/java/com/matthewregis/randomquiz/ui/base/BasePresenter.java,com.matthewregis.randomquiz.ui.base.BasePresenter,class,4,14,10,4,7,4,0,1,0,0.2,0.6,0.6,5,0,5,0,0,0,5,0,0,0,1,0,0,1,0,0,0,0,0,23,2,0,1,0,0,0,0,2,0,1,1,0,1,0,18,1,0
/home/arch_design_predict/download-github-repos/mvp/repos/Random-Quiz-master/app/src/main/java/com/matthewregis/randomquiz/RandomQuizApplication.java,com.matthewregis.randomquiz.RandomQuizApplication,class,7,9,2,7,6,2,0,8,4,0.5,0.16666667,0.16666667,4,1,4,0,0,0,4,0,0,0,1,0,0,0,0,1,0,0,0,24,2,0,1,0,0,0,0,3,0,2,1,0,0,0,20,1,0
/home/arch_design_predict/download-github-repos/mvp/repos/Random-Quiz-master/app/src/main/java/com/matthewregis/randomquiz/ui/quiz/QuizActivity.java,com.matthewregis.randomquiz.ui.quiz.QuizActivity$Anonymous5,anonymous,2,2,0,2,1,1,0,4,0,0.0,NaN,NaN,1,0,1,0,0,0,1,0,0,0,0,0,0,0,0,0,0,0,0,6,0,0,0,0,0,0,0,0,0,0,0,0,0,0,5,-1,0
/home/arch_design_predict/download-github-repos/mvp/repos/Random-Quiz-master/app/src/main/java/com/matthewregis/randomquiz/data/models/QuizModel.java,com.matthewregis.randomquiz.data.models.QuizModel,class,1,2,1,1,4,1,0,0,2,0.5,0.33333334,0.33333334,4,0,4,0,0,0,4,0,0,0,2,0,0,2,0,0,0,0,0,16,2,0,0,0,0,0,0,2,0,2,0,0,0,0,92,1,0
/home/arch_design_predict/download-github-repos/mvp/repos/Random-Quiz-master/app/src/main/java/com/matthewregis/randomquiz/ui/base/BasePresenter.java,com.matthewregis.randomquiz.ui.base.BasePresenter$MvpViewNotAttachedException,innerclass,0,0,0,0,1,4,0,0,0,0.0,NaN,NaN,1,0,1,0,0,0,1,0,0,0,0,0,0,0,0,0,0,0,0,5,0,0,0,0,0,2,0,0,1,0,0,0,0,0,11,9,0
/home/arch_design_predict/download-github-repos/mvp/repos/Random-Quiz-master/app/src/androidTest/java/com/matthewregis/randomquiz/ExampleInstrumentedTest.java,com.matthewregis.randomquiz.ExampleInstrumentedTest,class,4,4,0,4,1,1,0,3,0,0.0,NaN,NaN,1,0,1,0,0,0,1,0,0,0,0,0,0,0,0,0,0,0,0,6,0,0,0,0,0,1,0,1,0,1,0,0,0,0,21,1,0
/home/arch_design_predict/download-github-repos/mvp/repos/Random-Quiz-master/app/src/main/java/com/matthewregis/randomquiz/ui/topscores/ITopScoresView.java,com.matthewregis.randomquiz.ui.topscores.ITopScoresView,interface,2,5,3,2,3,1,0,0,3,0.0,0.0,0.0,3,0,0,0,0,3,3,0,0,0,0,0,0,0,0,0,0,0,0,5,0,0,0,0,0,0,0,0,0,0,0,0,0,0,15,1,0
/home/arch_design_predict/download-github-repos/mvp/repos/Random-Quiz-master/app/src/main/java/com/matthewregis/randomquiz/injection/component/ApplicationComponent.java,com.matthewregis.randomquiz.injection.component.ApplicationComponent,interface,8,10,2,8,4,1,0,0,6,0.0,0.0,0.0,4,0,0,0,0,4,4,0,0,0,0,0,0,0,0,0,0,0,0,6,0,0,0,0,0,0,0,0,0,0,0,0,0,0,17,1,0
/home/arch_design_predict/download-github-repos/mvp/repos/Random-Quiz-master/app/src/test/java/com/matthewregis/randomquiz/ui/quiz/QuizPresenterTests.java,com.matthewregis.randomquiz.ui.quiz.QuizPresenterTests,class,13,13,0,13,14,1,0,23,0,0.45999998,1.0,1.0,10,0,10,0,0,0,10,0,0,0,5,0,0,1,0,4,0,0,1,85,0,3,0,0,2,6,29,11,5,15,2,0,0,0,74,1,0
/home/arch_design_predict/download-github-repos/mvp/repos/Random-Quiz-master/app/src/main/java/com/matthewregis/randomquiz/ui/quiz/QuizPresenter.java,com.matthewregis.randomquiz.ui.quiz.QuizPresenter,class,19,28,9,19,32,2,0,53,47,0.7619048,0.20512821,0.46153846,14,0,13,1,0,0,13,0,0,0,6,0,0,2,0,4,0,0,10,168,1,3,2,2,2,7,7,19,1,18,4,1,0,0,92,1,0
/home/arch_design_predict/download-github-repos/mvp/repos/Random-Quiz-master/app/src/main/java/com/matthewregis/randomquiz/ui/topscores/TopScoresPresenter.java,com.matthewregis.randomquiz.ui.topscores.TopScoresPresenter,class,8,10,2,8,4,2,0,7,1,0.5,0.33333334,0.33333334,3,0,3,0,0,0,3,0,0,0,2,0,0,0,0,2,0,0,0,21,0,0,0,0,0,0,0,3,0,3,1,0,0,0,22,1,0
/home/arch_design_predict/download-github-repos/mvp/repos/Random-Quiz-master/app/src/test/java/com/matthewregis/randomquiz/ExampleUnitTest.java,com.matthewregis.randomquiz.ExampleUnitTest,class,1,1,0,1,1,1,0,1,0,0.0,NaN,NaN,1,0,1,0,0,0,1,0,0,0,0,0,0,0,0,0,0,0,0,5,0,0,0,0,0,0,3,0,1,0,0,0,0,0,23,1,0
/home/arch_design_predict/download-github-repos/mvp/repos/Random-Quiz-master/app/src/main/java/com/matthewregis/randomquiz/ui/main/MainPresenter.java,com.matthewregis.randomquiz.ui.main.MainPresenter,class,5,7,2,5,5,2,0,5,10,0.8,0.0,0.0,5,0,5,0,0,0,5,0,0,0,1,0,0,0,0,1,0,0,0,18,0,0,0,0,0,0,0,1,0,1,0,0,0,0,23,1,0
/home/arch_design_predict/download-github-repos/mvp/repos/Random-Quiz-master/app/src/main/java/com/matthewregis/randomquiz/data/models/ScoreModel.java,com.matthewregis.randomquiz.data.models.ScoreModel,class,1,10,9,1,8,1,0,0,20,0.75,0.14285715,0.14285715,8,0,8,0,0,0,8,0,0,0,4,0,0,0,0,4,0,0,0,30,4,0,0,0,0,0,0,4,0,4,0,0,0,0,18,1,0
/home/arch_design_predict/download-github-repos/mvp/repos/Random-Quiz-master/app/src/main/java/com/matthewregis/randomquiz/ui/quiz/QuizActivity.java,com.matthewregis.randomquiz.ui.quiz.QuizActivity,class,19,21,2,19,17,3,0,38,70,0.84615386,0.051282052,0.06410257,13,0,11,0,2,0,13,0,0,0,5,0,0,0,0,5,0,0,0,119,0,1,0,1,0,4,8,9,0,14,3,5,0,0,73,1,0
/home/arch_design_predict/download-github-repos/mvp/repos/Random-Quiz-master/app/src/main/java/com/matthewregis/randomquiz/ui/base/BaseActivity.java,com.matthewregis.randomquiz.ui.base.BaseActivity,class,7,10,3,7,7,2,3,18,0,0.5,0.6666667,1.0,4,0,1,0,3,0,4,0,0,0,5,3,0,5,0,0,3,0,1,37,1,0,1,0,0,5,1,7,0,6,1,0,0,0,46,1,0
/home/arch_design_predict/download-github-repos/mvp/repos/Random-Quiz-master/app/src/main/java/com/matthewregis/randomquiz/util/HttpAsyncClientFactory.java,com.matthewregis.randomquiz.util.HttpAsyncClientFactory,class,1,1,0,1,3,1,0,2,0,0.0,1.0,1.0,2,2,2,0,0,0,2,0,0,0,1,1,0,1,0,0,0,0,0,15,2,0,1,0,0,0,0,2,0,1,1,0,0,0,13,1,0
/home/arch_design_predict/download-github-repos/mvp/repos/Random-Quiz-master/app/src/main/java/com/matthewregis/randomquiz/ui/main/IMainView.java,com.matthewregis.randomquiz.ui.main.IMainView,interface,1,4,3,1,3,1,0,0,3,0.0,0.0,0.0,3,0,0,0,0,3,3,0,0,0,0,0,0,0,0,0,0,0,0,5,0,0,0,0,0,0,0,0,0,0,0,0,0,0,16,1,0
/home/arch_design_predict/download-github-repos/mvp/repos/Random-Quiz-master/app/src/main/java/com/matthewregis/randomquiz/ui/topscores/TopScoresListAdapter.java,com.matthewregis.randomquiz.ui.topscores.TopScoresListAdapter$ViewHolder,innerclass,5,5,0,5,1,2,0,1,0,0.0,NaN,NaN,1,0,1,0,0,0,1,0,0,0,3,0,3,0,0,0,0,0,0,11,0,0,0,0,0,0,0,3,0,3,0,0,0,0,8,9,0
/home/arch_design_predict/download-github-repos/mvp/repos/Random-Quiz-master/app/src/main/java/com/matthewregis/randomquiz/injection/component/ActivityComponent.java,com.matthewregis.randomquiz.injection.component.ActivityComponent,interface,6,11,5,6,3,1,0,0,3,0.0,0.0,0.0,3,0,0,0,0,3,3,0,0,0,0,0,0,0,0,0,0,0,0,5,0,0,0,0,0,0,0,0,0,0,0,0,0,0,15,1,0
/home/arch_design_predict/download-github-repos/mvp/repos/Random-Quiz-master/app/src/main/java/com/matthewregis/randomquiz/injection/component/ConfigPersistentComponent.java,com.matthewregis.randomquiz.injection.component.ConfigPersistentComponent,interface,5,6,1,5,1,1,0,0,0,0.0,NaN,NaN,1,0,0,0,0,1,1,0,0,0,0,0,0,0,0,0,0,0,0,3,0,0,0,0,0,0,0,0,0,0,0,0,0,0,11,1,0
/home/arch_design_predict/download-github-repos/mvp/repos/Random-Quiz-master/app/src/main/java/com/matthewregis/randomquiz/ui/topscores/TopScoresListAdapter.java,com.matthewregis.randomquiz.ui.topscores.TopScoresListAdapter,class,7,8,1,7,8,2,0,15,3,0.33333334,0.4,0.4,6,0,6,0,0,0,6,0,0,0,1,0,0,1,0,0,0,0,1,38,2,0,0,0,3,1,0,6,0,5,0,0,1,0,32,1,0
/home/arch_design_predict/download-github-repos/mvp/repos/Random-Quiz-master/app/src/main/java/com/matthewregis/randomquiz/ui/base/Presenter.java,com.matthewregis.randomquiz.ui.base.Presenter,interface,1,2,1,1,2,1,0,0,1,0.0,0.0,0.0,2,0,0,0,0,2,2,0,0,0,0,0,0,0,0,0,0,0,0,4,0,0,0,0,0,0,0,0,0,0,0,0,0,0,10,1,0
/home/arch_design_predict/download-github-repos/mvp/repos/Random-Quiz-master/app/src/main/java/com/matthewregis/randomquiz/ui/quiz/QuizPresenter.java,com.matthewregis.randomquiz.ui.quiz.QuizPresenter$Anonymous1,anonymous,3,3,0,3,4,1,0,7,1,0.0,0.0,0.0,2,0,2,0,0,0,2,0,0,0,0,0,0,0,0,0,0,0,2,16,0,0,0,0,0,4,0,0,0,0,1,0,0,0,16,-1,0
/home/arch_design_predict/download-github-repos/mvp/repos/Random-Quiz-master/app/src/test/java/com/matthewregis/randomquiz/ui/topScores/TopScoresPresenterTests.java,com.matthewregis.randomquiz.ui.topScores.TopScoresPresenterTests,class,12,12,0,12,4,1,0,12,0,0.3125,1.0,1.0,4,0,4,0,0,0,4,0,0,0,4,0,0,0,0,4,0,0,0,27,0,0,0,0,0,0,3,3,0,6,0,0,0,0,34,1,0
/home/arch_design_predict/download-github-repos/mvp/repos/Random-Quiz-master/app/src/main/java/com/matthewregis/randomquiz/ui/topscores/TopScoresActivity.java,com.matthewregis.randomquiz.ui.topscores.TopScoresActivity,class,13,15,2,13,5,3,0,12,2,0.6,0.4,0.4,5,0,3,0,2,0,5,0,0,0,4,0,0,0,0,4,0,0,0,31,0,0,0,0,0,0,0,1,0,4,0,0,0,0,32,1,0
/home/arch_design_predict/download-github-repos/mvp/repos/Random-Quiz-master/app/src/main/java/com/matthewregis/randomquiz/ui/main/MainActivity.java,com.matthewregis.randomquiz.ui.main.MainActivity,class,11,12,1,11,8,3,0,14,8,0.625,0.35714287,0.35714287,8,0,3,0,2,3,8,0,0,0,2,1,1,0,0,1,1,0,0,37,0,0,0,0,0,1,0,4,0,5,0,0,0,0,39,1,0
/home/arch_design_predict/download-github-repos/mvp/repos/Random-Quiz-master/app/src/main/java/com/matthewregis/randomquiz/data/local/LocalRepo.java,com.matthewregis.randomquiz.data.local.LocalRepo,class,9,14,5,9,12,1,0,16,0,0.0,1.0,1.0,10,0,10,0,0,0,10,0,0,0,1,0,0,0,0,1,0,0,0,58,7,0,0,0,0,10,4,10,0,9,1,0,0,0,27,1,0
