file,class,method,constructor,line,cbo,cboModified,fanin,fanout,wmc,rfc,loc,returnsQty,variablesQty,parametersQty,methodsInvokedQty,methodsInvokedLocalQty,methodsInvokedIndirectLocalQty,loopQty,comparisonsQty,tryCatchQty,parenthesizedExpsQty,stringLiteralsQty,numbersQty,assignmentsQty,mathOperationsQty,maxNestedBlocksQty,anonymousClassesQty,innerClassesQty,lambdasQty,uniqueWordsQty,modifiers,logStatementsQty,hasJavaDoc
/home/arch_design_predict/download-github-repos/mvp/repos/Random-Quiz-master/app/src/main/java/com/matthewregis/randomquiz/data/models/GameMode.java,com.matthewregis.randomquiz.data.models.GameMode,"GameMode/2[java.lang.String,int]",true,13,0,0,0,0,1,0,4,0,0,2,0,0,0,0,0,0,0,0,0,2,0,0,0,0,0,8,0,0,false
/home/arch_design_predict/download-github-repos/mvp/repos/Random-Quiz-master/app/src/main/java/com/matthewregis/randomquiz/data/models/GameMode.java,com.matthewregis.randomquiz.data.models.GameMode,toString/0,false,19,0,6,6,0,1,0,3,1,0,0,0,0,0,0,0,0,0,0,0,0,0,0,0,0,0,4,1,0,false
/home/arch_design_predict/download-github-repos/mvp/repos/Random-Quiz-master/app/src/test/java/com/matthewregis/randomquiz/ui/main/MainPresenterTests.java,com.matthewregis.randomquiz.ui.main.MainPresenterTests,ShouldStartSuddenDeathQuizOnSuddenDeathBtnOnClick/0,false,48,2,1,0,1,1,4,4,0,0,0,4,0,0,0,0,0,0,0,1,0,0,0,0,0,0,10,1,0,false
/home/arch_design_predict/download-github-repos/mvp/repos/Random-Quiz-master/app/src/test/java/com/matthewregis/randomquiz/ui/main/MainPresenterTests.java,com.matthewregis.randomquiz.ui.main.MainPresenterTests,ShouldStartRandom10QuizOnRandomQuizBtnOnClick/0,false,42,2,1,0,1,1,4,4,0,0,0,4,0,0,0,0,0,0,0,1,0,0,0,0,0,0,10,1,0,false
/home/arch_design_predict/download-github-repos/mvp/repos/Random-Quiz-master/app/src/test/java/com/matthewregis/randomquiz/ui/main/MainPresenterTests.java,com.matthewregis.randomquiz.ui.main.MainPresenterTests,SetUp/0,false,31,2,2,0,2,1,1,4,0,0,0,1,0,0,0,0,0,0,0,0,1,0,0,0,0,0,9,1,0,false
/home/arch_design_predict/download-github-repos/mvp/repos/Random-Quiz-master/app/src/test/java/com/matthewregis/randomquiz/ui/main/MainPresenterTests.java,com.matthewregis.randomquiz.ui.main.MainPresenterTests,TearDown/0,false,37,2,1,0,1,1,1,3,0,0,0,1,0,0,0,0,0,0,0,0,0,0,0,0,0,0,3,1,0,false
/home/arch_design_predict/download-github-repos/mvp/repos/Random-Quiz-master/app/src/test/java/com/matthewregis/randomquiz/ui/main/MainPresenterTests.java,com.matthewregis.randomquiz.ui.main.MainPresenterTests,ShouldShowTopScoresOnTopScoresBtnOnClick/0,false,54,2,1,0,1,1,4,4,0,0,0,4,0,0,0,0,0,0,0,1,0,0,0,0,0,0,9,1,0,false
/home/arch_design_predict/download-github-repos/mvp/repos/Random-Quiz-master/app/src/main/java/com/matthewregis/randomquiz/injection/module/ApplicationModule.java,com.matthewregis.randomquiz.injection.module.ApplicationModule,provideContext/0,false,32,4,0,0,0,1,0,3,1,0,0,0,0,0,0,0,0,0,0,0,0,0,0,0,0,0,4,0,0,false
/home/arch_design_predict/download-github-repos/mvp/repos/Random-Quiz-master/app/src/main/java/com/matthewregis/randomquiz/injection/module/ApplicationModule.java,com.matthewregis.randomquiz.injection.module.ApplicationModule,ApplicationModule/1[com.matthewregis.randomquiz.injection.module.Application],true,21,1,1,1,0,1,0,3,0,0,1,0,0,0,0,0,0,0,0,0,1,0,0,0,0,0,4,1,0,false
/home/arch_design_predict/download-github-repos/mvp/repos/Random-Quiz-master/app/src/main/java/com/matthewregis/randomquiz/injection/module/ApplicationModule.java,com.matthewregis.randomquiz.injection.module.ApplicationModule,provideApplication/0,false,26,2,0,0,0,1,0,3,1,0,0,0,0,0,0,0,0,0,0,0,0,0,0,0,0,0,3,0,0,false
/home/arch_design_predict/download-github-repos/mvp/repos/Random-Quiz-master/app/src/main/java/com/matthewregis/randomquiz/injection/module/ActivityModule.java,com.matthewregis.randomquiz.injection.module.ActivityModule,providesContext/0,false,31,4,0,0,0,1,0,3,1,0,0,0,0,0,0,0,0,0,0,0,0,0,0,0,0,0,4,0,0,false
/home/arch_design_predict/download-github-repos/mvp/repos/Random-Quiz-master/app/src/main/java/com/matthewregis/randomquiz/injection/module/ActivityModule.java,com.matthewregis.randomquiz.injection.module.ActivityModule,provideActivity/0,false,25,2,0,0,0,1,0,3,1,0,0,0,0,0,0,0,0,0,0,0,0,0,0,0,0,0,3,0,0,false
/home/arch_design_predict/download-github-repos/mvp/repos/Random-Quiz-master/app/src/main/java/com/matthewregis/randomquiz/injection/module/ActivityModule.java,com.matthewregis.randomquiz.injection.module.ActivityModule,ActivityModule/1[com.matthewregis.randomquiz.injection.module.Activity],true,20,1,1,1,0,1,0,3,0,0,1,0,0,0,0,0,0,0,0,0,1,0,0,0,0,0,4,1,0,false
/home/arch_design_predict/download-github-repos/mvp/repos/Random-Quiz-master/app/src/main/java/com/matthewregis/randomquiz/ui/quiz/QuizActivity.java,com.matthewregis.randomquiz.ui.quiz.QuizActivity$Anonymous4,onDismiss/1[com.matthewregis.randomquiz.ui.quiz.DialogInterface],false,158,2,1,0,1,1,1,3,0,0,1,1,0,0,0,0,0,0,0,0,0,0,0,0,0,0,5,1,0,false
/home/arch_design_predict/download-github-repos/mvp/repos/Random-Quiz-master/app/src/main/java/com/matthewregis/randomquiz/data/models/ResultsBean.java,com.matthewregis.randomquiz.data.models.ResultsBean,getType/0,false,34,0,0,0,0,1,0,3,1,0,0,0,0,0,0,0,0,0,0,0,0,0,0,0,0,0,3,1,0,false
/home/arch_design_predict/download-github-repos/mvp/repos/Random-Quiz-master/app/src/main/java/com/matthewregis/randomquiz/data/models/ResultsBean.java,com.matthewregis.randomquiz.data.models.ResultsBean,setQuestion/1[java.lang.String],false,54,0,0,0,0,1,0,3,0,0,1,0,0,0,0,0,0,0,0,0,1,0,0,0,0,0,3,1,0,false
/home/arch_design_predict/download-github-repos/mvp/repos/Random-Quiz-master/app/src/main/java/com/matthewregis/randomquiz/data/models/ResultsBean.java,com.matthewregis.randomquiz.data.models.ResultsBean,getCorrect_answer/0,false,58,0,1,1,0,1,0,3,1,0,0,0,0,0,0,0,0,0,0,0,0,0,0,0,0,0,4,1,0,false
/home/arch_design_predict/download-github-repos/mvp/repos/Random-Quiz-master/app/src/main/java/com/matthewregis/randomquiz/data/models/ResultsBean.java,com.matthewregis.randomquiz.data.models.ResultsBean,setDifficulty/1[java.lang.String],false,46,0,0,0,0,1,0,3,0,0,1,0,0,0,0,0,0,0,0,0,1,0,0,0,0,0,3,1,0,false
/home/arch_design_predict/download-github-repos/mvp/repos/Random-Quiz-master/app/src/main/java/com/matthewregis/randomquiz/data/models/ResultsBean.java,com.matthewregis.randomquiz.data.models.ResultsBean,getCategory/0,false,26,0,0,0,0,1,0,3,1,0,0,0,0,0,0,0,0,0,0,0,0,0,0,0,0,0,3,1,0,false
/home/arch_design_predict/download-github-repos/mvp/repos/Random-Quiz-master/app/src/main/java/com/matthewregis/randomquiz/data/models/ResultsBean.java,com.matthewregis.randomquiz.data.models.ResultsBean,setCategory/1[java.lang.String],false,30,0,0,0,0,1,0,3,0,0,1,0,0,0,0,0,0,0,0,0,1,0,0,0,0,0,3,1,0,false
/home/arch_design_predict/download-github-repos/mvp/repos/Random-Quiz-master/app/src/main/java/com/matthewregis/randomquiz/data/models/ResultsBean.java,com.matthewregis.randomquiz.data.models.ResultsBean,getIncorrect_answers/0,false,66,0,1,1,0,1,0,3,1,0,0,0,0,0,0,0,0,0,0,0,0,0,0,0,0,0,4,1,0,false
/home/arch_design_predict/download-github-repos/mvp/repos/Random-Quiz-master/app/src/main/java/com/matthewregis/randomquiz/data/models/ResultsBean.java,com.matthewregis.randomquiz.data.models.ResultsBean,setIncorrect_answers/1[java.util.List<java.lang.String>],false,70,0,0,0,0,1,0,3,0,0,1,0,0,0,0,0,0,0,0,0,1,0,0,0,0,0,4,1,0,false
/home/arch_design_predict/download-github-repos/mvp/repos/Random-Quiz-master/app/src/main/java/com/matthewregis/randomquiz/data/models/ResultsBean.java,com.matthewregis.randomquiz.data.models.ResultsBean,getQuestion/0,false,50,0,1,1,0,1,0,3,1,0,0,0,0,0,0,0,0,0,0,0,0,0,0,0,0,0,3,1,0,false
/home/arch_design_predict/download-github-repos/mvp/repos/Random-Quiz-master/app/src/main/java/com/matthewregis/randomquiz/data/models/ResultsBean.java,com.matthewregis.randomquiz.data.models.ResultsBean,getDifficulty/0,false,42,0,0,0,0,1,0,3,1,0,0,0,0,0,0,0,0,0,0,0,0,0,0,0,0,0,3,1,0,false
/home/arch_design_predict/download-github-repos/mvp/repos/Random-Quiz-master/app/src/main/java/com/matthewregis/randomquiz/data/models/ResultsBean.java,com.matthewregis.randomquiz.data.models.ResultsBean,setCorrect_answer/1[java.lang.String],false,62,0,0,0,0,1,0,3,0,0,1,0,0,0,0,0,0,0,0,0,1,0,0,0,0,0,4,1,0,false
/home/arch_design_predict/download-github-repos/mvp/repos/Random-Quiz-master/app/src/main/java/com/matthewregis/randomquiz/data/models/ResultsBean.java,com.matthewregis.randomquiz.data.models.ResultsBean,setType/1[java.lang.String],false,38,0,0,0,0,1,0,3,0,0,1,0,0,0,0,0,0,0,0,0,1,0,0,0,0,0,3,1,0,false
/home/arch_design_predict/download-github-repos/mvp/repos/Random-Quiz-master/app/src/main/java/com/matthewregis/randomquiz/ui/quiz/IQuizView.java,com.matthewregis.randomquiz.ui.quiz.IQuizView,DismissLoading/0,false,17,0,2,2,0,1,0,1,0,0,0,0,0,0,0,0,0,0,0,0,0,0,0,0,0,0,2,0,0,false
/home/arch_design_predict/download-github-repos/mvp/repos/Random-Quiz-master/app/src/main/java/com/matthewregis/randomquiz/ui/quiz/IQuizView.java,com.matthewregis.randomquiz.ui.quiz.IQuizView,SetUpAnswers/1[java.util.List<com.matthewregis.randomquiz.ui.quiz.Button>],false,21,1,1,1,0,1,0,1,0,0,1,0,0,0,0,0,0,0,0,0,0,0,0,0,0,0,4,0,0,false
/home/arch_design_predict/download-github-repos/mvp/repos/Random-Quiz-master/app/src/main/java/com/matthewregis/randomquiz/ui/quiz/IQuizView.java,com.matthewregis.randomquiz.ui.quiz.IQuizView,ShowEndOfQuizMessage/1[java.lang.String],false,27,0,1,1,0,1,0,1,0,0,1,0,0,0,0,0,0,0,0,0,0,0,0,0,0,0,6,0,0,false
/home/arch_design_predict/download-github-repos/mvp/repos/Random-Quiz-master/app/src/main/java/com/matthewregis/randomquiz/ui/quiz/IQuizView.java,com.matthewregis.randomquiz.ui.quiz.IQuizView,"ShowTopScoreEndOfQuizMessage/2[java.lang.String,int]",false,29,0,1,1,0,1,0,1,0,0,2,0,0,0,0,0,0,0,0,0,0,0,0,0,0,0,8,0,0,false
/home/arch_design_predict/download-github-repos/mvp/repos/Random-Quiz-master/app/src/main/java/com/matthewregis/randomquiz/ui/quiz/IQuizView.java,com.matthewregis.randomquiz.ui.quiz.IQuizView,ClearQuestionAndAnswers/0,false,31,0,1,1,0,1,0,1,0,0,0,0,0,0,0,0,0,0,0,0,0,0,0,0,0,0,4,0,0,false
/home/arch_design_predict/download-github-repos/mvp/repos/Random-Quiz-master/app/src/main/java/com/matthewregis/randomquiz/ui/quiz/IQuizView.java,com.matthewregis.randomquiz.ui.quiz.IQuizView,SetUpQuestion/1[java.lang.String],false,19,0,1,1,0,1,0,1,0,0,1,0,0,0,0,0,0,0,0,0,0,0,0,0,0,0,4,0,0,false
/home/arch_design_predict/download-github-repos/mvp/repos/Random-Quiz-master/app/src/main/java/com/matthewregis/randomquiz/ui/quiz/IQuizView.java,com.matthewregis.randomquiz.ui.quiz.IQuizView,ShowToastNotification/1[java.lang.String],false,23,0,2,2,0,1,0,1,0,0,1,0,0,0,0,0,0,0,0,0,0,0,0,0,0,0,4,0,0,false
/home/arch_design_predict/download-github-repos/mvp/repos/Random-Quiz-master/app/src/main/java/com/matthewregis/randomquiz/ui/quiz/IQuizView.java,com.matthewregis.randomquiz.ui.quiz.IQuizView,ShowWrongToast/0,false,35,0,1,1,0,1,0,1,0,0,0,0,0,0,0,0,0,0,0,0,0,0,0,0,0,0,3,0,0,false
/home/arch_design_predict/download-github-repos/mvp/repos/Random-Quiz-master/app/src/main/java/com/matthewregis/randomquiz/ui/quiz/IQuizView.java,com.matthewregis.randomquiz.ui.quiz.IQuizView,CloseQuiz/0,false,25,0,4,4,0,1,0,1,0,0,0,0,0,0,0,0,0,0,0,0,0,0,0,0,0,0,2,0,0,false
/home/arch_design_predict/download-github-repos/mvp/repos/Random-Quiz-master/app/src/main/java/com/matthewregis/randomquiz/ui/quiz/IQuizView.java,com.matthewregis.randomquiz.ui.quiz.IQuizView,ShowCorrectToast/0,false,33,0,1,1,0,1,0,1,0,0,0,0,0,0,0,0,0,0,0,0,0,0,0,0,0,0,3,0,0,false
/home/arch_design_predict/download-github-repos/mvp/repos/Random-Quiz-master/app/src/main/java/com/matthewregis/randomquiz/ui/quiz/IQuizView.java,com.matthewregis.randomquiz.ui.quiz.IQuizView,ShowLoading/0,false,15,0,1,1,0,1,0,1,0,0,0,0,0,0,0,0,0,0,0,0,0,0,0,0,0,0,2,0,0,false
/home/arch_design_predict/download-github-repos/mvp/repos/Random-Quiz-master/app/src/main/java/com/matthewregis/randomquiz/ui/quiz/QuizActivity.java,com.matthewregis.randomquiz.ui.quiz.QuizActivity$Anonymous3,"onClick/2[com.matthewregis.randomquiz.ui.quiz.DialogInterface,int]",false,135,2,2,0,2,1,1,3,0,0,2,1,0,0,0,0,0,0,0,0,0,0,0,0,0,0,5,1,0,false
/home/arch_design_predict/download-github-repos/mvp/repos/Random-Quiz-master/app/src/main/java/com/matthewregis/randomquiz/ui/quiz/QuizActivity.java,com.matthewregis.randomquiz.ui.quiz.QuizActivity$Anonymous2,onDismiss/1[com.matthewregis.randomquiz.ui.quiz.DialogInterface],false,130,2,1,0,1,1,1,3,0,0,1,1,0,0,0,0,0,0,0,0,0,0,0,0,0,0,5,1,0,false
/home/arch_design_predict/download-github-repos/mvp/repos/Random-Quiz-master/app/src/main/java/com/matthewregis/randomquiz/ui/quiz/QuizActivity.java,com.matthewregis.randomquiz.ui.quiz.QuizActivity$Anonymous1,onClick/1[com.matthewregis.randomquiz.ui.quiz.View],false,99,2,2,0,2,1,3,4,0,0,1,3,0,0,0,0,0,0,0,0,0,0,0,0,0,0,4,1,0,false
/home/arch_design_predict/download-github-repos/mvp/repos/Random-Quiz-master/app/src/main/java/com/matthewregis/randomquiz/data/local/ILocalRepo.java,com.matthewregis.randomquiz.data.local.ILocalRepo,GetHighScoreForSuddenDeath/0,false,19,1,1,1,0,1,0,1,0,0,0,0,0,0,0,0,0,0,0,0,0,0,0,0,0,0,7,0,0,false
/home/arch_design_predict/download-github-repos/mvp/repos/Random-Quiz-master/app/src/main/java/com/matthewregis/randomquiz/data/local/ILocalRepo.java,com.matthewregis.randomquiz.data.local.ILocalRepo,GetHighScoreForRandom10/0,false,21,1,1,1,0,1,0,1,0,0,0,0,0,0,0,0,0,0,0,0,0,0,0,0,0,0,6,0,0,false
/home/arch_design_predict/download-github-repos/mvp/repos/Random-Quiz-master/app/src/main/java/com/matthewregis/randomquiz/data/local/ILocalRepo.java,com.matthewregis.randomquiz.data.local.ILocalRepo,DeleteAllScore/0,false,17,0,0,0,0,1,0,1,0,0,0,0,0,0,0,0,0,0,0,0,0,0,0,0,0,0,3,0,0,false
/home/arch_design_predict/download-github-repos/mvp/repos/Random-Quiz-master/app/src/main/java/com/matthewregis/randomquiz/data/local/ILocalRepo.java,com.matthewregis.randomquiz.data.local.ILocalRepo,GetRandom10TopScores/0,false,23,1,0,0,0,1,0,1,0,0,0,0,0,0,0,0,0,0,0,0,0,0,0,0,0,0,4,0,0,false
/home/arch_design_predict/download-github-repos/mvp/repos/Random-Quiz-master/app/src/main/java/com/matthewregis/randomquiz/data/local/ILocalRepo.java,com.matthewregis.randomquiz.data.local.ILocalRepo,SaveHighScores/1[com.matthewregis.randomquiz.data.models.ScoreModel],false,13,1,1,1,0,1,0,1,0,0,1,0,0,0,0,0,0,0,0,0,0,0,0,0,0,0,6,0,0,false
/home/arch_design_predict/download-github-repos/mvp/repos/Random-Quiz-master/app/src/main/java/com/matthewregis/randomquiz/data/local/ILocalRepo.java,com.matthewregis.randomquiz.data.local.ILocalRepo,GetSuddenDeathTopScores/0,false,25,1,0,0,0,1,0,1,0,0,0,0,0,0,0,0,0,0,0,0,0,0,0,0,0,0,5,0,0,false
/home/arch_design_predict/download-github-repos/mvp/repos/Random-Quiz-master/app/src/main/java/com/matthewregis/randomquiz/data/local/ILocalRepo.java,com.matthewregis.randomquiz.data.local.ILocalRepo,GetTopScores/0,false,27,1,1,1,0,1,0,1,0,0,0,0,0,0,0,0,0,0,0,0,0,0,0,0,0,0,3,0,0,false
/home/arch_design_predict/download-github-repos/mvp/repos/Random-Quiz-master/app/src/main/java/com/matthewregis/randomquiz/data/local/ILocalRepo.java,com.matthewregis.randomquiz.data.local.ILocalRepo,DeleteScore/1[com.matthewregis.randomquiz.data.models.ScoreModel],false,15,1,0,0,0,1,0,1,0,0,1,0,0,0,0,0,0,0,0,0,0,0,0,0,0,0,4,0,0,false
/home/arch_design_predict/download-github-repos/mvp/repos/Random-Quiz-master/app/src/main/java/com/matthewregis/randomquiz/ui/base/BasePresenter.java,com.matthewregis.randomquiz.ui.base.BasePresenter,isViewAttached/0,false,21,0,0,0,0,2,0,3,1,0,0,0,0,0,0,1,0,0,0,0,0,0,0,0,0,0,6,1,0,false
/home/arch_design_predict/download-github-repos/mvp/repos/Random-Quiz-master/app/src/main/java/com/matthewregis/randomquiz/ui/base/BasePresenter.java,com.matthewregis.randomquiz.ui.base.BasePresenter,attachView/1[T],false,12,1,0,0,0,1,0,3,0,0,1,0,0,0,0,0,0,0,0,0,1,0,0,0,0,0,6,1,0,false
/home/arch_design_predict/download-github-repos/mvp/repos/Random-Quiz-master/app/src/main/java/com/matthewregis/randomquiz/ui/base/BasePresenter.java,com.matthewregis.randomquiz.ui.base.BasePresenter,detachView/0,false,17,0,0,0,0,1,0,3,0,0,0,0,0,0,0,0,0,0,0,0,1,0,0,0,0,0,5,1,0,false
/home/arch_design_predict/download-github-repos/mvp/repos/Random-Quiz-master/app/src/main/java/com/matthewregis/randomquiz/ui/base/BasePresenter.java,com.matthewregis.randomquiz.ui.base.BasePresenter,getMvpView/0,false,25,1,0,0,0,1,0,3,1,0,0,0,0,0,0,0,0,0,0,0,0,0,0,0,0,0,5,1,0,false
/home/arch_design_predict/download-github-repos/mvp/repos/Random-Quiz-master/app/src/main/java/com/matthewregis/randomquiz/ui/base/BasePresenter.java,com.matthewregis.randomquiz.ui.base.BasePresenter,checkViewAttached/0,false,29,2,2,0,2,2,1,3,0,0,0,1,0,0,0,0,0,0,0,0,0,0,1,0,0,0,7,1,0,false
/home/arch_design_predict/download-github-repos/mvp/repos/Random-Quiz-master/app/src/main/java/com/matthewregis/randomquiz/RandomQuizApplication.java,com.matthewregis.randomquiz.RandomQuizApplication,setComponent/1[com.matthewregis.randomquiz.injection.component.ApplicationComponent],false,47,1,0,0,0,1,0,3,0,0,1,0,0,0,0,0,0,0,0,0,1,0,0,0,0,0,5,1,0,false
/home/arch_design_predict/download-github-repos/mvp/repos/Random-Quiz-master/app/src/main/java/com/matthewregis/randomquiz/RandomQuizApplication.java,com.matthewregis.randomquiz.RandomQuizApplication,get/1[com.matthewregis.randomquiz.Context],false,33,2,1,1,0,1,1,3,1,0,1,1,0,0,0,0,0,0,0,0,0,0,0,0,0,0,6,9,0,false
/home/arch_design_predict/download-github-repos/mvp/repos/Random-Quiz-master/app/src/main/java/com/matthewregis/randomquiz/RandomQuizApplication.java,com.matthewregis.randomquiz.RandomQuizApplication,onCreate/0,false,23,2,0,0,0,2,5,9,0,1,0,5,0,0,0,0,0,0,0,0,1,0,1,0,0,0,5,1,0,false
/home/arch_design_predict/download-github-repos/mvp/repos/Random-Quiz-master/app/src/main/java/com/matthewregis/randomquiz/RandomQuizApplication.java,com.matthewregis.randomquiz.RandomQuizApplication,getComponent/0,false,37,2,1,0,1,2,3,6,1,0,0,3,0,0,0,1,0,0,0,0,1,0,1,0,0,0,6,1,0,false
/home/arch_design_predict/download-github-repos/mvp/repos/Random-Quiz-master/app/src/main/java/com/matthewregis/randomquiz/ui/quiz/QuizActivity.java,com.matthewregis.randomquiz.ui.quiz.QuizActivity$Anonymous5,"onClick/2[com.matthewregis.randomquiz.ui.quiz.DialogInterface,int]",false,163,2,2,0,2,1,4,4,0,0,2,4,0,0,0,0,0,0,0,0,0,0,0,0,0,0,5,1,0,false
/home/arch_design_predict/download-github-repos/mvp/repos/Random-Quiz-master/app/src/main/java/com/matthewregis/randomquiz/data/models/QuizModel.java,com.matthewregis.randomquiz.data.models.QuizModel,getResponse_code/0,false,19,0,1,1,0,1,0,3,1,0,0,0,0,0,0,0,0,0,0,0,0,0,0,0,0,0,4,1,0,false
/home/arch_design_predict/download-github-repos/mvp/repos/Random-Quiz-master/app/src/main/java/com/matthewregis/randomquiz/data/models/QuizModel.java,com.matthewregis.randomquiz.data.models.QuizModel,getResults/0,false,27,1,1,1,0,1,0,3,1,0,0,0,0,0,0,0,0,0,0,0,0,0,0,0,0,0,3,1,0,false
/home/arch_design_predict/download-github-repos/mvp/repos/Random-Quiz-master/app/src/main/java/com/matthewregis/randomquiz/data/models/QuizModel.java,com.matthewregis.randomquiz.data.models.QuizModel,setResults/1[java.util.List<com.matthewregis.randomquiz.data.models.ResultsBean>],false,31,1,0,0,0,1,0,3,0,0,1,0,0,0,0,0,0,0,0,0,1,0,0,0,0,0,3,1,0,false
/home/arch_design_predict/download-github-repos/mvp/repos/Random-Quiz-master/app/src/main/java/com/matthewregis/randomquiz/data/models/QuizModel.java,com.matthewregis.randomquiz.data.models.QuizModel,setResponse_code/1[int],false,23,0,0,0,0,1,0,3,0,0,1,0,0,0,0,0,0,0,0,0,1,0,0,0,0,0,4,1,0,false
/home/arch_design_predict/download-github-repos/mvp/repos/Random-Quiz-master/app/src/main/java/com/matthewregis/randomquiz/ui/base/BasePresenter.java,com.matthewregis.randomquiz.ui.base.BasePresenter$MvpViewNotAttachedException,MvpViewNotAttachedException/0,true,34,0,1,1,0,1,0,3,0,0,0,0,0,0,0,0,0,0,2,0,0,1,0,0,0,0,10,1,0,false
/home/arch_design_predict/download-github-repos/mvp/repos/Random-Quiz-master/app/src/androidTest/java/com/matthewregis/randomquiz/ExampleInstrumentedTest.java,com.matthewregis.randomquiz.ExampleInstrumentedTest,useAppContext/0,false,20,2,0,0,0,1,3,4,0,1,0,3,0,0,0,0,0,0,1,0,1,0,0,0,0,0,7,1,0,false
/home/arch_design_predict/download-github-repos/mvp/repos/Random-Quiz-master/app/src/main/java/com/matthewregis/randomquiz/ui/topscores/ITopScoresView.java,com.matthewregis.randomquiz.ui.topscores.ITopScoresView,ShowEmptyView/0,false,18,0,1,1,0,1,0,1,0,0,0,0,0,0,0,0,0,0,0,0,0,0,0,0,0,0,3,0,0,false
/home/arch_design_predict/download-github-repos/mvp/repos/Random-Quiz-master/app/src/main/java/com/matthewregis/randomquiz/ui/topscores/ITopScoresView.java,com.matthewregis.randomquiz.ui.topscores.ITopScoresView,ShowListView/0,false,16,0,1,1,0,1,0,1,0,0,0,0,0,0,0,0,0,0,0,0,0,0,0,0,0,0,3,0,0,false
/home/arch_design_predict/download-github-repos/mvp/repos/Random-Quiz-master/app/src/main/java/com/matthewregis/randomquiz/ui/topscores/ITopScoresView.java,com.matthewregis.randomquiz.ui.topscores.ITopScoresView,SetTopScoresListView/1[java.util.List<com.matthewregis.randomquiz.data.models.ScoreModel>],false,14,1,1,1,0,1,0,1,0,0,1,0,0,0,0,0,0,0,0,0,0,0,0,0,0,0,7,0,0,false
/home/arch_design_predict/download-github-repos/mvp/repos/Random-Quiz-master/app/src/main/java/com/matthewregis/randomquiz/injection/component/ApplicationComponent.java,com.matthewregis.randomquiz.injection.component.ApplicationComponent,context/0,false,24,2,0,0,0,1,0,1,0,0,0,0,0,0,0,0,0,0,0,0,0,0,0,0,0,0,2,0,0,false
/home/arch_design_predict/download-github-repos/mvp/repos/Random-Quiz-master/app/src/main/java/com/matthewregis/randomquiz/injection/component/ApplicationComponent.java,com.matthewregis.randomquiz.injection.component.ApplicationComponent,localReop/0,false,27,1,0,0,0,1,0,1,0,0,0,0,0,0,0,0,0,0,0,0,0,0,0,0,0,0,4,0,0,false
/home/arch_design_predict/download-github-repos/mvp/repos/Random-Quiz-master/app/src/main/java/com/matthewregis/randomquiz/injection/component/ApplicationComponent.java,com.matthewregis.randomquiz.injection.component.ApplicationComponent,application/0,false,26,1,0,0,0,1,0,1,0,0,0,0,0,0,0,0,0,0,0,0,0,0,0,0,0,0,2,0,0,false
/home/arch_design_predict/download-github-repos/mvp/repos/Random-Quiz-master/app/src/main/java/com/matthewregis/randomquiz/injection/component/ApplicationComponent.java,com.matthewregis.randomquiz.injection.component.ApplicationComponent,opentbApi/0,false,28,1,0,0,0,1,0,1,0,0,0,0,0,0,0,0,0,0,0,0,0,0,0,0,0,0,3,0,0,false
/home/arch_design_predict/download-github-repos/mvp/repos/Random-Quiz-master/app/src/test/java/com/matthewregis/randomquiz/ui/quiz/QuizPresenterTests.java,com.matthewregis.randomquiz.ui.quiz.QuizPresenterTests,ShouldCloseQuizOnRandomObjectAnswer/0,false,68,2,1,0,1,1,8,7,0,1,0,8,0,0,0,0,0,0,1,3,1,0,0,0,0,0,12,1,0,false
/home/arch_design_predict/download-github-repos/mvp/repos/Random-Quiz-master/app/src/test/java/com/matthewregis/randomquiz/ui/quiz/QuizPresenterTests.java,com.matthewregis.randomquiz.ui.quiz.QuizPresenterTests,ShouldShowEndOfQuizIfAnsweredWrongOnGameModeSuddenDeath/0,false,134,4,6,0,6,1,10,9,0,1,0,10,0,0,0,0,0,0,1,2,1,0,0,0,0,0,22,1,0,false
/home/arch_design_predict/download-github-repos/mvp/repos/Random-Quiz-master/app/src/test/java/com/matthewregis/randomquiz/ui/quiz/QuizPresenterTests.java,com.matthewregis.randomquiz.ui.quiz.QuizPresenterTests,SetUp/0,false,44,2,2,0,2,1,1,4,0,0,0,1,0,0,0,0,0,0,0,0,1,0,0,0,0,0,8,1,0,false
/home/arch_design_predict/download-github-repos/mvp/repos/Random-Quiz-master/app/src/test/java/com/matthewregis/randomquiz/ui/quiz/QuizPresenterTests.java,com.matthewregis.randomquiz.ui.quiz.QuizPresenterTests,ShouldShowCorrectNotificationOnTrueAnswer/0,false,77,2,1,0,1,1,5,5,0,0,0,5,0,0,0,0,0,0,0,2,0,0,0,0,0,0,10,1,0,false
/home/arch_design_predict/download-github-repos/mvp/repos/Random-Quiz-master/app/src/test/java/com/matthewregis/randomquiz/ui/quiz/QuizPresenterTests.java,com.matthewregis.randomquiz.ui.quiz.QuizPresenterTests,TearDown/0,false,50,2,1,0,1,1,1,3,0,0,0,1,0,0,0,0,0,0,0,0,0,0,0,0,0,0,3,1,0,false
/home/arch_design_predict/download-github-repos/mvp/repos/Random-Quiz-master/app/src/test/java/com/matthewregis/randomquiz/ui/quiz/QuizPresenterTests.java,com.matthewregis.randomquiz.ui.quiz.QuizPresenterTests,ShouldPopUpEndMessageAnswered8CorrectQuestionsOnGameModeRandom10/0,false,106,4,6,0,6,3,10,16,0,2,0,10,0,0,1,0,0,0,2,5,2,1,2,0,0,0,24,1,0,false
/home/arch_design_predict/download-github-repos/mvp/repos/Random-Quiz-master/app/src/test/java/com/matthewregis/randomquiz/ui/quiz/QuizPresenterTests.java,com.matthewregis.randomquiz.ui.quiz.QuizPresenterTests,ShouldDismissLoadingDialogShowErrorMessageCloseQuizOnFailureToGetQuiz/0,false,55,2,1,0,1,1,9,8,0,1,0,9,0,0,0,0,0,0,1,4,1,0,0,0,0,0,18,1,0,false
/home/arch_design_predict/download-github-repos/mvp/repos/Random-Quiz-master/app/src/test/java/com/matthewregis/randomquiz/ui/quiz/QuizPresenterTests.java,com.matthewregis.randomquiz.ui.quiz.QuizPresenterTests,ShouldShowWrongNotificationOnFalseAnswer/0,false,84,2,1,0,1,1,5,5,0,0,0,5,0,0,0,0,0,0,0,2,0,0,0,0,0,0,10,1,0,false
/home/arch_design_predict/download-github-repos/mvp/repos/Random-Quiz-master/app/src/test/java/com/matthewregis/randomquiz/ui/quiz/QuizPresenterTests.java,com.matthewregis.randomquiz.ui.quiz.QuizPresenterTests,ShouldTopScoreMessageAfterAnswered10CorrectQuestionsOnGameModeRandom10/0,false,91,4,6,0,6,2,11,13,0,4,0,11,0,0,1,0,0,2,1,8,4,4,1,0,0,0,24,1,0,false
/home/arch_design_predict/download-github-repos/mvp/repos/Random-Quiz-master/app/src/test/java/com/matthewregis/randomquiz/ui/quiz/QuizPresenterTests.java,com.matthewregis.randomquiz.ui.quiz.QuizPresenterTests,ShouldNotEndQuizIfAnswered10QuestionsOnGameModeRandom10/0,false,124,2,3,0,3,2,6,8,0,1,0,6,0,0,1,0,0,0,0,3,1,0,1,0,0,0,15,1,0,false
/home/arch_design_predict/download-github-repos/mvp/repos/Random-Quiz-master/app/src/main/java/com/matthewregis/randomquiz/ui/quiz/QuizPresenter.java,com.matthewregis.randomquiz.ui.quiz.QuizPresenter,"onGetRandom10QuizOnFailure/3[int,com.matthewregis.randomquiz.ui.quiz.Header[],java.lang.Throwable]",false,112,3,6,2,4,2,7,8,0,0,3,7,0,0,0,0,0,0,1,0,0,0,1,0,0,0,10,1,0,false
/home/arch_design_predict/download-github-repos/mvp/repos/Random-Quiz-master/app/src/main/java/com/matthewregis/randomquiz/ui/quiz/QuizPresenter.java,com.matthewregis.randomquiz.ui.quiz.QuizPresenter,"onGetRandom10QuizOnSuccess/3[int,com.matthewregis.randomquiz.ui.quiz.Header[],com.matthewregis.randomquiz.ui.quiz.JSONObject]",false,98,7,5,1,4,2,7,12,0,2,3,7,2,1,0,0,1,0,1,0,2,0,1,0,0,0,21,1,0,false
/home/arch_design_predict/download-github-repos/mvp/repos/Random-Quiz-master/app/src/main/java/com/matthewregis/randomquiz/ui/quiz/QuizPresenter.java,com.matthewregis.randomquiz.ui.quiz.QuizPresenter,getRandom10Quiz/0,false,71,3,4,2,2,1,3,20,0,0,0,3,0,0,0,0,0,0,0,0,0,0,0,1,0,0,22,1,0,false
/home/arch_design_predict/download-github-repos/mvp/repos/Random-Quiz-master/app/src/main/java/com/matthewregis/randomquiz/ui/quiz/QuizPresenter.java,com.matthewregis.randomquiz.ui.quiz.QuizPresenter,initialize/0,false,64,1,1,1,0,1,0,5,0,0,0,0,0,0,0,0,0,0,0,0,3,0,0,0,0,0,6,2,0,false
/home/arch_design_predict/download-github-repos/mvp/repos/Random-Quiz-master/app/src/main/java/com/matthewregis/randomquiz/ui/quiz/QuizPresenter.java,com.matthewregis.randomquiz.ui.quiz.QuizPresenter,onEndOfQuizMessageOk/0,false,224,2,3,1,2,1,2,3,0,0,0,2,0,0,0,0,0,0,0,0,0,0,0,0,0,0,9,1,0,false
/home/arch_design_predict/download-github-repos/mvp/repos/Random-Quiz-master/app/src/main/java/com/matthewregis/randomquiz/ui/quiz/QuizPresenter.java,com.matthewregis.randomquiz.ui.quiz.QuizPresenter,"QuizPresenter/3[com.matthewregis.randomquiz.ui.quiz.Context,com.matthewregis.randomquiz.data.local.LocalRepo,com.matthewregis.randomquiz.ui.quiz.OpentdbApi]",true,52,6,2,1,1,1,1,6,0,0,3,1,1,1,0,0,0,0,0,0,3,0,0,0,0,0,8,1,0,false
/home/arch_design_predict/download-github-repos/mvp/repos/Random-Quiz-master/app/src/main/java/com/matthewregis/randomquiz/ui/quiz/QuizPresenter.java,com.matthewregis.randomquiz.ui.quiz.QuizPresenter,onAnswerSelection/1[java.lang.Object],false,156,2,14,8,6,3,8,17,0,1,1,8,0,0,0,0,1,0,0,0,1,0,2,0,0,0,13,1,0,false
/home/arch_design_predict/download-github-repos/mvp/repos/Random-Quiz-master/app/src/main/java/com/matthewregis/randomquiz/ui/quiz/QuizPresenter.java,com.matthewregis.randomquiz.ui.quiz.QuizPresenter,onEndOfQuizMessageDismiss/0,false,219,2,3,1,2,1,2,3,0,0,0,2,0,0,0,0,0,0,0,0,0,0,0,0,0,0,9,1,0,false
/home/arch_design_predict/download-github-repos/mvp/repos/Random-Quiz-master/app/src/main/java/com/matthewregis/randomquiz/ui/quiz/QuizPresenter.java,com.matthewregis.randomquiz.ui.quiz.QuizPresenter,"SaveNewTopScore/2[int,java.lang.String]",false,229,3,8,1,7,1,8,8,0,1,2,8,0,0,0,0,0,0,0,0,1,0,0,0,0,0,7,1,0,false
/home/arch_design_predict/download-github-repos/mvp/repos/Random-Quiz-master/app/src/main/java/com/matthewregis/randomquiz/ui/quiz/QuizPresenter.java,com.matthewregis.randomquiz.ui.quiz.QuizPresenter,setUpQuizQuestionQueue/1[com.matthewregis.randomquiz.data.models.QuizModel],false,122,1,3,1,2,3,5,7,0,0,1,5,0,0,1,0,0,0,1,0,0,0,2,0,0,0,10,1,0,false
/home/arch_design_predict/download-github-repos/mvp/repos/Random-Quiz-master/app/src/main/java/com/matthewregis/randomquiz/ui/quiz/QuizPresenter.java,com.matthewregis.randomquiz.ui.quiz.QuizPresenter,setGameMode/1[com.matthewregis.randomquiz.data.models.GameMode],false,173,1,5,5,0,1,0,3,0,0,1,0,0,0,0,0,0,0,0,0,1,0,0,0,0,0,4,1,0,false
/home/arch_design_predict/download-github-repos/mvp/repos/Random-Quiz-master/app/src/main/java/com/matthewregis/randomquiz/ui/quiz/QuizPresenter.java,com.matthewregis.randomquiz.ui.quiz.QuizPresenter,checkEndQuiz/0,false,178,5,13,5,8,11,13,45,0,4,0,13,2,1,1,2,0,1,4,6,4,1,4,0,0,0,31,1,0,false
/home/arch_design_predict/download-github-repos/mvp/repos/Random-Quiz-master/app/src/main/java/com/matthewregis/randomquiz/ui/quiz/QuizPresenter.java,com.matthewregis.randomquiz.ui.quiz.QuizPresenter,attachView/1[com.matthewregis.randomquiz.ui.quiz.IQuizView],false,60,1,2,2,0,1,1,3,0,0,1,1,0,0,0,0,0,0,0,0,0,0,0,0,0,0,5,1,0,false
/home/arch_design_predict/download-github-repos/mvp/repos/Random-Quiz-master/app/src/main/java/com/matthewregis/randomquiz/ui/quiz/QuizPresenter.java,com.matthewregis.randomquiz.ui.quiz.QuizPresenter,loadQuestion/0,false,131,4,8,2,6,3,13,20,1,4,0,13,0,0,1,0,0,1,0,1,4,0,1,0,0,0,19,1,0,false
/home/arch_design_predict/download-github-repos/mvp/repos/Random-Quiz-master/app/src/main/java/com/matthewregis/randomquiz/ui/topscores/TopScoresPresenter.java,com.matthewregis.randomquiz.ui.topscores.TopScoresPresenter,"TopScoresPresenter/2[com.matthewregis.randomquiz.data.local.LocalRepo,com.matthewregis.randomquiz.ui.topscores.Context]",true,26,4,1,1,0,1,0,4,0,0,2,0,0,0,0,0,0,0,0,0,2,0,0,0,0,0,8,1,0,false
/home/arch_design_predict/download-github-repos/mvp/repos/Random-Quiz-master/app/src/main/java/com/matthewregis/randomquiz/ui/topscores/TopScoresPresenter.java,com.matthewregis.randomquiz.ui.topscores.TopScoresPresenter,onCreated/0,false,36,4,8,3,5,2,6,10,0,1,0,6,0,0,0,0,0,0,0,0,1,0,1,0,0,0,8,1,0,false
/home/arch_design_predict/download-github-repos/mvp/repos/Random-Quiz-master/app/src/main/java/com/matthewregis/randomquiz/ui/topscores/TopScoresPresenter.java,com.matthewregis.randomquiz.ui.topscores.TopScoresPresenter,attachView/1[com.matthewregis.randomquiz.ui.topscores.ITopScoresView],false,32,1,2,2,0,1,1,3,0,0,1,1,0,0,0,0,0,0,0,0,0,0,0,0,0,0,6,1,0,false
/home/arch_design_predict/download-github-repos/mvp/repos/Random-Quiz-master/app/src/test/java/com/matthewregis/randomquiz/ExampleUnitTest.java,com.matthewregis.randomquiz.ExampleUnitTest,addition_isCorrect/0,false,14,1,0,0,0,1,1,3,0,0,0,1,0,0,0,0,0,0,0,3,0,1,0,0,0,0,6,1,0,false
/home/arch_design_predict/download-github-repos/mvp/repos/Random-Quiz-master/app/src/main/java/com/matthewregis/randomquiz/ui/main/MainPresenter.java,com.matthewregis.randomquiz.ui.main.MainPresenter,attachView/1[com.matthewregis.randomquiz.ui.main.IMainView],false,24,1,2,2,0,1,1,3,0,0,1,1,0,0,0,0,0,0,0,0,0,0,0,0,0,0,5,1,0,false
/home/arch_design_predict/download-github-repos/mvp/repos/Random-Quiz-master/app/src/main/java/com/matthewregis/randomquiz/ui/main/MainPresenter.java,com.matthewregis.randomquiz.ui.main.MainPresenter,onTopScoresBtnOnClick/0,false,38,2,4,2,2,1,2,3,0,0,0,2,0,0,0,0,0,0,0,0,0,0,0,0,0,0,9,1,0,false
/home/arch_design_predict/download-github-repos/mvp/repos/Random-Quiz-master/app/src/main/java/com/matthewregis/randomquiz/ui/main/MainPresenter.java,com.matthewregis.randomquiz.ui.main.MainPresenter,MainPresenter/1[com.matthewregis.randomquiz.ui.main.Context],true,19,3,1,1,0,1,0,3,0,0,1,0,0,0,0,0,0,0,0,0,1,0,0,0,0,0,4,1,0,false
/home/arch_design_predict/download-github-repos/mvp/repos/Random-Quiz-master/app/src/main/java/com/matthewregis/randomquiz/ui/main/MainPresenter.java,com.matthewregis.randomquiz.ui.main.MainPresenter,onSuddenDeathBtnOnClick/0,false,33,2,4,2,2,1,2,3,0,0,0,2,0,0,0,0,0,0,0,0,0,0,0,0,0,0,9,1,0,false
/home/arch_design_predict/download-github-repos/mvp/repos/Random-Quiz-master/app/src/main/java/com/matthewregis/randomquiz/ui/main/MainPresenter.java,com.matthewregis.randomquiz.ui.main.MainPresenter,onRandom10BtnOnClick/0,false,28,2,4,2,2,1,2,3,0,0,0,2,0,0,0,0,0,0,0,0,0,0,0,0,0,0,8,1,0,false
/home/arch_design_predict/download-github-repos/mvp/repos/Random-Quiz-master/app/src/main/java/com/matthewregis/randomquiz/data/models/ScoreModel.java,com.matthewregis.randomquiz.data.models.ScoreModel,getName/0,false,32,0,1,1,0,1,0,3,1,0,0,0,0,0,0,0,0,0,0,0,0,0,0,0,0,0,2,1,0,false
/home/arch_design_predict/download-github-repos/mvp/repos/Random-Quiz-master/app/src/main/java/com/matthewregis/randomquiz/data/models/ScoreModel.java,com.matthewregis.randomquiz.data.models.ScoreModel,getScore/0,false,24,0,2,2,0,1,0,3,1,0,0,0,0,0,0,0,0,0,0,0,0,0,0,0,0,0,2,1,0,false
/home/arch_design_predict/download-github-repos/mvp/repos/Random-Quiz-master/app/src/main/java/com/matthewregis/randomquiz/data/models/ScoreModel.java,com.matthewregis.randomquiz.data.models.ScoreModel,setId/1[java.lang.String],false,20,0,1,1,0,1,0,3,0,0,1,0,0,0,0,0,0,0,0,0,1,0,0,0,0,0,3,1,0,false
/home/arch_design_predict/download-github-repos/mvp/repos/Random-Quiz-master/app/src/main/java/com/matthewregis/randomquiz/data/models/ScoreModel.java,com.matthewregis.randomquiz.data.models.ScoreModel,setGameMode/1[java.lang.String],false,44,0,1,1,0,1,0,3,0,0,1,0,0,0,0,0,0,0,0,0,1,0,0,0,0,0,4,1,0,false
/home/arch_design_predict/download-github-repos/mvp/repos/Random-Quiz-master/app/src/main/java/com/matthewregis/randomquiz/data/models/ScoreModel.java,com.matthewregis.randomquiz.data.models.ScoreModel,setScore/1[int],false,28,0,6,6,0,1,0,3,0,0,1,0,0,0,0,0,0,0,0,0,1,0,0,0,0,0,3,1,0,false
/home/arch_design_predict/download-github-repos/mvp/repos/Random-Quiz-master/app/src/main/java/com/matthewregis/randomquiz/data/models/ScoreModel.java,com.matthewregis.randomquiz.data.models.ScoreModel,getId/0,false,16,0,1,1,0,1,0,3,1,0,0,0,0,0,0,0,0,0,0,0,0,0,0,0,0,0,2,1,0,false
/home/arch_design_predict/download-github-repos/mvp/repos/Random-Quiz-master/app/src/main/java/com/matthewregis/randomquiz/data/models/ScoreModel.java,com.matthewregis.randomquiz.data.models.ScoreModel,setName/1[java.lang.String],false,36,0,1,1,0,1,0,3,0,0,1,0,0,0,0,0,0,0,0,0,1,0,0,0,0,0,3,1,0,false
/home/arch_design_predict/download-github-repos/mvp/repos/Random-Quiz-master/app/src/main/java/com/matthewregis/randomquiz/data/models/ScoreModel.java,com.matthewregis.randomquiz.data.models.ScoreModel,getGameMode/0,false,40,0,1,1,0,1,0,3,1,0,0,0,0,0,0,0,0,0,0,0,0,0,0,0,0,0,3,1,0,false
/home/arch_design_predict/download-github-repos/mvp/repos/Random-Quiz-master/app/src/main/java/com/matthewregis/randomquiz/ui/quiz/QuizActivity.java,com.matthewregis.randomquiz.ui.quiz.QuizActivity,onCreate/1[com.matthewregis.randomquiz.ui.quiz.Bundle],false,44,5,5,0,5,4,14,23,0,2,1,14,0,0,0,0,1,0,1,0,2,0,3,0,0,0,19,4,0,false
/home/arch_design_predict/download-github-repos/mvp/repos/Random-Quiz-master/app/src/main/java/com/matthewregis/randomquiz/ui/quiz/QuizActivity.java,com.matthewregis.randomquiz.ui.quiz.QuizActivity,SetUpQuestion/1[java.lang.String],false,89,0,0,0,0,1,2,3,0,0,1,2,0,0,0,0,0,0,0,0,0,0,0,0,0,0,4,1,0,false
/home/arch_design_predict/download-github-repos/mvp/repos/Random-Quiz-master/app/src/main/java/com/matthewregis/randomquiz/ui/quiz/QuizActivity.java,com.matthewregis.randomquiz.ui.quiz.QuizActivity,SetUpAnswers/1[java.util.List<com.matthewregis.randomquiz.ui.quiz.Button>],false,94,3,0,0,0,2,8,17,0,1,1,8,0,0,1,0,0,0,0,4,1,0,1,1,0,0,13,1,0,false
/home/arch_design_predict/download-github-repos/mvp/repos/Random-Quiz-master/app/src/main/java/com/matthewregis/randomquiz/ui/quiz/QuizActivity.java,com.matthewregis.randomquiz.ui.quiz.QuizActivity,onDestroy/0,false,71,1,1,0,1,1,2,4,0,0,0,2,0,0,0,0,0,0,0,0,0,0,0,0,0,0,2,4,0,false
/home/arch_design_predict/download-github-repos/mvp/repos/Random-Quiz-master/app/src/main/java/com/matthewregis/randomquiz/ui/quiz/QuizActivity.java,com.matthewregis.randomquiz.ui.quiz.QuizActivity,CloseQuiz/0,false,119,0,0,0,0,1,1,3,0,0,0,1,0,0,0,0,0,0,0,0,0,0,0,0,0,0,3,1,0,false
/home/arch_design_predict/download-github-repos/mvp/repos/Random-Quiz-master/app/src/main/java/com/matthewregis/randomquiz/ui/quiz/QuizActivity.java,com.matthewregis.randomquiz.ui.quiz.QuizActivity,ShowLoading/0,false,77,0,0,0,0,1,1,4,0,0,0,1,0,0,0,0,0,0,0,0,0,0,0,0,0,0,2,1,0,false
/home/arch_design_predict/download-github-repos/mvp/repos/Random-Quiz-master/app/src/main/java/com/matthewregis/randomquiz/ui/quiz/QuizActivity.java,com.matthewregis.randomquiz.ui.quiz.QuizActivity,ShowEndOfQuizMessage/1[java.lang.String],false,124,2,0,0,0,1,5,13,0,0,1,5,0,0,0,0,0,0,1,0,0,0,0,2,0,0,14,1,0,false
/home/arch_design_predict/download-github-repos/mvp/repos/Random-Quiz-master/app/src/main/java/com/matthewregis/randomquiz/ui/quiz/QuizActivity.java,com.matthewregis.randomquiz.ui.quiz.QuizActivity,ClearQuestionAndAnswers/0,false,174,0,0,0,0,1,2,4,0,0,0,2,0,0,0,0,0,0,1,0,0,0,0,0,0,0,7,1,0,false
/home/arch_design_predict/download-github-repos/mvp/repos/Random-Quiz-master/app/src/main/java/com/matthewregis/randomquiz/ui/quiz/QuizActivity.java,com.matthewregis.randomquiz.ui.quiz.QuizActivity,ShowCorrectToast/0,false,180,2,0,0,0,1,4,8,0,2,0,4,0,0,0,0,0,0,0,0,2,0,0,0,0,0,7,1,0,false
/home/arch_design_predict/download-github-repos/mvp/repos/Random-Quiz-master/app/src/main/java/com/matthewregis/randomquiz/ui/quiz/QuizActivity.java,com.matthewregis.randomquiz.ui.quiz.QuizActivity,ShowToastNotification/1[java.lang.String],false,114,0,0,0,0,1,2,3,0,0,1,2,0,0,0,0,0,0,0,0,0,0,0,0,0,0,4,1,0,false
/home/arch_design_predict/download-github-repos/mvp/repos/Random-Quiz-master/app/src/main/java/com/matthewregis/randomquiz/ui/quiz/QuizActivity.java,com.matthewregis.randomquiz.ui.quiz.QuizActivity,ShowWrongToast/0,false,190,2,0,0,0,1,4,8,0,2,0,4,0,0,0,0,0,0,0,0,2,0,0,0,0,0,7,1,0,false
/home/arch_design_predict/download-github-repos/mvp/repos/Random-Quiz-master/app/src/main/java/com/matthewregis/randomquiz/ui/quiz/QuizActivity.java,com.matthewregis.randomquiz.ui.quiz.QuizActivity,DismissLoading/0,false,83,0,0,0,0,1,1,4,0,0,0,1,0,0,0,0,0,0,0,0,0,0,0,0,0,0,2,1,0,false
/home/arch_design_predict/download-github-repos/mvp/repos/Random-Quiz-master/app/src/main/java/com/matthewregis/randomquiz/ui/quiz/QuizActivity.java,com.matthewregis.randomquiz.ui.quiz.QuizActivity,"ShowTopScoreEndOfQuizMessage/2[java.lang.String,int]",false,143,4,0,0,0,1,8,18,0,2,2,8,0,0,0,0,0,0,1,4,2,0,0,2,0,0,20,1,0,false
/home/arch_design_predict/download-github-repos/mvp/repos/Random-Quiz-master/app/src/main/java/com/matthewregis/randomquiz/ui/base/BaseActivity.java,com.matthewregis.randomquiz.ui.base.BaseActivity,onCreate/1[com.matthewregis.randomquiz.ui.base.Bundle],false,33,5,3,0,3,3,13,16,0,1,1,13,0,0,0,1,0,0,3,0,4,0,1,0,0,0,26,4,0,false
/home/arch_design_predict/download-github-repos/mvp/repos/Random-Quiz-master/app/src/main/java/com/matthewregis/randomquiz/ui/base/BaseActivity.java,com.matthewregis.randomquiz.ui.base.BaseActivity,onDestroy/0,false,59,0,0,0,0,2,4,7,0,0,0,4,0,0,0,0,0,0,1,0,0,0,1,0,0,0,12,4,0,false
/home/arch_design_predict/download-github-repos/mvp/repos/Random-Quiz-master/app/src/main/java/com/matthewregis/randomquiz/ui/base/BaseActivity.java,com.matthewregis.randomquiz.ui.base.BaseActivity,activityComponent/0,false,67,1,3,3,0,1,0,3,1,0,0,0,0,0,0,0,0,0,0,0,0,0,0,0,0,0,4,1,0,false
/home/arch_design_predict/download-github-repos/mvp/repos/Random-Quiz-master/app/src/main/java/com/matthewregis/randomquiz/ui/base/BaseActivity.java,com.matthewregis.randomquiz.ui.base.BaseActivity,onSaveInstanceState/1[com.matthewregis.randomquiz.ui.base.Bundle],false,53,1,0,0,0,1,2,4,0,0,1,2,0,0,0,0,0,0,0,0,0,0,0,0,0,0,6,4,0,false
/home/arch_design_predict/download-github-repos/mvp/repos/Random-Quiz-master/app/src/main/java/com/matthewregis/randomquiz/util/HttpAsyncClientFactory.java,com.matthewregis.randomquiz.util.HttpAsyncClientFactory,GetNewInstance/0,false,27,1,0,0,0,1,2,5,1,0,0,2,0,0,0,0,0,0,0,0,1,0,0,0,0,0,7,9,0,false
/home/arch_design_predict/download-github-repos/mvp/repos/Random-Quiz-master/app/src/main/java/com/matthewregis/randomquiz/util/HttpAsyncClientFactory.java,com.matthewregis.randomquiz.util.HttpAsyncClientFactory,GetInstance/0,false,19,1,0,0,0,2,2,7,1,0,0,2,0,0,0,1,0,0,0,0,1,0,1,0,0,0,7,9,0,true
/home/arch_design_predict/download-github-repos/mvp/repos/Random-Quiz-master/app/src/main/java/com/matthewregis/randomquiz/ui/main/IMainView.java,com.matthewregis.randomquiz.ui.main.IMainView,StartRandom10Quiz/0,false,11,0,1,1,0,1,0,1,0,0,0,0,0,0,0,0,0,0,0,0,0,0,0,0,0,0,3,0,0,false
/home/arch_design_predict/download-github-repos/mvp/repos/Random-Quiz-master/app/src/main/java/com/matthewregis/randomquiz/ui/main/IMainView.java,com.matthewregis.randomquiz.ui.main.IMainView,ShowTopScores/0,false,15,0,1,1,0,1,0,1,0,0,0,0,0,0,0,0,0,0,0,0,0,0,0,0,0,0,3,0,0,false
/home/arch_design_predict/download-github-repos/mvp/repos/Random-Quiz-master/app/src/main/java/com/matthewregis/randomquiz/ui/main/IMainView.java,com.matthewregis.randomquiz.ui.main.IMainView,StartSuddenDeathQuiz/0,false,13,0,1,1,0,1,0,1,0,0,0,0,0,0,0,0,0,0,0,0,0,0,0,0,0,0,4,0,0,false
/home/arch_design_predict/download-github-repos/mvp/repos/Random-Quiz-master/app/src/main/java/com/matthewregis/randomquiz/ui/topscores/TopScoresListAdapter.java,com.matthewregis.randomquiz.ui.topscores.TopScoresListAdapter$ViewHolder,ViewHolder/1[com.matthewregis.randomquiz.ui.topscores.View],true,28,4,1,1,0,1,1,6,0,0,1,1,0,0,0,0,0,0,0,0,3,0,0,0,0,0,8,1,0,false
/home/arch_design_predict/download-github-repos/mvp/repos/Random-Quiz-master/app/src/main/java/com/matthewregis/randomquiz/injection/component/ActivityComponent.java,com.matthewregis.randomquiz.injection.component.ActivityComponent,inject/1[com.matthewregis.randomquiz.ui.topscores.TopScoresActivity],false,23,1,1,1,0,1,0,1,0,0,1,0,0,0,0,0,0,0,0,0,0,0,0,0,0,0,5,0,0,false
/home/arch_design_predict/download-github-repos/mvp/repos/Random-Quiz-master/app/src/main/java/com/matthewregis/randomquiz/injection/component/ActivityComponent.java,com.matthewregis.randomquiz.injection.component.ActivityComponent,inject/1[com.matthewregis.randomquiz.ui.quiz.QuizActivity],false,21,1,1,1,0,1,0,1,0,0,1,0,0,0,0,0,0,0,0,0,0,0,0,0,0,0,4,0,0,false
/home/arch_design_predict/download-github-repos/mvp/repos/Random-Quiz-master/app/src/main/java/com/matthewregis/randomquiz/injection/component/ActivityComponent.java,com.matthewregis.randomquiz.injection.component.ActivityComponent,inject/1[com.matthewregis.randomquiz.ui.main.MainActivity],false,19,1,1,1,0,1,0,1,0,0,1,0,0,0,0,0,0,0,0,0,0,0,0,0,0,0,4,0,0,false
/home/arch_design_predict/download-github-repos/mvp/repos/Random-Quiz-master/app/src/main/java/com/matthewregis/randomquiz/injection/component/ConfigPersistentComponent.java,com.matthewregis.randomquiz.injection.component.ConfigPersistentComponent,activityComponent/1[com.matthewregis.randomquiz.injection.module.ActivityModule],false,16,2,1,1,0,1,0,1,0,0,1,0,0,0,0,0,0,0,0,0,0,0,0,0,0,0,4,0,0,false
/home/arch_design_predict/download-github-repos/mvp/repos/Random-Quiz-master/app/src/main/java/com/matthewregis/randomquiz/ui/topscores/TopScoresListAdapter.java,com.matthewregis.randomquiz.ui.topscores.TopScoresListAdapter,onAttachedToRecyclerView/1[com.matthewregis.randomquiz.ui.topscores.RecyclerView],false,72,1,0,0,0,1,1,3,0,0,1,1,0,0,0,0,0,0,0,0,0,0,0,0,0,0,6,1,0,false
/home/arch_design_predict/download-github-repos/mvp/repos/Random-Quiz-master/app/src/main/java/com/matthewregis/randomquiz/ui/topscores/TopScoresListAdapter.java,com.matthewregis.randomquiz.ui.topscores.TopScoresListAdapter,SetTopScoresList/1[java.util.List<com.matthewregis.randomquiz.data.models.ScoreModel>],false,40,1,0,0,0,1,0,3,0,0,1,0,0,0,0,0,0,0,0,0,1,0,0,0,0,0,6,1,0,false
/home/arch_design_predict/download-github-repos/mvp/repos/Random-Quiz-master/app/src/main/java/com/matthewregis/randomquiz/ui/topscores/TopScoresListAdapter.java,com.matthewregis.randomquiz.ui.topscores.TopScoresListAdapter,getItemCount/0,false,67,0,0,0,0,1,1,3,1,0,0,1,0,0,0,0,0,0,0,0,0,0,0,0,0,0,3,1,0,false
/home/arch_design_predict/download-github-repos/mvp/repos/Random-Quiz-master/app/src/main/java/com/matthewregis/randomquiz/ui/topscores/TopScoresListAdapter.java,com.matthewregis.randomquiz.ui.topscores.TopScoresListAdapter,"onBindViewHolder/2[com.matthewregis.randomquiz.ui.topscores.TopScoresListAdapter.ViewHolder,int]",false,54,3,4,0,4,3,10,7,0,2,2,10,0,0,0,0,0,3,1,0,2,0,0,0,0,0,9,1,0,false
/home/arch_design_predict/download-github-repos/mvp/repos/Random-Quiz-master/app/src/main/java/com/matthewregis/randomquiz/ui/topscores/TopScoresListAdapter.java,com.matthewregis.randomquiz.ui.topscores.TopScoresListAdapter,"onCreateViewHolder/2[com.matthewregis.randomquiz.ui.topscores.ViewGroup,int]",false,45,3,1,0,1,1,3,5,1,2,2,3,0,0,0,0,0,0,0,0,2,0,0,0,0,0,9,1,0,false
/home/arch_design_predict/download-github-repos/mvp/repos/Random-Quiz-master/app/src/main/java/com/matthewregis/randomquiz/ui/topscores/TopScoresListAdapter.java,com.matthewregis.randomquiz.ui.topscores.TopScoresListAdapter,TopScoresListAdapter/1[java.util.List<com.matthewregis.randomquiz.data.models.ScoreModel>],true,36,1,1,1,0,1,0,3,0,0,1,0,0,0,0,0,0,0,0,0,1,0,0,0,0,0,6,1,0,false
/home/arch_design_predict/download-github-repos/mvp/repos/Random-Quiz-master/app/src/main/java/com/matthewregis/randomquiz/ui/base/Presenter.java,com.matthewregis.randomquiz.ui.base.Presenter,detachView/0,false,11,0,0,0,0,1,0,1,0,0,0,0,0,0,0,0,0,0,0,0,0,0,0,0,0,0,2,0,0,false
/home/arch_design_predict/download-github-repos/mvp/repos/Random-Quiz-master/app/src/main/java/com/matthewregis/randomquiz/ui/base/Presenter.java,com.matthewregis.randomquiz.ui.base.Presenter,attachView/1[V],false,9,1,0,0,0,1,0,1,0,0,1,0,0,0,0,0,0,0,0,0,0,0,0,0,0,0,4,0,0,false
/home/arch_design_predict/download-github-repos/mvp/repos/Random-Quiz-master/app/src/main/java/com/matthewregis/randomquiz/ui/quiz/QuizPresenter.java,com.matthewregis.randomquiz.ui.quiz.QuizPresenter$Anonymous1,"onFailure/4[int,com.matthewregis.randomquiz.ui.quiz.Header[],java.lang.Throwable,com.matthewregis.randomquiz.ui.quiz.JSONObject]",false,85,3,1,0,1,2,5,7,0,0,4,5,0,0,0,0,0,0,2,0,0,0,1,0,0,0,8,1,0,false
/home/arch_design_predict/download-github-repos/mvp/repos/Random-Quiz-master/app/src/main/java/com/matthewregis/randomquiz/ui/quiz/QuizPresenter.java,com.matthewregis.randomquiz.ui.quiz.QuizPresenter$Anonymous1,"onSuccess/3[int,com.matthewregis.randomquiz.ui.quiz.Header[],com.matthewregis.randomquiz.ui.quiz.JSONObject]",false,76,3,1,0,1,2,5,7,0,0,3,5,0,0,0,0,0,0,2,0,0,0,1,0,0,0,7,1,0,false
/home/arch_design_predict/download-github-repos/mvp/repos/Random-Quiz-master/app/src/test/java/com/matthewregis/randomquiz/ui/topScores/TopScoresPresenterTests.java,com.matthewregis.randomquiz.ui.topScores.TopScoresPresenterTests,ShouldShowEmptyViewIfTopScoreListIsEmpty/0,false,68,4,2,0,2,1,7,6,0,1,0,7,0,0,0,0,0,0,0,1,1,0,0,0,0,0,14,1,0,false
/home/arch_design_predict/download-github-repos/mvp/repos/Random-Quiz-master/app/src/test/java/com/matthewregis/randomquiz/ui/topScores/TopScoresPresenterTests.java,com.matthewregis.randomquiz.ui.topScores.TopScoresPresenterTests,SetUp/0,false,47,2,2,0,2,1,1,4,0,0,0,1,0,0,0,0,0,0,0,0,1,0,0,0,0,0,9,1,0,false
/home/arch_design_predict/download-github-repos/mvp/repos/Random-Quiz-master/app/src/test/java/com/matthewregis/randomquiz/ui/topScores/TopScoresPresenterTests.java,com.matthewregis.randomquiz.ui.topScores.TopScoresPresenterTests,TearDown/0,false,53,2,1,0,1,1,1,3,0,0,0,1,0,0,0,0,0,0,0,0,0,0,0,0,0,0,3,1,0,false
/home/arch_design_predict/download-github-repos/mvp/repos/Random-Quiz-master/app/src/test/java/com/matthewregis/randomquiz/ui/topScores/TopScoresPresenterTests.java,com.matthewregis.randomquiz.ui.topScores.TopScoresPresenterTests,ShouldSetTopScoresOnCreatedIfListNotEmpty/0,false,58,4,3,0,3,1,9,8,0,1,0,9,0,0,0,0,0,0,0,2,1,0,0,0,0,0,17,1,0,false
/home/arch_design_predict/download-github-repos/mvp/repos/Random-Quiz-master/app/src/main/java/com/matthewregis/randomquiz/ui/topscores/TopScoresActivity.java,com.matthewregis.randomquiz.ui.topscores.TopScoresActivity,onDestroy/0,false,43,1,1,0,1,1,2,4,0,0,0,2,0,0,0,0,0,0,0,0,0,0,0,0,0,0,2,4,0,false
/home/arch_design_predict/download-github-repos/mvp/repos/Random-Quiz-master/app/src/main/java/com/matthewregis/randomquiz/ui/topscores/TopScoresActivity.java,com.matthewregis.randomquiz.ui.topscores.TopScoresActivity,onCreate/1[com.matthewregis.randomquiz.ui.topscores.Bundle],false,33,4,4,0,4,1,7,8,0,0,1,7,0,0,0,0,0,0,0,0,0,0,0,0,0,0,11,4,0,false
/home/arch_design_predict/download-github-repos/mvp/repos/Random-Quiz-master/app/src/main/java/com/matthewregis/randomquiz/ui/topscores/TopScoresActivity.java,com.matthewregis.randomquiz.ui.topscores.TopScoresActivity,ShowEmptyView/0,false,62,0,0,0,0,1,1,4,0,0,0,1,0,0,0,0,0,0,0,0,0,0,0,0,0,0,3,1,0,false
/home/arch_design_predict/download-github-repos/mvp/repos/Random-Quiz-master/app/src/main/java/com/matthewregis/randomquiz/ui/topscores/TopScoresActivity.java,com.matthewregis.randomquiz.ui.topscores.TopScoresActivity,SetTopScoresListView/1[java.util.List<com.matthewregis.randomquiz.data.models.ScoreModel>],false,49,3,1,0,1,1,2,5,0,0,1,2,0,0,0,0,0,0,0,0,1,0,0,0,0,0,12,1,0,false
/home/arch_design_predict/download-github-repos/mvp/repos/Random-Quiz-master/app/src/main/java/com/matthewregis/randomquiz/ui/topscores/TopScoresActivity.java,com.matthewregis.randomquiz.ui.topscores.TopScoresActivity,ShowListView/0,false,56,0,0,0,0,1,1,4,0,0,0,1,0,0,0,0,0,0,0,0,0,0,0,0,0,0,3,1,0,false
/home/arch_design_predict/download-github-repos/mvp/repos/Random-Quiz-master/app/src/main/java/com/matthewregis/randomquiz/ui/main/MainActivity.java,com.matthewregis.randomquiz.ui.main.MainActivity,StartSuddenDeathQuiz/0,false,58,2,0,0,0,1,3,5,0,1,0,3,0,0,0,0,0,0,0,0,1,0,0,0,0,0,8,1,0,false
/home/arch_design_predict/download-github-repos/mvp/repos/Random-Quiz-master/app/src/main/java/com/matthewregis/randomquiz/ui/main/MainActivity.java,com.matthewregis.randomquiz.ui.main.MainActivity,BtnSuddenDeath/0,false,42,2,1,0,1,1,1,3,0,0,0,1,0,0,0,0,0,0,0,0,0,0,0,0,0,0,3,0,0,false
/home/arch_design_predict/download-github-repos/mvp/repos/Random-Quiz-master/app/src/main/java/com/matthewregis/randomquiz/ui/main/MainActivity.java,com.matthewregis.randomquiz.ui.main.MainActivity,BtnTopScores/0,false,47,2,1,0,1,1,1,3,0,0,0,1,0,0,0,0,0,0,0,0,0,0,0,0,0,0,3,0,0,false
/home/arch_design_predict/download-github-repos/mvp/repos/Random-Quiz-master/app/src/main/java/com/matthewregis/randomquiz/ui/main/MainActivity.java,com.matthewregis.randomquiz.ui.main.MainActivity,ShowTopScores/0,false,65,2,0,0,0,1,1,4,0,1,0,1,0,0,0,0,0,0,0,0,1,0,0,0,0,0,7,1,0,false
/home/arch_design_predict/download-github-repos/mvp/repos/Random-Quiz-master/app/src/main/java/com/matthewregis/randomquiz/ui/main/MainActivity.java,com.matthewregis.randomquiz.ui.main.MainActivity,BtnRandom10/0,false,37,2,1,0,1,1,1,3,0,0,0,1,0,0,0,0,0,0,0,0,0,0,0,0,0,0,2,0,0,false
/home/arch_design_predict/download-github-repos/mvp/repos/Random-Quiz-master/app/src/main/java/com/matthewregis/randomquiz/ui/main/MainActivity.java,com.matthewregis.randomquiz.ui.main.MainActivity,onDestroy/0,false,31,1,1,0,1,1,2,4,0,0,0,2,0,0,0,0,0,0,0,0,0,0,0,0,0,0,2,4,0,false
/home/arch_design_predict/download-github-repos/mvp/repos/Random-Quiz-master/app/src/main/java/com/matthewregis/randomquiz/ui/main/MainActivity.java,com.matthewregis.randomquiz.ui.main.MainActivity,StartRandom10Quiz/0,false,52,2,0,0,0,1,1,4,0,1,0,1,0,0,0,0,0,0,0,0,1,0,0,0,0,0,7,1,0,false
/home/arch_design_predict/download-github-repos/mvp/repos/Random-Quiz-master/app/src/main/java/com/matthewregis/randomquiz/ui/main/MainActivity.java,com.matthewregis.randomquiz.ui.main.MainActivity,onCreate/1[com.matthewregis.randomquiz.ui.main.Bundle],false,22,4,3,0,3,1,6,7,0,0,1,6,0,0,0,0,0,0,0,0,0,0,0,0,0,0,11,4,0,false
/home/arch_design_predict/download-github-repos/mvp/repos/Random-Quiz-master/app/src/main/java/com/matthewregis/randomquiz/data/local/LocalRepo.java,com.matthewregis.randomquiz.data.local.LocalRepo,GetHighScoreForRandom10/0,false,69,3,5,2,3,2,7,11,2,2,0,7,0,0,0,0,0,0,2,2,2,0,1,0,0,0,9,1,0,false
/home/arch_design_predict/download-github-repos/mvp/repos/Random-Quiz-master/app/src/main/java/com/matthewregis/randomquiz/data/local/LocalRepo.java,com.matthewregis.randomquiz.data.local.LocalRepo,DeleteAllScore/0,false,50,1,0,0,0,1,5,5,0,0,0,5,0,0,0,0,0,0,0,0,0,0,0,0,0,0,3,1,0,false
/home/arch_design_predict/download-github-repos/mvp/repos/Random-Quiz-master/app/src/main/java/com/matthewregis/randomquiz/data/local/LocalRepo.java,com.matthewregis.randomquiz.data.local.LocalRepo,DeleteScore/1[com.matthewregis.randomquiz.data.models.ScoreModel],false,43,1,1,0,1,1,7,5,0,0,1,7,0,0,0,0,0,0,1,0,0,0,0,0,0,0,4,1,0,false
/home/arch_design_predict/download-github-repos/mvp/repos/Random-Quiz-master/app/src/main/java/com/matthewregis/randomquiz/data/local/LocalRepo.java,com.matthewregis.randomquiz.data.local.LocalRepo,GetHighScoreForSuddenDeath/0,false,57,3,4,1,3,2,7,11,2,2,0,7,0,0,0,0,0,0,2,2,2,0,1,0,0,0,10,1,0,false
/home/arch_design_predict/download-github-repos/mvp/repos/Random-Quiz-master/app/src/main/java/com/matthewregis/randomquiz/data/local/LocalRepo.java,com.matthewregis.randomquiz.data.local.LocalRepo,LocalRepo/1[com.matthewregis.randomquiz.data.local.Context],true,31,3,0,0,0,1,1,3,0,0,1,1,0,0,0,0,0,0,0,0,1,0,0,0,0,0,6,1,0,false
/home/arch_design_predict/download-github-repos/mvp/repos/Random-Quiz-master/app/src/main/java/com/matthewregis/randomquiz/data/local/LocalRepo.java,com.matthewregis.randomquiz.data.local.LocalRepo,GetSuddenDeathTopScores/0,false,87,3,1,0,1,1,4,4,1,1,0,4,0,0,0,0,0,0,2,0,1,0,0,0,0,0,8,1,0,false
/home/arch_design_predict/download-github-repos/mvp/repos/Random-Quiz-master/app/src/main/java/com/matthewregis/randomquiz/data/local/LocalRepo.java,com.matthewregis.randomquiz.data.local.LocalRepo,LocalRepo/0,true,26,0,0,0,0,1,1,3,0,0,0,1,0,0,0,0,0,0,0,0,1,0,0,0,0,0,4,1,0,false
/home/arch_design_predict/download-github-repos/mvp/repos/Random-Quiz-master/app/src/main/java/com/matthewregis/randomquiz/data/local/LocalRepo.java,com.matthewregis.randomquiz.data.local.LocalRepo,SaveHighScores/1[com.matthewregis.randomquiz.data.models.ScoreModel],false,36,1,0,0,0,1,3,5,0,1,1,3,0,0,0,0,0,0,0,0,1,0,0,0,0,0,6,1,0,false
/home/arch_design_predict/download-github-repos/mvp/repos/Random-Quiz-master/app/src/main/java/com/matthewregis/randomquiz/data/local/LocalRepo.java,com.matthewregis.randomquiz.data.local.LocalRepo,GetRandom10TopScores/0,false,81,3,1,0,1,1,4,4,1,1,0,4,0,0,0,0,0,0,2,0,1,0,0,0,0,0,7,1,0,false
/home/arch_design_predict/download-github-repos/mvp/repos/Random-Quiz-master/app/src/main/java/com/matthewregis/randomquiz/data/local/LocalRepo.java,com.matthewregis.randomquiz.data.local.LocalRepo,GetTopScores/0,false,93,2,2,2,0,1,2,4,1,1,0,2,0,0,0,0,0,0,1,0,1,0,0,0,0,0,6,1,0,false
