file,class,method,variable,usage
/home/arch_design_predict/download-github-repos/mvp/repos/AndroidFrameworkPattern-master/app/src/main/java/com/hongri/model/mvp/model/base/MVPBaseModel.java,com.hongri.model.mvp.model.base.MVPBaseModel,setParams/1[java.lang.String[]],mParams,1
/home/arch_design_predict/download-github-repos/mvp/repos/AndroidFrameworkPattern-master/app/src/main/java/com/hongri/model/mvp/view/MVPActivity.java,com.hongri.model.mvp.view.MVPActivity,showFailureData/1[java.lang.String],tvData,1
/home/arch_design_predict/download-github-repos/mvp/repos/AndroidFrameworkPattern-master/app/src/main/java/com/hongri/model/mvp/view/MVPActivity.java,com.hongri.model.mvp.view.MVPActivity,onClick/1[com.hongri.model.mvp.view.View],btnName,1
/home/arch_design_predict/download-github-repos/mvp/repos/AndroidFrameworkPattern-master/app/src/main/java/com/hongri/model/mvp/view/MVPActivity.java,com.hongri.model.mvp.view.MVPActivity,onClick/1[com.hongri.model.mvp.view.View],requestUrl,1
/home/arch_design_predict/download-github-repos/mvp/repos/AndroidFrameworkPattern-master/app/src/main/java/com/hongri/model/mvp/view/MVPActivity.java,com.hongri.model.mvp.view.MVPActivity,onClick/1[com.hongri.model.mvp.view.View],mvpPresenter,1
/home/arch_design_predict/download-github-repos/mvp/repos/AndroidFrameworkPattern-master/app/src/main/java/com/hongri/model/mvp/view/MVPActivity.java,com.hongri.model.mvp.view.MVPActivity,onClick/1[com.hongri.model.mvp.view.View],tvData,1
/home/arch_design_predict/download-github-repos/mvp/repos/AndroidFrameworkPattern-master/app/src/main/java/com/hongri/model/mvp/view/MVPActivity.java,com.hongri.model.mvp.view.MVPActivity,onDestroy/0,mvpPresenter,2
/home/arch_design_predict/download-github-repos/mvp/repos/AndroidFrameworkPattern-master/app/src/main/java/com/hongri/model/mvp/view/MVPActivity.java,com.hongri.model.mvp.view.MVPActivity,showSuccessData/1[java.lang.String],tvData,1
/home/arch_design_predict/download-github-repos/mvp/repos/AndroidFrameworkPattern-master/app/src/main/java/com/hongri/model/mvp/view/MVPActivity.java,com.hongri.model.mvp.view.MVPActivity,onCreate/1[com.hongri.model.mvp.view.Bundle],btnName,3
/home/arch_design_predict/download-github-repos/mvp/repos/AndroidFrameworkPattern-master/app/src/main/java/com/hongri/model/mvp/view/MVPActivity.java,com.hongri.model.mvp.view.MVPActivity,onCreate/1[com.hongri.model.mvp.view.Bundle],mvpPresenter,2
/home/arch_design_predict/download-github-repos/mvp/repos/AndroidFrameworkPattern-master/app/src/main/java/com/hongri/model/mvp/view/MVPActivity.java,com.hongri.model.mvp.view.MVPActivity,onCreate/1[com.hongri.model.mvp.view.Bundle],tvData,2
/home/arch_design_predict/download-github-repos/mvp/repos/AndroidFrameworkPattern-master/app/src/main/java/com/hongri/model/mvp/bean/MVPDataInfo.java,com.hongri.model.mvp.bean.MVPDataInfo,setmGender/1[java.lang.String],mGender,3
/home/arch_design_predict/download-github-repos/mvp/repos/AndroidFrameworkPattern-master/app/src/main/java/com/hongri/model/mvp/bean/MVPDataInfo.java,com.hongri.model.mvp.bean.MVPDataInfo,getmGender/0,mGender,1
/home/arch_design_predict/download-github-repos/mvp/repos/AndroidFrameworkPattern-master/app/src/main/java/com/hongri/model/mvp/bean/MVPDataInfo.java,com.hongri.model.mvp.bean.MVPDataInfo,getmName/0,mName,1
/home/arch_design_predict/download-github-repos/mvp/repos/AndroidFrameworkPattern-master/app/src/main/java/com/hongri/model/mvp/bean/MVPDataInfo.java,com.hongri.model.mvp.bean.MVPDataInfo,getmAge/0,mAge,1
/home/arch_design_predict/download-github-repos/mvp/repos/AndroidFrameworkPattern-master/app/src/main/java/com/hongri/model/mvp/bean/MVPDataInfo.java,com.hongri.model.mvp.bean.MVPDataInfo,setmName/1[java.lang.String],mName,3
/home/arch_design_predict/download-github-repos/mvp/repos/AndroidFrameworkPattern-master/app/src/main/java/com/hongri/model/mvp/bean/MVPDataInfo.java,com.hongri.model.mvp.bean.MVPDataInfo,toString/0,mAge,1
/home/arch_design_predict/download-github-repos/mvp/repos/AndroidFrameworkPattern-master/app/src/main/java/com/hongri/model/mvp/bean/MVPDataInfo.java,com.hongri.model.mvp.bean.MVPDataInfo,toString/0,mName,1
/home/arch_design_predict/download-github-repos/mvp/repos/AndroidFrameworkPattern-master/app/src/main/java/com/hongri/model/mvp/bean/MVPDataInfo.java,com.hongri.model.mvp.bean.MVPDataInfo,toString/0,mGender,1
/home/arch_design_predict/download-github-repos/mvp/repos/AndroidFrameworkPattern-master/app/src/main/java/com/hongri/model/mvp/bean/MVPDataInfo.java,com.hongri.model.mvp.bean.MVPDataInfo,setmAge/1[int],mAge,3
/home/arch_design_predict/download-github-repos/mvp/repos/AndroidFrameworkPattern-master/app/src/main/java/com/hongri/model/mvvm/model/MVVMDataModel.java,com.hongri.model.mvvm.model.MVVMDataModel,requestData/1[com.hongri.model.mvvm.viewmodel.MVVMLoadDataCallback],mData,1
/home/arch_design_predict/download-github-repos/mvp/repos/AndroidFrameworkPattern-master/app/src/main/java/com/hongri/model/mvvm/model/MVVMDataModel.java,com.hongri.model.mvvm.model.MVVMDataModel,MVVMDataModel/0,mData,1
/home/arch_design_predict/download-github-repos/mvp/repos/AndroidFrameworkPattern-master/app/src/main/java/com/hongri/model/util/LoadingDialog.java,com.hongri.model.util.LoadingDialog,showLoading/0,mAnimation,1
/home/arch_design_predict/download-github-repos/mvp/repos/AndroidFrameworkPattern-master/app/src/main/java/com/hongri/model/util/LoadingDialog.java,com.hongri.model.util.LoadingDialog,showLoading/0,ivLoading,1
/home/arch_design_predict/download-github-repos/mvp/repos/AndroidFrameworkPattern-master/app/src/main/java/com/hongri/model/util/LoadingDialog.java,com.hongri.model.util.LoadingDialog,"LoadingDialog/2[com.hongri.model.util.Context,int]",mContext,1
/home/arch_design_predict/download-github-repos/mvp/repos/AndroidFrameworkPattern-master/app/src/main/java/com/hongri/model/util/LoadingDialog.java,com.hongri.model.util.LoadingDialog,initView/0,mAnimation,1
/home/arch_design_predict/download-github-repos/mvp/repos/AndroidFrameworkPattern-master/app/src/main/java/com/hongri/model/util/LoadingDialog.java,com.hongri.model.util.LoadingDialog,initView/0,ivLoading,2
/home/arch_design_predict/download-github-repos/mvp/repos/AndroidFrameworkPattern-master/app/src/main/java/com/hongri/model/util/LoadingDialog.java,com.hongri.model.util.LoadingDialog,initView/0,mContext,1
/home/arch_design_predict/download-github-repos/mvp/repos/AndroidFrameworkPattern-master/app/src/main/java/com/hongri/model/mvp/presenter/base/MVPBasePresenter.java,com.hongri.model.mvp.presenter.base.MVPBasePresenter,attachView/1[V],mView,1
/home/arch_design_predict/download-github-repos/mvp/repos/AndroidFrameworkPattern-master/app/src/main/java/com/hongri/model/mvp/presenter/base/MVPBasePresenter.java,com.hongri.model.mvp.presenter.base.MVPBasePresenter,detachView/0,mView,2
/home/arch_design_predict/download-github-repos/mvp/repos/AndroidFrameworkPattern-master/app/src/main/java/com/hongri/model/mvp/presenter/base/MVPBasePresenter.java,com.hongri.model.mvp.presenter.base.MVPBasePresenter,getAttachView/0,mView,1
/home/arch_design_predict/download-github-repos/mvp/repos/AndroidFrameworkPattern-master/app/src/main/java/com/hongri/model/mvp/presenter/base/MVPBasePresenter.java,com.hongri.model.mvp.presenter.base.MVPBasePresenter,isViewAttached/0,mView,1
/home/arch_design_predict/download-github-repos/mvp/repos/AndroidFrameworkPattern-master/app/src/main/java/com/hongri/model/mvc/controller/MVCActivity.java,com.hongri.model.mvc.controller.MVCActivity,onClick/1[com.hongri.model.mvc.controller.View],mvcHttpRequestModel,1
/home/arch_design_predict/download-github-repos/mvp/repos/AndroidFrameworkPattern-master/app/src/main/java/com/hongri/model/mvc/controller/MVCActivity.java,com.hongri.model.mvc.controller.MVCActivity,onClick/1[com.hongri.model.mvc.controller.View],requestUrl,1
/home/arch_design_predict/download-github-repos/mvp/repos/AndroidFrameworkPattern-master/app/src/main/java/com/hongri/model/mvc/controller/MVCActivity.java,com.hongri.model.mvc.controller.MVCActivity,onClick/1[com.hongri.model.mvc.controller.View],btnRequest,1
/home/arch_design_predict/download-github-repos/mvp/repos/AndroidFrameworkPattern-master/app/src/main/java/com/hongri/model/mvc/controller/MVCActivity.java,com.hongri.model.mvc.controller.MVCActivity,onCreate/1[com.hongri.model.mvc.controller.Bundle],mvcHttpRequestModel,1
/home/arch_design_predict/download-github-repos/mvp/repos/AndroidFrameworkPattern-master/app/src/main/java/com/hongri/model/mvc/controller/MVCActivity.java,com.hongri.model.mvc.controller.MVCActivity,onCreate/1[com.hongri.model.mvc.controller.Bundle],btnRequest,3
/home/arch_design_predict/download-github-repos/mvp/repos/AndroidFrameworkPattern-master/app/src/main/java/com/hongri/model/mvc/controller/MVCActivity.java,com.hongri.model.mvc.controller.MVCActivity,onCreate/1[com.hongri.model.mvc.controller.Bundle],iv,2
/home/arch_design_predict/download-github-repos/mvp/repos/AndroidFrameworkPattern-master/app/src/main/java/com/hongri/model/MainActivity.java,com.hongri.model.MainActivity,onClick/1[com.hongri.model.View],btnMVP,1
/home/arch_design_predict/download-github-repos/mvp/repos/AndroidFrameworkPattern-master/app/src/main/java/com/hongri/model/MainActivity.java,com.hongri.model.MainActivity,onClick/1[com.hongri.model.View],btnMVVM,1
/home/arch_design_predict/download-github-repos/mvp/repos/AndroidFrameworkPattern-master/app/src/main/java/com/hongri/model/MainActivity.java,com.hongri.model.MainActivity,onClick/1[com.hongri.model.View],btnMVC,1
/home/arch_design_predict/download-github-repos/mvp/repos/AndroidFrameworkPattern-master/app/src/main/java/com/hongri/model/MainActivity.java,com.hongri.model.MainActivity,onCreate/1[com.hongri.model.Bundle],btnMVP,3
/home/arch_design_predict/download-github-repos/mvp/repos/AndroidFrameworkPattern-master/app/src/main/java/com/hongri/model/MainActivity.java,com.hongri.model.MainActivity,onCreate/1[com.hongri.model.Bundle],btnMVVM,3
/home/arch_design_predict/download-github-repos/mvp/repos/AndroidFrameworkPattern-master/app/src/main/java/com/hongri/model/MainActivity.java,com.hongri.model.MainActivity,onCreate/1[com.hongri.model.Bundle],btnMVC,3
/home/arch_design_predict/download-github-repos/mvp/repos/AndroidFrameworkPattern-master/app/src/main/java/com/hongri/model/mvvm/viewmodel/MVVMDataViewModel.java,com.hongri.model.mvvm.viewmodel.MVVMDataViewModel,MVVMDataViewModel/0,model,1
/home/arch_design_predict/download-github-repos/mvp/repos/AndroidFrameworkPattern-master/app/src/main/java/com/hongri/model/mvvm/viewmodel/MVVMDataViewModel.java,com.hongri.model.mvvm.viewmodel.MVVMDataViewModel,loadUserData/0,model,1
/home/arch_design_predict/download-github-repos/mvp/repos/AndroidFrameworkPattern-master/app/src/main/java/com/hongri/model/mvp/view/base/MVPBaseActivity.java,com.hongri.model.mvp.view.base.MVPBaseActivity,onCreate/1[com.hongri.model.mvp.view.base.Bundle],loadingDialog,1
/home/arch_design_predict/download-github-repos/mvp/repos/AndroidFrameworkPattern-master/app/src/main/java/com/hongri/model/mvp/view/base/MVPBaseActivity.java,com.hongri.model.mvp.view.base.MVPBaseActivity,dismissLoading/0,loadingDialog,2
/home/arch_design_predict/download-github-repos/mvp/repos/AndroidFrameworkPattern-master/app/src/main/java/com/hongri/model/mvp/view/base/MVPBaseActivity.java,com.hongri.model.mvp.view.base.MVPBaseActivity,showLoading/0,loadingDialog,2
/home/arch_design_predict/download-github-repos/mvp/repos/AndroidFrameworkPattern-master/app/src/main/java/com/hongri/model/mvc/model/MVCHttpRequestModel.java,com.hongri.model.mvc.model.MVCHttpRequestModel$RequestTask,RequestTask/1[com.hongri.model.mvc.model.MVCRequestCallback],listener,3
/home/arch_design_predict/download-github-repos/mvp/repos/AndroidFrameworkPattern-master/app/src/main/java/com/hongri/model/mvc/model/MVCHttpRequestModel.java,com.hongri.model.mvc.model.MVCHttpRequestModel$RequestTask,onPostExecute/1[com.hongri.model.mvc.model.Bitmap],listener,2
/home/arch_design_predict/download-github-repos/mvp/repos/AndroidFrameworkPattern-master/app/src/main/java/com/hongri/model/mvvm/view/MVVMActivity.java,com.hongri.model.mvvm.view.MVVMActivity,onClickLoadData/1[com.hongri.model.mvvm.view.View],userViewModel,1
/home/arch_design_predict/download-github-repos/mvp/repos/AndroidFrameworkPattern-master/app/src/main/java/com/hongri/model/mvvm/view/MVVMActivity.java,com.hongri.model.mvvm.view.MVVMActivity,onCreate/1[com.hongri.model.mvvm.view.Bundle],userViewModel,2
/home/arch_design_predict/download-github-repos/mvp/repos/AndroidFrameworkPattern-master/app/src/main/java/com/hongri/model/mvvm/view/MVVMActivity.java,com.hongri.model.mvvm.view.MVVMActivity,onCreate/1[com.hongri.model.mvvm.view.Bundle],tvData,1
/home/arch_design_predict/download-github-repos/mvp/repos/AndroidFrameworkPattern-master/app/src/main/java/com/hongri/model/mvvm/view/MVVMActivity.java,com.hongri.model.mvvm.view.MVVMActivity,onClickShowToastName/1[com.hongri.model.mvvm.view.View],tvData,1
/home/arch_design_predict/download-github-repos/mvp/repos/AndroidFrameworkPattern-master/app/src/main/java/com/hongri/model/mvp/model/MVPDataModelManager.java,com.hongri.model.mvp.model.MVPDataModelManager,newInstance/1[java.lang.String],mvpModel,2
