file,class,method,variable,usage
/home/arch_design_predict/download-github-repos/mvp/repos/AndroidFrameworkPattern-master/app/src/main/java/com/hongri/model/mvp/model/base/MVPBaseModel.java,com.hongri.model.mvp.model.base.MVPBaseModel,setParams/1[java.lang.String[]],args,1
/home/arch_design_predict/download-github-repos/mvp/repos/AndroidFrameworkPattern-master/app/src/main/java/com/hongri/model/mvp/model/base/MVPBaseModel.java,com.hongri.model.mvp.model.base.MVPBaseModel,"executePostRequest/3[java.lang.String,java.util.Map,com.hongri.model.mvp.presenter.MVPLoadDataCallback]",callback,0
/home/arch_design_predict/download-github-repos/mvp/repos/AndroidFrameworkPattern-master/app/src/main/java/com/hongri/model/mvp/model/base/MVPBaseModel.java,com.hongri.model.mvp.model.base.MVPBaseModel,"executePostRequest/3[java.lang.String,java.util.Map,com.hongri.model.mvp.presenter.MVPLoadDataCallback]",params,0
/home/arch_design_predict/download-github-repos/mvp/repos/AndroidFrameworkPattern-master/app/src/main/java/com/hongri/model/mvp/model/base/MVPBaseModel.java,com.hongri.model.mvp.model.base.MVPBaseModel,"executePostRequest/3[java.lang.String,java.util.Map,com.hongri.model.mvp.presenter.MVPLoadDataCallback]",url,0
/home/arch_design_predict/download-github-repos/mvp/repos/AndroidFrameworkPattern-master/app/src/main/java/com/hongri/model/mvp/model/base/MVPBaseModel.java,com.hongri.model.mvp.model.base.MVPBaseModel,"executeGetRequest/2[java.lang.String,com.hongri.model.mvp.presenter.MVPLoadDataCallback]",callback,0
/home/arch_design_predict/download-github-repos/mvp/repos/AndroidFrameworkPattern-master/app/src/main/java/com/hongri/model/mvp/model/base/MVPBaseModel.java,com.hongri.model.mvp.model.base.MVPBaseModel,"executeGetRequest/2[java.lang.String,com.hongri.model.mvp.presenter.MVPLoadDataCallback]",url,0
/home/arch_design_predict/download-github-repos/mvp/repos/AndroidFrameworkPattern-master/app/src/main/java/com/hongri/model/mvc/model/MVCHttpRequestInterface.java,com.hongri.model.mvc.model.MVCHttpRequestInterface,"onHttpRequest/2[java.lang.String,com.hongri.model.mvc.model.MVCRequestCallback]",listener,0
/home/arch_design_predict/download-github-repos/mvp/repos/AndroidFrameworkPattern-master/app/src/main/java/com/hongri/model/mvc/model/MVCHttpRequestInterface.java,com.hongri.model.mvc.model.MVCHttpRequestInterface,"onHttpRequest/2[java.lang.String,com.hongri.model.mvc.model.MVCRequestCallback]",url,0
/home/arch_design_predict/download-github-repos/mvp/repos/AndroidFrameworkPattern-master/app/src/main/java/com/hongri/model/mvp/view/MVPActivity.java,com.hongri.model.mvp.view.MVPActivity,showFailureData/1[java.lang.String],data,1
/home/arch_design_predict/download-github-repos/mvp/repos/AndroidFrameworkPattern-master/app/src/main/java/com/hongri/model/mvp/view/MVPActivity.java,com.hongri.model.mvp.view.MVPActivity,onClick/1[com.hongri.model.mvp.view.View],v,1
/home/arch_design_predict/download-github-repos/mvp/repos/AndroidFrameworkPattern-master/app/src/main/java/com/hongri/model/mvp/view/MVPActivity.java,com.hongri.model.mvp.view.MVPActivity,showSuccessData/1[java.lang.String],data,1
/home/arch_design_predict/download-github-repos/mvp/repos/AndroidFrameworkPattern-master/app/src/main/java/com/hongri/model/mvp/view/MVPActivity.java,com.hongri.model.mvp.view.MVPActivity,showSuccessData/1[java.lang.String],dataInfo,3
/home/arch_design_predict/download-github-repos/mvp/repos/AndroidFrameworkPattern-master/app/src/main/java/com/hongri/model/mvp/view/MVPActivity.java,com.hongri.model.mvp.view.MVPActivity,onCreate/1[com.hongri.model.mvp.view.Bundle],savedInstanceState,1
/home/arch_design_predict/download-github-repos/mvp/repos/AndroidFrameworkPattern-master/app/src/main/java/com/hongri/model/mvp/bean/MVPDataInfo.java,com.hongri.model.mvp.bean.MVPDataInfo,setmGender/1[java.lang.String],mGender,2
/home/arch_design_predict/download-github-repos/mvp/repos/AndroidFrameworkPattern-master/app/src/main/java/com/hongri/model/mvp/bean/MVPDataInfo.java,com.hongri.model.mvp.bean.MVPDataInfo,setmName/1[java.lang.String],mName,2
/home/arch_design_predict/download-github-repos/mvp/repos/AndroidFrameworkPattern-master/app/src/main/java/com/hongri/model/mvp/bean/MVPDataInfo.java,com.hongri.model.mvp.bean.MVPDataInfo,setmAge/1[int],mAge,2
/home/arch_design_predict/download-github-repos/mvp/repos/AndroidFrameworkPattern-master/app/src/main/java/com/hongri/model/mvvm/model/MVVMDataModel.java,com.hongri.model.mvvm.model.MVVMDataModel,requestData/1[com.hongri.model.mvvm.viewmodel.MVVMLoadDataCallback],callback,1
/home/arch_design_predict/download-github-repos/mvp/repos/AndroidFrameworkPattern-master/app/src/main/java/com/hongri/model/mvp/model/MVPDataModel.java,com.hongri.model.mvp.model.MVPDataModel,"executeGetRequest/2[java.lang.String,com.hongri.model.mvp.presenter.MVPLoadDataCallback]",callback,0
/home/arch_design_predict/download-github-repos/mvp/repos/AndroidFrameworkPattern-master/app/src/main/java/com/hongri/model/mvp/model/MVPDataModel.java,com.hongri.model.mvp.model.MVPDataModel,"executeGetRequest/2[java.lang.String,com.hongri.model.mvp.presenter.MVPLoadDataCallback]",url,0
/home/arch_design_predict/download-github-repos/mvp/repos/AndroidFrameworkPattern-master/app/src/main/java/com/hongri/model/util/LoadingDialog.java,com.hongri.model.util.LoadingDialog,"LoadingDialog/2[com.hongri.model.util.Context,int]",context,2
/home/arch_design_predict/download-github-repos/mvp/repos/AndroidFrameworkPattern-master/app/src/main/java/com/hongri/model/util/LoadingDialog.java,com.hongri.model.util.LoadingDialog,"LoadingDialog/2[com.hongri.model.util.Context,int]",themeResId,1
/home/arch_design_predict/download-github-repos/mvp/repos/AndroidFrameworkPattern-master/app/src/main/java/com/hongri/model/mvp/presenter/base/MVPBasePresenter.java,com.hongri.model.mvp.presenter.base.MVPBasePresenter,attachView/1[V],view,1
/home/arch_design_predict/download-github-repos/mvp/repos/AndroidFrameworkPattern-master/app/src/main/java/com/hongri/model/mvc/controller/MVCActivity.java,com.hongri.model.mvc.controller.MVCActivity$Anonymous1,onSuccess/1[java.lang.Object],successData,2
/home/arch_design_predict/download-github-repos/mvp/repos/AndroidFrameworkPattern-master/app/src/main/java/com/hongri/model/mvc/controller/MVCActivity.java,com.hongri.model.mvc.controller.MVCActivity$Anonymous1,onFailure/1[java.lang.Object],failureData,1
/home/arch_design_predict/download-github-repos/mvp/repos/AndroidFrameworkPattern-master/app/src/main/java/com/hongri/model/mvc/controller/MVCActivity.java,com.hongri.model.mvc.controller.MVCActivity,onClick/1[com.hongri.model.mvc.controller.View],v,1
/home/arch_design_predict/download-github-repos/mvp/repos/AndroidFrameworkPattern-master/app/src/main/java/com/hongri/model/mvc/controller/MVCActivity.java,com.hongri.model.mvc.controller.MVCActivity,onCreate/1[com.hongri.model.mvc.controller.Bundle],savedInstanceState,1
/home/arch_design_predict/download-github-repos/mvp/repos/AndroidFrameworkPattern-master/app/src/main/java/com/hongri/model/MainActivity.java,com.hongri.model.MainActivity,onClick/1[com.hongri.model.View],v,1
/home/arch_design_predict/download-github-repos/mvp/repos/AndroidFrameworkPattern-master/app/src/main/java/com/hongri/model/MainActivity.java,com.hongri.model.MainActivity,onClick/1[com.hongri.model.View],intentMVP,1
/home/arch_design_predict/download-github-repos/mvp/repos/AndroidFrameworkPattern-master/app/src/main/java/com/hongri/model/MainActivity.java,com.hongri.model.MainActivity,onClick/1[com.hongri.model.View],intentMVVM,1
/home/arch_design_predict/download-github-repos/mvp/repos/AndroidFrameworkPattern-master/app/src/main/java/com/hongri/model/MainActivity.java,com.hongri.model.MainActivity,onClick/1[com.hongri.model.View],intentMVC,1
/home/arch_design_predict/download-github-repos/mvp/repos/AndroidFrameworkPattern-master/app/src/main/java/com/hongri/model/MainActivity.java,com.hongri.model.MainActivity,onCreate/1[com.hongri.model.Bundle],savedInstanceState,1
/home/arch_design_predict/download-github-repos/mvp/repos/AndroidFrameworkPattern-master/app/src/main/java/com/hongri/model/mvc/model/MVCRequestCallback.java,com.hongri.model.mvc.model.MVCRequestCallback,onFailure/1[T],failureData,0
/home/arch_design_predict/download-github-repos/mvp/repos/AndroidFrameworkPattern-master/app/src/main/java/com/hongri/model/mvc/model/MVCRequestCallback.java,com.hongri.model.mvc.model.MVCRequestCallback,onSuccess/1[T],successData,0
/home/arch_design_predict/download-github-repos/mvp/repos/AndroidFrameworkPattern-master/app/src/main/java/com/hongri/model/mvp/presenter/MVPLoadDataCallback.java,com.hongri.model.mvp.presenter.MVPLoadDataCallback,onSuccess/1[java.lang.String],successData,0
/home/arch_design_predict/download-github-repos/mvp/repos/AndroidFrameworkPattern-master/app/src/main/java/com/hongri/model/mvp/presenter/MVPLoadDataCallback.java,com.hongri.model.mvp.presenter.MVPLoadDataCallback,onFailure/1[java.lang.String],errorData,0
/home/arch_design_predict/download-github-repos/mvp/repos/AndroidFrameworkPattern-master/app/src/main/java/com/hongri/model/mvc/model/MVCHttpRequestModel.java,com.hongri.model.mvc.model.MVCHttpRequestModel,"onHttpRequest/2[java.lang.String,com.hongri.model.mvc.model.MVCRequestCallback]",urlString,1
/home/arch_design_predict/download-github-repos/mvp/repos/AndroidFrameworkPattern-master/app/src/main/java/com/hongri/model/mvc/model/MVCHttpRequestModel.java,com.hongri.model.mvc.model.MVCHttpRequestModel,"onHttpRequest/2[java.lang.String,com.hongri.model.mvc.model.MVCRequestCallback]",listener,1
/home/arch_design_predict/download-github-repos/mvp/repos/AndroidFrameworkPattern-master/app/src/main/java/com/hongri/model/mvp/view/MVPViewInterface.java,com.hongri.model.mvp.view.MVPViewInterface,showSuccessData/1[java.lang.String],data,0
/home/arch_design_predict/download-github-repos/mvp/repos/AndroidFrameworkPattern-master/app/src/main/java/com/hongri/model/mvp/view/MVPViewInterface.java,com.hongri.model.mvp.view.MVPViewInterface,showFailureData/1[java.lang.String],data,0
/home/arch_design_predict/download-github-repos/mvp/repos/AndroidFrameworkPattern-master/app/src/main/java/com/hongri/model/mvp/view/base/MVPBaseActivity.java,com.hongri.model.mvp.view.base.MVPBaseActivity,onCreate/1[com.hongri.model.mvp.view.base.Bundle],savedInstanceState,1
/home/arch_design_predict/download-github-repos/mvp/repos/AndroidFrameworkPattern-master/app/src/main/java/com/hongri/model/mvc/model/MVCHttpRequestModel.java,com.hongri.model.mvc.model.MVCHttpRequestModel$RequestTask,RequestTask/1[com.hongri.model.mvc.model.MVCRequestCallback],listener,2
/home/arch_design_predict/download-github-repos/mvp/repos/AndroidFrameworkPattern-master/app/src/main/java/com/hongri/model/mvc/model/MVCHttpRequestModel.java,com.hongri.model.mvc.model.MVCHttpRequestModel$RequestTask,onPostExecute/1[com.hongri.model.mvc.model.Bitmap],bitmap,3
/home/arch_design_predict/download-github-repos/mvp/repos/AndroidFrameworkPattern-master/app/src/main/java/com/hongri/model/mvc/model/MVCHttpRequestModel.java,com.hongri.model.mvc.model.MVCHttpRequestModel$RequestTask,doInBackground/1[java.lang.String[]],conn,4
/home/arch_design_predict/download-github-repos/mvp/repos/AndroidFrameworkPattern-master/app/src/main/java/com/hongri/model/mvc/model/MVCHttpRequestModel.java,com.hongri.model.mvc.model.MVCHttpRequestModel$RequestTask,doInBackground/1[java.lang.String[]],strings,1
/home/arch_design_predict/download-github-repos/mvp/repos/AndroidFrameworkPattern-master/app/src/main/java/com/hongri/model/mvc/model/MVCHttpRequestModel.java,com.hongri.model.mvc.model.MVCHttpRequestModel$RequestTask,doInBackground/1[java.lang.String[]],e,1
/home/arch_design_predict/download-github-repos/mvp/repos/AndroidFrameworkPattern-master/app/src/main/java/com/hongri/model/mvc/model/MVCHttpRequestModel.java,com.hongri.model.mvc.model.MVCHttpRequestModel$RequestTask,doInBackground/1[java.lang.String[]],bitmap,3
/home/arch_design_predict/download-github-repos/mvp/repos/AndroidFrameworkPattern-master/app/src/main/java/com/hongri/model/mvc/model/MVCHttpRequestModel.java,com.hongri.model.mvc.model.MVCHttpRequestModel$RequestTask,doInBackground/1[java.lang.String[]],inputStream,2
/home/arch_design_predict/download-github-repos/mvp/repos/AndroidFrameworkPattern-master/app/src/main/java/com/hongri/model/mvc/model/MVCHttpRequestModel.java,com.hongri.model.mvc.model.MVCHttpRequestModel$RequestTask,doInBackground/1[java.lang.String[]],url,1
/home/arch_design_predict/download-github-repos/mvp/repos/AndroidFrameworkPattern-master/app/src/main/java/com/hongri/model/mvc/model/MVCHttpRequestModel.java,com.hongri.model.mvc.model.MVCHttpRequestModel$RequestTask,doInBackground/1[java.lang.String[]],responseCode,1
/home/arch_design_predict/download-github-repos/mvp/repos/AndroidFrameworkPattern-master/app/src/main/java/com/hongri/model/mvp/presenter/MVPPresenter.java,com.hongri.model.mvp.presenter.MVPPresenter,onSuccess/1[java.lang.String],successData,1
/home/arch_design_predict/download-github-repos/mvp/repos/AndroidFrameworkPattern-master/app/src/main/java/com/hongri/model/mvp/presenter/MVPPresenter.java,com.hongri.model.mvp.presenter.MVPPresenter,requestData/1[java.lang.String],url,1
/home/arch_design_predict/download-github-repos/mvp/repos/AndroidFrameworkPattern-master/app/src/main/java/com/hongri/model/mvp/presenter/MVPPresenter.java,com.hongri.model.mvp.presenter.MVPPresenter,onFailure/1[java.lang.String],errorData,1
/home/arch_design_predict/download-github-repos/mvp/repos/AndroidFrameworkPattern-master/app/src/main/java/com/hongri/model/mvp/util/ParseJsonUtil.java,com.hongri.model.mvp.util.ParseJsonUtil,parseJSONData/1[java.lang.String],data,1
/home/arch_design_predict/download-github-repos/mvp/repos/AndroidFrameworkPattern-master/app/src/main/java/com/hongri/model/mvp/util/ParseJsonUtil.java,com.hongri.model.mvp.util.ParseJsonUtil,parseJSONData/1[java.lang.String],dataInfo,4
/home/arch_design_predict/download-github-repos/mvp/repos/AndroidFrameworkPattern-master/app/src/main/java/com/hongri/model/mvp/util/ParseJsonUtil.java,com.hongri.model.mvp.util.ParseJsonUtil,parseJSONData/1[java.lang.String],e,1
/home/arch_design_predict/download-github-repos/mvp/repos/AndroidFrameworkPattern-master/app/src/main/java/com/hongri/model/mvp/util/ParseJsonUtil.java,com.hongri.model.mvp.util.ParseJsonUtil,parseJSONData/1[java.lang.String],jsonObject,3
/home/arch_design_predict/download-github-repos/mvp/repos/AndroidFrameworkPattern-master/app/src/main/java/com/hongri/model/mvvm/view/MVVMActivity.java,com.hongri.model.mvvm.view.MVVMActivity,onClickLoadData/1[com.hongri.model.mvvm.view.View],view,0
/home/arch_design_predict/download-github-repos/mvp/repos/AndroidFrameworkPattern-master/app/src/main/java/com/hongri/model/mvvm/view/MVVMActivity.java,com.hongri.model.mvvm.view.MVVMActivity,onCreate/1[com.hongri.model.mvvm.view.Bundle],savedInstanceState,1
/home/arch_design_predict/download-github-repos/mvp/repos/AndroidFrameworkPattern-master/app/src/main/java/com/hongri/model/mvvm/view/MVVMActivity.java,com.hongri.model.mvvm.view.MVVMActivity,onCreate/1[com.hongri.model.mvvm.view.Bundle],binding,3
/home/arch_design_predict/download-github-repos/mvp/repos/AndroidFrameworkPattern-master/app/src/main/java/com/hongri/model/mvvm/view/MVVMActivity.java,com.hongri.model.mvvm.view.MVVMActivity,onClickShowToastName/1[com.hongri.model.mvvm.view.View],view,0
/home/arch_design_predict/download-github-repos/mvp/repos/AndroidFrameworkPattern-master/app/src/main/java/com/hongri/model/mvp/model/MVPDataModelManager.java,com.hongri.model.mvp.model.MVPDataModelManager,newInstance/1[java.lang.String],modelName,1
/home/arch_design_predict/download-github-repos/mvp/repos/AndroidFrameworkPattern-master/app/src/main/java/com/hongri/model/mvp/model/MVPDataModelManager.java,com.hongri.model.mvp.model.MVPDataModelManager,newInstance/1[java.lang.String],e,1
