file,class,type,cbo,cboModified,fanin,fanout,wmc,dit,noc,rfc,lcom,lcom*,tcc,lcc,totalMethodsQty,staticMethodsQty,publicMethodsQty,privateMethodsQty,protectedMethodsQty,defaultMethodsQty,visibleMethodsQty,abstractMethodsQty,finalMethodsQty,synchronizedMethodsQty,totalFieldsQty,staticFieldsQty,publicFieldsQty,privateFieldsQty,protectedFieldsQty,defaultFieldsQty,finalFieldsQty,synchronizedFieldsQty,nosi,loc,returnQty,loopQty,comparisonsQty,tryCatchQty,parenthesizedExpsQty,stringLiteralsQty,numbersQty,assignmentsQty,mathOperationsQty,variablesQty,maxNestedBlocksQty,anonymousClassesQty,innerClassesQty,lambdasQty,uniqueWordsQty,modifiers,logStatementsQty
/home/arch_design_predict/download-github-repos/mvp/repos/GitHubSearch-main/app/src/main/java/com/project/githubsearchrepo/Activity/UserDetailActivity.java,com.project.githubsearchrepo.Activity.UserDetailActivity$Anonymous1,anonymous,5,5,0,5,2,1,0,4,1,0.0,0.0,0.0,2,0,2,0,0,0,2,0,0,0,0,0,0,0,0,0,0,0,0,12,0,0,0,0,0,1,0,3,0,3,0,0,0,0,17,-1,0
/home/arch_design_predict/download-github-repos/mvp/repos/GitHubSearch-main/app/src/main/java/com/project/githubsearchrepo/Activity/UserDetailActivity.java,com.project.githubsearchrepo.Activity.UserDetailActivity$Anonymous2,anonymous,2,2,0,2,4,1,0,8,0,0.0,NaN,NaN,1,0,1,0,0,0,1,0,0,0,0,0,0,0,0,0,0,0,0,13,0,0,2,0,2,0,3,2,3,2,2,0,0,0,12,-1,0
/home/arch_design_predict/download-github-repos/mvp/repos/GitHubSearch-main/app/src/main/java/com/project/githubsearchrepo/Model/User.java,com.project.githubsearchrepo.Model.User,class,0,6,6,0,13,1,0,0,66,0.8461538,0.07692308,0.07692308,13,0,13,0,0,0,13,0,0,0,6,0,0,6,0,0,0,0,0,46,6,0,0,0,0,0,0,6,0,6,0,0,0,0,17,1,0
/home/arch_design_predict/download-github-repos/mvp/repos/GitHubSearch-main/app/src/androidTest/java/com/project/githubsearchrepo/ExampleInstrumentedTest.java,com.project.githubsearchrepo.ExampleInstrumentedTest,class,4,4,0,4,1,1,0,4,0,0.0,NaN,NaN,1,0,1,0,0,0,1,0,0,0,0,0,0,0,0,0,0,0,0,6,0,0,0,0,0,1,0,1,0,1,0,0,0,0,19,1,0
/home/arch_design_predict/download-github-repos/mvp/repos/GitHubSearch-main/app/src/main/java/com/project/githubsearchrepo/Presenter/RepositoryPresenter.java,com.project.githubsearchrepo.Presenter.RepositoryPresenter$Anonymous2,anonymous,2,2,0,2,1,1,0,1,0,0.0,NaN,NaN,1,0,1,0,0,0,1,0,0,0,0,0,0,0,0,0,0,0,0,5,0,0,0,0,0,0,0,0,0,0,0,0,0,0,6,-1,0
/home/arch_design_predict/download-github-repos/mvp/repos/GitHubSearch-main/app/src/main/java/com/project/githubsearchrepo/Presenter/UserPresenter.java,com.project.githubsearchrepo.Presenter.UserPresenter$Anonymous3$Anonymous4,anonymous,0,0,0,0,0,1,0,0,0,0.0,-1.0,-1.0,0,0,0,0,0,0,0,0,0,0,0,0,0,0,0,0,0,0,0,2,0,0,0,0,0,0,0,0,0,0,0,0,0,0,0,-1,0
/home/arch_design_predict/download-github-repos/mvp/repos/GitHubSearch-main/app/src/main/java/com/project/githubsearchrepo/Activity/UserDetailActivity.java,com.project.githubsearchrepo.Activity.UserDetailActivity,class,18,20,2,18,5,2,0,30,0,0.40476188,0.6666667,1.0,3,0,2,0,1,0,3,0,0,0,12,0,0,12,0,0,0,0,3,90,0,0,2,0,0,3,2,22,0,20,1,2,0,0,64,1,0
/home/arch_design_predict/download-github-repos/mvp/repos/GitHubSearch-main/app/src/main/java/com/project/githubsearchrepo/Presenter/RepositoryPresenter.java,com.project.githubsearchrepo.Presenter.RepositoryPresenter,class,6,7,1,6,2,1,0,3,0,0.25,1.0,1.0,2,0,2,0,0,0,2,0,0,0,2,0,0,2,0,0,0,0,0,24,0,0,0,0,0,0,0,3,0,3,0,2,0,0,16,1,0
/home/arch_design_predict/download-github-repos/mvp/repos/GitHubSearch-main/app/src/main/java/com/project/githubsearchrepo/Model/GeneralRepository.java,com.project.githubsearchrepo.Model.GeneralRepository,class,1,3,2,1,5,1,0,0,6,0.6,0.2,0.2,5,0,5,0,0,0,5,0,0,0,2,0,0,2,0,0,0,0,0,18,2,0,0,0,0,0,0,2,0,2,0,0,0,0,9,1,0
/home/arch_design_predict/download-github-repos/mvp/repos/GitHubSearch-main/app/src/main/java/com/project/githubsearchrepo/Presenter/IRepositoryPresenter.java,com.project.githubsearchrepo.Presenter.IRepositoryPresenter,interface,0,2,2,0,1,1,0,0,0,0.0,NaN,NaN,1,0,0,0,0,1,1,0,0,0,0,0,0,0,0,0,0,0,0,3,0,0,0,0,0,0,0,0,0,0,0,0,0,0,7,1,0
/home/arch_design_predict/download-github-repos/mvp/repos/GitHubSearch-main/app/src/main/java/com/project/githubsearchrepo/Activity/RepoDetailActivity.java,com.project.githubsearchrepo.Activity.RepoDetailActivity,class,12,14,2,12,4,2,0,27,0,0.0,1.0,1.0,2,0,1,0,1,0,2,0,0,0,9,0,0,9,0,0,0,0,2,60,1,0,2,0,0,3,1,15,0,14,1,1,0,0,47,1,0
/home/arch_design_predict/download-github-repos/mvp/repos/GitHubSearch-main/app/src/main/java/com/project/githubsearchrepo/Presenter/IGeneralRepositoryPresenter.java,com.project.githubsearchrepo.Presenter.IGeneralRepositoryPresenter,interface,0,4,4,0,1,1,0,0,0,0.0,NaN,NaN,1,0,0,0,0,1,1,0,0,0,0,0,0,0,0,0,0,0,0,3,0,0,0,0,0,0,0,0,0,0,0,0,0,0,8,1,0
/home/arch_design_predict/download-github-repos/mvp/repos/GitHubSearch-main/app/src/main/java/com/project/githubsearchrepo/Activity/MainActivity.java,com.project.githubsearchrepo.Activity.MainActivity,class,18,19,1,18,7,2,0,18,0,0.59615386,0.0,0.0,4,0,1,2,1,0,2,0,0,0,11,0,0,11,0,0,0,0,0,134,0,0,1,0,0,2,2,15,0,14,2,6,0,0,71,1,0
/home/arch_design_predict/download-github-repos/mvp/repos/GitHubSearch-main/app/src/main/java/com/project/githubsearchrepo/View/IGeneralRepositoryView.java,com.project.githubsearchrepo.View.IGeneralRepositoryView,interface,1,4,3,1,1,1,0,0,0,0.0,NaN,NaN,1,0,0,0,0,1,1,0,0,0,0,0,0,0,0,0,0,0,0,3,0,0,0,0,0,0,0,0,0,0,0,0,0,0,8,1,0
/home/arch_design_predict/download-github-repos/mvp/repos/GitHubSearch-main/app/src/main/java/com/project/githubsearchrepo/Activity/MainActivity.java,com.project.githubsearchrepo.Activity.MainActivity$Anonymous3,anonymous,3,3,0,3,1,1,0,3,0,0.0,NaN,NaN,1,0,1,0,0,0,1,0,0,0,0,0,0,0,0,0,0,0,0,6,0,0,0,0,0,2,0,1,0,1,0,0,0,0,9,-1,0
/home/arch_design_predict/download-github-repos/mvp/repos/GitHubSearch-main/app/src/main/java/com/project/githubsearchrepo/Presenter/IUserPresenter.java,com.project.githubsearchrepo.Presenter.IUserPresenter,interface,0,3,3,0,2,1,0,0,1,0.0,0.0,0.0,2,0,0,0,0,2,2,0,0,0,0,0,0,0,0,0,0,0,0,4,0,0,0,0,0,0,0,0,0,0,0,0,0,0,10,1,0
/home/arch_design_predict/download-github-repos/mvp/repos/GitHubSearch-main/app/src/main/java/com/project/githubsearchrepo/View/IRepositoryView.java,com.project.githubsearchrepo.View.IRepositoryView,interface,1,4,3,1,1,1,0,0,0,0.0,NaN,NaN,1,0,0,0,0,1,1,0,0,0,0,0,0,0,0,0,0,0,0,3,0,0,0,0,0,0,0,0,0,0,0,0,0,0,6,1,0
/home/arch_design_predict/download-github-repos/mvp/repos/GitHubSearch-main/app/src/main/java/com/project/githubsearchrepo/Activity/MainActivity.java,com.project.githubsearchrepo.Activity.MainActivity$Anonymous4,anonymous,2,2,0,2,2,1,0,3,0,0.0,NaN,NaN,1,0,1,0,0,0,1,0,0,0,0,0,0,0,0,0,0,0,0,7,0,0,0,0,0,0,1,0,0,0,1,0,0,0,5,-1,0
/home/arch_design_predict/download-github-repos/mvp/repos/GitHubSearch-main/app/src/main/java/com/project/githubsearchrepo/Activity/MainActivity.java,com.project.githubsearchrepo.Activity.MainActivity$Anonymous1,anonymous,7,7,0,7,2,1,0,6,1,0.0,0.0,0.0,2,0,2,0,0,0,2,0,0,0,0,0,0,0,0,0,0,0,0,18,0,0,0,0,1,2,0,6,0,6,0,0,0,0,18,-1,0
/home/arch_design_predict/download-github-repos/mvp/repos/GitHubSearch-main/app/src/main/java/com/project/githubsearchrepo/Activity/MainActivity.java,com.project.githubsearchrepo.Activity.MainActivity$Anonymous2,anonymous,2,2,0,2,3,1,0,3,0,0.0,NaN,NaN,1,0,1,0,0,0,1,0,0,0,0,0,0,0,0,0,0,0,0,9,0,0,0,0,0,0,1,0,0,0,1,0,0,0,12,-1,0
/home/arch_design_predict/download-github-repos/mvp/repos/GitHubSearch-main/app/src/main/java/com/project/githubsearchrepo/Activity/MainActivity.java,com.project.githubsearchrepo.Activity.MainActivity$Anonymous5,anonymous,4,4,0,4,2,1,0,8,0,0.0,NaN,NaN,1,0,1,0,0,0,1,0,0,0,0,0,0,0,0,0,0,0,0,18,2,0,1,0,0,0,3,3,0,0,1,0,0,0,19,-1,0
/home/arch_design_predict/download-github-repos/mvp/repos/GitHubSearch-main/app/src/main/java/com/project/githubsearchrepo/View/IUserView.java,com.project.githubsearchrepo.View.IUserView,interface,2,6,4,2,2,1,0,0,1,0.0,0.0,0.0,2,0,0,0,0,2,2,0,0,0,0,0,0,0,0,0,0,0,0,4,0,0,0,0,0,0,0,0,0,0,0,0,0,0,9,1,0
/home/arch_design_predict/download-github-repos/mvp/repos/GitHubSearch-main/app/src/main/java/com/project/githubsearchrepo/Activity/MainActivity.java,com.project.githubsearchrepo.Activity.MainActivity$Anonymous6,anonymous,1,1,0,1,1,1,0,1,0,0.0,NaN,NaN,1,0,1,0,0,0,1,0,0,0,0,0,0,0,0,0,0,0,0,5,0,0,0,0,0,0,1,0,0,0,0,0,0,0,4,-1,0
/home/arch_design_predict/download-github-repos/mvp/repos/GitHubSearch-main/app/src/main/java/com/project/githubsearchrepo/Adapter/AdapterRepository.java,com.project.githubsearchrepo.Adapter.AdapterRepository,class,11,14,3,11,5,2,0,17,0,0.53333336,0.6666667,1.0,5,0,4,1,0,0,4,0,0,0,3,0,0,3,0,0,0,0,0,55,3,0,0,0,0,0,0,6,0,5,0,2,1,0,23,1,0
/home/arch_design_predict/download-github-repos/mvp/repos/GitHubSearch-main/app/src/main/java/com/project/githubsearchrepo/Adapter/AdapterRepository.java,com.project.githubsearchrepo.Adapter.AdapterRepository$ViewHolder,innerclass,4,4,0,4,1,2,0,1,0,0.0,NaN,NaN,1,0,0,0,0,1,1,0,0,0,4,0,0,0,0,4,0,0,0,13,0,0,0,0,0,0,0,4,0,4,0,0,0,0,11,0,0
/home/arch_design_predict/download-github-repos/mvp/repos/GitHubSearch-main/app/src/main/java/com/project/githubsearchrepo/Activity/RepoDetailActivity.java,com.project.githubsearchrepo.Activity.RepoDetailActivity$Anonymous1,anonymous,4,4,0,4,1,1,0,5,0,0.0,NaN,NaN,1,0,1,0,0,0,1,0,0,0,0,0,0,0,0,0,0,0,0,9,0,0,0,0,0,1,0,2,0,2,0,0,0,0,10,-1,0
/home/arch_design_predict/download-github-repos/mvp/repos/GitHubSearch-main/app/src/main/java/com/project/githubsearchrepo/Listener/RecyclerViewItemClick.java,com.project.githubsearchrepo.Listener.RecyclerViewItemClick,interface,1,6,5,1,2,1,0,0,1,0.0,0.0,0.0,2,0,0,0,0,2,2,0,0,0,0,0,0,0,0,0,0,0,0,4,0,0,0,0,0,0,0,0,0,0,0,0,0,0,10,1,0
/home/arch_design_predict/download-github-repos/mvp/repos/GitHubSearch-main/app/src/main/java/com/project/githubsearchrepo/Adapter/AdapterRepository.java,com.project.githubsearchrepo.Adapter.AdapterRepository$Anonymous1,anonymous,2,2,0,2,2,1,0,2,0,0.0,NaN,NaN,1,0,1,0,0,0,1,0,0,0,0,0,0,0,0,0,0,0,0,6,1,0,1,0,0,0,0,0,0,0,1,0,0,0,7,-1,0
/home/arch_design_predict/download-github-repos/mvp/repos/GitHubSearch-main/app/src/main/java/com/project/githubsearchrepo/Presenter/GeneralRepositoryPresenter.java,com.project.githubsearchrepo.Presenter.GeneralRepositoryPresenter,class,6,7,1,6,2,1,0,5,0,0.16666667,1.0,1.0,2,0,2,0,0,0,2,0,0,0,3,0,0,3,0,0,0,0,1,26,0,0,0,0,0,0,0,4,0,4,0,2,0,0,17,1,0
/home/arch_design_predict/download-github-repos/mvp/repos/GitHubSearch-main/app/src/main/java/com/project/githubsearchrepo/Adapter/AdapterRepository.java,com.project.githubsearchrepo.Adapter.AdapterRepository$Anonymous2,anonymous,2,2,0,2,2,1,0,1,0,0.0,NaN,NaN,1,0,1,0,0,0,1,0,0,0,0,0,0,0,0,0,0,0,0,6,1,0,1,0,0,0,0,0,0,0,1,0,0,0,7,-1,0
/home/arch_design_predict/download-github-repos/mvp/repos/GitHubSearch-main/app/src/main/java/com/project/githubsearchrepo/Presenter/GeneralRepositoryPresenter.java,com.project.githubsearchrepo.Presenter.GeneralRepositoryPresenter$Anonymous1,anonymous,3,3,0,3,1,1,0,2,0,0.0,NaN,NaN,1,0,1,0,0,0,1,0,0,0,0,0,0,0,0,0,0,0,0,7,0,0,0,0,0,0,0,2,0,2,0,0,0,0,8,-1,0
/home/arch_design_predict/download-github-repos/mvp/repos/GitHubSearch-main/app/src/main/java/com/project/githubsearchrepo/Presenter/UserPresenter.java,com.project.githubsearchrepo.Presenter.UserPresenter$Anonymous2,anonymous,2,2,0,2,1,1,0,1,0,0.0,NaN,NaN,1,0,1,0,0,0,1,0,0,0,0,0,0,0,0,0,0,0,0,5,0,0,0,0,0,0,0,0,0,0,0,0,0,0,6,-1,0
/home/arch_design_predict/download-github-repos/mvp/repos/GitHubSearch-main/app/src/main/java/com/project/githubsearchrepo/Presenter/UserPresenter.java,com.project.githubsearchrepo.Presenter.UserPresenter$Anonymous1,anonymous,3,3,0,3,1,1,0,2,0,0.0,NaN,NaN,1,0,1,0,0,0,1,0,0,0,0,0,0,0,0,0,0,0,0,7,0,0,0,0,0,0,0,2,0,2,0,0,0,0,7,-1,0
/home/arch_design_predict/download-github-repos/mvp/repos/GitHubSearch-main/app/src/test/java/com/project/githubsearchrepo/ExampleUnitTest.java,com.project.githubsearchrepo.ExampleUnitTest,class,1,1,0,1,1,1,0,1,0,0.0,NaN,NaN,1,0,1,0,0,0,1,0,0,0,0,0,0,0,0,0,0,0,0,5,0,0,0,0,0,0,3,0,1,0,0,0,0,0,22,1,0
/home/arch_design_predict/download-github-repos/mvp/repos/GitHubSearch-main/app/src/main/java/com/project/githubsearchrepo/Presenter/GeneralRepositoryPresenter.java,com.project.githubsearchrepo.Presenter.GeneralRepositoryPresenter$Anonymous2,anonymous,2,2,0,2,1,1,0,1,0,0.0,NaN,NaN,1,0,1,0,0,0,1,0,0,0,0,0,0,0,0,0,0,0,0,5,0,0,0,0,0,0,0,0,0,0,0,0,0,0,6,-1,0
/home/arch_design_predict/download-github-repos/mvp/repos/GitHubSearch-main/app/src/main/java/com/project/githubsearchrepo/Presenter/UserPresenter.java,com.project.githubsearchrepo.Presenter.UserPresenter$Anonymous3,anonymous,5,5,0,5,1,1,0,3,0,0.0,NaN,NaN,1,0,1,0,0,0,1,0,0,0,0,0,0,0,0,0,0,0,0,10,0,0,0,0,0,0,0,3,0,3,0,1,0,0,8,-1,0
/home/arch_design_predict/download-github-repos/mvp/repos/GitHubSearch-main/app/src/main/java/com/project/githubsearchrepo/Presenter/UserPresenter.java,com.project.githubsearchrepo.Presenter.UserPresenter$Anonymous5,anonymous,2,2,0,2,1,1,0,1,0,0.0,NaN,NaN,1,0,1,0,0,0,1,0,0,0,0,0,0,0,0,0,0,0,0,5,0,0,0,0,0,0,0,0,0,0,0,0,0,0,6,-1,0
/home/arch_design_predict/download-github-repos/mvp/repos/GitHubSearch-main/app/src/main/java/com/project/githubsearchrepo/Listener/EndlessRecyclerViewScrollListener.java,com.project.githubsearchrepo.Listener.EndlessRecyclerViewScrollListener,class,9,11,2,9,19,2,0,6,7,0.6428572,0.46666667,0.6666667,7,0,5,1,1,0,6,1,0,0,6,0,0,6,0,0,0,0,0,67,1,1,2,0,5,0,10,29,3,11,2,0,0,0,44,1025,0
/home/arch_design_predict/download-github-repos/mvp/repos/GitHubSearch-main/app/src/main/java/com/project/githubsearchrepo/Tools/Utils.java,com.project.githubsearchrepo.Tools.Utils,class,3,6,3,3,4,1,0,5,1,1.0,0.0,0.0,2,0,2,0,0,0,2,0,0,0,4,4,4,0,0,0,4,0,0,13,1,0,1,0,0,4,1,5,3,5,0,0,0,0,30,1,0
/home/arch_design_predict/download-github-repos/mvp/repos/GitHubSearch-main/app/src/main/java/com/project/githubsearchrepo/Presenter/UserPresenter.java,com.project.githubsearchrepo.Presenter.UserPresenter,class,6,7,1,6,3,1,0,5,0,0.33333334,1.0,1.0,3,0,3,0,0,0,3,0,0,0,3,0,0,3,0,0,0,0,1,45,0,0,0,0,0,0,0,5,0,5,0,4,0,0,18,1,0
/home/arch_design_predict/download-github-repos/mvp/repos/GitHubSearch-main/app/src/main/java/com/project/githubsearchrepo/Presenter/RepositoryPresenter.java,com.project.githubsearchrepo.Presenter.RepositoryPresenter$Anonymous1,anonymous,3,3,0,3,1,1,0,2,0,0.0,NaN,NaN,1,0,1,0,0,0,1,0,0,0,0,0,0,0,0,0,0,0,0,7,0,0,0,0,0,0,0,2,0,2,0,0,0,0,7,-1,0
/home/arch_design_predict/download-github-repos/mvp/repos/GitHubSearch-main/app/src/main/java/com/project/githubsearchrepo/Model/Repository.java,com.project.githubsearchrepo.Model.Repository,class,1,10,9,1,19,1,0,0,153,0.8947368,0.05263158,0.05263158,19,0,19,0,0,0,19,0,0,0,9,0,0,9,0,0,0,0,0,67,9,0,0,0,0,0,0,9,0,9,0,0,0,0,26,1,0
