file,class,type,cbo,cboModified,fanin,fanout,wmc,dit,noc,rfc,lcom,lcom*,tcc,lcc,totalMethodsQty,staticMethodsQty,publicMethodsQty,privateMethodsQty,protectedMethodsQty,defaultMethodsQty,visibleMethodsQty,abstractMethodsQty,finalMethodsQty,synchronizedMethodsQty,totalFieldsQty,staticFieldsQty,publicFieldsQty,privateFieldsQty,protectedFieldsQty,defaultFieldsQty,finalFieldsQty,synchronizedFieldsQty,nosi,loc,returnQty,loopQty,comparisonsQty,tryCatchQty,parenthesizedExpsQty,stringLiteralsQty,numbersQty,assignmentsQty,mathOperationsQty,variablesQty,maxNestedBlocksQty,anonymousClassesQty,innerClassesQty,lambdasQty,uniqueWordsQty,modifiers,logStatementsQty
/Users/sirojiddinkomolov/Documents/innopolis/research/arch_design_pattern_detection/exps/3rd_revision/coach_repos_r/archi-mvvm/src/main/java/uk/ivanc/archimvvm/model/User.java,uk.ivanc.archimvvm.model.User$Anonymous1,anonymous,2,2,0,2,2,1,0,0,1,0.0,0.0,0.0,2,0,2,0,0,0,2,0,0,0,0,0,0,0,0,0,0,0,0,8,2,0,0,0,0,0,0,0,0,0,0,0,0,0,8,-1,0
/Users/sirojiddinkomolov/Documents/innopolis/research/arch_design_pattern_detection/exps/3rd_revision/coach_repos_r/archi-mvvm/src/test/java/uk/ivanc/archimvvm/ItemRepoViewModelTest.java,uk.ivanc.archimvvm.ItemRepoViewModelTest,class,13,13,0,13,8,1,0,16,0,0.0,1.0,1.0,8,0,8,0,0,0,8,0,0,0,1,0,0,0,0,1,0,0,0,54,0,0,0,0,0,2,4,25,0,20,0,0,0,0,41,1,0
/Users/sirojiddinkomolov/Documents/innopolis/research/arch_design_pattern_detection/exps/3rd_revision/coach_repos_r/archi-mvvm/src/main/java/uk/ivanc/archimvvm/viewmodel/RepositoryViewModel.java,uk.ivanc.archimvvm.viewmodel.RepositoryViewModel$Anonymous1,anonymous,1,1,0,1,3,1,0,4,0,0.0,NaN,NaN,1,0,1,0,0,0,1,0,0,0,0,0,0,0,0,0,0,0,0,11,0,0,0,0,0,1,0,0,1,0,0,0,0,0,5,-1,0
/Users/sirojiddinkomolov/Documents/innopolis/research/arch_design_pattern_detection/exps/3rd_revision/coach_repos_r/archi-mvvm/src/main/java/uk/ivanc/archimvvm/view/MainActivity.java,uk.ivanc.archimvvm.view.MainActivity,class,11,12,1,11,5,2,0,16,2,0.5,0.33333334,0.33333334,5,0,1,2,2,0,3,0,0,0,2,0,0,2,0,0,0,0,0,31,0,0,0,0,0,0,1,5,0,5,0,0,0,0,41,1,0
/Users/sirojiddinkomolov/Documents/innopolis/research/arch_design_pattern_detection/exps/3rd_revision/coach_repos_r/archi-mvvm/src/main/java/uk/ivanc/archimvvm/viewmodel/ViewModel.java,uk.ivanc.archimvvm.viewmodel.ViewModel,interface,0,3,3,0,1,1,0,0,0,0.0,NaN,NaN,1,0,0,0,0,1,1,0,0,0,0,0,0,0,0,0,0,0,0,3,0,0,0,0,0,0,0,0,0,0,0,0,0,0,8,1,0
/Users/sirojiddinkomolov/Documents/innopolis/research/arch_design_pattern_detection/exps/3rd_revision/coach_repos_r/archi-mvvm/src/main/java/uk/ivanc/archimvvm/ArchiApplication.java,uk.ivanc.archimvvm.ArchiApplication,class,6,12,6,6,7,2,0,3,6,0.6,0.2,0.2,5,1,5,0,0,0,5,0,0,0,2,0,0,2,0,0,0,0,1,25,3,0,2,0,0,0,0,4,0,2,1,0,0,0,15,1,0
/Users/sirojiddinkomolov/Documents/innopolis/research/arch_design_pattern_detection/exps/3rd_revision/coach_repos_r/archi-mvvm/src/main/java/uk/ivanc/archimvvm/viewmodel/MainViewModel.java,uk.ivanc.archimvvm.viewmodel.MainViewModel$Anonymous2,anonymous,3,3,0,3,6,1,0,7,3,0.0,0.0,0.0,3,0,3,0,0,0,3,0,0,0,0,0,0,0,0,0,0,0,1,28,0,0,1,0,0,2,0,1,1,0,1,0,0,0,17,-1,0
/Users/sirojiddinkomolov/Documents/innopolis/research/arch_design_pattern_detection/exps/3rd_revision/coach_repos_r/archi-mvvm/src/main/java/uk/ivanc/archimvvm/model/GithubService.java,uk.ivanc.archimvvm.model.GithubService$Factory,innerclass,2,2,0,2,1,1,0,5,0,0.0,NaN,NaN,1,1,1,0,0,0,1,0,0,0,0,0,0,0,0,0,0,0,0,6,1,0,0,0,0,1,0,1,0,1,0,0,0,0,6,0,0
/Users/sirojiddinkomolov/Documents/innopolis/research/arch_design_pattern_detection/exps/3rd_revision/coach_repos_r/archi-mvvm/src/main/java/uk/ivanc/archimvvm/model/User.java,uk.ivanc.archimvvm.model.User,class,5,12,7,5,26,1,0,8,0,0.515625,0.5,0.53571427,8,0,7,0,1,0,8,0,0,0,8,1,8,0,0,0,1,0,0,69,13,0,24,0,9,1,14,16,13,10,1,1,0,0,38,1,0
/Users/sirojiddinkomolov/Documents/innopolis/research/arch_design_pattern_detection/exps/3rd_revision/coach_repos_r/archi-mvvm/src/test/java/uk/ivanc/archimvvm/RepositoryViewModelTest.java,uk.ivanc.archimvvm.RepositoryViewModelTest,class,12,12,0,12,9,1,0,19,0,0.51111114,0.7777778,0.7777778,9,0,9,0,0,0,9,0,0,0,5,0,0,0,0,5,0,0,2,50,0,0,0,0,0,2,1,9,0,5,0,0,0,0,39,1,0
/Users/sirojiddinkomolov/Documents/innopolis/research/arch_design_pattern_detection/exps/3rd_revision/coach_repos_r/archi-mvvm/src/main/java/uk/ivanc/archimvvm/model/Repository.java,uk.ivanc.archimvvm.model.Repository,class,6,22,16,6,32,1,0,17,0,0.5555556,0.5,0.5833333,9,0,8,0,1,0,9,0,0,0,11,1,11,0,0,0,1,0,0,87,17,0,26,0,9,1,22,22,19,13,1,1,0,0,43,1,0
/Users/sirojiddinkomolov/Documents/innopolis/research/arch_design_pattern_detection/exps/3rd_revision/coach_repos_r/archi-mvvm/src/main/java/uk/ivanc/archimvvm/viewmodel/MainViewModel.java,uk.ivanc.archimvvm.viewmodel.MainViewModel$DataListener,interface,1,1,0,1,1,1,0,0,0,0.0,NaN,NaN,1,0,0,0,0,1,1,0,0,0,0,0,0,0,0,0,0,0,0,3,0,0,0,0,0,0,0,0,0,0,0,0,0,0,6,1,0
/Users/sirojiddinkomolov/Documents/innopolis/research/arch_design_pattern_detection/exps/3rd_revision/coach_repos_r/archi-mvvm/src/main/java/uk/ivanc/archimvvm/RepositoryAdapter.java,uk.ivanc.archimvvm.RepositoryAdapter$RepositoryViewHolder,innerclass,4,4,0,4,3,2,0,4,0,0.0,1.0,1.0,2,0,1,0,0,1,2,0,0,0,1,0,0,0,0,1,1,0,0,15,0,0,1,0,0,0,0,1,0,1,1,0,0,0,11,9,0
/Users/sirojiddinkomolov/Documents/innopolis/research/arch_design_pattern_detection/exps/3rd_revision/coach_repos_r/archi-mvvm/src/main/java/uk/ivanc/archimvvm/view/RepositoryActivity.java,uk.ivanc.archimvvm.view.RepositoryActivity,class,9,11,2,9,4,2,0,12,0,0.44444445,0.6666667,1.0,3,1,1,0,2,0,3,0,0,0,3,1,0,3,0,0,1,0,0,27,1,0,1,0,0,1,0,6,0,6,1,0,0,0,40,1,0
/Users/sirojiddinkomolov/Documents/innopolis/research/arch_design_pattern_detection/exps/3rd_revision/coach_repos_r/archi-mvvm/src/main/java/uk/ivanc/archimvvm/viewmodel/ItemRepoViewModel.java,uk.ivanc.archimvvm.viewmodel.ItemRepoViewModel,class,6,8,2,6,9,2,0,4,0,0.2777778,0.33333334,0.41666666,9,0,9,0,0,0,9,0,0,0,2,0,0,2,0,0,0,0,1,32,5,0,0,0,0,0,0,3,0,2,0,0,0,0,30,1,0
/Users/sirojiddinkomolov/Documents/innopolis/research/arch_design_pattern_detection/exps/3rd_revision/coach_repos_r/archi-mvvm/src/main/java/uk/ivanc/archimvvm/model/GithubService.java,uk.ivanc.archimvvm.model.GithubService,interface,6,12,6,6,2,1,0,0,1,0.0,0.0,0.0,2,0,0,0,0,2,2,0,0,0,0,0,0,0,0,0,0,0,0,10,0,0,0,0,0,2,0,0,0,0,0,0,1,0,8,1,0
/Users/sirojiddinkomolov/Documents/innopolis/research/arch_design_pattern_detection/exps/3rd_revision/coach_repos_r/archi-mvvm/src/main/java/uk/ivanc/archimvvm/viewmodel/MainViewModel.java,uk.ivanc.archimvvm.viewmodel.MainViewModel$Anonymous1,anonymous,1,1,0,1,4,1,0,3,3,0.0,0.0,0.0,3,0,3,0,0,0,3,0,0,0,0,0,0,0,0,0,0,0,0,10,0,0,0,0,0,0,1,1,0,0,0,0,0,0,13,-1,0
/Users/sirojiddinkomolov/Documents/innopolis/research/arch_design_pattern_detection/exps/3rd_revision/coach_repos_r/archi-mvvm/src/main/java/uk/ivanc/archimvvm/viewmodel/RepositoryViewModel.java,uk.ivanc.archimvvm.viewmodel.RepositoryViewModel,class,12,15,3,12,16,1,0,20,0,0.8181819,0.2,0.33333334,11,1,10,1,0,0,10,0,0,0,10,1,6,4,0,0,1,0,1,67,7,0,1,0,0,2,0,13,0,12,1,1,0,0,44,1,0
/Users/sirojiddinkomolov/Documents/innopolis/research/arch_design_pattern_detection/exps/3rd_revision/coach_repos_r/archi-mvvm/src/main/java/uk/ivanc/archimvvm/viewmodel/MainViewModel.java,uk.ivanc.archimvvm.viewmodel.MainViewModel,class,17,21,4,17,15,1,0,17,18,0.8068182,0.2,0.2,8,1,6,2,0,0,6,0,0,0,11,1,5,6,0,0,1,0,1,98,4,0,4,0,1,1,2,16,0,14,2,2,1,0,63,1,0
/Users/sirojiddinkomolov/Documents/innopolis/research/arch_design_pattern_detection/exps/3rd_revision/coach_repos_r/archi-mvvm/src/main/java/uk/ivanc/archimvvm/RepositoryAdapter.java,uk.ivanc.archimvvm.RepositoryAdapter,class,6,7,1,6,6,2,0,7,0,0.16666667,0.6666667,0.6666667,6,0,6,0,0,0,6,0,0,0,1,0,0,1,0,0,0,0,1,37,2,0,0,0,0,0,0,4,0,2,0,0,1,0,20,1,0
/Users/sirojiddinkomolov/Documents/innopolis/research/arch_design_pattern_detection/exps/3rd_revision/coach_repos_r/archi-mvvm/src/main/java/uk/ivanc/archimvvm/model/Repository.java,uk.ivanc.archimvvm.model.Repository$Anonymous1,anonymous,2,2,0,2,2,1,0,0,1,0.0,0.0,0.0,2,0,2,0,0,0,2,0,0,0,0,0,0,0,0,0,0,0,0,8,2,0,0,0,0,0,0,0,0,0,0,0,0,0,8,-1,0
/Users/sirojiddinkomolov/Documents/innopolis/research/arch_design_pattern_detection/exps/3rd_revision/coach_repos_r/archi-mvvm/src/test/java/uk/ivanc/archimvvm/util/MockModelFabric.java,uk.ivanc.archimvvm.util.MockModelFabric,class,3,6,3,3,4,1,0,4,3,0.0,0.0,0.0,3,3,3,0,0,0,3,0,0,0,0,0,0,0,0,0,0,0,2,32,3,1,0,0,0,7,6,19,7,6,1,0,0,0,20,1,0
/Users/sirojiddinkomolov/Documents/innopolis/research/arch_design_pattern_detection/exps/3rd_revision/coach_repos_r/archi-mvvm/src/test/java/uk/ivanc/archimvvm/MainViewModelTest.java,uk.ivanc.archimvvm.MainViewModelTest,class,15,15,0,15,4,1,0,23,0,0.0,1.0,1.0,4,0,4,0,0,0,4,0,0,0,4,0,0,0,0,4,0,0,3,51,0,0,0,0,0,3,3,12,0,12,0,0,0,0,40,1,0
