file,class,method,variable,usage
/Users/sirojiddinkomolov/Documents/innopolis/research/arch_design_pattern_detection/exps/3rd_revision/coach_repos_r/archi-mvvm/src/test/java/uk/ivanc/archimvvm/ItemRepoViewModelTest.java,uk.ivanc.archimvvm.ItemRepoViewModelTest,setUp/0,application,1
/Users/sirojiddinkomolov/Documents/innopolis/research/arch_design_pattern_detection/exps/3rd_revision/coach_repos_r/archi-mvvm/src/test/java/uk/ivanc/archimvvm/ItemRepoViewModelTest.java,uk.ivanc.archimvvm.ItemRepoViewModelTest,shouldGetForks/0,application,2
/Users/sirojiddinkomolov/Documents/innopolis/research/arch_design_pattern_detection/exps/3rd_revision/coach_repos_r/archi-mvvm/src/test/java/uk/ivanc/archimvvm/ItemRepoViewModelTest.java,uk.ivanc.archimvvm.ItemRepoViewModelTest,shouldStartActivityOnItemClick/0,application,1
/Users/sirojiddinkomolov/Documents/innopolis/research/arch_design_pattern_detection/exps/3rd_revision/coach_repos_r/archi-mvvm/src/test/java/uk/ivanc/archimvvm/ItemRepoViewModelTest.java,uk.ivanc.archimvvm.ItemRepoViewModelTest,shouldGetName/0,application,1
/Users/sirojiddinkomolov/Documents/innopolis/research/arch_design_pattern_detection/exps/3rd_revision/coach_repos_r/archi-mvvm/src/test/java/uk/ivanc/archimvvm/ItemRepoViewModelTest.java,uk.ivanc.archimvvm.ItemRepoViewModelTest,shouldGetDescription/0,application,1
/Users/sirojiddinkomolov/Documents/innopolis/research/arch_design_pattern_detection/exps/3rd_revision/coach_repos_r/archi-mvvm/src/test/java/uk/ivanc/archimvvm/ItemRepoViewModelTest.java,uk.ivanc.archimvvm.ItemRepoViewModelTest,shouldGetWatchers/0,application,2
/Users/sirojiddinkomolov/Documents/innopolis/research/arch_design_pattern_detection/exps/3rd_revision/coach_repos_r/archi-mvvm/src/test/java/uk/ivanc/archimvvm/ItemRepoViewModelTest.java,uk.ivanc.archimvvm.ItemRepoViewModelTest,shouldNotifyPropertyChangeWhenSetRepository/0,application,1
/Users/sirojiddinkomolov/Documents/innopolis/research/arch_design_pattern_detection/exps/3rd_revision/coach_repos_r/archi-mvvm/src/test/java/uk/ivanc/archimvvm/ItemRepoViewModelTest.java,uk.ivanc.archimvvm.ItemRepoViewModelTest,shouldGetStars/0,application,2
/Users/sirojiddinkomolov/Documents/innopolis/research/arch_design_pattern_detection/exps/3rd_revision/coach_repos_r/archi-mvvm/src/main/java/uk/ivanc/archimvvm/view/MainActivity.java,uk.ivanc.archimvvm.view.MainActivity,onCreate/1[uk.ivanc.archimvvm.view.Bundle],binding,2
/Users/sirojiddinkomolov/Documents/innopolis/research/arch_design_pattern_detection/exps/3rd_revision/coach_repos_r/archi-mvvm/src/main/java/uk/ivanc/archimvvm/view/MainActivity.java,uk.ivanc.archimvvm.view.MainActivity,onCreate/1[uk.ivanc.archimvvm.view.Bundle],mainViewModel,2
/Users/sirojiddinkomolov/Documents/innopolis/research/arch_design_pattern_detection/exps/3rd_revision/coach_repos_r/archi-mvvm/src/main/java/uk/ivanc/archimvvm/view/MainActivity.java,uk.ivanc.archimvvm.view.MainActivity,onDestroy/0,mainViewModel,1
/Users/sirojiddinkomolov/Documents/innopolis/research/arch_design_pattern_detection/exps/3rd_revision/coach_repos_r/archi-mvvm/src/main/java/uk/ivanc/archimvvm/ArchiApplication.java,uk.ivanc.archimvvm.ArchiApplication,defaultSubscribeScheduler/0,defaultSubscribeScheduler,4
/Users/sirojiddinkomolov/Documents/innopolis/research/arch_design_pattern_detection/exps/3rd_revision/coach_repos_r/archi-mvvm/src/main/java/uk/ivanc/archimvvm/ArchiApplication.java,uk.ivanc.archimvvm.ArchiApplication,setGithubService/1[uk.ivanc.archimvvm.model.GithubService],githubService,3
/Users/sirojiddinkomolov/Documents/innopolis/research/arch_design_pattern_detection/exps/3rd_revision/coach_repos_r/archi-mvvm/src/main/java/uk/ivanc/archimvvm/ArchiApplication.java,uk.ivanc.archimvvm.ArchiApplication,getGithubService/0,githubService,3
/Users/sirojiddinkomolov/Documents/innopolis/research/arch_design_pattern_detection/exps/3rd_revision/coach_repos_r/archi-mvvm/src/main/java/uk/ivanc/archimvvm/ArchiApplication.java,uk.ivanc.archimvvm.ArchiApplication,setDefaultSubscribeScheduler/1[uk.ivanc.archimvvm.Scheduler],defaultSubscribeScheduler,1
/Users/sirojiddinkomolov/Documents/innopolis/research/arch_design_pattern_detection/exps/3rd_revision/coach_repos_r/archi-mvvm/src/main/java/uk/ivanc/archimvvm/model/User.java,uk.ivanc.archimvvm.model.User,"writeToParcel/2[uk.ivanc.archimvvm.model.Parcel,int]",avatarUrl,1
/Users/sirojiddinkomolov/Documents/innopolis/research/arch_design_pattern_detection/exps/3rd_revision/coach_repos_r/archi-mvvm/src/main/java/uk/ivanc/archimvvm/model/User.java,uk.ivanc.archimvvm.model.User,"writeToParcel/2[uk.ivanc.archimvvm.model.Parcel,int]",name,1
/Users/sirojiddinkomolov/Documents/innopolis/research/arch_design_pattern_detection/exps/3rd_revision/coach_repos_r/archi-mvvm/src/main/java/uk/ivanc/archimvvm/model/User.java,uk.ivanc.archimvvm.model.User,"writeToParcel/2[uk.ivanc.archimvvm.model.Parcel,int]",location,1
/Users/sirojiddinkomolov/Documents/innopolis/research/arch_design_pattern_detection/exps/3rd_revision/coach_repos_r/archi-mvvm/src/main/java/uk/ivanc/archimvvm/model/User.java,uk.ivanc.archimvvm.model.User,"writeToParcel/2[uk.ivanc.archimvvm.model.Parcel,int]",id,1
/Users/sirojiddinkomolov/Documents/innopolis/research/arch_design_pattern_detection/exps/3rd_revision/coach_repos_r/archi-mvvm/src/main/java/uk/ivanc/archimvvm/model/User.java,uk.ivanc.archimvvm.model.User,"writeToParcel/2[uk.ivanc.archimvvm.model.Parcel,int]",login,1
/Users/sirojiddinkomolov/Documents/innopolis/research/arch_design_pattern_detection/exps/3rd_revision/coach_repos_r/archi-mvvm/src/main/java/uk/ivanc/archimvvm/model/User.java,uk.ivanc.archimvvm.model.User,"writeToParcel/2[uk.ivanc.archimvvm.model.Parcel,int]",url,1
/Users/sirojiddinkomolov/Documents/innopolis/research/arch_design_pattern_detection/exps/3rd_revision/coach_repos_r/archi-mvvm/src/main/java/uk/ivanc/archimvvm/model/User.java,uk.ivanc.archimvvm.model.User,"writeToParcel/2[uk.ivanc.archimvvm.model.Parcel,int]",email,1
/Users/sirojiddinkomolov/Documents/innopolis/research/arch_design_pattern_detection/exps/3rd_revision/coach_repos_r/archi-mvvm/src/main/java/uk/ivanc/archimvvm/model/User.java,uk.ivanc.archimvvm.model.User,User/1[uk.ivanc.archimvvm.model.Parcel],avatarUrl,1
/Users/sirojiddinkomolov/Documents/innopolis/research/arch_design_pattern_detection/exps/3rd_revision/coach_repos_r/archi-mvvm/src/main/java/uk/ivanc/archimvvm/model/User.java,uk.ivanc.archimvvm.model.User,User/1[uk.ivanc.archimvvm.model.Parcel],name,1
/Users/sirojiddinkomolov/Documents/innopolis/research/arch_design_pattern_detection/exps/3rd_revision/coach_repos_r/archi-mvvm/src/main/java/uk/ivanc/archimvvm/model/User.java,uk.ivanc.archimvvm.model.User,User/1[uk.ivanc.archimvvm.model.Parcel],location,1
/Users/sirojiddinkomolov/Documents/innopolis/research/arch_design_pattern_detection/exps/3rd_revision/coach_repos_r/archi-mvvm/src/main/java/uk/ivanc/archimvvm/model/User.java,uk.ivanc.archimvvm.model.User,User/1[uk.ivanc.archimvvm.model.Parcel],id,1
/Users/sirojiddinkomolov/Documents/innopolis/research/arch_design_pattern_detection/exps/3rd_revision/coach_repos_r/archi-mvvm/src/main/java/uk/ivanc/archimvvm/model/User.java,uk.ivanc.archimvvm.model.User,User/1[uk.ivanc.archimvvm.model.Parcel],login,1
/Users/sirojiddinkomolov/Documents/innopolis/research/arch_design_pattern_detection/exps/3rd_revision/coach_repos_r/archi-mvvm/src/main/java/uk/ivanc/archimvvm/model/User.java,uk.ivanc.archimvvm.model.User,User/1[uk.ivanc.archimvvm.model.Parcel],url,1
/Users/sirojiddinkomolov/Documents/innopolis/research/arch_design_pattern_detection/exps/3rd_revision/coach_repos_r/archi-mvvm/src/main/java/uk/ivanc/archimvvm/model/User.java,uk.ivanc.archimvvm.model.User,User/1[uk.ivanc.archimvvm.model.Parcel],email,1
/Users/sirojiddinkomolov/Documents/innopolis/research/arch_design_pattern_detection/exps/3rd_revision/coach_repos_r/archi-mvvm/src/main/java/uk/ivanc/archimvvm/model/User.java,uk.ivanc.archimvvm.model.User,hasEmail/0,email,2
/Users/sirojiddinkomolov/Documents/innopolis/research/arch_design_pattern_detection/exps/3rd_revision/coach_repos_r/archi-mvvm/src/main/java/uk/ivanc/archimvvm/model/User.java,uk.ivanc.archimvvm.model.User,hashCode/0,avatarUrl,2
/Users/sirojiddinkomolov/Documents/innopolis/research/arch_design_pattern_detection/exps/3rd_revision/coach_repos_r/archi-mvvm/src/main/java/uk/ivanc/archimvvm/model/User.java,uk.ivanc.archimvvm.model.User,hashCode/0,name,2
/Users/sirojiddinkomolov/Documents/innopolis/research/arch_design_pattern_detection/exps/3rd_revision/coach_repos_r/archi-mvvm/src/main/java/uk/ivanc/archimvvm/model/User.java,uk.ivanc.archimvvm.model.User,hashCode/0,location,2
/Users/sirojiddinkomolov/Documents/innopolis/research/arch_design_pattern_detection/exps/3rd_revision/coach_repos_r/archi-mvvm/src/main/java/uk/ivanc/archimvvm/model/User.java,uk.ivanc.archimvvm.model.User,hashCode/0,id,2
/Users/sirojiddinkomolov/Documents/innopolis/research/arch_design_pattern_detection/exps/3rd_revision/coach_repos_r/archi-mvvm/src/main/java/uk/ivanc/archimvvm/model/User.java,uk.ivanc.archimvvm.model.User,hashCode/0,login,2
/Users/sirojiddinkomolov/Documents/innopolis/research/arch_design_pattern_detection/exps/3rd_revision/coach_repos_r/archi-mvvm/src/main/java/uk/ivanc/archimvvm/model/User.java,uk.ivanc.archimvvm.model.User,hashCode/0,url,2
/Users/sirojiddinkomolov/Documents/innopolis/research/arch_design_pattern_detection/exps/3rd_revision/coach_repos_r/archi-mvvm/src/main/java/uk/ivanc/archimvvm/model/User.java,uk.ivanc.archimvvm.model.User,hashCode/0,email,2
/Users/sirojiddinkomolov/Documents/innopolis/research/arch_design_pattern_detection/exps/3rd_revision/coach_repos_r/archi-mvvm/src/main/java/uk/ivanc/archimvvm/model/User.java,uk.ivanc.archimvvm.model.User,equals/1[java.lang.Object],avatarUrl,2
/Users/sirojiddinkomolov/Documents/innopolis/research/arch_design_pattern_detection/exps/3rd_revision/coach_repos_r/archi-mvvm/src/main/java/uk/ivanc/archimvvm/model/User.java,uk.ivanc.archimvvm.model.User,equals/1[java.lang.Object],name,2
/Users/sirojiddinkomolov/Documents/innopolis/research/arch_design_pattern_detection/exps/3rd_revision/coach_repos_r/archi-mvvm/src/main/java/uk/ivanc/archimvvm/model/User.java,uk.ivanc.archimvvm.model.User,equals/1[java.lang.Object],location,2
/Users/sirojiddinkomolov/Documents/innopolis/research/arch_design_pattern_detection/exps/3rd_revision/coach_repos_r/archi-mvvm/src/main/java/uk/ivanc/archimvvm/model/User.java,uk.ivanc.archimvvm.model.User,equals/1[java.lang.Object],id,1
/Users/sirojiddinkomolov/Documents/innopolis/research/arch_design_pattern_detection/exps/3rd_revision/coach_repos_r/archi-mvvm/src/main/java/uk/ivanc/archimvvm/model/User.java,uk.ivanc.archimvvm.model.User,equals/1[java.lang.Object],login,2
/Users/sirojiddinkomolov/Documents/innopolis/research/arch_design_pattern_detection/exps/3rd_revision/coach_repos_r/archi-mvvm/src/main/java/uk/ivanc/archimvvm/model/User.java,uk.ivanc.archimvvm.model.User,equals/1[java.lang.Object],url,2
/Users/sirojiddinkomolov/Documents/innopolis/research/arch_design_pattern_detection/exps/3rd_revision/coach_repos_r/archi-mvvm/src/main/java/uk/ivanc/archimvvm/model/User.java,uk.ivanc.archimvvm.model.User,equals/1[java.lang.Object],email,2
/Users/sirojiddinkomolov/Documents/innopolis/research/arch_design_pattern_detection/exps/3rd_revision/coach_repos_r/archi-mvvm/src/main/java/uk/ivanc/archimvvm/model/User.java,uk.ivanc.archimvvm.model.User,hasLocation/0,location,2
/Users/sirojiddinkomolov/Documents/innopolis/research/arch_design_pattern_detection/exps/3rd_revision/coach_repos_r/archi-mvvm/src/test/java/uk/ivanc/archimvvm/RepositoryViewModelTest.java,uk.ivanc.archimvvm.RepositoryViewModelTest,shouldGetLanguage/0,application,1
/Users/sirojiddinkomolov/Documents/innopolis/research/arch_design_pattern_detection/exps/3rd_revision/coach_repos_r/archi-mvvm/src/test/java/uk/ivanc/archimvvm/RepositoryViewModelTest.java,uk.ivanc.archimvvm.RepositoryViewModelTest,shouldGetLanguage/0,viewModel,1
/Users/sirojiddinkomolov/Documents/innopolis/research/arch_design_pattern_detection/exps/3rd_revision/coach_repos_r/archi-mvvm/src/test/java/uk/ivanc/archimvvm/RepositoryViewModelTest.java,uk.ivanc.archimvvm.RepositoryViewModelTest,shouldReturnForkVisibilityVisible/0,viewModel,1
/Users/sirojiddinkomolov/Documents/innopolis/research/arch_design_pattern_detection/exps/3rd_revision/coach_repos_r/archi-mvvm/src/test/java/uk/ivanc/archimvvm/RepositoryViewModelTest.java,uk.ivanc.archimvvm.RepositoryViewModelTest,shouldGetDescription/0,viewModel,1
/Users/sirojiddinkomolov/Documents/innopolis/research/arch_design_pattern_detection/exps/3rd_revision/coach_repos_r/archi-mvvm/src/test/java/uk/ivanc/archimvvm/RepositoryViewModelTest.java,uk.ivanc.archimvvm.RepositoryViewModelTest,shouldReturnHomepageVisibilityGone/0,viewModel,1
/Users/sirojiddinkomolov/Documents/innopolis/research/arch_design_pattern_detection/exps/3rd_revision/coach_repos_r/archi-mvvm/src/test/java/uk/ivanc/archimvvm/RepositoryViewModelTest.java,uk.ivanc.archimvvm.RepositoryViewModelTest,setUp/0,owner,2
/Users/sirojiddinkomolov/Documents/innopolis/research/arch_design_pattern_detection/exps/3rd_revision/coach_repos_r/archi-mvvm/src/test/java/uk/ivanc/archimvvm/RepositoryViewModelTest.java,uk.ivanc.archimvvm.RepositoryViewModelTest,setUp/0,githubService,3
/Users/sirojiddinkomolov/Documents/innopolis/research/arch_design_pattern_detection/exps/3rd_revision/coach_repos_r/archi-mvvm/src/test/java/uk/ivanc/archimvvm/RepositoryViewModelTest.java,uk.ivanc.archimvvm.RepositoryViewModelTest,setUp/0,application,4
/Users/sirojiddinkomolov/Documents/innopolis/research/arch_design_pattern_detection/exps/3rd_revision/coach_repos_r/archi-mvvm/src/test/java/uk/ivanc/archimvvm/RepositoryViewModelTest.java,uk.ivanc.archimvvm.RepositoryViewModelTest,setUp/0,viewModel,1
/Users/sirojiddinkomolov/Documents/innopolis/research/arch_design_pattern_detection/exps/3rd_revision/coach_repos_r/archi-mvvm/src/test/java/uk/ivanc/archimvvm/RepositoryViewModelTest.java,uk.ivanc.archimvvm.RepositoryViewModelTest,setUp/0,repository,2
/Users/sirojiddinkomolov/Documents/innopolis/research/arch_design_pattern_detection/exps/3rd_revision/coach_repos_r/archi-mvvm/src/test/java/uk/ivanc/archimvvm/RepositoryViewModelTest.java,uk.ivanc.archimvvm.RepositoryViewModelTest,shouldGetHomepage/0,viewModel,1
/Users/sirojiddinkomolov/Documents/innopolis/research/arch_design_pattern_detection/exps/3rd_revision/coach_repos_r/archi-mvvm/src/test/java/uk/ivanc/archimvvm/RepositoryViewModelTest.java,uk.ivanc.archimvvm.RepositoryViewModelTest,shouldReturnLanguageVisibilityGone/0,viewModel,1
/Users/sirojiddinkomolov/Documents/innopolis/research/arch_design_pattern_detection/exps/3rd_revision/coach_repos_r/archi-mvvm/src/test/java/uk/ivanc/archimvvm/RepositoryViewModelTest.java,uk.ivanc.archimvvm.RepositoryViewModelTest,shouldReturnForkVisibilityGone/0,viewModel,1
/Users/sirojiddinkomolov/Documents/innopolis/research/arch_design_pattern_detection/exps/3rd_revision/coach_repos_r/archi-mvvm/src/main/java/uk/ivanc/archimvvm/model/Repository.java,uk.ivanc.archimvvm.model.Repository,equals/1[java.lang.Object],forks,1
/Users/sirojiddinkomolov/Documents/innopolis/research/arch_design_pattern_detection/exps/3rd_revision/coach_repos_r/archi-mvvm/src/main/java/uk/ivanc/archimvvm/model/Repository.java,uk.ivanc.archimvvm.model.Repository,equals/1[java.lang.Object],owner,2
/Users/sirojiddinkomolov/Documents/innopolis/research/arch_design_pattern_detection/exps/3rd_revision/coach_repos_r/archi-mvvm/src/main/java/uk/ivanc/archimvvm/model/Repository.java,uk.ivanc.archimvvm.model.Repository,equals/1[java.lang.Object],fork,1
/Users/sirojiddinkomolov/Documents/innopolis/research/arch_design_pattern_detection/exps/3rd_revision/coach_repos_r/archi-mvvm/src/main/java/uk/ivanc/archimvvm/model/Repository.java,uk.ivanc.archimvvm.model.Repository,equals/1[java.lang.Object],name,2
/Users/sirojiddinkomolov/Documents/innopolis/research/arch_design_pattern_detection/exps/3rd_revision/coach_repos_r/archi-mvvm/src/main/java/uk/ivanc/archimvvm/model/Repository.java,uk.ivanc.archimvvm.model.Repository,equals/1[java.lang.Object],watchers,1
/Users/sirojiddinkomolov/Documents/innopolis/research/arch_design_pattern_detection/exps/3rd_revision/coach_repos_r/archi-mvvm/src/main/java/uk/ivanc/archimvvm/model/Repository.java,uk.ivanc.archimvvm.model.Repository,equals/1[java.lang.Object],description,2
/Users/sirojiddinkomolov/Documents/innopolis/research/arch_design_pattern_detection/exps/3rd_revision/coach_repos_r/archi-mvvm/src/main/java/uk/ivanc/archimvvm/model/Repository.java,uk.ivanc.archimvvm.model.Repository,equals/1[java.lang.Object],language,2
/Users/sirojiddinkomolov/Documents/innopolis/research/arch_design_pattern_detection/exps/3rd_revision/coach_repos_r/archi-mvvm/src/main/java/uk/ivanc/archimvvm/model/Repository.java,uk.ivanc.archimvvm.model.Repository,equals/1[java.lang.Object],id,1
/Users/sirojiddinkomolov/Documents/innopolis/research/arch_design_pattern_detection/exps/3rd_revision/coach_repos_r/archi-mvvm/src/main/java/uk/ivanc/archimvvm/model/Repository.java,uk.ivanc.archimvvm.model.Repository,equals/1[java.lang.Object],stars,1
/Users/sirojiddinkomolov/Documents/innopolis/research/arch_design_pattern_detection/exps/3rd_revision/coach_repos_r/archi-mvvm/src/main/java/uk/ivanc/archimvvm/model/Repository.java,uk.ivanc.archimvvm.model.Repository,equals/1[java.lang.Object],homepage,2
/Users/sirojiddinkomolov/Documents/innopolis/research/arch_design_pattern_detection/exps/3rd_revision/coach_repos_r/archi-mvvm/src/main/java/uk/ivanc/archimvvm/model/Repository.java,uk.ivanc.archimvvm.model.Repository,hashCode/0,forks,1
/Users/sirojiddinkomolov/Documents/innopolis/research/arch_design_pattern_detection/exps/3rd_revision/coach_repos_r/archi-mvvm/src/main/java/uk/ivanc/archimvvm/model/Repository.java,uk.ivanc.archimvvm.model.Repository,hashCode/0,owner,2
/Users/sirojiddinkomolov/Documents/innopolis/research/arch_design_pattern_detection/exps/3rd_revision/coach_repos_r/archi-mvvm/src/main/java/uk/ivanc/archimvvm/model/Repository.java,uk.ivanc.archimvvm.model.Repository,hashCode/0,fork,1
/Users/sirojiddinkomolov/Documents/innopolis/research/arch_design_pattern_detection/exps/3rd_revision/coach_repos_r/archi-mvvm/src/main/java/uk/ivanc/archimvvm/model/Repository.java,uk.ivanc.archimvvm.model.Repository,hashCode/0,name,2
/Users/sirojiddinkomolov/Documents/innopolis/research/arch_design_pattern_detection/exps/3rd_revision/coach_repos_r/archi-mvvm/src/main/java/uk/ivanc/archimvvm/model/Repository.java,uk.ivanc.archimvvm.model.Repository,hashCode/0,description,2
/Users/sirojiddinkomolov/Documents/innopolis/research/arch_design_pattern_detection/exps/3rd_revision/coach_repos_r/archi-mvvm/src/main/java/uk/ivanc/archimvvm/model/Repository.java,uk.ivanc.archimvvm.model.Repository,hashCode/0,watchers,1
/Users/sirojiddinkomolov/Documents/innopolis/research/arch_design_pattern_detection/exps/3rd_revision/coach_repos_r/archi-mvvm/src/main/java/uk/ivanc/archimvvm/model/Repository.java,uk.ivanc.archimvvm.model.Repository,hashCode/0,language,2
/Users/sirojiddinkomolov/Documents/innopolis/research/arch_design_pattern_detection/exps/3rd_revision/coach_repos_r/archi-mvvm/src/main/java/uk/ivanc/archimvvm/model/Repository.java,uk.ivanc.archimvvm.model.Repository,hashCode/0,id,2
/Users/sirojiddinkomolov/Documents/innopolis/research/arch_design_pattern_detection/exps/3rd_revision/coach_repos_r/archi-mvvm/src/main/java/uk/ivanc/archimvvm/model/Repository.java,uk.ivanc.archimvvm.model.Repository,hashCode/0,stars,1
/Users/sirojiddinkomolov/Documents/innopolis/research/arch_design_pattern_detection/exps/3rd_revision/coach_repos_r/archi-mvvm/src/main/java/uk/ivanc/archimvvm/model/Repository.java,uk.ivanc.archimvvm.model.Repository,hashCode/0,homepage,2
/Users/sirojiddinkomolov/Documents/innopolis/research/arch_design_pattern_detection/exps/3rd_revision/coach_repos_r/archi-mvvm/src/main/java/uk/ivanc/archimvvm/model/Repository.java,uk.ivanc.archimvvm.model.Repository,hasLanguage/0,language,2
/Users/sirojiddinkomolov/Documents/innopolis/research/arch_design_pattern_detection/exps/3rd_revision/coach_repos_r/archi-mvvm/src/main/java/uk/ivanc/archimvvm/model/Repository.java,uk.ivanc.archimvvm.model.Repository,"writeToParcel/2[uk.ivanc.archimvvm.model.Parcel,int]",forks,1
/Users/sirojiddinkomolov/Documents/innopolis/research/arch_design_pattern_detection/exps/3rd_revision/coach_repos_r/archi-mvvm/src/main/java/uk/ivanc/archimvvm/model/Repository.java,uk.ivanc.archimvvm.model.Repository,"writeToParcel/2[uk.ivanc.archimvvm.model.Parcel,int]",owner,1
/Users/sirojiddinkomolov/Documents/innopolis/research/arch_design_pattern_detection/exps/3rd_revision/coach_repos_r/archi-mvvm/src/main/java/uk/ivanc/archimvvm/model/Repository.java,uk.ivanc.archimvvm.model.Repository,"writeToParcel/2[uk.ivanc.archimvvm.model.Parcel,int]",fork,1
/Users/sirojiddinkomolov/Documents/innopolis/research/arch_design_pattern_detection/exps/3rd_revision/coach_repos_r/archi-mvvm/src/main/java/uk/ivanc/archimvvm/model/Repository.java,uk.ivanc.archimvvm.model.Repository,"writeToParcel/2[uk.ivanc.archimvvm.model.Parcel,int]",name,1
/Users/sirojiddinkomolov/Documents/innopolis/research/arch_design_pattern_detection/exps/3rd_revision/coach_repos_r/archi-mvvm/src/main/java/uk/ivanc/archimvvm/model/Repository.java,uk.ivanc.archimvvm.model.Repository,"writeToParcel/2[uk.ivanc.archimvvm.model.Parcel,int]",description,1
/Users/sirojiddinkomolov/Documents/innopolis/research/arch_design_pattern_detection/exps/3rd_revision/coach_repos_r/archi-mvvm/src/main/java/uk/ivanc/archimvvm/model/Repository.java,uk.ivanc.archimvvm.model.Repository,"writeToParcel/2[uk.ivanc.archimvvm.model.Parcel,int]",watchers,1
/Users/sirojiddinkomolov/Documents/innopolis/research/arch_design_pattern_detection/exps/3rd_revision/coach_repos_r/archi-mvvm/src/main/java/uk/ivanc/archimvvm/model/Repository.java,uk.ivanc.archimvvm.model.Repository,"writeToParcel/2[uk.ivanc.archimvvm.model.Parcel,int]",language,1
/Users/sirojiddinkomolov/Documents/innopolis/research/arch_design_pattern_detection/exps/3rd_revision/coach_repos_r/archi-mvvm/src/main/java/uk/ivanc/archimvvm/model/Repository.java,uk.ivanc.archimvvm.model.Repository,"writeToParcel/2[uk.ivanc.archimvvm.model.Parcel,int]",id,1
/Users/sirojiddinkomolov/Documents/innopolis/research/arch_design_pattern_detection/exps/3rd_revision/coach_repos_r/archi-mvvm/src/main/java/uk/ivanc/archimvvm/model/Repository.java,uk.ivanc.archimvvm.model.Repository,"writeToParcel/2[uk.ivanc.archimvvm.model.Parcel,int]",stars,1
/Users/sirojiddinkomolov/Documents/innopolis/research/arch_design_pattern_detection/exps/3rd_revision/coach_repos_r/archi-mvvm/src/main/java/uk/ivanc/archimvvm/model/Repository.java,uk.ivanc.archimvvm.model.Repository,"writeToParcel/2[uk.ivanc.archimvvm.model.Parcel,int]",homepage,1
/Users/sirojiddinkomolov/Documents/innopolis/research/arch_design_pattern_detection/exps/3rd_revision/coach_repos_r/archi-mvvm/src/main/java/uk/ivanc/archimvvm/model/Repository.java,uk.ivanc.archimvvm.model.Repository,Repository/1[uk.ivanc.archimvvm.model.Parcel],forks,1
/Users/sirojiddinkomolov/Documents/innopolis/research/arch_design_pattern_detection/exps/3rd_revision/coach_repos_r/archi-mvvm/src/main/java/uk/ivanc/archimvvm/model/Repository.java,uk.ivanc.archimvvm.model.Repository,Repository/1[uk.ivanc.archimvvm.model.Parcel],owner,1
/Users/sirojiddinkomolov/Documents/innopolis/research/arch_design_pattern_detection/exps/3rd_revision/coach_repos_r/archi-mvvm/src/main/java/uk/ivanc/archimvvm/model/Repository.java,uk.ivanc.archimvvm.model.Repository,Repository/1[uk.ivanc.archimvvm.model.Parcel],fork,1
/Users/sirojiddinkomolov/Documents/innopolis/research/arch_design_pattern_detection/exps/3rd_revision/coach_repos_r/archi-mvvm/src/main/java/uk/ivanc/archimvvm/model/Repository.java,uk.ivanc.archimvvm.model.Repository,Repository/1[uk.ivanc.archimvvm.model.Parcel],name,1
/Users/sirojiddinkomolov/Documents/innopolis/research/arch_design_pattern_detection/exps/3rd_revision/coach_repos_r/archi-mvvm/src/main/java/uk/ivanc/archimvvm/model/Repository.java,uk.ivanc.archimvvm.model.Repository,Repository/1[uk.ivanc.archimvvm.model.Parcel],description,1
/Users/sirojiddinkomolov/Documents/innopolis/research/arch_design_pattern_detection/exps/3rd_revision/coach_repos_r/archi-mvvm/src/main/java/uk/ivanc/archimvvm/model/Repository.java,uk.ivanc.archimvvm.model.Repository,Repository/1[uk.ivanc.archimvvm.model.Parcel],watchers,1
/Users/sirojiddinkomolov/Documents/innopolis/research/arch_design_pattern_detection/exps/3rd_revision/coach_repos_r/archi-mvvm/src/main/java/uk/ivanc/archimvvm/model/Repository.java,uk.ivanc.archimvvm.model.Repository,Repository/1[uk.ivanc.archimvvm.model.Parcel],language,1
/Users/sirojiddinkomolov/Documents/innopolis/research/arch_design_pattern_detection/exps/3rd_revision/coach_repos_r/archi-mvvm/src/main/java/uk/ivanc/archimvvm/model/Repository.java,uk.ivanc.archimvvm.model.Repository,Repository/1[uk.ivanc.archimvvm.model.Parcel],id,1
/Users/sirojiddinkomolov/Documents/innopolis/research/arch_design_pattern_detection/exps/3rd_revision/coach_repos_r/archi-mvvm/src/main/java/uk/ivanc/archimvvm/model/Repository.java,uk.ivanc.archimvvm.model.Repository,Repository/1[uk.ivanc.archimvvm.model.Parcel],stars,1
/Users/sirojiddinkomolov/Documents/innopolis/research/arch_design_pattern_detection/exps/3rd_revision/coach_repos_r/archi-mvvm/src/main/java/uk/ivanc/archimvvm/model/Repository.java,uk.ivanc.archimvvm.model.Repository,Repository/1[uk.ivanc.archimvvm.model.Parcel],homepage,1
/Users/sirojiddinkomolov/Documents/innopolis/research/arch_design_pattern_detection/exps/3rd_revision/coach_repos_r/archi-mvvm/src/main/java/uk/ivanc/archimvvm/model/Repository.java,uk.ivanc.archimvvm.model.Repository,isFork/0,fork,1
/Users/sirojiddinkomolov/Documents/innopolis/research/arch_design_pattern_detection/exps/3rd_revision/coach_repos_r/archi-mvvm/src/main/java/uk/ivanc/archimvvm/model/Repository.java,uk.ivanc.archimvvm.model.Repository,hasHomepage/0,homepage,2
/Users/sirojiddinkomolov/Documents/innopolis/research/arch_design_pattern_detection/exps/3rd_revision/coach_repos_r/archi-mvvm/src/main/java/uk/ivanc/archimvvm/RepositoryAdapter.java,uk.ivanc.archimvvm.RepositoryAdapter$RepositoryViewHolder,RepositoryViewHolder/1[uk.ivanc.archimvvm.ItemRepoBinding],binding,3
/Users/sirojiddinkomolov/Documents/innopolis/research/arch_design_pattern_detection/exps/3rd_revision/coach_repos_r/archi-mvvm/src/main/java/uk/ivanc/archimvvm/RepositoryAdapter.java,uk.ivanc.archimvvm.RepositoryAdapter$RepositoryViewHolder,bindRepository/1[uk.ivanc.archimvvm.model.Repository],binding,3
/Users/sirojiddinkomolov/Documents/innopolis/research/arch_design_pattern_detection/exps/3rd_revision/coach_repos_r/archi-mvvm/src/main/java/uk/ivanc/archimvvm/view/RepositoryActivity.java,uk.ivanc.archimvvm.view.RepositoryActivity,onDestroy/0,repositoryViewModel,1
/Users/sirojiddinkomolov/Documents/innopolis/research/arch_design_pattern_detection/exps/3rd_revision/coach_repos_r/archi-mvvm/src/main/java/uk/ivanc/archimvvm/view/RepositoryActivity.java,uk.ivanc.archimvvm.view.RepositoryActivity,"newIntent/2[uk.ivanc.archimvvm.view.Context,uk.ivanc.archimvvm.model.Repository]",EXTRA_REPOSITORY,1
/Users/sirojiddinkomolov/Documents/innopolis/research/arch_design_pattern_detection/exps/3rd_revision/coach_repos_r/archi-mvvm/src/main/java/uk/ivanc/archimvvm/view/RepositoryActivity.java,uk.ivanc.archimvvm.view.RepositoryActivity,onCreate/1[uk.ivanc.archimvvm.view.Bundle],repositoryViewModel,2
/Users/sirojiddinkomolov/Documents/innopolis/research/arch_design_pattern_detection/exps/3rd_revision/coach_repos_r/archi-mvvm/src/main/java/uk/ivanc/archimvvm/view/RepositoryActivity.java,uk.ivanc.archimvvm.view.RepositoryActivity,onCreate/1[uk.ivanc.archimvvm.view.Bundle],binding,2
/Users/sirojiddinkomolov/Documents/innopolis/research/arch_design_pattern_detection/exps/3rd_revision/coach_repos_r/archi-mvvm/src/main/java/uk/ivanc/archimvvm/view/RepositoryActivity.java,uk.ivanc.archimvvm.view.RepositoryActivity,onCreate/1[uk.ivanc.archimvvm.view.Bundle],EXTRA_REPOSITORY,1
/Users/sirojiddinkomolov/Documents/innopolis/research/arch_design_pattern_detection/exps/3rd_revision/coach_repos_r/archi-mvvm/src/main/java/uk/ivanc/archimvvm/viewmodel/ItemRepoViewModel.java,uk.ivanc.archimvvm.viewmodel.ItemRepoViewModel,getStars/0,context,1
/Users/sirojiddinkomolov/Documents/innopolis/research/arch_design_pattern_detection/exps/3rd_revision/coach_repos_r/archi-mvvm/src/main/java/uk/ivanc/archimvvm/viewmodel/ItemRepoViewModel.java,uk.ivanc.archimvvm.viewmodel.ItemRepoViewModel,getForks/0,context,1
/Users/sirojiddinkomolov/Documents/innopolis/research/arch_design_pattern_detection/exps/3rd_revision/coach_repos_r/archi-mvvm/src/main/java/uk/ivanc/archimvvm/viewmodel/ItemRepoViewModel.java,uk.ivanc.archimvvm.viewmodel.ItemRepoViewModel,onItemClick/1[uk.ivanc.archimvvm.viewmodel.View],context,2
/Users/sirojiddinkomolov/Documents/innopolis/research/arch_design_pattern_detection/exps/3rd_revision/coach_repos_r/archi-mvvm/src/main/java/uk/ivanc/archimvvm/viewmodel/ItemRepoViewModel.java,uk.ivanc.archimvvm.viewmodel.ItemRepoViewModel,onItemClick/1[uk.ivanc.archimvvm.viewmodel.View],repository,1
/Users/sirojiddinkomolov/Documents/innopolis/research/arch_design_pattern_detection/exps/3rd_revision/coach_repos_r/archi-mvvm/src/main/java/uk/ivanc/archimvvm/viewmodel/ItemRepoViewModel.java,uk.ivanc.archimvvm.viewmodel.ItemRepoViewModel,getWatchers/0,context,1
/Users/sirojiddinkomolov/Documents/innopolis/research/arch_design_pattern_detection/exps/3rd_revision/coach_repos_r/archi-mvvm/src/main/java/uk/ivanc/archimvvm/viewmodel/ItemRepoViewModel.java,uk.ivanc.archimvvm.viewmodel.ItemRepoViewModel,setRepository/1[uk.ivanc.archimvvm.model.Repository],repository,3
/Users/sirojiddinkomolov/Documents/innopolis/research/arch_design_pattern_detection/exps/3rd_revision/coach_repos_r/archi-mvvm/src/main/java/uk/ivanc/archimvvm/viewmodel/ItemRepoViewModel.java,uk.ivanc.archimvvm.viewmodel.ItemRepoViewModel,"ItemRepoViewModel/2[uk.ivanc.archimvvm.viewmodel.Context,uk.ivanc.archimvvm.model.Repository]",context,3
/Users/sirojiddinkomolov/Documents/innopolis/research/arch_design_pattern_detection/exps/3rd_revision/coach_repos_r/archi-mvvm/src/main/java/uk/ivanc/archimvvm/viewmodel/ItemRepoViewModel.java,uk.ivanc.archimvvm.viewmodel.ItemRepoViewModel,"ItemRepoViewModel/2[uk.ivanc.archimvvm.viewmodel.Context,uk.ivanc.archimvvm.model.Repository]",repository,3
/Users/sirojiddinkomolov/Documents/innopolis/research/arch_design_pattern_detection/exps/3rd_revision/coach_repos_r/archi-mvvm/src/main/java/uk/ivanc/archimvvm/viewmodel/RepositoryViewModel.java,uk.ivanc.archimvvm.viewmodel.RepositoryViewModel,"RepositoryViewModel/2[uk.ivanc.archimvvm.viewmodel.Context,uk.ivanc.archimvvm.model.Repository]",ownerName,1
/Users/sirojiddinkomolov/Documents/innopolis/research/arch_design_pattern_detection/exps/3rd_revision/coach_repos_r/archi-mvvm/src/main/java/uk/ivanc/archimvvm/viewmodel/RepositoryViewModel.java,uk.ivanc.archimvvm.viewmodel.RepositoryViewModel,"RepositoryViewModel/2[uk.ivanc.archimvvm.viewmodel.Context,uk.ivanc.archimvvm.model.Repository]",context,3
/Users/sirojiddinkomolov/Documents/innopolis/research/arch_design_pattern_detection/exps/3rd_revision/coach_repos_r/archi-mvvm/src/main/java/uk/ivanc/archimvvm/viewmodel/RepositoryViewModel.java,uk.ivanc.archimvvm.viewmodel.RepositoryViewModel,"RepositoryViewModel/2[uk.ivanc.archimvvm.viewmodel.Context,uk.ivanc.archimvvm.model.Repository]",ownerLayoutVisibility,1
/Users/sirojiddinkomolov/Documents/innopolis/research/arch_design_pattern_detection/exps/3rd_revision/coach_repos_r/archi-mvvm/src/main/java/uk/ivanc/archimvvm/viewmodel/RepositoryViewModel.java,uk.ivanc.archimvvm.viewmodel.RepositoryViewModel,"RepositoryViewModel/2[uk.ivanc.archimvvm.viewmodel.Context,uk.ivanc.archimvvm.model.Repository]",ownerEmailVisibility,1
/Users/sirojiddinkomolov/Documents/innopolis/research/arch_design_pattern_detection/exps/3rd_revision/coach_repos_r/archi-mvvm/src/main/java/uk/ivanc/archimvvm/viewmodel/RepositoryViewModel.java,uk.ivanc.archimvvm.viewmodel.RepositoryViewModel,"RepositoryViewModel/2[uk.ivanc.archimvvm.viewmodel.Context,uk.ivanc.archimvvm.model.Repository]",ownerLocationVisibility,1
/Users/sirojiddinkomolov/Documents/innopolis/research/arch_design_pattern_detection/exps/3rd_revision/coach_repos_r/archi-mvvm/src/main/java/uk/ivanc/archimvvm/viewmodel/RepositoryViewModel.java,uk.ivanc.archimvvm.viewmodel.RepositoryViewModel,"RepositoryViewModel/2[uk.ivanc.archimvvm.viewmodel.Context,uk.ivanc.archimvvm.model.Repository]",repository,3
/Users/sirojiddinkomolov/Documents/innopolis/research/arch_design_pattern_detection/exps/3rd_revision/coach_repos_r/archi-mvvm/src/main/java/uk/ivanc/archimvvm/viewmodel/RepositoryViewModel.java,uk.ivanc.archimvvm.viewmodel.RepositoryViewModel,"RepositoryViewModel/2[uk.ivanc.archimvvm.viewmodel.Context,uk.ivanc.archimvvm.model.Repository]",ownerLocation,1
/Users/sirojiddinkomolov/Documents/innopolis/research/arch_design_pattern_detection/exps/3rd_revision/coach_repos_r/archi-mvvm/src/main/java/uk/ivanc/archimvvm/viewmodel/RepositoryViewModel.java,uk.ivanc.archimvvm.viewmodel.RepositoryViewModel,"RepositoryViewModel/2[uk.ivanc.archimvvm.viewmodel.Context,uk.ivanc.archimvvm.model.Repository]",ownerEmail,1
/Users/sirojiddinkomolov/Documents/innopolis/research/arch_design_pattern_detection/exps/3rd_revision/coach_repos_r/archi-mvvm/src/main/java/uk/ivanc/archimvvm/viewmodel/RepositoryViewModel.java,uk.ivanc.archimvvm.viewmodel.RepositoryViewModel,getLanguage/0,context,1
/Users/sirojiddinkomolov/Documents/innopolis/research/arch_design_pattern_detection/exps/3rd_revision/coach_repos_r/archi-mvvm/src/main/java/uk/ivanc/archimvvm/viewmodel/RepositoryViewModel.java,uk.ivanc.archimvvm.viewmodel.RepositoryViewModel,getLanguageVisibility/0,repository,1
/Users/sirojiddinkomolov/Documents/innopolis/research/arch_design_pattern_detection/exps/3rd_revision/coach_repos_r/archi-mvvm/src/main/java/uk/ivanc/archimvvm/viewmodel/RepositoryViewModel.java,uk.ivanc.archimvvm.viewmodel.RepositoryViewModel,destroy/0,context,1
/Users/sirojiddinkomolov/Documents/innopolis/research/arch_design_pattern_detection/exps/3rd_revision/coach_repos_r/archi-mvvm/src/main/java/uk/ivanc/archimvvm/viewmodel/RepositoryViewModel.java,uk.ivanc.archimvvm.viewmodel.RepositoryViewModel,destroy/0,subscription,3
/Users/sirojiddinkomolov/Documents/innopolis/research/arch_design_pattern_detection/exps/3rd_revision/coach_repos_r/archi-mvvm/src/main/java/uk/ivanc/archimvvm/viewmodel/RepositoryViewModel.java,uk.ivanc.archimvvm.viewmodel.RepositoryViewModel,loadFullUser/1[java.lang.String],context,1
/Users/sirojiddinkomolov/Documents/innopolis/research/arch_design_pattern_detection/exps/3rd_revision/coach_repos_r/archi-mvvm/src/main/java/uk/ivanc/archimvvm/viewmodel/RepositoryViewModel.java,uk.ivanc.archimvvm.viewmodel.RepositoryViewModel,loadFullUser/1[java.lang.String],subscription,1
/Users/sirojiddinkomolov/Documents/innopolis/research/arch_design_pattern_detection/exps/3rd_revision/coach_repos_r/archi-mvvm/src/main/java/uk/ivanc/archimvvm/viewmodel/RepositoryViewModel.java,uk.ivanc.archimvvm.viewmodel.RepositoryViewModel,getHomepageVisibility/0,repository,1
/Users/sirojiddinkomolov/Documents/innopolis/research/arch_design_pattern_detection/exps/3rd_revision/coach_repos_r/archi-mvvm/src/main/java/uk/ivanc/archimvvm/viewmodel/RepositoryViewModel.java,uk.ivanc.archimvvm.viewmodel.RepositoryViewModel,getForkVisibility/0,repository,1
/Users/sirojiddinkomolov/Documents/innopolis/research/arch_design_pattern_detection/exps/3rd_revision/coach_repos_r/archi-mvvm/src/main/java/uk/ivanc/archimvvm/viewmodel/MainViewModel.java,uk.ivanc.archimvvm.viewmodel.MainViewModel,loadGithubRepos/1[java.lang.String],recyclerViewVisibility,1
/Users/sirojiddinkomolov/Documents/innopolis/research/arch_design_pattern_detection/exps/3rd_revision/coach_repos_r/archi-mvvm/src/main/java/uk/ivanc/archimvvm/viewmodel/MainViewModel.java,uk.ivanc.archimvvm.viewmodel.MainViewModel,loadGithubRepos/1[java.lang.String],infoMessageVisibility,1
/Users/sirojiddinkomolov/Documents/innopolis/research/arch_design_pattern_detection/exps/3rd_revision/coach_repos_r/archi-mvvm/src/main/java/uk/ivanc/archimvvm/viewmodel/MainViewModel.java,uk.ivanc.archimvvm.viewmodel.MainViewModel,loadGithubRepos/1[java.lang.String],context,1
/Users/sirojiddinkomolov/Documents/innopolis/research/arch_design_pattern_detection/exps/3rd_revision/coach_repos_r/archi-mvvm/src/main/java/uk/ivanc/archimvvm/viewmodel/MainViewModel.java,uk.ivanc.archimvvm.viewmodel.MainViewModel,loadGithubRepos/1[java.lang.String],progressVisibility,1
/Users/sirojiddinkomolov/Documents/innopolis/research/arch_design_pattern_detection/exps/3rd_revision/coach_repos_r/archi-mvvm/src/main/java/uk/ivanc/archimvvm/viewmodel/MainViewModel.java,uk.ivanc.archimvvm.viewmodel.MainViewModel,loadGithubRepos/1[java.lang.String],subscription,4
/Users/sirojiddinkomolov/Documents/innopolis/research/arch_design_pattern_detection/exps/3rd_revision/coach_repos_r/archi-mvvm/src/main/java/uk/ivanc/archimvvm/viewmodel/MainViewModel.java,uk.ivanc.archimvvm.viewmodel.MainViewModel,"MainViewModel/2[uk.ivanc.archimvvm.viewmodel.Context,uk.ivanc.archimvvm.viewmodel.MainViewModel.DataListener]",recyclerViewVisibility,1
/Users/sirojiddinkomolov/Documents/innopolis/research/arch_design_pattern_detection/exps/3rd_revision/coach_repos_r/archi-mvvm/src/main/java/uk/ivanc/archimvvm/viewmodel/MainViewModel.java,uk.ivanc.archimvvm.viewmodel.MainViewModel,"MainViewModel/2[uk.ivanc.archimvvm.viewmodel.Context,uk.ivanc.archimvvm.viewmodel.MainViewModel.DataListener]",searchButtonVisibility,1
/Users/sirojiddinkomolov/Documents/innopolis/research/arch_design_pattern_detection/exps/3rd_revision/coach_repos_r/archi-mvvm/src/main/java/uk/ivanc/archimvvm/viewmodel/MainViewModel.java,uk.ivanc.archimvvm.viewmodel.MainViewModel,"MainViewModel/2[uk.ivanc.archimvvm.viewmodel.Context,uk.ivanc.archimvvm.viewmodel.MainViewModel.DataListener]",dataListener,3
/Users/sirojiddinkomolov/Documents/innopolis/research/arch_design_pattern_detection/exps/3rd_revision/coach_repos_r/archi-mvvm/src/main/java/uk/ivanc/archimvvm/viewmodel/MainViewModel.java,uk.ivanc.archimvvm.viewmodel.MainViewModel,"MainViewModel/2[uk.ivanc.archimvvm.viewmodel.Context,uk.ivanc.archimvvm.viewmodel.MainViewModel.DataListener]",context,4
/Users/sirojiddinkomolov/Documents/innopolis/research/arch_design_pattern_detection/exps/3rd_revision/coach_repos_r/archi-mvvm/src/main/java/uk/ivanc/archimvvm/viewmodel/MainViewModel.java,uk.ivanc.archimvvm.viewmodel.MainViewModel,"MainViewModel/2[uk.ivanc.archimvvm.viewmodel.Context,uk.ivanc.archimvvm.viewmodel.MainViewModel.DataListener]",infoMessageVisibility,1
/Users/sirojiddinkomolov/Documents/innopolis/research/arch_design_pattern_detection/exps/3rd_revision/coach_repos_r/archi-mvvm/src/main/java/uk/ivanc/archimvvm/viewmodel/MainViewModel.java,uk.ivanc.archimvvm.viewmodel.MainViewModel,"MainViewModel/2[uk.ivanc.archimvvm.viewmodel.Context,uk.ivanc.archimvvm.viewmodel.MainViewModel.DataListener]",progressVisibility,1
/Users/sirojiddinkomolov/Documents/innopolis/research/arch_design_pattern_detection/exps/3rd_revision/coach_repos_r/archi-mvvm/src/main/java/uk/ivanc/archimvvm/viewmodel/MainViewModel.java,uk.ivanc.archimvvm.viewmodel.MainViewModel,"MainViewModel/2[uk.ivanc.archimvvm.viewmodel.Context,uk.ivanc.archimvvm.viewmodel.MainViewModel.DataListener]",infoMessage,1
/Users/sirojiddinkomolov/Documents/innopolis/research/arch_design_pattern_detection/exps/3rd_revision/coach_repos_r/archi-mvvm/src/main/java/uk/ivanc/archimvvm/viewmodel/MainViewModel.java,uk.ivanc.archimvvm.viewmodel.MainViewModel,setDataListener/1[uk.ivanc.archimvvm.viewmodel.MainViewModel.DataListener],dataListener,3
/Users/sirojiddinkomolov/Documents/innopolis/research/arch_design_pattern_detection/exps/3rd_revision/coach_repos_r/archi-mvvm/src/main/java/uk/ivanc/archimvvm/viewmodel/MainViewModel.java,uk.ivanc.archimvvm.viewmodel.MainViewModel,destroy/0,dataListener,1
/Users/sirojiddinkomolov/Documents/innopolis/research/arch_design_pattern_detection/exps/3rd_revision/coach_repos_r/archi-mvvm/src/main/java/uk/ivanc/archimvvm/viewmodel/MainViewModel.java,uk.ivanc.archimvvm.viewmodel.MainViewModel,destroy/0,context,1
/Users/sirojiddinkomolov/Documents/innopolis/research/arch_design_pattern_detection/exps/3rd_revision/coach_repos_r/archi-mvvm/src/main/java/uk/ivanc/archimvvm/viewmodel/MainViewModel.java,uk.ivanc.archimvvm.viewmodel.MainViewModel,destroy/0,subscription,4
/Users/sirojiddinkomolov/Documents/innopolis/research/arch_design_pattern_detection/exps/3rd_revision/coach_repos_r/archi-mvvm/src/main/java/uk/ivanc/archimvvm/viewmodel/MainViewModel.java,uk.ivanc.archimvvm.viewmodel.MainViewModel,onClickSearch/1[uk.ivanc.archimvvm.viewmodel.View],editTextUsernameValue,1
/Users/sirojiddinkomolov/Documents/innopolis/research/arch_design_pattern_detection/exps/3rd_revision/coach_repos_r/archi-mvvm/src/main/java/uk/ivanc/archimvvm/RepositoryAdapter.java,uk.ivanc.archimvvm.RepositoryAdapter,getItemCount/0,repositories,1
/Users/sirojiddinkomolov/Documents/innopolis/research/arch_design_pattern_detection/exps/3rd_revision/coach_repos_r/archi-mvvm/src/main/java/uk/ivanc/archimvvm/RepositoryAdapter.java,uk.ivanc.archimvvm.RepositoryAdapter,"onBindViewHolder/2[uk.ivanc.archimvvm.RepositoryAdapter.RepositoryViewHolder,int]",repositories,1
/Users/sirojiddinkomolov/Documents/innopolis/research/arch_design_pattern_detection/exps/3rd_revision/coach_repos_r/archi-mvvm/src/main/java/uk/ivanc/archimvvm/RepositoryAdapter.java,uk.ivanc.archimvvm.RepositoryAdapter,RepositoryAdapter/1[java.util.List<uk.ivanc.archimvvm.model.Repository>],repositories,3
/Users/sirojiddinkomolov/Documents/innopolis/research/arch_design_pattern_detection/exps/3rd_revision/coach_repos_r/archi-mvvm/src/main/java/uk/ivanc/archimvvm/RepositoryAdapter.java,uk.ivanc.archimvvm.RepositoryAdapter,RepositoryAdapter/0,repositories,1
/Users/sirojiddinkomolov/Documents/innopolis/research/arch_design_pattern_detection/exps/3rd_revision/coach_repos_r/archi-mvvm/src/main/java/uk/ivanc/archimvvm/RepositoryAdapter.java,uk.ivanc.archimvvm.RepositoryAdapter,setRepositories/1[java.util.List<uk.ivanc.archimvvm.model.Repository>],repositories,3
/Users/sirojiddinkomolov/Documents/innopolis/research/arch_design_pattern_detection/exps/3rd_revision/coach_repos_r/archi-mvvm/src/test/java/uk/ivanc/archimvvm/MainViewModelTest.java,uk.ivanc.archimvvm.MainViewModelTest,setUp/0,githubService,2
/Users/sirojiddinkomolov/Documents/innopolis/research/arch_design_pattern_detection/exps/3rd_revision/coach_repos_r/archi-mvvm/src/test/java/uk/ivanc/archimvvm/MainViewModelTest.java,uk.ivanc.archimvvm.MainViewModelTest,setUp/0,application,4
/Users/sirojiddinkomolov/Documents/innopolis/research/arch_design_pattern_detection/exps/3rd_revision/coach_repos_r/archi-mvvm/src/test/java/uk/ivanc/archimvvm/MainViewModelTest.java,uk.ivanc.archimvvm.MainViewModelTest,setUp/0,dataListener,2
/Users/sirojiddinkomolov/Documents/innopolis/research/arch_design_pattern_detection/exps/3rd_revision/coach_repos_r/archi-mvvm/src/test/java/uk/ivanc/archimvvm/MainViewModelTest.java,uk.ivanc.archimvvm.MainViewModelTest,setUp/0,mainViewModel,1
/Users/sirojiddinkomolov/Documents/innopolis/research/arch_design_pattern_detection/exps/3rd_revision/coach_repos_r/archi-mvvm/src/test/java/uk/ivanc/archimvvm/MainViewModelTest.java,uk.ivanc.archimvvm.MainViewModelTest,shouldSearchInvalidUsername/0,githubService,1
/Users/sirojiddinkomolov/Documents/innopolis/research/arch_design_pattern_detection/exps/3rd_revision/coach_repos_r/archi-mvvm/src/test/java/uk/ivanc/archimvvm/MainViewModelTest.java,uk.ivanc.archimvvm.MainViewModelTest,shouldSearchInvalidUsername/0,application,2
/Users/sirojiddinkomolov/Documents/innopolis/research/arch_design_pattern_detection/exps/3rd_revision/coach_repos_r/archi-mvvm/src/test/java/uk/ivanc/archimvvm/MainViewModelTest.java,uk.ivanc.archimvvm.MainViewModelTest,shouldSearchInvalidUsername/0,dataListener,1
/Users/sirojiddinkomolov/Documents/innopolis/research/arch_design_pattern_detection/exps/3rd_revision/coach_repos_r/archi-mvvm/src/test/java/uk/ivanc/archimvvm/MainViewModelTest.java,uk.ivanc.archimvvm.MainViewModelTest,shouldSearchInvalidUsername/0,mainViewModel,1
/Users/sirojiddinkomolov/Documents/innopolis/research/arch_design_pattern_detection/exps/3rd_revision/coach_repos_r/archi-mvvm/src/test/java/uk/ivanc/archimvvm/MainViewModelTest.java,uk.ivanc.archimvvm.MainViewModelTest,shouldSearchUsernameWithRepos/0,githubService,1
/Users/sirojiddinkomolov/Documents/innopolis/research/arch_design_pattern_detection/exps/3rd_revision/coach_repos_r/archi-mvvm/src/test/java/uk/ivanc/archimvvm/MainViewModelTest.java,uk.ivanc.archimvvm.MainViewModelTest,shouldSearchUsernameWithRepos/0,application,1
/Users/sirojiddinkomolov/Documents/innopolis/research/arch_design_pattern_detection/exps/3rd_revision/coach_repos_r/archi-mvvm/src/test/java/uk/ivanc/archimvvm/MainViewModelTest.java,uk.ivanc.archimvvm.MainViewModelTest,shouldSearchUsernameWithRepos/0,dataListener,1
/Users/sirojiddinkomolov/Documents/innopolis/research/arch_design_pattern_detection/exps/3rd_revision/coach_repos_r/archi-mvvm/src/test/java/uk/ivanc/archimvvm/MainViewModelTest.java,uk.ivanc.archimvvm.MainViewModelTest,shouldSearchUsernameWithRepos/0,mainViewModel,1
/Users/sirojiddinkomolov/Documents/innopolis/research/arch_design_pattern_detection/exps/3rd_revision/coach_repos_r/archi-mvvm/src/test/java/uk/ivanc/archimvvm/MainViewModelTest.java,uk.ivanc.archimvvm.MainViewModelTest,shouldSearchUsernameWithNoRepos/0,githubService,1
/Users/sirojiddinkomolov/Documents/innopolis/research/arch_design_pattern_detection/exps/3rd_revision/coach_repos_r/archi-mvvm/src/test/java/uk/ivanc/archimvvm/MainViewModelTest.java,uk.ivanc.archimvvm.MainViewModelTest,shouldSearchUsernameWithNoRepos/0,application,2
/Users/sirojiddinkomolov/Documents/innopolis/research/arch_design_pattern_detection/exps/3rd_revision/coach_repos_r/archi-mvvm/src/test/java/uk/ivanc/archimvvm/MainViewModelTest.java,uk.ivanc.archimvvm.MainViewModelTest,shouldSearchUsernameWithNoRepos/0,dataListener,1
/Users/sirojiddinkomolov/Documents/innopolis/research/arch_design_pattern_detection/exps/3rd_revision/coach_repos_r/archi-mvvm/src/test/java/uk/ivanc/archimvvm/MainViewModelTest.java,uk.ivanc.archimvvm.MainViewModelTest,shouldSearchUsernameWithNoRepos/0,mainViewModel,1
