file,class,method,variable,usage
/Users/sirojiddinkomolov/Documents/innopolis/research/arch_design_pattern_detection/exps/3rd_revision/coach_repos_r/archi-mvvm/src/main/java/uk/ivanc/archimvvm/model/User.java,uk.ivanc.archimvvm.model.User$Anonymous1,newArray/1[int],size,1
/Users/sirojiddinkomolov/Documents/innopolis/research/arch_design_pattern_detection/exps/3rd_revision/coach_repos_r/archi-mvvm/src/main/java/uk/ivanc/archimvvm/model/User.java,uk.ivanc.archimvvm.model.User$Anonymous1,createFromParcel/1[uk.ivanc.archimvvm.model.Parcel],source,1
/Users/sirojiddinkomolov/Documents/innopolis/research/arch_design_pattern_detection/exps/3rd_revision/coach_repos_r/archi-mvvm/src/test/java/uk/ivanc/archimvvm/ItemRepoViewModelTest.java,uk.ivanc.archimvvm.ItemRepoViewModelTest,shouldGetForks/0,itemRepoViewModel,1
/Users/sirojiddinkomolov/Documents/innopolis/research/arch_design_pattern_detection/exps/3rd_revision/coach_repos_r/archi-mvvm/src/test/java/uk/ivanc/archimvvm/ItemRepoViewModelTest.java,uk.ivanc.archimvvm.ItemRepoViewModelTest,shouldGetForks/0,repository,3
/Users/sirojiddinkomolov/Documents/innopolis/research/arch_design_pattern_detection/exps/3rd_revision/coach_repos_r/archi-mvvm/src/test/java/uk/ivanc/archimvvm/ItemRepoViewModelTest.java,uk.ivanc.archimvvm.ItemRepoViewModelTest,shouldGetForks/0,expectedString,1
/Users/sirojiddinkomolov/Documents/innopolis/research/arch_design_pattern_detection/exps/3rd_revision/coach_repos_r/archi-mvvm/src/test/java/uk/ivanc/archimvvm/ItemRepoViewModelTest.java,uk.ivanc.archimvvm.ItemRepoViewModelTest,shouldStartActivityOnItemClick/0,itemRepoViewModel,1
/Users/sirojiddinkomolov/Documents/innopolis/research/arch_design_pattern_detection/exps/3rd_revision/coach_repos_r/archi-mvvm/src/test/java/uk/ivanc/archimvvm/ItemRepoViewModelTest.java,uk.ivanc.archimvvm.ItemRepoViewModelTest,shouldStartActivityOnItemClick/0,mockContext,2
/Users/sirojiddinkomolov/Documents/innopolis/research/arch_design_pattern_detection/exps/3rd_revision/coach_repos_r/archi-mvvm/src/test/java/uk/ivanc/archimvvm/ItemRepoViewModelTest.java,uk.ivanc.archimvvm.ItemRepoViewModelTest,shouldStartActivityOnItemClick/0,repository,1
/Users/sirojiddinkomolov/Documents/innopolis/research/arch_design_pattern_detection/exps/3rd_revision/coach_repos_r/archi-mvvm/src/test/java/uk/ivanc/archimvvm/ItemRepoViewModelTest.java,uk.ivanc.archimvvm.ItemRepoViewModelTest,shouldGetName/0,itemRepoViewModel,1
/Users/sirojiddinkomolov/Documents/innopolis/research/arch_design_pattern_detection/exps/3rd_revision/coach_repos_r/archi-mvvm/src/test/java/uk/ivanc/archimvvm/ItemRepoViewModelTest.java,uk.ivanc.archimvvm.ItemRepoViewModelTest,shouldGetName/0,repository,3
/Users/sirojiddinkomolov/Documents/innopolis/research/arch_design_pattern_detection/exps/3rd_revision/coach_repos_r/archi-mvvm/src/test/java/uk/ivanc/archimvvm/ItemRepoViewModelTest.java,uk.ivanc.archimvvm.ItemRepoViewModelTest,shouldGetDescription/0,itemRepoViewModel,1
/Users/sirojiddinkomolov/Documents/innopolis/research/arch_design_pattern_detection/exps/3rd_revision/coach_repos_r/archi-mvvm/src/test/java/uk/ivanc/archimvvm/ItemRepoViewModelTest.java,uk.ivanc.archimvvm.ItemRepoViewModelTest,shouldGetDescription/0,repository,3
/Users/sirojiddinkomolov/Documents/innopolis/research/arch_design_pattern_detection/exps/3rd_revision/coach_repos_r/archi-mvvm/src/test/java/uk/ivanc/archimvvm/ItemRepoViewModelTest.java,uk.ivanc.archimvvm.ItemRepoViewModelTest,shouldGetWatchers/0,itemRepoViewModel,1
/Users/sirojiddinkomolov/Documents/innopolis/research/arch_design_pattern_detection/exps/3rd_revision/coach_repos_r/archi-mvvm/src/test/java/uk/ivanc/archimvvm/ItemRepoViewModelTest.java,uk.ivanc.archimvvm.ItemRepoViewModelTest,shouldGetWatchers/0,repository,3
/Users/sirojiddinkomolov/Documents/innopolis/research/arch_design_pattern_detection/exps/3rd_revision/coach_repos_r/archi-mvvm/src/test/java/uk/ivanc/archimvvm/ItemRepoViewModelTest.java,uk.ivanc.archimvvm.ItemRepoViewModelTest,shouldGetWatchers/0,expectedString,1
/Users/sirojiddinkomolov/Documents/innopolis/research/arch_design_pattern_detection/exps/3rd_revision/coach_repos_r/archi-mvvm/src/test/java/uk/ivanc/archimvvm/ItemRepoViewModelTest.java,uk.ivanc.archimvvm.ItemRepoViewModelTest,shouldNotifyPropertyChangeWhenSetRepository/0,itemRepoViewModel,2
/Users/sirojiddinkomolov/Documents/innopolis/research/arch_design_pattern_detection/exps/3rd_revision/coach_repos_r/archi-mvvm/src/test/java/uk/ivanc/archimvvm/ItemRepoViewModelTest.java,uk.ivanc.archimvvm.ItemRepoViewModelTest,shouldNotifyPropertyChangeWhenSetRepository/0,mockCallback,2
/Users/sirojiddinkomolov/Documents/innopolis/research/arch_design_pattern_detection/exps/3rd_revision/coach_repos_r/archi-mvvm/src/test/java/uk/ivanc/archimvvm/ItemRepoViewModelTest.java,uk.ivanc.archimvvm.ItemRepoViewModelTest,shouldNotifyPropertyChangeWhenSetRepository/0,repository,2
/Users/sirojiddinkomolov/Documents/innopolis/research/arch_design_pattern_detection/exps/3rd_revision/coach_repos_r/archi-mvvm/src/test/java/uk/ivanc/archimvvm/ItemRepoViewModelTest.java,uk.ivanc.archimvvm.ItemRepoViewModelTest,shouldGetStars/0,itemRepoViewModel,1
/Users/sirojiddinkomolov/Documents/innopolis/research/arch_design_pattern_detection/exps/3rd_revision/coach_repos_r/archi-mvvm/src/test/java/uk/ivanc/archimvvm/ItemRepoViewModelTest.java,uk.ivanc.archimvvm.ItemRepoViewModelTest,shouldGetStars/0,repository,3
/Users/sirojiddinkomolov/Documents/innopolis/research/arch_design_pattern_detection/exps/3rd_revision/coach_repos_r/archi-mvvm/src/test/java/uk/ivanc/archimvvm/ItemRepoViewModelTest.java,uk.ivanc.archimvvm.ItemRepoViewModelTest,shouldGetStars/0,expectedString,1
/Users/sirojiddinkomolov/Documents/innopolis/research/arch_design_pattern_detection/exps/3rd_revision/coach_repos_r/archi-mvvm/src/main/java/uk/ivanc/archimvvm/viewmodel/RepositoryViewModel.java,uk.ivanc.archimvvm.viewmodel.RepositoryViewModel$Anonymous1,call/1[uk.ivanc.archimvvm.model.User],user,6
/Users/sirojiddinkomolov/Documents/innopolis/research/arch_design_pattern_detection/exps/3rd_revision/coach_repos_r/archi-mvvm/src/main/java/uk/ivanc/archimvvm/view/MainActivity.java,uk.ivanc.archimvvm.view.MainActivity,onCreate/1[uk.ivanc.archimvvm.view.Bundle],savedInstanceState,1
/Users/sirojiddinkomolov/Documents/innopolis/research/arch_design_pattern_detection/exps/3rd_revision/coach_repos_r/archi-mvvm/src/main/java/uk/ivanc/archimvvm/view/MainActivity.java,uk.ivanc.archimvvm.view.MainActivity,onRepositoriesChanged/1[java.util.List<uk.ivanc.archimvvm.model.Repository>],adapter,2
/Users/sirojiddinkomolov/Documents/innopolis/research/arch_design_pattern_detection/exps/3rd_revision/coach_repos_r/archi-mvvm/src/main/java/uk/ivanc/archimvvm/view/MainActivity.java,uk.ivanc.archimvvm.view.MainActivity,onRepositoriesChanged/1[java.util.List<uk.ivanc.archimvvm.model.Repository>],repositories,1
/Users/sirojiddinkomolov/Documents/innopolis/research/arch_design_pattern_detection/exps/3rd_revision/coach_repos_r/archi-mvvm/src/main/java/uk/ivanc/archimvvm/view/MainActivity.java,uk.ivanc.archimvvm.view.MainActivity,setupRecyclerView/1[uk.ivanc.archimvvm.view.RecyclerView],adapter,1
/Users/sirojiddinkomolov/Documents/innopolis/research/arch_design_pattern_detection/exps/3rd_revision/coach_repos_r/archi-mvvm/src/main/java/uk/ivanc/archimvvm/view/MainActivity.java,uk.ivanc.archimvvm.view.MainActivity,setupRecyclerView/1[uk.ivanc.archimvvm.view.RecyclerView],recyclerView,2
/Users/sirojiddinkomolov/Documents/innopolis/research/arch_design_pattern_detection/exps/3rd_revision/coach_repos_r/archi-mvvm/src/main/java/uk/ivanc/archimvvm/view/MainActivity.java,uk.ivanc.archimvvm.view.MainActivity,hideSoftKeyboard/0,imm,1
/Users/sirojiddinkomolov/Documents/innopolis/research/arch_design_pattern_detection/exps/3rd_revision/coach_repos_r/archi-mvvm/src/main/java/uk/ivanc/archimvvm/ArchiApplication.java,uk.ivanc.archimvvm.ArchiApplication,get/1[uk.ivanc.archimvvm.Context],context,1
/Users/sirojiddinkomolov/Documents/innopolis/research/arch_design_pattern_detection/exps/3rd_revision/coach_repos_r/archi-mvvm/src/main/java/uk/ivanc/archimvvm/ArchiApplication.java,uk.ivanc.archimvvm.ArchiApplication,setGithubService/1[uk.ivanc.archimvvm.model.GithubService],githubService,2
/Users/sirojiddinkomolov/Documents/innopolis/research/arch_design_pattern_detection/exps/3rd_revision/coach_repos_r/archi-mvvm/src/main/java/uk/ivanc/archimvvm/ArchiApplication.java,uk.ivanc.archimvvm.ArchiApplication,setDefaultSubscribeScheduler/1[uk.ivanc.archimvvm.Scheduler],scheduler,1
/Users/sirojiddinkomolov/Documents/innopolis/research/arch_design_pattern_detection/exps/3rd_revision/coach_repos_r/archi-mvvm/src/main/java/uk/ivanc/archimvvm/viewmodel/MainViewModel.java,uk.ivanc.archimvvm.viewmodel.MainViewModel$Anonymous2,onNext/1[java.util.List<uk.ivanc.archimvvm.model.Repository>],repositories,3
/Users/sirojiddinkomolov/Documents/innopolis/research/arch_design_pattern_detection/exps/3rd_revision/coach_repos_r/archi-mvvm/src/main/java/uk/ivanc/archimvvm/viewmodel/MainViewModel.java,uk.ivanc.archimvvm.viewmodel.MainViewModel$Anonymous2,onError/1[java.lang.Throwable],error,2
/Users/sirojiddinkomolov/Documents/innopolis/research/arch_design_pattern_detection/exps/3rd_revision/coach_repos_r/archi-mvvm/src/main/java/uk/ivanc/archimvvm/model/GithubService.java,uk.ivanc.archimvvm.model.GithubService$Factory,create/0,retrofit,1
/Users/sirojiddinkomolov/Documents/innopolis/research/arch_design_pattern_detection/exps/3rd_revision/coach_repos_r/archi-mvvm/src/main/java/uk/ivanc/archimvvm/model/User.java,uk.ivanc.archimvvm.model.User,"writeToParcel/2[uk.ivanc.archimvvm.model.Parcel,int]",flags,0
/Users/sirojiddinkomolov/Documents/innopolis/research/arch_design_pattern_detection/exps/3rd_revision/coach_repos_r/archi-mvvm/src/main/java/uk/ivanc/archimvvm/model/User.java,uk.ivanc.archimvvm.model.User,"writeToParcel/2[uk.ivanc.archimvvm.model.Parcel,int]",dest,7
/Users/sirojiddinkomolov/Documents/innopolis/research/arch_design_pattern_detection/exps/3rd_revision/coach_repos_r/archi-mvvm/src/main/java/uk/ivanc/archimvvm/model/User.java,uk.ivanc.archimvvm.model.User,User/1[uk.ivanc.archimvvm.model.Parcel],in,7
/Users/sirojiddinkomolov/Documents/innopolis/research/arch_design_pattern_detection/exps/3rd_revision/coach_repos_r/archi-mvvm/src/main/java/uk/ivanc/archimvvm/model/User.java,uk.ivanc.archimvvm.model.User,hashCode/0,result,13
/Users/sirojiddinkomolov/Documents/innopolis/research/arch_design_pattern_detection/exps/3rd_revision/coach_repos_r/archi-mvvm/src/main/java/uk/ivanc/archimvvm/model/User.java,uk.ivanc.archimvvm.model.User,equals/1[java.lang.Object],user,13
/Users/sirojiddinkomolov/Documents/innopolis/research/arch_design_pattern_detection/exps/3rd_revision/coach_repos_r/archi-mvvm/src/main/java/uk/ivanc/archimvvm/model/User.java,uk.ivanc.archimvvm.model.User,equals/1[java.lang.Object],o,4
/Users/sirojiddinkomolov/Documents/innopolis/research/arch_design_pattern_detection/exps/3rd_revision/coach_repos_r/archi-mvvm/src/main/java/uk/ivanc/archimvvm/model/Repository.java,uk.ivanc.archimvvm.model.Repository,equals/1[java.lang.Object],that,15
/Users/sirojiddinkomolov/Documents/innopolis/research/arch_design_pattern_detection/exps/3rd_revision/coach_repos_r/archi-mvvm/src/main/java/uk/ivanc/archimvvm/model/Repository.java,uk.ivanc.archimvvm.model.Repository,equals/1[java.lang.Object],o,4
/Users/sirojiddinkomolov/Documents/innopolis/research/arch_design_pattern_detection/exps/3rd_revision/coach_repos_r/archi-mvvm/src/main/java/uk/ivanc/archimvvm/model/Repository.java,uk.ivanc.archimvvm.model.Repository,hashCode/0,result,19
/Users/sirojiddinkomolov/Documents/innopolis/research/arch_design_pattern_detection/exps/3rd_revision/coach_repos_r/archi-mvvm/src/main/java/uk/ivanc/archimvvm/model/Repository.java,uk.ivanc.archimvvm.model.Repository,"writeToParcel/2[uk.ivanc.archimvvm.model.Parcel,int]",flags,0
/Users/sirojiddinkomolov/Documents/innopolis/research/arch_design_pattern_detection/exps/3rd_revision/coach_repos_r/archi-mvvm/src/main/java/uk/ivanc/archimvvm/model/Repository.java,uk.ivanc.archimvvm.model.Repository,"writeToParcel/2[uk.ivanc.archimvvm.model.Parcel,int]",dest,10
/Users/sirojiddinkomolov/Documents/innopolis/research/arch_design_pattern_detection/exps/3rd_revision/coach_repos_r/archi-mvvm/src/main/java/uk/ivanc/archimvvm/model/Repository.java,uk.ivanc.archimvvm.model.Repository,Repository/1[uk.ivanc.archimvvm.model.Parcel],in,10
/Users/sirojiddinkomolov/Documents/innopolis/research/arch_design_pattern_detection/exps/3rd_revision/coach_repos_r/archi-mvvm/src/main/java/uk/ivanc/archimvvm/viewmodel/MainViewModel.java,uk.ivanc.archimvvm.viewmodel.MainViewModel$DataListener,onRepositoriesChanged/1[java.util.List<uk.ivanc.archimvvm.model.Repository>],repositories,0
/Users/sirojiddinkomolov/Documents/innopolis/research/arch_design_pattern_detection/exps/3rd_revision/coach_repos_r/archi-mvvm/src/main/java/uk/ivanc/archimvvm/RepositoryAdapter.java,uk.ivanc.archimvvm.RepositoryAdapter$RepositoryViewHolder,RepositoryViewHolder/1[uk.ivanc.archimvvm.ItemRepoBinding],binding,3
/Users/sirojiddinkomolov/Documents/innopolis/research/arch_design_pattern_detection/exps/3rd_revision/coach_repos_r/archi-mvvm/src/main/java/uk/ivanc/archimvvm/RepositoryAdapter.java,uk.ivanc.archimvvm.RepositoryAdapter$RepositoryViewHolder,bindRepository/1[uk.ivanc.archimvvm.model.Repository],repository,2
/Users/sirojiddinkomolov/Documents/innopolis/research/arch_design_pattern_detection/exps/3rd_revision/coach_repos_r/archi-mvvm/src/main/java/uk/ivanc/archimvvm/view/RepositoryActivity.java,uk.ivanc.archimvvm.view.RepositoryActivity,"newIntent/2[uk.ivanc.archimvvm.view.Context,uk.ivanc.archimvvm.model.Repository]",context,1
/Users/sirojiddinkomolov/Documents/innopolis/research/arch_design_pattern_detection/exps/3rd_revision/coach_repos_r/archi-mvvm/src/main/java/uk/ivanc/archimvvm/view/RepositoryActivity.java,uk.ivanc.archimvvm.view.RepositoryActivity,"newIntent/2[uk.ivanc.archimvvm.view.Context,uk.ivanc.archimvvm.model.Repository]",repository,1
/Users/sirojiddinkomolov/Documents/innopolis/research/arch_design_pattern_detection/exps/3rd_revision/coach_repos_r/archi-mvvm/src/main/java/uk/ivanc/archimvvm/view/RepositoryActivity.java,uk.ivanc.archimvvm.view.RepositoryActivity,"newIntent/2[uk.ivanc.archimvvm.view.Context,uk.ivanc.archimvvm.model.Repository]",intent,2
/Users/sirojiddinkomolov/Documents/innopolis/research/arch_design_pattern_detection/exps/3rd_revision/coach_repos_r/archi-mvvm/src/main/java/uk/ivanc/archimvvm/view/RepositoryActivity.java,uk.ivanc.archimvvm.view.RepositoryActivity,onCreate/1[uk.ivanc.archimvvm.view.Bundle],savedInstanceState,1
/Users/sirojiddinkomolov/Documents/innopolis/research/arch_design_pattern_detection/exps/3rd_revision/coach_repos_r/archi-mvvm/src/main/java/uk/ivanc/archimvvm/view/RepositoryActivity.java,uk.ivanc.archimvvm.view.RepositoryActivity,onCreate/1[uk.ivanc.archimvvm.view.Bundle],actionBar,2
/Users/sirojiddinkomolov/Documents/innopolis/research/arch_design_pattern_detection/exps/3rd_revision/coach_repos_r/archi-mvvm/src/main/java/uk/ivanc/archimvvm/view/RepositoryActivity.java,uk.ivanc.archimvvm.view.RepositoryActivity,onCreate/1[uk.ivanc.archimvvm.view.Bundle],repository,2
/Users/sirojiddinkomolov/Documents/innopolis/research/arch_design_pattern_detection/exps/3rd_revision/coach_repos_r/archi-mvvm/src/main/java/uk/ivanc/archimvvm/viewmodel/ItemRepoViewModel.java,uk.ivanc.archimvvm.viewmodel.ItemRepoViewModel,onItemClick/1[uk.ivanc.archimvvm.viewmodel.View],view,0
/Users/sirojiddinkomolov/Documents/innopolis/research/arch_design_pattern_detection/exps/3rd_revision/coach_repos_r/archi-mvvm/src/main/java/uk/ivanc/archimvvm/viewmodel/ItemRepoViewModel.java,uk.ivanc.archimvvm.viewmodel.ItemRepoViewModel,setRepository/1[uk.ivanc.archimvvm.model.Repository],repository,2
/Users/sirojiddinkomolov/Documents/innopolis/research/arch_design_pattern_detection/exps/3rd_revision/coach_repos_r/archi-mvvm/src/main/java/uk/ivanc/archimvvm/viewmodel/ItemRepoViewModel.java,uk.ivanc.archimvvm.viewmodel.ItemRepoViewModel,"ItemRepoViewModel/2[uk.ivanc.archimvvm.viewmodel.Context,uk.ivanc.archimvvm.model.Repository]",context,2
/Users/sirojiddinkomolov/Documents/innopolis/research/arch_design_pattern_detection/exps/3rd_revision/coach_repos_r/archi-mvvm/src/main/java/uk/ivanc/archimvvm/viewmodel/ItemRepoViewModel.java,uk.ivanc.archimvvm.viewmodel.ItemRepoViewModel,"ItemRepoViewModel/2[uk.ivanc.archimvvm.viewmodel.Context,uk.ivanc.archimvvm.model.Repository]",repository,2
/Users/sirojiddinkomolov/Documents/innopolis/research/arch_design_pattern_detection/exps/3rd_revision/coach_repos_r/archi-mvvm/src/main/java/uk/ivanc/archimvvm/model/GithubService.java,uk.ivanc.archimvvm.model.GithubService,userFromUrl/1[java.lang.String],userUrl,0
/Users/sirojiddinkomolov/Documents/innopolis/research/arch_design_pattern_detection/exps/3rd_revision/coach_repos_r/archi-mvvm/src/main/java/uk/ivanc/archimvvm/model/GithubService.java,uk.ivanc.archimvvm.model.GithubService,publicRepositories/1[java.lang.String],username,0
/Users/sirojiddinkomolov/Documents/innopolis/research/arch_design_pattern_detection/exps/3rd_revision/coach_repos_r/archi-mvvm/src/main/java/uk/ivanc/archimvvm/viewmodel/MainViewModel.java,uk.ivanc.archimvvm.viewmodel.MainViewModel$Anonymous1,afterTextChanged/1[uk.ivanc.archimvvm.viewmodel.Editable],editable,0
/Users/sirojiddinkomolov/Documents/innopolis/research/arch_design_pattern_detection/exps/3rd_revision/coach_repos_r/archi-mvvm/src/main/java/uk/ivanc/archimvvm/viewmodel/MainViewModel.java,uk.ivanc.archimvvm.viewmodel.MainViewModel$Anonymous1,"onTextChanged/4[java.lang.CharSequence,int,int,int]",charSequence,2
/Users/sirojiddinkomolov/Documents/innopolis/research/arch_design_pattern_detection/exps/3rd_revision/coach_repos_r/archi-mvvm/src/main/java/uk/ivanc/archimvvm/viewmodel/MainViewModel.java,uk.ivanc.archimvvm.viewmodel.MainViewModel$Anonymous1,"onTextChanged/4[java.lang.CharSequence,int,int,int]",before,0
/Users/sirojiddinkomolov/Documents/innopolis/research/arch_design_pattern_detection/exps/3rd_revision/coach_repos_r/archi-mvvm/src/main/java/uk/ivanc/archimvvm/viewmodel/MainViewModel.java,uk.ivanc.archimvvm.viewmodel.MainViewModel$Anonymous1,"onTextChanged/4[java.lang.CharSequence,int,int,int]",start,0
/Users/sirojiddinkomolov/Documents/innopolis/research/arch_design_pattern_detection/exps/3rd_revision/coach_repos_r/archi-mvvm/src/main/java/uk/ivanc/archimvvm/viewmodel/MainViewModel.java,uk.ivanc.archimvvm.viewmodel.MainViewModel$Anonymous1,"onTextChanged/4[java.lang.CharSequence,int,int,int]",count,0
/Users/sirojiddinkomolov/Documents/innopolis/research/arch_design_pattern_detection/exps/3rd_revision/coach_repos_r/archi-mvvm/src/main/java/uk/ivanc/archimvvm/viewmodel/MainViewModel.java,uk.ivanc.archimvvm.viewmodel.MainViewModel$Anonymous1,"beforeTextChanged/4[java.lang.CharSequence,int,int,int]",charSequence,0
/Users/sirojiddinkomolov/Documents/innopolis/research/arch_design_pattern_detection/exps/3rd_revision/coach_repos_r/archi-mvvm/src/main/java/uk/ivanc/archimvvm/viewmodel/MainViewModel.java,uk.ivanc.archimvvm.viewmodel.MainViewModel$Anonymous1,"beforeTextChanged/4[java.lang.CharSequence,int,int,int]",start,0
/Users/sirojiddinkomolov/Documents/innopolis/research/arch_design_pattern_detection/exps/3rd_revision/coach_repos_r/archi-mvvm/src/main/java/uk/ivanc/archimvvm/viewmodel/MainViewModel.java,uk.ivanc.archimvvm.viewmodel.MainViewModel$Anonymous1,"beforeTextChanged/4[java.lang.CharSequence,int,int,int]",count,0
/Users/sirojiddinkomolov/Documents/innopolis/research/arch_design_pattern_detection/exps/3rd_revision/coach_repos_r/archi-mvvm/src/main/java/uk/ivanc/archimvvm/viewmodel/MainViewModel.java,uk.ivanc.archimvvm.viewmodel.MainViewModel$Anonymous1,"beforeTextChanged/4[java.lang.CharSequence,int,int,int]",after,0
/Users/sirojiddinkomolov/Documents/innopolis/research/arch_design_pattern_detection/exps/3rd_revision/coach_repos_r/archi-mvvm/src/main/java/uk/ivanc/archimvvm/viewmodel/RepositoryViewModel.java,uk.ivanc.archimvvm.viewmodel.RepositoryViewModel,"RepositoryViewModel/2[uk.ivanc.archimvvm.viewmodel.Context,uk.ivanc.archimvvm.model.Repository]",context,2
/Users/sirojiddinkomolov/Documents/innopolis/research/arch_design_pattern_detection/exps/3rd_revision/coach_repos_r/archi-mvvm/src/main/java/uk/ivanc/archimvvm/viewmodel/RepositoryViewModel.java,uk.ivanc.archimvvm.viewmodel.RepositoryViewModel,"RepositoryViewModel/2[uk.ivanc.archimvvm.viewmodel.Context,uk.ivanc.archimvvm.model.Repository]",repository,3
/Users/sirojiddinkomolov/Documents/innopolis/research/arch_design_pattern_detection/exps/3rd_revision/coach_repos_r/archi-mvvm/src/main/java/uk/ivanc/archimvvm/viewmodel/RepositoryViewModel.java,uk.ivanc.archimvvm.viewmodel.RepositoryViewModel,loadFullUser/1[java.lang.String],githubService,1
/Users/sirojiddinkomolov/Documents/innopolis/research/arch_design_pattern_detection/exps/3rd_revision/coach_repos_r/archi-mvvm/src/main/java/uk/ivanc/archimvvm/viewmodel/RepositoryViewModel.java,uk.ivanc.archimvvm.viewmodel.RepositoryViewModel,loadFullUser/1[java.lang.String],application,2
/Users/sirojiddinkomolov/Documents/innopolis/research/arch_design_pattern_detection/exps/3rd_revision/coach_repos_r/archi-mvvm/src/main/java/uk/ivanc/archimvvm/viewmodel/RepositoryViewModel.java,uk.ivanc.archimvvm.viewmodel.RepositoryViewModel,loadFullUser/1[java.lang.String],url,1
/Users/sirojiddinkomolov/Documents/innopolis/research/arch_design_pattern_detection/exps/3rd_revision/coach_repos_r/archi-mvvm/src/main/java/uk/ivanc/archimvvm/viewmodel/RepositoryViewModel.java,uk.ivanc.archimvvm.viewmodel.RepositoryViewModel,"loadImage/2[uk.ivanc.archimvvm.viewmodel.ImageView,java.lang.String]",view,2
/Users/sirojiddinkomolov/Documents/innopolis/research/arch_design_pattern_detection/exps/3rd_revision/coach_repos_r/archi-mvvm/src/main/java/uk/ivanc/archimvvm/viewmodel/RepositoryViewModel.java,uk.ivanc.archimvvm.viewmodel.RepositoryViewModel,"loadImage/2[uk.ivanc.archimvvm.viewmodel.ImageView,java.lang.String]",imageUrl,1
/Users/sirojiddinkomolov/Documents/innopolis/research/arch_design_pattern_detection/exps/3rd_revision/coach_repos_r/archi-mvvm/src/main/java/uk/ivanc/archimvvm/viewmodel/MainViewModel.java,uk.ivanc.archimvvm.viewmodel.MainViewModel,loadGithubRepos/1[java.lang.String],githubService,1
/Users/sirojiddinkomolov/Documents/innopolis/research/arch_design_pattern_detection/exps/3rd_revision/coach_repos_r/archi-mvvm/src/main/java/uk/ivanc/archimvvm/viewmodel/MainViewModel.java,uk.ivanc.archimvvm.viewmodel.MainViewModel,loadGithubRepos/1[java.lang.String],application,2
/Users/sirojiddinkomolov/Documents/innopolis/research/arch_design_pattern_detection/exps/3rd_revision/coach_repos_r/archi-mvvm/src/main/java/uk/ivanc/archimvvm/viewmodel/MainViewModel.java,uk.ivanc.archimvvm.viewmodel.MainViewModel,loadGithubRepos/1[java.lang.String],username,1
/Users/sirojiddinkomolov/Documents/innopolis/research/arch_design_pattern_detection/exps/3rd_revision/coach_repos_r/archi-mvvm/src/main/java/uk/ivanc/archimvvm/viewmodel/MainViewModel.java,uk.ivanc.archimvvm.viewmodel.MainViewModel,"MainViewModel/2[uk.ivanc.archimvvm.viewmodel.Context,uk.ivanc.archimvvm.viewmodel.MainViewModel.DataListener]",dataListener,2
/Users/sirojiddinkomolov/Documents/innopolis/research/arch_design_pattern_detection/exps/3rd_revision/coach_repos_r/archi-mvvm/src/main/java/uk/ivanc/archimvvm/viewmodel/MainViewModel.java,uk.ivanc.archimvvm.viewmodel.MainViewModel,"MainViewModel/2[uk.ivanc.archimvvm.viewmodel.Context,uk.ivanc.archimvvm.viewmodel.MainViewModel.DataListener]",context,3
/Users/sirojiddinkomolov/Documents/innopolis/research/arch_design_pattern_detection/exps/3rd_revision/coach_repos_r/archi-mvvm/src/main/java/uk/ivanc/archimvvm/viewmodel/MainViewModel.java,uk.ivanc.archimvvm.viewmodel.MainViewModel,setDataListener/1[uk.ivanc.archimvvm.viewmodel.MainViewModel.DataListener],dataListener,2
/Users/sirojiddinkomolov/Documents/innopolis/research/arch_design_pattern_detection/exps/3rd_revision/coach_repos_r/archi-mvvm/src/main/java/uk/ivanc/archimvvm/viewmodel/MainViewModel.java,uk.ivanc.archimvvm.viewmodel.MainViewModel,onClickSearch/1[uk.ivanc.archimvvm.viewmodel.View],view,0
/Users/sirojiddinkomolov/Documents/innopolis/research/arch_design_pattern_detection/exps/3rd_revision/coach_repos_r/archi-mvvm/src/main/java/uk/ivanc/archimvvm/viewmodel/MainViewModel.java,uk.ivanc.archimvvm.viewmodel.MainViewModel,"onSearchAction/3[uk.ivanc.archimvvm.viewmodel.TextView,int,uk.ivanc.archimvvm.viewmodel.KeyEvent]",view,1
/Users/sirojiddinkomolov/Documents/innopolis/research/arch_design_pattern_detection/exps/3rd_revision/coach_repos_r/archi-mvvm/src/main/java/uk/ivanc/archimvvm/viewmodel/MainViewModel.java,uk.ivanc.archimvvm.viewmodel.MainViewModel,"onSearchAction/3[uk.ivanc.archimvvm.viewmodel.TextView,int,uk.ivanc.archimvvm.viewmodel.KeyEvent]",actionId,1
/Users/sirojiddinkomolov/Documents/innopolis/research/arch_design_pattern_detection/exps/3rd_revision/coach_repos_r/archi-mvvm/src/main/java/uk/ivanc/archimvvm/viewmodel/MainViewModel.java,uk.ivanc.archimvvm.viewmodel.MainViewModel,"onSearchAction/3[uk.ivanc.archimvvm.viewmodel.TextView,int,uk.ivanc.archimvvm.viewmodel.KeyEvent]",event,0
/Users/sirojiddinkomolov/Documents/innopolis/research/arch_design_pattern_detection/exps/3rd_revision/coach_repos_r/archi-mvvm/src/main/java/uk/ivanc/archimvvm/viewmodel/MainViewModel.java,uk.ivanc.archimvvm.viewmodel.MainViewModel,"onSearchAction/3[uk.ivanc.archimvvm.viewmodel.TextView,int,uk.ivanc.archimvvm.viewmodel.KeyEvent]",username,2
/Users/sirojiddinkomolov/Documents/innopolis/research/arch_design_pattern_detection/exps/3rd_revision/coach_repos_r/archi-mvvm/src/main/java/uk/ivanc/archimvvm/viewmodel/MainViewModel.java,uk.ivanc.archimvvm.viewmodel.MainViewModel,isHttp404/1[java.lang.Throwable],error,2
/Users/sirojiddinkomolov/Documents/innopolis/research/arch_design_pattern_detection/exps/3rd_revision/coach_repos_r/archi-mvvm/src/main/java/uk/ivanc/archimvvm/RepositoryAdapter.java,uk.ivanc.archimvvm.RepositoryAdapter,"onBindViewHolder/2[uk.ivanc.archimvvm.RepositoryAdapter.RepositoryViewHolder,int]",holder,1
/Users/sirojiddinkomolov/Documents/innopolis/research/arch_design_pattern_detection/exps/3rd_revision/coach_repos_r/archi-mvvm/src/main/java/uk/ivanc/archimvvm/RepositoryAdapter.java,uk.ivanc.archimvvm.RepositoryAdapter,"onBindViewHolder/2[uk.ivanc.archimvvm.RepositoryAdapter.RepositoryViewHolder,int]",position,1
/Users/sirojiddinkomolov/Documents/innopolis/research/arch_design_pattern_detection/exps/3rd_revision/coach_repos_r/archi-mvvm/src/main/java/uk/ivanc/archimvvm/RepositoryAdapter.java,uk.ivanc.archimvvm.RepositoryAdapter,RepositoryAdapter/1[java.util.List<uk.ivanc.archimvvm.model.Repository>],repositories,2
/Users/sirojiddinkomolov/Documents/innopolis/research/arch_design_pattern_detection/exps/3rd_revision/coach_repos_r/archi-mvvm/src/main/java/uk/ivanc/archimvvm/RepositoryAdapter.java,uk.ivanc.archimvvm.RepositoryAdapter,"onCreateViewHolder/2[uk.ivanc.archimvvm.ViewGroup,int]",parent,2
/Users/sirojiddinkomolov/Documents/innopolis/research/arch_design_pattern_detection/exps/3rd_revision/coach_repos_r/archi-mvvm/src/main/java/uk/ivanc/archimvvm/RepositoryAdapter.java,uk.ivanc.archimvvm.RepositoryAdapter,"onCreateViewHolder/2[uk.ivanc.archimvvm.ViewGroup,int]",viewType,0
/Users/sirojiddinkomolov/Documents/innopolis/research/arch_design_pattern_detection/exps/3rd_revision/coach_repos_r/archi-mvvm/src/main/java/uk/ivanc/archimvvm/RepositoryAdapter.java,uk.ivanc.archimvvm.RepositoryAdapter,"onCreateViewHolder/2[uk.ivanc.archimvvm.ViewGroup,int]",binding,1
/Users/sirojiddinkomolov/Documents/innopolis/research/arch_design_pattern_detection/exps/3rd_revision/coach_repos_r/archi-mvvm/src/main/java/uk/ivanc/archimvvm/RepositoryAdapter.java,uk.ivanc.archimvvm.RepositoryAdapter,setRepositories/1[java.util.List<uk.ivanc.archimvvm.model.Repository>],repositories,2
/Users/sirojiddinkomolov/Documents/innopolis/research/arch_design_pattern_detection/exps/3rd_revision/coach_repos_r/archi-mvvm/src/main/java/uk/ivanc/archimvvm/model/Repository.java,uk.ivanc.archimvvm.model.Repository$Anonymous1,newArray/1[int],size,1
/Users/sirojiddinkomolov/Documents/innopolis/research/arch_design_pattern_detection/exps/3rd_revision/coach_repos_r/archi-mvvm/src/main/java/uk/ivanc/archimvvm/model/Repository.java,uk.ivanc.archimvvm.model.Repository$Anonymous1,createFromParcel/1[uk.ivanc.archimvvm.model.Parcel],source,1
/Users/sirojiddinkomolov/Documents/innopolis/research/arch_design_pattern_detection/exps/3rd_revision/coach_repos_r/archi-mvvm/src/test/java/uk/ivanc/archimvvm/util/MockModelFabric.java,uk.ivanc.archimvvm.util.MockModelFabric,newRepository/1[java.lang.String],random,4
/Users/sirojiddinkomolov/Documents/innopolis/research/arch_design_pattern_detection/exps/3rd_revision/coach_repos_r/archi-mvvm/src/test/java/uk/ivanc/archimvvm/util/MockModelFabric.java,uk.ivanc.archimvvm.util.MockModelFabric,newRepository/1[java.lang.String],name,4
/Users/sirojiddinkomolov/Documents/innopolis/research/arch_design_pattern_detection/exps/3rd_revision/coach_repos_r/archi-mvvm/src/test/java/uk/ivanc/archimvvm/util/MockModelFabric.java,uk.ivanc.archimvvm.util.MockModelFabric,newRepository/1[java.lang.String],repository,8
/Users/sirojiddinkomolov/Documents/innopolis/research/arch_design_pattern_detection/exps/3rd_revision/coach_repos_r/archi-mvvm/src/test/java/uk/ivanc/archimvvm/util/MockModelFabric.java,uk.ivanc.archimvvm.util.MockModelFabric,newListOfRepositories/1[int],repositories,2
/Users/sirojiddinkomolov/Documents/innopolis/research/arch_design_pattern_detection/exps/3rd_revision/coach_repos_r/archi-mvvm/src/test/java/uk/ivanc/archimvvm/util/MockModelFabric.java,uk.ivanc.archimvvm.util.MockModelFabric,newListOfRepositories/1[int],numRepos,2
/Users/sirojiddinkomolov/Documents/innopolis/research/arch_design_pattern_detection/exps/3rd_revision/coach_repos_r/archi-mvvm/src/test/java/uk/ivanc/archimvvm/util/MockModelFabric.java,uk.ivanc.archimvvm.util.MockModelFabric,newListOfRepositories/1[int],i,3
/Users/sirojiddinkomolov/Documents/innopolis/research/arch_design_pattern_detection/exps/3rd_revision/coach_repos_r/archi-mvvm/src/test/java/uk/ivanc/archimvvm/util/MockModelFabric.java,uk.ivanc.archimvvm.util.MockModelFabric,newUser/1[java.lang.String],random,1
/Users/sirojiddinkomolov/Documents/innopolis/research/arch_design_pattern_detection/exps/3rd_revision/coach_repos_r/archi-mvvm/src/test/java/uk/ivanc/archimvvm/util/MockModelFabric.java,uk.ivanc.archimvvm.util.MockModelFabric,newUser/1[java.lang.String],name,6
/Users/sirojiddinkomolov/Documents/innopolis/research/arch_design_pattern_detection/exps/3rd_revision/coach_repos_r/archi-mvvm/src/test/java/uk/ivanc/archimvvm/util/MockModelFabric.java,uk.ivanc.archimvvm.util.MockModelFabric,newUser/1[java.lang.String],user,7
/Users/sirojiddinkomolov/Documents/innopolis/research/arch_design_pattern_detection/exps/3rd_revision/coach_repos_r/archi-mvvm/src/test/java/uk/ivanc/archimvvm/MainViewModelTest.java,uk.ivanc.archimvvm.MainViewModelTest,shouldSearchInvalidUsername/0,mockHttpException,1
/Users/sirojiddinkomolov/Documents/innopolis/research/arch_design_pattern_detection/exps/3rd_revision/coach_repos_r/archi-mvvm/src/test/java/uk/ivanc/archimvvm/MainViewModelTest.java,uk.ivanc.archimvvm.MainViewModelTest,shouldSearchInvalidUsername/0,textView,2
/Users/sirojiddinkomolov/Documents/innopolis/research/arch_design_pattern_detection/exps/3rd_revision/coach_repos_r/archi-mvvm/src/test/java/uk/ivanc/archimvvm/MainViewModelTest.java,uk.ivanc.archimvvm.MainViewModelTest,shouldSearchInvalidUsername/0,username,2
/Users/sirojiddinkomolov/Documents/innopolis/research/arch_design_pattern_detection/exps/3rd_revision/coach_repos_r/archi-mvvm/src/test/java/uk/ivanc/archimvvm/MainViewModelTest.java,uk.ivanc.archimvvm.MainViewModelTest,shouldSearchUsernameWithRepos/0,textView,2
/Users/sirojiddinkomolov/Documents/innopolis/research/arch_design_pattern_detection/exps/3rd_revision/coach_repos_r/archi-mvvm/src/test/java/uk/ivanc/archimvvm/MainViewModelTest.java,uk.ivanc.archimvvm.MainViewModelTest,shouldSearchUsernameWithRepos/0,username,2
/Users/sirojiddinkomolov/Documents/innopolis/research/arch_design_pattern_detection/exps/3rd_revision/coach_repos_r/archi-mvvm/src/test/java/uk/ivanc/archimvvm/MainViewModelTest.java,uk.ivanc.archimvvm.MainViewModelTest,shouldSearchUsernameWithRepos/0,mockRepos,2
/Users/sirojiddinkomolov/Documents/innopolis/research/arch_design_pattern_detection/exps/3rd_revision/coach_repos_r/archi-mvvm/src/test/java/uk/ivanc/archimvvm/MainViewModelTest.java,uk.ivanc.archimvvm.MainViewModelTest,shouldSearchUsernameWithNoRepos/0,textView,2
/Users/sirojiddinkomolov/Documents/innopolis/research/arch_design_pattern_detection/exps/3rd_revision/coach_repos_r/archi-mvvm/src/test/java/uk/ivanc/archimvvm/MainViewModelTest.java,uk.ivanc.archimvvm.MainViewModelTest,shouldSearchUsernameWithNoRepos/0,username,2
