file,class,type,cbo,cboModified,fanin,fanout,wmc,dit,noc,rfc,lcom,lcom*,tcc,lcc,totalMethodsQty,staticMethodsQty,publicMethodsQty,privateMethodsQty,protectedMethodsQty,defaultMethodsQty,visibleMethodsQty,abstractMethodsQty,finalMethodsQty,synchronizedMethodsQty,totalFieldsQty,staticFieldsQty,publicFieldsQty,privateFieldsQty,protectedFieldsQty,defaultFieldsQty,finalFieldsQty,synchronizedFieldsQty,nosi,loc,returnQty,loopQty,comparisonsQty,tryCatchQty,parenthesizedExpsQty,stringLiteralsQty,numbersQty,assignmentsQty,mathOperationsQty,variablesQty,maxNestedBlocksQty,anonymousClassesQty,innerClassesQty,lambdasQty,uniqueWordsQty,modifiers,logStatementsQty
/home/arch_design_predict/download-github-repos/mvp/repos/newsreader-master/app/src/main/java/com/beyondthecode/newsreader/data/source/NewsRepository.java,com.beyondthecode.newsreader.data.source.NewsRepository$Anonymous4,anonymous,3,3,0,3,3,1,0,3,3,0.0,0.0,0.0,3,0,3,0,0,0,3,0,0,0,0,0,0,0,0,0,0,0,0,11,0,0,0,0,0,0,0,0,0,0,0,0,0,0,10,-1,0
/home/arch_design_predict/download-github-repos/mvp/repos/newsreader-master/app/src/main/java/com/beyondthecode/newsreader/presentation/MainActivity.java,com.beyondthecode.newsreader.presentation.MainActivity,class,2,2,0,2,1,2,0,2,0,0.0,NaN,NaN,1,0,0,0,1,0,1,0,0,0,0,0,0,0,0,0,0,0,0,6,0,0,0,0,0,0,0,0,0,0,0,0,0,0,13,1,0
/home/arch_design_predict/download-github-repos/mvp/repos/newsreader-master/app/src/main/java/com/beyondthecode/newsreader/data/source/NewsRepository.java,com.beyondthecode.newsreader.data.source.NewsRepository$Anonymous3,anonymous,2,2,0,2,2,1,0,2,1,0.0,0.0,0.0,2,0,2,0,0,0,2,0,0,0,0,0,0,0,0,0,0,0,0,8,0,0,0,0,0,0,0,0,0,0,0,0,0,0,7,-1,0
/home/arch_design_predict/download-github-repos/mvp/repos/newsreader-master/app/src/main/java/com/beyondthecode/newsreader/data/source/NewsRepository.java,com.beyondthecode.newsreader.data.source.NewsRepository$Anonymous2,anonymous,4,4,0,4,3,1,0,4,1,0.0,0.0,0.0,2,0,2,0,0,0,2,0,0,0,0,0,0,0,0,0,0,0,0,9,0,0,0,0,0,0,0,0,0,0,1,0,0,0,13,-1,0
/home/arch_design_predict/download-github-repos/mvp/repos/newsreader-master/app/src/main/java/com/beyondthecode/newsreader/data/source/NewsRepository.java,com.beyondthecode.newsreader.data.source.NewsRepository$Anonymous1,anonymous,4,4,0,4,3,1,0,4,3,0.0,0.0,0.0,3,0,3,0,0,0,3,0,0,0,0,0,0,0,0,0,0,0,0,12,0,0,0,0,0,0,0,0,0,0,0,0,0,0,15,-1,0
/home/arch_design_predict/download-github-repos/mvp/repos/newsreader-master/app/src/main/java/com/beyondthecode/newsreader/util/ChromeTabsUtils/ServiceConnectionCallback.java,com.beyondthecode.newsreader.util.ChromeTabsUtils.ServiceConnectionCallback,interface,1,3,2,1,2,1,0,0,1,0.0,0.0,0.0,2,0,0,0,0,2,2,0,0,0,0,0,0,0,0,0,0,0,0,4,0,0,0,0,0,0,0,0,0,0,0,0,0,0,16,1,0
/home/arch_design_predict/download-github-repos/mvp/repos/newsreader-master/app/src/main/java/com/beyondthecode/newsreader/presentation/news/NewsModule.java,com.beyondthecode.newsreader.presentation.news.NewsModule$NewsAbstractModule,interface,7,7,0,7,2,1,0,0,1,0.0,0.0,0.0,2,0,0,0,0,2,2,0,0,0,0,0,0,0,0,0,0,0,0,4,0,0,0,0,0,0,0,0,0,0,0,0,0,0,7,1,0
/home/arch_design_predict/download-github-repos/mvp/repos/newsreader-master/app/src/main/java/com/beyondthecode/newsreader/util/ExecutorUtils/AppExecutors.java,com.beyondthecode.newsreader.util.ExecutorUtils.AppExecutors$MainThreadExecutor,innerclass,1,1,0,1,1,1,0,2,0,0.0,NaN,NaN,1,0,1,0,0,0,1,0,0,0,1,0,0,1,0,0,0,0,0,6,0,0,0,0,0,0,0,1,0,1,0,0,0,0,8,9,0
/home/arch_design_predict/download-github-repos/mvp/repos/newsreader-master/app/src/main/java/com/beyondthecode/newsreader/data/source/NewsDataSource.java,com.beyondthecode.newsreader.data.source.NewsDataSource$LoadSavedNewsCallback,interface,1,1,0,1,2,1,0,0,1,0.0,0.0,0.0,2,0,0,0,0,2,2,0,0,0,0,0,0,0,0,0,0,0,0,4,0,0,0,0,0,0,0,0,0,0,0,0,0,0,10,0,0
/home/arch_design_predict/download-github-repos/mvp/repos/newsreader-master/app/src/main/java/com/beyondthecode/newsreader/util/SortUtils.java,com.beyondthecode.newsreader.util.SortUtils$Anonymous1,anonymous,2,2,0,2,4,1,0,5,0,0.0,NaN,NaN,1,0,1,0,0,0,1,0,0,0,0,0,0,0,0,0,0,0,8,17,4,0,0,1,0,1,4,0,0,0,2,0,0,0,11,-1,0
/home/arch_design_predict/download-github-repos/mvp/repos/newsreader-master/app/src/main/java/com/beyondthecode/newsreader/util/ExecutorUtils/DiskIOThreadExecutor.java,com.beyondthecode.newsreader.util.ExecutorUtils.DiskIOThreadExecutor,class,0,1,1,0,2,1,0,2,0,0.0,1.0,1.0,2,0,2,0,0,0,2,0,0,0,1,0,0,1,0,0,1,0,1,9,0,0,0,0,0,0,0,1,0,1,0,0,0,0,9,1,0
/home/arch_design_predict/download-github-repos/mvp/repos/newsreader-master/app/src/main/java/com/beyondthecode/newsreader/presentation/news/NewsPresenter.java,com.beyondthecode.newsreader.presentation.news.NewsPresenter$Anonymous2,anonymous,2,2,0,2,2,1,0,2,1,0.0,0.0,0.0,2,0,2,0,0,0,2,0,0,0,0,0,0,0,0,0,0,0,0,8,0,0,0,0,0,0,0,0,0,0,0,0,0,0,13,-1,0
/home/arch_design_predict/download-github-repos/mvp/repos/newsreader-master/app/src/main/java/com/beyondthecode/newsreader/presentation/news/NewsPresenter.java,com.beyondthecode.newsreader.presentation.news.NewsPresenter$Anonymous1,anonymous,3,3,0,3,3,1,0,4,3,0.0,0.0,0.0,3,0,3,0,0,0,3,0,0,0,0,0,0,0,0,0,0,0,0,13,0,0,0,0,0,0,0,0,0,0,0,0,0,0,22,-1,0
/home/arch_design_predict/download-github-repos/mvp/repos/newsreader-master/app/src/main/java/com/beyondthecode/newsreader/presentation/news/NewsModule.java,com.beyondthecode.newsreader.presentation.news.NewsModule,class,6,7,1,6,2,1,0,0,1,0.0,0.0,0.0,2,0,0,0,0,2,2,0,0,0,0,0,0,0,0,0,0,0,0,12,2,0,0,0,0,0,0,0,0,0,0,0,1,0,27,1,0
/home/arch_design_predict/download-github-repos/mvp/repos/newsreader-master/app/src/main/java/com/beyondthecode/newsreader/presentation/news/NewsFragment.java,com.beyondthecode.newsreader.presentation.news.NewsFragment,class,4,5,1,4,4,2,0,0,6,0.0,0.0,0.0,4,0,4,0,0,0,4,0,0,0,0,0,0,0,0,0,0,0,0,10,0,0,0,0,0,0,0,0,0,0,0,0,0,0,14,1,0
/home/arch_design_predict/download-github-repos/mvp/repos/newsreader-master/app/src/main/java/com/beyondthecode/newsreader/util/EspressoIdlingResource.java,com.beyondthecode.newsreader.util.EspressoIdlingResource,class,2,3,1,2,3,1,0,2,0,0.5,1.0,1.0,3,3,3,0,0,0,3,0,0,0,2,2,0,2,0,0,1,0,0,13,1,0,0,0,0,1,0,2,0,2,0,0,0,0,25,1,0
/home/arch_design_predict/download-github-repos/mvp/repos/newsreader-master/app/src/main/java/com/beyondthecode/newsreader/di/AppModule.java,com.beyondthecode.newsreader.di.AppModule,class,3,4,1,3,1,1,0,0,0,0.0,NaN,NaN,1,0,0,0,0,1,1,1,0,0,0,0,0,0,0,0,0,0,0,3,0,0,0,0,0,0,0,0,0,0,0,0,0,0,36,1025,0
/home/arch_design_predict/download-github-repos/mvp/repos/newsreader-master/app/src/main/java/com/beyondthecode/newsreader/util/ChromeTabsUtils/ChromeTabsWrapper.java,com.beyondthecode.newsreader.util.ChromeTabsUtils.ChromeTabsWrapper,class,6,8,2,6,9,1,0,8,0,0.5416667,0.73333335,1.0,6,0,6,0,0,0,6,0,0,0,4,1,0,4,0,0,1,0,0,35,2,0,3,0,0,1,0,9,0,6,1,0,0,0,39,1,0
/home/arch_design_predict/download-github-repos/mvp/repos/newsreader-master/app/src/main/java/com/beyondthecode/newsreader/di/ActivityBindingModule.java,com.beyondthecode.newsreader.di.ActivityBindingModule,class,4,5,1,4,1,1,0,0,0,0.0,NaN,NaN,1,0,0,0,0,1,1,1,0,0,0,0,0,0,0,0,0,0,0,3,0,0,0,0,0,0,0,0,0,0,0,0,0,0,56,1025,0
/home/arch_design_predict/download-github-repos/mvp/repos/newsreader-master/app/src/main/java/com/beyondthecode/newsreader/data/source/local/NewsDatabase.java,com.beyondthecode.newsreader.data.source.local.NewsDatabase,class,4,5,1,4,1,2,0,0,0,0.0,NaN,NaN,1,0,1,0,0,0,1,1,0,0,0,0,0,0,0,0,0,0,0,3,0,0,0,0,0,0,1,0,0,0,0,0,0,0,11,1025,0
/home/arch_design_predict/download-github-repos/mvp/repos/newsreader-master/app/src/main/java/com/beyondthecode/newsreader/di/AppComponent.java,com.beyondthecode.newsreader.di.AppComponent$Builder,interface,5,5,0,5,2,1,0,0,1,0.0,0.0,0.0,2,0,0,0,0,2,2,0,0,0,0,0,0,0,0,0,0,0,0,4,0,0,0,0,0,0,0,0,0,0,0,0,0,0,6,0,0
/home/arch_design_predict/download-github-repos/mvp/repos/newsreader-master/app/src/main/java/com/beyondthecode/newsreader/util/SortUtils.java,com.beyondthecode.newsreader.util.SortUtils,class,2,6,4,2,12,1,0,27,21,0.0,0.0,0.0,7,7,4,3,0,0,4,0,0,0,0,0,0,0,0,0,0,0,10,76,8,0,2,2,0,12,8,12,2,10,2,1,0,0,50,1,0
/home/arch_design_predict/download-github-repos/mvp/repos/newsreader-master/app/src/main/java/com/beyondthecode/newsreader/presentation/news/NewsContract.java,com.beyondthecode.newsreader.presentation.news.NewsContract$View,interface,4,4,0,4,4,1,0,0,6,0.0,0.0,0.0,4,0,0,0,0,4,4,0,0,0,0,0,0,0,0,0,0,0,0,6,0,0,0,0,0,0,0,0,0,0,0,0,0,0,13,0,0
/home/arch_design_predict/download-github-repos/mvp/repos/newsreader-master/app/src/main/java/com/beyondthecode/newsreader/mvp/BasePresenter.java,com.beyondthecode.newsreader.mvp.BasePresenter,class,1,2,1,1,2,1,0,0,0,0.0,1.0,1.0,2,0,2,0,0,0,2,0,0,0,1,0,0,0,1,0,0,0,0,9,0,0,0,0,0,0,0,2,0,1,0,0,0,0,7,1025,0
/home/arch_design_predict/download-github-repos/mvp/repos/newsreader-master/app/src/main/java/com/beyondthecode/newsreader/util/SimpleCountingIdlingResource.java,com.beyondthecode.newsreader.util.SimpleCountingIdlingResource,class,2,3,1,2,10,1,0,5,5,0.61111116,0.33333334,0.46666667,6,0,6,0,0,0,6,0,0,0,3,0,0,3,0,0,2,0,0,31,2,0,3,0,0,1,4,4,0,4,2,0,0,0,48,1,0
/home/arch_design_predict/download-github-repos/mvp/repos/newsreader-master/app/src/main/java/com/beyondthecode/newsreader/data/source/NewsRepository.java,com.beyondthecode.newsreader.data.source.NewsRepository,class,13,17,4,13,13,1,0,18,0,0.5151515,0.95238096,1.0,11,0,7,4,0,0,7,0,0,0,3,0,0,3,0,0,3,0,1,95,0,1,0,0,0,0,0,3,0,3,1,4,0,0,92,1,0
/home/arch_design_predict/download-github-repos/mvp/repos/newsreader-master/app/src/main/java/com/beyondthecode/newsreader/util/ConnectivityUtils/DefaultOnlineChecker.java,com.beyondthecode.newsreader.util.ConnectivityUtils.DefaultOnlineChecker,class,3,4,1,3,3,1,0,2,0,0.0,1.0,1.0,2,0,2,0,0,0,2,0,0,0,1,0,0,1,0,0,1,0,0,10,1,0,1,0,0,0,0,2,0,2,0,0,0,0,11,1,0
/home/arch_design_predict/download-github-repos/mvp/repos/newsreader-master/app/src/main/java/com/beyondthecode/newsreader/util/ConnectivityUtils/OnlineChecker.java,com.beyondthecode.newsreader.util.ConnectivityUtils.OnlineChecker,interface,0,4,4,0,1,1,0,0,0,0.0,NaN,NaN,1,0,0,0,0,1,1,0,0,0,0,0,0,0,0,0,0,0,0,3,0,0,0,0,0,0,0,0,0,0,0,0,0,0,10,1,0
/home/arch_design_predict/download-github-repos/mvp/repos/newsreader-master/app/src/main/java/com/beyondthecode/newsreader/data/models/News.java,com.beyondthecode.newsreader.data.models.News$SourceData,innerclass,3,3,0,3,2,1,0,0,0,0.0,1.0,1.0,2,0,2,0,0,0,2,0,0,0,1,0,0,1,0,0,0,0,0,9,1,0,0,0,0,2,0,1,0,1,0,0,0,0,6,1,0
/home/arch_design_predict/download-github-repos/mvp/repos/newsreader-master/app/src/main/java/com/beyondthecode/newsreader/presentation/news/NewsActivity.java,com.beyondthecode.newsreader.presentation.news.NewsActivity,class,2,4,2,2,1,2,0,2,0,0.0,NaN,NaN,1,0,0,0,1,0,1,0,0,0,0,0,0,0,0,0,0,0,0,6,0,0,0,0,0,0,0,0,0,0,0,0,0,0,14,1,0
/home/arch_design_predict/download-github-repos/mvp/repos/newsreader-master/app/src/main/java/com/beyondthecode/newsreader/data/source/NewsRepositoryModule.java,com.beyondthecode.newsreader.data.source.NewsRepositoryModule,class,12,13,1,12,2,1,0,0,1,0.0,0.0,0.0,2,0,0,0,0,2,2,0,0,0,0,0,0,0,0,0,0,0,0,8,2,0,0,0,0,0,0,0,0,0,0,0,0,0,19,1,0
/home/arch_design_predict/download-github-repos/mvp/repos/newsreader-master/app/src/main/java/com/beyondthecode/newsreader/data/models/NewsResponse.java,com.beyondthecode.newsreader.data.models.NewsResponse,class,3,5,2,3,7,1,0,0,11,0.6666667,0.23809524,0.23809524,7,0,7,0,0,0,7,0,0,0,3,0,3,0,0,0,0,0,0,26,3,0,0,0,0,3,0,4,0,3,0,0,0,0,11,1,0
/home/arch_design_predict/download-github-repos/mvp/repos/newsreader-master/app/src/main/java/com/beyondthecode/newsreader/util/ExecutorUtils/AppExecutors.java,com.beyondthecode.newsreader.util.ExecutorUtils.AppExecutors,class,1,4,3,1,4,1,0,0,0,0.625,0.5,1.0,4,0,4,0,0,0,4,0,0,0,4,1,0,4,0,0,4,0,0,26,3,0,0,0,0,0,1,4,0,4,0,0,1,0,41,1,0
/home/arch_design_predict/download-github-repos/mvp/repos/newsreader-master/app/src/main/java/com/beyondthecode/newsreader/data/source/remote/NewsRemoteDataSource.java,com.beyondthecode.newsreader.data.source.remote.NewsRemoteDataSource$Anonymous2,anonymous,3,3,0,3,3,1,0,3,3,0.0,0.0,0.0,3,0,3,0,0,0,3,0,0,0,0,0,0,0,0,0,0,0,0,11,0,0,0,0,0,0,0,0,0,0,0,0,0,0,9,-1,0
/home/arch_design_predict/download-github-repos/mvp/repos/newsreader-master/app/src/main/java/com/beyondthecode/newsreader/data/source/remote/NewsRemoteDataSource.java,com.beyondthecode.newsreader.data.source.remote.NewsRemoteDataSource$Anonymous1,anonymous,2,2,0,2,1,1,0,0,0,0.0,NaN,NaN,1,0,1,0,0,0,1,0,0,0,0,0,0,0,0,0,0,0,0,5,1,0,0,0,0,0,0,0,0,0,0,0,0,0,5,-1,0
/home/arch_design_predict/download-github-repos/mvp/repos/newsreader-master/app/src/main/java/com/beyondthecode/newsreader/presentation/news/NewsPresenter.java,com.beyondthecode.newsreader.presentation.news.NewsPresenter,class,16,20,4,16,13,2,0,19,27,0.75,0.7,1.0,10,0,5,5,0,0,5,0,0,0,4,0,0,3,0,1,2,0,4,67,1,0,1,0,0,0,0,3,0,4,2,2,0,0,52,1,0
/home/arch_design_predict/download-github-repos/mvp/repos/newsreader-master/app/src/main/java/com/beyondthecode/newsreader/data/source/NewsDataSource.java,com.beyondthecode.newsreader.data.source.NewsDataSource,interface,4,8,4,4,6,1,0,0,15,0.0,0.0,0.0,6,0,0,0,0,6,6,0,0,0,0,0,0,0,0,0,0,0,0,17,0,0,0,0,0,0,0,0,0,0,0,0,2,0,18,1,0
/home/arch_design_predict/download-github-repos/mvp/repos/newsreader-master/app/src/main/java/com/beyondthecode/newsreader/di/AppComponent.java,com.beyondthecode.newsreader.di.AppComponent,interface,8,9,1,8,0,1,0,0,0,0.0,-1.0,-1.0,0,0,0,0,0,0,0,0,0,0,0,0,0,0,0,0,0,0,0,6,0,0,0,0,0,0,0,0,0,0,0,0,1,0,23,1,0
/home/arch_design_predict/download-github-repos/mvp/repos/newsreader-master/app/src/main/java/com/beyondthecode/newsreader/NewsReaderApplication.java,com.beyondthecode.newsreader.NewsReaderApplication,class,2,2,0,2,1,2,0,3,0,0.0,NaN,NaN,1,0,0,0,1,0,1,0,0,0,0,0,0,0,0,0,0,0,0,5,1,0,0,0,0,0,0,0,0,0,0,0,0,0,6,1,0
/home/arch_design_predict/download-github-repos/mvp/repos/newsreader-master/app/src/main/java/com/beyondthecode/newsreader/data/models/News.java,com.beyondthecode.newsreader.data.models.News,class,8,32,24,8,32,1,0,2,214,0.83072096,0.2364532,0.74384236,29,0,29,0,0,0,29,0,0,0,11,0,0,11,0,0,0,0,5,130,16,0,2,0,2,18,0,34,1,12,1,0,1,0,39,1,0
/home/arch_design_predict/download-github-repos/mvp/repos/newsreader-master/app/src/main/java/com/beyondthecode/newsreader/presentation/news/NewsContract.java,com.beyondthecode.newsreader.presentation.news.NewsContract,interface,1,1,0,1,0,1,0,0,0,0.0,-1.0,-1.0,0,0,0,0,0,0,0,0,0,0,0,0,0,0,0,0,0,0,0,14,0,0,0,0,0,0,0,0,0,0,0,0,2,0,2,1,0
/home/arch_design_predict/download-github-repos/mvp/repos/newsreader-master/app/src/main/java/com/beyondthecode/newsreader/util/ActivityUtils.java,com.beyondthecode.newsreader.util.ActivityUtils,class,0,0,0,0,0,1,0,0,0,0.0,-1.0,-1.0,0,0,0,0,0,0,0,0,0,0,0,0,0,0,0,0,0,0,0,2,0,0,0,0,0,0,0,0,0,0,0,0,0,0,2,1,0
/home/arch_design_predict/download-github-repos/mvp/repos/newsreader-master/app/src/main/java/com/beyondthecode/newsreader/data/source/remote/NewsService.java,com.beyondthecode.newsreader.data.source.remote.NewsService,interface,4,7,3,4,1,1,0,0,0,0.0,NaN,NaN,1,0,0,0,0,1,1,0,0,0,0,0,0,0,0,0,0,0,0,3,0,0,0,0,0,3,0,0,0,0,0,0,0,0,4,1,0
/home/arch_design_predict/download-github-repos/mvp/repos/newsreader-master/app/src/main/java/com/beyondthecode/newsreader/util/ChromeTabsUtils/ServiceConnection.java,com.beyondthecode.newsreader.util.ChromeTabsUtils.ServiceConnection,class,4,5,1,4,5,2,0,3,0,0.0,1.0,1.0,3,0,3,0,0,0,3,0,0,0,1,0,0,1,0,0,0,0,0,14,0,0,2,0,0,0,0,3,0,3,1,0,0,0,15,1,0
/home/arch_design_predict/download-github-repos/mvp/repos/newsreader-master/app/src/test/java/com/beyondthecode/newsreader/ExampleUnitTest.java,com.beyondthecode.newsreader.ExampleUnitTest,class,1,1,0,1,1,1,0,1,0,0.0,NaN,NaN,1,0,1,0,0,0,1,0,0,0,0,0,0,0,0,0,0,0,0,5,0,0,0,0,0,0,3,0,1,0,0,0,0,0,22,1,0
/home/arch_design_predict/download-github-repos/mvp/repos/newsreader-master/app/src/main/java/com/beyondthecode/newsreader/data/source/remote/NewsRemoteDataModule.java,com.beyondthecode.newsreader.data.source.remote.NewsRemoteDataModule,class,13,13,0,13,6,1,0,16,15,0.0,0.0,0.0,6,0,0,0,0,6,6,0,0,0,0,0,0,0,0,0,0,0,0,33,7,0,0,0,0,0,3,8,1,9,1,0,0,1,30,1,0
/home/arch_design_predict/download-github-repos/mvp/repos/newsreader-master/app/src/main/java/com/beyondthecode/newsreader/data/source/local/NewsDao.java,com.beyondthecode.newsreader.data.source.local.NewsDao,interface,5,9,4,5,8,1,0,0,28,0.0,0.0,0.0,8,0,0,0,0,8,8,0,0,0,0,0,0,0,0,0,0,0,0,10,0,0,0,0,0,6,0,0,0,0,0,0,0,0,53,1,0
/home/arch_design_predict/download-github-repos/mvp/repos/newsreader-master/app/src/main/java/com/beyondthecode/newsreader/di/UtilityModule.java,com.beyondthecode.newsreader.di.UtilityModule,class,7,8,1,7,3,1,0,2,3,0.0,0.0,0.0,3,0,0,0,0,3,3,0,0,0,0,0,0,0,0,0,0,0,0,11,3,0,0,0,0,0,0,0,0,0,0,0,0,0,14,1,0
/home/arch_design_predict/download-github-repos/mvp/repos/newsreader-master/app/src/main/java/com/beyondthecode/newsreader/util/Constants.java,com.beyondthecode.newsreader.util.Constants,class,0,0,0,0,0,1,0,0,0,NaN,-1.0,-1.0,0,0,0,0,0,0,0,0,0,0,4,4,4,0,0,0,4,0,0,6,0,0,0,0,0,4,0,4,0,4,0,0,0,0,22,1,0
/home/arch_design_predict/download-github-repos/mvp/repos/newsreader-master/app/src/main/java/com/beyondthecode/newsreader/data/source/local/NewsLocalDataModule.java,com.beyondthecode.newsreader.data.source.local.NewsLocalDataModule,class,8,8,0,8,3,1,0,5,3,0.6666667,0.0,0.0,3,0,0,0,0,3,3,0,0,0,1,1,0,1,0,0,1,0,1,12,3,0,0,0,0,0,1,1,0,1,0,0,0,0,28,1,0
/home/arch_design_predict/download-github-repos/mvp/repos/newsreader-master/app/src/main/java/com/beyondthecode/newsreader/data/source/NewsDataSource.java,com.beyondthecode.newsreader.data.source.NewsDataSource$LoadNewsCallBack,interface,2,2,0,2,3,1,0,0,3,0.0,0.0,0.0,3,0,0,0,0,3,3,0,0,0,0,0,0,0,0,0,0,0,0,5,0,0,0,0,0,0,0,0,0,0,0,0,0,0,13,0,0
/home/arch_design_predict/download-github-repos/mvp/repos/newsreader-master/app/src/main/java/com/beyondthecode/newsreader/data/source/remote/NewsRemoteDataSource.java,com.beyondthecode.newsreader.data.source.remote.NewsRemoteDataSource,class,9,10,1,9,7,1,0,9,19,0.71428573,0.04761905,0.04761905,7,0,7,0,0,0,7,0,0,0,1,0,0,1,0,0,0,0,0,36,0,0,0,0,0,0,0,1,0,1,0,2,0,0,39,1,0
/home/arch_design_predict/download-github-repos/mvp/repos/newsreader-master/app/src/androidTest/java/com/beyondthecode/newsreader/ExampleInstrumentedTest.java,com.beyondthecode.newsreader.ExampleInstrumentedTest,class,4,4,0,4,1,1,0,3,0,0.0,NaN,NaN,1,0,1,0,0,0,1,0,0,0,0,0,0,0,0,0,0,0,0,6,0,0,0,0,0,1,0,1,0,1,0,0,0,0,19,1,0
/home/arch_design_predict/download-github-repos/mvp/repos/newsreader-master/app/src/main/java/com/beyondthecode/newsreader/mvp/BaseView.java,com.beyondthecode.newsreader.mvp.BaseView,interface,0,2,2,0,0,1,0,0,0,0.0,-1.0,-1.0,0,0,0,0,0,0,0,0,0,0,0,0,0,0,0,0,0,0,0,2,0,0,0,0,0,0,0,0,0,0,0,0,0,0,0,1,0
/home/arch_design_predict/download-github-repos/mvp/repos/newsreader-master/app/src/main/java/com/beyondthecode/newsreader/presentation/news/NewsContract.java,com.beyondthecode.newsreader.presentation.news.NewsContract$Presenter,interface,1,1,0,1,4,1,0,0,6,0.0,0.0,0.0,4,0,0,0,0,4,4,0,0,0,0,0,0,0,0,0,0,0,0,6,0,0,0,0,0,0,0,0,0,0,0,0,0,0,11,0,0
/home/arch_design_predict/download-github-repos/mvp/repos/newsreader-master/app/src/main/java/com/beyondthecode/newsreader/data/source/local/NewsLocalDataSource.java,com.beyondthecode.newsreader.data.source.local.NewsLocalDataSource,class,8,9,1,8,9,1,0,15,0,0.0,1.0,1.0,7,0,7,0,0,0,7,0,0,0,2,0,0,2,0,0,2,0,0,66,0,0,0,0,0,0,0,10,0,10,3,0,0,8,42,1,0
