file,class,method,constructor,line,cbo,cboModified,fanin,fanout,wmc,rfc,loc,returnsQty,variablesQty,parametersQty,methodsInvokedQty,methodsInvokedLocalQty,methodsInvokedIndirectLocalQty,loopQty,comparisonsQty,tryCatchQty,parenthesizedExpsQty,stringLiteralsQty,numbersQty,assignmentsQty,mathOperationsQty,maxNestedBlocksQty,anonymousClassesQty,innerClassesQty,lambdasQty,uniqueWordsQty,modifiers,logStatementsQty,hasJavaDoc
/home/arch_design_predict/download-github-repos/mvp/repos/newsreader-master/app/src/main/java/com/beyondthecode/newsreader/data/source/NewsRepository.java,com.beyondthecode.newsreader.data.source.NewsRepository$Anonymous4,onNewsLoaded/1[java.util.List<com.beyondthecode.newsreader.data.models.News>],false,118,2,5,0,5,1,1,3,0,0,1,1,0,0,0,0,0,0,0,0,0,0,0,0,0,0,4,1,0,false
/home/arch_design_predict/download-github-repos/mvp/repos/newsreader-master/app/src/main/java/com/beyondthecode/newsreader/data/source/NewsRepository.java,com.beyondthecode.newsreader.data.source.NewsRepository$Anonymous4,onDataNotAvailable/0,false,123,1,7,0,7,1,1,3,0,0,0,1,0,0,0,0,0,0,0,0,0,0,0,0,0,0,4,1,0,false
/home/arch_design_predict/download-github-repos/mvp/repos/newsreader-master/app/src/main/java/com/beyondthecode/newsreader/data/source/NewsRepository.java,com.beyondthecode.newsreader.data.source.NewsRepository$Anonymous4,onDisposableAcquired/1[com.beyondthecode.newsreader.data.source.Disposable],false,113,2,1,0,1,1,1,3,0,0,1,1,0,0,0,0,0,0,0,0,0,0,0,0,0,0,4,1,0,false
/home/arch_design_predict/download-github-repos/mvp/repos/newsreader-master/app/src/main/java/com/beyondthecode/newsreader/presentation/MainActivity.java,com.beyondthecode.newsreader.presentation.MainActivity,onCreate/1[com.beyondthecode.newsreader.presentation.Bundle],false,11,1,0,0,0,1,2,4,0,0,1,2,0,0,0,0,0,0,0,0,0,0,0,0,0,0,9,4,0,false
/home/arch_design_predict/download-github-repos/mvp/repos/newsreader-master/app/src/main/java/com/beyondthecode/newsreader/data/source/NewsRepository.java,com.beyondthecode.newsreader.data.source.NewsRepository$Anonymous3,onDataNotAvailable/0,false,104,1,7,0,7,1,1,3,0,0,0,1,0,0,0,0,0,0,0,0,0,0,0,0,0,0,4,1,0,false
/home/arch_design_predict/download-github-repos/mvp/repos/newsreader-master/app/src/main/java/com/beyondthecode/newsreader/data/source/NewsRepository.java,com.beyondthecode.newsreader.data.source.NewsRepository$Anonymous3,onNewsLoaded/1[java.util.List<com.beyondthecode.newsreader.data.models.News>],false,99,2,5,0,5,1,1,3,0,0,1,1,0,0,0,0,0,0,0,0,0,0,0,0,0,0,4,1,0,false
/home/arch_design_predict/download-github-repos/mvp/repos/newsreader-master/app/src/main/java/com/beyondthecode/newsreader/data/source/NewsRepository.java,com.beyondthecode.newsreader.data.source.NewsRepository$Anonymous2,onDataNotAvailable/0,false,87,3,7,0,7,2,3,4,0,0,0,3,0,0,0,0,0,0,0,0,0,0,1,0,0,0,11,1,0,false
/home/arch_design_predict/download-github-repos/mvp/repos/newsreader-master/app/src/main/java/com/beyondthecode/newsreader/data/source/NewsRepository.java,com.beyondthecode.newsreader.data.source.NewsRepository$Anonymous2,onNewsLoaded/1[java.util.List<com.beyondthecode.newsreader.data.models.News>],false,82,2,5,0,5,1,1,3,0,0,1,1,0,0,0,0,0,0,0,0,0,0,0,0,0,0,4,1,0,false
/home/arch_design_predict/download-github-repos/mvp/repos/newsreader-master/app/src/main/java/com/beyondthecode/newsreader/data/source/NewsRepository.java,com.beyondthecode.newsreader.data.source.NewsRepository$Anonymous1,onNewsLoaded/1[java.util.List<com.beyondthecode.newsreader.data.models.News>],false,54,3,5,0,5,1,2,4,0,0,1,2,0,0,0,0,0,0,0,0,0,0,0,0,0,0,5,1,0,false
/home/arch_design_predict/download-github-repos/mvp/repos/newsreader-master/app/src/main/java/com/beyondthecode/newsreader/data/source/NewsRepository.java,com.beyondthecode.newsreader.data.source.NewsRepository$Anonymous1,onDataNotAvailable/0,false,62,1,7,0,7,1,1,3,0,0,0,1,0,0,0,0,0,0,0,0,0,0,0,0,0,0,9,1,0,false
/home/arch_design_predict/download-github-repos/mvp/repos/newsreader-master/app/src/main/java/com/beyondthecode/newsreader/data/source/NewsRepository.java,com.beyondthecode.newsreader.data.source.NewsRepository$Anonymous1,onDisposableAcquired/1[com.beyondthecode.newsreader.data.source.Disposable],false,49,2,1,0,1,1,1,3,0,0,1,1,0,0,0,0,0,0,0,0,0,0,0,0,0,0,4,1,0,false
/home/arch_design_predict/download-github-repos/mvp/repos/newsreader-master/app/src/main/java/com/beyondthecode/newsreader/util/ChromeTabsUtils/ServiceConnectionCallback.java,com.beyondthecode.newsreader.util.ChromeTabsUtils.ServiceConnectionCallback,onServiceDisconnected/0,false,14,0,1,1,0,1,0,1,0,0,0,0,0,0,0,0,0,0,0,0,0,0,0,0,0,0,8,0,0,true
/home/arch_design_predict/download-github-repos/mvp/repos/newsreader-master/app/src/main/java/com/beyondthecode/newsreader/util/ChromeTabsUtils/ServiceConnectionCallback.java,com.beyondthecode.newsreader.util.ChromeTabsUtils.ServiceConnectionCallback,onServiceConnected/1[com.beyondthecode.newsreader.util.ChromeTabsUtils.CustomTabsClient],false,7,1,1,1,0,1,0,1,0,0,1,0,0,0,0,0,0,0,0,0,0,0,0,0,0,0,13,0,0,true
/home/arch_design_predict/download-github-repos/mvp/repos/newsreader-master/app/src/main/java/com/beyondthecode/newsreader/presentation/news/NewsModule.java,com.beyondthecode.newsreader.presentation.news.NewsModule$NewsAbstractModule,newsFragment/0,false,39,3,0,0,0,1,0,1,0,0,0,0,0,0,0,0,0,0,0,0,0,0,0,0,0,0,3,0,0,false
/home/arch_design_predict/download-github-repos/mvp/repos/newsreader-master/app/src/main/java/com/beyondthecode/newsreader/presentation/news/NewsModule.java,com.beyondthecode.newsreader.presentation.news.NewsModule$NewsAbstractModule,newsPresenter/1[com.beyondthecode.newsreader.presentation.news.NewsPresenter],false,35,4,0,0,0,1,0,1,0,0,1,0,0,0,0,0,0,0,0,0,0,0,0,0,0,0,4,0,0,false
/home/arch_design_predict/download-github-repos/mvp/repos/newsreader-master/app/src/main/java/com/beyondthecode/newsreader/util/ExecutorUtils/AppExecutors.java,com.beyondthecode.newsreader.util.ExecutorUtils.AppExecutors$MainThreadExecutor,execute/1[java.lang.Runnable],false,48,0,0,0,0,1,1,3,0,0,1,1,0,0,0,0,0,0,0,0,0,0,0,0,0,0,3,1,0,false
/home/arch_design_predict/download-github-repos/mvp/repos/newsreader-master/app/src/main/java/com/beyondthecode/newsreader/data/source/NewsDataSource.java,com.beyondthecode.newsreader.data.source.NewsDataSource$LoadSavedNewsCallback,onDataNotAvailable/0,false,23,0,3,3,0,1,0,1,0,0,0,0,0,0,0,0,0,0,0,0,0,0,0,0,0,0,4,0,0,false
/home/arch_design_predict/download-github-repos/mvp/repos/newsreader-master/app/src/main/java/com/beyondthecode/newsreader/data/source/NewsDataSource.java,com.beyondthecode.newsreader.data.source.NewsDataSource$LoadSavedNewsCallback,onNewsLoaded/1[java.util.List<com.beyondthecode.newsreader.data.models.News>],false,21,1,2,2,0,1,0,1,0,0,1,0,0,0,0,0,0,0,0,0,0,0,0,0,0,0,4,0,0,false
/home/arch_design_predict/download-github-repos/mvp/repos/newsreader-master/app/src/main/java/com/beyondthecode/newsreader/util/SortUtils.java,com.beyondthecode.newsreader.util.SortUtils$Anonymous1,"compare/2[com.beyondthecode.newsreader.data.models.News,com.beyondthecode.newsreader.data.models.News]",false,63,2,3,0,3,4,5,15,4,0,2,5,0,0,0,0,1,0,1,4,0,0,2,0,0,0,11,1,0,false
/home/arch_design_predict/download-github-repos/mvp/repos/newsreader-master/app/src/main/java/com/beyondthecode/newsreader/util/ExecutorUtils/DiskIOThreadExecutor.java,com.beyondthecode.newsreader.util.ExecutorUtils.DiskIOThreadExecutor,DiskIOThreadExecutor/0,true,10,0,1,1,0,1,1,3,0,0,0,1,0,0,0,0,0,0,0,0,1,0,0,0,0,0,6,1,0,false
/home/arch_design_predict/download-github-repos/mvp/repos/newsreader-master/app/src/main/java/com/beyondthecode/newsreader/util/ExecutorUtils/DiskIOThreadExecutor.java,com.beyondthecode.newsreader.util.ExecutorUtils.DiskIOThreadExecutor,execute/1[java.lang.Runnable],false,15,0,0,0,0,1,1,3,0,0,1,1,0,0,0,0,0,0,0,0,0,0,0,0,0,0,3,1,0,false
/home/arch_design_predict/download-github-repos/mvp/repos/newsreader-master/app/src/main/java/com/beyondthecode/newsreader/presentation/news/NewsPresenter.java,com.beyondthecode.newsreader.presentation.news.NewsPresenter$Anonymous2,onDataNotAvailable/0,false,80,1,7,0,7,1,1,3,0,0,0,1,0,0,0,0,0,0,0,0,0,0,0,0,0,0,7,1,0,false
/home/arch_design_predict/download-github-repos/mvp/repos/newsreader-master/app/src/main/java/com/beyondthecode/newsreader/presentation/news/NewsPresenter.java,com.beyondthecode.newsreader.presentation.news.NewsPresenter$Anonymous2,onNewsLoaded/1[java.util.List<com.beyondthecode.newsreader.data.models.News>],false,75,2,5,0,5,1,1,3,0,0,1,1,0,0,0,0,0,0,0,0,0,0,0,0,0,0,9,1,0,false
/home/arch_design_predict/download-github-repos/mvp/repos/newsreader-master/app/src/main/java/com/beyondthecode/newsreader/presentation/news/NewsPresenter.java,com.beyondthecode.newsreader.presentation.news.NewsPresenter$Anonymous1,onNewsLoaded/1[java.util.List<com.beyondthecode.newsreader.data.models.News>],false,54,2,5,0,5,1,2,4,0,0,1,2,0,0,0,0,0,0,0,0,0,0,0,0,0,0,14,1,0,false
/home/arch_design_predict/download-github-repos/mvp/repos/newsreader-master/app/src/main/java/com/beyondthecode/newsreader/presentation/news/NewsPresenter.java,com.beyondthecode.newsreader.presentation.news.NewsPresenter$Anonymous1,onDataNotAvailable/0,false,60,1,7,0,7,1,2,4,0,0,0,2,0,0,0,0,0,0,0,0,0,0,0,0,0,0,12,1,0,false
/home/arch_design_predict/download-github-repos/mvp/repos/newsreader-master/app/src/main/java/com/beyondthecode/newsreader/presentation/news/NewsPresenter.java,com.beyondthecode.newsreader.presentation.news.NewsPresenter$Anonymous1,onDisposableAcquired/1[com.beyondthecode.newsreader.presentation.news.Disposable],false,49,2,1,0,1,1,1,3,0,0,1,1,0,0,0,0,0,0,0,0,0,0,0,0,0,0,5,1,0,false
/home/arch_design_predict/download-github-repos/mvp/repos/newsreader-master/app/src/main/java/com/beyondthecode/newsreader/presentation/news/NewsModule.java,com.beyondthecode.newsreader.presentation.news.NewsModule,provideCompositeDisposable/0,false,23,3,0,0,0,1,0,3,1,0,0,0,0,0,0,0,0,0,0,0,0,0,0,0,0,0,3,0,0,false
/home/arch_design_predict/download-github-repos/mvp/repos/newsreader-master/app/src/main/java/com/beyondthecode/newsreader/presentation/news/NewsModule.java,com.beyondthecode.newsreader.presentation.news.NewsModule,providesChromeTabsWrapper/1[com.beyondthecode.newsreader.presentation.news.NewsActivity],false,29,4,1,0,1,1,0,3,1,0,1,0,0,0,0,0,0,0,0,0,0,0,0,0,0,0,7,0,0,false
/home/arch_design_predict/download-github-repos/mvp/repos/newsreader-master/app/src/main/java/com/beyondthecode/newsreader/presentation/news/NewsFragment.java,com.beyondthecode.newsreader.presentation.news.NewsFragment,showNoNews/0,false,18,0,0,0,0,1,0,2,0,0,0,0,0,0,0,0,0,0,0,0,0,0,0,0,0,0,3,1,0,false
/home/arch_design_predict/download-github-repos/mvp/repos/newsreader-master/app/src/main/java/com/beyondthecode/newsreader/presentation/news/NewsFragment.java,com.beyondthecode.newsreader.presentation.news.NewsFragment,getImageLoaderService/1[com.beyondthecode.newsreader.presentation.news.Picasso],false,28,1,0,0,0,1,0,2,0,0,1,0,0,0,0,0,0,0,0,0,0,0,0,0,0,0,6,1,0,false
/home/arch_design_predict/download-github-repos/mvp/repos/newsreader-master/app/src/main/java/com/beyondthecode/newsreader/presentation/news/NewsFragment.java,com.beyondthecode.newsreader.presentation.news.NewsFragment,showNews/1[java.util.List<com.beyondthecode.newsreader.data.models.News>],false,13,1,0,0,0,1,0,2,0,0,1,0,0,0,0,0,0,0,0,0,0,0,0,0,0,0,3,1,0,false
/home/arch_design_predict/download-github-repos/mvp/repos/newsreader-master/app/src/main/java/com/beyondthecode/newsreader/presentation/news/NewsFragment.java,com.beyondthecode.newsreader.presentation.news.NewsFragment,showSuccessfullyArchivedNews/0,false,23,0,0,0,0,1,0,2,0,0,0,0,0,0,0,0,0,0,0,0,0,0,0,0,0,0,4,1,0,false
/home/arch_design_predict/download-github-repos/mvp/repos/newsreader-master/app/src/main/java/com/beyondthecode/newsreader/util/EspressoIdlingResource.java,com.beyondthecode.newsreader.util.EspressoIdlingResource,decrement/0,false,20,1,2,1,1,1,1,3,0,0,0,1,0,0,0,0,0,0,0,0,0,0,0,0,0,0,1,9,0,false
/home/arch_design_predict/download-github-repos/mvp/repos/newsreader-master/app/src/main/java/com/beyondthecode/newsreader/util/EspressoIdlingResource.java,com.beyondthecode.newsreader.util.EspressoIdlingResource,getIdlingResource/0,false,24,2,1,1,0,1,0,3,1,0,0,0,0,0,0,0,0,0,0,0,0,0,0,0,0,0,4,9,0,false
/home/arch_design_predict/download-github-repos/mvp/repos/newsreader-master/app/src/main/java/com/beyondthecode/newsreader/util/EspressoIdlingResource.java,com.beyondthecode.newsreader.util.EspressoIdlingResource,increment/0,false,16,1,2,1,1,1,1,3,0,0,0,1,0,0,0,0,0,0,0,0,0,0,0,0,0,0,1,9,0,false
/home/arch_design_predict/download-github-repos/mvp/repos/newsreader-master/app/src/main/java/com/beyondthecode/newsreader/di/AppModule.java,com.beyondthecode.newsreader.di.AppModule,bindContext/1[com.beyondthecode.newsreader.di.Application],false,21,3,0,0,0,1,0,1,0,0,1,0,0,0,0,0,0,0,0,0,0,0,0,0,0,0,4,1024,0,false
/home/arch_design_predict/download-github-repos/mvp/repos/newsreader-master/app/src/main/java/com/beyondthecode/newsreader/util/ChromeTabsUtils/ChromeTabsWrapper.java,com.beyondthecode.newsreader.util.ChromeTabsUtils.ChromeTabsWrapper,ChromeTabsWrapper/1[com.beyondthecode.newsreader.util.ChromeTabsUtils.Context],true,20,1,1,1,0,1,0,3,0,0,1,0,0,0,0,0,0,0,0,0,1,0,0,0,0,0,5,1,0,false
/home/arch_design_predict/download-github-repos/mvp/repos/newsreader-master/app/src/main/java/com/beyondthecode/newsreader/util/ChromeTabsUtils/ChromeTabsWrapper.java,com.beyondthecode.newsreader.util.ChromeTabsUtils.ChromeTabsWrapper,onServiceConnected/1[com.beyondthecode.newsreader.util.ChromeTabsUtils.CustomTabsClient],false,53,1,0,0,0,1,0,3,0,0,1,0,0,0,0,0,0,0,0,0,1,0,0,0,0,0,7,1,0,false
/home/arch_design_predict/download-github-repos/mvp/repos/newsreader-master/app/src/main/java/com/beyondthecode/newsreader/util/ChromeTabsUtils/ChromeTabsWrapper.java,com.beyondthecode.newsreader.util.ChromeTabsUtils.ChromeTabsWrapper,unbindCustomTabsService/0,false,44,0,0,0,0,2,1,6,1,0,0,1,0,0,0,1,0,0,0,0,2,0,1,0,0,0,7,1,0,false
/home/arch_design_predict/download-github-repos/mvp/repos/newsreader-master/app/src/main/java/com/beyondthecode/newsreader/util/ChromeTabsUtils/ChromeTabsWrapper.java,com.beyondthecode.newsreader.util.ChromeTabsUtils.ChromeTabsWrapper,onServiceDisconnected/0,false,58,0,0,0,0,1,0,3,0,0,0,0,0,0,0,0,0,0,0,0,1,0,0,0,0,0,5,1,0,false
/home/arch_design_predict/download-github-repos/mvp/repos/newsreader-master/app/src/main/java/com/beyondthecode/newsreader/util/ChromeTabsUtils/ChromeTabsWrapper.java,com.beyondthecode.newsreader.util.ChromeTabsUtils.ChromeTabsWrapper,openCUstomTab/1[java.lang.String],false,24,1,1,1,0,1,6,7,0,2,1,6,0,0,0,0,0,0,0,0,2,0,0,0,0,0,10,1,0,false
/home/arch_design_predict/download-github-repos/mvp/repos/newsreader-master/app/src/main/java/com/beyondthecode/newsreader/util/ChromeTabsUtils/ChromeTabsWrapper.java,com.beyondthecode.newsreader.util.ChromeTabsUtils.ChromeTabsWrapper,bindCustomTabsService/0,false,32,1,1,0,1,3,1,7,1,0,0,1,0,0,0,2,0,0,0,0,1,0,1,0,0,0,8,1,0,false
/home/arch_design_predict/download-github-repos/mvp/repos/newsreader-master/app/src/main/java/com/beyondthecode/newsreader/di/ActivityBindingModule.java,com.beyondthecode.newsreader.di.ActivityBindingModule,newsActivity/0,false,21,4,0,0,0,1,0,1,0,0,0,0,0,0,0,0,0,0,0,0,0,0,0,0,0,0,4,1024,0,false
/home/arch_design_predict/download-github-repos/mvp/repos/newsreader-master/app/src/main/java/com/beyondthecode/newsreader/data/source/local/NewsDatabase.java,com.beyondthecode.newsreader.data.source.local.NewsDatabase,newsDao/0,false,16,1,1,1,0,1,0,1,0,0,0,0,0,0,0,0,0,0,0,0,0,0,0,0,0,0,3,1025,0,false
/home/arch_design_predict/download-github-repos/mvp/repos/newsreader-master/app/src/main/java/com/beyondthecode/newsreader/di/AppComponent.java,com.beyondthecode.newsreader.di.AppComponent$Builder,application/1[com.beyondthecode.newsreader.di.Application],false,41,3,0,0,0,1,0,1,0,0,1,0,0,0,0,0,0,0,0,0,0,0,0,0,0,0,2,0,0,false
/home/arch_design_predict/download-github-repos/mvp/repos/newsreader-master/app/src/main/java/com/beyondthecode/newsreader/di/AppComponent.java,com.beyondthecode.newsreader.di.AppComponent$Builder,build/0,false,44,1,0,0,0,1,0,1,0,0,0,0,0,0,0,0,0,0,0,0,0,0,0,0,0,0,3,0,0,false
/home/arch_design_predict/download-github-repos/mvp/repos/newsreader-master/app/src/main/java/com/beyondthecode/newsreader/util/SortUtils.java,com.beyondthecode.newsreader.util.SortUtils,hashCode/1[java.lang.String],false,20,0,1,1,0,1,5,3,1,0,1,5,0,0,0,0,0,0,0,0,0,0,0,0,0,0,3,9,0,false
/home/arch_design_predict/download-github-repos/mvp/repos/newsreader-master/app/src/main/java/com/beyondthecode/newsreader/util/SortUtils.java,com.beyondthecode.newsreader.util.SortUtils,toTimeStamp/1[java.util.Calendar],false,55,0,1,1,0,1,1,3,1,0,1,1,0,0,0,0,0,0,0,0,0,0,0,0,0,0,5,10,0,false
/home/arch_design_predict/download-github-repos/mvp/repos/newsreader-master/app/src/main/java/com/beyondthecode/newsreader/util/SortUtils.java,com.beyondthecode.newsreader.util.SortUtils,fromCalendar/1[java.util.Calendar],false,26,0,1,1,0,1,4,5,1,2,1,4,0,0,0,0,0,0,2,3,2,1,0,0,0,0,9,10,0,false
/home/arch_design_predict/download-github-repos/mvp/repos/newsreader-master/app/src/main/java/com/beyondthecode/newsreader/util/SortUtils.java,com.beyondthecode.newsreader.util.SortUtils,orderNewsByNewest/1[java.util.List<com.beyondthecode.newsreader.data.models.News>],false,59,1,2,1,1,3,3,24,1,0,1,3,0,0,0,1,0,0,0,1,0,0,1,1,0,0,16,9,0,false
/home/arch_design_predict/download-github-repos/mvp/repos/newsreader-master/app/src/main/java/com/beyondthecode/newsreader/util/SortUtils.java,com.beyondthecode.newsreader.util.SortUtils,now/0,false,37,1,1,0,1,1,2,3,1,0,0,2,1,1,0,0,0,0,0,0,0,0,0,0,0,0,13,9,0,true
/home/arch_design_predict/download-github-repos/mvp/repos/newsreader-master/app/src/main/java/com/beyondthecode/newsreader/util/SortUtils.java,com.beyondthecode.newsreader.util.SortUtils,toCalendar/1[java.lang.String],false,41,0,2,2,0,2,6,13,1,3,1,6,0,0,0,0,1,0,4,4,4,1,1,0,0,0,17,10,0,false
/home/arch_design_predict/download-github-repos/mvp/repos/newsreader-master/app/src/main/java/com/beyondthecode/newsreader/util/SortUtils.java,com.beyondthecode.newsreader.util.SortUtils,getDateDisplayString/1[java.lang.String],false,84,1,1,0,1,3,10,23,2,5,1,10,1,1,0,1,1,0,6,0,6,0,2,0,0,0,16,9,0,false
/home/arch_design_predict/download-github-repos/mvp/repos/newsreader-master/app/src/main/java/com/beyondthecode/newsreader/presentation/news/NewsContract.java,com.beyondthecode.newsreader.presentation.news.NewsContract$View,getImageLoaderService/1[com.beyondthecode.newsreader.presentation.news.Picasso],false,17,1,1,1,0,1,0,1,0,0,1,0,0,0,0,0,0,0,0,0,0,0,0,0,0,0,6,0,0,false
/home/arch_design_predict/download-github-repos/mvp/repos/newsreader-master/app/src/main/java/com/beyondthecode/newsreader/presentation/news/NewsContract.java,com.beyondthecode.newsreader.presentation.news.NewsContract$View,showSuccessfullyArchivedNews/0,false,15,0,1,1,0,1,0,1,0,0,0,0,0,0,0,0,0,0,0,0,0,0,0,0,0,0,4,0,0,false
/home/arch_design_predict/download-github-repos/mvp/repos/newsreader-master/app/src/main/java/com/beyondthecode/newsreader/presentation/news/NewsContract.java,com.beyondthecode.newsreader.presentation.news.NewsContract$View,showNoNews/0,false,13,0,1,1,0,1,0,1,0,0,0,0,0,0,0,0,0,0,0,0,0,0,0,0,0,0,3,0,0,false
/home/arch_design_predict/download-github-repos/mvp/repos/newsreader-master/app/src/main/java/com/beyondthecode/newsreader/presentation/news/NewsContract.java,com.beyondthecode.newsreader.presentation.news.NewsContract$View,showNews/1[java.util.List<com.beyondthecode.newsreader.data.models.News>],false,11,1,1,1,0,1,0,1,0,0,1,0,0,0,0,0,0,0,0,0,0,0,0,0,0,0,3,0,0,false
/home/arch_design_predict/download-github-repos/mvp/repos/newsreader-master/app/src/main/java/com/beyondthecode/newsreader/mvp/BasePresenter.java,com.beyondthecode.newsreader.mvp.BasePresenter,subscribe/1[V],false,7,1,0,0,0,1,0,3,0,0,1,0,0,0,0,0,0,0,0,0,1,0,0,0,0,0,3,1,0,false
/home/arch_design_predict/download-github-repos/mvp/repos/newsreader-master/app/src/main/java/com/beyondthecode/newsreader/mvp/BasePresenter.java,com.beyondthecode.newsreader.mvp.BasePresenter,unsubscribe/0,false,11,0,0,0,0,1,0,3,0,0,0,0,0,0,0,0,0,0,0,0,1,0,0,0,0,0,3,1,0,false
/home/arch_design_predict/download-github-repos/mvp/repos/newsreader-master/app/src/main/java/com/beyondthecode/newsreader/util/SimpleCountingIdlingResource.java,com.beyondthecode.newsreader.util.SimpleCountingIdlingResource,increment/0,false,45,0,1,1,0,1,1,3,0,0,0,1,0,0,0,0,0,0,0,0,0,0,0,0,0,0,11,1,0,true
/home/arch_design_predict/download-github-repos/mvp/repos/newsreader-master/app/src/main/java/com/beyondthecode/newsreader/util/SimpleCountingIdlingResource.java,com.beyondthecode.newsreader.util.SimpleCountingIdlingResource,getName/0,false,28,0,0,0,0,1,0,3,1,0,0,0,0,0,0,0,0,0,0,0,0,0,0,0,0,0,3,1,0,false
/home/arch_design_predict/download-github-repos/mvp/repos/newsreader-master/app/src/main/java/com/beyondthecode/newsreader/util/SimpleCountingIdlingResource.java,com.beyondthecode.newsreader.util.SimpleCountingIdlingResource,decrement/0,false,54,0,1,1,0,4,2,11,0,1,0,2,0,0,0,2,0,0,1,2,1,0,2,0,0,0,29,1,0,true
/home/arch_design_predict/download-github-repos/mvp/repos/newsreader-master/app/src/main/java/com/beyondthecode/newsreader/util/SimpleCountingIdlingResource.java,com.beyondthecode.newsreader.util.SimpleCountingIdlingResource,SimpleCountingIdlingResource/1[java.lang.String],true,23,0,0,0,0,1,1,3,0,0,1,1,0,0,0,0,0,0,0,0,1,0,0,0,0,0,13,1,0,true
/home/arch_design_predict/download-github-repos/mvp/repos/newsreader-master/app/src/main/java/com/beyondthecode/newsreader/util/SimpleCountingIdlingResource.java,com.beyondthecode.newsreader.util.SimpleCountingIdlingResource,isIdleNow/0,false,33,0,0,0,0,2,1,3,1,0,0,1,0,0,0,1,0,0,0,1,0,0,0,0,0,0,3,1,0,false
/home/arch_design_predict/download-github-repos/mvp/repos/newsreader-master/app/src/main/java/com/beyondthecode/newsreader/util/SimpleCountingIdlingResource.java,com.beyondthecode.newsreader.util.SimpleCountingIdlingResource,registerIdleTransitionCallback/1[com.beyondthecode.newsreader.util.ResourceCallback],false,38,1,0,0,0,1,0,3,0,0,1,0,0,0,0,0,0,0,0,0,1,0,0,0,0,0,6,1,0,false
/home/arch_design_predict/download-github-repos/mvp/repos/newsreader-master/app/src/main/java/com/beyondthecode/newsreader/data/source/NewsRepository.java,com.beyondthecode.newsreader.data.source.NewsRepository,"getNews/2[java.lang.String,com.beyondthecode.newsreader.data.source.NewsDataSource.LoadNewsCallBack]",false,44,5,5,1,4,2,3,20,0,0,2,3,1,1,0,0,0,0,0,0,0,0,1,1,0,0,38,1,0,true
/home/arch_design_predict/download-github-repos/mvp/repos/newsreader-master/app/src/main/java/com/beyondthecode/newsreader/data/source/NewsRepository.java,com.beyondthecode.newsreader.data.source.NewsRepository,getSavedNewsFromRemoteDataSource/1[com.beyondthecode.newsreader.data.source.NewsDataSource.LoadSavedNewsCallback],false,96,3,3,1,2,1,1,11,0,0,1,1,0,0,0,0,0,0,0,0,0,0,0,1,0,0,15,2,0,false
/home/arch_design_predict/download-github-repos/mvp/repos/newsreader-master/app/src/main/java/com/beyondthecode/newsreader/data/source/NewsRepository.java,com.beyondthecode.newsreader.data.source.NewsRepository,insertNews/1[com.beyondthecode.newsreader.data.models.News],false,149,2,2,1,1,1,1,4,0,0,1,1,0,0,0,0,0,0,0,0,0,0,0,0,0,0,13,1,0,true
/home/arch_design_predict/download-github-repos/mvp/repos/newsreader-master/app/src/main/java/com/beyondthecode/newsreader/data/source/NewsRepository.java,com.beyondthecode.newsreader.data.source.NewsRepository,"setNewsItemContent/2[com.beyondthecode.newsreader.data.models.News,java.lang.String]",false,182,3,8,1,7,1,7,5,0,0,2,7,0,0,0,0,0,0,0,0,0,0,0,0,0,0,5,2,0,false
/home/arch_design_predict/download-github-repos/mvp/repos/newsreader-master/app/src/main/java/com/beyondthecode/newsreader/data/source/NewsRepository.java,com.beyondthecode.newsreader.data.source.NewsRepository,refreshNews/1[java.lang.String],false,168,1,2,1,1,1,1,4,0,0,1,1,0,0,0,0,0,0,0,0,0,0,0,0,0,0,19,1,0,true
/home/arch_design_predict/download-github-repos/mvp/repos/newsreader-master/app/src/main/java/com/beyondthecode/newsreader/data/source/NewsRepository.java,com.beyondthecode.newsreader.data.source.NewsRepository,deleteNews/0,false,177,1,1,0,1,1,1,4,0,0,0,1,0,0,0,0,0,0,0,0,0,0,0,0,0,0,12,1,0,true
/home/arch_design_predict/download-github-repos/mvp/repos/newsreader-master/app/src/main/java/com/beyondthecode/newsreader/data/source/NewsRepository.java,com.beyondthecode.newsreader.data.source.NewsRepository,"getNewsFromLocalDataSource/2[java.lang.String,com.beyondthecode.newsreader.data.source.NewsDataSource.LoadNewsCallBack]",false,110,3,4,2,2,1,1,14,0,0,2,1,0,0,0,0,0,0,0,0,0,0,0,1,0,0,18,2,0,false
/home/arch_design_predict/download-github-repos/mvp/repos/newsreader-master/app/src/main/java/com/beyondthecode/newsreader/data/source/NewsRepository.java,com.beyondthecode.newsreader.data.source.NewsRepository,"NewsRepository/3[com.beyondthecode.newsreader.data.source.NewsDataSource,com.beyondthecode.newsreader.data.source.NewsDataSource,com.beyondthecode.newsreader.util.ConnectivityUtils.OnlineChecker]",true,30,5,0,0,0,1,0,5,0,0,3,0,0,0,0,0,0,0,0,0,3,0,0,0,0,0,10,1,0,false
/home/arch_design_predict/download-github-repos/mvp/repos/newsreader-master/app/src/main/java/com/beyondthecode/newsreader/data/source/NewsRepository.java,com.beyondthecode.newsreader.data.source.NewsRepository,getArchivedNews/1[com.beyondthecode.newsreader.data.source.NewsDataSource.LoadSavedNewsCallback],false,79,3,3,1,2,1,1,12,0,0,1,1,0,0,0,0,0,0,0,0,0,0,0,1,0,0,33,1,0,true
/home/arch_design_predict/download-github-repos/mvp/repos/newsreader-master/app/src/main/java/com/beyondthecode/newsreader/data/source/NewsRepository.java,com.beyondthecode.newsreader.data.source.NewsRepository,"refreshNews/2[java.lang.String,java.util.List<com.beyondthecode.newsreader.data.models.News>]",false,134,2,4,1,3,2,3,7,0,0,2,3,3,1,1,0,0,0,0,0,0,0,1,0,0,0,26,2,0,true
/home/arch_design_predict/download-github-repos/mvp/repos/newsreader-master/app/src/main/java/com/beyondthecode/newsreader/data/source/NewsRepository.java,com.beyondthecode.newsreader.data.source.NewsRepository,updateNews/1[com.beyondthecode.newsreader.data.models.News],false,158,2,2,1,1,1,1,4,0,0,1,1,0,0,0,0,0,0,0,0,0,0,0,0,0,0,12,1,0,true
/home/arch_design_predict/download-github-repos/mvp/repos/newsreader-master/app/src/main/java/com/beyondthecode/newsreader/util/ConnectivityUtils/DefaultOnlineChecker.java,com.beyondthecode.newsreader.util.ConnectivityUtils.DefaultOnlineChecker,isOnline/0,false,14,1,0,0,0,2,2,4,1,1,0,2,0,0,0,1,0,0,0,0,1,0,0,0,0,0,6,1,0,false
/home/arch_design_predict/download-github-repos/mvp/repos/newsreader-master/app/src/main/java/com/beyondthecode/newsreader/util/ConnectivityUtils/DefaultOnlineChecker.java,com.beyondthecode.newsreader.util.ConnectivityUtils.DefaultOnlineChecker,DefaultOnlineChecker/1[com.beyondthecode.newsreader.util.ConnectivityUtils.ConnectivityManager],true,10,1,1,1,0,1,0,3,0,0,1,0,0,0,0,0,0,0,0,0,1,0,0,0,0,0,6,1,0,false
/home/arch_design_predict/download-github-repos/mvp/repos/newsreader-master/app/src/main/java/com/beyondthecode/newsreader/util/ConnectivityUtils/OnlineChecker.java,com.beyondthecode.newsreader.util.ConnectivityUtils.OnlineChecker,isOnline/0,false,8,0,2,2,0,1,0,1,0,0,0,0,0,0,0,0,0,0,0,0,0,0,0,0,0,0,2,0,0,false
/home/arch_design_predict/download-github-repos/mvp/repos/newsreader-master/app/src/main/java/com/beyondthecode/newsreader/data/models/News.java,com.beyondthecode.newsreader.data.models.News$SourceData,setName/1[java.lang.String],false,224,0,0,0,0,1,0,3,0,0,1,0,0,0,0,0,0,0,0,0,1,0,0,0,0,0,3,1,0,false
/home/arch_design_predict/download-github-repos/mvp/repos/newsreader-master/app/src/main/java/com/beyondthecode/newsreader/data/models/News.java,com.beyondthecode.newsreader.data.models.News$SourceData,getName/0,false,220,0,1,1,0,1,0,3,1,0,0,0,0,0,0,0,0,0,0,0,0,0,0,0,0,0,3,1,0,false
/home/arch_design_predict/download-github-repos/mvp/repos/newsreader-master/app/src/main/java/com/beyondthecode/newsreader/presentation/news/NewsActivity.java,com.beyondthecode.newsreader.presentation.news.NewsActivity,onCreate/1[com.beyondthecode.newsreader.presentation.news.Bundle],false,13,1,0,0,0,1,2,4,0,0,1,2,0,0,0,0,0,0,0,0,0,0,0,0,0,0,9,4,0,false
/home/arch_design_predict/download-github-repos/mvp/repos/newsreader-master/app/src/main/java/com/beyondthecode/newsreader/data/source/NewsRepositoryModule.java,com.beyondthecode.newsreader.data.source.NewsRepositoryModule,"provideNewsLocalDataSource/2[com.beyondthecode.newsreader.util.ExecutorUtils.AppExecutors,com.beyondthecode.newsreader.data.source.local.NewsDao]",false,31,7,1,0,1,1,0,3,1,0,2,0,0,0,0,0,0,0,0,0,0,0,0,0,0,0,9,0,0,false
/home/arch_design_predict/download-github-repos/mvp/repos/newsreader-master/app/src/main/java/com/beyondthecode/newsreader/data/source/NewsRepositoryModule.java,com.beyondthecode.newsreader.data.source.NewsRepositoryModule,provideNewsRemoteDataSource/1[com.beyondthecode.newsreader.data.source.remote.NewsService],false,38,6,1,0,1,1,0,3,1,0,1,0,0,0,0,0,0,0,0,0,0,0,0,0,0,0,7,0,0,false
/home/arch_design_predict/download-github-repos/mvp/repos/newsreader-master/app/src/main/java/com/beyondthecode/newsreader/data/models/NewsResponse.java,com.beyondthecode.newsreader.data.models.NewsResponse,getArticles/0,false,27,1,0,0,0,1,0,3,1,0,0,0,0,0,0,0,0,0,0,0,0,0,0,0,0,0,3,1,0,false
/home/arch_design_predict/download-github-repos/mvp/repos/newsreader-master/app/src/main/java/com/beyondthecode/newsreader/data/models/NewsResponse.java,com.beyondthecode.newsreader.data.models.NewsResponse,setTotalResults/1[int],false,47,0,0,0,0,1,0,3,0,0,1,0,0,0,0,0,0,0,0,0,1,0,0,0,0,0,4,1,0,false
/home/arch_design_predict/download-github-repos/mvp/repos/newsreader-master/app/src/main/java/com/beyondthecode/newsreader/data/models/NewsResponse.java,com.beyondthecode.newsreader.data.models.NewsResponse,setArticles/1[java.util.List<com.beyondthecode.newsreader.data.models.News>],false,31,1,0,0,0,1,0,3,0,0,1,0,0,0,0,0,0,0,0,0,1,0,0,0,0,0,3,1,0,false
/home/arch_design_predict/download-github-repos/mvp/repos/newsreader-master/app/src/main/java/com/beyondthecode/newsreader/data/models/NewsResponse.java,com.beyondthecode.newsreader.data.models.NewsResponse,getTotalResults/0,false,43,0,0,0,0,1,0,3,1,0,0,0,0,0,0,0,0,0,0,0,0,0,0,0,0,0,4,1,0,false
/home/arch_design_predict/download-github-repos/mvp/repos/newsreader-master/app/src/main/java/com/beyondthecode/newsreader/data/models/NewsResponse.java,com.beyondthecode.newsreader.data.models.NewsResponse,NewsResponse/0,true,23,1,0,0,0,1,0,3,0,0,0,0,0,0,0,0,0,0,0,0,1,0,0,0,0,0,3,1,0,false
/home/arch_design_predict/download-github-repos/mvp/repos/newsreader-master/app/src/main/java/com/beyondthecode/newsreader/data/models/NewsResponse.java,com.beyondthecode.newsreader.data.models.NewsResponse,getStatus/0,false,35,0,0,0,0,1,0,3,1,0,0,0,0,0,0,0,0,0,0,0,0,0,0,0,0,0,3,1,0,false
/home/arch_design_predict/download-github-repos/mvp/repos/newsreader-master/app/src/main/java/com/beyondthecode/newsreader/data/models/NewsResponse.java,com.beyondthecode.newsreader.data.models.NewsResponse,setStatus/1[java.lang.String],false,39,0,0,0,0,1,0,3,0,0,1,0,0,0,0,0,0,0,0,0,1,0,0,0,0,0,3,1,0,false
/home/arch_design_predict/download-github-repos/mvp/repos/newsreader-master/app/src/main/java/com/beyondthecode/newsreader/util/ExecutorUtils/AppExecutors.java,com.beyondthecode.newsreader.util.ExecutorUtils.AppExecutors,"AppExecutors/3[java.util.concurrent.Executor,java.util.concurrent.Executor,java.util.concurrent.Executor]",true,26,0,1,1,0,1,0,5,0,0,3,0,0,0,0,0,0,0,0,0,3,0,0,0,0,0,9,1,0,false
/home/arch_design_predict/download-github-repos/mvp/repos/newsreader-master/app/src/main/java/com/beyondthecode/newsreader/util/ExecutorUtils/AppExecutors.java,com.beyondthecode.newsreader.util.ExecutorUtils.AppExecutors,getDiskIO/0,false,32,0,6,6,0,1,0,3,1,0,0,0,0,0,0,0,0,0,0,0,0,0,0,0,0,0,6,1,0,false
/home/arch_design_predict/download-github-repos/mvp/repos/newsreader-master/app/src/main/java/com/beyondthecode/newsreader/util/ExecutorUtils/AppExecutors.java,com.beyondthecode.newsreader.util.ExecutorUtils.AppExecutors,getNetworkIO/0,false,36,0,0,0,0,1,0,3,1,0,0,0,0,0,0,0,0,0,0,0,0,0,0,0,0,0,6,1,0,false
/home/arch_design_predict/download-github-repos/mvp/repos/newsreader-master/app/src/main/java/com/beyondthecode/newsreader/util/ExecutorUtils/AppExecutors.java,com.beyondthecode.newsreader.util.ExecutorUtils.AppExecutors,getMainThread/0,false,40,0,2,2,0,1,0,3,1,0,0,0,0,0,0,0,0,0,0,0,0,0,0,0,0,0,5,1,0,false
/home/arch_design_predict/download-github-repos/mvp/repos/newsreader-master/app/src/main/java/com/beyondthecode/newsreader/data/source/remote/NewsRemoteDataSource.java,com.beyondthecode.newsreader.data.source.remote.NewsRemoteDataSource$Anonymous2,onSubscribe/1[com.beyondthecode.newsreader.data.source.remote.Disposable],false,47,2,1,0,1,1,1,3,0,0,1,1,0,0,0,0,0,0,0,0,0,0,0,0,0,0,4,1,0,false
/home/arch_design_predict/download-github-repos/mvp/repos/newsreader-master/app/src/main/java/com/beyondthecode/newsreader/data/source/remote/NewsRemoteDataSource.java,com.beyondthecode.newsreader.data.source.remote.NewsRemoteDataSource$Anonymous2,onSuccess/1[java.util.List<com.beyondthecode.newsreader.data.models.News>],false,52,2,1,0,1,1,1,3,0,0,1,1,0,0,0,0,0,0,0,0,0,0,0,0,0,0,3,1,0,false
/home/arch_design_predict/download-github-repos/mvp/repos/newsreader-master/app/src/main/java/com/beyondthecode/newsreader/data/source/remote/NewsRemoteDataSource.java,com.beyondthecode.newsreader.data.source.remote.NewsRemoteDataSource$Anonymous2,onError/1[java.lang.Throwable],false,57,1,1,0,1,1,1,3,0,0,1,1,0,0,0,0,0,0,0,0,0,0,0,0,0,0,4,1,0,false
/home/arch_design_predict/download-github-repos/mvp/repos/newsreader-master/app/src/main/java/com/beyondthecode/newsreader/data/source/remote/NewsRemoteDataSource.java,com.beyondthecode.newsreader.data.source.remote.NewsRemoteDataSource$Anonymous1,apply/1[com.beyondthecode.newsreader.data.models.NewsResponse],false,41,2,0,0,0,1,0,3,1,0,1,0,0,0,0,0,0,0,0,0,0,0,0,0,0,0,5,1,0,false
/home/arch_design_predict/download-github-repos/mvp/repos/newsreader-master/app/src/main/java/com/beyondthecode/newsreader/presentation/news/NewsPresenter.java,com.beyondthecode.newsreader.presentation.news.NewsPresenter,onArchiveNews/1[com.beyondthecode.newsreader.data.models.News],false,96,3,3,0,3,1,3,5,0,0,1,3,0,0,0,0,0,0,0,0,0,0,0,0,0,0,12,1,0,true
/home/arch_design_predict/download-github-repos/mvp/repos/newsreader-master/app/src/main/java/com/beyondthecode/newsreader/presentation/news/NewsPresenter.java,com.beyondthecode.newsreader.presentation.news.NewsPresenter,processEmptyDataList/0,false,113,1,3,2,1,2,1,4,1,0,0,1,0,0,0,1,0,0,0,0,0,0,1,0,0,0,6,2,0,false
/home/arch_design_predict/download-github-repos/mvp/repos/newsreader-master/app/src/main/java/com/beyondthecode/newsreader/presentation/news/NewsPresenter.java,com.beyondthecode.newsreader.presentation.news.NewsPresenter,addDisposable/1[com.beyondthecode.newsreader.presentation.news.Disposable],false,129,1,1,1,0,1,1,3,0,0,1,1,0,0,0,0,0,0,0,0,0,0,0,0,0,0,3,2,0,false
/home/arch_design_predict/download-github-repos/mvp/repos/newsreader-master/app/src/main/java/com/beyondthecode/newsreader/presentation/news/NewsPresenter.java,com.beyondthecode.newsreader.presentation.news.NewsPresenter,onLoadNews/1[java.lang.String],false,42,3,3,0,3,1,2,17,0,0,1,2,1,1,0,0,0,0,0,0,0,0,0,1,0,0,31,1,0,true
/home/arch_design_predict/download-github-repos/mvp/repos/newsreader-master/app/src/main/java/com/beyondthecode/newsreader/presentation/news/NewsPresenter.java,com.beyondthecode.newsreader.presentation.news.NewsPresenter,"NewsPresenter/3[com.beyondthecode.newsreader.data.source.NewsRepository,com.beyondthecode.newsreader.presentation.news.CompositeDisposable,com.beyondthecode.newsreader.util.ChromeTabsUtils.ChromeTabsWrapper]",true,28,4,0,0,0,1,0,5,0,0,3,0,0,0,0,0,0,0,0,0,3,0,0,0,0,0,7,1,0,false
/home/arch_design_predict/download-github-repos/mvp/repos/newsreader-master/app/src/main/java/com/beyondthecode/newsreader/presentation/news/NewsPresenter.java,com.beyondthecode.newsreader.presentation.news.NewsPresenter,onLoadSavedNews/0,false,72,2,2,0,2,1,1,11,0,0,0,1,0,0,0,0,0,0,0,0,0,0,0,1,0,0,21,1,0,true
/home/arch_design_predict/download-github-repos/mvp/repos/newsreader-master/app/src/main/java/com/beyondthecode/newsreader/presentation/news/NewsPresenter.java,com.beyondthecode.newsreader.presentation.news.NewsPresenter,notifyEspressoAppIsBusy/0,false,125,1,2,1,1,1,1,3,0,0,0,1,0,0,0,0,0,0,0,0,0,0,0,0,0,0,5,2,0,false
/home/arch_design_predict/download-github-repos/mvp/repos/newsreader-master/app/src/main/java/com/beyondthecode/newsreader/presentation/news/NewsPresenter.java,com.beyondthecode.newsreader.presentation.news.NewsPresenter,processDataToBeDisplayed/1[java.util.List<com.beyondthecode.newsreader.data.models.News>],false,103,4,5,1,4,2,5,7,0,0,1,5,1,1,0,0,0,0,0,0,0,0,2,0,0,0,9,2,0,false
/home/arch_design_predict/download-github-repos/mvp/repos/newsreader-master/app/src/main/java/com/beyondthecode/newsreader/presentation/news/NewsPresenter.java,com.beyondthecode.newsreader.presentation.news.NewsPresenter,onShowNewsDetail/1[com.beyondthecode.newsreader.data.models.News],false,87,2,2,0,2,1,2,3,0,0,1,2,0,0,0,0,0,0,0,0,0,0,0,0,0,0,6,1,0,false
/home/arch_design_predict/download-github-repos/mvp/repos/newsreader-master/app/src/main/java/com/beyondthecode/newsreader/presentation/news/NewsPresenter.java,com.beyondthecode.newsreader.presentation.news.NewsPresenter,notifyEspressoAppIsIdle/0,false,119,1,4,2,2,2,3,3,0,0,0,3,0,0,0,0,0,0,0,0,0,0,1,0,0,0,5,2,0,false
/home/arch_design_predict/download-github-repos/mvp/repos/newsreader-master/app/src/main/java/com/beyondthecode/newsreader/data/source/NewsDataSource.java,com.beyondthecode.newsreader.data.source.NewsDataSource,deleteNews/0,false,36,0,1,1,0,1,0,1,0,0,0,0,0,0,0,0,0,0,0,0,0,0,0,0,0,0,2,0,0,false
/home/arch_design_predict/download-github-repos/mvp/repos/newsreader-master/app/src/main/java/com/beyondthecode/newsreader/data/source/NewsDataSource.java,com.beyondthecode.newsreader.data.source.NewsDataSource,refreshNews/1[java.lang.String],false,34,0,1,1,0,1,0,1,0,0,1,0,0,0,0,0,0,0,0,0,0,0,0,0,0,0,3,0,0,false
/home/arch_design_predict/download-github-repos/mvp/repos/newsreader-master/app/src/main/java/com/beyondthecode/newsreader/data/source/NewsDataSource.java,com.beyondthecode.newsreader.data.source.NewsDataSource,updateNews/1[com.beyondthecode.newsreader.data.models.News],false,32,1,1,1,0,1,0,1,0,0,1,0,0,0,0,0,0,0,0,0,0,0,0,0,0,0,3,0,0,false
/home/arch_design_predict/download-github-repos/mvp/repos/newsreader-master/app/src/main/java/com/beyondthecode/newsreader/data/source/NewsDataSource.java,com.beyondthecode.newsreader.data.source.NewsDataSource,"getNews/2[java.lang.String,com.beyondthecode.newsreader.data.source.NewsDataSource.LoadNewsCallBack]",false,26,2,2,2,0,1,0,1,0,0,2,0,0,0,0,0,0,0,0,0,0,0,0,0,0,0,6,0,0,false
/home/arch_design_predict/download-github-repos/mvp/repos/newsreader-master/app/src/main/java/com/beyondthecode/newsreader/data/source/NewsDataSource.java,com.beyondthecode.newsreader.data.source.NewsDataSource,getArchivedNews/1[com.beyondthecode.newsreader.data.source.NewsDataSource.LoadSavedNewsCallback],false,28,2,2,2,0,1,0,1,0,0,1,0,0,0,0,0,0,0,0,0,0,0,0,0,0,0,7,0,0,false
/home/arch_design_predict/download-github-repos/mvp/repos/newsreader-master/app/src/main/java/com/beyondthecode/newsreader/data/source/NewsDataSource.java,com.beyondthecode.newsreader.data.source.NewsDataSource,insertNews/1[com.beyondthecode.newsreader.data.models.News],false,30,1,1,1,0,1,0,1,0,0,1,0,0,0,0,0,0,0,0,0,0,0,0,0,0,0,3,0,0,false
/home/arch_design_predict/download-github-repos/mvp/repos/newsreader-master/app/src/main/java/com/beyondthecode/newsreader/NewsReaderApplication.java,com.beyondthecode.newsreader.NewsReaderApplication,applicationInjector/0,false,13,1,0,0,0,1,3,3,1,0,0,3,0,0,0,0,0,0,0,0,0,0,0,0,0,0,4,4,0,false
/home/arch_design_predict/download-github-repos/mvp/repos/newsreader-master/app/src/main/java/com/beyondthecode/newsreader/data/models/News.java,com.beyondthecode.newsreader.data.models.News,getSourceDataString/0,false,117,0,0,0,0,1,0,3,1,0,0,0,0,0,0,0,0,0,0,0,0,0,0,0,0,0,5,1,0,false
/home/arch_design_predict/download-github-repos/mvp/repos/newsreader-master/app/src/main/java/com/beyondthecode/newsreader/data/models/News.java,com.beyondthecode.newsreader.data.models.News,getUrl/0,false,141,0,1,1,0,1,0,3,1,0,0,0,0,0,0,0,0,0,0,0,0,0,0,0,0,0,3,1,0,false
/home/arch_design_predict/download-github-repos/mvp/repos/newsreader-master/app/src/main/java/com/beyondthecode/newsreader/data/models/News.java,com.beyondthecode.newsreader.data.models.News,getAuthor/0,false,133,0,0,0,0,1,0,3,1,0,0,0,0,0,0,0,0,0,0,0,0,0,0,0,0,0,3,1,0,false
/home/arch_design_predict/download-github-repos/mvp/repos/newsreader-master/app/src/main/java/com/beyondthecode/newsreader/data/models/News.java,com.beyondthecode.newsreader.data.models.News,isArchived/0,false,173,0,0,0,0,1,0,3,1,0,0,0,0,0,0,0,0,0,0,0,0,0,0,0,0,0,3,1,0,false
/home/arch_design_predict/download-github-repos/mvp/repos/newsreader-master/app/src/main/java/com/beyondthecode/newsreader/data/models/News.java,com.beyondthecode.newsreader.data.models.News,setTitle/1[java.lang.String],false,129,0,0,0,0,1,0,3,0,0,1,0,0,0,0,0,0,0,0,0,1,0,0,0,0,0,3,1,0,false
/home/arch_design_predict/download-github-repos/mvp/repos/newsreader-master/app/src/main/java/com/beyondthecode/newsreader/data/models/News.java,com.beyondthecode.newsreader.data.models.News,setId/1[int],false,105,0,1,1,0,1,0,3,0,0,1,0,0,0,0,0,0,0,0,0,1,0,0,0,0,0,3,1,0,false
/home/arch_design_predict/download-github-repos/mvp/repos/newsreader-master/app/src/main/java/com/beyondthecode/newsreader/data/models/News.java,com.beyondthecode.newsreader.data.models.News,setAuthor/1[java.lang.String],false,137,0,0,0,0,1,0,3,0,0,1,0,0,0,0,0,0,0,0,0,1,0,0,0,0,0,3,1,0,false
/home/arch_design_predict/download-github-repos/mvp/repos/newsreader-master/app/src/main/java/com/beyondthecode/newsreader/data/models/News.java,com.beyondthecode.newsreader.data.models.News,getDescription/0,false,149,0,0,0,0,1,0,3,1,0,0,0,0,0,0,0,0,0,0,0,0,0,0,0,0,0,3,1,0,false
/home/arch_design_predict/download-github-repos/mvp/repos/newsreader-master/app/src/main/java/com/beyondthecode/newsreader/data/models/News.java,com.beyondthecode.newsreader.data.models.News,setPublishedAt/1[java.lang.String],false,169,0,0,0,0,1,0,3,0,0,1,0,0,0,0,0,0,0,0,0,1,0,0,0,0,0,4,1,0,false
/home/arch_design_predict/download-github-repos/mvp/repos/newsreader-master/app/src/main/java/com/beyondthecode/newsreader/data/models/News.java,com.beyondthecode.newsreader.data.models.News,equals/1[java.lang.Object],false,195,1,0,0,0,4,1,6,3,1,1,1,0,0,0,2,0,1,0,0,1,0,1,0,0,0,8,1,0,false
/home/arch_design_predict/download-github-repos/mvp/repos/newsreader-master/app/src/main/java/com/beyondthecode/newsreader/data/models/News.java,com.beyondthecode.newsreader.data.models.News,setUrlToImage/1[java.lang.String],false,161,0,0,0,0,1,0,3,0,0,1,0,0,0,0,0,0,0,0,0,1,0,0,0,0,0,5,1,0,false
/home/arch_design_predict/download-github-repos/mvp/repos/newsreader-master/app/src/main/java/com/beyondthecode/newsreader/data/models/News.java,com.beyondthecode.newsreader.data.models.News,setSourceData/1[com.beyondthecode.newsreader.data.models.News.SourceData],false,113,1,0,0,0,1,0,3,0,0,1,0,0,0,0,0,0,0,0,0,1,0,0,0,0,0,4,1,0,false
/home/arch_design_predict/download-github-repos/mvp/repos/newsreader-master/app/src/main/java/com/beyondthecode/newsreader/data/models/News.java,com.beyondthecode.newsreader.data.models.News,setDescription/1[java.lang.String],false,153,0,0,0,0,1,0,3,0,0,1,0,0,0,0,0,0,0,0,0,1,0,0,0,0,0,3,1,0,false
/home/arch_design_predict/download-github-repos/mvp/repos/newsreader-master/app/src/main/java/com/beyondthecode/newsreader/data/models/News.java,com.beyondthecode.newsreader.data.models.News,"News/4[java.lang.String,java.lang.String,boolean,java.lang.String]",true,85,1,0,0,0,1,0,6,0,0,4,0,0,0,0,0,0,0,0,0,4,0,0,0,0,0,5,1,0,false
/home/arch_design_predict/download-github-repos/mvp/repos/newsreader-master/app/src/main/java/com/beyondthecode/newsreader/data/models/News.java,com.beyondthecode.newsreader.data.models.News,hashCode/0,false,207,0,0,0,0,1,1,3,1,0,0,1,0,0,0,0,0,0,0,0,0,0,0,0,0,0,2,1,0,false
/home/arch_design_predict/download-github-repos/mvp/repos/newsreader-master/app/src/main/java/com/beyondthecode/newsreader/data/models/News.java,com.beyondthecode.newsreader.data.models.News,setUrl/1[java.lang.String],false,145,0,0,0,0,1,0,3,0,0,1,0,0,0,0,0,0,0,0,0,1,0,0,0,0,0,3,1,0,false
/home/arch_design_predict/download-github-repos/mvp/repos/newsreader-master/app/src/main/java/com/beyondthecode/newsreader/data/models/News.java,com.beyondthecode.newsreader.data.models.News,setSourceDataString/1[java.lang.String],false,121,0,1,1,0,1,0,3,0,0,1,0,0,0,0,0,0,0,0,0,1,0,0,0,0,0,5,1,0,false
/home/arch_design_predict/download-github-repos/mvp/repos/newsreader-master/app/src/main/java/com/beyondthecode/newsreader/data/models/News.java,com.beyondthecode.newsreader.data.models.News,getPublishedAt/0,false,165,0,1,1,0,1,0,3,1,0,0,0,0,0,0,0,0,0,0,0,0,0,0,0,0,0,4,1,0,false
/home/arch_design_predict/download-github-repos/mvp/repos/newsreader-master/app/src/main/java/com/beyondthecode/newsreader/data/models/News.java,com.beyondthecode.newsreader.data.models.News,"News/8[java.lang.String,java.lang.String,java.lang.String,java.lang.String,java.lang.String,java.lang.String,java.lang.String,boolean]",true,64,0,0,0,0,1,0,10,0,0,8,0,0,0,0,0,0,0,0,0,8,0,0,0,0,0,11,1,0,false
/home/arch_design_predict/download-github-repos/mvp/repos/newsreader-master/app/src/main/java/com/beyondthecode/newsreader/data/models/News.java,com.beyondthecode.newsreader.data.models.News,getId/0,false,101,0,0,0,0,1,0,3,1,0,0,0,0,0,0,0,0,0,0,0,0,0,0,0,0,0,3,1,0,false
/home/arch_design_predict/download-github-repos/mvp/repos/newsreader-master/app/src/main/java/com/beyondthecode/newsreader/data/models/News.java,com.beyondthecode.newsreader.data.models.News,getUrlToImage/0,false,157,0,0,0,0,1,0,3,1,0,0,0,0,0,0,0,0,0,0,0,0,0,0,0,0,0,5,1,0,false
/home/arch_design_predict/download-github-repos/mvp/repos/newsreader-master/app/src/main/java/com/beyondthecode/newsreader/data/models/News.java,com.beyondthecode.newsreader.data.models.News,toString/0,false,190,0,0,0,0,1,0,3,1,0,0,0,0,0,0,0,0,1,0,0,0,1,0,0,0,0,4,1,0,false
/home/arch_design_predict/download-github-repos/mvp/repos/newsreader-master/app/src/main/java/com/beyondthecode/newsreader/data/models/News.java,com.beyondthecode.newsreader.data.models.News,"News/5[int,java.lang.String,java.lang.String,boolean,java.lang.String]",true,76,1,0,0,0,1,0,7,0,0,5,0,0,0,0,0,0,0,0,0,5,0,0,0,0,0,6,1,0,false
/home/arch_design_predict/download-github-repos/mvp/repos/newsreader-master/app/src/main/java/com/beyondthecode/newsreader/data/models/News.java,com.beyondthecode.newsreader.data.models.News,setCategory/1[java.lang.String],false,185,0,1,1,0,1,0,3,0,0,1,0,0,0,0,0,0,0,0,0,1,0,0,0,0,0,3,1,0,false
/home/arch_design_predict/download-github-repos/mvp/repos/newsreader-master/app/src/main/java/com/beyondthecode/newsreader/data/models/News.java,com.beyondthecode.newsreader.data.models.News,"News/5[java.lang.String,java.lang.String,boolean,java.lang.String,java.lang.String]",true,93,1,0,0,0,1,0,7,0,0,5,0,0,0,0,0,0,0,0,0,5,0,0,0,0,0,7,1,0,false
/home/arch_design_predict/download-github-repos/mvp/repos/newsreader-master/app/src/main/java/com/beyondthecode/newsreader/data/models/News.java,com.beyondthecode.newsreader.data.models.News,getSourceData/0,false,109,1,1,1,0,1,0,3,1,0,0,0,0,0,0,0,0,0,0,0,0,0,0,0,0,0,4,1,0,false
/home/arch_design_predict/download-github-repos/mvp/repos/newsreader-master/app/src/main/java/com/beyondthecode/newsreader/data/models/News.java,com.beyondthecode.newsreader.data.models.News,getTitle/0,false,125,0,1,1,0,1,0,3,1,0,0,0,0,0,0,0,0,0,0,0,0,0,0,0,0,0,3,1,0,false
/home/arch_design_predict/download-github-repos/mvp/repos/newsreader-master/app/src/main/java/com/beyondthecode/newsreader/data/models/News.java,com.beyondthecode.newsreader.data.models.News,setArchived/1[boolean],false,177,0,1,1,0,1,0,3,0,0,1,0,0,0,0,0,0,0,0,0,1,0,0,0,0,0,3,1,0,false
/home/arch_design_predict/download-github-repos/mvp/repos/newsreader-master/app/src/main/java/com/beyondthecode/newsreader/data/models/News.java,com.beyondthecode.newsreader.data.models.News,getCategory/0,false,181,0,0,0,0,1,0,3,1,0,0,0,0,0,0,0,0,0,0,0,0,0,0,0,0,0,3,1,0,false
/home/arch_design_predict/download-github-repos/mvp/repos/newsreader-master/app/src/main/java/com/beyondthecode/newsreader/data/source/remote/NewsService.java,com.beyondthecode.newsreader.data.source.remote.NewsService,"getNews/2[java.lang.String,java.lang.String]",false,10,4,1,1,0,1,0,1,0,0,2,0,0,0,0,0,0,0,3,0,0,0,0,0,0,0,3,0,0,false
/home/arch_design_predict/download-github-repos/mvp/repos/newsreader-master/app/src/main/java/com/beyondthecode/newsreader/util/ChromeTabsUtils/ServiceConnection.java,com.beyondthecode.newsreader.util.ChromeTabsUtils.ServiceConnection,ServiceConnection/1[com.beyondthecode.newsreader.util.ChromeTabsUtils.ServiceConnectionCallback],true,14,1,1,1,0,1,0,3,0,0,1,0,0,0,0,0,0,0,0,0,1,0,0,0,0,0,4,1,0,false
/home/arch_design_predict/download-github-repos/mvp/repos/newsreader-master/app/src/main/java/com/beyondthecode/newsreader/util/ChromeTabsUtils/ServiceConnection.java,com.beyondthecode.newsreader.util.ChromeTabsUtils.ServiceConnection,onServiceDisconnected/1[com.beyondthecode.newsreader.util.ChromeTabsUtils.ComponentName],false,26,2,1,0,1,2,2,4,0,1,1,2,0,0,0,1,0,0,0,0,1,0,1,0,0,0,10,1,0,false
/home/arch_design_predict/download-github-repos/mvp/repos/newsreader-master/app/src/main/java/com/beyondthecode/newsreader/util/ChromeTabsUtils/ServiceConnection.java,com.beyondthecode.newsreader.util.ChromeTabsUtils.ServiceConnection,"onCustomTabsServiceConnected/2[com.beyondthecode.newsreader.util.ChromeTabsUtils.ComponentName,com.beyondthecode.newsreader.util.ChromeTabsUtils.CustomTabsClient]",false,19,3,1,0,1,2,2,4,0,1,2,2,0,0,0,1,0,0,0,0,1,0,1,0,0,0,12,1,0,false
/home/arch_design_predict/download-github-repos/mvp/repos/newsreader-master/app/src/test/java/com/beyondthecode/newsreader/ExampleUnitTest.java,com.beyondthecode.newsreader.ExampleUnitTest,addition_isCorrect/0,false,14,1,0,0,0,1,1,3,0,0,0,1,0,0,0,0,0,0,0,3,0,1,0,0,0,0,5,1,0,false
/home/arch_design_predict/download-github-repos/mvp/repos/newsreader-master/app/src/main/java/com/beyondthecode/newsreader/data/source/remote/NewsRemoteDataModule.java,com.beyondthecode.newsreader.data.source.remote.NewsRemoteDataModule,provideHttpCache/1[com.beyondthecode.newsreader.data.source.remote.Application],false,51,4,0,0,0,1,1,4,1,1,1,1,0,0,0,0,0,0,0,3,1,1,0,0,0,0,7,0,0,false
/home/arch_design_predict/download-github-repos/mvp/repos/newsreader-master/app/src/main/java/com/beyondthecode/newsreader/data/source/remote/NewsRemoteDataModule.java,com.beyondthecode.newsreader.data.source.remote.NewsRemoteDataModule,provideNewsService/1[com.beyondthecode.newsreader.data.source.remote.Retrofit],false,29,4,0,0,0,1,1,3,1,0,1,1,0,0,0,0,0,0,0,0,0,0,0,0,0,0,5,0,0,false
/home/arch_design_predict/download-github-repos/mvp/repos/newsreader-master/app/src/main/java/com/beyondthecode/newsreader/data/source/remote/NewsRemoteDataModule.java,com.beyondthecode.newsreader.data.source.remote.NewsRemoteDataModule,"provideRetrofit/2[com.beyondthecode.newsreader.data.source.remote.Gson,com.beyondthecode.newsreader.data.source.remote.OkHttpClient]",false,35,5,0,0,0,1,6,3,1,0,2,6,0,0,0,0,0,0,0,0,0,0,0,0,0,0,7,0,0,false
/home/arch_design_predict/download-github-repos/mvp/repos/newsreader-master/app/src/main/java/com/beyondthecode/newsreader/data/source/remote/NewsRemoteDataModule.java,com.beyondthecode.newsreader.data.source.remote.NewsRemoteDataModule,provideGson/0,false,58,4,0,0,0,1,2,5,1,1,0,2,0,0,0,0,0,0,0,0,1,0,0,0,0,0,4,0,0,false
/home/arch_design_predict/download-github-repos/mvp/repos/newsreader-master/app/src/main/java/com/beyondthecode/newsreader/data/source/remote/NewsRemoteDataModule.java,com.beyondthecode.newsreader.data.source.remote.NewsRemoteDataModule,providesSharedPreferences/1[com.beyondthecode.newsreader.data.source.remote.Application],false,45,4,0,0,0,1,1,3,1,0,1,1,0,0,0,0,0,0,0,0,0,0,0,0,0,0,5,0,0,false
/home/arch_design_predict/download-github-repos/mvp/repos/newsreader-master/app/src/main/java/com/beyondthecode/newsreader/data/source/remote/NewsRemoteDataModule.java,com.beyondthecode.newsreader.data.source.remote.NewsRemoteDataModule,provideOkHttpClient/1[com.beyondthecode.newsreader.data.source.remote.Cache],false,66,7,0,0,0,1,8,13,2,7,1,8,0,0,0,0,0,0,0,0,6,0,1,0,0,1,14,0,0,false
/home/arch_design_predict/download-github-repos/mvp/repos/newsreader-master/app/src/main/java/com/beyondthecode/newsreader/data/source/local/NewsDao.java,com.beyondthecode.newsreader.data.source.local.NewsDao,updateNews/1[com.beyondthecode.newsreader.data.models.News],false,53,2,1,1,0,1,0,1,0,0,1,0,0,0,0,0,0,0,0,0,0,0,0,0,0,0,3,0,0,false
/home/arch_design_predict/download-github-repos/mvp/repos/newsreader-master/app/src/main/java/com/beyondthecode/newsreader/data/source/local/NewsDao.java,com.beyondthecode.newsreader.data.source.local.NewsDao,getNewsById/1[int],false,19,2,0,0,0,1,0,1,0,0,1,0,0,0,0,0,0,0,1,0,0,0,0,0,0,0,13,0,0,false
/home/arch_design_predict/download-github-repos/mvp/repos/newsreader-master/app/src/main/java/com/beyondthecode/newsreader/data/source/local/NewsDao.java,com.beyondthecode.newsreader.data.source.local.NewsDao,insertNews/1[com.beyondthecode.newsreader.data.models.News],false,25,2,1,1,0,1,0,1,0,0,1,0,0,0,0,0,0,0,0,0,0,0,0,0,0,0,14,0,0,true
/home/arch_design_predict/download-github-repos/mvp/repos/newsreader-master/app/src/main/java/com/beyondthecode/newsreader/data/source/local/NewsDao.java,com.beyondthecode.newsreader.data.source.local.NewsDao,deleteNewsById/1[int],false,34,1,0,0,0,1,0,1,0,0,1,0,0,0,0,0,0,0,1,0,0,0,0,0,0,0,25,0,0,true
/home/arch_design_predict/download-github-repos/mvp/repos/newsreader-master/app/src/main/java/com/beyondthecode/newsreader/data/source/local/NewsDao.java,com.beyondthecode.newsreader.data.source.local.NewsDao,getNews/1[java.lang.String],false,16,2,1,1,0,1,0,1,0,0,1,0,0,0,0,0,0,0,1,0,0,0,0,0,0,0,18,0,0,false
/home/arch_design_predict/download-github-repos/mvp/repos/newsreader-master/app/src/main/java/com/beyondthecode/newsreader/data/source/local/NewsDao.java,com.beyondthecode.newsreader.data.source.local.NewsDao,getArchivedNews/0,false,22,2,1,1,0,1,0,1,0,0,0,0,0,0,0,0,0,0,1,0,0,0,0,0,0,0,11,0,0,false
/home/arch_design_predict/download-github-repos/mvp/repos/newsreader-master/app/src/main/java/com/beyondthecode/newsreader/data/source/local/NewsDao.java,com.beyondthecode.newsreader.data.source.local.NewsDao,deleteNews/0,false,42,1,1,1,0,1,0,1,0,0,0,0,0,0,0,0,0,0,1,0,0,0,0,0,0,0,6,0,0,false
/home/arch_design_predict/download-github-repos/mvp/repos/newsreader-master/app/src/main/java/com/beyondthecode/newsreader/data/source/local/NewsDao.java,com.beyondthecode.newsreader.data.source.local.NewsDao,refreshNews/1[java.lang.String],false,45,1,1,1,0,1,0,1,0,0,1,0,0,0,0,0,0,0,1,0,0,0,0,0,0,0,29,0,0,true
/home/arch_design_predict/download-github-repos/mvp/repos/newsreader-master/app/src/main/java/com/beyondthecode/newsreader/di/UtilityModule.java,com.beyondthecode.newsreader.di.UtilityModule,providePicasso/1[com.beyondthecode.newsreader.di.Application],false,31,4,0,0,0,1,1,3,1,0,1,1,0,0,0,0,0,0,0,0,0,0,0,0,0,0,4,0,0,false
/home/arch_design_predict/download-github-repos/mvp/repos/newsreader-master/app/src/main/java/com/beyondthecode/newsreader/di/UtilityModule.java,com.beyondthecode.newsreader.di.UtilityModule,onlineChecker/1[com.beyondthecode.newsreader.di.ConnectivityManager],false,25,5,1,0,1,1,0,3,1,0,1,0,0,0,0,0,0,0,0,0,0,0,0,0,0,0,7,0,0,false
/home/arch_design_predict/download-github-repos/mvp/repos/newsreader-master/app/src/main/java/com/beyondthecode/newsreader/di/UtilityModule.java,com.beyondthecode.newsreader.di.UtilityModule,provideConnectivityManager/1[com.beyondthecode.newsreader.di.Application],false,19,4,0,0,0,1,1,3,1,0,1,1,0,0,0,0,0,0,0,0,0,0,0,0,0,0,5,0,0,false
/home/arch_design_predict/download-github-repos/mvp/repos/newsreader-master/app/src/main/java/com/beyondthecode/newsreader/data/source/local/NewsLocalDataModule.java,com.beyondthecode.newsreader.data.source.local.NewsLocalDataModule,provideDb/1[com.beyondthecode.newsreader.data.source.local.Application],false,22,4,0,0,0,1,3,3,1,0,1,3,0,0,0,0,0,0,0,0,0,0,0,0,0,0,6,0,0,false
/home/arch_design_predict/download-github-repos/mvp/repos/newsreader-master/app/src/main/java/com/beyondthecode/newsreader/data/source/local/NewsLocalDataModule.java,com.beyondthecode.newsreader.data.source.local.NewsLocalDataModule,provideNewsDao/1[com.beyondthecode.newsreader.data.source.local.NewsDatabase],false,30,4,1,0,1,1,1,3,1,0,1,1,0,0,0,0,0,0,0,0,0,0,0,0,0,0,5,0,0,false
/home/arch_design_predict/download-github-repos/mvp/repos/newsreader-master/app/src/main/java/com/beyondthecode/newsreader/data/source/local/NewsLocalDataModule.java,com.beyondthecode.newsreader.data.source.local.NewsLocalDataModule,provideAppExecutors/0,false,36,5,3,0,3,1,1,3,1,0,0,1,0,0,0,0,0,0,0,0,0,0,0,0,0,0,18,0,0,false
/home/arch_design_predict/download-github-repos/mvp/repos/newsreader-master/app/src/main/java/com/beyondthecode/newsreader/data/source/NewsDataSource.java,com.beyondthecode.newsreader.data.source.NewsDataSource$LoadNewsCallBack,onNewsLoaded/1[java.util.List<com.beyondthecode.newsreader.data.models.News>],false,15,1,3,3,0,1,0,1,0,0,1,0,0,0,0,0,0,0,0,0,0,0,0,0,0,0,4,0,0,false
/home/arch_design_predict/download-github-repos/mvp/repos/newsreader-master/app/src/main/java/com/beyondthecode/newsreader/data/source/NewsDataSource.java,com.beyondthecode.newsreader.data.source.NewsDataSource$LoadNewsCallBack,onDataNotAvailable/0,false,17,0,3,3,0,1,0,1,0,0,0,0,0,0,0,0,0,0,0,0,0,0,0,0,0,0,4,0,0,false
/home/arch_design_predict/download-github-repos/mvp/repos/newsreader-master/app/src/main/java/com/beyondthecode/newsreader/data/source/NewsDataSource.java,com.beyondthecode.newsreader.data.source.NewsDataSource$LoadNewsCallBack,onDisposableAcquired/1[com.beyondthecode.newsreader.data.source.Disposable],false,13,1,2,2,0,1,0,1,0,0,1,0,0,0,0,0,0,0,0,0,0,0,0,0,0,0,4,0,0,false
/home/arch_design_predict/download-github-repos/mvp/repos/newsreader-master/app/src/main/java/com/beyondthecode/newsreader/data/source/remote/NewsRemoteDataSource.java,com.beyondthecode.newsreader.data.source.remote.NewsRemoteDataSource,insertNews/1[com.beyondthecode.newsreader.data.models.News],false,73,1,0,0,0,1,0,2,0,0,1,0,0,0,0,0,0,0,0,0,0,0,0,0,0,0,3,1,0,false
/home/arch_design_predict/download-github-repos/mvp/repos/newsreader-master/app/src/main/java/com/beyondthecode/newsreader/data/source/remote/NewsRemoteDataSource.java,com.beyondthecode.newsreader.data.source.remote.NewsRemoteDataSource,getArchivedNews/1[com.beyondthecode.newsreader.data.source.NewsDataSource.LoadSavedNewsCallback],false,68,2,1,0,1,1,1,3,0,0,1,1,0,0,0,0,0,0,0,0,0,0,0,0,0,0,19,1,0,true
/home/arch_design_predict/download-github-repos/mvp/repos/newsreader-master/app/src/main/java/com/beyondthecode/newsreader/data/source/remote/NewsRemoteDataSource.java,com.beyondthecode.newsreader.data.source.remote.NewsRemoteDataSource,"getNews/2[java.lang.String,com.beyondthecode.newsreader.data.source.NewsDataSource.LoadNewsCallBack]",false,33,6,1,0,1,1,8,19,0,0,2,8,0,0,0,0,0,0,0,0,0,0,0,2,0,0,26,1,0,true
/home/arch_design_predict/download-github-repos/mvp/repos/newsreader-master/app/src/main/java/com/beyondthecode/newsreader/data/source/remote/NewsRemoteDataSource.java,com.beyondthecode.newsreader.data.source.remote.NewsRemoteDataSource,refreshNews/1[java.lang.String],false,83,0,0,0,0,1,0,2,0,0,1,0,0,0,0,0,0,0,0,0,0,0,0,0,0,0,3,1,0,false
/home/arch_design_predict/download-github-repos/mvp/repos/newsreader-master/app/src/main/java/com/beyondthecode/newsreader/data/source/remote/NewsRemoteDataSource.java,com.beyondthecode.newsreader.data.source.remote.NewsRemoteDataSource,NewsRemoteDataSource/1[com.beyondthecode.newsreader.data.source.remote.NewsService],true,25,2,1,1,0,1,0,3,0,0,1,0,0,0,0,0,0,0,0,0,1,0,0,0,0,0,6,1,0,false
/home/arch_design_predict/download-github-repos/mvp/repos/newsreader-master/app/src/main/java/com/beyondthecode/newsreader/data/source/remote/NewsRemoteDataSource.java,com.beyondthecode.newsreader.data.source.remote.NewsRemoteDataSource,updateNews/1[com.beyondthecode.newsreader.data.models.News],false,78,1,0,0,0,1,0,2,0,0,1,0,0,0,0,0,0,0,0,0,0,0,0,0,0,0,3,1,0,false
/home/arch_design_predict/download-github-repos/mvp/repos/newsreader-master/app/src/main/java/com/beyondthecode/newsreader/data/source/remote/NewsRemoteDataSource.java,com.beyondthecode.newsreader.data.source.remote.NewsRemoteDataSource,deleteNews/0,false,88,0,0,0,0,1,0,2,0,0,0,0,0,0,0,0,0,0,0,0,0,0,0,0,0,0,2,1,0,false
/home/arch_design_predict/download-github-repos/mvp/repos/newsreader-master/app/src/androidTest/java/com/beyondthecode/newsreader/ExampleInstrumentedTest.java,com.beyondthecode.newsreader.ExampleInstrumentedTest,useAppContext/0,false,20,2,0,0,0,1,3,4,0,1,0,3,0,0,0,0,0,0,1,0,1,0,0,0,0,0,6,1,0,false
/home/arch_design_predict/download-github-repos/mvp/repos/newsreader-master/app/src/main/java/com/beyondthecode/newsreader/presentation/news/NewsContract.java,com.beyondthecode.newsreader.presentation.news.NewsContract$Presenter,onLoadNews/1[java.lang.String],false,21,0,0,0,0,1,0,1,0,0,1,0,0,0,0,0,0,0,0,0,0,0,0,0,0,0,4,0,0,false
/home/arch_design_predict/download-github-repos/mvp/repos/newsreader-master/app/src/main/java/com/beyondthecode/newsreader/presentation/news/NewsContract.java,com.beyondthecode.newsreader.presentation.news.NewsContract$Presenter,onArchiveNews/1[com.beyondthecode.newsreader.data.models.News],false,27,1,0,0,0,1,0,1,0,0,1,0,0,0,0,0,0,0,0,0,0,0,0,0,0,0,5,0,0,false
/home/arch_design_predict/download-github-repos/mvp/repos/newsreader-master/app/src/main/java/com/beyondthecode/newsreader/presentation/news/NewsContract.java,com.beyondthecode.newsreader.presentation.news.NewsContract$Presenter,onLoadSavedNews/0,false,25,0,0,0,0,1,0,1,0,0,0,0,0,0,0,0,0,0,0,0,0,0,0,0,0,0,4,0,0,false
/home/arch_design_predict/download-github-repos/mvp/repos/newsreader-master/app/src/main/java/com/beyondthecode/newsreader/presentation/news/NewsContract.java,com.beyondthecode.newsreader.presentation.news.NewsContract$Presenter,onShowNewsDetail/1[com.beyondthecode.newsreader.data.models.News],false,23,1,0,0,0,1,0,1,0,0,1,0,0,0,0,0,0,0,0,0,0,0,0,0,0,0,6,0,0,false
/home/arch_design_predict/download-github-repos/mvp/repos/newsreader-master/app/src/main/java/com/beyondthecode/newsreader/data/source/local/NewsLocalDataSource.java,com.beyondthecode.newsreader.data.source.local.NewsLocalDataSource,refreshNews/1[java.lang.String],false,90,2,2,0,2,1,3,7,0,1,1,3,0,0,0,0,0,0,0,0,1,0,1,0,0,1,20,1,0,true
/home/arch_design_predict/download-github-repos/mvp/repos/newsreader-master/app/src/main/java/com/beyondthecode/newsreader/data/source/local/NewsLocalDataSource.java,com.beyondthecode.newsreader.data.source.local.NewsLocalDataSource,deleteNews/0,false,99,2,2,0,2,1,3,7,0,1,0,3,0,0,0,0,0,0,0,0,1,0,1,0,0,1,3,1,0,false
/home/arch_design_predict/download-github-repos/mvp/repos/newsreader-master/app/src/main/java/com/beyondthecode/newsreader/data/source/local/NewsLocalDataSource.java,com.beyondthecode.newsreader.data.source.local.NewsLocalDataSource,updateNews/1[com.beyondthecode.newsreader.data.models.News],false,73,4,2,0,2,1,4,8,0,1,1,4,0,0,0,0,0,0,0,0,1,0,1,0,0,1,4,1,0,false
/home/arch_design_predict/download-github-repos/mvp/repos/newsreader-master/app/src/main/java/com/beyondthecode/newsreader/data/source/local/NewsLocalDataSource.java,com.beyondthecode.newsreader.data.source.local.NewsLocalDataSource,"NewsLocalDataSource/2[com.beyondthecode.newsreader.util.ExecutorUtils.AppExecutors,com.beyondthecode.newsreader.data.source.local.NewsDao]",true,20,4,1,1,0,1,0,4,0,0,2,0,0,0,0,0,0,0,0,0,2,0,0,0,0,0,9,1,0,false
/home/arch_design_predict/download-github-repos/mvp/repos/newsreader-master/app/src/main/java/com/beyondthecode/newsreader/data/source/local/NewsLocalDataSource.java,com.beyondthecode.newsreader.data.source.local.NewsLocalDataSource,"getNews/2[java.lang.String,com.beyondthecode.newsreader.data.source.NewsDataSource.LoadNewsCallBack]",false,26,5,5,0,5,2,7,16,0,2,2,7,0,0,0,0,0,0,0,0,2,0,3,0,0,2,10,1,0,false
/home/arch_design_predict/download-github-repos/mvp/repos/newsreader-master/app/src/main/java/com/beyondthecode/newsreader/data/source/local/NewsLocalDataSource.java,com.beyondthecode.newsreader.data.source.local.NewsLocalDataSource,getArchivedNews/1[com.beyondthecode.newsreader.data.source.NewsDataSource.LoadSavedNewsCallback],false,44,5,5,0,5,2,7,12,0,2,1,7,0,0,0,0,0,0,0,0,2,0,3,0,0,2,10,1,0,false
/home/arch_design_predict/download-github-repos/mvp/repos/newsreader-master/app/src/main/java/com/beyondthecode/newsreader/data/source/local/NewsLocalDataSource.java,com.beyondthecode.newsreader.data.source.local.NewsLocalDataSource,insertNews/1[com.beyondthecode.newsreader.data.models.News],false,62,3,2,0,2,1,4,8,0,1,1,4,0,0,0,0,0,0,0,0,1,0,1,0,0,1,5,1,0,false
