file,class,method,variable,usage
/home/arch_design_predict/download-github-repos/mvvm/repos/Android-Contact-List-master/app/src/main/java/com/example/user/contactlist/model/ContactRepository.java,com.example.user.contactlist.model.ContactRepository,fetchContacts/0,context,1
/home/arch_design_predict/download-github-repos/mvvm/repos/Android-Contact-List-master/app/src/main/java/com/example/user/contactlist/model/ContactRepository.java,com.example.user.contactlist.model.ContactRepository,fetchContacts/0,contacts,2
/home/arch_design_predict/download-github-repos/mvvm/repos/Android-Contact-List-master/app/src/main/java/com/example/user/contactlist/model/ContactRepository.java,com.example.user.contactlist.model.ContactRepository,ContactRepository/1[com.example.user.contactlist.model.Context],context,3
/home/arch_design_predict/download-github-repos/mvvm/repos/Android-Contact-List-master/app/src/main/java/com/example/user/contactlist/model/ContactRepository.java,com.example.user.contactlist.model.ContactRepository,ContactRepository/1[com.example.user.contactlist.model.Context],contacts,1
/home/arch_design_predict/download-github-repos/mvvm/repos/Android-Contact-List-master/app/src/main/java/com/example/user/contactlist/model/Contact.java,com.example.user.contactlist.model.Contact,getPhotoUri/0,photoUri,1
/home/arch_design_predict/download-github-repos/mvvm/repos/Android-Contact-List-master/app/src/main/java/com/example/user/contactlist/model/Contact.java,com.example.user.contactlist.model.Contact,getPhoneNumber/0,phoneNumber,1
/home/arch_design_predict/download-github-repos/mvvm/repos/Android-Contact-List-master/app/src/main/java/com/example/user/contactlist/model/Contact.java,com.example.user.contactlist.model.Contact,setPhoneNumber/1[java.lang.String],phoneNumber,3
/home/arch_design_predict/download-github-repos/mvvm/repos/Android-Contact-List-master/app/src/main/java/com/example/user/contactlist/model/Contact.java,com.example.user.contactlist.model.Contact,setName/1[java.lang.String],name,3
/home/arch_design_predict/download-github-repos/mvvm/repos/Android-Contact-List-master/app/src/main/java/com/example/user/contactlist/model/Contact.java,com.example.user.contactlist.model.Contact,setPhotoUri/1[java.lang.String],photoUri,3
/home/arch_design_predict/download-github-repos/mvvm/repos/Android-Contact-List-master/app/src/main/java/com/example/user/contactlist/model/Contact.java,com.example.user.contactlist.model.Contact,getName/0,name,1
/home/arch_design_predict/download-github-repos/mvvm/repos/Android-Contact-List-master/app/src/main/java/com/example/user/contactlist/viewmodel/ContactViewModel.java,com.example.user.contactlist.viewmodel.ContactViewModel,ContactViewModel/1[com.example.user.contactlist.viewmodel.Context],repository,1
/home/arch_design_predict/download-github-repos/mvvm/repos/Android-Contact-List-master/app/src/main/java/com/example/user/contactlist/viewmodel/ContactViewModel.java,com.example.user.contactlist.viewmodel.ContactViewModel,ContactViewModel/1[com.example.user.contactlist.viewmodel.Context],contacts,1
/home/arch_design_predict/download-github-repos/mvvm/repos/Android-Contact-List-master/app/src/main/java/com/example/user/contactlist/viewmodel/ContactViewModel.java,com.example.user.contactlist.viewmodel.ContactViewModel,getContacts/0,repository,1
/home/arch_design_predict/download-github-repos/mvvm/repos/Android-Contact-List-master/app/src/main/java/com/example/user/contactlist/viewmodel/ContactViewModel.java,com.example.user.contactlist.viewmodel.ContactViewModel,getContacts/0,contacts,2
/home/arch_design_predict/download-github-repos/mvvm/repos/Android-Contact-List-master/app/src/main/java/com/example/user/contactlist/view/ContactAdapter.java,com.example.user.contactlist.view.ContactAdapter$ContactViewHolder,onBind/1[com.example.user.contactlist.model.Contact],binding,2
/home/arch_design_predict/download-github-repos/mvvm/repos/Android-Contact-List-master/app/src/main/java/com/example/user/contactlist/view/ContactAdapter.java,com.example.user.contactlist.view.ContactAdapter$ContactViewHolder,ContactViewHolder/1[com.example.user.contactlist.view.ItemContactBinding],binding,1
/home/arch_design_predict/download-github-repos/mvvm/repos/Android-Contact-List-master/app/src/main/java/com/example/user/contactlist/view/ContactAdapter.java,com.example.user.contactlist.view.ContactAdapter,"onCreateViewHolder/2[com.example.user.contactlist.view.ViewGroup,int]",binding,2
/home/arch_design_predict/download-github-repos/mvvm/repos/Android-Contact-List-master/app/src/main/java/com/example/user/contactlist/view/ContactAdapter.java,com.example.user.contactlist.view.ContactAdapter,getItemCount/0,contacts,2
/home/arch_design_predict/download-github-repos/mvvm/repos/Android-Contact-List-master/app/src/main/java/com/example/user/contactlist/view/ContactAdapter.java,com.example.user.contactlist.view.ContactAdapter,"onBindViewHolder/2[com.example.user.contactlist.view.ContactAdapter.ContactViewHolder,int]",contacts,1
/home/arch_design_predict/download-github-repos/mvvm/repos/Android-Contact-List-master/app/src/main/java/com/example/user/contactlist/view/ContactAdapter.java,com.example.user.contactlist.view.ContactAdapter,setContacts/1[java.util.List<com.example.user.contactlist.model.Contact>],contacts,3
/home/arch_design_predict/download-github-repos/mvvm/repos/Android-Contact-List-master/app/src/main/java/com/example/user/contactlist/view/MainActivity.java,com.example.user.contactlist.view.MainActivity,initRecyclerView/0,contactViewModel,1
/home/arch_design_predict/download-github-repos/mvvm/repos/Android-Contact-List-master/app/src/main/java/com/example/user/contactlist/view/MainActivity.java,com.example.user.contactlist.view.MainActivity,onCreate/1[com.example.user.contactlist.view.Bundle],REQUEST_CODE,1
/home/arch_design_predict/download-github-repos/mvvm/repos/Android-Contact-List-master/app/src/main/java/com/example/user/contactlist/view/MainActivity.java,com.example.user.contactlist.view.MainActivity,onCreate/1[com.example.user.contactlist.view.Bundle],contactViewModel,2
/home/arch_design_predict/download-github-repos/mvvm/repos/Android-Contact-List-master/app/src/main/java/com/example/user/contactlist/view/MainActivity.java,com.example.user.contactlist.view.MainActivity,"onRequestPermissionsResult/3[int,java.lang.String[],int[]]",REQUEST_CODE,1
