file,class,type,cbo,cboModified,fanin,fanout,wmc,dit,noc,rfc,lcom,lcom*,tcc,lcc,totalMethodsQty,staticMethodsQty,publicMethodsQty,privateMethodsQty,protectedMethodsQty,defaultMethodsQty,visibleMethodsQty,abstractMethodsQty,finalMethodsQty,synchronizedMethodsQty,totalFieldsQty,staticFieldsQty,publicFieldsQty,privateFieldsQty,protectedFieldsQty,defaultFieldsQty,finalFieldsQty,synchronizedFieldsQty,nosi,loc,returnQty,loopQty,comparisonsQty,tryCatchQty,parenthesizedExpsQty,stringLiteralsQty,numbersQty,assignmentsQty,mathOperationsQty,variablesQty,maxNestedBlocksQty,anonymousClassesQty,innerClassesQty,lambdasQty,uniqueWordsQty,modifiers,logStatementsQty
/home/arch_design_predict/download-github-repos/mvvm/repos/NewsLand-MVP-MVVM-Android-Project-master/NewsLand MVVM + Dependency Injection/app/src/androidTest/java/amrk000/NewsLand/ExampleInstrumentedTest.java,ExampleInstrumentedTest,class,4,4,0,4,1,1,0,4,0,0.0,NaN,NaN,1,0,1,0,0,0,1,0,0,0,0,0,0,0,0,0,0,0,0,6,0,0,0,0,0,1,0,1,0,1,0,0,0,0,19,1,0
/home/arch_design_predict/download-github-repos/mvvm/repos/NewsLand-MVP-MVVM-Android-Project-master/NewsLand MVP + DataManager/app/src/main/java/amrk000/NewsLand/model/NewsItem.java,amrk000.NewsLand.model.NewsItem,class,6,23,17,6,16,1,0,1,64,0.78571427,0.23333333,0.56666666,16,0,16,0,0,0,16,0,0,0,7,0,0,7,0,0,0,0,0,66,7,0,0,0,0,17,0,17,0,7,0,0,0,0,25,1,0
/home/arch_design_predict/download-github-repos/mvvm/repos/NewsLand-MVP-MVVM-Android-Project-master/NewsLand MVP + DataManager/app/src/test/java/amrk000/NewsLand/ExampleUnitTest.java,amrk000.NewsLand.ExampleUnitTest,class,1,1,0,1,1,1,0,1,0,0.0,NaN,NaN,1,0,1,0,0,0,1,0,0,0,0,0,0,0,0,0,0,0,0,5,0,0,0,0,0,0,3,0,1,0,0,0,0,0,22,1,0
/home/arch_design_predict/download-github-repos/mvvm/repos/NewsLand-MVP-MVVM-Android-Project-master/NewsLand MVP + DataManager/app/src/main/java/amrk000/NewsLand/adapter/NewsRecyclerViewAdapter.java,amrk000.NewsLand.adapter.NewsRecyclerViewAdapter$AllDoneViewHolder,innerclass,2,2,0,2,1,2,0,0,0,0.0,NaN,NaN,1,0,1,0,0,0,1,0,0,0,0,0,0,0,0,0,0,0,0,5,0,0,0,0,0,0,0,0,0,0,0,0,0,0,5,9,0
/home/arch_design_predict/download-github-repos/mvvm/repos/NewsLand-MVP-MVVM-Android-Project-master/NewsLand MVVM + Dependency Injection/app/src/main/java/amrk000/NewsLand/adapter/SettingsListViewAdapter.java,SettingsListViewAdapter,class,8,9,1,8,3,1,0,8,0,0.16666667,0.0,0.0,3,0,3,0,0,0,3,0,0,0,2,0,0,2,0,0,0,0,0,21,1,0,0,0,0,0,0,6,0,4,0,0,0,0,20,1,0
/home/arch_design_predict/download-github-repos/mvvm/repos/NewsLand-MVP-MVVM-Android-Project-master/NewsLand MVP + DataManager/app/src/main/java/amrk000/NewsLand/model/Country.java,amrk000.NewsLand.model.Country,class,0,1,1,0,5,1,0,0,0,0.4,0.6,1.0,5,0,5,0,0,0,5,0,0,0,2,0,0,2,0,0,0,0,0,20,2,0,0,0,0,0,0,4,0,2,0,0,0,0,7,1,0
/home/arch_design_predict/download-github-repos/mvvm/repos/NewsLand-MVP-MVVM-Android-Project-master/NewsLand MVP + DataManager/app/src/main/java/amrk000/NewsLand/data/remote/RetrofitClient.java,amrk000.NewsLand.data.remote.RetrofitClient,class,1,4,3,1,2,1,0,4,0,0.0,NaN,NaN,1,1,1,0,0,0,1,0,0,0,2,2,1,1,0,0,0,0,0,10,1,0,1,0,0,1,0,2,0,2,1,0,0,0,8,1025,0
/home/arch_design_predict/download-github-repos/mvvm/repos/NewsLand-MVP-MVVM-Android-Project-master/NewsLand MVP + DataManager/app/src/main/java/amrk000/NewsLand/view/ArticleBrowser.java,amrk000.NewsLand.view.ArticleBrowser,class,7,10,3,7,8,2,0,31,1,0.5,0.0,0.0,3,0,2,0,1,0,3,0,0,0,2,0,0,2,0,0,0,0,0,62,3,0,0,0,0,2,0,4,0,4,1,4,0,0,40,1,0
/home/arch_design_predict/download-github-repos/mvvm/repos/NewsLand-MVP-MVVM-Android-Project-master/NewsLand MVVM + Dependency Injection/app/src/main/java/amrk000/NewsLand/view/Settings.java,Settings,class,17,21,4,17,9,1,0,40,7,0.6666666,0.0,0.0,6,0,2,0,1,3,6,0,0,0,5,0,0,4,0,1,0,0,0,94,1,0,0,0,1,4,2,8,0,10,1,5,0,1,61,1,0
/home/arch_design_predict/download-github-repos/mvvm/repos/NewsLand-MVP-MVVM-Android-Project-master/NewsLand MVP + DataManager/app/src/main/java/amrk000/NewsLand/view/ISettingsView.java,amrk000.NewsLand.view.ISettingsView,interface,1,3,2,1,1,1,0,0,0,0.0,NaN,NaN,1,0,0,0,0,1,1,0,0,0,0,0,0,0,0,0,0,0,0,3,0,0,0,0,0,0,0,0,0,0,0,0,0,0,7,1,0
/home/arch_design_predict/download-github-repos/mvvm/repos/NewsLand-MVP-MVVM-Android-Project-master/NewsLand MVVM/app/src/main/java/amrk000/NewsLand/data/remote/RetrofitClient.java,RetrofitClient,class,3,3,0,3,2,1,0,4,0,0.0,NaN,NaN,1,1,1,0,0,0,1,0,0,0,2,2,1,1,0,0,0,0,0,10,1,0,1,0,0,1,0,2,0,2,1,0,0,0,8,1025,0
/home/arch_design_predict/download-github-repos/mvvm/repos/NewsLand-MVP-MVVM-Android-Project-master/NewsLand MVVM + Dependency Injection/app/src/main/java/amrk000/NewsLand/data/local/LanguageList.java,LanguageList,class,3,7,4,3,10,1,0,7,0,0.5185185,0.0,0.0,9,0,9,0,0,0,9,0,0,0,3,0,0,3,0,0,0,0,0,39,8,1,0,0,0,0,1,6,0,6,1,0,0,0,17,1,0
/home/arch_design_predict/download-github-repos/mvvm/repos/NewsLand-MVP-MVVM-Android-Project-master/NewsLand MVP + DataManager/app/src/main/java/amrk000/NewsLand/data/remote/RetrofitInterface.java,amrk000.NewsLand.data.remote.RetrofitInterface,interface,4,7,3,4,1,1,0,0,0,0.0,NaN,NaN,1,0,0,0,0,1,1,0,0,0,0,0,0,0,0,0,0,0,0,3,0,0,0,0,0,8,0,0,0,0,0,0,0,0,6,1,0
/home/arch_design_predict/download-github-repos/mvvm/repos/NewsLand-MVP-MVVM-Android-Project-master/NewsLand MVP + DataManager/app/src/main/java/amrk000/NewsLand/view/NewsOptions.java,amrk000.NewsLand.view.NewsOptions,class,11,12,1,11,4,2,0,16,2,0.5833333,0.16666667,0.16666667,4,0,4,0,0,0,4,0,0,0,3,0,0,3,0,0,0,0,0,47,1,0,0,0,0,0,0,3,0,3,0,3,0,0,27,1,1
/home/arch_design_predict/download-github-repos/mvvm/repos/NewsLand-MVP-MVVM-Android-Project-master/NewsLand MVVM + Dependency Injection/app/src/main/java/amrk000/NewsLand/viewmodel/NewsViewModel.java,NewsViewModel,class,7,9,2,7,9,1,0,7,0,0.86868685,0.0,0.0,9,0,9,0,0,0,9,0,0,0,11,7,7,4,0,0,0,0,0,43,4,0,0,0,0,0,8,12,0,11,0,0,0,0,45,1,0
/home/arch_design_predict/download-github-repos/mvvm/repos/NewsLand-MVP-MVVM-Android-Project-master/NewsLand MVP + DataManager/app/src/main/java/amrk000/NewsLand/view/ArticleBrowser.java,amrk000.NewsLand.view.ArticleBrowser$Anonymous4,anonymous,1,1,0,1,1,1,0,1,0,0.0,NaN,NaN,1,0,1,0,0,0,1,0,0,0,0,0,0,0,0,0,0,0,0,5,0,0,0,0,0,0,0,0,0,0,0,0,0,0,5,-1,0
/home/arch_design_predict/download-github-repos/mvvm/repos/NewsLand-MVP-MVVM-Android-Project-master/NewsLand MVP/app/src/main/java/amrk000/NewsLand/presenter/NewsPresenter.java,amrk000.NewsLand.presenter.NewsPresenter$Anonymous1,anonymous,5,5,0,5,10,1,0,18,1,0.0,0.0,0.0,2,0,2,0,0,0,2,0,0,0,0,0,0,0,0,0,0,0,0,37,2,1,3,1,0,1,5,4,0,4,5,0,0,0,19,-1,0
/home/arch_design_predict/download-github-repos/mvvm/repos/NewsLand-MVP-MVVM-Android-Project-master/NewsLand MVP + DataManager/app/src/main/java/amrk000/NewsLand/view/ArticleBrowser.java,amrk000.NewsLand.view.ArticleBrowser$Anonymous3,anonymous,1,1,0,1,1,1,0,1,0,0.0,NaN,NaN,1,0,1,0,0,0,1,0,0,0,0,0,0,0,0,0,0,0,0,5,0,0,0,0,0,0,0,0,0,0,0,0,0,0,4,-1,0
/home/arch_design_predict/download-github-repos/mvvm/repos/NewsLand-MVP-MVVM-Android-Project-master/NewsLand MVP + DataManager/app/src/main/java/amrk000/NewsLand/data/local/LanguageList.java,amrk000.NewsLand.data.local.LanguageList,class,2,11,9,2,10,1,0,8,0,0.5185185,0.5555556,1.0,9,0,9,0,0,0,9,0,0,0,3,0,0,3,0,0,0,0,2,39,8,1,0,0,0,0,1,6,0,6,1,0,0,0,17,1,0
/home/arch_design_predict/download-github-repos/mvvm/repos/NewsLand-MVP-MVVM-Android-Project-master/NewsLand MVVM/app/src/main/java/amrk000/NewsLand/viewmodel/NewsViewModel.java,amrk000.NewsLand.viewmodel.NewsViewModel,class,9,10,1,9,8,2,0,6,0,0.8636364,0.5,1.0,8,0,8,0,0,0,8,0,0,0,11,7,7,4,0,0,0,0,0,40,4,0,0,0,0,0,8,12,0,11,0,0,0,0,42,1,0
/home/arch_design_predict/download-github-repos/mvvm/repos/NewsLand-MVP-MVVM-Android-Project-master/NewsLand MVP + DataManager/app/src/main/java/amrk000/NewsLand/view/ArticleBrowser.java,amrk000.NewsLand.view.ArticleBrowser$Anonymous2,anonymous,3,3,0,3,1,1,0,5,0,0.0,NaN,NaN,1,0,1,0,0,0,1,0,0,0,0,0,0,0,0,0,0,0,0,9,0,0,0,0,0,1,1,1,0,1,0,0,0,0,12,-1,0
/home/arch_design_predict/download-github-repos/mvvm/repos/NewsLand-MVP-MVVM-Android-Project-master/NewsLand MVP + DataManager/app/src/main/java/amrk000/NewsLand/view/ArticleBrowser.java,amrk000.NewsLand.view.ArticleBrowser$Anonymous1,anonymous,0,0,0,0,0,1,0,0,0,0.0,-1.0,-1.0,0,0,0,0,0,0,0,0,0,0,0,0,0,0,0,0,0,0,0,2,0,0,0,0,0,0,0,0,0,0,0,0,0,0,0,-1,0
/home/arch_design_predict/download-github-repos/mvvm/repos/NewsLand-MVP-MVVM-Android-Project-master/NewsLand MVP + DataManager/app/src/main/java/amrk000/NewsLand/presenter/NewsPresenter.java,NewsPresenter,class,10,11,1,10,6,1,0,18,0,0.8541666,0.0,0.0,6,0,6,0,0,0,6,0,0,0,14,7,7,7,0,0,0,0,0,89,1,0,0,0,0,0,8,15,0,16,0,2,0,0,46,1,0
/home/arch_design_predict/download-github-repos/mvvm/repos/NewsLand-MVP-MVVM-Android-Project-master/NewsLand MVVM + Dependency Injection/app/src/main/java/amrk000/NewsLand/model/Country.java,Country,class,1,2,1,1,5,1,0,0,0,0.4,0.0,0.0,5,0,5,0,0,0,5,0,0,0,2,0,0,2,0,0,0,0,0,20,2,0,0,0,0,0,0,4,0,2,0,0,0,0,7,1,0
/home/arch_design_predict/download-github-repos/mvvm/repos/NewsLand-MVP-MVVM-Android-Project-master/NewsLand MVVM + Dependency Injection/app/src/main/java/amrk000/NewsLand/view/ArticleBrowser.java,ArticleBrowser,class,8,10,2,8,8,1,0,31,1,0.5,0.0,0.0,3,0,2,0,1,0,3,0,0,0,2,0,0,2,0,0,0,0,0,62,3,0,0,0,0,2,0,4,0,4,1,4,0,0,40,1,0
/home/arch_design_predict/download-github-repos/mvvm/repos/NewsLand-MVP-MVVM-Android-Project-master/NewsLand MVP + DataManager/app/src/main/java/amrk000/NewsLand/util/NetworkChecker.java,NetworkChecker,class,4,5,1,4,5,1,0,10,1,0.33333334,0.0,0.0,3,0,3,0,0,0,3,0,0,0,2,0,0,2,0,0,0,0,0,14,0,0,1,0,0,1,0,2,0,2,1,0,0,0,18,1,0
/home/arch_design_predict/download-github-repos/mvvm/repos/NewsLand-MVP-MVVM-Android-Project-master/NewsLand MVP + DataManager/app/src/main/java/amrk000/NewsLand/view/ApiKeySettingsDialog.java,amrk000.NewsLand.view.ApiKeySettingsDialog$Anonymous1,anonymous,2,2,0,2,1,1,0,5,0,0.0,NaN,NaN,1,0,1,0,0,0,1,0,0,0,0,0,0,0,0,0,0,0,0,6,0,0,0,0,0,0,0,0,0,0,0,0,0,0,5,-1,0
/home/arch_design_predict/download-github-repos/mvvm/repos/NewsLand-MVP-MVVM-Android-Project-master/NewsLand MVP + DataManager/app/src/main/java/amrk000/NewsLand/presenter/INewsPresenter.java,INewsPresenter,interface,0,1,1,0,5,1,1,0,10,0.0,0.0,0.0,5,0,0,0,0,5,5,0,0,0,0,0,0,0,0,0,0,0,0,7,0,0,0,0,0,0,0,0,0,0,0,0,0,0,16,1,0
/home/arch_design_predict/download-github-repos/mvvm/repos/NewsLand-MVP-MVVM-Android-Project-master/NewsLand MVP + DataManager/app/src/main/java/amrk000/NewsLand/view/ApiKeySettingsDialog.java,amrk000.NewsLand.view.ApiKeySettingsDialog$Anonymous2,anonymous,1,1,0,1,1,1,0,1,0,0.0,NaN,NaN,1,0,1,0,0,0,1,0,0,0,0,0,0,0,0,0,0,0,0,5,0,0,0,0,0,0,0,0,0,0,0,0,0,0,5,-1,0
/home/arch_design_predict/download-github-repos/mvvm/repos/NewsLand-MVP-MVVM-Android-Project-master/NewsLand MVP + DataManager/app/src/main/java/amrk000/NewsLand/view/ApiKeySettingsDialog.java,amrk000.NewsLand.view.ApiKeySettingsDialog$Anonymous3,anonymous,3,3,0,3,1,1,0,3,0,0.0,NaN,NaN,1,0,1,0,0,0,1,0,0,0,0,0,0,0,0,0,0,0,0,5,0,0,0,0,0,4,0,0,0,0,0,0,0,0,12,-1,0
/home/arch_design_predict/download-github-repos/mvvm/repos/NewsLand-MVP-MVVM-Android-Project-master/NewsLand MVP + DataManager/app/src/main/java/amrk000/NewsLand/adapter/NewsRecyclerViewAdapter.java,amrk000.NewsLand.adapter.NewsRecyclerViewAdapter$LoadingViewHolder,innerclass,2,2,0,2,1,2,0,0,0,0.0,NaN,NaN,1,0,1,0,0,0,1,0,0,0,0,0,0,0,0,0,0,0,0,5,0,0,0,0,0,0,0,0,0,0,0,0,0,0,4,9,0
/home/arch_design_predict/download-github-repos/mvvm/repos/NewsLand-MVP-MVVM-Android-Project-master/NewsLand MVVM + Dependency Injection/app/src/main/java/amrk000/NewsLand/di/module/AppModule.java,amrk000.NewsLand.di.module.AppModule,class,4,6,2,4,3,1,0,1,0,0.0,1.0,1.0,3,0,1,0,0,2,3,0,0,0,1,0,0,1,0,0,0,0,0,12,2,0,0,0,0,0,0,1,0,1,0,0,0,0,6,1,0
/home/arch_design_predict/download-github-repos/mvvm/repos/NewsLand-MVP-MVVM-Android-Project-master/NewsLand MVP + DataManager/app/src/main/java/amrk000/NewsLand/presenter/NewsPresenter.java,NewsPresenter$Anonymous1,anonymous,3,3,0,3,4,1,0,2,6,0.0,0.0,0.0,4,0,4,0,0,0,4,0,0,0,0,0,0,0,0,0,0,0,0,13,0,0,0,0,0,0,0,1,0,0,0,0,0,0,11,-1,0
/home/arch_design_predict/download-github-repos/mvvm/repos/NewsLand-MVP-MVVM-Android-Project-master/NewsLand MVP + DataManager/app/src/main/java/amrk000/NewsLand/presenter/NewsPresenter.java,NewsPresenter$Anonymous2,anonymous,2,2,0,2,11,1,0,13,6,0.0,0.0,0.0,4,0,4,0,0,0,4,0,0,0,0,0,0,0,0,0,0,0,0,33,0,0,0,0,0,1,0,1,0,0,2,0,0,0,15,-1,0
/home/arch_design_predict/download-github-repos/mvvm/repos/NewsLand-MVP-MVVM-Android-Project-master/NewsLand MVP + DataManager/app/src/main/java/amrk000/NewsLand/view/MainActivity.java,amrk000.NewsLand.view.MainActivity,class,26,31,3,28,16,2,0,49,42,0.75,0.18181819,0.3181818,12,0,10,0,2,0,12,0,0,0,5,0,0,5,0,0,0,0,1,185,2,0,0,0,0,15,3,9,2,9,1,9,0,3,109,1,0
/home/arch_design_predict/download-github-repos/mvvm/repos/NewsLand-MVP-MVVM-Android-Project-master/NewsLand MVVM/app/src/main/java/amrk000/NewsLand/data/Repository.java,amrk000.NewsLand.data.Repository,class,14,18,4,14,11,1,0,18,19,0.8000001,0.2888889,1.0,10,0,10,0,0,0,10,0,0,0,13,0,0,13,0,0,0,0,5,108,7,0,0,0,1,8,3,14,1,14,1,1,0,0,41,1,0
/home/arch_design_predict/download-github-repos/mvvm/repos/NewsLand-MVP-MVVM-Android-Project-master/NewsLand MVP + DataManager/app/src/main/java/amrk000/NewsLand/view/INewsView.java,amrk000.NewsLand.view.INewsView,interface,1,4,3,1,8,1,0,0,28,0.0,0.0,0.0,8,0,0,0,0,8,8,0,0,0,0,0,0,0,0,0,0,0,0,10,0,0,0,0,0,0,0,0,0,0,0,0,0,0,27,1,0
/home/arch_design_predict/download-github-repos/mvvm/repos/NewsLand-MVP-MVVM-Android-Project-master/NewsLand MVVM + Dependency Injection/app/src/main/java/amrk000/NewsLand/data/local/CountryList.java,CountryList,class,3,7,4,3,10,1,0,7,0,0.5185185,0.0,0.0,9,0,9,0,0,0,9,0,0,0,3,0,0,3,0,0,0,0,0,39,8,1,0,0,0,0,1,6,0,6,1,0,0,0,16,1,0
/home/arch_design_predict/download-github-repos/mvvm/repos/NewsLand-MVP-MVVM-Android-Project-master/NewsLand MVP/app/src/main/java/amrk000/NewsLand/presenter/NewsPresenter.java,amrk000.NewsLand.presenter.NewsPresenter,class,14,17,3,14,8,1,0,19,11,0.84523803,0.26666668,0.6666667,7,0,6,1,0,0,6,0,0,0,23,7,7,16,0,0,0,0,6,100,3,0,0,0,1,8,11,25,1,24,1,1,0,0,60,1,0
/home/arch_design_predict/download-github-repos/mvvm/repos/NewsLand-MVP-MVVM-Android-Project-master/NewsLand MVVM + Dependency Injection/app/src/main/java/amrk000/NewsLand/adapter/NewsRecyclerViewAdapter.java,NewsViewHolder,innerclass,4,5,1,4,1,1,0,1,0,0.0,NaN,NaN,1,0,1,0,0,0,1,0,0,0,3,0,0,0,0,3,0,0,0,14,0,0,0,0,0,0,0,6,0,6,0,0,0,0,13,9,0
/home/arch_design_predict/download-github-repos/mvvm/repos/NewsLand-MVP-MVVM-Android-Project-master/NewsLand MVVM + Dependency Injection/app/src/main/java/amrk000/NewsLand/model/NewsItem.java,NewsItem,class,7,11,4,7,16,1,0,1,64,0.78571427,0.0,0.0,16,0,16,0,0,0,16,0,0,0,7,0,0,7,0,0,0,0,0,66,7,0,0,0,0,17,0,17,0,7,0,0,0,0,25,1,0
/home/arch_design_predict/download-github-repos/mvvm/repos/NewsLand-MVP-MVVM-Android-Project-master/NewsLand MVP + DataManager/app/src/main/java/amrk000/NewsLand/model/NewsApiResponse.java,amrk000.NewsLand.model.NewsApiResponse,class,2,3,1,2,6,1,0,0,9,0.6666667,0.2,0.2,6,0,6,0,0,0,6,0,0,0,3,0,0,3,0,0,0,0,0,23,3,0,0,0,0,3,0,3,0,3,0,0,0,0,12,1,0
/home/arch_design_predict/download-github-repos/mvvm/repos/NewsLand-MVP-MVVM-Android-Project-master/NewsLand MVP + DataManager/app/src/main/java/amrk000/NewsLand/view/ApiKeySettingsDialog.java,amrk000.NewsLand.view.ApiKeySettingsDialog$ApplyKeyListener,interface,0,0,0,0,1,1,0,0,0,0.0,NaN,NaN,1,0,0,0,0,1,1,0,0,0,0,0,0,0,0,0,0,0,0,3,0,0,0,0,0,0,0,0,0,0,0,0,0,0,5,1,0
/home/arch_design_predict/download-github-repos/mvvm/repos/NewsLand-MVP-MVVM-Android-Project-master/NewsLand MVVM + Dependency Injection/app/src/main/java/amrk000/NewsLand/model/NewsApiResponse.java,NewsApiResponse,class,3,3,0,3,6,1,0,0,9,0.6666667,0.0,0.0,6,0,6,0,0,0,6,0,0,0,3,0,0,3,0,0,0,0,0,23,3,0,0,0,0,3,0,3,0,3,0,0,0,0,12,1,0
/home/arch_design_predict/download-github-repos/mvvm/repos/NewsLand-MVP-MVVM-Android-Project-master/NewsLand MVVM + Dependency Injection/app/src/main/java/amrk000/NewsLand/util/SharedPrefManager.java,SharedPrefManager,class,3,4,1,3,11,1,0,7,0,0.76666665,0.0,0.0,10,1,10,0,0,0,10,0,0,0,9,9,3,6,0,0,7,0,0,44,5,0,1,0,0,8,0,9,0,9,1,0,0,0,39,1,0
/home/arch_design_predict/download-github-repos/mvvm/repos/NewsLand-MVP-MVVM-Android-Project-master/NewsLand MVVM + Dependency Injection/app/src/main/java/amrk000/NewsLand/data/Repository.java,Repository,class,12,15,3,12,11,1,0,14,19,0.79999995,0.0,0.0,10,0,10,0,0,0,10,0,0,0,13,0,0,13,0,0,0,0,0,108,7,0,0,0,1,8,3,14,1,14,1,1,0,0,41,1,0
/home/arch_design_predict/download-github-repos/mvvm/repos/NewsLand-MVP-MVVM-Android-Project-master/NewsLand MVVM + Dependency Injection/app/src/main/java/amrk000/NewsLand/view/ApiKeySettingsDialog.java,ApiKeySettingsDialog,class,9,10,1,9,4,1,0,9,2,0.5833333,0.0,0.0,4,0,4,0,0,0,4,0,0,0,3,0,0,3,0,0,0,0,0,44,1,0,0,0,0,0,0,3,0,3,0,3,1,0,23,1,0
/home/arch_design_predict/download-github-repos/mvvm/repos/NewsLand-MVP-MVVM-Android-Project-master/NewsLand MVVM + Dependency Injection/app/src/main/java/amrk000/NewsLand/adapter/NewsRecyclerViewAdapter.java,NewsRecyclerViewAdapter$Anonymous2,anonymous,3,3,0,3,1,1,0,4,0,0.0,NaN,NaN,1,0,1,0,0,0,1,0,0,0,0,0,0,0,0,0,0,0,0,6,0,0,0,0,1,0,0,1,0,1,0,0,0,0,11,-1,0
/home/arch_design_predict/download-github-repos/mvvm/repos/NewsLand-MVP-MVVM-Android-Project-master/NewsLand MVVM + Dependency Injection/app/src/main/java/amrk000/NewsLand/adapter/NewsRecyclerViewAdapter.java,NewsRecyclerViewAdapter$Anonymous1,anonymous,3,3,0,3,1,1,0,5,0,0.0,NaN,NaN,1,0,1,0,0,0,1,0,0,0,0,0,0,0,0,0,0,0,0,5,0,0,0,0,0,2,0,0,0,0,0,0,0,0,6,-1,0
/home/arch_design_predict/download-github-repos/mvvm/repos/NewsLand-MVP-MVVM-Android-Project-master/NewsLand MVVM + Dependency Injection/app/src/test/java/amrk000/NewsLand/ExampleUnitTest.java,ExampleUnitTest,class,1,1,0,1,1,1,0,1,0,0.0,NaN,NaN,1,0,1,0,0,0,1,0,0,0,0,0,0,0,0,0,0,0,0,5,0,0,0,0,0,0,3,0,1,0,0,0,0,0,22,1,0
/home/arch_design_predict/download-github-repos/mvvm/repos/NewsLand-MVP-MVVM-Android-Project-master/NewsLand MVP + DataManager/app/src/main/java/amrk000/NewsLand/data/local/DataBase.java,amrk000.NewsLand.data.local.DataBase,class,6,12,6,6,3,2,0,4,1,0.5,0.0,0.0,2,1,2,0,0,0,2,1,0,0,1,1,0,1,0,0,0,0,0,10,1,0,1,0,0,1,1,1,0,1,1,0,0,0,14,1025,0
/home/arch_design_predict/download-github-repos/mvvm/repos/NewsLand-MVP-MVVM-Android-Project-master/NewsLand MVVM + Dependency Injection/app/src/main/java/amrk000/NewsLand/view/NewsOptions.java,NewsOptions,class,9,10,1,9,4,1,0,16,2,0.5833333,0.0,0.0,4,0,4,0,0,0,4,0,0,0,3,0,0,3,0,0,0,0,0,47,1,0,0,0,0,0,0,3,0,3,0,3,0,0,27,1,1
/home/arch_design_predict/download-github-repos/mvvm/repos/NewsLand-MVP-MVVM-Android-Project-master/NewsLand MVVM + Dependency Injection/app/src/main/java/amrk000/NewsLand/di/module/RoomDbModule.java,amrk000.NewsLand.di.module.RoomDbModule,class,5,5,0,5,2,1,0,5,1,0.0,0.0,0.0,2,0,0,0,0,2,2,0,0,0,0,0,0,0,0,0,0,0,0,8,2,0,0,0,0,1,0,0,0,0,0,0,0,0,11,1,0
/home/arch_design_predict/download-github-repos/mvvm/repos/NewsLand-MVP-MVVM-Android-Project-master/NewsLand MVVM + Dependency Injection/app/src/main/java/amrk000/NewsLand/model/SettingItem.java,SettingItem,class,1,2,1,1,5,1,0,0,0,0.4,0.0,0.0,5,0,5,0,0,0,5,0,0,0,2,0,0,2,0,0,0,0,0,20,2,0,0,0,0,0,0,4,0,2,0,0,0,0,8,1,0
/home/arch_design_predict/download-github-repos/mvvm/repos/NewsLand-MVP-MVVM-Android-Project-master/NewsLand MVP + DataManager/app/src/main/java/amrk000/NewsLand/model/Language.java,amrk000.NewsLand.model.Language,class,0,1,1,0,5,1,0,0,0,0.4,0.6,1.0,5,0,5,0,0,0,5,0,0,0,2,0,0,2,0,0,0,0,0,20,2,0,0,0,0,0,0,4,0,2,0,0,0,0,7,1,0
/home/arch_design_predict/download-github-repos/mvvm/repos/NewsLand-MVP-MVVM-Android-Project-master/NewsLand MVVM + Dependency Injection/app/src/main/java/amrk000/NewsLand/model/NewsSource.java,NewsSource,class,2,3,1,2,4,1,0,0,2,0.5,0.0,0.0,4,0,4,0,0,0,4,0,0,0,2,0,0,2,0,0,0,0,0,16,2,0,0,0,0,2,0,2,0,2,0,0,0,0,8,1,0
/home/arch_design_predict/download-github-repos/mvvm/repos/NewsLand-MVP-MVVM-Android-Project-master/NewsLand MVP + DataManager/app/src/main/java/amrk000/NewsLand/view/MainActivity.java,amrk000.NewsLand.view.MainActivity$Anonymous1,anonymous,0,1,0,1,1,1,0,1,0,0.0,NaN,NaN,1,0,1,0,0,0,1,0,0,0,0,0,0,0,0,0,0,0,0,5,0,0,0,0,0,0,0,0,0,0,0,0,0,0,3,-1,0
/home/arch_design_predict/download-github-repos/mvvm/repos/NewsLand-MVP-MVVM-Android-Project-master/NewsLand MVVM + Dependency Injection/app/src/main/java/amrk000/NewsLand/di/module/RetrofitModule.java,amrk000.NewsLand.di.module.RetrofitModule,class,4,4,0,4,4,1,0,4,0,0.25,0.5,0.5,4,0,2,0,0,2,4,0,0,0,1,0,0,0,0,1,0,0,0,15,2,0,0,0,0,1,0,2,0,1,0,0,0,0,10,1,0
/home/arch_design_predict/download-github-repos/mvvm/repos/NewsLand-MVP-MVVM-Android-Project-master/NewsLand MVP + DataManager/app/src/main/java/amrk000/NewsLand/view/MainActivity.java,amrk000.NewsLand.view.MainActivity$Anonymous2,anonymous,3,3,0,3,2,1,0,4,0,0.0,NaN,NaN,1,0,1,0,0,0,1,0,0,0,0,0,0,0,0,0,0,0,0,8,0,0,1,0,0,0,0,0,0,0,1,0,0,0,10,-1,0
/home/arch_design_predict/download-github-repos/mvvm/repos/NewsLand-MVP-MVVM-Android-Project-master/NewsLand MVP + DataManager/app/src/main/java/amrk000/NewsLand/view/MainActivity.java,amrk000.NewsLand.view.MainActivity$Anonymous3,anonymous,2,3,0,3,8,1,0,3,0,0.0,NaN,NaN,1,0,1,0,0,0,1,0,0,0,0,0,0,0,0,0,0,0,0,29,0,0,0,0,0,0,0,0,0,0,1,0,0,0,7,-1,0
/home/arch_design_predict/download-github-repos/mvvm/repos/NewsLand-MVP-MVVM-Android-Project-master/NewsLand MVP + DataManager/app/src/main/java/amrk000/NewsLand/view/MainActivity.java,amrk000.NewsLand.view.MainActivity$Anonymous4,anonymous,2,3,0,3,3,1,0,6,0,0.0,NaN,NaN,1,0,1,0,0,0,1,0,0,0,0,0,0,0,0,0,0,0,0,11,1,0,1,0,0,0,0,2,0,1,1,0,0,0,10,-1,0
/home/arch_design_predict/download-github-repos/mvvm/repos/NewsLand-MVP-MVVM-Android-Project-master/NewsLand MVP + DataManager/app/src/main/java/amrk000/NewsLand/view/MainActivity.java,amrk000.NewsLand.view.MainActivity$Anonymous5,anonymous,1,1,0,1,1,1,0,1,0,0.0,NaN,NaN,1,0,1,0,0,0,1,0,0,0,0,0,0,0,0,0,0,0,0,5,0,0,0,0,0,0,0,0,0,0,0,0,0,0,5,-1,0
/home/arch_design_predict/download-github-repos/mvvm/repos/NewsLand-MVP-MVVM-Android-Project-master/NewsLand MVP + DataManager/app/src/main/java/amrk000/NewsLand/view/MainActivity.java,amrk000.NewsLand.view.MainActivity$Anonymous6,anonymous,3,3,0,3,1,1,0,4,0,0.0,NaN,NaN,1,0,1,0,0,0,1,0,0,0,0,0,0,0,0,0,0,0,0,6,0,0,0,0,0,1,0,0,0,0,0,0,0,0,9,-1,0
/home/arch_design_predict/download-github-repos/mvvm/repos/NewsLand-MVP-MVVM-Android-Project-master/NewsLand MVP + DataManager/app/src/main/java/amrk000/NewsLand/view/MainActivity.java,amrk000.NewsLand.view.MainActivity$Anonymous7,anonymous,3,3,0,3,1,1,0,4,0,0.0,NaN,NaN,1,0,1,0,0,0,1,0,0,0,0,0,0,0,0,0,0,0,0,6,0,0,0,0,0,1,0,0,0,0,0,0,0,0,9,-1,0
/home/arch_design_predict/download-github-repos/mvvm/repos/NewsLand-MVP-MVVM-Android-Project-master/NewsLand MVP + DataManager/app/src/main/java/amrk000/NewsLand/view/MainActivity.java,amrk000.NewsLand.view.MainActivity$Anonymous8,anonymous,1,1,0,1,1,1,0,1,0,0.0,NaN,NaN,1,0,1,0,0,0,1,0,0,0,0,0,0,0,0,0,0,0,0,5,0,0,0,0,0,0,0,0,0,0,0,0,0,0,5,-1,0
/home/arch_design_predict/download-github-repos/mvvm/repos/NewsLand-MVP-MVVM-Android-Project-master/NewsLand MVP + DataManager/app/src/main/java/amrk000/NewsLand/view/MainActivity.java,amrk000.NewsLand.view.MainActivity$Anonymous9,anonymous,3,3,0,3,1,1,0,3,0,0.0,NaN,NaN,1,0,1,0,0,0,1,0,0,0,0,0,0,0,0,0,0,0,0,6,0,0,0,0,0,0,0,0,0,0,0,0,0,0,9,-1,0
/home/arch_design_predict/download-github-repos/mvvm/repos/NewsLand-MVP-MVVM-Android-Project-master/NewsLand MVVM + Dependency Injection/app/src/main/java/amrk000/NewsLand/view/ApiKeySettingsDialog.java,ApiKeySettingsDialog$Anonymous3,anonymous,3,3,0,3,1,1,0,3,0,0.0,NaN,NaN,1,0,1,0,0,0,1,0,0,0,0,0,0,0,0,0,0,0,0,5,0,0,0,0,0,4,0,0,0,0,0,0,0,0,12,-1,0
/home/arch_design_predict/download-github-repos/mvvm/repos/NewsLand-MVP-MVVM-Android-Project-master/NewsLand MVVM + Dependency Injection/app/src/main/java/amrk000/NewsLand/view/ApiKeySettingsDialog.java,ApiKeySettingsDialog$Anonymous1,anonymous,1,1,0,1,1,1,0,5,0,0.0,NaN,NaN,1,0,1,0,0,0,1,0,0,0,0,0,0,0,0,0,0,0,0,6,0,0,0,0,0,0,0,0,0,0,0,0,0,0,5,-1,0
/home/arch_design_predict/download-github-repos/mvvm/repos/NewsLand-MVP-MVVM-Android-Project-master/NewsLand MVVM + Dependency Injection/app/src/main/java/amrk000/NewsLand/model/RestApiStatus.java,RestApiStatus,class,2,3,1,2,10,1,0,0,35,0.909091,0.0,0.0,10,0,10,0,0,0,10,0,0,0,11,6,6,5,0,0,6,0,0,43,5,0,0,0,0,0,6,11,0,11,0,0,0,0,42,1,0
/home/arch_design_predict/download-github-repos/mvvm/repos/NewsLand-MVP-MVVM-Android-Project-master/NewsLand MVVM + Dependency Injection/app/src/main/java/amrk000/NewsLand/view/ApiKeySettingsDialog.java,ApiKeySettingsDialog$Anonymous2,anonymous,1,1,0,1,1,1,0,1,0,0.0,NaN,NaN,1,0,1,0,0,0,1,0,0,0,0,0,0,0,0,0,0,0,0,5,0,0,0,0,0,0,0,0,0,0,0,0,0,0,5,-1,0
/home/arch_design_predict/download-github-repos/mvvm/repos/NewsLand-MVP-MVVM-Android-Project-master/NewsLand MVVM/app/src/main/java/amrk000/NewsLand/viewmodel/SettingsViewModel.java,amrk000.NewsLand.viewmodel.SettingsViewModel,class,10,12,2,10,7,2,0,22,0,0.42857146,0.61904764,1.0,7,0,7,0,0,0,7,0,0,0,3,0,0,3,0,0,0,0,6,38,3,0,0,0,0,3,3,3,0,3,0,0,0,0,22,1,0
/home/arch_design_predict/download-github-repos/mvvm/repos/NewsLand-MVP-MVVM-Android-Project-master/NewsLand MVVM + Dependency Injection/app/src/main/java/amrk000/NewsLand/view/MainActivity.java,MainActivity$Anonymous9,anonymous,3,3,0,3,1,1,0,3,0,0.0,NaN,NaN,1,0,1,0,0,0,1,0,0,0,0,0,0,0,0,0,0,0,0,6,0,0,0,0,0,0,0,0,0,0,0,0,0,0,9,-1,0
/home/arch_design_predict/download-github-repos/mvvm/repos/NewsLand-MVP-MVVM-Android-Project-master/NewsLand MVVM + Dependency Injection/app/src/main/java/amrk000/NewsLand/view/MainActivity.java,MainActivity$Anonymous6,anonymous,3,3,0,3,1,1,0,4,0,0.0,NaN,NaN,1,0,1,0,0,0,1,0,0,0,0,0,0,0,0,0,0,0,0,6,0,0,0,0,0,1,0,0,0,0,0,0,0,0,9,-1,0
/home/arch_design_predict/download-github-repos/mvvm/repos/NewsLand-MVP-MVVM-Android-Project-master/NewsLand MVVM + Dependency Injection/app/src/main/java/amrk000/NewsLand/view/MainActivity.java,MainActivity$Anonymous5,anonymous,1,1,0,1,1,1,0,1,0,0.0,NaN,NaN,1,0,1,0,0,0,1,0,0,0,0,0,0,0,0,0,0,0,0,5,0,0,0,0,0,0,0,0,0,0,0,0,0,0,5,-1,0
/home/arch_design_predict/download-github-repos/mvvm/repos/NewsLand-MVP-MVVM-Android-Project-master/NewsLand MVVM + Dependency Injection/app/src/main/java/amrk000/NewsLand/view/MainActivity.java,MainActivity$Anonymous8,anonymous,1,1,0,1,1,1,0,1,0,0.0,NaN,NaN,1,0,1,0,0,0,1,0,0,0,0,0,0,0,0,0,0,0,0,5,0,0,0,0,0,0,0,0,0,0,0,0,0,0,5,-1,0
/home/arch_design_predict/download-github-repos/mvvm/repos/NewsLand-MVP-MVVM-Android-Project-master/NewsLand MVVM + Dependency Injection/app/src/main/java/amrk000/NewsLand/view/MainActivity.java,MainActivity$Anonymous7,anonymous,3,3,0,3,1,1,0,4,0,0.0,NaN,NaN,1,0,1,0,0,0,1,0,0,0,0,0,0,0,0,0,0,0,0,6,0,0,0,0,0,1,0,0,0,0,0,0,0,0,9,-1,0
/home/arch_design_predict/download-github-repos/mvvm/repos/NewsLand-MVP-MVVM-Android-Project-master/NewsLand MVP + DataManager/app/src/androidTest/java/amrk000/NewsLand/ExampleInstrumentedTest.java,amrk000.NewsLand.ExampleInstrumentedTest,class,4,4,0,4,1,1,0,4,0,0.0,NaN,NaN,1,0,1,0,0,0,1,0,0,0,0,0,0,0,0,0,0,0,0,6,0,0,0,0,0,1,0,1,0,1,0,0,0,0,19,1,0
/home/arch_design_predict/download-github-repos/mvvm/repos/NewsLand-MVP-MVVM-Android-Project-master/NewsLand MVVM + Dependency Injection/app/src/main/java/amrk000/NewsLand/view/NewsOptions.java,NewsOptions$Anonymous2,anonymous,3,3,0,3,1,1,0,5,0,0.0,NaN,NaN,1,0,1,0,0,0,1,0,0,0,0,0,0,0,0,0,0,0,0,7,0,0,0,0,0,0,0,1,0,1,0,0,0,0,10,-1,0
/home/arch_design_predict/download-github-repos/mvvm/repos/NewsLand-MVP-MVVM-Android-Project-master/NewsLand MVVM + Dependency Injection/app/src/main/java/amrk000/NewsLand/view/MainActivity.java,MainActivity$Anonymous2,anonymous,3,3,0,3,2,1,0,4,0,0.0,NaN,NaN,1,0,1,0,0,0,1,0,0,0,0,0,0,0,0,0,0,0,0,8,0,0,1,0,0,0,0,0,0,0,1,0,0,0,10,-1,0
/home/arch_design_predict/download-github-repos/mvvm/repos/NewsLand-MVP-MVVM-Android-Project-master/NewsLand MVVM + Dependency Injection/app/src/main/java/amrk000/NewsLand/view/NewsOptions.java,NewsOptions$Anonymous3,anonymous,1,1,0,1,1,1,0,2,0,0.0,NaN,NaN,1,0,1,0,0,0,1,0,0,0,0,0,0,0,0,0,0,0,0,6,0,0,0,0,0,0,0,0,0,0,0,0,0,0,7,-1,0
/home/arch_design_predict/download-github-repos/mvvm/repos/NewsLand-MVP-MVVM-Android-Project-master/NewsLand MVVM + Dependency Injection/app/src/main/java/amrk000/NewsLand/view/MainActivity.java,MainActivity$Anonymous1,anonymous,1,1,0,1,1,1,0,1,0,0.0,NaN,NaN,1,0,1,0,0,0,1,0,0,0,0,0,0,0,0,0,0,0,0,5,0,0,0,0,0,0,0,0,0,0,0,0,0,0,3,-1,0
/home/arch_design_predict/download-github-repos/mvvm/repos/NewsLand-MVP-MVVM-Android-Project-master/NewsLand MVVM + Dependency Injection/app/src/main/java/amrk000/NewsLand/di/MyApplication.java,amrk000.NewsLand.di.MyApplication,class,3,3,0,3,2,2,0,4,0,0.0,1.0,1.0,2,0,2,0,0,0,2,0,0,0,1,0,0,1,0,0,0,0,0,10,1,0,0,0,0,0,0,1,0,1,0,0,0,0,9,1,0
/home/arch_design_predict/download-github-repos/mvvm/repos/NewsLand-MVP-MVVM-Android-Project-master/NewsLand MVVM + Dependency Injection/app/src/main/java/amrk000/NewsLand/view/MainActivity.java,MainActivity$Anonymous4,anonymous,2,2,0,2,3,1,0,6,0,0.0,NaN,NaN,1,0,1,0,0,0,1,0,0,0,0,0,0,0,0,0,0,0,0,11,1,0,1,0,0,0,0,2,0,1,1,0,0,0,10,-1,0
/home/arch_design_predict/download-github-repos/mvvm/repos/NewsLand-MVP-MVVM-Android-Project-master/NewsLand MVVM + Dependency Injection/app/src/main/java/amrk000/NewsLand/data/remote/RetrofitInterface.java,RetrofitInterface,interface,3,4,1,3,1,1,0,0,0,0.0,NaN,NaN,1,0,0,0,0,1,1,0,0,0,0,0,0,0,0,0,0,0,0,3,0,0,0,0,0,8,0,0,0,0,0,0,0,0,6,1,0
/home/arch_design_predict/download-github-repos/mvvm/repos/NewsLand-MVP-MVVM-Android-Project-master/NewsLand MVVM + Dependency Injection/app/src/main/java/amrk000/NewsLand/view/NewsOptions.java,NewsOptions$Anonymous1,anonymous,2,2,0,2,1,1,0,6,0,0.0,NaN,NaN,1,0,1,0,0,0,1,0,0,0,0,0,0,0,0,0,0,0,0,9,0,0,0,0,0,2,0,1,0,1,0,0,0,0,9,-1,0
/home/arch_design_predict/download-github-repos/mvvm/repos/NewsLand-MVP-MVVM-Android-Project-master/NewsLand MVVM + Dependency Injection/app/src/main/java/amrk000/NewsLand/view/MainActivity.java,MainActivity$Anonymous3,anonymous,1,1,0,1,8,1,0,3,0,0.0,NaN,NaN,1,0,1,0,0,0,1,0,0,0,0,0,0,0,0,0,0,0,0,29,0,0,0,0,0,0,0,0,0,0,1,0,0,0,7,-1,0
/home/arch_design_predict/download-github-repos/mvvm/repos/NewsLand-MVP-MVVM-Android-Project-master/NewsLand MVVM + Dependency Injection/app/src/main/java/amrk000/NewsLand/adapter/NewsRecyclerViewAdapter.java,LoadingViewHolder,innerclass,1,2,1,1,1,1,0,0,0,0.0,NaN,NaN,1,0,1,0,0,0,1,0,0,0,0,0,0,0,0,0,0,0,0,5,0,0,0,0,0,0,0,0,0,0,0,0,0,0,4,9,0
/home/arch_design_predict/download-github-repos/mvvm/repos/NewsLand-MVP-MVVM-Android-Project-master/NewsLand MVVM + Dependency Injection/app/src/main/java/amrk000/NewsLand/view/Settings.java,Settings$Anonymous2,anonymous,1,1,0,1,1,1,0,1,0,0.0,NaN,NaN,1,0,1,0,0,0,1,0,0,0,0,0,0,0,0,0,0,0,0,5,0,0,0,0,0,0,0,0,0,0,0,0,0,0,6,-1,0
/home/arch_design_predict/download-github-repos/mvvm/repos/NewsLand-MVP-MVVM-Android-Project-master/NewsLand MVVM + Dependency Injection/app/src/main/java/amrk000/NewsLand/view/Settings.java,Settings$Anonymous3,anonymous,1,1,0,1,1,1,0,1,0,0.0,NaN,NaN,1,0,1,0,0,0,1,0,0,0,0,0,0,0,0,0,0,0,0,5,0,0,0,0,0,0,0,0,0,0,0,0,0,0,4,-1,0
/home/arch_design_predict/download-github-repos/mvvm/repos/NewsLand-MVP-MVVM-Android-Project-master/NewsLand MVVM + Dependency Injection/app/src/main/java/amrk000/NewsLand/view/ArticleBrowser.java,ArticleBrowser$Anonymous1,anonymous,0,0,0,0,0,1,0,0,0,0.0,-1.0,-1.0,0,0,0,0,0,0,0,0,0,0,0,0,0,0,0,0,0,0,0,2,0,0,0,0,0,0,0,0,0,0,0,0,0,0,0,-1,0
/home/arch_design_predict/download-github-repos/mvvm/repos/NewsLand-MVP-MVVM-Android-Project-master/NewsLand MVP/app/src/main/java/amrk000/NewsLand/util/NetworkChecker.java,amrk000.NewsLand.util.NetworkChecker,class,6,7,1,6,5,2,0,10,1,0.33333334,0.33333334,0.33333334,3,0,3,0,0,0,3,0,0,0,2,0,0,2,0,0,0,0,0,14,0,0,1,0,0,1,0,2,0,2,1,0,0,0,18,1,0
/home/arch_design_predict/download-github-repos/mvvm/repos/NewsLand-MVP-MVVM-Android-Project-master/NewsLand MVP + DataManager/app/src/main/java/amrk000/NewsLand/model/RestApiStatus.java,amrk000.NewsLand.model.RestApiStatus,class,0,5,5,0,10,1,0,0,35,0.909091,0.11111111,0.11111111,10,0,10,0,0,0,10,0,0,0,11,6,6,5,0,0,6,0,0,43,5,0,0,0,0,0,6,11,0,11,0,0,0,0,42,1,0
/home/arch_design_predict/download-github-repos/mvvm/repos/NewsLand-MVP-MVVM-Android-Project-master/NewsLand MVVM + Dependency Injection/app/src/main/java/amrk000/NewsLand/view/Settings.java,Settings$Anonymous1,anonymous,2,2,0,2,4,1,0,3,0,0.0,NaN,NaN,1,0,1,0,0,0,1,0,0,0,0,0,0,0,0,0,0,0,0,15,0,0,0,0,0,0,3,0,0,0,1,0,0,0,13,-1,0
/home/arch_design_predict/download-github-repos/mvvm/repos/NewsLand-MVP-MVVM-Android-Project-master/NewsLand MVVM + Dependency Injection/app/src/main/java/amrk000/NewsLand/view/ArticleBrowser.java,ArticleBrowser$Anonymous2,anonymous,3,3,0,3,1,1,0,5,0,0.0,NaN,NaN,1,0,1,0,0,0,1,0,0,0,0,0,0,0,0,0,0,0,0,9,0,0,0,0,0,1,1,1,0,1,0,0,0,0,12,-1,0
/home/arch_design_predict/download-github-repos/mvvm/repos/NewsLand-MVP-MVVM-Android-Project-master/NewsLand MVP + DataManager/app/src/main/java/amrk000/NewsLand/data/DataManager.java,amrk000.NewsLand.data.DataManager,class,15,19,4,15,19,1,0,25,55,0.878307,0.32026145,1.0,18,0,18,0,0,0,18,0,0,0,21,7,3,18,0,0,7,0,2,140,11,0,0,0,1,16,3,22,1,22,1,1,0,0,68,1,0
/home/arch_design_predict/download-github-repos/mvvm/repos/NewsLand-MVP-MVVM-Android-Project-master/NewsLand MVVM + Dependency Injection/app/src/main/java/amrk000/NewsLand/view/ArticleBrowser.java,ArticleBrowser$Anonymous3,anonymous,1,1,0,1,1,1,0,1,0,0.0,NaN,NaN,1,0,1,0,0,0,1,0,0,0,0,0,0,0,0,0,0,0,0,5,0,0,0,0,0,0,0,0,0,0,0,0,0,0,4,-1,0
/home/arch_design_predict/download-github-repos/mvvm/repos/NewsLand-MVP-MVVM-Android-Project-master/NewsLand MVVM + Dependency Injection/app/src/main/java/amrk000/NewsLand/view/ArticleBrowser.java,ArticleBrowser$Anonymous4,anonymous,1,1,0,1,1,1,0,1,0,0.0,NaN,NaN,1,0,1,0,0,0,1,0,0,0,0,0,0,0,0,0,0,0,0,5,0,0,0,0,0,0,0,0,0,0,0,0,0,0,5,-1,0
/home/arch_design_predict/download-github-repos/mvvm/repos/NewsLand-MVP-MVVM-Android-Project-master/NewsLand MVVM + Dependency Injection/app/src/main/java/amrk000/NewsLand/view/Settings.java,Settings$Anonymous4,anonymous,1,1,0,1,1,1,0,2,0,0.0,NaN,NaN,1,0,1,0,0,0,1,0,0,0,0,0,0,0,0,0,0,0,0,6,0,0,0,0,0,0,0,0,0,0,0,0,0,0,5,-1,0
/home/arch_design_predict/download-github-repos/mvvm/repos/NewsLand-MVP-MVVM-Android-Project-master/NewsLand MVVM + Dependency Injection/app/src/main/java/amrk000/NewsLand/view/Settings.java,Settings$Anonymous5,anonymous,1,1,0,1,1,1,0,2,0,0.0,NaN,NaN,1,0,1,0,0,0,1,0,0,0,0,0,0,0,0,0,0,0,0,6,0,0,0,0,0,0,0,0,0,0,0,0,0,0,5,-1,0
/home/arch_design_predict/download-github-repos/mvvm/repos/NewsLand-MVP-MVVM-Android-Project-master/NewsLand MVVM + Dependency Injection/app/src/main/java/amrk000/NewsLand/view/About.java,About,class,6,7,1,6,2,1,0,21,1,0.5,0.0,0.0,2,0,1,0,1,0,2,0,0,0,1,0,0,1,0,0,0,0,0,36,1,0,0,0,0,4,1,4,1,4,1,0,0,3,45,1,0
/home/arch_design_predict/download-github-repos/mvvm/repos/NewsLand-MVP-MVVM-Android-Project-master/NewsLand MVP + DataManager/app/src/main/java/amrk000/NewsLand/data/local/RoomDao.java,amrk000.NewsLand.data.local.RoomDao,interface,4,10,6,4,3,1,0,0,3,0.0,0.0,0.0,3,0,3,0,0,0,3,0,0,0,0,0,0,0,0,0,0,0,0,5,0,0,0,0,0,2,0,0,0,0,0,0,0,0,32,1,0
/home/arch_design_predict/download-github-repos/mvvm/repos/NewsLand-MVP-MVVM-Android-Project-master/NewsLand MVVM + Dependency Injection/app/src/main/java/amrk000/NewsLand/view/ApiKeySettingsDialog.java,ApplyKeyListener,interface,0,1,1,0,1,1,0,0,0,0.0,NaN,NaN,1,0,0,0,0,1,1,0,0,0,0,0,0,0,0,0,0,0,0,3,0,0,0,0,0,0,0,0,0,0,0,0,0,0,5,1,0
/home/arch_design_predict/download-github-repos/mvvm/repos/NewsLand-MVP-MVVM-Android-Project-master/NewsLand MVP + DataManager/app/src/main/java/amrk000/NewsLand/view/Settings.java,amrk000.NewsLand.view.Settings$Anonymous1,anonymous,3,3,0,3,4,1,0,3,0,0.0,NaN,NaN,1,0,1,0,0,0,1,0,0,0,0,0,0,0,0,0,0,0,0,15,0,0,0,0,0,0,3,0,0,0,1,0,0,0,13,-1,0
/home/arch_design_predict/download-github-repos/mvvm/repos/NewsLand-MVP-MVVM-Android-Project-master/NewsLand MVP + DataManager/app/src/main/java/amrk000/NewsLand/view/Settings.java,amrk000.NewsLand.view.Settings$Anonymous3,anonymous,0,1,0,1,1,1,0,1,0,0.0,NaN,NaN,1,0,1,0,0,0,1,0,0,0,0,0,0,0,0,0,0,0,0,5,0,0,0,0,0,0,0,0,0,0,0,0,0,0,4,-1,0
/home/arch_design_predict/download-github-repos/mvvm/repos/NewsLand-MVP-MVVM-Android-Project-master/NewsLand MVP + DataManager/app/src/main/java/amrk000/NewsLand/view/Settings.java,amrk000.NewsLand.view.Settings$Anonymous2,anonymous,2,2,0,2,1,1,0,1,0,0.0,NaN,NaN,1,0,1,0,0,0,1,0,0,0,0,0,0,0,0,0,0,0,0,5,0,0,0,0,0,0,0,0,0,0,0,0,0,0,6,-1,0
/home/arch_design_predict/download-github-repos/mvvm/repos/NewsLand-MVP-MVVM-Android-Project-master/NewsLand MVP + DataManager/app/src/main/java/amrk000/NewsLand/view/Settings.java,amrk000.NewsLand.view.Settings$Anonymous5,anonymous,1,2,0,2,1,1,0,2,0,0.0,NaN,NaN,1,0,1,0,0,0,1,0,0,0,0,0,0,0,0,0,0,0,0,6,0,0,0,0,0,0,0,0,0,0,0,0,0,0,5,-1,0
/home/arch_design_predict/download-github-repos/mvvm/repos/NewsLand-MVP-MVVM-Android-Project-master/NewsLand MVP + DataManager/app/src/main/java/amrk000/NewsLand/view/Settings.java,amrk000.NewsLand.view.Settings$Anonymous4,anonymous,1,2,0,2,1,1,0,2,0,0.0,NaN,NaN,1,0,1,0,0,0,1,0,0,0,0,0,0,0,0,0,0,0,0,6,0,0,0,0,0,0,0,0,0,0,0,0,0,0,5,-1,0
/home/arch_design_predict/download-github-repos/mvvm/repos/NewsLand-MVP-MVVM-Android-Project-master/NewsLand MVP + DataManager/app/src/main/java/amrk000/NewsLand/adapter/NewsRecyclerViewAdapter.java,amrk000.NewsLand.adapter.NewsRecyclerViewAdapter$LastItemReachedListener,interface,0,0,0,0,1,1,0,0,0,0.0,NaN,NaN,1,0,0,0,0,1,1,0,0,0,0,0,0,0,0,0,0,0,0,3,0,0,0,0,0,0,0,0,0,0,0,0,0,0,7,1,0
/home/arch_design_predict/download-github-repos/mvvm/repos/NewsLand-MVP-MVVM-Android-Project-master/NewsLand MVP + DataManager/app/src/main/java/amrk000/NewsLand/model/NewsSource.java,amrk000.NewsLand.model.NewsSource,class,1,4,3,1,4,1,0,0,2,0.5,0.33333334,0.33333334,4,0,4,0,0,0,4,0,0,0,2,0,0,2,0,0,0,0,0,16,2,0,0,0,0,2,0,2,0,2,0,0,0,0,8,1,0
/home/arch_design_predict/download-github-repos/mvvm/repos/NewsLand-MVP-MVVM-Android-Project-master/NewsLand MVVM + Dependency Injection/app/src/main/java/amrk000/NewsLand/di/component/AppComponent.java,amrk000.NewsLand.di.component.AppComponent,interface,7,8,1,7,2,1,0,0,1,0.0,0.0,0.0,2,0,0,0,0,2,2,0,0,0,0,0,0,0,0,0,0,0,0,4,0,0,0,0,0,0,0,0,0,0,0,0,0,0,9,1,0
/home/arch_design_predict/download-github-repos/mvvm/repos/NewsLand-MVP-MVVM-Android-Project-master/NewsLand MVVM + Dependency Injection/app/src/main/java/amrk000/NewsLand/di/module/XmlDataModule.java,amrk000.NewsLand.di.module.XmlDataModule,class,5,5,0,5,2,1,0,0,1,0.0,0.0,0.0,2,0,0,0,0,2,2,0,0,0,0,0,0,0,0,0,0,0,0,8,2,0,0,0,0,0,0,0,0,0,0,0,0,0,9,1,0
/home/arch_design_predict/download-github-repos/mvvm/repos/NewsLand-MVP-MVVM-Android-Project-master/NewsLand MVVM + Dependency Injection/app/src/main/java/amrk000/NewsLand/di/module/ViewModelModule.java,amrk000.NewsLand.di.module.ViewModelModule,class,6,7,1,6,2,1,0,0,1,0.0,0.0,0.0,2,0,0,0,0,2,2,2,0,0,0,0,0,0,0,0,0,0,0,4,0,0,0,0,0,0,0,0,0,0,0,0,0,0,7,1025,0
/home/arch_design_predict/download-github-repos/mvvm/repos/NewsLand-MVP-MVVM-Android-Project-master/NewsLand MVP + DataManager/app/src/main/java/amrk000/NewsLand/data/local/CountryList.java,amrk000.NewsLand.data.local.CountryList,class,2,11,9,2,10,1,0,8,0,0.5185185,0.5555556,1.0,9,0,9,0,0,0,9,0,0,0,3,0,0,3,0,0,0,0,2,39,8,1,0,0,0,0,1,6,0,6,1,0,0,0,16,1,0
/home/arch_design_predict/download-github-repos/mvvm/repos/NewsLand-MVP-MVVM-Android-Project-master/NewsLand MVP + DataManager/app/src/main/java/amrk000/NewsLand/adapter/NewsRecyclerViewAdapter.java,amrk000.NewsLand.adapter.NewsRecyclerViewAdapter$Anonymous2,anonymous,3,3,0,3,1,1,0,4,0,0.0,NaN,NaN,1,0,1,0,0,0,1,0,0,0,0,0,0,0,0,0,0,0,0,6,0,0,0,0,1,0,0,1,0,1,0,0,0,0,11,-1,0
/home/arch_design_predict/download-github-repos/mvvm/repos/NewsLand-MVP-MVVM-Android-Project-master/NewsLand MVP + DataManager/app/src/main/java/amrk000/NewsLand/adapter/NewsRecyclerViewAdapter.java,amrk000.NewsLand.adapter.NewsRecyclerViewAdapter$Anonymous1,anonymous,4,4,0,4,1,1,0,5,0,0.0,NaN,NaN,1,0,1,0,0,0,1,0,0,0,0,0,0,0,0,0,0,0,0,5,0,0,0,0,0,2,0,0,0,0,0,0,0,0,6,-1,0
/home/arch_design_predict/download-github-repos/mvvm/repos/NewsLand-MVP-MVVM-Android-Project-master/NewsLand MVP/app/src/main/java/amrk000/NewsLand/util/SharedPrefManager.java,amrk000.NewsLand.util.SharedPrefManager,class,3,8,5,3,11,1,0,7,0,0.76666665,0.8,0.8,10,1,10,0,0,0,10,0,0,0,9,9,3,6,0,0,7,0,0,44,5,0,1,0,0,8,0,9,0,9,1,0,0,0,39,1,0
/home/arch_design_predict/download-github-repos/mvvm/repos/NewsLand-MVP-MVVM-Android-Project-master/NewsLand MVP + DataManager/app/src/main/java/amrk000/NewsLand/view/ApiKeySettingsDialog.java,amrk000.NewsLand.view.ApiKeySettingsDialog,class,9,10,1,9,4,2,0,9,2,0.5833333,0.16666667,0.16666667,4,0,4,0,0,0,4,0,0,0,3,0,0,3,0,0,0,0,0,44,1,0,0,0,0,0,0,3,0,3,0,3,1,0,23,1,0
/home/arch_design_predict/download-github-repos/mvvm/repos/NewsLand-MVP-MVVM-Android-Project-master/NewsLand MVVM + Dependency Injection/app/src/main/java/amrk000/NewsLand/view/MainActivity.java,MainActivity,class,27,29,2,27,18,1,0,72,15,0.7857143,0.0,0.0,7,0,5,0,2,0,7,0,0,0,7,0,0,6,0,1,0,0,0,203,2,0,0,0,1,16,3,11,2,14,3,9,0,5,107,1,0
/home/arch_design_predict/download-github-repos/mvvm/repos/NewsLand-MVP-MVVM-Android-Project-master/NewsLand MVP + DataManager/app/src/main/java/amrk000/NewsLand/presenter/ISettingsPresenter.java,ISettingsPresenter,interface,4,4,0,4,11,1,0,0,55,0.0,0.0,0.0,11,0,0,0,0,11,11,0,0,0,0,0,0,0,0,0,0,0,0,13,0,0,0,0,0,0,0,0,0,0,0,0,0,0,18,1,0
/home/arch_design_predict/download-github-repos/mvvm/repos/NewsLand-MVP-MVVM-Android-Project-master/NewsLand MVP + DataManager/app/src/main/java/amrk000/NewsLand/model/SettingItem.java,amrk000.NewsLand.model.SettingItem,class,0,6,6,0,5,1,0,0,0,0.4,0.6,1.0,5,0,5,0,0,0,5,0,0,0,2,0,0,2,0,0,0,0,0,20,2,0,0,0,0,0,0,4,0,2,0,0,0,0,8,1,0
/home/arch_design_predict/download-github-repos/mvvm/repos/NewsLand-MVP-MVVM-Android-Project-master/NewsLand MVVM + Dependency Injection/app/src/main/java/amrk000/NewsLand/viewmodel/SettingsViewModel.java,SettingsViewModel,class,9,10,1,9,7,1,0,15,0,0.42857146,0.0,0.0,7,0,7,0,0,0,7,0,0,0,3,0,0,3,0,0,0,0,0,38,3,0,0,0,0,3,3,3,0,3,0,0,0,0,22,1,0
/home/arch_design_predict/download-github-repos/mvvm/repos/NewsLand-MVP-MVVM-Android-Project-master/NewsLand MVVM + Dependency Injection/app/src/main/java/amrk000/NewsLand/data/local/DataBase.java,DataBase,class,4,6,1,5,1,1,0,0,0,0.0,NaN,NaN,1,0,1,0,0,0,1,1,0,0,0,0,0,0,0,0,0,0,0,3,0,0,0,0,0,0,1,0,0,0,0,0,0,0,9,1025,0
/home/arch_design_predict/download-github-repos/mvvm/repos/NewsLand-MVP-MVVM-Android-Project-master/NewsLand MVVM + Dependency Injection/app/src/main/java/amrk000/NewsLand/model/Language.java,Language,class,1,2,1,1,5,1,0,0,0,0.4,0.0,0.0,5,0,5,0,0,0,5,0,0,0,2,0,0,2,0,0,0,0,0,20,2,0,0,0,0,0,0,4,0,2,0,0,0,0,7,1,0
/home/arch_design_predict/download-github-repos/mvvm/repos/NewsLand-MVP-MVVM-Android-Project-master/NewsLand MVP + DataManager/app/src/main/java/amrk000/NewsLand/data/DataManager.java,amrk000.NewsLand.data.DataManager$Anonymous1,anonymous,5,5,0,5,9,1,0,18,1,0.0,0.0,0.0,2,0,2,0,0,0,2,0,0,0,0,0,0,0,0,0,0,0,0,45,2,1,3,1,0,0,5,4,0,4,4,0,0,0,19,-1,0
/home/arch_design_predict/download-github-repos/mvvm/repos/NewsLand-MVP-MVVM-Android-Project-master/NewsLand MVP + DataManager/app/src/main/java/amrk000/NewsLand/adapter/NewsRecyclerViewAdapter.java,amrk000.NewsLand.adapter.NewsRecyclerViewAdapter$NewsViewHolder,innerclass,5,5,0,5,1,2,0,1,0,0.0,NaN,NaN,1,0,1,0,0,0,1,0,0,0,3,0,0,0,0,3,0,0,0,14,0,0,0,0,0,0,0,6,0,6,0,0,0,0,13,9,0
/home/arch_design_predict/download-github-repos/mvvm/repos/NewsLand-MVP-MVVM-Android-Project-master/NewsLand MVVM + Dependency Injection/app/src/main/java/amrk000/NewsLand/adapter/NewsRecyclerViewAdapter.java,NewsRecyclerViewAdapter,class,18,22,3,19,27,1,0,47,0,0.7692307,0.0,0.0,13,0,13,0,0,0,13,0,0,0,9,0,0,9,0,0,6,0,0,148,9,0,9,1,0,7,5,21,2,20,2,2,4,0,81,1,1
/home/arch_design_predict/download-github-repos/mvvm/repos/NewsLand-MVP-MVVM-Android-Project-master/NewsLand MVVM/app/src/main/java/amrk000/NewsLand/data/Repository.java,amrk000.NewsLand.data.Repository$Anonymous1,anonymous,5,5,0,5,9,1,0,18,1,0.0,0.0,0.0,2,0,2,0,0,0,2,0,0,0,0,0,0,0,0,0,0,0,0,46,2,1,3,1,0,0,5,4,0,4,4,0,0,0,19,-1,0
/home/arch_design_predict/download-github-repos/mvvm/repos/NewsLand-MVP-MVVM-Android-Project-master/NewsLand MVVM + Dependency Injection/app/src/main/java/amrk000/NewsLand/data/Repository.java,Repository$Anonymous1,anonymous,4,4,0,4,9,1,0,18,1,0.0,0.0,0.0,2,0,2,0,0,0,2,0,0,0,0,0,0,0,0,0,0,0,0,46,2,1,3,1,0,0,5,4,0,4,4,0,0,0,19,-1,0
/home/arch_design_predict/download-github-repos/mvvm/repos/NewsLand-MVP-MVVM-Android-Project-master/NewsLand MVP/app/src/main/java/amrk000/NewsLand/presenter/ISettingsPresenter.java,amrk000.NewsLand.presenter.ISettingsPresenter,interface,3,8,5,3,11,1,0,0,55,0.0,0.0,0.0,11,0,0,0,0,11,11,0,0,0,0,0,0,0,0,0,0,0,0,13,0,0,0,0,0,0,0,0,0,0,0,0,0,0,18,1,0
/home/arch_design_predict/download-github-repos/mvvm/repos/NewsLand-MVP-MVVM-Android-Project-master/NewsLand MVP + DataManager/app/src/main/java/amrk000/NewsLand/adapter/SettingsListViewAdapter.java,amrk000.NewsLand.adapter.SettingsListViewAdapter,class,8,9,1,8,3,2,0,8,0,0.16666667,1.0,1.0,3,0,3,0,0,0,3,0,0,0,2,0,0,2,0,0,0,0,0,21,1,0,0,0,0,0,0,6,0,4,0,0,0,0,20,1,0
/home/arch_design_predict/download-github-repos/mvvm/repos/NewsLand-MVP-MVVM-Android-Project-master/NewsLand MVVM + Dependency Injection/app/src/main/java/amrk000/NewsLand/data/local/RoomDao.java,RoomDao,interface,4,6,2,4,3,1,0,0,3,0.0,0.0,0.0,3,0,3,0,0,0,3,0,0,0,0,0,0,0,0,0,0,0,0,5,0,0,0,0,0,2,0,0,0,0,0,0,0,0,32,1,0
/home/arch_design_predict/download-github-repos/mvvm/repos/NewsLand-MVP-MVVM-Android-Project-master/NewsLand MVP + DataManager/app/src/main/java/amrk000/NewsLand/view/Settings.java,amrk000.NewsLand.view.Settings,class,15,26,8,18,10,2,0,36,0,0.5714286,0.61904764,0.71428573,7,0,3,0,1,3,7,0,0,0,4,0,0,4,0,0,0,0,0,91,1,0,0,0,0,4,2,8,0,8,1,5,0,0,60,1,0
/home/arch_design_predict/download-github-repos/mvvm/repos/NewsLand-MVP-MVVM-Android-Project-master/NewsLand MVP + DataManager/app/src/main/java/amrk000/NewsLand/adapter/NewsRecyclerViewAdapter.java,amrk000.NewsLand.adapter.NewsRecyclerViewAdapter,class,14,22,6,16,27,4,0,49,0,0.7692307,0.525641,0.84615386,13,0,13,0,0,0,13,0,0,0,9,0,0,9,0,0,6,0,2,148,9,0,9,1,0,7,5,21,2,20,2,2,4,0,82,1,1
/home/arch_design_predict/download-github-repos/mvvm/repos/NewsLand-MVP-MVVM-Android-Project-master/NewsLand MVP + DataManager/app/src/main/java/amrk000/NewsLand/presenter/SettingsPresenter.java,amrk000.NewsLand.presenter.SettingsPresenter,class,8,11,2,9,12,1,0,25,0,0.44444445,0.8939394,1.0,12,0,12,0,0,0,12,0,0,0,3,0,0,3,0,0,0,0,0,52,7,0,0,0,0,3,3,3,0,3,0,0,0,0,27,1,0
/home/arch_design_predict/download-github-repos/mvvm/repos/NewsLand-MVP-MVVM-Android-Project-master/NewsLand MVVM + Dependency Injection/app/src/main/java/amrk000/NewsLand/di/ViewModelFactory.java,amrk000.NewsLand.di.ViewModelFactory,class,5,5,0,5,7,1,0,5,0,0.0,1.0,1.0,2,0,2,0,0,0,2,0,0,0,1,0,0,1,0,0,1,0,0,26,1,1,2,1,0,1,0,3,1,2,3,0,0,0,16,1,0
/home/arch_design_predict/download-github-repos/mvvm/repos/NewsLand-MVP-MVVM-Android-Project-master/NewsLand MVVM + Dependency Injection/app/src/main/java/amrk000/NewsLand/adapter/NewsRecyclerViewAdapter.java,LastItemReachedListener,interface,0,1,1,0,1,1,0,0,0,0.0,NaN,NaN,1,0,0,0,0,1,1,0,0,0,0,0,0,0,0,0,0,0,0,3,0,0,0,0,0,0,0,0,0,0,0,0,0,0,7,1,0
/home/arch_design_predict/download-github-repos/mvvm/repos/NewsLand-MVP-MVVM-Android-Project-master/NewsLand MVVM + Dependency Injection/app/src/main/java/amrk000/NewsLand/di/module/RepositoryModule.java,amrk000.NewsLand.di.module.RepositoryModule,class,3,4,1,3,0,1,0,0,0,0.0,-1.0,-1.0,0,0,0,0,0,0,0,0,0,0,0,0,0,0,0,0,0,0,0,2,0,0,0,0,0,0,0,0,0,0,0,0,0,0,3,1,0
/home/arch_design_predict/download-github-repos/mvvm/repos/NewsLand-MVP-MVVM-Android-Project-master/NewsLand MVP + DataManager/app/src/main/java/amrk000/NewsLand/view/About.java,amrk000.NewsLand.view.About,class,6,7,1,6,2,2,0,21,1,0.5,0.0,0.0,2,0,1,0,1,0,2,0,0,0,1,0,0,1,0,0,0,0,0,36,1,0,0,0,0,4,1,4,1,4,1,0,0,3,45,1,0
/home/arch_design_predict/download-github-repos/mvvm/repos/NewsLand-MVP-MVVM-Android-Project-master/NewsLand MVP + DataManager/app/src/main/java/amrk000/NewsLand/view/NewsOptions.java,amrk000.NewsLand.view.NewsOptions$Anonymous3,anonymous,2,2,0,2,1,1,0,2,0,0.0,NaN,NaN,1,0,1,0,0,0,1,0,0,0,0,0,0,0,0,0,0,0,0,6,0,0,0,0,0,0,0,0,0,0,0,0,0,0,7,-1,0
/home/arch_design_predict/download-github-repos/mvvm/repos/NewsLand-MVP-MVVM-Android-Project-master/NewsLand MVP + DataManager/app/src/main/java/amrk000/NewsLand/view/NewsOptions.java,amrk000.NewsLand.view.NewsOptions$Anonymous2,anonymous,4,4,0,4,1,1,0,5,0,0.0,NaN,NaN,1,0,1,0,0,0,1,0,0,0,0,0,0,0,0,0,0,0,0,7,0,0,0,0,0,0,0,1,0,1,0,0,0,0,10,-1,0
/home/arch_design_predict/download-github-repos/mvvm/repos/NewsLand-MVP-MVVM-Android-Project-master/NewsLand MVP + DataManager/app/src/main/java/amrk000/NewsLand/view/NewsOptions.java,amrk000.NewsLand.view.NewsOptions$Anonymous1,anonymous,3,3,0,3,1,1,0,6,0,0.0,NaN,NaN,1,0,1,0,0,0,1,0,0,0,0,0,0,0,0,0,0,0,0,9,0,0,0,0,0,2,0,1,0,1,0,0,0,0,9,-1,0
/home/arch_design_predict/download-github-repos/mvvm/repos/NewsLand-MVP-MVVM-Android-Project-master/NewsLand MVP/app/src/main/java/amrk000/NewsLand/presenter/INewsPresenter.java,amrk000.NewsLand.presenter.INewsPresenter,interface,0,5,5,0,5,1,0,0,10,0.0,0.0,0.0,5,0,0,0,0,5,5,0,0,0,0,0,0,0,0,0,0,0,0,7,0,0,0,0,0,0,0,0,0,0,0,0,0,0,16,1,0
/home/arch_design_predict/download-github-repos/mvvm/repos/NewsLand-MVP-MVVM-Android-Project-master/NewsLand MVVM + Dependency Injection/app/src/main/java/amrk000/NewsLand/adapter/NewsRecyclerViewAdapter.java,AllDoneViewHolder,innerclass,1,2,1,1,1,1,0,0,0,0.0,NaN,NaN,1,0,1,0,0,0,1,0,0,0,0,0,0,0,0,0,0,0,0,5,0,0,0,0,0,0,0,0,0,0,0,0,0,0,5,9,0
