file,class,method,variable,usage
/home/arch_design_predict/download-github-repos/mvp/repos/Simple-Android-MVP-Implementation-master/app/src/main/java/com/zerotozero/crickettour/bdtournz16/MvpApp.java,com.zerotozero.crickettour.bdtournz16.MvpApp,onCreate/0,loacalDbHelper,1
/home/arch_design_predict/download-github-repos/mvp/repos/Simple-Android-MVP-Implementation-master/app/src/main/java/com/zerotozero/crickettour/bdtournz16/ui/main/MainActivity.java,com.zerotozero.crickettour.bdtournz16.ui.main.MainActivity$Anonymous1,"onClick/2[com.zerotozero.crickettour.bdtournz16.ui.main.DialogInterface,int]",dialog,0
/home/arch_design_predict/download-github-repos/mvp/repos/Simple-Android-MVP-Implementation-master/app/src/main/java/com/zerotozero/crickettour/bdtournz16/ui/main/MainActivity.java,com.zerotozero.crickettour.bdtournz16.ui.main.MainActivity$Anonymous1,"onClick/2[com.zerotozero.crickettour.bdtournz16.ui.main.DialogInterface,int]",id,0
/home/arch_design_predict/download-github-repos/mvp/repos/Simple-Android-MVP-Implementation-master/app/src/main/java/com/zerotozero/crickettour/bdtournz16/data/source/remote/NetworkCall.java,com.zerotozero.crickettour.bdtournz16.data.source.remote.NetworkCall$Anonymous1,"onResponse/2[com.zerotozero.crickettour.bdtournz16.data.source.remote.Call<java.util.List<com.zerotozero.crickettour.bdtournz16.data.MainData>>,com.zerotozero.crickettour.bdtournz16.data.source.remote.Response<java.util.List<com.zerotozero.crickettour.bdtournz16.data.MainData>>]",call,0
/home/arch_design_predict/download-github-repos/mvp/repos/Simple-Android-MVP-Implementation-master/app/src/main/java/com/zerotozero/crickettour/bdtournz16/data/source/remote/NetworkCall.java,com.zerotozero.crickettour.bdtournz16.data.source.remote.NetworkCall$Anonymous1,"onResponse/2[com.zerotozero.crickettour.bdtournz16.data.source.remote.Call<java.util.List<com.zerotozero.crickettour.bdtournz16.data.MainData>>,com.zerotozero.crickettour.bdtournz16.data.source.remote.Response<java.util.List<com.zerotozero.crickettour.bdtournz16.data.MainData>>]",mainDataJsonResponse,1
/home/arch_design_predict/download-github-repos/mvp/repos/Simple-Android-MVP-Implementation-master/app/src/main/java/com/zerotozero/crickettour/bdtournz16/data/source/remote/NetworkCall.java,com.zerotozero.crickettour.bdtournz16.data.source.remote.NetworkCall$Anonymous1,"onResponse/2[com.zerotozero.crickettour.bdtournz16.data.source.remote.Call<java.util.List<com.zerotozero.crickettour.bdtournz16.data.MainData>>,com.zerotozero.crickettour.bdtournz16.data.source.remote.Response<java.util.List<com.zerotozero.crickettour.bdtournz16.data.MainData>>]",response,1
/home/arch_design_predict/download-github-repos/mvp/repos/Simple-Android-MVP-Implementation-master/app/src/main/java/com/zerotozero/crickettour/bdtournz16/data/source/remote/NetworkCall.java,com.zerotozero.crickettour.bdtournz16.data.source.remote.NetworkCall$Anonymous1,"onFailure/2[com.zerotozero.crickettour.bdtournz16.data.source.remote.Call<java.util.List<com.zerotozero.crickettour.bdtournz16.data.MainData>>,java.lang.Throwable]",call,0
/home/arch_design_predict/download-github-repos/mvp/repos/Simple-Android-MVP-Implementation-master/app/src/main/java/com/zerotozero/crickettour/bdtournz16/data/source/remote/NetworkCall.java,com.zerotozero.crickettour.bdtournz16.data.source.remote.NetworkCall$Anonymous1,"onFailure/2[com.zerotozero.crickettour.bdtournz16.data.source.remote.Call<java.util.List<com.zerotozero.crickettour.bdtournz16.data.MainData>>,java.lang.Throwable]",t,1
/home/arch_design_predict/download-github-repos/mvp/repos/Simple-Android-MVP-Implementation-master/app/src/main/java/com/zerotozero/crickettour/bdtournz16/ui/main/list/grid/ItemGridAdapter.java,com.zerotozero.crickettour.bdtournz16.ui.main.list.grid.ItemGridAdapter$GridViewHolder,"setView/3[int,java.lang.String,java.lang.String]",imageUrl,1
/home/arch_design_predict/download-github-repos/mvp/repos/Simple-Android-MVP-Implementation-master/app/src/main/java/com/zerotozero/crickettour/bdtournz16/ui/main/list/grid/ItemGridAdapter.java,com.zerotozero.crickettour.bdtournz16.ui.main.list.grid.ItemGridAdapter$GridViewHolder,"setView/3[int,java.lang.String,java.lang.String]",position,0
/home/arch_design_predict/download-github-repos/mvp/repos/Simple-Android-MVP-Implementation-master/app/src/main/java/com/zerotozero/crickettour/bdtournz16/ui/main/list/grid/ItemGridAdapter.java,com.zerotozero.crickettour.bdtournz16.ui.main.list.grid.ItemGridAdapter$GridViewHolder,"setView/3[int,java.lang.String,java.lang.String]",title,1
/home/arch_design_predict/download-github-repos/mvp/repos/Simple-Android-MVP-Implementation-master/app/src/main/java/com/zerotozero/crickettour/bdtournz16/ui/main/list/grid/ItemGridAdapter.java,com.zerotozero.crickettour.bdtournz16.ui.main.list.grid.ItemGridAdapter$GridViewHolder,GridViewHolder/1[com.zerotozero.crickettour.bdtournz16.ui.main.list.grid.View],itemView,3
/home/arch_design_predict/download-github-repos/mvp/repos/Simple-Android-MVP-Implementation-master/app/src/main/java/com/zerotozero/crickettour/bdtournz16/ui/splash/SplashPresenter.java,com.zerotozero.crickettour.bdtournz16.ui.splash.SplashPresenter,SplashPresenter/1[com.zerotozero.crickettour.bdtournz16.data.source.DataManager],dataManager,1
/home/arch_design_predict/download-github-repos/mvp/repos/Simple-Android-MVP-Implementation-master/app/src/main/java/com/zerotozero/crickettour/bdtournz16/ui/main/list/grid/ItemGridAdapter.java,com.zerotozero.crickettour.bdtournz16.ui.main.list.grid.ItemGridAdapter$GridViewHolder$Anonymous1,onClick/1[com.zerotozero.crickettour.bdtournz16.ui.main.list.grid.View],view,0
/home/arch_design_predict/download-github-repos/mvp/repos/Simple-Android-MVP-Implementation-master/app/src/main/java/com/zerotozero/crickettour/bdtournz16/ui/base/BasePresenter.java,com.zerotozero.crickettour.bdtournz16.ui.base.BasePresenter,onAttach/1[V],mvpView,1
/home/arch_design_predict/download-github-repos/mvp/repos/Simple-Android-MVP-Implementation-master/app/src/main/java/com/zerotozero/crickettour/bdtournz16/ui/base/BasePresenter.java,com.zerotozero.crickettour.bdtournz16.ui.base.BasePresenter,BasePresenter/1[com.zerotozero.crickettour.bdtournz16.data.source.DataManager],dataManager,1
/home/arch_design_predict/download-github-repos/mvp/repos/Simple-Android-MVP-Implementation-master/app/src/androidTest/java/com/zerotozero/crickettour/bdtournz16/ExampleInstrumentedTest.java,com.zerotozero.crickettour.bdtournz16.ExampleInstrumentedTest,useAppContext/0,appContext,1
/home/arch_design_predict/download-github-repos/mvp/repos/Simple-Android-MVP-Implementation-master/app/src/main/java/com/zerotozero/crickettour/bdtournz16/ui/base/MvpPresenter.java,com.zerotozero.crickettour.bdtournz16.ui.base.MvpPresenter,onAttach/1[V],mvpView,0
/home/arch_design_predict/download-github-repos/mvp/repos/Simple-Android-MVP-Implementation-master/app/src/main/java/com/zerotozero/crickettour/bdtournz16/ui/splash/SplashActivity.java,com.zerotozero.crickettour.bdtournz16.ui.splash.SplashActivity,onCreate/1[com.zerotozero.crickettour.bdtournz16.ui.splash.Bundle],savedInstanceState,1
/home/arch_design_predict/download-github-repos/mvp/repos/Simple-Android-MVP-Implementation-master/app/src/main/java/com/zerotozero/crickettour/bdtournz16/ui/splash/SplashActivity.java,com.zerotozero.crickettour.bdtournz16.ui.splash.SplashActivity,onCreate/1[com.zerotozero.crickettour.bdtournz16.ui.splash.Bundle],dataManager,1
/home/arch_design_predict/download-github-repos/mvp/repos/Simple-Android-MVP-Implementation-master/app/src/main/java/com/zerotozero/crickettour/bdtournz16/ui/splash/SplashActivity.java,com.zerotozero.crickettour.bdtournz16.ui.splash.SplashActivity,openMainActivity/0,intent,1
/home/arch_design_predict/download-github-repos/mvp/repos/Simple-Android-MVP-Implementation-master/app/src/main/java/com/zerotozero/crickettour/bdtournz16/data/source/local/LoacalDbHelper.java,com.zerotozero.crickettour.bdtournz16.data.source.local.LoacalDbHelper,setmMainDalaList/1[java.util.List<com.zerotozero.crickettour.bdtournz16.data.MainData>],mainDalaList,1
/home/arch_design_predict/download-github-repos/mvp/repos/Simple-Android-MVP-Implementation-master/app/src/main/java/com/zerotozero/crickettour/bdtournz16/data/source/local/LoacalDbHelper.java,com.zerotozero.crickettour.bdtournz16.data.source.local.LoacalDbHelper,setDataIndex/1[int],indx,2
/home/arch_design_predict/download-github-repos/mvp/repos/Simple-Android-MVP-Implementation-master/app/src/main/java/com/zerotozero/crickettour/bdtournz16/data/source/local/LoacalDbHelper.java,com.zerotozero.crickettour.bdtournz16.data.source.local.LoacalDbHelper,getMainData/0,result,3
/home/arch_design_predict/download-github-repos/mvp/repos/Simple-Android-MVP-Implementation-master/app/src/main/java/com/zerotozero/crickettour/bdtournz16/data/source/local/LoacalDbHelper.java,com.zerotozero.crickettour.bdtournz16.data.source.local.LoacalDbHelper,getMainData/1[int],result,3
/home/arch_design_predict/download-github-repos/mvp/repos/Simple-Android-MVP-Implementation-master/app/src/main/java/com/zerotozero/crickettour/bdtournz16/data/source/local/LoacalDbHelper.java,com.zerotozero.crickettour.bdtournz16.data.source.local.LoacalDbHelper,getMainData/1[int],position,2
/home/arch_design_predict/download-github-repos/mvp/repos/Simple-Android-MVP-Implementation-master/app/src/main/java/com/zerotozero/crickettour/bdtournz16/data/source/local/LoacalDbHelper.java,com.zerotozero.crickettour.bdtournz16.data.source.local.LoacalDbHelper,LoacalDbHelper/1[java.util.List<com.zerotozero.crickettour.bdtournz16.data.MainData>],mainDataList,1
/home/arch_design_predict/download-github-repos/mvp/repos/Simple-Android-MVP-Implementation-master/app/src/main/java/com/zerotozero/crickettour/bdtournz16/util/ActivityUtils.java,com.zerotozero.crickettour.bdtournz16.util.ActivityUtils,"addFragmentToActivity/3[com.zerotozero.crickettour.bdtournz16.util.FragmentManager,com.zerotozero.crickettour.bdtournz16.util.Fragment,int]",fragment,1
/home/arch_design_predict/download-github-repos/mvp/repos/Simple-Android-MVP-Implementation-master/app/src/main/java/com/zerotozero/crickettour/bdtournz16/util/ActivityUtils.java,com.zerotozero.crickettour.bdtournz16.util.ActivityUtils,"addFragmentToActivity/3[com.zerotozero.crickettour.bdtournz16.util.FragmentManager,com.zerotozero.crickettour.bdtournz16.util.Fragment,int]",frameId,1
/home/arch_design_predict/download-github-repos/mvp/repos/Simple-Android-MVP-Implementation-master/app/src/main/java/com/zerotozero/crickettour/bdtournz16/util/ActivityUtils.java,com.zerotozero.crickettour.bdtournz16.util.ActivityUtils,"addFragmentToActivity/3[com.zerotozero.crickettour.bdtournz16.util.FragmentManager,com.zerotozero.crickettour.bdtournz16.util.Fragment,int]",fragmentManager,1
/home/arch_design_predict/download-github-repos/mvp/repos/Simple-Android-MVP-Implementation-master/app/src/main/java/com/zerotozero/crickettour/bdtournz16/util/ActivityUtils.java,com.zerotozero.crickettour.bdtournz16.util.ActivityUtils,"addFragmentToActivity/3[com.zerotozero.crickettour.bdtournz16.util.FragmentManager,com.zerotozero.crickettour.bdtournz16.util.Fragment,int]",transaction,2
/home/arch_design_predict/download-github-repos/mvp/repos/Simple-Android-MVP-Implementation-master/app/src/main/java/com/zerotozero/crickettour/bdtournz16/ui/main/list/grid/GridContact.java,com.zerotozero.crickettour.bdtournz16.ui.main.list.grid.GridContact$Presenter,"bindView/2[int,com.zerotozero.crickettour.bdtournz16.ui.main.list.grid.GridContact.View]",view,0
/home/arch_design_predict/download-github-repos/mvp/repos/Simple-Android-MVP-Implementation-master/app/src/main/java/com/zerotozero/crickettour/bdtournz16/ui/main/list/grid/GridContact.java,com.zerotozero.crickettour.bdtournz16.ui.main.list.grid.GridContact$Presenter,"bindView/2[int,com.zerotozero.crickettour.bdtournz16.ui.main.list.grid.GridContact.View]",position,0
/home/arch_design_predict/download-github-repos/mvp/repos/Simple-Android-MVP-Implementation-master/app/src/main/java/com/zerotozero/crickettour/bdtournz16/ui/main/list/grid/GridContact.java,com.zerotozero.crickettour.bdtournz16.ui.main.list.grid.GridContact$Presenter,getItem/1[int],i,0
/home/arch_design_predict/download-github-repos/mvp/repos/Simple-Android-MVP-Implementation-master/app/src/main/java/com/zerotozero/crickettour/bdtournz16/ui/main/list/grid/GridContact.java,com.zerotozero.crickettour.bdtournz16.ui.main.list.grid.GridContact$Presenter,itemClicked/1[int],position,0
/home/arch_design_predict/download-github-repos/mvp/repos/Simple-Android-MVP-Implementation-master/app/src/main/java/com/zerotozero/crickettour/bdtournz16/ui/main/MainContact.java,com.zerotozero.crickettour.bdtournz16.ui.main.MainContact$View,openAppPlayStore/1[java.lang.String],appPackageName,0
/home/arch_design_predict/download-github-repos/mvp/repos/Simple-Android-MVP-Implementation-master/app/src/main/java/com/zerotozero/crickettour/bdtournz16/ui/main/MainPresenter.java,com.zerotozero.crickettour.bdtournz16.ui.main.MainPresenter,itemSelected/1[com.zerotozero.crickettour.bdtournz16.data.MainData],mainData,3
/home/arch_design_predict/download-github-repos/mvp/repos/Simple-Android-MVP-Implementation-master/app/src/main/java/com/zerotozero/crickettour/bdtournz16/ui/main/MainPresenter.java,com.zerotozero.crickettour.bdtournz16.ui.main.MainPresenter,itemSelected/1[com.zerotozero.crickettour.bdtournz16.data.MainData],type,1
/home/arch_design_predict/download-github-repos/mvp/repos/Simple-Android-MVP-Implementation-master/app/src/main/java/com/zerotozero/crickettour/bdtournz16/ui/main/MainPresenter.java,com.zerotozero.crickettour.bdtournz16.ui.main.MainPresenter,isNetworkConnected/0,cm,1
/home/arch_design_predict/download-github-repos/mvp/repos/Simple-Android-MVP-Implementation-master/app/src/main/java/com/zerotozero/crickettour/bdtournz16/ui/main/MainPresenter.java,com.zerotozero.crickettour.bdtournz16.ui.main.MainPresenter,MainPresenter/1[com.zerotozero.crickettour.bdtournz16.data.source.DataManager],dataManager,2
/home/arch_design_predict/download-github-repos/mvp/repos/Simple-Android-MVP-Implementation-master/app/src/main/java/com/zerotozero/crickettour/bdtournz16/data/source/DataManager.java,com.zerotozero.crickettour.bdtournz16.data.source.DataManager,loadData/1[com.zerotozero.crickettour.bdtournz16.ui.base.MvpPresenter],presenter,0
/home/arch_design_predict/download-github-repos/mvp/repos/Simple-Android-MVP-Implementation-master/app/src/main/java/com/zerotozero/crickettour/bdtournz16/data/source/DataManager.java,com.zerotozero.crickettour.bdtournz16.data.source.DataManager,loadData/1[com.zerotozero.crickettour.bdtournz16.ui.base.MvpPresenter],myApiService,1
/home/arch_design_predict/download-github-repos/mvp/repos/Simple-Android-MVP-Implementation-master/app/src/main/java/com/zerotozero/crickettour/bdtournz16/data/source/DataManager.java,com.zerotozero.crickettour.bdtournz16.data.source.DataManager,DataManager/1[com.zerotozero.crickettour.bdtournz16.data.source.local.LoacalDbHelper],loacalDbHelper,1
/home/arch_design_predict/download-github-repos/mvp/repos/Simple-Android-MVP-Implementation-master/app/src/main/java/com/zerotozero/crickettour/bdtournz16/data/source/DataManager.java,com.zerotozero.crickettour.bdtournz16.data.source.DataManager,getItem/1[int],i,1
/home/arch_design_predict/download-github-repos/mvp/repos/Simple-Android-MVP-Implementation-master/app/src/main/java/com/zerotozero/crickettour/bdtournz16/data/source/DataManager.java,com.zerotozero.crickettour.bdtournz16.data.source.DataManager,setMainPresenter/1[com.zerotozero.crickettour.bdtournz16.ui.main.MainPresenter],mainPresenter,1
/home/arch_design_predict/download-github-repos/mvp/repos/Simple-Android-MVP-Implementation-master/app/src/main/java/com/zerotozero/crickettour/bdtournz16/data/source/DataManager.java,com.zerotozero.crickettour.bdtournz16.data.source.DataManager,setDataIndex/1[int],indx,2
/home/arch_design_predict/download-github-repos/mvp/repos/Simple-Android-MVP-Implementation-master/app/src/main/java/com/zerotozero/crickettour/bdtournz16/ui/main/MainContact.java,com.zerotozero.crickettour.bdtournz16.ui.main.MainContact$Presenter,itemSelected/1[com.zerotozero.crickettour.bdtournz16.data.MainData],mainData,0
/home/arch_design_predict/download-github-repos/mvp/repos/Simple-Android-MVP-Implementation-master/app/src/main/java/com/zerotozero/crickettour/bdtournz16/ui/main/MainActivity.java,com.zerotozero.crickettour.bdtournz16.ui.main.MainActivity,openDataListFragment/0,listFragment,3
/home/arch_design_predict/download-github-repos/mvp/repos/Simple-Android-MVP-Implementation-master/app/src/main/java/com/zerotozero/crickettour/bdtournz16/ui/main/MainActivity.java,com.zerotozero.crickettour.bdtournz16.ui.main.MainActivity,onCreate/1[com.zerotozero.crickettour.bdtournz16.ui.main.Bundle],savedInstanceState,1
/home/arch_design_predict/download-github-repos/mvp/repos/Simple-Android-MVP-Implementation-master/app/src/main/java/com/zerotozero/crickettour/bdtournz16/ui/main/MainActivity.java,com.zerotozero.crickettour.bdtournz16.ui.main.MainActivity,onCreate/1[com.zerotozero.crickettour.bdtournz16.ui.main.Bundle],dataManager,1
/home/arch_design_predict/download-github-repos/mvp/repos/Simple-Android-MVP-Implementation-master/app/src/main/java/com/zerotozero/crickettour/bdtournz16/ui/main/MainActivity.java,com.zerotozero.crickettour.bdtournz16.ui.main.MainActivity,openAppPlayStore/1[java.lang.String],appPackageName,0
/home/arch_design_predict/download-github-repos/mvp/repos/Simple-Android-MVP-Implementation-master/app/src/main/java/com/zerotozero/crickettour/bdtournz16/ui/main/MainActivity.java,com.zerotozero.crickettour.bdtournz16.ui.main.MainActivity,getStartIntent/1[com.zerotozero.crickettour.bdtournz16.ui.main.Context],context,1
/home/arch_design_predict/download-github-repos/mvp/repos/Simple-Android-MVP-Implementation-master/app/src/main/java/com/zerotozero/crickettour/bdtournz16/ui/main/MainActivity.java,com.zerotozero.crickettour.bdtournz16.ui.main.MainActivity,getStartIntent/1[com.zerotozero.crickettour.bdtournz16.ui.main.Context],intent,1
/home/arch_design_predict/download-github-repos/mvp/repos/Simple-Android-MVP-Implementation-master/app/src/main/java/com/zerotozero/crickettour/bdtournz16/ui/main/MainActivity.java,com.zerotozero.crickettour.bdtournz16.ui.main.MainActivity,openConnectInternetDialog/0,alert11,1
/home/arch_design_predict/download-github-repos/mvp/repos/Simple-Android-MVP-Implementation-master/app/src/main/java/com/zerotozero/crickettour/bdtournz16/ui/main/MainActivity.java,com.zerotozero.crickettour.bdtournz16.ui.main.MainActivity,openConnectInternetDialog/0,builder1,4
/home/arch_design_predict/download-github-repos/mvp/repos/Simple-Android-MVP-Implementation-master/app/src/main/java/com/zerotozero/crickettour/bdtournz16/data/source/remote/ResponseCallBack.java,com.zerotozero.crickettour.bdtournz16.data.source.remote.ResponseCallBack,onError/1[java.lang.Throwable],th,0
/home/arch_design_predict/download-github-repos/mvp/repos/Simple-Android-MVP-Implementation-master/app/src/main/java/com/zerotozero/crickettour/bdtournz16/data/source/remote/ResponseCallBack.java,com.zerotozero.crickettour.bdtournz16.data.source.remote.ResponseCallBack,onSuccess/1[T],data,0
/home/arch_design_predict/download-github-repos/mvp/repos/Simple-Android-MVP-Implementation-master/app/src/main/java/com/zerotozero/crickettour/bdtournz16/ui/main/list/DataListFragment.java,com.zerotozero.crickettour.bdtournz16.ui.main.list.DataListFragment,onAttach/1[com.zerotozero.crickettour.bdtournz16.ui.main.list.Context],context,1
/home/arch_design_predict/download-github-repos/mvp/repos/Simple-Android-MVP-Implementation-master/app/src/main/java/com/zerotozero/crickettour/bdtournz16/ui/main/list/DataListFragment.java,com.zerotozero.crickettour.bdtournz16.ui.main.list.DataListFragment,onCreate/1[com.zerotozero.crickettour.bdtournz16.ui.main.list.Bundle],savedInstanceState,1
/home/arch_design_predict/download-github-repos/mvp/repos/Simple-Android-MVP-Implementation-master/app/src/main/java/com/zerotozero/crickettour/bdtournz16/ui/main/list/DataListFragment.java,com.zerotozero.crickettour.bdtournz16.ui.main.list.DataListFragment,onCreate/1[com.zerotozero.crickettour.bdtournz16.ui.main.list.Bundle],dataManager,1
/home/arch_design_predict/download-github-repos/mvp/repos/Simple-Android-MVP-Implementation-master/app/src/main/java/com/zerotozero/crickettour/bdtournz16/ui/main/list/DataListFragment.java,com.zerotozero.crickettour.bdtournz16.ui.main.list.DataListFragment,populateGridView/0,itemGridAdapter,1
/home/arch_design_predict/download-github-repos/mvp/repos/Simple-Android-MVP-Implementation-master/app/src/main/java/com/zerotozero/crickettour/bdtournz16/ui/main/list/DataListFragment.java,com.zerotozero.crickettour.bdtournz16.ui.main.list.DataListFragment,populateGridView/0,gridPresenter,1
/home/arch_design_predict/download-github-repos/mvp/repos/Simple-Android-MVP-Implementation-master/app/src/main/java/com/zerotozero/crickettour/bdtournz16/ui/main/list/DataListFragment.java,com.zerotozero.crickettour.bdtournz16.ui.main.list.DataListFragment,"onCreateView/3[com.zerotozero.crickettour.bdtournz16.ui.main.list.LayoutInflater,com.zerotozero.crickettour.bdtournz16.ui.main.list.ViewGroup,com.zerotozero.crickettour.bdtournz16.ui.main.list.Bundle]",container,1
/home/arch_design_predict/download-github-repos/mvp/repos/Simple-Android-MVP-Implementation-master/app/src/main/java/com/zerotozero/crickettour/bdtournz16/ui/main/list/DataListFragment.java,com.zerotozero.crickettour.bdtournz16.ui.main.list.DataListFragment,"onCreateView/3[com.zerotozero.crickettour.bdtournz16.ui.main.list.LayoutInflater,com.zerotozero.crickettour.bdtournz16.ui.main.list.ViewGroup,com.zerotozero.crickettour.bdtournz16.ui.main.list.Bundle]",savedInstanceState,0
/home/arch_design_predict/download-github-repos/mvp/repos/Simple-Android-MVP-Implementation-master/app/src/main/java/com/zerotozero/crickettour/bdtournz16/ui/main/list/DataListFragment.java,com.zerotozero.crickettour.bdtournz16.ui.main.list.DataListFragment,"onCreateView/3[com.zerotozero.crickettour.bdtournz16.ui.main.list.LayoutInflater,com.zerotozero.crickettour.bdtournz16.ui.main.list.ViewGroup,com.zerotozero.crickettour.bdtournz16.ui.main.list.Bundle]",rootView,3
/home/arch_design_predict/download-github-repos/mvp/repos/Simple-Android-MVP-Implementation-master/app/src/main/java/com/zerotozero/crickettour/bdtournz16/ui/main/list/DataListFragment.java,com.zerotozero.crickettour.bdtournz16.ui.main.list.DataListFragment,"onCreateView/3[com.zerotozero.crickettour.bdtournz16.ui.main.list.LayoutInflater,com.zerotozero.crickettour.bdtournz16.ui.main.list.ViewGroup,com.zerotozero.crickettour.bdtournz16.ui.main.list.Bundle]",inflater,1
/home/arch_design_predict/download-github-repos/mvp/repos/Simple-Android-MVP-Implementation-master/app/src/main/java/com/zerotozero/crickettour/bdtournz16/ui/main/list/grid/GridPresenter.java,com.zerotozero.crickettour.bdtournz16.ui.main.list.grid.GridPresenter,GridPresenter/1[com.zerotozero.crickettour.bdtournz16.data.source.DataManager],dataManager,1
/home/arch_design_predict/download-github-repos/mvp/repos/Simple-Android-MVP-Implementation-master/app/src/main/java/com/zerotozero/crickettour/bdtournz16/ui/main/list/grid/GridPresenter.java,com.zerotozero.crickettour.bdtournz16.ui.main.list.grid.GridPresenter,itemClicked/1[int],position,1
/home/arch_design_predict/download-github-repos/mvp/repos/Simple-Android-MVP-Implementation-master/app/src/main/java/com/zerotozero/crickettour/bdtournz16/ui/main/list/grid/GridPresenter.java,com.zerotozero.crickettour.bdtournz16.ui.main.list.grid.GridPresenter,"bindView/2[int,com.zerotozero.crickettour.bdtournz16.ui.main.list.grid.GridContact.View]",view,1
/home/arch_design_predict/download-github-repos/mvp/repos/Simple-Android-MVP-Implementation-master/app/src/main/java/com/zerotozero/crickettour/bdtournz16/ui/main/list/grid/GridPresenter.java,com.zerotozero.crickettour.bdtournz16.ui.main.list.grid.GridPresenter,"bindView/2[int,com.zerotozero.crickettour.bdtournz16.ui.main.list.grid.GridContact.View]",mainData,2
/home/arch_design_predict/download-github-repos/mvp/repos/Simple-Android-MVP-Implementation-master/app/src/main/java/com/zerotozero/crickettour/bdtournz16/ui/main/list/grid/GridPresenter.java,com.zerotozero.crickettour.bdtournz16.ui.main.list.grid.GridPresenter,"bindView/2[int,com.zerotozero.crickettour.bdtournz16.ui.main.list.grid.GridContact.View]",position,2
/home/arch_design_predict/download-github-repos/mvp/repos/Simple-Android-MVP-Implementation-master/app/src/main/java/com/zerotozero/crickettour/bdtournz16/ui/main/list/grid/GridPresenter.java,com.zerotozero.crickettour.bdtournz16.ui.main.list.grid.GridPresenter,getItem/1[int],i,1
/home/arch_design_predict/download-github-repos/mvp/repos/Simple-Android-MVP-Implementation-master/app/src/main/java/com/zerotozero/crickettour/bdtournz16/data/source/remote/RemoteApiService.java,com.zerotozero.crickettour.bdtournz16.data.source.remote.RemoteApiService,getMainDataListFromServer/1[com.zerotozero.crickettour.bdtournz16.data.source.remote.ResponseCallBack<java.util.List<com.zerotozero.crickettour.bdtournz16.data.MainData>>],callback,0
/home/arch_design_predict/download-github-repos/mvp/repos/Simple-Android-MVP-Implementation-master/app/src/main/java/com/zerotozero/crickettour/bdtournz16/ui/main/list/ListPresenter.java,com.zerotozero.crickettour.bdtournz16.ui.main.list.ListPresenter,ListPresenter/1[com.zerotozero.crickettour.bdtournz16.data.source.DataManager],dataManager,1
/home/arch_design_predict/download-github-repos/mvp/repos/Simple-Android-MVP-Implementation-master/app/src/main/java/com/zerotozero/crickettour/bdtournz16/data/MainData.java,com.zerotozero.crickettour.bdtournz16.data.MainData,"MainData/4[java.lang.String,java.lang.String,java.lang.String,java.lang.String]",imageUrl,1
/home/arch_design_predict/download-github-repos/mvp/repos/Simple-Android-MVP-Implementation-master/app/src/main/java/com/zerotozero/crickettour/bdtournz16/data/MainData.java,com.zerotozero.crickettour.bdtournz16.data.MainData,"MainData/4[java.lang.String,java.lang.String,java.lang.String,java.lang.String]",name,1
/home/arch_design_predict/download-github-repos/mvp/repos/Simple-Android-MVP-Implementation-master/app/src/main/java/com/zerotozero/crickettour/bdtournz16/data/MainData.java,com.zerotozero.crickettour.bdtournz16.data.MainData,"MainData/4[java.lang.String,java.lang.String,java.lang.String,java.lang.String]",type,1
/home/arch_design_predict/download-github-repos/mvp/repos/Simple-Android-MVP-Implementation-master/app/src/main/java/com/zerotozero/crickettour/bdtournz16/data/MainData.java,com.zerotozero.crickettour.bdtournz16.data.MainData,"MainData/4[java.lang.String,java.lang.String,java.lang.String,java.lang.String]",url,1
/home/arch_design_predict/download-github-repos/mvp/repos/Simple-Android-MVP-Implementation-master/app/src/main/java/com/zerotozero/crickettour/bdtournz16/ui/main/list/grid/ItemGridAdapter.java,com.zerotozero.crickettour.bdtournz16.ui.main.list.grid.ItemGridAdapter,"getView/3[int,com.zerotozero.crickettour.bdtournz16.ui.main.list.grid.View,com.zerotozero.crickettour.bdtournz16.ui.main.list.grid.ViewGroup]",viewGroup,2
/home/arch_design_predict/download-github-repos/mvp/repos/Simple-Android-MVP-Implementation-master/app/src/main/java/com/zerotozero/crickettour/bdtournz16/ui/main/list/grid/ItemGridAdapter.java,com.zerotozero.crickettour.bdtournz16.ui.main.list.grid.ItemGridAdapter,"getView/3[int,com.zerotozero.crickettour.bdtournz16.ui.main.list.grid.View,com.zerotozero.crickettour.bdtournz16.ui.main.list.grid.ViewGroup]",view,2
/home/arch_design_predict/download-github-repos/mvp/repos/Simple-Android-MVP-Implementation-master/app/src/main/java/com/zerotozero/crickettour/bdtournz16/ui/main/list/grid/ItemGridAdapter.java,com.zerotozero.crickettour.bdtournz16.ui.main.list.grid.ItemGridAdapter,"getView/3[int,com.zerotozero.crickettour.bdtournz16.ui.main.list.grid.View,com.zerotozero.crickettour.bdtournz16.ui.main.list.grid.ViewGroup]",viewHolder,4
/home/arch_design_predict/download-github-repos/mvp/repos/Simple-Android-MVP-Implementation-master/app/src/main/java/com/zerotozero/crickettour/bdtournz16/ui/main/list/grid/ItemGridAdapter.java,com.zerotozero.crickettour.bdtournz16.ui.main.list.grid.ItemGridAdapter,"getView/3[int,com.zerotozero.crickettour.bdtournz16.ui.main.list.grid.View,com.zerotozero.crickettour.bdtournz16.ui.main.list.grid.ViewGroup]",i,1
/home/arch_design_predict/download-github-repos/mvp/repos/Simple-Android-MVP-Implementation-master/app/src/main/java/com/zerotozero/crickettour/bdtournz16/ui/main/list/grid/ItemGridAdapter.java,com.zerotozero.crickettour.bdtournz16.ui.main.list.grid.ItemGridAdapter,"getView/3[int,com.zerotozero.crickettour.bdtournz16.ui.main.list.grid.View,com.zerotozero.crickettour.bdtournz16.ui.main.list.grid.ViewGroup]",rootView,6
/home/arch_design_predict/download-github-repos/mvp/repos/Simple-Android-MVP-Implementation-master/app/src/main/java/com/zerotozero/crickettour/bdtournz16/ui/main/list/grid/ItemGridAdapter.java,com.zerotozero.crickettour.bdtournz16.ui.main.list.grid.ItemGridAdapter,"loadLiveImage/2[com.zerotozero.crickettour.bdtournz16.ui.main.list.grid.Uri,com.zerotozero.crickettour.bdtournz16.ui.main.list.grid.ImageView]",thisImageView,0
/home/arch_design_predict/download-github-repos/mvp/repos/Simple-Android-MVP-Implementation-master/app/src/main/java/com/zerotozero/crickettour/bdtournz16/ui/main/list/grid/ItemGridAdapter.java,com.zerotozero.crickettour.bdtournz16.ui.main.list.grid.ItemGridAdapter,"loadLiveImage/2[com.zerotozero.crickettour.bdtournz16.ui.main.list.grid.Uri,com.zerotozero.crickettour.bdtournz16.ui.main.list.grid.ImageView]",thisUri,0
/home/arch_design_predict/download-github-repos/mvp/repos/Simple-Android-MVP-Implementation-master/app/src/main/java/com/zerotozero/crickettour/bdtournz16/ui/main/list/grid/ItemGridAdapter.java,com.zerotozero.crickettour.bdtournz16.ui.main.list.grid.ItemGridAdapter,"loadLiveImage/2[com.zerotozero.crickettour.bdtournz16.ui.main.list.grid.Uri,com.zerotozero.crickettour.bdtournz16.ui.main.list.grid.ImageView]",context,1
/home/arch_design_predict/download-github-repos/mvp/repos/Simple-Android-MVP-Implementation-master/app/src/main/java/com/zerotozero/crickettour/bdtournz16/ui/main/list/grid/ItemGridAdapter.java,com.zerotozero.crickettour.bdtournz16.ui.main.list.grid.ItemGridAdapter,"loadLiveImage/2[com.zerotozero.crickettour.bdtournz16.ui.main.list.grid.Uri,com.zerotozero.crickettour.bdtournz16.ui.main.list.grid.ImageView]",imageView,4
/home/arch_design_predict/download-github-repos/mvp/repos/Simple-Android-MVP-Implementation-master/app/src/main/java/com/zerotozero/crickettour/bdtournz16/ui/main/list/grid/ItemGridAdapter.java,com.zerotozero.crickettour.bdtournz16.ui.main.list.grid.ItemGridAdapter,"loadLiveImage/2[com.zerotozero.crickettour.bdtournz16.ui.main.list.grid.Uri,com.zerotozero.crickettour.bdtournz16.ui.main.list.grid.ImageView]",uri,3
/home/arch_design_predict/download-github-repos/mvp/repos/Simple-Android-MVP-Implementation-master/app/src/main/java/com/zerotozero/crickettour/bdtournz16/ui/main/list/grid/ItemGridAdapter.java,com.zerotozero.crickettour.bdtournz16.ui.main.list.grid.ItemGridAdapter,ItemGridAdapter/1[com.zerotozero.crickettour.bdtournz16.ui.main.list.grid.GridPresenter],gridPresenter,1
/home/arch_design_predict/download-github-repos/mvp/repos/Simple-Android-MVP-Implementation-master/app/src/main/java/com/zerotozero/crickettour/bdtournz16/ui/main/list/grid/ItemGridAdapter.java,com.zerotozero.crickettour.bdtournz16.ui.main.list.grid.ItemGridAdapter,getItem/1[int],i,1
/home/arch_design_predict/download-github-repos/mvp/repos/Simple-Android-MVP-Implementation-master/app/src/main/java/com/zerotozero/crickettour/bdtournz16/ui/main/list/grid/ItemGridAdapter.java,com.zerotozero.crickettour.bdtournz16.ui.main.list.grid.ItemGridAdapter,getItemId/1[int],i,1
/home/arch_design_predict/download-github-repos/mvp/repos/Simple-Android-MVP-Implementation-master/app/src/main/java/com/zerotozero/crickettour/bdtournz16/data/source/remote/NetworkCall.java,com.zerotozero.crickettour.bdtournz16.data.source.remote.NetworkCall,getMainDataListFromServer/1[com.zerotozero.crickettour.bdtournz16.data.source.remote.ResponseCallBack<java.util.List<com.zerotozero.crickettour.bdtournz16.data.MainData>>],call,1
/home/arch_design_predict/download-github-repos/mvp/repos/Simple-Android-MVP-Implementation-master/app/src/main/java/com/zerotozero/crickettour/bdtournz16/data/source/remote/NetworkCall.java,com.zerotozero.crickettour.bdtournz16.data.source.remote.NetworkCall,getMainDataListFromServer/1[com.zerotozero.crickettour.bdtournz16.data.source.remote.ResponseCallBack<java.util.List<com.zerotozero.crickettour.bdtournz16.data.MainData>>],mainDataApiInterface,1
/home/arch_design_predict/download-github-repos/mvp/repos/Simple-Android-MVP-Implementation-master/app/src/main/java/com/zerotozero/crickettour/bdtournz16/data/source/remote/NetworkCall.java,com.zerotozero.crickettour.bdtournz16.data.source.remote.NetworkCall,getMainDataListFromServer/1[com.zerotozero.crickettour.bdtournz16.data.source.remote.ResponseCallBack<java.util.List<com.zerotozero.crickettour.bdtournz16.data.MainData>>],callback,0
/home/arch_design_predict/download-github-repos/mvp/repos/Simple-Android-MVP-Implementation-master/app/src/main/java/com/zerotozero/crickettour/bdtournz16/data/source/DataManager.java,com.zerotozero.crickettour.bdtournz16.data.source.DataManager$Anonymous1,onSuccess/1[java.util.List<com.zerotozero.crickettour.bdtournz16.data.MainData>],response,3
/home/arch_design_predict/download-github-repos/mvp/repos/Simple-Android-MVP-Implementation-master/app/src/main/java/com/zerotozero/crickettour/bdtournz16/data/source/DataManager.java,com.zerotozero.crickettour.bdtournz16.data.source.DataManager$Anonymous1,onError/1[java.lang.Throwable],t,1
/home/arch_design_predict/download-github-repos/mvp/repos/Simple-Android-MVP-Implementation-master/app/src/main/java/com/zerotozero/crickettour/bdtournz16/ui/main/list/grid/GridContact.java,com.zerotozero.crickettour.bdtournz16.ui.main.list.grid.GridContact$View,"setView/3[int,java.lang.String,java.lang.String]",imageUri,0
/home/arch_design_predict/download-github-repos/mvp/repos/Simple-Android-MVP-Implementation-master/app/src/main/java/com/zerotozero/crickettour/bdtournz16/ui/main/list/grid/GridContact.java,com.zerotozero.crickettour.bdtournz16.ui.main.list.grid.GridContact$View,"setView/3[int,java.lang.String,java.lang.String]",position,0
/home/arch_design_predict/download-github-repos/mvp/repos/Simple-Android-MVP-Implementation-master/app/src/main/java/com/zerotozero/crickettour/bdtournz16/ui/main/list/grid/GridContact.java,com.zerotozero.crickettour.bdtournz16.ui.main.list.grid.GridContact$View,"setView/3[int,java.lang.String,java.lang.String]",title,0
