file,class,type,cbo,cboModified,fanin,fanout,wmc,dit,noc,rfc,lcom,lcom*,tcc,lcc,totalMethodsQty,staticMethodsQty,publicMethodsQty,privateMethodsQty,protectedMethodsQty,defaultMethodsQty,visibleMethodsQty,abstractMethodsQty,finalMethodsQty,synchronizedMethodsQty,totalFieldsQty,staticFieldsQty,publicFieldsQty,privateFieldsQty,protectedFieldsQty,defaultFieldsQty,finalFieldsQty,synchronizedFieldsQty,nosi,loc,returnQty,loopQty,comparisonsQty,tryCatchQty,parenthesizedExpsQty,stringLiteralsQty,numbersQty,assignmentsQty,mathOperationsQty,variablesQty,maxNestedBlocksQty,anonymousClassesQty,innerClassesQty,lambdasQty,uniqueWordsQty,modifiers,logStatementsQty
/home/arch_design_predict/download-github-repos/mvvm/repos/pedeagua-main/src/com/pedeagua/testews/ProdutoEmUso.java,com.pedeagua.testews.ProdutoEmUso,class,0,14,14,0,11,1,0,0,17,0.6590909,0.34545454,0.8181818,11,0,11,0,0,0,11,0,0,0,4,0,0,4,0,0,0,0,0,41,5,0,0,0,0,4,0,8,1,4,0,0,0,0,16,1,0
/home/arch_design_predict/download-github-repos/mvvm/repos/pedeagua-main/src/com/pedeagua/mascaras/MonetaryMask.java,com.pedeagua.mascaras.MonetaryMask,class,3,4,1,3,6,1,0,11,4,0.6666667,0.16666667,0.16666667,4,0,4,0,0,0,4,0,0,0,3,0,0,3,0,0,0,0,2,36,1,0,0,1,2,12,1,10,5,5,1,0,0,0,34,1,0
/home/arch_design_predict/download-github-repos/mvvm/repos/pedeagua-main/src/com/pedeagua/finalizacao/ActivityFecharCompra.java,com.pedeagua.finalizacao.ActivityFecharCompra$Anonymous1,anonymous,3,3,0,3,2,1,0,4,0,0.0,NaN,NaN,1,0,1,0,0,0,1,0,0,0,0,0,0,0,0,0,0,0,0,11,0,0,0,1,0,1,0,1,1,1,1,0,0,0,12,-1,0
/home/arch_design_predict/download-github-repos/mvvm/repos/pedeagua-main/src/com/pedeagua/finalizacao/lightbox/ActivityProdutoGas.java,com.pedeagua.finalizacao.lightbox.ActivityProdutoGas$Anonymous1,anonymous,5,5,0,5,3,1,0,21,0,0.0,NaN,NaN,1,0,1,0,0,0,1,0,0,0,0,0,0,0,0,0,0,0,4,40,0,0,1,1,0,10,4,12,4,7,2,0,0,0,43,-1,0
/home/arch_design_predict/download-github-repos/mvvm/repos/pedeagua-main/gen/br/com/projetofinal1/R.java,br.com.projetofinal1.R$style,innerclass,0,0,0,0,0,1,0,0,0,NaN,-1.0,-1.0,0,0,0,0,0,0,0,0,0,0,8,8,8,0,0,0,8,0,0,10,0,0,0,0,0,0,8,8,0,8,0,0,0,0,60,25,0
/home/arch_design_predict/download-github-repos/mvvm/repos/pedeagua-main/gen/br/com/projetofinal1/BuildConfig.java,br.com.projetofinal1.BuildConfig,class,0,0,0,0,0,1,0,0,0,NaN,-1.0,-1.0,0,0,0,0,0,0,0,0,0,0,1,1,1,0,0,0,1,0,0,3,0,0,0,0,0,0,0,1,0,1,0,0,0,0,8,17,0
/home/arch_design_predict/download-github-repos/mvvm/repos/pedeagua-main/src/com/pedeagua/vendedores/app/AppController.java,com.pedeagua.vendedores.app.AppController,class,8,13,5,8,11,2,0,9,11,0.71428573,0.23809524,0.23809524,7,1,7,0,0,0,7,0,0,1,4,2,1,3,0,0,1,0,1,39,3,0,3,0,0,0,0,4,0,4,1,0,0,0,28,1,0
/home/arch_design_predict/download-github-repos/mvvm/repos/pedeagua-main/src/com/pedeagua/finalizacao/ActivityFecharCompra.java,com.pedeagua.finalizacao.ActivityFecharCompra$Anonymous2,anonymous,2,2,0,2,2,1,0,5,0,0.0,NaN,NaN,1,0,1,0,0,0,1,0,0,0,0,0,0,0,0,0,0,0,0,14,0,0,0,1,0,2,0,1,1,0,1,0,0,0,14,-1,0
/home/arch_design_predict/download-github-repos/mvvm/repos/pedeagua-main/src/com/pedeagua/finalizacao/lightbox/ActivityProdutoGas.java,com.pedeagua.finalizacao.lightbox.ActivityProdutoGas$Anonymous2,anonymous,1,1,0,1,1,1,0,2,0,0.0,NaN,NaN,1,0,1,0,0,0,1,0,0,0,0,0,0,0,0,0,0,0,1,6,0,0,0,0,0,0,1,1,0,0,0,0,0,0,9,-1,0
/home/arch_design_predict/download-github-repos/mvvm/repos/pedeagua-main/src/com/pedeagua/finalizacao/lightbox/ActivityProdutoGas.java,com.pedeagua.finalizacao.lightbox.ActivityProdutoGas$Anonymous3,anonymous,1,1,0,1,2,1,0,2,0,0.0,NaN,NaN,1,0,1,0,0,0,1,0,0,0,0,0,0,0,0,0,0,0,1,8,0,0,1,0,0,0,2,1,0,0,1,0,0,0,9,-1,0
/home/arch_design_predict/download-github-repos/mvvm/repos/pedeagua-main/gen/br/com/projetofinal1/R.java,br.com.projetofinal1.R$string,innerclass,0,0,0,0,0,1,0,0,0,NaN,-1.0,-1.0,0,0,0,0,0,0,0,0,0,0,52,52,52,0,0,0,52,0,0,54,0,0,0,0,0,0,52,52,0,52,0,0,0,0,144,25,0
/home/arch_design_predict/download-github-repos/mvvm/repos/pedeagua-main/src/com/pedeagua/SQLite/Produto.java,com.pedeagua.SQLite.Produto,class,0,1,1,0,10,1,0,0,35,0.8,0.11111111,0.11111111,10,0,10,0,0,0,10,0,0,0,5,0,0,5,0,0,0,0,0,37,5,0,0,0,0,0,0,5,0,5,0,0,0,0,22,1,0
/home/arch_design_predict/download-github-repos/mvvm/repos/pedeagua-main/gen/com/facebook/android/R.java,com.facebook.android.R$dimen,innerclass,0,0,0,0,0,1,0,0,0,NaN,-1.0,-1.0,0,0,0,0,0,0,0,0,0,0,29,29,29,0,0,0,29,0,0,31,0,0,0,0,0,0,29,29,0,29,0,0,0,0,66,25,0
/home/arch_design_predict/download-github-repos/mvvm/repos/pedeagua-main/src/com/pedeagua/SQLite/BD.java,com.pedeagua.SQLite.BD,class,7,15,8,7,15,1,0,30,0,0.0,1.0,1.0,9,0,9,0,0,0,9,0,0,0,1,0,0,1,0,0,0,0,0,97,4,2,0,0,4,44,17,19,7,19,2,0,0,0,31,1,0
/home/arch_design_predict/download-github-repos/mvvm/repos/pedeagua-main/src/com/pedeagua/vendedores/model/Vendedor.java,com.pedeagua.vendedores.model.Vendedor,class,0,5,5,0,12,1,0,0,36,0.75,0.22727273,0.8333333,12,0,12,0,0,0,12,0,0,0,4,0,0,4,0,0,0,0,0,45,5,0,0,0,0,0,0,10,0,5,0,0,0,0,15,1,0
/home/arch_design_predict/download-github-repos/mvvm/repos/pedeagua-main/src/com/pedeagua/finalizacao/MainActivity.java,com.pedeagua.finalizacao.MainActivity,class,19,22,3,19,15,2,0,40,2,0.6857143,0.6666667,1.0,5,0,3,1,1,0,4,0,0,0,7,3,3,0,0,4,0,0,9,103,1,1,5,3,0,17,8,27,6,22,2,1,0,0,74,1,0
/home/arch_design_predict/download-github-repos/mvvm/repos/pedeagua-main/gen/com/facebook/android/R.java,com.facebook.android.R$string,innerclass,0,0,0,0,0,1,0,0,0,NaN,-1.0,-1.0,0,0,0,0,0,0,0,0,0,0,29,29,29,0,0,0,29,0,0,31,0,0,0,0,0,0,29,29,0,29,0,0,0,0,83,25,0
/home/arch_design_predict/download-github-repos/mvvm/repos/pedeagua-main/src/com/pedeagua/mascaras/CelularEditText.java,com.pedeagua.mascaras.CelularEditText$KeylistenerNumber,innerclass,2,2,0,2,2,2,0,0,1,0.0,0.0,0.0,2,0,1,0,1,0,2,0,0,0,0,0,0,0,0,0,0,0,0,8,2,0,0,0,0,0,0,0,0,0,0,0,0,0,9,2,0
/home/arch_design_predict/download-github-repos/mvvm/repos/pedeagua-main/src/com/pedeagua/vendedores/ActivityVendedores.java,com.pedeagua.vendedores.ActivityVendedores$Anonymous3,anonymous,4,4,0,4,2,1,0,4,0,0.0,NaN,NaN,1,0,1,0,0,0,1,0,0,0,0,0,0,0,0,0,0,0,0,12,0,0,0,1,0,3,0,1,2,0,1,0,0,0,16,-1,0
/home/arch_design_predict/download-github-repos/mvvm/repos/pedeagua-main/src/com/pedeagua/finalizacao/lightbox/ActivityConfirmarCompra.java,com.pedeagua.finalizacao.lightbox.ActivityConfirmarCompra,class,11,13,2,11,8,2,0,27,1,0.6969697,0.33333334,0.33333334,3,0,2,0,1,0,3,0,0,0,8,2,2,0,0,6,0,0,1,94,3,1,1,2,0,12,3,24,3,16,4,1,0,0,58,1,0
/home/arch_design_predict/download-github-repos/mvvm/repos/pedeagua-main/src/com/pedeagua/login/ActivityDadosIncorretos.java,com.pedeagua.login.ActivityDadosIncorretos,class,2,3,1,2,1,2,0,2,0,0.0,NaN,NaN,1,0,0,0,1,0,1,0,0,0,0,0,0,0,0,0,0,0,0,6,0,0,0,0,0,0,0,0,0,0,0,0,0,0,12,1,0
/home/arch_design_predict/download-github-repos/mvvm/repos/pedeagua-main/src/com/pedeagua/vendedores/ActivityVendedores.java,com.pedeagua.vendedores.ActivityVendedores$Anonymous1,anonymous,4,4,0,4,4,1,0,18,0,0.0,NaN,NaN,1,0,1,0,0,0,1,0,0,0,0,0,0,0,0,0,0,0,0,27,0,2,0,1,0,5,2,6,0,6,3,0,0,0,21,-1,0
/home/arch_design_predict/download-github-repos/mvvm/repos/pedeagua-main/src/com/pedeagua/finalizacao/ProdutoAguaAdapter.java,com.pedeagua.finalizacao.ProdutoAguaAdapter,class,8,9,1,8,12,2,0,11,6,0.65625,0.39285713,0.75,8,0,8,0,0,0,8,0,0,0,4,0,0,2,0,2,0,0,0,53,5,0,4,0,0,1,0,13,1,10,1,0,0,0,33,1,0
/home/arch_design_predict/download-github-repos/mvvm/repos/pedeagua-main/gen/br/com/projetofinal1/R.java,br.com.projetofinal1.R$color,innerclass,0,0,0,0,0,1,0,0,0,NaN,-1.0,-1.0,0,0,0,0,0,0,0,0,0,0,19,19,19,0,0,0,19,0,0,21,0,0,0,0,0,0,19,19,0,19,0,0,0,0,47,25,0
/home/arch_design_predict/download-github-repos/mvvm/repos/pedeagua-main/src/com/pedeagua/vendedores/ActivityVendedores.java,com.pedeagua.vendedores.ActivityVendedores$Anonymous2,anonymous,3,3,0,3,1,1,0,3,0,0.0,NaN,NaN,1,0,1,0,0,0,1,0,0,0,0,0,0,0,0,0,0,0,1,6,0,0,0,0,0,1,0,0,1,0,0,0,0,0,8,-1,0
/home/arch_design_predict/download-github-repos/mvvm/repos/pedeagua-main/src/com/pedeagua/SQLite/DBCore.java,com.pedeagua.SQLite.DBCore,class,5,7,2,5,3,2,0,2,1,0.5,0.33333334,0.33333334,3,0,3,0,0,0,3,0,0,0,2,2,0,2,0,0,2,0,0,17,0,0,0,0,0,9,1,5,2,5,0,0,0,0,44,1,0
/home/arch_design_predict/download-github-repos/mvvm/repos/pedeagua-main/src/com/pedeagua/testews/Pedido.java,com.pedeagua.testews.Pedido,class,0,5,5,0,17,1,0,0,72,0.7815127,0.23529412,0.88235295,17,0,17,0,0,0,17,0,0,0,7,0,0,7,0,0,0,0,0,65,8,0,0,0,0,6,0,14,1,7,0,0,0,0,22,1,0
/home/arch_design_predict/download-github-repos/mvvm/repos/pedeagua-main/src/com/pedeagua/finalizacao/lightbox/ActivityProdutoAgua.java,com.pedeagua.finalizacao.lightbox.ActivityProdutoAgua,class,7,8,1,7,3,2,0,15,3,0.7916667,0.0,0.0,3,0,2,0,1,0,3,0,0,0,10,1,1,0,0,9,0,0,1,96,0,0,0,0,0,9,1,20,1,22,0,3,0,0,69,1,0
/home/arch_design_predict/download-github-repos/mvvm/repos/pedeagua-main/src/com/pedeagua/login/ActivityTermos.java,com.pedeagua.login.ActivityTermos$Anonymous1,anonymous,1,1,0,1,1,1,0,1,0,0.0,NaN,NaN,1,0,1,0,0,0,1,0,0,0,0,0,0,0,0,0,0,0,0,5,0,0,0,0,0,0,0,0,0,0,0,0,0,0,5,-1,0
/home/arch_design_predict/download-github-repos/mvvm/repos/pedeagua-main/gen/br/com/projetofinal1/R.java,br.com.projetofinal1.R$array,innerclass,0,0,0,0,0,1,0,0,0,NaN,-1.0,-1.0,0,0,0,0,0,0,0,0,0,0,1,1,1,0,0,0,1,0,0,3,0,0,0,0,0,0,1,1,0,1,0,0,0,0,5,25,0
/home/arch_design_predict/download-github-repos/mvvm/repos/pedeagua-main/src/com/pedeagua/finalizacao/ActivityFinalizacaoAgua.java,com.pedeagua.finalizacao.ActivityFinalizacaoAgua$Anonymous1,anonymous,5,5,0,5,2,1,0,9,0,0.0,NaN,NaN,1,0,1,0,0,0,1,0,0,0,0,0,0,0,0,0,0,0,0,16,0,0,0,1,0,5,1,2,1,1,1,0,0,0,19,-1,0
/home/arch_design_predict/download-github-repos/mvvm/repos/pedeagua-main/gen/br/com/projetofinal1/R.java,br.com.projetofinal1.R$menu,innerclass,0,0,0,0,0,1,0,0,0,NaN,-1.0,-1.0,0,0,0,0,0,0,0,0,0,0,2,2,2,0,0,0,2,0,0,4,0,0,0,0,0,0,2,2,0,2,0,0,0,0,5,25,0
/home/arch_design_predict/download-github-repos/mvvm/repos/pedeagua-main/src/com/pedeagua/vendedores/util/LruBitmapCache.java,com.pedeagua.vendedores.util.LruBitmapCache,class,4,6,2,4,6,2,0,7,15,0.0,0.0,0.0,6,1,5,0,1,0,6,0,0,0,0,0,0,0,0,0,0,0,2,22,3,0,0,0,1,0,3,2,4,2,0,0,0,0,19,1,0
/home/arch_design_predict/download-github-repos/mvvm/repos/pedeagua-main/src/com/pedeagua/testews/Produto.java,com.pedeagua.testews.Produto,class,0,4,4,0,13,1,0,0,26,0.6923077,0.33333334,0.84615386,13,0,13,0,0,0,13,0,0,0,5,0,0,5,0,0,0,0,0,49,6,0,0,0,0,6,0,10,1,5,0,0,0,0,15,1,0
/home/arch_design_predict/download-github-repos/mvvm/repos/pedeagua-main/src/com/pedeagua/finalizacao/ActivityFinalizacaoAgua.java,com.pedeagua.finalizacao.ActivityFinalizacaoAgua,class,14,16,2,14,27,2,0,43,0,0.75294125,0.4,0.6,5,0,2,0,3,0,5,0,0,0,17,9,9,0,0,8,0,0,9,166,1,5,14,3,1,17,25,44,3,29,5,1,0,0,83,1,0
/home/arch_design_predict/download-github-repos/mvvm/repos/pedeagua-main/src/com/pedeagua/finalizacao/ActivityFinalizacaogGas.java,com.pedeagua.finalizacao.ActivityFinalizacaogGas$Anonymous1,anonymous,5,5,0,5,2,1,0,9,0,0.0,NaN,NaN,1,0,1,0,0,0,1,0,0,0,0,0,0,0,0,0,0,0,0,16,0,0,0,1,0,5,1,2,1,1,1,0,0,0,19,-1,0
/home/arch_design_predict/download-github-repos/mvvm/repos/pedeagua-main/src/com/pedeagua/finalizacao/MainActivity.java,com.pedeagua.finalizacao.MainActivity$Anonymous1,anonymous,1,1,0,1,1,1,0,1,0,0.0,NaN,NaN,1,0,1,0,0,0,1,0,0,0,0,0,0,0,0,0,0,0,0,5,0,0,0,0,0,0,0,0,0,0,0,0,0,0,8,-1,0
/home/arch_design_predict/download-github-repos/mvvm/repos/pedeagua-main/gen/br/com/projetofinal1/R.java,br.com.projetofinal1.R$id,innerclass,0,0,0,0,0,1,0,0,0,NaN,-1.0,-1.0,0,0,0,0,0,0,0,0,0,0,147,147,147,0,0,0,147,0,0,149,0,0,0,0,0,0,147,147,0,147,0,0,0,0,295,25,0
/home/arch_design_predict/download-github-repos/mvvm/repos/pedeagua-main/gen/br/com/projetofinal1/R.java,br.com.projetofinal1.R$layout,innerclass,0,0,0,0,0,1,0,0,0,NaN,-1.0,-1.0,0,0,0,0,0,0,0,0,0,0,36,36,36,0,0,0,36,0,0,38,0,0,0,0,0,0,36,36,0,36,0,0,0,0,80,25,0
/home/arch_design_predict/download-github-repos/mvvm/repos/pedeagua-main/src/com/pedeagua/vendedores/CircularNetworkImageView.java,com.pedeagua.vendedores.CircularNetworkImageView,class,11,15,4,11,7,3,0,12,0,0.2,0.6,0.6,5,0,5,0,0,0,5,0,0,0,1,0,0,0,0,1,0,0,0,37,2,0,1,0,0,0,9,12,1,9,1,0,0,0,55,1,0
/home/arch_design_predict/download-github-repos/mvvm/repos/pedeagua-main/gen/br/com/projetofinal1/R.java,br.com.projetofinal1.R$dimen,innerclass,0,0,0,0,0,1,0,0,0,NaN,-1.0,-1.0,0,0,0,0,0,0,0,0,0,0,37,37,37,0,0,0,37,0,0,39,0,0,0,0,0,0,37,37,0,37,0,0,0,0,116,25,0
/home/arch_design_predict/download-github-repos/mvvm/repos/pedeagua-main/src/com/pedeagua/mascaras/CelularEditText.java,com.pedeagua.mascaras.CelularEditText,class,7,9,2,7,7,3,0,10,15,0.9583333,0.0,0.0,6,0,4,1,1,0,5,0,0,0,4,0,0,4,0,0,1,0,0,73,2,1,0,0,0,4,16,8,1,8,1,1,1,0,29,1,0
/home/arch_design_predict/download-github-repos/mvvm/repos/pedeagua-main/src/com/pedeagua/login/ActivityEndereco.java,com.pedeagua.login.ActivityEndereco,class,14,18,4,14,9,2,0,36,0,0.53333336,0.5,1.0,4,0,3,0,1,0,4,0,0,0,7,0,0,0,0,7,0,0,2,99,0,0,2,2,0,7,4,22,2,20,3,1,0,0,70,1,0
/home/arch_design_predict/download-github-repos/mvvm/repos/pedeagua-main/src/com/pedeagua/login/ActivityRecuperarSenha.java,com.pedeagua.login.ActivityRecuperarSenha$Anonymous1,anonymous,2,2,0,2,1,1,0,2,0,0.0,NaN,NaN,1,0,1,0,0,0,1,0,0,0,0,0,0,0,0,0,0,0,0,6,0,0,0,0,0,0,0,0,0,0,0,0,0,0,7,-1,0
/home/arch_design_predict/download-github-repos/mvvm/repos/pedeagua-main/gen/com/facebook/android/R.java,com.facebook.android.R$color,innerclass,0,0,0,0,0,1,0,0,0,NaN,-1.0,-1.0,0,0,0,0,0,0,0,0,0,0,11,11,11,0,0,0,11,0,0,13,0,0,0,0,0,0,11,11,0,11,0,0,0,0,29,25,0
/home/arch_design_predict/download-github-repos/mvvm/repos/pedeagua-main/gen/br/com/projetofinal1/R.java,br.com.projetofinal1.R$styleable,innerclass,1,1,0,1,0,1,0,0,0,NaN,-1.0,-1.0,0,0,0,0,0,0,0,0,0,0,29,29,29,0,0,0,29,0,0,31,0,0,0,0,0,0,46,29,0,29,0,0,0,0,108,25,0
/home/arch_design_predict/download-github-repos/mvvm/repos/pedeagua-main/gen/com/facebook/android/R.java,com.facebook.android.R$id,innerclass,0,0,0,0,0,1,0,0,0,NaN,-1.0,-1.0,0,0,0,0,0,0,0,0,0,0,38,38,38,0,0,0,38,0,0,40,0,0,0,0,0,0,38,38,0,38,0,0,0,0,85,25,0
/home/arch_design_predict/download-github-repos/mvvm/repos/pedeagua-main/src/com/pedeagua/finalizacao/lightbox/ActivityAguardandoChegar.java,com.pedeagua.finalizacao.lightbox.ActivityAguardandoChegar$Anonymous1,anonymous,1,1,0,1,4,1,0,3,0,0.0,NaN,NaN,1,0,1,0,0,0,1,0,0,0,0,0,0,0,0,0,0,0,0,12,0,0,0,0,3,8,9,7,17,7,0,0,0,0,12,-1,0
/home/arch_design_predict/download-github-repos/mvvm/repos/pedeagua-main/src/com/pedeagua/finalizacao/lightbox/ActivityAguardandoChegar.java,com.pedeagua.finalizacao.lightbox.ActivityAguardandoChegar$Anonymous2,anonymous,2,2,0,2,2,1,0,5,0,0.0,NaN,NaN,1,0,1,0,0,0,1,0,0,0,0,0,0,0,0,0,0,0,0,11,0,0,0,0,0,3,0,1,1,0,1,0,0,0,12,-1,0
/home/arch_design_predict/download-github-repos/mvvm/repos/pedeagua-main/gen/br/com/projetofinal1/R.java,br.com.projetofinal1.R$attr,innerclass,0,0,0,0,0,1,0,0,0,NaN,-1.0,-1.0,0,0,0,0,0,0,0,0,0,0,23,23,23,0,0,0,23,0,0,25,0,0,0,0,0,0,23,23,0,23,0,0,0,0,111,25,0
/home/arch_design_predict/download-github-repos/mvvm/repos/pedeagua-main/src/com/pedeagua/finalizacao/lightbox/ActivityAguardandoChegar.java,com.pedeagua.finalizacao.lightbox.ActivityAguardandoChegar$Anonymous3,anonymous,6,6,0,6,1,1,0,8,0,0.0,NaN,NaN,1,0,1,0,0,0,1,0,0,0,0,0,0,0,0,0,0,0,0,13,0,0,0,0,0,0,0,3,0,1,0,0,0,0,12,-1,0
/home/arch_design_predict/download-github-repos/mvvm/repos/pedeagua-main/src/com/pedeagua/finalizacao/lightbox/ActivityAguardandoChegar.java,com.pedeagua.finalizacao.lightbox.ActivityAguardandoChegar$Anonymous4,anonymous,6,6,0,6,2,1,0,11,0,0.0,NaN,NaN,1,0,1,0,0,0,1,0,0,0,0,0,0,0,0,0,0,0,0,20,0,0,1,0,0,2,0,3,0,2,1,0,0,0,16,-1,0
/home/arch_design_predict/download-github-repos/mvvm/repos/pedeagua-main/src/com/pedeagua/finalizacao/lightbox/ActivityQualificacao.java,com.pedeagua.finalizacao.lightbox.ActivityQualificacao$Anonymous1,anonymous,6,6,0,6,1,1,0,8,0,0.0,NaN,NaN,1,0,1,0,0,0,1,0,0,0,0,0,0,0,0,0,0,0,0,14,0,0,0,0,0,0,2,4,0,2,0,0,0,0,12,-1,0
/home/arch_design_predict/download-github-repos/mvvm/repos/pedeagua-main/src/com/pedeagua/vendedores/ActivityVendedores.java,com.pedeagua.vendedores.ActivityVendedores,class,26,32,6,26,19,2,0,36,17,0.9071428,0.06666667,0.06666667,7,0,5,1,1,0,6,0,0,0,19,5,4,5,0,10,2,0,5,150,5,0,4,3,3,14,9,24,2,26,3,3,0,0,101,1,0
/home/arch_design_predict/download-github-repos/mvvm/repos/pedeagua-main/src/com/pedeagua/finalizacao/lightbox/ActivityAguardandoChegar.java,com.pedeagua.finalizacao.lightbox.ActivityAguardandoChegar$Anonymous5,anonymous,1,1,0,1,1,1,0,1,0,0.0,NaN,NaN,1,0,1,0,0,0,1,0,0,0,0,0,0,0,0,0,0,0,0,5,0,0,0,0,0,0,0,0,0,0,0,0,0,0,5,-1,0
/home/arch_design_predict/download-github-repos/mvvm/repos/pedeagua-main/src/com/pedeagua/testews/ProdutoDAO.java,com.pedeagua.testews.ProdutoDAO,class,6,7,1,6,5,1,0,21,0,0.25,1.0,1.0,2,0,2,0,0,0,2,0,0,0,4,4,0,4,0,0,4,0,4,55,4,1,0,2,1,16,0,18,2,15,2,0,0,0,42,1,0
/home/arch_design_predict/download-github-repos/mvvm/repos/pedeagua-main/src/com/pedeagua/finalizacao/FecharCompraAdapter.java,com.pedeagua.finalizacao.FecharCompraAdapter,class,8,10,2,8,9,2,0,16,0,0.6769231,0.6,0.6,5,0,5,0,0,0,5,0,0,0,9,3,4,2,0,3,0,0,2,73,4,0,4,0,0,4,2,17,3,14,1,1,0,0,46,1,0
/home/arch_design_predict/download-github-repos/mvvm/repos/pedeagua-main/src/com/pedeagua/login/ActivityTermos.java,com.pedeagua.login.ActivityTermos,class,7,8,1,7,2,2,0,7,1,0.85714287,0.0,0.0,2,0,1,0,1,0,2,0,0,0,5,0,0,0,0,5,0,0,0,24,0,0,0,0,0,0,0,4,0,7,0,1,0,0,35,1,0
/home/arch_design_predict/download-github-repos/mvvm/repos/pedeagua-main/src/com/pedeagua/finalizacao/ActivityFecharCompra.java,com.pedeagua.finalizacao.ActivityFecharCompra,class,16,18,2,16,17,2,0,22,14,0.84821427,0.14285715,0.21428572,8,1,3,0,5,0,8,0,0,0,12,4,4,0,0,8,0,0,3,118,0,0,5,4,1,18,2,19,2,14,2,2,0,0,85,1,0
/home/arch_design_predict/download-github-repos/mvvm/repos/pedeagua-main/src/com/pedeagua/conexaoHttpClient/ConexaoHttpClient.java,com.pedeagua.conexaoHttpClient.ConexaoHttpClient,class,9,11,2,9,10,1,0,15,3,0.6666667,0.0,0.0,3,3,2,1,0,0,2,0,0,0,2,2,2,0,0,0,1,0,4,72,3,2,5,4,2,6,2,24,3,20,3,0,0,0,48,1,0
/home/arch_design_predict/download-github-repos/mvvm/repos/pedeagua-main/gen/com/facebook/android/R.java,com.facebook.android.R$attr,innerclass,0,0,0,0,0,1,0,0,0,NaN,-1.0,-1.0,0,0,0,0,0,0,0,0,0,0,23,23,23,0,0,0,23,0,0,25,0,0,0,0,0,0,23,23,0,23,0,0,0,0,63,25,0
/home/arch_design_predict/download-github-repos/mvvm/repos/pedeagua-main/src/com/pedeagua/finalizacao/ActivityFinalizacaogGas.java,com.pedeagua.finalizacao.ActivityFinalizacaogGas,class,11,13,2,11,14,2,0,25,0,0.6111111,0.5,0.5,4,0,2,0,2,0,4,0,0,0,9,3,3,0,0,6,0,0,7,101,1,1,7,2,1,11,14,31,2,18,5,1,0,0,75,1,0
/home/arch_design_predict/download-github-repos/mvvm/repos/pedeagua-main/src/com/pedeagua/testews/Usuario.java,com.pedeagua.testews.Usuario,class,0,5,5,0,22,1,0,0,171,0.8636364,0.12987013,0.90909094,22,0,22,0,0,0,22,0,0,0,10,0,0,10,0,0,0,0,0,86,10,0,0,0,0,0,0,20,0,10,0,0,0,0,24,1,0
/home/arch_design_predict/download-github-repos/mvvm/repos/pedeagua-main/src/com/pedeagua/finalizacao/FecharCompraAdapter.java,com.pedeagua.finalizacao.FecharCompraAdapter$Anonymous1,anonymous,2,2,0,2,2,1,0,10,0,0.0,NaN,NaN,1,0,1,0,0,0,1,0,0,0,0,0,0,0,0,0,0,0,4,15,0,0,0,1,0,3,0,2,2,0,1,0,0,0,17,-1,0
/home/arch_design_predict/download-github-repos/mvvm/repos/pedeagua-main/src/com/pedeagua/testews/ItemPedido.java,com.pedeagua.testews.ItemPedido,class,0,2,2,0,13,1,0,0,26,0.7435897,0.33333334,0.84615386,13,0,13,0,0,0,13,0,0,0,6,1,0,6,0,0,1,0,0,50,6,0,0,0,0,6,1,11,1,6,0,0,0,0,23,1,0
/home/arch_design_predict/download-github-repos/mvvm/repos/pedeagua-main/src/com/pedeagua/login/PrincipalActivity.java,com.pedeagua.login.PrincipalActivity,class,17,21,4,17,20,2,0,38,28,0.8111111,0.11111111,0.16666667,9,0,7,0,2,0,9,0,0,0,7,1,1,0,0,6,0,0,2,140,2,0,4,5,0,20,4,22,6,18,3,3,0,0,82,1,0
/home/arch_design_predict/download-github-repos/mvvm/repos/pedeagua-main/src/com/pedeagua/finalizacao/lightbox/ActivityProdutoGas.java,com.pedeagua.finalizacao.lightbox.ActivityProdutoGas,class,7,8,1,7,3,2,0,15,3,0.8039216,0.0,0.0,3,0,2,0,1,0,3,0,0,0,10,2,2,0,0,8,0,0,1,99,0,0,0,0,0,9,1,20,1,23,0,3,0,0,74,1,0
/home/arch_design_predict/download-github-repos/mvvm/repos/pedeagua-main/src/com/pedeagua/login/ActivityEndereco.java,com.pedeagua.login.ActivityEndereco$Anonymous1,anonymous,2,2,0,2,8,1,0,8,0,0.0,NaN,NaN,1,0,1,0,0,0,1,0,0,0,0,0,0,0,0,0,0,0,0,16,0,0,0,1,0,7,0,0,0,0,2,0,0,0,12,-1,0
/home/arch_design_predict/download-github-repos/mvvm/repos/pedeagua-main/src/com/pedeagua/vendedores/adater/ListAdapterPersonalizado.java,com.pedeagua.vendedores.adater.ListAdapterPersonalizado,class,11,12,1,11,10,2,0,15,0,0.6,0.6,0.6,5,0,5,0,0,0,5,0,0,0,4,0,0,3,0,1,0,0,2,37,4,1,3,0,0,2,3,13,2,9,1,0,0,0,38,1,0
/home/arch_design_predict/download-github-repos/mvvm/repos/pedeagua-main/src/com/pedeagua/testews/StringItem.java,com.pedeagua.testews.StringItem,class,0,1,1,0,4,1,0,0,0,0.25,0.5,0.5,4,0,4,0,0,0,4,0,0,0,1,0,0,0,0,1,0,0,0,14,2,0,0,0,0,2,0,1,1,1,0,0,0,0,7,1,0
/home/arch_design_predict/download-github-repos/mvvm/repos/pedeagua-main/src/com/pedeagua/testews/UsuarioDAO.java,com.pedeagua.testews.UsuarioDAO,class,7,11,4,7,10,1,0,28,0,0.5714286,1.0,1.0,5,0,5,0,0,0,5,0,0,0,7,7,0,7,0,0,7,0,5,125,10,0,0,5,4,45,2,37,6,32,1,0,0,0,52,1,0
/home/arch_design_predict/download-github-repos/mvvm/repos/pedeagua-main/gen/com/facebook/android/R.java,com.facebook.android.R$style,innerclass,0,0,0,0,0,1,0,0,0,NaN,-1.0,-1.0,0,0,0,0,0,0,0,0,0,0,3,3,3,0,0,0,3,0,0,5,0,0,0,0,0,0,3,3,0,3,0,0,0,0,12,25,0
/home/arch_design_predict/download-github-repos/mvvm/repos/pedeagua-main/src/com/pedeagua/finalizacao/lightbox/ActivityProdutoAgua.java,com.pedeagua.finalizacao.lightbox.ActivityProdutoAgua$Anonymous1,anonymous,5,5,0,5,3,1,0,21,0,0.0,NaN,NaN,1,0,1,0,0,0,1,0,0,0,0,0,0,0,0,0,0,0,4,37,0,0,1,1,0,10,3,9,4,6,2,0,0,0,42,-1,0
/home/arch_design_predict/download-github-repos/mvvm/repos/pedeagua-main/gen/br/com/projetofinal1/R.java,br.com.projetofinal1.R$drawable,innerclass,0,0,0,0,0,1,0,0,0,NaN,-1.0,-1.0,0,0,0,0,0,0,0,0,0,0,127,127,127,0,0,0,127,0,0,129,0,0,0,0,0,0,127,127,0,127,0,0,0,0,236,25,0
/home/arch_design_predict/download-github-repos/mvvm/repos/pedeagua-main/src/com/pedeagua/finalizacao/lightbox/ActivityProdutoAgua.java,com.pedeagua.finalizacao.lightbox.ActivityProdutoAgua$Anonymous2,anonymous,1,1,0,1,1,1,0,2,0,0.0,NaN,NaN,1,0,1,0,0,0,1,0,0,0,0,0,0,0,0,0,0,0,1,6,0,0,0,0,0,0,1,1,0,0,0,0,0,0,7,-1,0
/home/arch_design_predict/download-github-repos/mvvm/repos/pedeagua-main/src/com/pedeagua/finalizacao/lightbox/ActivityProdutoAgua.java,com.pedeagua.finalizacao.lightbox.ActivityProdutoAgua$Anonymous3,anonymous,1,1,0,1,2,1,0,2,0,0.0,NaN,NaN,1,0,1,0,0,0,1,0,0,0,0,0,0,0,0,0,0,0,1,8,0,0,1,0,0,0,2,1,0,0,1,0,0,0,7,-1,0
/home/arch_design_predict/download-github-repos/mvvm/repos/pedeagua-main/src/com/pedeagua/testews/PedidoDAO.java,com.pedeagua.testews.PedidoDAO,class,8,12,4,8,10,1,0,21,0,0.5714286,1.0,1.0,5,0,5,0,0,0,5,0,0,0,7,7,0,7,0,0,7,0,5,112,10,0,0,5,2,32,1,37,6,32,1,0,0,0,47,1,0
/home/arch_design_predict/download-github-repos/mvvm/repos/pedeagua-main/src/com/pedeagua/login/ActivityCadastro.java,com.pedeagua.login.ActivityCadastro$Anonymous2,anonymous,4,4,0,4,10,1,0,15,0,0.0,NaN,NaN,1,0,1,0,0,0,1,0,0,0,0,0,0,0,0,0,0,0,0,44,0,0,0,1,0,16,0,9,0,2,5,0,0,0,39,-1,0
/home/arch_design_predict/download-github-repos/mvvm/repos/pedeagua-main/src/com/pedeagua/login/PrincipalActivity.java,com.pedeagua.login.PrincipalActivity$Anonymous2,anonymous,3,3,0,3,1,1,0,1,0,0.0,NaN,NaN,1,0,1,0,0,0,1,0,0,0,0,0,0,0,0,0,0,0,0,6,0,0,0,0,0,0,0,1,0,1,0,0,0,0,8,-1,0
/home/arch_design_predict/download-github-repos/mvvm/repos/pedeagua-main/src/com/pedeagua/login/ActivityCadastro.java,com.pedeagua.login.ActivityCadastro$Anonymous1,anonymous,3,3,0,3,2,1,0,6,0,0.0,NaN,NaN,1,0,1,0,0,0,1,0,0,0,0,0,0,0,0,0,0,0,0,11,0,0,0,1,0,3,0,0,2,0,1,0,0,0,17,-1,0
/home/arch_design_predict/download-github-repos/mvvm/repos/pedeagua-main/src/com/pedeagua/login/PrincipalActivity.java,com.pedeagua.login.PrincipalActivity$Anonymous3,anonymous,3,3,0,3,2,1,0,3,0,0.0,NaN,NaN,1,0,1,0,0,0,1,0,0,0,0,0,0,0,0,0,0,0,0,18,0,0,0,0,0,0,0,0,0,0,1,1,0,0,5,-1,0
/home/arch_design_predict/download-github-repos/mvvm/repos/pedeagua-main/src/com/pedeagua/mascaras/CelularEditText.java,com.pedeagua.mascaras.CelularEditText$Anonymous1,anonymous,2,2,0,2,6,1,0,9,3,0.0,0.0,0.0,3,0,3,0,0,0,3,0,0,0,0,0,0,0,0,0,0,0,0,29,2,0,0,0,0,5,7,13,1,8,1,0,0,0,29,-1,0
/home/arch_design_predict/download-github-repos/mvvm/repos/pedeagua-main/src/com/pedeagua/login/PrincipalActivity.java,com.pedeagua.login.PrincipalActivity$Anonymous1,anonymous,2,2,0,2,1,1,0,1,0,0.0,NaN,NaN,1,0,1,0,0,0,1,0,0,0,0,0,0,0,0,0,0,0,0,5,0,0,0,0,0,0,0,0,0,0,0,0,0,0,5,-1,0
/home/arch_design_predict/download-github-repos/mvvm/repos/pedeagua-main/src/com/pedeagua/login/ActivityRecuperarSenha.java,com.pedeagua.login.ActivityRecuperarSenha,class,9,11,2,9,4,2,0,13,3,0.8333334,0.0,0.0,3,0,1,1,1,0,2,0,0,0,8,1,0,0,2,6,1,0,0,40,0,0,0,1,0,6,0,7,1,9,1,1,0,0,60,1,0
/home/arch_design_predict/download-github-repos/mvvm/repos/pedeagua-main/gen/br/com/projetofinal1/R.java,br.com.projetofinal1.R,class,0,0,0,0,0,1,0,0,0,0.0,-1.0,-1.0,0,0,0,0,0,0,0,0,0,0,0,0,0,0,0,0,0,0,0,505,0,0,0,0,0,0,0,0,0,0,0,0,11,0,1,17,0
/home/arch_design_predict/download-github-repos/mvvm/repos/pedeagua-main/src/com/pedeagua/finalizacao/lightbox/ActivityConfirmarCompra.java,com.pedeagua.finalizacao.lightbox.ActivityConfirmarCompra$Anonymous1,anonymous,5,5,0,5,3,1,0,9,0,0.0,NaN,NaN,1,0,1,0,0,0,1,0,0,0,0,0,0,0,0,0,0,0,0,20,0,0,0,0,0,4,0,2,0,2,2,0,0,0,19,-1,0
/home/arch_design_predict/download-github-repos/mvvm/repos/pedeagua-main/src/com/pedeagua/login/PrincipalActivity.java,com.pedeagua.login.PrincipalActivity$Anonymous3$Anonymous4,anonymous,4,4,0,4,2,1,0,7,0,0.0,NaN,NaN,1,0,1,0,0,0,1,0,0,0,0,0,0,0,0,0,0,0,0,11,0,0,1,0,0,10,0,0,4,0,1,0,0,0,11,-1,0
/home/arch_design_predict/download-github-repos/mvvm/repos/pedeagua-main/gen/com/facebook/android/R.java,com.facebook.android.R,class,0,0,0,0,0,1,0,0,0,0.0,-1.0,-1.0,0,0,0,0,0,0,0,0,0,0,0,0,0,0,0,0,0,0,0,245,0,0,0,0,0,0,0,0,0,0,0,0,9,0,1,17,0
/home/arch_design_predict/download-github-repos/mvvm/repos/pedeagua-main/src/com/pedeagua/testews/Endereco.java,com.pedeagua.testews.Endereco,class,0,2,2,0,17,1,0,0,120,0.8823529,0.05882353,0.05882353,17,0,17,0,0,0,17,0,0,0,8,0,0,8,0,0,0,0,0,60,8,0,0,0,0,0,0,8,0,8,0,0,0,0,19,1,0
/home/arch_design_predict/download-github-repos/mvvm/repos/pedeagua-main/gen/com/facebook/android/R.java,com.facebook.android.R$drawable,innerclass,0,0,0,0,0,1,0,0,0,NaN,-1.0,-1.0,0,0,0,0,0,0,0,0,0,0,48,48,48,0,0,0,48,0,0,50,0,0,0,0,0,0,48,48,0,48,0,0,0,0,97,25,0
/home/arch_design_predict/download-github-repos/mvvm/repos/pedeagua-main/src/com/pedeagua/login/ActivityCadastro.java,com.pedeagua.login.ActivityCadastro,class,8,10,2,8,7,2,0,19,4,0.81333345,0.3,0.3,5,0,4,0,1,0,5,0,0,0,8,1,1,0,0,7,0,0,2,108,2,0,1,1,0,10,2,19,0,18,1,2,0,0,61,1,0
/home/arch_design_predict/download-github-repos/mvvm/repos/pedeagua-main/src/com/pedeagua/finalizacao/ProdutoGasAdapter.java,com.pedeagua.finalizacao.ProdutoGasAdapter,class,7,8,1,7,9,2,0,11,0,0.53333336,0.6,0.6,5,0,5,0,0,0,5,0,0,0,3,0,0,2,0,1,0,0,0,42,4,0,4,0,0,1,0,10,1,9,1,0,0,0,29,1,0
/home/arch_design_predict/download-github-repos/mvvm/repos/pedeagua-main/src/com/pedeagua/finalizacao/lightbox/ActivityAguardandoChegar.java,com.pedeagua.finalizacao.lightbox.ActivityAguardandoChegar,class,14,17,3,14,8,2,0,22,9,0.8194444,0.2,0.2,6,0,5,0,1,0,6,0,0,0,8,0,0,0,0,8,0,0,0,125,0,0,1,1,0,8,2,16,2,14,1,5,0,0,63,1,0
/home/arch_design_predict/download-github-repos/mvvm/repos/pedeagua-main/gen/com/facebook/android/R.java,com.facebook.android.R$layout,innerclass,0,0,0,0,0,1,0,0,0,NaN,-1.0,-1.0,0,0,0,0,0,0,0,0,0,0,15,15,15,0,0,0,15,0,0,17,0,0,0,0,0,0,15,15,0,15,0,0,0,0,38,25,0
/home/arch_design_predict/download-github-repos/mvvm/repos/pedeagua-main/gen/com/facebook/android/R.java,com.facebook.android.R$styleable,innerclass,1,1,0,1,0,1,0,0,0,NaN,-1.0,-1.0,0,0,0,0,0,0,0,0,0,0,29,29,29,0,0,0,29,0,0,31,0,0,0,0,0,0,46,29,0,29,0,0,0,0,50,25,0
/home/arch_design_predict/download-github-repos/mvvm/repos/pedeagua-main/src/com/pedeagua/finalizacao/lightbox/ActivityQualificacao.java,com.pedeagua.finalizacao.lightbox.ActivityQualificacao,class,15,16,1,15,5,2,0,16,1,0.64285713,0.0,0.0,2,0,1,0,1,0,2,0,0,0,7,0,0,0,0,7,0,0,2,52,0,0,2,1,0,2,0,14,0,12,2,1,0,0,50,1,0
