file,class,method,constructor,line,cbo,cboModified,fanin,fanout,wmc,rfc,loc,returnsQty,variablesQty,parametersQty,methodsInvokedQty,methodsInvokedLocalQty,methodsInvokedIndirectLocalQty,loopQty,comparisonsQty,tryCatchQty,parenthesizedExpsQty,stringLiteralsQty,numbersQty,assignmentsQty,mathOperationsQty,maxNestedBlocksQty,anonymousClassesQty,innerClassesQty,lambdasQty,uniqueWordsQty,modifiers,logStatementsQty,hasJavaDoc
/home/arch_design_predict/download-github-repos/mvp/repos/android_mvp_weather-master/app/src/main/java/weather/leo/com/mvp_weather/model/CityResultModelBean.java,weather.leo.com.mvp_weather.model.CityResultModelBean$ResultBean$FutureBean$DayBean,setDayId/1[java.lang.String],false,373,0,0,0,0,1,0,3,0,0,1,0,0,0,0,0,0,0,0,0,1,0,0,0,0,0,4,1,0,false
/home/arch_design_predict/download-github-repos/mvp/repos/android_mvp_weather-master/app/src/main/java/weather/leo/com/mvp_weather/model/CityResultModelBean.java,weather.leo.com.mvp_weather.model.CityResultModelBean$ResultBean$FutureBean$DayBean,getWind/0,false,413,0,0,0,0,1,0,3,1,0,0,0,0,0,0,0,0,0,0,0,0,0,0,0,0,0,3,1,0,false
/home/arch_design_predict/download-github-repos/mvp/repos/android_mvp_weather-master/app/src/main/java/weather/leo/com/mvp_weather/model/CityResultModelBean.java,weather.leo.com.mvp_weather.model.CityResultModelBean$ResultBean$FutureBean$DayBean,getDayId/0,false,369,0,0,0,0,1,0,3,1,0,0,0,0,0,0,0,0,0,0,0,0,0,0,0,0,0,4,1,0,false
/home/arch_design_predict/download-github-repos/mvp/repos/android_mvp_weather-master/app/src/main/java/weather/leo/com/mvp_weather/model/CityResultModelBean.java,weather.leo.com.mvp_weather.model.CityResultModelBean$ResultBean$FutureBean$DayBean,setDate/1[java.lang.String],false,397,0,0,0,0,1,0,3,0,0,1,0,0,0,0,0,0,0,0,0,1,0,0,0,0,0,3,1,0,false
/home/arch_design_predict/download-github-repos/mvp/repos/android_mvp_weather-master/app/src/main/java/weather/leo/com/mvp_weather/model/CityResultModelBean.java,weather.leo.com.mvp_weather.model.CityResultModelBean$ResultBean$FutureBean$DayBean,getDate/0,false,421,0,0,0,0,1,0,3,1,0,0,0,0,0,0,0,0,0,0,0,0,0,0,0,0,0,3,1,0,false
/home/arch_design_predict/download-github-repos/mvp/repos/android_mvp_weather-master/app/src/main/java/weather/leo/com/mvp_weather/model/CityResultModelBean.java,weather.leo.com.mvp_weather.model.CityResultModelBean$ResultBean$FutureBean$DayBean,getWeather/0,false,405,0,0,0,0,1,0,3,1,0,0,0,0,0,0,0,0,0,0,0,0,0,0,0,0,0,3,1,0,false
/home/arch_design_predict/download-github-repos/mvp/repos/android_mvp_weather-master/app/src/main/java/weather/leo/com/mvp_weather/model/CityResultModelBean.java,weather.leo.com.mvp_weather.model.CityResultModelBean$ResultBean$FutureBean$DayBean,getWeather_id/0,false,409,1,0,0,0,1,0,3,1,0,0,0,0,0,0,0,0,0,0,0,0,0,0,0,0,0,6,1,0,false
/home/arch_design_predict/download-github-repos/mvp/repos/android_mvp_weather-master/app/src/main/java/weather/leo/com/mvp_weather/model/CityResultModelBean.java,weather.leo.com.mvp_weather.model.CityResultModelBean$ResultBean$FutureBean$DayBean,setWeek/1[java.lang.String],false,393,0,0,0,0,1,0,3,0,0,1,0,0,0,0,0,0,0,0,0,1,0,0,0,0,0,3,1,0,false
/home/arch_design_predict/download-github-repos/mvp/repos/android_mvp_weather-master/app/src/main/java/weather/leo/com/mvp_weather/model/CityResultModelBean.java,weather.leo.com.mvp_weather.model.CityResultModelBean$ResultBean$FutureBean$DayBean,setTemperature/1[java.lang.String],false,377,0,0,0,0,1,0,3,0,0,1,0,0,0,0,0,0,0,0,0,1,0,0,0,0,0,3,1,0,false
/home/arch_design_predict/download-github-repos/mvp/repos/android_mvp_weather-master/app/src/main/java/weather/leo/com/mvp_weather/model/CityResultModelBean.java,weather.leo.com.mvp_weather.model.CityResultModelBean$ResultBean$FutureBean$DayBean,getWeek/0,false,417,0,0,0,0,1,0,3,1,0,0,0,0,0,0,0,0,0,0,0,0,0,0,0,0,0,3,1,0,false
/home/arch_design_predict/download-github-repos/mvp/repos/android_mvp_weather-master/app/src/main/java/weather/leo/com/mvp_weather/model/CityResultModelBean.java,weather.leo.com.mvp_weather.model.CityResultModelBean$ResultBean$FutureBean$DayBean,setWeather_id/1[weather.leo.com.mvp_weather.model.CityResultModelBean.ResultBean.FutureBean.DayBean.WeatherIdBean],false,385,1,0,0,0,1,0,3,0,0,1,0,0,0,0,0,0,0,0,0,1,0,0,0,0,0,6,1,0,false
/home/arch_design_predict/download-github-repos/mvp/repos/android_mvp_weather-master/app/src/main/java/weather/leo/com/mvp_weather/model/CityResultModelBean.java,weather.leo.com.mvp_weather.model.CityResultModelBean$ResultBean$FutureBean$DayBean,setWeather/1[java.lang.String],false,381,0,0,0,0,1,0,3,0,0,1,0,0,0,0,0,0,0,0,0,1,0,0,0,0,0,3,1,0,false
/home/arch_design_predict/download-github-repos/mvp/repos/android_mvp_weather-master/app/src/main/java/weather/leo/com/mvp_weather/model/CityResultModelBean.java,weather.leo.com.mvp_weather.model.CityResultModelBean$ResultBean$FutureBean$DayBean,setWind/1[java.lang.String],false,389,0,0,0,0,1,0,3,0,0,1,0,0,0,0,0,0,0,0,0,1,0,0,0,0,0,3,1,0,false
/home/arch_design_predict/download-github-repos/mvp/repos/android_mvp_weather-master/app/src/main/java/weather/leo/com/mvp_weather/model/CityResultModelBean.java,weather.leo.com.mvp_weather.model.CityResultModelBean$ResultBean$FutureBean$DayBean,getTemperature/0,false,401,0,0,0,0,1,0,3,1,0,0,0,0,0,0,0,0,0,0,0,0,0,0,0,0,0,3,1,0,false
/home/arch_design_predict/download-github-repos/mvp/repos/android_mvp_weather-master/app/src/androidTest/java/weather/leo/com/mvp_weather/ApplicationTest.java,weather.leo.com.mvp_weather.ApplicationTest,ApplicationTest/0,true,10,1,0,0,0,1,0,3,0,0,0,0,0,0,0,0,0,0,0,0,0,0,0,0,0,0,2,1,0,false
/home/arch_design_predict/download-github-repos/mvp/repos/android_mvp_weather-master/app/src/test/java/weather/leo/com/mvp_weather/ExampleUnitTest.java,weather.leo.com.mvp_weather.ExampleUnitTest,addition_isCorrect/0,false,12,1,0,0,0,1,1,3,0,0,0,1,0,0,0,0,0,0,0,3,0,1,0,0,0,0,6,1,0,false
/home/arch_design_predict/download-github-repos/mvp/repos/android_mvp_weather-master/app/src/main/java/weather/leo/com/mvp_weather/presenter/WeatherPresenter.java,weather.leo.com.mvp_weather.presenter.WeatherPresenter,detachView/0,false,28,0,1,1,0,1,0,3,0,0,0,0,0,0,0,0,0,0,0,0,1,0,0,0,0,0,3,1,0,false
/home/arch_design_predict/download-github-repos/mvp/repos/android_mvp_weather-master/app/src/main/java/weather/leo/com/mvp_weather/presenter/WeatherPresenter.java,weather.leo.com.mvp_weather.presenter.WeatherPresenter,loadDataFailure/0,false,39,1,1,0,1,1,1,3,0,0,0,1,0,0,0,0,0,0,0,0,0,0,0,0,0,0,3,1,0,false
/home/arch_design_predict/download-github-repos/mvp/repos/android_mvp_weather-master/app/src/main/java/weather/leo/com/mvp_weather/presenter/WeatherPresenter.java,weather.leo.com.mvp_weather.presenter.WeatherPresenter,"WeatherPresenter/2[weather.leo.com.mvp_weather.view.WeatherView,weather.leo.com.mvp_weather.presenter.Context]",true,17,3,2,1,1,1,0,4,0,0,2,0,0,0,0,0,0,0,0,0,2,0,0,0,0,0,7,1,0,false
/home/arch_design_predict/download-github-repos/mvp/repos/android_mvp_weather-master/app/src/main/java/weather/leo/com/mvp_weather/presenter/WeatherPresenter.java,weather.leo.com.mvp_weather.presenter.WeatherPresenter,loadDataSuccess/1[weather.leo.com.mvp_weather.model.CityResultModelBean],false,33,2,2,0,2,1,2,4,0,0,1,2,0,0,0,0,0,0,0,0,0,0,0,0,0,0,9,1,0,false
/home/arch_design_predict/download-github-repos/mvp/repos/android_mvp_weather-master/app/src/main/java/weather/leo/com/mvp_weather/presenter/WeatherPresenter.java,weather.leo.com.mvp_weather.presenter.WeatherPresenter,loadData/0,false,46,2,3,1,2,1,2,4,0,0,0,2,0,0,0,0,0,0,0,0,0,0,0,0,0,0,3,1,0,true
/home/arch_design_predict/download-github-repos/mvp/repos/android_mvp_weather-master/app/src/main/java/weather/leo/com/mvp_weather/presenter/WeatherPresenter.java,weather.leo.com.mvp_weather.presenter.WeatherPresenter,attachView/1[weather.leo.com.mvp_weather.view.WeatherView],false,23,1,1,1,0,1,0,3,0,0,1,0,0,0,0,0,0,0,0,0,1,0,0,0,0,0,4,1,0,false
/home/arch_design_predict/download-github-repos/mvp/repos/android_mvp_weather-master/app/src/main/java/weather/leo/com/mvp_weather/model/CityResultModelBean.java,weather.leo.com.mvp_weather.model.CityResultModelBean$ResultBean$TodayBean,setDrying_index/1[java.lang.String],false,236,0,0,0,0,1,0,3,0,0,1,0,0,0,0,0,0,0,0,0,1,0,0,0,0,0,4,1,0,false
/home/arch_design_predict/download-github-repos/mvp/repos/android_mvp_weather-master/app/src/main/java/weather/leo/com/mvp_weather/model/CityResultModelBean.java,weather.leo.com.mvp_weather.model.CityResultModelBean$ResultBean$TodayBean,getWind/0,false,252,0,1,1,0,1,0,3,1,0,0,0,0,0,0,0,0,0,0,0,0,0,0,0,0,0,3,1,0,false
/home/arch_design_predict/download-github-repos/mvp/repos/android_mvp_weather-master/app/src/main/java/weather/leo/com/mvp_weather/model/CityResultModelBean.java,weather.leo.com.mvp_weather.model.CityResultModelBean$ResultBean$TodayBean,getComfort_index/0,false,280,0,0,0,0,1,0,3,1,0,0,0,0,0,0,0,0,0,0,0,0,0,0,0,0,0,4,1,0,false
/home/arch_design_predict/download-github-repos/mvp/repos/android_mvp_weather-master/app/src/main/java/weather/leo/com/mvp_weather/model/CityResultModelBean.java,weather.leo.com.mvp_weather.model.CityResultModelBean$ResultBean$TodayBean,setDressing_advice/1[java.lang.String],false,212,0,0,0,0,1,0,3,0,0,1,0,0,0,0,0,0,0,0,0,1,0,0,0,0,0,4,1,0,false
/home/arch_design_predict/download-github-repos/mvp/repos/android_mvp_weather-master/app/src/main/java/weather/leo/com/mvp_weather/model/CityResultModelBean.java,weather.leo.com.mvp_weather.model.CityResultModelBean$ResultBean$TodayBean,getDrying_index/0,false,296,0,0,0,0,1,0,3,1,0,0,0,0,0,0,0,0,0,0,0,0,0,0,0,0,0,4,1,0,false
/home/arch_design_predict/download-github-repos/mvp/repos/android_mvp_weather-master/app/src/main/java/weather/leo/com/mvp_weather/model/CityResultModelBean.java,weather.leo.com.mvp_weather.model.CityResultModelBean$ResultBean$TodayBean,setWeather_id/1[weather.leo.com.mvp_weather.model.CityResultModelBean.ResultBean.TodayBean.WeatherIdBean],false,188,1,0,0,0,1,0,3,0,0,1,0,0,0,0,0,0,0,0,0,1,0,0,0,0,0,6,1,0,false
/home/arch_design_predict/download-github-repos/mvp/repos/android_mvp_weather-master/app/src/main/java/weather/leo/com/mvp_weather/model/CityResultModelBean.java,weather.leo.com.mvp_weather.model.CityResultModelBean$ResultBean$TodayBean,setWash_index/1[java.lang.String],false,224,0,0,0,0,1,0,3,0,0,1,0,0,0,0,0,0,0,0,0,1,0,0,0,0,0,4,1,0,false
/home/arch_design_predict/download-github-repos/mvp/repos/android_mvp_weather-master/app/src/main/java/weather/leo/com/mvp_weather/model/CityResultModelBean.java,weather.leo.com.mvp_weather.model.CityResultModelBean$ResultBean$TodayBean,setComfort_index/1[java.lang.String],false,220,0,0,0,0,1,0,3,0,0,1,0,0,0,0,0,0,0,0,0,1,0,0,0,0,0,4,1,0,false
/home/arch_design_predict/download-github-repos/mvp/repos/android_mvp_weather-master/app/src/main/java/weather/leo/com/mvp_weather/model/CityResultModelBean.java,weather.leo.com.mvp_weather.model.CityResultModelBean$ResultBean$TodayBean,getTemperature/0,false,240,0,1,1,0,1,0,3,1,0,0,0,0,0,0,0,0,0,0,0,0,0,0,0,0,0,3,1,0,false
/home/arch_design_predict/download-github-repos/mvp/repos/android_mvp_weather-master/app/src/main/java/weather/leo/com/mvp_weather/model/CityResultModelBean.java,weather.leo.com.mvp_weather.model.CityResultModelBean$ResultBean$TodayBean,getCity/0,false,260,0,1,1,0,1,0,3,1,0,0,0,0,0,0,0,0,0,0,0,0,0,0,0,0,0,3,1,0,false
/home/arch_design_predict/download-github-repos/mvp/repos/android_mvp_weather-master/app/src/main/java/weather/leo/com/mvp_weather/model/CityResultModelBean.java,weather.leo.com.mvp_weather.model.CityResultModelBean$ResultBean$TodayBean,setDressing_index/1[java.lang.String],false,208,0,0,0,0,1,0,3,0,0,1,0,0,0,0,0,0,0,0,0,1,0,0,0,0,0,4,1,0,false
/home/arch_design_predict/download-github-repos/mvp/repos/android_mvp_weather-master/app/src/main/java/weather/leo/com/mvp_weather/model/CityResultModelBean.java,weather.leo.com.mvp_weather.model.CityResultModelBean$ResultBean$TodayBean,setCity/1[java.lang.String],false,200,0,0,0,0,1,0,3,0,0,1,0,0,0,0,0,0,0,0,0,1,0,0,0,0,0,3,1,0,false
/home/arch_design_predict/download-github-repos/mvp/repos/android_mvp_weather-master/app/src/main/java/weather/leo/com/mvp_weather/model/CityResultModelBean.java,weather.leo.com.mvp_weather.model.CityResultModelBean$ResultBean$TodayBean,getDressing_index/0,false,268,0,0,0,0,1,0,3,1,0,0,0,0,0,0,0,0,0,0,0,0,0,0,0,0,0,4,1,0,false
/home/arch_design_predict/download-github-repos/mvp/repos/android_mvp_weather-master/app/src/main/java/weather/leo/com/mvp_weather/model/CityResultModelBean.java,weather.leo.com.mvp_weather.model.CityResultModelBean$ResultBean$TodayBean,setTravel_index/1[java.lang.String],false,228,0,0,0,0,1,0,3,0,0,1,0,0,0,0,0,0,0,0,0,1,0,0,0,0,0,4,1,0,false
/home/arch_design_predict/download-github-repos/mvp/repos/android_mvp_weather-master/app/src/main/java/weather/leo/com/mvp_weather/model/CityResultModelBean.java,weather.leo.com.mvp_weather.model.CityResultModelBean$ResultBean$TodayBean,setUv_index/1[java.lang.String],false,216,0,0,0,0,1,0,3,0,0,1,0,0,0,0,0,0,0,0,0,1,0,0,0,0,0,4,1,0,false
/home/arch_design_predict/download-github-repos/mvp/repos/android_mvp_weather-master/app/src/main/java/weather/leo/com/mvp_weather/model/CityResultModelBean.java,weather.leo.com.mvp_weather.model.CityResultModelBean$ResultBean$TodayBean,getUv_index/0,false,276,0,0,0,0,1,0,3,1,0,0,0,0,0,0,0,0,0,0,0,0,0,0,0,0,0,4,1,0,false
/home/arch_design_predict/download-github-repos/mvp/repos/android_mvp_weather-master/app/src/main/java/weather/leo/com/mvp_weather/model/CityResultModelBean.java,weather.leo.com.mvp_weather.model.CityResultModelBean$ResultBean$TodayBean,getExercise_index/0,false,292,0,0,0,0,1,0,3,1,0,0,0,0,0,0,0,0,0,0,0,0,0,0,0,0,0,4,1,0,false
/home/arch_design_predict/download-github-repos/mvp/repos/android_mvp_weather-master/app/src/main/java/weather/leo/com/mvp_weather/model/CityResultModelBean.java,weather.leo.com.mvp_weather.model.CityResultModelBean$ResultBean$TodayBean,setExercise_index/1[java.lang.String],false,232,0,0,0,0,1,0,3,0,0,1,0,0,0,0,0,0,0,0,0,1,0,0,0,0,0,4,1,0,false
/home/arch_design_predict/download-github-repos/mvp/repos/android_mvp_weather-master/app/src/main/java/weather/leo/com/mvp_weather/model/CityResultModelBean.java,weather.leo.com.mvp_weather.model.CityResultModelBean$ResultBean$TodayBean,setDate_y/1[java.lang.String],false,204,0,0,0,0,1,0,3,0,0,1,0,0,0,0,0,0,0,0,0,1,0,0,0,0,0,4,1,0,false
/home/arch_design_predict/download-github-repos/mvp/repos/android_mvp_weather-master/app/src/main/java/weather/leo/com/mvp_weather/model/CityResultModelBean.java,weather.leo.com.mvp_weather.model.CityResultModelBean$ResultBean$TodayBean,getWeather/0,false,244,0,0,0,0,1,0,3,1,0,0,0,0,0,0,0,0,0,0,0,0,0,0,0,0,0,3,1,0,false
/home/arch_design_predict/download-github-repos/mvp/repos/android_mvp_weather-master/app/src/main/java/weather/leo/com/mvp_weather/model/CityResultModelBean.java,weather.leo.com.mvp_weather.model.CityResultModelBean$ResultBean$TodayBean,setWeek/1[java.lang.String],false,196,0,0,0,0,1,0,3,0,0,1,0,0,0,0,0,0,0,0,0,1,0,0,0,0,0,3,1,0,false
/home/arch_design_predict/download-github-repos/mvp/repos/android_mvp_weather-master/app/src/main/java/weather/leo/com/mvp_weather/model/CityResultModelBean.java,weather.leo.com.mvp_weather.model.CityResultModelBean$ResultBean$TodayBean,getDate_y/0,false,264,0,1,1,0,1,0,3,1,0,0,0,0,0,0,0,0,0,0,0,0,0,0,0,0,0,4,1,0,false
/home/arch_design_predict/download-github-repos/mvp/repos/android_mvp_weather-master/app/src/main/java/weather/leo/com/mvp_weather/model/CityResultModelBean.java,weather.leo.com.mvp_weather.model.CityResultModelBean$ResultBean$TodayBean,getWeather_id/0,false,248,1,0,0,0,1,0,3,1,0,0,0,0,0,0,0,0,0,0,0,0,0,0,0,0,0,6,1,0,false
/home/arch_design_predict/download-github-repos/mvp/repos/android_mvp_weather-master/app/src/main/java/weather/leo/com/mvp_weather/model/CityResultModelBean.java,weather.leo.com.mvp_weather.model.CityResultModelBean$ResultBean$TodayBean,getTravel_index/0,false,288,0,0,0,0,1,0,3,1,0,0,0,0,0,0,0,0,0,0,0,0,0,0,0,0,0,4,1,0,false
/home/arch_design_predict/download-github-repos/mvp/repos/android_mvp_weather-master/app/src/main/java/weather/leo/com/mvp_weather/model/CityResultModelBean.java,weather.leo.com.mvp_weather.model.CityResultModelBean$ResultBean$TodayBean,setTemperature/1[java.lang.String],false,180,0,0,0,0,1,0,3,0,0,1,0,0,0,0,0,0,0,0,0,1,0,0,0,0,0,3,1,0,false
/home/arch_design_predict/download-github-repos/mvp/repos/android_mvp_weather-master/app/src/main/java/weather/leo/com/mvp_weather/model/CityResultModelBean.java,weather.leo.com.mvp_weather.model.CityResultModelBean$ResultBean$TodayBean,getWash_index/0,false,284,0,0,0,0,1,0,3,1,0,0,0,0,0,0,0,0,0,0,0,0,0,0,0,0,0,4,1,0,false
/home/arch_design_predict/download-github-repos/mvp/repos/android_mvp_weather-master/app/src/main/java/weather/leo/com/mvp_weather/model/CityResultModelBean.java,weather.leo.com.mvp_weather.model.CityResultModelBean$ResultBean$TodayBean,setWeather/1[java.lang.String],false,184,0,0,0,0,1,0,3,0,0,1,0,0,0,0,0,0,0,0,0,1,0,0,0,0,0,3,1,0,false
/home/arch_design_predict/download-github-repos/mvp/repos/android_mvp_weather-master/app/src/main/java/weather/leo/com/mvp_weather/model/CityResultModelBean.java,weather.leo.com.mvp_weather.model.CityResultModelBean$ResultBean$TodayBean,setWind/1[java.lang.String],false,192,0,0,0,0,1,0,3,0,0,1,0,0,0,0,0,0,0,0,0,1,0,0,0,0,0,3,1,0,false
/home/arch_design_predict/download-github-repos/mvp/repos/android_mvp_weather-master/app/src/main/java/weather/leo/com/mvp_weather/model/CityResultModelBean.java,weather.leo.com.mvp_weather.model.CityResultModelBean$ResultBean$TodayBean,getWeek/0,false,256,0,0,0,0,1,0,3,1,0,0,0,0,0,0,0,0,0,0,0,0,0,0,0,0,0,3,1,0,false
/home/arch_design_predict/download-github-repos/mvp/repos/android_mvp_weather-master/app/src/main/java/weather/leo/com/mvp_weather/model/CityResultModelBean.java,weather.leo.com.mvp_weather.model.CityResultModelBean$ResultBean$TodayBean,getDressing_advice/0,false,272,0,1,1,0,1,0,3,1,0,0,0,0,0,0,0,0,0,0,0,0,0,0,0,0,0,4,1,0,false
/home/arch_design_predict/download-github-repos/mvp/repos/android_mvp_weather-master/app/src/main/java/weather/leo/com/mvp_weather/model/CityResultModelBean.java,weather.leo.com.mvp_weather.model.CityResultModelBean$ResultBean,getFuture/0,false,85,1,0,0,0,1,0,3,1,0,0,0,0,0,0,0,0,0,0,0,0,0,0,0,0,0,4,1,0,false
/home/arch_design_predict/download-github-repos/mvp/repos/android_mvp_weather-master/app/src/main/java/weather/leo/com/mvp_weather/model/CityResultModelBean.java,weather.leo.com.mvp_weather.model.CityResultModelBean$ResultBean,setSk/1[weather.leo.com.mvp_weather.model.CityResultModelBean.ResultBean.SkBean],false,65,1,0,0,0,1,0,3,0,0,1,0,0,0,0,0,0,0,0,0,1,0,0,0,0,0,4,1,0,false
/home/arch_design_predict/download-github-repos/mvp/repos/android_mvp_weather-master/app/src/main/java/weather/leo/com/mvp_weather/model/CityResultModelBean.java,weather.leo.com.mvp_weather.model.CityResultModelBean$ResultBean,setFuture/1[weather.leo.com.mvp_weather.model.CityResultModelBean.ResultBean.FutureBean],false,73,1,0,0,0,1,0,3,0,0,1,0,0,0,0,0,0,0,0,0,1,0,0,0,0,0,4,1,0,false
/home/arch_design_predict/download-github-repos/mvp/repos/android_mvp_weather-master/app/src/main/java/weather/leo/com/mvp_weather/model/CityResultModelBean.java,weather.leo.com.mvp_weather.model.CityResultModelBean$ResultBean,getSk/0,false,77,1,0,0,0,1,0,3,1,0,0,0,0,0,0,0,0,0,0,0,0,0,0,0,0,0,4,1,0,false
/home/arch_design_predict/download-github-repos/mvp/repos/android_mvp_weather-master/app/src/main/java/weather/leo/com/mvp_weather/model/CityResultModelBean.java,weather.leo.com.mvp_weather.model.CityResultModelBean$ResultBean,setToday/1[weather.leo.com.mvp_weather.model.CityResultModelBean.ResultBean.TodayBean],false,69,1,0,0,0,1,0,3,0,0,1,0,0,0,0,0,0,0,0,0,1,0,0,0,0,0,4,1,0,false
/home/arch_design_predict/download-github-repos/mvp/repos/android_mvp_weather-master/app/src/main/java/weather/leo/com/mvp_weather/model/CityResultModelBean.java,weather.leo.com.mvp_weather.model.CityResultModelBean$ResultBean,getToday/0,false,81,1,1,1,0,1,0,3,1,0,0,0,0,0,0,0,0,0,0,0,0,0,0,0,0,0,4,1,0,false
/home/arch_design_predict/download-github-repos/mvp/repos/android_mvp_weather-master/app/src/main/java/weather/leo/com/mvp_weather/presenter/IWeatherPresenter.java,weather.leo.com.mvp_weather.presenter.IWeatherPresenter,loadDataSuccess/1[weather.leo.com.mvp_weather.model.CityResultModelBean],false,9,1,1,1,0,1,0,1,0,0,1,0,0,0,0,0,0,0,0,0,0,0,0,0,0,0,9,0,0,false
/home/arch_design_predict/download-github-repos/mvp/repos/android_mvp_weather-master/app/src/main/java/weather/leo/com/mvp_weather/presenter/IWeatherPresenter.java,weather.leo.com.mvp_weather.presenter.IWeatherPresenter,loadDataFailure/0,false,11,0,1,1,0,1,0,1,0,0,0,0,0,0,0,0,0,0,0,0,0,0,0,0,0,0,3,0,0,false
/home/arch_design_predict/download-github-repos/mvp/repos/android_mvp_weather-master/app/src/main/java/weather/leo/com/mvp_weather/view/WeatherView.java,weather.leo.com.mvp_weather.view.WeatherView,hideProgress/0,false,18,0,2,2,0,1,0,1,0,0,0,0,0,0,0,0,0,0,0,0,0,0,0,0,0,0,2,0,0,true
/home/arch_design_predict/download-github-repos/mvp/repos/android_mvp_weather-master/app/src/main/java/weather/leo/com/mvp_weather/view/WeatherView.java,weather.leo.com.mvp_weather.view.WeatherView,showData/1[T],false,7,1,0,0,0,1,0,1,0,0,1,0,0,0,0,0,0,0,0,0,0,0,0,0,0,0,4,0,0,true
/home/arch_design_predict/download-github-repos/mvp/repos/android_mvp_weather-master/app/src/main/java/weather/leo/com/mvp_weather/view/WeatherView.java,weather.leo.com.mvp_weather.view.WeatherView,showProgress/0,false,13,0,1,1,0,1,0,1,0,0,0,0,0,0,0,0,0,0,0,0,0,0,0,0,0,0,2,0,0,true
/home/arch_design_predict/download-github-repos/mvp/repos/android_mvp_weather-master/app/src/main/java/weather/leo/com/mvp_weather/model/CityResultModelBean.java,weather.leo.com.mvp_weather.model.CityResultModelBean$ResultBean$TodayBean$WeatherIdBean,setFa/1[java.lang.String],false,309,0,0,0,0,1,0,3,0,0,1,0,0,0,0,0,0,0,0,0,1,0,0,0,0,0,3,1,0,false
/home/arch_design_predict/download-github-repos/mvp/repos/android_mvp_weather-master/app/src/main/java/weather/leo/com/mvp_weather/model/CityResultModelBean.java,weather.leo.com.mvp_weather.model.CityResultModelBean$ResultBean$TodayBean$WeatherIdBean,setFb/1[java.lang.String],false,313,0,0,0,0,1,0,3,0,0,1,0,0,0,0,0,0,0,0,0,1,0,0,0,0,0,3,1,0,false
/home/arch_design_predict/download-github-repos/mvp/repos/android_mvp_weather-master/app/src/main/java/weather/leo/com/mvp_weather/model/CityResultModelBean.java,weather.leo.com.mvp_weather.model.CityResultModelBean$ResultBean$TodayBean$WeatherIdBean,getFb/0,false,321,0,0,0,0,1,0,3,1,0,0,0,0,0,0,0,0,0,0,0,0,0,0,0,0,0,3,1,0,false
/home/arch_design_predict/download-github-repos/mvp/repos/android_mvp_weather-master/app/src/main/java/weather/leo/com/mvp_weather/model/CityResultModelBean.java,weather.leo.com.mvp_weather.model.CityResultModelBean$ResultBean$TodayBean$WeatherIdBean,getFa/0,false,317,0,0,0,0,1,0,3,1,0,0,0,0,0,0,0,0,0,0,0,0,0,0,0,0,0,3,1,0,false
/home/arch_design_predict/download-github-repos/mvp/repos/android_mvp_weather-master/app/src/main/java/weather/leo/com/mvp_weather/model/CityResultModelBean.java,weather.leo.com.mvp_weather.model.CityResultModelBean,getError_code/0,false,50,0,0,0,0,1,0,3,1,0,0,0,0,0,0,0,0,0,0,0,0,0,0,0,0,0,4,1,0,false
/home/arch_design_predict/download-github-repos/mvp/repos/android_mvp_weather-master/app/src/main/java/weather/leo/com/mvp_weather/model/CityResultModelBean.java,weather.leo.com.mvp_weather.model.CityResultModelBean,setReason/1[java.lang.String],false,26,0,0,0,0,1,0,3,0,0,1,0,0,0,0,0,0,0,0,0,1,0,0,0,0,0,3,1,0,false
/home/arch_design_predict/download-github-repos/mvp/repos/android_mvp_weather-master/app/src/main/java/weather/leo/com/mvp_weather/model/CityResultModelBean.java,weather.leo.com.mvp_weather.model.CityResultModelBean,setResultcode/1[java.lang.String],false,22,0,0,0,0,1,0,3,0,0,1,0,0,0,0,0,0,0,0,0,1,0,0,0,0,0,3,1,0,false
/home/arch_design_predict/download-github-repos/mvp/repos/android_mvp_weather-master/app/src/main/java/weather/leo/com/mvp_weather/model/CityResultModelBean.java,weather.leo.com.mvp_weather.model.CityResultModelBean,getResultcode/0,false,38,0,0,0,0,1,0,3,1,0,0,0,0,0,0,0,0,0,0,0,0,0,0,0,0,0,3,1,0,false
/home/arch_design_predict/download-github-repos/mvp/repos/android_mvp_weather-master/app/src/main/java/weather/leo/com/mvp_weather/model/CityResultModelBean.java,weather.leo.com.mvp_weather.model.CityResultModelBean,getResult/0,false,46,1,1,1,0,1,0,3,1,0,0,0,0,0,0,0,0,0,0,0,0,0,0,0,0,0,4,1,0,false
/home/arch_design_predict/download-github-repos/mvp/repos/android_mvp_weather-master/app/src/main/java/weather/leo/com/mvp_weather/model/CityResultModelBean.java,weather.leo.com.mvp_weather.model.CityResultModelBean,getReason/0,false,42,0,0,0,0,1,0,3,1,0,0,0,0,0,0,0,0,0,0,0,0,0,0,0,0,0,3,1,0,false
/home/arch_design_predict/download-github-repos/mvp/repos/android_mvp_weather-master/app/src/main/java/weather/leo/com/mvp_weather/model/CityResultModelBean.java,weather.leo.com.mvp_weather.model.CityResultModelBean,setResult/1[weather.leo.com.mvp_weather.model.CityResultModelBean.ResultBean],false,30,1,0,0,0,1,0,3,0,0,1,0,0,0,0,0,0,0,0,0,1,0,0,0,0,0,4,1,0,false
/home/arch_design_predict/download-github-repos/mvp/repos/android_mvp_weather-master/app/src/main/java/weather/leo/com/mvp_weather/model/CityResultModelBean.java,weather.leo.com.mvp_weather.model.CityResultModelBean,setError_code/1[int],false,34,0,0,0,0,1,0,3,0,0,1,0,0,0,0,0,0,0,0,0,1,0,0,0,0,0,4,1,0,false
/home/arch_design_predict/download-github-repos/mvp/repos/android_mvp_weather-master/app/src/main/java/weather/leo/com/mvp_weather/model/CityResultModelBean.java,weather.leo.com.mvp_weather.model.CityResultModelBean$ResultBean$SkBean,setWind_strength/1[java.lang.String],false,112,0,0,0,0,1,0,3,0,0,1,0,0,0,0,0,0,0,0,0,1,0,0,0,0,0,4,1,0,false
/home/arch_design_predict/download-github-repos/mvp/repos/android_mvp_weather-master/app/src/main/java/weather/leo/com/mvp_weather/model/CityResultModelBean.java,weather.leo.com.mvp_weather.model.CityResultModelBean$ResultBean$SkBean,getWind_strength/0,false,132,0,0,0,0,1,0,3,1,0,0,0,0,0,0,0,0,0,0,0,0,0,0,0,0,0,4,1,0,false
/home/arch_design_predict/download-github-repos/mvp/repos/android_mvp_weather-master/app/src/main/java/weather/leo/com/mvp_weather/model/CityResultModelBean.java,weather.leo.com.mvp_weather.model.CityResultModelBean$ResultBean$SkBean,setHumidity/1[java.lang.String],false,116,0,0,0,0,1,0,3,0,0,1,0,0,0,0,0,0,0,0,0,1,0,0,0,0,0,3,1,0,false
/home/arch_design_predict/download-github-repos/mvp/repos/android_mvp_weather-master/app/src/main/java/weather/leo/com/mvp_weather/model/CityResultModelBean.java,weather.leo.com.mvp_weather.model.CityResultModelBean$ResultBean$SkBean,getTime/0,false,140,0,0,0,0,1,0,3,1,0,0,0,0,0,0,0,0,0,0,0,0,0,0,0,0,0,3,1,0,false
/home/arch_design_predict/download-github-repos/mvp/repos/android_mvp_weather-master/app/src/main/java/weather/leo/com/mvp_weather/model/CityResultModelBean.java,weather.leo.com.mvp_weather.model.CityResultModelBean$ResultBean$SkBean,getWind_direction/0,false,128,0,0,0,0,1,0,3,1,0,0,0,0,0,0,0,0,0,0,0,0,0,0,0,0,0,4,1,0,false
/home/arch_design_predict/download-github-repos/mvp/repos/android_mvp_weather-master/app/src/main/java/weather/leo/com/mvp_weather/model/CityResultModelBean.java,weather.leo.com.mvp_weather.model.CityResultModelBean$ResultBean$SkBean,setWind_direction/1[java.lang.String],false,108,0,0,0,0,1,0,3,0,0,1,0,0,0,0,0,0,0,0,0,1,0,0,0,0,0,4,1,0,false
/home/arch_design_predict/download-github-repos/mvp/repos/android_mvp_weather-master/app/src/main/java/weather/leo/com/mvp_weather/model/CityResultModelBean.java,weather.leo.com.mvp_weather.model.CityResultModelBean$ResultBean$SkBean,setTemp/1[java.lang.String],false,104,0,0,0,0,1,0,3,0,0,1,0,0,0,0,0,0,0,0,0,1,0,0,0,0,0,3,1,0,false
/home/arch_design_predict/download-github-repos/mvp/repos/android_mvp_weather-master/app/src/main/java/weather/leo/com/mvp_weather/model/CityResultModelBean.java,weather.leo.com.mvp_weather.model.CityResultModelBean$ResultBean$SkBean,setTime/1[java.lang.String],false,120,0,0,0,0,1,0,3,0,0,1,0,0,0,0,0,0,0,0,0,1,0,0,0,0,0,3,1,0,false
/home/arch_design_predict/download-github-repos/mvp/repos/android_mvp_weather-master/app/src/main/java/weather/leo/com/mvp_weather/model/CityResultModelBean.java,weather.leo.com.mvp_weather.model.CityResultModelBean$ResultBean$SkBean,getHumidity/0,false,136,0,0,0,0,1,0,3,1,0,0,0,0,0,0,0,0,0,0,0,0,0,0,0,0,0,3,1,0,false
/home/arch_design_predict/download-github-repos/mvp/repos/android_mvp_weather-master/app/src/main/java/weather/leo/com/mvp_weather/model/CityResultModelBean.java,weather.leo.com.mvp_weather.model.CityResultModelBean$ResultBean$SkBean,getTemp/0,false,124,0,0,0,0,1,0,3,1,0,0,0,0,0,0,0,0,0,0,0,0,0,0,0,0,0,3,1,0,false
/home/arch_design_predict/download-github-repos/mvp/repos/android_mvp_weather-master/app/src/main/java/weather/leo/com/mvp_weather/model/CityWeatherModel.java,weather.leo.com.mvp_weather.model.CityWeatherModel,loadData/0,false,36,3,1,1,0,1,2,30,0,4,0,2,0,0,0,0,0,0,5,0,4,0,0,1,0,0,45,1,0,true
/home/arch_design_predict/download-github-repos/mvp/repos/android_mvp_weather-master/app/src/main/java/weather/leo/com/mvp_weather/model/CityWeatherModel.java,weather.leo.com.mvp_weather.model.CityWeatherModel,"CityWeatherModel/2[weather.leo.com.mvp_weather.presenter.IWeatherPresenter,weather.leo.com.mvp_weather.model.Context]",true,28,2,1,1,0,1,0,4,0,0,2,0,0,0,0,0,0,0,0,0,2,0,0,0,0,0,7,1,0,false
/home/arch_design_predict/download-github-repos/mvp/repos/android_mvp_weather-master/app/src/main/java/weather/leo/com/mvp_weather/ui/MainActivity.java,weather.leo.com.mvp_weather.ui.MainActivity,onCreate/1[weather.leo.com.mvp_weather.ui.Bundle],false,23,2,1,0,1,1,3,5,0,0,1,3,1,1,0,0,0,0,0,0,0,0,0,0,0,0,10,4,0,false
/home/arch_design_predict/download-github-repos/mvp/repos/android_mvp_weather-master/app/src/main/java/weather/leo/com/mvp_weather/ui/MainActivity.java,weather.leo.com.mvp_weather.ui.MainActivity,showProgress/0,false,59,0,0,0,0,2,1,5,0,0,0,1,0,0,0,1,0,0,0,0,0,0,1,0,0,0,5,1,0,false
/home/arch_design_predict/download-github-repos/mvp/repos/android_mvp_weather-master/app/src/main/java/weather/leo/com/mvp_weather/ui/MainActivity.java,weather.leo.com.mvp_weather.ui.MainActivity,hideProgress/0,false,66,0,0,0,0,2,1,5,0,0,0,1,0,0,0,1,0,0,0,0,0,0,1,0,0,0,5,1,0,false
/home/arch_design_predict/download-github-repos/mvp/repos/android_mvp_weather-master/app/src/main/java/weather/leo/com/mvp_weather/ui/MainActivity.java,weather.leo.com.mvp_weather.ui.MainActivity,initView/0,false,32,3,4,1,3,1,3,12,0,0,0,3,0,0,0,0,0,0,0,1,3,0,0,1,0,0,13,2,0,true
/home/arch_design_predict/download-github-repos/mvp/repos/android_mvp_weather-master/app/src/main/java/weather/leo/com/mvp_weather/ui/MainActivity.java,weather.leo.com.mvp_weather.ui.MainActivity,onDestroy/0,false,73,1,1,0,1,1,3,5,0,0,0,3,0,0,0,0,0,0,0,0,0,0,0,0,0,0,3,4,0,false
/home/arch_design_predict/download-github-repos/mvp/repos/android_mvp_weather-master/app/src/main/java/weather/leo/com/mvp_weather/ui/MainActivity.java,weather.leo.com.mvp_weather.ui.MainActivity,showData/1[weather.leo.com.mvp_weather.model.CityResultModelBean],false,46,3,7,0,7,1,10,5,0,2,1,10,0,0,0,0,0,0,0,0,2,1,0,0,0,0,10,1,0,false
/home/arch_design_predict/download-github-repos/mvp/repos/android_mvp_weather-master/app/src/main/java/weather/leo/com/mvp_weather/ui/MainActivity.java,weather.leo.com.mvp_weather.ui.MainActivity$Anonymous1,run/0,false,39,1,1,0,1,1,1,3,0,0,0,1,0,0,0,0,0,0,0,0,0,0,0,0,0,0,1,1,0,false
/home/arch_design_predict/download-github-repos/mvp/repos/android_mvp_weather-master/app/src/main/java/weather/leo/com/mvp_weather/presenter/IPresenter.java,weather.leo.com.mvp_weather.presenter.IPresenter,detachView/0,false,9,0,0,0,0,1,0,1,0,0,0,0,0,0,0,0,0,0,0,0,0,0,0,0,0,0,2,0,0,false
/home/arch_design_predict/download-github-repos/mvp/repos/android_mvp_weather-master/app/src/main/java/weather/leo/com/mvp_weather/presenter/IPresenter.java,weather.leo.com.mvp_weather.presenter.IPresenter,attachView/1[V],false,7,1,0,0,0,1,0,1,0,0,1,0,0,0,0,0,0,0,0,0,0,0,0,0,0,0,4,0,0,false
/home/arch_design_predict/download-github-repos/mvp/repos/android_mvp_weather-master/app/src/main/java/weather/leo/com/mvp_weather/model/CityResultModelBean.java,weather.leo.com.mvp_weather.model.CityResultModelBean$ResultBean$FutureBean,setList/1[java.util.ArrayList<weather.leo.com.mvp_weather.model.CityResultModelBean.ResultBean.FutureBean.DayBean>],false,344,1,0,0,0,1,0,3,0,0,1,0,0,0,0,0,0,0,0,0,1,0,0,0,0,0,3,1,0,false
/home/arch_design_predict/download-github-repos/mvp/repos/android_mvp_weather-master/app/src/main/java/weather/leo/com/mvp_weather/model/CityResultModelBean.java,weather.leo.com.mvp_weather.model.CityResultModelBean$ResultBean$FutureBean,getList/0,false,340,1,0,0,0,1,0,3,1,0,0,0,0,0,0,0,0,0,0,0,0,0,0,0,0,0,3,1,0,false
/home/arch_design_predict/download-github-repos/mvp/repos/android_mvp_weather-master/app/src/main/java/weather/leo/com/mvp_weather/model/CityWeatherModel.java,weather.leo.com.mvp_weather.model.CityWeatherModel$Anonymous1,"onFailure/4[int,weather.leo.com.mvp_weather.model.Header[],java.lang.Throwable,weather.leo.com.mvp_weather.model.JSONArray]",false,68,3,1,0,1,1,2,4,0,0,4,2,0,0,0,0,0,0,0,0,0,0,0,0,0,0,4,1,0,false
/home/arch_design_predict/download-github-repos/mvp/repos/android_mvp_weather-master/app/src/main/java/weather/leo/com/mvp_weather/model/CityWeatherModel.java,weather.leo.com.mvp_weather.model.CityWeatherModel$Anonymous1,"onSuccess/3[int,weather.leo.com.mvp_weather.model.Header[],weather.leo.com.mvp_weather.model.JSONObject]",false,46,5,1,0,1,4,9,15,0,1,3,9,0,0,0,0,1,0,2,0,1,0,2,0,0,0,24,1,0,false
/home/arch_design_predict/download-github-repos/mvp/repos/android_mvp_weather-master/app/src/main/java/weather/leo/com/mvp_weather/model/CityResultModelBean.java,weather.leo.com.mvp_weather.model.CityResultModelBean$ResultBean$FutureBean$DayBean$WeatherIdBean,setFb/1[java.lang.String],false,438,0,0,0,0,1,0,3,0,0,1,0,0,0,0,0,0,0,0,0,1,0,0,0,0,0,3,1,0,false
/home/arch_design_predict/download-github-repos/mvp/repos/android_mvp_weather-master/app/src/main/java/weather/leo/com/mvp_weather/model/CityResultModelBean.java,weather.leo.com.mvp_weather.model.CityResultModelBean$ResultBean$FutureBean$DayBean$WeatherIdBean,getFb/0,false,446,0,0,0,0,1,0,3,1,0,0,0,0,0,0,0,0,0,0,0,0,0,0,0,0,0,3,1,0,false
/home/arch_design_predict/download-github-repos/mvp/repos/android_mvp_weather-master/app/src/main/java/weather/leo/com/mvp_weather/model/CityResultModelBean.java,weather.leo.com.mvp_weather.model.CityResultModelBean$ResultBean$FutureBean$DayBean$WeatherIdBean,setFa/1[java.lang.String],false,434,0,0,0,0,1,0,3,0,0,1,0,0,0,0,0,0,0,0,0,1,0,0,0,0,0,3,1,0,false
/home/arch_design_predict/download-github-repos/mvp/repos/android_mvp_weather-master/app/src/main/java/weather/leo/com/mvp_weather/model/CityResultModelBean.java,weather.leo.com.mvp_weather.model.CityResultModelBean$ResultBean$FutureBean$DayBean$WeatherIdBean,getFa/0,false,442,0,0,0,0,1,0,3,1,0,0,0,0,0,0,0,0,0,0,0,0,0,0,0,0,0,3,1,0,false
