file,class,type,cbo,cboModified,fanin,fanout,wmc,dit,noc,rfc,lcom,lcom*,tcc,lcc,totalMethodsQty,staticMethodsQty,publicMethodsQty,privateMethodsQty,protectedMethodsQty,defaultMethodsQty,visibleMethodsQty,abstractMethodsQty,finalMethodsQty,synchronizedMethodsQty,totalFieldsQty,staticFieldsQty,publicFieldsQty,privateFieldsQty,protectedFieldsQty,defaultFieldsQty,finalFieldsQty,synchronizedFieldsQty,nosi,loc,returnQty,loopQty,comparisonsQty,tryCatchQty,parenthesizedExpsQty,stringLiteralsQty,numbersQty,assignmentsQty,mathOperationsQty,variablesQty,maxNestedBlocksQty,anonymousClassesQty,innerClassesQty,lambdasQty,uniqueWordsQty,modifiers,logStatementsQty
/home/arch_design_predict/download-github-repos/mvp/repos/Android_Mvp-master/app/src/androidTest/java/ir/sample/mvpsample/ExampleInstrumentedTest.java,ir.sample.mvpsample.ExampleInstrumentedTest,class,4,4,0,4,1,1,0,4,0,0.0,NaN,NaN,1,0,1,0,0,0,1,0,0,0,0,0,0,0,0,0,0,0,0,6,0,0,0,0,0,1,0,1,0,1,0,0,0,0,19,1,0
/home/arch_design_predict/download-github-repos/mvp/repos/Android_Mvp-master/app/src/main/java/ir/sample/mvpsample/TopNews/TopNewsContract.java,ir.sample.mvpsample.TopNews.TopNewsContract$Presenter,interface,2,2,0,2,0,1,0,0,0,0.0,-1.0,-1.0,0,0,0,0,0,0,0,0,0,0,0,0,0,0,0,0,0,0,0,2,0,0,0,0,0,0,0,0,0,0,0,0,0,0,1,0,0
/home/arch_design_predict/download-github-repos/mvp/repos/Android_Mvp-master/app/src/main/java/com/yzqs/mvp/presenter/UserLoginPresenter.java,com.yzqs.mvp.presenter.UserLoginPresenter,class,4,5,1,4,3,1,0,6,0,0.16666667,1.0,1.0,3,0,3,0,0,0,3,0,0,0,2,0,0,2,0,0,0,0,0,26,0,0,0,0,0,0,0,2,0,2,0,1,0,0,12,1,0
/home/arch_design_predict/download-github-repos/mvp/repos/Android_Mvp-master/app/src/main/java/ir/sample/mvpsample/Data/Banner.java,ir.sample.mvpsample.Data.Banner,class,0,9,9,0,4,1,0,0,2,0.5,0.33333334,0.33333334,4,0,4,0,0,0,4,0,0,0,2,0,0,2,0,0,0,0,0,16,2,0,0,0,0,0,0,2,0,2,0,0,0,0,7,1,0
/home/arch_design_predict/download-github-repos/mvp/repos/Android_Mvp-master/app/src/main/java/ir/sample/mvpsample/Home/HomeContract.java,ir.sample.mvpsample.Home.HomeContract,interface,2,2,0,2,0,1,0,0,0,0.0,-1.0,-1.0,0,0,0,0,0,0,0,0,0,0,0,0,0,0,0,0,0,0,0,11,0,0,0,0,0,0,0,0,0,0,0,0,2,0,2,1,0
/home/arch_design_predict/download-github-repos/mvp/repos/Android_Mvp-master/app/src/main/java/ir/sample/mvpsample/Categories/CategoriesPresenter.java,ir.sample.mvpsample.Categories.CategoriesPresenter,class,7,9,2,7,6,1,0,9,2,0.5833333,0.33333334,0.33333334,4,0,4,0,0,0,4,0,0,0,3,0,0,3,0,0,0,0,0,32,0,0,1,0,0,0,1,4,0,3,1,1,0,0,16,1,0
/home/arch_design_predict/download-github-repos/mvp/repos/Android_Mvp-master/app/src/main/java/com/yzqs/mvp/biz/UserBiz.java,com.yzqs.mvp.biz.UserBiz,class,2,3,1,2,1,1,0,1,0,0.0,NaN,NaN,1,0,1,0,0,0,1,0,0,0,0,0,0,0,0,0,0,0,0,24,0,0,0,0,0,0,0,0,0,0,0,1,0,0,9,1,0
/home/arch_design_predict/download-github-repos/mvp/repos/Android_Mvp-master/app/src/main/java/com/changer/www/mvp/presenter/TVPresenter2.java,com.changer.www.mvp.presenter.TVPresenter2$Anonymous1,anonymous,1,1,0,1,2,1,0,2,0,0.0,NaN,NaN,1,0,1,0,0,0,1,0,0,0,0,0,0,0,0,0,0,0,0,7,0,0,1,0,0,0,0,0,0,0,1,0,0,0,4,-1,0
/home/arch_design_predict/download-github-repos/mvp/repos/Android_Mvp-master/app/src/main/java/com/changer/www/mvp/ui/view/BaseActivity.java,com.changer.www.mvp.ui.view.BaseActivity,class,6,10,4,6,2,2,1,4,1,0.5,0.0,0.0,2,0,0,0,2,0,2,1,0,0,1,0,0,0,1,0,0,0,0,10,0,0,0,0,0,0,0,1,0,1,0,0,0,0,17,1025,0
/home/arch_design_predict/download-github-repos/mvp/repos/Android_Mvp-master/app/src/main/java/com/yzqs/mvp/UserLoginActivity.java,com.yzqs.mvp.UserLoginActivity,class,11,12,1,11,17,2,0,20,85,0.85714287,0.0952381,0.26666668,15,0,13,0,2,0,15,0,0,0,5,0,0,5,0,0,0,0,0,66,2,0,0,0,0,5,0,7,1,7,1,0,0,0,63,1,0
/home/arch_design_predict/download-github-repos/mvp/repos/Android_Mvp-master/app/src/main/java/ir/sample/mvpsample/Base/BaseView.java,ir.sample.mvpsample.Base.BaseView,interface,1,9,8,1,1,1,0,0,0,0.0,NaN,NaN,1,0,0,0,0,1,1,0,0,0,0,0,0,0,0,0,0,0,0,3,0,0,0,0,0,0,0,0,0,0,0,0,0,0,4,1,0
/home/arch_design_predict/download-github-repos/mvp/repos/Android_Mvp-master/app/src/main/java/ir/sample/mvpsample/Search/SearchContract.java,ir.sample.mvpsample.Search.SearchContract$Presenter,interface,2,2,0,2,1,1,0,0,0,0.0,NaN,NaN,1,0,0,0,0,1,1,0,0,0,0,0,0,0,0,0,0,0,0,3,0,0,0,0,0,0,0,0,0,0,0,0,0,0,6,0,0
/home/arch_design_predict/download-github-repos/mvp/repos/Android_Mvp-master/app/src/main/java/ir/sample/mvpsample/Home/NewsAdapter.java,ir.sample.mvpsample.Home.NewsAdapter,class,8,10,2,8,4,2,0,13,0,0.625,0.5,0.5,4,0,4,0,0,0,4,0,0,0,2,0,0,0,0,2,0,0,0,46,2,0,0,0,0,0,0,3,0,4,0,1,1,0,18,1,0
/home/arch_design_predict/download-github-repos/mvp/repos/Android_Mvp-master/app/src/main/java/com/changer/www/mvp/demo/fragment2activity/FActivity.java,com.changer.www.mvp.demo.fragment2activity.FActivity,class,6,6,0,6,4,3,0,6,4,0.625,0.16666667,0.16666667,4,0,2,0,2,0,4,0,0,0,2,0,0,2,0,0,0,0,0,19,1,0,0,0,0,0,0,2,0,2,0,0,0,0,31,1,0
/home/arch_design_predict/download-github-repos/mvp/repos/Android_Mvp-master/app/src/main/java/com/yzqs/mvp/biz/OnLoginListener.java,com.yzqs.mvp.biz.OnLoginListener,interface,1,5,4,1,2,1,0,0,1,0.0,0.0,0.0,2,0,0,0,0,2,2,0,0,0,0,0,0,0,0,0,0,0,0,4,0,0,0,0,0,0,0,0,0,0,0,0,0,0,9,1,0
/home/arch_design_predict/download-github-repos/mvp/repos/Android_Mvp-master/app/src/main/java/com/changer/www/mvp/demo/rxjava2/Demo_Rxjava2_Activity.java,com.changer.www.mvp.demo.rxjava2.Demo_Rxjava2_Activity$Anonymous9,anonymous,0,0,0,0,1,1,0,0,0,0.0,NaN,NaN,1,0,1,0,0,0,1,0,0,0,0,0,0,0,0,0,0,0,0,5,1,0,0,0,0,0,0,0,1,0,0,0,0,0,5,-1,0
/home/arch_design_predict/download-github-repos/mvp/repos/Android_Mvp-master/app/src/main/java/com/changer/www/mvp/demo/rxjava2/Demo_Rxjava2_Activity.java,com.changer.www.mvp.demo.rxjava2.Demo_Rxjava2_Activity$Anonymous8,anonymous,1,1,0,1,1,1,0,3,0,0.0,NaN,NaN,1,0,1,0,0,0,1,0,0,0,0,0,0,0,0,0,0,0,0,12,0,0,0,0,0,7,0,0,0,0,0,0,0,0,3,-1,0
/home/arch_design_predict/download-github-repos/mvp/repos/Android_Mvp-master/app/src/main/java/com/changer/www/mvp/demo/rxjava2/Demo_Rxjava2_Activity.java,com.changer.www.mvp.demo.rxjava2.Demo_Rxjava2_Activity$Anonymous7,anonymous,1,1,0,1,1,1,0,3,0,0.0,NaN,NaN,1,0,1,0,0,0,1,0,0,0,0,0,0,0,0,0,0,0,0,14,0,0,0,0,0,5,4,0,0,0,0,0,0,0,3,-1,0
/home/arch_design_predict/download-github-repos/mvp/repos/Android_Mvp-master/app/src/main/java/com/changer/www/mvp/demo/rxjava2/Demo_Rxjava2_Activity.java,com.changer.www.mvp.demo.rxjava2.Demo_Rxjava2_Activity$Anonymous6,anonymous,1,1,0,1,4,1,0,3,6,0.0,0.0,0.0,4,0,4,0,0,0,4,0,0,0,0,0,0,0,0,0,0,0,0,15,0,0,0,0,0,4,0,0,1,0,0,0,0,0,11,-1,0
/home/arch_design_predict/download-github-repos/mvp/repos/Android_Mvp-master/app/src/main/java/ir/sample/mvpsample/Search/SearchPresenter.java,ir.sample.mvpsample.Search.SearchPresenter$Anonymous1,anonymous,3,3,0,3,3,1,0,6,3,0.0,0.0,0.0,3,0,3,0,0,0,3,0,0,0,0,0,0,0,0,0,0,0,0,12,0,0,0,0,0,1,0,0,1,0,0,0,0,0,10,-1,0
/home/arch_design_predict/download-github-repos/mvp/repos/Android_Mvp-master/app/src/main/java/com/changer/www/mvp/demo/rxjava2/Demo_Rxjava2_Activity.java,com.changer.www.mvp.demo.rxjava2.Demo_Rxjava2_Activity$Anonymous5,anonymous,1,1,0,1,1,1,0,3,0,0.0,NaN,NaN,1,0,1,0,0,0,1,0,0,0,0,0,0,0,0,0,0,0,0,12,0,0,0,0,0,4,3,0,0,0,0,0,0,0,3,-1,0
/home/arch_design_predict/download-github-repos/mvp/repos/Android_Mvp-master/app/src/main/java/com/changer/www/mvp/demo/rxjava2/Demo_Rxjava2_Activity.java,com.changer.www.mvp.demo.rxjava2.Demo_Rxjava2_Activity$Anonymous4,anonymous,0,0,0,0,1,1,0,1,0,0.0,NaN,NaN,1,0,1,0,0,0,1,0,0,0,0,0,0,0,0,0,0,0,0,5,0,0,0,0,0,1,0,0,1,0,0,0,0,0,4,-1,0
/home/arch_design_predict/download-github-repos/mvp/repos/Android_Mvp-master/app/src/main/java/com/changer/www/mvp/demo/rxjava2/Demo_Rxjava2_Activity.java,com.changer.www.mvp.demo.rxjava2.Demo_Rxjava2_Activity$Anonymous3,anonymous,1,1,0,1,2,1,0,2,0,0.0,NaN,NaN,1,0,1,0,0,0,1,0,0,0,0,0,0,0,0,0,0,0,1,8,0,1,0,0,0,0,2,1,0,1,1,0,0,0,4,-1,0
/home/arch_design_predict/download-github-repos/mvp/repos/Android_Mvp-master/app/src/main/java/com/changer/www/mvp/demo/rxjava2/Demo_Rxjava2_Activity.java,com.changer.www.mvp.demo.rxjava2.Demo_Rxjava2_Activity$Anonymous2,anonymous,0,0,0,0,1,1,0,1,0,0.0,NaN,NaN,1,0,1,0,0,0,1,0,0,0,0,0,0,0,0,0,0,0,0,5,0,0,0,0,0,1,0,0,1,0,0,0,0,0,4,-1,0
/home/arch_design_predict/download-github-repos/mvp/repos/Android_Mvp-master/app/src/main/java/ir/sample/mvpsample/Base/BasePresenter.java,ir.sample.mvpsample.Base.BasePresenter,interface,1,12,11,1,2,1,0,0,1,0.0,0.0,0.0,2,0,0,0,0,2,2,0,0,0,0,0,0,0,0,0,0,0,0,4,0,0,0,0,0,0,0,0,0,0,0,0,0,0,6,1,0
/home/arch_design_predict/download-github-repos/mvp/repos/Android_Mvp-master/app/src/main/java/com/changer/www/mvp/demo/rxjava2/Demo_Rxjava2_Activity.java,com.changer.www.mvp.demo.rxjava2.Demo_Rxjava2_Activity$Anonymous1,anonymous,1,1,0,1,2,1,0,1,0,0.0,NaN,NaN,1,0,1,0,0,0,1,0,0,0,0,0,0,0,0,0,0,0,0,7,0,1,0,0,0,0,1,1,0,1,1,0,0,0,4,-1,0
/home/arch_design_predict/download-github-repos/mvp/repos/Android_Mvp-master/base/src/test/java/com/changer/www/base/ExampleUnitTest.java,com.changer.www.base.ExampleUnitTest,class,1,1,0,1,1,1,0,1,0,0.0,NaN,NaN,1,0,1,0,0,0,1,0,0,0,0,0,0,0,0,0,0,0,0,5,0,0,0,0,0,0,3,0,1,0,0,0,0,0,23,1,0
/home/arch_design_predict/download-github-repos/mvp/repos/Android_Mvp-master/app/src/main/java/ir/sample/mvpsample/Search/SearchFragment.java,ir.sample.mvpsample.Search.SearchFragment$Anonymous1,anonymous,2,2,0,2,3,1,0,2,3,0.0,0.0,0.0,3,0,3,0,0,0,3,0,0,0,0,0,0,0,0,0,0,0,0,9,0,0,0,0,0,0,0,0,0,0,0,0,0,0,9,-1,0
/home/arch_design_predict/download-github-repos/mvp/repos/Android_Mvp-master/app/src/main/java/com/changer/www/mvp/demo/retrofit/Demo_Retrofit_Activity.java,com.changer.www.mvp.demo.retrofit.Demo_Retrofit_Activity$Anonymous4,anonymous,2,2,0,2,4,1,0,6,1,0.0,0.0,0.0,2,0,2,0,0,0,2,0,0,0,0,0,0,0,0,0,0,0,0,16,0,0,0,1,0,0,0,0,0,0,1,0,0,0,10,-1,0
/home/arch_design_predict/download-github-repos/mvp/repos/Android_Mvp-master/app/src/main/java/com/changer/www/mvp/demo/retrofit/Demo_Retrofit_Activity.java,com.changer.www.mvp.demo.retrofit.Demo_Retrofit_Activity$Anonymous3,anonymous,2,2,0,2,4,1,0,6,1,0.0,0.0,0.0,2,0,2,0,0,0,2,0,0,0,0,0,0,0,0,0,0,0,0,16,0,0,0,1,0,0,0,0,0,0,1,0,0,0,10,-1,0
/home/arch_design_predict/download-github-repos/mvp/repos/Android_Mvp-master/app/src/main/java/com/changer/www/mvp/demo/retrofit/Demo_Retrofit_Activity.java,com.changer.www.mvp.demo.retrofit.Demo_Retrofit_Activity$Anonymous5,anonymous,2,2,0,2,4,1,0,6,1,0.0,0.0,0.0,2,0,2,0,0,0,2,0,0,0,0,0,0,0,0,0,0,0,0,16,0,0,0,1,0,0,0,0,0,0,1,0,0,0,10,-1,0
/home/arch_design_predict/download-github-repos/mvp/repos/Android_Mvp-master/app/src/main/java/com/changer/www/mvp/presenter/TVPresenter.java,com.changer.www.mvp.presenter.TVPresenter,class,4,4,0,4,4,1,0,2,0,0.25,1.0,1.0,2,0,2,0,0,0,2,0,0,0,2,0,0,0,0,2,0,0,0,21,0,0,2,0,0,0,0,2,0,2,2,1,0,0,11,1,0
/home/arch_design_predict/download-github-repos/mvp/repos/Android_Mvp-master/app/src/test/java/com/changer/www/mvp/ExampleUnitTest.java,com.changer.www.mvp.ExampleUnitTest,class,1,1,0,1,1,1,0,1,0,0.0,NaN,NaN,1,0,1,0,0,0,1,0,0,0,0,0,0,0,0,0,0,0,0,5,0,0,0,0,0,0,3,0,1,0,0,0,0,0,23,1,0
/home/arch_design_predict/download-github-repos/mvp/repos/Android_Mvp-master/app/src/main/java/ir/sample/mvpsample/Home/NewsAdapter.java,ir.sample.mvpsample.Home.NewsAdapter$Anonymous1,anonymous,4,4,0,4,1,1,0,7,0,0.0,NaN,NaN,1,0,1,0,0,0,1,0,0,0,0,0,0,0,0,0,0,0,0,11,0,0,0,0,0,4,0,1,0,1,0,0,0,0,6,-1,0
/home/arch_design_predict/download-github-repos/mvp/repos/Android_Mvp-master/app/src/main/java/ir/sample/mvpsample/Categories/CategoriesContract.java,ir.sample.mvpsample.Categories.CategoriesContract,interface,2,2,0,2,0,1,0,0,0,0.0,-1.0,-1.0,0,0,0,0,0,0,0,0,0,0,0,0,0,0,0,0,0,0,0,9,0,0,0,0,0,0,0,0,0,0,0,0,2,0,2,1,0
/home/arch_design_predict/download-github-repos/mvp/repos/Android_Mvp-master/app/src/main/java/com/yzqs/mvp/view/IUserLoginView.java,com.yzqs.mvp.view.IUserLoginView,interface,1,4,3,1,10,1,0,0,45,0.0,0.0,0.0,10,0,0,0,0,10,10,0,0,0,0,0,0,0,0,0,0,0,0,12,0,0,0,0,0,0,0,0,0,0,0,0,0,0,24,1,0
/home/arch_design_predict/download-github-repos/mvp/repos/Android_Mvp-master/app/src/main/java/com/changer/www/mvp/model/modelimp/TVModelImp2.java,com.changer.www.mvp.model.modelimp.TVModelImp2,class,2,2,0,2,1,1,0,2,0,0.0,NaN,NaN,1,0,1,0,0,0,1,0,0,0,0,0,0,0,0,0,0,0,0,7,0,0,0,0,0,1,1,1,0,1,0,0,0,0,14,1,0
/home/arch_design_predict/download-github-repos/mvp/repos/Android_Mvp-master/app/src/main/java/com/changer/www/mvp/demo/retrofit/Demo_Retrofit_Activity.java,com.changer.www.mvp.demo.retrofit.Demo_Retrofit_Activity$Anonymous2,anonymous,2,2,0,2,4,1,0,6,1,0.0,0.0,0.0,2,0,2,0,0,0,2,0,0,0,0,0,0,0,0,0,0,0,0,16,0,0,0,1,0,0,0,0,0,0,1,0,0,0,10,-1,0
/home/arch_design_predict/download-github-repos/mvp/repos/Android_Mvp-master/app/src/main/java/com/changer/www/mvp/demo/retrofit/Demo_Retrofit_Activity.java,com.changer.www.mvp.demo.retrofit.Demo_Retrofit_Activity$Anonymous1,anonymous,2,2,0,2,4,1,0,6,1,0.0,0.0,0.0,2,0,2,0,0,0,2,0,0,0,0,0,0,0,0,0,0,0,0,16,0,0,0,1,0,0,0,0,0,0,1,0,0,0,10,-1,0
/home/arch_design_predict/download-github-repos/mvp/repos/Android_Mvp-master/app/src/main/java/com/changer/www/mvp/demo/rxjava2/Demo_Rxjava2_Activity.java,com.changer.www.mvp.demo.rxjava2.Demo_Rxjava2_Activity$Anonymous16,anonymous,1,1,0,1,2,1,0,4,0,0.0,NaN,NaN,1,0,1,0,0,0,1,0,0,0,0,0,0,0,0,0,0,0,0,10,1,1,0,0,0,2,3,2,1,2,1,0,0,0,8,-1,0
/home/arch_design_predict/download-github-repos/mvp/repos/Android_Mvp-master/app/src/main/java/com/changer/www/mvp/demo/rxjava2/Demo_Rxjava2_Activity.java,com.changer.www.mvp.demo.rxjava2.Demo_Rxjava2_Activity$Anonymous17,anonymous,0,0,0,0,1,1,0,1,0,0.0,NaN,NaN,1,0,1,0,0,0,1,0,0,0,0,0,0,0,0,0,0,0,0,5,0,0,0,0,0,0,0,0,0,0,0,0,0,0,3,-1,0
/home/arch_design_predict/download-github-repos/mvp/repos/Android_Mvp-master/app/src/main/java/ir/sample/mvpsample/Base/BaseFragment.java,ir.sample.mvpsample.Base.BaseFragment,class,8,13,5,8,4,2,4,3,3,0.6666667,0.0,0.0,3,0,3,0,0,0,3,2,0,0,1,0,1,0,0,0,0,0,0,12,1,0,1,0,0,0,0,1,0,1,1,0,0,0,17,1025,0
/home/arch_design_predict/download-github-repos/mvp/repos/Android_Mvp-master/app/src/main/java/com/changer/www/mvp/demo/rxjava2/Demo_Rxjava2_Activity.java,com.changer.www.mvp.demo.rxjava2.Demo_Rxjava2_Activity$Anonymous14,anonymous,1,1,0,1,4,1,0,1,6,0.0,0.0,0.0,4,0,4,0,0,0,4,0,0,0,0,0,0,0,0,0,0,0,0,14,0,0,0,0,0,4,0,0,1,0,0,0,0,0,10,-1,0
/home/arch_design_predict/download-github-repos/mvp/repos/Android_Mvp-master/app/src/main/java/ir/sample/mvpsample/Home/HomeContract.java,ir.sample.mvpsample.Home.HomeContract$Presenter,interface,2,2,0,2,2,1,0,0,1,0.0,0.0,0.0,2,0,0,0,0,2,2,0,0,0,0,0,0,0,0,0,0,0,0,4,0,0,0,0,0,0,0,0,0,0,0,0,0,0,5,0,0
/home/arch_design_predict/download-github-repos/mvp/repos/Android_Mvp-master/app/src/main/java/com/changer/www/mvp/demo/rxjava2/Demo_Rxjava2_Activity.java,com.changer.www.mvp.demo.rxjava2.Demo_Rxjava2_Activity$Anonymous15,anonymous,1,1,0,1,1,1,0,1,0,0.0,NaN,NaN,1,0,1,0,0,0,1,0,0,0,0,0,0,0,0,0,0,0,0,7,0,0,0,0,0,0,3,0,0,0,0,0,0,0,3,-1,0
/home/arch_design_predict/download-github-repos/mvp/repos/Android_Mvp-master/app/src/main/java/com/changer/www/mvp/demo/rxjava2/Demo_Rxjava2_Activity.java,com.changer.www.mvp.demo.rxjava2.Demo_Rxjava2_Activity$Anonymous12,anonymous,1,1,0,1,1,1,0,4,0,0.0,NaN,NaN,1,0,1,0,0,0,1,0,0,0,0,0,0,0,0,0,0,0,3,15,0,0,0,0,0,7,3,0,0,0,0,0,0,0,3,-1,0
/home/arch_design_predict/download-github-repos/mvp/repos/Android_Mvp-master/app/src/main/java/ir/sample/mvpsample/Search/SearchContract.java,ir.sample.mvpsample.Search.SearchContract,interface,2,2,0,2,0,1,0,0,0,0.0,-1.0,-1.0,0,0,0,0,0,0,0,0,0,0,0,0,0,0,0,0,0,0,0,9,0,0,0,0,0,0,0,0,0,0,0,0,2,0,2,1,0
/home/arch_design_predict/download-github-repos/mvp/repos/Android_Mvp-master/app/src/main/java/com/changer/www/mvp/demo/rxjava2/Demo_Rxjava2_Activity.java,com.changer.www.mvp.demo.rxjava2.Demo_Rxjava2_Activity$Anonymous13,anonymous,0,0,0,0,1,1,0,0,0,0.0,NaN,NaN,1,0,1,0,0,0,1,0,0,0,0,0,0,0,0,0,0,0,0,5,1,0,0,0,0,0,0,0,1,0,0,0,0,0,5,-1,0
/home/arch_design_predict/download-github-repos/mvp/repos/Android_Mvp-master/app/src/main/java/com/changer/www/mvp/demo/rxjava2/Demo_Rxjava2_Activity.java,com.changer.www.mvp.demo.rxjava2.Demo_Rxjava2_Activity$Anonymous10,anonymous,1,1,0,1,4,1,0,1,6,0.0,0.0,0.0,4,0,4,0,0,0,4,0,0,0,0,0,0,0,0,0,0,0,0,14,0,0,0,0,0,4,0,0,1,0,0,0,0,0,10,-1,0
/home/arch_design_predict/download-github-repos/mvp/repos/Android_Mvp-master/app/src/main/java/com/changer/www/mvp/demo/rxjava2/Demo_Rxjava2_Activity.java,com.changer.www.mvp.demo.rxjava2.Demo_Rxjava2_Activity$Anonymous11,anonymous,1,1,0,1,1,1,0,4,0,0.0,NaN,NaN,1,0,1,0,0,0,1,0,0,0,0,0,0,0,0,0,0,0,3,17,0,0,0,0,0,5,7,0,0,0,0,0,0,0,3,-1,0
/home/arch_design_predict/download-github-repos/mvp/repos/Android_Mvp-master/app/src/main/java/com/changer/www/mvp/model/modelimp/TVModelImp.java,com.changer.www.mvp.model.modelimp.TVModelImp,class,2,6,4,2,1,1,0,1,0,0.0,NaN,NaN,1,0,1,0,0,0,1,0,0,0,0,0,0,0,0,0,0,0,0,6,0,0,0,0,0,1,0,1,0,1,0,0,0,0,14,1,0
/home/arch_design_predict/download-github-repos/mvp/repos/Android_Mvp-master/app/src/main/java/com/changer/www/mvp/model/imodel/IEnterModel.java,com.changer.www.mvp.model.imodel.IEnterModel,interface,0,2,2,0,0,1,0,0,0,0.0,-1.0,-1.0,0,0,0,0,0,0,0,0,0,0,0,0,0,0,0,0,0,0,0,2,0,0,0,0,0,0,0,0,0,0,0,0,0,0,11,1,0
/home/arch_design_predict/download-github-repos/mvp/repos/Android_Mvp-master/app/src/main/java/com/changer/www/mvp/model/imodel/ITVModel.java,com.changer.www.mvp.model.imodel.ITVModel,interface,1,7,6,1,1,1,0,0,0,0.0,NaN,NaN,1,0,0,0,0,1,1,0,0,0,0,0,0,0,0,0,0,0,0,6,0,0,0,0,0,0,0,0,0,0,0,0,1,0,16,1,0
/home/arch_design_predict/download-github-repos/mvp/repos/Android_Mvp-master/app/src/main/java/com/changer/www/mvp/demo/rxjava2/Demo_Rxjava2_Activity.java,com.changer.www.mvp.demo.rxjava2.Demo_Rxjava2_Activity$Anonymous18,anonymous,1,1,0,1,1,1,0,1,0,0.0,NaN,NaN,1,0,1,0,0,0,1,0,0,0,0,0,0,0,0,0,0,0,0,7,0,0,0,0,0,0,3,0,0,0,0,0,0,0,3,-1,0
/home/arch_design_predict/download-github-repos/mvp/repos/Android_Mvp-master/app/src/main/java/com/changer/www/mvp/demo/rxjava2/Demo_Rxjava2_Activity.java,com.changer.www.mvp.demo.rxjava2.Demo_Rxjava2_Activity$Anonymous19,anonymous,1,1,0,1,2,1,0,4,0,0.0,NaN,NaN,1,0,1,0,0,0,1,0,0,0,0,0,0,0,0,0,0,0,0,10,1,1,0,0,0,2,3,2,1,2,1,0,0,0,8,-1,0
/home/arch_design_predict/download-github-repos/mvp/repos/Android_Mvp-master/app/src/main/java/ir/sample/mvpsample/Categories/CategoriesContract.java,ir.sample.mvpsample.Categories.CategoriesContract$View,interface,2,2,0,2,2,1,0,0,1,0.0,0.0,0.0,2,0,0,0,0,2,2,0,0,0,0,0,0,0,0,0,0,0,0,4,0,0,0,0,0,0,0,0,0,0,0,0,0,0,8,0,0
/home/arch_design_predict/download-github-repos/mvp/repos/Android_Mvp-master/app/src/main/java/com/changer/www/mvp/net/retrofit/request/TestRetrofit.java,com.changer.www.mvp.net.retrofit.request.TestRetrofit,interface,12,13,1,12,6,1,0,0,15,0.0,0.0,0.0,6,0,0,0,0,6,6,0,0,0,0,0,0,0,0,0,0,0,0,8,0,0,0,0,0,18,0,0,0,0,0,0,0,0,20,1,0
/home/arch_design_predict/download-github-repos/mvp/repos/Android_Mvp-master/app/src/main/java/ir/sample/mvpsample/Data/NewsRepository.java,ir.sample.mvpsample.Data.NewsRepository,class,7,10,3,7,6,1,0,4,3,0.6666667,0.4,0.4,6,0,6,0,0,0,6,0,0,0,2,0,0,2,0,0,0,0,0,22,6,0,0,0,0,0,0,2,0,2,0,0,0,0,17,1,0
/home/arch_design_predict/download-github-repos/mvp/repos/Android_Mvp-master/app/src/main/java/ir/sample/mvpsample/Data/ApiService.java,ir.sample.mvpsample.Data.ApiService,interface,6,7,1,6,4,1,0,0,6,0.0,0.0,0.0,4,0,0,0,0,4,4,0,0,0,0,0,0,0,0,0,0,0,0,6,0,0,0,0,0,5,0,0,0,0,0,0,0,0,9,1,0
/home/arch_design_predict/download-github-repos/mvp/repos/Android_Mvp-master/app/src/main/java/com/changer/www/mvp/demo/rxjava2/Demo_Rxjava2_Activity.java,com.changer.www.mvp.demo.rxjava2.Demo_Rxjava2_Activity$Anonymous27,anonymous,0,0,0,0,1,1,0,3,0,0.0,NaN,NaN,1,0,1,0,0,0,1,0,0,0,0,0,0,0,0,0,0,0,1,5,0,0,0,0,0,1,0,0,1,0,0,0,0,0,10,-1,0
/home/arch_design_predict/download-github-repos/mvp/repos/Android_Mvp-master/app/src/main/java/com/changer/www/mvp/demo/rxjava2/Demo_Rxjava2_Activity.java,com.changer.www.mvp.demo.rxjava2.Demo_Rxjava2_Activity$Anonymous28,anonymous,1,1,0,1,1,1,0,3,0,0.0,NaN,NaN,1,0,1,0,0,0,1,0,0,0,0,0,0,0,0,0,0,0,0,14,0,0,0,0,0,5,4,0,0,0,0,0,0,0,3,-1,0
/home/arch_design_predict/download-github-repos/mvp/repos/Android_Mvp-master/app/src/main/java/ir/sample/mvpsample/Categories/CategoriesAdapter.java,ir.sample.mvpsample.Categories.CategoriesAdapter$CategoriesViewHolder,innerclass,4,4,0,4,1,2,0,1,0,0.0,NaN,NaN,1,0,1,0,0,0,1,0,0,0,1,0,0,1,0,0,0,0,0,7,0,0,0,0,0,0,0,1,0,1,0,0,0,0,7,1,0
/home/arch_design_predict/download-github-repos/mvp/repos/Android_Mvp-master/app/src/main/java/com/changer/www/mvp/demo/rxjava2/Demo_Rxjava2_Activity.java,com.changer.www.mvp.demo.rxjava2.Demo_Rxjava2_Activity$Anonymous25,anonymous,0,0,0,0,1,1,0,3,0,0.0,NaN,NaN,1,0,1,0,0,0,1,0,0,0,0,0,0,0,0,0,0,0,1,6,0,0,0,0,0,2,0,0,2,0,0,0,0,0,6,-1,0
/home/arch_design_predict/download-github-repos/mvp/repos/Android_Mvp-master/app/src/main/java/com/changer/www/mvp/demo/rxjava2/Demo_Rxjava2_Activity.java,com.changer.www.mvp.demo.rxjava2.Demo_Rxjava2_Activity$Anonymous26,anonymous,0,0,0,0,1,1,0,3,0,0.0,NaN,NaN,1,0,1,0,0,0,1,0,0,0,0,0,0,0,0,0,0,0,1,5,0,0,0,0,0,1,0,0,1,0,0,0,0,0,10,-1,0
/home/arch_design_predict/download-github-repos/mvp/repos/Android_Mvp-master/app/src/main/java/com/changer/www/mvp/demo/rxjava2/Demo_Rxjava2_Activity.java,com.changer.www.mvp.demo.rxjava2.Demo_Rxjava2_Activity$Anonymous23,anonymous,0,0,0,0,1,1,0,1,0,0.0,NaN,NaN,1,0,1,0,0,0,1,0,0,0,0,0,0,0,0,0,0,0,0,5,0,0,0,0,0,0,0,0,0,0,0,0,0,0,3,-1,0
/home/arch_design_predict/download-github-repos/mvp/repos/Android_Mvp-master/app/src/main/java/com/changer/www/mvp/demo/rxjava2/Demo_Rxjava2_Activity.java,com.changer.www.mvp.demo.rxjava2.Demo_Rxjava2_Activity$Anonymous24,anonymous,1,1,0,1,1,1,0,4,0,0.0,NaN,NaN,1,0,1,0,0,0,1,0,0,0,0,0,0,0,0,0,0,0,1,7,0,0,0,0,0,2,1,0,1,0,0,0,0,0,5,-1,0
/home/arch_design_predict/download-github-repos/mvp/repos/Android_Mvp-master/app/src/main/java/com/changer/www/mvp/demo/rxjava2/Demo_Rxjava2_Activity.java,com.changer.www.mvp.demo.rxjava2.Demo_Rxjava2_Activity$Anonymous21,anonymous,1,1,0,1,1,1,0,1,0,0.0,NaN,NaN,1,0,1,0,0,0,1,0,0,0,0,0,0,0,0,0,0,0,0,7,0,0,0,0,0,0,3,0,0,0,0,0,0,0,3,-1,0
/home/arch_design_predict/download-github-repos/mvp/repos/Android_Mvp-master/app/src/main/java/com/changer/www/mvp/demo/rxjava2/Demo_Rxjava2_Activity.java,com.changer.www.mvp.demo.rxjava2.Demo_Rxjava2_Activity$Anonymous22,anonymous,0,0,0,0,1,1,0,1,0,0.0,NaN,NaN,1,0,1,0,0,0,1,0,0,0,0,0,0,0,0,0,0,0,0,6,1,0,0,0,0,2,0,0,1,0,0,0,0,0,6,-1,0
/home/arch_design_predict/download-github-repos/mvp/repos/Android_Mvp-master/app/src/main/java/com/changer/www/mvp/demo/rxjava2/Demo_Rxjava2_Activity.java,com.changer.www.mvp.demo.rxjava2.Demo_Rxjava2_Activity$Anonymous29,anonymous,1,1,0,1,5,1,0,3,4,0.625,0.16666667,0.16666667,4,0,4,0,0,0,4,0,0,0,2,0,0,2,0,0,0,0,0,23,0,0,1,0,0,6,1,1,2,2,1,0,0,0,13,-1,0
/home/arch_design_predict/download-github-repos/mvp/repos/Android_Mvp-master/app/src/main/java/ir/sample/mvpsample/Home/NewsAdapter.java,ir.sample.mvpsample.Home.NewsAdapter$NewsViewHolder,innerclass,6,6,0,6,1,2,0,2,0,0.0,NaN,NaN,1,0,1,0,0,0,1,0,0,0,4,0,0,0,0,4,0,0,0,14,0,0,0,0,0,0,0,5,0,4,0,0,0,0,16,1,0
/home/arch_design_predict/download-github-repos/mvp/repos/Android_Mvp-master/app/src/test/java/com/yzqs/mvp/ExampleUnitTest.java,com.yzqs.mvp.ExampleUnitTest,class,1,1,0,1,1,1,0,1,0,0.0,NaN,NaN,1,0,1,0,0,0,1,0,0,0,0,0,0,0,0,0,0,0,0,5,0,0,0,0,0,0,3,0,1,0,0,0,0,0,18,1,0
/home/arch_design_predict/download-github-repos/mvp/repos/Android_Mvp-master/app/src/main/java/com/changer/www/mvp/presenter/EnterPresenter.java,com.changer.www.mvp.presenter.EnterPresenter,class,4,5,1,4,2,2,0,0,1,1.0,0.0,0.0,2,0,2,0,0,0,2,0,0,0,1,0,0,0,0,1,0,0,0,8,0,0,0,0,0,0,0,1,0,1,0,0,0,0,7,1,0
/home/arch_design_predict/download-github-repos/mvp/repos/Android_Mvp-master/app/src/main/java/com/changer/www/mvp/demo/rxjava2/Demo_Rxjava2_Activity.java,com.changer.www.mvp.demo.rxjava2.Demo_Rxjava2_Activity$Anonymous20,anonymous,0,0,0,0,1,1,0,1,0,0.0,NaN,NaN,1,0,1,0,0,0,1,0,0,0,0,0,0,0,0,0,0,0,0,5,0,0,0,0,0,0,0,0,0,0,0,0,0,0,3,-1,0
/home/arch_design_predict/download-github-repos/mvp/repos/Android_Mvp-master/app/src/main/java/ir/sample/mvpsample/Home/HomePresenter.java,ir.sample.mvpsample.Home.HomePresenter$Anonymous1,anonymous,3,3,0,3,3,1,0,4,3,0.0,0.0,0.0,3,0,3,0,0,0,3,0,0,0,0,0,0,0,0,0,0,0,0,11,0,0,0,0,0,0,0,0,0,0,0,0,0,0,10,-1,0
/home/arch_design_predict/download-github-repos/mvp/repos/Android_Mvp-master/app/src/main/java/com/yzqs/mvp/biz/IUserBiz.java,com.yzqs.mvp.biz.IUserBiz,interface,1,3,2,1,1,1,0,0,0,0.0,NaN,NaN,1,0,0,0,0,1,1,0,0,0,0,0,0,0,0,0,0,0,0,3,0,0,0,0,0,0,0,0,0,0,0,0,0,0,8,1,0
/home/arch_design_predict/download-github-repos/mvp/repos/Android_Mvp-master/app/src/main/java/ir/sample/mvpsample/Home/HomePresenter.java,ir.sample.mvpsample.Home.HomePresenter$Anonymous2,anonymous,3,3,0,3,3,1,0,4,3,0.0,0.0,0.0,3,0,3,0,0,0,3,0,0,0,0,0,0,0,0,0,0,0,0,11,0,0,0,0,0,0,0,0,0,0,0,0,0,0,9,-1,0
/home/arch_design_predict/download-github-repos/mvp/repos/Android_Mvp-master/app/src/androidTest/java/com/changer/www/mvp/ExampleInstrumentedTest.java,com.changer.www.mvp.ExampleInstrumentedTest,class,4,4,0,4,1,1,0,3,0,0.0,NaN,NaN,1,0,1,0,0,0,1,0,0,0,0,0,0,0,0,0,0,0,0,6,0,0,0,0,0,1,0,1,0,1,0,0,0,0,21,1,0
/home/arch_design_predict/download-github-repos/mvp/repos/Android_Mvp-master/app/src/main/java/com/yzqs/mvp/presenter/UserLoginPresenter.java,com.yzqs.mvp.presenter.UserLoginPresenter$Anonymous1,anonymous,2,2,0,2,2,1,0,3,1,0.0,0.0,0.0,2,0,2,0,0,0,2,0,0,0,0,0,0,0,0,0,0,0,0,10,0,0,0,0,0,0,0,0,0,0,0,0,0,0,5,-1,0
/home/arch_design_predict/download-github-repos/mvp/repos/Android_Mvp-master/app/src/main/java/com/changer/www/mvp/entity/MJsonRequest.java,com.changer.www.mvp.entity.MJsonRequest,class,4,6,2,4,7,1,0,6,8,0.70000005,0.1,0.1,5,0,5,0,0,0,5,0,0,0,2,0,0,2,0,0,0,0,0,29,5,0,2,0,0,1,0,4,0,3,1,0,0,0,29,1,0
/home/arch_design_predict/download-github-repos/mvp/repos/Android_Mvp-master/app/src/main/java/ir/sample/mvpsample/Detail/DetailActivity.java,ir.sample.mvpsample.Detail.DetailActivity,class,8,10,2,8,3,2,0,20,1,0.5454545,NaN,NaN,3,0,0,2,1,0,1,0,0,0,6,0,0,0,0,6,0,0,0,45,0,0,0,0,0,4,0,11,0,11,0,1,0,0,45,1,0
/home/arch_design_predict/download-github-repos/mvp/repos/Android_Mvp-master/app/src/main/java/com/changer/www/mvp/model/imodel/ITVModel.java,com.changer.www.mvp.model.imodel.ITVModel$TVLoadListener,interface,0,0,0,0,1,1,0,0,0,0.0,NaN,NaN,1,0,0,0,0,1,1,0,0,0,0,0,0,0,0,0,0,0,0,3,0,0,0,0,0,0,0,0,0,0,0,0,0,0,8,0,0
/home/arch_design_predict/download-github-repos/mvp/repos/Android_Mvp-master/app/src/main/java/ir/sample/mvpsample/Data/ServerDataSource.java,ir.sample.mvpsample.Data.ServerDataSource,class,7,8,1,7,7,1,0,9,1,0.2857143,0.47619048,0.47619048,7,0,7,0,0,0,7,0,0,0,1,0,0,1,0,0,0,0,0,25,6,0,0,0,0,1,0,2,0,2,0,0,0,0,19,1,0
/home/arch_design_predict/download-github-repos/mvp/repos/Android_Mvp-master/app/src/main/java/com/changer/www/mvp/demo/fragment2activity/BlankFragment.java,com.changer.www.mvp.demo.fragment2activity.BlankFragment,class,5,5,0,5,2,2,0,1,1,0.0,0.0,0.0,2,0,2,0,0,0,2,0,0,0,0,0,0,0,0,0,0,0,0,7,1,0,0,0,0,0,0,0,0,0,0,0,0,0,14,1,0
/home/arch_design_predict/download-github-repos/mvp/repos/Android_Mvp-master/app/src/test/java/ir/sample/mvpsample/ExampleUnitTest.java,ir.sample.mvpsample.ExampleUnitTest,class,1,1,0,1,1,1,0,1,0,0.0,NaN,NaN,1,0,1,0,0,0,1,0,0,0,0,0,0,0,0,0,0,0,0,5,0,0,0,0,0,0,3,0,1,0,0,0,0,0,22,1,0
/home/arch_design_predict/download-github-repos/mvp/repos/Android_Mvp-master/app/src/main/java/ir/sample/mvpsample/TopNews/TopNewsFragment.java,ir.sample.mvpsample.TopNews.TopNewsFragment,class,3,4,1,3,3,3,0,1,3,0.0,0.0,0.0,3,0,3,0,0,0,3,0,0,0,0,0,0,0,0,0,0,0,0,10,2,0,0,0,0,0,0,0,0,0,0,0,0,0,10,1,0
/home/arch_design_predict/download-github-repos/mvp/repos/Android_Mvp-master/app/src/main/java/com/changer/www/mvp/demo/rxjava2/Demo_Rxjava2_Activity.java,com.changer.www.mvp.demo.rxjava2.Demo_Rxjava2_Activity$Anonymous30,anonymous,1,1,0,1,1,1,0,2,0,0.0,NaN,NaN,1,0,1,0,0,0,1,0,0,0,0,0,0,0,0,0,0,0,0,8,0,0,0,0,0,0,3,0,0,0,0,0,0,0,3,-1,0
/home/arch_design_predict/download-github-repos/mvp/repos/Android_Mvp-master/app/src/main/java/com/changer/www/mvp/demo/rxjava2/Demo_Rxjava2_Activity.java,com.changer.www.mvp.demo.rxjava2.Demo_Rxjava2_Activity$Anonymous31,anonymous,1,1,0,1,4,1,0,1,6,0.0,0.0,0.0,4,0,4,0,0,0,4,0,0,0,0,0,0,0,0,0,0,0,0,14,0,0,0,0,0,4,0,0,1,0,0,0,0,0,11,-1,0
/home/arch_design_predict/download-github-repos/mvp/repos/Android_Mvp-master/app/src/main/java/ir/sample/mvpsample/MainActivity.java,ir.sample.mvpsample.MainActivity$Anonymous1,anonymous,5,5,0,5,5,1,0,1,0,0.0,NaN,NaN,1,0,1,0,0,0,1,0,0,0,0,0,0,0,0,0,0,0,0,18,0,0,0,0,0,0,0,0,0,0,1,0,0,0,13,-1,0
/home/arch_design_predict/download-github-repos/mvp/repos/Android_Mvp-master/app/src/main/java/ir/sample/mvpsample/Data/News.java,ir.sample.mvpsample.Data.News,class,0,15,15,0,12,1,0,0,54,0.8333333,0.09090909,0.09090909,12,0,12,0,0,0,12,0,0,0,6,0,0,6,0,0,0,0,0,44,6,0,0,0,0,0,0,6,0,6,0,0,0,0,15,1,0
/home/arch_design_predict/download-github-repos/mvp/repos/Android_Mvp-master/app/src/main/java/com/changer/www/mvp/ui/view/MainActivity.java,com.changer.www.mvp.ui.view.MainActivity,class,6,6,0,6,6,3,0,9,8,0.6,0.1,0.1,5,0,2,0,3,0,5,0,0,0,1,0,0,1,0,0,0,0,0,24,1,0,1,0,0,1,0,1,0,1,1,0,0,0,29,1,0
/home/arch_design_predict/download-github-repos/mvp/repos/Android_Mvp-master/app/src/main/java/ir/sample/mvpsample/Home/HomePresenter.java,ir.sample.mvpsample.Home.HomePresenter,class,8,10,2,8,7,1,0,11,2,0.59999996,0.4,0.4,5,0,5,0,0,0,5,0,0,0,3,0,0,3,0,0,0,0,0,47,0,0,1,0,0,0,1,4,0,3,1,2,0,0,17,1,0
/home/arch_design_predict/download-github-repos/mvp/repos/Android_Mvp-master/app/src/main/java/ir/sample/mvpsample/Categories/CategoriesAdapter.java,ir.sample.mvpsample.Categories.CategoriesAdapter,class,7,8,1,7,4,2,0,7,0,0.25,0.5,0.5,4,0,4,0,0,0,4,0,0,0,1,0,0,0,0,1,0,0,0,24,2,0,0,0,0,0,0,3,0,3,0,0,1,0,16,1,0
/home/arch_design_predict/download-github-repos/mvp/repos/Android_Mvp-master/app/src/main/java/com/changer/www/mvp/ui/iview/ITVView.java,com.changer.www.mvp.ui.iview.ITVView,interface,0,10,10,0,2,1,0,0,1,0.0,0.0,0.0,2,0,0,0,0,2,2,0,0,0,0,0,0,0,0,0,0,0,0,4,0,0,0,0,0,0,0,0,0,0,0,0,0,0,12,1,0
/home/arch_design_predict/download-github-repos/mvp/repos/Android_Mvp-master/app/src/main/java/ir/sample/mvpsample/Home/HomeContract.java,ir.sample.mvpsample.Home.HomeContract$View,interface,3,3,0,3,3,1,0,0,3,0.0,0.0,0.0,3,0,0,0,0,3,3,0,0,0,0,0,0,0,0,0,0,0,0,5,0,0,0,0,0,0,0,0,0,0,0,0,0,0,10,0,0
/home/arch_design_predict/download-github-repos/mvp/repos/Android_Mvp-master/app/src/main/java/ir/sample/mvpsample/TopNews/TopNewsPresenter.java,ir.sample.mvpsample.TopNews.TopNewsPresenter,class,0,0,0,0,0,1,0,0,0,0.0,-1.0,-1.0,0,0,0,0,0,0,0,0,0,0,0,0,0,0,0,0,0,0,0,2,0,0,0,0,0,0,0,0,0,0,0,0,0,0,3,1,0
/home/arch_design_predict/download-github-repos/mvp/repos/Android_Mvp-master/app/src/main/java/ir/sample/mvpsample/Search/SearchFragment.java,ir.sample.mvpsample.Search.SearchFragment,class,17,19,2,17,9,3,0,16,18,0.7708333,0.17857143,0.35714287,8,0,8,0,0,0,8,0,0,0,6,0,0,6,0,0,0,0,0,59,2,0,0,0,0,0,0,7,0,6,1,1,0,0,41,1,0
/home/arch_design_predict/download-github-repos/mvp/repos/Android_Mvp-master/app/src/main/java/ir/sample/mvpsample/Search/SearchPresenter.java,ir.sample.mvpsample.Search.SearchPresenter,class,6,7,1,6,7,1,0,10,0,0.5,0.6666667,1.0,4,0,4,0,0,0,4,0,0,0,4,0,0,4,0,0,0,0,0,39,0,0,1,0,0,0,2,5,0,4,1,1,0,0,20,1,0
/home/arch_design_predict/download-github-repos/mvp/repos/Android_Mvp-master/app/src/main/java/com/changer/www/mvp/presenter/BasePresenter.java,com.changer.www.mvp.presenter.BasePresenter,class,1,7,6,1,4,1,0,2,0,0.0,1.0,1.0,3,0,2,0,1,0,3,0,0,0,1,0,0,0,1,0,0,0,0,14,1,0,1,0,0,0,0,1,0,1,1,0,0,0,18,1,0
/home/arch_design_predict/download-github-repos/mvp/repos/Android_Mvp-master/app/src/main/java/ir/sample/mvpsample/Categories/CategoriesContract.java,ir.sample.mvpsample.Categories.CategoriesContract$Presenter,interface,2,2,0,2,1,1,0,0,0,0.0,NaN,NaN,1,0,0,0,0,1,1,0,0,0,0,0,0,0,0,0,0,0,0,3,0,0,0,0,0,0,0,0,0,0,0,0,0,0,4,0,0
/home/arch_design_predict/download-github-repos/mvp/repos/Android_Mvp-master/app/src/main/java/ir/sample/mvpsample/Categories/CategoriesPresenter.java,ir.sample.mvpsample.Categories.CategoriesPresenter$Anonymous1,anonymous,3,3,0,3,3,1,0,4,3,0.0,0.0,0.0,3,0,3,0,0,0,3,0,0,0,0,0,0,0,0,0,0,0,0,11,0,0,0,0,0,0,0,0,0,0,0,0,0,0,10,-1,0
/home/arch_design_predict/download-github-repos/mvp/repos/Android_Mvp-master/app/src/main/java/ir/sample/mvpsample/Data/LocalDataSource.java,ir.sample.mvpsample.Data.LocalDataSource,class,5,6,1,5,6,1,0,0,15,0.0,0.0,0.0,6,0,6,0,0,0,6,0,0,0,0,0,0,0,0,0,0,0,0,20,6,0,0,0,0,0,0,0,0,0,0,0,0,0,13,1,0
/home/arch_design_predict/download-github-repos/mvp/repos/Android_Mvp-master/app/src/main/java/com/changer/www/mvp/model/modelimp/EnterModelImp.java,com.changer.www.mvp.model.modelimp.EnterModelImp,class,1,2,1,1,0,1,0,0,0,0.0,-1.0,-1.0,0,0,0,0,0,0,0,0,0,0,0,0,0,0,0,0,0,0,0,2,0,0,0,0,0,0,0,0,0,0,0,0,0,0,8,1,0
/home/arch_design_predict/download-github-repos/mvp/repos/Android_Mvp-master/app/src/main/java/ir/sample/mvpsample/Detail/DetailActivity.java,ir.sample.mvpsample.Detail.DetailActivity$Anonymous1,anonymous,1,1,0,1,1,1,0,1,0,0.0,NaN,NaN,1,0,1,0,0,0,1,0,0,0,0,0,0,0,0,0,0,0,0,5,0,0,0,0,0,0,0,0,0,0,0,0,0,0,5,-1,0
/home/arch_design_predict/download-github-repos/mvp/repos/Android_Mvp-master/app/src/main/java/com/yzqs/mvp/biz/UserBiz.java,com.yzqs.mvp.biz.UserBiz$Anonymous1,anonymous,2,2,0,2,4,1,0,7,0,0.0,NaN,NaN,1,0,1,0,0,0,1,0,0,0,0,0,0,0,0,0,0,0,1,19,0,0,0,1,0,2,1,1,0,1,1,0,0,0,9,-1,0
/home/arch_design_predict/download-github-repos/mvp/repos/Android_Mvp-master/app/src/main/java/com/changer/www/mvp/presenter/TVPresenter.java,com.changer.www.mvp.presenter.TVPresenter$Anonymous1,anonymous,1,1,0,1,1,1,0,1,0,0.0,NaN,NaN,1,0,1,0,0,0,1,0,0,0,0,0,0,0,0,0,0,0,0,5,0,0,0,0,0,0,0,0,0,0,0,0,0,0,3,-1,0
/home/arch_design_predict/download-github-repos/mvp/repos/Android_Mvp-master/app/src/main/java/com/changer/www/mvp/presenter/TVPresenter3.java,com.changer.www.mvp.presenter.TVPresenter3$Anonymous1,anonymous,1,1,0,1,2,1,0,2,0,0.0,NaN,NaN,1,0,1,0,0,0,1,0,0,0,0,0,0,0,0,0,0,0,0,7,0,0,1,0,0,0,0,0,0,0,1,0,0,0,4,-1,0
/home/arch_design_predict/download-github-repos/mvp/repos/Android_Mvp-master/app/src/main/java/ir/sample/mvpsample/Home/HomeFragment.java,ir.sample.mvpsample.Home.HomeFragment,class,16,19,3,16,9,3,0,18,26,0.7407408,0.1388889,0.16666667,9,0,9,0,0,0,9,0,0,0,3,0,0,3,0,0,0,0,0,39,2,0,0,0,0,0,1,4,0,4,0,0,0,0,36,1,0
/home/arch_design_predict/download-github-repos/mvp/repos/Android_Mvp-master/app/src/main/java/ir/sample/mvpsample/Data/NewsDataSource.java,ir.sample.mvpsample.Data.NewsDataSource,interface,4,10,6,4,6,1,0,0,15,0.0,0.0,0.0,6,0,0,0,0,6,6,0,0,0,0,0,0,0,0,0,0,0,0,8,0,0,0,0,0,0,0,0,0,0,0,0,0,0,11,1,0
/home/arch_design_predict/download-github-repos/mvp/repos/Android_Mvp-master/app/src/main/java/ir/sample/mvpsample/TopNews/TopNewsContract.java,ir.sample.mvpsample.TopNews.TopNewsContract,interface,2,2,0,2,0,1,0,0,0,0.0,-1.0,-1.0,0,0,0,0,0,0,0,0,0,0,0,0,0,0,0,0,0,0,0,6,0,0,0,0,0,0,0,0,0,0,0,0,2,0,3,1,0
/home/arch_design_predict/download-github-repos/mvp/repos/Android_Mvp-master/app/src/main/java/com/changer/www/mvp/ui/iview/IEnterView.java,com.changer.www.mvp.ui.iview.IEnterView,interface,0,2,2,0,0,1,0,0,0,0.0,-1.0,-1.0,0,0,0,0,0,0,0,0,0,0,0,0,0,0,0,0,0,0,0,2,0,0,0,0,0,0,0,0,0,0,0,0,0,0,11,1,0
/home/arch_design_predict/download-github-repos/mvp/repos/Android_Mvp-master/app/src/androidTest/java/com/yzqs/mvp/ApplicationTest.java,com.yzqs.mvp.ApplicationTest,class,2,2,0,2,1,2,0,0,0,0.0,NaN,NaN,1,0,1,0,0,0,1,0,0,0,0,0,0,0,0,0,0,0,0,5,0,0,0,0,0,0,0,0,0,0,0,0,0,0,7,1,0
/home/arch_design_predict/download-github-repos/mvp/repos/Android_Mvp-master/app/src/main/java/ir/sample/mvpsample/Search/SearchContract.java,ir.sample.mvpsample.Search.SearchContract$View,interface,2,2,0,2,2,1,0,0,1,0.0,0.0,0.0,2,0,0,0,0,2,2,0,0,0,0,0,0,0,0,0,0,0,0,4,0,0,0,0,0,0,0,0,0,0,0,0,0,0,8,0,0
/home/arch_design_predict/download-github-repos/mvp/repos/Android_Mvp-master/app/src/main/java/com/changer/www/mvp/demo/retrofit/Demo_Retrofit_Activity.java,com.changer.www.mvp.demo.retrofit.Demo_Retrofit_Activity,class,15,16,1,15,14,2,0,29,16,0.44444445,0.0,0.0,9,0,1,7,1,0,2,0,0,0,1,0,0,1,0,0,0,0,0,179,0,0,0,0,0,37,0,32,0,27,1,5,0,0,54,1,0
/home/arch_design_predict/download-github-repos/mvp/repos/Android_Mvp-master/app/src/main/java/com/yzqs/mvp/bean/User.java,com.yzqs.mvp.bean.User,class,0,5,5,0,4,1,0,0,2,0.5,0.33333334,0.33333334,4,0,4,0,0,0,4,0,0,0,2,0,0,2,0,0,0,0,0,16,2,0,0,0,0,0,0,2,0,2,0,0,0,0,9,1,0
/home/arch_design_predict/download-github-repos/mvp/repos/Android_Mvp-master/app/src/main/java/com/changer/www/mvp/presenter/TVPresenter2.java,com.changer.www.mvp.presenter.TVPresenter2,class,5,5,0,5,4,1,0,3,0,0.25,1.0,1.0,2,0,2,0,0,0,2,0,0,0,2,0,0,0,1,1,0,0,0,23,0,0,2,0,0,0,0,2,0,2,2,1,0,0,13,1,0
/home/arch_design_predict/download-github-repos/mvp/repos/Android_Mvp-master/app/src/main/java/ir/sample/mvpsample/MainActivity.java,ir.sample.mvpsample.MainActivity,class,8,10,2,8,5,2,0,14,4,0.625,0.0,0.0,4,0,1,2,1,0,2,0,0,0,2,0,0,0,0,2,0,0,0,47,0,0,1,0,0,0,3,2,0,2,1,1,0,0,36,1,0
/home/arch_design_predict/download-github-repos/mvp/repos/Android_Mvp-master/app/src/main/java/com/changer/www/mvp/presenter/TVPresenter3.java,com.changer.www.mvp.presenter.TVPresenter3,class,5,5,0,5,7,1,0,4,0,0.5,0.5,0.5,4,0,4,0,0,0,4,0,0,0,2,0,0,0,1,1,0,0,0,30,0,0,3,0,0,0,0,2,0,2,2,1,0,0,15,1,0
/home/arch_design_predict/download-github-repos/mvp/repos/Android_Mvp-master/app/src/main/java/com/changer/www/mvp/presenter/TVPresenter4.java,com.changer.www.mvp.presenter.TVPresenter4,class,5,7,2,5,4,2,0,3,1,0.5,0.0,0.0,2,0,2,0,0,0,2,0,0,0,1,0,0,0,0,1,0,0,0,21,0,0,2,0,0,0,0,1,0,1,2,1,0,0,11,1,0
/home/arch_design_predict/download-github-repos/mvp/repos/Android_Mvp-master/app/src/main/java/ir/sample/mvpsample/Categories/CategoriesFragment.java,ir.sample.mvpsample.Categories.CategoriesFragment,class,14,16,2,14,8,3,0,11,20,0.6875,0.14285715,0.14285715,8,0,8,0,0,0,8,0,0,0,2,0,0,2,0,0,0,0,0,32,2,0,0,0,0,0,0,2,0,2,0,0,0,0,31,1,0
/home/arch_design_predict/download-github-repos/mvp/repos/Android_Mvp-master/app/src/main/java/ir/sample/mvpsample/Data/Categories.java,ir.sample.mvpsample.Data.Categories,class,0,10,10,0,4,1,0,0,2,0.5,0.33333334,0.33333334,4,0,4,0,0,0,4,0,0,0,2,0,0,2,0,0,0,0,0,16,2,0,0,0,0,0,0,2,0,2,0,0,0,0,7,1,0
/home/arch_design_predict/download-github-repos/mvp/repos/Android_Mvp-master/app/src/main/java/ir/sample/mvpsample/TopNews/TopNewsContract.java,ir.sample.mvpsample.TopNews.TopNewsContract$View,interface,1,1,0,1,0,1,0,0,0,0.0,-1.0,-1.0,0,0,0,0,0,0,0,0,0,0,0,0,0,0,0,0,0,0,0,2,0,0,0,0,0,0,0,0,0,0,0,0,0,0,2,0,0
/home/arch_design_predict/download-github-repos/mvp/repos/Android_Mvp-master/app/src/main/java/com/changer/www/mvp/presenter/TVPresenter4.java,com.changer.www.mvp.presenter.TVPresenter4$Anonymous1,anonymous,2,2,0,2,2,1,0,2,0,0.0,NaN,NaN,1,0,1,0,0,0,1,0,0,0,0,0,0,0,0,0,0,0,0,7,0,0,1,0,0,0,0,0,0,0,1,0,0,0,6,-1,0
/home/arch_design_predict/download-github-repos/mvp/repos/Android_Mvp-master/app/src/main/java/com/changer/www/mvp/demo/rxjava2/Demo_Rxjava2_Activity.java,com.changer.www.mvp.demo.rxjava2.Demo_Rxjava2_Activity,class,15,16,1,15,18,2,0,27,55,1.0,0.0,0.0,11,0,1,9,1,0,2,0,0,0,1,1,0,1,0,0,1,0,0,385,0,0,0,0,0,1,1,11,0,11,1,31,0,0,77,1,0
/home/arch_design_predict/download-github-repos/mvp/repos/Android_Mvp-master/app/src/main/java/com/changer/www/mvp/ui/view/EnterActivity.java,com.changer.www.mvp.ui.view.EnterActivity,class,5,5,0,5,2,3,0,2,1,0.0,0.0,0.0,2,0,0,0,2,0,2,0,0,0,0,0,0,0,0,0,0,0,0,9,1,0,0,0,0,0,0,0,0,0,0,0,0,0,15,1,0
/home/arch_design_predict/download-github-repos/mvp/repos/Android_Mvp-master/base/src/androidTest/java/com/changer/www/base/ExampleInstrumentedTest.java,com.changer.www.base.ExampleInstrumentedTest,class,4,4,0,4,1,1,0,3,0,0.0,NaN,NaN,1,0,1,0,0,0,1,0,0,0,0,0,0,0,0,0,0,0,0,6,0,0,0,0,0,1,0,1,0,1,0,0,0,0,21,1,0
