file,class,type,cbo,cboModified,fanin,fanout,wmc,dit,noc,rfc,lcom,lcom*,tcc,lcc,totalMethodsQty,staticMethodsQty,publicMethodsQty,privateMethodsQty,protectedMethodsQty,defaultMethodsQty,visibleMethodsQty,abstractMethodsQty,finalMethodsQty,synchronizedMethodsQty,totalFieldsQty,staticFieldsQty,publicFieldsQty,privateFieldsQty,protectedFieldsQty,defaultFieldsQty,finalFieldsQty,synchronizedFieldsQty,nosi,loc,returnQty,loopQty,comparisonsQty,tryCatchQty,parenthesizedExpsQty,stringLiteralsQty,numbersQty,assignmentsQty,mathOperationsQty,variablesQty,maxNestedBlocksQty,anonymousClassesQty,innerClassesQty,lambdasQty,uniqueWordsQty,modifiers,logStatementsQty
/home/arch_design_predict/download-github-repos/mvp/repos/android-MVP-roomdb-recyclerView-master/app/src/main/java/com/ramalomi/notepadmvc/repositories/NoteRepository.java,com.ramalomi.notepadmvc.repositories.NoteRepository,class,4,7,3,4,3,1,0,6,0,0.0,1.0,1.0,3,0,3,0,0,0,3,0,0,0,1,0,0,1,0,0,0,0,0,13,1,0,0,0,0,1,0,2,0,2,0,0,0,0,15,1,0
/home/arch_design_predict/download-github-repos/mvp/repos/android-MVP-roomdb-recyclerView-master/app/src/main/java/com/ramalomi/notepadmvc/newNote/NewFragment.java,com.ramalomi.notepadmvc.newNote.NewFragment,class,13,13,0,13,7,2,0,15,13,0.6666667,0.06666667,0.06666667,6,0,6,0,0,0,6,0,0,0,2,0,0,0,0,2,0,0,0,31,2,0,1,0,0,2,0,3,0,3,1,0,0,0,36,1,0
/home/arch_design_predict/download-github-repos/mvp/repos/android-MVP-roomdb-recyclerView-master/app/src/main/java/com/ramalomi/notepadmvc/list/ListPresenter.java,com.ramalomi.notepadmvc.list.ListPresenter$View,interface,1,1,0,1,1,1,0,0,0,0.0,NaN,NaN,1,0,0,0,0,1,1,0,0,0,0,0,0,0,0,0,0,0,0,3,0,0,0,0,0,0,0,0,0,0,0,0,0,0,5,1,0
/home/arch_design_predict/download-github-repos/mvp/repos/android-MVP-roomdb-recyclerView-master/app/src/main/java/com/ramalomi/notepadmvc/MainActivity.java,com.ramalomi.notepadmvc.MainActivity,class,3,3,0,3,2,2,0,6,0,0.0,1.0,1.0,2,0,1,0,1,0,2,0,0,0,1,0,0,0,0,1,0,0,0,12,1,0,0,0,0,0,0,1,0,1,0,0,0,0,19,1,0
/home/arch_design_predict/download-github-repos/mvp/repos/android-MVP-roomdb-recyclerView-master/app/src/main/java/com/ramalomi/notepadmvc/list/ListPresenterModule.java,com.ramalomi.notepadmvc.list.ListPresenterModule,class,6,7,1,6,1,1,0,0,0,0.0,NaN,NaN,1,0,0,0,0,1,1,0,0,0,0,0,0,0,0,0,0,0,0,5,1,0,0,0,0,0,0,0,0,0,0,0,0,0,8,1,0
/home/arch_design_predict/download-github-repos/mvp/repos/android-MVP-roomdb-recyclerView-master/app/src/main/java/com/ramalomi/notepadmvc/adapters/NoteAdapter.java,com.ramalomi.notepadmvc.adapters.NoteAdapter,class,5,6,1,5,4,2,0,7,0,0.25,0.5,0.5,4,0,4,0,0,0,4,0,0,0,1,0,0,1,0,0,0,0,0,26,2,0,0,0,0,0,0,2,0,2,0,0,1,0,28,1,0
/home/arch_design_predict/download-github-repos/mvp/repos/android-MVP-roomdb-recyclerView-master/app/src/main/java/com/ramalomi/notepadmvc/adapters/NoteAdapter.java,com.ramalomi.notepadmvc.adapters.NoteAdapter$ViewHolder,innerclass,3,3,0,3,2,2,0,1,0,0.0,1.0,1.0,2,0,2,0,0,0,2,0,0,0,1,0,0,1,0,0,1,0,0,10,1,0,0,0,0,0,0,1,0,1,0,0,0,0,19,9,0
/home/arch_design_predict/download-github-repos/mvp/repos/android-MVP-roomdb-recyclerView-master/app/src/main/java/com/ramalomi/notepadmvc/AppDataBase/AppDataBase.java,com.ramalomi.notepadmvc.AppDataBase.AppDataBase,class,4,5,1,4,1,2,0,0,0,0.0,NaN,NaN,1,0,1,0,0,0,1,1,0,0,0,0,0,0,0,0,0,0,0,3,0,0,0,0,0,0,1,0,0,0,0,0,0,0,10,1025,0
/home/arch_design_predict/download-github-repos/mvp/repos/android-MVP-roomdb-recyclerView-master/app/src/main/java/com/ramalomi/notepadmvc/newNote/NewPresenter.java,com.ramalomi.notepadmvc.newNote.NewPresenter,class,4,5,1,4,3,1,0,6,0,0.0,1.0,1.0,2,0,2,0,0,0,2,0,0,0,3,0,0,3,0,0,0,0,0,25,0,0,0,0,0,0,0,3,0,3,1,0,1,0,11,1,0
/home/arch_design_predict/download-github-repos/mvp/repos/android-MVP-roomdb-recyclerView-master/app/src/test/java/com/ramalomi/notepadmvc/ExampleUnitTest.java,com.ramalomi.notepadmvc.ExampleUnitTest,class,1,1,0,1,1,1,0,1,0,0.0,NaN,NaN,1,0,1,0,0,0,1,0,0,0,0,0,0,0,0,0,0,0,0,5,0,0,0,0,0,0,3,0,1,0,0,0,0,0,22,1,0
/home/arch_design_predict/download-github-repos/mvp/repos/android-MVP-roomdb-recyclerView-master/app/src/main/java/com/ramalomi/notepadmvc/models/Note.java,com.ramalomi.notepadmvc.models.Note,class,4,11,7,4,8,1,0,0,14,0.6666667,0.25,0.39285713,8,0,8,0,0,0,8,0,0,0,3,0,0,3,0,0,0,0,0,29,3,0,0,0,0,3,0,5,0,3,0,0,0,0,14,1,0
/home/arch_design_predict/download-github-repos/mvp/repos/android-MVP-roomdb-recyclerView-master/app/src/androidTest/java/com/ramalomi/notepadmvc/ExampleInstrumentedTest.java,com.ramalomi.notepadmvc.ExampleInstrumentedTest,class,4,4,0,4,1,1,0,4,0,0.0,NaN,NaN,1,0,1,0,0,0,1,0,0,0,0,0,0,0,0,0,0,0,0,6,0,0,0,0,0,1,0,1,0,1,0,0,0,0,19,1,0
/home/arch_design_predict/download-github-repos/mvp/repos/android-MVP-roomdb-recyclerView-master/app/src/main/java/com/ramalomi/notepadmvc/list/ListPresenter.java,com.ramalomi.notepadmvc.list.ListPresenter,class,4,7,3,4,2,1,0,2,0,0.16666667,1.0,1.0,2,0,2,0,0,0,2,0,0,0,3,0,0,3,0,0,0,0,0,16,0,0,0,0,0,0,0,3,0,3,0,0,1,0,10,1,0
/home/arch_design_predict/download-github-repos/mvp/repos/android-MVP-roomdb-recyclerView-master/app/src/main/java/com/ramalomi/notepadmvc/list/ListPresenterComponent.java,com.ramalomi.notepadmvc.list.ListPresenterComponent,interface,5,7,2,5,2,1,0,0,1,0.0,0.0,0.0,2,0,0,0,0,2,2,0,0,0,0,0,0,0,0,0,0,0,0,9,0,0,0,0,0,0,0,0,0,0,0,0,1,0,8,1,0
/home/arch_design_predict/download-github-repos/mvp/repos/android-MVP-roomdb-recyclerView-master/app/src/main/java/com/ramalomi/notepadmvc/list/ListPresenterComponent.java,com.ramalomi.notepadmvc.list.ListPresenterComponent$Builder,interface,6,6,0,6,3,1,0,0,3,0.0,0.0,0.0,3,0,0,0,0,3,3,0,0,0,0,0,0,0,0,0,0,0,0,5,0,0,0,0,0,0,0,0,0,0,0,0,0,0,10,0,0
/home/arch_design_predict/download-github-repos/mvp/repos/android-MVP-roomdb-recyclerView-master/app/src/main/java/com/ramalomi/notepadmvc/newNote/NewPresenter.java,com.ramalomi.notepadmvc.newNote.NewPresenter$View,interface,0,0,0,0,2,1,0,0,1,0.0,0.0,0.0,2,0,0,0,0,2,2,0,0,0,0,0,0,0,0,0,0,0,0,4,0,0,0,0,0,0,0,0,0,0,0,0,0,0,5,1,0
/home/arch_design_predict/download-github-repos/mvp/repos/android-MVP-roomdb-recyclerView-master/app/src/main/java/com/ramalomi/notepadmvc/interfaces/NoteDao.java,com.ramalomi.notepadmvc.interfaces.NoteDao,interface,6,8,2,6,4,1,0,0,6,0.0,0.0,0.0,4,0,0,0,0,4,4,0,0,0,0,0,0,0,0,0,0,0,0,6,0,0,0,0,0,1,0,0,0,0,0,0,0,0,12,1,0
/home/arch_design_predict/download-github-repos/mvp/repos/android-MVP-roomdb-recyclerView-master/app/src/main/java/com/ramalomi/notepadmvc/list/ListFragment.java,com.ramalomi.notepadmvc.list.ListFragment$Anonymous1,anonymous,1,1,0,1,1,1,0,2,0,0.0,NaN,NaN,1,0,1,0,0,0,1,0,0,0,0,0,0,0,0,0,0,0,0,5,0,0,0,0,0,0,0,0,0,0,0,0,0,0,4,-1,0
/home/arch_design_predict/download-github-repos/mvp/repos/android-MVP-roomdb-recyclerView-master/app/src/main/java/com/ramalomi/notepadmvc/list/ListFragment.java,com.ramalomi.notepadmvc.list.ListFragment,class,17,18,1,17,4,2,0,20,1,0.5833334,0.33333334,0.33333334,3,0,3,0,0,0,3,0,0,0,4,0,0,3,0,1,0,0,0,37,1,1,0,0,0,0,1,9,0,10,1,1,0,0,42,1,0
