file,class,type,cbo,cboModified,fanin,fanout,wmc,dit,noc,rfc,lcom,lcom*,tcc,lcc,totalMethodsQty,staticMethodsQty,publicMethodsQty,privateMethodsQty,protectedMethodsQty,defaultMethodsQty,visibleMethodsQty,abstractMethodsQty,finalMethodsQty,synchronizedMethodsQty,totalFieldsQty,staticFieldsQty,publicFieldsQty,privateFieldsQty,protectedFieldsQty,defaultFieldsQty,finalFieldsQty,synchronizedFieldsQty,nosi,loc,returnQty,loopQty,comparisonsQty,tryCatchQty,parenthesizedExpsQty,stringLiteralsQty,numbersQty,assignmentsQty,mathOperationsQty,variablesQty,maxNestedBlocksQty,anonymousClassesQty,innerClassesQty,lambdasQty,uniqueWordsQty,modifiers,logStatementsQty
/home/arch_design_predict/download-github-repos/mvp/repos/sundaymovie-master/app/src/main/java/com/sunday/sundaymovie/adapter/GridPhotosAdapter.java,com.sunday.sundaymovie.adapter.GridPhotosAdapter$ItemListener,interface,0,0,0,0,1,1,0,0,0,0.0,NaN,NaN,1,0,0,0,0,1,1,0,0,0,0,0,0,0,0,0,0,0,0,3,0,0,0,0,0,0,0,0,0,0,0,0,0,0,6,1,0
/home/arch_design_predict/download-github-repos/mvp/repos/sundaymovie-master/app/src/main/java/com/sunday/sundaymovie/mvp/expriences/ExpriencesContract.java,com.sunday.sundaymovie.mvp.expriences.ExpriencesContract,interface,2,2,0,2,0,1,0,0,0,0.0,-1.0,-1.0,0,0,0,0,0,0,0,0,0,0,0,0,0,0,0,0,0,0,0,9,0,0,0,0,0,0,0,0,0,0,0,0,2,0,6,0,0
/home/arch_design_predict/download-github-repos/mvp/repos/sundaymovie-master/app/src/main/java/com/sunday/sundaymovie/mvp/search/SearchContract.java,com.sunday.sundaymovie.mvp.search.SearchContract$View,interface,3,3,0,3,13,1,0,0,78,0.0,0.0,0.0,13,0,0,0,0,13,13,0,0,0,0,0,0,0,0,0,0,0,0,15,0,0,0,0,0,0,0,0,0,0,0,0,0,0,22,0,0
/home/arch_design_predict/download-github-repos/mvp/repos/sundaymovie-master/app/src/main/java/com/sunday/sundaymovie/bean/Person.java,com.sunday.sundaymovie.bean.Person$ExpriencesBean$Anonymous1,anonymous,2,2,0,2,3,1,0,0,3,0.0,0.0,0.0,3,0,3,0,0,0,3,0,0,0,0,0,0,0,0,0,0,0,0,11,3,0,0,0,0,0,0,0,0,0,0,0,0,0,12,-1,0
/home/arch_design_predict/download-github-repos/mvp/repos/sundaymovie-master/app/src/main/java/com/sunday/sundaymovie/mvp/expriences/ExpriencesAdapter.java,com.sunday.sundaymovie.mvp.expriences.ExpriencesAdapter$ViewHolder,innerclass,7,7,0,7,3,2,0,13,1,0.4166667,0.33333334,0.33333334,3,0,1,0,0,2,3,0,0,0,3,0,0,3,0,0,0,0,0,21,0,0,0,0,0,1,0,4,1,4,0,0,0,0,21,0,0
/home/arch_design_predict/download-github-repos/mvp/repos/sundaymovie-master/app/src/main/java/com/sunday/sundaymovie/model/PhotoModel.java,com.sunday.sundaymovie.model.PhotoModel$Anonymous1,anonymous,4,4,0,4,2,1,0,13,0,0.0,NaN,NaN,1,0,1,0,0,0,1,0,0,0,0,0,0,0,0,0,0,0,1,16,0,0,0,0,0,3,1,3,1,3,1,0,0,0,12,-1,0
/home/arch_design_predict/download-github-repos/mvp/repos/sundaymovie-master/app/src/main/java/com/sunday/sundaymovie/net/converter/SearchResultConverter.java,com.sunday.sundaymovie.net.converter.SearchResultConverter,class,8,9,1,8,18,1,0,22,0,0.0,NaN,NaN,1,0,1,0,0,0,1,0,0,0,0,0,0,0,0,0,0,0,0,70,2,2,0,0,0,30,7,13,1,12,3,0,0,0,31,1,0
/home/arch_design_predict/download-github-repos/mvp/repos/sundaymovie-master/app/src/main/java/com/sunday/sundaymovie/db/StarTableHelper.java,com.sunday.sundaymovie.db.StarTableHelper,class,7,11,4,7,7,1,0,15,0,0.32000002,1.0,1.0,5,0,5,0,0,0,5,0,0,0,5,4,0,1,0,4,4,0,0,45,2,1,0,0,0,9,1,15,4,15,1,0,0,0,49,1,0
/home/arch_design_predict/download-github-repos/mvp/repos/sundaymovie-master/app/src/main/java/com/sunday/sundaymovie/mvp/expriences/ExpriencesAdapter.java,com.sunday.sundaymovie.mvp.expriences.ExpriencesAdapter,class,9,10,1,9,4,2,0,5,0,0.5,0.6666667,1.0,4,0,3,0,0,1,4,0,0,0,3,0,0,3,0,0,0,0,0,45,2,0,0,0,0,0,0,4,0,4,0,0,2,0,25,0,0
/home/arch_design_predict/download-github-repos/mvp/repos/sundaymovie-master/app/src/main/java/com/sunday/sundaymovie/mvp/moviedetail/MovieDetailPresenter.java,com.sunday.sundaymovie.mvp.moviedetail.MovieDetailPresenter,class,19,22,3,19,19,1,0,66,0,0.65625,0.5777778,0.8,12,0,9,2,0,1,10,0,0,0,8,0,0,8,0,0,4,0,3,142,0,1,2,0,0,1,8,18,0,19,1,3,0,0,47,0,0
/home/arch_design_predict/download-github-repos/mvp/repos/sundaymovie-master/app/src/main/java/com/sunday/sundaymovie/mvp/search/SearchPresenter.java,com.sunday.sundaymovie.mvp.search.SearchPresenter,class,9,12,3,9,17,1,0,22,0,0.7142857,0.4642857,0.5714286,9,0,7,1,0,1,8,0,0,0,7,0,0,7,0,0,2,0,0,93,1,0,3,0,0,0,2,8,0,8,3,1,0,0,37,0,0
/home/arch_design_predict/download-github-repos/mvp/repos/sundaymovie-master/app/src/main/java/com/sunday/sundaymovie/mvp/home/ShowTimeAdapter.java,com.sunday.sundaymovie.mvp.home.ShowTimeAdapter$ViewHolder,innerclass,13,13,0,13,10,2,0,32,2,0.57777774,0.4,0.6,5,0,3,0,0,2,5,0,0,0,4,0,0,4,0,0,0,0,3,65,1,0,2,0,0,5,2,11,1,10,2,0,0,0,41,0,0
/home/arch_design_predict/download-github-repos/mvp/repos/sundaymovie-master/app/src/main/java/com/sunday/sundaymovie/mvp/home/HomeActivity.java,com.sunday.sundaymovie.mvp.home.HomeActivity$Anonymous1,anonymous,1,1,0,1,2,1,0,2,0,0.0,NaN,NaN,1,0,1,0,0,0,1,0,0,0,0,0,0,0,0,0,0,0,0,7,0,0,0,0,0,0,0,0,0,0,1,0,0,0,4,-1,0
/home/arch_design_predict/download-github-repos/mvp/repos/sundaymovie-master/app/src/main/java/com/sunday/sundaymovie/mvp/person/PersonAdapter.java,com.sunday.sundaymovie.mvp.person.PersonAdapter$ViewHolder,innerclass,7,7,0,7,3,2,0,12,0,0.33333334,0.6666667,1.0,3,0,1,0,0,2,3,0,0,0,4,0,0,4,0,0,0,0,1,22,0,0,0,0,0,0,0,4,0,4,0,0,0,0,18,0,0
/home/arch_design_predict/download-github-repos/mvp/repos/sundaymovie-master/app/src/main/java/com/sunday/sundaymovie/mvp/video/VideoPresenter.java,com.sunday.sundaymovie.mvp.video.VideoPresenter,class,18,21,3,18,34,1,0,50,32,0.8181818,0.575,0.7583333,20,0,15,4,0,1,16,0,0,0,11,0,0,11,0,0,5,0,2,193,1,0,3,1,2,2,8,26,10,16,2,3,0,0,86,0,0
/home/arch_design_predict/download-github-repos/mvp/repos/sundaymovie-master/app/src/main/java/com/sunday/sundaymovie/mvp/home/BasePresenter.java,com.sunday.sundaymovie.mvp.home.BasePresenter,class,7,10,3,7,9,1,0,8,6,0.65625,0.39285713,0.53571427,8,0,6,0,1,1,8,1,0,0,4,0,0,2,1,1,1,0,0,37,0,0,0,0,0,2,0,5,0,4,1,0,0,0,32,1024,0
/home/arch_design_predict/download-github-repos/mvp/repos/sundaymovie-master/app/src/main/java/com/sunday/sundaymovie/net/OkManager.java,com.sunday.sundaymovie.net.OkManager$Anonymous1,anonymous,8,8,0,8,5,1,0,14,0,0.0,NaN,NaN,1,0,1,0,0,0,1,0,0,0,0,0,0,0,0,0,0,0,0,20,0,1,1,0,0,1,0,5,0,5,2,0,0,0,16,-1,0
/home/arch_design_predict/download-github-repos/mvp/repos/sundaymovie-master/app/src/main/java/com/sunday/sundaymovie/mvp/video/VideoActivity.java,com.sunday.sundaymovie.mvp.video.VideoActivity$Anonymous1,anonymous,0,0,0,0,1,1,0,1,0,0.0,NaN,NaN,1,0,1,0,0,0,1,0,0,0,0,0,0,0,0,0,0,0,0,5,0,0,0,0,0,0,0,0,0,0,0,0,0,0,1,-1,0
/home/arch_design_predict/download-github-repos/mvp/repos/sundaymovie-master/app/src/main/java/com/sunday/sundaymovie/mvp/video/VideoActivity.java,com.sunday.sundaymovie.mvp.video.VideoActivity$Anonymous2,anonymous,0,0,0,0,1,1,0,1,0,0.0,NaN,NaN,1,0,1,0,0,0,1,0,0,0,0,0,0,0,0,0,0,0,0,5,0,0,0,0,0,0,0,0,0,0,0,0,0,0,1,-1,0
/home/arch_design_predict/download-github-repos/mvp/repos/sundaymovie-master/app/src/main/java/com/sunday/sundaymovie/net/OkManager.java,com.sunday.sundaymovie.net.OkManager$Anonymous2,anonymous,6,6,0,6,2,1,0,8,0,0.0,NaN,NaN,1,0,1,0,0,0,1,0,0,0,0,0,0,0,0,0,0,0,0,13,0,0,0,0,0,1,0,3,0,3,1,0,0,0,10,-1,0
/home/arch_design_predict/download-github-repos/mvp/repos/sundaymovie-master/app/src/main/java/com/sunday/sundaymovie/mvp/photo/PhotoPresenter.java,com.sunday.sundaymovie.mvp.photo.PhotoPresenter,class,6,7,1,6,8,1,0,10,0,0.5714286,0.6666667,0.71428573,7,0,6,0,0,1,7,0,0,0,5,0,0,5,0,0,2,0,1,49,0,0,1,0,0,0,1,5,0,5,1,1,0,0,30,0,0
/home/arch_design_predict/download-github-repos/mvp/repos/sundaymovie-master/app/src/main/java/com/sunday/sundaymovie/util/GlideCacheUtil.java,com.sunday.sundaymovie.util.GlideCacheUtil,class,3,6,3,3,11,1,0,12,10,1.0,0.0,0.0,5,4,2,3,0,0,2,0,0,0,1,1,0,1,0,0,0,0,4,63,8,1,0,0,0,5,13,13,11,11,2,2,0,0,34,17,0
/home/arch_design_predict/download-github-repos/mvp/repos/sundaymovie-master/app/src/main/java/com/sunday/sundaymovie/ui/SettingsActivity.java,com.sunday.sundaymovie.ui.SettingsActivity,class,7,9,2,7,4,3,0,9,6,0.0,0.0,0.0,4,1,1,0,3,0,4,0,0,0,0,0,0,0,0,0,0,0,0,17,0,0,0,0,0,0,0,2,0,2,0,0,0,0,32,1,0
/home/arch_design_predict/download-github-repos/mvp/repos/sundaymovie-master/app/src/main/java/com/sunday/sundaymovie/mvp/allphoto/AllPhotoActivity.java,com.sunday.sundaymovie.mvp.allphoto.AllPhotoActivity$Anonymous1,anonymous,1,1,0,1,1,1,0,2,0,0.0,NaN,NaN,1,0,1,0,0,0,1,0,0,0,0,0,0,0,0,0,0,0,0,6,0,0,0,0,1,0,0,1,0,0,0,0,0,0,7,-1,0
/home/arch_design_predict/download-github-repos/mvp/repos/sundaymovie-master/app/src/main/java/com/sunday/sundaymovie/mvp/moviedetail/PhotoAdapter.java,com.sunday.sundaymovie.mvp.moviedetail.PhotoAdapter$BtnViewHolder,innerclass,4,4,0,4,2,2,0,2,1,0.0,0.0,0.0,2,0,1,0,0,1,2,0,0,0,0,0,0,0,0,0,0,0,0,9,0,0,0,0,0,0,0,0,0,0,0,0,0,0,7,2,0
/home/arch_design_predict/download-github-repos/mvp/repos/sundaymovie-master/app/src/main/java/com/sunday/sundaymovie/ui/AboutActivity.java,com.sunday.sundaymovie.ui.AboutActivity,class,6,8,2,6,4,3,0,5,6,0.0,0.0,0.0,4,1,1,0,3,0,4,0,0,0,0,0,0,0,0,0,0,0,0,16,0,0,0,0,0,0,0,2,0,2,0,0,0,0,29,1,0
/home/arch_design_predict/download-github-repos/mvp/repos/sundaymovie-master/app/src/main/java/com/sunday/sundaymovie/bean/VideoAll.java,com.sunday.sundaymovie.bean.VideoAll,class,1,4,3,1,8,1,0,1,12,0.6666667,0.2857143,0.2857143,8,0,8,0,0,0,8,0,0,0,3,0,0,3,0,0,0,0,0,80,4,0,0,0,0,0,1,4,0,3,0,0,1,0,15,1,0
/home/arch_design_predict/download-github-repos/mvp/repos/sundaymovie-master/app/src/main/java/com/sunday/sundaymovie/mvp/video/VideoContract.java,com.sunday.sundaymovie.mvp.video.VideoContract,interface,2,2,0,2,0,1,0,0,0,0.0,-1.0,-1.0,0,0,0,0,0,0,0,0,0,0,0,0,0,0,0,0,0,0,0,28,0,0,0,0,0,0,0,0,0,0,0,0,2,0,6,0,0
/home/arch_design_predict/download-github-repos/mvp/repos/sundaymovie-master/app/src/main/java/com/sunday/sundaymovie/mvp/allvideo/AllVideoContract.java,com.sunday.sundaymovie.mvp.allvideo.AllVideoContract,interface,2,2,0,2,0,1,0,0,0,0.0,-1.0,-1.0,0,0,0,0,0,0,0,0,0,0,0,0,0,0,0,0,0,0,0,14,0,0,0,0,0,0,0,0,0,0,0,0,2,0,7,0,0
/home/arch_design_predict/download-github-repos/mvp/repos/sundaymovie-master/app/src/main/java/com/sunday/sundaymovie/widget/SquareImageView.java,com.sunday.sundaymovie.widget.SquareImageView,class,4,5,1,4,4,2,0,5,6,0.0,0.0,0.0,4,0,3,0,1,0,4,0,0,0,0,0,0,0,0,0,0,0,0,17,0,0,0,0,0,0,2,3,0,1,0,0,0,0,29,1,0
/home/arch_design_predict/download-github-repos/mvp/repos/sundaymovie-master/app/src/main/java/com/sunday/sundaymovie/mvp/photo/PhotoViewPagerAdapter.java,com.sunday.sundaymovie.mvp.photo.PhotoViewPagerAdapter,class,7,8,1,7,7,2,0,12,3,0.5,0.4,0.4,6,0,4,0,0,2,6,0,0,0,2,0,0,2,0,0,0,0,0,36,3,0,1,0,1,0,0,4,0,3,0,1,0,0,33,0,0
/home/arch_design_predict/download-github-repos/mvp/repos/sundaymovie-master/app/src/main/java/com/sunday/sundaymovie/net/converter/GsonConverter.java,com.sunday.sundaymovie.net.converter.GsonConverter,class,4,7,3,4,2,1,0,3,0,0.0,1.0,1.0,2,0,2,0,0,0,2,0,0,0,1,0,0,1,0,0,0,0,0,9,1,0,0,0,0,0,0,1,0,1,0,0,0,0,14,1,0
/home/arch_design_predict/download-github-repos/mvp/repos/sundaymovie-master/app/src/main/java/com/sunday/sundaymovie/mvp/person/PersonContract.java,com.sunday.sundaymovie.mvp.person.PersonContract$Presenter,interface,1,1,0,1,3,1,0,0,3,0.0,0.0,0.0,3,0,0,0,0,3,3,0,0,0,0,0,0,0,0,0,0,0,0,5,0,0,0,0,0,0,0,0,0,0,0,0,0,0,9,0,0
/home/arch_design_predict/download-github-repos/mvp/repos/sundaymovie-master/app/src/main/java/com/sunday/sundaymovie/bean/Movie.java,com.sunday.sundaymovie.bean.Movie$BasicBean$StageImgBean$ListBean,innerclass,0,0,0,0,4,1,0,0,2,0.5,0.33333334,0.33333334,4,0,4,0,0,0,4,0,0,0,2,0,0,2,0,0,0,0,0,16,2,0,0,0,0,0,0,2,0,2,0,0,0,0,9,9,0
/home/arch_design_predict/download-github-repos/mvp/repos/sundaymovie-master/app/src/main/java/com/sunday/sundaymovie/mvp/home/HomeContract.java,com.sunday.sundaymovie.mvp.home.HomeContract$View,interface,3,3,0,3,7,1,0,0,21,0.0,0.0,0.0,7,0,0,0,0,7,7,0,0,0,0,0,0,0,0,0,0,0,0,9,0,0,0,0,0,0,0,0,0,0,0,0,0,0,20,0,0
/home/arch_design_predict/download-github-repos/mvp/repos/sundaymovie-master/app/src/main/java/com/sunday/sundaymovie/model/StarModel.java,com.sunday.sundaymovie.model.StarModel$Anonymous1,anonymous,4,4,0,4,1,1,0,2,0,0.0,NaN,NaN,1,0,1,0,0,0,1,0,0,0,0,0,0,0,0,0,0,0,0,5,0,0,0,0,0,0,0,0,0,0,0,0,0,0,3,-1,0
/home/arch_design_predict/download-github-repos/mvp/repos/sundaymovie-master/app/src/main/java/com/sunday/sundaymovie/mvp/photo/PhotoContract.java,com.sunday.sundaymovie.mvp.photo.PhotoContract,interface,2,2,0,2,0,1,0,0,0,0.0,-1.0,-1.0,0,0,0,0,0,0,0,0,0,0,0,0,0,0,0,0,0,0,0,16,0,0,0,0,0,0,0,0,0,0,0,0,2,0,6,0,0
/home/arch_design_predict/download-github-repos/mvp/repos/sundaymovie-master/app/src/main/java/com/sunday/sundaymovie/net/Api.java,com.sunday.sundaymovie.net.Api,class,0,5,5,0,5,1,0,0,10,0.8444445,0.0,0.0,5,5,5,0,0,0,5,0,0,0,9,9,2,7,0,0,9,0,0,26,5,0,0,0,0,18,0,9,7,9,0,0,0,0,56,1,0
/home/arch_design_predict/download-github-repos/mvp/repos/sundaymovie-master/app/src/main/java/com/sunday/sundaymovie/bean/ComingMovie.java,com.sunday.sundaymovie.bean.ComingMovie,class,0,5,5,0,18,1,0,0,135,0.8888889,0.05882353,0.05882353,18,0,18,0,0,0,18,0,0,0,9,0,0,9,0,0,0,0,0,65,9,0,0,0,0,0,0,9,0,9,0,0,0,0,30,1,0
/home/arch_design_predict/download-github-repos/mvp/repos/sundaymovie-master/app/src/main/java/com/sunday/sundaymovie/mvp/home/BaseFragment.java,com.sunday.sundaymovie.mvp.home.BaseFragment,class,16,18,2,16,23,2,0,25,38,0.7692307,0.25641027,0.32051283,13,0,13,0,0,0,13,0,0,0,5,0,0,1,4,0,0,0,1,77,1,0,6,0,0,0,1,12,0,10,2,0,0,0,57,1025,0
/home/arch_design_predict/download-github-repos/mvp/repos/sundaymovie-master/app/src/main/java/com/sunday/sundaymovie/mvp/home/ComingAdapter.java,com.sunday.sundaymovie.mvp.home.ComingAdapter$ViewHolder,innerclass,12,12,0,12,8,2,0,23,2,0.5714286,0.4,0.6,5,0,3,0,0,2,5,0,0,0,3,0,0,3,0,0,0,0,0,47,1,0,0,0,0,4,0,9,2,8,1,0,0,0,35,0,0
/home/arch_design_predict/download-github-repos/mvp/repos/sundaymovie-master/app/src/main/java/com/sunday/sundaymovie/model/AllVideoModel.java,com.sunday.sundaymovie.model.AllVideoModel,class,5,6,1,5,2,1,0,3,0,0.0,1.0,1.0,2,0,2,0,0,0,2,0,0,0,1,0,0,1,0,0,0,0,2,9,1,0,0,0,0,0,0,1,0,1,0,0,0,0,13,1,0
/home/arch_design_predict/download-github-repos/mvp/repos/sundaymovie-master/app/src/main/java/com/sunday/sundaymovie/widget/FollowButton.java,com.sunday.sundaymovie.widget.FollowButton,class,13,15,2,13,38,2,0,36,40,0.8076924,0.11111111,0.16666667,12,0,8,3,1,0,9,0,0,0,13,0,0,12,1,0,0,0,1,137,15,0,6,0,2,2,9,20,0,17,2,1,0,0,82,1,0
/home/arch_design_predict/download-github-repos/mvp/repos/sundaymovie-master/app/src/main/java/com/sunday/sundaymovie/bean/ShowTimeMovies.java,com.sunday.sundaymovie.bean.ShowTimeMovies$MsBean,innerclass,0,0,0,0,26,1,0,0,299,0.92307687,0.04,0.04,26,0,26,0,0,0,26,0,0,0,13,0,0,13,0,0,0,0,0,93,13,0,0,0,0,0,0,13,0,13,0,0,0,0,37,9,0
/home/arch_design_predict/download-github-repos/mvp/repos/sundaymovie-master/app/src/main/java/com/sunday/sundaymovie/mvp/photo/PhotoActivity.java,com.sunday.sundaymovie.mvp.photo.PhotoActivity$Anonymous2,anonymous,2,2,0,2,1,1,0,1,0,0.0,NaN,NaN,1,0,1,0,0,0,1,0,0,0,0,0,0,0,0,0,0,0,0,5,0,0,0,0,0,0,0,0,0,0,0,0,0,0,4,-1,0
/home/arch_design_predict/download-github-repos/mvp/repos/sundaymovie-master/app/src/main/java/com/sunday/sundaymovie/mvp/moviedetail/ActorAdapter.java,com.sunday.sundaymovie.mvp.moviedetail.ActorAdapter$ViewHolder,innerclass,7,7,0,7,3,2,0,11,0,0.33333334,0.6666667,1.0,3,0,1,0,0,2,3,0,0,0,4,0,0,4,0,0,0,0,0,22,0,0,0,0,0,0,0,4,0,4,0,0,0,0,18,0,0
/home/arch_design_predict/download-github-repos/mvp/repos/sundaymovie-master/app/src/main/java/com/sunday/sundaymovie/mvp/photo/PhotoActivity.java,com.sunday.sundaymovie.mvp.photo.PhotoActivity$Anonymous1,anonymous,1,1,0,1,3,1,0,1,3,0.0,0.0,0.0,3,0,3,0,0,0,3,0,0,0,0,0,0,0,0,0,0,0,0,9,0,0,0,0,0,0,0,0,0,0,0,0,0,0,11,-1,0
/home/arch_design_predict/download-github-repos/mvp/repos/sundaymovie-master/app/src/main/java/com/sunday/sundaymovie/mvp/star/StarContract.java,com.sunday.sundaymovie.mvp.star.StarContract$Presenter,interface,1,1,0,1,1,1,0,0,0,0.0,NaN,NaN,1,0,0,0,0,1,1,0,0,0,0,0,0,0,0,0,0,0,0,3,0,0,0,0,0,0,0,0,0,0,0,0,0,0,5,0,0
/home/arch_design_predict/download-github-repos/mvp/repos/sundaymovie-master/app/src/main/java/com/sunday/sundaymovie/mvp/star/StarContract.java,com.sunday.sundaymovie.mvp.star.StarContract$View,interface,3,3,0,3,2,1,0,0,1,0.0,0.0,0.0,2,0,0,0,0,2,2,0,0,0,0,0,0,0,0,0,0,0,0,4,0,0,0,0,0,0,0,0,0,0,0,0,0,0,6,0,0
/home/arch_design_predict/download-github-repos/mvp/repos/sundaymovie-master/app/src/main/java/com/sunday/sundaymovie/mvp/allvideo/AllVideoContract.java,com.sunday.sundaymovie.mvp.allvideo.AllVideoContract$View,interface,3,3,0,3,6,1,0,0,15,0.0,0.0,0.0,6,0,0,0,0,6,6,0,0,0,0,0,0,0,0,0,0,0,0,8,0,0,0,0,0,0,0,0,0,0,0,0,0,0,15,0,0
/home/arch_design_predict/download-github-repos/mvp/repos/sundaymovie-master/app/src/main/java/com/sunday/sundaymovie/mvp/search/SearchContract.java,com.sunday.sundaymovie.mvp.search.SearchContract,interface,2,2,0,2,0,1,0,0,0,0.0,-1.0,-1.0,0,0,0,0,0,0,0,0,0,0,0,0,0,0,0,0,0,0,0,24,0,0,0,0,0,0,0,0,0,0,0,0,2,0,6,0,0
/home/arch_design_predict/download-github-repos/mvp/repos/sundaymovie-master/app/src/main/java/com/sunday/sundaymovie/adapter/GridPhotosAdapter.java,com.sunday.sundaymovie.adapter.GridPhotosAdapter,class,8,10,2,8,4,2,0,5,0,0.5,0.6666667,1.0,4,0,4,0,0,0,4,0,0,0,3,0,0,3,0,0,0,0,0,40,2,0,0,0,0,0,0,5,0,5,0,0,2,0,28,1,0
/home/arch_design_predict/download-github-repos/mvp/repos/sundaymovie-master/app/src/main/java/com/sunday/sundaymovie/model/PhotoModel.java,com.sunday.sundaymovie.model.PhotoModel,class,4,6,2,4,6,1,0,9,3,0.6666667,0.0,0.0,3,0,2,1,0,0,2,0,0,0,1,0,0,1,0,0,0,0,0,46,1,0,1,2,0,0,1,3,0,2,3,1,0,0,25,1,0
/home/arch_design_predict/download-github-repos/mvp/repos/sundaymovie-master/app/src/main/java/com/sunday/sundaymovie/bean/StarMovie.java,com.sunday.sundaymovie.bean.StarMovie,class,0,9,9,0,8,1,0,0,10,0.625,0.32142857,0.75,8,0,8,0,0,0,8,0,0,0,3,0,0,3,0,0,0,0,0,30,3,0,0,0,0,0,0,6,0,3,0,0,0,0,15,1,0
/home/arch_design_predict/download-github-repos/mvp/repos/sundaymovie-master/app/src/main/java/com/sunday/sundaymovie/mvp/moviedetail/MovieDetailPresenter.java,com.sunday.sundaymovie.mvp.moviedetail.MovieDetailPresenter$Anonymous2,anonymous,3,3,0,3,2,1,0,6,0,0.0,NaN,NaN,1,0,1,0,0,0,1,0,0,0,0,0,0,0,0,0,0,0,0,12,1,1,0,0,0,0,0,3,1,1,1,0,0,0,13,-1,0
/home/arch_design_predict/download-github-repos/mvp/repos/sundaymovie-master/app/src/main/java/com/sunday/sundaymovie/mvp/home/HomeActivity.java,com.sunday.sundaymovie.mvp.home.HomeActivity,class,27,28,1,27,27,3,0,36,50,0.7948718,0.18181819,0.38181818,13,1,7,2,4,0,11,0,0,0,6,0,0,6,0,0,0,0,6,126,4,0,2,0,0,4,6,15,1,13,2,1,0,0,67,1,0
/home/arch_design_predict/download-github-repos/mvp/repos/sundaymovie-master/app/src/main/java/com/sunday/sundaymovie/mvp/moviedetail/MovieDetailPresenter.java,com.sunday.sundaymovie.mvp.moviedetail.MovieDetailPresenter$Anonymous1,anonymous,5,5,0,5,5,1,0,6,6,0.0,0.0,0.0,4,0,4,0,0,0,4,0,0,0,0,0,0,0,0,0,0,0,0,19,0,0,1,0,0,1,0,1,0,0,1,0,0,0,16,-1,0
/home/arch_design_predict/download-github-repos/mvp/repos/sundaymovie-master/app/src/main/java/com/sunday/sundaymovie/mvp/moviedetail/MovieDetailPresenter.java,com.sunday.sundaymovie.mvp.moviedetail.MovieDetailPresenter$Anonymous3,anonymous,3,3,0,3,4,1,0,3,6,0.0,0.0,0.0,4,0,4,0,0,0,4,0,0,0,0,0,0,0,0,0,0,0,0,13,0,0,0,0,0,0,0,0,0,0,0,0,0,0,10,-1,0
/home/arch_design_predict/download-github-repos/mvp/repos/sundaymovie-master/app/src/main/java/com/sunday/sundaymovie/mvp/photo/PhotoActivity.java,com.sunday.sundaymovie.mvp.photo.PhotoActivity$IntervalTransformer,innerclass,3,3,0,3,3,1,0,1,0,0.0,NaN,NaN,1,0,1,0,0,0,1,0,0,0,0,0,0,0,0,0,0,0,0,5,0,0,0,0,0,0,3,0,1,0,1,0,0,0,6,2,0
/home/arch_design_predict/download-github-repos/mvp/repos/sundaymovie-master/app/src/main/java/com/sunday/sundaymovie/base/BaseActivity.java,com.sunday.sundaymovie.base.BaseActivity,class,5,18,13,5,7,2,12,10,6,0.75,0.0,0.0,4,0,1,0,3,0,4,2,0,0,2,0,0,0,2,0,0,0,0,25,2,0,1,0,0,0,0,3,0,3,1,0,0,0,39,1025,0
/home/arch_design_predict/download-github-repos/mvp/repos/sundaymovie-master/app/src/main/java/com/sunday/sundaymovie/mvp/person/PersonAdapter.java,com.sunday.sundaymovie.mvp.person.PersonAdapter,class,8,9,1,8,5,2,0,6,0,0.5,0.5,0.5,4,0,3,0,0,1,4,0,0,0,2,0,0,2,0,0,0,0,0,41,2,0,1,0,0,0,1,3,0,3,0,0,1,0,24,0,0
/home/arch_design_predict/download-github-repos/mvp/repos/sundaymovie-master/app/src/main/java/com/sunday/sundaymovie/bean/ShowTimeMovies.java,com.sunday.sundaymovie.bean.ShowTimeMovies,class,1,3,2,1,4,1,0,0,2,0.5,0.33333334,0.33333334,4,0,4,0,0,0,4,0,0,0,2,0,0,2,0,0,0,0,0,109,2,0,0,0,0,0,0,2,0,2,0,0,1,0,16,1,0
/home/arch_design_predict/download-github-repos/mvp/repos/sundaymovie-master/app/src/main/java/com/sunday/sundaymovie/bean/AllPhoto.java,com.sunday.sundaymovie.bean.AllPhoto,class,1,6,5,1,3,1,0,1,0,0.0,1.0,1.0,3,0,3,0,0,0,3,0,0,0,1,0,0,1,0,0,0,0,0,35,1,0,0,0,0,0,0,1,0,1,0,0,1,0,13,1,0
/home/arch_design_predict/download-github-repos/mvp/repos/sundaymovie-master/app/src/main/java/com/sunday/sundaymovie/model/AllPhotoModel.java,com.sunday.sundaymovie.model.AllPhotoModel,class,5,7,2,5,1,1,0,3,0,0.0,NaN,NaN,1,0,1,0,0,0,1,0,0,0,0,0,0,0,0,0,0,0,2,5,1,0,0,0,0,0,0,0,0,0,0,0,0,0,10,1,0
/home/arch_design_predict/download-github-repos/mvp/repos/sundaymovie-master/app/src/main/java/com/sunday/sundaymovie/mvp/moviedetail/ActorAdapter.java,com.sunday.sundaymovie.mvp.moviedetail.ActorAdapter$ItemListener,interface,1,1,0,1,1,1,0,0,0,0.0,NaN,NaN,1,0,0,0,0,1,1,0,0,0,0,0,0,0,0,0,0,0,0,3,0,0,0,0,0,0,0,0,0,0,0,0,0,0,7,0,0
/home/arch_design_predict/download-github-repos/mvp/repos/sundaymovie-master/app/src/main/java/com/sunday/sundaymovie/mvp/moviedetail/MovieDetailContract.java,com.sunday.sundaymovie.mvp.moviedetail.MovieDetailContract,interface,2,2,0,2,0,1,0,0,0,0.0,-1.0,-1.0,0,0,0,0,0,0,0,0,0,0,0,0,0,0,0,0,0,0,0,34,0,0,0,0,0,0,0,0,0,0,0,0,2,0,7,0,0
/home/arch_design_predict/download-github-repos/mvp/repos/sundaymovie-master/app/src/main/java/com/sunday/sundaymovie/mvp/allphoto/AllPhotoContract.java,com.sunday.sundaymovie.mvp.allphoto.AllPhotoContract$Presenter,interface,1,1,0,1,1,1,0,0,0,0.0,NaN,NaN,1,0,0,0,0,1,1,0,0,0,0,0,0,0,0,0,0,0,0,3,0,0,0,0,0,0,0,0,0,0,0,0,0,0,5,0,0
/home/arch_design_predict/download-github-repos/mvp/repos/sundaymovie-master/app/src/main/java/com/sunday/sundaymovie/mvp/video/VideoActivity.java,com.sunday.sundaymovie.mvp.video.VideoActivity,class,22,25,3,22,31,3,0,39,219,0.88888896,0.18233618,0.36467236,27,1,22,0,5,0,27,0,0,0,12,2,0,12,0,0,2,0,0,148,0,0,0,0,0,2,2,24,0,20,1,2,0,0,101,1,0
/home/arch_design_predict/download-github-repos/mvp/repos/sundaymovie-master/app/src/main/java/com/sunday/sundaymovie/mvp/star/StarsMovieAdapter.java,com.sunday.sundaymovie.mvp.star.StarsMovieAdapter,class,9,10,1,9,5,2,0,6,0,0.53333336,0.7,1.0,5,0,4,0,0,1,5,0,0,0,3,0,0,3,0,0,0,0,0,47,2,0,0,0,0,0,0,5,0,4,0,0,2,0,31,0,0
/home/arch_design_predict/download-github-repos/mvp/repos/sundaymovie-master/app/src/main/java/com/sunday/sundaymovie/mvp/person/PersonActivity.java,com.sunday.sundaymovie.mvp.person.PersonActivity$Anonymous2,anonymous,1,1,0,1,1,1,0,2,0,0.0,NaN,NaN,1,0,1,0,0,0,1,0,0,0,0,0,0,0,0,0,0,0,0,6,0,0,0,0,1,0,0,1,0,0,0,0,0,0,7,-1,0
/home/arch_design_predict/download-github-repos/mvp/repos/sundaymovie-master/app/src/main/java/com/sunday/sundaymovie/mvp/person/PersonActivity.java,com.sunday.sundaymovie.mvp.person.PersonActivity$Anonymous1,anonymous,1,1,0,1,6,1,0,3,0,0.0,NaN,NaN,1,0,1,0,0,0,1,0,0,0,0,0,0,0,0,0,0,0,0,14,0,0,1,0,0,0,3,0,1,0,2,0,0,0,10,-1,0
/home/arch_design_predict/download-github-repos/mvp/repos/sundaymovie-master/app/src/main/java/com/sunday/sundaymovie/mvp/moviedetail/MovieDetailContract.java,com.sunday.sundaymovie.mvp.moviedetail.MovieDetailContract$Presenter,interface,2,2,0,2,7,1,0,0,21,0.0,0.0,0.0,7,0,0,0,0,7,7,0,0,0,0,0,0,0,0,0,0,0,0,9,0,0,0,0,0,0,0,0,0,0,0,0,0,0,13,0,0
/home/arch_design_predict/download-github-repos/mvp/repos/sundaymovie-master/app/src/main/java/com/sunday/sundaymovie/mvp/video/VideoContract.java,com.sunday.sundaymovie.mvp.video.VideoContract$View,interface,2,2,0,2,14,1,0,0,91,0.0,0.0,0.0,14,0,0,0,0,14,14,0,0,0,0,0,0,0,0,0,0,0,0,16,0,0,0,0,0,0,0,0,0,0,0,0,0,0,27,0,0
/home/arch_design_predict/download-github-repos/mvp/repos/sundaymovie-master/app/src/main/java/com/sunday/sundaymovie/ui/SettingsFragment.java,com.sunday.sundaymovie.ui.SettingsFragment$Anonymous1,anonymous,0,0,0,0,1,1,0,1,0,0.0,NaN,NaN,1,0,1,0,0,0,1,0,0,0,0,0,0,0,0,0,0,0,0,5,0,0,0,0,0,0,0,0,0,0,0,0,0,0,3,-1,0
/home/arch_design_predict/download-github-repos/mvp/repos/sundaymovie-master/app/src/main/java/com/sunday/sundaymovie/ui/SettingsFragment.java,com.sunday.sundaymovie.ui.SettingsFragment$Anonymous2,anonymous,2,2,0,2,4,1,0,4,6,0.0,0.0,0.0,4,0,4,0,0,0,4,0,0,0,0,0,0,0,0,0,0,0,0,12,0,0,0,0,0,2,0,0,0,0,0,0,0,0,13,-1,0
/home/arch_design_predict/download-github-repos/mvp/repos/sundaymovie-master/app/src/main/java/com/sunday/sundaymovie/widget/MyBehavior.java,com.sunday.sundaymovie.widget.MyBehavior,class,7,8,1,7,8,1,0,9,10,0.0,0.0,0.0,5,0,4,1,0,0,4,0,0,0,0,0,0,0,0,0,0,0,1,27,3,1,0,0,0,0,2,7,1,6,2,0,0,0,37,1,0
/home/arch_design_predict/download-github-repos/mvp/repos/sundaymovie-master/app/src/main/java/com/sunday/sundaymovie/model/ShowTimeModel.java,com.sunday.sundaymovie.model.ShowTimeModel,class,4,5,1,4,2,1,0,2,0,0.0,1.0,1.0,2,0,2,0,0,0,2,0,0,0,1,0,0,1,0,0,0,0,1,9,1,0,0,0,0,0,0,1,0,1,0,0,0,0,12,1,0
/home/arch_design_predict/download-github-repos/mvp/repos/sundaymovie-master/app/src/main/java/com/sunday/sundaymovie/widget/MyScrollView.java,com.sunday.sundaymovie.widget.MyScrollView,class,4,5,1,4,6,2,0,2,8,0.6,0.1,0.1,5,0,4,0,1,0,5,0,0,0,1,0,0,1,0,0,0,0,0,24,0,0,1,0,0,0,0,1,0,1,1,0,1,0,24,1,0
/home/arch_design_predict/download-github-repos/mvp/repos/sundaymovie-master/app/src/main/java/com/sunday/sundaymovie/ui/SettingsFragment.java,com.sunday.sundaymovie.ui.SettingsFragment,class,9,11,2,9,6,2,0,9,4,0.4,1.0,1.0,5,0,2,3,0,0,2,0,0,0,1,0,0,1,0,0,0,0,2,42,1,0,1,0,0,1,0,1,0,1,1,2,0,0,26,1,0
/home/arch_design_predict/download-github-repos/mvp/repos/sundaymovie-master/app/src/main/java/com/sunday/sundaymovie/mvp/person/PersonContract.java,com.sunday.sundaymovie.mvp.person.PersonContract$View,interface,4,4,0,4,21,1,0,0,210,0.0,0.0,0.0,21,0,0,0,0,21,21,0,0,0,0,0,0,0,0,0,0,0,0,23,0,0,0,0,0,0,0,0,0,0,0,0,0,0,35,0,0
/home/arch_design_predict/download-github-repos/mvp/repos/sundaymovie-master/app/src/main/java/com/sunday/sundaymovie/mvp/photo/PhotoContract.java,com.sunday.sundaymovie.mvp.photo.PhotoContract$View,interface,2,2,0,2,6,1,0,0,15,0.0,0.0,0.0,6,0,0,0,0,6,6,0,0,0,0,0,0,0,0,0,0,0,0,8,0,0,0,0,0,0,0,0,0,0,0,0,0,0,19,0,0
/home/arch_design_predict/download-github-repos/mvp/repos/sundaymovie-master/app/src/main/java/com/sunday/sundaymovie/bean/Person.java,com.sunday.sundaymovie.bean.Person$ExpriencesBean,innerclass,2,2,0,2,11,1,0,4,13,0.6909091,0.26666668,0.8,11,0,10,1,0,0,10,0,0,0,5,1,1,4,0,0,1,0,0,57,5,0,0,0,0,0,1,9,0,5,0,1,0,0,27,9,0
/home/arch_design_predict/download-github-repos/mvp/repos/sundaymovie-master/app/src/main/java/com/sunday/sundaymovie/mvp/moviedetail/MovieDetailContract.java,com.sunday.sundaymovie.mvp.moviedetail.MovieDetailContract$View,interface,4,4,0,4,21,1,0,0,210,0.0,0.0,0.0,21,0,0,0,0,21,21,0,0,0,0,0,0,0,0,0,0,0,0,23,0,0,0,0,0,0,0,0,0,0,0,0,0,0,41,0,0
/home/arch_design_predict/download-github-repos/mvp/repos/sundaymovie-master/app/src/main/java/com/sunday/sundaymovie/model/StarModel.java,com.sunday.sundaymovie.model.StarModel,class,5,8,3,5,5,1,0,9,0,0.2,0.6,0.6,5,0,5,0,0,0,5,0,0,0,1,1,0,1,0,0,0,0,1,24,2,0,0,0,0,0,0,2,0,2,0,1,0,0,20,1,0
/home/arch_design_predict/download-github-repos/mvp/repos/sundaymovie-master/app/src/main/java/com/sunday/sundaymovie/mvp/allphoto/AllPhotoContract.java,com.sunday.sundaymovie.mvp.allphoto.AllPhotoContract,interface,2,2,0,2,0,1,0,0,0,0.0,-1.0,-1.0,0,0,0,0,0,0,0,0,0,0,0,0,0,0,0,0,0,0,0,12,0,0,0,0,0,0,0,0,0,0,0,0,2,0,7,0,0
/home/arch_design_predict/download-github-repos/mvp/repos/sundaymovie-master/app/src/main/java/com/sunday/sundaymovie/mvp/star/StarActivity.java,com.sunday.sundaymovie.mvp.star.StarActivity,class,16,18,2,16,11,3,0,14,31,0.76666665,0.15555556,0.15555556,10,1,5,0,5,0,10,0,0,0,3,0,0,3,0,0,0,0,1,48,0,0,1,0,0,0,1,5,0,5,1,0,0,0,50,1,0
/home/arch_design_predict/download-github-repos/mvp/repos/sundaymovie-master/app/src/main/java/com/sunday/sundaymovie/base/BaseView.java,com.sunday.sundaymovie.base.BaseView,interface,1,31,30,1,1,1,0,0,0,0.0,NaN,NaN,1,0,0,0,0,1,1,0,0,0,0,0,0,0,0,0,0,0,0,3,0,0,0,0,0,0,0,0,0,0,0,0,0,0,8,1,0
/home/arch_design_predict/download-github-repos/mvp/repos/sundaymovie-master/app/src/main/java/com/sunday/sundaymovie/bean/Movie.java,com.sunday.sundaymovie.bean.Movie$BasicBean$FestivalsBean,innerclass,0,0,0,0,10,1,0,0,35,0.8,0.11111111,0.11111111,10,0,10,0,0,0,10,0,0,0,5,0,0,5,0,0,0,0,0,37,5,0,0,0,0,0,0,5,0,5,0,0,0,0,20,9,0
/home/arch_design_predict/download-github-repos/mvp/repos/sundaymovie-master/app/src/main/java/com/sunday/sundaymovie/bean/Movie.java,com.sunday.sundaymovie.bean.Movie$BasicBean,innerclass,5,5,0,5,34,1,0,0,527,0.9411765,0.030303031,0.030303031,34,0,34,0,0,0,34,0,0,0,17,0,0,17,0,0,0,0,0,301,17,0,0,0,0,0,0,17,0,17,0,0,5,0,55,9,0
/home/arch_design_predict/download-github-repos/mvp/repos/sundaymovie-master/app/src/main/java/com/sunday/sundaymovie/mvp/home/ComingFragment.java,com.sunday.sundaymovie.mvp.home.ComingFragment,class,6,7,1,6,10,3,0,18,0,0.0,1.0,1.0,3,0,3,0,0,0,3,0,0,0,1,0,0,1,0,0,0,0,0,38,3,0,3,0,1,0,4,2,0,2,2,0,0,0,40,1,0
/home/arch_design_predict/download-github-repos/mvp/repos/sundaymovie-master/app/src/main/java/com/sunday/sundaymovie/bean/Person.java,com.sunday.sundaymovie.bean.Person$ImagesBean,innerclass,0,0,0,0,4,1,0,0,2,0.5,0.33333334,0.33333334,4,0,4,0,0,0,4,0,0,0,2,0,0,2,0,0,0,0,0,16,2,0,0,0,0,0,0,2,0,2,0,0,0,0,9,9,0
/home/arch_design_predict/download-github-repos/mvp/repos/sundaymovie-master/app/src/main/java/com/sunday/sundaymovie/bean/AllPhoto.java,com.sunday.sundaymovie.bean.AllPhoto$Image,innerclass,0,0,0,0,6,1,0,0,9,0.6666667,0.2,0.2,6,0,6,0,0,0,6,0,0,0,3,0,0,3,0,0,0,0,0,23,3,0,0,0,0,0,0,3,0,3,0,0,0,0,9,9,0
/home/arch_design_predict/download-github-repos/mvp/repos/sundaymovie-master/app/src/main/java/com/sunday/sundaymovie/mvp/search/SearchAdapter.java,com.sunday.sundaymovie.mvp.search.SearchAdapter$ViewHolder,innerclass,9,9,0,9,12,2,0,20,0,0.33333334,0.6666667,1.0,3,0,1,0,0,2,3,0,0,0,4,0,0,4,0,0,0,0,1,57,0,0,5,0,0,2,0,8,0,8,3,0,0,0,22,0,0
/home/arch_design_predict/download-github-repos/mvp/repos/sundaymovie-master/app/src/main/java/com/sunday/sundaymovie/mvp/home/HomePagerAdapter.java,com.sunday.sundaymovie.mvp.home.HomePagerAdapter,class,3,4,1,3,5,2,0,5,2,0.5,0.4,0.6,5,0,3,0,0,2,5,0,0,0,2,0,0,2,0,0,0,0,0,20,3,0,0,0,0,0,0,2,0,2,0,0,0,0,26,0,0
/home/arch_design_predict/download-github-repos/mvp/repos/sundaymovie-master/app/src/main/java/com/sunday/sundaymovie/mvp/photo/PhotoViewPagerAdapter.java,com.sunday.sundaymovie.mvp.photo.PhotoViewPagerAdapter$Anonymous1,anonymous,3,3,0,3,1,1,0,3,0,0.0,NaN,NaN,1,0,1,0,0,0,1,0,0,0,0,0,0,0,0,0,0,0,0,8,0,0,0,0,0,0,0,0,0,0,0,0,0,0,12,-1,0
/home/arch_design_predict/download-github-repos/mvp/repos/sundaymovie-master/app/src/main/java/com/sunday/sundaymovie/bean/Person.java,com.sunday.sundaymovie.bean.Person$RelationPersonsBean,innerclass,0,0,0,0,10,1,0,0,35,0.8,0.11111111,0.11111111,10,0,10,0,0,0,10,0,0,0,5,0,0,5,0,0,0,0,0,37,5,0,0,0,0,0,0,5,0,5,0,0,0,0,17,9,0
/home/arch_design_predict/download-github-repos/mvp/repos/sundaymovie-master/app/src/main/java/com/sunday/sundaymovie/base/BaseApplication.java,com.sunday.sundaymovie.base.BaseApplication,class,4,11,7,4,2,2,0,3,0,0.0,1.0,1.0,2,1,2,0,0,0,2,0,0,0,1,1,0,1,0,0,0,0,0,18,1,0,0,0,0,0,0,1,0,1,0,1,0,0,10,1,0
/home/arch_design_predict/download-github-repos/mvp/repos/sundaymovie-master/app/src/main/java/com/sunday/sundaymovie/mvp/allvideo/VideosAdapter.java,com.sunday.sundaymovie.mvp.allvideo.VideosAdapter$ItemListener,interface,1,1,0,1,1,1,0,0,0,0.0,NaN,NaN,1,0,0,0,0,1,1,0,0,0,0,0,0,0,0,0,0,0,0,3,0,0,0,0,0,0,0,0,0,0,0,0,0,0,6,0,0
/home/arch_design_predict/download-github-repos/mvp/repos/sundaymovie-master/app/src/main/java/com/sunday/sundaymovie/mvp/home/ComingPresenter.java,com.sunday.sundaymovie.mvp.home.ComingPresenter$Anonymous1,anonymous,4,4,0,4,4,1,0,7,6,0.0,0.0,0.0,4,0,4,0,0,0,4,0,0,0,0,0,0,0,0,0,0,0,0,17,0,0,0,0,0,1,0,0,0,0,0,0,0,0,13,-1,0
/home/arch_design_predict/download-github-repos/mvp/repos/sundaymovie-master/app/src/main/java/com/sunday/sundaymovie/mvp/allvideo/AllVideoPresenter.java,com.sunday.sundaymovie.mvp.allvideo.AllVideoPresenter,class,9,12,3,9,10,1,0,11,0,0.7532467,0.7,1.0,7,0,4,2,0,1,5,0,0,0,11,0,0,11,0,0,4,0,0,79,0,0,1,0,0,0,2,11,0,11,2,1,0,0,37,0,0
/home/arch_design_predict/download-github-repos/mvp/repos/sundaymovie-master/app/src/androidTest/java/com/sunday/sundaymovie/ExampleInstrumentedTest.java,com.sunday.sundaymovie.ExampleInstrumentedTest,class,4,4,0,4,1,1,0,3,0,0.0,NaN,NaN,1,0,1,0,0,0,1,0,0,0,0,0,0,0,0,0,0,0,0,6,0,0,0,0,0,1,0,1,0,1,0,0,0,0,21,1,0
/home/arch_design_predict/download-github-repos/mvp/repos/sundaymovie-master/app/src/main/java/com/sunday/sundaymovie/bean/Person.java,com.sunday.sundaymovie.bean.Person$FestivalsBean,innerclass,0,0,0,0,10,1,0,0,35,0.8,0.11111111,0.11111111,10,0,10,0,0,0,10,0,0,0,5,0,0,5,0,0,0,0,0,37,5,0,0,0,0,0,0,5,0,5,0,0,0,0,18,9,0
/home/arch_design_predict/download-github-repos/mvp/repos/sundaymovie-master/app/src/main/java/com/sunday/sundaymovie/mvp/expriences/ExpriencesActivity.java,com.sunday.sundaymovie.mvp.expriences.ExpriencesActivity,class,16,18,2,16,9,3,0,15,22,0.6666667,0.19444445,0.19444445,9,1,5,0,4,0,9,0,0,0,2,0,0,2,0,0,0,0,1,41,0,0,0,0,0,3,0,5,0,5,0,0,0,0,49,1,0
/home/arch_design_predict/download-github-repos/mvp/repos/sundaymovie-master/app/src/main/java/com/sunday/sundaymovie/mvp/photo/PhotoContract.java,com.sunday.sundaymovie.mvp.photo.PhotoContract$Presenter,interface,1,1,0,1,4,1,0,0,6,0.0,0.0,0.0,4,0,0,0,0,4,4,0,0,0,0,0,0,0,0,0,0,0,0,6,0,0,0,0,0,0,0,0,0,0,0,0,0,0,13,0,0
/home/arch_design_predict/download-github-repos/mvp/repos/sundaymovie-master/app/src/main/java/com/sunday/sundaymovie/db/DataBaseHelper.java,com.sunday.sundaymovie.db.DataBaseHelper,class,3,4,1,3,3,2,0,1,3,0.6666667,0.0,0.0,3,0,2,0,0,1,3,0,0,0,3,3,0,3,0,0,3,0,0,13,0,0,0,0,0,6,1,3,1,3,0,0,0,0,38,0,0
/home/arch_design_predict/download-github-repos/mvp/repos/sundaymovie-master/app/src/main/java/com/sunday/sundaymovie/widget/HackyViewPager.java,com.sunday.sundaymovie.widget.HackyViewPager,class,4,5,1,4,4,2,0,2,3,0.0,0.0,0.0,3,0,3,0,0,0,3,0,0,0,0,0,0,0,0,0,0,0,0,17,2,0,0,1,0,0,0,0,0,0,1,0,0,0,25,1,0
/home/arch_design_predict/download-github-repos/mvp/repos/sundaymovie-master/app/src/main/java/com/sunday/sundaymovie/mvp/home/ShowTimeFragment.java,com.sunday.sundaymovie.mvp.home.ShowTimeFragment,class,6,7,1,6,10,3,0,18,0,0.0,1.0,1.0,3,0,3,0,0,0,3,0,0,0,1,0,0,1,0,0,0,0,0,38,3,0,3,0,1,0,4,2,0,2,2,0,0,0,44,1,0
/home/arch_design_predict/download-github-repos/mvp/repos/sundaymovie-master/app/src/main/java/com/sunday/sundaymovie/bean/Movie.java,com.sunday.sundaymovie.bean.Movie$BasicBean$ActorsBean,innerclass,0,0,0,0,12,1,0,0,54,0.8333333,0.09090909,0.09090909,12,0,12,0,0,0,12,0,0,0,6,0,0,6,0,0,0,0,0,44,6,0,0,0,0,0,0,6,0,6,0,0,0,0,18,9,0
/home/arch_design_predict/download-github-repos/mvp/repos/sundaymovie-master/app/src/main/java/com/sunday/sundaymovie/bean/VideoAll.java,com.sunday.sundaymovie.bean.VideoAll$Video,innerclass,0,0,0,0,14,1,0,0,77,0.85714287,0.07692308,0.07692308,14,0,14,0,0,0,14,0,0,0,7,0,0,7,0,0,0,0,0,51,7,0,0,0,0,0,0,7,0,7,0,0,0,0,19,9,0
/home/arch_design_predict/download-github-repos/mvp/repos/sundaymovie-master/app/src/main/java/com/sunday/sundaymovie/widget/ItemSpacing.java,com.sunday.sundaymovie.widget.ItemSpacing,class,8,10,2,8,18,2,0,7,0,0.25,0.0,0.0,4,0,2,2,0,0,2,0,0,0,1,0,0,1,0,0,1,0,10,62,0,0,8,0,2,0,9,17,16,5,2,0,0,0,26,1,0
/home/arch_design_predict/download-github-repos/mvp/repos/sundaymovie-master/app/src/main/java/com/sunday/sundaymovie/net/converter/MovieConverter.java,com.sunday.sundaymovie.net.converter.MovieConverter,class,6,7,1,6,1,1,0,5,0,0.0,NaN,NaN,1,0,1,0,0,0,1,0,0,0,0,0,0,0,0,0,0,0,0,7,1,0,0,0,0,1,0,2,0,2,0,0,0,0,19,1,0
/home/arch_design_predict/download-github-repos/mvp/repos/sundaymovie-master/app/src/main/java/com/sunday/sundaymovie/mvp/person/PersonActivity.java,com.sunday.sundaymovie.mvp.person.PersonActivity,class,34,39,5,34,38,4,0,48,395,0.9230769,0.08201058,0.5555556,31,1,24,3,4,0,28,0,0,0,13,0,0,13,0,0,0,0,4,238,2,1,0,3,2,7,7,42,3,40,2,2,1,0,132,1,0
/home/arch_design_predict/download-github-repos/mvp/repos/sundaymovie-master/app/src/main/java/com/sunday/sundaymovie/mvp/home/ComingPresenter.java,com.sunday.sundaymovie.mvp.home.ComingPresenter,class,5,6,1,5,2,2,0,2,0,0.0,1.0,1.0,2,0,0,0,1,1,2,0,0,0,1,0,0,1,0,0,0,0,0,27,0,0,0,0,0,0,0,1,0,1,0,1,0,0,11,0,0
/home/arch_design_predict/download-github-repos/mvp/repos/sundaymovie-master/app/src/main/java/com/sunday/sundaymovie/mvp/home/HomeContract.java,com.sunday.sundaymovie.mvp.home.HomeContract$Presenter,interface,1,1,0,1,4,1,0,0,6,0.0,0.0,0.0,4,0,0,0,0,4,4,0,0,0,0,0,0,0,0,0,0,0,0,6,0,0,0,0,0,0,0,0,0,0,0,0,0,0,14,0,0
/home/arch_design_predict/download-github-repos/mvp/repos/sundaymovie-master/app/src/main/java/com/sunday/sundaymovie/bean/Movie.java,com.sunday.sundaymovie.bean.Movie,class,2,6,4,2,4,1,0,0,2,0.5,0.33333334,0.33333334,4,0,4,0,0,0,4,0,0,0,2,0,0,2,0,0,0,0,0,350,2,0,0,0,0,0,0,2,0,2,0,0,2,0,14,1,0
/home/arch_design_predict/download-github-repos/mvp/repos/sundaymovie-master/app/src/main/java/com/sunday/sundaymovie/mvp/person/PersonPresenter.java,com.sunday.sundaymovie.mvp.person.PersonPresenter,class,12,15,3,12,18,1,0,53,6,0.6875,0.4,0.4,8,0,5,2,0,1,6,0,0,0,6,0,0,6,0,0,3,0,0,102,0,1,6,0,0,0,6,9,0,11,2,1,0,0,34,0,0
/home/arch_design_predict/download-github-repos/mvp/repos/sundaymovie-master/app/src/main/java/com/sunday/sundaymovie/mvp/allvideo/VideosAdapter.java,com.sunday.sundaymovie.mvp.allvideo.VideosAdapter$VideosViewHolder,innerclass,8,8,0,8,3,2,0,12,0,0.33333334,0.6666667,1.0,3,0,1,0,0,2,3,0,0,0,4,0,0,4,0,0,0,0,1,22,0,0,0,0,0,0,1,4,1,4,0,0,0,0,18,0,0
/home/arch_design_predict/download-github-repos/mvp/repos/sundaymovie-master/app/src/main/java/com/sunday/sundaymovie/base/BaseApplication.java,com.sunday.sundaymovie.base.BaseApplication$Anonymous1,anonymous,0,0,0,0,2,1,0,1,0,0.0,NaN,NaN,1,0,1,0,0,0,1,0,0,0,0,0,0,0,0,0,0,0,0,7,0,0,1,0,0,0,0,0,0,0,1,0,0,0,5,-1,0
/home/arch_design_predict/download-github-repos/mvp/repos/sundaymovie-master/app/src/main/java/com/sunday/sundaymovie/adapter/GridPhotosAdapter.java,com.sunday.sundaymovie.adapter.GridPhotosAdapter$ViewHolder,innerclass,5,5,0,5,3,2,0,7,1,0.33333334,0.33333334,0.33333334,3,0,2,0,0,1,3,0,0,0,1,0,0,1,0,0,0,0,0,14,0,0,0,0,0,0,0,1,0,1,0,0,0,0,14,0,0
/home/arch_design_predict/download-github-repos/mvp/repos/sundaymovie-master/app/src/main/java/com/sunday/sundaymovie/bean/Movie.java,com.sunday.sundaymovie.bean.Movie$BasicBean$VideoBean,innerclass,0,0,0,0,10,1,0,0,35,0.8,0.11111111,0.11111111,10,0,10,0,0,0,10,0,0,0,5,0,0,5,0,0,0,0,0,37,5,0,0,0,0,0,0,5,0,5,0,0,0,0,18,9,0
/home/arch_design_predict/download-github-repos/mvp/repos/sundaymovie-master/app/src/main/java/com/sunday/sundaymovie/net/converter/PersonConverter.java,com.sunday.sundaymovie.net.converter.PersonConverter,class,6,7,1,6,1,1,0,5,0,0.0,NaN,NaN,1,0,1,0,0,0,1,0,0,0,0,0,0,0,0,0,0,0,0,7,1,0,0,0,0,2,0,2,0,2,0,0,0,0,19,1,0
/home/arch_design_predict/download-github-repos/mvp/repos/sundaymovie-master/app/src/main/java/com/sunday/sundaymovie/mvp/allvideo/AllVideoActivity.java,com.sunday.sundaymovie.mvp.allvideo.AllVideoActivity,class,19,21,2,19,15,4,0,24,46,0.7692308,0.20512821,0.35897437,13,1,9,0,4,0,13,0,0,0,5,0,0,5,0,0,0,0,1,88,0,0,2,0,0,4,1,10,0,9,1,1,1,0,61,1,0
/home/arch_design_predict/download-github-repos/mvp/repos/sundaymovie-master/app/src/main/java/com/sunday/sundaymovie/base/BasePresenter.java,com.sunday.sundaymovie.base.BasePresenter,interface,0,30,30,0,2,1,0,0,1,0.0,0.0,0.0,2,0,0,0,0,2,2,0,0,0,0,0,0,0,0,0,0,0,0,4,0,0,0,0,0,0,0,0,0,0,0,0,0,0,8,1,0
/home/arch_design_predict/download-github-repos/mvp/repos/sundaymovie-master/app/src/main/java/com/sunday/sundaymovie/mvp/allphoto/AllPhotoContract.java,com.sunday.sundaymovie.mvp.allphoto.AllPhotoContract$View,interface,2,2,0,2,5,1,0,0,10,0.0,0.0,0.0,5,0,0,0,0,5,5,0,0,0,0,0,0,0,0,0,0,0,0,7,0,0,0,0,0,0,0,0,0,0,0,0,0,0,14,0,0
/home/arch_design_predict/download-github-repos/mvp/repos/sundaymovie-master/app/src/main/java/com/sunday/sundaymovie/bean/Movie.java,com.sunday.sundaymovie.bean.Movie$BoxOfficeBean,innerclass,0,0,0,0,9,1,0,4,5,0.6111111,0.33333334,0.46666667,6,0,6,0,0,0,6,0,0,0,3,0,0,3,0,0,0,0,1,33,5,0,2,0,1,2,2,3,1,3,2,0,0,0,13,9,0
/home/arch_design_predict/download-github-repos/mvp/repos/sundaymovie-master/app/src/main/java/com/sunday/sundaymovie/mvp/moviedetail/ActorAdapter.java,com.sunday.sundaymovie.mvp.moviedetail.ActorAdapter,class,9,10,1,9,5,2,0,6,0,0.5833333,0.5,0.5,4,0,3,0,0,1,4,0,0,0,3,0,0,3,0,0,0,0,0,45,2,0,1,0,0,0,1,4,0,4,0,0,2,0,26,0,0
/home/arch_design_predict/download-github-repos/mvp/repos/sundaymovie-master/app/src/main/java/com/sunday/sundaymovie/mvp/home/ComingAdapter.java,com.sunday.sundaymovie.mvp.home.ComingAdapter,class,12,14,2,12,7,2,0,7,0,0.81632656,0.73333335,1.0,7,0,3,1,0,3,6,0,0,0,7,3,0,4,0,3,3,0,0,83,4,0,0,0,0,0,3,9,0,9,0,0,1,0,49,0,0
/home/arch_design_predict/download-github-repos/mvp/repos/sundaymovie-master/app/src/main/java/com/sunday/sundaymovie/mvp/search/SearchAdapter.java,com.sunday.sundaymovie.mvp.search.SearchAdapter$ItemListener,interface,2,2,0,2,2,1,0,0,1,0.0,0.0,0.0,2,0,0,0,0,2,2,0,0,0,0,0,0,0,0,0,0,0,0,4,0,0,0,0,0,0,0,0,0,0,0,0,0,0,9,1,0
/home/arch_design_predict/download-github-repos/mvp/repos/sundaymovie-master/app/src/main/java/com/sunday/sundaymovie/mvp/photo/PhotoPresenter.java,com.sunday.sundaymovie.mvp.photo.PhotoPresenter$Anonymous1,anonymous,3,3,0,3,4,1,0,2,6,0.0,0.0,0.0,4,0,4,0,0,0,4,0,0,0,0,0,0,0,0,0,0,0,0,13,0,0,0,0,0,3,0,1,0,0,0,0,0,0,14,-1,0
/home/arch_design_predict/download-github-repos/mvp/repos/sundaymovie-master/app/src/main/java/com/sunday/sundaymovie/mvp/allvideo/VideosAdapter.java,com.sunday.sundaymovie.mvp.allvideo.VideosAdapter,class,9,10,1,9,5,2,0,6,0,0.53333336,0.7,1.0,5,0,4,0,0,1,5,0,0,0,3,0,0,3,0,0,0,0,0,50,2,0,0,0,0,0,0,5,0,4,0,0,2,0,30,0,0
/home/arch_design_predict/download-github-repos/mvp/repos/sundaymovie-master/app/src/main/java/com/sunday/sundaymovie/bean/SearchPerson.java,com.sunday.sundaymovie.bean.SearchPerson,class,1,5,4,1,11,2,0,1,35,0.8,0.11111111,0.11111111,10,0,10,0,0,0,10,0,0,0,5,0,0,5,0,0,0,0,0,37,5,0,1,0,0,0,1,5,0,5,0,0,0,0,20,1,0
/home/arch_design_predict/download-github-repos/mvp/repos/sundaymovie-master/app/src/main/java/com/sunday/sundaymovie/mvp/search/SearchPresenter.java,com.sunday.sundaymovie.mvp.search.SearchPresenter$Anonymous1,anonymous,5,5,0,5,5,1,0,5,6,0.0,0.0,0.0,4,0,4,0,0,0,4,0,0,0,0,0,0,0,0,0,0,0,0,19,0,0,1,0,0,1,0,1,0,0,1,0,0,0,17,-1,0
/home/arch_design_predict/download-github-repos/mvp/repos/sundaymovie-master/app/src/main/java/com/sunday/sundaymovie/mvp/search/SearchAdapter.java,com.sunday.sundaymovie.mvp.search.SearchAdapter,class,9,10,1,9,5,2,0,6,0,0.50000006,0.7,1.0,5,0,4,0,0,1,5,0,0,0,4,0,0,4,0,0,0,0,0,89,2,0,0,0,0,0,0,7,0,5,0,0,2,0,36,0,0
/home/arch_design_predict/download-github-repos/mvp/repos/sundaymovie-master/app/src/main/java/com/sunday/sundaymovie/bean/Search.java,com.sunday.sundaymovie.bean.Search,class,0,9,9,0,2,1,2,0,0,0.0,1.0,1.0,2,0,2,0,0,0,2,0,0,0,1,0,0,1,0,0,0,0,0,9,1,0,0,0,0,0,0,1,0,1,0,0,0,0,10,1,0
/home/arch_design_predict/download-github-repos/mvp/repos/sundaymovie-master/app/src/main/java/com/sunday/sundaymovie/util/StringFormatUtil.java,com.sunday.sundaymovie.util.StringFormatUtil,class,0,3,3,0,2,1,0,4,0,0.0,NaN,NaN,1,1,1,0,0,0,1,0,0,0,2,2,0,2,0,0,0,0,1,17,2,0,0,0,1,2,7,6,5,6,1,0,0,0,20,1,0
/home/arch_design_predict/download-github-repos/mvp/repos/sundaymovie-master/app/src/main/java/com/sunday/sundaymovie/net/converter/BytesConverter.java,com.sunday.sundaymovie.net.converter.BytesConverter,class,3,3,0,3,1,1,0,2,0,0.0,NaN,NaN,1,0,1,0,0,0,1,0,0,0,0,0,0,0,0,0,0,0,0,5,1,0,0,0,0,0,0,0,0,0,0,0,0,0,10,1,0
/home/arch_design_predict/download-github-repos/mvp/repos/sundaymovie-master/app/src/main/java/com/sunday/sundaymovie/mvp/allphoto/AllPhotoPresenter.java,com.sunday.sundaymovie.mvp.allphoto.AllPhotoPresenter,class,9,12,3,9,10,1,0,14,6,0.6785714,0.3,0.3,8,0,3,3,0,2,5,0,0,0,7,0,0,7,0,0,2,0,0,70,0,1,1,0,0,4,0,8,2,8,1,1,0,0,30,0,0
/home/arch_design_predict/download-github-repos/mvp/repos/sundaymovie-master/app/src/main/java/com/sunday/sundaymovie/mvp/moviedetail/MovieDetailActivity.java,com.sunday.sundaymovie.mvp.moviedetail.MovieDetailActivity$Anonymous1,anonymous,0,0,0,0,1,1,0,1,0,0.0,NaN,NaN,1,0,1,0,0,0,1,0,0,0,0,0,0,0,0,0,0,0,0,5,0,0,0,0,0,0,0,0,0,0,0,0,0,0,1,-1,0
/home/arch_design_predict/download-github-repos/mvp/repos/sundaymovie-master/app/src/main/java/com/sunday/sundaymovie/mvp/photo/PhotoActivity.java,com.sunday.sundaymovie.mvp.photo.PhotoActivity,class,24,29,5,24,28,3,0,50,66,0.8352941,0.28333333,0.55833334,17,2,11,1,5,0,16,0,0,0,10,4,0,10,0,0,4,0,0,154,4,0,5,0,0,7,5,18,1,17,2,2,1,0,108,1,0
/home/arch_design_predict/download-github-repos/mvp/repos/sundaymovie-master/app/src/main/java/com/sunday/sundaymovie/mvp/allvideo/AllVideoActivity.java,com.sunday.sundaymovie.mvp.allvideo.AllVideoActivity$OnScrollEndListener,innerclass,4,4,0,4,4,2,0,6,1,0.0,0.0,0.0,2,0,1,0,0,1,2,0,0,0,0,0,0,0,0,0,0,0,0,12,1,0,1,0,0,0,1,0,2,0,1,0,0,0,11,2,0
/home/arch_design_predict/download-github-repos/mvp/repos/sundaymovie-master/app/src/main/java/com/sunday/sundaymovie/mvp/star/StarsMovieAdapter.java,com.sunday.sundaymovie.mvp.star.StarsMovieAdapter$ViewHolder,innerclass,7,7,0,7,3,2,0,11,1,0.44444445,0.33333334,0.33333334,3,0,1,0,0,2,3,0,0,0,3,0,0,3,0,0,0,0,0,19,0,0,0,0,0,0,0,3,0,3,0,0,0,0,18,0,0
/home/arch_design_predict/download-github-repos/mvp/repos/sundaymovie-master/app/src/main/java/com/sunday/sundaymovie/mvp/allvideo/AllVideoContract.java,com.sunday.sundaymovie.mvp.allvideo.AllVideoContract$Presenter,interface,2,2,0,2,2,1,0,0,1,0.0,0.0,0.0,2,0,0,0,0,2,2,0,0,0,0,0,0,0,0,0,0,0,0,4,0,0,0,0,0,0,0,0,0,0,0,0,0,0,7,0,0
/home/arch_design_predict/download-github-repos/mvp/repos/sundaymovie-master/app/src/main/java/com/sunday/sundaymovie/model/SearchModel.java,com.sunday.sundaymovie.model.SearchModel,class,8,9,1,8,6,1,0,13,0,0.4,0.7,1.0,5,0,5,0,0,0,5,0,0,0,2,0,0,2,0,0,0,0,3,30,2,1,0,0,0,3,0,7,0,7,1,0,0,0,27,1,0
/home/arch_design_predict/download-github-repos/mvp/repos/sundaymovie-master/app/src/main/java/com/sunday/sundaymovie/util/GlideCacheUtil.java,com.sunday.sundaymovie.util.GlideCacheUtil$Anonymous2,anonymous,4,4,0,4,1,1,0,5,0,0.0,NaN,NaN,1,0,1,0,0,0,1,0,0,0,0,0,0,0,0,0,0,0,3,6,0,0,0,0,0,1,0,1,1,1,0,0,0,0,9,-1,0
/home/arch_design_predict/download-github-repos/mvp/repos/sundaymovie-master/app/src/main/java/com/sunday/sundaymovie/bean/SearchResult.java,com.sunday.sundaymovie.bean.SearchResult,class,1,5,4,1,4,1,0,1,0,0.6875,0.6666667,1.0,4,0,4,0,0,0,4,0,0,0,4,2,2,2,0,0,2,0,0,19,2,0,0,0,0,0,2,4,0,4,0,0,0,0,26,1,0
/home/arch_design_predict/download-github-repos/mvp/repos/sundaymovie-master/app/src/main/java/com/sunday/sundaymovie/util/GlideCacheUtil.java,com.sunday.sundaymovie.util.GlideCacheUtil$Anonymous1,anonymous,3,3,0,3,2,1,0,4,0,0.0,NaN,NaN,1,0,1,0,0,0,1,0,0,0,0,0,0,0,0,0,0,0,1,10,0,0,0,0,0,0,0,2,0,0,1,0,0,0,7,-1,0
/home/arch_design_predict/download-github-repos/mvp/repos/sundaymovie-master/app/src/main/java/com/sunday/sundaymovie/mvp/expriences/ExpriencesAdapter.java,com.sunday.sundaymovie.mvp.expriences.ExpriencesAdapter$ItemListener,interface,0,0,0,0,1,1,0,0,0,0.0,NaN,NaN,1,0,0,0,0,1,1,0,0,0,0,0,0,0,0,0,0,0,0,3,0,0,0,0,0,0,0,0,0,0,0,0,0,0,6,0,0
/home/arch_design_predict/download-github-repos/mvp/repos/sundaymovie-master/app/src/main/java/com/sunday/sundaymovie/mvp/allphoto/AllPhotoActivity.java,com.sunday.sundaymovie.mvp.allphoto.AllPhotoActivity,class,17,19,2,17,16,3,0,28,69,0.8333333,0.12820514,0.15384616,14,3,9,1,4,0,13,0,0,0,6,3,0,6,0,0,3,0,3,80,1,0,0,0,0,3,2,14,0,14,1,1,0,0,74,1,0
/home/arch_design_predict/download-github-repos/mvp/repos/sundaymovie-master/app/src/main/java/com/sunday/sundaymovie/mvp/expriences/ExpriencesContract.java,com.sunday.sundaymovie.mvp.expriences.ExpriencesContract$Presenter,interface,1,1,0,1,1,1,0,0,0,0.0,NaN,NaN,1,0,0,0,0,1,1,0,0,0,0,0,0,0,0,0,0,0,0,3,0,0,0,0,0,0,0,0,0,0,0,0,0,0,5,0,0
/home/arch_design_predict/download-github-repos/mvp/repos/sundaymovie-master/app/src/main/java/com/sunday/sundaymovie/mvp/star/StarsMovieAdapter.java,com.sunday.sundaymovie.mvp.star.StarsMovieAdapter$ItemListener,interface,0,0,0,0,1,1,0,0,0,0.0,NaN,NaN,1,0,0,0,0,1,1,0,0,0,0,0,0,0,0,0,0,0,0,3,0,0,0,0,0,0,0,0,0,0,0,0,0,0,5,0,0
/home/arch_design_predict/download-github-repos/mvp/repos/sundaymovie-master/app/src/main/java/com/sunday/sundaymovie/bean/Person.java,com.sunday.sundaymovie.bean.Person$HotMovieBean,innerclass,0,0,0,0,14,1,0,0,77,0.85714287,0.07692308,0.07692308,14,0,14,0,0,0,14,0,0,0,7,0,0,7,0,0,0,0,0,51,7,0,0,0,0,0,0,7,0,7,0,0,0,0,24,9,0
/home/arch_design_predict/download-github-repos/mvp/repos/sundaymovie-master/app/src/main/java/com/sunday/sundaymovie/mvp/allvideo/AllVideoActivity.java,com.sunday.sundaymovie.mvp.allvideo.AllVideoActivity$Anonymous1,anonymous,1,1,0,1,1,1,0,2,0,0.0,NaN,NaN,1,0,1,0,0,0,1,0,0,0,0,0,0,0,0,0,0,0,0,6,0,0,0,0,1,0,0,1,0,0,0,0,0,0,7,-1,0
/home/arch_design_predict/download-github-repos/mvp/repos/sundaymovie-master/app/src/main/java/com/sunday/sundaymovie/mvp/person/PersonActivity.java,com.sunday.sundaymovie.mvp.person.PersonActivity$SpaceItemDecoration,innerclass,5,5,0,5,4,2,0,1,0,0.0,1.0,1.0,2,0,1,0,0,1,2,0,0,0,1,0,0,1,0,0,0,0,0,15,0,0,1,0,0,0,3,4,1,2,1,0,0,0,13,2,0
/home/arch_design_predict/download-github-repos/mvp/repos/sundaymovie-master/app/src/main/java/com/sunday/sundaymovie/mvp/home/HomeContract.java,com.sunday.sundaymovie.mvp.home.HomeContract,interface,2,2,0,2,0,1,0,0,0,0.0,-1.0,-1.0,0,0,0,0,0,0,0,0,0,0,0,0,0,0,0,0,0,0,0,17,0,0,0,0,0,0,0,0,0,0,0,0,2,0,6,0,0
/home/arch_design_predict/download-github-repos/mvp/repos/sundaymovie-master/app/src/main/java/com/sunday/sundaymovie/mvp/search/SearchContract.java,com.sunday.sundaymovie.mvp.search.SearchContract$Presenter,interface,1,1,0,1,5,1,0,0,10,0.0,0.0,0.0,5,0,0,0,0,5,5,0,0,0,0,0,0,0,0,0,0,0,0,7,0,0,0,0,0,0,0,0,0,0,0,0,0,0,17,0,0
/home/arch_design_predict/download-github-repos/mvp/repos/sundaymovie-master/app/src/main/java/com/sunday/sundaymovie/mvp/person/PersonPresenter.java,com.sunday.sundaymovie.mvp.person.PersonPresenter$Anonymous1,anonymous,5,5,0,5,5,1,0,4,6,0.0,0.0,0.0,4,0,4,0,0,0,4,0,0,0,0,0,0,0,0,0,0,0,0,18,0,0,1,0,0,1,0,2,0,0,1,0,0,0,16,-1,0
/home/arch_design_predict/download-github-repos/mvp/repos/sundaymovie-master/app/src/main/java/com/sunday/sundaymovie/mvp/search/SearchActivity.java,com.sunday.sundaymovie.mvp.search.SearchActivity,class,31,34,3,31,42,3,0,55,234,0.8866667,0.11231884,0.49275362,25,1,19,1,5,0,24,0,0,0,12,0,0,12,0,0,0,0,2,209,3,0,6,0,1,0,5,18,0,18,2,6,0,0,98,1,0
/home/arch_design_predict/download-github-repos/mvp/repos/sundaymovie-master/app/src/main/java/com/sunday/sundaymovie/model/MovieDetailModel.java,com.sunday.sundaymovie.model.MovieDetailModel,class,5,6,1,5,8,1,0,12,3,0.0,0.0,0.0,3,2,3,0,0,0,3,0,0,0,0,0,0,0,0,0,0,0,2,40,5,1,1,0,0,8,13,2,2,2,1,0,0,0,23,1,0
/home/arch_design_predict/download-github-repos/mvp/repos/sundaymovie-master/app/src/main/java/com/sunday/sundaymovie/mvp/allvideo/AllVideoPresenter.java,com.sunday.sundaymovie.mvp.allvideo.AllVideoPresenter$Anonymous1,anonymous,5,5,0,5,6,1,0,7,6,0.0,0.0,0.0,4,0,4,0,0,0,4,0,0,0,0,0,0,0,0,0,0,0,0,27,0,0,1,0,0,1,0,5,0,0,2,0,0,0,25,-1,0
/home/arch_design_predict/download-github-repos/mvp/repos/sundaymovie-master/app/src/main/java/com/sunday/sundaymovie/mvp/moviedetail/PhotoAdapter.java,com.sunday.sundaymovie.mvp.moviedetail.PhotoAdapter$ItemListener,interface,0,0,0,0,2,1,0,0,1,0.0,0.0,0.0,2,0,0,0,0,2,2,0,0,0,0,0,0,0,0,0,0,0,0,4,0,0,0,0,0,0,0,0,0,0,0,0,0,0,7,0,0
/home/arch_design_predict/download-github-repos/mvp/repos/sundaymovie-master/app/src/main/java/com/sunday/sundaymovie/widget/FollowButton.java,com.sunday.sundaymovie.widget.FollowButton$Anonymous1,anonymous,1,1,0,1,1,1,0,2,0,0.0,NaN,NaN,1,0,1,0,0,0,1,0,0,0,0,0,0,0,0,0,0,0,0,6,0,0,0,0,0,0,0,1,0,0,0,0,0,0,11,-1,0
/home/arch_design_predict/download-github-repos/mvp/repos/sundaymovie-master/app/src/main/java/com/sunday/sundaymovie/mvp/home/ItemListener.java,com.sunday.sundaymovie.mvp.home.ItemListener,interface,0,5,5,0,1,1,0,0,0,0.0,NaN,NaN,1,0,0,0,0,1,1,0,0,0,0,0,0,0,0,0,0,0,0,3,0,0,0,0,0,0,0,0,0,0,0,0,0,0,8,0,0
/home/arch_design_predict/download-github-repos/mvp/repos/sundaymovie-master/app/src/main/java/com/sunday/sundaymovie/model/PersonModel.java,com.sunday.sundaymovie.model.PersonModel,class,5,6,1,5,1,1,0,3,0,0.0,NaN,NaN,1,0,1,0,0,0,1,0,0,0,0,0,0,0,0,0,0,0,2,5,1,0,0,0,0,0,0,0,0,0,0,0,0,0,9,1,0
/home/arch_design_predict/download-github-repos/mvp/repos/sundaymovie-master/app/src/main/java/com/sunday/sundaymovie/mvp/home/ShowTimeAdapter.java,com.sunday.sundaymovie.mvp.home.ShowTimeAdapter,class,12,14,2,12,8,2,0,9,6,0.83928573,0.52380955,0.71428573,8,0,4,1,0,3,7,0,0,0,7,3,0,4,0,3,3,0,0,104,4,0,0,0,0,0,3,8,0,8,0,0,1,0,55,0,0
/home/arch_design_predict/download-github-repos/mvp/repos/sundaymovie-master/app/src/main/java/com/sunday/sundaymovie/mvp/moviedetail/MovieDetailActivity.java,com.sunday.sundaymovie.mvp.moviedetail.MovieDetailActivity,class,30,35,5,30,38,3,0,55,359,0.9217389,0.08735632,0.3954023,30,1,26,0,4,0,30,0,0,0,10,1,0,10,0,0,1,0,10,189,1,0,0,0,1,5,3,27,1,27,2,1,0,0,119,1,0
/home/arch_design_predict/download-github-repos/mvp/repos/sundaymovie-master/app/src/main/java/com/sunday/sundaymovie/mvp/person/PersonContract.java,com.sunday.sundaymovie.mvp.person.PersonContract,interface,2,2,0,2,0,1,0,0,0,0.0,-1.0,-1.0,0,0,0,0,0,0,0,0,0,0,0,0,0,0,0,0,0,0,0,30,0,0,0,0,0,0,0,0,0,0,0,0,2,0,6,0,0
/home/arch_design_predict/download-github-repos/mvp/repos/sundaymovie-master/app/src/main/java/com/sunday/sundaymovie/mvp/star/StarPresenter.java,com.sunday.sundaymovie.mvp.star.StarPresenter$Anonymous1,anonymous,4,4,0,4,4,1,0,3,6,0.0,0.0,0.0,4,0,4,0,0,0,4,0,0,0,0,0,0,0,0,0,0,0,0,14,0,0,0,0,0,0,0,1,0,0,0,0,0,0,13,-1,0
/home/arch_design_predict/download-github-repos/mvp/repos/sundaymovie-master/app/src/main/java/com/sunday/sundaymovie/mvp/moviedetail/PhotoAdapter.java,com.sunday.sundaymovie.mvp.moviedetail.PhotoAdapter,class,10,12,2,10,9,3,0,6,0,0.52,0.9,1.0,5,0,4,0,0,1,5,0,0,0,5,2,0,5,0,0,2,0,0,67,6,0,1,0,1,0,3,7,1,7,1,0,3,0,47,0,0
/home/arch_design_predict/download-github-repos/mvp/repos/sundaymovie-master/app/src/main/java/com/sunday/sundaymovie/mvp/expriences/ExpriencesPresenter.java,com.sunday.sundaymovie.mvp.expriences.ExpriencesPresenter,class,4,5,1,4,5,1,0,6,0,0.25,0.5,0.5,4,0,3,0,0,1,4,0,0,0,2,0,0,2,0,0,1,0,0,21,0,1,0,0,0,0,0,3,0,3,1,0,0,0,19,0,0
/home/arch_design_predict/download-github-repos/mvp/repos/sundaymovie-master/app/src/main/java/com/sunday/sundaymovie/model/ComingModel.java,com.sunday.sundaymovie.model.ComingModel,class,4,5,1,4,2,1,0,2,0,0.0,1.0,1.0,2,0,2,0,0,0,2,0,0,0,1,0,0,1,0,0,0,0,1,9,1,0,0,0,0,0,0,1,0,1,0,0,0,0,11,1,0
/home/arch_design_predict/download-github-repos/mvp/repos/sundaymovie-master/app/src/main/java/com/sunday/sundaymovie/bean/SearchMovie.java,com.sunday.sundaymovie.bean.SearchMovie,class,1,5,4,1,10,2,0,0,35,0.8,0.11111111,0.11111111,10,0,10,0,0,0,10,0,0,0,5,0,0,5,0,0,0,0,0,37,5,0,0,0,0,0,0,5,0,5,0,0,0,0,20,1,0
/home/arch_design_predict/download-github-repos/mvp/repos/sundaymovie-master/app/src/main/java/com/sunday/sundaymovie/net/converter/StringConverter.java,com.sunday.sundaymovie.net.converter.StringConverter,class,2,2,0,2,1,1,0,2,0,0.0,NaN,NaN,1,0,1,0,0,0,1,0,0,0,0,0,0,0,0,0,0,0,0,5,1,0,0,0,0,0,0,0,0,0,0,0,0,0,10,1,0
/home/arch_design_predict/download-github-repos/mvp/repos/sundaymovie-master/app/src/main/java/com/sunday/sundaymovie/mvp/moviedetail/PhotoAdapter.java,com.sunday.sundaymovie.mvp.moviedetail.PhotoAdapter$ImageViewHolder,innerclass,5,5,0,5,3,2,0,7,1,0.33333334,0.33333334,0.33333334,3,0,1,0,0,2,3,0,0,0,1,0,0,1,0,0,0,0,0,14,0,0,0,0,0,0,0,1,0,1,0,0,0,0,14,2,0
/home/arch_design_predict/download-github-repos/mvp/repos/sundaymovie-master/app/src/main/java/com/sunday/sundaymovie/mvp/home/ShowTimePresenter.java,com.sunday.sundaymovie.mvp.home.ShowTimePresenter$Anonymous1,anonymous,4,4,0,4,4,1,0,7,6,0.0,0.0,0.0,4,0,4,0,0,0,4,0,0,0,0,0,0,0,0,0,0,0,0,17,0,0,0,0,0,1,0,0,0,0,0,0,0,0,14,-1,0
/home/arch_design_predict/download-github-repos/mvp/repos/sundaymovie-master/app/src/main/java/com/sunday/sundaymovie/net/OkManager.java,com.sunday.sundaymovie.net.OkManager,class,6,14,8,6,6,1,0,6,6,0.75,0.0,0.0,4,1,3,1,0,0,3,0,0,0,2,1,0,2,0,0,0,0,0,56,3,0,2,0,0,0,0,2,0,2,3,2,0,0,23,1,0
/home/arch_design_predict/download-github-repos/mvp/repos/sundaymovie-master/app/src/main/java/com/sunday/sundaymovie/bean/Movie.java,com.sunday.sundaymovie.bean.Movie$BasicBean$StageImgBean,innerclass,1,1,0,1,4,1,0,0,2,0.5,0.33333334,0.33333334,4,0,4,0,0,0,4,0,0,0,2,0,0,2,0,0,0,0,0,32,2,0,0,0,0,0,0,2,0,2,0,0,1,0,10,9,0
/home/arch_design_predict/download-github-repos/mvp/repos/sundaymovie-master/app/src/main/java/com/sunday/sundaymovie/net/converter/AllPhotoConverter.java,com.sunday.sundaymovie.net.converter.AllPhotoConverter,class,7,8,1,7,2,1,0,7,0,0.0,NaN,NaN,1,0,1,0,0,0,1,0,0,0,0,0,0,0,0,0,0,0,0,12,1,1,0,0,0,1,0,4,0,4,1,0,0,0,24,1,0
/home/arch_design_predict/download-github-repos/mvp/repos/sundaymovie-master/app/src/main/java/com/sunday/sundaymovie/mvp/video/VideoContract.java,com.sunday.sundaymovie.mvp.video.VideoContract$Presenter,interface,3,3,0,3,8,1,0,0,28,0.0,0.0,0.0,8,0,0,0,0,8,8,0,0,0,0,0,0,0,0,0,0,0,0,10,0,0,0,0,0,0,0,0,0,0,0,0,0,0,19,0,0
/home/arch_design_predict/download-github-repos/mvp/repos/sundaymovie-master/app/src/main/java/com/sunday/sundaymovie/widget/MyScrollView.java,com.sunday.sundaymovie.widget.MyScrollView$OnScrollChangedListener,interface,0,0,0,0,1,1,0,0,0,0.0,NaN,NaN,1,0,0,0,0,1,1,0,0,0,0,0,0,0,0,0,0,0,0,3,0,0,0,0,0,0,0,0,0,0,0,0,0,0,6,1,0
/home/arch_design_predict/download-github-repos/mvp/repos/sundaymovie-master/app/src/main/java/com/sunday/sundaymovie/bean/Movie.java,com.sunday.sundaymovie.bean.Movie$BasicBean$DirectorBean,innerclass,0,0,0,0,9,1,0,1,20,0.75,0.14285715,0.14285715,8,0,8,0,0,0,8,0,0,0,4,0,0,4,0,0,0,0,0,30,4,0,0,0,0,2,0,4,0,4,0,0,0,0,14,9,0
/home/arch_design_predict/download-github-repos/mvp/repos/sundaymovie-master/app/src/main/java/com/sunday/sundaymovie/bean/ComingMovies.java,com.sunday.sundaymovie.bean.ComingMovies,class,1,3,2,1,4,1,0,0,2,0.5,0.33333334,0.33333334,4,0,4,0,0,0,4,0,0,0,2,0,0,2,0,0,0,0,0,16,2,0,0,0,0,0,0,2,0,2,0,0,0,0,13,1,0
/home/arch_design_predict/download-github-repos/mvp/repos/sundaymovie-master/app/src/main/java/com/sunday/sundaymovie/bean/Person.java,com.sunday.sundaymovie.bean.Person,class,6,10,4,6,32,1,0,0,464,0.9375,0.032258064,0.032258064,32,0,32,0,0,0,32,0,0,0,16,0,0,16,0,0,0,0,0,312,16,0,0,0,0,0,0,16,0,16,0,0,5,0,67,1,0
/home/arch_design_predict/download-github-repos/mvp/repos/sundaymovie-master/app/src/main/java/com/sunday/sundaymovie/mvp/video/VideoPresenter.java,com.sunday.sundaymovie.mvp.video.VideoPresenter$Anonymous1,anonymous,1,1,0,1,1,1,0,1,0,0.0,NaN,NaN,1,0,1,0,0,0,1,0,0,0,0,0,0,0,0,0,0,0,0,5,0,0,0,0,0,0,0,0,0,0,0,0,0,0,1,-1,0
/home/arch_design_predict/download-github-repos/mvp/repos/sundaymovie-master/app/src/main/java/com/sunday/sundaymovie/mvp/video/VideoPresenter.java,com.sunday.sundaymovie.mvp.video.VideoPresenter$Anonymous2,anonymous,2,2,0,2,2,1,0,2,0,0.0,NaN,NaN,1,0,1,0,0,0,1,0,0,0,0,0,0,0,0,0,0,0,0,9,0,0,0,0,0,0,0,1,0,0,1,0,0,0,10,-1,0
/home/arch_design_predict/download-github-repos/mvp/repos/sundaymovie-master/app/src/main/java/com/sunday/sundaymovie/mvp/search/SearchActivity.java,com.sunday.sundaymovie.mvp.search.SearchActivity$Anonymous6,anonymous,0,0,0,0,1,1,0,1,0,0.0,NaN,NaN,1,0,1,0,0,0,1,0,0,0,0,0,0,0,0,0,0,0,0,6,0,0,0,0,0,0,0,0,0,0,0,0,0,0,1,-1,0
/home/arch_design_predict/download-github-repos/mvp/repos/sundaymovie-master/app/src/main/java/com/sunday/sundaymovie/mvp/expriences/ExpriencesContract.java,com.sunday.sundaymovie.mvp.expriences.ExpriencesContract$View,interface,3,3,0,3,2,1,0,0,1,0.0,0.0,0.0,2,0,0,0,0,2,2,0,0,0,0,0,0,0,0,0,0,0,0,4,0,0,0,0,0,0,0,0,0,0,0,0,0,0,6,0,0
/home/arch_design_predict/download-github-repos/mvp/repos/sundaymovie-master/app/src/main/java/com/sunday/sundaymovie/mvp/search/SearchActivity.java,com.sunday.sundaymovie.mvp.search.SearchActivity$Anonymous5,anonymous,0,0,0,0,1,1,0,1,0,0.0,NaN,NaN,1,0,1,0,0,0,1,0,0,0,0,0,0,0,0,0,0,0,0,6,0,0,0,0,0,0,0,0,0,0,0,0,0,0,1,-1,0
/home/arch_design_predict/download-github-repos/mvp/repos/sundaymovie-master/app/src/main/java/com/sunday/sundaymovie/mvp/search/SearchActivity.java,com.sunday.sundaymovie.mvp.search.SearchActivity$Anonymous4,anonymous,2,2,0,2,1,1,0,1,0,0.0,NaN,NaN,1,0,1,0,0,0,1,0,0,0,0,0,0,0,0,0,0,0,0,5,0,0,0,0,0,0,0,0,0,0,0,0,0,0,4,-1,0
/home/arch_design_predict/download-github-repos/mvp/repos/sundaymovie-master/app/src/main/java/com/sunday/sundaymovie/mvp/search/SearchActivity.java,com.sunday.sundaymovie.mvp.search.SearchActivity$Anonymous3,anonymous,2,2,0,2,1,1,0,1,0,0.0,NaN,NaN,1,0,1,0,0,0,1,0,0,0,0,0,0,0,0,0,0,0,0,5,0,0,0,0,0,0,0,0,0,0,0,0,0,0,5,-1,0
/home/arch_design_predict/download-github-repos/mvp/repos/sundaymovie-master/app/src/main/java/com/sunday/sundaymovie/mvp/search/SearchActivity.java,com.sunday.sundaymovie.mvp.search.SearchActivity$Anonymous2,anonymous,1,1,0,1,2,1,0,1,1,0.0,0.0,0.0,2,0,2,0,0,0,2,0,0,0,0,0,0,0,0,0,0,0,0,9,2,0,0,0,0,0,0,0,0,0,0,0,0,0,8,-1,0
/home/arch_design_predict/download-github-repos/mvp/repos/sundaymovie-master/app/src/main/java/com/sunday/sundaymovie/mvp/video/VideoPresenter.java,com.sunday.sundaymovie.mvp.video.VideoPresenter$Anonymous3,anonymous,2,2,0,2,4,1,0,5,0,0.0,NaN,NaN,1,0,1,0,0,0,1,0,0,0,0,0,0,0,0,0,0,0,1,11,1,0,1,0,0,0,2,2,2,2,1,0,0,0,11,-1,0
/home/arch_design_predict/download-github-repos/mvp/repos/sundaymovie-master/app/src/main/java/com/sunday/sundaymovie/mvp/search/SearchActivity.java,com.sunday.sundaymovie.mvp.search.SearchActivity$Anonymous1,anonymous,4,4,0,4,2,1,0,5,0,0.0,NaN,NaN,1,0,1,0,0,0,1,0,0,0,0,0,0,0,0,0,0,0,0,11,0,0,0,0,0,0,0,0,0,0,1,0,0,0,11,-1,0
/home/arch_design_predict/download-github-repos/mvp/repos/sundaymovie-master/app/src/main/java/com/sunday/sundaymovie/mvp/star/StarPresenter.java,com.sunday.sundaymovie.mvp.star.StarPresenter,class,8,10,2,8,5,1,0,8,4,0.65000004,0.33333334,0.5,5,0,3,1,0,1,4,0,0,0,4,0,0,4,0,0,2,0,0,38,0,0,0,0,0,0,0,3,0,4,0,1,0,0,19,0,0
/home/arch_design_predict/download-github-repos/mvp/repos/sundaymovie-master/app/src/main/java/com/sunday/sundaymovie/mvp/home/ShowTimePresenter.java,com.sunday.sundaymovie.mvp.home.ShowTimePresenter,class,5,6,1,5,2,2,0,2,0,0.0,1.0,1.0,2,0,0,0,1,1,2,0,0,0,1,0,0,1,0,0,0,0,0,27,0,0,0,0,0,0,0,1,0,1,0,1,0,0,12,0,0
/home/arch_design_predict/download-github-repos/mvp/repos/sundaymovie-master/app/src/main/java/com/sunday/sundaymovie/net/converter/Converter.java,com.sunday.sundaymovie.net.converter.Converter,interface,2,12,10,2,1,1,0,0,0,0.0,NaN,NaN,1,0,0,0,0,1,1,0,0,0,0,0,0,0,0,0,0,0,0,3,0,0,0,0,0,0,0,0,0,0,0,0,0,0,9,1,0
/home/arch_design_predict/download-github-repos/mvp/repos/sundaymovie-master/app/src/main/java/com/sunday/sundaymovie/mvp/allphoto/AllPhotoPresenter.java,com.sunday.sundaymovie.mvp.allphoto.AllPhotoPresenter$Anonymous1,anonymous,5,5,0,5,5,1,0,4,6,0.0,0.0,0.0,4,0,4,0,0,0,4,0,0,0,0,0,0,0,0,0,0,0,0,17,0,0,1,0,0,1,0,1,0,0,1,0,0,0,17,-1,0
/home/arch_design_predict/download-github-repos/mvp/repos/sundaymovie-master/app/src/main/java/com/sunday/sundaymovie/mvp/star/StarContract.java,com.sunday.sundaymovie.mvp.star.StarContract,interface,2,2,0,2,0,1,0,0,0,0.0,-1.0,-1.0,0,0,0,0,0,0,0,0,0,0,0,0,0,0,0,0,0,0,0,9,0,0,0,0,0,0,0,0,0,0,0,0,2,0,6,0,0
