file,class,type,cbo,cboModified,fanin,fanout,wmc,dit,noc,rfc,lcom,lcom*,tcc,lcc,totalMethodsQty,staticMethodsQty,publicMethodsQty,privateMethodsQty,protectedMethodsQty,defaultMethodsQty,visibleMethodsQty,abstractMethodsQty,finalMethodsQty,synchronizedMethodsQty,totalFieldsQty,staticFieldsQty,publicFieldsQty,privateFieldsQty,protectedFieldsQty,defaultFieldsQty,finalFieldsQty,synchronizedFieldsQty,nosi,loc,returnQty,loopQty,comparisonsQty,tryCatchQty,parenthesizedExpsQty,stringLiteralsQty,numbersQty,assignmentsQty,mathOperationsQty,variablesQty,maxNestedBlocksQty,anonymousClassesQty,innerClassesQty,lambdasQty,uniqueWordsQty,modifiers,logStatementsQty
/home/arch_design_predict/download-github-repos/mvp/repos/Ganhuo-master/app/src/main/java/ganhuo/ly/com/ganhuo/mvp/meizi/RealMeiziPresenter.java,ganhuo.ly.com.ganhuo.mvp.meizi.RealMeiziPresenter,class,4,6,2,4,4,1,0,7,0,0.375,0.6666667,1.0,4,0,4,0,0,0,4,0,0,0,2,0,0,2,0,0,0,0,0,20,0,0,0,0,0,1,0,2,0,2,0,0,0,0,17,1,0
/home/arch_design_predict/download-github-repos/mvp/repos/Ganhuo-master/app/src/main/java/ganhuo/ly/com/ganhuo/mvp/home/activity/ImageActivity.java,ganhuo.ly.com.ganhuo.mvp.home.activity.ImageActivity,class,14,17,3,14,12,3,0,25,22,0.7037037,0.19444445,0.2777778,9,1,4,0,5,0,9,0,0,0,5,2,2,3,0,0,2,0,3,59,4,0,0,0,0,4,0,9,1,9,1,0,0,0,67,1,0
/home/arch_design_predict/download-github-repos/mvp/repos/Ganhuo-master/app/src/main/java/ganhuo/ly/com/ganhuo/mvp/meizi/MeiziListAdapter.java,ganhuo.ly.com.ganhuo.mvp.meizi.MeiziListAdapter,class,8,11,3,8,10,2,0,11,3,0.5,0.4,0.6,6,0,5,1,0,0,5,0,0,0,2,0,0,2,0,0,0,0,0,57,4,1,2,0,0,0,3,6,0,6,3,1,1,0,41,1,0
/home/arch_design_predict/download-github-repos/mvp/repos/Ganhuo-master/app/src/main/java/ganhuo/ly/com/ganhuo/mvp/home/activity/WebAcitivity.java,ganhuo.ly.com.ganhuo.mvp.home.activity.WebAcitivity$Anonymous1,anonymous,2,2,0,2,1,1,0,6,0,0.0,NaN,NaN,1,0,1,0,0,0,1,0,0,0,0,0,0,0,0,0,0,0,0,12,0,0,0,0,0,0,1,0,0,0,0,1,0,0,7,-1,0
/home/arch_design_predict/download-github-repos/mvp/repos/Ganhuo-master/app/src/main/java/ganhuo/ly/com/ganhuo/mvp/entity/HuaResults.java,ganhuo.ly.com.ganhuo.mvp.entity.HuaResults,class,1,9,8,1,2,1,0,0,0,0.0,1.0,1.0,2,0,2,0,0,0,2,0,0,0,1,0,0,1,0,0,0,0,0,139,1,0,0,0,0,0,0,1,0,1,0,0,1,0,10,1,0
/home/arch_design_predict/download-github-repos/mvp/repos/Ganhuo-master/app/src/main/java/com/gyw/ganhuo/weiget/TopBar.java,com.gyw.ganhuo.weiget.TopBar$OnTopBarClickListener,interface,1,1,0,1,2,1,0,0,1,0.0,0.0,0.0,2,0,0,0,0,2,2,0,0,0,0,0,0,0,0,0,0,0,0,4,0,0,0,0,0,0,0,0,0,0,0,0,0,0,10,1,0
/home/arch_design_predict/download-github-repos/mvp/repos/Ganhuo-master/app/src/main/java/ganhuo/ly/com/ganhuo/mvp/entity/Results.java,ganhuo.ly.com.ganhuo.mvp.entity.Results,class,0,14,14,0,22,1,0,0,209,0.90909094,0.04761905,0.04761905,22,0,22,0,0,0,22,0,0,0,11,0,0,11,0,0,0,0,0,79,11,0,0,0,0,0,0,12,0,11,0,0,0,0,33,1,0
/home/arch_design_predict/download-github-repos/mvp/repos/Ganhuo-master/app/src/main/java/com/gyw/ganhuo/presenter/GrilPresenter.java,com.gyw.ganhuo.presenter.GrilPresenter,class,9,10,1,9,5,2,0,12,3,0.6666667,0.0,0.0,3,0,2,1,0,0,2,0,0,0,1,1,0,1,0,0,1,0,0,54,1,1,0,0,0,1,3,5,2,4,2,5,0,0,31,1,0
/home/arch_design_predict/download-github-repos/mvp/repos/Ganhuo-master/app/src/main/java/ganhuo/ly/com/ganhuo/mvp/home/adapter/GirlyAdapter.java,ganhuo.ly.com.ganhuo.mvp.home.adapter.GirlyAdapter,class,9,11,2,9,8,2,0,20,1,0.6851852,0.46666667,0.6666667,6,0,6,0,0,0,6,0,0,0,9,0,0,6,3,0,3,0,1,69,5,0,2,0,0,0,2,13,0,11,1,1,1,0,36,1,0
/home/arch_design_predict/download-github-repos/mvp/repos/Ganhuo-master/app/src/main/java/ganhuo/ly/com/ganhuo/mvp/entity/ZhiHuResults.java,ganhuo.ly.com.ganhuo.mvp.entity.ZhiHuResults,class,1,11,10,1,4,1,0,0,2,0.5,0.33333334,0.33333334,4,0,4,0,0,0,4,0,0,0,2,0,0,2,0,0,0,0,0,63,2,0,0,0,0,0,0,2,0,2,0,0,1,0,17,1,0
/home/arch_design_predict/download-github-repos/mvp/repos/Ganhuo-master/app/src/main/java/com/gyw/ganhuo/fragments/BlankFragment.java,com.gyw.ganhuo.fragments.BlankFragment$OnFragmentInteractionListener,interface,1,1,0,1,1,1,0,0,0,0.0,NaN,NaN,1,0,0,0,0,1,1,0,0,0,0,0,0,0,0,0,0,0,0,3,0,0,0,0,0,0,0,0,0,0,0,0,0,0,41,1,0
/home/arch_design_predict/download-github-repos/mvp/repos/Ganhuo-master/app/src/main/java/com/gyw/ganhuo/fragments/MainMineFragment.java,com.gyw.ganhuo.fragments.MainMineFragment,class,8,9,1,8,11,3,0,11,21,0.0,0.0,0.0,7,0,2,0,4,1,7,0,0,0,0,0,0,0,0,0,0,0,3,40,1,0,0,0,0,4,0,2,0,1,1,0,0,0,21,1,0
/home/arch_design_predict/download-github-repos/mvp/repos/Ganhuo-master/app/src/main/java/ganhuo/ly/com/ganhuo/mvp/home/adapter/GirlyAdapter.java,ganhuo.ly.com.ganhuo.mvp.home.adapter.GirlyAdapter$Anonymous1,anonymous,5,5,0,5,2,1,0,9,0,0.0,NaN,NaN,1,0,1,0,0,0,1,0,0,0,0,0,0,0,0,0,0,0,3,15,0,0,1,0,0,1,1,4,0,2,1,0,0,0,11,-1,0
/home/arch_design_predict/download-github-repos/mvp/repos/Ganhuo-master/app/src/main/java/ganhuo/ly/com/ganhuo/util/SPUtils.java,ganhuo.ly.com.ganhuo.util.SPUtils,class,3,8,5,3,16,1,0,18,0,0.0,1.0,1.0,6,6,6,0,0,0,6,0,0,0,1,1,1,0,0,0,1,0,3,92,8,0,0,0,0,1,0,10,0,10,1,0,1,0,36,1,0
/home/arch_design_predict/download-github-repos/mvp/repos/Ganhuo-master/app/src/main/java/ganhuo/ly/com/ganhuo/mvp/zhihu/adapter/ZhiFragmentAdapter.java,ganhuo.ly.com.ganhuo.mvp.zhihu.adapter.ZhiFragmentAdapter,class,12,13,1,12,8,2,0,16,5,0.67857146,0.2857143,0.2857143,7,0,7,0,0,0,7,0,0,0,4,0,0,4,0,0,0,0,0,100,3,0,1,0,0,0,2,10,0,7,1,1,3,0,56,1,0
/home/arch_design_predict/download-github-repos/mvp/repos/Ganhuo-master/app/src/main/java/ganhuo/ly/com/ganhuo/mvp/huaban/view/HuaFragmentView.java,ganhuo.ly.com.ganhuo.mvp.huaban.view.HuaFragmentView,interface,1,3,2,1,4,1,0,0,6,0.0,0.0,0.0,4,0,0,0,0,4,4,0,0,0,0,0,0,0,0,0,0,0,0,6,0,0,0,0,0,0,0,0,0,0,0,0,0,0,18,1,0
/home/arch_design_predict/download-github-repos/mvp/repos/Ganhuo-master/app/src/main/java/com/gyw/ganhuo/utils/StatusBarUtil.java,com.gyw.ganhuo.utils.StatusBarUtil,class,8,9,1,8,45,1,0,33,264,0.8333333,0.05,0.05,24,24,16,8,0,0,16,0,0,0,1,1,1,0,0,0,1,0,29,204,11,0,3,0,7,3,48,31,13,28,2,0,0,0,60,1,0
/home/arch_design_predict/download-github-repos/mvp/repos/Ganhuo-master/app/src/main/java/ganhuo/ly/com/ganhuo/mvp/huaban/fragment/HuaMainFragment.java,ganhuo.ly.com.ganhuo.mvp.huaban.fragment.HuaMainFragment$Anonymous1,anonymous,1,1,0,1,1,1,0,1,0,0.0,NaN,NaN,1,0,1,0,0,0,1,0,0,0,0,0,0,0,0,0,0,0,0,7,1,0,0,0,0,0,0,0,0,0,1,0,0,0,6,-1,0
/home/arch_design_predict/download-github-repos/mvp/repos/Ganhuo-master/app/src/main/java/ganhuo/ly/com/ganhuo/data/HttpData/HttpData.java,ganhuo.ly.com.ganhuo.data.HttpData.HttpData,class,21,28,7,21,10,2,0,30,20,0.84375,0.10714286,0.10714286,8,2,8,0,0,0,8,0,0,0,8,2,0,3,5,0,2,0,11,77,1,0,1,0,0,8,3,23,0,21,1,1,2,0,57,1,0
/home/arch_design_predict/download-github-repos/mvp/repos/Ganhuo-master/app/src/main/java/ganhuo/ly/com/ganhuo/mvp/huaban/model/HuaFragmentModel.java,ganhuo.ly.com.ganhuo.mvp.huaban.model.HuaFragmentModel$Anonymous1,anonymous,2,2,0,2,3,1,0,2,3,0.0,0.0,0.0,3,0,3,0,0,0,3,0,0,0,0,0,0,0,0,0,0,0,0,10,0,0,0,0,0,0,0,0,0,0,0,0,0,0,9,-1,0
/home/arch_design_predict/download-github-repos/mvp/repos/Ganhuo-master/app/src/main/java/com/gyw/ganhuo/presenter/view/GrilView.java,com.gyw.ganhuo.presenter.view.GrilView,interface,2,4,2,2,2,1,0,0,1,0.0,0.0,0.0,2,0,0,0,0,2,2,0,0,0,0,0,0,0,0,0,0,0,0,4,0,0,0,0,0,0,0,0,0,0,0,0,0,0,8,1,0
/home/arch_design_predict/download-github-repos/mvp/repos/Ganhuo-master/app/src/main/java/com/gyw/ganhuo/model/GanData.java,com.gyw.ganhuo.model.GanData,class,0,6,6,0,1,1,0,0,0,0.0,NaN,NaN,1,0,1,0,0,0,1,0,0,0,9,0,9,0,0,0,0,0,0,14,1,0,0,0,0,10,0,0,2,9,0,0,0,0,23,1,0
/home/arch_design_predict/download-github-repos/mvp/repos/Ganhuo-master/app/src/main/java/ganhuo/ly/com/ganhuo/mvp/zhihu/adapter/ZhiFragmentAdapter.java,ganhuo.ly.com.ganhuo.mvp.zhihu.adapter.ZhiFragmentAdapter$OnItemClickListener,interface,1,1,0,1,1,1,0,0,0,0.0,NaN,NaN,1,0,0,0,0,1,1,0,0,0,0,0,0,0,0,0,0,0,0,3,0,0,0,0,0,0,0,0,0,0,0,0,0,0,7,1,0
/home/arch_design_predict/download-github-repos/mvp/repos/Ganhuo-master/app/src/main/java/ganhuo/ly/com/ganhuo/mvp/home/activity/WebAcitivity.java,ganhuo.ly.com.ganhuo.mvp.home.activity.WebAcitivity$Anonymous3,anonymous,1,1,0,1,2,1,0,3,0,0.0,NaN,NaN,1,0,1,0,0,0,1,0,0,0,0,0,0,0,0,0,0,0,0,12,0,0,1,0,0,0,1,1,0,0,1,0,0,0,7,-1,0
/home/arch_design_predict/download-github-repos/mvp/repos/Ganhuo-master/app/src/main/java/com/gyw/ganhuo/activitys/ContainerActivity.java,com.gyw.ganhuo.activitys.ContainerActivity,class,13,17,4,13,14,3,0,23,15,0.7714286,0.14285715,0.14285715,7,1,3,0,4,0,7,0,0,0,5,2,0,4,0,1,2,0,6,66,0,0,2,0,0,9,0,12,0,9,2,0,1,0,45,1,0
/home/arch_design_predict/download-github-repos/mvp/repos/Ganhuo-master/app/src/main/java/com/gyw/ganhuo/fragments/DiscoDetailFragment.java,com.gyw.ganhuo.fragments.DiscoDetailFragment,class,12,14,2,12,10,3,0,15,28,0.875,0.0,0.0,8,1,4,0,4,0,8,0,0,0,2,0,0,0,0,2,0,0,1,40,2,0,1,0,0,0,0,5,0,4,1,0,0,0,48,1,0
/home/arch_design_predict/download-github-repos/mvp/repos/Ganhuo-master/app/src/main/java/ganhuo/ly/com/ganhuo/mvp/meizi/MeiziResult.java,ganhuo.ly.com.ganhuo.mvp.meizi.MeiziResult,class,1,7,6,1,8,1,0,0,20,0.75,0.14285715,0.14285715,8,0,8,0,0,0,8,0,0,0,4,0,0,4,0,0,0,0,0,74,4,0,0,0,0,0,0,4,0,4,0,0,1,0,14,1,0
/home/arch_design_predict/download-github-repos/mvp/repos/Ganhuo-master/app/src/main/java/com/gyw/ganhuo/adapters/DiscoBaseAdapter.java,com.gyw.ganhuo.adapters.DiscoBaseAdapter$DiscoViewHolder,innerclass,5,5,0,5,1,2,0,1,0,1.0,NaN,NaN,1,0,1,0,0,0,1,0,0,0,4,0,0,0,0,4,0,0,0,10,0,0,0,0,0,0,0,0,0,4,0,0,0,0,14,1,0
/home/arch_design_predict/download-github-repos/mvp/repos/Ganhuo-master/app/src/main/java/ganhuo/ly/com/ganhuo/mvp/entity/ZhiHuDetailResults.java,ganhuo.ly.com.ganhuo.mvp.entity.ZhiHuDetailResults,class,0,5,5,0,23,1,0,0,191,0.87351775,0.12252964,0.8339921,23,0,23,0,0,0,23,0,0,0,11,0,0,11,0,0,0,0,0,82,12,0,0,0,0,11,0,11,2,11,0,0,0,0,38,1,0
/home/arch_design_predict/download-github-repos/mvp/repos/Ganhuo-master/app/src/main/java/ganhuo/ly/com/ganhuo/mvp/entity/DayResults.java,ganhuo.ly.com.ganhuo.mvp.entity.DayResults,class,1,2,1,1,6,1,0,0,9,0.6666667,0.2,0.2,6,0,6,0,0,0,6,0,0,0,3,0,0,3,0,0,0,0,0,67,3,0,0,0,0,0,0,3,0,3,0,0,1,0,46,1,0
/home/arch_design_predict/download-github-repos/mvp/repos/Ganhuo-master/app/src/main/java/com/gyw/ganhuo/activitys/ContainerActivity.java,com.gyw.ganhuo.activitys.ContainerActivity$PageType,enum,0,0,0,0,0,1,0,0,0,0.0,-1.0,-1.0,0,0,0,0,0,0,0,0,0,0,0,0,0,0,0,0,0,0,0,1,0,0,0,0,0,0,0,0,0,0,0,0,0,0,17,1,0
/home/arch_design_predict/download-github-repos/mvp/repos/Ganhuo-master/app/src/main/java/ganhuo/ly/com/ganhuo/util/ListUtils.java,ganhuo.ly.com.ganhuo.util.ListUtils,class,3,9,6,3,29,1,0,9,53,0.8181818,0.022222223,0.022222223,11,10,10,1,0,0,10,0,0,0,1,1,1,0,0,0,1,0,5,66,13,4,8,0,4,2,8,9,4,8,3,0,0,0,77,1,0
/home/arch_design_predict/download-github-repos/mvp/repos/Ganhuo-master/app/src/main/java/ganhuo/ly/com/ganhuo/mvp/home/fragment/ReadFragment.java,ganhuo.ly.com.ganhuo.mvp.home.fragment.ReadFragment$Anonymous1$Anonymous2,anonymous,0,0,0,0,1,1,0,1,0,0.0,NaN,NaN,1,0,1,0,0,0,1,0,0,0,0,0,0,0,0,0,0,0,0,5,0,0,0,0,0,0,0,0,0,0,0,0,0,0,4,-1,0
/home/arch_design_predict/download-github-repos/mvp/repos/Ganhuo-master/app/src/main/java/com/gyw/ganhuo/utils/DisplayUtil.java,com.gyw.ganhuo.utils.DisplayUtil,class,5,6,1,5,7,1,0,7,21,1.0,0.0,0.0,7,7,7,0,0,0,7,0,0,0,1,1,1,0,0,0,1,0,0,34,7,0,0,0,4,1,2,9,6,9,0,0,0,0,35,1,0
/home/arch_design_predict/download-github-repos/mvp/repos/Ganhuo-master/app/src/main/java/ganhuo/ly/com/ganhuo/data/retrofit/OkHttp3Utils.java,ganhuo.ly.com.ganhuo.data.retrofit.OkHttp3Utils$CookiesManager,innerclass,5,5,0,5,5,1,0,5,0,0.0,1.0,1.0,2,0,2,0,0,0,2,0,0,0,1,0,0,1,0,0,1,0,1,14,1,1,1,0,0,0,1,2,0,2,2,0,0,0,19,10,0
/home/arch_design_predict/download-github-repos/mvp/repos/Ganhuo-master/app/src/main/java/ganhuo/ly/com/ganhuo/mvp/home/view/HomeFragmentView.java,ganhuo.ly.com.ganhuo.mvp.home.view.HomeFragmentView,interface,1,4,3,1,4,1,0,0,6,0.0,0.0,0.0,4,0,0,0,0,4,4,0,0,0,0,0,0,0,0,0,0,0,0,6,0,0,0,0,0,0,0,0,0,0,0,0,0,0,19,1,0
/home/arch_design_predict/download-github-repos/mvp/repos/Ganhuo-master/app/src/main/java/com/gyw/ganhuo/model/BaseData.java,com.gyw.ganhuo.model.BaseData,class,0,1,1,0,0,1,1,0,0,NaN,-1.0,-1.0,0,0,0,0,0,0,0,0,0,0,1,0,1,0,0,0,0,0,0,3,0,0,0,0,0,0,0,0,0,1,0,0,0,0,7,1,0
/home/arch_design_predict/download-github-repos/mvp/repos/Ganhuo-master/app/src/androidTest/java/com/gyw/ganhuo/ApplicationTest.java,com.gyw.ganhuo.ApplicationTest,class,2,2,0,2,1,2,0,0,0,0.0,NaN,NaN,1,0,1,0,0,0,1,0,0,0,0,0,0,0,0,0,0,0,0,5,0,0,0,0,0,0,0,0,0,0,0,0,0,0,7,1,0
/home/arch_design_predict/download-github-repos/mvp/repos/Ganhuo-master/app/src/main/java/com/gyw/ganhuo/model/GrilData.java,com.gyw.ganhuo.model.GrilData,class,2,3,1,2,0,2,0,0,0,NaN,-1.0,-1.0,0,0,0,0,0,0,0,0,0,0,1,0,1,0,0,0,0,0,0,3,0,0,0,0,0,0,0,0,0,1,0,0,0,0,5,1,0
/home/arch_design_predict/download-github-repos/mvp/repos/Ganhuo-master/app/src/main/java/ganhuo/ly/com/ganhuo/mvp/home/adapter/RealAdapter.java,ganhuo.ly.com.ganhuo.mvp.home.adapter.RealAdapter$RealViewHolder,innerclass,4,4,0,4,1,2,0,1,0,0.0,NaN,NaN,1,0,1,0,0,0,1,0,0,0,3,0,0,0,0,3,0,0,0,14,0,0,0,0,0,0,0,6,0,6,0,0,0,0,14,0,0
/home/arch_design_predict/download-github-repos/mvp/repos/Ganhuo-master/app/src/main/java/ganhuo/ly/com/ganhuo/mvp/home/fragment/ReadFragment.java,ganhuo.ly.com.ganhuo.mvp.home.fragment.ReadFragment$Anonymous1,anonymous,3,3,0,3,3,1,0,6,0,0.0,NaN,NaN,1,0,1,0,0,0,1,0,0,0,0,0,0,0,0,0,0,0,0,13,0,0,2,0,1,4,1,1,1,0,0,1,0,0,14,-1,0
/home/arch_design_predict/download-github-repos/mvp/repos/Ganhuo-master/app/src/main/java/ganhuo/ly/com/ganhuo/mvp/entity/HuaResults.java,ganhuo.ly.com.ganhuo.mvp.entity.HuaResults$PinsBean$FileBean,innerclass,0,0,0,0,18,1,0,0,135,0.8888889,0.05882353,0.05882353,18,0,18,0,0,0,18,0,0,0,9,0,0,9,0,0,0,0,0,65,9,0,0,0,0,0,0,9,0,9,0,0,0,0,31,9,0
/home/arch_design_predict/download-github-repos/mvp/repos/Ganhuo-master/app/src/main/java/ganhuo/ly/com/ganhuo/mvp/huaban/presenter/HuaPresenter.java,ganhuo.ly.com.ganhuo.mvp.huaban.presenter.HuaPresenter,class,4,5,1,4,4,1,0,7,0,0.375,0.6666667,1.0,4,0,4,0,0,0,4,0,0,0,2,0,0,2,0,0,0,0,0,20,0,0,0,0,0,1,0,2,0,2,0,0,0,0,19,1,0
/home/arch_design_predict/download-github-repos/mvp/repos/Ganhuo-master/app/src/main/java/ganhuo/ly/com/ganhuo/mvp/home/adapter/PartAdapter.java,ganhuo.ly.com.ganhuo.mvp.home.adapter.PartAdapter$PartViewHolder,innerclass,6,6,0,6,1,2,0,1,0,0.0,NaN,NaN,1,0,1,0,0,0,1,0,0,0,6,0,0,0,0,6,0,0,0,20,0,0,0,0,0,0,0,9,0,9,0,0,0,0,22,0,0
/home/arch_design_predict/download-github-repos/mvp/repos/Ganhuo-master/app/src/main/java/ganhuo/ly/com/ganhuo/data/retrofit/OkHttp3Utils.java,ganhuo.ly.com.ganhuo.data.retrofit.OkHttp3Utils,class,9,12,3,9,10,1,0,26,3,0.73333335,0.0,0.0,3,3,3,0,0,0,3,0,0,0,5,5,0,5,0,0,2,0,2,76,5,2,2,1,1,3,6,11,1,11,4,2,1,0,48,1,0
/home/arch_design_predict/download-github-repos/mvp/repos/Ganhuo-master/app/src/main/java/ganhuo/ly/com/ganhuo/MyApplication.java,ganhuo.ly.com.ganhuo.MyApplication,class,3,11,8,3,14,2,0,6,14,0.6666667,0.25,0.25,8,1,8,0,0,0,8,0,0,0,3,1,0,3,0,0,0,0,1,48,1,2,4,0,0,0,1,5,0,3,2,0,0,0,17,1,0
/home/arch_design_predict/download-github-repos/mvp/repos/Ganhuo-master/app/src/main/java/ganhuo/ly/com/ganhuo/data/db/TasksManagerDBOpenHelper.java,ganhuo.ly.com.ganhuo.data.db.TasksManagerDBOpenHelper,class,3,4,1,3,3,2,0,0,3,0.6666667,0.0,0.0,3,0,3,0,0,0,3,0,0,0,2,2,2,0,0,0,2,0,0,11,0,0,0,0,0,1,1,2,0,2,0,0,0,0,28,1,0
/home/arch_design_predict/download-github-repos/mvp/repos/Ganhuo-master/app/src/main/java/ganhuo/ly/com/ganhuo/mvp/meizi/MeiziListActivity.java,ganhuo.ly.com.ganhuo.mvp.meizi.MeiziListActivity$Anonymous3,anonymous,3,3,0,3,3,1,0,10,0,0.0,NaN,NaN,1,0,1,0,0,0,1,0,0,0,0,0,0,0,0,0,0,0,1,21,0,0,1,1,0,0,0,2,0,2,2,1,0,0,14,-1,0
/home/arch_design_predict/download-github-repos/mvp/repos/Ganhuo-master/app/src/main/java/ganhuo/ly/com/ganhuo/data/HttpData/HttpData.java,ganhuo.ly.com.ganhuo.data.HttpData.HttpData$HttpResultFuncCcche,innerclass,3,3,0,3,1,1,0,1,0,0.0,NaN,NaN,1,0,1,0,0,0,1,0,0,0,0,0,0,0,0,0,0,0,0,5,1,0,0,0,0,0,0,0,0,0,0,0,0,0,4,2,0
/home/arch_design_predict/download-github-repos/mvp/repos/Ganhuo-master/app/src/main/java/ganhuo/ly/com/ganhuo/mvp/base/BaseFragment.java,ganhuo.ly.com.ganhuo.mvp.base.BaseFragment,class,7,16,9,7,7,2,8,7,21,0.85714287,0.0,0.0,7,0,3,0,4,0,7,4,0,0,1,0,1,0,0,0,0,0,0,21,1,0,0,0,0,0,0,1,0,1,0,0,0,0,24,1025,0
/home/arch_design_predict/download-github-repos/mvp/repos/Ganhuo-master/app/src/main/java/ganhuo/ly/com/ganhuo/mvp/zhihu/adapter/ZhiFragmentAdapter.java,ganhuo.ly.com.ganhuo.mvp.zhihu.adapter.ZhiFragmentAdapter$Anonymous1,anonymous,4,4,0,4,3,1,0,6,1,0.0,0.0,0.0,2,0,2,0,0,0,2,0,0,0,0,0,0,0,0,0,0,0,0,26,0,0,1,0,0,0,0,2,0,2,1,1,0,0,16,-1,0
/home/arch_design_predict/download-github-repos/mvp/repos/Ganhuo-master/app/src/main/java/ganhuo/ly/com/ganhuo/data/api/CacheProviders.java,ganhuo.ly.com.ganhuo.data.api.CacheProviders,interface,8,9,1,8,3,1,0,0,3,0.0,0.0,0.0,3,0,0,0,0,3,3,0,0,0,0,0,0,0,0,0,0,0,0,5,0,0,0,0,0,0,3,0,0,0,0,0,0,0,15,1,0
/home/arch_design_predict/download-github-repos/mvp/repos/Ganhuo-master/app/src/main/java/ganhuo/ly/com/ganhuo/mvp/meizi/MeiziListActivity.java,ganhuo.ly.com.ganhuo.mvp.meizi.MeiziListActivity$Anonymous1,anonymous,4,4,0,4,3,1,0,7,0,0.0,NaN,NaN,1,0,1,0,0,0,1,0,0,0,0,0,0,0,0,0,0,0,1,17,0,0,1,0,0,0,2,2,0,0,1,1,0,0,16,-1,0
/home/arch_design_predict/download-github-repos/mvp/repos/Ganhuo-master/app/src/main/java/ganhuo/ly/com/ganhuo/mvp/zhihu/model/ZhiFragmentModel.java,ganhuo.ly.com.ganhuo.mvp.zhihu.model.ZhiFragmentModel$Anonymous1,anonymous,2,2,0,2,3,1,0,2,3,0.0,0.0,0.0,3,0,3,0,0,0,3,0,0,0,0,0,0,0,0,0,0,0,0,10,0,0,0,0,0,0,0,0,0,0,0,0,0,0,10,-1,0
/home/arch_design_predict/download-github-repos/mvp/repos/Ganhuo-master/app/src/main/java/ganhuo/ly/com/ganhuo/mvp/zhihu/model/ZhiFragmentModel.java,ganhuo.ly.com.ganhuo.mvp.zhihu.model.ZhiFragmentModel$Anonymous2,anonymous,2,2,0,2,3,1,0,2,3,0.0,0.0,0.0,3,0,3,0,0,0,3,0,0,0,0,0,0,0,0,0,0,0,0,10,0,0,0,0,0,0,0,0,0,0,0,0,0,0,11,-1,0
/home/arch_design_predict/download-github-repos/mvp/repos/Ganhuo-master/app/src/main/java/ganhuo/ly/com/ganhuo/data/db/TasksManagerDBController.java,ganhuo.ly.com.ganhuo.data.db.TasksManagerDBController,class,3,3,0,3,1,1,0,2,0,0.5,NaN,NaN,1,0,1,0,0,0,1,0,0,0,2,1,2,0,0,0,2,0,1,8,0,0,0,0,0,1,0,3,0,3,0,0,0,0,20,1,0
/home/arch_design_predict/download-github-repos/mvp/repos/Ganhuo-master/app/src/main/java/ganhuo/ly/com/ganhuo/widget/dialog/Mydialog_interface.java,ganhuo.ly.com.ganhuo.widget.dialog.Mydialog_interface$Anonymous1,anonymous,2,2,0,2,1,1,0,1,0,0.0,NaN,NaN,1,0,1,0,0,0,1,0,0,0,0,0,0,0,0,0,0,0,0,5,0,0,0,0,0,0,0,0,0,0,0,0,0,0,5,-1,0
/home/arch_design_predict/download-github-repos/mvp/repos/Ganhuo-master/app/src/main/java/ganhuo/ly/com/ganhuo/widget/dialog/Mydialog_interface.java,ganhuo.ly.com.ganhuo.widget.dialog.Mydialog_interface$Anonymous2,anonymous,2,2,0,2,1,1,0,1,0,0.0,NaN,NaN,1,0,1,0,0,0,1,0,0,0,0,0,0,0,0,0,0,0,0,5,0,0,0,0,0,0,0,0,0,0,0,0,0,0,5,-1,0
/home/arch_design_predict/download-github-repos/mvp/repos/Ganhuo-master/app/src/main/java/ganhuo/ly/com/ganhuo/mvp/meizi/MeiziListAdapter.java,ganhuo.ly.com.ganhuo.mvp.meizi.MeiziListAdapter$Anonymous1,anonymous,4,4,0,4,2,1,0,4,0,0.0,NaN,NaN,1,0,1,0,0,0,1,0,0,0,0,0,0,0,0,0,0,0,2,12,0,0,0,1,0,1,2,1,0,1,1,0,0,0,10,-1,0
/home/arch_design_predict/download-github-repos/mvp/repos/Ganhuo-master/app/src/main/java/ganhuo/ly/com/ganhuo/data/HttpData/HttpData.java,ganhuo.ly.com.ganhuo.data.HttpData.HttpData$Anonymous1,anonymous,4,4,0,4,3,1,0,4,1,0.0,0.0,0.0,2,0,2,0,0,0,2,0,0,0,0,0,0,0,0,0,0,0,1,10,0,0,0,0,0,1,0,1,1,1,1,0,0,0,12,-1,0
/home/arch_design_predict/download-github-repos/mvp/repos/Ganhuo-master/app/src/main/java/ganhuo/ly/com/ganhuo/data/retrofit/PersistentCookieStore.java,ganhuo.ly.com.ganhuo.data.retrofit.PersistentCookieStore,class,7,9,2,7,26,1,0,42,23,0.725,0.24444444,0.24444444,10,0,5,0,5,0,10,0,0,0,4,2,0,4,0,0,4,0,3,110,10,5,2,2,3,8,12,27,7,24,4,0,0,0,86,1,0
/home/arch_design_predict/download-github-repos/mvp/repos/Ganhuo-master/app/src/main/java/ganhuo/ly/com/ganhuo/mvp/meizi/MeiMainFragment.java,ganhuo.ly.com.ganhuo.mvp.meizi.MeiMainFragment$Anonymous1$Anonymous2,anonymous,0,0,0,0,1,1,0,1,0,0.0,NaN,NaN,1,0,1,0,0,0,1,0,0,0,0,0,0,0,0,0,0,0,0,5,0,0,0,0,0,0,0,0,0,0,0,0,0,0,4,-1,0
/home/arch_design_predict/download-github-repos/mvp/repos/Ganhuo-master/app/src/main/java/ganhuo/ly/com/ganhuo/mvp/home/adapter/ReadAdapter.java,ganhuo.ly.com.ganhuo.mvp.home.adapter.ReadAdapter$Anonymous1,anonymous,3,3,0,3,1,1,0,4,0,0.0,NaN,NaN,1,0,1,0,0,0,1,0,0,0,0,0,0,0,0,0,0,0,1,5,0,0,0,0,0,0,0,0,0,0,0,0,0,0,5,-1,0
/home/arch_design_predict/download-github-repos/mvp/repos/Ganhuo-master/app/src/main/java/com/gyw/ganhuo/utils/CustomCrashHandler.java,com.gyw.ganhuo.utils.CustomCrashHandler,class,5,7,2,5,15,1,0,42,34,0.8518519,0.33333334,0.33333334,9,1,3,6,0,0,3,0,0,0,3,2,0,3,0,0,1,0,8,96,5,1,0,3,0,19,2,19,6,17,2,1,0,0,70,1,0
/home/arch_design_predict/download-github-repos/mvp/repos/Ganhuo-master/app/src/main/java/ganhuo/ly/com/ganhuo/util/FileUtil.java,ganhuo.ly.com.ganhuo.util.FileUtil,class,6,10,4,6,13,1,0,23,10,0.0,0.0,0.0,5,5,5,0,0,0,5,0,0,0,0,0,0,0,0,0,0,0,4,66,4,1,2,1,1,13,8,21,6,16,2,0,0,0,52,1,0
/home/arch_design_predict/download-github-repos/mvp/repos/Ganhuo-master/app/src/main/java/ganhuo/ly/com/ganhuo/mvp/zhihu/fragment/ZhihuFragment.java,ganhuo.ly.com.ganhuo.mvp.zhihu.fragment.ZhihuFragment$Anonymous3,anonymous,4,4,0,4,1,1,0,6,0,0.0,NaN,NaN,1,0,1,0,0,0,1,0,0,0,0,0,0,0,0,0,0,0,1,8,0,0,0,0,0,2,0,2,1,1,0,0,0,0,9,-1,0
/home/arch_design_predict/download-github-repos/mvp/repos/Ganhuo-master/app/src/main/java/ganhuo/ly/com/ganhuo/mvp/zhihu/fragment/ZhihuFragment.java,ganhuo.ly.com.ganhuo.mvp.zhihu.fragment.ZhihuFragment$Anonymous4,anonymous,4,4,0,4,1,1,0,5,0,0.0,NaN,NaN,1,0,1,0,0,0,1,0,0,0,0,0,0,0,0,0,0,0,1,7,0,0,0,0,0,0,0,2,0,1,0,0,0,0,8,-1,0
/home/arch_design_predict/download-github-repos/mvp/repos/Ganhuo-master/app/src/main/java/ganhuo/ly/com/ganhuo/mvp/base/BaseActivity.java,ganhuo.ly.com.ganhuo.mvp.base.BaseActivity,class,11,17,6,11,23,2,5,31,171,0.94736844,0.0,0.0,19,0,8,2,9,0,17,5,0,0,2,0,0,1,1,0,0,0,2,91,8,0,1,1,0,4,5,16,0,14,1,0,0,0,71,1025,0
/home/arch_design_predict/download-github-repos/mvp/repos/Ganhuo-master/app/src/main/java/com/gyw/ganhuo/adapters/DiscoBaseAdapter.java,com.gyw.ganhuo.adapters.DiscoBaseAdapter$LoadingMoreViewHolder,innerclass,4,4,0,4,1,2,0,1,0,1.0,NaN,NaN,1,0,1,0,0,0,1,0,0,0,1,0,0,0,0,1,0,0,0,7,0,0,0,0,0,0,0,0,0,1,0,0,0,0,9,1,0
/home/arch_design_predict/download-github-repos/mvp/repos/Ganhuo-master/app/src/main/java/com/gyw/ganhuo/adapters/MainGrilAdapter.java,com.gyw.ganhuo.adapters.MainGrilAdapter$Anonymous1,anonymous,6,6,0,6,8,1,0,9,0,0.0,NaN,NaN,1,0,1,0,0,0,1,0,0,0,0,0,0,0,0,0,0,0,1,34,1,0,2,0,0,4,8,8,1,4,3,0,0,0,17,-1,0
/home/arch_design_predict/download-github-repos/mvp/repos/Ganhuo-master/app/src/main/java/com/gyw/ganhuo/weiget/TopBar.java,com.gyw.ganhuo.weiget.TopBar,class,11,12,1,11,19,2,0,19,29,0.76515156,0.14285715,0.25,11,0,8,3,0,0,8,0,0,0,12,0,0,9,0,3,0,0,0,106,0,0,2,0,0,0,2,13,0,13,2,0,1,0,42,1,0
/home/arch_design_predict/download-github-repos/mvp/repos/Ganhuo-master/app/src/main/java/ganhuo/ly/com/ganhuo/mvp/zhihu/fragment/ZhihuFragment.java,ganhuo.ly.com.ganhuo.mvp.zhihu.fragment.ZhihuFragment$Anonymous1,anonymous,3,3,0,3,1,1,0,5,0,0.0,NaN,NaN,1,0,1,0,0,0,1,0,0,0,0,0,0,0,0,0,0,0,0,11,0,0,0,0,0,0,1,0,0,0,0,1,0,0,8,-1,0
/home/arch_design_predict/download-github-repos/mvp/repos/Ganhuo-master/app/src/main/java/com/gyw/ganhuo/fragments/MainDiscoFragment.java,com.gyw.ganhuo.fragments.MainDiscoFragment,class,11,12,1,11,7,3,0,13,15,0.8333333,0.0,0.0,6,0,2,0,4,0,6,0,0,0,4,0,0,2,0,2,0,0,2,32,1,1,0,0,0,0,0,5,0,4,1,0,0,0,30,1,0
/home/arch_design_predict/download-github-repos/mvp/repos/Ganhuo-master/app/src/main/java/ganhuo/ly/com/ganhuo/mvp/home/adapter/MyPagerAdapter.java,ganhuo.ly.com.ganhuo.mvp.home.adapter.MyPagerAdapter,class,3,6,3,3,4,2,0,2,0,0.375,0.6666667,1.0,4,0,4,0,0,0,4,0,0,0,2,0,0,2,0,0,0,0,0,18,3,0,0,0,0,0,0,3,0,2,0,0,0,0,22,1,0
/home/arch_design_predict/download-github-repos/mvp/repos/Ganhuo-master/app/src/main/java/ganhuo/ly/com/ganhuo/mvp/home/adapter/PartAdapter.java,ganhuo.ly.com.ganhuo.mvp.home.adapter.PartAdapter$Anonymous2,anonymous,3,3,0,3,1,1,0,4,0,0.0,NaN,NaN,1,0,1,0,0,0,1,0,0,0,0,0,0,0,0,0,0,0,1,5,0,0,0,0,0,0,0,0,0,0,0,0,0,0,5,-1,0
/home/arch_design_predict/download-github-repos/mvp/repos/Ganhuo-master/app/src/main/java/ganhuo/ly/com/ganhuo/mvp/home/adapter/PartAdapter.java,ganhuo.ly.com.ganhuo.mvp.home.adapter.PartAdapter$Anonymous3,anonymous,3,3,0,3,1,1,0,4,0,0.0,NaN,NaN,1,0,1,0,0,0,1,0,0,0,0,0,0,0,0,0,0,0,1,5,0,0,0,0,0,0,0,0,0,0,0,0,0,0,5,-1,0
/home/arch_design_predict/download-github-repos/mvp/repos/Ganhuo-master/librarygan/src/test/java/com/gyw/librarygan/ExampleUnitTest.java,com.gyw.librarygan.ExampleUnitTest,class,1,1,0,1,1,1,0,1,0,0.0,NaN,NaN,1,0,1,0,0,0,1,0,0,0,0,0,0,0,0,0,0,0,0,5,0,0,0,0,0,0,3,0,1,0,0,0,0,0,18,1,0
/home/arch_design_predict/download-github-repos/mvp/repos/Ganhuo-master/app/src/main/java/ganhuo/ly/com/ganhuo/mvp/home/adapter/PartAdapter.java,ganhuo.ly.com.ganhuo.mvp.home.adapter.PartAdapter$Anonymous1,anonymous,3,3,0,3,1,1,0,4,0,0.0,NaN,NaN,1,0,1,0,0,0,1,0,0,0,0,0,0,0,0,0,0,0,1,5,0,0,0,0,0,0,0,0,0,0,0,0,0,0,5,-1,0
/home/arch_design_predict/download-github-repos/mvp/repos/Ganhuo-master/app/src/main/java/ganhuo/ly/com/ganhuo/widget/MyScrollview.java,ganhuo.ly.com.ganhuo.widget.MyScrollview,class,4,4,0,4,7,2,0,7,0,0.5,1.0,1.0,4,0,4,0,0,0,4,0,0,0,3,0,0,3,0,0,0,0,1,32,2,0,0,0,0,0,0,7,1,5,2,0,0,0,26,1,0
/home/arch_design_predict/download-github-repos/mvp/repos/Ganhuo-master/app/src/main/java/ganhuo/ly/com/ganhuo/mvp/huaban/fragment/HuaMainFragment.java,ganhuo.ly.com.ganhuo.mvp.huaban.fragment.HuaMainFragment,class,12,13,1,12,5,3,0,9,4,0.64285713,0.16666667,0.16666667,4,0,0,0,4,0,4,0,0,0,7,0,0,7,0,0,2,0,1,36,1,1,0,0,0,9,1,7,0,7,1,1,0,0,40,1,0
/home/arch_design_predict/download-github-repos/mvp/repos/Ganhuo-master/app/src/main/java/ganhuo/ly/com/ganhuo/mvp/meizi/MeiziView.java,ganhuo.ly.com.ganhuo.mvp.meizi.MeiziView,interface,2,6,4,2,5,1,0,0,10,0.0,0.0,0.0,5,0,0,0,0,5,5,0,0,0,0,0,0,0,0,0,0,0,0,7,0,0,0,0,0,0,0,0,0,0,0,0,0,0,16,1,0
/home/arch_design_predict/download-github-repos/mvp/repos/Ganhuo-master/app/src/main/java/ganhuo/ly/com/ganhuo/mvp/home/adapter/ReadAdapter.java,ganhuo.ly.com.ganhuo.mvp.home.adapter.ReadAdapter$PartViewHolder,innerclass,4,4,0,4,1,2,0,1,0,0.0,NaN,NaN,1,0,1,0,0,0,1,0,0,0,4,0,0,0,0,4,0,0,0,14,0,0,0,0,0,0,0,5,0,5,0,0,0,0,13,0,0
/home/arch_design_predict/download-github-repos/mvp/repos/Ganhuo-master/app/src/main/java/com/gyw/ganhuo/http/GanApi.java,com.gyw.ganhuo.http.GanApi,interface,5,8,3,5,2,1,0,0,1,0.0,0.0,0.0,2,0,0,0,0,2,2,0,0,0,0,0,0,0,0,0,0,0,0,4,0,0,0,0,0,7,0,0,0,0,0,0,0,0,13,1,0
/home/arch_design_predict/download-github-repos/mvp/repos/Ganhuo-master/app/src/main/java/ganhuo/ly/com/ganhuo/mvp/meizi/MeiziListAdapter.java,ganhuo.ly.com.ganhuo.mvp.meizi.MeiziListAdapter$MeiziViewHolder,innerclass,3,3,0,3,1,2,0,1,0,0.0,NaN,NaN,1,0,1,0,0,0,1,0,0,0,2,0,0,0,0,2,0,0,0,9,0,0,0,0,0,0,0,2,0,2,0,0,0,0,7,0,0
/home/arch_design_predict/download-github-repos/mvp/repos/Ganhuo-master/app/src/main/java/ganhuo/ly/com/ganhuo/mvp/meizi/MeiziAdapter.java,ganhuo.ly.com.ganhuo.mvp.meizi.MeiziAdapter,class,8,9,1,8,6,2,0,9,4,0.6,0.3,0.3,5,0,5,0,0,0,5,0,0,0,2,0,0,2,0,0,0,0,1,41,4,0,0,0,0,0,1,4,0,4,1,1,1,0,22,1,0
/home/arch_design_predict/download-github-repos/mvp/repos/Ganhuo-master/app/src/main/java/ganhuo/ly/com/ganhuo/data/retrofit/OkHttp3Utils.java,ganhuo.ly.com.ganhuo.data.retrofit.OkHttp3Utils$Anonymous2,anonymous,4,4,0,4,1,1,0,6,0,0.0,NaN,NaN,1,0,1,0,0,0,1,0,0,0,0,0,0,0,0,0,0,0,1,7,1,0,0,0,0,5,0,2,0,2,0,0,0,0,13,-1,0
/home/arch_design_predict/download-github-repos/mvp/repos/Ganhuo-master/app/src/main/java/ganhuo/ly/com/ganhuo/data/retrofit/OkHttp3Utils.java,ganhuo.ly.com.ganhuo.data.retrofit.OkHttp3Utils$Anonymous1,anonymous,5,5,0,5,3,1,0,11,0,0.0,NaN,NaN,1,0,1,0,0,0,1,0,0,0,0,0,0,0,0,0,0,0,4,17,2,0,0,0,0,5,4,5,2,4,1,0,0,0,19,-1,0
/home/arch_design_predict/download-github-repos/mvp/repos/Ganhuo-master/app/src/main/java/ganhuo/ly/com/ganhuo/mvp/zhihu/adapter/ZhiFragmentAdapter.java,ganhuo.ly.com.ganhuo.mvp.zhihu.adapter.ZhiFragmentAdapter$CardViewHolder,innerclass,6,6,0,6,3,2,0,5,0,0.3,1.0,1.0,2,0,2,0,0,0,2,0,0,0,5,0,4,1,0,0,0,0,0,29,0,0,1,0,0,0,0,5,0,5,1,0,1,0,20,9,0
/home/arch_design_predict/download-github-repos/mvp/repos/Ganhuo-master/app/src/main/java/com/gyw/ganhuo/fragments/MainGrilFragment.java,com.gyw.ganhuo.fragments.MainGrilFragment,class,17,19,2,17,16,4,0,25,75,0.85714287,0.06410257,0.12820514,14,0,6,1,7,0,13,0,0,0,6,0,0,5,0,1,0,0,4,93,1,0,1,0,0,3,3,10,2,7,1,2,0,0,49,1,0
/home/arch_design_predict/download-github-repos/mvp/repos/Ganhuo-master/app/src/main/java/ganhuo/ly/com/ganhuo/mvp/huaban/fragment/HuaFragment.java,ganhuo.ly.com.ganhuo.mvp.huaban.fragment.HuaFragment,class,15,18,3,15,17,3,0,26,60,0.8653845,0.083333336,0.083333336,13,1,5,4,4,0,9,0,0,0,8,0,0,8,0,0,0,0,2,93,3,0,1,0,0,5,5,11,1,12,1,1,0,0,57,1,0
/home/arch_design_predict/download-github-repos/mvp/repos/Ganhuo-master/app/src/main/java/com/gyw/ganhuo/fragments/MainGrilFragment.java,com.gyw.ganhuo.fragments.MainGrilFragment$Anonymous1,anonymous,4,4,0,4,3,1,0,8,0,0.0,NaN,NaN,1,0,1,0,0,0,1,0,0,0,0,0,0,0,0,0,0,0,1,15,0,0,0,0,1,3,3,5,3,3,1,0,0,0,22,-1,0
/home/arch_design_predict/download-github-repos/mvp/repos/Ganhuo-master/app/src/main/java/com/gyw/ganhuo/fragments/MainGrilFragment.java,com.gyw.ganhuo.fragments.MainGrilFragment$Anonymous2,anonymous,1,1,0,1,1,1,0,2,0,0.0,NaN,NaN,1,0,1,0,0,0,1,0,0,0,0,0,0,0,0,0,0,0,0,6,0,0,0,0,0,0,0,0,0,0,0,0,0,0,5,-1,0
/home/arch_design_predict/download-github-repos/mvp/repos/Ganhuo-master/app/src/main/java/ganhuo/ly/com/ganhuo/mvp/meizi/MeiziAdapter.java,ganhuo.ly.com.ganhuo.mvp.meizi.MeiziAdapter$MeiziViewHolder,innerclass,3,3,0,3,1,2,0,1,0,0.0,NaN,NaN,1,0,1,0,0,0,1,0,0,0,2,0,0,0,0,2,0,0,0,9,0,0,0,0,0,0,0,2,0,2,0,0,0,0,8,0,0
/home/arch_design_predict/download-github-repos/mvp/repos/Ganhuo-master/librarygan/src/androidTest/java/com/gyw/librarygan/ApplicationTest.java,com.gyw.librarygan.ApplicationTest,class,2,2,0,2,1,2,0,0,0,0.0,NaN,NaN,1,0,1,0,0,0,1,0,0,0,0,0,0,0,0,0,0,0,0,5,0,0,0,0,0,0,0,0,0,0,0,0,0,0,7,1,0
/home/arch_design_predict/download-github-repos/mvp/repos/Ganhuo-master/app/src/main/java/ganhuo/ly/com/ganhuo/util/ShareUtils.java,ganhuo.ly.com.ganhuo.util.ShareUtils,class,3,5,2,3,2,1,0,6,1,0.0,0.0,0.0,2,2,2,0,0,0,2,0,0,0,0,0,0,0,0,0,0,0,0,17,0,0,0,0,0,5,0,2,0,2,0,0,0,0,10,1,0
/home/arch_design_predict/download-github-repos/mvp/repos/Ganhuo-master/app/src/main/java/ganhuo/ly/com/ganhuo/mvp/home/fragment/DiscoveryFragment.java,ganhuo.ly.com.ganhuo.mvp.home.fragment.DiscoveryFragment$Anonymous1$Anonymous2,anonymous,0,0,0,0,1,1,0,1,0,0.0,NaN,NaN,1,0,1,0,0,0,1,0,0,0,0,0,0,0,0,0,0,0,0,5,0,0,0,0,0,0,0,0,0,0,0,0,0,0,4,-1,0
/home/arch_design_predict/download-github-repos/mvp/repos/Ganhuo-master/app/src/main/java/com/gyw/ganhuo/activitys/MainActivity.java,com.gyw.ganhuo.activitys.MainActivity,class,12,13,1,12,7,3,0,19,13,0.76666665,0.0,0.0,6,0,2,1,3,0,5,0,0,0,5,0,0,5,0,0,0,0,0,42,1,1,0,0,0,3,1,11,0,11,1,0,0,0,41,1,0
/home/arch_design_predict/download-github-repos/mvp/repos/Ganhuo-master/app/src/main/java/com/gyw/ganhuo/weiget/CustomWebView.java,com.gyw.ganhuo.weiget.CustomWebView,class,11,12,1,11,14,2,0,21,31,0.86666673,0.14285715,0.14285715,10,0,8,2,0,0,8,0,0,0,6,1,0,4,0,2,1,0,0,126,3,0,1,0,0,5,2,6,0,7,1,3,0,0,59,1,0
/home/arch_design_predict/download-github-repos/mvp/repos/Ganhuo-master/app/src/main/java/ganhuo/ly/com/ganhuo/mvp/meizi/MeiziListActivity.java,ganhuo.ly.com.ganhuo.mvp.meizi.MeiziListActivity$Anonymous3$Anonymous4,anonymous,0,0,0,0,1,1,0,1,0,0.0,NaN,NaN,1,0,1,0,0,0,1,0,0,0,0,0,0,0,0,0,0,0,0,5,0,0,0,0,0,0,0,0,0,0,0,0,0,0,1,-1,0
/home/arch_design_predict/download-github-repos/mvp/repos/Ganhuo-master/app/src/main/java/ganhuo/ly/com/ganhuo/mvp/home/model/OnLoadDataListListener.java,ganhuo.ly.com.ganhuo.mvp.home.model.OnLoadDataListListener,interface,1,17,16,1,2,1,0,0,1,0.0,0.0,0.0,2,0,0,0,0,2,2,0,0,0,0,0,0,0,0,0,0,0,0,4,0,0,0,0,0,0,0,0,0,0,0,0,0,0,11,1,0
/home/arch_design_predict/download-github-repos/mvp/repos/Ganhuo-master/app/src/main/java/ganhuo/ly/com/ganhuo/mvp/home/fragment/ReadFragment.java,ganhuo.ly.com.ganhuo.mvp.home.fragment.ReadFragment,class,15,18,3,15,18,3,0,28,71,0.85714287,0.055555556,0.055555556,14,1,5,5,4,0,9,0,0,0,9,3,0,9,0,0,1,0,2,94,2,0,0,0,0,5,2,14,0,13,2,1,0,0,75,1,0
/home/arch_design_predict/download-github-repos/mvp/repos/Ganhuo-master/app/src/main/java/com/gyw/ganhuo/model/VideoData.java,com.gyw.ganhuo.model.VideoData,class,1,2,1,1,0,1,0,0,0,NaN,-1.0,-1.0,0,0,0,0,0,0,0,0,0,0,1,0,1,0,0,0,0,0,0,3,0,0,0,0,0,0,0,0,0,1,0,0,0,0,7,1,0
/home/arch_design_predict/download-github-repos/mvp/repos/Ganhuo-master/app/src/main/java/ganhuo/ly/com/ganhuo/data/retrofit/RetrofitUtils.java,ganhuo.ly.com.ganhuo.data.retrofit.RetrofitUtils,class,3,4,1,3,2,1,1,7,0,0.0,NaN,NaN,1,1,0,0,1,0,1,0,0,0,2,2,0,2,0,0,0,0,1,11,1,0,1,0,0,0,0,2,0,2,1,0,0,0,9,1025,0
/home/arch_design_predict/download-github-repos/mvp/repos/Ganhuo-master/app/src/main/java/ganhuo/ly/com/ganhuo/mvp/zhihu/fragment/ZhihuMainFragment.java,ganhuo.ly.com.ganhuo.mvp.zhihu.fragment.ZhihuMainFragment$Anonymous1,anonymous,1,1,0,1,1,1,0,1,0,0.0,NaN,NaN,1,0,1,0,0,0,1,0,0,0,0,0,0,0,0,0,0,0,0,7,1,0,0,0,0,0,0,0,0,0,1,0,0,0,6,-1,0
/home/arch_design_predict/download-github-repos/mvp/repos/Ganhuo-master/app/src/test/java/com/gyw/ganhuo/ExampleUnitTest.java,com.gyw.ganhuo.ExampleUnitTest,class,1,1,0,1,1,1,0,1,0,0.0,NaN,NaN,1,0,1,0,0,0,1,0,0,0,0,0,0,0,0,0,0,0,0,5,0,0,0,0,0,0,3,0,1,0,0,0,0,0,18,1,0
/home/arch_design_predict/download-github-repos/mvp/repos/Ganhuo-master/app/src/main/java/com/gyw/ganhuo/http/MainFactory.java,com.gyw.ganhuo.http.MainFactory,class,3,5,2,3,3,1,0,1,0,0.0,NaN,NaN,1,1,1,0,0,0,1,0,0,0,1,1,0,1,0,0,0,0,0,13,1,0,2,0,0,0,0,1,0,1,3,0,0,0,13,1,0
/home/arch_design_predict/download-github-repos/mvp/repos/Ganhuo-master/app/src/main/java/ganhuo/ly/com/ganhuo/common/Constant.java,ganhuo.ly.com.ganhuo.common.Constant,class,0,0,0,0,0,1,0,0,0,0.0,-1.0,-1.0,0,0,0,0,0,0,0,0,0,0,0,0,0,0,0,0,0,0,0,30,0,0,0,0,0,0,0,0,0,0,0,0,5,0,1,1,0
/home/arch_design_predict/download-github-repos/mvp/repos/Ganhuo-master/app/src/main/java/ganhuo/ly/com/ganhuo/mvp/entity/Question.java,ganhuo.ly.com.ganhuo.mvp.entity.Question,class,0,1,1,0,6,1,0,1,2,0.5,0.4,0.4,5,0,5,0,0,0,5,0,0,0,2,0,0,2,0,0,0,0,0,19,3,0,1,0,0,0,0,2,0,2,0,0,0,0,11,1,0
/home/arch_design_predict/download-github-repos/mvp/repos/Ganhuo-master/app/src/main/java/com/gyw/ganhuo/global/MyApplication.java,com.gyw.ganhuo.global.MyApplication,class,4,5,1,4,3,2,0,5,0,0.33333334,0.6666667,1.0,3,2,3,0,0,0,3,0,0,0,2,2,0,2,0,0,0,0,1,18,2,0,0,0,0,0,0,3,0,3,0,0,0,0,10,1,0
/home/arch_design_predict/download-github-repos/mvp/repos/Ganhuo-master/app/src/main/java/com/gyw/ganhuo/base/BaseFragment.java,com.gyw.ganhuo.base.BaseFragment,class,10,19,9,10,11,2,6,11,28,0.953125,0.0,0.0,8,0,4,0,4,0,8,4,0,0,8,2,4,0,4,0,2,0,0,42,1,0,2,0,0,2,0,9,0,10,2,0,0,0,42,1025,0
/home/arch_design_predict/download-github-repos/mvp/repos/Ganhuo-master/app/src/main/java/ganhuo/ly/com/ganhuo/mvp/home/activity/ReadActivity.java,ganhuo.ly.com.ganhuo.mvp.home.activity.ReadActivity,class,11,15,4,11,9,3,0,22,17,0.7959184,0.0952381,0.14285715,7,0,2,0,5,0,7,0,0,0,6,0,0,6,0,0,1,0,1,44,2,1,1,0,0,8,3,8,0,7,1,0,0,0,54,1,0
/home/arch_design_predict/download-github-repos/mvp/repos/Ganhuo-master/app/src/main/java/ganhuo/ly/com/ganhuo/mvp/home/model/HomeFragmentModel.java,ganhuo.ly.com.ganhuo.mvp.home.model.HomeFragmentModel$Anonymous1,anonymous,2,2,0,2,3,1,0,3,3,0.0,0.0,0.0,3,0,3,0,0,0,3,0,0,0,0,0,0,0,0,0,0,0,0,12,0,0,0,0,0,4,0,0,0,0,0,0,0,0,10,-1,0
/home/arch_design_predict/download-github-repos/mvp/repos/Ganhuo-master/app/src/main/java/com/gyw/ganhuo/utils/LogUtil.java,com.gyw.ganhuo.utils.LogUtil,class,0,7,7,0,24,1,0,4,0,0.25,1.0,1.0,12,12,12,0,0,0,12,0,0,0,2,2,0,2,0,0,2,0,0,64,0,0,0,0,0,13,0,2,12,2,1,0,0,0,22,1,0
/home/arch_design_predict/download-github-repos/mvp/repos/Ganhuo-master/app/src/main/java/com/gyw/ganhuo/base/BasePresenter.java,com.gyw.ganhuo.base.BasePresenter,class,4,4,0,4,1,1,0,1,0,0.33333334,NaN,NaN,1,0,1,0,0,0,1,0,0,0,3,0,0,0,3,0,0,0,1,9,0,0,0,0,0,0,0,3,0,3,0,0,0,0,11,1,0
/home/arch_design_predict/download-github-repos/mvp/repos/Ganhuo-master/app/src/main/java/ganhuo/ly/com/ganhuo/util/PerfectClickListener.java,ganhuo.ly.com.ganhuo.util.PerfectClickListener,class,3,5,2,3,4,1,0,4,1,0.5,0.0,0.0,2,0,1,0,1,0,2,1,0,0,3,1,0,3,0,0,1,0,1,20,1,0,1,0,0,0,3,8,1,5,1,0,0,0,28,1025,0
/home/arch_design_predict/download-github-repos/mvp/repos/Ganhuo-master/app/src/main/java/ganhuo/ly/com/ganhuo/common/Lists.java,ganhuo.ly.com.ganhuo.common.Lists,class,0,0,0,0,0,1,0,0,0,NaN,-1.0,-1.0,0,0,0,0,0,0,0,0,0,0,1,1,1,0,0,0,0,0,0,3,0,0,0,0,0,18,0,1,0,1,0,0,0,0,34,1,0
/home/arch_design_predict/download-github-repos/mvp/repos/Ganhuo-master/app/src/main/java/com/gyw/ganhuo/fragments/DiscoClassifyFragment.java,com.gyw.ganhuo.fragments.DiscoClassifyFragment$Anonymous1,anonymous,0,0,0,0,1,1,0,1,0,0.0,NaN,NaN,1,0,1,0,0,0,1,0,0,0,0,0,0,0,0,0,0,0,0,7,0,0,0,0,0,0,1,2,0,0,0,0,0,0,7,-1,0
/home/arch_design_predict/download-github-repos/mvp/repos/Ganhuo-master/app/src/main/java/ganhuo/ly/com/ganhuo/mvp/huaban/adapter/HuaAdapter.java,ganhuo.ly.com.ganhuo.mvp.huaban.adapter.HuaAdapter$CardViewHolder,innerclass,5,5,0,5,2,2,0,2,1,0.5,0.0,0.0,2,0,2,0,0,0,2,0,0,0,4,0,4,0,0,0,0,0,0,17,0,0,0,0,0,0,0,4,0,4,0,0,0,0,13,9,0
/home/arch_design_predict/download-github-repos/mvp/repos/Ganhuo-master/app/src/main/java/com/gyw/ganhuo/adapters/MainDisoAdapter.java,com.gyw.ganhuo.adapters.MainDisoAdapter,class,4,5,1,4,4,2,0,1,0,0.375,0.33333334,0.5,4,0,4,0,0,0,4,0,0,0,2,0,0,2,0,0,0,0,0,18,3,0,0,0,0,0,0,2,0,2,0,0,0,0,21,1,0
/home/arch_design_predict/download-github-repos/mvp/repos/Ganhuo-master/app/src/main/java/ganhuo/ly/com/ganhuo/mvp/huaban/adapter/HuaAdapter.java,ganhuo.ly.com.ganhuo.mvp.huaban.adapter.HuaAdapter,class,8,8,0,8,6,2,0,5,2,0.5,0.3,0.3,5,0,5,0,0,0,5,0,0,0,2,0,0,2,0,0,0,0,0,45,3,0,1,0,0,0,2,5,0,4,1,0,1,0,33,1,0
/home/arch_design_predict/download-github-repos/mvp/repos/Ganhuo-master/app/src/main/java/ganhuo/ly/com/ganhuo/mvp/entity/DailyNews.java,ganhuo.ly.com.ganhuo.mvp.entity.DailyNews,class,2,3,1,2,10,1,0,2,28,0.7777778,0.11111111,0.11111111,9,0,9,0,0,0,9,0,0,0,4,0,0,4,0,0,0,0,0,33,5,0,0,0,0,0,1,4,0,4,0,0,0,0,15,17,0
/home/arch_design_predict/download-github-repos/mvp/repos/Ganhuo-master/app/src/main/java/com/gyw/ganhuo/fragments/BlankFragment.java,com.gyw.ganhuo.fragments.BlankFragment,class,9,10,1,9,10,2,0,10,13,0.74285716,0.1904762,0.1904762,7,1,7,0,0,0,7,0,0,0,5,2,0,5,0,0,2,0,0,48,2,0,2,0,0,3,0,8,1,7,1,0,1,0,65,1,0
/home/arch_design_predict/download-github-repos/mvp/repos/Ganhuo-master/app/src/main/java/ganhuo/ly/com/ganhuo/mvp/meizi/MeiziListActivity.java,ganhuo.ly.com.ganhuo.mvp.meizi.MeiziListActivity$Anonymous1$Anonymous2,anonymous,0,0,0,0,1,1,0,1,0,0.0,NaN,NaN,1,0,1,0,0,0,1,0,0,0,0,0,0,0,0,0,0,0,0,5,0,0,0,0,0,0,0,0,0,0,0,0,0,0,4,-1,0
/home/arch_design_predict/download-github-repos/mvp/repos/Ganhuo-master/app/src/main/java/com/gyw/ganhuo/fragments/BaseRefeshFragment.java,com.gyw.ganhuo.fragments.BaseRefeshFragment$Anonymous2,anonymous,0,0,0,0,1,1,0,1,0,0.0,NaN,NaN,1,0,1,0,0,0,1,0,0,0,0,0,0,0,0,0,0,0,0,5,0,0,0,0,0,0,0,0,0,0,0,0,0,0,2,-1,0
/home/arch_design_predict/download-github-repos/mvp/repos/Ganhuo-master/app/src/main/java/ganhuo/ly/com/ganhuo/data/api/GanHuoService.java,ganhuo.ly.com.ganhuo.data.api.GanHuoService,interface,5,6,1,5,2,1,0,0,1,0.0,0.0,0.0,2,0,0,0,0,2,2,0,0,0,0,0,0,0,0,0,0,0,0,4,0,0,0,0,0,8,0,0,0,0,0,0,0,0,13,1,0
/home/arch_design_predict/download-github-repos/mvp/repos/Ganhuo-master/app/src/main/java/ganhuo/ly/com/ganhuo/mvp/zhihu/model/ZhiFragmentModel.java,ganhuo.ly.com.ganhuo.mvp.zhihu.model.ZhiFragmentModel,class,3,5,2,3,2,1,0,3,1,0.0,0.0,0.0,2,0,2,0,0,0,2,0,0,0,0,0,0,0,0,0,0,0,2,28,0,0,0,0,0,0,0,0,0,0,0,2,0,0,16,1,0
/home/arch_design_predict/download-github-repos/mvp/repos/Ganhuo-master/app/src/main/java/ganhuo/ly/com/ganhuo/mvp/meizi/MeiziResult.java,ganhuo.ly.com.ganhuo.mvp.meizi.MeiziResult$ResultsBean,innerclass,0,0,0,0,12,1,0,0,54,0.8333333,0.09090909,0.09090909,12,0,12,0,0,0,12,0,0,0,6,0,0,6,0,0,0,0,0,44,6,0,0,0,0,0,0,6,0,6,0,0,0,0,18,9,0
/home/arch_design_predict/download-github-repos/mvp/repos/Ganhuo-master/app/src/main/java/com/gyw/ganhuo/fragments/BaseRefeshFragment.java,com.gyw.ganhuo.fragments.BaseRefeshFragment$Anonymous1,anonymous,1,1,0,1,1,1,0,1,0,0.0,NaN,NaN,1,0,1,0,0,0,1,0,0,0,0,0,0,0,0,0,0,0,0,5,0,0,0,0,0,0,0,0,0,0,0,0,0,0,3,-1,0
/home/arch_design_predict/download-github-repos/mvp/repos/Ganhuo-master/app/src/main/java/ganhuo/ly/com/ganhuo/data/retrofit/SubscriberOnNextListener.java,ganhuo.ly.com.ganhuo.data.retrofit.SubscriberOnNextListener,interface,1,2,1,1,3,1,0,0,3,0.0,0.0,0.0,3,0,0,0,0,3,3,0,0,0,0,0,0,0,0,0,0,0,0,5,0,0,0,0,0,0,0,0,0,0,0,0,0,0,11,1,0
/home/arch_design_predict/download-github-repos/mvp/repos/Ganhuo-master/app/src/main/java/com/gyw/ganhuo/base/BaseActivity.java,com.gyw.ganhuo.base.BaseActivity,class,3,8,5,3,6,2,2,7,13,0.6666667,0.06666667,0.06666667,6,1,2,0,4,0,6,2,0,0,1,1,1,0,0,0,0,0,0,21,1,0,0,0,0,0,0,1,0,1,0,0,0,0,20,1025,0
/home/arch_design_predict/download-github-repos/mvp/repos/Ganhuo-master/app/src/main/java/com/gyw/ganhuo/presenter/DiscoPresenter.java,com.gyw.ganhuo.presenter.DiscoPresenter,class,8,8,0,8,2,2,0,9,1,0.5,0.0,0.0,2,0,2,0,0,0,2,0,0,0,1,1,0,1,0,0,1,0,0,38,0,0,0,0,0,0,1,1,0,1,0,4,0,0,21,1,0
/home/arch_design_predict/download-github-repos/mvp/repos/Ganhuo-master/app/src/main/java/com/gyw/ganhuo/fragments/DiscoClassifyFragment.java,com.gyw.ganhuo.fragments.DiscoClassifyFragment$Anonymous3,anonymous,3,3,0,3,3,1,0,7,0,0.0,NaN,NaN,1,0,1,0,0,0,1,0,0,0,0,0,0,0,0,0,0,0,1,14,0,0,0,0,1,3,1,5,3,3,1,0,0,0,21,-1,0
/home/arch_design_predict/download-github-repos/mvp/repos/Ganhuo-master/app/src/main/java/com/gyw/ganhuo/fragments/DiscoClassifyFragment.java,com.gyw.ganhuo.fragments.DiscoClassifyFragment$Anonymous2,anonymous,3,3,0,3,3,1,0,7,0,0.0,NaN,NaN,1,0,1,0,0,0,1,0,0,0,0,0,0,0,0,0,0,0,1,14,0,0,0,0,1,3,1,5,3,3,1,0,0,0,21,-1,0
/home/arch_design_predict/download-github-repos/mvp/repos/Ganhuo-master/app/src/main/java/ganhuo/ly/com/ganhuo/mvp/meizi/MeiMainFragment.java,ganhuo.ly.com.ganhuo.mvp.meizi.MeiMainFragment$Anonymous1,anonymous,4,4,0,4,3,1,0,7,0,0.0,NaN,NaN,1,0,1,0,0,0,1,0,0,0,0,0,0,0,0,0,0,0,1,17,0,0,1,0,0,0,2,2,0,0,1,1,0,0,14,-1,0
/home/arch_design_predict/download-github-repos/mvp/repos/Ganhuo-master/app/src/main/java/com/gyw/ganhuo/fragments/DiscoClassifyFragment.java,com.gyw.ganhuo.fragments.DiscoClassifyFragment$Anonymous4,anonymous,1,1,0,1,1,1,0,2,0,0.0,NaN,NaN,1,0,1,0,0,0,1,0,0,0,0,0,0,0,0,0,0,0,0,6,0,0,0,0,0,0,0,0,0,0,0,0,0,0,5,-1,0
/home/arch_design_predict/download-github-repos/mvp/repos/Ganhuo-master/app/src/main/java/ganhuo/ly/com/ganhuo/mvp/entity/DayResults.java,ganhuo.ly.com.ganhuo.mvp.entity.DayResults$AllResults,innerclass,1,1,0,1,12,1,0,0,54,0.8333333,0.09090909,0.09090909,12,0,12,0,0,0,12,0,0,0,6,0,0,6,0,0,0,0,0,44,6,0,0,0,0,0,0,6,0,6,0,0,0,0,11,9,0
/home/arch_design_predict/download-github-repos/mvp/repos/Ganhuo-master/app/src/main/java/ganhuo/ly/com/ganhuo/mvp/meizi/MeiziAdapter.java,ganhuo.ly.com.ganhuo.mvp.meizi.MeiziAdapter$Anonymous1,anonymous,4,4,0,4,1,1,0,3,0,0.0,NaN,NaN,1,0,1,0,0,0,1,0,0,0,0,0,0,0,0,0,0,0,0,7,0,0,0,0,0,1,0,1,0,1,0,0,0,0,6,-1,0
/home/arch_design_predict/download-github-repos/mvp/repos/Ganhuo-master/app/src/main/java/ganhuo/ly/com/ganhuo/data/retrofit/ProgressSubscriber.java,ganhuo.ly.com.ganhuo.data.retrofit.ProgressSubscriber,class,5,6,1,5,12,2,0,7,9,0.5714286,0.6,0.6,7,0,5,2,0,0,5,0,0,0,2,0,0,2,0,0,0,0,0,38,0,0,3,0,0,2,0,2,0,2,1,0,0,0,24,1,0
/home/arch_design_predict/download-github-repos/mvp/repos/Ganhuo-master/app/src/main/java/ganhuo/ly/com/ganhuo/mvp/MainActivity.java,ganhuo.ly.com.ganhuo.mvp.MainActivity,class,17,18,1,17,12,3,0,22,39,0.86666673,0.055555556,0.083333336,10,0,4,1,5,0,9,0,0,0,9,0,0,7,0,2,0,0,2,95,3,0,0,0,1,0,3,13,1,12,1,1,0,0,64,1,0
/home/arch_design_predict/download-github-repos/mvp/repos/Ganhuo-master/app/src/main/java/ganhuo/ly/com/ganhuo/mvp/zhihu/adapter/ZhiPagerAdapter.java,ganhuo.ly.com.ganhuo.mvp.zhihu.adapter.ZhiPagerAdapter,class,5,7,2,5,5,2,0,8,6,0.0,0.0,0.0,4,0,4,0,0,0,4,0,0,0,0,0,0,0,0,0,0,0,5,21,3,0,1,0,1,3,2,5,3,5,0,0,0,0,32,1,0
/home/arch_design_predict/download-github-repos/mvp/repos/Ganhuo-master/app/src/main/java/ganhuo/ly/com/ganhuo/mvp/zhihu/activity/ZhiHuActivity.java,ganhuo.ly.com.ganhuo.mvp.zhihu.activity.ZhiHuActivity,class,10,11,1,10,9,3,0,12,26,0.75,0.035714287,0.035714287,8,0,3,0,5,0,8,0,0,0,3,0,0,3,0,0,0,0,0,38,4,0,0,0,0,1,0,4,0,4,1,0,0,0,44,1,0
/home/arch_design_predict/download-github-repos/mvp/repos/Ganhuo-master/app/src/main/java/ganhuo/ly/com/ganhuo/mvp/entity/HuaResults.java,ganhuo.ly.com.ganhuo.mvp.entity.HuaResults$PinsBean,innerclass,1,1,0,1,18,1,0,0,137,0.89506173,0.05882353,0.05882353,18,0,18,0,0,0,18,0,0,0,9,0,0,9,0,0,0,0,0,130,9,0,0,0,0,0,0,9,0,9,0,0,1,0,23,9,0
/home/arch_design_predict/download-github-repos/mvp/repos/Ganhuo-master/app/src/main/java/ganhuo/ly/com/ganhuo/widget/dialog/Mydialog_interface.java,ganhuo.ly.com.ganhuo.widget.dialog.Mydialog_interface,class,2,4,2,2,4,1,0,0,6,0.0,0.0,0.0,4,0,4,0,0,0,4,2,0,0,0,0,0,0,0,0,0,0,0,22,2,0,0,0,0,0,0,2,0,2,0,2,0,0,12,1025,0
/home/arch_design_predict/download-github-repos/mvp/repos/Ganhuo-master/app/src/main/java/ganhuo/ly/com/ganhuo/data/retrofit/ApiException.java,ganhuo.ly.com.ganhuo.data.retrofit.ApiException,class,1,2,1,1,3,4,0,1,1,0.0,NaN,NaN,2,1,1,1,0,0,1,0,0,0,0,0,0,0,0,0,0,0,1,16,1,0,0,0,0,4,0,3,0,1,1,0,0,0,8,1,0
/home/arch_design_predict/download-github-repos/mvp/repos/Ganhuo-master/app/src/main/java/ganhuo/ly/com/ganhuo/common/Constant.java,ganhuo.ly.com.ganhuo.common.Constant$SharedPreferencesKeys,innerclass,0,0,0,0,0,1,0,0,0,NaN,-1.0,-1.0,0,0,0,0,0,0,0,0,0,0,1,1,1,0,0,0,1,0,0,3,0,0,0,0,0,1,0,1,0,1,0,0,0,0,20,25,0
/home/arch_design_predict/download-github-repos/mvp/repos/Ganhuo-master/app/src/main/java/ganhuo/ly/com/ganhuo/mvp/zhihu/adapter/ZhiFragmentAdapter.java,ganhuo.ly.com.ganhuo.mvp.zhihu.adapter.ZhiFragmentAdapter$CardViewHolder$ClickResponseListener,interface,1,1,0,1,2,1,0,0,1,0.0,0.0,0.0,2,0,0,0,0,2,2,0,0,0,0,0,0,0,0,0,0,0,0,4,0,0,0,0,0,0,0,0,0,0,0,0,0,0,8,1,0
/home/arch_design_predict/download-github-repos/mvp/repos/Ganhuo-master/app/src/main/java/ganhuo/ly/com/ganhuo/mvp/entity/Story.java,ganhuo.ly.com.ganhuo.mvp.entity.Story,class,0,0,0,0,6,1,0,0,9,0.6666667,0.2,0.2,6,0,6,0,0,0,6,0,0,0,3,0,0,3,0,0,0,0,0,23,3,0,0,0,0,0,0,3,0,3,0,0,0,0,11,1,0
/home/arch_design_predict/download-github-repos/mvp/repos/Ganhuo-master/app/src/main/java/com/gyw/ganhuo/adapters/MainGrilAdapter.java,com.gyw.ganhuo.adapters.MainGrilAdapter$OnItemClickListener,interface,1,1,0,1,1,1,0,0,0,0.0,NaN,NaN,1,0,0,0,0,1,1,0,0,0,0,0,0,0,0,0,0,0,0,3,0,0,0,0,0,0,0,0,0,0,0,0,0,0,7,1,0
/home/arch_design_predict/download-github-repos/mvp/repos/Ganhuo-master/app/src/main/java/ganhuo/ly/com/ganhuo/data/api/ZhihuService.java,ganhuo.ly.com.ganhuo.data.api.ZhihuService,interface,5,6,1,5,2,1,0,0,1,0.0,0.0,0.0,2,0,0,0,0,2,2,0,0,0,0,0,0,0,0,0,0,0,0,4,0,0,0,0,0,4,0,0,0,0,0,0,0,0,11,1,0
/home/arch_design_predict/download-github-repos/mvp/repos/Ganhuo-master/app/src/main/java/ganhuo/ly/com/ganhuo/mvp/zhihu/view/ZhiFragmentView.java,ganhuo.ly.com.ganhuo.mvp.zhihu.view.ZhiFragmentView,interface,2,5,3,2,5,1,0,0,10,0.0,0.0,0.0,5,0,0,0,0,5,5,0,0,0,0,0,0,0,0,0,0,0,0,7,0,0,0,0,0,0,0,0,0,0,0,0,0,0,21,1,0
/home/arch_design_predict/download-github-repos/mvp/repos/Ganhuo-master/app/src/main/java/com/gyw/ganhuo/adapters/DiscoBaseAdapter.java,com.gyw.ganhuo.adapters.DiscoBaseAdapter$Anonymous1,anonymous,2,2,0,2,2,1,0,1,0,0.0,NaN,NaN,1,0,1,0,0,0,1,0,0,0,0,0,0,0,0,0,0,0,0,7,0,0,1,0,0,0,0,0,0,0,1,0,0,0,7,-1,0
/home/arch_design_predict/download-github-repos/mvp/repos/Ganhuo-master/app/src/main/java/ganhuo/ly/com/ganhuo/util/TimeDifferenceUtils.java,ganhuo.ly.com.ganhuo.util.TimeDifferenceUtils,class,0,1,1,0,7,1,0,4,0,0.0,NaN,NaN,1,1,1,0,0,0,1,0,0,0,0,0,0,0,0,0,0,0,0,35,7,0,1,1,1,7,10,9,5,5,4,0,0,0,17,1,0
/home/arch_design_predict/download-github-repos/mvp/repos/Ganhuo-master/app/src/main/java/ganhuo/ly/com/ganhuo/mvp/home/fragment/GanHuoFragment.java,ganhuo.ly.com.ganhuo.mvp.home.fragment.GanHuoFragment,class,12,13,1,12,5,3,0,11,4,0.625,0.16666667,0.16666667,4,0,0,0,4,0,4,0,0,0,6,0,0,6,0,0,1,0,1,41,1,1,0,0,0,4,0,6,0,6,1,1,0,0,39,1,0
/home/arch_design_predict/download-github-repos/mvp/repos/Ganhuo-master/app/src/main/java/ganhuo/ly/com/ganhuo/mvp/meizi/MeiziListActivity.java,ganhuo.ly.com.ganhuo.mvp.meizi.MeiziListActivity,class,16,19,3,16,20,3,0,22,83,0.8785714,0.018181818,0.018181818,14,0,6,3,5,0,11,0,0,0,10,0,0,10,0,0,0,0,2,115,1,1,2,0,0,2,3,13,0,13,2,2,0,0,63,1,0
/home/arch_design_predict/download-github-repos/mvp/repos/Ganhuo-master/app/src/main/java/ganhuo/ly/com/ganhuo/data/retrofit/SerializableOkHttpCookies.java,ganhuo.ly.com.ganhuo.data.retrofit.SerializableOkHttpCookies,class,1,2,1,1,8,1,0,17,0,0.375,1.0,1.0,4,0,2,2,0,0,2,0,0,0,2,0,0,2,0,0,1,0,0,45,1,0,1,0,0,0,0,21,0,13,1,0,0,0,40,1,0
/home/arch_design_predict/download-github-repos/mvp/repos/Ganhuo-master/app/src/main/java/ganhuo/ly/com/ganhuo/common/Constant.java,ganhuo.ly.com.ganhuo.common.Constant$BundleKeys,innerclass,0,0,0,0,0,1,0,0,0,NaN,-1.0,-1.0,0,0,0,0,0,0,0,0,0,0,3,3,3,0,0,0,3,0,0,5,0,0,0,0,0,3,0,3,0,3,0,0,0,0,15,25,0
/home/arch_design_predict/download-github-repos/mvp/repos/Ganhuo-master/app/src/main/java/com/gyw/ganhuo/fragments/AboutUsFragment.java,com.gyw.ganhuo.fragments.AboutUsFragment,class,11,13,2,11,9,3,0,20,28,0.875,0.0,0.0,8,1,4,0,4,0,8,0,0,0,3,0,0,0,0,3,0,0,3,41,2,0,1,0,0,12,0,5,1,6,1,0,0,0,58,1,0
/home/arch_design_predict/download-github-repos/mvp/repos/Ganhuo-master/app/src/main/java/ganhuo/ly/com/ganhuo/mvp/home/adapter/ReadAdapter.java,ganhuo.ly.com.ganhuo.mvp.home.adapter.ReadAdapter,class,8,9,1,8,9,2,0,23,0,0.4,0.6,0.6,5,0,5,0,0,0,5,0,0,0,2,0,0,2,0,0,0,0,1,66,3,0,3,0,0,3,4,7,0,6,1,1,1,0,28,1,0
/home/arch_design_predict/download-github-repos/mvp/repos/Ganhuo-master/app/src/main/java/ganhuo/ly/com/ganhuo/common/Constant.java,ganhuo.ly.com.ganhuo.common.Constant$Urls,innerclass,0,0,0,0,0,1,0,0,0,NaN,-1.0,-1.0,0,0,0,0,0,0,0,0,0,0,7,7,7,0,0,0,7,0,0,9,0,0,0,0,0,7,0,7,0,7,0,0,0,0,26,25,0
/home/arch_design_predict/download-github-repos/mvp/repos/Ganhuo-master/app/src/main/java/com/gyw/ganhuo/presenter/DiscoPresenter.java,com.gyw.ganhuo.presenter.DiscoPresenter$Anonymous4,anonymous,1,1,0,1,3,1,0,6,3,0.0,0.0,0.0,3,0,3,0,0,0,3,0,0,0,0,0,0,0,0,0,0,0,0,14,0,0,0,0,0,2,0,0,0,0,0,0,0,0,8,-1,0
/home/arch_design_predict/download-github-repos/mvp/repos/Ganhuo-master/app/src/main/java/com/gyw/ganhuo/presenter/DiscoPresenter.java,com.gyw.ganhuo.presenter.DiscoPresenter$Anonymous3,anonymous,1,1,0,1,1,1,0,1,0,0.0,NaN,NaN,1,0,1,0,0,0,1,0,0,0,0,0,0,0,0,0,0,0,0,5,1,0,0,0,0,0,0,0,0,0,0,0,0,0,6,-1,0
/home/arch_design_predict/download-github-repos/mvp/repos/Ganhuo-master/app/src/main/java/com/gyw/ganhuo/adapters/DiscoBaseAdapter.java,com.gyw.ganhuo.adapters.DiscoBaseAdapter,class,12,14,2,12,13,3,0,14,16,0.6875,0.26666668,0.26666668,8,0,6,2,0,0,6,0,0,0,4,2,0,4,0,0,2,0,4,84,6,0,1,0,0,2,4,11,3,9,1,1,3,0,61,1,0
/home/arch_design_predict/download-github-repos/mvp/repos/Ganhuo-master/app/src/main/java/com/gyw/ganhuo/presenter/DiscoPresenter.java,com.gyw.ganhuo.presenter.DiscoPresenter$Anonymous2,anonymous,2,2,0,2,1,1,0,1,0,0.0,NaN,NaN,1,0,1,0,0,0,1,0,0,0,0,0,0,0,0,0,0,0,0,5,1,0,0,0,0,0,0,0,0,0,0,0,0,0,3,-1,0
/home/arch_design_predict/download-github-repos/mvp/repos/Ganhuo-master/app/src/main/java/com/gyw/ganhuo/presenter/DiscoPresenter.java,com.gyw.ganhuo.presenter.DiscoPresenter$Anonymous1,anonymous,2,2,0,2,1,1,0,0,0,0.0,NaN,NaN,1,0,1,0,0,0,1,0,0,0,0,0,0,0,0,0,0,0,0,5,1,0,0,0,0,0,0,0,0,0,0,0,0,0,4,-1,0
/home/arch_design_predict/download-github-repos/mvp/repos/Ganhuo-master/app/src/main/java/ganhuo/ly/com/ganhuo/util/SaveImageUtils.java,ganhuo.ly.com.ganhuo.util.SaveImageUtils,class,7,8,1,7,1,1,0,8,0,0.0,NaN,NaN,1,1,1,0,0,0,1,0,0,0,1,1,1,0,0,0,0,0,0,38,1,0,0,0,0,0,0,3,0,4,0,1,0,0,19,1,0
/home/arch_design_predict/download-github-repos/mvp/repos/Ganhuo-master/app/src/main/java/ganhuo/ly/com/ganhuo/common/Constant.java,ganhuo.ly.com.ganhuo.common.Constant$Num,innerclass,0,0,0,0,0,1,0,0,0,NaN,-1.0,-1.0,0,0,0,0,0,0,0,0,0,0,5,5,5,0,0,0,5,0,0,7,0,0,0,0,0,0,5,5,0,5,0,0,0,0,18,25,0
/home/arch_design_predict/download-github-repos/mvp/repos/Ganhuo-master/app/src/main/java/ganhuo/ly/com/ganhuo/mvp/home/adapter/RealAdapter.java,ganhuo.ly.com.ganhuo.mvp.home.adapter.RealAdapter,class,9,11,2,9,13,2,0,12,1,0.5714286,0.6,0.6,7,0,5,2,0,0,5,0,0,0,2,0,0,2,0,0,0,0,0,80,3,1,1,0,0,8,9,6,0,5,1,2,1,0,46,1,0
/home/arch_design_predict/download-github-repos/mvp/repos/Ganhuo-master/app/src/main/java/ganhuo/ly/com/ganhuo/mvp/huaban/model/HuaFragmentModel.java,ganhuo.ly.com.ganhuo.mvp.huaban.model.HuaFragmentModel,class,3,4,1,3,1,1,0,2,0,0.0,NaN,NaN,1,0,1,0,0,0,1,0,0,0,0,0,0,0,0,0,0,0,1,15,0,0,0,0,0,0,0,0,0,0,0,1,0,0,14,1,0
/home/arch_design_predict/download-github-repos/mvp/repos/Ganhuo-master/app/src/main/java/com/gyw/ganhuo/weiget/CustomWebView.java,com.gyw.ganhuo.weiget.CustomWebView$Anonymous1,anonymous,3,3,0,3,9,1,0,15,15,0.0,0.0,0.0,6,0,6,0,0,0,6,0,0,0,0,0,0,0,0,0,0,0,0,33,2,0,1,1,0,2,0,3,1,2,2,0,0,0,37,-1,0
/home/arch_design_predict/download-github-repos/mvp/repos/Ganhuo-master/app/src/main/java/ganhuo/ly/com/ganhuo/mvp/huaban/fragment/HuaFragment.java,ganhuo.ly.com.ganhuo.mvp.huaban.fragment.HuaFragment$Anonymous1$Anonymous2,anonymous,0,0,0,0,1,1,0,1,0,0.0,NaN,NaN,1,0,1,0,0,0,1,0,0,0,0,0,0,0,0,0,0,0,0,5,0,0,0,0,0,0,0,0,0,0,0,0,0,0,4,-1,0
/home/arch_design_predict/download-github-repos/mvp/repos/Ganhuo-master/app/src/main/java/com/gyw/ganhuo/weiget/CustomWebView.java,com.gyw.ganhuo.weiget.CustomWebView$Anonymous2,anonymous,3,3,0,3,5,1,0,6,10,0.0,0.0,0.0,5,0,5,0,0,0,5,0,0,0,0,0,0,0,0,0,0,0,0,18,3,0,0,0,0,0,0,0,0,0,0,0,0,0,15,-1,0
/home/arch_design_predict/download-github-repos/mvp/repos/Ganhuo-master/app/src/main/java/com/gyw/ganhuo/weiget/CustomWebView.java,com.gyw.ganhuo.weiget.CustomWebView$Anonymous3,anonymous,2,2,0,2,4,1,0,3,0,0.0,NaN,NaN,1,0,1,0,0,0,1,0,0,0,0,0,0,0,0,0,0,0,0,11,2,0,2,0,0,0,0,0,0,0,2,0,0,0,9,-1,0
/home/arch_design_predict/download-github-repos/mvp/repos/Ganhuo-master/app/src/main/java/ganhuo/ly/com/ganhuo/mvp/entity/TasksManagerModel.java,ganhuo.ly.com.ganhuo.mvp.entity.TasksManagerModel,class,3,3,0,3,22,1,0,5,75,0.8475936,0.33766234,0.82251084,22,0,21,0,1,0,22,0,0,0,17,9,9,8,0,0,9,0,0,115,11,0,0,0,0,17,1,26,2,18,0,1,0,0,51,1,0
/home/arch_design_predict/download-github-repos/mvp/repos/Ganhuo-master/app/src/main/java/ganhuo/ly/com/ganhuo/mvp/home/adapter/RealAdapter.java,ganhuo.ly.com.ganhuo.mvp.home.adapter.RealAdapter$Anonymous2,anonymous,3,3,0,3,1,1,0,5,0,0.0,NaN,NaN,1,0,1,0,0,0,1,0,0,0,0,0,0,0,0,0,0,0,1,5,0,0,0,0,0,0,0,0,0,0,0,0,0,0,6,-1,0
/home/arch_design_predict/download-github-repos/mvp/repos/Ganhuo-master/app/src/main/java/ganhuo/ly/com/ganhuo/mvp/home/adapter/RealAdapter.java,ganhuo.ly.com.ganhuo.mvp.home.adapter.RealAdapter$Anonymous1,anonymous,3,3,0,3,1,1,0,2,0,0.0,NaN,NaN,1,0,1,0,0,0,1,0,0,0,0,0,0,0,0,0,0,0,0,7,0,0,0,0,0,1,0,1,0,1,0,0,0,0,6,-1,0
/home/arch_design_predict/download-github-repos/mvp/repos/Ganhuo-master/app/src/main/java/ganhuo/ly/com/ganhuo/data/api/MeiziService.java,ganhuo.ly.com.ganhuo.data.api.MeiziService,interface,4,5,1,4,2,1,0,0,1,0.0,0.0,0.0,2,0,0,0,0,2,2,0,0,0,0,0,0,0,0,0,0,0,0,4,0,0,0,0,0,7,0,0,0,0,0,0,0,0,6,1,0
/home/arch_design_predict/download-github-repos/mvp/repos/Ganhuo-master/app/src/main/java/ganhuo/ly/com/ganhuo/data/HttpData/HttpData.java,ganhuo.ly.com.ganhuo.data.HttpData.HttpData$SingletonHolder,innerclass,1,1,0,1,0,1,0,0,0,NaN,-1.0,-1.0,0,0,0,0,0,0,0,0,0,0,1,1,0,1,0,0,1,0,0,3,0,0,0,0,0,0,0,1,0,1,0,0,0,0,11,10,0
/home/arch_design_predict/download-github-repos/mvp/repos/Ganhuo-master/app/src/main/java/ganhuo/ly/com/ganhuo/mvp/meizi/MeiziMoel.java,ganhuo.ly.com.ganhuo.mvp.meizi.MeiziMoel$Anonymous1,anonymous,2,2,0,2,3,1,0,2,3,0.0,0.0,0.0,3,0,3,0,0,0,3,0,0,0,0,0,0,0,0,0,0,0,0,10,0,0,0,0,0,0,0,0,0,0,0,0,0,0,9,-1,0
/home/arch_design_predict/download-github-repos/mvp/repos/Ganhuo-master/app/src/main/java/ganhuo/ly/com/ganhuo/mvp/meizi/MeiziMoel.java,ganhuo.ly.com.ganhuo.mvp.meizi.MeiziMoel$Anonymous2,anonymous,2,2,0,2,3,1,0,2,3,0.0,0.0,0.0,3,0,3,0,0,0,3,0,0,0,0,0,0,0,0,0,0,0,0,10,0,0,0,0,0,0,0,0,0,0,0,0,0,0,8,-1,0
/home/arch_design_predict/download-github-repos/mvp/repos/Ganhuo-master/app/src/main/java/ganhuo/ly/com/ganhuo/mvp/home/adapter/PartAdapter.java,ganhuo.ly.com.ganhuo.mvp.home.adapter.PartAdapter,class,8,9,1,8,14,2,0,17,0,0.5,0.6,0.6,5,0,5,0,0,0,5,0,0,0,2,0,0,2,0,0,0,0,0,114,3,0,3,0,0,14,0,13,4,8,1,3,1,0,43,1,0
/home/arch_design_predict/download-github-repos/mvp/repos/Ganhuo-master/app/src/main/java/com/gyw/ganhuo/weiget/RoundedImageView.java,com.gyw.ganhuo.weiget.RoundedImageView,class,13,14,1,13,13,2,0,23,1,0.5555556,0.3,0.3,6,1,4,1,1,0,5,0,0,0,3,0,0,3,0,0,0,0,1,66,4,0,6,0,2,1,22,23,13,18,1,0,0,0,54,1,0
/home/arch_design_predict/download-github-repos/mvp/repos/Ganhuo-master/app/src/main/java/ganhuo/ly/com/ganhuo/mvp/huaban/fragment/HuaFragment.java,ganhuo.ly.com.ganhuo.mvp.huaban.fragment.HuaFragment$Anonymous1,anonymous,5,5,0,5,3,1,0,11,0,0.0,NaN,NaN,1,0,1,0,0,0,1,0,0,0,0,0,0,0,0,0,0,0,3,19,0,0,1,0,0,2,2,2,0,1,1,1,0,0,16,-1,0
/home/arch_design_predict/download-github-repos/mvp/repos/Ganhuo-master/app/src/main/java/ganhuo/ly/com/ganhuo/mvp/home/model/HomeFragmentModel.java,ganhuo.ly.com.ganhuo.mvp.home.model.HomeFragmentModel,class,3,4,1,3,1,1,0,2,0,0.0,NaN,NaN,1,0,1,0,0,0,1,0,0,0,0,0,0,0,0,0,0,0,1,17,0,0,0,0,0,0,0,0,0,0,0,1,0,0,14,1,0
/home/arch_design_predict/download-github-repos/mvp/repos/Ganhuo-master/app/src/main/java/com/gyw/ganhuo/http/GanUri.java,com.gyw.ganhuo.http.GanUri,class,0,0,0,0,0,1,0,0,0,NaN,-1.0,-1.0,0,0,0,0,0,0,0,0,0,0,8,8,8,0,0,0,8,0,0,10,0,0,0,0,0,8,0,8,0,8,0,0,0,0,26,1,0
/home/arch_design_predict/download-github-repos/mvp/repos/Ganhuo-master/app/src/main/java/ganhuo/ly/com/ganhuo/mvp/entity/TasksManagerModel.java,ganhuo.ly.com.ganhuo.mvp.entity.TasksManagerModel$Anonymous1,anonymous,2,2,0,2,2,1,0,0,1,0.0,0.0,0.0,2,0,2,0,0,0,2,0,0,0,0,0,0,0,0,0,0,0,0,8,2,0,0,0,0,0,0,0,0,0,0,0,0,0,10,-1,0
/home/arch_design_predict/download-github-repos/mvp/repos/Ganhuo-master/app/src/main/java/ganhuo/ly/com/ganhuo/mvp/meizi/MeiziMoel.java,ganhuo.ly.com.ganhuo.mvp.meizi.MeiziMoel,class,3,5,2,3,2,1,0,3,1,0.0,0.0,0.0,2,0,2,0,0,0,2,0,0,0,0,0,0,0,0,0,0,0,2,28,0,0,0,0,0,0,0,0,0,0,0,2,0,0,11,0,0
/home/arch_design_predict/download-github-repos/mvp/repos/Ganhuo-master/app/src/main/java/ganhuo/ly/com/ganhuo/mvp/zhihu/adapter/ZhiFragmentAdapter.java,ganhuo.ly.com.ganhuo.mvp.zhihu.adapter.ZhiFragmentAdapter$OnShareClickListener,interface,1,1,0,1,1,1,0,0,0,0.0,NaN,NaN,1,0,0,0,0,1,1,0,0,0,0,0,0,0,0,0,0,0,0,3,0,0,0,0,0,0,0,0,0,0,0,0,0,0,7,1,0
/home/arch_design_predict/download-github-repos/mvp/repos/Ganhuo-master/app/src/main/java/ganhuo/ly/com/ganhuo/mvp/MainActivity.java,ganhuo.ly.com.ganhuo.mvp.MainActivity$Anonymous1$Anonymous2,anonymous,0,0,0,0,6,1,0,7,0,0.0,NaN,NaN,1,0,1,0,0,0,1,0,0,0,0,0,0,0,0,0,0,0,0,23,0,0,0,0,0,0,0,0,0,0,1,0,0,0,12,-1,0
/home/arch_design_predict/download-github-repos/mvp/repos/Ganhuo-master/app/src/main/java/com/gyw/ganhuo/presenter/GrilPresenter.java,com.gyw.ganhuo.presenter.GrilPresenter$Anonymous5,anonymous,1,1,0,1,3,1,0,3,3,0.0,0.0,0.0,3,0,3,0,0,0,3,0,0,0,0,0,0,0,0,0,0,0,0,12,0,0,0,0,0,0,0,0,0,0,0,0,0,0,8,-1,0
/home/arch_design_predict/download-github-repos/mvp/repos/Ganhuo-master/app/src/main/java/com/gyw/ganhuo/presenter/GrilPresenter.java,com.gyw.ganhuo.presenter.GrilPresenter$Anonymous4,anonymous,1,1,0,1,1,1,0,1,0,0.0,NaN,NaN,1,0,1,0,0,0,1,0,0,0,0,0,0,0,0,0,0,0,0,5,1,0,0,0,0,0,0,0,0,0,0,0,0,0,6,-1,0
/home/arch_design_predict/download-github-repos/mvp/repos/Ganhuo-master/app/src/main/java/ganhuo/ly/com/ganhuo/mvp/home/activity/WebAcitivity.java,ganhuo.ly.com.ganhuo.mvp.home.activity.WebAcitivity,class,17,23,6,17,24,2,0,51,26,0.8020833,0.35714287,0.35714287,12,1,4,4,4,0,8,0,0,0,8,2,2,6,0,0,2,0,3,135,5,0,6,0,0,4,0,10,1,10,2,2,0,0,73,1,0
/home/arch_design_predict/download-github-repos/mvp/repos/Ganhuo-master/app/src/main/java/com/gyw/ganhuo/presenter/GrilPresenter.java,com.gyw.ganhuo.presenter.GrilPresenter$Anonymous3,anonymous,2,2,0,2,1,1,0,1,0,0.0,NaN,NaN,1,0,1,0,0,0,1,0,0,0,0,0,0,0,0,0,0,0,0,5,1,0,0,0,0,0,0,0,0,0,0,0,0,0,3,-1,0
/home/arch_design_predict/download-github-repos/mvp/repos/Ganhuo-master/app/src/main/java/ganhuo/ly/com/ganhuo/mvp/meizi/MeiMainFragment.java,ganhuo.ly.com.ganhuo.mvp.meizi.MeiMainFragment,class,16,19,3,16,14,3,0,19,60,0.8981481,0.0,0.0,12,0,5,3,4,0,9,0,0,0,9,0,0,9,0,0,0,0,1,78,1,0,0,0,0,2,2,9,0,11,1,1,0,0,54,1,0
/home/arch_design_predict/download-github-repos/mvp/repos/Ganhuo-master/app/src/main/java/ganhuo/ly/com/ganhuo/mvp/zhihu/presenter/ZhiDetailPresenter.java,ganhuo.ly.com.ganhuo.mvp.zhihu.presenter.ZhiDetailPresenter,class,4,7,3,4,4,1,0,7,0,0.375,0.6666667,1.0,4,0,4,0,0,0,4,0,0,0,2,0,0,2,0,0,0,0,0,20,0,0,0,0,0,1,0,2,0,2,0,0,0,0,21,1,0
/home/arch_design_predict/download-github-repos/mvp/repos/Ganhuo-master/app/src/main/java/com/gyw/ganhuo/http/MainRetrofit.java,com.gyw.ganhuo.http.MainRetrofit,class,4,5,1,4,2,1,0,6,0,0.25,1.0,1.0,2,0,1,0,0,1,2,0,0,0,2,0,0,0,0,2,0,0,0,11,1,0,0,0,0,1,0,3,0,3,0,0,0,0,16,1,0
/home/arch_design_predict/download-github-repos/mvp/repos/Ganhuo-master/app/src/main/java/ganhuo/ly/com/ganhuo/mvp/entity/DataResults.java,ganhuo.ly.com.ganhuo.mvp.entity.DataResults,class,1,9,8,1,4,1,0,0,2,0.5,0.33333334,0.33333334,4,0,4,0,0,0,4,0,0,0,2,0,0,2,0,0,0,0,0,16,2,0,0,0,0,0,0,2,0,2,0,0,0,0,36,1,0
/home/arch_design_predict/download-github-repos/mvp/repos/Ganhuo-master/app/src/main/java/ganhuo/ly/com/ganhuo/mvp/entity/ZhiHuResults.java,ganhuo.ly.com.ganhuo.mvp.entity.ZhiHuResults$StoriesBean,innerclass,0,0,0,0,13,1,0,0,42,0.7692308,0.23076923,1.0,13,0,13,0,0,0,13,0,0,0,6,0,0,6,0,0,0,0,0,47,7,0,0,0,0,7,0,6,2,6,0,0,0,0,22,9,0
/home/arch_design_predict/download-github-repos/mvp/repos/Ganhuo-master/app/src/main/java/ganhuo/ly/com/ganhuo/util/SaveImageUtils.java,ganhuo.ly.com.ganhuo.util.SaveImageUtils$Anonymous1,anonymous,3,3,0,3,6,1,0,11,1,0.0,0.0,0.0,2,0,2,0,0,0,2,0,0,0,0,0,0,0,0,0,0,0,0,28,0,0,2,1,0,3,1,6,1,5,1,0,0,0,28,-1,0
/home/arch_design_predict/download-github-repos/mvp/repos/Ganhuo-master/app/src/main/java/ganhuo/ly/com/ganhuo/mvp/zhihu/fragment/ZhihuFragment.java,ganhuo.ly.com.ganhuo.mvp.zhihu.fragment.ZhihuFragment$Anonymous1$Anonymous2,anonymous,0,0,0,0,1,1,0,1,0,0.0,NaN,NaN,1,0,1,0,0,0,1,0,0,0,0,0,0,0,0,0,0,0,0,5,0,0,0,0,0,0,0,0,0,0,0,0,0,0,4,-1,0
/home/arch_design_predict/download-github-repos/mvp/repos/Ganhuo-master/app/src/main/java/ganhuo/ly/com/ganhuo/util/SPUtils.java,ganhuo.ly.com.ganhuo.util.SPUtils$SharedPreferencesCompat,innerclass,3,3,0,3,7,1,0,4,1,0.5,NaN,NaN,2,2,1,1,0,0,1,0,0,0,1,1,0,1,0,0,1,0,1,27,3,0,1,2,0,3,0,2,0,2,2,0,0,0,22,10,0
/home/arch_design_predict/download-github-repos/mvp/repos/Ganhuo-master/app/src/main/java/com/gyw/ganhuo/base/IBaseView.java,com.gyw.ganhuo.base.IBaseView,interface,1,1,0,1,1,1,0,0,0,0.0,NaN,NaN,1,0,0,0,0,1,1,0,0,0,0,0,0,0,0,0,0,0,0,3,0,0,0,0,0,0,0,0,0,0,0,0,0,0,4,1,0
/home/arch_design_predict/download-github-repos/mvp/repos/Ganhuo-master/app/src/main/java/ganhuo/ly/com/ganhuo/util/BrowserUtils.java,ganhuo.ly.com.ganhuo.util.BrowserUtils,class,4,5,1,4,3,1,0,11,1,0.0,0.0,0.0,2,2,2,0,0,0,2,0,0,0,0,0,0,0,0,0,0,0,0,19,0,0,1,0,0,3,0,3,0,3,1,0,0,0,19,1,0
/home/arch_design_predict/download-github-repos/mvp/repos/Ganhuo-master/app/src/main/java/ganhuo/ly/com/ganhuo/mvp/zhihu/fragment/ZhihuFragment.java,ganhuo.ly.com.ganhuo.mvp.zhihu.fragment.ZhihuFragment,class,20,23,3,20,20,3,0,37,75,0.88095236,0.06666667,0.06666667,14,1,6,4,4,0,10,0,0,0,9,0,0,9,0,0,0,0,3,120,2,0,4,0,0,6,1,14,2,15,2,3,0,0,68,1,0
/home/arch_design_predict/download-github-repos/mvp/repos/Ganhuo-master/app/src/main/java/com/gyw/ganhuo/global/Constant.java,com.gyw.ganhuo.global.Constant,class,0,0,0,0,0,1,0,0,0,NaN,-1.0,-1.0,0,0,0,0,0,0,0,0,0,0,1,1,1,0,0,0,1,0,0,3,0,0,0,0,0,1,0,1,0,1,0,0,0,0,10,1,0
/home/arch_design_predict/download-github-repos/mvp/repos/Ganhuo-master/app/src/main/java/ganhuo/ly/com/ganhuo/common/Constant.java,ganhuo.ly.com.ganhuo.common.Constant$Strings,innerclass,0,0,0,0,0,1,0,0,0,NaN,-1.0,-1.0,0,0,0,0,0,0,0,0,0,0,2,2,2,0,0,0,2,0,0,4,0,0,0,0,0,2,0,2,0,2,0,0,0,0,21,25,0
/home/arch_design_predict/download-github-repos/mvp/repos/Ganhuo-master/app/src/main/java/ganhuo/ly/com/ganhuo/data/api/HuaBangService.java,ganhuo.ly.com.ganhuo.data.api.HuaBangService,interface,5,6,1,5,2,1,0,0,1,0.0,0.0,0.0,2,0,0,0,0,2,2,0,0,0,0,0,0,0,0,0,0,0,0,4,0,0,0,0,0,7,0,0,0,0,0,0,0,0,9,1,0
/home/arch_design_predict/download-github-repos/mvp/repos/Ganhuo-master/app/src/main/java/com/gyw/ganhuo/adapters/MainGrilAdapter.java,com.gyw.ganhuo.adapters.MainGrilAdapter,class,10,12,2,10,6,2,0,18,4,0.6666667,0.3,0.3,5,0,5,0,0,0,5,0,0,0,3,0,0,2,0,1,0,0,5,83,2,0,1,0,0,1,13,11,1,11,1,1,2,0,43,1,1
/home/arch_design_predict/download-github-repos/mvp/repos/Ganhuo-master/app/src/main/java/com/gyw/ganhuo/utils/CustomCrashHandler.java,com.gyw.ganhuo.utils.CustomCrashHandler$Anonymous1,anonymous,0,0,0,0,1,1,0,4,0,0.0,NaN,NaN,1,0,1,0,0,0,1,0,0,0,0,0,0,0,0,0,0,0,0,7,0,0,0,0,0,0,0,0,0,0,0,0,0,0,1,-1,0
/home/arch_design_predict/download-github-repos/mvp/repos/Ganhuo-master/app/src/main/java/com/gyw/ganhuo/utils/TransfUtil.java,com.gyw.ganhuo.utils.TransfUtil,class,0,2,2,0,2,1,0,3,0,0.0,NaN,NaN,1,1,1,0,0,0,1,0,0,0,0,0,0,0,0,0,0,0,0,14,2,0,0,1,0,3,0,3,0,3,1,0,0,0,16,1,0
/home/arch_design_predict/download-github-repos/mvp/repos/Ganhuo-master/app/src/main/java/com/gyw/ganhuo/fragments/BaseRefeshFragment.java,com.gyw.ganhuo.fragments.BaseRefeshFragment,class,7,11,4,7,6,3,0,9,9,0.9166667,0.2,0.2,6,0,1,0,5,0,6,3,0,0,6,0,0,4,1,1,0,0,0,33,0,0,0,0,0,0,4,2,0,6,0,2,0,0,33,1025,0
/home/arch_design_predict/download-github-repos/mvp/repos/Ganhuo-master/app/src/main/java/ganhuo/ly/com/ganhuo/mvp/zhihu/presenter/ZhiPresenter.java,ganhuo.ly.com.ganhuo.mvp.zhihu.presenter.ZhiPresenter,class,4,5,1,4,4,1,0,7,0,0.375,0.6666667,1.0,4,0,4,0,0,0,4,0,0,0,2,0,0,2,0,0,0,0,0,20,0,0,0,0,0,1,0,2,0,2,0,0,0,0,20,1,0
/home/arch_design_predict/download-github-repos/mvp/repos/Ganhuo-master/app/src/main/java/ganhuo/ly/com/ganhuo/mvp/zhihu/fragment/ZhihuMainFragment.java,ganhuo.ly.com.ganhuo.mvp.zhihu.fragment.ZhihuMainFragment,class,10,11,1,10,4,3,0,9,4,0.5625,0.16666667,0.16666667,4,0,0,0,4,0,4,0,0,0,4,0,0,4,0,0,0,0,0,32,1,0,0,0,0,1,0,5,0,5,0,1,0,0,36,1,0
/home/arch_design_predict/download-github-repos/mvp/repos/Ganhuo-master/app/src/main/java/ganhuo/ly/com/ganhuo/mvp/home/fragment/DiscoveryFragment.java,ganhuo.ly.com.ganhuo.mvp.home.fragment.DiscoveryFragment,class,18,21,3,18,32,3,0,37,59,0.84453773,0.055555556,0.083333336,14,1,5,5,4,0,9,0,0,0,17,7,0,15,0,2,1,0,2,164,2,0,1,0,0,25,10,24,0,21,1,1,0,0,90,1,0
/home/arch_design_predict/download-github-repos/mvp/repos/Ganhuo-master/app/src/main/java/com/gyw/ganhuo/adapters/MainGrilAdapter.java,com.gyw.ganhuo.adapters.MainGrilAdapter$GrilViewHolder,innerclass,6,6,0,6,1,2,0,2,0,0.6666667,NaN,NaN,1,0,1,0,0,0,1,0,0,0,3,0,0,0,0,3,0,0,0,10,0,0,0,0,0,0,2,0,0,3,0,0,0,0,15,1,0
/home/arch_design_predict/download-github-repos/mvp/repos/Ganhuo-master/app/src/main/java/ganhuo/ly/com/ganhuo/mvp/home/fragment/FragmentController.java,ganhuo.ly.com.ganhuo.mvp.home.fragment.FragmentController,class,5,6,1,5,11,1,0,9,0,0.5357143,0.4,0.4,7,2,5,2,0,0,5,0,0,0,4,1,0,4,0,0,0,0,0,47,2,2,2,0,0,0,0,9,0,8,2,0,0,0,22,1,0
/home/arch_design_predict/download-github-repos/mvp/repos/Ganhuo-master/app/src/main/java/ganhuo/ly/com/ganhuo/data/api/MeiziRealService.java,ganhuo.ly.com.ganhuo.data.api.MeiziRealService,interface,5,5,0,5,1,1,0,0,0,0.0,NaN,NaN,1,0,0,0,0,1,1,0,0,0,0,0,0,0,0,0,0,0,0,3,0,0,0,0,0,2,0,0,0,0,0,0,0,0,6,1,0
/home/arch_design_predict/download-github-repos/mvp/repos/Ganhuo-master/app/src/main/java/ganhuo/ly/com/ganhuo/mvp/home/activity/WebAcitivity.java,ganhuo.ly.com.ganhuo.mvp.home.activity.WebAcitivity$Anonymous1$Anonymous2,anonymous,0,0,0,0,1,1,0,1,0,0.0,NaN,NaN,1,0,1,0,0,0,1,0,0,0,0,0,0,0,0,0,0,0,0,5,0,0,0,0,0,0,0,0,0,0,0,0,0,0,4,-1,0
/home/arch_design_predict/download-github-repos/mvp/repos/Ganhuo-master/app/src/main/java/com/gyw/ganhuo/presenter/GrilPresenter.java,com.gyw.ganhuo.presenter.GrilPresenter$Anonymous2,anonymous,2,2,0,2,1,1,0,0,0,0.0,NaN,NaN,1,0,1,0,0,0,1,0,0,0,0,0,0,0,0,0,0,0,0,5,1,0,0,0,0,0,0,0,0,0,0,0,0,0,4,-1,0
/home/arch_design_predict/download-github-repos/mvp/repos/Ganhuo-master/app/src/main/java/com/gyw/ganhuo/fragments/DiscoClassifyFragment.java,com.gyw.ganhuo.fragments.DiscoClassifyFragment,class,18,22,4,18,19,4,0,29,86,0.84375,0.104761906,0.26666668,16,1,8,1,7,0,15,0,0,0,8,1,0,7,0,1,1,0,4,128,2,0,2,0,0,4,2,13,2,11,1,4,0,0,65,1,0
/home/arch_design_predict/download-github-repos/mvp/repos/Ganhuo-master/app/src/main/java/com/gyw/ganhuo/presenter/GrilPresenter.java,com.gyw.ganhuo.presenter.GrilPresenter$Anonymous1,anonymous,2,2,0,2,1,1,0,1,0,0.0,NaN,NaN,1,0,1,0,0,0,1,0,0,0,0,0,0,0,0,0,0,0,0,5,1,0,0,0,0,0,0,0,0,0,0,0,0,0,9,-1,0
/home/arch_design_predict/download-github-repos/mvp/repos/Ganhuo-master/app/src/main/java/com/gyw/ganhuo/fragments/MyCollectionFragment.java,com.gyw.ganhuo.fragments.MyCollectionFragment,class,9,11,2,9,9,3,0,11,28,0.875,0.0,0.0,8,1,4,0,4,0,8,0,0,0,1,0,0,0,0,1,0,0,0,33,2,0,1,0,0,0,0,3,0,2,1,0,0,0,40,1,0
/home/arch_design_predict/download-github-repos/mvp/repos/Ganhuo-master/app/src/main/java/ganhuo/ly/com/ganhuo/mvp/home/adapter/GirlyAdapter.java,ganhuo.ly.com.ganhuo.mvp.home.adapter.GirlyAdapter$GirlyViewHolder,innerclass,3,3,0,3,1,2,0,1,0,0.0,NaN,NaN,1,0,1,0,0,0,1,0,0,0,1,0,0,0,0,1,0,0,0,7,0,0,0,0,0,0,0,1,0,1,0,0,0,0,6,0,0
/home/arch_design_predict/download-github-repos/mvp/repos/Ganhuo-master/app/src/main/java/ganhuo/ly/com/ganhuo/mvp/zhihu/adapter/ZhiFragmentAdapter.java,ganhuo.ly.com.ganhuo.mvp.zhihu.adapter.ZhiFragmentAdapter$Anonymous1$Anonymous2,anonymous,2,2,0,2,3,1,0,2,0,0.0,NaN,NaN,1,0,1,0,0,0,1,0,0,0,0,0,0,0,0,0,0,0,0,12,1,0,1,0,0,0,0,0,0,0,2,0,0,0,10,-1,0
/home/arch_design_predict/download-github-repos/mvp/repos/Ganhuo-master/app/src/main/java/com/gyw/ganhuo/weiget/RatioImageView.java,com.gyw.ganhuo.weiget.RatioImageView,class,4,5,1,4,9,2,0,4,13,0.75,0.1,0.1,6,0,4,1,1,0,5,0,0,0,4,0,0,4,0,0,0,0,0,36,0,0,0,0,1,0,4,6,2,5,2,0,0,0,27,1,0
/home/arch_design_predict/download-github-repos/mvp/repos/Ganhuo-master/app/src/main/java/ganhuo/ly/com/ganhuo/mvp/home/fragment/GanHuoFragment.java,ganhuo.ly.com.ganhuo.mvp.home.fragment.GanHuoFragment$Anonymous1,anonymous,3,3,0,3,2,1,0,3,0,0.0,NaN,NaN,1,0,1,0,0,0,1,0,0,0,0,0,0,0,0,0,0,0,0,11,1,0,0,0,0,0,0,1,0,1,1,0,0,0,12,-1,0
/home/arch_design_predict/download-github-repos/mvp/repos/Ganhuo-master/app/src/main/java/ganhuo/ly/com/ganhuo/mvp/home/presenter/HomePresenter.java,ganhuo.ly.com.ganhuo.mvp.home.presenter.HomePresenter,class,4,6,2,4,4,1,0,7,0,0.375,0.6666667,1.0,4,0,4,0,0,0,4,0,0,0,2,0,0,2,0,0,0,0,0,20,0,0,0,0,0,1,0,2,0,2,0,0,0,0,19,1,0
/home/arch_design_predict/download-github-repos/mvp/repos/Ganhuo-master/app/src/main/java/com/gyw/ganhuo/utils/PackageUtil.java,com.gyw.ganhuo.utils.PackageUtil,class,4,5,1,4,12,1,0,5,10,0.0,0.0,0.0,5,5,5,0,0,0,5,0,0,0,0,0,0,0,0,0,0,0,4,54,10,0,5,1,0,0,2,8,0,6,1,0,0,0,16,1,0
/home/arch_design_predict/download-github-repos/mvp/repos/Ganhuo-master/app/src/main/java/ganhuo/ly/com/ganhuo/mvp/home/fragment/DiscoveryFragment.java,ganhuo.ly.com.ganhuo.mvp.home.fragment.DiscoveryFragment$Anonymous1,anonymous,3,3,0,3,2,1,0,5,0,0.0,NaN,NaN,1,0,1,0,0,0,1,0,0,0,0,0,0,0,0,0,0,0,0,12,0,0,1,0,0,0,1,1,0,0,0,1,0,0,12,-1,0
/home/arch_design_predict/download-github-repos/mvp/repos/Ganhuo-master/app/src/main/java/com/gyw/ganhuo/adapters/DiscoBaseAdapter.java,com.gyw.ganhuo.adapters.DiscoBaseAdapter$OnItemClickListener,interface,0,0,0,0,1,1,0,0,0,0.0,NaN,NaN,1,0,0,0,0,1,1,0,0,0,0,0,0,0,0,0,0,0,0,3,0,0,0,0,0,0,0,0,0,0,0,0,0,0,6,1,0
/home/arch_design_predict/download-github-repos/mvp/repos/Ganhuo-master/app/src/main/java/ganhuo/ly/com/ganhuo/mvp/meizi/MeiziPresenter.java,ganhuo.ly.com.ganhuo.mvp.meizi.MeiziPresenter,class,4,6,2,4,4,1,0,7,0,0.375,0.6666667,1.0,4,0,4,0,0,0,4,0,0,0,2,0,0,2,0,0,0,0,0,20,0,0,0,0,0,1,0,2,0,2,0,0,0,0,17,1,0
/home/arch_design_predict/download-github-repos/mvp/repos/Ganhuo-master/app/src/main/java/com/gyw/ganhuo/utils/UiUtil.java,com.gyw.ganhuo.utils.UiUtil,class,13,22,9,13,18,1,0,22,120,0.0,0.0,0.0,16,16,16,0,0,0,16,0,0,0,0,0,0,0,0,0,0,0,18,64,12,0,2,0,2,0,2,4,4,4,1,0,0,0,36,1,0
/home/arch_design_predict/download-github-repos/mvp/repos/Ganhuo-master/app/src/main/java/ganhuo/ly/com/ganhuo/mvp/MainActivity.java,ganhuo.ly.com.ganhuo.mvp.MainActivity$Anonymous1,anonymous,1,1,0,1,1,1,0,2,0,0.0,NaN,NaN,1,0,0,0,1,0,1,0,0,0,0,0,0,0,0,0,0,0,0,29,0,0,0,0,0,0,1,0,0,0,0,1,0,0,7,-1,0
