file,class,type,cbo,cboModified,fanin,fanout,wmc,dit,noc,rfc,lcom,lcom*,tcc,lcc,totalMethodsQty,staticMethodsQty,publicMethodsQty,privateMethodsQty,protectedMethodsQty,defaultMethodsQty,visibleMethodsQty,abstractMethodsQty,finalMethodsQty,synchronizedMethodsQty,totalFieldsQty,staticFieldsQty,publicFieldsQty,privateFieldsQty,protectedFieldsQty,defaultFieldsQty,finalFieldsQty,synchronizedFieldsQty,nosi,loc,returnQty,loopQty,comparisonsQty,tryCatchQty,parenthesizedExpsQty,stringLiteralsQty,numbersQty,assignmentsQty,mathOperationsQty,variablesQty,maxNestedBlocksQty,anonymousClassesQty,innerClassesQty,lambdasQty,uniqueWordsQty,modifiers,logStatementsQty
/home/arch_design_predict/download-github-repos/mvvm/repos/mvvm-recyclerview-master/app/src/main/java/com/example/recyclermvvm/Adapters/MainActivityAdapter.java,com.example.recyclermvvm.Adapters.MainActivityAdapter$MyViewHolder,innerclass,5,5,0,5,1,2,0,1,0,0.0,NaN,NaN,1,0,1,0,0,0,1,0,0,0,2,0,0,2,0,0,0,0,0,9,0,0,0,0,0,0,0,2,0,2,0,0,0,0,9,9,0
/home/arch_design_predict/download-github-repos/mvvm/repos/mvvm-recyclerview-master/app/src/main/java/com/example/recyclermvvm/MainActivity.java,com.example.recyclermvvm.MainActivity$Anonymous3,anonymous,3,3,0,3,1,1,0,1,0,0.0,NaN,NaN,1,0,1,0,0,0,1,0,0,0,0,0,0,0,0,0,0,0,0,5,0,0,0,0,0,2,0,0,0,0,0,0,0,0,16,-1,0
/home/arch_design_predict/download-github-repos/mvvm/repos/mvvm-recyclerview-master/app/src/main/java/com/example/recyclermvvm/ViewModel/MainActivityVM.java,com.example.recyclermvvm.ViewModel.MainActivityVM$Anonymous1,anonymous,1,1,0,1,4,1,0,6,1,0.0,0.0,0.0,2,0,0,0,2,0,2,0,0,0,0,0,0,0,0,0,0,0,1,19,1,0,1,1,0,0,1,1,0,1,1,0,0,0,18,-1,0
/home/arch_design_predict/download-github-repos/mvvm/repos/mvvm-recyclerview-master/app/src/main/java/com/example/recyclermvvm/MainActivity.java,com.example.recyclermvvm.MainActivity$Anonymous2,anonymous,2,2,0,2,2,1,0,6,0,0.0,NaN,NaN,1,0,1,0,0,0,1,0,0,0,0,0,0,0,0,0,0,0,1,11,0,0,0,0,0,0,1,0,1,0,1,0,0,0,5,-1,0
/home/arch_design_predict/download-github-repos/mvvm/repos/mvvm-recyclerview-master/app/src/main/java/com/example/recyclermvvm/ViewModel/MainActivityVM.java,com.example.recyclermvvm.ViewModel.MainActivityVM,class,7,10,3,7,5,2,0,4,2,0.5833333,0.33333334,0.33333334,4,0,4,0,0,0,4,0,0,0,3,0,0,3,0,0,0,0,1,41,3,0,1,0,0,1,0,3,0,3,1,1,0,0,22,1,0
/home/arch_design_predict/download-github-repos/mvvm/repos/mvvm-recyclerview-master/app/src/main/java/com/example/recyclermvvm/MainActivity.java,com.example.recyclermvvm.MainActivity$Anonymous1,anonymous,1,1,0,1,1,1,0,1,0,0.0,NaN,NaN,1,0,1,0,0,0,1,0,0,0,0,0,0,0,0,0,0,0,0,5,0,0,0,0,0,0,0,0,0,0,0,0,0,0,4,-1,0
/home/arch_design_predict/download-github-repos/mvvm/repos/mvvm-recyclerview-master/app/src/test/java/com/example/recyclermvvm/ExampleUnitTest.java,com.example.recyclermvvm.ExampleUnitTest,class,1,1,0,1,1,1,0,1,0,0.0,NaN,NaN,1,0,1,0,0,0,1,0,0,0,0,0,0,0,0,0,0,0,0,5,0,0,0,0,0,0,3,0,1,0,0,0,0,0,22,1,0
/home/arch_design_predict/download-github-repos/mvvm/repos/mvvm-recyclerview-master/app/src/main/java/com/example/recyclermvvm/Repository/NicePlaceRepository.java,com.example.recyclermvvm.Repository.NicePlaceRepository,class,3,5,2,3,4,1,0,3,1,0.5,0.0,0.0,3,1,2,1,0,0,2,0,0,0,2,1,0,2,0,0,0,0,0,26,2,0,1,0,0,16,0,3,0,3,1,0,0,0,15,1,0
/home/arch_design_predict/download-github-repos/mvvm/repos/mvvm-recyclerview-master/app/src/main/java/com/example/recyclermvvm/MainActivity.java,com.example.recyclermvvm.MainActivity,class,13,14,1,13,3,2,0,14,0,0.46666664,NaN,NaN,3,0,0,2,1,0,1,0,0,0,5,0,0,5,0,0,0,0,0,49,0,0,0,0,0,0,0,5,0,5,0,3,0,0,35,1,0
/home/arch_design_predict/download-github-repos/mvvm/repos/mvvm-recyclerview-master/app/src/androidTest/java/com/example/recyclermvvm/ExampleInstrumentedTest.java,com.example.recyclermvvm.ExampleInstrumentedTest,class,4,4,0,4,1,1,0,4,0,0.0,NaN,NaN,1,0,1,0,0,0,1,0,0,0,0,0,0,0,0,0,0,0,0,6,0,0,0,0,0,1,0,1,0,1,0,0,0,0,19,1,0
/home/arch_design_predict/download-github-repos/mvvm/repos/mvvm-recyclerview-master/app/src/main/java/com/example/recyclermvvm/Adapters/MainActivityAdapter.java,com.example.recyclermvvm.Adapters.MainActivityAdapter,class,10,11,1,10,4,2,0,12,0,0.25,0.8333333,1.0,4,0,4,0,0,0,4,0,0,0,2,0,0,2,0,0,0,0,0,30,2,0,0,0,0,0,0,5,0,5,0,0,1,0,27,1,0
/home/arch_design_predict/download-github-repos/mvvm/repos/mvvm-recyclerview-master/app/src/main/java/com/example/recyclermvvm/Model/NicePlaces.java,com.example.recyclermvvm.Model.NicePlaces,class,0,7,7,0,3,1,0,0,0,0.33333334,0.6666667,1.0,3,0,3,0,0,0,3,0,0,0,2,0,0,2,0,0,0,0,0,14,2,0,0,0,0,0,0,2,0,2,0,0,0,0,7,1,0
