file,class,type,cbo,cboModified,fanin,fanout,wmc,dit,noc,rfc,lcom,lcom*,tcc,lcc,totalMethodsQty,staticMethodsQty,publicMethodsQty,privateMethodsQty,protectedMethodsQty,defaultMethodsQty,visibleMethodsQty,abstractMethodsQty,finalMethodsQty,synchronizedMethodsQty,totalFieldsQty,staticFieldsQty,publicFieldsQty,privateFieldsQty,protectedFieldsQty,defaultFieldsQty,finalFieldsQty,synchronizedFieldsQty,nosi,loc,returnQty,loopQty,comparisonsQty,tryCatchQty,parenthesizedExpsQty,stringLiteralsQty,numbersQty,assignmentsQty,mathOperationsQty,variablesQty,maxNestedBlocksQty,anonymousClassesQty,innerClassesQty,lambdasQty,uniqueWordsQty,modifiers,logStatementsQty
/home/arch_design_predict/download-github-repos/mvp/repos/MyMVPBoilerPlate-master/app/src/main/java/com/firoz/mymvpboilerplate/executor/Execution.java,com.firoz.mymvpboilerplate.executor.Execution,interface,0,0,0,0,0,1,0,0,0,0.0,-1.0,-1.0,0,0,0,0,0,0,0,0,0,0,0,0,0,0,0,0,0,0,0,8,0,0,0,0,0,0,0,0,0,0,0,0,2,0,5,1,0
/home/arch_design_predict/download-github-repos/mvp/repos/MyMVPBoilerPlate-master/app/src/main/java/com/firoz/mymvpboilerplate/IConnections.java,com.firoz.mymvpboilerplate.IConnections$MyView,interface,0,0,0,0,1,1,0,0,0,0.0,NaN,NaN,1,0,0,0,0,1,1,0,0,0,0,0,0,0,0,0,0,0,0,3,0,0,0,0,0,0,0,0,0,0,0,0,0,0,5,0,0
/home/arch_design_predict/download-github-repos/mvp/repos/MyMVPBoilerPlate-master/app/src/main/java/com/firoz/mymvpboilerplate/IConnections.java,com.firoz.mymvpboilerplate.IConnections$MyRepository,interface,0,0,0,0,1,1,0,0,0,0.0,NaN,NaN,1,0,0,0,0,1,1,0,0,0,0,0,0,0,0,0,0,0,0,3,0,0,0,0,0,0,0,0,0,0,0,0,0,0,11,0,0
/home/arch_design_predict/download-github-repos/mvp/repos/MyMVPBoilerPlate-master/app/src/main/java/com/firoz/mymvpboilerplate/IConnections.java,com.firoz.mymvpboilerplate.IConnections$MyPresenter,interface,0,0,0,0,1,1,0,0,0,0.0,NaN,NaN,1,0,0,0,0,1,1,0,0,0,0,0,0,0,0,0,0,0,0,3,0,0,0,0,0,0,0,0,0,0,0,0,0,0,4,0,0
/home/arch_design_predict/download-github-repos/mvp/repos/MyMVPBoilerPlate-master/app/src/main/java/com/firoz/mymvpboilerplate/IConnections.java,com.firoz.mymvpboilerplate.IConnections$Callback,interface,0,0,0,0,2,1,0,0,1,0.0,0.0,0.0,2,0,0,0,0,2,2,0,0,0,0,0,0,0,0,0,0,0,0,4,0,0,0,0,0,0,0,0,0,0,0,0,0,0,6,0,0
/home/arch_design_predict/download-github-repos/mvp/repos/MyMVPBoilerPlate-master/app/src/main/java/com/firoz/mymvpboilerplate/executor/MyExecution.java,com.firoz.mymvpboilerplate.executor.MyExecution,class,2,2,0,2,0,1,0,0,0,0.0,-1.0,-1.0,0,0,0,0,0,0,0,0,0,0,0,0,0,0,0,0,0,0,0,44,0,0,0,0,0,0,0,0,0,0,0,0,2,0,6,1,0
/home/arch_design_predict/download-github-repos/mvp/repos/MyMVPBoilerPlate-master/app/src/main/java/com/firoz/mymvpboilerplate/IConnections.java,com.firoz.mymvpboilerplate.IConnections$MyInteractor,interface,0,0,0,0,1,1,0,0,0,0.0,NaN,NaN,1,0,0,0,0,1,1,0,0,0,0,0,0,0,0,0,0,0,0,3,0,0,0,0,0,0,0,0,0,0,0,0,0,0,3,0,0
/home/arch_design_predict/download-github-repos/mvp/repos/MyMVPBoilerPlate-master/app/src/main/java/com/firoz/mymvpboilerplate/model/MainRepository.java,com.firoz.mymvpboilerplate.model.MainRepository,class,1,3,2,1,2,1,0,2,0,0.0,NaN,NaN,1,0,1,0,0,0,1,0,0,0,1,1,0,1,0,0,0,0,1,13,1,0,0,1,0,0,2,1,0,1,1,0,0,0,18,1,0
/home/arch_design_predict/download-github-repos/mvp/repos/MyMVPBoilerPlate-master/app/src/main/java/com/firoz/mymvpboilerplate/executor/MyExecution.java,com.firoz.mymvpboilerplate.executor.MyExecution$MyBackgroundExecutor,innerclass,3,3,0,3,4,1,0,1,1,0.61904764,0.0,0.0,3,1,2,1,0,0,2,0,0,0,7,6,0,7,0,0,5,0,0,26,1,0,1,0,0,0,3,7,0,7,1,1,0,0,48,9,0
/home/arch_design_predict/download-github-repos/mvp/repos/MyMVPBoilerPlate-master/app/src/main/java/com/firoz/mymvpboilerplate/executor/Execution.java,com.firoz.mymvpboilerplate.executor.Execution$MyUIExecutor,interface,0,0,0,0,1,1,0,0,0,0.0,NaN,NaN,1,0,0,0,0,1,1,0,0,0,0,0,0,0,0,0,0,0,0,3,0,0,0,0,0,0,0,0,0,0,0,0,0,0,21,0,0
/home/arch_design_predict/download-github-repos/mvp/repos/MyMVPBoilerPlate-master/app/src/main/java/com/firoz/mymvpboilerplate/executor/MyExecution.java,com.firoz.mymvpboilerplate.executor.MyExecution$MyForegroundExecutor,innerclass,3,3,0,3,4,1,0,2,1,0.5,0.0,0.0,3,1,2,1,0,0,2,0,0,0,2,1,0,2,0,0,0,0,0,16,1,0,1,0,0,0,0,2,0,2,1,0,0,0,26,9,0
/home/arch_design_predict/download-github-repos/mvp/repos/MyMVPBoilerPlate-master/app/src/main/java/com/firoz/mymvpboilerplate/presenter/MainPresenter.java,com.firoz.mymvpboilerplate.presenter.MainPresenter,class,6,7,1,6,4,1,0,2,0,0.5,0.6666667,1.0,4,0,4,0,0,0,4,0,0,0,3,0,0,3,0,0,0,0,0,19,0,0,0,0,0,0,0,3,0,3,0,0,0,0,16,1,0
/home/arch_design_predict/download-github-repos/mvp/repos/MyMVPBoilerPlate-master/app/src/main/java/com/firoz/mymvpboilerplate/interactor/MainInteractor.java,com.firoz.mymvpboilerplate.interactor.MainInteractor,class,7,10,3,7,7,2,0,4,3,0.4166667,1.0,1.0,6,0,4,2,0,0,4,0,0,0,2,0,0,2,0,0,0,0,0,44,0,0,1,0,0,0,2,7,1,3,1,2,0,0,22,1,0
/home/arch_design_predict/download-github-repos/mvp/repos/MyMVPBoilerPlate-master/app/src/androidTest/java/com/firoz/mymvpboilerplate/ExampleInstrumentedTest.java,com.firoz.mymvpboilerplate.ExampleInstrumentedTest,class,4,4,0,4,1,1,0,3,0,0.0,NaN,NaN,1,0,1,0,0,0,1,0,0,0,0,0,0,0,0,0,0,0,0,6,0,0,0,0,0,1,0,1,0,1,0,0,0,0,21,1,0
/home/arch_design_predict/download-github-repos/mvp/repos/MyMVPBoilerPlate-master/app/src/test/java/com/firoz/mymvpboilerplate/MainInteractorTest.java,com.firoz.mymvpboilerplate.MyUIExecutionTest,class,1,2,1,1,1,1,0,1,0,0.0,NaN,NaN,1,0,1,0,0,0,1,0,0,0,0,0,0,0,0,0,0,0,0,5,0,0,0,0,0,0,0,0,0,0,0,0,0,0,19,0,0
/home/arch_design_predict/download-github-repos/mvp/repos/MyMVPBoilerPlate-master/app/src/main/java/com/firoz/mymvpboilerplate/IConnections.java,com.firoz.mymvpboilerplate.IConnections,interface,0,0,0,0,0,1,0,0,0,0.0,-1.0,-1.0,0,0,0,0,0,0,0,0,0,0,0,0,0,0,0,0,0,0,0,18,0,0,0,0,0,0,0,0,0,0,0,0,5,0,6,1,0
/home/arch_design_predict/download-github-repos/mvp/repos/MyMVPBoilerPlate-master/app/src/test/java/com/firoz/mymvpboilerplate/MainInteractorTest.java,com.firoz.mymvpboilerplate.MainInteractorTest,class,8,8,0,8,2,1,0,5,0,0.25,1.0,1.0,2,0,2,0,0,0,2,0,0,0,2,0,0,2,0,0,0,0,0,13,0,0,0,0,0,0,0,2,0,3,0,0,0,0,22,1,0
/home/arch_design_predict/download-github-repos/mvp/repos/MyMVPBoilerPlate-master/app/src/main/java/com/firoz/mymvpboilerplate/executor/Execution.java,com.firoz.mymvpboilerplate.executor.Execution$MyBackExecutor,interface,1,1,0,1,1,1,0,0,0,0.0,NaN,NaN,1,0,0,0,0,1,1,0,0,0,0,0,0,0,0,0,0,0,0,3,0,0,0,0,0,0,0,0,0,0,0,0,0,0,15,0,0
/home/arch_design_predict/download-github-repos/mvp/repos/MyMVPBoilerPlate-master/app/src/main/java/com/firoz/mymvpboilerplate/view/MainActivity.java,com.firoz.mymvpboilerplate.view.MainActivity,class,10,10,0,10,4,2,0,7,0,0.33333334,0.6666667,1.0,3,0,2,0,1,0,3,0,0,0,3,0,0,1,0,2,0,0,0,23,0,0,0,0,0,0,0,3,0,3,1,0,0,0,27,1,0
/home/arch_design_predict/download-github-repos/mvp/repos/MyMVPBoilerPlate-master/app/src/main/java/com/firoz/mymvpboilerplate/interactor/AbstractInteractor.java,com.firoz.mymvpboilerplate.interactor.AbstractInteractor,class,4,8,4,4,6,1,1,3,7,0.5833334,0.26666668,0.4,6,0,6,0,0,0,6,1,0,0,2,0,0,0,2,0,2,0,4,21,0,0,0,0,0,0,0,2,0,2,0,0,0,0,62,1025,0
/home/arch_design_predict/download-github-repos/mvp/repos/MyMVPBoilerPlate-master/app/src/main/java/com/firoz/mymvpboilerplate/executor/MyExecution.java,com.firoz.mymvpboilerplate.executor.MyExecution$MyBackgroundExecutor$Anonymous1,anonymous,1,1,0,1,1,1,0,1,0,0.0,NaN,NaN,1,0,1,0,0,0,1,0,0,0,0,0,0,0,0,0,0,0,0,5,0,0,0,0,0,0,0,0,0,0,0,0,0,0,1,-1,0
/home/arch_design_predict/download-github-repos/mvp/repos/MyMVPBoilerPlate-master/app/src/main/java/com/firoz/mymvpboilerplate/interactor/MainInteractor.java,com.firoz.mymvpboilerplate.interactor.MainInteractor$Anonymous1,anonymous,1,1,0,1,1,1,0,2,0,0.0,NaN,NaN,1,0,1,0,0,0,1,0,0,0,0,0,0,0,0,0,0,0,1,5,0,0,0,0,0,1,0,0,1,0,0,0,0,0,2,-1,0
/home/arch_design_predict/download-github-repos/mvp/repos/MyMVPBoilerPlate-master/app/src/main/java/com/firoz/mymvpboilerplate/interactor/MainInteractor.java,com.firoz.mymvpboilerplate.interactor.MainInteractor$Anonymous2,anonymous,1,1,0,1,1,1,0,2,0,0.0,NaN,NaN,1,0,1,0,0,0,1,0,0,0,0,0,0,0,0,0,0,0,1,5,0,0,0,0,0,1,0,0,1,0,0,0,0,0,2,-1,0
