file,class,method,constructor,line,cbo,cboModified,fanin,fanout,wmc,rfc,loc,returnsQty,variablesQty,parametersQty,methodsInvokedQty,methodsInvokedLocalQty,methodsInvokedIndirectLocalQty,loopQty,comparisonsQty,tryCatchQty,parenthesizedExpsQty,stringLiteralsQty,numbersQty,assignmentsQty,mathOperationsQty,maxNestedBlocksQty,anonymousClassesQty,innerClassesQty,lambdasQty,uniqueWordsQty,modifiers,logStatementsQty,hasJavaDoc
/home/arch_design_predict/download-github-repos/mvp/repos/MyMVPBoilerPlate-master/app/src/main/java/com/firoz/mymvpboilerplate/IConnections.java,com.firoz.mymvpboilerplate.IConnections$MyView,updateText/1[java.lang.String],false,10,0,2,2,0,1,0,1,0,0,1,0,0,0,0,0,0,0,0,0,0,0,0,0,0,0,3,0,0,false
/home/arch_design_predict/download-github-repos/mvp/repos/MyMVPBoilerPlate-master/app/src/main/java/com/firoz/mymvpboilerplate/IConnections.java,com.firoz.mymvpboilerplate.IConnections$MyRepository,incrementCounter/0,false,25,0,1,1,0,1,0,1,0,0,0,0,0,0,0,0,0,0,0,0,0,0,0,0,0,0,2,0,0,false
/home/arch_design_predict/download-github-repos/mvp/repos/MyMVPBoilerPlate-master/app/src/main/java/com/firoz/mymvpboilerplate/IConnections.java,com.firoz.mymvpboilerplate.IConnections$MyPresenter,buttonClicked/0,false,14,0,1,1,0,1,0,1,0,0,0,0,0,0,0,0,0,0,0,0,0,0,0,0,0,0,2,0,0,false
/home/arch_design_predict/download-github-repos/mvp/repos/MyMVPBoilerPlate-master/app/src/main/java/com/firoz/mymvpboilerplate/IConnections.java,com.firoz.mymvpboilerplate.IConnections$Callback,onSuccess/1[java.lang.String],false,29,0,1,1,0,1,0,1,0,0,1,0,0,0,0,0,0,0,0,0,0,0,0,0,0,0,3,0,0,false
/home/arch_design_predict/download-github-repos/mvp/repos/MyMVPBoilerPlate-master/app/src/main/java/com/firoz/mymvpboilerplate/IConnections.java,com.firoz.mymvpboilerplate.IConnections$Callback,onFail/1[java.lang.String],false,31,0,1,1,0,1,0,1,0,0,1,0,0,0,0,0,0,0,0,0,0,0,0,0,0,0,3,0,0,false
/home/arch_design_predict/download-github-repos/mvp/repos/MyMVPBoilerPlate-master/app/src/main/java/com/firoz/mymvpboilerplate/IConnections.java,com.firoz.mymvpboilerplate.IConnections$MyInteractor,execute/0,false,18,0,1,1,0,1,0,1,0,0,0,0,0,0,0,0,0,0,0,0,0,0,0,0,0,0,1,0,0,false
/home/arch_design_predict/download-github-repos/mvp/repos/MyMVPBoilerPlate-master/app/src/main/java/com/firoz/mymvpboilerplate/model/MainRepository.java,com.firoz.mymvpboilerplate.model.MainRepository,incrementCounter/0,false,14,0,0,0,0,2,2,10,1,0,0,2,0,0,0,0,1,0,0,1,0,0,1,0,0,0,12,1,0,false
/home/arch_design_predict/download-github-repos/mvp/repos/MyMVPBoilerPlate-master/app/src/main/java/com/firoz/mymvpboilerplate/executor/MyExecution.java,com.firoz.mymvpboilerplate.executor.MyExecution$MyBackgroundExecutor,getInstance/0,false,41,1,3,2,1,2,0,6,1,0,0,0,0,0,0,1,0,0,0,0,1,0,1,0,0,0,7,9,0,false
/home/arch_design_predict/download-github-repos/mvp/repos/MyMVPBoilerPlate-master/app/src/main/java/com/firoz/mymvpboilerplate/executor/MyExecution.java,com.firoz.mymvpboilerplate.executor.MyExecution$MyBackgroundExecutor,MyBackgroundExecutor/0,true,33,0,1,1,0,1,0,3,0,0,0,0,0,0,0,0,0,0,0,0,1,0,0,0,0,0,6,2,0,false
/home/arch_design_predict/download-github-repos/mvp/repos/MyMVPBoilerPlate-master/app/src/main/java/com/firoz/mymvpboilerplate/executor/MyExecution.java,com.firoz.mymvpboilerplate.executor.MyExecution$MyBackgroundExecutor,execute/1[com.firoz.mymvpboilerplate.interactor.AbstractInteractor],false,49,1,1,0,1,1,1,8,0,0,1,1,0,0,0,0,0,0,0,0,0,0,0,1,0,0,6,1,0,false
/home/arch_design_predict/download-github-repos/mvp/repos/MyMVPBoilerPlate-master/app/src/main/java/com/firoz/mymvpboilerplate/executor/Execution.java,com.firoz.mymvpboilerplate.executor.Execution$MyUIExecutor,post/1[java.lang.Runnable],false,24,0,2,2,0,1,0,1,0,0,1,0,0,0,0,0,0,0,0,0,0,0,0,0,0,0,3,0,0,false
/home/arch_design_predict/download-github-repos/mvp/repos/MyMVPBoilerPlate-master/app/src/main/java/com/firoz/mymvpboilerplate/executor/MyExecution.java,com.firoz.mymvpboilerplate.executor.MyExecution$MyForegroundExecutor,getInstance/0,false,72,1,3,2,1,2,0,6,1,0,0,0,0,0,0,1,0,0,0,0,1,0,1,0,0,0,7,9,0,false
/home/arch_design_predict/download-github-repos/mvp/repos/MyMVPBoilerPlate-master/app/src/main/java/com/firoz/mymvpboilerplate/executor/MyExecution.java,com.firoz.mymvpboilerplate.executor.MyExecution$MyForegroundExecutor,MyForegroundExecutor/0,true,68,1,1,1,0,1,1,3,0,0,0,1,0,0,0,0,0,0,0,0,1,0,0,0,0,0,5,2,0,false
/home/arch_design_predict/download-github-repos/mvp/repos/MyMVPBoilerPlate-master/app/src/main/java/com/firoz/mymvpboilerplate/executor/MyExecution.java,com.firoz.mymvpboilerplate.executor.MyExecution$MyForegroundExecutor,post/1[java.lang.Runnable],false,80,0,0,0,0,1,1,3,0,0,1,1,0,0,0,0,0,0,0,0,0,0,0,0,0,0,3,1,0,false
/home/arch_design_predict/download-github-repos/mvp/repos/MyMVPBoilerPlate-master/app/src/main/java/com/firoz/mymvpboilerplate/presenter/MainPresenter.java,com.firoz.mymvpboilerplate.presenter.MainPresenter,onSuccess/1[java.lang.String],false,31,1,1,0,1,1,1,3,0,0,1,1,0,0,0,0,0,0,0,0,0,0,0,0,0,0,3,1,0,false
/home/arch_design_predict/download-github-repos/mvp/repos/MyMVPBoilerPlate-master/app/src/main/java/com/firoz/mymvpboilerplate/presenter/MainPresenter.java,com.firoz.mymvpboilerplate.presenter.MainPresenter,buttonClicked/0,false,22,2,2,0,2,1,1,4,0,0,0,1,0,0,0,0,0,0,0,0,1,0,0,0,0,0,5,1,0,false
/home/arch_design_predict/download-github-repos/mvp/repos/MyMVPBoilerPlate-master/app/src/main/java/com/firoz/mymvpboilerplate/presenter/MainPresenter.java,com.firoz.mymvpboilerplate.presenter.MainPresenter,onFail/1[java.lang.String],false,36,1,1,0,1,1,1,3,0,0,1,1,0,0,0,0,0,0,0,0,0,0,0,0,0,0,3,1,0,false
/home/arch_design_predict/download-github-repos/mvp/repos/MyMVPBoilerPlate-master/app/src/main/java/com/firoz/mymvpboilerplate/presenter/MainPresenter.java,com.firoz.mymvpboilerplate.presenter.MainPresenter,"MainPresenter/2[com.firoz.mymvpboilerplate.IConnections.MyView,com.firoz.mymvpboilerplate.IConnections.MyRepository]",true,16,2,1,1,0,1,0,4,0,0,2,0,0,0,0,0,0,0,0,0,2,0,0,0,0,0,4,1,0,false
/home/arch_design_predict/download-github-repos/mvp/repos/MyMVPBoilerPlate-master/app/src/main/java/com/firoz/mymvpboilerplate/interactor/MainInteractor.java,com.firoz.mymvpboilerplate.interactor.MainInteractor,run/0,false,52,2,4,1,3,2,3,9,0,1,0,3,2,1,0,1,0,0,0,2,1,1,1,0,0,0,6,1,0,false
/home/arch_design_predict/download-github-repos/mvp/repos/MyMVPBoilerPlate-master/app/src/main/java/com/firoz/mymvpboilerplate/interactor/MainInteractor.java,com.firoz.mymvpboilerplate.interactor.MainInteractor,"MainInteractor/3[com.firoz.mymvpboilerplate.executor.Execution.MyUIExecutor,com.firoz.mymvpboilerplate.IConnections.Callback,com.firoz.mymvpboilerplate.IConnections.MyRepository]",true,21,3,1,1,0,1,0,5,0,0,3,0,0,0,0,0,0,0,0,0,2,0,0,0,0,0,8,1,0,false
/home/arch_design_predict/download-github-repos/mvp/repos/MyMVPBoilerPlate-master/app/src/main/java/com/firoz/mymvpboilerplate/interactor/MainInteractor.java,com.firoz.mymvpboilerplate.interactor.MainInteractor,"MainInteractor/2[com.firoz.mymvpboilerplate.IConnections.Callback,com.firoz.mymvpboilerplate.IConnections.MyRepository]",true,15,2,1,1,0,1,0,5,0,0,2,0,0,0,0,0,0,0,0,0,2,0,0,0,0,0,4,1,0,false
/home/arch_design_predict/download-github-repos/mvp/repos/MyMVPBoilerPlate-master/app/src/main/java/com/firoz/mymvpboilerplate/interactor/MainInteractor.java,com.firoz.mymvpboilerplate.interactor.MainInteractor,notifySuccess/1[int],false,33,1,3,1,2,1,1,8,0,0,1,1,0,0,0,0,0,0,0,0,0,0,0,1,0,0,5,2,0,false
/home/arch_design_predict/download-github-repos/mvp/repos/MyMVPBoilerPlate-master/app/src/main/java/com/firoz/mymvpboilerplate/interactor/MainInteractor.java,com.firoz.mymvpboilerplate.interactor.MainInteractor,notifyFail/1[int],false,42,1,3,1,2,1,1,8,0,0,1,1,0,0,0,0,0,0,0,0,0,0,0,1,0,0,5,2,0,false
/home/arch_design_predict/download-github-repos/mvp/repos/MyMVPBoilerPlate-master/app/src/main/java/com/firoz/mymvpboilerplate/interactor/MainInteractor.java,com.firoz.mymvpboilerplate.interactor.MainInteractor,"MainInteractor/3[com.firoz.mymvpboilerplate.executor.Execution.MyBackExecutor,com.firoz.mymvpboilerplate.IConnections.Callback,com.firoz.mymvpboilerplate.IConnections.MyRepository]",true,27,3,0,0,0,1,0,5,0,0,3,0,0,0,0,0,0,0,0,0,2,0,0,0,0,0,7,1,0,false
/home/arch_design_predict/download-github-repos/mvp/repos/MyMVPBoilerPlate-master/app/src/androidTest/java/com/firoz/mymvpboilerplate/ExampleInstrumentedTest.java,com.firoz.mymvpboilerplate.ExampleInstrumentedTest,useAppContext/0,false,20,2,0,0,0,1,3,4,0,1,0,3,0,0,0,0,0,0,1,0,1,0,0,0,0,0,7,1,0,false
/home/arch_design_predict/download-github-repos/mvp/repos/MyMVPBoilerPlate-master/app/src/test/java/com/firoz/mymvpboilerplate/MainInteractorTest.java,com.firoz.mymvpboilerplate.MyUIExecutionTest,post/1[java.lang.Runnable],false,55,0,0,0,0,1,1,3,0,0,1,1,0,0,0,0,0,0,0,0,0,0,0,0,0,0,3,1,0,false
/home/arch_design_predict/download-github-repos/mvp/repos/MyMVPBoilerPlate-master/app/src/test/java/com/firoz/mymvpboilerplate/MainInteractorTest.java,com.firoz.mymvpboilerplate.MainInteractorTest,checkCallbackSuccess/0,false,33,3,3,0,3,1,4,5,0,1,0,4,0,0,0,0,0,0,0,0,1,0,0,0,0,0,9,1,0,false
/home/arch_design_predict/download-github-repos/mvp/repos/MyMVPBoilerPlate-master/app/src/test/java/com/firoz/mymvpboilerplate/MainInteractorTest.java,com.firoz.mymvpboilerplate.MainInteractorTest,setup/0,false,26,2,1,0,1,1,1,4,0,0,0,1,0,0,0,0,0,0,0,0,1,0,0,0,0,0,9,1,0,false
/home/arch_design_predict/download-github-repos/mvp/repos/MyMVPBoilerPlate-master/app/src/main/java/com/firoz/mymvpboilerplate/executor/Execution.java,com.firoz.mymvpboilerplate.executor.Execution$MyBackExecutor,execute/1[com.firoz.mymvpboilerplate.interactor.AbstractInteractor],false,16,1,1,1,0,1,0,1,0,0,1,0,0,0,0,0,0,0,0,0,0,0,0,0,0,0,4,0,0,false
/home/arch_design_predict/download-github-repos/mvp/repos/MyMVPBoilerPlate-master/app/src/main/java/com/firoz/mymvpboilerplate/view/MainActivity.java,com.firoz.mymvpboilerplate.view.MainActivity,onCreate/1[com.firoz.mymvpboilerplate.view.Bundle],false,22,5,2,0,2,1,4,8,0,0,1,4,0,0,0,0,0,0,0,0,3,0,0,0,0,0,21,4,0,false
/home/arch_design_predict/download-github-repos/mvp/repos/MyMVPBoilerPlate-master/app/src/main/java/com/firoz/mymvpboilerplate/view/MainActivity.java,com.firoz.mymvpboilerplate.view.MainActivity,onClick/1[com.firoz.mymvpboilerplate.view.View],false,41,2,1,0,1,2,2,7,0,0,1,2,0,0,0,0,0,0,0,0,0,0,1,0,0,0,4,1,0,false
/home/arch_design_predict/download-github-repos/mvp/repos/MyMVPBoilerPlate-master/app/src/main/java/com/firoz/mymvpboilerplate/view/MainActivity.java,com.firoz.mymvpboilerplate.view.MainActivity,updateText/1[java.lang.String],false,36,0,0,0,0,1,1,3,0,0,1,1,0,0,0,0,0,0,0,0,0,0,0,0,0,0,3,1,0,false
/home/arch_design_predict/download-github-repos/mvp/repos/MyMVPBoilerPlate-master/app/src/main/java/com/firoz/mymvpboilerplate/interactor/AbstractInteractor.java,com.firoz.mymvpboilerplate.interactor.AbstractInteractor,AbstractInteractor/1[com.firoz.mymvpboilerplate.executor.Execution.MyBackExecutor],true,19,2,1,0,1,1,1,3,0,0,1,1,0,0,0,0,0,0,0,0,0,0,0,0,0,0,5,1,0,false
/home/arch_design_predict/download-github-repos/mvp/repos/MyMVPBoilerPlate-master/app/src/main/java/com/firoz/mymvpboilerplate/interactor/AbstractInteractor.java,com.firoz.mymvpboilerplate.interactor.AbstractInteractor,AbstractInteractor/0,true,15,2,2,0,2,1,2,3,0,0,0,2,0,0,0,0,0,0,0,0,0,0,0,0,0,0,2,1,0,false
/home/arch_design_predict/download-github-repos/mvp/repos/MyMVPBoilerPlate-master/app/src/main/java/com/firoz/mymvpboilerplate/interactor/AbstractInteractor.java,com.firoz.mymvpboilerplate.interactor.AbstractInteractor,execute/0,false,43,1,1,0,1,1,1,3,0,0,0,1,0,0,0,0,0,0,0,0,0,0,0,0,0,0,1,1,0,false
/home/arch_design_predict/download-github-repos/mvp/repos/MyMVPBoilerPlate-master/app/src/main/java/com/firoz/mymvpboilerplate/interactor/AbstractInteractor.java,com.firoz.mymvpboilerplate.interactor.AbstractInteractor,AbstractInteractor/1[com.firoz.mymvpboilerplate.executor.Execution.MyUIExecutor],true,23,2,1,0,1,1,1,3,0,0,1,1,0,0,0,0,0,0,0,0,0,0,0,0,0,0,6,1,0,false
/home/arch_design_predict/download-github-repos/mvp/repos/MyMVPBoilerPlate-master/app/src/main/java/com/firoz/mymvpboilerplate/interactor/AbstractInteractor.java,com.firoz.mymvpboilerplate.interactor.AbstractInteractor,"AbstractInteractor/2[com.firoz.mymvpboilerplate.executor.Execution.MyBackExecutor,com.firoz.mymvpboilerplate.executor.Execution.MyUIExecutor]",true,27,2,0,0,0,1,0,4,0,0,2,0,0,0,0,0,0,0,0,0,2,0,0,0,0,0,7,1,0,false
/home/arch_design_predict/download-github-repos/mvp/repos/MyMVPBoilerPlate-master/app/src/main/java/com/firoz/mymvpboilerplate/interactor/AbstractInteractor.java,com.firoz.mymvpboilerplate.interactor.AbstractInteractor,run/0,false,32,0,1,1,0,1,0,1,0,0,0,0,0,0,0,0,0,0,0,0,0,0,0,0,0,0,54,1025,0,true
/home/arch_design_predict/download-github-repos/mvp/repos/MyMVPBoilerPlate-master/app/src/main/java/com/firoz/mymvpboilerplate/executor/MyExecution.java,com.firoz.mymvpboilerplate.executor.MyExecution$MyBackgroundExecutor$Anonymous1,run/0,false,52,1,3,0,3,1,1,3,0,0,0,1,0,0,0,0,0,0,0,0,0,0,0,0,0,0,1,1,0,false
/home/arch_design_predict/download-github-repos/mvp/repos/MyMVPBoilerPlate-master/app/src/main/java/com/firoz/mymvpboilerplate/interactor/MainInteractor.java,com.firoz.mymvpboilerplate.interactor.MainInteractor$Anonymous1,run/0,false,36,1,3,0,3,1,2,3,0,0,0,2,0,0,0,0,0,0,1,0,0,1,0,0,0,0,2,1,0,false
/home/arch_design_predict/download-github-repos/mvp/repos/MyMVPBoilerPlate-master/app/src/main/java/com/firoz/mymvpboilerplate/interactor/MainInteractor.java,com.firoz.mymvpboilerplate.interactor.MainInteractor$Anonymous2,run/0,false,45,1,3,0,3,1,2,3,0,0,0,2,0,0,0,0,0,0,1,0,0,1,0,0,0,0,2,1,0,false
