file,class,type,cbo,cboModified,fanin,fanout,wmc,dit,noc,rfc,lcom,lcom*,tcc,lcc,totalMethodsQty,staticMethodsQty,publicMethodsQty,privateMethodsQty,protectedMethodsQty,defaultMethodsQty,visibleMethodsQty,abstractMethodsQty,finalMethodsQty,synchronizedMethodsQty,totalFieldsQty,staticFieldsQty,publicFieldsQty,privateFieldsQty,protectedFieldsQty,defaultFieldsQty,finalFieldsQty,synchronizedFieldsQty,nosi,loc,returnQty,loopQty,comparisonsQty,tryCatchQty,parenthesizedExpsQty,stringLiteralsQty,numbersQty,assignmentsQty,mathOperationsQty,variablesQty,maxNestedBlocksQty,anonymousClassesQty,innerClassesQty,lambdasQty,uniqueWordsQty,modifiers,logStatementsQty
/Users/sirojiddinkomolov/Documents/innopolis/research/arch_design_pattern_detection/exps/3rd_revision/coach_repos_r/ZephyrLogger-master/app/src/main/java/org/mcxa/zephyrlogger/MainActivity.java,org.mcxa.zephyrlogger.MainActivity,class,23,25,2,23,67,3,0,59,60,0.869281,0.36363637,0.6545454,17,0,11,6,0,0,11,0,0,1,18,3,1,8,0,9,3,0,38,311,11,1,15,1,19,37,45,60,36,32,3,1,1,0,203,1,0
/Users/sirojiddinkomolov/Documents/innopolis/research/arch_design_pattern_detection/exps/3rd_revision/coach_repos_r/ZephyrLogger-master/app/src/main/java/org/mcxa/zephyrlogger/MainActivity.java,org.mcxa.zephyrlogger.MainActivity$MessageHandler,innerclass,5,5,0,5,15,2,0,13,0,0.0,1.0,1.0,2,0,1,0,0,1,2,0,0,0,1,0,0,1,0,0,1,0,0,54,0,0,5,0,2,5,6,5,1,5,4,0,0,0,15,10,0
/Users/sirojiddinkomolov/Documents/innopolis/research/arch_design_pattern_detection/exps/3rd_revision/coach_repos_r/ZephyrLogger-master/app/src/main/java/org/mcxa/zephyrlogger/HxmService.java,org.mcxa.zephyrlogger.HxmService,class,10,14,4,10,21,3,0,12,0,0.55,0.6666667,1.0,10,0,6,4,0,0,6,0,0,7,6,1,0,6,0,0,3,0,0,239,1,0,11,0,0,16,1,23,2,12,2,0,2,0,76,1,0
/Users/sirojiddinkomolov/Documents/innopolis/research/arch_design_pattern_detection/exps/3rd_revision/coach_repos_r/ZephyrLogger-master/app/src/main/java/org/mcxa/zephyrlogger/hxm/HrmReading.java,org.mcxa.zephyrlogger.hxm.HrmReading,class,2,5,3,2,7,1,0,6,0,0.11382115,1.0,1.0,3,0,3,0,0,0,3,0,0,0,41,1,40,1,0,0,5,0,0,138,1,1,2,1,117,44,85,44,63,45,2,0,0,0,91,1,0
/Users/sirojiddinkomolov/Documents/innopolis/research/arch_design_pattern_detection/exps/3rd_revision/coach_repos_r/ZephyrLogger-master/app/src/main/java/org/mcxa/zephyrlogger/HxmService.java,org.mcxa.zephyrlogger.HxmService$ConnectThread,innerclass,3,3,0,3,11,2,0,13,0,0.16666667,1.0,1.0,3,0,3,0,0,0,3,0,0,0,2,0,0,2,0,0,2,0,0,64,1,0,0,4,0,10,1,6,0,4,2,0,0,0,38,2,0
/Users/sirojiddinkomolov/Documents/innopolis/research/arch_design_pattern_detection/exps/3rd_revision/coach_repos_r/ZephyrLogger-master/app/src/main/java/org/mcxa/zephyrlogger/AboutActivity.java,org.mcxa.zephyrlogger.AboutActivity,class,5,6,1,5,4,2,0,10,1,0.5,0.0,0.0,2,0,1,0,1,0,2,0,0,0,1,0,0,0,0,1,0,0,0,19,1,0,2,0,0,0,0,0,0,1,1,0,0,0,27,1,0
/Users/sirojiddinkomolov/Documents/innopolis/research/arch_design_pattern_detection/exps/3rd_revision/coach_repos_r/ZephyrLogger-master/app/src/main/java/org/mcxa/zephyrlogger/MainActivity.java,org.mcxa.zephyrlogger.MainActivity$Anonymous1,anonymous,1,1,0,1,1,1,0,1,0,0.0,NaN,NaN,1,0,1,0,0,0,1,0,0,0,0,0,0,0,0,0,0,0,0,5,0,0,0,0,0,0,0,0,0,0,0,0,0,0,4,-1,0
/Users/sirojiddinkomolov/Documents/innopolis/research/arch_design_pattern_detection/exps/3rd_revision/coach_repos_r/ZephyrLogger-master/app/src/main/java/org/mcxa/zephyrlogger/HxmService.java,org.mcxa.zephyrlogger.HxmService$ConnectedThread,innerclass,3,3,0,3,12,2,0,9,0,0.33333334,0.6666667,1.0,3,0,3,0,0,0,3,0,0,0,6,0,0,6,0,0,6,0,1,62,0,3,4,3,7,9,10,25,1,11,3,0,0,0,45,2,0
