file,class,method,constructor,line,cbo,cboModified,fanin,fanout,wmc,rfc,loc,returnsQty,variablesQty,parametersQty,methodsInvokedQty,methodsInvokedLocalQty,methodsInvokedIndirectLocalQty,loopQty,comparisonsQty,tryCatchQty,parenthesizedExpsQty,stringLiteralsQty,numbersQty,assignmentsQty,mathOperationsQty,maxNestedBlocksQty,anonymousClassesQty,innerClassesQty,lambdasQty,uniqueWordsQty,modifiers,logStatementsQty,hasJavaDoc
/Users/sirojiddinkomolov/Documents/innopolis/research/arch_design_pattern_detection/exps/3rd_revision/coach_repos_r/ZephyrLogger-master/app/src/main/java/org/mcxa/zephyrlogger/MainActivity.java,org.mcxa.zephyrlogger.MainActivity,exportData/1[org.mcxa.zephyrlogger.hxm.HrmReading],false,145,1,2,1,1,8,11,42,1,5,1,11,0,0,0,0,1,0,11,4,7,3,3,0,0,0,45,1,0,false
/Users/sirojiddinkomolov/Documents/innopolis/research/arch_design_pattern_detection/exps/3rd_revision/coach_repos_r/ZephyrLogger-master/app/src/main/java/org/mcxa/zephyrlogger/MainActivity.java,org.mcxa.zephyrlogger.MainActivity,connectToHxm/0,false,195,3,6,3,3,3,4,11,0,1,0,4,1,1,0,1,0,0,0,0,2,0,1,0,0,0,15,2,0,false
/Users/sirojiddinkomolov/Documents/innopolis/research/arch_design_pattern_detection/exps/3rd_revision/coach_repos_r/ZephyrLogger-master/app/src/main/java/org/mcxa/zephyrlogger/MainActivity.java,org.mcxa.zephyrlogger.MainActivity,getFirstConnectedHxm/0,false,229,2,1,1,0,5,7,18,1,3,0,7,0,0,1,1,0,1,3,1,7,1,3,0,0,0,27,2,0,false
/Users/sirojiddinkomolov/Documents/innopolis/research/arch_design_pattern_detection/exps/3rd_revision/coach_repos_r/ZephyrLogger-master/app/src/main/java/org/mcxa/zephyrlogger/MainActivity.java,org.mcxa.zephyrlogger.MainActivity,onCreate/1[org.mcxa.zephyrlogger.Bundle],false,312,4,2,0,2,3,16,32,0,1,1,16,2,2,0,1,0,0,4,0,2,0,2,1,0,0,36,1,0,false
/Users/sirojiddinkomolov/Documents/innopolis/research/arch_design_pattern_detection/exps/3rd_revision/coach_repos_r/ZephyrLogger-master/app/src/main/java/org/mcxa/zephyrlogger/MainActivity.java,org.mcxa.zephyrlogger.MainActivity,startStopRecording/0,false,546,0,2,2,0,5,8,18,0,0,0,8,0,0,0,1,0,2,2,6,2,1,2,0,0,0,12,2,0,false
/Users/sirojiddinkomolov/Documents/innopolis/research/arch_design_pattern_detection/exps/3rd_revision/coach_repos_r/ZephyrLogger-master/app/src/main/java/org/mcxa/zephyrlogger/MainActivity.java,org.mcxa.zephyrlogger.MainActivity,calcSpeed/1[org.mcxa.zephyrlogger.hxm.HrmReading],false,621,1,1,1,0,1,0,3,1,0,1,0,0,0,0,0,0,1,0,1,0,1,0,0,0,0,17,2,0,true
/Users/sirojiddinkomolov/Documents/innopolis/research/arch_design_pattern_detection/exps/3rd_revision/coach_repos_r/ZephyrLogger-master/app/src/main/java/org/mcxa/zephyrlogger/MainActivity.java,org.mcxa.zephyrlogger.MainActivity,onDestroy/0,false,420,1,1,0,1,2,3,5,0,0,0,3,0,0,0,1,0,0,1,0,0,0,1,0,0,0,8,1,0,false
/Users/sirojiddinkomolov/Documents/innopolis/research/arch_design_pattern_detection/exps/3rd_revision/coach_repos_r/ZephyrLogger-master/app/src/main/java/org/mcxa/zephyrlogger/MainActivity.java,org.mcxa.zephyrlogger.MainActivity,isExternalStorageWritable/0,false,140,0,1,1,0,1,2,4,1,1,0,2,0,0,0,0,0,0,0,0,1,0,0,0,0,0,5,1,0,false
/Users/sirojiddinkomolov/Documents/innopolis/research/arch_design_pattern_detection/exps/3rd_revision/coach_repos_r/ZephyrLogger-master/app/src/main/java/org/mcxa/zephyrlogger/MainActivity.java,org.mcxa.zephyrlogger.MainActivity,displayHrmReading/1[org.mcxa.zephyrlogger.hxm.HrmReading],false,629,2,3,1,2,1,4,6,0,0,1,4,2,1,0,0,0,0,4,0,0,0,0,0,0,0,18,2,0,true
/Users/sirojiddinkomolov/Documents/innopolis/research/arch_design_pattern_detection/exps/3rd_revision/coach_repos_r/ZephyrLogger-master/app/src/main/java/org/mcxa/zephyrlogger/MainActivity.java,org.mcxa.zephyrlogger.MainActivity,onOptionsItemSelected/1[org.mcxa.zephyrlogger.MenuItem],false,511,5,3,0,3,5,6,19,5,1,1,6,2,2,0,0,0,0,0,0,1,0,1,0,0,0,18,1,0,false
/Users/sirojiddinkomolov/Documents/innopolis/research/arch_design_pattern_detection/exps/3rd_revision/coach_repos_r/ZephyrLogger-master/app/src/main/java/org/mcxa/zephyrlogger/MainActivity.java,org.mcxa.zephyrlogger.MainActivity,onMainButtonCLicked/0,false,538,3,3,0,3,5,5,5,0,0,0,5,2,2,0,3,0,0,1,0,0,0,2,0,0,0,21,1,0,false
/Users/sirojiddinkomolov/Documents/innopolis/research/arch_design_pattern_detection/exps/3rd_revision/coach_repos_r/ZephyrLogger-master/app/src/main/java/org/mcxa/zephyrlogger/MainActivity.java,org.mcxa.zephyrlogger.MainActivity,onStart/0,false,380,0,0,0,0,3,4,14,0,0,0,4,0,0,0,1,0,0,3,0,0,0,2,0,0,0,18,1,0,false
/Users/sirojiddinkomolov/Documents/innopolis/research/arch_design_pattern_detection/exps/3rd_revision/coach_repos_r/ZephyrLogger-master/app/src/main/java/org/mcxa/zephyrlogger/MainActivity.java,org.mcxa.zephyrlogger.MainActivity,getExternalStoragePermissions/0,false,279,0,1,1,0,2,2,5,0,0,0,2,0,0,0,1,0,0,0,0,0,0,1,0,0,0,4,1,0,false
/Users/sirojiddinkomolov/Documents/innopolis/research/arch_design_pattern_detection/exps/3rd_revision/coach_repos_r/ZephyrLogger-master/app/src/main/java/org/mcxa/zephyrlogger/MainActivity.java,org.mcxa.zephyrlogger.MainActivity,calcRRi/1[org.mcxa.zephyrlogger.hxm.HrmReading],false,575,1,1,1,0,15,1,32,1,2,1,1,0,0,0,0,0,14,0,30,29,29,0,0,0,0,23,2,0,true
/Users/sirojiddinkomolov/Documents/innopolis/research/arch_design_pattern_detection/exps/3rd_revision/coach_repos_r/ZephyrLogger-master/app/src/main/java/org/mcxa/zephyrlogger/MainActivity.java,org.mcxa.zephyrlogger.MainActivity,onCreateOptionsMenu/1[org.mcxa.zephyrlogger.Menu],false,505,1,0,0,0,1,2,4,1,0,1,2,0,0,0,0,0,0,0,0,0,0,0,0,0,0,8,1,0,false
/Users/sirojiddinkomolov/Documents/innopolis/research/arch_design_pattern_detection/exps/3rd_revision/coach_repos_r/ZephyrLogger-master/app/src/main/java/org/mcxa/zephyrlogger/MainActivity.java,org.mcxa.zephyrlogger.MainActivity,onResume/0,false,403,1,2,0,2,3,4,9,0,0,0,4,0,0,0,2,0,0,1,0,0,0,2,0,0,0,6,33,0,false
/Users/sirojiddinkomolov/Documents/innopolis/research/arch_design_pattern_detection/exps/3rd_revision/coach_repos_r/ZephyrLogger-master/app/src/main/java/org/mcxa/zephyrlogger/MainActivity.java,org.mcxa.zephyrlogger.MainActivity,"onRequestPermissionsResult/3[int,java.lang.String[],int[]]",false,293,2,0,0,0,4,3,10,0,0,3,3,0,0,0,3,0,1,1,2,0,0,2,0,0,0,29,1,0,false
/Users/sirojiddinkomolov/Documents/innopolis/research/arch_design_pattern_detection/exps/3rd_revision/coach_repos_r/ZephyrLogger-master/app/src/main/java/org/mcxa/zephyrlogger/MainActivity.java,org.mcxa.zephyrlogger.MainActivity$MessageHandler,handleMessage/1[org.mcxa.zephyrlogger.Message],false,438,4,4,0,4,14,13,48,0,4,1,13,0,0,0,5,0,2,5,6,4,1,4,0,0,0,13,1,0,false
/Users/sirojiddinkomolov/Documents/innopolis/research/arch_design_pattern_detection/exps/3rd_revision/coach_repos_r/ZephyrLogger-master/app/src/main/java/org/mcxa/zephyrlogger/MainActivity.java,org.mcxa.zephyrlogger.MainActivity$MessageHandler,MessageHandler/1[org.mcxa.zephyrlogger.MainActivity],true,433,1,0,0,0,1,0,3,0,0,1,0,0,0,0,0,0,0,0,0,1,0,0,0,0,0,6,0,0,false
/Users/sirojiddinkomolov/Documents/innopolis/research/arch_design_pattern_detection/exps/3rd_revision/coach_repos_r/ZephyrLogger-master/app/src/main/java/org/mcxa/zephyrlogger/HxmService.java,org.mcxa.zephyrlogger.HxmService,stop/0,false,192,3,5,2,3,3,4,13,0,0,0,4,1,1,0,2,0,0,2,0,2,0,1,0,0,0,11,33,0,false
/Users/sirojiddinkomolov/Documents/innopolis/research/arch_design_pattern_detection/exps/3rd_revision/coach_repos_r/ZephyrLogger-master/app/src/main/java/org/mcxa/zephyrlogger/HxmService.java,org.mcxa.zephyrlogger.HxmService,"HxmService/2[org.mcxa.zephyrlogger.Context,org.mcxa.zephyrlogger.Handler]",true,78,2,1,1,0,1,1,5,0,0,2,1,0,0,0,0,0,0,0,0,3,0,0,0,0,0,8,1,0,false
/Users/sirojiddinkomolov/Documents/innopolis/research/arch_design_pattern_detection/exps/3rd_revision/coach_repos_r/ZephyrLogger-master/app/src/main/java/org/mcxa/zephyrlogger/HxmService.java,org.mcxa.zephyrlogger.HxmService,getState/0,false,100,0,2,2,0,1,0,3,1,0,0,0,0,0,0,0,0,0,0,0,0,0,0,0,0,0,3,33,0,false
/Users/sirojiddinkomolov/Documents/innopolis/research/arch_design_pattern_detection/exps/3rd_revision/coach_repos_r/ZephyrLogger-master/app/src/main/java/org/mcxa/zephyrlogger/HxmService.java,org.mcxa.zephyrlogger.HxmService,"connected/2[org.mcxa.zephyrlogger.BluetoothSocket,org.mcxa.zephyrlogger.BluetoothDevice]",false,156,7,5,1,4,3,10,20,0,2,2,10,1,1,0,2,0,0,2,0,5,0,1,0,0,0,17,33,0,false
/Users/sirojiddinkomolov/Documents/innopolis/research/arch_design_pattern_detection/exps/3rd_revision/coach_repos_r/ZephyrLogger-master/app/src/main/java/org/mcxa/zephyrlogger/HxmService.java,org.mcxa.zephyrlogger.HxmService,start/0,false,109,3,5,2,3,3,4,12,0,0,0,4,1,1,0,2,0,0,1,0,2,0,1,0,0,0,8,33,0,false
/Users/sirojiddinkomolov/Documents/innopolis/research/arch_design_pattern_detection/exps/3rd_revision/coach_repos_r/ZephyrLogger-master/app/src/main/java/org/mcxa/zephyrlogger/HxmService.java,org.mcxa.zephyrlogger.HxmService,connect/1[org.mcxa.zephyrlogger.BluetoothDevice],false,129,4,5,1,4,4,5,16,0,0,1,5,1,1,0,3,0,0,1,0,3,1,2,0,0,0,21,33,0,true
/Users/sirojiddinkomolov/Documents/innopolis/research/arch_design_pattern_detection/exps/3rd_revision/coach_repos_r/ZephyrLogger-master/app/src/main/java/org/mcxa/zephyrlogger/HxmService.java,org.mcxa.zephyrlogger.HxmService,connectionFailed/0,false,235,3,2,1,1,1,6,10,0,2,0,6,1,1,0,0,0,0,3,0,2,0,0,0,0,0,20,2,0,true
/Users/sirojiddinkomolov/Documents/innopolis/research/arch_design_pattern_detection/exps/3rd_revision/coach_repos_r/ZephyrLogger-master/app/src/main/java/org/mcxa/zephyrlogger/HxmService.java,org.mcxa.zephyrlogger.HxmService,reset/0,false,214,3,3,0,3,3,4,13,0,0,0,4,1,1,0,2,0,0,3,0,2,0,1,0,0,0,8,34,0,false
/Users/sirojiddinkomolov/Documents/innopolis/research/arch_design_pattern_detection/exps/3rd_revision/coach_repos_r/ZephyrLogger-master/app/src/main/java/org/mcxa/zephyrlogger/HxmService.java,org.mcxa.zephyrlogger.HxmService,connectionLost/0,false,257,3,2,1,1,1,5,8,0,2,0,5,1,1,0,0,0,0,1,0,2,0,0,0,0,0,10,2,0,false
/Users/sirojiddinkomolov/Documents/innopolis/research/arch_design_pattern_detection/exps/3rd_revision/coach_repos_r/ZephyrLogger-master/app/src/main/java/org/mcxa/zephyrlogger/HxmService.java,org.mcxa.zephyrlogger.HxmService,setState/1[int],false,88,0,7,7,0,1,3,5,0,0,1,3,0,0,0,0,0,0,2,1,1,1,0,0,0,0,4,34,0,false
/Users/sirojiddinkomolov/Documents/innopolis/research/arch_design_pattern_detection/exps/3rd_revision/coach_repos_r/ZephyrLogger-master/app/src/main/java/org/mcxa/zephyrlogger/hxm/HrmReading.java,org.mcxa.zephyrlogger.hxm.HrmReading,HrmReading/1[byte[]],true,112,2,2,1,1,3,3,47,0,1,1,3,1,1,0,1,1,81,5,79,36,26,1,0,0,0,74,1,0,false
/Users/sirojiddinkomolov/Documents/innopolis/research/arch_design_pattern_detection/exps/3rd_revision/coach_repos_r/ZephyrLogger-master/app/src/main/java/org/mcxa/zephyrlogger/hxm/HrmReading.java,org.mcxa.zephyrlogger.hxm.HrmReading,toString/0,false,224,0,1,1,0,3,3,9,1,3,0,3,0,0,1,1,0,0,1,2,3,1,2,0,0,0,6,1,0,false
/Users/sirojiddinkomolov/Documents/innopolis/research/arch_design_pattern_detection/exps/3rd_revision/coach_repos_r/ZephyrLogger-master/app/src/main/java/org/mcxa/zephyrlogger/hxm/HrmReading.java,org.mcxa.zephyrlogger.hxm.HrmReading,dump/0,false,183,0,1,1,0,1,1,39,0,0,0,1,0,0,0,0,0,36,37,0,0,36,0,0,0,0,43,1,0,false
/Users/sirojiddinkomolov/Documents/innopolis/research/arch_design_pattern_detection/exps/3rd_revision/coach_repos_r/ZephyrLogger-master/app/src/main/java/org/mcxa/zephyrlogger/HxmService.java,org.mcxa.zephyrlogger.HxmService$ConnectThread,run/0,false,361,1,3,0,3,3,9,23,1,0,0,9,0,0,0,0,2,0,3,0,1,0,2,0,0,0,20,1,0,false
/Users/sirojiddinkomolov/Documents/innopolis/research/arch_design_pattern_detection/exps/3rd_revision/coach_repos_r/ZephyrLogger-master/app/src/main/java/org/mcxa/zephyrlogger/HxmService.java,org.mcxa.zephyrlogger.HxmService$ConnectThread,cancel/0,false,395,0,5,5,0,2,2,8,0,0,0,2,0,0,0,0,1,0,1,0,0,0,1,0,0,0,9,1,0,false
/Users/sirojiddinkomolov/Documents/innopolis/research/arch_design_pattern_detection/exps/3rd_revision/coach_repos_r/ZephyrLogger-master/app/src/main/java/org/mcxa/zephyrlogger/HxmService.java,org.mcxa.zephyrlogger.HxmService$ConnectThread,ConnectThread/1[org.mcxa.zephyrlogger.BluetoothDevice],true,281,2,1,1,0,6,5,29,0,2,1,5,0,0,0,0,1,0,6,1,5,0,1,0,0,0,21,1,0,false
/Users/sirojiddinkomolov/Documents/innopolis/research/arch_design_pattern_detection/exps/3rd_revision/coach_repos_r/ZephyrLogger-master/app/src/main/java/org/mcxa/zephyrlogger/AboutActivity.java,org.mcxa.zephyrlogger.AboutActivity,onOptionsItemSelected/1[org.mcxa.zephyrlogger.MenuItem],false,30,1,0,0,0,2,3,6,1,0,1,3,0,0,0,1,0,0,0,0,0,0,1,0,0,0,7,1,0,false
/Users/sirojiddinkomolov/Documents/innopolis/research/arch_design_pattern_detection/exps/3rd_revision/coach_repos_r/ZephyrLogger-master/app/src/main/java/org/mcxa/zephyrlogger/AboutActivity.java,org.mcxa.zephyrlogger.AboutActivity,onCreate/1[org.mcxa.zephyrlogger.Bundle],false,16,1,0,0,0,2,7,10,0,0,1,7,0,0,0,1,0,0,0,0,0,0,1,0,0,0,16,4,0,false
/Users/sirojiddinkomolov/Documents/innopolis/research/arch_design_pattern_detection/exps/3rd_revision/coach_repos_r/ZephyrLogger-master/app/src/main/java/org/mcxa/zephyrlogger/MainActivity.java,org.mcxa.zephyrlogger.MainActivity$Anonymous1,onClick/1[org.mcxa.zephyrlogger.View],false,357,1,0,0,0,1,1,3,0,0,1,1,0,0,0,0,0,0,0,0,0,0,0,0,0,0,4,1,0,false
/Users/sirojiddinkomolov/Documents/innopolis/research/arch_design_pattern_detection/exps/3rd_revision/coach_repos_r/ZephyrLogger-master/app/src/main/java/org/mcxa/zephyrlogger/HxmService.java,org.mcxa.zephyrlogger.HxmService$ConnectedThread,cancel/0,false,507,0,5,5,0,2,2,8,0,0,0,2,0,0,0,0,1,0,1,0,0,0,1,0,0,0,9,1,0,false
/Users/sirojiddinkomolov/Documents/innopolis/research/arch_design_pattern_detection/exps/3rd_revision/coach_repos_r/ZephyrLogger-master/app/src/main/java/org/mcxa/zephyrlogger/HxmService.java,org.mcxa.zephyrlogger.HxmService$ConnectedThread,run/0,false,444,2,1,0,1,8,7,33,0,4,0,7,0,0,3,4,1,7,5,6,17,1,3,0,0,0,24,1,0,false
/Users/sirojiddinkomolov/Documents/innopolis/research/arch_design_pattern_detection/exps/3rd_revision/coach_repos_r/ZephyrLogger-master/app/src/main/java/org/mcxa/zephyrlogger/HxmService.java,org.mcxa.zephyrlogger.HxmService$ConnectedThread,ConnectedThread/1[org.mcxa.zephyrlogger.BluetoothSocket],true,412,1,1,1,0,2,3,13,0,1,1,3,0,0,0,0,1,0,3,0,4,0,1,0,0,0,18,1,0,false
