file,class,method,variable,usage
/Users/sirojiddinkomolov/Documents/innopolis/research/arch_design_pattern_detection/exps/3rd_revision/coach_repos_r/ZephyrLogger-master/app/src/main/java/org/mcxa/zephyrlogger/MainActivity.java,org.mcxa.zephyrlogger.MainActivity,exportData/1[org.mcxa.zephyrlogger.hxm.HrmReading],dirExists,3
/Users/sirojiddinkomolov/Documents/innopolis/research/arch_design_pattern_detection/exps/3rd_revision/coach_repos_r/ZephyrLogger-master/app/src/main/java/org/mcxa/zephyrlogger/MainActivity.java,org.mcxa.zephyrlogger.MainActivity,exportData/1[org.mcxa.zephyrlogger.hxm.HrmReading],file,5
/Users/sirojiddinkomolov/Documents/innopolis/research/arch_design_pattern_detection/exps/3rd_revision/coach_repos_r/ZephyrLogger-master/app/src/main/java/org/mcxa/zephyrlogger/MainActivity.java,org.mcxa.zephyrlogger.MainActivity,exportData/1[org.mcxa.zephyrlogger.hxm.HrmReading],e,8
/Users/sirojiddinkomolov/Documents/innopolis/research/arch_design_pattern_detection/exps/3rd_revision/coach_repos_r/ZephyrLogger-master/app/src/main/java/org/mcxa/zephyrlogger/MainActivity.java,org.mcxa.zephyrlogger.MainActivity,exportData/1[org.mcxa.zephyrlogger.hxm.HrmReading],created,1
/Users/sirojiddinkomolov/Documents/innopolis/research/arch_design_pattern_detection/exps/3rd_revision/coach_repos_r/ZephyrLogger-master/app/src/main/java/org/mcxa/zephyrlogger/MainActivity.java,org.mcxa.zephyrlogger.MainActivity,exportData/1[org.mcxa.zephyrlogger.hxm.HrmReading],zephyrlogFolder,3
/Users/sirojiddinkomolov/Documents/innopolis/research/arch_design_pattern_detection/exps/3rd_revision/coach_repos_r/ZephyrLogger-master/app/src/main/java/org/mcxa/zephyrlogger/MainActivity.java,org.mcxa.zephyrlogger.MainActivity,exportData/1[org.mcxa.zephyrlogger.hxm.HrmReading],writer,5
/Users/sirojiddinkomolov/Documents/innopolis/research/arch_design_pattern_detection/exps/3rd_revision/coach_repos_r/ZephyrLogger-master/app/src/main/java/org/mcxa/zephyrlogger/MainActivity.java,org.mcxa.zephyrlogger.MainActivity,exportData/1[org.mcxa.zephyrlogger.hxm.HrmReading],m,1
/Users/sirojiddinkomolov/Documents/innopolis/research/arch_design_pattern_detection/exps/3rd_revision/coach_repos_r/ZephyrLogger-master/app/src/main/java/org/mcxa/zephyrlogger/MainActivity.java,org.mcxa.zephyrlogger.MainActivity,connectToHxm/0,device,1
/Users/sirojiddinkomolov/Documents/innopolis/research/arch_design_pattern_detection/exps/3rd_revision/coach_repos_r/ZephyrLogger-master/app/src/main/java/org/mcxa/zephyrlogger/MainActivity.java,org.mcxa.zephyrlogger.MainActivity,getFirstConnectedHxm/0,bondedDevices,2
/Users/sirojiddinkomolov/Documents/innopolis/research/arch_design_pattern_detection/exps/3rd_revision/coach_repos_r/ZephyrLogger-master/app/src/main/java/org/mcxa/zephyrlogger/MainActivity.java,org.mcxa.zephyrlogger.MainActivity,getFirstConnectedHxm/0,mBtAdapter,1
/Users/sirojiddinkomolov/Documents/innopolis/research/arch_design_pattern_detection/exps/3rd_revision/coach_repos_r/ZephyrLogger-master/app/src/main/java/org/mcxa/zephyrlogger/MainActivity.java,org.mcxa.zephyrlogger.MainActivity,getFirstConnectedHxm/0,device,3
/Users/sirojiddinkomolov/Documents/innopolis/research/arch_design_pattern_detection/exps/3rd_revision/coach_repos_r/ZephyrLogger-master/app/src/main/java/org/mcxa/zephyrlogger/MainActivity.java,org.mcxa.zephyrlogger.MainActivity,getFirstConnectedHxm/0,deviceName,1
/Users/sirojiddinkomolov/Documents/innopolis/research/arch_design_pattern_detection/exps/3rd_revision/coach_repos_r/ZephyrLogger-master/app/src/main/java/org/mcxa/zephyrlogger/MainActivity.java,org.mcxa.zephyrlogger.MainActivity,onCreate/1[org.mcxa.zephyrlogger.Bundle],savedInstanceState,1
/Users/sirojiddinkomolov/Documents/innopolis/research/arch_design_pattern_detection/exps/3rd_revision/coach_repos_r/ZephyrLogger-master/app/src/main/java/org/mcxa/zephyrlogger/MainActivity.java,org.mcxa.zephyrlogger.MainActivity,onCreate/1[org.mcxa.zephyrlogger.Bundle],snackbar,2
/Users/sirojiddinkomolov/Documents/innopolis/research/arch_design_pattern_detection/exps/3rd_revision/coach_repos_r/ZephyrLogger-master/app/src/main/java/org/mcxa/zephyrlogger/MainActivity.java,org.mcxa.zephyrlogger.MainActivity,calcSpeed/1[org.mcxa.zephyrlogger.hxm.HrmReading],h,1
/Users/sirojiddinkomolov/Documents/innopolis/research/arch_design_pattern_detection/exps/3rd_revision/coach_repos_r/ZephyrLogger-master/app/src/main/java/org/mcxa/zephyrlogger/MainActivity.java,org.mcxa.zephyrlogger.MainActivity,isExternalStorageWritable/0,state,1
/Users/sirojiddinkomolov/Documents/innopolis/research/arch_design_pattern_detection/exps/3rd_revision/coach_repos_r/ZephyrLogger-master/app/src/main/java/org/mcxa/zephyrlogger/MainActivity.java,org.mcxa.zephyrlogger.MainActivity,displayHrmReading/1[org.mcxa.zephyrlogger.hxm.HrmReading],h,4
/Users/sirojiddinkomolov/Documents/innopolis/research/arch_design_pattern_detection/exps/3rd_revision/coach_repos_r/ZephyrLogger-master/app/src/main/java/org/mcxa/zephyrlogger/MainActivity.java,org.mcxa.zephyrlogger.MainActivity,onOptionsItemSelected/1[org.mcxa.zephyrlogger.MenuItem],item,1
/Users/sirojiddinkomolov/Documents/innopolis/research/arch_design_pattern_detection/exps/3rd_revision/coach_repos_r/ZephyrLogger-master/app/src/main/java/org/mcxa/zephyrlogger/MainActivity.java,org.mcxa.zephyrlogger.MainActivity,onOptionsItemSelected/1[org.mcxa.zephyrlogger.MenuItem],i,1
/Users/sirojiddinkomolov/Documents/innopolis/research/arch_design_pattern_detection/exps/3rd_revision/coach_repos_r/ZephyrLogger-master/app/src/main/java/org/mcxa/zephyrlogger/MainActivity.java,org.mcxa.zephyrlogger.MainActivity,calcRRi/1[org.mcxa.zephyrlogger.hxm.HrmReading],tmp,55
/Users/sirojiddinkomolov/Documents/innopolis/research/arch_design_pattern_detection/exps/3rd_revision/coach_repos_r/ZephyrLogger-master/app/src/main/java/org/mcxa/zephyrlogger/MainActivity.java,org.mcxa.zephyrlogger.MainActivity,calcRRi/1[org.mcxa.zephyrlogger.hxm.HrmReading],h,28
/Users/sirojiddinkomolov/Documents/innopolis/research/arch_design_pattern_detection/exps/3rd_revision/coach_repos_r/ZephyrLogger-master/app/src/main/java/org/mcxa/zephyrlogger/MainActivity.java,org.mcxa.zephyrlogger.MainActivity,calcRRi/1[org.mcxa.zephyrlogger.hxm.HrmReading],interval,15
/Users/sirojiddinkomolov/Documents/innopolis/research/arch_design_pattern_detection/exps/3rd_revision/coach_repos_r/ZephyrLogger-master/app/src/main/java/org/mcxa/zephyrlogger/MainActivity.java,org.mcxa.zephyrlogger.MainActivity,onCreateOptionsMenu/1[org.mcxa.zephyrlogger.Menu],menu,2
/Users/sirojiddinkomolov/Documents/innopolis/research/arch_design_pattern_detection/exps/3rd_revision/coach_repos_r/ZephyrLogger-master/app/src/main/java/org/mcxa/zephyrlogger/MainActivity.java,org.mcxa.zephyrlogger.MainActivity,"onRequestPermissionsResult/3[int,java.lang.String[],int[]]",grantResults,3
/Users/sirojiddinkomolov/Documents/innopolis/research/arch_design_pattern_detection/exps/3rd_revision/coach_repos_r/ZephyrLogger-master/app/src/main/java/org/mcxa/zephyrlogger/MainActivity.java,org.mcxa.zephyrlogger.MainActivity,"onRequestPermissionsResult/3[int,java.lang.String[],int[]]",permissions,1
/Users/sirojiddinkomolov/Documents/innopolis/research/arch_design_pattern_detection/exps/3rd_revision/coach_repos_r/ZephyrLogger-master/app/src/main/java/org/mcxa/zephyrlogger/MainActivity.java,org.mcxa.zephyrlogger.MainActivity,"onRequestPermissionsResult/3[int,java.lang.String[],int[]]",requestCode,2
/Users/sirojiddinkomolov/Documents/innopolis/research/arch_design_pattern_detection/exps/3rd_revision/coach_repos_r/ZephyrLogger-master/app/src/main/java/org/mcxa/zephyrlogger/MainActivity.java,org.mcxa.zephyrlogger.MainActivity$MessageHandler,handleMessage/1[org.mcxa.zephyrlogger.Message],msg,5
/Users/sirojiddinkomolov/Documents/innopolis/research/arch_design_pattern_detection/exps/3rd_revision/coach_repos_r/ZephyrLogger-master/app/src/main/java/org/mcxa/zephyrlogger/MainActivity.java,org.mcxa.zephyrlogger.MainActivity$MessageHandler,handleMessage/1[org.mcxa.zephyrlogger.Message],hrm,2
/Users/sirojiddinkomolov/Documents/innopolis/research/arch_design_pattern_detection/exps/3rd_revision/coach_repos_r/ZephyrLogger-master/app/src/main/java/org/mcxa/zephyrlogger/MainActivity.java,org.mcxa.zephyrlogger.MainActivity$MessageHandler,handleMessage/1[org.mcxa.zephyrlogger.Message],activity,24
/Users/sirojiddinkomolov/Documents/innopolis/research/arch_design_pattern_detection/exps/3rd_revision/coach_repos_r/ZephyrLogger-master/app/src/main/java/org/mcxa/zephyrlogger/MainActivity.java,org.mcxa.zephyrlogger.MainActivity$MessageHandler,handleMessage/1[org.mcxa.zephyrlogger.Message],readBuf,1
/Users/sirojiddinkomolov/Documents/innopolis/research/arch_design_pattern_detection/exps/3rd_revision/coach_repos_r/ZephyrLogger-master/app/src/main/java/org/mcxa/zephyrlogger/MainActivity.java,org.mcxa.zephyrlogger.MainActivity$MessageHandler,handleMessage/1[org.mcxa.zephyrlogger.Message],message,2
/Users/sirojiddinkomolov/Documents/innopolis/research/arch_design_pattern_detection/exps/3rd_revision/coach_repos_r/ZephyrLogger-master/app/src/main/java/org/mcxa/zephyrlogger/MainActivity.java,org.mcxa.zephyrlogger.MainActivity$MessageHandler,MessageHandler/1[org.mcxa.zephyrlogger.MainActivity],activity,1
/Users/sirojiddinkomolov/Documents/innopolis/research/arch_design_pattern_detection/exps/3rd_revision/coach_repos_r/ZephyrLogger-master/app/src/main/java/org/mcxa/zephyrlogger/HxmService.java,org.mcxa.zephyrlogger.HxmService,"HxmService/2[org.mcxa.zephyrlogger.Context,org.mcxa.zephyrlogger.Handler]",handler,1
/Users/sirojiddinkomolov/Documents/innopolis/research/arch_design_pattern_detection/exps/3rd_revision/coach_repos_r/ZephyrLogger-master/app/src/main/java/org/mcxa/zephyrlogger/HxmService.java,org.mcxa.zephyrlogger.HxmService,"HxmService/2[org.mcxa.zephyrlogger.Context,org.mcxa.zephyrlogger.Handler]",context,0
/Users/sirojiddinkomolov/Documents/innopolis/research/arch_design_pattern_detection/exps/3rd_revision/coach_repos_r/ZephyrLogger-master/app/src/main/java/org/mcxa/zephyrlogger/HxmService.java,org.mcxa.zephyrlogger.HxmService,"connected/2[org.mcxa.zephyrlogger.BluetoothSocket,org.mcxa.zephyrlogger.BluetoothDevice]",msg,2
/Users/sirojiddinkomolov/Documents/innopolis/research/arch_design_pattern_detection/exps/3rd_revision/coach_repos_r/ZephyrLogger-master/app/src/main/java/org/mcxa/zephyrlogger/HxmService.java,org.mcxa.zephyrlogger.HxmService,"connected/2[org.mcxa.zephyrlogger.BluetoothSocket,org.mcxa.zephyrlogger.BluetoothDevice]",socket,1
/Users/sirojiddinkomolov/Documents/innopolis/research/arch_design_pattern_detection/exps/3rd_revision/coach_repos_r/ZephyrLogger-master/app/src/main/java/org/mcxa/zephyrlogger/HxmService.java,org.mcxa.zephyrlogger.HxmService,"connected/2[org.mcxa.zephyrlogger.BluetoothSocket,org.mcxa.zephyrlogger.BluetoothDevice]",device,1
/Users/sirojiddinkomolov/Documents/innopolis/research/arch_design_pattern_detection/exps/3rd_revision/coach_repos_r/ZephyrLogger-master/app/src/main/java/org/mcxa/zephyrlogger/HxmService.java,org.mcxa.zephyrlogger.HxmService,"connected/2[org.mcxa.zephyrlogger.BluetoothSocket,org.mcxa.zephyrlogger.BluetoothDevice]",bundle,2
/Users/sirojiddinkomolov/Documents/innopolis/research/arch_design_pattern_detection/exps/3rd_revision/coach_repos_r/ZephyrLogger-master/app/src/main/java/org/mcxa/zephyrlogger/HxmService.java,org.mcxa.zephyrlogger.HxmService,connect/1[org.mcxa.zephyrlogger.BluetoothDevice],device,2
/Users/sirojiddinkomolov/Documents/innopolis/research/arch_design_pattern_detection/exps/3rd_revision/coach_repos_r/ZephyrLogger-master/app/src/main/java/org/mcxa/zephyrlogger/HxmService.java,org.mcxa.zephyrlogger.HxmService,connectionFailed/0,msg,2
/Users/sirojiddinkomolov/Documents/innopolis/research/arch_design_pattern_detection/exps/3rd_revision/coach_repos_r/ZephyrLogger-master/app/src/main/java/org/mcxa/zephyrlogger/HxmService.java,org.mcxa.zephyrlogger.HxmService,connectionFailed/0,bundle,2
/Users/sirojiddinkomolov/Documents/innopolis/research/arch_design_pattern_detection/exps/3rd_revision/coach_repos_r/ZephyrLogger-master/app/src/main/java/org/mcxa/zephyrlogger/HxmService.java,org.mcxa.zephyrlogger.HxmService,connectionLost/0,msg,2
/Users/sirojiddinkomolov/Documents/innopolis/research/arch_design_pattern_detection/exps/3rd_revision/coach_repos_r/ZephyrLogger-master/app/src/main/java/org/mcxa/zephyrlogger/HxmService.java,org.mcxa.zephyrlogger.HxmService,connectionLost/0,bundle,2
/Users/sirojiddinkomolov/Documents/innopolis/research/arch_design_pattern_detection/exps/3rd_revision/coach_repos_r/ZephyrLogger-master/app/src/main/java/org/mcxa/zephyrlogger/HxmService.java,org.mcxa.zephyrlogger.HxmService,setState/1[int],state,3
/Users/sirojiddinkomolov/Documents/innopolis/research/arch_design_pattern_detection/exps/3rd_revision/coach_repos_r/ZephyrLogger-master/app/src/main/java/org/mcxa/zephyrlogger/hxm/HrmReading.java,org.mcxa.zephyrlogger.hxm.HrmReading,HrmReading/1[byte[]],e,1
/Users/sirojiddinkomolov/Documents/innopolis/research/arch_design_pattern_detection/exps/3rd_revision/coach_repos_r/ZephyrLogger-master/app/src/main/java/org/mcxa/zephyrlogger/hxm/HrmReading.java,org.mcxa.zephyrlogger.hxm.HrmReading,HrmReading/1[byte[]],buffer,60
/Users/sirojiddinkomolov/Documents/innopolis/research/arch_design_pattern_detection/exps/3rd_revision/coach_repos_r/ZephyrLogger-master/app/src/main/java/org/mcxa/zephyrlogger/hxm/HrmReading.java,org.mcxa.zephyrlogger.hxm.HrmReading,HrmReading/1[byte[]],bufferIndex,61
/Users/sirojiddinkomolov/Documents/innopolis/research/arch_design_pattern_detection/exps/3rd_revision/coach_repos_r/ZephyrLogger-master/app/src/main/java/org/mcxa/zephyrlogger/hxm/HrmReading.java,org.mcxa.zephyrlogger.hxm.HrmReading,toString/0,data,3
/Users/sirojiddinkomolov/Documents/innopolis/research/arch_design_pattern_detection/exps/3rd_revision/coach_repos_r/ZephyrLogger-master/app/src/main/java/org/mcxa/zephyrlogger/hxm/HrmReading.java,org.mcxa.zephyrlogger.hxm.HrmReading,toString/0,builder,3
/Users/sirojiddinkomolov/Documents/innopolis/research/arch_design_pattern_detection/exps/3rd_revision/coach_repos_r/ZephyrLogger-master/app/src/main/java/org/mcxa/zephyrlogger/hxm/HrmReading.java,org.mcxa.zephyrlogger.hxm.HrmReading,toString/0,i,4
/Users/sirojiddinkomolov/Documents/innopolis/research/arch_design_pattern_detection/exps/3rd_revision/coach_repos_r/ZephyrLogger-master/app/src/main/java/org/mcxa/zephyrlogger/HxmService.java,org.mcxa.zephyrlogger.HxmService$ConnectThread,run/0,e,1
/Users/sirojiddinkomolov/Documents/innopolis/research/arch_design_pattern_detection/exps/3rd_revision/coach_repos_r/ZephyrLogger-master/app/src/main/java/org/mcxa/zephyrlogger/HxmService.java,org.mcxa.zephyrlogger.HxmService$ConnectThread,run/0,e2,1
/Users/sirojiddinkomolov/Documents/innopolis/research/arch_design_pattern_detection/exps/3rd_revision/coach_repos_r/ZephyrLogger-master/app/src/main/java/org/mcxa/zephyrlogger/HxmService.java,org.mcxa.zephyrlogger.HxmService$ConnectThread,cancel/0,e,2
/Users/sirojiddinkomolov/Documents/innopolis/research/arch_design_pattern_detection/exps/3rd_revision/coach_repos_r/ZephyrLogger-master/app/src/main/java/org/mcxa/zephyrlogger/HxmService.java,org.mcxa.zephyrlogger.HxmService$ConnectThread,ConnectThread/1[org.mcxa.zephyrlogger.BluetoothDevice],e,14
/Users/sirojiddinkomolov/Documents/innopolis/research/arch_design_pattern_detection/exps/3rd_revision/coach_repos_r/ZephyrLogger-master/app/src/main/java/org/mcxa/zephyrlogger/HxmService.java,org.mcxa.zephyrlogger.HxmService$ConnectThread,ConnectThread/1[org.mcxa.zephyrlogger.BluetoothDevice],tmp,2
/Users/sirojiddinkomolov/Documents/innopolis/research/arch_design_pattern_detection/exps/3rd_revision/coach_repos_r/ZephyrLogger-master/app/src/main/java/org/mcxa/zephyrlogger/HxmService.java,org.mcxa.zephyrlogger.HxmService$ConnectThread,ConnectThread/1[org.mcxa.zephyrlogger.BluetoothDevice],device,3
/Users/sirojiddinkomolov/Documents/innopolis/research/arch_design_pattern_detection/exps/3rd_revision/coach_repos_r/ZephyrLogger-master/app/src/main/java/org/mcxa/zephyrlogger/HxmService.java,org.mcxa.zephyrlogger.HxmService$ConnectThread,ConnectThread/1[org.mcxa.zephyrlogger.BluetoothDevice],m,1
/Users/sirojiddinkomolov/Documents/innopolis/research/arch_design_pattern_detection/exps/3rd_revision/coach_repos_r/ZephyrLogger-master/app/src/main/java/org/mcxa/zephyrlogger/AboutActivity.java,org.mcxa.zephyrlogger.AboutActivity,onOptionsItemSelected/1[org.mcxa.zephyrlogger.MenuItem],item,2
/Users/sirojiddinkomolov/Documents/innopolis/research/arch_design_pattern_detection/exps/3rd_revision/coach_repos_r/ZephyrLogger-master/app/src/main/java/org/mcxa/zephyrlogger/AboutActivity.java,org.mcxa.zephyrlogger.AboutActivity,onCreate/1[org.mcxa.zephyrlogger.Bundle],savedInstanceState,1
/Users/sirojiddinkomolov/Documents/innopolis/research/arch_design_pattern_detection/exps/3rd_revision/coach_repos_r/ZephyrLogger-master/app/src/main/java/org/mcxa/zephyrlogger/MainActivity.java,org.mcxa.zephyrlogger.MainActivity$Anonymous1,onClick/1[org.mcxa.zephyrlogger.View],v,0
/Users/sirojiddinkomolov/Documents/innopolis/research/arch_design_pattern_detection/exps/3rd_revision/coach_repos_r/ZephyrLogger-master/app/src/main/java/org/mcxa/zephyrlogger/HxmService.java,org.mcxa.zephyrlogger.HxmService$ConnectedThread,cancel/0,e,2
/Users/sirojiddinkomolov/Documents/innopolis/research/arch_design_pattern_detection/exps/3rd_revision/coach_repos_r/ZephyrLogger-master/app/src/main/java/org/mcxa/zephyrlogger/HxmService.java,org.mcxa.zephyrlogger.HxmService$ConnectedThread,run/0,b,11
/Users/sirojiddinkomolov/Documents/innopolis/research/arch_design_pattern_detection/exps/3rd_revision/coach_repos_r/ZephyrLogger-master/app/src/main/java/org/mcxa/zephyrlogger/HxmService.java,org.mcxa.zephyrlogger.HxmService$ConnectedThread,run/0,e,2
/Users/sirojiddinkomolov/Documents/innopolis/research/arch_design_pattern_detection/exps/3rd_revision/coach_repos_r/ZephyrLogger-master/app/src/main/java/org/mcxa/zephyrlogger/HxmService.java,org.mcxa.zephyrlogger.HxmService$ConnectedThread,run/0,payloadBytesRemaining,2
/Users/sirojiddinkomolov/Documents/innopolis/research/arch_design_pattern_detection/exps/3rd_revision/coach_repos_r/ZephyrLogger-master/app/src/main/java/org/mcxa/zephyrlogger/HxmService.java,org.mcxa.zephyrlogger.HxmService$ConnectedThread,run/0,buffer,7
/Users/sirojiddinkomolov/Documents/innopolis/research/arch_design_pattern_detection/exps/3rd_revision/coach_repos_r/ZephyrLogger-master/app/src/main/java/org/mcxa/zephyrlogger/HxmService.java,org.mcxa.zephyrlogger.HxmService$ConnectedThread,run/0,bufferIndex,9
/Users/sirojiddinkomolov/Documents/innopolis/research/arch_design_pattern_detection/exps/3rd_revision/coach_repos_r/ZephyrLogger-master/app/src/main/java/org/mcxa/zephyrlogger/HxmService.java,org.mcxa.zephyrlogger.HxmService$ConnectedThread,ConnectedThread/1[org.mcxa.zephyrlogger.BluetoothSocket],e,2
/Users/sirojiddinkomolov/Documents/innopolis/research/arch_design_pattern_detection/exps/3rd_revision/coach_repos_r/ZephyrLogger-master/app/src/main/java/org/mcxa/zephyrlogger/HxmService.java,org.mcxa.zephyrlogger.HxmService$ConnectedThread,ConnectedThread/1[org.mcxa.zephyrlogger.BluetoothSocket],tmpIn,2
/Users/sirojiddinkomolov/Documents/innopolis/research/arch_design_pattern_detection/exps/3rd_revision/coach_repos_r/ZephyrLogger-master/app/src/main/java/org/mcxa/zephyrlogger/HxmService.java,org.mcxa.zephyrlogger.HxmService$ConnectedThread,ConnectedThread/1[org.mcxa.zephyrlogger.BluetoothSocket],socket,2
