file,class,method,variable,usage
/Users/sirojiddinkomolov/Documents/innopolis/research/arch_design_pattern_detection/exps/3rd_revision/coach_repos_r/CosyDVR-master/src/es/esy/CosyDVR/CosyDVR.java,es.esy.CosyDVR.CosyDVR,onWindowFocusChanged/1[boolean],mHeight,1
/Users/sirojiddinkomolov/Documents/innopolis/research/arch_design_pattern_detection/exps/3rd_revision/coach_repos_r/CosyDVR-master/src/es/esy/CosyDVR/CosyDVR.java,es.esy.CosyDVR.CosyDVR,onWindowFocusChanged/1[boolean],favButton,1
/Users/sirojiddinkomolov/Documents/innopolis/research/arch_design_pattern_detection/exps/3rd_revision/coach_repos_r/CosyDVR-master/src/es/esy/CosyDVR/CosyDVR.java,es.esy.CosyDVR.CosyDVR,onWindowFocusChanged/1[boolean],mWidth,1
/Users/sirojiddinkomolov/Documents/innopolis/research/arch_design_pattern_detection/exps/3rd_revision/coach_repos_r/CosyDVR-master/src/es/esy/CosyDVR/CosyDVR.java,es.esy.CosyDVR.CosyDVR,onWindowFocusChanged/1[boolean],mConnection,1
/Users/sirojiddinkomolov/Documents/innopolis/research/arch_design_pattern_detection/exps/3rd_revision/coach_repos_r/CosyDVR-master/src/es/esy/CosyDVR/CosyDVR.java,es.esy.CosyDVR.CosyDVR,onDestroy/0,mBound,2
/Users/sirojiddinkomolov/Documents/innopolis/research/arch_design_pattern_detection/exps/3rd_revision/coach_repos_r/CosyDVR-master/src/es/esy/CosyDVR/CosyDVR.java,es.esy.CosyDVR.CosyDVR,onDestroy/0,mConnection,1
/Users/sirojiddinkomolov/Documents/innopolis/research/arch_design_pattern_detection/exps/3rd_revision/coach_repos_r/CosyDVR-master/src/es/esy/CosyDVR/CosyDVR.java,es.esy.CosyDVR.CosyDVR,updateinterface/0,favButton,1
/Users/sirojiddinkomolov/Documents/innopolis/research/arch_design_pattern_detection/exps/3rd_revision/coach_repos_r/CosyDVR-master/src/es/esy/CosyDVR/CosyDVR.java,es.esy.CosyDVR.CosyDVR,updateinterface/0,recButton,2
/Users/sirojiddinkomolov/Documents/innopolis/research/arch_design_pattern_detection/exps/3rd_revision/coach_repos_r/CosyDVR-master/src/es/esy/CosyDVR/CosyDVR.java,es.esy.CosyDVR.CosyDVR,updateinterface/0,mService,2
/Users/sirojiddinkomolov/Documents/innopolis/research/arch_design_pattern_detection/exps/3rd_revision/coach_repos_r/CosyDVR-master/src/es/esy/CosyDVR/CosyDVR.java,es.esy.CosyDVR.CosyDVR,updateinterface/0,mBound,1
/Users/sirojiddinkomolov/Documents/innopolis/research/arch_design_pattern_detection/exps/3rd_revision/coach_repos_r/CosyDVR-master/src/es/esy/CosyDVR/CosyDVR.java,es.esy.CosyDVR.CosyDVR,onPause/0,mService,1
/Users/sirojiddinkomolov/Documents/innopolis/research/arch_design_pattern_detection/exps/3rd_revision/coach_repos_r/CosyDVR-master/src/es/esy/CosyDVR/CosyDVR.java,es.esy.CosyDVR.CosyDVR,onPause/0,receiver,1
/Users/sirojiddinkomolov/Documents/innopolis/research/arch_design_pattern_detection/exps/3rd_revision/coach_repos_r/CosyDVR-master/src/es/esy/CosyDVR/CosyDVR.java,es.esy.CosyDVR.CosyDVR,onPause/0,mBound,1
/Users/sirojiddinkomolov/Documents/innopolis/research/arch_design_pattern_detection/exps/3rd_revision/coach_repos_r/CosyDVR-master/src/es/esy/CosyDVR/CosyDVR.java,es.esy.CosyDVR.CosyDVR,onResume/0,mHeight,1
/Users/sirojiddinkomolov/Documents/innopolis/research/arch_design_pattern_detection/exps/3rd_revision/coach_repos_r/CosyDVR-master/src/es/esy/CosyDVR/CosyDVR.java,es.esy.CosyDVR.CosyDVR,onResume/0,filter,1
/Users/sirojiddinkomolov/Documents/innopolis/research/arch_design_pattern_detection/exps/3rd_revision/coach_repos_r/CosyDVR-master/src/es/esy/CosyDVR/CosyDVR.java,es.esy.CosyDVR.CosyDVR,onResume/0,mWidth,1
/Users/sirojiddinkomolov/Documents/innopolis/research/arch_design_pattern_detection/exps/3rd_revision/coach_repos_r/CosyDVR-master/src/es/esy/CosyDVR/CosyDVR.java,es.esy.CosyDVR.CosyDVR,onResume/0,mService,1
/Users/sirojiddinkomolov/Documents/innopolis/research/arch_design_pattern_detection/exps/3rd_revision/coach_repos_r/CosyDVR-master/src/es/esy/CosyDVR/CosyDVR.java,es.esy.CosyDVR.CosyDVR,onResume/0,receiver,1
/Users/sirojiddinkomolov/Documents/innopolis/research/arch_design_pattern_detection/exps/3rd_revision/coach_repos_r/CosyDVR-master/src/es/esy/CosyDVR/CosyDVR.java,es.esy.CosyDVR.CosyDVR,onResume/0,mBound,1
/Users/sirojiddinkomolov/Documents/innopolis/research/arch_design_pattern_detection/exps/3rd_revision/coach_repos_r/CosyDVR-master/src/es/esy/CosyDVR/CosyDVR.java,es.esy.CosyDVR.CosyDVR,onCreate/1[es.esy.CosyDVR.Bundle],nigButtonOnClickListener,1
/Users/sirojiddinkomolov/Documents/innopolis/research/arch_design_pattern_detection/exps/3rd_revision/coach_repos_r/CosyDVR-master/src/es/esy/CosyDVR/CosyDVR.java,es.esy.CosyDVR.CosyDVR,onCreate/1[es.esy.CosyDVR.Bundle],recButton,3
/Users/sirojiddinkomolov/Documents/innopolis/research/arch_design_pattern_detection/exps/3rd_revision/coach_repos_r/CosyDVR-master/src/es/esy/CosyDVR/CosyDVR.java,es.esy.CosyDVR.CosyDVR,onCreate/1[es.esy.CosyDVR.Bundle],flsButton,2
/Users/sirojiddinkomolov/Documents/innopolis/research/arch_design_pattern_detection/exps/3rd_revision/coach_repos_r/CosyDVR-master/src/es/esy/CosyDVR/CosyDVR.java,es.esy.CosyDVR.CosyDVR,onCreate/1[es.esy.CosyDVR.Bundle],exiButton,3
/Users/sirojiddinkomolov/Documents/innopolis/research/arch_design_pattern_detection/exps/3rd_revision/coach_repos_r/CosyDVR-master/src/es/esy/CosyDVR/CosyDVR.java,es.esy.CosyDVR.CosyDVR,onCreate/1[es.esy.CosyDVR.Bundle],favButtonOnClickListener,1
/Users/sirojiddinkomolov/Documents/innopolis/research/arch_design_pattern_detection/exps/3rd_revision/coach_repos_r/CosyDVR-master/src/es/esy/CosyDVR/CosyDVR.java,es.esy.CosyDVR.CosyDVR,onCreate/1[es.esy.CosyDVR.Bundle],exiButtonOnLongClickListener,1
/Users/sirojiddinkomolov/Documents/innopolis/research/arch_design_pattern_detection/exps/3rd_revision/coach_repos_r/CosyDVR-master/src/es/esy/CosyDVR/CosyDVR.java,es.esy.CosyDVR.CosyDVR,onCreate/1[es.esy.CosyDVR.Bundle],favButton,2
/Users/sirojiddinkomolov/Documents/innopolis/research/arch_design_pattern_detection/exps/3rd_revision/coach_repos_r/CosyDVR-master/src/es/esy/CosyDVR/CosyDVR.java,es.esy.CosyDVR.CosyDVR,onCreate/1[es.esy.CosyDVR.Bundle],exiButtonOnClickListener,1
/Users/sirojiddinkomolov/Documents/innopolis/research/arch_design_pattern_detection/exps/3rd_revision/coach_repos_r/CosyDVR-master/src/es/esy/CosyDVR/CosyDVR.java,es.esy.CosyDVR.CosyDVR,onCreate/1[es.esy.CosyDVR.Bundle],nigButton,3
/Users/sirojiddinkomolov/Documents/innopolis/research/arch_design_pattern_detection/exps/3rd_revision/coach_repos_r/CosyDVR-master/src/es/esy/CosyDVR/CosyDVR.java,es.esy.CosyDVR.CosyDVR,onCreate/1[es.esy.CosyDVR.Bundle],flsButtonOnClickListener,1
/Users/sirojiddinkomolov/Documents/innopolis/research/arch_design_pattern_detection/exps/3rd_revision/coach_repos_r/CosyDVR-master/src/es/esy/CosyDVR/CosyDVR.java,es.esy.CosyDVR.CosyDVR,onCreate/1[es.esy.CosyDVR.Bundle],recButtonOnClickListener,1
/Users/sirojiddinkomolov/Documents/innopolis/research/arch_design_pattern_detection/exps/3rd_revision/coach_repos_r/CosyDVR-master/src/es/esy/CosyDVR/CosyDVR.java,es.esy.CosyDVR.CosyDVR,onCreate/1[es.esy.CosyDVR.Bundle],nigButtonOnLongClickListener,1
/Users/sirojiddinkomolov/Documents/innopolis/research/arch_design_pattern_detection/exps/3rd_revision/coach_repos_r/CosyDVR-master/src/es/esy/CosyDVR/CosyDVR.java,es.esy.CosyDVR.CosyDVR,onCreate/1[es.esy.CosyDVR.Bundle],focButtonOnClickListener,1
/Users/sirojiddinkomolov/Documents/innopolis/research/arch_design_pattern_detection/exps/3rd_revision/coach_repos_r/CosyDVR-master/src/es/esy/CosyDVR/CosyDVR.java,es.esy.CosyDVR.CosyDVR,onCreate/1[es.esy.CosyDVR.Bundle],recButtonOnLongClickListener,1
/Users/sirojiddinkomolov/Documents/innopolis/research/arch_design_pattern_detection/exps/3rd_revision/coach_repos_r/CosyDVR-master/src/es/esy/CosyDVR/CosyDVR.java,es.esy.CosyDVR.CosyDVR,onCreate/1[es.esy.CosyDVR.Bundle],focButton,2
/Users/sirojiddinkomolov/Documents/innopolis/research/arch_design_pattern_detection/exps/3rd_revision/coach_repos_r/CosyDVR-master/src/es/esy/CosyDVR/CosyDVR.java,es.esy.CosyDVR.CosyDVR,onCreate/1[es.esy.CosyDVR.Bundle],mainView,2
/Users/sirojiddinkomolov/Documents/innopolis/research/arch_design_pattern_detection/exps/3rd_revision/coach_repos_r/CosyDVR-master/src/es/esy/CosyDVR/BackgroundVideoRecorder.java,es.esy.CosyDVR.BackgroundVideoRecorder,toggleNight/0,scenemode,3
/Users/sirojiddinkomolov/Documents/innopolis/research/arch_design_pattern_detection/exps/3rd_revision/coach_repos_r/CosyDVR-master/src/es/esy/CosyDVR/BackgroundVideoRecorder.java,es.esy.CosyDVR.BackgroundVideoRecorder,toggleNight/0,mSceneModes,1
/Users/sirojiddinkomolov/Documents/innopolis/research/arch_design_pattern_detection/exps/3rd_revision/coach_repos_r/CosyDVR-master/src/es/esy/CosyDVR/BackgroundVideoRecorder.java,es.esy.CosyDVR.BackgroundVideoRecorder,toggleNight/0,camera,2
/Users/sirojiddinkomolov/Documents/innopolis/research/arch_design_pattern_detection/exps/3rd_revision/coach_repos_r/CosyDVR-master/src/es/esy/CosyDVR/BackgroundVideoRecorder.java,es.esy.CosyDVR.BackgroundVideoRecorder,toggleTimeLapse/0,timelapsemode,2
/Users/sirojiddinkomolov/Documents/innopolis/research/arch_design_pattern_detection/exps/3rd_revision/coach_repos_r/CosyDVR-master/src/es/esy/CosyDVR/BackgroundVideoRecorder.java,es.esy.CosyDVR.BackgroundVideoRecorder,toggleTimeLapse/0,camera,1
/Users/sirojiddinkomolov/Documents/innopolis/research/arch_design_pattern_detection/exps/3rd_revision/coach_repos_r/CosyDVR-master/src/es/esy/CosyDVR/BackgroundVideoRecorder.java,es.esy.CosyDVR.BackgroundVideoRecorder,OpenUnlockPrepareStart/0,BASE_FOLDER,1
/Users/sirojiddinkomolov/Documents/innopolis/research/arch_design_pattern_detection/exps/3rd_revision/coach_repos_r/CosyDVR-master/src/es/esy/CosyDVR/BackgroundVideoRecorder.java,es.esy.CosyDVR.BackgroundVideoRecorder,OpenUnlockPrepareStart/0,VIDEO_FILE_EXT,1
/Users/sirojiddinkomolov/Documents/innopolis/research/arch_design_pattern_detection/exps/3rd_revision/coach_repos_r/CosyDVR-master/src/es/esy/CosyDVR/BackgroundVideoRecorder.java,es.esy.CosyDVR.BackgroundVideoRecorder,OpenUnlockPrepareStart/0,isrecording,3
/Users/sirojiddinkomolov/Documents/innopolis/research/arch_design_pattern_detection/exps/3rd_revision/coach_repos_r/CosyDVR-master/src/es/esy/CosyDVR/BackgroundVideoRecorder.java,es.esy.CosyDVR.BackgroundVideoRecorder,OpenUnlockPrepareStart/0,TIME_LAPSE_FACTOR,2
/Users/sirojiddinkomolov/Documents/innopolis/research/arch_design_pattern_detection/exps/3rd_revision/coach_repos_r/CosyDVR-master/src/es/esy/CosyDVR/BackgroundVideoRecorder.java,es.esy.CosyDVR.BackgroundVideoRecorder,OpenUnlockPrepareStart/0,currentfile,2
/Users/sirojiddinkomolov/Documents/innopolis/research/arch_design_pattern_detection/exps/3rd_revision/coach_repos_r/CosyDVR-master/src/es/esy/CosyDVR/BackgroundVideoRecorder.java,es.esy.CosyDVR.BackgroundVideoRecorder,OpenUnlockPrepareStart/0,mWakeLock,1
/Users/sirojiddinkomolov/Documents/innopolis/research/arch_design_pattern_detection/exps/3rd_revision/coach_repos_r/CosyDVR-master/src/es/esy/CosyDVR/BackgroundVideoRecorder.java,es.esy.CosyDVR.BackgroundVideoRecorder,OpenUnlockPrepareStart/0,MAX_VIDEO_DURATION,1
/Users/sirojiddinkomolov/Documents/innopolis/research/arch_design_pattern_detection/exps/3rd_revision/coach_repos_r/CosyDVR-master/src/es/esy/CosyDVR/BackgroundVideoRecorder.java,es.esy.CosyDVR.BackgroundVideoRecorder,OpenUnlockPrepareStart/0,ORIENTATION_HINT,1
/Users/sirojiddinkomolov/Documents/innopolis/research/arch_design_pattern_detection/exps/3rd_revision/coach_repos_r/CosyDVR-master/src/es/esy/CosyDVR/BackgroundVideoRecorder.java,es.esy.CosyDVR.BackgroundVideoRecorder,OpenUnlockPrepareStart/0,MAX_VIDEO_BIT_RATE,1
/Users/sirojiddinkomolov/Documents/innopolis/research/arch_design_pattern_detection/exps/3rd_revision/coach_repos_r/CosyDVR-master/src/es/esy/CosyDVR/BackgroundVideoRecorder.java,es.esy.CosyDVR.BackgroundVideoRecorder,OpenUnlockPrepareStart/0,TEMP_FOLDER,1
/Users/sirojiddinkomolov/Documents/innopolis/research/arch_design_pattern_detection/exps/3rd_revision/coach_repos_r/CosyDVR-master/src/es/esy/CosyDVR/BackgroundVideoRecorder.java,es.esy.CosyDVR.BackgroundVideoRecorder,OpenUnlockPrepareStart/0,SD_CARD_PATH,1
/Users/sirojiddinkomolov/Documents/innopolis/research/arch_design_pattern_detection/exps/3rd_revision/coach_repos_r/CosyDVR-master/src/es/esy/CosyDVR/BackgroundVideoRecorder.java,es.esy.CosyDVR.BackgroundVideoRecorder,OpenUnlockPrepareStart/0,mSurfaceHolder,1
/Users/sirojiddinkomolov/Documents/innopolis/research/arch_design_pattern_detection/exps/3rd_revision/coach_repos_r/CosyDVR-master/src/es/esy/CosyDVR/BackgroundVideoRecorder.java,es.esy.CosyDVR.BackgroundVideoRecorder,OpenUnlockPrepareStart/0,mediaRecorder,19
/Users/sirojiddinkomolov/Documents/innopolis/research/arch_design_pattern_detection/exps/3rd_revision/coach_repos_r/CosyDVR-master/src/es/esy/CosyDVR/BackgroundVideoRecorder.java,es.esy.CosyDVR.BackgroundVideoRecorder,OpenUnlockPrepareStart/0,VIDEO_WIDTH,1
/Users/sirojiddinkomolov/Documents/innopolis/research/arch_design_pattern_detection/exps/3rd_revision/coach_repos_r/CosyDVR-master/src/es/esy/CosyDVR/BackgroundVideoRecorder.java,es.esy.CosyDVR.BackgroundVideoRecorder,OpenUnlockPrepareStart/0,VIDEO_HEIGHT,1
/Users/sirojiddinkomolov/Documents/innopolis/research/arch_design_pattern_detection/exps/3rd_revision/coach_repos_r/CosyDVR-master/src/es/esy/CosyDVR/BackgroundVideoRecorder.java,es.esy.CosyDVR.BackgroundVideoRecorder,OpenUnlockPrepareStart/0,camera,4
/Users/sirojiddinkomolov/Documents/innopolis/research/arch_design_pattern_detection/exps/3rd_revision/coach_repos_r/CosyDVR-master/src/es/esy/CosyDVR/BackgroundVideoRecorder.java,es.esy.CosyDVR.BackgroundVideoRecorder,OpenUnlockPrepareStart/0,ORIENTATION_ANGLE,1
/Users/sirojiddinkomolov/Documents/innopolis/research/arch_design_pattern_detection/exps/3rd_revision/coach_repos_r/CosyDVR-master/src/es/esy/CosyDVR/BackgroundVideoRecorder.java,es.esy.CosyDVR.BackgroundVideoRecorder,OpenUnlockPrepareStart/0,VIDEO_FRAME_RATE,2
/Users/sirojiddinkomolov/Documents/innopolis/research/arch_design_pattern_detection/exps/3rd_revision/coach_repos_r/CosyDVR-master/src/es/esy/CosyDVR/BackgroundVideoRecorder.java,es.esy.CosyDVR.BackgroundVideoRecorder,StopRecording/0,mSrtWriter,2
/Users/sirojiddinkomolov/Documents/innopolis/research/arch_design_pattern_detection/exps/3rd_revision/coach_repos_r/CosyDVR-master/src/es/esy/CosyDVR/BackgroundVideoRecorder.java,es.esy.CosyDVR.BackgroundVideoRecorder,StopRecording/0,BASE_FOLDER,6
/Users/sirojiddinkomolov/Documents/innopolis/research/arch_design_pattern_detection/exps/3rd_revision/coach_repos_r/CosyDVR-master/src/es/esy/CosyDVR/BackgroundVideoRecorder.java,es.esy.CosyDVR.BackgroundVideoRecorder,StopRecording/0,VIDEO_FILE_EXT,2
/Users/sirojiddinkomolov/Documents/innopolis/research/arch_design_pattern_detection/exps/3rd_revision/coach_repos_r/CosyDVR-master/src/es/esy/CosyDVR/BackgroundVideoRecorder.java,es.esy.CosyDVR.BackgroundVideoRecorder,StopRecording/0,isrecording,2
/Users/sirojiddinkomolov/Documents/innopolis/research/arch_design_pattern_detection/exps/3rd_revision/coach_repos_r/CosyDVR-master/src/es/esy/CosyDVR/BackgroundVideoRecorder.java,es.esy.CosyDVR.BackgroundVideoRecorder,StopRecording/0,FAV_FOLDER,3
/Users/sirojiddinkomolov/Documents/innopolis/research/arch_design_pattern_detection/exps/3rd_revision/coach_repos_r/CosyDVR-master/src/es/esy/CosyDVR/BackgroundVideoRecorder.java,es.esy.CosyDVR.BackgroundVideoRecorder,StopRecording/0,mTimer,3
/Users/sirojiddinkomolov/Documents/innopolis/research/arch_design_pattern_detection/exps/3rd_revision/coach_repos_r/CosyDVR-master/src/es/esy/CosyDVR/BackgroundVideoRecorder.java,es.esy.CosyDVR.BackgroundVideoRecorder,StopRecording/0,mGpxWriter,3
/Users/sirojiddinkomolov/Documents/innopolis/research/arch_design_pattern_detection/exps/3rd_revision/coach_repos_r/CosyDVR-master/src/es/esy/CosyDVR/BackgroundVideoRecorder.java,es.esy.CosyDVR.BackgroundVideoRecorder,StopRecording/0,currentfile,7
/Users/sirojiddinkomolov/Documents/innopolis/research/arch_design_pattern_detection/exps/3rd_revision/coach_repos_r/CosyDVR-master/src/es/esy/CosyDVR/BackgroundVideoRecorder.java,es.esy.CosyDVR.BackgroundVideoRecorder,StopRecording/0,GPX_FILE_EXT,2
/Users/sirojiddinkomolov/Documents/innopolis/research/arch_design_pattern_detection/exps/3rd_revision/coach_repos_r/CosyDVR-master/src/es/esy/CosyDVR/BackgroundVideoRecorder.java,es.esy.CosyDVR.BackgroundVideoRecorder,StopRecording/0,TEMP_FOLDER,3
/Users/sirojiddinkomolov/Documents/innopolis/research/arch_design_pattern_detection/exps/3rd_revision/coach_repos_r/CosyDVR-master/src/es/esy/CosyDVR/BackgroundVideoRecorder.java,es.esy.CosyDVR.BackgroundVideoRecorder,StopRecording/0,SD_CARD_PATH,6
/Users/sirojiddinkomolov/Documents/innopolis/research/arch_design_pattern_detection/exps/3rd_revision/coach_repos_r/CosyDVR-master/src/es/esy/CosyDVR/BackgroundVideoRecorder.java,es.esy.CosyDVR.BackgroundVideoRecorder,StopRecording/0,SRT_FILE_EXT,2
/Users/sirojiddinkomolov/Documents/innopolis/research/arch_design_pattern_detection/exps/3rd_revision/coach_repos_r/CosyDVR-master/src/es/esy/CosyDVR/BackgroundVideoRecorder.java,es.esy.CosyDVR.BackgroundVideoRecorder,StopRecording/0,isfavorite,3
/Users/sirojiddinkomolov/Documents/innopolis/research/arch_design_pattern_detection/exps/3rd_revision/coach_repos_r/CosyDVR-master/src/es/esy/CosyDVR/BackgroundVideoRecorder.java,es.esy.CosyDVR.BackgroundVideoRecorder,StopRecording/0,mTimerTask,2
/Users/sirojiddinkomolov/Documents/innopolis/research/arch_design_pattern_detection/exps/3rd_revision/coach_repos_r/CosyDVR-master/src/es/esy/CosyDVR/BackgroundVideoRecorder.java,es.esy.CosyDVR.BackgroundVideoRecorder,setZoom/1[float],zoomfactor,2
/Users/sirojiddinkomolov/Documents/innopolis/research/arch_design_pattern_detection/exps/3rd_revision/coach_repos_r/CosyDVR-master/src/es/esy/CosyDVR/BackgroundVideoRecorder.java,es.esy.CosyDVR.BackgroundVideoRecorder,setZoom/1[float],camera,3
/Users/sirojiddinkomolov/Documents/innopolis/research/arch_design_pattern_detection/exps/3rd_revision/coach_repos_r/CosyDVR-master/src/es/esy/CosyDVR/BackgroundVideoRecorder.java,es.esy.CosyDVR.BackgroundVideoRecorder,stopGps/0,mLocationManager,3
/Users/sirojiddinkomolov/Documents/innopolis/research/arch_design_pattern_detection/exps/3rd_revision/coach_repos_r/CosyDVR-master/src/es/esy/CosyDVR/BackgroundVideoRecorder.java,es.esy.CosyDVR.BackgroundVideoRecorder,freeSpace/0,BASE_FOLDER,1
/Users/sirojiddinkomolov/Documents/innopolis/research/arch_design_pattern_detection/exps/3rd_revision/coach_repos_r/CosyDVR-master/src/es/esy/CosyDVR/BackgroundVideoRecorder.java,es.esy.CosyDVR.BackgroundVideoRecorder,freeSpace/0,TEMP_FOLDER,1
/Users/sirojiddinkomolov/Documents/innopolis/research/arch_design_pattern_detection/exps/3rd_revision/coach_repos_r/CosyDVR-master/src/es/esy/CosyDVR/BackgroundVideoRecorder.java,es.esy.CosyDVR.BackgroundVideoRecorder,freeSpace/0,SD_CARD_PATH,1
/Users/sirojiddinkomolov/Documents/innopolis/research/arch_design_pattern_detection/exps/3rd_revision/coach_repos_r/CosyDVR-master/src/es/esy/CosyDVR/BackgroundVideoRecorder.java,es.esy.CosyDVR.BackgroundVideoRecorder,freeSpace/0,MIN_FREE_SPACE_KB,1
/Users/sirojiddinkomolov/Documents/innopolis/research/arch_design_pattern_detection/exps/3rd_revision/coach_repos_r/CosyDVR-master/src/es/esy/CosyDVR/BackgroundVideoRecorder.java,es.esy.CosyDVR.BackgroundVideoRecorder,freeSpace/0,MAX_TEMP_FOLDER_SIZE_KB,1
/Users/sirojiddinkomolov/Documents/innopolis/research/arch_design_pattern_detection/exps/3rd_revision/coach_repos_r/CosyDVR-master/src/es/esy/CosyDVR/BackgroundVideoRecorder.java,es.esy.CosyDVR.BackgroundVideoRecorder,onDestroy/0,surfaceView,1
/Users/sirojiddinkomolov/Documents/innopolis/research/arch_design_pattern_detection/exps/3rd_revision/coach_repos_r/CosyDVR-master/src/es/esy/CosyDVR/BackgroundVideoRecorder.java,es.esy.CosyDVR.BackgroundVideoRecorder,onDestroy/0,mBatteryView,1
/Users/sirojiddinkomolov/Documents/innopolis/research/arch_design_pattern_detection/exps/3rd_revision/coach_repos_r/CosyDVR-master/src/es/esy/CosyDVR/BackgroundVideoRecorder.java,es.esy.CosyDVR.BackgroundVideoRecorder,onDestroy/0,mTextView,1
/Users/sirojiddinkomolov/Documents/innopolis/research/arch_design_pattern_detection/exps/3rd_revision/coach_repos_r/CosyDVR-master/src/es/esy/CosyDVR/BackgroundVideoRecorder.java,es.esy.CosyDVR.BackgroundVideoRecorder,onDestroy/0,windowManager,4
/Users/sirojiddinkomolov/Documents/innopolis/research/arch_design_pattern_detection/exps/3rd_revision/coach_repos_r/CosyDVR-master/src/es/esy/CosyDVR/BackgroundVideoRecorder.java,es.esy.CosyDVR.BackgroundVideoRecorder,onDestroy/0,mSpeedView,1
/Users/sirojiddinkomolov/Documents/innopolis/research/arch_design_pattern_detection/exps/3rd_revision/coach_repos_r/CosyDVR-master/src/es/esy/CosyDVR/BackgroundVideoRecorder.java,es.esy.CosyDVR.BackgroundVideoRecorder,onCreate/0,surfaceView,3
/Users/sirojiddinkomolov/Documents/innopolis/research/arch_design_pattern_detection/exps/3rd_revision/coach_repos_r/CosyDVR-master/src/es/esy/CosyDVR/BackgroundVideoRecorder.java,es.esy.CosyDVR.BackgroundVideoRecorder,onCreate/0,mBatteryView,6
/Users/sirojiddinkomolov/Documents/innopolis/research/arch_design_pattern_detection/exps/3rd_revision/coach_repos_r/CosyDVR-master/src/es/esy/CosyDVR/BackgroundVideoRecorder.java,es.esy.CosyDVR.BackgroundVideoRecorder,onCreate/0,mTextView,5
/Users/sirojiddinkomolov/Documents/innopolis/research/arch_design_pattern_detection/exps/3rd_revision/coach_repos_r/CosyDVR-master/src/es/esy/CosyDVR/BackgroundVideoRecorder.java,es.esy.CosyDVR.BackgroundVideoRecorder,onCreate/0,AUTOSTART,1
/Users/sirojiddinkomolov/Documents/innopolis/research/arch_design_pattern_detection/exps/3rd_revision/coach_repos_r/CosyDVR-master/src/es/esy/CosyDVR/BackgroundVideoRecorder.java,es.esy.CosyDVR.BackgroundVideoRecorder,onCreate/0,mHandler,1
/Users/sirojiddinkomolov/Documents/innopolis/research/arch_design_pattern_detection/exps/3rd_revision/coach_repos_r/CosyDVR-master/src/es/esy/CosyDVR/BackgroundVideoRecorder.java,es.esy.CosyDVR.BackgroundVideoRecorder,onCreate/0,mWakeLock,1
/Users/sirojiddinkomolov/Documents/innopolis/research/arch_design_pattern_detection/exps/3rd_revision/coach_repos_r/CosyDVR-master/src/es/esy/CosyDVR/BackgroundVideoRecorder.java,es.esy.CosyDVR.BackgroundVideoRecorder,onCreate/0,windowManager,5
/Users/sirojiddinkomolov/Documents/innopolis/research/arch_design_pattern_detection/exps/3rd_revision/coach_repos_r/CosyDVR-master/src/es/esy/CosyDVR/BackgroundVideoRecorder.java,es.esy.CosyDVR.BackgroundVideoRecorder,onCreate/0,mSpeedView,6
/Users/sirojiddinkomolov/Documents/innopolis/research/arch_design_pattern_detection/exps/3rd_revision/coach_repos_r/CosyDVR-master/src/es/esy/CosyDVR/BackgroundVideoRecorder.java,es.esy.CosyDVR.BackgroundVideoRecorder,getFocusMode/0,focusmode,1
/Users/sirojiddinkomolov/Documents/innopolis/research/arch_design_pattern_detection/exps/3rd_revision/coach_repos_r/CosyDVR-master/src/es/esy/CosyDVR/BackgroundVideoRecorder.java,es.esy.CosyDVR.BackgroundVideoRecorder,ResetReleaseLock/0,isrecording,1
/Users/sirojiddinkomolov/Documents/innopolis/research/arch_design_pattern_detection/exps/3rd_revision/coach_repos_r/CosyDVR-master/src/es/esy/CosyDVR/BackgroundVideoRecorder.java,es.esy.CosyDVR.BackgroundVideoRecorder,ResetReleaseLock/0,mediaRecorder,3
/Users/sirojiddinkomolov/Documents/innopolis/research/arch_design_pattern_detection/exps/3rd_revision/coach_repos_r/CosyDVR-master/src/es/esy/CosyDVR/BackgroundVideoRecorder.java,es.esy.CosyDVR.BackgroundVideoRecorder,ResetReleaseLock/0,camera,2
/Users/sirojiddinkomolov/Documents/innopolis/research/arch_design_pattern_detection/exps/3rd_revision/coach_repos_r/CosyDVR-master/src/es/esy/CosyDVR/BackgroundVideoRecorder.java,es.esy.CosyDVR.BackgroundVideoRecorder,ResetReleaseLock/0,mWakeLock,1
/Users/sirojiddinkomolov/Documents/innopolis/research/arch_design_pattern_detection/exps/3rd_revision/coach_repos_r/CosyDVR-master/src/es/esy/CosyDVR/BackgroundVideoRecorder.java,es.esy.CosyDVR.BackgroundVideoRecorder,toggleFavorite/0,isfavorite,2
/Users/sirojiddinkomolov/Documents/innopolis/research/arch_design_pattern_detection/exps/3rd_revision/coach_repos_r/CosyDVR-master/src/es/esy/CosyDVR/BackgroundVideoRecorder.java,es.esy.CosyDVR.BackgroundVideoRecorder,startGps/0,USEGPS,1
/Users/sirojiddinkomolov/Documents/innopolis/research/arch_design_pattern_detection/exps/3rd_revision/coach_repos_r/CosyDVR-master/src/es/esy/CosyDVR/BackgroundVideoRecorder.java,es.esy.CosyDVR.BackgroundVideoRecorder,startGps/0,mLocationManager,4
/Users/sirojiddinkomolov/Documents/innopolis/research/arch_design_pattern_detection/exps/3rd_revision/coach_repos_r/CosyDVR-master/src/es/esy/CosyDVR/BackgroundVideoRecorder.java,es.esy.CosyDVR.BackgroundVideoRecorder,StartRecording/0,BASE_FOLDER,4
/Users/sirojiddinkomolov/Documents/innopolis/research/arch_design_pattern_detection/exps/3rd_revision/coach_repos_r/CosyDVR-master/src/es/esy/CosyDVR/BackgroundVideoRecorder.java,es.esy.CosyDVR.BackgroundVideoRecorder,StartRecording/0,TIME_LAPSE_FACTOR,2
/Users/sirojiddinkomolov/Documents/innopolis/research/arch_design_pattern_detection/exps/3rd_revision/coach_repos_r/CosyDVR-master/src/es/esy/CosyDVR/BackgroundVideoRecorder.java,es.esy.CosyDVR.BackgroundVideoRecorder,StartRecording/0,FAV_FOLDER,1
/Users/sirojiddinkomolov/Documents/innopolis/research/arch_design_pattern_detection/exps/3rd_revision/coach_repos_r/CosyDVR-master/src/es/esy/CosyDVR/BackgroundVideoRecorder.java,es.esy.CosyDVR.BackgroundVideoRecorder,StartRecording/0,mGpxWriter,2
/Users/sirojiddinkomolov/Documents/innopolis/research/arch_design_pattern_detection/exps/3rd_revision/coach_repos_r/CosyDVR-master/src/es/esy/CosyDVR/BackgroundVideoRecorder.java,es.esy.CosyDVR.BackgroundVideoRecorder,StartRecording/0,mTimer,2
/Users/sirojiddinkomolov/Documents/innopolis/research/arch_design_pattern_detection/exps/3rd_revision/coach_repos_r/CosyDVR-master/src/es/esy/CosyDVR/BackgroundVideoRecorder.java,es.esy.CosyDVR.BackgroundVideoRecorder,StartRecording/0,mGpxFile,3
/Users/sirojiddinkomolov/Documents/innopolis/research/arch_design_pattern_detection/exps/3rd_revision/coach_repos_r/CosyDVR-master/src/es/esy/CosyDVR/BackgroundVideoRecorder.java,es.esy.CosyDVR.BackgroundVideoRecorder,StartRecording/0,TEMP_FOLDER,3
/Users/sirojiddinkomolov/Documents/innopolis/research/arch_design_pattern_detection/exps/3rd_revision/coach_repos_r/CosyDVR-master/src/es/esy/CosyDVR/BackgroundVideoRecorder.java,es.esy.CosyDVR.BackgroundVideoRecorder,StartRecording/0,SD_CARD_PATH,7
/Users/sirojiddinkomolov/Documents/innopolis/research/arch_design_pattern_detection/exps/3rd_revision/coach_repos_r/CosyDVR-master/src/es/esy/CosyDVR/BackgroundVideoRecorder.java,es.esy.CosyDVR.BackgroundVideoRecorder,StartRecording/0,SRT_FILE_EXT,1
/Users/sirojiddinkomolov/Documents/innopolis/research/arch_design_pattern_detection/exps/3rd_revision/coach_repos_r/CosyDVR-master/src/es/esy/CosyDVR/BackgroundVideoRecorder.java,es.esy.CosyDVR.BackgroundVideoRecorder,StartRecording/0,mSrtCounter,1
/Users/sirojiddinkomolov/Documents/innopolis/research/arch_design_pattern_detection/exps/3rd_revision/coach_repos_r/CosyDVR-master/src/es/esy/CosyDVR/BackgroundVideoRecorder.java,es.esy.CosyDVR.BackgroundVideoRecorder,StartRecording/0,VIDEO_HEIGHT,1
/Users/sirojiddinkomolov/Documents/innopolis/research/arch_design_pattern_detection/exps/3rd_revision/coach_repos_r/CosyDVR-master/src/es/esy/CosyDVR/BackgroundVideoRecorder.java,es.esy.CosyDVR.BackgroundVideoRecorder,StartRecording/0,mTimerTask,2
/Users/sirojiddinkomolov/Documents/innopolis/research/arch_design_pattern_detection/exps/3rd_revision/coach_repos_r/CosyDVR-master/src/es/esy/CosyDVR/BackgroundVideoRecorder.java,es.esy.CosyDVR.BackgroundVideoRecorder,StartRecording/0,mSrtWriter,1
/Users/sirojiddinkomolov/Documents/innopolis/research/arch_design_pattern_detection/exps/3rd_revision/coach_repos_r/CosyDVR-master/src/es/esy/CosyDVR/BackgroundVideoRecorder.java,es.esy.CosyDVR.BackgroundVideoRecorder,StartRecording/0,MIN_FREE_SPACE_KB,1
/Users/sirojiddinkomolov/Documents/innopolis/research/arch_design_pattern_detection/exps/3rd_revision/coach_repos_r/CosyDVR-master/src/es/esy/CosyDVR/BackgroundVideoRecorder.java,es.esy.CosyDVR.BackgroundVideoRecorder,StartRecording/0,timelapsemode,1
/Users/sirojiddinkomolov/Documents/innopolis/research/arch_design_pattern_detection/exps/3rd_revision/coach_repos_r/CosyDVR-master/src/es/esy/CosyDVR/BackgroundVideoRecorder.java,es.esy.CosyDVR.BackgroundVideoRecorder,StartRecording/0,currentfile,2
/Users/sirojiddinkomolov/Documents/innopolis/research/arch_design_pattern_detection/exps/3rd_revision/coach_repos_r/CosyDVR-master/src/es/esy/CosyDVR/BackgroundVideoRecorder.java,es.esy.CosyDVR.BackgroundVideoRecorder,StartRecording/0,MAX_VIDEO_DURATION,1
/Users/sirojiddinkomolov/Documents/innopolis/research/arch_design_pattern_detection/exps/3rd_revision/coach_repos_r/CosyDVR-master/src/es/esy/CosyDVR/BackgroundVideoRecorder.java,es.esy.CosyDVR.BackgroundVideoRecorder,StartRecording/0,GPX_FILE_EXT,1
/Users/sirojiddinkomolov/Documents/innopolis/research/arch_design_pattern_detection/exps/3rd_revision/coach_repos_r/CosyDVR-master/src/es/esy/CosyDVR/BackgroundVideoRecorder.java,es.esy.CosyDVR.BackgroundVideoRecorder,StartRecording/0,MAX_TEMP_FOLDER_SIZE_KB,1
/Users/sirojiddinkomolov/Documents/innopolis/research/arch_design_pattern_detection/exps/3rd_revision/coach_repos_r/CosyDVR-master/src/es/esy/CosyDVR/BackgroundVideoRecorder.java,es.esy.CosyDVR.BackgroundVideoRecorder,StartRecording/0,ORIENTATION_HINT,1
/Users/sirojiddinkomolov/Documents/innopolis/research/arch_design_pattern_detection/exps/3rd_revision/coach_repos_r/CosyDVR-master/src/es/esy/CosyDVR/BackgroundVideoRecorder.java,es.esy.CosyDVR.BackgroundVideoRecorder,StartRecording/0,mSrtBegin,1
/Users/sirojiddinkomolov/Documents/innopolis/research/arch_design_pattern_detection/exps/3rd_revision/coach_repos_r/CosyDVR-master/src/es/esy/CosyDVR/BackgroundVideoRecorder.java,es.esy.CosyDVR.BackgroundVideoRecorder,StartRecording/0,MAX_VIDEO_BIT_RATE,1
/Users/sirojiddinkomolov/Documents/innopolis/research/arch_design_pattern_detection/exps/3rd_revision/coach_repos_r/CosyDVR-master/src/es/esy/CosyDVR/BackgroundVideoRecorder.java,es.esy.CosyDVR.BackgroundVideoRecorder,StartRecording/0,REFRESH_TIME,1
/Users/sirojiddinkomolov/Documents/innopolis/research/arch_design_pattern_detection/exps/3rd_revision/coach_repos_r/CosyDVR-master/src/es/esy/CosyDVR/BackgroundVideoRecorder.java,es.esy.CosyDVR.BackgroundVideoRecorder,StartRecording/0,mSrtFile,3
/Users/sirojiddinkomolov/Documents/innopolis/research/arch_design_pattern_detection/exps/3rd_revision/coach_repos_r/CosyDVR-master/src/es/esy/CosyDVR/BackgroundVideoRecorder.java,es.esy.CosyDVR.BackgroundVideoRecorder,StartRecording/0,VIDEO_WIDTH,1
/Users/sirojiddinkomolov/Documents/innopolis/research/arch_design_pattern_detection/exps/3rd_revision/coach_repos_r/CosyDVR-master/src/es/esy/CosyDVR/BackgroundVideoRecorder.java,es.esy.CosyDVR.BackgroundVideoRecorder,StartRecording/0,mNewFileBegin,2
/Users/sirojiddinkomolov/Documents/innopolis/research/arch_design_pattern_detection/exps/3rd_revision/coach_repos_r/CosyDVR-master/src/es/esy/CosyDVR/BackgroundVideoRecorder.java,es.esy.CosyDVR.BackgroundVideoRecorder,StartRecording/0,ORIENTATION_ANGLE,1
/Users/sirojiddinkomolov/Documents/innopolis/research/arch_design_pattern_detection/exps/3rd_revision/coach_repos_r/CosyDVR-master/src/es/esy/CosyDVR/BackgroundVideoRecorder.java,es.esy.CosyDVR.BackgroundVideoRecorder,StartRecording/0,USEGPS,1
/Users/sirojiddinkomolov/Documents/innopolis/research/arch_design_pattern_detection/exps/3rd_revision/coach_repos_r/CosyDVR-master/src/es/esy/CosyDVR/BackgroundVideoRecorder.java,es.esy.CosyDVR.BackgroundVideoRecorder,StartRecording/0,VIDEO_FRAME_RATE,1
/Users/sirojiddinkomolov/Documents/innopolis/research/arch_design_pattern_detection/exps/3rd_revision/coach_repos_r/CosyDVR-master/src/es/esy/CosyDVR/BackgroundVideoRecorder.java,es.esy.CosyDVR.BackgroundVideoRecorder,toggleFlash/0,mFlashModes,1
/Users/sirojiddinkomolov/Documents/innopolis/research/arch_design_pattern_detection/exps/3rd_revision/coach_repos_r/CosyDVR-master/src/es/esy/CosyDVR/BackgroundVideoRecorder.java,es.esy.CosyDVR.BackgroundVideoRecorder,toggleFlash/0,flashmode,3
/Users/sirojiddinkomolov/Documents/innopolis/research/arch_design_pattern_detection/exps/3rd_revision/coach_repos_r/CosyDVR-master/src/es/esy/CosyDVR/BackgroundVideoRecorder.java,es.esy.CosyDVR.BackgroundVideoRecorder,toggleFlash/0,camera,2
/Users/sirojiddinkomolov/Documents/innopolis/research/arch_design_pattern_detection/exps/3rd_revision/coach_repos_r/CosyDVR-master/src/es/esy/CosyDVR/BackgroundVideoRecorder.java,es.esy.CosyDVR.BackgroundVideoRecorder,autoFocus/0,focusmode,2
/Users/sirojiddinkomolov/Documents/innopolis/research/arch_design_pattern_detection/exps/3rd_revision/coach_repos_r/CosyDVR-master/src/es/esy/CosyDVR/BackgroundVideoRecorder.java,es.esy.CosyDVR.BackgroundVideoRecorder,autoFocus/0,mFocusModes,2
/Users/sirojiddinkomolov/Documents/innopolis/research/arch_design_pattern_detection/exps/3rd_revision/coach_repos_r/CosyDVR-master/src/es/esy/CosyDVR/BackgroundVideoRecorder.java,es.esy.CosyDVR.BackgroundVideoRecorder,autoFocus/0,camera,1
/Users/sirojiddinkomolov/Documents/innopolis/research/arch_design_pattern_detection/exps/3rd_revision/coach_repos_r/CosyDVR-master/src/es/esy/CosyDVR/BackgroundVideoRecorder.java,es.esy.CosyDVR.BackgroundVideoRecorder,isRecording/0,isrecording,1
/Users/sirojiddinkomolov/Documents/innopolis/research/arch_design_pattern_detection/exps/3rd_revision/coach_repos_r/CosyDVR-master/src/es/esy/CosyDVR/BackgroundVideoRecorder.java,es.esy.CosyDVR.BackgroundVideoRecorder,surfaceCreated/1[es.esy.CosyDVR.SurfaceHolder],mSurfaceHolder,1
/Users/sirojiddinkomolov/Documents/innopolis/research/arch_design_pattern_detection/exps/3rd_revision/coach_repos_r/CosyDVR-master/src/es/esy/CosyDVR/BackgroundVideoRecorder.java,es.esy.CosyDVR.BackgroundVideoRecorder,surfaceCreated/1[es.esy.CosyDVR.SurfaceHolder],AUTOSTART,1
/Users/sirojiddinkomolov/Documents/innopolis/research/arch_design_pattern_detection/exps/3rd_revision/coach_repos_r/CosyDVR-master/src/es/esy/CosyDVR/BackgroundVideoRecorder.java,es.esy.CosyDVR.BackgroundVideoRecorder,isFavorite/0,isfavorite,1
/Users/sirojiddinkomolov/Documents/innopolis/research/arch_design_pattern_detection/exps/3rd_revision/coach_repos_r/CosyDVR-master/src/es/esy/CosyDVR/BackgroundVideoRecorder.java,es.esy.CosyDVR.BackgroundVideoRecorder,applyCameraParameters/0,scenemode,2
/Users/sirojiddinkomolov/Documents/innopolis/research/arch_design_pattern_detection/exps/3rd_revision/coach_repos_r/CosyDVR-master/src/es/esy/CosyDVR/BackgroundVideoRecorder.java,es.esy.CosyDVR.BackgroundVideoRecorder,applyCameraParameters/0,mSceneModes,2
/Users/sirojiddinkomolov/Documents/innopolis/research/arch_design_pattern_detection/exps/3rd_revision/coach_repos_r/CosyDVR-master/src/es/esy/CosyDVR/BackgroundVideoRecorder.java,es.esy.CosyDVR.BackgroundVideoRecorder,applyCameraParameters/0,focusmode,2
/Users/sirojiddinkomolov/Documents/innopolis/research/arch_design_pattern_detection/exps/3rd_revision/coach_repos_r/CosyDVR-master/src/es/esy/CosyDVR/BackgroundVideoRecorder.java,es.esy.CosyDVR.BackgroundVideoRecorder,applyCameraParameters/0,mFlashModes,2
/Users/sirojiddinkomolov/Documents/innopolis/research/arch_design_pattern_detection/exps/3rd_revision/coach_repos_r/CosyDVR-master/src/es/esy/CosyDVR/BackgroundVideoRecorder.java,es.esy.CosyDVR.BackgroundVideoRecorder,applyCameraParameters/0,mFocusModes,2
/Users/sirojiddinkomolov/Documents/innopolis/research/arch_design_pattern_detection/exps/3rd_revision/coach_repos_r/CosyDVR-master/src/es/esy/CosyDVR/BackgroundVideoRecorder.java,es.esy.CosyDVR.BackgroundVideoRecorder,applyCameraParameters/0,flashmode,2
/Users/sirojiddinkomolov/Documents/innopolis/research/arch_design_pattern_detection/exps/3rd_revision/coach_repos_r/CosyDVR-master/src/es/esy/CosyDVR/BackgroundVideoRecorder.java,es.esy.CosyDVR.BackgroundVideoRecorder,applyCameraParameters/0,zoomfactor,1
/Users/sirojiddinkomolov/Documents/innopolis/research/arch_design_pattern_detection/exps/3rd_revision/coach_repos_r/CosyDVR-master/src/es/esy/CosyDVR/BackgroundVideoRecorder.java,es.esy.CosyDVR.BackgroundVideoRecorder,applyCameraParameters/0,camera,4
/Users/sirojiddinkomolov/Documents/innopolis/research/arch_design_pattern_detection/exps/3rd_revision/coach_repos_r/CosyDVR-master/src/es/esy/CosyDVR/BackgroundVideoRecorder.java,es.esy.CosyDVR.BackgroundVideoRecorder,Stop/0,isrecording,1
/Users/sirojiddinkomolov/Documents/innopolis/research/arch_design_pattern_detection/exps/3rd_revision/coach_repos_r/CosyDVR-master/src/es/esy/CosyDVR/BackgroundVideoRecorder.java,es.esy.CosyDVR.BackgroundVideoRecorder,Stop/0,mediaRecorder,2
/Users/sirojiddinkomolov/Documents/innopolis/research/arch_design_pattern_detection/exps/3rd_revision/coach_repos_r/CosyDVR-master/src/es/esy/CosyDVR/BackgroundVideoRecorder.java,es.esy.CosyDVR.BackgroundVideoRecorder,toggleFocus/0,focusmode,3
/Users/sirojiddinkomolov/Documents/innopolis/research/arch_design_pattern_detection/exps/3rd_revision/coach_repos_r/CosyDVR-master/src/es/esy/CosyDVR/BackgroundVideoRecorder.java,es.esy.CosyDVR.BackgroundVideoRecorder,toggleFocus/0,mFocusModes,1
/Users/sirojiddinkomolov/Documents/innopolis/research/arch_design_pattern_detection/exps/3rd_revision/coach_repos_r/CosyDVR-master/src/es/esy/CosyDVR/BackgroundVideoRecorder.java,es.esy.CosyDVR.BackgroundVideoRecorder,toggleFocus/0,camera,2
/Users/sirojiddinkomolov/Documents/innopolis/research/arch_design_pattern_detection/exps/3rd_revision/coach_repos_r/CosyDVR-master/src/es/esy/CosyDVR/BackgroundVideoRecorder.java,es.esy.CosyDVR.BackgroundVideoRecorder,onBind/1[es.esy.CosyDVR.Intent],mBinder,1
/Users/sirojiddinkomolov/Documents/innopolis/research/arch_design_pattern_detection/exps/3rd_revision/coach_repos_r/CosyDVR-master/src/es/esy/CosyDVR/BackgroundVideoRecorder.java,es.esy.CosyDVR.BackgroundVideoRecorder,"ChangeSurface/2[int,int]",surfaceView,1
/Users/sirojiddinkomolov/Documents/innopolis/research/arch_design_pattern_detection/exps/3rd_revision/coach_repos_r/CosyDVR-master/src/es/esy/CosyDVR/BackgroundVideoRecorder.java,es.esy.CosyDVR.BackgroundVideoRecorder,"ChangeSurface/2[int,int]",mBatteryView,2
/Users/sirojiddinkomolov/Documents/innopolis/research/arch_design_pattern_detection/exps/3rd_revision/coach_repos_r/CosyDVR-master/src/es/esy/CosyDVR/BackgroundVideoRecorder.java,es.esy.CosyDVR.BackgroundVideoRecorder,"ChangeSurface/2[int,int]",mTextView,2
/Users/sirojiddinkomolov/Documents/innopolis/research/arch_design_pattern_detection/exps/3rd_revision/coach_repos_r/CosyDVR-master/src/es/esy/CosyDVR/BackgroundVideoRecorder.java,es.esy.CosyDVR.BackgroundVideoRecorder,"ChangeSurface/2[int,int]",VIDEO_WIDTH,3
/Users/sirojiddinkomolov/Documents/innopolis/research/arch_design_pattern_detection/exps/3rd_revision/coach_repos_r/CosyDVR-master/src/es/esy/CosyDVR/BackgroundVideoRecorder.java,es.esy.CosyDVR.BackgroundVideoRecorder,"ChangeSurface/2[int,int]",VIDEO_HEIGHT,3
/Users/sirojiddinkomolov/Documents/innopolis/research/arch_design_pattern_detection/exps/3rd_revision/coach_repos_r/CosyDVR-master/src/es/esy/CosyDVR/BackgroundVideoRecorder.java,es.esy.CosyDVR.BackgroundVideoRecorder,"ChangeSurface/2[int,int]",windowManager,1
/Users/sirojiddinkomolov/Documents/innopolis/research/arch_design_pattern_detection/exps/3rd_revision/coach_repos_r/CosyDVR-master/src/es/esy/CosyDVR/BackgroundVideoRecorder.java,es.esy.CosyDVR.BackgroundVideoRecorder,"ChangeSurface/2[int,int]",mSpeedView,2
/Users/sirojiddinkomolov/Documents/innopolis/research/arch_design_pattern_detection/exps/3rd_revision/coach_repos_r/CosyDVR-master/src/es/esy/CosyDVR/StorageUtils.java,es.esy.CosyDVR.StorageUtils$StorageInfo,"StorageInfo/4[java.lang.String,boolean,boolean,int]",path,3
/Users/sirojiddinkomolov/Documents/innopolis/research/arch_design_pattern_detection/exps/3rd_revision/coach_repos_r/CosyDVR-master/src/es/esy/CosyDVR/StorageUtils.java,es.esy.CosyDVR.StorageUtils$StorageInfo,"StorageInfo/4[java.lang.String,boolean,boolean,int]",internal,3
/Users/sirojiddinkomolov/Documents/innopolis/research/arch_design_pattern_detection/exps/3rd_revision/coach_repos_r/CosyDVR-master/src/es/esy/CosyDVR/StorageUtils.java,es.esy.CosyDVR.StorageUtils$StorageInfo,"StorageInfo/4[java.lang.String,boolean,boolean,int]",readonly,3
/Users/sirojiddinkomolov/Documents/innopolis/research/arch_design_pattern_detection/exps/3rd_revision/coach_repos_r/CosyDVR-master/src/es/esy/CosyDVR/StorageUtils.java,es.esy.CosyDVR.StorageUtils$StorageInfo,"StorageInfo/4[java.lang.String,boolean,boolean,int]",display_number,3
/Users/sirojiddinkomolov/Documents/innopolis/research/arch_design_pattern_detection/exps/3rd_revision/coach_repos_r/CosyDVR-master/src/es/esy/CosyDVR/StorageUtils.java,es.esy.CosyDVR.StorageUtils$StorageInfo,getDisplayName/0,path,2
/Users/sirojiddinkomolov/Documents/innopolis/research/arch_design_pattern_detection/exps/3rd_revision/coach_repos_r/CosyDVR-master/src/es/esy/CosyDVR/StorageUtils.java,es.esy.CosyDVR.StorageUtils$StorageInfo,getDisplayName/0,internal,1
/Users/sirojiddinkomolov/Documents/innopolis/research/arch_design_pattern_detection/exps/3rd_revision/coach_repos_r/CosyDVR-master/src/es/esy/CosyDVR/StorageUtils.java,es.esy.CosyDVR.StorageUtils$StorageInfo,getDisplayName/0,readonly,1
/Users/sirojiddinkomolov/Documents/innopolis/research/arch_design_pattern_detection/exps/3rd_revision/coach_repos_r/CosyDVR-master/src/es/esy/CosyDVR/StorageUtils.java,es.esy.CosyDVR.StorageUtils$StorageInfo,getDisplayName/0,display_number,1
