file,class,method,constructor,line,cbo,cboModified,fanin,fanout,wmc,rfc,loc,returnsQty,variablesQty,parametersQty,methodsInvokedQty,methodsInvokedLocalQty,methodsInvokedIndirectLocalQty,loopQty,comparisonsQty,tryCatchQty,parenthesizedExpsQty,stringLiteralsQty,numbersQty,assignmentsQty,mathOperationsQty,maxNestedBlocksQty,anonymousClassesQty,innerClassesQty,lambdasQty,uniqueWordsQty,modifiers,logStatementsQty,hasJavaDoc
/Users/sirojiddinkomolov/Documents/innopolis/research/arch_design_pattern_detection/exps/3rd_revision/coach_repos_r/CosyDVR-master/src/es/esy/CosyDVR/CosyDVR.java,es.esy.CosyDVR.CosyDVR$ScaleListener,onScale/1[es.esy.CosyDVR.ScaleGestureDetector],false,52,2,1,0,1,2,4,8,1,0,1,4,0,0,0,0,0,0,0,2,2,0,1,0,0,0,9,1,0,false
/Users/sirojiddinkomolov/Documents/innopolis/research/arch_design_pattern_detection/exps/3rd_revision/coach_repos_r/CosyDVR-master/src/es/esy/CosyDVR/CosyDVRPreferenceActivity.java,es.esy.CosyDVR.CosyDVRPreferenceActivity$MyPreferenceFragment,onCreate/1[es.esy.CosyDVR.Bundle],false,31,6,3,0,3,3,17,22,0,8,1,17,1,1,2,0,0,0,1,1,10,0,1,0,0,0,32,1,0,false
/Users/sirojiddinkomolov/Documents/innopolis/research/arch_design_pattern_detection/exps/3rd_revision/coach_repos_r/CosyDVR-master/src/es/esy/CosyDVR/CosyDVRPreferenceActivity.java,es.esy.CosyDVR.CosyDVRPreferenceActivity$MyPreferenceFragment,"onSharedPreferenceChanged/2[es.esy.CosyDVR.SharedPreferences,java.lang.String]",false,55,4,1,1,0,3,3,7,0,2,2,3,0,0,0,0,0,0,1,0,2,0,1,0,0,0,13,1,0,false
/Users/sirojiddinkomolov/Documents/innopolis/research/arch_design_pattern_detection/exps/3rd_revision/coach_repos_r/CosyDVR-master/src/es/esy/CosyDVR/CosyDVR.java,es.esy.CosyDVR.CosyDVR$Anonymous8,onLongClick/1[es.esy.CosyDVR.View],false,269,2,2,0,2,2,1,6,1,0,1,1,0,0,0,0,0,0,0,0,0,0,1,0,0,0,8,1,0,false
/Users/sirojiddinkomolov/Documents/innopolis/research/arch_design_pattern_detection/exps/3rd_revision/coach_repos_r/CosyDVR-master/src/es/esy/CosyDVR/CosyDVR.java,es.esy.CosyDVR.CosyDVR$Anonymous9,onClick/1[es.esy.CosyDVR.View],false,279,2,8,0,8,1,2,3,0,0,1,2,0,0,0,0,0,0,1,0,0,1,0,0,0,0,8,1,0,false
/Users/sirojiddinkomolov/Documents/innopolis/research/arch_design_pattern_detection/exps/3rd_revision/coach_repos_r/CosyDVR-master/src/es/esy/CosyDVR/CosyDVR.java,es.esy.CosyDVR.CosyDVR$Anonymous4,onClick/1[es.esy.CosyDVR.View],false,226,2,8,0,8,2,4,6,0,0,1,4,0,0,0,0,0,0,2,0,0,1,1,0,0,0,8,1,0,false
/Users/sirojiddinkomolov/Documents/innopolis/research/arch_design_pattern_detection/exps/3rd_revision/coach_repos_r/CosyDVR-master/src/es/esy/CosyDVR/BackgroundVideoRecorder.java,es.esy.CosyDVR.BackgroundVideoRecorder$HandlerExtension,handleMessage/1[es.esy.CosyDVR.Message],false,139,2,1,0,1,21,24,96,1,16,1,24,0,0,0,6,2,22,26,41,42,35,3,0,0,0,60,1,0,false
/Users/sirojiddinkomolov/Documents/innopolis/research/arch_design_pattern_detection/exps/3rd_revision/coach_repos_r/CosyDVR-master/src/es/esy/CosyDVR/BackgroundVideoRecorder.java,es.esy.CosyDVR.BackgroundVideoRecorder$Anonymous1,run/0,false,567,0,0,0,0,1,2,4,0,0,0,2,0,0,0,0,0,0,0,1,0,0,0,0,0,0,4,1,0,false
/Users/sirojiddinkomolov/Documents/innopolis/research/arch_design_pattern_detection/exps/3rd_revision/coach_repos_r/CosyDVR-master/src/es/esy/CosyDVR/StorageUtils.java,es.esy.CosyDVR.StorageUtils,getStorageList/1[es.esy.CosyDVR.Context],false,50,2,2,1,1,22,21,73,1,20,1,21,0,0,3,8,2,1,9,13,22,2,5,0,0,0,50,1,0,false
/Users/sirojiddinkomolov/Documents/innopolis/research/arch_design_pattern_detection/exps/3rd_revision/coach_repos_r/CosyDVR-master/src/es/esy/CosyDVR/CosyDVRPreferenceActivity.java,es.esy.CosyDVR.CosyDVRPreferenceActivity,onCreate/1[es.esy.CosyDVR.Bundle],false,21,2,1,0,1,1,5,4,0,0,1,5,0,0,0,0,0,0,0,0,0,0,0,0,0,0,11,4,0,false
/Users/sirojiddinkomolov/Documents/innopolis/research/arch_design_pattern_detection/exps/3rd_revision/coach_repos_r/CosyDVR-master/src/es/esy/CosyDVR/CosyDVR.java,es.esy.CosyDVR.CosyDVR$Anonymous5,onClick/1[es.esy.CosyDVR.View],false,237,3,8,0,8,2,3,6,0,0,1,3,0,0,0,0,0,0,1,0,0,1,1,0,0,0,10,1,0,false
/Users/sirojiddinkomolov/Documents/innopolis/research/arch_design_pattern_detection/exps/3rd_revision/coach_repos_r/CosyDVR-master/src/es/esy/CosyDVR/BackgroundVideoRecorder.java,es.esy.CosyDVR.BackgroundVideoRecorder$Anonymous2,"compare/2[java.io.File,java.io.File]",false,677,0,0,0,0,1,3,3,1,0,2,3,0,0,0,0,0,0,0,0,0,0,0,0,0,0,3,1,0,false
/Users/sirojiddinkomolov/Documents/innopolis/research/arch_design_pattern_detection/exps/3rd_revision/coach_repos_r/CosyDVR-master/src/es/esy/CosyDVR/CosyDVR.java,es.esy.CosyDVR.CosyDVR$Anonymous6,onClick/1[es.esy.CosyDVR.View],false,247,2,8,0,8,2,1,5,0,0,1,1,0,0,0,0,0,0,0,0,0,0,1,0,0,0,6,1,0,false
/Users/sirojiddinkomolov/Documents/innopolis/research/arch_design_pattern_detection/exps/3rd_revision/coach_repos_r/CosyDVR-master/src/es/esy/CosyDVR/CosyDVR.java,es.esy.CosyDVR.CosyDVR$Anonymous7,onLongClick/1[es.esy.CosyDVR.View],false,257,4,2,0,2,1,3,6,1,1,1,3,0,0,0,0,0,0,0,2,1,0,0,0,0,0,13,1,0,false
/Users/sirojiddinkomolov/Documents/innopolis/research/arch_design_pattern_detection/exps/3rd_revision/coach_repos_r/CosyDVR-master/src/es/esy/CosyDVR/CosyDVR.java,es.esy.CosyDVR.CosyDVR$Anonymous1,"onTouch/2[es.esy.CosyDVR.View,es.esy.CosyDVR.MotionEvent]",false,93,3,1,0,1,6,3,26,1,1,2,3,0,0,0,0,0,0,0,0,4,0,3,0,0,0,10,1,0,false
/Users/sirojiddinkomolov/Documents/innopolis/research/arch_design_pattern_detection/exps/3rd_revision/coach_repos_r/CosyDVR-master/src/es/esy/CosyDVR/CosyDVR.java,es.esy.CosyDVR.CosyDVR$Anonymous2,onClick/1[es.esy.CosyDVR.View],false,206,2,8,0,8,2,4,6,0,0,1,4,0,0,0,0,0,0,2,0,0,1,1,0,0,0,8,1,0,false
/Users/sirojiddinkomolov/Documents/innopolis/research/arch_design_pattern_detection/exps/3rd_revision/coach_repos_r/CosyDVR-master/src/es/esy/CosyDVR/BackgroundVideoRecorder.java,es.esy.CosyDVR.BackgroundVideoRecorder$LocalBinder,getService/0,false,283,1,1,1,0,1,0,3,1,0,0,0,0,0,0,0,0,0,0,0,0,0,0,0,0,0,5,0,0,false
/Users/sirojiddinkomolov/Documents/innopolis/research/arch_design_pattern_detection/exps/3rd_revision/coach_repos_r/CosyDVR-master/src/es/esy/CosyDVR/CosyDVR.java,es.esy.CosyDVR.CosyDVR$Anonymous3,onClick/1[es.esy.CosyDVR.View],false,218,3,8,0,8,1,3,4,0,0,1,3,0,0,0,0,0,0,1,0,0,1,0,0,0,0,8,1,0,false
/Users/sirojiddinkomolov/Documents/innopolis/research/arch_design_pattern_detection/exps/3rd_revision/coach_repos_r/CosyDVR-master/src/es/esy/CosyDVR/CosyDVR.java,es.esy.CosyDVR.CosyDVR,onWindowFocusChanged/1[boolean],false,122,4,0,0,0,2,9,14,0,3,1,9,0,0,0,0,0,0,0,0,5,1,1,0,0,0,21,1,0,false
/Users/sirojiddinkomolov/Documents/innopolis/research/arch_design_pattern_detection/exps/3rd_revision/coach_repos_r/CosyDVR-master/src/es/esy/CosyDVR/CosyDVR.java,es.esy.CosyDVR.CosyDVR,onDestroy/0,false,145,0,0,0,0,2,2,7,0,0,0,2,0,0,0,0,0,0,0,0,1,0,1,0,0,0,8,1,0,false
/Users/sirojiddinkomolov/Documents/innopolis/research/arch_design_pattern_detection/exps/3rd_revision/coach_repos_r/CosyDVR-master/src/es/esy/CosyDVR/CosyDVR.java,es.esy.CosyDVR.CosyDVR,updateinterface/0,false,184,2,5,3,2,4,7,19,0,2,0,7,0,0,0,0,0,0,3,0,2,1,2,0,0,0,22,1,0,false
/Users/sirojiddinkomolov/Documents/innopolis/research/arch_design_pattern_detection/exps/3rd_revision/coach_repos_r/CosyDVR-master/src/es/esy/CosyDVR/CosyDVR.java,es.esy.CosyDVR.CosyDVR,onPause/0,false,154,1,1,0,1,2,3,7,0,0,0,3,0,0,0,0,0,0,0,2,0,0,1,0,0,0,5,1,0,false
/Users/sirojiddinkomolov/Documents/innopolis/research/arch_design_pattern_detection/exps/3rd_revision/coach_repos_r/CosyDVR-master/src/es/esy/CosyDVR/CosyDVR.java,es.esy.CosyDVR.CosyDVR,onResume/0,false,163,2,2,0,2,2,4,8,0,0,0,4,1,1,0,0,0,0,0,0,0,0,1,0,0,0,5,1,0,false
/Users/sirojiddinkomolov/Documents/innopolis/research/arch_design_pattern_detection/exps/3rd_revision/coach_repos_r/CosyDVR-master/src/es/esy/CosyDVR/CosyDVR.java,es.esy.CosyDVR.CosyDVR,showHint/1[java.lang.String],false,172,2,1,1,0,2,6,10,0,3,1,6,0,0,0,0,0,0,1,4,3,0,1,0,0,0,17,1,0,false
/Users/sirojiddinkomolov/Documents/innopolis/research/arch_design_pattern_detection/exps/3rd_revision/coach_repos_r/CosyDVR-master/src/es/esy/CosyDVR/CosyDVR.java,es.esy.CosyDVR.CosyDVR,onCreate/1[es.esy.CosyDVR.Bundle],false,66,7,2,0,2,1,9,52,0,1,1,9,1,1,0,0,0,0,0,0,8,0,0,1,0,0,46,1,0,true
/Users/sirojiddinkomolov/Documents/innopolis/research/arch_design_pattern_detection/exps/3rd_revision/coach_repos_r/CosyDVR-master/src/es/esy/CosyDVR/BackgroundVideoRecorder.java,es.esy.CosyDVR.BackgroundVideoRecorder,toggleNight/0,false,744,2,2,1,1,3,4,10,0,1,0,4,1,1,1,1,0,1,0,1,2,2,2,0,0,0,9,1,0,false
/Users/sirojiddinkomolov/Documents/innopolis/research/arch_design_pattern_detection/exps/3rd_revision/coach_repos_r/CosyDVR-master/src/es/esy/CosyDVR/BackgroundVideoRecorder.java,es.esy.CosyDVR.BackgroundVideoRecorder,onLocationChanged/1[es.esy.CosyDVR.Location],false,851,1,0,0,0,1,0,2,0,0,1,0,0,0,0,0,0,0,0,0,0,0,0,0,0,0,4,1,0,false
/Users/sirojiddinkomolov/Documents/innopolis/research/arch_design_pattern_detection/exps/3rd_revision/coach_repos_r/CosyDVR-master/src/es/esy/CosyDVR/BackgroundVideoRecorder.java,es.esy.CosyDVR.BackgroundVideoRecorder,toggleTimeLapse/0,false,766,1,2,1,1,2,1,6,0,0,0,1,1,5,0,1,0,1,0,2,1,2,1,0,0,0,8,1,0,false
/Users/sirojiddinkomolov/Documents/innopolis/research/arch_design_pattern_detection/exps/3rd_revision/coach_repos_r/CosyDVR-master/src/es/esy/CosyDVR/BackgroundVideoRecorder.java,es.esy.CosyDVR.BackgroundVideoRecorder,OpenUnlockPrepareStart/0,false,594,2,2,1,1,4,28,37,0,0,0,28,1,1,0,0,1,0,1,3,5,3,3,0,0,0,40,2,0,false
/Users/sirojiddinkomolov/Documents/innopolis/research/arch_design_pattern_detection/exps/3rd_revision/coach_repos_r/CosyDVR-master/src/es/esy/CosyDVR/BackgroundVideoRecorder.java,es.esy.CosyDVR.BackgroundVideoRecorder,StopRecording/0,false,413,1,4,2,2,6,9,36,0,2,0,9,2,1,0,3,1,0,3,3,10,7,3,0,0,0,40,1,0,false
/Users/sirojiddinkomolov/Documents/innopolis/research/arch_design_pattern_detection/exps/3rd_revision/coach_repos_r/CosyDVR-master/src/es/esy/CosyDVR/BackgroundVideoRecorder.java,es.esy.CosyDVR.BackgroundVideoRecorder,setZoom/1[float],false,773,1,1,1,0,3,5,10,0,1,1,5,0,0,0,1,0,2,0,2,2,3,2,0,0,0,8,1,0,false
/Users/sirojiddinkomolov/Documents/innopolis/research/arch_design_pattern_detection/exps/3rd_revision/coach_repos_r/CosyDVR-master/src/es/esy/CosyDVR/BackgroundVideoRecorder.java,es.esy.CosyDVR.BackgroundVideoRecorder,"surfaceChanged/4[es.esy.CosyDVR.SurfaceHolder,int,int,int]",false,832,1,0,0,0,1,0,2,0,0,4,0,0,0,0,0,0,0,0,0,0,0,0,0,0,0,5,1,0,false
/Users/sirojiddinkomolov/Documents/innopolis/research/arch_design_pattern_detection/exps/3rd_revision/coach_repos_r/CosyDVR-master/src/es/esy/CosyDVR/BackgroundVideoRecorder.java,es.esy.CosyDVR.BackgroundVideoRecorder,stopGps/0,false,884,1,1,1,0,2,1,6,0,0,0,1,0,0,0,1,0,0,0,0,1,0,1,0,0,0,7,2,0,false
/Users/sirojiddinkomolov/Documents/innopolis/research/arch_design_pattern_detection/exps/3rd_revision/coach_repos_r/CosyDVR-master/src/es/esy/CosyDVR/BackgroundVideoRecorder.java,es.esy.CosyDVR.BackgroundVideoRecorder,onProviderEnabled/1[java.lang.String],false,858,0,0,0,0,1,0,2,0,0,1,0,0,0,0,0,0,0,0,0,0,0,0,0,0,0,4,1,0,false
/Users/sirojiddinkomolov/Documents/innopolis/research/arch_design_pattern_detection/exps/3rd_revision/coach_repos_r/CosyDVR-master/src/es/esy/CosyDVR/BackgroundVideoRecorder.java,es.esy.CosyDVR.BackgroundVideoRecorder,"onStatusChanged/3[java.lang.String,int,es.esy.CosyDVR.Bundle]",false,861,1,0,0,0,1,0,2,0,0,3,0,0,0,0,0,0,0,0,0,0,0,0,0,0,0,4,1,0,false
/Users/sirojiddinkomolov/Documents/innopolis/research/arch_design_pattern_detection/exps/3rd_revision/coach_repos_r/CosyDVR-master/src/es/esy/CosyDVR/BackgroundVideoRecorder.java,es.esy.CosyDVR.BackgroundVideoRecorder,UpdateLayoutInterface/0,false,458,1,1,1,0,1,2,5,0,1,0,2,0,0,0,0,0,0,1,0,1,0,0,0,0,0,7,1,0,false
/Users/sirojiddinkomolov/Documents/innopolis/research/arch_design_pattern_detection/exps/3rd_revision/coach_repos_r/CosyDVR-master/src/es/esy/CosyDVR/BackgroundVideoRecorder.java,es.esy.CosyDVR.BackgroundVideoRecorder,freeSpace/0,false,672,0,2,1,1,6,5,22,1,4,0,5,0,0,2,1,0,2,0,7,7,5,1,1,0,0,27,1,0,false
/Users/sirojiddinkomolov/Documents/innopolis/research/arch_design_pattern_detection/exps/3rd_revision/coach_repos_r/CosyDVR-master/src/es/esy/CosyDVR/BackgroundVideoRecorder.java,es.esy.CosyDVR.BackgroundVideoRecorder,onDestroy/0,false,820,1,2,0,2,1,3,8,0,0,0,3,2,2,0,0,0,0,0,0,0,0,0,0,0,0,12,1,0,false
/Users/sirojiddinkomolov/Documents/innopolis/research/arch_design_pattern_detection/exps/3rd_revision/coach_repos_r/CosyDVR-master/src/es/esy/CosyDVR/BackgroundVideoRecorder.java,es.esy.CosyDVR.BackgroundVideoRecorder,surfaceDestroyed/1[es.esy.CosyDVR.SurfaceHolder],false,836,1,0,0,0,1,0,2,0,0,1,0,0,0,0,0,0,0,0,0,0,0,0,0,0,0,4,1,0,false
/Users/sirojiddinkomolov/Documents/innopolis/research/arch_design_pattern_detection/exps/3rd_revision/coach_repos_r/CosyDVR-master/src/es/esy/CosyDVR/BackgroundVideoRecorder.java,es.esy.CosyDVR.BackgroundVideoRecorder,onCreate/0,false,291,12,2,0,2,1,20,41,0,6,0,20,1,1,0,0,0,0,13,15,21,0,0,0,0,0,45,1,0,false
/Users/sirojiddinkomolov/Documents/innopolis/research/arch_design_pattern_detection/exps/3rd_revision/coach_repos_r/CosyDVR-master/src/es/esy/CosyDVR/BackgroundVideoRecorder.java,es.esy.CosyDVR.BackgroundVideoRecorder,getFocusMode/0,false,401,0,1,1,0,1,0,3,1,0,0,0,0,0,0,0,0,0,0,0,0,0,0,0,0,0,4,1,0,false
/Users/sirojiddinkomolov/Documents/innopolis/research/arch_design_pattern_detection/exps/3rd_revision/coach_repos_r/CosyDVR-master/src/es/esy/CosyDVR/BackgroundVideoRecorder.java,es.esy.CosyDVR.BackgroundVideoRecorder,getBatteryLevel/1[es.esy.CosyDVR.Context],false,891,3,1,1,0,5,3,21,2,6,1,3,0,0,0,2,1,1,0,8,8,2,2,0,0,0,15,2,0,false
/Users/sirojiddinkomolov/Documents/innopolis/research/arch_design_pattern_detection/exps/3rd_revision/coach_repos_r/CosyDVR-master/src/es/esy/CosyDVR/BackgroundVideoRecorder.java,es.esy.CosyDVR.BackgroundVideoRecorder,onProviderDisabled/1[java.lang.String],false,855,0,0,0,0,1,0,2,0,0,1,0,0,0,0,0,0,0,0,0,0,0,0,0,0,0,4,1,0,false
/Users/sirojiddinkomolov/Documents/innopolis/research/arch_design_pattern_detection/exps/3rd_revision/coach_repos_r/CosyDVR-master/src/es/esy/CosyDVR/BackgroundVideoRecorder.java,es.esy.CosyDVR.BackgroundVideoRecorder,ResetReleaseLock/0,false,583,0,2,2,0,3,3,9,0,0,0,3,0,0,0,1,0,0,0,0,0,0,1,0,0,0,7,2,0,false
/Users/sirojiddinkomolov/Documents/innopolis/research/arch_design_pattern_detection/exps/3rd_revision/coach_repos_r/CosyDVR-master/src/es/esy/CosyDVR/BackgroundVideoRecorder.java,es.esy.CosyDVR.BackgroundVideoRecorder,toggleFavorite/0,false,785,0,1,1,0,1,0,3,0,0,0,0,0,0,0,0,0,1,0,2,1,2,0,0,0,0,3,1,0,false
/Users/sirojiddinkomolov/Documents/innopolis/research/arch_design_pattern_detection/exps/3rd_revision/coach_repos_r/CosyDVR-master/src/es/esy/CosyDVR/BackgroundVideoRecorder.java,es.esy.CosyDVR.BackgroundVideoRecorder,startGps/0,false,864,2,1,1,0,5,5,13,1,0,0,5,0,0,0,2,1,0,4,2,1,2,2,0,0,0,17,2,0,false
/Users/sirojiddinkomolov/Documents/innopolis/research/arch_design_pattern_detection/exps/3rd_revision/coach_repos_r/CosyDVR-master/src/es/esy/CosyDVR/BackgroundVideoRecorder.java,es.esy.CosyDVR.BackgroundVideoRecorder,RestartRecording/0,false,464,2,5,3,2,1,5,9,0,1,0,5,2,4,0,0,0,0,0,0,1,0,0,0,0,0,10,1,0,false
/Users/sirojiddinkomolov/Documents/innopolis/research/arch_design_pattern_detection/exps/3rd_revision/coach_repos_r/CosyDVR-master/src/es/esy/CosyDVR/BackgroundVideoRecorder.java,es.esy.CosyDVR.BackgroundVideoRecorder,StartRecording/0,false,474,2,7,2,5,7,19,59,0,2,0,19,4,2,0,1,1,3,30,8,26,7,1,1,0,0,68,1,0,false
/Users/sirojiddinkomolov/Documents/innopolis/research/arch_design_pattern_detection/exps/3rd_revision/coach_repos_r/CosyDVR-master/src/es/esy/CosyDVR/BackgroundVideoRecorder.java,es.esy.CosyDVR.BackgroundVideoRecorder,toggleFlash/0,false,755,2,2,1,1,3,4,10,0,1,0,4,1,1,1,1,0,1,0,1,2,2,2,0,0,0,9,1,0,false
/Users/sirojiddinkomolov/Documents/innopolis/research/arch_design_pattern_detection/exps/3rd_revision/coach_repos_r/CosyDVR-master/src/es/esy/CosyDVR/BackgroundVideoRecorder.java,es.esy.CosyDVR.BackgroundVideoRecorder,autoFocus/0,false,704,0,1,1,0,3,1,5,0,0,0,1,0,0,0,2,0,0,0,0,0,0,1,0,0,0,3,1,0,false
/Users/sirojiddinkomolov/Documents/innopolis/research/arch_design_pattern_detection/exps/3rd_revision/coach_repos_r/CosyDVR-master/src/es/esy/CosyDVR/BackgroundVideoRecorder.java,es.esy.CosyDVR.BackgroundVideoRecorder,isRecording/0,false,409,0,1,1,0,1,0,3,1,0,0,0,0,0,0,0,0,0,0,0,0,0,0,0,0,0,3,1,0,false
/Users/sirojiddinkomolov/Documents/innopolis/research/arch_design_pattern_detection/exps/3rd_revision/coach_repos_r/CosyDVR-master/src/es/esy/CosyDVR/BackgroundVideoRecorder.java,es.esy.CosyDVR.BackgroundVideoRecorder,"onInfo/3[es.esy.CosyDVR.MediaRecorder,int,int]",false,845,2,1,0,1,2,1,5,0,0,3,1,1,5,0,1,0,0,0,0,0,0,1,0,0,0,6,1,0,false
/Users/sirojiddinkomolov/Documents/innopolis/research/arch_design_pattern_detection/exps/3rd_revision/coach_repos_r/CosyDVR-master/src/es/esy/CosyDVR/BackgroundVideoRecorder.java,es.esy.CosyDVR.BackgroundVideoRecorder,surfaceCreated/1[es.esy.CosyDVR.SurfaceHolder],false,394,2,1,0,1,2,1,6,0,0,1,1,1,3,0,0,0,0,0,0,1,0,1,0,0,0,13,1,0,false
/Users/sirojiddinkomolov/Documents/innopolis/research/arch_design_pattern_detection/exps/3rd_revision/coach_repos_r/CosyDVR-master/src/es/esy/CosyDVR/BackgroundVideoRecorder.java,es.esy.CosyDVR.BackgroundVideoRecorder,isFavorite/0,false,405,0,2,2,0,1,0,3,1,0,0,0,0,0,0,0,0,0,0,0,0,0,0,0,0,0,3,1,0,false
/Users/sirojiddinkomolov/Documents/innopolis/research/arch_design_pattern_detection/exps/3rd_revision/coach_repos_r/CosyDVR-master/src/es/esy/CosyDVR/BackgroundVideoRecorder.java,es.esy.CosyDVR.BackgroundVideoRecorder,applyCameraParameters/0,false,711,1,4,4,0,8,11,19,0,1,0,11,0,0,0,3,0,0,0,0,1,0,2,0,0,0,7,1,0,false
/Users/sirojiddinkomolov/Documents/innopolis/research/arch_design_pattern_detection/exps/3rd_revision/coach_repos_r/CosyDVR-master/src/es/esy/CosyDVR/BackgroundVideoRecorder.java,es.esy.CosyDVR.BackgroundVideoRecorder,Stop/0,false,577,0,1,1,0,3,1,5,0,0,0,1,0,0,0,1,0,0,0,0,0,0,1,0,0,0,5,2,0,false
/Users/sirojiddinkomolov/Documents/innopolis/research/arch_design_pattern_detection/exps/3rd_revision/coach_repos_r/CosyDVR-master/src/es/esy/CosyDVR/BackgroundVideoRecorder.java,es.esy.CosyDVR.BackgroundVideoRecorder,toggleFocus/0,false,733,2,2,1,1,3,4,10,0,1,0,4,1,1,1,1,0,1,0,1,2,2,2,0,0,0,9,1,0,false
/Users/sirojiddinkomolov/Documents/innopolis/research/arch_design_pattern_detection/exps/3rd_revision/coach_repos_r/CosyDVR-master/src/es/esy/CosyDVR/BackgroundVideoRecorder.java,es.esy.CosyDVR.BackgroundVideoRecorder,onBind/1[es.esy.CosyDVR.Intent],false,840,2,0,0,0,1,0,3,1,0,1,0,0,0,0,0,0,0,0,0,0,0,0,0,0,0,7,1,0,false
/Users/sirojiddinkomolov/Documents/innopolis/research/arch_design_pattern_detection/exps/3rd_revision/coach_repos_r/CosyDVR-master/src/es/esy/CosyDVR/BackgroundVideoRecorder.java,es.esy.CosyDVR.BackgroundVideoRecorder,"ChangeSurface/2[int,int]",false,789,2,4,4,0,4,2,26,0,1,2,2,0,0,0,1,0,2,0,2,5,6,1,0,0,0,7,1,0,false
/Users/sirojiddinkomolov/Documents/innopolis/research/arch_design_pattern_detection/exps/3rd_revision/coach_repos_r/CosyDVR-master/src/es/esy/CosyDVR/CosyDVR.java,es.esy.CosyDVR.CosyDVR$Anonymous12,"onReceive/2[es.esy.CosyDVR.Context,es.esy.CosyDVR.Intent]",false,327,3,1,0,1,1,1,3,0,0,2,1,0,0,0,0,0,0,0,0,0,0,0,0,0,0,5,1,0,false
/Users/sirojiddinkomolov/Documents/innopolis/research/arch_design_pattern_detection/exps/3rd_revision/coach_repos_r/CosyDVR-master/src/es/esy/CosyDVR/CosyDVR.java,es.esy.CosyDVR.CosyDVR$Anonymous11,onServiceDisconnected/1[es.esy.CosyDVR.ComponentName],false,316,1,0,0,0,1,0,3,0,0,1,0,0,0,0,0,0,0,0,0,1,0,0,0,0,0,9,1,0,false
/Users/sirojiddinkomolov/Documents/innopolis/research/arch_design_pattern_detection/exps/3rd_revision/coach_repos_r/CosyDVR-master/src/es/esy/CosyDVR/CosyDVR.java,es.esy.CosyDVR.CosyDVR$Anonymous11,"onServiceConnected/2[es.esy.CosyDVR.ComponentName,es.esy.CosyDVR.IBinder]",false,301,4,2,0,2,1,2,6,0,1,2,2,0,0,0,0,0,0,0,0,3,0,0,0,0,0,10,1,0,false
/Users/sirojiddinkomolov/Documents/innopolis/research/arch_design_pattern_detection/exps/3rd_revision/coach_repos_r/CosyDVR-master/src/es/esy/CosyDVR/StorageUtils.java,es.esy.CosyDVR.StorageUtils$StorageInfo,"StorageInfo/4[java.lang.String,boolean,boolean,int]",true,29,0,1,1,0,1,0,6,0,0,4,0,0,0,0,0,0,0,0,0,4,0,0,0,0,0,7,0,0,false
/Users/sirojiddinkomolov/Documents/innopolis/research/arch_design_pattern_detection/exps/3rd_revision/coach_repos_r/CosyDVR-master/src/es/esy/CosyDVR/StorageUtils.java,es.esy.CosyDVR.StorageUtils$StorageInfo,getDisplayName/0,false,36,0,0,0,0,3,2,13,1,1,0,2,0,0,0,0,0,0,7,0,1,3,1,0,0,0,14,1,0,false
/Users/sirojiddinkomolov/Documents/innopolis/research/arch_design_pattern_detection/exps/3rd_revision/coach_repos_r/CosyDVR-master/src/es/esy/CosyDVR/CosyDVR.java,es.esy.CosyDVR.CosyDVR$Anonymous10,onLongClick/1[es.esy.CosyDVR.View],false,286,3,2,0,2,2,3,9,1,0,1,3,0,0,0,0,0,0,0,0,1,0,1,0,0,0,13,1,0,false
