file,class,type,cbo,cboModified,fanin,fanout,wmc,dit,noc,rfc,lcom,lcom*,tcc,lcc,totalMethodsQty,staticMethodsQty,publicMethodsQty,privateMethodsQty,protectedMethodsQty,defaultMethodsQty,visibleMethodsQty,abstractMethodsQty,finalMethodsQty,synchronizedMethodsQty,totalFieldsQty,staticFieldsQty,publicFieldsQty,privateFieldsQty,protectedFieldsQty,defaultFieldsQty,finalFieldsQty,synchronizedFieldsQty,nosi,loc,returnQty,loopQty,comparisonsQty,tryCatchQty,parenthesizedExpsQty,stringLiteralsQty,numbersQty,assignmentsQty,mathOperationsQty,variablesQty,maxNestedBlocksQty,anonymousClassesQty,innerClassesQty,lambdasQty,uniqueWordsQty,modifiers,logStatementsQty
/Users/sirojiddinkomolov/Documents/innopolis/research/arch_design_pattern_detection/exps/3rd_revision/coach_repos_r/debDroid-master/src/com/fedorvlasov/lazylist/ImageLoader.java,com.fedorvlasov.lazylist.ImageLoader$PhotoToLoad,innerclass,1,1,0,1,1,1,0,0,0,0.0,NaN,NaN,1,0,1,0,0,0,1,0,0,0,2,0,2,0,0,0,0,0,0,8,0,0,0,0,0,0,0,2,0,2,0,0,0,0,9,2,0
/Users/sirojiddinkomolov/Documents/innopolis/research/arch_design_pattern_detection/exps/3rd_revision/coach_repos_r/debDroid-master/src/com/fedorvlasov/lazylist/Utils.java,com.fedorvlasov.lazylist.Utils,class,1,2,1,1,4,1,0,2,0,0.0,NaN,NaN,1,1,1,0,0,0,1,0,0,0,0,0,0,0,0,0,0,0,0,15,0,1,1,1,0,0,4,3,0,3,3,0,0,0,12,1,0
/Users/sirojiddinkomolov/Documents/innopolis/research/arch_design_pattern_detection/exps/3rd_revision/coach_repos_r/debDroid-master/src/de/mangelow/debdroid/fragments/SearchResultsFragment.java,de.mangelow.debdroid.fragments.SearchResultsFragment$ListViewTask,innerclass,3,3,0,3,8,2,0,14,0,0.25,0.5,0.5,4,0,1,0,3,0,4,0,0,0,2,0,0,2,0,0,0,0,0,43,2,0,3,0,0,3,2,5,2,3,1,0,0,0,24,2,0
/Users/sirojiddinkomolov/Documents/innopolis/research/arch_design_pattern_detection/exps/3rd_revision/coach_repos_r/debDroid-master/src/de/mangelow/debdroid/data/Suite.java,de.mangelow.debdroid.data.Suite,class,1,10,9,1,12,1,0,0,34,0.76388884,0.09090909,0.09090909,12,0,12,0,0,0,12,0,0,0,6,0,0,0,0,6,0,0,0,44,6,0,0,0,0,0,0,6,0,6,0,0,0,0,15,1,0
/Users/sirojiddinkomolov/Documents/innopolis/research/arch_design_pattern_detection/exps/3rd_revision/coach_repos_r/debDroid-master/src/com/fedorvlasov/lazylist/MemoryCache.java,com.fedorvlasov.lazylist.MemoryCache,class,2,5,3,2,16,1,0,21,7,0.60714287,0.2,0.2,7,0,5,1,0,1,6,0,0,0,4,1,0,4,0,0,1,0,2,60,5,1,1,3,0,6,9,11,7,6,3,0,0,0,36,1,0
/Users/sirojiddinkomolov/Documents/innopolis/research/arch_design_pattern_detection/exps/3rd_revision/coach_repos_r/debDroid-master/src/de/mangelow/debdroid/data/SearchResult.java,de.mangelow.debdroid.data.SearchResult,class,1,6,5,1,4,1,0,0,0,0.375,0.33333334,0.33333334,4,0,4,0,0,0,4,0,0,0,2,0,0,0,0,2,0,0,0,16,2,0,0,0,0,0,0,2,0,2,0,0,0,0,9,1,0
/Users/sirojiddinkomolov/Documents/innopolis/research/arch_design_pattern_detection/exps/3rd_revision/coach_repos_r/debDroid-master/src/com/fedorvlasov/lazylist/ImageLoader.java,com.fedorvlasov.lazylist.ImageLoader$PhotosLoader,innerclass,5,5,0,5,5,1,0,5,0,0.0,1.0,1.0,2,0,1,0,0,1,2,0,0,0,1,0,0,0,0,1,0,0,0,19,2,0,0,1,0,0,0,3,0,3,2,0,0,0,18,0,0
/Users/sirojiddinkomolov/Documents/innopolis/research/arch_design_pattern_detection/exps/3rd_revision/coach_repos_r/debDroid-master/src/de/mangelow/debdroid/tools/Helper.java,de.mangelow.debdroid.tools.Helper,class,10,30,20,10,60,1,0,74,41,0.90404046,0.19444445,0.19444445,11,0,9,2,0,0,9,0,0,0,18,2,13,5,0,0,16,0,4,268,13,12,13,1,3,74,60,137,20,106,6,0,0,0,132,1,0
/Users/sirojiddinkomolov/Documents/innopolis/research/arch_design_pattern_detection/exps/3rd_revision/coach_repos_r/debDroid-master/src/de/mangelow/debdroid/DetailsActivity.java,de.mangelow.debdroid.DetailsActivity,class,10,12,2,10,5,2,0,26,1,0.5555556,0.33333334,0.33333334,3,0,2,0,1,0,3,0,0,0,3,0,0,3,0,0,0,0,0,36,2,0,0,0,0,6,3,6,5,6,1,0,0,0,32,1,0
/Users/sirojiddinkomolov/Documents/innopolis/research/arch_design_pattern_detection/exps/3rd_revision/coach_repos_r/debDroid-master/src/de/mangelow/debdroid/fragments/DetailsFragment.java,de.mangelow.debdroid.fragments.DetailsFragment$Anonymous1,anonymous,1,1,0,1,1,1,0,1,0,0.0,NaN,NaN,1,0,1,0,0,0,1,0,0,0,0,0,0,0,0,0,0,0,0,7,0,0,0,0,0,0,0,0,0,0,0,0,0,0,6,-1,0
/Users/sirojiddinkomolov/Documents/innopolis/research/arch_design_pattern_detection/exps/3rd_revision/coach_repos_r/debDroid-master/src/de/mangelow/debdroid/MainActivity.java,de.mangelow.debdroid.MainActivity,class,5,5,0,5,3,2,0,12,0,0.0,1.0,1.0,2,0,1,0,1,0,2,0,0,0,1,0,0,1,0,0,0,0,1,16,1,0,1,0,0,0,0,4,0,3,1,0,0,0,29,1,0
/Users/sirojiddinkomolov/Documents/innopolis/research/arch_design_pattern_detection/exps/3rd_revision/coach_repos_r/debDroid-master/src/de/mangelow/debdroid/OptionsActivity.java,de.mangelow.debdroid.OptionsActivity,class,11,13,2,11,12,2,0,20,0,0.16666667,NaN,NaN,2,0,0,1,1,0,1,0,0,0,3,0,0,3,0,0,0,0,8,240,1,6,4,0,0,10,10,55,2,46,2,8,0,0,51,1,0
/Users/sirojiddinkomolov/Documents/innopolis/research/arch_design_pattern_detection/exps/3rd_revision/coach_repos_r/debDroid-master/src/de/mangelow/debdroid/fragments/DetailsFragment.java,de.mangelow.debdroid.fragments.DetailsFragment,class,12,15,3,12,3,2,0,20,0,0.0,NaN,NaN,1,0,1,0,0,0,1,0,0,0,8,0,0,8,0,0,3,0,0,39,1,0,0,1,0,5,1,11,4,10,1,1,0,0,50,1,0
/Users/sirojiddinkomolov/Documents/innopolis/research/arch_design_pattern_detection/exps/3rd_revision/coach_repos_r/debDroid-master/src/de/mangelow/debdroid/fragments/SearchResultsFragment.java,de.mangelow.debdroid.fragments.SearchResultsFragment$Anonymous2$Anonymous3,anonymous,6,6,0,6,4,1,0,17,0,0.0,NaN,NaN,1,0,1,0,0,0,1,0,0,0,0,0,0,0,0,0,0,0,0,27,0,0,0,0,0,6,2,5,2,3,2,0,0,0,17,-1,0
/Users/sirojiddinkomolov/Documents/innopolis/research/arch_design_pattern_detection/exps/3rd_revision/coach_repos_r/debDroid-master/src/com/fedorvlasov/lazylist/ImageLoader.java,com.fedorvlasov.lazylist.ImageLoader$BitmapDisplayer,innerclass,5,5,0,5,4,1,0,5,0,0.0,1.0,1.0,2,0,2,0,0,0,2,0,0,0,2,0,0,0,0,2,0,0,0,16,1,0,1,0,0,0,2,3,0,3,1,0,0,0,21,0,0
/Users/sirojiddinkomolov/Documents/innopolis/research/arch_design_pattern_detection/exps/3rd_revision/coach_repos_r/debDroid-master/src/de/mangelow/debdroid/data/Version.java,de.mangelow.debdroid.data.Version,class,0,3,3,0,4,1,0,0,0,0.375,0.33333334,0.33333334,4,0,4,0,0,0,4,0,0,0,2,0,0,0,0,2,0,0,0,16,2,0,0,0,0,0,0,2,0,2,0,0,0,0,6,1,0
/Users/sirojiddinkomolov/Documents/innopolis/research/arch_design_pattern_detection/exps/3rd_revision/coach_repos_r/debDroid-master/src/com/fedorvlasov/lazylist/ImageLoader.java,com.fedorvlasov.lazylist.ImageLoader,class,14,18,4,14,19,1,0,31,12,0.75,0.4,0.6,8,0,4,3,0,1,5,0,0,0,7,0,0,2,0,5,1,0,3,147,8,1,3,2,2,1,14,39,4,33,3,0,3,0,88,1,0
/Users/sirojiddinkomolov/Documents/innopolis/research/arch_design_pattern_detection/exps/3rd_revision/coach_repos_r/debDroid-master/src/de/mangelow/debdroid/fragments/SearchResultsFragment.java,de.mangelow.debdroid.fragments.SearchResultsFragment,class,28,30,2,28,16,3,0,59,11,0.8461539,0.33333334,0.46666667,7,1,6,1,0,0,6,0,0,0,13,0,0,13,0,0,2,0,3,231,3,0,2,1,0,9,11,22,13,24,1,4,1,0,107,1,0
/Users/sirojiddinkomolov/Documents/innopolis/research/arch_design_pattern_detection/exps/3rd_revision/coach_repos_r/debDroid-master/src/com/fedorvlasov/lazylist/FileCache.java,com.fedorvlasov.lazylist.FileCache,class,1,2,1,1,7,1,0,10,0,0.0,1.0,1.0,3,0,3,0,0,0,3,0,0,0,1,0,0,1,0,0,0,0,1,18,2,1,1,0,0,1,0,5,0,4,1,0,0,0,13,1,0
/Users/sirojiddinkomolov/Documents/innopolis/research/arch_design_pattern_detection/exps/3rd_revision/coach_repos_r/debDroid-master/src/de/mangelow/debdroid/tools/ListViewAdapter.java,de.mangelow.debdroid.tools.ListViewAdapter,class,12,15,3,12,30,2,0,26,25,0.73636365,0.2,0.27272728,11,0,11,0,0,0,11,0,0,0,10,0,0,10,0,0,1,0,0,118,11,3,8,0,0,25,29,42,11,29,4,0,0,0,66,1,0
/Users/sirojiddinkomolov/Documents/innopolis/research/arch_design_pattern_detection/exps/3rd_revision/coach_repos_r/debDroid-master/src/de/mangelow/debdroid/OptionsActivity.java,de.mangelow.debdroid.OptionsActivity$Anonymous8,anonymous,3,3,0,3,2,1,0,4,0,0.0,NaN,NaN,1,0,1,0,0,0,1,0,0,0,0,0,0,0,0,0,0,0,1,11,1,0,1,0,0,1,2,4,0,3,1,0,0,0,12,-1,0
/Users/sirojiddinkomolov/Documents/innopolis/research/arch_design_pattern_detection/exps/3rd_revision/coach_repos_r/debDroid-master/src/de/mangelow/debdroid/fragments/SearchResultsFragment.java,de.mangelow.debdroid.fragments.SearchResultsFragment$Anonymous4,anonymous,2,2,0,2,3,1,0,4,1,0.0,0.0,0.0,2,0,2,0,0,0,2,0,0,0,0,0,0,0,0,0,0,0,0,13,3,0,0,0,0,1,1,0,0,0,1,0,0,0,12,-1,0
/Users/sirojiddinkomolov/Documents/innopolis/research/arch_design_pattern_detection/exps/3rd_revision/coach_repos_r/debDroid-master/src/de/mangelow/debdroid/OptionsActivity.java,de.mangelow.debdroid.OptionsActivity$Anonymous6,anonymous,3,3,0,3,1,1,0,4,0,0.0,NaN,NaN,1,0,1,0,0,0,1,0,0,0,0,0,0,0,0,0,0,0,0,10,1,0,0,0,0,1,0,3,0,3,0,0,0,0,11,-1,0
/Users/sirojiddinkomolov/Documents/innopolis/research/arch_design_pattern_detection/exps/3rd_revision/coach_repos_r/debDroid-master/src/de/mangelow/debdroid/fragments/SearchResultsFragment.java,de.mangelow.debdroid.fragments.SearchResultsFragment$Anonymous5,anonymous,1,1,0,1,1,1,0,1,0,0.0,NaN,NaN,1,0,1,0,0,0,1,0,0,0,0,0,0,0,0,0,0,0,0,5,0,0,0,0,0,0,0,0,0,0,0,0,0,0,5,-1,0
/Users/sirojiddinkomolov/Documents/innopolis/research/arch_design_pattern_detection/exps/3rd_revision/coach_repos_r/debDroid-master/src/de/mangelow/debdroid/OptionsActivity.java,de.mangelow.debdroid.OptionsActivity$Anonymous7,anonymous,3,3,0,3,1,1,0,4,0,0.0,NaN,NaN,1,0,1,0,0,0,1,0,0,0,0,0,0,0,0,0,0,0,0,10,1,0,0,0,0,1,0,3,0,3,0,0,0,0,11,-1,0
/Users/sirojiddinkomolov/Documents/innopolis/research/arch_design_pattern_detection/exps/3rd_revision/coach_repos_r/debDroid-master/src/de/mangelow/debdroid/fragments/SearchResultsFragment.java,de.mangelow.debdroid.fragments.SearchResultsFragment$Anonymous2,anonymous,7,7,0,7,6,1,0,13,0,0.0,NaN,NaN,1,0,1,0,0,0,1,0,0,0,0,0,0,0,0,0,0,0,0,51,1,0,4,0,0,3,1,12,1,10,3,1,0,0,25,-1,0
/Users/sirojiddinkomolov/Documents/innopolis/research/arch_design_pattern_detection/exps/3rd_revision/coach_repos_r/debDroid-master/src/de/mangelow/debdroid/OptionsActivity.java,de.mangelow.debdroid.OptionsActivity$Anonymous4,anonymous,3,3,0,3,7,1,0,8,0,0.0,NaN,NaN,1,0,1,0,0,0,1,0,0,0,0,0,0,0,0,0,0,0,1,26,2,1,4,0,0,2,6,7,2,5,4,0,0,0,18,-1,0
/Users/sirojiddinkomolov/Documents/innopolis/research/arch_design_pattern_detection/exps/3rd_revision/coach_repos_r/debDroid-master/src/de/mangelow/debdroid/OptionsActivity.java,de.mangelow.debdroid.OptionsActivity$Anonymous5,anonymous,3,3,0,3,1,1,0,4,0,0.0,NaN,NaN,1,0,1,0,0,0,1,0,0,0,0,0,0,0,0,0,0,0,0,10,1,0,0,0,0,1,0,3,0,3,0,0,0,0,11,-1,0
/Users/sirojiddinkomolov/Documents/innopolis/research/arch_design_pattern_detection/exps/3rd_revision/coach_repos_r/debDroid-master/src/de/mangelow/debdroid/OptionsActivity.java,de.mangelow.debdroid.OptionsActivity$Anonymous2,anonymous,3,3,0,3,2,1,0,4,0,0.0,NaN,NaN,1,0,1,0,0,0,1,0,0,0,0,0,0,0,0,0,0,0,1,11,1,0,1,0,0,1,2,4,0,3,1,0,0,0,12,-1,0
/Users/sirojiddinkomolov/Documents/innopolis/research/arch_design_pattern_detection/exps/3rd_revision/coach_repos_r/debDroid-master/src/de/mangelow/debdroid/fragments/SearchResultsFragment.java,de.mangelow.debdroid.fragments.SearchResultsFragment$Anonymous1,anonymous,8,8,0,8,4,1,0,11,0,0.0,NaN,NaN,1,0,1,0,0,0,1,0,0,0,0,0,0,0,0,0,0,0,0,22,1,0,1,0,0,3,1,7,1,5,1,0,0,0,27,-1,0
/Users/sirojiddinkomolov/Documents/innopolis/research/arch_design_pattern_detection/exps/3rd_revision/coach_repos_r/debDroid-master/src/de/mangelow/debdroid/OptionsActivity.java,de.mangelow.debdroid.OptionsActivity$Anonymous3,anonymous,3,3,0,3,7,1,0,8,0,0.0,NaN,NaN,1,0,1,0,0,0,1,0,0,0,0,0,0,0,0,0,0,0,1,26,2,1,4,0,0,2,6,7,2,5,4,0,0,0,18,-1,0
/Users/sirojiddinkomolov/Documents/innopolis/research/arch_design_pattern_detection/exps/3rd_revision/coach_repos_r/debDroid-master/src/de/mangelow/debdroid/OptionsActivity.java,de.mangelow.debdroid.OptionsActivity$Anonymous1,anonymous,3,3,0,3,1,1,0,4,0,0.0,NaN,NaN,1,0,1,0,0,0,1,0,0,0,0,0,0,0,0,0,0,0,0,10,1,0,0,0,0,1,0,3,0,3,0,0,0,0,11,-1,0
/Users/sirojiddinkomolov/Documents/innopolis/research/arch_design_pattern_detection/exps/3rd_revision/coach_repos_r/debDroid-master/src/de/mangelow/debdroid/tools/Receiver.java,de.mangelow.debdroid.tools.Receiver,class,4,5,1,4,6,2,0,5,0,0.0,NaN,NaN,1,0,1,0,0,0,1,0,0,0,3,0,0,3,0,0,2,0,0,18,0,0,0,0,0,4,1,5,0,5,3,0,0,0,16,1,0
