file,class,method,variable,usage
/Users/sirojiddinkomolov/Documents/innopolis/research/arch_design_pattern_detection/exps/3rd_revision/coach_repos_r/debDroid-master/src/com/fedorvlasov/lazylist/ImageLoader.java,com.fedorvlasov.lazylist.ImageLoader$PhotoToLoad,"PhotoToLoad/2[java.lang.String,com.fedorvlasov.lazylist.TextView]",textView,1
/Users/sirojiddinkomolov/Documents/innopolis/research/arch_design_pattern_detection/exps/3rd_revision/coach_repos_r/debDroid-master/src/com/fedorvlasov/lazylist/ImageLoader.java,com.fedorvlasov.lazylist.ImageLoader$PhotoToLoad,"PhotoToLoad/2[java.lang.String,com.fedorvlasov.lazylist.TextView]",url,1
/Users/sirojiddinkomolov/Documents/innopolis/research/arch_design_pattern_detection/exps/3rd_revision/coach_repos_r/debDroid-master/src/de/mangelow/debdroid/fragments/SearchResultsFragment.java,de.mangelow.debdroid.fragments.SearchResultsFragment$ListViewTask,onPostExecute/1[java.lang.Boolean],searchresultsview,1
/Users/sirojiddinkomolov/Documents/innopolis/research/arch_design_pattern_detection/exps/3rd_revision/coach_repos_r/debDroid-master/src/de/mangelow/debdroid/fragments/SearchResultsFragment.java,de.mangelow.debdroid.fragments.SearchResultsFragment$ListViewTask,onPostExecute/1[java.lang.Boolean],keywords,1
/Users/sirojiddinkomolov/Documents/innopolis/research/arch_design_pattern_detection/exps/3rd_revision/coach_repos_r/debDroid-master/src/de/mangelow/debdroid/fragments/SearchResultsFragment.java,de.mangelow.debdroid.fragments.SearchResultsFragment$ListViewTask,doInBackground/1[java.lang.Void[]],searchresultsview,1
/Users/sirojiddinkomolov/Documents/innopolis/research/arch_design_pattern_detection/exps/3rd_revision/coach_repos_r/debDroid-master/src/de/mangelow/debdroid/fragments/SearchResultsFragment.java,de.mangelow.debdroid.fragments.SearchResultsFragment$ListViewTask,doInBackground/1[java.lang.Void[]],keywords,1
/Users/sirojiddinkomolov/Documents/innopolis/research/arch_design_pattern_detection/exps/3rd_revision/coach_repos_r/debDroid-master/src/de/mangelow/debdroid/fragments/SearchResultsFragment.java,de.mangelow.debdroid.fragments.SearchResultsFragment$ListViewTask,"ListViewTask/2[java.lang.String,int]",searchresultsview,3
/Users/sirojiddinkomolov/Documents/innopolis/research/arch_design_pattern_detection/exps/3rd_revision/coach_repos_r/debDroid-master/src/de/mangelow/debdroid/fragments/SearchResultsFragment.java,de.mangelow.debdroid.fragments.SearchResultsFragment$ListViewTask,"ListViewTask/2[java.lang.String,int]",keywords,3
/Users/sirojiddinkomolov/Documents/innopolis/research/arch_design_pattern_detection/exps/3rd_revision/coach_repos_r/debDroid-master/src/de/mangelow/debdroid/data/Suite.java,de.mangelow.debdroid.data.Suite,getCategory/0,category,1
/Users/sirojiddinkomolov/Documents/innopolis/research/arch_design_pattern_detection/exps/3rd_revision/coach_repos_r/debDroid-master/src/de/mangelow/debdroid/data/Suite.java,de.mangelow.debdroid.data.Suite,setSuite/1[java.lang.String],suite,3
/Users/sirojiddinkomolov/Documents/innopolis/research/arch_design_pattern_detection/exps/3rd_revision/coach_repos_r/debDroid-master/src/de/mangelow/debdroid/data/Suite.java,de.mangelow.debdroid.data.Suite,setVersions/1[de.mangelow.debdroid.data.Version[]],versions,3
/Users/sirojiddinkomolov/Documents/innopolis/research/arch_design_pattern_detection/exps/3rd_revision/coach_repos_r/debDroid-master/src/de/mangelow/debdroid/data/Suite.java,de.mangelow.debdroid.data.Suite,getVersions/0,versions,1
/Users/sirojiddinkomolov/Documents/innopolis/research/arch_design_pattern_detection/exps/3rd_revision/coach_repos_r/debDroid-master/src/de/mangelow/debdroid/data/Suite.java,de.mangelow.debdroid.data.Suite,getSuite/0,suite,1
/Users/sirojiddinkomolov/Documents/innopolis/research/arch_design_pattern_detection/exps/3rd_revision/coach_repos_r/debDroid-master/src/de/mangelow/debdroid/data/Suite.java,de.mangelow.debdroid.data.Suite,setDescription/1[java.lang.String],description,3
/Users/sirojiddinkomolov/Documents/innopolis/research/arch_design_pattern_detection/exps/3rd_revision/coach_repos_r/debDroid-master/src/de/mangelow/debdroid/data/Suite.java,de.mangelow.debdroid.data.Suite,getDescription/0,description,1
/Users/sirojiddinkomolov/Documents/innopolis/research/arch_design_pattern_detection/exps/3rd_revision/coach_repos_r/debDroid-master/src/de/mangelow/debdroid/data/Suite.java,de.mangelow.debdroid.data.Suite,getPackagename/0,packagename,1
/Users/sirojiddinkomolov/Documents/innopolis/research/arch_design_pattern_detection/exps/3rd_revision/coach_repos_r/debDroid-master/src/de/mangelow/debdroid/data/Suite.java,de.mangelow.debdroid.data.Suite,setCategory/1[java.lang.String],category,3
/Users/sirojiddinkomolov/Documents/innopolis/research/arch_design_pattern_detection/exps/3rd_revision/coach_repos_r/debDroid-master/src/de/mangelow/debdroid/data/Suite.java,de.mangelow.debdroid.data.Suite,getAlias/0,alias,1
/Users/sirojiddinkomolov/Documents/innopolis/research/arch_design_pattern_detection/exps/3rd_revision/coach_repos_r/debDroid-master/src/de/mangelow/debdroid/data/Suite.java,de.mangelow.debdroid.data.Suite,setPackagename/1[java.lang.String],packagename,3
/Users/sirojiddinkomolov/Documents/innopolis/research/arch_design_pattern_detection/exps/3rd_revision/coach_repos_r/debDroid-master/src/de/mangelow/debdroid/data/Suite.java,de.mangelow.debdroid.data.Suite,setAlias/1[java.lang.String],alias,3
/Users/sirojiddinkomolov/Documents/innopolis/research/arch_design_pattern_detection/exps/3rd_revision/coach_repos_r/debDroid-master/src/com/fedorvlasov/lazylist/MemoryCache.java,com.fedorvlasov.lazylist.MemoryCache,setLimit/1[long],limit,2
/Users/sirojiddinkomolov/Documents/innopolis/research/arch_design_pattern_detection/exps/3rd_revision/coach_repos_r/debDroid-master/src/com/fedorvlasov/lazylist/MemoryCache.java,com.fedorvlasov.lazylist.MemoryCache,setLimit/1[long],TAG,1
/Users/sirojiddinkomolov/Documents/innopolis/research/arch_design_pattern_detection/exps/3rd_revision/coach_repos_r/debDroid-master/src/com/fedorvlasov/lazylist/MemoryCache.java,com.fedorvlasov.lazylist.MemoryCache,get/1[java.lang.String],cache,2
/Users/sirojiddinkomolov/Documents/innopolis/research/arch_design_pattern_detection/exps/3rd_revision/coach_repos_r/debDroid-master/src/com/fedorvlasov/lazylist/MemoryCache.java,com.fedorvlasov.lazylist.MemoryCache,checkSize/0,cache,3
/Users/sirojiddinkomolov/Documents/innopolis/research/arch_design_pattern_detection/exps/3rd_revision/coach_repos_r/debDroid-master/src/com/fedorvlasov/lazylist/MemoryCache.java,com.fedorvlasov.lazylist.MemoryCache,checkSize/0,size,6
/Users/sirojiddinkomolov/Documents/innopolis/research/arch_design_pattern_detection/exps/3rd_revision/coach_repos_r/debDroid-master/src/com/fedorvlasov/lazylist/MemoryCache.java,com.fedorvlasov.lazylist.MemoryCache,checkSize/0,limit,2
/Users/sirojiddinkomolov/Documents/innopolis/research/arch_design_pattern_detection/exps/3rd_revision/coach_repos_r/debDroid-master/src/com/fedorvlasov/lazylist/MemoryCache.java,com.fedorvlasov.lazylist.MemoryCache,checkSize/0,TAG,2
/Users/sirojiddinkomolov/Documents/innopolis/research/arch_design_pattern_detection/exps/3rd_revision/coach_repos_r/debDroid-master/src/com/fedorvlasov/lazylist/MemoryCache.java,com.fedorvlasov.lazylist.MemoryCache,clear/0,cache,1
/Users/sirojiddinkomolov/Documents/innopolis/research/arch_design_pattern_detection/exps/3rd_revision/coach_repos_r/debDroid-master/src/com/fedorvlasov/lazylist/MemoryCache.java,com.fedorvlasov.lazylist.MemoryCache,clear/0,size,1
/Users/sirojiddinkomolov/Documents/innopolis/research/arch_design_pattern_detection/exps/3rd_revision/coach_repos_r/debDroid-master/src/com/fedorvlasov/lazylist/MemoryCache.java,com.fedorvlasov.lazylist.MemoryCache,"put/2[java.lang.String,com.fedorvlasov.lazylist.Bitmap]",cache,3
/Users/sirojiddinkomolov/Documents/innopolis/research/arch_design_pattern_detection/exps/3rd_revision/coach_repos_r/debDroid-master/src/com/fedorvlasov/lazylist/MemoryCache.java,com.fedorvlasov.lazylist.MemoryCache,"put/2[java.lang.String,com.fedorvlasov.lazylist.Bitmap]",size,2
/Users/sirojiddinkomolov/Documents/innopolis/research/arch_design_pattern_detection/exps/3rd_revision/coach_repos_r/debDroid-master/src/de/mangelow/debdroid/data/SearchResult.java,de.mangelow.debdroid.data.SearchResult,setSuites/1[de.mangelow.debdroid.data.Suite[]],suites,3
/Users/sirojiddinkomolov/Documents/innopolis/research/arch_design_pattern_detection/exps/3rd_revision/coach_repos_r/debDroid-master/src/de/mangelow/debdroid/data/SearchResult.java,de.mangelow.debdroid.data.SearchResult,setPackagename/1[java.lang.String],packagename,3
/Users/sirojiddinkomolov/Documents/innopolis/research/arch_design_pattern_detection/exps/3rd_revision/coach_repos_r/debDroid-master/src/de/mangelow/debdroid/data/SearchResult.java,de.mangelow.debdroid.data.SearchResult,getPackagename/0,packagename,1
/Users/sirojiddinkomolov/Documents/innopolis/research/arch_design_pattern_detection/exps/3rd_revision/coach_repos_r/debDroid-master/src/de/mangelow/debdroid/data/SearchResult.java,de.mangelow.debdroid.data.SearchResult,getSuites/0,suites,1
/Users/sirojiddinkomolov/Documents/innopolis/research/arch_design_pattern_detection/exps/3rd_revision/coach_repos_r/debDroid-master/src/com/fedorvlasov/lazylist/ImageLoader.java,com.fedorvlasov.lazylist.ImageLoader$PhotosLoader,PhotosLoader/1[com.fedorvlasov.lazylist.ImageLoader.PhotoToLoad],photoToLoad,3
/Users/sirojiddinkomolov/Documents/innopolis/research/arch_design_pattern_detection/exps/3rd_revision/coach_repos_r/debDroid-master/src/com/fedorvlasov/lazylist/ImageLoader.java,com.fedorvlasov.lazylist.ImageLoader$PhotosLoader,run/0,photoToLoad,3
/Users/sirojiddinkomolov/Documents/innopolis/research/arch_design_pattern_detection/exps/3rd_revision/coach_repos_r/debDroid-master/src/de/mangelow/debdroid/tools/Helper.java,de.mangelow.debdroid.tools.Helper,"saveStringPref/3[de.mangelow.debdroid.tools.Context,java.lang.String,java.lang.String]",PREF_FILE,1
/Users/sirojiddinkomolov/Documents/innopolis/research/arch_design_pattern_detection/exps/3rd_revision/coach_repos_r/debDroid-master/src/de/mangelow/debdroid/tools/Helper.java,de.mangelow.debdroid.tools.Helper,"loadStringPref/3[de.mangelow.debdroid.tools.Context,java.lang.String,java.lang.String]",PREF_FILE,1
/Users/sirojiddinkomolov/Documents/innopolis/research/arch_design_pattern_detection/exps/3rd_revision/coach_repos_r/debDroid-master/src/de/mangelow/debdroid/tools/Helper.java,de.mangelow.debdroid.tools.Helper,"saveIntPref/3[de.mangelow.debdroid.tools.Context,java.lang.String,int]",PREF_FILE,1
/Users/sirojiddinkomolov/Documents/innopolis/research/arch_design_pattern_detection/exps/3rd_revision/coach_repos_r/debDroid-master/src/de/mangelow/debdroid/tools/Helper.java,de.mangelow.debdroid.tools.Helper,"setRTCAlarm/2[de.mangelow.debdroid.tools.Context,int]",ACTION_CHECK_PACKAGES,1
/Users/sirojiddinkomolov/Documents/innopolis/research/arch_design_pattern_detection/exps/3rd_revision/coach_repos_r/debDroid-master/src/de/mangelow/debdroid/tools/Helper.java,de.mangelow.debdroid.tools.Helper,"setRTCAlarm/2[de.mangelow.debdroid.tools.Context,int]",D,2
/Users/sirojiddinkomolov/Documents/innopolis/research/arch_design_pattern_detection/exps/3rd_revision/coach_repos_r/debDroid-master/src/de/mangelow/debdroid/tools/Helper.java,de.mangelow.debdroid.tools.Helper,"setRTCAlarm/2[de.mangelow.debdroid.tools.Context,int]",TAG,2
/Users/sirojiddinkomolov/Documents/innopolis/research/arch_design_pattern_detection/exps/3rd_revision/coach_repos_r/debDroid-master/src/de/mangelow/debdroid/tools/Helper.java,de.mangelow.debdroid.tools.Helper,getShareBody/1[de.mangelow.debdroid.tools.Context],selected_suite,8
/Users/sirojiddinkomolov/Documents/innopolis/research/arch_design_pattern_detection/exps/3rd_revision/coach_repos_r/debDroid-master/src/de/mangelow/debdroid/tools/Helper.java,de.mangelow.debdroid.tools.Helper,getShareBody/1[de.mangelow.debdroid.tools.Context],selected_version,4
/Users/sirojiddinkomolov/Documents/innopolis/research/arch_design_pattern_detection/exps/3rd_revision/coach_repos_r/debDroid-master/src/de/mangelow/debdroid/tools/Helper.java,de.mangelow.debdroid.tools.Helper,"loadIntPref/3[de.mangelow.debdroid.tools.Context,java.lang.String,int]",PREF_FILE,1
/Users/sirojiddinkomolov/Documents/innopolis/research/arch_design_pattern_detection/exps/3rd_revision/coach_repos_r/debDroid-master/src/de/mangelow/debdroid/tools/Helper.java,de.mangelow.debdroid.tools.Helper,"parseSearchResults/2[java.lang.String,int]",SEARCHRESULTSVIEW_DEFAULT,2
/Users/sirojiddinkomolov/Documents/innopolis/research/arch_design_pattern_detection/exps/3rd_revision/coach_repos_r/debDroid-master/src/de/mangelow/debdroid/tools/Helper.java,de.mangelow.debdroid.tools.Helper,"getSearchResults/2[de.mangelow.debdroid.tools.Context,java.lang.String]",SUITE,2
/Users/sirojiddinkomolov/Documents/innopolis/research/arch_design_pattern_detection/exps/3rd_revision/coach_repos_r/debDroid-master/src/de/mangelow/debdroid/tools/Helper.java,de.mangelow.debdroid.tools.Helper,"getSearchResults/2[de.mangelow.debdroid.tools.Context,java.lang.String]",SUITE_DEFAULT,1
/Users/sirojiddinkomolov/Documents/innopolis/research/arch_design_pattern_detection/exps/3rd_revision/coach_repos_r/debDroid-master/src/de/mangelow/debdroid/tools/Helper.java,de.mangelow.debdroid.tools.Helper,"getSearchResults/2[de.mangelow.debdroid.tools.Context,java.lang.String]",SEARCHON_DEFAULT,2
/Users/sirojiddinkomolov/Documents/innopolis/research/arch_design_pattern_detection/exps/3rd_revision/coach_repos_r/debDroid-master/src/de/mangelow/debdroid/tools/Helper.java,de.mangelow.debdroid.tools.Helper,"getSearchResults/2[de.mangelow.debdroid.tools.Context,java.lang.String]",D,1
/Users/sirojiddinkomolov/Documents/innopolis/research/arch_design_pattern_detection/exps/3rd_revision/coach_repos_r/debDroid-master/src/de/mangelow/debdroid/tools/Helper.java,de.mangelow.debdroid.tools.Helper,"getSearchResults/2[de.mangelow.debdroid.tools.Context,java.lang.String]",DEBIAN_PACKAGESEARCH_URL,1
/Users/sirojiddinkomolov/Documents/innopolis/research/arch_design_pattern_detection/exps/3rd_revision/coach_repos_r/debDroid-master/src/de/mangelow/debdroid/tools/Helper.java,de.mangelow.debdroid.tools.Helper,"getSearchResults/2[de.mangelow.debdroid.tools.Context,java.lang.String]",SEARCHON,1
/Users/sirojiddinkomolov/Documents/innopolis/research/arch_design_pattern_detection/exps/3rd_revision/coach_repos_r/debDroid-master/src/de/mangelow/debdroid/tools/Helper.java,de.mangelow.debdroid.tools.Helper,"getSearchResults/2[de.mangelow.debdroid.tools.Context,java.lang.String]",TAG,1
/Users/sirojiddinkomolov/Documents/innopolis/research/arch_design_pattern_detection/exps/3rd_revision/coach_repos_r/debDroid-master/src/de/mangelow/debdroid/tools/Helper.java,de.mangelow.debdroid.tools.Helper,"getSearchResults/2[de.mangelow.debdroid.tools.Context,java.lang.String]",SECTION,2
/Users/sirojiddinkomolov/Documents/innopolis/research/arch_design_pattern_detection/exps/3rd_revision/coach_repos_r/debDroid-master/src/de/mangelow/debdroid/tools/Helper.java,de.mangelow.debdroid.tools.Helper,"getSearchResults/2[de.mangelow.debdroid.tools.Context,java.lang.String]",SECTION_DEFAULT,1
/Users/sirojiddinkomolov/Documents/innopolis/research/arch_design_pattern_detection/exps/3rd_revision/coach_repos_r/debDroid-master/src/de/mangelow/debdroid/DetailsActivity.java,de.mangelow.debdroid.DetailsActivity,onOptionsItemSelected/1[de.mangelow.debdroid.MenuItem],context,3
/Users/sirojiddinkomolov/Documents/innopolis/research/arch_design_pattern_detection/exps/3rd_revision/coach_repos_r/debDroid-master/src/de/mangelow/debdroid/DetailsActivity.java,de.mangelow.debdroid.DetailsActivity,onOptionsItemSelected/1[de.mangelow.debdroid.MenuItem],mHelper,1
/Users/sirojiddinkomolov/Documents/innopolis/research/arch_design_pattern_detection/exps/3rd_revision/coach_repos_r/debDroid-master/src/de/mangelow/debdroid/DetailsActivity.java,de.mangelow.debdroid.DetailsActivity,onCreate/1[de.mangelow.debdroid.Bundle],ab,3
/Users/sirojiddinkomolov/Documents/innopolis/research/arch_design_pattern_detection/exps/3rd_revision/coach_repos_r/debDroid-master/src/de/mangelow/debdroid/DetailsActivity.java,de.mangelow.debdroid.DetailsActivity,onCreate/1[de.mangelow.debdroid.Bundle],context,1
/Users/sirojiddinkomolov/Documents/innopolis/research/arch_design_pattern_detection/exps/3rd_revision/coach_repos_r/debDroid-master/src/de/mangelow/debdroid/MainActivity.java,de.mangelow.debdroid.MainActivity,"onKeyDown/2[int,de.mangelow.debdroid.KeyEvent]",f_sr,1
/Users/sirojiddinkomolov/Documents/innopolis/research/arch_design_pattern_detection/exps/3rd_revision/coach_repos_r/debDroid-master/src/de/mangelow/debdroid/MainActivity.java,de.mangelow.debdroid.MainActivity,onCreate/1[de.mangelow.debdroid.Bundle],f_sr,2
/Users/sirojiddinkomolov/Documents/innopolis/research/arch_design_pattern_detection/exps/3rd_revision/coach_repos_r/debDroid-master/src/de/mangelow/debdroid/OptionsActivity.java,de.mangelow.debdroid.OptionsActivity,createPreferences/0,res,14
/Users/sirojiddinkomolov/Documents/innopolis/research/arch_design_pattern_detection/exps/3rd_revision/coach_repos_r/debDroid-master/src/de/mangelow/debdroid/OptionsActivity.java,de.mangelow.debdroid.OptionsActivity,createPreferences/0,context,16
/Users/sirojiddinkomolov/Documents/innopolis/research/arch_design_pattern_detection/exps/3rd_revision/coach_repos_r/debDroid-master/src/de/mangelow/debdroid/OptionsActivity.java,de.mangelow.debdroid.OptionsActivity,createPreferences/0,mHelper,8
/Users/sirojiddinkomolov/Documents/innopolis/research/arch_design_pattern_detection/exps/3rd_revision/coach_repos_r/debDroid-master/src/de/mangelow/debdroid/OptionsActivity.java,de.mangelow.debdroid.OptionsActivity,onCreate/1[de.mangelow.debdroid.Bundle],res,2
/Users/sirojiddinkomolov/Documents/innopolis/research/arch_design_pattern_detection/exps/3rd_revision/coach_repos_r/debDroid-master/src/de/mangelow/debdroid/OptionsActivity.java,de.mangelow.debdroid.OptionsActivity,onCreate/1[de.mangelow.debdroid.Bundle],context,1
/Users/sirojiddinkomolov/Documents/innopolis/research/arch_design_pattern_detection/exps/3rd_revision/coach_repos_r/debDroid-master/src/de/mangelow/debdroid/fragments/DetailsFragment.java,de.mangelow.debdroid.fragments.DetailsFragment,"onCreateView/3[de.mangelow.debdroid.fragments.LayoutInflater,de.mangelow.debdroid.fragments.ViewGroup,de.mangelow.debdroid.fragments.Bundle]",pb,2
/Users/sirojiddinkomolov/Documents/innopolis/research/arch_design_pattern_detection/exps/3rd_revision/coach_repos_r/debDroid-master/src/de/mangelow/debdroid/fragments/DetailsFragment.java,de.mangelow.debdroid.fragments.DetailsFragment,"onCreateView/3[de.mangelow.debdroid.fragments.LayoutInflater,de.mangelow.debdroid.fragments.ViewGroup,de.mangelow.debdroid.fragments.Bundle]",tv,3
/Users/sirojiddinkomolov/Documents/innopolis/research/arch_design_pattern_detection/exps/3rd_revision/coach_repos_r/debDroid-master/src/de/mangelow/debdroid/fragments/DetailsFragment.java,de.mangelow.debdroid.fragments.DetailsFragment,"onCreateView/3[de.mangelow.debdroid.fragments.LayoutInflater,de.mangelow.debdroid.fragments.ViewGroup,de.mangelow.debdroid.fragments.Bundle]",D,1
/Users/sirojiddinkomolov/Documents/innopolis/research/arch_design_pattern_detection/exps/3rd_revision/coach_repos_r/debDroid-master/src/de/mangelow/debdroid/fragments/DetailsFragment.java,de.mangelow.debdroid.fragments.DetailsFragment,"onCreateView/3[de.mangelow.debdroid.fragments.LayoutInflater,de.mangelow.debdroid.fragments.ViewGroup,de.mangelow.debdroid.fragments.Bundle]",v,5
/Users/sirojiddinkomolov/Documents/innopolis/research/arch_design_pattern_detection/exps/3rd_revision/coach_repos_r/debDroid-master/src/de/mangelow/debdroid/fragments/DetailsFragment.java,de.mangelow.debdroid.fragments.DetailsFragment,"onCreateView/3[de.mangelow.debdroid.fragments.LayoutInflater,de.mangelow.debdroid.fragments.ViewGroup,de.mangelow.debdroid.fragments.Bundle]",DEBIAN_PACKAGES_URL,2
/Users/sirojiddinkomolov/Documents/innopolis/research/arch_design_pattern_detection/exps/3rd_revision/coach_repos_r/debDroid-master/src/de/mangelow/debdroid/fragments/DetailsFragment.java,de.mangelow.debdroid.fragments.DetailsFragment,"onCreateView/3[de.mangelow.debdroid.fragments.LayoutInflater,de.mangelow.debdroid.fragments.ViewGroup,de.mangelow.debdroid.fragments.Bundle]",TAG,1
/Users/sirojiddinkomolov/Documents/innopolis/research/arch_design_pattern_detection/exps/3rd_revision/coach_repos_r/debDroid-master/src/de/mangelow/debdroid/fragments/DetailsFragment.java,de.mangelow.debdroid.fragments.DetailsFragment,"onCreateView/3[de.mangelow.debdroid.fragments.LayoutInflater,de.mangelow.debdroid.fragments.ViewGroup,de.mangelow.debdroid.fragments.Bundle]",mHelper,1
/Users/sirojiddinkomolov/Documents/innopolis/research/arch_design_pattern_detection/exps/3rd_revision/coach_repos_r/debDroid-master/src/de/mangelow/debdroid/fragments/DetailsFragment.java,de.mangelow.debdroid.fragments.DetailsFragment,"onCreateView/3[de.mangelow.debdroid.fragments.LayoutInflater,de.mangelow.debdroid.fragments.ViewGroup,de.mangelow.debdroid.fragments.Bundle]",wv,7
/Users/sirojiddinkomolov/Documents/innopolis/research/arch_design_pattern_detection/exps/3rd_revision/coach_repos_r/debDroid-master/src/com/fedorvlasov/lazylist/ImageLoader.java,com.fedorvlasov.lazylist.ImageLoader$BitmapDisplayer,run/0,photoToLoad,1
/Users/sirojiddinkomolov/Documents/innopolis/research/arch_design_pattern_detection/exps/3rd_revision/coach_repos_r/debDroid-master/src/com/fedorvlasov/lazylist/ImageLoader.java,com.fedorvlasov.lazylist.ImageLoader$BitmapDisplayer,run/0,bitmap,2
/Users/sirojiddinkomolov/Documents/innopolis/research/arch_design_pattern_detection/exps/3rd_revision/coach_repos_r/debDroid-master/src/com/fedorvlasov/lazylist/ImageLoader.java,com.fedorvlasov.lazylist.ImageLoader$BitmapDisplayer,"BitmapDisplayer/2[com.fedorvlasov.lazylist.Bitmap,com.fedorvlasov.lazylist.ImageLoader.PhotoToLoad]",photoToLoad,1
/Users/sirojiddinkomolov/Documents/innopolis/research/arch_design_pattern_detection/exps/3rd_revision/coach_repos_r/debDroid-master/src/com/fedorvlasov/lazylist/ImageLoader.java,com.fedorvlasov.lazylist.ImageLoader$BitmapDisplayer,"BitmapDisplayer/2[com.fedorvlasov.lazylist.Bitmap,com.fedorvlasov.lazylist.ImageLoader.PhotoToLoad]",bitmap,1
/Users/sirojiddinkomolov/Documents/innopolis/research/arch_design_pattern_detection/exps/3rd_revision/coach_repos_r/debDroid-master/src/de/mangelow/debdroid/data/Version.java,de.mangelow.debdroid.data.Version,setVersion/1[java.lang.String],version,3
/Users/sirojiddinkomolov/Documents/innopolis/research/arch_design_pattern_detection/exps/3rd_revision/coach_repos_r/debDroid-master/src/de/mangelow/debdroid/data/Version.java,de.mangelow.debdroid.data.Version,setArchs/1[java.lang.String[]],archs,3
/Users/sirojiddinkomolov/Documents/innopolis/research/arch_design_pattern_detection/exps/3rd_revision/coach_repos_r/debDroid-master/src/de/mangelow/debdroid/data/Version.java,de.mangelow.debdroid.data.Version,getArchs/0,archs,1
/Users/sirojiddinkomolov/Documents/innopolis/research/arch_design_pattern_detection/exps/3rd_revision/coach_repos_r/debDroid-master/src/de/mangelow/debdroid/data/Version.java,de.mangelow.debdroid.data.Version,getVersion/0,version,1
/Users/sirojiddinkomolov/Documents/innopolis/research/arch_design_pattern_detection/exps/3rd_revision/coach_repos_r/debDroid-master/src/com/fedorvlasov/lazylist/ImageLoader.java,com.fedorvlasov.lazylist.ImageLoader,"DisplayImage/2[java.lang.String,com.fedorvlasov.lazylist.TextView]",stub_id,1
/Users/sirojiddinkomolov/Documents/innopolis/research/arch_design_pattern_detection/exps/3rd_revision/coach_repos_r/debDroid-master/src/com/fedorvlasov/lazylist/ImageLoader.java,com.fedorvlasov.lazylist.ImageLoader,"DisplayImage/2[java.lang.String,com.fedorvlasov.lazylist.TextView]",context,1
/Users/sirojiddinkomolov/Documents/innopolis/research/arch_design_pattern_detection/exps/3rd_revision/coach_repos_r/debDroid-master/src/com/fedorvlasov/lazylist/ImageLoader.java,com.fedorvlasov.lazylist.ImageLoader,"DisplayImage/2[java.lang.String,com.fedorvlasov.lazylist.TextView]",memoryCache,1
/Users/sirojiddinkomolov/Documents/innopolis/research/arch_design_pattern_detection/exps/3rd_revision/coach_repos_r/debDroid-master/src/com/fedorvlasov/lazylist/ImageLoader.java,com.fedorvlasov.lazylist.ImageLoader,"DisplayImage/2[java.lang.String,com.fedorvlasov.lazylist.TextView]",imageViews,1
/Users/sirojiddinkomolov/Documents/innopolis/research/arch_design_pattern_detection/exps/3rd_revision/coach_repos_r/debDroid-master/src/com/fedorvlasov/lazylist/ImageLoader.java,com.fedorvlasov.lazylist.ImageLoader,clearCache/0,fileCache,1
/Users/sirojiddinkomolov/Documents/innopolis/research/arch_design_pattern_detection/exps/3rd_revision/coach_repos_r/debDroid-master/src/com/fedorvlasov/lazylist/ImageLoader.java,com.fedorvlasov.lazylist.ImageLoader,clearCache/0,memoryCache,1
/Users/sirojiddinkomolov/Documents/innopolis/research/arch_design_pattern_detection/exps/3rd_revision/coach_repos_r/debDroid-master/src/com/fedorvlasov/lazylist/ImageLoader.java,com.fedorvlasov.lazylist.ImageLoader,"queuePhoto/2[java.lang.String,com.fedorvlasov.lazylist.TextView]",executorService,1
/Users/sirojiddinkomolov/Documents/innopolis/research/arch_design_pattern_detection/exps/3rd_revision/coach_repos_r/debDroid-master/src/com/fedorvlasov/lazylist/ImageLoader.java,com.fedorvlasov.lazylist.ImageLoader,imageViewReused/1[com.fedorvlasov.lazylist.ImageLoader.PhotoToLoad],imageViews,1
/Users/sirojiddinkomolov/Documents/innopolis/research/arch_design_pattern_detection/exps/3rd_revision/coach_repos_r/debDroid-master/src/com/fedorvlasov/lazylist/ImageLoader.java,com.fedorvlasov.lazylist.ImageLoader,getBitmap/1[java.lang.String],fileCache,1
/Users/sirojiddinkomolov/Documents/innopolis/research/arch_design_pattern_detection/exps/3rd_revision/coach_repos_r/debDroid-master/src/com/fedorvlasov/lazylist/ImageLoader.java,com.fedorvlasov.lazylist.ImageLoader,getBitmap/1[java.lang.String],memoryCache,1
/Users/sirojiddinkomolov/Documents/innopolis/research/arch_design_pattern_detection/exps/3rd_revision/coach_repos_r/debDroid-master/src/com/fedorvlasov/lazylist/ImageLoader.java,com.fedorvlasov.lazylist.ImageLoader,ImageLoader/1[com.fedorvlasov.lazylist.Context],fileCache,1
/Users/sirojiddinkomolov/Documents/innopolis/research/arch_design_pattern_detection/exps/3rd_revision/coach_repos_r/debDroid-master/src/com/fedorvlasov/lazylist/ImageLoader.java,com.fedorvlasov.lazylist.ImageLoader,ImageLoader/1[com.fedorvlasov.lazylist.Context],executorService,1
/Users/sirojiddinkomolov/Documents/innopolis/research/arch_design_pattern_detection/exps/3rd_revision/coach_repos_r/debDroid-master/src/com/fedorvlasov/lazylist/ImageLoader.java,com.fedorvlasov.lazylist.ImageLoader,ImageLoader/1[com.fedorvlasov.lazylist.Context],context,4
/Users/sirojiddinkomolov/Documents/innopolis/research/arch_design_pattern_detection/exps/3rd_revision/coach_repos_r/debDroid-master/src/de/mangelow/debdroid/fragments/SearchResultsFragment.java,de.mangelow.debdroid.fragments.SearchResultsFragment,onOptionsItemSelected/1[de.mangelow.debdroid.fragments.MenuItem],context,3
/Users/sirojiddinkomolov/Documents/innopolis/research/arch_design_pattern_detection/exps/3rd_revision/coach_repos_r/debDroid-master/src/de/mangelow/debdroid/fragments/SearchResultsFragment.java,de.mangelow.debdroid.fragments.SearchResultsFragment,onOptionsItemSelected/1[de.mangelow.debdroid.fragments.MenuItem],mHelper,1
/Users/sirojiddinkomolov/Documents/innopolis/research/arch_design_pattern_detection/exps/3rd_revision/coach_repos_r/debDroid-master/src/de/mangelow/debdroid/fragments/SearchResultsFragment.java,de.mangelow.debdroid.fragments.SearchResultsFragment,"onCreateView/3[de.mangelow.debdroid.fragments.LayoutInflater,de.mangelow.debdroid.fragments.ViewGroup,de.mangelow.debdroid.fragments.Bundle]",ab,2
/Users/sirojiddinkomolov/Documents/innopolis/research/arch_design_pattern_detection/exps/3rd_revision/coach_repos_r/debDroid-master/src/de/mangelow/debdroid/fragments/SearchResultsFragment.java,de.mangelow.debdroid.fragments.SearchResultsFragment,"onCreateView/3[de.mangelow.debdroid.fragments.LayoutInflater,de.mangelow.debdroid.fragments.ViewGroup,de.mangelow.debdroid.fragments.Bundle]",pb,2
/Users/sirojiddinkomolov/Documents/innopolis/research/arch_design_pattern_detection/exps/3rd_revision/coach_repos_r/debDroid-master/src/de/mangelow/debdroid/fragments/SearchResultsFragment.java,de.mangelow.debdroid.fragments.SearchResultsFragment,"onCreateView/3[de.mangelow.debdroid.fragments.LayoutInflater,de.mangelow.debdroid.fragments.ViewGroup,de.mangelow.debdroid.fragments.Bundle]",tv,3
/Users/sirojiddinkomolov/Documents/innopolis/research/arch_design_pattern_detection/exps/3rd_revision/coach_repos_r/debDroid-master/src/de/mangelow/debdroid/fragments/SearchResultsFragment.java,de.mangelow.debdroid.fragments.SearchResultsFragment,"onCreateView/3[de.mangelow.debdroid.fragments.LayoutInflater,de.mangelow.debdroid.fragments.ViewGroup,de.mangelow.debdroid.fragments.Bundle]",context,4
/Users/sirojiddinkomolov/Documents/innopolis/research/arch_design_pattern_detection/exps/3rd_revision/coach_repos_r/debDroid-master/src/de/mangelow/debdroid/fragments/SearchResultsFragment.java,de.mangelow.debdroid.fragments.SearchResultsFragment,"onCreateView/3[de.mangelow.debdroid.fragments.LayoutInflater,de.mangelow.debdroid.fragments.ViewGroup,de.mangelow.debdroid.fragments.Bundle]",textsize_values,3
/Users/sirojiddinkomolov/Documents/innopolis/research/arch_design_pattern_detection/exps/3rd_revision/coach_repos_r/debDroid-master/src/de/mangelow/debdroid/fragments/SearchResultsFragment.java,de.mangelow.debdroid.fragments.SearchResultsFragment,"onCreateView/3[de.mangelow.debdroid.fragments.LayoutInflater,de.mangelow.debdroid.fragments.ViewGroup,de.mangelow.debdroid.fragments.Bundle]",packagename,3
/Users/sirojiddinkomolov/Documents/innopolis/research/arch_design_pattern_detection/exps/3rd_revision/coach_repos_r/debDroid-master/src/de/mangelow/debdroid/fragments/SearchResultsFragment.java,de.mangelow.debdroid.fragments.SearchResultsFragment,"onCreateView/3[de.mangelow.debdroid.fragments.LayoutInflater,de.mangelow.debdroid.fragments.ViewGroup,de.mangelow.debdroid.fragments.Bundle]",mHelper,2
/Users/sirojiddinkomolov/Documents/innopolis/research/arch_design_pattern_detection/exps/3rd_revision/coach_repos_r/debDroid-master/src/de/mangelow/debdroid/fragments/SearchResultsFragment.java,de.mangelow.debdroid.fragments.SearchResultsFragment,"onCreateView/3[de.mangelow.debdroid.fragments.LayoutInflater,de.mangelow.debdroid.fragments.ViewGroup,de.mangelow.debdroid.fragments.Bundle]",elv,5
/Users/sirojiddinkomolov/Documents/innopolis/research/arch_design_pattern_detection/exps/3rd_revision/coach_repos_r/debDroid-master/src/de/mangelow/debdroid/fragments/SearchResultsFragment.java,de.mangelow.debdroid.fragments.SearchResultsFragment,myOnKeyDown/1[de.mangelow.debdroid.fragments.KeyEvent],sv,3
/Users/sirojiddinkomolov/Documents/innopolis/research/arch_design_pattern_detection/exps/3rd_revision/coach_repos_r/debDroid-master/src/de/mangelow/debdroid/fragments/SearchResultsFragment.java,de.mangelow.debdroid.fragments.SearchResultsFragment,newInstance/1[java.lang.String],packagename,2
/Users/sirojiddinkomolov/Documents/innopolis/research/arch_design_pattern_detection/exps/3rd_revision/coach_repos_r/debDroid-master/src/de/mangelow/debdroid/fragments/SearchResultsFragment.java,de.mangelow.debdroid.fragments.SearchResultsFragment,setData/1[java.lang.String],packagename,3
/Users/sirojiddinkomolov/Documents/innopolis/research/arch_design_pattern_detection/exps/3rd_revision/coach_repos_r/debDroid-master/src/de/mangelow/debdroid/fragments/SearchResultsFragment.java,de.mangelow.debdroid.fragments.SearchResultsFragment,"onCreateOptionsMenu/2[de.mangelow.debdroid.fragments.Menu,de.mangelow.debdroid.fragments.MenuInflater]",sv,5
/Users/sirojiddinkomolov/Documents/innopolis/research/arch_design_pattern_detection/exps/3rd_revision/coach_repos_r/debDroid-master/src/com/fedorvlasov/lazylist/FileCache.java,com.fedorvlasov.lazylist.FileCache,clear/0,cacheDir,1
/Users/sirojiddinkomolov/Documents/innopolis/research/arch_design_pattern_detection/exps/3rd_revision/coach_repos_r/debDroid-master/src/com/fedorvlasov/lazylist/FileCache.java,com.fedorvlasov.lazylist.FileCache,FileCache/1[com.fedorvlasov.lazylist.Context],cacheDir,4
/Users/sirojiddinkomolov/Documents/innopolis/research/arch_design_pattern_detection/exps/3rd_revision/coach_repos_r/debDroid-master/src/com/fedorvlasov/lazylist/FileCache.java,com.fedorvlasov.lazylist.FileCache,getFile/1[java.lang.String],cacheDir,1
/Users/sirojiddinkomolov/Documents/innopolis/research/arch_design_pattern_detection/exps/3rd_revision/coach_repos_r/debDroid-master/src/de/mangelow/debdroid/tools/ListViewAdapter.java,de.mangelow.debdroid.tools.ListViewAdapter,"getGroupView/4[int,boolean,de.mangelow.debdroid.tools.View,de.mangelow.debdroid.tools.ViewGroup]",URL_SCREENSHOTS,2
/Users/sirojiddinkomolov/Documents/innopolis/research/arch_design_pattern_detection/exps/3rd_revision/coach_repos_r/debDroid-master/src/de/mangelow/debdroid/tools/ListViewAdapter.java,de.mangelow.debdroid.tools.ListViewAdapter,"getGroupView/4[int,boolean,de.mangelow.debdroid.tools.View,de.mangelow.debdroid.tools.ViewGroup]",images,4
/Users/sirojiddinkomolov/Documents/innopolis/research/arch_design_pattern_detection/exps/3rd_revision/coach_repos_r/debDroid-master/src/de/mangelow/debdroid/tools/ListViewAdapter.java,de.mangelow.debdroid.tools.ListViewAdapter,"getGroupView/4[int,boolean,de.mangelow.debdroid.tools.View,de.mangelow.debdroid.tools.ViewGroup]",searchresultsview,2
/Users/sirojiddinkomolov/Documents/innopolis/research/arch_design_pattern_detection/exps/3rd_revision/coach_repos_r/debDroid-master/src/de/mangelow/debdroid/tools/ListViewAdapter.java,de.mangelow.debdroid.tools.ListViewAdapter,"getGroupView/4[int,boolean,de.mangelow.debdroid.tools.View,de.mangelow.debdroid.tools.ViewGroup]",il,2
/Users/sirojiddinkomolov/Documents/innopolis/research/arch_design_pattern_detection/exps/3rd_revision/coach_repos_r/debDroid-master/src/de/mangelow/debdroid/tools/ListViewAdapter.java,de.mangelow.debdroid.tools.ListViewAdapter,"getGroupView/4[int,boolean,de.mangelow.debdroid.tools.View,de.mangelow.debdroid.tools.ViewGroup]",textsize,1
/Users/sirojiddinkomolov/Documents/innopolis/research/arch_design_pattern_detection/exps/3rd_revision/coach_repos_r/debDroid-master/src/de/mangelow/debdroid/tools/ListViewAdapter.java,de.mangelow.debdroid.tools.ListViewAdapter,"getGroupView/4[int,boolean,de.mangelow.debdroid.tools.View,de.mangelow.debdroid.tools.ViewGroup]",lastpackagename,2
/Users/sirojiddinkomolov/Documents/innopolis/research/arch_design_pattern_detection/exps/3rd_revision/coach_repos_r/debDroid-master/src/de/mangelow/debdroid/tools/ListViewAdapter.java,de.mangelow.debdroid.tools.ListViewAdapter,"getGroupView/4[int,boolean,de.mangelow.debdroid.tools.View,de.mangelow.debdroid.tools.ViewGroup]",context,2
/Users/sirojiddinkomolov/Documents/innopolis/research/arch_design_pattern_detection/exps/3rd_revision/coach_repos_r/debDroid-master/src/de/mangelow/debdroid/tools/ListViewAdapter.java,de.mangelow.debdroid.tools.ListViewAdapter,"getGroupView/4[int,boolean,de.mangelow.debdroid.tools.View,de.mangelow.debdroid.tools.ViewGroup]",textsize_values,1
/Users/sirojiddinkomolov/Documents/innopolis/research/arch_design_pattern_detection/exps/3rd_revision/coach_repos_r/debDroid-master/src/de/mangelow/debdroid/tools/ListViewAdapter.java,de.mangelow.debdroid.tools.ListViewAdapter,"getChild/2[int,int]",searchresults,1
/Users/sirojiddinkomolov/Documents/innopolis/research/arch_design_pattern_detection/exps/3rd_revision/coach_repos_r/debDroid-master/src/de/mangelow/debdroid/tools/ListViewAdapter.java,de.mangelow.debdroid.tools.ListViewAdapter,getGroup/1[int],searchresults,1
/Users/sirojiddinkomolov/Documents/innopolis/research/arch_design_pattern_detection/exps/3rd_revision/coach_repos_r/debDroid-master/src/de/mangelow/debdroid/tools/ListViewAdapter.java,de.mangelow.debdroid.tools.ListViewAdapter,"getChildView/5[int,int,boolean,de.mangelow.debdroid.tools.View,de.mangelow.debdroid.tools.ViewGroup]",images,1
/Users/sirojiddinkomolov/Documents/innopolis/research/arch_design_pattern_detection/exps/3rd_revision/coach_repos_r/debDroid-master/src/de/mangelow/debdroid/tools/ListViewAdapter.java,de.mangelow.debdroid.tools.ListViewAdapter,"getChildView/5[int,int,boolean,de.mangelow.debdroid.tools.View,de.mangelow.debdroid.tools.ViewGroup]",searchresultsview,3
/Users/sirojiddinkomolov/Documents/innopolis/research/arch_design_pattern_detection/exps/3rd_revision/coach_repos_r/debDroid-master/src/de/mangelow/debdroid/tools/ListViewAdapter.java,de.mangelow.debdroid.tools.ListViewAdapter,"getChildView/5[int,int,boolean,de.mangelow.debdroid.tools.View,de.mangelow.debdroid.tools.ViewGroup]",textsize,1
/Users/sirojiddinkomolov/Documents/innopolis/research/arch_design_pattern_detection/exps/3rd_revision/coach_repos_r/debDroid-master/src/de/mangelow/debdroid/tools/ListViewAdapter.java,de.mangelow.debdroid.tools.ListViewAdapter,"getChildView/5[int,int,boolean,de.mangelow.debdroid.tools.View,de.mangelow.debdroid.tools.ViewGroup]",context,2
/Users/sirojiddinkomolov/Documents/innopolis/research/arch_design_pattern_detection/exps/3rd_revision/coach_repos_r/debDroid-master/src/de/mangelow/debdroid/tools/ListViewAdapter.java,de.mangelow.debdroid.tools.ListViewAdapter,"getChildView/5[int,int,boolean,de.mangelow.debdroid.tools.View,de.mangelow.debdroid.tools.ViewGroup]",textsize_values,1
/Users/sirojiddinkomolov/Documents/innopolis/research/arch_design_pattern_detection/exps/3rd_revision/coach_repos_r/debDroid-master/src/de/mangelow/debdroid/tools/ListViewAdapter.java,de.mangelow.debdroid.tools.ListViewAdapter,"ListViewAdapter/3[de.mangelow.debdroid.tools.Context,de.mangelow.debdroid.data.SearchResult[],int]",images,2
/Users/sirojiddinkomolov/Documents/innopolis/research/arch_design_pattern_detection/exps/3rd_revision/coach_repos_r/debDroid-master/src/de/mangelow/debdroid/tools/ListViewAdapter.java,de.mangelow.debdroid.tools.ListViewAdapter,"ListViewAdapter/3[de.mangelow.debdroid.tools.Context,de.mangelow.debdroid.data.SearchResult[],int]",searchresultsview,3
/Users/sirojiddinkomolov/Documents/innopolis/research/arch_design_pattern_detection/exps/3rd_revision/coach_repos_r/debDroid-master/src/de/mangelow/debdroid/tools/ListViewAdapter.java,de.mangelow.debdroid.tools.ListViewAdapter,"ListViewAdapter/3[de.mangelow.debdroid.tools.Context,de.mangelow.debdroid.data.SearchResult[],int]",il,1
/Users/sirojiddinkomolov/Documents/innopolis/research/arch_design_pattern_detection/exps/3rd_revision/coach_repos_r/debDroid-master/src/de/mangelow/debdroid/tools/ListViewAdapter.java,de.mangelow.debdroid.tools.ListViewAdapter,"ListViewAdapter/3[de.mangelow.debdroid.tools.Context,de.mangelow.debdroid.data.SearchResult[],int]",searchresults,3
/Users/sirojiddinkomolov/Documents/innopolis/research/arch_design_pattern_detection/exps/3rd_revision/coach_repos_r/debDroid-master/src/de/mangelow/debdroid/tools/ListViewAdapter.java,de.mangelow.debdroid.tools.ListViewAdapter,"ListViewAdapter/3[de.mangelow.debdroid.tools.Context,de.mangelow.debdroid.data.SearchResult[],int]",textsize,1
/Users/sirojiddinkomolov/Documents/innopolis/research/arch_design_pattern_detection/exps/3rd_revision/coach_repos_r/debDroid-master/src/de/mangelow/debdroid/tools/ListViewAdapter.java,de.mangelow.debdroid.tools.ListViewAdapter,"ListViewAdapter/3[de.mangelow.debdroid.tools.Context,de.mangelow.debdroid.data.SearchResult[],int]",context,7
/Users/sirojiddinkomolov/Documents/innopolis/research/arch_design_pattern_detection/exps/3rd_revision/coach_repos_r/debDroid-master/src/de/mangelow/debdroid/tools/ListViewAdapter.java,de.mangelow.debdroid.tools.ListViewAdapter,"ListViewAdapter/3[de.mangelow.debdroid.tools.Context,de.mangelow.debdroid.data.SearchResult[],int]",textsize_values,2
/Users/sirojiddinkomolov/Documents/innopolis/research/arch_design_pattern_detection/exps/3rd_revision/coach_repos_r/debDroid-master/src/de/mangelow/debdroid/tools/ListViewAdapter.java,de.mangelow.debdroid.tools.ListViewAdapter,"ListViewAdapter/3[de.mangelow.debdroid.tools.Context,de.mangelow.debdroid.data.SearchResult[],int]",mHelper,2
/Users/sirojiddinkomolov/Documents/innopolis/research/arch_design_pattern_detection/exps/3rd_revision/coach_repos_r/debDroid-master/src/de/mangelow/debdroid/tools/ListViewAdapter.java,de.mangelow.debdroid.tools.ListViewAdapter,getChildrenCount/1[int],searchresultsview,1
/Users/sirojiddinkomolov/Documents/innopolis/research/arch_design_pattern_detection/exps/3rd_revision/coach_repos_r/debDroid-master/src/de/mangelow/debdroid/tools/ListViewAdapter.java,de.mangelow.debdroid.tools.ListViewAdapter,getChildrenCount/1[int],searchresults,1
/Users/sirojiddinkomolov/Documents/innopolis/research/arch_design_pattern_detection/exps/3rd_revision/coach_repos_r/debDroid-master/src/de/mangelow/debdroid/tools/Receiver.java,de.mangelow.debdroid.tools.Receiver,"onReceive/2[de.mangelow.debdroid.tools.Context,de.mangelow.debdroid.tools.Intent]",D,2
/Users/sirojiddinkomolov/Documents/innopolis/research/arch_design_pattern_detection/exps/3rd_revision/coach_repos_r/debDroid-master/src/de/mangelow/debdroid/tools/Receiver.java,de.mangelow.debdroid.tools.Receiver,"onReceive/2[de.mangelow.debdroid.tools.Context,de.mangelow.debdroid.tools.Intent]",TAG,2
/Users/sirojiddinkomolov/Documents/innopolis/research/arch_design_pattern_detection/exps/3rd_revision/coach_repos_r/debDroid-master/src/de/mangelow/debdroid/tools/Receiver.java,de.mangelow.debdroid.tools.Receiver,"onReceive/2[de.mangelow.debdroid.tools.Context,de.mangelow.debdroid.tools.Intent]",mHelper,2
