file,class,method,constructor,line,cbo,cboModified,fanin,fanout,wmc,rfc,loc,returnsQty,variablesQty,parametersQty,methodsInvokedQty,methodsInvokedLocalQty,methodsInvokedIndirectLocalQty,loopQty,comparisonsQty,tryCatchQty,parenthesizedExpsQty,stringLiteralsQty,numbersQty,assignmentsQty,mathOperationsQty,maxNestedBlocksQty,anonymousClassesQty,innerClassesQty,lambdasQty,uniqueWordsQty,modifiers,logStatementsQty,hasJavaDoc
/Users/sirojiddinkomolov/Documents/innopolis/research/arch_design_pattern_detection/exps/3rd_revision/coach_repos_r/debDroid-master/src/com/fedorvlasov/lazylist/ImageLoader.java,com.fedorvlasov.lazylist.ImageLoader$PhotoToLoad,"PhotoToLoad/2[java.lang.String,com.fedorvlasov.lazylist.TextView]",true,170,1,1,1,0,1,0,4,0,0,2,0,0,0,0,0,0,0,0,0,2,0,0,0,0,0,8,1,0,false
/Users/sirojiddinkomolov/Documents/innopolis/research/arch_design_pattern_detection/exps/3rd_revision/coach_repos_r/debDroid-master/src/com/fedorvlasov/lazylist/Utils.java,com.fedorvlasov.lazylist.Utils,"CopyStream/2[java.io.InputStream,java.io.OutputStream]",false,34,1,1,1,0,4,2,13,0,3,2,2,0,0,1,1,1,0,0,4,3,0,3,0,0,0,10,9,0,false
/Users/sirojiddinkomolov/Documents/innopolis/research/arch_design_pattern_detection/exps/3rd_revision/coach_repos_r/debDroid-master/src/de/mangelow/debdroid/fragments/SearchResultsFragment.java,de.mangelow.debdroid.fragments.SearchResultsFragment$ListViewTask,onPostExecute/1[java.lang.Boolean],false,247,1,1,0,1,4,9,19,0,0,1,9,0,0,0,2,0,0,2,1,1,1,1,0,0,0,14,4,0,false
/Users/sirojiddinkomolov/Documents/innopolis/research/arch_design_pattern_detection/exps/3rd_revision/coach_repos_r/debDroid-master/src/de/mangelow/debdroid/fragments/SearchResultsFragment.java,de.mangelow.debdroid.fragments.SearchResultsFragment$ListViewTask,onPreExecute/0,false,221,1,1,0,1,1,9,10,0,0,0,9,0,0,0,0,0,0,1,1,0,1,0,0,0,0,6,4,0,false
/Users/sirojiddinkomolov/Documents/innopolis/research/arch_design_pattern_detection/exps/3rd_revision/coach_repos_r/debDroid-master/src/de/mangelow/debdroid/fragments/SearchResultsFragment.java,de.mangelow.debdroid.fragments.SearchResultsFragment$ListViewTask,doInBackground/1[java.lang.Void[]],false,236,1,2,0,2,2,2,6,2,1,1,2,0,0,0,1,0,0,0,0,2,0,1,0,0,0,10,4,0,false
/Users/sirojiddinkomolov/Documents/innopolis/research/arch_design_pattern_detection/exps/3rd_revision/coach_repos_r/debDroid-master/src/de/mangelow/debdroid/fragments/SearchResultsFragment.java,de.mangelow.debdroid.fragments.SearchResultsFragment$ListViewTask,"ListViewTask/2[java.lang.String,int]",true,216,0,2,2,0,1,0,4,0,0,2,0,0,0,0,0,0,0,0,0,2,0,0,0,0,0,5,1,0,false
/Users/sirojiddinkomolov/Documents/innopolis/research/arch_design_pattern_detection/exps/3rd_revision/coach_repos_r/debDroid-master/src/de/mangelow/debdroid/data/Suite.java,de.mangelow.debdroid.data.Suite,getCategory/0,false,50,0,1,1,0,1,0,3,1,0,0,0,0,0,0,0,0,0,0,0,0,0,0,0,0,0,3,1,0,false
/Users/sirojiddinkomolov/Documents/innopolis/research/arch_design_pattern_detection/exps/3rd_revision/coach_repos_r/debDroid-master/src/de/mangelow/debdroid/data/Suite.java,de.mangelow.debdroid.data.Suite,setSuite/1[java.lang.String],false,29,0,1,1,0,1,0,3,0,0,1,0,0,0,0,0,0,0,0,0,1,0,0,0,0,0,3,1,0,false
/Users/sirojiddinkomolov/Documents/innopolis/research/arch_design_pattern_detection/exps/3rd_revision/coach_repos_r/debDroid-master/src/de/mangelow/debdroid/data/Suite.java,de.mangelow.debdroid.data.Suite,setVersions/1[de.mangelow.debdroid.data.Version[]],false,65,1,1,1,0,1,0,3,0,0,1,0,0,0,0,0,0,0,0,0,1,0,0,0,0,0,4,1,0,false
/Users/sirojiddinkomolov/Documents/innopolis/research/arch_design_pattern_detection/exps/3rd_revision/coach_repos_r/debDroid-master/src/de/mangelow/debdroid/data/Suite.java,de.mangelow.debdroid.data.Suite,getVersions/0,false,68,1,4,4,0,1,0,3,1,0,0,0,0,0,0,0,0,0,0,0,0,0,0,0,0,0,3,1,0,false
/Users/sirojiddinkomolov/Documents/innopolis/research/arch_design_pattern_detection/exps/3rd_revision/coach_repos_r/debDroid-master/src/de/mangelow/debdroid/data/Suite.java,de.mangelow.debdroid.data.Suite,getSuite/0,false,32,0,8,8,0,1,0,3,1,0,0,0,0,0,0,0,0,0,0,0,0,0,0,0,0,0,3,1,0,false
/Users/sirojiddinkomolov/Documents/innopolis/research/arch_design_pattern_detection/exps/3rd_revision/coach_repos_r/debDroid-master/src/de/mangelow/debdroid/data/Suite.java,de.mangelow.debdroid.data.Suite,setDescription/1[java.lang.String],false,56,0,1,1,0,1,0,3,0,0,1,0,0,0,0,0,0,0,0,0,1,0,0,0,0,0,3,1,0,false
/Users/sirojiddinkomolov/Documents/innopolis/research/arch_design_pattern_detection/exps/3rd_revision/coach_repos_r/debDroid-master/src/de/mangelow/debdroid/data/Suite.java,de.mangelow.debdroid.data.Suite,getDescription/0,false,59,0,1,1,0,1,0,3,1,0,0,0,0,0,0,0,0,0,0,0,0,0,0,0,0,0,3,1,0,false
/Users/sirojiddinkomolov/Documents/innopolis/research/arch_design_pattern_detection/exps/3rd_revision/coach_repos_r/debDroid-master/src/de/mangelow/debdroid/data/Suite.java,de.mangelow.debdroid.data.Suite,getPackagename/0,false,23,0,7,7,0,1,0,3,1,0,0,0,0,0,0,0,0,0,0,0,0,0,0,0,0,0,3,1,0,false
/Users/sirojiddinkomolov/Documents/innopolis/research/arch_design_pattern_detection/exps/3rd_revision/coach_repos_r/debDroid-master/src/de/mangelow/debdroid/data/Suite.java,de.mangelow.debdroid.data.Suite,setCategory/1[java.lang.String],false,47,0,1,1,0,1,0,3,0,0,1,0,0,0,0,0,0,0,0,0,1,0,0,0,0,0,3,1,0,false
/Users/sirojiddinkomolov/Documents/innopolis/research/arch_design_pattern_detection/exps/3rd_revision/coach_repos_r/debDroid-master/src/de/mangelow/debdroid/data/Suite.java,de.mangelow.debdroid.data.Suite,getAlias/0,false,41,0,7,7,0,1,0,3,1,0,0,0,0,0,0,0,0,0,0,0,0,0,0,0,0,0,3,1,0,false
/Users/sirojiddinkomolov/Documents/innopolis/research/arch_design_pattern_detection/exps/3rd_revision/coach_repos_r/debDroid-master/src/de/mangelow/debdroid/data/Suite.java,de.mangelow.debdroid.data.Suite,setPackagename/1[java.lang.String],false,20,0,1,1,0,1,0,3,0,0,1,0,0,0,0,0,0,0,0,0,1,0,0,0,0,0,3,1,0,false
/Users/sirojiddinkomolov/Documents/innopolis/research/arch_design_pattern_detection/exps/3rd_revision/coach_repos_r/debDroid-master/src/de/mangelow/debdroid/data/Suite.java,de.mangelow.debdroid.data.Suite,setAlias/1[java.lang.String],false,38,0,1,1,0,1,0,3,0,0,1,0,0,0,0,0,0,0,0,0,1,0,0,0,0,0,3,1,0,false
/Users/sirojiddinkomolov/Documents/innopolis/research/arch_design_pattern_detection/exps/3rd_revision/coach_repos_r/debDroid-master/src/com/fedorvlasov/lazylist/MemoryCache.java,com.fedorvlasov.lazylist.MemoryCache,setLimit/1[long],false,50,0,1,1,0,1,1,4,0,0,1,1,0,0,0,0,0,0,2,2,1,3,0,0,0,0,8,1,0,false
/Users/sirojiddinkomolov/Documents/innopolis/research/arch_design_pattern_detection/exps/3rd_revision/coach_repos_r/debDroid-master/src/com/fedorvlasov/lazylist/MemoryCache.java,com.fedorvlasov.lazylist.MemoryCache,getSizeInBytes/1[com.fedorvlasov.lazylist.Bitmap],false,104,1,2,2,0,2,2,4,2,0,1,2,0,0,0,1,0,0,0,1,0,1,1,0,0,0,7,0,0,false
/Users/sirojiddinkomolov/Documents/innopolis/research/arch_design_pattern_detection/exps/3rd_revision/coach_repos_r/debDroid-master/src/com/fedorvlasov/lazylist/MemoryCache.java,com.fedorvlasov.lazylist.MemoryCache,get/1[java.lang.String],false,55,1,1,1,0,3,3,10,3,0,1,3,0,0,0,0,1,0,0,0,0,0,2,0,0,0,8,1,0,false
/Users/sirojiddinkomolov/Documents/innopolis/research/arch_design_pattern_detection/exps/3rd_revision/coach_repos_r/debDroid-master/src/com/fedorvlasov/lazylist/MemoryCache.java,com.fedorvlasov.lazylist.MemoryCache,checkSize/0,false,79,2,2,1,1,4,9,13,0,2,0,9,1,1,1,0,0,0,3,0,3,2,3,0,0,0,11,2,0,false
/Users/sirojiddinkomolov/Documents/innopolis/research/arch_design_pattern_detection/exps/3rd_revision/coach_repos_r/debDroid-master/src/com/fedorvlasov/lazylist/MemoryCache.java,com.fedorvlasov.lazylist.MemoryCache,MemoryCache/0,true,45,1,1,0,1,1,3,3,0,0,0,3,1,1,0,0,0,0,0,1,0,1,0,0,0,0,4,1,0,false
/Users/sirojiddinkomolov/Documents/innopolis/research/arch_design_pattern_detection/exps/3rd_revision/coach_repos_r/debDroid-master/src/com/fedorvlasov/lazylist/MemoryCache.java,com.fedorvlasov.lazylist.MemoryCache,clear/0,false,94,0,2,2,0,2,2,9,0,0,0,2,0,0,0,0,1,0,0,1,1,0,1,0,0,0,6,1,0,false
/Users/sirojiddinkomolov/Documents/innopolis/research/arch_design_pattern_detection/exps/3rd_revision/coach_repos_r/debDroid-master/src/com/fedorvlasov/lazylist/MemoryCache.java,com.fedorvlasov.lazylist.MemoryCache,"put/2[java.lang.String,com.fedorvlasov.lazylist.Bitmap]",false,67,2,3,1,2,3,6,11,0,0,2,6,2,2,0,0,1,0,0,0,2,0,2,0,0,0,11,1,0,false
/Users/sirojiddinkomolov/Documents/innopolis/research/arch_design_pattern_detection/exps/3rd_revision/coach_repos_r/debDroid-master/src/de/mangelow/debdroid/data/SearchResult.java,de.mangelow.debdroid.data.SearchResult,setSuites/1[de.mangelow.debdroid.data.Suite[]],false,30,1,1,1,0,1,0,3,0,0,1,0,0,0,0,0,0,0,0,0,1,0,0,0,0,0,4,1,0,false
/Users/sirojiddinkomolov/Documents/innopolis/research/arch_design_pattern_detection/exps/3rd_revision/coach_repos_r/debDroid-master/src/de/mangelow/debdroid/data/SearchResult.java,de.mangelow.debdroid.data.SearchResult,setPackagename/1[java.lang.String],false,21,0,1,1,0,1,0,3,0,0,1,0,0,0,0,0,0,0,0,0,1,0,0,0,0,0,3,1,0,false
/Users/sirojiddinkomolov/Documents/innopolis/research/arch_design_pattern_detection/exps/3rd_revision/coach_repos_r/debDroid-master/src/de/mangelow/debdroid/data/SearchResult.java,de.mangelow.debdroid.data.SearchResult,getPackagename/0,false,24,0,1,1,0,1,0,3,1,0,0,0,0,0,0,0,0,0,0,0,0,0,0,0,0,0,3,1,0,false
/Users/sirojiddinkomolov/Documents/innopolis/research/arch_design_pattern_detection/exps/3rd_revision/coach_repos_r/debDroid-master/src/de/mangelow/debdroid/data/SearchResult.java,de.mangelow.debdroid.data.SearchResult,getSuites/0,false,33,1,5,5,0,1,0,3,1,0,0,0,0,0,0,0,0,0,0,0,0,0,0,0,0,0,3,1,0,false
/Users/sirojiddinkomolov/Documents/innopolis/research/arch_design_pattern_detection/exps/3rd_revision/coach_repos_r/debDroid-master/src/com/fedorvlasov/lazylist/ImageLoader.java,com.fedorvlasov.lazylist.ImageLoader$PhotosLoader,PhotosLoader/1[com.fedorvlasov.lazylist.ImageLoader.PhotoToLoad],true,178,1,1,1,0,1,0,3,0,0,1,0,0,0,0,0,0,0,0,0,1,0,0,0,0,0,6,0,0,false
/Users/sirojiddinkomolov/Documents/innopolis/research/arch_design_pattern_detection/exps/3rd_revision/coach_repos_r/debDroid-master/src/com/fedorvlasov/lazylist/ImageLoader.java,com.fedorvlasov.lazylist.ImageLoader$PhotosLoader,run/0,false,183,4,4,0,4,4,5,13,2,2,0,5,0,0,0,0,1,0,0,0,2,0,2,0,0,0,14,1,0,false
/Users/sirojiddinkomolov/Documents/innopolis/research/arch_design_pattern_detection/exps/3rd_revision/coach_repos_r/debDroid-master/src/de/mangelow/debdroid/tools/Helper.java,de.mangelow.debdroid.tools.Helper,"saveStringPref/3[de.mangelow.debdroid.tools.Context,java.lang.String,java.lang.String]",false,405,2,0,0,0,1,4,5,0,1,3,4,0,0,0,0,0,0,0,1,1,0,0,0,0,0,6,1,0,false
/Users/sirojiddinkomolov/Documents/innopolis/research/arch_design_pattern_detection/exps/3rd_revision/coach_repos_r/debDroid-master/src/de/mangelow/debdroid/tools/Helper.java,de.mangelow.debdroid.tools.Helper,"loadStringPref/3[de.mangelow.debdroid.tools.Context,java.lang.String,java.lang.String]",false,410,2,0,0,0,1,2,5,1,2,3,2,0,0,0,0,0,0,0,1,2,0,0,0,0,0,9,1,0,false
/Users/sirojiddinkomolov/Documents/innopolis/research/arch_design_pattern_detection/exps/3rd_revision/coach_repos_r/debDroid-master/src/de/mangelow/debdroid/tools/Helper.java,de.mangelow.debdroid.tools.Helper,"saveIntPref/3[de.mangelow.debdroid.tools.Context,java.lang.String,int]",false,394,2,1,1,0,1,4,5,0,1,3,4,0,0,0,0,0,0,0,1,1,0,0,0,0,0,6,1,0,false
/Users/sirojiddinkomolov/Documents/innopolis/research/arch_design_pattern_detection/exps/3rd_revision/coach_repos_r/debDroid-master/src/de/mangelow/debdroid/tools/Helper.java,de.mangelow.debdroid.tools.Helper,"setRTCAlarm/2[de.mangelow.debdroid.tools.Context,int]",false,338,5,1,1,0,9,14,38,2,6,2,14,0,0,0,2,0,1,3,14,7,4,2,0,0,0,31,1,0,false
/Users/sirojiddinkomolov/Documents/innopolis/research/arch_design_pattern_detection/exps/3rd_revision/coach_repos_r/debDroid-master/src/de/mangelow/debdroid/tools/Helper.java,de.mangelow.debdroid.tools.Helper,downloadHTML/1[java.lang.String],false,237,0,1,1,0,3,11,17,2,5,1,11,0,0,1,1,1,1,3,0,5,0,2,0,0,0,24,2,0,false
/Users/sirojiddinkomolov/Documents/innopolis/research/arch_design_pattern_detection/exps/3rd_revision/coach_repos_r/debDroid-master/src/de/mangelow/debdroid/tools/Helper.java,de.mangelow.debdroid.tools.Helper,isTabletAndLandscape/1[de.mangelow.debdroid.tools.Context],false,276,1,2,2,0,4,2,6,2,2,1,2,0,0,0,1,0,1,0,0,2,0,1,0,0,0,9,1,0,false
/Users/sirojiddinkomolov/Documents/innopolis/research/arch_design_pattern_detection/exps/3rd_revision/coach_repos_r/debDroid-master/src/de/mangelow/debdroid/tools/Helper.java,de.mangelow.debdroid.tools.Helper,getShareBody/1[de.mangelow.debdroid.tools.Context],false,285,3,9,3,6,9,9,36,2,11,1,9,0,0,3,4,0,0,13,4,19,7,5,0,0,0,17,1,0,false
/Users/sirojiddinkomolov/Documents/innopolis/research/arch_design_pattern_detection/exps/3rd_revision/coach_repos_r/debDroid-master/src/de/mangelow/debdroid/tools/Helper.java,de.mangelow.debdroid.tools.Helper,"loadIntPref/3[de.mangelow.debdroid.tools.Context,java.lang.String,int]",false,399,2,11,11,0,1,2,5,1,2,3,2,0,0,0,0,0,0,0,1,2,0,0,0,0,0,9,1,0,false
/Users/sirojiddinkomolov/Documents/innopolis/research/arch_design_pattern_detection/exps/3rd_revision/coach_repos_r/debDroid-master/src/de/mangelow/debdroid/tools/Helper.java,de.mangelow.debdroid.tools.Helper,"parseSearchResults/2[java.lang.String,int]",false,70,4,18,1,17,20,27,97,1,46,2,27,1,1,5,3,0,0,27,22,60,0,6,0,0,0,55,1,0,false
/Users/sirojiddinkomolov/Documents/innopolis/research/arch_design_pattern_detection/exps/3rd_revision/coach_repos_r/debDroid-master/src/de/mangelow/debdroid/tools/Helper.java,de.mangelow.debdroid.tools.Helper,"getContent/2[java.lang.String,java.lang.String]",false,260,0,1,1,0,3,6,10,1,4,2,6,0,0,1,0,0,0,0,2,4,0,2,0,0,0,9,2,0,false
/Users/sirojiddinkomolov/Documents/innopolis/research/arch_design_pattern_detection/exps/3rd_revision/coach_repos_r/debDroid-master/src/de/mangelow/debdroid/tools/Helper.java,de.mangelow.debdroid.tools.Helper,"getSearchResults/2[de.mangelow.debdroid.tools.Context,java.lang.String]",false,203,2,3,1,2,8,3,24,1,8,2,3,2,1,2,2,0,0,12,6,18,8,2,0,0,0,35,1,0,false
/Users/sirojiddinkomolov/Documents/innopolis/research/arch_design_pattern_detection/exps/3rd_revision/coach_repos_r/debDroid-master/src/de/mangelow/debdroid/DetailsActivity.java,de.mangelow.debdroid.DetailsActivity,onOptionsItemSelected/1[de.mangelow.debdroid.MenuItem],false,59,4,4,0,4,3,13,17,1,2,1,13,0,0,0,0,0,0,6,1,2,3,1,0,0,0,12,1,0,false
/Users/sirojiddinkomolov/Documents/innopolis/research/arch_design_pattern_detection/exps/3rd_revision/coach_repos_r/debDroid-master/src/de/mangelow/debdroid/DetailsActivity.java,de.mangelow.debdroid.DetailsActivity,onCreateOptionsMenu/1[de.mangelow.debdroid.Menu],false,49,1,0,0,0,1,6,6,1,1,1,6,0,0,0,0,0,0,0,2,1,2,0,0,0,0,6,1,0,false
/Users/sirojiddinkomolov/Documents/innopolis/research/arch_design_pattern_detection/exps/3rd_revision/coach_repos_r/debDroid-master/src/de/mangelow/debdroid/DetailsActivity.java,de.mangelow.debdroid.DetailsActivity,onCreate/1[de.mangelow.debdroid.Bundle],false,36,2,1,0,1,1,9,8,0,0,1,9,0,0,0,0,0,0,0,0,2,0,0,0,0,0,17,4,0,false
/Users/sirojiddinkomolov/Documents/innopolis/research/arch_design_pattern_detection/exps/3rd_revision/coach_repos_r/debDroid-master/src/de/mangelow/debdroid/fragments/DetailsFragment.java,de.mangelow.debdroid.fragments.DetailsFragment$Anonymous1,"onPageFinished/2[de.mangelow.debdroid.fragments.WebView,java.lang.String]",false,67,1,0,0,0,1,1,5,0,0,2,1,0,0,0,0,0,0,0,0,0,0,0,0,0,0,6,1,0,false
/Users/sirojiddinkomolov/Documents/innopolis/research/arch_design_pattern_detection/exps/3rd_revision/coach_repos_r/debDroid-master/src/de/mangelow/debdroid/MainActivity.java,de.mangelow.debdroid.MainActivity,"onKeyDown/2[int,de.mangelow.debdroid.KeyEvent]",false,46,2,1,0,1,1,2,4,1,0,2,2,0,0,0,0,0,0,0,0,0,0,0,0,0,0,4,1,0,false
/Users/sirojiddinkomolov/Documents/innopolis/research/arch_design_pattern_detection/exps/3rd_revision/coach_repos_r/debDroid-master/src/de/mangelow/debdroid/MainActivity.java,de.mangelow.debdroid.MainActivity,onCreate/1[de.mangelow.debdroid.Bundle],false,29,3,1,0,1,2,10,9,0,2,1,10,0,0,0,1,0,0,0,0,4,0,1,0,0,0,20,4,0,false
/Users/sirojiddinkomolov/Documents/innopolis/research/arch_design_pattern_detection/exps/3rd_revision/coach_repos_r/debDroid-master/src/de/mangelow/debdroid/OptionsActivity.java,de.mangelow.debdroid.OptionsActivity,createPreferences/0,false,50,6,2,1,1,11,15,228,1,43,0,15,0,0,6,4,0,0,9,10,52,2,2,8,0,0,46,2,0,false
/Users/sirojiddinkomolov/Documents/innopolis/research/arch_design_pattern_detection/exps/3rd_revision/coach_repos_r/debDroid-master/src/de/mangelow/debdroid/OptionsActivity.java,de.mangelow.debdroid.OptionsActivity,onCreate/1[de.mangelow.debdroid.Bundle],false,37,2,1,0,1,1,7,7,0,0,1,7,1,1,0,0,0,0,1,0,2,0,0,0,0,0,18,4,0,false
/Users/sirojiddinkomolov/Documents/innopolis/research/arch_design_pattern_detection/exps/3rd_revision/coach_repos_r/debDroid-master/src/de/mangelow/debdroid/fragments/DetailsFragment.java,de.mangelow.debdroid.fragments.DetailsFragment,"onCreateView/3[de.mangelow.debdroid.fragments.LayoutInflater,de.mangelow.debdroid.fragments.ViewGroup,de.mangelow.debdroid.fragments.Bundle]",false,46,11,3,0,3,3,18,29,1,2,3,18,0,0,0,0,1,0,3,1,7,3,1,1,0,0,42,1,0,false
/Users/sirojiddinkomolov/Documents/innopolis/research/arch_design_pattern_detection/exps/3rd_revision/coach_repos_r/debDroid-master/src/de/mangelow/debdroid/fragments/SearchResultsFragment.java,de.mangelow.debdroid.fragments.SearchResultsFragment$Anonymous2$Anonymous3,"onClick/2[de.mangelow.debdroid.fragments.DialogInterface,int]",false,159,6,6,0,6,4,17,25,0,3,2,17,0,0,0,0,0,0,6,2,5,2,2,0,0,0,17,1,0,false
/Users/sirojiddinkomolov/Documents/innopolis/research/arch_design_pattern_detection/exps/3rd_revision/coach_repos_r/debDroid-master/src/com/fedorvlasov/lazylist/ImageLoader.java,com.fedorvlasov.lazylist.ImageLoader$BitmapDisplayer,run/0,false,213,3,2,0,2,3,5,8,1,1,0,5,0,0,0,1,0,0,0,2,1,0,1,0,0,0,16,1,0,false
/Users/sirojiddinkomolov/Documents/innopolis/research/arch_design_pattern_detection/exps/3rd_revision/coach_repos_r/debDroid-master/src/com/fedorvlasov/lazylist/ImageLoader.java,com.fedorvlasov.lazylist.ImageLoader$BitmapDisplayer,"BitmapDisplayer/2[com.fedorvlasov.lazylist.Bitmap,com.fedorvlasov.lazylist.ImageLoader.PhotoToLoad]",true,211,2,1,1,0,1,0,4,0,0,2,0,0,0,0,0,0,0,0,0,2,0,0,0,0,0,8,1,0,false
/Users/sirojiddinkomolov/Documents/innopolis/research/arch_design_pattern_detection/exps/3rd_revision/coach_repos_r/debDroid-master/src/de/mangelow/debdroid/data/Version.java,de.mangelow.debdroid.data.Version,setVersion/1[java.lang.String],false,20,0,1,1,0,1,0,3,0,0,1,0,0,0,0,0,0,0,0,0,1,0,0,0,0,0,3,1,0,false
/Users/sirojiddinkomolov/Documents/innopolis/research/arch_design_pattern_detection/exps/3rd_revision/coach_repos_r/debDroid-master/src/de/mangelow/debdroid/data/Version.java,de.mangelow.debdroid.data.Version,setArchs/1[java.lang.String[]],false,29,0,1,1,0,1,0,3,0,0,1,0,0,0,0,0,0,0,0,0,1,0,0,0,0,0,3,1,0,false
/Users/sirojiddinkomolov/Documents/innopolis/research/arch_design_pattern_detection/exps/3rd_revision/coach_repos_r/debDroid-master/src/de/mangelow/debdroid/data/Version.java,de.mangelow.debdroid.data.Version,getArchs/0,false,32,0,2,2,0,1,0,3,1,0,0,0,0,0,0,0,0,0,0,0,0,0,0,0,0,0,3,1,0,false
/Users/sirojiddinkomolov/Documents/innopolis/research/arch_design_pattern_detection/exps/3rd_revision/coach_repos_r/debDroid-master/src/de/mangelow/debdroid/data/Version.java,de.mangelow.debdroid.data.Version,getVersion/0,false,23,0,2,2,0,1,0,3,1,0,0,0,0,0,0,0,0,0,0,0,0,0,0,0,0,0,3,1,0,false
/Users/sirojiddinkomolov/Documents/innopolis/research/arch_design_pattern_detection/exps/3rd_revision/coach_repos_r/debDroid-master/src/com/fedorvlasov/lazylist/ImageLoader.java,com.fedorvlasov.lazylist.ImageLoader,"DisplayImage/2[java.lang.String,com.fedorvlasov.lazylist.TextView]",false,74,6,4,1,3,2,7,12,0,2,2,7,2,1,0,1,0,0,1,2,2,0,1,0,0,0,16,1,0,false
/Users/sirojiddinkomolov/Documents/innopolis/research/arch_design_pattern_detection/exps/3rd_revision/coach_repos_r/debDroid-master/src/com/fedorvlasov/lazylist/ImageLoader.java,com.fedorvlasov.lazylist.ImageLoader,decodeFile/1[java.io.File],false,129,2,1,1,0,6,3,30,2,9,1,3,0,0,1,0,1,0,0,7,14,2,3,0,0,0,31,2,0,false
/Users/sirojiddinkomolov/Documents/innopolis/research/arch_design_pattern_detection/exps/3rd_revision/coach_repos_r/debDroid-master/src/com/fedorvlasov/lazylist/ImageLoader.java,com.fedorvlasov.lazylist.ImageLoader,"getResizedBitmap/3[com.fedorvlasov.lazylist.Bitmap,int,int]",false,233,2,2,2,0,1,4,10,1,6,3,4,0,0,0,0,0,2,0,2,6,2,0,0,0,0,12,1,0,false
/Users/sirojiddinkomolov/Documents/innopolis/research/arch_design_pattern_detection/exps/3rd_revision/coach_repos_r/debDroid-master/src/com/fedorvlasov/lazylist/ImageLoader.java,com.fedorvlasov.lazylist.ImageLoader,clearCache/0,false,229,2,2,0,2,1,2,4,0,0,0,2,0,0,0,0,0,0,0,0,0,0,0,0,0,0,2,1,0,false
/Users/sirojiddinkomolov/Documents/innopolis/research/arch_design_pattern_detection/exps/3rd_revision/coach_repos_r/debDroid-master/src/com/fedorvlasov/lazylist/ImageLoader.java,com.fedorvlasov.lazylist.ImageLoader,"queuePhoto/2[java.lang.String,com.fedorvlasov.lazylist.TextView]",false,91,3,3,1,2,1,1,4,0,1,2,1,0,0,0,0,0,0,0,0,1,0,0,0,0,0,9,2,0,false
/Users/sirojiddinkomolov/Documents/innopolis/research/arch_design_pattern_detection/exps/3rd_revision/coach_repos_r/debDroid-master/src/com/fedorvlasov/lazylist/ImageLoader.java,com.fedorvlasov.lazylist.ImageLoader,imageViewReused/1[com.fedorvlasov.lazylist.ImageLoader.PhotoToLoad],false,199,1,2,2,0,3,2,5,2,1,1,2,0,0,0,1,0,0,0,0,1,0,1,0,0,0,11,0,0,false
/Users/sirojiddinkomolov/Documents/innopolis/research/arch_design_pattern_detection/exps/3rd_revision/coach_repos_r/debDroid-master/src/com/fedorvlasov/lazylist/ImageLoader.java,com.fedorvlasov.lazylist.ImageLoader,getBitmap/1[java.lang.String],false,97,5,5,1,4,4,12,25,3,7,1,12,1,1,0,1,1,0,0,2,8,0,2,0,0,0,29,2,0,false
/Users/sirojiddinkomolov/Documents/innopolis/research/arch_design_pattern_detection/exps/3rd_revision/coach_repos_r/debDroid-master/src/com/fedorvlasov/lazylist/ImageLoader.java,com.fedorvlasov.lazylist.ImageLoader,ImageLoader/1[com.fedorvlasov.lazylist.Context],true,64,2,2,1,1,1,1,5,0,0,1,1,0,0,0,0,0,0,0,1,3,0,0,0,0,0,9,1,0,false
/Users/sirojiddinkomolov/Documents/innopolis/research/arch_design_pattern_detection/exps/3rd_revision/coach_repos_r/debDroid-master/src/de/mangelow/debdroid/fragments/SearchResultsFragment.java,de.mangelow.debdroid.fragments.SearchResultsFragment,onOptionsItemSelected/1[de.mangelow.debdroid.fragments.MenuItem],false,307,6,5,0,5,4,14,21,1,3,1,14,1,1,0,0,0,0,6,2,3,4,1,0,0,0,17,1,0,false
/Users/sirojiddinkomolov/Documents/innopolis/research/arch_design_pattern_detection/exps/3rd_revision/coach_repos_r/debDroid-master/src/de/mangelow/debdroid/fragments/SearchResultsFragment.java,de.mangelow.debdroid.fragments.SearchResultsFragment,showAbout/0,false,340,4,1,1,0,2,14,20,0,4,0,14,0,0,0,0,1,0,0,1,4,0,1,1,0,0,25,2,0,false
/Users/sirojiddinkomolov/Documents/innopolis/research/arch_design_pattern_detection/exps/3rd_revision/coach_repos_r/debDroid-master/src/de/mangelow/debdroid/fragments/SearchResultsFragment.java,de.mangelow.debdroid.fragments.SearchResultsFragment,"onCreateView/3[de.mangelow.debdroid.fragments.LayoutInflater,de.mangelow.debdroid.fragments.ViewGroup,de.mangelow.debdroid.fragments.Bundle]",false,89,11,2,0,2,3,17,93,1,1,3,17,0,0,0,1,0,0,2,2,7,1,1,2,0,0,64,1,0,false
/Users/sirojiddinkomolov/Documents/innopolis/research/arch_design_pattern_detection/exps/3rd_revision/coach_repos_r/debDroid-master/src/de/mangelow/debdroid/fragments/SearchResultsFragment.java,de.mangelow.debdroid.fragments.SearchResultsFragment,myOnKeyDown/1[de.mangelow.debdroid.fragments.KeyEvent],false,332,1,1,1,0,3,7,7,0,1,1,7,0,0,0,0,0,0,0,0,1,1,1,0,0,0,8,1,0,false
/Users/sirojiddinkomolov/Documents/innopolis/research/arch_design_pattern_detection/exps/3rd_revision/coach_repos_r/debDroid-master/src/de/mangelow/debdroid/fragments/SearchResultsFragment.java,de.mangelow.debdroid.fragments.SearchResultsFragment,newInstance/1[java.lang.String],false,78,1,3,1,2,1,1,5,1,1,1,1,1,1,0,0,0,0,0,0,1,0,0,0,0,0,7,9,0,false
/Users/sirojiddinkomolov/Documents/innopolis/research/arch_design_pattern_detection/exps/3rd_revision/coach_repos_r/debDroid-master/src/de/mangelow/debdroid/fragments/SearchResultsFragment.java,de.mangelow.debdroid.fragments.SearchResultsFragment,setData/1[java.lang.String],false,84,0,1,1,0,1,0,3,0,0,1,0,0,0,0,0,0,0,0,0,1,0,0,0,0,0,3,1,0,false
/Users/sirojiddinkomolov/Documents/innopolis/research/arch_design_pattern_detection/exps/3rd_revision/coach_repos_r/debDroid-master/src/de/mangelow/debdroid/fragments/SearchResultsFragment.java,de.mangelow.debdroid.fragments.SearchResultsFragment,"onCreateOptionsMenu/2[de.mangelow.debdroid.fragments.Menu,de.mangelow.debdroid.fragments.MenuInflater]",false,276,3,0,0,0,2,13,24,0,1,2,13,0,0,0,1,0,0,0,6,2,6,1,1,0,0,25,1,0,false
/Users/sirojiddinkomolov/Documents/innopolis/research/arch_design_pattern_detection/exps/3rd_revision/coach_repos_r/debDroid-master/src/com/fedorvlasov/lazylist/FileCache.java,com.fedorvlasov.lazylist.FileCache,clear/0,false,56,0,1,1,0,3,2,5,1,1,0,2,0,0,1,1,0,0,0,0,1,0,1,0,0,0,5,1,0,false
/Users/sirojiddinkomolov/Documents/innopolis/research/arch_design_pattern_detection/exps/3rd_revision/coach_repos_r/debDroid-master/src/com/fedorvlasov/lazylist/FileCache.java,com.fedorvlasov.lazylist.FileCache,FileCache/1[com.fedorvlasov.lazylist.Context],true,36,1,1,1,0,3,6,5,0,0,1,6,0,0,0,0,0,0,1,0,2,0,1,0,0,0,6,1,0,false
/Users/sirojiddinkomolov/Documents/innopolis/research/arch_design_pattern_detection/exps/3rd_revision/coach_repos_r/debDroid-master/src/com/fedorvlasov/lazylist/FileCache.java,com.fedorvlasov.lazylist.FileCache,getFile/1[java.lang.String],false,46,0,1,1,0,1,2,5,1,2,1,2,0,0,0,0,0,0,0,0,2,0,0,0,0,0,5,1,0,false
/Users/sirojiddinkomolov/Documents/innopolis/research/arch_design_pattern_detection/exps/3rd_revision/coach_repos_r/debDroid-master/src/de/mangelow/debdroid/tools/ListViewAdapter.java,de.mangelow.debdroid.tools.ListViewAdapter,"getGroupView/4[int,boolean,de.mangelow.debdroid.tools.View,de.mangelow.debdroid.tools.ViewGroup]",false,104,7,7,0,7,9,18,28,1,4,4,18,1,1,0,2,0,0,8,12,10,5,3,0,0,0,32,1,0,false
/Users/sirojiddinkomolov/Documents/innopolis/research/arch_design_pattern_detection/exps/3rd_revision/coach_repos_r/debDroid-master/src/de/mangelow/debdroid/tools/ListViewAdapter.java,de.mangelow.debdroid.tools.ListViewAdapter,getGroupCount/0,false,65,0,0,0,0,1,0,3,1,0,0,0,0,0,0,0,0,0,0,0,0,0,0,0,0,0,3,1,0,false
/Users/sirojiddinkomolov/Documents/innopolis/research/arch_design_pattern_detection/exps/3rd_revision/coach_repos_r/debDroid-master/src/de/mangelow/debdroid/tools/ListViewAdapter.java,de.mangelow.debdroid.tools.ListViewAdapter,getGroupId/1[int],false,89,0,0,0,0,1,0,3,1,0,1,0,0,0,0,0,0,0,0,0,0,0,0,0,0,0,4,1,0,false
/Users/sirojiddinkomolov/Documents/innopolis/research/arch_design_pattern_detection/exps/3rd_revision/coach_repos_r/debDroid-master/src/de/mangelow/debdroid/tools/ListViewAdapter.java,de.mangelow.debdroid.tools.ListViewAdapter,"getChildId/2[int,int]",false,94,0,0,0,0,1,0,3,1,0,2,0,0,0,0,0,0,0,0,0,0,0,0,0,0,0,4,1,0,false
/Users/sirojiddinkomolov/Documents/innopolis/research/arch_design_pattern_detection/exps/3rd_revision/coach_repos_r/debDroid-master/src/de/mangelow/debdroid/tools/ListViewAdapter.java,de.mangelow.debdroid.tools.ListViewAdapter,hasStableIds/0,false,99,0,0,0,0,1,0,3,1,0,0,0,0,0,0,0,0,0,0,0,0,0,0,0,0,0,4,1,0,false
/Users/sirojiddinkomolov/Documents/innopolis/research/arch_design_pattern_detection/exps/3rd_revision/coach_repos_r/debDroid-master/src/de/mangelow/debdroid/tools/ListViewAdapter.java,de.mangelow.debdroid.tools.ListViewAdapter,"getChild/2[int,int]",false,84,1,1,1,0,1,0,3,1,0,2,0,0,0,0,0,0,0,0,0,0,0,0,0,0,0,6,1,0,false
/Users/sirojiddinkomolov/Documents/innopolis/research/arch_design_pattern_detection/exps/3rd_revision/coach_repos_r/debDroid-master/src/de/mangelow/debdroid/tools/ListViewAdapter.java,de.mangelow.debdroid.tools.ListViewAdapter,getGroup/1[int],false,79,1,1,1,0,1,0,3,1,0,1,0,0,0,0,0,0,0,0,0,0,0,0,0,0,0,6,1,0,false
/Users/sirojiddinkomolov/Documents/innopolis/research/arch_design_pattern_detection/exps/3rd_revision/coach_repos_r/debDroid-master/src/de/mangelow/debdroid/tools/ListViewAdapter.java,de.mangelow.debdroid.tools.ListViewAdapter,"getChildView/5[int,int,boolean,de.mangelow.debdroid.tools.View,de.mangelow.debdroid.tools.ViewGroup]",false,145,7,9,0,9,10,18,43,1,14,5,18,1,1,3,5,0,0,13,15,20,6,4,0,0,0,26,1,0,false
/Users/sirojiddinkomolov/Documents/innopolis/research/arch_design_pattern_detection/exps/3rd_revision/coach_repos_r/debDroid-master/src/de/mangelow/debdroid/tools/ListViewAdapter.java,de.mangelow.debdroid.tools.ListViewAdapter,"ListViewAdapter/3[de.mangelow.debdroid.tools.Context,de.mangelow.debdroid.data.SearchResult[],int]",true,51,4,3,1,2,2,3,9,0,0,3,3,0,0,0,0,0,0,2,1,7,0,1,0,0,0,13,1,0,false
/Users/sirojiddinkomolov/Documents/innopolis/research/arch_design_pattern_detection/exps/3rd_revision/coach_repos_r/debDroid-master/src/de/mangelow/debdroid/tools/ListViewAdapter.java,de.mangelow.debdroid.tools.ListViewAdapter,getChildrenCount/1[int],false,70,2,2,0,2,2,2,5,2,1,1,2,0,0,0,1,0,0,0,1,1,0,1,0,0,0,8,1,0,false
/Users/sirojiddinkomolov/Documents/innopolis/research/arch_design_pattern_detection/exps/3rd_revision/coach_repos_r/debDroid-master/src/de/mangelow/debdroid/tools/ListViewAdapter.java,de.mangelow.debdroid.tools.ListViewAdapter,"isChildSelectable/2[int,int]",false,209,0,0,0,0,1,0,3,1,0,2,0,0,0,0,0,0,0,0,0,0,0,0,0,0,0,5,1,0,false
/Users/sirojiddinkomolov/Documents/innopolis/research/arch_design_pattern_detection/exps/3rd_revision/coach_repos_r/debDroid-master/src/de/mangelow/debdroid/OptionsActivity.java,de.mangelow.debdroid.OptionsActivity$Anonymous8,"onPreferenceChange/2[de.mangelow.debdroid.Preference,java.lang.Object]",false,321,3,2,0,2,2,4,9,1,3,2,4,0,0,0,1,0,0,1,2,4,0,1,0,0,0,11,1,0,false
/Users/sirojiddinkomolov/Documents/innopolis/research/arch_design_pattern_detection/exps/3rd_revision/coach_repos_r/debDroid-master/src/de/mangelow/debdroid/fragments/SearchResultsFragment.java,de.mangelow.debdroid.fragments.SearchResultsFragment$Anonymous4,onQueryTextSubmit/1[java.lang.String],false,285,2,2,0,2,2,4,8,2,0,1,4,0,0,0,0,0,0,1,1,0,0,1,0,0,0,10,1,0,false
/Users/sirojiddinkomolov/Documents/innopolis/research/arch_design_pattern_detection/exps/3rd_revision/coach_repos_r/debDroid-master/src/de/mangelow/debdroid/fragments/SearchResultsFragment.java,de.mangelow.debdroid.fragments.SearchResultsFragment$Anonymous4,onQueryTextChange/1[java.lang.String],false,283,0,0,0,0,1,0,3,1,0,1,0,0,0,0,0,0,0,0,0,0,0,0,0,0,0,6,1,0,false
/Users/sirojiddinkomolov/Documents/innopolis/research/arch_design_pattern_detection/exps/3rd_revision/coach_repos_r/debDroid-master/src/de/mangelow/debdroid/OptionsActivity.java,de.mangelow.debdroid.OptionsActivity$Anonymous6,"onPreferenceChange/2[de.mangelow.debdroid.Preference,java.lang.Object]",false,267,3,2,0,2,1,4,8,1,3,2,4,0,0,0,0,0,0,1,0,3,0,0,0,0,0,10,1,0,false
/Users/sirojiddinkomolov/Documents/innopolis/research/arch_design_pattern_detection/exps/3rd_revision/coach_repos_r/debDroid-master/src/de/mangelow/debdroid/fragments/SearchResultsFragment.java,de.mangelow.debdroid.fragments.SearchResultsFragment$Anonymous5,"onClick/2[de.mangelow.debdroid.fragments.DialogInterface,int]",false,355,1,6,0,6,1,1,3,0,0,2,1,0,0,0,0,0,0,0,0,0,0,0,0,0,0,5,1,0,false
/Users/sirojiddinkomolov/Documents/innopolis/research/arch_design_pattern_detection/exps/3rd_revision/coach_repos_r/debDroid-master/src/de/mangelow/debdroid/OptionsActivity.java,de.mangelow.debdroid.OptionsActivity$Anonymous7,"onPreferenceChange/2[de.mangelow.debdroid.Preference,java.lang.Object]",false,298,3,2,0,2,1,4,8,1,3,2,4,0,0,0,0,0,0,1,0,3,0,0,0,0,0,10,1,0,false
/Users/sirojiddinkomolov/Documents/innopolis/research/arch_design_pattern_detection/exps/3rd_revision/coach_repos_r/debDroid-master/src/de/mangelow/debdroid/fragments/SearchResultsFragment.java,de.mangelow.debdroid.fragments.SearchResultsFragment$Anonymous2,"onItemLongClick/4[de.mangelow.debdroid.fragments.AdapterView<?>,de.mangelow.debdroid.fragments.View,int,long]",false,133,7,3,0,3,6,13,49,1,10,4,13,0,0,0,4,0,0,3,1,12,1,3,1,0,0,34,1,0,false
/Users/sirojiddinkomolov/Documents/innopolis/research/arch_design_pattern_detection/exps/3rd_revision/coach_repos_r/debDroid-master/src/de/mangelow/debdroid/OptionsActivity.java,de.mangelow.debdroid.OptionsActivity$Anonymous4,"onPreferenceChange/2[de.mangelow.debdroid.Preference,java.lang.Object]",false,182,3,2,0,2,7,8,24,2,5,2,8,0,0,1,4,0,0,2,6,7,2,4,0,0,0,17,1,0,false
/Users/sirojiddinkomolov/Documents/innopolis/research/arch_design_pattern_detection/exps/3rd_revision/coach_repos_r/debDroid-master/src/de/mangelow/debdroid/OptionsActivity.java,de.mangelow.debdroid.OptionsActivity$Anonymous5,"onPreferenceChange/2[de.mangelow.debdroid.Preference,java.lang.Object]",false,236,3,2,0,2,1,4,8,1,3,2,4,0,0,0,0,0,0,1,0,3,0,0,0,0,0,10,1,0,false
/Users/sirojiddinkomolov/Documents/innopolis/research/arch_design_pattern_detection/exps/3rd_revision/coach_repos_r/debDroid-master/src/de/mangelow/debdroid/OptionsActivity.java,de.mangelow.debdroid.OptionsActivity$Anonymous2,"onPreferenceChange/2[de.mangelow.debdroid.Preference,java.lang.Object]",false,93,3,2,0,2,2,4,9,1,3,2,4,0,0,0,1,0,0,1,2,4,0,1,0,0,0,11,1,0,false
/Users/sirojiddinkomolov/Documents/innopolis/research/arch_design_pattern_detection/exps/3rd_revision/coach_repos_r/debDroid-master/src/de/mangelow/debdroid/fragments/SearchResultsFragment.java,de.mangelow.debdroid.fragments.SearchResultsFragment$Anonymous1,"onChildClick/5[de.mangelow.debdroid.fragments.ExpandableListView,de.mangelow.debdroid.fragments.View,int,int,long]",false,104,8,4,0,4,4,11,20,1,5,5,11,0,0,0,1,0,0,3,1,7,1,1,0,0,0,27,1,0,false
/Users/sirojiddinkomolov/Documents/innopolis/research/arch_design_pattern_detection/exps/3rd_revision/coach_repos_r/debDroid-master/src/de/mangelow/debdroid/OptionsActivity.java,de.mangelow.debdroid.OptionsActivity$Anonymous3,"onPreferenceChange/2[de.mangelow.debdroid.Preference,java.lang.Object]",false,129,3,2,0,2,7,8,24,2,5,2,8,0,0,1,4,0,0,2,6,7,2,4,0,0,0,17,1,0,false
/Users/sirojiddinkomolov/Documents/innopolis/research/arch_design_pattern_detection/exps/3rd_revision/coach_repos_r/debDroid-master/src/de/mangelow/debdroid/OptionsActivity.java,de.mangelow.debdroid.OptionsActivity$Anonymous1,"onPreferenceChange/2[de.mangelow.debdroid.Preference,java.lang.Object]",false,70,3,2,0,2,1,4,8,1,3,2,4,0,0,0,0,0,0,1,0,3,0,0,0,0,0,10,1,0,false
/Users/sirojiddinkomolov/Documents/innopolis/research/arch_design_pattern_detection/exps/3rd_revision/coach_repos_r/debDroid-master/src/de/mangelow/debdroid/tools/Receiver.java,de.mangelow.debdroid.tools.Receiver,"onReceive/2[de.mangelow.debdroid.tools.Context,de.mangelow.debdroid.tools.Intent]",false,16,3,2,0,2,6,5,13,0,2,2,5,0,0,0,0,0,0,3,1,2,0,3,0,0,0,7,1,0,false
