file,class,method,constructor,line,cbo,cboModified,fanin,fanout,wmc,rfc,loc,returnsQty,variablesQty,parametersQty,methodsInvokedQty,methodsInvokedLocalQty,methodsInvokedIndirectLocalQty,loopQty,comparisonsQty,tryCatchQty,parenthesizedExpsQty,stringLiteralsQty,numbersQty,assignmentsQty,mathOperationsQty,maxNestedBlocksQty,anonymousClassesQty,innerClassesQty,lambdasQty,uniqueWordsQty,modifiers,logStatementsQty,hasJavaDoc
/home/arch_design_predict/download-github-repos/mvp/repos/MVPGetStreamRxJava-master/app/src/main/java/jorgelopez/com/mvpgetstreamsrxjava/main/MainActivity.java,jorgelopez.com.mvpgetstreamsrxjava.main.MainActivity,enableStartButton/1[boolean],false,74,0,0,0,0,2,1,8,0,0,1,1,0,0,0,0,0,0,0,0,0,0,1,0,0,0,4,1,0,false
/home/arch_design_predict/download-github-repos/mvp/repos/MVPGetStreamRxJava-master/app/src/main/java/jorgelopez/com/mvpgetstreamsrxjava/main/MainActivity.java,jorgelopez.com.mvpgetstreamsrxjava.main.MainActivity,onCreate/1[jorgelopez.com.mvpgetstreamsrxjava.main.Bundle],false,30,4,2,0,2,1,7,21,0,1,1,7,0,0,0,0,0,1,0,0,4,0,0,2,0,0,24,4,0,false
/home/arch_design_predict/download-github-repos/mvp/repos/MVPGetStreamRxJava-master/app/src/main/java/jorgelopez/com/mvpgetstreamsrxjava/main/MainActivity.java,jorgelopez.com.mvpgetstreamsrxjava.main.MainActivity,onResume/0,false,58,1,1,0,1,1,2,4,0,0,0,2,0,0,0,0,0,0,0,0,0,0,0,0,0,0,2,4,0,false
/home/arch_design_predict/download-github-repos/mvp/repos/MVPGetStreamRxJava-master/app/src/main/java/jorgelopez/com/mvpgetstreamsrxjava/main/MainActivity.java,jorgelopez.com.mvpgetstreamsrxjava.main.MainActivity,setInfo/1[java.lang.String],false,64,0,0,0,0,1,1,3,0,0,1,1,0,0,0,0,0,0,0,0,0,0,0,0,0,0,3,1,0,false
/home/arch_design_predict/download-github-repos/mvp/repos/MVPGetStreamRxJava-master/app/src/main/java/jorgelopez/com/mvpgetstreamsrxjava/main/MainActivity.java,jorgelopez.com.mvpgetstreamsrxjava.main.MainActivity,getTwitchAPI/0,false,69,1,0,0,0,1,0,3,1,0,0,0,0,0,0,0,0,0,0,0,0,0,0,0,0,0,6,1,0,false
/home/arch_design_predict/download-github-repos/mvp/repos/MVPGetStreamRxJava-master/app/src/main/java/jorgelopez/com/mvpgetstreamsrxjava/main/MainActivity.java,jorgelopez.com.mvpgetstreamsrxjava.main.MainActivity,closeApp/0,false,95,0,0,0,0,2,3,9,0,0,0,3,0,0,0,0,0,0,0,1,0,0,1,0,0,0,3,1,0,false
/home/arch_design_predict/download-github-repos/mvp/repos/MVPGetStreamRxJava-master/app/src/main/java/jorgelopez/com/mvpgetstreamsrxjava/main/MainActivity.java,jorgelopez.com.mvpgetstreamsrxjava.main.MainActivity,enableFinishButton/1[boolean],false,85,0,0,0,0,2,1,8,0,0,1,1,0,0,0,0,0,0,0,0,0,0,1,0,0,0,4,1,0,false
/home/arch_design_predict/download-github-repos/mvp/repos/MVPGetStreamRxJava-master/app/src/main/java/jorgelopez/com/mvpgetstreamsrxjava/main/MainActivityPresenter.java,jorgelopez.com.mvpgetstreamsrxjava.main.MainActivityPresenter$Anonymous1,apply/1[jorgelopez.com.mvpgetstreamsrxjava.http.twitch.stream.TwitchStream],false,43,3,1,0,1,1,2,3,1,0,1,2,0,0,0,0,0,0,0,0,0,0,0,0,0,0,4,1,0,false
/home/arch_design_predict/download-github-repos/mvp/repos/MVPGetStreamRxJava-master/app/src/main/java/jorgelopez/com/mvpgetstreamsrxjava/main/MainModule.java,jorgelopez.com.mvpgetstreamsrxjava.main.MainModule,provideLoginActivityPresenter/0,false,9,3,1,0,1,1,0,3,1,0,0,0,0,0,0,0,0,0,0,0,0,0,0,0,0,0,5,1,0,false
/home/arch_design_predict/download-github-repos/mvp/repos/MVPGetStreamRxJava-master/app/src/main/java/jorgelopez/com/mvpgetstreamsrxjava/main/MainActivityMVP.java,jorgelopez.com.mvpgetstreamsrxjava.main.MainActivityMVP$View,enableStartButton/1[boolean],false,9,0,1,1,0,1,0,1,0,0,1,0,0,0,0,0,0,0,0,0,0,0,0,0,0,0,4,0,0,false
/home/arch_design_predict/download-github-repos/mvp/repos/MVPGetStreamRxJava-master/app/src/main/java/jorgelopez/com/mvpgetstreamsrxjava/main/MainActivityMVP.java,jorgelopez.com.mvpgetstreamsrxjava.main.MainActivityMVP$View,getTwitchAPI/0,false,8,1,2,2,0,1,0,1,0,0,0,0,0,0,0,0,0,0,0,0,0,0,0,0,0,0,5,0,0,false
/home/arch_design_predict/download-github-repos/mvp/repos/MVPGetStreamRxJava-master/app/src/main/java/jorgelopez/com/mvpgetstreamsrxjava/main/MainActivityMVP.java,jorgelopez.com.mvpgetstreamsrxjava.main.MainActivityMVP$View,closeApp/0,false,11,0,1,1,0,1,0,1,0,0,0,0,0,0,0,0,0,0,0,0,0,0,0,0,0,0,2,0,0,false
/home/arch_design_predict/download-github-repos/mvp/repos/MVPGetStreamRxJava-master/app/src/main/java/jorgelopez/com/mvpgetstreamsrxjava/main/MainActivityMVP.java,jorgelopez.com.mvpgetstreamsrxjava.main.MainActivityMVP$View,setInfo/1[java.lang.String],false,7,0,1,1,0,1,0,1,0,0,1,0,0,0,0,0,0,0,0,0,0,0,0,0,0,0,3,0,0,false
/home/arch_design_predict/download-github-repos/mvp/repos/MVPGetStreamRxJava-master/app/src/main/java/jorgelopez/com/mvpgetstreamsrxjava/main/MainActivityMVP.java,jorgelopez.com.mvpgetstreamsrxjava.main.MainActivityMVP$View,enableFinishButton/1[boolean],false,10,0,1,1,0,1,0,1,0,0,1,0,0,0,0,0,0,0,0,0,0,0,0,0,0,0,4,0,0,false
/home/arch_design_predict/download-github-repos/mvp/repos/MVPGetStreamRxJava-master/app/src/main/java/jorgelopez/com/mvpgetstreamsrxjava/main/MainActivityPresenter.java,jorgelopez.com.mvpgetstreamsrxjava.main.MainActivityPresenter$Anonymous4,apply/1[jorgelopez.com.mvpgetstreamsrxjava.http.twitch.game.TwitchGame],false,90,3,1,0,1,1,2,3,1,0,1,2,0,0,0,0,0,0,0,0,0,0,0,0,0,0,4,1,0,false
/home/arch_design_predict/download-github-repos/mvp/repos/MVPGetStreamRxJava-master/app/src/main/java/jorgelopez/com/mvpgetstreamsrxjava/main/MainActivityPresenter.java,jorgelopez.com.mvpgetstreamsrxjava.main.MainActivityPresenter$Anonymous5,onNext/1[jorgelopez.com.mvpgetstreamsrxjava.http.twitch.game.Game],false,103,1,1,0,1,1,1,5,0,0,1,1,0,0,0,0,0,1,6,0,3,4,0,0,0,0,9,1,0,false
/home/arch_design_predict/download-github-repos/mvp/repos/MVPGetStreamRxJava-master/app/src/main/java/jorgelopez/com/mvpgetstreamsrxjava/main/MainActivityPresenter.java,jorgelopez.com.mvpgetstreamsrxjava.main.MainActivityPresenter$Anonymous5,onError/1[java.lang.Throwable],false,113,0,0,0,0,1,0,2,0,0,1,0,0,0,0,0,0,0,0,0,0,0,0,0,0,0,4,1,0,false
/home/arch_design_predict/download-github-repos/mvp/repos/MVPGetStreamRxJava-master/app/src/main/java/jorgelopez/com/mvpgetstreamsrxjava/main/MainActivityPresenter.java,jorgelopez.com.mvpgetstreamsrxjava.main.MainActivityPresenter$Anonymous5,onComplete/0,false,118,1,3,0,3,1,3,5,0,0,0,3,0,0,0,0,0,0,0,0,0,0,0,0,0,0,5,1,0,false
/home/arch_design_predict/download-github-repos/mvp/repos/MVPGetStreamRxJava-master/app/src/main/java/jorgelopez/com/mvpgetstreamsrxjava/main/MainActivityPresenter.java,jorgelopez.com.mvpgetstreamsrxjava.main.MainActivityPresenter$Anonymous5,onSubscribe/1[jorgelopez.com.mvpgetstreamsrxjava.main.Disposable],false,98,1,0,0,0,1,0,2,0,0,1,0,0,0,0,0,0,0,0,0,0,0,0,0,0,0,4,1,0,false
/home/arch_design_predict/download-github-repos/mvp/repos/MVPGetStreamRxJava-master/app/src/main/java/jorgelopez/com/mvpgetstreamsrxjava/main/MainActivityPresenter.java,jorgelopez.com.mvpgetstreamsrxjava.main.MainActivityPresenter,MainActivityPresenter/0,true,25,0,1,1,0,1,0,2,0,0,0,0,0,0,0,0,0,0,0,0,0,0,0,0,0,0,3,1,0,false
/home/arch_design_predict/download-github-repos/mvp/repos/MVPGetStreamRxJava-master/app/src/main/java/jorgelopez/com/mvpgetstreamsrxjava/main/MainActivityPresenter.java,jorgelopez.com.mvpgetstreamsrxjava.main.MainActivityPresenter,sendButtonClicked/0,false,35,7,2,0,2,2,9,28,0,1,0,9,0,0,0,1,0,0,1,0,2,0,1,3,0,0,27,1,0,false
/home/arch_design_predict/download-github-repos/mvp/repos/MVPGetStreamRxJava-master/app/src/main/java/jorgelopez/com/mvpgetstreamsrxjava/main/MainActivityPresenter.java,jorgelopez.com.mvpgetstreamsrxjava.main.MainActivityPresenter,finishButtonClicked/0,false,80,1,1,0,1,1,1,3,0,0,0,1,0,0,0,0,0,0,0,0,0,0,0,0,0,0,3,1,0,false
/home/arch_design_predict/download-github-repos/mvp/repos/MVPGetStreamRxJava-master/app/src/main/java/jorgelopez/com/mvpgetstreamsrxjava/main/MainActivityPresenter.java,jorgelopez.com.mvpgetstreamsrxjava.main.MainActivityPresenter,setView/1[jorgelopez.com.mvpgetstreamsrxjava.main.MainActivityMVP.View],false,30,1,0,0,0,1,0,3,0,0,1,0,0,0,0,0,0,0,0,0,1,0,0,0,0,0,3,1,0,false
/home/arch_design_predict/download-github-repos/mvp/repos/MVPGetStreamRxJava-master/app/src/main/java/jorgelopez/com/mvpgetstreamsrxjava/main/MainActivityPresenter.java,jorgelopez.com.mvpgetstreamsrxjava.main.MainActivityPresenter,"getGame/3[java.lang.String,java.lang.Integer,java.lang.String]",false,85,5,3,1,2,1,8,24,0,0,3,8,0,0,0,0,0,0,0,0,0,0,0,2,0,0,24,1,0,false
/home/arch_design_predict/download-github-repos/mvp/repos/MVPGetStreamRxJava-master/app/src/main/java/jorgelopez/com/mvpgetstreamsrxjava/main/MainActivityPresenter.java,jorgelopez.com.mvpgetstreamsrxjava.main.MainActivityPresenter$Anonymous2,test/1[jorgelopez.com.mvpgetstreamsrxjava.http.twitch.stream.StreamData],false,49,1,2,0,2,2,3,3,1,0,1,3,0,0,0,0,0,0,1,1,0,0,0,0,0,0,4,1,0,false
/home/arch_design_predict/download-github-repos/mvp/repos/MVPGetStreamRxJava-master/app/src/main/java/jorgelopez/com/mvpgetstreamsrxjava/main/MainActivityPresenter.java,jorgelopez.com.mvpgetstreamsrxjava.main.MainActivityPresenter$Anonymous3,onError/1[java.lang.Throwable],false,67,0,0,0,0,1,0,2,0,0,1,0,0,0,0,0,0,0,0,0,0,0,0,0,0,0,4,1,0,false
/home/arch_design_predict/download-github-repos/mvp/repos/MVPGetStreamRxJava-master/app/src/main/java/jorgelopez/com/mvpgetstreamsrxjava/main/MainActivityPresenter.java,jorgelopez.com.mvpgetstreamsrxjava.main.MainActivityPresenter$Anonymous3,onNext/1[jorgelopez.com.mvpgetstreamsrxjava.http.twitch.stream.StreamData],false,61,2,4,0,4,1,4,3,0,0,1,4,0,0,0,0,0,0,0,0,0,0,0,0,0,0,7,1,0,false
/home/arch_design_predict/download-github-repos/mvp/repos/MVPGetStreamRxJava-master/app/src/main/java/jorgelopez/com/mvpgetstreamsrxjava/main/MainActivityPresenter.java,jorgelopez.com.mvpgetstreamsrxjava.main.MainActivityPresenter$Anonymous3,onComplete/0,false,72,0,3,0,3,1,0,2,0,0,0,0,0,0,0,0,0,0,0,0,0,0,0,0,0,0,2,1,0,false
/home/arch_design_predict/download-github-repos/mvp/repos/MVPGetStreamRxJava-master/app/src/main/java/jorgelopez/com/mvpgetstreamsrxjava/main/MainActivityPresenter.java,jorgelopez.com.mvpgetstreamsrxjava.main.MainActivityPresenter$Anonymous3,onSubscribe/1[jorgelopez.com.mvpgetstreamsrxjava.main.Disposable],false,56,1,0,0,0,1,0,2,0,0,1,0,0,0,0,0,0,0,0,0,0,0,0,0,0,0,4,1,0,false
/home/arch_design_predict/download-github-repos/mvp/repos/MVPGetStreamRxJava-master/app/src/main/java/jorgelopez/com/mvpgetstreamsrxjava/http/twitch/game/Game.java,jorgelopez.com.mvpgetstreamsrxjava.http.twitch.game.Game,getId/0,false,19,0,0,0,0,1,0,3,1,0,0,0,0,0,0,0,0,0,0,0,0,0,0,0,0,0,3,1,0,false
/home/arch_design_predict/download-github-repos/mvp/repos/MVPGetStreamRxJava-master/app/src/main/java/jorgelopez/com/mvpgetstreamsrxjava/http/twitch/game/Game.java,jorgelopez.com.mvpgetstreamsrxjava.http.twitch.game.Game,setName/1[java.lang.String],false,31,0,0,0,0,1,0,3,0,0,1,0,0,0,0,0,0,0,0,0,1,0,0,0,0,0,3,1,0,false
/home/arch_design_predict/download-github-repos/mvp/repos/MVPGetStreamRxJava-master/app/src/main/java/jorgelopez/com/mvpgetstreamsrxjava/http/twitch/game/Game.java,jorgelopez.com.mvpgetstreamsrxjava.http.twitch.game.Game,setId/1[java.lang.String],false,23,0,0,0,0,1,0,3,0,0,1,0,0,0,0,0,0,0,0,0,1,0,0,0,0,0,3,1,0,false
/home/arch_design_predict/download-github-repos/mvp/repos/MVPGetStreamRxJava-master/app/src/main/java/jorgelopez/com/mvpgetstreamsrxjava/http/twitch/game/Game.java,jorgelopez.com.mvpgetstreamsrxjava.http.twitch.game.Game,getName/0,false,27,0,1,1,0,1,0,3,1,0,0,0,0,0,0,0,0,0,0,0,0,0,0,0,0,0,3,1,0,false
/home/arch_design_predict/download-github-repos/mvp/repos/MVPGetStreamRxJava-master/app/src/main/java/jorgelopez/com/mvpgetstreamsrxjava/http/twitch/game/Game.java,jorgelopez.com.mvpgetstreamsrxjava.http.twitch.game.Game,getBoxArtUrl/0,false,35,0,0,0,0,1,0,3,1,0,0,0,0,0,0,0,0,0,0,0,0,0,0,0,0,0,5,1,0,false
/home/arch_design_predict/download-github-repos/mvp/repos/MVPGetStreamRxJava-master/app/src/main/java/jorgelopez/com/mvpgetstreamsrxjava/http/twitch/game/Game.java,jorgelopez.com.mvpgetstreamsrxjava.http.twitch.game.Game,setBoxArtUrl/1[java.lang.String],false,39,0,0,0,0,1,0,3,0,0,1,0,0,0,0,0,0,0,0,0,1,0,0,0,0,0,5,1,0,false
/home/arch_design_predict/download-github-repos/mvp/repos/MVPGetStreamRxJava-master/app/src/androidTest/java/jorgelopez/com/mvpgetstreamsrxjava/ExampleInstrumentedTest.java,jorgelopez.com.mvpgetstreamsrxjava.ExampleInstrumentedTest,useAppContext/0,false,20,2,0,0,0,1,3,4,0,1,0,3,0,0,0,0,0,0,1,0,1,0,0,0,0,0,6,1,0,false
/home/arch_design_predict/download-github-repos/mvp/repos/MVPGetStreamRxJava-master/app/src/main/java/jorgelopez/com/mvpgetstreamsrxjava/http/TwitchModule.java,jorgelopez.com.mvpgetstreamsrxjava.http.TwitchModule,provideHttpClient/0,false,19,3,1,1,0,1,3,5,1,1,0,3,0,0,0,0,0,0,0,0,1,0,0,0,0,0,7,1,0,false
/home/arch_design_predict/download-github-repos/mvp/repos/MVPGetStreamRxJava-master/app/src/main/java/jorgelopez/com/mvpgetstreamsrxjava/http/TwitchModule.java,jorgelopez.com.mvpgetstreamsrxjava.http.TwitchModule,"provideRetrofit/2[java.lang.String,jorgelopez.com.mvpgetstreamsrxjava.http.OkHttpClient]",false,26,4,1,1,0,1,6,3,1,0,2,6,0,0,0,0,0,0,0,0,0,0,0,0,0,0,8,1,0,false
/home/arch_design_predict/download-github-repos/mvp/repos/MVPGetStreamRxJava-master/app/src/main/java/jorgelopez/com/mvpgetstreamsrxjava/http/TwitchModule.java,jorgelopez.com.mvpgetstreamsrxjava.http.TwitchModule,provideTwitchService/0,false,36,3,2,0,2,1,3,3,1,0,0,3,2,1,0,0,0,0,0,0,0,0,0,0,0,0,7,1,0,false
/home/arch_design_predict/download-github-repos/mvp/repos/MVPGetStreamRxJava-master/app/src/main/java/jorgelopez/com/mvpgetstreamsrxjava/http/twitch/game/TwitchGame.java,jorgelopez.com.mvpgetstreamsrxjava.http.twitch.game.TwitchGame,getGames/0,false,15,1,1,1,0,1,0,3,1,0,0,0,0,0,0,0,0,0,0,0,0,0,0,0,0,0,3,1,0,false
/home/arch_design_predict/download-github-repos/mvp/repos/MVPGetStreamRxJava-master/app/src/main/java/jorgelopez/com/mvpgetstreamsrxjava/http/twitch/game/TwitchGame.java,jorgelopez.com.mvpgetstreamsrxjava.http.twitch.game.TwitchGame,setData/1[java.util.List<jorgelopez.com.mvpgetstreamsrxjava.http.twitch.game.Game>],false,19,1,0,0,0,1,0,3,0,0,1,0,0,0,0,0,0,0,0,0,1,0,0,0,0,0,3,1,0,false
/home/arch_design_predict/download-github-repos/mvp/repos/MVPGetStreamRxJava-master/app/src/main/java/jorgelopez/com/mvpgetstreamsrxjava/http/twitch/stream/StreamData.java,jorgelopez.com.mvpgetstreamsrxjava.http.twitch.stream.StreamData,setUserName/1[java.lang.String],false,65,0,0,0,0,1,0,3,0,0,1,0,0,0,0,0,0,0,0,0,1,0,0,0,0,0,4,1,0,false
/home/arch_design_predict/download-github-repos/mvp/repos/MVPGetStreamRxJava-master/app/src/main/java/jorgelopez/com/mvpgetstreamsrxjava/http/twitch/stream/StreamData.java,jorgelopez.com.mvpgetstreamsrxjava.http.twitch.stream.StreamData,setCommunityIds/1[java.util.List<java.lang.String>],false,81,0,0,0,0,1,0,3,0,0,1,0,0,0,0,0,0,0,0,0,1,0,0,0,0,0,4,1,0,false
/home/arch_design_predict/download-github-repos/mvp/repos/MVPGetStreamRxJava-master/app/src/main/java/jorgelopez/com/mvpgetstreamsrxjava/http/twitch/stream/StreamData.java,jorgelopez.com.mvpgetstreamsrxjava.http.twitch.stream.StreamData,setGameId/1[java.lang.String],false,73,0,0,0,0,1,0,3,0,0,1,0,0,0,0,0,0,0,0,0,1,0,0,0,0,0,4,1,0,false
/home/arch_design_predict/download-github-repos/mvp/repos/MVPGetStreamRxJava-master/app/src/main/java/jorgelopez/com/mvpgetstreamsrxjava/http/twitch/stream/StreamData.java,jorgelopez.com.mvpgetstreamsrxjava.http.twitch.stream.StreamData,setTitle/1[java.lang.String],false,97,0,0,0,0,1,0,3,0,0,1,0,0,0,0,0,0,0,0,0,1,0,0,0,0,0,3,1,0,false
/home/arch_design_predict/download-github-repos/mvp/repos/MVPGetStreamRxJava-master/app/src/main/java/jorgelopez/com/mvpgetstreamsrxjava/http/twitch/stream/StreamData.java,jorgelopez.com.mvpgetstreamsrxjava.http.twitch.stream.StreamData,setStartedAt/1[java.lang.String],false,113,0,0,0,0,1,0,3,0,0,1,0,0,0,0,0,0,0,0,0,1,0,0,0,0,0,4,1,0,false
/home/arch_design_predict/download-github-repos/mvp/repos/MVPGetStreamRxJava-master/app/src/main/java/jorgelopez/com/mvpgetstreamsrxjava/http/twitch/stream/StreamData.java,jorgelopez.com.mvpgetstreamsrxjava.http.twitch.stream.StreamData,getUserName/0,false,61,0,0,0,0,1,0,3,1,0,0,0,0,0,0,0,0,0,0,0,0,0,0,0,0,0,4,1,0,false
/home/arch_design_predict/download-github-repos/mvp/repos/MVPGetStreamRxJava-master/app/src/main/java/jorgelopez/com/mvpgetstreamsrxjava/http/twitch/stream/StreamData.java,jorgelopez.com.mvpgetstreamsrxjava.http.twitch.stream.StreamData,getViewerCount/0,false,101,0,2,2,0,1,0,3,1,0,0,0,0,0,0,0,0,0,0,0,0,0,0,0,0,0,5,1,0,false
/home/arch_design_predict/download-github-repos/mvp/repos/MVPGetStreamRxJava-master/app/src/main/java/jorgelopez/com/mvpgetstreamsrxjava/http/twitch/stream/StreamData.java,jorgelopez.com.mvpgetstreamsrxjava.http.twitch.stream.StreamData,setType/1[java.lang.String],false,89,0,0,0,0,1,0,3,0,0,1,0,0,0,0,0,0,0,0,0,1,0,0,0,0,0,3,1,0,false
/home/arch_design_predict/download-github-repos/mvp/repos/MVPGetStreamRxJava-master/app/src/main/java/jorgelopez/com/mvpgetstreamsrxjava/http/twitch/stream/StreamData.java,jorgelopez.com.mvpgetstreamsrxjava.http.twitch.stream.StreamData,getId/0,false,45,0,0,0,0,1,0,3,1,0,0,0,0,0,0,0,0,0,0,0,0,0,0,0,0,0,3,1,0,false
/home/arch_design_predict/download-github-repos/mvp/repos/MVPGetStreamRxJava-master/app/src/main/java/jorgelopez/com/mvpgetstreamsrxjava/http/twitch/stream/StreamData.java,jorgelopez.com.mvpgetstreamsrxjava.http.twitch.stream.StreamData,getThumbnailUrl/0,false,125,0,0,0,0,1,0,3,1,0,0,0,0,0,0,0,0,0,0,0,0,0,0,0,0,0,4,1,0,false
/home/arch_design_predict/download-github-repos/mvp/repos/MVPGetStreamRxJava-master/app/src/main/java/jorgelopez/com/mvpgetstreamsrxjava/http/twitch/stream/StreamData.java,jorgelopez.com.mvpgetstreamsrxjava.http.twitch.stream.StreamData,setThumbnailUrl/1[java.lang.String],false,129,0,0,0,0,1,0,3,0,0,1,0,0,0,0,0,0,0,0,0,1,0,0,0,0,0,4,1,0,false
/home/arch_design_predict/download-github-repos/mvp/repos/MVPGetStreamRxJava-master/app/src/main/java/jorgelopez/com/mvpgetstreamsrxjava/http/twitch/stream/StreamData.java,jorgelopez.com.mvpgetstreamsrxjava.http.twitch.stream.StreamData,getCommunityIds/0,false,77,0,0,0,0,1,0,3,1,0,0,0,0,0,0,0,0,0,0,0,0,0,0,0,0,0,4,1,0,false
/home/arch_design_predict/download-github-repos/mvp/repos/MVPGetStreamRxJava-master/app/src/main/java/jorgelopez/com/mvpgetstreamsrxjava/http/twitch/stream/StreamData.java,jorgelopez.com.mvpgetstreamsrxjava.http.twitch.stream.StreamData,setViewerCount/1[java.lang.Integer],false,105,0,0,0,0,1,0,3,0,0,1,0,0,0,0,0,0,0,0,0,1,0,0,0,0,0,5,1,0,false
/home/arch_design_predict/download-github-repos/mvp/repos/MVPGetStreamRxJava-master/app/src/main/java/jorgelopez/com/mvpgetstreamsrxjava/http/twitch/stream/StreamData.java,jorgelopez.com.mvpgetstreamsrxjava.http.twitch.stream.StreamData,getUserId/0,false,53,0,0,0,0,1,0,3,1,0,0,0,0,0,0,0,0,0,0,0,0,0,0,0,0,0,4,1,0,false
/home/arch_design_predict/download-github-repos/mvp/repos/MVPGetStreamRxJava-master/app/src/main/java/jorgelopez/com/mvpgetstreamsrxjava/http/twitch/stream/StreamData.java,jorgelopez.com.mvpgetstreamsrxjava.http.twitch.stream.StreamData,getType/0,false,85,0,0,0,0,1,0,3,1,0,0,0,0,0,0,0,0,0,0,0,0,0,0,0,0,0,3,1,0,false
/home/arch_design_predict/download-github-repos/mvp/repos/MVPGetStreamRxJava-master/app/src/main/java/jorgelopez/com/mvpgetstreamsrxjava/http/twitch/stream/StreamData.java,jorgelopez.com.mvpgetstreamsrxjava.http.twitch.stream.StreamData,getStartedAt/0,false,109,0,0,0,0,1,0,3,1,0,0,0,0,0,0,0,0,0,0,0,0,0,0,0,0,0,4,1,0,false
/home/arch_design_predict/download-github-repos/mvp/repos/MVPGetStreamRxJava-master/app/src/main/java/jorgelopez/com/mvpgetstreamsrxjava/http/twitch/stream/StreamData.java,jorgelopez.com.mvpgetstreamsrxjava.http.twitch.stream.StreamData,setUserId/1[java.lang.String],false,57,0,0,0,0,1,0,3,0,0,1,0,0,0,0,0,0,0,0,0,1,0,0,0,0,0,4,1,0,false
/home/arch_design_predict/download-github-repos/mvp/repos/MVPGetStreamRxJava-master/app/src/main/java/jorgelopez/com/mvpgetstreamsrxjava/http/twitch/stream/StreamData.java,jorgelopez.com.mvpgetstreamsrxjava.http.twitch.stream.StreamData,getTitle/0,false,93,0,1,1,0,1,0,3,1,0,0,0,0,0,0,0,0,0,0,0,0,0,0,0,0,0,3,1,0,false
/home/arch_design_predict/download-github-repos/mvp/repos/MVPGetStreamRxJava-master/app/src/main/java/jorgelopez/com/mvpgetstreamsrxjava/http/twitch/stream/StreamData.java,jorgelopez.com.mvpgetstreamsrxjava.http.twitch.stream.StreamData,getLanguage/0,false,117,0,1,1,0,1,0,3,1,0,0,0,0,0,0,0,0,0,0,0,0,0,0,0,0,0,3,1,0,false
/home/arch_design_predict/download-github-repos/mvp/repos/MVPGetStreamRxJava-master/app/src/main/java/jorgelopez/com/mvpgetstreamsrxjava/http/twitch/stream/StreamData.java,jorgelopez.com.mvpgetstreamsrxjava.http.twitch.stream.StreamData,setId/1[java.lang.String],false,49,0,0,0,0,1,0,3,0,0,1,0,0,0,0,0,0,0,0,0,1,0,0,0,0,0,3,1,0,false
/home/arch_design_predict/download-github-repos/mvp/repos/MVPGetStreamRxJava-master/app/src/main/java/jorgelopez/com/mvpgetstreamsrxjava/http/twitch/stream/StreamData.java,jorgelopez.com.mvpgetstreamsrxjava.http.twitch.stream.StreamData,getGameId/0,false,69,0,1,1,0,1,0,3,1,0,0,0,0,0,0,0,0,0,0,0,0,0,0,0,0,0,4,1,0,false
/home/arch_design_predict/download-github-repos/mvp/repos/MVPGetStreamRxJava-master/app/src/main/java/jorgelopez/com/mvpgetstreamsrxjava/http/twitch/stream/StreamData.java,jorgelopez.com.mvpgetstreamsrxjava.http.twitch.stream.StreamData,setLanguage/1[java.lang.String],false,121,0,0,0,0,1,0,3,0,0,1,0,0,0,0,0,0,0,0,0,1,0,0,0,0,0,3,1,0,false
/home/arch_design_predict/download-github-repos/mvp/repos/MVPGetStreamRxJava-master/app/src/main/java/jorgelopez/com/mvpgetstreamsrxjava/main/MainActivity.java,jorgelopez.com.mvpgetstreamsrxjava.main.MainActivity$Anonymous2,onClick/1[jorgelopez.com.mvpgetstreamsrxjava.main.View],false,50,2,2,0,2,1,1,3,0,0,1,1,0,0,0,0,0,0,0,0,0,0,0,0,0,0,4,1,0,false
/home/arch_design_predict/download-github-repos/mvp/repos/MVPGetStreamRxJava-master/app/src/main/java/jorgelopez/com/mvpgetstreamsrxjava/main/MainActivity.java,jorgelopez.com.mvpgetstreamsrxjava.main.MainActivity$Anonymous1,onClick/1[jorgelopez.com.mvpgetstreamsrxjava.main.View],false,43,2,2,0,2,1,1,3,0,0,1,1,0,0,0,0,0,0,0,0,0,0,0,0,0,0,4,1,0,false
/home/arch_design_predict/download-github-repos/mvp/repos/MVPGetStreamRxJava-master/app/src/main/java/jorgelopez/com/mvpgetstreamsrxjava/http/twitch/stream/TwitchStream.java,jorgelopez.com.mvpgetstreamsrxjava.http.twitch.stream.TwitchStream,getData/0,false,18,1,1,1,0,1,0,3,1,0,0,0,0,0,0,0,0,0,0,0,0,0,0,0,0,0,3,1,0,false
/home/arch_design_predict/download-github-repos/mvp/repos/MVPGetStreamRxJava-master/app/src/main/java/jorgelopez/com/mvpgetstreamsrxjava/http/twitch/stream/TwitchStream.java,jorgelopez.com.mvpgetstreamsrxjava.http.twitch.stream.TwitchStream,setPagination/1[jorgelopez.com.mvpgetstreamsrxjava.http.twitch.stream.Pagination],false,30,1,0,0,0,1,0,3,0,0,1,0,0,0,0,0,0,0,0,0,1,0,0,0,0,0,3,1,0,false
/home/arch_design_predict/download-github-repos/mvp/repos/MVPGetStreamRxJava-master/app/src/main/java/jorgelopez/com/mvpgetstreamsrxjava/http/twitch/stream/TwitchStream.java,jorgelopez.com.mvpgetstreamsrxjava.http.twitch.stream.TwitchStream,setData/1[java.util.List<jorgelopez.com.mvpgetstreamsrxjava.http.twitch.stream.StreamData>],false,22,1,0,0,0,1,0,3,0,0,1,0,0,0,0,0,0,0,0,0,1,0,0,0,0,0,3,1,0,false
/home/arch_design_predict/download-github-repos/mvp/repos/MVPGetStreamRxJava-master/app/src/main/java/jorgelopez/com/mvpgetstreamsrxjava/http/twitch/stream/TwitchStream.java,jorgelopez.com.mvpgetstreamsrxjava.http.twitch.stream.TwitchStream,getPagination/0,false,26,1,0,0,0,1,0,3,1,0,0,0,0,0,0,0,0,0,0,0,0,0,0,0,0,0,3,1,0,false
/home/arch_design_predict/download-github-repos/mvp/repos/MVPGetStreamRxJava-master/app/src/main/java/jorgelopez/com/mvpgetstreamsrxjava/root/ApplicationModule.java,jorgelopez.com.mvpgetstreamsrxjava.root.ApplicationModule,ApplicationModule/1[jorgelopez.com.mvpgetstreamsrxjava.root.Application],true,16,1,1,1,0,1,0,3,0,0,1,0,0,0,0,0,0,0,0,0,1,0,0,0,0,0,3,1,0,false
/home/arch_design_predict/download-github-repos/mvp/repos/MVPGetStreamRxJava-master/app/src/main/java/jorgelopez/com/mvpgetstreamsrxjava/root/ApplicationModule.java,jorgelopez.com.mvpgetstreamsrxjava.root.ApplicationModule,provideContext/0,false,22,4,0,0,0,1,0,3,1,0,0,0,0,0,0,0,0,0,0,0,0,0,0,0,0,0,3,1,0,false
/home/arch_design_predict/download-github-repos/mvp/repos/MVPGetStreamRxJava-master/app/src/main/java/jorgelopez/com/mvpgetstreamsrxjava/root/ApplicationComponent.java,jorgelopez.com.mvpgetstreamsrxjava.root.ApplicationComponent,inject/1[jorgelopez.com.mvpgetstreamsrxjava.main.MainActivity],false,14,1,1,1,0,1,0,1,0,0,1,0,0,0,0,0,0,0,0,0,0,0,0,0,0,0,4,0,0,false
/home/arch_design_predict/download-github-repos/mvp/repos/MVPGetStreamRxJava-master/app/src/main/java/jorgelopez/com/mvpgetstreamsrxjava/http/TwitchAPI.java,jorgelopez.com.mvpgetstreamsrxjava.http.TwitchAPI,"getGame/2[java.lang.String,java.lang.String]",false,15,5,1,1,0,1,0,1,0,0,2,0,0,0,0,0,0,0,3,0,0,0,0,0,0,0,3,0,0,false
/home/arch_design_predict/download-github-repos/mvp/repos/MVPGetStreamRxJava-master/app/src/main/java/jorgelopez/com/mvpgetstreamsrxjava/http/TwitchAPI.java,jorgelopez.com.mvpgetstreamsrxjava.http.TwitchAPI,getStreams/1[java.lang.String],false,12,4,1,1,0,1,0,1,0,0,1,0,0,0,0,0,0,0,2,0,0,0,0,0,0,0,4,0,0,false
/home/arch_design_predict/download-github-repos/mvp/repos/MVPGetStreamRxJava-master/app/src/main/java/jorgelopez/com/mvpgetstreamsrxjava/main/MainActivityMVP.java,jorgelopez.com.mvpgetstreamsrxjava.main.MainActivityMVP$Presenter,sendButtonClicked/0,false,16,0,1,1,0,1,0,1,0,0,0,0,0,0,0,0,0,0,0,0,0,0,0,0,0,0,3,0,0,false
/home/arch_design_predict/download-github-repos/mvp/repos/MVPGetStreamRxJava-master/app/src/main/java/jorgelopez/com/mvpgetstreamsrxjava/main/MainActivityMVP.java,jorgelopez.com.mvpgetstreamsrxjava.main.MainActivityMVP$Presenter,setView/1[jorgelopez.com.mvpgetstreamsrxjava.main.MainActivityMVP.View],false,15,1,1,1,0,1,0,1,0,0,1,0,0,0,0,0,0,0,0,0,0,0,0,0,0,0,3,0,0,false
/home/arch_design_predict/download-github-repos/mvp/repos/MVPGetStreamRxJava-master/app/src/main/java/jorgelopez/com/mvpgetstreamsrxjava/main/MainActivityMVP.java,jorgelopez.com.mvpgetstreamsrxjava.main.MainActivityMVP$Presenter,"getGame/3[java.lang.String,java.lang.Integer,java.lang.String]",false,18,0,0,0,0,1,0,1,0,0,3,0,0,0,0,0,0,0,0,0,0,0,0,0,0,0,4,0,0,false
/home/arch_design_predict/download-github-repos/mvp/repos/MVPGetStreamRxJava-master/app/src/main/java/jorgelopez/com/mvpgetstreamsrxjava/main/MainActivityMVP.java,jorgelopez.com.mvpgetstreamsrxjava.main.MainActivityMVP$Presenter,finishButtonClicked/0,false,17,0,1,1,0,1,0,1,0,0,0,0,0,0,0,0,0,0,0,0,0,0,0,0,0,0,3,0,0,false
/home/arch_design_predict/download-github-repos/mvp/repos/MVPGetStreamRxJava-master/app/src/main/java/jorgelopez/com/mvpgetstreamsrxjava/root/App.java,jorgelopez.com.mvpgetstreamsrxjava.root.App,onCreate/0,false,12,2,2,0,2,1,5,4,0,0,0,5,0,0,0,0,0,0,0,0,1,0,0,0,0,0,6,1,0,false
/home/arch_design_predict/download-github-repos/mvp/repos/MVPGetStreamRxJava-master/app/src/main/java/jorgelopez/com/mvpgetstreamsrxjava/root/App.java,jorgelopez.com.mvpgetstreamsrxjava.root.App,getComponent/0,false,19,1,1,1,0,1,0,3,1,0,0,0,0,0,0,0,0,0,0,0,0,0,0,0,0,0,4,1,0,false
/home/arch_design_predict/download-github-repos/mvp/repos/MVPGetStreamRxJava-master/app/src/main/java/jorgelopez/com/mvpgetstreamsrxjava/http/twitch/stream/Pagination.java,jorgelopez.com.mvpgetstreamsrxjava.http.twitch.stream.Pagination,getCursor/0,false,13,0,0,0,0,1,0,3,1,0,0,0,0,0,0,0,0,0,0,0,0,0,0,0,0,0,3,1,0,false
/home/arch_design_predict/download-github-repos/mvp/repos/MVPGetStreamRxJava-master/app/src/main/java/jorgelopez/com/mvpgetstreamsrxjava/http/twitch/stream/Pagination.java,jorgelopez.com.mvpgetstreamsrxjava.http.twitch.stream.Pagination,setCursor/1[java.lang.String],false,17,0,0,0,0,1,0,3,0,0,1,0,0,0,0,0,0,0,0,0,1,0,0,0,0,0,3,1,0,false
/home/arch_design_predict/download-github-repos/mvp/repos/MVPGetStreamRxJava-master/app/src/test/java/jorgelopez/com/mvpgetstreamsrxjava/ExampleUnitTest.java,jorgelopez.com.mvpgetstreamsrxjava.ExampleUnitTest,addition_isCorrect/0,false,14,1,0,0,0,1,1,3,0,0,0,1,0,0,0,0,0,0,0,3,0,1,0,0,0,0,5,1,0,false
