file,class,method,variable,usage
/home/arch_design_predict/download-github-repos/mvvm/repos/Android-Mvvm-master/app/src/main/java/com/apps/a7pl4y3r/mvvm/NoteAdapter.java,com.apps.a7pl4y3r.mvvm.NoteAdapter$NoteHolder$Anonymous2,onClick/1[com.apps.a7pl4y3r.mvvm.View],v,0
/home/arch_design_predict/download-github-repos/mvvm/repos/Android-Mvvm-master/app/src/main/java/com/apps/a7pl4y3r/mvvm/NoteAdapter.java,com.apps.a7pl4y3r.mvvm.NoteAdapter$NoteHolder$Anonymous2,onClick/1[com.apps.a7pl4y3r.mvvm.View],position,2
/home/arch_design_predict/download-github-repos/mvvm/repos/Android-Mvvm-master/MvvmSample/src/com/example/mvvmsample/viewmodel/VideoPlayerViewModelEvent.java,com.example.mvvmsample.viewmodel.VideoPlayerViewModelEvent,onVideoPaused/1[com.example.mvvmsample.model.Video],video,0
/home/arch_design_predict/download-github-repos/mvvm/repos/Android-Mvvm-master/MvvmSample/src/com/example/mvvmsample/viewmodel/VideoPlayerViewModelEvent.java,com.example.mvvmsample.viewmodel.VideoPlayerViewModelEvent,onVideoPlayed/1[com.example.mvvmsample.model.Video],video,0
/home/arch_design_predict/download-github-repos/mvvm/repos/Android-Mvvm-master/app/src/main/java/com/apps/a7pl4y3r/mvvm/NoteAdapter.java,com.apps.a7pl4y3r.mvvm.NoteAdapter$OnItemClickListener,onItemClick/1[com.apps.a7pl4y3r.mvvm.Note],note,0
/home/arch_design_predict/download-github-repos/mvvm/repos/Android-Mvvm-master/app/src/main/java/com/apps/a7pl4y3r/mvvm/NoteAdapter.java,com.apps.a7pl4y3r.mvvm.NoteAdapter,getNoteAt/1[int],position,1
/home/arch_design_predict/download-github-repos/mvvm/repos/Android-Mvvm-master/app/src/main/java/com/apps/a7pl4y3r/mvvm/NoteAdapter.java,com.apps.a7pl4y3r.mvvm.NoteAdapter,setOnItemClickListener/1[com.apps.a7pl4y3r.mvvm.NoteAdapter.OnItemClickListener],listener,2
/home/arch_design_predict/download-github-repos/mvvm/repos/Android-Mvvm-master/app/src/main/java/com/apps/a7pl4y3r/mvvm/NoteAdapter.java,com.apps.a7pl4y3r.mvvm.NoteAdapter,"onCreateViewHolder/2[com.apps.a7pl4y3r.mvvm.ViewGroup,int]",parent,2
/home/arch_design_predict/download-github-repos/mvvm/repos/Android-Mvvm-master/app/src/main/java/com/apps/a7pl4y3r/mvvm/NoteAdapter.java,com.apps.a7pl4y3r.mvvm.NoteAdapter,"onCreateViewHolder/2[com.apps.a7pl4y3r.mvvm.ViewGroup,int]",viewType,0
/home/arch_design_predict/download-github-repos/mvvm/repos/Android-Mvvm-master/app/src/main/java/com/apps/a7pl4y3r/mvvm/NoteAdapter.java,com.apps.a7pl4y3r.mvvm.NoteAdapter,"onBindViewHolder/2[com.apps.a7pl4y3r.mvvm.NoteAdapter.NoteHolder,int]",currentNote,3
/home/arch_design_predict/download-github-repos/mvvm/repos/Android-Mvvm-master/app/src/main/java/com/apps/a7pl4y3r/mvvm/NoteAdapter.java,com.apps.a7pl4y3r.mvvm.NoteAdapter,"onBindViewHolder/2[com.apps.a7pl4y3r.mvvm.NoteAdapter.NoteHolder,int]",holder,3
/home/arch_design_predict/download-github-repos/mvvm/repos/Android-Mvvm-master/app/src/main/java/com/apps/a7pl4y3r/mvvm/NoteAdapter.java,com.apps.a7pl4y3r.mvvm.NoteAdapter,"onBindViewHolder/2[com.apps.a7pl4y3r.mvvm.NoteAdapter.NoteHolder,int]",position,1
/home/arch_design_predict/download-github-repos/mvvm/repos/Android-Mvvm-master/app/src/main/java/com/apps/a7pl4y3r/mvvm/NoteViewModel.java,com.apps.a7pl4y3r.mvvm.NoteViewModel,deleteAllNotes/1[com.apps.a7pl4y3r.mvvm.Note],note,0
/home/arch_design_predict/download-github-repos/mvvm/repos/Android-Mvvm-master/app/src/main/java/com/apps/a7pl4y3r/mvvm/NoteViewModel.java,com.apps.a7pl4y3r.mvvm.NoteViewModel,NoteViewModel/1[com.apps.a7pl4y3r.mvvm.Application],application,2
/home/arch_design_predict/download-github-repos/mvvm/repos/Android-Mvvm-master/app/src/main/java/com/apps/a7pl4y3r/mvvm/NoteViewModel.java,com.apps.a7pl4y3r.mvvm.NoteViewModel,insert/1[com.apps.a7pl4y3r.mvvm.Note],note,1
/home/arch_design_predict/download-github-repos/mvvm/repos/Android-Mvvm-master/app/src/main/java/com/apps/a7pl4y3r/mvvm/NoteViewModel.java,com.apps.a7pl4y3r.mvvm.NoteViewModel,update/1[com.apps.a7pl4y3r.mvvm.Note],note,1
/home/arch_design_predict/download-github-repos/mvvm/repos/Android-Mvvm-master/app/src/main/java/com/apps/a7pl4y3r/mvvm/NoteViewModel.java,com.apps.a7pl4y3r.mvvm.NoteViewModel,delete/1[com.apps.a7pl4y3r.mvvm.Note],note,1
/home/arch_design_predict/download-github-repos/mvvm/repos/Android-Mvvm-master/app/src/main/java/com/apps/a7pl4y3r/mvvm/MainActivity.java,com.apps.a7pl4y3r.mvvm.MainActivity$Anonymous4,onChanged/1[java.util.List<com.apps.a7pl4y3r.mvvm.Note>],notes,1
/home/arch_design_predict/download-github-repos/mvvm/repos/Android-Mvvm-master/app/src/main/java/com/apps/a7pl4y3r/mvvm/NoteDatabase.java,com.apps.a7pl4y3r.mvvm.NoteDatabase$Anonymous1,onCreate/1[com.apps.a7pl4y3r.mvvm.SupportSQLiteDatabase],db,1
/home/arch_design_predict/download-github-repos/mvvm/repos/Android-Mvvm-master/app/src/main/java/com/apps/a7pl4y3r/mvvm/NoteRepository.java,com.apps.a7pl4y3r.mvvm.NoteRepository$NoteAsyncTask,"NoteAsyncTask/2[com.apps.a7pl4y3r.mvvm.NoteDao,int]",noteDao,2
/home/arch_design_predict/download-github-repos/mvvm/repos/Android-Mvvm-master/app/src/main/java/com/apps/a7pl4y3r/mvvm/NoteRepository.java,com.apps.a7pl4y3r.mvvm.NoteRepository$NoteAsyncTask,"NoteAsyncTask/2[com.apps.a7pl4y3r.mvvm.NoteDao,int]",operationId,2
/home/arch_design_predict/download-github-repos/mvvm/repos/Android-Mvvm-master/app/src/main/java/com/apps/a7pl4y3r/mvvm/NoteRepository.java,com.apps.a7pl4y3r.mvvm.NoteRepository$NoteAsyncTask,doInBackground/1[com.apps.a7pl4y3r.mvvm.Note[]],notes,3
/home/arch_design_predict/download-github-repos/mvvm/repos/Android-Mvvm-master/app/src/main/java/com/apps/a7pl4y3r/mvvm/MainActivity.java,com.apps.a7pl4y3r.mvvm.MainActivity$Anonymous2,"onMove/3[com.apps.a7pl4y3r.mvvm.RecyclerView,RecyclerView.ViewHolder,RecyclerView.ViewHolder]",viewHolder,0
/home/arch_design_predict/download-github-repos/mvvm/repos/Android-Mvvm-master/app/src/main/java/com/apps/a7pl4y3r/mvvm/MainActivity.java,com.apps.a7pl4y3r.mvvm.MainActivity$Anonymous2,"onMove/3[com.apps.a7pl4y3r.mvvm.RecyclerView,RecyclerView.ViewHolder,RecyclerView.ViewHolder]",recyclerView,0
/home/arch_design_predict/download-github-repos/mvvm/repos/Android-Mvvm-master/app/src/main/java/com/apps/a7pl4y3r/mvvm/MainActivity.java,com.apps.a7pl4y3r.mvvm.MainActivity$Anonymous2,"onMove/3[com.apps.a7pl4y3r.mvvm.RecyclerView,RecyclerView.ViewHolder,RecyclerView.ViewHolder]",target,0
/home/arch_design_predict/download-github-repos/mvvm/repos/Android-Mvvm-master/app/src/main/java/com/apps/a7pl4y3r/mvvm/MainActivity.java,com.apps.a7pl4y3r.mvvm.MainActivity$Anonymous2,"onSwiped/2[RecyclerView.ViewHolder,int]",viewHolder,1
/home/arch_design_predict/download-github-repos/mvvm/repos/Android-Mvvm-master/app/src/main/java/com/apps/a7pl4y3r/mvvm/MainActivity.java,com.apps.a7pl4y3r.mvvm.MainActivity$Anonymous2,"onSwiped/2[RecyclerView.ViewHolder,int]",direction,0
/home/arch_design_predict/download-github-repos/mvvm/repos/Android-Mvvm-master/app/src/main/java/com/apps/a7pl4y3r/mvvm/NoteAdapter.java,com.apps.a7pl4y3r.mvvm.NoteAdapter$NoteHolder,NoteHolder/1[com.apps.a7pl4y3r.mvvm.View],view,5
/home/arch_design_predict/download-github-repos/mvvm/repos/Android-Mvvm-master/app/src/main/java/com/apps/a7pl4y3r/mvvm/MainActivity.java,com.apps.a7pl4y3r.mvvm.MainActivity$Anonymous3,onItemClick/1[com.apps.a7pl4y3r.mvvm.Note],note,4
/home/arch_design_predict/download-github-repos/mvvm/repos/Android-Mvvm-master/app/src/main/java/com/apps/a7pl4y3r/mvvm/MainActivity.java,com.apps.a7pl4y3r.mvvm.MainActivity$Anonymous3,onItemClick/1[com.apps.a7pl4y3r.mvvm.Note],intent,5
/home/arch_design_predict/download-github-repos/mvvm/repos/Android-Mvvm-master/MvvmSample/src/com/example/mvvmsample/viewmodel/VideoPlayerViewModel.java,com.example.mvvmsample.viewmodel.VideoPlayerViewModel,playVideo/0,evet,1
/home/arch_design_predict/download-github-repos/mvvm/repos/Android-Mvvm-master/MvvmSample/src/com/example/mvvmsample/viewmodel/VideoPlayerViewModel.java,com.example.mvvmsample.viewmodel.VideoPlayerViewModel,pauseVideo/0,evet,1
/home/arch_design_predict/download-github-repos/mvvm/repos/Android-Mvvm-master/app/src/main/java/com/apps/a7pl4y3r/mvvm/MainActivity.java,com.apps.a7pl4y3r.mvvm.MainActivity$Anonymous1,onClick/1[com.apps.a7pl4y3r.mvvm.View],v,0
/home/arch_design_predict/download-github-repos/mvvm/repos/Android-Mvvm-master/MvvmSample/src/com/example/mvvmsample/model/Video.java,com.example.mvvmsample.model.Video,setName/1[java.lang.String],name,1
/home/arch_design_predict/download-github-repos/mvvm/repos/Android-Mvvm-master/MvvmSample/src/com/example/mvvmsample/model/Video.java,com.example.mvvmsample.model.Video,setDuration/1[int],duration,1
/home/arch_design_predict/download-github-repos/mvvm/repos/Android-Mvvm-master/app/src/main/java/com/apps/a7pl4y3r/mvvm/Note.java,com.apps.a7pl4y3r.mvvm.Note,setId/1[int],id,2
/home/arch_design_predict/download-github-repos/mvvm/repos/Android-Mvvm-master/app/src/main/java/com/apps/a7pl4y3r/mvvm/Note.java,com.apps.a7pl4y3r.mvvm.Note,"Note/3[java.lang.String,java.lang.String,int]",description,2
/home/arch_design_predict/download-github-repos/mvvm/repos/Android-Mvvm-master/app/src/main/java/com/apps/a7pl4y3r/mvvm/Note.java,com.apps.a7pl4y3r.mvvm.Note,"Note/3[java.lang.String,java.lang.String,int]",title,2
/home/arch_design_predict/download-github-repos/mvvm/repos/Android-Mvvm-master/app/src/main/java/com/apps/a7pl4y3r/mvvm/Note.java,com.apps.a7pl4y3r.mvvm.Note,"Note/3[java.lang.String,java.lang.String,int]",priority,2
/home/arch_design_predict/download-github-repos/mvvm/repos/Android-Mvvm-master/app/src/main/java/com/apps/a7pl4y3r/mvvm/NoteDatabase.java,com.apps.a7pl4y3r.mvvm.NoteDatabase,getInstance/1[com.apps.a7pl4y3r.mvvm.Context],context,1
/home/arch_design_predict/download-github-repos/mvvm/repos/Android-Mvvm-master/app/src/main/java/com/apps/a7pl4y3r/mvvm/MainActivity.java,com.apps.a7pl4y3r.mvvm.MainActivity,setRecyclerView/0,noteAdapter,3
/home/arch_design_predict/download-github-repos/mvvm/repos/Android-Mvvm-master/app/src/main/java/com/apps/a7pl4y3r/mvvm/MainActivity.java,com.apps.a7pl4y3r.mvvm.MainActivity,setRecyclerView/0,recyclerView,4
/home/arch_design_predict/download-github-repos/mvvm/repos/Android-Mvvm-master/app/src/main/java/com/apps/a7pl4y3r/mvvm/MainActivity.java,com.apps.a7pl4y3r.mvvm.MainActivity,"onActivityResult/3[int,int,com.apps.a7pl4y3r.mvvm.Intent]",note,4
/home/arch_design_predict/download-github-repos/mvvm/repos/Android-Mvvm-master/app/src/main/java/com/apps/a7pl4y3r/mvvm/MainActivity.java,com.apps.a7pl4y3r.mvvm.MainActivity,"onActivityResult/3[int,int,com.apps.a7pl4y3r.mvvm.Intent]",data,7
/home/arch_design_predict/download-github-repos/mvvm/repos/Android-Mvvm-master/app/src/main/java/com/apps/a7pl4y3r/mvvm/MainActivity.java,com.apps.a7pl4y3r.mvvm.MainActivity,"onActivityResult/3[int,int,com.apps.a7pl4y3r.mvvm.Intent]",resultCode,1
/home/arch_design_predict/download-github-repos/mvvm/repos/Android-Mvvm-master/app/src/main/java/com/apps/a7pl4y3r/mvvm/MainActivity.java,com.apps.a7pl4y3r.mvvm.MainActivity,"onActivityResult/3[int,int,com.apps.a7pl4y3r.mvvm.Intent]",requestCode,2
/home/arch_design_predict/download-github-repos/mvvm/repos/Android-Mvvm-master/app/src/main/java/com/apps/a7pl4y3r/mvvm/MainActivity.java,com.apps.a7pl4y3r.mvvm.MainActivity,"onActivityResult/3[int,int,com.apps.a7pl4y3r.mvvm.Intent]",description,3
/home/arch_design_predict/download-github-repos/mvvm/repos/Android-Mvvm-master/app/src/main/java/com/apps/a7pl4y3r/mvvm/MainActivity.java,com.apps.a7pl4y3r.mvvm.MainActivity,"onActivityResult/3[int,int,com.apps.a7pl4y3r.mvvm.Intent]",id,2
/home/arch_design_predict/download-github-repos/mvvm/repos/Android-Mvvm-master/app/src/main/java/com/apps/a7pl4y3r/mvvm/MainActivity.java,com.apps.a7pl4y3r.mvvm.MainActivity,"onActivityResult/3[int,int,com.apps.a7pl4y3r.mvvm.Intent]",title,3
/home/arch_design_predict/download-github-repos/mvvm/repos/Android-Mvvm-master/app/src/main/java/com/apps/a7pl4y3r/mvvm/MainActivity.java,com.apps.a7pl4y3r.mvvm.MainActivity,"onActivityResult/3[int,int,com.apps.a7pl4y3r.mvvm.Intent]",priority,3
/home/arch_design_predict/download-github-repos/mvvm/repos/Android-Mvvm-master/app/src/main/java/com/apps/a7pl4y3r/mvvm/MainActivity.java,com.apps.a7pl4y3r.mvvm.MainActivity,onCreate/1[com.apps.a7pl4y3r.mvvm.Bundle],savedInstanceState,1
/home/arch_design_predict/download-github-repos/mvvm/repos/Android-Mvvm-master/app/src/main/java/com/apps/a7pl4y3r/mvvm/MainActivity.java,com.apps.a7pl4y3r.mvvm.MainActivity,onCreate/1[com.apps.a7pl4y3r.mvvm.Bundle],buttonAddNote,1
/home/arch_design_predict/download-github-repos/mvvm/repos/Android-Mvvm-master/app/src/main/java/com/apps/a7pl4y3r/mvvm/MainActivity.java,com.apps.a7pl4y3r.mvvm.MainActivity,setNoteViewModel/1[com.apps.a7pl4y3r.mvvm.NoteAdapter],adapter,0
/home/arch_design_predict/download-github-repos/mvvm/repos/Android-Mvvm-master/MvvmSample/src/com/example/mvvmsample/view/VideoPlayerView.java,com.example.mvvmsample.view.VideoPlayerView,onCreate/1[com.example.mvvmsample.view.Bundle],savedInstanceState,4
/home/arch_design_predict/download-github-repos/mvvm/repos/Android-Mvvm-master/MvvmSample/src/com/example/mvvmsample/view/VideoPlayerView.java,com.example.mvvmsample.view.VideoPlayerView,onCreate/1[com.example.mvvmsample.view.Bundle],e,7
/home/arch_design_predict/download-github-repos/mvvm/repos/Android-Mvvm-master/MvvmSample/src/com/example/mvvmsample/view/VideoPlayerView.java,com.example.mvvmsample.view.VideoPlayerView,onCreate/1[com.example.mvvmsample.view.Bundle],video,3
/home/arch_design_predict/download-github-repos/mvvm/repos/Android-Mvvm-master/MvvmSample/src/com/example/mvvmsample/view/VideoPlayerView.java,com.example.mvvmsample.view.VideoPlayerView,onClick/1[com.example.mvvmsample.view.View],view,1
/home/arch_design_predict/download-github-repos/mvvm/repos/Android-Mvvm-master/MvvmSample/src/com/example/mvvmsample/view/VideoPlayerView.java,com.example.mvvmsample.view.VideoPlayerView,onClick/1[com.example.mvvmsample.view.View],m,2
/home/arch_design_predict/download-github-repos/mvvm/repos/Android-Mvvm-master/MvvmSample/src/com/example/mvvmsample/view/VideoPlayerView.java,com.example.mvvmsample.view.VideoPlayerView,onSaveInstanceState/1[com.example.mvvmsample.view.Bundle],e,3
/home/arch_design_predict/download-github-repos/mvvm/repos/Android-Mvvm-master/MvvmSample/src/com/example/mvvmsample/view/VideoPlayerView.java,com.example.mvvmsample.view.VideoPlayerView,onSaveInstanceState/1[com.example.mvvmsample.view.Bundle],outState,2
/home/arch_design_predict/download-github-repos/mvvm/repos/Android-Mvvm-master/app/src/main/java/com/apps/a7pl4y3r/mvvm/NoteDatabase.java,com.apps.a7pl4y3r.mvvm.NoteDatabase$PopulateDbAsyncTask,PopulateDbAsyncTask/1[com.apps.a7pl4y3r.mvvm.NoteDatabase],db,1
/home/arch_design_predict/download-github-repos/mvvm/repos/Android-Mvvm-master/app/src/main/java/com/apps/a7pl4y3r/mvvm/NoteDatabase.java,com.apps.a7pl4y3r.mvvm.NoteDatabase$PopulateDbAsyncTask,doInBackground/1[java.lang.Void[]],voids,0
/home/arch_design_predict/download-github-repos/mvvm/repos/Android-Mvvm-master/app/src/main/java/com/apps/a7pl4y3r/mvvm/AddEditNote.java,com.apps.a7pl4y3r.mvvm.AddEditNote,saveNote/0,data,5
/home/arch_design_predict/download-github-repos/mvvm/repos/Android-Mvvm-master/app/src/main/java/com/apps/a7pl4y3r/mvvm/AddEditNote.java,com.apps.a7pl4y3r.mvvm.AddEditNote,saveNote/0,description,2
/home/arch_design_predict/download-github-repos/mvvm/repos/Android-Mvvm-master/app/src/main/java/com/apps/a7pl4y3r/mvvm/AddEditNote.java,com.apps.a7pl4y3r.mvvm.AddEditNote,saveNote/0,id,2
/home/arch_design_predict/download-github-repos/mvvm/repos/Android-Mvvm-master/app/src/main/java/com/apps/a7pl4y3r/mvvm/AddEditNote.java,com.apps.a7pl4y3r.mvvm.AddEditNote,saveNote/0,title,2
/home/arch_design_predict/download-github-repos/mvvm/repos/Android-Mvvm-master/app/src/main/java/com/apps/a7pl4y3r/mvvm/AddEditNote.java,com.apps.a7pl4y3r.mvvm.AddEditNote,saveNote/0,priority,1
/home/arch_design_predict/download-github-repos/mvvm/repos/Android-Mvvm-master/app/src/main/java/com/apps/a7pl4y3r/mvvm/AddEditNote.java,com.apps.a7pl4y3r.mvvm.AddEditNote,onCreate/1[com.apps.a7pl4y3r.mvvm.Bundle],savedInstanceState,1
/home/arch_design_predict/download-github-repos/mvvm/repos/Android-Mvvm-master/app/src/main/java/com/apps/a7pl4y3r/mvvm/AddEditNote.java,com.apps.a7pl4y3r.mvvm.AddEditNote,setWidgets/0,intent,4
/home/arch_design_predict/download-github-repos/mvvm/repos/Android-Mvvm-master/app/src/main/java/com/apps/a7pl4y3r/mvvm/AddEditNote.java,com.apps.a7pl4y3r.mvvm.AddEditNote,onCreateOptionsMenu/1[com.apps.a7pl4y3r.mvvm.Menu],menu,2
/home/arch_design_predict/download-github-repos/mvvm/repos/Android-Mvvm-master/app/src/main/java/com/apps/a7pl4y3r/mvvm/AddEditNote.java,com.apps.a7pl4y3r.mvvm.AddEditNote,onCreateOptionsMenu/1[com.apps.a7pl4y3r.mvvm.Menu],menuInflater,1
/home/arch_design_predict/download-github-repos/mvvm/repos/Android-Mvvm-master/app/src/main/java/com/apps/a7pl4y3r/mvvm/AddEditNote.java,com.apps.a7pl4y3r.mvvm.AddEditNote,onOptionsItemSelected/1[com.apps.a7pl4y3r.mvvm.MenuItem],item,2
/home/arch_design_predict/download-github-repos/mvvm/repos/Android-Mvvm-master/app/src/main/java/com/apps/a7pl4y3r/mvvm/NoteDao.java,com.apps.a7pl4y3r.mvvm.NoteDao,delete/1[com.apps.a7pl4y3r.mvvm.Note],note,0
/home/arch_design_predict/download-github-repos/mvvm/repos/Android-Mvvm-master/app/src/main/java/com/apps/a7pl4y3r/mvvm/NoteDao.java,com.apps.a7pl4y3r.mvvm.NoteDao,update/1[com.apps.a7pl4y3r.mvvm.Note],note,0
/home/arch_design_predict/download-github-repos/mvvm/repos/Android-Mvvm-master/app/src/main/java/com/apps/a7pl4y3r/mvvm/NoteDao.java,com.apps.a7pl4y3r.mvvm.NoteDao,insert/1[com.apps.a7pl4y3r.mvvm.Note],note,0
/home/arch_design_predict/download-github-repos/mvvm/repos/Android-Mvvm-master/MvvmSample/src/com/example/mvvmsample/mvvm/BaseViewModel.java,com.example.mvvmsample.mvvm.BaseViewModel,bindData/1[MODEL],dataModel,2
/home/arch_design_predict/download-github-repos/mvvm/repos/Android-Mvvm-master/MvvmSample/src/com/example/mvvmsample/mvvm/BaseViewModel.java,com.example.mvvmsample.mvvm.BaseViewModel,bindData/1[MODEL],event,1
/home/arch_design_predict/download-github-repos/mvvm/repos/Android-Mvvm-master/app/src/main/java/com/apps/a7pl4y3r/mvvm/NoteRepository.java,com.apps.a7pl4y3r.mvvm.NoteRepository,NoteRepository/1[com.apps.a7pl4y3r.mvvm.Application],application,1
/home/arch_design_predict/download-github-repos/mvvm/repos/Android-Mvvm-master/app/src/main/java/com/apps/a7pl4y3r/mvvm/NoteRepository.java,com.apps.a7pl4y3r.mvvm.NoteRepository,NoteRepository/1[com.apps.a7pl4y3r.mvvm.Application],noteDatabase,1
/home/arch_design_predict/download-github-repos/mvvm/repos/Android-Mvvm-master/app/src/main/java/com/apps/a7pl4y3r/mvvm/NoteRepository.java,com.apps.a7pl4y3r.mvvm.NoteRepository,update/1[com.apps.a7pl4y3r.mvvm.Note],note,1
/home/arch_design_predict/download-github-repos/mvvm/repos/Android-Mvvm-master/app/src/main/java/com/apps/a7pl4y3r/mvvm/NoteRepository.java,com.apps.a7pl4y3r.mvvm.NoteRepository,delete/1[com.apps.a7pl4y3r.mvvm.Note],note,1
/home/arch_design_predict/download-github-repos/mvvm/repos/Android-Mvvm-master/app/src/main/java/com/apps/a7pl4y3r/mvvm/NoteRepository.java,com.apps.a7pl4y3r.mvvm.NoteRepository,insert/1[com.apps.a7pl4y3r.mvvm.Note],note,1
/home/arch_design_predict/download-github-repos/mvvm/repos/Android-Mvvm-master/app/src/androidTest/java/com/apps/a7pl4y3r/mvvm/ExampleInstrumentedTest.java,com.apps.a7pl4y3r.mvvm.ExampleInstrumentedTest,useAppContext/0,appContext,1
/home/arch_design_predict/download-github-repos/mvvm/repos/Android-Mvvm-master/MvvmSample/src/com/example/mvvmsample/mvvm/BaseViewModelEvent.java,com.example.mvvmsample.mvvm.BaseViewModelEvent,onDataBound/1[MODEL],dataModel,0
/home/arch_design_predict/download-github-repos/mvvm/repos/Android-Mvvm-master/MvvmSample/src/com/example/mvvmsample/mvvm/Observable.java,com.example.mvvmsample.mvvm.Observable,registerEvent/1[T],event,1
/home/arch_design_predict/download-github-repos/mvvm/repos/Android-Mvvm-master/MvvmSample/src/com/example/mvvmsample/mvvm/Observable.java,com.example.mvvmsample.mvvm.Observable,unregisterEvent/1[T],event,1
/home/arch_design_predict/download-github-repos/mvvm/repos/Android-Mvvm-master/MvvmSample/src/com/example/mvvmsample/model/state/VideoPlayerState.java,com.example.mvvmsample.model.state.VideoPlayerState,setPlaying/1[boolean],playing,1
/home/arch_design_predict/download-github-repos/mvvm/repos/Android-Mvvm-master/MvvmSample/src/com/example/mvvmsample/model/state/VideoPlayerState.java,com.example.mvvmsample.model.state.VideoPlayerState,setCurrentVideo/1[com.example.mvvmsample.model.Video],currentVideo,1
/home/arch_design_predict/download-github-repos/mvvm/repos/Android-Mvvm-master/MvvmSample/src/com/example/mvvmsample/view/VideoPlayerView.java,com.example.mvvmsample.view.VideoPlayerView$Anonymous1,onDataBound/1[com.example.mvvmsample.model.state.VideoPlayerState],dataModel,4
/home/arch_design_predict/download-github-repos/mvvm/repos/Android-Mvvm-master/MvvmSample/src/com/example/mvvmsample/view/VideoPlayerView.java,com.example.mvvmsample.view.VideoPlayerView$Anonymous1,onVideoPlayed/1[com.example.mvvmsample.model.Video],video,2
/home/arch_design_predict/download-github-repos/mvvm/repos/Android-Mvvm-master/MvvmSample/src/com/example/mvvmsample/view/VideoPlayerView.java,com.example.mvvmsample.view.VideoPlayerView$Anonymous1,onVideoPaused/1[com.example.mvvmsample.model.Video],video,1
/home/arch_design_predict/download-github-repos/mvvm/repos/Android-Mvvm-master/app/src/main/java/com/apps/a7pl4y3r/mvvm/NoteAdapter.java,com.apps.a7pl4y3r.mvvm.NoteAdapter$Anonymous1,"areItemsTheSame/2[Note,Note]",newItem,1
/home/arch_design_predict/download-github-repos/mvvm/repos/Android-Mvvm-master/app/src/main/java/com/apps/a7pl4y3r/mvvm/NoteAdapter.java,com.apps.a7pl4y3r.mvvm.NoteAdapter$Anonymous1,"areItemsTheSame/2[Note,Note]",oldItem,1
/home/arch_design_predict/download-github-repos/mvvm/repos/Android-Mvvm-master/app/src/main/java/com/apps/a7pl4y3r/mvvm/NoteAdapter.java,com.apps.a7pl4y3r.mvvm.NoteAdapter$Anonymous1,"areContentsTheSame/2[Note,Note]",newItem,3
/home/arch_design_predict/download-github-repos/mvvm/repos/Android-Mvvm-master/app/src/main/java/com/apps/a7pl4y3r/mvvm/NoteAdapter.java,com.apps.a7pl4y3r.mvvm.NoteAdapter$Anonymous1,"areContentsTheSame/2[Note,Note]",oldItem,3
