file,class,type,cbo,cboModified,fanin,fanout,wmc,dit,noc,rfc,lcom,lcom*,tcc,lcc,totalMethodsQty,staticMethodsQty,publicMethodsQty,privateMethodsQty,protectedMethodsQty,defaultMethodsQty,visibleMethodsQty,abstractMethodsQty,finalMethodsQty,synchronizedMethodsQty,totalFieldsQty,staticFieldsQty,publicFieldsQty,privateFieldsQty,protectedFieldsQty,defaultFieldsQty,finalFieldsQty,synchronizedFieldsQty,nosi,loc,returnQty,loopQty,comparisonsQty,tryCatchQty,parenthesizedExpsQty,stringLiteralsQty,numbersQty,assignmentsQty,mathOperationsQty,variablesQty,maxNestedBlocksQty,anonymousClassesQty,innerClassesQty,lambdasQty,uniqueWordsQty,modifiers,logStatementsQty
/Users/sirojiddinkomolov/Documents/innopolis/research/arch_design_pattern_detection/exps/3rd_revision/coach_repos_r/BipolAlarm-master/app/src/main/java/net/iexos/musicalarm/AlarmUtils.java,net.iexos.musicalarm.AlarmUtils,class,9,14,5,9,15,1,0,33,76,0.84615386,0.027777778,0.027777778,13,12,9,4,0,0,9,0,0,0,1,1,0,1,0,0,1,0,24,73,10,0,0,0,0,3,11,14,3,14,1,0,0,0,45,17,0
/Users/sirojiddinkomolov/Documents/innopolis/research/arch_design_pattern_detection/exps/3rd_revision/coach_repos_r/BipolAlarm-master/app/src/main/java/net/iexos/musicalarm/DelayPickerFragment.java,net.iexos.musicalarm.DelayPickerFragment$Anonymous1,anonymous,2,2,0,2,1,1,0,4,0,0.0,NaN,NaN,1,0,1,0,0,0,1,0,0,0,0,0,0,0,0,0,0,0,0,7,0,0,0,0,0,0,0,1,0,1,0,0,0,0,10,-1,0
/Users/sirojiddinkomolov/Documents/innopolis/research/arch_design_pattern_detection/exps/3rd_revision/coach_repos_r/BipolAlarm-master/app/src/main/java/net/iexos/musicalarm/DelayPickerFragment.java,net.iexos.musicalarm.DelayPickerFragment$Anonymous2,anonymous,1,1,0,1,1,1,0,1,0,0.0,NaN,NaN,1,0,1,0,0,0,1,0,0,0,0,0,0,0,0,0,0,0,0,5,0,0,0,0,0,0,0,0,0,0,0,0,0,0,5,-1,0
/Users/sirojiddinkomolov/Documents/innopolis/research/arch_design_pattern_detection/exps/3rd_revision/coach_repos_r/BipolAlarm-master/app/src/main/java/net/iexos/musicalarm/PlaylistDialog.java,net.iexos.musicalarm.PlaylistDialog$Anonymous1,anonymous,3,3,0,3,1,1,0,7,0,0.0,NaN,NaN,1,0,1,0,0,0,1,0,0,0,0,0,0,0,0,0,0,0,0,10,0,0,0,0,0,0,0,4,0,2,0,0,0,0,12,-1,0
/Users/sirojiddinkomolov/Documents/innopolis/research/arch_design_pattern_detection/exps/3rd_revision/coach_repos_r/BipolAlarm-master/app/src/main/java/net/iexos/musicalarm/MusicPlayer.java,net.iexos.musicalarm.MusicPlayer$Anonymous1,anonymous,2,2,0,2,1,1,0,1,0,0.0,NaN,NaN,1,0,1,0,0,0,1,0,0,0,0,0,0,0,0,0,0,0,0,6,0,0,0,0,0,0,0,1,0,0,0,0,0,0,9,-1,0
/Users/sirojiddinkomolov/Documents/innopolis/research/arch_design_pattern_detection/exps/3rd_revision/coach_repos_r/BipolAlarm-master/app/src/main/java/net/iexos/musicalarm/PlaylistDialog.java,net.iexos.musicalarm.PlaylistDialog,class,8,9,1,8,3,2,0,8,1,0.0,0.0,0.0,2,0,2,0,0,0,2,0,0,0,0,0,0,0,0,0,0,0,0,24,2,0,0,0,0,0,0,4,0,4,1,1,0,0,20,17,0
/Users/sirojiddinkomolov/Documents/innopolis/research/arch_design_pattern_detection/exps/3rd_revision/coach_repos_r/BipolAlarm-master/app/src/main/java/net/iexos/musicalarm/AlarmViewActivity.java,net.iexos.musicalarm.AlarmViewActivity,class,19,27,8,19,29,2,0,50,84,0.8769843,0.24183007,0.59477127,21,1,13,3,5,0,18,0,0,0,24,17,16,8,0,0,18,0,12,198,1,0,4,0,0,16,9,55,0,47,2,1,0,0,110,17,0
/Users/sirojiddinkomolov/Documents/innopolis/research/arch_design_pattern_detection/exps/3rd_revision/coach_repos_r/BipolAlarm-master/app/src/main/java/net/iexos/musicalarm/NotificationUtils.java,net.iexos.musicalarm.NotificationUtils,class,10,12,2,10,10,1,0,28,21,0.0,0.0,0.0,7,6,2,5,0,0,2,0,0,0,0,0,0,0,0,0,0,0,16,63,4,0,1,0,0,0,1,19,0,11,2,0,0,0,27,1,0
/Users/sirojiddinkomolov/Documents/innopolis/research/arch_design_pattern_detection/exps/3rd_revision/coach_repos_r/BipolAlarm-master/app/src/main/java/net/iexos/musicalarm/MusicPlayer.java,net.iexos.musicalarm.MusicPlayer,class,9,12,3,9,22,1,0,24,0,0.5625,0.8,1.0,6,0,5,1,0,0,5,0,0,0,8,1,1,7,0,0,1,0,4,106,3,0,6,1,0,2,4,20,1,12,3,1,1,0,49,17,0
/Users/sirojiddinkomolov/Documents/innopolis/research/arch_design_pattern_detection/exps/3rd_revision/coach_repos_r/BipolAlarm-master/app/src/main/java/net/iexos/musicalarm/MusicPlayer.java,net.iexos.musicalarm.MusicPlayer$MusicState,enum,0,0,0,0,0,1,0,0,0,0.0,-1.0,-1.0,0,0,0,0,0,0,0,0,0,0,0,0,0,0,0,0,0,0,0,1,0,0,0,0,0,0,0,0,0,0,0,0,0,0,9,2,0
/Users/sirojiddinkomolov/Documents/innopolis/research/arch_design_pattern_detection/exps/3rd_revision/coach_repos_r/BipolAlarm-master/app/src/main/java/net/iexos/musicalarm/AlarmViewActivity.java,net.iexos.musicalarm.AlarmViewActivity$Anonymous1,anonymous,3,3,0,3,2,1,0,4,0,0.0,NaN,NaN,1,0,1,0,0,0,1,0,0,0,0,0,0,0,0,0,0,0,0,8,0,0,0,0,0,0,0,0,0,0,1,0,0,0,21,-1,0
/Users/sirojiddinkomolov/Documents/innopolis/research/arch_design_pattern_detection/exps/3rd_revision/coach_repos_r/BipolAlarm-master/app/src/main/java/net/iexos/musicalarm/OnBootReceiver.java,net.iexos.musicalarm.OnBootReceiver,class,4,4,0,4,3,2,0,3,1,0.0,0.0,0.0,2,0,2,0,0,0,2,0,0,0,0,0,0,0,0,0,0,0,3,8,1,0,0,0,0,0,0,0,0,0,1,0,0,0,10,1,0
/Users/sirojiddinkomolov/Documents/innopolis/research/arch_design_pattern_detection/exps/3rd_revision/coach_repos_r/BipolAlarm-master/app/src/main/java/net/iexos/musicalarm/AlarmService.java,net.iexos.musicalarm.AlarmService,class,20,26,6,20,54,2,0,50,10,0.75,0.21428572,0.21428572,16,4,8,8,0,0,8,0,0,0,14,6,4,10,0,0,5,0,9,211,8,0,12,2,5,11,3,36,2,22,3,1,2,0,91,17,0
/Users/sirojiddinkomolov/Documents/innopolis/research/arch_design_pattern_detection/exps/3rd_revision/coach_repos_r/BipolAlarm-master/app/src/main/java/net/iexos/musicalarm/AlarmService.java,net.iexos.musicalarm.AlarmService$Anonymous1,anonymous,3,3,0,3,4,1,0,4,0,0.0,NaN,NaN,1,0,1,0,0,0,1,0,0,0,0,0,0,0,0,0,0,0,3,17,0,0,0,0,0,0,0,2,0,2,2,0,0,0,10,-1,0
/Users/sirojiddinkomolov/Documents/innopolis/research/arch_design_pattern_detection/exps/3rd_revision/coach_repos_r/BipolAlarm-master/app/src/main/java/net/iexos/musicalarm/DelayPickerFragment.java,net.iexos.musicalarm.DelayPickerFragment,class,6,7,1,6,2,2,0,11,1,0.0,0.0,0.0,2,0,2,0,0,0,2,0,0,0,0,0,0,0,0,0,0,0,0,29,1,0,0,0,0,0,2,3,0,3,0,2,0,0,17,17,0
/Users/sirojiddinkomolov/Documents/innopolis/research/arch_design_pattern_detection/exps/3rd_revision/coach_repos_r/BipolAlarm-master/app/src/main/java/net/iexos/musicalarm/PlaylistManager.java,net.iexos.musicalarm.PlaylistManager,class,7,10,3,7,9,1,0,13,0,0.47619048,1.0,1.0,3,0,3,0,0,0,3,0,0,0,7,4,5,2,0,0,4,0,0,56,3,2,4,0,0,6,3,23,1,19,2,0,0,0,44,17,0
/Users/sirojiddinkomolov/Documents/innopolis/research/arch_design_pattern_detection/exps/3rd_revision/coach_repos_r/BipolAlarm-master/app/src/main/java/net/iexos/musicalarm/TimePickerFragment.java,net.iexos.musicalarm.TimePickerFragment,class,7,8,1,7,2,2,0,5,1,0.0,0.0,0.0,2,0,2,0,0,0,2,0,0,0,0,0,0,0,0,0,0,0,0,12,1,0,0,0,0,0,2,4,0,4,0,0,0,0,19,17,0
/Users/sirojiddinkomolov/Documents/innopolis/research/arch_design_pattern_detection/exps/3rd_revision/coach_repos_r/BipolAlarm-master/app/src/main/java/net/iexos/musicalarm/AlarmService.java,net.iexos.musicalarm.AlarmService$StateChange,enum,0,0,0,0,0,1,0,0,0,0.0,-1.0,-1.0,0,0,0,0,0,0,0,0,0,0,0,0,0,0,0,0,0,0,0,1,0,0,0,0,0,0,0,0,0,0,0,0,0,0,11,1,0
/Users/sirojiddinkomolov/Documents/innopolis/research/arch_design_pattern_detection/exps/3rd_revision/coach_repos_r/BipolAlarm-master/app/src/main/java/net/iexos/musicalarm/AlarmService.java,net.iexos.musicalarm.AlarmService$State,enum,0,0,0,0,0,1,0,0,0,0.0,-1.0,-1.0,0,0,0,0,0,0,0,0,0,0,0,0,0,0,0,0,0,0,0,1,0,0,0,0,0,0,0,0,0,0,0,0,0,0,8,1,0
