file,class,method,variable,usage
/Users/sirojiddinkomolov/Documents/innopolis/research/arch_design_pattern_detection/exps/3rd_revision/coach_repos_r/BipolAlarm-master/app/src/main/java/net/iexos/musicalarm/AlarmUtils.java,net.iexos.musicalarm.AlarmUtils,"setAlarm/3[net.iexos.musicalarm.Context,int,int]",LOGGING_TAG,1
/Users/sirojiddinkomolov/Documents/innopolis/research/arch_design_pattern_detection/exps/3rd_revision/coach_repos_r/BipolAlarm-master/app/src/main/java/net/iexos/musicalarm/AlarmUtils.java,net.iexos.musicalarm.AlarmUtils,dismissAlarm/1[net.iexos.musicalarm.Context],LOGGING_TAG,1
/Users/sirojiddinkomolov/Documents/innopolis/research/arch_design_pattern_detection/exps/3rd_revision/coach_repos_r/BipolAlarm-master/app/src/main/java/net/iexos/musicalarm/AlarmViewActivity.java,net.iexos.musicalarm.AlarmViewActivity,showDelayPickerDialog/1[net.iexos.musicalarm.View],PREF_DELAY,1
/Users/sirojiddinkomolov/Documents/innopolis/research/arch_design_pattern_detection/exps/3rd_revision/coach_repos_r/BipolAlarm-master/app/src/main/java/net/iexos/musicalarm/AlarmViewActivity.java,net.iexos.musicalarm.AlarmViewActivity,showDelayPickerDialog/1[net.iexos.musicalarm.View],mDelayMin,1
/Users/sirojiddinkomolov/Documents/innopolis/research/arch_design_pattern_detection/exps/3rd_revision/coach_repos_r/BipolAlarm-master/app/src/main/java/net/iexos/musicalarm/AlarmViewActivity.java,net.iexos.musicalarm.AlarmViewActivity,testMusicPlayerButton/1[net.iexos.musicalarm.View],mAlarmSet,1
/Users/sirojiddinkomolov/Documents/innopolis/research/arch_design_pattern_detection/exps/3rd_revision/coach_repos_r/BipolAlarm-master/app/src/main/java/net/iexos/musicalarm/AlarmViewActivity.java,net.iexos.musicalarm.AlarmViewActivity,setAlarm/0,mHour,1
/Users/sirojiddinkomolov/Documents/innopolis/research/arch_design_pattern_detection/exps/3rd_revision/coach_repos_r/BipolAlarm-master/app/src/main/java/net/iexos/musicalarm/AlarmViewActivity.java,net.iexos.musicalarm.AlarmViewActivity,setAlarm/0,mMin,1
/Users/sirojiddinkomolov/Documents/innopolis/research/arch_design_pattern_detection/exps/3rd_revision/coach_repos_r/BipolAlarm-master/app/src/main/java/net/iexos/musicalarm/AlarmViewActivity.java,net.iexos.musicalarm.AlarmViewActivity,setAlarm/0,mAlarmSet,1
/Users/sirojiddinkomolov/Documents/innopolis/research/arch_design_pattern_detection/exps/3rd_revision/coach_repos_r/BipolAlarm-master/app/src/main/java/net/iexos/musicalarm/AlarmViewActivity.java,net.iexos.musicalarm.AlarmViewActivity,"onTimeChosen/2[int,int]",mSettings,1
/Users/sirojiddinkomolov/Documents/innopolis/research/arch_design_pattern_detection/exps/3rd_revision/coach_repos_r/BipolAlarm-master/app/src/main/java/net/iexos/musicalarm/AlarmViewActivity.java,net.iexos.musicalarm.AlarmViewActivity,"onTimeChosen/2[int,int]",PREF_HOUR,1
/Users/sirojiddinkomolov/Documents/innopolis/research/arch_design_pattern_detection/exps/3rd_revision/coach_repos_r/BipolAlarm-master/app/src/main/java/net/iexos/musicalarm/AlarmViewActivity.java,net.iexos.musicalarm.AlarmViewActivity,"onTimeChosen/2[int,int]",mHour,2
/Users/sirojiddinkomolov/Documents/innopolis/research/arch_design_pattern_detection/exps/3rd_revision/coach_repos_r/BipolAlarm-master/app/src/main/java/net/iexos/musicalarm/AlarmViewActivity.java,net.iexos.musicalarm.AlarmViewActivity,"onTimeChosen/2[int,int]",PREF_MIN,1
/Users/sirojiddinkomolov/Documents/innopolis/research/arch_design_pattern_detection/exps/3rd_revision/coach_repos_r/BipolAlarm-master/app/src/main/java/net/iexos/musicalarm/AlarmViewActivity.java,net.iexos.musicalarm.AlarmViewActivity,"onTimeChosen/2[int,int]",mMin,2
/Users/sirojiddinkomolov/Documents/innopolis/research/arch_design_pattern_detection/exps/3rd_revision/coach_repos_r/BipolAlarm-master/app/src/main/java/net/iexos/musicalarm/AlarmViewActivity.java,net.iexos.musicalarm.AlarmViewActivity,"onTimeChosen/2[int,int]",PREF_DELAY,1
/Users/sirojiddinkomolov/Documents/innopolis/research/arch_design_pattern_detection/exps/3rd_revision/coach_repos_r/BipolAlarm-master/app/src/main/java/net/iexos/musicalarm/AlarmViewActivity.java,net.iexos.musicalarm.AlarmViewActivity,"onTimeChosen/2[int,int]",mAlarmSet,1
/Users/sirojiddinkomolov/Documents/innopolis/research/arch_design_pattern_detection/exps/3rd_revision/coach_repos_r/BipolAlarm-master/app/src/main/java/net/iexos/musicalarm/AlarmViewActivity.java,net.iexos.musicalarm.AlarmViewActivity,"onTimeChosen/2[int,int]",mDelayMin,1
/Users/sirojiddinkomolov/Documents/innopolis/research/arch_design_pattern_detection/exps/3rd_revision/coach_repos_r/BipolAlarm-master/app/src/main/java/net/iexos/musicalarm/AlarmViewActivity.java,net.iexos.musicalarm.AlarmViewActivity,updateRingtoneName/0,mSettings,1
/Users/sirojiddinkomolov/Documents/innopolis/research/arch_design_pattern_detection/exps/3rd_revision/coach_repos_r/BipolAlarm-master/app/src/main/java/net/iexos/musicalarm/AlarmViewActivity.java,net.iexos.musicalarm.AlarmViewActivity,updateRingtoneName/0,PREF_RINGTONE_NAME,1
/Users/sirojiddinkomolov/Documents/innopolis/research/arch_design_pattern_detection/exps/3rd_revision/coach_repos_r/BipolAlarm-master/app/src/main/java/net/iexos/musicalarm/AlarmViewActivity.java,net.iexos.musicalarm.AlarmViewActivity,onDelayChosen/1[int],mSettings,1
/Users/sirojiddinkomolov/Documents/innopolis/research/arch_design_pattern_detection/exps/3rd_revision/coach_repos_r/BipolAlarm-master/app/src/main/java/net/iexos/musicalarm/AlarmViewActivity.java,net.iexos.musicalarm.AlarmViewActivity,onDelayChosen/1[int],PREF_DELAY,1
/Users/sirojiddinkomolov/Documents/innopolis/research/arch_design_pattern_detection/exps/3rd_revision/coach_repos_r/BipolAlarm-master/app/src/main/java/net/iexos/musicalarm/AlarmViewActivity.java,net.iexos.musicalarm.AlarmViewActivity,onDelayChosen/1[int],mAlarmSet,1
/Users/sirojiddinkomolov/Documents/innopolis/research/arch_design_pattern_detection/exps/3rd_revision/coach_repos_r/BipolAlarm-master/app/src/main/java/net/iexos/musicalarm/AlarmViewActivity.java,net.iexos.musicalarm.AlarmViewActivity,onDelayChosen/1[int],mDelayMin,2
/Users/sirojiddinkomolov/Documents/innopolis/research/arch_design_pattern_detection/exps/3rd_revision/coach_repos_r/BipolAlarm-master/app/src/main/java/net/iexos/musicalarm/AlarmViewActivity.java,net.iexos.musicalarm.AlarmViewActivity,updateTimeViews/0,mHour,1
/Users/sirojiddinkomolov/Documents/innopolis/research/arch_design_pattern_detection/exps/3rd_revision/coach_repos_r/BipolAlarm-master/app/src/main/java/net/iexos/musicalarm/AlarmViewActivity.java,net.iexos.musicalarm.AlarmViewActivity,updateTimeViews/0,mMin,1
/Users/sirojiddinkomolov/Documents/innopolis/research/arch_design_pattern_detection/exps/3rd_revision/coach_repos_r/BipolAlarm-master/app/src/main/java/net/iexos/musicalarm/AlarmViewActivity.java,net.iexos.musicalarm.AlarmViewActivity,updateTimeViews/0,mDelayMin,1
/Users/sirojiddinkomolov/Documents/innopolis/research/arch_design_pattern_detection/exps/3rd_revision/coach_repos_r/BipolAlarm-master/app/src/main/java/net/iexos/musicalarm/AlarmViewActivity.java,net.iexos.musicalarm.AlarmViewActivity,sendUpdateStatus/1[net.iexos.musicalarm.Context],ACTION_UPDATE_STATUS,1
/Users/sirojiddinkomolov/Documents/innopolis/research/arch_design_pattern_detection/exps/3rd_revision/coach_repos_r/BipolAlarm-master/app/src/main/java/net/iexos/musicalarm/AlarmViewActivity.java,net.iexos.musicalarm.AlarmViewActivity,"onActivityResult/3[int,int,net.iexos.musicalarm.Intent]",mSettings,1
/Users/sirojiddinkomolov/Documents/innopolis/research/arch_design_pattern_detection/exps/3rd_revision/coach_repos_r/BipolAlarm-master/app/src/main/java/net/iexos/musicalarm/AlarmViewActivity.java,net.iexos.musicalarm.AlarmViewActivity,"onActivityResult/3[int,int,net.iexos.musicalarm.Intent]",PREF_RINGTONE_NAME,1
/Users/sirojiddinkomolov/Documents/innopolis/research/arch_design_pattern_detection/exps/3rd_revision/coach_repos_r/BipolAlarm-master/app/src/main/java/net/iexos/musicalarm/AlarmViewActivity.java,net.iexos.musicalarm.AlarmViewActivity,"onActivityResult/3[int,int,net.iexos.musicalarm.Intent]",RINGTONE_PICKER_REQUEST_CODE,1
/Users/sirojiddinkomolov/Documents/innopolis/research/arch_design_pattern_detection/exps/3rd_revision/coach_repos_r/BipolAlarm-master/app/src/main/java/net/iexos/musicalarm/AlarmViewActivity.java,net.iexos.musicalarm.AlarmViewActivity,"onActivityResult/3[int,int,net.iexos.musicalarm.Intent]",PREF_RINGTONE_URI,1
/Users/sirojiddinkomolov/Documents/innopolis/research/arch_design_pattern_detection/exps/3rd_revision/coach_repos_r/BipolAlarm-master/app/src/main/java/net/iexos/musicalarm/AlarmViewActivity.java,net.iexos.musicalarm.AlarmViewActivity,showRingtonePicker/1[net.iexos.musicalarm.View],mSettings,1
/Users/sirojiddinkomolov/Documents/innopolis/research/arch_design_pattern_detection/exps/3rd_revision/coach_repos_r/BipolAlarm-master/app/src/main/java/net/iexos/musicalarm/AlarmViewActivity.java,net.iexos.musicalarm.AlarmViewActivity,showRingtonePicker/1[net.iexos.musicalarm.View],RINGTONE_PICKER_REQUEST_CODE,1
/Users/sirojiddinkomolov/Documents/innopolis/research/arch_design_pattern_detection/exps/3rd_revision/coach_repos_r/BipolAlarm-master/app/src/main/java/net/iexos/musicalarm/AlarmViewActivity.java,net.iexos.musicalarm.AlarmViewActivity,showRingtonePicker/1[net.iexos.musicalarm.View],PREF_RINGTONE_URI,1
/Users/sirojiddinkomolov/Documents/innopolis/research/arch_design_pattern_detection/exps/3rd_revision/coach_repos_r/BipolAlarm-master/app/src/main/java/net/iexos/musicalarm/AlarmViewActivity.java,net.iexos.musicalarm.AlarmViewActivity,onCreate/1[net.iexos.musicalarm.Bundle],PREF_HOUR,1
/Users/sirojiddinkomolov/Documents/innopolis/research/arch_design_pattern_detection/exps/3rd_revision/coach_repos_r/BipolAlarm-master/app/src/main/java/net/iexos/musicalarm/AlarmViewActivity.java,net.iexos.musicalarm.AlarmViewActivity,onCreate/1[net.iexos.musicalarm.Bundle],DEFAULT_MINUTE,1
/Users/sirojiddinkomolov/Documents/innopolis/research/arch_design_pattern_detection/exps/3rd_revision/coach_repos_r/BipolAlarm-master/app/src/main/java/net/iexos/musicalarm/AlarmViewActivity.java,net.iexos.musicalarm.AlarmViewActivity,onCreate/1[net.iexos.musicalarm.Bundle],receiver,1
/Users/sirojiddinkomolov/Documents/innopolis/research/arch_design_pattern_detection/exps/3rd_revision/coach_repos_r/BipolAlarm-master/app/src/main/java/net/iexos/musicalarm/AlarmViewActivity.java,net.iexos.musicalarm.AlarmViewActivity,onCreate/1[net.iexos.musicalarm.Bundle],mSettings,6
/Users/sirojiddinkomolov/Documents/innopolis/research/arch_design_pattern_detection/exps/3rd_revision/coach_repos_r/BipolAlarm-master/app/src/main/java/net/iexos/musicalarm/AlarmViewActivity.java,net.iexos.musicalarm.AlarmViewActivity,onCreate/1[net.iexos.musicalarm.Bundle],mHour,1
/Users/sirojiddinkomolov/Documents/innopolis/research/arch_design_pattern_detection/exps/3rd_revision/coach_repos_r/BipolAlarm-master/app/src/main/java/net/iexos/musicalarm/AlarmViewActivity.java,net.iexos.musicalarm.AlarmViewActivity,onCreate/1[net.iexos.musicalarm.Bundle],DEFAULT_DELAY,1
/Users/sirojiddinkomolov/Documents/innopolis/research/arch_design_pattern_detection/exps/3rd_revision/coach_repos_r/BipolAlarm-master/app/src/main/java/net/iexos/musicalarm/AlarmViewActivity.java,net.iexos.musicalarm.AlarmViewActivity,onCreate/1[net.iexos.musicalarm.Bundle],mPlaylistManager,1
/Users/sirojiddinkomolov/Documents/innopolis/research/arch_design_pattern_detection/exps/3rd_revision/coach_repos_r/BipolAlarm-master/app/src/main/java/net/iexos/musicalarm/AlarmViewActivity.java,net.iexos.musicalarm.AlarmViewActivity,onCreate/1[net.iexos.musicalarm.Bundle],PREF_MIN,1
/Users/sirojiddinkomolov/Documents/innopolis/research/arch_design_pattern_detection/exps/3rd_revision/coach_repos_r/BipolAlarm-master/app/src/main/java/net/iexos/musicalarm/AlarmViewActivity.java,net.iexos.musicalarm.AlarmViewActivity,onCreate/1[net.iexos.musicalarm.Bundle],PREF_PLAYLIST_NAME,1
/Users/sirojiddinkomolov/Documents/innopolis/research/arch_design_pattern_detection/exps/3rd_revision/coach_repos_r/BipolAlarm-master/app/src/main/java/net/iexos/musicalarm/AlarmViewActivity.java,net.iexos.musicalarm.AlarmViewActivity,onCreate/1[net.iexos.musicalarm.Bundle],PREFERENCES,1
/Users/sirojiddinkomolov/Documents/innopolis/research/arch_design_pattern_detection/exps/3rd_revision/coach_repos_r/BipolAlarm-master/app/src/main/java/net/iexos/musicalarm/AlarmViewActivity.java,net.iexos.musicalarm.AlarmViewActivity,onCreate/1[net.iexos.musicalarm.Bundle],ACTION_UPDATE_STATUS,1
/Users/sirojiddinkomolov/Documents/innopolis/research/arch_design_pattern_detection/exps/3rd_revision/coach_repos_r/BipolAlarm-master/app/src/main/java/net/iexos/musicalarm/AlarmViewActivity.java,net.iexos.musicalarm.AlarmViewActivity,onCreate/1[net.iexos.musicalarm.Bundle],mMin,1
/Users/sirojiddinkomolov/Documents/innopolis/research/arch_design_pattern_detection/exps/3rd_revision/coach_repos_r/BipolAlarm-master/app/src/main/java/net/iexos/musicalarm/AlarmViewActivity.java,net.iexos.musicalarm.AlarmViewActivity,onCreate/1[net.iexos.musicalarm.Bundle],DEFAULT_HOUR,1
/Users/sirojiddinkomolov/Documents/innopolis/research/arch_design_pattern_detection/exps/3rd_revision/coach_repos_r/BipolAlarm-master/app/src/main/java/net/iexos/musicalarm/AlarmViewActivity.java,net.iexos.musicalarm.AlarmViewActivity,onCreate/1[net.iexos.musicalarm.Bundle],PREF_DELAY,1
/Users/sirojiddinkomolov/Documents/innopolis/research/arch_design_pattern_detection/exps/3rd_revision/coach_repos_r/BipolAlarm-master/app/src/main/java/net/iexos/musicalarm/AlarmViewActivity.java,net.iexos.musicalarm.AlarmViewActivity,onCreate/1[net.iexos.musicalarm.Bundle],PREF_PLAYLIST_ID,1
/Users/sirojiddinkomolov/Documents/innopolis/research/arch_design_pattern_detection/exps/3rd_revision/coach_repos_r/BipolAlarm-master/app/src/main/java/net/iexos/musicalarm/AlarmViewActivity.java,net.iexos.musicalarm.AlarmViewActivity,onCreate/1[net.iexos.musicalarm.Bundle],mDelayMin,1
/Users/sirojiddinkomolov/Documents/innopolis/research/arch_design_pattern_detection/exps/3rd_revision/coach_repos_r/BipolAlarm-master/app/src/main/java/net/iexos/musicalarm/AlarmViewActivity.java,net.iexos.musicalarm.AlarmViewActivity,onPlaylistChosen/0,mSettings,1
/Users/sirojiddinkomolov/Documents/innopolis/research/arch_design_pattern_detection/exps/3rd_revision/coach_repos_r/BipolAlarm-master/app/src/main/java/net/iexos/musicalarm/AlarmViewActivity.java,net.iexos.musicalarm.AlarmViewActivity,onPlaylistChosen/0,PREF_PLAYLIST_NAME,1
/Users/sirojiddinkomolov/Documents/innopolis/research/arch_design_pattern_detection/exps/3rd_revision/coach_repos_r/BipolAlarm-master/app/src/main/java/net/iexos/musicalarm/AlarmViewActivity.java,net.iexos.musicalarm.AlarmViewActivity,onPlaylistChosen/0,PREF_PLAYLIST_ID,1
/Users/sirojiddinkomolov/Documents/innopolis/research/arch_design_pattern_detection/exps/3rd_revision/coach_repos_r/BipolAlarm-master/app/src/main/java/net/iexos/musicalarm/AlarmViewActivity.java,net.iexos.musicalarm.AlarmViewActivity,onDestroy/0,receiver,1
/Users/sirojiddinkomolov/Documents/innopolis/research/arch_design_pattern_detection/exps/3rd_revision/coach_repos_r/BipolAlarm-master/app/src/main/java/net/iexos/musicalarm/AlarmViewActivity.java,net.iexos.musicalarm.AlarmViewActivity,showTimePickerDialog/1[net.iexos.musicalarm.View],PREF_HOUR,1
/Users/sirojiddinkomolov/Documents/innopolis/research/arch_design_pattern_detection/exps/3rd_revision/coach_repos_r/BipolAlarm-master/app/src/main/java/net/iexos/musicalarm/AlarmViewActivity.java,net.iexos.musicalarm.AlarmViewActivity,showTimePickerDialog/1[net.iexos.musicalarm.View],mHour,1
/Users/sirojiddinkomolov/Documents/innopolis/research/arch_design_pattern_detection/exps/3rd_revision/coach_repos_r/BipolAlarm-master/app/src/main/java/net/iexos/musicalarm/AlarmViewActivity.java,net.iexos.musicalarm.AlarmViewActivity,showTimePickerDialog/1[net.iexos.musicalarm.View],PREF_MIN,1
/Users/sirojiddinkomolov/Documents/innopolis/research/arch_design_pattern_detection/exps/3rd_revision/coach_repos_r/BipolAlarm-master/app/src/main/java/net/iexos/musicalarm/AlarmViewActivity.java,net.iexos.musicalarm.AlarmViewActivity,showTimePickerDialog/1[net.iexos.musicalarm.View],mMin,1
/Users/sirojiddinkomolov/Documents/innopolis/research/arch_design_pattern_detection/exps/3rd_revision/coach_repos_r/BipolAlarm-master/app/src/main/java/net/iexos/musicalarm/AlarmViewActivity.java,net.iexos.musicalarm.AlarmViewActivity,onSetAlarmButton/1[net.iexos.musicalarm.View],mAlarmSet,2
/Users/sirojiddinkomolov/Documents/innopolis/research/arch_design_pattern_detection/exps/3rd_revision/coach_repos_r/BipolAlarm-master/app/src/main/java/net/iexos/musicalarm/AlarmViewActivity.java,net.iexos.musicalarm.AlarmViewActivity,updateAlarmStatus/0,mAlarmSet,1
/Users/sirojiddinkomolov/Documents/innopolis/research/arch_design_pattern_detection/exps/3rd_revision/coach_repos_r/BipolAlarm-master/app/src/main/java/net/iexos/musicalarm/AlarmViewActivity.java,net.iexos.musicalarm.AlarmViewActivity,checkAlarmStatus/0,mAlarmSet,1
/Users/sirojiddinkomolov/Documents/innopolis/research/arch_design_pattern_detection/exps/3rd_revision/coach_repos_r/BipolAlarm-master/app/src/main/java/net/iexos/musicalarm/MusicPlayer.java,net.iexos.musicalarm.MusicPlayer,stop/0,mMusicState,1
/Users/sirojiddinkomolov/Documents/innopolis/research/arch_design_pattern_detection/exps/3rd_revision/coach_repos_r/BipolAlarm-master/app/src/main/java/net/iexos/musicalarm/MusicPlayer.java,net.iexos.musicalarm.MusicPlayer,stop/0,mAudioManager,3
/Users/sirojiddinkomolov/Documents/innopolis/research/arch_design_pattern_detection/exps/3rd_revision/coach_repos_r/BipolAlarm-master/app/src/main/java/net/iexos/musicalarm/MusicPlayer.java,net.iexos.musicalarm.MusicPlayer,stop/0,mMediaPlayer,3
/Users/sirojiddinkomolov/Documents/innopolis/research/arch_design_pattern_detection/exps/3rd_revision/coach_repos_r/BipolAlarm-master/app/src/main/java/net/iexos/musicalarm/MusicPlayer.java,net.iexos.musicalarm.MusicPlayer,pause/0,mMusicState,2
/Users/sirojiddinkomolov/Documents/innopolis/research/arch_design_pattern_detection/exps/3rd_revision/coach_repos_r/BipolAlarm-master/app/src/main/java/net/iexos/musicalarm/MusicPlayer.java,net.iexos.musicalarm.MusicPlayer,pause/0,mMediaPlayer,1
/Users/sirojiddinkomolov/Documents/innopolis/research/arch_design_pattern_detection/exps/3rd_revision/coach_repos_r/BipolAlarm-master/app/src/main/java/net/iexos/musicalarm/MusicPlayer.java,net.iexos.musicalarm.MusicPlayer,initMediaPlayer/0,mSongIter,1
/Users/sirojiddinkomolov/Documents/innopolis/research/arch_design_pattern_detection/exps/3rd_revision/coach_repos_r/BipolAlarm-master/app/src/main/java/net/iexos/musicalarm/MusicPlayer.java,net.iexos.musicalarm.MusicPlayer,initMediaPlayer/0,mAudioManager,2
/Users/sirojiddinkomolov/Documents/innopolis/research/arch_design_pattern_detection/exps/3rd_revision/coach_repos_r/BipolAlarm-master/app/src/main/java/net/iexos/musicalarm/MusicPlayer.java,net.iexos.musicalarm.MusicPlayer,initMediaPlayer/0,mPlaylistID,1
/Users/sirojiddinkomolov/Documents/innopolis/research/arch_design_pattern_detection/exps/3rd_revision/coach_repos_r/BipolAlarm-master/app/src/main/java/net/iexos/musicalarm/MusicPlayer.java,net.iexos.musicalarm.MusicPlayer,initMediaPlayer/0,mMediaPlayer,3
/Users/sirojiddinkomolov/Documents/innopolis/research/arch_design_pattern_detection/exps/3rd_revision/coach_repos_r/BipolAlarm-master/app/src/main/java/net/iexos/musicalarm/MusicPlayer.java,net.iexos.musicalarm.MusicPlayer,initMediaPlayer/0,mCon,2
/Users/sirojiddinkomolov/Documents/innopolis/research/arch_design_pattern_detection/exps/3rd_revision/coach_repos_r/BipolAlarm-master/app/src/main/java/net/iexos/musicalarm/MusicPlayer.java,net.iexos.musicalarm.MusicPlayer,initMediaPlayer/0,mPlaylistName,1
/Users/sirojiddinkomolov/Documents/innopolis/research/arch_design_pattern_detection/exps/3rd_revision/coach_repos_r/BipolAlarm-master/app/src/main/java/net/iexos/musicalarm/MusicPlayer.java,net.iexos.musicalarm.MusicPlayer,"MusicPlayer/3[net.iexos.musicalarm.Context,long,java.lang.String]",mPlaylistID,1
/Users/sirojiddinkomolov/Documents/innopolis/research/arch_design_pattern_detection/exps/3rd_revision/coach_repos_r/BipolAlarm-master/app/src/main/java/net/iexos/musicalarm/MusicPlayer.java,net.iexos.musicalarm.MusicPlayer,"MusicPlayer/3[net.iexos.musicalarm.Context,long,java.lang.String]",mCon,1
/Users/sirojiddinkomolov/Documents/innopolis/research/arch_design_pattern_detection/exps/3rd_revision/coach_repos_r/BipolAlarm-master/app/src/main/java/net/iexos/musicalarm/MusicPlayer.java,net.iexos.musicalarm.MusicPlayer,"MusicPlayer/3[net.iexos.musicalarm.Context,long,java.lang.String]",mPlaylistName,1
/Users/sirojiddinkomolov/Documents/innopolis/research/arch_design_pattern_detection/exps/3rd_revision/coach_repos_r/BipolAlarm-master/app/src/main/java/net/iexos/musicalarm/MusicPlayer.java,net.iexos.musicalarm.MusicPlayer,resume/0,mSongIter,2
/Users/sirojiddinkomolov/Documents/innopolis/research/arch_design_pattern_detection/exps/3rd_revision/coach_repos_r/BipolAlarm-master/app/src/main/java/net/iexos/musicalarm/MusicPlayer.java,net.iexos.musicalarm.MusicPlayer,resume/0,mMusicState,3
/Users/sirojiddinkomolov/Documents/innopolis/research/arch_design_pattern_detection/exps/3rd_revision/coach_repos_r/BipolAlarm-master/app/src/main/java/net/iexos/musicalarm/MusicPlayer.java,net.iexos.musicalarm.MusicPlayer,resume/0,mMediaPlayer,6
/Users/sirojiddinkomolov/Documents/innopolis/research/arch_design_pattern_detection/exps/3rd_revision/coach_repos_r/BipolAlarm-master/app/src/main/java/net/iexos/musicalarm/MusicPlayer.java,net.iexos.musicalarm.MusicPlayer,resume/0,mCon,3
/Users/sirojiddinkomolov/Documents/innopolis/research/arch_design_pattern_detection/exps/3rd_revision/coach_repos_r/BipolAlarm-master/app/src/main/java/net/iexos/musicalarm/MusicPlayer.java,net.iexos.musicalarm.MusicPlayer,resume/0,LOGGING_TAG,2
/Users/sirojiddinkomolov/Documents/innopolis/research/arch_design_pattern_detection/exps/3rd_revision/coach_repos_r/BipolAlarm-master/app/src/main/java/net/iexos/musicalarm/MusicPlayer.java,net.iexos.musicalarm.MusicPlayer,onAudioFocusChange/1[int],mMediaPlayer,3
/Users/sirojiddinkomolov/Documents/innopolis/research/arch_design_pattern_detection/exps/3rd_revision/coach_repos_r/BipolAlarm-master/app/src/main/java/net/iexos/musicalarm/MusicPlayer.java,net.iexos.musicalarm.MusicPlayer,onAudioFocusChange/1[int],mCon,2
/Users/sirojiddinkomolov/Documents/innopolis/research/arch_design_pattern_detection/exps/3rd_revision/coach_repos_r/BipolAlarm-master/app/src/main/java/net/iexos/musicalarm/AlarmService.java,net.iexos.musicalarm.AlarmService,stopPlayback/0,mMusicPlayer,1
/Users/sirojiddinkomolov/Documents/innopolis/research/arch_design_pattern_detection/exps/3rd_revision/coach_repos_r/BipolAlarm-master/app/src/main/java/net/iexos/musicalarm/AlarmService.java,net.iexos.musicalarm.AlarmService,stopPlayback/0,mIsPlaying,1
/Users/sirojiddinkomolov/Documents/innopolis/research/arch_design_pattern_detection/exps/3rd_revision/coach_repos_r/BipolAlarm-master/app/src/main/java/net/iexos/musicalarm/AlarmService.java,net.iexos.musicalarm.AlarmService,checkErrorStates/1[net.iexos.musicalarm.AlarmService.StateChange],LOGGING_TAG,1
/Users/sirojiddinkomolov/Documents/innopolis/research/arch_design_pattern_detection/exps/3rd_revision/coach_repos_r/BipolAlarm-master/app/src/main/java/net/iexos/musicalarm/AlarmService.java,net.iexos.musicalarm.AlarmService,checkErrorStates/1[net.iexos.musicalarm.AlarmService.StateChange],mIsPlaying,3
/Users/sirojiddinkomolov/Documents/innopolis/research/arch_design_pattern_detection/exps/3rd_revision/coach_repos_r/BipolAlarm-master/app/src/main/java/net/iexos/musicalarm/AlarmService.java,net.iexos.musicalarm.AlarmService,checkErrorStates/1[net.iexos.musicalarm.AlarmService.StateChange],mState,3
/Users/sirojiddinkomolov/Documents/innopolis/research/arch_design_pattern_detection/exps/3rd_revision/coach_repos_r/BipolAlarm-master/app/src/main/java/net/iexos/musicalarm/AlarmService.java,net.iexos.musicalarm.AlarmService,"getStateChangeIntent/2[net.iexos.musicalarm.Context,net.iexos.musicalarm.AlarmService.StateChange]",EXTRA_STATE_CHANGE,1
/Users/sirojiddinkomolov/Documents/innopolis/research/arch_design_pattern_detection/exps/3rd_revision/coach_repos_r/BipolAlarm-master/app/src/main/java/net/iexos/musicalarm/AlarmService.java,net.iexos.musicalarm.AlarmService,onCreate/0,mRingtoneUri,1
/Users/sirojiddinkomolov/Documents/innopolis/research/arch_design_pattern_detection/exps/3rd_revision/coach_repos_r/BipolAlarm-master/app/src/main/java/net/iexos/musicalarm/AlarmService.java,net.iexos.musicalarm.AlarmService,onCreate/0,receiver,1
/Users/sirojiddinkomolov/Documents/innopolis/research/arch_design_pattern_detection/exps/3rd_revision/coach_repos_r/BipolAlarm-master/app/src/main/java/net/iexos/musicalarm/AlarmService.java,net.iexos.musicalarm.AlarmService,onCreate/0,mDelay,1
/Users/sirojiddinkomolov/Documents/innopolis/research/arch_design_pattern_detection/exps/3rd_revision/coach_repos_r/BipolAlarm-master/app/src/main/java/net/iexos/musicalarm/AlarmService.java,net.iexos.musicalarm.AlarmService,onCreate/0,mSnooze,1
/Users/sirojiddinkomolov/Documents/innopolis/research/arch_design_pattern_detection/exps/3rd_revision/coach_repos_r/BipolAlarm-master/app/src/main/java/net/iexos/musicalarm/AlarmService.java,net.iexos.musicalarm.AlarmService,onCreate/0,LOGGING_TAG,1
/Users/sirojiddinkomolov/Documents/innopolis/research/arch_design_pattern_detection/exps/3rd_revision/coach_repos_r/BipolAlarm-master/app/src/main/java/net/iexos/musicalarm/AlarmService.java,net.iexos.musicalarm.AlarmService,onCreate/0,mMusicPlayer,1
/Users/sirojiddinkomolov/Documents/innopolis/research/arch_design_pattern_detection/exps/3rd_revision/coach_repos_r/BipolAlarm-master/app/src/main/java/net/iexos/musicalarm/AlarmService.java,net.iexos.musicalarm.AlarmService,onCreate/0,mAlarmPlayer,1
/Users/sirojiddinkomolov/Documents/innopolis/research/arch_design_pattern_detection/exps/3rd_revision/coach_repos_r/BipolAlarm-master/app/src/main/java/net/iexos/musicalarm/AlarmService.java,net.iexos.musicalarm.AlarmService,onCreate/0,WAKE_LOCK_TAG,1
/Users/sirojiddinkomolov/Documents/innopolis/research/arch_design_pattern_detection/exps/3rd_revision/coach_repos_r/BipolAlarm-master/app/src/main/java/net/iexos/musicalarm/AlarmService.java,net.iexos.musicalarm.AlarmService,onCreate/0,mWakeLock,2
/Users/sirojiddinkomolov/Documents/innopolis/research/arch_design_pattern_detection/exps/3rd_revision/coach_repos_r/BipolAlarm-master/app/src/main/java/net/iexos/musicalarm/AlarmService.java,net.iexos.musicalarm.AlarmService,onCreate/0,mState,1
/Users/sirojiddinkomolov/Documents/innopolis/research/arch_design_pattern_detection/exps/3rd_revision/coach_repos_r/BipolAlarm-master/app/src/main/java/net/iexos/musicalarm/AlarmService.java,net.iexos.musicalarm.AlarmService,callStarted/0,mAlarmWaiting,1
/Users/sirojiddinkomolov/Documents/innopolis/research/arch_design_pattern_detection/exps/3rd_revision/coach_repos_r/BipolAlarm-master/app/src/main/java/net/iexos/musicalarm/AlarmService.java,net.iexos.musicalarm.AlarmService,callStarted/0,mIsPlaying,1
/Users/sirojiddinkomolov/Documents/innopolis/research/arch_design_pattern_detection/exps/3rd_revision/coach_repos_r/BipolAlarm-master/app/src/main/java/net/iexos/musicalarm/AlarmService.java,net.iexos.musicalarm.AlarmService,callStarted/0,mMusicPlayer,1
/Users/sirojiddinkomolov/Documents/innopolis/research/arch_design_pattern_detection/exps/3rd_revision/coach_repos_r/BipolAlarm-master/app/src/main/java/net/iexos/musicalarm/AlarmService.java,net.iexos.musicalarm.AlarmService,callStarted/0,mAlarmPlayer,1
/Users/sirojiddinkomolov/Documents/innopolis/research/arch_design_pattern_detection/exps/3rd_revision/coach_repos_r/BipolAlarm-master/app/src/main/java/net/iexos/musicalarm/AlarmService.java,net.iexos.musicalarm.AlarmService,callStarted/0,mState,2
/Users/sirojiddinkomolov/Documents/innopolis/research/arch_design_pattern_detection/exps/3rd_revision/coach_repos_r/BipolAlarm-master/app/src/main/java/net/iexos/musicalarm/AlarmService.java,net.iexos.musicalarm.AlarmService,stopRinging/0,mAlarmWaiting,1
/Users/sirojiddinkomolov/Documents/innopolis/research/arch_design_pattern_detection/exps/3rd_revision/coach_repos_r/BipolAlarm-master/app/src/main/java/net/iexos/musicalarm/AlarmService.java,net.iexos.musicalarm.AlarmService,stopRinging/0,mIsPlaying,1
/Users/sirojiddinkomolov/Documents/innopolis/research/arch_design_pattern_detection/exps/3rd_revision/coach_repos_r/BipolAlarm-master/app/src/main/java/net/iexos/musicalarm/AlarmService.java,net.iexos.musicalarm.AlarmService,stopRinging/0,mMusicPlayer,1
/Users/sirojiddinkomolov/Documents/innopolis/research/arch_design_pattern_detection/exps/3rd_revision/coach_repos_r/BipolAlarm-master/app/src/main/java/net/iexos/musicalarm/AlarmService.java,net.iexos.musicalarm.AlarmService,stopRinging/0,mAlarmPlayer,1
/Users/sirojiddinkomolov/Documents/innopolis/research/arch_design_pattern_detection/exps/3rd_revision/coach_repos_r/BipolAlarm-master/app/src/main/java/net/iexos/musicalarm/AlarmService.java,net.iexos.musicalarm.AlarmService,stopRinging/0,mState,2
/Users/sirojiddinkomolov/Documents/innopolis/research/arch_design_pattern_detection/exps/3rd_revision/coach_repos_r/BipolAlarm-master/app/src/main/java/net/iexos/musicalarm/AlarmService.java,net.iexos.musicalarm.AlarmService,startPlayback/0,mMusicPlayer,2
/Users/sirojiddinkomolov/Documents/innopolis/research/arch_design_pattern_detection/exps/3rd_revision/coach_repos_r/BipolAlarm-master/app/src/main/java/net/iexos/musicalarm/AlarmService.java,net.iexos.musicalarm.AlarmService,startPlayback/0,mIsPlaying,1
/Users/sirojiddinkomolov/Documents/innopolis/research/arch_design_pattern_detection/exps/3rd_revision/coach_repos_r/BipolAlarm-master/app/src/main/java/net/iexos/musicalarm/AlarmService.java,net.iexos.musicalarm.AlarmService,startPlayback/0,mState,2
/Users/sirojiddinkomolov/Documents/innopolis/research/arch_design_pattern_detection/exps/3rd_revision/coach_repos_r/BipolAlarm-master/app/src/main/java/net/iexos/musicalarm/AlarmService.java,net.iexos.musicalarm.AlarmService,isRinging/0,mAlarmWaiting,1
/Users/sirojiddinkomolov/Documents/innopolis/research/arch_design_pattern_detection/exps/3rd_revision/coach_repos_r/BipolAlarm-master/app/src/main/java/net/iexos/musicalarm/AlarmService.java,net.iexos.musicalarm.AlarmService,isRinging/0,mState,1
/Users/sirojiddinkomolov/Documents/innopolis/research/arch_design_pattern_detection/exps/3rd_revision/coach_repos_r/BipolAlarm-master/app/src/main/java/net/iexos/musicalarm/AlarmService.java,net.iexos.musicalarm.AlarmService,onDestroy/0,receiver,1
/Users/sirojiddinkomolov/Documents/innopolis/research/arch_design_pattern_detection/exps/3rd_revision/coach_repos_r/BipolAlarm-master/app/src/main/java/net/iexos/musicalarm/AlarmService.java,net.iexos.musicalarm.AlarmService,onDestroy/0,mAlarmWaiting,1
/Users/sirojiddinkomolov/Documents/innopolis/research/arch_design_pattern_detection/exps/3rd_revision/coach_repos_r/BipolAlarm-master/app/src/main/java/net/iexos/musicalarm/AlarmService.java,net.iexos.musicalarm.AlarmService,onDestroy/0,LOGGING_TAG,1
/Users/sirojiddinkomolov/Documents/innopolis/research/arch_design_pattern_detection/exps/3rd_revision/coach_repos_r/BipolAlarm-master/app/src/main/java/net/iexos/musicalarm/AlarmService.java,net.iexos.musicalarm.AlarmService,onDestroy/0,mMusicPlayer,1
/Users/sirojiddinkomolov/Documents/innopolis/research/arch_design_pattern_detection/exps/3rd_revision/coach_repos_r/BipolAlarm-master/app/src/main/java/net/iexos/musicalarm/AlarmService.java,net.iexos.musicalarm.AlarmService,onDestroy/0,mAlarmPlayer,1
/Users/sirojiddinkomolov/Documents/innopolis/research/arch_design_pattern_detection/exps/3rd_revision/coach_repos_r/BipolAlarm-master/app/src/main/java/net/iexos/musicalarm/AlarmService.java,net.iexos.musicalarm.AlarmService,onDestroy/0,mState,1
/Users/sirojiddinkomolov/Documents/innopolis/research/arch_design_pattern_detection/exps/3rd_revision/coach_repos_r/BipolAlarm-master/app/src/main/java/net/iexos/musicalarm/AlarmService.java,net.iexos.musicalarm.AlarmService,onDestroy/0,mWakeLock,1
/Users/sirojiddinkomolov/Documents/innopolis/research/arch_design_pattern_detection/exps/3rd_revision/coach_repos_r/BipolAlarm-master/app/src/main/java/net/iexos/musicalarm/AlarmService.java,net.iexos.musicalarm.AlarmService,"onStartCommand/3[net.iexos.musicalarm.Intent,int,int]",mAlarmWaiting,1
/Users/sirojiddinkomolov/Documents/innopolis/research/arch_design_pattern_detection/exps/3rd_revision/coach_repos_r/BipolAlarm-master/app/src/main/java/net/iexos/musicalarm/AlarmService.java,net.iexos.musicalarm.AlarmService,"onStartCommand/3[net.iexos.musicalarm.Intent,int,int]",mDelay,1
/Users/sirojiddinkomolov/Documents/innopolis/research/arch_design_pattern_detection/exps/3rd_revision/coach_repos_r/BipolAlarm-master/app/src/main/java/net/iexos/musicalarm/AlarmService.java,net.iexos.musicalarm.AlarmService,"onStartCommand/3[net.iexos.musicalarm.Intent,int,int]",mSnooze,1
/Users/sirojiddinkomolov/Documents/innopolis/research/arch_design_pattern_detection/exps/3rd_revision/coach_repos_r/BipolAlarm-master/app/src/main/java/net/iexos/musicalarm/AlarmService.java,net.iexos.musicalarm.AlarmService,"onStartCommand/3[net.iexos.musicalarm.Intent,int,int]",mIsPlaying,2
/Users/sirojiddinkomolov/Documents/innopolis/research/arch_design_pattern_detection/exps/3rd_revision/coach_repos_r/BipolAlarm-master/app/src/main/java/net/iexos/musicalarm/AlarmService.java,net.iexos.musicalarm.AlarmService,"onStartCommand/3[net.iexos.musicalarm.Intent,int,int]",mState,5
/Users/sirojiddinkomolov/Documents/innopolis/research/arch_design_pattern_detection/exps/3rd_revision/coach_repos_r/BipolAlarm-master/app/src/main/java/net/iexos/musicalarm/AlarmService.java,net.iexos.musicalarm.AlarmService,"onStartCommand/3[net.iexos.musicalarm.Intent,int,int]",EXTRA_STATE_CHANGE,1
/Users/sirojiddinkomolov/Documents/innopolis/research/arch_design_pattern_detection/exps/3rd_revision/coach_repos_r/BipolAlarm-master/app/src/main/java/net/iexos/musicalarm/AlarmService.java,net.iexos.musicalarm.AlarmService,callStopped/0,mAlarmWaiting,2
/Users/sirojiddinkomolov/Documents/innopolis/research/arch_design_pattern_detection/exps/3rd_revision/coach_repos_r/BipolAlarm-master/app/src/main/java/net/iexos/musicalarm/AlarmService.java,net.iexos.musicalarm.AlarmService,callStopped/0,mIsPlaying,1
/Users/sirojiddinkomolov/Documents/innopolis/research/arch_design_pattern_detection/exps/3rd_revision/coach_repos_r/BipolAlarm-master/app/src/main/java/net/iexos/musicalarm/AlarmService.java,net.iexos.musicalarm.AlarmService,callStopped/0,mMusicPlayer,1
/Users/sirojiddinkomolov/Documents/innopolis/research/arch_design_pattern_detection/exps/3rd_revision/coach_repos_r/BipolAlarm-master/app/src/main/java/net/iexos/musicalarm/AlarmService.java,net.iexos.musicalarm.AlarmService,callStopped/0,mState,2
/Users/sirojiddinkomolov/Documents/innopolis/research/arch_design_pattern_detection/exps/3rd_revision/coach_repos_r/BipolAlarm-master/app/src/main/java/net/iexos/musicalarm/AlarmService.java,net.iexos.musicalarm.AlarmService,startRinging/0,mRingtoneUri,1
/Users/sirojiddinkomolov/Documents/innopolis/research/arch_design_pattern_detection/exps/3rd_revision/coach_repos_r/BipolAlarm-master/app/src/main/java/net/iexos/musicalarm/AlarmService.java,net.iexos.musicalarm.AlarmService,startRinging/0,mAlarmWaiting,1
/Users/sirojiddinkomolov/Documents/innopolis/research/arch_design_pattern_detection/exps/3rd_revision/coach_repos_r/BipolAlarm-master/app/src/main/java/net/iexos/musicalarm/AlarmService.java,net.iexos.musicalarm.AlarmService,startRinging/0,LOGGING_TAG,3
/Users/sirojiddinkomolov/Documents/innopolis/research/arch_design_pattern_detection/exps/3rd_revision/coach_repos_r/BipolAlarm-master/app/src/main/java/net/iexos/musicalarm/AlarmService.java,net.iexos.musicalarm.AlarmService,startRinging/0,mIsPlaying,1
/Users/sirojiddinkomolov/Documents/innopolis/research/arch_design_pattern_detection/exps/3rd_revision/coach_repos_r/BipolAlarm-master/app/src/main/java/net/iexos/musicalarm/AlarmService.java,net.iexos.musicalarm.AlarmService,startRinging/0,mMusicPlayer,1
/Users/sirojiddinkomolov/Documents/innopolis/research/arch_design_pattern_detection/exps/3rd_revision/coach_repos_r/BipolAlarm-master/app/src/main/java/net/iexos/musicalarm/AlarmService.java,net.iexos.musicalarm.AlarmService,startRinging/0,mAlarmPlayer,9
/Users/sirojiddinkomolov/Documents/innopolis/research/arch_design_pattern_detection/exps/3rd_revision/coach_repos_r/BipolAlarm-master/app/src/main/java/net/iexos/musicalarm/AlarmService.java,net.iexos.musicalarm.AlarmService,startRinging/0,mState,2
/Users/sirojiddinkomolov/Documents/innopolis/research/arch_design_pattern_detection/exps/3rd_revision/coach_repos_r/BipolAlarm-master/app/src/main/java/net/iexos/musicalarm/PlaylistManager.java,net.iexos.musicalarm.PlaylistManager,getSongs/0,DATA_KEY,2
/Users/sirojiddinkomolov/Documents/innopolis/research/arch_design_pattern_detection/exps/3rd_revision/coach_repos_r/BipolAlarm-master/app/src/main/java/net/iexos/musicalarm/PlaylistManager.java,net.iexos.musicalarm.PlaylistManager,getSongs/0,mResolver,1
/Users/sirojiddinkomolov/Documents/innopolis/research/arch_design_pattern_detection/exps/3rd_revision/coach_repos_r/BipolAlarm-master/app/src/main/java/net/iexos/musicalarm/PlaylistManager.java,net.iexos.musicalarm.PlaylistManager,getSongs/0,mID,1
/Users/sirojiddinkomolov/Documents/innopolis/research/arch_design_pattern_detection/exps/3rd_revision/coach_repos_r/BipolAlarm-master/app/src/main/java/net/iexos/musicalarm/PlaylistManager.java,net.iexos.musicalarm.PlaylistManager,getSongs/0,LOGGING_TAG,2
/Users/sirojiddinkomolov/Documents/innopolis/research/arch_design_pattern_detection/exps/3rd_revision/coach_repos_r/BipolAlarm-master/app/src/main/java/net/iexos/musicalarm/PlaylistManager.java,net.iexos.musicalarm.PlaylistManager,getPlaylistAdapter/1[net.iexos.musicalarm.Context],NAME_KEY,2
/Users/sirojiddinkomolov/Documents/innopolis/research/arch_design_pattern_detection/exps/3rd_revision/coach_repos_r/BipolAlarm-master/app/src/main/java/net/iexos/musicalarm/PlaylistManager.java,net.iexos.musicalarm.PlaylistManager,getPlaylistAdapter/1[net.iexos.musicalarm.Context],mResolver,1
/Users/sirojiddinkomolov/Documents/innopolis/research/arch_design_pattern_detection/exps/3rd_revision/coach_repos_r/BipolAlarm-master/app/src/main/java/net/iexos/musicalarm/PlaylistManager.java,net.iexos.musicalarm.PlaylistManager,getPlaylistAdapter/1[net.iexos.musicalarm.Context],ID_KEY,1
/Users/sirojiddinkomolov/Documents/innopolis/research/arch_design_pattern_detection/exps/3rd_revision/coach_repos_r/BipolAlarm-master/app/src/main/java/net/iexos/musicalarm/PlaylistManager.java,net.iexos.musicalarm.PlaylistManager,getPlaylistAdapter/1[net.iexos.musicalarm.Context],LOGGING_TAG,1
/Users/sirojiddinkomolov/Documents/innopolis/research/arch_design_pattern_detection/exps/3rd_revision/coach_repos_r/BipolAlarm-master/app/src/main/java/net/iexos/musicalarm/PlaylistManager.java,net.iexos.musicalarm.PlaylistManager,"PlaylistManager/3[net.iexos.musicalarm.Context,long,java.lang.String]",mResolver,1
/Users/sirojiddinkomolov/Documents/innopolis/research/arch_design_pattern_detection/exps/3rd_revision/coach_repos_r/BipolAlarm-master/app/src/main/java/net/iexos/musicalarm/PlaylistManager.java,net.iexos.musicalarm.PlaylistManager,"PlaylistManager/3[net.iexos.musicalarm.Context,long,java.lang.String]",mID,1
/Users/sirojiddinkomolov/Documents/innopolis/research/arch_design_pattern_detection/exps/3rd_revision/coach_repos_r/BipolAlarm-master/app/src/main/java/net/iexos/musicalarm/PlaylistManager.java,net.iexos.musicalarm.PlaylistManager,"PlaylistManager/3[net.iexos.musicalarm.Context,long,java.lang.String]",mName,3
