file,class,method,variable,usage
/Users/sirojiddinkomolov/Documents/innopolis/research/arch_design_pattern_detection/exps/3rd_revision/coach_repos_r/BipolAlarm-master/app/src/main/java/net/iexos/musicalarm/AlarmUtils.java,net.iexos.musicalarm.AlarmUtils,isAlarmSet/1[net.iexos.musicalarm.Context],settings,1
/Users/sirojiddinkomolov/Documents/innopolis/research/arch_design_pattern_detection/exps/3rd_revision/coach_repos_r/BipolAlarm-master/app/src/main/java/net/iexos/musicalarm/AlarmUtils.java,net.iexos.musicalarm.AlarmUtils,isAlarmSet/1[net.iexos.musicalarm.Context],con,1
/Users/sirojiddinkomolov/Documents/innopolis/research/arch_design_pattern_detection/exps/3rd_revision/coach_repos_r/BipolAlarm-master/app/src/main/java/net/iexos/musicalarm/AlarmUtils.java,net.iexos.musicalarm.AlarmUtils,getShowIntent/1[net.iexos.musicalarm.Context],showIntent,2
/Users/sirojiddinkomolov/Documents/innopolis/research/arch_design_pattern_detection/exps/3rd_revision/coach_repos_r/BipolAlarm-master/app/src/main/java/net/iexos/musicalarm/AlarmUtils.java,net.iexos.musicalarm.AlarmUtils,getShowIntent/1[net.iexos.musicalarm.Context],con,2
/Users/sirojiddinkomolov/Documents/innopolis/research/arch_design_pattern_detection/exps/3rd_revision/coach_repos_r/BipolAlarm-master/app/src/main/java/net/iexos/musicalarm/AlarmUtils.java,net.iexos.musicalarm.AlarmUtils,"setRingAlarm/2[net.iexos.musicalarm.Context,int]",con,4
/Users/sirojiddinkomolov/Documents/innopolis/research/arch_design_pattern_detection/exps/3rd_revision/coach_repos_r/BipolAlarm-master/app/src/main/java/net/iexos/musicalarm/AlarmUtils.java,net.iexos.musicalarm.AlarmUtils,"setRingAlarm/2[net.iexos.musicalarm.Context,int]",relMin,1
/Users/sirojiddinkomolov/Documents/innopolis/research/arch_design_pattern_detection/exps/3rd_revision/coach_repos_r/BipolAlarm-master/app/src/main/java/net/iexos/musicalarm/AlarmUtils.java,net.iexos.musicalarm.AlarmUtils,"setRingAlarm/2[net.iexos.musicalarm.Context,int]",triggerTime,2
/Users/sirojiddinkomolov/Documents/innopolis/research/arch_design_pattern_detection/exps/3rd_revision/coach_repos_r/BipolAlarm-master/app/src/main/java/net/iexos/musicalarm/AlarmUtils.java,net.iexos.musicalarm.AlarmUtils,"setRingAlarm/2[net.iexos.musicalarm.Context,int]",acInfo,2
/Users/sirojiddinkomolov/Documents/innopolis/research/arch_design_pattern_detection/exps/3rd_revision/coach_repos_r/BipolAlarm-master/app/src/main/java/net/iexos/musicalarm/AlarmUtils.java,net.iexos.musicalarm.AlarmUtils,getRingIntent/1[net.iexos.musicalarm.Context],con,1
/Users/sirojiddinkomolov/Documents/innopolis/research/arch_design_pattern_detection/exps/3rd_revision/coach_repos_r/BipolAlarm-master/app/src/main/java/net/iexos/musicalarm/AlarmUtils.java,net.iexos.musicalarm.AlarmUtils,dismissRingAlarm/1[net.iexos.musicalarm.Context],con,3
/Users/sirojiddinkomolov/Documents/innopolis/research/arch_design_pattern_detection/exps/3rd_revision/coach_repos_r/BipolAlarm-master/app/src/main/java/net/iexos/musicalarm/AlarmUtils.java,net.iexos.musicalarm.AlarmUtils,"setAlarm/3[net.iexos.musicalarm.Context,int,int]",alarmDateText,1
/Users/sirojiddinkomolov/Documents/innopolis/research/arch_design_pattern_detection/exps/3rd_revision/coach_repos_r/BipolAlarm-master/app/src/main/java/net/iexos/musicalarm/AlarmUtils.java,net.iexos.musicalarm.AlarmUtils,"setAlarm/3[net.iexos.musicalarm.Context,int,int]",con,3
/Users/sirojiddinkomolov/Documents/innopolis/research/arch_design_pattern_detection/exps/3rd_revision/coach_repos_r/BipolAlarm-master/app/src/main/java/net/iexos/musicalarm/AlarmUtils.java,net.iexos.musicalarm.AlarmUtils,"setAlarm/3[net.iexos.musicalarm.Context,int,int]",min,1
/Users/sirojiddinkomolov/Documents/innopolis/research/arch_design_pattern_detection/exps/3rd_revision/coach_repos_r/BipolAlarm-master/app/src/main/java/net/iexos/musicalarm/AlarmUtils.java,net.iexos.musicalarm.AlarmUtils,"setAlarm/3[net.iexos.musicalarm.Context,int,int]",hour,1
/Users/sirojiddinkomolov/Documents/innopolis/research/arch_design_pattern_detection/exps/3rd_revision/coach_repos_r/BipolAlarm-master/app/src/main/java/net/iexos/musicalarm/AlarmUtils.java,net.iexos.musicalarm.AlarmUtils,"setAlarm/3[net.iexos.musicalarm.Context,int,int]",now,1
/Users/sirojiddinkomolov/Documents/innopolis/research/arch_design_pattern_detection/exps/3rd_revision/coach_repos_r/BipolAlarm-master/app/src/main/java/net/iexos/musicalarm/AlarmUtils.java,net.iexos.musicalarm.AlarmUtils,"setAlarm/3[net.iexos.musicalarm.Context,int,int]",alarm,7
/Users/sirojiddinkomolov/Documents/innopolis/research/arch_design_pattern_detection/exps/3rd_revision/coach_repos_r/BipolAlarm-master/app/src/main/java/net/iexos/musicalarm/AlarmUtils.java,net.iexos.musicalarm.AlarmUtils,"setAlarm/3[net.iexos.musicalarm.Context,int,int]",triggerTime,1
/Users/sirojiddinkomolov/Documents/innopolis/research/arch_design_pattern_detection/exps/3rd_revision/coach_repos_r/BipolAlarm-master/app/src/main/java/net/iexos/musicalarm/AlarmUtils.java,net.iexos.musicalarm.AlarmUtils,"setAlarm/3[net.iexos.musicalarm.Context,int,int]",acInfo,1
/Users/sirojiddinkomolov/Documents/innopolis/research/arch_design_pattern_detection/exps/3rd_revision/coach_repos_r/BipolAlarm-master/app/src/main/java/net/iexos/musicalarm/AlarmUtils.java,net.iexos.musicalarm.AlarmUtils,"updateAlarmInfo/3[net.iexos.musicalarm.Context,boolean,long]",settings,1
/Users/sirojiddinkomolov/Documents/innopolis/research/arch_design_pattern_detection/exps/3rd_revision/coach_repos_r/BipolAlarm-master/app/src/main/java/net/iexos/musicalarm/AlarmUtils.java,net.iexos.musicalarm.AlarmUtils,"updateAlarmInfo/3[net.iexos.musicalarm.Context,boolean,long]",editor,3
/Users/sirojiddinkomolov/Documents/innopolis/research/arch_design_pattern_detection/exps/3rd_revision/coach_repos_r/BipolAlarm-master/app/src/main/java/net/iexos/musicalarm/AlarmUtils.java,net.iexos.musicalarm.AlarmUtils,"updateAlarmInfo/3[net.iexos.musicalarm.Context,boolean,long]",con,1
/Users/sirojiddinkomolov/Documents/innopolis/research/arch_design_pattern_detection/exps/3rd_revision/coach_repos_r/BipolAlarm-master/app/src/main/java/net/iexos/musicalarm/AlarmUtils.java,net.iexos.musicalarm.AlarmUtils,"updateAlarmInfo/3[net.iexos.musicalarm.Context,boolean,long]",alarmSet,1
/Users/sirojiddinkomolov/Documents/innopolis/research/arch_design_pattern_detection/exps/3rd_revision/coach_repos_r/BipolAlarm-master/app/src/main/java/net/iexos/musicalarm/AlarmUtils.java,net.iexos.musicalarm.AlarmUtils,"updateAlarmInfo/3[net.iexos.musicalarm.Context,boolean,long]",triggerTime,1
/Users/sirojiddinkomolov/Documents/innopolis/research/arch_design_pattern_detection/exps/3rd_revision/coach_repos_r/BipolAlarm-master/app/src/main/java/net/iexos/musicalarm/AlarmUtils.java,net.iexos.musicalarm.AlarmUtils,getAlarmIntent/1[net.iexos.musicalarm.Context],con,1
/Users/sirojiddinkomolov/Documents/innopolis/research/arch_design_pattern_detection/exps/3rd_revision/coach_repos_r/BipolAlarm-master/app/src/main/java/net/iexos/musicalarm/AlarmUtils.java,net.iexos.musicalarm.AlarmUtils,alarmManager/1[net.iexos.musicalarm.Context],con,1
/Users/sirojiddinkomolov/Documents/innopolis/research/arch_design_pattern_detection/exps/3rd_revision/coach_repos_r/BipolAlarm-master/app/src/main/java/net/iexos/musicalarm/AlarmUtils.java,net.iexos.musicalarm.AlarmUtils,dismissAlarm/1[net.iexos.musicalarm.Context],con,7
/Users/sirojiddinkomolov/Documents/innopolis/research/arch_design_pattern_detection/exps/3rd_revision/coach_repos_r/BipolAlarm-master/app/src/main/java/net/iexos/musicalarm/AlarmUtils.java,net.iexos.musicalarm.AlarmUtils,"setAlarm/2[net.iexos.musicalarm.Context,long]",con,4
/Users/sirojiddinkomolov/Documents/innopolis/research/arch_design_pattern_detection/exps/3rd_revision/coach_repos_r/BipolAlarm-master/app/src/main/java/net/iexos/musicalarm/AlarmUtils.java,net.iexos.musicalarm.AlarmUtils,"setAlarm/2[net.iexos.musicalarm.Context,long]",triggerTime,3
/Users/sirojiddinkomolov/Documents/innopolis/research/arch_design_pattern_detection/exps/3rd_revision/coach_repos_r/BipolAlarm-master/app/src/main/java/net/iexos/musicalarm/AlarmUtils.java,net.iexos.musicalarm.AlarmUtils,"setAlarm/2[net.iexos.musicalarm.Context,long]",acInfo,2
/Users/sirojiddinkomolov/Documents/innopolis/research/arch_design_pattern_detection/exps/3rd_revision/coach_repos_r/BipolAlarm-master/app/src/main/java/net/iexos/musicalarm/AlarmUtils.java,net.iexos.musicalarm.AlarmUtils,getTriggerTime/1[net.iexos.musicalarm.Context],settings,1
/Users/sirojiddinkomolov/Documents/innopolis/research/arch_design_pattern_detection/exps/3rd_revision/coach_repos_r/BipolAlarm-master/app/src/main/java/net/iexos/musicalarm/AlarmUtils.java,net.iexos.musicalarm.AlarmUtils,getTriggerTime/1[net.iexos.musicalarm.Context],con,1
/Users/sirojiddinkomolov/Documents/innopolis/research/arch_design_pattern_detection/exps/3rd_revision/coach_repos_r/BipolAlarm-master/app/src/main/java/net/iexos/musicalarm/DelayPickerFragment.java,net.iexos.musicalarm.DelayPickerFragment$Anonymous1,"onClick/2[net.iexos.musicalarm.DialogInterface,int]",which,0
/Users/sirojiddinkomolov/Documents/innopolis/research/arch_design_pattern_detection/exps/3rd_revision/coach_repos_r/BipolAlarm-master/app/src/main/java/net/iexos/musicalarm/DelayPickerFragment.java,net.iexos.musicalarm.DelayPickerFragment$Anonymous1,"onClick/2[net.iexos.musicalarm.DialogInterface,int]",dialog,1
/Users/sirojiddinkomolov/Documents/innopolis/research/arch_design_pattern_detection/exps/3rd_revision/coach_repos_r/BipolAlarm-master/app/src/main/java/net/iexos/musicalarm/DelayPickerFragment.java,net.iexos.musicalarm.DelayPickerFragment$Anonymous1,"onClick/2[net.iexos.musicalarm.DialogInterface,int]",activity,1
/Users/sirojiddinkomolov/Documents/innopolis/research/arch_design_pattern_detection/exps/3rd_revision/coach_repos_r/BipolAlarm-master/app/src/main/java/net/iexos/musicalarm/DelayPickerFragment.java,net.iexos.musicalarm.DelayPickerFragment$Anonymous2,"onClick/2[net.iexos.musicalarm.DialogInterface,int]",which,0
/Users/sirojiddinkomolov/Documents/innopolis/research/arch_design_pattern_detection/exps/3rd_revision/coach_repos_r/BipolAlarm-master/app/src/main/java/net/iexos/musicalarm/DelayPickerFragment.java,net.iexos.musicalarm.DelayPickerFragment$Anonymous2,"onClick/2[net.iexos.musicalarm.DialogInterface,int]",dialog,1
/Users/sirojiddinkomolov/Documents/innopolis/research/arch_design_pattern_detection/exps/3rd_revision/coach_repos_r/BipolAlarm-master/app/src/main/java/net/iexos/musicalarm/PlaylistDialog.java,net.iexos.musicalarm.PlaylistDialog$Anonymous1,"onClick/2[net.iexos.musicalarm.DialogInterface,int]",which,2
/Users/sirojiddinkomolov/Documents/innopolis/research/arch_design_pattern_detection/exps/3rd_revision/coach_repos_r/BipolAlarm-master/app/src/main/java/net/iexos/musicalarm/PlaylistDialog.java,net.iexos.musicalarm.PlaylistDialog$Anonymous1,"onClick/2[net.iexos.musicalarm.DialogInterface,int]",cursor,3
/Users/sirojiddinkomolov/Documents/innopolis/research/arch_design_pattern_detection/exps/3rd_revision/coach_repos_r/BipolAlarm-master/app/src/main/java/net/iexos/musicalarm/PlaylistDialog.java,net.iexos.musicalarm.PlaylistDialog$Anonymous1,"onClick/2[net.iexos.musicalarm.DialogInterface,int]",dialog,0
/Users/sirojiddinkomolov/Documents/innopolis/research/arch_design_pattern_detection/exps/3rd_revision/coach_repos_r/BipolAlarm-master/app/src/main/java/net/iexos/musicalarm/PlaylistDialog.java,net.iexos.musicalarm.PlaylistDialog$Anonymous1,"onClick/2[net.iexos.musicalarm.DialogInterface,int]",ava,1
/Users/sirojiddinkomolov/Documents/innopolis/research/arch_design_pattern_detection/exps/3rd_revision/coach_repos_r/BipolAlarm-master/app/src/main/java/net/iexos/musicalarm/MusicPlayer.java,net.iexos.musicalarm.MusicPlayer$Anonymous1,onCompletion/1[net.iexos.musicalarm.MediaPlayer],mp,0
/Users/sirojiddinkomolov/Documents/innopolis/research/arch_design_pattern_detection/exps/3rd_revision/coach_repos_r/BipolAlarm-master/app/src/main/java/net/iexos/musicalarm/PlaylistDialog.java,net.iexos.musicalarm.PlaylistDialog,onCreateDialog/1[net.iexos.musicalarm.Bundle],savedInstanceState,0
/Users/sirojiddinkomolov/Documents/innopolis/research/arch_design_pattern_detection/exps/3rd_revision/coach_repos_r/BipolAlarm-master/app/src/main/java/net/iexos/musicalarm/PlaylistDialog.java,net.iexos.musicalarm.PlaylistDialog,onCreateDialog/1[net.iexos.musicalarm.Bundle],adapter,2
/Users/sirojiddinkomolov/Documents/innopolis/research/arch_design_pattern_detection/exps/3rd_revision/coach_repos_r/BipolAlarm-master/app/src/main/java/net/iexos/musicalarm/PlaylistDialog.java,net.iexos.musicalarm.PlaylistDialog,onCreateDialog/1[net.iexos.musicalarm.Bundle],activity,1
/Users/sirojiddinkomolov/Documents/innopolis/research/arch_design_pattern_detection/exps/3rd_revision/coach_repos_r/BipolAlarm-master/app/src/main/java/net/iexos/musicalarm/PlaylistDialog.java,net.iexos.musicalarm.PlaylistDialog,onCreateDialog/1[net.iexos.musicalarm.Bundle],playlistManager,1
/Users/sirojiddinkomolov/Documents/innopolis/research/arch_design_pattern_detection/exps/3rd_revision/coach_repos_r/BipolAlarm-master/app/src/main/java/net/iexos/musicalarm/PlaylistDialog.java,net.iexos.musicalarm.PlaylistDialog,onCreateDialog/1[net.iexos.musicalarm.Bundle],builder,2
/Users/sirojiddinkomolov/Documents/innopolis/research/arch_design_pattern_detection/exps/3rd_revision/coach_repos_r/BipolAlarm-master/app/src/main/java/net/iexos/musicalarm/AlarmViewActivity.java,net.iexos.musicalarm.AlarmViewActivity,showDelayPickerDialog/1[net.iexos.musicalarm.View],view,0
/Users/sirojiddinkomolov/Documents/innopolis/research/arch_design_pattern_detection/exps/3rd_revision/coach_repos_r/BipolAlarm-master/app/src/main/java/net/iexos/musicalarm/AlarmViewActivity.java,net.iexos.musicalarm.AlarmViewActivity,showDelayPickerDialog/1[net.iexos.musicalarm.View],newFragment,2
/Users/sirojiddinkomolov/Documents/innopolis/research/arch_design_pattern_detection/exps/3rd_revision/coach_repos_r/BipolAlarm-master/app/src/main/java/net/iexos/musicalarm/AlarmViewActivity.java,net.iexos.musicalarm.AlarmViewActivity,showDelayPickerDialog/1[net.iexos.musicalarm.View],bundle,2
/Users/sirojiddinkomolov/Documents/innopolis/research/arch_design_pattern_detection/exps/3rd_revision/coach_repos_r/BipolAlarm-master/app/src/main/java/net/iexos/musicalarm/AlarmViewActivity.java,net.iexos.musicalarm.AlarmViewActivity,testMusicPlayerButton/1[net.iexos.musicalarm.View],view,0
/Users/sirojiddinkomolov/Documents/innopolis/research/arch_design_pattern_detection/exps/3rd_revision/coach_repos_r/BipolAlarm-master/app/src/main/java/net/iexos/musicalarm/AlarmViewActivity.java,net.iexos.musicalarm.AlarmViewActivity,setAlarm/0,errorText,1
/Users/sirojiddinkomolov/Documents/innopolis/research/arch_design_pattern_detection/exps/3rd_revision/coach_repos_r/BipolAlarm-master/app/src/main/java/net/iexos/musicalarm/AlarmViewActivity.java,net.iexos.musicalarm.AlarmViewActivity,stopRinging/1[net.iexos.musicalarm.View],view,0
/Users/sirojiddinkomolov/Documents/innopolis/research/arch_design_pattern_detection/exps/3rd_revision/coach_repos_r/BipolAlarm-master/app/src/main/java/net/iexos/musicalarm/AlarmViewActivity.java,net.iexos.musicalarm.AlarmViewActivity,"onTimeChosen/2[int,int]",editor,4
/Users/sirojiddinkomolov/Documents/innopolis/research/arch_design_pattern_detection/exps/3rd_revision/coach_repos_r/BipolAlarm-master/app/src/main/java/net/iexos/musicalarm/AlarmViewActivity.java,net.iexos.musicalarm.AlarmViewActivity,"onTimeChosen/2[int,int]",hour,1
/Users/sirojiddinkomolov/Documents/innopolis/research/arch_design_pattern_detection/exps/3rd_revision/coach_repos_r/BipolAlarm-master/app/src/main/java/net/iexos/musicalarm/AlarmViewActivity.java,net.iexos.musicalarm.AlarmViewActivity,"onTimeChosen/2[int,int]",minute,1
/Users/sirojiddinkomolov/Documents/innopolis/research/arch_design_pattern_detection/exps/3rd_revision/coach_repos_r/BipolAlarm-master/app/src/main/java/net/iexos/musicalarm/AlarmViewActivity.java,net.iexos.musicalarm.AlarmViewActivity,updateRingtoneName/0,view,1
/Users/sirojiddinkomolov/Documents/innopolis/research/arch_design_pattern_detection/exps/3rd_revision/coach_repos_r/BipolAlarm-master/app/src/main/java/net/iexos/musicalarm/AlarmViewActivity.java,net.iexos.musicalarm.AlarmViewActivity,onDelayChosen/1[int],editor,2
/Users/sirojiddinkomolov/Documents/innopolis/research/arch_design_pattern_detection/exps/3rd_revision/coach_repos_r/BipolAlarm-master/app/src/main/java/net/iexos/musicalarm/AlarmViewActivity.java,net.iexos.musicalarm.AlarmViewActivity,onDelayChosen/1[int],delay,1
/Users/sirojiddinkomolov/Documents/innopolis/research/arch_design_pattern_detection/exps/3rd_revision/coach_repos_r/BipolAlarm-master/app/src/main/java/net/iexos/musicalarm/AlarmViewActivity.java,net.iexos.musicalarm.AlarmViewActivity,updateTimeViews/0,musicTimeView,1
/Users/sirojiddinkomolov/Documents/innopolis/research/arch_design_pattern_detection/exps/3rd_revision/coach_repos_r/BipolAlarm-master/app/src/main/java/net/iexos/musicalarm/AlarmViewActivity.java,net.iexos.musicalarm.AlarmViewActivity,updateTimeViews/0,timeString,3
/Users/sirojiddinkomolov/Documents/innopolis/research/arch_design_pattern_detection/exps/3rd_revision/coach_repos_r/BipolAlarm-master/app/src/main/java/net/iexos/musicalarm/AlarmViewActivity.java,net.iexos.musicalarm.AlarmViewActivity,updateTimeViews/0,alarmTimeView,1
/Users/sirojiddinkomolov/Documents/innopolis/research/arch_design_pattern_detection/exps/3rd_revision/coach_repos_r/BipolAlarm-master/app/src/main/java/net/iexos/musicalarm/AlarmViewActivity.java,net.iexos.musicalarm.AlarmViewActivity,updateTimeViews/0,cal,5
/Users/sirojiddinkomolov/Documents/innopolis/research/arch_design_pattern_detection/exps/3rd_revision/coach_repos_r/BipolAlarm-master/app/src/main/java/net/iexos/musicalarm/AlarmViewActivity.java,net.iexos.musicalarm.AlarmViewActivity,startRinging/1[net.iexos.musicalarm.View],view,0
/Users/sirojiddinkomolov/Documents/innopolis/research/arch_design_pattern_detection/exps/3rd_revision/coach_repos_r/BipolAlarm-master/app/src/main/java/net/iexos/musicalarm/AlarmViewActivity.java,net.iexos.musicalarm.AlarmViewActivity,sendUpdateStatus/1[net.iexos.musicalarm.Context],con,1
/Users/sirojiddinkomolov/Documents/innopolis/research/arch_design_pattern_detection/exps/3rd_revision/coach_repos_r/BipolAlarm-master/app/src/main/java/net/iexos/musicalarm/AlarmViewActivity.java,net.iexos.musicalarm.AlarmViewActivity,"onActivityResult/3[int,int,net.iexos.musicalarm.Intent]",editor,3
/Users/sirojiddinkomolov/Documents/innopolis/research/arch_design_pattern_detection/exps/3rd_revision/coach_repos_r/BipolAlarm-master/app/src/main/java/net/iexos/musicalarm/AlarmViewActivity.java,net.iexos.musicalarm.AlarmViewActivity,"onActivityResult/3[int,int,net.iexos.musicalarm.Intent]",data,1
/Users/sirojiddinkomolov/Documents/innopolis/research/arch_design_pattern_detection/exps/3rd_revision/coach_repos_r/BipolAlarm-master/app/src/main/java/net/iexos/musicalarm/AlarmViewActivity.java,net.iexos.musicalarm.AlarmViewActivity,"onActivityResult/3[int,int,net.iexos.musicalarm.Intent]",resultCode,1
/Users/sirojiddinkomolov/Documents/innopolis/research/arch_design_pattern_detection/exps/3rd_revision/coach_repos_r/BipolAlarm-master/app/src/main/java/net/iexos/musicalarm/AlarmViewActivity.java,net.iexos.musicalarm.AlarmViewActivity,"onActivityResult/3[int,int,net.iexos.musicalarm.Intent]",name,1
/Users/sirojiddinkomolov/Documents/innopolis/research/arch_design_pattern_detection/exps/3rd_revision/coach_repos_r/BipolAlarm-master/app/src/main/java/net/iexos/musicalarm/AlarmViewActivity.java,net.iexos.musicalarm.AlarmViewActivity,"onActivityResult/3[int,int,net.iexos.musicalarm.Intent]",requestCode,1
/Users/sirojiddinkomolov/Documents/innopolis/research/arch_design_pattern_detection/exps/3rd_revision/coach_repos_r/BipolAlarm-master/app/src/main/java/net/iexos/musicalarm/AlarmViewActivity.java,net.iexos.musicalarm.AlarmViewActivity,"onActivityResult/3[int,int,net.iexos.musicalarm.Intent]",uri,2
/Users/sirojiddinkomolov/Documents/innopolis/research/arch_design_pattern_detection/exps/3rd_revision/coach_repos_r/BipolAlarm-master/app/src/main/java/net/iexos/musicalarm/AlarmViewActivity.java,net.iexos.musicalarm.AlarmViewActivity,showRingtonePicker/1[net.iexos.musicalarm.View],view,0
/Users/sirojiddinkomolov/Documents/innopolis/research/arch_design_pattern_detection/exps/3rd_revision/coach_repos_r/BipolAlarm-master/app/src/main/java/net/iexos/musicalarm/AlarmViewActivity.java,net.iexos.musicalarm.AlarmViewActivity,showRingtonePicker/1[net.iexos.musicalarm.View],uri,1
/Users/sirojiddinkomolov/Documents/innopolis/research/arch_design_pattern_detection/exps/3rd_revision/coach_repos_r/BipolAlarm-master/app/src/main/java/net/iexos/musicalarm/AlarmViewActivity.java,net.iexos.musicalarm.AlarmViewActivity,showRingtonePicker/1[net.iexos.musicalarm.View],intent,5
/Users/sirojiddinkomolov/Documents/innopolis/research/arch_design_pattern_detection/exps/3rd_revision/coach_repos_r/BipolAlarm-master/app/src/main/java/net/iexos/musicalarm/AlarmViewActivity.java,net.iexos.musicalarm.AlarmViewActivity,onCreate/1[net.iexos.musicalarm.Bundle],playlistID,1
/Users/sirojiddinkomolov/Documents/innopolis/research/arch_design_pattern_detection/exps/3rd_revision/coach_repos_r/BipolAlarm-master/app/src/main/java/net/iexos/musicalarm/AlarmViewActivity.java,net.iexos.musicalarm.AlarmViewActivity,onCreate/1[net.iexos.musicalarm.Bundle],filter,2
/Users/sirojiddinkomolov/Documents/innopolis/research/arch_design_pattern_detection/exps/3rd_revision/coach_repos_r/BipolAlarm-master/app/src/main/java/net/iexos/musicalarm/AlarmViewActivity.java,net.iexos.musicalarm.AlarmViewActivity,onCreate/1[net.iexos.musicalarm.Bundle],savedInstanceState,1
/Users/sirojiddinkomolov/Documents/innopolis/research/arch_design_pattern_detection/exps/3rd_revision/coach_repos_r/BipolAlarm-master/app/src/main/java/net/iexos/musicalarm/AlarmViewActivity.java,net.iexos.musicalarm.AlarmViewActivity,onCreate/1[net.iexos.musicalarm.Bundle],playlistName,1
/Users/sirojiddinkomolov/Documents/innopolis/research/arch_design_pattern_detection/exps/3rd_revision/coach_repos_r/BipolAlarm-master/app/src/main/java/net/iexos/musicalarm/AlarmViewActivity.java,net.iexos.musicalarm.AlarmViewActivity,updatePlaylistName/0,view,1
/Users/sirojiddinkomolov/Documents/innopolis/research/arch_design_pattern_detection/exps/3rd_revision/coach_repos_r/BipolAlarm-master/app/src/main/java/net/iexos/musicalarm/AlarmViewActivity.java,net.iexos.musicalarm.AlarmViewActivity,onPlaylistChosen/0,editor,3
/Users/sirojiddinkomolov/Documents/innopolis/research/arch_design_pattern_detection/exps/3rd_revision/coach_repos_r/BipolAlarm-master/app/src/main/java/net/iexos/musicalarm/AlarmViewActivity.java,net.iexos.musicalarm.AlarmViewActivity,showTimePickerDialog/1[net.iexos.musicalarm.View],view,0
/Users/sirojiddinkomolov/Documents/innopolis/research/arch_design_pattern_detection/exps/3rd_revision/coach_repos_r/BipolAlarm-master/app/src/main/java/net/iexos/musicalarm/AlarmViewActivity.java,net.iexos.musicalarm.AlarmViewActivity,showTimePickerDialog/1[net.iexos.musicalarm.View],newFragment,2
/Users/sirojiddinkomolov/Documents/innopolis/research/arch_design_pattern_detection/exps/3rd_revision/coach_repos_r/BipolAlarm-master/app/src/main/java/net/iexos/musicalarm/AlarmViewActivity.java,net.iexos.musicalarm.AlarmViewActivity,showTimePickerDialog/1[net.iexos.musicalarm.View],bundle,3
/Users/sirojiddinkomolov/Documents/innopolis/research/arch_design_pattern_detection/exps/3rd_revision/coach_repos_r/BipolAlarm-master/app/src/main/java/net/iexos/musicalarm/AlarmViewActivity.java,net.iexos.musicalarm.AlarmViewActivity,showPlaylistDialog/1[net.iexos.musicalarm.View],view,0
/Users/sirojiddinkomolov/Documents/innopolis/research/arch_design_pattern_detection/exps/3rd_revision/coach_repos_r/BipolAlarm-master/app/src/main/java/net/iexos/musicalarm/AlarmViewActivity.java,net.iexos.musicalarm.AlarmViewActivity,onSetAlarmButton/1[net.iexos.musicalarm.View],view,0
/Users/sirojiddinkomolov/Documents/innopolis/research/arch_design_pattern_detection/exps/3rd_revision/coach_repos_r/BipolAlarm-master/app/src/main/java/net/iexos/musicalarm/AlarmViewActivity.java,net.iexos.musicalarm.AlarmViewActivity,updateAlarmStatus/0,button,6
/Users/sirojiddinkomolov/Documents/innopolis/research/arch_design_pattern_detection/exps/3rd_revision/coach_repos_r/BipolAlarm-master/app/src/main/java/net/iexos/musicalarm/NotificationUtils.java,net.iexos.musicalarm.NotificationUtils,"addSnoozeButton/2[net.iexos.musicalarm.Context,Notification.Builder]",con,2
/Users/sirojiddinkomolov/Documents/innopolis/research/arch_design_pattern_detection/exps/3rd_revision/coach_repos_r/BipolAlarm-master/app/src/main/java/net/iexos/musicalarm/NotificationUtils.java,net.iexos.musicalarm.NotificationUtils,"addSnoozeButton/2[net.iexos.musicalarm.Context,Notification.Builder]",builder,1
/Users/sirojiddinkomolov/Documents/innopolis/research/arch_design_pattern_detection/exps/3rd_revision/coach_repos_r/BipolAlarm-master/app/src/main/java/net/iexos/musicalarm/NotificationUtils.java,net.iexos.musicalarm.NotificationUtils,"displayForegroundNotification/2[net.iexos.musicalarm.Service,net.iexos.musicalarm.AlarmService.State]",con,13
/Users/sirojiddinkomolov/Documents/innopolis/research/arch_design_pattern_detection/exps/3rd_revision/coach_repos_r/BipolAlarm-master/app/src/main/java/net/iexos/musicalarm/NotificationUtils.java,net.iexos.musicalarm.NotificationUtils,"displayForegroundNotification/2[net.iexos.musicalarm.Service,net.iexos.musicalarm.AlarmService.State]",timeString,1
/Users/sirojiddinkomolov/Documents/innopolis/research/arch_design_pattern_detection/exps/3rd_revision/coach_repos_r/BipolAlarm-master/app/src/main/java/net/iexos/musicalarm/NotificationUtils.java,net.iexos.musicalarm.NotificationUtils,"displayForegroundNotification/2[net.iexos.musicalarm.Service,net.iexos.musicalarm.AlarmService.State]",builder,15
/Users/sirojiddinkomolov/Documents/innopolis/research/arch_design_pattern_detection/exps/3rd_revision/coach_repos_r/BipolAlarm-master/app/src/main/java/net/iexos/musicalarm/NotificationUtils.java,net.iexos.musicalarm.NotificationUtils,"displayForegroundNotification/2[net.iexos.musicalarm.Service,net.iexos.musicalarm.AlarmService.State]",state,1
/Users/sirojiddinkomolov/Documents/innopolis/research/arch_design_pattern_detection/exps/3rd_revision/coach_repos_r/BipolAlarm-master/app/src/main/java/net/iexos/musicalarm/NotificationUtils.java,net.iexos.musicalarm.NotificationUtils,"displayForegroundNotification/2[net.iexos.musicalarm.Service,net.iexos.musicalarm.AlarmService.State]",text,4
/Users/sirojiddinkomolov/Documents/innopolis/research/arch_design_pattern_detection/exps/3rd_revision/coach_repos_r/BipolAlarm-master/app/src/main/java/net/iexos/musicalarm/NotificationUtils.java,net.iexos.musicalarm.NotificationUtils,"displayForegroundNotification/2[net.iexos.musicalarm.Service,net.iexos.musicalarm.AlarmService.State]",time,2
/Users/sirojiddinkomolov/Documents/innopolis/research/arch_design_pattern_detection/exps/3rd_revision/coach_repos_r/BipolAlarm-master/app/src/main/java/net/iexos/musicalarm/NotificationUtils.java,net.iexos.musicalarm.NotificationUtils,"displayForegroundNotification/2[net.iexos.musicalarm.Service,net.iexos.musicalarm.AlarmService.State]",title,3
/Users/sirojiddinkomolov/Documents/innopolis/research/arch_design_pattern_detection/exps/3rd_revision/coach_repos_r/BipolAlarm-master/app/src/main/java/net/iexos/musicalarm/NotificationUtils.java,net.iexos.musicalarm.NotificationUtils,"addDismissAllButton/2[net.iexos.musicalarm.Context,Notification.Builder]",con,2
/Users/sirojiddinkomolov/Documents/innopolis/research/arch_design_pattern_detection/exps/3rd_revision/coach_repos_r/BipolAlarm-master/app/src/main/java/net/iexos/musicalarm/NotificationUtils.java,net.iexos.musicalarm.NotificationUtils,"addDismissAllButton/2[net.iexos.musicalarm.Context,Notification.Builder]",builder,1
/Users/sirojiddinkomolov/Documents/innopolis/research/arch_design_pattern_detection/exps/3rd_revision/coach_repos_r/BipolAlarm-master/app/src/main/java/net/iexos/musicalarm/NotificationUtils.java,net.iexos.musicalarm.NotificationUtils,"addDismissAlarmButton/2[net.iexos.musicalarm.Context,Notification.Builder]",con,2
/Users/sirojiddinkomolov/Documents/innopolis/research/arch_design_pattern_detection/exps/3rd_revision/coach_repos_r/BipolAlarm-master/app/src/main/java/net/iexos/musicalarm/NotificationUtils.java,net.iexos.musicalarm.NotificationUtils,"addDismissAlarmButton/2[net.iexos.musicalarm.Context,Notification.Builder]",builder,1
/Users/sirojiddinkomolov/Documents/innopolis/research/arch_design_pattern_detection/exps/3rd_revision/coach_repos_r/BipolAlarm-master/app/src/main/java/net/iexos/musicalarm/NotificationUtils.java,net.iexos.musicalarm.NotificationUtils,getNotificationBuilder/1[net.iexos.musicalarm.Context],con,2
/Users/sirojiddinkomolov/Documents/innopolis/research/arch_design_pattern_detection/exps/3rd_revision/coach_repos_r/BipolAlarm-master/app/src/main/java/net/iexos/musicalarm/NotificationUtils.java,net.iexos.musicalarm.NotificationUtils,displayStoppedNotification/1[net.iexos.musicalarm.Context],con,7
/Users/sirojiddinkomolov/Documents/innopolis/research/arch_design_pattern_detection/exps/3rd_revision/coach_repos_r/BipolAlarm-master/app/src/main/java/net/iexos/musicalarm/NotificationUtils.java,net.iexos.musicalarm.NotificationUtils,displayStoppedNotification/1[net.iexos.musicalarm.Context],mNotifyMgr,2
/Users/sirojiddinkomolov/Documents/innopolis/research/arch_design_pattern_detection/exps/3rd_revision/coach_repos_r/BipolAlarm-master/app/src/main/java/net/iexos/musicalarm/NotificationUtils.java,net.iexos.musicalarm.NotificationUtils,displayStoppedNotification/1[net.iexos.musicalarm.Context],timeString,1
/Users/sirojiddinkomolov/Documents/innopolis/research/arch_design_pattern_detection/exps/3rd_revision/coach_repos_r/BipolAlarm-master/app/src/main/java/net/iexos/musicalarm/NotificationUtils.java,net.iexos.musicalarm.NotificationUtils,displayStoppedNotification/1[net.iexos.musicalarm.Context],builder,6
/Users/sirojiddinkomolov/Documents/innopolis/research/arch_design_pattern_detection/exps/3rd_revision/coach_repos_r/BipolAlarm-master/app/src/main/java/net/iexos/musicalarm/NotificationUtils.java,net.iexos.musicalarm.NotificationUtils,displayStoppedNotification/1[net.iexos.musicalarm.Context],time,2
/Users/sirojiddinkomolov/Documents/innopolis/research/arch_design_pattern_detection/exps/3rd_revision/coach_repos_r/BipolAlarm-master/app/src/main/java/net/iexos/musicalarm/NotificationUtils.java,net.iexos.musicalarm.NotificationUtils,displayStoppedNotification/1[net.iexos.musicalarm.Context],text,1
/Users/sirojiddinkomolov/Documents/innopolis/research/arch_design_pattern_detection/exps/3rd_revision/coach_repos_r/BipolAlarm-master/app/src/main/java/net/iexos/musicalarm/NotificationUtils.java,net.iexos.musicalarm.NotificationUtils,displayStoppedNotification/1[net.iexos.musicalarm.Context],title,1
/Users/sirojiddinkomolov/Documents/innopolis/research/arch_design_pattern_detection/exps/3rd_revision/coach_repos_r/BipolAlarm-master/app/src/main/java/net/iexos/musicalarm/MusicPlayer.java,net.iexos.musicalarm.MusicPlayer,initMediaPlayer/0,focusGranted,1
/Users/sirojiddinkomolov/Documents/innopolis/research/arch_design_pattern_detection/exps/3rd_revision/coach_repos_r/BipolAlarm-master/app/src/main/java/net/iexos/musicalarm/MusicPlayer.java,net.iexos.musicalarm.MusicPlayer,initMediaPlayer/0,playlistManager,1
/Users/sirojiddinkomolov/Documents/innopolis/research/arch_design_pattern_detection/exps/3rd_revision/coach_repos_r/BipolAlarm-master/app/src/main/java/net/iexos/musicalarm/MusicPlayer.java,net.iexos.musicalarm.MusicPlayer,initMediaPlayer/0,songUris,1
/Users/sirojiddinkomolov/Documents/innopolis/research/arch_design_pattern_detection/exps/3rd_revision/coach_repos_r/BipolAlarm-master/app/src/main/java/net/iexos/musicalarm/MusicPlayer.java,net.iexos.musicalarm.MusicPlayer,"MusicPlayer/3[net.iexos.musicalarm.Context,long,java.lang.String]",con,1
/Users/sirojiddinkomolov/Documents/innopolis/research/arch_design_pattern_detection/exps/3rd_revision/coach_repos_r/BipolAlarm-master/app/src/main/java/net/iexos/musicalarm/MusicPlayer.java,net.iexos.musicalarm.MusicPlayer,"MusicPlayer/3[net.iexos.musicalarm.Context,long,java.lang.String]",name,1
/Users/sirojiddinkomolov/Documents/innopolis/research/arch_design_pattern_detection/exps/3rd_revision/coach_repos_r/BipolAlarm-master/app/src/main/java/net/iexos/musicalarm/MusicPlayer.java,net.iexos.musicalarm.MusicPlayer,"MusicPlayer/3[net.iexos.musicalarm.Context,long,java.lang.String]",id,1
/Users/sirojiddinkomolov/Documents/innopolis/research/arch_design_pattern_detection/exps/3rd_revision/coach_repos_r/BipolAlarm-master/app/src/main/java/net/iexos/musicalarm/MusicPlayer.java,net.iexos.musicalarm.MusicPlayer,resume/0,e,2
/Users/sirojiddinkomolov/Documents/innopolis/research/arch_design_pattern_detection/exps/3rd_revision/coach_repos_r/BipolAlarm-master/app/src/main/java/net/iexos/musicalarm/MusicPlayer.java,net.iexos.musicalarm.MusicPlayer,resume/0,nextUri,2
/Users/sirojiddinkomolov/Documents/innopolis/research/arch_design_pattern_detection/exps/3rd_revision/coach_repos_r/BipolAlarm-master/app/src/main/java/net/iexos/musicalarm/MusicPlayer.java,net.iexos.musicalarm.MusicPlayer,onAudioFocusChange/1[int],focusChange,1
/Users/sirojiddinkomolov/Documents/innopolis/research/arch_design_pattern_detection/exps/3rd_revision/coach_repos_r/BipolAlarm-master/app/src/main/java/net/iexos/musicalarm/AlarmViewActivity.java,net.iexos.musicalarm.AlarmViewActivity$Anonymous1,"onReceive/2[net.iexos.musicalarm.Context,net.iexos.musicalarm.Intent]",context,0
/Users/sirojiddinkomolov/Documents/innopolis/research/arch_design_pattern_detection/exps/3rd_revision/coach_repos_r/BipolAlarm-master/app/src/main/java/net/iexos/musicalarm/AlarmViewActivity.java,net.iexos.musicalarm.AlarmViewActivity$Anonymous1,"onReceive/2[net.iexos.musicalarm.Context,net.iexos.musicalarm.Intent]",intent,1
/Users/sirojiddinkomolov/Documents/innopolis/research/arch_design_pattern_detection/exps/3rd_revision/coach_repos_r/BipolAlarm-master/app/src/main/java/net/iexos/musicalarm/OnBootReceiver.java,net.iexos.musicalarm.OnBootReceiver,"onReceive/2[net.iexos.musicalarm.Context,net.iexos.musicalarm.Intent]",con,3
/Users/sirojiddinkomolov/Documents/innopolis/research/arch_design_pattern_detection/exps/3rd_revision/coach_repos_r/BipolAlarm-master/app/src/main/java/net/iexos/musicalarm/OnBootReceiver.java,net.iexos.musicalarm.OnBootReceiver,"onReceive/2[net.iexos.musicalarm.Context,net.iexos.musicalarm.Intent]",intent,0
/Users/sirojiddinkomolov/Documents/innopolis/research/arch_design_pattern_detection/exps/3rd_revision/coach_repos_r/BipolAlarm-master/app/src/main/java/net/iexos/musicalarm/AlarmService.java,net.iexos.musicalarm.AlarmService,"sendStateChangeIntent/2[net.iexos.musicalarm.Context,net.iexos.musicalarm.AlarmService.StateChange]",con,2
/Users/sirojiddinkomolov/Documents/innopolis/research/arch_design_pattern_detection/exps/3rd_revision/coach_repos_r/BipolAlarm-master/app/src/main/java/net/iexos/musicalarm/AlarmService.java,net.iexos.musicalarm.AlarmService,"sendStateChangeIntent/2[net.iexos.musicalarm.Context,net.iexos.musicalarm.AlarmService.StateChange]",change,1
/Users/sirojiddinkomolov/Documents/innopolis/research/arch_design_pattern_detection/exps/3rd_revision/coach_repos_r/BipolAlarm-master/app/src/main/java/net/iexos/musicalarm/AlarmService.java,net.iexos.musicalarm.AlarmService,checkErrorStates/1[net.iexos.musicalarm.AlarmService.StateChange],change,1
/Users/sirojiddinkomolov/Documents/innopolis/research/arch_design_pattern_detection/exps/3rd_revision/coach_repos_r/BipolAlarm-master/app/src/main/java/net/iexos/musicalarm/AlarmService.java,net.iexos.musicalarm.AlarmService,"getStateChangeIntent/2[net.iexos.musicalarm.Context,net.iexos.musicalarm.AlarmService.StateChange]",con,1
/Users/sirojiddinkomolov/Documents/innopolis/research/arch_design_pattern_detection/exps/3rd_revision/coach_repos_r/BipolAlarm-master/app/src/main/java/net/iexos/musicalarm/AlarmService.java,net.iexos.musicalarm.AlarmService,"getStateChangeIntent/2[net.iexos.musicalarm.Context,net.iexos.musicalarm.AlarmService.StateChange]",change,1
/Users/sirojiddinkomolov/Documents/innopolis/research/arch_design_pattern_detection/exps/3rd_revision/coach_repos_r/BipolAlarm-master/app/src/main/java/net/iexos/musicalarm/AlarmService.java,net.iexos.musicalarm.AlarmService,"getStateChangeIntent/2[net.iexos.musicalarm.Context,net.iexos.musicalarm.AlarmService.StateChange]",intent,2
/Users/sirojiddinkomolov/Documents/innopolis/research/arch_design_pattern_detection/exps/3rd_revision/coach_repos_r/BipolAlarm-master/app/src/main/java/net/iexos/musicalarm/AlarmService.java,net.iexos.musicalarm.AlarmService,"getPendingStateChangeIntent/2[net.iexos.musicalarm.Context,net.iexos.musicalarm.AlarmService.StateChange]",con,2
/Users/sirojiddinkomolov/Documents/innopolis/research/arch_design_pattern_detection/exps/3rd_revision/coach_repos_r/BipolAlarm-master/app/src/main/java/net/iexos/musicalarm/AlarmService.java,net.iexos.musicalarm.AlarmService,"getPendingStateChangeIntent/2[net.iexos.musicalarm.Context,net.iexos.musicalarm.AlarmService.StateChange]",change,2
/Users/sirojiddinkomolov/Documents/innopolis/research/arch_design_pattern_detection/exps/3rd_revision/coach_repos_r/BipolAlarm-master/app/src/main/java/net/iexos/musicalarm/AlarmService.java,net.iexos.musicalarm.AlarmService,onBind/1[net.iexos.musicalarm.Intent],intent,0
/Users/sirojiddinkomolov/Documents/innopolis/research/arch_design_pattern_detection/exps/3rd_revision/coach_repos_r/BipolAlarm-master/app/src/main/java/net/iexos/musicalarm/AlarmService.java,net.iexos.musicalarm.AlarmService,onCreate/0,playlistID,1
/Users/sirojiddinkomolov/Documents/innopolis/research/arch_design_pattern_detection/exps/3rd_revision/coach_repos_r/BipolAlarm-master/app/src/main/java/net/iexos/musicalarm/AlarmService.java,net.iexos.musicalarm.AlarmService,onCreate/0,filter,3
/Users/sirojiddinkomolov/Documents/innopolis/research/arch_design_pattern_detection/exps/3rd_revision/coach_repos_r/BipolAlarm-master/app/src/main/java/net/iexos/musicalarm/AlarmService.java,net.iexos.musicalarm.AlarmService,onCreate/0,settings,5
/Users/sirojiddinkomolov/Documents/innopolis/research/arch_design_pattern_detection/exps/3rd_revision/coach_repos_r/BipolAlarm-master/app/src/main/java/net/iexos/musicalarm/AlarmService.java,net.iexos.musicalarm.AlarmService,onCreate/0,tMan,1
/Users/sirojiddinkomolov/Documents/innopolis/research/arch_design_pattern_detection/exps/3rd_revision/coach_repos_r/BipolAlarm-master/app/src/main/java/net/iexos/musicalarm/AlarmService.java,net.iexos.musicalarm.AlarmService,onCreate/0,pm,1
/Users/sirojiddinkomolov/Documents/innopolis/research/arch_design_pattern_detection/exps/3rd_revision/coach_repos_r/BipolAlarm-master/app/src/main/java/net/iexos/musicalarm/AlarmService.java,net.iexos.musicalarm.AlarmService,onCreate/0,playlistName,1
/Users/sirojiddinkomolov/Documents/innopolis/research/arch_design_pattern_detection/exps/3rd_revision/coach_repos_r/BipolAlarm-master/app/src/main/java/net/iexos/musicalarm/AlarmService.java,net.iexos.musicalarm.AlarmService,"onStartCommand/3[net.iexos.musicalarm.Intent,int,int]",startID,0
/Users/sirojiddinkomolov/Documents/innopolis/research/arch_design_pattern_detection/exps/3rd_revision/coach_repos_r/BipolAlarm-master/app/src/main/java/net/iexos/musicalarm/AlarmService.java,net.iexos.musicalarm.AlarmService,"onStartCommand/3[net.iexos.musicalarm.Intent,int,int]",change,3
/Users/sirojiddinkomolov/Documents/innopolis/research/arch_design_pattern_detection/exps/3rd_revision/coach_repos_r/BipolAlarm-master/app/src/main/java/net/iexos/musicalarm/AlarmService.java,net.iexos.musicalarm.AlarmService,"onStartCommand/3[net.iexos.musicalarm.Intent,int,int]",flags,0
/Users/sirojiddinkomolov/Documents/innopolis/research/arch_design_pattern_detection/exps/3rd_revision/coach_repos_r/BipolAlarm-master/app/src/main/java/net/iexos/musicalarm/AlarmService.java,net.iexos.musicalarm.AlarmService,"onStartCommand/3[net.iexos.musicalarm.Intent,int,int]",intent,1
/Users/sirojiddinkomolov/Documents/innopolis/research/arch_design_pattern_detection/exps/3rd_revision/coach_repos_r/BipolAlarm-master/app/src/main/java/net/iexos/musicalarm/AlarmService.java,net.iexos.musicalarm.AlarmService,startRinging/0,e1,1
/Users/sirojiddinkomolov/Documents/innopolis/research/arch_design_pattern_detection/exps/3rd_revision/coach_repos_r/BipolAlarm-master/app/src/main/java/net/iexos/musicalarm/AlarmService.java,net.iexos.musicalarm.AlarmService,startRinging/0,e2,1
/Users/sirojiddinkomolov/Documents/innopolis/research/arch_design_pattern_detection/exps/3rd_revision/coach_repos_r/BipolAlarm-master/app/src/main/java/net/iexos/musicalarm/AlarmService.java,net.iexos.musicalarm.AlarmService$Anonymous1,"onReceive/2[net.iexos.musicalarm.Context,net.iexos.musicalarm.Intent]",context,3
/Users/sirojiddinkomolov/Documents/innopolis/research/arch_design_pattern_detection/exps/3rd_revision/coach_repos_r/BipolAlarm-master/app/src/main/java/net/iexos/musicalarm/AlarmService.java,net.iexos.musicalarm.AlarmService$Anonymous1,"onReceive/2[net.iexos.musicalarm.Context,net.iexos.musicalarm.Intent]",action,2
/Users/sirojiddinkomolov/Documents/innopolis/research/arch_design_pattern_detection/exps/3rd_revision/coach_repos_r/BipolAlarm-master/app/src/main/java/net/iexos/musicalarm/AlarmService.java,net.iexos.musicalarm.AlarmService$Anonymous1,"onReceive/2[net.iexos.musicalarm.Context,net.iexos.musicalarm.Intent]",state,1
/Users/sirojiddinkomolov/Documents/innopolis/research/arch_design_pattern_detection/exps/3rd_revision/coach_repos_r/BipolAlarm-master/app/src/main/java/net/iexos/musicalarm/AlarmService.java,net.iexos.musicalarm.AlarmService$Anonymous1,"onReceive/2[net.iexos.musicalarm.Context,net.iexos.musicalarm.Intent]",intent,2
/Users/sirojiddinkomolov/Documents/innopolis/research/arch_design_pattern_detection/exps/3rd_revision/coach_repos_r/BipolAlarm-master/app/src/main/java/net/iexos/musicalarm/DelayPickerFragment.java,net.iexos.musicalarm.DelayPickerFragment,onCreateDialog/1[net.iexos.musicalarm.Bundle],savedInstanceState,0
/Users/sirojiddinkomolov/Documents/innopolis/research/arch_design_pattern_detection/exps/3rd_revision/coach_repos_r/BipolAlarm-master/app/src/main/java/net/iexos/musicalarm/DelayPickerFragment.java,net.iexos.musicalarm.DelayPickerFragment,onCreateDialog/1[net.iexos.musicalarm.Bundle],builder,5
/Users/sirojiddinkomolov/Documents/innopolis/research/arch_design_pattern_detection/exps/3rd_revision/coach_repos_r/BipolAlarm-master/app/src/main/java/net/iexos/musicalarm/DelayPickerFragment.java,net.iexos.musicalarm.DelayPickerFragment,onCreateDialog/1[net.iexos.musicalarm.Bundle],picker,4
/Users/sirojiddinkomolov/Documents/innopolis/research/arch_design_pattern_detection/exps/3rd_revision/coach_repos_r/BipolAlarm-master/app/src/main/java/net/iexos/musicalarm/DelayPickerFragment.java,net.iexos.musicalarm.DelayPickerFragment,onCreateDialog/1[net.iexos.musicalarm.Bundle],bundle,1
/Users/sirojiddinkomolov/Documents/innopolis/research/arch_design_pattern_detection/exps/3rd_revision/coach_repos_r/BipolAlarm-master/app/src/main/java/net/iexos/musicalarm/PlaylistManager.java,net.iexos.musicalarm.PlaylistManager,getSongs/0,cursor,6
/Users/sirojiddinkomolov/Documents/innopolis/research/arch_design_pattern_detection/exps/3rd_revision/coach_repos_r/BipolAlarm-master/app/src/main/java/net/iexos/musicalarm/PlaylistManager.java,net.iexos.musicalarm.PlaylistManager,getSongs/0,hasItem,2
/Users/sirojiddinkomolov/Documents/innopolis/research/arch_design_pattern_detection/exps/3rd_revision/coach_repos_r/BipolAlarm-master/app/src/main/java/net/iexos/musicalarm/PlaylistManager.java,net.iexos.musicalarm.PlaylistManager,getSongs/0,proj,1
/Users/sirojiddinkomolov/Documents/innopolis/research/arch_design_pattern_detection/exps/3rd_revision/coach_repos_r/BipolAlarm-master/app/src/main/java/net/iexos/musicalarm/PlaylistManager.java,net.iexos.musicalarm.PlaylistManager,getSongs/0,playListUri,1
/Users/sirojiddinkomolov/Documents/innopolis/research/arch_design_pattern_detection/exps/3rd_revision/coach_repos_r/BipolAlarm-master/app/src/main/java/net/iexos/musicalarm/PlaylistManager.java,net.iexos.musicalarm.PlaylistManager,getSongs/0,uri,1
/Users/sirojiddinkomolov/Documents/innopolis/research/arch_design_pattern_detection/exps/3rd_revision/coach_repos_r/BipolAlarm-master/app/src/main/java/net/iexos/musicalarm/PlaylistManager.java,net.iexos.musicalarm.PlaylistManager,getSongs/0,songUris,3
/Users/sirojiddinkomolov/Documents/innopolis/research/arch_design_pattern_detection/exps/3rd_revision/coach_repos_r/BipolAlarm-master/app/src/main/java/net/iexos/musicalarm/PlaylistManager.java,net.iexos.musicalarm.PlaylistManager,getPlaylistAdapter/1[net.iexos.musicalarm.Context],cursor,2
/Users/sirojiddinkomolov/Documents/innopolis/research/arch_design_pattern_detection/exps/3rd_revision/coach_repos_r/BipolAlarm-master/app/src/main/java/net/iexos/musicalarm/PlaylistManager.java,net.iexos.musicalarm.PlaylistManager,getPlaylistAdapter/1[net.iexos.musicalarm.Context],cursorAdapter,1
/Users/sirojiddinkomolov/Documents/innopolis/research/arch_design_pattern_detection/exps/3rd_revision/coach_repos_r/BipolAlarm-master/app/src/main/java/net/iexos/musicalarm/PlaylistManager.java,net.iexos.musicalarm.PlaylistManager,getPlaylistAdapter/1[net.iexos.musicalarm.Context],con,1
/Users/sirojiddinkomolov/Documents/innopolis/research/arch_design_pattern_detection/exps/3rd_revision/coach_repos_r/BipolAlarm-master/app/src/main/java/net/iexos/musicalarm/PlaylistManager.java,net.iexos.musicalarm.PlaylistManager,getPlaylistAdapter/1[net.iexos.musicalarm.Context],columns,1
/Users/sirojiddinkomolov/Documents/innopolis/research/arch_design_pattern_detection/exps/3rd_revision/coach_repos_r/BipolAlarm-master/app/src/main/java/net/iexos/musicalarm/PlaylistManager.java,net.iexos.musicalarm.PlaylistManager,getPlaylistAdapter/1[net.iexos.musicalarm.Context],from,1
/Users/sirojiddinkomolov/Documents/innopolis/research/arch_design_pattern_detection/exps/3rd_revision/coach_repos_r/BipolAlarm-master/app/src/main/java/net/iexos/musicalarm/PlaylistManager.java,net.iexos.musicalarm.PlaylistManager,getPlaylistAdapter/1[net.iexos.musicalarm.Context],to,1
/Users/sirojiddinkomolov/Documents/innopolis/research/arch_design_pattern_detection/exps/3rd_revision/coach_repos_r/BipolAlarm-master/app/src/main/java/net/iexos/musicalarm/PlaylistManager.java,net.iexos.musicalarm.PlaylistManager,getPlaylistAdapter/1[net.iexos.musicalarm.Context],uri,1
/Users/sirojiddinkomolov/Documents/innopolis/research/arch_design_pattern_detection/exps/3rd_revision/coach_repos_r/BipolAlarm-master/app/src/main/java/net/iexos/musicalarm/PlaylistManager.java,net.iexos.musicalarm.PlaylistManager,"PlaylistManager/3[net.iexos.musicalarm.Context,long,java.lang.String]",con,3
/Users/sirojiddinkomolov/Documents/innopolis/research/arch_design_pattern_detection/exps/3rd_revision/coach_repos_r/BipolAlarm-master/app/src/main/java/net/iexos/musicalarm/PlaylistManager.java,net.iexos.musicalarm.PlaylistManager,"PlaylistManager/3[net.iexos.musicalarm.Context,long,java.lang.String]",name,1
/Users/sirojiddinkomolov/Documents/innopolis/research/arch_design_pattern_detection/exps/3rd_revision/coach_repos_r/BipolAlarm-master/app/src/main/java/net/iexos/musicalarm/PlaylistManager.java,net.iexos.musicalarm.PlaylistManager,"PlaylistManager/3[net.iexos.musicalarm.Context,long,java.lang.String]",id,4
/Users/sirojiddinkomolov/Documents/innopolis/research/arch_design_pattern_detection/exps/3rd_revision/coach_repos_r/BipolAlarm-master/app/src/main/java/net/iexos/musicalarm/PlaylistManager.java,net.iexos.musicalarm.PlaylistManager,"PlaylistManager/3[net.iexos.musicalarm.Context,long,java.lang.String]",playListUri,1
/Users/sirojiddinkomolov/Documents/innopolis/research/arch_design_pattern_detection/exps/3rd_revision/coach_repos_r/BipolAlarm-master/app/src/main/java/net/iexos/musicalarm/TimePickerFragment.java,net.iexos.musicalarm.TimePickerFragment,"onTimeSet/3[net.iexos.musicalarm.TimePicker,int,int]",view,0
/Users/sirojiddinkomolov/Documents/innopolis/research/arch_design_pattern_detection/exps/3rd_revision/coach_repos_r/BipolAlarm-master/app/src/main/java/net/iexos/musicalarm/TimePickerFragment.java,net.iexos.musicalarm.TimePickerFragment,"onTimeSet/3[net.iexos.musicalarm.TimePicker,int,int]",activity,1
/Users/sirojiddinkomolov/Documents/innopolis/research/arch_design_pattern_detection/exps/3rd_revision/coach_repos_r/BipolAlarm-master/app/src/main/java/net/iexos/musicalarm/TimePickerFragment.java,net.iexos.musicalarm.TimePickerFragment,"onTimeSet/3[net.iexos.musicalarm.TimePicker,int,int]",hourOfDay,1
/Users/sirojiddinkomolov/Documents/innopolis/research/arch_design_pattern_detection/exps/3rd_revision/coach_repos_r/BipolAlarm-master/app/src/main/java/net/iexos/musicalarm/TimePickerFragment.java,net.iexos.musicalarm.TimePickerFragment,"onTimeSet/3[net.iexos.musicalarm.TimePicker,int,int]",minute,1
/Users/sirojiddinkomolov/Documents/innopolis/research/arch_design_pattern_detection/exps/3rd_revision/coach_repos_r/BipolAlarm-master/app/src/main/java/net/iexos/musicalarm/TimePickerFragment.java,net.iexos.musicalarm.TimePickerFragment,onCreateDialog/1[net.iexos.musicalarm.Bundle],savedInstanceState,0
/Users/sirojiddinkomolov/Documents/innopolis/research/arch_design_pattern_detection/exps/3rd_revision/coach_repos_r/BipolAlarm-master/app/src/main/java/net/iexos/musicalarm/TimePickerFragment.java,net.iexos.musicalarm.TimePickerFragment,onCreateDialog/1[net.iexos.musicalarm.Bundle],hour,1
/Users/sirojiddinkomolov/Documents/innopolis/research/arch_design_pattern_detection/exps/3rd_revision/coach_repos_r/BipolAlarm-master/app/src/main/java/net/iexos/musicalarm/TimePickerFragment.java,net.iexos.musicalarm.TimePickerFragment,onCreateDialog/1[net.iexos.musicalarm.Bundle],bundle,2
/Users/sirojiddinkomolov/Documents/innopolis/research/arch_design_pattern_detection/exps/3rd_revision/coach_repos_r/BipolAlarm-master/app/src/main/java/net/iexos/musicalarm/TimePickerFragment.java,net.iexos.musicalarm.TimePickerFragment,onCreateDialog/1[net.iexos.musicalarm.Bundle],minute,1
