file,class,type,cbo,cboModified,fanin,fanout,wmc,dit,noc,rfc,lcom,lcom*,tcc,lcc,totalMethodsQty,staticMethodsQty,publicMethodsQty,privateMethodsQty,protectedMethodsQty,defaultMethodsQty,visibleMethodsQty,abstractMethodsQty,finalMethodsQty,synchronizedMethodsQty,totalFieldsQty,staticFieldsQty,publicFieldsQty,privateFieldsQty,protectedFieldsQty,defaultFieldsQty,finalFieldsQty,synchronizedFieldsQty,nosi,loc,returnQty,loopQty,comparisonsQty,tryCatchQty,parenthesizedExpsQty,stringLiteralsQty,numbersQty,assignmentsQty,mathOperationsQty,variablesQty,maxNestedBlocksQty,anonymousClassesQty,innerClassesQty,lambdasQty,uniqueWordsQty,modifiers,logStatementsQty
/home/arch_design_predict/download-github-repos/mvvm/repos/FrameAndroid-master/FrameMVP/src/main/java/com/rocka/framemvp/presenter/weather/WeatherContract.java,com.rocka.framemvp.presenter.weather.WeatherContract$Presenter,interface,1,1,0,1,1,1,0,0,0,0.0,NaN,NaN,1,0,0,0,0,1,1,0,0,0,0,0,0,0,0,0,0,0,0,3,0,0,0,0,0,0,0,0,0,0,0,0,0,0,5,0,0
/home/arch_design_predict/download-github-repos/mvvm/repos/FrameAndroid-master/FrameMVP/src/main/java/com/rocka/framemvp/presenter/base/BasePresenter.java,com.rocka.framemvp.presenter.base.BasePresenter,interface,0,3,3,0,1,1,0,0,0,0.0,NaN,NaN,1,0,0,0,0,1,1,0,0,0,0,0,0,0,0,0,0,0,0,3,0,0,0,0,0,0,0,0,0,0,0,0,0,0,3,1,0
/home/arch_design_predict/download-github-repos/mvvm/repos/FrameAndroid-master/FrameMVP/src/main/java/com/rocka/framemvp/model/bean/RequestBean.java,com.rocka.framemvp.model.bean.RequestBean,class,0,5,5,0,0,1,1,0,0,0.0,-1.0,-1.0,0,0,0,0,0,0,0,0,0,0,0,0,0,0,0,0,0,0,0,2,0,0,0,0,0,0,0,0,0,0,0,0,0,0,2,1,0
/home/arch_design_predict/download-github-repos/mvvm/repos/FrameAndroid-master/FrameMVVM/src/test/java/com/rocka/framemvvm/ExampleUnitTest.java,com.rocka.framemvvm.ExampleUnitTest,class,1,1,0,1,1,1,0,1,0,0.0,NaN,NaN,1,0,1,0,0,0,1,0,0,0,0,0,0,0,0,0,0,0,0,5,0,0,0,0,0,0,3,0,1,0,0,0,0,0,18,1,0
/home/arch_design_predict/download-github-repos/mvvm/repos/FrameAndroid-master/FrameMVP/src/main/java/com/rocka/framemvp/view/MainActivity.java,com.rocka.framemvp.view.MainActivity,class,12,13,1,12,7,2,0,11,7,0.6666667,0.3,0.3,6,0,4,1,1,0,5,0,0,0,3,0,0,3,0,0,0,0,0,31,0,0,1,0,0,0,0,4,0,3,1,0,0,0,33,1,0
/home/arch_design_predict/download-github-repos/mvvm/repos/FrameAndroid-master/FrameMVC/src/test/java/com/rocka/framemvc/ExampleUnitTest.java,com.rocka.framemvc.ExampleUnitTest,class,1,1,0,1,1,1,0,1,0,0.0,NaN,NaN,1,0,1,0,0,0,1,0,0,0,0,0,0,0,0,0,0,0,0,5,0,0,0,0,0,0,3,0,1,0,0,0,0,0,18,1,0
/home/arch_design_predict/download-github-repos/mvvm/repos/FrameAndroid-master/FrameMVC/src/main/java/com/rocka/framemvc/model/repository/WeatherRepositoryImpl.java,com.rocka.framemvc.model.repository.WeatherRepositoryImpl$Anonymous1,anonymous,5,5,0,5,4,1,0,9,3,0.0,0.0,0.0,3,0,3,0,0,0,3,0,0,0,0,0,0,0,0,0,0,0,0,21,1,0,0,1,0,6,0,1,0,1,1,0,0,0,16,-1,0
/home/arch_design_predict/download-github-repos/mvvm/repos/FrameAndroid-master/FrameMVP/src/androidTest/java/com/rocka/framemvp/ApplicationTest.java,com.rocka.framemvp.ApplicationTest,class,2,2,0,2,1,2,0,0,0,0.0,NaN,NaN,1,0,1,0,0,0,1,0,0,0,0,0,0,0,0,0,0,0,0,5,0,0,0,0,0,0,0,0,0,0,0,0,0,0,7,1,0
/home/arch_design_predict/download-github-repos/mvvm/repos/FrameAndroid-master/FrameMVC/src/main/java/com/rocka/framemvc/model/listener/OnLoadWeatherListener.java,com.rocka.framemvc.model.listener.OnLoadWeatherListener,interface,1,4,3,1,2,1,0,0,1,0.0,0.0,0.0,2,0,0,0,0,2,2,0,0,0,0,0,0,0,0,0,0,0,0,4,0,0,0,0,0,0,0,0,0,0,0,0,0,0,9,1,0
/home/arch_design_predict/download-github-repos/mvvm/repos/FrameAndroid-master/FrameMVP/src/main/java/com/rocka/framemvp/presenter/weather/WeatherContract.java,com.rocka.framemvp.presenter.weather.WeatherContract,interface,2,2,0,2,0,1,0,0,0,0.0,-1.0,-1.0,0,0,0,0,0,0,0,0,0,0,0,0,0,0,0,0,0,0,0,9,0,0,0,0,0,0,0,0,0,0,0,0,2,0,2,1,0
/home/arch_design_predict/download-github-repos/mvvm/repos/FrameAndroid-master/FrameMVP/src/main/java/com/rocka/framemvp/model/repository/WeatherModelImpl.java,com.rocka.framemvp.model.repository.WeatherModelImpl,class,3,5,2,3,2,1,0,2,1,0.5,0.0,0.0,2,0,2,0,0,0,2,0,0,0,1,0,0,0,0,1,0,0,0,30,0,0,0,0,0,0,0,1,0,1,0,1,0,0,16,1,0
/home/arch_design_predict/download-github-repos/mvvm/repos/FrameAndroid-master/FrameMVP/src/main/java/com/rocka/framemvp/model/repository/WeatherModelImpl.java,com.rocka.framemvp.model.repository.WeatherModelImpl$Anonymous1,anonymous,5,5,0,5,4,1,0,9,3,0.0,0.0,0.0,3,0,3,0,0,0,3,0,0,0,0,0,0,0,0,0,0,0,0,21,1,0,0,1,0,6,0,1,0,1,1,0,0,0,16,-1,0
/home/arch_design_predict/download-github-repos/mvvm/repos/FrameAndroid-master/FrameMVC/src/main/java/com/rocka/framemvc/model/bean/RequestBean.java,com.rocka.framemvc.model.bean.RequestBean,class,0,5,5,0,0,1,1,0,0,0.0,-1.0,-1.0,0,0,0,0,0,0,0,0,0,0,0,0,0,0,0,0,0,0,0,2,0,0,0,0,0,0,0,0,0,0,0,0,0,0,2,1,0
/home/arch_design_predict/download-github-repos/mvvm/repos/FrameAndroid-master/FrameMVP/src/main/java/com/rocka/framemvp/model/other/HttpTask.java,com.rocka.framemvp.model.other.HttpTask$Anonymous2,anonymous,3,3,0,3,3,1,0,3,0,0.0,NaN,NaN,1,0,1,0,0,0,1,0,0,0,0,0,0,0,0,0,0,0,0,13,0,0,0,0,0,0,0,0,0,0,1,0,0,0,8,-1,0
/home/arch_design_predict/download-github-repos/mvvm/repos/FrameAndroid-master/FrameMVP/src/test/java/com/rocka/framemvp/ExampleUnitTest.java,com.rocka.framemvp.ExampleUnitTest,class,1,1,0,1,1,1,0,1,0,0.0,NaN,NaN,1,0,1,0,0,0,1,0,0,0,0,0,0,0,0,0,0,0,0,5,0,0,0,0,0,0,3,0,1,0,0,0,0,0,18,1,0
/home/arch_design_predict/download-github-repos/mvvm/repos/FrameAndroid-master/FrameMVP/src/main/java/com/rocka/framemvp/model/repository/WeatherModel.java,com.rocka.framemvp.model.repository.WeatherModel,interface,0,1,1,0,1,1,0,0,0,0.0,NaN,NaN,1,0,0,0,0,1,1,0,0,0,0,0,0,0,0,0,0,0,0,3,0,0,0,0,0,0,0,0,0,0,0,0,0,0,4,1,0
/home/arch_design_predict/download-github-repos/mvvm/repos/FrameAndroid-master/FrameMVC/src/main/java/com/rocka/framemvc/control/MainActivity.java,com.rocka.framemvc.control.MainActivity,class,11,12,1,11,7,2,0,13,2,0.6,0.33333334,0.33333334,5,0,3,1,1,0,4,0,0,0,3,0,0,3,0,0,0,0,0,28,0,0,2,0,0,4,0,3,1,3,1,0,0,0,41,1,0
/home/arch_design_predict/download-github-repos/mvvm/repos/FrameAndroid-master/FrameMVVM/src/main/java/com/rocka/framemvvm/model/repository/WeatherModelImpl.java,com.rocka.framemvvm.model.repository.WeatherModelImpl,class,3,4,1,3,2,1,0,2,1,0.5,0.0,0.0,2,0,2,0,0,0,2,0,0,0,1,0,0,0,0,1,0,0,0,30,0,0,0,0,0,0,0,1,0,1,0,1,0,0,16,1,0
/home/arch_design_predict/download-github-repos/mvvm/repos/FrameAndroid-master/FrameMVP/src/main/java/com/rocka/framemvp/model/other/HttpTask.java,com.rocka.framemvp.model.other.HttpTask$Anonymous1,anonymous,9,9,0,9,5,1,0,13,0,0.0,NaN,NaN,1,0,1,0,0,0,1,0,0,0,0,0,0,0,0,0,0,0,0,33,0,1,2,1,0,0,2,12,0,10,3,0,0,0,46,-1,0
/home/arch_design_predict/download-github-repos/mvvm/repos/FrameAndroid-master/FrameMVC/src/main/java/com/rocka/framemvc/model/other/HttpTask.java,com.rocka.framemvc.model.other.HttpTask$Anonymous1,anonymous,9,9,0,9,5,1,0,13,0,0.0,NaN,NaN,1,0,1,0,0,0,1,0,0,0,0,0,0,0,0,0,0,0,0,33,0,1,2,1,0,0,2,12,0,10,3,0,0,0,46,-1,0
/home/arch_design_predict/download-github-repos/mvvm/repos/FrameAndroid-master/FrameMVC/src/main/java/com/rocka/framemvc/model/other/HttpTask.java,com.rocka.framemvc.model.other.HttpTask$Anonymous2,anonymous,3,3,0,3,3,1,0,3,0,0.0,NaN,NaN,1,0,1,0,0,0,1,0,0,0,0,0,0,0,0,0,0,0,0,13,0,0,0,0,0,0,0,0,0,0,1,0,0,0,8,-1,0
/home/arch_design_predict/download-github-repos/mvvm/repos/FrameAndroid-master/FrameMVVM/src/main/java/com/rocka/framemvvm/model/repository/WeatherModel.java,com.rocka.framemvvm.model.repository.WeatherModel,interface,0,1,1,0,1,1,0,0,0,0.0,NaN,NaN,1,0,0,0,0,1,1,0,0,0,0,0,0,0,0,0,0,0,0,3,0,0,0,0,0,0,0,0,0,0,0,0,0,0,4,1,0
/home/arch_design_predict/download-github-repos/mvvm/repos/FrameAndroid-master/FrameMVVM/src/main/java/com/rocka/framemvvm/MainActivity.java,com.rocka.framemvvm.MainActivity,class,4,4,0,4,1,2,0,2,0,0.0,NaN,NaN,1,0,0,0,1,0,1,0,0,0,0,0,0,0,0,0,0,0,0,7,0,0,0,0,0,0,0,1,0,1,0,0,0,0,14,1,0
/home/arch_design_predict/download-github-repos/mvvm/repos/FrameAndroid-master/FrameMVP/src/main/java/com/rocka/framemvp/model/other/HttpTask.java,com.rocka.framemvp.model.other.HttpTask,class,4,8,4,4,5,1,0,1,10,0.9,0.0,0.0,5,0,5,0,0,0,5,3,0,0,4,0,0,4,0,0,2,0,0,63,2,0,0,0,0,0,2,4,0,4,0,2,0,0,37,1025,0
/home/arch_design_predict/download-github-repos/mvvm/repos/FrameAndroid-master/FrameMVC/src/main/java/com/rocka/framemvc/model/repository/WeatherRepositoryImpl.java,com.rocka.framemvc.model.repository.WeatherRepositoryImpl,class,3,4,1,3,2,1,0,2,1,0.5,0.0,0.0,2,0,2,0,0,0,2,0,0,0,1,0,0,1,0,0,0,0,0,30,0,0,0,0,0,0,0,1,0,1,0,1,0,0,16,1,0
/home/arch_design_predict/download-github-repos/mvvm/repos/FrameAndroid-master/FrameMVP/src/main/java/com/rocka/framemvp/model/bean/WeatherBean.java,com.rocka.framemvp.model.bean.WeatherBean,class,1,4,3,1,6,2,0,0,9,0.6666667,0.2,0.2,6,0,6,0,0,0,6,0,0,0,3,0,0,3,0,0,0,0,0,23,3,0,0,0,0,0,0,3,0,3,0,0,0,0,11,1,0
/home/arch_design_predict/download-github-repos/mvvm/repos/FrameAndroid-master/FrameMVVM/src/main/java/com/rocka/framemvvm/model/other/Constants.java,com.rocka.framemvvm.model.other.Constants,class,0,0,0,0,0,1,0,0,0,NaN,-1.0,-1.0,0,0,0,0,0,0,0,0,0,0,1,1,1,0,0,0,1,0,0,3,0,0,0,0,0,1,0,1,0,1,0,0,0,0,16,1,0
/home/arch_design_predict/download-github-repos/mvvm/repos/FrameAndroid-master/FrameMVVM/src/main/java/com/rocka/framemvvm/model/bean/RequestBean.java,com.rocka.framemvvm.model.bean.RequestBean,class,0,5,5,0,0,1,1,0,0,0.0,-1.0,-1.0,0,0,0,0,0,0,0,0,0,0,0,0,0,0,0,0,0,0,0,2,0,0,0,0,0,0,0,0,0,0,0,0,0,0,2,1,0
/home/arch_design_predict/download-github-repos/mvvm/repos/FrameAndroid-master/FrameMVC/src/androidTest/java/com/rocka/framemvc/ApplicationTest.java,com.rocka.framemvc.ApplicationTest,class,2,2,0,2,1,2,0,0,0,0.0,NaN,NaN,1,0,1,0,0,0,1,0,0,0,0,0,0,0,0,0,0,0,0,5,0,0,0,0,0,0,0,0,0,0,0,0,0,0,7,1,0
/home/arch_design_predict/download-github-repos/mvvm/repos/FrameAndroid-master/FrameMVC/src/main/java/com/rocka/framemvc/view/NormalTextView.java,com.rocka.framemvc.view.NormalTextView,class,4,6,2,4,4,2,0,2,6,0.0,0.0,0.0,4,0,3,1,0,0,3,0,0,0,0,0,0,0,0,0,0,0,0,17,0,0,0,0,0,0,0,0,0,0,0,0,0,0,16,1,0
/home/arch_design_predict/download-github-repos/mvvm/repos/FrameAndroid-master/FrameMVC/src/main/java/com/rocka/framemvc/model/bean/WeatherBean.java,com.rocka.framemvc.model.bean.WeatherBean,class,1,4,3,1,6,2,0,0,9,0.6666667,0.2,0.2,6,0,6,0,0,0,6,0,0,0,3,0,0,3,0,0,0,0,0,23,3,0,0,0,0,0,0,3,0,3,0,0,0,0,11,1,0
/home/arch_design_predict/download-github-repos/mvvm/repos/FrameAndroid-master/FrameMVVM/src/androidTest/java/com/rocka/framemvvm/ApplicationTest.java,com.rocka.framemvvm.ApplicationTest,class,2,2,0,2,1,2,0,0,0,0.0,NaN,NaN,1,0,1,0,0,0,1,0,0,0,0,0,0,0,0,0,0,0,0,5,0,0,0,0,0,0,0,0,0,0,0,0,0,0,7,1,0
/home/arch_design_predict/download-github-repos/mvvm/repos/FrameAndroid-master/FrameMVP/src/main/java/com/rocka/framemvp/presenter/base/BaseView.java,com.rocka.framemvp.presenter.base.BaseView,interface,1,3,2,1,1,1,0,0,0,0.0,NaN,NaN,1,0,0,0,0,1,1,0,0,0,0,0,0,0,0,0,0,0,0,3,0,0,0,0,0,0,0,0,0,0,0,0,0,0,4,1,0
/home/arch_design_predict/download-github-repos/mvvm/repos/FrameAndroid-master/FrameMVC/src/main/java/com/rocka/framemvc/model/repository/WeatherModel.java,com.rocka.framemvc.model.repository.WeatherModel,interface,0,2,2,0,1,1,0,0,0,0.0,NaN,NaN,1,0,0,0,0,1,1,0,0,0,0,0,0,0,0,0,0,0,0,3,0,0,0,0,0,0,0,0,0,0,0,0,0,0,4,1,0
/home/arch_design_predict/download-github-repos/mvvm/repos/FrameAndroid-master/FrameMVVM/src/main/java/com/rocka/framemvvm/viewmodel/MainViewModel.java,com.rocka.framemvvm.viewmodel.MainViewModel,class,6,8,2,6,5,1,0,10,2,0.53333336,0.16666667,0.16666667,5,0,4,1,0,0,4,0,0,0,3,0,1,2,0,0,0,0,0,26,0,0,0,0,0,0,0,3,0,3,0,0,0,0,21,1,0
/home/arch_design_predict/download-github-repos/mvvm/repos/FrameAndroid-master/FrameMVP/src/main/java/com/rocka/framemvp/model/listener/OnLoadWeatherListener.java,com.rocka.framemvp.model.listener.OnLoadWeatherListener,interface,1,4,3,1,2,1,0,0,1,0.0,0.0,0.0,2,0,0,0,0,2,2,0,0,0,0,0,0,0,0,0,0,0,0,4,0,0,0,0,0,0,0,0,0,0,0,0,0,0,9,1,0
/home/arch_design_predict/download-github-repos/mvvm/repos/FrameAndroid-master/FrameMVC/src/main/java/com/rocka/framemvc/model/other/Constants.java,com.rocka.framemvc.model.other.Constants,class,0,0,0,0,0,1,0,0,0,NaN,-1.0,-1.0,0,0,0,0,0,0,0,0,0,0,1,1,1,0,0,0,1,0,0,3,0,0,0,0,0,1,0,1,0,1,0,0,0,0,16,1,0
/home/arch_design_predict/download-github-repos/mvvm/repos/FrameAndroid-master/FrameMVVM/src/main/java/com/rocka/framemvvm/model/bean/WeatherBean.java,com.rocka.framemvvm.model.bean.WeatherBean,class,2,6,4,2,7,2,0,3,15,0.7142857,0.14285715,0.14285715,7,0,7,0,0,0,7,0,0,0,3,0,3,0,0,0,0,0,0,28,3,0,0,0,0,3,0,3,0,3,0,0,0,0,11,1,0
/home/arch_design_predict/download-github-repos/mvvm/repos/FrameAndroid-master/FrameMVVM/src/main/java/com/rocka/framemvvm/model/listener/OnLoadWeatherListener.java,com.rocka.framemvvm.model.listener.OnLoadWeatherListener,interface,1,4,3,1,2,1,0,0,1,0.0,0.0,0.0,2,0,0,0,0,2,2,0,0,0,0,0,0,0,0,0,0,0,0,4,0,0,0,0,0,0,0,0,0,0,0,0,0,0,9,1,0
/home/arch_design_predict/download-github-repos/mvvm/repos/FrameAndroid-master/FrameMVVM/src/main/java/com/rocka/framemvvm/model/other/HttpTask.java,com.rocka.framemvvm.model.other.HttpTask,class,4,8,4,4,5,1,0,1,10,0.9,0.0,0.0,5,0,5,0,0,0,5,3,0,0,4,0,0,4,0,0,2,0,0,63,2,0,0,0,0,0,2,4,0,4,0,2,0,0,37,1025,0
/home/arch_design_predict/download-github-repos/mvvm/repos/FrameAndroid-master/FrameMVVM/src/main/java/com/rocka/framemvvm/model/repository/WeatherModelImpl.java,com.rocka.framemvvm.model.repository.WeatherModelImpl$Anonymous1,anonymous,5,5,0,5,4,1,0,9,3,0.0,0.0,0.0,3,0,3,0,0,0,3,0,0,0,0,0,0,0,0,0,0,0,0,21,1,0,0,1,0,6,0,1,0,1,1,0,0,0,16,-1,0
/home/arch_design_predict/download-github-repos/mvvm/repos/FrameAndroid-master/FrameMVP/src/main/java/com/rocka/framemvp/model/other/Constants.java,com.rocka.framemvp.model.other.Constants,class,0,0,0,0,0,1,0,0,0,NaN,-1.0,-1.0,0,0,0,0,0,0,0,0,0,0,1,1,1,0,0,0,1,0,0,3,0,0,0,0,0,1,0,1,0,1,0,0,0,0,16,1,0
/home/arch_design_predict/download-github-repos/mvvm/repos/FrameAndroid-master/FrameMVC/src/main/java/com/rocka/framemvc/model/other/HttpTask.java,com.rocka.framemvc.model.other.HttpTask,class,4,8,4,4,5,1,0,1,10,0.9,0.0,0.0,5,0,5,0,0,0,5,3,0,0,4,0,0,4,0,0,2,0,0,63,2,0,0,0,0,0,2,4,0,4,0,2,0,0,37,1025,0
/home/arch_design_predict/download-github-repos/mvvm/repos/FrameAndroid-master/FrameMVVM/src/main/java/com/rocka/framemvvm/model/other/HttpTask.java,com.rocka.framemvvm.model.other.HttpTask$Anonymous1,anonymous,9,9,0,9,5,1,0,13,0,0.0,NaN,NaN,1,0,1,0,0,0,1,0,0,0,0,0,0,0,0,0,0,0,0,33,0,1,2,1,0,0,2,12,0,10,3,0,0,0,46,-1,0
/home/arch_design_predict/download-github-repos/mvvm/repos/FrameAndroid-master/FrameMVP/src/main/java/com/rocka/framemvp/presenter/weather/WeatherContract.java,com.rocka.framemvp.presenter.weather.WeatherContract$View,interface,2,2,0,2,2,1,0,0,1,0.0,0.0,0.0,2,0,0,0,0,2,2,0,0,0,0,0,0,0,0,0,0,0,0,4,0,0,0,0,0,0,0,0,0,0,0,0,0,0,7,0,0
/home/arch_design_predict/download-github-repos/mvvm/repos/FrameAndroid-master/FrameMVVM/src/main/java/com/rocka/framemvvm/model/other/HttpTask.java,com.rocka.framemvvm.model.other.HttpTask$Anonymous2,anonymous,3,3,0,3,3,1,0,3,0,0.0,NaN,NaN,1,0,1,0,0,0,1,0,0,0,0,0,0,0,0,0,0,0,0,13,0,0,0,0,0,0,0,0,0,0,1,0,0,0,8,-1,0
/home/arch_design_predict/download-github-repos/mvvm/repos/FrameAndroid-master/FrameMVP/src/main/java/com/rocka/framemvp/presenter/weather/WeatherPresenter.java,com.rocka.framemvp.presenter.weather.WeatherPresenter,class,5,6,1,5,6,1,0,7,0,0.4,0.7,1.0,5,0,5,0,0,0,5,0,0,0,2,0,0,0,0,2,0,0,0,24,0,0,1,0,0,5,0,2,1,2,1,0,0,0,21,1,0
