file,class,method,variable,usage
/home/arch_design_predict/download-github-repos/mvvm/repos/FrameAndroid-master/FrameMVP/src/main/java/com/rocka/framemvp/view/MainActivity.java,com.rocka.framemvp.view.MainActivity,onClick/1[com.rocka.framemvp.view.View],mWeatherPresenter,1
/home/arch_design_predict/download-github-repos/mvvm/repos/FrameAndroid-master/FrameMVP/src/main/java/com/rocka/framemvp/view/MainActivity.java,com.rocka.framemvp.view.MainActivity,setContentText/1[java.lang.String],txtContent,1
/home/arch_design_predict/download-github-repos/mvvm/repos/FrameAndroid-master/FrameMVP/src/main/java/com/rocka/framemvp/view/MainActivity.java,com.rocka.framemvp.view.MainActivity,initView/0,btnRequset,2
/home/arch_design_predict/download-github-repos/mvvm/repos/FrameAndroid-master/FrameMVP/src/main/java/com/rocka/framemvp/view/MainActivity.java,com.rocka.framemvp.view.MainActivity,initView/0,txtContent,1
/home/arch_design_predict/download-github-repos/mvvm/repos/FrameAndroid-master/FrameMVP/src/main/java/com/rocka/framemvp/view/MainActivity.java,com.rocka.framemvp.view.MainActivity,setPresenter/1[com.rocka.framemvp.presenter.weather.WeatherContract.Presenter],mWeatherPresenter,1
/home/arch_design_predict/download-github-repos/mvvm/repos/FrameAndroid-master/FrameMVP/src/main/java/com/rocka/framemvp/view/MainActivity.java,com.rocka.framemvp.view.MainActivity,onCreate/1[com.rocka.framemvp.view.Bundle],mWeatherPresenter,2
/home/arch_design_predict/download-github-repos/mvvm/repos/FrameAndroid-master/FrameMVP/src/main/java/com/rocka/framemvp/model/repository/WeatherModelImpl.java,com.rocka.framemvp.model.repository.WeatherModelImpl,setListener/1[com.rocka.framemvp.model.listener.OnLoadWeatherListener],mOnLoadWeatherListener,1
/home/arch_design_predict/download-github-repos/mvvm/repos/FrameAndroid-master/FrameMVC/src/main/java/com/rocka/framemvc/control/MainActivity.java,com.rocka.framemvc.control.MainActivity,onCreate/1[com.rocka.framemvc.control.Bundle],mWeatherModel,1
/home/arch_design_predict/download-github-repos/mvvm/repos/FrameAndroid-master/FrameMVC/src/main/java/com/rocka/framemvc/control/MainActivity.java,com.rocka.framemvc.control.MainActivity,onClick/1[com.rocka.framemvc.control.View],mWeatherModel,1
/home/arch_design_predict/download-github-repos/mvvm/repos/FrameAndroid-master/FrameMVC/src/main/java/com/rocka/framemvc/control/MainActivity.java,com.rocka.framemvc.control.MainActivity,onLoadWeatherFailed/0,txtContent,1
/home/arch_design_predict/download-github-repos/mvvm/repos/FrameAndroid-master/FrameMVC/src/main/java/com/rocka/framemvc/control/MainActivity.java,com.rocka.framemvc.control.MainActivity,onLoadWeatherSuccess/1[com.rocka.framemvc.model.bean.WeatherBean],txtContent,1
/home/arch_design_predict/download-github-repos/mvvm/repos/FrameAndroid-master/FrameMVC/src/main/java/com/rocka/framemvc/control/MainActivity.java,com.rocka.framemvc.control.MainActivity,initView/0,btnRequset,2
/home/arch_design_predict/download-github-repos/mvvm/repos/FrameAndroid-master/FrameMVC/src/main/java/com/rocka/framemvc/control/MainActivity.java,com.rocka.framemvc.control.MainActivity,initView/0,txtContent,1
/home/arch_design_predict/download-github-repos/mvvm/repos/FrameAndroid-master/FrameMVVM/src/main/java/com/rocka/framemvvm/model/repository/WeatherModelImpl.java,com.rocka.framemvvm.model.repository.WeatherModelImpl,setListener/1[com.rocka.framemvvm.model.listener.OnLoadWeatherListener],mOnLoadWeatherListener,1
/home/arch_design_predict/download-github-repos/mvvm/repos/FrameAndroid-master/FrameMVP/src/main/java/com/rocka/framemvp/model/other/HttpTask.java,com.rocka.framemvp.model.other.HttpTask,path/1[java.lang.String],mPath,1
/home/arch_design_predict/download-github-repos/mvvm/repos/FrameAndroid-master/FrameMVC/src/main/java/com/rocka/framemvc/model/repository/WeatherRepositoryImpl.java,com.rocka.framemvc.model.repository.WeatherRepositoryImpl,WeatherRepositoryImpl/1[com.rocka.framemvc.model.listener.OnLoadWeatherListener],mOnLoadWeatherListener,1
/home/arch_design_predict/download-github-repos/mvvm/repos/FrameAndroid-master/FrameMVP/src/main/java/com/rocka/framemvp/model/bean/WeatherBean.java,com.rocka.framemvp.model.bean.WeatherBean,getCity/0,city,1
/home/arch_design_predict/download-github-repos/mvvm/repos/FrameAndroid-master/FrameMVP/src/main/java/com/rocka/framemvp/model/bean/WeatherBean.java,com.rocka.framemvp.model.bean.WeatherBean,setTemp/1[java.lang.String],temp,3
/home/arch_design_predict/download-github-repos/mvvm/repos/FrameAndroid-master/FrameMVP/src/main/java/com/rocka/framemvp/model/bean/WeatherBean.java,com.rocka.framemvp.model.bean.WeatherBean,setCity/1[java.lang.String],city,3
/home/arch_design_predict/download-github-repos/mvvm/repos/FrameAndroid-master/FrameMVP/src/main/java/com/rocka/framemvp/model/bean/WeatherBean.java,com.rocka.framemvp.model.bean.WeatherBean,setTime/1[java.lang.String],time,3
/home/arch_design_predict/download-github-repos/mvvm/repos/FrameAndroid-master/FrameMVP/src/main/java/com/rocka/framemvp/model/bean/WeatherBean.java,com.rocka.framemvp.model.bean.WeatherBean,getTime/0,time,1
/home/arch_design_predict/download-github-repos/mvvm/repos/FrameAndroid-master/FrameMVP/src/main/java/com/rocka/framemvp/model/bean/WeatherBean.java,com.rocka.framemvp.model.bean.WeatherBean,getTemp/0,temp,1
/home/arch_design_predict/download-github-repos/mvvm/repos/FrameAndroid-master/FrameMVC/src/main/java/com/rocka/framemvc/model/bean/WeatherBean.java,com.rocka.framemvc.model.bean.WeatherBean,getCity/0,city,1
/home/arch_design_predict/download-github-repos/mvvm/repos/FrameAndroid-master/FrameMVC/src/main/java/com/rocka/framemvc/model/bean/WeatherBean.java,com.rocka.framemvc.model.bean.WeatherBean,setTemp/1[java.lang.String],temp,3
/home/arch_design_predict/download-github-repos/mvvm/repos/FrameAndroid-master/FrameMVC/src/main/java/com/rocka/framemvc/model/bean/WeatherBean.java,com.rocka.framemvc.model.bean.WeatherBean,setCity/1[java.lang.String],city,3
/home/arch_design_predict/download-github-repos/mvvm/repos/FrameAndroid-master/FrameMVC/src/main/java/com/rocka/framemvc/model/bean/WeatherBean.java,com.rocka.framemvc.model.bean.WeatherBean,setTime/1[java.lang.String],time,3
/home/arch_design_predict/download-github-repos/mvvm/repos/FrameAndroid-master/FrameMVC/src/main/java/com/rocka/framemvc/model/bean/WeatherBean.java,com.rocka.framemvc.model.bean.WeatherBean,getTime/0,time,1
/home/arch_design_predict/download-github-repos/mvvm/repos/FrameAndroid-master/FrameMVC/src/main/java/com/rocka/framemvc/model/bean/WeatherBean.java,com.rocka.framemvc.model.bean.WeatherBean,getTemp/0,temp,1
/home/arch_design_predict/download-github-repos/mvvm/repos/FrameAndroid-master/FrameMVVM/src/main/java/com/rocka/framemvvm/viewmodel/MainViewModel.java,com.rocka.framemvvm.viewmodel.MainViewModel,onLoadWeatherSuccess/1[com.rocka.framemvvm.model.bean.WeatherBean],mActivityMainBinding,1
/home/arch_design_predict/download-github-repos/mvvm/repos/FrameAndroid-master/FrameMVVM/src/main/java/com/rocka/framemvvm/viewmodel/MainViewModel.java,com.rocka.framemvvm.viewmodel.MainViewModel,onLoadWeatherSuccess/1[com.rocka.framemvvm.model.bean.WeatherBean],bean,3
/home/arch_design_predict/download-github-repos/mvvm/repos/FrameAndroid-master/FrameMVVM/src/main/java/com/rocka/framemvvm/viewmodel/MainViewModel.java,com.rocka.framemvvm.viewmodel.MainViewModel,request/1[com.rocka.framemvvm.viewmodel.View],mWeatherModel,1
/home/arch_design_predict/download-github-repos/mvvm/repos/FrameAndroid-master/FrameMVVM/src/main/java/com/rocka/framemvvm/viewmodel/MainViewModel.java,com.rocka.framemvvm.viewmodel.MainViewModel,MainViewModel/1[com.rocka.framemvvm.viewmodel.ActivityMainBinding],mActivityMainBinding,1
/home/arch_design_predict/download-github-repos/mvvm/repos/FrameAndroid-master/FrameMVVM/src/main/java/com/rocka/framemvvm/viewmodel/MainViewModel.java,com.rocka.framemvvm.viewmodel.MainViewModel,init/0,mWeatherModel,2
/home/arch_design_predict/download-github-repos/mvvm/repos/FrameAndroid-master/FrameMVVM/src/main/java/com/rocka/framemvvm/viewmodel/MainViewModel.java,com.rocka.framemvvm.viewmodel.MainViewModel,init/0,mActivityMainBinding,1
/home/arch_design_predict/download-github-repos/mvvm/repos/FrameAndroid-master/FrameMVVM/src/main/java/com/rocka/framemvvm/viewmodel/MainViewModel.java,com.rocka.framemvvm.viewmodel.MainViewModel,init/0,bean,1
/home/arch_design_predict/download-github-repos/mvvm/repos/FrameAndroid-master/FrameMVVM/src/main/java/com/rocka/framemvvm/model/bean/WeatherBean.java,com.rocka.framemvvm.model.bean.WeatherBean,setTime/1[java.lang.String],time,3
/home/arch_design_predict/download-github-repos/mvvm/repos/FrameAndroid-master/FrameMVVM/src/main/java/com/rocka/framemvvm/model/bean/WeatherBean.java,com.rocka.framemvvm.model.bean.WeatherBean,getTemp/0,temp,1
/home/arch_design_predict/download-github-repos/mvvm/repos/FrameAndroid-master/FrameMVVM/src/main/java/com/rocka/framemvvm/model/bean/WeatherBean.java,com.rocka.framemvvm.model.bean.WeatherBean,setCity/1[java.lang.String],city,3
/home/arch_design_predict/download-github-repos/mvvm/repos/FrameAndroid-master/FrameMVVM/src/main/java/com/rocka/framemvvm/model/bean/WeatherBean.java,com.rocka.framemvvm.model.bean.WeatherBean,getCity/0,city,1
/home/arch_design_predict/download-github-repos/mvvm/repos/FrameAndroid-master/FrameMVVM/src/main/java/com/rocka/framemvvm/model/bean/WeatherBean.java,com.rocka.framemvvm.model.bean.WeatherBean,getTime/0,time,1
/home/arch_design_predict/download-github-repos/mvvm/repos/FrameAndroid-master/FrameMVVM/src/main/java/com/rocka/framemvvm/model/bean/WeatherBean.java,com.rocka.framemvvm.model.bean.WeatherBean,setTemp/1[java.lang.String],temp,3
/home/arch_design_predict/download-github-repos/mvvm/repos/FrameAndroid-master/FrameMVVM/src/main/java/com/rocka/framemvvm/model/other/HttpTask.java,com.rocka.framemvvm.model.other.HttpTask,path/1[java.lang.String],mPath,1
/home/arch_design_predict/download-github-repos/mvvm/repos/FrameAndroid-master/FrameMVC/src/main/java/com/rocka/framemvc/model/other/HttpTask.java,com.rocka.framemvc.model.other.HttpTask,path/1[java.lang.String],mPath,1
/home/arch_design_predict/download-github-repos/mvvm/repos/FrameAndroid-master/FrameMVP/src/main/java/com/rocka/framemvp/presenter/weather/WeatherPresenter.java,com.rocka.framemvp.presenter.weather.WeatherPresenter,start/0,mWeatherView,1
/home/arch_design_predict/download-github-repos/mvvm/repos/FrameAndroid-master/FrameMVP/src/main/java/com/rocka/framemvp/presenter/weather/WeatherPresenter.java,com.rocka.framemvp.presenter.weather.WeatherPresenter,"WeatherPresenter/2[com.rocka.framemvp.model.repository.WeatherModelImpl,com.rocka.framemvp.presenter.weather.WeatherContract.View]",mWeatherModel,2
/home/arch_design_predict/download-github-repos/mvvm/repos/FrameAndroid-master/FrameMVP/src/main/java/com/rocka/framemvp/presenter/weather/WeatherPresenter.java,com.rocka.framemvp.presenter.weather.WeatherPresenter,"WeatherPresenter/2[com.rocka.framemvp.model.repository.WeatherModelImpl,com.rocka.framemvp.presenter.weather.WeatherContract.View]",mWeatherView,1
/home/arch_design_predict/download-github-repos/mvvm/repos/FrameAndroid-master/FrameMVP/src/main/java/com/rocka/framemvp/presenter/weather/WeatherPresenter.java,com.rocka.framemvp.presenter.weather.WeatherPresenter,onLoadWeatherFailed/0,mWeatherView,1
/home/arch_design_predict/download-github-repos/mvvm/repos/FrameAndroid-master/FrameMVP/src/main/java/com/rocka/framemvp/presenter/weather/WeatherPresenter.java,com.rocka.framemvp.presenter.weather.WeatherPresenter,getWeatherInfo/0,mWeatherModel,2
/home/arch_design_predict/download-github-repos/mvvm/repos/FrameAndroid-master/FrameMVP/src/main/java/com/rocka/framemvp/presenter/weather/WeatherPresenter.java,com.rocka.framemvp.presenter.weather.WeatherPresenter,onLoadWeatherSuccess/1[com.rocka.framemvp.model.bean.WeatherBean],mWeatherView,2
