file,class,method,variable,usage
/home/arch_design_predict/download-github-repos/mvp/repos/MVP_Architecture-master/app/src/main/java/com/yueyue/mvp_architecture/main/MainModel.java,com.yueyue.mvp_architecture.main.MainModel,setWeatherinfo/1[com.yueyue.mvp_architecture.main.MainModel.WeatherinfoBean],weatherinfo,3
/home/arch_design_predict/download-github-repos/mvp/repos/MVP_Architecture-master/app/src/main/java/com/yueyue/mvp_architecture/main/MainModel.java,com.yueyue.mvp_architecture.main.MainModel,getWeatherinfo/0,weatherinfo,1
/home/arch_design_predict/download-github-repos/mvp/repos/MVP_Architecture-master/app/src/main/java/com/yueyue/mvp_architecture/main/MainModel.java,com.yueyue.mvp_architecture.main.MainModel$WeatherinfoBean,setCityid/1[java.lang.String],cityid,3
/home/arch_design_predict/download-github-repos/mvp/repos/MVP_Architecture-master/app/src/main/java/com/yueyue/mvp_architecture/main/MainModel.java,com.yueyue.mvp_architecture.main.MainModel$WeatherinfoBean,setQy/1[java.lang.String],qy,3
/home/arch_design_predict/download-github-repos/mvp/repos/MVP_Architecture-master/app/src/main/java/com/yueyue/mvp_architecture/main/MainModel.java,com.yueyue.mvp_architecture.main.MainModel$WeatherinfoBean,setNjd/1[java.lang.String],njd,3
/home/arch_design_predict/download-github-repos/mvp/repos/MVP_Architecture-master/app/src/main/java/com/yueyue/mvp_architecture/main/MainModel.java,com.yueyue.mvp_architecture.main.MainModel$WeatherinfoBean,setCity/1[java.lang.String],city,3
/home/arch_design_predict/download-github-repos/mvp/repos/MVP_Architecture-master/app/src/main/java/com/yueyue/mvp_architecture/main/MainModel.java,com.yueyue.mvp_architecture.main.MainModel$WeatherinfoBean,getWSE/0,WSE,1
/home/arch_design_predict/download-github-repos/mvp/repos/MVP_Architecture-master/app/src/main/java/com/yueyue/mvp_architecture/main/MainModel.java,com.yueyue.mvp_architecture.main.MainModel$WeatherinfoBean,getTemp/0,temp,1
/home/arch_design_predict/download-github-repos/mvp/repos/MVP_Architecture-master/app/src/main/java/com/yueyue/mvp_architecture/main/MainModel.java,com.yueyue.mvp_architecture.main.MainModel$WeatherinfoBean,setWSE/1[java.lang.String],WSE,3
/home/arch_design_predict/download-github-repos/mvp/repos/MVP_Architecture-master/app/src/main/java/com/yueyue/mvp_architecture/main/MainModel.java,com.yueyue.mvp_architecture.main.MainModel$WeatherinfoBean,setWS/1[java.lang.String],WS,3
/home/arch_design_predict/download-github-repos/mvp/repos/MVP_Architecture-master/app/src/main/java/com/yueyue/mvp_architecture/main/MainModel.java,com.yueyue.mvp_architecture.main.MainModel$WeatherinfoBean,getTime/0,time,1
/home/arch_design_predict/download-github-repos/mvp/repos/MVP_Architecture-master/app/src/main/java/com/yueyue/mvp_architecture/main/MainModel.java,com.yueyue.mvp_architecture.main.MainModel$WeatherinfoBean,getCityid/0,cityid,1
/home/arch_design_predict/download-github-repos/mvp/repos/MVP_Architecture-master/app/src/main/java/com/yueyue/mvp_architecture/main/MainModel.java,com.yueyue.mvp_architecture.main.MainModel$WeatherinfoBean,getNjd/0,njd,1
/home/arch_design_predict/download-github-repos/mvp/repos/MVP_Architecture-master/app/src/main/java/com/yueyue/mvp_architecture/main/MainModel.java,com.yueyue.mvp_architecture.main.MainModel$WeatherinfoBean,getIsRadar/0,isRadar,1
/home/arch_design_predict/download-github-repos/mvp/repos/MVP_Architecture-master/app/src/main/java/com/yueyue/mvp_architecture/main/MainModel.java,com.yueyue.mvp_architecture.main.MainModel$WeatherinfoBean,getSD/0,SD,1
/home/arch_design_predict/download-github-repos/mvp/repos/MVP_Architecture-master/app/src/main/java/com/yueyue/mvp_architecture/main/MainModel.java,com.yueyue.mvp_architecture.main.MainModel$WeatherinfoBean,setTime/1[java.lang.String],time,3
/home/arch_design_predict/download-github-repos/mvp/repos/MVP_Architecture-master/app/src/main/java/com/yueyue/mvp_architecture/main/MainModel.java,com.yueyue.mvp_architecture.main.MainModel$WeatherinfoBean,setRadar/1[java.lang.String],Radar,3
/home/arch_design_predict/download-github-repos/mvp/repos/MVP_Architecture-master/app/src/main/java/com/yueyue/mvp_architecture/main/MainModel.java,com.yueyue.mvp_architecture.main.MainModel$WeatherinfoBean,getRadar/0,Radar,1
/home/arch_design_predict/download-github-repos/mvp/repos/MVP_Architecture-master/app/src/main/java/com/yueyue/mvp_architecture/main/MainModel.java,com.yueyue.mvp_architecture.main.MainModel$WeatherinfoBean,getQy/0,qy,1
/home/arch_design_predict/download-github-repos/mvp/repos/MVP_Architecture-master/app/src/main/java/com/yueyue/mvp_architecture/main/MainModel.java,com.yueyue.mvp_architecture.main.MainModel$WeatherinfoBean,setSD/1[java.lang.String],SD,3
/home/arch_design_predict/download-github-repos/mvp/repos/MVP_Architecture-master/app/src/main/java/com/yueyue/mvp_architecture/main/MainModel.java,com.yueyue.mvp_architecture.main.MainModel$WeatherinfoBean,getWD/0,WD,1
/home/arch_design_predict/download-github-repos/mvp/repos/MVP_Architecture-master/app/src/main/java/com/yueyue/mvp_architecture/main/MainModel.java,com.yueyue.mvp_architecture.main.MainModel$WeatherinfoBean,getCity/0,city,1
/home/arch_design_predict/download-github-repos/mvp/repos/MVP_Architecture-master/app/src/main/java/com/yueyue/mvp_architecture/main/MainModel.java,com.yueyue.mvp_architecture.main.MainModel$WeatherinfoBean,setTemp/1[java.lang.String],temp,3
/home/arch_design_predict/download-github-repos/mvp/repos/MVP_Architecture-master/app/src/main/java/com/yueyue/mvp_architecture/main/MainModel.java,com.yueyue.mvp_architecture.main.MainModel$WeatherinfoBean,setWD/1[java.lang.String],WD,3
/home/arch_design_predict/download-github-repos/mvp/repos/MVP_Architecture-master/app/src/main/java/com/yueyue/mvp_architecture/main/MainModel.java,com.yueyue.mvp_architecture.main.MainModel$WeatherinfoBean,getWS/0,WS,1
/home/arch_design_predict/download-github-repos/mvp/repos/MVP_Architecture-master/app/src/main/java/com/yueyue/mvp_architecture/main/MainModel.java,com.yueyue.mvp_architecture.main.MainModel$WeatherinfoBean,setIsRadar/1[java.lang.String],isRadar,3
/home/arch_design_predict/download-github-repos/mvp/repos/MVP_Architecture-master/app/src/main/java/com/yueyue/mvp_architecture/retrofit/ApiClient.java,com.yueyue.mvp_architecture.retrofit.ApiClient,retrofit/0,mRetrofit,3
/home/arch_design_predict/download-github-repos/mvp/repos/MVP_Architecture-master/mvp_old/src/main/java/com/yueyue/mvp_old/ui/MainActivity.java,com.yueyue.mvp_old.ui.MainActivity,onDestroy/0,mMainPresenter,1
/home/arch_design_predict/download-github-repos/mvp/repos/MVP_Architecture-master/mvp_old/src/main/java/com/yueyue/mvp_old/ui/MainActivity.java,com.yueyue.mvp_old.ui.MainActivity,onDestroy/0,mHandler,2
/home/arch_design_predict/download-github-repos/mvp/repos/MVP_Architecture-master/mvp_old/src/main/java/com/yueyue/mvp_old/ui/MainActivity.java,com.yueyue.mvp_old.ui.MainActivity,showData/1[com.yueyue.mvp_old.modle.MainModelBean],mTvtext,1
/home/arch_design_predict/download-github-repos/mvp/repos/MVP_Architecture-master/mvp_old/src/main/java/com/yueyue/mvp_old/ui/MainActivity.java,com.yueyue.mvp_old.ui.MainActivity,initView/0,mMainPresenter,1
/home/arch_design_predict/download-github-repos/mvp/repos/MVP_Architecture-master/mvp_old/src/main/java/com/yueyue/mvp_old/ui/MainActivity.java,com.yueyue.mvp_old.ui.MainActivity,initView/0,mProgressBar,1
/home/arch_design_predict/download-github-repos/mvp/repos/MVP_Architecture-master/mvp_old/src/main/java/com/yueyue/mvp_old/ui/MainActivity.java,com.yueyue.mvp_old.ui.MainActivity,initView/0,mBtnLoad,1
/home/arch_design_predict/download-github-repos/mvp/repos/MVP_Architecture-master/mvp_old/src/main/java/com/yueyue/mvp_old/ui/MainActivity.java,com.yueyue.mvp_old.ui.MainActivity,initView/0,mTvtext,1
/home/arch_design_predict/download-github-repos/mvp/repos/MVP_Architecture-master/mvp_old/src/main/java/com/yueyue/mvp_old/ui/MainActivity.java,com.yueyue.mvp_old.ui.MainActivity,initData/0,mMainPresenter,1
/home/arch_design_predict/download-github-repos/mvp/repos/MVP_Architecture-master/mvp_old/src/main/java/com/yueyue/mvp_old/ui/MainActivity.java,com.yueyue.mvp_old.ui.MainActivity,initData/0,mHandler,2
/home/arch_design_predict/download-github-repos/mvp/repos/MVP_Architecture-master/mvp_old/src/main/java/com/yueyue/mvp_old/ui/MainActivity.java,com.yueyue.mvp_old.ui.MainActivity,hideProgress/0,mProgressBar,1
/home/arch_design_predict/download-github-repos/mvp/repos/MVP_Architecture-master/mvp_old/src/main/java/com/yueyue/mvp_old/ui/MainActivity.java,com.yueyue.mvp_old.ui.MainActivity,initListener/0,mMainPresenter,1
/home/arch_design_predict/download-github-repos/mvp/repos/MVP_Architecture-master/mvp_old/src/main/java/com/yueyue/mvp_old/ui/MainActivity.java,com.yueyue.mvp_old.ui.MainActivity,initListener/0,mBtnLoad,1
/home/arch_design_predict/download-github-repos/mvp/repos/MVP_Architecture-master/mvp_old/src/main/java/com/yueyue/mvp_old/ui/MainActivity.java,com.yueyue.mvp_old.ui.MainActivity,showProgress/0,mProgressBar,1
/home/arch_design_predict/download-github-repos/mvp/repos/MVP_Architecture-master/app/src/main/java/com/yueyue/mvp_architecture/ui/BaseFragment.java,com.yueyue.mvp_architecture.ui.BaseFragment,toastShow/1[java.lang.String],mActivity,1
/home/arch_design_predict/download-github-repos/mvp/repos/MVP_Architecture-master/app/src/main/java/com/yueyue/mvp_architecture/ui/BaseFragment.java,com.yueyue.mvp_architecture.ui.BaseFragment,toastShow/1[int],mActivity,1
/home/arch_design_predict/download-github-repos/mvp/repos/MVP_Architecture-master/app/src/main/java/com/yueyue/mvp_architecture/ui/BaseFragment.java,com.yueyue.mvp_architecture.ui.BaseFragment,onUnsubscribe/0,mCompositeDisposable,2
/home/arch_design_predict/download-github-repos/mvp/repos/MVP_Architecture-master/app/src/main/java/com/yueyue/mvp_architecture/ui/BaseFragment.java,com.yueyue.mvp_architecture.ui.BaseFragment,addSubscription/1[com.yueyue.mvp_architecture.ui.DisposableObserver],mCompositeDisposable,3
/home/arch_design_predict/download-github-repos/mvp/repos/MVP_Architecture-master/app/src/main/java/com/yueyue/mvp_architecture/ui/BaseFragment.java,com.yueyue.mvp_architecture.ui.BaseFragment,"onViewCreated/2[com.yueyue.mvp_architecture.ui.View,com.yueyue.mvp_architecture.ui.Bundle]",mActivity,1
/home/arch_design_predict/download-github-repos/mvp/repos/MVP_Architecture-master/mvp_old/src/main/java/com/yueyue/mvp_old/modle/MainModel.java,com.yueyue.mvp_old.modle.MainModel,MainModel/1[com.yueyue.mvp_old.presenter.IMainPresenter],mIMainPresenter,1
/home/arch_design_predict/download-github-repos/mvp/repos/MVP_Architecture-master/app/src/main/java/com/yueyue/mvp_architecture/ui/BaseActivity.java,com.yueyue.mvp_architecture.ui.BaseActivity,"setContentView/2[com.yueyue.mvp_architecture.ui.View,ViewGroup.LayoutParams]",mActivity,1
/home/arch_design_predict/download-github-repos/mvp/repos/MVP_Architecture-master/app/src/main/java/com/yueyue/mvp_architecture/ui/BaseActivity.java,com.yueyue.mvp_architecture.ui.BaseActivity,addSubscription/1[com.yueyue.mvp_architecture.ui.Disposable],mCompositeDisposable,3
/home/arch_design_predict/download-github-repos/mvp/repos/MVP_Architecture-master/app/src/main/java/com/yueyue/mvp_architecture/ui/BaseActivity.java,com.yueyue.mvp_architecture.ui.BaseActivity,"addSubscription/2[com.yueyue.mvp_architecture.ui.Observable<T>,com.yueyue.mvp_architecture.ui.DisposableObserver<T>]",mCompositeDisposable,3
/home/arch_design_predict/download-github-repos/mvp/repos/MVP_Architecture-master/app/src/main/java/com/yueyue/mvp_architecture/ui/BaseActivity.java,com.yueyue.mvp_architecture.ui.BaseActivity,setContentView/1[int],mActivity,1
/home/arch_design_predict/download-github-repos/mvp/repos/MVP_Architecture-master/app/src/main/java/com/yueyue/mvp_architecture/ui/BaseActivity.java,com.yueyue.mvp_architecture.ui.BaseActivity,showProgressDialog/1[java.lang.CharSequence],mActivity,1
/home/arch_design_predict/download-github-repos/mvp/repos/MVP_Architecture-master/app/src/main/java/com/yueyue/mvp_architecture/ui/BaseActivity.java,com.yueyue.mvp_architecture.ui.BaseActivity,showProgressDialog/1[java.lang.CharSequence],progressDialog,4
/home/arch_design_predict/download-github-repos/mvp/repos/MVP_Architecture-master/app/src/main/java/com/yueyue/mvp_architecture/ui/BaseActivity.java,com.yueyue.mvp_architecture.ui.BaseActivity,addCalls/1[com.yueyue.mvp_architecture.ui.Call],calls,3
/home/arch_design_predict/download-github-repos/mvp/repos/MVP_Architecture-master/app/src/main/java/com/yueyue/mvp_architecture/ui/BaseActivity.java,com.yueyue.mvp_architecture.ui.BaseActivity,toastShow/1[int],mActivity,1
/home/arch_design_predict/download-github-repos/mvp/repos/MVP_Architecture-master/app/src/main/java/com/yueyue/mvp_architecture/ui/BaseActivity.java,com.yueyue.mvp_architecture.ui.BaseActivity,toastShow/1[java.lang.String],mActivity,1
/home/arch_design_predict/download-github-repos/mvp/repos/MVP_Architecture-master/app/src/main/java/com/yueyue/mvp_architecture/ui/BaseActivity.java,com.yueyue.mvp_architecture.ui.BaseActivity,onUnsubscribe/0,mCompositeDisposable,2
/home/arch_design_predict/download-github-repos/mvp/repos/MVP_Architecture-master/app/src/main/java/com/yueyue/mvp_architecture/ui/BaseActivity.java,com.yueyue.mvp_architecture.ui.BaseActivity,setContentView/1[com.yueyue.mvp_architecture.ui.View],mActivity,1
/home/arch_design_predict/download-github-repos/mvp/repos/MVP_Architecture-master/app/src/main/java/com/yueyue/mvp_architecture/ui/BaseActivity.java,com.yueyue.mvp_architecture.ui.BaseActivity,callCancel/0,calls,4
/home/arch_design_predict/download-github-repos/mvp/repos/MVP_Architecture-master/app/src/main/java/com/yueyue/mvp_architecture/ui/BaseActivity.java,com.yueyue.mvp_architecture.ui.BaseActivity,dismissProgressDialog/0,progressDialog,3
/home/arch_design_predict/download-github-repos/mvp/repos/MVP_Architecture-master/mvp_old/src/main/java/com/yueyue/mvp_old/modle/MainModelBean.java,com.yueyue.mvp_old.modle.MainModelBean,getCity/0,city,1
/home/arch_design_predict/download-github-repos/mvp/repos/MVP_Architecture-master/mvp_old/src/main/java/com/yueyue/mvp_old/modle/MainModelBean.java,com.yueyue.mvp_old.modle.MainModelBean,getWs/0,ws,1
/home/arch_design_predict/download-github-repos/mvp/repos/MVP_Architecture-master/mvp_old/src/main/java/com/yueyue/mvp_old/modle/MainModelBean.java,com.yueyue.mvp_old.modle.MainModelBean,setWd/1[java.lang.String],wd,3
/home/arch_design_predict/download-github-repos/mvp/repos/MVP_Architecture-master/mvp_old/src/main/java/com/yueyue/mvp_old/modle/MainModelBean.java,com.yueyue.mvp_old.modle.MainModelBean,getTime/0,time,1
/home/arch_design_predict/download-github-repos/mvp/repos/MVP_Architecture-master/mvp_old/src/main/java/com/yueyue/mvp_old/modle/MainModelBean.java,com.yueyue.mvp_old.modle.MainModelBean,setCity/1[java.lang.String],city,3
/home/arch_design_predict/download-github-repos/mvp/repos/MVP_Architecture-master/mvp_old/src/main/java/com/yueyue/mvp_old/modle/MainModelBean.java,com.yueyue.mvp_old.modle.MainModelBean,getWd/0,wd,1
/home/arch_design_predict/download-github-repos/mvp/repos/MVP_Architecture-master/mvp_old/src/main/java/com/yueyue/mvp_old/modle/MainModelBean.java,com.yueyue.mvp_old.modle.MainModelBean,setWs/1[java.lang.String],ws,3
/home/arch_design_predict/download-github-repos/mvp/repos/MVP_Architecture-master/mvp_old/src/main/java/com/yueyue/mvp_old/modle/MainModelBean.java,com.yueyue.mvp_old.modle.MainModelBean,setTime/1[java.lang.String],time,3
/home/arch_design_predict/download-github-repos/mvp/repos/MVP_Architecture-master/app/src/main/java/com/yueyue/mvp_architecture/other/MvpActivity.java,com.yueyue.mvp_architecture.other.MvpActivity,onCreate/1[com.yueyue.mvp_architecture.other.Bundle],mvpPresenter,1
/home/arch_design_predict/download-github-repos/mvp/repos/MVP_Architecture-master/app/src/main/java/com/yueyue/mvp_architecture/other/MvpActivity.java,com.yueyue.mvp_architecture.other.MvpActivity,onDestroy/0,mvpPresenter,2
/home/arch_design_predict/download-github-repos/mvp/repos/MVP_Architecture-master/app/src/main/java/com/yueyue/mvp_architecture/ui/MainActivity.java,com.yueyue.mvp_architecture.ui.MainActivity,onCreate/1[com.yueyue.mvp_architecture.ui.Bundle],text,2
/home/arch_design_predict/download-github-repos/mvp/repos/MVP_Architecture-master/app/src/main/java/com/yueyue/mvp_architecture/ui/MainActivity.java,com.yueyue.mvp_architecture.ui.MainActivity,dataSuccess/1[com.yueyue.mvp_architecture.main.MainModel],text,1
/home/arch_design_predict/download-github-repos/mvp/repos/MVP_Architecture-master/mvp_old/src/main/java/com/yueyue/mvp_old/presenter/MainPresenter.java,com.yueyue.mvp_old.presenter.MainPresenter,loadData/0,mMainModel,1
/home/arch_design_predict/download-github-repos/mvp/repos/MVP_Architecture-master/mvp_old/src/main/java/com/yueyue/mvp_old/presenter/MainPresenter.java,com.yueyue.mvp_old.presenter.MainPresenter,loadData/0,mMainView,1
/home/arch_design_predict/download-github-repos/mvp/repos/MVP_Architecture-master/mvp_old/src/main/java/com/yueyue/mvp_old/presenter/MainPresenter.java,com.yueyue.mvp_old.presenter.MainPresenter,loadDataFailure/0,mMainView,1
/home/arch_design_predict/download-github-repos/mvp/repos/MVP_Architecture-master/mvp_old/src/main/java/com/yueyue/mvp_old/presenter/MainPresenter.java,com.yueyue.mvp_old.presenter.MainPresenter,loadDataSuccess/1[com.yueyue.mvp_old.modle.MainModelBean],mMainView,2
/home/arch_design_predict/download-github-repos/mvp/repos/MVP_Architecture-master/mvp_old/src/main/java/com/yueyue/mvp_old/presenter/MainPresenter.java,com.yueyue.mvp_old.presenter.MainPresenter,MainPresenter/1[com.yueyue.mvp_old.view.MainView],mMainModel,1
/home/arch_design_predict/download-github-repos/mvp/repos/MVP_Architecture-master/mvp_old/src/main/java/com/yueyue/mvp_old/presenter/MainPresenter.java,com.yueyue.mvp_old.presenter.MainPresenter,attachView/1[com.yueyue.mvp_old.view.MainView],mMainView,1
/home/arch_design_predict/download-github-repos/mvp/repos/MVP_Architecture-master/mvp_old/src/main/java/com/yueyue/mvp_old/presenter/MainPresenter.java,com.yueyue.mvp_old.presenter.MainPresenter,detachView/0,mMainView,1
/home/arch_design_predict/download-github-repos/mvp/repos/MVP_Architecture-master/mvp_old/src/main/java/com/yueyue/mvp_old/utils/ToastUtil.java,com.yueyue.mvp_old.utils.ToastUtil,setBg/0,sBgColor,3
/home/arch_design_predict/download-github-repos/mvp/repos/MVP_Architecture-master/mvp_old/src/main/java/com/yueyue/mvp_old/utils/ToastUtil.java,com.yueyue.mvp_old.utils.ToastUtil,setBg/0,COLOR_DEFAULT,1
/home/arch_design_predict/download-github-repos/mvp/repos/MVP_Architecture-master/mvp_old/src/main/java/com/yueyue/mvp_old/utils/ToastUtil.java,com.yueyue.mvp_old.utils.ToastUtil,setBg/0,sToast,1
/home/arch_design_predict/download-github-repos/mvp/repos/MVP_Architecture-master/mvp_old/src/main/java/com/yueyue/mvp_old/utils/ToastUtil.java,com.yueyue.mvp_old.utils.ToastUtil,setBg/0,sBgResource,2
/home/arch_design_predict/download-github-repos/mvp/repos/MVP_Architecture-master/mvp_old/src/main/java/com/yueyue/mvp_old/utils/ToastUtil.java,com.yueyue.mvp_old.utils.ToastUtil,"setGravity/3[int,int,int]",sGravity,1
/home/arch_design_predict/download-github-repos/mvp/repos/MVP_Architecture-master/mvp_old/src/main/java/com/yueyue/mvp_old/utils/ToastUtil.java,com.yueyue.mvp_old.utils.ToastUtil,"setGravity/3[int,int,int]",sYOffset,1
/home/arch_design_predict/download-github-repos/mvp/repos/MVP_Architecture-master/mvp_old/src/main/java/com/yueyue/mvp_old/utils/ToastUtil.java,com.yueyue.mvp_old.utils.ToastUtil,"setGravity/3[int,int,int]",sXOffset,1
/home/arch_design_predict/download-github-repos/mvp/repos/MVP_Architecture-master/mvp_old/src/main/java/com/yueyue/mvp_old/utils/ToastUtil.java,com.yueyue.mvp_old.utils.ToastUtil,setBgColor/1[int],sBgColor,1
/home/arch_design_predict/download-github-repos/mvp/repos/MVP_Architecture-master/mvp_old/src/main/java/com/yueyue/mvp_old/utils/ToastUtil.java,com.yueyue.mvp_old.utils.ToastUtil,setBgResource/1[int],sBgResource,1
/home/arch_design_predict/download-github-repos/mvp/repos/MVP_Architecture-master/mvp_old/src/main/java/com/yueyue/mvp_old/utils/ToastUtil.java,com.yueyue.mvp_old.utils.ToastUtil,cancel/0,sToast,3
/home/arch_design_predict/download-github-repos/mvp/repos/MVP_Architecture-master/mvp_old/src/main/java/com/yueyue/mvp_old/utils/ToastUtil.java,com.yueyue.mvp_old.utils.ToastUtil,"show/2[java.lang.CharSequence,int]",HANDLER,1
/home/arch_design_predict/download-github-repos/mvp/repos/MVP_Architecture-master/mvp_old/src/main/java/com/yueyue/mvp_old/utils/ToastUtil.java,com.yueyue.mvp_old.utils.ToastUtil,setMsgColor/1[int],sMsgColor,1
/home/arch_design_predict/download-github-repos/mvp/repos/MVP_Architecture-master/mvp_old/src/main/java/com/yueyue/mvp_old/utils/ToastUtil.java,com.yueyue.mvp_old.utils.ToastUtil,setBg/1[com.yueyue.mvp_old.utils.TextView],sBgColor,5
/home/arch_design_predict/download-github-repos/mvp/repos/MVP_Architecture-master/mvp_old/src/main/java/com/yueyue/mvp_old/utils/ToastUtil.java,com.yueyue.mvp_old.utils.ToastUtil,setBg/1[com.yueyue.mvp_old.utils.TextView],COLOR_DEFAULT,1
/home/arch_design_predict/download-github-repos/mvp/repos/MVP_Architecture-master/mvp_old/src/main/java/com/yueyue/mvp_old/utils/ToastUtil.java,com.yueyue.mvp_old.utils.ToastUtil,setBg/1[com.yueyue.mvp_old.utils.TextView],sToast,1
/home/arch_design_predict/download-github-repos/mvp/repos/MVP_Architecture-master/mvp_old/src/main/java/com/yueyue/mvp_old/utils/ToastUtil.java,com.yueyue.mvp_old.utils.ToastUtil,setBg/1[com.yueyue.mvp_old.utils.TextView],sBgResource,2
/home/arch_design_predict/download-github-repos/mvp/repos/MVP_Architecture-master/mvp_old/src/main/java/com/yueyue/mvp_old/utils/ToastUtil.java,com.yueyue.mvp_old.utils.ToastUtil,"show/2[com.yueyue.mvp_old.utils.View,int]",HANDLER,1
/home/arch_design_predict/download-github-repos/mvp/repos/MVP_Architecture-master/mvp_old/src/main/java/com/yueyue/mvp_old/App.java,com.yueyue.mvp_old.App,onCreate/0,sContext,1
/home/arch_design_predict/download-github-repos/mvp/repos/MVP_Architecture-master/mvp_old/src/main/java/com/yueyue/mvp_old/App.java,com.yueyue.mvp_old.App,getContext/0,sContext,1
/home/arch_design_predict/download-github-repos/mvp/repos/MVP_Architecture-master/app/src/main/java/com/yueyue/mvp_architecture/other/BasePresenter.java,com.yueyue.mvp_architecture.other.BasePresenter,detachView/0,mvpView,1
/home/arch_design_predict/download-github-repos/mvp/repos/MVP_Architecture-master/app/src/main/java/com/yueyue/mvp_architecture/other/BasePresenter.java,com.yueyue.mvp_architecture.other.BasePresenter,attachView/1[V],apiStores,1
/home/arch_design_predict/download-github-repos/mvp/repos/MVP_Architecture-master/app/src/main/java/com/yueyue/mvp_architecture/other/BasePresenter.java,com.yueyue.mvp_architecture.other.BasePresenter,attachView/1[V],mvpView,3
/home/arch_design_predict/download-github-repos/mvp/repos/MVP_Architecture-master/app/src/main/java/com/yueyue/mvp_architecture/other/BasePresenter.java,com.yueyue.mvp_architecture.other.BasePresenter,onUnSubscribe/0,mCompositeDisposable,2
/home/arch_design_predict/download-github-repos/mvp/repos/MVP_Architecture-master/app/src/main/java/com/yueyue/mvp_architecture/other/BasePresenter.java,com.yueyue.mvp_architecture.other.BasePresenter,"addSubscription/2[com.yueyue.mvp_architecture.other.Observable,com.yueyue.mvp_architecture.other.DisposableObserver]",mCompositeDisposable,3
