file,class,type,cbo,cboModified,fanin,fanout,wmc,dit,noc,rfc,lcom,lcom*,tcc,lcc,totalMethodsQty,staticMethodsQty,publicMethodsQty,privateMethodsQty,protectedMethodsQty,defaultMethodsQty,visibleMethodsQty,abstractMethodsQty,finalMethodsQty,synchronizedMethodsQty,totalFieldsQty,staticFieldsQty,publicFieldsQty,privateFieldsQty,protectedFieldsQty,defaultFieldsQty,finalFieldsQty,synchronizedFieldsQty,nosi,loc,returnQty,loopQty,comparisonsQty,tryCatchQty,parenthesizedExpsQty,stringLiteralsQty,numbersQty,assignmentsQty,mathOperationsQty,variablesQty,maxNestedBlocksQty,anonymousClassesQty,innerClassesQty,lambdasQty,uniqueWordsQty,modifiers,logStatementsQty
/home/arch_design_predict/download-github-repos/mvvm/repos/HarryPotter-master/app/src/test/java/com/neeraja/harrypotter/ExampleUnitTest.java,com.neeraja.harrypotter.ExampleUnitTest,class,1,1,0,1,1,1,0,1,0,0.0,NaN,NaN,1,0,1,0,0,0,1,0,0,0,0,0,0,0,0,0,0,0,0,5,0,0,0,0,0,0,3,0,1,0,0,0,0,0,22,1,0
/home/arch_design_predict/download-github-repos/mvvm/repos/HarryPotter-master/domain/src/test/java/com/neeraja/harrypotter/domain/utils/TestDataGenerator.java,com.neeraja.harrypotter.domain.utils.TestDataGenerator,class,3,6,3,3,3,1,0,1,3,0.0,0.0,0.0,3,3,3,0,0,0,3,0,0,0,0,0,0,0,0,0,0,0,0,18,3,0,0,0,0,56,4,5,0,5,0,0,0,0,24,1,0
/home/arch_design_predict/download-github-repos/mvvm/repos/HarryPotter-master/presentation/src/main/java/com/neeraja/harrypotter/presentation/mapper/MemberEntityMapper.java,com.neeraja.harrypotter.presentation.mapper.MemberEntityMapper,class,3,5,2,3,2,1,0,4,1,0.0,0.0,0.0,2,0,2,0,0,0,2,0,0,0,0,0,0,0,0,0,0,0,0,8,2,0,0,0,0,0,0,0,0,0,0,0,0,0,6,1,0
/home/arch_design_predict/download-github-repos/mvvm/repos/HarryPotter-master/app/build/generated/source/kapt/debug/com/neeraja/harrypotter/di/IdentityModule_ProvideApiKeyFactory.java,com.neeraja.harrypotter.di.IdentityModule_ProvideApiKeyFactory,class,3,5,2,3,4,1,0,3,0,0.25,0.5,0.5,4,2,4,0,0,0,4,0,0,0,1,0,0,1,0,0,1,0,1,15,3,0,0,0,0,3,0,1,0,1,0,0,0,0,16,17,0
/home/arch_design_predict/download-github-repos/mvvm/repos/HarryPotter-master/app/build/generated/source/kapt/debug/com/neeraja/harrypotter/remote/mapper/HouseDataNetworkMapper_Factory.java,com.neeraja.harrypotter.remote.mapper.HouseDataNetworkMapper_Factory$InstanceHolder,innerclass,1,1,0,1,0,1,0,0,0,NaN,-1.0,-1.0,0,0,0,0,0,0,0,0,0,0,1,1,0,1,0,0,1,0,0,3,0,0,0,0,0,0,0,1,0,1,0,0,0,0,15,26,0
/home/arch_design_predict/download-github-repos/mvvm/repos/HarryPotter-master/data/src/main/java/com/neeraja/harrypotter/data/mapper/HouseDomainDataMapper.java,com.neeraja.harrypotter.data.mapper.HouseDomainDataMapper,class,7,10,3,7,5,1,0,24,0,0.0,0.33333334,0.33333334,3,0,3,0,0,0,3,0,0,0,1,0,0,0,0,1,0,0,0,21,2,2,0,0,0,0,2,9,0,7,1,0,0,0,14,1,0
/home/arch_design_predict/download-github-repos/mvvm/repos/HarryPotter-master/app/build/tmp/kapt3/stubs/debug/com/neeraja/harrypotter/ui/houses/adapters/HousesAdapter.java,com.neeraja.harrypotter.ui.houses.adapters.HousesAdapter,class,8,9,1,8,5,2,0,0,10,0.9,0.0,0.0,5,0,5,0,0,0,5,0,1,0,2,0,0,2,0,0,2,0,0,27,2,0,0,0,0,26,8,2,0,2,0,0,2,0,30,17,0
/home/arch_design_predict/download-github-repos/mvvm/repos/HarryPotter-master/domain/src/test/java/com/neeraja/harrypotter/domain/usecases/GetHouseByIdTest.java,com.neeraja.harrypotter.domain.usecases.GetHouseByIdTest$Anonymous2,anonymous,1,1,0,1,3,1,0,3,1,0.0,0.0,0.0,2,0,2,0,0,0,2,0,1,0,0,0,0,0,0,0,0,0,0,9,2,0,1,0,0,0,0,1,0,1,0,0,0,0,11,-1,0
/home/arch_design_predict/download-github-repos/mvvm/repos/HarryPotter-master/domain/src/test/java/com/neeraja/harrypotter/domain/usecases/GetHouseByIdTest.java,com.neeraja.harrypotter.domain.usecases.GetHouseByIdTest$Anonymous1,anonymous,2,2,0,2,3,1,0,1,1,0.0,0.0,0.0,2,0,2,0,0,0,2,0,1,0,0,0,0,0,0,0,0,0,0,8,2,0,1,0,0,0,0,0,0,0,0,0,0,0,8,-1,0
/home/arch_design_predict/download-github-repos/mvvm/repos/HarryPotter-master/presentation/build/tmp/kapt3/stubs/debug/com/neeraja/harrypotter/presentation/mapper/Mapper.java,com.neeraja.harrypotter.presentation.mapper.Mapper,interface,3,11,8,3,2,1,0,0,1,0.0,0.0,0.0,2,0,2,0,0,0,2,2,0,0,0,0,0,0,0,0,0,0,0,4,0,0,0,0,0,11,7,0,0,0,0,0,0,0,15,1025,0
/home/arch_design_predict/download-github-repos/mvvm/repos/HarryPotter-master/app/build/generated/source/kapt/debug/com/neeraja/harrypotter/domain/usecases/GetAllHousesTask_Factory.java,com.neeraja.harrypotter.domain.usecases.GetAllHousesTask_Factory,class,6,8,2,6,4,1,0,2,0,0.25,0.5,0.5,4,2,4,0,0,0,4,0,0,0,3,0,0,3,0,0,3,0,1,19,3,0,0,0,0,2,0,3,0,3,0,0,0,0,17,17,0
/home/arch_design_predict/download-github-repos/mvvm/repos/HarryPotter-master/app/build/generated/source/kapt/debug/com/neeraja/harrypotter/presentation/viewmodels/HouseDetailViewModel_Factory.java,com.neeraja.harrypotter.presentation.viewmodels.HouseDetailViewModel_Factory,class,8,10,2,8,4,1,0,2,0,0.25,0.5,0.5,4,2,4,0,0,0,4,0,0,0,3,0,0,3,0,0,3,0,1,19,3,0,0,0,0,2,0,3,0,3,0,0,0,0,18,17,0
/home/arch_design_predict/download-github-repos/mvvm/repos/HarryPotter-master/app/build/generated/source/kapt/debug/com/neeraja/harrypotter/di/AppModule_ContributesHousesActivity$app_debug.java,com.neeraja.harrypotter.di.AppModule_ContributesHousesActivity$app_debug,class,6,6,0,6,2,1,0,0,1,0.0,NaN,NaN,2,0,0,1,0,1,1,1,0,0,0,0,0,0,0,0,0,0,0,9,0,0,0,0,0,0,0,0,0,0,0,0,1,0,6,1025,0
/home/arch_design_predict/download-github-repos/mvvm/repos/HarryPotter-master/domain/src/main/java/com/neeraja/harrypotter/domain/usecases/GetCharacterByIdTask.java,com.neeraja.harrypotter.domain.usecases.GetCharacterByIdTask$Params,innerclass,0,0,0,0,1,1,0,0,0,0.0,NaN,NaN,1,0,1,0,0,0,1,0,0,0,2,0,2,0,0,0,0,0,0,8,0,0,0,0,0,0,0,2,0,2,0,0,0,0,5,9,0
/home/arch_design_predict/download-github-repos/mvvm/repos/HarryPotter-master/app/build/generated/source/kapt/debug/com/neeraja/harrypotter/data/mapper/CharacterDomainDataMapper_Factory.java,com.neeraja.harrypotter.data.mapper.CharacterDomainDataMapper_Factory$InstanceHolder,innerclass,1,1,0,1,0,1,0,0,0,NaN,-1.0,-1.0,0,0,0,0,0,0,0,0,0,0,1,1,0,1,0,0,1,0,0,3,0,0,0,0,0,0,0,1,0,1,0,0,0,0,15,26,0
/home/arch_design_predict/download-github-repos/mvvm/repos/HarryPotter-master/app/build/generated/source/kapt/debug/com/neeraja/harrypotter/di/RemoteModule_ProvidesHarryPotterServiceFactory.java,com.neeraja.harrypotter.di.RemoteModule_ProvidesHarryPotterServiceFactory,class,6,8,2,6,4,1,0,4,0,0.25,0.5,0.5,4,2,4,0,0,0,4,0,0,0,2,0,0,2,0,0,2,0,1,17,3,0,0,0,0,3,0,2,0,2,0,0,0,0,19,17,0
/home/arch_design_predict/download-github-repos/mvvm/repos/HarryPotter-master/data/src/test/java/com/neeraja/harrypotter/data/utils/TestDataGenerator.java,com.neeraja.harrypotter.data.utils.TestDataGenerator,class,3,3,0,3,3,1,0,1,3,0.0,0.0,0.0,3,3,3,0,0,0,3,0,0,0,0,0,0,0,0,0,0,0,0,18,3,0,0,0,0,56,4,5,0,5,0,0,0,0,23,1,0
/home/arch_design_predict/download-github-repos/mvvm/repos/HarryPotter-master/data/src/main/java/com/neeraja/harrypotter/data/models/HouseData.java,com.neeraja.harrypotter.data.models.HouseData,class,1,11,10,1,24,1,0,1,168,0.83712125,0.19565217,1.0,24,0,24,0,0,0,24,0,0,0,11,0,0,11,0,0,0,0,3,95,12,0,0,0,0,11,0,22,2,11,0,0,0,0,30,1,0
/home/arch_design_predict/download-github-repos/mvvm/repos/HarryPotter-master/presentation/build/tmp/kapt3/stubs/debug/com/neeraja/harrypotter/presentation/models/Resource.java,com.neeraja.harrypotter.presentation.models.Resource$Companion,innerclass,5,5,0,5,4,1,0,0,6,0.0,0.0,0.0,4,0,3,1,0,0,3,0,3,0,0,0,0,0,0,0,0,0,0,14,3,0,0,0,0,15,7,0,0,0,0,0,0,0,17,25,0
/home/arch_design_predict/download-github-repos/mvvm/repos/HarryPotter-master/app/build/generated/source/kapt/debug/com/neeraja/harrypotter/presentation/viewmodels/HousesViewModel_Factory.java,com.neeraja.harrypotter.presentation.viewmodels.HousesViewModel_Factory,class,7,9,2,7,4,1,0,2,0,0.25,0.5,0.5,4,2,4,0,0,0,4,0,0,0,4,0,0,4,0,0,4,0,1,21,3,0,0,0,0,2,0,4,0,4,0,0,0,0,21,17,0
/home/arch_design_predict/download-github-repos/mvvm/repos/HarryPotter-master/presentation/src/androidTest/java/com/neeraja/harrypotter/presentation/ExampleInstrumentedTest.java,com.neeraja.harrypotter.presentation.ExampleInstrumentedTest,class,4,4,0,4,1,1,0,4,0,0.0,NaN,NaN,1,0,1,0,0,0,1,0,0,0,0,0,0,0,0,0,0,0,0,6,0,0,0,0,0,1,0,1,0,1,0,0,0,0,19,1,0
/home/arch_design_predict/download-github-repos/mvvm/repos/HarryPotter-master/data/src/main/java/com/neeraja/harrypotter/data/repository/HogwartsRepositoryImpl.java,com.neeraja.harrypotter.data.repository.HogwartsRepositoryImpl$Anonymous1,anonymous,4,4,0,4,3,1,0,3,1,0.0,0.0,0.0,2,0,2,0,0,0,2,0,1,0,0,0,0,0,0,0,0,0,0,12,2,1,0,0,0,0,0,1,0,1,1,0,0,0,11,-1,0
/home/arch_design_predict/download-github-repos/mvvm/repos/HarryPotter-master/data/src/main/java/com/neeraja/harrypotter/data/repository/HogwartsRepositoryImpl.java,com.neeraja.harrypotter.data.repository.HogwartsRepositoryImpl$Anonymous2,anonymous,4,4,0,4,2,1,0,2,1,0.0,0.0,0.0,2,0,2,0,0,0,2,0,1,0,0,0,0,0,0,0,0,0,0,9,2,0,0,0,0,0,0,1,0,1,0,0,0,0,9,-1,0
/home/arch_design_predict/download-github-repos/mvvm/repos/HarryPotter-master/app/build/generated/source/kapt/debug/com/neeraja/harrypotter/ui/houses/fragments/HousesFragment_MembersInjector.java,com.neeraja.harrypotter.ui.houses.fragments.HousesFragment_MembersInjector,class,7,9,2,7,5,1,0,4,4,0.4,0.3,0.3,5,3,5,0,0,0,5,0,0,0,3,0,0,3,0,0,3,0,2,24,1,0,0,0,0,4,0,5,0,3,0,0,0,0,16,17,0
/home/arch_design_predict/download-github-repos/mvvm/repos/HarryPotter-master/data/src/androidTest/java/com/neeraja/harrypotter/data/ExampleInstrumentedTest.java,com.neeraja.harrypotter.data.ExampleInstrumentedTest,class,4,4,0,4,1,1,0,4,0,0.0,NaN,NaN,1,0,1,0,0,0,1,0,0,0,0,0,0,0,0,0,0,0,0,6,0,0,0,0,0,1,0,1,0,1,0,0,0,0,19,1,0
/home/arch_design_predict/download-github-repos/mvvm/repos/HarryPotter-master/presentation/build/tmp/kapt3/stubs/debug/com/neeraja/harrypotter/presentation/models/Character.java,com.neeraja.harrypotter.presentation.models.Character,class,4,9,5,4,25,1,0,0,298,0.91999996,0.0033333334,0.0033333334,25,0,25,0,0,0,25,0,21,0,10,0,0,10,0,0,10,0,0,87,24,0,0,0,0,46,11,10,0,10,0,0,0,0,58,17,0
/home/arch_design_predict/download-github-repos/mvvm/repos/HarryPotter-master/app/build/generated/source/kapt/debug/com/neeraja/harrypotter/di/DaggerHarryPotterAppComponent.java,com.neeraja.harrypotter.di.DaggerHarryPotterAppComponent$HousesActivitySubcomponentImpl,innerclass,5,5,0,5,3,1,0,5,3,0.0,NaN,NaN,3,0,1,2,0,0,1,0,0,0,0,0,0,0,0,0,0,0,2,12,1,0,0,0,0,0,0,0,0,0,0,0,0,0,7,18,0
/home/arch_design_predict/download-github-repos/mvvm/repos/HarryPotter-master/app/build/generated/source/kapt/debug/com/neeraja/harrypotter/presentation/mapper/CharacterEntityMapper_Factory.java,com.neeraja.harrypotter.presentation.mapper.CharacterEntityMapper_Factory$InstanceHolder,innerclass,1,1,0,1,0,1,0,0,0,NaN,-1.0,-1.0,0,0,0,0,0,0,0,0,0,0,1,1,0,1,0,0,1,0,0,3,0,0,0,0,0,0,0,1,0,1,0,0,0,0,14,26,0
/home/arch_design_predict/download-github-repos/mvvm/repos/HarryPotter-master/domain/src/test/java/com/neeraja/harrypotter/domain/usecases/GetHousesTest.java,com.neeraja.harrypotter.domain.usecases.GetHousesTest,class,12,12,0,12,4,1,0,13,0,0.125,1.0,1.0,4,0,4,0,0,0,4,0,0,0,2,0,0,2,0,0,0,0,1,43,0,0,0,0,2,3,0,8,0,9,0,2,0,0,25,1,0
/home/arch_design_predict/download-github-repos/mvvm/repos/HarryPotter-master/domain/src/test/java/com/neeraja/harrypotter/domain/usecases/GetCharacterByIdTest.java,com.neeraja.harrypotter.domain.usecases.GetCharacterByIdTest,class,12,12,0,12,4,1,0,13,0,0.125,1.0,1.0,4,0,4,0,0,0,4,0,0,0,2,0,0,2,0,0,0,0,1,45,0,0,0,0,2,5,0,10,0,11,0,2,0,0,28,1,0
/home/arch_design_predict/download-github-repos/mvvm/repos/HarryPotter-master/app/build/generated/source/kapt/debug/com/neeraja/harrypotter/domain/usecases/GetCharacterByIdTask_Factory.java,com.neeraja.harrypotter.domain.usecases.GetCharacterByIdTask_Factory,class,6,8,2,6,4,1,0,2,0,0.25,0.5,0.5,4,2,4,0,0,0,4,0,0,0,3,0,0,3,0,0,3,0,1,19,3,0,0,0,0,2,0,3,0,3,0,0,0,0,18,17,0
/home/arch_design_predict/download-github-repos/mvvm/repos/HarryPotter-master/app/build/generated/source/kapt/debug/com/neeraja/harrypotter/presentation/mapper/HouseEntityMapper_Factory.java,com.neeraja.harrypotter.presentation.mapper.HouseEntityMapper_Factory,class,3,6,3,3,3,1,0,1,3,0.0,0.0,0.0,3,2,3,0,0,0,3,0,0,0,0,0,0,0,0,0,0,0,1,14,3,0,0,0,0,2,0,0,0,0,0,0,1,0,9,17,0
/home/arch_design_predict/download-github-repos/mvvm/repos/HarryPotter-master/data/src/main/java/com/neeraja/harrypotter/data/models/CharacterData.java,com.neeraja.harrypotter.data.models.CharacterData,class,0,9,9,0,22,1,0,0,129,0.8181819,0.22077923,1.0,22,0,22,0,0,0,22,0,0,0,10,0,0,10,0,0,0,0,0,87,11,0,0,0,0,11,0,20,2,10,0,0,0,0,35,1,0
/home/arch_design_predict/download-github-repos/mvvm/repos/HarryPotter-master/data/src/main/java/com/neeraja/harrypotter/data/repository/HogwartsRepositoryImpl.java,com.neeraja.harrypotter.data.repository.HogwartsRepositoryImpl$Anonymous3,anonymous,4,4,0,4,2,1,0,2,1,0.0,0.0,0.0,2,0,2,0,0,0,2,0,1,0,0,0,0,0,0,0,0,0,0,9,2,0,0,0,0,0,0,1,0,1,0,0,0,0,9,-1,0
/home/arch_design_predict/download-github-repos/mvvm/repos/HarryPotter-master/domain/src/androidTest/java/com/neeraja/harrypotter/domain/ExampleInstrumentedTest.java,com.neeraja.harrypotter.domain.ExampleInstrumentedTest,class,4,4,0,4,1,1,0,4,0,0.0,NaN,NaN,1,0,1,0,0,0,1,0,0,0,0,0,0,0,0,0,0,0,0,6,0,0,0,0,0,1,0,1,0,1,0,0,0,0,19,1,0
/home/arch_design_predict/download-github-repos/mvvm/repos/HarryPotter-master/domain/src/main/java/com/neeraja/harrypotter/domain/usecases/GetCharacterByIdTask.java,com.neeraja.harrypotter.domain.usecases.GetCharacterByIdTask,class,9,14,5,9,3,2,0,3,0,0.0,1.0,1.0,2,0,1,0,1,0,2,0,0,0,3,0,0,1,0,2,0,0,0,25,1,0,1,0,0,1,0,3,0,3,1,0,1,0,21,1,0
/home/arch_design_predict/download-github-repos/mvvm/repos/HarryPotter-master/app/build/generated/source/kapt/debug/com/neeraja/harrypotter/di/AppModule_ContributeMainFragment.java,com.neeraja.harrypotter.di.AppModule_ContributeMainFragment$HousesFragmentSubcomponent$Factory,interface,2,2,0,2,0,1,0,0,0,0.0,-1.0,-1.0,0,0,0,0,0,0,0,0,0,0,0,0,0,0,0,0,0,0,0,2,0,0,0,0,0,0,0,0,0,0,0,0,0,0,1,0,0
/home/arch_design_predict/download-github-repos/mvvm/repos/HarryPotter-master/data/src/main/java/com/neeraja/harrypotter/data/mapper/CharacterDomainDataMapper.java,com.neeraja.harrypotter.data.mapper.CharacterDomainDataMapper,class,4,7,3,4,3,1,0,20,3,0.0,0.0,0.0,3,0,3,0,0,0,3,0,0,0,0,0,0,0,0,0,0,0,0,10,2,0,0,0,0,0,0,0,0,0,0,0,0,0,8,1,0
/home/arch_design_predict/download-github-repos/mvvm/repos/HarryPotter-master/domain/src/test/java/com/neeraja/harrypotter/domain/usecases/GetHouseByIdTest.java,com.neeraja.harrypotter.domain.usecases.GetHouseByIdTest,class,12,12,0,12,4,1,0,13,0,0.125,1.0,1.0,4,0,4,0,0,0,4,0,0,0,2,0,0,2,0,0,0,0,1,45,0,0,0,0,2,5,0,10,0,11,0,2,0,0,28,1,0
/home/arch_design_predict/download-github-repos/mvvm/repos/HarryPotter-master/presentation/build/tmp/kapt3/stubs/debug/com/neeraja/harrypotter/presentation/models/Member.java,com.neeraja.harrypotter.presentation.models.Member,class,4,8,4,4,9,1,0,0,34,0.7777778,0.027777778,0.027777778,9,0,9,0,0,0,9,0,5,0,2,0,0,2,0,0,2,0,0,31,8,0,0,0,0,20,8,2,0,2,0,0,0,0,24,17,0
/home/arch_design_predict/download-github-repos/mvvm/repos/HarryPotter-master/app/src/androidTest/java/com/neeraja/harrypotter/ExampleInstrumentedTest.java,com.neeraja.harrypotter.ExampleInstrumentedTest,class,4,4,0,4,1,1,0,4,0,0.0,NaN,NaN,1,0,1,0,0,0,1,0,0,0,0,0,0,0,0,0,0,0,0,6,0,0,0,0,0,1,0,1,0,1,0,0,0,0,19,1,0
/home/arch_design_predict/download-github-repos/mvvm/repos/HarryPotter-master/app/build/tmp/kapt3/stubs/debug/error/NonExistentClass.java,NonExistentClass,class,0,0,0,0,0,1,0,0,0,0.0,-1.0,-1.0,0,0,0,0,0,0,0,0,0,0,0,0,0,0,0,0,0,0,0,2,0,0,0,0,0,0,0,0,0,0,0,0,0,0,3,17,0
/home/arch_design_predict/download-github-repos/mvvm/repos/HarryPotter-master/app/build/tmp/kapt3/stubs/debug/com/neeraja/harrypotter/ui/houses/adapters/HousesAdapter.java,com.neeraja.harrypotter.ui.houses.adapters.HousesAdapter$HousesViewHolder,innerclass,5,5,0,5,2,2,0,0,1,0.0,0.0,0.0,2,0,2,0,0,0,2,0,1,0,0,0,0,0,0,0,0,0,0,7,0,0,0,0,0,11,7,0,0,0,0,0,0,0,22,17,0
/home/arch_design_predict/download-github-repos/mvvm/repos/HarryPotter-master/app/build/generated/source/kapt/debug/com/neeraja/harrypotter/di/DaggerHarryPotterAppComponent.java,com.neeraja.harrypotter.di.DaggerHarryPotterAppComponent$HousesActivitySubcomponentFactory,innerclass,4,4,0,4,1,1,0,1,0,0.0,NaN,NaN,1,0,1,0,0,0,1,0,0,0,0,0,0,0,0,0,0,0,0,6,1,0,0,0,0,0,0,0,0,0,0,0,0,0,7,18,0
/home/arch_design_predict/download-github-repos/mvvm/repos/HarryPotter-master/domain/src/main/java/com/neeraja/harrypotter/domain/usecases/GetHouseByIdTask.java,com.neeraja.harrypotter.domain.usecases.GetHouseByIdTask,class,10,17,7,10,3,2,0,1,0,0.33333334,1.0,1.0,2,0,1,0,1,0,2,0,0,0,3,0,0,1,0,2,0,0,0,25,1,0,1,0,0,1,0,3,0,3,1,0,1,0,21,1,0
/home/arch_design_predict/download-github-repos/mvvm/repos/HarryPotter-master/domain/src/main/java/com/neeraja/harrypotter/domain/entities/CharacterEntity.java,com.neeraja.harrypotter.domain.entities.CharacterEntity,class,2,16,14,2,22,1,0,0,129,0.8181819,0.22077923,1.0,22,0,22,0,0,0,22,0,0,0,10,0,0,10,0,0,0,0,0,87,11,0,0,0,0,21,0,20,2,10,0,0,0,0,35,1,0
/home/arch_design_predict/download-github-repos/mvvm/repos/HarryPotter-master/app/build/generated/source/kapt/debug/com/neeraja/harrypotter/presentation/factory/ViewModelFactory_Factory.java,com.neeraja.harrypotter.presentation.factory.ViewModelFactory_Factory,class,4,6,2,4,4,1,0,2,0,0.25,0.5,0.5,4,2,4,0,0,0,4,0,0,0,1,0,0,1,0,0,1,0,1,15,3,0,0,0,0,2,0,1,0,1,0,0,0,0,10,17,0
/home/arch_design_predict/download-github-repos/mvvm/repos/HarryPotter-master/presentation/build/tmp/kapt3/stubs/debug/com/neeraja/harrypotter/presentation/factory/ViewModelFactory.java,com.neeraja.harrypotter.presentation.factory.ViewModelFactory,class,4,13,9,4,2,1,0,0,1,0.5,0.0,0.0,2,0,2,0,0,0,2,0,0,0,1,0,0,1,0,0,1,0,0,9,1,0,0,0,0,15,7,1,0,1,0,0,0,0,26,1,0
/home/arch_design_predict/download-github-repos/mvvm/repos/HarryPotter-master/app/build/generated/source/kapt/debug/com/neeraja/harrypotter/ui/houses/HousesActivity_MembersInjector.java,com.neeraja.harrypotter.ui.houses.HousesActivity_MembersInjector,class,7,9,2,7,5,1,0,3,4,0.4,0.3,0.3,5,3,5,0,0,0,5,0,0,0,2,0,0,2,0,0,2,0,2,21,1,0,0,0,0,4,0,4,0,2,0,0,0,0,16,17,0
/home/arch_design_predict/download-github-repos/mvvm/repos/HarryPotter-master/app/build/generated/source/kapt/debug/com/neeraja/harrypotter/di/DaggerHarryPotterAppComponent.java,com.neeraja.harrypotter.di.DaggerHarryPotterAppComponent$HousesFragmentSubcomponentFactory,innerclass,4,4,0,4,1,1,0,1,0,0.0,NaN,NaN,1,0,1,0,0,0,1,0,0,0,0,0,0,0,0,0,0,0,0,6,1,0,0,0,0,0,0,0,0,0,0,0,0,0,7,18,0
/home/arch_design_predict/download-github-repos/mvvm/repos/HarryPotter-master/app/build/generated/source/kapt/debug/com/neeraja/harrypotter/di/DaggerHarryPotterAppComponent.java,com.neeraja.harrypotter.di.DaggerHarryPotterAppComponent$Anonymous2,anonymous,2,2,0,2,1,1,0,0,0,0.0,NaN,NaN,1,0,1,0,0,0,1,0,0,0,0,0,0,0,0,0,0,0,0,5,1,0,0,0,0,0,0,0,0,0,0,0,0,0,5,-1,0
/home/arch_design_predict/download-github-repos/mvvm/repos/HarryPotter-master/app/build/generated/source/kapt/debug/com/neeraja/harrypotter/di/DaggerHarryPotterAppComponent.java,com.neeraja.harrypotter.di.DaggerHarryPotterAppComponent$Anonymous1,anonymous,2,2,0,2,1,1,0,0,0,0.0,NaN,NaN,1,0,1,0,0,0,1,0,0,0,0,0,0,0,0,0,0,0,0,5,1,0,0,0,0,0,0,0,0,0,0,0,0,0,5,-1,0
/home/arch_design_predict/download-github-repos/mvvm/repos/HarryPotter-master/app/build/tmp/kapt3/stubs/debug/com/neeraja/harrypotter/ui/characters/CharacterActivity.java,com.neeraja.harrypotter.ui.characters.CharacterActivity,class,4,4,0,4,2,2,0,0,1,1.0,0.0,0.0,2,0,1,0,1,0,2,0,0,0,1,0,0,1,0,0,0,0,0,8,0,0,0,0,0,9,7,0,0,1,0,0,0,0,19,17,0
/home/arch_design_predict/download-github-repos/mvvm/repos/HarryPotter-master/data/src/main/java/com/neeraja/harrypotter/data/models/MemberData.java,com.neeraja.harrypotter.data.models.MemberData,class,0,4,4,0,6,1,0,0,0,0.33333334,0.73333335,1.0,6,0,6,0,0,0,6,0,0,0,2,0,0,2,0,0,0,0,0,23,3,0,0,0,0,3,0,4,2,2,0,0,0,0,10,1,0
/home/arch_design_predict/download-github-repos/mvvm/repos/HarryPotter-master/domain/src/main/java/com/neeraja/harrypotter/domain/usecases/GetAllHousesTask.java,com.neeraja.harrypotter.domain.usecases.GetAllHousesTask,class,9,14,5,9,2,2,0,1,0,0.33333334,1.0,1.0,2,0,1,0,1,0,2,0,0,0,3,0,0,1,0,2,0,0,0,14,1,0,0,0,0,0,0,3,0,3,0,0,0,0,13,1,0
/home/arch_design_predict/download-github-repos/mvvm/repos/HarryPotter-master/presentation/build/tmp/kapt3/stubs/debug/com/neeraja/harrypotter/presentation/models/Resource.java,com.neeraja.harrypotter.presentation.models.Resource,class,7,12,5,7,11,1,0,0,53,0.8636363,0.018181818,0.018181818,11,0,11,0,0,0,11,0,7,0,4,1,1,3,0,0,4,0,0,53,10,0,0,0,0,30,8,4,0,4,0,0,1,0,31,17,0
/home/arch_design_predict/download-github-repos/mvvm/repos/HarryPotter-master/remote/src/androidTest/java/com/neeraja/harrypotter/remote/ExampleInstrumentedTest.java,com.neeraja.harrypotter.remote.ExampleInstrumentedTest,class,4,4,0,4,1,1,0,4,0,0.0,NaN,NaN,1,0,1,0,0,0,1,0,0,0,0,0,0,0,0,0,0,0,0,6,0,0,0,0,0,1,0,1,0,1,0,0,0,0,19,1,0
/home/arch_design_predict/download-github-repos/mvvm/repos/HarryPotter-master/presentation/src/test/java/com/neeraja/harrypotter/presentation/ExampleUnitTest.java,com.neeraja.harrypotter.presentation.ExampleUnitTest,class,1,1,0,1,1,1,0,1,0,0.0,NaN,NaN,1,0,1,0,0,0,1,0,0,0,0,0,0,0,0,0,0,0,0,5,0,0,0,0,0,0,3,0,1,0,0,0,0,0,22,1,0
/home/arch_design_predict/download-github-repos/mvvm/repos/HarryPotter-master/app/build/generated/source/kapt/debug/com/neeraja/harrypotter/presentation/mapper/HouseEntityMapper_Factory.java,com.neeraja.harrypotter.presentation.mapper.HouseEntityMapper_Factory$InstanceHolder,innerclass,1,1,0,1,0,1,0,0,0,NaN,-1.0,-1.0,0,0,0,0,0,0,0,0,0,0,1,1,0,1,0,0,1,0,0,3,0,0,0,0,0,0,0,1,0,1,0,0,0,0,14,26,0
/home/arch_design_predict/download-github-repos/mvvm/repos/HarryPotter-master/app/build/generated/source/kapt/debug/com/neeraja/harrypotter/di/DomainModule_ProvidesForegroundSchedulerFactory.java,com.neeraja.harrypotter.di.DomainModule_ProvidesForegroundSchedulerFactory,class,4,6,2,4,4,1,0,3,0,0.25,0.5,0.5,4,2,4,0,0,0,4,0,0,0,1,0,0,1,0,0,1,0,1,15,3,0,0,0,0,3,0,1,0,1,0,0,0,0,16,17,0
/home/arch_design_predict/download-github-repos/mvvm/repos/HarryPotter-master/app/build/tmp/kapt3/stubs/debug/com/neeraja/harrypotter/ui/houses/HousesActivity.java,com.neeraja.harrypotter.ui.houses.HousesActivity,class,10,17,7,10,10,2,0,0,45,1.0,0.0,0.0,10,0,8,1,1,0,9,0,7,0,4,0,3,1,0,0,0,0,0,31,4,0,0,0,0,32,7,0,0,4,0,0,0,0,41,17,0
/home/arch_design_predict/download-github-repos/mvvm/repos/HarryPotter-master/app/build/generated/source/kapt/debug/com/neeraja/harrypotter/presentation/mapper/CharacterEntityMapper_Factory.java,com.neeraja.harrypotter.presentation.mapper.CharacterEntityMapper_Factory,class,3,6,3,3,3,1,0,1,3,0.0,0.0,0.0,3,2,3,0,0,0,3,0,0,0,0,0,0,0,0,0,0,0,1,14,3,0,0,0,0,2,0,0,0,0,0,0,1,0,9,17,0
/home/arch_design_predict/download-github-repos/mvvm/repos/HarryPotter-master/app/build/tmp/kapt3/stubs/debug/com/neeraja/harrypotter/di/PresentationModule.java,com.neeraja.harrypotter.di.PresentationModule,class,22,23,1,22,8,1,0,0,28,0.0,0.0,0.0,8,0,8,0,0,0,8,7,0,0,0,0,0,0,0,0,0,0,0,12,0,0,0,0,0,35,7,0,0,0,0,0,0,0,31,1025,0
/home/arch_design_predict/download-github-repos/mvvm/repos/HarryPotter-master/presentation/build/tmp/kapt3/stubs/debug/com/neeraja/harrypotter/presentation/viewmodels/HousesViewModel.java,com.neeraja.harrypotter.presentation.viewmodels.HousesViewModel,class,11,17,6,11,6,2,0,0,15,0.8666666,0.0,0.0,6,0,6,0,0,0,6,0,5,0,5,0,0,5,0,0,5,0,0,25,5,0,0,0,0,30,7,5,0,5,0,0,0,0,34,17,0
/home/arch_design_predict/download-github-repos/mvvm/repos/HarryPotter-master/domain/src/test/java/com/neeraja/harrypotter/domain/usecases/GetHousesTest.java,com.neeraja.harrypotter.domain.usecases.GetHousesTest$Anonymous1,anonymous,1,1,0,1,2,1,0,2,1,0.0,0.0,0.0,2,0,2,0,0,0,2,0,1,0,0,0,0,0,0,0,0,0,0,8,2,0,0,0,0,0,0,0,0,0,0,0,0,0,7,-1,0
/home/arch_design_predict/download-github-repos/mvvm/repos/HarryPotter-master/domain/src/test/java/com/neeraja/harrypotter/domain/usecases/GetHousesTest.java,com.neeraja.harrypotter.domain.usecases.GetHousesTest$Anonymous2,anonymous,1,1,0,1,3,1,0,3,1,0.0,0.0,0.0,2,0,2,0,0,0,2,0,1,0,0,0,0,0,0,0,0,0,0,9,2,0,1,0,0,0,0,1,0,1,0,0,0,0,11,-1,0
/home/arch_design_predict/download-github-repos/mvvm/repos/HarryPotter-master/app/build/generated/source/kapt/debug/com/neeraja/harrypotter/di/DomainModule_ProvidesBackgroundSchedulerFactory.java,com.neeraja.harrypotter.di.DomainModule_ProvidesBackgroundSchedulerFactory,class,4,6,2,4,4,1,0,3,0,0.25,0.5,0.5,4,2,4,0,0,0,4,0,0,0,1,0,0,1,0,0,1,0,1,15,3,0,0,0,0,3,0,1,0,1,0,0,0,0,16,17,0
/home/arch_design_predict/download-github-repos/mvvm/repos/HarryPotter-master/app/build/generated/source/kapt/debug/com/neeraja/harrypotter/data/mapper/CharacterDomainDataMapper_Factory.java,com.neeraja.harrypotter.data.mapper.CharacterDomainDataMapper_Factory,class,3,6,3,3,3,1,0,1,3,0.0,0.0,0.0,3,2,3,0,0,0,3,0,0,0,0,0,0,0,0,0,0,0,1,14,3,0,0,0,0,2,0,0,0,0,0,0,1,0,10,17,0
/home/arch_design_predict/download-github-repos/mvvm/repos/HarryPotter-master/app/build/generated/source/kapt/debug/com/neeraja/harrypotter/di/RemoteModule_ProvidesRetrofitFactory.java,com.neeraja.harrypotter.di.RemoteModule_ProvidesRetrofitFactory,class,4,6,2,4,4,1,0,3,0,0.25,0.5,0.5,4,2,4,0,0,0,4,0,0,0,1,0,0,1,0,0,1,0,1,15,3,0,0,0,0,3,0,1,0,1,0,0,0,0,15,17,0
/home/arch_design_predict/download-github-repos/mvvm/repos/HarryPotter-master/app/build/generated/source/kapt/debug/com/neeraja/harrypotter/data/repository/HogwartsRepositoryImpl_Factory.java,com.neeraja.harrypotter.data.repository.HogwartsRepositoryImpl_Factory,class,10,12,2,10,4,1,0,2,0,0.25,0.5,0.5,4,2,4,0,0,0,4,0,0,0,3,0,0,3,0,0,3,0,1,19,3,0,0,0,0,2,0,3,0,3,0,0,0,0,17,17,0
/home/arch_design_predict/download-github-repos/mvvm/repos/HarryPotter-master/presentation/build/tmp/kapt3/stubs/debug/com/neeraja/harrypotter/presentation/viewmodels/CharacterViewModel.java,com.neeraja.harrypotter.presentation.viewmodels.CharacterViewModel,class,10,13,3,10,4,2,0,0,6,0.8125,0.0,0.0,4,0,4,0,0,0,4,0,3,0,4,0,0,4,0,0,4,0,0,18,3,0,0,0,0,24,7,4,0,4,0,0,0,0,32,17,0
/home/arch_design_predict/download-github-repos/mvvm/repos/HarryPotter-master/app/build/tmp/kapt3/stubs/debug/com/neeraja/harrypotter/di/AppModule.java,com.neeraja.harrypotter.di.AppModule,class,9,10,1,9,4,1,0,0,6,0.0,0.0,0.0,4,0,4,0,0,0,4,3,0,0,0,0,0,0,0,0,0,0,0,8,0,0,0,0,0,14,7,0,0,0,0,0,0,0,20,1025,0
/home/arch_design_predict/download-github-repos/mvvm/repos/HarryPotter-master/presentation/build/tmp/kapt3/stubs/debug/com/neeraja/harrypotter/presentation/models/Status.java,com.neeraja.harrypotter.presentation.models.Status,enum,1,2,1,1,1,1,0,0,0,0.0,NaN,NaN,1,0,0,0,0,1,1,0,0,0,0,0,0,0,0,0,0,0,0,3,0,0,0,0,0,8,7,0,0,0,0,0,0,0,14,1,0
/home/arch_design_predict/download-github-repos/mvvm/repos/HarryPotter-master/domain/src/main/java/com/neeraja/harrypotter/domain/usecases/base/ObservableUsecase.java,com.neeraja.harrypotter.domain.usecases.base.ObservableUsecase,class,5,12,7,5,3,1,0,3,1,0.33333334,0.33333334,0.33333334,3,0,2,0,1,0,3,1,0,0,2,0,0,2,0,0,0,0,0,12,1,0,0,0,0,0,0,2,0,2,0,0,0,0,9,1025,0
/home/arch_design_predict/download-github-repos/mvvm/repos/HarryPotter-master/app/build/generated/source/kapt/debug/com/neeraja/harrypotter/data/mapper/HouseDomainDataMapper_Factory.java,com.neeraja.harrypotter.data.mapper.HouseDomainDataMapper_Factory$InstanceHolder,innerclass,1,1,0,1,0,1,0,0,0,NaN,-1.0,-1.0,0,0,0,0,0,0,0,0,0,0,1,1,0,1,0,0,1,0,0,3,0,0,0,0,0,0,0,1,0,1,0,0,0,0,15,26,0
/home/arch_design_predict/download-github-repos/mvvm/repos/HarryPotter-master/presentation/build/tmp/kapt3/stubs/debug/error/NonExistentClass.java,error.NonExistentClass,class,0,0,0,0,0,1,0,0,0,0.0,-1.0,-1.0,0,0,0,0,0,0,0,0,0,0,0,0,0,0,0,0,0,0,0,2,0,0,0,0,0,0,0,0,0,0,0,0,0,0,3,17,0
/home/arch_design_predict/download-github-repos/mvvm/repos/HarryPotter-master/app/build/tmp/kapt3/stubs/debug/com/neeraja/harrypotter/di/HarryPotterAppComponent.java,com.neeraja.harrypotter.di.HarryPotterAppComponent$Builder,interface,7,7,0,7,2,1,0,0,1,0.0,0.0,0.0,2,0,2,0,0,0,2,2,0,0,0,0,0,0,0,0,0,0,0,4,0,0,0,0,0,9,7,0,0,0,0,0,0,0,13,1033,0
/home/arch_design_predict/download-github-repos/mvvm/repos/HarryPotter-master/app/build/tmp/kapt3/stubs/debug/com/neeraja/harrypotter/ui/houses/adapters/HousesAdapter.java,com.neeraja.harrypotter.ui.houses.adapters.HousesAdapter$HouseClickListener,interface,3,3,0,3,1,1,0,0,0,0.0,NaN,NaN,1,0,1,0,0,0,1,1,0,0,0,0,0,0,0,0,0,0,0,3,0,0,0,0,0,8,7,0,0,0,0,0,0,0,13,1033,0
/home/arch_design_predict/download-github-repos/mvvm/repos/HarryPotter-master/app/build/generated/source/kapt/debug/com/neeraja/harrypotter/di/AppModule_ContributeMainFragment.java,com.neeraja.harrypotter.di.AppModule_ContributeMainFragment$HousesFragmentSubcomponent,interface,2,2,0,2,0,1,0,0,0,0.0,-1.0,-1.0,0,0,0,0,0,0,0,0,0,0,0,0,0,0,0,0,0,0,0,4,0,0,0,0,0,0,0,0,0,0,0,0,1,0,3,1,0
/home/arch_design_predict/download-github-repos/mvvm/repos/HarryPotter-master/data/src/main/java/com/neeraja/harrypotter/data/repository/RemoteDataSource.java,com.neeraja.harrypotter.data.repository.RemoteDataSource,interface,3,7,4,3,3,1,0,0,3,0.0,0.0,0.0,3,0,0,0,0,3,3,0,0,0,0,0,0,0,0,0,0,0,0,5,0,0,0,0,0,0,0,0,0,0,0,0,0,0,14,1,0
/home/arch_design_predict/download-github-repos/mvvm/repos/HarryPotter-master/app/build/tmp/kapt3/stubs/debug/com/neeraja/harrypotter/utils/ConstantsKt.java,com.neeraja.harrypotter.utils.ConstantsKt,class,1,1,0,1,0,1,0,0,0,NaN,-1.0,-1.0,0,0,0,0,0,0,0,0,0,0,2,2,2,0,0,0,2,0,0,4,0,0,0,0,0,5,9,2,0,2,0,0,0,0,15,17,0
/home/arch_design_predict/download-github-repos/mvvm/repos/HarryPotter-master/app/build/generated/source/kapt/debug/com/neeraja/harrypotter/remote/mapper/HouseDataNetworkMapper_Factory.java,com.neeraja.harrypotter.remote.mapper.HouseDataNetworkMapper_Factory,class,3,6,3,3,3,1,0,1,3,0.0,0.0,0.0,3,2,3,0,0,0,3,0,0,0,0,0,0,0,0,0,0,0,1,14,3,0,0,0,0,2,0,0,0,0,0,0,1,0,10,17,0
/home/arch_design_predict/download-github-repos/mvvm/repos/HarryPotter-master/app/build/tmp/kapt3/stubs/debug/com/neeraja/harrypotter/ui/houses/fragments/HousesFragment.java,com.neeraja.harrypotter.ui.houses.fragments.HousesFragment,class,17,23,6,17,12,2,0,0,66,0.9833334,0.0,0.0,12,0,10,2,0,0,10,0,6,0,5,0,2,3,0,0,1,0,0,36,4,0,0,0,0,44,7,1,0,5,0,0,0,0,53,17,0
/home/arch_design_predict/download-github-repos/mvvm/repos/HarryPotter-master/app/src/main/java/com/neeraja/harrypotter/ui/SplashActivity.java,com.neeraja.harrypotter.ui.SplashActivity,class,6,6,0,6,1,2,0,7,0,0.0,NaN,NaN,1,0,0,0,1,0,1,0,0,0,3,0,0,3,0,0,0,0,0,25,0,0,0,0,0,0,0,4,0,4,0,1,0,0,24,1,0
/home/arch_design_predict/download-github-repos/mvvm/repos/HarryPotter-master/app/build/tmp/kapt3/stubs/debug/com/neeraja/harrypotter/application/HarryPotterApp.java,com.neeraja.harrypotter.application.HarryPotterApp,class,6,9,3,6,6,2,0,0,15,1.0,0.0,0.0,6,0,5,0,1,0,6,0,2,0,1,0,1,0,0,0,0,0,0,19,3,0,0,0,0,18,7,0,0,1,0,0,0,0,22,17,0
/home/arch_design_predict/download-github-repos/mvvm/repos/HarryPotter-master/app/build/generated/source/kapt/debug/com/neeraja/harrypotter/di/AppModule_ContributesHousesActivity$app_debug.java,com.neeraja.harrypotter.di.AppModule_ContributesHousesActivity$app_debug$HousesActivitySubcomponent,interface,2,2,0,2,0,1,0,0,0,0.0,-1.0,-1.0,0,0,0,0,0,0,0,0,0,0,0,0,0,0,0,0,0,0,0,4,0,0,0,0,0,0,0,0,0,0,0,0,1,0,3,1,0
/home/arch_design_predict/download-github-repos/mvvm/repos/HarryPotter-master/app/build/generated/source/kapt/debug/com/neeraja/harrypotter/data/mapper/HouseDomainDataMapper_Factory.java,com.neeraja.harrypotter.data.mapper.HouseDomainDataMapper_Factory,class,3,6,3,3,3,1,0,1,3,0.0,0.0,0.0,3,2,3,0,0,0,3,0,0,0,0,0,0,0,0,0,0,0,1,14,3,0,0,0,0,2,0,0,0,0,0,0,1,0,10,17,0
/home/arch_design_predict/download-github-repos/mvvm/repos/HarryPotter-master/app/build/generated/source/kapt/debug/com/neeraja/harrypotter/di/DaggerHarryPotterAppComponent.java,com.neeraja.harrypotter.di.DaggerHarryPotterAppComponent$HousesFragmentSubcomponentImpl,innerclass,5,5,0,5,3,1,0,6,3,0.0,NaN,NaN,3,0,1,2,0,0,1,0,0,0,0,0,0,0,0,0,0,0,2,13,1,0,0,0,0,0,0,0,0,0,0,0,0,0,7,18,0
/home/arch_design_predict/download-github-repos/mvvm/repos/HarryPotter-master/data/src/main/java/com/neeraja/harrypotter/data/repository/HogwartsRepositoryImpl.java,com.neeraja.harrypotter.data.repository.HogwartsRepositoryImpl,class,10,14,4,10,4,1,0,6,0,0.5,1.0,1.0,4,0,4,0,0,0,4,0,0,0,3,0,0,3,0,0,0,0,0,53,3,0,0,0,3,0,0,7,0,7,0,3,0,0,25,1,0
/home/arch_design_predict/download-github-repos/mvvm/repos/HarryPotter-master/app/build/tmp/kapt3/stubs/debug/com/neeraja/harrypotter/di/RemoteModule.java,com.neeraja.harrypotter.di.RemoteModule,class,7,12,5,7,3,1,0,0,3,0.0,0.0,0.0,3,0,3,0,0,0,3,0,2,0,0,0,0,0,0,0,0,0,0,16,2,0,0,0,0,11,7,0,0,0,0,0,1,0,16,17,0
/home/arch_design_predict/download-github-repos/mvvm/repos/HarryPotter-master/app/build/generated/source/kapt/debug/com/neeraja/harrypotter/remote/mapper/CharacterDataNetworkMapper_Factory.java,com.neeraja.harrypotter.remote.mapper.CharacterDataNetworkMapper_Factory,class,3,6,3,3,3,1,0,1,3,0.0,0.0,0.0,3,2,3,0,0,0,3,0,0,0,0,0,0,0,0,0,0,0,1,14,3,0,0,0,0,2,0,0,0,0,0,0,1,0,10,17,0
/home/arch_design_predict/download-github-repos/mvvm/repos/HarryPotter-master/app/build/tmp/kapt3/stubs/debug/com/neeraja/harrypotter/di/DomainModule.java,com.neeraja.harrypotter.di.DomainModule,class,7,12,5,7,3,1,0,0,3,0.0,0.0,0.0,3,0,3,0,0,0,3,0,2,0,0,0,0,0,0,0,0,0,0,11,2,0,0,0,0,8,7,0,0,0,0,0,0,0,12,17,0
/home/arch_design_predict/download-github-repos/mvvm/repos/HarryPotter-master/app/src/main/java/com/neeraja/harrypotter/ui/SplashActivity.java,com.neeraja.harrypotter.ui.SplashActivity$Anonymous1,anonymous,3,3,0,3,3,1,0,1,3,0.0,0.0,0.0,3,0,3,0,0,0,3,0,0,0,0,0,0,0,0,0,0,0,0,10,0,0,0,0,0,0,0,1,0,1,0,0,0,0,10,-1,0
/home/arch_design_predict/download-github-repos/mvvm/repos/HarryPotter-master/app/build/generated/source/kapt/debug/com/neeraja/harrypotter/di/DaggerHarryPotterAppComponent.java,com.neeraja.harrypotter.di.DaggerHarryPotterAppComponent$Builder,innerclass,8,8,0,8,2,1,0,2,0,0.0,1.0,1.0,2,0,2,0,0,0,2,0,0,0,1,0,0,1,0,0,0,0,0,11,2,0,0,0,0,0,0,1,0,1,0,0,0,0,14,26,0
/home/arch_design_predict/download-github-repos/mvvm/repos/HarryPotter-master/data/src/test/java/com/neeraja/harrypotter/data/utils/HogwartRepositoryImplTest.java,com.neeraja.harrypotter.data.utils.HogwartRepositoryImplTest,class,9,9,0,9,1,1,0,1,0,0.0,NaN,NaN,1,0,1,0,0,0,1,0,0,0,4,0,0,4,0,0,0,0,0,10,0,0,0,0,0,0,0,3,0,4,0,0,0,0,18,1,0
/home/arch_design_predict/download-github-repos/mvvm/repos/HarryPotter-master/app/build/tmp/kapt3/stubs/debug/com/neeraja/harrypotter/di/DataModule.java,com.neeraja.harrypotter.di.DataModule,class,13,14,1,13,4,1,0,0,6,0.0,0.0,0.0,4,0,4,0,0,0,4,3,0,0,0,0,0,0,0,0,0,0,0,8,0,0,0,0,0,19,7,0,0,0,0,0,0,0,22,1025,0
/home/arch_design_predict/download-github-repos/mvvm/repos/HarryPotter-master/presentation/build/tmp/kapt3/stubs/debug/com/neeraja/harrypotter/presentation/mapper/CharacterEntityMapper.java,com.neeraja.harrypotter.presentation.mapper.CharacterEntityMapper,class,5,7,2,5,3,1,0,0,3,0.0,0.0,0.0,3,0,3,0,0,0,3,0,0,0,0,0,0,0,0,0,0,0,0,11,2,0,0,0,0,11,7,0,0,0,0,0,0,0,16,17,0
/home/arch_design_predict/download-github-repos/mvvm/repos/HarryPotter-master/app/build/generated/source/kapt/debug/com/neeraja/harrypotter/ui/houses/fragments/HouseDetailFragment_MembersInjector.java,com.neeraja.harrypotter.ui.houses.fragments.HouseDetailFragment_MembersInjector,class,7,8,1,7,5,1,0,4,4,0.4,0.3,0.3,5,3,5,0,0,0,5,0,0,0,3,0,0,3,0,0,3,0,2,24,1,0,0,0,0,4,0,5,0,3,0,0,0,0,17,17,0
/home/arch_design_predict/download-github-repos/mvvm/repos/HarryPotter-master/app/build/generated/source/kapt/debug/com/neeraja/harrypotter/di/DaggerHarryPotterAppComponent.java,com.neeraja.harrypotter.di.DaggerHarryPotterAppComponent,class,51,55,4,51,7,1,0,33,19,0.84033597,0.0,0.0,7,1,2,5,0,0,2,0,0,0,17,0,0,17,0,0,0,0,22,116,4,0,0,0,0,3,2,17,0,17,0,2,5,0,66,17,0
/home/arch_design_predict/download-github-repos/mvvm/repos/HarryPotter-master/app/build/tmp/kapt3/stubs/debug/com/neeraja/harrypotter/di/RemoteModule.java,com.neeraja.harrypotter.di.RemoteModule$Binders,interface,13,13,0,13,3,1,0,0,3,0.0,0.0,0.0,3,0,3,0,0,0,3,3,0,0,0,0,0,0,0,0,0,0,0,5,0,0,0,0,0,19,7,0,0,0,0,0,0,0,23,1033,0
/home/arch_design_predict/download-github-repos/mvvm/repos/HarryPotter-master/presentation/build/generated/source/buildConfig/debug/com/neeraja/harrypotter/presentation/BuildConfig.java,com.neeraja.harrypotter.presentation.BuildConfig,class,0,0,0,0,0,1,0,1,0,NaN,-1.0,-1.0,0,0,0,0,0,0,0,0,0,0,7,7,7,0,0,0,7,0,1,9,0,0,0,0,0,6,1,7,0,7,0,0,0,0,31,17,0
/home/arch_design_predict/download-github-repos/mvvm/repos/HarryPotter-master/app/build/generated/source/kapt/debug/com/neeraja/harrypotter/di/AppModule_ContributesHousesActivity$app_debug.java,com.neeraja.harrypotter.di.AppModule_ContributesHousesActivity$app_debug$HousesActivitySubcomponent$Factory,interface,2,2,0,2,0,1,0,0,0,0.0,-1.0,-1.0,0,0,0,0,0,0,0,0,0,0,0,0,0,0,0,0,0,0,0,2,0,0,0,0,0,0,0,0,0,0,0,0,0,0,1,0,0
/home/arch_design_predict/download-github-repos/mvvm/repos/HarryPotter-master/app/build/generated/source/kapt/debug/com/neeraja/harrypotter/presentation/viewmodels/CharacterViewModel_Factory.java,com.neeraja.harrypotter.presentation.viewmodels.CharacterViewModel_Factory,class,8,10,2,8,4,1,0,2,0,0.25,0.5,0.5,4,2,4,0,0,0,4,0,0,0,3,0,0,3,0,0,3,0,1,19,3,0,0,0,0,2,0,3,0,3,0,0,0,0,17,17,0
/home/arch_design_predict/download-github-repos/mvvm/repos/HarryPotter-master/remote/src/test/java/com/neeraja/harrypotter/remote/ExampleUnitTest.java,com.neeraja.harrypotter.remote.ExampleUnitTest,class,1,1,0,1,1,1,0,1,0,0.0,NaN,NaN,1,0,1,0,0,0,1,0,0,0,0,0,0,0,0,0,0,0,0,5,0,0,0,0,0,0,3,0,1,0,0,0,0,0,22,1,0
/home/arch_design_predict/download-github-repos/mvvm/repos/HarryPotter-master/app/build/tmp/kapt3/stubs/debug/com/neeraja/harrypotter/ui/houses/fragments/HouseDetailFragment.java,com.neeraja.harrypotter.ui.houses.fragments.HouseDetailFragment,class,12,13,1,12,11,2,0,0,55,1.0,0.0,0.0,11,0,8,3,0,0,8,0,7,0,4,0,2,2,0,0,0,0,0,32,3,0,0,0,0,38,7,0,0,4,0,0,0,0,50,17,0
/home/arch_design_predict/download-github-repos/mvvm/repos/HarryPotter-master/app/build/generated/source/kapt/debug/com/neeraja/harrypotter/application/HarryPotterApp_MembersInjector.java,com.neeraja.harrypotter.application.HarryPotterApp_MembersInjector,class,6,8,2,6,4,1,0,3,0,0.25,0.5,0.5,4,2,4,0,0,0,4,0,0,0,2,0,0,2,0,0,2,0,1,18,1,0,0,0,0,3,0,3,0,2,0,0,0,0,14,17,0
/home/arch_design_predict/download-github-repos/mvvm/repos/HarryPotter-master/presentation/build/tmp/kapt3/stubs/debug/com/neeraja/harrypotter/presentation/viewmodels/HouseDetailViewModel.java,com.neeraja.harrypotter.presentation.viewmodels.HouseDetailViewModel,class,10,13,3,10,4,2,0,0,6,0.8125,0.0,0.0,4,0,4,0,0,0,4,0,3,0,4,0,0,4,0,0,4,0,0,18,3,0,0,0,0,24,7,4,0,4,0,0,0,0,38,17,0
/home/arch_design_predict/download-github-repos/mvvm/repos/HarryPotter-master/domain/src/main/java/com/neeraja/harrypotter/domain/usecases/GetHouseByIdTask.java,com.neeraja.harrypotter.domain.usecases.GetHouseByIdTask$Params,innerclass,0,0,0,0,1,1,0,0,0,0.0,NaN,NaN,1,0,1,0,0,0,1,0,0,0,2,0,0,0,0,2,0,0,0,8,0,0,0,0,0,0,0,2,0,2,0,0,0,0,5,9,0
/home/arch_design_predict/download-github-repos/mvvm/repos/HarryPotter-master/app/build/generated/source/kapt/debug/com/neeraja/harrypotter/remote/source/RemoteDataSourceImpl_Factory.java,com.neeraja.harrypotter.remote.source.RemoteDataSourceImpl_Factory,class,10,12,2,10,4,1,0,2,0,0.25,0.5,0.5,4,2,4,0,0,0,4,0,0,0,3,0,0,3,0,0,3,0,1,19,3,0,0,0,0,2,0,3,0,3,0,0,0,0,18,17,0
/home/arch_design_predict/download-github-repos/mvvm/repos/HarryPotter-master/domain/src/test/java/com/neeraja/harrypotter/domain/usecases/GetCharacterByIdTest.java,com.neeraja.harrypotter.domain.usecases.GetCharacterByIdTest$Anonymous1,anonymous,2,2,0,2,3,1,0,1,1,0.0,0.0,0.0,2,0,2,0,0,0,2,0,1,0,0,0,0,0,0,0,0,0,0,8,2,0,1,0,0,0,0,0,0,0,0,0,0,0,7,-1,0
/home/arch_design_predict/download-github-repos/mvvm/repos/HarryPotter-master/domain/src/test/java/com/neeraja/harrypotter/domain/usecases/GetCharacterByIdTest.java,com.neeraja.harrypotter.domain.usecases.GetCharacterByIdTest$Anonymous2,anonymous,1,1,0,1,3,1,0,3,1,0.0,0.0,0.0,2,0,2,0,0,0,2,0,1,0,0,0,0,0,0,0,0,0,0,9,2,0,1,0,0,0,0,1,0,1,0,0,0,0,11,-1,0
/home/arch_design_predict/download-github-repos/mvvm/repos/HarryPotter-master/domain/src/main/java/com/neeraja/harrypotter/domain/utils/Constants.java,com.neeraja.harrypotter.domain.utils.Constants,class,0,0,0,0,0,1,0,0,0,0.0,-1.0,-1.0,0,0,0,0,0,0,0,0,0,0,0,0,0,0,0,0,0,0,0,2,0,0,0,0,0,0,0,0,0,0,0,0,0,0,1,1,0
/home/arch_design_predict/download-github-repos/mvvm/repos/HarryPotter-master/presentation/build/tmp/kapt3/stubs/debug/com/neeraja/harrypotter/presentation/models/House.java,com.neeraja.harrypotter.presentation.models.House,class,5,16,11,5,27,1,0,0,349,0.92592597,0.0028490028,0.0028490028,27,0,27,0,0,0,27,0,23,0,11,0,0,11,0,0,11,0,0,94,26,0,0,0,0,55,11,11,0,11,0,0,0,0,56,17,0
/home/arch_design_predict/download-github-repos/mvvm/repos/HarryPotter-master/data/src/main/java/com/neeraja/harrypotter/data/mapper/Mapper.java,com.neeraja.harrypotter.data.mapper.Mapper,interface,2,11,9,2,2,1,0,0,1,0.0,0.0,0.0,2,0,0,0,0,2,2,0,0,0,0,0,0,0,0,0,0,0,0,4,0,0,0,0,0,0,0,0,0,0,0,0,0,0,5,1,0
/home/arch_design_predict/download-github-repos/mvvm/repos/HarryPotter-master/domain/src/main/java/com/neeraja/harrypotter/domain/entities/MemberEntity.java,com.neeraja.harrypotter.domain.entities.MemberEntity,class,2,8,6,2,6,1,0,0,0,0.33333334,0.73333335,1.0,6,0,6,0,0,0,6,0,0,0,2,0,0,2,0,0,0,0,0,23,3,0,0,0,0,5,0,4,2,2,0,0,0,0,10,1,0
/home/arch_design_predict/download-github-repos/mvvm/repos/HarryPotter-master/presentation/build/tmp/kapt3/stubs/debug/com/neeraja/harrypotter/presentation/mapper/HouseEntityMapper.java,com.neeraja.harrypotter.presentation.mapper.HouseEntityMapper,class,6,10,4,6,4,1,0,0,6,0.75,0.0,0.0,4,0,4,0,0,0,4,0,1,0,1,0,0,1,0,0,1,0,0,15,3,0,0,0,0,14,7,1,0,1,0,0,0,0,18,1,0
/home/arch_design_predict/download-github-repos/mvvm/repos/HarryPotter-master/app/build/tmp/kapt3/stubs/debug/com/neeraja/harrypotter/di/HarryPotterAppComponent.java,com.neeraja.harrypotter.di.HarryPotterAppComponent,interface,12,15,3,12,1,1,0,0,0,0.0,NaN,NaN,1,0,1,0,0,0,1,1,0,0,0,0,0,0,0,0,0,0,0,7,0,0,0,0,0,9,7,0,0,0,0,0,1,0,15,1025,0
/home/arch_design_predict/download-github-repos/mvvm/repos/HarryPotter-master/app/build/tmp/kapt3/stubs/debug/com/neeraja/harrypotter/di/IdentityModule.java,com.neeraja.harrypotter.di.IdentityModule,class,5,9,4,5,2,1,0,0,1,0.0,0.0,0.0,2,0,2,0,0,0,2,0,1,0,0,0,0,0,0,0,0,0,0,8,1,0,0,0,0,7,7,0,0,0,0,0,0,0,10,17,0
/home/arch_design_predict/download-github-repos/mvvm/repos/HarryPotter-master/app/build/generated/source/kapt/debug/com/neeraja/harrypotter/remote/mapper/CharacterDataNetworkMapper_Factory.java,com.neeraja.harrypotter.remote.mapper.CharacterDataNetworkMapper_Factory$InstanceHolder,innerclass,1,1,0,1,0,1,0,0,0,NaN,-1.0,-1.0,0,0,0,0,0,0,0,0,0,0,1,1,0,1,0,0,1,0,0,3,0,0,0,0,0,0,0,1,0,1,0,0,0,0,15,26,0
/home/arch_design_predict/download-github-repos/mvvm/repos/HarryPotter-master/domain/src/main/java/com/neeraja/harrypotter/domain/repository/HogwartsRepository.java,com.neeraja.harrypotter.domain.repository.HogwartsRepository,interface,3,15,12,3,3,1,0,0,3,0.0,0.0,0.0,3,0,0,0,0,3,3,0,0,0,0,0,0,0,0,0,0,0,0,5,0,0,0,0,0,0,0,0,0,0,0,0,0,0,15,1,0
/home/arch_design_predict/download-github-repos/mvvm/repos/HarryPotter-master/data/src/main/java/com/neeraja/harrypotter/data/mapper/MemberDomainDataMapper.java,com.neeraja.harrypotter.data.mapper.MemberDomainDataMapper,class,4,5,1,4,3,1,0,4,3,0.0,0.0,0.0,3,0,3,0,0,0,3,0,0,0,0,0,0,0,0,0,0,0,0,10,2,0,0,0,0,0,0,0,0,0,0,0,0,0,8,1,0
/home/arch_design_predict/download-github-repos/mvvm/repos/HarryPotter-master/app/build/generated/source/kapt/debug/com/neeraja/harrypotter/di/AppModule_ContributeMainFragment.java,com.neeraja.harrypotter.di.AppModule_ContributeMainFragment,class,6,6,0,6,2,1,0,0,1,0.0,NaN,NaN,2,0,0,1,0,1,1,1,0,0,0,0,0,0,0,0,0,0,0,9,0,0,0,0,0,0,0,0,0,0,0,0,1,0,12,1025,0
/home/arch_design_predict/download-github-repos/mvvm/repos/HarryPotter-master/app/build/generated/source/buildConfig/debug/com/neeraja/harrypotter/BuildConfig.java,com.neeraja.harrypotter.BuildConfig,class,0,0,0,0,0,1,0,1,0,NaN,-1.0,-1.0,0,0,0,0,0,0,0,0,0,0,8,8,8,0,0,0,8,0,1,10,0,0,0,0,0,7,1,8,0,8,0,0,0,0,24,17,0
/home/arch_design_predict/download-github-repos/mvvm/repos/HarryPotter-master/app/build/generated/source/kapt/debug/com/neeraja/harrypotter/domain/usecases/GetHouseByIdTask_Factory.java,com.neeraja.harrypotter.domain.usecases.GetHouseByIdTask_Factory,class,6,8,2,6,4,1,0,2,0,0.25,0.5,0.5,4,2,4,0,0,0,4,0,0,0,3,0,0,3,0,0,3,0,1,19,3,0,0,0,0,2,0,3,0,3,0,0,0,0,18,17,0
/home/arch_design_predict/download-github-repos/mvvm/repos/HarryPotter-master/domain/src/main/java/com/neeraja/harrypotter/domain/entities/HouseEntity.java,com.neeraja.harrypotter.domain.entities.HouseEntity,class,3,20,17,3,24,1,0,1,168,0.83712125,0.19565217,1.0,24,0,24,0,0,0,24,0,0,0,11,0,0,11,0,0,0,0,3,95,12,0,0,0,0,22,0,22,2,11,0,0,0,0,30,1,0
