file,class,method,constructor,line,cbo,cboModified,fanin,fanout,wmc,rfc,loc,returnsQty,variablesQty,parametersQty,methodsInvokedQty,methodsInvokedLocalQty,methodsInvokedIndirectLocalQty,loopQty,comparisonsQty,tryCatchQty,parenthesizedExpsQty,stringLiteralsQty,numbersQty,assignmentsQty,mathOperationsQty,maxNestedBlocksQty,anonymousClassesQty,innerClassesQty,lambdasQty,uniqueWordsQty,modifiers,logStatementsQty,hasJavaDoc
/home/arch_design_predict/download-github-repos/mvvm/repos/SimpleCurrencyExchange-master/app/src/main/java/com/lotex/android/currencyexchange/CurrencyViewModel.java,com.lotex.android.currencyexchange.CurrencyViewModel,getAllCurrency/0,false,37,2,1,1,0,1,0,3,1,0,0,0,0,0,0,0,0,0,0,0,0,0,0,0,0,0,4,1,0,false
/home/arch_design_predict/download-github-repos/mvvm/repos/SimpleCurrencyExchange-master/app/src/main/java/com/lotex/android/currencyexchange/CurrencyViewModel.java,com.lotex.android.currencyexchange.CurrencyViewModel,delete/1[com.lotex.android.currencyexchange.Currency],false,29,2,2,1,1,1,1,3,0,0,1,1,0,0,0,0,0,0,0,0,0,0,0,0,0,0,3,1,0,false
/home/arch_design_predict/download-github-repos/mvvm/repos/SimpleCurrencyExchange-master/app/src/main/java/com/lotex/android/currencyexchange/CurrencyViewModel.java,com.lotex.android.currencyexchange.CurrencyViewModel,update/1[com.lotex.android.currencyexchange.Currency[]],false,25,2,4,3,1,1,1,3,0,0,1,1,0,0,0,0,0,0,0,0,0,0,0,0,0,0,2,1,0,false
/home/arch_design_predict/download-github-repos/mvvm/repos/SimpleCurrencyExchange-master/app/src/main/java/com/lotex/android/currencyexchange/CurrencyViewModel.java,com.lotex.android.currencyexchange.CurrencyViewModel,deleteAll/0,false,33,1,1,0,1,1,1,3,0,0,0,1,0,0,0,0,0,0,0,0,0,0,0,0,0,0,2,1,0,false
/home/arch_design_predict/download-github-repos/mvvm/repos/SimpleCurrencyExchange-master/app/src/main/java/com/lotex/android/currencyexchange/CurrencyViewModel.java,com.lotex.android.currencyexchange.CurrencyViewModel,insert/1[com.lotex.android.currencyexchange.Currency],false,21,2,1,0,1,1,1,3,0,0,1,1,0,0,0,0,0,0,0,0,0,0,0,0,0,0,3,1,0,false
/home/arch_design_predict/download-github-repos/mvvm/repos/SimpleCurrencyExchange-master/app/src/main/java/com/lotex/android/currencyexchange/CurrencyViewModel.java,com.lotex.android.currencyexchange.CurrencyViewModel,CurrencyViewModel/1[com.lotex.android.currencyexchange.Application],true,15,3,2,0,2,1,1,5,0,0,1,1,0,0,0,0,0,0,0,0,2,0,0,0,0,0,8,1,0,false
/home/arch_design_predict/download-github-repos/mvvm/repos/SimpleCurrencyExchange-master/app/src/test/java/com/lotex/android/currencyexchange/ExampleUnitTest.java,com.lotex.android.currencyexchange.ExampleUnitTest,addition_isCorrect/0,false,14,1,0,0,0,1,1,3,0,0,0,1,0,0,0,0,0,0,0,3,0,1,0,0,0,0,5,1,0,false
/home/arch_design_predict/download-github-repos/mvvm/repos/SimpleCurrencyExchange-master/app/src/main/java/com/lotex/android/currencyexchange/model/CurrencyModel.java,com.lotex.android.currencyexchange.model.CurrencyModel,setCurrencyVal/1[double],false,41,0,0,0,0,1,0,3,0,0,1,0,0,0,0,0,0,0,0,0,1,0,0,0,0,0,5,1,0,false
/home/arch_design_predict/download-github-repos/mvvm/repos/SimpleCurrencyExchange-master/app/src/main/java/com/lotex/android/currencyexchange/model/CurrencyModel.java,com.lotex.android.currencyexchange.model.CurrencyModel,setCurrencyName/1[java.lang.String],false,65,0,0,0,0,1,0,3,0,0,1,0,0,0,0,0,0,0,0,0,1,0,0,0,0,0,4,1,0,false
/home/arch_design_predict/download-github-repos/mvvm/repos/SimpleCurrencyExchange-master/app/src/main/java/com/lotex/android/currencyexchange/model/CurrencyModel.java,com.lotex.android.currencyexchange.model.CurrencyModel,getCurrencySign/0,false,77,0,0,0,0,1,0,3,1,0,0,0,0,0,0,0,0,0,0,0,0,0,0,0,0,0,4,1,0,false
/home/arch_design_predict/download-github-repos/mvvm/repos/SimpleCurrencyExchange-master/app/src/main/java/com/lotex/android/currencyexchange/model/CurrencyModel.java,com.lotex.android.currencyexchange.model.CurrencyModel,"CurrencyModel/5[double,double,java.lang.String,java.lang.String,java.lang.String]",true,28,0,0,0,0,1,1,8,0,0,5,1,0,0,0,0,0,0,1,0,6,1,0,0,0,0,9,1,0,false
/home/arch_design_predict/download-github-repos/mvvm/repos/SimpleCurrencyExchange-master/app/src/main/java/com/lotex/android/currencyexchange/model/CurrencyModel.java,com.lotex.android.currencyexchange.model.CurrencyModel,getCurrencyVal/0,false,37,0,0,0,0,1,0,3,1,0,0,0,0,0,0,0,0,0,0,0,0,0,0,0,0,0,4,1,0,false
/home/arch_design_predict/download-github-repos/mvvm/repos/SimpleCurrencyExchange-master/app/src/main/java/com/lotex/android/currencyexchange/model/CurrencyModel.java,com.lotex.android.currencyexchange.model.CurrencyModel,setCurrencySign/1[java.lang.String],false,81,0,0,0,0,1,0,3,0,0,1,0,0,0,0,0,0,0,0,0,1,0,0,0,0,0,4,1,0,false
/home/arch_design_predict/download-github-repos/mvvm/repos/SimpleCurrencyExchange-master/app/src/main/java/com/lotex/android/currencyexchange/model/CurrencyModel.java,com.lotex.android.currencyexchange.model.CurrencyModel,"compareAmount/2[java.lang.String,double]",false,93,1,1,0,1,2,2,8,2,0,2,2,1,1,0,0,0,0,1,3,0,2,1,0,0,0,5,1,0,false
/home/arch_design_predict/download-github-repos/mvvm/repos/SimpleCurrencyExchange-master/app/src/main/java/com/lotex/android/currencyexchange/model/CurrencyModel.java,com.lotex.android.currencyexchange.model.CurrencyModel,getFlagName/0,false,101,0,0,0,0,1,0,3,1,0,0,0,0,0,0,0,0,0,0,0,0,0,0,0,0,0,4,1,0,false
/home/arch_design_predict/download-github-repos/mvvm/repos/SimpleCurrencyExchange-master/app/src/main/java/com/lotex/android/currencyexchange/model/CurrencyModel.java,com.lotex.android.currencyexchange.model.CurrencyModel,"convertAmount/3[java.lang.String,double,double]",false,85,1,1,0,1,2,2,8,2,0,3,2,1,1,0,0,0,0,1,2,0,3,1,0,0,0,9,1,0,false
/home/arch_design_predict/download-github-repos/mvvm/repos/SimpleCurrencyExchange-master/app/src/main/java/com/lotex/android/currencyexchange/model/CurrencyModel.java,com.lotex.android.currencyexchange.model.CurrencyModel,"CurrencyModel/4[double,double,java.lang.String,java.lang.String]",true,20,0,0,0,0,1,0,6,0,0,4,0,0,0,0,0,0,0,0,0,4,0,0,0,0,0,8,1,0,false
/home/arch_design_predict/download-github-repos/mvvm/repos/SimpleCurrencyExchange-master/app/src/main/java/com/lotex/android/currencyexchange/model/CurrencyModel.java,com.lotex.android.currencyexchange.model.CurrencyModel,getCurrencyCode/0,false,53,0,0,0,0,1,0,3,1,0,0,0,0,0,0,0,0,0,0,0,0,0,0,0,0,0,4,1,0,false
/home/arch_design_predict/download-github-repos/mvvm/repos/SimpleCurrencyExchange-master/app/src/main/java/com/lotex/android/currencyexchange/model/CurrencyModel.java,com.lotex.android.currencyexchange.model.CurrencyModel,setFlagName/1[java.lang.String],false,105,0,0,0,0,1,0,3,0,0,1,0,0,0,0,0,0,0,0,0,1,0,0,0,0,0,4,1,0,false
/home/arch_design_predict/download-github-repos/mvvm/repos/SimpleCurrencyExchange-master/app/src/main/java/com/lotex/android/currencyexchange/model/CurrencyModel.java,com.lotex.android.currencyexchange.model.CurrencyModel,setExchangeRate/1[double],false,49,0,0,0,0,1,0,3,0,0,1,0,0,0,0,0,0,0,0,0,1,0,0,0,0,0,4,1,0,false
/home/arch_design_predict/download-github-repos/mvvm/repos/SimpleCurrencyExchange-master/app/src/main/java/com/lotex/android/currencyexchange/model/CurrencyModel.java,com.lotex.android.currencyexchange.model.CurrencyModel,getCurrencyName/0,false,61,0,0,0,0,1,0,3,1,0,0,0,0,0,0,0,0,0,0,0,0,0,0,0,0,0,4,1,0,false
/home/arch_design_predict/download-github-repos/mvvm/repos/SimpleCurrencyExchange-master/app/src/main/java/com/lotex/android/currencyexchange/model/CurrencyModel.java,com.lotex.android.currencyexchange.model.CurrencyModel,setCurrencyCode/1[java.lang.String],false,57,0,0,0,0,1,0,3,0,0,1,0,0,0,0,0,0,0,0,0,1,0,0,0,0,0,5,1,0,false
/home/arch_design_predict/download-github-repos/mvvm/repos/SimpleCurrencyExchange-master/app/src/main/java/com/lotex/android/currencyexchange/model/CurrencyModel.java,com.lotex.android.currencyexchange.model.CurrencyModel,"round/2[double,int]",false,69,0,2,2,0,2,3,6,1,1,2,3,0,0,0,0,0,0,0,1,2,0,1,0,0,0,9,9,0,false
/home/arch_design_predict/download-github-repos/mvvm/repos/SimpleCurrencyExchange-master/app/src/main/java/com/lotex/android/currencyexchange/model/CurrencyModel.java,com.lotex.android.currencyexchange.model.CurrencyModel,getExchangeRate/0,false,45,0,0,0,0,1,0,3,1,0,0,0,0,0,0,0,0,0,0,0,0,0,0,0,0,0,4,1,0,false
/home/arch_design_predict/download-github-repos/mvvm/repos/SimpleCurrencyExchange-master/app/src/main/java/com/lotex/android/currencyexchange/CurrencyRepository.java,com.lotex.android.currencyexchange.CurrencyRepository,getAllCurrency/0,false,38,2,1,1,0,1,0,3,1,0,0,0,0,0,0,0,0,0,0,0,0,0,0,0,0,0,4,1,0,false
/home/arch_design_predict/download-github-repos/mvvm/repos/SimpleCurrencyExchange-master/app/src/main/java/com/lotex/android/currencyexchange/CurrencyRepository.java,com.lotex.android.currencyexchange.CurrencyRepository,delete/1[com.lotex.android.currencyexchange.Currency],false,30,2,2,1,1,1,1,3,0,0,1,1,0,0,0,0,0,0,0,0,0,0,0,0,0,0,7,1,0,false
/home/arch_design_predict/download-github-repos/mvvm/repos/SimpleCurrencyExchange-master/app/src/main/java/com/lotex/android/currencyexchange/CurrencyRepository.java,com.lotex.android.currencyexchange.CurrencyRepository,deleteAllCurrency/0,false,34,1,2,1,1,1,1,3,0,0,0,1,0,0,0,0,0,0,0,0,0,0,0,0,0,0,8,1,0,false
/home/arch_design_predict/download-github-repos/mvvm/repos/SimpleCurrencyExchange-master/app/src/main/java/com/lotex/android/currencyexchange/CurrencyRepository.java,com.lotex.android.currencyexchange.CurrencyRepository,CurrencyRepository/1[com.lotex.android.currencyexchange.Application],true,16,3,4,1,3,1,3,5,0,1,1,3,0,0,0,0,0,0,0,0,3,0,0,0,0,0,9,1,0,false
/home/arch_design_predict/download-github-repos/mvvm/repos/SimpleCurrencyExchange-master/app/src/main/java/com/lotex/android/currencyexchange/CurrencyRepository.java,com.lotex.android.currencyexchange.CurrencyRepository,update/1[com.lotex.android.currencyexchange.Currency[]],false,26,2,2,1,1,1,1,3,0,0,1,1,0,0,0,0,0,0,0,0,0,0,0,0,0,0,7,1,0,false
/home/arch_design_predict/download-github-repos/mvvm/repos/SimpleCurrencyExchange-master/app/src/main/java/com/lotex/android/currencyexchange/CurrencyRepository.java,com.lotex.android.currencyexchange.CurrencyRepository,insert/1[com.lotex.android.currencyexchange.Currency],false,22,2,2,1,1,1,1,3,0,0,1,1,0,0,0,0,0,0,0,0,0,0,0,0,0,0,7,1,0,false
/home/arch_design_predict/download-github-repos/mvvm/repos/SimpleCurrencyExchange-master/app/src/main/java/com/lotex/android/currencyexchange/adapter/CurrencyAdapter.java,com.lotex.android.currencyexchange.adapter.CurrencyAdapter$Anonymous1,"areItemsTheSame/2[Currency,Currency]",false,42,2,0,0,0,1,2,3,1,0,2,2,0,0,0,0,0,0,0,0,0,0,0,0,0,0,7,1,0,false
/home/arch_design_predict/download-github-repos/mvvm/repos/SimpleCurrencyExchange-master/app/src/main/java/com/lotex/android/currencyexchange/adapter/CurrencyAdapter.java,com.lotex.android.currencyexchange.adapter.CurrencyAdapter$Anonymous1,"areContentsTheSame/2[Currency,Currency]",false,47,2,0,0,0,3,7,3,1,0,2,7,0,0,0,2,0,0,0,0,0,0,0,0,0,0,7,1,0,false
/home/arch_design_predict/download-github-repos/mvvm/repos/SimpleCurrencyExchange-master/app/src/main/java/com/lotex/android/currencyexchange/CurrencyRepository.java,com.lotex.android.currencyexchange.CurrencyRepository$DeleteCurrencyAsyncTask,doInBackground/1[com.lotex.android.currencyexchange.Currency[]],false,82,2,1,0,1,1,1,4,1,0,1,1,0,0,0,0,0,0,0,1,0,0,0,0,0,0,6,4,0,false
/home/arch_design_predict/download-github-repos/mvvm/repos/SimpleCurrencyExchange-master/app/src/main/java/com/lotex/android/currencyexchange/CurrencyRepository.java,com.lotex.android.currencyexchange.CurrencyRepository$DeleteCurrencyAsyncTask,DeleteCurrencyAsyncTask/1[com.lotex.android.currencyexchange.CurrencyDao],true,77,1,1,1,0,1,0,3,0,0,1,0,0,0,0,0,0,0,0,0,1,0,0,0,0,0,6,2,0,false
/home/arch_design_predict/download-github-repos/mvvm/repos/SimpleCurrencyExchange-master/app/src/main/java/com/lotex/android/currencyexchange/CurrencyRepository.java,com.lotex.android.currencyexchange.CurrencyRepository$InsertCurrencyAsyncTask,doInBackground/1[com.lotex.android.currencyexchange.Currency[]],false,50,2,1,0,1,1,1,4,1,0,1,1,0,0,0,0,0,0,0,1,0,0,0,0,0,0,6,4,0,false
/home/arch_design_predict/download-github-repos/mvvm/repos/SimpleCurrencyExchange-master/app/src/main/java/com/lotex/android/currencyexchange/CurrencyRepository.java,com.lotex.android.currencyexchange.CurrencyRepository$InsertCurrencyAsyncTask,InsertCurrencyAsyncTask/1[com.lotex.android.currencyexchange.CurrencyDao],true,45,1,1,1,0,1,0,3,0,0,1,0,0,0,0,0,0,0,0,0,1,0,0,0,0,0,6,2,0,false
/home/arch_design_predict/download-github-repos/mvvm/repos/SimpleCurrencyExchange-master/app/src/androidTest/java/com/lotex/android/currencyexchange/ExampleInstrumentedTest.java,com.lotex.android.currencyexchange.ExampleInstrumentedTest,useAppContext/0,false,21,2,0,0,0,1,4,4,0,1,0,4,0,0,0,0,0,0,1,0,1,0,0,0,0,0,6,1,0,false
/home/arch_design_predict/download-github-repos/mvvm/repos/SimpleCurrencyExchange-master/app/src/main/java/com/lotex/android/currencyexchange/adapter/CurrencyAdapter.java,com.lotex.android.currencyexchange.adapter.CurrencyAdapter$CurrencyViewHolder$Anonymous2,onClick/1[com.lotex.android.currencyexchange.adapter.View],false,153,2,1,0,1,4,3,6,0,1,1,3,0,0,0,3,0,0,0,1,1,0,1,0,0,0,11,1,0,false
/home/arch_design_predict/download-github-repos/mvvm/repos/SimpleCurrencyExchange-master/app/src/main/java/com/lotex/android/currencyexchange/adapter/CurrencyAdapter.java,com.lotex.android.currencyexchange.adapter.CurrencyAdapter$OnItemClickListener,"onItemClick/2[com.lotex.android.currencyexchange.Currency,int]",false,164,1,1,1,0,1,0,1,0,0,2,0,0,0,0,0,0,0,0,0,0,0,0,0,0,0,5,0,0,false
/home/arch_design_predict/download-github-repos/mvvm/repos/SimpleCurrencyExchange-master/app/src/main/java/com/lotex/android/currencyexchange/CurrencyDao.java,com.lotex.android.currencyexchange.CurrencyDao,deleteAllCurrency/0,false,24,1,1,1,0,1,0,1,0,0,0,0,0,0,0,0,0,0,1,0,0,0,0,0,0,0,7,0,0,false
/home/arch_design_predict/download-github-repos/mvvm/repos/SimpleCurrencyExchange-master/app/src/main/java/com/lotex/android/currencyexchange/CurrencyDao.java,com.lotex.android.currencyexchange.CurrencyDao,update/1[com.lotex.android.currencyexchange.Currency[]],false,18,2,1,1,0,1,0,1,0,0,1,0,0,0,0,0,0,0,0,0,0,0,0,0,0,0,2,0,0,false
/home/arch_design_predict/download-github-repos/mvvm/repos/SimpleCurrencyExchange-master/app/src/main/java/com/lotex/android/currencyexchange/CurrencyDao.java,com.lotex.android.currencyexchange.CurrencyDao,getAllCurrency/0,false,27,3,1,1,0,1,0,1,0,0,0,0,0,0,0,0,0,0,1,0,0,0,0,0,0,0,14,0,0,false
/home/arch_design_predict/download-github-repos/mvvm/repos/SimpleCurrencyExchange-master/app/src/main/java/com/lotex/android/currencyexchange/CurrencyDao.java,com.lotex.android.currencyexchange.CurrencyDao,insert/1[com.lotex.android.currencyexchange.Currency],false,15,2,2,2,0,1,0,1,0,0,1,0,0,0,0,0,0,0,0,0,0,0,0,0,0,0,3,0,0,false
/home/arch_design_predict/download-github-repos/mvvm/repos/SimpleCurrencyExchange-master/app/src/main/java/com/lotex/android/currencyexchange/CurrencyDao.java,com.lotex.android.currencyexchange.CurrencyDao,delete/1[com.lotex.android.currencyexchange.Currency],false,21,2,1,1,0,1,0,1,0,0,1,0,0,0,0,0,0,0,0,0,0,0,0,0,0,0,3,0,0,false
/home/arch_design_predict/download-github-repos/mvvm/repos/SimpleCurrencyExchange-master/app/src/main/java/com/lotex/android/currencyexchange/CurrencyRepository.java,com.lotex.android.currencyexchange.CurrencyRepository$DeleteAllCurrencyAsyncTask,DeleteAllCurrencyAsyncTask/1[com.lotex.android.currencyexchange.CurrencyDao],true,91,1,1,1,0,1,0,3,0,0,1,0,0,0,0,0,0,0,0,0,1,0,0,0,0,0,7,2,0,false
/home/arch_design_predict/download-github-repos/mvvm/repos/SimpleCurrencyExchange-master/app/src/main/java/com/lotex/android/currencyexchange/CurrencyRepository.java,com.lotex.android.currencyexchange.CurrencyRepository$DeleteAllCurrencyAsyncTask,doInBackground/1[java.lang.Void[]],false,96,1,1,0,1,1,1,4,1,0,1,1,0,0,0,0,0,0,0,0,0,0,0,0,0,0,6,4,0,false
/home/arch_design_predict/download-github-repos/mvvm/repos/SimpleCurrencyExchange-master/app/src/main/java/com/lotex/android/currencyexchange/adapter/CurrencyAdapter.java,com.lotex.android.currencyexchange.adapter.CurrencyAdapter,CurrencyAdapter/0,true,36,0,1,1,0,1,0,3,0,0,0,0,0,0,0,0,0,0,0,0,0,0,0,0,0,0,11,1,0,false
/home/arch_design_predict/download-github-repos/mvvm/repos/SimpleCurrencyExchange-master/app/src/main/java/com/lotex/android/currencyexchange/adapter/CurrencyAdapter.java,com.lotex.android.currencyexchange.adapter.CurrencyAdapter,getCurrencyAt/1[int],false,95,1,3,3,0,1,1,3,1,0,1,1,0,0,0,0,0,0,0,0,0,0,0,0,0,0,5,1,0,false
/home/arch_design_predict/download-github-repos/mvvm/repos/SimpleCurrencyExchange-master/app/src/main/java/com/lotex/android/currencyexchange/adapter/CurrencyAdapter.java,com.lotex.android.currencyexchange.adapter.CurrencyAdapter,"onBindViewHolder/2[com.lotex.android.currencyexchange.adapter.CurrencyAdapter.CurrencyViewHolder,int]",false,73,5,7,0,7,1,17,11,0,1,2,17,1,1,0,0,0,0,7,4,1,2,0,0,0,0,12,1,0,false
/home/arch_design_predict/download-github-repos/mvvm/repos/SimpleCurrencyExchange-master/app/src/main/java/com/lotex/android/currencyexchange/adapter/CurrencyAdapter.java,com.lotex.android.currencyexchange.adapter.CurrencyAdapter,setOnItemClickListener/1[com.lotex.android.currencyexchange.adapter.CurrencyAdapter.OnItemClickListener],false,167,1,1,1,0,1,0,3,0,0,1,0,0,0,0,0,0,0,0,0,1,0,0,0,0,0,6,1,0,false
/home/arch_design_predict/download-github-repos/mvvm/repos/SimpleCurrencyExchange-master/app/src/main/java/com/lotex/android/currencyexchange/adapter/CurrencyAdapter.java,com.lotex.android.currencyexchange.adapter.CurrencyAdapter,"onCreateViewHolder/2[com.lotex.android.currencyexchange.adapter.ViewGroup,int]",false,66,4,1,0,1,1,3,4,1,1,2,3,0,0,0,0,0,0,0,0,1,0,0,0,0,0,9,1,0,false
/home/arch_design_predict/download-github-repos/mvvm/repos/SimpleCurrencyExchange-master/app/src/main/java/com/lotex/android/currencyexchange/adapter/CurrencyAdapter.java,com.lotex.android.currencyexchange.adapter.CurrencyAdapter,onAttachedToRecyclerView/1[com.lotex.android.currencyexchange.adapter.RecyclerView],false,59,2,0,0,0,1,1,4,0,0,1,1,0,0,0,0,0,0,0,0,1,0,0,0,0,0,7,1,0,false
/home/arch_design_predict/download-github-repos/mvvm/repos/SimpleCurrencyExchange-master/app/src/main/java/com/lotex/android/currencyexchange/adapter/CurrencyAdapter.java,com.lotex.android.currencyexchange.adapter.CurrencyAdapter,"changeCurrencyLook/2[com.lotex.android.currencyexchange.adapter.CurrencyAdapter.CurrencyViewHolder,int]",false,100,2,2,1,1,2,5,24,0,0,2,5,0,0,0,1,0,0,0,1,0,0,1,0,0,0,6,1,0,false
/home/arch_design_predict/download-github-repos/mvvm/repos/SimpleCurrencyExchange-master/app/src/main/java/com/lotex/android/currencyexchange/Currency.java,com.lotex.android.currencyexchange.Currency,"Currency/6[double,double,java.lang.String,java.lang.String,java.lang.String,int]",true,25,0,1,1,0,1,1,9,0,0,6,1,0,0,0,0,0,0,1,0,7,1,0,0,0,0,9,1,0,false
/home/arch_design_predict/download-github-repos/mvvm/repos/SimpleCurrencyExchange-master/app/src/main/java/com/lotex/android/currencyexchange/Currency.java,com.lotex.android.currencyexchange.Currency,setPriority/1[int],false,122,0,0,0,0,1,0,3,0,0,1,0,0,0,0,0,0,0,0,0,1,0,0,0,0,0,3,1,0,false
/home/arch_design_predict/download-github-repos/mvvm/repos/SimpleCurrencyExchange-master/app/src/main/java/com/lotex/android/currencyexchange/Currency.java,com.lotex.android.currencyexchange.Currency,getCurrencyCode/0,false,70,0,2,2,0,1,0,3,1,0,0,0,0,0,0,0,0,0,0,0,0,0,0,0,0,0,4,1,0,false
/home/arch_design_predict/download-github-repos/mvvm/repos/SimpleCurrencyExchange-master/app/src/main/java/com/lotex/android/currencyexchange/Currency.java,com.lotex.android.currencyexchange.Currency,setCurrencySign/1[java.lang.String],false,90,0,0,0,0,1,0,3,0,0,1,0,0,0,0,0,0,0,0,0,1,0,0,0,0,0,4,1,0,false
/home/arch_design_predict/download-github-repos/mvvm/repos/SimpleCurrencyExchange-master/app/src/main/java/com/lotex/android/currencyexchange/Currency.java,com.lotex.android.currencyexchange.Currency,getPriority/0,false,118,0,0,0,0,1,0,3,1,0,0,0,0,0,0,0,0,0,0,0,0,0,0,0,0,0,3,1,0,false
/home/arch_design_predict/download-github-repos/mvvm/repos/SimpleCurrencyExchange-master/app/src/main/java/com/lotex/android/currencyexchange/Currency.java,com.lotex.android.currencyexchange.Currency,"round/2[double,int]",false,46,0,2,2,0,2,3,6,1,1,2,3,0,0,0,0,0,0,0,1,2,0,1,0,0,0,9,9,0,false
/home/arch_design_predict/download-github-repos/mvvm/repos/SimpleCurrencyExchange-master/app/src/main/java/com/lotex/android/currencyexchange/Currency.java,com.lotex.android.currencyexchange.Currency,setCurrencyCode/1[java.lang.String],false,74,0,0,0,0,1,0,3,0,0,1,0,0,0,0,0,0,0,0,0,1,0,0,0,0,0,5,1,0,false
/home/arch_design_predict/download-github-repos/mvvm/repos/SimpleCurrencyExchange-master/app/src/main/java/com/lotex/android/currencyexchange/Currency.java,com.lotex.android.currencyexchange.Currency,getCurrencyName/0,false,78,0,1,1,0,1,0,3,1,0,0,0,0,0,0,0,0,0,0,0,0,0,0,0,0,0,4,1,0,false
/home/arch_design_predict/download-github-repos/mvvm/repos/SimpleCurrencyExchange-master/app/src/main/java/com/lotex/android/currencyexchange/Currency.java,com.lotex.android.currencyexchange.Currency,setExchangeRate/1[double],false,66,0,0,0,0,1,0,3,0,0,1,0,0,0,0,0,0,0,0,0,1,0,0,0,0,0,4,1,0,false
/home/arch_design_predict/download-github-repos/mvvm/repos/SimpleCurrencyExchange-master/app/src/main/java/com/lotex/android/currencyexchange/Currency.java,com.lotex.android.currencyexchange.Currency,getExchangeRate/0,false,62,0,0,0,0,1,0,3,1,0,0,0,0,0,0,0,0,0,0,0,0,0,0,0,0,0,4,1,0,false
/home/arch_design_predict/download-github-repos/mvvm/repos/SimpleCurrencyExchange-master/app/src/main/java/com/lotex/android/currencyexchange/Currency.java,com.lotex.android.currencyexchange.Currency,setCurrencyVal/1[double],false,58,0,0,0,0,1,0,3,0,0,1,0,0,0,0,0,0,0,0,0,1,0,0,0,0,0,5,1,0,false
/home/arch_design_predict/download-github-repos/mvvm/repos/SimpleCurrencyExchange-master/app/src/main/java/com/lotex/android/currencyexchange/Currency.java,com.lotex.android.currencyexchange.Currency,setFlagName/1[java.lang.String],false,114,0,0,0,0,1,0,3,0,0,1,0,0,0,0,0,0,0,0,0,1,0,0,0,0,0,4,1,0,false
/home/arch_design_predict/download-github-repos/mvvm/repos/SimpleCurrencyExchange-master/app/src/main/java/com/lotex/android/currencyexchange/Currency.java,com.lotex.android.currencyexchange.Currency,"compareAmount/2[java.lang.String,double]",false,102,1,2,1,1,2,2,8,2,0,2,2,1,1,0,0,0,0,1,3,0,2,1,0,0,0,5,1,0,false
/home/arch_design_predict/download-github-repos/mvvm/repos/SimpleCurrencyExchange-master/app/src/main/java/com/lotex/android/currencyexchange/Currency.java,com.lotex.android.currencyexchange.Currency,getFlagName/0,false,110,0,0,0,0,1,0,3,1,0,0,0,0,0,0,0,0,0,0,0,0,0,0,0,0,0,4,1,0,false
/home/arch_design_predict/download-github-repos/mvvm/repos/SimpleCurrencyExchange-master/app/src/main/java/com/lotex/android/currencyexchange/Currency.java,com.lotex.android.currencyexchange.Currency,"convertAmount/3[java.lang.String,double,double]",false,94,1,1,0,1,2,2,8,2,0,3,2,1,1,0,0,0,0,1,2,0,3,1,0,0,0,8,1,0,false
/home/arch_design_predict/download-github-repos/mvvm/repos/SimpleCurrencyExchange-master/app/src/main/java/com/lotex/android/currencyexchange/Currency.java,com.lotex.android.currencyexchange.Currency,setCurrencyName/1[java.lang.String],false,82,0,0,0,0,1,0,3,0,0,1,0,0,0,0,0,0,0,0,0,1,0,0,0,0,0,4,1,0,false
/home/arch_design_predict/download-github-repos/mvvm/repos/SimpleCurrencyExchange-master/app/src/main/java/com/lotex/android/currencyexchange/Currency.java,com.lotex.android.currencyexchange.Currency,"Currency/2[com.lotex.android.currencyexchange.Currency,int]",true,36,1,3,3,0,1,1,9,0,0,2,1,0,0,0,0,0,0,1,0,7,1,0,0,0,0,2,1,0,false
/home/arch_design_predict/download-github-repos/mvvm/repos/SimpleCurrencyExchange-master/app/src/main/java/com/lotex/android/currencyexchange/Currency.java,com.lotex.android.currencyexchange.Currency,getCurrencySign/0,false,86,0,1,1,0,1,0,3,1,0,0,0,0,0,0,0,0,0,0,0,0,0,0,0,0,0,4,1,0,false
/home/arch_design_predict/download-github-repos/mvvm/repos/SimpleCurrencyExchange-master/app/src/main/java/com/lotex/android/currencyexchange/Currency.java,com.lotex.android.currencyexchange.Currency,getCurrencyVal/0,false,54,0,1,1,0,1,0,3,1,0,0,0,0,0,0,0,0,0,0,0,0,0,0,0,0,0,4,1,0,false
/home/arch_design_predict/download-github-repos/mvvm/repos/SimpleCurrencyExchange-master/app/src/main/java/com/lotex/android/currencyexchange/CurrencyDatabase.java,com.lotex.android.currencyexchange.CurrencyDatabase$PopulateDbAsyncTask,doInBackground/1[java.lang.Void[]],false,48,2,2,0,2,1,1,15,1,0,1,1,0,0,0,0,0,0,36,36,0,0,0,0,0,0,9,4,0,false
/home/arch_design_predict/download-github-repos/mvvm/repos/SimpleCurrencyExchange-master/app/src/main/java/com/lotex/android/currencyexchange/CurrencyDatabase.java,com.lotex.android.currencyexchange.CurrencyDatabase$PopulateDbAsyncTask,PopulateDbAsyncTask/1[com.lotex.android.currencyexchange.CurrencyDatabase],true,43,1,2,1,1,1,1,3,0,0,1,1,0,0,0,0,0,0,0,0,1,0,0,0,0,0,9,2,0,false
/home/arch_design_predict/download-github-repos/mvvm/repos/SimpleCurrencyExchange-master/app/src/main/java/com/lotex/android/currencyexchange/adapter/CurrencyAdapter.java,com.lotex.android.currencyexchange.adapter.CurrencyAdapter$CurrencyViewHolder,"CurrencyViewHolder/2[com.lotex.android.currencyexchange.adapter.View,com.lotex.android.currencyexchange.adapter.CurrencyAdapter]",true,134,3,2,1,1,1,3,23,0,0,2,3,0,0,0,0,0,0,0,0,10,0,0,1,0,0,31,1,0,false
/home/arch_design_predict/download-github-repos/mvvm/repos/SimpleCurrencyExchange-master/app/src/main/java/com/lotex/android/currencyexchange/CurrencyDatabase.java,com.lotex.android.currencyexchange.CurrencyDatabase$Anonymous1,onCreate/1[com.lotex.android.currencyexchange.SupportSQLiteDatabase],false,34,3,1,0,1,1,2,4,0,0,1,2,0,0,0,0,0,0,0,0,0,0,0,0,0,0,13,1,0,false
/home/arch_design_predict/download-github-repos/mvvm/repos/SimpleCurrencyExchange-master/app/src/main/java/com/lotex/android/currencyexchange/CurrencyRepository.java,com.lotex.android.currencyexchange.CurrencyRepository$UpdateCurrencyAsyncTask,doInBackground/1[com.lotex.android.currencyexchange.Currency[]],false,64,2,1,0,1,2,1,6,1,1,1,1,0,0,1,0,0,0,0,1,1,0,1,0,0,0,7,4,0,false
/home/arch_design_predict/download-github-repos/mvvm/repos/SimpleCurrencyExchange-master/app/src/main/java/com/lotex/android/currencyexchange/CurrencyRepository.java,com.lotex.android.currencyexchange.CurrencyRepository$UpdateCurrencyAsyncTask,UpdateCurrencyAsyncTask/1[com.lotex.android.currencyexchange.CurrencyDao],true,59,1,1,1,0,1,0,3,0,0,1,0,0,0,0,0,0,0,0,0,1,0,0,0,0,0,6,2,0,false
/home/arch_design_predict/download-github-repos/mvvm/repos/SimpleCurrencyExchange-master/app/src/main/java/com/lotex/android/currencyexchange/activity/AddCurrencyActivity.java,com.lotex.android.currencyexchange.activity.AddCurrencyActivity,onCreate/1[com.lotex.android.currencyexchange.activity.Bundle],false,12,1,0,0,0,1,2,4,0,0,1,2,0,0,0,0,0,0,0,0,0,0,0,0,0,0,9,4,0,false
/home/arch_design_predict/download-github-repos/mvvm/repos/SimpleCurrencyExchange-master/app/src/main/java/com/lotex/android/currencyexchange/activity/MainActivity.java,com.lotex.android.currencyexchange.activity.MainActivity$Anonymous3,"onItemClick/2[com.lotex.android.currencyexchange.Currency,int]",false,116,3,3,0,3,1,4,7,0,2,2,4,0,0,0,0,0,0,0,3,2,0,0,0,0,0,9,1,0,false
/home/arch_design_predict/download-github-repos/mvvm/repos/SimpleCurrencyExchange-master/app/src/main/java/com/lotex/android/currencyexchange/activity/MainActivity.java,com.lotex.android.currencyexchange.activity.MainActivity$Anonymous2,"onMove/3[com.lotex.android.currencyexchange.activity.RecyclerView,RecyclerView.ViewHolder,RecyclerView.ViewHolder]",false,78,6,3,0,3,2,3,10,1,4,3,3,0,0,0,1,0,0,0,1,4,0,1,0,0,0,12,1,0,false
/home/arch_design_predict/download-github-repos/mvvm/repos/SimpleCurrencyExchange-master/app/src/main/java/com/lotex/android/currencyexchange/activity/MainActivity.java,com.lotex.android.currencyexchange.activity.MainActivity$Anonymous2,"getMovementFlags/2[com.lotex.android.currencyexchange.activity.RecyclerView,RecyclerView.ViewHolder]",false,106,3,0,0,0,2,2,6,2,0,2,2,0,0,0,1,0,0,0,2,0,0,1,0,0,0,7,1,0,false
/home/arch_design_predict/download-github-repos/mvvm/repos/SimpleCurrencyExchange-master/app/src/main/java/com/lotex/android/currencyexchange/activity/MainActivity.java,com.lotex.android.currencyexchange.activity.MainActivity$Anonymous2,"onSwiped/2[RecyclerView.ViewHolder,int]",false,91,5,5,0,5,2,8,9,0,3,2,8,0,0,1,0,0,0,1,1,3,2,1,0,0,0,7,1,0,false
/home/arch_design_predict/download-github-repos/mvvm/repos/SimpleCurrencyExchange-master/app/src/main/java/com/lotex/android/currencyexchange/activity/MainActivity.java,com.lotex.android.currencyexchange.activity.MainActivity,viewAttach/0,false,126,1,1,1,0,1,2,4,0,1,0,2,0,0,0,0,0,0,0,0,1,0,0,0,0,0,10,1,0,false
/home/arch_design_predict/download-github-repos/mvvm/repos/SimpleCurrencyExchange-master/app/src/main/java/com/lotex/android/currencyexchange/activity/MainActivity.java,com.lotex.android.currencyexchange.activity.MainActivity,"onActivityResult/3[int,int,com.lotex.android.currencyexchange.activity.Intent]",false,145,2,0,0,0,3,3,9,0,0,3,3,0,0,0,2,0,0,2,0,0,0,1,0,0,0,24,4,0,false
/home/arch_design_predict/download-github-repos/mvvm/repos/SimpleCurrencyExchange-master/app/src/main/java/com/lotex/android/currencyexchange/activity/MainActivity.java,com.lotex.android.currencyexchange.activity.MainActivity,onCreate/1[com.lotex.android.currencyexchange.activity.Bundle],false,40,11,5,0,5,1,16,58,0,2,1,16,1,1,0,0,0,0,0,0,4,0,0,3,0,0,52,4,0,false
/home/arch_design_predict/download-github-repos/mvvm/repos/SimpleCurrencyExchange-master/app/src/main/java/com/lotex/android/currencyexchange/activity/MainActivity.java,com.lotex.android.currencyexchange.activity.MainActivity,onClick/1[com.lotex.android.currencyexchange.activity.View],false,132,3,0,0,0,2,4,11,0,1,1,4,0,0,0,0,0,0,1,0,1,0,1,0,0,0,10,1,0,false
/home/arch_design_predict/download-github-repos/mvvm/repos/SimpleCurrencyExchange-master/app/src/main/java/com/lotex/android/currencyexchange/activity/MainActivity.java,com.lotex.android.currencyexchange.activity.MainActivity,getContext/0,false,168,1,2,2,0,1,0,3,1,0,0,0,0,0,0,0,0,0,0,0,0,0,0,0,0,0,5,9,0,false
/home/arch_design_predict/download-github-repos/mvvm/repos/SimpleCurrencyExchange-master/app/src/main/java/com/lotex/android/currencyexchange/CurrencyDatabase.java,com.lotex.android.currencyexchange.CurrencyDatabase,getInstance/1[com.lotex.android.currencyexchange.Context],false,21,2,1,1,0,2,5,6,1,0,1,5,0,0,0,1,0,0,1,0,1,0,1,0,0,0,10,41,0,false
/home/arch_design_predict/download-github-repos/mvvm/repos/SimpleCurrencyExchange-master/app/src/main/java/com/lotex/android/currencyexchange/CurrencyDatabase.java,com.lotex.android.currencyexchange.CurrencyDatabase,currencyDao/0,false,19,1,2,2,0,1,0,1,0,0,0,0,0,0,0,0,0,0,0,0,0,0,0,0,0,0,3,1025,0,false
/home/arch_design_predict/download-github-repos/mvvm/repos/SimpleCurrencyExchange-master/app/src/main/java/com/lotex/android/currencyexchange/activity/MainActivity.java,com.lotex.android.currencyexchange.activity.MainActivity$Anonymous1,onChanged/1[java.util.List<com.lotex.android.currencyexchange.Currency>],false,54,1,0,0,0,1,1,3,0,0,1,1,0,0,0,0,0,0,0,0,0,0,0,0,0,0,3,1,0,false
/home/arch_design_predict/download-github-repos/mvvm/repos/SimpleCurrencyExchange-master/app/src/main/java/com/lotex/android/currencyexchange/adapter/CurrencyAdapter.java,com.lotex.android.currencyexchange.adapter.CurrencyAdapter$customEditorActionListener,"onEditorAction/3[com.lotex.android.currencyexchange.adapter.TextView,int,com.lotex.android.currencyexchange.adapter.KeyEvent]",false,183,2,0,0,0,5,14,21,1,3,3,14,0,0,2,1,0,0,1,6,6,0,3,0,0,0,19,1,0,false
/home/arch_design_predict/download-github-repos/mvvm/repos/SimpleCurrencyExchange-master/app/src/main/java/com/lotex/android/currencyexchange/adapter/CurrencyAdapter.java,com.lotex.android.currencyexchange.adapter.CurrencyAdapter$customEditorActionListener,customEditorActionListener/1[com.lotex.android.currencyexchange.adapter.EditText],true,178,1,1,1,0,1,0,3,0,0,1,0,0,0,0,0,0,0,0,0,1,0,0,0,0,0,7,2,0,false
