file,class,method,variable,usage
/home/arch_design_predict/download-github-repos/mvvm/repos/SimpleCurrencyExchange-master/app/src/main/java/com/lotex/android/currencyexchange/CurrencyViewModel.java,com.lotex.android.currencyexchange.CurrencyViewModel,delete/1[com.lotex.android.currencyexchange.Currency],currency,1
/home/arch_design_predict/download-github-repos/mvvm/repos/SimpleCurrencyExchange-master/app/src/main/java/com/lotex/android/currencyexchange/CurrencyViewModel.java,com.lotex.android.currencyexchange.CurrencyViewModel,update/1[com.lotex.android.currencyexchange.Currency[]],currency,1
/home/arch_design_predict/download-github-repos/mvvm/repos/SimpleCurrencyExchange-master/app/src/main/java/com/lotex/android/currencyexchange/CurrencyViewModel.java,com.lotex.android.currencyexchange.CurrencyViewModel,insert/1[com.lotex.android.currencyexchange.Currency],currency,1
/home/arch_design_predict/download-github-repos/mvvm/repos/SimpleCurrencyExchange-master/app/src/main/java/com/lotex/android/currencyexchange/CurrencyViewModel.java,com.lotex.android.currencyexchange.CurrencyViewModel,CurrencyViewModel/1[com.lotex.android.currencyexchange.Application],application,2
/home/arch_design_predict/download-github-repos/mvvm/repos/SimpleCurrencyExchange-master/app/src/main/java/com/lotex/android/currencyexchange/model/CurrencyModel.java,com.lotex.android.currencyexchange.model.CurrencyModel,setCurrencyVal/1[double],mFromCurrencyVal,1
/home/arch_design_predict/download-github-repos/mvvm/repos/SimpleCurrencyExchange-master/app/src/main/java/com/lotex/android/currencyexchange/model/CurrencyModel.java,com.lotex.android.currencyexchange.model.CurrencyModel,setCurrencyName/1[java.lang.String],mCurrencyName,2
/home/arch_design_predict/download-github-repos/mvvm/repos/SimpleCurrencyExchange-master/app/src/main/java/com/lotex/android/currencyexchange/model/CurrencyModel.java,com.lotex.android.currencyexchange.model.CurrencyModel,"CurrencyModel/5[double,double,java.lang.String,java.lang.String,java.lang.String]",mCurrencyCode,3
/home/arch_design_predict/download-github-repos/mvvm/repos/SimpleCurrencyExchange-master/app/src/main/java/com/lotex/android/currencyexchange/model/CurrencyModel.java,com.lotex.android.currencyexchange.model.CurrencyModel,"CurrencyModel/5[double,double,java.lang.String,java.lang.String,java.lang.String]",mCurrencyName,2
/home/arch_design_predict/download-github-repos/mvvm/repos/SimpleCurrencyExchange-master/app/src/main/java/com/lotex/android/currencyexchange/model/CurrencyModel.java,com.lotex.android.currencyexchange.model.CurrencyModel,"CurrencyModel/5[double,double,java.lang.String,java.lang.String,java.lang.String]",mCurrencySign,2
/home/arch_design_predict/download-github-repos/mvvm/repos/SimpleCurrencyExchange-master/app/src/main/java/com/lotex/android/currencyexchange/model/CurrencyModel.java,com.lotex.android.currencyexchange.model.CurrencyModel,"CurrencyModel/5[double,double,java.lang.String,java.lang.String,java.lang.String]",mCurrencyVal,2
/home/arch_design_predict/download-github-repos/mvvm/repos/SimpleCurrencyExchange-master/app/src/main/java/com/lotex/android/currencyexchange/model/CurrencyModel.java,com.lotex.android.currencyexchange.model.CurrencyModel,"CurrencyModel/5[double,double,java.lang.String,java.lang.String,java.lang.String]",mExchangeRate,2
/home/arch_design_predict/download-github-repos/mvvm/repos/SimpleCurrencyExchange-master/app/src/main/java/com/lotex/android/currencyexchange/model/CurrencyModel.java,com.lotex.android.currencyexchange.model.CurrencyModel,setCurrencySign/1[java.lang.String],mCurrencySign,2
/home/arch_design_predict/download-github-repos/mvvm/repos/SimpleCurrencyExchange-master/app/src/main/java/com/lotex/android/currencyexchange/model/CurrencyModel.java,com.lotex.android.currencyexchange.model.CurrencyModel,"compareAmount/2[java.lang.String,double]",homeCode,1
/home/arch_design_predict/download-github-repos/mvvm/repos/SimpleCurrencyExchange-master/app/src/main/java/com/lotex/android/currencyexchange/model/CurrencyModel.java,com.lotex.android.currencyexchange.model.CurrencyModel,"compareAmount/2[java.lang.String,double]",homeValue,1
/home/arch_design_predict/download-github-repos/mvvm/repos/SimpleCurrencyExchange-master/app/src/main/java/com/lotex/android/currencyexchange/model/CurrencyModel.java,com.lotex.android.currencyexchange.model.CurrencyModel,"convertAmount/3[java.lang.String,double,double]",homeCode,1
/home/arch_design_predict/download-github-repos/mvvm/repos/SimpleCurrencyExchange-master/app/src/main/java/com/lotex/android/currencyexchange/model/CurrencyModel.java,com.lotex.android.currencyexchange.model.CurrencyModel,"convertAmount/3[java.lang.String,double,double]",amount,2
/home/arch_design_predict/download-github-repos/mvvm/repos/SimpleCurrencyExchange-master/app/src/main/java/com/lotex/android/currencyexchange/model/CurrencyModel.java,com.lotex.android.currencyexchange.model.CurrencyModel,"convertAmount/3[java.lang.String,double,double]",homeValue,1
/home/arch_design_predict/download-github-repos/mvvm/repos/SimpleCurrencyExchange-master/app/src/main/java/com/lotex/android/currencyexchange/model/CurrencyModel.java,com.lotex.android.currencyexchange.model.CurrencyModel,"CurrencyModel/4[double,double,java.lang.String,java.lang.String]",mCurrencyCode,2
/home/arch_design_predict/download-github-repos/mvvm/repos/SimpleCurrencyExchange-master/app/src/main/java/com/lotex/android/currencyexchange/model/CurrencyModel.java,com.lotex.android.currencyexchange.model.CurrencyModel,"CurrencyModel/4[double,double,java.lang.String,java.lang.String]",mCurrencyName,2
/home/arch_design_predict/download-github-repos/mvvm/repos/SimpleCurrencyExchange-master/app/src/main/java/com/lotex/android/currencyexchange/model/CurrencyModel.java,com.lotex.android.currencyexchange.model.CurrencyModel,"CurrencyModel/4[double,double,java.lang.String,java.lang.String]",mCurrencyVal,2
/home/arch_design_predict/download-github-repos/mvvm/repos/SimpleCurrencyExchange-master/app/src/main/java/com/lotex/android/currencyexchange/model/CurrencyModel.java,com.lotex.android.currencyexchange.model.CurrencyModel,"CurrencyModel/4[double,double,java.lang.String,java.lang.String]",mExchangeRate,2
/home/arch_design_predict/download-github-repos/mvvm/repos/SimpleCurrencyExchange-master/app/src/main/java/com/lotex/android/currencyexchange/model/CurrencyModel.java,com.lotex.android.currencyexchange.model.CurrencyModel,setFlagName/1[java.lang.String],mFlagName,2
/home/arch_design_predict/download-github-repos/mvvm/repos/SimpleCurrencyExchange-master/app/src/main/java/com/lotex/android/currencyexchange/model/CurrencyModel.java,com.lotex.android.currencyexchange.model.CurrencyModel,setExchangeRate/1[double],mExchangeRate,2
/home/arch_design_predict/download-github-repos/mvvm/repos/SimpleCurrencyExchange-master/app/src/main/java/com/lotex/android/currencyexchange/model/CurrencyModel.java,com.lotex.android.currencyexchange.model.CurrencyModel,setCurrencyCode/1[java.lang.String],mFromCurrencyCode,1
/home/arch_design_predict/download-github-repos/mvvm/repos/SimpleCurrencyExchange-master/app/src/main/java/com/lotex/android/currencyexchange/model/CurrencyModel.java,com.lotex.android.currencyexchange.model.CurrencyModel,"round/2[double,int]",places,2
/home/arch_design_predict/download-github-repos/mvvm/repos/SimpleCurrencyExchange-master/app/src/main/java/com/lotex/android/currencyexchange/model/CurrencyModel.java,com.lotex.android.currencyexchange.model.CurrencyModel,"round/2[double,int]",bd,3
/home/arch_design_predict/download-github-repos/mvvm/repos/SimpleCurrencyExchange-master/app/src/main/java/com/lotex/android/currencyexchange/model/CurrencyModel.java,com.lotex.android.currencyexchange.model.CurrencyModel,"round/2[double,int]",value,1
/home/arch_design_predict/download-github-repos/mvvm/repos/SimpleCurrencyExchange-master/app/src/main/java/com/lotex/android/currencyexchange/CurrencyRepository.java,com.lotex.android.currencyexchange.CurrencyRepository,delete/1[com.lotex.android.currencyexchange.Currency],currency,1
/home/arch_design_predict/download-github-repos/mvvm/repos/SimpleCurrencyExchange-master/app/src/main/java/com/lotex/android/currencyexchange/CurrencyRepository.java,com.lotex.android.currencyexchange.CurrencyRepository,CurrencyRepository/1[com.lotex.android.currencyexchange.Application],database,1
/home/arch_design_predict/download-github-repos/mvvm/repos/SimpleCurrencyExchange-master/app/src/main/java/com/lotex/android/currencyexchange/CurrencyRepository.java,com.lotex.android.currencyexchange.CurrencyRepository,CurrencyRepository/1[com.lotex.android.currencyexchange.Application],application,1
/home/arch_design_predict/download-github-repos/mvvm/repos/SimpleCurrencyExchange-master/app/src/main/java/com/lotex/android/currencyexchange/CurrencyRepository.java,com.lotex.android.currencyexchange.CurrencyRepository,update/1[com.lotex.android.currencyexchange.Currency[]],currency,1
/home/arch_design_predict/download-github-repos/mvvm/repos/SimpleCurrencyExchange-master/app/src/main/java/com/lotex/android/currencyexchange/CurrencyRepository.java,com.lotex.android.currencyexchange.CurrencyRepository,insert/1[com.lotex.android.currencyexchange.Currency],currency,1
/home/arch_design_predict/download-github-repos/mvvm/repos/SimpleCurrencyExchange-master/app/src/main/java/com/lotex/android/currencyexchange/adapter/CurrencyAdapter.java,com.lotex.android.currencyexchange.adapter.CurrencyAdapter$Anonymous1,"areItemsTheSame/2[Currency,Currency]",newItem,1
/home/arch_design_predict/download-github-repos/mvvm/repos/SimpleCurrencyExchange-master/app/src/main/java/com/lotex/android/currencyexchange/adapter/CurrencyAdapter.java,com.lotex.android.currencyexchange.adapter.CurrencyAdapter$Anonymous1,"areItemsTheSame/2[Currency,Currency]",oldItem,1
/home/arch_design_predict/download-github-repos/mvvm/repos/SimpleCurrencyExchange-master/app/src/main/java/com/lotex/android/currencyexchange/adapter/CurrencyAdapter.java,com.lotex.android.currencyexchange.adapter.CurrencyAdapter$Anonymous1,"areContentsTheSame/2[Currency,Currency]",newItem,6
/home/arch_design_predict/download-github-repos/mvvm/repos/SimpleCurrencyExchange-master/app/src/main/java/com/lotex/android/currencyexchange/adapter/CurrencyAdapter.java,com.lotex.android.currencyexchange.adapter.CurrencyAdapter$Anonymous1,"areContentsTheSame/2[Currency,Currency]",oldItem,6
/home/arch_design_predict/download-github-repos/mvvm/repos/SimpleCurrencyExchange-master/app/src/main/java/com/lotex/android/currencyexchange/CurrencyRepository.java,com.lotex.android.currencyexchange.CurrencyRepository$DeleteCurrencyAsyncTask,doInBackground/1[com.lotex.android.currencyexchange.Currency[]],currencies,1
/home/arch_design_predict/download-github-repos/mvvm/repos/SimpleCurrencyExchange-master/app/src/main/java/com/lotex/android/currencyexchange/CurrencyRepository.java,com.lotex.android.currencyexchange.CurrencyRepository$DeleteCurrencyAsyncTask,DeleteCurrencyAsyncTask/1[com.lotex.android.currencyexchange.CurrencyDao],currencyDao,2
/home/arch_design_predict/download-github-repos/mvvm/repos/SimpleCurrencyExchange-master/app/src/main/java/com/lotex/android/currencyexchange/CurrencyRepository.java,com.lotex.android.currencyexchange.CurrencyRepository$InsertCurrencyAsyncTask,doInBackground/1[com.lotex.android.currencyexchange.Currency[]],currencies,1
/home/arch_design_predict/download-github-repos/mvvm/repos/SimpleCurrencyExchange-master/app/src/main/java/com/lotex/android/currencyexchange/CurrencyRepository.java,com.lotex.android.currencyexchange.CurrencyRepository$InsertCurrencyAsyncTask,InsertCurrencyAsyncTask/1[com.lotex.android.currencyexchange.CurrencyDao],currencyDao,2
/home/arch_design_predict/download-github-repos/mvvm/repos/SimpleCurrencyExchange-master/app/src/androidTest/java/com/lotex/android/currencyexchange/ExampleInstrumentedTest.java,com.lotex.android.currencyexchange.ExampleInstrumentedTest,useAppContext/0,appContext,1
/home/arch_design_predict/download-github-repos/mvvm/repos/SimpleCurrencyExchange-master/app/src/main/java/com/lotex/android/currencyexchange/adapter/CurrencyAdapter.java,com.lotex.android.currencyexchange.adapter.CurrencyAdapter$CurrencyViewHolder$Anonymous2,onClick/1[com.lotex.android.currencyexchange.adapter.View],v,0
/home/arch_design_predict/download-github-repos/mvvm/repos/SimpleCurrencyExchange-master/app/src/main/java/com/lotex/android/currencyexchange/adapter/CurrencyAdapter.java,com.lotex.android.currencyexchange.adapter.CurrencyAdapter$CurrencyViewHolder$Anonymous2,onClick/1[com.lotex.android.currencyexchange.adapter.View],position,4
/home/arch_design_predict/download-github-repos/mvvm/repos/SimpleCurrencyExchange-master/app/src/main/java/com/lotex/android/currencyexchange/adapter/CurrencyAdapter.java,com.lotex.android.currencyexchange.adapter.CurrencyAdapter$OnItemClickListener,"onItemClick/2[com.lotex.android.currencyexchange.Currency,int]",currency,0
/home/arch_design_predict/download-github-repos/mvvm/repos/SimpleCurrencyExchange-master/app/src/main/java/com/lotex/android/currencyexchange/adapter/CurrencyAdapter.java,com.lotex.android.currencyexchange.adapter.CurrencyAdapter$OnItemClickListener,"onItemClick/2[com.lotex.android.currencyexchange.Currency,int]",position,0
/home/arch_design_predict/download-github-repos/mvvm/repos/SimpleCurrencyExchange-master/app/src/main/java/com/lotex/android/currencyexchange/CurrencyDao.java,com.lotex.android.currencyexchange.CurrencyDao,update/1[com.lotex.android.currencyexchange.Currency[]],currency,0
/home/arch_design_predict/download-github-repos/mvvm/repos/SimpleCurrencyExchange-master/app/src/main/java/com/lotex/android/currencyexchange/CurrencyDao.java,com.lotex.android.currencyexchange.CurrencyDao,insert/1[com.lotex.android.currencyexchange.Currency],currency,0
/home/arch_design_predict/download-github-repos/mvvm/repos/SimpleCurrencyExchange-master/app/src/main/java/com/lotex/android/currencyexchange/CurrencyDao.java,com.lotex.android.currencyexchange.CurrencyDao,delete/1[com.lotex.android.currencyexchange.Currency],currency,0
/home/arch_design_predict/download-github-repos/mvvm/repos/SimpleCurrencyExchange-master/app/src/main/java/com/lotex/android/currencyexchange/CurrencyRepository.java,com.lotex.android.currencyexchange.CurrencyRepository$DeleteAllCurrencyAsyncTask,DeleteAllCurrencyAsyncTask/1[com.lotex.android.currencyexchange.CurrencyDao],currencyDao,2
/home/arch_design_predict/download-github-repos/mvvm/repos/SimpleCurrencyExchange-master/app/src/main/java/com/lotex/android/currencyexchange/CurrencyRepository.java,com.lotex.android.currencyexchange.CurrencyRepository$DeleteAllCurrencyAsyncTask,doInBackground/1[java.lang.Void[]],voids,0
/home/arch_design_predict/download-github-repos/mvvm/repos/SimpleCurrencyExchange-master/app/src/main/java/com/lotex/android/currencyexchange/adapter/CurrencyAdapter.java,com.lotex.android.currencyexchange.adapter.CurrencyAdapter,getCurrencyAt/1[int],position,1
/home/arch_design_predict/download-github-repos/mvvm/repos/SimpleCurrencyExchange-master/app/src/main/java/com/lotex/android/currencyexchange/adapter/CurrencyAdapter.java,com.lotex.android.currencyexchange.adapter.CurrencyAdapter,"onBindViewHolder/2[com.lotex.android.currencyexchange.adapter.CurrencyAdapter.CurrencyViewHolder,int]",mCurrent,8
/home/arch_design_predict/download-github-repos/mvvm/repos/SimpleCurrencyExchange-master/app/src/main/java/com/lotex/android/currencyexchange/adapter/CurrencyAdapter.java,com.lotex.android.currencyexchange.adapter.CurrencyAdapter,"onBindViewHolder/2[com.lotex.android.currencyexchange.adapter.CurrencyAdapter.CurrencyViewHolder,int]",holder,9
/home/arch_design_predict/download-github-repos/mvvm/repos/SimpleCurrencyExchange-master/app/src/main/java/com/lotex/android/currencyexchange/adapter/CurrencyAdapter.java,com.lotex.android.currencyexchange.adapter.CurrencyAdapter,"onBindViewHolder/2[com.lotex.android.currencyexchange.adapter.CurrencyAdapter.CurrencyViewHolder,int]",position,3
/home/arch_design_predict/download-github-repos/mvvm/repos/SimpleCurrencyExchange-master/app/src/main/java/com/lotex/android/currencyexchange/adapter/CurrencyAdapter.java,com.lotex.android.currencyexchange.adapter.CurrencyAdapter,setOnItemClickListener/1[com.lotex.android.currencyexchange.adapter.CurrencyAdapter.OnItemClickListener],listener,2
/home/arch_design_predict/download-github-repos/mvvm/repos/SimpleCurrencyExchange-master/app/src/main/java/com/lotex/android/currencyexchange/adapter/CurrencyAdapter.java,com.lotex.android.currencyexchange.adapter.CurrencyAdapter,"onCreateViewHolder/2[com.lotex.android.currencyexchange.adapter.ViewGroup,int]",parent,2
/home/arch_design_predict/download-github-repos/mvvm/repos/SimpleCurrencyExchange-master/app/src/main/java/com/lotex/android/currencyexchange/adapter/CurrencyAdapter.java,com.lotex.android.currencyexchange.adapter.CurrencyAdapter,"onCreateViewHolder/2[com.lotex.android.currencyexchange.adapter.ViewGroup,int]",viewType,0
/home/arch_design_predict/download-github-repos/mvvm/repos/SimpleCurrencyExchange-master/app/src/main/java/com/lotex/android/currencyexchange/adapter/CurrencyAdapter.java,com.lotex.android.currencyexchange.adapter.CurrencyAdapter,"onCreateViewHolder/2[com.lotex.android.currencyexchange.adapter.ViewGroup,int]",itemView,1
/home/arch_design_predict/download-github-repos/mvvm/repos/SimpleCurrencyExchange-master/app/src/main/java/com/lotex/android/currencyexchange/adapter/CurrencyAdapter.java,com.lotex.android.currencyexchange.adapter.CurrencyAdapter,onAttachedToRecyclerView/1[com.lotex.android.currencyexchange.adapter.RecyclerView],recyclerView,2
/home/arch_design_predict/download-github-repos/mvvm/repos/SimpleCurrencyExchange-master/app/src/main/java/com/lotex/android/currencyexchange/adapter/CurrencyAdapter.java,com.lotex.android.currencyexchange.adapter.CurrencyAdapter,"changeCurrencyLook/2[com.lotex.android.currencyexchange.adapter.CurrencyAdapter.CurrencyViewHolder,int]",holder,18
/home/arch_design_predict/download-github-repos/mvvm/repos/SimpleCurrencyExchange-master/app/src/main/java/com/lotex/android/currencyexchange/adapter/CurrencyAdapter.java,com.lotex.android.currencyexchange.adapter.CurrencyAdapter,"changeCurrencyLook/2[com.lotex.android.currencyexchange.adapter.CurrencyAdapter.CurrencyViewHolder,int]",position,1
/home/arch_design_predict/download-github-repos/mvvm/repos/SimpleCurrencyExchange-master/app/src/main/java/com/lotex/android/currencyexchange/Currency.java,com.lotex.android.currencyexchange.Currency,"Currency/6[double,double,java.lang.String,java.lang.String,java.lang.String,int]",currencyName,2
/home/arch_design_predict/download-github-repos/mvvm/repos/SimpleCurrencyExchange-master/app/src/main/java/com/lotex/android/currencyexchange/Currency.java,com.lotex.android.currencyexchange.Currency,"Currency/6[double,double,java.lang.String,java.lang.String,java.lang.String,int]",currencySign,2
/home/arch_design_predict/download-github-repos/mvvm/repos/SimpleCurrencyExchange-master/app/src/main/java/com/lotex/android/currencyexchange/Currency.java,com.lotex.android.currencyexchange.Currency,"Currency/6[double,double,java.lang.String,java.lang.String,java.lang.String,int]",exchangeRate,2
/home/arch_design_predict/download-github-repos/mvvm/repos/SimpleCurrencyExchange-master/app/src/main/java/com/lotex/android/currencyexchange/Currency.java,com.lotex.android.currencyexchange.Currency,"Currency/6[double,double,java.lang.String,java.lang.String,java.lang.String,int]",currencyVal,2
/home/arch_design_predict/download-github-repos/mvvm/repos/SimpleCurrencyExchange-master/app/src/main/java/com/lotex/android/currencyexchange/Currency.java,com.lotex.android.currencyexchange.Currency,"Currency/6[double,double,java.lang.String,java.lang.String,java.lang.String,int]",priority,2
/home/arch_design_predict/download-github-repos/mvvm/repos/SimpleCurrencyExchange-master/app/src/main/java/com/lotex/android/currencyexchange/Currency.java,com.lotex.android.currencyexchange.Currency,"Currency/6[double,double,java.lang.String,java.lang.String,java.lang.String,int]",currencyCode,3
/home/arch_design_predict/download-github-repos/mvvm/repos/SimpleCurrencyExchange-master/app/src/main/java/com/lotex/android/currencyexchange/Currency.java,com.lotex.android.currencyexchange.Currency,setPriority/1[int],priority,2
/home/arch_design_predict/download-github-repos/mvvm/repos/SimpleCurrencyExchange-master/app/src/main/java/com/lotex/android/currencyexchange/Currency.java,com.lotex.android.currencyexchange.Currency,setCurrencySign/1[java.lang.String],mCurrencySign,1
/home/arch_design_predict/download-github-repos/mvvm/repos/SimpleCurrencyExchange-master/app/src/main/java/com/lotex/android/currencyexchange/Currency.java,com.lotex.android.currencyexchange.Currency,"round/2[double,int]",places,2
/home/arch_design_predict/download-github-repos/mvvm/repos/SimpleCurrencyExchange-master/app/src/main/java/com/lotex/android/currencyexchange/Currency.java,com.lotex.android.currencyexchange.Currency,"round/2[double,int]",bd,3
/home/arch_design_predict/download-github-repos/mvvm/repos/SimpleCurrencyExchange-master/app/src/main/java/com/lotex/android/currencyexchange/Currency.java,com.lotex.android.currencyexchange.Currency,"round/2[double,int]",value,1
/home/arch_design_predict/download-github-repos/mvvm/repos/SimpleCurrencyExchange-master/app/src/main/java/com/lotex/android/currencyexchange/Currency.java,com.lotex.android.currencyexchange.Currency,setCurrencyCode/1[java.lang.String],mFromCurrencyCode,1
/home/arch_design_predict/download-github-repos/mvvm/repos/SimpleCurrencyExchange-master/app/src/main/java/com/lotex/android/currencyexchange/Currency.java,com.lotex.android.currencyexchange.Currency,setExchangeRate/1[double],mExchangeRate,1
/home/arch_design_predict/download-github-repos/mvvm/repos/SimpleCurrencyExchange-master/app/src/main/java/com/lotex/android/currencyexchange/Currency.java,com.lotex.android.currencyexchange.Currency,setCurrencyVal/1[double],mFromCurrencyVal,1
/home/arch_design_predict/download-github-repos/mvvm/repos/SimpleCurrencyExchange-master/app/src/main/java/com/lotex/android/currencyexchange/Currency.java,com.lotex.android.currencyexchange.Currency,setFlagName/1[java.lang.String],mFlagName,2
/home/arch_design_predict/download-github-repos/mvvm/repos/SimpleCurrencyExchange-master/app/src/main/java/com/lotex/android/currencyexchange/Currency.java,com.lotex.android.currencyexchange.Currency,"compareAmount/2[java.lang.String,double]",homeCode,1
/home/arch_design_predict/download-github-repos/mvvm/repos/SimpleCurrencyExchange-master/app/src/main/java/com/lotex/android/currencyexchange/Currency.java,com.lotex.android.currencyexchange.Currency,"compareAmount/2[java.lang.String,double]",homeValue,1
/home/arch_design_predict/download-github-repos/mvvm/repos/SimpleCurrencyExchange-master/app/src/main/java/com/lotex/android/currencyexchange/Currency.java,com.lotex.android.currencyexchange.Currency,"convertAmount/3[java.lang.String,double,double]",homeCode,1
/home/arch_design_predict/download-github-repos/mvvm/repos/SimpleCurrencyExchange-master/app/src/main/java/com/lotex/android/currencyexchange/Currency.java,com.lotex.android.currencyexchange.Currency,"convertAmount/3[java.lang.String,double,double]",amount,2
/home/arch_design_predict/download-github-repos/mvvm/repos/SimpleCurrencyExchange-master/app/src/main/java/com/lotex/android/currencyexchange/Currency.java,com.lotex.android.currencyexchange.Currency,"convertAmount/3[java.lang.String,double,double]",homeValue,1
/home/arch_design_predict/download-github-repos/mvvm/repos/SimpleCurrencyExchange-master/app/src/main/java/com/lotex/android/currencyexchange/Currency.java,com.lotex.android.currencyexchange.Currency,setCurrencyName/1[java.lang.String],mCurrencyName,1
/home/arch_design_predict/download-github-repos/mvvm/repos/SimpleCurrencyExchange-master/app/src/main/java/com/lotex/android/currencyexchange/Currency.java,com.lotex.android.currencyexchange.Currency,"Currency/2[com.lotex.android.currencyexchange.Currency,int]",currency,5
/home/arch_design_predict/download-github-repos/mvvm/repos/SimpleCurrencyExchange-master/app/src/main/java/com/lotex/android/currencyexchange/Currency.java,com.lotex.android.currencyexchange.Currency,"Currency/2[com.lotex.android.currencyexchange.Currency,int]",priority,2
/home/arch_design_predict/download-github-repos/mvvm/repos/SimpleCurrencyExchange-master/app/src/main/java/com/lotex/android/currencyexchange/CurrencyDatabase.java,com.lotex.android.currencyexchange.CurrencyDatabase$PopulateDbAsyncTask,doInBackground/1[java.lang.Void[]],voids,0
/home/arch_design_predict/download-github-repos/mvvm/repos/SimpleCurrencyExchange-master/app/src/main/java/com/lotex/android/currencyexchange/CurrencyDatabase.java,com.lotex.android.currencyexchange.CurrencyDatabase$PopulateDbAsyncTask,PopulateDbAsyncTask/1[com.lotex.android.currencyexchange.CurrencyDatabase],db,1
/home/arch_design_predict/download-github-repos/mvvm/repos/SimpleCurrencyExchange-master/app/src/main/java/com/lotex/android/currencyexchange/adapter/CurrencyAdapter.java,com.lotex.android.currencyexchange.adapter.CurrencyAdapter$CurrencyViewHolder,"CurrencyViewHolder/2[com.lotex.android.currencyexchange.adapter.View,com.lotex.android.currencyexchange.adapter.CurrencyAdapter]",adapter,1
/home/arch_design_predict/download-github-repos/mvvm/repos/SimpleCurrencyExchange-master/app/src/main/java/com/lotex/android/currencyexchange/adapter/CurrencyAdapter.java,com.lotex.android.currencyexchange.adapter.CurrencyAdapter$CurrencyViewHolder,"CurrencyViewHolder/2[com.lotex.android.currencyexchange.adapter.View,com.lotex.android.currencyexchange.adapter.CurrencyAdapter]",itemView,10
/home/arch_design_predict/download-github-repos/mvvm/repos/SimpleCurrencyExchange-master/app/src/main/java/com/lotex/android/currencyexchange/CurrencyDatabase.java,com.lotex.android.currencyexchange.CurrencyDatabase$Anonymous1,onCreate/1[com.lotex.android.currencyexchange.SupportSQLiteDatabase],db,1
/home/arch_design_predict/download-github-repos/mvvm/repos/SimpleCurrencyExchange-master/app/src/main/java/com/lotex/android/currencyexchange/CurrencyRepository.java,com.lotex.android.currencyexchange.CurrencyRepository$UpdateCurrencyAsyncTask,doInBackground/1[com.lotex.android.currencyexchange.Currency[]],i,3
/home/arch_design_predict/download-github-repos/mvvm/repos/SimpleCurrencyExchange-master/app/src/main/java/com/lotex/android/currencyexchange/CurrencyRepository.java,com.lotex.android.currencyexchange.CurrencyRepository$UpdateCurrencyAsyncTask,doInBackground/1[com.lotex.android.currencyexchange.Currency[]],currencies,2
/home/arch_design_predict/download-github-repos/mvvm/repos/SimpleCurrencyExchange-master/app/src/main/java/com/lotex/android/currencyexchange/CurrencyRepository.java,com.lotex.android.currencyexchange.CurrencyRepository$UpdateCurrencyAsyncTask,UpdateCurrencyAsyncTask/1[com.lotex.android.currencyexchange.CurrencyDao],currencyDao,2
/home/arch_design_predict/download-github-repos/mvvm/repos/SimpleCurrencyExchange-master/app/src/main/java/com/lotex/android/currencyexchange/activity/AddCurrencyActivity.java,com.lotex.android.currencyexchange.activity.AddCurrencyActivity,onCreate/1[com.lotex.android.currencyexchange.activity.Bundle],savedInstanceState,1
/home/arch_design_predict/download-github-repos/mvvm/repos/SimpleCurrencyExchange-master/app/src/main/java/com/lotex/android/currencyexchange/activity/MainActivity.java,com.lotex.android.currencyexchange.activity.MainActivity$Anonymous3,"onItemClick/2[com.lotex.android.currencyexchange.Currency,int]",tempFrom,1
/home/arch_design_predict/download-github-repos/mvvm/repos/SimpleCurrencyExchange-master/app/src/main/java/com/lotex/android/currencyexchange/activity/MainActivity.java,com.lotex.android.currencyexchange.activity.MainActivity$Anonymous3,"onItemClick/2[com.lotex.android.currencyexchange.Currency,int]",tempHome,1
/home/arch_design_predict/download-github-repos/mvvm/repos/SimpleCurrencyExchange-master/app/src/main/java/com/lotex/android/currencyexchange/activity/MainActivity.java,com.lotex.android.currencyexchange.activity.MainActivity$Anonymous3,"onItemClick/2[com.lotex.android.currencyexchange.Currency,int]",currency,0
/home/arch_design_predict/download-github-repos/mvvm/repos/SimpleCurrencyExchange-master/app/src/main/java/com/lotex/android/currencyexchange/activity/MainActivity.java,com.lotex.android.currencyexchange.activity.MainActivity$Anonymous3,"onItemClick/2[com.lotex.android.currencyexchange.Currency,int]",position,2
/home/arch_design_predict/download-github-repos/mvvm/repos/SimpleCurrencyExchange-master/app/src/main/java/com/lotex/android/currencyexchange/activity/MainActivity.java,com.lotex.android.currencyexchange.activity.MainActivity$Anonymous2,"onMove/3[com.lotex.android.currencyexchange.activity.RecyclerView,RecyclerView.ViewHolder,RecyclerView.ViewHolder]",viewHolder,1
/home/arch_design_predict/download-github-repos/mvvm/repos/SimpleCurrencyExchange-master/app/src/main/java/com/lotex/android/currencyexchange/activity/MainActivity.java,com.lotex.android.currencyexchange.activity.MainActivity$Anonymous2,"onMove/3[com.lotex.android.currencyexchange.activity.RecyclerView,RecyclerView.ViewHolder,RecyclerView.ViewHolder]",recyclerView,0
/home/arch_design_predict/download-github-repos/mvvm/repos/SimpleCurrencyExchange-master/app/src/main/java/com/lotex/android/currencyexchange/activity/MainActivity.java,com.lotex.android.currencyexchange.activity.MainActivity$Anonymous2,"onMove/3[com.lotex.android.currencyexchange.activity.RecyclerView,RecyclerView.ViewHolder,RecyclerView.ViewHolder]",tempFrom,1
/home/arch_design_predict/download-github-repos/mvvm/repos/SimpleCurrencyExchange-master/app/src/main/java/com/lotex/android/currencyexchange/activity/MainActivity.java,com.lotex.android.currencyexchange.activity.MainActivity$Anonymous2,"onMove/3[com.lotex.android.currencyexchange.activity.RecyclerView,RecyclerView.ViewHolder,RecyclerView.ViewHolder]",from,2
/home/arch_design_predict/download-github-repos/mvvm/repos/SimpleCurrencyExchange-master/app/src/main/java/com/lotex/android/currencyexchange/activity/MainActivity.java,com.lotex.android.currencyexchange.activity.MainActivity$Anonymous2,"onMove/3[com.lotex.android.currencyexchange.activity.RecyclerView,RecyclerView.ViewHolder,RecyclerView.ViewHolder]",to,3
/home/arch_design_predict/download-github-repos/mvvm/repos/SimpleCurrencyExchange-master/app/src/main/java/com/lotex/android/currencyexchange/activity/MainActivity.java,com.lotex.android.currencyexchange.activity.MainActivity$Anonymous2,"onMove/3[com.lotex.android.currencyexchange.activity.RecyclerView,RecyclerView.ViewHolder,RecyclerView.ViewHolder]",tempTo,1
/home/arch_design_predict/download-github-repos/mvvm/repos/SimpleCurrencyExchange-master/app/src/main/java/com/lotex/android/currencyexchange/activity/MainActivity.java,com.lotex.android.currencyexchange.activity.MainActivity$Anonymous2,"onMove/3[com.lotex.android.currencyexchange.activity.RecyclerView,RecyclerView.ViewHolder,RecyclerView.ViewHolder]",target,1
/home/arch_design_predict/download-github-repos/mvvm/repos/SimpleCurrencyExchange-master/app/src/main/java/com/lotex/android/currencyexchange/activity/MainActivity.java,com.lotex.android.currencyexchange.activity.MainActivity$Anonymous2,"getMovementFlags/2[com.lotex.android.currencyexchange.activity.RecyclerView,RecyclerView.ViewHolder]",viewHolder,2
/home/arch_design_predict/download-github-repos/mvvm/repos/SimpleCurrencyExchange-master/app/src/main/java/com/lotex/android/currencyexchange/activity/MainActivity.java,com.lotex.android.currencyexchange.activity.MainActivity$Anonymous2,"getMovementFlags/2[com.lotex.android.currencyexchange.activity.RecyclerView,RecyclerView.ViewHolder]",recyclerView,1
/home/arch_design_predict/download-github-repos/mvvm/repos/SimpleCurrencyExchange-master/app/src/main/java/com/lotex/android/currencyexchange/activity/MainActivity.java,com.lotex.android.currencyexchange.activity.MainActivity$Anonymous2,"onSwiped/2[RecyclerView.ViewHolder,int]",viewHolder,2
/home/arch_design_predict/download-github-repos/mvvm/repos/SimpleCurrencyExchange-master/app/src/main/java/com/lotex/android/currencyexchange/activity/MainActivity.java,com.lotex.android.currencyexchange.activity.MainActivity$Anonymous2,"onSwiped/2[RecyclerView.ViewHolder,int]",temp,1
/home/arch_design_predict/download-github-repos/mvvm/repos/SimpleCurrencyExchange-master/app/src/main/java/com/lotex/android/currencyexchange/activity/MainActivity.java,com.lotex.android.currencyexchange.activity.MainActivity$Anonymous2,"onSwiped/2[RecyclerView.ViewHolder,int]",pos,2
/home/arch_design_predict/download-github-repos/mvvm/repos/SimpleCurrencyExchange-master/app/src/main/java/com/lotex/android/currencyexchange/activity/MainActivity.java,com.lotex.android.currencyexchange.activity.MainActivity$Anonymous2,"onSwiped/2[RecyclerView.ViewHolder,int]",i,4
/home/arch_design_predict/download-github-repos/mvvm/repos/SimpleCurrencyExchange-master/app/src/main/java/com/lotex/android/currencyexchange/activity/MainActivity.java,com.lotex.android.currencyexchange.activity.MainActivity$Anonymous2,"onSwiped/2[RecyclerView.ViewHolder,int]",direction,0
/home/arch_design_predict/download-github-repos/mvvm/repos/SimpleCurrencyExchange-master/app/src/main/java/com/lotex/android/currencyexchange/activity/MainActivity.java,com.lotex.android.currencyexchange.activity.MainActivity,viewAttach/0,fab,1
/home/arch_design_predict/download-github-repos/mvvm/repos/SimpleCurrencyExchange-master/app/src/main/java/com/lotex/android/currencyexchange/activity/MainActivity.java,com.lotex.android.currencyexchange.activity.MainActivity,"onActivityResult/3[int,int,com.lotex.android.currencyexchange.activity.Intent]",data,1
/home/arch_design_predict/download-github-repos/mvvm/repos/SimpleCurrencyExchange-master/app/src/main/java/com/lotex/android/currencyexchange/activity/MainActivity.java,com.lotex.android.currencyexchange.activity.MainActivity,"onActivityResult/3[int,int,com.lotex.android.currencyexchange.activity.Intent]",resultCode,2
/home/arch_design_predict/download-github-repos/mvvm/repos/SimpleCurrencyExchange-master/app/src/main/java/com/lotex/android/currencyexchange/activity/MainActivity.java,com.lotex.android.currencyexchange.activity.MainActivity,"onActivityResult/3[int,int,com.lotex.android.currencyexchange.activity.Intent]",requestCode,2
/home/arch_design_predict/download-github-repos/mvvm/repos/SimpleCurrencyExchange-master/app/src/main/java/com/lotex/android/currencyexchange/activity/MainActivity.java,com.lotex.android.currencyexchange.activity.MainActivity,onCreate/1[com.lotex.android.currencyexchange.activity.Bundle],savedInstanceState,1
/home/arch_design_predict/download-github-repos/mvvm/repos/SimpleCurrencyExchange-master/app/src/main/java/com/lotex/android/currencyexchange/activity/MainActivity.java,com.lotex.android.currencyexchange.activity.MainActivity,onCreate/1[com.lotex.android.currencyexchange.activity.Bundle],mAdapter,2
/home/arch_design_predict/download-github-repos/mvvm/repos/SimpleCurrencyExchange-master/app/src/main/java/com/lotex/android/currencyexchange/activity/MainActivity.java,com.lotex.android.currencyexchange.activity.MainActivity,onCreate/1[com.lotex.android.currencyexchange.activity.Bundle],mRecyclerView,4
/home/arch_design_predict/download-github-repos/mvvm/repos/SimpleCurrencyExchange-master/app/src/main/java/com/lotex/android/currencyexchange/activity/MainActivity.java,com.lotex.android.currencyexchange.activity.MainActivity,onClick/1[com.lotex.android.currencyexchange.activity.View],v,1
/home/arch_design_predict/download-github-repos/mvvm/repos/SimpleCurrencyExchange-master/app/src/main/java/com/lotex/android/currencyexchange/activity/MainActivity.java,com.lotex.android.currencyexchange.activity.MainActivity,onClick/1[com.lotex.android.currencyexchange.activity.View],intent,1
/home/arch_design_predict/download-github-repos/mvvm/repos/SimpleCurrencyExchange-master/app/src/main/java/com/lotex/android/currencyexchange/CurrencyDatabase.java,com.lotex.android.currencyexchange.CurrencyDatabase,getInstance/1[com.lotex.android.currencyexchange.Context],context,1
/home/arch_design_predict/download-github-repos/mvvm/repos/SimpleCurrencyExchange-master/app/src/main/java/com/lotex/android/currencyexchange/activity/MainActivity.java,com.lotex.android.currencyexchange.activity.MainActivity$Anonymous1,onChanged/1[java.util.List<com.lotex.android.currencyexchange.Currency>],currency,1
/home/arch_design_predict/download-github-repos/mvvm/repos/SimpleCurrencyExchange-master/app/src/main/java/com/lotex/android/currencyexchange/adapter/CurrencyAdapter.java,com.lotex.android.currencyexchange.adapter.CurrencyAdapter$customEditorActionListener,"onEditorAction/3[com.lotex.android.currencyexchange.adapter.TextView,int,com.lotex.android.currencyexchange.adapter.KeyEvent]",v,0
/home/arch_design_predict/download-github-repos/mvvm/repos/SimpleCurrencyExchange-master/app/src/main/java/com/lotex/android/currencyexchange/adapter/CurrencyAdapter.java,com.lotex.android.currencyexchange.adapter.CurrencyAdapter$customEditorActionListener,"onEditorAction/3[com.lotex.android.currencyexchange.adapter.TextView,int,com.lotex.android.currencyexchange.adapter.KeyEvent]",handled,1
/home/arch_design_predict/download-github-repos/mvvm/repos/SimpleCurrencyExchange-master/app/src/main/java/com/lotex/android/currencyexchange/adapter/CurrencyAdapter.java,com.lotex.android.currencyexchange.adapter.CurrencyAdapter$customEditorActionListener,"onEditorAction/3[com.lotex.android.currencyexchange.adapter.TextView,int,com.lotex.android.currencyexchange.adapter.KeyEvent]",actionId,1
/home/arch_design_predict/download-github-repos/mvvm/repos/SimpleCurrencyExchange-master/app/src/main/java/com/lotex/android/currencyexchange/adapter/CurrencyAdapter.java,com.lotex.android.currencyexchange.adapter.CurrencyAdapter$customEditorActionListener,"onEditorAction/3[com.lotex.android.currencyexchange.adapter.TextView,int,com.lotex.android.currencyexchange.adapter.KeyEvent]",i,8
/home/arch_design_predict/download-github-repos/mvvm/repos/SimpleCurrencyExchange-master/app/src/main/java/com/lotex/android/currencyexchange/adapter/CurrencyAdapter.java,com.lotex.android.currencyexchange.adapter.CurrencyAdapter$customEditorActionListener,"onEditorAction/3[com.lotex.android.currencyexchange.adapter.TextView,int,com.lotex.android.currencyexchange.adapter.KeyEvent]",event,0
/home/arch_design_predict/download-github-repos/mvvm/repos/SimpleCurrencyExchange-master/app/src/main/java/com/lotex/android/currencyexchange/adapter/CurrencyAdapter.java,com.lotex.android.currencyexchange.adapter.CurrencyAdapter$customEditorActionListener,customEditorActionListener/1[com.lotex.android.currencyexchange.adapter.EditText],s,2
