file,class,method,constructor,line,cbo,cboModified,fanin,fanout,wmc,rfc,loc,returnsQty,variablesQty,parametersQty,methodsInvokedQty,methodsInvokedLocalQty,methodsInvokedIndirectLocalQty,loopQty,comparisonsQty,tryCatchQty,parenthesizedExpsQty,stringLiteralsQty,numbersQty,assignmentsQty,mathOperationsQty,maxNestedBlocksQty,anonymousClassesQty,innerClassesQty,lambdasQty,uniqueWordsQty,modifiers,logStatementsQty,hasJavaDoc
/home/arch_design_predict/download-github-repos/mvvm/repos/MVVM_App-master/app/src/test/java/com/example/mvvm_architecture_sample_code/ExampleUnitTest.java,com.example.mvvm_architecture_sample_code.ExampleUnitTest,addition_isCorrect/0,false,14,1,0,0,0,1,1,3,0,0,0,1,0,0,0,0,0,0,0,3,0,1,0,0,0,0,5,1,0,false
/home/arch_design_predict/download-github-repos/mvvm/repos/MVVM_App-master/app/src/main/java/com/example/mvvm_architecture_sample_code/MainActivity.java,com.example.mvvm_architecture_sample_code.MainActivity,onCreate/1[com.example.mvvm_architecture_sample_code.Bundle],false,30,6,2,0,2,2,14,17,0,2,1,14,1,1,0,0,0,0,1,0,4,0,1,0,0,0,23,4,0,false
/home/arch_design_predict/download-github-repos/mvvm/repos/MVVM_App-master/app/src/main/java/com/example/mvvm_architecture_sample_code/MainActivity.java,com.example.mvvm_architecture_sample_code.MainActivity,load_data/0,false,56,2,2,1,1,4,10,19,0,1,0,10,0,0,0,1,1,0,1,1,1,1,3,0,0,1,16,2,0,false
/home/arch_design_predict/download-github-repos/mvvm/repos/MVVM_App-master/app/src/main/java/com/example/mvvm_architecture_sample_code/MainActivity.java,com.example.mvvm_architecture_sample_code.MainActivity,showError/1[java.lang.String],false,51,0,0,0,0,1,2,3,0,0,1,2,0,0,0,0,0,0,0,0,0,0,0,0,0,0,3,2,0,false
/home/arch_design_predict/download-github-repos/mvvm/repos/MVVM_App-master/app/src/main/java/com/example/mvvm_architecture_sample_code/network/App_API_Interface.java,com.example.mvvm_architecture_sample_code.network.App_API_Interface,getUsers/0,false,12,3,1,1,0,1,0,1,0,0,0,0,0,0,0,0,0,0,1,0,0,0,0,0,0,0,2,0,0,false
/home/arch_design_predict/download-github-repos/mvvm/repos/MVVM_App-master/app/src/main/java/com/example/mvvm_architecture_sample_code/adapter/UserAdapter.java,com.example.mvvm_architecture_sample_code.adapter.UserAdapter,UserAdapter/1[java.util.List<com.example.mvvm_architecture_sample_code.model.User>],true,21,1,0,0,0,1,0,4,0,0,1,0,0,0,0,0,0,0,0,0,2,0,0,0,0,0,6,1,0,false
/home/arch_design_predict/download-github-repos/mvvm/repos/MVVM_App-master/app/src/main/java/com/example/mvvm_architecture_sample_code/adapter/UserAdapter.java,com.example.mvvm_architecture_sample_code.adapter.UserAdapter,"onBindViewHolder/2[com.example.mvvm_architecture_sample_code.adapter.UserAdapter.UserViewHolder,int]",false,63,3,0,0,0,1,18,17,0,1,2,18,0,0,0,0,0,0,14,0,1,14,0,0,0,0,9,1,0,false
/home/arch_design_predict/download-github-repos/mvvm/repos/MVVM_App-master/app/src/main/java/com/example/mvvm_architecture_sample_code/adapter/UserAdapter.java,com.example.mvvm_architecture_sample_code.adapter.UserAdapter,"onCreateViewHolder/2[com.example.mvvm_architecture_sample_code.adapter.ViewGroup,int]",false,48,4,1,0,1,1,3,4,1,1,2,3,0,0,0,0,0,0,0,0,1,0,0,0,0,0,70,1,0,true
/home/arch_design_predict/download-github-repos/mvvm/repos/MVVM_App-master/app/src/main/java/com/example/mvvm_architecture_sample_code/adapter/UserAdapter.java,com.example.mvvm_architecture_sample_code.adapter.UserAdapter,getItemCount/0,false,123,0,0,0,0,1,1,3,1,0,0,1,0,0,0,0,0,0,0,0,0,0,0,0,0,0,3,1,0,false
/home/arch_design_predict/download-github-repos/mvvm/repos/MVVM_App-master/app/src/main/java/com/example/mvvm_architecture_sample_code/network/RetrofitClient.java,com.example.mvvm_architecture_sample_code.network.RetrofitClient,get_Ers_API/0,false,32,1,1,1,0,1,1,3,1,0,0,1,0,0,0,0,0,0,0,0,0,0,0,0,0,0,8,1,0,false
/home/arch_design_predict/download-github-repos/mvvm/repos/MVVM_App-master/app/src/main/java/com/example/mvvm_architecture_sample_code/network/RetrofitClient.java,com.example.mvvm_architecture_sample_code.network.RetrofitClient,RetrofitClient/0,true,14,1,1,1,0,1,4,3,0,0,0,4,0,0,0,0,0,0,0,0,1,0,0,0,0,0,14,2,0,false
/home/arch_design_predict/download-github-repos/mvvm/repos/MVVM_App-master/app/src/main/java/com/example/mvvm_architecture_sample_code/network/RetrofitClient.java,com.example.mvvm_architecture_sample_code.network.RetrofitClient,getInstance/0,false,23,1,2,1,1,2,0,6,1,0,0,0,0,0,0,1,0,0,0,0,1,0,1,0,0,0,6,41,0,false
/home/arch_design_predict/download-github-repos/mvvm/repos/MVVM_App-master/app/src/main/java/com/example/mvvm_architecture_sample_code/viewmodel/UserViewModel.java,com.example.mvvm_architecture_sample_code.viewmodel.UserViewModel,UserViewModel/1[com.example.mvvm_architecture_sample_code.viewmodel.Application],true,17,4,1,0,1,1,0,5,0,0,1,0,0,0,0,0,0,0,0,0,2,0,0,0,0,0,11,1,0,false
/home/arch_design_predict/download-github-repos/mvvm/repos/MVVM_App-master/app/src/main/java/com/example/mvvm_architecture_sample_code/viewmodel/UserViewModel.java,com.example.mvvm_architecture_sample_code.viewmodel.UserViewModel,getListUsers/0,false,23,4,2,1,1,1,3,4,1,1,0,3,0,0,0,0,0,0,0,0,0,0,0,0,0,1,8,1,0,false
/home/arch_design_predict/download-github-repos/mvvm/repos/MVVM_App-master/app/src/androidTest/java/com/example/mvvm_architecture_sample_code/ExampleInstrumentedTest.java,com.example.mvvm_architecture_sample_code.ExampleInstrumentedTest,useAppContext/0,false,21,2,0,0,0,1,4,4,0,1,0,4,0,0,0,0,0,0,1,0,1,0,0,0,0,0,6,1,0,false
/home/arch_design_predict/download-github-repos/mvvm/repos/MVVM_App-master/app/src/main/java/com/example/mvvm_architecture_sample_code/model/UserResponse.java,com.example.mvvm_architecture_sample_code.model.UserResponse,UserResponse/1[java.util.List<com.example.mvvm_architecture_sample_code.model.User>],true,19,1,1,1,0,1,0,6,0,0,1,0,0,0,0,0,0,0,0,1,4,0,0,0,0,0,5,1,0,false
/home/arch_design_predict/download-github-repos/mvvm/repos/MVVM_App-master/app/src/main/java/com/example/mvvm_architecture_sample_code/model/UserResponse.java,com.example.mvvm_architecture_sample_code.model.UserResponse,UserResponse/1[java.lang.Throwable],true,25,0,1,1,0,1,0,6,0,0,1,0,0,0,0,0,0,0,0,1,4,0,0,0,0,0,5,1,0,false
/home/arch_design_predict/download-github-repos/mvvm/repos/MVVM_App-master/app/src/main/java/com/example/mvvm_architecture_sample_code/model/UserResponse.java,com.example.mvvm_architecture_sample_code.model.UserResponse,"UserResponse/2[int,java.lang.String]",true,32,0,1,1,0,1,0,6,0,0,2,0,0,0,0,0,0,0,0,0,4,0,0,0,0,0,5,1,0,false
/home/arch_design_predict/download-github-repos/mvvm/repos/MVVM_App-master/app/src/main/java/com/example/mvvm_architecture_sample_code/util/NetworkStatus.java,com.example.mvvm_architecture_sample_code.util.NetworkStatus,isDeviceConnected/1[com.example.mvvm_architecture_sample_code.util.Context],false,11,3,1,1,0,2,3,6,1,3,1,3,0,0,0,1,0,0,0,0,3,0,0,0,0,0,16,9,0,true
/home/arch_design_predict/download-github-repos/mvvm/repos/MVVM_App-master/app/src/main/java/com/example/mvvm_architecture_sample_code/repository/UserRepository.java,com.example.mvvm_architecture_sample_code.repository.UserRepository$Anonymous1,"onResponse/2[com.example.mvvm_architecture_sample_code.repository.Call<java.util.List<com.example.mvvm_architecture_sample_code.model.User>>,com.example.mvvm_architecture_sample_code.repository.Response<java.util.List<com.example.mvvm_architecture_sample_code.model.User>>]",false,19,4,2,0,2,3,4,8,0,0,2,4,0,0,0,1,0,0,1,1,0,0,1,0,0,0,5,1,0,false
/home/arch_design_predict/download-github-repos/mvvm/repos/MVVM_App-master/app/src/main/java/com/example/mvvm_architecture_sample_code/repository/UserRepository.java,com.example.mvvm_architecture_sample_code.repository.UserRepository$Anonymous1,"onFailure/2[com.example.mvvm_architecture_sample_code.repository.Call<java.util.List<com.example.mvvm_architecture_sample_code.model.User>>,java.lang.Throwable]",false,32,3,1,0,1,1,1,3,0,0,2,1,0,0,0,0,0,0,0,0,0,0,0,0,0,0,5,1,0,false
/home/arch_design_predict/download-github-repos/mvvm/repos/MVVM_App-master/app/src/main/java/com/example/mvvm_architecture_sample_code/adapter/UserAdapter.java,com.example.mvvm_architecture_sample_code.adapter.UserAdapter$UserViewHolder,UserViewHolder/1[com.example.mvvm_architecture_sample_code.adapter.View],true,98,2,1,1,0,1,1,17,0,0,1,1,0,0,0,0,0,0,0,0,14,0,0,0,0,0,19,1,0,false
/home/arch_design_predict/download-github-repos/mvvm/repos/MVVM_App-master/app/src/main/java/com/example/mvvm_architecture_sample_code/repository/UserRepository.java,com.example.mvvm_architecture_sample_code.repository.UserRepository,getUsers/0,false,14,8,4,1,3,1,4,19,1,2,0,4,0,0,0,0,0,0,0,0,2,0,0,1,0,0,15,1,0,false
