file,class,type,cbo,cboModified,fanin,fanout,wmc,dit,noc,rfc,lcom,lcom*,tcc,lcc,totalMethodsQty,staticMethodsQty,publicMethodsQty,privateMethodsQty,protectedMethodsQty,defaultMethodsQty,visibleMethodsQty,abstractMethodsQty,finalMethodsQty,synchronizedMethodsQty,totalFieldsQty,staticFieldsQty,publicFieldsQty,privateFieldsQty,protectedFieldsQty,defaultFieldsQty,finalFieldsQty,synchronizedFieldsQty,nosi,loc,returnQty,loopQty,comparisonsQty,tryCatchQty,parenthesizedExpsQty,stringLiteralsQty,numbersQty,assignmentsQty,mathOperationsQty,variablesQty,maxNestedBlocksQty,anonymousClassesQty,innerClassesQty,lambdasQty,uniqueWordsQty,modifiers,logStatementsQty
/home/arch_design_predict/download-github-repos/mvp/repos/MVP_Flickr-master/app/src/test/java/com/deromang/daggersample/ExampleUnitTest.java,com.deromang.daggersample.ExampleUnitTest,class,1,1,0,1,1,1,0,1,0,0.0,NaN,NaN,1,0,1,0,0,0,1,0,0,0,0,0,0,0,0,0,0,0,0,5,0,0,0,0,0,0,3,0,1,0,0,0,0,0,23,1,0
/home/arch_design_predict/download-github-repos/mvp/repos/MVP_Flickr-master/presentation/src/main/java/com/deromang/daggersample/presentation/detail/DetailPresenterImpl.java,com.deromang.daggersample.presentation.detail.DetailPresenterImpl,class,7,8,1,7,6,1,0,5,7,0.6666667,0.26666668,0.26666668,6,0,6,0,0,0,6,0,0,0,3,0,0,3,0,0,0,0,1,47,0,0,0,0,0,0,2,3,0,3,0,2,0,0,26,1,0
/home/arch_design_predict/download-github-repos/mvp/repos/MVP_Flickr-master/app/src/main/java/com/deromang/daggersample/navigation/NavigatorImpl.java,com.deromang.daggersample.navigation.NavigatorImpl,class,11,13,2,11,7,1,0,10,0,0.41666666,1.0,1.0,6,0,5,1,0,0,5,0,0,0,2,1,1,1,0,0,1,0,2,31,0,0,0,0,0,0,0,5,0,5,1,0,0,0,36,1,0
/home/arch_design_predict/download-github-repos/mvp/repos/MVP_Flickr-master/domain/src/main/java/com/deromang/daggersample/domain/tools/MainThread.java,com.deromang.daggersample.domain.tools.MainThread,interface,0,3,3,0,1,1,0,0,0,0.0,NaN,NaN,1,0,0,0,0,1,1,0,0,0,0,0,0,0,0,0,0,0,0,3,0,0,0,0,0,0,0,0,0,0,0,0,0,0,8,1,0
/home/arch_design_predict/download-github-repos/mvp/repos/MVP_Flickr-master/domain/src/main/java/com/deromang/daggersample/domain/modules/api/APIClient.java,com.deromang.daggersample.domain.modules.api.APIClient,class,7,10,3,7,2,1,0,9,1,0.5,NaN,NaN,2,2,1,1,0,0,1,0,0,0,1,1,0,1,0,0,1,0,1,13,2,0,0,0,0,1,0,4,0,4,0,0,0,0,24,17,0
/home/arch_design_predict/download-github-repos/mvp/repos/MVP_Flickr-master/presentation/src/main/java/com/deromang/daggersample/navigation/Navigator.java,com.deromang.daggersample.navigation.Navigator,interface,1,8,7,1,4,1,0,0,6,0.0,0.0,0.0,4,0,0,0,0,4,4,0,0,0,0,0,0,0,0,0,0,0,0,6,0,0,0,0,0,0,0,0,0,0,0,0,0,0,12,1,0
/home/arch_design_predict/download-github-repos/mvp/repos/MVP_Flickr-master/app/src/main/java/com/deromang/daggersample/deromang/modules/presentation/detail/DetailComponent.java,com.deromang.daggersample.deromang.modules.presentation.main.DetailComponent,interface,5,7,2,5,2,1,0,0,1,0.0,0.0,0.0,2,0,0,0,0,2,2,0,0,0,0,0,0,0,0,0,0,0,0,8,0,0,0,0,0,0,0,0,0,0,0,0,1,0,10,1,0
/home/arch_design_predict/download-github-repos/mvp/repos/MVP_Flickr-master/app/src/main/java/com/deromang/daggersample/ui/product/adapter/MainAdapter.java,com.deromang.daggersample.ui.product.adapter.MainAdapter,class,7,8,1,7,6,1,0,8,0,0.4166667,0.6666667,0.6666667,6,0,6,0,0,0,6,0,0,0,2,0,0,2,0,0,0,0,0,24,2,0,0,0,0,0,0,3,0,3,0,0,0,0,24,1,0
/home/arch_design_predict/download-github-repos/mvp/repos/MVP_Flickr-master/domain/src/main/java/com/deromang/daggersample/domain/data/Photo.java,com.deromang.daggersample.domain.data.Photo,class,3,18,15,3,27,1,0,0,325,0.92592597,0.037037037,0.037037037,27,0,27,0,0,0,27,0,0,0,13,0,0,13,0,0,0,0,0,95,13,0,0,0,0,13,0,13,0,13,0,0,0,0,32,17,0
/home/arch_design_predict/download-github-repos/mvp/repos/MVP_Flickr-master/app/src/main/java/com/deromang/daggersample/deromang/modules/repository/UserRepositoryModule.java,com.deromang.daggersample.deromang.modules.repository.UserRepositoryModule,class,4,4,0,4,1,1,0,0,0,0.0,NaN,NaN,1,0,1,0,0,0,1,0,0,0,0,0,0,0,0,0,0,0,0,5,1,0,0,0,0,0,0,0,0,0,0,0,0,0,7,1,0
/home/arch_design_predict/download-github-repos/mvp/repos/MVP_Flickr-master/domain/src/main/java/com/deromang/daggersample/domain/modules/UseCaseResponse.java,com.deromang.daggersample.domain.modules.UseCaseResponse,class,0,0,0,0,0,1,0,0,0,0.0,-1.0,-1.0,0,0,0,0,0,0,0,0,0,0,0,0,0,0,0,0,0,0,0,2,0,0,0,0,0,0,0,0,0,0,0,0,0,0,4,1025,0
/home/arch_design_predict/download-github-repos/mvp/repos/MVP_Flickr-master/domain/src/main/java/com/deromang/daggersample/domain/data/detail/Urls.java,com.deromang.daggersample.domain.data.detail.Urls,class,3,4,1,3,2,1,0,0,0,0.0,1.0,1.0,2,0,2,0,0,0,2,0,0,0,1,0,0,1,0,0,0,0,0,9,1,0,0,0,0,1,0,2,0,1,0,0,0,0,6,1,0
/home/arch_design_predict/download-github-repos/mvp/repos/MVP_Flickr-master/presentation/src/main/java/com/deromang/daggersample/presentation/product/ProductListPresenterImpl.java,com.deromang.daggersample.presentation.product.ProductListPresenterImpl$Anonymous1,anonymous,5,5,0,5,4,1,0,5,1,0.0,0.0,0.0,2,0,2,0,0,0,2,0,0,0,0,0,0,0,0,0,0,0,0,12,0,0,2,0,0,0,0,2,0,0,1,0,0,0,9,-1,0
/home/arch_design_predict/download-github-repos/mvp/repos/MVP_Flickr-master/domain/src/main/java/com/deromang/daggersample/domain/data/detail/Notes.java,com.deromang.daggersample.domain.data.detail.Notes,class,2,3,1,2,2,1,0,0,0,0.0,1.0,1.0,2,0,2,0,0,0,2,0,0,0,1,0,0,1,0,0,0,0,0,9,1,0,0,0,0,1,0,2,0,1,0,0,0,0,6,1,0
/home/arch_design_predict/download-github-repos/mvp/repos/MVP_Flickr-master/domain/src/main/java/com/deromang/daggersample/domain/data/url/UrlDetailResponseModel.java,com.deromang.daggersample.domain.data.url.UrlDetailResponseModel,class,3,4,1,3,4,1,0,0,2,0.5,0.33333334,0.33333334,4,0,4,0,0,0,4,0,0,0,2,0,0,2,0,0,0,0,0,16,2,0,0,0,0,2,0,2,0,2,0,0,0,0,10,1,0
/home/arch_design_predict/download-github-repos/mvp/repos/MVP_Flickr-master/presentation/src/main/java/com/deromang/daggersample/presentation/main/MainView.java,com.deromang.daggersample.presentation.main.MainView,interface,0,3,3,0,2,1,0,0,1,0.0,0.0,0.0,2,0,0,0,0,2,2,0,0,0,0,0,0,0,0,0,0,0,0,4,0,0,0,0,0,0,0,0,0,0,0,0,0,0,6,1,0
/home/arch_design_predict/download-github-repos/mvp/repos/MVP_Flickr-master/domain/src/main/java/com/deromang/daggersample/domain/data/detail/Description.java,com.deromang.daggersample.domain.data.detail.Description,class,2,4,2,2,2,1,0,0,0,0.0,1.0,1.0,2,0,2,0,0,0,2,0,0,0,1,0,0,1,0,0,0,0,0,9,1,0,0,0,0,1,0,1,0,1,0,0,0,0,5,1,0
/home/arch_design_predict/download-github-repos/mvp/repos/MVP_Flickr-master/domain/src/main/java/com/deromang/daggersample/domain/data/detail/Usage.java,com.deromang.daggersample.domain.data.detail.Usage,class,2,3,1,2,8,1,0,0,20,0.75,0.14285715,0.14285715,8,0,8,0,0,0,8,0,0,0,4,0,0,4,0,0,0,0,0,30,4,0,0,0,0,4,0,4,0,4,0,0,0,0,12,1,0
/home/arch_design_predict/download-github-repos/mvp/repos/MVP_Flickr-master/app/src/main/java/com/deromang/daggersample/ui/SampleApplication.java,com.deromang.daggersample.ui.SampleApplication,class,3,4,1,3,2,2,0,4,0,0.0,1.0,1.0,2,0,2,0,0,0,2,0,0,0,1,0,0,0,0,1,0,0,0,10,1,0,0,0,0,0,0,1,0,1,0,0,0,0,10,17,0
/home/arch_design_predict/download-github-repos/mvp/repos/MVP_Flickr-master/app/src/main/java/com/deromang/daggersample/ui/BaseActivity.java,com.deromang.daggersample.ui.BaseActivity,class,10,13,3,10,8,2,1,15,17,0.71428573,0.06666667,0.06666667,7,0,2,1,4,0,6,2,0,0,2,0,0,2,0,0,0,0,0,28,2,0,1,0,1,0,0,2,0,2,1,0,0,0,30,1025,0
/home/arch_design_predict/download-github-repos/mvp/repos/MVP_Flickr-master/domain/src/main/java/com/deromang/daggersample/domain/data/detail/Publiceditability.java,com.deromang.daggersample.domain.data.detail.Publiceditability,class,2,3,1,2,4,1,0,0,2,0.5,0.33333334,0.33333334,4,0,4,0,0,0,4,0,0,0,2,0,0,2,0,0,0,0,0,16,2,0,0,0,0,2,0,2,0,2,0,0,0,0,8,1,0
/home/arch_design_predict/download-github-repos/mvp/repos/MVP_Flickr-master/app/src/main/java/com/deromang/daggersample/deromang/modules/base/ActivityComponent.java,com.deromang.daggersample.deromang.modules.base.ActivityComponent,interface,8,13,5,8,4,1,0,0,6,0.0,0.0,0.0,4,0,0,0,0,4,4,0,0,0,0,0,0,0,0,0,0,0,0,6,0,0,0,0,0,0,0,0,0,0,0,0,0,0,10,1,0
/home/arch_design_predict/download-github-repos/mvp/repos/MVP_Flickr-master/app/src/main/java/com/deromang/daggersample/domain/UseCaseExecutorImpl.java,com.deromang.daggersample.domain.UseCaseExecutorImpl,class,3,4,1,3,3,1,0,1,0,0.41666666,1.0,1.0,2,0,2,0,0,0,2,0,0,0,6,5,0,6,0,0,5,0,0,22,0,0,1,0,0,1,3,6,0,6,1,1,0,0,40,17,0
/home/arch_design_predict/download-github-repos/mvp/repos/MVP_Flickr-master/app/src/main/java/com/deromang/daggersample/ui/product/ProductListFragment.java,com.deromang.daggersample.ui.product.ProductListFragment$Anonymous1,anonymous,2,2,0,2,1,1,0,1,0,0.0,NaN,NaN,1,0,1,0,0,0,1,0,0,0,0,0,0,0,0,0,0,0,0,5,0,0,0,0,0,0,0,0,0,0,0,0,0,0,5,-1,0
/home/arch_design_predict/download-github-repos/mvp/repos/MVP_Flickr-master/domain/src/main/java/com/deromang/daggersample/domain/data/detail/Visibility.java,com.deromang.daggersample.domain.data.detail.Visibility,class,2,3,1,2,6,1,0,0,9,0.6666667,0.2,0.2,6,0,6,0,0,0,6,0,0,0,3,0,0,3,0,0,0,0,0,23,3,0,0,0,0,3,0,3,0,3,0,0,0,0,10,1,0
/home/arch_design_predict/download-github-repos/mvp/repos/MVP_Flickr-master/domain/src/main/java/com/deromang/daggersample/domain/data/detail/PhotoDetailResponseModel.java,com.deromang.daggersample.domain.data.detail.PhotoDetailResponseModel,class,3,4,1,3,4,1,0,0,2,0.5,0.33333334,0.33333334,4,0,4,0,0,0,4,0,0,0,2,0,0,2,0,0,0,0,0,16,2,0,0,0,0,2,0,2,0,2,0,0,0,0,9,1,0
/home/arch_design_predict/download-github-repos/mvp/repos/MVP_Flickr-master/app/src/main/java/com/deromang/daggersample/deromang/modules/presentation/detail/DetailModule.java,com.deromang.daggersample.deromang.modules.presentation.main.DetailModule,class,4,7,3,4,1,1,0,0,0,0.0,NaN,NaN,1,0,1,0,0,0,1,0,0,0,0,0,0,0,0,0,0,0,0,5,1,0,0,0,0,0,0,0,0,0,0,0,0,0,8,1,0
/home/arch_design_predict/download-github-repos/mvp/repos/MVP_Flickr-master/domain/src/main/java/com/deromang/daggersample/domain/data/detail/Comments.java,com.deromang.daggersample.domain.data.detail.Comments,class,2,3,1,2,2,1,0,0,0,0.0,1.0,1.0,2,0,2,0,0,0,2,0,0,0,1,0,0,1,0,0,0,0,0,9,1,0,0,0,0,1,0,1,0,1,0,0,0,0,5,1,0
/home/arch_design_predict/download-github-repos/mvp/repos/MVP_Flickr-master/domain/src/main/java/com/deromang/daggersample/domain/data/url/Size.java,com.deromang.daggersample.domain.data.url.Size,class,2,6,4,2,12,1,0,0,54,0.8333333,0.09090909,0.09090909,12,0,12,0,0,0,12,0,0,0,6,0,0,6,0,0,0,0,0,44,6,0,0,0,0,6,0,6,0,6,0,0,0,0,16,1,0
/home/arch_design_predict/download-github-repos/mvp/repos/MVP_Flickr-master/app/src/main/java/com/deromang/daggersample/ui/product/adapter/MainViewHolder.java,com.deromang.daggersample.ui.product.adapter.MainViewHolder$Anonymous1,anonymous,2,2,0,2,1,1,0,1,0,0.0,NaN,NaN,1,0,1,0,0,0,1,0,0,0,0,0,0,0,0,0,0,0,0,5,0,0,0,0,0,0,0,0,0,0,0,0,0,0,5,-1,0
/home/arch_design_predict/download-github-repos/mvp/repos/MVP_Flickr-master/domain/src/main/java/com/deromang/daggersample/domain/data/detail/PhotoModel.java,com.deromang.daggersample.domain.data.detail.PhotoModel,class,15,18,3,15,52,1,0,0,1274,0.9615384,0.019607844,0.019607844,52,0,52,0,0,0,52,0,0,0,26,0,0,26,0,0,0,0,0,184,26,0,0,0,0,26,0,26,0,26,0,0,0,0,58,1,0
/home/arch_design_predict/download-github-repos/mvp/repos/MVP_Flickr-master/app/src/main/java/com/deromang/daggersample/deromang/modules/presentation/main/MainComponent.java,com.deromang.daggersample.deromang.modules.presentation.main.MainComponent,interface,5,7,2,5,2,1,0,0,1,0.0,0.0,0.0,2,0,0,0,0,2,2,0,0,0,0,0,0,0,0,0,0,0,0,8,0,0,0,0,0,0,0,0,0,0,0,0,1,0,9,1,0
/home/arch_design_predict/download-github-repos/mvp/repos/MVP_Flickr-master/presentation/src/main/java/com/deromang/daggersample/presentation/product/ProductListView.java,com.deromang.daggersample.presentation.product.ProductListView,interface,1,5,4,1,1,1,0,0,0,0.0,NaN,NaN,1,0,0,0,0,1,1,0,0,0,0,0,0,0,0,0,0,0,0,3,0,0,0,0,0,0,0,0,0,0,0,0,0,0,9,1,0
/home/arch_design_predict/download-github-repos/mvp/repos/MVP_Flickr-master/domain/src/main/java/com/deromang/daggersample/domain/data/detail/People.java,com.deromang.daggersample.domain.data.detail.People,class,2,3,1,2,2,1,0,0,0,0.0,1.0,1.0,2,0,2,0,0,0,2,0,0,0,1,0,0,1,0,0,0,0,0,9,1,0,0,0,0,1,0,1,0,1,0,0,0,0,6,1,0
/home/arch_design_predict/download-github-repos/mvp/repos/MVP_Flickr-master/domain/src/main/java/com/deromang/daggersample/domain/data/detail/Url.java,com.deromang.daggersample.domain.data.detail.Url,class,2,3,1,2,4,1,0,0,2,0.5,0.33333334,0.33333334,4,0,4,0,0,0,4,0,0,0,2,0,0,2,0,0,0,0,0,16,2,0,0,0,0,2,0,2,0,2,0,0,0,0,7,1,0
/home/arch_design_predict/download-github-repos/mvp/repos/MVP_Flickr-master/app/src/main/java/com/deromang/daggersample/ui/detail/DetailFragment.java,com.deromang.daggersample.ui.detail.DetailFragment,class,23,26,3,23,11,3,0,38,41,0.8787879,0.027777778,0.027777778,11,1,8,2,1,0,9,0,0,0,9,0,0,2,0,7,0,0,2,60,2,0,0,0,0,0,1,3,0,10,0,1,0,0,48,1,0
/home/arch_design_predict/download-github-repos/mvp/repos/MVP_Flickr-master/app/src/main/java/com/deromang/daggersample/ui/BaseFragment.java,com.deromang.daggersample.ui.BaseFragment,class,12,15,3,12,15,2,2,13,43,0.8,0.022222223,0.022222223,10,0,8,0,2,0,10,2,1,0,1,0,0,1,0,0,0,0,0,44,2,0,1,0,4,0,0,3,0,2,1,0,0,0,31,1025,0
/home/arch_design_predict/download-github-repos/mvp/repos/MVP_Flickr-master/domain/src/main/java/com/deromang/daggersample/domain/data/detail/Tags.java,com.deromang.daggersample.domain.data.detail.Tags,class,3,4,1,3,2,1,0,0,0,0.0,1.0,1.0,2,0,2,0,0,0,2,0,0,0,1,0,0,1,0,0,0,0,0,9,1,0,0,0,0,1,0,2,0,1,0,0,0,0,6,1,0
/home/arch_design_predict/download-github-repos/mvp/repos/MVP_Flickr-master/domain/src/main/java/com/deromang/daggersample/domain/data/url/Sizes.java,com.deromang.daggersample.domain.data.url.Sizes,class,3,4,1,3,8,1,0,0,20,0.75,0.14285715,0.14285715,8,0,8,0,0,0,8,0,0,0,4,0,0,4,0,0,0,0,0,30,4,0,0,0,0,4,0,5,0,4,0,0,0,0,13,1,0
/home/arch_design_predict/download-github-repos/mvp/repos/MVP_Flickr-master/app/src/main/java/com/deromang/daggersample/ui/product/MainListener.java,com.deromang.daggersample.ui.product.MainListener,interface,1,5,4,1,1,1,0,0,0,0.0,NaN,NaN,1,0,0,0,0,1,1,0,0,0,0,0,0,0,0,0,0,0,0,3,0,0,0,0,0,0,0,0,0,0,0,0,0,0,7,1,0
/home/arch_design_predict/download-github-repos/mvp/repos/MVP_Flickr-master/presentation/src/main/java/com/deromang/daggersample/presentation/product/ProductListPresenterImpl.java,com.deromang.daggersample.presentation.product.ProductListPresenterImpl,class,8,9,1,8,5,1,0,5,6,0.75,0.2,0.2,5,0,5,0,0,0,5,0,0,0,4,0,0,4,0,0,0,0,2,33,0,0,0,0,0,0,1,3,0,4,0,1,0,0,29,1,0
/home/arch_design_predict/download-github-repos/mvp/repos/MVP_Flickr-master/presentation/src/main/java/com/deromang/daggersample/presentation/BaseView.java,com.deromang.daggersample.presentation.BaseView,interface,0,2,2,0,0,1,0,0,0,0.0,-1.0,-1.0,0,0,0,0,0,0,0,0,0,0,0,0,0,0,0,0,0,0,0,2,0,0,0,0,0,0,0,0,0,0,0,0,0,0,2,1,0
/home/arch_design_predict/download-github-repos/mvp/repos/MVP_Flickr-master/app/src/main/java/com/deromang/daggersample/ui/detail/DetailFragment.java,com.deromang.daggersample.ui.detail.DetailFragment$Anonymous1,anonymous,1,1,0,1,1,1,0,2,0,0.0,NaN,NaN,1,0,1,0,0,0,1,0,0,0,0,0,0,0,0,0,0,0,0,5,1,0,0,0,2,0,0,0,0,0,0,0,0,0,5,-1,0
/home/arch_design_predict/download-github-repos/mvp/repos/MVP_Flickr-master/domain/src/main/java/com/deromang/daggersample/domain/data/Photos.java,com.deromang.daggersample.domain.data.Photos,class,3,4,1,3,10,1,0,0,35,0.8,0.11111111,0.11111111,10,0,10,0,0,0,10,0,0,0,5,0,0,5,0,0,0,0,0,37,5,0,0,0,0,5,0,6,0,5,0,0,0,0,15,1,0
/home/arch_design_predict/download-github-repos/mvp/repos/MVP_Flickr-master/domain/src/main/java/com/deromang/daggersample/domain/data/detail/Editability.java,com.deromang.daggersample.domain.data.detail.Editability,class,2,3,1,2,4,1,0,0,2,0.5,0.33333334,0.33333334,4,0,4,0,0,0,4,0,0,0,2,0,0,2,0,0,0,0,0,16,2,0,0,0,0,2,0,2,0,2,0,0,0,0,8,1,0
/home/arch_design_predict/download-github-repos/mvp/repos/MVP_Flickr-master/domain/src/main/java/com/deromang/daggersample/domain/data/detail/Dates.java,com.deromang.daggersample.domain.data.detail.Dates,class,2,4,2,2,10,1,0,0,35,0.8,0.11111111,0.11111111,10,0,10,0,0,0,10,0,0,0,5,0,0,5,0,0,0,0,0,37,5,0,0,0,0,5,0,5,0,5,0,0,0,0,13,1,0
/home/arch_design_predict/download-github-repos/mvp/repos/MVP_Flickr-master/app/src/main/java/com/deromang/daggersample/deromang/modules/presentation/main/MainComponent.java,com.deromang.daggersample.deromang.modules.presentation.main.MainComponent$Builder,interface,4,4,0,4,2,1,0,0,1,0.0,0.0,0.0,2,0,0,0,0,2,2,0,0,0,0,0,0,0,0,0,0,0,0,4,0,0,0,0,0,0,0,0,0,0,0,0,0,0,7,0,0
/home/arch_design_predict/download-github-repos/mvp/repos/MVP_Flickr-master/domain/src/main/java/com/deromang/daggersample/domain/data/detail/Owner.java,com.deromang.daggersample.domain.data.detail.Owner,class,2,4,2,2,14,1,0,0,77,0.85714287,0.07692308,0.07692308,14,0,14,0,0,0,14,0,0,0,7,0,0,7,0,0,0,0,0,51,7,0,0,0,0,7,0,7,0,7,0,0,0,0,19,1,0
/home/arch_design_predict/download-github-repos/mvp/repos/MVP_Flickr-master/presentation/src/main/java/com/deromang/daggersample/presentation/detail/DetailPresenter.java,com.deromang.daggersample.presentation.detail.DetailPresenter,interface,1,5,4,1,5,1,0,0,10,0.0,0.0,0.0,5,0,0,0,0,5,5,0,0,0,0,0,0,0,0,0,0,0,0,7,0,0,0,0,0,0,0,0,0,0,0,0,0,0,17,1,0
/home/arch_design_predict/download-github-repos/mvp/repos/MVP_Flickr-master/domain/src/main/java/com/deromang/daggersample/domain/data/Constants.java,com.deromang.daggersample.domain.data.Constants,class,0,0,0,0,0,1,0,0,0,NaN,-1.0,-1.0,0,0,0,0,0,0,0,0,0,0,6,6,6,0,0,0,6,0,0,8,0,0,0,0,0,6,0,6,0,6,0,0,0,0,20,1,0
/home/arch_design_predict/download-github-repos/mvp/repos/MVP_Flickr-master/presentation/src/main/java/com/deromang/daggersample/presentation/main/MainPresenter.java,com.deromang.daggersample.presentation.main.MainPresenter,interface,1,5,4,1,3,1,0,0,3,0.0,0.0,0.0,3,0,0,0,0,3,3,0,0,0,0,0,0,0,0,0,0,0,0,5,0,0,0,0,0,0,0,0,0,0,0,0,0,0,10,1,0
/home/arch_design_predict/download-github-repos/mvp/repos/MVP_Flickr-master/app/src/main/java/com/deromang/daggersample/deromang/modules/presentation/detail/DetailComponent.java,com.deromang.daggersample.deromang.modules.presentation.main.DetailComponent$Builder,interface,4,4,0,4,2,1,0,0,1,0.0,0.0,0.0,2,0,0,0,0,2,2,0,0,0,0,0,0,0,0,0,0,0,0,4,0,0,0,0,0,0,0,0,0,0,0,0,0,0,7,0,0
/home/arch_design_predict/download-github-repos/mvp/repos/MVP_Flickr-master/app/src/main/java/com/deromang/daggersample/domain/UseCaseExecutorImpl.java,com.deromang.daggersample.domain.UseCaseExecutorImpl$Anonymous1,anonymous,1,1,0,1,1,1,0,1,0,0.0,NaN,NaN,1,0,1,0,0,0,1,0,0,0,0,0,0,0,0,0,0,0,0,5,0,0,0,0,0,0,0,0,0,0,0,0,0,0,1,-1,0
/home/arch_design_predict/download-github-repos/mvp/repos/MVP_Flickr-master/domain/src/main/java/com/deromang/daggersample/domain/data/detail/Tag.java,com.deromang.daggersample.domain.data.detail.Tag,class,2,3,1,2,12,1,0,0,54,0.8333333,0.09090909,0.09090909,12,0,12,0,0,0,12,0,0,0,6,0,0,6,0,0,0,0,0,44,6,0,0,0,0,6,0,6,0,6,0,0,0,0,16,1,0
/home/arch_design_predict/download-github-repos/mvp/repos/MVP_Flickr-master/domain/src/main/java/com/deromang/daggersample/domain/modules/UseCase.java,com.deromang.daggersample.domain.modules.UseCase,interface,0,3,3,0,1,1,0,0,0,0.0,NaN,NaN,1,0,0,0,0,1,1,0,0,0,0,0,0,0,0,0,0,0,0,3,0,0,0,0,0,0,0,0,0,0,0,0,0,0,4,1,0
/home/arch_design_predict/download-github-repos/mvp/repos/MVP_Flickr-master/presentation/src/main/java/com/deromang/daggersample/presentation/detail/DetailPresenterImpl.java,com.deromang.daggersample.presentation.detail.DetailPresenterImpl$Anonymous2,anonymous,3,3,0,3,5,1,0,6,1,0.0,0.0,0.0,2,0,2,0,0,0,2,0,0,0,0,0,0,0,0,0,0,0,0,13,0,0,3,0,0,0,0,0,0,0,1,0,0,0,7,-1,0
/home/arch_design_predict/download-github-repos/mvp/repos/MVP_Flickr-master/presentation/src/main/java/com/deromang/daggersample/presentation/detail/DetailPresenterImpl.java,com.deromang.daggersample.presentation.detail.DetailPresenterImpl$Anonymous1,anonymous,3,3,0,3,4,1,0,5,1,0.0,0.0,0.0,2,0,2,0,0,0,2,0,0,0,0,0,0,0,0,0,0,0,0,11,0,0,2,0,0,0,0,0,0,0,1,0,0,0,7,-1,0
/home/arch_design_predict/download-github-repos/mvp/repos/MVP_Flickr-master/app/src/main/java/com/deromang/daggersample/deromang/modules/presentation/product/ProductListComponent.java,com.deromang.daggersample.deromang.modules.presentation.product.ProductListComponent$Builder,interface,4,4,0,4,2,1,0,0,1,0.0,0.0,0.0,2,0,0,0,0,2,2,0,0,0,0,0,0,0,0,0,0,0,0,4,0,0,0,0,0,0,0,0,0,0,0,0,0,0,8,0,0
/home/arch_design_predict/download-github-repos/mvp/repos/MVP_Flickr-master/app/src/main/java/com/deromang/daggersample/deromang/modules/presentation/product/ProductListComponent.java,com.deromang.daggersample.deromang.modules.presentation.product.ProductListComponent,interface,5,7,2,5,2,1,0,0,1,0.0,0.0,0.0,2,0,0,0,0,2,2,0,0,0,0,0,0,0,0,0,0,0,0,8,0,0,0,0,0,0,0,0,0,0,0,0,1,0,10,1,0
/home/arch_design_predict/download-github-repos/mvp/repos/MVP_Flickr-master/domain/src/main/java/com/deromang/daggersample/domain/data/repository/UserRepository.java,com.deromang.daggersample.domain.data.repository.UserRepository,interface,1,3,2,1,2,1,0,0,1,0.0,0.0,0.0,2,0,0,0,0,2,2,0,0,0,0,0,0,0,0,0,0,0,0,4,0,0,0,0,0,0,0,0,0,0,0,0,0,0,9,1,0
/home/arch_design_predict/download-github-repos/mvp/repos/MVP_Flickr-master/data/src/main/java/com/deromang/daggersample/data/UserRepositoryImpl.java,com.deromang.daggersample.data.UserRepositoryImpl,class,3,4,1,3,3,1,0,1,3,0.0,0.0,0.0,3,0,3,0,0,0,3,0,0,0,0,0,0,0,0,0,0,0,0,10,2,0,0,0,1,2,0,0,0,0,0,0,0,0,10,1,0
/home/arch_design_predict/download-github-repos/mvp/repos/MVP_Flickr-master/presentation/src/main/java/com/deromang/daggersample/presentation/main/MainPresenterImpl.java,com.deromang.daggersample.presentation.main.MainPresenterImpl,class,4,5,1,4,4,1,0,2,0,0.5,0.5,0.5,4,0,4,0,0,0,4,0,0,0,2,0,0,2,0,0,0,0,0,16,0,0,0,0,0,0,0,2,0,2,0,0,0,0,13,1,0
/home/arch_design_predict/download-github-repos/mvp/repos/MVP_Flickr-master/app/src/main/java/com/deromang/daggersample/deromang/modules/presentation/main/MainModule.java,com.deromang.daggersample.deromang.modules.presentation.main.MainModule,class,4,7,3,4,1,1,0,0,0,0.0,NaN,NaN,1,0,1,0,0,0,1,0,0,0,0,0,0,0,0,0,0,0,0,5,1,0,0,0,0,0,0,0,0,0,0,0,0,0,7,1,0
/home/arch_design_predict/download-github-repos/mvp/repos/MVP_Flickr-master/app/src/main/java/com/deromang/daggersample/deromang/modules/base/ActivityModule.java,com.deromang.daggersample.deromang.modules.base.ActivityModule,class,6,8,2,6,2,1,0,0,0,0.0,1.0,1.0,2,0,2,0,0,0,2,0,0,0,1,0,0,1,0,0,0,0,0,9,1,0,0,0,0,0,0,1,0,1,0,0,0,0,10,1,0
/home/arch_design_predict/download-github-repos/mvp/repos/MVP_Flickr-master/app/src/main/java/com/deromang/daggersample/domain/MainThreadImpl.java,com.deromang.daggersample.domain.MainThreadImpl,class,3,4,1,3,2,1,0,2,0,0.0,1.0,1.0,2,0,2,0,0,0,2,0,0,0,1,0,0,1,0,0,0,0,0,9,0,0,0,0,0,0,0,1,0,1,0,0,0,0,11,17,0
/home/arch_design_predict/download-github-repos/mvp/repos/MVP_Flickr-master/app/src/main/java/com/deromang/daggersample/deromang/modules/presentation/product/ProductListModule.java,com.deromang.daggersample.deromang.modules.presentation.product.ProductListModule,class,4,7,3,4,1,1,0,0,0,0.0,NaN,NaN,1,0,1,0,0,0,1,0,0,0,0,0,0,0,0,0,0,0,0,5,1,0,0,0,0,0,0,0,0,0,0,0,0,0,9,1,0
/home/arch_design_predict/download-github-repos/mvp/repos/MVP_Flickr-master/data/src/test/java/com/deromang/daggersample/data/ExampleUnitTest.java,com.deromang.daggersample.data.ExampleUnitTest,class,1,1,0,1,1,1,0,1,0,0.0,NaN,NaN,1,0,1,0,0,0,1,0,0,0,0,0,0,0,0,0,0,0,0,5,0,0,0,0,0,0,3,0,1,0,0,0,0,0,23,1,0
/home/arch_design_predict/download-github-repos/mvp/repos/MVP_Flickr-master/domain/src/main/java/com/deromang/daggersample/domain/modules/UseCaseCallback.java,com.deromang.daggersample.domain.modules.UseCaseCallback,interface,1,1,0,1,1,1,0,0,0,0.0,NaN,NaN,1,0,0,0,0,1,1,0,0,0,0,0,0,0,0,0,0,0,0,3,0,0,0,0,0,0,0,0,0,0,0,0,0,0,7,1,0
/home/arch_design_predict/download-github-repos/mvp/repos/MVP_Flickr-master/app/src/androidTest/java/com/deromang/daggersample/ExampleInstrumentedTest.java,com.deromang.daggersample.ExampleInstrumentedTest,class,4,4,0,4,1,1,0,3,0,0.0,NaN,NaN,1,0,1,0,0,0,1,0,0,0,0,0,0,0,0,0,0,0,0,6,0,0,0,0,0,1,0,1,0,1,0,0,0,0,21,1,0
/home/arch_design_predict/download-github-repos/mvp/repos/MVP_Flickr-master/domain/src/main/java/com/deromang/daggersample/domain/data/ResponsePhoto.java,com.deromang.daggersample.domain.data.ResponsePhoto,class,3,4,1,3,4,1,0,0,2,0.5,0.33333334,0.33333334,4,0,4,0,0,0,4,0,0,0,2,0,0,2,0,0,0,0,0,16,2,0,0,0,0,2,0,2,0,2,0,0,0,0,8,1,0
/home/arch_design_predict/download-github-repos/mvp/repos/MVP_Flickr-master/app/src/main/java/com/deromang/daggersample/deromang/app/ApplicationModule.java,com.deromang.daggersample.deromang.app.ApplicationModule,class,6,8,2,6,2,1,0,0,1,0.0,0.0,0.0,2,0,2,0,0,0,2,0,0,0,0,0,0,0,0,0,0,0,0,8,2,0,0,0,0,0,0,0,0,0,0,0,0,0,11,1,0
/home/arch_design_predict/download-github-repos/mvp/repos/MVP_Flickr-master/app/src/main/java/com/deromang/daggersample/tools/DateUtils.java,com.deromang.daggersample.tools.DateUtils,class,1,3,2,1,4,1,0,6,1,0.5,NaN,NaN,2,2,1,1,0,0,1,0,0,0,2,2,2,0,0,0,2,0,1,21,3,0,1,1,0,7,0,5,0,5,2,0,0,0,31,1,0
/home/arch_design_predict/download-github-repos/mvp/repos/MVP_Flickr-master/app/src/main/java/com/deromang/daggersample/ui/product/adapter/MainViewHolder.java,com.deromang.daggersample.ui.product.adapter.MainViewHolder,class,8,9,1,8,2,2,0,12,1,0.5,0.0,0.0,2,0,2,0,0,0,2,0,0,0,3,0,0,0,0,3,0,0,0,20,0,0,0,0,0,0,0,0,0,3,0,1,0,0,14,0,0
/home/arch_design_predict/download-github-repos/mvp/repos/MVP_Flickr-master/app/src/main/java/com/deromang/daggersample/deromang/app/ApplicationComponent.java,com.deromang.daggersample.deromang.app.ApplicationComponent,interface,5,8,3,5,2,1,0,0,1,0.0,0.0,0.0,2,0,0,0,0,2,2,0,0,0,0,0,0,0,0,0,0,0,0,4,0,0,0,0,0,0,0,0,0,0,0,0,0,0,10,1,0
/home/arch_design_predict/download-github-repos/mvp/repos/MVP_Flickr-master/domain/src/main/java/com/deromang/daggersample/domain/modules/api/APIService.java,com.deromang.daggersample.domain.modules.api.APIService,interface,6,9,3,6,3,1,0,0,3,0.0,0.0,0.0,3,0,0,0,0,3,3,0,0,0,0,0,0,0,0,0,0,0,0,5,0,0,0,0,0,20,0,0,0,0,0,0,0,0,12,1,0
/home/arch_design_predict/download-github-repos/mvp/repos/MVP_Flickr-master/domain/src/main/java/com/deromang/daggersample/domain/tools/UseCaseExecutor.java,com.deromang.daggersample.domain.tools.UseCaseExecutor,interface,1,4,3,1,1,1,0,0,0,0.0,NaN,NaN,1,0,0,0,0,1,1,0,0,0,0,0,0,0,0,0,0,0,0,3,0,0,0,0,0,0,0,0,0,0,0,0,0,0,6,1,0
/home/arch_design_predict/download-github-repos/mvp/repos/MVP_Flickr-master/presentation/src/main/java/com/deromang/daggersample/presentation/product/ProductListPresenter.java,com.deromang.daggersample.presentation.product.ProductListPresenter,interface,2,7,5,2,4,1,0,0,6,0.0,0.0,0.0,4,0,0,0,0,4,4,0,0,0,0,0,0,0,0,0,0,0,0,6,0,0,0,0,0,0,0,0,0,0,0,0,0,0,20,1,0
/home/arch_design_predict/download-github-repos/mvp/repos/MVP_Flickr-master/presentation/src/main/java/com/deromang/daggersample/presentation/detail/DetailView.java,com.deromang.daggersample.presentation.detail.DetailView,interface,2,7,5,2,3,1,0,0,3,0.0,0.0,0.0,3,0,0,0,0,3,3,0,0,0,0,0,0,0,0,0,0,0,0,5,0,0,0,0,0,0,0,0,0,0,0,0,0,0,11,1,0
/home/arch_design_predict/download-github-repos/mvp/repos/MVP_Flickr-master/app/src/main/java/com/deromang/daggersample/ui/product/ProductListFragment.java,com.deromang.daggersample.ui.product.ProductListFragment,class,17,21,4,17,9,3,0,19,20,0.7916667,0.04761905,0.04761905,8,1,5,1,2,0,7,0,0,0,6,0,0,3,0,3,0,0,0,51,2,0,0,0,0,0,1,3,0,6,1,1,0,0,46,1,0
/home/arch_design_predict/download-github-repos/mvp/repos/MVP_Flickr-master/app/src/main/java/com/deromang/daggersample/ui/activity/MainActivity.java,com.deromang.daggersample.ui.activity.MainActivity,class,17,20,3,17,11,3,0,18,22,0.7555556,0.19444445,0.30555555,9,0,5,0,2,2,9,0,0,0,5,0,0,1,0,4,0,0,0,43,1,0,0,0,1,2,1,2,0,6,1,0,0,0,48,1,0
/home/arch_design_predict/download-github-repos/mvp/repos/MVP_Flickr-master/domain/src/main/java/com/deromang/daggersample/domain/data/detail/Title.java,com.deromang.daggersample.domain.data.detail.Title,class,2,4,2,2,2,1,0,0,0,0.0,1.0,1.0,2,0,2,0,0,0,2,0,0,0,1,0,0,1,0,0,0,0,0,9,1,0,0,0,0,1,0,1,0,1,0,0,0,0,5,1,0
/home/arch_design_predict/download-github-repos/mvp/repos/MVP_Flickr-master/domain/src/main/java/com/deromang/daggersample/domain/data/Description.java,com.deromang.daggersample.domain.data.Description,class,2,3,1,2,2,1,0,0,0,0.0,1.0,1.0,2,0,2,0,0,0,2,0,0,0,1,0,0,1,0,0,0,0,0,9,1,0,0,0,0,1,0,1,0,1,0,0,0,0,5,1,0
/home/arch_design_predict/download-github-repos/mvp/repos/MVP_Flickr-master/data/src/androidTest/java/com/deromang/daggersample/data/ExampleInstrumentedTest.java,com.deromang.daggersample.data.ExampleInstrumentedTest,class,4,4,0,4,1,1,0,3,0,0.0,NaN,NaN,1,0,1,0,0,0,1,0,0,0,0,0,0,0,0,0,0,0,0,6,0,0,0,0,0,1,0,1,0,1,0,0,0,0,21,1,0
