file,class,method,variable,usage
/home/arch_design_predict/download-github-repos/mvvm/repos/NewProjectTemplate-master/app/src/main/java/com/example/sekini/utils/common/PersianCalendar.java,com.example.sekini.utils.common.PersianCalendar,getMonth/0,mMonth,1
/home/arch_design_predict/download-github-repos/mvvm/repos/NewProjectTemplate-master/app/src/main/java/com/example/sekini/utils/common/PersianCalendar.java,com.example.sekini.utils.common.PersianCalendar,getGregorianDate/1[java.lang.String],mDate,1
/home/arch_design_predict/download-github-repos/mvvm/repos/NewProjectTemplate-master/app/src/main/java/com/example/sekini/utils/common/PersianCalendar.java,com.example.sekini.utils.common.PersianCalendar,PersianCalendar/0,mDate,1
/home/arch_design_predict/download-github-repos/mvvm/repos/NewProjectTemplate-master/app/src/main/java/com/example/sekini/utils/common/PersianCalendar.java,com.example.sekini.utils.common.PersianCalendar,getMonthName/0,mMonth,1
/home/arch_design_predict/download-github-repos/mvvm/repos/NewProjectTemplate-master/app/src/main/java/com/example/sekini/utils/common/PersianCalendar.java,com.example.sekini.utils.common.PersianCalendar,getMonthName/0,MONTH_NAMES,1
/home/arch_design_predict/download-github-repos/mvvm/repos/NewProjectTemplate-master/app/src/main/java/com/example/sekini/utils/common/PersianCalendar.java,com.example.sekini.utils.common.PersianCalendar,PersianCalendar/1[java.util.Date],mDate,1
/home/arch_design_predict/download-github-repos/mvvm/repos/NewProjectTemplate-master/app/src/main/java/com/example/sekini/utils/common/PersianCalendar.java,com.example.sekini.utils.common.PersianCalendar,getDayOfMonth/0,mDayOfMonth,1
/home/arch_design_predict/download-github-repos/mvvm/repos/NewProjectTemplate-master/app/src/main/java/com/example/sekini/utils/common/PersianCalendar.java,com.example.sekini.utils.common.PersianCalendar,getWeekDay/0,mDate,1
/home/arch_design_predict/download-github-repos/mvvm/repos/NewProjectTemplate-master/app/src/main/java/com/example/sekini/utils/common/PersianCalendar.java,com.example.sekini.utils.common.PersianCalendar,getYear/0,mYear,1
/home/arch_design_predict/download-github-repos/mvvm/repos/NewProjectTemplate-master/app/src/main/java/com/example/sekini/utils/common/PersianCalendar.java,com.example.sekini.utils.common.PersianCalendar,getTime/0,mDate,2
/home/arch_design_predict/download-github-repos/mvvm/repos/NewProjectTemplate-master/app/src/main/java/com/example/sekini/utils/common/PersianCalendar.java,com.example.sekini.utils.common.PersianCalendar,getWeekDayName/0,WEEKDAY_NAMES,1
/home/arch_design_predict/download-github-repos/mvvm/repos/NewProjectTemplate-master/app/src/main/java/com/example/sekini/utils/common/PersianCalendar.java,com.example.sekini.utils.common.PersianCalendar,getWeekDayName/0,mDate,1
/home/arch_design_predict/download-github-repos/mvvm/repos/NewProjectTemplate-master/app/src/main/java/com/example/sekini/utils/common/PersianCalendar.java,com.example.sekini.utils.common.PersianCalendar,toString/0,mDayOfMonth,1
/home/arch_design_predict/download-github-repos/mvvm/repos/NewProjectTemplate-master/app/src/main/java/com/example/sekini/utils/common/PersianCalendar.java,com.example.sekini.utils.common.PersianCalendar,toString/0,mYear,1
/home/arch_design_predict/download-github-repos/mvvm/repos/NewProjectTemplate-master/app/src/main/java/com/example/sekini/utils/common/PersianCalendar.java,com.example.sekini.utils.common.PersianCalendar,calcSolarCalendar/0,mDayOfMonth,54
/home/arch_design_predict/download-github-repos/mvvm/repos/NewProjectTemplate-master/app/src/main/java/com/example/sekini/utils/common/PersianCalendar.java,com.example.sekini.utils.common.PersianCalendar,calcSolarCalendar/0,mMonth,12
/home/arch_design_predict/download-github-repos/mvvm/repos/NewProjectTemplate-master/app/src/main/java/com/example/sekini/utils/common/PersianCalendar.java,com.example.sekini.utils.common.PersianCalendar,calcSolarCalendar/0,mYear,6
/home/arch_design_predict/download-github-repos/mvvm/repos/NewProjectTemplate-master/app/src/main/java/com/example/sekini/utils/common/PersianCalendar.java,com.example.sekini.utils.common.PersianCalendar,calcSolarCalendar/0,mDate,3
/home/arch_design_predict/download-github-repos/mvvm/repos/NewProjectTemplate-master/app/src/main/java/com/example/sekini/utils/common/PersianCalendar.java,com.example.sekini.utils.common.PersianCalendar,getPersianDate/0,mDayOfMonth,1
/home/arch_design_predict/download-github-repos/mvvm/repos/NewProjectTemplate-master/app/src/main/java/com/example/sekini/utils/common/PersianCalendar.java,com.example.sekini.utils.common.PersianCalendar,getPersianDate/0,mMonth,1
/home/arch_design_predict/download-github-repos/mvvm/repos/NewProjectTemplate-master/app/src/main/java/com/example/sekini/utils/common/PersianCalendar.java,com.example.sekini.utils.common.PersianCalendar,getPersianDate/0,mYear,1
/home/arch_design_predict/download-github-repos/mvvm/repos/NewProjectTemplate-master/app/src/main/java/com/example/sekini/utils/base/dialog/prompt/AnswerPrompt.java,com.example.sekini.utils.base.dialog.prompt.AnswerPrompt,onCreateDialog/1[com.example.sekini.utils.base.dialog.prompt.Bundle],message,1
/home/arch_design_predict/download-github-repos/mvvm/repos/NewProjectTemplate-master/app/src/main/java/com/example/sekini/utils/base/dialog/prompt/AnswerPrompt.java,com.example.sekini.utils.base.dialog.prompt.AnswerPrompt,onCreateDialog/1[com.example.sekini.utils.base.dialog.prompt.Bundle],title,1
/home/arch_design_predict/download-github-repos/mvvm/repos/NewProjectTemplate-master/app/src/main/java/com/example/sekini/utils/base/dialog/prompt/AnswerPrompt.java,com.example.sekini.utils.base.dialog.prompt.AnswerPrompt,"newInstance/2[java.lang.String,java.lang.String]",MESSAGE,1
/home/arch_design_predict/download-github-repos/mvvm/repos/NewProjectTemplate-master/app/src/main/java/com/example/sekini/utils/base/dialog/prompt/AnswerPrompt.java,com.example.sekini.utils.base.dialog.prompt.AnswerPrompt,"newInstance/2[java.lang.String,java.lang.String]",TITLE,1
/home/arch_design_predict/download-github-repos/mvvm/repos/NewProjectTemplate-master/app/src/main/java/com/example/sekini/utils/base/dialog/prompt/AnswerPrompt.java,com.example.sekini.utils.base.dialog.prompt.AnswerPrompt,"newInstance/2[java.lang.String,java.lang.String]",title,2
/home/arch_design_predict/download-github-repos/mvvm/repos/NewProjectTemplate-master/app/src/main/java/com/example/sekini/utils/base/dialog/prompt/AnswerPrompt.java,com.example.sekini.utils.base.dialog.prompt.AnswerPrompt,"newInstance/2[java.lang.String,java.lang.String]",message,2
/home/arch_design_predict/download-github-repos/mvvm/repos/NewProjectTemplate-master/app/src/main/java/com/example/sekini/utils/base/dialog/prompt/AnswerPrompt.java,com.example.sekini.utils.base.dialog.prompt.AnswerPrompt,onCreate/1[com.example.sekini.utils.base.dialog.prompt.Bundle],MESSAGE,1
/home/arch_design_predict/download-github-repos/mvvm/repos/NewProjectTemplate-master/app/src/main/java/com/example/sekini/utils/base/dialog/prompt/AnswerPrompt.java,com.example.sekini.utils.base.dialog.prompt.AnswerPrompt,onCreate/1[com.example.sekini.utils.base.dialog.prompt.Bundle],TITLE,1
/home/arch_design_predict/download-github-repos/mvvm/repos/NewProjectTemplate-master/app/src/main/java/com/example/sekini/utils/base/dialog/prompt/AnswerPrompt.java,com.example.sekini.utils.base.dialog.prompt.AnswerPrompt,onCreate/1[com.example.sekini.utils.base.dialog.prompt.Bundle],title,1
/home/arch_design_predict/download-github-repos/mvvm/repos/NewProjectTemplate-master/app/src/main/java/com/example/sekini/utils/base/dialog/prompt/AnswerPrompt.java,com.example.sekini.utils.base.dialog.prompt.AnswerPrompt,onCreate/1[com.example.sekini.utils.base.dialog.prompt.Bundle],message,1
/home/arch_design_predict/download-github-repos/mvvm/repos/NewProjectTemplate-master/app/src/main/java/com/example/sekini/data/remote/RetrofitApi.java,com.example.sekini.data.remote.RetrofitApi,RetrofitApi/1[com.example.sekini.data.remote.Retrofit],retrofit,3
/home/arch_design_predict/download-github-repos/mvvm/repos/NewProjectTemplate-master/app/src/main/java/com/example/sekini/utils/exception/ConnectionException.java,com.example.sekini.utils.exception.ConnectionException,generateMessage/0,context,2
/home/arch_design_predict/download-github-repos/mvvm/repos/NewProjectTemplate-master/app/src/main/java/com/example/sekini/app/BaseApp.java,com.example.sekini.app.BaseApp,"handleUncaughtException/2[java.lang.Thread,java.lang.Throwable]",defaultHandler,1
/home/arch_design_predict/download-github-repos/mvvm/repos/NewProjectTemplate-master/app/src/main/java/com/example/sekini/app/BaseApp.java,com.example.sekini.app.BaseApp,applicationInjector/0,defaultHandler,1
/home/arch_design_predict/download-github-repos/mvvm/repos/NewProjectTemplate-master/app/src/main/java/com/example/sekini/utils/base/SharedMainViewModel.java,com.example.sekini.utils.base.SharedMainViewModel,"setModel/2[boolean,int]",model,1
/home/arch_design_predict/download-github-repos/mvvm/repos/NewProjectTemplate-master/app/src/main/java/com/example/sekini/utils/base/SharedMainViewModel.java,com.example.sekini.utils.base.SharedMainViewModel,getModel/0,model,1
/home/arch_design_predict/download-github-repos/mvvm/repos/NewProjectTemplate-master/app/src/main/java/com/example/sekini/utils/exception/HandleException.java,com.example.sekini.utils.exception.HandleException,HandleException/1[com.example.sekini.utils.exception.Context],context,3
/home/arch_design_predict/download-github-repos/mvvm/repos/NewProjectTemplate-master/app/src/main/java/com/example/sekini/utils/exception/HandleException.java,com.example.sekini.utils.exception.HandleException,HandleException/1[com.example.sekini.utils.exception.Context],list,1
/home/arch_design_predict/download-github-repos/mvvm/repos/NewProjectTemplate-master/app/src/main/java/com/example/sekini/utils/exception/HandleException.java,com.example.sekini.utils.exception.HandleException,"generateMessage/2[com.example.sekini.utils.exception.Context,int]",context,12
/home/arch_design_predict/download-github-repos/mvvm/repos/NewProjectTemplate-master/app/src/main/java/com/example/sekini/utils/exception/HandleException.java,com.example.sekini.utils.exception.HandleException,"generateMessage/2[com.example.sekini.utils.exception.Context,int]",list,1
/home/arch_design_predict/download-github-repos/mvvm/repos/NewProjectTemplate-master/app/src/main/java/com/example/sekini/utils/exception/HandleException.java,com.example.sekini.utils.exception.HandleException,newException/1[java.lang.Throwable],context,1
/home/arch_design_predict/download-github-repos/mvvm/repos/NewProjectTemplate-master/app/src/main/java/com/example/sekini/utils/exception/HandleException.java,com.example.sekini.utils.exception.HandleException,newException/1[java.lang.Throwable],list,3
/home/arch_design_predict/download-github-repos/mvvm/repos/NewProjectTemplate-master/app/src/main/java/com/example/sekini/utils/exception/HandleException.java,com.example.sekini.utils.exception.HandleException,addException/1[java.lang.Throwable],context,1
/home/arch_design_predict/download-github-repos/mvvm/repos/NewProjectTemplate-master/app/src/main/java/com/example/sekini/utils/exception/HandleException.java,com.example.sekini.utils.exception.HandleException,addException/1[java.lang.Throwable],list,2
/home/arch_design_predict/download-github-repos/mvvm/repos/NewProjectTemplate-master/app/src/main/java/com/example/sekini/utils/base/SharedMainModel.java,com.example.sekini.utils.base.SharedMainModel,setProgress/1[int],progress,3
/home/arch_design_predict/download-github-repos/mvvm/repos/NewProjectTemplate-master/app/src/main/java/com/example/sekini/utils/base/SharedMainModel.java,com.example.sekini.utils.base.SharedMainModel,setIndeterminate/1[boolean],isIndeterminate,1
/home/arch_design_predict/download-github-repos/mvvm/repos/NewProjectTemplate-master/app/src/main/java/com/example/sekini/utils/base/SharedMainModel.java,com.example.sekini.utils.base.SharedMainModel,getProgress/0,progress,1
/home/arch_design_predict/download-github-repos/mvvm/repos/NewProjectTemplate-master/app/src/main/java/com/example/sekini/utils/base/SharedMainModel.java,com.example.sekini.utils.base.SharedMainModel,isIndeterminate/0,isIndeterminate,2
/home/arch_design_predict/download-github-repos/mvvm/repos/NewProjectTemplate-master/app/src/main/java/com/example/sekini/utils/base/SharedMainModel.java,com.example.sekini.utils.base.SharedMainModel,"SharedMainModel/2[boolean,int]",progress,3
/home/arch_design_predict/download-github-repos/mvvm/repos/NewProjectTemplate-master/app/src/main/java/com/example/sekini/utils/base/SharedMainModel.java,com.example.sekini.utils.base.SharedMainModel,"SharedMainModel/2[boolean,int]",isIndeterminate,3
/home/arch_design_predict/download-github-repos/mvvm/repos/NewProjectTemplate-master/app/src/main/java/com/example/sekini/data/Repository.java,com.example.sekini.data.Repository,"Repository/3[com.example.sekini.data.remote.RetrofitApi,com.example.sekini.data.local.db.IBookDao,com.example.sekini.data.Context]",bookDao,3
/home/arch_design_predict/download-github-repos/mvvm/repos/NewProjectTemplate-master/app/src/main/java/com/example/sekini/data/Repository.java,com.example.sekini.data.Repository,"Repository/3[com.example.sekini.data.remote.RetrofitApi,com.example.sekini.data.local.db.IBookDao,com.example.sekini.data.Context]",context,3
/home/arch_design_predict/download-github-repos/mvvm/repos/NewProjectTemplate-master/app/src/main/java/com/example/sekini/data/Repository.java,com.example.sekini.data.Repository,"Repository/3[com.example.sekini.data.remote.RetrofitApi,com.example.sekini.data.local.db.IBookDao,com.example.sekini.data.Context]",api,3
/home/arch_design_predict/download-github-repos/mvvm/repos/NewProjectTemplate-master/app/src/main/java/com/example/sekini/utils/base/BaseViewModel.java,com.example.sekini.utils.base.BaseViewModel,getNavigator/0,mNavigator,1
/home/arch_design_predict/download-github-repos/mvvm/repos/NewProjectTemplate-master/app/src/main/java/com/example/sekini/utils/base/BaseViewModel.java,com.example.sekini.utils.base.BaseViewModel,setNavigator/1[N],mNavigator,1
/home/arch_design_predict/download-github-repos/mvvm/repos/NewProjectTemplate-master/app/src/main/java/com/example/sekini/data/local/pref/AppPref.java,com.example.sekini.data.local.pref.AppPref,AppPref/1[com.example.sekini.data.local.pref.Context],pm,1
/home/arch_design_predict/download-github-repos/mvvm/repos/NewProjectTemplate-master/app/src/main/java/com/example/sekini/utils/exception/ApiException.java,com.example.sekini.utils.exception.ApiException,ApiException/1[com.example.sekini.utils.exception.Context],context,3
/home/arch_design_predict/download-github-repos/mvvm/repos/NewProjectTemplate-master/app/src/main/java/com/example/sekini/utils/exception/ApiException.java,com.example.sekini.utils.exception.ApiException,newException/1[com.example.sekini.utils.exception.Response],context,1
/home/arch_design_predict/download-github-repos/mvvm/repos/NewProjectTemplate-master/app/src/main/java/com/example/sekini/utils/exception/ApiException.java,com.example.sekini.utils.exception.ApiException,generateMessage/1[com.example.sekini.utils.exception.Response],context,6
/home/arch_design_predict/download-github-repos/mvvm/repos/NewProjectTemplate-master/app/src/main/java/com/example/sekini/utils/exception/ApiException.java,com.example.sekini.utils.exception.ApiException,"ApiException/2[com.example.sekini.utils.exception.Context,com.example.sekini.utils.exception.Response]",context,3
/home/arch_design_predict/download-github-repos/mvvm/repos/NewProjectTemplate-master/app/src/main/java/com/example/sekini/utils/common/CommonUtils.java,com.example.sekini.utils.common.CommonUtils,getContext/0,context,1
/home/arch_design_predict/download-github-repos/mvvm/repos/NewProjectTemplate-master/app/src/main/java/com/example/sekini/utils/common/CommonUtils.java,com.example.sekini.utils.common.CommonUtils,toast/1[java.lang.String],context,1
/home/arch_design_predict/download-github-repos/mvvm/repos/NewProjectTemplate-master/app/src/main/java/com/example/sekini/utils/common/CommonUtils.java,com.example.sekini.utils.common.CommonUtils,toast/1[int],context,1
/home/arch_design_predict/download-github-repos/mvvm/repos/NewProjectTemplate-master/app/src/main/java/com/example/sekini/utils/common/CommonUtils.java,com.example.sekini.utils.common.CommonUtils,"exportDatabase/2[com.example.sekini.utils.common.Context,java.lang.String]",context,4
/home/arch_design_predict/download-github-repos/mvvm/repos/NewProjectTemplate-master/app/src/main/java/com/example/sekini/utils/common/CommonUtils.java,com.example.sekini.utils.common.CommonUtils,CommonUtils/1[com.example.sekini.utils.common.Context],context,3
/home/arch_design_predict/download-github-repos/mvvm/repos/NewProjectTemplate-master/app/src/main/java/com/example/sekini/utils/common/CommonUtils.java,com.example.sekini.utils.common.CommonUtils,playSound/1[int],context,1
/home/arch_design_predict/download-github-repos/mvvm/repos/NewProjectTemplate-master/app/src/main/java/com/example/sekini/utils/common/CommonUtils.java,com.example.sekini.utils.common.CommonUtils,getDrawable/1[java.lang.String],context,2
/home/arch_design_predict/download-github-repos/mvvm/repos/NewProjectTemplate-master/app/src/main/java/com/example/sekini/utils/common/CommonUtils.java,com.example.sekini.utils.common.CommonUtils,getString/1[int],context,1
/home/arch_design_predict/download-github-repos/mvvm/repos/NewProjectTemplate-master/app/src/main/java/com/example/sekini/utils/common/CommonUtils.java,com.example.sekini.utils.common.CommonUtils,getCircularProgressDrawable/0,context,1
/home/arch_design_predict/download-github-repos/mvvm/repos/NewProjectTemplate-master/app/src/main/java/com/example/sekini/ui/MainActivity.java,com.example.sekini.ui.MainActivity,getViewModel/0,factory,1
/home/arch_design_predict/download-github-repos/mvvm/repos/NewProjectTemplate-master/app/src/main/java/com/example/sekini/utils/exception/BaseException.java,com.example.sekini.utils.exception.BaseException,BaseException/1[int],errorModel,1
/home/arch_design_predict/download-github-repos/mvvm/repos/NewProjectTemplate-master/app/src/main/java/com/example/sekini/utils/exception/BaseException.java,com.example.sekini.utils.exception.BaseException,BaseException/1[int],context,1
/home/arch_design_predict/download-github-repos/mvvm/repos/NewProjectTemplate-master/app/src/main/java/com/example/sekini/utils/exception/BaseException.java,com.example.sekini.utils.exception.BaseException,BaseException/0,errorModel,1
/home/arch_design_predict/download-github-repos/mvvm/repos/NewProjectTemplate-master/app/src/main/java/com/example/sekini/utils/exception/BaseException.java,com.example.sekini.utils.exception.BaseException,BaseException/1[java.lang.String],errorModel,1
/home/arch_design_predict/download-github-repos/mvvm/repos/NewProjectTemplate-master/app/src/main/java/com/example/sekini/utils/base/fragment/BaseFragment.java,com.example.sekini.utils.base.fragment.BaseFragment,hideProgress/0,progress,2
/home/arch_design_predict/download-github-repos/mvvm/repos/NewProjectTemplate-master/app/src/main/java/com/example/sekini/utils/base/fragment/BaseFragment.java,com.example.sekini.utils.base.fragment.BaseFragment,onAttach/1[com.example.sekini.utils.base.fragment.Context],mActivity,1
/home/arch_design_predict/download-github-repos/mvvm/repos/NewProjectTemplate-master/app/src/main/java/com/example/sekini/utils/base/fragment/BaseFragment.java,com.example.sekini.utils.base.fragment.BaseFragment,toast/1[int],commonUtils,1
/home/arch_design_predict/download-github-repos/mvvm/repos/NewProjectTemplate-master/app/src/main/java/com/example/sekini/utils/base/fragment/BaseFragment.java,com.example.sekini.utils.base.fragment.BaseFragment,"setToolbarProgressBar/2[boolean,int]",sharedMainViewModel,1
/home/arch_design_predict/download-github-repos/mvvm/repos/NewProjectTemplate-master/app/src/main/java/com/example/sekini/utils/base/fragment/BaseFragment.java,com.example.sekini.utils.base.fragment.BaseFragment,"setToolbarProgressBar/2[boolean,int]",progress,2
/home/arch_design_predict/download-github-repos/mvvm/repos/NewProjectTemplate-master/app/src/main/java/com/example/sekini/utils/base/fragment/BaseFragment.java,com.example.sekini.utils.base.fragment.BaseFragment,onDetach/0,mActivity,1
/home/arch_design_predict/download-github-repos/mvvm/repos/NewProjectTemplate-master/app/src/main/java/com/example/sekini/utils/base/fragment/BaseFragment.java,com.example.sekini.utils.base.fragment.BaseFragment,showProgress/1[java.lang.Boolean],progress,4
/home/arch_design_predict/download-github-repos/mvvm/repos/NewProjectTemplate-master/app/src/main/java/com/example/sekini/utils/base/fragment/BaseFragment.java,com.example.sekini.utils.base.fragment.BaseFragment,onCreate/1[com.example.sekini.utils.base.fragment.Bundle],sharedMainViewModel,1
/home/arch_design_predict/download-github-repos/mvvm/repos/NewProjectTemplate-master/app/src/main/java/com/example/sekini/utils/base/fragment/BaseFragment.java,com.example.sekini.utils.base.fragment.BaseFragment,onCreate/1[com.example.sekini.utils.base.fragment.Bundle],progress,2
/home/arch_design_predict/download-github-repos/mvvm/repos/NewProjectTemplate-master/app/src/main/java/com/example/sekini/utils/base/fragment/BaseFragment.java,com.example.sekini.utils.base.fragment.BaseFragment,getBaseActivity/0,mActivity,1
/home/arch_design_predict/download-github-repos/mvvm/repos/NewProjectTemplate-master/app/src/main/java/com/example/sekini/utils/base/fragment/BaseFragment.java,com.example.sekini.utils.base.fragment.BaseFragment,handleError/1[java.lang.Throwable],handleException,1
/home/arch_design_predict/download-github-repos/mvvm/repos/NewProjectTemplate-master/app/src/main/java/com/example/sekini/utils/base/fragment/BaseFragment.java,com.example.sekini.utils.base.fragment.BaseFragment,handleError/1[java.lang.Throwable],mActivity,1
/home/arch_design_predict/download-github-repos/mvvm/repos/NewProjectTemplate-master/app/src/main/java/com/example/sekini/utils/base/fragment/BaseFragment.java,com.example.sekini.utils.base.fragment.BaseFragment,handleError/1[java.lang.Throwable],ERROR_DIALOG,1
/home/arch_design_predict/download-github-repos/mvvm/repos/NewProjectTemplate-master/app/src/main/java/com/example/sekini/utils/base/fragment/BaseFragment.java,com.example.sekini.utils.base.fragment.BaseFragment,toast/1[java.lang.String],commonUtils,1
/home/arch_design_predict/download-github-repos/mvvm/repos/NewProjectTemplate-master/app/src/main/java/com/example/sekini/utils/base/fragment/BaseFragment.java,com.example.sekini.utils.base.fragment.BaseFragment,"setProgress/2[java.lang.String,int]",progress,2
/home/arch_design_predict/download-github-repos/mvvm/repos/NewProjectTemplate-master/app/src/main/java/com/example/sekini/utils/base/fragment/BaseFragment.java,com.example.sekini.utils.base.fragment.BaseFragment,"onCreateView/3[com.example.sekini.utils.base.fragment.LayoutInflater,com.example.sekini.utils.base.fragment.ViewGroup,com.example.sekini.utils.base.fragment.Bundle]",mViewDataBinding,4
/home/arch_design_predict/download-github-repos/mvvm/repos/NewProjectTemplate-master/app/src/main/java/com/example/sekini/utils/base/fragment/BaseFragment.java,com.example.sekini.utils.base.fragment.BaseFragment,"onCreateView/3[com.example.sekini.utils.base.fragment.LayoutInflater,com.example.sekini.utils.base.fragment.ViewGroup,com.example.sekini.utils.base.fragment.Bundle]",mViewModel,4
/home/arch_design_predict/download-github-repos/mvvm/repos/NewProjectTemplate-master/app/src/main/java/com/example/sekini/utils/base/fragment/BaseFragment.java,com.example.sekini.utils.base.fragment.BaseFragment,"onCreateView/3[com.example.sekini.utils.base.fragment.LayoutInflater,com.example.sekini.utils.base.fragment.ViewGroup,com.example.sekini.utils.base.fragment.Bundle]",mActivity,1
/home/arch_design_predict/download-github-repos/mvvm/repos/NewProjectTemplate-master/app/src/main/java/com/example/sekini/utils/base/fragment/FragmentBaseViewModel.java,com.example.sekini.utils.base.fragment.FragmentBaseViewModel,getNavigator/0,mNavigator,1
/home/arch_design_predict/download-github-repos/mvvm/repos/NewProjectTemplate-master/app/src/main/java/com/example/sekini/utils/base/fragment/FragmentBaseViewModel.java,com.example.sekini.utils.base.fragment.FragmentBaseViewModel,setNavigator/1[N],mNavigator,1
/home/arch_design_predict/download-github-repos/mvvm/repos/NewProjectTemplate-master/app/src/main/java/com/example/sekini/utils/base/activity/BaseActivity.java,com.example.sekini.utils.base.activity.BaseActivity,performDataBinding/0,mViewDataBinding,3
/home/arch_design_predict/download-github-repos/mvvm/repos/NewProjectTemplate-master/app/src/main/java/com/example/sekini/utils/base/activity/BaseActivity.java,com.example.sekini.utils.base.activity.BaseActivity,performDataBinding/0,mViewModel,4
/home/arch_design_predict/download-github-repos/mvvm/repos/NewProjectTemplate-master/app/src/main/java/com/example/sekini/utils/base/activity/BaseActivity.java,com.example.sekini.utils.base.activity.BaseActivity,"setProgress/2[java.lang.String,int]",progress,3
/home/arch_design_predict/download-github-repos/mvvm/repos/NewProjectTemplate-master/app/src/main/java/com/example/sekini/utils/base/activity/BaseActivity.java,com.example.sekini.utils.base.activity.BaseActivity,handleError/1[java.lang.Throwable],handleException,1
/home/arch_design_predict/download-github-repos/mvvm/repos/NewProjectTemplate-master/app/src/main/java/com/example/sekini/utils/base/activity/BaseActivity.java,com.example.sekini.utils.base.activity.BaseActivity,handleError/1[java.lang.Throwable],ERROR_DIALOG,1
/home/arch_design_predict/download-github-repos/mvvm/repos/NewProjectTemplate-master/app/src/main/java/com/example/sekini/utils/base/activity/BaseActivity.java,com.example.sekini.utils.base.activity.BaseActivity,toast/1[int],commonUtils,1
/home/arch_design_predict/download-github-repos/mvvm/repos/NewProjectTemplate-master/app/src/main/java/com/example/sekini/utils/base/activity/BaseActivity.java,com.example.sekini.utils.base.activity.BaseActivity,showProgress/1[java.lang.Boolean],progress,5
/home/arch_design_predict/download-github-repos/mvvm/repos/NewProjectTemplate-master/app/src/main/java/com/example/sekini/utils/base/activity/BaseActivity.java,com.example.sekini.utils.base.activity.BaseActivity,onCreate/1[com.example.sekini.utils.base.activity.Bundle],progress,2
/home/arch_design_predict/download-github-repos/mvvm/repos/NewProjectTemplate-master/app/src/main/java/com/example/sekini/utils/base/activity/BaseActivity.java,com.example.sekini.utils.base.activity.BaseActivity,hideProgress/0,progress,6
/home/arch_design_predict/download-github-repos/mvvm/repos/NewProjectTemplate-master/app/src/main/java/com/example/sekini/utils/base/activity/BaseActivity.java,com.example.sekini.utils.base.activity.BaseActivity,toast/1[java.lang.String],commonUtils,1
/home/arch_design_predict/download-github-repos/mvvm/repos/NewProjectTemplate-master/app/src/main/java/com/example/sekini/utils/base/dialog/BaseDialog.java,com.example.sekini.utils.base.dialog.BaseDialog,"onCreateView/3[com.example.sekini.utils.base.dialog.LayoutInflater,com.example.sekini.utils.base.dialog.ViewGroup,com.example.sekini.utils.base.dialog.Bundle]",progress,1
/home/arch_design_predict/download-github-repos/mvvm/repos/NewProjectTemplate-master/app/src/main/java/com/example/sekini/utils/base/dialog/BaseDialog.java,com.example.sekini.utils.base.dialog.BaseDialog,"setProgress/2[java.lang.String,int]",progress,2
/home/arch_design_predict/download-github-repos/mvvm/repos/NewProjectTemplate-master/app/src/main/java/com/example/sekini/utils/base/dialog/BaseDialog.java,com.example.sekini.utils.base.dialog.BaseDialog,toast/1[int],commonUtils,1
/home/arch_design_predict/download-github-repos/mvvm/repos/NewProjectTemplate-master/app/src/main/java/com/example/sekini/utils/base/dialog/BaseDialog.java,com.example.sekini.utils.base.dialog.BaseDialog,showProgress/1[java.lang.Boolean],progress,6
/home/arch_design_predict/download-github-repos/mvvm/repos/NewProjectTemplate-master/app/src/main/java/com/example/sekini/utils/base/dialog/BaseDialog.java,com.example.sekini.utils.base.dialog.BaseDialog,handleError/1[java.lang.Throwable],handleException,2
/home/arch_design_predict/download-github-repos/mvvm/repos/NewProjectTemplate-master/app/src/main/java/com/example/sekini/utils/base/dialog/BaseDialog.java,com.example.sekini.utils.base.dialog.BaseDialog,performDataBinding/0,mViewDataBinding,3
/home/arch_design_predict/download-github-repos/mvvm/repos/NewProjectTemplate-master/app/src/main/java/com/example/sekini/utils/base/dialog/BaseDialog.java,com.example.sekini.utils.base.dialog.BaseDialog,performDataBinding/0,mViewModel,4
/home/arch_design_predict/download-github-repos/mvvm/repos/NewProjectTemplate-master/app/src/main/java/com/example/sekini/utils/base/dialog/BaseDialog.java,com.example.sekini.utils.base.dialog.BaseDialog,onCreateDialog/1[com.example.sekini.utils.base.dialog.Bundle],mViewDataBinding,1
/home/arch_design_predict/download-github-repos/mvvm/repos/NewProjectTemplate-master/app/src/main/java/com/example/sekini/utils/base/dialog/BaseDialog.java,com.example.sekini.utils.base.dialog.BaseDialog,toast/1[java.lang.String],commonUtils,1
/home/arch_design_predict/download-github-repos/mvvm/repos/NewProjectTemplate-master/app/src/main/java/com/example/sekini/utils/base/dialog/BaseDialog.java,com.example.sekini.utils.base.dialog.BaseDialog,hideProgress/0,progress,2
/home/arch_design_predict/download-github-repos/mvvm/repos/NewProjectTemplate-master/app/src/main/java/com/example/sekini/utils/common/SimpleAsyncTask.java,com.example.sekini.utils.common.SimpleAsyncTask,doInBackground/1[java.lang.Object[]],runDo,2
/home/arch_design_predict/download-github-repos/mvvm/repos/NewProjectTemplate-master/app/src/main/java/com/example/sekini/utils/common/SimpleAsyncTask.java,com.example.sekini.utils.common.SimpleAsyncTask,"SimpleAsyncTask/3[com.example.sekini.utils.common.RunnableMethod,com.example.sekini.utils.common.RunnableMethod,com.example.sekini.utils.common.RunnableIn]",runPre,3
/home/arch_design_predict/download-github-repos/mvvm/repos/NewProjectTemplate-master/app/src/main/java/com/example/sekini/utils/common/SimpleAsyncTask.java,com.example.sekini.utils.common.SimpleAsyncTask,"SimpleAsyncTask/3[com.example.sekini.utils.common.RunnableMethod,com.example.sekini.utils.common.RunnableMethod,com.example.sekini.utils.common.RunnableIn]",runPost,3
/home/arch_design_predict/download-github-repos/mvvm/repos/NewProjectTemplate-master/app/src/main/java/com/example/sekini/utils/common/SimpleAsyncTask.java,com.example.sekini.utils.common.SimpleAsyncTask,"SimpleAsyncTask/3[com.example.sekini.utils.common.RunnableMethod,com.example.sekini.utils.common.RunnableMethod,com.example.sekini.utils.common.RunnableIn]",runDo,3
/home/arch_design_predict/download-github-repos/mvvm/repos/NewProjectTemplate-master/app/src/main/java/com/example/sekini/utils/common/SimpleAsyncTask.java,com.example.sekini.utils.common.SimpleAsyncTask,onPostExecute/1[java.lang.Object],runPost,2
/home/arch_design_predict/download-github-repos/mvvm/repos/NewProjectTemplate-master/app/src/main/java/com/example/sekini/utils/common/SimpleAsyncTask.java,com.example.sekini.utils.common.SimpleAsyncTask,onPreExecute/0,runPre,2
/home/arch_design_predict/download-github-repos/mvvm/repos/NewProjectTemplate-master/app/src/main/java/com/example/sekini/utils/base/ViewModelProviderFactory.java,com.example.sekini.utils.base.ViewModelProviderFactory,create/1[java.lang.Class<T>],viewModel,2
/home/arch_design_predict/download-github-repos/mvvm/repos/NewProjectTemplate-master/app/src/main/java/com/example/sekini/utils/base/ViewModelProviderFactory.java,com.example.sekini.utils.base.ViewModelProviderFactory,ViewModelProviderFactory/1[V],viewModel,3
/home/arch_design_predict/download-github-repos/mvvm/repos/NewProjectTemplate-master/app/src/main/java/com/example/sekini/utils/common/RunnableModel.java,com.example.sekini.utils.common.RunnableModel,setModel/1[T],model,3
/home/arch_design_predict/download-github-repos/mvvm/repos/NewProjectTemplate-master/app/src/main/java/com/example/sekini/utils/common/RunnableModel.java,com.example.sekini.utils.common.RunnableModel,"RunnableModel/2[T,java.lang.Throwable]",exception,3
/home/arch_design_predict/download-github-repos/mvvm/repos/NewProjectTemplate-master/app/src/main/java/com/example/sekini/utils/common/RunnableModel.java,com.example.sekini.utils.common.RunnableModel,"RunnableModel/2[T,java.lang.Throwable]",model,3
/home/arch_design_predict/download-github-repos/mvvm/repos/NewProjectTemplate-master/app/src/main/java/com/example/sekini/utils/common/RunnableModel.java,com.example.sekini.utils.common.RunnableModel,getException/0,exception,1
/home/arch_design_predict/download-github-repos/mvvm/repos/NewProjectTemplate-master/app/src/main/java/com/example/sekini/utils/common/RunnableModel.java,com.example.sekini.utils.common.RunnableModel,hasError/0,exception,1
/home/arch_design_predict/download-github-repos/mvvm/repos/NewProjectTemplate-master/app/src/main/java/com/example/sekini/utils/common/RunnableModel.java,com.example.sekini.utils.common.RunnableModel,getModel/0,model,1
/home/arch_design_predict/download-github-repos/mvvm/repos/NewProjectTemplate-master/app/src/main/java/com/example/sekini/utils/common/RunnableModel.java,com.example.sekini.utils.common.RunnableModel,setException/1[java.lang.Throwable],exception,3
/home/arch_design_predict/download-github-repos/mvvm/repos/NewProjectTemplate-master/app/src/main/java/com/example/sekini/utils/exception/DatabaseException.java,com.example.sekini.utils.exception.DatabaseException,"DatabaseException/2[com.example.sekini.utils.exception.Context,java.lang.String]",exception,4
/home/arch_design_predict/download-github-repos/mvvm/repos/NewProjectTemplate-master/app/src/main/java/com/example/sekini/utils/exception/DatabaseException.java,com.example.sekini.utils.exception.DatabaseException,"DatabaseException/2[com.example.sekini.utils.exception.Context,java.lang.String]",context,3
/home/arch_design_predict/download-github-repos/mvvm/repos/NewProjectTemplate-master/app/src/main/java/com/example/sekini/utils/exception/DatabaseException.java,com.example.sekini.utils.exception.DatabaseException,DatabaseException/1[com.example.sekini.utils.exception.SQLException],exception,6
/home/arch_design_predict/download-github-repos/mvvm/repos/NewProjectTemplate-master/app/src/main/java/com/example/sekini/utils/exception/DatabaseException.java,com.example.sekini.utils.exception.DatabaseException,DatabaseException/1[com.example.sekini.utils.exception.SQLException],context,4
/home/arch_design_predict/download-github-repos/mvvm/repos/NewProjectTemplate-master/app/src/main/java/com/example/sekini/data/local/pref/PreferenceManager.java,com.example.sekini.data.local.pref.PreferenceManager,"set/2[java.lang.String,boolean]",mode,1
/home/arch_design_predict/download-github-repos/mvvm/repos/NewProjectTemplate-master/app/src/main/java/com/example/sekini/data/local/pref/PreferenceManager.java,com.example.sekini.data.local.pref.PreferenceManager,"set/2[java.lang.String,boolean]",context,1
/home/arch_design_predict/download-github-repos/mvvm/repos/NewProjectTemplate-master/app/src/main/java/com/example/sekini/data/local/pref/PreferenceManager.java,com.example.sekini.data.local.pref.PreferenceManager,"set/2[java.lang.String,boolean]",name,1
/home/arch_design_predict/download-github-repos/mvvm/repos/NewProjectTemplate-master/app/src/main/java/com/example/sekini/data/local/pref/PreferenceManager.java,com.example.sekini.data.local.pref.PreferenceManager,"set/2[java.lang.String,long]",mode,1
/home/arch_design_predict/download-github-repos/mvvm/repos/NewProjectTemplate-master/app/src/main/java/com/example/sekini/data/local/pref/PreferenceManager.java,com.example.sekini.data.local.pref.PreferenceManager,"set/2[java.lang.String,long]",context,1
/home/arch_design_predict/download-github-repos/mvvm/repos/NewProjectTemplate-master/app/src/main/java/com/example/sekini/data/local/pref/PreferenceManager.java,com.example.sekini.data.local.pref.PreferenceManager,"set/2[java.lang.String,long]",name,1
/home/arch_design_predict/download-github-repos/mvvm/repos/NewProjectTemplate-master/app/src/main/java/com/example/sekini/data/local/pref/PreferenceManager.java,com.example.sekini.data.local.pref.PreferenceManager,"set/2[java.lang.String,java.lang.String]",mode,1
/home/arch_design_predict/download-github-repos/mvvm/repos/NewProjectTemplate-master/app/src/main/java/com/example/sekini/data/local/pref/PreferenceManager.java,com.example.sekini.data.local.pref.PreferenceManager,"set/2[java.lang.String,java.lang.String]",context,1
/home/arch_design_predict/download-github-repos/mvvm/repos/NewProjectTemplate-master/app/src/main/java/com/example/sekini/data/local/pref/PreferenceManager.java,com.example.sekini.data.local.pref.PreferenceManager,"set/2[java.lang.String,java.lang.String]",name,1
/home/arch_design_predict/download-github-repos/mvvm/repos/NewProjectTemplate-master/app/src/main/java/com/example/sekini/data/local/pref/PreferenceManager.java,com.example.sekini.data.local.pref.PreferenceManager,"set/2[java.lang.String,int]",mode,1
/home/arch_design_predict/download-github-repos/mvvm/repos/NewProjectTemplate-master/app/src/main/java/com/example/sekini/data/local/pref/PreferenceManager.java,com.example.sekini.data.local.pref.PreferenceManager,"set/2[java.lang.String,int]",context,1
/home/arch_design_predict/download-github-repos/mvvm/repos/NewProjectTemplate-master/app/src/main/java/com/example/sekini/data/local/pref/PreferenceManager.java,com.example.sekini.data.local.pref.PreferenceManager,"set/2[java.lang.String,int]",name,1
/home/arch_design_predict/download-github-repos/mvvm/repos/NewProjectTemplate-master/app/src/main/java/com/example/sekini/data/local/pref/PreferenceManager.java,com.example.sekini.data.local.pref.PreferenceManager,PreferenceManager/1[com.example.sekini.data.local.pref.Context],mode,1
/home/arch_design_predict/download-github-repos/mvvm/repos/NewProjectTemplate-master/app/src/main/java/com/example/sekini/data/local/pref/PreferenceManager.java,com.example.sekini.data.local.pref.PreferenceManager,PreferenceManager/1[com.example.sekini.data.local.pref.Context],DEFAULT_PREFERENCE_POSTFIX,1
/home/arch_design_predict/download-github-repos/mvvm/repos/NewProjectTemplate-master/app/src/main/java/com/example/sekini/data/local/pref/PreferenceManager.java,com.example.sekini.data.local.pref.PreferenceManager,PreferenceManager/1[com.example.sekini.data.local.pref.Context],context,4
/home/arch_design_predict/download-github-repos/mvvm/repos/NewProjectTemplate-master/app/src/main/java/com/example/sekini/data/local/pref/PreferenceManager.java,com.example.sekini.data.local.pref.PreferenceManager,PreferenceManager/1[com.example.sekini.data.local.pref.Context],name,1
/home/arch_design_predict/download-github-repos/mvvm/repos/NewProjectTemplate-master/app/src/main/java/com/example/sekini/data/local/pref/PreferenceManager.java,com.example.sekini.data.local.pref.PreferenceManager,"set/2[java.lang.String,float]",mode,1
/home/arch_design_predict/download-github-repos/mvvm/repos/NewProjectTemplate-master/app/src/main/java/com/example/sekini/data/local/pref/PreferenceManager.java,com.example.sekini.data.local.pref.PreferenceManager,"set/2[java.lang.String,float]",context,1
/home/arch_design_predict/download-github-repos/mvvm/repos/NewProjectTemplate-master/app/src/main/java/com/example/sekini/data/local/pref/PreferenceManager.java,com.example.sekini.data.local.pref.PreferenceManager,"set/2[java.lang.String,float]",name,1
/home/arch_design_predict/download-github-repos/mvvm/repos/NewProjectTemplate-master/app/src/main/java/com/example/sekini/data/local/pref/PreferenceManager.java,com.example.sekini.data.local.pref.PreferenceManager,getSharedPreferences/0,mode,1
/home/arch_design_predict/download-github-repos/mvvm/repos/NewProjectTemplate-master/app/src/main/java/com/example/sekini/data/local/pref/PreferenceManager.java,com.example.sekini.data.local.pref.PreferenceManager,getSharedPreferences/0,context,1
/home/arch_design_predict/download-github-repos/mvvm/repos/NewProjectTemplate-master/app/src/main/java/com/example/sekini/data/local/pref/PreferenceManager.java,com.example.sekini.data.local.pref.PreferenceManager,getSharedPreferences/0,name,1
