file,class,type,cbo,cboModified,fanin,fanout,wmc,dit,noc,rfc,lcom,lcom*,tcc,lcc,totalMethodsQty,staticMethodsQty,publicMethodsQty,privateMethodsQty,protectedMethodsQty,defaultMethodsQty,visibleMethodsQty,abstractMethodsQty,finalMethodsQty,synchronizedMethodsQty,totalFieldsQty,staticFieldsQty,publicFieldsQty,privateFieldsQty,protectedFieldsQty,defaultFieldsQty,finalFieldsQty,synchronizedFieldsQty,nosi,loc,returnQty,loopQty,comparisonsQty,tryCatchQty,parenthesizedExpsQty,stringLiteralsQty,numbersQty,assignmentsQty,mathOperationsQty,variablesQty,maxNestedBlocksQty,anonymousClassesQty,innerClassesQty,lambdasQty,uniqueWordsQty,modifiers,logStatementsQty
/Users/sirojiddinkomolov/Documents/innopolis/research/arch_design_pattern_detection/exps/3rd_revision/coach_repos_r/BAC76-master/app/src/androidTest/java/fr/hnit/riverferry/ApplicationTest.java,fr.hnit.riverferry.ApplicationTest,class,2,2,0,2,1,1,0,0,0,0.0,NaN,NaN,1,0,1,0,0,0,1,0,0,0,0,0,0,0,0,0,0,0,0,5,0,0,0,0,0,0,0,0,0,0,0,0,0,0,7,1,0
/Users/sirojiddinkomolov/Documents/innopolis/research/arch_design_pattern_detection/exps/3rd_revision/coach_repos_r/BAC76-master/app/src/test/java/fr/hnit/riverferry/ExampleUnitTest.java,fr.hnit.riverferry.ExampleUnitTest,class,1,1,0,1,1,1,0,1,0,0.0,NaN,NaN,1,0,1,0,0,0,1,0,0,0,0,0,0,0,0,0,0,0,0,5,0,0,0,0,0,0,3,0,1,0,0,0,0,0,18,1,0
/Users/sirojiddinkomolov/Documents/innopolis/research/arch_design_pattern_detection/exps/3rd_revision/coach_repos_r/BAC76-master/app/src/main/java/fr/hnit/riverferry/SettingsFragment.java,fr.hnit.riverferry.SettingsFragment,class,2,3,1,2,1,3,0,2,0,0.0,NaN,NaN,1,0,1,0,0,0,1,0,0,0,0,0,0,0,0,0,0,0,0,6,0,0,0,0,0,0,0,0,0,0,0,0,0,0,16,1,0
/Users/sirojiddinkomolov/Documents/innopolis/research/arch_design_pattern_detection/exps/3rd_revision/coach_repos_r/BAC76-master/app/src/main/java/fr/hnit/riverferry/AboutActivity.java,fr.hnit.riverferry.AboutActivity,class,2,3,1,2,1,2,0,2,0,0.0,NaN,NaN,1,0,0,0,1,0,1,0,0,0,0,0,0,0,0,0,0,0,0,6,0,0,0,0,0,0,0,0,0,0,0,0,0,0,13,1,0
/Users/sirojiddinkomolov/Documents/innopolis/research/arch_design_pattern_detection/exps/3rd_revision/coach_repos_r/BAC76-master/app/src/main/java/fr/hnit/riverferry/DepartureTimeList.java,fr.hnit.riverferry.DepartureTimeList,class,3,7,4,3,9,3,0,4,4,0.6666667,0.16666667,0.16666667,4,0,4,0,0,0,4,0,0,0,3,1,0,1,0,2,1,0,1,32,3,3,2,0,0,2,6,9,1,8,1,0,0,0,26,1,0
/Users/sirojiddinkomolov/Documents/innopolis/research/arch_design_pattern_detection/exps/3rd_revision/coach_repos_r/BAC76-master/app/src/main/java/fr/hnit/riverferry/Schedules.java,fr.hnit.riverferry.Schedules,class,2,5,3,2,8,3,0,13,4,0.6666667,0.16666667,0.16666667,4,2,4,0,0,0,4,0,0,0,3,1,2,1,0,0,1,0,0,61,2,2,0,4,0,7,1,11,2,10,2,0,0,0,42,1,0
/Users/sirojiddinkomolov/Documents/innopolis/research/arch_design_pattern_detection/exps/3rd_revision/coach_repos_r/BAC76-master/app/src/main/java/fr/hnit/riverferry/SettingsActivity.java,fr.hnit.riverferry.SettingsActivity,class,6,7,1,6,1,7,0,5,0,0.0,NaN,NaN,1,0,1,0,0,0,1,0,0,0,0,0,0,0,0,0,0,0,0,6,0,0,0,0,0,0,0,0,0,0,0,0,0,0,15,1,0
/Users/sirojiddinkomolov/Documents/innopolis/research/arch_design_pattern_detection/exps/3rd_revision/coach_repos_r/BAC76-master/app/src/main/java/fr/hnit/riverferry/DepartureTime.java,fr.hnit.riverferry.DepartureTime,class,1,5,4,1,6,1,0,2,0,0.6,0.6666667,1.0,4,0,4,0,0,0,4,0,0,0,4,1,0,1,0,3,1,0,2,29,4,0,1,1,1,1,8,9,3,6,1,0,0,0,29,1,0
/Users/sirojiddinkomolov/Documents/innopolis/research/arch_design_pattern_detection/exps/3rd_revision/coach_repos_r/BAC76-master/app/src/main/java/fr/hnit/riverferry/Bank.java,fr.hnit.riverferry.Bank,enum,0,2,2,0,0,1,0,0,0,0.0,-1.0,-1.0,0,0,0,0,0,0,0,0,0,0,0,0,0,0,0,0,0,0,0,1,0,0,0,0,0,0,0,0,0,0,0,0,0,0,14,1,0
/Users/sirojiddinkomolov/Documents/innopolis/research/arch_design_pattern_detection/exps/3rd_revision/coach_repos_r/BAC76-master/app/src/main/java/fr/hnit/riverferry/BuildSchedules.java,fr.hnit.riverferry.BuildSchedules,class,5,7,2,5,10,1,0,16,0,0.16666667,0.33333334,0.33333334,3,1,2,0,0,1,3,0,0,0,2,0,0,0,0,2,0,0,3,58,1,3,1,1,0,6,10,21,1,19,4,0,0,0,46,1,0
/Users/sirojiddinkomolov/Documents/innopolis/research/arch_design_pattern_detection/exps/3rd_revision/coach_repos_r/BAC76-master/app/src/main/java/fr/hnit/riverferry/NextDeparture.java,fr.hnit.riverferry.NextDeparture,class,26,29,3,26,78,2,0,71,130,0.87954545,0.06666667,0.13333334,20,0,7,10,2,1,10,0,0,1,21,0,0,18,0,3,0,0,13,344,33,2,29,3,3,29,47,73,20,55,7,2,0,0,191,1,0
/Users/sirojiddinkomolov/Documents/innopolis/research/arch_design_pattern_detection/exps/3rd_revision/coach_repos_r/BAC76-master/app/src/main/java/fr/hnit/riverferry/HelpActivity.java,fr.hnit.riverferry.HelpActivity,class,2,3,1,2,1,2,0,2,0,0.0,NaN,NaN,1,0,0,0,1,0,1,0,0,0,0,0,0,0,0,0,0,0,0,6,0,0,0,0,0,0,0,0,0,0,0,0,0,0,13,1,0
/Users/sirojiddinkomolov/Documents/innopolis/research/arch_design_pattern_detection/exps/3rd_revision/coach_repos_r/BAC76-master/app/src/main/java/fr/hnit/riverferry/NextDeparture.java,fr.hnit.riverferry.NextDeparture$Anonymous2,anonymous,3,3,0,3,3,1,0,2,1,0.0,0.0,0.0,2,0,2,0,0,0,2,0,0,0,0,0,0,0,0,0,0,0,0,8,0,0,0,0,0,1,1,0,0,0,1,0,0,0,12,-1,0
/Users/sirojiddinkomolov/Documents/innopolis/research/arch_design_pattern_detection/exps/3rd_revision/coach_repos_r/BAC76-master/app/src/main/java/fr/hnit/riverferry/NextDeparture.java,fr.hnit.riverferry.NextDeparture$Anonymous1,anonymous,3,3,0,3,3,1,0,2,1,0.0,0.0,0.0,2,0,2,0,0,0,2,0,0,0,0,0,0,0,0,0,0,0,0,8,0,0,0,0,0,1,1,0,0,0,1,0,0,0,12,-1,0
