file,class,method,variable,usage
/Users/sirojiddinkomolov/Documents/innopolis/research/arch_design_pattern_detection/exps/3rd_revision/coach_repos_r/BAC76-master/app/src/main/java/fr/hnit/riverferry/DepartureTimeList.java,fr.hnit.riverferry.DepartureTimeList,"DepartureTimeList/2[java.lang.String,fr.hnit.riverferry.Bank]",bank,1
/Users/sirojiddinkomolov/Documents/innopolis/research/arch_design_pattern_detection/exps/3rd_revision/coach_repos_r/BAC76-master/app/src/main/java/fr/hnit/riverferry/DepartureTimeList.java,fr.hnit.riverferry.DepartureTimeList,"DepartureTimeList/2[java.lang.String,fr.hnit.riverferry.Bank]",from,3
/Users/sirojiddinkomolov/Documents/innopolis/research/arch_design_pattern_detection/exps/3rd_revision/coach_repos_r/BAC76-master/app/src/main/java/fr/hnit/riverferry/DepartureTimeList.java,fr.hnit.riverferry.DepartureTimeList,toString/0,bank,1
/Users/sirojiddinkomolov/Documents/innopolis/research/arch_design_pattern_detection/exps/3rd_revision/coach_repos_r/BAC76-master/app/src/main/java/fr/hnit/riverferry/DepartureTimeList.java,fr.hnit.riverferry.DepartureTimeList,toString/0,from,1
/Users/sirojiddinkomolov/Documents/innopolis/research/arch_design_pattern_detection/exps/3rd_revision/coach_repos_r/BAC76-master/app/src/main/java/fr/hnit/riverferry/Schedules.java,fr.hnit.riverferry.Schedules,add/1[fr.hnit.riverferry.DepartureTimeList],rights,1
/Users/sirojiddinkomolov/Documents/innopolis/research/arch_design_pattern_detection/exps/3rd_revision/coach_repos_r/BAC76-master/app/src/main/java/fr/hnit/riverferry/Schedules.java,fr.hnit.riverferry.Schedules,add/1[fr.hnit.riverferry.DepartureTimeList],lefts,1
/Users/sirojiddinkomolov/Documents/innopolis/research/arch_design_pattern_detection/exps/3rd_revision/coach_repos_r/BAC76-master/app/src/main/java/fr/hnit/riverferry/Schedules.java,fr.hnit.riverferry.Schedules,toString/0,rights,1
/Users/sirojiddinkomolov/Documents/innopolis/research/arch_design_pattern_detection/exps/3rd_revision/coach_repos_r/BAC76-master/app/src/main/java/fr/hnit/riverferry/Schedules.java,fr.hnit.riverferry.Schedules,toString/0,lefts,1
/Users/sirojiddinkomolov/Documents/innopolis/research/arch_design_pattern_detection/exps/3rd_revision/coach_repos_r/BAC76-master/app/src/main/java/fr/hnit/riverferry/DepartureTime.java,fr.hnit.riverferry.DepartureTime,DepartureTime/1[java.lang.String],str,5
/Users/sirojiddinkomolov/Documents/innopolis/research/arch_design_pattern_detection/exps/3rd_revision/coach_repos_r/BAC76-master/app/src/main/java/fr/hnit/riverferry/DepartureTime.java,fr.hnit.riverferry.DepartureTime,DepartureTime/1[java.lang.String],h,2
/Users/sirojiddinkomolov/Documents/innopolis/research/arch_design_pattern_detection/exps/3rd_revision/coach_repos_r/BAC76-master/app/src/main/java/fr/hnit/riverferry/DepartureTime.java,fr.hnit.riverferry.DepartureTime,DepartureTime/1[java.lang.String],time,1
/Users/sirojiddinkomolov/Documents/innopolis/research/arch_design_pattern_detection/exps/3rd_revision/coach_repos_r/BAC76-master/app/src/main/java/fr/hnit/riverferry/DepartureTime.java,fr.hnit.riverferry.DepartureTime,DepartureTime/1[java.lang.String],m,2
/Users/sirojiddinkomolov/Documents/innopolis/research/arch_design_pattern_detection/exps/3rd_revision/coach_repos_r/BAC76-master/app/src/main/java/fr/hnit/riverferry/DepartureTime.java,fr.hnit.riverferry.DepartureTime,hashcode/0,time,1
/Users/sirojiddinkomolov/Documents/innopolis/research/arch_design_pattern_detection/exps/3rd_revision/coach_repos_r/BAC76-master/app/src/main/java/fr/hnit/riverferry/DepartureTime.java,fr.hnit.riverferry.DepartureTime,compareTo/1[fr.hnit.riverferry.DepartureTime],h,1
/Users/sirojiddinkomolov/Documents/innopolis/research/arch_design_pattern_detection/exps/3rd_revision/coach_repos_r/BAC76-master/app/src/main/java/fr/hnit/riverferry/DepartureTime.java,fr.hnit.riverferry.DepartureTime,compareTo/1[fr.hnit.riverferry.DepartureTime],time,1
/Users/sirojiddinkomolov/Documents/innopolis/research/arch_design_pattern_detection/exps/3rd_revision/coach_repos_r/BAC76-master/app/src/main/java/fr/hnit/riverferry/DepartureTime.java,fr.hnit.riverferry.DepartureTime,toString/0,str,1
/Users/sirojiddinkomolov/Documents/innopolis/research/arch_design_pattern_detection/exps/3rd_revision/coach_repos_r/BAC76-master/app/src/main/java/fr/hnit/riverferry/BuildSchedules.java,fr.hnit.riverferry.BuildSchedules,createHoraires/0,tsvFile,1
/Users/sirojiddinkomolov/Documents/innopolis/research/arch_design_pattern_detection/exps/3rd_revision/coach_repos_r/BAC76-master/app/src/main/java/fr/hnit/riverferry/BuildSchedules.java,fr.hnit.riverferry.BuildSchedules,createHoraires/0,encoding,1
/Users/sirojiddinkomolov/Documents/innopolis/research/arch_design_pattern_detection/exps/3rd_revision/coach_repos_r/BAC76-master/app/src/main/java/fr/hnit/riverferry/BuildSchedules.java,fr.hnit.riverferry.BuildSchedules,"BuildSchedules/2[java.io.File,java.lang.String]",tsvFile,4
/Users/sirojiddinkomolov/Documents/innopolis/research/arch_design_pattern_detection/exps/3rd_revision/coach_repos_r/BAC76-master/app/src/main/java/fr/hnit/riverferry/BuildSchedules.java,fr.hnit.riverferry.BuildSchedules,"BuildSchedules/2[java.io.File,java.lang.String]",encoding,4
/Users/sirojiddinkomolov/Documents/innopolis/research/arch_design_pattern_detection/exps/3rd_revision/coach_repos_r/BAC76-master/app/src/main/java/fr/hnit/riverferry/NextDeparture.java,fr.hnit.riverferry.NextDeparture,"remainingTime/2[int,int]",HMformat,1
/Users/sirojiddinkomolov/Documents/innopolis/research/arch_design_pattern_detection/exps/3rd_revision/coach_repos_r/BAC76-master/app/src/main/java/fr/hnit/riverferry/NextDeparture.java,fr.hnit.riverferry.NextDeparture,"remainingTime/2[int,int]",Mformat,1
/Users/sirojiddinkomolov/Documents/innopolis/research/arch_design_pattern_detection/exps/3rd_revision/coach_repos_r/BAC76-master/app/src/main/java/fr/hnit/riverferry/NextDeparture.java,fr.hnit.riverferry.NextDeparture,reloadDefaultStation/0,leftSpinner,1
/Users/sirojiddinkomolov/Documents/innopolis/research/arch_design_pattern_detection/exps/3rd_revision/coach_repos_r/BAC76-master/app/src/main/java/fr/hnit/riverferry/NextDeparture.java,fr.hnit.riverferry.NextDeparture,reloadDefaultStation/0,defaultStation,5
/Users/sirojiddinkomolov/Documents/innopolis/research/arch_design_pattern_detection/exps/3rd_revision/coach_repos_r/BAC76-master/app/src/main/java/fr/hnit/riverferry/NextDeparture.java,fr.hnit.riverferry.NextDeparture,reloadDefaultStation/0,previousIDUsed,5
/Users/sirojiddinkomolov/Documents/innopolis/research/arch_design_pattern_detection/exps/3rd_revision/coach_repos_r/BAC76-master/app/src/main/java/fr/hnit/riverferry/NextDeparture.java,fr.hnit.riverferry.NextDeparture,reloadDefaultStation/0,schedules,2
/Users/sirojiddinkomolov/Documents/innopolis/research/arch_design_pattern_detection/exps/3rd_revision/coach_repos_r/BAC76-master/app/src/main/java/fr/hnit/riverferry/NextDeparture.java,fr.hnit.riverferry.NextDeparture,reloadDefaultStation/0,rightSpinner,1
/Users/sirojiddinkomolov/Documents/innopolis/research/arch_design_pattern_detection/exps/3rd_revision/coach_repos_r/BAC76-master/app/src/main/java/fr/hnit/riverferry/NextDeparture.java,fr.hnit.riverferry.NextDeparture,reloadDefaultStation/0,previousTimesUsed,7
/Users/sirojiddinkomolov/Documents/innopolis/research/arch_design_pattern_detection/exps/3rd_revision/coach_repos_r/BAC76-master/app/src/main/java/fr/hnit/riverferry/NextDeparture.java,fr.hnit.riverferry.NextDeparture,onCreate/1[android.os.Bundle],currentText,3
/Users/sirojiddinkomolov/Documents/innopolis/research/arch_design_pattern_detection/exps/3rd_revision/coach_repos_r/BAC76-master/app/src/main/java/fr/hnit/riverferry/NextDeparture.java,fr.hnit.riverferry.NextDeparture,onCreate/1[android.os.Bundle],leftSpinner,3
/Users/sirojiddinkomolov/Documents/innopolis/research/arch_design_pattern_detection/exps/3rd_revision/coach_repos_r/BAC76-master/app/src/main/java/fr/hnit/riverferry/NextDeparture.java,fr.hnit.riverferry.NextDeparture,onCreate/1[android.os.Bundle],nextList,2
/Users/sirojiddinkomolov/Documents/innopolis/research/arch_design_pattern_detection/exps/3rd_revision/coach_repos_r/BAC76-master/app/src/main/java/fr/hnit/riverferry/NextDeparture.java,fr.hnit.riverferry.NextDeparture,onCreate/1[android.os.Bundle],previousText,3
/Users/sirojiddinkomolov/Documents/innopolis/research/arch_design_pattern_detection/exps/3rd_revision/coach_repos_r/BAC76-master/app/src/main/java/fr/hnit/riverferry/NextDeparture.java,fr.hnit.riverferry.NextDeparture,onCreate/1[android.os.Bundle],currentList,3
/Users/sirojiddinkomolov/Documents/innopolis/research/arch_design_pattern_detection/exps/3rd_revision/coach_repos_r/BAC76-master/app/src/main/java/fr/hnit/riverferry/NextDeparture.java,fr.hnit.riverferry.NextDeparture,onCreate/1[android.os.Bundle],previousList,2
/Users/sirojiddinkomolov/Documents/innopolis/research/arch_design_pattern_detection/exps/3rd_revision/coach_repos_r/BAC76-master/app/src/main/java/fr/hnit/riverferry/NextDeparture.java,fr.hnit.riverferry.NextDeparture,onCreate/1[android.os.Bundle],nextText,3
/Users/sirojiddinkomolov/Documents/innopolis/research/arch_design_pattern_detection/exps/3rd_revision/coach_repos_r/BAC76-master/app/src/main/java/fr/hnit/riverferry/NextDeparture.java,fr.hnit.riverferry.NextDeparture,onCreate/1[android.os.Bundle],schedules,1
/Users/sirojiddinkomolov/Documents/innopolis/research/arch_design_pattern_detection/exps/3rd_revision/coach_repos_r/BAC76-master/app/src/main/java/fr/hnit/riverferry/NextDeparture.java,fr.hnit.riverferry.NextDeparture,onCreate/1[android.os.Bundle],rightSpinner,3
/Users/sirojiddinkomolov/Documents/innopolis/research/arch_design_pattern_detection/exps/3rd_revision/coach_repos_r/BAC76-master/app/src/main/java/fr/hnit/riverferry/NextDeparture.java,fr.hnit.riverferry.NextDeparture,onCreate/1[android.os.Bundle],helloTextView,1
/Users/sirojiddinkomolov/Documents/innopolis/research/arch_design_pattern_detection/exps/3rd_revision/coach_repos_r/BAC76-master/app/src/main/java/fr/hnit/riverferry/NextDeparture.java,fr.hnit.riverferry.NextDeparture,onCreate/1[android.os.Bundle],workDir,8
/Users/sirojiddinkomolov/Documents/innopolis/research/arch_design_pattern_detection/exps/3rd_revision/coach_repos_r/BAC76-master/app/src/main/java/fr/hnit/riverferry/NextDeparture.java,fr.hnit.riverferry.NextDeparture,onCreate/1[android.os.Bundle],sharedPref,1
/Users/sirojiddinkomolov/Documents/innopolis/research/arch_design_pattern_detection/exps/3rd_revision/coach_repos_r/BAC76-master/app/src/main/java/fr/hnit/riverferry/NextDeparture.java,fr.hnit.riverferry.NextDeparture,loadHoraires/0,schedules,2
/Users/sirojiddinkomolov/Documents/innopolis/research/arch_design_pattern_detection/exps/3rd_revision/coach_repos_r/BAC76-master/app/src/main/java/fr/hnit/riverferry/NextDeparture.java,fr.hnit.riverferry.NextDeparture,loadHoraires/0,binFile,1
/Users/sirojiddinkomolov/Documents/innopolis/research/arch_design_pattern_detection/exps/3rd_revision/coach_repos_r/BAC76-master/app/src/main/java/fr/hnit/riverferry/NextDeparture.java,fr.hnit.riverferry.NextDeparture,onOptionsItemSelected/1[android.view.MenuItem],previousIDUsed,1
/Users/sirojiddinkomolov/Documents/innopolis/research/arch_design_pattern_detection/exps/3rd_revision/coach_repos_r/BAC76-master/app/src/main/java/fr/hnit/riverferry/NextDeparture.java,fr.hnit.riverferry.NextDeparture,onOptionsItemSelected/1[android.view.MenuItem],previousTimesUsed,1
/Users/sirojiddinkomolov/Documents/innopolis/research/arch_design_pattern_detection/exps/3rd_revision/coach_repos_r/BAC76-master/app/src/main/java/fr/hnit/riverferry/NextDeparture.java,fr.hnit.riverferry.NextDeparture,createHorairesBin/0,tsvFile,6
/Users/sirojiddinkomolov/Documents/innopolis/research/arch_design_pattern_detection/exps/3rd_revision/coach_repos_r/BAC76-master/app/src/main/java/fr/hnit/riverferry/NextDeparture.java,fr.hnit.riverferry.NextDeparture,createHorairesBin/0,schedules,4
/Users/sirojiddinkomolov/Documents/innopolis/research/arch_design_pattern_detection/exps/3rd_revision/coach_repos_r/BAC76-master/app/src/main/java/fr/hnit/riverferry/NextDeparture.java,fr.hnit.riverferry.NextDeparture,createHorairesBin/0,binFile,1
/Users/sirojiddinkomolov/Documents/innopolis/research/arch_design_pattern_detection/exps/3rd_revision/coach_repos_r/BAC76-master/app/src/main/java/fr/hnit/riverferry/NextDeparture.java,fr.hnit.riverferry.NextDeparture,"updateGridValues/3[java.util.ArrayList<java.lang.String>,int,java.lang.String]",currentText,1
/Users/sirojiddinkomolov/Documents/innopolis/research/arch_design_pattern_detection/exps/3rd_revision/coach_repos_r/BAC76-master/app/src/main/java/fr/hnit/riverferry/NextDeparture.java,fr.hnit.riverferry.NextDeparture,"updateGridValues/3[java.util.ArrayList<java.lang.String>,int,java.lang.String]",previousText,2
/Users/sirojiddinkomolov/Documents/innopolis/research/arch_design_pattern_detection/exps/3rd_revision/coach_repos_r/BAC76-master/app/src/main/java/fr/hnit/riverferry/NextDeparture.java,fr.hnit.riverferry.NextDeparture,"updateGridValues/3[java.util.ArrayList<java.lang.String>,int,java.lang.String]",nextList,2
/Users/sirojiddinkomolov/Documents/innopolis/research/arch_design_pattern_detection/exps/3rd_revision/coach_repos_r/BAC76-master/app/src/main/java/fr/hnit/riverferry/NextDeparture.java,fr.hnit.riverferry.NextDeparture,"updateGridValues/3[java.util.ArrayList<java.lang.String>,int,java.lang.String]",previousIDUsed,1
/Users/sirojiddinkomolov/Documents/innopolis/research/arch_design_pattern_detection/exps/3rd_revision/coach_repos_r/BAC76-master/app/src/main/java/fr/hnit/riverferry/NextDeparture.java,fr.hnit.riverferry.NextDeparture,"updateGridValues/3[java.util.ArrayList<java.lang.String>,int,java.lang.String]",currentList,1
/Users/sirojiddinkomolov/Documents/innopolis/research/arch_design_pattern_detection/exps/3rd_revision/coach_repos_r/BAC76-master/app/src/main/java/fr/hnit/riverferry/NextDeparture.java,fr.hnit.riverferry.NextDeparture,"updateGridValues/3[java.util.ArrayList<java.lang.String>,int,java.lang.String]",previousList,2
/Users/sirojiddinkomolov/Documents/innopolis/research/arch_design_pattern_detection/exps/3rd_revision/coach_repos_r/BAC76-master/app/src/main/java/fr/hnit/riverferry/NextDeparture.java,fr.hnit.riverferry.NextDeparture,"updateGridValues/3[java.util.ArrayList<java.lang.String>,int,java.lang.String]",nextText,2
/Users/sirojiddinkomolov/Documents/innopolis/research/arch_design_pattern_detection/exps/3rd_revision/coach_repos_r/BAC76-master/app/src/main/java/fr/hnit/riverferry/NextDeparture.java,fr.hnit.riverferry.NextDeparture,"updateGridValues/3[java.util.ArrayList<java.lang.String>,int,java.lang.String]",schedules,4
/Users/sirojiddinkomolov/Documents/innopolis/research/arch_design_pattern_detection/exps/3rd_revision/coach_repos_r/BAC76-master/app/src/main/java/fr/hnit/riverferry/NextDeparture.java,fr.hnit.riverferry.NextDeparture,"updateGridValues/3[java.util.ArrayList<java.lang.String>,int,java.lang.String]",previousTimesUsed,1
/Users/sirojiddinkomolov/Documents/innopolis/research/arch_design_pattern_detection/exps/3rd_revision/coach_repos_r/BAC76-master/app/src/main/java/fr/hnit/riverferry/NextDeparture.java,fr.hnit.riverferry.NextDeparture,createHorairesBinIfNeeded/0,tsvFile,1
/Users/sirojiddinkomolov/Documents/innopolis/research/arch_design_pattern_detection/exps/3rd_revision/coach_repos_r/BAC76-master/app/src/main/java/fr/hnit/riverferry/NextDeparture.java,fr.hnit.riverferry.NextDeparture,createHorairesBinIfNeeded/0,binFile,2
/Users/sirojiddinkomolov/Documents/innopolis/research/arch_design_pattern_detection/exps/3rd_revision/coach_repos_r/BAC76-master/app/src/main/java/fr/hnit/riverferry/NextDeparture.java,fr.hnit.riverferry.NextDeparture,reloadPreferences/0,defaultStation,1
/Users/sirojiddinkomolov/Documents/innopolis/research/arch_design_pattern_detection/exps/3rd_revision/coach_repos_r/BAC76-master/app/src/main/java/fr/hnit/riverferry/NextDeparture.java,fr.hnit.riverferry.NextDeparture,reloadPreferences/0,tsvFile,1
/Users/sirojiddinkomolov/Documents/innopolis/research/arch_design_pattern_detection/exps/3rd_revision/coach_repos_r/BAC76-master/app/src/main/java/fr/hnit/riverferry/NextDeparture.java,fr.hnit.riverferry.NextDeparture,reloadPreferences/0,horaireFileName,3
/Users/sirojiddinkomolov/Documents/innopolis/research/arch_design_pattern_detection/exps/3rd_revision/coach_repos_r/BAC76-master/app/src/main/java/fr/hnit/riverferry/NextDeparture.java,fr.hnit.riverferry.NextDeparture,reloadPreferences/0,workDir,2
/Users/sirojiddinkomolov/Documents/innopolis/research/arch_design_pattern_detection/exps/3rd_revision/coach_repos_r/BAC76-master/app/src/main/java/fr/hnit/riverferry/NextDeparture.java,fr.hnit.riverferry.NextDeparture,reloadPreferences/0,sharedPref,2
/Users/sirojiddinkomolov/Documents/innopolis/research/arch_design_pattern_detection/exps/3rd_revision/coach_repos_r/BAC76-master/app/src/main/java/fr/hnit/riverferry/NextDeparture.java,fr.hnit.riverferry.NextDeparture,reloadPreferences/0,binFile,1
/Users/sirojiddinkomolov/Documents/innopolis/research/arch_design_pattern_detection/exps/3rd_revision/coach_repos_r/BAC76-master/app/src/main/java/fr/hnit/riverferry/NextDeparture.java,fr.hnit.riverferry.NextDeparture,show/1[java.lang.String],helloTextView,2
/Users/sirojiddinkomolov/Documents/innopolis/research/arch_design_pattern_detection/exps/3rd_revision/coach_repos_r/BAC76-master/app/src/main/java/fr/hnit/riverferry/NextDeparture.java,fr.hnit.riverferry.NextDeparture,reloadHoraires/0,binFile,2
/Users/sirojiddinkomolov/Documents/innopolis/research/arch_design_pattern_detection/exps/3rd_revision/coach_repos_r/BAC76-master/app/src/main/java/fr/hnit/riverferry/NextDeparture.java,fr.hnit.riverferry.NextDeparture,reloadWidgets/0,leftSpinner,1
/Users/sirojiddinkomolov/Documents/innopolis/research/arch_design_pattern_detection/exps/3rd_revision/coach_repos_r/BAC76-master/app/src/main/java/fr/hnit/riverferry/NextDeparture.java,fr.hnit.riverferry.NextDeparture,reloadWidgets/0,previousIDUsed,1
/Users/sirojiddinkomolov/Documents/innopolis/research/arch_design_pattern_detection/exps/3rd_revision/coach_repos_r/BAC76-master/app/src/main/java/fr/hnit/riverferry/NextDeparture.java,fr.hnit.riverferry.NextDeparture,reloadWidgets/0,rightSpinner,1
/Users/sirojiddinkomolov/Documents/innopolis/research/arch_design_pattern_detection/exps/3rd_revision/coach_repos_r/BAC76-master/app/src/main/java/fr/hnit/riverferry/NextDeparture.java,fr.hnit.riverferry.NextDeparture,reloadWidgets/0,readyR,1
/Users/sirojiddinkomolov/Documents/innopolis/research/arch_design_pattern_detection/exps/3rd_revision/coach_repos_r/BAC76-master/app/src/main/java/fr/hnit/riverferry/NextDeparture.java,fr.hnit.riverferry.NextDeparture,reloadWidgets/0,previousTimesUsed,1
/Users/sirojiddinkomolov/Documents/innopolis/research/arch_design_pattern_detection/exps/3rd_revision/coach_repos_r/BAC76-master/app/src/main/java/fr/hnit/riverferry/NextDeparture.java,fr.hnit.riverferry.NextDeparture,reloadWidgets/0,readyL,1
