file,class,method,variable,usage
/Users/sirojiddinkomolov/Documents/innopolis/research/arch_design_pattern_detection/exps/3rd_revision/coach_repos_r/BAC76-master/app/src/main/java/fr/hnit/riverferry/SettingsFragment.java,fr.hnit.riverferry.SettingsFragment,onCreate/1[android.os.Bundle],savedInstanceState,1
/Users/sirojiddinkomolov/Documents/innopolis/research/arch_design_pattern_detection/exps/3rd_revision/coach_repos_r/BAC76-master/app/src/main/java/fr/hnit/riverferry/AboutActivity.java,fr.hnit.riverferry.AboutActivity,onCreate/1[android.os.Bundle],savedInstanceState,1
/Users/sirojiddinkomolov/Documents/innopolis/research/arch_design_pattern_detection/exps/3rd_revision/coach_repos_r/BAC76-master/app/src/main/java/fr/hnit/riverferry/DepartureTimeList.java,fr.hnit.riverferry.DepartureTimeList,addAll/1[java.lang.String[]],day,3
/Users/sirojiddinkomolov/Documents/innopolis/research/arch_design_pattern_detection/exps/3rd_revision/coach_repos_r/BAC76-master/app/src/main/java/fr/hnit/riverferry/DepartureTimeList.java,fr.hnit.riverferry.DepartureTimeList,addAll/1[java.lang.String[]],asList,2
/Users/sirojiddinkomolov/Documents/innopolis/research/arch_design_pattern_detection/exps/3rd_revision/coach_repos_r/BAC76-master/app/src/main/java/fr/hnit/riverferry/DepartureTimeList.java,fr.hnit.riverferry.DepartureTimeList,"DepartureTimeList/2[java.lang.String,fr.hnit.riverferry.Bank]",rive,1
/Users/sirojiddinkomolov/Documents/innopolis/research/arch_design_pattern_detection/exps/3rd_revision/coach_repos_r/BAC76-master/app/src/main/java/fr/hnit/riverferry/DepartureTimeList.java,fr.hnit.riverferry.DepartureTimeList,"DepartureTimeList/2[java.lang.String,fr.hnit.riverferry.Bank]",i,3
/Users/sirojiddinkomolov/Documents/innopolis/research/arch_design_pattern_detection/exps/3rd_revision/coach_repos_r/BAC76-master/app/src/main/java/fr/hnit/riverferry/DepartureTimeList.java,fr.hnit.riverferry.DepartureTimeList,"DepartureTimeList/2[java.lang.String,fr.hnit.riverferry.Bank]",from,2
/Users/sirojiddinkomolov/Documents/innopolis/research/arch_design_pattern_detection/exps/3rd_revision/coach_repos_r/BAC76-master/app/src/main/java/fr/hnit/riverferry/DepartureTimeList.java,fr.hnit.riverferry.DepartureTimeList,"addAll/2[int,java.lang.String[]]",str,1
/Users/sirojiddinkomolov/Documents/innopolis/research/arch_design_pattern_detection/exps/3rd_revision/coach_repos_r/BAC76-master/app/src/main/java/fr/hnit/riverferry/DepartureTimeList.java,fr.hnit.riverferry.DepartureTimeList,"addAll/2[int,java.lang.String[]]",listToAdd,2
/Users/sirojiddinkomolov/Documents/innopolis/research/arch_design_pattern_detection/exps/3rd_revision/coach_repos_r/BAC76-master/app/src/main/java/fr/hnit/riverferry/DepartureTimeList.java,fr.hnit.riverferry.DepartureTimeList,"addAll/2[int,java.lang.String[]]",i,4
/Users/sirojiddinkomolov/Documents/innopolis/research/arch_design_pattern_detection/exps/3rd_revision/coach_repos_r/BAC76-master/app/src/main/java/fr/hnit/riverferry/DepartureTimeList.java,fr.hnit.riverferry.DepartureTimeList,"addAll/2[int,java.lang.String[]]",day,1
/Users/sirojiddinkomolov/Documents/innopolis/research/arch_design_pattern_detection/exps/3rd_revision/coach_repos_r/BAC76-master/app/src/main/java/fr/hnit/riverferry/DepartureTimeList.java,fr.hnit.riverferry.DepartureTimeList,"addAll/2[int,java.lang.String[]]",asList,5
/Users/sirojiddinkomolov/Documents/innopolis/research/arch_design_pattern_detection/exps/3rd_revision/coach_repos_r/BAC76-master/app/src/main/java/fr/hnit/riverferry/Schedules.java,fr.hnit.riverferry.Schedules,add/1[fr.hnit.riverferry.DepartureTimeList],hl,5
/Users/sirojiddinkomolov/Documents/innopolis/research/arch_design_pattern_detection/exps/3rd_revision/coach_repos_r/BAC76-master/app/src/main/java/fr/hnit/riverferry/Schedules.java,fr.hnit.riverferry.Schedules,read/1[java.io.File],p,2
/Users/sirojiddinkomolov/Documents/innopolis/research/arch_design_pattern_detection/exps/3rd_revision/coach_repos_r/BAC76-master/app/src/main/java/fr/hnit/riverferry/Schedules.java,fr.hnit.riverferry.Schedules,read/1[java.io.File],fis,2
/Users/sirojiddinkomolov/Documents/innopolis/research/arch_design_pattern_detection/exps/3rd_revision/coach_repos_r/BAC76-master/app/src/main/java/fr/hnit/riverferry/Schedules.java,fr.hnit.riverferry.Schedules,read/1[java.io.File],schedules,2
/Users/sirojiddinkomolov/Documents/innopolis/research/arch_design_pattern_detection/exps/3rd_revision/coach_repos_r/BAC76-master/app/src/main/java/fr/hnit/riverferry/Schedules.java,fr.hnit.riverferry.Schedules,read/1[java.io.File],ois,2
/Users/sirojiddinkomolov/Documents/innopolis/research/arch_design_pattern_detection/exps/3rd_revision/coach_repos_r/BAC76-master/app/src/main/java/fr/hnit/riverferry/Schedules.java,fr.hnit.riverferry.Schedules,read/1[java.io.File],binFile,1
/Users/sirojiddinkomolov/Documents/innopolis/research/arch_design_pattern_detection/exps/3rd_revision/coach_repos_r/BAC76-master/app/src/main/java/fr/hnit/riverferry/Schedules.java,fr.hnit.riverferry.Schedules,toString/0,left,1
/Users/sirojiddinkomolov/Documents/innopolis/research/arch_design_pattern_detection/exps/3rd_revision/coach_repos_r/BAC76-master/app/src/main/java/fr/hnit/riverferry/Schedules.java,fr.hnit.riverferry.Schedules,toString/0,buffer,6
/Users/sirojiddinkomolov/Documents/innopolis/research/arch_design_pattern_detection/exps/3rd_revision/coach_repos_r/BAC76-master/app/src/main/java/fr/hnit/riverferry/Schedules.java,fr.hnit.riverferry.Schedules,toString/0,right,1
/Users/sirojiddinkomolov/Documents/innopolis/research/arch_design_pattern_detection/exps/3rd_revision/coach_repos_r/BAC76-master/app/src/main/java/fr/hnit/riverferry/Schedules.java,fr.hnit.riverferry.Schedules,"write/2[java.io.File,java.io.Serializable]",p,1
/Users/sirojiddinkomolov/Documents/innopolis/research/arch_design_pattern_detection/exps/3rd_revision/coach_repos_r/BAC76-master/app/src/main/java/fr/hnit/riverferry/Schedules.java,fr.hnit.riverferry.Schedules,"write/2[java.io.File,java.io.Serializable]",oos,3
/Users/sirojiddinkomolov/Documents/innopolis/research/arch_design_pattern_detection/exps/3rd_revision/coach_repos_r/BAC76-master/app/src/main/java/fr/hnit/riverferry/Schedules.java,fr.hnit.riverferry.Schedules,"write/2[java.io.File,java.io.Serializable]",fos,2
/Users/sirojiddinkomolov/Documents/innopolis/research/arch_design_pattern_detection/exps/3rd_revision/coach_repos_r/BAC76-master/app/src/main/java/fr/hnit/riverferry/Schedules.java,fr.hnit.riverferry.Schedules,"write/2[java.io.File,java.io.Serializable]",binFile,1
/Users/sirojiddinkomolov/Documents/innopolis/research/arch_design_pattern_detection/exps/3rd_revision/coach_repos_r/BAC76-master/app/src/main/java/fr/hnit/riverferry/SettingsActivity.java,fr.hnit.riverferry.SettingsActivity,onCreate/1[android.os.Bundle],savedInstanceState,1
/Users/sirojiddinkomolov/Documents/innopolis/research/arch_design_pattern_detection/exps/3rd_revision/coach_repos_r/BAC76-master/app/src/main/java/fr/hnit/riverferry/DepartureTime.java,fr.hnit.riverferry.DepartureTime,DepartureTime/1[java.lang.String],str,3
/Users/sirojiddinkomolov/Documents/innopolis/research/arch_design_pattern_detection/exps/3rd_revision/coach_repos_r/BAC76-master/app/src/main/java/fr/hnit/riverferry/DepartureTime.java,fr.hnit.riverferry.DepartureTime,DepartureTime/1[java.lang.String],split,4
/Users/sirojiddinkomolov/Documents/innopolis/research/arch_design_pattern_detection/exps/3rd_revision/coach_repos_r/BAC76-master/app/src/main/java/fr/hnit/riverferry/DepartureTime.java,fr.hnit.riverferry.DepartureTime,DepartureTime/1[java.lang.String],e,0
/Users/sirojiddinkomolov/Documents/innopolis/research/arch_design_pattern_detection/exps/3rd_revision/coach_repos_r/BAC76-master/app/src/main/java/fr/hnit/riverferry/DepartureTime.java,fr.hnit.riverferry.DepartureTime,compareTo/1[fr.hnit.riverferry.DepartureTime],h,1
/Users/sirojiddinkomolov/Documents/innopolis/research/arch_design_pattern_detection/exps/3rd_revision/coach_repos_r/BAC76-master/app/src/main/java/fr/hnit/riverferry/BuildSchedules.java,fr.hnit.riverferry.BuildSchedules,main/1[java.lang.String[]],args,0
/Users/sirojiddinkomolov/Documents/innopolis/research/arch_design_pattern_detection/exps/3rd_revision/coach_repos_r/BAC76-master/app/src/main/java/fr/hnit/riverferry/BuildSchedules.java,fr.hnit.riverferry.BuildSchedules,main/1[java.lang.String[]],csvFile,1
/Users/sirojiddinkomolov/Documents/innopolis/research/arch_design_pattern_detection/exps/3rd_revision/coach_repos_r/BAC76-master/app/src/main/java/fr/hnit/riverferry/BuildSchedules.java,fr.hnit.riverferry.BuildSchedules,main/1[java.lang.String[]],e,1
/Users/sirojiddinkomolov/Documents/innopolis/research/arch_design_pattern_detection/exps/3rd_revision/coach_repos_r/BAC76-master/app/src/main/java/fr/hnit/riverferry/BuildSchedules.java,fr.hnit.riverferry.BuildSchedules,main/1[java.lang.String[]],bh,1
/Users/sirojiddinkomolov/Documents/innopolis/research/arch_design_pattern_detection/exps/3rd_revision/coach_repos_r/BAC76-master/app/src/main/java/fr/hnit/riverferry/BuildSchedules.java,fr.hnit.riverferry.BuildSchedules,main/1[java.lang.String[]],schedules,1
/Users/sirojiddinkomolov/Documents/innopolis/research/arch_design_pattern_detection/exps/3rd_revision/coach_repos_r/BAC76-master/app/src/main/java/fr/hnit/riverferry/BuildSchedules.java,fr.hnit.riverferry.BuildSchedules,main/1[java.lang.String[]],binFile,2
/Users/sirojiddinkomolov/Documents/innopolis/research/arch_design_pattern_detection/exps/3rd_revision/coach_repos_r/BAC76-master/app/src/main/java/fr/hnit/riverferry/BuildSchedules.java,fr.hnit.riverferry.BuildSchedules,main/1[java.lang.String[]],encoding,1
/Users/sirojiddinkomolov/Documents/innopolis/research/arch_design_pattern_detection/exps/3rd_revision/coach_repos_r/BAC76-master/app/src/main/java/fr/hnit/riverferry/BuildSchedules.java,fr.hnit.riverferry.BuildSchedules,createHoraires/0,c,3
/Users/sirojiddinkomolov/Documents/innopolis/research/arch_design_pattern_detection/exps/3rd_revision/coach_repos_r/BAC76-master/app/src/main/java/fr/hnit/riverferry/BuildSchedules.java,fr.hnit.riverferry.BuildSchedules,createHoraires/0,hl,1
/Users/sirojiddinkomolov/Documents/innopolis/research/arch_design_pattern_detection/exps/3rd_revision/coach_repos_r/BAC76-master/app/src/main/java/fr/hnit/riverferry/BuildSchedules.java,fr.hnit.riverferry.BuildSchedules,createHoraires/0,reader,4
/Users/sirojiddinkomolov/Documents/innopolis/research/arch_design_pattern_detection/exps/3rd_revision/coach_repos_r/BAC76-master/app/src/main/java/fr/hnit/riverferry/BuildSchedules.java,fr.hnit.riverferry.BuildSchedules,createHoraires/0,line,4
/Users/sirojiddinkomolov/Documents/innopolis/research/arch_design_pattern_detection/exps/3rd_revision/coach_repos_r/BAC76-master/app/src/main/java/fr/hnit/riverferry/BuildSchedules.java,fr.hnit.riverferry.BuildSchedules,createHoraires/0,h,1
/Users/sirojiddinkomolov/Documents/innopolis/research/arch_design_pattern_detection/exps/3rd_revision/coach_repos_r/BAC76-master/app/src/main/java/fr/hnit/riverferry/BuildSchedules.java,fr.hnit.riverferry.BuildSchedules,createHoraires/0,freader,1
/Users/sirojiddinkomolov/Documents/innopolis/research/arch_design_pattern_detection/exps/3rd_revision/coach_repos_r/BAC76-master/app/src/main/java/fr/hnit/riverferry/BuildSchedules.java,fr.hnit.riverferry.BuildSchedules,createHoraires/0,times,2
/Users/sirojiddinkomolov/Documents/innopolis/research/arch_design_pattern_detection/exps/3rd_revision/coach_repos_r/BAC76-master/app/src/main/java/fr/hnit/riverferry/BuildSchedules.java,fr.hnit.riverferry.BuildSchedules,createHoraires/0,split,12
/Users/sirojiddinkomolov/Documents/innopolis/research/arch_design_pattern_detection/exps/3rd_revision/coach_repos_r/BAC76-master/app/src/main/java/fr/hnit/riverferry/BuildSchedules.java,fr.hnit.riverferry.BuildSchedules,createHoraires/0,rive,2
/Users/sirojiddinkomolov/Documents/innopolis/research/arch_design_pattern_detection/exps/3rd_revision/coach_repos_r/BAC76-master/app/src/main/java/fr/hnit/riverferry/BuildSchedules.java,fr.hnit.riverferry.BuildSchedules,createHoraires/0,schedules,6
/Users/sirojiddinkomolov/Documents/innopolis/research/arch_design_pattern_detection/exps/3rd_revision/coach_repos_r/BAC76-master/app/src/main/java/fr/hnit/riverferry/BuildSchedules.java,fr.hnit.riverferry.BuildSchedules,createHoraires/0,days,1
/Users/sirojiddinkomolov/Documents/innopolis/research/arch_design_pattern_detection/exps/3rd_revision/coach_repos_r/BAC76-master/app/src/main/java/fr/hnit/riverferry/BuildSchedules.java,fr.hnit.riverferry.BuildSchedules,createHoraires/0,ncols,2
/Users/sirojiddinkomolov/Documents/innopolis/research/arch_design_pattern_detection/exps/3rd_revision/coach_repos_r/BAC76-master/app/src/main/java/fr/hnit/riverferry/BuildSchedules.java,fr.hnit.riverferry.BuildSchedules,createHoraires/0,day,1
/Users/sirojiddinkomolov/Documents/innopolis/research/arch_design_pattern_detection/exps/3rd_revision/coach_repos_r/BAC76-master/app/src/main/java/fr/hnit/riverferry/BuildSchedules.java,fr.hnit.riverferry.BuildSchedules,"BuildSchedules/2[java.io.File,java.lang.String]",tsvFile,2
/Users/sirojiddinkomolov/Documents/innopolis/research/arch_design_pattern_detection/exps/3rd_revision/coach_repos_r/BAC76-master/app/src/main/java/fr/hnit/riverferry/BuildSchedules.java,fr.hnit.riverferry.BuildSchedules,"BuildSchedules/2[java.io.File,java.lang.String]",encoding,2
/Users/sirojiddinkomolov/Documents/innopolis/research/arch_design_pattern_detection/exps/3rd_revision/coach_repos_r/BAC76-master/app/src/main/java/fr/hnit/riverferry/NextDeparture.java,fr.hnit.riverferry.NextDeparture,showHelp/0,i,1
/Users/sirojiddinkomolov/Documents/innopolis/research/arch_design_pattern_detection/exps/3rd_revision/coach_repos_r/BAC76-master/app/src/main/java/fr/hnit/riverferry/NextDeparture.java,fr.hnit.riverferry.NextDeparture,onCreateOptionsMenu/1[android.view.Menu],menu,2
/Users/sirojiddinkomolov/Documents/innopolis/research/arch_design_pattern_detection/exps/3rd_revision/coach_repos_r/BAC76-master/app/src/main/java/fr/hnit/riverferry/NextDeparture.java,fr.hnit.riverferry.NextDeparture,"remainingTime/2[int,int]",next,1
/Users/sirojiddinkomolov/Documents/innopolis/research/arch_design_pattern_detection/exps/3rd_revision/coach_repos_r/BAC76-master/app/src/main/java/fr/hnit/riverferry/NextDeparture.java,fr.hnit.riverferry.NextDeparture,"remainingTime/2[int,int]",current,1
/Users/sirojiddinkomolov/Documents/innopolis/research/arch_design_pattern_detection/exps/3rd_revision/coach_repos_r/BAC76-master/app/src/main/java/fr/hnit/riverferry/NextDeparture.java,fr.hnit.riverferry.NextDeparture,"remainingTime/2[int,int]",h,2
/Users/sirojiddinkomolov/Documents/innopolis/research/arch_design_pattern_detection/exps/3rd_revision/coach_repos_r/BAC76-master/app/src/main/java/fr/hnit/riverferry/NextDeparture.java,fr.hnit.riverferry.NextDeparture,"remainingTime/2[int,int]",diff,2
/Users/sirojiddinkomolov/Documents/innopolis/research/arch_design_pattern_detection/exps/3rd_revision/coach_repos_r/BAC76-master/app/src/main/java/fr/hnit/riverferry/NextDeparture.java,fr.hnit.riverferry.NextDeparture,"remainingTime/2[int,int]",m,2
/Users/sirojiddinkomolov/Documents/innopolis/research/arch_design_pattern_detection/exps/3rd_revision/coach_repos_r/BAC76-master/app/src/main/java/fr/hnit/riverferry/NextDeparture.java,fr.hnit.riverferry.NextDeparture,reloadDefaultStation/0,idx,7
/Users/sirojiddinkomolov/Documents/innopolis/research/arch_design_pattern_detection/exps/3rd_revision/coach_repos_r/BAC76-master/app/src/main/java/fr/hnit/riverferry/NextDeparture.java,fr.hnit.riverferry.NextDeparture,reloadDefaultStation/0,dtl,2
/Users/sirojiddinkomolov/Documents/innopolis/research/arch_design_pattern_detection/exps/3rd_revision/coach_repos_r/BAC76-master/app/src/main/java/fr/hnit/riverferry/NextDeparture.java,fr.hnit.riverferry.NextDeparture,onCreate/1[android.os.Bundle],savedInstanceState,1
/Users/sirojiddinkomolov/Documents/innopolis/research/arch_design_pattern_detection/exps/3rd_revision/coach_repos_r/BAC76-master/app/src/main/java/fr/hnit/riverferry/NextDeparture.java,fr.hnit.riverferry.NextDeparture,onCreate/1[android.os.Bundle],helloView,3
/Users/sirojiddinkomolov/Documents/innopolis/research/arch_design_pattern_detection/exps/3rd_revision/coach_repos_r/BAC76-master/app/src/main/java/fr/hnit/riverferry/NextDeparture.java,fr.hnit.riverferry.NextDeparture,onCreate/1[android.os.Bundle],e,2
/Users/sirojiddinkomolov/Documents/innopolis/research/arch_design_pattern_detection/exps/3rd_revision/coach_repos_r/BAC76-master/app/src/main/java/fr/hnit/riverferry/NextDeparture.java,fr.hnit.riverferry.NextDeparture,onCreate/1[android.os.Bundle],sdcardpath,0
/Users/sirojiddinkomolov/Documents/innopolis/research/arch_design_pattern_detection/exps/3rd_revision/coach_repos_r/BAC76-master/app/src/main/java/fr/hnit/riverferry/NextDeparture.java,fr.hnit.riverferry.NextDeparture,showAbout/0,i,1
/Users/sirojiddinkomolov/Documents/innopolis/research/arch_design_pattern_detection/exps/3rd_revision/coach_repos_r/BAC76-master/app/src/main/java/fr/hnit/riverferry/NextDeparture.java,fr.hnit.riverferry.NextDeparture,onOptionsItemSelected/1[android.view.MenuItem],item,2
/Users/sirojiddinkomolov/Documents/innopolis/research/arch_design_pattern_detection/exps/3rd_revision/coach_repos_r/BAC76-master/app/src/main/java/fr/hnit/riverferry/NextDeparture.java,fr.hnit.riverferry.NextDeparture,onOptionsItemSelected/1[android.view.MenuItem],e,1
/Users/sirojiddinkomolov/Documents/innopolis/research/arch_design_pattern_detection/exps/3rd_revision/coach_repos_r/BAC76-master/app/src/main/java/fr/hnit/riverferry/NextDeparture.java,fr.hnit.riverferry.NextDeparture,showSettings/0,i,1
/Users/sirojiddinkomolov/Documents/innopolis/research/arch_design_pattern_detection/exps/3rd_revision/coach_repos_r/BAC76-master/app/src/main/java/fr/hnit/riverferry/NextDeparture.java,fr.hnit.riverferry.NextDeparture,createHorairesBin/0,fis,3
/Users/sirojiddinkomolov/Documents/innopolis/research/arch_design_pattern_detection/exps/3rd_revision/coach_repos_r/BAC76-master/app/src/main/java/fr/hnit/riverferry/NextDeparture.java,fr.hnit.riverferry.NextDeparture,createHorairesBin/0,readData,3
/Users/sirojiddinkomolov/Documents/innopolis/research/arch_design_pattern_detection/exps/3rd_revision/coach_repos_r/BAC76-master/app/src/main/java/fr/hnit/riverferry/NextDeparture.java,fr.hnit.riverferry.NextDeparture,createHorairesBin/0,bh,1
/Users/sirojiddinkomolov/Documents/innopolis/research/arch_design_pattern_detection/exps/3rd_revision/coach_repos_r/BAC76-master/app/src/main/java/fr/hnit/riverferry/NextDeparture.java,fr.hnit.riverferry.NextDeparture,createHorairesBin/0,i,3
/Users/sirojiddinkomolov/Documents/innopolis/research/arch_design_pattern_detection/exps/3rd_revision/coach_repos_r/BAC76-master/app/src/main/java/fr/hnit/riverferry/NextDeparture.java,fr.hnit.riverferry.NextDeparture,createHorairesBin/0,fos,2
/Users/sirojiddinkomolov/Documents/innopolis/research/arch_design_pattern_detection/exps/3rd_revision/coach_repos_r/BAC76-master/app/src/main/java/fr/hnit/riverferry/NextDeparture.java,fr.hnit.riverferry.NextDeparture,"findNextDepartureTime/5[android.widget.TextView,android.widget.ListView,java.util.List<fr.hnit.riverferry.DepartureTime>,java.lang.String,int]",site,2
/Users/sirojiddinkomolov/Documents/innopolis/research/arch_design_pattern_detection/exps/3rd_revision/coach_repos_r/BAC76-master/app/src/main/java/fr/hnit/riverferry/NextDeparture.java,fr.hnit.riverferry.NextDeparture,"findNextDepartureTime/5[android.widget.TextView,android.widget.ListView,java.util.List<fr.hnit.riverferry.DepartureTime>,java.lang.String,int]",nextTime,1
/Users/sirojiddinkomolov/Documents/innopolis/research/arch_design_pattern_detection/exps/3rd_revision/coach_repos_r/BAC76-master/app/src/main/java/fr/hnit/riverferry/NextDeparture.java,fr.hnit.riverferry.NextDeparture,"findNextDepartureTime/5[android.widget.TextView,android.widget.ListView,java.util.List<fr.hnit.riverferry.DepartureTime>,java.lang.String,int]",values,4
/Users/sirojiddinkomolov/Documents/innopolis/research/arch_design_pattern_detection/exps/3rd_revision/coach_repos_r/BAC76-master/app/src/main/java/fr/hnit/riverferry/NextDeparture.java,fr.hnit.riverferry.NextDeparture,"findNextDepartureTime/5[android.widget.TextView,android.widget.ListView,java.util.List<fr.hnit.riverferry.DepartureTime>,java.lang.String,int]",textfield,2
/Users/sirojiddinkomolov/Documents/innopolis/research/arch_design_pattern_detection/exps/3rd_revision/coach_repos_r/BAC76-master/app/src/main/java/fr/hnit/riverferry/NextDeparture.java,fr.hnit.riverferry.NextDeparture,"findNextDepartureTime/5[android.widget.TextView,android.widget.ListView,java.util.List<fr.hnit.riverferry.DepartureTime>,java.lang.String,int]",time,3
/Users/sirojiddinkomolov/Documents/innopolis/research/arch_design_pattern_detection/exps/3rd_revision/coach_repos_r/BAC76-master/app/src/main/java/fr/hnit/riverferry/NextDeparture.java,fr.hnit.riverferry.NextDeparture,"findNextDepartureTime/5[android.widget.TextView,android.widget.ListView,java.util.List<fr.hnit.riverferry.DepartureTime>,java.lang.String,int]",list,3
/Users/sirojiddinkomolov/Documents/innopolis/research/arch_design_pattern_detection/exps/3rd_revision/coach_repos_r/BAC76-master/app/src/main/java/fr/hnit/riverferry/NextDeparture.java,fr.hnit.riverferry.NextDeparture,"findNextDepartureTime/5[android.widget.TextView,android.widget.ListView,java.util.List<fr.hnit.riverferry.DepartureTime>,java.lang.String,int]",idx,2
/Users/sirojiddinkomolov/Documents/innopolis/research/arch_design_pattern_detection/exps/3rd_revision/coach_repos_r/BAC76-master/app/src/main/java/fr/hnit/riverferry/NextDeparture.java,fr.hnit.riverferry.NextDeparture,"updateGridValues/3[java.util.ArrayList<java.lang.String>,int,java.lang.String]",hours,3
/Users/sirojiddinkomolov/Documents/innopolis/research/arch_design_pattern_detection/exps/3rd_revision/coach_repos_r/BAC76-master/app/src/main/java/fr/hnit/riverferry/NextDeparture.java,fr.hnit.riverferry.NextDeparture,"updateGridValues/3[java.util.ArrayList<java.lang.String>,int,java.lang.String]",c,6
/Users/sirojiddinkomolov/Documents/innopolis/research/arch_design_pattern_detection/exps/3rd_revision/coach_repos_r/BAC76-master/app/src/main/java/fr/hnit/riverferry/NextDeparture.java,fr.hnit.riverferry.NextDeparture,"updateGridValues/3[java.util.ArrayList<java.lang.String>,int,java.lang.String]",e,1
/Users/sirojiddinkomolov/Documents/innopolis/research/arch_design_pattern_detection/exps/3rd_revision/coach_repos_r/BAC76-master/app/src/main/java/fr/hnit/riverferry/NextDeparture.java,fr.hnit.riverferry.NextDeparture,"updateGridValues/3[java.util.ArrayList<java.lang.String>,int,java.lang.String]",stations,5
/Users/sirojiddinkomolov/Documents/innopolis/research/arch_design_pattern_detection/exps/3rd_revision/coach_repos_r/BAC76-master/app/src/main/java/fr/hnit/riverferry/NextDeparture.java,fr.hnit.riverferry.NextDeparture,"updateGridValues/3[java.util.ArrayList<java.lang.String>,int,java.lang.String]",nextValues,1
/Users/sirojiddinkomolov/Documents/innopolis/research/arch_design_pattern_detection/exps/3rd_revision/coach_repos_r/BAC76-master/app/src/main/java/fr/hnit/riverferry/NextDeparture.java,fr.hnit.riverferry.NextDeparture,"updateGridValues/3[java.util.ArrayList<java.lang.String>,int,java.lang.String]",month,1
/Users/sirojiddinkomolov/Documents/innopolis/research/arch_design_pattern_detection/exps/3rd_revision/coach_repos_r/BAC76-master/app/src/main/java/fr/hnit/riverferry/NextDeparture.java,fr.hnit.riverferry.NextDeparture,"updateGridValues/3[java.util.ArrayList<java.lang.String>,int,java.lang.String]",previousValues,1
/Users/sirojiddinkomolov/Documents/innopolis/research/arch_design_pattern_detection/exps/3rd_revision/coach_repos_r/BAC76-master/app/src/main/java/fr/hnit/riverferry/NextDeparture.java,fr.hnit.riverferry.NextDeparture,"updateGridValues/3[java.util.ArrayList<java.lang.String>,int,java.lang.String]",previousSite,2
/Users/sirojiddinkomolov/Documents/innopolis/research/arch_design_pattern_detection/exps/3rd_revision/coach_repos_r/BAC76-master/app/src/main/java/fr/hnit/riverferry/NextDeparture.java,fr.hnit.riverferry.NextDeparture,"updateGridValues/3[java.util.ArrayList<java.lang.String>,int,java.lang.String]",station,2
/Users/sirojiddinkomolov/Documents/innopolis/research/arch_design_pattern_detection/exps/3rd_revision/coach_repos_r/BAC76-master/app/src/main/java/fr/hnit/riverferry/NextDeparture.java,fr.hnit.riverferry.NextDeparture,"updateGridValues/3[java.util.ArrayList<java.lang.String>,int,java.lang.String]",id,6
/Users/sirojiddinkomolov/Documents/innopolis/research/arch_design_pattern_detection/exps/3rd_revision/coach_repos_r/BAC76-master/app/src/main/java/fr/hnit/riverferry/NextDeparture.java,fr.hnit.riverferry.NextDeparture,"updateGridValues/3[java.util.ArrayList<java.lang.String>,int,java.lang.String]",time,3
/Users/sirojiddinkomolov/Documents/innopolis/research/arch_design_pattern_detection/exps/3rd_revision/coach_repos_r/BAC76-master/app/src/main/java/fr/hnit/riverferry/NextDeparture.java,fr.hnit.riverferry.NextDeparture,"updateGridValues/3[java.util.ArrayList<java.lang.String>,int,java.lang.String]",event,0
/Users/sirojiddinkomolov/Documents/innopolis/research/arch_design_pattern_detection/exps/3rd_revision/coach_repos_r/BAC76-master/app/src/main/java/fr/hnit/riverferry/NextDeparture.java,fr.hnit.riverferry.NextDeparture,"updateGridValues/3[java.util.ArrayList<java.lang.String>,int,java.lang.String]",nextSite,2
/Users/sirojiddinkomolov/Documents/innopolis/research/arch_design_pattern_detection/exps/3rd_revision/coach_repos_r/BAC76-master/app/src/main/java/fr/hnit/riverferry/NextDeparture.java,fr.hnit.riverferry.NextDeparture,"updateGridValues/3[java.util.ArrayList<java.lang.String>,int,java.lang.String]",day,6
/Users/sirojiddinkomolov/Documents/innopolis/research/arch_design_pattern_detection/exps/3rd_revision/coach_repos_r/BAC76-master/app/src/main/java/fr/hnit/riverferry/NextDeparture.java,fr.hnit.riverferry.NextDeparture,"updateGridValues/3[java.util.ArrayList<java.lang.String>,int,java.lang.String]",currentValues,1
/Users/sirojiddinkomolov/Documents/innopolis/research/arch_design_pattern_detection/exps/3rd_revision/coach_repos_r/BAC76-master/app/src/main/java/fr/hnit/riverferry/NextDeparture.java,fr.hnit.riverferry.NextDeparture,"updateGridValues/3[java.util.ArrayList<java.lang.String>,int,java.lang.String]",daym,1
/Users/sirojiddinkomolov/Documents/innopolis/research/arch_design_pattern_detection/exps/3rd_revision/coach_repos_r/BAC76-master/app/src/main/java/fr/hnit/riverferry/NextDeparture.java,fr.hnit.riverferry.NextDeparture,"getNextTimePosition/2[int,java.util.List<fr.hnit.riverferry.DepartureTime>]",previousValues,2
/Users/sirojiddinkomolov/Documents/innopolis/research/arch_design_pattern_detection/exps/3rd_revision/coach_repos_r/BAC76-master/app/src/main/java/fr/hnit/riverferry/NextDeparture.java,fr.hnit.riverferry.NextDeparture,"getNextTimePosition/2[int,java.util.List<fr.hnit.riverferry.DepartureTime>]",minutes,1
/Users/sirojiddinkomolov/Documents/innopolis/research/arch_design_pattern_detection/exps/3rd_revision/coach_repos_r/BAC76-master/app/src/main/java/fr/hnit/riverferry/NextDeparture.java,fr.hnit.riverferry.NextDeparture,"getNextTimePosition/2[int,java.util.List<fr.hnit.riverferry.DepartureTime>]",i,4
/Users/sirojiddinkomolov/Documents/innopolis/research/arch_design_pattern_detection/exps/3rd_revision/coach_repos_r/BAC76-master/app/src/main/java/fr/hnit/riverferry/NextDeparture.java,fr.hnit.riverferry.NextDeparture,show/1[java.lang.String],mess,1
/Users/sirojiddinkomolov/Documents/innopolis/research/arch_design_pattern_detection/exps/3rd_revision/coach_repos_r/BAC76-master/app/src/main/java/fr/hnit/riverferry/NextDeparture.java,fr.hnit.riverferry.NextDeparture,"ferie/2[int,int]",month,7
/Users/sirojiddinkomolov/Documents/innopolis/research/arch_design_pattern_detection/exps/3rd_revision/coach_repos_r/BAC76-master/app/src/main/java/fr/hnit/riverferry/NextDeparture.java,fr.hnit.riverferry.NextDeparture,"ferie/2[int,int]",day,7
/Users/sirojiddinkomolov/Documents/innopolis/research/arch_design_pattern_detection/exps/3rd_revision/coach_repos_r/BAC76-master/app/src/main/java/fr/hnit/riverferry/NextDeparture.java,fr.hnit.riverferry.NextDeparture,"notimes/3[android.widget.TextView,android.widget.ListView,java.lang.String]",tmp,3
/Users/sirojiddinkomolov/Documents/innopolis/research/arch_design_pattern_detection/exps/3rd_revision/coach_repos_r/BAC76-master/app/src/main/java/fr/hnit/riverferry/NextDeparture.java,fr.hnit.riverferry.NextDeparture,"notimes/3[android.widget.TextView,android.widget.ListView,java.lang.String]",textfield,2
/Users/sirojiddinkomolov/Documents/innopolis/research/arch_design_pattern_detection/exps/3rd_revision/coach_repos_r/BAC76-master/app/src/main/java/fr/hnit/riverferry/NextDeparture.java,fr.hnit.riverferry.NextDeparture,"notimes/3[android.widget.TextView,android.widget.ListView,java.lang.String]",station,2
/Users/sirojiddinkomolov/Documents/innopolis/research/arch_design_pattern_detection/exps/3rd_revision/coach_repos_r/BAC76-master/app/src/main/java/fr/hnit/riverferry/NextDeparture.java,fr.hnit.riverferry.NextDeparture,"notimes/3[android.widget.TextView,android.widget.ListView,java.lang.String]",list,2
/Users/sirojiddinkomolov/Documents/innopolis/research/arch_design_pattern_detection/exps/3rd_revision/coach_repos_r/BAC76-master/app/src/main/java/fr/hnit/riverferry/HelpActivity.java,fr.hnit.riverferry.HelpActivity,onCreate/1[android.os.Bundle],savedInstanceState,1
/Users/sirojiddinkomolov/Documents/innopolis/research/arch_design_pattern_detection/exps/3rd_revision/coach_repos_r/BAC76-master/app/src/main/java/fr/hnit/riverferry/NextDeparture.java,fr.hnit.riverferry.NextDeparture$Anonymous2,onNothingSelected/1[android.widget.AdapterView<?>],arg0,0
/Users/sirojiddinkomolov/Documents/innopolis/research/arch_design_pattern_detection/exps/3rd_revision/coach_repos_r/BAC76-master/app/src/main/java/fr/hnit/riverferry/NextDeparture.java,fr.hnit.riverferry.NextDeparture$Anonymous2,"onItemSelected/4[android.widget.AdapterView<?>,android.view.View,int,long]",arg3,0
/Users/sirojiddinkomolov/Documents/innopolis/research/arch_design_pattern_detection/exps/3rd_revision/coach_repos_r/BAC76-master/app/src/main/java/fr/hnit/riverferry/NextDeparture.java,fr.hnit.riverferry.NextDeparture$Anonymous2,"onItemSelected/4[android.widget.AdapterView<?>,android.view.View,int,long]",arg2,0
/Users/sirojiddinkomolov/Documents/innopolis/research/arch_design_pattern_detection/exps/3rd_revision/coach_repos_r/BAC76-master/app/src/main/java/fr/hnit/riverferry/NextDeparture.java,fr.hnit.riverferry.NextDeparture$Anonymous2,"onItemSelected/4[android.widget.AdapterView<?>,android.view.View,int,long]",arg1,0
/Users/sirojiddinkomolov/Documents/innopolis/research/arch_design_pattern_detection/exps/3rd_revision/coach_repos_r/BAC76-master/app/src/main/java/fr/hnit/riverferry/NextDeparture.java,fr.hnit.riverferry.NextDeparture$Anonymous2,"onItemSelected/4[android.widget.AdapterView<?>,android.view.View,int,long]",arg0,0
/Users/sirojiddinkomolov/Documents/innopolis/research/arch_design_pattern_detection/exps/3rd_revision/coach_repos_r/BAC76-master/app/src/main/java/fr/hnit/riverferry/NextDeparture.java,fr.hnit.riverferry.NextDeparture$Anonymous1,"onItemSelected/4[android.widget.AdapterView<?>,android.view.View,int,long]",arg3,0
/Users/sirojiddinkomolov/Documents/innopolis/research/arch_design_pattern_detection/exps/3rd_revision/coach_repos_r/BAC76-master/app/src/main/java/fr/hnit/riverferry/NextDeparture.java,fr.hnit.riverferry.NextDeparture$Anonymous1,"onItemSelected/4[android.widget.AdapterView<?>,android.view.View,int,long]",arg2,0
/Users/sirojiddinkomolov/Documents/innopolis/research/arch_design_pattern_detection/exps/3rd_revision/coach_repos_r/BAC76-master/app/src/main/java/fr/hnit/riverferry/NextDeparture.java,fr.hnit.riverferry.NextDeparture$Anonymous1,"onItemSelected/4[android.widget.AdapterView<?>,android.view.View,int,long]",arg1,0
/Users/sirojiddinkomolov/Documents/innopolis/research/arch_design_pattern_detection/exps/3rd_revision/coach_repos_r/BAC76-master/app/src/main/java/fr/hnit/riverferry/NextDeparture.java,fr.hnit.riverferry.NextDeparture$Anonymous1,"onItemSelected/4[android.widget.AdapterView<?>,android.view.View,int,long]",arg0,0
/Users/sirojiddinkomolov/Documents/innopolis/research/arch_design_pattern_detection/exps/3rd_revision/coach_repos_r/BAC76-master/app/src/main/java/fr/hnit/riverferry/NextDeparture.java,fr.hnit.riverferry.NextDeparture$Anonymous1,onNothingSelected/1[android.widget.AdapterView<?>],arg0,0
