file,class,method,variable,usage
/home/arch_design_predict/download-github-repos/mvvm/repos/Simple-Android-application-master/app/src/main/java/com/zen8labs/biz/exception/DefaultErrorBundle.java,com.zen8labs.biz.exception.DefaultErrorBundle,getException/0,exception,1
/home/arch_design_predict/download-github-repos/mvvm/repos/Simple-Android-application-master/app/src/main/java/com/zen8labs/biz/exception/DefaultErrorBundle.java,com.zen8labs.biz.exception.DefaultErrorBundle,DefaultErrorBundle/1[java.lang.Exception],exception,3
/home/arch_design_predict/download-github-repos/mvvm/repos/Simple-Android-application-master/app/src/main/java/com/zen8labs/biz/exception/DefaultErrorBundle.java,com.zen8labs.biz.exception.DefaultErrorBundle,getErrorMessage/0,exception,2
/home/arch_design_predict/download-github-repos/mvvm/repos/Simple-Android-application-master/app/src/main/java/com/zen8labs/biz/exception/DefaultErrorBundle.java,com.zen8labs.biz.exception.DefaultErrorBundle,getErrorMessage/0,DEFAULT_ERROR_MSG,1
/home/arch_design_predict/download-github-repos/mvvm/repos/Simple-Android-application-master/app/src/main/java/com/zen8labs/mvvm/view/activity/InfoActivity.java,com.zen8labs.mvvm.view.activity.InfoActivity,onSubmit/0,mViewModel,1
/home/arch_design_predict/download-github-repos/mvvm/repos/Simple-Android-application-master/app/src/main/java/com/zen8labs/mvvm/view/activity/InfoActivity.java,com.zen8labs.mvvm.view.activity.InfoActivity,onSubmit/0,mProgressDialog,2
/home/arch_design_predict/download-github-repos/mvvm/repos/Simple-Android-application-master/app/src/main/java/com/zen8labs/mvvm/view/activity/InfoActivity.java,com.zen8labs.mvvm.view.activity.InfoActivity,bindViewModel/0,mViewModel,1
/home/arch_design_predict/download-github-repos/mvvm/repos/Simple-Android-application-master/app/src/main/java/com/zen8labs/mvvm/view/activity/InfoActivity.java,com.zen8labs.mvvm.view.activity.InfoActivity,bindViewModel/0,binding,3
/home/arch_design_predict/download-github-repos/mvvm/repos/Simple-Android-application-master/app/src/main/java/com/zen8labs/mvvm/view/activity/InfoActivity.java,com.zen8labs.mvvm.view.activity.InfoActivity,setUpView/0,mProgressDialog,3
/home/arch_design_predict/download-github-repos/mvvm/repos/Simple-Android-application-master/app/src/main/java/com/zen8labs/mvvm/view/activity/InfoActivity.java,com.zen8labs.mvvm.view.activity.InfoActivity,onCreate/1[com.zen8labs.mvvm.view.activity.Bundle],mTestClass,1
/home/arch_design_predict/download-github-repos/mvvm/repos/Simple-Android-application-master/app/src/main/java/com/zen8labs/mvvm/view/activity/BaseActivity.java,com.zen8labs.mvvm.view.activity.BaseActivity,preDestroy/0,preDestroy,2
/home/arch_design_predict/download-github-repos/mvvm/repos/Simple-Android-application-master/app/src/main/java/com/zen8labs/mvvm/view/activity/BaseActivity.java,com.zen8labs.mvvm.view.activity.BaseActivity,onDestroy/0,preDestroy,1
/home/arch_design_predict/download-github-repos/mvvm/repos/Simple-Android-application-master/app/src/main/java/com/zen8labs/biz/entity/User.java,com.zen8labs.biz.entity.User,getIdCard/0,idCard,1
/home/arch_design_predict/download-github-repos/mvvm/repos/Simple-Android-application-master/app/src/main/java/com/zen8labs/biz/entity/User.java,com.zen8labs.biz.entity.User,setIdCard/1[java.lang.String],idCard,3
/home/arch_design_predict/download-github-repos/mvvm/repos/Simple-Android-application-master/app/src/main/java/com/zen8labs/biz/entity/User.java,com.zen8labs.biz.entity.User,getEmail/0,email,1
/home/arch_design_predict/download-github-repos/mvvm/repos/Simple-Android-application-master/app/src/main/java/com/zen8labs/biz/entity/User.java,com.zen8labs.biz.entity.User,setEmail/1[java.lang.String],email,3
/home/arch_design_predict/download-github-repos/mvvm/repos/Simple-Android-application-master/app/src/main/java/com/zen8labs/biz/entity/User.java,com.zen8labs.biz.entity.User,setUserName/1[java.lang.String],userName,3
/home/arch_design_predict/download-github-repos/mvvm/repos/Simple-Android-application-master/app/src/main/java/com/zen8labs/biz/entity/User.java,com.zen8labs.biz.entity.User,getUserName/0,userName,1
/home/arch_design_predict/download-github-repos/mvvm/repos/Simple-Android-application-master/app/src/androidTest/java/com/zen8labs/mvvm/view/activity/InfoActivityIntegrateTest.java,com.zen8labs.mvvm.view.activity.InfoActivityIntegrateTest,setUp/0,activityTestRule,1
/home/arch_design_predict/download-github-repos/mvvm/repos/Simple-Android-application-master/app/src/androidTest/java/com/zen8labs/mvvm/view/activity/InfoActivityIntegrateTest.java,com.zen8labs.mvvm.view.activity.InfoActivityIntegrateTest,submitSuccess/0,activityTestRule,1
/home/arch_design_predict/download-github-repos/mvvm/repos/Simple-Android-application-master/app/src/androidTest/java/com/zen8labs/mvvm/view/activity/InfoActivityIntegrateTest.java,com.zen8labs.mvvm.view.activity.InfoActivityIntegrateTest,submitFail/0,FAIL_CARD,1
/home/arch_design_predict/download-github-repos/mvvm/repos/Simple-Android-application-master/app/src/androidTest/java/com/zen8labs/mvvm/view/activity/InfoActivityIntegrateTest.java,com.zen8labs.mvvm.view.activity.InfoActivityIntegrateTest,submitFail/0,activityTestRule,1
/home/arch_design_predict/download-github-repos/mvvm/repos/Simple-Android-application-master/app/src/main/java/com/zen8labs/biz/model/Place.java,com.zen8labs.biz.model.Place,getName/0,name,1
/home/arch_design_predict/download-github-repos/mvvm/repos/Simple-Android-application-master/app/src/main/java/com/zen8labs/biz/model/Place.java,com.zen8labs.biz.model.Place,getTypes/0,types,1
/home/arch_design_predict/download-github-repos/mvvm/repos/Simple-Android-application-master/app/src/main/java/com/zen8labs/biz/model/Place.java,com.zen8labs.biz.model.Place,Place/1[com.zen8labs.biz.model.Parcel],types,1
/home/arch_design_predict/download-github-repos/mvvm/repos/Simple-Android-application-master/app/src/main/java/com/zen8labs/biz/model/Place.java,com.zen8labs.biz.model.Place,Place/1[com.zen8labs.biz.model.Parcel],icon,1
/home/arch_design_predict/download-github-repos/mvvm/repos/Simple-Android-application-master/app/src/main/java/com/zen8labs/biz/model/Place.java,com.zen8labs.biz.model.Place,Place/1[com.zen8labs.biz.model.Parcel],name,1
/home/arch_design_predict/download-github-repos/mvvm/repos/Simple-Android-application-master/app/src/main/java/com/zen8labs/biz/model/Place.java,com.zen8labs.biz.model.Place,Place/1[com.zen8labs.biz.model.Parcel],id,1
/home/arch_design_predict/download-github-repos/mvvm/repos/Simple-Android-application-master/app/src/main/java/com/zen8labs/biz/model/Place.java,com.zen8labs.biz.model.Place,getId/0,id,1
/home/arch_design_predict/download-github-repos/mvvm/repos/Simple-Android-application-master/app/src/main/java/com/zen8labs/biz/model/Place.java,com.zen8labs.biz.model.Place,getIcon/0,icon,1
/home/arch_design_predict/download-github-repos/mvvm/repos/Simple-Android-application-master/app/src/main/java/com/zen8labs/biz/model/Place.java,com.zen8labs.biz.model.Place,"Place/4[java.lang.String,java.lang.String,java.lang.String,java.util.List<java.lang.String>]",types,3
/home/arch_design_predict/download-github-repos/mvvm/repos/Simple-Android-application-master/app/src/main/java/com/zen8labs/biz/model/Place.java,com.zen8labs.biz.model.Place,"Place/4[java.lang.String,java.lang.String,java.lang.String,java.util.List<java.lang.String>]",icon,3
/home/arch_design_predict/download-github-repos/mvvm/repos/Simple-Android-application-master/app/src/main/java/com/zen8labs/biz/model/Place.java,com.zen8labs.biz.model.Place,"Place/4[java.lang.String,java.lang.String,java.lang.String,java.util.List<java.lang.String>]",name,3
/home/arch_design_predict/download-github-repos/mvvm/repos/Simple-Android-application-master/app/src/main/java/com/zen8labs/biz/model/Place.java,com.zen8labs.biz.model.Place,"Place/4[java.lang.String,java.lang.String,java.lang.String,java.util.List<java.lang.String>]",id,3
/home/arch_design_predict/download-github-repos/mvvm/repos/Simple-Android-application-master/app/src/main/java/com/zen8labs/biz/model/Place.java,com.zen8labs.biz.model.Place,"writeToParcel/2[com.zen8labs.biz.model.Parcel,int]",types,1
/home/arch_design_predict/download-github-repos/mvvm/repos/Simple-Android-application-master/app/src/main/java/com/zen8labs/biz/model/Place.java,com.zen8labs.biz.model.Place,"writeToParcel/2[com.zen8labs.biz.model.Parcel,int]",icon,1
/home/arch_design_predict/download-github-repos/mvvm/repos/Simple-Android-application-master/app/src/main/java/com/zen8labs/biz/model/Place.java,com.zen8labs.biz.model.Place,"writeToParcel/2[com.zen8labs.biz.model.Parcel,int]",name,1
/home/arch_design_predict/download-github-repos/mvvm/repos/Simple-Android-application-master/app/src/main/java/com/zen8labs/biz/model/Place.java,com.zen8labs.biz.model.Place,"writeToParcel/2[com.zen8labs.biz.model.Parcel,int]",id,1
/home/arch_design_predict/download-github-repos/mvvm/repos/Simple-Android-application-master/app/src/test/java/com/zen8labs/mvvm/viewmodel/InfoViewModelTest.java,com.zen8labs.mvvm.viewmodel.InfoViewModelTest,cannotSubmitInvalidIdCard/0,infoViewModel,3
/home/arch_design_predict/download-github-repos/mvvm/repos/Simple-Android-application-master/app/src/test/java/com/zen8labs/mvvm/viewmodel/InfoViewModelTest.java,com.zen8labs.mvvm.viewmodel.InfoViewModelTest,inputInvalidEmail/0,infoViewModel,2
/home/arch_design_predict/download-github-repos/mvvm/repos/Simple-Android-application-master/app/src/test/java/com/zen8labs/mvvm/viewmodel/InfoViewModelTest.java,com.zen8labs.mvvm.viewmodel.InfoViewModelTest,inputValidIdCard/0,infoViewModel,2
/home/arch_design_predict/download-github-repos/mvvm/repos/Simple-Android-application-master/app/src/test/java/com/zen8labs/mvvm/viewmodel/InfoViewModelTest.java,com.zen8labs.mvvm.viewmodel.InfoViewModelTest,submit/0,testSubscriber,2
/home/arch_design_predict/download-github-repos/mvvm/repos/Simple-Android-application-master/app/src/test/java/com/zen8labs/mvvm/viewmodel/InfoViewModelTest.java,com.zen8labs.mvvm.viewmodel.InfoViewModelTest,submit/0,infoService,1
/home/arch_design_predict/download-github-repos/mvvm/repos/Simple-Android-application-master/app/src/test/java/com/zen8labs/mvvm/viewmodel/InfoViewModelTest.java,com.zen8labs.mvvm.viewmodel.InfoViewModelTest,submit/0,infoViewModel,3
/home/arch_design_predict/download-github-repos/mvvm/repos/Simple-Android-application-master/app/src/test/java/com/zen8labs/mvvm/viewmodel/InfoViewModelTest.java,com.zen8labs.mvvm.viewmodel.InfoViewModelTest,inputInvalidIdCard/0,infoViewModel,2
/home/arch_design_predict/download-github-repos/mvvm/repos/Simple-Android-application-master/app/src/test/java/com/zen8labs/mvvm/viewmodel/InfoViewModelTest.java,com.zen8labs.mvvm.viewmodel.InfoViewModelTest,cannotSubmitEmptyEmail/0,infoViewModel,3
/home/arch_design_predict/download-github-repos/mvvm/repos/Simple-Android-application-master/app/src/test/java/com/zen8labs/mvvm/viewmodel/InfoViewModelTest.java,com.zen8labs.mvvm.viewmodel.InfoViewModelTest,canSubmit/0,infoViewModel,3
/home/arch_design_predict/download-github-repos/mvvm/repos/Simple-Android-application-master/app/src/test/java/com/zen8labs/mvvm/viewmodel/InfoViewModelTest.java,com.zen8labs.mvvm.viewmodel.InfoViewModelTest,setUpViewModel/0,testSubscriber,1
/home/arch_design_predict/download-github-repos/mvvm/repos/Simple-Android-application-master/app/src/test/java/com/zen8labs/mvvm/viewmodel/InfoViewModelTest.java,com.zen8labs.mvvm.viewmodel.InfoViewModelTest,setUpViewModel/0,infoService,3
/home/arch_design_predict/download-github-repos/mvvm/repos/Simple-Android-application-master/app/src/test/java/com/zen8labs/mvvm/viewmodel/InfoViewModelTest.java,com.zen8labs.mvvm.viewmodel.InfoViewModelTest,setUpViewModel/0,infoViewModel,1
/home/arch_design_predict/download-github-repos/mvvm/repos/Simple-Android-application-master/app/src/test/java/com/zen8labs/mvvm/viewmodel/InfoViewModelTest.java,com.zen8labs.mvvm.viewmodel.InfoViewModelTest,inputValidEmail/0,infoViewModel,2
/home/arch_design_predict/download-github-repos/mvvm/repos/Simple-Android-application-master/app/src/test/java/com/zen8labs/mvvm/viewmodel/InfoViewModelTest.java,com.zen8labs.mvvm.viewmodel.InfoViewModelTest,cannotSubmitEmptyIdCard/0,infoViewModel,3
/home/arch_design_predict/download-github-repos/mvvm/repos/Simple-Android-application-master/app/src/test/java/com/zen8labs/mvvm/viewmodel/InfoViewModelTest.java,com.zen8labs.mvvm.viewmodel.InfoViewModelTest,cannotSubmitInvalidEmail/0,infoViewModel,3
/home/arch_design_predict/download-github-repos/mvvm/repos/Simple-Android-application-master/app/src/androidTest/java/com/zen8labs/mvvm/view/fragment/PlacesFragmentInteractTest.java,com.zen8labs.mvvm.view.fragment.PlacesFragmentInteractTest,setUp/0,activityTestRule,2
/home/arch_design_predict/download-github-repos/mvvm/repos/Simple-Android-application-master/app/src/androidTest/java/com/zen8labs/mvvm/view/fragment/PlacesFragmentInteractTest.java,com.zen8labs.mvvm.view.fragment.PlacesFragmentInteractTest,testImpl/0,activityTestRule,1
/home/arch_design_predict/download-github-repos/mvvm/repos/Simple-Android-application-master/app/src/main/java/com/zen8labs/mvvm/view/fragment/BaseFragment.java,com.zen8labs.mvvm.view.fragment.BaseFragment,preDestroy/0,preDestroy,2
/home/arch_design_predict/download-github-repos/mvvm/repos/Simple-Android-application-master/app/src/main/java/com/zen8labs/mvvm/view/fragment/BaseFragment.java,com.zen8labs.mvvm.view.fragment.BaseFragment,onDestroyView/0,preDestroy,1
/home/arch_design_predict/download-github-repos/mvvm/repos/Simple-Android-application-master/app/src/main/java/com/zen8labs/mvvm/view/fragment/PlacesFragment.java,com.zen8labs.mvvm.view.fragment.PlacesFragment,onOptionsItemSelected/1[com.zen8labs.mvvm.view.fragment.MenuItem],mViewModel,1
/home/arch_design_predict/download-github-repos/mvvm/repos/Simple-Android-application-master/app/src/main/java/com/zen8labs/mvvm/view/fragment/PlacesFragment.java,com.zen8labs.mvvm.view.fragment.PlacesFragment,"onCreateView/3[com.zen8labs.mvvm.view.fragment.LayoutInflater,com.zen8labs.mvvm.view.fragment.ViewGroup,com.zen8labs.mvvm.view.fragment.Bundle]",mViewModel,1
/home/arch_design_predict/download-github-repos/mvvm/repos/Simple-Android-application-master/app/src/main/java/com/zen8labs/mvvm/view/fragment/PlacesFragment.java,com.zen8labs.mvvm.view.fragment.PlacesFragment,"onCreateView/3[com.zen8labs.mvvm.view.fragment.LayoutInflater,com.zen8labs.mvvm.view.fragment.ViewGroup,com.zen8labs.mvvm.view.fragment.Bundle]",binding,3
/home/arch_design_predict/download-github-repos/mvvm/repos/Simple-Android-application-master/app/src/main/java/com/zen8labs/mvvm/view/fragment/PlacesFragment.java,com.zen8labs.mvvm.view.fragment.PlacesFragment,setupView/0,mProgressDialog,3
/home/arch_design_predict/download-github-repos/mvvm/repos/Simple-Android-application-master/app/src/main/java/com/zen8labs/mvvm/view/fragment/PlacesFragment.java,com.zen8labs.mvvm.view.fragment.PlacesFragment,onActivityCreated/1[com.zen8labs.mvvm.view.fragment.Bundle],mViewModel,1
/home/arch_design_predict/download-github-repos/mvvm/repos/Simple-Android-application-master/app/src/main/java/com/zen8labs/mvvm/view/fragment/PlacesFragment.java,com.zen8labs.mvvm.view.fragment.PlacesFragment,onActivityCreated/1[com.zen8labs.mvvm.view.fragment.Bundle],mProgressDialog,2
/home/arch_design_predict/download-github-repos/mvvm/repos/Simple-Android-application-master/app/src/main/java/com/zen8labs/biz/viewmodel/InfoViewModel.java,com.zen8labs.biz.viewmodel.InfoViewModel,idCardError/0,mIdCardError,1
/home/arch_design_predict/download-github-repos/mvvm/repos/Simple-Android-application-master/app/src/main/java/com/zen8labs/biz/viewmodel/InfoViewModel.java,com.zen8labs.biz.viewmodel.InfoViewModel,setIdCard/1[java.lang.String],mIdCard,1
/home/arch_design_predict/download-github-repos/mvvm/repos/Simple-Android-application-master/app/src/main/java/com/zen8labs/biz/viewmodel/InfoViewModel.java,com.zen8labs.biz.viewmodel.InfoViewModel,setIdCard/1[java.lang.String],mIdCardError,1
/home/arch_design_predict/download-github-repos/mvvm/repos/Simple-Android-application-master/app/src/main/java/com/zen8labs/biz/viewmodel/InfoViewModel.java,com.zen8labs.biz.viewmodel.InfoViewModel,setIdCard/1[java.lang.String],mIdCardValid,2
/home/arch_design_predict/download-github-repos/mvvm/repos/Simple-Android-application-master/app/src/main/java/com/zen8labs/biz/viewmodel/InfoViewModel.java,com.zen8labs.biz.viewmodel.InfoViewModel,setEmail/1[java.lang.String],mEmail,1
/home/arch_design_predict/download-github-repos/mvvm/repos/Simple-Android-application-master/app/src/main/java/com/zen8labs/biz/viewmodel/InfoViewModel.java,com.zen8labs.biz.viewmodel.InfoViewModel,setEmail/1[java.lang.String],mEmailError,1
/home/arch_design_predict/download-github-repos/mvvm/repos/Simple-Android-application-master/app/src/main/java/com/zen8labs/biz/viewmodel/InfoViewModel.java,com.zen8labs.biz.viewmodel.InfoViewModel,setEmail/1[java.lang.String],mEmailValid,2
/home/arch_design_predict/download-github-repos/mvvm/repos/Simple-Android-application-master/app/src/main/java/com/zen8labs/biz/viewmodel/InfoViewModel.java,com.zen8labs.biz.viewmodel.InfoViewModel,setEmail/1[java.lang.String],EMAIL_REGEX,1
/home/arch_design_predict/download-github-repos/mvvm/repos/Simple-Android-application-master/app/src/main/java/com/zen8labs/biz/viewmodel/InfoViewModel.java,com.zen8labs.biz.viewmodel.InfoViewModel,emailError/0,mEmailError,1
/home/arch_design_predict/download-github-repos/mvvm/repos/Simple-Android-application-master/app/src/main/java/com/zen8labs/biz/viewmodel/InfoViewModel.java,com.zen8labs.biz.viewmodel.InfoViewModel,canSubmit/0,mCanSubmit,1
/home/arch_design_predict/download-github-repos/mvvm/repos/Simple-Android-application-master/app/src/main/java/com/zen8labs/biz/viewmodel/InfoViewModel.java,com.zen8labs.biz.viewmodel.InfoViewModel,updateCanSubmit/0,mCanSubmit,1
/home/arch_design_predict/download-github-repos/mvvm/repos/Simple-Android-application-master/app/src/main/java/com/zen8labs/biz/viewmodel/InfoViewModel.java,com.zen8labs.biz.viewmodel.InfoViewModel,updateCanSubmit/0,mEmailValid,1
/home/arch_design_predict/download-github-repos/mvvm/repos/Simple-Android-application-master/app/src/main/java/com/zen8labs/biz/viewmodel/InfoViewModel.java,com.zen8labs.biz.viewmodel.InfoViewModel,updateCanSubmit/0,mIdCardValid,1
/home/arch_design_predict/download-github-repos/mvvm/repos/Simple-Android-application-master/app/src/main/java/com/zen8labs/biz/viewmodel/InfoViewModel.java,com.zen8labs.biz.viewmodel.InfoViewModel,InfoViewModel/1[com.zen8labs.core.service.IInfoService],mInfoService,1
/home/arch_design_predict/download-github-repos/mvvm/repos/Simple-Android-application-master/app/src/test/java/com/zen8labs/mvvm/viewmodel/PlacesViewModelTest.java,com.zen8labs.mvvm.viewmodel.PlacesViewModelTest,fetchAllPlacesSuccess/0,testSubscriber,4
/home/arch_design_predict/download-github-repos/mvvm/repos/Simple-Android-application-master/app/src/test/java/com/zen8labs/mvvm/viewmodel/PlacesViewModelTest.java,com.zen8labs.mvvm.viewmodel.PlacesViewModelTest,fetchAllPlacesSuccess/0,placesViewModel,1
/home/arch_design_predict/download-github-repos/mvvm/repos/Simple-Android-application-master/app/src/test/java/com/zen8labs/mvvm/viewmodel/PlacesViewModelTest.java,com.zen8labs.mvvm.viewmodel.PlacesViewModelTest,fetchAllPlaces/0,placesViewModel,2
/home/arch_design_predict/download-github-repos/mvvm/repos/Simple-Android-application-master/app/src/test/java/com/zen8labs/mvvm/viewmodel/PlacesViewModelTest.java,com.zen8labs.mvvm.viewmodel.PlacesViewModelTest,getAndFilterWith/1[java.lang.String],placesViewModel,3
/home/arch_design_predict/download-github-repos/mvvm/repos/Simple-Android-application-master/app/src/test/java/com/zen8labs/mvvm/viewmodel/PlacesViewModelTest.java,com.zen8labs.mvvm.viewmodel.PlacesViewModelTest,setUpViewModel/0,testSubscriber,1
/home/arch_design_predict/download-github-repos/mvvm/repos/Simple-Android-application-master/app/src/test/java/com/zen8labs/mvvm/viewmodel/PlacesViewModelTest.java,com.zen8labs.mvvm.viewmodel.PlacesViewModelTest,setUpViewModel/0,placesViewModel,1
/home/arch_design_predict/download-github-repos/mvvm/repos/Simple-Android-application-master/app/src/test/java/com/zen8labs/mvvm/viewmodel/PlacesViewModelTest.java,com.zen8labs.mvvm.viewmodel.PlacesViewModelTest,setUpViewModel/0,placesApi,3
/home/arch_design_predict/download-github-repos/mvvm/repos/Simple-Android-application-master/app/src/main/java/com/zen8labs/biz/model/Info.java,com.zen8labs.biz.model.Info,getEmail/0,email,1
/home/arch_design_predict/download-github-repos/mvvm/repos/Simple-Android-application-master/app/src/main/java/com/zen8labs/biz/model/Info.java,com.zen8labs.biz.model.Info,getIdCard/0,idCard,1
/home/arch_design_predict/download-github-repos/mvvm/repos/Simple-Android-application-master/app/src/main/java/com/zen8labs/biz/model/Info.java,com.zen8labs.biz.model.Info,setIdCard/1[java.lang.String],idCard,3
/home/arch_design_predict/download-github-repos/mvvm/repos/Simple-Android-application-master/app/src/main/java/com/zen8labs/biz/model/Info.java,com.zen8labs.biz.model.Info,setEmail/1[java.lang.String],email,3
/home/arch_design_predict/download-github-repos/mvvm/repos/Simple-Android-application-master/app/src/main/java/com/zen8labs/biz/model/Info.java,com.zen8labs.biz.model.Info,"Info/2[java.lang.String,java.lang.String]",idCard,3
/home/arch_design_predict/download-github-repos/mvvm/repos/Simple-Android-application-master/app/src/main/java/com/zen8labs/biz/model/Info.java,com.zen8labs.biz.model.Info,"Info/2[java.lang.String,java.lang.String]",email,3
/home/arch_design_predict/download-github-repos/mvvm/repos/Simple-Android-application-master/app/src/main/java/com/zen8labs/mvvm/MyApplication.java,com.zen8labs.mvvm.MyApplication,context/0,mContext,1
/home/arch_design_predict/download-github-repos/mvvm/repos/Simple-Android-application-master/app/src/main/java/com/zen8labs/mvvm/MyApplication.java,com.zen8labs.mvvm.MyApplication,onCreate/0,mRefWatcher,1
/home/arch_design_predict/download-github-repos/mvvm/repos/Simple-Android-application-master/app/src/main/java/com/zen8labs/mvvm/MyApplication.java,com.zen8labs.mvvm.MyApplication,onCreate/0,mAppComponent,2
/home/arch_design_predict/download-github-repos/mvvm/repos/Simple-Android-application-master/app/src/main/java/com/zen8labs/mvvm/MyApplication.java,com.zen8labs.mvvm.MyApplication,onCreate/0,mComponentBuilder,1
/home/arch_design_predict/download-github-repos/mvvm/repos/Simple-Android-application-master/app/src/main/java/com/zen8labs/mvvm/MyApplication.java,com.zen8labs.mvvm.MyApplication,onCreate/0,mContext,1
/home/arch_design_predict/download-github-repos/mvvm/repos/Simple-Android-application-master/app/src/main/java/com/zen8labs/mvvm/MyApplication.java,com.zen8labs.mvvm.MyApplication,component/0,mAppComponent,1
/home/arch_design_predict/download-github-repos/mvvm/repos/Simple-Android-application-master/app/src/main/java/com/zen8labs/mvvm/MyApplication.java,com.zen8labs.mvvm.MyApplication,builder/0,mComponentBuilder,1
/home/arch_design_predict/download-github-repos/mvvm/repos/Simple-Android-application-master/app/src/main/java/com/zen8labs/biz/viewmodel/PlacesViewModel.java,com.zen8labs.biz.viewmodel.PlacesViewModel,filterPlacesByType/1[java.lang.String],mPlaces,3
/home/arch_design_predict/download-github-repos/mvvm/repos/Simple-Android-application-master/app/src/main/java/com/zen8labs/biz/viewmodel/PlacesViewModel.java,com.zen8labs.biz.viewmodel.PlacesViewModel,filterPlacesByType/1[java.lang.String],allPlaces,2
/home/arch_design_predict/download-github-repos/mvvm/repos/Simple-Android-application-master/app/src/main/java/com/zen8labs/biz/viewmodel/PlacesViewModel.java,com.zen8labs.biz.viewmodel.PlacesViewModel,PlacesViewModel/1[com.zen8labs.core.api.IPlacesApi],mPlacesApi,1
/home/arch_design_predict/download-github-repos/mvvm/repos/Simple-Android-application-master/app/src/main/java/com/zen8labs/biz/viewmodel/PlacesViewModel.java,com.zen8labs.biz.viewmodel.PlacesViewModel,getCurrentPlaces/0,mPlaces,1
/home/arch_design_predict/download-github-repos/mvvm/repos/Simple-Android-application-master/app/src/main/java/com/zen8labs/biz/viewmodel/PlacesViewModel.java,com.zen8labs.biz.viewmodel.PlacesViewModel,fetchAllPlaces/0,mPlaces,2
/home/arch_design_predict/download-github-repos/mvvm/repos/Simple-Android-application-master/app/src/main/java/com/zen8labs/biz/viewmodel/PlacesViewModel.java,com.zen8labs.biz.viewmodel.PlacesViewModel,fetchAllPlaces/0,mPlacesApi,1
/home/arch_design_predict/download-github-repos/mvvm/repos/Simple-Android-application-master/app/src/main/java/com/zen8labs/biz/viewmodel/PlacesViewModel.java,com.zen8labs.biz.viewmodel.PlacesViewModel,fetchAllPlaces/0,TIME_OUT,1
/home/arch_design_predict/download-github-repos/mvvm/repos/Simple-Android-application-master/app/src/main/java/com/zen8labs/biz/viewmodel/PlacesViewModel.java,com.zen8labs.biz.viewmodel.PlacesViewModel,fetchAllPlaces/0,allPlaces,2
/home/arch_design_predict/download-github-repos/mvvm/repos/Simple-Android-application-master/app/src/main/java/com/zen8labs/biz/viewmodel/PlacesViewModel.java,com.zen8labs.biz.viewmodel.PlacesViewModel,fetchAllPlaces/0,RETRY,1
/home/arch_design_predict/download-github-repos/mvvm/repos/Simple-Android-application-master/app/src/main/java/com/zen8labs/biz/service/InfoService.java,com.zen8labs.biz.service.InfoService,"submitInfo/2[java.lang.String,java.lang.String]",mGson,1
/home/arch_design_predict/download-github-repos/mvvm/repos/Simple-Android-application-master/app/src/main/java/com/zen8labs/biz/service/InfoService.java,com.zen8labs.biz.service.InfoService,"submitInfo/2[java.lang.String,java.lang.String]",mRepository,2
/home/arch_design_predict/download-github-repos/mvvm/repos/Simple-Android-application-master/app/src/main/java/com/zen8labs/biz/service/InfoService.java,com.zen8labs.biz.service.InfoService,"InfoService/2[com.zen8labs.biz.service.Gson,com.zen8labs.core.repository.IUserRepository]",mGson,1
/home/arch_design_predict/download-github-repos/mvvm/repos/Simple-Android-application-master/app/src/main/java/com/zen8labs/biz/service/InfoService.java,com.zen8labs.biz.service.InfoService,"InfoService/2[com.zen8labs.biz.service.Gson,com.zen8labs.core.repository.IUserRepository]",mRepository,1
/home/arch_design_predict/download-github-repos/mvvm/repos/Simple-Android-application-master/app/src/main/java/com/zen8labs/biz/service/HipChatNotifyService.java,com.zen8labs.biz.service.HipChatNotifyService,"afterDefaultHandling/3[com.zen8labs.biz.service.HeapDump,com.zen8labs.biz.service.AnalysisResult,java.lang.String]",hipChatApi,1
/home/arch_design_predict/download-github-repos/mvvm/repos/Simple-Android-application-master/app/src/main/java/com/zen8labs/biz/service/HipChatNotifyService.java,com.zen8labs.biz.service.HipChatNotifyService,onCreate/0,hipChatApi,1
/home/arch_design_predict/download-github-repos/mvvm/repos/Simple-Android-application-master/app/src/main/java/com/zen8labs/mvvm/view/adapter/PlacesAdapter.java,com.zen8labs.mvvm.view.adapter.PlacesAdapter$PlaceViewHolder,getBinding/0,binding,1
/home/arch_design_predict/download-github-repos/mvvm/repos/Simple-Android-application-master/app/src/main/java/com/zen8labs/mvvm/view/adapter/PlacesAdapter.java,com.zen8labs.mvvm.view.adapter.PlacesAdapter$PlaceViewHolder,PlaceViewHolder/1[com.zen8labs.mvvm.view.adapter.View],binding,1
/home/arch_design_predict/download-github-repos/mvvm/repos/Simple-Android-application-master/app/src/main/java/com/zen8labs/biz/model/Place.java,com.zen8labs.biz.model.Place$Builder,name/1[java.lang.String],name,4
/home/arch_design_predict/download-github-repos/mvvm/repos/Simple-Android-application-master/app/src/main/java/com/zen8labs/biz/model/Place.java,com.zen8labs.biz.model.Place$Builder,build/0,types,1
/home/arch_design_predict/download-github-repos/mvvm/repos/Simple-Android-application-master/app/src/main/java/com/zen8labs/biz/model/Place.java,com.zen8labs.biz.model.Place$Builder,build/0,icon,1
/home/arch_design_predict/download-github-repos/mvvm/repos/Simple-Android-application-master/app/src/main/java/com/zen8labs/biz/model/Place.java,com.zen8labs.biz.model.Place$Builder,build/0,name,1
/home/arch_design_predict/download-github-repos/mvvm/repos/Simple-Android-application-master/app/src/main/java/com/zen8labs/biz/model/Place.java,com.zen8labs.biz.model.Place$Builder,build/0,id,1
/home/arch_design_predict/download-github-repos/mvvm/repos/Simple-Android-application-master/app/src/main/java/com/zen8labs/biz/model/Place.java,com.zen8labs.biz.model.Place$Builder,icon/1[java.lang.String],icon,4
/home/arch_design_predict/download-github-repos/mvvm/repos/Simple-Android-application-master/app/src/main/java/com/zen8labs/biz/model/Place.java,com.zen8labs.biz.model.Place$Builder,types/1[java.util.List<java.lang.String>],types,4
/home/arch_design_predict/download-github-repos/mvvm/repos/Simple-Android-application-master/app/src/androidTest/java/com/zen8labs/mvvm/view/fragment/PlacesFragmentIntegrateTest.java,com.zen8labs.mvvm.view.fragment.PlacesFragmentIntegrateTest,setUp/0,activityTestRule,2
/home/arch_design_predict/download-github-repos/mvvm/repos/Simple-Android-application-master/app/src/main/java/com/zen8labs/mvvm/view/activity/MainActivity.java,com.zen8labs.mvvm.view.activity.MainActivity,onCreate/1[com.zen8labs.mvvm.view.activity.Bundle],binding,2
/home/arch_design_predict/download-github-repos/mvvm/repos/Simple-Android-application-master/app/src/main/java/com/zen8labs/mvvm/view/adapter/PlacesAdapter.java,com.zen8labs.mvvm.view.adapter.PlacesAdapter,"onCreateViewHolder/2[com.zen8labs.mvvm.view.adapter.ViewGroup,int]",mContext,1
/home/arch_design_predict/download-github-repos/mvvm/repos/Simple-Android-application-master/app/src/main/java/com/zen8labs/mvvm/view/adapter/PlacesAdapter.java,com.zen8labs.mvvm.view.adapter.PlacesAdapter,"onBindViewHolder/2[RecyclerView.ViewHolder,int]",mPlaces,1
/home/arch_design_predict/download-github-repos/mvvm/repos/Simple-Android-application-master/app/src/main/java/com/zen8labs/mvvm/view/adapter/PlacesAdapter.java,com.zen8labs.mvvm.view.adapter.PlacesAdapter,PlacesAdapter/1[com.zen8labs.mvvm.view.adapter.Context],mPlaces,1
/home/arch_design_predict/download-github-repos/mvvm/repos/Simple-Android-application-master/app/src/main/java/com/zen8labs/mvvm/view/adapter/PlacesAdapter.java,com.zen8labs.mvvm.view.adapter.PlacesAdapter,PlacesAdapter/1[com.zen8labs.mvvm.view.adapter.Context],mContext,1
/home/arch_design_predict/download-github-repos/mvvm/repos/Simple-Android-application-master/app/src/main/java/com/zen8labs/mvvm/view/adapter/PlacesAdapter.java,com.zen8labs.mvvm.view.adapter.PlacesAdapter,setItems/1[java.util.List<com.zen8labs.biz.model.Place>],mPlaces,1
/home/arch_design_predict/download-github-repos/mvvm/repos/Simple-Android-application-master/app/src/main/java/com/zen8labs/mvvm/view/adapter/PlacesAdapter.java,com.zen8labs.mvvm.view.adapter.PlacesAdapter,getItemCount/0,mPlaces,1
/home/arch_design_predict/download-github-repos/mvvm/repos/Simple-Android-application-master/app/src/androidTest/java/com/zen8labs/mvvm/view/activity/InfoActivityInteractTest.java,com.zen8labs.mvvm.view.activity.InfoActivityInteractTest,setUp/0,activityTestRule,1
/home/arch_design_predict/download-github-repos/mvvm/repos/Simple-Android-application-master/app/src/androidTest/java/com/zen8labs/mvvm/view/activity/InfoActivityInteractTest.java,com.zen8labs.mvvm.view.activity.InfoActivityInteractTest,testImpl/0,activityTestRule,1
/home/arch_design_predict/download-github-repos/mvvm/repos/Simple-Android-application-master/app/src/main/java/com/zen8labs/mvvm/ComponentBuilder.java,com.zen8labs.mvvm.ComponentBuilder,placesComponent/0,appComponent,1
/home/arch_design_predict/download-github-repos/mvvm/repos/Simple-Android-application-master/app/src/main/java/com/zen8labs/mvvm/ComponentBuilder.java,com.zen8labs.mvvm.ComponentBuilder,ComponentBuilder/1[com.zen8labs.mvvm.dependency.component.AppComponent],appComponent,3
/home/arch_design_predict/download-github-repos/mvvm/repos/Simple-Android-application-master/app/src/main/java/com/zen8labs/mvvm/ComponentBuilder.java,com.zen8labs.mvvm.ComponentBuilder,infoComponent/0,appComponent,1
