file,class,method,variable,usage
/home/arch_design_predict/download-github-repos/mvvm/repos/MvvmpatternTest-master/app/src/main/java/com/example/mvvmpattern2/adapter/MovieAdapter.java,com.example.mvvmpattern2.adapter.MovieAdapter$MovieViewHolder,MovieViewHolder/1[com.example.mvvmpattern2.adapter.MovieItemBinding],movieItemBinding,4
/home/arch_design_predict/download-github-repos/mvvm/repos/MvvmpatternTest-master/app/src/main/java/com/example/mvvmpattern2/adapter/MovieAdapter.java,com.example.mvvmpattern2.adapter.MovieAdapter$MovieViewHolder,setMovie/1[com.example.mvvmpattern2.model.Movie],movieItemBinding,2
/home/arch_design_predict/download-github-repos/mvvm/repos/MvvmpatternTest-master/app/src/main/java/com/example/mvvmpattern2/MainActivity.java,com.example.mvvmpattern2.MainActivity,onCreate/1[com.example.mvvmpattern2.Bundle],movieViewModel,2
/home/arch_design_predict/download-github-repos/mvvm/repos/MvvmpatternTest-master/app/src/main/java/com/example/mvvmpattern2/MainActivity.java,com.example.mvvmpattern2.MainActivity,onCreate/1[com.example.mvvmpattern2.Bundle],recyclerview,3
/home/arch_design_predict/download-github-repos/mvvm/repos/MvvmpatternTest-master/app/src/main/java/com/example/mvvmpattern2/api/repository/MovieRepository.java,com.example.mvvmpattern2.api.repository.MovieRepository,getListMutableLiveData/0,listMutableLiveData,1
/home/arch_design_predict/download-github-repos/mvvm/repos/MvvmpatternTest-master/app/src/main/java/com/example/mvvmpattern2/adapter/MovieAdapter.java,com.example.mvvmpattern2.adapter.MovieAdapter,"onCreateViewHolder/2[com.example.mvvmpattern2.adapter.ViewGroup,int]",layoutInflater,3
/home/arch_design_predict/download-github-repos/mvvm/repos/MvvmpatternTest-master/app/src/main/java/com/example/mvvmpattern2/adapter/MovieAdapter.java,com.example.mvvmpattern2.adapter.MovieAdapter,"onBindViewHolder/2[com.example.mvvmpattern2.adapter.MovieAdapter.MovieViewHolder,int]",movieList,1
/home/arch_design_predict/download-github-repos/mvvm/repos/MvvmpatternTest-master/app/src/main/java/com/example/mvvmpattern2/adapter/MovieAdapter.java,com.example.mvvmpattern2.adapter.MovieAdapter,getItemCount/0,movieList,1
/home/arch_design_predict/download-github-repos/mvvm/repos/MvvmpatternTest-master/app/src/main/java/com/example/mvvmpattern2/adapter/MovieAdapter.java,com.example.mvvmpattern2.adapter.MovieAdapter,"MovieAdapter/2[java.util.List<com.example.mvvmpattern2.model.Movie>,com.example.mvvmpattern2.adapter.Context]",context,3
/home/arch_design_predict/download-github-repos/mvvm/repos/MvvmpatternTest-master/app/src/main/java/com/example/mvvmpattern2/adapter/MovieAdapter.java,com.example.mvvmpattern2.adapter.MovieAdapter,"MovieAdapter/2[java.util.List<com.example.mvvmpattern2.model.Movie>,com.example.mvvmpattern2.adapter.Context]",movieList,3
/home/arch_design_predict/download-github-repos/mvvm/repos/MvvmpatternTest-master/app/src/main/java/com/example/mvvmpattern2/adapter/MovieAdapter.java,com.example.mvvmpattern2.adapter.MovieAdapter,setOnItemClickListener/1[com.example.mvvmpattern2.adapter.MovieAdapter.OnItemClickListener],listener,3
/home/arch_design_predict/download-github-repos/mvvm/repos/MvvmpatternTest-master/app/src/main/java/com/example/mvvmpattern2/api/MyClient.java,com.example.mvvmpattern2.api.MyClient,getInstance/0,myClient,3
/home/arch_design_predict/download-github-repos/mvvm/repos/MvvmpatternTest-master/app/src/main/java/com/example/mvvmpattern2/api/MyClient.java,com.example.mvvmpattern2.api.MyClient,MyClient/0,retrofit,1
/home/arch_design_predict/download-github-repos/mvvm/repos/MvvmpatternTest-master/app/src/main/java/com/example/mvvmpattern2/api/MyClient.java,com.example.mvvmpattern2.api.MyClient,MyClient/0,BASE_URL,1
/home/arch_design_predict/download-github-repos/mvvm/repos/MvvmpatternTest-master/app/src/main/java/com/example/mvvmpattern2/api/MyClient.java,com.example.mvvmpattern2.api.MyClient,getMyApi/0,retrofit,1
/home/arch_design_predict/download-github-repos/mvvm/repos/MvvmpatternTest-master/app/src/main/java/com/example/mvvmpattern2/model/Movie.java,com.example.mvvmpattern2.model.Movie,getImage/0,image,1
/home/arch_design_predict/download-github-repos/mvvm/repos/MvvmpatternTest-master/app/src/main/java/com/example/mvvmpattern2/model/Movie.java,com.example.mvvmpattern2.model.Movie,setVote_count/1[int],vote_count,3
/home/arch_design_predict/download-github-repos/mvvm/repos/MvvmpatternTest-master/app/src/main/java/com/example/mvvmpattern2/model/Movie.java,com.example.mvvmpattern2.model.Movie,getLike_percent/0,like_percent,1
/home/arch_design_predict/download-github-repos/mvvm/repos/MvvmpatternTest-master/app/src/main/java/com/example/mvvmpattern2/model/Movie.java,com.example.mvvmpattern2.model.Movie,setImage/1[java.lang.String],image,3
/home/arch_design_predict/download-github-repos/mvvm/repos/MvvmpatternTest-master/app/src/main/java/com/example/mvvmpattern2/model/Movie.java,com.example.mvvmpattern2.model.Movie,getVote_count/0,vote_count,1
/home/arch_design_predict/download-github-repos/mvvm/repos/MvvmpatternTest-master/app/src/main/java/com/example/mvvmpattern2/model/Movie.java,com.example.mvvmpattern2.model.Movie,getTitle/0,title,1
/home/arch_design_predict/download-github-repos/mvvm/repos/MvvmpatternTest-master/app/src/main/java/com/example/mvvmpattern2/model/Movie.java,com.example.mvvmpattern2.model.Movie,setRating/1[java.lang.String],rating,3
/home/arch_design_predict/download-github-repos/mvvm/repos/MvvmpatternTest-master/app/src/main/java/com/example/mvvmpattern2/model/Movie.java,com.example.mvvmpattern2.model.Movie,setLike_percent/1[int],like_percent,3
/home/arch_design_predict/download-github-repos/mvvm/repos/MvvmpatternTest-master/app/src/main/java/com/example/mvvmpattern2/model/Movie.java,com.example.mvvmpattern2.model.Movie,getRating/0,rating,1
/home/arch_design_predict/download-github-repos/mvvm/repos/MvvmpatternTest-master/app/src/main/java/com/example/mvvmpattern2/model/Movie.java,com.example.mvvmpattern2.model.Movie,setType/1[java.lang.String],type,3
/home/arch_design_predict/download-github-repos/mvvm/repos/MvvmpatternTest-master/app/src/main/java/com/example/mvvmpattern2/model/Movie.java,com.example.mvvmpattern2.model.Movie,getId/0,id,1
/home/arch_design_predict/download-github-repos/mvvm/repos/MvvmpatternTest-master/app/src/main/java/com/example/mvvmpattern2/model/Movie.java,com.example.mvvmpattern2.model.Movie,setTitle/1[java.lang.String],title,3
/home/arch_design_predict/download-github-repos/mvvm/repos/MvvmpatternTest-master/app/src/main/java/com/example/mvvmpattern2/model/Movie.java,com.example.mvvmpattern2.model.Movie,getLanguage/0,language,1
/home/arch_design_predict/download-github-repos/mvvm/repos/MvvmpatternTest-master/app/src/main/java/com/example/mvvmpattern2/model/Movie.java,com.example.mvvmpattern2.model.Movie,getIs_new/0,is_new,1
/home/arch_design_predict/download-github-repos/mvvm/repos/MvvmpatternTest-master/app/src/main/java/com/example/mvvmpattern2/model/Movie.java,com.example.mvvmpattern2.model.Movie,setId/1[int],id,3
/home/arch_design_predict/download-github-repos/mvvm/repos/MvvmpatternTest-master/app/src/main/java/com/example/mvvmpattern2/model/Movie.java,com.example.mvvmpattern2.model.Movie,setIs_new/1[int],is_new,3
/home/arch_design_predict/download-github-repos/mvvm/repos/MvvmpatternTest-master/app/src/main/java/com/example/mvvmpattern2/model/Movie.java,com.example.mvvmpattern2.model.Movie,setLanguage/1[java.lang.String],language,3
/home/arch_design_predict/download-github-repos/mvvm/repos/MvvmpatternTest-master/app/src/main/java/com/example/mvvmpattern2/model/Movie.java,com.example.mvvmpattern2.model.Movie,getType/0,type,1
/home/arch_design_predict/download-github-repos/mvvm/repos/MvvmpatternTest-master/app/src/main/java/com/example/mvvmpattern2/viewmodel/MovieViewModel.java,com.example.mvvmpattern2.viewmodel.MovieViewModel,getAllMovies/0,movieRepository,1
/home/arch_design_predict/download-github-repos/mvvm/repos/MvvmpatternTest-master/app/src/main/java/com/example/mvvmpattern2/viewmodel/MovieViewModel.java,com.example.mvvmpattern2.viewmodel.MovieViewModel,MovieViewModel/1[com.example.mvvmpattern2.viewmodel.Application],movieRepository,1
