file,class,method,variable,usage
/home/arch_design_predict/download-github-repos/mvp/repos/mvp-architecture-master/app/src/main/java/erick/android/mvp/domain/interactor/AbstractInteractor.java,erick.android.mvp.domain.interactor.AbstractInteractor,getMainThreadExecutor/0,mainThreadExecutor,1
/home/arch_design_predict/download-github-repos/mvp/repos/mvp-architecture-master/app/src/main/java/erick/android/mvp/domain/interactor/AbstractInteractor.java,erick.android.mvp.domain.interactor.AbstractInteractor,setMainThreadExecutor/1[erick.android.mvp.domain.executor.MainThreadExecutor],mainThreadExecutor,3
/home/arch_design_predict/download-github-repos/mvp/repos/mvp-architecture-master/app/src/main/java/erick/android/mvp/domain/interactor/AbstractInteractor.java,erick.android.mvp.domain.interactor.AbstractInteractor,getInteractorExecutor/0,interactorExecutor,1
/home/arch_design_predict/download-github-repos/mvp/repos/mvp-architecture-master/app/src/main/java/erick/android/mvp/domain/interactor/AbstractInteractor.java,erick.android.mvp.domain.interactor.AbstractInteractor,setInteractorExecutor/1[erick.android.mvp.domain.executor.InteractorExecutor],interactorExecutor,3
/home/arch_design_predict/download-github-repos/mvp/repos/mvp-architecture-master/app/src/main/java/erick/android/mvp/domain/interactor/AbstractInteractor.java,erick.android.mvp.domain.interactor.AbstractInteractor,"AbstractInteractor/2[erick.android.mvp.domain.executor.InteractorExecutor,erick.android.mvp.domain.executor.MainThreadExecutor]",interactorExecutor,3
/home/arch_design_predict/download-github-repos/mvp/repos/mvp-architecture-master/app/src/main/java/erick/android/mvp/domain/interactor/AbstractInteractor.java,erick.android.mvp.domain.interactor.AbstractInteractor,"AbstractInteractor/2[erick.android.mvp.domain.executor.InteractorExecutor,erick.android.mvp.domain.executor.MainThreadExecutor]",mainThreadExecutor,3
/home/arch_design_predict/download-github-repos/mvp/repos/mvp-architecture-master/app/src/main/java/erick/android/mvp/domain/executor/MainThreadExecutorImp.java,erick.android.mvp.domain.executor.MainThreadExecutorImp,execute/1[java.lang.Runnable],handler,1
/home/arch_design_predict/download-github-repos/mvp/repos/mvp-architecture-master/app/src/main/java/erick/android/mvp/domain/executor/MainThreadExecutorImp.java,erick.android.mvp.domain.executor.MainThreadExecutorImp,MainThreadExecutorImp/0,handler,1
/home/arch_design_predict/download-github-repos/mvp/repos/mvp-architecture-master/app/src/main/java/erick/android/mvp/data/model/Picture.java,erick.android.mvp.data.model.Picture,setThumbnail/1[java.lang.String],thumbnail,3
/home/arch_design_predict/download-github-repos/mvp/repos/mvp-architecture-master/app/src/main/java/erick/android/mvp/data/model/Picture.java,erick.android.mvp.data.model.Picture,setLarge/1[java.lang.String],large,3
/home/arch_design_predict/download-github-repos/mvp/repos/mvp-architecture-master/app/src/main/java/erick/android/mvp/data/model/Picture.java,erick.android.mvp.data.model.Picture,getLarge/0,large,1
/home/arch_design_predict/download-github-repos/mvp/repos/mvp-architecture-master/app/src/main/java/erick/android/mvp/data/model/Picture.java,erick.android.mvp.data.model.Picture,getThumbnail/0,thumbnail,1
/home/arch_design_predict/download-github-repos/mvp/repos/mvp-architecture-master/app/src/main/java/erick/android/mvp/data/model/Picture.java,erick.android.mvp.data.model.Picture,getMedium/0,medium,1
/home/arch_design_predict/download-github-repos/mvp/repos/mvp-architecture-master/app/src/main/java/erick/android/mvp/data/model/Picture.java,erick.android.mvp.data.model.Picture,setMedium/1[java.lang.String],medium,3
/home/arch_design_predict/download-github-repos/mvp/repos/mvp-architecture-master/app/src/main/java/erick/android/mvp/data/model/BaseResponse.java,erick.android.mvp.data.model.BaseResponse,setResults/1[T],results,3
/home/arch_design_predict/download-github-repos/mvp/repos/mvp-architecture-master/app/src/main/java/erick/android/mvp/data/model/BaseResponse.java,erick.android.mvp.data.model.BaseResponse,getInfo/0,info,1
/home/arch_design_predict/download-github-repos/mvp/repos/mvp-architecture-master/app/src/main/java/erick/android/mvp/data/model/BaseResponse.java,erick.android.mvp.data.model.BaseResponse,setInfo/1[erick.android.mvp.data.model.Info],info,3
/home/arch_design_predict/download-github-repos/mvp/repos/mvp-architecture-master/app/src/main/java/erick/android/mvp/data/model/BaseResponse.java,erick.android.mvp.data.model.BaseResponse,getResults/0,results,1
/home/arch_design_predict/download-github-repos/mvp/repos/mvp-architecture-master/app/src/main/java/erick/android/mvp/ui/base/BaseActivity.java,erick.android.mvp.ui.base.BaseActivity,showLoading/0,mProgressDialog,1
/home/arch_design_predict/download-github-repos/mvp/repos/mvp-architecture-master/app/src/main/java/erick/android/mvp/ui/base/BaseActivity.java,erick.android.mvp.ui.base.BaseActivity,hideLoading/0,mProgressDialog,3
/home/arch_design_predict/download-github-repos/mvp/repos/mvp-architecture-master/app/src/main/java/erick/android/mvp/data/model/User.java,erick.android.mvp.data.model.User,setPicture/1[erick.android.mvp.data.model.Picture],picture,3
/home/arch_design_predict/download-github-repos/mvp/repos/mvp-architecture-master/app/src/main/java/erick/android/mvp/data/model/User.java,erick.android.mvp.data.model.User,getEmail/0,email,1
/home/arch_design_predict/download-github-repos/mvp/repos/mvp-architecture-master/app/src/main/java/erick/android/mvp/data/model/User.java,erick.android.mvp.data.model.User,setEmail/1[java.lang.String],email,3
/home/arch_design_predict/download-github-repos/mvp/repos/mvp-architecture-master/app/src/main/java/erick/android/mvp/data/model/User.java,erick.android.mvp.data.model.User,setName/1[erick.android.mvp.data.model.Name],name,3
/home/arch_design_predict/download-github-repos/mvp/repos/mvp-architecture-master/app/src/main/java/erick/android/mvp/data/model/User.java,erick.android.mvp.data.model.User,getPicture/0,picture,1
/home/arch_design_predict/download-github-repos/mvp/repos/mvp-architecture-master/app/src/main/java/erick/android/mvp/data/model/User.java,erick.android.mvp.data.model.User,getName/0,name,1
/home/arch_design_predict/download-github-repos/mvp/repos/mvp-architecture-master/app/src/main/java/erick/android/mvp/MvpArchitecture.java,erick.android.mvp.MvpArchitecture,onCreate/0,threadExecutor,1
/home/arch_design_predict/download-github-repos/mvp/repos/mvp-architecture-master/app/src/main/java/erick/android/mvp/MvpArchitecture.java,erick.android.mvp.MvpArchitecture,onCreate/0,mainThreadExecutor,1
/home/arch_design_predict/download-github-repos/mvp/repos/mvp-architecture-master/app/src/main/java/erick/android/mvp/domain/executor/ThreadExecutor.java,erick.android.mvp.domain.executor.ThreadExecutor,run/1[erick.android.mvp.domain.executor.Interactor],threadPoolExecutor,1
/home/arch_design_predict/download-github-repos/mvp/repos/mvp-architecture-master/app/src/main/java/erick/android/mvp/domain/executor/ThreadExecutor.java,erick.android.mvp.domain.executor.ThreadExecutor,ThreadExecutor/0,CORE_POOL_SIZE,1
/home/arch_design_predict/download-github-repos/mvp/repos/mvp-architecture-master/app/src/main/java/erick/android/mvp/domain/executor/ThreadExecutor.java,erick.android.mvp.domain.executor.ThreadExecutor,ThreadExecutor/0,WORK_QUEUE,1
/home/arch_design_predict/download-github-repos/mvp/repos/mvp-architecture-master/app/src/main/java/erick/android/mvp/domain/executor/ThreadExecutor.java,erick.android.mvp.domain.executor.ThreadExecutor,ThreadExecutor/0,threadPoolExecutor,1
/home/arch_design_predict/download-github-repos/mvp/repos/mvp-architecture-master/app/src/main/java/erick/android/mvp/domain/executor/ThreadExecutor.java,erick.android.mvp.domain.executor.ThreadExecutor,ThreadExecutor/0,MAX_POOL_SIZE,1
/home/arch_design_predict/download-github-repos/mvp/repos/mvp-architecture-master/app/src/main/java/erick/android/mvp/domain/executor/ThreadExecutor.java,erick.android.mvp.domain.executor.ThreadExecutor,ThreadExecutor/0,TIME_UNIT,1
/home/arch_design_predict/download-github-repos/mvp/repos/mvp-architecture-master/app/src/main/java/erick/android/mvp/domain/executor/ThreadExecutor.java,erick.android.mvp.domain.executor.ThreadExecutor,ThreadExecutor/0,KEEP_ALIVE_TIME,1
/home/arch_design_predict/download-github-repos/mvp/repos/mvp-architecture-master/app/src/main/java/erick/android/mvp/data/model/Name.java,erick.android.mvp.data.model.Name,setTitle/1[java.lang.String],title,3
/home/arch_design_predict/download-github-repos/mvp/repos/mvp-architecture-master/app/src/main/java/erick/android/mvp/data/model/Name.java,erick.android.mvp.data.model.Name,getLast/0,last,1
/home/arch_design_predict/download-github-repos/mvp/repos/mvp-architecture-master/app/src/main/java/erick/android/mvp/data/model/Name.java,erick.android.mvp.data.model.Name,setLast/1[java.lang.String],last,3
/home/arch_design_predict/download-github-repos/mvp/repos/mvp-architecture-master/app/src/main/java/erick/android/mvp/data/model/Name.java,erick.android.mvp.data.model.Name,getTitle/0,title,1
/home/arch_design_predict/download-github-repos/mvp/repos/mvp-architecture-master/app/src/main/java/erick/android/mvp/data/model/Name.java,erick.android.mvp.data.model.Name,getFirst/0,first,1
/home/arch_design_predict/download-github-repos/mvp/repos/mvp-architecture-master/app/src/main/java/erick/android/mvp/data/model/Name.java,erick.android.mvp.data.model.Name,setFirst/1[java.lang.String],first,3
/home/arch_design_predict/download-github-repos/mvp/repos/mvp-architecture-master/app/src/main/java/erick/android/mvp/ui/main/MainMvpPresenterImp.java,erick.android.mvp.ui.main.MainMvpPresenterImp,onCreate/1[erick.android.mvp.ui.main.MainMvpView],view,3
/home/arch_design_predict/download-github-repos/mvp/repos/mvp-architecture-master/app/src/main/java/erick/android/mvp/ui/main/MainMvpPresenterImp.java,erick.android.mvp.ui.main.MainMvpPresenterImp,onCreate/1[erick.android.mvp.ui.main.MainMvpView],interactor,1
/home/arch_design_predict/download-github-repos/mvp/repos/mvp-architecture-master/app/src/main/java/erick/android/mvp/ui/main/MainMvpPresenterImp.java,erick.android.mvp.ui.main.MainMvpPresenterImp,getUsers/0,view,1
/home/arch_design_predict/download-github-repos/mvp/repos/mvp-architecture-master/app/src/main/java/erick/android/mvp/ui/main/MainMvpPresenterImp.java,erick.android.mvp.ui.main.MainMvpPresenterImp,getUsers/0,interactor,1
/home/arch_design_predict/download-github-repos/mvp/repos/mvp-architecture-master/app/src/main/java/erick/android/mvp/ui/main/MainMvpPresenterImp.java,erick.android.mvp.ui.main.MainMvpPresenterImp,onDestroy/0,view,1
/home/arch_design_predict/download-github-repos/mvp/repos/mvp-architecture-master/app/src/main/java/erick/android/mvp/ui/main/MainActivity.java,erick.android.mvp.ui.main.MainActivity,getUserList/0,presenter,1
/home/arch_design_predict/download-github-repos/mvp/repos/mvp-architecture-master/app/src/main/java/erick/android/mvp/ui/main/MainActivity.java,erick.android.mvp.ui.main.MainActivity,onDestroy/0,presenter,1
/home/arch_design_predict/download-github-repos/mvp/repos/mvp-architecture-master/app/src/main/java/erick/android/mvp/ui/main/MainActivity.java,erick.android.mvp.ui.main.MainActivity,setUp/0,presenter,2
/home/arch_design_predict/download-github-repos/mvp/repos/mvp-architecture-master/app/src/main/java/erick/android/mvp/ui/main/MainActivity.java,erick.android.mvp.ui.main.MainActivity,updateUserList/1[java.util.List<erick.android.mvp.data.model.User>],mMainMvpAdapter,1
/home/arch_design_predict/download-github-repos/mvp/repos/mvp-architecture-master/app/src/main/java/erick/android/mvp/ui/main/MainActivity.java,erick.android.mvp.ui.main.MainActivity,setUpRecyclerView/0,recyclerView,3
/home/arch_design_predict/download-github-repos/mvp/repos/mvp-architecture-master/app/src/main/java/erick/android/mvp/ui/main/MainActivity.java,erick.android.mvp.ui.main.MainActivity,setUpRecyclerView/0,mMainMvpAdapter,2
/home/arch_design_predict/download-github-repos/mvp/repos/mvp-architecture-master/app/src/main/java/erick/android/mvp/data/model/Info.java,erick.android.mvp.data.model.Info,getVersion/0,version,1
/home/arch_design_predict/download-github-repos/mvp/repos/mvp-architecture-master/app/src/main/java/erick/android/mvp/data/model/Info.java,erick.android.mvp.data.model.Info,getResults/0,results,1
/home/arch_design_predict/download-github-repos/mvp/repos/mvp-architecture-master/app/src/main/java/erick/android/mvp/data/model/Info.java,erick.android.mvp.data.model.Info,setVersion/1[java.lang.String],version,3
/home/arch_design_predict/download-github-repos/mvp/repos/mvp-architecture-master/app/src/main/java/erick/android/mvp/data/model/Info.java,erick.android.mvp.data.model.Info,setResults/1[int],results,3
/home/arch_design_predict/download-github-repos/mvp/repos/mvp-architecture-master/app/src/main/java/erick/android/mvp/data/model/Info.java,erick.android.mvp.data.model.Info,setPage/1[int],page,3
/home/arch_design_predict/download-github-repos/mvp/repos/mvp-architecture-master/app/src/main/java/erick/android/mvp/data/model/Info.java,erick.android.mvp.data.model.Info,getPage/0,page,1
/home/arch_design_predict/download-github-repos/mvp/repos/mvp-architecture-master/app/src/main/java/erick/android/mvp/data/model/Info.java,erick.android.mvp.data.model.Info,getSeed/0,seed,1
/home/arch_design_predict/download-github-repos/mvp/repos/mvp-architecture-master/app/src/main/java/erick/android/mvp/data/model/Info.java,erick.android.mvp.data.model.Info,setSeed/1[java.lang.String],seed,3
/home/arch_design_predict/download-github-repos/mvp/repos/mvp-architecture-master/app/src/main/java/erick/android/mvp/data/retrofit/ApiClientRetrofit.java,erick.android.mvp.data.retrofit.ApiClientRetrofit,getApiClient/0,servicesApiInterface,3
/home/arch_design_predict/download-github-repos/mvp/repos/mvp-architecture-master/app/src/main/java/erick/android/mvp/data/retrofit/ApiClientRetrofit.java,erick.android.mvp.data.retrofit.ApiClientRetrofit,getApiClient/0,BASE_SERVICE_URL,1
/home/arch_design_predict/download-github-repos/mvp/repos/mvp-architecture-master/app/src/main/java/erick/android/mvp/domain/interactor/implement/GetUsersInteractorImplement.java,erick.android.mvp.domain.interactor.implement.GetUsersInteractorImplement,execute/1[erick.android.mvp.domain.interactor.GetUsersInteractor.Callback],callback,3
/home/arch_design_predict/download-github-repos/mvp/repos/mvp-architecture-master/app/src/main/java/erick/android/mvp/domain/interactor/implement/GetUsersInteractorImplement.java,erick.android.mvp.domain.interactor.implement.GetUsersInteractorImplement,run/0,restGetUsers,1
/home/arch_design_predict/download-github-repos/mvp/repos/mvp-architecture-master/app/src/main/java/erick/android/mvp/domain/interactor/implement/GetUsersInteractorImplement.java,erick.android.mvp.domain.interactor.implement.GetUsersInteractorImplement,"GetUsersInteractorImplement/2[erick.android.mvp.domain.executor.InteractorExecutor,erick.android.mvp.domain.executor.MainThreadExecutor]",restGetUsers,1
/home/arch_design_predict/download-github-repos/mvp/repos/mvp-architecture-master/app/src/main/java/erick/android/mvp/ui/main/MainMvpAdapter.java,erick.android.mvp.ui.main.MainMvpAdapter,"onBindViewHolder/2[erick.android.mvp.ui.main.MainMvpAdapter.ViewHolder,int]",context,1
/home/arch_design_predict/download-github-repos/mvp/repos/mvp-architecture-master/app/src/main/java/erick/android/mvp/ui/main/MainMvpAdapter.java,erick.android.mvp.ui.main.MainMvpAdapter,"onBindViewHolder/2[erick.android.mvp.ui.main.MainMvpAdapter.ViewHolder,int]",users,1
/home/arch_design_predict/download-github-repos/mvp/repos/mvp-architecture-master/app/src/main/java/erick/android/mvp/ui/main/MainMvpAdapter.java,erick.android.mvp.ui.main.MainMvpAdapter,addItems/1[java.util.List<erick.android.mvp.data.model.User>],users,2
/home/arch_design_predict/download-github-repos/mvp/repos/mvp-architecture-master/app/src/main/java/erick/android/mvp/ui/main/MainMvpAdapter.java,erick.android.mvp.ui.main.MainMvpAdapter,MainMvpAdapter/1[erick.android.mvp.ui.main.Context],context,3
/home/arch_design_predict/download-github-repos/mvp/repos/mvp-architecture-master/app/src/main/java/erick/android/mvp/ui/main/MainMvpAdapter.java,erick.android.mvp.ui.main.MainMvpAdapter,MainMvpAdapter/1[erick.android.mvp.ui.main.Context],users,1
/home/arch_design_predict/download-github-repos/mvp/repos/mvp-architecture-master/app/src/main/java/erick/android/mvp/ui/main/MainMvpAdapter.java,erick.android.mvp.ui.main.MainMvpAdapter,getItemCount/0,users,1
