file,class,method,constructor,line,cbo,cboModified,fanin,fanout,wmc,rfc,loc,returnsQty,variablesQty,parametersQty,methodsInvokedQty,methodsInvokedLocalQty,methodsInvokedIndirectLocalQty,loopQty,comparisonsQty,tryCatchQty,parenthesizedExpsQty,stringLiteralsQty,numbersQty,assignmentsQty,mathOperationsQty,maxNestedBlocksQty,anonymousClassesQty,innerClassesQty,lambdasQty,uniqueWordsQty,modifiers,logStatementsQty,hasJavaDoc
/home/arch_design_predict/download-github-repos/mvp/repos/mvp-architecture-master/app/src/main/java/erick/android/mvp/domain/interactor/AbstractInteractor.java,erick.android.mvp.domain.interactor.AbstractInteractor,getMainThreadExecutor/0,false,28,1,1,1,0,1,0,3,1,0,0,0,0,0,0,0,0,0,0,0,0,0,0,0,0,0,5,1,0,false
/home/arch_design_predict/download-github-repos/mvp/repos/mvp-architecture-master/app/src/main/java/erick/android/mvp/domain/interactor/AbstractInteractor.java,erick.android.mvp.domain.interactor.AbstractInteractor,setMainThreadExecutor/1[erick.android.mvp.domain.executor.MainThreadExecutor],false,32,1,0,0,0,1,0,3,0,0,1,0,0,0,0,0,0,0,0,0,1,0,0,0,0,0,5,1,0,false
/home/arch_design_predict/download-github-repos/mvp/repos/mvp-architecture-master/app/src/main/java/erick/android/mvp/domain/interactor/AbstractInteractor.java,erick.android.mvp.domain.interactor.AbstractInteractor,getInteractorExecutor/0,false,20,1,1,1,0,1,0,3,1,0,0,0,0,0,0,0,0,0,0,0,0,0,0,0,0,0,4,1,0,false
/home/arch_design_predict/download-github-repos/mvp/repos/mvp-architecture-master/app/src/main/java/erick/android/mvp/domain/interactor/AbstractInteractor.java,erick.android.mvp.domain.interactor.AbstractInteractor,setInteractorExecutor/1[erick.android.mvp.domain.executor.InteractorExecutor],false,24,1,0,0,0,1,0,3,0,0,1,0,0,0,0,0,0,0,0,0,1,0,0,0,0,0,4,1,0,false
/home/arch_design_predict/download-github-repos/mvp/repos/mvp-architecture-master/app/src/main/java/erick/android/mvp/domain/interactor/AbstractInteractor.java,erick.android.mvp.domain.interactor.AbstractInteractor,"AbstractInteractor/2[erick.android.mvp.domain.executor.InteractorExecutor,erick.android.mvp.domain.executor.MainThreadExecutor]",true,15,2,0,0,0,1,0,4,0,0,2,0,0,0,0,0,0,0,0,0,2,0,0,0,0,0,6,1,0,false
/home/arch_design_predict/download-github-repos/mvp/repos/mvp-architecture-master/app/src/main/java/erick/android/mvp/domain/executor/MainThreadExecutorImp.java,erick.android.mvp.domain.executor.MainThreadExecutorImp,execute/1[java.lang.Runnable],false,18,0,0,0,0,1,1,3,0,0,1,1,0,0,0,0,0,0,0,0,0,0,0,0,0,0,3,1,0,false
/home/arch_design_predict/download-github-repos/mvp/repos/mvp-architecture-master/app/src/main/java/erick/android/mvp/domain/executor/MainThreadExecutorImp.java,erick.android.mvp.domain.executor.MainThreadExecutorImp,MainThreadExecutorImp/0,true,13,1,1,1,0,1,1,3,0,0,0,1,0,0,0,0,0,0,0,0,1,0,0,0,0,0,5,1,0,false
/home/arch_design_predict/download-github-repos/mvp/repos/mvp-architecture-master/app/src/main/java/erick/android/mvp/data/model/Picture.java,erick.android.mvp.data.model.Picture,setThumbnail/1[java.lang.String],false,37,0,0,0,0,1,0,3,0,0,1,0,0,0,0,0,0,0,0,0,1,0,0,0,0,0,3,1,0,false
/home/arch_design_predict/download-github-repos/mvp/repos/mvp-architecture-master/app/src/main/java/erick/android/mvp/data/model/Picture.java,erick.android.mvp.data.model.Picture,setLarge/1[java.lang.String],false,21,0,0,0,0,1,0,3,0,0,1,0,0,0,0,0,0,0,0,0,1,0,0,0,0,0,3,1,0,false
/home/arch_design_predict/download-github-repos/mvp/repos/mvp-architecture-master/app/src/main/java/erick/android/mvp/data/model/Picture.java,erick.android.mvp.data.model.Picture,getLarge/0,false,17,0,0,0,0,1,0,3,1,0,0,0,0,0,0,0,0,0,0,0,0,0,0,0,0,0,3,1,0,false
/home/arch_design_predict/download-github-repos/mvp/repos/mvp-architecture-master/app/src/main/java/erick/android/mvp/data/model/Picture.java,erick.android.mvp.data.model.Picture,getThumbnail/0,false,33,0,1,1,0,1,0,3,1,0,0,0,0,0,0,0,0,0,0,0,0,0,0,0,0,0,3,1,0,false
/home/arch_design_predict/download-github-repos/mvp/repos/mvp-architecture-master/app/src/main/java/erick/android/mvp/data/model/Picture.java,erick.android.mvp.data.model.Picture,getMedium/0,false,25,0,0,0,0,1,0,3,1,0,0,0,0,0,0,0,0,0,0,0,0,0,0,0,0,0,3,1,0,false
/home/arch_design_predict/download-github-repos/mvp/repos/mvp-architecture-master/app/src/main/java/erick/android/mvp/data/model/Picture.java,erick.android.mvp.data.model.Picture,setMedium/1[java.lang.String],false,29,0,0,0,0,1,0,3,0,0,1,0,0,0,0,0,0,0,0,0,1,0,0,0,0,0,3,1,0,false
/home/arch_design_predict/download-github-repos/mvp/repos/mvp-architecture-master/app/src/main/java/erick/android/mvp/ui/main/MainMvpView.java,erick.android.mvp.ui.main.MainMvpView,updateUserList/1[java.util.List<erick.android.mvp.data.model.User>],false,14,1,1,1,0,1,0,1,0,0,1,0,0,0,0,0,0,0,0,0,0,0,0,0,0,0,4,0,0,false
/home/arch_design_predict/download-github-repos/mvp/repos/mvp-architecture-master/app/src/main/java/erick/android/mvp/ui/main/MainMvpView.java,erick.android.mvp.ui.main.MainMvpView,getUserList/0,false,13,0,0,0,0,1,0,1,0,0,0,0,0,0,0,0,0,0,0,0,0,0,0,0,0,0,3,0,0,false
/home/arch_design_predict/download-github-repos/mvp/repos/mvp-architecture-master/app/src/main/java/erick/android/mvp/ui/base/BasePresenter.java,erick.android.mvp.ui.base.BasePresenter,onCreate/1[T],false,8,1,0,0,0,1,0,1,0,0,1,0,0,0,0,0,0,0,0,0,0,0,0,0,0,0,4,0,0,false
/home/arch_design_predict/download-github-repos/mvp/repos/mvp-architecture-master/app/src/main/java/erick/android/mvp/ui/base/BasePresenter.java,erick.android.mvp.ui.base.BasePresenter,onDestroy/0,false,10,0,0,0,0,1,0,1,0,0,0,0,0,0,0,0,0,0,0,0,0,0,0,0,0,0,2,0,0,false
/home/arch_design_predict/download-github-repos/mvp/repos/mvp-architecture-master/app/src/main/java/erick/android/mvp/domain/executor/InteractorExecutor.java,erick.android.mvp.domain.executor.InteractorExecutor,run/1[erick.android.mvp.domain.executor.Interactor],false,8,1,1,1,0,1,0,1,0,0,1,0,0,0,0,0,0,0,0,0,0,0,0,0,0,0,3,0,0,false
/home/arch_design_predict/download-github-repos/mvp/repos/mvp-architecture-master/app/src/main/java/erick/android/mvp/domain/interactor/implement/GetUsersInteractorImplement.java,erick.android.mvp.domain.interactor.implement.GetUsersInteractorImplement$Anonymous2,run/0,false,47,1,2,0,2,1,2,3,0,0,0,2,0,0,0,0,0,0,0,0,0,0,0,0,0,0,1,1,0,false
/home/arch_design_predict/download-github-repos/mvp/repos/mvp-architecture-master/app/src/main/java/erick/android/mvp/domain/interactor/implement/GetUsersInteractorImplement.java,erick.android.mvp.domain.interactor.implement.GetUsersInteractorImplement$Anonymous1,run/0,false,39,1,2,0,2,1,1,3,0,0,0,1,0,0,0,0,0,0,0,0,0,0,0,0,0,0,2,1,0,false
/home/arch_design_predict/download-github-repos/mvp/repos/mvp-architecture-master/app/src/main/java/erick/android/mvp/data/model/BaseResponse.java,erick.android.mvp.data.model.BaseResponse,setResults/1[T],false,19,1,0,0,0,1,0,3,0,0,1,0,0,0,0,0,0,0,0,0,1,0,0,0,0,0,4,1,0,false
/home/arch_design_predict/download-github-repos/mvp/repos/mvp-architecture-master/app/src/main/java/erick/android/mvp/data/model/BaseResponse.java,erick.android.mvp.data.model.BaseResponse,getInfo/0,false,23,1,0,0,0,1,0,3,1,0,0,0,0,0,0,0,0,0,0,0,0,0,0,0,0,0,3,1,0,false
/home/arch_design_predict/download-github-repos/mvp/repos/mvp-architecture-master/app/src/main/java/erick/android/mvp/data/model/BaseResponse.java,erick.android.mvp.data.model.BaseResponse,setInfo/1[erick.android.mvp.data.model.Info],false,27,1,0,0,0,1,0,3,0,0,1,0,0,0,0,0,0,0,0,0,1,0,0,0,0,0,3,1,0,false
/home/arch_design_predict/download-github-repos/mvp/repos/mvp-architecture-master/app/src/main/java/erick/android/mvp/data/model/BaseResponse.java,erick.android.mvp.data.model.BaseResponse,getResults/0,false,15,1,0,0,0,1,0,3,1,0,0,0,0,0,0,0,0,0,0,0,0,0,0,0,0,0,4,1,0,false
/home/arch_design_predict/download-github-repos/mvp/repos/mvp-architecture-master/app/src/main/java/erick/android/mvp/ui/main/MainMvpAdapter.java,erick.android.mvp.ui.main.MainMvpAdapter$Anonymous1,onClick/1[erick.android.mvp.ui.main.View],false,61,1,0,0,0,1,0,2,0,0,1,0,0,0,0,0,0,0,0,0,0,0,0,0,0,0,4,1,0,false
/home/arch_design_predict/download-github-repos/mvp/repos/mvp-architecture-master/app/src/main/java/erick/android/mvp/ui/base/BaseActivity.java,erick.android.mvp.ui.base.BaseActivity,showMessage/1[java.lang.String],false,44,0,1,1,0,2,3,8,0,0,1,3,0,0,0,1,0,0,0,0,0,0,1,0,0,0,4,1,0,false
/home/arch_design_predict/download-github-repos/mvp/repos/mvp-architecture-master/app/src/main/java/erick/android/mvp/ui/base/BaseActivity.java,erick.android.mvp.ui.base.BaseActivity,showSnackBar/1[java.lang.String],false,72,3,1,1,0,1,6,7,0,3,1,6,0,0,0,0,0,0,0,0,3,0,0,0,0,0,13,2,0,false
/home/arch_design_predict/download-github-repos/mvp/repos/mvp-architecture-master/app/src/main/java/erick/android/mvp/ui/base/BaseActivity.java,erick.android.mvp.ui.base.BaseActivity,onError/1[java.lang.String],false,58,1,2,1,1,2,2,8,0,0,1,2,1,1,0,1,0,0,0,0,0,0,1,0,0,0,9,1,0,false
/home/arch_design_predict/download-github-repos/mvp/repos/mvp-architecture-master/app/src/main/java/erick/android/mvp/ui/base/BaseActivity.java,erick.android.mvp.ui.base.BaseActivity,onError/1[int],false,67,2,1,0,1,1,2,3,0,0,1,2,1,2,0,0,0,0,0,0,0,0,0,0,0,0,6,1,0,false
/home/arch_design_predict/download-github-repos/mvp/repos/mvp-architecture-master/app/src/main/java/erick/android/mvp/ui/base/BaseActivity.java,erick.android.mvp.ui.base.BaseActivity,showMessage/1[int],false,53,2,1,0,1,1,2,3,0,0,1,2,1,1,0,0,0,0,0,0,0,0,0,0,0,0,6,1,0,false
/home/arch_design_predict/download-github-repos/mvp/repos/mvp-architecture-master/app/src/main/java/erick/android/mvp/ui/base/BaseActivity.java,erick.android.mvp.ui.base.BaseActivity,setUp/0,false,82,0,0,0,0,1,0,1,0,0,0,0,0,0,0,0,0,0,0,0,0,0,0,0,0,0,2,1028,0,false
/home/arch_design_predict/download-github-repos/mvp/repos/mvp-architecture-master/app/src/main/java/erick/android/mvp/ui/base/BaseActivity.java,erick.android.mvp.ui.base.BaseActivity,onCreate/1[erick.android.mvp.ui.base.Bundle],false,26,2,0,0,0,1,1,3,0,0,1,1,0,0,0,0,0,0,0,0,0,0,0,0,0,0,6,4,0,false
/home/arch_design_predict/download-github-repos/mvp/repos/mvp-architecture-master/app/src/main/java/erick/android/mvp/ui/base/BaseActivity.java,erick.android.mvp.ui.base.BaseActivity,showLoading/0,false,31,2,2,0,2,1,2,4,0,0,0,2,1,1,0,0,0,0,0,0,1,0,0,0,0,0,6,1,0,false
/home/arch_design_predict/download-github-repos/mvp/repos/mvp-architecture-master/app/src/main/java/erick/android/mvp/ui/base/BaseActivity.java,erick.android.mvp.ui.base.BaseActivity,hideLoading/0,false,37,0,1,1,0,3,2,5,0,0,0,2,0,0,0,1,0,0,0,0,0,0,1,0,0,0,6,1,0,false
/home/arch_design_predict/download-github-repos/mvp/repos/mvp-architecture-master/app/src/main/java/erick/android/mvp/data/rest/RestGetUsers.java,erick.android.mvp.data.rest.RestGetUsers,getUsers/0,false,13,1,1,1,0,1,0,1,0,0,0,0,0,0,0,0,0,0,0,0,0,0,0,0,0,0,4,0,0,false
/home/arch_design_predict/download-github-repos/mvp/repos/mvp-architecture-master/app/src/main/java/erick/android/mvp/data/model/User.java,erick.android.mvp.data.model.User,setPicture/1[erick.android.mvp.data.model.Picture],false,37,1,0,0,0,1,0,3,0,0,1,0,0,0,0,0,0,0,0,0,1,0,0,0,0,0,3,1,0,false
/home/arch_design_predict/download-github-repos/mvp/repos/mvp-architecture-master/app/src/main/java/erick/android/mvp/data/model/User.java,erick.android.mvp.data.model.User,getEmail/0,false,25,0,1,1,0,1,0,3,1,0,0,0,0,0,0,0,0,0,0,0,0,0,0,0,0,0,3,1,0,false
/home/arch_design_predict/download-github-repos/mvp/repos/mvp-architecture-master/app/src/main/java/erick/android/mvp/data/model/User.java,erick.android.mvp.data.model.User,setEmail/1[java.lang.String],false,29,0,0,0,0,1,0,3,0,0,1,0,0,0,0,0,0,0,0,0,1,0,0,0,0,0,3,1,0,false
/home/arch_design_predict/download-github-repos/mvp/repos/mvp-architecture-master/app/src/main/java/erick/android/mvp/data/model/User.java,erick.android.mvp.data.model.User,setName/1[erick.android.mvp.data.model.Name],false,21,1,0,0,0,1,0,3,0,0,1,0,0,0,0,0,0,0,0,0,1,0,0,0,0,0,3,1,0,false
/home/arch_design_predict/download-github-repos/mvp/repos/mvp-architecture-master/app/src/main/java/erick/android/mvp/data/model/User.java,erick.android.mvp.data.model.User,getPicture/0,false,33,1,1,1,0,1,0,3,1,0,0,0,0,0,0,0,0,0,0,0,0,0,0,0,0,0,3,1,0,false
/home/arch_design_predict/download-github-repos/mvp/repos/mvp-architecture-master/app/src/main/java/erick/android/mvp/data/model/User.java,erick.android.mvp.data.model.User,getName/0,false,17,1,1,1,0,1,0,3,1,0,0,0,0,0,0,0,0,0,0,0,0,0,0,0,0,0,3,1,0,false
/home/arch_design_predict/download-github-repos/mvp/repos/mvp-architecture-master/app/src/main/java/erick/android/mvp/MvpArchitecture.java,erick.android.mvp.MvpArchitecture,onCreate/0,false,20,2,2,0,2,1,1,5,0,0,0,1,0,0,0,0,0,0,0,0,2,0,0,0,0,0,8,1,0,false
/home/arch_design_predict/download-github-repos/mvp/repos/mvp-architecture-master/app/src/main/java/erick/android/mvp/domain/executor/ThreadExecutor.java,erick.android.mvp.domain.executor.ThreadExecutor,run/1[erick.android.mvp.domain.executor.Interactor],false,26,1,0,0,0,2,1,5,0,0,1,1,0,0,0,1,0,0,0,0,0,0,1,0,0,0,4,1,0,false
/home/arch_design_predict/download-github-repos/mvp/repos/mvp-architecture-master/app/src/main/java/erick/android/mvp/domain/executor/ThreadExecutor.java,erick.android.mvp.domain.executor.ThreadExecutor,ThreadExecutor/0,true,21,0,1,1,0,1,0,3,0,0,0,0,0,0,0,0,0,0,0,0,1,0,0,0,0,0,4,1,0,false
/home/arch_design_predict/download-github-repos/mvp/repos/mvp-architecture-master/app/src/main/java/erick/android/mvp/data/model/Name.java,erick.android.mvp.data.model.Name,setTitle/1[java.lang.String],false,21,0,0,0,0,1,0,3,0,0,1,0,0,0,0,0,0,0,0,0,1,0,0,0,0,0,3,1,0,false
/home/arch_design_predict/download-github-repos/mvp/repos/mvp-architecture-master/app/src/main/java/erick/android/mvp/data/model/Name.java,erick.android.mvp.data.model.Name,getLast/0,false,33,0,0,0,0,1,0,3,1,0,0,0,0,0,0,0,0,0,0,0,0,0,0,0,0,0,3,1,0,false
/home/arch_design_predict/download-github-repos/mvp/repos/mvp-architecture-master/app/src/main/java/erick/android/mvp/data/model/Name.java,erick.android.mvp.data.model.Name,setLast/1[java.lang.String],false,37,0,0,0,0,1,0,3,0,0,1,0,0,0,0,0,0,0,0,0,1,0,0,0,0,0,3,1,0,false
/home/arch_design_predict/download-github-repos/mvp/repos/mvp-architecture-master/app/src/main/java/erick/android/mvp/data/model/Name.java,erick.android.mvp.data.model.Name,getTitle/0,false,17,0,0,0,0,1,0,3,1,0,0,0,0,0,0,0,0,0,0,0,0,0,0,0,0,0,3,1,0,false
/home/arch_design_predict/download-github-repos/mvp/repos/mvp-architecture-master/app/src/main/java/erick/android/mvp/data/model/Name.java,erick.android.mvp.data.model.Name,getFirst/0,false,25,0,1,1,0,1,0,3,1,0,0,0,0,0,0,0,0,0,0,0,0,0,0,0,0,0,3,1,0,false
/home/arch_design_predict/download-github-repos/mvp/repos/mvp-architecture-master/app/src/main/java/erick/android/mvp/data/model/Name.java,erick.android.mvp.data.model.Name,setFirst/1[java.lang.String],false,29,0,0,0,0,1,0,3,0,0,1,0,0,0,0,0,0,0,0,0,1,0,0,0,0,0,3,1,0,false
/home/arch_design_predict/download-github-repos/mvp/repos/mvp-architecture-master/app/src/main/java/erick/android/mvp/ui/main/MainMvpPresenterImp.java,erick.android.mvp.ui.main.MainMvpPresenterImp,onCreate/1[erick.android.mvp.ui.main.MainMvpView],false,19,2,1,0,1,1,0,4,0,0,1,0,0,0,0,0,0,0,0,0,2,0,0,0,0,0,11,1,0,false
/home/arch_design_predict/download-github-repos/mvp/repos/mvp-architecture-master/app/src/main/java/erick/android/mvp/ui/main/MainMvpPresenterImp.java,erick.android.mvp.ui.main.MainMvpPresenterImp,getUsers/0,false,30,3,3,0,3,1,2,14,0,0,0,2,0,0,0,0,0,0,0,0,0,0,0,1,0,0,8,1,0,false
/home/arch_design_predict/download-github-repos/mvp/repos/mvp-architecture-master/app/src/main/java/erick/android/mvp/ui/main/MainMvpPresenterImp.java,erick.android.mvp.ui.main.MainMvpPresenterImp,onDestroy/0,false,25,0,0,0,0,1,0,3,0,0,0,0,0,0,0,0,0,0,0,0,1,0,0,0,0,0,3,1,0,false
/home/arch_design_predict/download-github-repos/mvp/repos/mvp-architecture-master/app/src/androidTest/java/erick/android/mvp/ExampleInstrumentedTest.java,erick.android.mvp.ExampleInstrumentedTest,useAppContext/0,false,20,2,0,0,0,1,3,4,0,1,0,3,0,0,0,0,0,0,1,0,1,0,0,0,0,0,7,1,0,false
/home/arch_design_predict/download-github-repos/mvp/repos/mvp-architecture-master/app/src/main/java/erick/android/mvp/ui/main/MainActivity.java,erick.android.mvp.ui.main.MainActivity,getUserList/0,false,52,1,2,1,1,1,1,3,0,0,0,1,0,0,0,0,0,0,0,0,0,0,0,0,0,0,3,1,0,false
/home/arch_design_predict/download-github-repos/mvp/repos/mvp-architecture-master/app/src/main/java/erick/android/mvp/ui/main/MainActivity.java,erick.android.mvp.ui.main.MainActivity,onDestroy/0,false,32,1,1,0,1,1,2,4,0,0,0,2,0,0,0,0,0,0,0,0,0,0,0,0,0,0,2,4,0,false
/home/arch_design_predict/download-github-repos/mvp/repos/mvp-architecture-master/app/src/main/java/erick/android/mvp/ui/main/MainActivity.java,erick.android.mvp.ui.main.MainActivity,onCreate/1[erick.android.mvp.ui.main.Bundle],false,23,2,2,0,2,1,5,7,0,0,1,5,2,2,0,0,0,0,0,0,0,0,0,0,0,0,13,4,0,false
/home/arch_design_predict/download-github-repos/mvp/repos/mvp-architecture-master/app/src/main/java/erick/android/mvp/ui/main/MainActivity.java,erick.android.mvp.ui.main.MainActivity,setUp/0,false,38,3,4,1,3,1,2,5,0,0,0,2,1,1,0,0,0,0,0,0,1,0,0,0,0,0,9,4,0,false
/home/arch_design_predict/download-github-repos/mvp/repos/mvp-architecture-master/app/src/main/java/erick/android/mvp/ui/main/MainActivity.java,erick.android.mvp.ui.main.MainActivity,updateUserList/1[java.util.List<erick.android.mvp.data.model.User>],false,57,2,1,0,1,1,1,3,0,0,1,1,0,0,0,0,0,0,0,0,0,0,0,0,0,0,4,1,0,false
/home/arch_design_predict/download-github-repos/mvp/repos/mvp-architecture-master/app/src/main/java/erick/android/mvp/ui/main/MainActivity.java,erick.android.mvp.ui.main.MainActivity,setUpRecyclerView/0,false,44,2,2,1,1,1,4,6,0,0,0,4,0,0,0,0,0,0,0,0,1,0,0,0,0,0,15,2,0,false
/home/arch_design_predict/download-github-repos/mvp/repos/mvp-architecture-master/app/src/main/java/erick/android/mvp/data/exception/GetUsersException.java,erick.android.mvp.data.exception.GetUsersException,GetUsersException/1[java.lang.String],true,8,0,1,1,0,1,0,3,0,0,1,0,0,0,0,0,0,0,0,0,0,0,0,0,0,0,4,1,0,false
/home/arch_design_predict/download-github-repos/mvp/repos/mvp-architecture-master/app/src/main/java/erick/android/mvp/ui/main/MainMvpAdapter.java,erick.android.mvp.ui.main.MainMvpAdapter$ViewHolder,ViewHolder/1[erick.android.mvp.ui.main.View],true,87,1,1,1,0,1,1,4,0,0,1,1,0,0,0,0,0,0,0,0,0,0,0,0,0,0,3,1,0,false
/home/arch_design_predict/download-github-repos/mvp/repos/mvp-architecture-master/app/src/main/java/erick/android/mvp/data/retrofit/ApiClientRetrofit.java,erick.android.mvp.data.retrofit.ApiClientRetrofit$Anonymous1,intercept/1[erick.android.mvp.data.retrofit.Chain],false,31,3,0,0,0,1,7,6,1,2,1,7,0,0,0,0,0,0,2,0,3,0,0,0,0,0,11,1,0,false
/home/arch_design_predict/download-github-repos/mvp/repos/mvp-architecture-master/app/src/main/java/erick/android/mvp/data/model/Info.java,erick.android.mvp.data.model.Info,getVersion/0,false,43,0,0,0,0,1,0,3,1,0,0,0,0,0,0,0,0,0,0,0,0,0,0,0,0,0,3,1,0,false
/home/arch_design_predict/download-github-repos/mvp/repos/mvp-architecture-master/app/src/main/java/erick/android/mvp/data/model/Info.java,erick.android.mvp.data.model.Info,getResults/0,false,27,0,0,0,0,1,0,3,1,0,0,0,0,0,0,0,0,0,0,0,0,0,0,0,0,0,3,1,0,false
/home/arch_design_predict/download-github-repos/mvp/repos/mvp-architecture-master/app/src/main/java/erick/android/mvp/data/model/Info.java,erick.android.mvp.data.model.Info,setVersion/1[java.lang.String],false,47,0,0,0,0,1,0,3,0,0,1,0,0,0,0,0,0,0,0,0,1,0,0,0,0,0,3,1,0,false
/home/arch_design_predict/download-github-repos/mvp/repos/mvp-architecture-master/app/src/main/java/erick/android/mvp/data/model/Info.java,erick.android.mvp.data.model.Info,setResults/1[int],false,31,0,0,0,0,1,0,3,0,0,1,0,0,0,0,0,0,0,0,0,1,0,0,0,0,0,3,1,0,false
/home/arch_design_predict/download-github-repos/mvp/repos/mvp-architecture-master/app/src/main/java/erick/android/mvp/data/model/Info.java,erick.android.mvp.data.model.Info,setPage/1[int],false,39,0,0,0,0,1,0,3,0,0,1,0,0,0,0,0,0,0,0,0,1,0,0,0,0,0,3,1,0,false
/home/arch_design_predict/download-github-repos/mvp/repos/mvp-architecture-master/app/src/main/java/erick/android/mvp/data/model/Info.java,erick.android.mvp.data.model.Info,getPage/0,false,35,0,0,0,0,1,0,3,1,0,0,0,0,0,0,0,0,0,0,0,0,0,0,0,0,0,3,1,0,false
/home/arch_design_predict/download-github-repos/mvp/repos/mvp-architecture-master/app/src/main/java/erick/android/mvp/data/model/Info.java,erick.android.mvp.data.model.Info,getSeed/0,false,19,0,0,0,0,1,0,3,1,0,0,0,0,0,0,0,0,0,0,0,0,0,0,0,0,0,3,1,0,false
/home/arch_design_predict/download-github-repos/mvp/repos/mvp-architecture-master/app/src/main/java/erick/android/mvp/data/model/Info.java,erick.android.mvp.data.model.Info,setSeed/1[java.lang.String],false,23,0,0,0,0,1,0,3,0,0,1,0,0,0,0,0,0,0,0,0,1,0,0,0,0,0,3,1,0,false
/home/arch_design_predict/download-github-repos/mvp/repos/mvp-architecture-master/app/src/main/java/erick/android/mvp/domain/interactor/GetUsersInteractor.java,erick.android.mvp.domain.interactor.GetUsersInteractor,execute/1[erick.android.mvp.domain.interactor.GetUsersInteractor.Callback],false,12,1,1,1,0,1,0,1,0,0,1,0,0,0,0,0,0,0,0,0,0,0,0,0,0,0,3,0,0,false
/home/arch_design_predict/download-github-repos/mvp/repos/mvp-architecture-master/app/src/main/java/erick/android/mvp/utils/CommonUtils.java,erick.android.mvp.utils.CommonUtils,CommonUtils/0,true,17,0,0,0,0,1,0,2,0,0,0,0,0,0,0,0,0,0,0,0,0,0,0,0,0,0,2,2,0,false
/home/arch_design_predict/download-github-repos/mvp/repos/mvp-architecture-master/app/src/main/java/erick/android/mvp/utils/CommonUtils.java,erick.android.mvp.utils.CommonUtils,showLoadingDialog/1[erick.android.mvp.utils.Context],false,21,3,1,1,0,2,7,12,1,1,1,7,0,0,0,1,0,0,0,0,1,0,1,0,0,0,12,9,0,false
/home/arch_design_predict/download-github-repos/mvp/repos/mvp-architecture-master/app/src/main/java/erick/android/mvp/domain/executor/MainThreadExecutor.java,erick.android.mvp.domain.executor.MainThreadExecutor,execute/1[java.lang.Runnable],false,8,0,1,1,0,1,0,1,0,0,1,0,0,0,0,0,0,0,0,0,0,0,0,0,0,0,3,0,0,false
/home/arch_design_predict/download-github-repos/mvp/repos/mvp-architecture-master/app/src/main/java/erick/android/mvp/ui/base/BaseView.java,erick.android.mvp.ui.base.BaseView,onError/1[int],false,14,1,0,0,0,1,0,1,0,0,1,0,0,0,0,0,0,0,0,0,0,0,0,0,0,0,4,0,0,false
/home/arch_design_predict/download-github-repos/mvp/repos/mvp-architecture-master/app/src/main/java/erick/android/mvp/ui/base/BaseView.java,erick.android.mvp.ui.base.BaseView,showMessage/1[int],false,20,1,0,0,0,1,0,1,0,0,1,0,0,0,0,0,0,0,0,0,0,0,0,0,0,0,4,0,0,false
/home/arch_design_predict/download-github-repos/mvp/repos/mvp-architecture-master/app/src/main/java/erick/android/mvp/ui/base/BaseView.java,erick.android.mvp.ui.base.BaseView,showLoading/0,false,10,0,1,1,0,1,0,1,0,0,0,0,0,0,0,0,0,0,0,0,0,0,0,0,0,0,2,0,0,false
/home/arch_design_predict/download-github-repos/mvp/repos/mvp-architecture-master/app/src/main/java/erick/android/mvp/ui/base/BaseView.java,erick.android.mvp.ui.base.BaseView,hideLoading/0,false,12,0,2,2,0,1,0,1,0,0,0,0,0,0,0,0,0,0,0,0,0,0,0,0,0,0,2,0,0,false
/home/arch_design_predict/download-github-repos/mvp/repos/mvp-architecture-master/app/src/main/java/erick/android/mvp/ui/base/BaseView.java,erick.android.mvp.ui.base.BaseView,onError/1[java.lang.String],false,16,0,1,1,0,1,0,1,0,0,1,0,0,0,0,0,0,0,0,0,0,0,0,0,0,0,3,0,0,false
/home/arch_design_predict/download-github-repos/mvp/repos/mvp-architecture-master/app/src/main/java/erick/android/mvp/ui/base/BaseView.java,erick.android.mvp.ui.base.BaseView,showMessage/1[java.lang.String],false,18,0,0,0,0,1,0,1,0,0,1,0,0,0,0,0,0,0,0,0,0,0,0,0,0,0,3,0,0,false
/home/arch_design_predict/download-github-repos/mvp/repos/mvp-architecture-master/app/src/main/java/erick/android/mvp/domain/interactor/GetUsersInteractor.java,erick.android.mvp.domain.interactor.GetUsersInteractor$Callback,onGetUsersSuccess/1[java.util.List<erick.android.mvp.data.model.User>],false,15,1,1,1,0,1,0,1,0,0,1,0,0,0,0,0,0,0,0,0,0,0,0,0,0,0,5,0,0,false
/home/arch_design_predict/download-github-repos/mvp/repos/mvp-architecture-master/app/src/main/java/erick/android/mvp/domain/interactor/GetUsersInteractor.java,erick.android.mvp.domain.interactor.GetUsersInteractor$Callback,onGetUsersError/1[java.lang.String],false,17,0,1,1,0,1,0,1,0,0,1,0,0,0,0,0,0,0,0,0,0,0,0,0,0,0,5,0,0,false
/home/arch_design_predict/download-github-repos/mvp/repos/mvp-architecture-master/app/src/main/java/erick/android/mvp/data/retrofit/ApiClientRetrofit.java,erick.android.mvp.data.retrofit.ApiClientRetrofit,getApiClient/0,false,23,6,1,1,0,2,10,21,1,3,0,10,0,0,0,1,0,0,0,3,4,0,1,1,0,0,35,9,0,false
/home/arch_design_predict/download-github-repos/mvp/repos/mvp-architecture-master/app/src/main/java/erick/android/mvp/ui/main/MainMvpPresenter.java,erick.android.mvp.ui.main.MainMvpPresenter,getUsers/0,false,10,0,1,1,0,1,0,1,0,0,0,0,0,0,0,0,0,0,0,0,0,0,0,0,0,0,2,0,0,false
/home/arch_design_predict/download-github-repos/mvp/repos/mvp-architecture-master/app/src/main/java/erick/android/mvp/data/rest/implement/RestGetUsersRetrofit.java,erick.android.mvp.data.rest.implement.RestGetUsersRetrofit,getUsers/0,false,18,6,3,0,3,3,10,15,1,1,0,10,0,0,0,0,1,0,0,0,1,0,2,0,0,0,6,1,0,false
/home/arch_design_predict/download-github-repos/mvp/repos/mvp-architecture-master/app/src/test/java/erick/android/mvp/ExampleUnitTest.java,erick.android.mvp.ExampleUnitTest,addition_isCorrect/0,false,14,1,0,0,0,1,1,3,0,0,0,1,0,0,0,0,0,0,0,3,0,1,0,0,0,0,6,1,0,false
/home/arch_design_predict/download-github-repos/mvp/repos/mvp-architecture-master/app/src/main/java/erick/android/mvp/data/retrofit/RetrofitServiceInterface.java,erick.android.mvp.data.retrofit.RetrofitServiceInterface,getUsers/0,false,15,4,1,1,0,1,0,1,0,0,0,0,0,0,0,0,0,0,1,0,0,0,0,0,0,0,2,0,0,false
/home/arch_design_predict/download-github-repos/mvp/repos/mvp-architecture-master/app/src/main/java/erick/android/mvp/domain/interactor/implement/GetUsersInteractorImplement.java,erick.android.mvp.domain.interactor.implement.GetUsersInteractorImplement,execute/1[erick.android.mvp.domain.interactor.GetUsersInteractor.Callback],false,28,3,2,0,2,1,2,4,0,0,1,2,0,0,0,0,0,0,0,0,1,0,0,0,0,0,6,1,0,false
/home/arch_design_predict/download-github-repos/mvp/repos/mvp-architecture-master/app/src/main/java/erick/android/mvp/domain/interactor/implement/GetUsersInteractorImplement.java,erick.android.mvp.domain.interactor.implement.GetUsersInteractorImplement,run/0,false,34,4,4,0,4,2,4,20,0,1,0,4,0,0,0,0,1,0,0,0,1,0,1,2,0,0,11,1,0,false
/home/arch_design_predict/download-github-repos/mvp/repos/mvp-architecture-master/app/src/main/java/erick/android/mvp/domain/interactor/implement/GetUsersInteractorImplement.java,erick.android.mvp.domain.interactor.implement.GetUsersInteractorImplement,"GetUsersInteractorImplement/2[erick.android.mvp.domain.executor.InteractorExecutor,erick.android.mvp.domain.executor.MainThreadExecutor]",true,22,3,2,1,1,1,0,4,0,0,2,0,0,0,0,0,0,0,0,0,1,0,0,0,0,0,10,1,0,false
/home/arch_design_predict/download-github-repos/mvp/repos/mvp-architecture-master/app/src/main/java/erick/android/mvp/ui/main/MainMvpPresenterImp.java,erick.android.mvp.ui.main.MainMvpPresenterImp$Anonymous1,onGetUsersSuccess/1[java.util.List<erick.android.mvp.data.model.User>],false,34,3,2,0,2,1,2,4,0,0,1,2,0,0,0,0,0,0,0,0,0,0,0,0,0,0,5,1,0,false
/home/arch_design_predict/download-github-repos/mvp/repos/mvp-architecture-master/app/src/main/java/erick/android/mvp/ui/main/MainMvpPresenterImp.java,erick.android.mvp.ui.main.MainMvpPresenterImp$Anonymous1,onGetUsersError/1[java.lang.String],false,40,1,2,0,2,1,2,4,0,0,1,2,0,0,0,0,0,0,0,0,0,0,0,0,0,0,5,1,0,false
/home/arch_design_predict/download-github-repos/mvp/repos/mvp-architecture-master/app/src/main/java/erick/android/mvp/ui/main/MainMvpAdapter.java,erick.android.mvp.ui.main.MainMvpAdapter,"onBindViewHolder/2[erick.android.mvp.ui.main.MainMvpAdapter.ViewHolder,int]",false,42,5,5,0,5,4,11,17,0,1,2,11,0,0,0,3,0,0,0,0,1,0,1,1,0,0,11,1,0,false
/home/arch_design_predict/download-github-repos/mvp/repos/mvp-architecture-master/app/src/main/java/erick/android/mvp/ui/main/MainMvpAdapter.java,erick.android.mvp.ui.main.MainMvpAdapter,addItems/1[java.util.List<erick.android.mvp.data.model.User>],false,67,1,1,1,0,1,3,5,0,0,1,3,0,0,0,0,0,0,0,0,0,0,0,0,0,0,8,1,0,false
/home/arch_design_predict/download-github-repos/mvp/repos/mvp-architecture-master/app/src/main/java/erick/android/mvp/ui/main/MainMvpAdapter.java,erick.android.mvp.ui.main.MainMvpAdapter,MainMvpAdapter/1[erick.android.mvp.ui.main.Context],true,29,2,1,1,0,1,0,4,0,0,1,0,0,0,0,0,0,0,0,0,2,0,0,0,0,0,6,1,0,false
/home/arch_design_predict/download-github-repos/mvp/repos/mvp-architecture-master/app/src/main/java/erick/android/mvp/ui/main/MainMvpAdapter.java,erick.android.mvp.ui.main.MainMvpAdapter,"onCreateViewHolder/2[erick.android.mvp.ui.main.ViewGroup,int]",false,35,3,1,0,1,1,3,5,1,1,2,3,0,0,0,0,0,0,0,0,1,0,0,0,0,0,7,1,0,false
/home/arch_design_predict/download-github-repos/mvp/repos/mvp-architecture-master/app/src/main/java/erick/android/mvp/ui/main/MainMvpAdapter.java,erick.android.mvp.ui.main.MainMvpAdapter,getItemCount/0,false,74,0,0,0,0,1,1,3,1,0,0,1,0,0,0,0,0,0,0,0,0,0,0,0,0,0,3,1,0,false
