file,class,method,variable,usage
/home/arch_design_predict/download-github-repos/mvp/repos/mvp-architecture-master/app/src/main/java/erick/android/mvp/domain/interactor/AbstractInteractor.java,erick.android.mvp.domain.interactor.AbstractInteractor,setMainThreadExecutor/1[erick.android.mvp.domain.executor.MainThreadExecutor],mainThreadExecutor,2
/home/arch_design_predict/download-github-repos/mvp/repos/mvp-architecture-master/app/src/main/java/erick/android/mvp/domain/interactor/AbstractInteractor.java,erick.android.mvp.domain.interactor.AbstractInteractor,setInteractorExecutor/1[erick.android.mvp.domain.executor.InteractorExecutor],interactorExecutor,2
/home/arch_design_predict/download-github-repos/mvp/repos/mvp-architecture-master/app/src/main/java/erick/android/mvp/domain/interactor/AbstractInteractor.java,erick.android.mvp.domain.interactor.AbstractInteractor,"AbstractInteractor/2[erick.android.mvp.domain.executor.InteractorExecutor,erick.android.mvp.domain.executor.MainThreadExecutor]",interactorExecutor,2
/home/arch_design_predict/download-github-repos/mvp/repos/mvp-architecture-master/app/src/main/java/erick/android/mvp/domain/interactor/AbstractInteractor.java,erick.android.mvp.domain.interactor.AbstractInteractor,"AbstractInteractor/2[erick.android.mvp.domain.executor.InteractorExecutor,erick.android.mvp.domain.executor.MainThreadExecutor]",mainThreadExecutor,2
/home/arch_design_predict/download-github-repos/mvp/repos/mvp-architecture-master/app/src/main/java/erick/android/mvp/domain/executor/MainThreadExecutorImp.java,erick.android.mvp.domain.executor.MainThreadExecutorImp,execute/1[java.lang.Runnable],runnable,1
/home/arch_design_predict/download-github-repos/mvp/repos/mvp-architecture-master/app/src/main/java/erick/android/mvp/data/model/Picture.java,erick.android.mvp.data.model.Picture,setThumbnail/1[java.lang.String],thumbnail,2
/home/arch_design_predict/download-github-repos/mvp/repos/mvp-architecture-master/app/src/main/java/erick/android/mvp/data/model/Picture.java,erick.android.mvp.data.model.Picture,setLarge/1[java.lang.String],large,2
/home/arch_design_predict/download-github-repos/mvp/repos/mvp-architecture-master/app/src/main/java/erick/android/mvp/data/model/Picture.java,erick.android.mvp.data.model.Picture,setMedium/1[java.lang.String],medium,2
/home/arch_design_predict/download-github-repos/mvp/repos/mvp-architecture-master/app/src/main/java/erick/android/mvp/ui/main/MainMvpView.java,erick.android.mvp.ui.main.MainMvpView,updateUserList/1[java.util.List<erick.android.mvp.data.model.User>],userList,0
/home/arch_design_predict/download-github-repos/mvp/repos/mvp-architecture-master/app/src/main/java/erick/android/mvp/ui/base/BasePresenter.java,erick.android.mvp.ui.base.BasePresenter,onCreate/1[T],view,0
/home/arch_design_predict/download-github-repos/mvp/repos/mvp-architecture-master/app/src/main/java/erick/android/mvp/domain/executor/InteractorExecutor.java,erick.android.mvp.domain.executor.InteractorExecutor,run/1[erick.android.mvp.domain.executor.Interactor],interactor,0
/home/arch_design_predict/download-github-repos/mvp/repos/mvp-architecture-master/app/src/main/java/erick/android/mvp/data/model/BaseResponse.java,erick.android.mvp.data.model.BaseResponse,setResults/1[T],results,2
/home/arch_design_predict/download-github-repos/mvp/repos/mvp-architecture-master/app/src/main/java/erick/android/mvp/data/model/BaseResponse.java,erick.android.mvp.data.model.BaseResponse,setInfo/1[erick.android.mvp.data.model.Info],info,2
/home/arch_design_predict/download-github-repos/mvp/repos/mvp-architecture-master/app/src/main/java/erick/android/mvp/ui/main/MainMvpAdapter.java,erick.android.mvp.ui.main.MainMvpAdapter$Anonymous1,onClick/1[erick.android.mvp.ui.main.View],v,0
/home/arch_design_predict/download-github-repos/mvp/repos/mvp-architecture-master/app/src/main/java/erick/android/mvp/ui/base/BaseActivity.java,erick.android.mvp.ui.base.BaseActivity,showMessage/1[java.lang.String],message,2
/home/arch_design_predict/download-github-repos/mvp/repos/mvp-architecture-master/app/src/main/java/erick/android/mvp/ui/base/BaseActivity.java,erick.android.mvp.ui.base.BaseActivity,showSnackBar/1[java.lang.String],snackbar,2
/home/arch_design_predict/download-github-repos/mvp/repos/mvp-architecture-master/app/src/main/java/erick/android/mvp/ui/base/BaseActivity.java,erick.android.mvp.ui.base.BaseActivity,showSnackBar/1[java.lang.String],message,1
/home/arch_design_predict/download-github-repos/mvp/repos/mvp-architecture-master/app/src/main/java/erick/android/mvp/ui/base/BaseActivity.java,erick.android.mvp.ui.base.BaseActivity,showSnackBar/1[java.lang.String],textView,1
/home/arch_design_predict/download-github-repos/mvp/repos/mvp-architecture-master/app/src/main/java/erick/android/mvp/ui/base/BaseActivity.java,erick.android.mvp.ui.base.BaseActivity,showSnackBar/1[java.lang.String],sbView,1
/home/arch_design_predict/download-github-repos/mvp/repos/mvp-architecture-master/app/src/main/java/erick/android/mvp/ui/base/BaseActivity.java,erick.android.mvp.ui.base.BaseActivity,onError/1[java.lang.String],message,2
/home/arch_design_predict/download-github-repos/mvp/repos/mvp-architecture-master/app/src/main/java/erick/android/mvp/ui/base/BaseActivity.java,erick.android.mvp.ui.base.BaseActivity,onError/1[int],resId,1
/home/arch_design_predict/download-github-repos/mvp/repos/mvp-architecture-master/app/src/main/java/erick/android/mvp/ui/base/BaseActivity.java,erick.android.mvp.ui.base.BaseActivity,showMessage/1[int],resId,1
/home/arch_design_predict/download-github-repos/mvp/repos/mvp-architecture-master/app/src/main/java/erick/android/mvp/ui/base/BaseActivity.java,erick.android.mvp.ui.base.BaseActivity,onCreate/1[erick.android.mvp.ui.base.Bundle],savedInstanceState,1
/home/arch_design_predict/download-github-repos/mvp/repos/mvp-architecture-master/app/src/main/java/erick/android/mvp/data/model/User.java,erick.android.mvp.data.model.User,setPicture/1[erick.android.mvp.data.model.Picture],picture,2
/home/arch_design_predict/download-github-repos/mvp/repos/mvp-architecture-master/app/src/main/java/erick/android/mvp/data/model/User.java,erick.android.mvp.data.model.User,setEmail/1[java.lang.String],email,2
/home/arch_design_predict/download-github-repos/mvp/repos/mvp-architecture-master/app/src/main/java/erick/android/mvp/data/model/User.java,erick.android.mvp.data.model.User,setName/1[erick.android.mvp.data.model.Name],name,2
/home/arch_design_predict/download-github-repos/mvp/repos/mvp-architecture-master/app/src/main/java/erick/android/mvp/domain/executor/ThreadExecutor.java,erick.android.mvp.domain.executor.ThreadExecutor,run/1[erick.android.mvp.domain.executor.Interactor],interactor,2
/home/arch_design_predict/download-github-repos/mvp/repos/mvp-architecture-master/app/src/main/java/erick/android/mvp/data/model/Name.java,erick.android.mvp.data.model.Name,setTitle/1[java.lang.String],title,2
/home/arch_design_predict/download-github-repos/mvp/repos/mvp-architecture-master/app/src/main/java/erick/android/mvp/data/model/Name.java,erick.android.mvp.data.model.Name,setLast/1[java.lang.String],last,2
/home/arch_design_predict/download-github-repos/mvp/repos/mvp-architecture-master/app/src/main/java/erick/android/mvp/data/model/Name.java,erick.android.mvp.data.model.Name,setFirst/1[java.lang.String],first,2
/home/arch_design_predict/download-github-repos/mvp/repos/mvp-architecture-master/app/src/main/java/erick/android/mvp/ui/main/MainMvpPresenterImp.java,erick.android.mvp.ui.main.MainMvpPresenterImp,onCreate/1[erick.android.mvp.ui.main.MainMvpView],view,2
/home/arch_design_predict/download-github-repos/mvp/repos/mvp-architecture-master/app/src/androidTest/java/erick/android/mvp/ExampleInstrumentedTest.java,erick.android.mvp.ExampleInstrumentedTest,useAppContext/0,appContext,1
/home/arch_design_predict/download-github-repos/mvp/repos/mvp-architecture-master/app/src/main/java/erick/android/mvp/ui/main/MainActivity.java,erick.android.mvp.ui.main.MainActivity,onCreate/1[erick.android.mvp.ui.main.Bundle],savedInstanceState,1
/home/arch_design_predict/download-github-repos/mvp/repos/mvp-architecture-master/app/src/main/java/erick/android/mvp/ui/main/MainActivity.java,erick.android.mvp.ui.main.MainActivity,updateUserList/1[java.util.List<erick.android.mvp.data.model.User>],userList,1
/home/arch_design_predict/download-github-repos/mvp/repos/mvp-architecture-master/app/src/main/java/erick/android/mvp/data/exception/GetUsersException.java,erick.android.mvp.data.exception.GetUsersException,GetUsersException/1[java.lang.String],message,1
/home/arch_design_predict/download-github-repos/mvp/repos/mvp-architecture-master/app/src/main/java/erick/android/mvp/ui/main/MainMvpAdapter.java,erick.android.mvp.ui.main.MainMvpAdapter$ViewHolder,ViewHolder/1[erick.android.mvp.ui.main.View],itemView,2
/home/arch_design_predict/download-github-repos/mvp/repos/mvp-architecture-master/app/src/main/java/erick/android/mvp/data/retrofit/ApiClientRetrofit.java,erick.android.mvp.data.retrofit.ApiClientRetrofit$Anonymous1,intercept/1[erick.android.mvp.data.retrofit.Chain],request,2
/home/arch_design_predict/download-github-repos/mvp/repos/mvp-architecture-master/app/src/main/java/erick/android/mvp/data/retrofit/ApiClientRetrofit.java,erick.android.mvp.data.retrofit.ApiClientRetrofit$Anonymous1,intercept/1[erick.android.mvp.data.retrofit.Chain],chain,2
/home/arch_design_predict/download-github-repos/mvp/repos/mvp-architecture-master/app/src/main/java/erick/android/mvp/data/retrofit/ApiClientRetrofit.java,erick.android.mvp.data.retrofit.ApiClientRetrofit$Anonymous1,intercept/1[erick.android.mvp.data.retrofit.Chain],original,3
/home/arch_design_predict/download-github-repos/mvp/repos/mvp-architecture-master/app/src/main/java/erick/android/mvp/data/model/Info.java,erick.android.mvp.data.model.Info,setVersion/1[java.lang.String],version,2
/home/arch_design_predict/download-github-repos/mvp/repos/mvp-architecture-master/app/src/main/java/erick/android/mvp/data/model/Info.java,erick.android.mvp.data.model.Info,setResults/1[int],results,2
/home/arch_design_predict/download-github-repos/mvp/repos/mvp-architecture-master/app/src/main/java/erick/android/mvp/data/model/Info.java,erick.android.mvp.data.model.Info,setPage/1[int],page,2
/home/arch_design_predict/download-github-repos/mvp/repos/mvp-architecture-master/app/src/main/java/erick/android/mvp/data/model/Info.java,erick.android.mvp.data.model.Info,setSeed/1[java.lang.String],seed,2
/home/arch_design_predict/download-github-repos/mvp/repos/mvp-architecture-master/app/src/main/java/erick/android/mvp/domain/interactor/GetUsersInteractor.java,erick.android.mvp.domain.interactor.GetUsersInteractor,execute/1[erick.android.mvp.domain.interactor.GetUsersInteractor.Callback],callback,0
/home/arch_design_predict/download-github-repos/mvp/repos/mvp-architecture-master/app/src/main/java/erick/android/mvp/utils/CommonUtils.java,erick.android.mvp.utils.CommonUtils,showLoadingDialog/1[erick.android.mvp.utils.Context],progressDialog,8
/home/arch_design_predict/download-github-repos/mvp/repos/mvp-architecture-master/app/src/main/java/erick/android/mvp/utils/CommonUtils.java,erick.android.mvp.utils.CommonUtils,showLoadingDialog/1[erick.android.mvp.utils.Context],context,1
/home/arch_design_predict/download-github-repos/mvp/repos/mvp-architecture-master/app/src/main/java/erick/android/mvp/domain/executor/MainThreadExecutor.java,erick.android.mvp.domain.executor.MainThreadExecutor,execute/1[java.lang.Runnable],runnable,0
/home/arch_design_predict/download-github-repos/mvp/repos/mvp-architecture-master/app/src/main/java/erick/android/mvp/ui/base/BaseView.java,erick.android.mvp.ui.base.BaseView,onError/1[int],resId,0
/home/arch_design_predict/download-github-repos/mvp/repos/mvp-architecture-master/app/src/main/java/erick/android/mvp/ui/base/BaseView.java,erick.android.mvp.ui.base.BaseView,showMessage/1[int],resId,0
/home/arch_design_predict/download-github-repos/mvp/repos/mvp-architecture-master/app/src/main/java/erick/android/mvp/ui/base/BaseView.java,erick.android.mvp.ui.base.BaseView,onError/1[java.lang.String],message,0
/home/arch_design_predict/download-github-repos/mvp/repos/mvp-architecture-master/app/src/main/java/erick/android/mvp/ui/base/BaseView.java,erick.android.mvp.ui.base.BaseView,showMessage/1[java.lang.String],message,0
/home/arch_design_predict/download-github-repos/mvp/repos/mvp-architecture-master/app/src/main/java/erick/android/mvp/domain/interactor/GetUsersInteractor.java,erick.android.mvp.domain.interactor.GetUsersInteractor$Callback,onGetUsersSuccess/1[java.util.List<erick.android.mvp.data.model.User>],genres,0
/home/arch_design_predict/download-github-repos/mvp/repos/mvp-architecture-master/app/src/main/java/erick/android/mvp/domain/interactor/GetUsersInteractor.java,erick.android.mvp.domain.interactor.GetUsersInteractor$Callback,onGetUsersError/1[java.lang.String],error,0
/home/arch_design_predict/download-github-repos/mvp/repos/mvp-architecture-master/app/src/main/java/erick/android/mvp/data/retrofit/ApiClientRetrofit.java,erick.android.mvp.data.retrofit.ApiClientRetrofit,getApiClient/0,httpClient,5
/home/arch_design_predict/download-github-repos/mvp/repos/mvp-architecture-master/app/src/main/java/erick/android/mvp/data/retrofit/ApiClientRetrofit.java,erick.android.mvp.data.retrofit.ApiClientRetrofit,getApiClient/0,restAdapter,1
/home/arch_design_predict/download-github-repos/mvp/repos/mvp-architecture-master/app/src/main/java/erick/android/mvp/data/retrofit/ApiClientRetrofit.java,erick.android.mvp.data.retrofit.ApiClientRetrofit,getApiClient/0,gson,1
/home/arch_design_predict/download-github-repos/mvp/repos/mvp-architecture-master/app/src/main/java/erick/android/mvp/data/rest/implement/RestGetUsersRetrofit.java,erick.android.mvp.data.rest.implement.RestGetUsersRetrofit,getUsers/0,e,2
/home/arch_design_predict/download-github-repos/mvp/repos/mvp-architecture-master/app/src/main/java/erick/android/mvp/data/rest/implement/RestGetUsersRetrofit.java,erick.android.mvp.data.rest.implement.RestGetUsersRetrofit,getUsers/0,response,3
/home/arch_design_predict/download-github-repos/mvp/repos/mvp-architecture-master/app/src/main/java/erick/android/mvp/domain/interactor/implement/GetUsersInteractorImplement.java,erick.android.mvp.domain.interactor.implement.GetUsersInteractorImplement,execute/1[erick.android.mvp.domain.interactor.GetUsersInteractor.Callback],callback,2
/home/arch_design_predict/download-github-repos/mvp/repos/mvp-architecture-master/app/src/main/java/erick/android/mvp/domain/interactor/implement/GetUsersInteractorImplement.java,erick.android.mvp.domain.interactor.implement.GetUsersInteractorImplement,run/0,e,1
/home/arch_design_predict/download-github-repos/mvp/repos/mvp-architecture-master/app/src/main/java/erick/android/mvp/domain/interactor/implement/GetUsersInteractorImplement.java,erick.android.mvp.domain.interactor.implement.GetUsersInteractorImplement,run/0,users,0
/home/arch_design_predict/download-github-repos/mvp/repos/mvp-architecture-master/app/src/main/java/erick/android/mvp/domain/interactor/implement/GetUsersInteractorImplement.java,erick.android.mvp.domain.interactor.implement.GetUsersInteractorImplement,"GetUsersInteractorImplement/2[erick.android.mvp.domain.executor.InteractorExecutor,erick.android.mvp.domain.executor.MainThreadExecutor]",interactorExecutor,1
/home/arch_design_predict/download-github-repos/mvp/repos/mvp-architecture-master/app/src/main/java/erick/android/mvp/domain/interactor/implement/GetUsersInteractorImplement.java,erick.android.mvp.domain.interactor.implement.GetUsersInteractorImplement,"GetUsersInteractorImplement/2[erick.android.mvp.domain.executor.InteractorExecutor,erick.android.mvp.domain.executor.MainThreadExecutor]",mainThreadExecutor,1
/home/arch_design_predict/download-github-repos/mvp/repos/mvp-architecture-master/app/src/main/java/erick/android/mvp/ui/main/MainMvpPresenterImp.java,erick.android.mvp.ui.main.MainMvpPresenterImp$Anonymous1,onGetUsersSuccess/1[java.util.List<erick.android.mvp.data.model.User>],users,1
/home/arch_design_predict/download-github-repos/mvp/repos/mvp-architecture-master/app/src/main/java/erick/android/mvp/ui/main/MainMvpPresenterImp.java,erick.android.mvp.ui.main.MainMvpPresenterImp$Anonymous1,onGetUsersError/1[java.lang.String],error,1
/home/arch_design_predict/download-github-repos/mvp/repos/mvp-architecture-master/app/src/main/java/erick/android/mvp/ui/main/MainMvpAdapter.java,erick.android.mvp.ui.main.MainMvpAdapter,"onBindViewHolder/2[erick.android.mvp.ui.main.MainMvpAdapter.ViewHolder,int]",holder,4
/home/arch_design_predict/download-github-repos/mvp/repos/mvp-architecture-master/app/src/main/java/erick/android/mvp/ui/main/MainMvpAdapter.java,erick.android.mvp.ui.main.MainMvpAdapter,"onBindViewHolder/2[erick.android.mvp.ui.main.MainMvpAdapter.ViewHolder,int]",position,1
/home/arch_design_predict/download-github-repos/mvp/repos/mvp-architecture-master/app/src/main/java/erick/android/mvp/ui/main/MainMvpAdapter.java,erick.android.mvp.ui.main.MainMvpAdapter,"onBindViewHolder/2[erick.android.mvp.ui.main.MainMvpAdapter.ViewHolder,int]",user,6
/home/arch_design_predict/download-github-repos/mvp/repos/mvp-architecture-master/app/src/main/java/erick/android/mvp/ui/main/MainMvpAdapter.java,erick.android.mvp.ui.main.MainMvpAdapter,addItems/1[java.util.List<erick.android.mvp.data.model.User>],userList,1
/home/arch_design_predict/download-github-repos/mvp/repos/mvp-architecture-master/app/src/main/java/erick/android/mvp/ui/main/MainMvpAdapter.java,erick.android.mvp.ui.main.MainMvpAdapter,MainMvpAdapter/1[erick.android.mvp.ui.main.Context],context,2
/home/arch_design_predict/download-github-repos/mvp/repos/mvp-architecture-master/app/src/main/java/erick/android/mvp/ui/main/MainMvpAdapter.java,erick.android.mvp.ui.main.MainMvpAdapter,"onCreateViewHolder/2[erick.android.mvp.ui.main.ViewGroup,int]",parent,2
/home/arch_design_predict/download-github-repos/mvp/repos/mvp-architecture-master/app/src/main/java/erick/android/mvp/ui/main/MainMvpAdapter.java,erick.android.mvp.ui.main.MainMvpAdapter,"onCreateViewHolder/2[erick.android.mvp.ui.main.ViewGroup,int]",view,2
/home/arch_design_predict/download-github-repos/mvp/repos/mvp-architecture-master/app/src/main/java/erick/android/mvp/ui/main/MainMvpAdapter.java,erick.android.mvp.ui.main.MainMvpAdapter,"onCreateViewHolder/2[erick.android.mvp.ui.main.ViewGroup,int]",viewType,0
