file,class,method,variable,usage
/home/arch_design_predict/download-github-repos/mvvm/repos/Android-App-Patterns-master/Android-MVP/app/src/main/java/com/sandy/mvp/mvp_sample/List/ListPresenter.java,com.sandy.mvp.mvp_sample.List.ListPresenter,loadItems/0,mFirstLoad,1
/home/arch_design_predict/download-github-repos/mvvm/repos/Android-App-Patterns-master/Android-MVP/app/src/main/java/com/sandy/mvp/mvp_sample/List/ListPresenter.java,com.sandy.mvp.mvp_sample.List.ListPresenter,"ListPresenter/2[com.sandy.mvp.mvp_sample.Data.Source.ItemsRepository,com.sandy.mvp.mvp_sample.List.ListSampleContract.View]",mView,2
/home/arch_design_predict/download-github-repos/mvvm/repos/Android-App-Patterns-master/Android-MVP/app/src/main/java/com/sandy/mvp/mvp_sample/List/ListPresenter.java,com.sandy.mvp.mvp_sample.List.ListPresenter,"ListPresenter/2[com.sandy.mvp.mvp_sample.Data.Source.ItemsRepository,com.sandy.mvp.mvp_sample.List.ListSampleContract.View]",mItemsRepository,1
/home/arch_design_predict/download-github-repos/mvvm/repos/Android-App-Patterns-master/Android-MVP/app/src/main/java/com/sandy/mvp/mvp_sample/List/ListPresenter.java,com.sandy.mvp.mvp_sample.List.ListPresenter,loadItems/1[boolean],mView,1
/home/arch_design_predict/download-github-repos/mvvm/repos/Android-App-Patterns-master/Android-MVP/app/src/main/java/com/sandy/mvp/mvp_sample/List/ListPresenter.java,com.sandy.mvp.mvp_sample.List.ListPresenter,loadItems/1[boolean],mItemsRepository,1
/home/arch_design_predict/download-github-repos/mvvm/repos/Android-App-Patterns-master/Android-MVP/app/src/main/java/com/sandy/mvp/mvp_sample/List/ListPresenter.java,com.sandy.mvp.mvp_sample.List.ListPresenter,processItems/1[java.util.List<com.sandy.mvp.mvp_sample.Data.SampleItem>],mView,1
/home/arch_design_predict/download-github-repos/mvvm/repos/Android-App-Patterns-master/Android-MVP/app/src/main/java/com/sandy/mvp/mvp_sample/List/ListPresenter.java,com.sandy.mvp.mvp_sample.List.ListPresenter,processEmptyItems/0,mView,1
/home/arch_design_predict/download-github-repos/mvvm/repos/Android-App-Patterns-master/Android-MVP/app/src/main/java/com/sandy/mvp/mvp_sample/Adapters/SampleItemsAdapter.java,com.sandy.mvp.mvp_sample.Adapters.SampleItemsAdapter,SampleItemsAdapter/1[java.util.List<com.sandy.mvp.mvp_sample.Data.SampleItem>],sampleItems,2
/home/arch_design_predict/download-github-repos/mvvm/repos/Android-App-Patterns-master/Android-MVP/app/src/main/java/com/sandy/mvp/mvp_sample/Adapters/SampleItemsAdapter.java,com.sandy.mvp.mvp_sample.Adapters.SampleItemsAdapter,replaceData/1[java.util.List<com.sandy.mvp.mvp_sample.Data.SampleItem>],sampleItems,2
/home/arch_design_predict/download-github-repos/mvvm/repos/Android-App-Patterns-master/Android-MVP/app/src/main/java/com/sandy/mvp/mvp_sample/Adapters/SampleItemsAdapter.java,com.sandy.mvp.mvp_sample.Adapters.SampleItemsAdapter,setList/1[java.util.List<com.sandy.mvp.mvp_sample.Data.SampleItem>],sampleItems,3
/home/arch_design_predict/download-github-repos/mvvm/repos/Android-App-Patterns-master/Android-MVP/app/src/main/java/com/sandy/mvp/mvp_sample/Adapters/SampleItemsAdapter.java,com.sandy.mvp.mvp_sample.Adapters.SampleItemsAdapter,getItem/1[int],sampleItems,1
/home/arch_design_predict/download-github-repos/mvvm/repos/Android-App-Patterns-master/Android-MVP/app/src/main/java/com/sandy/mvp/mvp_sample/Adapters/SampleItemsAdapter.java,com.sandy.mvp.mvp_sample.Adapters.SampleItemsAdapter,getCount/0,sampleItems,1
/home/arch_design_predict/download-github-repos/mvvm/repos/Android-App-Patterns-master/Android-MVP/app/src/main/java/com/sandy/mvp/mvp_sample/Data/Source/Remote/SampleRemoteDataSource.java,com.sandy.mvp.mvp_sample.Data.Source.Remote.SampleRemoteDataSource,getInstance/0,INSTANCE,3
/home/arch_design_predict/download-github-repos/mvvm/repos/Android-App-Patterns-master/Android-MVP/app/src/main/java/com/sandy/mvp/mvp_sample/Data/Source/ItemsRepository.java,com.sandy.mvp.mvp_sample.Data.Source.ItemsRepository,getTasksFromRemoteDataSource/1[com.sandy.mvp.mvp_sample.Data.Source.SampleDataSource.LoadItemsCallback],mSampleRemoteDataSource,1
/home/arch_design_predict/download-github-repos/mvvm/repos/Android-App-Patterns-master/Android-MVP/app/src/main/java/com/sandy/mvp/mvp_sample/Data/Source/ItemsRepository.java,com.sandy.mvp.mvp_sample.Data.Source.ItemsRepository,refreshItems/0,mCacheIsDirty,1
/home/arch_design_predict/download-github-repos/mvvm/repos/Android-App-Patterns-master/Android-MVP/app/src/main/java/com/sandy/mvp/mvp_sample/Data/Source/ItemsRepository.java,com.sandy.mvp.mvp_sample.Data.Source.ItemsRepository,"getInstance/2[com.sandy.mvp.mvp_sample.Data.Source.SampleDataSource,com.sandy.mvp.mvp_sample.Data.Source.SampleDataSource]",mSampleLocalDataSource,3
/home/arch_design_predict/download-github-repos/mvvm/repos/Android-App-Patterns-master/Android-MVP/app/src/main/java/com/sandy/mvp/mvp_sample/Data/Source/ItemsRepository.java,com.sandy.mvp.mvp_sample.Data.Source.ItemsRepository,"getInstance/2[com.sandy.mvp.mvp_sample.Data.Source.SampleDataSource,com.sandy.mvp.mvp_sample.Data.Source.SampleDataSource]",INSTANCE,3
/home/arch_design_predict/download-github-repos/mvvm/repos/Android-App-Patterns-master/Android-MVP/app/src/main/java/com/sandy/mvp/mvp_sample/Data/Source/ItemsRepository.java,com.sandy.mvp.mvp_sample.Data.Source.ItemsRepository,"getInstance/2[com.sandy.mvp.mvp_sample.Data.Source.SampleDataSource,com.sandy.mvp.mvp_sample.Data.Source.SampleDataSource]",mSampleRemoteDataSource,2
/home/arch_design_predict/download-github-repos/mvvm/repos/Android-App-Patterns-master/Android-MVP/app/src/main/java/com/sandy/mvp/mvp_sample/Data/Source/ItemsRepository.java,com.sandy.mvp.mvp_sample.Data.Source.ItemsRepository,getItems/1[com.sandy.mvp.mvp_sample.Data.Source.SampleDataSource.LoadItemsCallback],mSampleLocalDataSource,1
/home/arch_design_predict/download-github-repos/mvvm/repos/Android-App-Patterns-master/Android-MVP/app/src/main/java/com/sandy/mvp/mvp_sample/Data/Source/ItemsRepository.java,com.sandy.mvp.mvp_sample.Data.Source.ItemsRepository,getItems/1[com.sandy.mvp.mvp_sample.Data.Source.SampleDataSource.LoadItemsCallback],mCachedItems,2
/home/arch_design_predict/download-github-repos/mvvm/repos/Android-App-Patterns-master/Android-MVP/app/src/main/java/com/sandy/mvp/mvp_sample/Data/Source/ItemsRepository.java,com.sandy.mvp.mvp_sample.Data.Source.ItemsRepository,getItems/1[com.sandy.mvp.mvp_sample.Data.Source.SampleDataSource.LoadItemsCallback],mCacheIsDirty,2
/home/arch_design_predict/download-github-repos/mvvm/repos/Android-App-Patterns-master/Android-MVP/app/src/main/java/com/sandy/mvp/mvp_sample/Data/Source/ItemsRepository.java,com.sandy.mvp.mvp_sample.Data.Source.ItemsRepository,"ItemsRepository/2[com.sandy.mvp.mvp_sample.Data.Source.SampleDataSource,com.sandy.mvp.mvp_sample.Data.Source.SampleDataSource]",mSampleLocalDataSource,3
/home/arch_design_predict/download-github-repos/mvvm/repos/Android-App-Patterns-master/Android-MVP/app/src/main/java/com/sandy/mvp/mvp_sample/Data/Source/ItemsRepository.java,com.sandy.mvp.mvp_sample.Data.Source.ItemsRepository,"ItemsRepository/2[com.sandy.mvp.mvp_sample.Data.Source.SampleDataSource,com.sandy.mvp.mvp_sample.Data.Source.SampleDataSource]",mSampleRemoteDataSource,3
/home/arch_design_predict/download-github-repos/mvvm/repos/Android-App-Patterns-master/Android-MVP/app/src/main/java/com/sandy/mvp/mvp_sample/Data/Source/ItemsRepository.java,com.sandy.mvp.mvp_sample.Data.Source.ItemsRepository,destroyInstance/0,INSTANCE,1
/home/arch_design_predict/download-github-repos/mvvm/repos/Android-App-Patterns-master/Android-MVP/app/src/main/java/com/sandy/mvp/mvp_sample/Data/Source/ItemsRepository.java,com.sandy.mvp.mvp_sample.Data.Source.ItemsRepository,refreshCache/1[java.util.List<com.sandy.mvp.mvp_sample.Data.SampleItem>],mCachedItems,4
/home/arch_design_predict/download-github-repos/mvvm/repos/Android-App-Patterns-master/Android-MVP/app/src/main/java/com/sandy/mvp/mvp_sample/Data/Source/ItemsRepository.java,com.sandy.mvp.mvp_sample.Data.Source.ItemsRepository,refreshCache/1[java.util.List<com.sandy.mvp.mvp_sample.Data.SampleItem>],mCacheIsDirty,1
/home/arch_design_predict/download-github-repos/mvvm/repos/Android-App-Patterns-master/Android-MVP/app/src/main/java/com/sandy/mvp/mvp_sample/List/SampleListActivity.java,com.sandy.mvp.mvp_sample.List.SampleListActivity,onCreate/1[com.sandy.mvp.mvp_sample.List.Bundle],mSampleItemsAdapter,2
/home/arch_design_predict/download-github-repos/mvvm/repos/Android-App-Patterns-master/Android-MVP/app/src/main/java/com/sandy/mvp/mvp_sample/List/SampleListActivity.java,com.sandy.mvp.mvp_sample.List.SampleListActivity,onCreate/1[com.sandy.mvp.mvp_sample.List.Bundle],loader,2
/home/arch_design_predict/download-github-repos/mvvm/repos/Android-App-Patterns-master/Android-MVP/app/src/main/java/com/sandy/mvp/mvp_sample/List/SampleListActivity.java,com.sandy.mvp.mvp_sample.List.SampleListActivity,onCreate/1[com.sandy.mvp.mvp_sample.List.Bundle],recyclerView,2
/home/arch_design_predict/download-github-repos/mvvm/repos/Android-App-Patterns-master/Android-MVP/app/src/main/java/com/sandy/mvp/mvp_sample/List/SampleListActivity.java,com.sandy.mvp.mvp_sample.List.SampleListActivity,onCreate/1[com.sandy.mvp.mvp_sample.List.Bundle],mPresenter,1
/home/arch_design_predict/download-github-repos/mvvm/repos/Android-App-Patterns-master/Android-MVP/app/src/main/java/com/sandy/mvp/mvp_sample/List/SampleListActivity.java,com.sandy.mvp.mvp_sample.List.SampleListActivity,onCreate/1[com.sandy.mvp.mvp_sample.List.Bundle],textViewMessage,1
/home/arch_design_predict/download-github-repos/mvvm/repos/Android-App-Patterns-master/Android-MVP/app/src/main/java/com/sandy/mvp/mvp_sample/List/SampleListActivity.java,com.sandy.mvp.mvp_sample.List.SampleListActivity,hideLoading/0,loader,1
/home/arch_design_predict/download-github-repos/mvvm/repos/Android-App-Patterns-master/Android-MVP/app/src/main/java/com/sandy/mvp/mvp_sample/List/SampleListActivity.java,com.sandy.mvp.mvp_sample.List.SampleListActivity,hideLoading/0,recyclerView,1
/home/arch_design_predict/download-github-repos/mvvm/repos/Android-App-Patterns-master/Android-MVP/app/src/main/java/com/sandy/mvp/mvp_sample/List/SampleListActivity.java,com.sandy.mvp.mvp_sample.List.SampleListActivity,showEmptyView/0,loader,1
/home/arch_design_predict/download-github-repos/mvvm/repos/Android-App-Patterns-master/Android-MVP/app/src/main/java/com/sandy/mvp/mvp_sample/List/SampleListActivity.java,com.sandy.mvp.mvp_sample.List.SampleListActivity,showEmptyView/0,recyclerView,1
/home/arch_design_predict/download-github-repos/mvvm/repos/Android-App-Patterns-master/Android-MVP/app/src/main/java/com/sandy/mvp/mvp_sample/List/SampleListActivity.java,com.sandy.mvp.mvp_sample.List.SampleListActivity,showEmptyView/0,textViewMessage,1
/home/arch_design_predict/download-github-repos/mvvm/repos/Android-App-Patterns-master/Android-MVP/app/src/main/java/com/sandy/mvp/mvp_sample/List/SampleListActivity.java,com.sandy.mvp.mvp_sample.List.SampleListActivity,setPresenter/1[com.sandy.mvp.mvp_sample.List.ListSampleContract.Presenter],mPresenter,1
/home/arch_design_predict/download-github-repos/mvvm/repos/Android-App-Patterns-master/Android-MVP/app/src/main/java/com/sandy/mvp/mvp_sample/List/SampleListActivity.java,com.sandy.mvp.mvp_sample.List.SampleListActivity,showLoading/0,loader,1
/home/arch_design_predict/download-github-repos/mvvm/repos/Android-App-Patterns-master/Android-MVP/app/src/main/java/com/sandy/mvp/mvp_sample/List/SampleListActivity.java,com.sandy.mvp.mvp_sample.List.SampleListActivity,showLoading/0,recyclerView,1
/home/arch_design_predict/download-github-repos/mvvm/repos/Android-App-Patterns-master/Android-MVP/app/src/main/java/com/sandy/mvp/mvp_sample/List/SampleListActivity.java,com.sandy.mvp.mvp_sample.List.SampleListActivity,onResume/0,mPresenter,2
/home/arch_design_predict/download-github-repos/mvvm/repos/Android-App-Patterns-master/Android-MVP/app/src/main/java/com/sandy/mvp/mvp_sample/List/SampleListActivity.java,com.sandy.mvp.mvp_sample.List.SampleListActivity,showItems/1[java.util.List<com.sandy.mvp.mvp_sample.Data.SampleItem>],mSampleItemsAdapter,1
/home/arch_design_predict/download-github-repos/mvvm/repos/Android-App-Patterns-master/Android-MVP/app/src/main/java/com/sandy/mvp/mvp_sample/Data/SampleItem.java,com.sandy.mvp.mvp_sample.Data.SampleItem,getId/0,mId,1
/home/arch_design_predict/download-github-repos/mvvm/repos/Android-App-Patterns-master/Android-MVP/app/src/main/java/com/sandy/mvp/mvp_sample/Data/SampleItem.java,com.sandy.mvp.mvp_sample.Data.SampleItem,getItemName/0,itemName,1
/home/arch_design_predict/download-github-repos/mvvm/repos/Android-App-Patterns-master/Android-MVP/app/src/main/java/com/sandy/mvp/mvp_sample/Data/SampleItem.java,com.sandy.mvp.mvp_sample.Data.SampleItem,toString/0,itemName,1
/home/arch_design_predict/download-github-repos/mvvm/repos/Android-App-Patterns-master/Android-MVP/app/src/main/java/com/sandy/mvp/mvp_sample/Data/SampleItem.java,com.sandy.mvp.mvp_sample.Data.SampleItem,toString/0,mId,1
/home/arch_design_predict/download-github-repos/mvvm/repos/Android-App-Patterns-master/Android-MVP/app/src/main/java/com/sandy/mvp/mvp_sample/Data/SampleItem.java,com.sandy.mvp.mvp_sample.Data.SampleItem,"SampleItem/2[int,java.lang.String]",itemName,4
/home/arch_design_predict/download-github-repos/mvvm/repos/Android-App-Patterns-master/Android-MVP/app/src/main/java/com/sandy/mvp/mvp_sample/Data/SampleItem.java,com.sandy.mvp.mvp_sample.Data.SampleItem,"SampleItem/2[int,java.lang.String]",mId,4
/home/arch_design_predict/download-github-repos/mvvm/repos/Android-App-Patterns-master/Android-MVP/app/src/main/java/com/sandy/mvp/mvp_sample/Data/Source/local/SampleLocalDataSource.java,com.sandy.mvp.mvp_sample.Data.Source.local.SampleLocalDataSource,getInstance/1[com.sandy.mvp.mvp_sample.Data.Source.local.Context],INSTANCE,3
