file,class,method,variable,usage
/home/arch_design_predict/download-github-repos/mvvm/repos/mvvm_base-master/app/src/main/java/com/nhapt/base/mvvm/MVVMActivity.java,com.nhapt.base.mvvm.MVVMActivity,"showMessageDialog/2[java.lang.String,java.lang.String]",mMessageDialog,7
/home/arch_design_predict/download-github-repos/mvvm/repos/mvvm_base-master/app/src/main/java/com/nhapt/base/mvvm/MVVMActivity.java,com.nhapt.base.mvvm.MVVMActivity,hideLoading/0,mLoadingDialog,3
/home/arch_design_predict/download-github-repos/mvvm/repos/mvvm_base-master/app/src/main/java/com/nhapt/base/mvvm/MVVMActivity.java,com.nhapt.base.mvvm.MVVMActivity,"showConfirmDialog/5[java.lang.String,java.lang.String,java.lang.String,java.lang.String,com.nhapt.base.listener.OnOkClickListener]",mConfirmDialog,10
/home/arch_design_predict/download-github-repos/mvvm/repos/mvvm_base-master/app/src/main/java/com/nhapt/base/mvvm/MVVMActivity.java,com.nhapt.base.mvvm.MVVMActivity,onCreate/1[com.nhapt.base.mvvm.Bundle],mLoadingDialog,1
/home/arch_design_predict/download-github-repos/mvvm/repos/mvvm_base-master/app/src/main/java/com/nhapt/base/mvvm/MVVMActivity.java,com.nhapt.base.mvvm.MVVMActivity,onCreate/1[com.nhapt.base.mvvm.Bundle],mMessageDialog,1
/home/arch_design_predict/download-github-repos/mvvm/repos/mvvm_base-master/app/src/main/java/com/nhapt/base/mvvm/MVVMActivity.java,com.nhapt.base.mvvm.MVVMActivity,onCreate/1[com.nhapt.base.mvvm.Bundle],mConfirmDialog,1
/home/arch_design_predict/download-github-repos/mvvm/repos/mvvm_base-master/app/src/main/java/com/nhapt/base/mvvm/MVVMActivity.java,com.nhapt.base.mvvm.MVVMActivity,showLoading/0,mLoadingDialog,5
/home/arch_design_predict/download-github-repos/mvvm/repos/mvvm_base-master/app/src/main/java/com/mymvvmsample/screens/login_screen/view_model/SignInViewModel.java,com.mymvvmsample.screens.login_screen.view_model.SignInViewModel,fbSignIn/1[com.mymvvmsample.screens.login_screen.view_model.JsonObject],fbSignIn,2
/home/arch_design_predict/download-github-repos/mvvm/repos/mvvm_base-master/app/src/main/java/com/mymvvmsample/screens/login_screen/view_model/SignInViewModel.java,com.mymvvmsample.screens.login_screen.view_model.SignInViewModel,instaSignIn/1[com.mymvvmsample.screens.login_screen.view_model.JsonObject],instaSignIn,2
/home/arch_design_predict/download-github-repos/mvvm/repos/mvvm_base-master/app/src/main/java/com/mymvvmsample/screens/login_screen/view_model/SignInViewModel.java,com.mymvvmsample.screens.login_screen.view_model.SignInViewModel,fbSignIn/0,fbSignIn,1
/home/arch_design_predict/download-github-repos/mvvm/repos/mvvm_base-master/app/src/main/java/com/mymvvmsample/screens/login_screen/view_model/SignInViewModel.java,com.mymvvmsample.screens.login_screen.view_model.SignInViewModel,fbSignIn/0,fbSignInLD,1
/home/arch_design_predict/download-github-repos/mvvm/repos/mvvm_base-master/app/src/main/java/com/mymvvmsample/screens/login_screen/view_model/SignInViewModel.java,com.mymvvmsample.screens.login_screen.view_model.SignInViewModel,instaSignIn/0,instaSignIn,1
/home/arch_design_predict/download-github-repos/mvvm/repos/mvvm_base-master/app/src/main/java/com/mymvvmsample/screens/login_screen/view_model/SignInViewModel.java,com.mymvvmsample.screens.login_screen.view_model.SignInViewModel,instaSignIn/0,instaSignInLD,1
/home/arch_design_predict/download-github-repos/mvvm/repos/mvvm_base-master/app/src/main/java/com/mymvvmsample/screens/login_screen/view_model/SignInViewModel.java,com.mymvvmsample.screens.login_screen.view_model.SignInViewModel,SignInViewModel/1[com.mymvvmsample.screens.login_screen.view_model.Application],instaSignIn,1
/home/arch_design_predict/download-github-repos/mvvm/repos/mvvm_base-master/app/src/main/java/com/mymvvmsample/screens/login_screen/view_model/SignInViewModel.java,com.mymvvmsample.screens.login_screen.view_model.SignInViewModel,SignInViewModel/1[com.mymvvmsample.screens.login_screen.view_model.Application],fbSignIn,1
/home/arch_design_predict/download-github-repos/mvvm/repos/mvvm_base-master/app/src/main/java/com/mymvvmsample/screens/login_screen/view_model/SignInViewModel.java,com.mymvvmsample.screens.login_screen.view_model.SignInViewModel,SignInViewModel/1[com.mymvvmsample.screens.login_screen.view_model.Application],instaSignInLD,1
/home/arch_design_predict/download-github-repos/mvvm/repos/mvvm_base-master/app/src/main/java/com/mymvvmsample/screens/login_screen/view_model/SignInViewModel.java,com.mymvvmsample.screens.login_screen.view_model.SignInViewModel,SignInViewModel/1[com.mymvvmsample.screens.login_screen.view_model.Application],fbSignInLD,1
/home/arch_design_predict/download-github-repos/mvvm/repos/mvvm_base-master/app/src/main/java/com/nhapt/base/mvvm/MVVMDialog.java,com.nhapt.base.mvvm.MVVMDialog,onActivityCreated/1[com.nhapt.base.mvvm.Bundle],mViewModel,4
/home/arch_design_predict/download-github-repos/mvvm/repos/mvvm_base-master/app/src/main/java/com/nhapt/base/mvvm/MVVMDialog.java,com.nhapt.base.mvvm.MVVMDialog,onActivityCreated/1[com.nhapt.base.mvvm.Bundle],mDataBinding,1
/home/arch_design_predict/download-github-repos/mvvm/repos/mvvm_base-master/app/src/main/java/com/nhapt/base/mvvm/MVVMDialog.java,com.nhapt.base.mvvm.MVVMDialog,onDestroy/0,mViewModel,2
/home/arch_design_predict/download-github-repos/mvvm/repos/mvvm_base-master/app/src/main/java/com/nhapt/base/mvvm/MVVMDialog.java,com.nhapt.base.mvvm.MVVMDialog,getmDataBinding/0,mDataBinding,1
/home/arch_design_predict/download-github-repos/mvvm/repos/mvvm_base-master/app/src/main/java/com/nhapt/base/mvvm/MVVMDialog.java,com.nhapt.base.mvvm.MVVMDialog,"onCreateView/3[com.nhapt.base.mvvm.LayoutInflater,com.nhapt.base.mvvm.ViewGroup,com.nhapt.base.mvvm.Bundle]",mDataBinding,3
/home/arch_design_predict/download-github-repos/mvvm/repos/mvvm_base-master/app/src/main/java/com/nhapt/base/data/response/BaseResponse.java,com.nhapt.base.data.response.BaseResponse,getResponse/0,data,1
/home/arch_design_predict/download-github-repos/mvvm/repos/mvvm_base-master/app/src/main/java/com/nhapt/base/data/response/BaseResponse.java,com.nhapt.base.data.response.BaseResponse,getResponse/0,response,2
/home/arch_design_predict/download-github-repos/mvvm/repos/mvvm_base-master/app/src/main/java/com/nhapt/base/data/response/BaseResponse.java,com.nhapt.base.data.response.BaseResponse,getResponse/0,respone,2
/home/arch_design_predict/download-github-repos/mvvm/repos/mvvm_base-master/app/src/main/java/com/nhapt/base/data/response/BaseResponse.java,com.nhapt.base.data.response.BaseResponse,getMessage/0,message,1
/home/arch_design_predict/download-github-repos/mvvm/repos/mvvm_base-master/app/src/main/java/com/nhapt/base/data/response/BaseResponse.java,com.nhapt.base.data.response.BaseResponse,isSuccess/0,code,1
/home/arch_design_predict/download-github-repos/mvvm/repos/mvvm_base-master/app/src/main/java/com/nhapt/base/data/response/BaseResponse.java,com.nhapt.base.data.response.BaseResponse,getCurrentTime/0,currentTime,1
/home/arch_design_predict/download-github-repos/mvvm/repos/mvvm_base-master/app/src/main/java/com/nhapt/base/data/response/BaseResponse.java,com.nhapt.base.data.response.BaseResponse,getCode/0,code,1
/home/arch_design_predict/download-github-repos/mvvm/repos/mvvm_base-master/app/src/main/java/com/mymvvmsample/screens/app_abstracts/BaseDialogFragment.java,com.mymvvmsample.screens.app_abstracts.BaseDialogFragment,"onViewCreated/2[com.mymvvmsample.screens.app_abstracts.View,com.mymvvmsample.screens.app_abstracts.Bundle]",activity,1
/home/arch_design_predict/download-github-repos/mvvm/repos/mvvm_base-master/app/src/main/java/com/mymvvmsample/screens/app_abstracts/BaseDialogFragment.java,com.mymvvmsample.screens.app_abstracts.BaseDialogFragment,onDestroyView/0,unbinder,2
/home/arch_design_predict/download-github-repos/mvvm/repos/mvvm_base-master/app/src/main/java/com/mymvvmsample/screens/app_abstracts/BaseDialogFragment.java,com.mymvvmsample.screens.app_abstracts.BaseDialogFragment,initUnbinder/1[com.mymvvmsample.screens.app_abstracts.View],unbinder,1
/home/arch_design_predict/download-github-repos/mvvm/repos/mvvm_base-master/app/src/main/java/com/mymvvmsample/screens/app_abstracts/BaseDialogFragment.java,com.mymvvmsample.screens.app_abstracts.BaseDialogFragment,getUserSession/0,activity,2
/home/arch_design_predict/download-github-repos/mvvm/repos/mvvm_base-master/app/src/main/java/com/nhapt/base/dialog/MessageDialog.java,com.nhapt.base.dialog.MessageDialog,setTitle/1[java.lang.String],title,3
/home/arch_design_predict/download-github-repos/mvvm/repos/mvvm_base-master/app/src/main/java/com/nhapt/base/dialog/MessageDialog.java,com.nhapt.base.dialog.MessageDialog,"onViewCreated/2[com.nhapt.base.dialog.View,com.nhapt.base.dialog.Bundle]",title,1
/home/arch_design_predict/download-github-repos/mvvm/repos/mvvm_base-master/app/src/main/java/com/nhapt/base/dialog/MessageDialog.java,com.nhapt.base.dialog.MessageDialog,"onViewCreated/2[com.nhapt.base.dialog.View,com.nhapt.base.dialog.Bundle]",message,1
/home/arch_design_predict/download-github-repos/mvvm/repos/mvvm_base-master/app/src/main/java/com/nhapt/base/dialog/MessageDialog.java,com.nhapt.base.dialog.MessageDialog,setMessage/1[java.lang.String],message,3
/home/arch_design_predict/download-github-repos/mvvm/repos/mvvm_base-master/app/src/main/java/com/mymvvmsample/utils/HexCoder.java,com.mymvvmsample.utils.HexCoder,"appendHex/2[java.lang.StringBuffer,byte]",HEX,2
/home/arch_design_predict/download-github-repos/mvvm/repos/mvvm_base-master/app/src/main/java/com/mymvvmsample/utils/HexCoder.java,com.mymvvmsample.utils.HexCoder,toHex/1[java.lang.String],TAG,1
/home/arch_design_predict/download-github-repos/mvvm/repos/mvvm_base-master/app/src/main/java/com/mymvvmsample/screens/base/dialogs/ConfirmationDialog.java,com.mymvvmsample.screens.base.dialogs.ConfirmationDialog,setListener/1[com.mymvvmsample.screens.base.dialogs.ConfirmationDialog.ConfirmationDialogListener],listener,3
/home/arch_design_predict/download-github-repos/mvvm/repos/mvvm_base-master/app/src/main/java/com/mymvvmsample/screens/base/dialogs/ConfirmationDialog.java,com.mymvvmsample.screens.base.dialogs.ConfirmationDialog,onCreate/1[com.mymvvmsample.screens.base.dialogs.Bundle],msg,1
/home/arch_design_predict/download-github-repos/mvvm/repos/mvvm_base-master/app/src/main/java/com/mymvvmsample/screens/base/dialogs/ConfirmationDialog.java,com.mymvvmsample.screens.base.dialogs.ConfirmationDialog,onCreate/1[com.mymvvmsample.screens.base.dialogs.Bundle],titleText,1
/home/arch_design_predict/download-github-repos/mvvm/repos/mvvm_base-master/app/src/main/java/com/mymvvmsample/screens/base/dialogs/ConfirmationDialog.java,com.mymvvmsample.screens.base.dialogs.ConfirmationDialog,onClick/1[com.mymvvmsample.screens.base.dialogs.View],listener,2
/home/arch_design_predict/download-github-repos/mvvm/repos/mvvm_base-master/app/src/main/java/com/mymvvmsample/screens/base/dialogs/ConfirmationDialog.java,com.mymvvmsample.screens.base.dialogs.ConfirmationDialog,"onViewCreated/2[com.mymvvmsample.screens.base.dialogs.View,com.mymvvmsample.screens.base.dialogs.Bundle]",msg,2
/home/arch_design_predict/download-github-repos/mvvm/repos/mvvm_base-master/app/src/main/java/com/mymvvmsample/screens/base/dialogs/ConfirmationDialog.java,com.mymvvmsample.screens.base.dialogs.ConfirmationDialog,"onViewCreated/2[com.mymvvmsample.screens.base.dialogs.View,com.mymvvmsample.screens.base.dialogs.Bundle]",titleDesc,1
/home/arch_design_predict/download-github-repos/mvvm/repos/mvvm_base-master/app/src/main/java/com/mymvvmsample/screens/base/dialogs/ConfirmationDialog.java,com.mymvvmsample.screens.base.dialogs.ConfirmationDialog,"onViewCreated/2[com.mymvvmsample.screens.base.dialogs.View,com.mymvvmsample.screens.base.dialogs.Bundle]",titleText,2
/home/arch_design_predict/download-github-repos/mvvm/repos/mvvm_base-master/app/src/main/java/com/mymvvmsample/screens/base/dialogs/ConfirmationDialog.java,com.mymvvmsample.screens.base.dialogs.ConfirmationDialog,"onViewCreated/2[com.mymvvmsample.screens.base.dialogs.View,com.mymvvmsample.screens.base.dialogs.Bundle]",title,1
/home/arch_design_predict/download-github-repos/mvvm/repos/mvvm_base-master/app/src/main/java/com/nhapt/base/data/APIClient.java,com.nhapt.base.data.APIClient,APIClient/1[com.nhapt.base.data.Context],context,3
/home/arch_design_predict/download-github-repos/mvvm/repos/mvvm_base-master/app/src/main/java/com/nhapt/base/data/APIClient.java,com.nhapt.base.data.APIClient,newInstance/1[com.nhapt.base.data.Context],ourInstance,3
/home/arch_design_predict/download-github-repos/mvvm/repos/mvvm_base-master/app/src/main/java/com/nhapt/base/data/APIClient.java,com.nhapt.base.data.APIClient,newInstance/1[com.nhapt.base.data.Context],context,2
/home/arch_design_predict/download-github-repos/mvvm/repos/mvvm_base-master/app/src/main/java/com/nhapt/base/data/APIClient.java,com.nhapt.base.data.APIClient,getApiService/0,apiService,1
/home/arch_design_predict/download-github-repos/mvvm/repos/mvvm_base-master/app/src/main/java/com/nhapt/base/data/APIClient.java,com.nhapt.base.data.APIClient,getInstance/0,ourInstance,1
/home/arch_design_predict/download-github-repos/mvvm/repos/mvvm_base-master/app/src/main/java/com/nhapt/base/data/APIClient.java,com.nhapt.base.data.APIClient,generateAPIService/0,apiService,3
/home/arch_design_predict/download-github-repos/mvvm/repos/mvvm_base-master/app/src/main/java/com/nhapt/base/widget/NumberTextWatcher.java,com.nhapt.base.widget.NumberTextWatcher,"onTextChanged/4[java.lang.CharSequence,int,int,int]",df,1
/home/arch_design_predict/download-github-repos/mvvm/repos/mvvm_base-master/app/src/main/java/com/nhapt/base/widget/NumberTextWatcher.java,com.nhapt.base.widget.NumberTextWatcher,"onTextChanged/4[java.lang.CharSequence,int,int,int]",hasFractionalPart,2
/home/arch_design_predict/download-github-repos/mvvm/repos/mvvm_base-master/app/src/main/java/com/nhapt/base/widget/NumberTextWatcher.java,com.nhapt.base.widget.NumberTextWatcher,afterTextChanged/1[com.nhapt.base.widget.Editable],df,3
/home/arch_design_predict/download-github-repos/mvvm/repos/mvvm_base-master/app/src/main/java/com/nhapt/base/widget/NumberTextWatcher.java,com.nhapt.base.widget.NumberTextWatcher,afterTextChanged/1[com.nhapt.base.widget.Editable],hasFractionalPart,1
/home/arch_design_predict/download-github-repos/mvvm/repos/mvvm_base-master/app/src/main/java/com/nhapt/base/widget/NumberTextWatcher.java,com.nhapt.base.widget.NumberTextWatcher,afterTextChanged/1[com.nhapt.base.widget.Editable],dfnd,1
/home/arch_design_predict/download-github-repos/mvvm/repos/mvvm_base-master/app/src/main/java/com/nhapt/base/widget/NumberTextWatcher.java,com.nhapt.base.widget.NumberTextWatcher,afterTextChanged/1[com.nhapt.base.widget.Editable],et,11
/home/arch_design_predict/download-github-repos/mvvm/repos/mvvm_base-master/app/src/main/java/com/nhapt/base/widget/NumberTextWatcher.java,com.nhapt.base.widget.NumberTextWatcher,NumberTextWatcher/1[com.nhapt.base.widget.EditText],df,2
/home/arch_design_predict/download-github-repos/mvvm/repos/mvvm_base-master/app/src/main/java/com/nhapt/base/widget/NumberTextWatcher.java,com.nhapt.base.widget.NumberTextWatcher,NumberTextWatcher/1[com.nhapt.base.widget.EditText],dfnd,1
/home/arch_design_predict/download-github-repos/mvvm/repos/mvvm_base-master/app/src/main/java/com/nhapt/base/widget/NumberTextWatcher.java,com.nhapt.base.widget.NumberTextWatcher,NumberTextWatcher/1[com.nhapt.base.widget.EditText],hasFractionalPart,1
/home/arch_design_predict/download-github-repos/mvvm/repos/mvvm_base-master/app/src/main/java/com/nhapt/base/widget/NumberTextWatcher.java,com.nhapt.base.widget.NumberTextWatcher,NumberTextWatcher/1[com.nhapt.base.widget.EditText],et,3
/home/arch_design_predict/download-github-repos/mvvm/repos/mvvm_base-master/app/src/main/java/com/nhapt/base/mvvm/MVVMBottomFragment.java,com.nhapt.base.mvvm.MVVMBottomFragment,onDestroy/0,mViewModel,2
/home/arch_design_predict/download-github-repos/mvvm/repos/mvvm_base-master/app/src/main/java/com/nhapt/base/mvvm/MVVMBottomFragment.java,com.nhapt.base.mvvm.MVVMBottomFragment,getmDataBinding/0,mDataBinding,1
/home/arch_design_predict/download-github-repos/mvvm/repos/mvvm_base-master/app/src/main/java/com/nhapt/base/mvvm/MVVMBottomFragment.java,com.nhapt.base.mvvm.MVVMBottomFragment,"onCreateView/3[com.nhapt.base.mvvm.LayoutInflater,com.nhapt.base.mvvm.ViewGroup,com.nhapt.base.mvvm.Bundle]",mViewModel,4
/home/arch_design_predict/download-github-repos/mvvm/repos/mvvm_base-master/app/src/main/java/com/nhapt/base/mvvm/MVVMBottomFragment.java,com.nhapt.base.mvvm.MVVMBottomFragment,"onCreateView/3[com.nhapt.base.mvvm.LayoutInflater,com.nhapt.base.mvvm.ViewGroup,com.nhapt.base.mvvm.Bundle]",mDataBinding,5
/home/arch_design_predict/download-github-repos/mvvm/repos/mvvm_base-master/app/src/main/java/com/mymvvmsample/screens/app_abstracts/BaseActivity.java,com.mymvvmsample.screens.app_abstracts.BaseActivity,showProgressDialog/0,mBar,2
/home/arch_design_predict/download-github-repos/mvvm/repos/mvvm_base-master/app/src/main/java/com/mymvvmsample/screens/app_abstracts/BaseActivity.java,com.mymvvmsample.screens.app_abstracts.BaseActivity,showProgressDialog/0,progressUtil,3
/home/arch_design_predict/download-github-repos/mvvm/repos/mvvm_base-master/app/src/main/java/com/mymvvmsample/screens/app_abstracts/BaseActivity.java,com.mymvvmsample.screens.app_abstracts.BaseActivity,dismissProgressDialog/0,mBar,2
/home/arch_design_predict/download-github-repos/mvvm/repos/mvvm_base-master/app/src/main/java/com/mymvvmsample/screens/app_abstracts/BaseActivity.java,com.mymvvmsample.screens.app_abstracts.BaseActivity,dismissProgressDialog/0,progressUtil,3
/home/arch_design_predict/download-github-repos/mvvm/repos/mvvm_base-master/app/src/main/java/com/mymvvmsample/screens/app_abstracts/BaseActivity.java,com.mymvvmsample.screens.app_abstracts.BaseActivity,getUserSession/0,mUserSession,3
/home/arch_design_predict/download-github-repos/mvvm/repos/mvvm_base-master/app/src/main/java/com/mymvvmsample/screens/app_abstracts/BaseActivity.java,com.mymvvmsample.screens.app_abstracts.BaseActivity,getGsonBuilder/0,mGson,3
/home/arch_design_predict/download-github-repos/mvvm/repos/mvvm_base-master/app/src/main/java/com/mymvvmsample/screens/app_abstracts/BaseActivity.java,com.mymvvmsample.screens.app_abstracts.BaseActivity,getPreferencesUtil/0,mPreferencesUtil,3
/home/arch_design_predict/download-github-repos/mvvm/repos/mvvm_base-master/app/src/main/java/com/nhapt/base/mvvm/BaseViewHolder.java,com.nhapt.base.mvvm.BaseViewHolder,getDataBinding/0,dataBinding,1
/home/arch_design_predict/download-github-repos/mvvm/repos/mvvm_base-master/app/src/main/java/com/nhapt/base/mvvm/BaseViewHolder.java,com.nhapt.base.mvvm.BaseViewHolder,BaseViewHolder/1[V],dataBinding,1
/home/arch_design_predict/download-github-repos/mvvm/repos/mvvm_base-master/app/src/main/java/com/mymvvmsample/screens/app_abstracts/BaseFragment.java,com.mymvvmsample.screens.app_abstracts.BaseFragment,"onViewCreated/2[com.mymvvmsample.screens.app_abstracts.View,com.mymvvmsample.screens.app_abstracts.Bundle]",activity,1
/home/arch_design_predict/download-github-repos/mvvm/repos/mvvm_base-master/app/src/main/java/com/mymvvmsample/screens/app_abstracts/BaseFragment.java,com.mymvvmsample.screens.app_abstracts.BaseFragment,onDestroyView/0,unbinder,2
/home/arch_design_predict/download-github-repos/mvvm/repos/mvvm_base-master/app/src/main/java/com/mymvvmsample/screens/app_abstracts/BaseFragment.java,com.mymvvmsample.screens.app_abstracts.BaseFragment,initUnbinder/1[com.mymvvmsample.screens.app_abstracts.View],unbinder,1
/home/arch_design_predict/download-github-repos/mvvm/repos/mvvm_base-master/app/src/main/java/com/mymvvmsample/screens/app_abstracts/BaseFragment.java,com.mymvvmsample.screens.app_abstracts.BaseFragment,getUserSession/0,activity,2
/home/arch_design_predict/download-github-repos/mvvm/repos/mvvm_base-master/app/src/main/java/com/mymvvmsample/screens/app_abstracts/BaseFragment.java,com.mymvvmsample.screens.app_abstracts.BaseFragment,showToast/1[java.lang.String],activity,2
/home/arch_design_predict/download-github-repos/mvvm/repos/mvvm_base-master/app/src/main/java/com/mymvvmsample/screens/app_abstracts/BaseFragment.java,com.mymvvmsample.screens.app_abstracts.BaseFragment,hideKeyBoard/0,activity,2
/home/arch_design_predict/download-github-repos/mvvm/repos/mvvm_base-master/app/src/main/java/com/mymvvmsample/screens/app_abstracts/BaseFragment.java,com.mymvvmsample.screens.app_abstracts.BaseFragment,showProgressDialog/0,activity,2
/home/arch_design_predict/download-github-repos/mvvm/repos/mvvm_base-master/app/src/main/java/com/mymvvmsample/screens/app_abstracts/BaseFragment.java,com.mymvvmsample.screens.app_abstracts.BaseFragment,dismissProgressDialog/0,activity,2
/home/arch_design_predict/download-github-repos/mvvm/repos/mvvm_base-master/app/src/main/java/com/mymvvmsample/data/app_prefs/UserSessionImpl.java,com.mymvvmsample.data.app_prefs.UserSessionImpl,"getInstance/2[com.mymvvmsample.utils.PreferencesUtil,com.mymvvmsample.data.app_prefs.Gson]",prefInstance,4
/home/arch_design_predict/download-github-repos/mvvm/repos/mvvm_base-master/app/src/main/java/com/mymvvmsample/data/app_prefs/UserSessionImpl.java,com.mymvvmsample.data.app_prefs.UserSessionImpl,"UserSessionImpl/2[com.mymvvmsample.utils.PreferencesUtil,com.mymvvmsample.data.app_prefs.Gson]",mPreferencesUtil,1
/home/arch_design_predict/download-github-repos/mvvm/repos/mvvm_base-master/app/src/main/java/com/mymvvmsample/data/app_prefs/UserSessionImpl.java,com.mymvvmsample.data.app_prefs.UserSessionImpl,"UserSessionImpl/2[com.mymvvmsample.utils.PreferencesUtil,com.mymvvmsample.data.app_prefs.Gson]",mGson,1
/home/arch_design_predict/download-github-repos/mvvm/repos/mvvm_base-master/app/src/main/java/com/mymvvmsample/data/app_prefs/UserSessionImpl.java,com.mymvvmsample.data.app_prefs.UserSessionImpl,saveDeviceId/1[java.lang.String],mPreferencesUtil,1
/home/arch_design_predict/download-github-repos/mvvm/repos/mvvm_base-master/app/src/main/java/com/mymvvmsample/data/app_prefs/UserSessionImpl.java,com.mymvvmsample.data.app_prefs.UserSessionImpl,saveUserData/1[com.mymvvmsample.data.app_prefs.UserDataBean],mPreferencesUtil,2
/home/arch_design_predict/download-github-repos/mvvm/repos/mvvm_base-master/app/src/main/java/com/mymvvmsample/data/app_prefs/UserSessionImpl.java,com.mymvvmsample.data.app_prefs.UserSessionImpl,saveUserData/1[com.mymvvmsample.data.app_prefs.UserDataBean],mGson,1
/home/arch_design_predict/download-github-repos/mvvm/repos/mvvm_base-master/app/src/main/java/com/mymvvmsample/data/app_prefs/UserSessionImpl.java,com.mymvvmsample.data.app_prefs.UserSessionImpl,saveUserToken/1[java.lang.String],mPreferencesUtil,1
/home/arch_design_predict/download-github-repos/mvvm/repos/mvvm_base-master/app/src/main/java/com/mymvvmsample/data/app_prefs/UserSessionImpl.java,com.mymvvmsample.data.app_prefs.UserSessionImpl,getSavedUserToken/0,mPreferencesUtil,1
/home/arch_design_predict/download-github-repos/mvvm/repos/mvvm_base-master/app/src/main/java/com/mymvvmsample/data/app_prefs/UserSessionImpl.java,com.mymvvmsample.data.app_prefs.UserSessionImpl,getSavedUserData/0,mPreferencesUtil,1
/home/arch_design_predict/download-github-repos/mvvm/repos/mvvm_base-master/app/src/main/java/com/mymvvmsample/data/app_prefs/UserSessionImpl.java,com.mymvvmsample.data.app_prefs.UserSessionImpl,getSavedUserData/0,mGson,1
/home/arch_design_predict/download-github-repos/mvvm/repos/mvvm_base-master/app/src/main/java/com/mymvvmsample/data/app_prefs/UserSessionImpl.java,com.mymvvmsample.data.app_prefs.UserSessionImpl,getSavedUserData/0,TAG,1
/home/arch_design_predict/download-github-repos/mvvm/repos/mvvm_base-master/app/src/main/java/com/mymvvmsample/data/app_prefs/UserSessionImpl.java,com.mymvvmsample.data.app_prefs.UserSessionImpl,saveIsUserSignedIn/1[boolean],mPreferencesUtil,1
/home/arch_design_predict/download-github-repos/mvvm/repos/mvvm_base-master/app/src/main/java/com/mymvvmsample/data/app_prefs/UserSessionImpl.java,com.mymvvmsample.data.app_prefs.UserSessionImpl,getSavedDeviceId/0,mPreferencesUtil,1
/home/arch_design_predict/download-github-repos/mvvm/repos/mvvm_base-master/app/src/main/java/com/mymvvmsample/data/app_prefs/UserSessionImpl.java,com.mymvvmsample.data.app_prefs.UserSessionImpl,isUserLoggedIn/0,mPreferencesUtil,1
/home/arch_design_predict/download-github-repos/mvvm/repos/mvvm_base-master/app/src/main/java/com/nhapt/base/util/PreferenceUtil.java,com.nhapt.base.util.PreferenceUtil,"setAccessToken/2[com.nhapt.base.util.Context,java.lang.String]",PRE_ACCESS_TOKEN,1
/home/arch_design_predict/download-github-repos/mvvm/repos/mvvm_base-master/app/src/main/java/com/nhapt/base/util/PreferenceUtil.java,com.nhapt.base.util.PreferenceUtil,getObjUserId/1[com.nhapt.base.util.Context],PRE_OBJ_USER_ID,1
/home/arch_design_predict/download-github-repos/mvvm/repos/mvvm_base-master/app/src/main/java/com/nhapt/base/util/PreferenceUtil.java,com.nhapt.base.util.PreferenceUtil,getAccessToken/1[com.nhapt.base.util.Context],PRE_ACCESS_TOKEN,1
/home/arch_design_predict/download-github-repos/mvvm/repos/mvvm_base-master/app/src/main/java/com/nhapt/base/util/PreferenceUtil.java,com.nhapt.base.util.PreferenceUtil,"setObjUserId/2[com.nhapt.base.util.Context,java.lang.String]",PRE_OBJ_USER_ID,1
/home/arch_design_predict/download-github-repos/mvvm/repos/mvvm_base-master/app/src/main/java/com/mymvvmsample/screens/phone_authentication_screen/PhoneAuthenticationScreen.java,com.mymvvmsample.screens.phone_authentication_screen.PhoneAuthenticationScreen,phoneAuthenticationMethod/1[java.lang.String],mCallbacks,1
/home/arch_design_predict/download-github-repos/mvvm/repos/mvvm_base-master/app/src/main/java/com/mymvvmsample/screens/phone_authentication_screen/PhoneAuthenticationScreen.java,com.mymvvmsample.screens.phone_authentication_screen.PhoneAuthenticationScreen,initViews/0,context,1
/home/arch_design_predict/download-github-repos/mvvm/repos/mvvm_base-master/app/src/main/java/com/mymvvmsample/screens/phone_authentication_screen/PhoneAuthenticationScreen.java,com.mymvvmsample.screens.phone_authentication_screen.PhoneAuthenticationScreen,onClick/1[com.mymvvmsample.screens.phone_authentication_screen.View],authBtn,5
/home/arch_design_predict/download-github-repos/mvvm/repos/mvvm_base-master/app/src/main/java/com/mymvvmsample/screens/phone_authentication_screen/PhoneAuthenticationScreen.java,com.mymvvmsample.screens.phone_authentication_screen.PhoneAuthenticationScreen,onClick/1[com.mymvvmsample.screens.phone_authentication_screen.View],codeET,2
/home/arch_design_predict/download-github-repos/mvvm/repos/mvvm_base-master/app/src/main/java/com/mymvvmsample/screens/phone_authentication_screen/PhoneAuthenticationScreen.java,com.mymvvmsample.screens.phone_authentication_screen.PhoneAuthenticationScreen,onClick/1[com.mymvvmsample.screens.phone_authentication_screen.View],phoneET,2
/home/arch_design_predict/download-github-repos/mvvm/repos/mvvm_base-master/app/src/main/java/com/nhapt/base/mvvm/BaseRecyclerViewAdapter.java,com.nhapt.base.mvvm.BaseRecyclerViewAdapter,setmItemClickListener/1[com.nhapt.base.mvvm.BaseRecyclerViewAdapter.OnItemClickListener],mItemClickListener,3
/home/arch_design_predict/download-github-repos/mvvm/repos/mvvm_base-master/app/src/main/java/com/mymvvmsample/utils/PreferencesUtil.java,com.mymvvmsample.utils.PreferencesUtil,"savePreferencesLong/2[java.lang.String,long]",mSharedPreferences,1
/home/arch_design_predict/download-github-repos/mvvm/repos/mvvm_base-master/app/src/main/java/com/mymvvmsample/utils/PreferencesUtil.java,com.mymvvmsample.utils.PreferencesUtil,getPreferencesBoolean/1[java.lang.String],mSharedPreferences,1
/home/arch_design_predict/download-github-repos/mvvm/repos/mvvm_base-master/app/src/main/java/com/mymvvmsample/utils/PreferencesUtil.java,com.mymvvmsample.utils.PreferencesUtil,getPreferencesLong/1[java.lang.String],mSharedPreferences,1
/home/arch_design_predict/download-github-repos/mvvm/repos/mvvm_base-master/app/src/main/java/com/mymvvmsample/utils/PreferencesUtil.java,com.mymvvmsample.utils.PreferencesUtil,getPreferencesLong/1[java.lang.String],DEFAULT_INT,1
/home/arch_design_predict/download-github-repos/mvvm/repos/mvvm_base-master/app/src/main/java/com/mymvvmsample/utils/PreferencesUtil.java,com.mymvvmsample.utils.PreferencesUtil,getPreferencesInt/1[java.lang.String],mSharedPreferences,1
/home/arch_design_predict/download-github-repos/mvvm/repos/mvvm_base-master/app/src/main/java/com/mymvvmsample/utils/PreferencesUtil.java,com.mymvvmsample.utils.PreferencesUtil,getPreferencesInt/1[java.lang.String],DEFAULT_INT,1
/home/arch_design_predict/download-github-repos/mvvm/repos/mvvm_base-master/app/src/main/java/com/mymvvmsample/utils/PreferencesUtil.java,com.mymvvmsample.utils.PreferencesUtil,"savePreferences/2[java.lang.String,java.lang.String]",mSharedPreferences,1
/home/arch_design_predict/download-github-repos/mvvm/repos/mvvm_base-master/app/src/main/java/com/mymvvmsample/utils/PreferencesUtil.java,com.mymvvmsample.utils.PreferencesUtil,getPreferences/1[java.lang.String],mSharedPreferences,1
/home/arch_design_predict/download-github-repos/mvvm/repos/mvvm_base-master/app/src/main/java/com/mymvvmsample/utils/PreferencesUtil.java,com.mymvvmsample.utils.PreferencesUtil,"savePreferencesBoolean/2[java.lang.String,boolean]",mSharedPreferences,1
/home/arch_design_predict/download-github-repos/mvvm/repos/mvvm_base-master/app/src/main/java/com/mymvvmsample/utils/PreferencesUtil.java,com.mymvvmsample.utils.PreferencesUtil,"savePreferencesInt/2[java.lang.String,int]",mSharedPreferences,1
/home/arch_design_predict/download-github-repos/mvvm/repos/mvvm_base-master/app/src/main/java/com/mymvvmsample/utils/PreferencesUtil.java,com.mymvvmsample.utils.PreferencesUtil,PreferencesUtil/1[com.mymvvmsample.utils.SharedPreferences],mSharedPreferences,1
/home/arch_design_predict/download-github-repos/mvvm/repos/mvvm_base-master/app/src/main/java/com/mymvvmsample/data/network/CallServer.java,com.mymvvmsample.data.network.CallServer,get/0,instance,4
/home/arch_design_predict/download-github-repos/mvvm/repos/mvvm_base-master/app/src/main/java/com/mymvvmsample/data/network/CallServer.java,com.mymvvmsample.data.network.CallServer,buildRetrofitServices/0,utils,1
/home/arch_design_predict/download-github-repos/mvvm/repos/mvvm_base-master/app/src/main/java/com/mymvvmsample/data/network/CallServer.java,com.mymvvmsample.data.network.CallServer,getAPIName/0,utils,1
/home/arch_design_predict/download-github-repos/mvvm/repos/mvvm_base-master/app/src/main/java/com/nhapt/base/util/TakeImageManager.java,com.nhapt.base.util.TakeImageManager,resizeImage/0,mImageFile,6
/home/arch_design_predict/download-github-repos/mvvm/repos/mvvm_base-master/app/src/main/java/com/nhapt/base/util/TakeImageManager.java,com.nhapt.base.util.TakeImageManager,resizeImage/0,mOnGetImageListener,2
/home/arch_design_predict/download-github-repos/mvvm/repos/mvvm_base-master/app/src/main/java/com/nhapt/base/util/TakeImageManager.java,com.nhapt.base.util.TakeImageManager,"onActivityResult/3[int,int,com.nhapt.base.util.Intent]",mVideoUri,2
/home/arch_design_predict/download-github-repos/mvvm/repos/mvvm_base-master/app/src/main/java/com/nhapt/base/util/TakeImageManager.java,com.nhapt.base.util.TakeImageManager,"onActivityResult/3[int,int,com.nhapt.base.util.Intent]",mOnCaptureVideoListener,2
/home/arch_design_predict/download-github-repos/mvvm/repos/mvvm_base-master/app/src/main/java/com/nhapt/base/util/TakeImageManager.java,com.nhapt.base.util.TakeImageManager,"onActivityResult/3[int,int,com.nhapt.base.util.Intent]",OPEN_CAMERA,1
/home/arch_design_predict/download-github-repos/mvvm/repos/mvvm_base-master/app/src/main/java/com/nhapt/base/util/TakeImageManager.java,com.nhapt.base.util.TakeImageManager,"onActivityResult/3[int,int,com.nhapt.base.util.Intent]",SETTING_CAMERA,1
/home/arch_design_predict/download-github-repos/mvvm/repos/mvvm_base-master/app/src/main/java/com/nhapt/base/util/TakeImageManager.java,com.nhapt.base.util.TakeImageManager,"onActivityResult/3[int,int,com.nhapt.base.util.Intent]",mFragment,1
/home/arch_design_predict/download-github-repos/mvvm/repos/mvvm_base-master/app/src/main/java/com/nhapt/base/util/TakeImageManager.java,com.nhapt.base.util.TakeImageManager,"onActivityResult/3[int,int,com.nhapt.base.util.Intent]",OPEN_VIDEO_CAPTURE,1
/home/arch_design_predict/download-github-repos/mvvm/repos/mvvm_base-master/app/src/main/java/com/nhapt/base/util/TakeImageManager.java,com.nhapt.base.util.TakeImageManager,onTakeImage/0,PERMISSION_CAMERA,1
/home/arch_design_predict/download-github-repos/mvvm/repos/mvvm_base-master/app/src/main/java/com/nhapt/base/util/TakeImageManager.java,com.nhapt.base.util.TakeImageManager,onTakeImage/0,mFragment,4
/home/arch_design_predict/download-github-repos/mvvm/repos/mvvm_base-master/app/src/main/java/com/nhapt/base/util/TakeImageManager.java,com.nhapt.base.util.TakeImageManager,onCaptureImage/0,mImageFile,1
/home/arch_design_predict/download-github-repos/mvvm/repos/mvvm_base-master/app/src/main/java/com/nhapt/base/util/TakeImageManager.java,com.nhapt.base.util.TakeImageManager,onCaptureImage/0,OPEN_CAMERA,1
/home/arch_design_predict/download-github-repos/mvvm/repos/mvvm_base-master/app/src/main/java/com/nhapt/base/util/TakeImageManager.java,com.nhapt.base.util.TakeImageManager,onCaptureImage/0,mFragment,5
/home/arch_design_predict/download-github-repos/mvvm/repos/mvvm_base-master/app/src/main/java/com/nhapt/base/util/TakeImageManager.java,com.nhapt.base.util.TakeImageManager,TakeImageManager/1[com.nhapt.base.mvvm.MVVMFragment],mFragment,3
/home/arch_design_predict/download-github-repos/mvvm/repos/mvvm_base-master/app/src/main/java/com/nhapt/base/util/TakeImageManager.java,com.nhapt.base.util.TakeImageManager,setmOnGetImageListener/1[com.nhapt.base.listener.OnSelectImageListener],mOnGetImageListener,3
/home/arch_design_predict/download-github-repos/mvvm/repos/mvvm_base-master/app/src/main/java/com/nhapt/base/util/TakeImageManager.java,com.nhapt.base.util.TakeImageManager,setmOnCaptureVideoListener/1[com.nhapt.base.listener.OnCaptureVideoListener],mOnCaptureVideoListener,3
/home/arch_design_predict/download-github-repos/mvvm/repos/mvvm_base-master/app/src/main/java/com/nhapt/base/util/TakeImageManager.java,com.nhapt.base.util.TakeImageManager,onTakeVideo/0,mFragment,2
/home/arch_design_predict/download-github-repos/mvvm/repos/mvvm_base-master/app/src/main/java/com/nhapt/base/util/TakeImageManager.java,com.nhapt.base.util.TakeImageManager,onTakeVideo/0,OPEN_VIDEO_CAPTURE,1
/home/arch_design_predict/download-github-repos/mvvm/repos/mvvm_base-master/app/src/main/java/com/nhapt/base/util/TakeImageManager.java,com.nhapt.base.util.TakeImageManager,notShouldShowCameraPermission/0,mFragment,7
/home/arch_design_predict/download-github-repos/mvvm/repos/mvvm_base-master/app/src/main/java/com/nhapt/base/util/TakeImageManager.java,com.nhapt.base.util.TakeImageManager,notShouldShowCameraPermission/0,SETTING_CAMERA,1
/home/arch_design_predict/download-github-repos/mvvm/repos/mvvm_base-master/app/src/main/java/com/nhapt/base/util/TakeImageManager.java,com.nhapt.base.util.TakeImageManager,"onRequestPermissionsResult/3[int,java.lang.String[],int[]]",PERMISSION_CAMERA,1
/home/arch_design_predict/download-github-repos/mvvm/repos/mvvm_base-master/app/src/main/java/com/mymvvmsample/data/social_login/LoginViaSocialAccounts.java,com.mymvvmsample.data.social_login.LoginViaSocialAccounts,signInWithFacebook/0,mActivity,1
/home/arch_design_predict/download-github-repos/mvvm/repos/mvvm_base-master/app/src/main/java/com/mymvvmsample/data/social_login/LoginViaSocialAccounts.java,com.mymvvmsample.data.social_login.LoginViaSocialAccounts,"fbOnActivityResult/3[int,int,com.mymvvmsample.data.social_login.Intent]",callbackManager,1
/home/arch_design_predict/download-github-repos/mvvm/repos/mvvm_base-master/app/src/main/java/com/mymvvmsample/data/social_login/LoginViaSocialAccounts.java,com.mymvvmsample.data.social_login.LoginViaSocialAccounts,signOutGoogleAccount/0,mGoogleSignInClient,2
/home/arch_design_predict/download-github-repos/mvvm/repos/mvvm_base-master/app/src/main/java/com/mymvvmsample/data/social_login/LoginViaSocialAccounts.java,com.mymvvmsample.data.social_login.LoginViaSocialAccounts,signOutGoogleAccount/0,mActivity,2
/home/arch_design_predict/download-github-repos/mvvm/repos/mvvm_base-master/app/src/main/java/com/mymvvmsample/data/social_login/LoginViaSocialAccounts.java,com.mymvvmsample.data.social_login.LoginViaSocialAccounts,initFacebookLogin/0,callbackManager,2
/home/arch_design_predict/download-github-repos/mvvm/repos/mvvm_base-master/app/src/main/java/com/mymvvmsample/data/social_login/LoginViaSocialAccounts.java,com.mymvvmsample.data.social_login.LoginViaSocialAccounts,initGoogleSignIn/0,mGoogleSignInClient,1
/home/arch_design_predict/download-github-repos/mvvm/repos/mvvm_base-master/app/src/main/java/com/mymvvmsample/data/social_login/LoginViaSocialAccounts.java,com.mymvvmsample.data.social_login.LoginViaSocialAccounts,initGoogleSignIn/0,mActivity,1
/home/arch_design_predict/download-github-repos/mvvm/repos/mvvm_base-master/app/src/main/java/com/mymvvmsample/data/social_login/LoginViaSocialAccounts.java,com.mymvvmsample.data.social_login.LoginViaSocialAccounts,handleSignInResult/1[com.mymvvmsample.data.social_login.Intent],mSocialResponseHandler,3
/home/arch_design_predict/download-github-repos/mvvm/repos/mvvm_base-master/app/src/main/java/com/mymvvmsample/data/social_login/LoginViaSocialAccounts.java,com.mymvvmsample.data.social_login.LoginViaSocialAccounts,"LoginViaSocialAccounts/2[com.mymvvmsample.data.social_login.Activity,com.mymvvmsample.data.social_login.LoginViaSocialAccounts.SocialLoginResponseHandler]",mActivity,1
/home/arch_design_predict/download-github-repos/mvvm/repos/mvvm_base-master/app/src/main/java/com/mymvvmsample/data/social_login/LoginViaSocialAccounts.java,com.mymvvmsample.data.social_login.LoginViaSocialAccounts,"LoginViaSocialAccounts/2[com.mymvvmsample.data.social_login.Activity,com.mymvvmsample.data.social_login.LoginViaSocialAccounts.SocialLoginResponseHandler]",mContext,1
/home/arch_design_predict/download-github-repos/mvvm/repos/mvvm_base-master/app/src/main/java/com/mymvvmsample/data/social_login/LoginViaSocialAccounts.java,com.mymvvmsample.data.social_login.LoginViaSocialAccounts,"LoginViaSocialAccounts/2[com.mymvvmsample.data.social_login.Activity,com.mymvvmsample.data.social_login.LoginViaSocialAccounts.SocialLoginResponseHandler]",mSocialResponseHandler,1
/home/arch_design_predict/download-github-repos/mvvm/repos/mvvm_base-master/app/src/main/java/com/mymvvmsample/data/social_login/LoginViaSocialAccounts.java,com.mymvvmsample.data.social_login.LoginViaSocialAccounts,signInWithGoogle/0,mGoogleSignInClient,1
/home/arch_design_predict/download-github-repos/mvvm/repos/mvvm_base-master/app/src/main/java/com/mymvvmsample/data/social_login/LoginViaSocialAccounts.java,com.mymvvmsample.data.social_login.LoginViaSocialAccounts,signInWithGoogle/0,mActivity,1
/home/arch_design_predict/download-github-repos/mvvm/repos/mvvm_base-master/app/src/main/java/com/mymvvmsample/data/social_login/LoginViaSocialAccounts.java,com.mymvvmsample.data.social_login.LoginViaSocialAccounts,signInWithGoogle/0,RC_SIGN_IN,1
/home/arch_design_predict/download-github-repos/mvvm/repos/mvvm_base-master/app/src/main/java/com/mymvvmsample/screens/splash_screen/SplashActivity.java,com.mymvvmsample.screens.splash_screen.SplashActivity,onCreate/1[com.mymvvmsample.screens.splash_screen.Bundle],context,1
/home/arch_design_predict/download-github-repos/mvvm/repos/mvvm_base-master/app/src/main/java/com/mymvvmsample/screens/splash_screen/SplashActivity.java,com.mymvvmsample.screens.splash_screen.SplashActivity,printHashKey/0,TAG,3
/home/arch_design_predict/download-github-repos/mvvm/repos/mvvm_base-master/app/src/main/java/com/nhapt/base/mvvm/BaseViewModel.java,com.nhapt.base.mvvm.BaseViewModel,setNavigator/1[N],mNavigator,1
/home/arch_design_predict/download-github-repos/mvvm/repos/mvvm_base-master/app/src/main/java/com/nhapt/base/mvvm/BaseViewModel.java,com.nhapt.base.mvvm.BaseViewModel,getNavigator/0,mNavigator,1
/home/arch_design_predict/download-github-repos/mvvm/repos/mvvm_base-master/app/src/main/java/com/nhapt/base/dialog/LoadingDialog.java,com.nhapt.base.dialog.LoadingDialog,dismiss/0,isShow,1
/home/arch_design_predict/download-github-repos/mvvm/repos/mvvm_base-master/app/src/main/java/com/nhapt/base/dialog/LoadingDialog.java,com.nhapt.base.dialog.LoadingDialog,onDismiss/1[com.nhapt.base.dialog.DialogInterface],isShow,1
/home/arch_design_predict/download-github-repos/mvvm/repos/mvvm_base-master/app/src/main/java/com/nhapt/base/dialog/LoadingDialog.java,com.nhapt.base.dialog.LoadingDialog,"show/2[com.nhapt.base.dialog.FragmentTransaction,java.lang.String]",isShow,2
/home/arch_design_predict/download-github-repos/mvvm/repos/mvvm_base-master/app/src/main/java/com/nhapt/base/dialog/LoadingDialog.java,com.nhapt.base.dialog.LoadingDialog,"show/2[com.nhapt.base.dialog.FragmentManager,java.lang.String]",isShow,2
/home/arch_design_predict/download-github-repos/mvvm/repos/mvvm_base-master/app/src/main/java/com/nhapt/base/dialog/LoadingDialog.java,com.nhapt.base.dialog.LoadingDialog,onDestroy/0,isShow,1
/home/arch_design_predict/download-github-repos/mvvm/repos/mvvm_base-master/app/src/main/java/com/nhapt/base/dialog/LoadingDialog.java,com.nhapt.base.dialog.LoadingDialog,dismissAllowingStateLoss/0,isShow,1
/home/arch_design_predict/download-github-repos/mvvm/repos/mvvm_base-master/app/src/main/java/com/mymvvmsample/screens/login_screen/SignInActivity.java,com.mymvvmsample.screens.login_screen.SignInActivity,subscribeViewModel/0,model,3
/home/arch_design_predict/download-github-repos/mvvm/repos/mvvm_base-master/app/src/main/java/com/mymvvmsample/screens/login_screen/SignInActivity.java,com.mymvvmsample.screens.login_screen.SignInActivity,"callSocialSigIn/2[com.mymvvmsample.screens.login_screen.Bundle,java.lang.String]",termCondition,1
/home/arch_design_predict/download-github-repos/mvvm/repos/mvvm_base-master/app/src/main/java/com/mymvvmsample/screens/login_screen/SignInActivity.java,com.mymvvmsample.screens.login_screen.SignInActivity,"callSocialSigIn/2[com.mymvvmsample.screens.login_screen.Bundle,java.lang.String]",context,2
/home/arch_design_predict/download-github-repos/mvvm/repos/mvvm_base-master/app/src/main/java/com/mymvvmsample/screens/login_screen/SignInActivity.java,com.mymvvmsample.screens.login_screen.SignInActivity,"callSocialSigIn/2[com.mymvvmsample.screens.login_screen.Bundle,java.lang.String]",model,2
/home/arch_design_predict/download-github-repos/mvvm/repos/mvvm_base-master/app/src/main/java/com/mymvvmsample/screens/login_screen/SignInActivity.java,com.mymvvmsample.screens.login_screen.SignInActivity,initializeItems/0,socialLoginApi,3
/home/arch_design_predict/download-github-repos/mvvm/repos/mvvm_base-master/app/src/main/java/com/mymvvmsample/screens/login_screen/SignInActivity.java,com.mymvvmsample.screens.login_screen.SignInActivity,initializeItems/0,context,1
/home/arch_design_predict/download-github-repos/mvvm/repos/mvvm_base-master/app/src/main/java/com/mymvvmsample/screens/login_screen/SignInActivity.java,com.mymvvmsample.screens.login_screen.SignInActivity,onClick/1[com.mymvvmsample.screens.login_screen.View],socialLoginApi,1
/home/arch_design_predict/download-github-repos/mvvm/repos/mvvm_base-master/app/src/main/java/com/mymvvmsample/screens/login_screen/SignInActivity.java,com.mymvvmsample.screens.login_screen.SignInActivity,onClick/1[com.mymvvmsample.screens.login_screen.View],context,1
/home/arch_design_predict/download-github-repos/mvvm/repos/mvvm_base-master/app/src/main/java/com/mymvvmsample/screens/login_screen/SignInActivity.java,com.mymvvmsample.screens.login_screen.SignInActivity,"onActivityResult/3[int,int,com.mymvvmsample.screens.login_screen.Intent]",socialLoginApi,2
/home/arch_design_predict/download-github-repos/mvvm/repos/mvvm_base-master/app/src/main/java/com/mymvvmsample/screens/login_screen/SignInActivity.java,com.mymvvmsample.screens.login_screen.SignInActivity,setHyperLinkText/0,termCondition,2
/home/arch_design_predict/download-github-repos/mvvm/repos/mvvm_base-master/app/src/main/java/com/nhapt/base/dialog/ConfirmDialog.java,com.nhapt.base.dialog.ConfirmDialog,setTitle/1[java.lang.String],title,3
/home/arch_design_predict/download-github-repos/mvvm/repos/mvvm_base-master/app/src/main/java/com/nhapt/base/dialog/ConfirmDialog.java,com.nhapt.base.dialog.ConfirmDialog,"onViewCreated/2[com.nhapt.base.dialog.View,com.nhapt.base.dialog.Bundle]",negative,2
/home/arch_design_predict/download-github-repos/mvvm/repos/mvvm_base-master/app/src/main/java/com/nhapt/base/dialog/ConfirmDialog.java,com.nhapt.base.dialog.ConfirmDialog,"onViewCreated/2[com.nhapt.base.dialog.View,com.nhapt.base.dialog.Bundle]",positive,2
/home/arch_design_predict/download-github-repos/mvvm/repos/mvvm_base-master/app/src/main/java/com/nhapt/base/dialog/ConfirmDialog.java,com.nhapt.base.dialog.ConfirmDialog,"onViewCreated/2[com.nhapt.base.dialog.View,com.nhapt.base.dialog.Bundle]",title,1
/home/arch_design_predict/download-github-repos/mvvm/repos/mvvm_base-master/app/src/main/java/com/nhapt/base/dialog/ConfirmDialog.java,com.nhapt.base.dialog.ConfirmDialog,"onViewCreated/2[com.nhapt.base.dialog.View,com.nhapt.base.dialog.Bundle]",message,1
/home/arch_design_predict/download-github-repos/mvvm/repos/mvvm_base-master/app/src/main/java/com/nhapt/base/dialog/ConfirmDialog.java,com.nhapt.base.dialog.ConfirmDialog,onOkClick/0,onOkClickListener,2
/home/arch_design_predict/download-github-repos/mvvm/repos/mvvm_base-master/app/src/main/java/com/nhapt/base/dialog/ConfirmDialog.java,com.nhapt.base.dialog.ConfirmDialog,setMessage/1[java.lang.String],message,3
/home/arch_design_predict/download-github-repos/mvvm/repos/mvvm_base-master/app/src/main/java/com/nhapt/base/dialog/ConfirmDialog.java,com.nhapt.base.dialog.ConfirmDialog,setOnOkClickListener/1[com.nhapt.base.listener.OnOkClickListener],onOkClickListener,3
/home/arch_design_predict/download-github-repos/mvvm/repos/mvvm_base-master/app/src/main/java/com/nhapt/base/dialog/ConfirmDialog.java,com.nhapt.base.dialog.ConfirmDialog,setNegative/1[java.lang.String],negative,3
/home/arch_design_predict/download-github-repos/mvvm/repos/mvvm_base-master/app/src/main/java/com/nhapt/base/dialog/ConfirmDialog.java,com.nhapt.base.dialog.ConfirmDialog,setPositive/1[java.lang.String],positive,3
/home/arch_design_predict/download-github-repos/mvvm/repos/mvvm_base-master/app/src/main/java/com/mymvvmsample/screens/base/dialogs/AuthenticationDialog.java,com.mymvvmsample.screens.base.dialogs.AuthenticationDialog,setListener/1[com.mymvvmsample.screens.base.listeners.AuthenticationListener],listener,3
/home/arch_design_predict/download-github-repos/mvvm/repos/mvvm_base-master/app/src/main/java/com/mymvvmsample/screens/base/dialogs/AuthenticationDialog.java,com.mymvvmsample.screens.base.dialogs.AuthenticationDialog,initItems/0,context,3
/home/arch_design_predict/download-github-repos/mvvm/repos/mvvm_base-master/app/src/main/java/com/mymvvmsample/screens/base/dialogs/AuthenticationDialog.java,com.mymvvmsample.screens.base.dialogs.AuthenticationDialog,initItems/0,request_url,1
/home/arch_design_predict/download-github-repos/mvvm/repos/mvvm_base-master/app/src/main/java/com/mymvvmsample/screens/base/dialogs/AuthenticationDialog.java,com.mymvvmsample.screens.base.dialogs.AuthenticationDialog,initItems/0,redirect_url,3
/home/arch_design_predict/download-github-repos/mvvm/repos/mvvm_base-master/app/src/main/java/com/mymvvmsample/screens/base/dialogs/AuthenticationDialog.java,com.mymvvmsample.screens.base.dialogs.AuthenticationDialog,"onViewCreated/2[com.mymvvmsample.screens.base.dialogs.View,com.mymvvmsample.screens.base.dialogs.Bundle]",webView,3
/home/arch_design_predict/download-github-repos/mvvm/repos/mvvm_base-master/app/src/main/java/com/mymvvmsample/screens/base/dialogs/AuthenticationDialog.java,com.mymvvmsample.screens.base.dialogs.AuthenticationDialog,"onViewCreated/2[com.mymvvmsample.screens.base.dialogs.View,com.mymvvmsample.screens.base.dialogs.Bundle]",context,1
/home/arch_design_predict/download-github-repos/mvvm/repos/mvvm_base-master/app/src/main/java/com/mymvvmsample/screens/base/dialogs/AuthenticationDialog.java,com.mymvvmsample.screens.base.dialogs.AuthenticationDialog,"onViewCreated/2[com.mymvvmsample.screens.base.dialogs.View,com.mymvvmsample.screens.base.dialogs.Bundle]",request_url,1
/home/arch_design_predict/download-github-repos/mvvm/repos/mvvm_base-master/app/src/main/java/com/mymvvmsample/data/network/Resource.java,com.mymvvmsample.data.network.Resource,"Resource/5[com.mymvvmsample.data.network.Status,T,java.lang.String,int,java.lang.Throwable]",exception,1
/home/arch_design_predict/download-github-repos/mvvm/repos/mvvm_base-master/app/src/main/java/com/mymvvmsample/data/network/Resource.java,com.mymvvmsample.data.network.Resource,"Resource/5[com.mymvvmsample.data.network.Status,T,java.lang.String,int,java.lang.Throwable]",code,3
/home/arch_design_predict/download-github-repos/mvvm/repos/mvvm_base-master/app/src/main/java/com/mymvvmsample/data/network/Resource.java,com.mymvvmsample.data.network.Resource,"Resource/5[com.mymvvmsample.data.network.Status,T,java.lang.String,int,java.lang.Throwable]",data,3
/home/arch_design_predict/download-github-repos/mvvm/repos/mvvm_base-master/app/src/main/java/com/mymvvmsample/data/network/Resource.java,com.mymvvmsample.data.network.Resource,"Resource/5[com.mymvvmsample.data.network.Status,T,java.lang.String,int,java.lang.Throwable]",throwable,1
/home/arch_design_predict/download-github-repos/mvvm/repos/mvvm_base-master/app/src/main/java/com/mymvvmsample/data/network/Resource.java,com.mymvvmsample.data.network.Resource,"Resource/5[com.mymvvmsample.data.network.Status,T,java.lang.String,int,java.lang.Throwable]",message,3
/home/arch_design_predict/download-github-repos/mvvm/repos/mvvm_base-master/app/src/main/java/com/mymvvmsample/data/network/Resource.java,com.mymvvmsample.data.network.Resource,"Resource/5[com.mymvvmsample.data.network.Status,T,java.lang.String,int,java.lang.Throwable]",status,3
/home/arch_design_predict/download-github-repos/mvvm/repos/mvvm_base-master/app/src/main/java/com/mymvvmsample/data/network/Resource.java,com.mymvvmsample.data.network.Resource,"error/4[java.lang.String,T,int,java.lang.Exception]",code,2
/home/arch_design_predict/download-github-repos/mvvm/repos/mvvm_base-master/app/src/main/java/com/mymvvmsample/data/network/Resource.java,com.mymvvmsample.data.network.Resource,"error/4[java.lang.String,T,int,java.lang.Exception]",data,2
/home/arch_design_predict/download-github-repos/mvvm/repos/mvvm_base-master/app/src/main/java/com/mymvvmsample/data/network/Resource.java,com.mymvvmsample.data.network.Resource,success/1[T],data,2
/home/arch_design_predict/download-github-repos/mvvm/repos/mvvm_base-master/app/src/main/java/com/mymvvmsample/data/network/Resource.java,com.mymvvmsample.data.network.Resource,success/1[T],NO_CODE,1
/home/arch_design_predict/download-github-repos/mvvm/repos/mvvm_base-master/app/src/main/java/com/mymvvmsample/data/network/Resource.java,com.mymvvmsample.data.network.Resource,"error/4[java.lang.String,T,int,java.lang.Throwable]",code,2
/home/arch_design_predict/download-github-repos/mvvm/repos/mvvm_base-master/app/src/main/java/com/mymvvmsample/data/network/Resource.java,com.mymvvmsample.data.network.Resource,"error/4[java.lang.String,T,int,java.lang.Throwable]",data,2
/home/arch_design_predict/download-github-repos/mvvm/repos/mvvm_base-master/app/src/main/java/com/mymvvmsample/data/network/Resource.java,com.mymvvmsample.data.network.Resource,"Resource/5[com.mymvvmsample.data.network.Status,T,java.lang.String,int,java.lang.Exception]",exception,1
/home/arch_design_predict/download-github-repos/mvvm/repos/mvvm_base-master/app/src/main/java/com/mymvvmsample/data/network/Resource.java,com.mymvvmsample.data.network.Resource,"Resource/5[com.mymvvmsample.data.network.Status,T,java.lang.String,int,java.lang.Exception]",code,3
/home/arch_design_predict/download-github-repos/mvvm/repos/mvvm_base-master/app/src/main/java/com/mymvvmsample/data/network/Resource.java,com.mymvvmsample.data.network.Resource,"Resource/5[com.mymvvmsample.data.network.Status,T,java.lang.String,int,java.lang.Exception]",data,3
/home/arch_design_predict/download-github-repos/mvvm/repos/mvvm_base-master/app/src/main/java/com/mymvvmsample/data/network/Resource.java,com.mymvvmsample.data.network.Resource,"Resource/5[com.mymvvmsample.data.network.Status,T,java.lang.String,int,java.lang.Exception]",throwable,1
/home/arch_design_predict/download-github-repos/mvvm/repos/mvvm_base-master/app/src/main/java/com/mymvvmsample/data/network/Resource.java,com.mymvvmsample.data.network.Resource,"Resource/5[com.mymvvmsample.data.network.Status,T,java.lang.String,int,java.lang.Exception]",message,3
/home/arch_design_predict/download-github-repos/mvvm/repos/mvvm_base-master/app/src/main/java/com/mymvvmsample/data/network/Resource.java,com.mymvvmsample.data.network.Resource,"Resource/5[com.mymvvmsample.data.network.Status,T,java.lang.String,int,java.lang.Exception]",status,3
/home/arch_design_predict/download-github-repos/mvvm/repos/mvvm_base-master/app/src/main/java/com/mymvvmsample/data/network/Resource.java,com.mymvvmsample.data.network.Resource,hashCode/0,data,2
/home/arch_design_predict/download-github-repos/mvvm/repos/mvvm_base-master/app/src/main/java/com/mymvvmsample/data/network/Resource.java,com.mymvvmsample.data.network.Resource,hashCode/0,message,2
/home/arch_design_predict/download-github-repos/mvvm/repos/mvvm_base-master/app/src/main/java/com/mymvvmsample/data/network/Resource.java,com.mymvvmsample.data.network.Resource,hashCode/0,status,1
/home/arch_design_predict/download-github-repos/mvvm/repos/mvvm_base-master/app/src/main/java/com/mymvvmsample/data/network/Resource.java,com.mymvvmsample.data.network.Resource,loading/1[T],data,2
/home/arch_design_predict/download-github-repos/mvvm/repos/mvvm_base-master/app/src/main/java/com/mymvvmsample/data/network/Resource.java,com.mymvvmsample.data.network.Resource,loading/1[T],NO_CODE,1
/home/arch_design_predict/download-github-repos/mvvm/repos/mvvm_base-master/app/src/main/java/com/mymvvmsample/data/network/Resource.java,com.mymvvmsample.data.network.Resource,equals/1[java.lang.Object],code,1
/home/arch_design_predict/download-github-repos/mvvm/repos/mvvm_base-master/app/src/main/java/com/mymvvmsample/data/network/Resource.java,com.mymvvmsample.data.network.Resource,equals/1[java.lang.Object],data,2
/home/arch_design_predict/download-github-repos/mvvm/repos/mvvm_base-master/app/src/main/java/com/mymvvmsample/data/network/Resource.java,com.mymvvmsample.data.network.Resource,equals/1[java.lang.Object],message,2
/home/arch_design_predict/download-github-repos/mvvm/repos/mvvm_base-master/app/src/main/java/com/mymvvmsample/data/network/Resource.java,com.mymvvmsample.data.network.Resource,equals/1[java.lang.Object],status,1
/home/arch_design_predict/download-github-repos/mvvm/repos/mvvm_base-master/app/src/main/java/com/mymvvmsample/data/network/Resource.java,com.mymvvmsample.data.network.Resource,toString/0,code,1
/home/arch_design_predict/download-github-repos/mvvm/repos/mvvm_base-master/app/src/main/java/com/mymvvmsample/data/network/Resource.java,com.mymvvmsample.data.network.Resource,toString/0,data,1
/home/arch_design_predict/download-github-repos/mvvm/repos/mvvm_base-master/app/src/main/java/com/mymvvmsample/data/network/Resource.java,com.mymvvmsample.data.network.Resource,toString/0,message,1
/home/arch_design_predict/download-github-repos/mvvm/repos/mvvm_base-master/app/src/main/java/com/mymvvmsample/data/network/Resource.java,com.mymvvmsample.data.network.Resource,toString/0,status,1
/home/arch_design_predict/download-github-repos/mvvm/repos/mvvm_base-master/app/src/main/java/com/mymvvmsample/utils/DeviceId.java,com.mymvvmsample.utils.DeviceId,getInstance/0,deviceId,4
/home/arch_design_predict/download-github-repos/mvvm/repos/mvvm_base-master/app/src/main/java/com/mymvvmsample/utils/DeviceId.java,com.mymvvmsample.utils.DeviceId,createId/1[com.mymvvmsample.utils.Context],TAG,1
/home/arch_design_predict/download-github-repos/mvvm/repos/mvvm_base-master/app/src/main/java/com/nhapt/base/mvvm/MVVMFragment.java,com.nhapt.base.mvvm.MVVMFragment,"onCreateView/3[com.nhapt.base.mvvm.LayoutInflater,com.nhapt.base.mvvm.ViewGroup,com.nhapt.base.mvvm.Bundle]",mViewModel,4
/home/arch_design_predict/download-github-repos/mvvm/repos/mvvm_base-master/app/src/main/java/com/nhapt/base/mvvm/MVVMFragment.java,com.nhapt.base.mvvm.MVVMFragment,"onCreateView/3[com.nhapt.base.mvvm.LayoutInflater,com.nhapt.base.mvvm.ViewGroup,com.nhapt.base.mvvm.Bundle]",mDataBinding,6
/home/arch_design_predict/download-github-repos/mvvm/repos/mvvm_base-master/app/src/main/java/com/nhapt/base/mvvm/MVVMFragment.java,com.nhapt.base.mvvm.MVVMFragment,getmDataBinding/0,mDataBinding,1
/home/arch_design_predict/download-github-repos/mvvm/repos/mvvm_base-master/app/src/main/java/com/nhapt/base/mvvm/MVVMFragment.java,com.nhapt.base.mvvm.MVVMFragment,onDestroy/0,mViewModel,2
