file,class,method,variable,usage
/home/arch_design_predict/download-github-repos/mvp/repos/KajianInfo-master/app/src/main/java/com/yanmii/kajianinfo/mvp/terbaru/TerbaruPresenter.java,com.yanmii.kajianinfo.mvp.terbaru.TerbaruPresenter,TerbaruPresenter/1[com.yanmii.kajianinfo.mvp.terbaru.TerbaruContract.TerbaruView],view,1
/home/arch_design_predict/download-github-repos/mvp/repos/KajianInfo-master/app/src/main/java/com/yanmii/kajianinfo/mvp/terbaru/TerbaruPresenter.java,com.yanmii.kajianinfo.mvp.terbaru.TerbaruPresenter,loadContent/0,audioApi,1
/home/arch_design_predict/download-github-repos/mvp/repos/KajianInfo-master/app/src/main/java/com/yanmii/kajianinfo/mvp/terbaru/TerbaruPresenter.java,com.yanmii.kajianinfo.mvp.terbaru.TerbaruPresenter,openDetail/1[com.yanmii.kajianinfo.data.Audio],audio,1
/home/arch_design_predict/download-github-repos/mvp/repos/KajianInfo-master/app/src/main/java/com/yanmii/kajianinfo/mvp/terbaru/TerbaruPresenter.java,com.yanmii.kajianinfo.mvp.terbaru.TerbaruPresenter$Anonymous1,onNext/1[com.yanmii.kajianinfo.data.AudioListResponse],audioListResponse,1
/home/arch_design_predict/download-github-repos/mvp/repos/KajianInfo-master/app/src/main/java/com/yanmii/kajianinfo/mvp/terbaru/TerbaruPresenter.java,com.yanmii.kajianinfo.mvp.terbaru.TerbaruPresenter$Anonymous1,onError/1[java.lang.Throwable],e,1
/home/arch_design_predict/download-github-repos/mvp/repos/KajianInfo-master/app/src/main/java/com/yanmii/kajianinfo/mvp/terbaru/TerbaruAdapter.java,com.yanmii.kajianinfo.mvp.terbaru.TerbaruAdapter$ClickListener,onClick/1[com.yanmii.kajianinfo.data.Audio],audio,0
/home/arch_design_predict/download-github-repos/mvp/repos/KajianInfo-master/app/src/main/java/com/yanmii/kajianinfo/mvp/populer/PopulerContract.java,com.yanmii.kajianinfo.mvp.populer.PopulerContract$PopulerView,onListItemClicked/1[com.yanmii.kajianinfo.data.Audio],audio,0
/home/arch_design_predict/download-github-repos/mvp/repos/KajianInfo-master/app/src/main/java/com/yanmii/kajianinfo/mvp/populer/PopulerContract.java,com.yanmii.kajianinfo.mvp.populer.PopulerContract$PopulerView,setItems/1[java.util.List<com.yanmii.kajianinfo.data.Audio>],items,0
/home/arch_design_predict/download-github-repos/mvp/repos/KajianInfo-master/app/src/main/java/com/yanmii/kajianinfo/utils/ImageLoader.java,com.yanmii.kajianinfo.utils.ImageLoader$Anonymous1,setResource/1[com.yanmii.kajianinfo.utils.Bitmap],circularBitmapDrawable,2
/home/arch_design_predict/download-github-repos/mvp/repos/KajianInfo-master/app/src/main/java/com/yanmii/kajianinfo/utils/ImageLoader.java,com.yanmii.kajianinfo.utils.ImageLoader$Anonymous1,setResource/1[com.yanmii.kajianinfo.utils.Bitmap],resource,1
/home/arch_design_predict/download-github-repos/mvp/repos/KajianInfo-master/app/src/main/java/com/yanmii/kajianinfo/mvp/MainActivity.java,com.yanmii.kajianinfo.mvp.MainActivity,onCreate/1[com.yanmii.kajianinfo.mvp.Bundle],savedInstanceState,1
/home/arch_design_predict/download-github-repos/mvp/repos/KajianInfo-master/app/src/main/java/com/yanmii/kajianinfo/mvp/MainActivity.java,com.yanmii.kajianinfo.mvp.MainActivity,onCreate/1[com.yanmii.kajianinfo.mvp.Bundle],toggle,2
/home/arch_design_predict/download-github-repos/mvp/repos/KajianInfo-master/app/src/main/java/com/yanmii/kajianinfo/mvp/MainActivity.java,com.yanmii.kajianinfo.mvp.MainActivity,onCreate/1[com.yanmii.kajianinfo.mvp.Bundle],navigationView,1
/home/arch_design_predict/download-github-repos/mvp/repos/KajianInfo-master/app/src/main/java/com/yanmii/kajianinfo/mvp/MainActivity.java,com.yanmii.kajianinfo.mvp.MainActivity,onBackPressed/0,drawer,2
/home/arch_design_predict/download-github-repos/mvp/repos/KajianInfo-master/app/src/main/java/com/yanmii/kajianinfo/mvp/MainActivity.java,com.yanmii.kajianinfo.mvp.MainActivity,onCreateOptionsMenu/1[com.yanmii.kajianinfo.mvp.Menu],menu,2
/home/arch_design_predict/download-github-repos/mvp/repos/KajianInfo-master/app/src/main/java/com/yanmii/kajianinfo/mvp/MainActivity.java,com.yanmii.kajianinfo.mvp.MainActivity,onNavigationItemSelected/1[com.yanmii.kajianinfo.mvp.MenuItem],item,1
/home/arch_design_predict/download-github-repos/mvp/repos/KajianInfo-master/app/src/main/java/com/yanmii/kajianinfo/mvp/MainActivity.java,com.yanmii.kajianinfo.mvp.MainActivity,onNavigationItemSelected/1[com.yanmii.kajianinfo.mvp.MenuItem],drawer,1
/home/arch_design_predict/download-github-repos/mvp/repos/KajianInfo-master/app/src/main/java/com/yanmii/kajianinfo/mvp/MainActivity.java,com.yanmii.kajianinfo.mvp.MainActivity,onNavigationItemSelected/1[com.yanmii.kajianinfo.mvp.MenuItem],id,13
/home/arch_design_predict/download-github-repos/mvp/repos/KajianInfo-master/app/src/main/java/com/yanmii/kajianinfo/mvp/MainActivity.java,com.yanmii.kajianinfo.mvp.MainActivity,onOptionsItemSelected/1[com.yanmii.kajianinfo.mvp.MenuItem],item,2
/home/arch_design_predict/download-github-repos/mvp/repos/KajianInfo-master/app/src/main/java/com/yanmii/kajianinfo/mvp/MainActivity.java,com.yanmii.kajianinfo.mvp.MainActivity,onOptionsItemSelected/1[com.yanmii.kajianinfo.mvp.MenuItem],id,2
/home/arch_design_predict/download-github-repos/mvp/repos/KajianInfo-master/app/src/main/java/com/yanmii/kajianinfo/mvp/tag/TagFragment.java,com.yanmii.kajianinfo.mvp.tag.TagFragment,"onCreateView/3[com.yanmii.kajianinfo.mvp.tag.LayoutInflater,com.yanmii.kajianinfo.mvp.tag.ViewGroup,com.yanmii.kajianinfo.mvp.tag.Bundle]",container,1
/home/arch_design_predict/download-github-repos/mvp/repos/KajianInfo-master/app/src/main/java/com/yanmii/kajianinfo/mvp/tag/TagFragment.java,com.yanmii.kajianinfo.mvp.tag.TagFragment,"onCreateView/3[com.yanmii.kajianinfo.mvp.tag.LayoutInflater,com.yanmii.kajianinfo.mvp.tag.ViewGroup,com.yanmii.kajianinfo.mvp.tag.Bundle]",savedInstanceState,0
/home/arch_design_predict/download-github-repos/mvp/repos/KajianInfo-master/app/src/main/java/com/yanmii/kajianinfo/mvp/tag/TagFragment.java,com.yanmii.kajianinfo.mvp.tag.TagFragment,"onCreateView/3[com.yanmii.kajianinfo.mvp.tag.LayoutInflater,com.yanmii.kajianinfo.mvp.tag.ViewGroup,com.yanmii.kajianinfo.mvp.tag.Bundle]",inflater,1
/home/arch_design_predict/download-github-repos/mvp/repos/KajianInfo-master/app/src/main/java/com/yanmii/kajianinfo/mvp/detailaudio/DetailAudioContract.java,com.yanmii.kajianinfo.mvp.detailaudio.DetailAudioContract$DetailAudioView,setAudio/1[com.yanmii.kajianinfo.data.Audio],audio,0
/home/arch_design_predict/download-github-repos/mvp/repos/KajianInfo-master/app/src/main/java/com/yanmii/kajianinfo/mvp/terbaru/TerbaruContract.java,com.yanmii.kajianinfo.mvp.terbaru.TerbaruContract$TerbaruView,onListItemClicked/1[com.yanmii.kajianinfo.data.Audio],audio,0
/home/arch_design_predict/download-github-repos/mvp/repos/KajianInfo-master/app/src/main/java/com/yanmii/kajianinfo/mvp/terbaru/TerbaruContract.java,com.yanmii.kajianinfo.mvp.terbaru.TerbaruContract$TerbaruView,setItems/1[java.util.List<com.yanmii.kajianinfo.data.Audio>],items,0
/home/arch_design_predict/download-github-repos/mvp/repos/KajianInfo-master/app/src/main/java/com/yanmii/kajianinfo/mvp/populer/PopulerPresenter.java,com.yanmii.kajianinfo.mvp.populer.PopulerPresenter,PopulerPresenter/1[com.yanmii.kajianinfo.mvp.populer.PopulerContract.PopulerView],mView,2
/home/arch_design_predict/download-github-repos/mvp/repos/KajianInfo-master/app/src/main/java/com/yanmii/kajianinfo/mvp/populer/PopulerPresenter.java,com.yanmii.kajianinfo.mvp.populer.PopulerPresenter,openDetail/1[com.yanmii.kajianinfo.data.Audio],audio,1
/home/arch_design_predict/download-github-repos/mvp/repos/KajianInfo-master/app/src/main/java/com/yanmii/kajianinfo/mvp/populer/PopulerPresenter.java,com.yanmii.kajianinfo.mvp.populer.PopulerPresenter,loadContent/0,audioApi,1
/home/arch_design_predict/download-github-repos/mvp/repos/KajianInfo-master/app/src/main/java/com/yanmii/kajianinfo/mvp/terbaru/TerbaruAdapter.java,com.yanmii.kajianinfo.mvp.terbaru.TerbaruAdapter$ViewHolder,onClick/1[com.yanmii.kajianinfo.mvp.terbaru.View],v,0
/home/arch_design_predict/download-github-repos/mvp/repos/KajianInfo-master/app/src/main/java/com/yanmii/kajianinfo/mvp/terbaru/TerbaruAdapter.java,com.yanmii.kajianinfo.mvp.terbaru.TerbaruAdapter$ViewHolder,ViewHolder/1[com.yanmii.kajianinfo.mvp.terbaru.View],itemView,3
/home/arch_design_predict/download-github-repos/mvp/repos/KajianInfo-master/app/src/main/java/com/yanmii/kajianinfo/data/api/AudioApi.java,com.yanmii.kajianinfo.data.api.AudioApi,getDetailAudio/1[java.lang.String],id,0
/home/arch_design_predict/download-github-repos/mvp/repos/KajianInfo-master/app/src/main/java/com/yanmii/kajianinfo/utils/ImageLoader.java,com.yanmii.kajianinfo.utils.ImageLoader,"displayThumbnail/3[com.yanmii.kajianinfo.utils.Context,java.lang.String,com.yanmii.kajianinfo.utils.ImageView]",context,2
/home/arch_design_predict/download-github-repos/mvp/repos/KajianInfo-master/app/src/main/java/com/yanmii/kajianinfo/utils/ImageLoader.java,com.yanmii.kajianinfo.utils.ImageLoader,"displayThumbnail/3[com.yanmii.kajianinfo.utils.Context,java.lang.String,com.yanmii.kajianinfo.utils.ImageView]",imageView,2
/home/arch_design_predict/download-github-repos/mvp/repos/KajianInfo-master/app/src/main/java/com/yanmii/kajianinfo/utils/ImageLoader.java,com.yanmii.kajianinfo.utils.ImageLoader,"displayThumbnail/3[com.yanmii.kajianinfo.utils.Context,java.lang.String,com.yanmii.kajianinfo.utils.ImageView]",anim,2
/home/arch_design_predict/download-github-repos/mvp/repos/KajianInfo-master/app/src/main/java/com/yanmii/kajianinfo/utils/ImageLoader.java,com.yanmii.kajianinfo.utils.ImageLoader,"displayThumbnail/3[com.yanmii.kajianinfo.utils.Context,java.lang.String,com.yanmii.kajianinfo.utils.ImageView]",iae,0
/home/arch_design_predict/download-github-repos/mvp/repos/KajianInfo-master/app/src/main/java/com/yanmii/kajianinfo/utils/ImageLoader.java,com.yanmii.kajianinfo.utils.ImageLoader,"displayThumbnail/3[com.yanmii.kajianinfo.utils.Context,java.lang.String,com.yanmii.kajianinfo.utils.ImageView]",url,1
/home/arch_design_predict/download-github-repos/mvp/repos/KajianInfo-master/app/src/main/java/com/yanmii/kajianinfo/utils/ImageLoader.java,com.yanmii.kajianinfo.utils.ImageLoader,"displayImage/3[com.yanmii.kajianinfo.utils.Context,java.lang.String,com.yanmii.kajianinfo.utils.ImageView]",context,2
/home/arch_design_predict/download-github-repos/mvp/repos/KajianInfo-master/app/src/main/java/com/yanmii/kajianinfo/utils/ImageLoader.java,com.yanmii.kajianinfo.utils.ImageLoader,"displayImage/3[com.yanmii.kajianinfo.utils.Context,java.lang.String,com.yanmii.kajianinfo.utils.ImageView]",imageView,2
/home/arch_design_predict/download-github-repos/mvp/repos/KajianInfo-master/app/src/main/java/com/yanmii/kajianinfo/utils/ImageLoader.java,com.yanmii.kajianinfo.utils.ImageLoader,"displayImage/3[com.yanmii.kajianinfo.utils.Context,java.lang.String,com.yanmii.kajianinfo.utils.ImageView]",anim,2
/home/arch_design_predict/download-github-repos/mvp/repos/KajianInfo-master/app/src/main/java/com/yanmii/kajianinfo/utils/ImageLoader.java,com.yanmii.kajianinfo.utils.ImageLoader,"displayImage/3[com.yanmii.kajianinfo.utils.Context,java.lang.String,com.yanmii.kajianinfo.utils.ImageView]",iae,0
/home/arch_design_predict/download-github-repos/mvp/repos/KajianInfo-master/app/src/main/java/com/yanmii/kajianinfo/utils/ImageLoader.java,com.yanmii.kajianinfo.utils.ImageLoader,"displayImage/3[com.yanmii.kajianinfo.utils.Context,java.lang.String,com.yanmii.kajianinfo.utils.ImageView]",url,1
/home/arch_design_predict/download-github-repos/mvp/repos/KajianInfo-master/app/src/main/java/com/yanmii/kajianinfo/mvp/populer/PopulerFragment.java,com.yanmii.kajianinfo.mvp.populer.PopulerFragment,onCreate/1[com.yanmii.kajianinfo.mvp.populer.Bundle],savedInstanceState,1
/home/arch_design_predict/download-github-repos/mvp/repos/KajianInfo-master/app/src/main/java/com/yanmii/kajianinfo/mvp/populer/PopulerFragment.java,com.yanmii.kajianinfo.mvp.populer.PopulerFragment,setItems/1[java.util.List<com.yanmii.kajianinfo.data.Audio>],items,1
/home/arch_design_predict/download-github-repos/mvp/repos/KajianInfo-master/app/src/main/java/com/yanmii/kajianinfo/mvp/populer/PopulerFragment.java,com.yanmii.kajianinfo.mvp.populer.PopulerFragment,"onCreateView/3[com.yanmii.kajianinfo.mvp.populer.LayoutInflater,com.yanmii.kajianinfo.mvp.populer.ViewGroup,com.yanmii.kajianinfo.mvp.populer.Bundle]",container,1
/home/arch_design_predict/download-github-repos/mvp/repos/KajianInfo-master/app/src/main/java/com/yanmii/kajianinfo/mvp/populer/PopulerFragment.java,com.yanmii.kajianinfo.mvp.populer.PopulerFragment,"onCreateView/3[com.yanmii.kajianinfo.mvp.populer.LayoutInflater,com.yanmii.kajianinfo.mvp.populer.ViewGroup,com.yanmii.kajianinfo.mvp.populer.Bundle]",savedInstanceState,0
/home/arch_design_predict/download-github-repos/mvp/repos/KajianInfo-master/app/src/main/java/com/yanmii/kajianinfo/mvp/populer/PopulerFragment.java,com.yanmii.kajianinfo.mvp.populer.PopulerFragment,"onCreateView/3[com.yanmii.kajianinfo.mvp.populer.LayoutInflater,com.yanmii.kajianinfo.mvp.populer.ViewGroup,com.yanmii.kajianinfo.mvp.populer.Bundle]",view,2
/home/arch_design_predict/download-github-repos/mvp/repos/KajianInfo-master/app/src/main/java/com/yanmii/kajianinfo/mvp/populer/PopulerFragment.java,com.yanmii.kajianinfo.mvp.populer.PopulerFragment,"onCreateView/3[com.yanmii.kajianinfo.mvp.populer.LayoutInflater,com.yanmii.kajianinfo.mvp.populer.ViewGroup,com.yanmii.kajianinfo.mvp.populer.Bundle]",inflater,1
/home/arch_design_predict/download-github-repos/mvp/repos/KajianInfo-master/app/src/main/java/com/yanmii/kajianinfo/mvp/populer/PopulerFragment.java,com.yanmii.kajianinfo.mvp.populer.PopulerFragment,onListItemClicked/1[com.yanmii.kajianinfo.data.Audio],audio,2
/home/arch_design_predict/download-github-repos/mvp/repos/KajianInfo-master/app/src/main/java/com/yanmii/kajianinfo/mvp/populer/PopulerFragment.java,com.yanmii.kajianinfo.mvp.populer.PopulerFragment,onListItemClicked/1[com.yanmii.kajianinfo.data.Audio],id,1
/home/arch_design_predict/download-github-repos/mvp/repos/KajianInfo-master/app/src/main/java/com/yanmii/kajianinfo/mvp/populer/PopulerFragment.java,com.yanmii.kajianinfo.mvp.populer.PopulerFragment,onListItemClicked/1[com.yanmii.kajianinfo.data.Audio],poster,1
/home/arch_design_predict/download-github-repos/mvp/repos/KajianInfo-master/app/src/main/java/com/yanmii/kajianinfo/mvp/populer/PopulerFragment.java,com.yanmii.kajianinfo.mvp.populer.PopulerFragment,onListItemClicked/1[com.yanmii.kajianinfo.data.Audio],intent,3
/home/arch_design_predict/download-github-repos/mvp/repos/KajianInfo-master/app/src/main/java/com/yanmii/kajianinfo/mvp/populer/PopulerFragment.java,com.yanmii.kajianinfo.mvp.populer.PopulerFragment,showError/1[java.lang.String],message,1
/home/arch_design_predict/download-github-repos/mvp/repos/KajianInfo-master/app/src/main/java/com/yanmii/kajianinfo/mvp/populer/PopulerFragment.java,com.yanmii.kajianinfo.mvp.populer.PopulerFragment,onActivityCreated/1[com.yanmii.kajianinfo.mvp.populer.Bundle],savedInstanceState,1
/home/arch_design_predict/download-github-repos/mvp/repos/KajianInfo-master/app/src/main/java/com/yanmii/kajianinfo/mvp/populer/PopulerFragment.java,com.yanmii.kajianinfo.mvp.populer.PopulerFragment,showLoading/1[boolean],showLoading,1
/home/arch_design_predict/download-github-repos/mvp/repos/KajianInfo-master/app/src/main/java/com/yanmii/kajianinfo/mvp/populer/PopulerFragment.java,com.yanmii.kajianinfo.mvp.populer.PopulerFragment,onClick/1[com.yanmii.kajianinfo.data.Audio],audio,1
/home/arch_design_predict/download-github-repos/mvp/repos/KajianInfo-master/app/src/main/java/com/yanmii/kajianinfo/mvp/base/BaseView.java,com.yanmii.kajianinfo.mvp.base.BaseView,showLoading/1[boolean],showLoading,0
/home/arch_design_predict/download-github-repos/mvp/repos/KajianInfo-master/app/src/main/java/com/yanmii/kajianinfo/mvp/base/BaseView.java,com.yanmii.kajianinfo.mvp.base.BaseView,showError/1[java.lang.String],message,0
/home/arch_design_predict/download-github-repos/mvp/repos/KajianInfo-master/app/src/main/java/com/yanmii/kajianinfo/mvp/detailaudio/DetailAudioActivity.java,com.yanmii.kajianinfo.mvp.detailaudio.DetailAudioActivity,showError/1[java.lang.String],message,2
/home/arch_design_predict/download-github-repos/mvp/repos/KajianInfo-master/app/src/main/java/com/yanmii/kajianinfo/mvp/detailaudio/DetailAudioActivity.java,com.yanmii.kajianinfo.mvp.detailaudio.DetailAudioActivity,onCreate/1[com.yanmii.kajianinfo.mvp.detailaudio.Bundle],savedInstanceState,1
/home/arch_design_predict/download-github-repos/mvp/repos/KajianInfo-master/app/src/main/java/com/yanmii/kajianinfo/mvp/detailaudio/DetailAudioActivity.java,com.yanmii.kajianinfo.mvp.detailaudio.DetailAudioActivity,showLoading/1[boolean],showLoading,1
/home/arch_design_predict/download-github-repos/mvp/repos/KajianInfo-master/app/src/main/java/com/yanmii/kajianinfo/mvp/detailaudio/DetailAudioActivity.java,com.yanmii.kajianinfo.mvp.detailaudio.DetailAudioActivity,setAudio/1[com.yanmii.kajianinfo.data.Audio],audio,7
/home/arch_design_predict/download-github-repos/mvp/repos/KajianInfo-master/app/src/main/java/com/yanmii/kajianinfo/mvp/terbaru/TerbaruFragment.java,com.yanmii.kajianinfo.mvp.terbaru.TerbaruFragment,"onCreateView/3[com.yanmii.kajianinfo.mvp.terbaru.LayoutInflater,com.yanmii.kajianinfo.mvp.terbaru.ViewGroup,com.yanmii.kajianinfo.mvp.terbaru.Bundle]",container,1
/home/arch_design_predict/download-github-repos/mvp/repos/KajianInfo-master/app/src/main/java/com/yanmii/kajianinfo/mvp/terbaru/TerbaruFragment.java,com.yanmii.kajianinfo.mvp.terbaru.TerbaruFragment,"onCreateView/3[com.yanmii.kajianinfo.mvp.terbaru.LayoutInflater,com.yanmii.kajianinfo.mvp.terbaru.ViewGroup,com.yanmii.kajianinfo.mvp.terbaru.Bundle]",savedInstanceState,0
/home/arch_design_predict/download-github-repos/mvp/repos/KajianInfo-master/app/src/main/java/com/yanmii/kajianinfo/mvp/terbaru/TerbaruFragment.java,com.yanmii.kajianinfo.mvp.terbaru.TerbaruFragment,"onCreateView/3[com.yanmii.kajianinfo.mvp.terbaru.LayoutInflater,com.yanmii.kajianinfo.mvp.terbaru.ViewGroup,com.yanmii.kajianinfo.mvp.terbaru.Bundle]",view,2
/home/arch_design_predict/download-github-repos/mvp/repos/KajianInfo-master/app/src/main/java/com/yanmii/kajianinfo/mvp/terbaru/TerbaruFragment.java,com.yanmii.kajianinfo.mvp.terbaru.TerbaruFragment,"onCreateView/3[com.yanmii.kajianinfo.mvp.terbaru.LayoutInflater,com.yanmii.kajianinfo.mvp.terbaru.ViewGroup,com.yanmii.kajianinfo.mvp.terbaru.Bundle]",inflater,1
/home/arch_design_predict/download-github-repos/mvp/repos/KajianInfo-master/app/src/main/java/com/yanmii/kajianinfo/mvp/terbaru/TerbaruFragment.java,com.yanmii.kajianinfo.mvp.terbaru.TerbaruFragment,showLoading/1[boolean],showLoading,1
/home/arch_design_predict/download-github-repos/mvp/repos/KajianInfo-master/app/src/main/java/com/yanmii/kajianinfo/mvp/terbaru/TerbaruFragment.java,com.yanmii.kajianinfo.mvp.terbaru.TerbaruFragment,setItems/1[java.util.List<com.yanmii.kajianinfo.data.Audio>],items,1
/home/arch_design_predict/download-github-repos/mvp/repos/KajianInfo-master/app/src/main/java/com/yanmii/kajianinfo/mvp/terbaru/TerbaruFragment.java,com.yanmii.kajianinfo.mvp.terbaru.TerbaruFragment,onActivityCreated/1[com.yanmii.kajianinfo.mvp.terbaru.Bundle],savedInstanceState,1
/home/arch_design_predict/download-github-repos/mvp/repos/KajianInfo-master/app/src/main/java/com/yanmii/kajianinfo/mvp/terbaru/TerbaruFragment.java,com.yanmii.kajianinfo.mvp.terbaru.TerbaruFragment,onListItemClicked/1[com.yanmii.kajianinfo.data.Audio],audio,2
/home/arch_design_predict/download-github-repos/mvp/repos/KajianInfo-master/app/src/main/java/com/yanmii/kajianinfo/mvp/terbaru/TerbaruFragment.java,com.yanmii.kajianinfo.mvp.terbaru.TerbaruFragment,onListItemClicked/1[com.yanmii.kajianinfo.data.Audio],id,1
/home/arch_design_predict/download-github-repos/mvp/repos/KajianInfo-master/app/src/main/java/com/yanmii/kajianinfo/mvp/terbaru/TerbaruFragment.java,com.yanmii.kajianinfo.mvp.terbaru.TerbaruFragment,onListItemClicked/1[com.yanmii.kajianinfo.data.Audio],poster,1
/home/arch_design_predict/download-github-repos/mvp/repos/KajianInfo-master/app/src/main/java/com/yanmii/kajianinfo/mvp/terbaru/TerbaruFragment.java,com.yanmii.kajianinfo.mvp.terbaru.TerbaruFragment,onListItemClicked/1[com.yanmii.kajianinfo.data.Audio],intent,3
/home/arch_design_predict/download-github-repos/mvp/repos/KajianInfo-master/app/src/main/java/com/yanmii/kajianinfo/mvp/terbaru/TerbaruFragment.java,com.yanmii.kajianinfo.mvp.terbaru.TerbaruFragment,onClick/1[com.yanmii.kajianinfo.data.Audio],audio,1
/home/arch_design_predict/download-github-repos/mvp/repos/KajianInfo-master/app/src/main/java/com/yanmii/kajianinfo/mvp/terbaru/TerbaruFragment.java,com.yanmii.kajianinfo.mvp.terbaru.TerbaruFragment,onCreate/1[com.yanmii.kajianinfo.mvp.terbaru.Bundle],savedInstanceState,1
/home/arch_design_predict/download-github-repos/mvp/repos/KajianInfo-master/app/src/main/java/com/yanmii/kajianinfo/mvp/terbaru/TerbaruFragment.java,com.yanmii.kajianinfo.mvp.terbaru.TerbaruFragment,showError/1[java.lang.String],message,1
/home/arch_design_predict/download-github-repos/mvp/repos/KajianInfo-master/app/src/main/java/com/yanmii/kajianinfo/mvp/populer/PopulerPresenter.java,com.yanmii.kajianinfo.mvp.populer.PopulerPresenter$Anonymous1,onError/1[java.lang.Throwable],e,1
/home/arch_design_predict/download-github-repos/mvp/repos/KajianInfo-master/app/src/main/java/com/yanmii/kajianinfo/mvp/populer/PopulerPresenter.java,com.yanmii.kajianinfo.mvp.populer.PopulerPresenter$Anonymous1,onNext/1[com.yanmii.kajianinfo.data.AudioListResponse],audioListResponse,1
/home/arch_design_predict/download-github-repos/mvp/repos/KajianInfo-master/app/src/main/java/com/yanmii/kajianinfo/mvp/populer/PopulerAdapter.java,com.yanmii.kajianinfo.mvp.populer.PopulerAdapter$ViewHolder,onClick/1[com.yanmii.kajianinfo.mvp.populer.View],v,0
/home/arch_design_predict/download-github-repos/mvp/repos/KajianInfo-master/app/src/main/java/com/yanmii/kajianinfo/mvp/populer/PopulerAdapter.java,com.yanmii.kajianinfo.mvp.populer.PopulerAdapter$ViewHolder,ViewHolder/1[com.yanmii.kajianinfo.mvp.populer.View],itemView,3
/home/arch_design_predict/download-github-repos/mvp/repos/KajianInfo-master/app/src/main/java/com/yanmii/kajianinfo/mvp/terbaru/TerbaruAdapter.java,com.yanmii.kajianinfo.mvp.terbaru.TerbaruAdapter,"onBindViewHolder/2[com.yanmii.kajianinfo.mvp.terbaru.TerbaruAdapter.ViewHolder,int]",holder,5
/home/arch_design_predict/download-github-repos/mvp/repos/KajianInfo-master/app/src/main/java/com/yanmii/kajianinfo/mvp/terbaru/TerbaruAdapter.java,com.yanmii.kajianinfo.mvp.terbaru.TerbaruAdapter,"onBindViewHolder/2[com.yanmii.kajianinfo.mvp.terbaru.TerbaruAdapter.ViewHolder,int]",position,1
/home/arch_design_predict/download-github-repos/mvp/repos/KajianInfo-master/app/src/main/java/com/yanmii/kajianinfo/mvp/terbaru/TerbaruAdapter.java,com.yanmii.kajianinfo.mvp.terbaru.TerbaruAdapter,"onBindViewHolder/2[com.yanmii.kajianinfo.mvp.terbaru.TerbaruAdapter.ViewHolder,int]",audio,4
/home/arch_design_predict/download-github-repos/mvp/repos/KajianInfo-master/app/src/main/java/com/yanmii/kajianinfo/mvp/terbaru/TerbaruAdapter.java,com.yanmii.kajianinfo.mvp.terbaru.TerbaruAdapter,setData/1[java.util.List<com.yanmii.kajianinfo.data.Audio>],data,1
/home/arch_design_predict/download-github-repos/mvp/repos/KajianInfo-master/app/src/main/java/com/yanmii/kajianinfo/mvp/terbaru/TerbaruAdapter.java,com.yanmii.kajianinfo.mvp.terbaru.TerbaruAdapter,TerbaruAdapter/1[java.util.List<com.yanmii.kajianinfo.data.Audio>],audioList,2
/home/arch_design_predict/download-github-repos/mvp/repos/KajianInfo-master/app/src/main/java/com/yanmii/kajianinfo/mvp/terbaru/TerbaruAdapter.java,com.yanmii.kajianinfo.mvp.terbaru.TerbaruAdapter,setClickListener/1[com.yanmii.kajianinfo.mvp.terbaru.TerbaruAdapter.ClickListener],clickListener,2
/home/arch_design_predict/download-github-repos/mvp/repos/KajianInfo-master/app/src/main/java/com/yanmii/kajianinfo/mvp/terbaru/TerbaruAdapter.java,com.yanmii.kajianinfo.mvp.terbaru.TerbaruAdapter,"onCreateViewHolder/2[com.yanmii.kajianinfo.mvp.terbaru.ViewGroup,int]",parent,2
/home/arch_design_predict/download-github-repos/mvp/repos/KajianInfo-master/app/src/main/java/com/yanmii/kajianinfo/mvp/terbaru/TerbaruAdapter.java,com.yanmii.kajianinfo.mvp.terbaru.TerbaruAdapter,"onCreateViewHolder/2[com.yanmii.kajianinfo.mvp.terbaru.ViewGroup,int]",view,1
/home/arch_design_predict/download-github-repos/mvp/repos/KajianInfo-master/app/src/main/java/com/yanmii/kajianinfo/mvp/terbaru/TerbaruAdapter.java,com.yanmii.kajianinfo.mvp.terbaru.TerbaruAdapter,"onCreateViewHolder/2[com.yanmii.kajianinfo.mvp.terbaru.ViewGroup,int]",viewType,0
/home/arch_design_predict/download-github-repos/mvp/repos/KajianInfo-master/app/src/main/java/com/yanmii/kajianinfo/mvp/terbaru/TerbaruAdapter.java,com.yanmii.kajianinfo.mvp.terbaru.TerbaruAdapter,getItem/1[int],position,1
/home/arch_design_predict/download-github-repos/mvp/repos/KajianInfo-master/app/src/main/java/com/yanmii/kajianinfo/mvp/populer/PopulerAdapter.java,com.yanmii.kajianinfo.mvp.populer.PopulerAdapter$ClickListener,onClick/1[com.yanmii.kajianinfo.data.Audio],audio,0
/home/arch_design_predict/download-github-repos/mvp/repos/KajianInfo-master/app/src/main/java/com/yanmii/kajianinfo/mvp/MainActivity.java,com.yanmii.kajianinfo.mvp.MainActivity$SectionPagerAdapter,SectionPagerAdapter/1[com.yanmii.kajianinfo.mvp.FragmentManager],fm,1
/home/arch_design_predict/download-github-repos/mvp/repos/KajianInfo-master/app/src/main/java/com/yanmii/kajianinfo/mvp/MainActivity.java,com.yanmii.kajianinfo.mvp.MainActivity$SectionPagerAdapter,getPageTitle/1[int],position,1
/home/arch_design_predict/download-github-repos/mvp/repos/KajianInfo-master/app/src/main/java/com/yanmii/kajianinfo/mvp/MainActivity.java,com.yanmii.kajianinfo.mvp.MainActivity$SectionPagerAdapter,getItem/1[int],position,1
/home/arch_design_predict/download-github-repos/mvp/repos/KajianInfo-master/app/src/main/java/com/yanmii/kajianinfo/mvp/detailaudio/DetailAudioContract.java,com.yanmii.kajianinfo.mvp.detailaudio.DetailAudioContract$DetailAudioPresenter,loadContent/1[java.lang.String],audioId,0
/home/arch_design_predict/download-github-repos/mvp/repos/KajianInfo-master/app/src/main/java/com/yanmii/kajianinfo/mvp/terbaru/TerbaruContract.java,com.yanmii.kajianinfo.mvp.terbaru.TerbaruContract$TerbaruPresenter,openDetail/1[com.yanmii.kajianinfo.data.Audio],audio,0
/home/arch_design_predict/download-github-repos/mvp/repos/KajianInfo-master/app/src/main/java/com/yanmii/kajianinfo/data/api/KajianInfoApi.java,com.yanmii.kajianinfo.data.api.KajianInfoApi,createService/1[java.lang.Class<S>],serviceClass,1
/home/arch_design_predict/download-github-repos/mvp/repos/KajianInfo-master/app/src/main/java/com/yanmii/kajianinfo/data/api/KajianInfoApi.java,com.yanmii.kajianinfo.data.api.KajianInfoApi,createService/1[java.lang.Class<S>],restAdapter,1
/home/arch_design_predict/download-github-repos/mvp/repos/KajianInfo-master/app/src/main/java/com/yanmii/kajianinfo/mvp/detailaudio/DetailAudioPresenter.java,com.yanmii.kajianinfo.mvp.detailaudio.DetailAudioPresenter,loadContent/1[java.lang.String],audioId,1
/home/arch_design_predict/download-github-repos/mvp/repos/KajianInfo-master/app/src/main/java/com/yanmii/kajianinfo/mvp/detailaudio/DetailAudioPresenter.java,com.yanmii.kajianinfo.mvp.detailaudio.DetailAudioPresenter,loadContent/1[java.lang.String],audioApi,1
/home/arch_design_predict/download-github-repos/mvp/repos/KajianInfo-master/app/src/main/java/com/yanmii/kajianinfo/mvp/detailaudio/DetailAudioPresenter.java,com.yanmii.kajianinfo.mvp.detailaudio.DetailAudioPresenter,DetailAudioPresenter/1[com.yanmii.kajianinfo.mvp.detailaudio.DetailAudioContract.DetailAudioView],mView,2
/home/arch_design_predict/download-github-repos/mvp/repos/KajianInfo-master/app/src/main/java/com/yanmii/kajianinfo/mvp/detailaudio/DetailAudioPresenter.java,com.yanmii.kajianinfo.mvp.detailaudio.DetailAudioPresenter$Anonymous1,onError/1[java.lang.Throwable],e,1
/home/arch_design_predict/download-github-repos/mvp/repos/KajianInfo-master/app/src/main/java/com/yanmii/kajianinfo/mvp/detailaudio/DetailAudioPresenter.java,com.yanmii.kajianinfo.mvp.detailaudio.DetailAudioPresenter$Anonymous1,onNext/1[com.yanmii.kajianinfo.data.Audio],audio,1
/home/arch_design_predict/download-github-repos/mvp/repos/KajianInfo-master/app/src/main/java/com/yanmii/kajianinfo/mvp/detailaudio/DetailAudioActivity.java,com.yanmii.kajianinfo.mvp.detailaudio.DetailAudioActivity$Anonymous1,onClick/1[com.yanmii.kajianinfo.mvp.detailaudio.View],view,1
/home/arch_design_predict/download-github-repos/mvp/repos/KajianInfo-master/app/src/main/java/com/yanmii/kajianinfo/mvp/populer/PopulerContract.java,com.yanmii.kajianinfo.mvp.populer.PopulerContract$PopulerPresenter,openDetail/1[com.yanmii.kajianinfo.data.Audio],audio,0
/home/arch_design_predict/download-github-repos/mvp/repos/KajianInfo-master/app/src/main/java/com/yanmii/kajianinfo/mvp/populer/PopulerAdapter.java,com.yanmii.kajianinfo.mvp.populer.PopulerAdapter,"onCreateViewHolder/2[com.yanmii.kajianinfo.mvp.populer.ViewGroup,int]",parent,2
/home/arch_design_predict/download-github-repos/mvp/repos/KajianInfo-master/app/src/main/java/com/yanmii/kajianinfo/mvp/populer/PopulerAdapter.java,com.yanmii.kajianinfo.mvp.populer.PopulerAdapter,"onCreateViewHolder/2[com.yanmii.kajianinfo.mvp.populer.ViewGroup,int]",view,1
/home/arch_design_predict/download-github-repos/mvp/repos/KajianInfo-master/app/src/main/java/com/yanmii/kajianinfo/mvp/populer/PopulerAdapter.java,com.yanmii.kajianinfo.mvp.populer.PopulerAdapter,"onCreateViewHolder/2[com.yanmii.kajianinfo.mvp.populer.ViewGroup,int]",viewType,0
/home/arch_design_predict/download-github-repos/mvp/repos/KajianInfo-master/app/src/main/java/com/yanmii/kajianinfo/mvp/populer/PopulerAdapter.java,com.yanmii.kajianinfo.mvp.populer.PopulerAdapter,setData/1[java.util.List<com.yanmii.kajianinfo.data.Audio>],data,1
/home/arch_design_predict/download-github-repos/mvp/repos/KajianInfo-master/app/src/main/java/com/yanmii/kajianinfo/mvp/populer/PopulerAdapter.java,com.yanmii.kajianinfo.mvp.populer.PopulerAdapter,setClickListener/1[com.yanmii.kajianinfo.mvp.populer.PopulerAdapter.ClickListener],clickListener,2
/home/arch_design_predict/download-github-repos/mvp/repos/KajianInfo-master/app/src/main/java/com/yanmii/kajianinfo/mvp/populer/PopulerAdapter.java,com.yanmii.kajianinfo.mvp.populer.PopulerAdapter,PopulerAdapter/1[java.util.List<com.yanmii.kajianinfo.data.Audio>],audioList,2
/home/arch_design_predict/download-github-repos/mvp/repos/KajianInfo-master/app/src/main/java/com/yanmii/kajianinfo/mvp/populer/PopulerAdapter.java,com.yanmii.kajianinfo.mvp.populer.PopulerAdapter,"onBindViewHolder/2[com.yanmii.kajianinfo.mvp.populer.PopulerAdapter.ViewHolder,int]",holder,5
/home/arch_design_predict/download-github-repos/mvp/repos/KajianInfo-master/app/src/main/java/com/yanmii/kajianinfo/mvp/populer/PopulerAdapter.java,com.yanmii.kajianinfo.mvp.populer.PopulerAdapter,"onBindViewHolder/2[com.yanmii.kajianinfo.mvp.populer.PopulerAdapter.ViewHolder,int]",position,1
/home/arch_design_predict/download-github-repos/mvp/repos/KajianInfo-master/app/src/main/java/com/yanmii/kajianinfo/mvp/populer/PopulerAdapter.java,com.yanmii.kajianinfo.mvp.populer.PopulerAdapter,"onBindViewHolder/2[com.yanmii.kajianinfo.mvp.populer.PopulerAdapter.ViewHolder,int]",audio,4
/home/arch_design_predict/download-github-repos/mvp/repos/KajianInfo-master/app/src/main/java/com/yanmii/kajianinfo/mvp/populer/PopulerAdapter.java,com.yanmii.kajianinfo.mvp.populer.PopulerAdapter,getItem/1[int],position,1
