file,class,method,constructor,line,cbo,cboModified,fanin,fanout,wmc,rfc,loc,returnsQty,variablesQty,parametersQty,methodsInvokedQty,methodsInvokedLocalQty,methodsInvokedIndirectLocalQty,loopQty,comparisonsQty,tryCatchQty,parenthesizedExpsQty,stringLiteralsQty,numbersQty,assignmentsQty,mathOperationsQty,maxNestedBlocksQty,anonymousClassesQty,innerClassesQty,lambdasQty,uniqueWordsQty,modifiers,logStatementsQty,hasJavaDoc
/home/arch_design_predict/download-github-repos/mvvm/repos/Dagger-Practice-main/app/src/main/java/com/example/daggersample/di/AppComponent.java,com.example.daggersample.di.AppComponent$Builder,build/0,false,33,1,0,0,0,1,0,1,0,0,0,0,0,0,0,0,0,0,0,0,0,0,0,0,0,0,3,0,0,false
/home/arch_design_predict/download-github-repos/mvvm/repos/Dagger-Practice-main/app/src/main/java/com/example/daggersample/di/AppComponent.java,com.example.daggersample.di.AppComponent$Builder,application/1[com.example.daggersample.di.Application],false,30,3,0,0,0,1,0,1,0,0,1,0,0,0,0,0,0,0,0,0,0,0,0,0,0,0,3,0,0,false
/home/arch_design_predict/download-github-repos/mvvm/repos/Dagger-Practice-main/app/src/main/java/com/example/daggersample/network/main/MainAPI.java,com.example.daggersample.network.main.MainAPI,getPostsFromUser/1[int],false,13,4,1,1,0,1,0,1,0,0,1,0,0,0,0,0,0,0,2,0,0,0,0,0,0,0,5,0,0,false
/home/arch_design_predict/download-github-repos/mvvm/repos/Dagger-Practice-main/app/src/main/java/com/example/daggersample/ui/auth/AuthResource.java,com.example.daggersample.ui.auth.AuthResource,"error/2[java.lang.String,T]",false,27,4,1,0,1,1,0,3,1,0,2,0,0,0,0,0,0,0,0,0,0,0,0,0,0,0,3,9,0,false
/home/arch_design_predict/download-github-repos/mvvm/repos/Dagger-Practice-main/app/src/main/java/com/example/daggersample/ui/auth/AuthResource.java,com.example.daggersample.ui.auth.AuthResource,loading/1[T],false,31,3,1,0,1,1,0,3,1,0,1,0,0,0,0,0,0,0,0,0,0,0,0,0,0,0,3,9,0,false
/home/arch_design_predict/download-github-repos/mvvm/repos/Dagger-Practice-main/app/src/main/java/com/example/daggersample/ui/auth/AuthResource.java,com.example.daggersample.ui.auth.AuthResource,"AuthResource/3[com.example.daggersample.ui.auth.AuthResource.AuthStatus,T,java.lang.String]",true,17,4,0,0,0,1,0,5,0,0,3,0,0,0,0,0,0,0,0,0,3,0,0,0,0,0,7,1,0,false
/home/arch_design_predict/download-github-repos/mvvm/repos/Dagger-Practice-main/app/src/main/java/com/example/daggersample/ui/auth/AuthResource.java,com.example.daggersample.ui.auth.AuthResource,authenticated/1[T],false,23,3,1,0,1,1,0,3,1,0,1,0,0,0,0,0,0,0,0,0,0,0,0,0,0,0,3,9,0,false
/home/arch_design_predict/download-github-repos/mvvm/repos/Dagger-Practice-main/app/src/main/java/com/example/daggersample/ui/auth/AuthResource.java,com.example.daggersample.ui.auth.AuthResource,logout/0,false,35,2,2,1,1,1,0,3,1,0,0,0,0,0,0,0,0,0,0,0,0,0,0,0,0,0,1,9,0,false
/home/arch_design_predict/download-github-repos/mvvm/repos/Dagger-Practice-main/app/src/main/java/com/example/daggersample/ui/main/MainActivity.java,com.example.daggersample.ui.main.MainActivity,isValidDestination/1[int],false,96,0,1,1,0,2,4,3,1,0,1,4,0,0,0,1,0,0,0,0,0,0,0,0,0,0,4,2,0,false
/home/arch_design_predict/download-github-repos/mvvm/repos/Dagger-Practice-main/app/src/main/java/com/example/daggersample/ui/main/MainActivity.java,com.example.daggersample.ui.main.MainActivity,onNavigationItemSelected/1[com.example.daggersample.ui.main.MenuItem],false,76,4,1,0,1,4,8,15,1,2,1,8,1,1,0,2,0,0,0,0,2,0,2,0,0,0,14,1,0,false
/home/arch_design_predict/download-github-repos/mvvm/repos/Dagger-Practice-main/app/src/main/java/com/example/daggersample/ui/main/MainActivity.java,com.example.daggersample.ui.main.MainActivity,onCreate/1[com.example.daggersample.ui.main.Bundle],false,33,3,1,0,1,1,4,7,0,0,1,4,1,1,0,0,0,0,0,0,2,0,0,0,0,0,16,4,0,false
/home/arch_design_predict/download-github-repos/mvvm/repos/Dagger-Practice-main/app/src/main/java/com/example/daggersample/ui/main/MainActivity.java,com.example.daggersample.ui.main.MainActivity,onCreateOptionsMenu/1[com.example.daggersample.ui.main.Menu],false,51,2,0,0,0,1,2,5,1,1,1,2,0,0,0,0,0,0,0,0,1,0,0,0,0,0,9,1,0,false
/home/arch_design_predict/download-github-repos/mvvm/repos/Dagger-Practice-main/app/src/main/java/com/example/daggersample/ui/main/MainActivity.java,com.example.daggersample.ui.main.MainActivity,onOptionsItemSelected/1[com.example.daggersample.ui.main.MenuItem],false,58,3,1,0,1,4,5,16,4,0,1,5,0,0,0,2,0,0,0,0,0,0,2,0,0,0,8,1,0,false
/home/arch_design_predict/download-github-repos/mvvm/repos/Dagger-Practice-main/app/src/main/java/com/example/daggersample/ui/main/MainActivity.java,com.example.daggersample.ui.main.MainActivity,init/0,false,43,1,1,1,0,1,4,6,0,1,0,4,0,0,0,0,0,0,0,0,1,0,0,0,0,0,4,2,0,false
/home/arch_design_predict/download-github-repos/mvvm/repos/Dagger-Practice-main/app/src/main/java/com/example/daggersample/ui/main/MainActivity.java,com.example.daggersample.ui.main.MainActivity,onSupportNavigateUp/0,false,104,0,0,0,0,1,2,3,1,0,0,2,0,0,0,0,0,0,0,0,0,0,0,0,0,0,4,1,0,false
/home/arch_design_predict/download-github-repos/mvvm/repos/Dagger-Practice-main/app/src/main/java/com/example/daggersample/SessionManager.java,com.example.daggersample.SessionManager,logOut/0,false,38,1,2,1,1,1,3,4,0,0,0,3,0,0,0,0,0,0,1,0,0,0,0,0,0,0,4,1,0,false
/home/arch_design_predict/download-github-repos/mvvm/repos/Dagger-Practice-main/app/src/main/java/com/example/daggersample/SessionManager.java,com.example.daggersample.SessionManager,authenticateWithId/1[com.example.daggersample.LiveData<com.example.daggersample.ui.auth.AuthResource<com.example.daggersample.models.User>>],false,25,4,2,1,1,2,3,12,0,0,1,3,0,0,0,1,0,0,0,0,0,0,1,1,0,0,12,1,0,false
/home/arch_design_predict/download-github-repos/mvvm/repos/Dagger-Practice-main/app/src/main/java/com/example/daggersample/SessionManager.java,com.example.daggersample.SessionManager,SessionManager/0,true,22,1,0,0,0,1,0,2,0,0,0,0,0,0,0,0,0,0,0,0,0,0,0,0,0,0,2,1,0,false
/home/arch_design_predict/download-github-repos/mvvm/repos/Dagger-Practice-main/app/src/main/java/com/example/daggersample/SessionManager.java,com.example.daggersample.SessionManager,getAuthUser/0,false,43,4,4,4,0,1,0,3,1,0,0,0,0,0,0,0,0,0,0,0,0,0,0,0,0,0,4,1,0,false
/home/arch_design_predict/download-github-repos/mvvm/repos/Dagger-Practice-main/app/src/main/java/com/example/daggersample/ui/main/posts/PostsViewModel.java,com.example.daggersample.ui.main.posts.PostsViewModel$Anonymous1,apply/1[java.lang.Throwable],false,54,1,4,0,4,1,3,8,1,2,1,3,0,0,0,0,0,0,1,1,2,0,0,0,0,0,6,1,0,false
/home/arch_design_predict/download-github-repos/mvvm/repos/Dagger-Practice-main/app/src/main/java/com/example/daggersample/ui/main/posts/PostsViewModel.java,com.example.daggersample.ui.main.posts.PostsViewModel$Anonymous2,apply/1[java.util.List<com.example.daggersample.models.Post>],false,66,2,3,0,3,3,5,8,2,0,1,5,0,0,0,1,0,0,1,3,0,0,2,0,0,0,4,1,0,false
/home/arch_design_predict/download-github-repos/mvvm/repos/Dagger-Practice-main/app/src/main/java/com/example/daggersample/ui/main/posts/PostsViewModel.java,com.example.daggersample.ui.main.posts.PostsViewModel$Anonymous3,onChanged/1[com.example.daggersample.ui.main.Resource<java.util.List<com.example.daggersample.models.Post>>],false,81,2,1,0,1,1,2,4,0,0,1,2,0,0,0,0,0,0,0,0,0,0,0,0,0,0,5,1,0,false
/home/arch_design_predict/download-github-repos/mvvm/repos/Dagger-Practice-main/app/src/main/java/com/example/daggersample/SessionManager.java,com.example.daggersample.SessionManager$Anonymous1,onChanged/1[com.example.daggersample.ui.auth.AuthResource<com.example.daggersample.models.User>],false,30,2,6,0,6,1,2,4,0,0,1,2,0,0,0,0,0,0,0,0,0,0,0,0,0,0,6,1,0,false
/home/arch_design_predict/download-github-repos/mvvm/repos/Dagger-Practice-main/app/src/main/java/com/example/daggersample/ui/auth/AuthViewModel.java,com.example.daggersample.ui.auth.AuthViewModel$Anonymous1,apply/1[java.lang.Throwable],false,46,1,4,0,4,1,1,5,1,1,1,1,0,0,0,0,0,0,0,1,1,0,0,0,0,0,5,1,0,false
/home/arch_design_predict/download-github-repos/mvvm/repos/Dagger-Practice-main/app/src/main/java/com/example/daggersample/ui/auth/AuthViewModel.java,com.example.daggersample.ui.auth.AuthViewModel$Anonymous2,apply/1[com.example.daggersample.models.User],false,55,2,3,0,3,2,3,6,2,0,1,3,0,0,0,1,0,0,1,1,0,0,1,0,0,0,5,1,0,false
/home/arch_design_predict/download-github-repos/mvvm/repos/Dagger-Practice-main/app/src/main/java/com/example/daggersample/BaseActivity.java,com.example.daggersample.BaseActivity,navLoginScreen/0,false,63,2,1,1,0,1,2,5,0,1,0,2,0,0,0,0,0,0,0,0,1,0,0,0,0,0,8,2,0,false
/home/arch_design_predict/download-github-repos/mvvm/repos/Dagger-Practice-main/app/src/main/java/com/example/daggersample/BaseActivity.java,com.example.daggersample.BaseActivity,onCreate/1[com.example.daggersample.Bundle],false,26,3,1,0,1,1,2,4,0,0,1,2,1,1,0,0,0,0,0,0,0,0,0,0,0,0,8,4,0,false
/home/arch_design_predict/download-github-repos/mvvm/repos/Dagger-Practice-main/app/src/main/java/com/example/daggersample/BaseActivity.java,com.example.daggersample.BaseActivity,subscribeObservers/0,false,31,4,2,1,1,1,2,30,0,0,0,2,0,0,0,0,0,0,0,0,0,0,0,1,0,0,16,2,0,false
/home/arch_design_predict/download-github-repos/mvvm/repos/Dagger-Practice-main/app/src/androidTest/java/com/example/daggersample/ExampleInstrumentedTest.java,com.example.daggersample.ExampleInstrumentedTest,useAppContext/0,false,21,2,0,0,0,1,4,4,0,1,0,4,0,0,0,0,0,0,1,0,1,0,0,0,0,0,6,1,0,false
/home/arch_design_predict/download-github-repos/mvvm/repos/Dagger-Practice-main/app/src/main/java/com/example/daggersample/ui/main/Resource.java,com.example.daggersample.ui.main.Resource,"error/2[java.lang.String,T]",false,28,4,1,0,1,1,0,3,1,0,2,0,0,0,0,0,0,0,0,0,0,0,0,0,0,0,3,9,0,false
/home/arch_design_predict/download-github-repos/mvvm/repos/Dagger-Practice-main/app/src/main/java/com/example/daggersample/ui/main/Resource.java,com.example.daggersample.ui.main.Resource,loading/1[T],false,32,3,1,0,1,1,0,3,1,0,1,0,0,0,0,0,0,0,0,0,0,0,0,0,0,0,3,9,0,false
/home/arch_design_predict/download-github-repos/mvvm/repos/Dagger-Practice-main/app/src/main/java/com/example/daggersample/ui/main/Resource.java,com.example.daggersample.ui.main.Resource,"Resource/3[com.example.daggersample.ui.main.Resource.Status,T,java.lang.String]",true,18,4,0,0,0,1,0,5,0,0,3,0,0,0,0,0,0,0,0,0,3,0,0,0,0,0,6,1,0,false
/home/arch_design_predict/download-github-repos/mvvm/repos/Dagger-Practice-main/app/src/main/java/com/example/daggersample/ui/main/Resource.java,com.example.daggersample.ui.main.Resource,success/1[T],false,24,3,1,0,1,1,0,3,1,0,1,0,0,0,0,0,0,0,0,0,0,0,0,0,0,0,3,9,0,false
/home/arch_design_predict/download-github-repos/mvvm/repos/Dagger-Practice-main/app/src/main/java/com/example/daggersample/ui/main/profile/ProfileFragment.java,com.example.daggersample.ui.main.profile.ProfileFragment,"onCreateView/3[com.example.daggersample.ui.main.profile.LayoutInflater,com.example.daggersample.ui.main.profile.ViewGroup,com.example.daggersample.ui.main.profile.Bundle]",false,40,6,0,0,0,1,1,3,1,0,3,1,0,0,0,0,0,0,0,0,0,0,0,0,0,0,10,1,0,false
/home/arch_design_predict/download-github-repos/mvvm/repos/Dagger-Practice-main/app/src/main/java/com/example/daggersample/ui/main/profile/ProfileFragment.java,com.example.daggersample.ui.main.profile.ProfileFragment,"onViewCreated/2[com.example.daggersample.ui.main.profile.View,com.example.daggersample.ui.main.profile.Bundle]",false,45,6,0,0,0,1,3,7,0,0,2,3,0,0,0,0,0,0,1,0,4,0,0,0,0,0,15,1,0,false
/home/arch_design_predict/download-github-repos/mvvm/repos/Dagger-Practice-main/app/src/main/java/com/example/daggersample/ui/main/profile/ProfileFragment.java,com.example.daggersample.ui.main.profile.ProfileFragment,subscribeObservers/0,false,54,4,1,0,1,1,4,23,0,0,0,4,0,0,0,0,0,0,0,0,0,0,0,1,0,0,17,2,0,false
/home/arch_design_predict/download-github-repos/mvvm/repos/Dagger-Practice-main/app/src/main/java/com/example/daggersample/ui/main/profile/ProfileFragment.java,com.example.daggersample.ui.main.profile.ProfileFragment,setErrorDetails/1[java.lang.String],false,77,0,1,1,0,1,1,5,0,0,1,1,0,0,0,0,0,0,2,0,0,0,0,0,0,0,4,2,0,false
/home/arch_design_predict/download-github-repos/mvvm/repos/Dagger-Practice-main/app/src/main/java/com/example/daggersample/ui/main/profile/ProfileFragment.java,com.example.daggersample.ui.main.profile.ProfileFragment,setUserDetails/1[com.example.daggersample.models.User],false,83,1,4,1,3,1,4,5,0,0,1,4,0,0,0,0,0,0,0,0,0,0,0,0,0,0,4,2,0,false
/home/arch_design_predict/download-github-repos/mvvm/repos/Dagger-Practice-main/app/src/main/java/com/example/daggersample/di/AppComponent.java,com.example.daggersample.di.AppComponent,sessionManager/0,false,26,1,0,0,0,1,0,1,0,0,0,0,0,0,0,0,0,0,0,0,0,0,0,0,0,0,3,0,0,false
/home/arch_design_predict/download-github-repos/mvvm/repos/Dagger-Practice-main/app/src/main/java/com/example/daggersample/di/ActivityBuildersModule.java,com.example.daggersample.di.ActivityBuildersModule,contributeMainActivity/0,false,28,6,0,0,0,1,0,1,0,0,0,0,0,0,0,0,0,0,0,0,0,0,0,0,0,0,4,1024,0,false
/home/arch_design_predict/download-github-repos/mvvm/repos/Dagger-Practice-main/app/src/main/java/com/example/daggersample/di/ActivityBuildersModule.java,com.example.daggersample.di.ActivityBuildersModule,contributeAuthActivity/0,false,19,5,0,0,0,1,0,1,0,0,0,0,0,0,0,0,0,0,0,0,0,0,0,0,0,0,4,1024,0,false
/home/arch_design_predict/download-github-repos/mvvm/repos/Dagger-Practice-main/app/src/main/java/com/example/daggersample/ui/main/profile/ProfileViewModel.java,com.example.daggersample.ui.main.profile.ProfileViewModel,getAuthenticatedUser/0,false,26,5,2,1,1,1,1,3,1,0,0,1,0,0,0,0,0,0,0,0,0,0,0,0,0,0,3,1,0,false
/home/arch_design_predict/download-github-repos/mvvm/repos/Dagger-Practice-main/app/src/main/java/com/example/daggersample/ui/main/profile/ProfileViewModel.java,com.example.daggersample.ui.main.profile.ProfileViewModel,ProfileViewModel/1[com.example.daggersample.SessionManager],true,21,2,0,0,0,1,1,4,0,0,1,1,0,0,0,0,0,0,1,0,1,0,0,0,0,0,8,1,0,false
/home/arch_design_predict/download-github-repos/mvvm/repos/Dagger-Practice-main/app/src/main/java/com/example/daggersample/ui/main/posts/PostsRecyclerAdapter.java,com.example.daggersample.ui.main.posts.PostsRecyclerAdapter,"onCreateViewHolder/2[com.example.daggersample.ui.main.posts.ViewGroup,int]",false,23,5,1,0,1,1,3,4,1,1,2,3,0,0,0,0,0,0,0,0,1,0,0,0,0,0,8,1,0,false
/home/arch_design_predict/download-github-repos/mvvm/repos/Dagger-Practice-main/app/src/main/java/com/example/daggersample/ui/main/posts/PostsRecyclerAdapter.java,com.example.daggersample.ui.main.posts.PostsRecyclerAdapter,getItemCount/0,false,35,0,0,0,0,1,1,3,1,0,0,1,0,0,0,0,0,0,0,0,0,0,0,0,0,0,3,1,0,false
/home/arch_design_predict/download-github-repos/mvvm/repos/Dagger-Practice-main/app/src/main/java/com/example/daggersample/ui/main/posts/PostsRecyclerAdapter.java,com.example.daggersample.ui.main.posts.PostsRecyclerAdapter,setPosts/1[java.util.List<com.example.daggersample.models.Post>],false,39,1,1,1,0,1,1,4,0,0,1,1,0,0,0,0,0,0,0,0,1,0,0,0,0,0,7,1,0,false
/home/arch_design_predict/download-github-repos/mvvm/repos/Dagger-Practice-main/app/src/main/java/com/example/daggersample/ui/main/posts/PostsRecyclerAdapter.java,com.example.daggersample.ui.main.posts.PostsRecyclerAdapter,"onBindViewHolder/2[RecyclerView.ViewHolder,int]",false,30,3,1,0,1,1,2,3,0,0,2,2,0,0,0,0,0,1,0,0,0,0,0,0,0,0,7,1,0,false
/home/arch_design_predict/download-github-repos/mvvm/repos/Dagger-Practice-main/app/src/main/java/com/example/daggersample/ui/main/posts/PostsFragment.java,com.example.daggersample.ui.main.posts.PostsFragment$Anonymous1,onChanged/1[com.example.daggersample.ui.main.Resource<java.util.List<com.example.daggersample.models.Post>>],false,64,3,1,0,1,5,2,22,0,0,1,2,0,0,0,1,0,0,3,0,0,1,2,0,0,0,6,1,0,false
/home/arch_design_predict/download-github-repos/mvvm/repos/Dagger-Practice-main/app/src/main/java/com/example/daggersample/ui/main/posts/PostsRecyclerAdapter.java,com.example.daggersample.ui.main.posts.PostsRecyclerAdapter$PostViewHolder,bind/1[com.example.daggersample.models.Post],false,53,1,2,1,1,1,2,3,0,0,1,2,0,0,0,0,0,0,0,0,0,0,0,0,0,0,3,1,0,false
/home/arch_design_predict/download-github-repos/mvvm/repos/Dagger-Practice-main/app/src/main/java/com/example/daggersample/ui/main/posts/PostsRecyclerAdapter.java,com.example.daggersample.ui.main.posts.PostsRecyclerAdapter$PostViewHolder,PostViewHolder/1[com.example.daggersample.ui.main.posts.View],true,48,2,1,1,0,1,1,4,0,0,1,1,0,0,0,0,0,0,0,0,1,0,0,0,0,0,5,1,0,false
/home/arch_design_predict/download-github-repos/mvvm/repos/Dagger-Practice-main/app/src/test/java/com/example/daggersample/ExampleUnitTest.java,com.example.daggersample.ExampleUnitTest,addition_isCorrect/0,false,14,1,0,0,0,1,1,3,0,0,0,1,0,0,0,0,0,0,0,3,0,1,0,0,0,0,5,1,0,false
/home/arch_design_predict/download-github-repos/mvvm/repos/Dagger-Practice-main/app/src/main/java/com/example/daggersample/ui/auth/AuthActivity.java,com.example.daggersample.ui.auth.AuthActivity$Anonymous1,onChanged/1[com.example.daggersample.ui.auth.AuthResource<com.example.daggersample.models.User>],false,74,3,6,0,6,6,6,29,0,0,1,6,0,0,0,1,0,0,2,0,0,2,2,0,0,0,21,1,0,false
/home/arch_design_predict/download-github-repos/mvvm/repos/Dagger-Practice-main/app/src/main/java/com/example/daggersample/models/User.java,com.example.daggersample.models.User,setId/1[int],false,37,0,1,1,0,1,0,3,0,0,1,0,0,0,0,0,0,0,0,0,1,0,0,0,0,0,3,1,0,false
/home/arch_design_predict/download-github-repos/mvvm/repos/Dagger-Practice-main/app/src/main/java/com/example/daggersample/models/User.java,com.example.daggersample.models.User,User/0,true,30,0,1,1,0,1,0,2,0,0,0,0,0,0,0,0,0,0,0,0,0,0,0,0,0,0,1,1,0,false
/home/arch_design_predict/download-github-repos/mvvm/repos/Dagger-Practice-main/app/src/main/java/com/example/daggersample/models/User.java,com.example.daggersample.models.User,"User/4[int,java.lang.String,java.lang.String,java.lang.String]",true,23,0,0,0,0,1,0,6,0,0,4,0,0,0,0,0,0,0,0,0,4,0,0,0,0,0,5,1,0,false
/home/arch_design_predict/download-github-repos/mvvm/repos/Dagger-Practice-main/app/src/main/java/com/example/daggersample/models/User.java,com.example.daggersample.models.User,setEmail/1[java.lang.String],false,53,0,0,0,0,1,0,3,0,0,1,0,0,0,0,0,0,0,0,0,1,0,0,0,0,0,3,1,0,false
/home/arch_design_predict/download-github-repos/mvvm/repos/Dagger-Practice-main/app/src/main/java/com/example/daggersample/models/User.java,com.example.daggersample.models.User,getId/0,false,33,0,1,1,0,1,0,3,1,0,0,0,0,0,0,0,0,0,0,0,0,0,0,0,0,0,3,1,0,false
/home/arch_design_predict/download-github-repos/mvvm/repos/Dagger-Practice-main/app/src/main/java/com/example/daggersample/models/User.java,com.example.daggersample.models.User,setUsername/1[java.lang.String],false,45,0,0,0,0,1,0,3,0,0,1,0,0,0,0,0,0,0,0,0,1,0,0,0,0,0,3,1,0,false
/home/arch_design_predict/download-github-repos/mvvm/repos/Dagger-Practice-main/app/src/main/java/com/example/daggersample/models/User.java,com.example.daggersample.models.User,getWebsite/0,false,57,0,1,1,0,1,0,3,1,0,0,0,0,0,0,0,0,0,0,0,0,0,0,0,0,0,3,1,0,false
/home/arch_design_predict/download-github-repos/mvvm/repos/Dagger-Practice-main/app/src/main/java/com/example/daggersample/models/User.java,com.example.daggersample.models.User,getUsername/0,false,41,0,1,1,0,1,0,3,1,0,0,0,0,0,0,0,0,0,0,0,0,0,0,0,0,0,3,1,0,false
/home/arch_design_predict/download-github-repos/mvvm/repos/Dagger-Practice-main/app/src/main/java/com/example/daggersample/models/User.java,com.example.daggersample.models.User,getEmail/0,false,49,0,2,2,0,1,0,3,1,0,0,0,0,0,0,0,0,0,0,0,0,0,0,0,0,0,3,1,0,false
/home/arch_design_predict/download-github-repos/mvvm/repos/Dagger-Practice-main/app/src/main/java/com/example/daggersample/models/User.java,com.example.daggersample.models.User,setWebsite/1[java.lang.String],false,61,0,0,0,0,1,0,3,0,0,1,0,0,0,0,0,0,0,0,0,1,0,0,0,0,0,3,1,0,false
/home/arch_design_predict/download-github-repos/mvvm/repos/Dagger-Practice-main/app/src/main/java/com/example/daggersample/ui/auth/AuthActivity.java,com.example.daggersample.ui.auth.AuthActivity,onCreate/1[com.example.daggersample.ui.auth.Bundle],false,48,4,2,0,2,1,7,10,0,0,1,7,2,1,0,0,0,0,0,0,3,0,0,0,0,0,21,4,0,false
/home/arch_design_predict/download-github-repos/mvvm/repos/Dagger-Practice-main/app/src/main/java/com/example/daggersample/ui/auth/AuthActivity.java,com.example.daggersample.ui.auth.AuthActivity,attemptLogin/0,false,129,1,2,1,1,2,5,6,1,0,0,5,0,0,0,0,0,0,0,0,0,0,1,0,0,0,2,2,0,false
/home/arch_design_predict/download-github-repos/mvvm/repos/Dagger-Practice-main/app/src/main/java/com/example/daggersample/ui/auth/AuthActivity.java,com.example.daggersample.ui.auth.AuthActivity,subscribeObservers/0,false,71,4,2,1,1,1,2,34,0,0,0,2,0,0,0,0,0,0,0,0,0,0,0,1,0,0,23,2,0,false
/home/arch_design_predict/download-github-repos/mvvm/repos/Dagger-Practice-main/app/src/main/java/com/example/daggersample/ui/auth/AuthActivity.java,com.example.daggersample.ui.auth.AuthActivity,onClick/1[com.example.daggersample.ui.auth.View],false,123,2,1,0,1,2,2,5,0,0,1,2,1,1,0,1,0,0,0,0,0,0,1,0,0,0,6,1,0,false
/home/arch_design_predict/download-github-repos/mvvm/repos/Dagger-Practice-main/app/src/main/java/com/example/daggersample/ui/auth/AuthActivity.java,com.example.daggersample.ui.auth.AuthActivity,onLoginSuccess/0,false,65,2,1,1,0,1,2,5,0,1,0,2,0,0,0,0,0,0,0,0,1,0,0,0,0,0,8,2,0,false
/home/arch_design_predict/download-github-repos/mvvm/repos/Dagger-Practice-main/app/src/main/java/com/example/daggersample/ui/auth/AuthActivity.java,com.example.daggersample.ui.auth.AuthActivity,showProgressBar/1[boolean],false,108,0,1,1,0,2,1,8,0,0,1,1,0,0,0,0,0,0,0,0,0,0,1,0,0,0,5,2,0,false
/home/arch_design_predict/download-github-repos/mvvm/repos/Dagger-Practice-main/app/src/main/java/com/example/daggersample/ui/auth/AuthActivity.java,com.example.daggersample.ui.auth.AuthActivity,setLogo/0,false,116,1,1,1,0,1,3,3,0,0,0,3,0,0,0,0,0,0,0,0,0,0,0,0,0,0,8,2,0,false
/home/arch_design_predict/download-github-repos/mvvm/repos/Dagger-Practice-main/app/src/main/java/com/example/daggersample/ui/main/posts/PostsViewModel.java,com.example.daggersample.ui.main.posts.PostsViewModel,observePosts/0,false,42,8,4,1,3,2,13,35,1,1,0,13,0,0,0,1,0,0,0,0,2,0,1,3,0,0,15,1,0,false
/home/arch_design_predict/download-github-repos/mvvm/repos/Dagger-Practice-main/app/src/main/java/com/example/daggersample/ui/main/posts/PostsViewModel.java,com.example.daggersample.ui.main.posts.PostsViewModel,"PostsViewModel/2[com.example.daggersample.SessionManager,com.example.daggersample.network.main.MainAPI]",true,36,3,0,0,0,1,1,5,0,0,2,1,0,0,0,0,0,0,1,0,2,0,0,0,0,0,11,1,0,false
/home/arch_design_predict/download-github-repos/mvvm/repos/Dagger-Practice-main/app/src/main/java/com/example/daggersample/util/VerticalSpacingItemDecoration.java,com.example.daggersample.util.VerticalSpacingItemDecoration,"getItemOffsets/4[com.example.daggersample.util.Rect,com.example.daggersample.util.View,com.example.daggersample.util.RecyclerView,RecyclerView.State]",false,19,5,0,0,0,1,0,3,0,0,4,0,0,0,0,0,0,0,0,0,1,0,0,0,0,0,10,1,0,false
/home/arch_design_predict/download-github-repos/mvvm/repos/Dagger-Practice-main/app/src/main/java/com/example/daggersample/util/VerticalSpacingItemDecoration.java,com.example.daggersample.util.VerticalSpacingItemDecoration,VerticalSpacingItemDecoration/1[int],true,13,0,1,1,0,1,0,3,0,0,1,0,0,0,0,0,0,0,0,0,1,0,0,0,0,0,7,1,0,false
/home/arch_design_predict/download-github-repos/mvvm/repos/Dagger-Practice-main/app/src/main/java/com/example/daggersample/di/main/MainFragmentBuildersModule.java,com.example.daggersample.di.main.MainFragmentBuildersModule,contributePostsFragment/0,false,15,2,0,0,0,1,0,1,0,0,0,0,0,0,0,0,0,0,0,0,0,0,0,0,0,0,3,1024,0,false
/home/arch_design_predict/download-github-repos/mvvm/repos/Dagger-Practice-main/app/src/main/java/com/example/daggersample/di/main/MainFragmentBuildersModule.java,com.example.daggersample.di.main.MainFragmentBuildersModule,contributeProfileFragment/0,false,12,2,0,0,0,1,0,1,0,0,0,0,0,0,0,0,0,0,0,0,0,0,0,0,0,0,3,1024,0,false
/home/arch_design_predict/download-github-repos/mvvm/repos/Dagger-Practice-main/app/src/main/java/com/example/daggersample/ui/main/posts/PostsFragment.java,com.example.daggersample.ui.main.posts.PostsFragment,"onCreateView/3[com.example.daggersample.ui.main.posts.LayoutInflater,com.example.daggersample.ui.main.posts.ViewGroup,com.example.daggersample.ui.main.posts.Bundle]",false,46,6,0,0,0,1,1,3,1,0,3,1,0,0,0,0,0,0,0,0,0,0,0,0,0,0,10,1,0,false
/home/arch_design_predict/download-github-repos/mvvm/repos/Dagger-Practice-main/app/src/main/java/com/example/daggersample/ui/main/posts/PostsFragment.java,com.example.daggersample.ui.main.posts.PostsFragment,"onViewCreated/2[com.example.daggersample.ui.main.posts.View,com.example.daggersample.ui.main.posts.Bundle]",false,51,7,2,0,2,1,4,6,0,0,2,4,2,1,0,0,0,0,0,0,2,0,0,0,0,0,15,1,0,false
/home/arch_design_predict/download-github-repos/mvvm/repos/Dagger-Practice-main/app/src/main/java/com/example/daggersample/ui/main/posts/PostsFragment.java,com.example.daggersample.ui.main.posts.PostsFragment,initRecyclerView/0,false,88,2,2,1,1,1,4,6,0,1,0,4,0,0,0,0,0,0,0,1,1,0,0,0,0,0,14,2,0,false
/home/arch_design_predict/download-github-repos/mvvm/repos/Dagger-Practice-main/app/src/main/java/com/example/daggersample/ui/main/posts/PostsFragment.java,com.example.daggersample.ui.main.posts.PostsFragment,subscribeObservers/0,false,60,4,2,1,1,1,4,28,0,0,0,4,0,0,0,0,0,0,0,0,0,0,0,1,0,0,12,2,0,false
/home/arch_design_predict/download-github-repos/mvvm/repos/Dagger-Practice-main/app/src/main/java/com/example/daggersample/ui/auth/AuthViewModel.java,com.example.daggersample.ui.auth.AuthViewModel,"AuthViewModel/2[com.example.daggersample.network.auth.AuthAPI,com.example.daggersample.SessionManager]",true,29,3,0,0,0,1,1,5,0,0,2,1,0,0,0,0,0,0,1,0,2,0,0,0,0,0,11,1,0,false
/home/arch_design_predict/download-github-repos/mvvm/repos/Dagger-Practice-main/app/src/main/java/com/example/daggersample/ui/auth/AuthViewModel.java,com.example.daggersample.ui.auth.AuthViewModel,observeAuthState/0,false,66,5,2,1,1,1,1,3,1,0,0,1,0,0,0,0,0,0,0,0,0,0,0,0,0,0,3,1,0,false
/home/arch_design_predict/download-github-repos/mvvm/repos/Dagger-Practice-main/app/src/main/java/com/example/daggersample/ui/auth/AuthViewModel.java,com.example.daggersample.ui.auth.AuthViewModel,queryUserId/1[int],false,40,5,2,1,1,1,6,18,1,0,1,6,0,0,0,0,0,0,0,0,0,0,0,2,0,0,9,2,0,false
/home/arch_design_predict/download-github-repos/mvvm/repos/Dagger-Practice-main/app/src/main/java/com/example/daggersample/ui/auth/AuthViewModel.java,com.example.daggersample.ui.auth.AuthViewModel,authenticateWithId/1[int],false,35,2,3,1,2,1,3,4,0,0,1,3,1,1,0,0,0,0,1,0,0,0,0,0,0,0,8,1,0,false
/home/arch_design_predict/download-github-repos/mvvm/repos/Dagger-Practice-main/app/src/main/java/com/example/daggersample/di/auth/AuthModule.java,com.example.daggersample.di.auth.AuthModule,provideAuthApi/1[com.example.daggersample.di.auth.Retrofit],false,14,4,0,0,0,1,1,3,1,0,1,1,0,0,0,0,0,0,0,0,0,0,0,0,0,0,8,8,0,false
/home/arch_design_predict/download-github-repos/mvvm/repos/Dagger-Practice-main/app/src/main/java/com/example/daggersample/BaseApplication.java,com.example.daggersample.BaseApplication,applicationInjector/0,false,10,1,0,0,0,1,3,3,1,0,0,3,0,0,0,0,0,0,0,0,0,0,0,0,0,0,4,4,0,false
/home/arch_design_predict/download-github-repos/mvvm/repos/Dagger-Practice-main/app/src/main/java/com/example/daggersample/network/auth/AuthAPI.java,com.example.daggersample.network.auth.AuthAPI,getUser/1[int],false,13,4,1,1,0,1,0,1,0,0,1,0,0,0,0,0,0,0,2,0,0,0,0,0,0,0,3,0,0,false
/home/arch_design_predict/download-github-repos/mvvm/repos/Dagger-Practice-main/app/src/main/java/com/example/daggersample/BaseActivity.java,com.example.daggersample.BaseActivity$Anonymous1,onChanged/1[com.example.daggersample.ui.auth.AuthResource<com.example.daggersample.models.User>],false,34,3,6,0,6,6,4,25,0,0,1,4,0,0,0,1,0,0,2,0,0,2,2,0,0,0,14,1,0,false
/home/arch_design_predict/download-github-repos/mvvm/repos/Dagger-Practice-main/app/src/main/java/com/example/daggersample/viewmodels/ViewModelProviderFactory.java,com.example.daggersample.viewmodels.ViewModelProviderFactory,"ViewModelProviderFactory/1[java.util.Map<java.lang.Class<? extends com.example.daggersample.viewmodels.ViewModel>,com.example.daggersample.viewmodels.Provider<com.example.daggersample.viewmodels.ViewModel>>]",true,18,2,0,0,0,1,0,3,0,0,1,0,0,0,0,0,0,0,0,0,1,0,0,0,0,0,5,1,0,false
/home/arch_design_predict/download-github-repos/mvvm/repos/Dagger-Practice-main/app/src/main/java/com/example/daggersample/viewmodels/ViewModelProviderFactory.java,com.example.daggersample.viewmodels.ViewModelProviderFactory,create/1[java.lang.Class<T>],false,24,3,0,0,0,6,5,20,1,1,1,5,0,0,1,2,1,0,1,0,2,1,3,0,0,0,14,1,0,false
/home/arch_design_predict/download-github-repos/mvvm/repos/Dagger-Practice-main/app/src/main/java/com/example/daggersample/ui/main/profile/ProfileFragment.java,com.example.daggersample.ui.main.profile.ProfileFragment$Anonymous1,onChanged/1[com.example.daggersample.ui.auth.AuthResource<com.example.daggersample.models.User>],false,58,3,6,0,6,4,2,17,0,0,1,2,0,0,0,2,0,0,0,0,0,0,2,0,0,0,11,1,0,false
/home/arch_design_predict/download-github-repos/mvvm/repos/Dagger-Practice-main/app/src/main/java/com/example/daggersample/di/AppModule.java,com.example.daggersample.di.AppModule,provideRetrofitInstance/0,false,29,3,0,0,0,1,5,3,1,0,0,5,0,0,0,0,0,0,0,0,0,0,0,0,0,0,3,8,0,false
/home/arch_design_predict/download-github-repos/mvvm/repos/Dagger-Practice-main/app/src/main/java/com/example/daggersample/di/AppModule.java,com.example.daggersample.di.AppModule,"provideGlideInstance/2[com.example.daggersample.di.Application,com.example.daggersample.di.RequestOptions]",false,48,5,0,0,0,1,2,3,1,0,2,2,0,0,0,0,0,0,0,0,0,0,0,0,0,0,9,8,0,false
/home/arch_design_predict/download-github-repos/mvvm/repos/Dagger-Practice-main/app/src/main/java/com/example/daggersample/di/AppModule.java,com.example.daggersample.di.AppModule,provideAppDrawable/1[com.example.daggersample.di.Application],false,55,4,0,0,0,1,1,3,1,0,1,1,0,0,0,0,0,0,0,0,0,0,0,0,0,0,5,8,0,false
/home/arch_design_predict/download-github-repos/mvvm/repos/Dagger-Practice-main/app/src/main/java/com/example/daggersample/di/AppModule.java,com.example.daggersample.di.AppModule,provideRequestOptions/0,false,39,3,0,0,0,1,2,3,1,0,0,2,0,0,0,0,0,0,0,0,0,0,0,0,0,0,3,8,0,false
/home/arch_design_predict/download-github-repos/mvvm/repos/Dagger-Practice-main/app/src/main/java/com/example/daggersample/di/auth/AuthViewModelsModule.java,com.example.daggersample.di.auth.AuthViewModelsModule,bindAuthViewModel/1[com.example.daggersample.ui.auth.AuthViewModel],false,14,5,0,0,0,1,0,1,0,0,1,0,0,0,0,0,0,0,0,0,0,0,0,0,0,0,5,1025,0,false
/home/arch_design_predict/download-github-repos/mvvm/repos/Dagger-Practice-main/app/src/main/java/com/example/daggersample/di/main/MainViewModelsModule.java,com.example.daggersample.di.main.MainViewModelsModule,bindProfileViewModel/1[com.example.daggersample.ui.main.profile.ProfileViewModel],false,16,5,0,0,0,1,0,1,0,0,1,0,0,0,0,0,0,0,0,0,0,0,0,0,0,0,5,1025,0,false
/home/arch_design_predict/download-github-repos/mvvm/repos/Dagger-Practice-main/app/src/main/java/com/example/daggersample/di/main/MainViewModelsModule.java,com.example.daggersample.di.main.MainViewModelsModule,bindPostsViewModel/1[com.example.daggersample.ui.main.posts.PostsViewModel],false,21,5,0,0,0,1,0,1,0,0,1,0,0,0,0,0,0,0,0,0,0,0,0,0,0,0,5,1025,0,false
/home/arch_design_predict/download-github-repos/mvvm/repos/Dagger-Practice-main/app/src/main/java/com/example/daggersample/models/Post.java,com.example.daggersample.models.Post,setBody/1[java.lang.String],false,61,0,0,0,0,1,0,3,0,0,1,0,0,0,0,0,0,0,0,0,1,0,0,0,0,0,3,1,0,false
/home/arch_design_predict/download-github-repos/mvvm/repos/Dagger-Practice-main/app/src/main/java/com/example/daggersample/models/Post.java,com.example.daggersample.models.Post,getBody/0,false,57,0,0,0,0,1,0,3,1,0,0,0,0,0,0,0,0,0,0,0,0,0,0,0,0,0,3,1,0,false
/home/arch_design_predict/download-github-repos/mvvm/repos/Dagger-Practice-main/app/src/main/java/com/example/daggersample/models/Post.java,com.example.daggersample.models.Post,"Post/4[int,int,java.lang.String,java.lang.String]",true,23,0,0,0,0,1,0,6,0,0,4,0,0,0,0,0,0,0,0,0,4,0,0,0,0,0,6,1,0,false
/home/arch_design_predict/download-github-repos/mvvm/repos/Dagger-Practice-main/app/src/main/java/com/example/daggersample/models/Post.java,com.example.daggersample.models.Post,setTitle/1[java.lang.String],false,53,0,0,0,0,1,0,3,0,0,1,0,0,0,0,0,0,0,0,0,1,0,0,0,0,0,3,1,0,false
/home/arch_design_predict/download-github-repos/mvvm/repos/Dagger-Practice-main/app/src/main/java/com/example/daggersample/models/Post.java,com.example.daggersample.models.Post,Post/0,true,30,0,1,1,0,1,0,2,0,0,0,0,0,0,0,0,0,0,0,0,0,0,0,0,0,0,1,1,0,false
/home/arch_design_predict/download-github-repos/mvvm/repos/Dagger-Practice-main/app/src/main/java/com/example/daggersample/models/Post.java,com.example.daggersample.models.Post,setId/1[int],false,45,0,1,1,0,1,0,3,0,0,1,0,0,0,0,0,0,0,0,0,1,0,0,0,0,0,3,1,0,false
/home/arch_design_predict/download-github-repos/mvvm/repos/Dagger-Practice-main/app/src/main/java/com/example/daggersample/models/Post.java,com.example.daggersample.models.Post,getUserId/0,false,33,0,0,0,0,1,0,3,1,0,0,0,0,0,0,0,0,0,0,0,0,0,0,0,0,0,4,1,0,false
/home/arch_design_predict/download-github-repos/mvvm/repos/Dagger-Practice-main/app/src/main/java/com/example/daggersample/models/Post.java,com.example.daggersample.models.Post,setUserId/1[int],false,37,0,0,0,0,1,0,3,0,0,1,0,0,0,0,0,0,0,0,0,1,0,0,0,0,0,4,1,0,false
/home/arch_design_predict/download-github-repos/mvvm/repos/Dagger-Practice-main/app/src/main/java/com/example/daggersample/models/Post.java,com.example.daggersample.models.Post,getId/0,false,41,0,1,1,0,1,0,3,1,0,0,0,0,0,0,0,0,0,0,0,0,0,0,0,0,0,3,1,0,false
/home/arch_design_predict/download-github-repos/mvvm/repos/Dagger-Practice-main/app/src/main/java/com/example/daggersample/models/Post.java,com.example.daggersample.models.Post,getTitle/0,false,49,0,1,1,0,1,0,3,1,0,0,0,0,0,0,0,0,0,0,0,0,0,0,0,0,0,3,1,0,false
/home/arch_design_predict/download-github-repos/mvvm/repos/Dagger-Practice-main/app/src/main/java/com/example/daggersample/di/main/MainModule.java,com.example.daggersample.di.main.MainModule,providePostsAdapter/0,false,15,3,1,0,1,1,0,3,1,0,0,0,0,0,0,0,0,0,0,0,0,0,0,0,0,0,4,8,0,false
/home/arch_design_predict/download-github-repos/mvvm/repos/Dagger-Practice-main/app/src/main/java/com/example/daggersample/di/main/MainModule.java,com.example.daggersample.di.main.MainModule,provideMainAPI/1[com.example.daggersample.di.main.Retrofit],false,21,4,0,0,0,1,1,3,1,0,1,1,0,0,0,0,0,0,0,0,0,0,0,0,0,0,7,8,0,false
/home/arch_design_predict/download-github-repos/mvvm/repos/Dagger-Practice-main/app/src/main/java/com/example/daggersample/di/ViewModelFactoryModule.java,com.example.daggersample.di.ViewModelFactoryModule,bindViewModelFactory/1[com.example.daggersample.viewmodels.ViewModelProviderFactory],false,14,3,0,0,0,1,0,1,0,0,1,0,0,0,0,0,0,0,0,0,0,0,0,0,0,0,6,1025,0,false
