file,class,method,variable,usage
/home/arch_design_predict/download-github-repos/mvvm/repos/Dagger-Practice-main/app/src/main/java/com/example/daggersample/di/AppComponent.java,com.example.daggersample.di.AppComponent$Builder,application/1[com.example.daggersample.di.Application],application,0
/home/arch_design_predict/download-github-repos/mvvm/repos/Dagger-Practice-main/app/src/main/java/com/example/daggersample/network/main/MainAPI.java,com.example.daggersample.network.main.MainAPI,getPostsFromUser/1[int],id,0
/home/arch_design_predict/download-github-repos/mvvm/repos/Dagger-Practice-main/app/src/main/java/com/example/daggersample/ui/auth/AuthResource.java,com.example.daggersample.ui.auth.AuthResource,"error/2[java.lang.String,T]",msg,1
/home/arch_design_predict/download-github-repos/mvvm/repos/Dagger-Practice-main/app/src/main/java/com/example/daggersample/ui/auth/AuthResource.java,com.example.daggersample.ui.auth.AuthResource,"error/2[java.lang.String,T]",data,1
/home/arch_design_predict/download-github-repos/mvvm/repos/Dagger-Practice-main/app/src/main/java/com/example/daggersample/ui/auth/AuthResource.java,com.example.daggersample.ui.auth.AuthResource,loading/1[T],data,1
/home/arch_design_predict/download-github-repos/mvvm/repos/Dagger-Practice-main/app/src/main/java/com/example/daggersample/ui/auth/AuthResource.java,com.example.daggersample.ui.auth.AuthResource,"AuthResource/3[com.example.daggersample.ui.auth.AuthResource.AuthStatus,T,java.lang.String]",data,2
/home/arch_design_predict/download-github-repos/mvvm/repos/Dagger-Practice-main/app/src/main/java/com/example/daggersample/ui/auth/AuthResource.java,com.example.daggersample.ui.auth.AuthResource,"AuthResource/3[com.example.daggersample.ui.auth.AuthResource.AuthStatus,T,java.lang.String]",message,2
/home/arch_design_predict/download-github-repos/mvvm/repos/Dagger-Practice-main/app/src/main/java/com/example/daggersample/ui/auth/AuthResource.java,com.example.daggersample.ui.auth.AuthResource,"AuthResource/3[com.example.daggersample.ui.auth.AuthResource.AuthStatus,T,java.lang.String]",status,2
/home/arch_design_predict/download-github-repos/mvvm/repos/Dagger-Practice-main/app/src/main/java/com/example/daggersample/ui/auth/AuthResource.java,com.example.daggersample.ui.auth.AuthResource,authenticated/1[T],data,1
/home/arch_design_predict/download-github-repos/mvvm/repos/Dagger-Practice-main/app/src/main/java/com/example/daggersample/ui/main/MainActivity.java,com.example.daggersample.ui.main.MainActivity,isValidDestination/1[int],destination,1
/home/arch_design_predict/download-github-repos/mvvm/repos/Dagger-Practice-main/app/src/main/java/com/example/daggersample/ui/main/MainActivity.java,com.example.daggersample.ui.main.MainActivity,onNavigationItemSelected/1[com.example.daggersample.ui.main.MenuItem],itemId,2
/home/arch_design_predict/download-github-repos/mvvm/repos/Dagger-Practice-main/app/src/main/java/com/example/daggersample/ui/main/MainActivity.java,com.example.daggersample.ui.main.MainActivity,onNavigationItemSelected/1[com.example.daggersample.ui.main.MenuItem],item,2
/home/arch_design_predict/download-github-repos/mvvm/repos/Dagger-Practice-main/app/src/main/java/com/example/daggersample/ui/main/MainActivity.java,com.example.daggersample.ui.main.MainActivity,onNavigationItemSelected/1[com.example.daggersample.ui.main.MenuItem],navOptions,1
/home/arch_design_predict/download-github-repos/mvvm/repos/Dagger-Practice-main/app/src/main/java/com/example/daggersample/ui/main/MainActivity.java,com.example.daggersample.ui.main.MainActivity,onCreate/1[com.example.daggersample.ui.main.Bundle],savedInstanceState,1
/home/arch_design_predict/download-github-repos/mvvm/repos/Dagger-Practice-main/app/src/main/java/com/example/daggersample/ui/main/MainActivity.java,com.example.daggersample.ui.main.MainActivity,onCreateOptionsMenu/1[com.example.daggersample.ui.main.Menu],menu,2
/home/arch_design_predict/download-github-repos/mvvm/repos/Dagger-Practice-main/app/src/main/java/com/example/daggersample/ui/main/MainActivity.java,com.example.daggersample.ui.main.MainActivity,onCreateOptionsMenu/1[com.example.daggersample.ui.main.Menu],inflater,1
/home/arch_design_predict/download-github-repos/mvvm/repos/Dagger-Practice-main/app/src/main/java/com/example/daggersample/ui/main/MainActivity.java,com.example.daggersample.ui.main.MainActivity,onOptionsItemSelected/1[com.example.daggersample.ui.main.MenuItem],item,3
/home/arch_design_predict/download-github-repos/mvvm/repos/Dagger-Practice-main/app/src/main/java/com/example/daggersample/ui/main/MainActivity.java,com.example.daggersample.ui.main.MainActivity,init/0,navController,2
/home/arch_design_predict/download-github-repos/mvvm/repos/Dagger-Practice-main/app/src/main/java/com/example/daggersample/SessionManager.java,com.example.daggersample.SessionManager,authenticateWithId/1[com.example.daggersample.LiveData<com.example.daggersample.ui.auth.AuthResource<com.example.daggersample.models.User>>],source,1
/home/arch_design_predict/download-github-repos/mvvm/repos/Dagger-Practice-main/app/src/main/java/com/example/daggersample/ui/main/posts/PostsViewModel.java,com.example.daggersample.ui.main.posts.PostsViewModel$Anonymous1,apply/1[java.lang.Throwable],post,2
/home/arch_design_predict/download-github-repos/mvvm/repos/Dagger-Practice-main/app/src/main/java/com/example/daggersample/ui/main/posts/PostsViewModel.java,com.example.daggersample.ui.main.posts.PostsViewModel$Anonymous1,apply/1[java.lang.Throwable],throwable,1
/home/arch_design_predict/download-github-repos/mvvm/repos/Dagger-Practice-main/app/src/main/java/com/example/daggersample/ui/main/posts/PostsViewModel.java,com.example.daggersample.ui.main.posts.PostsViewModel$Anonymous1,apply/1[java.lang.Throwable],posts,2
/home/arch_design_predict/download-github-repos/mvvm/repos/Dagger-Practice-main/app/src/main/java/com/example/daggersample/ui/main/posts/PostsViewModel.java,com.example.daggersample.ui.main.posts.PostsViewModel$Anonymous2,apply/1[java.util.List<com.example.daggersample.models.Post>],posts,3
/home/arch_design_predict/download-github-repos/mvvm/repos/Dagger-Practice-main/app/src/main/java/com/example/daggersample/ui/main/posts/PostsViewModel.java,com.example.daggersample.ui.main.posts.PostsViewModel$Anonymous3,onChanged/1[com.example.daggersample.ui.main.Resource<java.util.List<com.example.daggersample.models.Post>>],listResource,1
/home/arch_design_predict/download-github-repos/mvvm/repos/Dagger-Practice-main/app/src/main/java/com/example/daggersample/SessionManager.java,com.example.daggersample.SessionManager$Anonymous1,onChanged/1[com.example.daggersample.ui.auth.AuthResource<com.example.daggersample.models.User>],userAuthResource,1
/home/arch_design_predict/download-github-repos/mvvm/repos/Dagger-Practice-main/app/src/main/java/com/example/daggersample/ui/auth/AuthViewModel.java,com.example.daggersample.ui.auth.AuthViewModel$Anonymous1,apply/1[java.lang.Throwable],throwable,0
/home/arch_design_predict/download-github-repos/mvvm/repos/Dagger-Practice-main/app/src/main/java/com/example/daggersample/ui/auth/AuthViewModel.java,com.example.daggersample.ui.auth.AuthViewModel$Anonymous1,apply/1[java.lang.Throwable],errorUser,2
/home/arch_design_predict/download-github-repos/mvvm/repos/Dagger-Practice-main/app/src/main/java/com/example/daggersample/ui/auth/AuthViewModel.java,com.example.daggersample.ui.auth.AuthViewModel$Anonymous2,apply/1[com.example.daggersample.models.User],user,2
/home/arch_design_predict/download-github-repos/mvvm/repos/Dagger-Practice-main/app/src/main/java/com/example/daggersample/BaseActivity.java,com.example.daggersample.BaseActivity,navLoginScreen/0,intent,1
/home/arch_design_predict/download-github-repos/mvvm/repos/Dagger-Practice-main/app/src/main/java/com/example/daggersample/BaseActivity.java,com.example.daggersample.BaseActivity,onCreate/1[com.example.daggersample.Bundle],savedInstanceState,1
/home/arch_design_predict/download-github-repos/mvvm/repos/Dagger-Practice-main/app/src/androidTest/java/com/example/daggersample/ExampleInstrumentedTest.java,com.example.daggersample.ExampleInstrumentedTest,useAppContext/0,appContext,1
/home/arch_design_predict/download-github-repos/mvvm/repos/Dagger-Practice-main/app/src/main/java/com/example/daggersample/ui/main/Resource.java,com.example.daggersample.ui.main.Resource,"error/2[java.lang.String,T]",msg,1
/home/arch_design_predict/download-github-repos/mvvm/repos/Dagger-Practice-main/app/src/main/java/com/example/daggersample/ui/main/Resource.java,com.example.daggersample.ui.main.Resource,"error/2[java.lang.String,T]",data,1
/home/arch_design_predict/download-github-repos/mvvm/repos/Dagger-Practice-main/app/src/main/java/com/example/daggersample/ui/main/Resource.java,com.example.daggersample.ui.main.Resource,loading/1[T],data,1
/home/arch_design_predict/download-github-repos/mvvm/repos/Dagger-Practice-main/app/src/main/java/com/example/daggersample/ui/main/Resource.java,com.example.daggersample.ui.main.Resource,"Resource/3[com.example.daggersample.ui.main.Resource.Status,T,java.lang.String]",data,2
/home/arch_design_predict/download-github-repos/mvvm/repos/Dagger-Practice-main/app/src/main/java/com/example/daggersample/ui/main/Resource.java,com.example.daggersample.ui.main.Resource,"Resource/3[com.example.daggersample.ui.main.Resource.Status,T,java.lang.String]",message,2
/home/arch_design_predict/download-github-repos/mvvm/repos/Dagger-Practice-main/app/src/main/java/com/example/daggersample/ui/main/Resource.java,com.example.daggersample.ui.main.Resource,"Resource/3[com.example.daggersample.ui.main.Resource.Status,T,java.lang.String]",status,2
/home/arch_design_predict/download-github-repos/mvvm/repos/Dagger-Practice-main/app/src/main/java/com/example/daggersample/ui/main/Resource.java,com.example.daggersample.ui.main.Resource,success/1[T],data,1
/home/arch_design_predict/download-github-repos/mvvm/repos/Dagger-Practice-main/app/src/main/java/com/example/daggersample/ui/main/profile/ProfileFragment.java,com.example.daggersample.ui.main.profile.ProfileFragment,"onCreateView/3[com.example.daggersample.ui.main.profile.LayoutInflater,com.example.daggersample.ui.main.profile.ViewGroup,com.example.daggersample.ui.main.profile.Bundle]",container,1
/home/arch_design_predict/download-github-repos/mvvm/repos/Dagger-Practice-main/app/src/main/java/com/example/daggersample/ui/main/profile/ProfileFragment.java,com.example.daggersample.ui.main.profile.ProfileFragment,"onCreateView/3[com.example.daggersample.ui.main.profile.LayoutInflater,com.example.daggersample.ui.main.profile.ViewGroup,com.example.daggersample.ui.main.profile.Bundle]",savedInstanceState,0
/home/arch_design_predict/download-github-repos/mvvm/repos/Dagger-Practice-main/app/src/main/java/com/example/daggersample/ui/main/profile/ProfileFragment.java,com.example.daggersample.ui.main.profile.ProfileFragment,"onCreateView/3[com.example.daggersample.ui.main.profile.LayoutInflater,com.example.daggersample.ui.main.profile.ViewGroup,com.example.daggersample.ui.main.profile.Bundle]",inflater,1
/home/arch_design_predict/download-github-repos/mvvm/repos/Dagger-Practice-main/app/src/main/java/com/example/daggersample/ui/main/profile/ProfileFragment.java,com.example.daggersample.ui.main.profile.ProfileFragment,"onViewCreated/2[com.example.daggersample.ui.main.profile.View,com.example.daggersample.ui.main.profile.Bundle]",savedInstanceState,0
/home/arch_design_predict/download-github-repos/mvvm/repos/Dagger-Practice-main/app/src/main/java/com/example/daggersample/ui/main/profile/ProfileFragment.java,com.example.daggersample.ui.main.profile.ProfileFragment,"onViewCreated/2[com.example.daggersample.ui.main.profile.View,com.example.daggersample.ui.main.profile.Bundle]",view,3
/home/arch_design_predict/download-github-repos/mvvm/repos/Dagger-Practice-main/app/src/main/java/com/example/daggersample/ui/main/profile/ProfileFragment.java,com.example.daggersample.ui.main.profile.ProfileFragment,setErrorDetails/1[java.lang.String],message,1
/home/arch_design_predict/download-github-repos/mvvm/repos/Dagger-Practice-main/app/src/main/java/com/example/daggersample/ui/main/profile/ProfileFragment.java,com.example.daggersample.ui.main.profile.ProfileFragment,setUserDetails/1[com.example.daggersample.models.User],data,3
/home/arch_design_predict/download-github-repos/mvvm/repos/Dagger-Practice-main/app/src/main/java/com/example/daggersample/ui/main/profile/ProfileViewModel.java,com.example.daggersample.ui.main.profile.ProfileViewModel,ProfileViewModel/1[com.example.daggersample.SessionManager],sessionManager,2
/home/arch_design_predict/download-github-repos/mvvm/repos/Dagger-Practice-main/app/src/main/java/com/example/daggersample/ui/main/posts/PostsRecyclerAdapter.java,com.example.daggersample.ui.main.posts.PostsRecyclerAdapter,"onCreateViewHolder/2[com.example.daggersample.ui.main.posts.ViewGroup,int]",parent,2
/home/arch_design_predict/download-github-repos/mvvm/repos/Dagger-Practice-main/app/src/main/java/com/example/daggersample/ui/main/posts/PostsRecyclerAdapter.java,com.example.daggersample.ui.main.posts.PostsRecyclerAdapter,"onCreateViewHolder/2[com.example.daggersample.ui.main.posts.ViewGroup,int]",view,1
/home/arch_design_predict/download-github-repos/mvvm/repos/Dagger-Practice-main/app/src/main/java/com/example/daggersample/ui/main/posts/PostsRecyclerAdapter.java,com.example.daggersample.ui.main.posts.PostsRecyclerAdapter,"onCreateViewHolder/2[com.example.daggersample.ui.main.posts.ViewGroup,int]",viewType,0
/home/arch_design_predict/download-github-repos/mvvm/repos/Dagger-Practice-main/app/src/main/java/com/example/daggersample/ui/main/posts/PostsRecyclerAdapter.java,com.example.daggersample.ui.main.posts.PostsRecyclerAdapter,setPosts/1[java.util.List<com.example.daggersample.models.Post>],posts,2
/home/arch_design_predict/download-github-repos/mvvm/repos/Dagger-Practice-main/app/src/main/java/com/example/daggersample/ui/main/posts/PostsRecyclerAdapter.java,com.example.daggersample.ui.main.posts.PostsRecyclerAdapter,"onBindViewHolder/2[RecyclerView.ViewHolder,int]",holder,1
/home/arch_design_predict/download-github-repos/mvvm/repos/Dagger-Practice-main/app/src/main/java/com/example/daggersample/ui/main/posts/PostsRecyclerAdapter.java,com.example.daggersample.ui.main.posts.PostsRecyclerAdapter,"onBindViewHolder/2[RecyclerView.ViewHolder,int]",position,1
/home/arch_design_predict/download-github-repos/mvvm/repos/Dagger-Practice-main/app/src/main/java/com/example/daggersample/ui/main/posts/PostsFragment.java,com.example.daggersample.ui.main.posts.PostsFragment$Anonymous1,onChanged/1[com.example.daggersample.ui.main.Resource<java.util.List<com.example.daggersample.models.Post>>],listResource,4
/home/arch_design_predict/download-github-repos/mvvm/repos/Dagger-Practice-main/app/src/main/java/com/example/daggersample/ui/main/posts/PostsRecyclerAdapter.java,com.example.daggersample.ui.main.posts.PostsRecyclerAdapter$PostViewHolder,bind/1[com.example.daggersample.models.Post],post,1
/home/arch_design_predict/download-github-repos/mvvm/repos/Dagger-Practice-main/app/src/main/java/com/example/daggersample/ui/main/posts/PostsRecyclerAdapter.java,com.example.daggersample.ui.main.posts.PostsRecyclerAdapter$PostViewHolder,PostViewHolder/1[com.example.daggersample.ui.main.posts.View],itemView,2
/home/arch_design_predict/download-github-repos/mvvm/repos/Dagger-Practice-main/app/src/main/java/com/example/daggersample/ui/auth/AuthActivity.java,com.example.daggersample.ui.auth.AuthActivity$Anonymous1,onChanged/1[com.example.daggersample.ui.auth.AuthResource<com.example.daggersample.models.User>],userAuthResource,4
/home/arch_design_predict/download-github-repos/mvvm/repos/Dagger-Practice-main/app/src/main/java/com/example/daggersample/models/User.java,com.example.daggersample.models.User,setId/1[int],id,2
/home/arch_design_predict/download-github-repos/mvvm/repos/Dagger-Practice-main/app/src/main/java/com/example/daggersample/models/User.java,com.example.daggersample.models.User,"User/4[int,java.lang.String,java.lang.String,java.lang.String]",website,2
/home/arch_design_predict/download-github-repos/mvvm/repos/Dagger-Practice-main/app/src/main/java/com/example/daggersample/models/User.java,com.example.daggersample.models.User,"User/4[int,java.lang.String,java.lang.String,java.lang.String]",id,2
/home/arch_design_predict/download-github-repos/mvvm/repos/Dagger-Practice-main/app/src/main/java/com/example/daggersample/models/User.java,com.example.daggersample.models.User,"User/4[int,java.lang.String,java.lang.String,java.lang.String]",email,2
/home/arch_design_predict/download-github-repos/mvvm/repos/Dagger-Practice-main/app/src/main/java/com/example/daggersample/models/User.java,com.example.daggersample.models.User,"User/4[int,java.lang.String,java.lang.String,java.lang.String]",username,2
/home/arch_design_predict/download-github-repos/mvvm/repos/Dagger-Practice-main/app/src/main/java/com/example/daggersample/models/User.java,com.example.daggersample.models.User,setEmail/1[java.lang.String],email,2
/home/arch_design_predict/download-github-repos/mvvm/repos/Dagger-Practice-main/app/src/main/java/com/example/daggersample/models/User.java,com.example.daggersample.models.User,setUsername/1[java.lang.String],username,2
/home/arch_design_predict/download-github-repos/mvvm/repos/Dagger-Practice-main/app/src/main/java/com/example/daggersample/models/User.java,com.example.daggersample.models.User,setWebsite/1[java.lang.String],website,2
/home/arch_design_predict/download-github-repos/mvvm/repos/Dagger-Practice-main/app/src/main/java/com/example/daggersample/ui/auth/AuthActivity.java,com.example.daggersample.ui.auth.AuthActivity,onCreate/1[com.example.daggersample.ui.auth.Bundle],savedInstanceState,1
/home/arch_design_predict/download-github-repos/mvvm/repos/Dagger-Practice-main/app/src/main/java/com/example/daggersample/ui/auth/AuthActivity.java,com.example.daggersample.ui.auth.AuthActivity,onClick/1[com.example.daggersample.ui.auth.View],v,1
/home/arch_design_predict/download-github-repos/mvvm/repos/Dagger-Practice-main/app/src/main/java/com/example/daggersample/ui/auth/AuthActivity.java,com.example.daggersample.ui.auth.AuthActivity,onLoginSuccess/0,intent,1
/home/arch_design_predict/download-github-repos/mvvm/repos/Dagger-Practice-main/app/src/main/java/com/example/daggersample/ui/auth/AuthActivity.java,com.example.daggersample.ui.auth.AuthActivity,showProgressBar/1[boolean],isVisible,1
/home/arch_design_predict/download-github-repos/mvvm/repos/Dagger-Practice-main/app/src/main/java/com/example/daggersample/ui/main/posts/PostsViewModel.java,com.example.daggersample.ui.main.posts.PostsViewModel,observePosts/0,source,1
/home/arch_design_predict/download-github-repos/mvvm/repos/Dagger-Practice-main/app/src/main/java/com/example/daggersample/ui/main/posts/PostsViewModel.java,com.example.daggersample.ui.main.posts.PostsViewModel,"PostsViewModel/2[com.example.daggersample.SessionManager,com.example.daggersample.network.main.MainAPI]",mainAPI,2
/home/arch_design_predict/download-github-repos/mvvm/repos/Dagger-Practice-main/app/src/main/java/com/example/daggersample/ui/main/posts/PostsViewModel.java,com.example.daggersample.ui.main.posts.PostsViewModel,"PostsViewModel/2[com.example.daggersample.SessionManager,com.example.daggersample.network.main.MainAPI]",sessionManager,2
/home/arch_design_predict/download-github-repos/mvvm/repos/Dagger-Practice-main/app/src/main/java/com/example/daggersample/util/VerticalSpacingItemDecoration.java,com.example.daggersample.util.VerticalSpacingItemDecoration,"getItemOffsets/4[com.example.daggersample.util.Rect,com.example.daggersample.util.View,com.example.daggersample.util.RecyclerView,RecyclerView.State]",parent,0
/home/arch_design_predict/download-github-repos/mvvm/repos/Dagger-Practice-main/app/src/main/java/com/example/daggersample/util/VerticalSpacingItemDecoration.java,com.example.daggersample.util.VerticalSpacingItemDecoration,"getItemOffsets/4[com.example.daggersample.util.Rect,com.example.daggersample.util.View,com.example.daggersample.util.RecyclerView,RecyclerView.State]",view,0
/home/arch_design_predict/download-github-repos/mvvm/repos/Dagger-Practice-main/app/src/main/java/com/example/daggersample/util/VerticalSpacingItemDecoration.java,com.example.daggersample.util.VerticalSpacingItemDecoration,"getItemOffsets/4[com.example.daggersample.util.Rect,com.example.daggersample.util.View,com.example.daggersample.util.RecyclerView,RecyclerView.State]",outRect,1
/home/arch_design_predict/download-github-repos/mvvm/repos/Dagger-Practice-main/app/src/main/java/com/example/daggersample/util/VerticalSpacingItemDecoration.java,com.example.daggersample.util.VerticalSpacingItemDecoration,"getItemOffsets/4[com.example.daggersample.util.Rect,com.example.daggersample.util.View,com.example.daggersample.util.RecyclerView,RecyclerView.State]",state,0
/home/arch_design_predict/download-github-repos/mvvm/repos/Dagger-Practice-main/app/src/main/java/com/example/daggersample/util/VerticalSpacingItemDecoration.java,com.example.daggersample.util.VerticalSpacingItemDecoration,VerticalSpacingItemDecoration/1[int],verticalSpaceHeight,2
/home/arch_design_predict/download-github-repos/mvvm/repos/Dagger-Practice-main/app/src/main/java/com/example/daggersample/ui/main/posts/PostsFragment.java,com.example.daggersample.ui.main.posts.PostsFragment,"onCreateView/3[com.example.daggersample.ui.main.posts.LayoutInflater,com.example.daggersample.ui.main.posts.ViewGroup,com.example.daggersample.ui.main.posts.Bundle]",container,1
/home/arch_design_predict/download-github-repos/mvvm/repos/Dagger-Practice-main/app/src/main/java/com/example/daggersample/ui/main/posts/PostsFragment.java,com.example.daggersample.ui.main.posts.PostsFragment,"onCreateView/3[com.example.daggersample.ui.main.posts.LayoutInflater,com.example.daggersample.ui.main.posts.ViewGroup,com.example.daggersample.ui.main.posts.Bundle]",savedInstanceState,0
/home/arch_design_predict/download-github-repos/mvvm/repos/Dagger-Practice-main/app/src/main/java/com/example/daggersample/ui/main/posts/PostsFragment.java,com.example.daggersample.ui.main.posts.PostsFragment,"onCreateView/3[com.example.daggersample.ui.main.posts.LayoutInflater,com.example.daggersample.ui.main.posts.ViewGroup,com.example.daggersample.ui.main.posts.Bundle]",inflater,1
/home/arch_design_predict/download-github-repos/mvvm/repos/Dagger-Practice-main/app/src/main/java/com/example/daggersample/ui/main/posts/PostsFragment.java,com.example.daggersample.ui.main.posts.PostsFragment,"onViewCreated/2[com.example.daggersample.ui.main.posts.View,com.example.daggersample.ui.main.posts.Bundle]",savedInstanceState,0
/home/arch_design_predict/download-github-repos/mvvm/repos/Dagger-Practice-main/app/src/main/java/com/example/daggersample/ui/main/posts/PostsFragment.java,com.example.daggersample.ui.main.posts.PostsFragment,"onViewCreated/2[com.example.daggersample.ui.main.posts.View,com.example.daggersample.ui.main.posts.Bundle]",view,1
/home/arch_design_predict/download-github-repos/mvvm/repos/Dagger-Practice-main/app/src/main/java/com/example/daggersample/ui/main/posts/PostsFragment.java,com.example.daggersample.ui.main.posts.PostsFragment,initRecyclerView/0,itemDecoration,1
/home/arch_design_predict/download-github-repos/mvvm/repos/Dagger-Practice-main/app/src/main/java/com/example/daggersample/ui/auth/AuthViewModel.java,com.example.daggersample.ui.auth.AuthViewModel,"AuthViewModel/2[com.example.daggersample.network.auth.AuthAPI,com.example.daggersample.SessionManager]",authApi,2
/home/arch_design_predict/download-github-repos/mvvm/repos/Dagger-Practice-main/app/src/main/java/com/example/daggersample/ui/auth/AuthViewModel.java,com.example.daggersample.ui.auth.AuthViewModel,"AuthViewModel/2[com.example.daggersample.network.auth.AuthAPI,com.example.daggersample.SessionManager]",sessionManager,2
/home/arch_design_predict/download-github-repos/mvvm/repos/Dagger-Practice-main/app/src/main/java/com/example/daggersample/ui/auth/AuthViewModel.java,com.example.daggersample.ui.auth.AuthViewModel,queryUserId/1[int],userId,1
/home/arch_design_predict/download-github-repos/mvvm/repos/Dagger-Practice-main/app/src/main/java/com/example/daggersample/ui/auth/AuthViewModel.java,com.example.daggersample.ui.auth.AuthViewModel,authenticateWithId/1[int],userId,1
/home/arch_design_predict/download-github-repos/mvvm/repos/Dagger-Practice-main/app/src/main/java/com/example/daggersample/di/auth/AuthModule.java,com.example.daggersample.di.auth.AuthModule,provideAuthApi/1[com.example.daggersample.di.auth.Retrofit],retrofit,1
/home/arch_design_predict/download-github-repos/mvvm/repos/Dagger-Practice-main/app/src/main/java/com/example/daggersample/network/auth/AuthAPI.java,com.example.daggersample.network.auth.AuthAPI,getUser/1[int],id,0
/home/arch_design_predict/download-github-repos/mvvm/repos/Dagger-Practice-main/app/src/main/java/com/example/daggersample/BaseActivity.java,com.example.daggersample.BaseActivity$Anonymous1,onChanged/1[com.example.daggersample.ui.auth.AuthResource<com.example.daggersample.models.User>],userAuthResource,4
/home/arch_design_predict/download-github-repos/mvvm/repos/Dagger-Practice-main/app/src/main/java/com/example/daggersample/viewmodels/ViewModelProviderFactory.java,com.example.daggersample.viewmodels.ViewModelProviderFactory,"ViewModelProviderFactory/1[java.util.Map<java.lang.Class<? extends com.example.daggersample.viewmodels.ViewModel>,com.example.daggersample.viewmodels.Provider<com.example.daggersample.viewmodels.ViewModel>>]",creators,2
/home/arch_design_predict/download-github-repos/mvvm/repos/Dagger-Practice-main/app/src/main/java/com/example/daggersample/viewmodels/ViewModelProviderFactory.java,com.example.daggersample.viewmodels.ViewModelProviderFactory,create/1[java.lang.Class<T>],entry,2
/home/arch_design_predict/download-github-repos/mvvm/repos/Dagger-Practice-main/app/src/main/java/com/example/daggersample/viewmodels/ViewModelProviderFactory.java,com.example.daggersample.viewmodels.ViewModelProviderFactory,create/1[java.lang.Class<T>],creator,4
/home/arch_design_predict/download-github-repos/mvvm/repos/Dagger-Practice-main/app/src/main/java/com/example/daggersample/viewmodels/ViewModelProviderFactory.java,com.example.daggersample.viewmodels.ViewModelProviderFactory,create/1[java.lang.Class<T>],modelClass,3
/home/arch_design_predict/download-github-repos/mvvm/repos/Dagger-Practice-main/app/src/main/java/com/example/daggersample/viewmodels/ViewModelProviderFactory.java,com.example.daggersample.viewmodels.ViewModelProviderFactory,create/1[java.lang.Class<T>],e,1
/home/arch_design_predict/download-github-repos/mvvm/repos/Dagger-Practice-main/app/src/main/java/com/example/daggersample/ui/main/profile/ProfileFragment.java,com.example.daggersample.ui.main.profile.ProfileFragment$Anonymous1,onChanged/1[com.example.daggersample.ui.auth.AuthResource<com.example.daggersample.models.User>],userAuthResource,5
/home/arch_design_predict/download-github-repos/mvvm/repos/Dagger-Practice-main/app/src/main/java/com/example/daggersample/di/AppModule.java,com.example.daggersample.di.AppModule,"provideGlideInstance/2[com.example.daggersample.di.Application,com.example.daggersample.di.RequestOptions]",application,1
/home/arch_design_predict/download-github-repos/mvvm/repos/Dagger-Practice-main/app/src/main/java/com/example/daggersample/di/AppModule.java,com.example.daggersample.di.AppModule,"provideGlideInstance/2[com.example.daggersample.di.Application,com.example.daggersample.di.RequestOptions]",requestOptions,1
/home/arch_design_predict/download-github-repos/mvvm/repos/Dagger-Practice-main/app/src/main/java/com/example/daggersample/di/AppModule.java,com.example.daggersample.di.AppModule,provideAppDrawable/1[com.example.daggersample.di.Application],application,1
/home/arch_design_predict/download-github-repos/mvvm/repos/Dagger-Practice-main/app/src/main/java/com/example/daggersample/di/auth/AuthViewModelsModule.java,com.example.daggersample.di.auth.AuthViewModelsModule,bindAuthViewModel/1[com.example.daggersample.ui.auth.AuthViewModel],viewModel,0
/home/arch_design_predict/download-github-repos/mvvm/repos/Dagger-Practice-main/app/src/main/java/com/example/daggersample/di/main/MainViewModelsModule.java,com.example.daggersample.di.main.MainViewModelsModule,bindProfileViewModel/1[com.example.daggersample.ui.main.profile.ProfileViewModel],viewModel,0
/home/arch_design_predict/download-github-repos/mvvm/repos/Dagger-Practice-main/app/src/main/java/com/example/daggersample/di/main/MainViewModelsModule.java,com.example.daggersample.di.main.MainViewModelsModule,bindPostsViewModel/1[com.example.daggersample.ui.main.posts.PostsViewModel],viewModel,0
/home/arch_design_predict/download-github-repos/mvvm/repos/Dagger-Practice-main/app/src/main/java/com/example/daggersample/models/Post.java,com.example.daggersample.models.Post,setBody/1[java.lang.String],body,2
/home/arch_design_predict/download-github-repos/mvvm/repos/Dagger-Practice-main/app/src/main/java/com/example/daggersample/models/Post.java,com.example.daggersample.models.Post,"Post/4[int,int,java.lang.String,java.lang.String]",id,2
/home/arch_design_predict/download-github-repos/mvvm/repos/Dagger-Practice-main/app/src/main/java/com/example/daggersample/models/Post.java,com.example.daggersample.models.Post,"Post/4[int,int,java.lang.String,java.lang.String]",title,2
/home/arch_design_predict/download-github-repos/mvvm/repos/Dagger-Practice-main/app/src/main/java/com/example/daggersample/models/Post.java,com.example.daggersample.models.Post,"Post/4[int,int,java.lang.String,java.lang.String]",body,2
/home/arch_design_predict/download-github-repos/mvvm/repos/Dagger-Practice-main/app/src/main/java/com/example/daggersample/models/Post.java,com.example.daggersample.models.Post,"Post/4[int,int,java.lang.String,java.lang.String]",userId,2
/home/arch_design_predict/download-github-repos/mvvm/repos/Dagger-Practice-main/app/src/main/java/com/example/daggersample/models/Post.java,com.example.daggersample.models.Post,setTitle/1[java.lang.String],title,2
/home/arch_design_predict/download-github-repos/mvvm/repos/Dagger-Practice-main/app/src/main/java/com/example/daggersample/models/Post.java,com.example.daggersample.models.Post,setId/1[int],id,2
/home/arch_design_predict/download-github-repos/mvvm/repos/Dagger-Practice-main/app/src/main/java/com/example/daggersample/models/Post.java,com.example.daggersample.models.Post,setUserId/1[int],userId,2
/home/arch_design_predict/download-github-repos/mvvm/repos/Dagger-Practice-main/app/src/main/java/com/example/daggersample/di/main/MainModule.java,com.example.daggersample.di.main.MainModule,provideMainAPI/1[com.example.daggersample.di.main.Retrofit],retrofit,1
/home/arch_design_predict/download-github-repos/mvvm/repos/Dagger-Practice-main/app/src/main/java/com/example/daggersample/di/ViewModelFactoryModule.java,com.example.daggersample.di.ViewModelFactoryModule,bindViewModelFactory/1[com.example.daggersample.viewmodels.ViewModelProviderFactory],modelProviderFactory,0
