file,class,type,cbo,cboModified,fanin,fanout,wmc,dit,noc,rfc,lcom,lcom*,tcc,lcc,totalMethodsQty,staticMethodsQty,publicMethodsQty,privateMethodsQty,protectedMethodsQty,defaultMethodsQty,visibleMethodsQty,abstractMethodsQty,finalMethodsQty,synchronizedMethodsQty,totalFieldsQty,staticFieldsQty,publicFieldsQty,privateFieldsQty,protectedFieldsQty,defaultFieldsQty,finalFieldsQty,synchronizedFieldsQty,nosi,loc,returnQty,loopQty,comparisonsQty,tryCatchQty,parenthesizedExpsQty,stringLiteralsQty,numbersQty,assignmentsQty,mathOperationsQty,variablesQty,maxNestedBlocksQty,anonymousClassesQty,innerClassesQty,lambdasQty,uniqueWordsQty,modifiers,logStatementsQty
/home/arch_design_predict/download-github-repos/mvp/repos/Android-TheMovie-MVP-master/app/src/test/java/com/wattanachai/com/themovie/ExampleUnitTest.java,com.wattanachai.com.themovie.ExampleUnitTest,class,1,1,0,1,1,1,0,1,0,0.0,NaN,NaN,1,0,1,0,0,0,1,0,0,0,0,0,0,0,0,0,0,0,0,5,0,0,0,0,0,0,3,0,1,0,0,0,0,0,23,1,0
/home/arch_design_predict/download-github-repos/mvp/repos/Android-TheMovie-MVP-master/app/src/main/java/com/wattanachai/com/themovie/presenter/MoviePresenter.java,com.wattanachai.com.themovie.presenter.MoviePresenter$Anonymous1,anonymous,4,4,0,4,4,1,0,6,1,0.0,0.0,0.0,2,0,2,0,0,0,2,0,0,0,0,0,0,0,0,0,0,0,0,17,0,0,1,1,0,1,0,1,0,1,1,0,0,0,15,-1,0
/home/arch_design_predict/download-github-repos/mvp/repos/Android-TheMovie-MVP-master/app/src/main/java/com/wattanachai/com/themovie/utils/PaginationScrollListener.java,com.wattanachai.com.themovie.utils.PaginationScrollListener,class,4,6,2,4,9,2,0,7,8,0.6,0.1,0.1,5,0,3,0,2,0,5,3,0,0,1,0,0,1,0,0,0,0,0,20,0,0,0,0,1,0,2,4,1,4,2,0,0,0,30,1025,0
/home/arch_design_predict/download-github-repos/mvp/repos/Android-TheMovie-MVP-master/app/src/main/java/com/wattanachai/com/themovie/ui/adapter/MovieAdapter.java,com.wattanachai.com.themovie.ui.adapter.MovieAdapter$MovieViewHolder,innerclass,6,6,0,6,1,2,0,1,0,1.0,NaN,NaN,1,0,0,0,0,1,1,0,0,0,6,0,0,0,0,6,0,0,0,12,0,0,0,0,0,0,0,0,0,6,0,0,0,0,15,8,0
/home/arch_design_predict/download-github-repos/mvp/repos/Android-TheMovie-MVP-master/app/src/main/java/com/wattanachai/com/themovie/network/model/Movie.java,com.wattanachai.com.themovie.network.model.Movie,class,1,5,4,1,29,1,0,0,322,0.8965518,0.10344828,1.0,29,0,29,0,0,0,29,0,0,0,14,0,0,14,0,0,0,0,0,103,15,0,0,0,0,30,0,14,2,14,0,0,0,0,36,1,0
/home/arch_design_predict/download-github-repos/mvp/repos/Android-TheMovie-MVP-master/app/src/main/java/com/wattanachai/com/themovie/presenter/MoviePresenter.java,com.wattanachai.com.themovie.presenter.MoviePresenter,class,4,5,1,4,2,1,0,3,0,0.25,1.0,1.0,2,0,2,0,0,0,2,0,0,0,2,0,0,2,0,0,2,0,0,28,0,0,0,0,0,0,0,2,0,2,0,1,0,0,16,1,0
/home/arch_design_predict/download-github-repos/mvp/repos/Android-TheMovie-MVP-master/app/src/main/java/com/wattanachai/com/themovie/ui/main/MainView.java,com.wattanachai.com.themovie.ui.main.MainView,interface,1,6,5,1,3,1,0,0,3,0.0,0.0,0.0,3,0,0,0,0,3,3,0,0,0,0,0,0,0,0,0,0,0,0,5,0,0,0,0,0,0,0,0,0,0,0,0,0,0,18,1,0
/home/arch_design_predict/download-github-repos/mvp/repos/Android-TheMovie-MVP-master/app/src/main/java/com/wattanachai/com/themovie/network/model/MovieResponse.java,com.wattanachai.com.themovie.network.model.MovieResponse,class,2,4,2,2,9,1,0,0,12,0.6666667,0.33333334,1.0,9,0,9,0,0,0,9,0,0,0,4,0,0,4,0,0,0,0,0,33,5,0,0,0,0,10,0,4,2,4,0,0,0,0,13,1,0
/home/arch_design_predict/download-github-repos/mvp/repos/Android-TheMovie-MVP-master/app/src/main/java/com/wattanachai/com/themovie/ui/adapter/MovieAdapter.java,com.wattanachai.com.themovie.ui.adapter.MovieAdapter,class,15,18,3,15,24,3,0,33,0,0.775,0.5277778,0.7777778,12,0,9,3,0,0,9,0,0,0,10,3,0,10,0,0,3,0,1,133,5,1,5,0,1,3,9,26,6,21,1,0,2,0,95,1,1
/home/arch_design_predict/download-github-repos/mvp/repos/Android-TheMovie-MVP-master/app/src/main/java/com/wattanachai/com/themovie/network/ApiClient.java,com.wattanachai.com.themovie.network.ApiClient,class,2,4,2,2,1,1,0,4,0,0.0,NaN,NaN,1,0,1,0,0,0,1,0,0,0,1,1,0,1,0,0,1,0,0,6,1,0,0,0,0,1,0,1,0,1,0,0,0,0,18,1,0
/home/arch_design_predict/download-github-repos/mvp/repos/Android-TheMovie-MVP-master/app/src/main/java/com/wattanachai/com/themovie/ui/main/MainActivity.java,com.wattanachai.com.themovie.ui.main.MainActivity$Anonymous2,anonymous,1,1,0,1,3,1,0,1,3,0.0,0.0,0.0,3,0,2,0,1,0,3,0,0,0,0,0,0,0,0,0,0,0,0,11,2,0,0,0,0,0,0,0,0,0,0,0,0,0,8,-1,0
/home/arch_design_predict/download-github-repos/mvp/repos/Android-TheMovie-MVP-master/app/src/androidTest/java/com/wattanachai/com/themovie/ExampleInstrumentedTest.java,com.wattanachai.com.themovie.ExampleInstrumentedTest,class,4,4,0,4,1,1,0,3,0,0.0,NaN,NaN,1,0,1,0,0,0,1,0,0,0,0,0,0,0,0,0,0,0,0,6,0,0,0,0,0,1,0,1,0,1,0,0,0,0,21,1,0
/home/arch_design_predict/download-github-repos/mvp/repos/Android-TheMovie-MVP-master/app/src/main/java/com/wattanachai/com/themovie/network/MovieService.java,com.wattanachai.com.themovie.network.MovieService,interface,5,7,2,5,2,1,0,0,1,0.0,0.0,0.0,2,0,0,0,0,2,2,0,0,0,0,0,0,0,0,0,0,0,0,4,0,0,0,0,0,6,0,0,0,0,0,0,0,0,16,1,0
/home/arch_design_predict/download-github-repos/mvp/repos/Android-TheMovie-MVP-master/app/src/main/java/com/wattanachai/com/themovie/ui/main/MainActivity.java,com.wattanachai.com.themovie.ui.main.MainActivity$Anonymous1,anonymous,2,2,0,2,1,1,0,1,0,0.0,NaN,NaN,1,0,1,0,0,0,1,0,0,0,0,0,0,0,0,0,0,0,0,5,0,0,0,0,0,0,0,0,0,0,0,0,0,0,7,-1,0
/home/arch_design_predict/download-github-repos/mvp/repos/Android-TheMovie-MVP-master/app/src/main/java/com/wattanachai/com/themovie/ui/main/MainActivity.java,com.wattanachai.com.themovie.ui.main.MainActivity,class,19,22,3,19,20,2,0,27,29,0.82467544,0.16666667,0.16666667,11,0,3,7,1,0,4,0,0,0,14,2,0,6,0,8,2,0,0,113,2,0,4,0,0,1,2,19,0,16,2,2,0,0,90,1,0
/home/arch_design_predict/download-github-repos/mvp/repos/Android-TheMovie-MVP-master/app/src/main/java/com/wattanachai/com/themovie/ui/adapter/MovieAdapter.java,com.wattanachai.com.themovie.ui.adapter.MovieAdapter$LoadingVH,innerclass,10,10,0,10,4,2,0,5,1,0.75,0.0,0.0,2,0,1,0,0,1,2,0,0,0,4,0,0,0,0,4,0,0,0,21,0,0,0,0,0,0,0,0,0,4,1,0,0,0,20,4,0
