file,class,method,variable,usage
/home/arch_design_predict/download-github-repos/mvp/repos/MvpSample-master/BaseMvpComponents/src/androidTest/java/com/moka/mvpsample/ExampleInstrumentedTest.java,com.moka.mvpsample.ExampleInstrumentedTest,useAppContext/0,appContext,1
/home/arch_design_predict/download-github-repos/mvp/repos/MvpSample-master/BaseMvpComponents/src/main/java/com/moka/mvpsample/_framework/widget/adapter/RecyclerItemView.java,com.moka.mvpsample._framework.widget.adapter.RecyclerItemView,setIndex/1[int],index,2
/home/arch_design_predict/download-github-repos/mvp/repos/MvpSample-master/BaseMvpComponents/src/main/java/com/moka/mvpsample/_framework/widget/adapter/RecyclerItemView.java,com.moka.mvpsample._framework.widget.adapter.RecyclerItemView,refreshView/1[DATA],data,0
/home/arch_design_predict/download-github-repos/mvp/repos/MvpSample-master/BaseMvpComponents/src/main/java/com/moka/mvpsample/_framework/widget/adapter/RecyclerItemView.java,com.moka.mvpsample._framework.widget.adapter.RecyclerItemView,RecyclerItemView/1[com.moka.mvpsample._framework.widget.adapter.View],itemView,1
/home/arch_design_predict/download-github-repos/mvp/repos/MvpSample-master/BaseMvpComponents/src/main/java/com/moka/mvpsample/_framework/widget/adapter/RecyclerItemView.java,com.moka.mvpsample._framework.widget.adapter.RecyclerItemView,"RecyclerItemView/2[com.moka.mvpsample._framework.widget.adapter.Context,com.moka.mvpsample._framework.widget.adapter.View]",context,0
/home/arch_design_predict/download-github-repos/mvp/repos/MvpSample-master/BaseMvpComponents/src/main/java/com/moka/mvpsample/_framework/widget/adapter/RecyclerItemView.java,com.moka.mvpsample._framework.widget.adapter.RecyclerItemView,"RecyclerItemView/2[com.moka.mvpsample._framework.widget.adapter.Context,com.moka.mvpsample._framework.widget.adapter.View]",itemView,1
/home/arch_design_predict/download-github-repos/mvp/repos/MvpSample-master/BaseMvpComponents/src/main/java/com/moka/mvpsample/_framework/widget/adapter/RecyclerItemView.java,com.moka.mvpsample._framework.widget.adapter.RecyclerItemView,setData/1[DATA],data,3
/home/arch_design_predict/download-github-repos/mvp/repos/MvpSample-master/BaseMvpComponents/src/main/java/com/moka/mvpsample/_framework/widget/adapter/RecyclerItemView.java,com.moka.mvpsample._framework.widget.adapter.RecyclerItemView,findViewById/1[int],resId,1
/home/arch_design_predict/download-github-repos/mvp/repos/MvpSample-master/BaseMvpComponents/src/main/java/com/moka/mvpsample/_framework/widget/adapter/HeaderFooterRecyclerViewAdapter.java,com.moka.mvpsample._framework.widget.adapter.HeaderFooterRecyclerViewAdapter,notifyFooterItemInserted/1[int],newHeaderItemCount,1
/home/arch_design_predict/download-github-repos/mvp/repos/MvpSample-master/BaseMvpComponents/src/main/java/com/moka/mvpsample/_framework/widget/adapter/HeaderFooterRecyclerViewAdapter.java,com.moka.mvpsample._framework.widget.adapter.HeaderFooterRecyclerViewAdapter,notifyFooterItemInserted/1[int],position,4
/home/arch_design_predict/download-github-repos/mvp/repos/MvpSample-master/BaseMvpComponents/src/main/java/com/moka/mvpsample/_framework/widget/adapter/HeaderFooterRecyclerViewAdapter.java,com.moka.mvpsample._framework.widget.adapter.HeaderFooterRecyclerViewAdapter,notifyFooterItemInserted/1[int],newContentItemCount,1
/home/arch_design_predict/download-github-repos/mvp/repos/MvpSample-master/BaseMvpComponents/src/main/java/com/moka/mvpsample/_framework/widget/adapter/HeaderFooterRecyclerViewAdapter.java,com.moka.mvpsample._framework.widget.adapter.HeaderFooterRecyclerViewAdapter,notifyFooterItemInserted/1[int],newFooterItemCount,2
/home/arch_design_predict/download-github-repos/mvp/repos/MvpSample-master/BaseMvpComponents/src/main/java/com/moka/mvpsample/_framework/widget/adapter/HeaderFooterRecyclerViewAdapter.java,com.moka.mvpsample._framework.widget.adapter.HeaderFooterRecyclerViewAdapter,validateViewType/1[int],viewType,3
/home/arch_design_predict/download-github-repos/mvp/repos/MvpSample-master/BaseMvpComponents/src/main/java/com/moka/mvpsample/_framework/widget/adapter/HeaderFooterRecyclerViewAdapter.java,com.moka.mvpsample._framework.widget.adapter.HeaderFooterRecyclerViewAdapter,"notifyFooterItemRangeChanged/2[int,int]",positionStart,5
/home/arch_design_predict/download-github-repos/mvp/repos/MvpSample-master/BaseMvpComponents/src/main/java/com/moka/mvpsample/_framework/widget/adapter/HeaderFooterRecyclerViewAdapter.java,com.moka.mvpsample._framework.widget.adapter.HeaderFooterRecyclerViewAdapter,"notifyFooterItemRangeChanged/2[int,int]",itemCount,4
/home/arch_design_predict/download-github-repos/mvp/repos/MvpSample-master/BaseMvpComponents/src/main/java/com/moka/mvpsample/_framework/widget/adapter/HeaderFooterRecyclerViewAdapter.java,com.moka.mvpsample._framework.widget.adapter.HeaderFooterRecyclerViewAdapter,"onCreateContentItemViewHolder/2[com.moka.mvpsample._framework.widget.adapter.ViewGroup,int]",parent,0
/home/arch_design_predict/download-github-repos/mvp/repos/MvpSample-master/BaseMvpComponents/src/main/java/com/moka/mvpsample/_framework/widget/adapter/HeaderFooterRecyclerViewAdapter.java,com.moka.mvpsample._framework.widget.adapter.HeaderFooterRecyclerViewAdapter,"onCreateContentItemViewHolder/2[com.moka.mvpsample._framework.widget.adapter.ViewGroup,int]",contentViewType,0
/home/arch_design_predict/download-github-repos/mvp/repos/MvpSample-master/BaseMvpComponents/src/main/java/com/moka/mvpsample/_framework/widget/adapter/HeaderFooterRecyclerViewAdapter.java,com.moka.mvpsample._framework.widget.adapter.HeaderFooterRecyclerViewAdapter,"notifyFooterItemMoved/2[int,int]",fromPosition,4
/home/arch_design_predict/download-github-repos/mvp/repos/MvpSample-master/BaseMvpComponents/src/main/java/com/moka/mvpsample/_framework/widget/adapter/HeaderFooterRecyclerViewAdapter.java,com.moka.mvpsample._framework.widget.adapter.HeaderFooterRecyclerViewAdapter,"notifyFooterItemMoved/2[int,int]",toPosition,4
/home/arch_design_predict/download-github-repos/mvp/repos/MvpSample-master/BaseMvpComponents/src/main/java/com/moka/mvpsample/_framework/widget/adapter/HeaderFooterRecyclerViewAdapter.java,com.moka.mvpsample._framework.widget.adapter.HeaderFooterRecyclerViewAdapter,notifyFooterItemRemoved/1[int],position,4
/home/arch_design_predict/download-github-repos/mvp/repos/MvpSample-master/BaseMvpComponents/src/main/java/com/moka/mvpsample/_framework/widget/adapter/HeaderFooterRecyclerViewAdapter.java,com.moka.mvpsample._framework.widget.adapter.HeaderFooterRecyclerViewAdapter,"onCreateHeaderItemViewHolder/2[com.moka.mvpsample._framework.widget.adapter.ViewGroup,int]",parent,0
/home/arch_design_predict/download-github-repos/mvp/repos/MvpSample-master/BaseMvpComponents/src/main/java/com/moka/mvpsample/_framework/widget/adapter/HeaderFooterRecyclerViewAdapter.java,com.moka.mvpsample._framework.widget.adapter.HeaderFooterRecyclerViewAdapter,"onCreateHeaderItemViewHolder/2[com.moka.mvpsample._framework.widget.adapter.ViewGroup,int]",headerViewType,0
/home/arch_design_predict/download-github-repos/mvp/repos/MvpSample-master/BaseMvpComponents/src/main/java/com/moka/mvpsample/_framework/widget/adapter/HeaderFooterRecyclerViewAdapter.java,com.moka.mvpsample._framework.widget.adapter.HeaderFooterRecyclerViewAdapter,"notifyFooterItemRangeRemoved/2[int,int]",positionStart,5
/home/arch_design_predict/download-github-repos/mvp/repos/MvpSample-master/BaseMvpComponents/src/main/java/com/moka/mvpsample/_framework/widget/adapter/HeaderFooterRecyclerViewAdapter.java,com.moka.mvpsample._framework.widget.adapter.HeaderFooterRecyclerViewAdapter,"notifyFooterItemRangeRemoved/2[int,int]",itemCount,4
/home/arch_design_predict/download-github-repos/mvp/repos/MvpSample-master/BaseMvpComponents/src/main/java/com/moka/mvpsample/_framework/widget/adapter/HeaderFooterRecyclerViewAdapter.java,com.moka.mvpsample._framework.widget.adapter.HeaderFooterRecyclerViewAdapter,"notifyHeaderItemRangeChanged/2[int,int]",positionStart,5
/home/arch_design_predict/download-github-repos/mvp/repos/MvpSample-master/BaseMvpComponents/src/main/java/com/moka/mvpsample/_framework/widget/adapter/HeaderFooterRecyclerViewAdapter.java,com.moka.mvpsample._framework.widget.adapter.HeaderFooterRecyclerViewAdapter,"notifyHeaderItemRangeChanged/2[int,int]",itemCount,4
/home/arch_design_predict/download-github-repos/mvp/repos/MvpSample-master/BaseMvpComponents/src/main/java/com/moka/mvpsample/_framework/widget/adapter/HeaderFooterRecyclerViewAdapter.java,com.moka.mvpsample._framework.widget.adapter.HeaderFooterRecyclerViewAdapter,getItemViewType/1[int],position,5
/home/arch_design_predict/download-github-repos/mvp/repos/MvpSample-master/BaseMvpComponents/src/main/java/com/moka/mvpsample/_framework/widget/adapter/HeaderFooterRecyclerViewAdapter.java,com.moka.mvpsample._framework.widget.adapter.HeaderFooterRecyclerViewAdapter,getContentItemViewType/1[int],position,0
/home/arch_design_predict/download-github-repos/mvp/repos/MvpSample-master/BaseMvpComponents/src/main/java/com/moka/mvpsample/_framework/widget/adapter/HeaderFooterRecyclerViewAdapter.java,com.moka.mvpsample._framework.widget.adapter.HeaderFooterRecyclerViewAdapter,notifyHeaderItemChanged/1[int],position,4
/home/arch_design_predict/download-github-repos/mvp/repos/MvpSample-master/BaseMvpComponents/src/main/java/com/moka/mvpsample/_framework/widget/adapter/HeaderFooterRecyclerViewAdapter.java,com.moka.mvpsample._framework.widget.adapter.HeaderFooterRecyclerViewAdapter,notifyFooterItemChanged/1[int],position,4
/home/arch_design_predict/download-github-repos/mvp/repos/MvpSample-master/BaseMvpComponents/src/main/java/com/moka/mvpsample/_framework/widget/adapter/HeaderFooterRecyclerViewAdapter.java,com.moka.mvpsample._framework.widget.adapter.HeaderFooterRecyclerViewAdapter,"notifyHeaderItemRangeRemoved/2[int,int]",positionStart,5
/home/arch_design_predict/download-github-repos/mvp/repos/MvpSample-master/BaseMvpComponents/src/main/java/com/moka/mvpsample/_framework/widget/adapter/HeaderFooterRecyclerViewAdapter.java,com.moka.mvpsample._framework.widget.adapter.HeaderFooterRecyclerViewAdapter,"notifyHeaderItemRangeRemoved/2[int,int]",itemCount,4
/home/arch_design_predict/download-github-repos/mvp/repos/MvpSample-master/BaseMvpComponents/src/main/java/com/moka/mvpsample/_framework/widget/adapter/HeaderFooterRecyclerViewAdapter.java,com.moka.mvpsample._framework.widget.adapter.HeaderFooterRecyclerViewAdapter,notifyContentItemInserted/1[int],newHeaderItemCount,1
/home/arch_design_predict/download-github-repos/mvp/repos/MvpSample-master/BaseMvpComponents/src/main/java/com/moka/mvpsample/_framework/widget/adapter/HeaderFooterRecyclerViewAdapter.java,com.moka.mvpsample._framework.widget.adapter.HeaderFooterRecyclerViewAdapter,notifyContentItemInserted/1[int],position,4
/home/arch_design_predict/download-github-repos/mvp/repos/MvpSample-master/BaseMvpComponents/src/main/java/com/moka/mvpsample/_framework/widget/adapter/HeaderFooterRecyclerViewAdapter.java,com.moka.mvpsample._framework.widget.adapter.HeaderFooterRecyclerViewAdapter,notifyContentItemInserted/1[int],newContentItemCount,2
/home/arch_design_predict/download-github-repos/mvp/repos/MvpSample-master/BaseMvpComponents/src/main/java/com/moka/mvpsample/_framework/widget/adapter/HeaderFooterRecyclerViewAdapter.java,com.moka.mvpsample._framework.widget.adapter.HeaderFooterRecyclerViewAdapter,notifyContentItemChanged/1[int],position,4
/home/arch_design_predict/download-github-repos/mvp/repos/MvpSample-master/BaseMvpComponents/src/main/java/com/moka/mvpsample/_framework/widget/adapter/HeaderFooterRecyclerViewAdapter.java,com.moka.mvpsample._framework.widget.adapter.HeaderFooterRecyclerViewAdapter,"onBindContentItemViewHolder/2[RecyclerView.ViewHolder,int]",position,0
/home/arch_design_predict/download-github-repos/mvp/repos/MvpSample-master/BaseMvpComponents/src/main/java/com/moka/mvpsample/_framework/widget/adapter/HeaderFooterRecyclerViewAdapter.java,com.moka.mvpsample._framework.widget.adapter.HeaderFooterRecyclerViewAdapter,"onBindContentItemViewHolder/2[RecyclerView.ViewHolder,int]",contentViewHolder,0
/home/arch_design_predict/download-github-repos/mvp/repos/MvpSample-master/BaseMvpComponents/src/main/java/com/moka/mvpsample/_framework/widget/adapter/HeaderFooterRecyclerViewAdapter.java,com.moka.mvpsample._framework.widget.adapter.HeaderFooterRecyclerViewAdapter,"notifyHeaderItemMoved/2[int,int]",fromPosition,4
/home/arch_design_predict/download-github-repos/mvp/repos/MvpSample-master/BaseMvpComponents/src/main/java/com/moka/mvpsample/_framework/widget/adapter/HeaderFooterRecyclerViewAdapter.java,com.moka.mvpsample._framework.widget.adapter.HeaderFooterRecyclerViewAdapter,"notifyHeaderItemMoved/2[int,int]",toPosition,4
/home/arch_design_predict/download-github-repos/mvp/repos/MvpSample-master/BaseMvpComponents/src/main/java/com/moka/mvpsample/_framework/widget/adapter/HeaderFooterRecyclerViewAdapter.java,com.moka.mvpsample._framework.widget.adapter.HeaderFooterRecyclerViewAdapter,"notifyHeaderItemRangeInserted/2[int,int]",newHeaderItemCount,2
/home/arch_design_predict/download-github-repos/mvp/repos/MvpSample-master/BaseMvpComponents/src/main/java/com/moka/mvpsample/_framework/widget/adapter/HeaderFooterRecyclerViewAdapter.java,com.moka.mvpsample._framework.widget.adapter.HeaderFooterRecyclerViewAdapter,"notifyHeaderItemRangeInserted/2[int,int]",positionStart,5
/home/arch_design_predict/download-github-repos/mvp/repos/MvpSample-master/BaseMvpComponents/src/main/java/com/moka/mvpsample/_framework/widget/adapter/HeaderFooterRecyclerViewAdapter.java,com.moka.mvpsample._framework.widget.adapter.HeaderFooterRecyclerViewAdapter,"notifyHeaderItemRangeInserted/2[int,int]",itemCount,4
/home/arch_design_predict/download-github-repos/mvp/repos/MvpSample-master/BaseMvpComponents/src/main/java/com/moka/mvpsample/_framework/widget/adapter/HeaderFooterRecyclerViewAdapter.java,com.moka.mvpsample._framework.widget.adapter.HeaderFooterRecyclerViewAdapter,"onBindViewHolder/2[RecyclerView.ViewHolder,int]",viewHolder,3
/home/arch_design_predict/download-github-repos/mvp/repos/MvpSample-master/BaseMvpComponents/src/main/java/com/moka/mvpsample/_framework/widget/adapter/HeaderFooterRecyclerViewAdapter.java,com.moka.mvpsample._framework.widget.adapter.HeaderFooterRecyclerViewAdapter,"onBindViewHolder/2[RecyclerView.ViewHolder,int]",position,5
/home/arch_design_predict/download-github-repos/mvp/repos/MvpSample-master/BaseMvpComponents/src/main/java/com/moka/mvpsample/_framework/widget/adapter/HeaderFooterRecyclerViewAdapter.java,com.moka.mvpsample._framework.widget.adapter.HeaderFooterRecyclerViewAdapter,notifyContentItemRemoved/1[int],position,4
/home/arch_design_predict/download-github-repos/mvp/repos/MvpSample-master/BaseMvpComponents/src/main/java/com/moka/mvpsample/_framework/widget/adapter/HeaderFooterRecyclerViewAdapter.java,com.moka.mvpsample._framework.widget.adapter.HeaderFooterRecyclerViewAdapter,"onCreateViewHolder/2[com.moka.mvpsample._framework.widget.adapter.ViewGroup,int]",parent,3
/home/arch_design_predict/download-github-repos/mvp/repos/MvpSample-master/BaseMvpComponents/src/main/java/com/moka/mvpsample/_framework/widget/adapter/HeaderFooterRecyclerViewAdapter.java,com.moka.mvpsample._framework.widget.adapter.HeaderFooterRecyclerViewAdapter,"onCreateViewHolder/2[com.moka.mvpsample._framework.widget.adapter.ViewGroup,int]",viewType,9
/home/arch_design_predict/download-github-repos/mvp/repos/MvpSample-master/BaseMvpComponents/src/main/java/com/moka/mvpsample/_framework/widget/adapter/HeaderFooterRecyclerViewAdapter.java,com.moka.mvpsample._framework.widget.adapter.HeaderFooterRecyclerViewAdapter,"notifyContentItemMoved/2[int,int]",fromPosition,4
/home/arch_design_predict/download-github-repos/mvp/repos/MvpSample-master/BaseMvpComponents/src/main/java/com/moka/mvpsample/_framework/widget/adapter/HeaderFooterRecyclerViewAdapter.java,com.moka.mvpsample._framework.widget.adapter.HeaderFooterRecyclerViewAdapter,"notifyContentItemMoved/2[int,int]",toPosition,4
/home/arch_design_predict/download-github-repos/mvp/repos/MvpSample-master/BaseMvpComponents/src/main/java/com/moka/mvpsample/_framework/widget/adapter/HeaderFooterRecyclerViewAdapter.java,com.moka.mvpsample._framework.widget.adapter.HeaderFooterRecyclerViewAdapter,notifyHeaderItemInserted/1[int],newHeaderItemCount,2
/home/arch_design_predict/download-github-repos/mvp/repos/MvpSample-master/BaseMvpComponents/src/main/java/com/moka/mvpsample/_framework/widget/adapter/HeaderFooterRecyclerViewAdapter.java,com.moka.mvpsample._framework.widget.adapter.HeaderFooterRecyclerViewAdapter,notifyHeaderItemInserted/1[int],position,4
/home/arch_design_predict/download-github-repos/mvp/repos/MvpSample-master/BaseMvpComponents/src/main/java/com/moka/mvpsample/_framework/widget/adapter/HeaderFooterRecyclerViewAdapter.java,com.moka.mvpsample._framework.widget.adapter.HeaderFooterRecyclerViewAdapter,notifyHeaderItemRemoved/1[int],position,4
/home/arch_design_predict/download-github-repos/mvp/repos/MvpSample-master/BaseMvpComponents/src/main/java/com/moka/mvpsample/_framework/widget/adapter/HeaderFooterRecyclerViewAdapter.java,com.moka.mvpsample._framework.widget.adapter.HeaderFooterRecyclerViewAdapter,getFooterItemViewType/1[int],position,0
/home/arch_design_predict/download-github-repos/mvp/repos/MvpSample-master/BaseMvpComponents/src/main/java/com/moka/mvpsample/_framework/widget/adapter/HeaderFooterRecyclerViewAdapter.java,com.moka.mvpsample._framework.widget.adapter.HeaderFooterRecyclerViewAdapter,"onBindHeaderItemViewHolder/2[RecyclerView.ViewHolder,int]",headerViewHolder,0
/home/arch_design_predict/download-github-repos/mvp/repos/MvpSample-master/BaseMvpComponents/src/main/java/com/moka/mvpsample/_framework/widget/adapter/HeaderFooterRecyclerViewAdapter.java,com.moka.mvpsample._framework.widget.adapter.HeaderFooterRecyclerViewAdapter,"onBindHeaderItemViewHolder/2[RecyclerView.ViewHolder,int]",position,0
/home/arch_design_predict/download-github-repos/mvp/repos/MvpSample-master/BaseMvpComponents/src/main/java/com/moka/mvpsample/_framework/widget/adapter/HeaderFooterRecyclerViewAdapter.java,com.moka.mvpsample._framework.widget.adapter.HeaderFooterRecyclerViewAdapter,"notifyContentItemRangeInserted/2[int,int]",newHeaderItemCount,1
/home/arch_design_predict/download-github-repos/mvp/repos/MvpSample-master/BaseMvpComponents/src/main/java/com/moka/mvpsample/_framework/widget/adapter/HeaderFooterRecyclerViewAdapter.java,com.moka.mvpsample._framework.widget.adapter.HeaderFooterRecyclerViewAdapter,"notifyContentItemRangeInserted/2[int,int]",positionStart,5
/home/arch_design_predict/download-github-repos/mvp/repos/MvpSample-master/BaseMvpComponents/src/main/java/com/moka/mvpsample/_framework/widget/adapter/HeaderFooterRecyclerViewAdapter.java,com.moka.mvpsample._framework.widget.adapter.HeaderFooterRecyclerViewAdapter,"notifyContentItemRangeInserted/2[int,int]",newContentItemCount,2
/home/arch_design_predict/download-github-repos/mvp/repos/MvpSample-master/BaseMvpComponents/src/main/java/com/moka/mvpsample/_framework/widget/adapter/HeaderFooterRecyclerViewAdapter.java,com.moka.mvpsample._framework.widget.adapter.HeaderFooterRecyclerViewAdapter,"notifyContentItemRangeInserted/2[int,int]",itemCount,4
/home/arch_design_predict/download-github-repos/mvp/repos/MvpSample-master/BaseMvpComponents/src/main/java/com/moka/mvpsample/_framework/widget/adapter/HeaderFooterRecyclerViewAdapter.java,com.moka.mvpsample._framework.widget.adapter.HeaderFooterRecyclerViewAdapter,"notifyFooterItemRangeInserted/2[int,int]",newHeaderItemCount,1
/home/arch_design_predict/download-github-repos/mvp/repos/MvpSample-master/BaseMvpComponents/src/main/java/com/moka/mvpsample/_framework/widget/adapter/HeaderFooterRecyclerViewAdapter.java,com.moka.mvpsample._framework.widget.adapter.HeaderFooterRecyclerViewAdapter,"notifyFooterItemRangeInserted/2[int,int]",positionStart,5
/home/arch_design_predict/download-github-repos/mvp/repos/MvpSample-master/BaseMvpComponents/src/main/java/com/moka/mvpsample/_framework/widget/adapter/HeaderFooterRecyclerViewAdapter.java,com.moka.mvpsample._framework.widget.adapter.HeaderFooterRecyclerViewAdapter,"notifyFooterItemRangeInserted/2[int,int]",newContentItemCount,1
/home/arch_design_predict/download-github-repos/mvp/repos/MvpSample-master/BaseMvpComponents/src/main/java/com/moka/mvpsample/_framework/widget/adapter/HeaderFooterRecyclerViewAdapter.java,com.moka.mvpsample._framework.widget.adapter.HeaderFooterRecyclerViewAdapter,"notifyFooterItemRangeInserted/2[int,int]",itemCount,4
/home/arch_design_predict/download-github-repos/mvp/repos/MvpSample-master/BaseMvpComponents/src/main/java/com/moka/mvpsample/_framework/widget/adapter/HeaderFooterRecyclerViewAdapter.java,com.moka.mvpsample._framework.widget.adapter.HeaderFooterRecyclerViewAdapter,"notifyFooterItemRangeInserted/2[int,int]",newFooterItemCount,2
/home/arch_design_predict/download-github-repos/mvp/repos/MvpSample-master/BaseMvpComponents/src/main/java/com/moka/mvpsample/_framework/widget/adapter/HeaderFooterRecyclerViewAdapter.java,com.moka.mvpsample._framework.widget.adapter.HeaderFooterRecyclerViewAdapter,getHeaderItemViewType/1[int],position,0
/home/arch_design_predict/download-github-repos/mvp/repos/MvpSample-master/BaseMvpComponents/src/main/java/com/moka/mvpsample/_framework/widget/adapter/HeaderFooterRecyclerViewAdapter.java,com.moka.mvpsample._framework.widget.adapter.HeaderFooterRecyclerViewAdapter,"onCreateFooterItemViewHolder/2[com.moka.mvpsample._framework.widget.adapter.ViewGroup,int]",footerViewType,0
/home/arch_design_predict/download-github-repos/mvp/repos/MvpSample-master/BaseMvpComponents/src/main/java/com/moka/mvpsample/_framework/widget/adapter/HeaderFooterRecyclerViewAdapter.java,com.moka.mvpsample._framework.widget.adapter.HeaderFooterRecyclerViewAdapter,"onCreateFooterItemViewHolder/2[com.moka.mvpsample._framework.widget.adapter.ViewGroup,int]",parent,0
/home/arch_design_predict/download-github-repos/mvp/repos/MvpSample-master/BaseMvpComponents/src/main/java/com/moka/mvpsample/_framework/widget/adapter/HeaderFooterRecyclerViewAdapter.java,com.moka.mvpsample._framework.widget.adapter.HeaderFooterRecyclerViewAdapter,"notifyContentItemRangeChanged/2[int,int]",positionStart,5
/home/arch_design_predict/download-github-repos/mvp/repos/MvpSample-master/BaseMvpComponents/src/main/java/com/moka/mvpsample/_framework/widget/adapter/HeaderFooterRecyclerViewAdapter.java,com.moka.mvpsample._framework.widget.adapter.HeaderFooterRecyclerViewAdapter,"notifyContentItemRangeChanged/2[int,int]",itemCount,4
/home/arch_design_predict/download-github-repos/mvp/repos/MvpSample-master/BaseMvpComponents/src/main/java/com/moka/mvpsample/_framework/widget/adapter/HeaderFooterRecyclerViewAdapter.java,com.moka.mvpsample._framework.widget.adapter.HeaderFooterRecyclerViewAdapter,"onBindFooterItemViewHolder/2[RecyclerView.ViewHolder,int]",footerViewHolder,0
/home/arch_design_predict/download-github-repos/mvp/repos/MvpSample-master/BaseMvpComponents/src/main/java/com/moka/mvpsample/_framework/widget/adapter/HeaderFooterRecyclerViewAdapter.java,com.moka.mvpsample._framework.widget.adapter.HeaderFooterRecyclerViewAdapter,"onBindFooterItemViewHolder/2[RecyclerView.ViewHolder,int]",position,0
/home/arch_design_predict/download-github-repos/mvp/repos/MvpSample-master/BaseMvpComponents/src/main/java/com/moka/mvpsample/_framework/widget/adapter/HeaderFooterRecyclerViewAdapter.java,com.moka.mvpsample._framework.widget.adapter.HeaderFooterRecyclerViewAdapter,"notifyContentItemRangeRemoved/2[int,int]",positionStart,5
/home/arch_design_predict/download-github-repos/mvp/repos/MvpSample-master/BaseMvpComponents/src/main/java/com/moka/mvpsample/_framework/widget/adapter/HeaderFooterRecyclerViewAdapter.java,com.moka.mvpsample._framework.widget.adapter.HeaderFooterRecyclerViewAdapter,"notifyContentItemRangeRemoved/2[int,int]",itemCount,4
/home/arch_design_predict/download-github-repos/mvp/repos/MvpSample-master/app/src/main/java/com/basti/mvpmode/model/User.java,com.basti.mvpmode.model.User,setUsername/1[java.lang.String],username,2
/home/arch_design_predict/download-github-repos/mvp/repos/MvpSample-master/app/src/main/java/com/basti/mvpmode/model/User.java,com.basti.mvpmode.model.User,setInfo/1[java.lang.String],info,2
/home/arch_design_predict/download-github-repos/mvp/repos/MvpSample-master/app/src/main/java/com/basti/mvpmode/model/User.java,com.basti.mvpmode.model.User,setPassword/1[java.lang.String],password,2
/home/arch_design_predict/download-github-repos/mvp/repos/MvpSample-master/BaseMvpComponents/src/main/java/com/moka/mvpsample/app/vp/tasklist/TaskListFragment.java,com.moka.mvpsample.app.vp.tasklist.TaskListFragment,initView/0,toolbar,2
/home/arch_design_predict/download-github-repos/mvp/repos/MvpSample-master/BaseMvpComponents/src/main/java/com/moka/mvpsample/app/vp/tasklist/TaskListFragment.java,com.moka.mvpsample.app.vp.tasklist.TaskListFragment,"onCreateView/3[com.moka.mvpsample.app.vp.tasklist.LayoutInflater,com.moka.mvpsample.app.vp.tasklist.ViewGroup,com.moka.mvpsample.app.vp.tasklist.Bundle]",container,2
/home/arch_design_predict/download-github-repos/mvp/repos/MvpSample-master/BaseMvpComponents/src/main/java/com/moka/mvpsample/app/vp/tasklist/TaskListFragment.java,com.moka.mvpsample.app.vp.tasklist.TaskListFragment,"onCreateView/3[com.moka.mvpsample.app.vp.tasklist.LayoutInflater,com.moka.mvpsample.app.vp.tasklist.ViewGroup,com.moka.mvpsample.app.vp.tasklist.Bundle]",savedInstanceState,1
/home/arch_design_predict/download-github-repos/mvp/repos/MvpSample-master/BaseMvpComponents/src/main/java/com/moka/mvpsample/app/vp/tasklist/TaskListFragment.java,com.moka.mvpsample.app.vp.tasklist.TaskListFragment,"onCreateView/3[com.moka.mvpsample.app.vp.tasklist.LayoutInflater,com.moka.mvpsample.app.vp.tasklist.ViewGroup,com.moka.mvpsample.app.vp.tasklist.Bundle]",rootView,2
/home/arch_design_predict/download-github-repos/mvp/repos/MvpSample-master/BaseMvpComponents/src/main/java/com/moka/mvpsample/app/vp/tasklist/TaskListFragment.java,com.moka.mvpsample.app.vp.tasklist.TaskListFragment,"onCreateView/3[com.moka.mvpsample.app.vp.tasklist.LayoutInflater,com.moka.mvpsample.app.vp.tasklist.ViewGroup,com.moka.mvpsample.app.vp.tasklist.Bundle]",inflater,2
/home/arch_design_predict/download-github-repos/mvp/repos/MvpSample-master/BaseMvpComponents/src/main/java/com/moka/mvpsample/app/vp/tasklist/TaskListFragment.java,com.moka.mvpsample.app.vp.tasklist.TaskListFragment,"onViewCreated/2[com.moka.mvpsample.app.vp.tasklist.View,com.moka.mvpsample.app.vp.tasklist.Bundle]",savedInstanceState,1
/home/arch_design_predict/download-github-repos/mvp/repos/MvpSample-master/BaseMvpComponents/src/main/java/com/moka/mvpsample/app/vp/tasklist/TaskListFragment.java,com.moka.mvpsample.app.vp.tasklist.TaskListFragment,"onViewCreated/2[com.moka.mvpsample.app.vp.tasklist.View,com.moka.mvpsample.app.vp.tasklist.Bundle]",view,1
/home/arch_design_predict/download-github-repos/mvp/repos/MvpSample-master/BaseMvpComponents/src/main/java/com/moka/mvpsample/_framework/base/BasePresenter.java,com.moka.mvpsample._framework.base.BasePresenter,attachView/1[VIEW],view,2
/home/arch_design_predict/download-github-repos/mvp/repos/MvpSample-master/app/src/main/java/com/basti/mvpmode/presenter/UserLoginPresenter.java,com.basti.mvpmode.presenter.UserLoginPresenter$Anonymous4,searchSuccess/1[com.basti.mvpmode.model.User],user,0
/home/arch_design_predict/download-github-repos/mvp/repos/MvpSample-master/BaseMvpComponents/src/main/java/com/moka/mvpsample/_framework/base/BaseMvpFragment.java,com.moka.mvpsample._framework.base.BaseMvpFragment,findViewById/1[int],resId,1
/home/arch_design_predict/download-github-repos/mvp/repos/MvpSample-master/BaseMvpComponents/src/main/java/com/moka/mvpsample/_framework/base/BaseMvpFragment.java,com.moka.mvpsample._framework.base.BaseMvpFragment,setRootView/1[com.moka.mvpsample._framework.base.View],rootView,2
/home/arch_design_predict/download-github-repos/mvp/repos/MvpSample-master/BaseMvpComponents/src/main/java/com/moka/mvpsample/_framework/base/BaseMvpFragment.java,com.moka.mvpsample._framework.base.BaseMvpFragment,"onViewCreated/2[com.moka.mvpsample._framework.base.View,com.moka.mvpsample._framework.base.Bundle]",savedInstanceState,1
/home/arch_design_predict/download-github-repos/mvp/repos/MvpSample-master/BaseMvpComponents/src/main/java/com/moka/mvpsample/_framework/base/BaseMvpFragment.java,com.moka.mvpsample._framework.base.BaseMvpFragment,"onViewCreated/2[com.moka.mvpsample._framework.base.View,com.moka.mvpsample._framework.base.Bundle]",view,1
/home/arch_design_predict/download-github-repos/mvp/repos/MvpSample-master/BaseMvpComponents/src/main/java/com/moka/mvpsample/app/vp/tasklist/TaskListActivity.java,com.moka.mvpsample.app.vp.tasklist.TaskListActivity,onCreate/1[com.moka.mvpsample.app.vp.tasklist.Bundle],savedInstanceState,1
/home/arch_design_predict/download-github-repos/mvp/repos/MvpSample-master/app/src/main/java/com/basti/mvpmode/presenter/UserLoginPresenter.java,com.basti.mvpmode.presenter.UserLoginPresenter$Anonymous1,loginSuccess/1[com.basti.mvpmode.model.User],user,0
/home/arch_design_predict/download-github-repos/mvp/repos/MvpSample-master/app/src/main/java/com/basti/mvpmode/model/IUser.java,com.basti.mvpmode.model.IUser,"search/2[java.lang.String,com.basti.mvpmode.model.OnSearchListener]",onSearchListener,0
/home/arch_design_predict/download-github-repos/mvp/repos/MvpSample-master/app/src/main/java/com/basti/mvpmode/model/IUser.java,com.basti.mvpmode.model.IUser,"search/2[java.lang.String,com.basti.mvpmode.model.OnSearchListener]",username,0
/home/arch_design_predict/download-github-repos/mvp/repos/MvpSample-master/app/src/main/java/com/basti/mvpmode/model/IUser.java,com.basti.mvpmode.model.IUser,"login/3[java.lang.String,java.lang.String,com.basti.mvpmode.model.OnLoginListener]",onLoginListener,0
/home/arch_design_predict/download-github-repos/mvp/repos/MvpSample-master/app/src/main/java/com/basti/mvpmode/model/IUser.java,com.basti.mvpmode.model.IUser,"login/3[java.lang.String,java.lang.String,com.basti.mvpmode.model.OnLoginListener]",password,0
/home/arch_design_predict/download-github-repos/mvp/repos/MvpSample-master/app/src/main/java/com/basti/mvpmode/model/IUser.java,com.basti.mvpmode.model.IUser,"login/3[java.lang.String,java.lang.String,com.basti.mvpmode.model.OnLoginListener]",username,0
/home/arch_design_predict/download-github-repos/mvp/repos/MvpSample-master/app/src/main/java/com/basti/mvpmode/MainActivity.java,com.basti.mvpmode.MainActivity$Anonymous1,onClick/1[com.basti.mvpmode.View],v,0
/home/arch_design_predict/download-github-repos/mvp/repos/MvpSample-master/BaseMvpComponents/src/main/java/com/moka/mvpsample/_framework/widget/adapter/IAdapterModel.java,com.moka.mvpsample._framework.widget.adapter.IAdapterModel,addHeaderView/1[com.moka.mvpsample._framework.widget.adapter.View],headerView,0
/home/arch_design_predict/download-github-repos/mvp/repos/MvpSample-master/BaseMvpComponents/src/main/java/com/moka/mvpsample/_framework/widget/adapter/IAdapterModel.java,com.moka.mvpsample._framework.widget.adapter.IAdapterModel,notifyItemChanged/1[com.moka.mvpsample._framework.widget.adapter.ItemData],data,0
/home/arch_design_predict/download-github-repos/mvp/repos/MvpSample-master/BaseMvpComponents/src/main/java/com/moka/mvpsample/_framework/widget/adapter/IAdapterModel.java,com.moka.mvpsample._framework.widget.adapter.IAdapterModel,"add/2[int,com.moka.mvpsample._framework.widget.adapter.ItemData]",data,0
/home/arch_design_predict/download-github-repos/mvp/repos/MvpSample-master/BaseMvpComponents/src/main/java/com/moka/mvpsample/_framework/widget/adapter/IAdapterModel.java,com.moka.mvpsample._framework.widget.adapter.IAdapterModel,"add/2[int,com.moka.mvpsample._framework.widget.adapter.ItemData]",index,0
/home/arch_design_predict/download-github-repos/mvp/repos/MvpSample-master/BaseMvpComponents/src/main/java/com/moka/mvpsample/_framework/widget/adapter/IAdapterModel.java,com.moka.mvpsample._framework.widget.adapter.IAdapterModel,addAll/1[java.util.List<com.moka.mvpsample._framework.widget.adapter.ItemData>],items,0
/home/arch_design_predict/download-github-repos/mvp/repos/MvpSample-master/BaseMvpComponents/src/main/java/com/moka/mvpsample/_framework/widget/adapter/IAdapterModel.java,com.moka.mvpsample._framework.widget.adapter.IAdapterModel,add/1[com.moka.mvpsample._framework.widget.adapter.ItemData],data,0
/home/arch_design_predict/download-github-repos/mvp/repos/MvpSample-master/BaseMvpComponents/src/main/java/com/moka/mvpsample/_framework/widget/adapter/IAdapterModel.java,com.moka.mvpsample._framework.widget.adapter.IAdapterModel,remove/1[com.moka.mvpsample._framework.widget.adapter.ItemData],item,0
/home/arch_design_predict/download-github-repos/mvp/repos/MvpSample-master/BaseMvpComponents/src/main/java/com/moka/mvpsample/_framework/widget/adapter/IAdapterModel.java,com.moka.mvpsample._framework.widget.adapter.IAdapterModel,addFooterView/1[com.moka.mvpsample._framework.widget.adapter.View],footerView,0
/home/arch_design_predict/download-github-repos/mvp/repos/MvpSample-master/app/src/main/java/com/basti/mvpmode/MainActivity.java,com.basti.mvpmode.MainActivity$Anonymous2,onClick/1[com.basti.mvpmode.View],v,0
/home/arch_design_predict/download-github-repos/mvp/repos/MvpSample-master/app/src/main/java/com/basti/mvpmode/model/UserImpl.java,com.basti.mvpmode.model.UserImpl,"login/3[java.lang.String,java.lang.String,com.basti.mvpmode.model.OnLoginListener]",onLoginListener,0
/home/arch_design_predict/download-github-repos/mvp/repos/MvpSample-master/app/src/main/java/com/basti/mvpmode/model/UserImpl.java,com.basti.mvpmode.model.UserImpl,"login/3[java.lang.String,java.lang.String,com.basti.mvpmode.model.OnLoginListener]",password,0
/home/arch_design_predict/download-github-repos/mvp/repos/MvpSample-master/app/src/main/java/com/basti/mvpmode/model/UserImpl.java,com.basti.mvpmode.model.UserImpl,"login/3[java.lang.String,java.lang.String,com.basti.mvpmode.model.OnLoginListener]",username,0
/home/arch_design_predict/download-github-repos/mvp/repos/MvpSample-master/app/src/main/java/com/basti/mvpmode/model/UserImpl.java,com.basti.mvpmode.model.UserImpl,"search/2[java.lang.String,com.basti.mvpmode.model.OnSearchListener]",onSearchListener,0
/home/arch_design_predict/download-github-repos/mvp/repos/MvpSample-master/app/src/main/java/com/basti/mvpmode/model/UserImpl.java,com.basti.mvpmode.model.UserImpl,"search/2[java.lang.String,com.basti.mvpmode.model.OnSearchListener]",username,0
/home/arch_design_predict/download-github-repos/mvp/repos/MvpSample-master/SimpleMvp/src/androidTest/java/com/moka/simplemvp/ExampleInstrumentedTest.java,com.moka.simplemvp.ExampleInstrumentedTest,useAppContext/0,appContext,1
/home/arch_design_predict/download-github-repos/mvp/repos/MvpSample-master/app/src/main/java/com/basti/mvpmode/MainActivity.java,com.basti.mvpmode.MainActivity$Anonymous3,onClick/1[com.basti.mvpmode.View],v,0
/home/arch_design_predict/download-github-repos/mvp/repos/MvpSample-master/app/src/main/java/com/basti/mvpmode/view/IUserLoginView.java,com.basti.mvpmode.view.IUserLoginView,toMainActivity/1[com.basti.mvpmode.model.User],user,0
/home/arch_design_predict/download-github-repos/mvp/repos/MvpSample-master/app/src/main/java/com/basti/mvpmode/view/IUserLoginView.java,com.basti.mvpmode.view.IUserLoginView,showInfo/1[com.basti.mvpmode.model.User],user,0
/home/arch_design_predict/download-github-repos/mvp/repos/MvpSample-master/SimpleMvp/src/main/java/com/moka/simplemvp/model/TaskRepository.java,com.moka.simplemvp.model.TaskRepository,getTask/1[long],task,3
/home/arch_design_predict/download-github-repos/mvp/repos/MvpSample-master/SimpleMvp/src/main/java/com/moka/simplemvp/model/TaskRepository.java,com.moka.simplemvp.model.TaskRepository,getTask/1[long],id,0
/home/arch_design_predict/download-github-repos/mvp/repos/MvpSample-master/app/src/main/java/com/basti/mvpmode/model/UserImpl.java,com.basti.mvpmode.model.UserImpl$Anonymous1,run/0,e,1
/home/arch_design_predict/download-github-repos/mvp/repos/MvpSample-master/app/src/main/java/com/basti/mvpmode/model/UserImpl.java,com.basti.mvpmode.model.UserImpl$Anonymous1,run/0,user,3
/home/arch_design_predict/download-github-repos/mvp/repos/MvpSample-master/app/src/main/java/com/basti/mvpmode/model/UserImpl.java,com.basti.mvpmode.model.UserImpl$Anonymous2,run/0,e,1
/home/arch_design_predict/download-github-repos/mvp/repos/MvpSample-master/app/src/main/java/com/basti/mvpmode/model/UserImpl.java,com.basti.mvpmode.model.UserImpl$Anonymous2,run/0,user,4
/home/arch_design_predict/download-github-repos/mvp/repos/MvpSample-master/BaseMvpComponents/src/main/java/com/moka/mvpsample/_framework/widget/adapter/BaseAdapter.java,com.moka.mvpsample._framework.widget.adapter.BaseAdapter,addFooterView/1[com.moka.mvpsample._framework.widget.adapter.View],footerView,2
/home/arch_design_predict/download-github-repos/mvp/repos/MvpSample-master/BaseMvpComponents/src/main/java/com/moka/mvpsample/_framework/widget/adapter/BaseAdapter.java,com.moka.mvpsample._framework.widget.adapter.BaseAdapter,"onCreateContentItemViewHolder/2[com.moka.mvpsample._framework.widget.adapter.ViewGroup,int]",parent,0
/home/arch_design_predict/download-github-repos/mvp/repos/MvpSample-master/BaseMvpComponents/src/main/java/com/moka/mvpsample/_framework/widget/adapter/BaseAdapter.java,com.moka.mvpsample._framework.widget.adapter.BaseAdapter,"onCreateContentItemViewHolder/2[com.moka.mvpsample._framework.widget.adapter.ViewGroup,int]",contentViewType,0
/home/arch_design_predict/download-github-repos/mvp/repos/MvpSample-master/BaseMvpComponents/src/main/java/com/moka/mvpsample/_framework/widget/adapter/BaseAdapter.java,com.moka.mvpsample._framework.widget.adapter.BaseAdapter,addAll/1[java.util.List<com.moka.mvpsample._framework.widget.adapter.ItemData>],items,4
/home/arch_design_predict/download-github-repos/mvp/repos/MvpSample-master/BaseMvpComponents/src/main/java/com/moka/mvpsample/_framework/widget/adapter/BaseAdapter.java,com.moka.mvpsample._framework.widget.adapter.BaseAdapter,add/1[com.moka.mvpsample._framework.widget.adapter.ItemData],data,2
/home/arch_design_predict/download-github-repos/mvp/repos/MvpSample-master/BaseMvpComponents/src/main/java/com/moka/mvpsample/_framework/widget/adapter/BaseAdapter.java,com.moka.mvpsample._framework.widget.adapter.BaseAdapter,"onCreateFooterItemViewHolder/2[com.moka.mvpsample._framework.widget.adapter.ViewGroup,int]",footerViewType,0
/home/arch_design_predict/download-github-repos/mvp/repos/MvpSample-master/BaseMvpComponents/src/main/java/com/moka/mvpsample/_framework/widget/adapter/BaseAdapter.java,com.moka.mvpsample._framework.widget.adapter.BaseAdapter,"onCreateFooterItemViewHolder/2[com.moka.mvpsample._framework.widget.adapter.ViewGroup,int]",parent,0
/home/arch_design_predict/download-github-repos/mvp/repos/MvpSample-master/BaseMvpComponents/src/main/java/com/moka/mvpsample/_framework/widget/adapter/BaseAdapter.java,com.moka.mvpsample._framework.widget.adapter.BaseAdapter,"onBindHeaderItemViewHolder/2[RecyclerView.ViewHolder,int]",headerViewHolder,2
/home/arch_design_predict/download-github-repos/mvp/repos/MvpSample-master/BaseMvpComponents/src/main/java/com/moka/mvpsample/_framework/widget/adapter/BaseAdapter.java,com.moka.mvpsample._framework.widget.adapter.BaseAdapter,"onBindHeaderItemViewHolder/2[RecyclerView.ViewHolder,int]",itemView,1
/home/arch_design_predict/download-github-repos/mvp/repos/MvpSample-master/BaseMvpComponents/src/main/java/com/moka/mvpsample/_framework/widget/adapter/BaseAdapter.java,com.moka.mvpsample._framework.widget.adapter.BaseAdapter,"onBindHeaderItemViewHolder/2[RecyclerView.ViewHolder,int]",position,0
/home/arch_design_predict/download-github-repos/mvp/repos/MvpSample-master/BaseMvpComponents/src/main/java/com/moka/mvpsample/_framework/widget/adapter/BaseAdapter.java,com.moka.mvpsample._framework.widget.adapter.BaseAdapter,addHeaderView/1[com.moka.mvpsample._framework.widget.adapter.View],headerView,2
/home/arch_design_predict/download-github-repos/mvp/repos/MvpSample-master/BaseMvpComponents/src/main/java/com/moka/mvpsample/_framework/widget/adapter/BaseAdapter.java,com.moka.mvpsample._framework.widget.adapter.BaseAdapter,"add/2[int,com.moka.mvpsample._framework.widget.adapter.ItemData]",data,2
/home/arch_design_predict/download-github-repos/mvp/repos/MvpSample-master/BaseMvpComponents/src/main/java/com/moka/mvpsample/_framework/widget/adapter/BaseAdapter.java,com.moka.mvpsample._framework.widget.adapter.BaseAdapter,"add/2[int,com.moka.mvpsample._framework.widget.adapter.ItemData]",index,3
/home/arch_design_predict/download-github-repos/mvp/repos/MvpSample-master/BaseMvpComponents/src/main/java/com/moka/mvpsample/_framework/widget/adapter/BaseAdapter.java,com.moka.mvpsample._framework.widget.adapter.BaseAdapter,"onCreateHeaderItemViewHolder/2[com.moka.mvpsample._framework.widget.adapter.ViewGroup,int]",parent,0
/home/arch_design_predict/download-github-repos/mvp/repos/MvpSample-master/BaseMvpComponents/src/main/java/com/moka/mvpsample/_framework/widget/adapter/BaseAdapter.java,com.moka.mvpsample._framework.widget.adapter.BaseAdapter,"onCreateHeaderItemViewHolder/2[com.moka.mvpsample._framework.widget.adapter.ViewGroup,int]",headerViewType,0
/home/arch_design_predict/download-github-repos/mvp/repos/MvpSample-master/BaseMvpComponents/src/main/java/com/moka/mvpsample/_framework/widget/adapter/BaseAdapter.java,com.moka.mvpsample._framework.widget.adapter.BaseAdapter,"onBindFooterItemViewHolder/2[RecyclerView.ViewHolder,int]",footerViewHolder,2
/home/arch_design_predict/download-github-repos/mvp/repos/MvpSample-master/BaseMvpComponents/src/main/java/com/moka/mvpsample/_framework/widget/adapter/BaseAdapter.java,com.moka.mvpsample._framework.widget.adapter.BaseAdapter,"onBindFooterItemViewHolder/2[RecyclerView.ViewHolder,int]",itemView,1
/home/arch_design_predict/download-github-repos/mvp/repos/MvpSample-master/BaseMvpComponents/src/main/java/com/moka/mvpsample/_framework/widget/adapter/BaseAdapter.java,com.moka.mvpsample._framework.widget.adapter.BaseAdapter,"onBindFooterItemViewHolder/2[RecyclerView.ViewHolder,int]",position,0
/home/arch_design_predict/download-github-repos/mvp/repos/MvpSample-master/BaseMvpComponents/src/main/java/com/moka/mvpsample/_framework/widget/adapter/BaseAdapter.java,com.moka.mvpsample._framework.widget.adapter.BaseAdapter,remove/1[com.moka.mvpsample._framework.widget.adapter.ItemData],item,2
/home/arch_design_predict/download-github-repos/mvp/repos/MvpSample-master/BaseMvpComponents/src/main/java/com/moka/mvpsample/_framework/widget/adapter/BaseAdapter.java,com.moka.mvpsample._framework.widget.adapter.BaseAdapter,notifyItemChanged/1[com.moka.mvpsample._framework.widget.adapter.ItemData],data,1
/home/arch_design_predict/download-github-repos/mvp/repos/MvpSample-master/BaseMvpComponents/src/main/java/com/moka/mvpsample/_framework/widget/adapter/BaseAdapter.java,com.moka.mvpsample._framework.widget.adapter.BaseAdapter,notifyItemChanged/1[com.moka.mvpsample._framework.widget.adapter.ItemData],index,2
/home/arch_design_predict/download-github-repos/mvp/repos/MvpSample-master/BaseMvpComponents/src/main/java/com/moka/mvpsample/_framework/widget/adapter/BaseAdapter.java,com.moka.mvpsample._framework.widget.adapter.BaseAdapter,setItems/1[java.util.List<DATA>],items,3
/home/arch_design_predict/download-github-repos/mvp/repos/MvpSample-master/BaseMvpComponents/src/main/java/com/moka/mvpsample/_framework/widget/adapter/BaseAdapter.java,com.moka.mvpsample._framework.widget.adapter.BaseAdapter,"onBindContentItemViewHolder/2[RecyclerView.ViewHolder,int]",itemView,2
/home/arch_design_predict/download-github-repos/mvp/repos/MvpSample-master/BaseMvpComponents/src/main/java/com/moka/mvpsample/_framework/widget/adapter/BaseAdapter.java,com.moka.mvpsample._framework.widget.adapter.BaseAdapter,"onBindContentItemViewHolder/2[RecyclerView.ViewHolder,int]",position,2
/home/arch_design_predict/download-github-repos/mvp/repos/MvpSample-master/BaseMvpComponents/src/main/java/com/moka/mvpsample/_framework/widget/adapter/BaseAdapter.java,com.moka.mvpsample._framework.widget.adapter.BaseAdapter,"onBindContentItemViewHolder/2[RecyclerView.ViewHolder,int]",contentViewHolder,1
/home/arch_design_predict/download-github-repos/mvp/repos/MvpSample-master/SimpleMvp/src/main/java/com/moka/simplemvp/vp/IView.java,com.moka.simplemvp.vp.IView,setTaskTitle/1[java.lang.String],title,0
/home/arch_design_predict/download-github-repos/mvp/repos/MvpSample-master/SimpleMvp/src/main/java/com/moka/simplemvp/model/Task.java,com.moka.simplemvp.model.Task,setTitle/1[java.lang.String],title,2
/home/arch_design_predict/download-github-repos/mvp/repos/MvpSample-master/SimpleMvp/src/main/java/com/moka/simplemvp/model/Task.java,com.moka.simplemvp.model.Task,setContent/1[java.lang.String],content,2
/home/arch_design_predict/download-github-repos/mvp/repos/MvpSample-master/SimpleMvp/src/main/java/com/moka/simplemvp/model/Task.java,com.moka.simplemvp.model.Task,setId/1[long],id,2
/home/arch_design_predict/download-github-repos/mvp/repos/MvpSample-master/app/src/main/java/com/basti/mvpmode/presenter/UserLoginPresenter.java,com.basti.mvpmode.presenter.UserLoginPresenter,UserLoginPresenter/1[com.basti.mvpmode.view.IUserLoginView],userLoginView,2
/home/arch_design_predict/download-github-repos/mvp/repos/MvpSample-master/app/src/main/java/com/basti/mvpmode/MainActivity.java,com.basti.mvpmode.MainActivity,showInfo/1[com.basti.mvpmode.model.User],user,1
/home/arch_design_predict/download-github-repos/mvp/repos/MvpSample-master/app/src/main/java/com/basti/mvpmode/MainActivity.java,com.basti.mvpmode.MainActivity,toMainActivity/1[com.basti.mvpmode.model.User],user,0
/home/arch_design_predict/download-github-repos/mvp/repos/MvpSample-master/app/src/main/java/com/basti/mvpmode/MainActivity.java,com.basti.mvpmode.MainActivity,onCreate/1[com.basti.mvpmode.Bundle],savedInstanceState,1
/home/arch_design_predict/download-github-repos/mvp/repos/MvpSample-master/app/src/main/java/com/basti/mvpmode/model/OnLoginListener.java,com.basti.mvpmode.model.OnLoginListener,loginSuccess/1[com.basti.mvpmode.model.User],user,0
/home/arch_design_predict/download-github-repos/mvp/repos/MvpSample-master/BaseMvpComponents/src/main/java/com/moka/mvpsample/_framework/widget/adapter/BaseAdapter.java,com.moka.mvpsample._framework.widget.adapter.BaseAdapter$HeaderFooter,HeaderFooter/1[com.moka.mvpsample._framework.widget.adapter.View],itemView,1
/home/arch_design_predict/download-github-repos/mvp/repos/MvpSample-master/SimpleMvp/src/main/java/com/moka/simplemvp/vp/MainFragment.java,com.moka.simplemvp.vp.MainFragment,setTaskTitle/1[java.lang.String],title,1
/home/arch_design_predict/download-github-repos/mvp/repos/MvpSample-master/SimpleMvp/src/main/java/com/moka/simplemvp/vp/MainFragment.java,com.moka.simplemvp.vp.MainFragment,"onCreateView/3[com.moka.simplemvp.vp.LayoutInflater,com.moka.simplemvp.vp.ViewGroup,com.moka.simplemvp.vp.Bundle]",container,1
/home/arch_design_predict/download-github-repos/mvp/repos/MvpSample-master/SimpleMvp/src/main/java/com/moka/simplemvp/vp/MainFragment.java,com.moka.simplemvp.vp.MainFragment,"onCreateView/3[com.moka.simplemvp.vp.LayoutInflater,com.moka.simplemvp.vp.ViewGroup,com.moka.simplemvp.vp.Bundle]",savedInstanceState,0
/home/arch_design_predict/download-github-repos/mvp/repos/MvpSample-master/SimpleMvp/src/main/java/com/moka/simplemvp/vp/MainFragment.java,com.moka.simplemvp.vp.MainFragment,"onCreateView/3[com.moka.simplemvp.vp.LayoutInflater,com.moka.simplemvp.vp.ViewGroup,com.moka.simplemvp.vp.Bundle]",rootView,2
/home/arch_design_predict/download-github-repos/mvp/repos/MvpSample-master/SimpleMvp/src/main/java/com/moka/simplemvp/vp/MainFragment.java,com.moka.simplemvp.vp.MainFragment,"onCreateView/3[com.moka.simplemvp.vp.LayoutInflater,com.moka.simplemvp.vp.ViewGroup,com.moka.simplemvp.vp.Bundle]",inflater,1
/home/arch_design_predict/download-github-repos/mvp/repos/MvpSample-master/app/src/main/java/com/basti/mvpmode/model/OnSearchListener.java,com.basti.mvpmode.model.OnSearchListener,searchSuccess/1[com.basti.mvpmode.model.User],user,0
/home/arch_design_predict/download-github-repos/mvp/repos/MvpSample-master/BaseMvpComponents/src/main/java/com/moka/mvpsample/_framework/widget/toolbar/ToolbarLayout.java,com.moka.mvpsample._framework.widget.toolbar.ToolbarLayout,"ToolbarLayout/3[com.moka.mvpsample._framework.widget.toolbar.Context,com.moka.mvpsample._framework.widget.toolbar.AttributeSet,int]",context,1
/home/arch_design_predict/download-github-repos/mvp/repos/MvpSample-master/BaseMvpComponents/src/main/java/com/moka/mvpsample/_framework/widget/toolbar/ToolbarLayout.java,com.moka.mvpsample._framework.widget.toolbar.ToolbarLayout,"ToolbarLayout/3[com.moka.mvpsample._framework.widget.toolbar.Context,com.moka.mvpsample._framework.widget.toolbar.AttributeSet,int]",defStyleAttr,1
/home/arch_design_predict/download-github-repos/mvp/repos/MvpSample-master/BaseMvpComponents/src/main/java/com/moka/mvpsample/_framework/widget/toolbar/ToolbarLayout.java,com.moka.mvpsample._framework.widget.toolbar.ToolbarLayout,"ToolbarLayout/3[com.moka.mvpsample._framework.widget.toolbar.Context,com.moka.mvpsample._framework.widget.toolbar.AttributeSet,int]",attrs,1
/home/arch_design_predict/download-github-repos/mvp/repos/MvpSample-master/BaseMvpComponents/src/main/java/com/moka/mvpsample/_framework/widget/toolbar/ToolbarLayout.java,com.moka.mvpsample._framework.widget.toolbar.ToolbarLayout,visibleHome/1[boolean],isVisible,1
/home/arch_design_predict/download-github-repos/mvp/repos/MvpSample-master/BaseMvpComponents/src/main/java/com/moka/mvpsample/_framework/widget/toolbar/ToolbarLayout.java,com.moka.mvpsample._framework.widget.toolbar.ToolbarLayout,initView/0,rootView,3
/home/arch_design_predict/download-github-repos/mvp/repos/MvpSample-master/BaseMvpComponents/src/main/java/com/moka/mvpsample/_framework/widget/toolbar/ToolbarLayout.java,com.moka.mvpsample._framework.widget.toolbar.ToolbarLayout,setOnClickHome/1[com.moka.mvpsample._framework.widget.toolbar.ToolbarLayout.HomeListener],homeListener,2
/home/arch_design_predict/download-github-repos/mvp/repos/MvpSample-master/BaseMvpComponents/src/main/java/com/moka/mvpsample/_framework/widget/toolbar/ToolbarLayout.java,com.moka.mvpsample._framework.widget.toolbar.ToolbarLayout,"ToolbarLayout/2[com.moka.mvpsample._framework.widget.toolbar.Context,com.moka.mvpsample._framework.widget.toolbar.AttributeSet]",context,1
/home/arch_design_predict/download-github-repos/mvp/repos/MvpSample-master/BaseMvpComponents/src/main/java/com/moka/mvpsample/_framework/widget/toolbar/ToolbarLayout.java,com.moka.mvpsample._framework.widget.toolbar.ToolbarLayout,"ToolbarLayout/2[com.moka.mvpsample._framework.widget.toolbar.Context,com.moka.mvpsample._framework.widget.toolbar.AttributeSet]",attrs,1
/home/arch_design_predict/download-github-repos/mvp/repos/MvpSample-master/BaseMvpComponents/src/main/java/com/moka/mvpsample/_framework/widget/toolbar/ToolbarLayout.java,com.moka.mvpsample._framework.widget.toolbar.ToolbarLayout,onClick/1[com.moka.mvpsample._framework.widget.toolbar.View],view,1
/home/arch_design_predict/download-github-repos/mvp/repos/MvpSample-master/BaseMvpComponents/src/main/java/com/moka/mvpsample/_framework/widget/toolbar/ToolbarLayout.java,com.moka.mvpsample._framework.widget.toolbar.ToolbarLayout,setHomeImageRes/1[int],imageResId,1
/home/arch_design_predict/download-github-repos/mvp/repos/MvpSample-master/BaseMvpComponents/src/main/java/com/moka/mvpsample/_framework/widget/toolbar/ToolbarLayout.java,com.moka.mvpsample._framework.widget.toolbar.ToolbarLayout,ToolbarLayout/1[com.moka.mvpsample._framework.widget.toolbar.Context],context,1
/home/arch_design_predict/download-github-repos/mvp/repos/MvpSample-master/BaseMvpComponents/src/main/java/com/moka/mvpsample/_framework/widget/toolbar/ToolbarLayout.java,com.moka.mvpsample._framework.widget.toolbar.ToolbarLayout,setOnClickMenu/1[com.moka.mvpsample._framework.widget.toolbar.ToolbarLayout.MenuListener],menuListener,2
/home/arch_design_predict/download-github-repos/mvp/repos/MvpSample-master/BaseMvpComponents/src/main/java/com/moka/mvpsample/_framework/widget/toolbar/ToolbarLayout.java,com.moka.mvpsample._framework.widget.toolbar.ToolbarLayout,visibleMenu/1[boolean],isVisible,1
/home/arch_design_predict/download-github-repos/mvp/repos/MvpSample-master/BaseMvpComponents/src/main/java/com/moka/mvpsample/_framework/widget/toolbar/ToolbarLayout.java,com.moka.mvpsample._framework.widget.toolbar.ToolbarLayout,setMenuImageRes/1[int],imageResId,1
/home/arch_design_predict/download-github-repos/mvp/repos/MvpSample-master/SimpleMvp/src/main/java/com/moka/simplemvp/vp/MainActivity.java,com.moka.simplemvp.vp.MainActivity,onCreate/1[com.moka.simplemvp.vp.Bundle],savedInstanceState,1
/home/arch_design_predict/download-github-repos/mvp/repos/MvpSample-master/SimpleMvp/src/main/java/com/moka/simplemvp/vp/MainPresenter.java,com.moka.simplemvp.vp.MainPresenter,attachView/1[com.moka.simplemvp.vp.IView],view,2
/home/arch_design_predict/download-github-repos/mvp/repos/MvpSample-master/SimpleMvp/src/main/java/com/moka/simplemvp/vp/MainPresenter.java,com.moka.simplemvp.vp.MainPresenter,loadTask/0,task,1
