file,class,type,cbo,cboModified,fanin,fanout,wmc,dit,noc,rfc,lcom,lcom*,tcc,lcc,totalMethodsQty,staticMethodsQty,publicMethodsQty,privateMethodsQty,protectedMethodsQty,defaultMethodsQty,visibleMethodsQty,abstractMethodsQty,finalMethodsQty,synchronizedMethodsQty,totalFieldsQty,staticFieldsQty,publicFieldsQty,privateFieldsQty,protectedFieldsQty,defaultFieldsQty,finalFieldsQty,synchronizedFieldsQty,nosi,loc,returnQty,loopQty,comparisonsQty,tryCatchQty,parenthesizedExpsQty,stringLiteralsQty,numbersQty,assignmentsQty,mathOperationsQty,variablesQty,maxNestedBlocksQty,anonymousClassesQty,innerClassesQty,lambdasQty,uniqueWordsQty,modifiers,logStatementsQty
/Users/sirojiddinkomolov/Documents/innopolis/research/arch_design_pattern_detection/exps/3rd_revision/coach_repos_r/CopperPDF-master/app/src/main/java/co/copperhead/pdfviewer/PdfViewer.java,co.copperhead.pdfviewer.PdfViewer$Anonymous1,anonymous,2,2,0,2,2,1,0,1,0,0.0,NaN,NaN,1,0,1,0,0,0,1,0,0,0,0,0,0,0,0,0,0,0,0,7,0,0,1,0,0,0,0,0,0,0,1,0,0,0,11,-1,0
/Users/sirojiddinkomolov/Documents/innopolis/research/arch_design_pattern_detection/exps/3rd_revision/coach_repos_r/CopperPDF-master/app/src/main/java/co/copperhead/pdfviewer/PdfViewer.java,co.copperhead.pdfviewer.PdfViewer$Channel,innerclass,1,1,0,1,5,1,0,1,8,0.73333335,0.0,0.0,5,0,4,1,0,0,4,0,0,0,3,0,0,3,0,0,0,0,0,20,3,0,0,0,0,0,1,2,0,3,0,0,0,0,11,2,0
/Users/sirojiddinkomolov/Documents/innopolis/research/arch_design_pattern_detection/exps/3rd_revision/coach_repos_r/CopperPDF-master/app/src/main/java/co/copperhead/pdfviewer/PdfViewer.java,co.copperhead.pdfviewer.PdfViewer$Anonymous3,anonymous,1,1,0,1,3,1,0,2,0,0.0,NaN,NaN,1,0,1,0,0,0,1,0,0,0,0,0,0,0,0,0,0,0,0,9,0,0,0,0,0,1,1,2,0,1,1,0,0,0,6,-1,0
/Users/sirojiddinkomolov/Documents/innopolis/research/arch_design_pattern_detection/exps/3rd_revision/coach_repos_r/CopperPDF-master/app/src/main/java/co/copperhead/pdfviewer/PdfViewer.java,co.copperhead.pdfviewer.PdfViewer$Anonymous2,anonymous,0,0,0,0,2,1,0,3,0,0.0,NaN,NaN,1,0,1,0,0,0,1,0,0,0,0,0,0,0,0,0,0,0,0,11,0,0,0,0,0,1,1,0,0,0,1,0,0,0,5,-1,0
/Users/sirojiddinkomolov/Documents/innopolis/research/arch_design_pattern_detection/exps/3rd_revision/coach_repos_r/CopperPDF-master/app/src/main/java/co/copperhead/pdfviewer/PdfViewer.java,co.copperhead.pdfviewer.PdfViewer,class,26,28,2,26,36,2,0,68,8,0.70833325,0.4,0.6,9,0,3,4,2,0,5,0,0,0,8,5,0,8,0,0,5,0,0,211,11,1,8,0,0,14,9,34,1,27,5,3,1,0,122,1,0
