file,class,method,variable,usage
/Users/sirojiddinkomolov/Documents/innopolis/research/arch_design_pattern_detection/exps/3rd_revision/coach_repos_r/CopperPDF-master/app/src/main/java/co/copperhead/pdfviewer/PdfViewer.java,co.copperhead.pdfviewer.PdfViewer$Channel,setNumPages/1[int],mNumPages,1
/Users/sirojiddinkomolov/Documents/innopolis/research/arch_design_pattern_detection/exps/3rd_revision/coach_repos_r/CopperPDF-master/app/src/main/java/co/copperhead/pdfviewer/PdfViewer.java,co.copperhead.pdfviewer.PdfViewer$Channel,getZoomLevel/0,mZoomLevel,1
/Users/sirojiddinkomolov/Documents/innopolis/research/arch_design_pattern_detection/exps/3rd_revision/coach_repos_r/CopperPDF-master/app/src/main/java/co/copperhead/pdfviewer/PdfViewer.java,co.copperhead.pdfviewer.PdfViewer$Channel,Channel/0,mZoomLevel,1
/Users/sirojiddinkomolov/Documents/innopolis/research/arch_design_pattern_detection/exps/3rd_revision/coach_repos_r/CopperPDF-master/app/src/main/java/co/copperhead/pdfviewer/PdfViewer.java,co.copperhead.pdfviewer.PdfViewer$Channel,getPage/0,mPage,1
/Users/sirojiddinkomolov/Documents/innopolis/research/arch_design_pattern_detection/exps/3rd_revision/coach_repos_r/CopperPDF-master/app/src/main/java/co/copperhead/pdfviewer/PdfViewer.java,co.copperhead.pdfviewer.PdfViewer,openDocument/0,ACTION_OPEN_DOCUMENT_REQUEST_CODE,1
/Users/sirojiddinkomolov/Documents/innopolis/research/arch_design_pattern_detection/exps/3rd_revision/coach_repos_r/CopperPDF-master/app/src/main/java/co/copperhead/pdfviewer/PdfViewer.java,co.copperhead.pdfviewer.PdfViewer,onCreate/1[co.copperhead.pdfviewer.Bundle],mChannel,2
/Users/sirojiddinkomolov/Documents/innopolis/research/arch_design_pattern_detection/exps/3rd_revision/coach_repos_r/CopperPDF-master/app/src/main/java/co/copperhead/pdfviewer/PdfViewer.java,co.copperhead.pdfviewer.PdfViewer,onCreate/1[co.copperhead.pdfviewer.Bundle],STATE_ZOOM_LEVEL,1
/Users/sirojiddinkomolov/Documents/innopolis/research/arch_design_pattern_detection/exps/3rd_revision/coach_repos_r/CopperPDF-master/app/src/main/java/co/copperhead/pdfviewer/PdfViewer.java,co.copperhead.pdfviewer.PdfViewer,onCreate/1[co.copperhead.pdfviewer.Bundle],STATE_PAGE,1
/Users/sirojiddinkomolov/Documents/innopolis/research/arch_design_pattern_detection/exps/3rd_revision/coach_repos_r/CopperPDF-master/app/src/main/java/co/copperhead/pdfviewer/PdfViewer.java,co.copperhead.pdfviewer.PdfViewer,onCreate/1[co.copperhead.pdfviewer.Bundle],mWebView,5
/Users/sirojiddinkomolov/Documents/innopolis/research/arch_design_pattern_detection/exps/3rd_revision/coach_repos_r/CopperPDF-master/app/src/main/java/co/copperhead/pdfviewer/PdfViewer.java,co.copperhead.pdfviewer.PdfViewer,onCreate/1[co.copperhead.pdfviewer.Bundle],STATE_URI,1
/Users/sirojiddinkomolov/Documents/innopolis/research/arch_design_pattern_detection/exps/3rd_revision/coach_repos_r/CopperPDF-master/app/src/main/java/co/copperhead/pdfviewer/PdfViewer.java,co.copperhead.pdfviewer.PdfViewer,onCreate/1[co.copperhead.pdfviewer.Bundle],mUri,2
/Users/sirojiddinkomolov/Documents/innopolis/research/arch_design_pattern_detection/exps/3rd_revision/coach_repos_r/CopperPDF-master/app/src/main/java/co/copperhead/pdfviewer/PdfViewer.java,co.copperhead.pdfviewer.PdfViewer,"onActivityResult/3[int,int,co.copperhead.pdfviewer.Intent]",ACTION_OPEN_DOCUMENT_REQUEST_CODE,1
/Users/sirojiddinkomolov/Documents/innopolis/research/arch_design_pattern_detection/exps/3rd_revision/coach_repos_r/CopperPDF-master/app/src/main/java/co/copperhead/pdfviewer/PdfViewer.java,co.copperhead.pdfviewer.PdfViewer,"onActivityResult/3[int,int,co.copperhead.pdfviewer.Intent]",mUri,1
/Users/sirojiddinkomolov/Documents/innopolis/research/arch_design_pattern_detection/exps/3rd_revision/coach_repos_r/CopperPDF-master/app/src/main/java/co/copperhead/pdfviewer/PdfViewer.java,co.copperhead.pdfviewer.PdfViewer,onOptionsItemSelected/1[co.copperhead.pdfviewer.MenuItem],MAX_ZOOM_LEVEL,1
/Users/sirojiddinkomolov/Documents/innopolis/research/arch_design_pattern_detection/exps/3rd_revision/coach_repos_r/CopperPDF-master/app/src/main/java/co/copperhead/pdfviewer/PdfViewer.java,co.copperhead.pdfviewer.PdfViewer,onOptionsItemSelected/1[co.copperhead.pdfviewer.MenuItem],mWebView,5
/Users/sirojiddinkomolov/Documents/innopolis/research/arch_design_pattern_detection/exps/3rd_revision/coach_repos_r/CopperPDF-master/app/src/main/java/co/copperhead/pdfviewer/PdfViewer.java,co.copperhead.pdfviewer.PdfViewer,loadPdf/0,mWebView,1
/Users/sirojiddinkomolov/Documents/innopolis/research/arch_design_pattern_detection/exps/3rd_revision/coach_repos_r/CopperPDF-master/app/src/main/java/co/copperhead/pdfviewer/PdfViewer.java,co.copperhead.pdfviewer.PdfViewer,loadPdf/0,mUri,1
/Users/sirojiddinkomolov/Documents/innopolis/research/arch_design_pattern_detection/exps/3rd_revision/coach_repos_r/CopperPDF-master/app/src/main/java/co/copperhead/pdfviewer/PdfViewer.java,co.copperhead.pdfviewer.PdfViewer,closeDocument/0,mWebView,1
/Users/sirojiddinkomolov/Documents/innopolis/research/arch_design_pattern_detection/exps/3rd_revision/coach_repos_r/CopperPDF-master/app/src/main/java/co/copperhead/pdfviewer/PdfViewer.java,co.copperhead.pdfviewer.PdfViewer,onSaveInstanceState/1[co.copperhead.pdfviewer.Bundle],STATE_ZOOM_LEVEL,1
/Users/sirojiddinkomolov/Documents/innopolis/research/arch_design_pattern_detection/exps/3rd_revision/coach_repos_r/CopperPDF-master/app/src/main/java/co/copperhead/pdfviewer/PdfViewer.java,co.copperhead.pdfviewer.PdfViewer,onSaveInstanceState/1[co.copperhead.pdfviewer.Bundle],STATE_PAGE,1
/Users/sirojiddinkomolov/Documents/innopolis/research/arch_design_pattern_detection/exps/3rd_revision/coach_repos_r/CopperPDF-master/app/src/main/java/co/copperhead/pdfviewer/PdfViewer.java,co.copperhead.pdfviewer.PdfViewer,onSaveInstanceState/1[co.copperhead.pdfviewer.Bundle],STATE_URI,1
/Users/sirojiddinkomolov/Documents/innopolis/research/arch_design_pattern_detection/exps/3rd_revision/coach_repos_r/CopperPDF-master/app/src/main/java/co/copperhead/pdfviewer/PdfViewer.java,co.copperhead.pdfviewer.PdfViewer,onSaveInstanceState/1[co.copperhead.pdfviewer.Bundle],mUri,1
