file,class,method,constructor,line,cbo,cboModified,fanin,fanout,wmc,rfc,loc,returnsQty,variablesQty,parametersQty,methodsInvokedQty,methodsInvokedLocalQty,methodsInvokedIndirectLocalQty,loopQty,comparisonsQty,tryCatchQty,parenthesizedExpsQty,stringLiteralsQty,numbersQty,assignmentsQty,mathOperationsQty,maxNestedBlocksQty,anonymousClassesQty,innerClassesQty,lambdasQty,uniqueWordsQty,modifiers,logStatementsQty,hasJavaDoc
/Users/sirojiddinkomolov/Documents/innopolis/research/arch_design_pattern_detection/exps/3rd_revision/coach_repos_r/CopperPDF-master/app/src/main/java/co/copperhead/pdfviewer/PdfViewer.java,co.copperhead.pdfviewer.PdfViewer$Anonymous1,"onPageFinished/2[co.copperhead.pdfviewer.WebView,java.lang.String]",false,104,2,1,0,1,2,1,5,0,0,2,1,0,0,0,1,0,0,0,0,0,0,1,0,0,0,11,1,0,false
/Users/sirojiddinkomolov/Documents/innopolis/research/arch_design_pattern_detection/exps/3rd_revision/coach_repos_r/CopperPDF-master/app/src/main/java/co/copperhead/pdfviewer/PdfViewer.java,co.copperhead.pdfviewer.PdfViewer$Channel,setNumPages/1[int],false,73,1,0,0,0,1,0,3,0,0,1,0,0,0,0,0,0,0,0,0,1,0,0,0,0,0,5,1,0,false
/Users/sirojiddinkomolov/Documents/innopolis/research/arch_design_pattern_detection/exps/3rd_revision/coach_repos_r/CopperPDF-master/app/src/main/java/co/copperhead/pdfviewer/PdfViewer.java,co.copperhead.pdfviewer.PdfViewer$Channel,getZoomLevel/0,false,68,1,0,0,0,1,0,3,1,0,0,0,0,0,0,0,0,0,0,0,0,0,0,0,0,0,4,1,0,false
/Users/sirojiddinkomolov/Documents/innopolis/research/arch_design_pattern_detection/exps/3rd_revision/coach_repos_r/CopperPDF-master/app/src/main/java/co/copperhead/pdfviewer/PdfViewer.java,co.copperhead.pdfviewer.PdfViewer$Channel,getUrl/0,false,58,1,0,0,0,1,1,3,1,0,0,1,0,0,0,0,0,0,0,0,0,0,0,0,0,0,2,1,0,false
/Users/sirojiddinkomolov/Documents/innopolis/research/arch_design_pattern_detection/exps/3rd_revision/coach_repos_r/CopperPDF-master/app/src/main/java/co/copperhead/pdfviewer/PdfViewer.java,co.copperhead.pdfviewer.PdfViewer$Channel,Channel/0,true,53,0,1,1,0,1,0,3,0,0,0,0,0,0,0,0,0,0,0,1,1,0,0,0,0,0,4,2,0,false
/Users/sirojiddinkomolov/Documents/innopolis/research/arch_design_pattern_detection/exps/3rd_revision/coach_repos_r/CopperPDF-master/app/src/main/java/co/copperhead/pdfviewer/PdfViewer.java,co.copperhead.pdfviewer.PdfViewer$Channel,getPage/0,false,63,1,0,0,0,1,0,3,1,0,0,0,0,0,0,0,0,0,0,0,0,0,0,0,0,0,3,1,0,false
/Users/sirojiddinkomolov/Documents/innopolis/research/arch_design_pattern_detection/exps/3rd_revision/coach_repos_r/CopperPDF-master/app/src/main/java/co/copperhead/pdfviewer/PdfViewer.java,co.copperhead.pdfviewer.PdfViewer$Anonymous3,"onClick/2[co.copperhead.pdfviewer.DialogInterface,int]",false,286,1,0,0,0,3,2,7,0,1,2,2,0,0,0,0,0,0,1,1,2,0,1,0,0,0,6,1,0,false
/Users/sirojiddinkomolov/Documents/innopolis/research/arch_design_pattern_detection/exps/3rd_revision/coach_repos_r/CopperPDF-master/app/src/main/java/co/copperhead/pdfviewer/PdfViewer.java,co.copperhead.pdfviewer.PdfViewer$Anonymous2,run/0,false,191,0,0,0,0,2,3,9,0,0,0,3,0,0,0,0,0,0,1,1,0,0,1,0,0,0,5,1,0,false
/Users/sirojiddinkomolov/Documents/innopolis/research/arch_design_pattern_detection/exps/3rd_revision/coach_repos_r/CopperPDF-master/app/src/main/java/co/copperhead/pdfviewer/PdfViewer.java,co.copperhead.pdfviewer.PdfViewer,openDocument/0,false,180,1,1,1,0,1,3,6,0,1,0,3,0,0,0,0,0,0,1,0,1,0,0,0,0,0,8,2,0,false
/Users/sirojiddinkomolov/Documents/innopolis/research/arch_design_pattern_detection/exps/3rd_revision/coach_repos_r/CopperPDF-master/app/src/main/java/co/copperhead/pdfviewer/PdfViewer.java,co.copperhead.pdfviewer.PdfViewer,onCreate/1[co.copperhead.pdfviewer.Bundle],false,80,9,1,0,1,6,33,51,1,8,1,33,0,0,0,3,0,0,5,2,16,1,2,1,0,0,69,4,0,false
/Users/sirojiddinkomolov/Documents/innopolis/research/arch_design_pattern_detection/exps/3rd_revision/coach_repos_r/CopperPDF-master/app/src/main/java/co/copperhead/pdfviewer/PdfViewer.java,co.copperhead.pdfviewer.PdfViewer,"onActivityResult/3[int,int,co.copperhead.pdfviewer.Intent]",false,212,2,1,0,1,4,2,9,0,0,3,2,1,1,0,3,0,0,0,1,2,0,2,0,0,0,27,4,0,false
/Users/sirojiddinkomolov/Documents/innopolis/research/arch_design_pattern_detection/exps/3rd_revision/coach_repos_r/CopperPDF-master/app/src/main/java/co/copperhead/pdfviewer/PdfViewer.java,co.copperhead.pdfviewer.PdfViewer,onOptionsItemSelected/1[co.copperhead.pdfviewer.MenuItem],false,231,6,3,0,3,14,14,60,9,2,1,14,3,1,0,0,0,0,4,3,2,0,2,1,0,0,36,1,0,false
/Users/sirojiddinkomolov/Documents/innopolis/research/arch_design_pattern_detection/exps/3rd_revision/coach_repos_r/CopperPDF-master/app/src/main/java/co/copperhead/pdfviewer/PdfViewer.java,co.copperhead.pdfviewer.PdfViewer,loadPdf/0,false,146,3,2,2,0,6,10,22,0,5,0,10,0,0,1,1,0,0,1,1,5,0,5,0,0,0,17,2,0,false
/Users/sirojiddinkomolov/Documents/innopolis/research/arch_design_pattern_detection/exps/3rd_revision/coach_repos_r/CopperPDF-master/app/src/main/java/co/copperhead/pdfviewer/PdfViewer.java,co.copperhead.pdfviewer.PdfViewer,closeDocument/0,false,187,0,2,1,1,2,1,16,0,0,0,1,0,0,0,1,0,0,0,0,0,0,1,1,0,0,15,2,0,false
/Users/sirojiddinkomolov/Documents/innopolis/research/arch_design_pattern_detection/exps/3rd_revision/coach_repos_r/CopperPDF-master/app/src/main/java/co/copperhead/pdfviewer/PdfViewer.java,co.copperhead.pdfviewer.PdfViewer,onSaveInstanceState/1[co.copperhead.pdfviewer.Bundle],false,204,1,0,0,0,1,3,6,0,0,1,3,0,0,0,0,0,0,0,0,0,0,0,0,0,0,6,1,0,false
/Users/sirojiddinkomolov/Documents/innopolis/research/arch_design_pattern_detection/exps/3rd_revision/coach_repos_r/CopperPDF-master/app/src/main/java/co/copperhead/pdfviewer/PdfViewer.java,co.copperhead.pdfviewer.PdfViewer,onCreateOptionsMenu/1[co.copperhead.pdfviewer.Menu],false,223,2,0,0,0,1,3,6,1,1,1,3,0,0,0,0,0,0,0,0,1,0,0,0,0,0,9,1,0,false
/Users/sirojiddinkomolov/Documents/innopolis/research/arch_design_pattern_detection/exps/3rd_revision/coach_repos_r/CopperPDF-master/app/src/main/java/co/copperhead/pdfviewer/PdfViewer.java,co.copperhead.pdfviewer.PdfViewer,createPrintJob/1[co.copperhead.pdfviewer.WebView],false,173,4,1,1,0,1,5,5,0,2,1,5,0,0,0,0,0,0,0,0,2,0,0,0,0,0,13,2,0,false
