file,class,method,variable,usage
/home/arch_design_predict/download-github-repos/mvp/repos/HZMVPDemo-master/app/src/main/java/rxh/hb/utils/CreatUrl.java,rxh.hb.utils.CreatUrl,creaturl/1[java.lang.String],model,1
/home/arch_design_predict/download-github-repos/mvp/repos/HZMVPDemo-master/app/src/main/java/rxh/hb/utils/CreatUrl.java,rxh.hb.utils.CreatUrl,creaturl/1[java.lang.String],url,2
/home/arch_design_predict/download-github-repos/mvp/repos/HZMVPDemo-master/app/src/main/java/rxh/hb/base/BaseActivity.java,rxh.hb.base.BaseActivity,"loading/2[java.lang.String,java.lang.String]",flag,1
/home/arch_design_predict/download-github-repos/mvp/repos/HZMVPDemo-master/app/src/main/java/rxh/hb/base/BaseActivity.java,rxh.hb.base.BaseActivity,"loading/2[java.lang.String,java.lang.String]",title,1
/home/arch_design_predict/download-github-repos/mvp/repos/HZMVPDemo-master/app/src/main/java/rxh/hb/base/BaseActivity.java,rxh.hb.base.BaseActivity,"loading/2[java.lang.String,java.lang.String]",bundle,3
/home/arch_design_predict/download-github-repos/mvp/repos/HZMVPDemo-master/app/src/main/java/rxh/hb/base/BaseActivity.java,rxh.hb.base.BaseActivity,initactivity/1[int],flag,2
/home/arch_design_predict/download-github-repos/mvp/repos/HZMVPDemo-master/app/src/main/java/rxh/hb/base/BaseActivity.java,rxh.hb.base.BaseActivity,onClick/1[rxh.hb.base.View],v,0
/home/arch_design_predict/download-github-repos/mvp/repos/HZMVPDemo-master/app/src/main/java/rxh/hb/base/BaseActivity.java,rxh.hb.base.BaseActivity,onCreate/1[rxh.hb.base.Bundle],savedInstanceState,1
/home/arch_design_predict/download-github-repos/mvp/repos/HZMVPDemo-master/app/src/main/java/rxh/hb/base/BaseActivity.java,rxh.hb.base.BaseActivity,isNetworkConnected/0,cm,1
/home/arch_design_predict/download-github-repos/mvp/repos/HZMVPDemo-master/app/src/main/java/rxh/hb/base/BaseActivity.java,rxh.hb.base.BaseActivity,isNetworkConnected/0,ni,2
/home/arch_design_predict/download-github-repos/mvp/repos/HZMVPDemo-master/app/src/main/java/rxh/hb/base/LoadingFragment.java,rxh.hb.base.LoadingFragment,"onCreateView/3[rxh.hb.base.LayoutInflater,rxh.hb.base.ViewGroup,rxh.hb.base.Bundle]",container,1
/home/arch_design_predict/download-github-repos/mvp/repos/HZMVPDemo-master/app/src/main/java/rxh/hb/base/LoadingFragment.java,rxh.hb.base.LoadingFragment,"onCreateView/3[rxh.hb.base.LayoutInflater,rxh.hb.base.ViewGroup,rxh.hb.base.Bundle]",savedInstanceState,0
/home/arch_design_predict/download-github-repos/mvp/repos/HZMVPDemo-master/app/src/main/java/rxh/hb/base/LoadingFragment.java,rxh.hb.base.LoadingFragment,"onCreateView/3[rxh.hb.base.LayoutInflater,rxh.hb.base.ViewGroup,rxh.hb.base.Bundle]",inflater,1
/home/arch_design_predict/download-github-repos/mvp/repos/HZMVPDemo-master/app/src/main/java/rxh/hb/base/LoadingFragment.java,rxh.hb.base.LoadingFragment,"onCreateView/3[rxh.hb.base.LayoutInflater,rxh.hb.base.ViewGroup,rxh.hb.base.Bundle]",bundle,2
/home/arch_design_predict/download-github-repos/mvp/repos/HZMVPDemo-master/app/src/main/java/rxh/hb/activity/LoginActivity.java,rxh.hb.activity.LoginActivity,onCreate/1[rxh.hb.activity.Bundle],savedInstanceState,1
/home/arch_design_predict/download-github-repos/mvp/repos/HZMVPDemo-master/app/src/main/java/rxh/hb/activity/LoginActivity.java,rxh.hb.activity.LoginActivity,onClick/1[rxh.hb.activity.View],v,1
/home/arch_design_predict/download-github-repos/mvp/repos/HZMVPDemo-master/app/src/main/java/rxh/hb/activity/LoginActivity.java,rxh.hb.activity.LoginActivity,onClick/1[rxh.hb.activity.View],params,3
/home/arch_design_predict/download-github-repos/mvp/repos/HZMVPDemo-master/app/src/main/java/rxh/hb/activity/LoginActivity.java,rxh.hb.activity.LoginActivity,onError/1[java.lang.Throwable],ex,1
/home/arch_design_predict/download-github-repos/mvp/repos/HZMVPDemo-master/app/src/main/java/rxh/hb/activity/LoginActivity.java,rxh.hb.activity.LoginActivity,onSuccess/1[java.lang.String],result,1
/home/arch_design_predict/download-github-repos/mvp/repos/HZMVPDemo-master/app/src/main/java/rxh/hb/activity/MainActivity.java,rxh.hb.activity.MainActivity,onCreate/1[rxh.hb.activity.Bundle],savedInstanceState,1
/home/arch_design_predict/download-github-repos/mvp/repos/HZMVPDemo-master/app/src/main/java/rxh/hb/model/Response.java,rxh.hb.model.Response,onCancelled/1[Callback.CancelledException],cex,0
/home/arch_design_predict/download-github-repos/mvp/repos/HZMVPDemo-master/app/src/main/java/rxh/hb/model/Response.java,rxh.hb.model.Response,onSuccess/1[java.lang.String],result,0
/home/arch_design_predict/download-github-repos/mvp/repos/HZMVPDemo-master/app/src/main/java/rxh/hb/model/Response.java,rxh.hb.model.Response,onError/1[java.lang.Throwable],ex,0
/home/arch_design_predict/download-github-repos/mvp/repos/HZMVPDemo-master/app/src/main/java/rxh/hb/presenter/LoginPresenter.java,rxh.hb.presenter.LoginPresenter$Anonymous1,onSuccess/1[java.lang.String],result,1
/home/arch_design_predict/download-github-repos/mvp/repos/HZMVPDemo-master/app/src/main/java/rxh/hb/presenter/LoginPresenter.java,rxh.hb.presenter.LoginPresenter$Anonymous1,onSuccess/1[java.lang.String],response,7
/home/arch_design_predict/download-github-repos/mvp/repos/HZMVPDemo-master/app/src/main/java/rxh/hb/presenter/LoginPresenter.java,rxh.hb.presenter.LoginPresenter$Anonymous1,onCancelled/1[Callback.CancelledException],cex,0
/home/arch_design_predict/download-github-repos/mvp/repos/HZMVPDemo-master/app/src/main/java/rxh/hb/presenter/LoginPresenter.java,rxh.hb.presenter.LoginPresenter$Anonymous1,onError/1[java.lang.Throwable],ex,1
/home/arch_design_predict/download-github-repos/mvp/repos/HZMVPDemo-master/app/src/main/java/rxh/hb/view/RegisterView.java,rxh.hb.view.RegisterView,onSuccess/1[java.lang.String],result,0
/home/arch_design_predict/download-github-repos/mvp/repos/HZMVPDemo-master/app/src/main/java/rxh/hb/view/RegisterView.java,rxh.hb.view.RegisterView,onError/1[java.lang.Throwable],ex,0
/home/arch_design_predict/download-github-repos/mvp/repos/HZMVPDemo-master/app/src/main/java/rxh/hb/presenter/RegisterPresenter.java,rxh.hb.presenter.RegisterPresenter$Anonymous1,onError/1[java.lang.Throwable],ex,1
/home/arch_design_predict/download-github-repos/mvp/repos/HZMVPDemo-master/app/src/main/java/rxh/hb/presenter/RegisterPresenter.java,rxh.hb.presenter.RegisterPresenter$Anonymous1,onCancelled/1[Callback.CancelledException],cex,0
/home/arch_design_predict/download-github-repos/mvp/repos/HZMVPDemo-master/app/src/main/java/rxh/hb/presenter/RegisterPresenter.java,rxh.hb.presenter.RegisterPresenter$Anonymous1,onSuccess/1[java.lang.String],result,1
/home/arch_design_predict/download-github-repos/mvp/repos/HZMVPDemo-master/app/src/main/java/rxh/hb/presenter/RegisterPresenter.java,rxh.hb.presenter.RegisterPresenter$Anonymous1,onSuccess/1[java.lang.String],response,7
/home/arch_design_predict/download-github-repos/mvp/repos/HZMVPDemo-master/app/src/main/java/rxh/hb/model/GetInfo.java,rxh.hb.model.GetInfo,"getinfo/2[rxh.hb.model.RequestParams,rxh.hb.model.Response]",response,0
/home/arch_design_predict/download-github-repos/mvp/repos/HZMVPDemo-master/app/src/main/java/rxh/hb/model/GetInfo.java,rxh.hb.model.GetInfo,"getinfo/2[rxh.hb.model.RequestParams,rxh.hb.model.Response]",params,0
/home/arch_design_predict/download-github-repos/mvp/repos/HZMVPDemo-master/app/src/main/java/rxh/hb/presenter/RegisterPresenter.java,rxh.hb.presenter.RegisterPresenter,register/1[rxh.hb.presenter.RequestParams],params,1
/home/arch_design_predict/download-github-repos/mvp/repos/HZMVPDemo-master/app/src/main/java/rxh/hb/presenter/RegisterPresenter.java,rxh.hb.presenter.RegisterPresenter,RegisterPresenter/1[rxh.hb.view.RegisterView],registerView,2
/home/arch_design_predict/download-github-repos/mvp/repos/HZMVPDemo-master/app/src/main/java/rxh/hb/presenter/LoginPresenter.java,rxh.hb.presenter.LoginPresenter,login/1[rxh.hb.presenter.RequestParams],params,1
/home/arch_design_predict/download-github-repos/mvp/repos/HZMVPDemo-master/app/src/main/java/rxh/hb/presenter/LoginPresenter.java,rxh.hb.presenter.LoginPresenter,LoginPresenter/1[rxh.hb.view.LoginView],loginView,2
/home/arch_design_predict/download-github-repos/mvp/repos/HZMVPDemo-master/app/src/main/java/rxh/hb/activity/RegisterActivity.java,rxh.hb.activity.RegisterActivity,onCreate/1[rxh.hb.activity.Bundle],savedInstanceState,1
/home/arch_design_predict/download-github-repos/mvp/repos/HZMVPDemo-master/app/src/main/java/rxh/hb/activity/RegisterActivity.java,rxh.hb.activity.RegisterActivity,onSuccess/1[java.lang.String],result,1
/home/arch_design_predict/download-github-repos/mvp/repos/HZMVPDemo-master/app/src/main/java/rxh/hb/activity/RegisterActivity.java,rxh.hb.activity.RegisterActivity,onError/1[java.lang.Throwable],ex,1
/home/arch_design_predict/download-github-repos/mvp/repos/HZMVPDemo-master/app/src/main/java/rxh/hb/activity/RegisterActivity.java,rxh.hb.activity.RegisterActivity,onClick/1[rxh.hb.activity.View],v,1
/home/arch_design_predict/download-github-repos/mvp/repos/HZMVPDemo-master/app/src/main/java/rxh/hb/activity/RegisterActivity.java,rxh.hb.activity.RegisterActivity,onClick/1[rxh.hb.activity.View],params,3
/home/arch_design_predict/download-github-repos/mvp/repos/HZMVPDemo-master/app/src/main/java/rxh/hb/model/Is_Networking.java,rxh.hb.model.Is_Networking,"getinfo/2[rxh.hb.model.RequestParams,rxh.hb.model.Response]",response,0
/home/arch_design_predict/download-github-repos/mvp/repos/HZMVPDemo-master/app/src/main/java/rxh/hb/model/Is_Networking.java,rxh.hb.model.Is_Networking,"getinfo/2[rxh.hb.model.RequestParams,rxh.hb.model.Response]",params,1
/home/arch_design_predict/download-github-repos/mvp/repos/HZMVPDemo-master/app/src/main/java/rxh/hb/utils/JsonUtils.java,rxh.hb.utils.JsonUtils,login/1[java.lang.String],result,2
/home/arch_design_predict/download-github-repos/mvp/repos/HZMVPDemo-master/app/src/main/java/rxh/hb/utils/JsonUtils.java,rxh.hb.utils.JsonUtils,login/1[java.lang.String],data,1
/home/arch_design_predict/download-github-repos/mvp/repos/HZMVPDemo-master/app/src/main/java/rxh/hb/utils/JsonUtils.java,rxh.hb.utils.JsonUtils,login/1[java.lang.String],object,1
/home/arch_design_predict/download-github-repos/mvp/repos/HZMVPDemo-master/app/src/main/java/rxh/hb/utils/JsonUtils.java,rxh.hb.utils.JsonUtils,register/1[java.lang.String],result,2
/home/arch_design_predict/download-github-repos/mvp/repos/HZMVPDemo-master/app/src/main/java/rxh/hb/utils/JsonUtils.java,rxh.hb.utils.JsonUtils,register/1[java.lang.String],data,1
/home/arch_design_predict/download-github-repos/mvp/repos/HZMVPDemo-master/app/src/main/java/rxh/hb/utils/JsonUtils.java,rxh.hb.utils.JsonUtils,register/1[java.lang.String],object,1
/home/arch_design_predict/download-github-repos/mvp/repos/HZMVPDemo-master/app/src/main/java/rxh/hb/view/LoginView.java,rxh.hb.view.LoginView,onSuccess/1[java.lang.String],result,0
/home/arch_design_predict/download-github-repos/mvp/repos/HZMVPDemo-master/app/src/main/java/rxh/hb/view/LoginView.java,rxh.hb.view.LoginView,onError/1[java.lang.Throwable],ex,0
/home/arch_design_predict/download-github-repos/mvp/repos/HZMVPDemo-master/app/src/main/java/rxh/hb/model/Is_Networking.java,rxh.hb.model.Is_Networking$Anonymous1,onCancelled/1[CancelledException],cex,1
/home/arch_design_predict/download-github-repos/mvp/repos/HZMVPDemo-master/app/src/main/java/rxh/hb/model/Is_Networking.java,rxh.hb.model.Is_Networking$Anonymous1,"onError/2[Throwable,boolean]",ex,1
/home/arch_design_predict/download-github-repos/mvp/repos/HZMVPDemo-master/app/src/main/java/rxh/hb/model/Is_Networking.java,rxh.hb.model.Is_Networking$Anonymous1,"onError/2[Throwable,boolean]",isOnCallback,0
/home/arch_design_predict/download-github-repos/mvp/repos/HZMVPDemo-master/app/src/main/java/rxh/hb/model/Is_Networking.java,rxh.hb.model.Is_Networking$Anonymous1,onSuccess/1[String],result,1
