file,class,method,variable,usage
/Users/sirojiddinkomolov/Documents/innopolis/research/arch_design_pattern_detection/exps/3rd_revision/coach_repos_r/diary-1.0/src/jpf/android/diary/Diary.java,jpf.android.diary.Diary,onOptionsItemSelected/1[jpf.android.diary.MenuItem],nextEntry,2
/Users/sirojiddinkomolov/Documents/innopolis/research/arch_design_pattern_detection/exps/3rd_revision/coach_repos_r/diary-1.0/src/jpf/android/diary/Diary.java,jpf.android.diary.Diary,onOptionsItemSelected/1[jpf.android.diary.MenuItem],prevEntry,2
/Users/sirojiddinkomolov/Documents/innopolis/research/arch_design_pattern_detection/exps/3rd_revision/coach_repos_r/diary-1.0/src/jpf/android/diary/Diary.java,jpf.android.diary.Diary,onOptionsItemSelected/1[jpf.android.diary.MenuItem],DATE_DIALOG,1
/Users/sirojiddinkomolov/Documents/innopolis/research/arch_design_pattern_detection/exps/3rd_revision/coach_repos_r/diary-1.0/src/jpf/android/diary/Diary.java,jpf.android.diary.Diary,onCreate/1[jpf.android.diary.Bundle],text,2
/Users/sirojiddinkomolov/Documents/innopolis/research/arch_design_pattern_detection/exps/3rd_revision/coach_repos_r/diary-1.0/src/jpf/android/diary/Diary.java,jpf.android.diary.Diary,onPrepareOptionsMenu/1[jpf.android.diary.Menu],nextEntry,2
/Users/sirojiddinkomolov/Documents/innopolis/research/arch_design_pattern_detection/exps/3rd_revision/coach_repos_r/diary-1.0/src/jpf/android/diary/Diary.java,jpf.android.diary.Diary,onPrepareOptionsMenu/1[jpf.android.diary.Menu],prevEntry,2
/Users/sirojiddinkomolov/Documents/innopolis/research/arch_design_pattern_detection/exps/3rd_revision/coach_repos_r/diary-1.0/src/jpf/android/diary/Diary.java,jpf.android.diary.Diary,onPrepareOptionsMenu/1[jpf.android.diary.Menu],currEntry,4
/Users/sirojiddinkomolov/Documents/innopolis/research/arch_design_pattern_detection/exps/3rd_revision/coach_repos_r/diary-1.0/src/jpf/android/diary/Diary.java,jpf.android.diary.Diary,onSaveInstanceState/1[jpf.android.diary.Bundle],currEntry,4
/Users/sirojiddinkomolov/Documents/innopolis/research/arch_design_pattern_detection/exps/3rd_revision/coach_repos_r/diary-1.0/src/jpf/android/diary/Diary.java,jpf.android.diary.Diary,setDate/1[java.util.Calendar],nextEntry,1
/Users/sirojiddinkomolov/Documents/innopolis/research/arch_design_pattern_detection/exps/3rd_revision/coach_repos_r/diary-1.0/src/jpf/android/diary/Diary.java,jpf.android.diary.Diary,setDate/1[java.util.Calendar],prevEntry,1
/Users/sirojiddinkomolov/Documents/innopolis/research/arch_design_pattern_detection/exps/3rd_revision/coach_repos_r/diary-1.0/src/jpf/android/diary/Diary.java,jpf.android.diary.Diary,setDate/1[java.util.Calendar],currEntry,1
/Users/sirojiddinkomolov/Documents/innopolis/research/arch_design_pattern_detection/exps/3rd_revision/coach_repos_r/diary-1.0/src/jpf/android/diary/Diary.java,jpf.android.diary.Diary,load/0,text,2
/Users/sirojiddinkomolov/Documents/innopolis/research/arch_design_pattern_detection/exps/3rd_revision/coach_repos_r/diary-1.0/src/jpf/android/diary/Diary.java,jpf.android.diary.Diary,getFile/0,currEntry,3
/Users/sirojiddinkomolov/Documents/innopolis/research/arch_design_pattern_detection/exps/3rd_revision/coach_repos_r/diary-1.0/src/jpf/android/diary/Diary.java,jpf.android.diary.Diary,onCreateDialog/1[int],DATE_DIALOG,1
/Users/sirojiddinkomolov/Documents/innopolis/research/arch_design_pattern_detection/exps/3rd_revision/coach_repos_r/diary-1.0/src/jpf/android/diary/Diary.java,jpf.android.diary.Diary,onCreateDialog/1[int],currEntry,3
/Users/sirojiddinkomolov/Documents/innopolis/research/arch_design_pattern_detection/exps/3rd_revision/coach_repos_r/diary-1.0/src/jpf/android/diary/Diary.java,jpf.android.diary.Diary,save/0,text,1
/Users/sirojiddinkomolov/Documents/innopolis/research/arch_design_pattern_detection/exps/3rd_revision/coach_repos_r/diary-1.0/src/jpf/android/diary/Diary.java,jpf.android.diary.Diary,save/0,currEntry,1
