file,class,method,constructor,line,cbo,cboModified,fanin,fanout,wmc,rfc,loc,returnsQty,variablesQty,parametersQty,methodsInvokedQty,methodsInvokedLocalQty,methodsInvokedIndirectLocalQty,loopQty,comparisonsQty,tryCatchQty,parenthesizedExpsQty,stringLiteralsQty,numbersQty,assignmentsQty,mathOperationsQty,maxNestedBlocksQty,anonymousClassesQty,innerClassesQty,lambdasQty,uniqueWordsQty,modifiers,logStatementsQty,hasJavaDoc
/home/arch_design_predict/download-github-repos/mvvm/repos/mvvm_android_temper-master/app/src/main/java/com/example/imranhishaam/temper/model/ShiftsModel.java,com.example.imranhishaam.temper.model.ShiftsModel$Anonymous1,newArray/1[int],false,135,2,0,0,0,1,0,3,1,0,1,0,0,0,0,0,0,0,0,0,0,0,0,0,0,0,3,1,0,false
/home/arch_design_predict/download-github-repos/mvvm/repos/mvvm_android_temper-master/app/src/main/java/com/example/imranhishaam/temper/model/ShiftsModel.java,com.example.imranhishaam.temper.model.ShiftsModel$Anonymous1,createFromParcel/1[Parcel],false,130,2,0,0,0,1,0,3,1,0,1,0,0,0,0,0,0,0,0,0,0,0,0,0,0,0,6,1,0,false
/home/arch_design_predict/download-github-repos/mvvm/repos/mvvm_android_temper-master/app/src/main/java/com/example/imranhishaam/temper/data/JobFactory.java,com.example.imranhishaam.temper.data.JobFactory,create/0,false,15,2,1,1,0,1,5,4,1,1,0,5,0,0,0,0,0,0,0,0,1,0,0,0,0,0,5,9,0,false
/home/arch_design_predict/download-github-repos/mvvm/repos/mvvm_android_temper-master/app/src/main/java/com/example/imranhishaam/temper/model/ClientModel.java,com.example.imranhishaam.temper.model.ClientModel$Anonymous1,createFromParcel/1[com.example.imranhishaam.temper.model.Parcel],false,92,2,2,0,2,1,0,3,1,0,1,0,0,0,0,0,0,0,0,0,0,0,0,0,0,0,6,1,0,false
/home/arch_design_predict/download-github-repos/mvvm/repos/mvvm_android_temper-master/app/src/main/java/com/example/imranhishaam/temper/model/ClientModel.java,com.example.imranhishaam.temper.model.ClientModel$Anonymous1,newArray/1[int],false,97,1,0,0,0,1,0,3,1,0,1,0,0,0,0,0,0,0,0,0,0,0,0,0,0,0,3,1,0,false
/home/arch_design_predict/download-github-repos/mvvm/repos/mvvm_android_temper-master/app/src/main/java/com/example/imranhishaam/temper/model/JobCategoryModel.java,com.example.imranhishaam.temper.model.JobCategoryModel,getDescription/0,false,25,0,0,0,0,1,0,3,1,0,0,0,0,0,0,0,0,0,0,0,0,0,0,0,0,0,3,1,0,false
/home/arch_design_predict/download-github-repos/mvvm/repos/mvvm_android_temper-master/app/src/main/java/com/example/imranhishaam/temper/model/JobCategoryModel.java,com.example.imranhishaam.temper.model.JobCategoryModel,JobCategoryModel/1[com.example.imranhishaam.temper.model.Parcel],true,48,1,0,0,0,1,1,4,0,0,1,1,0,0,0,0,0,0,0,0,2,0,0,0,0,0,5,4,0,false
/home/arch_design_predict/download-github-repos/mvvm/repos/mvvm_android_temper-master/app/src/main/java/com/example/imranhishaam/temper/model/JobCategoryModel.java,com.example.imranhishaam.temper.model.JobCategoryModel,JobCategoryModel/0,true,45,0,0,0,0,1,0,2,0,0,0,0,0,0,0,0,0,0,0,0,0,0,0,0,0,0,3,1,0,false
/home/arch_design_predict/download-github-repos/mvvm/repos/mvvm_android_temper-master/app/src/main/java/com/example/imranhishaam/temper/model/JobCategoryModel.java,com.example.imranhishaam.temper.model.JobCategoryModel,"writeToParcel/2[com.example.imranhishaam.temper.model.Parcel,int]",false,40,1,0,0,0,1,1,4,0,0,2,1,0,0,0,0,0,0,0,0,0,0,0,0,0,0,4,1,0,false
/home/arch_design_predict/download-github-repos/mvvm/repos/mvvm_android_temper-master/app/src/main/java/com/example/imranhishaam/temper/model/JobCategoryModel.java,com.example.imranhishaam.temper.model.JobCategoryModel,getIconPath/0,false,30,0,0,0,0,1,0,3,1,0,0,0,0,0,0,0,0,0,0,0,0,0,0,0,0,0,4,1,0,false
/home/arch_design_predict/download-github-repos/mvvm/repos/mvvm_android_temper-master/app/src/main/java/com/example/imranhishaam/temper/model/JobCategoryModel.java,com.example.imranhishaam.temper.model.JobCategoryModel,setIconPath/1[java.lang.String],false,21,0,0,0,0,1,0,3,0,0,1,0,0,0,0,0,0,0,0,0,1,0,0,0,0,0,4,1,0,false
/home/arch_design_predict/download-github-repos/mvvm/repos/mvvm_android_temper-master/app/src/main/java/com/example/imranhishaam/temper/model/JobCategoryModel.java,com.example.imranhishaam.temper.model.JobCategoryModel,describeContents/0,false,35,0,0,0,0,1,0,3,1,0,0,0,0,0,0,0,0,0,0,1,0,0,0,0,0,0,2,1,0,false
/home/arch_design_predict/download-github-repos/mvvm/repos/mvvm_android_temper-master/app/src/main/java/com/example/imranhishaam/temper/model/JobCategoryModel.java,com.example.imranhishaam.temper.model.JobCategoryModel,setDescription/1[java.lang.String],false,17,0,0,0,0,1,0,3,0,0,1,0,0,0,0,0,0,0,0,0,1,0,0,0,0,0,3,1,0,false
/home/arch_design_predict/download-github-repos/mvvm/repos/mvvm_android_temper-master/app/src/main/java/com/example/imranhishaam/temper/utils/Utils.java,com.example.imranhishaam.temper.utils.Utils,getTabsHeight/1[com.example.imranhishaam.temper.utils.Context],false,23,1,0,0,0,1,2,3,1,0,1,2,0,0,0,0,0,0,0,0,0,0,0,0,0,0,5,9,0,false
/home/arch_design_predict/download-github-repos/mvvm/repos/mvvm_android_temper-master/app/src/main/java/com/example/imranhishaam/temper/utils/Utils.java,com.example.imranhishaam.temper.utils.Utils,getToolbarHeight/1[com.example.imranhishaam.temper.utils.Context],false,14,3,1,1,0,1,4,6,1,2,1,4,0,0,0,0,0,0,0,2,2,0,0,0,0,0,10,9,0,false
/home/arch_design_predict/download-github-repos/mvvm/repos/mvvm_android_temper-master/app/src/androidTest/java/com/example/imranhishaam/temper/ApplicationTest.java,com.example.imranhishaam.temper.ApplicationTest,ApplicationTest/0,true,10,1,0,0,0,1,0,3,0,0,0,0,0,0,0,0,0,0,0,0,0,0,0,0,0,0,2,1,0,false
/home/arch_design_predict/download-github-repos/mvvm/repos/mvvm_android_temper-master/app/src/main/java/com/example/imranhishaam/temper/model/ClientModel.java,com.example.imranhishaam.temper.model.ClientModel,"writeToParcel/2[com.example.imranhishaam.temper.model.Parcel,int]",false,71,1,0,0,0,1,3,7,0,0,2,3,0,0,0,0,0,0,0,0,0,0,0,0,0,0,4,1,0,false
/home/arch_design_predict/download-github-repos/mvvm/repos/mvvm_android_temper-master/app/src/main/java/com/example/imranhishaam/temper/model/ClientModel.java,com.example.imranhishaam.temper.model.ClientModel,getName/0,false,44,0,3,3,0,1,0,3,1,0,0,0,0,0,0,0,0,0,0,0,0,0,0,0,0,0,3,1,0,false
/home/arch_design_predict/download-github-repos/mvvm/repos/mvvm_android_temper-master/app/src/main/java/com/example/imranhishaam/temper/model/ClientModel.java,com.example.imranhishaam.temper.model.ClientModel,setRating/1[com.example.imranhishaam.temper.model.RatingModel],false,40,1,0,0,0,1,0,3,0,0,1,0,0,0,0,0,0,0,0,0,1,0,0,0,0,0,4,1,0,false
/home/arch_design_predict/download-github-repos/mvvm/repos/mvvm_android_temper-master/app/src/main/java/com/example/imranhishaam/temper/model/ClientModel.java,com.example.imranhishaam.temper.model.ClientModel,getHero/0,false,53,0,2,2,0,1,0,3,1,0,0,0,0,0,0,0,0,0,0,0,0,0,0,0,0,0,5,1,0,false
/home/arch_design_predict/download-github-repos/mvvm/repos/mvvm_android_temper-master/app/src/main/java/com/example/imranhishaam/temper/model/ClientModel.java,com.example.imranhishaam.temper.model.ClientModel,ClientModel/1[com.example.imranhishaam.temper.model.Parcel],true,82,2,1,1,0,1,4,7,0,0,1,4,0,0,0,0,0,0,0,0,5,0,0,0,0,0,4,4,0,false
/home/arch_design_predict/download-github-repos/mvvm/repos/mvvm_android_temper-master/app/src/main/java/com/example/imranhishaam/temper/model/ClientModel.java,com.example.imranhishaam.temper.model.ClientModel,setId/1[java.lang.String],false,28,0,0,0,0,1,0,3,0,0,1,0,0,0,0,0,0,0,0,0,1,0,0,0,0,0,3,1,0,false
/home/arch_design_predict/download-github-repos/mvvm/repos/mvvm_android_temper-master/app/src/main/java/com/example/imranhishaam/temper/model/ClientModel.java,com.example.imranhishaam.temper.model.ClientModel,getDescription/0,false,57,0,1,1,0,1,0,3,1,0,0,0,0,0,0,0,0,0,0,0,0,0,0,0,0,0,3,1,0,false
/home/arch_design_predict/download-github-repos/mvvm/repos/mvvm_android_temper-master/app/src/main/java/com/example/imranhishaam/temper/model/ClientModel.java,com.example.imranhishaam.temper.model.ClientModel,getId/0,false,49,0,0,0,0,1,0,3,1,0,0,0,0,0,0,0,0,0,0,0,0,0,0,0,0,0,3,1,0,false
/home/arch_design_predict/download-github-repos/mvvm/repos/mvvm_android_temper-master/app/src/main/java/com/example/imranhishaam/temper/model/ClientModel.java,com.example.imranhishaam.temper.model.ClientModel,setName/1[java.lang.String],false,24,0,0,0,0,1,0,3,0,0,1,0,0,0,0,0,0,0,0,0,1,0,0,0,0,0,3,1,0,false
/home/arch_design_predict/download-github-repos/mvvm/repos/mvvm_android_temper-master/app/src/main/java/com/example/imranhishaam/temper/model/ClientModel.java,com.example.imranhishaam.temper.model.ClientModel,describeContents/0,false,66,0,0,0,0,1,0,3,1,0,0,0,0,0,0,0,0,0,0,1,0,0,0,0,0,0,2,1,0,false
/home/arch_design_predict/download-github-repos/mvvm/repos/mvvm_android_temper-master/app/src/main/java/com/example/imranhishaam/temper/model/ClientModel.java,com.example.imranhishaam.temper.model.ClientModel,setDescription/1[java.lang.String],false,36,0,0,0,0,1,0,3,0,0,1,0,0,0,0,0,0,0,0,0,1,0,0,0,0,0,3,1,0,false
/home/arch_design_predict/download-github-repos/mvvm/repos/mvvm_android_temper-master/app/src/main/java/com/example/imranhishaam/temper/model/ClientModel.java,com.example.imranhishaam.temper.model.ClientModel,getRating/0,false,61,1,1,1,0,1,0,3,1,0,0,0,0,0,0,0,0,0,0,0,0,0,0,0,0,0,4,1,0,false
/home/arch_design_predict/download-github-repos/mvvm/repos/mvvm_android_temper-master/app/src/main/java/com/example/imranhishaam/temper/model/ClientModel.java,com.example.imranhishaam.temper.model.ClientModel,setHero/1[java.util.ArrayList],false,32,0,0,0,0,1,0,3,0,0,1,0,0,0,0,0,0,0,0,0,1,0,0,0,0,0,5,1,0,false
/home/arch_design_predict/download-github-repos/mvvm/repos/mvvm_android_temper-master/app/src/main/java/com/example/imranhishaam/temper/model/ClientModel.java,com.example.imranhishaam.temper.model.ClientModel,ClientModel/0,true,79,0,0,0,0,1,0,2,0,0,0,0,0,0,0,0,0,0,0,0,0,0,0,0,0,0,2,1,0,false
/home/arch_design_predict/download-github-repos/mvvm/repos/mvvm_android_temper-master/app/src/main/java/com/example/imranhishaam/temper/data/JobResponse.java,com.example.imranhishaam.temper.data.JobResponse,getJobList/0,false,17,1,1,1,0,1,0,3,1,0,0,0,0,0,0,0,0,0,0,0,0,0,0,0,0,0,4,1,0,false
/home/arch_design_predict/download-github-repos/mvvm/repos/mvvm_android_temper-master/app/src/main/java/com/example/imranhishaam/temper/data/JobResponse.java,com.example.imranhishaam.temper.data.JobResponse,"setJobList/1[java.util.Map<java.lang.String,java.util.ArrayList<com.example.imranhishaam.temper.model.JobModel>>]",false,21,1,0,0,0,1,0,3,0,0,1,0,0,0,0,0,0,0,0,0,1,0,0,0,0,0,4,1,0,false
/home/arch_design_predict/download-github-repos/mvvm/repos/mvvm_android_temper-master/app/src/main/java/com/example/imranhishaam/temper/viewmodel/MainViewModel.java,com.example.imranhishaam.temper.viewmodel.MainViewModel,initializeViews/0,false,61,0,1,1,0,1,1,5,0,0,0,1,0,0,0,0,0,0,0,0,0,0,0,0,0,0,2,2,0,false
/home/arch_design_predict/download-github-repos/mvvm/repos/mvvm_android_temper-master/app/src/main/java/com/example/imranhishaam/temper/viewmodel/MainViewModel.java,com.example.imranhishaam.temper.viewmodel.MainViewModel,reset/0,false,110,1,2,1,1,1,1,5,0,0,0,1,1,1,0,0,0,0,0,0,2,0,0,0,0,0,9,1,0,false
/home/arch_design_predict/download-github-repos/mvvm/repos/mvvm_android_temper-master/app/src/main/java/com/example/imranhishaam/temper/viewmodel/MainViewModel.java,com.example.imranhishaam.temper.viewmodel.MainViewModel,fetchJobList/0,false,67,4,5,1,4,1,9,22,0,3,0,9,0,0,0,0,0,0,0,0,3,1,0,2,0,0,19,1,0,false
/home/arch_design_predict/download-github-repos/mvvm/repos/mvvm_android_temper-master/app/src/main/java/com/example/imranhishaam/temper/viewmodel/MainViewModel.java,com.example.imranhishaam.temper.viewmodel.MainViewModel,"changeJobDataSet/1[java.util.Map<java.lang.String,java.util.ArrayList<com.example.imranhishaam.temper.model.JobModel>>]",false,94,1,1,1,0,1,3,5,0,0,1,3,0,0,0,0,0,0,0,0,0,0,0,0,0,0,9,2,0,false
/home/arch_design_predict/download-github-repos/mvvm/repos/mvvm_android_temper-master/app/src/main/java/com/example/imranhishaam/temper/viewmodel/MainViewModel.java,com.example.imranhishaam.temper.viewmodel.MainViewModel,getJobList/0,false,100,1,1,1,0,1,0,3,1,0,0,0,0,0,0,0,0,0,0,0,0,0,0,0,0,0,4,1,0,false
/home/arch_design_predict/download-github-repos/mvvm/repos/mvvm_android_temper-master/app/src/main/java/com/example/imranhishaam/temper/viewmodel/MainViewModel.java,com.example.imranhishaam.temper.viewmodel.MainViewModel,onClickFabLoad/1[com.example.imranhishaam.temper.viewmodel.View],false,56,2,2,0,2,1,2,4,0,0,1,2,2,1,0,0,0,0,0,0,0,0,0,0,0,0,11,1,0,false
/home/arch_design_predict/download-github-repos/mvvm/repos/mvvm_android_temper-master/app/src/main/java/com/example/imranhishaam/temper/viewmodel/MainViewModel.java,com.example.imranhishaam.temper.viewmodel.MainViewModel,unSubscribeFromObservable/0,false,104,0,1,1,0,3,2,5,0,0,0,2,0,0,0,1,0,0,0,0,0,0,1,0,0,0,7,2,0,false
/home/arch_design_predict/download-github-repos/mvvm/repos/mvvm_android_temper-master/app/src/main/java/com/example/imranhishaam/temper/viewmodel/MainViewModel.java,com.example.imranhishaam.temper.viewmodel.MainViewModel,MainViewModel/1[com.example.imranhishaam.temper.viewmodel.Context],true,46,5,1,1,0,1,1,8,0,0,1,1,0,0,0,0,0,0,0,0,6,0,0,0,0,0,12,1,0,false
/home/arch_design_predict/download-github-repos/mvvm/repos/mvvm_android_temper-master/app/src/main/java/com/example/imranhishaam/temper/model/JobModel.java,com.example.imranhishaam.temper.model.JobModel$Anonymous1,newArray/1[int],false,186,1,0,0,0,1,0,3,1,0,1,0,0,0,0,0,0,0,0,0,0,0,0,0,0,0,3,1,0,false
/home/arch_design_predict/download-github-repos/mvvm/repos/mvvm_android_temper-master/app/src/main/java/com/example/imranhishaam/temper/model/JobModel.java,com.example.imranhishaam.temper.model.JobModel$Anonymous1,createFromParcel/1[com.example.imranhishaam.temper.model.Parcel],false,181,2,2,0,2,1,0,3,1,0,1,0,0,0,0,0,0,0,0,0,0,0,0,0,0,0,6,1,0,false
/home/arch_design_predict/download-github-repos/mvvm/repos/mvvm_android_temper-master/app/src/main/java/com/example/imranhishaam/temper/viewmodel/JobDetailViewModel.java,com.example.imranhishaam.temper.viewmodel.JobDetailViewModel,getDescription/0,false,40,2,2,0,2,1,2,3,1,0,0,2,0,0,0,0,0,0,0,0,0,0,0,0,0,0,2,1,0,false
/home/arch_design_predict/download-github-repos/mvvm/repos/mvvm_android_temper-master/app/src/main/java/com/example/imranhishaam/temper/viewmodel/JobDetailViewModel.java,com.example.imranhishaam.temper.viewmodel.JobDetailViewModel,getPictureProfile/0,false,56,2,2,0,2,1,3,3,1,0,0,3,0,0,0,0,0,0,0,1,0,0,0,0,0,0,3,1,0,false
/home/arch_design_predict/download-github-repos/mvvm/repos/mvvm_android_temper-master/app/src/main/java/com/example/imranhishaam/temper/viewmodel/JobDetailViewModel.java,com.example.imranhishaam.temper.viewmodel.JobDetailViewModel,getUrl/0,false,60,1,1,0,1,1,1,3,1,0,0,1,0,0,0,0,0,0,0,0,0,0,0,0,0,0,2,1,0,false
/home/arch_design_predict/download-github-repos/mvvm/repos/mvvm_android_temper-master/app/src/main/java/com/example/imranhishaam/temper/viewmodel/JobDetailViewModel.java,com.example.imranhishaam.temper.viewmodel.JobDetailViewModel,getFullUserName/0,false,36,2,2,0,2,1,2,3,1,0,0,2,0,0,0,0,0,0,0,0,0,0,0,0,0,0,4,1,0,false
/home/arch_design_predict/download-github-repos/mvvm/repos/mvvm_android_temper-master/app/src/main/java/com/example/imranhishaam/temper/viewmodel/JobDetailViewModel.java,com.example.imranhishaam.temper.viewmodel.JobDetailViewModel,JobDetailViewModel/1[com.example.imranhishaam.temper.model.JobModel],true,32,1,1,1,0,1,0,3,0,0,1,0,0,0,0,0,0,0,0,0,1,0,0,0,0,0,5,1,0,false
/home/arch_design_predict/download-github-repos/mvvm/repos/mvvm_android_temper-master/app/src/main/java/com/example/imranhishaam/temper/viewmodel/JobDetailViewModel.java,com.example.imranhishaam.temper.viewmodel.JobDetailViewModel,getUserName/0,false,44,2,2,0,2,1,2,3,1,0,0,2,0,0,0,0,0,0,0,0,0,0,0,0,0,0,3,1,0,false
/home/arch_design_predict/download-github-repos/mvvm/repos/mvvm_android_temper-master/app/src/main/java/com/example/imranhishaam/temper/viewmodel/JobDetailViewModel.java,com.example.imranhishaam.temper.viewmodel.JobDetailViewModel,"loadImage/2[com.example.imranhishaam.temper.viewmodel.ImageView,java.lang.String]",false,65,3,0,0,0,1,6,3,0,0,2,6,0,0,0,0,0,0,1,0,0,0,0,0,0,0,8,9,0,false
/home/arch_design_predict/download-github-repos/mvvm/repos/mvvm_android_temper-master/app/src/main/java/com/example/imranhishaam/temper/viewmodel/JobDetailViewModel.java,com.example.imranhishaam.temper.viewmodel.JobDetailViewModel,getDate/0,false,48,1,1,0,1,1,1,3,1,0,0,1,0,0,0,0,0,0,0,0,0,0,0,0,0,0,2,1,0,false
/home/arch_design_predict/download-github-repos/mvvm/repos/mvvm_android_temper-master/app/src/main/java/com/example/imranhishaam/temper/viewmodel/JobDetailViewModel.java,com.example.imranhishaam.temper.viewmodel.JobDetailViewModel,getCell/0,false,52,1,1,0,1,1,1,3,1,0,0,1,0,0,0,0,0,0,1,0,0,1,0,0,0,0,2,1,0,false
/home/arch_design_predict/download-github-repos/mvvm/repos/mvvm_android_temper-master/app/src/main/java/com/example/imranhishaam/temper/viewmodel/MainViewModel.java,com.example.imranhishaam.temper.viewmodel.MainViewModel$Anonymous1,accept/1[com.example.imranhishaam.temper.data.JobResponse],false,76,2,2,0,2,1,3,6,0,0,1,3,0,0,0,0,0,0,0,0,0,0,0,0,0,0,8,1,0,false
/home/arch_design_predict/download-github-repos/mvvm/repos/mvvm_android_temper-master/app/src/main/java/com/example/imranhishaam/temper/utils/ScrollingFABBehavior.java,com.example.imranhishaam.temper.utils.ScrollingFABBehavior,"ScrollingFABBehavior/2[com.example.imranhishaam.temper.utils.Context,com.example.imranhishaam.temper.utils.AttributeSet]",true,17,3,1,0,1,1,1,4,0,0,2,1,0,0,0,0,0,0,0,0,1,0,0,0,0,0,8,1,0,false
/home/arch_design_predict/download-github-repos/mvvm/repos/mvvm_android_temper-master/app/src/main/java/com/example/imranhishaam/temper/utils/ScrollingFABBehavior.java,com.example.imranhishaam.temper.utils.ScrollingFABBehavior,"onDependentViewChanged/3[com.example.imranhishaam.temper.utils.CoordinatorLayout,com.example.imranhishaam.temper.utils.FloatingActionButton,com.example.imranhishaam.temper.utils.View]",false,28,4,0,0,0,2,4,10,1,4,3,4,0,0,0,0,0,0,0,0,4,3,1,0,0,0,20,1,0,false
/home/arch_design_predict/download-github-repos/mvvm/repos/mvvm_android_temper-master/app/src/main/java/com/example/imranhishaam/temper/utils/ScrollingFABBehavior.java,com.example.imranhishaam.temper.utils.ScrollingFABBehavior,"layoutDependsOn/3[com.example.imranhishaam.temper.utils.CoordinatorLayout,com.example.imranhishaam.temper.utils.FloatingActionButton,com.example.imranhishaam.temper.utils.View]",false,23,4,0,0,0,1,0,3,1,0,3,0,0,0,0,0,0,0,0,0,0,0,0,0,0,0,8,1,0,false
/home/arch_design_predict/download-github-repos/mvvm/repos/mvvm_android_temper-master/app/src/main/java/com/example/imranhishaam/temper/view/MainActivity.java,com.example.imranhishaam.temper.view.MainActivity,"update/2[java.util.Observable,java.lang.Object]",false,85,2,2,0,2,2,2,6,0,1,2,2,1,1,0,0,0,0,0,0,1,0,1,0,0,0,12,1,0,false
/home/arch_design_predict/download-github-repos/mvvm/repos/mvvm_android_temper-master/app/src/main/java/com/example/imranhishaam/temper/view/MainActivity.java,com.example.imranhishaam.temper.view.MainActivity,startActivityActionView/0,false,81,1,1,1,0,1,2,3,0,0,0,2,0,0,0,0,0,0,0,0,0,0,0,0,0,0,5,2,0,false
/home/arch_design_predict/download-github-repos/mvvm/repos/mvvm_android_temper-master/app/src/main/java/com/example/imranhishaam/temper/view/MainActivity.java,com.example.imranhishaam.temper.view.MainActivity,setupObserver/1[java.util.Observable],false,59,0,1,1,0,1,1,3,0,0,1,1,0,0,0,0,0,0,0,0,0,0,0,0,0,0,4,1,0,false
/home/arch_design_predict/download-github-repos/mvvm/repos/mvvm_android_temper-master/app/src/main/java/com/example/imranhishaam/temper/view/MainActivity.java,com.example.imranhishaam.temper.view.MainActivity,onDestroy/0,false,63,1,1,0,1,1,2,4,0,0,0,2,0,0,0,0,0,0,0,0,0,0,0,0,0,0,2,4,0,false
/home/arch_design_predict/download-github-repos/mvvm/repos/mvvm_android_temper-master/app/src/main/java/com/example/imranhishaam/temper/view/MainActivity.java,com.example.imranhishaam.temper.view.MainActivity,onCreateOptionsMenu/1[com.example.imranhishaam.temper.view.Menu],false,68,1,0,0,0,1,2,4,1,0,1,2,0,0,0,0,0,0,0,0,0,0,0,0,0,0,8,1,0,false
/home/arch_design_predict/download-github-repos/mvvm/repos/mvvm_android_temper-master/app/src/main/java/com/example/imranhishaam/temper/view/MainActivity.java,com.example.imranhishaam.temper.view.MainActivity,onCreate/1[com.example.imranhishaam.temper.view.Bundle],false,42,3,2,0,2,1,5,7,0,1,1,5,2,1,0,0,0,0,0,0,1,0,0,0,0,0,23,4,0,false
/home/arch_design_predict/download-github-repos/mvvm/repos/mvvm_android_temper-master/app/src/main/java/com/example/imranhishaam/temper/view/MainActivity.java,com.example.imranhishaam.temper.view.MainActivity,onOptionsItemSelected/1[com.example.imranhishaam.temper.view.MenuItem],false,73,2,1,0,1,2,3,7,2,0,1,3,1,1,0,1,0,0,0,0,0,0,1,0,0,0,11,1,0,false
/home/arch_design_predict/download-github-repos/mvvm/repos/mvvm_android_temper-master/app/src/main/java/com/example/imranhishaam/temper/view/MainActivity.java,com.example.imranhishaam.temper.view.MainActivity,initDataBinding/0,false,53,1,2,1,1,1,2,5,0,0,0,2,0,0,0,0,0,0,0,0,2,0,0,0,0,0,9,2,0,false
/home/arch_design_predict/download-github-repos/mvvm/repos/mvvm_android_temper-master/app/src/main/java/com/example/imranhishaam/temper/view/MainActivity.java,com.example.imranhishaam.temper.view.MainActivity,"initViewPagerAndTabs/1[java.util.Map<java.lang.String,java.util.ArrayList<com.example.imranhishaam.temper.model.JobModel>>]",false,92,6,4,1,3,3,16,17,0,4,1,16,0,0,2,0,0,0,2,2,5,2,1,0,0,0,24,2,0,false
/home/arch_design_predict/download-github-repos/mvvm/repos/mvvm_android_temper-master/app/src/main/java/com/example/imranhishaam/temper/viewmodel/ItemJobViewModel.java,com.example.imranhishaam.temper.viewmodel.ItemJobViewModel,getClientName/0,false,42,2,2,0,2,1,2,3,1,0,0,2,0,0,0,0,0,0,0,0,0,0,0,0,0,0,3,1,0,false
/home/arch_design_predict/download-github-repos/mvvm/repos/mvvm_android_temper-master/app/src/main/java/com/example/imranhishaam/temper/viewmodel/ItemJobViewModel.java,com.example.imranhishaam.temper.viewmodel.ItemJobViewModel,setJob/1[com.example.imranhishaam.temper.model.JobModel],false,81,1,0,0,0,1,1,4,0,0,1,1,0,0,0,0,0,0,0,0,1,0,0,0,0,0,6,1,0,false
/home/arch_design_predict/download-github-repos/mvvm/repos/mvvm_android_temper-master/app/src/main/java/com/example/imranhishaam/temper/viewmodel/ItemJobViewModel.java,com.example.imranhishaam.temper.viewmodel.ItemJobViewModel,getDistance/0,false,50,1,1,0,1,1,2,3,1,0,0,2,0,0,0,0,0,0,1,0,0,1,0,0,0,0,2,1,0,false
/home/arch_design_predict/download-github-repos/mvvm/repos/mvvm_android_temper-master/app/src/main/java/com/example/imranhishaam/temper/viewmodel/ItemJobViewModel.java,com.example.imranhishaam.temper.viewmodel.ItemJobViewModel,getRating/0,false,54,3,3,0,3,2,4,6,2,0,0,4,0,0,0,1,0,0,2,0,0,1,1,0,0,0,3,1,0,false
/home/arch_design_predict/download-github-repos/mvvm/repos/mvvm_android_temper-master/app/src/main/java/com/example/imranhishaam/temper/viewmodel/ItemJobViewModel.java,com.example.imranhishaam.temper.viewmodel.ItemJobViewModel,getCell/0,false,61,1,2,0,2,1,5,3,1,0,0,5,0,0,0,0,0,0,2,0,0,1,0,0,0,0,4,1,0,false
/home/arch_design_predict/download-github-repos/mvvm/repos/mvvm_android_temper-master/app/src/main/java/com/example/imranhishaam/temper/viewmodel/ItemJobViewModel.java,com.example.imranhishaam.temper.viewmodel.ItemJobViewModel,getPictureProfile/0,false,69,2,2,0,2,1,3,3,1,0,0,3,0,0,0,0,0,0,0,1,0,0,0,0,0,0,3,1,0,false
/home/arch_design_predict/download-github-repos/mvvm/repos/mvvm_android_temper-master/app/src/main/java/com/example/imranhishaam/temper/viewmodel/ItemJobViewModel.java,com.example.imranhishaam.temper.viewmodel.ItemJobViewModel,"setImageUrl/2[com.example.imranhishaam.temper.viewmodel.ImageView,java.lang.String]",false,73,3,0,0,0,1,6,3,0,0,2,6,0,0,0,0,0,0,1,0,0,0,0,0,0,0,8,9,0,false
/home/arch_design_predict/download-github-repos/mvvm/repos/mvvm_android_temper-master/app/src/main/java/com/example/imranhishaam/temper/viewmodel/ItemJobViewModel.java,com.example.imranhishaam.temper.viewmodel.ItemJobViewModel,getJobCategoryPicture/0,false,65,0,0,0,0,1,0,3,1,0,0,0,0,0,0,0,0,0,1,0,0,0,0,0,0,0,8,1,0,false
/home/arch_design_predict/download-github-repos/mvvm/repos/mvvm_android_temper-master/app/src/main/java/com/example/imranhishaam/temper/viewmodel/ItemJobViewModel.java,com.example.imranhishaam.temper.viewmodel.ItemJobViewModel,"ItemJobViewModel/2[com.example.imranhishaam.temper.model.JobModel,com.example.imranhishaam.temper.viewmodel.Context]",true,37,2,1,1,0,1,0,4,0,0,2,0,0,0,0,0,0,0,0,0,2,0,0,0,0,0,6,1,0,false
/home/arch_design_predict/download-github-repos/mvvm/repos/mvvm_android_temper-master/app/src/main/java/com/example/imranhishaam/temper/viewmodel/ItemJobViewModel.java,com.example.imranhishaam.temper.viewmodel.ItemJobViewModel,onItemClick/1[com.example.imranhishaam.temper.viewmodel.View],false,77,2,1,0,1,1,3,3,0,0,1,3,0,0,0,0,0,0,0,0,0,0,0,0,0,0,5,1,0,false
/home/arch_design_predict/download-github-repos/mvvm/repos/mvvm_android_temper-master/app/src/main/java/com/example/imranhishaam/temper/viewmodel/ItemJobViewModel.java,com.example.imranhishaam.temper.viewmodel.ItemJobViewModel,getTitle/0,false,46,1,1,0,1,1,1,3,1,0,0,1,0,0,0,0,0,0,0,0,0,0,0,0,0,0,2,1,0,false
/home/arch_design_predict/download-github-repos/mvvm/repos/mvvm_android_temper-master/app/src/main/java/com/example/imranhishaam/temper/TemperApplication.java,com.example.imranhishaam.temper.TemperApplication,setJobService/1[com.example.imranhishaam.temper.data.JobService],false,45,1,0,0,0,1,0,3,0,0,1,0,0,0,0,0,0,0,0,0,1,0,0,0,0,0,4,1,0,false
/home/arch_design_predict/download-github-repos/mvvm/repos/mvvm_android_temper-master/app/src/main/java/com/example/imranhishaam/temper/TemperApplication.java,com.example.imranhishaam.temper.TemperApplication,setScheduler/1[com.example.imranhishaam.temper.Scheduler],false,49,1,0,0,0,1,0,3,0,0,1,0,0,0,0,0,0,0,0,0,1,0,0,0,0,0,3,1,0,false
/home/arch_design_predict/download-github-repos/mvvm/repos/mvvm_android_temper-master/app/src/main/java/com/example/imranhishaam/temper/TemperApplication.java,com.example.imranhishaam.temper.TemperApplication,getJobService/0,false,29,2,2,1,1,2,1,6,1,0,0,1,0,0,0,1,0,0,0,0,1,0,1,0,0,0,5,1,0,false
/home/arch_design_predict/download-github-repos/mvvm/repos/mvvm_android_temper-master/app/src/main/java/com/example/imranhishaam/temper/TemperApplication.java,com.example.imranhishaam.temper.TemperApplication,get/1[com.example.imranhishaam.temper.Context],false,21,2,1,1,0,1,1,3,1,0,1,1,0,0,0,0,0,0,0,0,0,0,0,0,0,0,5,10,0,false
/home/arch_design_predict/download-github-repos/mvvm/repos/mvvm_android_temper-master/app/src/main/java/com/example/imranhishaam/temper/TemperApplication.java,com.example.imranhishaam.temper.TemperApplication,create/1[com.example.imranhishaam.temper.Context],false,25,2,2,1,1,1,1,3,1,0,1,1,1,1,0,0,0,0,0,0,0,0,0,0,0,0,5,9,0,false
/home/arch_design_predict/download-github-repos/mvvm/repos/mvvm_android_temper-master/app/src/main/java/com/example/imranhishaam/temper/TemperApplication.java,com.example.imranhishaam.temper.TemperApplication,subscribeScheduler/0,false,37,1,1,1,0,2,1,6,1,0,0,1,0,0,0,1,0,0,0,0,1,0,1,0,0,0,4,1,0,false
/home/arch_design_predict/download-github-repos/mvvm/repos/mvvm_android_temper-master/app/src/main/java/com/example/imranhishaam/temper/model/RatingModel.java,com.example.imranhishaam.temper.model.RatingModel,setAverage/1[java.lang.Double],false,18,0,0,0,0,1,0,3,0,0,1,0,0,0,0,0,0,0,0,0,1,0,0,0,0,0,4,1,0,false
/home/arch_design_predict/download-github-repos/mvvm/repos/mvvm_android_temper-master/app/src/main/java/com/example/imranhishaam/temper/model/RatingModel.java,com.example.imranhishaam.temper.model.RatingModel,setRatedClientId/1[java.lang.Integer],false,26,0,0,0,0,1,0,3,0,0,1,0,0,0,0,0,0,0,0,0,1,0,0,0,0,0,6,1,0,false
/home/arch_design_predict/download-github-repos/mvvm/repos/mvvm_android_temper-master/app/src/main/java/com/example/imranhishaam/temper/model/RatingModel.java,com.example.imranhishaam.temper.model.RatingModel,describeContents/0,false,43,0,0,0,0,1,0,3,1,0,0,0,0,0,0,0,0,0,0,1,0,0,0,0,0,0,2,1,0,false
/home/arch_design_predict/download-github-repos/mvvm/repos/mvvm_android_temper-master/app/src/main/java/com/example/imranhishaam/temper/model/RatingModel.java,com.example.imranhishaam.temper.model.RatingModel,RatingModel/1[com.example.imranhishaam.temper.model.Parcel],true,57,1,0,0,0,1,3,5,0,0,1,3,0,0,0,0,0,0,0,0,3,0,0,0,0,0,6,4,0,false
/home/arch_design_predict/download-github-repos/mvvm/repos/mvvm_android_temper-master/app/src/main/java/com/example/imranhishaam/temper/model/RatingModel.java,com.example.imranhishaam.temper.model.RatingModel,getCount/0,false,34,0,0,0,0,1,0,3,1,0,0,0,0,0,0,0,0,0,0,0,0,0,0,0,0,0,4,1,0,false
/home/arch_design_predict/download-github-repos/mvvm/repos/mvvm_android_temper-master/app/src/main/java/com/example/imranhishaam/temper/model/RatingModel.java,com.example.imranhishaam.temper.model.RatingModel,getRatedClientId/0,false,38,0,0,0,0,1,0,3,1,0,0,0,0,0,0,0,0,0,0,0,0,0,0,0,0,0,6,1,0,false
/home/arch_design_predict/download-github-repos/mvvm/repos/mvvm_android_temper-master/app/src/main/java/com/example/imranhishaam/temper/model/RatingModel.java,com.example.imranhishaam.temper.model.RatingModel,getAverage/0,false,30,0,1,1,0,1,0,3,1,0,0,0,0,0,0,0,0,0,0,0,0,0,0,0,0,0,4,1,0,false
/home/arch_design_predict/download-github-repos/mvvm/repos/mvvm_android_temper-master/app/src/main/java/com/example/imranhishaam/temper/model/RatingModel.java,com.example.imranhishaam.temper.model.RatingModel,setCount/1[java.lang.Integer],false,22,0,0,0,0,1,0,3,0,0,1,0,0,0,0,0,0,0,0,0,1,0,0,0,0,0,4,1,0,false
/home/arch_design_predict/download-github-repos/mvvm/repos/mvvm_android_temper-master/app/src/main/java/com/example/imranhishaam/temper/model/RatingModel.java,com.example.imranhishaam.temper.model.RatingModel,"writeToParcel/2[com.example.imranhishaam.temper.model.Parcel,int]",false,48,1,0,0,0,1,1,5,0,0,2,1,0,0,0,0,0,0,0,0,0,0,0,0,0,0,4,1,0,false
/home/arch_design_predict/download-github-repos/mvvm/repos/mvvm_android_temper-master/app/src/main/java/com/example/imranhishaam/temper/model/RatingModel.java,com.example.imranhishaam.temper.model.RatingModel,RatingModel/0,true,54,0,0,0,0,1,0,2,0,0,0,0,0,0,0,0,0,0,0,0,0,0,0,0,0,0,2,1,0,false
/home/arch_design_predict/download-github-repos/mvvm/repos/mvvm_android_temper-master/app/src/main/java/com/example/imranhishaam/temper/viewmodel/MainViewModel.java,com.example.imranhishaam.temper.viewmodel.MainViewModel$Anonymous2,accept/1[java.lang.Throwable],false,83,0,0,0,0,1,2,6,0,0,1,2,0,0,0,0,0,0,0,0,0,0,0,0,0,0,4,1,0,false
/home/arch_design_predict/download-github-repos/mvvm/repos/mvvm_android_temper-master/app/src/main/java/com/example/imranhishaam/temper/view/MainAdapter.java,com.example.imranhishaam.temper.view.MainAdapter,"onBindViewHolder/2[com.example.imranhishaam.temper.view.MainAdapter.JobAdapterViewHolder,int]",false,37,1,1,0,1,1,2,3,0,0,2,2,0,0,0,0,0,0,0,0,0,0,0,0,0,0,7,1,0,false
/home/arch_design_predict/download-github-repos/mvvm/repos/mvvm_android_temper-master/app/src/main/java/com/example/imranhishaam/temper/view/MainAdapter.java,com.example.imranhishaam.temper.view.MainAdapter,getItemCount/0,false,41,0,0,0,0,1,1,3,1,0,0,1,0,0,0,0,0,0,0,0,0,0,0,0,0,0,3,1,0,false
/home/arch_design_predict/download-github-repos/mvvm/repos/mvvm_android_temper-master/app/src/main/java/com/example/imranhishaam/temper/view/MainAdapter.java,com.example.imranhishaam.temper.view.MainAdapter,"onCreateViewHolder/2[com.example.imranhishaam.temper.view.ViewGroup,int]",false,30,3,1,0,1,1,3,4,1,1,2,3,0,0,0,0,0,0,0,0,1,0,0,0,0,0,12,1,0,false
/home/arch_design_predict/download-github-repos/mvvm/repos/mvvm_android_temper-master/app/src/main/java/com/example/imranhishaam/temper/view/MainAdapter.java,com.example.imranhishaam.temper.view.MainAdapter,MainAdapter/0,true,26,0,1,1,0,1,1,3,0,0,0,1,0,0,0,0,0,0,0,0,1,0,0,0,0,0,2,1,0,false
/home/arch_design_predict/download-github-repos/mvvm/repos/mvvm_android_temper-master/app/src/main/java/com/example/imranhishaam/temper/view/MainAdapter.java,com.example.imranhishaam.temper.view.MainAdapter,setJobList/1[java.util.ArrayList<com.example.imranhishaam.temper.model.JobModel>],false,45,1,1,1,0,1,1,4,0,0,1,1,0,0,0,0,0,0,0,0,1,0,0,0,0,0,8,1,0,false
/home/arch_design_predict/download-github-repos/mvvm/repos/mvvm_android_temper-master/app/src/main/java/com/example/imranhishaam/temper/data/JobService.java,com.example.imranhishaam.temper.data.JobService,fetchJobs/1[java.lang.String],false,13,4,1,1,0,1,0,1,0,0,1,0,0,0,0,0,0,0,0,0,0,0,0,0,0,0,3,0,0,false
/home/arch_design_predict/download-github-repos/mvvm/repos/mvvm_android_temper-master/app/src/main/java/com/example/imranhishaam/temper/model/JobModel.java,com.example.imranhishaam.temper.model.JobModel,setDistance/1[java.lang.Integer],false,42,0,0,0,0,1,0,3,0,0,1,0,0,0,0,0,0,0,0,0,1,0,0,0,0,0,4,1,0,false
/home/arch_design_predict/download-github-repos/mvvm/repos/mvvm_android_temper-master/app/src/main/java/com/example/imranhishaam/temper/model/JobModel.java,com.example.imranhishaam.temper.model.JobModel,getShifts/0,false,134,1,1,1,0,1,0,3,1,0,0,0,0,0,0,0,0,0,0,0,0,0,0,0,0,0,3,1,0,false
/home/arch_design_predict/download-github-repos/mvvm/repos/mvvm_android_temper-master/app/src/main/java/com/example/imranhishaam/temper/model/JobModel.java,com.example.imranhishaam.temper.model.JobModel,setNewMatchesCount/1[java.lang.Integer],false,74,0,0,0,0,1,0,3,0,0,1,0,0,0,0,0,0,0,0,0,1,0,0,0,0,0,6,1,0,false
/home/arch_design_predict/download-github-repos/mvvm/repos/mvvm_android_temper-master/app/src/main/java/com/example/imranhishaam/temper/model/JobModel.java,com.example.imranhishaam.temper.model.JobModel,setMaxPossibleEarningsHour/1[java.lang.Double],false,50,0,0,0,0,1,0,3,0,0,1,0,0,0,0,0,0,0,0,0,1,0,0,0,0,0,7,1,0,false
/home/arch_design_predict/download-github-repos/mvvm/repos/mvvm_android_temper-master/app/src/main/java/com/example/imranhishaam/temper/model/JobModel.java,com.example.imranhishaam.temper.model.JobModel,getAcceptedMatchesCount/0,false,126,0,0,0,0,1,0,3,1,0,0,0,0,0,0,0,0,0,0,0,0,0,0,0,0,0,6,1,0,false
/home/arch_design_predict/download-github-repos/mvvm/repos/mvvm_android_temper-master/app/src/main/java/com/example/imranhishaam/temper/model/JobModel.java,com.example.imranhishaam.temper.model.JobModel,setId/1[java.lang.Integer],false,34,0,0,0,0,1,0,3,0,0,1,0,0,0,0,0,0,0,0,0,1,0,0,0,0,0,4,1,0,false
/home/arch_design_predict/download-github-repos/mvvm/repos/mvvm_android_temper-master/app/src/main/java/com/example/imranhishaam/temper/model/JobModel.java,com.example.imranhishaam.temper.model.JobModel,JobModel/1[com.example.imranhishaam.temper.model.Parcel],true,163,3,1,1,0,1,9,15,0,0,1,9,0,0,0,0,0,0,0,0,13,0,0,0,0,0,6,4,0,false
/home/arch_design_predict/download-github-repos/mvvm/repos/mvvm_android_temper-master/app/src/main/java/com/example/imranhishaam/temper/model/JobModel.java,com.example.imranhishaam.temper.model.JobModel,JobModel/0,true,160,0,0,0,0,1,0,2,0,0,0,0,0,0,0,0,0,0,0,0,0,0,0,0,0,0,2,1,0,false
/home/arch_design_predict/download-github-repos/mvvm/repos/mvvm_android_temper-master/app/src/main/java/com/example/imranhishaam/temper/model/JobModel.java,com.example.imranhishaam.temper.model.JobModel,getMaxPossibleEarningsHour/0,false,103,0,1,1,0,2,0,6,2,0,0,0,0,0,0,1,0,0,0,1,0,0,1,0,0,0,8,1,0,false
/home/arch_design_predict/download-github-repos/mvvm/repos/mvvm_android_temper-master/app/src/main/java/com/example/imranhishaam/temper/model/JobModel.java,com.example.imranhishaam.temper.model.JobModel,setJobCategoryModel/1[com.example.imranhishaam.temper.model.JobCategoryModel],false,62,1,0,0,0,1,0,3,0,0,1,0,0,0,0,0,0,0,0,0,1,0,0,0,0,0,5,1,0,false
/home/arch_design_predict/download-github-repos/mvvm/repos/mvvm_android_temper-master/app/src/main/java/com/example/imranhishaam/temper/model/JobModel.java,com.example.imranhishaam.temper.model.JobModel,getTitle/0,false,82,0,2,2,0,1,0,3,1,0,0,0,0,0,0,0,0,0,0,0,0,0,0,0,0,0,3,1,0,false
/home/arch_design_predict/download-github-repos/mvvm/repos/mvvm_android_temper-master/app/src/main/java/com/example/imranhishaam/temper/model/JobModel.java,com.example.imranhishaam.temper.model.JobModel,setMatches/1[java.util.ArrayList<java.lang.String>],false,66,0,0,0,0,1,0,3,0,0,1,0,0,0,0,0,0,0,0,0,1,0,0,0,0,0,3,1,0,false
/home/arch_design_predict/download-github-repos/mvvm/repos/mvvm_android_temper-master/app/src/main/java/com/example/imranhishaam/temper/model/JobModel.java,com.example.imranhishaam.temper.model.JobModel,getNewMatchesCount/0,false,130,0,0,0,0,1,0,3,1,0,0,0,0,0,0,0,0,0,0,0,0,0,0,0,0,0,6,1,0,false
/home/arch_design_predict/download-github-repos/mvvm/repos/mvvm_android_temper-master/app/src/main/java/com/example/imranhishaam/temper/model/JobModel.java,com.example.imranhishaam.temper.model.JobModel,getJobCategoryModel/0,false,118,1,0,0,0,1,0,3,1,0,0,0,0,0,0,0,0,0,0,0,0,0,0,0,0,0,5,1,0,false
/home/arch_design_predict/download-github-repos/mvvm/repos/mvvm_android_temper-master/app/src/main/java/com/example/imranhishaam/temper/model/JobModel.java,com.example.imranhishaam.temper.model.JobModel,getMatches/0,false,122,0,0,0,0,1,0,3,1,0,0,0,0,0,0,0,0,0,0,0,0,0,0,0,0,0,3,1,0,false
/home/arch_design_predict/download-github-repos/mvvm/repos/mvvm_android_temper-master/app/src/main/java/com/example/imranhishaam/temper/model/JobModel.java,com.example.imranhishaam.temper.model.JobModel,describeContents/0,false,139,0,0,0,0,1,0,3,1,0,0,0,0,0,0,0,0,0,0,1,0,0,0,0,0,0,2,1,0,false
/home/arch_design_predict/download-github-repos/mvvm/repos/mvvm_android_temper-master/app/src/main/java/com/example/imranhishaam/temper/model/JobModel.java,com.example.imranhishaam.temper.model.JobModel,getDate/0,false,91,0,1,1,0,1,0,3,1,0,0,0,0,0,0,0,0,0,0,0,0,0,0,0,0,0,3,1,0,false
/home/arch_design_predict/download-github-repos/mvvm/repos/mvvm_android_temper-master/app/src/main/java/com/example/imranhishaam/temper/model/JobModel.java,com.example.imranhishaam.temper.model.JobModel,setShifts/1[java.util.ArrayList<com.example.imranhishaam.temper.model.ShiftsModel>],false,78,1,0,0,0,1,0,3,0,0,1,0,0,0,0,0,0,0,0,0,1,0,0,0,0,0,3,1,0,false
/home/arch_design_predict/download-github-repos/mvvm/repos/mvvm_android_temper-master/app/src/main/java/com/example/imranhishaam/temper/model/JobModel.java,com.example.imranhishaam.temper.model.JobModel,setClient/1[com.example.imranhishaam.temper.model.ClientModel],false,58,1,0,0,0,1,0,3,0,0,1,0,0,0,0,0,0,0,0,0,1,0,0,0,0,0,4,1,0,false
/home/arch_design_predict/download-github-repos/mvvm/repos/mvvm_android_temper-master/app/src/main/java/com/example/imranhishaam/temper/model/JobModel.java,com.example.imranhishaam.temper.model.JobModel,setAcceptedMatchesCount/1[java.lang.Integer],false,70,0,0,0,0,1,0,3,0,0,1,0,0,0,0,0,0,0,0,0,1,0,0,0,0,0,6,1,0,false
/home/arch_design_predict/download-github-repos/mvvm/repos/mvvm_android_temper-master/app/src/main/java/com/example/imranhishaam/temper/model/JobModel.java,com.example.imranhishaam.temper.model.JobModel,setTitle/1[java.lang.String],false,30,0,0,0,0,1,0,3,0,0,1,0,0,0,0,0,0,0,0,0,1,0,0,0,0,0,3,1,0,false
/home/arch_design_predict/download-github-repos/mvvm/repos/mvvm_android_temper-master/app/src/main/java/com/example/imranhishaam/temper/model/JobModel.java,com.example.imranhishaam.temper.model.JobModel,setMaxPossibleEarningsTotal/1[java.lang.Double],false,54,0,0,0,0,1,0,3,0,0,1,0,0,0,0,0,0,0,0,0,1,0,0,0,0,0,7,1,0,false
/home/arch_design_predict/download-github-repos/mvvm/repos/mvvm_android_temper-master/app/src/main/java/com/example/imranhishaam/temper/model/JobModel.java,com.example.imranhishaam.temper.model.JobModel,getDistance/0,false,95,0,2,2,0,1,0,3,1,0,0,0,0,0,0,0,0,0,0,0,0,0,0,0,0,0,4,1,0,false
/home/arch_design_predict/download-github-repos/mvvm/repos/mvvm_android_temper-master/app/src/main/java/com/example/imranhishaam/temper/model/JobModel.java,com.example.imranhishaam.temper.model.JobModel,setDate/1[java.lang.String],false,38,0,0,0,0,1,0,3,0,0,1,0,0,0,0,0,0,0,0,0,1,0,0,0,0,0,3,1,0,false
/home/arch_design_predict/download-github-repos/mvvm/repos/mvvm_android_temper-master/app/src/main/java/com/example/imranhishaam/temper/model/JobModel.java,com.example.imranhishaam.temper.model.JobModel,getId/0,false,87,0,0,0,0,1,0,3,1,0,0,0,0,0,0,0,0,0,0,0,0,0,0,0,0,0,4,1,0,false
/home/arch_design_predict/download-github-repos/mvvm/repos/mvvm_android_temper-master/app/src/main/java/com/example/imranhishaam/temper/model/JobModel.java,com.example.imranhishaam.temper.model.JobModel,getMaxPossibleEarningsTotal/0,false,110,0,0,0,0,1,0,3,1,0,0,0,0,0,0,0,0,0,0,0,0,0,0,0,0,0,7,1,0,false
/home/arch_design_predict/download-github-repos/mvvm/repos/mvvm_android_temper-master/app/src/main/java/com/example/imranhishaam/temper/model/JobModel.java,com.example.imranhishaam.temper.model.JobModel,setUrl/1[java.lang.String],false,46,0,0,0,0,1,0,3,0,0,1,0,0,0,0,0,0,0,0,0,1,0,0,0,0,0,3,1,0,false
/home/arch_design_predict/download-github-repos/mvvm/repos/mvvm_android_temper-master/app/src/main/java/com/example/imranhishaam/temper/model/JobModel.java,com.example.imranhishaam.temper.model.JobModel,"writeToParcel/2[com.example.imranhishaam.temper.model.Parcel,int]",false,144,1,0,0,0,1,5,15,0,0,2,5,0,0,0,0,0,0,0,0,0,0,0,0,0,0,4,1,0,false
/home/arch_design_predict/download-github-repos/mvvm/repos/mvvm_android_temper-master/app/src/main/java/com/example/imranhishaam/temper/model/JobModel.java,com.example.imranhishaam.temper.model.JobModel,getUrl/0,false,99,0,1,1,0,1,0,3,1,0,0,0,0,0,0,0,0,0,0,0,0,0,0,0,0,0,3,1,0,false
/home/arch_design_predict/download-github-repos/mvvm/repos/mvvm_android_temper-master/app/src/main/java/com/example/imranhishaam/temper/model/JobModel.java,com.example.imranhishaam.temper.model.JobModel,getClient/0,false,114,1,8,8,0,1,0,3,1,0,0,0,0,0,0,0,0,0,0,0,0,0,0,0,0,0,4,1,0,false
/home/arch_design_predict/download-github-repos/mvvm/repos/mvvm_android_temper-master/app/src/main/java/com/example/imranhishaam/temper/model/JobCategoryModel.java,com.example.imranhishaam.temper.model.JobCategoryModel$Anonymous1,newArray/1[int],false,60,2,0,0,0,1,0,3,1,0,1,0,0,0,0,0,0,0,0,0,0,0,0,0,0,0,3,1,0,false
/home/arch_design_predict/download-github-repos/mvvm/repos/mvvm_android_temper-master/app/src/main/java/com/example/imranhishaam/temper/model/JobCategoryModel.java,com.example.imranhishaam.temper.model.JobCategoryModel$Anonymous1,createFromParcel/1[Parcel],false,55,2,0,0,0,1,0,3,1,0,1,0,0,0,0,0,0,0,0,0,0,0,0,0,0,0,7,1,0,false
/home/arch_design_predict/download-github-repos/mvvm/repos/mvvm_android_temper-master/app/src/main/java/com/example/imranhishaam/temper/view/MainAdapter.java,com.example.imranhishaam.temper.view.MainAdapter$JobAdapterViewHolder,JobAdapterViewHolder/1[com.example.imranhishaam.temper.view.ItemJobBinding],true,53,1,1,1,0,1,0,4,0,0,1,0,0,0,0,0,0,0,0,0,1,0,0,0,0,0,7,1,0,false
/home/arch_design_predict/download-github-repos/mvvm/repos/mvvm_android_temper-master/app/src/main/java/com/example/imranhishaam/temper/view/MainAdapter.java,com.example.imranhishaam.temper.view.MainAdapter$JobAdapterViewHolder,bindJobs/1[com.example.imranhishaam.temper.model.JobModel],false,58,2,2,1,1,2,4,8,0,0,1,4,0,0,0,1,0,0,0,0,0,0,1,0,0,0,8,0,0,false
/home/arch_design_predict/download-github-repos/mvvm/repos/mvvm_android_temper-master/app/src/main/java/com/example/imranhishaam/temper/view/JobDetailActivity.java,com.example.imranhishaam.temper.view.JobDetailActivity,onCreate/1[com.example.imranhishaam.temper.view.Bundle],false,25,2,2,0,2,1,5,7,0,0,1,5,2,1,0,0,0,0,0,0,1,0,0,0,0,0,23,4,0,false
/home/arch_design_predict/download-github-repos/mvvm/repos/mvvm_android_temper-master/app/src/main/java/com/example/imranhishaam/temper/view/JobDetailActivity.java,com.example.imranhishaam.temper.view.JobDetailActivity,displayHomeAsUpEnabled/0,false,40,1,1,1,0,2,2,6,0,1,0,2,0,0,0,1,0,0,0,0,1,0,1,0,0,0,12,2,0,false
/home/arch_design_predict/download-github-repos/mvvm/repos/mvvm_android_temper-master/app/src/main/java/com/example/imranhishaam/temper/view/JobDetailActivity.java,com.example.imranhishaam.temper.view.JobDetailActivity,"launchDetail/2[com.example.imranhishaam.temper.view.Context,com.example.imranhishaam.temper.model.JobModel]",false,34,4,1,1,0,1,1,5,1,1,2,1,0,0,0,0,0,0,0,0,1,0,0,0,0,0,6,9,0,false
/home/arch_design_predict/download-github-repos/mvvm/repos/mvvm_android_temper-master/app/src/main/java/com/example/imranhishaam/temper/view/JobDetailActivity.java,com.example.imranhishaam.temper.view.JobDetailActivity,getExtrasFromIntent/0,false,47,2,4,1,3,1,6,6,0,2,0,6,0,0,0,0,0,0,2,0,2,1,0,0,0,0,20,2,0,false
/home/arch_design_predict/download-github-repos/mvvm/repos/mvvm_android_temper-master/app/src/main/java/com/example/imranhishaam/temper/model/RatingModel.java,com.example.imranhishaam.temper.model.RatingModel$Anonymous1,newArray/1[int],false,70,2,0,0,0,1,0,3,1,0,1,0,0,0,0,0,0,0,0,0,0,0,0,0,0,0,3,1,0,false
/home/arch_design_predict/download-github-repos/mvvm/repos/mvvm_android_temper-master/app/src/main/java/com/example/imranhishaam/temper/model/RatingModel.java,com.example.imranhishaam.temper.model.RatingModel$Anonymous1,createFromParcel/1[Parcel],false,65,2,0,0,0,1,0,3,1,0,1,0,0,0,0,0,0,0,0,0,0,0,0,0,0,0,6,1,0,false
/home/arch_design_predict/download-github-repos/mvvm/repos/mvvm_android_temper-master/app/src/main/java/com/example/imranhishaam/temper/model/ShiftsModel.java,com.example.imranhishaam.temper.model.ShiftsModel,ShiftsModel/0,true,113,0,0,0,0,1,0,2,0,0,0,0,0,0,0,0,0,0,0,0,0,0,0,0,0,0,2,1,0,false
/home/arch_design_predict/download-github-repos/mvvm/repos/mvvm_android_temper-master/app/src/main/java/com/example/imranhishaam/temper/model/ShiftsModel.java,com.example.imranhishaam.temper.model.ShiftsModel,ShiftsModel/1[com.example.imranhishaam.temper.model.Parcel],true,116,1,0,0,0,1,3,11,0,0,1,3,0,0,0,0,0,0,0,0,9,0,0,0,0,0,5,4,0,false
/home/arch_design_predict/download-github-repos/mvvm/repos/mvvm_android_temper-master/app/src/main/java/com/example/imranhishaam/temper/model/ShiftsModel.java,com.example.imranhishaam.temper.model.ShiftsModel,getStartDate/0,false,75,0,0,0,0,1,0,3,1,0,0,0,0,0,0,0,0,0,0,0,0,0,0,0,0,0,4,1,0,false
/home/arch_design_predict/download-github-repos/mvvm/repos/mvvm_android_temper-master/app/src/main/java/com/example/imranhishaam/temper/model/ShiftsModel.java,com.example.imranhishaam.temper.model.ShiftsModel,setTempersNeeded/1[java.lang.Integer],false,22,0,0,0,0,1,0,3,0,0,1,0,0,0,0,0,0,0,0,0,1,0,0,0,0,0,5,1,0,false
/home/arch_design_predict/download-github-repos/mvvm/repos/mvvm_android_temper-master/app/src/main/java/com/example/imranhishaam/temper/model/ShiftsModel.java,com.example.imranhishaam.temper.model.ShiftsModel,"writeToParcel/2[com.example.imranhishaam.temper.model.Parcel,int]",false,101,1,0,0,0,1,2,11,0,0,2,2,0,0,0,0,0,0,0,0,0,0,0,0,0,0,4,1,0,false
/home/arch_design_predict/download-github-repos/mvvm/repos/mvvm_android_temper-master/app/src/main/java/com/example/imranhishaam/temper/model/ShiftsModel.java,com.example.imranhishaam.temper.model.ShiftsModel,setCurrency/1[java.lang.String],false,34,0,0,0,0,1,0,3,0,0,1,0,0,0,0,0,0,0,0,0,1,0,0,0,0,0,3,1,0,false
/home/arch_design_predict/download-github-repos/mvvm/repos/mvvm_android_temper-master/app/src/main/java/com/example/imranhishaam/temper/model/ShiftsModel.java,com.example.imranhishaam.temper.model.ShiftsModel,getStartTime/0,false,79,0,0,0,0,1,0,3,1,0,0,0,0,0,0,0,0,0,0,0,0,0,0,0,0,0,4,1,0,false
/home/arch_design_predict/download-github-repos/mvvm/repos/mvvm_android_temper-master/app/src/main/java/com/example/imranhishaam/temper/model/ShiftsModel.java,com.example.imranhishaam.temper.model.ShiftsModel,getStartDatetime/0,false,83,0,0,0,0,1,0,3,1,0,0,0,0,0,0,0,0,0,0,0,0,0,0,0,0,0,4,1,0,false
/home/arch_design_predict/download-github-repos/mvvm/repos/mvvm_android_temper-master/app/src/main/java/com/example/imranhishaam/temper/model/ShiftsModel.java,com.example.imranhishaam.temper.model.ShiftsModel,getCurrency/0,false,71,0,0,0,0,1,0,3,1,0,0,0,0,0,0,0,0,0,0,0,0,0,0,0,0,0,3,1,0,false
/home/arch_design_predict/download-github-repos/mvvm/repos/mvvm_android_temper-master/app/src/main/java/com/example/imranhishaam/temper/model/ShiftsModel.java,com.example.imranhishaam.temper.model.ShiftsModel,setStartDate/1[java.lang.String],false,38,0,0,0,0,1,0,3,0,0,1,0,0,0,0,0,0,0,0,0,1,0,0,0,0,0,4,1,0,false
/home/arch_design_predict/download-github-repos/mvvm/repos/mvvm_android_temper-master/app/src/main/java/com/example/imranhishaam/temper/model/ShiftsModel.java,com.example.imranhishaam.temper.model.ShiftsModel,getDuration/0,false,67,0,0,0,0,1,0,3,1,0,0,0,0,0,0,0,0,0,0,0,0,0,0,0,0,0,4,1,0,false
/home/arch_design_predict/download-github-repos/mvvm/repos/mvvm_android_temper-master/app/src/main/java/com/example/imranhishaam/temper/model/ShiftsModel.java,com.example.imranhishaam.temper.model.ShiftsModel,setEndTime/1[java.lang.String],false,50,0,0,0,0,1,0,3,0,0,1,0,0,0,0,0,0,0,0,0,1,0,0,0,0,0,4,1,0,false
/home/arch_design_predict/download-github-repos/mvvm/repos/mvvm_android_temper-master/app/src/main/java/com/example/imranhishaam/temper/model/ShiftsModel.java,com.example.imranhishaam.temper.model.ShiftsModel,setStartTime/1[java.lang.String],false,42,0,0,0,0,1,0,3,0,0,1,0,0,0,0,0,0,0,0,0,1,0,0,0,0,0,4,1,0,false
/home/arch_design_predict/download-github-repos/mvvm/repos/mvvm_android_temper-master/app/src/main/java/com/example/imranhishaam/temper/model/ShiftsModel.java,com.example.imranhishaam.temper.model.ShiftsModel,setDuration/1[java.lang.Integer],false,30,0,0,0,0,1,0,3,0,0,1,0,0,0,0,0,0,0,0,0,1,0,0,0,0,0,4,1,0,false
/home/arch_design_predict/download-github-repos/mvvm/repos/mvvm_android_temper-master/app/src/main/java/com/example/imranhishaam/temper/model/ShiftsModel.java,com.example.imranhishaam.temper.model.ShiftsModel,setStartDatetime/1[java.lang.String],false,46,0,0,0,0,1,0,3,0,0,1,0,0,0,0,0,0,0,0,0,1,0,0,0,0,0,4,1,0,false
/home/arch_design_predict/download-github-repos/mvvm/repos/mvvm_android_temper-master/app/src/main/java/com/example/imranhishaam/temper/model/ShiftsModel.java,com.example.imranhishaam.temper.model.ShiftsModel,setEarningsPerHour/1[java.lang.Integer],false,26,0,0,0,0,1,0,3,0,0,1,0,0,0,0,0,0,0,0,0,1,0,0,0,0,0,6,1,0,false
/home/arch_design_predict/download-github-repos/mvvm/repos/mvvm_android_temper-master/app/src/main/java/com/example/imranhishaam/temper/model/ShiftsModel.java,com.example.imranhishaam.temper.model.ShiftsModel,getEarningsPerHour/0,false,63,0,0,0,0,1,0,3,1,0,0,0,0,0,0,0,0,0,0,0,0,0,0,0,0,0,6,1,0,false
/home/arch_design_predict/download-github-repos/mvvm/repos/mvvm_android_temper-master/app/src/main/java/com/example/imranhishaam/temper/model/ShiftsModel.java,com.example.imranhishaam.temper.model.ShiftsModel,getEndTime/0,false,87,0,0,0,0,1,0,3,1,0,0,0,0,0,0,0,0,0,0,0,0,0,0,0,0,0,4,1,0,false
/home/arch_design_predict/download-github-repos/mvvm/repos/mvvm_android_temper-master/app/src/main/java/com/example/imranhishaam/temper/model/ShiftsModel.java,com.example.imranhishaam.temper.model.ShiftsModel,setEndDatetime/1[java.lang.String],false,54,0,0,0,0,1,0,3,0,0,1,0,0,0,0,0,0,0,0,0,1,0,0,0,0,0,4,1,0,false
/home/arch_design_predict/download-github-repos/mvvm/repos/mvvm_android_temper-master/app/src/main/java/com/example/imranhishaam/temper/model/ShiftsModel.java,com.example.imranhishaam.temper.model.ShiftsModel,getTempersNeeded/0,false,58,0,0,0,0,1,0,3,1,0,0,0,0,0,0,0,0,0,0,0,0,0,0,0,0,0,5,1,0,false
/home/arch_design_predict/download-github-repos/mvvm/repos/mvvm_android_temper-master/app/src/main/java/com/example/imranhishaam/temper/model/ShiftsModel.java,com.example.imranhishaam.temper.model.ShiftsModel,getEndDatetime/0,false,91,0,0,0,0,1,0,3,1,0,0,0,0,0,0,0,0,0,0,0,0,0,0,0,0,0,4,1,0,false
/home/arch_design_predict/download-github-repos/mvvm/repos/mvvm_android_temper-master/app/src/main/java/com/example/imranhishaam/temper/model/ShiftsModel.java,com.example.imranhishaam.temper.model.ShiftsModel,describeContents/0,false,96,0,0,0,0,1,0,3,1,0,0,0,0,0,0,0,0,0,0,1,0,0,0,0,0,0,2,1,0,false
/home/arch_design_predict/download-github-repos/mvvm/repos/mvvm_android_temper-master/app/src/main/java/com/example/imranhishaam/temper/view/MainFragment.java,com.example.imranhishaam.temper.view.MainFragment,setupRecyclerView/1[com.example.imranhishaam.temper.view.RecyclerView],false,43,5,3,1,2,1,6,8,0,3,1,6,0,0,0,0,0,0,0,0,3,0,0,0,0,0,30,2,0,false
/home/arch_design_predict/download-github-repos/mvvm/repos/mvvm_android_temper-master/app/src/main/java/com/example/imranhishaam/temper/view/MainFragment.java,com.example.imranhishaam.temper.view.MainFragment,"onCreateView/3[com.example.imranhishaam.temper.view.LayoutInflater,com.example.imranhishaam.temper.view.ViewGroup,com.example.imranhishaam.temper.view.Bundle]",false,37,7,1,0,1,1,2,5,1,1,3,2,1,1,0,0,0,0,0,0,1,0,0,0,0,0,11,1,0,false
/home/arch_design_predict/download-github-repos/mvvm/repos/mvvm_android_temper-master/app/src/main/java/com/example/imranhishaam/temper/view/MainFragment.java,com.example.imranhishaam.temper.view.MainFragment,createInstance/1[java.util.ArrayList<com.example.imranhishaam.temper.model.JobModel>],false,27,3,2,1,1,1,2,7,1,2,1,2,0,0,0,0,0,0,0,0,2,0,0,0,0,0,9,9,0,false
/home/arch_design_predict/download-github-repos/mvvm/repos/mvvm_android_temper-master/app/src/main/java/com/example/imranhishaam/temper/view/MainActivity.java,com.example.imranhishaam.temper.view.MainActivity$PagerAdapter,getItem/1[int],false,134,1,0,0,0,1,1,3,1,0,1,1,0,0,0,0,0,0,0,0,0,0,0,0,0,0,4,1,0,false
/home/arch_design_predict/download-github-repos/mvvm/repos/mvvm_android_temper-master/app/src/main/java/com/example/imranhishaam/temper/view/MainActivity.java,com.example.imranhishaam.temper.view.MainActivity$PagerAdapter,"addFragment/3[com.example.imranhishaam.temper.view.Fragment,java.util.ArrayList<com.example.imranhishaam.temper.model.JobModel>,java.lang.String]",false,127,2,1,1,0,1,3,5,0,0,3,3,0,0,0,0,0,0,0,0,0,0,0,0,0,0,5,1,0,false
/home/arch_design_predict/download-github-repos/mvvm/repos/mvvm_android_temper-master/app/src/main/java/com/example/imranhishaam/temper/view/MainActivity.java,com.example.imranhishaam.temper.view.MainActivity$PagerAdapter,PagerAdapter/1[com.example.imranhishaam.temper.view.FragmentManager],true,123,1,1,1,0,1,0,3,0,0,1,0,0,0,0,0,0,0,0,0,0,0,0,0,0,0,5,1,0,false
/home/arch_design_predict/download-github-repos/mvvm/repos/mvvm_android_temper-master/app/src/main/java/com/example/imranhishaam/temper/view/MainActivity.java,com.example.imranhishaam.temper.view.MainActivity$PagerAdapter,getPageTitle/1[int],false,143,0,0,0,0,1,1,3,1,0,1,1,0,0,0,0,0,0,0,0,0,0,0,0,0,0,6,1,0,false
/home/arch_design_predict/download-github-repos/mvvm/repos/mvvm_android_temper-master/app/src/main/java/com/example/imranhishaam/temper/view/MainActivity.java,com.example.imranhishaam.temper.view.MainActivity$PagerAdapter,getCount/0,false,139,0,0,0,0,1,1,3,1,0,0,1,0,0,0,0,0,0,0,0,0,0,0,0,0,0,2,1,0,false
