file,class,method,variable,usage
/home/arch_design_predict/download-github-repos/mvp/repos/VersionCodeApp-master/app/src/main/java/android/com/playstoreversioncode/version_Services_pkg/ApiClient.java,android.com.playstoreversioncode.version_Services_pkg.ApiClient,getInstance/0,retrofit,3
/home/arch_design_predict/download-github-repos/mvp/repos/VersionCodeApp-master/app/src/main/java/android/com/playstoreversioncode/version_Services_pkg/ApiClient.java,android.com.playstoreversioncode.version_Services_pkg.ApiClient,getInstance/0,uRL,1
/home/arch_design_predict/download-github-repos/mvp/repos/VersionCodeApp-master/app/src/main/java/android/com/playstoreversioncode/MainActivity.java,android.com.playstoreversioncode.MainActivity,getProgressBar/0,progress,5
/home/arch_design_predict/download-github-repos/mvp/repos/VersionCodeApp-master/app/src/main/java/android/com/playstoreversioncode/MainActivity.java,android.com.playstoreversioncode.MainActivity,setCurrentVersionCode/1[java.lang.String],version_btn,1
/home/arch_design_predict/download-github-repos/mvp/repos/VersionCodeApp-master/app/src/main/java/android/com/playstoreversioncode/MainActivity.java,android.com.playstoreversioncode.MainActivity,setCurrentVersionCode/1[java.lang.String],versionCode_txt,2
/home/arch_design_predict/download-github-repos/mvp/repos/VersionCodeApp-master/app/src/main/java/android/com/playstoreversioncode/MainActivity.java,android.com.playstoreversioncode.MainActivity,dismissProgressBar/0,progress,2
/home/arch_design_predict/download-github-repos/mvp/repos/VersionCodeApp-master/app/src/main/java/android/com/playstoreversioncode/MainActivity.java,android.com.playstoreversioncode.MainActivity,onClick/1[android.com.playstoreversioncode.View],version_btn,1
/home/arch_design_predict/download-github-repos/mvp/repos/VersionCodeApp-master/app/src/main/java/android/com/playstoreversioncode/MainActivity.java,android.com.playstoreversioncode.MainActivity,onClick/1[android.com.playstoreversioncode.View],version_pi,1
/home/arch_design_predict/download-github-repos/mvp/repos/VersionCodeApp-master/app/src/main/java/android/com/playstoreversioncode/MainActivity.java,android.com.playstoreversioncode.MainActivity,initializeMyViews/0,version_btn,3
/home/arch_design_predict/download-github-repos/mvp/repos/VersionCodeApp-master/app/src/main/java/android/com/playstoreversioncode/MainActivity.java,android.com.playstoreversioncode.MainActivity,initializeMyViews/0,version_pi,1
/home/arch_design_predict/download-github-repos/mvp/repos/VersionCodeApp-master/app/src/main/java/android/com/playstoreversioncode/MainActivity.java,android.com.playstoreversioncode.MainActivity,initializeMyViews/0,versionCode_txt,2
/home/arch_design_predict/download-github-repos/mvp/repos/VersionCodeApp-master/app/src/main/java/android/com/playstoreversioncode/mvp_version_pkg/Version_Pc.java,android.com.playstoreversioncode.mvp_version_pkg.Version_Pc,getPlayStoreVersionCode/0,network_Error,1
/home/arch_design_predict/download-github-repos/mvp/repos/VersionCodeApp-master/app/src/main/java/android/com/playstoreversioncode/mvp_version_pkg/Version_Pc.java,android.com.playstoreversioncode.mvp_version_pkg.Version_Pc,getPlayStoreVersionCode/0,version_view,2
/home/arch_design_predict/download-github-repos/mvp/repos/VersionCodeApp-master/app/src/main/java/android/com/playstoreversioncode/mvp_version_pkg/Version_Pc.java,android.com.playstoreversioncode.mvp_version_pkg.Version_Pc,Version_Pc/1[android.com.playstoreversioncode.mvp_version_pkg.Version_View],version_view,3
/home/arch_design_predict/download-github-repos/mvp/repos/VersionCodeApp-master/app/src/main/java/android/com/playstoreversioncode/mvp_version_pkg/Version_Pc.java,android.com.playstoreversioncode.mvp_version_pkg.Version_Pc,getNetworkavailability/0,version_view,1
/home/arch_design_predict/download-github-repos/mvp/repos/VersionCodeApp-master/app/src/main/java/android/com/playstoreversioncode/mvp_version_pkg/Version_Pc.java,android.com.playstoreversioncode.mvp_version_pkg.Version_Pc,getAppVersionCode/0,network_Error,1
/home/arch_design_predict/download-github-repos/mvp/repos/VersionCodeApp-master/app/src/main/java/android/com/playstoreversioncode/mvp_version_pkg/Version_Pc.java,android.com.playstoreversioncode.mvp_version_pkg.Version_Pc,getAppVersionCode/0,version_view,2
