file,class,method,variable,usage
/home/arch_design_predict/download-github-repos/mvvm/repos/Notepad-master/app/src/main/java/com/kg/notepad/NotesRepository.java,com.kg.notepad.NotesRepository,getNotesList/0,notesList,1
/home/arch_design_predict/download-github-repos/mvvm/repos/Notepad-master/app/src/main/java/com/kg/notepad/NotesRepository.java,com.kg.notepad.NotesRepository,NotesRepository/1[com.kg.notepad.Application],notesList,1
/home/arch_design_predict/download-github-repos/mvvm/repos/Notepad-master/app/src/main/java/com/kg/notepad/NotesRepository.java,com.kg.notepad.NotesRepository,NotesRepository/1[com.kg.notepad.Application],databaseNotes,2
/home/arch_design_predict/download-github-repos/mvvm/repos/Notepad-master/app/src/main/java/com/kg/notepad/NotesRepository.java,com.kg.notepad.NotesRepository,NotesRepository/1[com.kg.notepad.Application],daoInterface,3
/home/arch_design_predict/download-github-repos/mvvm/repos/Notepad-master/app/src/main/java/com/kg/notepad/DetailActivity.java,com.kg.notepad.DetailActivity,"onActivityResult/3[int,int,com.kg.notepad.Intent]",imageUri,2
/home/arch_design_predict/download-github-repos/mvvm/repos/Notepad-master/app/src/main/java/com/kg/notepad/DetailActivity.java,com.kg.notepad.DetailActivity,"onActivityResult/3[int,int,com.kg.notepad.Intent]",imagesBytes,1
/home/arch_design_predict/download-github-repos/mvvm/repos/Notepad-master/app/src/main/java/com/kg/notepad/DetailActivity.java,com.kg.notepad.DetailActivity,"onActivityResult/3[int,int,com.kg.notepad.Intent]",bitmap,2
/home/arch_design_predict/download-github-repos/mvvm/repos/Notepad-master/app/src/main/java/com/kg/notepad/DetailActivity.java,com.kg.notepad.DetailActivity,"onActivityResult/3[int,int,com.kg.notepad.Intent]",imageView,3
/home/arch_design_predict/download-github-repos/mvvm/repos/Notepad-master/app/src/main/java/com/kg/notepad/DetailActivity.java,com.kg.notepad.DetailActivity,"onActivityResult/3[int,int,com.kg.notepad.Intent]",REQUESTCODE,1
/home/arch_design_predict/download-github-repos/mvvm/repos/Notepad-master/app/src/main/java/com/kg/notepad/DetailActivity.java,com.kg.notepad.DetailActivity,onCreate/1[com.kg.notepad.Bundle],date,4
/home/arch_design_predict/download-github-repos/mvvm/repos/Notepad-master/app/src/main/java/com/kg/notepad/DetailActivity.java,com.kg.notepad.DetailActivity,onCreate/1[com.kg.notepad.Bundle],notesViewModel,1
/home/arch_design_predict/download-github-repos/mvvm/repos/Notepad-master/app/src/main/java/com/kg/notepad/DetailActivity.java,com.kg.notepad.DetailActivity,onCreate/1[com.kg.notepad.Bundle],image_close,4
/home/arch_design_predict/download-github-repos/mvvm/repos/Notepad-master/app/src/main/java/com/kg/notepad/DetailActivity.java,com.kg.notepad.DetailActivity,onCreate/1[com.kg.notepad.Bundle],imageView,6
/home/arch_design_predict/download-github-repos/mvvm/repos/Notepad-master/app/src/main/java/com/kg/notepad/DetailActivity.java,com.kg.notepad.DetailActivity,onCreate/1[com.kg.notepad.Bundle],title,4
/home/arch_design_predict/download-github-repos/mvvm/repos/Notepad-master/app/src/main/java/com/kg/notepad/DetailActivity.java,com.kg.notepad.DetailActivity,onCreate/1[com.kg.notepad.Bundle],priority,4
/home/arch_design_predict/download-github-repos/mvvm/repos/Notepad-master/app/src/main/java/com/kg/notepad/DetailActivity.java,com.kg.notepad.DetailActivity,onCreate/1[com.kg.notepad.Bundle],content,4
/home/arch_design_predict/download-github-repos/mvvm/repos/Notepad-master/app/src/main/java/com/kg/notepad/DetailActivity.java,com.kg.notepad.DetailActivity,onCreate/1[com.kg.notepad.Bundle],password,5
/home/arch_design_predict/download-github-repos/mvvm/repos/Notepad-master/app/src/main/java/com/kg/notepad/DetailActivity.java,com.kg.notepad.DetailActivity,onCreate/1[com.kg.notepad.Bundle],imagesBytes,1
/home/arch_design_predict/download-github-repos/mvvm/repos/Notepad-master/app/src/main/java/com/kg/notepad/DetailActivity.java,com.kg.notepad.DetailActivity,onCreate/1[com.kg.notepad.Bundle],image_click,4
/home/arch_design_predict/download-github-repos/mvvm/repos/Notepad-master/app/src/main/java/com/kg/notepad/DetailActivity.java,com.kg.notepad.DetailActivity,onCreate/1[com.kg.notepad.Bundle],bitmap,2
/home/arch_design_predict/download-github-repos/mvvm/repos/Notepad-master/app/src/main/java/com/kg/notepad/DetailActivity.java,com.kg.notepad.DetailActivity,onCreate/1[com.kg.notepad.Bundle],id,1
/home/arch_design_predict/download-github-repos/mvvm/repos/Notepad-master/app/src/main/java/com/kg/notepad/DetailActivity.java,com.kg.notepad.DetailActivity,onCreate/1[com.kg.notepad.Bundle],button_submit,3
/home/arch_design_predict/download-github-repos/mvvm/repos/Notepad-master/app/src/main/java/com/kg/notepad/DetailActivity.java,com.kg.notepad.DetailActivity,checkPermission/0,Code,1
/home/arch_design_predict/download-github-repos/mvvm/repos/Notepad-master/app/src/main/java/com/kg/notepad/DetailActivity.java,com.kg.notepad.DetailActivity,openGallery/0,REQUESTCODE,1
/home/arch_design_predict/download-github-repos/mvvm/repos/Notepad-master/app/src/main/java/com/kg/notepad/Notes.java,com.kg.notepad.Notes,getDate/0,date,1
/home/arch_design_predict/download-github-repos/mvvm/repos/Notepad-master/app/src/main/java/com/kg/notepad/Notes.java,com.kg.notepad.Notes,getId/0,id,1
/home/arch_design_predict/download-github-repos/mvvm/repos/Notepad-master/app/src/main/java/com/kg/notepad/Notes.java,com.kg.notepad.Notes,getPassword/0,password,1
/home/arch_design_predict/download-github-repos/mvvm/repos/Notepad-master/app/src/main/java/com/kg/notepad/Notes.java,com.kg.notepad.Notes,getTitle/0,title,1
/home/arch_design_predict/download-github-repos/mvvm/repos/Notepad-master/app/src/main/java/com/kg/notepad/Notes.java,com.kg.notepad.Notes,getNoteContent/0,noteContent,1
/home/arch_design_predict/download-github-repos/mvvm/repos/Notepad-master/app/src/main/java/com/kg/notepad/Notes.java,com.kg.notepad.Notes,setId/1[int],id,3
/home/arch_design_predict/download-github-repos/mvvm/repos/Notepad-master/app/src/main/java/com/kg/notepad/Notes.java,com.kg.notepad.Notes,getImage/0,image,1
/home/arch_design_predict/download-github-repos/mvvm/repos/Notepad-master/app/src/main/java/com/kg/notepad/Notes.java,com.kg.notepad.Notes,"Notes/6[java.lang.String,java.lang.String,int,java.lang.String,java.lang.String,byte[]]",date,3
/home/arch_design_predict/download-github-repos/mvvm/repos/Notepad-master/app/src/main/java/com/kg/notepad/Notes.java,com.kg.notepad.Notes,"Notes/6[java.lang.String,java.lang.String,int,java.lang.String,java.lang.String,byte[]]",image,3
/home/arch_design_predict/download-github-repos/mvvm/repos/Notepad-master/app/src/main/java/com/kg/notepad/Notes.java,com.kg.notepad.Notes,"Notes/6[java.lang.String,java.lang.String,int,java.lang.String,java.lang.String,byte[]]",noteContent,3
/home/arch_design_predict/download-github-repos/mvvm/repos/Notepad-master/app/src/main/java/com/kg/notepad/Notes.java,com.kg.notepad.Notes,"Notes/6[java.lang.String,java.lang.String,int,java.lang.String,java.lang.String,byte[]]",password,3
/home/arch_design_predict/download-github-repos/mvvm/repos/Notepad-master/app/src/main/java/com/kg/notepad/Notes.java,com.kg.notepad.Notes,"Notes/6[java.lang.String,java.lang.String,int,java.lang.String,java.lang.String,byte[]]",title,3
/home/arch_design_predict/download-github-repos/mvvm/repos/Notepad-master/app/src/main/java/com/kg/notepad/Notes.java,com.kg.notepad.Notes,"Notes/6[java.lang.String,java.lang.String,int,java.lang.String,java.lang.String,byte[]]",priority,3
/home/arch_design_predict/download-github-repos/mvvm/repos/Notepad-master/app/src/main/java/com/kg/notepad/Notes.java,com.kg.notepad.Notes,getPriority/0,priority,1
/home/arch_design_predict/download-github-repos/mvvm/repos/Notepad-master/app/src/main/java/com/kg/notepad/NotesAdapter.java,com.kg.notepad.NotesAdapter$NotesHolder,NotesHolder/1[com.kg.notepad.View],text_date,2
/home/arch_design_predict/download-github-repos/mvvm/repos/Notepad-master/app/src/main/java/com/kg/notepad/NotesAdapter.java,com.kg.notepad.NotesAdapter$NotesHolder,NotesHolder/1[com.kg.notepad.View],text_title,2
/home/arch_design_predict/download-github-repos/mvvm/repos/Notepad-master/app/src/main/java/com/kg/notepad/NotesAdapter.java,com.kg.notepad.NotesAdapter$NotesHolder,NotesHolder/1[com.kg.notepad.View],text_password,2
/home/arch_design_predict/download-github-repos/mvvm/repos/Notepad-master/app/src/main/java/com/kg/notepad/NotesAdapter.java,com.kg.notepad.NotesAdapter$NotesHolder,NotesHolder/1[com.kg.notepad.View],cardView,2
/home/arch_design_predict/download-github-repos/mvvm/repos/Notepad-master/app/src/main/java/com/kg/notepad/NotesAdapter.java,com.kg.notepad.NotesAdapter$NotesHolder,NotesHolder/1[com.kg.notepad.View],text_priority,2
/home/arch_design_predict/download-github-repos/mvvm/repos/Notepad-master/app/src/main/java/com/kg/notepad/NotesActivity.java,com.kg.notepad.NotesActivity,checkPermission/0,Code,1
/home/arch_design_predict/download-github-repos/mvvm/repos/Notepad-master/app/src/main/java/com/kg/notepad/NotesActivity.java,com.kg.notepad.NotesActivity,onCreate/1[com.kg.notepad.Bundle],edit_content,2
/home/arch_design_predict/download-github-repos/mvvm/repos/Notepad-master/app/src/main/java/com/kg/notepad/NotesActivity.java,com.kg.notepad.NotesActivity,onCreate/1[com.kg.notepad.Bundle],edit_title,1
/home/arch_design_predict/download-github-repos/mvvm/repos/Notepad-master/app/src/main/java/com/kg/notepad/NotesActivity.java,com.kg.notepad.NotesActivity,onCreate/1[com.kg.notepad.Bundle],notesViewModel,1
/home/arch_design_predict/download-github-repos/mvvm/repos/Notepad-master/app/src/main/java/com/kg/notepad/NotesActivity.java,com.kg.notepad.NotesActivity,onCreate/1[com.kg.notepad.Bundle],edit_priority,2
/home/arch_design_predict/download-github-repos/mvvm/repos/Notepad-master/app/src/main/java/com/kg/notepad/NotesActivity.java,com.kg.notepad.NotesActivity,onCreate/1[com.kg.notepad.Bundle],temp_image,2
/home/arch_design_predict/download-github-repos/mvvm/repos/Notepad-master/app/src/main/java/com/kg/notepad/NotesActivity.java,com.kg.notepad.NotesActivity,onCreate/1[com.kg.notepad.Bundle],edit_password,2
/home/arch_design_predict/download-github-repos/mvvm/repos/Notepad-master/app/src/main/java/com/kg/notepad/NotesActivity.java,com.kg.notepad.NotesActivity,onCreate/1[com.kg.notepad.Bundle],imageView,4
/home/arch_design_predict/download-github-repos/mvvm/repos/Notepad-master/app/src/main/java/com/kg/notepad/NotesActivity.java,com.kg.notepad.NotesActivity,onCreate/1[com.kg.notepad.Bundle],button_submit,3
/home/arch_design_predict/download-github-repos/mvvm/repos/Notepad-master/app/src/main/java/com/kg/notepad/NotesActivity.java,com.kg.notepad.NotesActivity,openGallery/0,REQUESTCODE,1
/home/arch_design_predict/download-github-repos/mvvm/repos/Notepad-master/app/src/main/java/com/kg/notepad/NotesActivity.java,com.kg.notepad.NotesActivity,"onActivityResult/3[int,int,com.kg.notepad.Intent]",imageUri,2
/home/arch_design_predict/download-github-repos/mvvm/repos/Notepad-master/app/src/main/java/com/kg/notepad/NotesActivity.java,com.kg.notepad.NotesActivity,"onActivityResult/3[int,int,com.kg.notepad.Intent]",imageView,2
/home/arch_design_predict/download-github-repos/mvvm/repos/Notepad-master/app/src/main/java/com/kg/notepad/NotesActivity.java,com.kg.notepad.NotesActivity,"onActivityResult/3[int,int,com.kg.notepad.Intent]",REQUESTCODE,1
/home/arch_design_predict/download-github-repos/mvvm/repos/Notepad-master/app/src/main/java/com/kg/notepad/DatabaseNotes.java,com.kg.notepad.DatabaseNotes,getInstance/1[com.kg.notepad.Context],Instance,3
/home/arch_design_predict/download-github-repos/mvvm/repos/Notepad-master/app/src/main/java/com/kg/notepad/MainActivity.java,com.kg.notepad.MainActivity,onCreate/1[com.kg.notepad.Bundle],notesViewModel,2
/home/arch_design_predict/download-github-repos/mvvm/repos/Notepad-master/app/src/main/java/com/kg/notepad/MainActivity.java,com.kg.notepad.MainActivity,onCreate/1[com.kg.notepad.Bundle],adapter,3
/home/arch_design_predict/download-github-repos/mvvm/repos/Notepad-master/app/src/main/java/com/kg/notepad/MainActivity.java,com.kg.notepad.MainActivity,onCreate/1[com.kg.notepad.Bundle],recyclerView,5
/home/arch_design_predict/download-github-repos/mvvm/repos/Notepad-master/app/src/main/java/com/kg/notepad/MainActivity.java,com.kg.notepad.MainActivity,onCreate/1[com.kg.notepad.Bundle],floatingActionButton,2
/home/arch_design_predict/download-github-repos/mvvm/repos/Notepad-master/app/src/main/java/com/kg/notepad/MainActivity.java,com.kg.notepad.MainActivity,onOptionsItemSelected/1[com.kg.notepad.MenuItem],notesViewModel,1
/home/arch_design_predict/download-github-repos/mvvm/repos/Notepad-master/app/src/main/java/com/kg/notepad/NotesAdapter.java,com.kg.notepad.NotesAdapter,getNote/1[int],notes,1
/home/arch_design_predict/download-github-repos/mvvm/repos/Notepad-master/app/src/main/java/com/kg/notepad/NotesAdapter.java,com.kg.notepad.NotesAdapter,setNotes/1[java.util.List<com.kg.notepad.Notes>],notes,3
/home/arch_design_predict/download-github-repos/mvvm/repos/Notepad-master/app/src/main/java/com/kg/notepad/NotesAdapter.java,com.kg.notepad.NotesAdapter,getItemCount/0,notes,1
/home/arch_design_predict/download-github-repos/mvvm/repos/Notepad-master/app/src/main/java/com/kg/notepad/NotesAdapter.java,com.kg.notepad.NotesAdapter,NotesAdapter/1[com.kg.notepad.Context],context,3
/home/arch_design_predict/download-github-repos/mvvm/repos/Notepad-master/app/src/main/java/com/kg/notepad/NotesAdapter.java,com.kg.notepad.NotesAdapter,"onBindViewHolder/2[com.kg.notepad.NotesAdapter.NotesHolder,int]",notes,1
/home/arch_design_predict/download-github-repos/mvvm/repos/Notepad-master/app/src/main/java/com/kg/notepad/NotesAdapter.java,com.kg.notepad.NotesAdapter,setOnClickListener/1[com.kg.notepad.NotesAdapter.clickListener],listener,3
/home/arch_design_predict/download-github-repos/mvvm/repos/Notepad-master/app/src/main/java/com/kg/notepad/NotesViewModel.java,com.kg.notepad.NotesViewModel,NotesViewModel/1[com.kg.notepad.Application],notesList,1
/home/arch_design_predict/download-github-repos/mvvm/repos/Notepad-master/app/src/main/java/com/kg/notepad/NotesViewModel.java,com.kg.notepad.NotesViewModel,NotesViewModel/1[com.kg.notepad.Application],notesRepository,2
/home/arch_design_predict/download-github-repos/mvvm/repos/Notepad-master/app/src/main/java/com/kg/notepad/NotesViewModel.java,com.kg.notepad.NotesViewModel,deleteAllNotes/0,notesRepository,1
/home/arch_design_predict/download-github-repos/mvvm/repos/Notepad-master/app/src/main/java/com/kg/notepad/NotesViewModel.java,com.kg.notepad.NotesViewModel,delete/1[com.kg.notepad.Notes],notesRepository,1
/home/arch_design_predict/download-github-repos/mvvm/repos/Notepad-master/app/src/main/java/com/kg/notepad/NotesViewModel.java,com.kg.notepad.NotesViewModel,insert/1[com.kg.notepad.Notes],notesRepository,1
/home/arch_design_predict/download-github-repos/mvvm/repos/Notepad-master/app/src/main/java/com/kg/notepad/NotesViewModel.java,com.kg.notepad.NotesViewModel,update/1[com.kg.notepad.Notes],notesRepository,1
/home/arch_design_predict/download-github-repos/mvvm/repos/Notepad-master/app/src/main/java/com/kg/notepad/NotesViewModel.java,com.kg.notepad.NotesViewModel,getNotesList/0,notesList,1
