file,class,method,variable,usage
/home/arch_design_predict/download-github-repos/mvvm/repos/Android-MVVM-NBA-master/app/src/main/java/com/rebecasarai/room/Repositories/MainActivityRepository.java,com.rebecasarai.room.Repositories.MainActivityRepository$getStadium,doInBackground/1[java.lang.Integer[]],mStadiumDb,1
/home/arch_design_predict/download-github-repos/mvvm/repos/Android-MVVM-NBA-master/app/src/main/java/com/rebecasarai/room/Repositories/MainActivityRepository.java,com.rebecasarai.room.Repositories.MainActivityRepository$getStadium,doInBackground/1[java.lang.Integer[]],stadium,2
/home/arch_design_predict/download-github-repos/mvvm/repos/Android-MVVM-NBA-master/app/src/main/java/com/rebecasarai/room/Repositories/MainActivityRepository.java,com.rebecasarai.room.Repositories.MainActivityRepository$getStadium,onPostExecute/1[com.rebecasarai.room.models.Stadium],stadium,2
/home/arch_design_predict/download-github-repos/mvvm/repos/Android-MVVM-NBA-master/app/src/main/java/com/rebecasarai/room/Repositories/MainActivityRepository.java,com.rebecasarai.room.Repositories.MainActivityRepository$getStadium,getStadium/1[com.rebecasarai.room.DAO.StadiumDao],mStadiumDb,1
/home/arch_design_predict/download-github-repos/mvvm/repos/Android-MVVM-NBA-master/app/src/main/java/com/rebecasarai/room/Fragments/PruebaFragment.java,com.rebecasarai.room.Fragments.PruebaFragment,getTexto/0,texto,1
/home/arch_design_predict/download-github-repos/mvvm/repos/Android-MVVM-NBA-master/app/src/main/java/com/rebecasarai/room/Fragments/PruebaFragment.java,com.rebecasarai.room.Fragments.PruebaFragment,"onCreateView/3[android.view.LayoutInflater,android.view.ViewGroup,android.os.Bundle]",texto,1
/home/arch_design_predict/download-github-repos/mvvm/repos/Android-MVVM-NBA-master/app/src/main/java/com/rebecasarai/room/Fragments/PruebaFragment.java,com.rebecasarai.room.Fragments.PruebaFragment,"onCreateView/3[android.view.LayoutInflater,android.view.ViewGroup,android.os.Bundle]",mViewModel,2
/home/arch_design_predict/download-github-repos/mvvm/repos/Android-MVVM-NBA-master/app/src/main/java/com/rebecasarai/room/Fragments/PruebaFragment.java,com.rebecasarai.room.Fragments.PruebaFragment,"onCreateView/3[android.view.LayoutInflater,android.view.ViewGroup,android.os.Bundle]",rootView,3
/home/arch_design_predict/download-github-repos/mvvm/repos/Android-MVVM-NBA-master/app/src/main/java/com/rebecasarai/room/Fragments/PruebaFragment.java,com.rebecasarai.room.Fragments.PruebaFragment,setTexto/1[java.lang.String],texto,3
/home/arch_design_predict/download-github-repos/mvvm/repos/Android-MVVM-NBA-master/app/src/main/java/com/rebecasarai/room/Repositories/MainActivityRepository.java,com.rebecasarai.room.Repositories.MainActivityRepository$InsertTeamAsyncTask,doInBackground/1[com.rebecasarai.room.models.Team[]],mTeamDao,1
/home/arch_design_predict/download-github-repos/mvvm/repos/Android-MVVM-NBA-master/app/src/main/java/com/rebecasarai/room/Repositories/MainActivityRepository.java,com.rebecasarai.room.Repositories.MainActivityRepository$InsertTeamAsyncTask,InsertTeamAsyncTask/1[com.rebecasarai.room.DAO.TeamDao],mTeamDao,1
/home/arch_design_predict/download-github-repos/mvvm/repos/Android-MVVM-NBA-master/app/src/main/java/com/rebecasarai/room/AppDatabase.java,com.rebecasarai.room.AppDatabase,getAppDatabase/1[android.content.Context],INSTANCE,3
/home/arch_design_predict/download-github-repos/mvvm/repos/Android-MVVM-NBA-master/app/src/main/java/com/rebecasarai/room/Activities/CustomTabbedActivity.java,com.rebecasarai.room.Activities.CustomTabbedActivity,onCreate/1[android.os.Bundle],mFragmentsVM,1
/home/arch_design_predict/download-github-repos/mvvm/repos/Android-MVVM-NBA-master/app/src/main/java/com/rebecasarai/room/Activities/CustomTabbedActivity.java,com.rebecasarai.room.Activities.CustomTabbedActivity,onCreate/1[android.os.Bundle],mBtnNext,2
/home/arch_design_predict/download-github-repos/mvvm/repos/Android-MVVM-NBA-master/app/src/main/java/com/rebecasarai/room/Activities/CustomTabbedActivity.java,com.rebecasarai.room.Activities.CustomTabbedActivity,onCreate/1[android.os.Bundle],mBtnPrev,2
/home/arch_design_predict/download-github-repos/mvvm/repos/Android-MVVM-NBA-master/app/src/main/java/com/rebecasarai/room/Activities/CustomTabbedActivity.java,com.rebecasarai.room.Activities.CustomTabbedActivity,onCreate/1[android.os.Bundle],fragmentManager,2
/home/arch_design_predict/download-github-repos/mvvm/repos/Android-MVVM-NBA-master/app/src/main/java/com/rebecasarai/room/Fragments/dummy/DummyContent.java,com.rebecasarai.room.Fragments.dummy.DummyContent$DummyItem,"DummyItem/3[java.lang.String,java.lang.String,java.lang.String]",details,3
/home/arch_design_predict/download-github-repos/mvvm/repos/Android-MVVM-NBA-master/app/src/main/java/com/rebecasarai/room/Fragments/dummy/DummyContent.java,com.rebecasarai.room.Fragments.dummy.DummyContent$DummyItem,"DummyItem/3[java.lang.String,java.lang.String,java.lang.String]",id,3
/home/arch_design_predict/download-github-repos/mvvm/repos/Android-MVVM-NBA-master/app/src/main/java/com/rebecasarai/room/Fragments/dummy/DummyContent.java,com.rebecasarai.room.Fragments.dummy.DummyContent$DummyItem,"DummyItem/3[java.lang.String,java.lang.String,java.lang.String]",content,3
/home/arch_design_predict/download-github-repos/mvvm/repos/Android-MVVM-NBA-master/app/src/main/java/com/rebecasarai/room/Fragments/dummy/DummyContent.java,com.rebecasarai.room.Fragments.dummy.DummyContent$DummyItem,toString/0,content,1
/home/arch_design_predict/download-github-repos/mvvm/repos/Android-MVVM-NBA-master/app/src/main/java/com/rebecasarai/room/Activities/LoginActivity.java,com.rebecasarai.room.Activities.LoginActivity$UserLoginTask,"UserLoginTask/2[java.lang.String,java.lang.String]",mEmail,1
/home/arch_design_predict/download-github-repos/mvvm/repos/Android-MVVM-NBA-master/app/src/main/java/com/rebecasarai/room/Activities/LoginActivity.java,com.rebecasarai.room.Activities.LoginActivity$UserLoginTask,"UserLoginTask/2[java.lang.String,java.lang.String]",mPassword,1
/home/arch_design_predict/download-github-repos/mvvm/repos/Android-MVVM-NBA-master/app/src/main/java/com/rebecasarai/room/Activities/LoginActivity.java,com.rebecasarai.room.Activities.LoginActivity$UserLoginTask,doInBackground/1[java.lang.Void[]],mEmail,1
/home/arch_design_predict/download-github-repos/mvvm/repos/Android-MVVM-NBA-master/app/src/main/java/com/rebecasarai/room/Activities/LoginActivity.java,com.rebecasarai.room.Activities.LoginActivity$UserLoginTask,doInBackground/1[java.lang.Void[]],mPassword,1
/home/arch_design_predict/download-github-repos/mvvm/repos/Android-MVVM-NBA-master/app/src/main/java/com/rebecasarai/room/Views/TeamAdaptera.java,com.rebecasarai.room.Views.TeamAdaptera,"getView/3[int,android.view.View,android.view.ViewGroup]",team,5
/home/arch_design_predict/download-github-repos/mvvm/repos/Android-MVVM-NBA-master/app/src/main/java/com/rebecasarai/room/Views/TeamAdaptera.java,com.rebecasarai.room.Views.TeamAdaptera,setData/1[java.util.List<com.rebecasarai.room.models.Team>],teams,3
/home/arch_design_predict/download-github-repos/mvvm/repos/Android-MVVM-NBA-master/app/src/main/java/com/rebecasarai/room/Views/TeamAdaptera.java,com.rebecasarai.room.Views.TeamAdaptera,"TeamAdaptera/3[android.content.Context,com.rebecasarai.room.ViewModels.MainActivityVM,java.util.List<com.rebecasarai.room.models.Team>]",mViewModel,3
/home/arch_design_predict/download-github-repos/mvvm/repos/Android-MVVM-NBA-master/app/src/main/java/com/rebecasarai/room/Views/TeamAdaptera.java,com.rebecasarai.room.Views.TeamAdaptera,"TeamAdaptera/3[android.content.Context,com.rebecasarai.room.ViewModels.MainActivityVM,java.util.List<com.rebecasarai.room.models.Team>]",teams,4
/home/arch_design_predict/download-github-repos/mvvm/repos/Android-MVVM-NBA-master/app/src/main/java/com/rebecasarai/room/Views/TeamAdaptera.java,com.rebecasarai.room.Views.TeamAdaptera,"TeamAdaptera/3[android.content.Context,com.rebecasarai.room.ViewModels.MainActivityVM,java.util.List<com.rebecasarai.room.models.Team>]",context,4
/home/arch_design_predict/download-github-repos/mvvm/repos/Android-MVVM-NBA-master/app/src/main/java/com/rebecasarai/room/Views/TeamAdaptera.java,com.rebecasarai.room.Views.TeamAdaptera,getItem/1[int],teams,1
/home/arch_design_predict/download-github-repos/mvvm/repos/Android-MVVM-NBA-master/app/src/main/java/com/rebecasarai/room/Views/TeamAdaptera.java,com.rebecasarai.room.Views.TeamAdaptera,getItemId/1[int],teams,1
/home/arch_design_predict/download-github-repos/mvvm/repos/Android-MVVM-NBA-master/app/src/main/java/com/rebecasarai/room/ViewModels/EditTeamVM.java,com.rebecasarai.room.ViewModels.EditTeamVM,getmTeams/0,mTeams,1
/home/arch_design_predict/download-github-repos/mvvm/repos/Android-MVVM-NBA-master/app/src/main/java/com/rebecasarai/room/ViewModels/EditTeamVM.java,com.rebecasarai.room.ViewModels.EditTeamVM,EditTeamVM/1[android.app.Application],mTeams,1
/home/arch_design_predict/download-github-repos/mvvm/repos/Android-MVVM-NBA-master/app/src/main/java/com/rebecasarai/room/ViewModels/EditTeamVM.java,com.rebecasarai.room.ViewModels.EditTeamVM,EditTeamVM/1[android.app.Application],mRepo,2
/home/arch_design_predict/download-github-repos/mvvm/repos/Android-MVVM-NBA-master/app/src/main/java/com/rebecasarai/room/ViewModels/EditTeamVM.java,com.rebecasarai.room.ViewModels.EditTeamVM,updateTeam/1[com.rebecasarai.room.models.Team],mRepo,1
/home/arch_design_predict/download-github-repos/mvvm/repos/Android-MVVM-NBA-master/app/src/main/java/com/rebecasarai/room/ViewModels/AddTeamVM.java,com.rebecasarai.room.ViewModels.AddTeamVM,insertTeam/1[com.rebecasarai.room.models.Team],mRespository,1
/home/arch_design_predict/download-github-repos/mvvm/repos/Android-MVVM-NBA-master/app/src/main/java/com/rebecasarai/room/ViewModels/AddTeamVM.java,com.rebecasarai.room.ViewModels.AddTeamVM,getmTeams/0,mTeams,1
/home/arch_design_predict/download-github-repos/mvvm/repos/Android-MVVM-NBA-master/app/src/main/java/com/rebecasarai/room/ViewModels/AddTeamVM.java,com.rebecasarai.room.ViewModels.AddTeamVM,getmStadiums/0,mStadiums,1
/home/arch_design_predict/download-github-repos/mvvm/repos/Android-MVVM-NBA-master/app/src/main/java/com/rebecasarai/room/ViewModels/AddTeamVM.java,com.rebecasarai.room.ViewModels.AddTeamVM,AddTeamVM/1[android.app.Application],mStadiums,1
/home/arch_design_predict/download-github-repos/mvvm/repos/Android-MVVM-NBA-master/app/src/main/java/com/rebecasarai/room/ViewModels/AddTeamVM.java,com.rebecasarai.room.ViewModels.AddTeamVM,AddTeamVM/1[android.app.Application],mRespository,3
/home/arch_design_predict/download-github-repos/mvvm/repos/Android-MVVM-NBA-master/app/src/main/java/com/rebecasarai/room/ViewModels/AddTeamVM.java,com.rebecasarai.room.ViewModels.AddTeamVM,AddTeamVM/1[android.app.Application],mTeams,1
/home/arch_design_predict/download-github-repos/mvvm/repos/Android-MVVM-NBA-master/app/build/generated/source/apt/debug/com/rebecasarai/room/DAO/PlayerDao_Impl.java,com.rebecasarai.room.DAO.PlayerDao_Impl,PlayerDao_Impl/1[com.rebecasarai.room.DAO.RoomDatabase],__db,3
/home/arch_design_predict/download-github-repos/mvvm/repos/Android-MVVM-NBA-master/app/src/main/java/com/rebecasarai/room/models/Player.java,com.rebecasarai.room.models.Player,getDirectionPlayer/0,directionPlayer,1
/home/arch_design_predict/download-github-repos/mvvm/repos/Android-MVVM-NBA-master/app/src/main/java/com/rebecasarai/room/models/Player.java,com.rebecasarai.room.models.Player,setDirectionPlayer/1[java.lang.String],directionPlayer,3
/home/arch_design_predict/download-github-repos/mvvm/repos/Android-MVVM-NBA-master/app/src/main/java/com/rebecasarai/room/models/Player.java,com.rebecasarai.room.models.Player,getDescriptionPlayer/0,descriptionPlayer,1
/home/arch_design_predict/download-github-repos/mvvm/repos/Android-MVVM-NBA-master/app/src/main/java/com/rebecasarai/room/models/Player.java,com.rebecasarai.room.models.Player,"writeToParcel/2[android.os.Parcel,int]",descriptionPlayer,1
/home/arch_design_predict/download-github-repos/mvvm/repos/Android-MVVM-NBA-master/app/src/main/java/com/rebecasarai/room/models/Player.java,com.rebecasarai.room.models.Player,"writeToParcel/2[android.os.Parcel,int]",idPlayer,1
/home/arch_design_predict/download-github-repos/mvvm/repos/Android-MVVM-NBA-master/app/src/main/java/com/rebecasarai/room/models/Player.java,com.rebecasarai.room.models.Player,"writeToParcel/2[android.os.Parcel,int]",namePlayer,1
/home/arch_design_predict/download-github-repos/mvvm/repos/Android-MVVM-NBA-master/app/src/main/java/com/rebecasarai/room/models/Player.java,com.rebecasarai.room.models.Player,"writeToParcel/2[android.os.Parcel,int]",directionPlayer,1
/home/arch_design_predict/download-github-repos/mvvm/repos/Android-MVVM-NBA-master/app/src/main/java/com/rebecasarai/room/models/Player.java,com.rebecasarai.room.models.Player,"writeToParcel/2[android.os.Parcel,int]",idTeam,1
/home/arch_design_predict/download-github-repos/mvvm/repos/Android-MVVM-NBA-master/app/src/main/java/com/rebecasarai/room/models/Player.java,com.rebecasarai.room.models.Player,"writeToParcel/2[android.os.Parcel,int]",imagePlayer,1
/home/arch_design_predict/download-github-repos/mvvm/repos/Android-MVVM-NBA-master/app/src/main/java/com/rebecasarai/room/models/Player.java,com.rebecasarai.room.models.Player,setIdTeam/1[int],idTeam,3
/home/arch_design_predict/download-github-repos/mvvm/repos/Android-MVVM-NBA-master/app/src/main/java/com/rebecasarai/room/models/Player.java,com.rebecasarai.room.models.Player,setIdPlayer/1[int],idPlayer,3
/home/arch_design_predict/download-github-repos/mvvm/repos/Android-MVVM-NBA-master/app/src/main/java/com/rebecasarai/room/models/Player.java,com.rebecasarai.room.models.Player,getNamePlayer/0,namePlayer,1
/home/arch_design_predict/download-github-repos/mvvm/repos/Android-MVVM-NBA-master/app/src/main/java/com/rebecasarai/room/models/Player.java,com.rebecasarai.room.models.Player,"Player/5[java.lang.String,java.lang.String,java.lang.String,int,int]",descriptionPlayer,3
/home/arch_design_predict/download-github-repos/mvvm/repos/Android-MVVM-NBA-master/app/src/main/java/com/rebecasarai/room/models/Player.java,com.rebecasarai.room.models.Player,"Player/5[java.lang.String,java.lang.String,java.lang.String,int,int]",namePlayer,3
/home/arch_design_predict/download-github-repos/mvvm/repos/Android-MVVM-NBA-master/app/src/main/java/com/rebecasarai/room/models/Player.java,com.rebecasarai.room.models.Player,"Player/5[java.lang.String,java.lang.String,java.lang.String,int,int]",directionPlayer,3
/home/arch_design_predict/download-github-repos/mvvm/repos/Android-MVVM-NBA-master/app/src/main/java/com/rebecasarai/room/models/Player.java,com.rebecasarai.room.models.Player,"Player/5[java.lang.String,java.lang.String,java.lang.String,int,int]",idTeam,3
/home/arch_design_predict/download-github-repos/mvvm/repos/Android-MVVM-NBA-master/app/src/main/java/com/rebecasarai/room/models/Player.java,com.rebecasarai.room.models.Player,"Player/5[java.lang.String,java.lang.String,java.lang.String,int,int]",imagePlayer,3
/home/arch_design_predict/download-github-repos/mvvm/repos/Android-MVVM-NBA-master/app/src/main/java/com/rebecasarai/room/models/Player.java,com.rebecasarai.room.models.Player,getImagePlayer/0,imagePlayer,1
/home/arch_design_predict/download-github-repos/mvvm/repos/Android-MVVM-NBA-master/app/src/main/java/com/rebecasarai/room/models/Player.java,com.rebecasarai.room.models.Player,getIdTeam/0,idTeam,1
/home/arch_design_predict/download-github-repos/mvvm/repos/Android-MVVM-NBA-master/app/src/main/java/com/rebecasarai/room/models/Player.java,com.rebecasarai.room.models.Player,setDescriptionPlayer/1[java.lang.String],descriptionPlayer,3
/home/arch_design_predict/download-github-repos/mvvm/repos/Android-MVVM-NBA-master/app/src/main/java/com/rebecasarai/room/models/Player.java,com.rebecasarai.room.models.Player,getIdPlayer/0,idPlayer,1
/home/arch_design_predict/download-github-repos/mvvm/repos/Android-MVVM-NBA-master/app/src/main/java/com/rebecasarai/room/models/Player.java,com.rebecasarai.room.models.Player,setNamePlayer/1[java.lang.String],namePlayer,3
/home/arch_design_predict/download-github-repos/mvvm/repos/Android-MVVM-NBA-master/app/src/main/java/com/rebecasarai/room/models/Player.java,com.rebecasarai.room.models.Player,Player/1[android.os.Parcel],descriptionPlayer,1
/home/arch_design_predict/download-github-repos/mvvm/repos/Android-MVVM-NBA-master/app/src/main/java/com/rebecasarai/room/models/Player.java,com.rebecasarai.room.models.Player,Player/1[android.os.Parcel],idPlayer,1
/home/arch_design_predict/download-github-repos/mvvm/repos/Android-MVVM-NBA-master/app/src/main/java/com/rebecasarai/room/models/Player.java,com.rebecasarai.room.models.Player,Player/1[android.os.Parcel],namePlayer,1
/home/arch_design_predict/download-github-repos/mvvm/repos/Android-MVVM-NBA-master/app/src/main/java/com/rebecasarai/room/models/Player.java,com.rebecasarai.room.models.Player,Player/1[android.os.Parcel],directionPlayer,1
/home/arch_design_predict/download-github-repos/mvvm/repos/Android-MVVM-NBA-master/app/src/main/java/com/rebecasarai/room/models/Player.java,com.rebecasarai.room.models.Player,Player/1[android.os.Parcel],idTeam,1
/home/arch_design_predict/download-github-repos/mvvm/repos/Android-MVVM-NBA-master/app/src/main/java/com/rebecasarai/room/models/Player.java,com.rebecasarai.room.models.Player,Player/1[android.os.Parcel],imagePlayer,1
/home/arch_design_predict/download-github-repos/mvvm/repos/Android-MVVM-NBA-master/app/src/main/java/com/rebecasarai/room/models/Player.java,com.rebecasarai.room.models.Player,setImagePlayer/1[int],imagePlayer,3
/home/arch_design_predict/download-github-repos/mvvm/repos/Android-MVVM-NBA-master/app/src/main/java/com/rebecasarai/room/Fragments/dummy/DummyContent.java,com.rebecasarai.room.Fragments.dummy.DummyContent,addItem/1[com.rebecasarai.room.Fragments.dummy.DummyContent.DummyItem],ITEM_MAP,1
/home/arch_design_predict/download-github-repos/mvvm/repos/Android-MVVM-NBA-master/app/src/main/java/com/rebecasarai/room/Fragments/dummy/DummyContent.java,com.rebecasarai.room.Fragments.dummy.DummyContent,addItem/1[com.rebecasarai.room.Fragments.dummy.DummyContent.DummyItem],ITEMS,1
/home/arch_design_predict/download-github-repos/mvvm/repos/Android-MVVM-NBA-master/app/build/generated/source/apt/debug/com/rebecasarai/room/DAO/StadiumDao_Impl.java,com.rebecasarai.room.DAO.StadiumDao_Impl,StadiumDao_Impl/1[com.rebecasarai.room.DAO.RoomDatabase],__deletionAdapterOfStadium,1
/home/arch_design_predict/download-github-repos/mvvm/repos/Android-MVVM-NBA-master/app/build/generated/source/apt/debug/com/rebecasarai/room/DAO/StadiumDao_Impl.java,com.rebecasarai.room.DAO.StadiumDao_Impl,StadiumDao_Impl/1[com.rebecasarai.room.DAO.RoomDatabase],__insertionAdapterOfStadium_1,1
/home/arch_design_predict/download-github-repos/mvvm/repos/Android-MVVM-NBA-master/app/build/generated/source/apt/debug/com/rebecasarai/room/DAO/StadiumDao_Impl.java,com.rebecasarai.room.DAO.StadiumDao_Impl,StadiumDao_Impl/1[com.rebecasarai.room.DAO.RoomDatabase],__db,6
/home/arch_design_predict/download-github-repos/mvvm/repos/Android-MVVM-NBA-master/app/build/generated/source/apt/debug/com/rebecasarai/room/DAO/StadiumDao_Impl.java,com.rebecasarai.room.DAO.StadiumDao_Impl,StadiumDao_Impl/1[com.rebecasarai.room.DAO.RoomDatabase],__insertionAdapterOfStadium,1
/home/arch_design_predict/download-github-repos/mvvm/repos/Android-MVVM-NBA-master/app/build/generated/source/apt/debug/com/rebecasarai/room/DAO/StadiumDao_Impl.java,com.rebecasarai.room.DAO.StadiumDao_Impl,getStadiumPimero/0,__db,1
/home/arch_design_predict/download-github-repos/mvvm/repos/Android-MVVM-NBA-master/app/build/generated/source/apt/debug/com/rebecasarai/room/DAO/StadiumDao_Impl.java,com.rebecasarai.room.DAO.StadiumDao_Impl,insertAll/1[com.rebecasarai.room.models.Stadium[]],__db,3
/home/arch_design_predict/download-github-repos/mvvm/repos/Android-MVVM-NBA-master/app/build/generated/source/apt/debug/com/rebecasarai/room/DAO/StadiumDao_Impl.java,com.rebecasarai.room.DAO.StadiumDao_Impl,insertAll/1[com.rebecasarai.room.models.Stadium[]],__insertionAdapterOfStadium,1
/home/arch_design_predict/download-github-repos/mvvm/repos/Android-MVVM-NBA-master/app/build/generated/source/apt/debug/com/rebecasarai/room/DAO/StadiumDao_Impl.java,com.rebecasarai.room.DAO.StadiumDao_Impl,insertStadium/1[com.rebecasarai.room.models.Stadium],__insertionAdapterOfStadium_1,1
/home/arch_design_predict/download-github-repos/mvvm/repos/Android-MVVM-NBA-master/app/build/generated/source/apt/debug/com/rebecasarai/room/DAO/StadiumDao_Impl.java,com.rebecasarai.room.DAO.StadiumDao_Impl,insertStadium/1[com.rebecasarai.room.models.Stadium],__db,3
/home/arch_design_predict/download-github-repos/mvvm/repos/Android-MVVM-NBA-master/app/build/generated/source/apt/debug/com/rebecasarai/room/DAO/StadiumDao_Impl.java,com.rebecasarai.room.DAO.StadiumDao_Impl,getStadium/1[int],__db,1
/home/arch_design_predict/download-github-repos/mvvm/repos/Android-MVVM-NBA-master/app/build/generated/source/apt/debug/com/rebecasarai/room/DAO/StadiumDao_Impl.java,com.rebecasarai.room.DAO.StadiumDao_Impl,delete/1[com.rebecasarai.room.models.Stadium],__deletionAdapterOfStadium,1
/home/arch_design_predict/download-github-repos/mvvm/repos/Android-MVVM-NBA-master/app/build/generated/source/apt/debug/com/rebecasarai/room/DAO/StadiumDao_Impl.java,com.rebecasarai.room.DAO.StadiumDao_Impl,delete/1[com.rebecasarai.room.models.Stadium],__db,3
/home/arch_design_predict/download-github-repos/mvvm/repos/Android-MVVM-NBA-master/app/src/main/java/com/rebecasarai/room/Views/SimpleViewHolder.java,com.rebecasarai.room.Views.SimpleViewHolder,getCargo/0,cargo,1
/home/arch_design_predict/download-github-repos/mvvm/repos/Android-MVVM-NBA-master/app/src/main/java/com/rebecasarai/room/Views/SimpleViewHolder.java,com.rebecasarai.room.Views.SimpleViewHolder,setImg/1[android.widget.ImageView],img,3
/home/arch_design_predict/download-github-repos/mvvm/repos/Android-MVVM-NBA-master/app/src/main/java/com/rebecasarai/room/Views/SimpleViewHolder.java,com.rebecasarai.room.Views.SimpleViewHolder,"SimpleViewHolder/5[android.view.View,int,int,int,int]",img,1
/home/arch_design_predict/download-github-repos/mvvm/repos/Android-MVVM-NBA-master/app/src/main/java/com/rebecasarai/room/Views/SimpleViewHolder.java,com.rebecasarai.room.Views.SimpleViewHolder,"SimpleViewHolder/5[android.view.View,int,int,int,int]",apellido,1
/home/arch_design_predict/download-github-repos/mvvm/repos/Android-MVVM-NBA-master/app/src/main/java/com/rebecasarai/room/Views/SimpleViewHolder.java,com.rebecasarai.room.Views.SimpleViewHolder,"SimpleViewHolder/5[android.view.View,int,int,int,int]",cargo,1
/home/arch_design_predict/download-github-repos/mvvm/repos/Android-MVVM-NBA-master/app/src/main/java/com/rebecasarai/room/Views/SimpleViewHolder.java,com.rebecasarai.room.Views.SimpleViewHolder,"SimpleViewHolder/5[android.view.View,int,int,int,int]",nombre,1
/home/arch_design_predict/download-github-repos/mvvm/repos/Android-MVVM-NBA-master/app/src/main/java/com/rebecasarai/room/Views/SimpleViewHolder.java,com.rebecasarai.room.Views.SimpleViewHolder,getImg/0,img,1
/home/arch_design_predict/download-github-repos/mvvm/repos/Android-MVVM-NBA-master/app/src/main/java/com/rebecasarai/room/Views/SimpleViewHolder.java,com.rebecasarai.room.Views.SimpleViewHolder,setDelete/1[android.widget.ImageView],delete,3
/home/arch_design_predict/download-github-repos/mvvm/repos/Android-MVVM-NBA-master/app/src/main/java/com/rebecasarai/room/Views/SimpleViewHolder.java,com.rebecasarai.room.Views.SimpleViewHolder,getNombre/0,nombre,1
/home/arch_design_predict/download-github-repos/mvvm/repos/Android-MVVM-NBA-master/app/src/main/java/com/rebecasarai/room/Views/SimpleViewHolder.java,com.rebecasarai.room.Views.SimpleViewHolder,setNombre/1[android.widget.TextView],nombre,3
/home/arch_design_predict/download-github-repos/mvvm/repos/Android-MVVM-NBA-master/app/src/main/java/com/rebecasarai/room/Views/SimpleViewHolder.java,com.rebecasarai.room.Views.SimpleViewHolder,getEdit/0,edit,1
/home/arch_design_predict/download-github-repos/mvvm/repos/Android-MVVM-NBA-master/app/src/main/java/com/rebecasarai/room/Views/SimpleViewHolder.java,com.rebecasarai.room.Views.SimpleViewHolder,getDelete/0,delete,1
/home/arch_design_predict/download-github-repos/mvvm/repos/Android-MVVM-NBA-master/app/src/main/java/com/rebecasarai/room/Views/SimpleViewHolder.java,com.rebecasarai.room.Views.SimpleViewHolder,setEdit/1[android.widget.ImageView],edit,3
/home/arch_design_predict/download-github-repos/mvvm/repos/Android-MVVM-NBA-master/app/src/main/java/com/rebecasarai/room/Views/SimpleViewHolder.java,com.rebecasarai.room.Views.SimpleViewHolder,setCargo/1[android.widget.TextView],cargo,3
/home/arch_design_predict/download-github-repos/mvvm/repos/Android-MVVM-NBA-master/app/src/main/java/com/rebecasarai/room/Views/SimpleViewHolder.java,com.rebecasarai.room.Views.SimpleViewHolder,setApellido/1[android.widget.TextView],apellido,3
/home/arch_design_predict/download-github-repos/mvvm/repos/Android-MVVM-NBA-master/app/src/main/java/com/rebecasarai/room/Views/SimpleViewHolder.java,com.rebecasarai.room.Views.SimpleViewHolder,getApellido/0,apellido,1
/home/arch_design_predict/download-github-repos/mvvm/repos/Android-MVVM-NBA-master/app/build/generated/source/apt/debug/com/rebecasarai/room/DAO/TeamDao_Impl.java,com.rebecasarai.room.DAO.TeamDao_Impl$Anonymous7,compute/0,_observer,3
/home/arch_design_predict/download-github-repos/mvvm/repos/Android-MVVM-NBA-master/app/build/generated/source/apt/debug/com/rebecasarai/room/DAO/TeamDao_Impl.java,com.rebecasarai.room.DAO.TeamDao_Impl$Anonymous9,compute/0,_observer,3
/home/arch_design_predict/download-github-repos/mvvm/repos/Android-MVVM-NBA-master/app/src/main/java/com/rebecasarai/room/ViewModels/FragmentsVM.java,com.rebecasarai.room.ViewModels.FragmentsVM,FragmentsVM/1[android.app.Application],mTeams,1
/home/arch_design_predict/download-github-repos/mvvm/repos/Android-MVVM-NBA-master/app/src/main/java/com/rebecasarai/room/ViewModels/FragmentsVM.java,com.rebecasarai.room.ViewModels.FragmentsVM,FragmentsVM/1[android.app.Application],mRepository,2
/home/arch_design_predict/download-github-repos/mvvm/repos/Android-MVVM-NBA-master/app/src/main/java/com/rebecasarai/room/ViewModels/FragmentsVM.java,com.rebecasarai.room.ViewModels.FragmentsVM,setSelectedTeam/1[com.rebecasarai.room.models.Team],selectedTeam,3
/home/arch_design_predict/download-github-repos/mvvm/repos/Android-MVVM-NBA-master/app/src/main/java/com/rebecasarai/room/ViewModels/FragmentsVM.java,com.rebecasarai.room.ViewModels.FragmentsVM,getTexto/0,texto,1
/home/arch_design_predict/download-github-repos/mvvm/repos/Android-MVVM-NBA-master/app/src/main/java/com/rebecasarai/room/ViewModels/FragmentsVM.java,com.rebecasarai.room.ViewModels.FragmentsVM,setTexto/1[java.lang.String],texto,3
/home/arch_design_predict/download-github-repos/mvvm/repos/Android-MVVM-NBA-master/app/src/main/java/com/rebecasarai/room/ViewModels/FragmentsVM.java,com.rebecasarai.room.ViewModels.FragmentsVM,getSelectedTeam/0,selectedTeam,1
/home/arch_design_predict/download-github-repos/mvvm/repos/Android-MVVM-NBA-master/app/src/main/java/com/rebecasarai/room/ViewModels/FragmentsVM.java,com.rebecasarai.room.ViewModels.FragmentsVM,getStadium/0,mRepository,1
/home/arch_design_predict/download-github-repos/mvvm/repos/Android-MVVM-NBA-master/app/src/main/java/com/rebecasarai/room/ViewModels/FragmentsVM.java,com.rebecasarai.room.ViewModels.FragmentsVM,getmTeams/0,mTeams,1
/home/arch_design_predict/download-github-repos/mvvm/repos/Android-MVVM-NBA-master/app/src/main/java/com/rebecasarai/room/ViewModels/FragmentsVM.java,com.rebecasarai.room.ViewModels.FragmentsVM,insertTeams/0,mRepository,1
/home/arch_design_predict/download-github-repos/mvvm/repos/Android-MVVM-NBA-master/app/build/generated/source/apt/debug/com/rebecasarai/room/DAO/TeamDao_Impl.java,com.rebecasarai.room.DAO.TeamDao_Impl,updateTeam/1[com.rebecasarai.room.models.Team],__db,3
/home/arch_design_predict/download-github-repos/mvvm/repos/Android-MVVM-NBA-master/app/build/generated/source/apt/debug/com/rebecasarai/room/DAO/TeamDao_Impl.java,com.rebecasarai.room.DAO.TeamDao_Impl,updateTeam/1[com.rebecasarai.room.models.Team],__updateAdapterOfTeam,1
/home/arch_design_predict/download-github-repos/mvvm/repos/Android-MVVM-NBA-master/app/build/generated/source/apt/debug/com/rebecasarai/room/DAO/TeamDao_Impl.java,com.rebecasarai.room.DAO.TeamDao_Impl,insertAll/1[com.rebecasarai.room.models.Team[]],__db,3
/home/arch_design_predict/download-github-repos/mvvm/repos/Android-MVVM-NBA-master/app/build/generated/source/apt/debug/com/rebecasarai/room/DAO/TeamDao_Impl.java,com.rebecasarai.room.DAO.TeamDao_Impl,insertAll/1[com.rebecasarai.room.models.Team[]],__insertionAdapterOfTeam,1
/home/arch_design_predict/download-github-repos/mvvm/repos/Android-MVVM-NBA-master/app/build/generated/source/apt/debug/com/rebecasarai/room/DAO/TeamDao_Impl.java,com.rebecasarai.room.DAO.TeamDao_Impl,deleteById/1[int],__db,3
/home/arch_design_predict/download-github-repos/mvvm/repos/Android-MVVM-NBA-master/app/build/generated/source/apt/debug/com/rebecasarai/room/DAO/TeamDao_Impl.java,com.rebecasarai.room.DAO.TeamDao_Impl,deleteById/1[int],__preparedStmtOfDeleteById,2
/home/arch_design_predict/download-github-repos/mvvm/repos/Android-MVVM-NBA-master/app/build/generated/source/apt/debug/com/rebecasarai/room/DAO/TeamDao_Impl.java,com.rebecasarai.room.DAO.TeamDao_Impl,deleteAll/0,__db,3
/home/arch_design_predict/download-github-repos/mvvm/repos/Android-MVVM-NBA-master/app/build/generated/source/apt/debug/com/rebecasarai/room/DAO/TeamDao_Impl.java,com.rebecasarai.room.DAO.TeamDao_Impl,deleteAll/0,__preparedStmtOfDeleteAll,2
/home/arch_design_predict/download-github-repos/mvvm/repos/Android-MVVM-NBA-master/app/build/generated/source/apt/debug/com/rebecasarai/room/DAO/TeamDao_Impl.java,com.rebecasarai.room.DAO.TeamDao_Impl,loadAllByIds/1[int[]],__db,1
/home/arch_design_predict/download-github-repos/mvvm/repos/Android-MVVM-NBA-master/app/build/generated/source/apt/debug/com/rebecasarai/room/DAO/TeamDao_Impl.java,com.rebecasarai.room.DAO.TeamDao_Impl,getAll/0,__db,1
/home/arch_design_predict/download-github-repos/mvvm/repos/Android-MVVM-NBA-master/app/build/generated/source/apt/debug/com/rebecasarai/room/DAO/TeamDao_Impl.java,com.rebecasarai.room.DAO.TeamDao_Impl,TeamDao_Impl/1[com.rebecasarai.room.DAO.RoomDatabase],__db,9
/home/arch_design_predict/download-github-repos/mvvm/repos/Android-MVVM-NBA-master/app/build/generated/source/apt/debug/com/rebecasarai/room/DAO/TeamDao_Impl.java,com.rebecasarai.room.DAO.TeamDao_Impl,TeamDao_Impl/1[com.rebecasarai.room.DAO.RoomDatabase],__preparedStmtOfDeleteById,1
/home/arch_design_predict/download-github-repos/mvvm/repos/Android-MVVM-NBA-master/app/build/generated/source/apt/debug/com/rebecasarai/room/DAO/TeamDao_Impl.java,com.rebecasarai.room.DAO.TeamDao_Impl,TeamDao_Impl/1[com.rebecasarai.room.DAO.RoomDatabase],__preparedStmtOfDeleteAll,1
/home/arch_design_predict/download-github-repos/mvvm/repos/Android-MVVM-NBA-master/app/build/generated/source/apt/debug/com/rebecasarai/room/DAO/TeamDao_Impl.java,com.rebecasarai.room.DAO.TeamDao_Impl,TeamDao_Impl/1[com.rebecasarai.room.DAO.RoomDatabase],__deletionAdapterOfTeam,1
/home/arch_design_predict/download-github-repos/mvvm/repos/Android-MVVM-NBA-master/app/build/generated/source/apt/debug/com/rebecasarai/room/DAO/TeamDao_Impl.java,com.rebecasarai.room.DAO.TeamDao_Impl,TeamDao_Impl/1[com.rebecasarai.room.DAO.RoomDatabase],__insertionAdapterOfTeam,1
/home/arch_design_predict/download-github-repos/mvvm/repos/Android-MVVM-NBA-master/app/build/generated/source/apt/debug/com/rebecasarai/room/DAO/TeamDao_Impl.java,com.rebecasarai.room.DAO.TeamDao_Impl,TeamDao_Impl/1[com.rebecasarai.room.DAO.RoomDatabase],__insertionAdapterOfTeam_1,1
/home/arch_design_predict/download-github-repos/mvvm/repos/Android-MVVM-NBA-master/app/build/generated/source/apt/debug/com/rebecasarai/room/DAO/TeamDao_Impl.java,com.rebecasarai.room.DAO.TeamDao_Impl,TeamDao_Impl/1[com.rebecasarai.room.DAO.RoomDatabase],__updateAdapterOfTeam,1
/home/arch_design_predict/download-github-repos/mvvm/repos/Android-MVVM-NBA-master/app/build/generated/source/apt/debug/com/rebecasarai/room/DAO/TeamDao_Impl.java,com.rebecasarai.room.DAO.TeamDao_Impl,insertTeam/1[com.rebecasarai.room.models.Team],__db,3
/home/arch_design_predict/download-github-repos/mvvm/repos/Android-MVVM-NBA-master/app/build/generated/source/apt/debug/com/rebecasarai/room/DAO/TeamDao_Impl.java,com.rebecasarai.room.DAO.TeamDao_Impl,insertTeam/1[com.rebecasarai.room.models.Team],__insertionAdapterOfTeam_1,1
/home/arch_design_predict/download-github-repos/mvvm/repos/Android-MVVM-NBA-master/app/build/generated/source/apt/debug/com/rebecasarai/room/DAO/TeamDao_Impl.java,com.rebecasarai.room.DAO.TeamDao_Impl,delete/1[com.rebecasarai.room.models.Team],__db,3
/home/arch_design_predict/download-github-repos/mvvm/repos/Android-MVVM-NBA-master/app/build/generated/source/apt/debug/com/rebecasarai/room/DAO/TeamDao_Impl.java,com.rebecasarai.room.DAO.TeamDao_Impl,delete/1[com.rebecasarai.room.models.Team],__deletionAdapterOfTeam,1
/home/arch_design_predict/download-github-repos/mvvm/repos/Android-MVVM-NBA-master/app/build/generated/source/apt/debug/com/rebecasarai/room/AppDatabase_Impl.java,com.rebecasarai.room.AppDatabase_Impl,stadiumDao/0,_stadiumDao,5
/home/arch_design_predict/download-github-repos/mvvm/repos/Android-MVVM-NBA-master/app/build/generated/source/apt/debug/com/rebecasarai/room/AppDatabase_Impl.java,com.rebecasarai.room.AppDatabase_Impl,teamDao/0,_teamDao,5
/home/arch_design_predict/download-github-repos/mvvm/repos/Android-MVVM-NBA-master/app/src/main/java/com/rebecasarai/room/Activities/EditTeamActivity.java,com.rebecasarai.room.Activities.EditTeamActivity,updateTeam/0,mEditViewModel,1
/home/arch_design_predict/download-github-repos/mvvm/repos/Android-MVVM-NBA-master/app/src/main/java/com/rebecasarai/room/Activities/EditTeamActivity.java,com.rebecasarai.room.Activities.EditTeamActivity,updateTeam/0,awesomeValidation,1
/home/arch_design_predict/download-github-repos/mvvm/repos/Android-MVVM-NBA-master/app/src/main/java/com/rebecasarai/room/Activities/EditTeamActivity.java,com.rebecasarai.room.Activities.EditTeamActivity,updateTeam/0,mEditDescription,1
/home/arch_design_predict/download-github-repos/mvvm/repos/Android-MVVM-NBA-master/app/src/main/java/com/rebecasarai/room/Activities/EditTeamActivity.java,com.rebecasarai.room.Activities.EditTeamActivity,updateTeam/0,mEditNameTeam,1
/home/arch_design_predict/download-github-repos/mvvm/repos/Android-MVVM-NBA-master/app/src/main/java/com/rebecasarai/room/Activities/EditTeamActivity.java,com.rebecasarai.room.Activities.EditTeamActivity,updateTeam/0,mTeamToUpdate,2
/home/arch_design_predict/download-github-repos/mvvm/repos/Android-MVVM-NBA-master/app/src/main/java/com/rebecasarai/room/Activities/EditTeamActivity.java,com.rebecasarai.room.Activities.EditTeamActivity,createToolbar/0,toolbar,1
/home/arch_design_predict/download-github-repos/mvvm/repos/Android-MVVM-NBA-master/app/src/main/java/com/rebecasarai/room/Activities/EditTeamActivity.java,com.rebecasarai.room.Activities.EditTeamActivity,loadTeamDataUI/0,fab,3
/home/arch_design_predict/download-github-repos/mvvm/repos/Android-MVVM-NBA-master/app/src/main/java/com/rebecasarai/room/Activities/EditTeamActivity.java,com.rebecasarai.room.Activities.EditTeamActivity,loadTeamDataUI/0,mEditDescription,2
/home/arch_design_predict/download-github-repos/mvvm/repos/Android-MVVM-NBA-master/app/src/main/java/com/rebecasarai/room/Activities/EditTeamActivity.java,com.rebecasarai.room.Activities.EditTeamActivity,loadTeamDataUI/0,mEditNameTeam,2
/home/arch_design_predict/download-github-repos/mvvm/repos/Android-MVVM-NBA-master/app/src/main/java/com/rebecasarai/room/Activities/EditTeamActivity.java,com.rebecasarai.room.Activities.EditTeamActivity,loadTeamDataUI/0,mEditImageView,2
/home/arch_design_predict/download-github-repos/mvvm/repos/Android-MVVM-NBA-master/app/src/main/java/com/rebecasarai/room/Activities/EditTeamActivity.java,com.rebecasarai.room.Activities.EditTeamActivity,loadTeamDataUI/0,mTeamToUpdate,3
/home/arch_design_predict/download-github-repos/mvvm/repos/Android-MVVM-NBA-master/app/src/main/java/com/rebecasarai/room/Activities/EditTeamActivity.java,com.rebecasarai.room.Activities.EditTeamActivity,onClick/1[android.view.View],fab,1
/home/arch_design_predict/download-github-repos/mvvm/repos/Android-MVVM-NBA-master/app/src/main/java/com/rebecasarai/room/Activities/EditTeamActivity.java,com.rebecasarai.room.Activities.EditTeamActivity,onClick/1[android.view.View],awesomeValidation,1
/home/arch_design_predict/download-github-repos/mvvm/repos/Android-MVVM-NBA-master/app/src/main/java/com/rebecasarai/room/Activities/EditTeamActivity.java,com.rebecasarai.room.Activities.EditTeamActivity,onClick/1[android.view.View],i,3
/home/arch_design_predict/download-github-repos/mvvm/repos/Android-MVVM-NBA-master/app/src/main/java/com/rebecasarai/room/Activities/EditTeamActivity.java,com.rebecasarai.room.Activities.EditTeamActivity,onCreate/1[android.os.Bundle],toolbar,2
/home/arch_design_predict/download-github-repos/mvvm/repos/Android-MVVM-NBA-master/app/src/main/java/com/rebecasarai/room/Activities/EditTeamActivity.java,com.rebecasarai.room.Activities.EditTeamActivity,onCreate/1[android.os.Bundle],mEditViewModel,2
/home/arch_design_predict/download-github-repos/mvvm/repos/Android-MVVM-NBA-master/app/src/main/java/com/rebecasarai/room/Activities/EditTeamActivity.java,com.rebecasarai.room.Activities.EditTeamActivity,onCreate/1[android.os.Bundle],awesomeValidation,3
/home/arch_design_predict/download-github-repos/mvvm/repos/Android-MVVM-NBA-master/app/src/main/java/com/rebecasarai/room/Activities/EditTeamActivity.java,com.rebecasarai.room.Activities.EditTeamActivity,onCreate/1[android.os.Bundle],mTeamToUpdate,1
/home/arch_design_predict/download-github-repos/mvvm/repos/Android-MVVM-NBA-master/app/src/main/java/com/rebecasarai/room/Fragments/DetailsFragment.java,com.rebecasarai.room.Fragments.DetailsFragment,"onCreateView/3[android.view.LayoutInflater,android.view.ViewGroup,android.os.Bundle]",mViewModel,2
/home/arch_design_predict/download-github-repos/mvvm/repos/Android-MVVM-NBA-master/app/src/main/java/com/rebecasarai/room/Fragments/DetailsFragment.java,com.rebecasarai.room.Fragments.DetailsFragment,"onCreateView/3[android.view.LayoutInflater,android.view.ViewGroup,android.os.Bundle]",edit2,1
/home/arch_design_predict/download-github-repos/mvvm/repos/Android-MVVM-NBA-master/app/src/main/java/com/rebecasarai/room/Fragments/DetailsFragment.java,com.rebecasarai.room.Fragments.DetailsFragment,"onCreateView/3[android.view.LayoutInflater,android.view.ViewGroup,android.os.Bundle]",rootView,4
/home/arch_design_predict/download-github-repos/mvvm/repos/Android-MVVM-NBA-master/app/src/main/java/com/rebecasarai/room/Fragments/DetailsFragment.java,com.rebecasarai.room.Fragments.DetailsFragment,"onCreateView/3[android.view.LayoutInflater,android.view.ViewGroup,android.os.Bundle]",edit1,1
/home/arch_design_predict/download-github-repos/mvvm/repos/Android-MVVM-NBA-master/app/src/main/java/com/rebecasarai/room/Activities/LoginActivity.java,com.rebecasarai.room.Activities.LoginActivity,showProgress/1[boolean],mProgressView,3
/home/arch_design_predict/download-github-repos/mvvm/repos/Android-MVVM-NBA-master/app/src/main/java/com/rebecasarai/room/Activities/LoginActivity.java,com.rebecasarai.room.Activities.LoginActivity,showProgress/1[boolean],mLoginFormView,3
/home/arch_design_predict/download-github-repos/mvvm/repos/Android-MVVM-NBA-master/app/src/main/java/com/rebecasarai/room/Activities/LoginActivity.java,com.rebecasarai.room.Activities.LoginActivity,onCreate/1[android.os.Bundle],mProgressView,1
/home/arch_design_predict/download-github-repos/mvvm/repos/Android-MVVM-NBA-master/app/src/main/java/com/rebecasarai/room/Activities/LoginActivity.java,com.rebecasarai.room.Activities.LoginActivity,onCreate/1[android.os.Bundle],mLoginFormView,1
/home/arch_design_predict/download-github-repos/mvvm/repos/Android-MVVM-NBA-master/app/src/main/java/com/rebecasarai/room/Activities/LoginActivity.java,com.rebecasarai.room.Activities.LoginActivity,onCreate/1[android.os.Bundle],mEmailView,1
/home/arch_design_predict/download-github-repos/mvvm/repos/Android-MVVM-NBA-master/app/src/main/java/com/rebecasarai/room/Activities/LoginActivity.java,com.rebecasarai.room.Activities.LoginActivity,onCreate/1[android.os.Bundle],mPasswordView,2
/home/arch_design_predict/download-github-repos/mvvm/repos/Android-MVVM-NBA-master/app/src/main/java/com/rebecasarai/room/Activities/LoginActivity.java,com.rebecasarai.room.Activities.LoginActivity,mayRequestContacts/0,REQUEST_READ_CONTACTS,1
/home/arch_design_predict/download-github-repos/mvvm/repos/Android-MVVM-NBA-master/app/src/main/java/com/rebecasarai/room/Activities/LoginActivity.java,com.rebecasarai.room.Activities.LoginActivity,mayRequestContacts/0,mEmailView,1
/home/arch_design_predict/download-github-repos/mvvm/repos/Android-MVVM-NBA-master/app/src/main/java/com/rebecasarai/room/Activities/LoginActivity.java,com.rebecasarai.room.Activities.LoginActivity,addEmailsToAutoComplete/1[java.util.List<java.lang.String>],mEmailView,1
/home/arch_design_predict/download-github-repos/mvvm/repos/Android-MVVM-NBA-master/app/src/main/java/com/rebecasarai/room/Activities/LoginActivity.java,com.rebecasarai.room.Activities.LoginActivity,"onRequestPermissionsResult/3[int,java.lang.String[],int[]]",REQUEST_READ_CONTACTS,1
/home/arch_design_predict/download-github-repos/mvvm/repos/Android-MVVM-NBA-master/app/src/main/java/com/rebecasarai/room/Activities/LoginActivity.java,com.rebecasarai.room.Activities.LoginActivity,attemptLogin/0,mAuthTask,3
/home/arch_design_predict/download-github-repos/mvvm/repos/Android-MVVM-NBA-master/app/src/main/java/com/rebecasarai/room/Activities/LoginActivity.java,com.rebecasarai.room.Activities.LoginActivity,attemptLogin/0,mEmailView,6
/home/arch_design_predict/download-github-repos/mvvm/repos/Android-MVVM-NBA-master/app/src/main/java/com/rebecasarai/room/Activities/LoginActivity.java,com.rebecasarai.room.Activities.LoginActivity,attemptLogin/0,mPasswordView,4
/home/arch_design_predict/download-github-repos/mvvm/repos/Android-MVVM-NBA-master/app/src/main/java/com/rebecasarai/room/Repositories/MainActivityRepository.java,com.rebecasarai.room.Repositories.MainActivityRepository$deleteTeamAsync,deleteTeamAsync/1[com.rebecasarai.room.DAO.TeamDao],mTeamDao,1
/home/arch_design_predict/download-github-repos/mvvm/repos/Android-MVVM-NBA-master/app/src/main/java/com/rebecasarai/room/Repositories/MainActivityRepository.java,com.rebecasarai.room.Repositories.MainActivityRepository$deleteTeamAsync,doInBackground/1[com.rebecasarai.room.models.Team[]],mTeamDao,1
/home/arch_design_predict/download-github-repos/mvvm/repos/Android-MVVM-NBA-master/app/src/main/java/com/rebecasarai/room/Fragments/TeamFragment.java,com.rebecasarai.room.Fragments.TeamFragment,"onCreateView/3[android.view.LayoutInflater,android.view.ViewGroup,android.os.Bundle]",view,2
/home/arch_design_predict/download-github-repos/mvvm/repos/Android-MVVM-NBA-master/app/src/main/java/com/rebecasarai/room/Fragments/TeamFragment.java,com.rebecasarai.room.Fragments.TeamFragment,"onCreateView/3[android.view.LayoutInflater,android.view.ViewGroup,android.os.Bundle]",mViewModel,2
/home/arch_design_predict/download-github-repos/mvvm/repos/Android-MVVM-NBA-master/app/src/main/java/com/rebecasarai/room/Fragments/TeamFragment.java,com.rebecasarai.room.Fragments.TeamFragment,onCreate/1[android.os.Bundle],ARG_COLUMN_COUNT,1
/home/arch_design_predict/download-github-repos/mvvm/repos/Android-MVVM-NBA-master/app/src/main/java/com/rebecasarai/room/Fragments/TeamFragment.java,com.rebecasarai.room.Fragments.TeamFragment,onCreate/1[android.os.Bundle],mColumnCount,1
/home/arch_design_predict/download-github-repos/mvvm/repos/Android-MVVM-NBA-master/app/src/main/java/com/rebecasarai/room/Fragments/TeamFragment.java,com.rebecasarai.room.Fragments.TeamFragment,onDetach/0,mListener,1
/home/arch_design_predict/download-github-repos/mvvm/repos/Android-MVVM-NBA-master/app/src/main/java/com/rebecasarai/room/Fragments/TeamFragment.java,com.rebecasarai.room.Fragments.TeamFragment,newInstance/1[int],ARG_COLUMN_COUNT,1
/home/arch_design_predict/download-github-repos/mvvm/repos/Android-MVVM-NBA-master/app/src/main/java/com/rebecasarai/room/Fragments/TeamFragment.java,com.rebecasarai.room.Fragments.TeamFragment,onAttach/1[android.content.Context],mListener,1
/home/arch_design_predict/download-github-repos/mvvm/repos/Android-MVVM-NBA-master/app/src/main/java/com/rebecasarai/room/ViewModels/MainActivityVM.java,com.rebecasarai.room.ViewModels.MainActivityVM,getCounter/0,counter,1
/home/arch_design_predict/download-github-repos/mvvm/repos/Android-MVVM-NBA-master/app/src/main/java/com/rebecasarai/room/ViewModels/MainActivityVM.java,com.rebecasarai.room.ViewModels.MainActivityVM,insertStadium/0,mRepository,1
/home/arch_design_predict/download-github-repos/mvvm/repos/Android-MVVM-NBA-master/app/src/main/java/com/rebecasarai/room/ViewModels/MainActivityVM.java,com.rebecasarai.room.ViewModels.MainActivityVM,MainActivityVM/1[android.app.Application],mTeams,1
/home/arch_design_predict/download-github-repos/mvvm/repos/Android-MVVM-NBA-master/app/src/main/java/com/rebecasarai/room/ViewModels/MainActivityVM.java,com.rebecasarai.room.ViewModels.MainActivityVM,MainActivityVM/1[android.app.Application],mRepository,2
/home/arch_design_predict/download-github-repos/mvvm/repos/Android-MVVM-NBA-master/app/src/main/java/com/rebecasarai/room/ViewModels/MainActivityVM.java,com.rebecasarai.room.ViewModels.MainActivityVM,getmTeams/0,mTeams,1
/home/arch_design_predict/download-github-repos/mvvm/repos/Android-MVVM-NBA-master/app/src/main/java/com/rebecasarai/room/ViewModels/MainActivityVM.java,com.rebecasarai.room.ViewModels.MainActivityVM,insertTeams/0,mRepository,1
/home/arch_design_predict/download-github-repos/mvvm/repos/Android-MVVM-NBA-master/app/src/main/java/com/rebecasarai/room/ViewModels/MainActivityVM.java,com.rebecasarai.room.ViewModels.MainActivityVM,getStadium/1[int],mRepository,1
/home/arch_design_predict/download-github-repos/mvvm/repos/Android-MVVM-NBA-master/app/src/main/java/com/rebecasarai/room/ViewModels/MainActivityVM.java,com.rebecasarai.room.ViewModels.MainActivityVM,deleteByID/1[int],mRepository,1
/home/arch_design_predict/download-github-repos/mvvm/repos/Android-MVVM-NBA-master/app/src/main/java/com/rebecasarai/room/ViewModels/MainActivityVM.java,com.rebecasarai.room.ViewModels.MainActivityVM,deleteTeam/1[com.rebecasarai.room.models.Team],mRepository,1
/home/arch_design_predict/download-github-repos/mvvm/repos/Android-MVVM-NBA-master/app/src/main/java/com/rebecasarai/room/ViewModels/MainActivityVM.java,com.rebecasarai.room.ViewModels.MainActivityVM,getStadium/0,mRepository,1
/home/arch_design_predict/download-github-repos/mvvm/repos/Android-MVVM-NBA-master/app/src/main/java/com/rebecasarai/room/Views/SimpleTeamAdapter.java,com.rebecasarai.room.Views.SimpleTeamAdapter,"SimpleTeamAdapter/2[android.content.Context,java.util.List<com.rebecasarai.room.models.Team>]",teams,4
/home/arch_design_predict/download-github-repos/mvvm/repos/Android-MVVM-NBA-master/app/src/main/java/com/rebecasarai/room/Views/SimpleTeamAdapter.java,com.rebecasarai.room.Views.SimpleTeamAdapter,"getView/3[int,android.view.View,android.view.ViewGroup]",team,5
/home/arch_design_predict/download-github-repos/mvvm/repos/Android-MVVM-NBA-master/app/src/main/java/com/rebecasarai/room/Views/SimpleTeamAdapter.java,com.rebecasarai.room.Views.SimpleTeamAdapter,getItemId/1[int],teams,1
/home/arch_design_predict/download-github-repos/mvvm/repos/Android-MVVM-NBA-master/app/src/main/java/com/rebecasarai/room/Views/SimpleTeamAdapter.java,com.rebecasarai.room.Views.SimpleTeamAdapter,getItem/1[int],teams,1
/home/arch_design_predict/download-github-repos/mvvm/repos/Android-MVVM-NBA-master/app/src/main/java/com/rebecasarai/room/Repositories/MainActivityRepository.java,com.rebecasarai.room.Repositories.MainActivityRepository$getStadiumAsync,doInBackground/1[java.lang.Integer[]],mStadiumDb,1
/home/arch_design_predict/download-github-repos/mvvm/repos/Android-MVVM-NBA-master/app/src/main/java/com/rebecasarai/room/Repositories/MainActivityRepository.java,com.rebecasarai.room.Repositories.MainActivityRepository$getStadiumAsync,getStadiumAsync/1[com.rebecasarai.room.DAO.StadiumDao],mStadiumDb,1
/home/arch_design_predict/download-github-repos/mvvm/repos/Android-MVVM-NBA-master/app/src/main/java/com/rebecasarai/room/Views/ViewHolder.java,com.rebecasarai.room.Views.ViewHolder,"ViewHolder/5[android.view.View,int,int,int,int]",img,1
/home/arch_design_predict/download-github-repos/mvvm/repos/Android-MVVM-NBA-master/app/src/main/java/com/rebecasarai/room/Views/ViewHolder.java,com.rebecasarai.room.Views.ViewHolder,"ViewHolder/5[android.view.View,int,int,int,int]",apellido,1
/home/arch_design_predict/download-github-repos/mvvm/repos/Android-MVVM-NBA-master/app/src/main/java/com/rebecasarai/room/Views/ViewHolder.java,com.rebecasarai.room.Views.ViewHolder,"ViewHolder/5[android.view.View,int,int,int,int]",cargo,1
/home/arch_design_predict/download-github-repos/mvvm/repos/Android-MVVM-NBA-master/app/src/main/java/com/rebecasarai/room/Views/ViewHolder.java,com.rebecasarai.room.Views.ViewHolder,"ViewHolder/5[android.view.View,int,int,int,int]",nombre,1
/home/arch_design_predict/download-github-repos/mvvm/repos/Android-MVVM-NBA-master/app/src/main/java/com/rebecasarai/room/Views/ViewHolder.java,com.rebecasarai.room.Views.ViewHolder,getCargo/0,cargo,1
/home/arch_design_predict/download-github-repos/mvvm/repos/Android-MVVM-NBA-master/app/src/main/java/com/rebecasarai/room/Views/ViewHolder.java,com.rebecasarai.room.Views.ViewHolder,setImg/1[android.widget.ImageView],img,3
/home/arch_design_predict/download-github-repos/mvvm/repos/Android-MVVM-NBA-master/app/src/main/java/com/rebecasarai/room/Views/ViewHolder.java,com.rebecasarai.room.Views.ViewHolder,getImg/0,img,1
/home/arch_design_predict/download-github-repos/mvvm/repos/Android-MVVM-NBA-master/app/src/main/java/com/rebecasarai/room/Views/ViewHolder.java,com.rebecasarai.room.Views.ViewHolder,setDelete/1[android.widget.ImageView],delete,3
/home/arch_design_predict/download-github-repos/mvvm/repos/Android-MVVM-NBA-master/app/src/main/java/com/rebecasarai/room/Views/ViewHolder.java,com.rebecasarai.room.Views.ViewHolder,getNombre/0,nombre,1
/home/arch_design_predict/download-github-repos/mvvm/repos/Android-MVVM-NBA-master/app/src/main/java/com/rebecasarai/room/Views/ViewHolder.java,com.rebecasarai.room.Views.ViewHolder,setNombre/1[android.widget.TextView],nombre,3
/home/arch_design_predict/download-github-repos/mvvm/repos/Android-MVVM-NBA-master/app/src/main/java/com/rebecasarai/room/Views/ViewHolder.java,com.rebecasarai.room.Views.ViewHolder,getEdit/0,edit,1
/home/arch_design_predict/download-github-repos/mvvm/repos/Android-MVVM-NBA-master/app/src/main/java/com/rebecasarai/room/Views/ViewHolder.java,com.rebecasarai.room.Views.ViewHolder,getDelete/0,delete,1
/home/arch_design_predict/download-github-repos/mvvm/repos/Android-MVVM-NBA-master/app/src/main/java/com/rebecasarai/room/Views/ViewHolder.java,com.rebecasarai.room.Views.ViewHolder,setEdit/1[android.widget.ImageView],edit,3
/home/arch_design_predict/download-github-repos/mvvm/repos/Android-MVVM-NBA-master/app/src/main/java/com/rebecasarai/room/Views/ViewHolder.java,com.rebecasarai.room.Views.ViewHolder,setCargo/1[android.widget.TextView],cargo,3
/home/arch_design_predict/download-github-repos/mvvm/repos/Android-MVVM-NBA-master/app/src/main/java/com/rebecasarai/room/Views/ViewHolder.java,com.rebecasarai.room.Views.ViewHolder,setApellido/1[android.widget.TextView],apellido,3
/home/arch_design_predict/download-github-repos/mvvm/repos/Android-MVVM-NBA-master/app/src/main/java/com/rebecasarai/room/Views/ViewHolder.java,com.rebecasarai.room.Views.ViewHolder,getApellido/0,apellido,1
/home/arch_design_predict/download-github-repos/mvvm/repos/Android-MVVM-NBA-master/app/src/main/java/com/rebecasarai/room/Views/TeamAdapter.java,com.rebecasarai.room.Views.TeamAdapter,"getView/3[int,android.view.View,android.view.ViewGroup]",team,4
/home/arch_design_predict/download-github-repos/mvvm/repos/Android-MVVM-NBA-master/app/src/main/java/com/rebecasarai/room/Views/TeamAdapter.java,com.rebecasarai.room.Views.TeamAdapter,setData/1[java.util.List<com.rebecasarai.room.models.Team>],teams,3
/home/arch_design_predict/download-github-repos/mvvm/repos/Android-MVVM-NBA-master/app/src/main/java/com/rebecasarai/room/Views/TeamAdapter.java,com.rebecasarai.room.Views.TeamAdapter,getItem/1[int],teams,1
/home/arch_design_predict/download-github-repos/mvvm/repos/Android-MVVM-NBA-master/app/src/main/java/com/rebecasarai/room/Views/TeamAdapter.java,com.rebecasarai.room.Views.TeamAdapter,"TeamAdapter/3[android.content.Context,com.rebecasarai.room.ViewModels.FragmentsVM,java.util.List<com.rebecasarai.room.models.Team>]",mViewModel,3
/home/arch_design_predict/download-github-repos/mvvm/repos/Android-MVVM-NBA-master/app/src/main/java/com/rebecasarai/room/Views/TeamAdapter.java,com.rebecasarai.room.Views.TeamAdapter,"TeamAdapter/3[android.content.Context,com.rebecasarai.room.ViewModels.FragmentsVM,java.util.List<com.rebecasarai.room.models.Team>]",teams,4
/home/arch_design_predict/download-github-repos/mvvm/repos/Android-MVVM-NBA-master/app/src/main/java/com/rebecasarai/room/Views/TeamAdapter.java,com.rebecasarai.room.Views.TeamAdapter,"TeamAdapter/3[android.content.Context,com.rebecasarai.room.ViewModels.FragmentsVM,java.util.List<com.rebecasarai.room.models.Team>]",context,4
/home/arch_design_predict/download-github-repos/mvvm/repos/Android-MVVM-NBA-master/app/src/main/java/com/rebecasarai/room/Views/TeamAdapter.java,com.rebecasarai.room.Views.TeamAdapter,getItemId/1[int],teams,1
/home/arch_design_predict/download-github-repos/mvvm/repos/Android-MVVM-NBA-master/app/src/main/java/com/rebecasarai/room/models/Team.java,com.rebecasarai.room.models.Team,getDescription/0,description,1
/home/arch_design_predict/download-github-repos/mvvm/repos/Android-MVVM-NBA-master/app/src/main/java/com/rebecasarai/room/models/Team.java,com.rebecasarai.room.models.Team,getIdStadium/0,idStadium,1
/home/arch_design_predict/download-github-repos/mvvm/repos/Android-MVVM-NBA-master/app/src/main/java/com/rebecasarai/room/models/Team.java,com.rebecasarai.room.models.Team,setDescription/1[java.lang.String],description,3
/home/arch_design_predict/download-github-repos/mvvm/repos/Android-MVVM-NBA-master/app/src/main/java/com/rebecasarai/room/models/Team.java,com.rebecasarai.room.models.Team,setName/1[java.lang.String],name,3
/home/arch_design_predict/download-github-repos/mvvm/repos/Android-MVVM-NBA-master/app/src/main/java/com/rebecasarai/room/models/Team.java,com.rebecasarai.room.models.Team,setIdTeam/1[int],idTeam,3
/home/arch_design_predict/download-github-repos/mvvm/repos/Android-MVVM-NBA-master/app/src/main/java/com/rebecasarai/room/models/Team.java,com.rebecasarai.room.models.Team,"Team/4[java.lang.String,java.lang.String,int,int]",imageLogo,3
/home/arch_design_predict/download-github-repos/mvvm/repos/Android-MVVM-NBA-master/app/src/main/java/com/rebecasarai/room/models/Team.java,com.rebecasarai.room.models.Team,"Team/4[java.lang.String,java.lang.String,int,int]",idStadium,3
/home/arch_design_predict/download-github-repos/mvvm/repos/Android-MVVM-NBA-master/app/src/main/java/com/rebecasarai/room/models/Team.java,com.rebecasarai.room.models.Team,"Team/4[java.lang.String,java.lang.String,int,int]",name,3
/home/arch_design_predict/download-github-repos/mvvm/repos/Android-MVVM-NBA-master/app/src/main/java/com/rebecasarai/room/models/Team.java,com.rebecasarai.room.models.Team,"Team/4[java.lang.String,java.lang.String,int,int]",description,3
/home/arch_design_predict/download-github-repos/mvvm/repos/Android-MVVM-NBA-master/app/src/main/java/com/rebecasarai/room/models/Team.java,com.rebecasarai.room.models.Team,getIdTeam/0,idTeam,1
/home/arch_design_predict/download-github-repos/mvvm/repos/Android-MVVM-NBA-master/app/src/main/java/com/rebecasarai/room/models/Team.java,com.rebecasarai.room.models.Team,Team/1[android.os.Parcel],imageLogo,1
/home/arch_design_predict/download-github-repos/mvvm/repos/Android-MVVM-NBA-master/app/src/main/java/com/rebecasarai/room/models/Team.java,com.rebecasarai.room.models.Team,Team/1[android.os.Parcel],idStadium,1
/home/arch_design_predict/download-github-repos/mvvm/repos/Android-MVVM-NBA-master/app/src/main/java/com/rebecasarai/room/models/Team.java,com.rebecasarai.room.models.Team,Team/1[android.os.Parcel],name,1
/home/arch_design_predict/download-github-repos/mvvm/repos/Android-MVVM-NBA-master/app/src/main/java/com/rebecasarai/room/models/Team.java,com.rebecasarai.room.models.Team,Team/1[android.os.Parcel],description,1
/home/arch_design_predict/download-github-repos/mvvm/repos/Android-MVVM-NBA-master/app/src/main/java/com/rebecasarai/room/models/Team.java,com.rebecasarai.room.models.Team,Team/1[android.os.Parcel],idTeam,1
/home/arch_design_predict/download-github-repos/mvvm/repos/Android-MVVM-NBA-master/app/src/main/java/com/rebecasarai/room/models/Team.java,com.rebecasarai.room.models.Team,"writeToParcel/2[android.os.Parcel,int]",imageLogo,1
/home/arch_design_predict/download-github-repos/mvvm/repos/Android-MVVM-NBA-master/app/src/main/java/com/rebecasarai/room/models/Team.java,com.rebecasarai.room.models.Team,"writeToParcel/2[android.os.Parcel,int]",idStadium,1
/home/arch_design_predict/download-github-repos/mvvm/repos/Android-MVVM-NBA-master/app/src/main/java/com/rebecasarai/room/models/Team.java,com.rebecasarai.room.models.Team,"writeToParcel/2[android.os.Parcel,int]",name,1
/home/arch_design_predict/download-github-repos/mvvm/repos/Android-MVVM-NBA-master/app/src/main/java/com/rebecasarai/room/models/Team.java,com.rebecasarai.room.models.Team,"writeToParcel/2[android.os.Parcel,int]",description,1
/home/arch_design_predict/download-github-repos/mvvm/repos/Android-MVVM-NBA-master/app/src/main/java/com/rebecasarai/room/models/Team.java,com.rebecasarai.room.models.Team,"writeToParcel/2[android.os.Parcel,int]",idTeam,1
/home/arch_design_predict/download-github-repos/mvvm/repos/Android-MVVM-NBA-master/app/src/main/java/com/rebecasarai/room/models/Team.java,com.rebecasarai.room.models.Team,getName/0,name,1
/home/arch_design_predict/download-github-repos/mvvm/repos/Android-MVVM-NBA-master/app/src/main/java/com/rebecasarai/room/models/Team.java,com.rebecasarai.room.models.Team,setIdStadium/1[int],idStadium,3
/home/arch_design_predict/download-github-repos/mvvm/repos/Android-MVVM-NBA-master/app/src/main/java/com/rebecasarai/room/models/Team.java,com.rebecasarai.room.models.Team,getImageLogo/0,imageLogo,1
/home/arch_design_predict/download-github-repos/mvvm/repos/Android-MVVM-NBA-master/app/src/main/java/com/rebecasarai/room/models/Team.java,com.rebecasarai.room.models.Team,setImageLogo/1[int],imageLogo,3
/home/arch_design_predict/download-github-repos/mvvm/repos/Android-MVVM-NBA-master/app/src/main/java/com/rebecasarai/room/Repositories/MainActivityRepository.java,com.rebecasarai.room.Repositories.MainActivityRepository$getStadiumPrimeroAsync,getStadiumPrimeroAsync/1[com.rebecasarai.room.DAO.StadiumDao],mStadiumDb,1
/home/arch_design_predict/download-github-repos/mvvm/repos/Android-MVVM-NBA-master/app/src/main/java/com/rebecasarai/room/Repositories/MainActivityRepository.java,com.rebecasarai.room.Repositories.MainActivityRepository$getStadiumPrimeroAsync,doInBackground/1[java.lang.Void[]],id,1
/home/arch_design_predict/download-github-repos/mvvm/repos/Android-MVVM-NBA-master/app/src/main/java/com/rebecasarai/room/Repositories/MainActivityRepository.java,com.rebecasarai.room.Repositories.MainActivityRepository$getStadiumPrimeroAsync,onPostExecute/1[java.lang.Integer],mStadiumDb,1
/home/arch_design_predict/download-github-repos/mvvm/repos/Android-MVVM-NBA-master/app/src/main/java/com/rebecasarai/room/Repositories/MainActivityRepository.java,com.rebecasarai.room.Repositories.MainActivityRepository$getStadiumPrimeroAsync,onPostExecute/1[java.lang.Integer],id,1
/home/arch_design_predict/download-github-repos/mvvm/repos/Android-MVVM-NBA-master/app/src/main/java/com/rebecasarai/room/Views/ViewHoldera.java,com.rebecasarai.room.Views.ViewHoldera,getCargo/0,cargo,1
/home/arch_design_predict/download-github-repos/mvvm/repos/Android-MVVM-NBA-master/app/src/main/java/com/rebecasarai/room/Views/ViewHoldera.java,com.rebecasarai.room.Views.ViewHoldera,setImg/1[android.widget.ImageView],img,3
/home/arch_design_predict/download-github-repos/mvvm/repos/Android-MVVM-NBA-master/app/src/main/java/com/rebecasarai/room/Views/ViewHoldera.java,com.rebecasarai.room.Views.ViewHoldera,getNombre/0,nombre,1
/home/arch_design_predict/download-github-repos/mvvm/repos/Android-MVVM-NBA-master/app/src/main/java/com/rebecasarai/room/Views/ViewHoldera.java,com.rebecasarai.room.Views.ViewHoldera,setDelete/1[android.widget.ImageView],delete,3
/home/arch_design_predict/download-github-repos/mvvm/repos/Android-MVVM-NBA-master/app/src/main/java/com/rebecasarai/room/Views/ViewHoldera.java,com.rebecasarai.room.Views.ViewHoldera,getImg/0,img,1
/home/arch_design_predict/download-github-repos/mvvm/repos/Android-MVVM-NBA-master/app/src/main/java/com/rebecasarai/room/Views/ViewHoldera.java,com.rebecasarai.room.Views.ViewHoldera,getDelete/0,delete,1
/home/arch_design_predict/download-github-repos/mvvm/repos/Android-MVVM-NBA-master/app/src/main/java/com/rebecasarai/room/Views/ViewHoldera.java,com.rebecasarai.room.Views.ViewHoldera,setNombre/1[android.widget.TextView],nombre,3
/home/arch_design_predict/download-github-repos/mvvm/repos/Android-MVVM-NBA-master/app/src/main/java/com/rebecasarai/room/Views/ViewHoldera.java,com.rebecasarai.room.Views.ViewHoldera,setEdit/1[android.widget.ImageView],edit,3
/home/arch_design_predict/download-github-repos/mvvm/repos/Android-MVVM-NBA-master/app/src/main/java/com/rebecasarai/room/Views/ViewHoldera.java,com.rebecasarai.room.Views.ViewHoldera,setCargo/1[android.widget.TextView],cargo,3
/home/arch_design_predict/download-github-repos/mvvm/repos/Android-MVVM-NBA-master/app/src/main/java/com/rebecasarai/room/Views/ViewHoldera.java,com.rebecasarai.room.Views.ViewHoldera,"ViewHoldera/7[android.view.View,int,int,int,int,int,int]",img,1
/home/arch_design_predict/download-github-repos/mvvm/repos/Android-MVVM-NBA-master/app/src/main/java/com/rebecasarai/room/Views/ViewHoldera.java,com.rebecasarai.room.Views.ViewHoldera,"ViewHoldera/7[android.view.View,int,int,int,int,int,int]",edit,3
/home/arch_design_predict/download-github-repos/mvvm/repos/Android-MVVM-NBA-master/app/src/main/java/com/rebecasarai/room/Views/ViewHoldera.java,com.rebecasarai.room.Views.ViewHoldera,"ViewHoldera/7[android.view.View,int,int,int,int,int,int]",apellido,1
/home/arch_design_predict/download-github-repos/mvvm/repos/Android-MVVM-NBA-master/app/src/main/java/com/rebecasarai/room/Views/ViewHoldera.java,com.rebecasarai.room.Views.ViewHoldera,"ViewHoldera/7[android.view.View,int,int,int,int,int,int]",cargo,1
/home/arch_design_predict/download-github-repos/mvvm/repos/Android-MVVM-NBA-master/app/src/main/java/com/rebecasarai/room/Views/ViewHoldera.java,com.rebecasarai.room.Views.ViewHoldera,"ViewHoldera/7[android.view.View,int,int,int,int,int,int]",delete,3
/home/arch_design_predict/download-github-repos/mvvm/repos/Android-MVVM-NBA-master/app/src/main/java/com/rebecasarai/room/Views/ViewHoldera.java,com.rebecasarai.room.Views.ViewHoldera,"ViewHoldera/7[android.view.View,int,int,int,int,int,int]",nombre,1
/home/arch_design_predict/download-github-repos/mvvm/repos/Android-MVVM-NBA-master/app/src/main/java/com/rebecasarai/room/Views/ViewHoldera.java,com.rebecasarai.room.Views.ViewHoldera,getEdit/0,edit,1
/home/arch_design_predict/download-github-repos/mvvm/repos/Android-MVVM-NBA-master/app/src/main/java/com/rebecasarai/room/Views/ViewHoldera.java,com.rebecasarai.room.Views.ViewHoldera,getApellido/0,apellido,1
/home/arch_design_predict/download-github-repos/mvvm/repos/Android-MVVM-NBA-master/app/src/main/java/com/rebecasarai/room/Views/ViewHoldera.java,com.rebecasarai.room.Views.ViewHoldera,setApellido/1[android.widget.TextView],apellido,3
/home/arch_design_predict/download-github-repos/mvvm/repos/Android-MVVM-NBA-master/app/src/main/java/com/rebecasarai/room/Repositories/MainActivityRepository.java,com.rebecasarai.room.Repositories.MainActivityRepository$deleteTeamByIdAsync,doInBackground/1[java.lang.Integer[]],mTeamDao,1
/home/arch_design_predict/download-github-repos/mvvm/repos/Android-MVVM-NBA-master/app/src/main/java/com/rebecasarai/room/Repositories/MainActivityRepository.java,com.rebecasarai.room.Repositories.MainActivityRepository$deleteTeamByIdAsync,deleteTeamByIdAsync/1[com.rebecasarai.room.DAO.TeamDao],mTeamDao,1
/home/arch_design_predict/download-github-repos/mvvm/repos/Android-MVVM-NBA-master/app/src/main/java/com/rebecasarai/room/Fragments/MyTeamRecyclerViewAdapter.java,com.rebecasarai.room.Fragments.MyTeamRecyclerViewAdapter$ViewHolder,toString/0,mContentView,1
/home/arch_design_predict/download-github-repos/mvvm/repos/Android-MVVM-NBA-master/app/src/main/java/com/rebecasarai/room/Fragments/MyTeamRecyclerViewAdapter.java,com.rebecasarai.room.Fragments.MyTeamRecyclerViewAdapter$ViewHolder,ViewHolder/1[android.view.View],mView,1
/home/arch_design_predict/download-github-repos/mvvm/repos/Android-MVVM-NBA-master/app/src/main/java/com/rebecasarai/room/Fragments/MyTeamRecyclerViewAdapter.java,com.rebecasarai.room.Fragments.MyTeamRecyclerViewAdapter$ViewHolder,ViewHolder/1[android.view.View],mContentView,1
/home/arch_design_predict/download-github-repos/mvvm/repos/Android-MVVM-NBA-master/app/src/main/java/com/rebecasarai/room/Fragments/MyTeamRecyclerViewAdapter.java,com.rebecasarai.room.Fragments.MyTeamRecyclerViewAdapter$ViewHolder,ViewHolder/1[android.view.View],mIdView,1
/home/arch_design_predict/download-github-repos/mvvm/repos/Android-MVVM-NBA-master/app/src/main/java/com/rebecasarai/room/Repositories/MainActivityRepository.java,com.rebecasarai.room.Repositories.MainActivityRepository,deleteByID/1[int],mTeamDao,1
/home/arch_design_predict/download-github-repos/mvvm/repos/Android-MVVM-NBA-master/app/src/main/java/com/rebecasarai/room/Repositories/MainActivityRepository.java,com.rebecasarai.room.Repositories.MainActivityRepository,getFirstTeam/0,mTeamDao,1
/home/arch_design_predict/download-github-repos/mvvm/repos/Android-MVVM-NBA-master/app/src/main/java/com/rebecasarai/room/Repositories/MainActivityRepository.java,com.rebecasarai.room.Repositories.MainActivityRepository,insertStadium/0,mStadiumDao,1
/home/arch_design_predict/download-github-repos/mvvm/repos/Android-MVVM-NBA-master/app/src/main/java/com/rebecasarai/room/Repositories/MainActivityRepository.java,com.rebecasarai.room.Repositories.MainActivityRepository,insertTeams/0,mTeamDao,1
/home/arch_design_predict/download-github-repos/mvvm/repos/Android-MVVM-NBA-master/app/src/main/java/com/rebecasarai/room/Repositories/MainActivityRepository.java,com.rebecasarai.room.Repositories.MainActivityRepository,updateTeam/1[com.rebecasarai.room.models.Team],mTeamDao,1
/home/arch_design_predict/download-github-repos/mvvm/repos/Android-MVVM-NBA-master/app/src/main/java/com/rebecasarai/room/Repositories/MainActivityRepository.java,com.rebecasarai.room.Repositories.MainActivityRepository,getStadiumPrimero/0,mStadiumDao,1
/home/arch_design_predict/download-github-repos/mvvm/repos/Android-MVVM-NBA-master/app/src/main/java/com/rebecasarai/room/Repositories/MainActivityRepository.java,com.rebecasarai.room.Repositories.MainActivityRepository,delete/1[com.rebecasarai.room.models.Team],mTeamDao,1
/home/arch_design_predict/download-github-repos/mvvm/repos/Android-MVVM-NBA-master/app/src/main/java/com/rebecasarai/room/Repositories/MainActivityRepository.java,com.rebecasarai.room.Repositories.MainActivityRepository,getStadiums/0,mStadiumDao,1
/home/arch_design_predict/download-github-repos/mvvm/repos/Android-MVVM-NBA-master/app/src/main/java/com/rebecasarai/room/Repositories/MainActivityRepository.java,com.rebecasarai.room.Repositories.MainActivityRepository,getmTeams/0,mAllTeams,1
/home/arch_design_predict/download-github-repos/mvvm/repos/Android-MVVM-NBA-master/app/src/main/java/com/rebecasarai/room/Repositories/MainActivityRepository.java,com.rebecasarai.room.Repositories.MainActivityRepository,MainActivityRepository/1[android.app.Application],mStadiumDao,1
/home/arch_design_predict/download-github-repos/mvvm/repos/Android-MVVM-NBA-master/app/src/main/java/com/rebecasarai/room/Repositories/MainActivityRepository.java,com.rebecasarai.room.Repositories.MainActivityRepository,MainActivityRepository/1[android.app.Application],mTeamDao,2
/home/arch_design_predict/download-github-repos/mvvm/repos/Android-MVVM-NBA-master/app/src/main/java/com/rebecasarai/room/Repositories/MainActivityRepository.java,com.rebecasarai.room.Repositories.MainActivityRepository,MainActivityRepository/1[android.app.Application],mAllTeams,1
/home/arch_design_predict/download-github-repos/mvvm/repos/Android-MVVM-NBA-master/app/src/main/java/com/rebecasarai/room/Repositories/MainActivityRepository.java,com.rebecasarai.room.Repositories.MainActivityRepository,getStadium/1[int],mStadiumDao,2
/home/arch_design_predict/download-github-repos/mvvm/repos/Android-MVVM-NBA-master/app/src/main/java/com/rebecasarai/room/Repositories/MainActivityRepository.java,com.rebecasarai.room.Repositories.MainActivityRepository,getmTeamsNoTLive/0,mTeamDao,1
/home/arch_design_predict/download-github-repos/mvvm/repos/Android-MVVM-NBA-master/app/src/main/java/com/rebecasarai/room/Repositories/MainActivityRepository.java,com.rebecasarai.room.Repositories.MainActivityRepository,getTeamByIdLive/1[int],mTeamDao,1
/home/arch_design_predict/download-github-repos/mvvm/repos/Android-MVVM-NBA-master/app/src/main/java/com/rebecasarai/room/Repositories/MainActivityRepository.java,com.rebecasarai.room.Repositories.MainActivityRepository,insertTeam/1[com.rebecasarai.room.models.Team],mTeamDao,1
/home/arch_design_predict/download-github-repos/mvvm/repos/Android-MVVM-NBA-master/app/src/main/java/com/rebecasarai/room/Activities/MainActivity.java,com.rebecasarai.room.Activities.MainActivity,openMap/1[int],mViewModel,1
/home/arch_design_predict/download-github-repos/mvvm/repos/Android-MVVM-NBA-master/app/src/main/java/com/rebecasarai/room/Activities/MainActivity.java,com.rebecasarai.room.Activities.MainActivity,onOptionsItemSelected/1[android.view.MenuItem],mViewModel,1
/home/arch_design_predict/download-github-repos/mvvm/repos/Android-MVVM-NBA-master/app/src/main/java/com/rebecasarai/room/Activities/MainActivity.java,com.rebecasarai.room.Activities.MainActivity,onOptionsItemSelected/1[android.view.MenuItem],i,2
/home/arch_design_predict/download-github-repos/mvvm/repos/Android-MVVM-NBA-master/app/src/main/java/com/rebecasarai/room/Activities/MainActivity.java,com.rebecasarai.room.Activities.MainActivity,onCreate/1[android.os.Bundle],mViewModel,2
/home/arch_design_predict/download-github-repos/mvvm/repos/Android-MVVM-NBA-master/app/src/main/java/com/rebecasarai/room/Activities/MainActivity.java,com.rebecasarai.room.Activities.MainActivity,onCreate/1[android.os.Bundle],mText,1
/home/arch_design_predict/download-github-repos/mvvm/repos/Android-MVVM-NBA-master/app/src/main/java/com/rebecasarai/room/Activities/MainActivity.java,com.rebecasarai.room.Activities.MainActivity,onCreate/1[android.os.Bundle],mList,3
/home/arch_design_predict/download-github-repos/mvvm/repos/Android-MVVM-NBA-master/app/src/main/java/com/rebecasarai/room/Activities/MainActivity.java,com.rebecasarai.room.Activities.MainActivity,"onItemClick/4[android.widget.AdapterView<?>,android.view.View,int,long]",i,1
/home/arch_design_predict/download-github-repos/mvvm/repos/Android-MVVM-NBA-master/app/src/main/java/com/rebecasarai/room/Activities/MainActivity.java,com.rebecasarai.room.Activities.MainActivity,onContextItemSelected/1[android.view.MenuItem],mViewModel,1
/home/arch_design_predict/download-github-repos/mvvm/repos/Android-MVVM-NBA-master/app/src/main/java/com/rebecasarai/room/Activities/MainActivity.java,com.rebecasarai.room.Activities.MainActivity,onContextItemSelected/1[android.view.MenuItem],index,3
/home/arch_design_predict/download-github-repos/mvvm/repos/Android-MVVM-NBA-master/app/src/main/java/com/rebecasarai/room/Activities/MainActivity.java,com.rebecasarai.room.Activities.MainActivity,onContextItemSelected/1[android.view.MenuItem],position,2
/home/arch_design_predict/download-github-repos/mvvm/repos/Android-MVVM-NBA-master/app/src/main/java/com/rebecasarai/room/Activities/MainActivity.java,com.rebecasarai.room.Activities.MainActivity,onContextItemSelected/1[android.view.MenuItem],mList,2
/home/arch_design_predict/download-github-repos/mvvm/repos/Android-MVVM-NBA-master/app/src/main/java/com/rebecasarai/room/Activities/MainActivity.java,com.rebecasarai.room.Activities.MainActivity,"onCreateContextMenu/3[android.view.ContextMenu,android.view.View,android.view.ContextMenu.ContextMenuInfo]",position,2
/home/arch_design_predict/download-github-repos/mvvm/repos/Android-MVVM-NBA-master/app/src/main/java/com/rebecasarai/room/models/Stadium.java,com.rebecasarai.room.models.Stadium,getCREATOR/0,CREATOR,1
/home/arch_design_predict/download-github-repos/mvvm/repos/Android-MVVM-NBA-master/app/src/main/java/com/rebecasarai/room/models/Stadium.java,com.rebecasarai.room.models.Stadium,getName/0,name,1
/home/arch_design_predict/download-github-repos/mvvm/repos/Android-MVVM-NBA-master/app/src/main/java/com/rebecasarai/room/models/Stadium.java,com.rebecasarai.room.models.Stadium,setInfo/1[java.lang.String],info,3
/home/arch_design_predict/download-github-repos/mvvm/repos/Android-MVVM-NBA-master/app/src/main/java/com/rebecasarai/room/models/Stadium.java,com.rebecasarai.room.models.Stadium,setAdress/1[java.lang.String],adress,3
/home/arch_design_predict/download-github-repos/mvvm/repos/Android-MVVM-NBA-master/app/src/main/java/com/rebecasarai/room/models/Stadium.java,com.rebecasarai.room.models.Stadium,setIdStadium/1[int],idStadium,3
/home/arch_design_predict/download-github-repos/mvvm/repos/Android-MVVM-NBA-master/app/src/main/java/com/rebecasarai/room/models/Stadium.java,com.rebecasarai.room.models.Stadium,setName/1[java.lang.String],name,3
/home/arch_design_predict/download-github-repos/mvvm/repos/Android-MVVM-NBA-master/app/src/main/java/com/rebecasarai/room/models/Stadium.java,com.rebecasarai.room.models.Stadium,toString/0,idStadium,1
/home/arch_design_predict/download-github-repos/mvvm/repos/Android-MVVM-NBA-master/app/src/main/java/com/rebecasarai/room/models/Stadium.java,com.rebecasarai.room.models.Stadium,getIdStadium/0,idStadium,1
/home/arch_design_predict/download-github-repos/mvvm/repos/Android-MVVM-NBA-master/app/src/main/java/com/rebecasarai/room/models/Stadium.java,com.rebecasarai.room.models.Stadium,getInfo/0,info,1
/home/arch_design_predict/download-github-repos/mvvm/repos/Android-MVVM-NBA-master/app/src/main/java/com/rebecasarai/room/models/Stadium.java,com.rebecasarai.room.models.Stadium,Stadium/1[android.os.Parcel],idStadium,1
/home/arch_design_predict/download-github-repos/mvvm/repos/Android-MVVM-NBA-master/app/src/main/java/com/rebecasarai/room/models/Stadium.java,com.rebecasarai.room.models.Stadium,Stadium/1[android.os.Parcel],name,1
/home/arch_design_predict/download-github-repos/mvvm/repos/Android-MVVM-NBA-master/app/src/main/java/com/rebecasarai/room/models/Stadium.java,com.rebecasarai.room.models.Stadium,Stadium/1[android.os.Parcel],adress,1
/home/arch_design_predict/download-github-repos/mvvm/repos/Android-MVVM-NBA-master/app/src/main/java/com/rebecasarai/room/models/Stadium.java,com.rebecasarai.room.models.Stadium,Stadium/1[android.os.Parcel],info,1
/home/arch_design_predict/download-github-repos/mvvm/repos/Android-MVVM-NBA-master/app/src/main/java/com/rebecasarai/room/models/Stadium.java,com.rebecasarai.room.models.Stadium,"Stadium/3[java.lang.String,java.lang.String,java.lang.String]",name,3
/home/arch_design_predict/download-github-repos/mvvm/repos/Android-MVVM-NBA-master/app/src/main/java/com/rebecasarai/room/models/Stadium.java,com.rebecasarai.room.models.Stadium,"Stadium/3[java.lang.String,java.lang.String,java.lang.String]",adress,3
/home/arch_design_predict/download-github-repos/mvvm/repos/Android-MVVM-NBA-master/app/src/main/java/com/rebecasarai/room/models/Stadium.java,com.rebecasarai.room.models.Stadium,"Stadium/3[java.lang.String,java.lang.String,java.lang.String]",info,3
/home/arch_design_predict/download-github-repos/mvvm/repos/Android-MVVM-NBA-master/app/src/main/java/com/rebecasarai/room/models/Stadium.java,com.rebecasarai.room.models.Stadium,"writeToParcel/2[android.os.Parcel,int]",idStadium,1
/home/arch_design_predict/download-github-repos/mvvm/repos/Android-MVVM-NBA-master/app/src/main/java/com/rebecasarai/room/models/Stadium.java,com.rebecasarai.room.models.Stadium,"writeToParcel/2[android.os.Parcel,int]",name,1
/home/arch_design_predict/download-github-repos/mvvm/repos/Android-MVVM-NBA-master/app/src/main/java/com/rebecasarai/room/models/Stadium.java,com.rebecasarai.room.models.Stadium,"writeToParcel/2[android.os.Parcel,int]",adress,1
/home/arch_design_predict/download-github-repos/mvvm/repos/Android-MVVM-NBA-master/app/src/main/java/com/rebecasarai/room/models/Stadium.java,com.rebecasarai.room.models.Stadium,"writeToParcel/2[android.os.Parcel,int]",info,1
/home/arch_design_predict/download-github-repos/mvvm/repos/Android-MVVM-NBA-master/app/src/main/java/com/rebecasarai/room/models/Stadium.java,com.rebecasarai.room.models.Stadium,getAdress/0,adress,1
/home/arch_design_predict/download-github-repos/mvvm/repos/Android-MVVM-NBA-master/app/build/generated/source/apt/debug/com/rebecasarai/room/DAO/StadiumDao_Impl.java,com.rebecasarai.room.DAO.StadiumDao_Impl$Anonymous4,compute/0,_observer,3
/home/arch_design_predict/download-github-repos/mvvm/repos/Android-MVVM-NBA-master/app/build/generated/source/apt/debug/com/rebecasarai/room/DAO/StadiumDao_Impl.java,com.rebecasarai.room.DAO.StadiumDao_Impl$Anonymous6,compute/0,_observer,3
/home/arch_design_predict/download-github-repos/mvvm/repos/Android-MVVM-NBA-master/app/src/main/java/com/rebecasarai/room/Activities/AddTeamActivity.java,com.rebecasarai.room.Activities.AddTeamActivity,onClick/1[android.view.View],mViewModel,1
/home/arch_design_predict/download-github-repos/mvvm/repos/Android-MVVM-NBA-master/app/src/main/java/com/rebecasarai/room/Activities/AddTeamActivity.java,com.rebecasarai.room.Activities.AddTeamActivity,onClick/1[android.view.View],mEditDescription,1
/home/arch_design_predict/download-github-repos/mvvm/repos/Android-MVVM-NBA-master/app/src/main/java/com/rebecasarai/room/Activities/AddTeamActivity.java,com.rebecasarai.room.Activities.AddTeamActivity,onClick/1[android.view.View],mTeamToAdd,2
/home/arch_design_predict/download-github-repos/mvvm/repos/Android-MVVM-NBA-master/app/src/main/java/com/rebecasarai/room/Activities/AddTeamActivity.java,com.rebecasarai.room.Activities.AddTeamActivity,onClick/1[android.view.View],mEditNameTeam,2
/home/arch_design_predict/download-github-repos/mvvm/repos/Android-MVVM-NBA-master/app/src/main/java/com/rebecasarai/room/Activities/AddTeamActivity.java,com.rebecasarai.room.Activities.AddTeamActivity,onClick/1[android.view.View],mBtnSave,1
/home/arch_design_predict/download-github-repos/mvvm/repos/Android-MVVM-NBA-master/app/src/main/java/com/rebecasarai/room/Activities/AddTeamActivity.java,com.rebecasarai.room.Activities.AddTeamActivity,afterTextChanged/1[android.text.Editable],mEditNameTeam,2
/home/arch_design_predict/download-github-repos/mvvm/repos/Android-MVVM-NBA-master/app/src/main/java/com/rebecasarai/room/Activities/AddTeamActivity.java,com.rebecasarai.room.Activities.AddTeamActivity,onCreate/1[android.os.Bundle],mSpinner,1
/home/arch_design_predict/download-github-repos/mvvm/repos/Android-MVVM-NBA-master/app/src/main/java/com/rebecasarai/room/Activities/AddTeamActivity.java,com.rebecasarai.room.Activities.AddTeamActivity,onCreate/1[android.os.Bundle],mViewModel,3
/home/arch_design_predict/download-github-repos/mvvm/repos/Android-MVVM-NBA-master/app/src/main/java/com/rebecasarai/room/Activities/AddTeamActivity.java,com.rebecasarai.room.Activities.AddTeamActivity,onCreate/1[android.os.Bundle],mTeamListView,1
/home/arch_design_predict/download-github-repos/mvvm/repos/Android-MVVM-NBA-master/app/src/main/java/com/rebecasarai/room/Activities/AddTeamActivity.java,com.rebecasarai.room.Activities.AddTeamActivity,onCreate/1[android.os.Bundle],mEditDescription,1
/home/arch_design_predict/download-github-repos/mvvm/repos/Android-MVVM-NBA-master/app/src/main/java/com/rebecasarai/room/Activities/AddTeamActivity.java,com.rebecasarai.room.Activities.AddTeamActivity,onCreate/1[android.os.Bundle],mEditNameTeam,2
/home/arch_design_predict/download-github-repos/mvvm/repos/Android-MVVM-NBA-master/app/src/main/java/com/rebecasarai/room/Activities/AddTeamActivity.java,com.rebecasarai.room.Activities.AddTeamActivity,onCreate/1[android.os.Bundle],mBtnSave,2
/home/arch_design_predict/download-github-repos/mvvm/repos/Android-MVVM-NBA-master/app/src/main/java/com/rebecasarai/room/Fragments/MyTeamRecyclerViewAdapter.java,com.rebecasarai.room.Fragments.MyTeamRecyclerViewAdapter,"onBindViewHolder/2[com.rebecasarai.room.Fragments.MyTeamRecyclerViewAdapter.ViewHolder,int]",mTeams,3
/home/arch_design_predict/download-github-repos/mvvm/repos/Android-MVVM-NBA-master/app/src/main/java/com/rebecasarai/room/Fragments/MyTeamRecyclerViewAdapter.java,com.rebecasarai.room.Fragments.MyTeamRecyclerViewAdapter,"MyTeamRecyclerViewAdapter/2[java.util.List<com.rebecasarai.room.models.Team>,com.rebecasarai.room.Fragments.TeamFragment.OnListFragmentInteractionListener]",mTeams,1
/home/arch_design_predict/download-github-repos/mvvm/repos/Android-MVVM-NBA-master/app/src/main/java/com/rebecasarai/room/Fragments/MyTeamRecyclerViewAdapter.java,com.rebecasarai.room.Fragments.MyTeamRecyclerViewAdapter,"MyTeamRecyclerViewAdapter/2[java.util.List<com.rebecasarai.room.models.Team>,com.rebecasarai.room.Fragments.TeamFragment.OnListFragmentInteractionListener]",mListener,1
/home/arch_design_predict/download-github-repos/mvvm/repos/Android-MVVM-NBA-master/app/src/main/java/com/rebecasarai/room/Fragments/MyTeamRecyclerViewAdapter.java,com.rebecasarai.room.Fragments.MyTeamRecyclerViewAdapter,getItemCount/0,mTeams,1
/home/arch_design_predict/download-github-repos/mvvm/repos/Android-MVVM-NBA-master/app/src/main/java/com/rebecasarai/room/Activities/DetailsActivity.java,com.rebecasarai.room.Activities.DetailsActivity,onCreate/1[android.os.Bundle],mViewModel,1
/home/arch_design_predict/download-github-repos/mvvm/repos/Android-MVVM-NBA-master/app/src/main/java/com/rebecasarai/room/Activities/DetailsActivity.java,com.rebecasarai.room.Activities.DetailsActivity,onCreate/1[android.os.Bundle],fragmentTransaction,3
/home/arch_design_predict/download-github-repos/mvvm/repos/Android-MVVM-NBA-master/app/src/main/java/com/rebecasarai/room/Activities/DetailsActivity.java,com.rebecasarai.room.Activities.DetailsActivity,onCreate/1[android.os.Bundle],fragmentManager,2
/home/arch_design_predict/download-github-repos/mvvm/repos/Android-MVVM-NBA-master/app/src/main/java/com/rebecasarai/room/Activities/DetailsActivity.java,com.rebecasarai.room.Activities.DetailsActivity,onOptionsItemSelected/1[android.view.MenuItem],mViewModel,1
/home/arch_design_predict/download-github-repos/mvvm/repos/Android-MVVM-NBA-master/app/src/main/java/com/rebecasarai/room/Activities/DetailsActivity.java,com.rebecasarai.room.Activities.DetailsActivity,onListFragmentInteraction/1[com.rebecasarai.room.models.Team],mViewModel,1
/home/arch_design_predict/download-github-repos/mvvm/repos/Android-MVVM-NBA-master/app/src/main/java/com/rebecasarai/room/Repositories/MainActivityRepository.java,com.rebecasarai.room.Repositories.MainActivityRepository$InsertStadiumAsync,doInBackground/1[com.rebecasarai.room.models.Stadium[]],mAsyncTaskDao,1
/home/arch_design_predict/download-github-repos/mvvm/repos/Android-MVVM-NBA-master/app/src/main/java/com/rebecasarai/room/Repositories/MainActivityRepository.java,com.rebecasarai.room.Repositories.MainActivityRepository$InsertStadiumAsync,InsertStadiumAsync/1[com.rebecasarai.room.DAO.StadiumDao],mAsyncTaskDao,1
/home/arch_design_predict/download-github-repos/mvvm/repos/Android-MVVM-NBA-master/app/src/main/java/com/rebecasarai/room/Fragments/MasterFragment.java,com.rebecasarai.room.Fragments.MasterFragment,"onCreateView/3[android.view.LayoutInflater,android.view.ViewGroup,android.os.Bundle]",mViewModel,2
/home/arch_design_predict/download-github-repos/mvvm/repos/Android-MVVM-NBA-master/app/src/main/java/com/rebecasarai/room/Fragments/MasterFragment.java,com.rebecasarai.room.Fragments.MasterFragment,"onCreateView/3[android.view.LayoutInflater,android.view.ViewGroup,android.os.Bundle]",rootView,3
/home/arch_design_predict/download-github-repos/mvvm/repos/Android-MVVM-NBA-master/app/src/main/java/com/rebecasarai/room/Fragments/MasterFragment.java,com.rebecasarai.room.Fragments.MasterFragment,"onCreateView/3[android.view.LayoutInflater,android.view.ViewGroup,android.os.Bundle]",mList,2
/home/arch_design_predict/download-github-repos/mvvm/repos/Android-MVVM-NBA-master/app/src/main/java/com/rebecasarai/room/Fragments/MasterFragment.java,com.rebecasarai.room.Fragments.MasterFragment,"onItemClick/4[android.widget.AdapterView<?>,android.view.View,int,long]",mViewModel,1
