file,class,type,cbo,cboModified,fanin,fanout,wmc,dit,noc,rfc,lcom,lcom*,tcc,lcc,totalMethodsQty,staticMethodsQty,publicMethodsQty,privateMethodsQty,protectedMethodsQty,defaultMethodsQty,visibleMethodsQty,abstractMethodsQty,finalMethodsQty,synchronizedMethodsQty,totalFieldsQty,staticFieldsQty,publicFieldsQty,privateFieldsQty,protectedFieldsQty,defaultFieldsQty,finalFieldsQty,synchronizedFieldsQty,nosi,loc,returnQty,loopQty,comparisonsQty,tryCatchQty,parenthesizedExpsQty,stringLiteralsQty,numbersQty,assignmentsQty,mathOperationsQty,variablesQty,maxNestedBlocksQty,anonymousClassesQty,innerClassesQty,lambdasQty,uniqueWordsQty,modifiers,logStatementsQty
/home/arch_design_predict/download-github-repos/mvvm/repos/LifeMgr-master/app/src/test/java/com/mvstar/edwinwu/lifemgr/mockito/UserServiceTest.java,com.mvstar.edwinwu.lifemgr.mockito.UserServiceTest,class,10,11,1,10,8,1,0,31,0,0.4375,0.6666667,0.6666667,8,0,6,2,0,0,6,0,0,0,6,3,0,6,0,0,3,0,0,62,2,0,0,0,0,10,3,13,0,13,0,0,0,0,59,1,0
/home/arch_design_predict/download-github-repos/mvvm/repos/LifeMgr-master/app/src/main/java/com/mvstar/edwinwu/lifemgr/ui/contact/list/ContactListAdapter.java,com.mvstar.edwinwu.lifemgr.ui.contact.list.ContactListAdapter$ContactListAdapterOnItemClickHandler,interface,0,0,0,0,2,1,0,0,1,0.0,0.0,0.0,2,0,0,0,0,2,2,0,0,0,0,0,0,0,0,0,0,0,0,4,0,0,0,0,0,0,0,0,0,0,0,0,0,0,15,1,0
/home/arch_design_predict/download-github-repos/mvvm/repos/LifeMgr-master/app/src/main/java/com/mvstar/edwinwu/lifemgr/ui/contact/list/ContactListActivity.java,com.mvstar.edwinwu.lifemgr.ui.contact.list.ContactListActivity,class,16,17,1,16,16,2,0,36,6,0.73333335,0.2,0.3,5,0,4,0,1,0,5,0,0,0,6,0,0,6,0,0,0,0,1,80,5,0,8,0,0,0,1,13,0,14,3,1,0,2,71,1,0
/home/arch_design_predict/download-github-repos/mvvm/repos/LifeMgr-master/app/src/main/java/com/mvstar/edwinwu/lifemgr/mockito/User.java,com.mvstar.edwinwu.lifemgr.mockito.User,class,0,3,3,0,7,1,0,0,3,0.5714286,0.42857143,1.0,7,0,7,0,0,0,7,0,0,0,3,0,0,3,0,0,0,0,0,28,3,0,0,0,0,0,0,6,0,3,0,0,0,0,11,1,0
/home/arch_design_predict/download-github-repos/mvvm/repos/LifeMgr-master/app/src/main/java/com/mvstar/edwinwu/lifemgr/mockito/UserRepository.java,com.mvstar.edwinwu.lifemgr.mockito.UserRepository,interface,1,3,2,1,1,1,0,0,0,0.0,NaN,NaN,1,0,0,0,0,1,1,0,0,0,0,0,0,0,0,0,0,0,0,3,0,0,0,0,0,0,0,0,0,0,0,0,0,0,6,1,0
/home/arch_design_predict/download-github-repos/mvvm/repos/LifeMgr-master/app/src/main/java/com/mvstar/edwinwu/lifemgr/ui/contact/detail/ContactDetailViewModel.java,com.mvstar.edwinwu.lifemgr.ui.contact.detail.ContactDetailViewModel,class,6,9,3,6,5,2,0,12,0,0.55,0.6,1.0,5,0,5,0,0,0,5,0,0,0,4,0,0,4,0,0,4,0,0,33,2,0,0,0,0,8,0,6,0,12,1,0,0,6,21,0,0
/home/arch_design_predict/download-github-repos/mvvm/repos/LifeMgr-master/app/src/main/java/com/mvstar/edwinwu/lifemgr/data/ContactRepository.java,com.mvstar.edwinwu.lifemgr.data.ContactRepository,class,6,14,8,6,9,1,0,8,0,0.725,0.71428573,0.71428573,8,1,7,1,0,0,7,0,0,1,5,3,0,5,0,0,4,0,0,39,4,0,1,0,0,2,0,5,0,5,2,0,0,0,39,1,0
/home/arch_design_predict/download-github-repos/mvvm/repos/LifeMgr-master/app/src/main/java/com/mvstar/edwinwu/lifemgr/data/database/ContactDatabase.java,com.mvstar.edwinwu.lifemgr.data.database.ContactDatabase,class,6,8,2,6,3,2,0,5,1,0.5,0.0,0.0,2,1,2,0,0,0,2,1,0,0,4,4,0,4,0,0,3,0,0,17,1,0,1,0,0,3,1,4,0,4,2,0,0,0,29,1025,0
/home/arch_design_predict/download-github-repos/mvvm/repos/LifeMgr-master/app/src/main/java/com/mvstar/edwinwu/lifemgr/ui/contact/list/ContactListAdapter.java,com.mvstar.edwinwu.lifemgr.ui.contact.list.ContactListAdapter,class,12,13,1,12,6,2,0,13,2,0.65000004,0.4,0.4,5,0,4,0,0,1,5,0,0,0,4,0,0,4,0,0,2,0,0,75,3,0,1,0,0,1,1,6,1,6,1,0,2,0,34,0,0
/home/arch_design_predict/download-github-repos/mvvm/repos/LifeMgr-master/app/src/main/java/com/mvstar/edwinwu/lifemgr/mockito/UserService.java,com.mvstar.edwinwu.lifemgr.mockito.UserService,class,4,6,2,4,5,1,0,7,2,0.5,1.0,1.0,4,0,2,2,0,0,2,0,0,0,2,0,0,2,0,0,2,0,0,19,3,0,1,0,0,0,0,4,0,4,0,0,0,0,13,1,0
/home/arch_design_predict/download-github-repos/mvvm/repos/LifeMgr-master/app/src/main/java/com/mvstar/edwinwu/lifemgr/ui/contact/detail/ContactDetailFragment.java,com.mvstar.edwinwu.lifemgr.ui.contact.detail.ContactDetailFragment,class,14,17,3,14,12,2,0,30,1,0.71428573,0.06666667,0.06666667,7,0,5,1,0,1,6,0,0,0,5,1,1,4,0,0,2,0,1,75,2,0,2,0,0,3,0,18,0,16,2,1,0,1,67,1,0
/home/arch_design_predict/download-github-repos/mvvm/repos/LifeMgr-master/app/src/main/java/com/mvstar/edwinwu/lifemgr/ui/contact/list/ContactListActivity.java,com.mvstar.edwinwu.lifemgr.ui.contact.list.ContactListActivity$Anonymous1,anonymous,3,3,0,3,1,1,0,2,0,0.0,NaN,NaN,1,0,1,0,0,0,1,0,0,0,0,0,0,0,0,0,0,0,0,7,0,0,0,0,0,0,0,1,0,1,0,0,0,0,9,-1,0
/home/arch_design_predict/download-github-repos/mvvm/repos/LifeMgr-master/app/src/main/java/com/mvstar/edwinwu/lifemgr/data/network/ContactNetworkDataSource.java,com.mvstar.edwinwu.lifemgr.data.network.ContactNetworkDataSource,class,2,5,3,2,3,1,0,3,1,0.5,NaN,NaN,2,1,1,1,0,0,1,0,0,0,4,3,0,4,0,0,3,0,0,19,1,0,1,0,0,2,0,4,0,4,2,0,0,0,34,1,0
/home/arch_design_predict/download-github-repos/mvvm/repos/LifeMgr-master/app/src/main/java/com/mvstar/edwinwu/lifemgr/ui/contact/detail/ContactDetailFragment.java,com.mvstar.edwinwu.lifemgr.ui.contact.detail.ContactDetailFragment$Anonymous1,anonymous,3,3,0,3,3,1,0,8,0,0.0,NaN,NaN,1,0,1,0,0,0,1,0,0,0,0,0,0,0,0,0,0,0,1,12,0,0,2,0,0,0,0,0,0,0,2,0,0,0,11,-1,0
/home/arch_design_predict/download-github-repos/mvvm/repos/LifeMgr-master/app/src/main/java/com/mvstar/edwinwu/lifemgr/ui/contact/detail/ContactDetailActivity.java,com.mvstar.edwinwu.lifemgr.ui.contact.detail.ContactDetailActivity$Anonymous1,anonymous,2,2,0,2,1,1,0,1,0,0.0,NaN,NaN,1,0,1,0,0,0,1,0,0,0,0,0,0,0,0,0,0,0,0,5,0,0,0,0,0,0,0,0,0,0,0,0,0,0,5,-1,0
/home/arch_design_predict/download-github-repos/mvvm/repos/LifeMgr-master/app/src/main/java/com/mvstar/edwinwu/lifemgr/mockito/PasswordEncoder.java,com.mvstar.edwinwu.lifemgr.mockito.PasswordEncoder,interface,0,2,2,0,1,1,0,0,0,0.0,NaN,NaN,1,0,0,0,0,1,1,0,0,0,0,0,0,0,0,0,0,0,0,3,0,0,0,0,0,0,0,0,0,0,0,0,0,0,4,1,0
/home/arch_design_predict/download-github-repos/mvvm/repos/LifeMgr-master/app/src/main/java/com/mvstar/edwinwu/lifemgr/data/database/ContactEntry.java,com.mvstar.edwinwu.lifemgr.data.database.ContactEntry,class,5,14,9,5,7,1,0,0,1,0.6,0.47619048,1.0,7,0,7,0,0,0,7,0,0,0,5,0,0,5,0,0,0,0,0,35,5,0,0,0,0,2,0,9,0,5,0,0,0,0,31,1,0
/home/arch_design_predict/download-github-repos/mvvm/repos/LifeMgr-master/app/src/main/java/com/mvstar/edwinwu/lifemgr/utilities/ViewModelActionResult.java,com.mvstar.edwinwu.lifemgr.utilities.ViewModelActionResult,class,3,7,4,3,4,1,0,0,6,0.0,0.0,0.0,4,1,4,0,0,0,4,3,0,0,0,0,0,0,0,0,0,0,0,8,1,0,0,0,0,0,0,0,0,0,0,0,0,0,15,1025,0
/home/arch_design_predict/download-github-repos/mvvm/repos/LifeMgr-master/app/src/main/java/com/mvstar/edwinwu/lifemgr/data/database/ContactDao.java,com.mvstar.edwinwu.lifemgr.data.database.ContactDao,interface,7,9,2,7,7,1,0,0,21,0.0,0.0,0.0,7,0,0,0,0,7,7,0,0,0,0,0,0,0,0,0,0,0,0,9,0,0,0,0,0,4,0,0,0,0,0,0,0,0,22,1,0
/home/arch_design_predict/download-github-repos/mvvm/repos/LifeMgr-master/app/src/main/java/com/mvstar/edwinwu/lifemgr/ui/contact/list/ContactListAdapter.java,com.mvstar.edwinwu.lifemgr.ui.contact.list.ContactListAdapter$ViewHolder$Anonymous1,anonymous,3,3,0,3,3,1,0,6,0,0.0,NaN,NaN,1,0,1,0,0,0,1,0,0,0,0,0,0,0,0,0,0,0,0,15,1,0,0,0,0,0,2,2,0,2,1,0,0,0,11,-1,0
/home/arch_design_predict/download-github-repos/mvvm/repos/LifeMgr-master/app/src/androidTest/java/com/mvstar/edwinwu/lifemgr/ExampleInstrumentedTest.java,com.mvstar.edwinwu.lifemgr.ExampleInstrumentedTest,class,4,4,0,4,1,1,0,3,0,0.0,NaN,NaN,1,0,1,0,0,0,1,0,0,0,0,0,0,0,0,0,0,0,0,6,0,0,0,0,0,1,0,1,0,1,0,0,0,0,20,1,0
/home/arch_design_predict/download-github-repos/mvvm/repos/LifeMgr-master/app/src/main/java/com/mvstar/edwinwu/lifemgr/utilities/InjectorUtils.java,com.mvstar.edwinwu.lifemgr.utilities.InjectorUtils,class,7,10,3,7,4,1,0,6,6,0.0,0.0,0.0,4,4,4,0,0,0,4,0,0,0,0,0,0,0,0,0,0,0,7,19,4,0,0,0,0,0,0,4,0,4,0,0,0,0,27,1,0
/home/arch_design_predict/download-github-repos/mvvm/repos/LifeMgr-master/app/src/test/java/com/mvstar/edwinwu/lifemgr/ui/contact/detail/ContactDetailViewModelTest.java,com.mvstar.edwinwu.lifemgr.ui.contact.detail.ContactDetailViewModelTest,class,6,6,0,6,6,1,0,14,0,0.25,0.6666667,0.6666667,6,0,6,0,0,0,6,0,0,0,2,0,0,2,0,0,0,0,0,26,0,0,0,0,0,0,0,1,0,2,0,0,0,0,26,1,0
/home/arch_design_predict/download-github-repos/mvvm/repos/LifeMgr-master/app/src/main/java/com/mvstar/edwinwu/lifemgr/ui/contact/list/ContactListAdapter.java,com.mvstar.edwinwu.lifemgr.ui.contact.list.ContactListAdapter$ViewHolder,innerclass,11,11,0,11,3,2,0,8,3,0.6666667,0.0,0.0,3,0,2,0,0,1,3,0,0,0,4,0,0,1,0,3,4,0,0,40,0,0,0,0,0,2,4,8,0,8,0,1,0,0,25,0,0
/home/arch_design_predict/download-github-repos/mvvm/repos/LifeMgr-master/app/src/main/java/com/mvstar/edwinwu/lifemgr/ui/contact/detail/ContactDetailViewModelFactory.java,com.mvstar.edwinwu.lifemgr.ui.contact.detail.ContactDetailViewModelFactory,class,4,6,2,4,2,2,0,0,0,0.0,1.0,1.0,2,0,2,0,0,0,2,0,0,0,2,0,0,2,0,0,2,0,0,11,1,0,0,0,0,0,0,2,0,2,0,0,0,0,14,1,0
/home/arch_design_predict/download-github-repos/mvvm/repos/LifeMgr-master/app/src/main/java/com/mvstar/edwinwu/lifemgr/ui/contact/list/ContactListViewModelFactory.java,com.mvstar.edwinwu.lifemgr.ui.contact.list.ContactListViewModelFactory,class,4,6,2,4,2,1,0,0,0,0.0,1.0,1.0,2,0,2,0,0,0,2,0,0,0,1,0,0,1,0,0,1,0,0,9,1,0,0,0,0,0,0,1,0,1,0,0,0,0,12,1,0
/home/arch_design_predict/download-github-repos/mvvm/repos/LifeMgr-master/app/src/main/java/com/mvstar/edwinwu/lifemgr/ui/contact/detail/ContactDetailActivity.java,com.mvstar.edwinwu.lifemgr.ui.contact.detail.ContactDetailActivity,class,10,13,3,10,7,2,0,20,3,0.0,0.0,0.0,3,0,1,1,1,0,2,0,0,0,0,0,0,0,0,0,0,0,0,40,2,0,4,0,0,0,0,7,0,7,1,1,0,0,70,1,0
/home/arch_design_predict/download-github-repos/mvvm/repos/LifeMgr-master/app/src/main/java/com/mvstar/edwinwu/lifemgr/ui/contact/list/ContactListViewModel.java,com.mvstar.edwinwu.lifemgr.ui.contact.list.ContactListViewModel,class,8,11,3,8,5,2,0,12,0,0.5,0.5,1.0,4,0,4,0,0,0,4,0,0,0,3,0,0,3,0,0,3,0,0,24,2,0,1,0,0,5,0,4,0,7,2,0,0,3,24,0,0
/home/arch_design_predict/download-github-repos/mvvm/repos/LifeMgr-master/app/src/main/java/com/mvstar/edwinwu/lifemgr/utilities/InformActionResult.java,com.mvstar.edwinwu.lifemgr.utilities.InformActionResult,class,2,3,1,2,3,1,0,2,3,0.0,0.0,0.0,3,3,3,0,0,0,3,0,0,0,0,0,0,0,0,0,0,0,0,14,0,0,0,0,0,6,0,3,2,3,0,0,0,0,17,1,0
/home/arch_design_predict/download-github-repos/mvvm/repos/LifeMgr-master/app/src/test/java/com/mvstar/edwinwu/lifemgr/ui/contact/list/ContactListViewModelTest.java,com.mvstar.edwinwu.lifemgr.ui.contact.list.ContactListViewModelTest,class,9,9,0,9,6,1,0,14,0,0.33333334,0.6666667,0.6666667,6,0,6,0,0,0,6,0,0,0,2,0,0,2,0,0,0,0,0,27,0,0,0,0,0,0,0,2,0,3,0,0,0,0,31,1,0
