file,class,method,variable,usage
/home/arch_design_predict/download-github-repos/mvp/repos/Treasure-master/app/src/main/java/com/jyc99/treasure/api/baseFile/OkHttp3Utils.java,com.jyc99.treasure.api.baseFile.OkHttp3Utils$CookiesManager,loadForRequest/1[com.jyc99.treasure.api.baseFile.HttpUrl],cookieStore,1
/home/arch_design_predict/download-github-repos/mvp/repos/Treasure-master/app/src/main/java/com/jyc99/treasure/api/baseFile/OkHttp3Utils.java,com.jyc99.treasure.api.baseFile.OkHttp3Utils$CookiesManager,"saveFromResponse/2[com.jyc99.treasure.api.baseFile.HttpUrl,java.util.List<com.jyc99.treasure.api.baseFile.Cookie>]",cookieStore,1
/home/arch_design_predict/download-github-repos/mvp/repos/Treasure-master/app/src/main/java/com/jyc99/treasure/base/LifecycleLazyFragment.java,com.jyc99.treasure.base.LifecycleLazyFragment,onDestroyView/0,isInit,2
/home/arch_design_predict/download-github-repos/mvp/repos/Treasure-master/app/src/main/java/com/jyc99/treasure/base/LifecycleLazyFragment.java,com.jyc99.treasure.base.LifecycleLazyFragment,setContentView/1[int],layout,3
/home/arch_design_predict/download-github-repos/mvp/repos/Treasure-master/app/src/main/java/com/jyc99/treasure/base/LifecycleLazyFragment.java,com.jyc99.treasure.base.LifecycleLazyFragment,setContentView/1[int],isLazyLoad,1
/home/arch_design_predict/download-github-repos/mvp/repos/Treasure-master/app/src/main/java/com/jyc99/treasure/base/LifecycleLazyFragment.java,com.jyc99.treasure.base.LifecycleLazyFragment,onCreateViewLazy/1[com.jyc99.treasure.base.Bundle],savedInstanceState,2
/home/arch_design_predict/download-github-repos/mvp/repos/Treasure-master/app/src/main/java/com/jyc99/treasure/base/LifecycleLazyFragment.java,com.jyc99.treasure.base.LifecycleLazyFragment,setContentView/1[com.jyc99.treasure.base.View],layout,2
/home/arch_design_predict/download-github-repos/mvp/repos/Treasure-master/app/src/main/java/com/jyc99/treasure/base/LifecycleLazyFragment.java,com.jyc99.treasure.base.LifecycleLazyFragment,setContentView/1[com.jyc99.treasure.base.View],isLazyLoad,1
/home/arch_design_predict/download-github-repos/mvp/repos/Treasure-master/app/src/main/java/com/jyc99/treasure/base/LifecycleLazyFragment.java,com.jyc99.treasure.base.LifecycleLazyFragment,onStart/0,isStart,2
/home/arch_design_predict/download-github-repos/mvp/repos/Treasure-master/app/src/main/java/com/jyc99/treasure/base/LifecycleLazyFragment.java,com.jyc99.treasure.base.LifecycleLazyFragment,onStart/0,isInit,1
/home/arch_design_predict/download-github-repos/mvp/repos/Treasure-master/app/src/main/java/com/jyc99/treasure/base/LifecycleLazyFragment.java,com.jyc99.treasure.base.LifecycleLazyFragment,onStop/0,isStart,2
/home/arch_design_predict/download-github-repos/mvp/repos/Treasure-master/app/src/main/java/com/jyc99/treasure/base/LifecycleLazyFragment.java,com.jyc99.treasure.base.LifecycleLazyFragment,onStop/0,isInit,1
/home/arch_design_predict/download-github-repos/mvp/repos/Treasure-master/app/src/main/java/com/jyc99/treasure/base/LifecycleLazyFragment.java,com.jyc99.treasure.base.LifecycleLazyFragment,onCreateView/1[com.jyc99.treasure.base.Bundle],layout,4
/home/arch_design_predict/download-github-repos/mvp/repos/Treasure-master/app/src/main/java/com/jyc99/treasure/base/LifecycleLazyFragment.java,com.jyc99.treasure.base.LifecycleLazyFragment,onCreateView/1[com.jyc99.treasure.base.Bundle],savedInstanceState,6
/home/arch_design_predict/download-github-repos/mvp/repos/Treasure-master/app/src/main/java/com/jyc99/treasure/base/LifecycleLazyFragment.java,com.jyc99.treasure.base.LifecycleLazyFragment,onCreateView/1[com.jyc99.treasure.base.Bundle],INTENT_BOOLEAN_LAZYLOAD,1
/home/arch_design_predict/download-github-repos/mvp/repos/Treasure-master/app/src/main/java/com/jyc99/treasure/base/LifecycleLazyFragment.java,com.jyc99.treasure.base.LifecycleLazyFragment,onCreateView/1[com.jyc99.treasure.base.Bundle],userNetWork,2
/home/arch_design_predict/download-github-repos/mvp/repos/Treasure-master/app/src/main/java/com/jyc99/treasure/base/LifecycleLazyFragment.java,com.jyc99.treasure.base.LifecycleLazyFragment,onCreateView/1[com.jyc99.treasure.base.Bundle],isLazyLoad,3
/home/arch_design_predict/download-github-repos/mvp/repos/Treasure-master/app/src/main/java/com/jyc99/treasure/base/LifecycleLazyFragment.java,com.jyc99.treasure.base.LifecycleLazyFragment,onCreateView/1[com.jyc99.treasure.base.Bundle],isInit,3
/home/arch_design_predict/download-github-repos/mvp/repos/Treasure-master/app/src/main/java/com/jyc99/treasure/base/LifecycleLazyFragment.java,com.jyc99.treasure.base.LifecycleLazyFragment,setUserVisibleHint/1[boolean],savedInstanceState,1
/home/arch_design_predict/download-github-repos/mvp/repos/Treasure-master/app/src/main/java/com/jyc99/treasure/base/LifecycleLazyFragment.java,com.jyc99.treasure.base.LifecycleLazyFragment,setUserVisibleHint/1[boolean],isStart,2
/home/arch_design_predict/download-github-repos/mvp/repos/Treasure-master/app/src/main/java/com/jyc99/treasure/base/LifecycleLazyFragment.java,com.jyc99.treasure.base.LifecycleLazyFragment,setUserVisibleHint/1[boolean],isInit,3
/home/arch_design_predict/download-github-repos/mvp/repos/Treasure-master/app/src/main/java/com/jyc99/treasure/base/LifecycleLazyFragment.java,com.jyc99.treasure.base.LifecycleLazyFragment,onPause/0,isInit,1
/home/arch_design_predict/download-github-repos/mvp/repos/Treasure-master/app/src/main/java/com/jyc99/treasure/base/LifecycleLazyFragment.java,com.jyc99.treasure.base.LifecycleLazyFragment,onResume/0,isInit,1
/home/arch_design_predict/download-github-repos/mvp/repos/Treasure-master/app/src/main/java/com/jyc99/treasure/utils/StringUtils.java,com.jyc99.treasure.utils.StringUtils,friendlyTime/1[java.lang.String],dateFormater2,3
/home/arch_design_predict/download-github-repos/mvp/repos/Treasure-master/app/src/main/java/com/jyc99/treasure/utils/StringUtils.java,com.jyc99.treasure.utils.StringUtils,isEmail/1[java.lang.CharSequence],emailer,1
/home/arch_design_predict/download-github-repos/mvp/repos/Treasure-master/app/src/main/java/com/jyc99/treasure/utils/StringUtils.java,com.jyc99.treasure.utils.StringUtils,"transtion/2[java.lang.String,java.lang.String]",d_now,3
/home/arch_design_predict/download-github-repos/mvp/repos/Treasure-master/app/src/main/java/com/jyc99/treasure/utils/StringUtils.java,com.jyc99.treasure.utils.StringUtils,"transtion/2[java.lang.String,java.lang.String]",d_all,3
/home/arch_design_predict/download-github-repos/mvp/repos/Treasure-master/app/src/main/java/com/jyc99/treasure/utils/StringUtils.java,com.jyc99.treasure.utils.StringUtils,isPhone/1[java.lang.CharSequence],phone,1
/home/arch_design_predict/download-github-repos/mvp/repos/Treasure-master/app/src/main/java/com/jyc99/treasure/utils/StringUtils.java,com.jyc99.treasure.utils.StringUtils,toDate/1[java.lang.String],dateFormater,1
/home/arch_design_predict/download-github-repos/mvp/repos/Treasure-master/app/src/main/java/com/jyc99/treasure/utils/StringUtils.java,com.jyc99.treasure.utils.StringUtils,"toDate/2[java.lang.String,java.text.SimpleDateFormat]",dateFormater,2
/home/arch_design_predict/download-github-repos/mvp/repos/Treasure-master/app/src/main/java/com/jyc99/treasure/utils/ErrorHandler.java,com.jyc99.treasure.utils.ErrorHandler,handle/1[java.lang.Throwable],data,1
/home/arch_design_predict/download-github-repos/mvp/repos/Treasure-master/app/src/main/java/com/jyc99/treasure/utils/CipherUtils.java,com.jyc99.treasure.utils.CipherUtils,"decrypt/2[java.lang.String,java.lang.String]",keyString,1
/home/arch_design_predict/download-github-repos/mvp/repos/Treasure-master/app/src/main/java/com/jyc99/treasure/utils/CipherUtils.java,com.jyc99.treasure.utils.CipherUtils,encrypt/1[java.lang.String],keyString,1
/home/arch_design_predict/download-github-repos/mvp/repos/Treasure-master/app/src/main/java/com/jyc99/treasure/utils/CipherUtils.java,com.jyc99.treasure.utils.CipherUtils,decrypt/1[java.lang.String],keyString,1
/home/arch_design_predict/download-github-repos/mvp/repos/Treasure-master/app/src/main/java/com/jyc99/treasure/view/DialogView.java,com.jyc99.treasure.view.DialogView,isdismiss/1[int],tag,1
/home/arch_design_predict/download-github-repos/mvp/repos/Treasure-master/app/src/main/java/com/jyc99/treasure/api/baseFile/SerializableOkHttpCookies.java,com.jyc99.treasure.api.baseFile.SerializableOkHttpCookies,writeObject/1[java.io.ObjectOutputStream],cookies,9
/home/arch_design_predict/download-github-repos/mvp/repos/Treasure-master/app/src/main/java/com/jyc99/treasure/api/baseFile/SerializableOkHttpCookies.java,com.jyc99.treasure.api.baseFile.SerializableOkHttpCookies,getCookies/0,clientCookies,2
/home/arch_design_predict/download-github-repos/mvp/repos/Treasure-master/app/src/main/java/com/jyc99/treasure/api/baseFile/SerializableOkHttpCookies.java,com.jyc99.treasure.api.baseFile.SerializableOkHttpCookies,getCookies/0,cookies,1
/home/arch_design_predict/download-github-repos/mvp/repos/Treasure-master/app/src/main/java/com/jyc99/treasure/api/baseFile/SerializableOkHttpCookies.java,com.jyc99.treasure.api.baseFile.SerializableOkHttpCookies,SerializableOkHttpCookies/1[com.jyc99.treasure.api.baseFile.Cookie],cookies,3
/home/arch_design_predict/download-github-repos/mvp/repos/Treasure-master/app/src/main/java/com/jyc99/treasure/api/baseFile/SerializableOkHttpCookies.java,com.jyc99.treasure.api.baseFile.SerializableOkHttpCookies,readObject/1[java.io.ObjectInputStream],clientCookies,1
/home/arch_design_predict/download-github-repos/mvp/repos/Treasure-master/app/src/main/java/com/jyc99/treasure/model/UserRechargeWay.java,com.jyc99.treasure.model.UserRechargeWay$DatasBean$PicurlsBean,getPicUrl/0,picUrl,1
/home/arch_design_predict/download-github-repos/mvp/repos/Treasure-master/app/src/main/java/com/jyc99/treasure/model/UserRechargeWay.java,com.jyc99.treasure.model.UserRechargeWay$DatasBean$PicurlsBean,getCode/0,code,1
/home/arch_design_predict/download-github-repos/mvp/repos/Treasure-master/app/src/main/java/com/jyc99/treasure/model/UserRechargeWay.java,com.jyc99.treasure.model.UserRechargeWay$DatasBean$PicurlsBean,isIconflag/0,iconflag,1
/home/arch_design_predict/download-github-repos/mvp/repos/Treasure-master/app/src/main/java/com/jyc99/treasure/model/UserRechargeWay.java,com.jyc99.treasure.model.UserRechargeWay$DatasBean$PicurlsBean,getDesc/0,desc,1
/home/arch_design_predict/download-github-repos/mvp/repos/Treasure-master/app/src/main/java/com/jyc99/treasure/model/UserRechargeWay.java,com.jyc99.treasure.model.UserRechargeWay$DatasBean$PicurlsBean,setDesc/1[java.lang.String],desc,3
/home/arch_design_predict/download-github-repos/mvp/repos/Treasure-master/app/src/main/java/com/jyc99/treasure/model/UserRechargeWay.java,com.jyc99.treasure.model.UserRechargeWay$DatasBean$PicurlsBean,setPicUrl/1[java.lang.String],picUrl,3
/home/arch_design_predict/download-github-repos/mvp/repos/Treasure-master/app/src/main/java/com/jyc99/treasure/model/UserRechargeWay.java,com.jyc99.treasure.model.UserRechargeWay$DatasBean$PicurlsBean,isEnable/0,enable,1
/home/arch_design_predict/download-github-repos/mvp/repos/Treasure-master/app/src/main/java/com/jyc99/treasure/model/UserRechargeWay.java,com.jyc99.treasure.model.UserRechargeWay$DatasBean$PicurlsBean,setEnable/1[boolean],enable,3
/home/arch_design_predict/download-github-repos/mvp/repos/Treasure-master/app/src/main/java/com/jyc99/treasure/model/UserRechargeWay.java,com.jyc99.treasure.model.UserRechargeWay$DatasBean$PicurlsBean,setIconflag/1[boolean],iconflag,3
/home/arch_design_predict/download-github-repos/mvp/repos/Treasure-master/app/src/main/java/com/jyc99/treasure/model/UserRechargeWay.java,com.jyc99.treasure.model.UserRechargeWay$DatasBean$PicurlsBean,setSystem/1[int],system,3
/home/arch_design_predict/download-github-repos/mvp/repos/Treasure-master/app/src/main/java/com/jyc99/treasure/model/UserRechargeWay.java,com.jyc99.treasure.model.UserRechargeWay$DatasBean$PicurlsBean,setCode/1[java.lang.String],code,3
/home/arch_design_predict/download-github-repos/mvp/repos/Treasure-master/app/src/main/java/com/jyc99/treasure/model/UserRechargeWay.java,com.jyc99.treasure.model.UserRechargeWay$DatasBean$PicurlsBean,getContent/0,content,1
/home/arch_design_predict/download-github-repos/mvp/repos/Treasure-master/app/src/main/java/com/jyc99/treasure/model/UserRechargeWay.java,com.jyc99.treasure.model.UserRechargeWay$DatasBean$PicurlsBean,setId/1[int],id,3
/home/arch_design_predict/download-github-repos/mvp/repos/Treasure-master/app/src/main/java/com/jyc99/treasure/model/UserRechargeWay.java,com.jyc99.treasure.model.UserRechargeWay$DatasBean$PicurlsBean,getId/0,id,1
/home/arch_design_predict/download-github-repos/mvp/repos/Treasure-master/app/src/main/java/com/jyc99/treasure/model/UserRechargeWay.java,com.jyc99.treasure.model.UserRechargeWay$DatasBean$PicurlsBean,setContent/1[java.lang.String],content,3
/home/arch_design_predict/download-github-repos/mvp/repos/Treasure-master/app/src/main/java/com/jyc99/treasure/model/UserRechargeWay.java,com.jyc99.treasure.model.UserRechargeWay$DatasBean$PicurlsBean,getSystem/0,system,1
/home/arch_design_predict/download-github-repos/mvp/repos/Treasure-master/app/src/main/java/com/jyc99/treasure/model/TradeSimpleResult.java,com.jyc99.treasure.model.TradeSimpleResult,getUserToken/0,userToken,1
/home/arch_design_predict/download-github-repos/mvp/repos/Treasure-master/app/src/main/java/com/jyc99/treasure/model/TradeSimpleResult.java,com.jyc99.treasure.model.TradeSimpleResult,setStatusCode/1[int],StatusCode,3
/home/arch_design_predict/download-github-repos/mvp/repos/Treasure-master/app/src/main/java/com/jyc99/treasure/model/TradeSimpleResult.java,com.jyc99.treasure.model.TradeSimpleResult,setUserToken/1[java.lang.String],userToken,3
/home/arch_design_predict/download-github-repos/mvp/repos/Treasure-master/app/src/main/java/com/jyc99/treasure/model/TradeSimpleResult.java,com.jyc99.treasure.model.TradeSimpleResult,setErrorInfo/1[com.jyc99.treasure.model.TradeSimpleResult.ErrorInfoBean],ErrorInfo,3
/home/arch_design_predict/download-github-repos/mvp/repos/Treasure-master/app/src/main/java/com/jyc99/treasure/model/TradeSimpleResult.java,com.jyc99.treasure.model.TradeSimpleResult,getStatusCode/0,StatusCode,1
/home/arch_design_predict/download-github-repos/mvp/repos/Treasure-master/app/src/main/java/com/jyc99/treasure/model/TradeSimpleResult.java,com.jyc99.treasure.model.TradeSimpleResult,isSuccess/0,Success,1
/home/arch_design_predict/download-github-repos/mvp/repos/Treasure-master/app/src/main/java/com/jyc99/treasure/model/TradeSimpleResult.java,com.jyc99.treasure.model.TradeSimpleResult,getMessage/0,Message,1
/home/arch_design_predict/download-github-repos/mvp/repos/Treasure-master/app/src/main/java/com/jyc99/treasure/model/TradeSimpleResult.java,com.jyc99.treasure.model.TradeSimpleResult,setMessage/1[java.lang.String],Message,3
/home/arch_design_predict/download-github-repos/mvp/repos/Treasure-master/app/src/main/java/com/jyc99/treasure/model/TradeSimpleResult.java,com.jyc99.treasure.model.TradeSimpleResult,getErrorInfo/0,ErrorInfo,1
/home/arch_design_predict/download-github-repos/mvp/repos/Treasure-master/app/src/main/java/com/jyc99/treasure/model/TradeSimpleResult.java,com.jyc99.treasure.model.TradeSimpleResult,setSuccess/1[boolean],Success,3
/home/arch_design_predict/download-github-repos/mvp/repos/Treasure-master/app/src/main/java/com/jyc99/treasure/utils/MyToast.java,com.jyc99.treasure.utils.MyToast,"showMyToast2/3[com.jyc99.treasure.utils.Context,java.lang.String,int]",mToast,6
/home/arch_design_predict/download-github-repos/mvp/repos/Treasure-master/app/src/main/java/com/jyc99/treasure/utils/MyToast.java,com.jyc99.treasure.utils.MyToast,"showMyToastIconOk/3[com.jyc99.treasure.utils.Context,java.lang.String,int]",mToast,6
/home/arch_design_predict/download-github-repos/mvp/repos/Treasure-master/app/src/main/java/com/jyc99/treasure/utils/MyToast.java,com.jyc99.treasure.utils.MyToast,"showMyToast/3[com.jyc99.treasure.utils.Context,java.lang.String,int]",mToast,6
/home/arch_design_predict/download-github-repos/mvp/repos/Treasure-master/app/src/main/java/com/jyc99/treasure/utils/MyToast.java,com.jyc99.treasure.utils.MyToast,"showMyToastIconError/3[com.jyc99.treasure.utils.Context,java.lang.String,int]",mToast,6
/home/arch_design_predict/download-github-repos/mvp/repos/Treasure-master/app/src/main/java/com/jyc99/treasure/utils/MyToast.java,com.jyc99.treasure.utils.MyToast,"showSimpleShortToast/3[com.jyc99.treasure.utils.Context,java.lang.String,int]",mToast,6
/home/arch_design_predict/download-github-repos/mvp/repos/Treasure-master/app/src/main/java/com/jyc99/treasure/model/LunBoTuEntity.java,com.jyc99.treasure.model.LunBoTuEntity$ResultBean$ListBean,setImageUrl/1[java.lang.String],imageUrl,3
/home/arch_design_predict/download-github-repos/mvp/repos/Treasure-master/app/src/main/java/com/jyc99/treasure/model/LunBoTuEntity.java,com.jyc99.treasure.model.LunBoTuEntity$ResultBean$ListBean,setContent/1[java.lang.String],content,3
/home/arch_design_predict/download-github-repos/mvp/repos/Treasure-master/app/src/main/java/com/jyc99/treasure/model/LunBoTuEntity.java,com.jyc99.treasure.model.LunBoTuEntity$ResultBean$ListBean,setPageUrl/1[java.lang.String],pageUrl,3
/home/arch_design_predict/download-github-repos/mvp/repos/Treasure-master/app/src/main/java/com/jyc99/treasure/model/LunBoTuEntity.java,com.jyc99.treasure.model.LunBoTuEntity$ResultBean$ListBean,setOrderNo/1[int],orderNo,3
/home/arch_design_predict/download-github-repos/mvp/repos/Treasure-master/app/src/main/java/com/jyc99/treasure/model/LunBoTuEntity.java,com.jyc99.treasure.model.LunBoTuEntity$ResultBean$ListBean,getContent/0,content,1
/home/arch_design_predict/download-github-repos/mvp/repos/Treasure-master/app/src/main/java/com/jyc99/treasure/model/LunBoTuEntity.java,com.jyc99.treasure.model.LunBoTuEntity$ResultBean$ListBean,getImageUrl/0,imageUrl,1
/home/arch_design_predict/download-github-repos/mvp/repos/Treasure-master/app/src/main/java/com/jyc99/treasure/model/LunBoTuEntity.java,com.jyc99.treasure.model.LunBoTuEntity$ResultBean$ListBean,setShareUrl/1[java.lang.String],shareUrl,3
/home/arch_design_predict/download-github-repos/mvp/repos/Treasure-master/app/src/main/java/com/jyc99/treasure/model/LunBoTuEntity.java,com.jyc99.treasure.model.LunBoTuEntity$ResultBean$ListBean,getOrderNo/0,orderNo,1
/home/arch_design_predict/download-github-repos/mvp/repos/Treasure-master/app/src/main/java/com/jyc99/treasure/model/LunBoTuEntity.java,com.jyc99.treasure.model.LunBoTuEntity$ResultBean$ListBean,getPageUrl/0,pageUrl,1
/home/arch_design_predict/download-github-repos/mvp/repos/Treasure-master/app/src/main/java/com/jyc99/treasure/model/LunBoTuEntity.java,com.jyc99.treasure.model.LunBoTuEntity$ResultBean$ListBean,getShareUrl/0,shareUrl,1
/home/arch_design_predict/download-github-repos/mvp/repos/Treasure-master/app/src/main/java/com/jyc99/treasure/model/UserRechargeWay.java,com.jyc99.treasure.model.UserRechargeWay,getDatas/0,datas,1
/home/arch_design_predict/download-github-repos/mvp/repos/Treasure-master/app/src/main/java/com/jyc99/treasure/model/UserRechargeWay.java,com.jyc99.treasure.model.UserRechargeWay,setStatusCode/1[int],statusCode,3
/home/arch_design_predict/download-github-repos/mvp/repos/Treasure-master/app/src/main/java/com/jyc99/treasure/model/UserRechargeWay.java,com.jyc99.treasure.model.UserRechargeWay,getStatusCode/0,statusCode,1
/home/arch_design_predict/download-github-repos/mvp/repos/Treasure-master/app/src/main/java/com/jyc99/treasure/model/UserRechargeWay.java,com.jyc99.treasure.model.UserRechargeWay,getArguments/0,arguments,1
/home/arch_design_predict/download-github-repos/mvp/repos/Treasure-master/app/src/main/java/com/jyc99/treasure/model/UserRechargeWay.java,com.jyc99.treasure.model.UserRechargeWay,getTimeMillis/0,timeMillis,1
/home/arch_design_predict/download-github-repos/mvp/repos/Treasure-master/app/src/main/java/com/jyc99/treasure/model/UserRechargeWay.java,com.jyc99.treasure.model.UserRechargeWay,setDatas/1[com.jyc99.treasure.model.UserRechargeWay.DatasBean],datas,3
/home/arch_design_predict/download-github-repos/mvp/repos/Treasure-master/app/src/main/java/com/jyc99/treasure/model/UserRechargeWay.java,com.jyc99.treasure.model.UserRechargeWay,getMessage/0,message,1
/home/arch_design_predict/download-github-repos/mvp/repos/Treasure-master/app/src/main/java/com/jyc99/treasure/model/UserRechargeWay.java,com.jyc99.treasure.model.UserRechargeWay,setTimeMillis/1[long],timeMillis,3
/home/arch_design_predict/download-github-repos/mvp/repos/Treasure-master/app/src/main/java/com/jyc99/treasure/model/UserRechargeWay.java,com.jyc99.treasure.model.UserRechargeWay,setArguments/1[java.util.List<?>],arguments,3
/home/arch_design_predict/download-github-repos/mvp/repos/Treasure-master/app/src/main/java/com/jyc99/treasure/model/UserRechargeWay.java,com.jyc99.treasure.model.UserRechargeWay,setMessage/1[java.lang.String],message,3
/home/arch_design_predict/download-github-repos/mvp/repos/Treasure-master/app/src/main/java/com/jyc99/treasure/ui/MainActivity.java,com.jyc99.treasure.ui.MainActivity,initView/0,textView,1
/home/arch_design_predict/download-github-repos/mvp/repos/Treasure-master/app/src/main/java/com/jyc99/treasure/ui/MainActivity.java,com.jyc99.treasure.ui.MainActivity,initData/0,map,1
/home/arch_design_predict/download-github-repos/mvp/repos/Treasure-master/app/src/main/java/com/jyc99/treasure/ui/MainActivity.java,com.jyc99.treasure.ui.MainActivity,showLoadingDialog/1[java.lang.String],textView,1
/home/arch_design_predict/download-github-repos/mvp/repos/Treasure-master/app/src/main/java/com/jyc99/treasure/ui/MainActivity.java,com.jyc99.treasure.ui.MainActivity,onCreate/1[com.jyc99.treasure.ui.Bundle],map,1
/home/arch_design_predict/download-github-repos/mvp/repos/Treasure-master/app/src/main/java/com/jyc99/treasure/api/UserNetWork.java,com.jyc99.treasure.api.UserNetWork,"toGetMessageEntity/2[java.util.HashMap<java.lang.String,java.lang.Object>,com.jyc99.treasure.api.Observer<com.jyc99.treasure.model.MessageEntity>]",service,1
/home/arch_design_predict/download-github-repos/mvp/repos/Treasure-master/app/src/main/java/com/jyc99/treasure/api/UserNetWork.java,com.jyc99.treasure.api.UserNetWork,"getUserRechargeWay/2[java.util.HashMap<java.lang.String,java.lang.Object>,com.jyc99.treasure.api.Observer<com.jyc99.treasure.model.UserRechargeWay>]",service,1
/home/arch_design_predict/download-github-repos/mvp/repos/Treasure-master/app/src/main/java/com/jyc99/treasure/api/UserNetWork.java,com.jyc99.treasure.api.UserNetWork,toGetLunBoTuEntity/1[com.jyc99.treasure.api.Observer<com.jyc99.treasure.model.LunBoTuEntity>],service,1
/home/arch_design_predict/download-github-repos/mvp/repos/Treasure-master/app/src/main/java/com/jyc99/treasure/api/UserNetWork.java,com.jyc99.treasure.api.UserNetWork,toGetLunBoTuEntity2/1[com.jyc99.treasure.api.Observer<com.jyc99.treasure.model.LunBoTuEntity>],service2,1
/home/arch_design_predict/download-github-repos/mvp/repos/Treasure-master/app/src/main/java/com/jyc99/treasure/api/UserNetWork.java,com.jyc99.treasure.api.UserNetWork,"userLogin/2[java.util.HashMap<java.lang.String,java.lang.Object>,com.jyc99.treasure.api.Observer<com.jyc99.treasure.model.LoginEntity>]",service,1
/home/arch_design_predict/download-github-repos/mvp/repos/Treasure-master/app/src/main/java/com/jyc99/treasure/api/UserNetWork.java,com.jyc99.treasure.api.UserNetWork,"getUserRecordEntity/2[java.util.HashMap<java.lang.String,java.lang.Object>,com.jyc99.treasure.api.Observer<com.jyc99.treasure.model.TradeSimpleResult>]",service,1
/home/arch_design_predict/download-github-repos/mvp/repos/Treasure-master/app/src/main/java/com/jyc99/treasure/MyApplication.java,com.jyc99.treasure.MyApplication,getInstance/0,instance,1
/home/arch_design_predict/download-github-repos/mvp/repos/Treasure-master/app/src/main/java/com/jyc99/treasure/MyApplication.java,com.jyc99.treasure.MyApplication,getContext/0,instance,1
/home/arch_design_predict/download-github-repos/mvp/repos/Treasure-master/app/src/main/java/com/jyc99/treasure/MyApplication.java,com.jyc99.treasure.MyApplication,onCreate/0,instance,1
/home/arch_design_predict/download-github-repos/mvp/repos/Treasure-master/app/src/main/java/com/jyc99/treasure/MyApplication.java,com.jyc99.treasure.MyApplication,onCreate/0,context,1
/home/arch_design_predict/download-github-repos/mvp/repos/Treasure-master/app/src/main/java/com/jyc99/treasure/model/LunBoTuEntity.java,com.jyc99.treasure.model.LunBoTuEntity,getResult/0,Result,1
/home/arch_design_predict/download-github-repos/mvp/repos/Treasure-master/app/src/main/java/com/jyc99/treasure/model/LunBoTuEntity.java,com.jyc99.treasure.model.LunBoTuEntity,setResult/1[com.jyc99.treasure.model.LunBoTuEntity.ResultBean],Result,3
/home/arch_design_predict/download-github-repos/mvp/repos/Treasure-master/app/src/main/java/com/jyc99/treasure/model/TradeSimpleResult.java,com.jyc99.treasure.model.TradeSimpleResult$ErrorInfoBean,getErrorCode/0,ErrorCode,1
/home/arch_design_predict/download-github-repos/mvp/repos/Treasure-master/app/src/main/java/com/jyc99/treasure/model/TradeSimpleResult.java,com.jyc99.treasure.model.TradeSimpleResult$ErrorInfoBean,getErrorMessage/0,ErrorMessage,1
/home/arch_design_predict/download-github-repos/mvp/repos/Treasure-master/app/src/main/java/com/jyc99/treasure/model/TradeSimpleResult.java,com.jyc99.treasure.model.TradeSimpleResult$ErrorInfoBean,setErrorMessage/1[java.lang.String],ErrorMessage,3
/home/arch_design_predict/download-github-repos/mvp/repos/Treasure-master/app/src/main/java/com/jyc99/treasure/model/TradeSimpleResult.java,com.jyc99.treasure.model.TradeSimpleResult$ErrorInfoBean,setErrorCode/1[java.lang.String],ErrorCode,3
/home/arch_design_predict/download-github-repos/mvp/repos/Treasure-master/app/src/main/java/com/jyc99/treasure/model/LoginEntity.java,com.jyc99.treasure.model.LoginEntity$ResultBean,getToken/0,Token,1
/home/arch_design_predict/download-github-repos/mvp/repos/Treasure-master/app/src/main/java/com/jyc99/treasure/model/LoginEntity.java,com.jyc99.treasure.model.LoginEntity$ResultBean,setToken/1[java.lang.String],Token,3
/home/arch_design_predict/download-github-repos/mvp/repos/Treasure-master/app/src/main/java/com/jyc99/treasure/api/baseFile/PersistentCookieStore.java,com.jyc99.treasure.api.baseFile.PersistentCookieStore,removeAll/0,cookiePrefs,1
/home/arch_design_predict/download-github-repos/mvp/repos/Treasure-master/app/src/main/java/com/jyc99/treasure/api/baseFile/PersistentCookieStore.java,com.jyc99.treasure.api.baseFile.PersistentCookieStore,removeAll/0,cookies,1
/home/arch_design_predict/download-github-repos/mvp/repos/Treasure-master/app/src/main/java/com/jyc99/treasure/api/baseFile/PersistentCookieStore.java,com.jyc99.treasure.api.baseFile.PersistentCookieStore,"add/2[com.jyc99.treasure.api.baseFile.HttpUrl,com.jyc99.treasure.api.baseFile.Cookie]",cookiePrefs,1
/home/arch_design_predict/download-github-repos/mvp/repos/Treasure-master/app/src/main/java/com/jyc99/treasure/api/baseFile/PersistentCookieStore.java,com.jyc99.treasure.api.baseFile.PersistentCookieStore,"add/2[com.jyc99.treasure.api.baseFile.HttpUrl,com.jyc99.treasure.api.baseFile.Cookie]",cookies,6
/home/arch_design_predict/download-github-repos/mvp/repos/Treasure-master/app/src/main/java/com/jyc99/treasure/api/baseFile/PersistentCookieStore.java,com.jyc99.treasure.api.baseFile.PersistentCookieStore,getCookies/0,cookies,2
/home/arch_design_predict/download-github-repos/mvp/repos/Treasure-master/app/src/main/java/com/jyc99/treasure/api/baseFile/PersistentCookieStore.java,com.jyc99.treasure.api.baseFile.PersistentCookieStore,encodeCookie/1[com.jyc99.treasure.api.baseFile.SerializableOkHttpCookies],LOG_TAG,1
/home/arch_design_predict/download-github-repos/mvp/repos/Treasure-master/app/src/main/java/com/jyc99/treasure/api/baseFile/PersistentCookieStore.java,com.jyc99.treasure.api.baseFile.PersistentCookieStore,PersistentCookieStore/1[com.jyc99.treasure.api.baseFile.Context],COOKIE_PREFS,1
/home/arch_design_predict/download-github-repos/mvp/repos/Treasure-master/app/src/main/java/com/jyc99/treasure/api/baseFile/PersistentCookieStore.java,com.jyc99.treasure.api.baseFile.PersistentCookieStore,PersistentCookieStore/1[com.jyc99.treasure.api.baseFile.Context],cookiePrefs,3
/home/arch_design_predict/download-github-repos/mvp/repos/Treasure-master/app/src/main/java/com/jyc99/treasure/api/baseFile/PersistentCookieStore.java,com.jyc99.treasure.api.baseFile.PersistentCookieStore,PersistentCookieStore/1[com.jyc99.treasure.api.baseFile.Context],cookies,3
/home/arch_design_predict/download-github-repos/mvp/repos/Treasure-master/app/src/main/java/com/jyc99/treasure/api/baseFile/PersistentCookieStore.java,com.jyc99.treasure.api.baseFile.PersistentCookieStore,decodeCookie/1[java.lang.String],LOG_TAG,2
/home/arch_design_predict/download-github-repos/mvp/repos/Treasure-master/app/src/main/java/com/jyc99/treasure/api/baseFile/PersistentCookieStore.java,com.jyc99.treasure.api.baseFile.PersistentCookieStore,get/1[com.jyc99.treasure.api.baseFile.HttpUrl],cookies,2
/home/arch_design_predict/download-github-repos/mvp/repos/Treasure-master/app/src/main/java/com/jyc99/treasure/mvpBase/BasePresenterImpl.java,com.jyc99.treasure.mvpBase.BasePresenterImpl,addDisposable/1[com.jyc99.treasure.mvpBase.Disposable],mCompositeDisposable,4
/home/arch_design_predict/download-github-repos/mvp/repos/Treasure-master/app/src/main/java/com/jyc99/treasure/mvpBase/BasePresenterImpl.java,com.jyc99.treasure.mvpBase.BasePresenterImpl,unDisposable/0,mCompositeDisposable,2
/home/arch_design_predict/download-github-repos/mvp/repos/Treasure-master/app/src/main/java/com/jyc99/treasure/mvpBase/BasePresenterImpl.java,com.jyc99.treasure.mvpBase.BasePresenterImpl,detach/0,view,1
/home/arch_design_predict/download-github-repos/mvp/repos/Treasure-master/app/src/main/java/com/jyc99/treasure/mvpBase/BasePresenterImpl.java,com.jyc99.treasure.mvpBase.BasePresenterImpl,BasePresenterImpl/1[V],view,3
/home/arch_design_predict/download-github-repos/mvp/repos/Treasure-master/app/src/main/java/com/jyc99/treasure/presenter/TestPresenter.java,com.jyc99.treasure.presenter.TestPresenter,"TestPresenter/2[com.jyc99.treasure.presenter.TestContact.view,com.jyc99.treasure.presenter.Activity]",mActivity,1
/home/arch_design_predict/download-github-repos/mvp/repos/Treasure-master/app/src/main/java/com/jyc99/treasure/model/LunBoTuEntity.java,com.jyc99.treasure.model.LunBoTuEntity$ResultBean,getList/0,list,1
/home/arch_design_predict/download-github-repos/mvp/repos/Treasure-master/app/src/main/java/com/jyc99/treasure/model/LunBoTuEntity.java,com.jyc99.treasure.model.LunBoTuEntity$ResultBean,setList/1[java.util.List<com.jyc99.treasure.model.LunBoTuEntity.ResultBean.ListBean>],list,3
/home/arch_design_predict/download-github-repos/mvp/repos/Treasure-master/app/src/main/java/com/jyc99/treasure/base/MyLifecycleHandler.java,com.jyc99.treasure.base.MyLifecycleHandler,isApplicationVisible/0,stopped,1
/home/arch_design_predict/download-github-repos/mvp/repos/Treasure-master/app/src/main/java/com/jyc99/treasure/base/MyLifecycleHandler.java,com.jyc99.treasure.base.MyLifecycleHandler,isApplicationVisible/0,started,1
/home/arch_design_predict/download-github-repos/mvp/repos/Treasure-master/app/src/main/java/com/jyc99/treasure/base/MyLifecycleHandler.java,com.jyc99.treasure.base.MyLifecycleHandler,onActivityStopped/1[com.jyc99.treasure.base.Activity],stopped,2
/home/arch_design_predict/download-github-repos/mvp/repos/Treasure-master/app/src/main/java/com/jyc99/treasure/base/MyLifecycleHandler.java,com.jyc99.treasure.base.MyLifecycleHandler,onActivityStopped/1[com.jyc99.treasure.base.Activity],started,1
/home/arch_design_predict/download-github-repos/mvp/repos/Treasure-master/app/src/main/java/com/jyc99/treasure/base/MyLifecycleHandler.java,com.jyc99.treasure.base.MyLifecycleHandler,onActivityResumed/1[com.jyc99.treasure.base.Activity],resumed,1
/home/arch_design_predict/download-github-repos/mvp/repos/Treasure-master/app/src/main/java/com/jyc99/treasure/base/MyLifecycleHandler.java,com.jyc99.treasure.base.MyLifecycleHandler,onActivityPaused/1[com.jyc99.treasure.base.Activity],paused,2
/home/arch_design_predict/download-github-repos/mvp/repos/Treasure-master/app/src/main/java/com/jyc99/treasure/base/MyLifecycleHandler.java,com.jyc99.treasure.base.MyLifecycleHandler,onActivityPaused/1[com.jyc99.treasure.base.Activity],resumed,1
/home/arch_design_predict/download-github-repos/mvp/repos/Treasure-master/app/src/main/java/com/jyc99/treasure/base/MyLifecycleHandler.java,com.jyc99.treasure.base.MyLifecycleHandler,isApplicationInForeground/0,paused,1
/home/arch_design_predict/download-github-repos/mvp/repos/Treasure-master/app/src/main/java/com/jyc99/treasure/base/MyLifecycleHandler.java,com.jyc99.treasure.base.MyLifecycleHandler,isApplicationInForeground/0,resumed,1
/home/arch_design_predict/download-github-repos/mvp/repos/Treasure-master/app/src/main/java/com/jyc99/treasure/base/MyLifecycleHandler.java,com.jyc99.treasure.base.MyLifecycleHandler,onActivityStarted/1[com.jyc99.treasure.base.Activity],started,1
/home/arch_design_predict/download-github-repos/mvp/repos/Treasure-master/app/src/main/java/com/jyc99/treasure/base/LifecycleBaseActivity.java,com.jyc99.treasure.base.LifecycleBaseActivity,onPause/0,wasBackground,1
/home/arch_design_predict/download-github-repos/mvp/repos/Treasure-master/app/src/main/java/com/jyc99/treasure/base/LifecycleBaseActivity.java,com.jyc99.treasure.base.LifecycleBaseActivity,onCreate/1[com.jyc99.treasure.base.Bundle],presenter,1
/home/arch_design_predict/download-github-repos/mvp/repos/Treasure-master/app/src/main/java/com/jyc99/treasure/base/LifecycleBaseActivity.java,com.jyc99.treasure.base.LifecycleBaseActivity,onCreate/1[com.jyc99.treasure.base.Bundle],userNetWork,2
/home/arch_design_predict/download-github-repos/mvp/repos/Treasure-master/app/src/main/java/com/jyc99/treasure/base/LifecycleBaseActivity.java,com.jyc99.treasure.base.LifecycleBaseActivity,doForAndBack/1[com.jyc99.treasure.base.Context],wasBackground,1
/home/arch_design_predict/download-github-repos/mvp/repos/Treasure-master/app/src/main/java/com/jyc99/treasure/base/LifecycleBaseActivity.java,com.jyc99.treasure.base.LifecycleBaseActivity,doForAndBack/1[com.jyc99.treasure.base.Context],time,6
/home/arch_design_predict/download-github-repos/mvp/repos/Treasure-master/app/src/main/java/com/jyc99/treasure/base/LifecycleBaseActivity.java,com.jyc99.treasure.base.LifecycleBaseActivity,getLifecycle/0,mRegistry,1
/home/arch_design_predict/download-github-repos/mvp/repos/Treasure-master/app/src/main/java/com/jyc99/treasure/base/LifecycleBaseActivity.java,com.jyc99.treasure.base.LifecycleBaseActivity,onRestart/0,wasBackground,2
/home/arch_design_predict/download-github-repos/mvp/repos/Treasure-master/app/src/main/java/com/jyc99/treasure/base/LifecycleBaseActivity.java,com.jyc99.treasure.base.LifecycleBaseActivity,getmRegistry/0,mRegistry,1
/home/arch_design_predict/download-github-repos/mvp/repos/Treasure-master/app/src/main/java/com/jyc99/treasure/base/LifecycleBaseActivity.java,com.jyc99.treasure.base.LifecycleBaseActivity,onDestroy/0,presenter,3
/home/arch_design_predict/download-github-repos/mvp/repos/Treasure-master/app/src/main/java/com/jyc99/treasure/base/LifecycleBaseFragment.java,com.jyc99.treasure.base.LifecycleBaseFragment,getApplicationContext/0,context,1
/home/arch_design_predict/download-github-repos/mvp/repos/Treasure-master/app/src/main/java/com/jyc99/treasure/base/LifecycleBaseFragment.java,com.jyc99.treasure.base.LifecycleBaseFragment,getContext/0,activity,2
/home/arch_design_predict/download-github-repos/mvp/repos/Treasure-master/app/src/main/java/com/jyc99/treasure/base/LifecycleBaseFragment.java,com.jyc99.treasure.base.LifecycleBaseFragment,setContentView/1[com.jyc99.treasure.base.View],contentView,1
/home/arch_design_predict/download-github-repos/mvp/repos/Treasure-master/app/src/main/java/com/jyc99/treasure/base/LifecycleBaseFragment.java,com.jyc99.treasure.base.LifecycleBaseFragment,setContentView/1[int],container,1
/home/arch_design_predict/download-github-repos/mvp/repos/Treasure-master/app/src/main/java/com/jyc99/treasure/base/LifecycleBaseFragment.java,com.jyc99.treasure.base.LifecycleBaseFragment,setContentView/1[int],inflater,1
/home/arch_design_predict/download-github-repos/mvp/repos/Treasure-master/app/src/main/java/com/jyc99/treasure/base/LifecycleBaseFragment.java,com.jyc99.treasure.base.LifecycleBaseFragment,"onCreateView/3[com.jyc99.treasure.base.LayoutInflater,com.jyc99.treasure.base.ViewGroup,com.jyc99.treasure.base.Bundle]",container,4
/home/arch_design_predict/download-github-repos/mvp/repos/Treasure-master/app/src/main/java/com/jyc99/treasure/base/LifecycleBaseFragment.java,com.jyc99.treasure.base.LifecycleBaseFragment,"onCreateView/3[com.jyc99.treasure.base.LayoutInflater,com.jyc99.treasure.base.ViewGroup,com.jyc99.treasure.base.Bundle]",contentView,2
/home/arch_design_predict/download-github-repos/mvp/repos/Treasure-master/app/src/main/java/com/jyc99/treasure/base/LifecycleBaseFragment.java,com.jyc99.treasure.base.LifecycleBaseFragment,"onCreateView/3[com.jyc99.treasure.base.LayoutInflater,com.jyc99.treasure.base.ViewGroup,com.jyc99.treasure.base.Bundle]",presenter,1
/home/arch_design_predict/download-github-repos/mvp/repos/Treasure-master/app/src/main/java/com/jyc99/treasure/base/LifecycleBaseFragment.java,com.jyc99.treasure.base.LifecycleBaseFragment,"onCreateView/3[com.jyc99.treasure.base.LayoutInflater,com.jyc99.treasure.base.ViewGroup,com.jyc99.treasure.base.Bundle]",userNetWork,2
/home/arch_design_predict/download-github-repos/mvp/repos/Treasure-master/app/src/main/java/com/jyc99/treasure/base/LifecycleBaseFragment.java,com.jyc99.treasure.base.LifecycleBaseFragment,"onCreateView/3[com.jyc99.treasure.base.LayoutInflater,com.jyc99.treasure.base.ViewGroup,com.jyc99.treasure.base.Bundle]",inflater,4
/home/arch_design_predict/download-github-repos/mvp/repos/Treasure-master/app/src/main/java/com/jyc99/treasure/base/LifecycleBaseFragment.java,com.jyc99.treasure.base.LifecycleBaseFragment,onCreate/1[com.jyc99.treasure.base.Bundle],context,1
/home/arch_design_predict/download-github-repos/mvp/repos/Treasure-master/app/src/main/java/com/jyc99/treasure/base/LifecycleBaseFragment.java,com.jyc99.treasure.base.LifecycleBaseFragment,getLifecycle/0,mLifecycleRegistry,1
/home/arch_design_predict/download-github-repos/mvp/repos/Treasure-master/app/src/main/java/com/jyc99/treasure/base/LifecycleBaseFragment.java,com.jyc99.treasure.base.LifecycleBaseFragment,showShortToastBottom/1[java.lang.String],context,1
/home/arch_design_predict/download-github-repos/mvp/repos/Treasure-master/app/src/main/java/com/jyc99/treasure/base/LifecycleBaseFragment.java,com.jyc99.treasure.base.LifecycleBaseFragment,showShortToastCenter/1[java.lang.String],context,1
/home/arch_design_predict/download-github-repos/mvp/repos/Treasure-master/app/src/main/java/com/jyc99/treasure/base/LifecycleBaseFragment.java,com.jyc99.treasure.base.LifecycleBaseFragment,getContentView/0,contentView,1
/home/arch_design_predict/download-github-repos/mvp/repos/Treasure-master/app/src/main/java/com/jyc99/treasure/base/LifecycleBaseFragment.java,com.jyc99.treasure.base.LifecycleBaseFragment,findViewById/1[int],contentView,2
/home/arch_design_predict/download-github-repos/mvp/repos/Treasure-master/app/src/main/java/com/jyc99/treasure/base/LifecycleBaseFragment.java,com.jyc99.treasure.base.LifecycleBaseFragment,onDestroyView/0,contentView,1
/home/arch_design_predict/download-github-repos/mvp/repos/Treasure-master/app/src/main/java/com/jyc99/treasure/base/LifecycleBaseFragment.java,com.jyc99.treasure.base.LifecycleBaseFragment,onDestroyView/0,container,1
/home/arch_design_predict/download-github-repos/mvp/repos/Treasure-master/app/src/main/java/com/jyc99/treasure/base/LifecycleBaseFragment.java,com.jyc99.treasure.base.LifecycleBaseFragment,onDestroyView/0,inflater,1
/home/arch_design_predict/download-github-repos/mvp/repos/Treasure-master/app/src/main/java/com/jyc99/treasure/utils/StatusBarUtil.java,com.jyc99.treasure.utils.StatusBarUtil,"setTranslucentForImageView/3[com.jyc99.treasure.utils.Activity,int,com.jyc99.treasure.utils.View]",TAG_KEY_HAVE_SET_OFFSET,2
/home/arch_design_predict/download-github-repos/mvp/repos/Treasure-master/app/src/main/java/com/jyc99/treasure/utils/StatusBarUtil.java,com.jyc99.treasure.utils.StatusBarUtil,clearPreviousSetting/1[com.jyc99.treasure.utils.Activity],FAKE_STATUS_BAR_VIEW_ID,1
/home/arch_design_predict/download-github-repos/mvp/repos/Treasure-master/app/src/main/java/com/jyc99/treasure/utils/StatusBarUtil.java,com.jyc99.treasure.utils.StatusBarUtil,"addTranslucentView/2[com.jyc99.treasure.utils.Activity,int]",FAKE_TRANSLUCENT_VIEW_ID,1
/home/arch_design_predict/download-github-repos/mvp/repos/Treasure-master/app/src/main/java/com/jyc99/treasure/utils/StatusBarUtil.java,com.jyc99.treasure.utils.StatusBarUtil,"setColor/3[com.jyc99.treasure.utils.Activity,int,int]",FAKE_STATUS_BAR_VIEW_ID,1
/home/arch_design_predict/download-github-repos/mvp/repos/Treasure-master/app/src/main/java/com/jyc99/treasure/utils/StatusBarUtil.java,com.jyc99.treasure.utils.StatusBarUtil,"setTranslucentForImageView/2[com.jyc99.treasure.utils.Activity,com.jyc99.treasure.utils.View]",DEFAULT_STATUS_BAR_ALPHA,1
/home/arch_design_predict/download-github-repos/mvp/repos/Treasure-master/app/src/main/java/com/jyc99/treasure/utils/StatusBarUtil.java,com.jyc99.treasure.utils.StatusBarUtil,"createStatusBarView/2[com.jyc99.treasure.utils.Activity,com.jyc99.treasure.utils.Drawable]",FAKE_STATUS_BAR_VIEW_ID,1
/home/arch_design_predict/download-github-repos/mvp/repos/Treasure-master/app/src/main/java/com/jyc99/treasure/utils/StatusBarUtil.java,com.jyc99.treasure.utils.StatusBarUtil,setTranslucent/1[com.jyc99.treasure.utils.Activity],DEFAULT_STATUS_BAR_ALPHA,1
/home/arch_design_predict/download-github-repos/mvp/repos/Treasure-master/app/src/main/java/com/jyc99/treasure/utils/StatusBarUtil.java,com.jyc99.treasure.utils.StatusBarUtil,"setColorForDrawerLayout/3[com.jyc99.treasure.utils.Activity,com.jyc99.treasure.utils.DrawerLayout,int]",DEFAULT_STATUS_BAR_ALPHA,1
/home/arch_design_predict/download-github-repos/mvp/repos/Treasure-master/app/src/main/java/com/jyc99/treasure/utils/StatusBarUtil.java,com.jyc99.treasure.utils.StatusBarUtil,"createTranslucentStatusBarView/2[com.jyc99.treasure.utils.Activity,int]",FAKE_TRANSLUCENT_VIEW_ID,1
/home/arch_design_predict/download-github-repos/mvp/repos/Treasure-master/app/src/main/java/com/jyc99/treasure/utils/StatusBarUtil.java,com.jyc99.treasure.utils.StatusBarUtil,"createStatusBarView/3[com.jyc99.treasure.utils.Activity,int,int]",FAKE_STATUS_BAR_VIEW_ID,1
/home/arch_design_predict/download-github-repos/mvp/repos/Treasure-master/app/src/main/java/com/jyc99/treasure/utils/StatusBarUtil.java,com.jyc99.treasure.utils.StatusBarUtil,"setTranslucentForDrawerLayout/2[com.jyc99.treasure.utils.Activity,com.jyc99.treasure.utils.DrawerLayout]",DEFAULT_STATUS_BAR_ALPHA,1
/home/arch_design_predict/download-github-repos/mvp/repos/Treasure-master/app/src/main/java/com/jyc99/treasure/utils/StatusBarUtil.java,com.jyc99.treasure.utils.StatusBarUtil,"setTranslucentForImageViewInFragment/2[com.jyc99.treasure.utils.Activity,com.jyc99.treasure.utils.View]",DEFAULT_STATUS_BAR_ALPHA,1
/home/arch_design_predict/download-github-repos/mvp/repos/Treasure-master/app/src/main/java/com/jyc99/treasure/utils/StatusBarUtil.java,com.jyc99.treasure.utils.StatusBarUtil,"setColor/2[com.jyc99.treasure.utils.Activity,int]",DEFAULT_STATUS_BAR_ALPHA,1
/home/arch_design_predict/download-github-repos/mvp/repos/Treasure-master/app/src/main/java/com/jyc99/treasure/utils/StatusBarUtil.java,com.jyc99.treasure.utils.StatusBarUtil,"setColorDiff/2[com.jyc99.treasure.utils.Activity,int]",FAKE_STATUS_BAR_VIEW_ID,1
/home/arch_design_predict/download-github-repos/mvp/repos/Treasure-master/app/src/main/java/com/jyc99/treasure/utils/StatusBarUtil.java,com.jyc99.treasure.utils.StatusBarUtil,"setColorForSwipeBack/2[com.jyc99.treasure.utils.Activity,int]",DEFAULT_STATUS_BAR_ALPHA,1
/home/arch_design_predict/download-github-repos/mvp/repos/Treasure-master/app/src/main/java/com/jyc99/treasure/utils/StatusBarUtil.java,com.jyc99.treasure.utils.StatusBarUtil,"setColorForDrawerLayoutDiff/3[com.jyc99.treasure.utils.Activity,com.jyc99.treasure.utils.DrawerLayout,int]",DEFAULT_STATUS_BAR_ALPHA,1
/home/arch_design_predict/download-github-repos/mvp/repos/Treasure-master/app/src/main/java/com/jyc99/treasure/utils/StatusBarUtil.java,com.jyc99.treasure.utils.StatusBarUtil,"setColorForDrawerLayoutDiff/3[com.jyc99.treasure.utils.Activity,com.jyc99.treasure.utils.DrawerLayout,int]",FAKE_STATUS_BAR_VIEW_ID,1
/home/arch_design_predict/download-github-repos/mvp/repos/Treasure-master/app/src/main/java/com/jyc99/treasure/utils/StatusBarUtil.java,com.jyc99.treasure.utils.StatusBarUtil,"setColorForDrawerLayout/4[com.jyc99.treasure.utils.Activity,com.jyc99.treasure.utils.DrawerLayout,int,int]",FAKE_STATUS_BAR_VIEW_ID,1
/home/arch_design_predict/download-github-repos/mvp/repos/Treasure-master/app/src/main/java/com/jyc99/treasure/utils/StatusBarUtil.java,com.jyc99.treasure.utils.StatusBarUtil,hideFakeStatusBarView/1[com.jyc99.treasure.utils.Activity],FAKE_STATUS_BAR_VIEW_ID,1
/home/arch_design_predict/download-github-repos/mvp/repos/Treasure-master/app/src/main/java/com/jyc99/treasure/utils/StatusBarUtil.java,com.jyc99.treasure.utils.StatusBarUtil,hideFakeStatusBarView/1[com.jyc99.treasure.utils.Activity],FAKE_TRANSLUCENT_VIEW_ID,1
/home/arch_design_predict/download-github-repos/mvp/repos/Treasure-master/app/src/main/java/com/jyc99/treasure/model/UserRechargeWay.java,com.jyc99.treasure.model.UserRechargeWay$DatasBean,setResult/1[boolean],result,3
/home/arch_design_predict/download-github-repos/mvp/repos/Treasure-master/app/src/main/java/com/jyc99/treasure/model/UserRechargeWay.java,com.jyc99.treasure.model.UserRechargeWay$DatasBean,setPicurls/1[java.util.List<com.jyc99.treasure.model.UserRechargeWay.DatasBean.PicurlsBean>],picurls,3
/home/arch_design_predict/download-github-repos/mvp/repos/Treasure-master/app/src/main/java/com/jyc99/treasure/model/UserRechargeWay.java,com.jyc99.treasure.model.UserRechargeWay$DatasBean,getPicurls/0,picurls,1
/home/arch_design_predict/download-github-repos/mvp/repos/Treasure-master/app/src/main/java/com/jyc99/treasure/model/UserRechargeWay.java,com.jyc99.treasure.model.UserRechargeWay$DatasBean,isResult/0,result,1
/home/arch_design_predict/download-github-repos/mvp/repos/Treasure-master/app/src/main/java/com/jyc99/treasure/model/MessageEntity.java,com.jyc99.treasure.model.MessageEntity,getResult/0,Result,1
/home/arch_design_predict/download-github-repos/mvp/repos/Treasure-master/app/src/main/java/com/jyc99/treasure/model/MessageEntity.java,com.jyc99.treasure.model.MessageEntity,setResult/1[com.jyc99.treasure.model.MessageEntity.ResultBean],Result,3
/home/arch_design_predict/download-github-repos/mvp/repos/Treasure-master/app/src/main/java/com/jyc99/treasure/model/MessageEntity.java,com.jyc99.treasure.model.MessageEntity$ResultBean$ListBean,setReadStatus/1[java.lang.String],ReadStatus,3
/home/arch_design_predict/download-github-repos/mvp/repos/Treasure-master/app/src/main/java/com/jyc99/treasure/model/MessageEntity.java,com.jyc99.treasure.model.MessageEntity$ResultBean$ListBean,getPushTime/0,PushTime,1
/home/arch_design_predict/download-github-repos/mvp/repos/Treasure-master/app/src/main/java/com/jyc99/treasure/model/MessageEntity.java,com.jyc99.treasure.model.MessageEntity$ResultBean$ListBean,getMessageContent/0,MessageContent,1
/home/arch_design_predict/download-github-repos/mvp/repos/Treasure-master/app/src/main/java/com/jyc99/treasure/model/MessageEntity.java,com.jyc99.treasure.model.MessageEntity$ResultBean$ListBean,getMessageType/0,MessageType,1
/home/arch_design_predict/download-github-repos/mvp/repos/Treasure-master/app/src/main/java/com/jyc99/treasure/model/MessageEntity.java,com.jyc99.treasure.model.MessageEntity$ResultBean$ListBean,setMessageContent/1[java.lang.String],MessageContent,3
/home/arch_design_predict/download-github-repos/mvp/repos/Treasure-master/app/src/main/java/com/jyc99/treasure/model/MessageEntity.java,com.jyc99.treasure.model.MessageEntity$ResultBean$ListBean,getMessageTypeDesc/0,MessageTypeDesc,1
/home/arch_design_predict/download-github-repos/mvp/repos/Treasure-master/app/src/main/java/com/jyc99/treasure/model/MessageEntity.java,com.jyc99.treasure.model.MessageEntity$ResultBean$ListBean,getId/0,Id,1
/home/arch_design_predict/download-github-repos/mvp/repos/Treasure-master/app/src/main/java/com/jyc99/treasure/model/MessageEntity.java,com.jyc99.treasure.model.MessageEntity$ResultBean$ListBean,setMessageType/1[java.lang.String],MessageType,3
/home/arch_design_predict/download-github-repos/mvp/repos/Treasure-master/app/src/main/java/com/jyc99/treasure/model/MessageEntity.java,com.jyc99.treasure.model.MessageEntity$ResultBean$ListBean,setPushTime/1[java.lang.String],PushTime,3
/home/arch_design_predict/download-github-repos/mvp/repos/Treasure-master/app/src/main/java/com/jyc99/treasure/model/MessageEntity.java,com.jyc99.treasure.model.MessageEntity$ResultBean$ListBean,setId/1[java.lang.String],Id,3
/home/arch_design_predict/download-github-repos/mvp/repos/Treasure-master/app/src/main/java/com/jyc99/treasure/model/MessageEntity.java,com.jyc99.treasure.model.MessageEntity$ResultBean$ListBean,getPushStatusDesc/0,PushStatusDesc,1
/home/arch_design_predict/download-github-repos/mvp/repos/Treasure-master/app/src/main/java/com/jyc99/treasure/model/MessageEntity.java,com.jyc99.treasure.model.MessageEntity$ResultBean$ListBean,setMessageTypeDesc/1[java.lang.String],MessageTypeDesc,3
/home/arch_design_predict/download-github-repos/mvp/repos/Treasure-master/app/src/main/java/com/jyc99/treasure/model/MessageEntity.java,com.jyc99.treasure.model.MessageEntity$ResultBean$ListBean,setPushStatusDesc/1[java.lang.String],PushStatusDesc,3
/home/arch_design_predict/download-github-repos/mvp/repos/Treasure-master/app/src/main/java/com/jyc99/treasure/model/MessageEntity.java,com.jyc99.treasure.model.MessageEntity$ResultBean$ListBean,getReadStatus/0,ReadStatus,1
/home/arch_design_predict/download-github-repos/mvp/repos/Treasure-master/app/src/main/java/com/jyc99/treasure/model/MessageEntity.java,com.jyc99.treasure.model.MessageEntity$ResultBean,setTotalRecord/1[java.lang.String],totalRecord,3
/home/arch_design_predict/download-github-repos/mvp/repos/Treasure-master/app/src/main/java/com/jyc99/treasure/model/MessageEntity.java,com.jyc99.treasure.model.MessageEntity$ResultBean,setList/1[java.util.List<com.jyc99.treasure.model.MessageEntity.ResultBean.ListBean>],list,3
/home/arch_design_predict/download-github-repos/mvp/repos/Treasure-master/app/src/main/java/com/jyc99/treasure/model/MessageEntity.java,com.jyc99.treasure.model.MessageEntity$ResultBean,getList/0,list,1
/home/arch_design_predict/download-github-repos/mvp/repos/Treasure-master/app/src/main/java/com/jyc99/treasure/model/MessageEntity.java,com.jyc99.treasure.model.MessageEntity$ResultBean,setUnReadCount/1[java.lang.String],unReadCount,3
/home/arch_design_predict/download-github-repos/mvp/repos/Treasure-master/app/src/main/java/com/jyc99/treasure/model/MessageEntity.java,com.jyc99.treasure.model.MessageEntity$ResultBean,getUnReadCount/0,unReadCount,1
/home/arch_design_predict/download-github-repos/mvp/repos/Treasure-master/app/src/main/java/com/jyc99/treasure/model/MessageEntity.java,com.jyc99.treasure.model.MessageEntity$ResultBean,getTotalRecord/0,totalRecord,1
/home/arch_design_predict/download-github-repos/mvp/repos/Treasure-master/app/src/main/java/com/jyc99/treasure/api/baseFile/OkHttp3Utils.java,com.jyc99.treasure.api.baseFile.OkHttp3Utils,getOkHttpClient/0,mOkHttpClient,3
/home/arch_design_predict/download-github-repos/mvp/repos/Treasure-master/app/src/main/java/com/jyc99/treasure/AppManager.java,com.jyc99.treasure.AppManager,finishAllActivity/0,activityStack,4
/home/arch_design_predict/download-github-repos/mvp/repos/Treasure-master/app/src/main/java/com/jyc99/treasure/AppManager.java,com.jyc99.treasure.AppManager,getAppManager/1[com.jyc99.treasure.Context],instance,3
/home/arch_design_predict/download-github-repos/mvp/repos/Treasure-master/app/src/main/java/com/jyc99/treasure/AppManager.java,com.jyc99.treasure.AppManager,getAppManager/1[com.jyc99.treasure.Context],context,2
/home/arch_design_predict/download-github-repos/mvp/repos/Treasure-master/app/src/main/java/com/jyc99/treasure/AppManager.java,com.jyc99.treasure.AppManager,AppManager/1[com.jyc99.treasure.Context],context,3
/home/arch_design_predict/download-github-repos/mvp/repos/Treasure-master/app/src/main/java/com/jyc99/treasure/AppManager.java,com.jyc99.treasure.AppManager,addActivity/1[com.jyc99.treasure.Activity],activityStack,3
/home/arch_design_predict/download-github-repos/mvp/repos/Treasure-master/app/src/main/java/com/jyc99/treasure/AppManager.java,com.jyc99.treasure.AppManager,AppExit/1[com.jyc99.treasure.Context],context,3
/home/arch_design_predict/download-github-repos/mvp/repos/Treasure-master/app/src/main/java/com/jyc99/treasure/AppManager.java,com.jyc99.treasure.AppManager,topActivity/0,activityStack,3
/home/arch_design_predict/download-github-repos/mvp/repos/Treasure-master/app/src/main/java/com/jyc99/treasure/AppManager.java,com.jyc99.treasure.AppManager,findActivity/1[java.lang.Class<?>],activityStack,1
/home/arch_design_predict/download-github-repos/mvp/repos/Treasure-master/app/src/main/java/com/jyc99/treasure/AppManager.java,com.jyc99.treasure.AppManager,currentActivity/0,activityStack,1
/home/arch_design_predict/download-github-repos/mvp/repos/Treasure-master/app/src/main/java/com/jyc99/treasure/AppManager.java,com.jyc99.treasure.AppManager,removeActivity/1[com.jyc99.treasure.Activity],activityStack,1
/home/arch_design_predict/download-github-repos/mvp/repos/Treasure-master/app/src/main/java/com/jyc99/treasure/AppManager.java,com.jyc99.treasure.AppManager,getAppManager/0,instance,3
/home/arch_design_predict/download-github-repos/mvp/repos/Treasure-master/app/src/main/java/com/jyc99/treasure/AppManager.java,com.jyc99.treasure.AppManager,finishActivity/0,activityStack,1
/home/arch_design_predict/download-github-repos/mvp/repos/Treasure-master/app/src/main/java/com/jyc99/treasure/AppManager.java,com.jyc99.treasure.AppManager,finishActivity/1[com.jyc99.treasure.Activity],activityStack,1
/home/arch_design_predict/download-github-repos/mvp/repos/Treasure-master/app/src/main/java/com/jyc99/treasure/AppManager.java,com.jyc99.treasure.AppManager,getCount/0,activityStack,1
/home/arch_design_predict/download-github-repos/mvp/repos/Treasure-master/app/src/main/java/com/jyc99/treasure/AppManager.java,com.jyc99.treasure.AppManager,finishActivity/1[java.lang.Class<?>],activityStack,1
/home/arch_design_predict/download-github-repos/mvp/repos/Treasure-master/app/src/main/java/com/jyc99/treasure/api/baseFile/RetrofitUtils.java,com.jyc99.treasure.api.baseFile.RetrofitUtils,getRetrofit2/0,mOkHttpClient,3
/home/arch_design_predict/download-github-repos/mvp/repos/Treasure-master/app/src/main/java/com/jyc99/treasure/api/baseFile/RetrofitUtils.java,com.jyc99.treasure.api.baseFile.RetrofitUtils,getRetrofit2/0,mRetrofit2,3
/home/arch_design_predict/download-github-repos/mvp/repos/Treasure-master/app/src/main/java/com/jyc99/treasure/api/baseFile/RetrofitUtils.java,com.jyc99.treasure.api.baseFile.RetrofitUtils,getRetrofit/0,mRetrofit,3
/home/arch_design_predict/download-github-repos/mvp/repos/Treasure-master/app/src/main/java/com/jyc99/treasure/api/baseFile/RetrofitUtils.java,com.jyc99.treasure.api.baseFile.RetrofitUtils,getRetrofit/0,mOkHttpClient,3
/home/arch_design_predict/download-github-repos/mvp/repos/Treasure-master/app/src/main/java/com/jyc99/treasure/model/LoginEntity.java,com.jyc99.treasure.model.LoginEntity,getResult/0,Result,1
/home/arch_design_predict/download-github-repos/mvp/repos/Treasure-master/app/src/main/java/com/jyc99/treasure/model/LoginEntity.java,com.jyc99.treasure.model.LoginEntity,setResult/1[com.jyc99.treasure.model.LoginEntity.ResultBean],Result,3
