file,class,method,constructor,line,cbo,cboModified,fanin,fanout,wmc,rfc,loc,returnsQty,variablesQty,parametersQty,methodsInvokedQty,methodsInvokedLocalQty,methodsInvokedIndirectLocalQty,loopQty,comparisonsQty,tryCatchQty,parenthesizedExpsQty,stringLiteralsQty,numbersQty,assignmentsQty,mathOperationsQty,maxNestedBlocksQty,anonymousClassesQty,innerClassesQty,lambdasQty,uniqueWordsQty,modifiers,logStatementsQty,hasJavaDoc
/home/arch_design_predict/download-github-repos/mvp/repos/firebase-app-engine-android-studio-mvp-master/app/src/androidTest/java/ch/swissonid/firebase_app_engine_android_studio_mvp/ApplicationTest.java,ch.swissonid.firebase_app_engine_android_studio_mvp.ApplicationTest,ApplicationTest/0,true,10,1,0,0,0,1,0,3,0,0,0,0,0,0,0,0,0,0,0,0,0,0,0,0,0,0,2,1,0,false
/home/arch_design_predict/download-github-repos/mvp/repos/firebase-app-engine-android-studio-mvp-master/app/src/main/java/ch/swissonid/firebase_app_engine_android_studio_mvp/MainActivity.java,ch.swissonid.firebase_app_engine_android_studio_mvp.MainActivity$Anonymous1,onClick/1[ch.swissonid.firebase_app_engine_android_studio_mvp.View],false,24,1,0,0,0,1,3,3,0,0,1,3,0,0,0,0,0,0,2,0,0,0,0,0,0,0,7,1,0,false
/home/arch_design_predict/download-github-repos/mvp/repos/firebase-app-engine-android-studio-mvp-master/app/src/main/java/ch/swissonid/firebase_app_engine_android_studio_mvp/MainActivity.java,ch.swissonid.firebase_app_engine_android_studio_mvp.MainActivity,onCreateOptionsMenu/1[ch.swissonid.firebase_app_engine_android_studio_mvp.Menu],false,32,1,0,0,0,1,2,4,1,0,1,2,0,0,0,0,0,0,0,0,0,0,0,0,0,0,8,1,0,false
/home/arch_design_predict/download-github-repos/mvp/repos/firebase-app-engine-android-studio-mvp-master/app/src/main/java/ch/swissonid/firebase_app_engine_android_studio_mvp/MainActivity.java,ch.swissonid.firebase_app_engine_android_studio_mvp.MainActivity,onOptionsItemSelected/1[ch.swissonid.firebase_app_engine_android_studio_mvp.MenuItem],false,39,1,0,0,0,2,2,7,2,1,1,2,0,0,0,1,0,0,0,0,1,0,1,0,0,0,8,1,0,false
/home/arch_design_predict/download-github-repos/mvp/repos/firebase-app-engine-android-studio-mvp-master/app/src/main/java/ch/swissonid/firebase_app_engine_android_studio_mvp/MainActivity.java,ch.swissonid.firebase_app_engine_android_studio_mvp.MainActivity,onCreate/1[ch.swissonid.firebase_app_engine_android_studio_mvp.Bundle],false,15,4,0,0,0,1,5,13,0,2,1,5,0,0,0,0,0,0,0,0,2,0,0,1,0,0,25,4,0,false
/home/arch_design_predict/download-github-repos/mvp/repos/firebase-app-engine-android-studio-mvp-master/app/src/test/java/ch/swissonid/firebase_app_engine_android_studio_mvp/ExampleUnitTest.java,ch.swissonid.firebase_app_engine_android_studio_mvp.ExampleUnitTest,addition_isCorrect/0,false,12,1,0,0,0,1,1,3,0,0,0,1,0,0,0,0,0,0,0,3,0,1,0,0,0,0,6,1,0,false
