file,class,method,variable,usage
/home/arch_design_predict/download-github-repos/mvvm/repos/OpenClassrooms_MicroApplication-master/app/src/test/java/fr/delcey/microapplication/LiveDataTestUtils.java,fr.delcey.microapplication.LiveDataTestUtils$Anonymous1,onChanged/1[T],o,1
/home/arch_design_predict/download-github-repos/mvvm/repos/OpenClassrooms_MicroApplication-master/app/src/test/java/fr/delcey/microapplication/LiveDataTestUtils.java,fr.delcey.microapplication.LiveDataTestUtils,getOrAwaitValue/1[fr.delcey.microapplication.LiveData<T>],observer,1
/home/arch_design_predict/download-github-repos/mvvm/repos/OpenClassrooms_MicroApplication-master/app/src/test/java/fr/delcey/microapplication/LiveDataTestUtils.java,fr.delcey.microapplication.LiveDataTestUtils,getOrAwaitValue/1[fr.delcey.microapplication.LiveData<T>],data,1
/home/arch_design_predict/download-github-repos/mvvm/repos/OpenClassrooms_MicroApplication-master/app/src/test/java/fr/delcey/microapplication/LiveDataTestUtils.java,fr.delcey.microapplication.LiveDataTestUtils,getOrAwaitValue/1[fr.delcey.microapplication.LiveData<T>],latch,1
/home/arch_design_predict/download-github-repos/mvvm/repos/OpenClassrooms_MicroApplication-master/app/src/test/java/fr/delcey/microapplication/LiveDataTestUtils.java,fr.delcey.microapplication.LiveDataTestUtils,getOrAwaitValue/1[fr.delcey.microapplication.LiveData<T>],liveData,1
/home/arch_design_predict/download-github-repos/mvvm/repos/OpenClassrooms_MicroApplication-master/app/src/test/java/fr/delcey/microapplication/data/ClickCountRepositoryTest.java,fr.delcey.microapplication.data.ClickCountRepositoryTest,should_not_expose_data_by_default/0,result,1
/home/arch_design_predict/download-github-repos/mvvm/repos/OpenClassrooms_MicroApplication-master/app/src/test/java/fr/delcey/microapplication/data/ClickCountRepositoryTest.java,fr.delcey.microapplication.data.ClickCountRepositoryTest,addTwice/0,result,2
/home/arch_design_predict/download-github-repos/mvvm/repos/OpenClassrooms_MicroApplication-master/app/src/test/java/fr/delcey/microapplication/data/ClickCountRepositoryTest.java,fr.delcey.microapplication.data.ClickCountRepositoryTest,add/0,result,2
/home/arch_design_predict/download-github-repos/mvvm/repos/OpenClassrooms_MicroApplication-master/app/src/main/java/fr/delcey/microapplication/main/MainActivity.java,fr.delcey.microapplication.main.MainActivity,onCreate/1[fr.delcey.microapplication.main.Bundle],savedInstanceState,1
/home/arch_design_predict/download-github-repos/mvvm/repos/OpenClassrooms_MicroApplication-master/app/src/main/java/fr/delcey/microapplication/main/MainActivity.java,fr.delcey.microapplication.main.MainActivity,onCreate/1[fr.delcey.microapplication.main.Bundle],view,0
/home/arch_design_predict/download-github-repos/mvvm/repos/OpenClassrooms_MicroApplication-master/app/src/main/java/fr/delcey/microapplication/main/MainActivity.java,fr.delcey.microapplication.main.MainActivity,onCreate/1[fr.delcey.microapplication.main.Bundle],clickCount,1
/home/arch_design_predict/download-github-repos/mvvm/repos/OpenClassrooms_MicroApplication-master/app/src/main/java/fr/delcey/microapplication/main/MainActivity.java,fr.delcey.microapplication.main.MainActivity,onCreate/1[fr.delcey.microapplication.main.Bundle],binding,3
/home/arch_design_predict/download-github-repos/mvvm/repos/OpenClassrooms_MicroApplication-master/app/src/main/java/fr/delcey/microapplication/main/MainActivity.java,fr.delcey.microapplication.main.MainActivity,onCreate/1[fr.delcey.microapplication.main.Bundle],viewModel,2
/home/arch_design_predict/download-github-repos/mvvm/repos/OpenClassrooms_MicroApplication-master/app/src/main/java/fr/delcey/microapplication/ViewModelFactory.java,fr.delcey.microapplication.ViewModelFactory,ViewModelFactory/1[fr.delcey.microapplication.data.ClickCountRepository],clickCountRepository,2
/home/arch_design_predict/download-github-repos/mvvm/repos/OpenClassrooms_MicroApplication-master/app/src/main/java/fr/delcey/microapplication/ViewModelFactory.java,fr.delcey.microapplication.ViewModelFactory,create/1[java.lang.Class<T>],modelClass,1
/home/arch_design_predict/download-github-repos/mvvm/repos/OpenClassrooms_MicroApplication-master/app/src/main/java/fr/delcey/microapplication/main/MainViewModel.java,fr.delcey.microapplication.main.MainViewModel,getClickCountLiveData/0,clickCount,1
/home/arch_design_predict/download-github-repos/mvvm/repos/OpenClassrooms_MicroApplication-master/app/src/main/java/fr/delcey/microapplication/main/MainViewModel.java,fr.delcey.microapplication.main.MainViewModel,MainViewModel/1[fr.delcey.microapplication.data.ClickCountRepository],clickCountRepository,2
/home/arch_design_predict/download-github-repos/mvvm/repos/OpenClassrooms_MicroApplication-master/app/src/main/java/fr/delcey/microapplication/data/ClickCountRepository.java,fr.delcey.microapplication.data.ClickCountRepository,add/0,oldValue,3
/home/arch_design_predict/download-github-repos/mvvm/repos/OpenClassrooms_MicroApplication-master/app/src/androidTest/java/fr/delcey/microapplication/ExampleInstrumentedTest.java,fr.delcey.microapplication.ExampleInstrumentedTest,useAppContext/0,appContext,1
/home/arch_design_predict/download-github-repos/mvvm/repos/OpenClassrooms_MicroApplication-master/app/src/test/java/fr/delcey/microapplication/main/MainViewModelTest.java,fr.delcey.microapplication.main.MainViewModelTest,nominal_case/0,result,1
/home/arch_design_predict/download-github-repos/mvvm/repos/OpenClassrooms_MicroApplication-master/app/src/test/java/fr/delcey/microapplication/main/MainViewModelTest.java,fr.delcey.microapplication.main.MainViewModelTest,given_100click_should_expose_100/0,result,1
