file,class,method,variable,usage
/home/arch_design_predict/download-github-repos/mvp/repos/Android-Base-master/app/src/main/java/com/john/base/data/model/Ribot.java,com.john.base.data.model.Ribot,create/1[com.john.base.data.model.Profile],profile,1
/home/arch_design_predict/download-github-repos/mvp/repos/Android-Base-master/app/src/main/java/com/john/base/data/model/Ribot.java,com.john.base.data.model.Ribot,compareTo/1[com.john.base.data.model.Ribot],another,1
/home/arch_design_predict/download-github-repos/mvp/repos/Android-Base-master/app/src/main/java/com/john/base/data/model/Ribot.java,com.john.base.data.model.Ribot,typeAdapter/1[com.john.base.data.model.Gson],gson,1
/home/arch_design_predict/download-github-repos/mvp/repos/Android-Base-master/app/src/main/java/com/john/base/ui/main/MainPresenter.java,com.john.base.ui.main.MainPresenter,MainPresenter/1[com.john.base.data.DataManager],dataManager,1
/home/arch_design_predict/download-github-repos/mvp/repos/Android-Base-master/app/src/main/java/com/john/base/ui/main/MainPresenter.java,com.john.base.ui.main.MainPresenter,attachView/1[com.john.base.ui.main.MainMvpView],mvpView,1
/home/arch_design_predict/download-github-repos/mvp/repos/Android-Base-master/app/src/main/java/com/john/base/util/RxEventBus.java,com.john.base.util.RxEventBus,post/1[java.lang.Object],event,1
/home/arch_design_predict/download-github-repos/mvp/repos/Android-Base-master/app/src/main/java/com/john/base/util/RxEventBus.java,com.john.base.util.RxEventBus,filteredObservable/1[java.lang.Class<T>],eventClass,1
/home/arch_design_predict/download-github-repos/mvp/repos/Android-Base-master/app/src/main/java/com/john/base/BoilerplateApplication.java,com.john.base.BoilerplateApplication,setComponent/1[com.john.base.injection.component.ApplicationComponent],applicationComponent,1
/home/arch_design_predict/download-github-repos/mvp/repos/Android-Base-master/app/src/main/java/com/john/base/BoilerplateApplication.java,com.john.base.BoilerplateApplication,get/1[com.john.base.Context],context,1
/home/arch_design_predict/download-github-repos/mvp/repos/Android-Base-master/app/src/main/java/com/john/base/injection/component/ApplicationComponent.java,com.john.base.injection.component.ApplicationComponent,inject/1[com.john.base.data.SyncService],syncService,0
/home/arch_design_predict/download-github-repos/mvp/repos/Android-Base-master/app/src/main/java/com/john/base/data/model/Name.java,com.john.base.data.model.Name,"create/2[java.lang.String,java.lang.String]",last,1
/home/arch_design_predict/download-github-repos/mvp/repos/Android-Base-master/app/src/main/java/com/john/base/data/model/Name.java,com.john.base.data.model.Name,"create/2[java.lang.String,java.lang.String]",first,1
/home/arch_design_predict/download-github-repos/mvp/repos/Android-Base-master/app/src/main/java/com/john/base/data/model/Name.java,com.john.base.data.model.Name,typeAdapter/1[com.john.base.data.model.Gson],gson,1
/home/arch_design_predict/download-github-repos/mvp/repos/Android-Base-master/app/src/main/java/com/john/base/data/local/DatabaseHelper.java,com.john.base.data.local.DatabaseHelper$Anonymous1,call/1[Subscriber<? super Ribot>],result,1
/home/arch_design_predict/download-github-repos/mvp/repos/Android-Base-master/app/src/main/java/com/john/base/data/local/DatabaseHelper.java,com.john.base.data.local.DatabaseHelper$Anonymous1,call/1[Subscriber<? super Ribot>],subscriber,3
/home/arch_design_predict/download-github-repos/mvp/repos/Android-Base-master/app/src/main/java/com/john/base/data/local/DatabaseHelper.java,com.john.base.data.local.DatabaseHelper$Anonymous1,call/1[Subscriber<? super Ribot>],ribot,2
/home/arch_design_predict/download-github-repos/mvp/repos/Android-Base-master/app/src/main/java/com/john/base/data/local/DatabaseHelper.java,com.john.base.data.local.DatabaseHelper$Anonymous1,call/1[Subscriber<? super Ribot>],transaction,2
/home/arch_design_predict/download-github-repos/mvp/repos/Android-Base-master/app/src/main/java/com/john/base/data/SyncService.java,com.john.base.data.SyncService$Anonymous1,onError/1[java.lang.Throwable],e,1
/home/arch_design_predict/download-github-repos/mvp/repos/Android-Base-master/app/src/main/java/com/john/base/data/SyncService.java,com.john.base.data.SyncService$Anonymous1,onNext/1[com.john.base.data.model.Ribot],ribot,0
/home/arch_design_predict/download-github-repos/mvp/repos/Android-Base-master/app/src/main/java/com/john/base/data/local/Db.java,com.john.base.data.local.Db$RibotProfileTable,toContentValues/1[com.john.base.data.model.Profile],profile,8
/home/arch_design_predict/download-github-repos/mvp/repos/Android-Base-master/app/src/main/java/com/john/base/data/local/Db.java,com.john.base.data.local.Db$RibotProfileTable,toContentValues/1[com.john.base.data.model.Profile],values,8
/home/arch_design_predict/download-github-repos/mvp/repos/Android-Base-master/app/src/main/java/com/john/base/data/local/Db.java,com.john.base.data.local.Db$RibotProfileTable,parseCursor/1[com.john.base.data.local.Cursor],cursor,14
/home/arch_design_predict/download-github-repos/mvp/repos/Android-Base-master/app/src/main/java/com/john/base/data/local/Db.java,com.john.base.data.local.Db$RibotProfileTable,parseCursor/1[com.john.base.data.local.Cursor],dobTime,1
/home/arch_design_predict/download-github-repos/mvp/repos/Android-Base-master/app/src/main/java/com/john/base/data/local/Db.java,com.john.base.data.local.Db$RibotProfileTable,parseCursor/1[com.john.base.data.local.Cursor],name,1
/home/arch_design_predict/download-github-repos/mvp/repos/Android-Base-master/app/src/main/java/com/john/base/injection/module/ActivityModule.java,com.john.base.injection.module.ActivityModule,ActivityModule/1[com.john.base.injection.module.Activity],activity,1
/home/arch_design_predict/download-github-repos/mvp/repos/Android-Base-master/app/src/main/java/com/john/base/ui/main/MainActivity.java,com.john.base.ui.main.MainActivity,onCreate/1[com.john.base.ui.main.Bundle],savedInstanceState,1
/home/arch_design_predict/download-github-repos/mvp/repos/Android-Base-master/app/src/main/java/com/john/base/ui/main/MainActivity.java,com.john.base.ui.main.MainActivity,showRibots/1[java.util.List<com.john.base.data.model.Ribot>],ribots,1
/home/arch_design_predict/download-github-repos/mvp/repos/Android-Base-master/app/src/main/java/com/john/base/ui/main/MainActivity.java,com.john.base.ui.main.MainActivity,"getStartIntent/2[com.john.base.ui.main.Context,boolean]",context,1
/home/arch_design_predict/download-github-repos/mvp/repos/Android-Base-master/app/src/main/java/com/john/base/ui/main/MainActivity.java,com.john.base.ui.main.MainActivity,"getStartIntent/2[com.john.base.ui.main.Context,boolean]",triggerDataSyncOnCreate,1
/home/arch_design_predict/download-github-repos/mvp/repos/Android-Base-master/app/src/main/java/com/john/base/ui/main/MainActivity.java,com.john.base.ui.main.MainActivity,"getStartIntent/2[com.john.base.ui.main.Context,boolean]",intent,2
/home/arch_design_predict/download-github-repos/mvp/repos/Android-Base-master/app/src/main/java/com/john/base/data/local/DatabaseHelper.java,com.john.base.data.local.DatabaseHelper,setRibots/1[java.util.Collection<com.john.base.data.model.Ribot>],newRibots,0
/home/arch_design_predict/download-github-repos/mvp/repos/Android-Base-master/app/src/main/java/com/john/base/data/local/DatabaseHelper.java,com.john.base.data.local.DatabaseHelper,DatabaseHelper/1[com.john.base.data.local.DbOpenHelper],dbOpenHelper,1
/home/arch_design_predict/download-github-repos/mvp/repos/Android-Base-master/app/src/main/java/com/john/base/data/local/DatabaseHelper.java,com.john.base.data.local.DatabaseHelper,DatabaseHelper/1[com.john.base.data.local.DbOpenHelper],briteBuilder,1
/home/arch_design_predict/download-github-repos/mvp/repos/Android-Base-master/app/src/main/java/com/john/base/ui/main/MainMvpView.java,com.john.base.ui.main.MainMvpView,showRibots/1[java.util.List<com.john.base.data.model.Ribot>],ribots,0
/home/arch_design_predict/download-github-repos/mvp/repos/Android-Base-master/app/src/main/java/com/john/base/util/ViewUtil.java,com.john.base.util.ViewUtil,hideKeyboard/1[com.john.base.util.Activity],activity,2
/home/arch_design_predict/download-github-repos/mvp/repos/Android-Base-master/app/src/main/java/com/john/base/util/ViewUtil.java,com.john.base.util.ViewUtil,hideKeyboard/1[com.john.base.util.Activity],imm,1
/home/arch_design_predict/download-github-repos/mvp/repos/Android-Base-master/app/src/main/java/com/john/base/util/ViewUtil.java,com.john.base.util.ViewUtil,dpToPx/1[int],density,2
/home/arch_design_predict/download-github-repos/mvp/repos/Android-Base-master/app/src/main/java/com/john/base/util/ViewUtil.java,com.john.base.util.ViewUtil,dpToPx/1[int],dp,1
/home/arch_design_predict/download-github-repos/mvp/repos/Android-Base-master/app/src/main/java/com/john/base/util/ViewUtil.java,com.john.base.util.ViewUtil,pxToDp/1[float],densityDpi,2
/home/arch_design_predict/download-github-repos/mvp/repos/Android-Base-master/app/src/main/java/com/john/base/util/ViewUtil.java,com.john.base.util.ViewUtil,pxToDp/1[float],px,1
/home/arch_design_predict/download-github-repos/mvp/repos/Android-Base-master/app/src/main/java/com/john/base/data/SyncService.java,com.john.base.data.SyncService$SyncOnConnectionAvailable,"onReceive/2[com.john.base.data.Context,com.john.base.data.Intent]",context,4
/home/arch_design_predict/download-github-repos/mvp/repos/Android-Base-master/app/src/main/java/com/john/base/data/SyncService.java,com.john.base.data.SyncService$SyncOnConnectionAvailable,"onReceive/2[com.john.base.data.Context,com.john.base.data.Intent]",intent,1
/home/arch_design_predict/download-github-repos/mvp/repos/Android-Base-master/app/src/main/java/com/john/base/ui/base/BasePresenter.java,com.john.base.ui.base.BasePresenter,attachView/1[T],mvpView,1
/home/arch_design_predict/download-github-repos/mvp/repos/Android-Base-master/app/src/main/java/com/john/base/util/RxUtil.java,com.john.base.util.RxUtil,unsubscribe/1[com.john.base.util.Subscription],subscription,3
/home/arch_design_predict/download-github-repos/mvp/repos/Android-Base-master/app/src/main/java/com/john/base/data/local/PreferencesHelper.java,com.john.base.data.local.PreferencesHelper,PreferencesHelper/1[com.john.base.data.local.Context],context,1
/home/arch_design_predict/download-github-repos/mvp/repos/Android-Base-master/app/src/main/java/com/john/base/util/AndroidComponentUtil.java,com.john.base.util.AndroidComponentUtil,"isServiceRunning/2[com.john.base.util.Context,java.lang.Class]",serviceClass,1
/home/arch_design_predict/download-github-repos/mvp/repos/Android-Base-master/app/src/main/java/com/john/base/util/AndroidComponentUtil.java,com.john.base.util.AndroidComponentUtil,"isServiceRunning/2[com.john.base.util.Context,java.lang.Class]",manager,1
/home/arch_design_predict/download-github-repos/mvp/repos/Android-Base-master/app/src/main/java/com/john/base/util/AndroidComponentUtil.java,com.john.base.util.AndroidComponentUtil,"isServiceRunning/2[com.john.base.util.Context,java.lang.Class]",service,2
/home/arch_design_predict/download-github-repos/mvp/repos/Android-Base-master/app/src/main/java/com/john/base/util/AndroidComponentUtil.java,com.john.base.util.AndroidComponentUtil,"isServiceRunning/2[com.john.base.util.Context,java.lang.Class]",context,1
/home/arch_design_predict/download-github-repos/mvp/repos/Android-Base-master/app/src/main/java/com/john/base/util/AndroidComponentUtil.java,com.john.base.util.AndroidComponentUtil,"toggleComponent/3[com.john.base.util.Context,java.lang.Class,boolean]",componentClass,1
/home/arch_design_predict/download-github-repos/mvp/repos/Android-Base-master/app/src/main/java/com/john/base/util/AndroidComponentUtil.java,com.john.base.util.AndroidComponentUtil,"toggleComponent/3[com.john.base.util.Context,java.lang.Class,boolean]",enable,1
/home/arch_design_predict/download-github-repos/mvp/repos/Android-Base-master/app/src/main/java/com/john/base/util/AndroidComponentUtil.java,com.john.base.util.AndroidComponentUtil,"toggleComponent/3[com.john.base.util.Context,java.lang.Class,boolean]",context,2
/home/arch_design_predict/download-github-repos/mvp/repos/Android-Base-master/app/src/main/java/com/john/base/util/AndroidComponentUtil.java,com.john.base.util.AndroidComponentUtil,"toggleComponent/3[com.john.base.util.Context,java.lang.Class,boolean]",componentName,1
/home/arch_design_predict/download-github-repos/mvp/repos/Android-Base-master/app/src/main/java/com/john/base/util/AndroidComponentUtil.java,com.john.base.util.AndroidComponentUtil,"toggleComponent/3[com.john.base.util.Context,java.lang.Class,boolean]",pm,1
/home/arch_design_predict/download-github-repos/mvp/repos/Android-Base-master/app/src/main/java/com/john/base/ui/login/LoginActivity.java,com.john.base.ui.login.LoginActivity,onCreate/1[com.john.base.ui.login.Bundle],savedInstanceState,1
/home/arch_design_predict/download-github-repos/mvp/repos/Android-Base-master/app/src/main/java/com/john/base/ui/login/LoginActivity.java,com.john.base.ui.login.LoginActivity,onCreate/1[com.john.base.ui.login.Bundle],mEmailSignInButton,1
/home/arch_design_predict/download-github-repos/mvp/repos/Android-Base-master/app/src/main/java/com/john/base/ui/login/LoginActivity.java,com.john.base.ui.login.LoginActivity,"onCreateLoader/2[int,com.john.base.ui.login.Bundle]",i,0
/home/arch_design_predict/download-github-repos/mvp/repos/Android-Base-master/app/src/main/java/com/john/base/ui/login/LoginActivity.java,com.john.base.ui.login.LoginActivity,"onCreateLoader/2[int,com.john.base.ui.login.Bundle]",bundle,0
/home/arch_design_predict/download-github-repos/mvp/repos/Android-Base-master/app/src/main/java/com/john/base/ui/login/LoginActivity.java,com.john.base.ui.login.LoginActivity,isEmailValid/1[java.lang.String],email,1
/home/arch_design_predict/download-github-repos/mvp/repos/Android-Base-master/app/src/main/java/com/john/base/ui/login/LoginActivity.java,com.john.base.ui.login.LoginActivity,"onLoadFinished/2[com.john.base.ui.login.Loader<com.john.base.ui.login.Cursor>,com.john.base.ui.login.Cursor]",cursor,4
/home/arch_design_predict/download-github-repos/mvp/repos/Android-Base-master/app/src/main/java/com/john/base/ui/login/LoginActivity.java,com.john.base.ui.login.LoginActivity,"onLoadFinished/2[com.john.base.ui.login.Loader<com.john.base.ui.login.Cursor>,com.john.base.ui.login.Cursor]",emails,2
/home/arch_design_predict/download-github-repos/mvp/repos/Android-Base-master/app/src/main/java/com/john/base/ui/login/LoginActivity.java,com.john.base.ui.login.LoginActivity,"onLoadFinished/2[com.john.base.ui.login.Loader<com.john.base.ui.login.Cursor>,com.john.base.ui.login.Cursor]",cursorLoader,0
/home/arch_design_predict/download-github-repos/mvp/repos/Android-Base-master/app/src/main/java/com/john/base/ui/login/LoginActivity.java,com.john.base.ui.login.LoginActivity,onLoaderReset/1[com.john.base.ui.login.Loader<com.john.base.ui.login.Cursor>],cursorLoader,0
/home/arch_design_predict/download-github-repos/mvp/repos/Android-Base-master/app/src/main/java/com/john/base/ui/login/LoginActivity.java,com.john.base.ui.login.LoginActivity,addEmailsToAutoComplete/1[java.util.List<java.lang.String>],adapter,1
/home/arch_design_predict/download-github-repos/mvp/repos/Android-Base-master/app/src/main/java/com/john/base/ui/login/LoginActivity.java,com.john.base.ui.login.LoginActivity,addEmailsToAutoComplete/1[java.util.List<java.lang.String>],emailAddressCollection,1
/home/arch_design_predict/download-github-repos/mvp/repos/Android-Base-master/app/src/main/java/com/john/base/ui/login/LoginActivity.java,com.john.base.ui.login.LoginActivity,"onRequestPermissionsResult/3[int,java.lang.String[],int[]]",grantResults,2
/home/arch_design_predict/download-github-repos/mvp/repos/Android-Base-master/app/src/main/java/com/john/base/ui/login/LoginActivity.java,com.john.base.ui.login.LoginActivity,"onRequestPermissionsResult/3[int,java.lang.String[],int[]]",permissions,0
/home/arch_design_predict/download-github-repos/mvp/repos/Android-Base-master/app/src/main/java/com/john/base/ui/login/LoginActivity.java,com.john.base.ui.login.LoginActivity,"onRequestPermissionsResult/3[int,java.lang.String[],int[]]",requestCode,1
/home/arch_design_predict/download-github-repos/mvp/repos/Android-Base-master/app/src/main/java/com/john/base/ui/login/LoginActivity.java,com.john.base.ui.login.LoginActivity,attemptLogin/0,cancel,4
/home/arch_design_predict/download-github-repos/mvp/repos/Android-Base-master/app/src/main/java/com/john/base/ui/login/LoginActivity.java,com.john.base.ui.login.LoginActivity,attemptLogin/0,password,3
/home/arch_design_predict/download-github-repos/mvp/repos/Android-Base-master/app/src/main/java/com/john/base/ui/login/LoginActivity.java,com.john.base.ui.login.LoginActivity,attemptLogin/0,email,3
/home/arch_design_predict/download-github-repos/mvp/repos/Android-Base-master/app/src/main/java/com/john/base/ui/login/LoginActivity.java,com.john.base.ui.login.LoginActivity,attemptLogin/0,focusView,4
/home/arch_design_predict/download-github-repos/mvp/repos/Android-Base-master/app/src/main/java/com/john/base/ui/login/LoginActivity.java,com.john.base.ui.login.LoginActivity,isPasswordValid/1[java.lang.String],password,1
/home/arch_design_predict/download-github-repos/mvp/repos/Android-Base-master/app/src/main/java/com/john/base/ui/login/LoginActivity.java,com.john.base.ui.login.LoginActivity,showProgress/1[boolean],show,6
/home/arch_design_predict/download-github-repos/mvp/repos/Android-Base-master/app/src/main/java/com/john/base/ui/login/LoginActivity.java,com.john.base.ui.login.LoginActivity,showProgress/1[boolean],shortAnimTime,2
/home/arch_design_predict/download-github-repos/mvp/repos/Android-Base-master/app/src/main/java/com/john/base/data/local/DbOpenHelper.java,com.john.base.data.local.DbOpenHelper,DbOpenHelper/1[com.john.base.data.local.Context],context,1
/home/arch_design_predict/download-github-repos/mvp/repos/Android-Base-master/app/src/main/java/com/john/base/data/local/DbOpenHelper.java,com.john.base.data.local.DbOpenHelper,"onUpgrade/3[com.john.base.data.local.SQLiteDatabase,int,int]",oldVersion,0
/home/arch_design_predict/download-github-repos/mvp/repos/Android-Base-master/app/src/main/java/com/john/base/data/local/DbOpenHelper.java,com.john.base.data.local.DbOpenHelper,"onUpgrade/3[com.john.base.data.local.SQLiteDatabase,int,int]",db,0
/home/arch_design_predict/download-github-repos/mvp/repos/Android-Base-master/app/src/main/java/com/john/base/data/local/DbOpenHelper.java,com.john.base.data.local.DbOpenHelper,"onUpgrade/3[com.john.base.data.local.SQLiteDatabase,int,int]",newVersion,0
/home/arch_design_predict/download-github-repos/mvp/repos/Android-Base-master/app/src/main/java/com/john/base/data/local/DbOpenHelper.java,com.john.base.data.local.DbOpenHelper,onCreate/1[com.john.base.data.local.SQLiteDatabase],db,4
/home/arch_design_predict/download-github-repos/mvp/repos/Android-Base-master/app/src/main/java/com/john/base/data/local/DbOpenHelper.java,com.john.base.data.local.DbOpenHelper,onConfigure/1[com.john.base.data.local.SQLiteDatabase],db,1
/home/arch_design_predict/download-github-repos/mvp/repos/Android-Base-master/app/src/main/java/com/john/base/injection/component/ActivityComponent.java,com.john.base.injection.component.ActivityComponent,inject/1[com.john.base.ui.main.MainActivity],mainActivity,0
/home/arch_design_predict/download-github-repos/mvp/repos/Android-Base-master/app/src/main/java/com/john/base/util/NetworkUtil.java,com.john.base.util.NetworkUtil,isNetworkConnected/1[com.john.base.util.Context],context,1
/home/arch_design_predict/download-github-repos/mvp/repos/Android-Base-master/app/src/main/java/com/john/base/util/NetworkUtil.java,com.john.base.util.NetworkUtil,isNetworkConnected/1[com.john.base.util.Context],cm,1
/home/arch_design_predict/download-github-repos/mvp/repos/Android-Base-master/app/src/main/java/com/john/base/util/NetworkUtil.java,com.john.base.util.NetworkUtil,isNetworkConnected/1[com.john.base.util.Context],activeNetwork,2
/home/arch_design_predict/download-github-repos/mvp/repos/Android-Base-master/app/src/main/java/com/john/base/util/NetworkUtil.java,com.john.base.util.NetworkUtil,"isHttpStatusCode/2[java.lang.Throwable,int]",throwable,2
/home/arch_design_predict/download-github-repos/mvp/repos/Android-Base-master/app/src/main/java/com/john/base/util/NetworkUtil.java,com.john.base.util.NetworkUtil,"isHttpStatusCode/2[java.lang.Throwable,int]",statusCode,1
/home/arch_design_predict/download-github-repos/mvp/repos/Android-Base-master/app/src/main/java/com/john/base/ui/main/MainPresenter.java,com.john.base.ui.main.MainPresenter$Anonymous1,onError/1[java.lang.Throwable],e,2
/home/arch_design_predict/download-github-repos/mvp/repos/Android-Base-master/app/src/main/java/com/john/base/ui/main/MainPresenter.java,com.john.base.ui.main.MainPresenter$Anonymous1,onNext/1[java.util.List<com.john.base.data.model.Ribot>],ribots,2
/home/arch_design_predict/download-github-repos/mvp/repos/Android-Base-master/app/src/main/java/com/john/base/injection/component/ConfigPersistentComponent.java,com.john.base.injection.component.ConfigPersistentComponent,activityComponent/1[com.john.base.injection.module.ActivityModule],activityModule,0
/home/arch_design_predict/download-github-repos/mvp/repos/Android-Base-master/app/src/main/java/com/john/base/injection/module/ApplicationModule.java,com.john.base.injection.module.ApplicationModule,ApplicationModule/1[com.john.base.injection.module.Application],application,1
/home/arch_design_predict/download-github-repos/mvp/repos/Android-Base-master/app/src/main/java/com/john/base/util/DialogFactory.java,com.john.base.util.DialogFactory,"createGenericErrorDialog/2[com.john.base.util.Context,int]",messageResource,1
/home/arch_design_predict/download-github-repos/mvp/repos/Android-Base-master/app/src/main/java/com/john/base/util/DialogFactory.java,com.john.base.util.DialogFactory,"createGenericErrorDialog/2[com.john.base.util.Context,int]",context,2
/home/arch_design_predict/download-github-repos/mvp/repos/Android-Base-master/app/src/main/java/com/john/base/util/DialogFactory.java,com.john.base.util.DialogFactory,"createSimpleOkErrorDialog/3[com.john.base.util.Context,int,int]",messageResource,1
/home/arch_design_predict/download-github-repos/mvp/repos/Android-Base-master/app/src/main/java/com/john/base/util/DialogFactory.java,com.john.base.util.DialogFactory,"createSimpleOkErrorDialog/3[com.john.base.util.Context,int,int]",context,3
/home/arch_design_predict/download-github-repos/mvp/repos/Android-Base-master/app/src/main/java/com/john/base/util/DialogFactory.java,com.john.base.util.DialogFactory,"createSimpleOkErrorDialog/3[com.john.base.util.Context,int,int]",titleResource,1
/home/arch_design_predict/download-github-repos/mvp/repos/Android-Base-master/app/src/main/java/com/john/base/util/DialogFactory.java,com.john.base.util.DialogFactory,"createSimpleOkErrorDialog/3[com.john.base.util.Context,java.lang.String,java.lang.String]",context,1
/home/arch_design_predict/download-github-repos/mvp/repos/Android-Base-master/app/src/main/java/com/john/base/util/DialogFactory.java,com.john.base.util.DialogFactory,"createSimpleOkErrorDialog/3[com.john.base.util.Context,java.lang.String,java.lang.String]",title,1
/home/arch_design_predict/download-github-repos/mvp/repos/Android-Base-master/app/src/main/java/com/john/base/util/DialogFactory.java,com.john.base.util.DialogFactory,"createSimpleOkErrorDialog/3[com.john.base.util.Context,java.lang.String,java.lang.String]",message,1
/home/arch_design_predict/download-github-repos/mvp/repos/Android-Base-master/app/src/main/java/com/john/base/util/DialogFactory.java,com.john.base.util.DialogFactory,"createSimpleOkErrorDialog/3[com.john.base.util.Context,java.lang.String,java.lang.String]",alertDialog,1
/home/arch_design_predict/download-github-repos/mvp/repos/Android-Base-master/app/src/main/java/com/john/base/util/DialogFactory.java,com.john.base.util.DialogFactory,"createProgressDialog/2[com.john.base.util.Context,java.lang.String]",progressDialog,2
/home/arch_design_predict/download-github-repos/mvp/repos/Android-Base-master/app/src/main/java/com/john/base/util/DialogFactory.java,com.john.base.util.DialogFactory,"createProgressDialog/2[com.john.base.util.Context,java.lang.String]",context,1
/home/arch_design_predict/download-github-repos/mvp/repos/Android-Base-master/app/src/main/java/com/john/base/util/DialogFactory.java,com.john.base.util.DialogFactory,"createProgressDialog/2[com.john.base.util.Context,java.lang.String]",message,1
/home/arch_design_predict/download-github-repos/mvp/repos/Android-Base-master/app/src/main/java/com/john/base/util/DialogFactory.java,com.john.base.util.DialogFactory,"createGenericErrorDialog/2[com.john.base.util.Context,java.lang.String]",context,2
/home/arch_design_predict/download-github-repos/mvp/repos/Android-Base-master/app/src/main/java/com/john/base/util/DialogFactory.java,com.john.base.util.DialogFactory,"createGenericErrorDialog/2[com.john.base.util.Context,java.lang.String]",message,1
/home/arch_design_predict/download-github-repos/mvp/repos/Android-Base-master/app/src/main/java/com/john/base/util/DialogFactory.java,com.john.base.util.DialogFactory,"createGenericErrorDialog/2[com.john.base.util.Context,java.lang.String]",alertDialog,1
/home/arch_design_predict/download-github-repos/mvp/repos/Android-Base-master/app/src/main/java/com/john/base/util/DialogFactory.java,com.john.base.util.DialogFactory,"createProgressDialog/2[com.john.base.util.Context,int]",messageResource,1
/home/arch_design_predict/download-github-repos/mvp/repos/Android-Base-master/app/src/main/java/com/john/base/util/DialogFactory.java,com.john.base.util.DialogFactory,"createProgressDialog/2[com.john.base.util.Context,int]",context,2
/home/arch_design_predict/download-github-repos/mvp/repos/Android-Base-master/app/src/main/java/com/john/base/ui/base/Presenter.java,com.john.base.ui.base.Presenter,attachView/1[V],mvpView,0
/home/arch_design_predict/download-github-repos/mvp/repos/Android-Base-master/app/src/main/java/com/john/base/data/model/Profile.java,com.john.base.data.model.Profile,typeAdapter/1[com.john.base.data.model.Gson],gson,1
/home/arch_design_predict/download-github-repos/mvp/repos/Android-Base-master/app/src/androidTest/java/com/john/base/ExampleInstrumentedTest.java,com.john.base.ExampleInstrumentedTest,useAppContext/0,appContext,1
/home/arch_design_predict/download-github-repos/mvp/repos/Android-Base-master/app/src/main/java/com/john/base/ui/login/LoginActivity.java,com.john.base.ui.login.LoginActivity$Anonymous5,onAnimationEnd/1[com.john.base.ui.login.Animator],animation,0
/home/arch_design_predict/download-github-repos/mvp/repos/Android-Base-master/app/src/main/java/com/john/base/ui/login/LoginActivity.java,com.john.base.ui.login.LoginActivity$Anonymous3,onClick/1[com.john.base.ui.login.View],v,0
/home/arch_design_predict/download-github-repos/mvp/repos/Android-Base-master/app/src/main/java/com/john/base/ui/login/LoginActivity.java,com.john.base.ui.login.LoginActivity$Anonymous4,onAnimationEnd/1[com.john.base.ui.login.Animator],animation,0
/home/arch_design_predict/download-github-repos/mvp/repos/Android-Base-master/app/src/main/java/com/john/base/data/DataManager.java,com.john.base.data.DataManager,"DataManager/3[com.john.base.data.remote.RibotsService,com.john.base.data.local.PreferencesHelper,com.john.base.data.local.DatabaseHelper]",ribotsService,1
/home/arch_design_predict/download-github-repos/mvp/repos/Android-Base-master/app/src/main/java/com/john/base/data/DataManager.java,com.john.base.data.DataManager,"DataManager/3[com.john.base.data.remote.RibotsService,com.john.base.data.local.PreferencesHelper,com.john.base.data.local.DatabaseHelper]",preferencesHelper,1
/home/arch_design_predict/download-github-repos/mvp/repos/Android-Base-master/app/src/main/java/com/john/base/data/DataManager.java,com.john.base.data.DataManager,"DataManager/3[com.john.base.data.remote.RibotsService,com.john.base.data.local.PreferencesHelper,com.john.base.data.local.DatabaseHelper]",databaseHelper,1
/home/arch_design_predict/download-github-repos/mvp/repos/Android-Base-master/app/src/main/java/com/john/base/ui/login/LoginActivity.java,com.john.base.ui.login.LoginActivity$Anonymous1,"onEditorAction/3[com.john.base.ui.login.TextView,int,com.john.base.ui.login.KeyEvent]",keyEvent,0
/home/arch_design_predict/download-github-repos/mvp/repos/Android-Base-master/app/src/main/java/com/john/base/ui/login/LoginActivity.java,com.john.base.ui.login.LoginActivity$Anonymous1,"onEditorAction/3[com.john.base.ui.login.TextView,int,com.john.base.ui.login.KeyEvent]",id,3
/home/arch_design_predict/download-github-repos/mvp/repos/Android-Base-master/app/src/main/java/com/john/base/ui/login/LoginActivity.java,com.john.base.ui.login.LoginActivity$Anonymous1,"onEditorAction/3[com.john.base.ui.login.TextView,int,com.john.base.ui.login.KeyEvent]",textView,0
/home/arch_design_predict/download-github-repos/mvp/repos/Android-Base-master/app/src/main/java/com/john/base/ui/login/LoginActivity.java,com.john.base.ui.login.LoginActivity$Anonymous2,onClick/1[com.john.base.ui.login.View],view,0
/home/arch_design_predict/download-github-repos/mvp/repos/Android-Base-master/app/src/main/java/com/john/base/ui/base/BaseActivity.java,com.john.base.ui.base.BaseActivity,onSaveInstanceState/1[com.john.base.ui.base.Bundle],outState,2
/home/arch_design_predict/download-github-repos/mvp/repos/Android-Base-master/app/src/main/java/com/john/base/ui/base/BaseActivity.java,com.john.base.ui.base.BaseActivity,onCreate/1[com.john.base.ui.base.Bundle],savedInstanceState,3
/home/arch_design_predict/download-github-repos/mvp/repos/Android-Base-master/app/src/main/java/com/john/base/ui/base/BaseActivity.java,com.john.base.ui.base.BaseActivity,onCreate/1[com.john.base.ui.base.Bundle],configPersistentComponent,4
/home/arch_design_predict/download-github-repos/mvp/repos/Android-Base-master/app/src/main/java/com/john/base/data/model/Profile.java,com.john.base.data.model.Profile$Builder,setBio/1[java.lang.String],bio,0
/home/arch_design_predict/download-github-repos/mvp/repos/Android-Base-master/app/src/main/java/com/john/base/data/model/Profile.java,com.john.base.data.model.Profile$Builder,setEmail/1[java.lang.String],email,0
/home/arch_design_predict/download-github-repos/mvp/repos/Android-Base-master/app/src/main/java/com/john/base/data/model/Profile.java,com.john.base.data.model.Profile$Builder,setAvatar/1[java.lang.String],avatar,0
/home/arch_design_predict/download-github-repos/mvp/repos/Android-Base-master/app/src/main/java/com/john/base/data/model/Profile.java,com.john.base.data.model.Profile$Builder,setHexColor/1[java.lang.String],hexColor,0
/home/arch_design_predict/download-github-repos/mvp/repos/Android-Base-master/app/src/main/java/com/john/base/data/model/Profile.java,com.john.base.data.model.Profile$Builder,setDateOfBirth/1[java.util.Date],dateOfBirth,0
/home/arch_design_predict/download-github-repos/mvp/repos/Android-Base-master/app/src/main/java/com/john/base/data/model/Profile.java,com.john.base.data.model.Profile$Builder,setName/1[com.john.base.data.model.Name],name,0
/home/arch_design_predict/download-github-repos/mvp/repos/Android-Base-master/app/src/main/java/com/john/base/data/local/DatabaseHelper.java,com.john.base.data.local.DatabaseHelper$Anonymous2,call/1[com.john.base.data.local.Cursor],cursor,1
/home/arch_design_predict/download-github-repos/mvp/repos/Android-Base-master/app/src/main/java/com/john/base/ui/main/RibotsAdapter.java,com.john.base.ui.main.RibotsAdapter,"onBindViewHolder/2[com.john.base.ui.main.RibotsAdapter.RibotViewHolder,int]",ribot,4
/home/arch_design_predict/download-github-repos/mvp/repos/Android-Base-master/app/src/main/java/com/john/base/ui/main/RibotsAdapter.java,com.john.base.ui.main.RibotsAdapter,"onBindViewHolder/2[com.john.base.ui.main.RibotsAdapter.RibotViewHolder,int]",holder,3
/home/arch_design_predict/download-github-repos/mvp/repos/Android-Base-master/app/src/main/java/com/john/base/ui/main/RibotsAdapter.java,com.john.base.ui.main.RibotsAdapter,"onBindViewHolder/2[com.john.base.ui.main.RibotsAdapter.RibotViewHolder,int]",position,1
/home/arch_design_predict/download-github-repos/mvp/repos/Android-Base-master/app/src/main/java/com/john/base/ui/main/RibotsAdapter.java,com.john.base.ui.main.RibotsAdapter,setRibots/1[java.util.List<com.john.base.data.model.Ribot>],ribots,1
/home/arch_design_predict/download-github-repos/mvp/repos/Android-Base-master/app/src/main/java/com/john/base/ui/main/RibotsAdapter.java,com.john.base.ui.main.RibotsAdapter,"onCreateViewHolder/2[com.john.base.ui.main.ViewGroup,int]",parent,2
/home/arch_design_predict/download-github-repos/mvp/repos/Android-Base-master/app/src/main/java/com/john/base/ui/main/RibotsAdapter.java,com.john.base.ui.main.RibotsAdapter,"onCreateViewHolder/2[com.john.base.ui.main.ViewGroup,int]",viewType,0
/home/arch_design_predict/download-github-repos/mvp/repos/Android-Base-master/app/src/main/java/com/john/base/ui/main/RibotsAdapter.java,com.john.base.ui.main.RibotsAdapter,"onCreateViewHolder/2[com.john.base.ui.main.ViewGroup,int]",itemView,1
/home/arch_design_predict/download-github-repos/mvp/repos/Android-Base-master/app/src/main/java/com/john/base/ui/login/LoginActivity.java,com.john.base.ui.login.LoginActivity$UserLoginTask,onPostExecute/1[java.lang.Boolean],success,1
/home/arch_design_predict/download-github-repos/mvp/repos/Android-Base-master/app/src/main/java/com/john/base/ui/login/LoginActivity.java,com.john.base.ui.login.LoginActivity$UserLoginTask,doInBackground/1[java.lang.Void[]],pieces,2
/home/arch_design_predict/download-github-repos/mvp/repos/Android-Base-master/app/src/main/java/com/john/base/ui/login/LoginActivity.java,com.john.base.ui.login.LoginActivity$UserLoginTask,doInBackground/1[java.lang.Void[]],credential,1
/home/arch_design_predict/download-github-repos/mvp/repos/Android-Base-master/app/src/main/java/com/john/base/ui/login/LoginActivity.java,com.john.base.ui.login.LoginActivity$UserLoginTask,doInBackground/1[java.lang.Void[]],e,0
/home/arch_design_predict/download-github-repos/mvp/repos/Android-Base-master/app/src/main/java/com/john/base/ui/login/LoginActivity.java,com.john.base.ui.login.LoginActivity$UserLoginTask,doInBackground/1[java.lang.Void[]],params,0
/home/arch_design_predict/download-github-repos/mvp/repos/Android-Base-master/app/src/main/java/com/john/base/ui/login/LoginActivity.java,com.john.base.ui.login.LoginActivity$UserLoginTask,"UserLoginTask/2[java.lang.String,java.lang.String]",password,1
/home/arch_design_predict/download-github-repos/mvp/repos/Android-Base-master/app/src/main/java/com/john/base/ui/login/LoginActivity.java,com.john.base.ui.login.LoginActivity$UserLoginTask,"UserLoginTask/2[java.lang.String,java.lang.String]",email,1
/home/arch_design_predict/download-github-repos/mvp/repos/Android-Base-master/app/src/main/java/com/john/base/data/DataManager.java,com.john.base.data.DataManager$Anonymous1,call/1[java.util.List<com.john.base.data.model.Ribot>],ribots,1
/home/arch_design_predict/download-github-repos/mvp/repos/Android-Base-master/app/src/main/java/com/john/base/data/SyncService.java,com.john.base.data.SyncService,isRunning/1[com.john.base.data.Context],context,1
/home/arch_design_predict/download-github-repos/mvp/repos/Android-Base-master/app/src/main/java/com/john/base/data/SyncService.java,com.john.base.data.SyncService,getStartIntent/1[com.john.base.data.Context],context,1
/home/arch_design_predict/download-github-repos/mvp/repos/Android-Base-master/app/src/main/java/com/john/base/data/SyncService.java,com.john.base.data.SyncService,"onStartCommand/3[com.john.base.data.Intent,int,int]",startId,1
/home/arch_design_predict/download-github-repos/mvp/repos/Android-Base-master/app/src/main/java/com/john/base/data/SyncService.java,com.john.base.data.SyncService,"onStartCommand/3[com.john.base.data.Intent,int,int]",flags,0
/home/arch_design_predict/download-github-repos/mvp/repos/Android-Base-master/app/src/main/java/com/john/base/data/SyncService.java,com.john.base.data.SyncService,"onStartCommand/3[com.john.base.data.Intent,int,int]",intent,0
/home/arch_design_predict/download-github-repos/mvp/repos/Android-Base-master/app/src/main/java/com/john/base/data/SyncService.java,com.john.base.data.SyncService,onBind/1[com.john.base.data.Intent],intent,0
/home/arch_design_predict/download-github-repos/mvp/repos/Android-Base-master/app/src/main/java/com/john/base/data/remote/RibotsService.java,com.john.base.data.remote.RibotsService$Creator,newRibotsService/0,retrofit,1
/home/arch_design_predict/download-github-repos/mvp/repos/Android-Base-master/app/src/main/java/com/john/base/data/remote/RibotsService.java,com.john.base.data.remote.RibotsService$Creator,newRibotsService/0,gson,1
/home/arch_design_predict/download-github-repos/mvp/repos/Android-Base-master/app/src/main/java/com/john/base/ui/main/RibotsAdapter.java,com.john.base.ui.main.RibotsAdapter$RibotViewHolder,RibotViewHolder/1[com.john.base.ui.main.View],itemView,2
