file,class,type,cbo,cboModified,fanin,fanout,wmc,dit,noc,rfc,lcom,lcom*,tcc,lcc,totalMethodsQty,staticMethodsQty,publicMethodsQty,privateMethodsQty,protectedMethodsQty,defaultMethodsQty,visibleMethodsQty,abstractMethodsQty,finalMethodsQty,synchronizedMethodsQty,totalFieldsQty,staticFieldsQty,publicFieldsQty,privateFieldsQty,protectedFieldsQty,defaultFieldsQty,finalFieldsQty,synchronizedFieldsQty,nosi,loc,returnQty,loopQty,comparisonsQty,tryCatchQty,parenthesizedExpsQty,stringLiteralsQty,numbersQty,assignmentsQty,mathOperationsQty,variablesQty,maxNestedBlocksQty,anonymousClassesQty,innerClassesQty,lambdasQty,uniqueWordsQty,modifiers,logStatementsQty
/home/arch_design_predict/download-github-repos/mvvm/repos/gallery-master/app/src/main/java/uk/ac/shef/oak/com4510/viewModels/SinglePictureViewModel.java,uk.ac.shef.oak.com4510.viewModels.SinglePictureViewModel,class,9,11,2,9,13,2,0,16,0,0.45833334,0.85714287,1.0,8,0,8,0,0,0,8,0,0,0,3,0,0,3,0,0,0,0,3,60,5,0,5,0,0,7,2,15,0,12,3,0,0,0,83,1,0
/home/arch_design_predict/download-github-repos/mvvm/repos/gallery-master/app/src/main/java/uk/ac/shef/oak/com4510/adapters/SearchResultsAdapter.java,uk.ac.shef.oak.com4510.adapters.SearchResultsAdapter,class,9,11,2,9,8,2,0,13,0,0.6111111,0.6666667,0.6666667,6,0,6,0,0,0,6,0,0,0,3,1,0,3,0,0,1,0,0,52,2,0,2,0,0,0,1,9,0,7,1,1,1,0,56,1,0
/home/arch_design_predict/download-github-repos/mvvm/repos/gallery-master/app/src/main/java/uk/ac/shef/oak/com4510/ui/SinglePictureActivity.java,uk.ac.shef.oak.com4510.ui.SinglePictureActivity,class,22,26,4,22,16,2,0,47,9,0.7916667,0.3,0.3,6,0,4,1,1,0,5,0,0,0,8,1,0,8,0,0,0,0,0,99,3,0,7,0,0,9,1,16,0,21,3,0,0,4,87,1,0
/home/arch_design_predict/download-github-repos/mvvm/repos/gallery-master/app/src/main/java/uk/ac/shef/oak/com4510/database/MyRoomDatabase.java,uk.ac.shef.oak.com4510.database.MyRoomDatabase,class,7,9,2,7,4,2,0,5,0,0.25,0.0,0.0,2,1,2,0,0,0,2,1,0,0,2,2,0,2,0,0,0,0,0,20,1,0,2,0,0,1,1,2,0,2,3,1,0,0,47,1025,0
/home/arch_design_predict/download-github-repos/mvvm/repos/gallery-master/app/src/main/java/uk/ac/shef/oak/com4510/adapters/SearchResultsAdapter.java,uk.ac.shef.oak.com4510.adapters.SearchResultsAdapter$MyViewHolder,innerclass,4,4,0,4,1,2,0,1,0,0.0,NaN,NaN,1,0,1,0,0,0,1,0,0,0,2,0,2,0,0,0,0,0,0,9,0,0,0,0,0,0,0,2,0,2,0,0,0,0,7,9,0
/home/arch_design_predict/download-github-repos/mvvm/repos/gallery-master/app/src/main/java/uk/ac/shef/oak/com4510/adapters/MainActivityGridAdapter.java,uk.ac.shef.oak.com4510.adapters.MainActivityGridAdapter$HolderAndPosition,innerclass,1,1,0,1,1,1,0,0,0,0.0,NaN,NaN,1,0,1,0,0,0,1,0,0,0,2,0,0,0,0,2,0,0,0,8,0,0,0,0,0,0,0,2,0,2,0,0,0,0,7,2,0
/home/arch_design_predict/download-github-repos/mvvm/repos/gallery-master/app/src/main/java/uk/ac/shef/oak/com4510/ui/MapsActivity.java,uk.ac.shef.oak.com4510.ui.MapsActivity$Anonymous1,anonymous,4,4,0,4,2,1,0,6,1,0.0,0.0,0.0,2,0,2,0,0,0,2,0,0,0,0,0,0,0,0,0,0,0,0,14,2,0,0,0,0,0,0,4,0,4,0,0,0,0,16,-1,0
/home/arch_design_predict/download-github-repos/mvvm/repos/gallery-master/app/src/main/java/uk/ac/shef/oak/com4510/adapters/MapResultsAdapter.java,uk.ac.shef.oak.com4510.adapters.MapResultsAdapter$MyViewHolder,innerclass,3,3,0,3,1,2,0,1,0,0.0,NaN,NaN,1,0,1,0,0,0,1,0,0,0,1,0,1,0,0,0,0,0,0,7,0,0,0,0,0,0,0,1,0,1,0,0,0,0,6,9,0
/home/arch_design_predict/download-github-repos/mvvm/repos/gallery-master/app/src/main/java/uk/ac/shef/oak/com4510/viewModels/SearchViewModel.java,uk.ac.shef.oak.com4510.viewModels.SearchViewModel,class,7,9,2,7,11,2,0,7,0,0.53333336,0.7,1.0,5,0,5,0,0,0,5,0,0,0,3,0,0,3,0,0,0,0,0,44,4,0,2,0,0,15,0,7,4,3,1,0,0,0,28,1,0
/home/arch_design_predict/download-github-repos/mvvm/repos/gallery-master/app/src/test/java/uk/ac/shef/oak/com4510/ExampleUnitTest.java,uk.ac.shef.oak.com4510.ExampleUnitTest,class,1,1,0,1,1,1,0,1,0,0.0,NaN,NaN,1,0,1,0,0,0,1,0,0,0,0,0,0,0,0,0,0,0,0,5,0,0,0,0,0,0,3,0,1,0,0,0,0,0,23,1,0
/home/arch_design_predict/download-github-repos/mvvm/repos/gallery-master/app/src/main/java/uk/ac/shef/oak/com4510/pojo/FormData.java,uk.ac.shef.oak.com4510.pojo.FormData,class,2,5,3,2,6,2,0,0,0,0.33333334,0.73333335,1.0,6,0,6,0,0,0,6,0,0,0,2,0,0,2,0,0,0,0,0,24,2,0,0,0,0,2,0,6,0,2,0,0,0,0,10,1,0
/home/arch_design_predict/download-github-repos/mvvm/repos/gallery-master/app/src/main/java/uk/ac/shef/oak/com4510/database/MyRoomDatabase.java,uk.ac.shef.oak.com4510.database.MyRoomDatabase$Anonymous1,anonymous,2,2,0,2,1,1,0,1,0,0.0,NaN,NaN,1,0,1,0,0,0,1,0,0,0,0,0,0,0,0,0,0,0,0,5,0,0,0,0,0,0,0,0,0,0,0,0,0,0,8,-1,0
/home/arch_design_predict/download-github-repos/mvvm/repos/gallery-master/app/src/main/java/uk/ac/shef/oak/com4510/repositories/PhotoRepository.java,uk.ac.shef.oak.com4510.repositories.PhotoRepository$retrievePictureDataAsyncTask,innerclass,3,3,0,3,2,2,0,3,0,0.25,1.0,1.0,2,0,0,0,1,1,2,0,0,0,2,0,0,2,0,0,0,0,0,12,1,0,0,0,0,3,1,2,1,2,0,0,0,0,19,10,0
/home/arch_design_predict/download-github-repos/mvvm/repos/gallery-master/app/src/main/java/uk/ac/shef/oak/com4510/repositories/PhotoRepository.java,uk.ac.shef.oak.com4510.repositories.PhotoRepository,class,17,22,5,17,12,5,0,20,0,0.7636364,0.6727273,0.8181818,11,1,11,0,0,0,11,0,0,0,5,1,1,4,0,0,1,0,2,125,7,1,0,0,1,5,4,32,4,32,1,1,3,0,153,1,0
/home/arch_design_predict/download-github-repos/mvvm/repos/gallery-master/app/src/main/java/uk/ac/shef/oak/com4510/pojo/ImageElement.java,uk.ac.shef.oak.com4510.pojo.ImageElement,class,1,8,7,1,17,1,0,0,88,0.83823526,0.1764706,0.6911765,17,0,17,0,0,0,17,0,0,0,8,0,1,0,0,7,0,0,0,66,7,0,0,0,0,0,1,17,0,8,0,0,0,0,22,1,0
/home/arch_design_predict/download-github-repos/mvvm/repos/gallery-master/app/src/main/java/uk/ac/shef/oak/com4510/database/PhotoData.java,uk.ac.shef.oak.com4510.database.PhotoData,class,3,16,13,3,21,1,0,3,96,0.8000001,0.15789473,1.0,20,0,20,0,0,0,20,0,0,0,9,0,0,9,0,0,0,0,3,83,9,0,1,0,0,3,1,21,1,11,1,0,0,0,28,1,0
/home/arch_design_predict/download-github-repos/mvvm/repos/gallery-master/app/src/main/java/uk/ac/shef/oak/com4510/database/PhotoDAO.java,uk.ac.shef.oak.com4510.database.PhotoDAO,interface,7,12,5,7,13,1,0,0,78,0.0,0.0,0.0,13,0,0,0,0,13,13,0,0,0,0,0,0,0,0,0,0,0,0,15,0,0,0,0,0,8,0,0,0,0,0,0,0,0,51,1,0
/home/arch_design_predict/download-github-repos/mvvm/repos/gallery-master/app/src/main/java/uk/ac/shef/oak/com4510/ui/MainActivity.java,uk.ac.shef.oak.com4510.ui.MainActivity,class,28,29,1,28,37,2,0,57,34,0.828125,0.33333334,0.47619048,12,0,5,5,2,0,7,0,0,0,16,7,2,11,0,3,7,0,7,187,7,1,15,1,0,18,16,37,3,35,3,0,0,3,139,1,0
/home/arch_design_predict/download-github-repos/mvvm/repos/gallery-master/app/src/main/java/uk/ac/shef/oak/com4510/adapters/MainActivityGridAdapter.java,uk.ac.shef.oak.com4510.adapters.MainActivityGridAdapter$UploadSingleImageTask,innerclass,5,5,0,5,2,2,0,7,0,0.0,0.0,0.0,2,0,0,0,2,0,2,0,0,0,1,0,0,0,0,1,0,0,2,12,1,0,0,0,0,0,3,2,0,2,0,0,0,0,27,2,0
/home/arch_design_predict/download-github-repos/mvvm/repos/gallery-master/app/src/main/java/uk/ac/shef/oak/com4510/repositories/PhotoRepository.java,uk.ac.shef.oak.com4510.repositories.PhotoRepository$updatePhotoDataAsyncTask,innerclass,3,3,0,3,2,2,0,4,0,0.5,1.0,1.0,2,0,0,0,1,1,2,0,0,0,2,0,0,2,0,0,0,0,0,14,1,0,0,0,0,5,2,2,2,3,0,0,0,0,19,10,0
/home/arch_design_predict/download-github-repos/mvvm/repos/gallery-master/app/src/main/java/uk/ac/shef/oak/com4510/ui/MapsActivity.java,uk.ac.shef.oak.com4510.ui.MapsActivity,class,18,18,0,18,10,2,0,38,0,0.6666667,0.5,0.6,5,0,4,0,1,0,5,0,0,0,6,0,0,6,0,0,0,0,0,78,2,2,0,0,1,12,0,7,2,10,2,1,0,2,91,1,0
/home/arch_design_predict/download-github-repos/mvvm/repos/gallery-master/app/src/main/java/uk/ac/shef/oak/com4510/adapters/MainActivityGridAdapter.java,uk.ac.shef.oak.com4510.adapters.MainActivityGridAdapter,class,16,20,4,16,22,3,0,21,20,0.5833333,0.34848484,0.42424244,12,4,11,0,0,1,12,0,0,0,2,2,0,2,0,0,0,0,2,110,7,1,6,0,2,2,5,19,4,13,3,0,3,1,89,1,0
/home/arch_design_predict/download-github-repos/mvvm/repos/gallery-master/app/src/main/java/uk/ac/shef/oak/com4510/ui/EditPictureDetailsActivity.java,uk.ac.shef.oak.com4510.ui.EditPictureDetailsActivity,class,9,10,1,9,6,2,0,23,1,0.6666667,0.33333334,0.33333334,3,0,2,0,1,0,3,0,0,0,4,1,0,2,0,2,0,0,0,42,2,0,2,0,0,9,0,7,0,10,2,0,0,1,48,1,0
/home/arch_design_predict/download-github-repos/mvvm/repos/gallery-master/app/src/main/java/uk/ac/shef/oak/com4510/adapters/MapResultsAdapter.java,uk.ac.shef.oak.com4510.adapters.MapResultsAdapter,class,9,10,1,9,8,2,0,11,0,0.6111111,0.6666667,0.6666667,6,0,6,0,0,0,6,0,0,0,3,1,0,3,0,0,1,0,0,49,2,0,2,0,0,0,1,9,0,7,1,1,1,0,57,1,0
/home/arch_design_predict/download-github-repos/mvvm/repos/gallery-master/app/src/main/java/uk/ac/shef/oak/com4510/viewModels/MapsViewModel.java,uk.ac.shef.oak.com4510.viewModels.MapsViewModel,class,7,8,1,7,3,2,0,2,0,0.16666667,1.0,1.0,3,0,3,0,0,0,3,0,0,0,2,0,0,2,0,0,0,0,0,16,2,0,0,0,0,0,0,3,0,2,0,0,0,0,39,1,0
/home/arch_design_predict/download-github-repos/mvvm/repos/gallery-master/app/src/main/java/uk/ac/shef/oak/com4510/ui/SearchActivity.java,uk.ac.shef.oak.com4510.ui.SearchActivity,class,16,17,1,16,9,2,0,26,1,0.5714286,0.33333334,0.33333334,3,0,2,0,1,0,3,0,0,0,7,0,0,7,0,0,0,0,0,62,2,0,2,0,1,3,2,9,0,12,3,0,0,2,52,1,0
/home/arch_design_predict/download-github-repos/mvvm/repos/gallery-master/app/src/main/java/uk/ac/shef/oak/com4510/repositories/PhotoRepository.java,uk.ac.shef.oak.com4510.repositories.PhotoRepository$Anonymous1,anonymous,1,1,0,1,1,1,0,1,0,0.0,NaN,NaN,1,0,0,0,1,0,1,0,0,0,0,0,0,0,0,0,0,0,0,5,1,0,0,0,0,0,1,0,1,0,0,0,0,0,4,-1,0
/home/arch_design_predict/download-github-repos/mvvm/repos/gallery-master/app/src/main/java/uk/ac/shef/oak/com4510/adapters/MainActivityGridAdapter.java,uk.ac.shef.oak.com4510.adapters.MainActivityGridAdapter$View_Holder,innerclass,4,4,0,4,1,2,0,1,0,0.5,NaN,NaN,1,0,0,0,0,1,1,0,0,0,2,0,0,0,0,2,0,0,0,8,0,0,0,0,0,0,0,1,0,2,0,0,0,0,8,1,0
/home/arch_design_predict/download-github-repos/mvvm/repos/gallery-master/app/src/main/java/uk/ac/shef/oak/com4510/ui/SearchResultsActivity.java,uk.ac.shef.oak.com4510.ui.SearchResultsActivity,class,9,9,0,9,1,2,0,11,0,0.0,NaN,NaN,1,0,0,0,1,0,1,0,0,0,4,0,0,4,0,0,0,0,0,19,0,0,0,0,0,1,0,5,0,6,0,0,0,0,29,1,0
/home/arch_design_predict/download-github-repos/mvvm/repos/gallery-master/app/src/main/java/uk/ac/shef/oak/com4510/viewModels/MainActivityViewModel.java,uk.ac.shef.oak.com4510.viewModels.MainActivityViewModel,class,7,9,2,7,5,2,0,5,0,0.375,0.5,0.5,4,0,4,0,0,0,4,0,0,0,2,0,0,2,0,0,0,0,0,26,3,0,1,0,0,5,0,7,1,6,1,0,0,0,46,1,0
/home/arch_design_predict/download-github-repos/mvvm/repos/gallery-master/app/src/main/java/uk/ac/shef/oak/com4510/repositories/PhotoRepository.java,uk.ac.shef.oak.com4510.repositories.PhotoRepository$createAsyncTask,innerclass,3,3,0,3,2,2,0,4,0,0.5,1.0,1.0,2,0,0,0,1,1,2,0,0,0,2,0,0,2,0,0,0,0,0,14,1,0,0,0,0,5,2,2,2,3,0,0,0,0,20,10,0
/home/arch_design_predict/download-github-repos/mvvm/repos/gallery-master/app/src/main/java/uk/ac/shef/oak/com4510/adapters/MapResultsAdapter.java,uk.ac.shef.oak.com4510.adapters.MapResultsAdapter$Anonymous1,anonymous,4,4,0,4,1,1,0,5,0,0.0,NaN,NaN,1,0,1,0,0,0,1,0,0,0,0,0,0,0,0,0,0,0,0,9,0,0,0,0,0,3,1,1,0,1,0,0,0,0,7,-1,0
/home/arch_design_predict/download-github-repos/mvvm/repos/gallery-master/app/src/main/java/uk/ac/shef/oak/com4510/adapters/SearchResultsAdapter.java,uk.ac.shef.oak.com4510.adapters.SearchResultsAdapter$Anonymous1,anonymous,4,4,0,4,1,1,0,5,0,0.0,NaN,NaN,1,0,1,0,0,0,1,0,0,0,0,0,0,0,0,0,0,0,0,9,0,0,0,0,0,3,1,1,0,1,0,0,0,0,7,-1,0
/home/arch_design_predict/download-github-repos/mvvm/repos/gallery-master/app/src/androidTest/java/uk/ac/shef/oak/com4510/ExampleInstrumentedTest.java,uk.ac.shef.oak.com4510.ExampleInstrumentedTest,class,4,4,0,4,1,1,0,3,0,0.0,NaN,NaN,1,0,1,0,0,0,1,0,0,0,0,0,0,0,0,0,0,0,0,6,0,0,0,0,0,1,0,1,0,1,0,0,0,0,21,1,0
