file,class,method,variable,usage
/home/arch_design_predict/download-github-repos/mvvm/repos/gallery-master/app/src/main/java/uk/ac/shef/oak/com4510/viewModels/SinglePictureViewModel.java,uk.ac.shef.oak.com4510.viewModels.SinglePictureViewModel,createNewEntry/1[uk.ac.shef.oak.com4510.viewModels.Bundle],mRepository,1
/home/arch_design_predict/download-github-repos/mvvm/repos/gallery-master/app/src/main/java/uk/ac/shef/oak/com4510/viewModels/SinglePictureViewModel.java,uk.ac.shef.oak.com4510.viewModels.SinglePictureViewModel,SinglePictureViewModel/1[uk.ac.shef.oak.com4510.viewModels.Application],mRepository,1
/home/arch_design_predict/download-github-repos/mvvm/repos/gallery-master/app/src/main/java/uk/ac/shef/oak/com4510/viewModels/SinglePictureViewModel.java,uk.ac.shef.oak.com4510.viewModels.SinglePictureViewModel,getImageDetailsDAO/1[uk.ac.shef.oak.com4510.viewModels.Bundle],photoDataLiveData,3
/home/arch_design_predict/download-github-repos/mvvm/repos/gallery-master/app/src/main/java/uk/ac/shef/oak/com4510/viewModels/SinglePictureViewModel.java,uk.ac.shef.oak.com4510.viewModels.SinglePictureViewModel,getImageDetailsDAO/1[uk.ac.shef.oak.com4510.viewModels.Bundle],theImage,2
/home/arch_design_predict/download-github-repos/mvvm/repos/gallery-master/app/src/main/java/uk/ac/shef/oak/com4510/viewModels/SinglePictureViewModel.java,uk.ac.shef.oak.com4510.viewModels.SinglePictureViewModel,getImageDetailsDAO/1[uk.ac.shef.oak.com4510.viewModels.Bundle],mRepository,2
/home/arch_design_predict/download-github-repos/mvvm/repos/gallery-master/app/src/main/java/uk/ac/shef/oak/com4510/viewModels/SinglePictureViewModel.java,uk.ac.shef.oak.com4510.viewModels.SinglePictureViewModel,createNewEntryAndReturn/1[uk.ac.shef.oak.com4510.viewModels.Bundle],photoDataLiveData,2
/home/arch_design_predict/download-github-repos/mvvm/repos/gallery-master/app/src/main/java/uk/ac/shef/oak/com4510/viewModels/SinglePictureViewModel.java,uk.ac.shef.oak.com4510.viewModels.SinglePictureViewModel,createNewEntryAndReturn/1[uk.ac.shef.oak.com4510.viewModels.Bundle],mRepository,2
/home/arch_design_predict/download-github-repos/mvvm/repos/gallery-master/app/src/main/java/uk/ac/shef/oak/com4510/viewModels/SinglePictureViewModel.java,uk.ac.shef.oak.com4510.viewModels.SinglePictureViewModel,getImageDetails/1[java.lang.String],photoDataLiveData,2
/home/arch_design_predict/download-github-repos/mvvm/repos/gallery-master/app/src/main/java/uk/ac/shef/oak/com4510/viewModels/SinglePictureViewModel.java,uk.ac.shef.oak.com4510.viewModels.SinglePictureViewModel,getImageDetails/1[java.lang.String],mRepository,1
/home/arch_design_predict/download-github-repos/mvvm/repos/gallery-master/app/src/main/java/uk/ac/shef/oak/com4510/viewModels/SinglePictureViewModel.java,uk.ac.shef.oak.com4510.viewModels.SinglePictureViewModel,getImageDetails/0,photoDataLiveData,3
/home/arch_design_predict/download-github-repos/mvvm/repos/gallery-master/app/src/main/java/uk/ac/shef/oak/com4510/viewModels/SinglePictureViewModel.java,uk.ac.shef.oak.com4510.viewModels.SinglePictureViewModel,getLocalPhotoData/0,photoDataLiveData,1
/home/arch_design_predict/download-github-repos/mvvm/repos/gallery-master/app/src/main/java/uk/ac/shef/oak/com4510/viewModels/SinglePictureViewModel.java,uk.ac.shef.oak.com4510.viewModels.SinglePictureViewModel,submitFormData/0,photoDataLiveData,2
/home/arch_design_predict/download-github-repos/mvvm/repos/gallery-master/app/src/main/java/uk/ac/shef/oak/com4510/viewModels/SinglePictureViewModel.java,uk.ac.shef.oak.com4510.viewModels.SinglePictureViewModel,submitFormData/0,mRepository,1
/home/arch_design_predict/download-github-repos/mvvm/repos/gallery-master/app/src/main/java/uk/ac/shef/oak/com4510/adapters/SearchResultsAdapter.java,uk.ac.shef.oak.com4510.adapters.SearchResultsAdapter,getItemCount/0,mDataset,1
/home/arch_design_predict/download-github-repos/mvvm/repos/gallery-master/app/src/main/java/uk/ac/shef/oak/com4510/adapters/SearchResultsAdapter.java,uk.ac.shef.oak.com4510.adapters.SearchResultsAdapter,setResults/1[java.util.List<uk.ac.shef.oak.com4510.database.PhotoData>],mDataset,1
/home/arch_design_predict/download-github-repos/mvvm/repos/gallery-master/app/src/main/java/uk/ac/shef/oak/com4510/adapters/SearchResultsAdapter.java,uk.ac.shef.oak.com4510.adapters.SearchResultsAdapter,setDataSet/1[java.util.List<uk.ac.shef.oak.com4510.database.PhotoData>],mDataset,1
/home/arch_design_predict/download-github-repos/mvvm/repos/gallery-master/app/src/main/java/uk/ac/shef/oak/com4510/adapters/SearchResultsAdapter.java,uk.ac.shef.oak.com4510.adapters.SearchResultsAdapter,"onBindViewHolder/2[uk.ac.shef.oak.com4510.adapters.SearchResultsAdapter.MyViewHolder,int]",mDataset,3
/home/arch_design_predict/download-github-repos/mvvm/repos/gallery-master/app/src/main/java/uk/ac/shef/oak/com4510/adapters/SearchResultsAdapter.java,uk.ac.shef.oak.com4510.adapters.SearchResultsAdapter,SearchResultsAdapter/1[uk.ac.shef.oak.com4510.adapters.Context],mDataset,1
/home/arch_design_predict/download-github-repos/mvvm/repos/gallery-master/app/src/main/java/uk/ac/shef/oak/com4510/adapters/SearchResultsAdapter.java,uk.ac.shef.oak.com4510.adapters.SearchResultsAdapter,SearchResultsAdapter/1[uk.ac.shef.oak.com4510.adapters.Context],context,2
/home/arch_design_predict/download-github-repos/mvvm/repos/gallery-master/app/src/main/java/uk/ac/shef/oak/com4510/adapters/SearchResultsAdapter.java,uk.ac.shef.oak.com4510.adapters.SearchResultsAdapter,SearchResultsAdapter/1[uk.ac.shef.oak.com4510.adapters.Context],mInflater,1
/home/arch_design_predict/download-github-repos/mvvm/repos/gallery-master/app/src/main/java/uk/ac/shef/oak/com4510/ui/SinglePictureActivity.java,uk.ac.shef.oak.com4510.ui.SinglePictureActivity,setUpToolbar/0,toolbar,2
/home/arch_design_predict/download-github-repos/mvvm/repos/gallery-master/app/src/main/java/uk/ac/shef/oak/com4510/ui/SinglePictureActivity.java,uk.ac.shef.oak.com4510.ui.SinglePictureActivity,onCreate/1[uk.ac.shef.oak.com4510.ui.Bundle],b,3
/home/arch_design_predict/download-github-repos/mvvm/repos/gallery-master/app/src/main/java/uk/ac/shef/oak/com4510/ui/SinglePictureActivity.java,uk.ac.shef.oak.com4510.ui.SinglePictureActivity,onCreate/1[uk.ac.shef.oak.com4510.ui.Bundle],context,1
/home/arch_design_predict/download-github-repos/mvvm/repos/gallery-master/app/src/main/java/uk/ac/shef/oak/com4510/ui/SinglePictureActivity.java,uk.ac.shef.oak.com4510.ui.SinglePictureActivity,onCreate/1[uk.ac.shef.oak.com4510.ui.Bundle],model,3
/home/arch_design_predict/download-github-repos/mvvm/repos/gallery-master/app/src/main/java/uk/ac/shef/oak/com4510/ui/SinglePictureActivity.java,uk.ac.shef.oak.com4510.ui.SinglePictureActivity,onMapReady/1[uk.ac.shef.oak.com4510.ui.GoogleMap],model,1
/home/arch_design_predict/download-github-repos/mvvm/repos/gallery-master/app/src/main/java/uk/ac/shef/oak/com4510/ui/SinglePictureActivity.java,uk.ac.shef.oak.com4510.ui.SinglePictureActivity,onMapReady/1[uk.ac.shef.oak.com4510.ui.GoogleMap],lon,2
/home/arch_design_predict/download-github-repos/mvvm/repos/gallery-master/app/src/main/java/uk/ac/shef/oak/com4510/ui/SinglePictureActivity.java,uk.ac.shef.oak.com4510.ui.SinglePictureActivity,onMapReady/1[uk.ac.shef.oak.com4510.ui.GoogleMap],lat,2
/home/arch_design_predict/download-github-repos/mvvm/repos/gallery-master/app/src/main/java/uk/ac/shef/oak/com4510/ui/SinglePictureActivity.java,uk.ac.shef.oak.com4510.ui.SinglePictureActivity,editImageDetails/0,imagePath,3
/home/arch_design_predict/download-github-repos/mvvm/repos/gallery-master/app/src/main/java/uk/ac/shef/oak/com4510/ui/SinglePictureActivity.java,uk.ac.shef.oak.com4510.ui.SinglePictureActivity,editImageDetails/0,context,1
/home/arch_design_predict/download-github-repos/mvvm/repos/gallery-master/app/src/main/java/uk/ac/shef/oak/com4510/ui/SinglePictureActivity.java,uk.ac.shef.oak.com4510.ui.SinglePictureActivity,editImageDetails/0,model,1
/home/arch_design_predict/download-github-repos/mvvm/repos/gallery-master/app/src/main/java/uk/ac/shef/oak/com4510/database/MyRoomDatabase.java,uk.ac.shef.oak.com4510.database.MyRoomDatabase,getDatabase/1[uk.ac.shef.oak.com4510.database.Context],sRoomDatabaseCallback,1
/home/arch_design_predict/download-github-repos/mvvm/repos/gallery-master/app/src/main/java/uk/ac/shef/oak/com4510/database/MyRoomDatabase.java,uk.ac.shef.oak.com4510.database.MyRoomDatabase,getDatabase/1[uk.ac.shef.oak.com4510.database.Context],INSTANCE,4
/home/arch_design_predict/download-github-repos/mvvm/repos/gallery-master/app/src/main/java/uk/ac/shef/oak/com4510/adapters/SearchResultsAdapter.java,uk.ac.shef.oak.com4510.adapters.SearchResultsAdapter$MyViewHolder,MyViewHolder/1[uk.ac.shef.oak.com4510.adapters.View],mTextView,1
/home/arch_design_predict/download-github-repos/mvvm/repos/gallery-master/app/src/main/java/uk/ac/shef/oak/com4510/adapters/SearchResultsAdapter.java,uk.ac.shef.oak.com4510.adapters.SearchResultsAdapter$MyViewHolder,MyViewHolder/1[uk.ac.shef.oak.com4510.adapters.View],mImageView,1
/home/arch_design_predict/download-github-repos/mvvm/repos/gallery-master/app/src/main/java/uk/ac/shef/oak/com4510/adapters/MainActivityGridAdapter.java,uk.ac.shef.oak.com4510.adapters.MainActivityGridAdapter$HolderAndPosition,"HolderAndPosition/2[int,uk.ac.shef.oak.com4510.adapters.MainActivityGridAdapter.View_Holder]",holder,3
/home/arch_design_predict/download-github-repos/mvvm/repos/gallery-master/app/src/main/java/uk/ac/shef/oak/com4510/adapters/MainActivityGridAdapter.java,uk.ac.shef.oak.com4510.adapters.MainActivityGridAdapter$HolderAndPosition,"HolderAndPosition/2[int,uk.ac.shef.oak.com4510.adapters.MainActivityGridAdapter.View_Holder]",position,3
/home/arch_design_predict/download-github-repos/mvvm/repos/gallery-master/app/src/main/java/uk/ac/shef/oak/com4510/adapters/MapResultsAdapter.java,uk.ac.shef.oak.com4510.adapters.MapResultsAdapter$MyViewHolder,MyViewHolder/1[uk.ac.shef.oak.com4510.adapters.View],mImageView,1
/home/arch_design_predict/download-github-repos/mvvm/repos/gallery-master/app/src/main/java/uk/ac/shef/oak/com4510/viewModels/SearchViewModel.java,uk.ac.shef.oak.com4510.viewModels.SearchViewModel,submitFormData/0,formData,4
/home/arch_design_predict/download-github-repos/mvvm/repos/gallery-master/app/src/main/java/uk/ac/shef/oak/com4510/viewModels/SearchViewModel.java,uk.ac.shef.oak.com4510.viewModels.SearchViewModel,SearchViewModel/1[uk.ac.shef.oak.com4510.viewModels.Application],mRepository,1
/home/arch_design_predict/download-github-repos/mvvm/repos/gallery-master/app/src/main/java/uk/ac/shef/oak/com4510/viewModels/SearchViewModel.java,uk.ac.shef.oak.com4510.viewModels.SearchViewModel,isDataNull/0,formData,2
/home/arch_design_predict/download-github-repos/mvvm/repos/gallery-master/app/src/main/java/uk/ac/shef/oak/com4510/viewModels/SearchViewModel.java,uk.ac.shef.oak.com4510.viewModels.SearchViewModel,getAllImages/0,allImages,6
/home/arch_design_predict/download-github-repos/mvvm/repos/gallery-master/app/src/main/java/uk/ac/shef/oak/com4510/viewModels/SearchViewModel.java,uk.ac.shef.oak.com4510.viewModels.SearchViewModel,getAllImages/0,formData,7
/home/arch_design_predict/download-github-repos/mvvm/repos/gallery-master/app/src/main/java/uk/ac/shef/oak/com4510/viewModels/SearchViewModel.java,uk.ac.shef.oak.com4510.viewModels.SearchViewModel,getAllImages/0,mRepository,3
/home/arch_design_predict/download-github-repos/mvvm/repos/gallery-master/app/src/main/java/uk/ac/shef/oak/com4510/viewModels/SearchViewModel.java,uk.ac.shef.oak.com4510.viewModels.SearchViewModel,getFormData/0,formData,3
/home/arch_design_predict/download-github-repos/mvvm/repos/gallery-master/app/src/main/java/uk/ac/shef/oak/com4510/pojo/FormData.java,uk.ac.shef.oak.com4510.pojo.FormData,setDescription/1[java.lang.String],description,3
/home/arch_design_predict/download-github-repos/mvvm/repos/gallery-master/app/src/main/java/uk/ac/shef/oak/com4510/pojo/FormData.java,uk.ac.shef.oak.com4510.pojo.FormData,setTitle/1[java.lang.String],title,3
/home/arch_design_predict/download-github-repos/mvvm/repos/gallery-master/app/src/main/java/uk/ac/shef/oak/com4510/pojo/FormData.java,uk.ac.shef.oak.com4510.pojo.FormData,FormData/0,description,1
/home/arch_design_predict/download-github-repos/mvvm/repos/gallery-master/app/src/main/java/uk/ac/shef/oak/com4510/pojo/FormData.java,uk.ac.shef.oak.com4510.pojo.FormData,FormData/0,title,1
/home/arch_design_predict/download-github-repos/mvvm/repos/gallery-master/app/src/main/java/uk/ac/shef/oak/com4510/pojo/FormData.java,uk.ac.shef.oak.com4510.pojo.FormData,getDescription/0,description,1
/home/arch_design_predict/download-github-repos/mvvm/repos/gallery-master/app/src/main/java/uk/ac/shef/oak/com4510/pojo/FormData.java,uk.ac.shef.oak.com4510.pojo.FormData,"FormData/2[java.lang.String,java.lang.String]",description,3
/home/arch_design_predict/download-github-repos/mvvm/repos/gallery-master/app/src/main/java/uk/ac/shef/oak/com4510/pojo/FormData.java,uk.ac.shef.oak.com4510.pojo.FormData,"FormData/2[java.lang.String,java.lang.String]",title,3
/home/arch_design_predict/download-github-repos/mvvm/repos/gallery-master/app/src/main/java/uk/ac/shef/oak/com4510/pojo/FormData.java,uk.ac.shef.oak.com4510.pojo.FormData,getTitle/0,title,1
/home/arch_design_predict/download-github-repos/mvvm/repos/gallery-master/app/src/main/java/uk/ac/shef/oak/com4510/repositories/PhotoRepository.java,uk.ac.shef.oak.com4510.repositories.PhotoRepository$retrievePictureDataAsyncTask,retrievePictureDataAsyncTask/1[uk.ac.shef.oak.com4510.database.PhotoDAO],mAsyncTaskDao,1
/home/arch_design_predict/download-github-repos/mvvm/repos/gallery-master/app/src/main/java/uk/ac/shef/oak/com4510/repositories/PhotoRepository.java,uk.ac.shef.oak.com4510.repositories.PhotoRepository$retrievePictureDataAsyncTask,doInBackground/1[java.lang.String[]],mAsyncTaskDao,1
/home/arch_design_predict/download-github-repos/mvvm/repos/gallery-master/app/src/main/java/uk/ac/shef/oak/com4510/repositories/PhotoRepository.java,uk.ac.shef.oak.com4510.repositories.PhotoRepository$retrievePictureDataAsyncTask,doInBackground/1[java.lang.String[]],foundPhotoData,2
/home/arch_design_predict/download-github-repos/mvvm/repos/gallery-master/app/src/main/java/uk/ac/shef/oak/com4510/repositories/PhotoRepository.java,uk.ac.shef.oak.com4510.repositories.PhotoRepository,getPhotoData/1[java.lang.String],mDBDao,1
/home/arch_design_predict/download-github-repos/mvvm/repos/gallery-master/app/src/main/java/uk/ac/shef/oak/com4510/repositories/PhotoRepository.java,uk.ac.shef.oak.com4510.repositories.PhotoRepository,findGeoLocatedImages/0,mDBDao,1
/home/arch_design_predict/download-github-repos/mvvm/repos/gallery-master/app/src/main/java/uk/ac/shef/oak/com4510/repositories/PhotoRepository.java,uk.ac.shef.oak.com4510.repositories.PhotoRepository,cache/0,mMemoryCache,1
/home/arch_design_predict/download-github-repos/mvvm/repos/gallery-master/app/src/main/java/uk/ac/shef/oak/com4510/repositories/PhotoRepository.java,uk.ac.shef.oak.com4510.repositories.PhotoRepository,"findImagesByTitleAndDescription/2[java.lang.String,java.lang.String]",mDBDao,1
/home/arch_design_predict/download-github-repos/mvvm/repos/gallery-master/app/src/main/java/uk/ac/shef/oak/com4510/repositories/PhotoRepository.java,uk.ac.shef.oak.com4510.repositories.PhotoRepository,findImagesByDescription/1[java.lang.String],mDBDao,1
/home/arch_design_predict/download-github-repos/mvvm/repos/gallery-master/app/src/main/java/uk/ac/shef/oak/com4510/repositories/PhotoRepository.java,uk.ac.shef.oak.com4510.repositories.PhotoRepository,PhotoRepository/1[uk.ac.shef.oak.com4510.repositories.Application],context,1
/home/arch_design_predict/download-github-repos/mvvm/repos/gallery-master/app/src/main/java/uk/ac/shef/oak/com4510/repositories/PhotoRepository.java,uk.ac.shef.oak.com4510.repositories.PhotoRepository,PhotoRepository/1[uk.ac.shef.oak.com4510.repositories.Application],mDBDao,1
/home/arch_design_predict/download-github-repos/mvvm/repos/gallery-master/app/src/main/java/uk/ac/shef/oak/com4510/repositories/PhotoRepository.java,uk.ac.shef.oak.com4510.repositories.PhotoRepository,findImagesByTitle/1[java.lang.String],mDBDao,1
/home/arch_design_predict/download-github-repos/mvvm/repos/gallery-master/app/src/main/java/uk/ac/shef/oak/com4510/repositories/PhotoRepository.java,uk.ac.shef.oak.com4510.repositories.PhotoRepository,"createNewPhotoData/5[java.lang.String,java.lang.String,java.lang.String,java.lang.String,java.lang.String]",mDBDao,1
/home/arch_design_predict/download-github-repos/mvvm/repos/gallery-master/app/src/main/java/uk/ac/shef/oak/com4510/repositories/PhotoRepository.java,uk.ac.shef.oak.com4510.repositories.PhotoRepository,getImagesFromStorage/0,allTheImages,1
/home/arch_design_predict/download-github-repos/mvvm/repos/gallery-master/app/src/main/java/uk/ac/shef/oak/com4510/repositories/PhotoRepository.java,uk.ac.shef.oak.com4510.repositories.PhotoRepository,getImagesFromStorage/0,context,1
/home/arch_design_predict/download-github-repos/mvvm/repos/gallery-master/app/src/main/java/uk/ac/shef/oak/com4510/repositories/PhotoRepository.java,uk.ac.shef.oak.com4510.repositories.PhotoRepository,updatePhotoData/1[uk.ac.shef.oak.com4510.database.PhotoData],mDBDao,1
/home/arch_design_predict/download-github-repos/mvvm/repos/gallery-master/app/src/main/java/uk/ac/shef/oak/com4510/repositories/PhotoRepository.java,uk.ac.shef.oak.com4510.repositories.PhotoRepository,findImagesInsideBounds/1[uk.ac.shef.oak.com4510.repositories.LatLngBounds],mDBDao,1
/home/arch_design_predict/download-github-repos/mvvm/repos/gallery-master/app/src/main/java/uk/ac/shef/oak/com4510/pojo/ImageElement.java,uk.ac.shef.oak.com4510.pojo.ImageElement,getLatitude/0,latitude,1
/home/arch_design_predict/download-github-repos/mvvm/repos/gallery-master/app/src/main/java/uk/ac/shef/oak/com4510/pojo/ImageElement.java,uk.ac.shef.oak.com4510.pojo.ImageElement,setTitle/1[java.lang.String],title,3
/home/arch_design_predict/download-github-repos/mvvm/repos/gallery-master/app/src/main/java/uk/ac/shef/oak/com4510/pojo/ImageElement.java,uk.ac.shef.oak.com4510.pojo.ImageElement,setImage/1[int],image,3
/home/arch_design_predict/download-github-repos/mvvm/repos/gallery-master/app/src/main/java/uk/ac/shef/oak/com4510/pojo/ImageElement.java,uk.ac.shef.oak.com4510.pojo.ImageElement,getDate/0,date,1
/home/arch_design_predict/download-github-repos/mvvm/repos/gallery-master/app/src/main/java/uk/ac/shef/oak/com4510/pojo/ImageElement.java,uk.ac.shef.oak.com4510.pojo.ImageElement,getFile/0,file,1
/home/arch_design_predict/download-github-repos/mvvm/repos/gallery-master/app/src/main/java/uk/ac/shef/oak/com4510/pojo/ImageElement.java,uk.ac.shef.oak.com4510.pojo.ImageElement,ImageElement/1[int],image,3
/home/arch_design_predict/download-github-repos/mvvm/repos/gallery-master/app/src/main/java/uk/ac/shef/oak/com4510/pojo/ImageElement.java,uk.ac.shef.oak.com4510.pojo.ImageElement,"ImageElement/6[java.io.File,java.lang.String,java.lang.String,java.lang.String,java.lang.String,java.lang.String]",date,3
/home/arch_design_predict/download-github-repos/mvvm/repos/gallery-master/app/src/main/java/uk/ac/shef/oak/com4510/pojo/ImageElement.java,uk.ac.shef.oak.com4510.pojo.ImageElement,"ImageElement/6[java.io.File,java.lang.String,java.lang.String,java.lang.String,java.lang.String,java.lang.String]",bucket_id,3
/home/arch_design_predict/download-github-repos/mvvm/repos/gallery-master/app/src/main/java/uk/ac/shef/oak/com4510/pojo/ImageElement.java,uk.ac.shef.oak.com4510.pojo.ImageElement,"ImageElement/6[java.io.File,java.lang.String,java.lang.String,java.lang.String,java.lang.String,java.lang.String]",file,1
/home/arch_design_predict/download-github-repos/mvvm/repos/gallery-master/app/src/main/java/uk/ac/shef/oak/com4510/pojo/ImageElement.java,uk.ac.shef.oak.com4510.pojo.ImageElement,"ImageElement/6[java.io.File,java.lang.String,java.lang.String,java.lang.String,java.lang.String,java.lang.String]",latitude,3
/home/arch_design_predict/download-github-repos/mvvm/repos/gallery-master/app/src/main/java/uk/ac/shef/oak/com4510/pojo/ImageElement.java,uk.ac.shef.oak.com4510.pojo.ImageElement,"ImageElement/6[java.io.File,java.lang.String,java.lang.String,java.lang.String,java.lang.String,java.lang.String]",title,3
/home/arch_design_predict/download-github-repos/mvvm/repos/gallery-master/app/src/main/java/uk/ac/shef/oak/com4510/pojo/ImageElement.java,uk.ac.shef.oak.com4510.pojo.ImageElement,"ImageElement/6[java.io.File,java.lang.String,java.lang.String,java.lang.String,java.lang.String,java.lang.String]",longitude,3
/home/arch_design_predict/download-github-repos/mvvm/repos/gallery-master/app/src/main/java/uk/ac/shef/oak/com4510/pojo/ImageElement.java,uk.ac.shef.oak.com4510.pojo.ImageElement,getLongitude/0,longitude,1
/home/arch_design_predict/download-github-repos/mvvm/repos/gallery-master/app/src/main/java/uk/ac/shef/oak/com4510/pojo/ImageElement.java,uk.ac.shef.oak.com4510.pojo.ImageElement,getTitle/0,title,1
/home/arch_design_predict/download-github-repos/mvvm/repos/gallery-master/app/src/main/java/uk/ac/shef/oak/com4510/pojo/ImageElement.java,uk.ac.shef.oak.com4510.pojo.ImageElement,setLatitude/1[java.lang.String],latitude,3
/home/arch_design_predict/download-github-repos/mvvm/repos/gallery-master/app/src/main/java/uk/ac/shef/oak/com4510/pojo/ImageElement.java,uk.ac.shef.oak.com4510.pojo.ImageElement,setFile/1[java.io.File],file,3
/home/arch_design_predict/download-github-repos/mvvm/repos/gallery-master/app/src/main/java/uk/ac/shef/oak/com4510/pojo/ImageElement.java,uk.ac.shef.oak.com4510.pojo.ImageElement,setDate/1[java.lang.String],date,3
/home/arch_design_predict/download-github-repos/mvvm/repos/gallery-master/app/src/main/java/uk/ac/shef/oak/com4510/pojo/ImageElement.java,uk.ac.shef.oak.com4510.pojo.ImageElement,ImageElement/1[java.io.File],file,1
/home/arch_design_predict/download-github-repos/mvvm/repos/gallery-master/app/src/main/java/uk/ac/shef/oak/com4510/pojo/ImageElement.java,uk.ac.shef.oak.com4510.pojo.ImageElement,getBucket_id/0,bucket_id,1
/home/arch_design_predict/download-github-repos/mvvm/repos/gallery-master/app/src/main/java/uk/ac/shef/oak/com4510/pojo/ImageElement.java,uk.ac.shef.oak.com4510.pojo.ImageElement,setLongitude/1[java.lang.String],longitude,3
/home/arch_design_predict/download-github-repos/mvvm/repos/gallery-master/app/src/main/java/uk/ac/shef/oak/com4510/pojo/ImageElement.java,uk.ac.shef.oak.com4510.pojo.ImageElement,getImage/0,image,1
/home/arch_design_predict/download-github-repos/mvvm/repos/gallery-master/app/src/main/java/uk/ac/shef/oak/com4510/pojo/ImageElement.java,uk.ac.shef.oak.com4510.pojo.ImageElement,setBucket_id/1[java.lang.String],bucket_id,3
/home/arch_design_predict/download-github-repos/mvvm/repos/gallery-master/app/src/main/java/uk/ac/shef/oak/com4510/database/PhotoData.java,uk.ac.shef.oak.com4510.database.PhotoData,setLongitude/1[java.lang.String],longitude,3
/home/arch_design_predict/download-github-repos/mvvm/repos/gallery-master/app/src/main/java/uk/ac/shef/oak/com4510/database/PhotoData.java,uk.ac.shef.oak.com4510.database.PhotoData,getDateTaken/0,dateTaken,1
/home/arch_design_predict/download-github-repos/mvvm/repos/gallery-master/app/src/main/java/uk/ac/shef/oak/com4510/database/PhotoData.java,uk.ac.shef.oak.com4510.database.PhotoData,getLongitude/0,longitude,1
/home/arch_design_predict/download-github-repos/mvvm/repos/gallery-master/app/src/main/java/uk/ac/shef/oak/com4510/database/PhotoData.java,uk.ac.shef.oak.com4510.database.PhotoData,setLongitudeDouble/1[java.lang.Double],longitudeDouble,3
/home/arch_design_predict/download-github-repos/mvvm/repos/gallery-master/app/src/main/java/uk/ac/shef/oak/com4510/database/PhotoData.java,uk.ac.shef.oak.com4510.database.PhotoData,getId/0,id,1
/home/arch_design_predict/download-github-repos/mvvm/repos/gallery-master/app/src/main/java/uk/ac/shef/oak/com4510/database/PhotoData.java,uk.ac.shef.oak.com4510.database.PhotoData,getLatitude/0,latitude,1
/home/arch_design_predict/download-github-repos/mvvm/repos/gallery-master/app/src/main/java/uk/ac/shef/oak/com4510/database/PhotoData.java,uk.ac.shef.oak.com4510.database.PhotoData,PhotoData/0,description,1
/home/arch_design_predict/download-github-repos/mvvm/repos/gallery-master/app/src/main/java/uk/ac/shef/oak/com4510/database/PhotoData.java,uk.ac.shef.oak.com4510.database.PhotoData,getDescription/0,description,1
/home/arch_design_predict/download-github-repos/mvvm/repos/gallery-master/app/src/main/java/uk/ac/shef/oak/com4510/database/PhotoData.java,uk.ac.shef.oak.com4510.database.PhotoData,"PhotoData/5[java.lang.String,java.lang.String,java.lang.String,java.lang.String,java.lang.String]",path,4
/home/arch_design_predict/download-github-repos/mvvm/repos/gallery-master/app/src/main/java/uk/ac/shef/oak/com4510/database/PhotoData.java,uk.ac.shef.oak.com4510.database.PhotoData,"PhotoData/5[java.lang.String,java.lang.String,java.lang.String,java.lang.String,java.lang.String]",longitudeDouble,1
/home/arch_design_predict/download-github-repos/mvvm/repos/gallery-master/app/src/main/java/uk/ac/shef/oak/com4510/database/PhotoData.java,uk.ac.shef.oak.com4510.database.PhotoData,"PhotoData/5[java.lang.String,java.lang.String,java.lang.String,java.lang.String,java.lang.String]",latitudeDouble,1
/home/arch_design_predict/download-github-repos/mvvm/repos/gallery-master/app/src/main/java/uk/ac/shef/oak/com4510/database/PhotoData.java,uk.ac.shef.oak.com4510.database.PhotoData,"PhotoData/5[java.lang.String,java.lang.String,java.lang.String,java.lang.String,java.lang.String]",latitude,5
/home/arch_design_predict/download-github-repos/mvvm/repos/gallery-master/app/src/main/java/uk/ac/shef/oak/com4510/database/PhotoData.java,uk.ac.shef.oak.com4510.database.PhotoData,"PhotoData/5[java.lang.String,java.lang.String,java.lang.String,java.lang.String,java.lang.String]",description,1
/home/arch_design_predict/download-github-repos/mvvm/repos/gallery-master/app/src/main/java/uk/ac/shef/oak/com4510/database/PhotoData.java,uk.ac.shef.oak.com4510.database.PhotoData,"PhotoData/5[java.lang.String,java.lang.String,java.lang.String,java.lang.String,java.lang.String]",id,1
/home/arch_design_predict/download-github-repos/mvvm/repos/gallery-master/app/src/main/java/uk/ac/shef/oak/com4510/database/PhotoData.java,uk.ac.shef.oak.com4510.database.PhotoData,"PhotoData/5[java.lang.String,java.lang.String,java.lang.String,java.lang.String,java.lang.String]",title,3
/home/arch_design_predict/download-github-repos/mvvm/repos/gallery-master/app/src/main/java/uk/ac/shef/oak/com4510/database/PhotoData.java,uk.ac.shef.oak.com4510.database.PhotoData,"PhotoData/5[java.lang.String,java.lang.String,java.lang.String,java.lang.String,java.lang.String]",dateTaken,1
/home/arch_design_predict/download-github-repos/mvvm/repos/gallery-master/app/src/main/java/uk/ac/shef/oak/com4510/database/PhotoData.java,uk.ac.shef.oak.com4510.database.PhotoData,"PhotoData/5[java.lang.String,java.lang.String,java.lang.String,java.lang.String,java.lang.String]",longitude,4
/home/arch_design_predict/download-github-repos/mvvm/repos/gallery-master/app/src/main/java/uk/ac/shef/oak/com4510/database/PhotoData.java,uk.ac.shef.oak.com4510.database.PhotoData,getLatitudeDouble/0,latitudeDouble,1
/home/arch_design_predict/download-github-repos/mvvm/repos/gallery-master/app/src/main/java/uk/ac/shef/oak/com4510/database/PhotoData.java,uk.ac.shef.oak.com4510.database.PhotoData,setTitle/1[java.lang.String],title,3
/home/arch_design_predict/download-github-repos/mvvm/repos/gallery-master/app/src/main/java/uk/ac/shef/oak/com4510/database/PhotoData.java,uk.ac.shef.oak.com4510.database.PhotoData,setDescription/1[java.lang.String],description,3
/home/arch_design_predict/download-github-repos/mvvm/repos/gallery-master/app/src/main/java/uk/ac/shef/oak/com4510/database/PhotoData.java,uk.ac.shef.oak.com4510.database.PhotoData,getLongitudeDouble/0,longitudeDouble,1
/home/arch_design_predict/download-github-repos/mvvm/repos/gallery-master/app/src/main/java/uk/ac/shef/oak/com4510/database/PhotoData.java,uk.ac.shef.oak.com4510.database.PhotoData,setLatitude/1[java.lang.String],latitude,3
/home/arch_design_predict/download-github-repos/mvvm/repos/gallery-master/app/src/main/java/uk/ac/shef/oak/com4510/database/PhotoData.java,uk.ac.shef.oak.com4510.database.PhotoData,getTitle/0,title,1
/home/arch_design_predict/download-github-repos/mvvm/repos/gallery-master/app/src/main/java/uk/ac/shef/oak/com4510/database/PhotoData.java,uk.ac.shef.oak.com4510.database.PhotoData,setId/1[java.lang.String],id,3
/home/arch_design_predict/download-github-repos/mvvm/repos/gallery-master/app/src/main/java/uk/ac/shef/oak/com4510/database/PhotoData.java,uk.ac.shef.oak.com4510.database.PhotoData,getPath/0,path,1
/home/arch_design_predict/download-github-repos/mvvm/repos/gallery-master/app/src/main/java/uk/ac/shef/oak/com4510/database/PhotoData.java,uk.ac.shef.oak.com4510.database.PhotoData,setDateTaken/1[java.lang.String],dateTaken,3
/home/arch_design_predict/download-github-repos/mvvm/repos/gallery-master/app/src/main/java/uk/ac/shef/oak/com4510/database/PhotoData.java,uk.ac.shef.oak.com4510.database.PhotoData,setPath/1[java.lang.String],path,3
/home/arch_design_predict/download-github-repos/mvvm/repos/gallery-master/app/src/main/java/uk/ac/shef/oak/com4510/database/PhotoData.java,uk.ac.shef.oak.com4510.database.PhotoData,setLatitudeDouble/1[java.lang.Double],latitudeDouble,3
/home/arch_design_predict/download-github-repos/mvvm/repos/gallery-master/app/src/main/java/uk/ac/shef/oak/com4510/ui/MainActivity.java,uk.ac.shef.oak.com4510.ui.MainActivity,onCreate/1[uk.ac.shef.oak.com4510.ui.Bundle],activity,1
/home/arch_design_predict/download-github-repos/mvvm/repos/gallery-master/app/src/main/java/uk/ac/shef/oak/com4510/ui/MainActivity.java,uk.ac.shef.oak.com4510.ui.MainActivity,onCreate/1[uk.ac.shef.oak.com4510.ui.Bundle],numberOfColumns,1
/home/arch_design_predict/download-github-repos/mvvm/repos/gallery-master/app/src/main/java/uk/ac/shef/oak/com4510/ui/MainActivity.java,uk.ac.shef.oak.com4510.ui.MainActivity,onCreate/1[uk.ac.shef.oak.com4510.ui.Bundle],mAdapter,2
/home/arch_design_predict/download-github-repos/mvvm/repos/gallery-master/app/src/main/java/uk/ac/shef/oak/com4510/ui/MainActivity.java,uk.ac.shef.oak.com4510.ui.MainActivity,onCreate/1[uk.ac.shef.oak.com4510.ui.Bundle],mRecyclerView,3
/home/arch_design_predict/download-github-repos/mvvm/repos/gallery-master/app/src/main/java/uk/ac/shef/oak/com4510/ui/MainActivity.java,uk.ac.shef.oak.com4510.ui.MainActivity,onCreate/1[uk.ac.shef.oak.com4510.ui.Bundle],viewModel,1
/home/arch_design_predict/download-github-repos/mvvm/repos/gallery-master/app/src/main/java/uk/ac/shef/oak/com4510/ui/MainActivity.java,uk.ac.shef.oak.com4510.ui.MainActivity,onCreate/1[uk.ac.shef.oak.com4510.ui.Bundle],myPictureList,1
/home/arch_design_predict/download-github-repos/mvvm/repos/gallery-master/app/src/main/java/uk/ac/shef/oak/com4510/ui/MainActivity.java,uk.ac.shef.oak.com4510.ui.MainActivity,onCreate/1[uk.ac.shef.oak.com4510.ui.Bundle],REQUEST_READ_EXTERNAL_STORAGE,1
/home/arch_design_predict/download-github-repos/mvvm/repos/gallery-master/app/src/main/java/uk/ac/shef/oak/com4510/ui/MainActivity.java,uk.ac.shef.oak.com4510.ui.MainActivity,onCreate/1[uk.ac.shef.oak.com4510.ui.Bundle],CAMERA_PERMISSION_REQUEST_CODE,1
/home/arch_design_predict/download-github-repos/mvvm/repos/gallery-master/app/src/main/java/uk/ac/shef/oak/com4510/ui/MainActivity.java,uk.ac.shef.oak.com4510.ui.MainActivity,startLocationUpdates/0,TAG_ACCESS_FINE_LOCATION,1
/home/arch_design_predict/download-github-repos/mvvm/repos/gallery-master/app/src/main/java/uk/ac/shef/oak/com4510/ui/MainActivity.java,uk.ac.shef.oak.com4510.ui.MainActivity,startLocationUpdates/0,TAG,3
/home/arch_design_predict/download-github-repos/mvvm/repos/gallery-master/app/src/main/java/uk/ac/shef/oak/com4510/ui/MainActivity.java,uk.ac.shef.oak.com4510.ui.MainActivity,startLocationUpdates/0,bestLocation,4
/home/arch_design_predict/download-github-repos/mvvm/repos/gallery-master/app/src/main/java/uk/ac/shef/oak/com4510/ui/MainActivity.java,uk.ac.shef.oak.com4510.ui.MainActivity,startLocationUpdates/0,locationManager,3
/home/arch_design_predict/download-github-repos/mvvm/repos/gallery-master/app/src/main/java/uk/ac/shef/oak/com4510/ui/MainActivity.java,uk.ac.shef.oak.com4510.ui.MainActivity,createImageFile/0,viewModel,1
/home/arch_design_predict/download-github-repos/mvvm/repos/gallery-master/app/src/main/java/uk/ac/shef/oak/com4510/ui/MainActivity.java,uk.ac.shef.oak.com4510.ui.MainActivity,"onActivityResult/3[int,int,uk.ac.shef.oak.com4510.ui.Intent]",photoFile,6
/home/arch_design_predict/download-github-repos/mvvm/repos/gallery-master/app/src/main/java/uk/ac/shef/oak/com4510/ui/MainActivity.java,uk.ac.shef.oak.com4510.ui.MainActivity,"onActivityResult/3[int,int,uk.ac.shef.oak.com4510.ui.Intent]",activity,2
/home/arch_design_predict/download-github-repos/mvvm/repos/gallery-master/app/src/main/java/uk/ac/shef/oak/com4510/ui/MainActivity.java,uk.ac.shef.oak.com4510.ui.MainActivity,"onActivityResult/3[int,int,uk.ac.shef.oak.com4510.ui.Intent]",CAPTURE_IMAGE_REQUEST,1
/home/arch_design_predict/download-github-repos/mvvm/repos/gallery-master/app/src/main/java/uk/ac/shef/oak/com4510/ui/MainActivity.java,uk.ac.shef.oak.com4510.ui.MainActivity,"onActivityResult/3[int,int,uk.ac.shef.oak.com4510.ui.Intent]",mAdapter,1
/home/arch_design_predict/download-github-repos/mvvm/repos/gallery-master/app/src/main/java/uk/ac/shef/oak/com4510/ui/MainActivity.java,uk.ac.shef.oak.com4510.ui.MainActivity,"onActivityResult/3[int,int,uk.ac.shef.oak.com4510.ui.Intent]",TAG,2
/home/arch_design_predict/download-github-repos/mvvm/repos/gallery-master/app/src/main/java/uk/ac/shef/oak/com4510/ui/MainActivity.java,uk.ac.shef.oak.com4510.ui.MainActivity,"onActivityResult/3[int,int,uk.ac.shef.oak.com4510.ui.Intent]",bestLocation,3
/home/arch_design_predict/download-github-repos/mvvm/repos/gallery-master/app/src/main/java/uk/ac/shef/oak/com4510/ui/MainActivity.java,uk.ac.shef.oak.com4510.ui.MainActivity,"onActivityResult/3[int,int,uk.ac.shef.oak.com4510.ui.Intent]",myPictureList,1
/home/arch_design_predict/download-github-repos/mvvm/repos/gallery-master/app/src/main/java/uk/ac/shef/oak/com4510/ui/MainActivity.java,uk.ac.shef.oak.com4510.ui.MainActivity,getActivity/0,activity,1
/home/arch_design_predict/download-github-repos/mvvm/repos/gallery-master/app/src/main/java/uk/ac/shef/oak/com4510/ui/MainActivity.java,uk.ac.shef.oak.com4510.ui.MainActivity,"onRequestPermissionsResult/3[int,java.lang.String[],int[]]",TAG_ACCESS_FINE_LOCATION,1
/home/arch_design_predict/download-github-repos/mvvm/repos/gallery-master/app/src/main/java/uk/ac/shef/oak/com4510/ui/MainActivity.java,uk.ac.shef.oak.com4510.ui.MainActivity,"onRequestPermissionsResult/3[int,java.lang.String[],int[]]",REQUEST_READ_EXTERNAL_STORAGE,1
/home/arch_design_predict/download-github-repos/mvvm/repos/gallery-master/app/src/main/java/uk/ac/shef/oak/com4510/ui/MainActivity.java,uk.ac.shef.oak.com4510.ui.MainActivity,"onRequestPermissionsResult/3[int,java.lang.String[],int[]]",CAMERA_PERMISSION_REQUEST_CODE,1
/home/arch_design_predict/download-github-repos/mvvm/repos/gallery-master/app/src/main/java/uk/ac/shef/oak/com4510/ui/MainActivity.java,uk.ac.shef.oak.com4510.ui.MainActivity,openSearchActivity/0,activity,1
/home/arch_design_predict/download-github-repos/mvvm/repos/gallery-master/app/src/main/java/uk/ac/shef/oak/com4510/ui/MainActivity.java,uk.ac.shef.oak.com4510.ui.MainActivity,loadAndDisplayImages/0,mAdapter,2
/home/arch_design_predict/download-github-repos/mvvm/repos/gallery-master/app/src/main/java/uk/ac/shef/oak/com4510/ui/MainActivity.java,uk.ac.shef.oak.com4510.ui.MainActivity,loadAndDisplayImages/0,viewModel,1
/home/arch_design_predict/download-github-repos/mvvm/repos/gallery-master/app/src/main/java/uk/ac/shef/oak/com4510/ui/MainActivity.java,uk.ac.shef.oak.com4510.ui.MainActivity,loadAndDisplayImages/0,mRecyclerView,1
/home/arch_design_predict/download-github-repos/mvvm/repos/gallery-master/app/src/main/java/uk/ac/shef/oak/com4510/ui/MainActivity.java,uk.ac.shef.oak.com4510.ui.MainActivity,loadAndDisplayImages/0,myPictureList,2
/home/arch_design_predict/download-github-repos/mvvm/repos/gallery-master/app/src/main/java/uk/ac/shef/oak/com4510/ui/MainActivity.java,uk.ac.shef.oak.com4510.ui.MainActivity,invokeCamera/0,photoFile,3
/home/arch_design_predict/download-github-repos/mvvm/repos/gallery-master/app/src/main/java/uk/ac/shef/oak/com4510/ui/MainActivity.java,uk.ac.shef.oak.com4510.ui.MainActivity,invokeCamera/0,CAPTURE_IMAGE_REQUEST,1
/home/arch_design_predict/download-github-repos/mvvm/repos/gallery-master/app/src/main/java/uk/ac/shef/oak/com4510/adapters/MainActivityGridAdapter.java,uk.ac.shef.oak.com4510.adapters.MainActivityGridAdapter$UploadSingleImageTask,doInBackground/1[uk.ac.shef.oak.com4510.adapters.MainActivityGridAdapter.HolderAndPosition[]],holdAndPos,1
/home/arch_design_predict/download-github-repos/mvvm/repos/gallery-master/app/src/main/java/uk/ac/shef/oak/com4510/repositories/PhotoRepository.java,uk.ac.shef.oak.com4510.repositories.PhotoRepository$updatePhotoDataAsyncTask,updatePhotoDataAsyncTask/1[uk.ac.shef.oak.com4510.database.PhotoDAO],mAsyncTaskDao,1
/home/arch_design_predict/download-github-repos/mvvm/repos/gallery-master/app/src/main/java/uk/ac/shef/oak/com4510/repositories/PhotoRepository.java,uk.ac.shef.oak.com4510.repositories.PhotoRepository$updatePhotoDataAsyncTask,doInBackground/1[uk.ac.shef.oak.com4510.database.PhotoData[]],mAsyncTaskDao,2
/home/arch_design_predict/download-github-repos/mvvm/repos/gallery-master/app/src/main/java/uk/ac/shef/oak/com4510/ui/MapsActivity.java,uk.ac.shef.oak.com4510.ui.MapsActivity,onCameraMoveStarted/1[int],mMap,1
/home/arch_design_predict/download-github-repos/mvvm/repos/gallery-master/app/src/main/java/uk/ac/shef/oak/com4510/ui/MapsActivity.java,uk.ac.shef.oak.com4510.ui.MapsActivity,onCreate/1[uk.ac.shef.oak.com4510.ui.Bundle],mAdapter,2
/home/arch_design_predict/download-github-repos/mvvm/repos/gallery-master/app/src/main/java/uk/ac/shef/oak/com4510/ui/MapsActivity.java,uk.ac.shef.oak.com4510.ui.MapsActivity,onCreate/1[uk.ac.shef.oak.com4510.ui.Bundle],context,1
/home/arch_design_predict/download-github-repos/mvvm/repos/gallery-master/app/src/main/java/uk/ac/shef/oak/com4510/ui/MapsActivity.java,uk.ac.shef.oak.com4510.ui.MapsActivity,onCreate/1[uk.ac.shef.oak.com4510.ui.Bundle],mRecyclerView,4
/home/arch_design_predict/download-github-repos/mvvm/repos/gallery-master/app/src/main/java/uk/ac/shef/oak/com4510/ui/MapsActivity.java,uk.ac.shef.oak.com4510.ui.MapsActivity,onCreate/1[uk.ac.shef.oak.com4510.ui.Bundle],model,1
/home/arch_design_predict/download-github-repos/mvvm/repos/gallery-master/app/src/main/java/uk/ac/shef/oak/com4510/ui/MapsActivity.java,uk.ac.shef.oak.com4510.ui.MapsActivity,onCameraIdle/0,mAdapter,1
/home/arch_design_predict/download-github-repos/mvvm/repos/gallery-master/app/src/main/java/uk/ac/shef/oak/com4510/ui/MapsActivity.java,uk.ac.shef.oak.com4510.ui.MapsActivity,onCameraIdle/0,model,1
/home/arch_design_predict/download-github-repos/mvvm/repos/gallery-master/app/src/main/java/uk/ac/shef/oak/com4510/ui/MapsActivity.java,uk.ac.shef.oak.com4510.ui.MapsActivity,onCameraIdle/0,mMap,2
/home/arch_design_predict/download-github-repos/mvvm/repos/gallery-master/app/src/main/java/uk/ac/shef/oak/com4510/ui/MapsActivity.java,uk.ac.shef.oak.com4510.ui.MapsActivity,onMapReady/1[uk.ac.shef.oak.com4510.ui.GoogleMap],model,1
/home/arch_design_predict/download-github-repos/mvvm/repos/gallery-master/app/src/main/java/uk/ac/shef/oak/com4510/ui/MapsActivity.java,uk.ac.shef.oak.com4510.ui.MapsActivity,onMapReady/1[uk.ac.shef.oak.com4510.ui.GoogleMap],mMap,4
/home/arch_design_predict/download-github-repos/mvvm/repos/gallery-master/app/src/main/java/uk/ac/shef/oak/com4510/adapters/MainActivityGridAdapter.java,uk.ac.shef.oak.com4510.adapters.MainActivityGridAdapter,getItem/1[int],items,1
/home/arch_design_predict/download-github-repos/mvvm/repos/gallery-master/app/src/main/java/uk/ac/shef/oak/com4510/adapters/MainActivityGridAdapter.java,uk.ac.shef.oak.com4510.adapters.MainActivityGridAdapter,getItems/0,items,1
/home/arch_design_predict/download-github-repos/mvvm/repos/gallery-master/app/src/main/java/uk/ac/shef/oak/com4510/adapters/MainActivityGridAdapter.java,uk.ac.shef.oak.com4510.adapters.MainActivityGridAdapter,setItems/1[java.util.List<uk.ac.shef.oak.com4510.pojo.ImageElement>],items,2
/home/arch_design_predict/download-github-repos/mvvm/repos/gallery-master/app/src/main/java/uk/ac/shef/oak/com4510/adapters/MainActivityGridAdapter.java,uk.ac.shef.oak.com4510.adapters.MainActivityGridAdapter,"onCreateViewHolder/2[uk.ac.shef.oak.com4510.adapters.ViewGroup,int]",context,1
/home/arch_design_predict/download-github-repos/mvvm/repos/gallery-master/app/src/main/java/uk/ac/shef/oak/com4510/adapters/MainActivityGridAdapter.java,uk.ac.shef.oak.com4510.adapters.MainActivityGridAdapter,"MainActivityGridAdapter/2[uk.ac.shef.oak.com4510.adapters.Context,java.util.List<uk.ac.shef.oak.com4510.pojo.ImageElement>]",context,1
/home/arch_design_predict/download-github-repos/mvvm/repos/gallery-master/app/src/main/java/uk/ac/shef/oak/com4510/adapters/MainActivityGridAdapter.java,uk.ac.shef.oak.com4510.adapters.MainActivityGridAdapter,"MainActivityGridAdapter/2[uk.ac.shef.oak.com4510.adapters.Context,java.util.List<uk.ac.shef.oak.com4510.pojo.ImageElement>]",items,3
/home/arch_design_predict/download-github-repos/mvvm/repos/gallery-master/app/src/main/java/uk/ac/shef/oak/com4510/adapters/MainActivityGridAdapter.java,uk.ac.shef.oak.com4510.adapters.MainActivityGridAdapter,MainActivityGridAdapter/1[java.util.List<uk.ac.shef.oak.com4510.pojo.ImageElement>],items,3
/home/arch_design_predict/download-github-repos/mvvm/repos/gallery-master/app/src/main/java/uk/ac/shef/oak/com4510/adapters/MainActivityGridAdapter.java,uk.ac.shef.oak.com4510.adapters.MainActivityGridAdapter,getItemCount/0,items,1
/home/arch_design_predict/download-github-repos/mvvm/repos/gallery-master/app/src/main/java/uk/ac/shef/oak/com4510/adapters/MainActivityGridAdapter.java,uk.ac.shef.oak.com4510.adapters.MainActivityGridAdapter,"onBindViewHolder/2[uk.ac.shef.oak.com4510.adapters.MainActivityGridAdapter.View_Holder,int]",context,2
/home/arch_design_predict/download-github-repos/mvvm/repos/gallery-master/app/src/main/java/uk/ac/shef/oak/com4510/adapters/MainActivityGridAdapter.java,uk.ac.shef.oak.com4510.adapters.MainActivityGridAdapter,"onBindViewHolder/2[uk.ac.shef.oak.com4510.adapters.MainActivityGridAdapter.View_Holder,int]",items,6
/home/arch_design_predict/download-github-repos/mvvm/repos/gallery-master/app/src/main/java/uk/ac/shef/oak/com4510/ui/EditPictureDetailsActivity.java,uk.ac.shef.oak.com4510.ui.EditPictureDetailsActivity,onCreate/1[uk.ac.shef.oak.com4510.ui.Bundle],extras,2
/home/arch_design_predict/download-github-repos/mvvm/repos/gallery-master/app/src/main/java/uk/ac/shef/oak/com4510/ui/EditPictureDetailsActivity.java,uk.ac.shef.oak.com4510.ui.EditPictureDetailsActivity,onCreate/1[uk.ac.shef.oak.com4510.ui.Bundle],model,2
/home/arch_design_predict/download-github-repos/mvvm/repos/gallery-master/app/src/main/java/uk/ac/shef/oak/com4510/ui/EditPictureDetailsActivity.java,uk.ac.shef.oak.com4510.ui.EditPictureDetailsActivity,submitEditImageForm/1[uk.ac.shef.oak.com4510.ui.View],model,1
/home/arch_design_predict/download-github-repos/mvvm/repos/gallery-master/app/src/main/java/uk/ac/shef/oak/com4510/adapters/MapResultsAdapter.java,uk.ac.shef.oak.com4510.adapters.MapResultsAdapter,setDataSet/1[java.util.List<uk.ac.shef.oak.com4510.database.PhotoData>],mDataset,1
/home/arch_design_predict/download-github-repos/mvvm/repos/gallery-master/app/src/main/java/uk/ac/shef/oak/com4510/adapters/MapResultsAdapter.java,uk.ac.shef.oak.com4510.adapters.MapResultsAdapter,getItemCount/0,mDataset,1
/home/arch_design_predict/download-github-repos/mvvm/repos/gallery-master/app/src/main/java/uk/ac/shef/oak/com4510/adapters/MapResultsAdapter.java,uk.ac.shef.oak.com4510.adapters.MapResultsAdapter,MapResultsAdapter/1[uk.ac.shef.oak.com4510.adapters.Context],mDataset,1
/home/arch_design_predict/download-github-repos/mvvm/repos/gallery-master/app/src/main/java/uk/ac/shef/oak/com4510/adapters/MapResultsAdapter.java,uk.ac.shef.oak.com4510.adapters.MapResultsAdapter,MapResultsAdapter/1[uk.ac.shef.oak.com4510.adapters.Context],context,2
/home/arch_design_predict/download-github-repos/mvvm/repos/gallery-master/app/src/main/java/uk/ac/shef/oak/com4510/adapters/MapResultsAdapter.java,uk.ac.shef.oak.com4510.adapters.MapResultsAdapter,MapResultsAdapter/1[uk.ac.shef.oak.com4510.adapters.Context],mInflater,1
/home/arch_design_predict/download-github-repos/mvvm/repos/gallery-master/app/src/main/java/uk/ac/shef/oak/com4510/adapters/MapResultsAdapter.java,uk.ac.shef.oak.com4510.adapters.MapResultsAdapter,setResults/1[java.util.List<uk.ac.shef.oak.com4510.database.PhotoData>],mDataset,1
/home/arch_design_predict/download-github-repos/mvvm/repos/gallery-master/app/src/main/java/uk/ac/shef/oak/com4510/adapters/MapResultsAdapter.java,uk.ac.shef.oak.com4510.adapters.MapResultsAdapter,"onBindViewHolder/2[uk.ac.shef.oak.com4510.adapters.MapResultsAdapter.MyViewHolder,int]",mDataset,2
/home/arch_design_predict/download-github-repos/mvvm/repos/gallery-master/app/src/main/java/uk/ac/shef/oak/com4510/viewModels/MapsViewModel.java,uk.ac.shef.oak.com4510.viewModels.MapsViewModel,MapsViewModel/1[uk.ac.shef.oak.com4510.viewModels.Application],mRepository,1
/home/arch_design_predict/download-github-repos/mvvm/repos/gallery-master/app/src/main/java/uk/ac/shef/oak/com4510/viewModels/MapsViewModel.java,uk.ac.shef.oak.com4510.viewModels.MapsViewModel,getGeoLocatedImages/0,locationImages,2
/home/arch_design_predict/download-github-repos/mvvm/repos/gallery-master/app/src/main/java/uk/ac/shef/oak/com4510/viewModels/MapsViewModel.java,uk.ac.shef.oak.com4510.viewModels.MapsViewModel,getGeoLocatedImages/0,mRepository,1
/home/arch_design_predict/download-github-repos/mvvm/repos/gallery-master/app/src/main/java/uk/ac/shef/oak/com4510/viewModels/MapsViewModel.java,uk.ac.shef.oak.com4510.viewModels.MapsViewModel,getImagesInsideBounds/1[uk.ac.shef.oak.com4510.viewModels.LatLngBounds],locationImages,2
/home/arch_design_predict/download-github-repos/mvvm/repos/gallery-master/app/src/main/java/uk/ac/shef/oak/com4510/viewModels/MapsViewModel.java,uk.ac.shef.oak.com4510.viewModels.MapsViewModel,getImagesInsideBounds/1[uk.ac.shef.oak.com4510.viewModels.LatLngBounds],mRepository,1
/home/arch_design_predict/download-github-repos/mvvm/repos/gallery-master/app/src/main/java/uk/ac/shef/oak/com4510/ui/SearchActivity.java,uk.ac.shef.oak.com4510.ui.SearchActivity,submitSearchForm/1[uk.ac.shef.oak.com4510.ui.View],mAdapter,1
/home/arch_design_predict/download-github-repos/mvvm/repos/gallery-master/app/src/main/java/uk/ac/shef/oak/com4510/ui/SearchActivity.java,uk.ac.shef.oak.com4510.ui.SearchActivity,submitSearchForm/1[uk.ac.shef.oak.com4510.ui.View],model,4
/home/arch_design_predict/download-github-repos/mvvm/repos/gallery-master/app/src/main/java/uk/ac/shef/oak/com4510/ui/SearchActivity.java,uk.ac.shef.oak.com4510.ui.SearchActivity,submitSearchForm/1[uk.ac.shef.oak.com4510.ui.View],form_container,2
/home/arch_design_predict/download-github-repos/mvvm/repos/gallery-master/app/src/main/java/uk/ac/shef/oak/com4510/ui/SearchActivity.java,uk.ac.shef.oak.com4510.ui.SearchActivity,onCreate/1[uk.ac.shef.oak.com4510.ui.Bundle],mAdapter,3
/home/arch_design_predict/download-github-repos/mvvm/repos/gallery-master/app/src/main/java/uk/ac/shef/oak/com4510/ui/SearchActivity.java,uk.ac.shef.oak.com4510.ui.SearchActivity,onCreate/1[uk.ac.shef.oak.com4510.ui.Bundle],context,1
/home/arch_design_predict/download-github-repos/mvvm/repos/gallery-master/app/src/main/java/uk/ac/shef/oak/com4510/ui/SearchActivity.java,uk.ac.shef.oak.com4510.ui.SearchActivity,onCreate/1[uk.ac.shef.oak.com4510.ui.Bundle],mRecyclerView,4
/home/arch_design_predict/download-github-repos/mvvm/repos/gallery-master/app/src/main/java/uk/ac/shef/oak/com4510/ui/SearchActivity.java,uk.ac.shef.oak.com4510.ui.SearchActivity,onCreate/1[uk.ac.shef.oak.com4510.ui.Bundle],model,2
/home/arch_design_predict/download-github-repos/mvvm/repos/gallery-master/app/src/main/java/uk/ac/shef/oak/com4510/ui/SearchActivity.java,uk.ac.shef.oak.com4510.ui.SearchActivity,onCreate/1[uk.ac.shef.oak.com4510.ui.Bundle],formData,2
/home/arch_design_predict/download-github-repos/mvvm/repos/gallery-master/app/src/main/java/uk/ac/shef/oak/com4510/ui/SearchActivity.java,uk.ac.shef.oak.com4510.ui.SearchActivity,onCreate/1[uk.ac.shef.oak.com4510.ui.Bundle],form_container,5
/home/arch_design_predict/download-github-repos/mvvm/repos/gallery-master/app/src/main/java/uk/ac/shef/oak/com4510/adapters/MainActivityGridAdapter.java,uk.ac.shef.oak.com4510.adapters.MainActivityGridAdapter$View_Holder,View_Holder/1[uk.ac.shef.oak.com4510.adapters.View],imageView,1
/home/arch_design_predict/download-github-repos/mvvm/repos/gallery-master/app/src/main/java/uk/ac/shef/oak/com4510/ui/SearchResultsActivity.java,uk.ac.shef.oak.com4510.ui.SearchResultsActivity,onCreate/1[uk.ac.shef.oak.com4510.ui.Bundle],mLayoutManager,2
/home/arch_design_predict/download-github-repos/mvvm/repos/gallery-master/app/src/main/java/uk/ac/shef/oak/com4510/ui/SearchResultsActivity.java,uk.ac.shef.oak.com4510.ui.SearchResultsActivity,onCreate/1[uk.ac.shef.oak.com4510.ui.Bundle],mRecyclerView,4
/home/arch_design_predict/download-github-repos/mvvm/repos/gallery-master/app/src/main/java/uk/ac/shef/oak/com4510/ui/SearchResultsActivity.java,uk.ac.shef.oak.com4510.ui.SearchResultsActivity,onCreate/1[uk.ac.shef.oak.com4510.ui.Bundle],model,2
/home/arch_design_predict/download-github-repos/mvvm/repos/gallery-master/app/src/main/java/uk/ac/shef/oak/com4510/viewModels/MainActivityViewModel.java,uk.ac.shef.oak.com4510.viewModels.MainActivityViewModel,getAllTheImages/0,allTheImages,3
/home/arch_design_predict/download-github-repos/mvvm/repos/gallery-master/app/src/main/java/uk/ac/shef/oak/com4510/viewModels/MainActivityViewModel.java,uk.ac.shef.oak.com4510.viewModels.MainActivityViewModel,MainActivityViewModel/1[uk.ac.shef.oak.com4510.viewModels.Application],allTheImages,1
/home/arch_design_predict/download-github-repos/mvvm/repos/gallery-master/app/src/main/java/uk/ac/shef/oak/com4510/viewModels/MainActivityViewModel.java,uk.ac.shef.oak.com4510.viewModels.MainActivityViewModel,MainActivityViewModel/1[uk.ac.shef.oak.com4510.viewModels.Application],mRepository,1
/home/arch_design_predict/download-github-repos/mvvm/repos/gallery-master/app/src/main/java/uk/ac/shef/oak/com4510/viewModels/MainActivityViewModel.java,uk.ac.shef.oak.com4510.viewModels.MainActivityViewModel,getImages/0,allTheImages,2
/home/arch_design_predict/download-github-repos/mvvm/repos/gallery-master/app/src/main/java/uk/ac/shef/oak/com4510/viewModels/MainActivityViewModel.java,uk.ac.shef.oak.com4510.viewModels.MainActivityViewModel,getImages/0,mRepository,1
/home/arch_design_predict/download-github-repos/mvvm/repos/gallery-master/app/src/main/java/uk/ac/shef/oak/com4510/repositories/PhotoRepository.java,uk.ac.shef.oak.com4510.repositories.PhotoRepository$createAsyncTask,createAsyncTask/1[uk.ac.shef.oak.com4510.database.PhotoDAO],mAsyncTaskDao,1
/home/arch_design_predict/download-github-repos/mvvm/repos/gallery-master/app/src/main/java/uk/ac/shef/oak/com4510/repositories/PhotoRepository.java,uk.ac.shef.oak.com4510.repositories.PhotoRepository$createAsyncTask,doInBackground/1[uk.ac.shef.oak.com4510.database.PhotoData[]],mAsyncTaskDao,2
