file,class,method,variable,usage
/home/arch_design_predict/download-github-repos/mvvm/repos/LoginMVVM-android-master/app/src/main/java/com/example/loginmvvm/data/LoginRepository.java,com.example.loginmvvm.data.LoginRepository,setLoggedInUser/1[com.example.loginmvvm.data.model.LoggedInUser],user,3
/home/arch_design_predict/download-github-repos/mvvm/repos/LoginMVVM-android-master/app/src/main/java/com/example/loginmvvm/data/LoginRepository.java,com.example.loginmvvm.data.LoginRepository,isLoggedIn/0,user,1
/home/arch_design_predict/download-github-repos/mvvm/repos/LoginMVVM-android-master/app/src/main/java/com/example/loginmvvm/data/LoginRepository.java,com.example.loginmvvm.data.LoginRepository,getInstance/1[com.example.loginmvvm.data.LoginDataSource],instance,3
/home/arch_design_predict/download-github-repos/mvvm/repos/LoginMVVM-android-master/app/src/main/java/com/example/loginmvvm/data/LoginRepository.java,com.example.loginmvvm.data.LoginRepository,getInstance/1[com.example.loginmvvm.data.LoginDataSource],dataSource,2
/home/arch_design_predict/download-github-repos/mvvm/repos/LoginMVVM-android-master/app/src/main/java/com/example/loginmvvm/data/LoginRepository.java,com.example.loginmvvm.data.LoginRepository,LoginRepository/1[com.example.loginmvvm.data.LoginDataSource],dataSource,3
/home/arch_design_predict/download-github-repos/mvvm/repos/LoginMVVM-android-master/app/src/main/java/com/example/loginmvvm/data/LoginRepository.java,com.example.loginmvvm.data.LoginRepository,logout/0,user,1
/home/arch_design_predict/download-github-repos/mvvm/repos/LoginMVVM-android-master/app/src/main/java/com/example/loginmvvm/data/LoginRepository.java,com.example.loginmvvm.data.LoginRepository,logout/0,dataSource,1
/home/arch_design_predict/download-github-repos/mvvm/repos/LoginMVVM-android-master/app/src/main/java/com/example/loginmvvm/data/LoginRepository.java,com.example.loginmvvm.data.LoginRepository,"login/2[java.lang.String,java.lang.String]",dataSource,1
/home/arch_design_predict/download-github-repos/mvvm/repos/LoginMVVM-android-master/app/src/main/java/com/example/loginmvvm/data/model/LoggedInUser.java,com.example.loginmvvm.data.model.LoggedInUser,getUserId/0,userId,1
/home/arch_design_predict/download-github-repos/mvvm/repos/LoginMVVM-android-master/app/src/main/java/com/example/loginmvvm/data/model/LoggedInUser.java,com.example.loginmvvm.data.model.LoggedInUser,"LoggedInUser/2[java.lang.String,java.lang.String]",displayName,3
/home/arch_design_predict/download-github-repos/mvvm/repos/LoginMVVM-android-master/app/src/main/java/com/example/loginmvvm/data/model/LoggedInUser.java,com.example.loginmvvm.data.model.LoggedInUser,"LoggedInUser/2[java.lang.String,java.lang.String]",userId,3
/home/arch_design_predict/download-github-repos/mvvm/repos/LoginMVVM-android-master/app/src/main/java/com/example/loginmvvm/data/model/LoggedInUser.java,com.example.loginmvvm.data.model.LoggedInUser,getDisplayName/0,displayName,1
/home/arch_design_predict/download-github-repos/mvvm/repos/LoginMVVM-android-master/app/src/main/java/com/example/loginmvvm/data/Result.java,com.example.loginmvvm.data.Result$Success,Success/1[T],data,3
/home/arch_design_predict/download-github-repos/mvvm/repos/LoginMVVM-android-master/app/src/main/java/com/example/loginmvvm/data/Result.java,com.example.loginmvvm.data.Result$Success,getData/0,data,1
/home/arch_design_predict/download-github-repos/mvvm/repos/LoginMVVM-android-master/app/src/main/java/com/example/loginmvvm/data/Result.java,com.example.loginmvvm.data.Result$Error,Error/1[java.lang.Exception],error,3
/home/arch_design_predict/download-github-repos/mvvm/repos/LoginMVVM-android-master/app/src/main/java/com/example/loginmvvm/data/Result.java,com.example.loginmvvm.data.Result$Error,getError/0,error,1
/home/arch_design_predict/download-github-repos/mvvm/repos/LoginMVVM-android-master/app/src/main/java/com/example/loginmvvm/ui/login/LoggedInUserView.java,com.example.loginmvvm.ui.login.LoggedInUserView,LoggedInUserView/1[java.lang.String],displayName,3
/home/arch_design_predict/download-github-repos/mvvm/repos/LoginMVVM-android-master/app/src/main/java/com/example/loginmvvm/ui/login/LoggedInUserView.java,com.example.loginmvvm.ui.login.LoggedInUserView,getDisplayName/0,displayName,1
/home/arch_design_predict/download-github-repos/mvvm/repos/LoginMVVM-android-master/app/src/main/java/com/example/loginmvvm/ui/login/LoginResult.java,com.example.loginmvvm.ui.login.LoginResult,getError/0,error,1
/home/arch_design_predict/download-github-repos/mvvm/repos/LoginMVVM-android-master/app/src/main/java/com/example/loginmvvm/ui/login/LoginResult.java,com.example.loginmvvm.ui.login.LoginResult,LoginResult/1[com.example.loginmvvm.ui.login.LoggedInUserView],success,3
/home/arch_design_predict/download-github-repos/mvvm/repos/LoginMVVM-android-master/app/src/main/java/com/example/loginmvvm/ui/login/LoginResult.java,com.example.loginmvvm.ui.login.LoginResult,LoginResult/1[java.lang.Integer],error,3
/home/arch_design_predict/download-github-repos/mvvm/repos/LoginMVVM-android-master/app/src/main/java/com/example/loginmvvm/ui/login/LoginResult.java,com.example.loginmvvm.ui.login.LoginResult,getSuccess/0,success,1
/home/arch_design_predict/download-github-repos/mvvm/repos/LoginMVVM-android-master/app/src/main/java/com/example/loginmvvm/ui/login/LoginActivity.java,com.example.loginmvvm.ui.login.LoginActivity,onCreate/1[com.example.loginmvvm.ui.login.Bundle],loginViewModel,3
/home/arch_design_predict/download-github-repos/mvvm/repos/LoginMVVM-android-master/app/src/main/java/com/example/loginmvvm/ui/login/LoginFormState.java,com.example.loginmvvm.ui.login.LoginFormState,"LoginFormState/2[java.lang.Integer,java.lang.Integer]",isDataValid,1
/home/arch_design_predict/download-github-repos/mvvm/repos/LoginMVVM-android-master/app/src/main/java/com/example/loginmvvm/ui/login/LoginFormState.java,com.example.loginmvvm.ui.login.LoginFormState,"LoginFormState/2[java.lang.Integer,java.lang.Integer]",passwordError,3
/home/arch_design_predict/download-github-repos/mvvm/repos/LoginMVVM-android-master/app/src/main/java/com/example/loginmvvm/ui/login/LoginFormState.java,com.example.loginmvvm.ui.login.LoginFormState,"LoginFormState/2[java.lang.Integer,java.lang.Integer]",usernameError,3
/home/arch_design_predict/download-github-repos/mvvm/repos/LoginMVVM-android-master/app/src/main/java/com/example/loginmvvm/ui/login/LoginFormState.java,com.example.loginmvvm.ui.login.LoginFormState,getPasswordError/0,passwordError,1
/home/arch_design_predict/download-github-repos/mvvm/repos/LoginMVVM-android-master/app/src/main/java/com/example/loginmvvm/ui/login/LoginFormState.java,com.example.loginmvvm.ui.login.LoginFormState,LoginFormState/1[boolean],isDataValid,3
/home/arch_design_predict/download-github-repos/mvvm/repos/LoginMVVM-android-master/app/src/main/java/com/example/loginmvvm/ui/login/LoginFormState.java,com.example.loginmvvm.ui.login.LoginFormState,LoginFormState/1[boolean],passwordError,1
/home/arch_design_predict/download-github-repos/mvvm/repos/LoginMVVM-android-master/app/src/main/java/com/example/loginmvvm/ui/login/LoginFormState.java,com.example.loginmvvm.ui.login.LoginFormState,LoginFormState/1[boolean],usernameError,1
/home/arch_design_predict/download-github-repos/mvvm/repos/LoginMVVM-android-master/app/src/main/java/com/example/loginmvvm/ui/login/LoginFormState.java,com.example.loginmvvm.ui.login.LoginFormState,isDataValid/0,isDataValid,2
/home/arch_design_predict/download-github-repos/mvvm/repos/LoginMVVM-android-master/app/src/main/java/com/example/loginmvvm/ui/login/LoginFormState.java,com.example.loginmvvm.ui.login.LoginFormState,getUsernameError/0,usernameError,1
/home/arch_design_predict/download-github-repos/mvvm/repos/LoginMVVM-android-master/app/src/main/java/com/example/loginmvvm/ui/login/LoginViewModel.java,com.example.loginmvvm.ui.login.LoginViewModel,"login/2[java.lang.String,java.lang.String]",loginResult,2
/home/arch_design_predict/download-github-repos/mvvm/repos/LoginMVVM-android-master/app/src/main/java/com/example/loginmvvm/ui/login/LoginViewModel.java,com.example.loginmvvm.ui.login.LoginViewModel,"login/2[java.lang.String,java.lang.String]",loginRepository,1
/home/arch_design_predict/download-github-repos/mvvm/repos/LoginMVVM-android-master/app/src/main/java/com/example/loginmvvm/ui/login/LoginViewModel.java,com.example.loginmvvm.ui.login.LoginViewModel,getLoginFormState/0,loginFormState,1
/home/arch_design_predict/download-github-repos/mvvm/repos/LoginMVVM-android-master/app/src/main/java/com/example/loginmvvm/ui/login/LoginViewModel.java,com.example.loginmvvm.ui.login.LoginViewModel,getLoginResult/0,loginResult,1
/home/arch_design_predict/download-github-repos/mvvm/repos/LoginMVVM-android-master/app/src/main/java/com/example/loginmvvm/ui/login/LoginViewModel.java,com.example.loginmvvm.ui.login.LoginViewModel,LoginViewModel/1[com.example.loginmvvm.data.LoginRepository],loginRepository,3
/home/arch_design_predict/download-github-repos/mvvm/repos/LoginMVVM-android-master/app/src/main/java/com/example/loginmvvm/ui/login/LoginViewModel.java,com.example.loginmvvm.ui.login.LoginViewModel,"loginDataChanged/2[java.lang.String,java.lang.String]",loginFormState,3
