file,class,method,variable,usage
/home/arch_design_predict/download-github-repos/mvvm/repos/LoginMVVM-android-master/app/src/main/java/com/example/loginmvvm/data/LoginRepository.java,com.example.loginmvvm.data.LoginRepository,setLoggedInUser/1[com.example.loginmvvm.data.model.LoggedInUser],user,2
/home/arch_design_predict/download-github-repos/mvvm/repos/LoginMVVM-android-master/app/src/main/java/com/example/loginmvvm/data/LoginRepository.java,com.example.loginmvvm.data.LoginRepository,getInstance/1[com.example.loginmvvm.data.LoginDataSource],dataSource,1
/home/arch_design_predict/download-github-repos/mvvm/repos/LoginMVVM-android-master/app/src/main/java/com/example/loginmvvm/data/LoginRepository.java,com.example.loginmvvm.data.LoginRepository,LoginRepository/1[com.example.loginmvvm.data.LoginDataSource],dataSource,2
/home/arch_design_predict/download-github-repos/mvvm/repos/LoginMVVM-android-master/app/src/main/java/com/example/loginmvvm/data/LoginRepository.java,com.example.loginmvvm.data.LoginRepository,"login/2[java.lang.String,java.lang.String]",result,3
/home/arch_design_predict/download-github-repos/mvvm/repos/LoginMVVM-android-master/app/src/main/java/com/example/loginmvvm/data/LoginRepository.java,com.example.loginmvvm.data.LoginRepository,"login/2[java.lang.String,java.lang.String]",password,1
/home/arch_design_predict/download-github-repos/mvvm/repos/LoginMVVM-android-master/app/src/main/java/com/example/loginmvvm/data/LoginRepository.java,com.example.loginmvvm.data.LoginRepository,"login/2[java.lang.String,java.lang.String]",username,1
/home/arch_design_predict/download-github-repos/mvvm/repos/LoginMVVM-android-master/app/src/main/java/com/example/loginmvvm/ui/login/LoginViewModelFactory.java,com.example.loginmvvm.ui.login.LoginViewModelFactory,create/1[java.lang.Class<T>],modelClass,1
/home/arch_design_predict/download-github-repos/mvvm/repos/LoginMVVM-android-master/app/src/main/java/com/example/loginmvvm/data/model/LoggedInUser.java,com.example.loginmvvm.data.model.LoggedInUser,"LoggedInUser/2[java.lang.String,java.lang.String]",displayName,2
/home/arch_design_predict/download-github-repos/mvvm/repos/LoginMVVM-android-master/app/src/main/java/com/example/loginmvvm/data/model/LoggedInUser.java,com.example.loginmvvm.data.model.LoggedInUser,"LoggedInUser/2[java.lang.String,java.lang.String]",userId,2
/home/arch_design_predict/download-github-repos/mvvm/repos/LoginMVVM-android-master/app/src/main/java/com/example/loginmvvm/data/Result.java,com.example.loginmvvm.data.Result$Success,Success/1[T],data,2
/home/arch_design_predict/download-github-repos/mvvm/repos/LoginMVVM-android-master/app/src/main/java/com/example/loginmvvm/data/Result.java,com.example.loginmvvm.data.Result$Error,Error/1[java.lang.Exception],error,2
/home/arch_design_predict/download-github-repos/mvvm/repos/LoginMVVM-android-master/app/src/main/java/com/example/loginmvvm/ui/login/LoggedInUserView.java,com.example.loginmvvm.ui.login.LoggedInUserView,LoggedInUserView/1[java.lang.String],displayName,2
/home/arch_design_predict/download-github-repos/mvvm/repos/LoginMVVM-android-master/app/src/main/java/com/example/loginmvvm/data/Result.java,com.example.loginmvvm.data.Result,toString/0,success,1
/home/arch_design_predict/download-github-repos/mvvm/repos/LoginMVVM-android-master/app/src/main/java/com/example/loginmvvm/data/Result.java,com.example.loginmvvm.data.Result,toString/0,error,1
/home/arch_design_predict/download-github-repos/mvvm/repos/LoginMVVM-android-master/app/src/main/java/com/example/loginmvvm/data/LoginDataSource.java,com.example.loginmvvm.data.LoginDataSource,"login/2[java.lang.String,java.lang.String]",password,0
/home/arch_design_predict/download-github-repos/mvvm/repos/LoginMVVM-android-master/app/src/main/java/com/example/loginmvvm/data/LoginDataSource.java,com.example.loginmvvm.data.LoginDataSource,"login/2[java.lang.String,java.lang.String]",fakeUser,1
/home/arch_design_predict/download-github-repos/mvvm/repos/LoginMVVM-android-master/app/src/main/java/com/example/loginmvvm/data/LoginDataSource.java,com.example.loginmvvm.data.LoginDataSource,"login/2[java.lang.String,java.lang.String]",e,1
/home/arch_design_predict/download-github-repos/mvvm/repos/LoginMVVM-android-master/app/src/main/java/com/example/loginmvvm/data/LoginDataSource.java,com.example.loginmvvm.data.LoginDataSource,"login/2[java.lang.String,java.lang.String]",username,0
/home/arch_design_predict/download-github-repos/mvvm/repos/LoginMVVM-android-master/app/src/main/java/com/example/loginmvvm/ui/login/LoginResult.java,com.example.loginmvvm.ui.login.LoginResult,LoginResult/1[com.example.loginmvvm.ui.login.LoggedInUserView],success,2
/home/arch_design_predict/download-github-repos/mvvm/repos/LoginMVVM-android-master/app/src/main/java/com/example/loginmvvm/ui/login/LoginResult.java,com.example.loginmvvm.ui.login.LoginResult,LoginResult/1[java.lang.Integer],error,2
/home/arch_design_predict/download-github-repos/mvvm/repos/LoginMVVM-android-master/app/src/main/java/com/example/loginmvvm/ui/login/LoginActivity.java,com.example.loginmvvm.ui.login.LoginActivity$Anonymous1,onChanged/1[com.example.loginmvvm.ui.login.LoginFormState],loginFormState,6
/home/arch_design_predict/download-github-repos/mvvm/repos/LoginMVVM-android-master/app/src/main/java/com/example/loginmvvm/ui/login/LoginActivity.java,com.example.loginmvvm.ui.login.LoginActivity$Anonymous3,afterTextChanged/1[com.example.loginmvvm.ui.login.Editable],s,0
/home/arch_design_predict/download-github-repos/mvvm/repos/LoginMVVM-android-master/app/src/main/java/com/example/loginmvvm/ui/login/LoginActivity.java,com.example.loginmvvm.ui.login.LoginActivity$Anonymous3,"onTextChanged/4[java.lang.CharSequence,int,int,int]",s,0
/home/arch_design_predict/download-github-repos/mvvm/repos/LoginMVVM-android-master/app/src/main/java/com/example/loginmvvm/ui/login/LoginActivity.java,com.example.loginmvvm.ui.login.LoginActivity$Anonymous3,"onTextChanged/4[java.lang.CharSequence,int,int,int]",before,0
/home/arch_design_predict/download-github-repos/mvvm/repos/LoginMVVM-android-master/app/src/main/java/com/example/loginmvvm/ui/login/LoginActivity.java,com.example.loginmvvm.ui.login.LoginActivity$Anonymous3,"onTextChanged/4[java.lang.CharSequence,int,int,int]",start,0
/home/arch_design_predict/download-github-repos/mvvm/repos/LoginMVVM-android-master/app/src/main/java/com/example/loginmvvm/ui/login/LoginActivity.java,com.example.loginmvvm.ui.login.LoginActivity$Anonymous3,"onTextChanged/4[java.lang.CharSequence,int,int,int]",count,0
/home/arch_design_predict/download-github-repos/mvvm/repos/LoginMVVM-android-master/app/src/main/java/com/example/loginmvvm/ui/login/LoginActivity.java,com.example.loginmvvm.ui.login.LoginActivity$Anonymous3,"beforeTextChanged/4[java.lang.CharSequence,int,int,int]",s,0
/home/arch_design_predict/download-github-repos/mvvm/repos/LoginMVVM-android-master/app/src/main/java/com/example/loginmvvm/ui/login/LoginActivity.java,com.example.loginmvvm.ui.login.LoginActivity$Anonymous3,"beforeTextChanged/4[java.lang.CharSequence,int,int,int]",start,0
/home/arch_design_predict/download-github-repos/mvvm/repos/LoginMVVM-android-master/app/src/main/java/com/example/loginmvvm/ui/login/LoginActivity.java,com.example.loginmvvm.ui.login.LoginActivity$Anonymous3,"beforeTextChanged/4[java.lang.CharSequence,int,int,int]",count,0
/home/arch_design_predict/download-github-repos/mvvm/repos/LoginMVVM-android-master/app/src/main/java/com/example/loginmvvm/ui/login/LoginActivity.java,com.example.loginmvvm.ui.login.LoginActivity$Anonymous3,"beforeTextChanged/4[java.lang.CharSequence,int,int,int]",after,0
/home/arch_design_predict/download-github-repos/mvvm/repos/LoginMVVM-android-master/app/src/main/java/com/example/loginmvvm/ui/login/LoginActivity.java,com.example.loginmvvm.ui.login.LoginActivity,updateUiWithUser/1[com.example.loginmvvm.ui.login.LoggedInUserView],model,1
/home/arch_design_predict/download-github-repos/mvvm/repos/LoginMVVM-android-master/app/src/main/java/com/example/loginmvvm/ui/login/LoginActivity.java,com.example.loginmvvm.ui.login.LoginActivity,updateUiWithUser/1[com.example.loginmvvm.ui.login.LoggedInUserView],welcome,2
/home/arch_design_predict/download-github-repos/mvvm/repos/LoginMVVM-android-master/app/src/main/java/com/example/loginmvvm/ui/login/LoginActivity.java,com.example.loginmvvm.ui.login.LoginActivity,showLoginFailed/1[java.lang.Integer],errorString,1
/home/arch_design_predict/download-github-repos/mvvm/repos/LoginMVVM-android-master/app/src/main/java/com/example/loginmvvm/ui/login/LoginActivity.java,com.example.loginmvvm.ui.login.LoginActivity,onCreate/1[com.example.loginmvvm.ui.login.Bundle],usernameEditText,1
/home/arch_design_predict/download-github-repos/mvvm/repos/LoginMVVM-android-master/app/src/main/java/com/example/loginmvvm/ui/login/LoginActivity.java,com.example.loginmvvm.ui.login.LoginActivity,onCreate/1[com.example.loginmvvm.ui.login.Bundle],savedInstanceState,1
/home/arch_design_predict/download-github-repos/mvvm/repos/LoginMVVM-android-master/app/src/main/java/com/example/loginmvvm/ui/login/LoginActivity.java,com.example.loginmvvm.ui.login.LoginActivity,onCreate/1[com.example.loginmvvm.ui.login.Bundle],afterTextChangedListener,2
/home/arch_design_predict/download-github-repos/mvvm/repos/LoginMVVM-android-master/app/src/main/java/com/example/loginmvvm/ui/login/LoginActivity.java,com.example.loginmvvm.ui.login.LoginActivity,onCreate/1[com.example.loginmvvm.ui.login.Bundle],passwordEditText,2
/home/arch_design_predict/download-github-repos/mvvm/repos/LoginMVVM-android-master/app/src/main/java/com/example/loginmvvm/ui/login/LoginActivity.java,com.example.loginmvvm.ui.login.LoginActivity,onCreate/1[com.example.loginmvvm.ui.login.Bundle],loginButton,1
/home/arch_design_predict/download-github-repos/mvvm/repos/LoginMVVM-android-master/app/src/main/java/com/example/loginmvvm/ui/login/LoginActivity.java,com.example.loginmvvm.ui.login.LoginActivity,onCreate/1[com.example.loginmvvm.ui.login.Bundle],loadingProgressBar,0
/home/arch_design_predict/download-github-repos/mvvm/repos/LoginMVVM-android-master/app/src/main/java/com/example/loginmvvm/ui/login/LoginActivity.java,com.example.loginmvvm.ui.login.LoginActivity$Anonymous2,onChanged/1[com.example.loginmvvm.ui.login.LoginResult],loginResult,5
/home/arch_design_predict/download-github-repos/mvvm/repos/LoginMVVM-android-master/app/src/main/java/com/example/loginmvvm/ui/login/LoginActivity.java,com.example.loginmvvm.ui.login.LoginActivity$Anonymous5,onClick/1[com.example.loginmvvm.ui.login.View],v,0
/home/arch_design_predict/download-github-repos/mvvm/repos/LoginMVVM-android-master/app/src/main/java/com/example/loginmvvm/ui/login/LoginActivity.java,com.example.loginmvvm.ui.login.LoginActivity$Anonymous4,"onEditorAction/3[com.example.loginmvvm.ui.login.TextView,int,com.example.loginmvvm.ui.login.KeyEvent]",v,0
/home/arch_design_predict/download-github-repos/mvvm/repos/LoginMVVM-android-master/app/src/main/java/com/example/loginmvvm/ui/login/LoginActivity.java,com.example.loginmvvm.ui.login.LoginActivity$Anonymous4,"onEditorAction/3[com.example.loginmvvm.ui.login.TextView,int,com.example.loginmvvm.ui.login.KeyEvent]",actionId,1
/home/arch_design_predict/download-github-repos/mvvm/repos/LoginMVVM-android-master/app/src/main/java/com/example/loginmvvm/ui/login/LoginActivity.java,com.example.loginmvvm.ui.login.LoginActivity$Anonymous4,"onEditorAction/3[com.example.loginmvvm.ui.login.TextView,int,com.example.loginmvvm.ui.login.KeyEvent]",event,0
/home/arch_design_predict/download-github-repos/mvvm/repos/LoginMVVM-android-master/app/src/androidTest/java/com/example/loginmvvm/ExampleInstrumentedTest.java,com.example.loginmvvm.ExampleInstrumentedTest,useAppContext/0,appContext,1
/home/arch_design_predict/download-github-repos/mvvm/repos/LoginMVVM-android-master/app/src/main/java/com/example/loginmvvm/ui/login/LoginFormState.java,com.example.loginmvvm.ui.login.LoginFormState,"LoginFormState/2[java.lang.Integer,java.lang.Integer]",passwordError,2
/home/arch_design_predict/download-github-repos/mvvm/repos/LoginMVVM-android-master/app/src/main/java/com/example/loginmvvm/ui/login/LoginFormState.java,com.example.loginmvvm.ui.login.LoginFormState,"LoginFormState/2[java.lang.Integer,java.lang.Integer]",usernameError,2
/home/arch_design_predict/download-github-repos/mvvm/repos/LoginMVVM-android-master/app/src/main/java/com/example/loginmvvm/ui/login/LoginFormState.java,com.example.loginmvvm.ui.login.LoginFormState,LoginFormState/1[boolean],isDataValid,2
/home/arch_design_predict/download-github-repos/mvvm/repos/LoginMVVM-android-master/app/src/main/java/com/example/loginmvvm/ui/login/LoginViewModel.java,com.example.loginmvvm.ui.login.LoginViewModel,"login/2[java.lang.String,java.lang.String]",result,2
/home/arch_design_predict/download-github-repos/mvvm/repos/LoginMVVM-android-master/app/src/main/java/com/example/loginmvvm/ui/login/LoginViewModel.java,com.example.loginmvvm.ui.login.LoginViewModel,"login/2[java.lang.String,java.lang.String]",password,1
/home/arch_design_predict/download-github-repos/mvvm/repos/LoginMVVM-android-master/app/src/main/java/com/example/loginmvvm/ui/login/LoginViewModel.java,com.example.loginmvvm.ui.login.LoginViewModel,"login/2[java.lang.String,java.lang.String]",data,1
/home/arch_design_predict/download-github-repos/mvvm/repos/LoginMVVM-android-master/app/src/main/java/com/example/loginmvvm/ui/login/LoginViewModel.java,com.example.loginmvvm.ui.login.LoginViewModel,"login/2[java.lang.String,java.lang.String]",username,1
/home/arch_design_predict/download-github-repos/mvvm/repos/LoginMVVM-android-master/app/src/main/java/com/example/loginmvvm/ui/login/LoginViewModel.java,com.example.loginmvvm.ui.login.LoginViewModel,isUserNameValid/1[java.lang.String],username,4
/home/arch_design_predict/download-github-repos/mvvm/repos/LoginMVVM-android-master/app/src/main/java/com/example/loginmvvm/ui/login/LoginViewModel.java,com.example.loginmvvm.ui.login.LoginViewModel,isPasswordValid/1[java.lang.String],password,2
/home/arch_design_predict/download-github-repos/mvvm/repos/LoginMVVM-android-master/app/src/main/java/com/example/loginmvvm/ui/login/LoginViewModel.java,com.example.loginmvvm.ui.login.LoginViewModel,LoginViewModel/1[com.example.loginmvvm.data.LoginRepository],loginRepository,2
/home/arch_design_predict/download-github-repos/mvvm/repos/LoginMVVM-android-master/app/src/main/java/com/example/loginmvvm/ui/login/LoginViewModel.java,com.example.loginmvvm.ui.login.LoginViewModel,"loginDataChanged/2[java.lang.String,java.lang.String]",password,1
/home/arch_design_predict/download-github-repos/mvvm/repos/LoginMVVM-android-master/app/src/main/java/com/example/loginmvvm/ui/login/LoginViewModel.java,com.example.loginmvvm.ui.login.LoginViewModel,"loginDataChanged/2[java.lang.String,java.lang.String]",username,1
