file,class,method,variable,usage
/home/arch_design_predict/download-github-repos/mvp/repos/MVP_Demo-master/app/src/main/java/com/simple/mvpdemo/util/InfoSaveUtil.java,com.simple.mvpdemo.util.InfoSaveUtil,getInstance/1[com.simple.mvpdemo.util.Context],infoSaveUtils,3
/home/arch_design_predict/download-github-repos/mvp/repos/MVP_Demo-master/app/src/main/java/com/simple/mvpdemo/util/InfoSaveUtil.java,com.simple.mvpdemo.util.InfoSaveUtil,getPassword/0,sharedPreferences,1
/home/arch_design_predict/download-github-repos/mvp/repos/MVP_Demo-master/app/src/main/java/com/simple/mvpdemo/util/InfoSaveUtil.java,com.simple.mvpdemo.util.InfoSaveUtil,getPassword/0,PASSWORD,1
/home/arch_design_predict/download-github-repos/mvp/repos/MVP_Demo-master/app/src/main/java/com/simple/mvpdemo/util/InfoSaveUtil.java,com.simple.mvpdemo.util.InfoSaveUtil,InfoSaveUtil/1[com.simple.mvpdemo.util.Context],sharedPreferences,1
/home/arch_design_predict/download-github-repos/mvp/repos/MVP_Demo-master/app/src/main/java/com/simple/mvpdemo/util/InfoSaveUtil.java,com.simple.mvpdemo.util.InfoSaveUtil,InfoSaveUtil/1[com.simple.mvpdemo.util.Context],INFO_NAME,1
/home/arch_design_predict/download-github-repos/mvp/repos/MVP_Demo-master/app/src/main/java/com/simple/mvpdemo/util/InfoSaveUtil.java,com.simple.mvpdemo.util.InfoSaveUtil,getLoginName/0,sharedPreferences,1
/home/arch_design_predict/download-github-repos/mvp/repos/MVP_Demo-master/app/src/main/java/com/simple/mvpdemo/util/InfoSaveUtil.java,com.simple.mvpdemo.util.InfoSaveUtil,getLoginName/0,LOGIN_NAME,1
/home/arch_design_predict/download-github-repos/mvp/repos/MVP_Demo-master/app/src/main/java/com/simple/mvpdemo/util/InfoSaveUtil.java,com.simple.mvpdemo.util.InfoSaveUtil,"setInfo/2[java.lang.String,java.lang.String]",sharedPreferences,1
/home/arch_design_predict/download-github-repos/mvp/repos/MVP_Demo-master/app/src/main/java/com/simple/mvpdemo/util/InfoSaveUtil.java,com.simple.mvpdemo.util.InfoSaveUtil,"setInfo/2[java.lang.String,java.lang.String]",PASSWORD,1
/home/arch_design_predict/download-github-repos/mvp/repos/MVP_Demo-master/app/src/main/java/com/simple/mvpdemo/util/InfoSaveUtil.java,com.simple.mvpdemo.util.InfoSaveUtil,"setInfo/2[java.lang.String,java.lang.String]",LOGIN_NAME,1
/home/arch_design_predict/download-github-repos/mvp/repos/MVP_Demo-master/app/src/main/java/com/simple/mvpdemo/user/presenter/LoginPresenterImpl.java,com.simple.mvpdemo.user.presenter.LoginPresenterImpl,LoginPresenterImpl/1[com.simple.mvpdemo.user.view.ILoginView],userModel,1
/home/arch_design_predict/download-github-repos/mvp/repos/MVP_Demo-master/app/src/main/java/com/simple/mvpdemo/user/presenter/LoginPresenterImpl.java,com.simple.mvpdemo.user.presenter.LoginPresenterImpl,LoginPresenterImpl/1[com.simple.mvpdemo.user.view.ILoginView],loginView,3
/home/arch_design_predict/download-github-repos/mvp/repos/MVP_Demo-master/app/src/main/java/com/simple/mvpdemo/user/presenter/LoginPresenterImpl.java,com.simple.mvpdemo.user.presenter.LoginPresenterImpl,login/1[com.simple.mvpdemo.user.presenter.Context],userModel,1
/home/arch_design_predict/download-github-repos/mvp/repos/MVP_Demo-master/app/src/main/java/com/simple/mvpdemo/user/presenter/LoginPresenterImpl.java,com.simple.mvpdemo.user.presenter.LoginPresenterImpl,login/1[com.simple.mvpdemo.user.presenter.Context],loginView,2
/home/arch_design_predict/download-github-repos/mvp/repos/MVP_Demo-master/app/src/main/java/com/simple/mvpdemo/user/model/UserBO.java,com.simple.mvpdemo.user.model.UserBO,getPassword/0,password,1
/home/arch_design_predict/download-github-repos/mvp/repos/MVP_Demo-master/app/src/main/java/com/simple/mvpdemo/user/model/UserBO.java,com.simple.mvpdemo.user.model.UserBO,getLoginName/0,loginName,1
/home/arch_design_predict/download-github-repos/mvp/repos/MVP_Demo-master/app/src/main/java/com/simple/mvpdemo/user/model/UserBO.java,com.simple.mvpdemo.user.model.UserBO,setPassword/1[java.lang.String],password,3
/home/arch_design_predict/download-github-repos/mvp/repos/MVP_Demo-master/app/src/main/java/com/simple/mvpdemo/user/model/UserBO.java,com.simple.mvpdemo.user.model.UserBO,setLoginName/1[java.lang.String],loginName,3
/home/arch_design_predict/download-github-repos/mvp/repos/MVP_Demo-master/app/src/main/java/com/simple/mvpdemo/ui/OneKeyClearEditText.java,com.simple.mvpdemo.ui.OneKeyClearEditText,initClearDrawable/1[com.simple.mvpdemo.ui.Context],clearDrawable,5
/home/arch_design_predict/download-github-repos/mvp/repos/MVP_Demo-master/app/src/main/java/com/simple/mvpdemo/ui/OneKeyClearEditText.java,com.simple.mvpdemo.ui.OneKeyClearEditText,initClearDrawable/1[com.simple.mvpdemo.ui.Context],DrawableColor,1
/home/arch_design_predict/download-github-repos/mvp/repos/MVP_Demo-master/app/src/main/java/com/simple/mvpdemo/ui/OneKeyClearEditText.java,com.simple.mvpdemo.ui.OneKeyClearEditText,setClearIconVisible/1[boolean],clearDrawable,1
/home/arch_design_predict/download-github-repos/mvp/repos/MVP_Demo-master/app/src/main/java/com/simple/mvpdemo/ui/OneKeyClearEditText.java,com.simple.mvpdemo.ui.OneKeyClearEditText,onTouchEvent/1[com.simple.mvpdemo.ui.MotionEvent],clearDrawable,2
/home/arch_design_predict/download-github-repos/mvp/repos/MVP_Demo-master/app/src/main/java/com/simple/mvpdemo/ui/OneKeyClearEditText.java,com.simple.mvpdemo.ui.OneKeyClearEditText,"onTextChanged/4[java.lang.CharSequence,int,int,int]",hasFocus,1
/home/arch_design_predict/download-github-repos/mvp/repos/MVP_Demo-master/app/src/main/java/com/simple/mvpdemo/ui/OneKeyClearEditText.java,com.simple.mvpdemo.ui.OneKeyClearEditText,"OneKeyClearEditText/3[com.simple.mvpdemo.ui.Context,com.simple.mvpdemo.ui.AttributeSet,int]",colorAccent,3
/home/arch_design_predict/download-github-repos/mvp/repos/MVP_Demo-master/app/src/main/java/com/simple/mvpdemo/ui/OneKeyClearEditText.java,com.simple.mvpdemo.ui.OneKeyClearEditText,"OneKeyClearEditText/3[com.simple.mvpdemo.ui.Context,com.simple.mvpdemo.ui.AttributeSet,int]",DrawableColor,1
/home/arch_design_predict/download-github-repos/mvp/repos/MVP_Demo-master/app/src/main/java/com/simple/mvpdemo/ui/OneKeyClearEditText.java,com.simple.mvpdemo.ui.OneKeyClearEditText,"onFocusChange/2[com.simple.mvpdemo.ui.View,boolean]",hasFocus,4
/home/arch_design_predict/download-github-repos/mvp/repos/MVP_Demo-master/app/src/main/java/com/simple/mvpdemo/user/view/LoginActivity.java,com.simple.mvpdemo.user.view.LoginActivity,onCreate/1[com.simple.mvpdemo.user.view.Bundle],loginPasswordEdt,1
/home/arch_design_predict/download-github-repos/mvp/repos/MVP_Demo-master/app/src/main/java/com/simple/mvpdemo/user/view/LoginActivity.java,com.simple.mvpdemo.user.view.LoginActivity,onCreate/1[com.simple.mvpdemo.user.view.Bundle],loginPresenter,1
/home/arch_design_predict/download-github-repos/mvp/repos/MVP_Demo-master/app/src/main/java/com/simple/mvpdemo/user/view/LoginActivity.java,com.simple.mvpdemo.user.view.LoginActivity,onCreate/1[com.simple.mvpdemo.user.view.Bundle],phoneNumberEdt,1
/home/arch_design_predict/download-github-repos/mvp/repos/MVP_Demo-master/app/src/main/java/com/simple/mvpdemo/user/view/LoginActivity.java,com.simple.mvpdemo.user.view.LoginActivity,getLoginName/0,phoneNumberEdt,1
/home/arch_design_predict/download-github-repos/mvp/repos/MVP_Demo-master/app/src/main/java/com/simple/mvpdemo/user/view/LoginActivity.java,com.simple.mvpdemo.user.view.LoginActivity,getPassWord/0,loginPasswordEdt,1
/home/arch_design_predict/download-github-repos/mvp/repos/MVP_Demo-master/app/src/main/java/com/simple/mvpdemo/user/view/LoginActivity.java,com.simple.mvpdemo.user.view.LoginActivity,onClick/0,loginPresenter,1
/home/arch_design_predict/download-github-repos/mvp/repos/MVP_Demo-master/app/src/main/res/layout/ui/OneKeyClearEditText.java,com.lpmas.njb.ui.OneKeyClearEditText,"onFocusChange/2[com.lpmas.njb.ui.View,boolean]",hasFocus,4
/home/arch_design_predict/download-github-repos/mvp/repos/MVP_Demo-master/app/src/main/res/layout/ui/OneKeyClearEditText.java,com.lpmas.njb.ui.OneKeyClearEditText,setClearIconVisible/1[boolean],clearDrawable,1
/home/arch_design_predict/download-github-repos/mvp/repos/MVP_Demo-master/app/src/main/res/layout/ui/OneKeyClearEditText.java,com.lpmas.njb.ui.OneKeyClearEditText,onTouchEvent/1[com.lpmas.njb.ui.MotionEvent],clearDrawable,2
/home/arch_design_predict/download-github-repos/mvp/repos/MVP_Demo-master/app/src/main/res/layout/ui/OneKeyClearEditText.java,com.lpmas.njb.ui.OneKeyClearEditText,initClearDrawable/1[com.lpmas.njb.ui.Context],clearDrawable,5
/home/arch_design_predict/download-github-repos/mvp/repos/MVP_Demo-master/app/src/main/res/layout/ui/OneKeyClearEditText.java,com.lpmas.njb.ui.OneKeyClearEditText,initClearDrawable/1[com.lpmas.njb.ui.Context],DrawableColor,1
/home/arch_design_predict/download-github-repos/mvp/repos/MVP_Demo-master/app/src/main/res/layout/ui/OneKeyClearEditText.java,com.lpmas.njb.ui.OneKeyClearEditText,"onTextChanged/4[java.lang.CharSequence,int,int,int]",hasFocus,1
/home/arch_design_predict/download-github-repos/mvp/repos/MVP_Demo-master/app/src/main/res/layout/ui/OneKeyClearEditText.java,com.lpmas.njb.ui.OneKeyClearEditText,"OneKeyClearEditText/3[com.lpmas.njb.ui.Context,com.lpmas.njb.ui.AttributeSet,int]",colorAccent,3
/home/arch_design_predict/download-github-repos/mvp/repos/MVP_Demo-master/app/src/main/res/layout/ui/OneKeyClearEditText.java,com.lpmas.njb.ui.OneKeyClearEditText,"OneKeyClearEditText/3[com.lpmas.njb.ui.Context,com.lpmas.njb.ui.AttributeSet,int]",DrawableColor,1
