file,class,method,variable,usage
/home/arch_design_predict/download-github-repos/mvvm/repos/Sample-android-architecture-components--master/app/src/main/java/gihansandaru/user/architecturecomponentssample/UserAdapter.java,gihansandaru.user.architecturecomponentssample.UserAdapter,"onCreateViewHolder/2[gihansandaru.user.architecturecomponentssample.ViewGroup,int]",mInflater,1
/home/arch_design_predict/download-github-repos/mvvm/repos/Sample-android-architecture-components--master/app/src/main/java/gihansandaru/user/architecturecomponentssample/UserAdapter.java,gihansandaru.user.architecturecomponentssample.UserAdapter,"onBindViewHolder/2[gihansandaru.user.architecturecomponentssample.UserAdapter.ViewHolder,int]",userList,1
/home/arch_design_predict/download-github-repos/mvvm/repos/Sample-android-architecture-components--master/app/src/main/java/gihansandaru/user/architecturecomponentssample/UserAdapter.java,gihansandaru.user.architecturecomponentssample.UserAdapter,setWords/1[java.util.List<gihansandaru.user.architecturecomponentssample.models.User>],userList,1
/home/arch_design_predict/download-github-repos/mvvm/repos/Sample-android-architecture-components--master/app/src/main/java/gihansandaru/user/architecturecomponentssample/UserAdapter.java,gihansandaru.user.architecturecomponentssample.UserAdapter,getItemCount/0,userList,2
/home/arch_design_predict/download-github-repos/mvvm/repos/Sample-android-architecture-components--master/app/src/main/java/gihansandaru/user/architecturecomponentssample/UserAdapter.java,gihansandaru.user.architecturecomponentssample.UserAdapter,UserAdapter/1[gihansandaru.user.architecturecomponentssample.Context],mInflater,1
/home/arch_design_predict/download-github-repos/mvvm/repos/Sample-android-architecture-components--master/app/src/main/java/gihansandaru/user/architecturecomponentssample/Repos/UserRepository.java,gihansandaru.user.architecturecomponentssample.Repos.UserRepository$insertAsyncTask,insertAsyncTask/1[gihansandaru.user.architecturecomponentssample.Daos.UserDao],mAsyncTaskDao,1
/home/arch_design_predict/download-github-repos/mvvm/repos/Sample-android-architecture-components--master/app/src/main/java/gihansandaru/user/architecturecomponentssample/Repos/UserRepository.java,gihansandaru.user.architecturecomponentssample.Repos.UserRepository$insertAsyncTask,doInBackground/1[gihansandaru.user.architecturecomponentssample.models.User[]],mAsyncTaskDao,1
/home/arch_design_predict/download-github-repos/mvvm/repos/Sample-android-architecture-components--master/app/src/main/java/gihansandaru/user/architecturecomponentssample/database/UserRoomDatabase.java,gihansandaru.user.architecturecomponentssample.database.UserRoomDatabase,getDatabase/1[gihansandaru.user.architecturecomponentssample.database.Context],INSTANCE,4
/home/arch_design_predict/download-github-repos/mvvm/repos/Sample-android-architecture-components--master/app/src/main/java/gihansandaru/user/architecturecomponentssample/Repos/UserRepository.java,gihansandaru.user.architecturecomponentssample.Repos.UserRepository,UserRepository/1[gihansandaru.user.architecturecomponentssample.Repos.Application],listLiveData,1
/home/arch_design_predict/download-github-repos/mvvm/repos/Sample-android-architecture-components--master/app/src/main/java/gihansandaru/user/architecturecomponentssample/Repos/UserRepository.java,gihansandaru.user.architecturecomponentssample.Repos.UserRepository,UserRepository/1[gihansandaru.user.architecturecomponentssample.Repos.Application],userDao,3
/home/arch_design_predict/download-github-repos/mvvm/repos/Sample-android-architecture-components--master/app/src/main/java/gihansandaru/user/architecturecomponentssample/Repos/UserRepository.java,gihansandaru.user.architecturecomponentssample.Repos.UserRepository,getAllUsers/0,listLiveData,1
/home/arch_design_predict/download-github-repos/mvvm/repos/Sample-android-architecture-components--master/app/src/main/java/gihansandaru/user/architecturecomponentssample/Repos/UserRepository.java,gihansandaru.user.architecturecomponentssample.Repos.UserRepository,insert/1[gihansandaru.user.architecturecomponentssample.models.User],userDao,1
/home/arch_design_predict/download-github-repos/mvvm/repos/Sample-android-architecture-components--master/app/src/main/java/gihansandaru/user/architecturecomponentssample/models/User.java,gihansandaru.user.architecturecomponentssample.models.User,"User/3[java.lang.String,java.lang.String,java.lang.String]",name,3
/home/arch_design_predict/download-github-repos/mvvm/repos/Sample-android-architecture-components--master/app/src/main/java/gihansandaru/user/architecturecomponentssample/models/User.java,gihansandaru.user.architecturecomponentssample.models.User,"User/3[java.lang.String,java.lang.String,java.lang.String]",telephone,3
/home/arch_design_predict/download-github-repos/mvvm/repos/Sample-android-architecture-components--master/app/src/main/java/gihansandaru/user/architecturecomponentssample/models/User.java,gihansandaru.user.architecturecomponentssample.models.User,"User/3[java.lang.String,java.lang.String,java.lang.String]",email,3
/home/arch_design_predict/download-github-repos/mvvm/repos/Sample-android-architecture-components--master/app/src/main/java/gihansandaru/user/architecturecomponentssample/models/User.java,gihansandaru.user.architecturecomponentssample.models.User,getTelephone/0,telephone,1
/home/arch_design_predict/download-github-repos/mvvm/repos/Sample-android-architecture-components--master/app/src/main/java/gihansandaru/user/architecturecomponentssample/models/User.java,gihansandaru.user.architecturecomponentssample.models.User,getName/0,name,1
/home/arch_design_predict/download-github-repos/mvvm/repos/Sample-android-architecture-components--master/app/src/main/java/gihansandaru/user/architecturecomponentssample/models/User.java,gihansandaru.user.architecturecomponentssample.models.User,setTelephone/1[java.lang.String],telephone,3
/home/arch_design_predict/download-github-repos/mvvm/repos/Sample-android-architecture-components--master/app/src/main/java/gihansandaru/user/architecturecomponentssample/models/User.java,gihansandaru.user.architecturecomponentssample.models.User,setEmail/1[java.lang.String],email,3
/home/arch_design_predict/download-github-repos/mvvm/repos/Sample-android-architecture-components--master/app/src/main/java/gihansandaru/user/architecturecomponentssample/models/User.java,gihansandaru.user.architecturecomponentssample.models.User,setName/1[java.lang.String],name,3
/home/arch_design_predict/download-github-repos/mvvm/repos/Sample-android-architecture-components--master/app/src/main/java/gihansandaru/user/architecturecomponentssample/models/User.java,gihansandaru.user.architecturecomponentssample.models.User,getId/0,id,1
/home/arch_design_predict/download-github-repos/mvvm/repos/Sample-android-architecture-components--master/app/src/main/java/gihansandaru/user/architecturecomponentssample/models/User.java,gihansandaru.user.architecturecomponentssample.models.User,getEmail/0,email,1
/home/arch_design_predict/download-github-repos/mvvm/repos/Sample-android-architecture-components--master/app/src/main/java/gihansandaru/user/architecturecomponentssample/models/User.java,gihansandaru.user.architecturecomponentssample.models.User,setId/1[int],id,3
/home/arch_design_predict/download-github-repos/mvvm/repos/Sample-android-architecture-components--master/app/src/main/java/gihansandaru/user/architecturecomponentssample/UserAdapter.java,gihansandaru.user.architecturecomponentssample.UserAdapter$ViewHolder,ViewHolder/1[gihansandaru.user.architecturecomponentssample.View],username,1
/home/arch_design_predict/download-github-repos/mvvm/repos/Sample-android-architecture-components--master/app/src/main/java/gihansandaru/user/architecturecomponentssample/database/UserRoomDatabase.java,gihansandaru.user.architecturecomponentssample.database.UserRoomDatabase$PopulateDbAsync,doInBackground/1[java.lang.Void[]],mDao,2
/home/arch_design_predict/download-github-repos/mvvm/repos/Sample-android-architecture-components--master/app/src/main/java/gihansandaru/user/architecturecomponentssample/database/UserRoomDatabase.java,gihansandaru.user.architecturecomponentssample.database.UserRoomDatabase$PopulateDbAsync,PopulateDbAsync/1[gihansandaru.user.architecturecomponentssample.database.UserRoomDatabase],mDao,1
/home/arch_design_predict/download-github-repos/mvvm/repos/Sample-android-architecture-components--master/app/src/main/java/gihansandaru/user/architecturecomponentssample/viewModels/UserViewModel.java,gihansandaru.user.architecturecomponentssample.viewModels.UserViewModel,UserViewModel/1[gihansandaru.user.architecturecomponentssample.viewModels.Application],listLiveData,1
/home/arch_design_predict/download-github-repos/mvvm/repos/Sample-android-architecture-components--master/app/src/main/java/gihansandaru/user/architecturecomponentssample/viewModels/UserViewModel.java,gihansandaru.user.architecturecomponentssample.viewModels.UserViewModel,UserViewModel/1[gihansandaru.user.architecturecomponentssample.viewModels.Application],userRepository,2
/home/arch_design_predict/download-github-repos/mvvm/repos/Sample-android-architecture-components--master/app/src/main/java/gihansandaru/user/architecturecomponentssample/viewModels/UserViewModel.java,gihansandaru.user.architecturecomponentssample.viewModels.UserViewModel,getAllUsers/0,listLiveData,1
/home/arch_design_predict/download-github-repos/mvvm/repos/Sample-android-architecture-components--master/app/src/main/java/gihansandaru/user/architecturecomponentssample/viewModels/UserViewModel.java,gihansandaru.user.architecturecomponentssample.viewModels.UserViewModel,insert/1[gihansandaru.user.architecturecomponentssample.models.User],userRepository,1
/home/arch_design_predict/download-github-repos/mvvm/repos/Sample-android-architecture-components--master/app/src/main/java/gihansandaru/user/architecturecomponentssample/MainActivity.java,gihansandaru.user.architecturecomponentssample.MainActivity,onCreate/1[gihansandaru.user.architecturecomponentssample.Bundle],userViewModel,2
