file,class,method,constructor,line,cbo,cboModified,fanin,fanout,wmc,rfc,loc,returnsQty,variablesQty,parametersQty,methodsInvokedQty,methodsInvokedLocalQty,methodsInvokedIndirectLocalQty,loopQty,comparisonsQty,tryCatchQty,parenthesizedExpsQty,stringLiteralsQty,numbersQty,assignmentsQty,mathOperationsQty,maxNestedBlocksQty,anonymousClassesQty,innerClassesQty,lambdasQty,uniqueWordsQty,modifiers,logStatementsQty,hasJavaDoc
/home/arch_design_predict/download-github-repos/mvp/repos/LoftCoin-master/app/src/main/java/com/annasedykh/loftcoin/screens/currencies/CurrenciesAdapter.java,com.annasedykh.loftcoin.screens.currencies.CurrenciesAdapter,getItemCount/0,false,49,0,0,0,0,1,1,3,1,0,0,1,0,0,0,0,0,0,0,0,0,0,0,0,0,0,3,1,0,false
/home/arch_design_predict/download-github-repos/mvp/repos/LoftCoin-master/app/src/main/java/com/annasedykh/loftcoin/screens/currencies/CurrenciesAdapter.java,com.annasedykh.loftcoin.screens.currencies.CurrenciesAdapter,setCoins/1[java.util.List<com.annasedykh.loftcoin.data.db.model.CoinEntity>],false,27,1,0,0,0,1,1,4,0,0,1,1,0,0,0,0,0,0,0,0,1,0,0,0,0,0,7,1,0,false
/home/arch_design_predict/download-github-repos/mvp/repos/LoftCoin-master/app/src/main/java/com/annasedykh/loftcoin/screens/currencies/CurrenciesAdapter.java,com.annasedykh.loftcoin.screens.currencies.CurrenciesAdapter,setListener/1[com.annasedykh.loftcoin.screens.currencies.CurrenciesAdapterListener],false,32,1,1,1,0,1,0,3,0,0,1,0,0,0,0,0,0,0,0,0,1,0,0,0,0,0,5,1,0,false
/home/arch_design_predict/download-github-repos/mvp/repos/LoftCoin-master/app/src/main/java/com/annasedykh/loftcoin/screens/currencies/CurrenciesAdapter.java,com.annasedykh.loftcoin.screens.currencies.CurrenciesAdapter,"onBindViewHolder/2[com.annasedykh.loftcoin.screens.currencies.CurrenciesAdapter.CurrencyViewHolder,int]",false,44,2,1,0,1,1,2,3,0,0,2,2,0,0,0,0,0,0,0,0,0,0,0,0,0,0,6,1,0,false
/home/arch_design_predict/download-github-repos/mvp/repos/LoftCoin-master/app/src/main/java/com/annasedykh/loftcoin/screens/currencies/CurrenciesAdapter.java,com.annasedykh.loftcoin.screens.currencies.CurrenciesAdapter,"onCreateViewHolder/2[com.annasedykh.loftcoin.screens.currencies.ViewGroup,int]",false,38,4,1,0,1,1,3,4,1,1,2,3,0,0,0,0,0,0,0,0,1,0,0,0,0,0,8,1,0,false
/home/arch_design_predict/download-github-repos/mvp/repos/LoftCoin-master/app/src/main/java/com/annasedykh/loftcoin/screens/start/StartPresenterImpl.java,com.annasedykh.loftcoin.screens.start.StartPresenterImpl,detachView/0,false,47,0,0,0,0,1,1,4,0,0,0,1,0,0,0,0,0,0,0,0,1,0,0,0,0,0,3,1,0,false
/home/arch_design_predict/download-github-repos/mvp/repos/LoftCoin-master/app/src/main/java/com/annasedykh/loftcoin/screens/start/StartPresenterImpl.java,com.annasedykh.loftcoin.screens.start.StartPresenterImpl,loadRate/0,false,53,4,2,0,2,2,16,17,1,6,0,16,0,0,0,1,0,0,2,0,3,0,2,0,0,3,11,1,0,false
/home/arch_design_predict/download-github-repos/mvp/repos/LoftCoin-master/app/src/main/java/com/annasedykh/loftcoin/screens/start/StartPresenterImpl.java,com.annasedykh.loftcoin.screens.start.StartPresenterImpl,"StartPresenterImpl/4[com.annasedykh.loftcoin.data.api.Api,com.annasedykh.loftcoin.data.prefs.Prefs,com.annasedykh.loftcoin.data.db.Database,com.annasedykh.loftcoin.data.db.model.CoinEntityMapper]",true,34,4,1,1,0,1,0,6,0,0,4,0,0,0,0,0,0,0,0,0,4,0,0,0,0,0,9,0,0,false
/home/arch_design_predict/download-github-repos/mvp/repos/LoftCoin-master/app/src/main/java/com/annasedykh/loftcoin/screens/start/StartPresenterImpl.java,com.annasedykh.loftcoin.screens.start.StartPresenterImpl,attachView/1[com.annasedykh.loftcoin.screens.start.StartView],false,42,1,0,0,0,1,0,3,0,0,1,0,0,0,0,0,0,0,0,0,1,0,0,0,0,0,4,1,0,false
/home/arch_design_predict/download-github-repos/mvp/repos/LoftCoin-master/app/src/main/java/com/annasedykh/loftcoin/screens/welcome/WelcomePage.java,com.annasedykh.loftcoin.screens.welcome.WelcomePage,"WelcomePage/3[int,int,int]",true,19,0,1,1,0,1,0,5,0,0,3,0,0,0,0,0,0,0,0,0,3,0,0,0,0,0,5,1,0,false
/home/arch_design_predict/download-github-repos/mvp/repos/LoftCoin-master/app/src/main/java/com/annasedykh/loftcoin/screens/welcome/WelcomePage.java,com.annasedykh.loftcoin.screens.welcome.WelcomePage,WelcomePage/1[com.annasedykh.loftcoin.screens.welcome.Parcel],true,25,1,1,1,0,1,1,5,0,0,1,1,0,0,0,0,0,0,0,0,3,0,0,0,0,0,7,4,0,false
/home/arch_design_predict/download-github-repos/mvp/repos/LoftCoin-master/app/src/main/java/com/annasedykh/loftcoin/screens/welcome/WelcomePage.java,com.annasedykh.loftcoin.screens.welcome.WelcomePage,"writeToParcel/2[com.annasedykh.loftcoin.screens.welcome.Parcel,int]",false,61,1,0,0,0,1,1,5,0,0,2,1,0,0,0,0,0,0,0,0,0,0,0,0,0,0,7,1,0,false
/home/arch_design_predict/download-github-repos/mvp/repos/LoftCoin-master/app/src/main/java/com/annasedykh/loftcoin/screens/welcome/WelcomePage.java,com.annasedykh.loftcoin.screens.welcome.WelcomePage,getIcon/0,false,43,0,1,1,0,1,0,3,1,0,0,0,0,0,0,0,0,0,0,0,0,0,0,0,0,0,3,1,0,false
/home/arch_design_predict/download-github-repos/mvp/repos/LoftCoin-master/app/src/main/java/com/annasedykh/loftcoin/screens/welcome/WelcomePage.java,com.annasedykh.loftcoin.screens.welcome.WelcomePage,describeContents/0,false,56,0,0,0,0,1,0,3,1,0,0,0,0,0,0,0,0,0,0,1,0,0,0,0,0,0,2,1,0,false
/home/arch_design_predict/download-github-repos/mvp/repos/LoftCoin-master/app/src/main/java/com/annasedykh/loftcoin/screens/welcome/WelcomePage.java,com.annasedykh.loftcoin.screens.welcome.WelcomePage,getSubtitle/0,false,51,0,1,1,0,1,0,3,1,0,0,0,0,0,0,0,0,0,0,0,0,0,0,0,0,0,3,1,0,false
/home/arch_design_predict/download-github-repos/mvp/repos/LoftCoin-master/app/src/main/java/com/annasedykh/loftcoin/screens/welcome/WelcomePage.java,com.annasedykh.loftcoin.screens.welcome.WelcomePage,getTitle/0,false,47,0,1,1,0,1,0,3,1,0,0,0,0,0,0,0,0,0,0,0,0,0,0,0,0,0,3,1,0,false
/home/arch_design_predict/download-github-repos/mvp/repos/LoftCoin-master/app/src/main/java/com/annasedykh/loftcoin/job/JobHelperImpl.java,com.annasedykh.loftcoin.job.JobHelperImpl,JobHelperImpl/1[com.annasedykh.loftcoin.job.Context],true,18,1,1,1,0,1,0,3,0,0,1,0,0,0,0,0,0,0,0,0,1,0,0,0,0,0,5,1,0,false
/home/arch_design_predict/download-github-repos/mvp/repos/LoftCoin-master/app/src/main/java/com/annasedykh/loftcoin/job/JobHelperImpl.java,com.annasedykh.loftcoin.job.JobHelperImpl,startSyncRateJob/1[java.lang.String],false,23,5,0,0,0,3,13,14,1,5,1,13,0,0,0,2,0,0,2,1,5,1,1,0,0,0,19,1,0,false
/home/arch_design_predict/download-github-repos/mvp/repos/LoftCoin-master/app/src/main/java/com/annasedykh/loftcoin/data/db/model/WalletEntity.java,com.annasedykh.loftcoin.data.db.model.WalletEntity,WalletEntity/0,true,15,0,0,0,0,1,0,2,0,0,0,0,0,0,0,0,0,0,0,0,0,0,0,0,0,0,2,1,0,false
/home/arch_design_predict/download-github-repos/mvp/repos/LoftCoin-master/app/src/main/java/com/annasedykh/loftcoin/data/db/model/WalletEntity.java,com.annasedykh.loftcoin.data.db.model.WalletEntity,"WalletEntity/3[java.lang.String,double,com.annasedykh.loftcoin.data.db.model.CoinEntity]",true,18,1,1,1,0,1,0,5,0,0,3,0,0,0,0,0,0,0,0,0,3,0,0,0,0,0,6,1,0,false
/home/arch_design_predict/download-github-repos/mvp/repos/LoftCoin-master/app/src/main/java/com/annasedykh/loftcoin/screens/main/rate/CurrencyDialog.java,com.annasedykh.loftcoin.screens.main.rate.CurrencyDialog,setListener/1[com.annasedykh.loftcoin.screens.main.rate.CurrencyDialog.CurrencyDialogListener],false,21,1,2,2,0,1,0,3,0,0,1,0,0,0,0,0,0,0,0,0,1,0,0,0,0,0,5,1,0,false
/home/arch_design_predict/download-github-repos/mvp/repos/LoftCoin-master/app/src/main/java/com/annasedykh/loftcoin/screens/main/rate/CurrencyDialog.java,com.annasedykh.loftcoin.screens.main.rate.CurrencyDialog,onCreateDialog/1[com.annasedykh.loftcoin.screens.main.rate.Bundle],false,27,5,0,0,0,1,9,23,1,8,1,9,0,0,0,0,0,0,0,0,5,0,1,0,0,3,18,1,0,false
/home/arch_design_predict/download-github-repos/mvp/repos/LoftCoin-master/app/src/main/java/com/annasedykh/loftcoin/screens/currencies/CurrenciesAdapter.java,com.annasedykh.loftcoin.screens.currencies.CurrenciesAdapter$CurrencyViewHolder,"bind/2[com.annasedykh.loftcoin.data.db.model.CoinEntity,com.annasedykh.loftcoin.screens.currencies.CurrenciesAdapterListener]",false,69,3,3,1,2,2,4,10,0,1,2,4,2,1,0,1,0,0,0,0,0,0,2,0,0,1,9,1,0,false
/home/arch_design_predict/download-github-repos/mvp/repos/LoftCoin-master/app/src/main/java/com/annasedykh/loftcoin/screens/currencies/CurrenciesAdapter.java,com.annasedykh.loftcoin.screens.currencies.CurrenciesAdapter$CurrencyViewHolder,bindName/1[com.annasedykh.loftcoin.data.db.model.CoinEntity],false,98,1,1,1,0,1,3,3,0,0,1,3,0,0,0,0,0,0,0,0,0,0,0,0,0,0,5,2,0,false
/home/arch_design_predict/download-github-repos/mvp/repos/LoftCoin-master/app/src/main/java/com/annasedykh/loftcoin/screens/currencies/CurrenciesAdapter.java,com.annasedykh.loftcoin.screens.currencies.CurrenciesAdapter$CurrencyViewHolder,bindIcon/1[com.annasedykh.loftcoin.data.db.model.CoinEntity],false,83,2,2,1,1,2,6,13,0,1,1,6,0,0,0,1,0,0,0,1,1,0,1,0,0,0,8,2,0,false
/home/arch_design_predict/download-github-repos/mvp/repos/LoftCoin-master/app/src/main/java/com/annasedykh/loftcoin/screens/currencies/CurrenciesAdapter.java,com.annasedykh.loftcoin.screens.currencies.CurrenciesAdapter$CurrencyViewHolder,CurrencyViewHolder/1[com.annasedykh.loftcoin.screens.currencies.View],true,63,1,1,1,0,1,1,4,0,0,1,1,0,0,0,0,0,0,0,0,0,0,0,0,0,0,4,1,0,false
/home/arch_design_predict/download-github-repos/mvp/repos/LoftCoin-master/app/src/main/java/com/annasedykh/loftcoin/screens/main/MainActivity.java,com.annasedykh.loftcoin.screens.main.MainActivity$Anonymous1,onNavigationItemSelected/1[com.annasedykh.loftcoin.screens.main.MenuItem],false,55,3,1,0,1,1,2,4,1,0,1,2,0,0,0,0,0,0,0,0,0,0,0,0,0,0,7,1,0,false
/home/arch_design_predict/download-github-repos/mvp/repos/LoftCoin-master/app/src/test/java/com/annasedykh/loftcoin/ExampleUnitTest.java,com.annasedykh.loftcoin.ExampleUnitTest,addition_isCorrect/0,false,14,1,0,0,0,1,1,3,0,0,0,1,0,0,0,0,0,0,0,3,0,1,0,0,0,0,5,1,0,false
/home/arch_design_predict/download-github-repos/mvp/repos/LoftCoin-master/app/src/main/java/com/annasedykh/loftcoin/job/JobHelper.java,com.annasedykh.loftcoin.job.JobHelper,startSyncRateJob/1[java.lang.String],false,5,0,1,1,0,1,0,1,0,0,1,0,0,0,0,0,0,0,0,0,0,0,0,0,0,0,5,0,0,false
/home/arch_design_predict/download-github-repos/mvp/repos/LoftCoin-master/app/src/main/java/com/annasedykh/loftcoin/utils/SingleLiveEvent.java,com.annasedykh.loftcoin.utils.SingleLiveEvent,"observe/2[com.annasedykh.loftcoin.utils.LifecycleOwner,com.annasedykh.loftcoin.utils.Observer<T>]",false,21,4,0,0,0,3,5,11,0,1,2,5,0,0,0,0,0,0,1,0,0,0,2,0,0,1,17,1,0,false
/home/arch_design_predict/download-github-repos/mvp/repos/LoftCoin-master/app/src/main/java/com/annasedykh/loftcoin/utils/SingleLiveEvent.java,com.annasedykh.loftcoin.utils.SingleLiveEvent,call/0,false,41,1,1,0,1,1,1,3,0,0,0,1,0,0,0,0,0,0,0,0,0,0,0,0,0,0,4,0,0,false
/home/arch_design_predict/download-github-repos/mvp/repos/LoftCoin-master/app/src/main/java/com/annasedykh/loftcoin/utils/SingleLiveEvent.java,com.annasedykh.loftcoin.utils.SingleLiveEvent,setValue/1[T],false,36,2,0,0,0,1,2,4,0,0,1,2,0,0,0,0,0,0,0,0,0,0,0,0,0,0,5,1,0,false
/home/arch_design_predict/download-github-repos/mvp/repos/LoftCoin-master/app/src/main/java/com/annasedykh/loftcoin/screens/main/MainView.java,com.annasedykh.loftcoin.screens.main.MainView,showRateFragment/0,false,7,0,1,1,0,1,0,1,0,0,0,0,0,0,0,0,0,0,0,0,0,0,0,0,0,0,3,0,0,false
/home/arch_design_predict/download-github-repos/mvp/repos/LoftCoin-master/app/src/main/java/com/annasedykh/loftcoin/screens/main/MainView.java,com.annasedykh.loftcoin.screens.main.MainView,showConverterFragment/0,false,9,0,1,1,0,1,0,1,0,0,0,0,0,0,0,0,0,0,0,0,0,0,0,0,0,0,3,0,0,false
/home/arch_design_predict/download-github-repos/mvp/repos/LoftCoin-master/app/src/main/java/com/annasedykh/loftcoin/screens/main/MainView.java,com.annasedykh.loftcoin.screens.main.MainView,showWalletsFragment/0,false,5,0,1,1,0,1,0,1,0,0,0,0,0,0,0,0,0,0,0,0,0,0,0,0,0,0,3,0,0,false
/home/arch_design_predict/download-github-repos/mvp/repos/LoftCoin-master/app/src/main/java/com/annasedykh/loftcoin/screens/start/StartActivity.java,com.annasedykh.loftcoin.screens.start.StartActivity,navigateToMainScreen/0,false,91,1,1,0,1,1,1,3,0,0,0,1,0,0,0,0,0,0,0,0,0,0,0,0,0,0,4,1,0,false
/home/arch_design_predict/download-github-repos/mvp/repos/LoftCoin-master/app/src/main/java/com/annasedykh/loftcoin/screens/start/StartActivity.java,com.annasedykh.loftcoin.screens.start.StartActivity,onStart/0,false,58,1,1,0,1,1,2,4,0,0,0,2,1,1,0,0,0,0,0,0,0,0,0,0,0,0,4,4,0,false
/home/arch_design_predict/download-github-repos/mvp/repos/LoftCoin-master/app/src/main/java/com/annasedykh/loftcoin/screens/start/StartActivity.java,com.annasedykh.loftcoin.screens.start.StartActivity,startInNewTask/1[com.annasedykh.loftcoin.screens.start.Context],false,26,3,2,2,0,1,2,5,0,1,1,2,0,0,0,0,0,0,0,0,1,0,0,0,0,0,8,9,0,false
/home/arch_design_predict/download-github-repos/mvp/repos/LoftCoin-master/app/src/main/java/com/annasedykh/loftcoin/screens/start/StartActivity.java,com.annasedykh.loftcoin.screens.start.StartActivity,startAnimations/0,false,64,3,1,1,0,1,8,15,0,3,0,8,0,0,0,0,0,0,2,6,3,0,0,0,0,0,10,2,0,false
/home/arch_design_predict/download-github-repos/mvp/repos/LoftCoin-master/app/src/main/java/com/annasedykh/loftcoin/screens/start/StartActivity.java,com.annasedykh.loftcoin.screens.start.StartActivity,onCreate/1[com.annasedykh.loftcoin.screens.start.Bundle],false,42,8,7,0,7,1,9,12,0,4,1,9,0,0,0,0,0,3,0,0,5,0,0,0,0,0,26,4,0,false
/home/arch_design_predict/download-github-repos/mvp/repos/LoftCoin-master/app/src/main/java/com/annasedykh/loftcoin/screens/start/StartActivity.java,com.annasedykh.loftcoin.screens.start.StartActivity,onDestroy/0,false,85,1,1,0,1,1,2,4,0,0,0,2,0,0,0,0,0,0,0,0,0,0,0,0,0,0,2,4,0,false
/home/arch_design_predict/download-github-repos/mvp/repos/LoftCoin-master/app/src/main/java/com/annasedykh/loftcoin/data/db/realm/DatabaseRealmImpl.java,com.annasedykh.loftcoin.data.db.realm.DatabaseRealmImpl,saveWallet/1[com.annasedykh.loftcoin.data.db.model.WalletEntity],false,37,1,0,0,0,1,3,5,0,0,1,3,0,0,0,0,0,0,0,0,0,0,0,0,0,0,4,1,0,false
/home/arch_design_predict/download-github-repos/mvp/repos/LoftCoin-master/app/src/main/java/com/annasedykh/loftcoin/data/db/realm/DatabaseRealmImpl.java,com.annasedykh.loftcoin.data.db.realm.DatabaseRealmImpl,close/0,false,25,0,0,0,0,1,1,3,0,0,0,1,0,0,0,0,0,0,0,0,0,0,0,0,0,0,1,1,0,false
/home/arch_design_predict/download-github-repos/mvp/repos/LoftCoin-master/app/src/main/java/com/annasedykh/loftcoin/data/db/realm/DatabaseRealmImpl.java,com.annasedykh.loftcoin.data.db.realm.DatabaseRealmImpl,getCoins/0,false,51,3,0,0,0,1,4,4,1,1,0,4,0,0,0,0,0,0,0,0,1,0,0,0,0,0,4,1,0,false
/home/arch_design_predict/download-github-repos/mvp/repos/LoftCoin-master/app/src/main/java/com/annasedykh/loftcoin/data/db/realm/DatabaseRealmImpl.java,com.annasedykh.loftcoin.data.db.realm.DatabaseRealmImpl,getTransactions/1[java.lang.String],false,75,3,0,0,0,1,6,4,1,1,1,6,0,0,0,0,0,0,2,0,1,0,0,0,0,0,6,1,0,false
/home/arch_design_predict/download-github-repos/mvp/repos/LoftCoin-master/app/src/main/java/com/annasedykh/loftcoin/data/db/realm/DatabaseRealmImpl.java,com.annasedykh.loftcoin.data.db.realm.DatabaseRealmImpl,getWallets/0,false,63,3,0,0,0,1,4,4,1,1,0,4,0,0,0,0,0,0,0,0,1,0,0,0,0,0,4,1,0,false
/home/arch_design_predict/download-github-repos/mvp/repos/LoftCoin-master/app/src/main/java/com/annasedykh/loftcoin/data/db/realm/DatabaseRealmImpl.java,com.annasedykh.loftcoin.data.db.realm.DatabaseRealmImpl,getCoin/1[java.lang.String],false,89,1,0,0,0,1,3,3,1,0,1,3,0,0,0,0,0,0,1,0,0,0,0,0,0,0,4,1,0,false
/home/arch_design_predict/download-github-repos/mvp/repos/LoftCoin-master/app/src/main/java/com/annasedykh/loftcoin/data/db/realm/DatabaseRealmImpl.java,com.annasedykh.loftcoin.data.db.realm.DatabaseRealmImpl,saveCoins/1[java.util.List<com.annasedykh.loftcoin.data.db.model.CoinEntity>],false,30,1,0,0,0,1,3,5,0,0,1,3,0,0,0,0,0,0,0,0,0,0,0,0,0,0,3,1,0,false
/home/arch_design_predict/download-github-repos/mvp/repos/LoftCoin-master/app/src/main/java/com/annasedykh/loftcoin/data/db/realm/DatabaseRealmImpl.java,com.annasedykh.loftcoin.data.db.realm.DatabaseRealmImpl,saveTransaction/1[java.util.List<com.annasedykh.loftcoin.data.db.model.TransactionEntity>],false,44,1,0,0,0,1,3,5,0,0,1,3,0,0,0,0,0,0,0,0,0,0,0,0,0,0,3,1,0,false
/home/arch_design_predict/download-github-repos/mvp/repos/LoftCoin-master/app/src/main/java/com/annasedykh/loftcoin/data/db/realm/DatabaseRealmImpl.java,com.annasedykh.loftcoin.data.db.realm.DatabaseRealmImpl,open/0,false,20,0,0,0,0,1,1,3,0,0,0,1,0,0,0,0,0,0,0,0,1,0,0,0,0,0,2,1,0,false
/home/arch_design_predict/download-github-repos/mvp/repos/LoftCoin-master/app/src/main/java/com/annasedykh/loftcoin/screens/main/MainActivity.java,com.annasedykh.loftcoin.screens.main.MainActivity,showConverterFragment/0,false,80,3,1,0,1,1,4,7,0,3,0,4,0,0,0,0,0,0,0,0,3,0,0,0,0,0,10,1,0,false
/home/arch_design_predict/download-github-repos/mvp/repos/LoftCoin-master/app/src/main/java/com/annasedykh/loftcoin/screens/main/MainActivity.java,com.annasedykh.loftcoin.screens.main.MainActivity,startInNewTask/1[com.annasedykh.loftcoin.screens.main.Context],false,23,3,1,1,0,1,2,5,0,1,1,2,0,0,0,0,0,0,0,0,1,0,0,0,0,0,8,9,0,false
/home/arch_design_predict/download-github-repos/mvp/repos/LoftCoin-master/app/src/main/java/com/annasedykh/loftcoin/screens/main/MainActivity.java,com.annasedykh.loftcoin.screens.main.MainActivity,showWalletsFragment/0,false,62,3,1,0,1,1,4,7,0,3,0,4,0,0,0,0,0,0,0,0,3,0,0,0,0,0,10,1,0,false
/home/arch_design_predict/download-github-repos/mvp/repos/LoftCoin-master/app/src/main/java/com/annasedykh/loftcoin/screens/main/MainActivity.java,com.annasedykh.loftcoin.screens.main.MainActivity,showRateFragment/0,false,71,3,1,0,1,1,4,7,0,3,0,4,0,0,0,0,0,0,0,0,3,0,0,0,0,0,10,1,0,false
/home/arch_design_predict/download-github-repos/mvp/repos/LoftCoin-master/app/src/main/java/com/annasedykh/loftcoin/screens/main/MainActivity.java,com.annasedykh.loftcoin.screens.main.MainActivity,onCreate/1[com.annasedykh.loftcoin.screens.main.Bundle],false,35,3,2,0,2,2,7,14,0,1,1,7,0,0,0,1,0,0,0,0,1,0,1,0,0,1,17,4,0,false
/home/arch_design_predict/download-github-repos/mvp/repos/LoftCoin-master/app/src/main/java/com/annasedykh/loftcoin/screens/main/MainActivity.java,com.annasedykh.loftcoin.screens.main.MainActivity,onDestroy/0,false,89,1,1,0,1,1,2,4,0,0,0,2,0,0,0,0,0,0,0,0,0,0,0,0,0,0,2,4,0,false
/home/arch_design_predict/download-github-repos/mvp/repos/LoftCoin-master/app/src/main/java/com/annasedykh/loftcoin/screens/main/converter/ConverterFragment.java,com.annasedykh.loftcoin.screens.main.converter.ConverterFragment$Anonymous1,onCurrencySelected/1[com.annasedykh.loftcoin.data.db.model.CoinEntity],false,166,2,2,0,2,1,1,3,0,0,1,1,0,0,0,0,0,0,0,0,0,0,0,0,0,0,6,1,0,false
/home/arch_design_predict/download-github-repos/mvp/repos/LoftCoin-master/app/src/main/java/com/annasedykh/loftcoin/screens/main/wallets/WalletsViewModel.java,com.annasedykh.loftcoin.screens.main.wallets.WalletsViewModel,walletsVisible/0,false,34,1,1,1,0,1,0,1,0,0,0,0,0,0,0,0,0,0,0,0,0,0,0,0,0,0,2,1025,0,false
/home/arch_design_predict/download-github-repos/mvp/repos/LoftCoin-master/app/src/main/java/com/annasedykh/loftcoin/screens/main/wallets/WalletsViewModel.java,com.annasedykh.loftcoin.screens.main.wallets.WalletsViewModel,getWallets/0,false,20,0,1,1,0,1,0,1,0,0,0,0,0,0,0,0,0,0,0,0,0,0,0,0,0,0,2,1025,0,false
/home/arch_design_predict/download-github-repos/mvp/repos/LoftCoin-master/app/src/main/java/com/annasedykh/loftcoin/screens/main/wallets/WalletsViewModel.java,com.annasedykh.loftcoin.screens.main.wallets.WalletsViewModel,onNewWalletClick/0,false,22,0,0,0,0,1,0,1,0,0,0,0,0,0,0,0,0,0,0,0,0,0,0,0,0,0,4,1025,0,false
/home/arch_design_predict/download-github-repos/mvp/repos/LoftCoin-master/app/src/main/java/com/annasedykh/loftcoin/screens/main/wallets/WalletsViewModel.java,com.annasedykh.loftcoin.screens.main.wallets.WalletsViewModel,WalletsViewModel/1[com.annasedykh.loftcoin.screens.main.wallets.Application],true,16,2,0,0,0,1,0,3,0,0,1,0,0,0,0,0,0,0,0,0,0,0,0,0,0,0,5,1,0,false
/home/arch_design_predict/download-github-repos/mvp/repos/LoftCoin-master/app/src/main/java/com/annasedykh/loftcoin/screens/main/wallets/WalletsViewModel.java,com.annasedykh.loftcoin.screens.main.wallets.WalletsViewModel,onWalletChanged/1[int],false,26,0,1,1,0,1,0,1,0,0,1,0,0,0,0,0,0,0,0,0,0,0,0,0,0,0,4,1025,0,false
/home/arch_design_predict/download-github-repos/mvp/repos/LoftCoin-master/app/src/main/java/com/annasedykh/loftcoin/screens/main/wallets/WalletsViewModel.java,com.annasedykh.loftcoin.screens.main.wallets.WalletsViewModel,wallets/0,false,30,2,1,1,0,1,0,1,0,0,0,0,0,0,0,0,0,0,0,0,0,0,0,0,0,0,1,1025,0,false
/home/arch_design_predict/download-github-repos/mvp/repos/LoftCoin-master/app/src/main/java/com/annasedykh/loftcoin/screens/main/wallets/WalletsViewModel.java,com.annasedykh.loftcoin.screens.main.wallets.WalletsViewModel,newWalletVisible/0,false,36,1,1,1,0,1,0,1,0,0,0,0,0,0,0,0,0,0,0,0,0,0,0,0,0,0,3,1025,0,false
/home/arch_design_predict/download-github-repos/mvp/repos/LoftCoin-master/app/src/main/java/com/annasedykh/loftcoin/screens/main/wallets/WalletsViewModel.java,com.annasedykh.loftcoin.screens.main.wallets.WalletsViewModel,selectCurrency/0,false,28,1,1,1,0,1,0,1,0,0,0,0,0,0,0,0,0,0,0,0,0,0,0,0,0,0,2,1025,0,false
/home/arch_design_predict/download-github-repos/mvp/repos/LoftCoin-master/app/src/main/java/com/annasedykh/loftcoin/screens/main/wallets/WalletsViewModel.java,com.annasedykh.loftcoin.screens.main.wallets.WalletsViewModel,onCurrencySelected/1[com.annasedykh.loftcoin.data.db.model.CoinEntity],false,24,1,1,1,0,1,0,1,0,0,1,0,0,0,0,0,0,0,0,0,0,0,0,0,0,0,6,1025,0,false
/home/arch_design_predict/download-github-repos/mvp/repos/LoftCoin-master/app/src/main/java/com/annasedykh/loftcoin/screens/main/wallets/WalletsViewModel.java,com.annasedykh.loftcoin.screens.main.wallets.WalletsViewModel,transactions/0,false,32,2,1,1,0,1,0,1,0,0,0,0,0,0,0,0,0,0,0,0,0,0,0,0,0,0,1,1025,0,false
/home/arch_design_predict/download-github-repos/mvp/repos/LoftCoin-master/app/src/main/java/com/annasedykh/loftcoin/screens/main/converter/ConverterFragment.java,com.annasedykh.loftcoin.screens.main.converter.ConverterFragment$Anonymous2,onCurrencySelected/1[com.annasedykh.loftcoin.data.db.model.CoinEntity],false,173,2,2,0,2,1,1,3,0,0,1,1,0,0,0,0,0,0,0,0,0,0,0,0,0,0,6,1,0,false
/home/arch_design_predict/download-github-repos/mvp/repos/LoftCoin-master/app/src/main/java/com/annasedykh/loftcoin/screens/main/MainPresenter.java,com.annasedykh.loftcoin.screens.main.MainPresenter,attachView/1[com.annasedykh.loftcoin.screens.main.MainView],false,5,1,1,1,0,1,0,1,0,0,1,0,0,0,0,0,0,0,0,0,0,0,0,0,0,0,4,0,0,false
/home/arch_design_predict/download-github-repos/mvp/repos/LoftCoin-master/app/src/main/java/com/annasedykh/loftcoin/screens/main/MainPresenter.java,com.annasedykh.loftcoin.screens.main.MainPresenter,onNavigationItemSelected/1[int],false,9,0,1,1,0,1,0,1,0,0,1,0,0,0,0,0,0,0,0,0,0,0,0,0,0,0,6,0,0,false
/home/arch_design_predict/download-github-repos/mvp/repos/LoftCoin-master/app/src/main/java/com/annasedykh/loftcoin/screens/main/MainPresenter.java,com.annasedykh.loftcoin.screens.main.MainPresenter,detachView/0,false,7,0,1,1,0,1,0,1,0,0,0,0,0,0,0,0,0,0,0,0,0,0,0,0,0,0,2,0,0,false
/home/arch_design_predict/download-github-repos/mvp/repos/LoftCoin-master/app/src/main/java/com/annasedykh/loftcoin/data/db/Database.java,com.annasedykh.loftcoin.data.db.Database,getWallets/0,false,21,2,1,1,0,1,0,1,0,0,0,0,0,0,0,0,0,0,0,0,0,0,0,0,0,0,2,0,0,false
/home/arch_design_predict/download-github-repos/mvp/repos/LoftCoin-master/app/src/main/java/com/annasedykh/loftcoin/data/db/Database.java,com.annasedykh.loftcoin.data.db.Database,getCoins/0,false,19,2,2,2,0,1,0,1,0,0,0,0,0,0,0,0,0,0,0,0,0,0,0,0,0,0,2,0,0,false
/home/arch_design_predict/download-github-repos/mvp/repos/LoftCoin-master/app/src/main/java/com/annasedykh/loftcoin/data/db/Database.java,com.annasedykh.loftcoin.data.db.Database,open/0,false,27,0,5,5,0,1,0,1,0,0,0,0,0,0,0,0,0,0,0,0,0,0,0,0,0,0,1,0,0,false
/home/arch_design_predict/download-github-repos/mvp/repos/LoftCoin-master/app/src/main/java/com/annasedykh/loftcoin/data/db/Database.java,com.annasedykh.loftcoin.data.db.Database,saveTransaction/1[java.util.List<com.annasedykh.loftcoin.data.db.model.TransactionEntity>],false,17,1,0,0,0,1,0,1,0,0,1,0,0,0,0,0,0,0,0,0,0,0,0,0,0,0,3,0,0,false
/home/arch_design_predict/download-github-repos/mvp/repos/LoftCoin-master/app/src/main/java/com/annasedykh/loftcoin/data/db/Database.java,com.annasedykh.loftcoin.data.db.Database,close/0,false,29,0,5,5,0,1,0,1,0,0,0,0,0,0,0,0,0,0,0,0,0,0,0,0,0,0,1,0,0,false
/home/arch_design_predict/download-github-repos/mvp/repos/LoftCoin-master/app/src/main/java/com/annasedykh/loftcoin/data/db/Database.java,com.annasedykh.loftcoin.data.db.Database,getTransactions/1[java.lang.String],false,23,2,1,1,0,1,0,1,0,0,1,0,0,0,0,0,0,0,0,0,0,0,0,0,0,0,4,0,0,false
/home/arch_design_predict/download-github-repos/mvp/repos/LoftCoin-master/app/src/main/java/com/annasedykh/loftcoin/data/db/Database.java,com.annasedykh.loftcoin.data.db.Database,saveWallet/1[com.annasedykh.loftcoin.data.db.model.WalletEntity],false,15,1,0,0,0,1,0,1,0,0,1,0,0,0,0,0,0,0,0,0,0,0,0,0,0,0,4,0,0,false
/home/arch_design_predict/download-github-repos/mvp/repos/LoftCoin-master/app/src/main/java/com/annasedykh/loftcoin/data/db/Database.java,com.annasedykh.loftcoin.data.db.Database,getCoin/1[java.lang.String],false,25,1,1,1,0,1,0,1,0,0,1,0,0,0,0,0,0,0,0,0,0,0,0,0,0,0,4,0,0,false
/home/arch_design_predict/download-github-repos/mvp/repos/LoftCoin-master/app/src/main/java/com/annasedykh/loftcoin/data/db/Database.java,com.annasedykh.loftcoin.data.db.Database,saveCoins/1[java.util.List<com.annasedykh.loftcoin.data.db.model.CoinEntity>],false,13,1,1,1,0,1,0,1,0,0,1,0,0,0,0,0,0,0,0,0,0,0,0,0,0,0,3,0,0,false
/home/arch_design_predict/download-github-repos/mvp/repos/LoftCoin-master/app/src/main/java/com/annasedykh/loftcoin/screens/main/wallets/WalletsFragment.java,com.annasedykh.loftcoin.screens.main.wallets.WalletsFragment,"onCreateView/3[com.annasedykh.loftcoin.screens.main.wallets.LayoutInflater,com.annasedykh.loftcoin.screens.main.wallets.ViewGroup,com.annasedykh.loftcoin.screens.main.wallets.Bundle]",false,74,4,0,0,0,1,1,3,1,0,3,1,0,0,0,0,0,0,0,0,0,0,0,0,0,0,8,1,0,false
/home/arch_design_predict/download-github-repos/mvp/repos/LoftCoin-master/app/src/main/java/com/annasedykh/loftcoin/screens/main/wallets/WalletsFragment.java,com.annasedykh.loftcoin.screens.main.wallets.WalletsFragment,countWalletsPagerMargin/0,false,110,1,2,1,1,1,3,7,1,4,0,3,1,1,0,0,0,1,0,0,4,2,0,0,0,0,12,2,0,false
/home/arch_design_predict/download-github-repos/mvp/repos/LoftCoin-master/app/src/main/java/com/annasedykh/loftcoin/screens/main/wallets/WalletsFragment.java,com.annasedykh.loftcoin.screens.main.wallets.WalletsFragment,showCurrencyBottomSheet/0,false,161,1,2,0,2,1,3,5,0,1,0,3,0,0,0,0,0,0,0,0,1,0,0,0,0,0,9,2,0,false
/home/arch_design_predict/download-github-repos/mvp/repos/LoftCoin-master/app/src/main/java/com/annasedykh/loftcoin/screens/main/wallets/WalletsFragment.java,com.annasedykh.loftcoin.screens.main.wallets.WalletsFragment,onCurrencySelected/1[com.annasedykh.loftcoin.data.db.model.CoinEntity],false,175,2,1,0,1,1,1,3,0,0,1,1,0,0,0,0,0,0,0,0,0,0,0,0,0,0,6,1,0,false
/home/arch_design_predict/download-github-repos/mvp/repos/LoftCoin-master/app/src/main/java/com/annasedykh/loftcoin/screens/main/wallets/WalletsFragment.java,com.annasedykh.loftcoin.screens.main.wallets.WalletsFragment,initOutputs/0,false,118,1,1,1,0,1,6,14,1,2,0,6,0,0,0,0,0,0,0,0,0,0,1,1,0,2,9,2,0,false
/home/arch_design_predict/download-github-repos/mvp/repos/LoftCoin-master/app/src/main/java/com/annasedykh/loftcoin/screens/main/wallets/WalletsFragment.java,com.annasedykh.loftcoin.screens.main.wallets.WalletsFragment,onSaveInstanceState/1[com.annasedykh.loftcoin.screens.main.wallets.Bundle],false,169,2,0,0,0,1,3,4,0,0,1,3,0,0,0,0,0,0,0,0,0,0,0,0,0,0,6,1,0,false
/home/arch_design_predict/download-github-repos/mvp/repos/LoftCoin-master/app/src/main/java/com/annasedykh/loftcoin/screens/main/wallets/WalletsFragment.java,com.annasedykh.loftcoin.screens.main.wallets.WalletsFragment,"onViewCreated/2[com.annasedykh.loftcoin.screens.main.wallets.View,com.annasedykh.loftcoin.screens.main.wallets.Bundle]",false,79,10,6,0,6,3,19,23,0,1,2,19,3,2,0,2,0,1,0,2,3,0,1,0,0,0,37,1,0,false
/home/arch_design_predict/download-github-repos/mvp/repos/LoftCoin-master/app/src/main/java/com/annasedykh/loftcoin/screens/main/wallets/WalletsFragment.java,com.annasedykh.loftcoin.screens.main.wallets.WalletsFragment,initInputs/0,false,135,1,6,1,5,4,11,14,0,5,0,11,0,0,0,1,0,0,0,0,1,0,2,0,0,5,16,2,0,false
/home/arch_design_predict/download-github-repos/mvp/repos/LoftCoin-master/app/src/main/java/com/annasedykh/loftcoin/screens/main/wallets/WalletsFragment.java,com.annasedykh.loftcoin.screens.main.wallets.WalletsFragment,onDestroy/0,false,180,0,0,0,0,1,2,4,0,0,0,2,0,0,0,0,0,0,0,0,0,0,0,0,0,0,2,1,0,false
/home/arch_design_predict/download-github-repos/mvp/repos/LoftCoin-master/app/src/main/java/com/annasedykh/loftcoin/screens/main/wallets/WalletsFragment.java,com.annasedykh.loftcoin.screens.main.wallets.WalletsFragment,onCreate/1[com.annasedykh.loftcoin.screens.main.wallets.Bundle],false,60,7,3,0,3,1,6,7,0,1,1,6,0,0,0,0,0,1,0,0,4,0,0,0,0,0,19,1,0,false
/home/arch_design_predict/download-github-repos/mvp/repos/LoftCoin-master/app/src/main/java/com/annasedykh/loftcoin/screens/main/wallets/WalletsFragment.java,com.annasedykh.loftcoin.screens.main.wallets.WalletsFragment,getScreenWidth/0,false,185,3,1,1,0,1,4,9,1,5,0,4,0,0,0,0,0,0,0,0,5,0,0,0,0,0,13,2,0,false
/home/arch_design_predict/download-github-repos/mvp/repos/LoftCoin-master/app/src/androidTest/java/com/annasedykh/loftcoin/ExampleInstrumentedTest.java,com.annasedykh.loftcoin.ExampleInstrumentedTest,useAppContext/0,false,20,2,0,0,0,1,3,4,0,1,0,3,0,0,0,0,0,0,1,0,1,0,0,0,0,0,6,1,0,false
/home/arch_design_predict/download-github-repos/mvp/repos/LoftCoin-master/app/src/main/java/com/annasedykh/loftcoin/screens/currencies/CurrenciesBottomSheetListener.java,com.annasedykh.loftcoin.screens.currencies.CurrenciesBottomSheetListener,onCurrencySelected/1[com.annasedykh.loftcoin.data.db.model.CoinEntity],false,7,1,1,1,0,1,0,1,0,0,1,0,0,0,0,0,0,0,0,0,0,0,0,0,0,0,6,0,0,false
/home/arch_design_predict/download-github-repos/mvp/repos/LoftCoin-master/app/src/main/java/com/annasedykh/loftcoin/utils/CurrencyFormatter.java,com.annasedykh.loftcoin.utils.CurrencyFormatter,formatForConverter/1[double],false,32,0,1,1,0,1,2,4,1,0,1,2,0,0,0,0,0,0,0,0,0,0,0,0,0,0,14,1,0,false
/home/arch_design_predict/download-github-repos/mvp/repos/LoftCoin-master/app/src/main/java/com/annasedykh/loftcoin/utils/CurrencyFormatter.java,com.annasedykh.loftcoin.utils.CurrencyFormatter,"format/2[double,boolean]",false,23,0,6,6,0,2,2,9,1,0,2,2,0,0,0,0,0,0,0,0,0,0,1,0,0,0,15,1,0,false
/home/arch_design_predict/download-github-repos/mvp/repos/LoftCoin-master/app/src/main/java/com/annasedykh/loftcoin/utils/CurrencyFormatter.java,com.annasedykh.loftcoin.utils.CurrencyFormatter,CurrencyFormatter/0,true,13,0,1,1,0,1,3,7,0,1,0,3,0,0,0,0,0,0,0,0,2,0,0,0,0,0,7,1,0,false
/home/arch_design_predict/download-github-repos/mvp/repos/LoftCoin-master/app/src/main/java/com/annasedykh/loftcoin/screens/main/rate/RateAdapter.java,com.annasedykh.loftcoin.screens.main.rate.RateAdapter,getItemCount/0,false,64,0,0,0,0,1,1,3,1,0,0,1,0,0,0,0,0,0,0,0,0,0,0,0,0,0,3,1,0,false
/home/arch_design_predict/download-github-repos/mvp/repos/LoftCoin-master/app/src/main/java/com/annasedykh/loftcoin/screens/main/rate/RateAdapter.java,com.annasedykh.loftcoin.screens.main.rate.RateAdapter,RateAdapter/1[com.annasedykh.loftcoin.data.prefs.Prefs],true,38,1,1,1,0,1,0,3,0,0,1,0,0,0,0,0,0,0,0,0,1,0,0,0,0,0,4,0,0,false
/home/arch_design_predict/download-github-repos/mvp/repos/LoftCoin-master/app/src/main/java/com/annasedykh/loftcoin/screens/main/rate/RateAdapter.java,com.annasedykh.loftcoin.screens.main.rate.RateAdapter,setCoins/1[java.util.List<com.annasedykh.loftcoin.data.db.model.CoinEntity>],false,42,1,1,1,0,1,1,4,0,0,1,1,0,0,0,0,0,0,0,0,1,0,0,0,0,0,7,1,0,false
/home/arch_design_predict/download-github-repos/mvp/repos/LoftCoin-master/app/src/main/java/com/annasedykh/loftcoin/screens/main/rate/RateAdapter.java,com.annasedykh.loftcoin.screens.main.rate.RateAdapter,"onBindViewHolder/2[com.annasedykh.loftcoin.screens.main.rate.RateAdapter.RateViewHolder,int]",false,59,2,1,0,1,1,2,3,0,0,2,2,0,0,0,0,0,0,0,0,0,0,0,0,0,0,6,1,0,false
/home/arch_design_predict/download-github-repos/mvp/repos/LoftCoin-master/app/src/main/java/com/annasedykh/loftcoin/screens/main/rate/RateAdapter.java,com.annasedykh.loftcoin.screens.main.rate.RateAdapter,getItemId/1[int],false,69,0,0,0,0,1,1,3,1,0,1,1,0,0,0,0,0,0,0,0,0,0,0,0,0,0,4,1,0,false
/home/arch_design_predict/download-github-repos/mvp/repos/LoftCoin-master/app/src/main/java/com/annasedykh/loftcoin/screens/main/rate/RateAdapter.java,com.annasedykh.loftcoin.screens.main.rate.RateAdapter,"onCreateViewHolder/2[com.annasedykh.loftcoin.screens.main.rate.ViewGroup,int]",false,53,4,1,0,1,1,3,4,1,1,2,3,0,0,0,0,0,0,0,0,1,0,0,0,0,0,8,1,0,false
/home/arch_design_predict/download-github-repos/mvp/repos/LoftCoin-master/app/src/main/java/com/annasedykh/loftcoin/screens/main/rate/RateAdapter.java,com.annasedykh.loftcoin.screens.main.rate.RateAdapter,setListener/1[com.annasedykh.loftcoin.screens.main.rate.RateAdapter.Listener],false,47,1,1,1,0,1,0,3,0,0,1,0,0,0,0,0,0,0,0,0,1,0,0,0,0,0,3,0,0,false
/home/arch_design_predict/download-github-repos/mvp/repos/LoftCoin-master/app/src/main/java/com/annasedykh/loftcoin/data/prefs/Prefs.java,com.annasedykh.loftcoin.data.prefs.Prefs,setFirstLaunch/1[boolean],false,9,0,1,1,0,1,0,1,0,0,1,0,0,0,0,0,0,0,0,0,0,0,0,0,0,0,4,0,0,false
/home/arch_design_predict/download-github-repos/mvp/repos/LoftCoin-master/app/src/main/java/com/annasedykh/loftcoin/data/prefs/Prefs.java,com.annasedykh.loftcoin.data.prefs.Prefs,isFirstLaunch/0,false,7,0,1,1,0,1,0,1,0,0,0,0,0,0,0,0,0,0,0,0,0,0,0,0,0,0,3,0,0,false
/home/arch_design_predict/download-github-repos/mvp/repos/LoftCoin-master/app/src/main/java/com/annasedykh/loftcoin/data/prefs/Prefs.java,com.annasedykh.loftcoin.data.prefs.Prefs,getFiatCurrency/0,false,11,1,8,8,0,1,0,1,0,0,0,0,0,0,0,0,0,0,0,0,0,0,0,0,0,0,3,0,0,false
/home/arch_design_predict/download-github-repos/mvp/repos/LoftCoin-master/app/src/main/java/com/annasedykh/loftcoin/data/prefs/Prefs.java,com.annasedykh.loftcoin.data.prefs.Prefs,setFiatCurrency/1[com.annasedykh.loftcoin.data.model.Fiat],false,13,1,1,1,0,1,0,1,0,0,1,0,0,0,0,0,0,0,0,0,0,0,0,0,0,0,4,0,0,false
/home/arch_design_predict/download-github-repos/mvp/repos/LoftCoin-master/app/src/main/java/com/annasedykh/loftcoin/screens/main/rate/RateFragment.java,com.annasedykh.loftcoin.screens.main.rate.RateFragment,onDestroy/0,false,125,1,1,0,1,1,3,5,0,0,0,3,0,0,0,0,0,0,0,0,0,0,0,0,0,0,2,1,0,false
/home/arch_design_predict/download-github-repos/mvp/repos/LoftCoin-master/app/src/main/java/com/annasedykh/loftcoin/screens/main/rate/RateFragment.java,com.annasedykh.loftcoin.screens.main.rate.RateFragment,onSaveInstanceState/1[com.annasedykh.loftcoin.screens.main.rate.Bundle],false,132,2,0,0,0,1,3,4,0,0,1,3,0,0,0,0,0,0,0,0,0,0,0,0,0,0,6,1,0,false
/home/arch_design_predict/download-github-repos/mvp/repos/LoftCoin-master/app/src/main/java/com/annasedykh/loftcoin/screens/main/rate/RateFragment.java,com.annasedykh.loftcoin.screens.main.rate.RateFragment,onCurrencySelected/1[com.annasedykh.loftcoin.data.model.Fiat],false,171,2,1,0,1,1,1,3,0,0,1,1,0,0,0,0,0,0,0,0,0,0,0,0,0,0,5,1,0,false
/home/arch_design_predict/download-github-repos/mvp/repos/LoftCoin-master/app/src/main/java/com/annasedykh/loftcoin/screens/main/rate/RateFragment.java,com.annasedykh.loftcoin.screens.main.rate.RateFragment,showCurrencyDialog/0,false,164,1,2,0,2,1,3,5,0,1,0,3,0,0,0,0,0,0,0,0,1,0,0,0,0,0,7,1,0,false
/home/arch_design_predict/download-github-repos/mvp/repos/LoftCoin-master/app/src/main/java/com/annasedykh/loftcoin/screens/main/rate/RateFragment.java,com.annasedykh.loftcoin.screens.main.rate.RateFragment,showProgress/0,false,176,0,0,0,0,1,1,3,0,0,0,1,0,0,0,0,0,0,0,0,0,0,0,0,0,0,2,1,0,false
/home/arch_design_predict/download-github-repos/mvp/repos/LoftCoin-master/app/src/main/java/com/annasedykh/loftcoin/screens/main/rate/RateFragment.java,com.annasedykh.loftcoin.screens.main.rate.RateFragment,"onViewCreated/2[com.annasedykh.loftcoin.screens.main.rate.View,com.annasedykh.loftcoin.screens.main.rate.Bundle]",false,95,8,3,0,3,3,17,20,0,1,2,17,0,0,0,2,0,1,0,0,3,0,1,0,0,1,35,1,0,false
/home/arch_design_predict/download-github-repos/mvp/repos/LoftCoin-master/app/src/main/java/com/annasedykh/loftcoin/screens/main/rate/RateFragment.java,com.annasedykh.loftcoin.screens.main.rate.RateFragment,onCreate/1[com.annasedykh.loftcoin.screens.main.rate.Bundle],false,66,12,8,0,8,2,9,17,1,7,1,9,0,0,0,1,0,4,0,0,9,0,1,0,0,0,33,1,0,false
/home/arch_design_predict/download-github-repos/mvp/repos/LoftCoin-master/app/src/main/java/com/annasedykh/loftcoin/screens/main/rate/RateFragment.java,com.annasedykh.loftcoin.screens.main.rate.RateFragment,onRateLongClick/1[java.lang.String],false,187,1,1,0,1,1,1,3,0,0,1,1,0,0,0,0,0,0,0,0,0,0,0,0,0,0,5,1,0,false
/home/arch_design_predict/download-github-repos/mvp/repos/LoftCoin-master/app/src/main/java/com/annasedykh/loftcoin/screens/main/rate/RateFragment.java,com.annasedykh.loftcoin.screens.main.rate.RateFragment,setCoins/1[java.util.List<com.annasedykh.loftcoin.data.db.model.CoinEntity>],false,139,2,1,0,1,2,3,7,0,0,1,3,0,0,0,1,0,0,0,0,1,0,1,0,0,0,7,1,0,false
/home/arch_design_predict/download-github-repos/mvp/repos/LoftCoin-master/app/src/main/java/com/annasedykh/loftcoin/screens/main/rate/RateFragment.java,com.annasedykh.loftcoin.screens.main.rate.RateFragment,setRefreshing/1[boolean],false,149,0,0,0,0,1,1,3,0,0,1,1,0,0,0,0,0,0,0,0,0,0,0,0,0,0,3,1,0,false
/home/arch_design_predict/download-github-repos/mvp/repos/LoftCoin-master/app/src/main/java/com/annasedykh/loftcoin/screens/main/rate/RateFragment.java,com.annasedykh.loftcoin.screens.main.rate.RateFragment,"onCreateView/3[com.annasedykh.loftcoin.screens.main.rate.LayoutInflater,com.annasedykh.loftcoin.screens.main.rate.ViewGroup,com.annasedykh.loftcoin.screens.main.rate.Bundle]",false,90,5,0,0,0,1,1,3,1,0,3,1,0,0,0,0,0,0,0,0,0,0,0,0,0,0,8,1,0,false
/home/arch_design_predict/download-github-repos/mvp/repos/LoftCoin-master/app/src/main/java/com/annasedykh/loftcoin/screens/main/rate/RateFragment.java,com.annasedykh.loftcoin.screens.main.rate.RateFragment,onMenuItemClick/1[com.annasedykh.loftcoin.screens.main.rate.MenuItem],false,154,2,1,0,1,2,2,8,2,0,1,2,0,0,0,0,0,0,0,0,0,0,1,0,0,0,7,1,0,false
/home/arch_design_predict/download-github-repos/mvp/repos/LoftCoin-master/app/src/main/java/com/annasedykh/loftcoin/screens/main/rate/RateFragment.java,com.annasedykh.loftcoin.screens.main.rate.RateFragment,hideProgress/0,false,181,0,0,0,0,1,1,3,0,0,0,1,0,0,0,0,0,0,0,0,0,0,0,0,0,0,2,1,0,false
/home/arch_design_predict/download-github-repos/mvp/repos/LoftCoin-master/app/src/main/java/com/annasedykh/loftcoin/data/model/Currency.java,com.annasedykh.loftcoin.data.model.Currency,Currency/1[int],true,17,1,0,0,0,1,0,3,0,0,1,0,0,0,0,0,0,0,0,0,1,0,0,0,0,0,3,0,0,false
/home/arch_design_predict/download-github-repos/mvp/repos/LoftCoin-master/app/src/main/java/com/annasedykh/loftcoin/data/model/Currency.java,com.annasedykh.loftcoin.data.model.Currency,getCurrency/1[java.lang.String],false,21,1,5,4,1,2,1,8,2,0,1,1,0,0,0,0,1,0,0,0,0,0,1,0,0,0,8,9,0,false
/home/arch_design_predict/download-github-repos/mvp/repos/LoftCoin-master/app/src/main/java/com/annasedykh/loftcoin/screens/main/rate/RatePresenterImpl.java,com.annasedykh.loftcoin.screens.main.rate.RatePresenterImpl,detachView/0,false,61,1,1,0,1,1,2,5,0,0,0,2,0,0,0,0,0,0,0,0,1,0,0,0,0,0,3,1,0,false
/home/arch_design_predict/download-github-repos/mvp/repos/LoftCoin-master/app/src/main/java/com/annasedykh/loftcoin/screens/main/rate/RatePresenterImpl.java,com.annasedykh.loftcoin.screens.main.rate.RatePresenterImpl,"RatePresenterImpl/6[com.annasedykh.loftcoin.data.api.Api,com.annasedykh.loftcoin.data.prefs.Prefs,com.annasedykh.loftcoin.data.db.Database,com.annasedykh.loftcoin.data.db.Database,com.annasedykh.loftcoin.data.db.model.CoinEntityMapper,com.annasedykh.loftcoin.job.JobHelper]",true,44,5,1,1,0,1,0,8,0,0,6,0,0,0,0,0,0,0,0,0,6,0,0,0,0,0,12,0,0,false
/home/arch_design_predict/download-github-repos/mvp/repos/LoftCoin-master/app/src/main/java/com/annasedykh/loftcoin/screens/main/rate/RatePresenterImpl.java,com.annasedykh.loftcoin.screens.main.rate.RatePresenterImpl,getRate/0,false,69,2,1,0,1,2,5,9,0,3,0,5,0,0,0,1,0,0,1,0,1,0,2,0,0,2,8,1,0,false
/home/arch_design_predict/download-github-repos/mvp/repos/LoftCoin-master/app/src/main/java/com/annasedykh/loftcoin/screens/main/rate/RatePresenterImpl.java,com.annasedykh.loftcoin.screens.main.rate.RatePresenterImpl,attachView/1[com.annasedykh.loftcoin.screens.main.rate.RateView],false,55,2,1,0,1,1,1,4,0,0,1,1,0,0,0,0,0,0,0,0,1,0,0,0,0,0,4,1,0,false
/home/arch_design_predict/download-github-repos/mvp/repos/LoftCoin-master/app/src/main/java/com/annasedykh/loftcoin/screens/main/rate/RatePresenterImpl.java,com.annasedykh.loftcoin.screens.main.rate.RatePresenterImpl,onRefresh/0,false,83,1,1,0,1,1,1,3,0,0,0,1,1,1,0,0,0,0,0,0,0,0,0,0,0,0,5,1,0,false
/home/arch_design_predict/download-github-repos/mvp/repos/LoftCoin-master/app/src/main/java/com/annasedykh/loftcoin/screens/main/rate/RatePresenterImpl.java,com.annasedykh.loftcoin.screens.main.rate.RatePresenterImpl,onRateLongClick/1[java.lang.String],false,147,1,1,0,1,1,1,3,0,0,1,1,0,0,0,0,0,0,0,0,0,0,0,0,0,0,5,1,0,false
/home/arch_design_predict/download-github-repos/mvp/repos/LoftCoin-master/app/src/main/java/com/annasedykh/loftcoin/screens/main/rate/RatePresenterImpl.java,com.annasedykh.loftcoin.screens.main.rate.RatePresenterImpl,loadRate/1[boolean],false,101,5,5,2,3,7,18,38,1,6,1,18,0,0,0,3,0,0,2,0,3,0,3,0,0,3,13,2,0,false
/home/arch_design_predict/download-github-repos/mvp/repos/LoftCoin-master/app/src/main/java/com/annasedykh/loftcoin/screens/main/rate/RatePresenterImpl.java,com.annasedykh.loftcoin.screens.main.rate.RatePresenterImpl,onMenuItemCurrencyClick/0,false,88,1,1,0,1,2,1,5,0,0,0,1,0,0,0,1,0,0,0,0,0,0,1,0,0,0,7,1,0,false
/home/arch_design_predict/download-github-repos/mvp/repos/LoftCoin-master/app/src/main/java/com/annasedykh/loftcoin/screens/main/rate/RatePresenterImpl.java,com.annasedykh.loftcoin.screens.main.rate.RatePresenterImpl,onFiatCurrencySelected/1[com.annasedykh.loftcoin.data.model.Fiat],false,95,3,2,0,2,1,2,4,0,0,1,2,1,1,0,0,0,0,0,0,0,0,0,0,0,0,8,1,0,false
/home/arch_design_predict/download-github-repos/mvp/repos/LoftCoin-master/app/src/main/java/com/annasedykh/loftcoin/App.java,com.annasedykh.loftcoin.App,getPrefs/0,false,27,1,6,6,0,1,0,3,1,0,0,0,0,0,0,0,0,0,0,0,0,0,0,0,0,0,3,1,0,false
/home/arch_design_predict/download-github-repos/mvp/repos/LoftCoin-master/app/src/main/java/com/annasedykh/loftcoin/App.java,com.annasedykh.loftcoin.App,getDatabase/0,false,35,2,7,6,1,1,0,3,1,0,0,0,0,0,0,0,0,0,0,0,0,0,0,0,0,0,4,1,0,false
/home/arch_design_predict/download-github-repos/mvp/repos/LoftCoin-master/app/src/main/java/com/annasedykh/loftcoin/App.java,com.annasedykh.loftcoin.App,onCreate/0,false,19,3,5,0,5,1,3,6,0,0,0,3,0,0,0,0,0,0,0,0,2,0,0,0,0,0,9,1,0,false
/home/arch_design_predict/download-github-repos/mvp/repos/LoftCoin-master/app/src/main/java/com/annasedykh/loftcoin/App.java,com.annasedykh.loftcoin.App,getApi/0,false,31,1,3,3,0,1,0,3,1,0,0,0,0,0,0,0,0,0,0,0,0,0,0,0,0,0,3,1,0,false
/home/arch_design_predict/download-github-repos/mvp/repos/LoftCoin-master/app/src/main/java/com/annasedykh/loftcoin/data/db/DatabaseInitializer.java,com.annasedykh.loftcoin.data.db.DatabaseInitializer,init/1[com.annasedykh.loftcoin.data.db.Context],false,10,2,1,1,0,1,5,5,0,1,1,5,0,0,0,0,0,0,1,1,1,0,0,0,0,0,6,1,0,false
/home/arch_design_predict/download-github-repos/mvp/repos/LoftCoin-master/app/src/main/java/com/annasedykh/loftcoin/screens/main/rate/CurrencyDialog.java,com.annasedykh.loftcoin.screens.main.rate.CurrencyDialog$CurrencyDialogListener,onCurrencySelected/1[com.annasedykh.loftcoin.data.model.Fiat],false,59,1,0,0,0,1,0,1,0,0,1,0,0,0,0,0,0,0,0,0,0,0,0,0,0,0,5,0,0,false
/home/arch_design_predict/download-github-repos/mvp/repos/LoftCoin-master/app/src/main/java/com/annasedykh/loftcoin/screens/main/wallets/WalletsFragment.java,com.annasedykh.loftcoin.screens.main.wallets.WalletsFragment$ZoomOutPageTransformer,"transformPage/2[com.annasedykh.loftcoin.screens.main.wallets.View,float]",false,202,1,0,0,0,3,5,14,0,1,2,5,0,0,0,0,0,3,0,7,1,7,1,0,0,0,17,1,0,false
/home/arch_design_predict/download-github-repos/mvp/repos/LoftCoin-master/app/src/main/java/com/annasedykh/loftcoin/screens/main/MainPresenterImpl.java,com.annasedykh.loftcoin.screens.main.MainPresenterImpl,attachView/1[com.annasedykh.loftcoin.screens.main.MainView],false,13,1,0,0,0,1,0,3,0,0,1,0,0,0,0,0,0,0,0,0,1,0,0,0,0,0,4,1,0,false
/home/arch_design_predict/download-github-repos/mvp/repos/LoftCoin-master/app/src/main/java/com/annasedykh/loftcoin/screens/main/MainPresenterImpl.java,com.annasedykh.loftcoin.screens.main.MainPresenterImpl,detachView/0,false,18,0,0,0,0,1,0,3,0,0,0,0,0,0,0,0,0,0,0,0,1,0,0,0,0,0,3,1,0,false
/home/arch_design_predict/download-github-repos/mvp/repos/LoftCoin-master/app/src/main/java/com/annasedykh/loftcoin/screens/main/MainPresenterImpl.java,com.annasedykh.loftcoin.screens.main.MainPresenterImpl,onNavigationItemSelected/1[int],false,23,1,3,0,3,5,3,15,0,0,1,3,0,0,0,1,0,0,0,0,0,0,2,0,0,0,8,1,0,false
/home/arch_design_predict/download-github-repos/mvp/repos/LoftCoin-master/app/src/main/java/com/annasedykh/loftcoin/screens/welcome/WelcomePage.java,com.annasedykh.loftcoin.screens.welcome.WelcomePage$Anonymous1,newArray/1[int],false,38,1,0,0,0,1,0,3,1,0,1,0,0,0,0,0,0,0,0,0,0,0,0,0,0,0,3,1,0,false
/home/arch_design_predict/download-github-repos/mvp/repos/LoftCoin-master/app/src/main/java/com/annasedykh/loftcoin/screens/welcome/WelcomePage.java,com.annasedykh.loftcoin.screens.welcome.WelcomePage$Anonymous1,createFromParcel/1[com.annasedykh.loftcoin.screens.welcome.Parcel],false,33,2,1,0,1,1,0,3,1,0,1,0,0,0,0,0,0,0,0,0,0,0,0,0,0,0,6,1,0,false
/home/arch_design_predict/download-github-repos/mvp/repos/LoftCoin-master/app/src/main/java/com/annasedykh/loftcoin/screens/main/wallets/WalletsFragment.java,com.annasedykh.loftcoin.screens.main.wallets.WalletsFragment$Anonymous1,onPageSelected/1[int],false,129,1,1,0,1,1,1,3,0,0,1,1,0,0,0,0,0,0,0,0,0,0,0,0,0,0,4,1,0,false
/home/arch_design_predict/download-github-repos/mvp/repos/LoftCoin-master/app/src/main/java/com/annasedykh/loftcoin/screens/main/rate/RateAdapter.java,com.annasedykh.loftcoin.screens.main.rate.RateAdapter$RateViewHolder,bindPrice/1[com.annasedykh.loftcoin.data.db.model.CoinEntity],false,141,5,4,1,3,1,6,6,0,3,1,6,0,0,0,0,0,0,0,0,3,0,0,0,0,0,10,2,0,false
/home/arch_design_predict/download-github-repos/mvp/repos/LoftCoin-master/app/src/main/java/com/annasedykh/loftcoin/screens/main/rate/RateAdapter.java,com.annasedykh.loftcoin.screens.main.rate.RateAdapter$RateViewHolder,bindBackground/1[int],false,162,0,1,1,0,2,2,8,0,0,1,2,0,0,0,1,0,0,0,2,0,1,1,0,0,0,3,2,0,false
/home/arch_design_predict/download-github-repos/mvp/repos/LoftCoin-master/app/src/main/java/com/annasedykh/loftcoin/screens/main/rate/RateAdapter.java,com.annasedykh.loftcoin.screens.main.rate.RateAdapter$RateViewHolder,bindIcon/1[com.annasedykh.loftcoin.data.db.model.CoinEntity],false,118,3,2,1,1,2,10,16,0,3,1,10,0,0,0,1,0,0,0,1,3,0,1,0,0,0,11,2,0,false
/home/arch_design_predict/download-github-repos/mvp/repos/LoftCoin-master/app/src/main/java/com/annasedykh/loftcoin/screens/main/rate/RateAdapter.java,com.annasedykh.loftcoin.screens.main.rate.RateAdapter$RateViewHolder,"bindListener/2[com.annasedykh.loftcoin.data.db.model.CoinEntity,com.annasedykh.loftcoin.screens.main.rate.RateAdapter.Listener]",false,170,2,1,1,0,2,2,9,1,1,2,2,0,0,0,1,0,0,0,0,0,0,2,0,0,1,8,2,0,false
/home/arch_design_predict/download-github-repos/mvp/repos/LoftCoin-master/app/src/main/java/com/annasedykh/loftcoin/screens/main/rate/RateAdapter.java,com.annasedykh.loftcoin.screens.main.rate.RateAdapter$RateViewHolder,bindSymbol/1[com.annasedykh.loftcoin.data.db.model.CoinEntity],false,137,1,1,1,0,1,1,3,0,0,1,1,0,0,0,0,0,0,0,0,0,0,0,0,0,0,5,2,0,false
/home/arch_design_predict/download-github-repos/mvp/repos/LoftCoin-master/app/src/main/java/com/annasedykh/loftcoin/screens/main/rate/RateAdapter.java,com.annasedykh.loftcoin.screens.main.rate.RateAdapter$RateViewHolder,"RateViewHolder/2[com.annasedykh.loftcoin.screens.main.rate.View,com.annasedykh.loftcoin.data.prefs.Prefs]",true,101,2,1,1,0,1,2,6,0,0,2,2,0,0,0,0,0,0,0,0,2,0,0,0,0,0,6,0,0,false
/home/arch_design_predict/download-github-repos/mvp/repos/LoftCoin-master/app/src/main/java/com/annasedykh/loftcoin/screens/main/rate/RateAdapter.java,com.annasedykh.loftcoin.screens.main.rate.RateAdapter$RateViewHolder,bindPercentage/1[com.annasedykh.loftcoin.data.db.model.CoinEntity],false,149,3,3,1,2,2,7,11,0,2,1,7,0,0,0,0,0,0,0,1,2,0,1,0,0,0,10,2,0,false
/home/arch_design_predict/download-github-repos/mvp/repos/LoftCoin-master/app/src/main/java/com/annasedykh/loftcoin/screens/main/rate/RateAdapter.java,com.annasedykh.loftcoin.screens.main.rate.RateAdapter$RateViewHolder,"bind/3[com.annasedykh.loftcoin.data.db.model.CoinEntity,int,com.annasedykh.loftcoin.screens.main.rate.RateAdapter.Listener]",false,109,3,7,1,6,1,6,8,0,0,3,6,6,1,0,0,0,0,0,0,0,0,0,0,0,0,12,0,0,false
/home/arch_design_predict/download-github-repos/mvp/repos/LoftCoin-master/app/src/main/java/com/annasedykh/loftcoin/screens/start/StartView.java,com.annasedykh.loftcoin.screens.start.StartView,navigateToMainScreen/0,false,5,0,0,0,0,1,0,1,0,0,0,0,0,0,0,0,0,0,0,0,0,0,0,0,0,0,4,0,0,false
/home/arch_design_predict/download-github-repos/mvp/repos/LoftCoin-master/app/src/main/java/com/annasedykh/loftcoin/data/api/ApiInitializer.java,com.annasedykh.loftcoin.data.api.ApiInitializer,init/0,false,17,5,5,1,4,1,4,6,1,3,0,4,4,1,0,0,0,0,0,0,3,0,0,0,0,0,11,1,0,false
/home/arch_design_predict/download-github-repos/mvp/repos/LoftCoin-master/app/src/main/java/com/annasedykh/loftcoin/data/api/ApiInitializer.java,com.annasedykh.loftcoin.data.api.ApiInitializer,"createRetrofit/2[com.annasedykh.loftcoin.data.api.Gson,com.annasedykh.loftcoin.data.api.OkHttpClient]",false,37,3,1,1,0,1,6,3,1,0,2,6,0,0,0,0,0,0,0,0,0,0,0,0,0,0,13,2,0,false
/home/arch_design_predict/download-github-repos/mvp/repos/LoftCoin-master/app/src/main/java/com/annasedykh/loftcoin/data/api/ApiInitializer.java,com.annasedykh.loftcoin.data.api.ApiInitializer,createGson/0,false,24,2,1,1,0,1,1,3,1,0,0,1,0,0,0,0,0,0,0,0,0,0,0,0,0,0,3,2,0,false
/home/arch_design_predict/download-github-repos/mvp/repos/LoftCoin-master/app/src/main/java/com/annasedykh/loftcoin/data/api/ApiInitializer.java,com.annasedykh.loftcoin.data.api.ApiInitializer,createClient/0,false,28,2,1,1,0,2,3,5,1,1,0,3,0,0,0,0,0,0,0,0,1,0,0,0,0,0,7,2,0,false
/home/arch_design_predict/download-github-repos/mvp/repos/LoftCoin-master/app/src/main/java/com/annasedykh/loftcoin/data/api/ApiInitializer.java,com.annasedykh.loftcoin.data.api.ApiInitializer,createApi/1[com.annasedykh.loftcoin.data.api.Retrofit],false,46,2,1,1,0,1,1,3,1,0,1,1,0,0,0,0,0,0,0,0,0,0,0,0,0,0,4,2,0,false
/home/arch_design_predict/download-github-repos/mvp/repos/LoftCoin-master/app/src/main/java/com/annasedykh/loftcoin/data/db/model/CoinEntity.java,com.annasedykh.loftcoin.data.db.model.CoinEntity,getQuote/1[com.annasedykh.loftcoin.data.model.Fiat],false,29,2,5,5,0,5,0,20,2,1,1,0,0,0,0,1,0,0,0,0,4,0,1,0,0,0,10,1,0,false
/home/arch_design_predict/download-github-repos/mvp/repos/LoftCoin-master/app/src/main/java/com/annasedykh/loftcoin/screens/main/wallets/WalletsViewModelImpl.java,com.annasedykh.loftcoin.screens.main.wallets.WalletsViewModelImpl,onWalletChanged/1[int],false,65,2,1,0,1,1,3,4,0,1,1,3,1,1,0,0,0,0,0,0,1,0,0,0,0,0,8,1,0,false
/home/arch_design_predict/download-github-repos/mvp/repos/LoftCoin-master/app/src/main/java/com/annasedykh/loftcoin/screens/main/wallets/WalletsViewModelImpl.java,com.annasedykh.loftcoin.screens.main.wallets.WalletsViewModelImpl,transactions/0,false,76,3,0,0,0,1,0,3,1,0,0,0,0,0,0,0,0,0,0,0,0,0,0,0,0,0,2,1,0,false
/home/arch_design_predict/download-github-repos/mvp/repos/LoftCoin-master/app/src/main/java/com/annasedykh/loftcoin/screens/main/wallets/WalletsViewModelImpl.java,com.annasedykh.loftcoin.screens.main.wallets.WalletsViewModelImpl,onCleared/0,false,44,1,1,0,1,1,2,4,0,0,0,2,0,0,0,0,0,0,0,0,0,0,0,0,0,0,2,4,0,false
/home/arch_design_predict/download-github-repos/mvp/repos/LoftCoin-master/app/src/main/java/com/annasedykh/loftcoin/screens/main/wallets/WalletsViewModelImpl.java,com.annasedykh.loftcoin.screens.main.wallets.WalletsViewModelImpl,walletsVisible/0,false,55,2,0,0,0,1,0,3,1,0,0,0,0,0,0,0,0,0,0,0,0,0,0,0,0,0,2,1,0,false
/home/arch_design_predict/download-github-repos/mvp/repos/LoftCoin-master/app/src/main/java/com/annasedykh/loftcoin/screens/main/wallets/WalletsViewModelImpl.java,com.annasedykh.loftcoin.screens.main.wallets.WalletsViewModelImpl,randomTransaction/1[com.annasedykh.loftcoin.data.db.model.WalletEntity],false,148,2,2,1,1,2,3,9,1,6,1,3,0,0,0,0,0,2,0,2,6,4,0,0,0,0,15,2,0,false
/home/arch_design_predict/download-github-repos/mvp/repos/LoftCoin-master/app/src/main/java/com/annasedykh/loftcoin/screens/main/wallets/WalletsViewModelImpl.java,com.annasedykh.loftcoin.screens.main.wallets.WalletsViewModelImpl,onNewWalletClick/0,false,81,1,1,0,1,1,1,3,0,0,0,1,0,0,0,0,0,0,0,0,0,0,0,0,0,0,5,1,0,false
/home/arch_design_predict/download-github-repos/mvp/repos/LoftCoin-master/app/src/main/java/com/annasedykh/loftcoin/screens/main/wallets/WalletsViewModelImpl.java,com.annasedykh.loftcoin.screens.main.wallets.WalletsViewModelImpl,WalletsViewModelImpl/1[com.annasedykh.loftcoin.screens.main.wallets.Application],true,36,4,2,0,2,1,2,5,0,0,1,2,0,0,0,0,0,1,0,0,1,0,0,0,0,0,8,1,0,false
/home/arch_design_predict/download-github-repos/mvp/repos/LoftCoin-master/app/src/main/java/com/annasedykh/loftcoin/screens/main/wallets/WalletsViewModelImpl.java,com.annasedykh.loftcoin.screens.main.wallets.WalletsViewModelImpl,newWalletVisible/0,false,60,2,0,0,0,1,0,3,1,0,0,0,0,0,0,0,0,0,0,0,0,0,0,0,0,0,3,1,0,false
/home/arch_design_predict/download-github-repos/mvp/repos/LoftCoin-master/app/src/main/java/com/annasedykh/loftcoin/screens/main/wallets/WalletsViewModelImpl.java,com.annasedykh.loftcoin.screens.main.wallets.WalletsViewModelImpl,wallets/0,false,71,3,0,0,0,1,0,3,1,0,0,0,0,0,0,0,0,0,0,0,0,0,0,0,0,0,2,1,0,false
/home/arch_design_predict/download-github-repos/mvp/repos/LoftCoin-master/app/src/main/java/com/annasedykh/loftcoin/screens/main/wallets/WalletsViewModelImpl.java,com.annasedykh.loftcoin.screens.main.wallets.WalletsViewModelImpl,getWallets/0,false,86,4,1,0,1,4,8,20,0,4,0,8,0,0,0,1,0,0,0,1,3,0,3,0,0,1,13,1,0,false
/home/arch_design_predict/download-github-repos/mvp/repos/LoftCoin-master/app/src/main/java/com/annasedykh/loftcoin/screens/main/wallets/WalletsViewModelImpl.java,com.annasedykh.loftcoin.screens.main.wallets.WalletsViewModelImpl,getTransactions/1[java.lang.String],false,111,2,2,1,1,1,4,4,0,2,1,4,0,0,0,0,0,0,0,0,1,0,0,0,0,1,7,2,0,false
/home/arch_design_predict/download-github-repos/mvp/repos/LoftCoin-master/app/src/main/java/com/annasedykh/loftcoin/screens/main/wallets/WalletsViewModelImpl.java,com.annasedykh.loftcoin.screens.main.wallets.WalletsViewModelImpl,selectCurrency/0,false,50,2,0,0,0,1,0,3,1,0,0,0,0,0,0,0,0,0,0,0,0,0,0,0,0,0,2,1,0,false
/home/arch_design_predict/download-github-repos/mvp/repos/LoftCoin-master/app/src/main/java/com/annasedykh/loftcoin/screens/main/wallets/WalletsViewModelImpl.java,com.annasedykh.loftcoin.screens.main.wallets.WalletsViewModelImpl,randomTransactions/1[com.annasedykh.loftcoin.data.db.model.WalletEntity],false,138,3,2,1,1,2,2,7,1,2,1,2,1,1,1,0,0,0,0,2,2,0,1,0,0,0,8,2,0,false
/home/arch_design_predict/download-github-repos/mvp/repos/LoftCoin-master/app/src/main/java/com/annasedykh/loftcoin/screens/main/wallets/WalletsViewModelImpl.java,com.annasedykh.loftcoin.screens.main.wallets.WalletsViewModelImpl,randomWallet/1[com.annasedykh.loftcoin.data.db.model.CoinEntity],false,133,2,2,1,1,1,3,4,1,1,1,3,0,0,0,0,0,0,0,1,1,1,0,0,0,0,6,2,0,false
/home/arch_design_predict/download-github-repos/mvp/repos/LoftCoin-master/app/src/main/java/com/annasedykh/loftcoin/screens/main/wallets/WalletsViewModelImpl.java,com.annasedykh.loftcoin.screens.main.wallets.WalletsViewModelImpl,onCurrencySelected/1[com.annasedykh.loftcoin.data.db.model.CoinEntity],false,119,6,2,0,2,1,7,11,1,3,1,7,2,2,0,0,0,0,0,0,3,0,1,0,0,1,14,1,0,false
/home/arch_design_predict/download-github-repos/mvp/repos/LoftCoin-master/app/src/main/java/com/annasedykh/loftcoin/screens/main/converter/ConverterViewModel.java,com.annasedykh.loftcoin.screens.main.converter.ConverterViewModel,destinationCurrency/0,false,13,1,1,1,0,1,0,1,0,0,0,0,0,0,0,0,0,0,0,0,0,0,0,0,0,0,2,0,0,false
/home/arch_design_predict/download-github-repos/mvp/repos/LoftCoin-master/app/src/main/java/com/annasedykh/loftcoin/screens/main/converter/ConverterViewModel.java,com.annasedykh.loftcoin.screens.main.converter.ConverterViewModel,selectSourceCurrency/0,false,17,1,1,1,0,1,0,1,0,0,0,0,0,0,0,0,0,0,0,0,0,0,0,0,0,0,3,0,0,false
/home/arch_design_predict/download-github-repos/mvp/repos/LoftCoin-master/app/src/main/java/com/annasedykh/loftcoin/screens/main/converter/ConverterViewModel.java,com.annasedykh.loftcoin.screens.main.converter.ConverterViewModel,destinationAmount/0,false,15,1,1,1,0,1,0,1,0,0,0,0,0,0,0,0,0,0,0,0,0,0,0,0,0,0,2,0,0,false
/home/arch_design_predict/download-github-repos/mvp/repos/LoftCoin-master/app/src/main/java/com/annasedykh/loftcoin/screens/main/converter/ConverterViewModel.java,com.annasedykh.loftcoin.screens.main.converter.ConverterViewModel,onSourceCurrencySelected/1[com.annasedykh.loftcoin.data.db.model.CoinEntity],false,27,1,1,1,0,1,0,1,0,0,1,0,0,0,0,0,0,0,0,0,0,0,0,0,0,0,7,0,0,false
/home/arch_design_predict/download-github-repos/mvp/repos/LoftCoin-master/app/src/main/java/com/annasedykh/loftcoin/screens/main/converter/ConverterViewModel.java,com.annasedykh.loftcoin.screens.main.converter.ConverterViewModel,onDestinationCurrencySelected/1[com.annasedykh.loftcoin.data.db.model.CoinEntity],false,29,1,1,1,0,1,0,1,0,0,1,0,0,0,0,0,0,0,0,0,0,0,0,0,0,0,7,0,0,false
/home/arch_design_predict/download-github-repos/mvp/repos/LoftCoin-master/app/src/main/java/com/annasedykh/loftcoin/screens/main/converter/ConverterViewModel.java,com.annasedykh.loftcoin.screens.main.converter.ConverterViewModel,sourceCurrency/0,false,11,1,1,1,0,1,0,1,0,0,0,0,0,0,0,0,0,0,0,0,0,0,0,0,0,0,2,0,0,false
/home/arch_design_predict/download-github-repos/mvp/repos/LoftCoin-master/app/src/main/java/com/annasedykh/loftcoin/screens/main/converter/ConverterViewModel.java,com.annasedykh.loftcoin.screens.main.converter.ConverterViewModel,onSourceCurrencyClick/0,false,23,0,0,0,0,1,0,1,0,0,0,0,0,0,0,0,0,0,0,0,0,0,0,0,0,0,4,0,0,false
/home/arch_design_predict/download-github-repos/mvp/repos/LoftCoin-master/app/src/main/java/com/annasedykh/loftcoin/screens/main/converter/ConverterViewModel.java,com.annasedykh.loftcoin.screens.main.converter.ConverterViewModel,onDetach/0,false,33,0,1,1,0,1,0,1,0,0,0,0,0,0,0,0,0,0,0,0,0,0,0,0,0,0,2,0,0,false
/home/arch_design_predict/download-github-repos/mvp/repos/LoftCoin-master/app/src/main/java/com/annasedykh/loftcoin/screens/main/converter/ConverterViewModel.java,com.annasedykh.loftcoin.screens.main.converter.ConverterViewModel,onDestinationCurrencyClick/0,false,25,0,0,0,0,1,0,1,0,0,0,0,0,0,0,0,0,0,0,0,0,0,0,0,0,0,4,0,0,false
/home/arch_design_predict/download-github-repos/mvp/repos/LoftCoin-master/app/src/main/java/com/annasedykh/loftcoin/screens/main/converter/ConverterViewModel.java,com.annasedykh.loftcoin.screens.main.converter.ConverterViewModel,saveState/1[com.annasedykh.loftcoin.screens.main.converter.Bundle],false,31,1,1,1,0,1,0,1,0,0,1,0,0,0,0,0,0,0,0,0,0,0,0,0,0,0,4,0,0,false
/home/arch_design_predict/download-github-repos/mvp/repos/LoftCoin-master/app/src/main/java/com/annasedykh/loftcoin/screens/main/converter/ConverterViewModel.java,com.annasedykh.loftcoin.screens.main.converter.ConverterViewModel,selectDestinationCurrency/0,false,19,1,1,1,0,1,0,1,0,0,0,0,0,0,0,0,0,0,0,0,0,0,0,0,0,0,3,0,0,false
/home/arch_design_predict/download-github-repos/mvp/repos/LoftCoin-master/app/src/main/java/com/annasedykh/loftcoin/screens/main/converter/ConverterViewModel.java,com.annasedykh.loftcoin.screens.main.converter.ConverterViewModel,onSourceAmountChange/1[java.lang.String],false,21,0,0,0,0,1,0,1,0,0,1,0,0,0,0,0,0,0,0,0,0,0,0,0,0,0,5,0,0,false
/home/arch_design_predict/download-github-repos/mvp/repos/LoftCoin-master/app/src/main/java/com/annasedykh/loftcoin/screens/main/converter/ConverterViewModelImpl.java,com.annasedykh.loftcoin.screens.main.converter.ConverterViewModelImpl,sourceCurrency/0,false,71,2,0,0,0,1,0,3,1,0,0,0,0,0,0,0,0,0,0,0,0,0,0,0,0,0,2,1,0,false
/home/arch_design_predict/download-github-repos/mvp/repos/LoftCoin-master/app/src/main/java/com/annasedykh/loftcoin/screens/main/converter/ConverterViewModelImpl.java,com.annasedykh.loftcoin.screens.main.converter.ConverterViewModelImpl,onSourceCurrencyClick/0,false,121,0,0,0,0,1,1,3,0,0,0,1,0,0,0,0,0,0,0,0,0,0,0,0,0,0,5,1,0,false
/home/arch_design_predict/download-github-repos/mvp/repos/LoftCoin-master/app/src/main/java/com/annasedykh/loftcoin/screens/main/converter/ConverterViewModelImpl.java,com.annasedykh.loftcoin.screens.main.converter.ConverterViewModelImpl,selectDestinationCurrency/0,false,91,2,0,0,0,1,0,3,1,0,0,0,0,0,0,0,0,0,0,0,0,0,0,0,0,0,3,1,0,false
/home/arch_design_predict/download-github-repos/mvp/repos/LoftCoin-master/app/src/main/java/com/annasedykh/loftcoin/screens/main/converter/ConverterViewModelImpl.java,com.annasedykh.loftcoin.screens.main.converter.ConverterViewModelImpl,destinationAmount/0,false,81,2,0,0,0,1,0,3,1,0,0,0,0,0,0,0,0,0,0,0,0,0,0,0,0,0,2,1,0,false
/home/arch_design_predict/download-github-repos/mvp/repos/LoftCoin-master/app/src/main/java/com/annasedykh/loftcoin/screens/main/converter/ConverterViewModelImpl.java,com.annasedykh.loftcoin.screens.main.converter.ConverterViewModelImpl,saveState/1[com.annasedykh.loftcoin.screens.main.converter.Bundle],false,147,1,0,0,0,1,1,4,0,0,1,1,0,0,0,0,0,0,0,0,0,0,0,0,0,0,4,1,0,false
/home/arch_design_predict/download-github-repos/mvp/repos/LoftCoin-master/app/src/main/java/com/annasedykh/loftcoin/screens/main/converter/ConverterViewModelImpl.java,com.annasedykh.loftcoin.screens.main.converter.ConverterViewModelImpl,loadCoins/0,false,55,2,1,1,0,1,4,6,0,2,0,4,0,0,0,0,0,0,1,0,2,0,0,0,0,2,9,2,0,false
/home/arch_design_predict/download-github-repos/mvp/repos/LoftCoin-master/app/src/main/java/com/annasedykh/loftcoin/screens/main/converter/ConverterViewModelImpl.java,com.annasedykh.loftcoin.screens.main.converter.ConverterViewModelImpl,selectSourceCurrency/0,false,86,2,0,0,0,1,0,3,1,0,0,0,0,0,0,0,0,0,0,0,0,0,0,0,0,0,3,1,0,false
/home/arch_design_predict/download-github-repos/mvp/repos/LoftCoin-master/app/src/main/java/com/annasedykh/loftcoin/screens/main/converter/ConverterViewModelImpl.java,com.annasedykh.loftcoin.screens.main.converter.ConverterViewModelImpl,onDestinationCurrencySelected/1[com.annasedykh.loftcoin.data.db.model.CoinEntity],false,139,2,1,0,1,1,2,6,0,0,1,2,1,1,0,0,0,0,0,0,2,0,0,0,0,0,10,1,0,false
/home/arch_design_predict/download-github-repos/mvp/repos/LoftCoin-master/app/src/main/java/com/annasedykh/loftcoin/screens/main/converter/ConverterViewModelImpl.java,com.annasedykh.loftcoin.screens.main.converter.ConverterViewModelImpl,destinationCurrency/0,false,76,2,0,0,0,1,0,3,1,0,0,0,0,0,0,0,0,0,0,0,0,0,0,0,0,0,2,1,0,false
/home/arch_design_predict/download-github-repos/mvp/repos/LoftCoin-master/app/src/main/java/com/annasedykh/loftcoin/screens/main/converter/ConverterViewModelImpl.java,com.annasedykh.loftcoin.screens.main.converter.ConverterViewModelImpl,onSourceAmountChange/1[java.lang.String],false,96,1,1,0,1,1,1,4,0,0,1,1,1,1,0,0,0,0,0,0,1,0,0,0,0,0,8,1,0,false
/home/arch_design_predict/download-github-repos/mvp/repos/LoftCoin-master/app/src/main/java/com/annasedykh/loftcoin/screens/main/converter/ConverterViewModelImpl.java,com.annasedykh.loftcoin.screens.main.converter.ConverterViewModelImpl,onSourceCurrencySelected/1[com.annasedykh.loftcoin.data.db.model.CoinEntity],false,131,2,1,0,1,1,2,6,0,0,1,2,1,1,0,0,0,0,0,0,2,0,0,0,0,0,10,1,0,false
/home/arch_design_predict/download-github-repos/mvp/repos/LoftCoin-master/app/src/main/java/com/annasedykh/loftcoin/screens/main/converter/ConverterViewModelImpl.java,com.annasedykh.loftcoin.screens.main.converter.ConverterViewModelImpl,convert/0,false,102,1,4,3,1,4,5,13,2,3,0,5,0,0,0,2,0,0,1,0,3,2,1,0,0,0,7,2,0,false
/home/arch_design_predict/download-github-repos/mvp/repos/LoftCoin-master/app/src/main/java/com/annasedykh/loftcoin/screens/main/converter/ConverterViewModelImpl.java,com.annasedykh.loftcoin.screens.main.converter.ConverterViewModelImpl,"ConverterViewModelImpl/2[com.annasedykh.loftcoin.screens.main.converter.Bundle,com.annasedykh.loftcoin.data.db.Database]",true,42,3,3,1,2,2,3,9,0,0,2,3,1,1,0,1,0,0,0,0,3,0,1,0,0,0,30,1,0,false
/home/arch_design_predict/download-github-repos/mvp/repos/LoftCoin-master/app/src/main/java/com/annasedykh/loftcoin/screens/main/converter/ConverterViewModelImpl.java,com.annasedykh.loftcoin.screens.main.converter.ConverterViewModelImpl,onDestinationCurrencyClick/0,false,126,0,0,0,0,1,1,3,0,0,0,1,0,0,0,0,0,0,0,0,0,0,0,0,0,0,5,1,0,false
/home/arch_design_predict/download-github-repos/mvp/repos/LoftCoin-master/app/src/main/java/com/annasedykh/loftcoin/screens/main/converter/ConverterViewModelImpl.java,com.annasedykh.loftcoin.screens.main.converter.ConverterViewModelImpl,onDetach/0,false,153,1,1,0,1,1,1,3,0,0,0,1,0,0,0,0,0,0,0,0,0,0,0,0,0,0,2,1,0,false
/home/arch_design_predict/download-github-repos/mvp/repos/LoftCoin-master/app/src/main/java/com/annasedykh/loftcoin/data/model/Fiat.java,com.annasedykh.loftcoin.data.model.Fiat,Fiat/1[java.lang.String],true,10,0,0,0,0,1,0,3,0,0,1,0,0,0,0,0,0,0,0,0,1,0,0,0,0,0,2,0,0,false
/home/arch_design_predict/download-github-repos/mvp/repos/LoftCoin-master/app/src/main/java/com/annasedykh/loftcoin/screens/main/converter/ConverterFragment.java,com.annasedykh.loftcoin.screens.main.converter.ConverterFragment,"onViewCreated/2[com.annasedykh.loftcoin.screens.main.converter.View,com.annasedykh.loftcoin.screens.main.converter.Bundle]",false,75,10,5,0,5,4,13,26,0,3,2,13,2,1,0,3,0,3,1,0,11,0,1,0,0,0,54,1,0,false
/home/arch_design_predict/download-github-repos/mvp/repos/LoftCoin-master/app/src/main/java/com/annasedykh/loftcoin/screens/main/converter/ConverterFragment.java,com.annasedykh.loftcoin.screens.main.converter.ConverterFragment,initInputs/0,false,126,2,6,1,5,1,10,8,0,10,0,10,0,0,0,0,0,0,0,0,5,0,0,0,0,5,18,2,0,false
/home/arch_design_predict/download-github-repos/mvp/repos/LoftCoin-master/app/src/main/java/com/annasedykh/loftcoin/screens/main/converter/ConverterFragment.java,com.annasedykh.loftcoin.screens.main.converter.ConverterFragment,showCurrencyBottomSheet/1[boolean],false,152,1,2,0,2,2,3,11,0,1,1,3,0,0,0,0,0,0,0,0,1,0,1,0,0,0,12,2,0,false
/home/arch_design_predict/download-github-repos/mvp/repos/LoftCoin-master/app/src/main/java/com/annasedykh/loftcoin/screens/main/converter/ConverterFragment.java,com.annasedykh.loftcoin.screens.main.converter.ConverterFragment,"bindCurrency/4[java.lang.String,com.annasedykh.loftcoin.screens.main.converter.ImageView,com.annasedykh.loftcoin.screens.main.converter.TextView,com.annasedykh.loftcoin.screens.main.converter.TextView]",false,189,4,1,0,1,2,10,17,0,3,4,10,0,0,0,1,0,0,0,1,3,0,1,0,0,0,9,2,0,false
/home/arch_design_predict/download-github-repos/mvp/repos/LoftCoin-master/app/src/main/java/com/annasedykh/loftcoin/screens/main/converter/ConverterFragment.java,com.annasedykh.loftcoin.screens.main.converter.ConverterFragment,onSaveInstanceState/1[com.annasedykh.loftcoin.screens.main.converter.Bundle],false,212,3,1,0,1,1,2,4,0,0,1,2,0,0,0,0,0,0,0,0,0,0,0,0,0,0,6,1,0,false
/home/arch_design_predict/download-github-repos/mvp/repos/LoftCoin-master/app/src/main/java/com/annasedykh/loftcoin/screens/main/converter/ConverterFragment.java,com.annasedykh.loftcoin.screens.main.converter.ConverterFragment,onDestroy/0,false,218,1,1,0,1,1,4,6,0,0,0,4,0,0,0,0,0,0,0,0,0,0,0,0,0,0,2,1,0,false
/home/arch_design_predict/download-github-repos/mvp/repos/LoftCoin-master/app/src/main/java/com/annasedykh/loftcoin/screens/main/converter/ConverterFragment.java,com.annasedykh.loftcoin.screens.main.converter.ConverterFragment,initOutputs/0,false,111,1,1,1,0,1,9,6,0,4,0,9,0,0,0,0,0,0,0,0,1,0,0,0,0,3,9,2,0,false
/home/arch_design_predict/download-github-repos/mvp/repos/LoftCoin-master/app/src/main/java/com/annasedykh/loftcoin/screens/main/converter/ConverterFragment.java,com.annasedykh.loftcoin.screens.main.converter.ConverterFragment,"onCreateView/3[com.annasedykh.loftcoin.screens.main.converter.LayoutInflater,com.annasedykh.loftcoin.screens.main.converter.ViewGroup,com.annasedykh.loftcoin.screens.main.converter.Bundle]",false,70,5,0,0,0,1,1,3,1,0,3,1,0,0,0,0,0,0,0,0,0,0,0,0,0,0,8,1,0,false
/home/arch_design_predict/download-github-repos/mvp/repos/LoftCoin-master/app/src/main/java/com/annasedykh/loftcoin/screens/welcome/WelcomeActivity.java,com.annasedykh.loftcoin.screens.welcome.WelcomeActivity$Anonymous1,onClick/1[com.annasedykh.loftcoin.screens.welcome.View],false,45,3,2,0,2,1,2,4,0,0,1,2,0,0,0,0,0,0,0,0,0,0,0,0,0,0,5,1,0,false
/home/arch_design_predict/download-github-repos/mvp/repos/LoftCoin-master/app/src/main/java/com/annasedykh/loftcoin/screens/launch/LaunchActivity.java,com.annasedykh.loftcoin.screens.launch.LaunchActivity,onCreate/1[com.annasedykh.loftcoin.screens.launch.Bundle],false,14,5,4,0,4,2,6,10,0,1,1,6,0,0,0,0,0,1,0,0,1,0,1,0,0,0,11,4,0,false
/home/arch_design_predict/download-github-repos/mvp/repos/LoftCoin-master/app/src/main/java/com/annasedykh/loftcoin/screens/main/rate/RateView.java,com.annasedykh.loftcoin.screens.main.rate.RateView,setRefreshing/1[boolean],false,11,0,0,0,0,1,0,1,0,0,1,0,0,0,0,0,0,0,0,0,0,0,0,0,0,0,3,0,0,false
/home/arch_design_predict/download-github-repos/mvp/repos/LoftCoin-master/app/src/main/java/com/annasedykh/loftcoin/screens/main/rate/RateView.java,com.annasedykh.loftcoin.screens.main.rate.RateView,setCoins/1[java.util.List<com.annasedykh.loftcoin.data.db.model.CoinEntity>],false,9,1,0,0,0,1,0,1,0,0,1,0,0,0,0,0,0,0,0,0,0,0,0,0,0,0,3,0,0,false
/home/arch_design_predict/download-github-repos/mvp/repos/LoftCoin-master/app/src/main/java/com/annasedykh/loftcoin/screens/main/rate/RateView.java,com.annasedykh.loftcoin.screens.main.rate.RateView,hideProgress/0,false,17,0,0,0,0,1,0,1,0,0,0,0,0,0,0,0,0,0,0,0,0,0,0,0,0,0,2,0,0,false
/home/arch_design_predict/download-github-repos/mvp/repos/LoftCoin-master/app/src/main/java/com/annasedykh/loftcoin/screens/main/rate/RateView.java,com.annasedykh.loftcoin.screens.main.rate.RateView,showProgress/0,false,15,0,1,1,0,1,0,1,0,0,0,0,0,0,0,0,0,0,0,0,0,0,0,0,0,0,2,0,0,false
/home/arch_design_predict/download-github-repos/mvp/repos/LoftCoin-master/app/src/main/java/com/annasedykh/loftcoin/screens/main/rate/RateView.java,com.annasedykh.loftcoin.screens.main.rate.RateView,showCurrencyDialog/0,false,13,0,1,1,0,1,0,1,0,0,0,0,0,0,0,0,0,0,0,0,0,0,0,0,0,0,3,0,0,false
/home/arch_design_predict/download-github-repos/mvp/repos/LoftCoin-master/app/src/main/java/com/annasedykh/loftcoin/data/db/model/CoinEntityMapper.java,com.annasedykh.loftcoin.data.db.model.CoinEntityMapper,mapQuote/1[com.annasedykh.loftcoin.data.api.model.Quote],false,38,2,2,1,1,2,0,11,2,1,1,0,0,0,0,1,0,0,0,0,5,0,1,0,0,0,6,2,0,false
/home/arch_design_predict/download-github-repos/mvp/repos/LoftCoin-master/app/src/main/java/com/annasedykh/loftcoin/data/db/model/CoinEntityMapper.java,com.annasedykh.loftcoin.data.db.model.CoinEntityMapper,mapCoin/1[com.annasedykh.loftcoin.data.api.model.Coin],false,21,3,3,1,2,1,3,13,1,1,1,3,1,1,0,0,0,0,0,0,10,0,0,0,0,0,6,2,0,false
/home/arch_design_predict/download-github-repos/mvp/repos/LoftCoin-master/app/src/main/java/com/annasedykh/loftcoin/data/db/model/CoinEntityMapper.java,com.annasedykh.loftcoin.data.db.model.CoinEntityMapper,mapCoins/1[java.util.List<com.annasedykh.loftcoin.data.api.model.Coin>],false,12,3,1,0,1,2,2,7,1,1,1,2,1,2,1,0,0,0,0,0,1,0,1,0,0,0,6,1,0,false
/home/arch_design_predict/download-github-repos/mvp/repos/LoftCoin-master/app/src/main/java/com/annasedykh/loftcoin/data/api/Api.java,com.annasedykh.loftcoin.data.api.Api,"ticker/2[java.lang.String,java.lang.String]",false,11,4,3,3,0,1,0,1,0,0,2,0,0,0,0,0,0,0,3,0,0,0,0,0,0,0,2,0,0,false
/home/arch_design_predict/download-github-repos/mvp/repos/LoftCoin-master/app/src/main/java/com/annasedykh/loftcoin/screens/start/StartPresenter.java,com.annasedykh.loftcoin.screens.start.StartPresenter,attachView/1[com.annasedykh.loftcoin.screens.start.StartView],false,5,1,1,1,0,1,0,1,0,0,1,0,0,0,0,0,0,0,0,0,0,0,0,0,0,0,4,0,0,false
/home/arch_design_predict/download-github-repos/mvp/repos/LoftCoin-master/app/src/main/java/com/annasedykh/loftcoin/screens/start/StartPresenter.java,com.annasedykh.loftcoin.screens.start.StartPresenter,detachView/0,false,7,0,1,1,0,1,0,1,0,0,0,0,0,0,0,0,0,0,0,0,0,0,0,0,0,0,2,0,0,false
/home/arch_design_predict/download-github-repos/mvp/repos/LoftCoin-master/app/src/main/java/com/annasedykh/loftcoin/screens/start/StartPresenter.java,com.annasedykh.loftcoin.screens.start.StartPresenter,loadRate/0,false,9,0,1,1,0,1,0,1,0,0,0,0,0,0,0,0,0,0,0,0,0,0,0,0,0,0,2,0,0,false
/home/arch_design_predict/download-github-repos/mvp/repos/LoftCoin-master/app/src/main/java/com/annasedykh/loftcoin/screens/welcome/WelcomeFragment.java,com.annasedykh.loftcoin.screens.welcome.WelcomeFragment,onDestroyView/0,false,73,0,0,0,0,1,2,4,0,0,0,2,0,0,0,0,0,0,0,0,0,0,0,0,0,0,3,1,0,false
/home/arch_design_predict/download-github-repos/mvp/repos/LoftCoin-master/app/src/main/java/com/annasedykh/loftcoin/screens/welcome/WelcomeFragment.java,com.annasedykh.loftcoin.screens.welcome.WelcomeFragment,"onCreateView/3[com.annasedykh.loftcoin.screens.welcome.LayoutInflater,com.annasedykh.loftcoin.screens.welcome.ViewGroup,com.annasedykh.loftcoin.screens.welcome.Bundle]",false,51,4,0,0,0,1,1,3,1,0,3,1,0,0,0,0,0,0,0,0,0,0,0,0,0,0,8,1,0,false
/home/arch_design_predict/download-github-repos/mvp/repos/LoftCoin-master/app/src/main/java/com/annasedykh/loftcoin/screens/welcome/WelcomeFragment.java,com.annasedykh.loftcoin.screens.welcome.WelcomeFragment,"onViewCreated/2[com.annasedykh.loftcoin.screens.welcome.View,com.annasedykh.loftcoin.screens.welcome.Bundle]",false,57,5,3,0,3,3,9,12,0,1,2,9,0,0,0,2,0,0,0,0,2,0,2,0,0,0,21,1,0,false
/home/arch_design_predict/download-github-repos/mvp/repos/LoftCoin-master/app/src/main/java/com/annasedykh/loftcoin/screens/welcome/WelcomeFragment.java,com.annasedykh.loftcoin.screens.welcome.WelcomeFragment,WelcomeFragment/0,true,44,0,1,1,0,1,0,2,0,0,0,0,0,0,0,0,0,0,0,0,0,0,0,0,0,0,2,1,0,false
/home/arch_design_predict/download-github-repos/mvp/repos/LoftCoin-master/app/src/main/java/com/annasedykh/loftcoin/screens/welcome/WelcomeFragment.java,com.annasedykh.loftcoin.screens.welcome.WelcomeFragment,newInstance/1[com.annasedykh.loftcoin.screens.welcome.WelcomePage],false,23,3,2,1,1,1,2,7,1,2,1,2,0,0,0,0,0,0,0,0,2,0,0,0,0,0,9,9,0,false
/home/arch_design_predict/download-github-repos/mvp/repos/LoftCoin-master/app/src/main/java/com/annasedykh/loftcoin/data/prefs/PrefsImpl.java,com.annasedykh.loftcoin.data.prefs.PrefsImpl,isFirstLaunch/0,false,20,1,1,0,1,1,2,3,1,0,0,2,1,1,0,0,0,0,0,0,0,0,0,0,0,0,5,1,0,false
/home/arch_design_predict/download-github-repos/mvp/repos/LoftCoin-master/app/src/main/java/com/annasedykh/loftcoin/data/prefs/PrefsImpl.java,com.annasedykh.loftcoin.data.prefs.PrefsImpl,setFirstLaunch/1[boolean],false,25,1,1,0,1,1,4,3,0,0,1,4,1,1,0,0,0,0,0,0,0,0,0,0,0,0,6,1,0,false
/home/arch_design_predict/download-github-repos/mvp/repos/LoftCoin-master/app/src/main/java/com/annasedykh/loftcoin/data/prefs/PrefsImpl.java,com.annasedykh.loftcoin.data.prefs.PrefsImpl,getPrefs/0,false,29,1,4,4,0,1,1,3,1,0,0,1,0,0,0,0,0,0,0,0,0,0,0,0,0,0,4,2,0,false
/home/arch_design_predict/download-github-repos/mvp/repos/LoftCoin-master/app/src/main/java/com/annasedykh/loftcoin/data/prefs/PrefsImpl.java,com.annasedykh.loftcoin.data.prefs.PrefsImpl,setFiatCurrency/1[com.annasedykh.loftcoin.data.model.Fiat],false,39,2,1,0,1,1,5,3,0,0,1,5,1,1,0,0,0,0,0,0,0,0,0,0,0,0,6,1,0,false
/home/arch_design_predict/download-github-repos/mvp/repos/LoftCoin-master/app/src/main/java/com/annasedykh/loftcoin/data/prefs/PrefsImpl.java,com.annasedykh.loftcoin.data.prefs.PrefsImpl,PrefsImpl/1[com.annasedykh.loftcoin.data.prefs.Context],true,15,1,1,1,0,1,0,3,0,0,1,0,0,0,0,0,0,0,0,0,1,0,0,0,0,0,4,1,0,false
/home/arch_design_predict/download-github-repos/mvp/repos/LoftCoin-master/app/src/main/java/com/annasedykh/loftcoin/data/prefs/PrefsImpl.java,com.annasedykh.loftcoin.data.prefs.PrefsImpl,getFiatCurrency/0,false,34,2,2,0,2,1,4,3,1,0,0,4,1,1,0,0,0,0,0,0,0,0,0,0,0,0,4,1,0,false
/home/arch_design_predict/download-github-repos/mvp/repos/LoftCoin-master/app/src/main/java/com/annasedykh/loftcoin/screens/main/wallets/adapters/WalletsPagerAdapter.java,com.annasedykh.loftcoin.screens.main.wallets.adapters.WalletsPagerAdapter,"isViewFromObject/2[com.annasedykh.loftcoin.screens.main.wallets.adapters.View,java.lang.Object]",false,68,2,0,0,0,2,0,3,1,0,2,0,0,0,0,1,0,0,0,0,0,0,0,0,0,0,6,1,0,false
/home/arch_design_predict/download-github-repos/mvp/repos/LoftCoin-master/app/src/main/java/com/annasedykh/loftcoin/screens/main/wallets/adapters/WalletsPagerAdapter.java,com.annasedykh.loftcoin.screens.main.wallets.adapters.WalletsPagerAdapter,"instantiateItem/2[com.annasedykh.loftcoin.screens.main.wallets.adapters.ViewGroup,int]",false,47,4,2,0,2,1,6,7,1,2,2,6,0,0,0,0,0,0,0,0,2,0,0,0,0,0,9,1,0,false
/home/arch_design_predict/download-github-repos/mvp/repos/LoftCoin-master/app/src/main/java/com/annasedykh/loftcoin/screens/main/wallets/adapters/WalletsPagerAdapter.java,com.annasedykh.loftcoin.screens.main.wallets.adapters.WalletsPagerAdapter,WalletsPagerAdapter/1[com.annasedykh.loftcoin.data.prefs.Prefs],true,36,1,1,1,0,1,0,3,0,0,1,0,0,0,0,0,0,0,0,0,1,0,0,0,0,0,5,1,0,false
/home/arch_design_predict/download-github-repos/mvp/repos/LoftCoin-master/app/src/main/java/com/annasedykh/loftcoin/screens/main/wallets/adapters/WalletsPagerAdapter.java,com.annasedykh.loftcoin.screens.main.wallets.adapters.WalletsPagerAdapter,"destroyItem/3[com.annasedykh.loftcoin.screens.main.wallets.adapters.ViewGroup,int,java.lang.Object]",false,58,3,0,0,0,1,1,3,0,0,3,1,0,0,0,0,0,0,0,0,0,0,0,0,0,0,6,1,0,false
/home/arch_design_predict/download-github-repos/mvp/repos/LoftCoin-master/app/src/main/java/com/annasedykh/loftcoin/screens/main/wallets/adapters/WalletsPagerAdapter.java,com.annasedykh.loftcoin.screens.main.wallets.adapters.WalletsPagerAdapter,getCount/0,false,63,0,0,0,0,1,1,3,1,0,0,1,0,0,0,0,0,0,0,0,0,0,0,0,0,0,2,1,0,false
/home/arch_design_predict/download-github-repos/mvp/repos/LoftCoin-master/app/src/main/java/com/annasedykh/loftcoin/screens/main/wallets/adapters/WalletsPagerAdapter.java,com.annasedykh.loftcoin.screens.main.wallets.adapters.WalletsPagerAdapter,setWallets/1[java.util.List<com.annasedykh.loftcoin.data.db.model.WalletEntity>],false,40,1,0,0,0,1,1,4,0,0,1,1,0,0,0,0,0,0,0,0,1,0,0,0,0,0,7,1,0,false
/home/arch_design_predict/download-github-repos/mvp/repos/LoftCoin-master/app/src/main/java/com/annasedykh/loftcoin/screens/currencies/CurrenciesAdapterListener.java,com.annasedykh.loftcoin.screens.currencies.CurrenciesAdapterListener,onCurrencyClick/1[com.annasedykh.loftcoin.data.db.model.CoinEntity],false,7,1,0,0,0,1,0,1,0,0,1,0,0,0,0,0,0,0,0,0,0,0,0,0,0,0,6,0,0,false
/home/arch_design_predict/download-github-repos/mvp/repos/LoftCoin-master/app/src/main/java/com/annasedykh/loftcoin/screens/main/wallets/adapters/TransactionsAdapter.java,com.annasedykh.loftcoin.screens.main.wallets.adapters.TransactionsAdapter$TransactionViewHolder,"TransactionViewHolder/2[com.annasedykh.loftcoin.screens.main.wallets.adapters.View,com.annasedykh.loftcoin.data.prefs.Prefs]",true,81,2,1,1,0,1,1,5,0,0,2,1,0,0,0,0,0,0,0,0,1,0,0,0,0,0,5,0,0,false
/home/arch_design_predict/download-github-repos/mvp/repos/LoftCoin-master/app/src/main/java/com/annasedykh/loftcoin/screens/main/wallets/adapters/TransactionsAdapter.java,com.annasedykh.loftcoin.screens.main.wallets.adapters.TransactionsAdapter$TransactionViewHolder,bindDate/1[com.annasedykh.loftcoin.data.db.model.TransactionEntity],false,132,1,1,1,0,1,2,4,0,1,1,2,0,0,0,0,0,0,0,0,1,0,0,0,0,0,6,2,0,false
/home/arch_design_predict/download-github-repos/mvp/repos/LoftCoin-master/app/src/main/java/com/annasedykh/loftcoin/screens/main/wallets/adapters/TransactionsAdapter.java,com.annasedykh.loftcoin.screens.main.wallets.adapters.TransactionsAdapter$TransactionViewHolder,bindCryptoAmount/1[com.annasedykh.loftcoin.data.db.model.TransactionEntity],false,103,2,2,1,1,2,5,5,0,2,1,5,0,0,0,0,0,0,2,1,2,1,0,0,0,0,8,2,0,false
/home/arch_design_predict/download-github-repos/mvp/repos/LoftCoin-master/app/src/main/java/com/annasedykh/loftcoin/screens/main/wallets/adapters/TransactionsAdapter.java,com.annasedykh.loftcoin.screens.main.wallets.adapters.TransactionsAdapter$TransactionViewHolder,bindIcon/1[com.annasedykh.loftcoin.data.db.model.TransactionEntity],false,95,1,1,1,0,2,1,8,0,0,1,1,0,0,0,0,0,0,0,1,0,0,1,0,0,0,5,2,0,false
/home/arch_design_predict/download-github-repos/mvp/repos/LoftCoin-master/app/src/main/java/com/annasedykh/loftcoin/screens/main/wallets/adapters/TransactionsAdapter.java,com.annasedykh.loftcoin.screens.main.wallets.adapters.TransactionsAdapter$TransactionViewHolder,bind/1[com.annasedykh.loftcoin.data.db.model.TransactionEntity],false,88,2,5,1,4,1,4,6,0,0,1,4,4,1,0,0,0,0,0,0,0,0,0,0,0,0,9,1,0,false
/home/arch_design_predict/download-github-repos/mvp/repos/LoftCoin-master/app/src/main/java/com/annasedykh/loftcoin/screens/main/wallets/adapters/TransactionsAdapter.java,com.annasedykh.loftcoin.screens.main.wallets.adapters.TransactionsAdapter$TransactionViewHolder,bindFiatAmount/1[com.annasedykh.loftcoin.data.db.model.TransactionEntity],false,109,6,4,1,3,2,9,18,0,6,1,9,0,0,0,0,0,0,2,1,8,2,1,0,0,0,13,2,0,false
/home/arch_design_predict/download-github-repos/mvp/repos/LoftCoin-master/app/src/main/java/com/annasedykh/loftcoin/screens/welcome/WelcomeActivity.java,com.annasedykh.loftcoin.screens.welcome.WelcomeActivity,startInNewTask/1[com.annasedykh.loftcoin.screens.welcome.Context],false,21,3,1,1,0,1,2,5,0,1,1,2,0,0,0,0,0,0,0,0,1,0,0,0,0,0,8,9,0,false
/home/arch_design_predict/download-github-repos/mvp/repos/LoftCoin-master/app/src/main/java/com/annasedykh/loftcoin/screens/welcome/WelcomeActivity.java,com.annasedykh.loftcoin.screens.welcome.WelcomeActivity,onCreate/1[com.annasedykh.loftcoin.screens.welcome.Bundle],false,34,5,2,0,2,1,8,14,0,1,1,8,0,0,0,0,0,1,0,0,1,0,0,1,0,0,23,4,0,false
/home/arch_design_predict/download-github-repos/mvp/repos/LoftCoin-master/app/src/main/java/com/annasedykh/loftcoin/data/db/model/TransactionEntity.java,com.annasedykh.loftcoin.data.db.model.TransactionEntity,"TransactionEntity/4[java.lang.String,double,long,com.annasedykh.loftcoin.data.db.model.CoinEntity]",true,20,1,1,1,0,1,0,6,0,0,4,0,0,0,0,0,0,0,0,0,4,0,0,0,0,0,7,1,0,false
/home/arch_design_predict/download-github-repos/mvp/repos/LoftCoin-master/app/src/main/java/com/annasedykh/loftcoin/data/db/model/TransactionEntity.java,com.annasedykh.loftcoin.data.db.model.TransactionEntity,TransactionEntity/0,true,17,0,0,0,0,1,0,2,0,0,0,0,0,0,0,0,0,0,0,0,0,0,0,0,0,0,2,1,0,false
/home/arch_design_predict/download-github-repos/mvp/repos/LoftCoin-master/app/src/main/java/com/annasedykh/loftcoin/screens/main/wallets/adapters/WalletsPagerAdapter.java,com.annasedykh.loftcoin.screens.main.wallets.adapters.WalletsPagerAdapter$WalletViewHolder,bindSymbol/1[com.annasedykh.loftcoin.data.db.model.WalletEntity],false,120,3,2,1,1,2,10,16,0,3,1,10,0,0,0,1,0,0,0,1,3,0,1,0,0,0,11,2,0,false
/home/arch_design_predict/download-github-repos/mvp/repos/LoftCoin-master/app/src/main/java/com/annasedykh/loftcoin/screens/main/wallets/adapters/WalletsPagerAdapter.java,com.annasedykh.loftcoin.screens.main.wallets.adapters.WalletsPagerAdapter$WalletViewHolder,bindFiatAmount/1[com.annasedykh.loftcoin.data.db.model.WalletEntity],false,146,6,4,1,3,1,6,7,0,4,1,6,0,0,0,0,0,0,0,0,4,1,0,0,0,0,11,2,0,false
/home/arch_design_predict/download-github-repos/mvp/repos/LoftCoin-master/app/src/main/java/com/annasedykh/loftcoin/screens/main/wallets/adapters/WalletsPagerAdapter.java,com.annasedykh.loftcoin.screens.main.wallets.adapters.WalletsPagerAdapter$WalletViewHolder,bind/1[com.annasedykh.loftcoin.data.db.model.WalletEntity],false,108,2,5,1,4,1,4,6,0,0,1,4,4,1,0,0,0,0,0,0,0,0,0,0,0,0,9,1,0,false
/home/arch_design_predict/download-github-repos/mvp/repos/LoftCoin-master/app/src/main/java/com/annasedykh/loftcoin/screens/main/wallets/adapters/WalletsPagerAdapter.java,com.annasedykh.loftcoin.screens.main.wallets.adapters.WalletsPagerAdapter$WalletViewHolder,bindCryptoAmount/1[com.annasedykh.loftcoin.data.db.model.WalletEntity],false,139,2,2,1,1,1,4,4,0,1,1,4,0,0,0,0,0,0,0,0,1,0,0,0,0,0,7,2,0,false
/home/arch_design_predict/download-github-repos/mvp/repos/LoftCoin-master/app/src/main/java/com/annasedykh/loftcoin/screens/main/wallets/adapters/WalletsPagerAdapter.java,com.annasedykh.loftcoin.screens.main.wallets.adapters.WalletsPagerAdapter$WalletViewHolder,"WalletViewHolder/2[com.annasedykh.loftcoin.screens.main.wallets.adapters.View,com.annasedykh.loftcoin.data.prefs.Prefs]",true,101,2,1,1,0,1,1,5,0,0,2,1,0,0,0,0,0,0,0,0,1,0,0,0,0,0,5,0,0,false
/home/arch_design_predict/download-github-repos/mvp/repos/LoftCoin-master/app/src/main/java/com/annasedykh/loftcoin/screens/main/wallets/adapters/WalletsPagerAdapter.java,com.annasedykh.loftcoin.screens.main.wallets.adapters.WalletsPagerAdapter$WalletViewHolder,bindCurrency/1[com.annasedykh.loftcoin.data.db.model.WalletEntity],false,116,1,1,1,0,1,1,3,0,0,1,1,0,0,0,0,0,0,0,0,0,0,0,0,0,0,5,2,0,false
/home/arch_design_predict/download-github-repos/mvp/repos/LoftCoin-master/app/src/main/java/com/annasedykh/loftcoin/screens/welcome/WelcomePagerAdapter.java,com.annasedykh.loftcoin.screens.welcome.WelcomePagerAdapter,WelcomePagerAdapter/1[com.annasedykh.loftcoin.screens.welcome.FragmentManager],true,16,2,2,1,1,1,1,7,0,0,1,1,0,0,0,0,0,0,0,0,1,0,0,0,0,0,8,1,0,false
/home/arch_design_predict/download-github-repos/mvp/repos/LoftCoin-master/app/src/main/java/com/annasedykh/loftcoin/screens/welcome/WelcomePagerAdapter.java,com.annasedykh.loftcoin.screens.welcome.WelcomePagerAdapter,getItem/1[int],false,26,2,1,0,1,1,2,3,1,0,1,2,0,0,0,0,0,0,0,0,0,0,0,0,0,0,4,1,0,false
/home/arch_design_predict/download-github-repos/mvp/repos/LoftCoin-master/app/src/main/java/com/annasedykh/loftcoin/screens/welcome/WelcomePagerAdapter.java,com.annasedykh.loftcoin.screens.welcome.WelcomePagerAdapter,getCount/0,false,31,0,0,0,0,1,1,3,1,0,0,1,0,0,0,0,0,0,0,0,0,0,0,0,0,0,2,1,0,false
/home/arch_design_predict/download-github-repos/mvp/repos/LoftCoin-master/app/src/main/java/com/annasedykh/loftcoin/screens/main/rate/RatePresenter.java,com.annasedykh.loftcoin.screens.main.rate.RatePresenter,detachView/0,false,9,0,1,1,0,1,0,1,0,0,0,0,0,0,0,0,0,0,0,0,0,0,0,0,0,0,2,0,0,false
/home/arch_design_predict/download-github-repos/mvp/repos/LoftCoin-master/app/src/main/java/com/annasedykh/loftcoin/screens/main/rate/RatePresenter.java,com.annasedykh.loftcoin.screens.main.rate.RatePresenter,onMenuItemCurrencyClick/0,false,15,0,1,1,0,1,0,1,0,0,0,0,0,0,0,0,0,0,0,0,0,0,0,0,0,0,5,0,0,false
/home/arch_design_predict/download-github-repos/mvp/repos/LoftCoin-master/app/src/main/java/com/annasedykh/loftcoin/screens/main/rate/RatePresenter.java,com.annasedykh.loftcoin.screens.main.rate.RatePresenter,attachView/1[com.annasedykh.loftcoin.screens.main.rate.RateView],false,7,1,1,1,0,1,0,1,0,0,1,0,0,0,0,0,0,0,0,0,0,0,0,0,0,0,4,0,0,false
/home/arch_design_predict/download-github-repos/mvp/repos/LoftCoin-master/app/src/main/java/com/annasedykh/loftcoin/screens/main/rate/RatePresenter.java,com.annasedykh.loftcoin.screens.main.rate.RatePresenter,onFiatCurrencySelected/1[com.annasedykh.loftcoin.data.model.Fiat],false,17,1,1,1,0,1,0,1,0,0,1,0,0,0,0,0,0,0,0,0,0,0,0,0,0,0,5,0,0,false
/home/arch_design_predict/download-github-repos/mvp/repos/LoftCoin-master/app/src/main/java/com/annasedykh/loftcoin/screens/main/rate/RatePresenter.java,com.annasedykh.loftcoin.screens.main.rate.RatePresenter,onRateLongClick/1[java.lang.String],false,19,0,1,1,0,1,0,1,0,0,1,0,0,0,0,0,0,0,0,0,0,0,0,0,0,0,5,0,0,false
/home/arch_design_predict/download-github-repos/mvp/repos/LoftCoin-master/app/src/main/java/com/annasedykh/loftcoin/screens/main/rate/RatePresenter.java,com.annasedykh.loftcoin.screens.main.rate.RatePresenter,onRefresh/0,false,13,0,0,0,0,1,0,1,0,0,0,0,0,0,0,0,0,0,0,0,0,0,0,0,0,0,2,0,0,false
/home/arch_design_predict/download-github-repos/mvp/repos/LoftCoin-master/app/src/main/java/com/annasedykh/loftcoin/screens/main/rate/RatePresenter.java,com.annasedykh.loftcoin.screens.main.rate.RatePresenter,getRate/0,false,11,0,1,1,0,1,0,1,0,0,0,0,0,0,0,0,0,0,0,0,0,0,0,0,0,0,2,0,0,false
/home/arch_design_predict/download-github-repos/mvp/repos/LoftCoin-master/app/src/main/java/com/annasedykh/loftcoin/screens/currencies/CurrenciesBottomSheet.java,com.annasedykh.loftcoin.screens.currencies.CurrenciesBottomSheet,"onViewCreated/2[com.annasedykh.loftcoin.screens.currencies.View,com.annasedykh.loftcoin.screens.currencies.Bundle]",false,55,7,1,0,1,1,12,9,0,2,2,12,0,0,0,0,0,0,0,0,1,0,0,0,0,1,17,1,0,false
/home/arch_design_predict/download-github-repos/mvp/repos/LoftCoin-master/app/src/main/java/com/annasedykh/loftcoin/screens/currencies/CurrenciesBottomSheet.java,com.annasedykh.loftcoin.screens.currencies.CurrenciesBottomSheet,setListener/1[com.annasedykh.loftcoin.screens.currencies.CurrenciesBottomSheetListener],false,77,1,4,4,0,1,0,3,0,0,1,0,0,0,0,0,0,0,0,0,1,0,0,0,0,0,6,1,0,false
/home/arch_design_predict/download-github-repos/mvp/repos/LoftCoin-master/app/src/main/java/com/annasedykh/loftcoin/screens/currencies/CurrenciesBottomSheet.java,com.annasedykh.loftcoin.screens.currencies.CurrenciesBottomSheet,onCurrencyClick/1[com.annasedykh.loftcoin.data.db.model.CoinEntity],false,82,2,1,0,1,2,2,6,0,0,1,2,0,0,0,1,0,0,0,0,0,0,1,0,0,0,9,1,0,false
/home/arch_design_predict/download-github-repos/mvp/repos/LoftCoin-master/app/src/main/java/com/annasedykh/loftcoin/screens/currencies/CurrenciesBottomSheet.java,com.annasedykh.loftcoin.screens.currencies.CurrenciesBottomSheet,"onCreateView/3[com.annasedykh.loftcoin.screens.currencies.LayoutInflater,com.annasedykh.loftcoin.screens.currencies.ViewGroup,com.annasedykh.loftcoin.screens.currencies.Bundle]",false,50,6,0,0,0,1,1,3,1,0,3,1,0,0,0,0,0,0,0,0,0,0,0,0,0,0,10,1,0,false
/home/arch_design_predict/download-github-repos/mvp/repos/LoftCoin-master/app/src/main/java/com/annasedykh/loftcoin/screens/currencies/CurrenciesBottomSheet.java,com.annasedykh.loftcoin.screens.currencies.CurrenciesBottomSheet,onCreate/1[com.annasedykh.loftcoin.screens.currencies.Bundle],false,38,5,4,0,4,1,6,7,0,0,1,6,0,0,0,0,0,1,0,0,2,0,0,0,0,0,13,1,0,false
/home/arch_design_predict/download-github-repos/mvp/repos/LoftCoin-master/app/src/main/java/com/annasedykh/loftcoin/screens/currencies/CurrenciesBottomSheet.java,com.annasedykh.loftcoin.screens.currencies.CurrenciesBottomSheet,onDestroy/0,false,71,1,1,0,1,1,3,5,0,0,0,3,0,0,0,0,0,0,0,0,0,0,0,0,0,0,2,1,0,false
/home/arch_design_predict/download-github-repos/mvp/repos/LoftCoin-master/app/src/main/java/com/annasedykh/loftcoin/screens/main/rate/RateAdapter.java,com.annasedykh.loftcoin.screens.main.rate.RateAdapter$Listener,onRateLongClick/1[java.lang.String],false,181,0,0,0,0,1,0,1,0,0,1,0,0,0,0,0,0,0,0,0,0,0,0,0,0,0,5,0,0,false
/home/arch_design_predict/download-github-repos/mvp/repos/LoftCoin-master/app/src/main/java/com/annasedykh/loftcoin/job/SyncRateJobService.java,com.annasedykh.loftcoin.job.SyncRateJobService,onStartJob/1[com.annasedykh.loftcoin.job.JobParameters],false,62,2,1,0,1,1,2,5,1,0,1,2,1,1,0,0,0,0,1,0,0,0,0,0,0,0,7,1,0,false
/home/arch_design_predict/download-github-repos/mvp/repos/LoftCoin-master/app/src/main/java/com/annasedykh/loftcoin/job/SyncRateJobService.java,com.annasedykh.loftcoin.job.SyncRateJobService,"priceToString/2[com.annasedykh.loftcoin.data.model.Fiat,double]",false,135,3,2,1,1,2,2,5,1,2,2,2,0,0,0,0,0,0,3,1,2,1,0,0,0,0,6,2,0,false
/home/arch_design_predict/download-github-repos/mvp/repos/LoftCoin-master/app/src/main/java/com/annasedykh/loftcoin/job/SyncRateJobService.java,com.annasedykh.loftcoin.job.SyncRateJobService,doJob/1[com.annasedykh.loftcoin.job.JobParameters],false,80,3,3,1,2,1,13,12,0,3,1,13,0,0,0,0,0,0,2,0,2,0,1,0,0,3,15,2,0,false
/home/arch_design_predict/download-github-repos/mvp/repos/LoftCoin-master/app/src/main/java/com/annasedykh/loftcoin/job/SyncRateJobService.java,com.annasedykh.loftcoin.job.SyncRateJobService,"showRateChangedNotification/2[com.annasedykh.loftcoin.data.db.model.CoinEntity,java.lang.String]",false,150,8,1,1,0,3,12,15,0,6,2,12,0,0,0,1,0,0,0,1,6,0,2,0,0,0,23,2,0,false
/home/arch_design_predict/download-github-repos/mvp/repos/LoftCoin-master/app/src/main/java/com/annasedykh/loftcoin/job/SyncRateJobService.java,com.annasedykh.loftcoin.job.SyncRateJobService,onCreate/0,false,51,3,5,0,5,1,5,8,0,0,0,5,0,0,0,0,0,3,0,0,5,0,0,0,0,0,15,1,0,false
/home/arch_design_predict/download-github-repos/mvp/repos/LoftCoin-master/app/src/main/java/com/annasedykh/loftcoin/job/SyncRateJobService.java,com.annasedykh.loftcoin.job.SyncRateJobService,onStopJob/1[com.annasedykh.loftcoin.job.JobParameters],false,70,1,0,0,0,2,3,7,1,0,1,3,0,0,0,0,0,0,1,0,0,0,1,0,0,0,6,1,0,false
/home/arch_design_predict/download-github-repos/mvp/repos/LoftCoin-master/app/src/main/java/com/annasedykh/loftcoin/job/SyncRateJobService.java,com.annasedykh.loftcoin.job.SyncRateJobService,"findCoin/2[java.util.List<com.annasedykh.loftcoin.data.db.model.CoinEntity>,java.lang.String]",false,141,1,1,1,0,3,1,8,2,0,2,1,0,0,1,0,0,0,0,0,0,0,2,0,0,0,8,2,0,false
/home/arch_design_predict/download-github-repos/mvp/repos/LoftCoin-master/app/src/main/java/com/annasedykh/loftcoin/job/SyncRateJobService.java,com.annasedykh.loftcoin.job.SyncRateJobService,handleCoins/1[java.util.List<com.annasedykh.loftcoin.data.db.model.CoinEntity>],false,102,6,9,0,9,4,11,22,0,7,1,11,3,1,0,2,0,0,3,0,7,1,2,0,0,0,22,2,0,false
/home/arch_design_predict/download-github-repos/mvp/repos/LoftCoin-master/app/src/main/java/com/annasedykh/loftcoin/job/SyncRateJobService.java,com.annasedykh.loftcoin.job.SyncRateJobService,handleError/1[java.lang.Throwable],false,98,0,0,0,0,1,1,3,0,0,1,1,0,0,0,0,0,0,2,0,0,1,0,0,0,0,7,2,0,false
/home/arch_design_predict/download-github-repos/mvp/repos/LoftCoin-master/app/src/main/java/com/annasedykh/loftcoin/screens/main/wallets/adapters/TransactionsAdapter.java,com.annasedykh.loftcoin.screens.main.wallets.adapters.TransactionsAdapter,setTransactions/1[java.util.List<com.annasedykh.loftcoin.data.db.model.TransactionEntity>],false,37,1,0,0,0,1,1,4,0,0,1,1,0,0,0,0,0,0,0,0,1,0,0,0,0,0,7,1,0,false
/home/arch_design_predict/download-github-repos/mvp/repos/LoftCoin-master/app/src/main/java/com/annasedykh/loftcoin/screens/main/wallets/adapters/TransactionsAdapter.java,com.annasedykh.loftcoin.screens.main.wallets.adapters.TransactionsAdapter,"onCreateViewHolder/2[com.annasedykh.loftcoin.screens.main.wallets.adapters.ViewGroup,int]",false,44,4,1,0,1,1,3,4,1,1,2,3,0,0,0,0,0,0,0,0,1,0,0,0,0,0,8,1,0,false
/home/arch_design_predict/download-github-repos/mvp/repos/LoftCoin-master/app/src/main/java/com/annasedykh/loftcoin/screens/main/wallets/adapters/TransactionsAdapter.java,com.annasedykh.loftcoin.screens.main.wallets.adapters.TransactionsAdapter,getItemCount/0,false,55,0,0,0,0,1,1,3,1,0,0,1,0,0,0,0,0,0,0,0,0,0,0,0,0,0,3,1,0,false
/home/arch_design_predict/download-github-repos/mvp/repos/LoftCoin-master/app/src/main/java/com/annasedykh/loftcoin/screens/main/wallets/adapters/TransactionsAdapter.java,com.annasedykh.loftcoin.screens.main.wallets.adapters.TransactionsAdapter,"onBindViewHolder/2[com.annasedykh.loftcoin.screens.main.wallets.adapters.TransactionsAdapter.TransactionViewHolder,int]",false,50,2,1,0,1,1,2,3,0,0,2,2,0,0,0,0,0,0,0,0,0,0,0,0,0,0,6,1,0,false
/home/arch_design_predict/download-github-repos/mvp/repos/LoftCoin-master/app/src/main/java/com/annasedykh/loftcoin/screens/main/wallets/adapters/TransactionsAdapter.java,com.annasedykh.loftcoin.screens.main.wallets.adapters.TransactionsAdapter,TransactionsAdapter/1[com.annasedykh.loftcoin.data.prefs.Prefs],true,33,1,1,1,0,1,0,3,0,0,1,0,0,0,0,0,0,0,0,0,1,0,0,0,0,0,4,1,0,false
