file,class,type,cbo,cboModified,fanin,fanout,wmc,dit,noc,rfc,lcom,lcom*,tcc,lcc,totalMethodsQty,staticMethodsQty,publicMethodsQty,privateMethodsQty,protectedMethodsQty,defaultMethodsQty,visibleMethodsQty,abstractMethodsQty,finalMethodsQty,synchronizedMethodsQty,totalFieldsQty,staticFieldsQty,publicFieldsQty,privateFieldsQty,protectedFieldsQty,defaultFieldsQty,finalFieldsQty,synchronizedFieldsQty,nosi,loc,returnQty,loopQty,comparisonsQty,tryCatchQty,parenthesizedExpsQty,stringLiteralsQty,numbersQty,assignmentsQty,mathOperationsQty,variablesQty,maxNestedBlocksQty,anonymousClassesQty,innerClassesQty,lambdasQty,uniqueWordsQty,modifiers,logStatementsQty
/home/arch_design_predict/download-github-repos/mvvm/repos/snip-et-al-master/app/src/main/java/com/boophq/snipetal/LockActivity.java,com.boophq.snipetal.LockActivity$Anonymous1,anonymous,2,2,0,2,2,1,0,4,0,0.0,NaN,NaN,1,0,1,0,0,0,1,0,0,0,0,0,0,0,0,0,0,0,0,6,0,0,1,0,0,0,1,0,0,0,1,0,0,0,7,-1,0
/home/arch_design_predict/download-github-repos/mvvm/repos/snip-et-al-master/app/src/main/java/com/boophq/snipetal/LockActivity.java,com.boophq.snipetal.LockActivity$Anonymous2,anonymous,2,2,0,2,2,1,0,4,0,0.0,NaN,NaN,1,0,1,0,0,0,1,0,0,0,0,0,0,0,0,0,0,0,0,10,0,0,0,0,0,1,0,0,0,0,1,0,0,0,8,-1,0
/home/arch_design_predict/download-github-repos/mvvm/repos/snip-et-al-master/app/src/main/java/com/boophq/snipetal/AppDatabase.java,com.boophq.snipetal.AppDatabase,class,8,11,3,8,3,3,0,5,1,0.5,0.0,0.0,2,1,2,0,0,0,2,1,0,1,2,2,0,2,0,0,0,0,0,30,1,0,1,0,0,1,1,2,0,2,1,1,1,0,15,1025,0
/home/arch_design_predict/download-github-repos/mvvm/repos/snip-et-al-master/app/src/main/java/com/boophq/snipetal/AppDatabase.java,com.boophq.snipetal.AppDatabase$PopulateDbAsyncTask,innerclass,4,4,0,4,2,2,0,2,0,0.0,NaN,NaN,2,0,0,1,1,0,1,0,0,0,1,0,0,1,0,0,0,0,0,13,1,0,0,0,0,8,4,1,0,1,0,0,0,0,32,9,0
/home/arch_design_predict/download-github-repos/mvvm/repos/snip-et-al-master/app/src/main/java/com/boophq/snipetal/SnipAdapter.java,com.boophq.snipetal.SnipAdapter$OnItemClickListener,interface,1,1,0,1,1,1,0,0,0,0.0,NaN,NaN,1,0,0,0,0,1,1,0,0,0,0,0,0,0,0,0,0,0,0,3,0,0,0,0,0,0,0,0,0,0,0,0,0,0,6,1,0
/home/arch_design_predict/download-github-repos/mvvm/repos/snip-et-al-master/app/src/main/java/com/boophq/snipetal/SnipRepository.java,com.boophq.snipetal.SnipRepository$InsertSnipAsyncTask,innerclass,3,3,0,3,2,2,0,1,0,0.0,NaN,NaN,2,0,0,1,1,0,1,0,0,0,1,0,0,1,0,0,0,0,0,10,1,0,0,0,0,0,1,1,0,1,0,0,0,0,12,10,0
/home/arch_design_predict/download-github-repos/mvvm/repos/snip-et-al-master/app/src/main/java/com/boophq/snipetal/Snip.java,com.boophq.snipetal.Snip,class,2,15,13,2,6,1,0,0,7,0.6666667,0.26666668,0.46666667,6,0,6,0,0,0,6,0,0,0,4,0,0,4,0,0,0,0,0,26,4,0,0,0,0,1,0,4,0,4,0,0,0,0,16,1,0
/home/arch_design_predict/download-github-repos/mvvm/repos/snip-et-al-master/app/src/main/java/com/boophq/snipetal/SnipAdapter.java,com.boophq.snipetal.SnipAdapter$Anonymous1,anonymous,2,2,0,2,4,1,0,5,1,0.0,0.0,0.0,2,0,2,0,0,0,2,0,0,0,0,0,0,0,0,0,0,0,0,8,2,0,2,0,0,0,0,0,0,0,0,0,0,0,8,-1,0
/home/arch_design_predict/download-github-repos/mvvm/repos/snip-et-al-master/app/src/main/java/com/boophq/snipetal/LockActivity.java,com.boophq.snipetal.LockActivity,class,8,9,1,8,6,2,0,15,0,0.5833333,1.0,1.0,4,0,2,1,1,0,3,0,0,0,4,1,0,3,0,1,1,0,0,41,0,0,0,0,1,5,3,8,2,8,1,2,0,0,36,1,0
/home/arch_design_predict/download-github-repos/mvvm/repos/snip-et-al-master/app/src/main/java/com/boophq/snipetal/AppDatabase.java,com.boophq.snipetal.AppDatabase$Anonymous1,anonymous,3,3,0,3,1,1,0,2,0,0.0,NaN,NaN,1,0,1,0,0,0,1,0,0,0,0,0,0,0,0,0,0,0,0,6,0,0,0,0,0,0,0,0,0,0,0,0,0,0,13,-1,0
/home/arch_design_predict/download-github-repos/mvvm/repos/snip-et-al-master/app/src/main/java/com/boophq/snipetal/SnipAdapter.java,com.boophq.snipetal.SnipAdapter$SnipHolder$Anonymous2,anonymous,2,2,0,2,3,1,0,3,0,0.0,NaN,NaN,1,0,1,0,0,0,1,0,0,0,0,0,0,0,0,0,0,0,0,8,0,0,2,0,0,0,0,1,0,1,1,0,0,0,11,-1,0
/home/arch_design_predict/download-github-repos/mvvm/repos/snip-et-al-master/app/src/main/java/com/boophq/snipetal/SnipRepository.java,com.boophq.snipetal.SnipRepository$DeleteSnipAsyncTask,innerclass,3,3,0,3,2,2,0,1,0,0.0,NaN,NaN,2,0,0,1,1,0,1,0,0,0,1,0,0,1,0,0,0,0,0,10,1,0,0,0,0,0,1,1,0,1,0,0,0,0,12,10,0
/home/arch_design_predict/download-github-repos/mvvm/repos/snip-et-al-master/app/src/main/java/com/boophq/snipetal/MainActivity.java,com.boophq.snipetal.MainActivity,class,19,20,1,19,10,2,0,25,0,0.5833333,0.5,0.5,4,0,2,0,2,0,4,0,0,0,3,2,2,1,0,0,2,0,0,93,4,0,5,0,0,5,7,16,0,16,2,4,0,0,72,1,0
/home/arch_design_predict/download-github-repos/mvvm/repos/snip-et-al-master/app/src/main/java/com/boophq/snipetal/SnipAdapter.java,com.boophq.snipetal.SnipAdapter$SnipHolder,innerclass,4,4,0,4,1,2,0,2,0,0.0,NaN,NaN,1,0,1,0,0,0,1,0,0,0,3,0,0,3,0,0,0,0,0,20,0,0,0,0,0,0,0,3,0,3,0,1,0,0,9,0,0
/home/arch_design_predict/download-github-repos/mvvm/repos/snip-et-al-master/app/src/main/java/com/boophq/snipetal/MainActivity.java,com.boophq.snipetal.MainActivity$Anonymous4,anonymous,3,3,0,3,1,1,0,6,0,0.0,NaN,NaN,1,0,1,0,0,0,1,0,0,0,0,0,0,0,0,0,0,0,0,10,0,0,0,0,0,0,0,1,0,1,0,0,0,0,11,-1,0
/home/arch_design_predict/download-github-repos/mvvm/repos/snip-et-al-master/app/src/main/java/com/boophq/snipetal/MainActivity.java,com.boophq.snipetal.MainActivity$Anonymous3,anonymous,5,5,0,5,2,1,0,5,1,0.0,0.0,0.0,2,0,2,0,0,0,2,0,0,0,0,0,0,0,0,0,0,0,0,9,1,0,0,0,0,1,0,0,0,0,0,0,0,0,8,-1,0
/home/arch_design_predict/download-github-repos/mvvm/repos/snip-et-al-master/app/src/main/java/com/boophq/snipetal/MainActivity.java,com.boophq.snipetal.MainActivity$Anonymous2,anonymous,1,1,0,1,1,1,0,1,0,0.0,NaN,NaN,1,0,1,0,0,0,1,0,0,0,0,0,0,0,0,0,0,0,0,5,0,0,0,0,0,0,0,0,0,0,0,0,0,0,3,-1,0
/home/arch_design_predict/download-github-repos/mvvm/repos/snip-et-al-master/app/src/main/java/com/boophq/snipetal/MainActivity.java,com.boophq.snipetal.MainActivity$Anonymous1,anonymous,3,3,0,3,1,1,0,1,0,0.0,NaN,NaN,1,0,1,0,0,0,1,0,0,0,0,0,0,0,0,0,0,0,0,6,0,0,0,0,0,0,0,1,0,1,0,0,0,0,10,-1,0
/home/arch_design_predict/download-github-repos/mvvm/repos/snip-et-al-master/app/src/main/java/com/boophq/snipetal/SnipViewModel.java,com.boophq.snipetal.SnipViewModel,class,6,8,2,6,6,2,0,5,0,0.4166667,0.73333335,1.0,6,0,6,0,0,0,6,0,0,0,2,0,0,2,0,0,0,0,0,24,1,0,0,0,0,0,0,2,0,2,0,0,0,0,16,1,0
/home/arch_design_predict/download-github-repos/mvvm/repos/snip-et-al-master/app/src/main/java/com/boophq/snipetal/SnipAdapter.java,com.boophq.snipetal.SnipAdapter,class,9,11,2,9,5,3,0,9,10,0.8,0.0,0.0,5,0,5,0,0,0,5,0,0,0,2,1,0,2,0,0,1,0,1,54,2,0,0,0,0,0,0,4,0,4,0,1,2,0,30,1,0
/home/arch_design_predict/download-github-repos/mvvm/repos/snip-et-al-master/app/src/main/java/com/boophq/snipetal/SnipDao.java,com.boophq.snipetal.SnipDao,interface,7,14,7,7,5,1,0,0,10,0.0,0.0,0.0,5,0,0,0,0,5,5,0,0,0,0,0,0,0,0,0,0,0,0,7,0,0,0,0,0,2,0,0,0,0,0,0,0,0,19,1,0
/home/arch_design_predict/download-github-repos/mvvm/repos/snip-et-al-master/app/src/main/java/com/boophq/snipetal/SnipRepository.java,com.boophq.snipetal.SnipRepository,class,10,11,1,10,6,5,0,4,0,0.4166667,0.73333335,1.0,6,0,6,0,0,0,6,0,0,0,2,0,0,2,0,0,0,0,1,64,1,0,0,0,0,0,0,3,0,3,0,0,4,0,21,1,0
/home/arch_design_predict/download-github-repos/mvvm/repos/snip-et-al-master/app/src/main/java/com/boophq/snipetal/AddEditSnipActivity.java,com.boophq.snipetal.AddEditSnipActivity,class,10,13,3,10,9,2,0,30,4,0.53571427,0.0,0.0,4,0,2,1,1,0,3,0,0,0,7,4,4,3,0,0,4,0,0,68,5,0,1,0,0,8,5,14,0,14,1,0,0,0,68,1,0
/home/arch_design_predict/download-github-repos/mvvm/repos/snip-et-al-master/app/src/main/java/com/boophq/snipetal/SnipRepository.java,com.boophq.snipetal.SnipRepository$DeleteAllSnipsAsyncTask,innerclass,2,2,0,2,2,2,0,1,0,0.0,NaN,NaN,2,0,0,1,1,0,1,0,0,0,1,0,0,1,0,0,0,0,0,10,1,0,0,0,0,0,0,1,0,1,0,0,0,0,14,10,0
/home/arch_design_predict/download-github-repos/mvvm/repos/snip-et-al-master/app/src/androidTest/java/com/boophq/snipetal/ExampleInstrumentedTest.java,com.boophq.snipetal.ExampleInstrumentedTest,class,4,4,0,4,1,1,0,4,0,0.0,NaN,NaN,1,0,1,0,0,0,1,0,0,0,0,0,0,0,0,0,0,0,0,6,0,0,0,0,0,1,0,1,0,1,0,0,0,0,19,1,0
/home/arch_design_predict/download-github-repos/mvvm/repos/snip-et-al-master/app/src/main/java/com/boophq/snipetal/SnipRepository.java,com.boophq.snipetal.SnipRepository$UpdateSnipAsyncTask,innerclass,3,3,0,3,2,2,0,1,0,0.0,NaN,NaN,2,0,0,1,1,0,1,0,0,0,1,0,0,1,0,0,0,0,0,10,1,0,0,0,0,0,1,1,0,1,0,0,0,0,12,10,0
/home/arch_design_predict/download-github-repos/mvvm/repos/snip-et-al-master/app/src/test/java/com/boophq/snipetal/ExampleUnitTest.java,com.boophq.snipetal.ExampleUnitTest,class,1,1,0,1,1,1,0,1,0,0.0,NaN,NaN,1,0,1,0,0,0,1,0,0,0,0,0,0,0,0,0,0,0,0,5,0,0,0,0,0,0,3,0,1,0,0,0,0,0,22,1,0
