file,class,type,cbo,cboModified,fanin,fanout,wmc,dit,noc,rfc,lcom,lcom*,tcc,lcc,totalMethodsQty,staticMethodsQty,publicMethodsQty,privateMethodsQty,protectedMethodsQty,defaultMethodsQty,visibleMethodsQty,abstractMethodsQty,finalMethodsQty,synchronizedMethodsQty,totalFieldsQty,staticFieldsQty,publicFieldsQty,privateFieldsQty,protectedFieldsQty,defaultFieldsQty,finalFieldsQty,synchronizedFieldsQty,nosi,loc,returnQty,loopQty,comparisonsQty,tryCatchQty,parenthesizedExpsQty,stringLiteralsQty,numbersQty,assignmentsQty,mathOperationsQty,variablesQty,maxNestedBlocksQty,anonymousClassesQty,innerClassesQty,lambdasQty,uniqueWordsQty,modifiers,logStatementsQty
/home/arch_design_predict/download-github-repos/mvvm/repos/SimpleBlogMVVM-Android-master/BlogMVVMAndroid/app/src/main/java/com/github/htdangkhoa/blogmvvmandroid/util/Observable.java,com.github.htdangkhoa.blogmvvmandroid.util.Observable,class,3,8,5,3,9,2,3,5,13,0.6428572,0.1904762,0.1904762,7,0,7,0,0,0,7,0,0,0,2,0,0,0,0,2,0,0,0,27,2,0,1,0,0,0,0,2,0,2,1,0,0,0,21,1,0
/home/arch_design_predict/download-github-repos/mvvm/repos/SimpleBlogMVVM-Android-master/BlogMVVMAndroid/app/src/main/java/com/github/htdangkhoa/blogmvvmandroid/network/IService.java,com.github.htdangkhoa.blogmvvmandroid.network.IService,interface,8,11,3,8,4,1,0,0,6,0.0,0.0,0.0,4,0,0,0,0,4,4,0,0,0,0,0,0,0,0,0,0,0,0,6,0,0,0,0,0,5,0,0,0,0,0,0,0,0,15,1,0
/home/arch_design_predict/download-github-repos/mvvm/repos/SimpleBlogMVVM-Android-master/BlogMVVMAndroid/app/src/test/java/com/github/htdangkhoa/blogmvvmandroid/ExampleUnitTest.java,com.github.htdangkhoa.blogmvvmandroid.ExampleUnitTest,class,1,1,0,1,1,1,0,1,0,0.0,NaN,NaN,1,0,1,0,0,0,1,0,0,0,0,0,0,0,0,0,0,0,0,5,0,0,0,0,0,0,3,0,1,0,0,0,0,0,23,1,0
/home/arch_design_predict/download-github-repos/mvvm/repos/SimpleBlogMVVM-Android-master/BlogMVVMAndroid/app/src/main/java/com/github/htdangkhoa/blogmvvmandroid/view/fragment/HomeFragment.java,com.github.htdangkhoa.blogmvvmandroid.view.fragment.HomeFragment,class,16,18,2,16,4,2,0,19,0,0.5,0.6666667,1.0,4,0,3,1,0,0,3,0,0,0,5,0,0,0,0,5,0,0,0,50,1,0,0,0,0,0,0,9,0,11,0,1,0,1,45,1,0
/home/arch_design_predict/download-github-repos/mvvm/repos/SimpleBlogMVVM-Android-master/BlogMVVMAndroid/app/src/main/java/com/github/htdangkhoa/blogmvvmandroid/util/Utils.java,com.github.htdangkhoa.blogmvvmandroid.util.Utils$Fragment,innerclass,10,10,0,10,12,1,0,12,3,0.0,0.0,0.0,3,3,3,0,0,0,3,0,3,0,0,0,0,0,0,0,0,0,0,58,2,1,3,0,3,0,3,9,1,9,1,0,1,0,34,9,0
/home/arch_design_predict/download-github-repos/mvvm/repos/SimpleBlogMVVM-Android-master/BlogMVVMAndroid/app/src/main/java/com/github/htdangkhoa/blogmvvmandroid/util/Utils.java,com.github.htdangkhoa.blogmvvmandroid.util.Utils$Fragment$Anim,enum,0,0,0,0,0,1,0,0,0,0.0,-1.0,-1.0,0,0,0,0,0,0,0,0,0,0,0,0,0,0,0,0,0,0,0,1,0,0,0,0,0,0,0,0,0,0,0,0,0,0,10,1,0
/home/arch_design_predict/download-github-repos/mvvm/repos/SimpleBlogMVVM-Android-master/BlogMVVMAndroid/app/src/main/java/com/github/htdangkhoa/blogmvvmandroid/view/adapter/HomeAdapter.java,com.github.htdangkhoa.blogmvvmandroid.view.adapter.HomeAdapter$ViewHolder,innerclass,4,4,0,4,3,2,0,3,0,0.0,1.0,1.0,2,0,2,0,0,0,2,0,0,0,1,0,0,0,0,1,0,0,0,15,0,0,1,0,0,0,0,1,0,1,1,0,0,0,10,0,0
/home/arch_design_predict/download-github-repos/mvvm/repos/SimpleBlogMVVM-Android-master/BlogMVVMAndroid/app/src/main/java/com/github/htdangkhoa/blogmvvmandroid/view/fragment/HomeFragment.java,com.github.htdangkhoa.blogmvvmandroid.view.fragment.HomeFragment$Anonymous1,anonymous,1,1,0,1,6,1,0,5,1,0.0,0.0,0.0,2,0,2,0,0,0,2,0,0,0,0,0,0,0,0,0,0,0,0,12,0,0,1,0,0,0,2,0,0,0,1,0,0,0,9,-1,0
/home/arch_design_predict/download-github-repos/mvvm/repos/SimpleBlogMVVM-Android-master/BlogMVVMAndroid/app/src/main/java/com/github/htdangkhoa/blogmvvmandroid/view/adapter/HomeAdapter.java,com.github.htdangkhoa.blogmvvmandroid.view.adapter.HomeAdapter,class,10,12,2,10,5,2,0,16,0,0.4,0.7,1.0,5,0,5,0,0,0,5,0,0,0,2,0,0,0,0,2,0,0,0,48,2,0,0,0,0,4,0,6,0,7,1,0,1,1,35,1,0
/home/arch_design_predict/download-github-repos/mvvm/repos/SimpleBlogMVVM-Android-master/BlogMVVMAndroid/app/src/main/java/com/github/htdangkhoa/blogmvvmandroid/model/Response.java,com.github.htdangkhoa.blogmvvmandroid.model.Response,class,1,4,3,1,2,1,0,0,1,0.5,0.0,0.0,2,0,2,0,0,0,2,0,0,0,2,0,0,0,0,2,0,0,0,10,2,0,0,0,0,0,0,0,0,2,0,0,0,0,10,1,0
/home/arch_design_predict/download-github-repos/mvvm/repos/SimpleBlogMVVM-Android-master/BlogMVVMAndroid/app/src/androidTest/java/com/github/htdangkhoa/blogmvvmandroid/ExampleInstrumentedTest.java,com.github.htdangkhoa.blogmvvmandroid.ExampleInstrumentedTest,class,4,4,0,4,1,1,0,3,0,0.0,NaN,NaN,1,0,1,0,0,0,1,0,0,0,0,0,0,0,0,0,0,0,0,6,0,0,0,0,0,1,0,1,0,1,0,0,0,0,20,1,0
/home/arch_design_predict/download-github-repos/mvvm/repos/SimpleBlogMVVM-Android-master/BlogMVVMAndroid/app/src/main/java/com/github/htdangkhoa/blogmvvmandroid/view/activity/MainActivity.java,com.github.htdangkhoa.blogmvvmandroid.view.activity.MainActivity,class,4,4,0,4,2,2,0,4,1,0.0,0.0,0.0,2,0,1,0,1,0,2,0,0,0,0,0,0,0,0,0,0,0,2,10,0,0,0,0,0,0,0,0,0,0,0,0,0,0,17,1,0
/home/arch_design_predict/download-github-repos/mvvm/repos/SimpleBlogMVVM-Android-master/BlogMVVMAndroid/app/src/main/java/com/github/htdangkhoa/blogmvvmandroid/view/fragment/PostFormFragment.java,com.github.htdangkhoa.blogmvvmandroid.view.fragment.PostFormFragment,class,9,10,1,9,4,2,0,14,1,0.5555556,0.33333334,0.33333334,3,0,3,0,0,0,3,0,0,0,3,0,0,0,0,3,0,0,0,30,1,0,1,0,0,4,0,8,0,8,1,0,0,0,36,1,0
/home/arch_design_predict/download-github-repos/mvvm/repos/SimpleBlogMVVM-Android-master/BlogMVVMAndroid/app/src/main/java/com/github/htdangkhoa/blogmvvmandroid/view/widget/ItemTouchHelperCallback.java,com.github.htdangkhoa.blogmvvmandroid.view.widget.ItemTouchHelperCallback$IItemTouch,interface,1,1,0,1,1,1,0,0,0,0.0,NaN,NaN,1,0,0,0,0,1,1,0,0,0,0,0,0,0,0,0,0,0,0,3,0,0,0,0,0,0,0,0,0,0,0,0,0,0,7,1,0
/home/arch_design_predict/download-github-repos/mvvm/repos/SimpleBlogMVVM-Android-master/BlogMVVMAndroid/app/src/main/java/com/github/htdangkhoa/blogmvvmandroid/model/Post.java,com.github.htdangkhoa.blogmvvmandroid.model.Post,class,0,6,6,0,6,1,0,0,9,0.6666667,0.2,0.2,6,0,6,0,0,0,6,0,0,0,1,0,0,0,0,1,0,0,0,21,3,0,0,0,0,0,0,3,0,3,0,0,0,0,13,1,0
/home/arch_design_predict/download-github-repos/mvvm/repos/SimpleBlogMVVM-Android-master/BlogMVVMAndroid/app/src/main/java/com/github/htdangkhoa/blogmvvmandroid/view/widget/ItemTouchHelperCallback.java,com.github.htdangkhoa.blogmvvmandroid.view.widget.ItemTouchHelperCallback,class,5,6,1,5,6,2,0,6,8,0.6,0.1,0.1,5,0,5,0,0,0,5,0,0,0,1,0,0,0,0,1,0,0,1,25,2,0,1,0,1,0,2,2,2,2,1,0,1,0,34,1,0
/home/arch_design_predict/download-github-repos/mvvm/repos/SimpleBlogMVVM-Android-master/BlogMVVMAndroid/app/src/main/java/com/github/htdangkhoa/blogmvvmandroid/App.java,com.github.htdangkhoa.blogmvvmandroid.App,class,3,5,2,3,3,2,0,6,0,0.25,1.0,1.0,2,1,2,0,0,0,2,0,1,0,2,2,1,1,0,0,1,0,0,11,1,0,1,0,0,1,0,2,0,2,1,0,0,0,21,1,0
/home/arch_design_predict/download-github-repos/mvvm/repos/SimpleBlogMVVM-Android-master/BlogMVVMAndroid/app/src/main/java/com/github/htdangkhoa/blogmvvmandroid/viewmodel/ItemPostViewModel.java,com.github.htdangkhoa.blogmvvmandroid.viewmodel.ItemPostViewModel,class,2,3,1,2,6,3,0,3,0,0.0,1.0,1.0,6,0,6,0,0,0,6,0,0,0,1,0,0,0,0,1,0,0,0,21,4,0,0,0,0,0,0,2,0,1,0,0,0,0,15,1,0
/home/arch_design_predict/download-github-repos/mvvm/repos/SimpleBlogMVVM-Android-master/BlogMVVMAndroid/app/src/main/java/com/github/htdangkhoa/blogmvvmandroid/util/Utils.java,com.github.htdangkhoa.blogmvvmandroid.util.Utils,class,4,5,1,4,5,1,0,5,0,0.0,NaN,NaN,1,1,1,0,0,0,1,0,0,0,0,0,0,0,0,0,0,0,0,73,1,0,4,0,0,0,0,2,0,2,1,0,1,0,18,1,0
/home/arch_design_predict/download-github-repos/mvvm/repos/SimpleBlogMVVM-Android-master/BlogMVVMAndroid/app/src/main/java/com/github/htdangkhoa/blogmvvmandroid/viewmodel/HomeFragmentViewModel.java,com.github.htdangkhoa.blogmvvmandroid.viewmodel.HomeFragmentViewModel,class,11,13,2,11,8,3,0,19,22,0.625,0.1,0.1,8,0,5,3,0,0,5,0,0,0,1,0,0,0,0,1,0,0,3,32,1,0,0,0,0,1,0,4,0,4,0,0,0,0,36,1,0
/home/arch_design_predict/download-github-repos/mvvm/repos/SimpleBlogMVVM-Android-master/BlogMVVMAndroid/app/src/main/java/com/github/htdangkhoa/blogmvvmandroid/viewmodel/PostFormFragmentViewModel.java,com.github.htdangkhoa.blogmvvmandroid.viewmodel.PostFormFragmentViewModel,class,10,12,2,10,17,3,0,23,46,0.7708333,0.22222222,0.4888889,12,0,10,2,0,0,10,0,0,0,2,0,0,0,0,2,0,0,4,59,5,0,2,0,0,10,0,9,0,9,1,0,0,1,38,1,0
