file,class,method,constructor,line,cbo,cboModified,fanin,fanout,wmc,rfc,loc,returnsQty,variablesQty,parametersQty,methodsInvokedQty,methodsInvokedLocalQty,methodsInvokedIndirectLocalQty,loopQty,comparisonsQty,tryCatchQty,parenthesizedExpsQty,stringLiteralsQty,numbersQty,assignmentsQty,mathOperationsQty,maxNestedBlocksQty,anonymousClassesQty,innerClassesQty,lambdasQty,uniqueWordsQty,modifiers,logStatementsQty,hasJavaDoc
/home/arch_design_predict/download-github-repos/mvvm/repos/SimpleBlogMVVM-Android-master/BlogMVVMAndroid/app/src/main/java/com/github/htdangkhoa/blogmvvmandroid/util/Observable.java,com.github.htdangkhoa.blogmvvmandroid.util.Observable,addDisposable/1[com.github.htdangkhoa.blogmvvmandroid.util.Disposable],false,32,1,3,3,0,1,1,3,0,0,1,1,0,0,0,0,0,0,0,0,0,0,0,0,0,0,3,1,0,false
/home/arch_design_predict/download-github-repos/mvvm/repos/SimpleBlogMVVM-Android-master/BlogMVVMAndroid/app/src/main/java/com/github/htdangkhoa/blogmvvmandroid/util/Observable.java,com.github.htdangkhoa.blogmvvmandroid.util.Observable,getCompositeDisposable/0,false,28,1,0,0,0,1,0,3,1,0,0,0,0,0,0,0,0,0,0,0,0,0,0,0,0,0,4,1,0,false
/home/arch_design_predict/download-github-repos/mvvm/repos/SimpleBlogMVVM-Android-master/BlogMVVMAndroid/app/src/main/java/com/github/htdangkhoa/blogmvvmandroid/util/Observable.java,com.github.htdangkhoa.blogmvvmandroid.util.Observable,unSubscribeFromObservable/0,false,36,0,2,2,0,3,2,5,0,0,0,2,0,0,0,1,0,0,0,0,0,0,1,0,0,0,7,1,0,false
/home/arch_design_predict/download-github-repos/mvvm/repos/SimpleBlogMVVM-Android-master/BlogMVVMAndroid/app/src/main/java/com/github/htdangkhoa/blogmvvmandroid/util/Observable.java,com.github.htdangkhoa.blogmvvmandroid.util.Observable,Observable/1[com.github.htdangkhoa.blogmvvmandroid.util.Context],true,20,1,0,0,0,1,0,3,0,0,1,0,0,0,0,0,0,0,0,0,1,0,0,0,0,0,3,1,0,false
/home/arch_design_predict/download-github-repos/mvvm/repos/SimpleBlogMVVM-Android-master/BlogMVVMAndroid/app/src/main/java/com/github/htdangkhoa/blogmvvmandroid/util/Observable.java,com.github.htdangkhoa.blogmvvmandroid.util.Observable,notifyObservers/0,false,43,0,1,1,0,1,2,4,0,0,0,2,0,0,0,0,0,0,0,0,0,0,0,0,0,0,4,1,0,false
/home/arch_design_predict/download-github-repos/mvvm/repos/SimpleBlogMVVM-Android-master/BlogMVVMAndroid/app/src/main/java/com/github/htdangkhoa/blogmvvmandroid/util/Observable.java,com.github.htdangkhoa.blogmvvmandroid.util.Observable,Observable/0,true,17,0,0,0,0,1,0,2,0,0,0,0,0,0,0,0,0,0,0,0,0,0,0,0,0,0,1,1,0,false
/home/arch_design_predict/download-github-repos/mvvm/repos/SimpleBlogMVVM-Android-master/BlogMVVMAndroid/app/src/main/java/com/github/htdangkhoa/blogmvvmandroid/util/Observable.java,com.github.htdangkhoa.blogmvvmandroid.util.Observable,getContext/0,false,24,1,3,3,0,1,0,3,1,0,0,0,0,0,0,0,0,0,0,0,0,0,0,0,0,0,3,1,0,false
/home/arch_design_predict/download-github-repos/mvvm/repos/SimpleBlogMVVM-Android-master/BlogMVVMAndroid/app/src/main/java/com/github/htdangkhoa/blogmvvmandroid/network/IService.java,com.github.htdangkhoa.blogmvvmandroid.network.IService,"editPost/1[java.util.HashMap<java.lang.String,java.lang.Object>]",false,31,5,1,1,0,1,0,1,0,0,1,0,0,0,0,0,0,0,1,0,0,0,0,0,0,0,3,0,0,false
/home/arch_design_predict/download-github-repos/mvvm/repos/SimpleBlogMVVM-Android-master/BlogMVVMAndroid/app/src/main/java/com/github/htdangkhoa/blogmvvmandroid/network/IService.java,com.github.htdangkhoa.blogmvvmandroid.network.IService,fetchPosts/0,false,25,4,1,1,0,1,0,1,0,0,0,0,0,0,0,0,0,0,1,0,0,0,0,0,0,0,2,0,0,false
/home/arch_design_predict/download-github-repos/mvvm/repos/SimpleBlogMVVM-Android-master/BlogMVVMAndroid/app/src/main/java/com/github/htdangkhoa/blogmvvmandroid/network/IService.java,com.github.htdangkhoa.blogmvvmandroid.network.IService,"deletePost/1[java.util.HashMap<java.lang.String,java.lang.Object>]",false,34,5,1,1,0,1,0,1,0,0,1,0,0,0,0,0,0,0,2,0,0,0,0,0,0,0,5,0,0,false
/home/arch_design_predict/download-github-repos/mvvm/repos/SimpleBlogMVVM-Android-master/BlogMVVMAndroid/app/src/main/java/com/github/htdangkhoa/blogmvvmandroid/network/IService.java,com.github.htdangkhoa.blogmvvmandroid.network.IService,"addPost/1[java.util.HashMap<java.lang.String,java.lang.Object>]",false,28,5,1,1,0,1,0,1,0,0,1,0,0,0,0,0,0,0,1,0,0,0,0,0,0,0,3,0,0,false
/home/arch_design_predict/download-github-repos/mvvm/repos/SimpleBlogMVVM-Android-master/BlogMVVMAndroid/app/src/test/java/com/github/htdangkhoa/blogmvvmandroid/ExampleUnitTest.java,com.github.htdangkhoa.blogmvvmandroid.ExampleUnitTest,addition_isCorrect/0,false,14,1,0,0,0,1,1,3,0,0,0,1,0,0,0,0,0,0,0,3,0,1,0,0,0,0,6,1,0,false
/home/arch_design_predict/download-github-repos/mvvm/repos/SimpleBlogMVVM-Android-master/BlogMVVMAndroid/app/src/main/java/com/github/htdangkhoa/blogmvvmandroid/view/fragment/HomeFragment.java,com.github.htdangkhoa.blogmvvmandroid.view.fragment.HomeFragment,"update/2[java.util.Observable,java.lang.Object]",false,99,1,0,0,0,1,2,4,0,1,2,2,0,0,0,0,0,0,0,0,1,0,0,0,0,0,6,1,0,false
/home/arch_design_predict/download-github-repos/mvvm/repos/SimpleBlogMVVM-Android-master/BlogMVVMAndroid/app/src/main/java/com/github/htdangkhoa/blogmvvmandroid/view/fragment/HomeFragment.java,com.github.htdangkhoa.blogmvvmandroid.view.fragment.HomeFragment,init/0,false,59,6,6,1,5,1,10,24,0,5,0,10,0,0,0,0,0,0,0,0,3,0,0,1,0,1,23,2,0,false
/home/arch_design_predict/download-github-repos/mvvm/repos/SimpleBlogMVVM-Android-master/BlogMVVMAndroid/app/src/main/java/com/github/htdangkhoa/blogmvvmandroid/view/fragment/HomeFragment.java,com.github.htdangkhoa.blogmvvmandroid.view.fragment.HomeFragment,onDestroy/0,false,105,1,1,0,1,1,2,4,0,0,0,2,0,0,0,0,0,0,0,0,0,0,0,0,0,0,2,1,0,false
/home/arch_design_predict/download-github-repos/mvvm/repos/SimpleBlogMVVM-Android-master/BlogMVVMAndroid/app/src/main/java/com/github/htdangkhoa/blogmvvmandroid/view/fragment/HomeFragment.java,com.github.htdangkhoa.blogmvvmandroid.view.fragment.HomeFragment,"onCreateView/3[com.github.htdangkhoa.blogmvvmandroid.view.fragment.LayoutInflater,com.github.htdangkhoa.blogmvvmandroid.view.fragment.ViewGroup,com.github.htdangkhoa.blogmvvmandroid.view.fragment.Bundle]",false,41,6,2,0,2,1,6,11,1,0,3,6,1,1,0,0,0,0,0,0,5,0,0,0,0,0,20,1,0,false
/home/arch_design_predict/download-github-repos/mvvm/repos/SimpleBlogMVVM-Android-master/BlogMVVMAndroid/app/src/main/java/com/github/htdangkhoa/blogmvvmandroid/util/Utils.java,com.github.htdangkhoa.blogmvvmandroid.util.Utils$Fragment,popBackStack/1[com.github.htdangkhoa.blogmvvmandroid.util.Context],false,96,5,2,2,0,2,6,12,1,3,1,6,0,0,0,1,0,1,0,1,3,0,1,0,0,0,12,25,0,false
/home/arch_design_predict/download-github-repos/mvvm/repos/SimpleBlogMVVM-Android-master/BlogMVVMAndroid/app/src/main/java/com/github/htdangkhoa/blogmvvmandroid/util/Utils.java,com.github.htdangkhoa.blogmvvmandroid.util.Utils$Fragment,"popBackStack/2[com.github.htdangkhoa.blogmvvmandroid.util.Context,int]",false,77,5,0,0,0,3,6,14,1,4,2,6,0,0,1,1,0,1,0,2,4,1,1,0,0,0,14,25,0,false
/home/arch_design_predict/download-github-repos/mvvm/repos/SimpleBlogMVVM-Android-master/BlogMVVMAndroid/app/src/main/java/com/github/htdangkhoa/blogmvvmandroid/util/Utils.java,com.github.htdangkhoa.blogmvvmandroid.util.Utils$Fragment,"addFragment/6[com.github.htdangkhoa.blogmvvmandroid.util.Context,android.support.v4.app.Fragment,boolean,int,com.github.htdangkhoa.blogmvvmandroid.util.Bundle,com.github.htdangkhoa.blogmvvmandroid.util.Utils.Fragment.Anim]",false,40,9,2,2,0,7,7,29,0,2,6,7,0,0,0,1,0,1,0,0,2,0,1,0,0,0,16,25,0,false
/home/arch_design_predict/download-github-repos/mvvm/repos/SimpleBlogMVVM-Android-master/BlogMVVMAndroid/app/src/main/java/com/github/htdangkhoa/blogmvvmandroid/view/adapter/HomeAdapter.java,com.github.htdangkhoa.blogmvvmandroid.view.adapter.HomeAdapter$ViewHolder,ViewHolder/1[com.github.htdangkhoa.blogmvvmandroid.view.adapter.ItemPostBinding],true,75,1,1,1,0,1,1,4,0,0,1,1,0,0,0,0,0,0,0,0,1,0,0,0,0,0,6,1,0,false
/home/arch_design_predict/download-github-repos/mvvm/repos/SimpleBlogMVVM-Android-master/BlogMVVMAndroid/app/src/main/java/com/github/htdangkhoa/blogmvvmandroid/view/adapter/HomeAdapter.java,com.github.htdangkhoa.blogmvvmandroid.view.adapter.HomeAdapter$ViewHolder,bindPost/1[com.github.htdangkhoa.blogmvvmandroid.model.Post],false,80,2,2,1,1,2,2,8,0,0,1,2,0,0,0,1,0,0,0,0,0,0,1,0,0,0,7,1,0,false
/home/arch_design_predict/download-github-repos/mvvm/repos/SimpleBlogMVVM-Android-master/BlogMVVMAndroid/app/src/main/java/com/github/htdangkhoa/blogmvvmandroid/view/fragment/HomeFragment.java,com.github.htdangkhoa.blogmvvmandroid.view.fragment.HomeFragment$Anonymous1,"onScrolled/3[com.github.htdangkhoa.blogmvvmandroid.view.fragment.RecyclerView,int,int]",false,71,1,0,0,0,4,3,4,0,0,3,3,0,0,0,0,0,0,0,2,0,0,1,0,0,0,5,1,0,false
/home/arch_design_predict/download-github-repos/mvvm/repos/SimpleBlogMVVM-Android-master/BlogMVVMAndroid/app/src/main/java/com/github/htdangkhoa/blogmvvmandroid/view/fragment/HomeFragment.java,com.github.htdangkhoa.blogmvvmandroid.view.fragment.HomeFragment$Anonymous1,"onScrollStateChanged/2[com.github.htdangkhoa.blogmvvmandroid.view.fragment.RecyclerView,int]",false,78,1,0,0,0,2,2,6,0,0,2,2,0,0,0,1,0,0,0,0,0,0,1,0,0,0,7,1,0,false
/home/arch_design_predict/download-github-repos/mvvm/repos/SimpleBlogMVVM-Android-master/BlogMVVMAndroid/app/src/main/java/com/github/htdangkhoa/blogmvvmandroid/view/adapter/HomeAdapter.java,com.github.htdangkhoa.blogmvvmandroid.view.adapter.HomeAdapter,"onBindViewHolder/2[com.github.htdangkhoa.blogmvvmandroid.view.adapter.HomeAdapter.ViewHolder,int]",false,45,4,1,0,1,1,10,13,0,3,2,10,0,0,0,0,0,0,4,0,2,0,1,0,0,1,12,1,0,false
/home/arch_design_predict/download-github-repos/mvvm/repos/SimpleBlogMVVM-Android-master/BlogMVVMAndroid/app/src/main/java/com/github/htdangkhoa/blogmvvmandroid/view/adapter/HomeAdapter.java,com.github.htdangkhoa.blogmvvmandroid.view.adapter.HomeAdapter,"onCreateViewHolder/2[com.github.htdangkhoa.blogmvvmandroid.view.adapter.ViewGroup,int]",false,33,4,1,0,1,1,3,6,1,2,2,3,0,0,0,0,0,0,0,0,3,0,0,0,0,0,15,1,0,false
/home/arch_design_predict/download-github-repos/mvvm/repos/SimpleBlogMVVM-Android-master/BlogMVVMAndroid/app/src/main/java/com/github/htdangkhoa/blogmvvmandroid/view/adapter/HomeAdapter.java,com.github.htdangkhoa.blogmvvmandroid.view.adapter.HomeAdapter,HomeAdapter/1[java.util.List<com.github.htdangkhoa.blogmvvmandroid.model.Post>],true,28,1,1,1,0,1,0,3,0,0,1,0,0,0,0,0,0,0,0,0,1,0,0,0,0,0,3,1,0,false
/home/arch_design_predict/download-github-repos/mvvm/repos/SimpleBlogMVVM-Android-master/BlogMVVMAndroid/app/src/main/java/com/github/htdangkhoa/blogmvvmandroid/view/adapter/HomeAdapter.java,com.github.htdangkhoa.blogmvvmandroid.view.adapter.HomeAdapter,getItemCount/0,false,63,0,0,0,0,1,1,3,1,0,0,1,0,0,0,0,0,0,0,0,0,0,0,0,0,0,3,1,0,false
/home/arch_design_predict/download-github-repos/mvvm/repos/SimpleBlogMVVM-Android-master/BlogMVVMAndroid/app/src/main/java/com/github/htdangkhoa/blogmvvmandroid/view/adapter/HomeAdapter.java,com.github.htdangkhoa.blogmvvmandroid.view.adapter.HomeAdapter,removeItem/1[int],false,67,0,1,1,0,1,2,4,0,0,1,2,0,0,0,0,0,0,0,0,0,0,0,0,0,0,5,1,0,false
/home/arch_design_predict/download-github-repos/mvvm/repos/SimpleBlogMVVM-Android-master/BlogMVVMAndroid/app/src/main/java/com/github/htdangkhoa/blogmvvmandroid/model/Response.java,com.github.htdangkhoa.blogmvvmandroid.model.Response,getCode/0,false,17,0,0,0,0,1,0,3,1,0,0,0,0,0,0,0,0,0,0,0,0,0,0,0,0,0,3,1,0,false
/home/arch_design_predict/download-github-repos/mvvm/repos/SimpleBlogMVVM-Android-master/BlogMVVMAndroid/app/src/main/java/com/github/htdangkhoa/blogmvvmandroid/model/Response.java,com.github.htdangkhoa.blogmvvmandroid.model.Response,getData/0,false,13,1,0,0,0,1,0,3,1,0,0,0,0,0,0,0,0,0,0,0,0,0,0,0,0,0,4,1,0,false
/home/arch_design_predict/download-github-repos/mvvm/repos/SimpleBlogMVVM-Android-master/BlogMVVMAndroid/app/src/androidTest/java/com/github/htdangkhoa/blogmvvmandroid/ExampleInstrumentedTest.java,com.github.htdangkhoa.blogmvvmandroid.ExampleInstrumentedTest,useAppContext/0,false,20,2,0,0,0,1,3,4,0,1,0,3,0,0,0,0,0,0,1,0,1,0,0,0,0,0,7,1,0,false
/home/arch_design_predict/download-github-repos/mvvm/repos/SimpleBlogMVVM-Android-master/BlogMVVMAndroid/app/src/main/java/com/github/htdangkhoa/blogmvvmandroid/view/activity/MainActivity.java,com.github.htdangkhoa.blogmvvmandroid.view.activity.MainActivity,onBackPressed/0,false,22,1,1,0,1,1,1,3,0,0,0,1,0,0,0,0,0,0,0,0,0,0,0,0,0,0,3,1,0,false
/home/arch_design_predict/download-github-repos/mvvm/repos/SimpleBlogMVVM-Android-master/BlogMVVMAndroid/app/src/main/java/com/github/htdangkhoa/blogmvvmandroid/view/activity/MainActivity.java,com.github.htdangkhoa.blogmvvmandroid.view.activity.MainActivity,onCreate/1[com.github.htdangkhoa.blogmvvmandroid.view.activity.Bundle],false,13,3,2,0,2,1,3,5,0,0,1,3,0,0,0,0,0,0,0,0,0,0,0,0,0,0,11,4,0,false
/home/arch_design_predict/download-github-repos/mvvm/repos/SimpleBlogMVVM-Android-master/BlogMVVMAndroid/app/src/main/java/com/github/htdangkhoa/blogmvvmandroid/view/fragment/PostFormFragment.java,com.github.htdangkhoa.blogmvvmandroid.view.fragment.PostFormFragment,"onCreateView/3[com.github.htdangkhoa.blogmvvmandroid.view.fragment.LayoutInflater,com.github.htdangkhoa.blogmvvmandroid.view.fragment.ViewGroup,com.github.htdangkhoa.blogmvvmandroid.view.fragment.Bundle]",false,30,5,5,0,5,2,12,19,1,5,3,12,0,0,0,1,0,0,4,0,8,0,1,0,0,0,26,1,0,false
/home/arch_design_predict/download-github-repos/mvvm/repos/SimpleBlogMVVM-Android-master/BlogMVVMAndroid/app/src/main/java/com/github/htdangkhoa/blogmvvmandroid/view/fragment/PostFormFragment.java,com.github.htdangkhoa.blogmvvmandroid.view.fragment.PostFormFragment,onDestroy/0,false,65,1,1,0,1,1,2,4,0,0,0,2,0,0,0,0,0,0,0,0,0,0,0,0,0,0,2,1,0,false
/home/arch_design_predict/download-github-repos/mvvm/repos/SimpleBlogMVVM-Android-master/BlogMVVMAndroid/app/src/main/java/com/github/htdangkhoa/blogmvvmandroid/view/fragment/PostFormFragment.java,com.github.htdangkhoa.blogmvvmandroid.view.fragment.PostFormFragment,"update/2[java.util.Observable,java.lang.Object]",false,60,0,0,0,0,1,0,2,0,0,2,0,0,0,0,0,0,0,0,0,0,0,0,0,0,0,3,1,0,false
/home/arch_design_predict/download-github-repos/mvvm/repos/SimpleBlogMVVM-Android-master/BlogMVVMAndroid/app/src/main/java/com/github/htdangkhoa/blogmvvmandroid/view/widget/ItemTouchHelperCallback.java,com.github.htdangkhoa.blogmvvmandroid.view.widget.ItemTouchHelperCallback$IItemTouch,"onSwiped/2[RecyclerView.ViewHolder,int]",false,46,1,1,1,0,1,0,1,0,0,2,0,0,0,0,0,0,0,0,0,0,0,0,0,0,0,4,0,0,false
/home/arch_design_predict/download-github-repos/mvvm/repos/SimpleBlogMVVM-Android-master/BlogMVVMAndroid/app/src/main/java/com/github/htdangkhoa/blogmvvmandroid/model/Post.java,com.github.htdangkhoa.blogmvvmandroid.model.Post,getBody/0,false,26,0,2,2,0,1,0,3,1,0,0,0,0,0,0,0,0,0,0,0,0,0,0,0,0,0,3,1,0,false
/home/arch_design_predict/download-github-repos/mvvm/repos/SimpleBlogMVVM-Android-master/BlogMVVMAndroid/app/src/main/java/com/github/htdangkhoa/blogmvvmandroid/model/Post.java,com.github.htdangkhoa.blogmvvmandroid.model.Post,get_id/0,false,10,0,2,2,0,1,0,3,1,0,0,0,0,0,0,0,0,0,0,0,0,0,0,0,0,0,3,1,0,false
/home/arch_design_predict/download-github-repos/mvvm/repos/SimpleBlogMVVM-Android-master/BlogMVVMAndroid/app/src/main/java/com/github/htdangkhoa/blogmvvmandroid/model/Post.java,com.github.htdangkhoa.blogmvvmandroid.model.Post,getTitle/0,false,18,0,2,2,0,1,0,3,1,0,0,0,0,0,0,0,0,0,0,0,0,0,0,0,0,0,3,1,0,false
/home/arch_design_predict/download-github-repos/mvvm/repos/SimpleBlogMVVM-Android-master/BlogMVVMAndroid/app/src/main/java/com/github/htdangkhoa/blogmvvmandroid/model/Post.java,com.github.htdangkhoa.blogmvvmandroid.model.Post,set_id/1[java.lang.String],false,14,0,0,0,0,1,0,3,0,0,1,0,0,0,0,0,0,0,0,0,1,0,0,0,0,0,3,1,0,false
/home/arch_design_predict/download-github-repos/mvvm/repos/SimpleBlogMVVM-Android-master/BlogMVVMAndroid/app/src/main/java/com/github/htdangkhoa/blogmvvmandroid/model/Post.java,com.github.htdangkhoa.blogmvvmandroid.model.Post,setTitle/1[java.lang.String],false,22,0,0,0,0,1,0,3,0,0,1,0,0,0,0,0,0,0,0,0,1,0,0,0,0,0,3,1,0,false
/home/arch_design_predict/download-github-repos/mvvm/repos/SimpleBlogMVVM-Android-master/BlogMVVMAndroid/app/src/main/java/com/github/htdangkhoa/blogmvvmandroid/model/Post.java,com.github.htdangkhoa.blogmvvmandroid.model.Post,setBody/1[java.lang.String],false,30,0,0,0,0,1,0,3,0,0,1,0,0,0,0,0,0,0,0,0,1,0,0,0,0,0,3,1,0,false
/home/arch_design_predict/download-github-repos/mvvm/repos/SimpleBlogMVVM-Android-master/BlogMVVMAndroid/app/src/main/java/com/github/htdangkhoa/blogmvvmandroid/view/widget/ItemTouchHelperCallback.java,com.github.htdangkhoa.blogmvvmandroid.view.widget.ItemTouchHelperCallback,ItemTouchHelperCallback/1[com.github.htdangkhoa.blogmvvmandroid.view.widget.ItemTouchHelperCallback.IItemTouch],true,14,1,1,1,0,1,0,3,0,0,1,0,0,0,0,0,0,0,0,0,1,0,0,0,0,0,6,1,0,false
/home/arch_design_predict/download-github-repos/mvvm/repos/SimpleBlogMVVM-Android-master/BlogMVVMAndroid/app/src/main/java/com/github/htdangkhoa/blogmvvmandroid/view/widget/ItemTouchHelperCallback.java,com.github.htdangkhoa.blogmvvmandroid.view.widget.ItemTouchHelperCallback,"onChildDraw/7[com.github.htdangkhoa.blogmvvmandroid.view.widget.Canvas,com.github.htdangkhoa.blogmvvmandroid.view.widget.RecyclerView,RecyclerView.ViewHolder,float,float,int,boolean]",false,36,3,0,0,0,2,4,7,0,1,7,4,0,0,0,1,0,1,0,1,1,2,1,0,0,0,12,1,0,false
/home/arch_design_predict/download-github-repos/mvvm/repos/SimpleBlogMVVM-Android-master/BlogMVVMAndroid/app/src/main/java/com/github/htdangkhoa/blogmvvmandroid/view/widget/ItemTouchHelperCallback.java,com.github.htdangkhoa.blogmvvmandroid.view.widget.ItemTouchHelperCallback,"onSwiped/2[RecyclerView.ViewHolder,int]",false,30,2,1,0,1,1,1,3,0,0,2,1,0,0,0,0,0,0,0,0,0,0,0,0,0,0,3,1,0,false
/home/arch_design_predict/download-github-repos/mvvm/repos/SimpleBlogMVVM-Android-master/BlogMVVMAndroid/app/src/main/java/com/github/htdangkhoa/blogmvvmandroid/view/widget/ItemTouchHelperCallback.java,com.github.htdangkhoa.blogmvvmandroid.view.widget.ItemTouchHelperCallback,"getMovementFlags/2[com.github.htdangkhoa.blogmvvmandroid.view.widget.RecyclerView,RecyclerView.ViewHolder]",false,19,2,0,0,0,1,1,3,1,0,2,1,0,0,0,0,0,0,0,1,0,0,0,0,0,0,8,1,0,false
/home/arch_design_predict/download-github-repos/mvvm/repos/SimpleBlogMVVM-Android-master/BlogMVVMAndroid/app/src/main/java/com/github/htdangkhoa/blogmvvmandroid/view/widget/ItemTouchHelperCallback.java,com.github.htdangkhoa.blogmvvmandroid.view.widget.ItemTouchHelperCallback,"onMove/3[com.github.htdangkhoa.blogmvvmandroid.view.widget.RecyclerView,RecyclerView.ViewHolder,RecyclerView.ViewHolder]",false,25,2,0,0,0,1,0,3,1,0,3,0,0,0,0,0,0,0,0,0,0,0,0,0,0,0,6,1,0,false
/home/arch_design_predict/download-github-repos/mvvm/repos/SimpleBlogMVVM-Android-master/BlogMVVMAndroid/app/src/main/java/com/github/htdangkhoa/blogmvvmandroid/App.java,com.github.htdangkhoa.blogmvvmandroid.App,onCreate/0,false,20,1,0,0,0,2,6,4,0,0,0,6,0,0,0,1,0,0,0,0,1,0,1,0,0,0,12,1,0,false
/home/arch_design_predict/download-github-repos/mvvm/repos/SimpleBlogMVVM-Android-master/BlogMVVMAndroid/app/src/main/java/com/github/htdangkhoa/blogmvvmandroid/App.java,com.github.htdangkhoa.blogmvvmandroid.App,getIService/0,false,31,1,3,3,0,1,1,3,1,0,0,1,0,0,0,0,0,0,0,0,0,0,0,0,0,0,3,25,0,false
/home/arch_design_predict/download-github-repos/mvvm/repos/SimpleBlogMVVM-Android-master/BlogMVVMAndroid/app/src/main/java/com/github/htdangkhoa/blogmvvmandroid/viewmodel/ItemPostViewModel.java,com.github.htdangkhoa.blogmvvmandroid.viewmodel.ItemPostViewModel,getPost/0,false,17,1,0,0,0,1,0,3,1,0,0,0,0,0,0,0,0,0,0,0,0,0,0,0,0,0,3,1,0,false
/home/arch_design_predict/download-github-repos/mvvm/repos/SimpleBlogMVVM-Android-master/BlogMVVMAndroid/app/src/main/java/com/github/htdangkhoa/blogmvvmandroid/viewmodel/ItemPostViewModel.java,com.github.htdangkhoa.blogmvvmandroid.viewmodel.ItemPostViewModel,setPost/1[com.github.htdangkhoa.blogmvvmandroid.model.Post],false,21,1,0,0,0,1,0,3,0,0,1,0,0,0,0,0,0,0,0,0,1,0,0,0,0,0,3,1,0,false
/home/arch_design_predict/download-github-repos/mvvm/repos/SimpleBlogMVVM-Android-master/BlogMVVMAndroid/app/src/main/java/com/github/htdangkhoa/blogmvvmandroid/viewmodel/ItemPostViewModel.java,com.github.htdangkhoa.blogmvvmandroid.viewmodel.ItemPostViewModel,getTitle/0,false,25,1,1,0,1,1,1,3,1,0,0,1,0,0,0,0,0,0,0,0,0,0,0,0,0,0,2,1,0,false
/home/arch_design_predict/download-github-repos/mvvm/repos/SimpleBlogMVVM-Android-master/BlogMVVMAndroid/app/src/main/java/com/github/htdangkhoa/blogmvvmandroid/viewmodel/ItemPostViewModel.java,com.github.htdangkhoa.blogmvvmandroid.viewmodel.ItemPostViewModel,getBody/0,false,29,1,1,0,1,1,1,3,1,0,0,1,0,0,0,0,0,0,0,0,0,0,0,0,0,0,2,1,0,false
/home/arch_design_predict/download-github-repos/mvvm/repos/SimpleBlogMVVM-Android-master/BlogMVVMAndroid/app/src/main/java/com/github/htdangkhoa/blogmvvmandroid/viewmodel/ItemPostViewModel.java,com.github.htdangkhoa.blogmvvmandroid.viewmodel.ItemPostViewModel,get_id/0,false,33,1,1,0,1,1,1,3,1,0,0,1,0,0,0,0,0,0,0,0,0,0,0,0,0,0,2,1,0,false
/home/arch_design_predict/download-github-repos/mvvm/repos/SimpleBlogMVVM-Android-master/BlogMVVMAndroid/app/src/main/java/com/github/htdangkhoa/blogmvvmandroid/viewmodel/ItemPostViewModel.java,com.github.htdangkhoa.blogmvvmandroid.viewmodel.ItemPostViewModel,ItemPostViewModel/1[com.github.htdangkhoa.blogmvvmandroid.model.Post],true,13,1,1,1,0,1,0,3,0,0,1,0,0,0,0,0,0,0,0,0,1,0,0,0,0,0,5,1,0,false
/home/arch_design_predict/download-github-repos/mvvm/repos/SimpleBlogMVVM-Android-master/BlogMVVMAndroid/app/src/main/java/com/github/htdangkhoa/blogmvvmandroid/util/Utils.java,com.github.htdangkhoa.blogmvvmandroid.util.Utils,"showAlertDialog/7[com.github.htdangkhoa.blogmvvmandroid.util.Context,java.lang.String,java.lang.String,java.lang.String,java.lang.String,DialogInterface.OnClickListener,DialogInterface.OnClickListener]",false,120,4,1,1,0,5,5,13,1,2,7,5,0,0,0,4,0,0,0,0,2,0,1,0,0,0,13,9,0,false
/home/arch_design_predict/download-github-repos/mvvm/repos/SimpleBlogMVVM-Android-master/BlogMVVMAndroid/app/src/main/java/com/github/htdangkhoa/blogmvvmandroid/viewmodel/HomeFragmentViewModel.java,com.github.htdangkhoa.blogmvvmandroid.viewmodel.HomeFragmentViewModel,updateList/1[java.util.List<com.github.htdangkhoa.blogmvvmandroid.model.Post>],false,78,2,2,1,1,1,2,4,0,0,1,2,0,0,0,0,0,0,0,0,0,0,0,0,0,0,5,2,0,false
/home/arch_design_predict/download-github-repos/mvvm/repos/SimpleBlogMVVM-Android-master/BlogMVVMAndroid/app/src/main/java/com/github/htdangkhoa/blogmvvmandroid/viewmodel/HomeFragmentViewModel.java,com.github.htdangkhoa.blogmvvmandroid.viewmodel.HomeFragmentViewModel,fetchPosts/0,false,43,4,4,1,3,1,8,4,0,1,0,8,0,0,0,0,0,0,0,0,1,0,0,0,0,0,5,1,0,false
/home/arch_design_predict/download-github-repos/mvvm/repos/SimpleBlogMVVM-Android-master/BlogMVVMAndroid/app/src/main/java/com/github/htdangkhoa/blogmvvmandroid/viewmodel/HomeFragmentViewModel.java,com.github.htdangkhoa.blogmvvmandroid.viewmodel.HomeFragmentViewModel,onSuccess/1[com.github.htdangkhoa.blogmvvmandroid.model.Response<java.util.List<com.github.htdangkhoa.blogmvvmandroid.model.Post>>],false,52,3,2,0,2,1,2,3,0,0,1,2,1,1,0,0,0,0,0,0,0,0,0,0,0,0,6,2,0,false
/home/arch_design_predict/download-github-repos/mvvm/repos/SimpleBlogMVVM-Android-master/BlogMVVMAndroid/app/src/main/java/com/github/htdangkhoa/blogmvvmandroid/viewmodel/HomeFragmentViewModel.java,com.github.htdangkhoa.blogmvvmandroid.viewmodel.HomeFragmentViewModel,openAddPostView/0,false,73,3,3,0,3,1,2,3,0,0,0,2,0,0,0,0,0,0,0,0,0,0,0,0,0,0,8,1,0,false
/home/arch_design_predict/download-github-repos/mvvm/repos/SimpleBlogMVVM-Android-master/BlogMVVMAndroid/app/src/main/java/com/github/htdangkhoa/blogmvvmandroid/viewmodel/HomeFragmentViewModel.java,com.github.htdangkhoa.blogmvvmandroid.viewmodel.HomeFragmentViewModel,onError/1[java.lang.Throwable],false,56,0,0,0,0,1,0,2,0,0,1,0,0,0,0,0,0,0,0,0,0,0,0,0,0,0,4,2,0,false
/home/arch_design_predict/download-github-repos/mvvm/repos/SimpleBlogMVVM-Android-master/BlogMVVMAndroid/app/src/main/java/com/github/htdangkhoa/blogmvvmandroid/viewmodel/HomeFragmentViewModel.java,com.github.htdangkhoa.blogmvvmandroid.viewmodel.HomeFragmentViewModel,HomeFragmentViewModel/1[com.github.htdangkhoa.blogmvvmandroid.viewmodel.Context],true,35,1,1,1,0,1,0,3,0,0,1,0,0,0,0,0,0,0,0,0,0,0,0,0,0,0,6,1,0,false
/home/arch_design_predict/download-github-repos/mvvm/repos/SimpleBlogMVVM-Android-master/BlogMVVMAndroid/app/src/main/java/com/github/htdangkhoa/blogmvvmandroid/viewmodel/HomeFragmentViewModel.java,com.github.htdangkhoa.blogmvvmandroid.viewmodel.HomeFragmentViewModel,"deletePost/2[com.github.htdangkhoa.blogmvvmandroid.view.adapter.HomeAdapter,int]",false,59,6,6,1,5,1,12,7,0,2,2,12,0,0,0,0,0,0,1,0,2,0,0,0,0,0,9,1,0,false
/home/arch_design_predict/download-github-repos/mvvm/repos/SimpleBlogMVVM-Android-master/BlogMVVMAndroid/app/src/main/java/com/github/htdangkhoa/blogmvvmandroid/viewmodel/HomeFragmentViewModel.java,com.github.htdangkhoa.blogmvvmandroid.viewmodel.HomeFragmentViewModel,getPosts/0,false,39,1,1,1,0,1,0,3,1,0,0,0,0,0,0,0,0,0,0,0,0,0,0,0,0,0,3,1,0,false
/home/arch_design_predict/download-github-repos/mvvm/repos/SimpleBlogMVVM-Android-master/BlogMVVMAndroid/app/src/main/java/com/github/htdangkhoa/blogmvvmandroid/viewmodel/PostFormFragmentViewModel.java,com.github.htdangkhoa.blogmvvmandroid.viewmodel.PostFormFragmentViewModel,onSuccess/1[com.github.htdangkhoa.blogmvvmandroid.model.Response<com.github.htdangkhoa.blogmvvmandroid.model.Post>],false,98,4,5,0,5,1,6,6,0,1,1,6,0,0,0,0,0,0,2,0,1,0,0,0,0,0,7,2,0,false
/home/arch_design_predict/download-github-repos/mvvm/repos/SimpleBlogMVVM-Android-master/BlogMVVMAndroid/app/src/main/java/com/github/htdangkhoa/blogmvvmandroid/viewmodel/PostFormFragmentViewModel.java,com.github.htdangkhoa.blogmvvmandroid.viewmodel.PostFormFragmentViewModel,setMode/1[boolean],false,60,0,1,1,0,1,0,3,0,0,1,0,0,0,0,0,0,0,0,0,1,0,0,0,0,0,3,1,0,false
/home/arch_design_predict/download-github-repos/mvvm/repos/SimpleBlogMVVM-Android-master/BlogMVVMAndroid/app/src/main/java/com/github/htdangkhoa/blogmvvmandroid/viewmodel/PostFormFragmentViewModel.java,com.github.htdangkhoa.blogmvvmandroid.viewmodel.PostFormFragmentViewModel,getTitle/0,false,40,0,1,1,0,1,0,3,1,0,0,0,0,0,0,0,0,0,0,0,0,0,0,0,0,0,3,1,0,false
/home/arch_design_predict/download-github-repos/mvvm/repos/SimpleBlogMVVM-Android-master/BlogMVVMAndroid/app/src/main/java/com/github/htdangkhoa/blogmvvmandroid/viewmodel/PostFormFragmentViewModel.java,com.github.htdangkhoa.blogmvvmandroid.viewmodel.PostFormFragmentViewModel,PostFormFragmentViewModel/1[com.github.htdangkhoa.blogmvvmandroid.viewmodel.Context],true,28,1,1,1,0,1,0,3,0,0,1,0,0,0,0,0,0,0,0,0,0,0,0,0,0,0,7,1,0,false
/home/arch_design_predict/download-github-repos/mvvm/repos/SimpleBlogMVVM-Android-master/BlogMVVMAndroid/app/src/main/java/com/github/htdangkhoa/blogmvvmandroid/viewmodel/PostFormFragmentViewModel.java,com.github.htdangkhoa.blogmvvmandroid.viewmodel.PostFormFragmentViewModel,setId/1[java.lang.String],false,36,0,1,1,0,1,0,3,0,0,1,0,0,0,0,0,0,0,0,0,1,0,0,0,0,0,3,1,0,false
/home/arch_design_predict/download-github-repos/mvvm/repos/SimpleBlogMVVM-Android-master/BlogMVVMAndroid/app/src/main/java/com/github/htdangkhoa/blogmvvmandroid/viewmodel/PostFormFragmentViewModel.java,com.github.htdangkhoa.blogmvvmandroid.viewmodel.PostFormFragmentViewModel,onSubmit/0,false,64,6,9,0,9,6,18,20,1,4,0,18,3,1,0,2,0,0,8,0,3,0,1,0,0,1,14,1,0,false
/home/arch_design_predict/download-github-repos/mvvm/repos/SimpleBlogMVVM-Android-master/BlogMVVMAndroid/app/src/main/java/com/github/htdangkhoa/blogmvvmandroid/viewmodel/PostFormFragmentViewModel.java,com.github.htdangkhoa.blogmvvmandroid.viewmodel.PostFormFragmentViewModel,setBody/1[java.lang.String],false,52,0,1,1,0,1,0,3,0,0,1,0,0,0,0,0,0,0,0,0,1,0,0,0,0,0,3,1,0,false
/home/arch_design_predict/download-github-repos/mvvm/repos/SimpleBlogMVVM-Android-master/BlogMVVMAndroid/app/src/main/java/com/github/htdangkhoa/blogmvvmandroid/viewmodel/PostFormFragmentViewModel.java,com.github.htdangkhoa.blogmvvmandroid.viewmodel.PostFormFragmentViewModel,isMode/0,false,56,0,0,0,0,1,0,3,1,0,0,0,0,0,0,0,0,0,0,0,0,0,0,0,0,0,3,1,0,false
/home/arch_design_predict/download-github-repos/mvvm/repos/SimpleBlogMVVM-Android-master/BlogMVVMAndroid/app/src/main/java/com/github/htdangkhoa/blogmvvmandroid/viewmodel/PostFormFragmentViewModel.java,com.github.htdangkhoa.blogmvvmandroid.viewmodel.PostFormFragmentViewModel,getBody/0,false,48,0,1,1,0,1,0,3,1,0,0,0,0,0,0,0,0,0,0,0,0,0,0,0,0,0,3,1,0,false
/home/arch_design_predict/download-github-repos/mvvm/repos/SimpleBlogMVVM-Android-master/BlogMVVMAndroid/app/src/main/java/com/github/htdangkhoa/blogmvvmandroid/viewmodel/PostFormFragmentViewModel.java,com.github.htdangkhoa.blogmvvmandroid.viewmodel.PostFormFragmentViewModel,onError/1[java.lang.Throwable],false,106,0,0,0,0,1,0,2,0,0,1,0,0,0,0,0,0,0,0,0,0,0,0,0,0,0,4,2,0,false
/home/arch_design_predict/download-github-repos/mvvm/repos/SimpleBlogMVVM-Android-master/BlogMVVMAndroid/app/src/main/java/com/github/htdangkhoa/blogmvvmandroid/viewmodel/PostFormFragmentViewModel.java,com.github.htdangkhoa.blogmvvmandroid.viewmodel.PostFormFragmentViewModel,getId/0,false,32,0,1,1,0,1,0,3,1,0,0,0,0,0,0,0,0,0,0,0,0,0,0,0,0,0,3,1,0,false
/home/arch_design_predict/download-github-repos/mvvm/repos/SimpleBlogMVVM-Android-master/BlogMVVMAndroid/app/src/main/java/com/github/htdangkhoa/blogmvvmandroid/viewmodel/PostFormFragmentViewModel.java,com.github.htdangkhoa.blogmvvmandroid.viewmodel.PostFormFragmentViewModel,setTitle/1[java.lang.String],false,44,0,1,1,0,1,0,3,0,0,1,0,0,0,0,0,0,0,0,0,1,0,0,0,0,0,3,1,0,false
