file,class,method,constructor,line,cbo,cboModified,fanin,fanout,wmc,rfc,loc,returnsQty,variablesQty,parametersQty,methodsInvokedQty,methodsInvokedLocalQty,methodsInvokedIndirectLocalQty,loopQty,comparisonsQty,tryCatchQty,parenthesizedExpsQty,stringLiteralsQty,numbersQty,assignmentsQty,mathOperationsQty,maxNestedBlocksQty,anonymousClassesQty,innerClassesQty,lambdasQty,uniqueWordsQty,modifiers,logStatementsQty,hasJavaDoc
/home/arch_design_predict/download-github-repos/mvvm/repos/Retrofit-with-MVVM-master/app/src/main/java/com/ndroid/retrofitmvvm/model/User.java,com.ndroid.retrofitmvvm.model.User,getTotal/0,false,46,0,0,0,0,1,0,3,1,0,0,0,0,0,0,0,0,0,0,0,0,0,0,0,0,0,4,1,0,false
/home/arch_design_predict/download-github-repos/mvvm/repos/Retrofit-with-MVVM-master/app/src/main/java/com/ndroid/retrofitmvvm/model/User.java,com.ndroid.retrofitmvvm.model.User,setPage/1[java.lang.Integer],false,34,0,0,0,0,1,0,3,0,0,1,0,0,0,0,0,0,0,0,0,1,0,0,0,0,0,4,1,0,false
/home/arch_design_predict/download-github-repos/mvvm/repos/Retrofit-with-MVVM-master/app/src/main/java/com/ndroid/retrofitmvvm/model/User.java,com.ndroid.retrofitmvvm.model.User,setData/1[java.util.List<com.ndroid.retrofitmvvm.model.UserDetail>],false,66,1,0,0,0,1,0,3,0,0,1,0,0,0,0,0,0,0,0,0,1,0,0,0,0,0,3,1,0,false
/home/arch_design_predict/download-github-repos/mvvm/repos/Retrofit-with-MVVM-master/app/src/main/java/com/ndroid/retrofitmvvm/model/User.java,com.ndroid.retrofitmvvm.model.User,setPerPage/1[java.lang.Integer],false,42,0,0,0,0,1,0,3,0,0,1,0,0,0,0,0,0,0,0,0,1,0,0,0,0,0,5,1,0,false
/home/arch_design_predict/download-github-repos/mvvm/repos/Retrofit-with-MVVM-master/app/src/main/java/com/ndroid/retrofitmvvm/model/User.java,com.ndroid.retrofitmvvm.model.User,setAd/1[com.ndroid.retrofitmvvm.model.Ad],false,74,1,0,0,0,1,0,3,0,0,1,0,0,0,0,0,0,0,0,0,1,0,0,0,0,0,3,1,0,false
/home/arch_design_predict/download-github-repos/mvvm/repos/Retrofit-with-MVVM-master/app/src/main/java/com/ndroid/retrofitmvvm/model/User.java,com.ndroid.retrofitmvvm.model.User,getPerPage/0,false,38,0,0,0,0,1,0,3,1,0,0,0,0,0,0,0,0,0,0,0,0,0,0,0,0,0,5,1,0,false
/home/arch_design_predict/download-github-repos/mvvm/repos/Retrofit-with-MVVM-master/app/src/main/java/com/ndroid/retrofitmvvm/model/User.java,com.ndroid.retrofitmvvm.model.User,getTotalPages/0,false,54,0,0,0,0,1,0,3,1,0,0,0,0,0,0,0,0,0,0,0,0,0,0,0,0,0,5,1,0,false
/home/arch_design_predict/download-github-repos/mvvm/repos/Retrofit-with-MVVM-master/app/src/main/java/com/ndroid/retrofitmvvm/model/User.java,com.ndroid.retrofitmvvm.model.User,setTotalPages/1[java.lang.Integer],false,58,0,0,0,0,1,0,3,0,0,1,0,0,0,0,0,0,0,0,0,1,0,0,0,0,0,5,1,0,false
/home/arch_design_predict/download-github-repos/mvvm/repos/Retrofit-with-MVVM-master/app/src/main/java/com/ndroid/retrofitmvvm/model/User.java,com.ndroid.retrofitmvvm.model.User,setTotal/1[java.lang.Integer],false,50,0,0,0,0,1,0,3,0,0,1,0,0,0,0,0,0,0,0,0,1,0,0,0,0,0,4,1,0,false
/home/arch_design_predict/download-github-repos/mvvm/repos/Retrofit-with-MVVM-master/app/src/main/java/com/ndroid/retrofitmvvm/model/User.java,com.ndroid.retrofitmvvm.model.User,getPage/0,false,30,0,1,1,0,1,0,3,1,0,0,0,0,0,0,0,0,0,0,0,0,0,0,0,0,0,4,1,0,false
/home/arch_design_predict/download-github-repos/mvvm/repos/Retrofit-with-MVVM-master/app/src/main/java/com/ndroid/retrofitmvvm/model/User.java,com.ndroid.retrofitmvvm.model.User,getData/0,false,62,1,1,1,0,1,0,3,1,0,0,0,0,0,0,0,0,0,0,0,0,0,0,0,0,0,3,1,0,false
/home/arch_design_predict/download-github-repos/mvvm/repos/Retrofit-with-MVVM-master/app/src/main/java/com/ndroid/retrofitmvvm/model/User.java,com.ndroid.retrofitmvvm.model.User,getAd/0,false,70,1,0,0,0,1,0,3,1,0,0,0,0,0,0,0,0,0,0,0,0,0,0,0,0,0,3,1,0,false
/home/arch_design_predict/download-github-repos/mvvm/repos/Retrofit-with-MVVM-master/app/src/main/java/com/ndroid/retrofitmvvm/retrofit/ApiInterface.java,com.ndroid.retrofitmvvm.retrofit.ApiInterface,getUser/1[int],false,10,4,1,1,0,1,0,1,0,0,1,0,0,0,0,0,0,0,2,0,0,0,0,0,0,0,4,0,0,false
/home/arch_design_predict/download-github-repos/mvvm/repos/Retrofit-with-MVVM-master/app/src/main/java/com/ndroid/retrofitmvvm/view/adapter/RecyclerAdapter.java,com.ndroid.retrofitmvvm.view.adapter.RecyclerAdapter,"onBindViewHolder/2[RecyclerView.ViewHolder,int]",false,37,5,3,0,3,1,11,7,0,3,2,11,0,0,0,0,0,2,1,0,3,0,0,0,0,0,16,1,0,false
/home/arch_design_predict/download-github-repos/mvvm/repos/Retrofit-with-MVVM-master/app/src/main/java/com/ndroid/retrofitmvvm/view/adapter/RecyclerAdapter.java,com.ndroid.retrofitmvvm.view.adapter.RecyclerAdapter,"RecyclerAdapter/2[com.ndroid.retrofitmvvm.view.adapter.Context,java.util.List<com.ndroid.retrofitmvvm.model.UserDetail>]",true,23,2,1,1,0,1,0,4,0,0,2,0,0,0,0,0,0,0,0,0,2,0,0,0,0,0,7,1,0,false
/home/arch_design_predict/download-github-repos/mvvm/repos/Retrofit-with-MVVM-master/app/src/main/java/com/ndroid/retrofitmvvm/view/adapter/RecyclerAdapter.java,com.ndroid.retrofitmvvm.view.adapter.RecyclerAdapter,"onCreateViewHolder/2[com.ndroid.retrofitmvvm.view.adapter.ViewGroup,int]",false,30,5,1,0,1,1,3,5,1,2,2,3,0,0,0,0,0,0,0,0,2,0,0,0,0,0,8,1,0,false
/home/arch_design_predict/download-github-repos/mvvm/repos/Retrofit-with-MVVM-master/app/src/main/java/com/ndroid/retrofitmvvm/view/adapter/RecyclerAdapter.java,com.ndroid.retrofitmvvm.view.adapter.RecyclerAdapter,getItemCount/0,false,54,0,0,0,0,1,1,3,1,0,0,1,0,0,0,0,0,0,0,0,0,0,0,0,0,0,3,1,0,false
/home/arch_design_predict/download-github-repos/mvvm/repos/Retrofit-with-MVVM-master/app/src/main/java/com/ndroid/retrofitmvvm/model/Ad.java,com.ndroid.retrofitmvvm.model.Ad,getCompany/0,false,18,0,0,0,0,1,0,3,1,0,0,0,0,0,0,0,0,0,0,0,0,0,0,0,0,0,3,1,0,false
/home/arch_design_predict/download-github-repos/mvvm/repos/Retrofit-with-MVVM-master/app/src/main/java/com/ndroid/retrofitmvvm/model/Ad.java,com.ndroid.retrofitmvvm.model.Ad,getText/0,false,34,0,0,0,0,1,0,3,1,0,0,0,0,0,0,0,0,0,0,0,0,0,0,0,0,0,3,1,0,false
/home/arch_design_predict/download-github-repos/mvvm/repos/Retrofit-with-MVVM-master/app/src/main/java/com/ndroid/retrofitmvvm/model/Ad.java,com.ndroid.retrofitmvvm.model.Ad,getUrl/0,false,26,0,0,0,0,1,0,3,1,0,0,0,0,0,0,0,0,0,0,0,0,0,0,0,0,0,3,1,0,false
/home/arch_design_predict/download-github-repos/mvvm/repos/Retrofit-with-MVVM-master/app/src/main/java/com/ndroid/retrofitmvvm/model/Ad.java,com.ndroid.retrofitmvvm.model.Ad,setUrl/1[java.lang.String],false,30,0,0,0,0,1,0,3,0,0,1,0,0,0,0,0,0,0,0,0,1,0,0,0,0,0,3,1,0,false
/home/arch_design_predict/download-github-repos/mvvm/repos/Retrofit-with-MVVM-master/app/src/main/java/com/ndroid/retrofitmvvm/model/Ad.java,com.ndroid.retrofitmvvm.model.Ad,setCompany/1[java.lang.String],false,22,0,0,0,0,1,0,3,0,0,1,0,0,0,0,0,0,0,0,0,1,0,0,0,0,0,3,1,0,false
/home/arch_design_predict/download-github-repos/mvvm/repos/Retrofit-with-MVVM-master/app/src/main/java/com/ndroid/retrofitmvvm/model/Ad.java,com.ndroid.retrofitmvvm.model.Ad,setText/1[java.lang.String],false,38,0,0,0,0,1,0,3,0,0,1,0,0,0,0,0,0,0,0,0,1,0,0,0,0,0,3,1,0,false
/home/arch_design_predict/download-github-repos/mvvm/repos/Retrofit-with-MVVM-master/app/src/main/java/com/ndroid/retrofitmvvm/view/MainActivity.java,com.ndroid.retrofitmvvm.view.MainActivity$Anonymous2,onClick/1[com.ndroid.retrofitmvvm.view.View],false,88,2,1,0,1,1,1,3,0,0,1,1,0,0,0,0,0,0,0,0,0,0,0,0,0,0,4,1,0,false
/home/arch_design_predict/download-github-repos/mvvm/repos/Retrofit-with-MVVM-master/app/src/main/java/com/ndroid/retrofitmvvm/view/adapter/RecyclerAdapter.java,com.ndroid.retrofitmvvm.view.adapter.RecyclerAdapter$ViewHolder,ViewHolder/1[com.ndroid.retrofitmvvm.view.adapter.View],true,63,2,1,1,0,1,1,5,0,0,1,1,0,0,0,0,0,0,0,0,2,0,0,0,0,0,6,1,0,false
/home/arch_design_predict/download-github-repos/mvvm/repos/Retrofit-with-MVVM-master/app/src/main/java/com/ndroid/retrofitmvvm/view/MainActivity.java,com.ndroid.retrofitmvvm.view.MainActivity,onCreate/1[com.ndroid.retrofitmvvm.view.Bundle],false,36,2,5,0,5,1,7,9,0,0,1,7,5,2,0,0,0,0,0,0,0,0,0,0,0,0,18,4,0,false
/home/arch_design_predict/download-github-repos/mvvm/repos/Retrofit-with-MVVM-master/app/src/main/java/com/ndroid/retrofitmvvm/view/MainActivity.java,com.ndroid.retrofitmvvm.view.MainActivity,registerMvvm/0,false,52,2,3,1,2,1,6,19,0,0,0,6,0,0,0,0,0,0,0,0,1,0,0,1,0,0,22,2,0,false
/home/arch_design_predict/download-github-repos/mvvm/repos/Retrofit-with-MVVM-master/app/src/main/java/com/ndroid/retrofitmvvm/view/MainActivity.java,com.ndroid.retrofitmvvm.view.MainActivity,showProgressBar/0,false,101,0,1,1,0,1,1,3,0,0,0,1,0,0,0,0,0,0,0,0,0,0,0,0,0,0,3,2,0,false
/home/arch_design_predict/download-github-repos/mvvm/repos/Retrofit-with-MVVM-master/app/src/main/java/com/ndroid/retrofitmvvm/view/MainActivity.java,com.ndroid.retrofitmvvm.view.MainActivity,toast/1[java.lang.String],false,77,0,1,1,0,1,2,3,0,0,1,2,0,0,0,0,0,0,0,0,0,0,0,0,0,0,2,2,0,false
/home/arch_design_predict/download-github-repos/mvvm/repos/Retrofit-with-MVVM-master/app/src/main/java/com/ndroid/retrofitmvvm/view/MainActivity.java,com.ndroid.retrofitmvvm.view.MainActivity,initRecyclerView/0,false,94,3,2,1,1,1,2,6,0,1,0,2,0,0,0,0,0,0,0,0,2,0,0,0,0,0,9,2,0,false
/home/arch_design_predict/download-github-repos/mvvm/repos/Retrofit-with-MVVM-master/app/src/main/java/com/ndroid/retrofitmvvm/view/MainActivity.java,com.ndroid.retrofitmvvm.view.MainActivity,hideProgressBar/0,false,105,0,1,1,0,1,1,3,0,0,0,1,0,0,0,0,0,0,0,0,0,0,0,0,0,0,3,2,0,false
/home/arch_design_predict/download-github-repos/mvvm/repos/Retrofit-with-MVVM-master/app/src/main/java/com/ndroid/retrofitmvvm/view/MainActivity.java,com.ndroid.retrofitmvvm.view.MainActivity,initUi/0,false,46,0,1,1,0,1,1,5,0,0,0,1,0,0,0,0,0,0,0,0,3,0,0,0,0,0,11,2,0,false
/home/arch_design_predict/download-github-repos/mvvm/repos/Retrofit-with-MVVM-master/app/src/main/java/com/ndroid/retrofitmvvm/view/MainActivity.java,com.ndroid.retrofitmvvm.view.MainActivity,populateValues/0,false,81,1,2,1,1,1,1,3,0,0,0,1,1,1,0,0,0,0,0,0,0,0,0,0,0,0,5,2,0,false
/home/arch_design_predict/download-github-repos/mvvm/repos/Retrofit-with-MVVM-master/app/src/main/java/com/ndroid/retrofitmvvm/view/MainActivity.java,com.ndroid.retrofitmvvm.view.MainActivity,addListeners/0,false,85,1,1,1,0,1,1,8,0,0,0,1,0,0,0,0,0,0,0,0,0,0,0,1,0,0,6,2,0,false
/home/arch_design_predict/download-github-repos/mvvm/repos/Retrofit-with-MVVM-master/app/src/main/java/com/ndroid/retrofitmvvm/viewmodel/UserRepository.java,com.ndroid.retrofitmvvm.viewmodel.UserRepository$Anonymous1,"onResponse/2[com.ndroid.retrofitmvvm.viewmodel.Call<com.ndroid.retrofitmvvm.model.User>,com.ndroid.retrofitmvvm.viewmodel.Response<com.ndroid.retrofitmvvm.model.User>]",false,36,2,0,0,0,2,2,8,0,0,2,2,0,0,0,1,0,0,0,0,0,0,1,0,0,0,4,1,0,false
/home/arch_design_predict/download-github-repos/mvvm/repos/Retrofit-with-MVVM-master/app/src/main/java/com/ndroid/retrofitmvvm/viewmodel/UserRepository.java,com.ndroid.retrofitmvvm.viewmodel.UserRepository$Anonymous1,"onFailure/2[com.ndroid.retrofitmvvm.viewmodel.Call<com.ndroid.retrofitmvvm.model.User>,java.lang.Throwable]",false,45,1,0,0,0,1,1,3,0,0,2,1,0,0,0,0,0,0,0,0,0,0,0,0,0,0,4,1,0,false
/home/arch_design_predict/download-github-repos/mvvm/repos/Retrofit-with-MVVM-master/app/src/main/java/com/ndroid/retrofitmvvm/view/MainActivity.java,com.ndroid.retrofitmvvm.view.MainActivity$Anonymous1,onChanged/1[com.ndroid.retrofitmvvm.model.User],false,57,3,4,0,4,4,7,12,1,1,1,7,0,0,0,2,0,0,3,1,1,0,1,0,0,0,14,1,0,false
/home/arch_design_predict/download-github-repos/mvvm/repos/Retrofit-with-MVVM-master/app/src/main/java/com/ndroid/retrofitmvvm/viewmodel/UserViewModel.java,com.ndroid.retrofitmvvm.viewmodel.UserViewModel,getUser/0,false,22,3,1,1,0,1,0,3,1,0,0,0,0,0,0,0,0,0,0,0,0,0,0,0,0,0,4,1,0,false
/home/arch_design_predict/download-github-repos/mvvm/repos/Retrofit-with-MVVM-master/app/src/main/java/com/ndroid/retrofitmvvm/viewmodel/UserViewModel.java,com.ndroid.retrofitmvvm.viewmodel.UserViewModel,callNextUserSet/0,false,26,1,2,1,1,1,1,4,0,0,0,1,0,0,0,0,0,0,0,0,0,0,0,0,0,0,6,1,0,false
/home/arch_design_predict/download-github-repos/mvvm/repos/Retrofit-with-MVVM-master/app/src/main/java/com/ndroid/retrofitmvvm/viewmodel/UserViewModel.java,com.ndroid.retrofitmvvm.viewmodel.UserViewModel,init/1[com.ndroid.retrofitmvvm.viewmodel.Context],false,16,2,3,1,2,2,2,4,0,0,1,2,0,0,0,1,0,0,0,0,2,0,1,0,0,0,9,1,0,false
/home/arch_design_predict/download-github-repos/mvvm/repos/Retrofit-with-MVVM-master/app/src/main/java/com/ndroid/retrofitmvvm/retrofit/RetrofitUtil.java,com.ndroid.retrofitmvvm.retrofit.RetrofitUtil,getRetrofitInstance/1[com.ndroid.retrofitmvvm.retrofit.Context],false,14,4,1,1,0,2,6,7,1,1,1,6,0,0,0,1,0,0,0,0,2,0,1,0,0,0,21,9,0,false
/home/arch_design_predict/download-github-repos/mvvm/repos/Retrofit-with-MVVM-master/app/src/main/java/com/ndroid/retrofitmvvm/viewmodel/UserRepository.java,com.ndroid.retrofitmvvm.viewmodel.UserRepository,UserRepository/0,true,19,0,1,1,0,1,0,2,0,0,0,0,0,0,0,0,0,0,0,0,0,0,0,0,0,0,2,2,0,false
/home/arch_design_predict/download-github-repos/mvvm/repos/Retrofit-with-MVVM-master/app/src/main/java/com/ndroid/retrofitmvvm/viewmodel/UserRepository.java,com.ndroid.retrofitmvvm.viewmodel.UserRepository,getUsers/1[int],false,32,4,3,2,1,1,2,17,1,0,1,2,0,0,0,0,0,0,0,0,0,0,0,1,0,0,15,1,0,false
/home/arch_design_predict/download-github-repos/mvvm/repos/Retrofit-with-MVVM-master/app/src/main/java/com/ndroid/retrofitmvvm/viewmodel/UserRepository.java,com.ndroid.retrofitmvvm.viewmodel.UserRepository,getInstance/1[com.ndroid.retrofitmvvm.viewmodel.Context],false,22,4,3,1,2,3,2,5,1,0,1,2,0,0,0,2,0,0,0,0,2,0,1,0,0,0,10,9,0,false
/home/arch_design_predict/download-github-repos/mvvm/repos/Retrofit-with-MVVM-master/app/src/main/java/com/ndroid/retrofitmvvm/model/UserDetail.java,com.ndroid.retrofitmvvm.model.UserDetail,setAvatar/1[java.lang.String],false,60,0,0,0,0,1,0,3,0,0,1,0,0,0,0,0,0,0,0,0,1,0,0,0,0,0,3,1,0,false
/home/arch_design_predict/download-github-repos/mvvm/repos/Retrofit-with-MVVM-master/app/src/main/java/com/ndroid/retrofitmvvm/model/UserDetail.java,com.ndroid.retrofitmvvm.model.UserDetail,setEmail/1[java.lang.String],false,36,0,0,0,0,1,0,3,0,0,1,0,0,0,0,0,0,0,0,0,1,0,0,0,0,0,3,1,0,false
/home/arch_design_predict/download-github-repos/mvvm/repos/Retrofit-with-MVVM-master/app/src/main/java/com/ndroid/retrofitmvvm/model/UserDetail.java,com.ndroid.retrofitmvvm.model.UserDetail,getId/0,false,24,0,0,0,0,1,0,3,1,0,0,0,0,0,0,0,0,0,0,0,0,0,0,0,0,0,4,1,0,false
/home/arch_design_predict/download-github-repos/mvvm/repos/Retrofit-with-MVVM-master/app/src/main/java/com/ndroid/retrofitmvvm/model/UserDetail.java,com.ndroid.retrofitmvvm.model.UserDetail,setId/1[java.lang.Integer],false,28,0,0,0,0,1,0,3,0,0,1,0,0,0,0,0,0,0,0,0,1,0,0,0,0,0,4,1,0,false
/home/arch_design_predict/download-github-repos/mvvm/repos/Retrofit-with-MVVM-master/app/src/main/java/com/ndroid/retrofitmvvm/model/UserDetail.java,com.ndroid.retrofitmvvm.model.UserDetail,setFirstName/1[java.lang.String],false,44,0,0,0,0,1,0,3,0,0,1,0,0,0,0,0,0,0,0,0,1,0,0,0,0,0,4,1,0,false
/home/arch_design_predict/download-github-repos/mvvm/repos/Retrofit-with-MVVM-master/app/src/main/java/com/ndroid/retrofitmvvm/model/UserDetail.java,com.ndroid.retrofitmvvm.model.UserDetail,setLastName/1[java.lang.String],false,52,0,0,0,0,1,0,3,0,0,1,0,0,0,0,0,0,0,0,0,1,0,0,0,0,0,4,1,0,false
/home/arch_design_predict/download-github-repos/mvvm/repos/Retrofit-with-MVVM-master/app/src/main/java/com/ndroid/retrofitmvvm/model/UserDetail.java,com.ndroid.retrofitmvvm.model.UserDetail,getAvatar/0,false,56,0,1,1,0,1,0,3,1,0,0,0,0,0,0,0,0,0,0,0,0,0,0,0,0,0,3,1,0,false
/home/arch_design_predict/download-github-repos/mvvm/repos/Retrofit-with-MVVM-master/app/src/main/java/com/ndroid/retrofitmvvm/model/UserDetail.java,com.ndroid.retrofitmvvm.model.UserDetail,getEmail/0,false,32,0,0,0,0,1,0,3,1,0,0,0,0,0,0,0,0,0,0,0,0,0,0,0,0,0,3,1,0,false
/home/arch_design_predict/download-github-repos/mvvm/repos/Retrofit-with-MVVM-master/app/src/main/java/com/ndroid/retrofitmvvm/model/UserDetail.java,com.ndroid.retrofitmvvm.model.UserDetail,getFirstName/0,false,40,0,1,1,0,1,0,3,1,0,0,0,0,0,0,0,0,0,0,0,0,0,0,0,0,0,4,1,0,false
/home/arch_design_predict/download-github-repos/mvvm/repos/Retrofit-with-MVVM-master/app/src/main/java/com/ndroid/retrofitmvvm/model/UserDetail.java,com.ndroid.retrofitmvvm.model.UserDetail,getLastName/0,false,48,0,1,1,0,1,0,3,1,0,0,0,0,0,0,0,0,0,0,0,0,0,0,0,0,0,4,1,0,false
