file,class,method,variable,usage
/home/arch_design_predict/download-github-repos/mvvm/repos/android-room-architecture-master/app/src/main/java/com/example/roomarchitectureexample/Note.java,com.example.roomarchitectureexample.Note,setTitle/1[java.lang.String],title,3
/home/arch_design_predict/download-github-repos/mvvm/repos/android-room-architecture-master/app/src/main/java/com/example/roomarchitectureexample/Note.java,com.example.roomarchitectureexample.Note,setPriority/1[int],priority,3
/home/arch_design_predict/download-github-repos/mvvm/repos/android-room-architecture-master/app/src/main/java/com/example/roomarchitectureexample/Note.java,com.example.roomarchitectureexample.Note,setId/1[int],id,3
/home/arch_design_predict/download-github-repos/mvvm/repos/android-room-architecture-master/app/src/main/java/com/example/roomarchitectureexample/Note.java,com.example.roomarchitectureexample.Note,"Note/3[java.lang.String,java.lang.String,int]",description,3
/home/arch_design_predict/download-github-repos/mvvm/repos/android-room-architecture-master/app/src/main/java/com/example/roomarchitectureexample/Note.java,com.example.roomarchitectureexample.Note,"Note/3[java.lang.String,java.lang.String,int]",title,3
/home/arch_design_predict/download-github-repos/mvvm/repos/android-room-architecture-master/app/src/main/java/com/example/roomarchitectureexample/Note.java,com.example.roomarchitectureexample.Note,"Note/3[java.lang.String,java.lang.String,int]",priority,3
/home/arch_design_predict/download-github-repos/mvvm/repos/android-room-architecture-master/app/src/main/java/com/example/roomarchitectureexample/Note.java,com.example.roomarchitectureexample.Note,getPriority/0,priority,1
/home/arch_design_predict/download-github-repos/mvvm/repos/android-room-architecture-master/app/src/main/java/com/example/roomarchitectureexample/Note.java,com.example.roomarchitectureexample.Note,getTitle/0,title,1
/home/arch_design_predict/download-github-repos/mvvm/repos/android-room-architecture-master/app/src/main/java/com/example/roomarchitectureexample/Note.java,com.example.roomarchitectureexample.Note,getDescription/0,description,1
/home/arch_design_predict/download-github-repos/mvvm/repos/android-room-architecture-master/app/src/main/java/com/example/roomarchitectureexample/Note.java,com.example.roomarchitectureexample.Note,setDescription/1[java.lang.String],description,3
/home/arch_design_predict/download-github-repos/mvvm/repos/android-room-architecture-master/app/src/main/java/com/example/roomarchitectureexample/Note.java,com.example.roomarchitectureexample.Note,getId/0,id,1
/home/arch_design_predict/download-github-repos/mvvm/repos/android-room-architecture-master/app/src/main/java/com/example/roomarchitectureexample/NoteRepository.java,com.example.roomarchitectureexample.NoteRepository$DeleteNoteAsyncTask,DeleteNoteAsyncTask/1[com.example.roomarchitectureexample.NoteDAO],noteDAO,3
/home/arch_design_predict/download-github-repos/mvvm/repos/android-room-architecture-master/app/src/main/java/com/example/roomarchitectureexample/NoteRepository.java,com.example.roomarchitectureexample.NoteRepository$DeleteNoteAsyncTask,doInBackground/1[com.example.roomarchitectureexample.Note[]],noteDAO,1
/home/arch_design_predict/download-github-repos/mvvm/repos/android-room-architecture-master/app/src/main/java/com/example/roomarchitectureexample/NoteAdapter.java,com.example.roomarchitectureexample.NoteAdapter$NoteHolder,NoteHolder/1[com.example.roomarchitectureexample.View],textViewPriority,1
/home/arch_design_predict/download-github-repos/mvvm/repos/android-room-architecture-master/app/src/main/java/com/example/roomarchitectureexample/NoteAdapter.java,com.example.roomarchitectureexample.NoteAdapter$NoteHolder,NoteHolder/1[com.example.roomarchitectureexample.View],textViewTitle,1
/home/arch_design_predict/download-github-repos/mvvm/repos/android-room-architecture-master/app/src/main/java/com/example/roomarchitectureexample/NoteAdapter.java,com.example.roomarchitectureexample.NoteAdapter$NoteHolder,NoteHolder/1[com.example.roomarchitectureexample.View],textViewDescription,1
/home/arch_design_predict/download-github-repos/mvvm/repos/android-room-architecture-master/app/src/main/java/com/example/roomarchitectureexample/NoteRepository.java,com.example.roomarchitectureexample.NoteRepository$DeleteAllNoteAsyncTask,doInBackground/1[com.example.roomarchitectureexample.Note[]],noteDAO,1
/home/arch_design_predict/download-github-repos/mvvm/repos/android-room-architecture-master/app/src/main/java/com/example/roomarchitectureexample/NoteRepository.java,com.example.roomarchitectureexample.NoteRepository$DeleteAllNoteAsyncTask,DeleteAllNoteAsyncTask/1[com.example.roomarchitectureexample.NoteDAO],noteDAO,3
/home/arch_design_predict/download-github-repos/mvvm/repos/android-room-architecture-master/app/src/main/java/com/example/roomarchitectureexample/AddEditNoteActivity.java,com.example.roomarchitectureexample.AddEditNoteActivity,onCreate/1[com.example.roomarchitectureexample.Bundle],numberPickerPriority,4
/home/arch_design_predict/download-github-repos/mvvm/repos/android-room-architecture-master/app/src/main/java/com/example/roomarchitectureexample/AddEditNoteActivity.java,com.example.roomarchitectureexample.AddEditNoteActivity,onCreate/1[com.example.roomarchitectureexample.Bundle],EXTRA_TITLE,1
/home/arch_design_predict/download-github-repos/mvvm/repos/android-room-architecture-master/app/src/main/java/com/example/roomarchitectureexample/AddEditNoteActivity.java,com.example.roomarchitectureexample.AddEditNoteActivity,onCreate/1[com.example.roomarchitectureexample.Bundle],editTextTitle,2
/home/arch_design_predict/download-github-repos/mvvm/repos/android-room-architecture-master/app/src/main/java/com/example/roomarchitectureexample/AddEditNoteActivity.java,com.example.roomarchitectureexample.AddEditNoteActivity,onCreate/1[com.example.roomarchitectureexample.Bundle],EXTRA_ID,1
/home/arch_design_predict/download-github-repos/mvvm/repos/android-room-architecture-master/app/src/main/java/com/example/roomarchitectureexample/AddEditNoteActivity.java,com.example.roomarchitectureexample.AddEditNoteActivity,onCreate/1[com.example.roomarchitectureexample.Bundle],EXTRA_PRIORITY,1
/home/arch_design_predict/download-github-repos/mvvm/repos/android-room-architecture-master/app/src/main/java/com/example/roomarchitectureexample/AddEditNoteActivity.java,com.example.roomarchitectureexample.AddEditNoteActivity,onCreate/1[com.example.roomarchitectureexample.Bundle],editTextDescription,2
/home/arch_design_predict/download-github-repos/mvvm/repos/android-room-architecture-master/app/src/main/java/com/example/roomarchitectureexample/AddEditNoteActivity.java,com.example.roomarchitectureexample.AddEditNoteActivity,onCreate/1[com.example.roomarchitectureexample.Bundle],EXTRA_DESCRIPTION,1
/home/arch_design_predict/download-github-repos/mvvm/repos/android-room-architecture-master/app/src/main/java/com/example/roomarchitectureexample/AddEditNoteActivity.java,com.example.roomarchitectureexample.AddEditNoteActivity,saveNote/0,numberPickerPriority,1
/home/arch_design_predict/download-github-repos/mvvm/repos/android-room-architecture-master/app/src/main/java/com/example/roomarchitectureexample/AddEditNoteActivity.java,com.example.roomarchitectureexample.AddEditNoteActivity,saveNote/0,EXTRA_TITLE,1
/home/arch_design_predict/download-github-repos/mvvm/repos/android-room-architecture-master/app/src/main/java/com/example/roomarchitectureexample/AddEditNoteActivity.java,com.example.roomarchitectureexample.AddEditNoteActivity,saveNote/0,editTextTitle,1
/home/arch_design_predict/download-github-repos/mvvm/repos/android-room-architecture-master/app/src/main/java/com/example/roomarchitectureexample/AddEditNoteActivity.java,com.example.roomarchitectureexample.AddEditNoteActivity,saveNote/0,EXTRA_PRIORITY,1
/home/arch_design_predict/download-github-repos/mvvm/repos/android-room-architecture-master/app/src/main/java/com/example/roomarchitectureexample/AddEditNoteActivity.java,com.example.roomarchitectureexample.AddEditNoteActivity,saveNote/0,EXTRA_ID,2
/home/arch_design_predict/download-github-repos/mvvm/repos/android-room-architecture-master/app/src/main/java/com/example/roomarchitectureexample/AddEditNoteActivity.java,com.example.roomarchitectureexample.AddEditNoteActivity,saveNote/0,editTextDescription,1
/home/arch_design_predict/download-github-repos/mvvm/repos/android-room-architecture-master/app/src/main/java/com/example/roomarchitectureexample/AddEditNoteActivity.java,com.example.roomarchitectureexample.AddEditNoteActivity,saveNote/0,EXTRA_DESCRIPTION,1
/home/arch_design_predict/download-github-repos/mvvm/repos/android-room-architecture-master/app/src/main/java/com/example/roomarchitectureexample/NoteViewModel.java,com.example.roomarchitectureexample.NoteViewModel,getAllNotes/0,allNotes,1
/home/arch_design_predict/download-github-repos/mvvm/repos/android-room-architecture-master/app/src/main/java/com/example/roomarchitectureexample/NoteViewModel.java,com.example.roomarchitectureexample.NoteViewModel,insert/1[com.example.roomarchitectureexample.Note],repository,1
/home/arch_design_predict/download-github-repos/mvvm/repos/android-room-architecture-master/app/src/main/java/com/example/roomarchitectureexample/NoteViewModel.java,com.example.roomarchitectureexample.NoteViewModel,deleteAllNotes/0,repository,1
/home/arch_design_predict/download-github-repos/mvvm/repos/android-room-architecture-master/app/src/main/java/com/example/roomarchitectureexample/NoteViewModel.java,com.example.roomarchitectureexample.NoteViewModel,update/1[com.example.roomarchitectureexample.Note],repository,1
/home/arch_design_predict/download-github-repos/mvvm/repos/android-room-architecture-master/app/src/main/java/com/example/roomarchitectureexample/NoteViewModel.java,com.example.roomarchitectureexample.NoteViewModel,delete/1[com.example.roomarchitectureexample.Note],repository,1
/home/arch_design_predict/download-github-repos/mvvm/repos/android-room-architecture-master/app/src/main/java/com/example/roomarchitectureexample/NoteViewModel.java,com.example.roomarchitectureexample.NoteViewModel,NoteViewModel/1[com.example.roomarchitectureexample.Application],repository,2
/home/arch_design_predict/download-github-repos/mvvm/repos/android-room-architecture-master/app/src/main/java/com/example/roomarchitectureexample/NoteViewModel.java,com.example.roomarchitectureexample.NoteViewModel,NoteViewModel/1[com.example.roomarchitectureexample.Application],allNotes,1
/home/arch_design_predict/download-github-repos/mvvm/repos/android-room-architecture-master/app/src/main/java/com/example/roomarchitectureexample/NoteRepository.java,com.example.roomarchitectureexample.NoteRepository$InsertNoteAsyncTask,InsertNoteAsyncTask/1[com.example.roomarchitectureexample.NoteDAO],noteDAO,3
/home/arch_design_predict/download-github-repos/mvvm/repos/android-room-architecture-master/app/src/main/java/com/example/roomarchitectureexample/NoteRepository.java,com.example.roomarchitectureexample.NoteRepository$InsertNoteAsyncTask,doInBackground/1[com.example.roomarchitectureexample.Note[]],noteDAO,1
/home/arch_design_predict/download-github-repos/mvvm/repos/android-room-architecture-master/app/src/main/java/com/example/roomarchitectureexample/NoteAdapter.java,com.example.roomarchitectureexample.NoteAdapter,setOnItemClickListener/1[com.example.roomarchitectureexample.NoteAdapter.OnItemClickListener],listener,3
/home/arch_design_predict/download-github-repos/mvvm/repos/android-room-architecture-master/app/src/main/java/com/example/roomarchitectureexample/NoteDatabase.java,com.example.roomarchitectureexample.NoteDatabase,getInstance/1[com.example.roomarchitectureexample.Context],instance,3
/home/arch_design_predict/download-github-repos/mvvm/repos/android-room-architecture-master/app/src/main/java/com/example/roomarchitectureexample/NoteDatabase.java,com.example.roomarchitectureexample.NoteDatabase,getInstance/1[com.example.roomarchitectureexample.Context],roomCallback,1
/home/arch_design_predict/download-github-repos/mvvm/repos/android-room-architecture-master/app/src/main/java/com/example/roomarchitectureexample/NoteRepository.java,com.example.roomarchitectureexample.NoteRepository,getAllNotes/0,allNotes,1
/home/arch_design_predict/download-github-repos/mvvm/repos/android-room-architecture-master/app/src/main/java/com/example/roomarchitectureexample/NoteRepository.java,com.example.roomarchitectureexample.NoteRepository,NoteRepository/1[com.example.roomarchitectureexample.Application],noteDAO,3
/home/arch_design_predict/download-github-repos/mvvm/repos/android-room-architecture-master/app/src/main/java/com/example/roomarchitectureexample/NoteRepository.java,com.example.roomarchitectureexample.NoteRepository,NoteRepository/1[com.example.roomarchitectureexample.Application],allNotes,1
/home/arch_design_predict/download-github-repos/mvvm/repos/android-room-architecture-master/app/src/main/java/com/example/roomarchitectureexample/NoteRepository.java,com.example.roomarchitectureexample.NoteRepository,update/1[com.example.roomarchitectureexample.Note],noteDAO,1
/home/arch_design_predict/download-github-repos/mvvm/repos/android-room-architecture-master/app/src/main/java/com/example/roomarchitectureexample/NoteRepository.java,com.example.roomarchitectureexample.NoteRepository,insert/1[com.example.roomarchitectureexample.Note],noteDAO,1
/home/arch_design_predict/download-github-repos/mvvm/repos/android-room-architecture-master/app/src/main/java/com/example/roomarchitectureexample/NoteRepository.java,com.example.roomarchitectureexample.NoteRepository,delete/1[com.example.roomarchitectureexample.Note],noteDAO,1
/home/arch_design_predict/download-github-repos/mvvm/repos/android-room-architecture-master/app/src/main/java/com/example/roomarchitectureexample/NoteRepository.java,com.example.roomarchitectureexample.NoteRepository,deleteAllNotes/0,noteDAO,1
/home/arch_design_predict/download-github-repos/mvvm/repos/android-room-architecture-master/app/src/main/java/com/example/roomarchitectureexample/NoteRepository.java,com.example.roomarchitectureexample.NoteRepository$UpdateNoteAsyncTask,doInBackground/1[com.example.roomarchitectureexample.Note[]],noteDAO,1
/home/arch_design_predict/download-github-repos/mvvm/repos/android-room-architecture-master/app/src/main/java/com/example/roomarchitectureexample/NoteRepository.java,com.example.roomarchitectureexample.NoteRepository$UpdateNoteAsyncTask,UpdateNoteAsyncTask/1[com.example.roomarchitectureexample.NoteDAO],noteDAO,3
/home/arch_design_predict/download-github-repos/mvvm/repos/android-room-architecture-master/app/src/main/java/com/example/roomarchitectureexample/MainActivity.java,com.example.roomarchitectureexample.MainActivity,onOptionsItemSelected/1[com.example.roomarchitectureexample.MenuItem],viewModel,1
/home/arch_design_predict/download-github-repos/mvvm/repos/android-room-architecture-master/app/src/main/java/com/example/roomarchitectureexample/MainActivity.java,com.example.roomarchitectureexample.MainActivity,onCreate/1[com.example.roomarchitectureexample.Bundle],viewModel,2
/home/arch_design_predict/download-github-repos/mvvm/repos/android-room-architecture-master/app/src/main/java/com/example/roomarchitectureexample/MainActivity.java,com.example.roomarchitectureexample.MainActivity,"onActivityResult/3[int,int,com.example.roomarchitectureexample.Intent]",EDIT_NOTE_REQUEST,1
/home/arch_design_predict/download-github-repos/mvvm/repos/android-room-architecture-master/app/src/main/java/com/example/roomarchitectureexample/MainActivity.java,com.example.roomarchitectureexample.MainActivity,"onActivityResult/3[int,int,com.example.roomarchitectureexample.Intent]",ADD_NOTE_REQUEST,1
/home/arch_design_predict/download-github-repos/mvvm/repos/android-room-architecture-master/app/src/main/java/com/example/roomarchitectureexample/MainActivity.java,com.example.roomarchitectureexample.MainActivity,"onActivityResult/3[int,int,com.example.roomarchitectureexample.Intent]",viewModel,2
/home/arch_design_predict/download-github-repos/mvvm/repos/android-room-architecture-master/app/src/main/java/com/example/roomarchitectureexample/NoteDatabase.java,com.example.roomarchitectureexample.NoteDatabase$PopulateDbAsyncTask,PopulateDbAsyncTask/1[com.example.roomarchitectureexample.NoteDatabase],noteDAO,2
/home/arch_design_predict/download-github-repos/mvvm/repos/android-room-architecture-master/app/src/main/java/com/example/roomarchitectureexample/NoteDatabase.java,com.example.roomarchitectureexample.NoteDatabase$PopulateDbAsyncTask,doInBackground/1[java.lang.Void[]],noteDAO,3
