file,class,method,constructor,line,cbo,cboModified,fanin,fanout,wmc,rfc,loc,returnsQty,variablesQty,parametersQty,methodsInvokedQty,methodsInvokedLocalQty,methodsInvokedIndirectLocalQty,loopQty,comparisonsQty,tryCatchQty,parenthesizedExpsQty,stringLiteralsQty,numbersQty,assignmentsQty,mathOperationsQty,maxNestedBlocksQty,anonymousClassesQty,innerClassesQty,lambdasQty,uniqueWordsQty,modifiers,logStatementsQty,hasJavaDoc
/home/arch_design_predict/download-github-repos/mvvm/repos/android-mvvm-and-livedata-master/app/src/main/java/com/taleb/mvvm/MainActivity.java,com.taleb.mvvm.MainActivity,onCreate/1[com.taleb.mvvm.Bundle],false,19,7,1,0,1,1,8,39,0,6,1,8,0,0,0,0,0,0,0,0,7,0,0,2,0,0,35,4,0,false
/home/arch_design_predict/download-github-repos/mvvm/repos/android-mvvm-and-livedata-master/app/src/main/java/com/taleb/mvvm/MainViewModel.java,com.taleb.mvvm.MainViewModel,"setNum/2[int,int]",false,32,1,4,1,3,2,5,9,0,1,2,5,0,0,0,1,0,0,0,0,1,1,1,0,0,0,8,0,0,false
/home/arch_design_predict/download-github-repos/mvvm/repos/android-mvvm-and-livedata-master/app/src/main/java/com/taleb/mvvm/MainViewModel.java,com.taleb.mvvm.MainViewModel,getUser/0,false,12,4,2,1,1,2,1,6,1,0,0,1,1,1,0,1,0,0,0,0,0,0,1,0,0,0,5,1,0,false
/home/arch_design_predict/download-github-repos/mvvm/repos/android-mvvm-and-livedata-master/app/src/main/java/com/taleb/mvvm/MainViewModel.java,com.taleb.mvvm.MainViewModel,prepareUser/0,false,19,2,7,1,6,1,6,10,0,1,0,6,0,0,0,0,0,0,2,3,2,0,0,0,0,0,5,2,0,false
/home/arch_design_predict/download-github-repos/mvvm/repos/android-mvvm-and-livedata-master/app/src/androidTest/java/com/taleb/mvvm/ExampleInstrumentedTest.java,com.taleb.mvvm.ExampleInstrumentedTest,useAppContext/0,false,20,2,0,0,0,1,3,4,0,1,0,3,0,0,0,0,0,0,1,0,1,0,0,0,0,0,6,1,0,false
/home/arch_design_predict/download-github-repos/mvvm/repos/android-mvvm-and-livedata-master/app/src/main/java/com/taleb/mvvm/UserModel.java,com.taleb.mvvm.UserModel,setNum1/1[int],false,28,0,2,2,0,1,0,3,0,0,1,0,0,0,0,0,0,0,0,0,1,0,0,0,0,0,3,1,0,false
/home/arch_design_predict/download-github-repos/mvvm/repos/android-mvvm-and-livedata-master/app/src/main/java/com/taleb/mvvm/UserModel.java,com.taleb.mvvm.UserModel,setEmail/1[java.lang.String],false,20,0,1,1,0,1,0,3,0,0,1,0,0,0,0,0,0,0,0,0,1,0,0,0,0,0,3,1,0,false
/home/arch_design_predict/download-github-repos/mvvm/repos/android-mvvm-and-livedata-master/app/src/main/java/com/taleb/mvvm/UserModel.java,com.taleb.mvvm.UserModel,setName/1[java.lang.String],false,12,0,1,1,0,1,0,3,0,0,1,0,0,0,0,0,0,0,0,0,1,0,0,0,0,0,3,1,0,false
/home/arch_design_predict/download-github-repos/mvvm/repos/android-mvvm-and-livedata-master/app/src/main/java/com/taleb/mvvm/UserModel.java,com.taleb.mvvm.UserModel,setResult/1[int],false,44,0,2,2,0,1,0,3,0,0,1,0,0,0,0,0,0,0,0,0,1,0,0,0,0,0,3,1,0,false
/home/arch_design_predict/download-github-repos/mvvm/repos/android-mvvm-and-livedata-master/app/src/main/java/com/taleb/mvvm/UserModel.java,com.taleb.mvvm.UserModel,getNum2/0,false,32,0,1,1,0,1,0,3,1,0,0,0,0,0,0,0,0,0,0,0,0,0,0,0,0,0,3,1,0,false
/home/arch_design_predict/download-github-repos/mvvm/repos/android-mvvm-and-livedata-master/app/src/main/java/com/taleb/mvvm/UserModel.java,com.taleb.mvvm.UserModel,getName/0,false,8,0,1,1,0,1,0,3,1,0,0,0,0,0,0,0,0,0,0,0,0,0,0,0,0,0,3,1,0,false
/home/arch_design_predict/download-github-repos/mvvm/repos/android-mvvm-and-livedata-master/app/src/main/java/com/taleb/mvvm/UserModel.java,com.taleb.mvvm.UserModel,setNum2/1[int],false,36,0,2,2,0,1,0,3,0,0,1,0,0,0,0,0,0,0,0,0,1,0,0,0,0,0,3,1,0,false
/home/arch_design_predict/download-github-repos/mvvm/repos/android-mvvm-and-livedata-master/app/src/main/java/com/taleb/mvvm/UserModel.java,com.taleb.mvvm.UserModel,getEmail/0,false,16,0,1,1,0,1,0,3,1,0,0,0,0,0,0,0,0,0,0,0,0,0,0,0,0,0,3,1,0,false
/home/arch_design_predict/download-github-repos/mvvm/repos/android-mvvm-and-livedata-master/app/src/main/java/com/taleb/mvvm/UserModel.java,com.taleb.mvvm.UserModel,getResult/0,false,40,0,1,1,0,1,0,3,1,0,0,0,0,0,0,0,0,0,0,0,0,0,0,0,0,0,3,1,0,false
/home/arch_design_predict/download-github-repos/mvvm/repos/android-mvvm-and-livedata-master/app/src/main/java/com/taleb/mvvm/UserModel.java,com.taleb.mvvm.UserModel,getNum1/0,false,24,0,1,1,0,1,0,3,1,0,0,0,0,0,0,0,0,0,0,0,0,0,0,0,0,0,3,1,0,false
/home/arch_design_predict/download-github-repos/mvvm/repos/android-mvvm-and-livedata-master/app/src/test/java/com/taleb/mvvm/ExampleUnitTest.java,com.taleb.mvvm.ExampleUnitTest,addition_isCorrect/0,false,14,1,0,0,0,1,1,3,0,0,0,1,0,0,0,0,0,0,0,3,0,1,0,0,0,0,5,1,0,false
/home/arch_design_predict/download-github-repos/mvvm/repos/android-mvvm-and-livedata-master/app/src/main/java/com/taleb/mvvm/MainActivity.java,com.taleb.mvvm.MainActivity$Anonymous2,onClick/1[com.taleb.mvvm.View],false,57,2,1,0,1,3,8,9,1,2,1,8,0,0,0,0,0,0,1,2,2,0,1,0,0,0,7,1,0,false
/home/arch_design_predict/download-github-repos/mvvm/repos/android-mvvm-and-livedata-master/app/src/main/java/com/taleb/mvvm/MainActivity.java,com.taleb.mvvm.MainActivity$Anonymous1,onChanged/1[com.taleb.mvvm.UserModel],false,41,3,5,0,5,2,6,10,1,0,1,6,0,0,0,1,0,0,5,0,0,3,1,0,0,0,6,1,0,false
