file,class,type,cbo,cboModified,fanin,fanout,wmc,dit,noc,rfc,lcom,lcom*,tcc,lcc,totalMethodsQty,staticMethodsQty,publicMethodsQty,privateMethodsQty,protectedMethodsQty,defaultMethodsQty,visibleMethodsQty,abstractMethodsQty,finalMethodsQty,synchronizedMethodsQty,totalFieldsQty,staticFieldsQty,publicFieldsQty,privateFieldsQty,protectedFieldsQty,defaultFieldsQty,finalFieldsQty,synchronizedFieldsQty,nosi,loc,returnQty,loopQty,comparisonsQty,tryCatchQty,parenthesizedExpsQty,stringLiteralsQty,numbersQty,assignmentsQty,mathOperationsQty,variablesQty,maxNestedBlocksQty,anonymousClassesQty,innerClassesQty,lambdasQty,uniqueWordsQty,modifiers,logStatementsQty
/Users/sirojiddinkomolov/Documents/innopolis/research/arch_design_pattern_detection/exps/3rd_revision/coach_repos_r/compass-keyboard-master/src/org/dyndns/fules/ck/CompassKeyboardView.java,org.dyndns.fules.ck.EmbeddableItem,interface,0,4,4,0,1,1,0,0,0,0.0,NaN,NaN,1,0,1,0,0,0,1,0,0,0,0,0,0,0,0,0,0,0,0,3,0,0,0,0,0,0,0,0,0,0,0,0,0,0,4,0,0
/Users/sirojiddinkomolov/Documents/innopolis/research/arch_design_pattern_detection/exps/3rd_revision/coach_repos_r/compass-keyboard-master/src/org/dyndns/fules/ck/CompassKeyboardView.java,org.dyndns.fules.ck.CompassKeyboardView$Row$Key,innerclass,12,12,0,12,59,2,0,33,0,0.75213677,0.41666666,1.0,9,0,4,0,3,2,9,0,0,0,9,0,0,0,0,9,0,0,16,199,6,2,25,0,22,9,38,63,51,28,3,0,1,0,104,0,0
/Users/sirojiddinkomolov/Documents/innopolis/research/arch_design_pattern_detection/exps/3rd_revision/coach_repos_r/compass-keyboard-master/src/org/dyndns/fules/ck/CompassKeyboardSettings.java,org.dyndns.fules.ck.CompassKeyboardSettings,class,5,6,1,5,7,2,0,12,3,0.6666667,0.0,0.0,3,0,1,0,2,0,3,0,0,0,1,1,0,1,0,0,1,0,0,29,1,1,1,0,2,6,3,11,2,8,3,0,0,0,41,1,0
/Users/sirojiddinkomolov/Documents/innopolis/research/arch_design_pattern_detection/exps/3rd_revision/coach_repos_r/compass-keyboard-master/src/org/dyndns/fules/ck/CompassKeyboardView.java,org.dyndns.fules.ck.CompassKeyboardView,class,22,26,4,22,118,5,0,71,194,0.92387813,0.13833992,0.9130435,24,0,21,1,0,2,23,0,0,0,46,16,13,3,0,30,16,0,18,700,19,4,48,0,54,34,126,109,34,81,8,0,4,0,197,1,0
/Users/sirojiddinkomolov/Documents/innopolis/research/arch_design_pattern_detection/exps/3rd_revision/coach_repos_r/compass-keyboard-master/src/org/dyndns/fules/Symlink.java,org.dyndns.fules.Symlink,class,1,4,3,1,9,1,0,7,10,0.8,0.0,0.0,5,5,5,0,0,0,6,0,0,0,1,1,1,0,0,0,1,0,5,25,4,1,0,0,0,4,0,4,1,3,2,0,0,0,16,1,0
/Users/sirojiddinkomolov/Documents/innopolis/research/arch_design_pattern_detection/exps/3rd_revision/coach_repos_r/compass-keyboard-master/src/org/dyndns/fules/ck/FilePickerView.java,org.dyndns.fules.ck.FilePickerView$FileInfoAdapter,innerclass,6,6,0,6,29,2,0,14,40,0.72222227,0.1969697,0.42424244,12,0,12,0,0,0,12,0,0,0,3,0,0,0,0,3,0,0,3,64,10,1,4,0,4,3,9,15,0,7,2,0,0,0,42,0,0
/Users/sirojiddinkomolov/Documents/innopolis/research/arch_design_pattern_detection/exps/3rd_revision/coach_repos_r/compass-keyboard-master/src/org/dyndns/fules/ck/CompassKeyboardView.java,org.dyndns.fules.ck.CompassKeyboardView$Row$Key$State,innerclass,3,3,0,3,21,1,0,8,0,0.0,NaN,NaN,1,0,1,0,0,0,1,0,0,0,2,0,0,0,0,2,0,0,0,34,0,2,4,0,4,7,4,17,0,7,2,0,0,0,21,0,0
/Users/sirojiddinkomolov/Documents/innopolis/research/arch_design_pattern_detection/exps/3rd_revision/coach_repos_r/compass-keyboard-master/src/org/dyndns/fules/ck/FilePickerView.java,org.dyndns.fules.ck.FilePickerView$ResultListener,interface,0,0,0,0,1,1,0,0,0,0.0,NaN,NaN,1,0,0,0,0,1,1,0,0,0,0,0,0,0,0,0,0,0,0,3,0,0,0,0,0,0,0,0,0,0,0,0,0,0,6,0,0
/Users/sirojiddinkomolov/Documents/innopolis/research/arch_design_pattern_detection/exps/3rd_revision/coach_repos_r/compass-keyboard-master/src/org/dyndns/fules/ck/CompassKeyboardView.java,org.dyndns.fules.ck.CompassKeyboardView$LongTap,innerclass,1,1,0,1,1,1,0,1,0,0.0,NaN,NaN,1,0,1,0,0,0,1,0,0,0,0,0,0,0,0,0,0,0,0,5,0,0,0,0,0,0,0,1,0,0,0,0,0,0,7,18,0
/Users/sirojiddinkomolov/Documents/innopolis/research/arch_design_pattern_detection/exps/3rd_revision/coach_repos_r/compass-keyboard-master/src/org/dyndns/fules/ck/FilePickerView.java,org.dyndns.fules.ck.FileInfoView$Anonymous1,anonymous,1,1,0,1,5,1,0,2,0,0.0,NaN,NaN,1,0,1,0,0,0,1,0,0,0,0,0,0,0,0,0,0,0,0,9,3,0,0,0,0,0,2,2,0,2,1,0,0,0,8,-1,0
/Users/sirojiddinkomolov/Documents/innopolis/research/arch_design_pattern_detection/exps/3rd_revision/coach_repos_r/compass-keyboard-master/src/org/dyndns/fules/ck/FilePicker.java,org.dyndns.fules.ck.FilePicker,class,6,6,0,6,16,2,0,35,0,0.29166666,1.0,1.0,2,0,2,0,0,0,2,0,0,0,12,10,9,1,0,2,10,0,2,69,0,1,13,0,4,20,15,27,3,21,3,0,0,0,64,1,0
/Users/sirojiddinkomolov/Documents/innopolis/research/arch_design_pattern_detection/exps/3rd_revision/coach_repos_r/compass-keyboard-master/src/org/dyndns/fules/ck/CompassKeyboard.java,org.dyndns.fules.ck.CompassKeyboard,class,22,24,2,22,95,2,0,80,204,0.88000005,0.1521739,0.2826087,25,0,19,1,0,5,24,0,0,0,11,3,2,2,0,7,3,0,13,276,16,3,14,3,15,119,37,58,16,32,7,0,0,0,142,1,0
/Users/sirojiddinkomolov/Documents/innopolis/research/arch_design_pattern_detection/exps/3rd_revision/coach_repos_r/compass-keyboard-master/src/org/dyndns/fules/ck/CompassKeyboardView.java,org.dyndns.fules.ck.CompassKeyboardView$Align,innerclass,5,5,0,5,11,2,0,10,0,0.16666667,1.0,1.0,3,0,2,0,1,0,3,0,0,0,2,0,0,0,0,2,0,0,4,26,0,0,6,0,5,6,1,12,3,7,1,0,0,0,33,0,0
/Users/sirojiddinkomolov/Documents/innopolis/research/arch_design_pattern_detection/exps/3rd_revision/coach_repos_r/compass-keyboard-master/src/org/dyndns/fules/ck/CompassKeyboardView.java,org.dyndns.fules.ck.CompassKeyboardView$Row,innerclass,10,10,0,10,24,3,0,23,4,0.6388889,0.16666667,0.16666667,4,0,3,0,1,0,4,0,0,0,6,0,0,0,0,6,0,0,14,293,0,3,8,0,6,9,30,37,27,20,3,0,1,0,65,0,0
/Users/sirojiddinkomolov/Documents/innopolis/research/arch_design_pattern_detection/exps/3rd_revision/coach_repos_r/compass-keyboard-master/src/org/dyndns/fules/ck/FilePickerView.java,org.dyndns.fules.ck.FilePickerView,class,12,14,2,12,22,3,0,14,44,0.8645833,0.16666667,0.22727273,12,0,5,0,0,7,12,0,0,0,8,1,0,1,0,7,1,0,0,143,1,0,8,0,5,5,1,17,1,9,2,0,2,0,50,1,0
/Users/sirojiddinkomolov/Documents/innopolis/research/arch_design_pattern_detection/exps/3rd_revision/coach_repos_r/compass-keyboard-master/src/org/dyndns/fules/ck/CompassKeyboardView.java,org.dyndns.fules.ck.Action,class,2,5,3,2,24,1,0,8,0,0.22222222,1.0,1.0,2,0,2,0,0,0,2,0,0,0,3,0,0,0,0,3,0,0,7,66,0,0,18,0,5,13,8,33,2,12,6,0,0,0,32,0,0
/Users/sirojiddinkomolov/Documents/innopolis/research/arch_design_pattern_detection/exps/3rd_revision/coach_repos_r/compass-keyboard-master/src/org/dyndns/fules/ck/FilePickerView.java,org.dyndns.fules.ck.RegexFilter,class,0,1,1,0,3,1,0,4,0,0.33333334,0.6666667,1.0,3,0,2,0,0,1,3,0,0,0,2,0,0,0,0,2,0,0,1,15,2,0,0,0,0,0,0,3,0,3,0,0,0,0,13,0,0
/Users/sirojiddinkomolov/Documents/innopolis/research/arch_design_pattern_detection/exps/3rd_revision/coach_repos_r/compass-keyboard-master/src/org/dyndns/fules/ck/FilePickerView.java,org.dyndns.fules.ck.FileInfoView,class,10,14,4,10,20,2,0,17,0,0.6857143,0.7,1.0,5,0,5,0,0,0,5,0,0,0,13,7,0,1,0,12,7,0,2,83,2,0,10,0,0,1,7,22,0,14,5,1,0,0,59,0,0
/Users/sirojiddinkomolov/Documents/innopolis/research/arch_design_pattern_detection/exps/3rd_revision/coach_repos_r/compass-keyboard-master/src/org/dyndns/fules/ck/CompassKeyboardView.java,org.dyndns.fules.ck.CompassKeyboardView$OverlayView,innerclass,3,3,0,3,12,2,0,5,4,0.5,0.16666667,0.16666667,4,0,1,0,2,1,4,0,0,0,1,0,0,0,0,1,0,0,0,37,0,0,0,0,0,0,8,6,2,5,1,0,0,0,25,0,0
