file,class,method,constructor,line,cbo,cboModified,fanin,fanout,wmc,rfc,loc,returnsQty,variablesQty,parametersQty,methodsInvokedQty,methodsInvokedLocalQty,methodsInvokedIndirectLocalQty,loopQty,comparisonsQty,tryCatchQty,parenthesizedExpsQty,stringLiteralsQty,numbersQty,assignmentsQty,mathOperationsQty,maxNestedBlocksQty,anonymousClassesQty,innerClassesQty,lambdasQty,uniqueWordsQty,modifiers,logStatementsQty,hasJavaDoc
/Users/sirojiddinkomolov/Documents/innopolis/research/arch_design_pattern_detection/exps/3rd_revision/coach_repos_r/2048-android-master/src/com/uberspot/a2048/MainActivity.java,com.uberspot.a2048.MainActivity,onBackPressed/0,false,167,0,0,0,0,2,5,11,0,1,0,5,0,0,0,0,0,0,0,0,2,1,1,0,0,0,27,1,0,true
/Users/sirojiddinkomolov/Documents/innopolis/research/arch_design_pattern_detection/exps/3rd_revision/coach_repos_r/2048-android-master/src/com/uberspot/a2048/MainActivity.java,com.uberspot.a2048.MainActivity,onResume/0,false,118,0,0,0,0,1,4,4,0,0,0,4,0,0,0,0,0,0,1,0,0,1,0,0,0,0,4,4,0,false
/Users/sirojiddinkomolov/Documents/innopolis/research/arch_design_pattern_detection/exps/3rd_revision/coach_repos_r/2048-android-master/src/com/uberspot/a2048/MainActivity.java,com.uberspot.a2048.MainActivity,saveFullScreen/1[boolean],false,134,1,0,0,0,1,4,5,0,1,1,4,0,0,0,0,0,0,0,0,1,0,0,0,0,0,15,2,0,true
/Users/sirojiddinkomolov/Documents/innopolis/research/arch_design_pattern_detection/exps/3rd_revision/coach_repos_r/2048-android-master/src/com/uberspot/a2048/MainActivity.java,com.uberspot.a2048.MainActivity,isFullScreen/0,false,141,0,1,1,0,1,2,3,1,0,0,2,0,0,0,0,0,0,0,0,0,0,0,0,0,0,3,2,0,false
/Users/sirojiddinkomolov/Documents/innopolis/research/arch_design_pattern_detection/exps/3rd_revision/coach_repos_r/2048-android-master/src/com/uberspot/a2048/MainActivity.java,com.uberspot.a2048.MainActivity,onCreate/1[com.uberspot.a2048.Bundle],false,39,5,2,0,2,11,41,50,1,8,1,41,2,1,0,6,1,5,6,1,10,3,2,0,0,1,62,4,0,false
/Users/sirojiddinkomolov/Documents/innopolis/research/arch_design_pattern_detection/exps/3rd_revision/coach_repos_r/2048-android-master/src/com/uberspot/a2048/MainActivity.java,com.uberspot.a2048.MainActivity,applyFullScreen/1[boolean],false,151,0,1,1,0,2,3,8,0,0,1,3,0,0,0,0,0,0,0,0,0,0,1,0,0,0,16,2,0,true
/Users/sirojiddinkomolov/Documents/innopolis/research/arch_design_pattern_detection/exps/3rd_revision/coach_repos_r/2048-android-master/src/com/uberspot/a2048/MainActivity.java,com.uberspot.a2048.MainActivity,onSaveInstanceState/1[com.uberspot.a2048.Bundle],false,124,1,0,0,0,1,1,3,0,0,1,1,0,0,0,0,0,0,0,0,0,0,0,0,0,0,6,4,0,false
