file,class,method,variable,usage
/Users/sirojiddinkomolov/Documents/innopolis/research/arch_design_pattern_detection/exps/3rd_revision/coach_repos_r/2048-android-master/src/com/uberspot/a2048/MainActivity.java,com.uberspot.a2048.MainActivity,onBackPressed/0,currentTime,2
/Users/sirojiddinkomolov/Documents/innopolis/research/arch_design_pattern_detection/exps/3rd_revision/coach_repos_r/2048-android-master/src/com/uberspot/a2048/MainActivity.java,com.uberspot.a2048.MainActivity,saveFullScreen/1[boolean],editor,2
/Users/sirojiddinkomolov/Documents/innopolis/research/arch_design_pattern_detection/exps/3rd_revision/coach_repos_r/2048-android-master/src/com/uberspot/a2048/MainActivity.java,com.uberspot.a2048.MainActivity,saveFullScreen/1[boolean],isFullScreen,1
/Users/sirojiddinkomolov/Documents/innopolis/research/arch_design_pattern_detection/exps/3rd_revision/coach_repos_r/2048-android-master/src/com/uberspot/a2048/MainActivity.java,com.uberspot.a2048.MainActivity,onCreate/1[com.uberspot.a2048.Bundle],screenLayout,3
/Users/sirojiddinkomolov/Documents/innopolis/research/arch_design_pattern_detection/exps/3rd_revision/coach_repos_r/2048-android-master/src/com/uberspot/a2048/MainActivity.java,com.uberspot.a2048.MainActivity,onCreate/1[com.uberspot.a2048.Bundle],currentTime,2
/Users/sirojiddinkomolov/Documents/innopolis/research/arch_design_pattern_detection/exps/3rd_revision/coach_repos_r/2048-android-master/src/com/uberspot/a2048/MainActivity.java,com.uberspot.a2048.MainActivity,onCreate/1[com.uberspot.a2048.Bundle],savedInstanceState,3
/Users/sirojiddinkomolov/Documents/innopolis/research/arch_design_pattern_detection/exps/3rd_revision/coach_repos_r/2048-android-master/src/com/uberspot/a2048/MainActivity.java,com.uberspot.a2048.MainActivity,onCreate/1[com.uberspot.a2048.Bundle],isOrientationEnabled,2
/Users/sirojiddinkomolov/Documents/innopolis/research/arch_design_pattern_detection/exps/3rd_revision/coach_repos_r/2048-android-master/src/com/uberspot/a2048/MainActivity.java,com.uberspot.a2048.MainActivity,onCreate/1[com.uberspot.a2048.Bundle],settings,5
/Users/sirojiddinkomolov/Documents/innopolis/research/arch_design_pattern_detection/exps/3rd_revision/coach_repos_r/2048-android-master/src/com/uberspot/a2048/MainActivity.java,com.uberspot.a2048.MainActivity,onCreate/1[com.uberspot.a2048.Bundle],e,0
/Users/sirojiddinkomolov/Documents/innopolis/research/arch_design_pattern_detection/exps/3rd_revision/coach_repos_r/2048-android-master/src/com/uberspot/a2048/MainActivity.java,com.uberspot.a2048.MainActivity,onCreate/1[com.uberspot.a2048.Bundle],v,0
/Users/sirojiddinkomolov/Documents/innopolis/research/arch_design_pattern_detection/exps/3rd_revision/coach_repos_r/2048-android-master/src/com/uberspot/a2048/MainActivity.java,com.uberspot.a2048.MainActivity,onCreate/1[com.uberspot.a2048.Bundle],changeLog,2
/Users/sirojiddinkomolov/Documents/innopolis/research/arch_design_pattern_detection/exps/3rd_revision/coach_repos_r/2048-android-master/src/com/uberspot/a2048/MainActivity.java,com.uberspot.a2048.MainActivity,onCreate/1[com.uberspot.a2048.Bundle],event,2
/Users/sirojiddinkomolov/Documents/innopolis/research/arch_design_pattern_detection/exps/3rd_revision/coach_repos_r/2048-android-master/src/com/uberspot/a2048/MainActivity.java,com.uberspot.a2048.MainActivity,onCreate/1[com.uberspot.a2048.Bundle],toggledFullScreen,2
/Users/sirojiddinkomolov/Documents/innopolis/research/arch_design_pattern_detection/exps/3rd_revision/coach_repos_r/2048-android-master/src/com/uberspot/a2048/MainActivity.java,com.uberspot.a2048.MainActivity,applyFullScreen/1[boolean],isFullScreen,1
/Users/sirojiddinkomolov/Documents/innopolis/research/arch_design_pattern_detection/exps/3rd_revision/coach_repos_r/2048-android-master/src/com/uberspot/a2048/MainActivity.java,com.uberspot.a2048.MainActivity,onSaveInstanceState/1[com.uberspot.a2048.Bundle],outState,1
