file,class,method,variable,usage
/home/arch_design_predict/download-github-repos/mvp/repos/Notepad-master/app/src/main/java/com/notepad/notepad/notes/notes/add/AddNoteActivity.java,com.notepad.notepad.notes.notes.add.AddNoteActivity,onCreate/1[com.notepad.notepad.notes.notes.add.Bundle],savedInstanceState,1
/home/arch_design_predict/download-github-repos/mvp/repos/Notepad-master/app/src/main/java/com/notepad/notepad/notes/notes/add/AddNoteActivity.java,com.notepad.notepad.notes.notes.add.AddNoteActivity$Anonymous1,onClick/1[com.notepad.notepad.notes.notes.add.View],v,0
/home/arch_design_predict/download-github-repos/mvp/repos/Notepad-master/app/src/main/java/com/notepad/notepad/notes/NotesView.java,com.notepad.notepad.notes.NotesView,notifyNoteDeleted/1[int],position,0
/home/arch_design_predict/download-github-repos/mvp/repos/Notepad-master/app/src/main/java/com/notepad/notepad/notes/NotesView.java,com.notepad.notepad.notes.NotesView,setOnClickNewActivity/1[View.OnClickListener],onClickListener,0
/home/arch_design_predict/download-github-repos/mvp/repos/Notepad-master/app/src/main/java/com/notepad/notepad/notes/NotesActivity.java,com.notepad.notepad.notes.NotesActivity,setOnClickNewActivity/1[View.OnClickListener],onClickListener,1
/home/arch_design_predict/download-github-repos/mvp/repos/Notepad-master/app/src/main/java/com/notepad/notepad/notes/NotesActivity.java,com.notepad.notepad.notes.NotesActivity,onCreate/1[com.notepad.notepad.notes.Bundle],savedInstanceState,1
/home/arch_design_predict/download-github-repos/mvp/repos/Notepad-master/app/src/main/java/com/notepad/notepad/notes/NotesActivity.java,com.notepad.notepad.notes.NotesActivity,notifyNoteDeleted/1[int],position,2
/home/arch_design_predict/download-github-repos/mvp/repos/Notepad-master/app/src/main/java/com/notepad/notepad/notes/Note.java,com.notepad.notepad.notes.Note,setTitle/1[java.lang.String],title,2
/home/arch_design_predict/download-github-repos/mvp/repos/Notepad-master/app/src/main/java/com/notepad/notepad/notes/Note.java,com.notepad.notepad.notes.Note,setId/1[java.lang.Integer],id,2
/home/arch_design_predict/download-github-repos/mvp/repos/Notepad-master/app/src/main/java/com/notepad/notepad/notes/Note.java,com.notepad.notepad.notes.Note,"Note/2[java.lang.String,java.lang.String]",noteText,2
/home/arch_design_predict/download-github-repos/mvp/repos/Notepad-master/app/src/main/java/com/notepad/notepad/notes/Note.java,com.notepad.notepad.notes.Note,"Note/2[java.lang.String,java.lang.String]",title,2
/home/arch_design_predict/download-github-repos/mvp/repos/Notepad-master/app/src/main/java/com/notepad/notepad/notes/Note.java,com.notepad.notepad.notes.Note,setNoteText/1[java.lang.String],noteText,2
/home/arch_design_predict/download-github-repos/mvp/repos/Notepad-master/app/src/main/java/com/notepad/notepad/notes/data/NoteRealm.java,com.notepad.notepad.notes.data.NoteRealm,setNoteText/1[java.lang.String],noteText,2
/home/arch_design_predict/download-github-repos/mvp/repos/Notepad-master/app/src/main/java/com/notepad/notepad/notes/data/NoteRealm.java,com.notepad.notepad.notes.data.NoteRealm,"NoteRealm/2[java.lang.String,java.lang.String]",noteText,2
/home/arch_design_predict/download-github-repos/mvp/repos/Notepad-master/app/src/main/java/com/notepad/notepad/notes/data/NoteRealm.java,com.notepad.notepad.notes.data.NoteRealm,"NoteRealm/2[java.lang.String,java.lang.String]",title,2
/home/arch_design_predict/download-github-repos/mvp/repos/Notepad-master/app/src/main/java/com/notepad/notepad/notes/data/NoteRealm.java,com.notepad.notepad.notes.data.NoteRealm,setTitle/1[java.lang.String],title,2
/home/arch_design_predict/download-github-repos/mvp/repos/Notepad-master/app/src/main/java/com/notepad/notepad/notes/data/NoteRealm.java,com.notepad.notepad.notes.data.NoteRealm,setId/1[int],id,2
/home/arch_design_predict/download-github-repos/mvp/repos/Notepad-master/app/src/main/java/com/notepad/notepad/notes/LinearVerticalSpacing.java,com.notepad.notepad.notes.LinearVerticalSpacing,"getItemOffsets/4[com.notepad.notepad.notes.Rect,com.notepad.notepad.notes.View,com.notepad.notepad.notes.RecyclerView,RecyclerView.State]",parent,2
/home/arch_design_predict/download-github-repos/mvp/repos/Notepad-master/app/src/main/java/com/notepad/notepad/notes/LinearVerticalSpacing.java,com.notepad.notepad.notes.LinearVerticalSpacing,"getItemOffsets/4[com.notepad.notepad.notes.Rect,com.notepad.notepad.notes.View,com.notepad.notepad.notes.RecyclerView,RecyclerView.State]",view,1
/home/arch_design_predict/download-github-repos/mvp/repos/Notepad-master/app/src/main/java/com/notepad/notepad/notes/LinearVerticalSpacing.java,com.notepad.notepad.notes.LinearVerticalSpacing,"getItemOffsets/4[com.notepad.notepad.notes.Rect,com.notepad.notepad.notes.View,com.notepad.notepad.notes.RecyclerView,RecyclerView.State]",outRect,4
/home/arch_design_predict/download-github-repos/mvp/repos/Notepad-master/app/src/main/java/com/notepad/notepad/notes/LinearVerticalSpacing.java,com.notepad.notepad.notes.LinearVerticalSpacing,"getItemOffsets/4[com.notepad.notepad.notes.Rect,com.notepad.notepad.notes.View,com.notepad.notepad.notes.RecyclerView,RecyclerView.State]",state,0
/home/arch_design_predict/download-github-repos/mvp/repos/Notepad-master/app/src/main/java/com/notepad/notepad/notes/LinearVerticalSpacing.java,com.notepad.notepad.notes.LinearVerticalSpacing,LinearVerticalSpacing/1[int],verticalSpaceHeight,2
/home/arch_design_predict/download-github-repos/mvp/repos/Notepad-master/app/src/main/java/com/notepad/notepad/notes/NotesListPresenter.java,com.notepad.notepad.notes.NotesListPresenter$OnItemClickListener,"onItemClick/2[int,com.notepad.notepad.notes.Context]",context,0
/home/arch_design_predict/download-github-repos/mvp/repos/Notepad-master/app/src/main/java/com/notepad/notepad/notes/NotesListPresenter.java,com.notepad.notepad.notes.NotesListPresenter$OnItemClickListener,"onItemClick/2[int,com.notepad.notepad.notes.Context]",position,0
/home/arch_design_predict/download-github-repos/mvp/repos/Notepad-master/app/src/main/java/com/notepad/notepad/notes/notes/add/AddNoteInteractor.java,com.notepad.notepad.notes.notes.add.AddNoteInteractor,"addNote/3[java.lang.String,java.lang.String,com.notepad.notepad.notes.notes.add.AddNoteInteractor.OnNoteAddedListener]",noteText,0
/home/arch_design_predict/download-github-repos/mvp/repos/Notepad-master/app/src/main/java/com/notepad/notepad/notes/notes/add/AddNoteInteractor.java,com.notepad.notepad.notes.notes.add.AddNoteInteractor,"addNote/3[java.lang.String,java.lang.String,com.notepad.notepad.notes.notes.add.AddNoteInteractor.OnNoteAddedListener]",noteAddedListener,0
/home/arch_design_predict/download-github-repos/mvp/repos/Notepad-master/app/src/main/java/com/notepad/notepad/notes/notes/add/AddNoteInteractor.java,com.notepad.notepad.notes.notes.add.AddNoteInteractor,"addNote/3[java.lang.String,java.lang.String,com.notepad.notepad.notes.notes.add.AddNoteInteractor.OnNoteAddedListener]",title,0
/home/arch_design_predict/download-github-repos/mvp/repos/Notepad-master/app/src/main/java/com/notepad/notepad/notes/recycler/NotesRecyclerAdapter.java,com.notepad.notepad.notes.recycler.NotesRecyclerAdapter,"onCreateViewHolder/2[com.notepad.notepad.notes.recycler.ViewGroup,int]",parent,1
/home/arch_design_predict/download-github-repos/mvp/repos/Notepad-master/app/src/main/java/com/notepad/notepad/notes/recycler/NotesRecyclerAdapter.java,com.notepad.notepad.notes.recycler.NotesRecyclerAdapter,"onCreateViewHolder/2[com.notepad.notepad.notes.recycler.ViewGroup,int]",view,1
/home/arch_design_predict/download-github-repos/mvp/repos/Notepad-master/app/src/main/java/com/notepad/notepad/notes/recycler/NotesRecyclerAdapter.java,com.notepad.notepad.notes.recycler.NotesRecyclerAdapter,"onCreateViewHolder/2[com.notepad.notepad.notes.recycler.ViewGroup,int]",viewType,0
/home/arch_design_predict/download-github-repos/mvp/repos/Notepad-master/app/src/main/java/com/notepad/notepad/notes/recycler/NotesRecyclerAdapter.java,com.notepad.notepad.notes.recycler.NotesRecyclerAdapter,"onCreateViewHolder/2[com.notepad.notepad.notes.recycler.ViewGroup,int]",inflater,1
/home/arch_design_predict/download-github-repos/mvp/repos/Notepad-master/app/src/main/java/com/notepad/notepad/notes/recycler/NotesRecyclerAdapter.java,com.notepad.notepad.notes.recycler.NotesRecyclerAdapter,"onBindViewHolder/2[com.notepad.notepad.notes.recycler.NotesViewHolder,int]",holder,1
/home/arch_design_predict/download-github-repos/mvp/repos/Notepad-master/app/src/main/java/com/notepad/notepad/notes/recycler/NotesRecyclerAdapter.java,com.notepad.notepad.notes.recycler.NotesRecyclerAdapter,"onBindViewHolder/2[com.notepad.notepad.notes.recycler.NotesViewHolder,int]",position,1
/home/arch_design_predict/download-github-repos/mvp/repos/Notepad-master/app/src/main/java/com/notepad/notepad/notes/recycler/NotesRecyclerAdapter.java,com.notepad.notepad.notes.recycler.NotesRecyclerAdapter,"NotesRecyclerAdapter/2[com.notepad.notepad.notes.NotesListPresenter,com.notepad.notepad.notes.recycler.Context]",presenter,2
/home/arch_design_predict/download-github-repos/mvp/repos/Notepad-master/app/src/main/java/com/notepad/notepad/notes/recycler/NotesRecyclerAdapter.java,com.notepad.notepad.notes.recycler.NotesRecyclerAdapter,"NotesRecyclerAdapter/2[com.notepad.notepad.notes.NotesListPresenter,com.notepad.notepad.notes.recycler.Context]",context,2
/home/arch_design_predict/download-github-repos/mvp/repos/Notepad-master/app/src/main/java/com/notepad/notepad/notes/data/NoteDao.java,com.notepad.notepad.notes.data.NoteDao$Anonymous2,execute/1[com.notepad.notepad.notes.data.Realm],realm,1
/home/arch_design_predict/download-github-repos/mvp/repos/Notepad-master/app/src/main/java/com/notepad/notepad/notes/data/NoteDao.java,com.notepad.notepad.notes.data.NoteDao$Anonymous1,execute/1[com.notepad.notepad.notes.data.Realm],realm,1
/home/arch_design_predict/download-github-repos/mvp/repos/Notepad-master/app/src/main/java/com/notepad/notepad/notes/recycler/NotesViewHolder.java,com.notepad.notepad.notes.recycler.NotesViewHolder$Anonymous1,"onItemClick/2[int,com.notepad.notepad.notes.recycler.Context]",context,3
/home/arch_design_predict/download-github-repos/mvp/repos/Notepad-master/app/src/main/java/com/notepad/notepad/notes/recycler/NotesViewHolder.java,com.notepad.notepad.notes.recycler.NotesViewHolder$Anonymous1,"onItemClick/2[int,com.notepad.notepad.notes.recycler.Context]",position,3
/home/arch_design_predict/download-github-repos/mvp/repos/Notepad-master/app/src/main/java/com/notepad/notepad/notes/recycler/NotesViewHolder.java,com.notepad.notepad.notes.recycler.NotesViewHolder$Anonymous2,"onItemClick/2[int,com.notepad.notepad.notes.recycler.Context]",context,1
/home/arch_design_predict/download-github-repos/mvp/repos/Notepad-master/app/src/main/java/com/notepad/notepad/notes/recycler/NotesViewHolder.java,com.notepad.notepad.notes.recycler.NotesViewHolder$Anonymous2,"onItemClick/2[int,com.notepad.notepad.notes.recycler.Context]",position,3
/home/arch_design_predict/download-github-repos/mvp/repos/Notepad-master/app/src/main/java/com/notepad/notepad/notes/notes/add/AddNotePresenterImpl.java,com.notepad.notepad.notes.notes.add.AddNotePresenterImpl,"onSuccess/2[java.lang.String,java.lang.String]",noteText,1
/home/arch_design_predict/download-github-repos/mvp/repos/Notepad-master/app/src/main/java/com/notepad/notepad/notes/notes/add/AddNotePresenterImpl.java,com.notepad.notepad.notes.notes.add.AddNotePresenterImpl,"onSuccess/2[java.lang.String,java.lang.String]",title,1
/home/arch_design_predict/download-github-repos/mvp/repos/Notepad-master/app/src/main/java/com/notepad/notepad/notes/notes/add/AddNotePresenterImpl.java,com.notepad.notepad.notes.notes.add.AddNotePresenterImpl,"AddNotePresenterImpl/3[com.notepad.notepad.notes.data.NoteDao,com.notepad.notepad.notes.notes.add.AddNoteView,com.notepad.notepad.notes.notes.add.AddNoteInteractor]",addNoteInteractor,2
/home/arch_design_predict/download-github-repos/mvp/repos/Notepad-master/app/src/main/java/com/notepad/notepad/notes/notes/add/AddNotePresenterImpl.java,com.notepad.notepad.notes.notes.add.AddNotePresenterImpl,"AddNotePresenterImpl/3[com.notepad.notepad.notes.data.NoteDao,com.notepad.notepad.notes.notes.add.AddNoteView,com.notepad.notepad.notes.notes.add.AddNoteInteractor]",addNoteView,2
/home/arch_design_predict/download-github-repos/mvp/repos/Notepad-master/app/src/main/java/com/notepad/notepad/notes/notes/add/AddNotePresenterImpl.java,com.notepad.notepad.notes.notes.add.AddNotePresenterImpl,"AddNotePresenterImpl/3[com.notepad.notepad.notes.data.NoteDao,com.notepad.notepad.notes.notes.add.AddNoteView,com.notepad.notepad.notes.notes.add.AddNoteInteractor]",noteDao,2
/home/arch_design_predict/download-github-repos/mvp/repos/Notepad-master/app/src/main/java/com/notepad/notepad/notes/notes/add/AddNotePresenterImpl.java,com.notepad.notepad.notes.notes.add.AddNotePresenterImpl,"addNote/2[java.lang.String,java.lang.String]",noteText,1
/home/arch_design_predict/download-github-repos/mvp/repos/Notepad-master/app/src/main/java/com/notepad/notepad/notes/notes/add/AddNotePresenterImpl.java,com.notepad.notepad.notes.notes.add.AddNotePresenterImpl,"addNote/2[java.lang.String,java.lang.String]",title,1
/home/arch_design_predict/download-github-repos/mvp/repos/Notepad-master/app/src/main/java/com/notepad/notepad/notes/notes/add/AddNotePresenterImpl.java,com.notepad.notepad.notes.notes.add.AddNotePresenterImpl,"validateCredentials/2[java.lang.String,java.lang.String]",noteText,1
/home/arch_design_predict/download-github-repos/mvp/repos/Notepad-master/app/src/main/java/com/notepad/notepad/notes/notes/add/AddNotePresenterImpl.java,com.notepad.notepad.notes.notes.add.AddNotePresenterImpl,"validateCredentials/2[java.lang.String,java.lang.String]",title,1
/home/arch_design_predict/download-github-repos/mvp/repos/Notepad-master/app/src/androidTest/java/com/notepad/notepad/ExampleInstrumentedTest.java,com.notepad.notepad.ExampleInstrumentedTest,useAppContext/0,appContext,1
/home/arch_design_predict/download-github-repos/mvp/repos/Notepad-master/app/src/main/java/com/notepad/notepad/notes/notes/view/NotesViewActivity.java,com.notepad.notepad.notes.notes.view.NotesViewActivity$Anonymous1,afterTextChanged/1[com.notepad.notepad.notes.notes.view.Editable],s,1
/home/arch_design_predict/download-github-repos/mvp/repos/Notepad-master/app/src/main/java/com/notepad/notepad/notes/notes/view/NotesViewActivity.java,com.notepad.notepad.notes.notes.view.NotesViewActivity$Anonymous1,"beforeTextChanged/4[java.lang.CharSequence,int,int,int]",s,0
/home/arch_design_predict/download-github-repos/mvp/repos/Notepad-master/app/src/main/java/com/notepad/notepad/notes/notes/view/NotesViewActivity.java,com.notepad.notepad.notes.notes.view.NotesViewActivity$Anonymous1,"beforeTextChanged/4[java.lang.CharSequence,int,int,int]",start,0
/home/arch_design_predict/download-github-repos/mvp/repos/Notepad-master/app/src/main/java/com/notepad/notepad/notes/notes/view/NotesViewActivity.java,com.notepad.notepad.notes.notes.view.NotesViewActivity$Anonymous1,"beforeTextChanged/4[java.lang.CharSequence,int,int,int]",count,0
/home/arch_design_predict/download-github-repos/mvp/repos/Notepad-master/app/src/main/java/com/notepad/notepad/notes/notes/view/NotesViewActivity.java,com.notepad.notepad.notes.notes.view.NotesViewActivity$Anonymous1,"beforeTextChanged/4[java.lang.CharSequence,int,int,int]",after,0
/home/arch_design_predict/download-github-repos/mvp/repos/Notepad-master/app/src/main/java/com/notepad/notepad/notes/notes/view/NotesViewActivity.java,com.notepad.notepad.notes.notes.view.NotesViewActivity$Anonymous1,"onTextChanged/4[java.lang.CharSequence,int,int,int]",s,0
/home/arch_design_predict/download-github-repos/mvp/repos/Notepad-master/app/src/main/java/com/notepad/notepad/notes/notes/view/NotesViewActivity.java,com.notepad.notepad.notes.notes.view.NotesViewActivity$Anonymous1,"onTextChanged/4[java.lang.CharSequence,int,int,int]",before,0
/home/arch_design_predict/download-github-repos/mvp/repos/Notepad-master/app/src/main/java/com/notepad/notepad/notes/notes/view/NotesViewActivity.java,com.notepad.notepad.notes.notes.view.NotesViewActivity$Anonymous1,"onTextChanged/4[java.lang.CharSequence,int,int,int]",start,0
/home/arch_design_predict/download-github-repos/mvp/repos/Notepad-master/app/src/main/java/com/notepad/notepad/notes/notes/view/NotesViewActivity.java,com.notepad.notepad.notes.notes.view.NotesViewActivity$Anonymous1,"onTextChanged/4[java.lang.CharSequence,int,int,int]",count,0
/home/arch_design_predict/download-github-repos/mvp/repos/Notepad-master/app/src/main/java/com/notepad/notepad/notes/notes/add/AddNoteInteractor.java,com.notepad.notepad.notes.notes.add.AddNoteInteractor$OnNoteAddedListener,"onSuccess/2[java.lang.String,java.lang.String]",noteText,0
/home/arch_design_predict/download-github-repos/mvp/repos/Notepad-master/app/src/main/java/com/notepad/notepad/notes/notes/add/AddNoteInteractor.java,com.notepad.notepad.notes.notes.add.AddNoteInteractor$OnNoteAddedListener,"onSuccess/2[java.lang.String,java.lang.String]",title,0
/home/arch_design_predict/download-github-repos/mvp/repos/Notepad-master/app/src/main/java/com/notepad/notepad/notes/NotesListPresenter.java,com.notepad.notepad.notes.NotesListPresenter$Anonymous2,onClick/1[com.notepad.notepad.notes.View],v,0
/home/arch_design_predict/download-github-repos/mvp/repos/Notepad-master/app/src/main/java/com/notepad/notepad/notes/NotesListPresenter.java,com.notepad.notepad.notes.NotesListPresenter$Anonymous3,onClick/1[com.notepad.notepad.notes.View],v,0
/home/arch_design_predict/download-github-repos/mvp/repos/Notepad-master/app/src/main/java/com/notepad/notepad/notes/NotesListPresenter.java,com.notepad.notepad.notes.NotesListPresenter$Anonymous3,onClick/1[com.notepad.notepad.notes.View],intent,1
/home/arch_design_predict/download-github-repos/mvp/repos/Notepad-master/app/src/main/java/com/notepad/notepad/notes/notes/view/NotesViewActivity.java,com.notepad.notepad.notes.notes.view.NotesViewActivity$Anonymous3,onClick/1[com.notepad.notepad.notes.notes.view.View],v,0
/home/arch_design_predict/download-github-repos/mvp/repos/Notepad-master/app/src/main/java/com/notepad/notepad/notes/data/NoteMapper.java,com.notepad.notepad.notes.data.NoteMapper,fromRealm/1[com.notepad.notepad.notes.data.NoteRealm],note,4
/home/arch_design_predict/download-github-repos/mvp/repos/Notepad-master/app/src/main/java/com/notepad/notepad/notes/data/NoteMapper.java,com.notepad.notepad.notes.data.NoteMapper,fromRealm/1[com.notepad.notepad.notes.data.NoteRealm],noteRealm,3
/home/arch_design_predict/download-github-repos/mvp/repos/Notepad-master/app/src/main/java/com/notepad/notepad/notes/notes/view/NotesViewActivity.java,com.notepad.notepad.notes.notes.view.NotesViewActivity$Anonymous2,onClick/1[com.notepad.notepad.notes.notes.view.View],v,0
/home/arch_design_predict/download-github-repos/mvp/repos/Notepad-master/app/src/main/java/com/notepad/notepad/notes/NotesListPresenter.java,com.notepad.notepad.notes.NotesListPresenter$Anonymous1,onClick/1[com.notepad.notepad.notes.View],v,0
/home/arch_design_predict/download-github-repos/mvp/repos/Notepad-master/app/src/main/java/com/notepad/notepad/notes/notes/view/NotesViewDao.java,com.notepad.notepad.notes.notes.view.NotesViewDao,NotesViewDao/1[com.notepad.notepad.notes.notes.view.Activity],activity,3
/home/arch_design_predict/download-github-repos/mvp/repos/Notepad-master/app/src/main/java/com/notepad/notepad/notes/NotesListPresenter.java,com.notepad.notepad.notes.NotesListPresenter,removeNote/1[int],position,1
/home/arch_design_predict/download-github-repos/mvp/repos/Notepad-master/app/src/main/java/com/notepad/notepad/notes/NotesListPresenter.java,com.notepad.notepad.notes.NotesListPresenter,setOnClickDelete/1[com.notepad.notepad.notes.NotesListPresenter.OnItemClickListener],onClickDelete,2
/home/arch_design_predict/download-github-repos/mvp/repos/Notepad-master/app/src/main/java/com/notepad/notepad/notes/NotesListPresenter.java,com.notepad.notepad.notes.NotesListPresenter,"NotesListPresenter/3[java.util.List<com.notepad.notepad.notes.Note>,com.notepad.notepad.notes.NotesView,com.notepad.notepad.notes.Context]",notes,2
/home/arch_design_predict/download-github-repos/mvp/repos/Notepad-master/app/src/main/java/com/notepad/notepad/notes/NotesListPresenter.java,com.notepad.notepad.notes.NotesListPresenter,"NotesListPresenter/3[java.util.List<com.notepad.notepad.notes.Note>,com.notepad.notepad.notes.NotesView,com.notepad.notepad.notes.Context]",notesView,2
/home/arch_design_predict/download-github-repos/mvp/repos/Notepad-master/app/src/main/java/com/notepad/notepad/notes/NotesListPresenter.java,com.notepad.notepad.notes.NotesListPresenter,"NotesListPresenter/3[java.util.List<com.notepad.notepad.notes.Note>,com.notepad.notepad.notes.NotesView,com.notepad.notepad.notes.Context]",context,2
/home/arch_design_predict/download-github-repos/mvp/repos/Notepad-master/app/src/main/java/com/notepad/notepad/notes/NotesListPresenter.java,com.notepad.notepad.notes.NotesListPresenter,setOnClickNewActivity/1[com.notepad.notepad.notes.NotesListPresenter.OnItemClickListener],onClickNewActivity,2
/home/arch_design_predict/download-github-repos/mvp/repos/Notepad-master/app/src/main/java/com/notepad/notepad/notes/NotesListPresenter.java,com.notepad.notepad.notes.NotesListPresenter,setNotes/1[java.util.List<com.notepad.notepad.notes.Note>],notes,2
/home/arch_design_predict/download-github-repos/mvp/repos/Notepad-master/app/src/main/java/com/notepad/notepad/notes/NotesListPresenter.java,com.notepad.notepad.notes.NotesListPresenter,"onBindRepositoryRowViewAtPosition/2[int,com.notepad.notepad.notes.recycler.NotesViewHolder]",note,1
/home/arch_design_predict/download-github-repos/mvp/repos/Notepad-master/app/src/main/java/com/notepad/notepad/notes/NotesListPresenter.java,com.notepad.notepad.notes.NotesListPresenter,"onBindRepositoryRowViewAtPosition/2[int,com.notepad.notepad.notes.recycler.NotesViewHolder]",rowView,3
/home/arch_design_predict/download-github-repos/mvp/repos/Notepad-master/app/src/main/java/com/notepad/notepad/notes/NotesListPresenter.java,com.notepad.notepad.notes.NotesListPresenter,"onBindRepositoryRowViewAtPosition/2[int,com.notepad.notepad.notes.recycler.NotesViewHolder]",position,1
/home/arch_design_predict/download-github-repos/mvp/repos/Notepad-master/app/src/main/java/com/notepad/notepad/notes/NotesListPresenter.java,com.notepad.notepad.notes.NotesListPresenter,notifyItemDeleted/1[int],position,1
/home/arch_design_predict/download-github-repos/mvp/repos/Notepad-master/app/src/main/java/com/notepad/notepad/notes/notes/add/AddNoteInteractorImpl.java,com.notepad.notepad.notes.notes.add.AddNoteInteractorImpl,"addNote/3[java.lang.String,java.lang.String,com.notepad.notepad.notes.notes.add.AddNoteInteractor.OnNoteAddedListener]",noteText,2
/home/arch_design_predict/download-github-repos/mvp/repos/Notepad-master/app/src/main/java/com/notepad/notepad/notes/notes/add/AddNoteInteractorImpl.java,com.notepad.notepad.notes.notes.add.AddNoteInteractorImpl,"addNote/3[java.lang.String,java.lang.String,com.notepad.notepad.notes.notes.add.AddNoteInteractor.OnNoteAddedListener]",noteAddedListener,3
/home/arch_design_predict/download-github-repos/mvp/repos/Notepad-master/app/src/main/java/com/notepad/notepad/notes/notes/add/AddNoteInteractorImpl.java,com.notepad.notepad.notes.notes.add.AddNoteInteractorImpl,"addNote/3[java.lang.String,java.lang.String,com.notepad.notepad.notes.notes.add.AddNoteInteractor.OnNoteAddedListener]",title,2
/home/arch_design_predict/download-github-repos/mvp/repos/Notepad-master/app/src/main/java/com/notepad/notepad/notes/notes/view/NotesViewActivity.java,com.notepad.notepad.notes.notes.view.NotesViewActivity,setTitle/1[java.lang.String],title,1
/home/arch_design_predict/download-github-repos/mvp/repos/Notepad-master/app/src/main/java/com/notepad/notepad/notes/notes/view/NotesViewActivity.java,com.notepad.notepad.notes.notes.view.NotesViewActivity,onTextChanged/1[java.lang.String],text,1
/home/arch_design_predict/download-github-repos/mvp/repos/Notepad-master/app/src/main/java/com/notepad/notepad/notes/notes/view/NotesViewActivity.java,com.notepad.notepad.notes.notes.view.NotesViewActivity,setNoteText/1[java.lang.String],text,2
/home/arch_design_predict/download-github-repos/mvp/repos/Notepad-master/app/src/main/java/com/notepad/notepad/notes/notes/view/NotesViewActivity.java,com.notepad.notepad.notes.notes.view.NotesViewActivity,onCreate/1[com.notepad.notepad.notes.notes.view.Bundle],savedInstanceState,1
/home/arch_design_predict/download-github-repos/mvp/repos/Notepad-master/app/src/main/java/com/notepad/notepad/notes/notes/view/NotesViewPresenter.java,com.notepad.notepad.notes.notes.view.NotesViewPresenter,"NotesViewPresenter/2[com.notepad.notepad.notes.notes.view.NotesView,com.notepad.notepad.notes.notes.view.Activity]",activity,4
/home/arch_design_predict/download-github-repos/mvp/repos/Notepad-master/app/src/main/java/com/notepad/notepad/notes/notes/view/NotesViewPresenter.java,com.notepad.notepad.notes.notes.view.NotesViewPresenter,"NotesViewPresenter/2[com.notepad.notepad.notes.notes.view.NotesView,com.notepad.notepad.notes.notes.view.Activity]",notesView,2
/home/arch_design_predict/download-github-repos/mvp/repos/Notepad-master/app/src/main/java/com/notepad/notepad/notes/notes/view/NotesViewPresenter.java,com.notepad.notepad.notes.notes.view.NotesViewPresenter,editActualNote/1[java.lang.String],text,1
/home/arch_design_predict/download-github-repos/mvp/repos/Notepad-master/app/src/main/java/com/notepad/notepad/notes/notes/add/AddNotePresenter.java,com.notepad.notepad.notes.notes.add.AddNotePresenter,"validateCredentials/2[java.lang.String,java.lang.String]",noteText,0
/home/arch_design_predict/download-github-repos/mvp/repos/Notepad-master/app/src/main/java/com/notepad/notepad/notes/notes/add/AddNotePresenter.java,com.notepad.notepad.notes.notes.add.AddNotePresenter,"validateCredentials/2[java.lang.String,java.lang.String]",title,0
/home/arch_design_predict/download-github-repos/mvp/repos/Notepad-master/app/src/main/java/com/notepad/notepad/notes/notes/view/NotesView.java,com.notepad.notepad.notes.notes.view.NotesView,setTitle/1[java.lang.String],title,0
/home/arch_design_predict/download-github-repos/mvp/repos/Notepad-master/app/src/main/java/com/notepad/notepad/notes/notes/view/NotesView.java,com.notepad.notepad.notes.notes.view.NotesView,setNoteText/1[java.lang.String],text,0
/home/arch_design_predict/download-github-repos/mvp/repos/Notepad-master/app/src/main/java/com/notepad/notepad/notes/notes/view/NotesView.java,com.notepad.notepad.notes.notes.view.NotesView,onTextChanged/1[java.lang.String],text,0
/home/arch_design_predict/download-github-repos/mvp/repos/Notepad-master/app/src/main/java/com/notepad/notepad/notes/recycler/NotesViewHolder.java,com.notepad.notepad.notes.recycler.NotesViewHolder,"NotesViewHolder/2[com.notepad.notepad.notes.NotesListPresenter,com.notepad.notepad.notes.recycler.View]",presenter,4
/home/arch_design_predict/download-github-repos/mvp/repos/Notepad-master/app/src/main/java/com/notepad/notepad/notes/recycler/NotesViewHolder.java,com.notepad.notepad.notes.recycler.NotesViewHolder,"NotesViewHolder/2[com.notepad.notepad.notes.NotesListPresenter,com.notepad.notepad.notes.recycler.View]",itemView,4
/home/arch_design_predict/download-github-repos/mvp/repos/Notepad-master/app/src/main/java/com/notepad/notepad/notes/recycler/NotesViewHolder.java,com.notepad.notepad.notes.recycler.NotesViewHolder,setTitle/1[java.lang.String],title,2
/home/arch_design_predict/download-github-repos/mvp/repos/Notepad-master/app/src/main/java/com/notepad/notepad/notes/recycler/NotesRowView.java,com.notepad.notepad.notes.recycler.NotesRowView,setTitle/1[java.lang.String],title,0
/home/arch_design_predict/download-github-repos/mvp/repos/Notepad-master/app/src/main/java/com/notepad/notepad/notes/data/NoteDao.java,com.notepad.notepad.notes.data.NoteDao,"editNoteText/2[int,java.lang.String]",id,1
/home/arch_design_predict/download-github-repos/mvp/repos/Notepad-master/app/src/main/java/com/notepad/notepad/notes/data/NoteDao.java,com.notepad.notepad.notes.data.NoteDao,"editNoteText/2[int,java.lang.String]",text,1
/home/arch_design_predict/download-github-repos/mvp/repos/Notepad-master/app/src/main/java/com/notepad/notepad/notes/data/NoteDao.java,com.notepad.notepad.notes.data.NoteDao,NoteDao/1[com.notepad.notepad.notes.data.Context],context,1
/home/arch_design_predict/download-github-repos/mvp/repos/Notepad-master/app/src/main/java/com/notepad/notepad/notes/data/NoteDao.java,com.notepad.notepad.notes.data.NoteDao,getNoteById/1[int],noteRealm,1
/home/arch_design_predict/download-github-repos/mvp/repos/Notepad-master/app/src/main/java/com/notepad/notepad/notes/data/NoteDao.java,com.notepad.notepad.notes.data.NoteDao,getNoteById/1[int],id,1
/home/arch_design_predict/download-github-repos/mvp/repos/Notepad-master/app/src/main/java/com/notepad/notepad/notes/data/NoteDao.java,com.notepad.notepad.notes.data.NoteDao,getNoteAtPosition/1[int],position,1
/home/arch_design_predict/download-github-repos/mvp/repos/Notepad-master/app/src/main/java/com/notepad/notepad/notes/data/NoteDao.java,com.notepad.notepad.notes.data.NoteDao,deleteNoteById/1[long],id,0
/home/arch_design_predict/download-github-repos/mvp/repos/Notepad-master/app/src/main/java/com/notepad/notepad/notes/data/NoteDao.java,com.notepad.notepad.notes.data.NoteDao,getAllNotes/0,all,1
/home/arch_design_predict/download-github-repos/mvp/repos/Notepad-master/app/src/main/java/com/notepad/notepad/notes/data/NoteDao.java,com.notepad.notepad.notes.data.NoteDao,getAllNotes/0,notes,2
/home/arch_design_predict/download-github-repos/mvp/repos/Notepad-master/app/src/main/java/com/notepad/notepad/notes/data/NoteDao.java,com.notepad.notepad.notes.data.NoteDao,getAllNotes/0,noteRealm,1
/home/arch_design_predict/download-github-repos/mvp/repos/Notepad-master/app/src/main/java/com/notepad/notepad/notes/data/NoteDao.java,com.notepad.notepad.notes.data.NoteDao,getAllNotes/0,mapper,1
/home/arch_design_predict/download-github-repos/mvp/repos/Notepad-master/app/src/main/java/com/notepad/notepad/notes/data/NoteDao.java,com.notepad.notepad.notes.data.NoteDao,insertNote/1[com.notepad.notepad.notes.Note],note,2
/home/arch_design_predict/download-github-repos/mvp/repos/Notepad-master/app/src/main/java/com/notepad/notepad/notes/data/NoteDao.java,com.notepad.notepad.notes.data.NoteDao,insertNote/1[com.notepad.notepad.notes.Note],noteRealm,2
/home/arch_design_predict/download-github-repos/mvp/repos/Notepad-master/app/src/main/java/com/notepad/notepad/notes/data/NoteDao.java,com.notepad.notepad.notes.data.NoteDao,getNotesLike/1[java.lang.String],all,1
/home/arch_design_predict/download-github-repos/mvp/repos/Notepad-master/app/src/main/java/com/notepad/notepad/notes/data/NoteDao.java,com.notepad.notepad.notes.data.NoteDao,getNotesLike/1[java.lang.String],notes,2
/home/arch_design_predict/download-github-repos/mvp/repos/Notepad-master/app/src/main/java/com/notepad/notepad/notes/data/NoteDao.java,com.notepad.notepad.notes.data.NoteDao,getNotesLike/1[java.lang.String],noteRealm,1
/home/arch_design_predict/download-github-repos/mvp/repos/Notepad-master/app/src/main/java/com/notepad/notepad/notes/data/NoteDao.java,com.notepad.notepad.notes.data.NoteDao,getNotesLike/1[java.lang.String],mapper,1
/home/arch_design_predict/download-github-repos/mvp/repos/Notepad-master/app/src/main/java/com/notepad/notepad/notes/data/NoteDao.java,com.notepad.notepad.notes.data.NoteDao,getNotesLike/1[java.lang.String],text,1
