file,class,method,variable,usage
/home/arch_design_predict/download-github-repos/mvvm/repos/AndroidRetrofitTest-master/app/src/main/java/com/zeygame/javamvvm/adapter/MovieAdapter.java,com.zeygame.javamvvm.adapter.MovieAdapter$IItemClickListener,onclick/1[com.zeygame.javamvvm.model.MovieModel],movie,0
/home/arch_design_predict/download-github-repos/mvvm/repos/AndroidRetrofitTest-master/app/src/androidTest/java/com/zeygame/javamvvm/ExampleInstrumentedTest.java,com.zeygame.javamvvm.ExampleInstrumentedTest,useAppContext/0,appContext,1
/home/arch_design_predict/download-github-repos/mvvm/repos/AndroidRetrofitTest-master/app/src/main/java/com/zeygame/javamvvm/model/MovieModel.java,com.zeygame.javamvvm.model.MovieModel,setTitle/1[java.lang.String],title,1
/home/arch_design_predict/download-github-repos/mvvm/repos/AndroidRetrofitTest-master/app/src/main/java/com/zeygame/javamvvm/model/MovieModel.java,com.zeygame.javamvvm.model.MovieModel,setYear/1[java.lang.String],year,1
/home/arch_design_predict/download-github-repos/mvvm/repos/AndroidRetrofitTest-master/app/src/main/java/com/zeygame/javamvvm/model/MovieModel.java,com.zeygame.javamvvm.model.MovieModel,setImdbID/1[java.lang.String],imdbID,2
/home/arch_design_predict/download-github-repos/mvvm/repos/AndroidRetrofitTest-master/app/src/main/java/com/zeygame/javamvvm/model/MovieModel.java,com.zeygame.javamvvm.model.MovieModel,setPoster/1[java.lang.String],poster,1
/home/arch_design_predict/download-github-repos/mvvm/repos/AndroidRetrofitTest-master/app/src/main/java/com/zeygame/javamvvm/model/MovieModel.java,com.zeygame.javamvvm.model.MovieModel,setType/1[java.lang.String],type,1
/home/arch_design_predict/download-github-repos/mvvm/repos/AndroidRetrofitTest-master/app/src/main/java/com/zeygame/javamvvm/model/MovieModel.java,com.zeygame.javamvvm.model.MovieModel,"MovieModel/5[java.lang.String,java.lang.String,java.lang.String,java.lang.String,java.lang.String]",year,1
/home/arch_design_predict/download-github-repos/mvvm/repos/AndroidRetrofitTest-master/app/src/main/java/com/zeygame/javamvvm/model/MovieModel.java,com.zeygame.javamvvm.model.MovieModel,"MovieModel/5[java.lang.String,java.lang.String,java.lang.String,java.lang.String,java.lang.String]",imdbID,2
/home/arch_design_predict/download-github-repos/mvvm/repos/AndroidRetrofitTest-master/app/src/main/java/com/zeygame/javamvvm/model/MovieModel.java,com.zeygame.javamvvm.model.MovieModel,"MovieModel/5[java.lang.String,java.lang.String,java.lang.String,java.lang.String,java.lang.String]",title,1
/home/arch_design_predict/download-github-repos/mvvm/repos/AndroidRetrofitTest-master/app/src/main/java/com/zeygame/javamvvm/model/MovieModel.java,com.zeygame.javamvvm.model.MovieModel,"MovieModel/5[java.lang.String,java.lang.String,java.lang.String,java.lang.String,java.lang.String]",type,1
/home/arch_design_predict/download-github-repos/mvvm/repos/AndroidRetrofitTest-master/app/src/main/java/com/zeygame/javamvvm/model/MovieModel.java,com.zeygame.javamvvm.model.MovieModel,"MovieModel/5[java.lang.String,java.lang.String,java.lang.String,java.lang.String,java.lang.String]",poster,1
/home/arch_design_predict/download-github-repos/mvvm/repos/AndroidRetrofitTest-master/app/src/main/java/com/zeygame/javamvvm/model/Ratings.java,com.zeygame.javamvvm.model.Ratings,Ratings/1[com.zeygame.javamvvm.model.RatingModel],ratings,1
/home/arch_design_predict/download-github-repos/mvvm/repos/AndroidRetrofitTest-master/app/src/main/java/com/zeygame/javamvvm/view/MainActivity.java,com.zeygame.javamvvm.view.MainActivity$Anonymous1,"onTextChanged/4[java.lang.CharSequence,int,int,int]",s,0
/home/arch_design_predict/download-github-repos/mvvm/repos/AndroidRetrofitTest-master/app/src/main/java/com/zeygame/javamvvm/view/MainActivity.java,com.zeygame.javamvvm.view.MainActivity$Anonymous1,"onTextChanged/4[java.lang.CharSequence,int,int,int]",before,0
/home/arch_design_predict/download-github-repos/mvvm/repos/AndroidRetrofitTest-master/app/src/main/java/com/zeygame/javamvvm/view/MainActivity.java,com.zeygame.javamvvm.view.MainActivity$Anonymous1,"onTextChanged/4[java.lang.CharSequence,int,int,int]",start,0
/home/arch_design_predict/download-github-repos/mvvm/repos/AndroidRetrofitTest-master/app/src/main/java/com/zeygame/javamvvm/view/MainActivity.java,com.zeygame.javamvvm.view.MainActivity$Anonymous1,"onTextChanged/4[java.lang.CharSequence,int,int,int]",count,0
/home/arch_design_predict/download-github-repos/mvvm/repos/AndroidRetrofitTest-master/app/src/main/java/com/zeygame/javamvvm/view/MainActivity.java,com.zeygame.javamvvm.view.MainActivity$Anonymous1,"beforeTextChanged/4[java.lang.CharSequence,int,int,int]",s,0
/home/arch_design_predict/download-github-repos/mvvm/repos/AndroidRetrofitTest-master/app/src/main/java/com/zeygame/javamvvm/view/MainActivity.java,com.zeygame.javamvvm.view.MainActivity$Anonymous1,"beforeTextChanged/4[java.lang.CharSequence,int,int,int]",start,0
/home/arch_design_predict/download-github-repos/mvvm/repos/AndroidRetrofitTest-master/app/src/main/java/com/zeygame/javamvvm/view/MainActivity.java,com.zeygame.javamvvm.view.MainActivity$Anonymous1,"beforeTextChanged/4[java.lang.CharSequence,int,int,int]",count,0
/home/arch_design_predict/download-github-repos/mvvm/repos/AndroidRetrofitTest-master/app/src/main/java/com/zeygame/javamvvm/view/MainActivity.java,com.zeygame.javamvvm.view.MainActivity$Anonymous1,"beforeTextChanged/4[java.lang.CharSequence,int,int,int]",after,0
/home/arch_design_predict/download-github-repos/mvvm/repos/AndroidRetrofitTest-master/app/src/main/java/com/zeygame/javamvvm/view/MainActivity.java,com.zeygame.javamvvm.view.MainActivity$Anonymous1,afterTextChanged/1[com.zeygame.javamvvm.view.Editable],s,0
/home/arch_design_predict/download-github-repos/mvvm/repos/AndroidRetrofitTest-master/app/src/main/java/com/zeygame/javamvvm/viewmodel/MovieViewModel.java,com.zeygame.javamvvm.viewmodel.MovieViewModel,MovieViewModel/1[com.zeygame.javamvvm.repository.Repository],repository,2
/home/arch_design_predict/download-github-repos/mvvm/repos/AndroidRetrofitTest-master/app/src/main/java/com/zeygame/javamvvm/viewmodel/MovieViewModel.java,com.zeygame.javamvvm.viewmodel.MovieViewModel,getMovieDetails/1[java.lang.String],name,1
/home/arch_design_predict/download-github-repos/mvvm/repos/AndroidRetrofitTest-master/app/src/main/java/com/zeygame/javamvvm/viewmodel/MovieViewModel.java,com.zeygame.javamvvm.viewmodel.MovieViewModel,getMovieDetails/1[java.lang.String],detailsModel,1
/home/arch_design_predict/download-github-repos/mvvm/repos/AndroidRetrofitTest-master/app/src/main/java/com/zeygame/javamvvm/viewmodel/MovieViewModel.java,com.zeygame.javamvvm.viewmodel.MovieViewModel,getMovieDetails/1[java.lang.String],error,1
/home/arch_design_predict/download-github-repos/mvvm/repos/AndroidRetrofitTest-master/app/src/main/java/com/zeygame/javamvvm/viewmodel/MovieViewModel.java,com.zeygame.javamvvm.viewmodel.MovieViewModel,searchMovie/1[java.lang.String],result,1
/home/arch_design_predict/download-github-repos/mvvm/repos/AndroidRetrofitTest-master/app/src/main/java/com/zeygame/javamvvm/viewmodel/MovieViewModel.java,com.zeygame.javamvvm.viewmodel.MovieViewModel,searchMovie/1[java.lang.String],searchingModel,1
/home/arch_design_predict/download-github-repos/mvvm/repos/AndroidRetrofitTest-master/app/src/main/java/com/zeygame/javamvvm/viewmodel/MovieViewModel.java,com.zeygame.javamvvm.viewmodel.MovieViewModel,searchMovie/1[java.lang.String],name,1
/home/arch_design_predict/download-github-repos/mvvm/repos/AndroidRetrofitTest-master/app/src/main/java/com/zeygame/javamvvm/viewmodel/MovieViewModel.java,com.zeygame.javamvvm.viewmodel.MovieViewModel,searchMovie/1[java.lang.String],error,1
/home/arch_design_predict/download-github-repos/mvvm/repos/AndroidRetrofitTest-master/app/src/main/java/com/zeygame/javamvvm/viewmodel/MovieViewModel.java,com.zeygame.javamvvm.viewmodel.MovieViewModel$IResponseListener,onSuccess/1[T],model,0
/home/arch_design_predict/download-github-repos/mvvm/repos/AndroidRetrofitTest-master/app/src/main/java/com/zeygame/javamvvm/viewmodel/MovieViewModel.java,com.zeygame.javamvvm.viewmodel.MovieViewModel$IResponseListener,onError/1[java.lang.String],error,0
/home/arch_design_predict/download-github-repos/mvvm/repos/AndroidRetrofitTest-master/app/src/main/java/com/zeygame/javamvvm/adapter/MovieAdapter.java,com.zeygame.javamvvm.adapter.MovieAdapter$MyViewHolder,MyViewHolder/1[com.zeygame.javamvvm.adapter.View],itemView,3
/home/arch_design_predict/download-github-repos/mvvm/repos/AndroidRetrofitTest-master/app/src/main/java/com/zeygame/javamvvm/adapter/MovieAdapter.java,com.zeygame.javamvvm.adapter.MovieAdapter,"onBindViewHolder/2[com.zeygame.javamvvm.adapter.MovieAdapter.MyViewHolder,int]",holder,3
/home/arch_design_predict/download-github-repos/mvvm/repos/AndroidRetrofitTest-master/app/src/main/java/com/zeygame/javamvvm/adapter/MovieAdapter.java,com.zeygame.javamvvm.adapter.MovieAdapter,"onBindViewHolder/2[com.zeygame.javamvvm.adapter.MovieAdapter.MyViewHolder,int]",position,3
/home/arch_design_predict/download-github-repos/mvvm/repos/AndroidRetrofitTest-master/app/src/main/java/com/zeygame/javamvvm/adapter/MovieAdapter.java,com.zeygame.javamvvm.adapter.MovieAdapter,"onBindViewHolder/2[com.zeygame.javamvvm.adapter.MovieAdapter.MyViewHolder,int]",event,0
/home/arch_design_predict/download-github-repos/mvvm/repos/AndroidRetrofitTest-master/app/src/main/java/com/zeygame/javamvvm/adapter/MovieAdapter.java,com.zeygame.javamvvm.adapter.MovieAdapter,"MovieAdapter/3[com.zeygame.javamvvm.adapter.Context,java.util.List<com.zeygame.javamvvm.model.MovieModel>,com.zeygame.javamvvm.adapter.MovieAdapter.IItemClickListener]",context,2
/home/arch_design_predict/download-github-repos/mvvm/repos/AndroidRetrofitTest-master/app/src/main/java/com/zeygame/javamvvm/adapter/MovieAdapter.java,com.zeygame.javamvvm.adapter.MovieAdapter,"MovieAdapter/3[com.zeygame.javamvvm.adapter.Context,java.util.List<com.zeygame.javamvvm.model.MovieModel>,com.zeygame.javamvvm.adapter.MovieAdapter.IItemClickListener]",list,2
/home/arch_design_predict/download-github-repos/mvvm/repos/AndroidRetrofitTest-master/app/src/main/java/com/zeygame/javamvvm/adapter/MovieAdapter.java,com.zeygame.javamvvm.adapter.MovieAdapter,"MovieAdapter/3[com.zeygame.javamvvm.adapter.Context,java.util.List<com.zeygame.javamvvm.model.MovieModel>,com.zeygame.javamvvm.adapter.MovieAdapter.IItemClickListener]",clickListener,2
/home/arch_design_predict/download-github-repos/mvvm/repos/AndroidRetrofitTest-master/app/src/main/java/com/zeygame/javamvvm/adapter/MovieAdapter.java,com.zeygame.javamvvm.adapter.MovieAdapter,"onCreateViewHolder/2[com.zeygame.javamvvm.adapter.ViewGroup,int]",parent,1
/home/arch_design_predict/download-github-repos/mvvm/repos/AndroidRetrofitTest-master/app/src/main/java/com/zeygame/javamvvm/adapter/MovieAdapter.java,com.zeygame.javamvvm.adapter.MovieAdapter,"onCreateViewHolder/2[com.zeygame.javamvvm.adapter.ViewGroup,int]",v,1
/home/arch_design_predict/download-github-repos/mvvm/repos/AndroidRetrofitTest-master/app/src/main/java/com/zeygame/javamvvm/adapter/MovieAdapter.java,com.zeygame.javamvvm.adapter.MovieAdapter,"onCreateViewHolder/2[com.zeygame.javamvvm.adapter.ViewGroup,int]",viewType,0
/home/arch_design_predict/download-github-repos/mvvm/repos/AndroidRetrofitTest-master/app/src/main/java/com/zeygame/javamvvm/adapter/MovieAdapter.java,com.zeygame.javamvvm.adapter.MovieAdapter,setMovieList/1[java.util.List<com.zeygame.javamvvm.model.MovieModel>],list,2
/home/arch_design_predict/download-github-repos/mvvm/repos/AndroidRetrofitTest-master/app/src/main/java/com/zeygame/javamvvm/model/DetailsModel.java,com.zeygame.javamvvm.model.DetailsModel,"DetailsModel/25[java.lang.String,java.lang.String,java.lang.String,java.lang.String,java.lang.String,java.lang.String,java.lang.String,java.lang.String,java.lang.String,java.lang.String,java.lang.String,java.lang.String,java.lang.String,java.lang.String,com.zeygame.javamvvm.model.Ratings[],java.lang.String,java.lang.String,java.lang.String,java.lang.String,java.lang.String,java.lang.String,java.lang.String,java.lang.String,java.lang.String,java.lang.String]",country,1
/home/arch_design_predict/download-github-repos/mvvm/repos/AndroidRetrofitTest-master/app/src/main/java/com/zeygame/javamvvm/model/DetailsModel.java,com.zeygame.javamvvm.model.DetailsModel,"DetailsModel/25[java.lang.String,java.lang.String,java.lang.String,java.lang.String,java.lang.String,java.lang.String,java.lang.String,java.lang.String,java.lang.String,java.lang.String,java.lang.String,java.lang.String,java.lang.String,java.lang.String,com.zeygame.javamvvm.model.Ratings[],java.lang.String,java.lang.String,java.lang.String,java.lang.String,java.lang.String,java.lang.String,java.lang.String,java.lang.String,java.lang.String,java.lang.String]",year,1
/home/arch_design_predict/download-github-repos/mvvm/repos/AndroidRetrofitTest-master/app/src/main/java/com/zeygame/javamvvm/model/DetailsModel.java,com.zeygame.javamvvm.model.DetailsModel,"DetailsModel/25[java.lang.String,java.lang.String,java.lang.String,java.lang.String,java.lang.String,java.lang.String,java.lang.String,java.lang.String,java.lang.String,java.lang.String,java.lang.String,java.lang.String,java.lang.String,java.lang.String,com.zeygame.javamvvm.model.Ratings[],java.lang.String,java.lang.String,java.lang.String,java.lang.String,java.lang.String,java.lang.String,java.lang.String,java.lang.String,java.lang.String,java.lang.String]",production,1
/home/arch_design_predict/download-github-repos/mvvm/repos/AndroidRetrofitTest-master/app/src/main/java/com/zeygame/javamvvm/model/DetailsModel.java,com.zeygame.javamvvm.model.DetailsModel,"DetailsModel/25[java.lang.String,java.lang.String,java.lang.String,java.lang.String,java.lang.String,java.lang.String,java.lang.String,java.lang.String,java.lang.String,java.lang.String,java.lang.String,java.lang.String,java.lang.String,java.lang.String,com.zeygame.javamvvm.model.Ratings[],java.lang.String,java.lang.String,java.lang.String,java.lang.String,java.lang.String,java.lang.String,java.lang.String,java.lang.String,java.lang.String,java.lang.String]",language,1
/home/arch_design_predict/download-github-repos/mvvm/repos/AndroidRetrofitTest-master/app/src/main/java/com/zeygame/javamvvm/model/DetailsModel.java,com.zeygame.javamvvm.model.DetailsModel,"DetailsModel/25[java.lang.String,java.lang.String,java.lang.String,java.lang.String,java.lang.String,java.lang.String,java.lang.String,java.lang.String,java.lang.String,java.lang.String,java.lang.String,java.lang.String,java.lang.String,java.lang.String,com.zeygame.javamvvm.model.Ratings[],java.lang.String,java.lang.String,java.lang.String,java.lang.String,java.lang.String,java.lang.String,java.lang.String,java.lang.String,java.lang.String,java.lang.String]",imdbRating,2
/home/arch_design_predict/download-github-repos/mvvm/repos/AndroidRetrofitTest-master/app/src/main/java/com/zeygame/javamvvm/model/DetailsModel.java,com.zeygame.javamvvm.model.DetailsModel,"DetailsModel/25[java.lang.String,java.lang.String,java.lang.String,java.lang.String,java.lang.String,java.lang.String,java.lang.String,java.lang.String,java.lang.String,java.lang.String,java.lang.String,java.lang.String,java.lang.String,java.lang.String,com.zeygame.javamvvm.model.Ratings[],java.lang.String,java.lang.String,java.lang.String,java.lang.String,java.lang.String,java.lang.String,java.lang.String,java.lang.String,java.lang.String,java.lang.String]",title,1
/home/arch_design_predict/download-github-repos/mvvm/repos/AndroidRetrofitTest-master/app/src/main/java/com/zeygame/javamvvm/model/DetailsModel.java,com.zeygame.javamvvm.model.DetailsModel,"DetailsModel/25[java.lang.String,java.lang.String,java.lang.String,java.lang.String,java.lang.String,java.lang.String,java.lang.String,java.lang.String,java.lang.String,java.lang.String,java.lang.String,java.lang.String,java.lang.String,java.lang.String,com.zeygame.javamvvm.model.Ratings[],java.lang.String,java.lang.String,java.lang.String,java.lang.String,java.lang.String,java.lang.String,java.lang.String,java.lang.String,java.lang.String,java.lang.String]",imdbVotes,2
/home/arch_design_predict/download-github-repos/mvvm/repos/AndroidRetrofitTest-master/app/src/main/java/com/zeygame/javamvvm/model/DetailsModel.java,com.zeygame.javamvvm.model.DetailsModel,"DetailsModel/25[java.lang.String,java.lang.String,java.lang.String,java.lang.String,java.lang.String,java.lang.String,java.lang.String,java.lang.String,java.lang.String,java.lang.String,java.lang.String,java.lang.String,java.lang.String,java.lang.String,com.zeygame.javamvvm.model.Ratings[],java.lang.String,java.lang.String,java.lang.String,java.lang.String,java.lang.String,java.lang.String,java.lang.String,java.lang.String,java.lang.String,java.lang.String]",type,1
/home/arch_design_predict/download-github-repos/mvvm/repos/AndroidRetrofitTest-master/app/src/main/java/com/zeygame/javamvvm/model/DetailsModel.java,com.zeygame.javamvvm.model.DetailsModel,"DetailsModel/25[java.lang.String,java.lang.String,java.lang.String,java.lang.String,java.lang.String,java.lang.String,java.lang.String,java.lang.String,java.lang.String,java.lang.String,java.lang.String,java.lang.String,java.lang.String,java.lang.String,com.zeygame.javamvvm.model.Ratings[],java.lang.String,java.lang.String,java.lang.String,java.lang.String,java.lang.String,java.lang.String,java.lang.String,java.lang.String,java.lang.String,java.lang.String]",plot,1
/home/arch_design_predict/download-github-repos/mvvm/repos/AndroidRetrofitTest-master/app/src/main/java/com/zeygame/javamvvm/model/DetailsModel.java,com.zeygame.javamvvm.model.DetailsModel,"DetailsModel/25[java.lang.String,java.lang.String,java.lang.String,java.lang.String,java.lang.String,java.lang.String,java.lang.String,java.lang.String,java.lang.String,java.lang.String,java.lang.String,java.lang.String,java.lang.String,java.lang.String,com.zeygame.javamvvm.model.Ratings[],java.lang.String,java.lang.String,java.lang.String,java.lang.String,java.lang.String,java.lang.String,java.lang.String,java.lang.String,java.lang.String,java.lang.String]",ratings,1
/home/arch_design_predict/download-github-repos/mvvm/repos/AndroidRetrofitTest-master/app/src/main/java/com/zeygame/javamvvm/model/DetailsModel.java,com.zeygame.javamvvm.model.DetailsModel,"DetailsModel/25[java.lang.String,java.lang.String,java.lang.String,java.lang.String,java.lang.String,java.lang.String,java.lang.String,java.lang.String,java.lang.String,java.lang.String,java.lang.String,java.lang.String,java.lang.String,java.lang.String,com.zeygame.javamvvm.model.Ratings[],java.lang.String,java.lang.String,java.lang.String,java.lang.String,java.lang.String,java.lang.String,java.lang.String,java.lang.String,java.lang.String,java.lang.String]",genre,1
/home/arch_design_predict/download-github-repos/mvvm/repos/AndroidRetrofitTest-master/app/src/main/java/com/zeygame/javamvvm/model/DetailsModel.java,com.zeygame.javamvvm.model.DetailsModel,"DetailsModel/25[java.lang.String,java.lang.String,java.lang.String,java.lang.String,java.lang.String,java.lang.String,java.lang.String,java.lang.String,java.lang.String,java.lang.String,java.lang.String,java.lang.String,java.lang.String,java.lang.String,com.zeygame.javamvvm.model.Ratings[],java.lang.String,java.lang.String,java.lang.String,java.lang.String,java.lang.String,java.lang.String,java.lang.String,java.lang.String,java.lang.String,java.lang.String]",released,1
/home/arch_design_predict/download-github-repos/mvvm/repos/AndroidRetrofitTest-master/app/src/main/java/com/zeygame/javamvvm/model/DetailsModel.java,com.zeygame.javamvvm.model.DetailsModel,"DetailsModel/25[java.lang.String,java.lang.String,java.lang.String,java.lang.String,java.lang.String,java.lang.String,java.lang.String,java.lang.String,java.lang.String,java.lang.String,java.lang.String,java.lang.String,java.lang.String,java.lang.String,com.zeygame.javamvvm.model.Ratings[],java.lang.String,java.lang.String,java.lang.String,java.lang.String,java.lang.String,java.lang.String,java.lang.String,java.lang.String,java.lang.String,java.lang.String]",website,1
/home/arch_design_predict/download-github-repos/mvvm/repos/AndroidRetrofitTest-master/app/src/main/java/com/zeygame/javamvvm/model/DetailsModel.java,com.zeygame.javamvvm.model.DetailsModel,"DetailsModel/25[java.lang.String,java.lang.String,java.lang.String,java.lang.String,java.lang.String,java.lang.String,java.lang.String,java.lang.String,java.lang.String,java.lang.String,java.lang.String,java.lang.String,java.lang.String,java.lang.String,com.zeygame.javamvvm.model.Ratings[],java.lang.String,java.lang.String,java.lang.String,java.lang.String,java.lang.String,java.lang.String,java.lang.String,java.lang.String,java.lang.String,java.lang.String]",director,1
/home/arch_design_predict/download-github-repos/mvvm/repos/AndroidRetrofitTest-master/app/src/main/java/com/zeygame/javamvvm/model/DetailsModel.java,com.zeygame.javamvvm.model.DetailsModel,"DetailsModel/25[java.lang.String,java.lang.String,java.lang.String,java.lang.String,java.lang.String,java.lang.String,java.lang.String,java.lang.String,java.lang.String,java.lang.String,java.lang.String,java.lang.String,java.lang.String,java.lang.String,com.zeygame.javamvvm.model.Ratings[],java.lang.String,java.lang.String,java.lang.String,java.lang.String,java.lang.String,java.lang.String,java.lang.String,java.lang.String,java.lang.String,java.lang.String]",imdbID,2
/home/arch_design_predict/download-github-repos/mvvm/repos/AndroidRetrofitTest-master/app/src/main/java/com/zeygame/javamvvm/model/DetailsModel.java,com.zeygame.javamvvm.model.DetailsModel,"DetailsModel/25[java.lang.String,java.lang.String,java.lang.String,java.lang.String,java.lang.String,java.lang.String,java.lang.String,java.lang.String,java.lang.String,java.lang.String,java.lang.String,java.lang.String,java.lang.String,java.lang.String,com.zeygame.javamvvm.model.Ratings[],java.lang.String,java.lang.String,java.lang.String,java.lang.String,java.lang.String,java.lang.String,java.lang.String,java.lang.String,java.lang.String,java.lang.String]",runtime,1
/home/arch_design_predict/download-github-repos/mvvm/repos/AndroidRetrofitTest-master/app/src/main/java/com/zeygame/javamvvm/model/DetailsModel.java,com.zeygame.javamvvm.model.DetailsModel,"DetailsModel/25[java.lang.String,java.lang.String,java.lang.String,java.lang.String,java.lang.String,java.lang.String,java.lang.String,java.lang.String,java.lang.String,java.lang.String,java.lang.String,java.lang.String,java.lang.String,java.lang.String,com.zeygame.javamvvm.model.Ratings[],java.lang.String,java.lang.String,java.lang.String,java.lang.String,java.lang.String,java.lang.String,java.lang.String,java.lang.String,java.lang.String,java.lang.String]",rated,1
/home/arch_design_predict/download-github-repos/mvvm/repos/AndroidRetrofitTest-master/app/src/main/java/com/zeygame/javamvvm/model/DetailsModel.java,com.zeygame.javamvvm.model.DetailsModel,"DetailsModel/25[java.lang.String,java.lang.String,java.lang.String,java.lang.String,java.lang.String,java.lang.String,java.lang.String,java.lang.String,java.lang.String,java.lang.String,java.lang.String,java.lang.String,java.lang.String,java.lang.String,com.zeygame.javamvvm.model.Ratings[],java.lang.String,java.lang.String,java.lang.String,java.lang.String,java.lang.String,java.lang.String,java.lang.String,java.lang.String,java.lang.String,java.lang.String]",actors,1
/home/arch_design_predict/download-github-repos/mvvm/repos/AndroidRetrofitTest-master/app/src/main/java/com/zeygame/javamvvm/model/DetailsModel.java,com.zeygame.javamvvm.model.DetailsModel,"DetailsModel/25[java.lang.String,java.lang.String,java.lang.String,java.lang.String,java.lang.String,java.lang.String,java.lang.String,java.lang.String,java.lang.String,java.lang.String,java.lang.String,java.lang.String,java.lang.String,java.lang.String,com.zeygame.javamvvm.model.Ratings[],java.lang.String,java.lang.String,java.lang.String,java.lang.String,java.lang.String,java.lang.String,java.lang.String,java.lang.String,java.lang.String,java.lang.String]",DVD,2
/home/arch_design_predict/download-github-repos/mvvm/repos/AndroidRetrofitTest-master/app/src/main/java/com/zeygame/javamvvm/model/DetailsModel.java,com.zeygame.javamvvm.model.DetailsModel,"DetailsModel/25[java.lang.String,java.lang.String,java.lang.String,java.lang.String,java.lang.String,java.lang.String,java.lang.String,java.lang.String,java.lang.String,java.lang.String,java.lang.String,java.lang.String,java.lang.String,java.lang.String,com.zeygame.javamvvm.model.Ratings[],java.lang.String,java.lang.String,java.lang.String,java.lang.String,java.lang.String,java.lang.String,java.lang.String,java.lang.String,java.lang.String,java.lang.String]",awards,1
/home/arch_design_predict/download-github-repos/mvvm/repos/AndroidRetrofitTest-master/app/src/main/java/com/zeygame/javamvvm/model/DetailsModel.java,com.zeygame.javamvvm.model.DetailsModel,"DetailsModel/25[java.lang.String,java.lang.String,java.lang.String,java.lang.String,java.lang.String,java.lang.String,java.lang.String,java.lang.String,java.lang.String,java.lang.String,java.lang.String,java.lang.String,java.lang.String,java.lang.String,com.zeygame.javamvvm.model.Ratings[],java.lang.String,java.lang.String,java.lang.String,java.lang.String,java.lang.String,java.lang.String,java.lang.String,java.lang.String,java.lang.String,java.lang.String]",response,1
/home/arch_design_predict/download-github-repos/mvvm/repos/AndroidRetrofitTest-master/app/src/main/java/com/zeygame/javamvvm/model/DetailsModel.java,com.zeygame.javamvvm.model.DetailsModel,"DetailsModel/25[java.lang.String,java.lang.String,java.lang.String,java.lang.String,java.lang.String,java.lang.String,java.lang.String,java.lang.String,java.lang.String,java.lang.String,java.lang.String,java.lang.String,java.lang.String,java.lang.String,com.zeygame.javamvvm.model.Ratings[],java.lang.String,java.lang.String,java.lang.String,java.lang.String,java.lang.String,java.lang.String,java.lang.String,java.lang.String,java.lang.String,java.lang.String]",writer,1
/home/arch_design_predict/download-github-repos/mvvm/repos/AndroidRetrofitTest-master/app/src/main/java/com/zeygame/javamvvm/model/DetailsModel.java,com.zeygame.javamvvm.model.DetailsModel,"DetailsModel/25[java.lang.String,java.lang.String,java.lang.String,java.lang.String,java.lang.String,java.lang.String,java.lang.String,java.lang.String,java.lang.String,java.lang.String,java.lang.String,java.lang.String,java.lang.String,java.lang.String,com.zeygame.javamvvm.model.Ratings[],java.lang.String,java.lang.String,java.lang.String,java.lang.String,java.lang.String,java.lang.String,java.lang.String,java.lang.String,java.lang.String,java.lang.String]",metascore,1
/home/arch_design_predict/download-github-repos/mvvm/repos/AndroidRetrofitTest-master/app/src/main/java/com/zeygame/javamvvm/model/DetailsModel.java,com.zeygame.javamvvm.model.DetailsModel,"DetailsModel/25[java.lang.String,java.lang.String,java.lang.String,java.lang.String,java.lang.String,java.lang.String,java.lang.String,java.lang.String,java.lang.String,java.lang.String,java.lang.String,java.lang.String,java.lang.String,java.lang.String,com.zeygame.javamvvm.model.Ratings[],java.lang.String,java.lang.String,java.lang.String,java.lang.String,java.lang.String,java.lang.String,java.lang.String,java.lang.String,java.lang.String,java.lang.String]",boxOffice,1
/home/arch_design_predict/download-github-repos/mvvm/repos/AndroidRetrofitTest-master/app/src/main/java/com/zeygame/javamvvm/model/DetailsModel.java,com.zeygame.javamvvm.model.DetailsModel,"DetailsModel/25[java.lang.String,java.lang.String,java.lang.String,java.lang.String,java.lang.String,java.lang.String,java.lang.String,java.lang.String,java.lang.String,java.lang.String,java.lang.String,java.lang.String,java.lang.String,java.lang.String,com.zeygame.javamvvm.model.Ratings[],java.lang.String,java.lang.String,java.lang.String,java.lang.String,java.lang.String,java.lang.String,java.lang.String,java.lang.String,java.lang.String,java.lang.String]",poster,1
/home/arch_design_predict/download-github-repos/mvvm/repos/AndroidRetrofitTest-master/app/src/main/java/com/zeygame/javamvvm/repository/Repository.java,com.zeygame.javamvvm.repository.Repository,searchMovie/1[java.lang.String],name,1
/home/arch_design_predict/download-github-repos/mvvm/repos/AndroidRetrofitTest-master/app/src/main/java/com/zeygame/javamvvm/repository/Repository.java,com.zeygame.javamvvm.repository.Repository,getDetails/1[java.lang.String],name,1
/home/arch_design_predict/download-github-repos/mvvm/repos/AndroidRetrofitTest-master/app/src/main/java/com/zeygame/javamvvm/repository/Repository.java,com.zeygame.javamvvm.repository.Repository,Repository/1[com.zeygame.javamvvm.network.APIService],apiService,2
/home/arch_design_predict/download-github-repos/mvvm/repos/AndroidRetrofitTest-master/app/src/main/java/com/zeygame/javamvvm/network/ImageProccess.java,com.zeygame.javamvvm.network.ImageProccess,"initImage/3[java.lang.String,com.zeygame.javamvvm.network.Context,com.zeygame.javamvvm.network.ImageView]",context,1
/home/arch_design_predict/download-github-repos/mvvm/repos/AndroidRetrofitTest-master/app/src/main/java/com/zeygame/javamvvm/network/ImageProccess.java,com.zeygame.javamvvm.network.ImageProccess,"initImage/3[java.lang.String,com.zeygame.javamvvm.network.Context,com.zeygame.javamvvm.network.ImageView]",imgView,1
/home/arch_design_predict/download-github-repos/mvvm/repos/AndroidRetrofitTest-master/app/src/main/java/com/zeygame/javamvvm/network/ImageProccess.java,com.zeygame.javamvvm.network.ImageProccess,"initImage/3[java.lang.String,com.zeygame.javamvvm.network.Context,com.zeygame.javamvvm.network.ImageView]",url,1
/home/arch_design_predict/download-github-repos/mvvm/repos/AndroidRetrofitTest-master/app/src/main/java/com/zeygame/javamvvm/view/MainActivity.java,com.zeygame.javamvvm.view.MainActivity,onCreate/1[com.zeygame.javamvvm.view.Bundle],savedInstanceState,1
/home/arch_design_predict/download-github-repos/mvvm/repos/AndroidRetrofitTest-master/app/src/main/java/com/zeygame/javamvvm/view/MainActivity.java,com.zeygame.javamvvm.view.MainActivity,init/0,layoutManager,1
/home/arch_design_predict/download-github-repos/mvvm/repos/AndroidRetrofitTest-master/app/src/main/java/com/zeygame/javamvvm/view/MainActivity.java,com.zeygame.javamvvm.view.MainActivity,init/0,movie,1
/home/arch_design_predict/download-github-repos/mvvm/repos/AndroidRetrofitTest-master/app/src/main/java/com/zeygame/javamvvm/view/MainActivity.java,com.zeygame.javamvvm.view.MainActivity,init/0,i,2
/home/arch_design_predict/download-github-repos/mvvm/repos/AndroidRetrofitTest-master/app/src/main/java/com/zeygame/javamvvm/view/MainActivity.java,com.zeygame.javamvvm.view.MainActivity,getMovies/1[java.lang.String],name,1
/home/arch_design_predict/download-github-repos/mvvm/repos/AndroidRetrofitTest-master/app/src/main/java/com/zeygame/javamvvm/view/MainActivity.java,com.zeygame.javamvvm.view.MainActivity,getMovies/1[java.lang.String],list,3
/home/arch_design_predict/download-github-repos/mvvm/repos/AndroidRetrofitTest-master/app/src/main/java/com/zeygame/javamvvm/model/RatingModel.java,com.zeygame.javamvvm.model.RatingModel,"RatingModel/2[java.lang.String,java.lang.String]",source,1
/home/arch_design_predict/download-github-repos/mvvm/repos/AndroidRetrofitTest-master/app/src/main/java/com/zeygame/javamvvm/model/RatingModel.java,com.zeygame.javamvvm.model.RatingModel,"RatingModel/2[java.lang.String,java.lang.String]",value,1
/home/arch_design_predict/download-github-repos/mvvm/repos/AndroidRetrofitTest-master/app/src/main/java/com/zeygame/javamvvm/model/SearchingModel.java,com.zeygame.javamvvm.model.SearchingModel,"SearchingModel/3[java.util.List<com.zeygame.javamvvm.model.MovieModel>,java.lang.String,java.lang.String]",search,1
/home/arch_design_predict/download-github-repos/mvvm/repos/AndroidRetrofitTest-master/app/src/main/java/com/zeygame/javamvvm/model/SearchingModel.java,com.zeygame.javamvvm.model.SearchingModel,"SearchingModel/3[java.util.List<com.zeygame.javamvvm.model.MovieModel>,java.lang.String,java.lang.String]",totalResults,2
/home/arch_design_predict/download-github-repos/mvvm/repos/AndroidRetrofitTest-master/app/src/main/java/com/zeygame/javamvvm/model/SearchingModel.java,com.zeygame.javamvvm.model.SearchingModel,"SearchingModel/3[java.util.List<com.zeygame.javamvvm.model.MovieModel>,java.lang.String,java.lang.String]",response,1
/home/arch_design_predict/download-github-repos/mvvm/repos/AndroidRetrofitTest-master/app/src/main/java/com/zeygame/javamvvm/model/SearchingModel.java,com.zeygame.javamvvm.model.SearchingModel,setResponse/1[java.lang.String],response,1
/home/arch_design_predict/download-github-repos/mvvm/repos/AndroidRetrofitTest-master/app/src/main/java/com/zeygame/javamvvm/model/SearchingModel.java,com.zeygame.javamvvm.model.SearchingModel,setSearch/1[java.util.List<com.zeygame.javamvvm.model.MovieModel>],search,1
/home/arch_design_predict/download-github-repos/mvvm/repos/AndroidRetrofitTest-master/app/src/main/java/com/zeygame/javamvvm/model/SearchingModel.java,com.zeygame.javamvvm.model.SearchingModel,setTotalResults/1[java.lang.String],totalResults,2
/home/arch_design_predict/download-github-repos/mvvm/repos/AndroidRetrofitTest-master/app/src/main/java/com/zeygame/javamvvm/view/DetailsActivity.java,com.zeygame.javamvvm.view.DetailsActivity,setFields/1[com.zeygame.javamvvm.model.DetailsModel],detail,9
/home/arch_design_predict/download-github-repos/mvvm/repos/AndroidRetrofitTest-master/app/src/main/java/com/zeygame/javamvvm/view/DetailsActivity.java,com.zeygame.javamvvm.view.DetailsActivity,getMovieDetails/1[java.lang.String],name,1
/home/arch_design_predict/download-github-repos/mvvm/repos/AndroidRetrofitTest-master/app/src/main/java/com/zeygame/javamvvm/view/DetailsActivity.java,com.zeygame.javamvvm.view.DetailsActivity,getMovieDetails/1[java.lang.String],detailsModel,2
/home/arch_design_predict/download-github-repos/mvvm/repos/AndroidRetrofitTest-master/app/src/main/java/com/zeygame/javamvvm/view/DetailsActivity.java,com.zeygame.javamvvm.view.DetailsActivity,onCreate/1[com.zeygame.javamvvm.view.Bundle],savedInstanceState,1
/home/arch_design_predict/download-github-repos/mvvm/repos/AndroidRetrofitTest-master/app/src/main/java/com/zeygame/javamvvm/network/APIService.java,com.zeygame.javamvvm.network.APIService,getMovieDetails/1[java.lang.String],name,0
/home/arch_design_predict/download-github-repos/mvvm/repos/AndroidRetrofitTest-master/app/src/main/java/com/zeygame/javamvvm/network/APIService.java,com.zeygame.javamvvm.network.APIService,searchMovie/1[java.lang.String],name,0
