file,class,type,cbo,cboModified,fanin,fanout,wmc,dit,noc,rfc,lcom,lcom*,tcc,lcc,totalMethodsQty,staticMethodsQty,publicMethodsQty,privateMethodsQty,protectedMethodsQty,defaultMethodsQty,visibleMethodsQty,abstractMethodsQty,finalMethodsQty,synchronizedMethodsQty,totalFieldsQty,staticFieldsQty,publicFieldsQty,privateFieldsQty,protectedFieldsQty,defaultFieldsQty,finalFieldsQty,synchronizedFieldsQty,nosi,loc,returnQty,loopQty,comparisonsQty,tryCatchQty,parenthesizedExpsQty,stringLiteralsQty,numbersQty,assignmentsQty,mathOperationsQty,variablesQty,maxNestedBlocksQty,anonymousClassesQty,innerClassesQty,lambdasQty,uniqueWordsQty,modifiers,logStatementsQty
/Users/sirojiddinkomolov/Documents/innopolis/research/arch_design_pattern_detection/exps/3rd_revision/coach_repos_r/archi-mvp/src/main/java/uk/ivanc/archimvp/view/MainActivity.java,uk.ivanc.archimvp.view.MainActivity$Anonymous1,anonymous,2,2,0,2,1,1,0,3,0,0.0,NaN,NaN,1,0,1,0,0,0,1,0,0,0,0,0,0,0,0,0,0,0,0,5,0,0,0,0,0,0,0,0,0,0,0,0,0,0,4,-1,0
/Users/sirojiddinkomolov/Documents/innopolis/research/arch_design_pattern_detection/exps/3rd_revision/coach_repos_r/archi-mvp/src/main/java/uk/ivanc/archimvp/ArchiApplication.java,uk.ivanc.archimvp.ArchiApplication,class,6,11,5,6,7,2,0,3,6,0.6,0.2,0.2,5,1,5,0,0,0,5,0,0,0,2,0,0,2,0,0,0,0,1,25,3,0,2,0,0,0,0,4,0,2,1,0,0,0,15,1,0
/Users/sirojiddinkomolov/Documents/innopolis/research/arch_design_pattern_detection/exps/3rd_revision/coach_repos_r/archi-mvp/src/main/java/uk/ivanc/archimvp/view/MainActivity.java,uk.ivanc.archimvp.view.MainActivity$Anonymous2,anonymous,3,3,0,3,2,1,0,3,0,0.0,NaN,NaN,1,0,1,0,0,0,1,0,0,0,0,0,0,0,0,0,0,0,0,9,2,0,1,0,0,0,0,0,0,0,1,0,0,0,12,-1,0
/Users/sirojiddinkomolov/Documents/innopolis/research/arch_design_pattern_detection/exps/3rd_revision/coach_repos_r/archi-mvp/src/main/java/uk/ivanc/archimvp/model/User.java,uk.ivanc.archimvp.model.User,class,5,14,9,5,26,1,0,8,0,0.515625,0.5,0.53571427,8,0,7,0,1,0,8,0,0,0,8,1,8,0,0,0,1,0,0,69,13,0,24,0,9,1,14,16,13,10,1,1,0,0,38,1,0
/Users/sirojiddinkomolov/Documents/innopolis/research/arch_design_pattern_detection/exps/3rd_revision/coach_repos_r/archi-mvp/src/main/java/uk/ivanc/archimvp/view/MainActivity.java,uk.ivanc.archimvp.view.MainActivity$Anonymous3,anonymous,2,2,0,2,1,1,0,2,0,0.0,NaN,NaN,1,0,1,0,0,0,1,0,0,0,0,0,0,0,0,0,0,0,1,5,0,0,0,0,0,0,0,0,0,0,0,0,0,0,7,-1,0
/Users/sirojiddinkomolov/Documents/innopolis/research/arch_design_pattern_detection/exps/3rd_revision/coach_repos_r/archi-mvp/src/main/java/uk/ivanc/archimvp/view/MvpView.java,uk.ivanc.archimvp.view.MvpView,interface,1,7,6,1,1,1,0,0,0,0.0,NaN,NaN,1,0,0,0,0,1,1,0,0,0,0,0,0,0,0,0,0,0,0,3,0,0,0,0,0,0,0,0,0,0,0,0,0,0,4,1,0
/Users/sirojiddinkomolov/Documents/innopolis/research/arch_design_pattern_detection/exps/3rd_revision/coach_repos_r/archi-mvp/src/main/java/uk/ivanc/archimvp/view/MainActivity.java,uk.ivanc.archimvp.view.MainActivity$Anonymous4,anonymous,1,1,0,1,4,1,0,2,3,0.0,0.0,0.0,3,0,3,0,0,0,3,0,0,0,0,0,0,0,0,0,0,0,0,9,0,0,0,0,0,0,1,0,0,0,0,0,0,0,10,-1,0
/Users/sirojiddinkomolov/Documents/innopolis/research/arch_design_pattern_detection/exps/3rd_revision/coach_repos_r/archi-mvp/src/main/java/uk/ivanc/archimvp/presenter/RepositoryPresenter.java,uk.ivanc.archimvp.presenter.RepositoryPresenter,class,7,9,2,7,4,1,0,10,0,0.44444445,1.0,1.0,3,0,3,0,0,0,3,0,0,0,3,1,0,3,0,0,1,0,1,23,0,0,1,0,0,1,0,6,0,5,1,1,0,0,24,1,0
/Users/sirojiddinkomolov/Documents/innopolis/research/arch_design_pattern_detection/exps/3rd_revision/coach_repos_r/archi-mvp/src/main/java/uk/ivanc/archimvp/model/GithubService.java,uk.ivanc.archimvp.model.GithubService,interface,6,12,6,6,2,1,0,0,1,0.0,0.0,0.0,2,0,0,0,0,2,2,0,0,0,0,0,0,0,0,0,0,0,0,10,0,0,0,0,0,2,0,0,0,0,0,0,1,0,8,1,0
/Users/sirojiddinkomolov/Documents/innopolis/research/arch_design_pattern_detection/exps/3rd_revision/coach_repos_r/archi-mvp/src/main/java/uk/ivanc/archimvp/view/RepositoryMvpView.java,uk.ivanc.archimvp.view.RepositoryMvpView,interface,2,6,4,2,1,1,0,0,0,0.0,NaN,NaN,1,0,0,0,0,1,1,0,0,0,0,0,0,0,0,0,0,0,0,3,0,0,0,0,0,0,0,0,0,0,0,0,0,0,7,1,0
/Users/sirojiddinkomolov/Documents/innopolis/research/arch_design_pattern_detection/exps/3rd_revision/coach_repos_r/archi-mvp/src/main/java/uk/ivanc/archimvp/RepositoryAdapter.java,uk.ivanc.archimvp.RepositoryAdapter,class,8,9,1,8,7,2,0,10,1,0.5714286,0.47619048,0.47619048,7,0,7,0,0,0,7,0,0,0,2,0,0,2,0,0,0,0,1,63,2,0,0,0,0,0,0,9,0,6,0,1,2,0,23,1,0
/Users/sirojiddinkomolov/Documents/innopolis/research/arch_design_pattern_detection/exps/3rd_revision/coach_repos_r/archi-mvp/src/main/java/uk/ivanc/archimvp/presenter/MainPresenter.java,uk.ivanc.archimvp.presenter.MainPresenter,class,9,14,5,9,8,1,0,14,0,0.6875,1.0,1.0,4,1,3,1,0,0,3,0,0,0,4,1,1,3,0,0,0,0,1,48,2,0,3,0,1,1,1,7,0,7,1,1,0,0,31,1,0
/Users/sirojiddinkomolov/Documents/innopolis/research/arch_design_pattern_detection/exps/3rd_revision/coach_repos_r/archi-mvp/src/main/java/uk/ivanc/archimvp/presenter/MainPresenter.java,uk.ivanc.archimvp.presenter.MainPresenter$Anonymous1,anonymous,3,3,0,3,5,1,0,6,3,0.0,0.0,0.0,3,0,3,0,0,0,3,0,0,0,0,0,0,0,0,0,0,0,1,23,0,0,0,0,0,2,0,1,1,0,1,0,0,0,14,-1,0
/Users/sirojiddinkomolov/Documents/innopolis/research/arch_design_pattern_detection/exps/3rd_revision/coach_repos_r/archi-mvp/src/main/java/uk/ivanc/archimvp/RepositoryAdapter.java,uk.ivanc.archimvp.RepositoryAdapter$Callback,interface,1,1,0,1,1,1,0,0,0,0.0,NaN,NaN,1,0,0,0,0,1,1,0,0,0,0,0,0,0,0,0,0,0,0,3,0,0,0,0,0,0,0,0,0,0,0,0,0,0,6,1,0
/Users/sirojiddinkomolov/Documents/innopolis/research/arch_design_pattern_detection/exps/3rd_revision/coach_repos_r/archi-mvp/src/main/java/uk/ivanc/archimvp/model/User.java,uk.ivanc.archimvp.model.User$Anonymous1,anonymous,2,2,0,2,2,1,0,0,1,0.0,0.0,0.0,2,0,2,0,0,0,2,0,0,0,0,0,0,0,0,0,0,0,0,8,2,0,0,0,0,0,0,0,0,0,0,0,0,0,8,-1,0
/Users/sirojiddinkomolov/Documents/innopolis/research/arch_design_pattern_detection/exps/3rd_revision/coach_repos_r/archi-mvp/src/main/java/uk/ivanc/archimvp/presenter/Presenter.java,uk.ivanc.archimvp.presenter.Presenter,interface,1,3,2,1,2,1,0,0,1,0.0,0.0,0.0,2,0,0,0,0,2,2,0,0,0,0,0,0,0,0,0,0,0,0,4,0,0,0,0,0,0,0,0,0,0,0,0,0,0,5,1,0
/Users/sirojiddinkomolov/Documents/innopolis/research/arch_design_pattern_detection/exps/3rd_revision/coach_repos_r/archi-mvp/src/test/java/uk/ivanc/archimvp/util/MockModelFabric.java,uk.ivanc.archimvp.util.MockModelFabric,class,3,6,3,3,4,1,0,4,3,0.0,0.0,0.0,3,3,3,0,0,0,3,0,0,0,0,0,0,0,0,0,0,0,2,32,3,1,0,0,0,7,6,19,7,6,1,0,0,0,20,1,0
/Users/sirojiddinkomolov/Documents/innopolis/research/arch_design_pattern_detection/exps/3rd_revision/coach_repos_r/archi-mvp/src/main/java/uk/ivanc/archimvp/presenter/RepositoryPresenter.java,uk.ivanc.archimvp.presenter.RepositoryPresenter$Anonymous1,anonymous,2,2,0,2,1,1,0,2,0,0.0,NaN,NaN,1,0,1,0,0,0,1,0,0,0,0,0,0,0,0,0,0,0,0,6,0,0,0,0,0,1,0,0,1,0,0,0,0,0,5,-1,0
/Users/sirojiddinkomolov/Documents/innopolis/research/arch_design_pattern_detection/exps/3rd_revision/coach_repos_r/archi-mvp/src/main/java/uk/ivanc/archimvp/RepositoryAdapter.java,uk.ivanc.archimvp.RepositoryAdapter$RepositoryViewHolder,innerclass,4,4,0,4,1,2,0,1,0,0.14285715,NaN,NaN,1,0,1,0,0,0,1,0,0,0,7,0,7,0,0,0,0,0,0,18,0,0,0,0,0,0,0,6,0,7,0,0,0,0,13,9,0
/Users/sirojiddinkomolov/Documents/innopolis/research/arch_design_pattern_detection/exps/3rd_revision/coach_repos_r/archi-mvp/src/main/java/uk/ivanc/archimvp/model/GithubService.java,uk.ivanc.archimvp.model.GithubService$Factory,innerclass,2,2,0,2,1,1,0,5,0,0.0,NaN,NaN,1,1,1,0,0,0,1,0,0,0,0,0,0,0,0,0,0,0,0,6,1,0,0,0,0,1,0,1,0,1,0,0,0,0,6,0,0
/Users/sirojiddinkomolov/Documents/innopolis/research/arch_design_pattern_detection/exps/3rd_revision/coach_repos_r/archi-mvp/src/main/java/uk/ivanc/archimvp/model/Repository.java,uk.ivanc.archimvp.model.Repository$Anonymous1,anonymous,2,2,0,2,2,1,0,0,1,0.0,0.0,0.0,2,0,2,0,0,0,2,0,0,0,0,0,0,0,0,0,0,0,0,8,2,0,0,0,0,0,0,0,0,0,0,0,0,0,8,-1,0
/Users/sirojiddinkomolov/Documents/innopolis/research/arch_design_pattern_detection/exps/3rd_revision/coach_repos_r/archi-mvp/src/main/java/uk/ivanc/archimvp/view/MainMvpView.java,uk.ivanc.archimvp.view.MainMvpView,interface,2,6,4,2,3,1,0,0,3,0.0,0.0,0.0,3,0,0,0,0,3,3,0,0,0,0,0,0,0,0,0,0,0,0,5,0,0,0,0,0,0,0,0,0,0,0,0,0,0,11,1,0
/Users/sirojiddinkomolov/Documents/innopolis/research/arch_design_pattern_detection/exps/3rd_revision/coach_repos_r/archi-mvp/src/main/java/uk/ivanc/archimvp/model/Repository.java,uk.ivanc.archimvp.model.Repository,class,6,20,14,6,32,1,0,17,0,0.5555556,0.5,0.5833333,9,0,8,0,1,0,9,0,0,0,11,1,11,0,0,0,1,0,0,87,17,0,26,0,9,1,22,22,19,13,1,1,0,0,43,1,0
/Users/sirojiddinkomolov/Documents/innopolis/research/arch_design_pattern_detection/exps/3rd_revision/coach_repos_r/archi-mvp/src/test/java/uk/ivanc/archimvp/RepositoryPresenterTest.java,uk.ivanc.archimvp.RepositoryPresenterTest,class,14,14,0,14,3,1,0,15,0,0.22222222,1.0,1.0,3,0,3,0,0,0,3,0,0,0,3,0,0,0,0,3,0,0,1,25,0,0,0,0,0,2,1,6,0,6,0,0,0,0,28,1,0
/Users/sirojiddinkomolov/Documents/innopolis/research/arch_design_pattern_detection/exps/3rd_revision/coach_repos_r/archi-mvp/src/main/java/uk/ivanc/archimvp/RepositoryAdapter.java,uk.ivanc.archimvp.RepositoryAdapter$Anonymous1,anonymous,2,2,0,2,2,1,0,1,0,0.0,NaN,NaN,1,0,1,0,0,0,1,0,0,0,0,0,0,0,0,0,0,0,0,7,0,0,1,0,0,0,0,0,0,0,1,0,0,0,6,-1,0
/Users/sirojiddinkomolov/Documents/innopolis/research/arch_design_pattern_detection/exps/3rd_revision/coach_repos_r/archi-mvp/src/main/java/uk/ivanc/archimvp/view/MainActivity.java,uk.ivanc.archimvp.view.MainActivity,class,19,20,1,19,8,2,0,25,12,0.703125,0.46666667,0.6666667,8,0,4,2,2,0,6,0,0,0,8,0,0,8,0,0,0,0,0,93,1,0,0,0,0,0,1,11,0,11,0,4,0,0,67,1,0
/Users/sirojiddinkomolov/Documents/innopolis/research/arch_design_pattern_detection/exps/3rd_revision/coach_repos_r/archi-mvp/src/test/java/uk/ivanc/archimvp/MainPresenterTest.java,uk.ivanc.archimvp.MainPresenterTest,class,16,16,0,16,6,1,0,20,0,0.11111111,1.0,1.0,6,0,6,0,0,0,6,0,0,0,3,0,0,0,0,3,0,0,2,48,0,0,0,0,0,5,3,10,0,10,0,0,0,0,42,1,0
/Users/sirojiddinkomolov/Documents/innopolis/research/arch_design_pattern_detection/exps/3rd_revision/coach_repos_r/archi-mvp/src/main/java/uk/ivanc/archimvp/view/RepositoryActivity.java,uk.ivanc.archimvp.view.RepositoryActivity,class,14,16,2,14,12,2,0,27,7,0.6805555,0.3,0.6,6,1,3,1,2,0,5,0,0,0,12,1,0,12,0,0,1,0,0,68,2,0,1,0,0,1,0,15,0,15,1,0,0,0,63,1,0
