file,class,method,variable,usage
/Users/sirojiddinkomolov/Documents/innopolis/research/arch_design_pattern_detection/exps/3rd_revision/coach_repos_r/archi-mvp/src/main/java/uk/ivanc/archimvp/ArchiApplication.java,uk.ivanc.archimvp.ArchiApplication,defaultSubscribeScheduler/0,defaultSubscribeScheduler,4
/Users/sirojiddinkomolov/Documents/innopolis/research/arch_design_pattern_detection/exps/3rd_revision/coach_repos_r/archi-mvp/src/main/java/uk/ivanc/archimvp/ArchiApplication.java,uk.ivanc.archimvp.ArchiApplication,setDefaultSubscribeScheduler/1[uk.ivanc.archimvp.Scheduler],defaultSubscribeScheduler,1
/Users/sirojiddinkomolov/Documents/innopolis/research/arch_design_pattern_detection/exps/3rd_revision/coach_repos_r/archi-mvp/src/main/java/uk/ivanc/archimvp/ArchiApplication.java,uk.ivanc.archimvp.ArchiApplication,getGithubService/0,githubService,3
/Users/sirojiddinkomolov/Documents/innopolis/research/arch_design_pattern_detection/exps/3rd_revision/coach_repos_r/archi-mvp/src/main/java/uk/ivanc/archimvp/ArchiApplication.java,uk.ivanc.archimvp.ArchiApplication,setGithubService/1[uk.ivanc.archimvp.model.GithubService],githubService,3
/Users/sirojiddinkomolov/Documents/innopolis/research/arch_design_pattern_detection/exps/3rd_revision/coach_repos_r/archi-mvp/src/main/java/uk/ivanc/archimvp/model/User.java,uk.ivanc.archimvp.model.User,hasEmail/0,email,2
/Users/sirojiddinkomolov/Documents/innopolis/research/arch_design_pattern_detection/exps/3rd_revision/coach_repos_r/archi-mvp/src/main/java/uk/ivanc/archimvp/model/User.java,uk.ivanc.archimvp.model.User,User/1[uk.ivanc.archimvp.model.Parcel],avatarUrl,1
/Users/sirojiddinkomolov/Documents/innopolis/research/arch_design_pattern_detection/exps/3rd_revision/coach_repos_r/archi-mvp/src/main/java/uk/ivanc/archimvp/model/User.java,uk.ivanc.archimvp.model.User,User/1[uk.ivanc.archimvp.model.Parcel],name,1
/Users/sirojiddinkomolov/Documents/innopolis/research/arch_design_pattern_detection/exps/3rd_revision/coach_repos_r/archi-mvp/src/main/java/uk/ivanc/archimvp/model/User.java,uk.ivanc.archimvp.model.User,User/1[uk.ivanc.archimvp.model.Parcel],location,1
/Users/sirojiddinkomolov/Documents/innopolis/research/arch_design_pattern_detection/exps/3rd_revision/coach_repos_r/archi-mvp/src/main/java/uk/ivanc/archimvp/model/User.java,uk.ivanc.archimvp.model.User,User/1[uk.ivanc.archimvp.model.Parcel],id,1
/Users/sirojiddinkomolov/Documents/innopolis/research/arch_design_pattern_detection/exps/3rd_revision/coach_repos_r/archi-mvp/src/main/java/uk/ivanc/archimvp/model/User.java,uk.ivanc.archimvp.model.User,User/1[uk.ivanc.archimvp.model.Parcel],login,1
/Users/sirojiddinkomolov/Documents/innopolis/research/arch_design_pattern_detection/exps/3rd_revision/coach_repos_r/archi-mvp/src/main/java/uk/ivanc/archimvp/model/User.java,uk.ivanc.archimvp.model.User,User/1[uk.ivanc.archimvp.model.Parcel],url,1
/Users/sirojiddinkomolov/Documents/innopolis/research/arch_design_pattern_detection/exps/3rd_revision/coach_repos_r/archi-mvp/src/main/java/uk/ivanc/archimvp/model/User.java,uk.ivanc.archimvp.model.User,User/1[uk.ivanc.archimvp.model.Parcel],email,1
/Users/sirojiddinkomolov/Documents/innopolis/research/arch_design_pattern_detection/exps/3rd_revision/coach_repos_r/archi-mvp/src/main/java/uk/ivanc/archimvp/model/User.java,uk.ivanc.archimvp.model.User,hashCode/0,avatarUrl,2
/Users/sirojiddinkomolov/Documents/innopolis/research/arch_design_pattern_detection/exps/3rd_revision/coach_repos_r/archi-mvp/src/main/java/uk/ivanc/archimvp/model/User.java,uk.ivanc.archimvp.model.User,hashCode/0,name,2
/Users/sirojiddinkomolov/Documents/innopolis/research/arch_design_pattern_detection/exps/3rd_revision/coach_repos_r/archi-mvp/src/main/java/uk/ivanc/archimvp/model/User.java,uk.ivanc.archimvp.model.User,hashCode/0,location,2
/Users/sirojiddinkomolov/Documents/innopolis/research/arch_design_pattern_detection/exps/3rd_revision/coach_repos_r/archi-mvp/src/main/java/uk/ivanc/archimvp/model/User.java,uk.ivanc.archimvp.model.User,hashCode/0,id,2
/Users/sirojiddinkomolov/Documents/innopolis/research/arch_design_pattern_detection/exps/3rd_revision/coach_repos_r/archi-mvp/src/main/java/uk/ivanc/archimvp/model/User.java,uk.ivanc.archimvp.model.User,hashCode/0,login,2
/Users/sirojiddinkomolov/Documents/innopolis/research/arch_design_pattern_detection/exps/3rd_revision/coach_repos_r/archi-mvp/src/main/java/uk/ivanc/archimvp/model/User.java,uk.ivanc.archimvp.model.User,hashCode/0,url,2
/Users/sirojiddinkomolov/Documents/innopolis/research/arch_design_pattern_detection/exps/3rd_revision/coach_repos_r/archi-mvp/src/main/java/uk/ivanc/archimvp/model/User.java,uk.ivanc.archimvp.model.User,hashCode/0,email,2
/Users/sirojiddinkomolov/Documents/innopolis/research/arch_design_pattern_detection/exps/3rd_revision/coach_repos_r/archi-mvp/src/main/java/uk/ivanc/archimvp/model/User.java,uk.ivanc.archimvp.model.User,equals/1[java.lang.Object],avatarUrl,2
/Users/sirojiddinkomolov/Documents/innopolis/research/arch_design_pattern_detection/exps/3rd_revision/coach_repos_r/archi-mvp/src/main/java/uk/ivanc/archimvp/model/User.java,uk.ivanc.archimvp.model.User,equals/1[java.lang.Object],name,2
/Users/sirojiddinkomolov/Documents/innopolis/research/arch_design_pattern_detection/exps/3rd_revision/coach_repos_r/archi-mvp/src/main/java/uk/ivanc/archimvp/model/User.java,uk.ivanc.archimvp.model.User,equals/1[java.lang.Object],location,2
/Users/sirojiddinkomolov/Documents/innopolis/research/arch_design_pattern_detection/exps/3rd_revision/coach_repos_r/archi-mvp/src/main/java/uk/ivanc/archimvp/model/User.java,uk.ivanc.archimvp.model.User,equals/1[java.lang.Object],id,1
/Users/sirojiddinkomolov/Documents/innopolis/research/arch_design_pattern_detection/exps/3rd_revision/coach_repos_r/archi-mvp/src/main/java/uk/ivanc/archimvp/model/User.java,uk.ivanc.archimvp.model.User,equals/1[java.lang.Object],login,2
/Users/sirojiddinkomolov/Documents/innopolis/research/arch_design_pattern_detection/exps/3rd_revision/coach_repos_r/archi-mvp/src/main/java/uk/ivanc/archimvp/model/User.java,uk.ivanc.archimvp.model.User,equals/1[java.lang.Object],url,2
/Users/sirojiddinkomolov/Documents/innopolis/research/arch_design_pattern_detection/exps/3rd_revision/coach_repos_r/archi-mvp/src/main/java/uk/ivanc/archimvp/model/User.java,uk.ivanc.archimvp.model.User,equals/1[java.lang.Object],email,2
/Users/sirojiddinkomolov/Documents/innopolis/research/arch_design_pattern_detection/exps/3rd_revision/coach_repos_r/archi-mvp/src/main/java/uk/ivanc/archimvp/model/User.java,uk.ivanc.archimvp.model.User,hasLocation/0,location,2
/Users/sirojiddinkomolov/Documents/innopolis/research/arch_design_pattern_detection/exps/3rd_revision/coach_repos_r/archi-mvp/src/main/java/uk/ivanc/archimvp/model/User.java,uk.ivanc.archimvp.model.User,"writeToParcel/2[uk.ivanc.archimvp.model.Parcel,int]",avatarUrl,1
/Users/sirojiddinkomolov/Documents/innopolis/research/arch_design_pattern_detection/exps/3rd_revision/coach_repos_r/archi-mvp/src/main/java/uk/ivanc/archimvp/model/User.java,uk.ivanc.archimvp.model.User,"writeToParcel/2[uk.ivanc.archimvp.model.Parcel,int]",name,1
/Users/sirojiddinkomolov/Documents/innopolis/research/arch_design_pattern_detection/exps/3rd_revision/coach_repos_r/archi-mvp/src/main/java/uk/ivanc/archimvp/model/User.java,uk.ivanc.archimvp.model.User,"writeToParcel/2[uk.ivanc.archimvp.model.Parcel,int]",location,1
/Users/sirojiddinkomolov/Documents/innopolis/research/arch_design_pattern_detection/exps/3rd_revision/coach_repos_r/archi-mvp/src/main/java/uk/ivanc/archimvp/model/User.java,uk.ivanc.archimvp.model.User,"writeToParcel/2[uk.ivanc.archimvp.model.Parcel,int]",id,1
/Users/sirojiddinkomolov/Documents/innopolis/research/arch_design_pattern_detection/exps/3rd_revision/coach_repos_r/archi-mvp/src/main/java/uk/ivanc/archimvp/model/User.java,uk.ivanc.archimvp.model.User,"writeToParcel/2[uk.ivanc.archimvp.model.Parcel,int]",login,1
/Users/sirojiddinkomolov/Documents/innopolis/research/arch_design_pattern_detection/exps/3rd_revision/coach_repos_r/archi-mvp/src/main/java/uk/ivanc/archimvp/model/User.java,uk.ivanc.archimvp.model.User,"writeToParcel/2[uk.ivanc.archimvp.model.Parcel,int]",url,1
/Users/sirojiddinkomolov/Documents/innopolis/research/arch_design_pattern_detection/exps/3rd_revision/coach_repos_r/archi-mvp/src/main/java/uk/ivanc/archimvp/model/User.java,uk.ivanc.archimvp.model.User,"writeToParcel/2[uk.ivanc.archimvp.model.Parcel,int]",email,1
/Users/sirojiddinkomolov/Documents/innopolis/research/arch_design_pattern_detection/exps/3rd_revision/coach_repos_r/archi-mvp/src/main/java/uk/ivanc/archimvp/presenter/RepositoryPresenter.java,uk.ivanc.archimvp.presenter.RepositoryPresenter,attachView/1[uk.ivanc.archimvp.view.RepositoryMvpView],repositoryMvpView,1
/Users/sirojiddinkomolov/Documents/innopolis/research/arch_design_pattern_detection/exps/3rd_revision/coach_repos_r/archi-mvp/src/main/java/uk/ivanc/archimvp/presenter/RepositoryPresenter.java,uk.ivanc.archimvp.presenter.RepositoryPresenter,detachView/0,repositoryMvpView,1
/Users/sirojiddinkomolov/Documents/innopolis/research/arch_design_pattern_detection/exps/3rd_revision/coach_repos_r/archi-mvp/src/main/java/uk/ivanc/archimvp/presenter/RepositoryPresenter.java,uk.ivanc.archimvp.presenter.RepositoryPresenter,detachView/0,subscription,2
/Users/sirojiddinkomolov/Documents/innopolis/research/arch_design_pattern_detection/exps/3rd_revision/coach_repos_r/archi-mvp/src/main/java/uk/ivanc/archimvp/presenter/RepositoryPresenter.java,uk.ivanc.archimvp.presenter.RepositoryPresenter,loadOwner/1[java.lang.String],repositoryMvpView,1
/Users/sirojiddinkomolov/Documents/innopolis/research/arch_design_pattern_detection/exps/3rd_revision/coach_repos_r/archi-mvp/src/main/java/uk/ivanc/archimvp/presenter/RepositoryPresenter.java,uk.ivanc.archimvp.presenter.RepositoryPresenter,loadOwner/1[java.lang.String],subscription,1
/Users/sirojiddinkomolov/Documents/innopolis/research/arch_design_pattern_detection/exps/3rd_revision/coach_repos_r/archi-mvp/src/main/java/uk/ivanc/archimvp/RepositoryAdapter.java,uk.ivanc.archimvp.RepositoryAdapter,setRepositories/1[java.util.List<uk.ivanc.archimvp.model.Repository>],repositories,3
/Users/sirojiddinkomolov/Documents/innopolis/research/arch_design_pattern_detection/exps/3rd_revision/coach_repos_r/archi-mvp/src/main/java/uk/ivanc/archimvp/RepositoryAdapter.java,uk.ivanc.archimvp.RepositoryAdapter,setCallback/1[uk.ivanc.archimvp.RepositoryAdapter.Callback],callback,3
/Users/sirojiddinkomolov/Documents/innopolis/research/arch_design_pattern_detection/exps/3rd_revision/coach_repos_r/archi-mvp/src/main/java/uk/ivanc/archimvp/RepositoryAdapter.java,uk.ivanc.archimvp.RepositoryAdapter,getItemCount/0,repositories,1
/Users/sirojiddinkomolov/Documents/innopolis/research/arch_design_pattern_detection/exps/3rd_revision/coach_repos_r/archi-mvp/src/main/java/uk/ivanc/archimvp/RepositoryAdapter.java,uk.ivanc.archimvp.RepositoryAdapter,RepositoryAdapter/0,repositories,1
/Users/sirojiddinkomolov/Documents/innopolis/research/arch_design_pattern_detection/exps/3rd_revision/coach_repos_r/archi-mvp/src/main/java/uk/ivanc/archimvp/RepositoryAdapter.java,uk.ivanc.archimvp.RepositoryAdapter,"onBindViewHolder/2[uk.ivanc.archimvp.RepositoryAdapter.RepositoryViewHolder,int]",repositories,1
/Users/sirojiddinkomolov/Documents/innopolis/research/arch_design_pattern_detection/exps/3rd_revision/coach_repos_r/archi-mvp/src/main/java/uk/ivanc/archimvp/RepositoryAdapter.java,uk.ivanc.archimvp.RepositoryAdapter,RepositoryAdapter/1[java.util.List<uk.ivanc.archimvp.model.Repository>],repositories,3
/Users/sirojiddinkomolov/Documents/innopolis/research/arch_design_pattern_detection/exps/3rd_revision/coach_repos_r/archi-mvp/src/main/java/uk/ivanc/archimvp/presenter/MainPresenter.java,uk.ivanc.archimvp.presenter.MainPresenter,detachView/0,mainMvpView,1
/Users/sirojiddinkomolov/Documents/innopolis/research/arch_design_pattern_detection/exps/3rd_revision/coach_repos_r/archi-mvp/src/main/java/uk/ivanc/archimvp/presenter/MainPresenter.java,uk.ivanc.archimvp.presenter.MainPresenter,detachView/0,subscription,2
/Users/sirojiddinkomolov/Documents/innopolis/research/arch_design_pattern_detection/exps/3rd_revision/coach_repos_r/archi-mvp/src/main/java/uk/ivanc/archimvp/presenter/MainPresenter.java,uk.ivanc.archimvp.presenter.MainPresenter,attachView/1[uk.ivanc.archimvp.view.MainMvpView],mainMvpView,1
/Users/sirojiddinkomolov/Documents/innopolis/research/arch_design_pattern_detection/exps/3rd_revision/coach_repos_r/archi-mvp/src/main/java/uk/ivanc/archimvp/presenter/MainPresenter.java,uk.ivanc.archimvp.presenter.MainPresenter,loadRepositories/1[java.lang.String],mainMvpView,2
/Users/sirojiddinkomolov/Documents/innopolis/research/arch_design_pattern_detection/exps/3rd_revision/coach_repos_r/archi-mvp/src/main/java/uk/ivanc/archimvp/presenter/MainPresenter.java,uk.ivanc.archimvp.presenter.MainPresenter,loadRepositories/1[java.lang.String],subscription,3
/Users/sirojiddinkomolov/Documents/innopolis/research/arch_design_pattern_detection/exps/3rd_revision/coach_repos_r/archi-mvp/src/main/java/uk/ivanc/archimvp/RepositoryAdapter.java,uk.ivanc.archimvp.RepositoryAdapter$RepositoryViewHolder,RepositoryViewHolder/1[uk.ivanc.archimvp.View],contentLayout,1
/Users/sirojiddinkomolov/Documents/innopolis/research/arch_design_pattern_detection/exps/3rd_revision/coach_repos_r/archi-mvp/src/main/java/uk/ivanc/archimvp/RepositoryAdapter.java,uk.ivanc.archimvp.RepositoryAdapter$RepositoryViewHolder,RepositoryViewHolder/1[uk.ivanc.archimvp.View],watchersTextView,1
/Users/sirojiddinkomolov/Documents/innopolis/research/arch_design_pattern_detection/exps/3rd_revision/coach_repos_r/archi-mvp/src/main/java/uk/ivanc/archimvp/RepositoryAdapter.java,uk.ivanc.archimvp.RepositoryAdapter$RepositoryViewHolder,RepositoryViewHolder/1[uk.ivanc.archimvp.View],descriptionTextView,1
/Users/sirojiddinkomolov/Documents/innopolis/research/arch_design_pattern_detection/exps/3rd_revision/coach_repos_r/archi-mvp/src/main/java/uk/ivanc/archimvp/RepositoryAdapter.java,uk.ivanc.archimvp.RepositoryAdapter$RepositoryViewHolder,RepositoryViewHolder/1[uk.ivanc.archimvp.View],titleTextView,1
/Users/sirojiddinkomolov/Documents/innopolis/research/arch_design_pattern_detection/exps/3rd_revision/coach_repos_r/archi-mvp/src/main/java/uk/ivanc/archimvp/RepositoryAdapter.java,uk.ivanc.archimvp.RepositoryAdapter$RepositoryViewHolder,RepositoryViewHolder/1[uk.ivanc.archimvp.View],starsTextView,1
/Users/sirojiddinkomolov/Documents/innopolis/research/arch_design_pattern_detection/exps/3rd_revision/coach_repos_r/archi-mvp/src/main/java/uk/ivanc/archimvp/RepositoryAdapter.java,uk.ivanc.archimvp.RepositoryAdapter$RepositoryViewHolder,RepositoryViewHolder/1[uk.ivanc.archimvp.View],forksTextView,1
/Users/sirojiddinkomolov/Documents/innopolis/research/arch_design_pattern_detection/exps/3rd_revision/coach_repos_r/archi-mvp/src/main/java/uk/ivanc/archimvp/model/Repository.java,uk.ivanc.archimvp.model.Repository,"writeToParcel/2[uk.ivanc.archimvp.model.Parcel,int]",forks,1
/Users/sirojiddinkomolov/Documents/innopolis/research/arch_design_pattern_detection/exps/3rd_revision/coach_repos_r/archi-mvp/src/main/java/uk/ivanc/archimvp/model/Repository.java,uk.ivanc.archimvp.model.Repository,"writeToParcel/2[uk.ivanc.archimvp.model.Parcel,int]",owner,1
/Users/sirojiddinkomolov/Documents/innopolis/research/arch_design_pattern_detection/exps/3rd_revision/coach_repos_r/archi-mvp/src/main/java/uk/ivanc/archimvp/model/Repository.java,uk.ivanc.archimvp.model.Repository,"writeToParcel/2[uk.ivanc.archimvp.model.Parcel,int]",fork,1
/Users/sirojiddinkomolov/Documents/innopolis/research/arch_design_pattern_detection/exps/3rd_revision/coach_repos_r/archi-mvp/src/main/java/uk/ivanc/archimvp/model/Repository.java,uk.ivanc.archimvp.model.Repository,"writeToParcel/2[uk.ivanc.archimvp.model.Parcel,int]",name,1
/Users/sirojiddinkomolov/Documents/innopolis/research/arch_design_pattern_detection/exps/3rd_revision/coach_repos_r/archi-mvp/src/main/java/uk/ivanc/archimvp/model/Repository.java,uk.ivanc.archimvp.model.Repository,"writeToParcel/2[uk.ivanc.archimvp.model.Parcel,int]",description,1
/Users/sirojiddinkomolov/Documents/innopolis/research/arch_design_pattern_detection/exps/3rd_revision/coach_repos_r/archi-mvp/src/main/java/uk/ivanc/archimvp/model/Repository.java,uk.ivanc.archimvp.model.Repository,"writeToParcel/2[uk.ivanc.archimvp.model.Parcel,int]",watchers,1
/Users/sirojiddinkomolov/Documents/innopolis/research/arch_design_pattern_detection/exps/3rd_revision/coach_repos_r/archi-mvp/src/main/java/uk/ivanc/archimvp/model/Repository.java,uk.ivanc.archimvp.model.Repository,"writeToParcel/2[uk.ivanc.archimvp.model.Parcel,int]",language,1
/Users/sirojiddinkomolov/Documents/innopolis/research/arch_design_pattern_detection/exps/3rd_revision/coach_repos_r/archi-mvp/src/main/java/uk/ivanc/archimvp/model/Repository.java,uk.ivanc.archimvp.model.Repository,"writeToParcel/2[uk.ivanc.archimvp.model.Parcel,int]",id,1
/Users/sirojiddinkomolov/Documents/innopolis/research/arch_design_pattern_detection/exps/3rd_revision/coach_repos_r/archi-mvp/src/main/java/uk/ivanc/archimvp/model/Repository.java,uk.ivanc.archimvp.model.Repository,"writeToParcel/2[uk.ivanc.archimvp.model.Parcel,int]",stars,1
/Users/sirojiddinkomolov/Documents/innopolis/research/arch_design_pattern_detection/exps/3rd_revision/coach_repos_r/archi-mvp/src/main/java/uk/ivanc/archimvp/model/Repository.java,uk.ivanc.archimvp.model.Repository,"writeToParcel/2[uk.ivanc.archimvp.model.Parcel,int]",homepage,1
/Users/sirojiddinkomolov/Documents/innopolis/research/arch_design_pattern_detection/exps/3rd_revision/coach_repos_r/archi-mvp/src/main/java/uk/ivanc/archimvp/model/Repository.java,uk.ivanc.archimvp.model.Repository,equals/1[java.lang.Object],forks,1
/Users/sirojiddinkomolov/Documents/innopolis/research/arch_design_pattern_detection/exps/3rd_revision/coach_repos_r/archi-mvp/src/main/java/uk/ivanc/archimvp/model/Repository.java,uk.ivanc.archimvp.model.Repository,equals/1[java.lang.Object],owner,2
/Users/sirojiddinkomolov/Documents/innopolis/research/arch_design_pattern_detection/exps/3rd_revision/coach_repos_r/archi-mvp/src/main/java/uk/ivanc/archimvp/model/Repository.java,uk.ivanc.archimvp.model.Repository,equals/1[java.lang.Object],fork,1
/Users/sirojiddinkomolov/Documents/innopolis/research/arch_design_pattern_detection/exps/3rd_revision/coach_repos_r/archi-mvp/src/main/java/uk/ivanc/archimvp/model/Repository.java,uk.ivanc.archimvp.model.Repository,equals/1[java.lang.Object],name,2
/Users/sirojiddinkomolov/Documents/innopolis/research/arch_design_pattern_detection/exps/3rd_revision/coach_repos_r/archi-mvp/src/main/java/uk/ivanc/archimvp/model/Repository.java,uk.ivanc.archimvp.model.Repository,equals/1[java.lang.Object],watchers,1
/Users/sirojiddinkomolov/Documents/innopolis/research/arch_design_pattern_detection/exps/3rd_revision/coach_repos_r/archi-mvp/src/main/java/uk/ivanc/archimvp/model/Repository.java,uk.ivanc.archimvp.model.Repository,equals/1[java.lang.Object],description,2
/Users/sirojiddinkomolov/Documents/innopolis/research/arch_design_pattern_detection/exps/3rd_revision/coach_repos_r/archi-mvp/src/main/java/uk/ivanc/archimvp/model/Repository.java,uk.ivanc.archimvp.model.Repository,equals/1[java.lang.Object],language,2
/Users/sirojiddinkomolov/Documents/innopolis/research/arch_design_pattern_detection/exps/3rd_revision/coach_repos_r/archi-mvp/src/main/java/uk/ivanc/archimvp/model/Repository.java,uk.ivanc.archimvp.model.Repository,equals/1[java.lang.Object],id,1
/Users/sirojiddinkomolov/Documents/innopolis/research/arch_design_pattern_detection/exps/3rd_revision/coach_repos_r/archi-mvp/src/main/java/uk/ivanc/archimvp/model/Repository.java,uk.ivanc.archimvp.model.Repository,equals/1[java.lang.Object],stars,1
/Users/sirojiddinkomolov/Documents/innopolis/research/arch_design_pattern_detection/exps/3rd_revision/coach_repos_r/archi-mvp/src/main/java/uk/ivanc/archimvp/model/Repository.java,uk.ivanc.archimvp.model.Repository,equals/1[java.lang.Object],homepage,2
/Users/sirojiddinkomolov/Documents/innopolis/research/arch_design_pattern_detection/exps/3rd_revision/coach_repos_r/archi-mvp/src/main/java/uk/ivanc/archimvp/model/Repository.java,uk.ivanc.archimvp.model.Repository,hashCode/0,forks,1
/Users/sirojiddinkomolov/Documents/innopolis/research/arch_design_pattern_detection/exps/3rd_revision/coach_repos_r/archi-mvp/src/main/java/uk/ivanc/archimvp/model/Repository.java,uk.ivanc.archimvp.model.Repository,hashCode/0,owner,2
/Users/sirojiddinkomolov/Documents/innopolis/research/arch_design_pattern_detection/exps/3rd_revision/coach_repos_r/archi-mvp/src/main/java/uk/ivanc/archimvp/model/Repository.java,uk.ivanc.archimvp.model.Repository,hashCode/0,fork,1
/Users/sirojiddinkomolov/Documents/innopolis/research/arch_design_pattern_detection/exps/3rd_revision/coach_repos_r/archi-mvp/src/main/java/uk/ivanc/archimvp/model/Repository.java,uk.ivanc.archimvp.model.Repository,hashCode/0,name,2
/Users/sirojiddinkomolov/Documents/innopolis/research/arch_design_pattern_detection/exps/3rd_revision/coach_repos_r/archi-mvp/src/main/java/uk/ivanc/archimvp/model/Repository.java,uk.ivanc.archimvp.model.Repository,hashCode/0,description,2
/Users/sirojiddinkomolov/Documents/innopolis/research/arch_design_pattern_detection/exps/3rd_revision/coach_repos_r/archi-mvp/src/main/java/uk/ivanc/archimvp/model/Repository.java,uk.ivanc.archimvp.model.Repository,hashCode/0,watchers,1
/Users/sirojiddinkomolov/Documents/innopolis/research/arch_design_pattern_detection/exps/3rd_revision/coach_repos_r/archi-mvp/src/main/java/uk/ivanc/archimvp/model/Repository.java,uk.ivanc.archimvp.model.Repository,hashCode/0,language,2
/Users/sirojiddinkomolov/Documents/innopolis/research/arch_design_pattern_detection/exps/3rd_revision/coach_repos_r/archi-mvp/src/main/java/uk/ivanc/archimvp/model/Repository.java,uk.ivanc.archimvp.model.Repository,hashCode/0,id,2
/Users/sirojiddinkomolov/Documents/innopolis/research/arch_design_pattern_detection/exps/3rd_revision/coach_repos_r/archi-mvp/src/main/java/uk/ivanc/archimvp/model/Repository.java,uk.ivanc.archimvp.model.Repository,hashCode/0,stars,1
/Users/sirojiddinkomolov/Documents/innopolis/research/arch_design_pattern_detection/exps/3rd_revision/coach_repos_r/archi-mvp/src/main/java/uk/ivanc/archimvp/model/Repository.java,uk.ivanc.archimvp.model.Repository,hashCode/0,homepage,2
/Users/sirojiddinkomolov/Documents/innopolis/research/arch_design_pattern_detection/exps/3rd_revision/coach_repos_r/archi-mvp/src/main/java/uk/ivanc/archimvp/model/Repository.java,uk.ivanc.archimvp.model.Repository,hasLanguage/0,language,2
/Users/sirojiddinkomolov/Documents/innopolis/research/arch_design_pattern_detection/exps/3rd_revision/coach_repos_r/archi-mvp/src/main/java/uk/ivanc/archimvp/model/Repository.java,uk.ivanc.archimvp.model.Repository,Repository/1[uk.ivanc.archimvp.model.Parcel],forks,1
/Users/sirojiddinkomolov/Documents/innopolis/research/arch_design_pattern_detection/exps/3rd_revision/coach_repos_r/archi-mvp/src/main/java/uk/ivanc/archimvp/model/Repository.java,uk.ivanc.archimvp.model.Repository,Repository/1[uk.ivanc.archimvp.model.Parcel],owner,1
/Users/sirojiddinkomolov/Documents/innopolis/research/arch_design_pattern_detection/exps/3rd_revision/coach_repos_r/archi-mvp/src/main/java/uk/ivanc/archimvp/model/Repository.java,uk.ivanc.archimvp.model.Repository,Repository/1[uk.ivanc.archimvp.model.Parcel],fork,1
/Users/sirojiddinkomolov/Documents/innopolis/research/arch_design_pattern_detection/exps/3rd_revision/coach_repos_r/archi-mvp/src/main/java/uk/ivanc/archimvp/model/Repository.java,uk.ivanc.archimvp.model.Repository,Repository/1[uk.ivanc.archimvp.model.Parcel],name,1
/Users/sirojiddinkomolov/Documents/innopolis/research/arch_design_pattern_detection/exps/3rd_revision/coach_repos_r/archi-mvp/src/main/java/uk/ivanc/archimvp/model/Repository.java,uk.ivanc.archimvp.model.Repository,Repository/1[uk.ivanc.archimvp.model.Parcel],description,1
/Users/sirojiddinkomolov/Documents/innopolis/research/arch_design_pattern_detection/exps/3rd_revision/coach_repos_r/archi-mvp/src/main/java/uk/ivanc/archimvp/model/Repository.java,uk.ivanc.archimvp.model.Repository,Repository/1[uk.ivanc.archimvp.model.Parcel],watchers,1
/Users/sirojiddinkomolov/Documents/innopolis/research/arch_design_pattern_detection/exps/3rd_revision/coach_repos_r/archi-mvp/src/main/java/uk/ivanc/archimvp/model/Repository.java,uk.ivanc.archimvp.model.Repository,Repository/1[uk.ivanc.archimvp.model.Parcel],language,1
/Users/sirojiddinkomolov/Documents/innopolis/research/arch_design_pattern_detection/exps/3rd_revision/coach_repos_r/archi-mvp/src/main/java/uk/ivanc/archimvp/model/Repository.java,uk.ivanc.archimvp.model.Repository,Repository/1[uk.ivanc.archimvp.model.Parcel],id,1
/Users/sirojiddinkomolov/Documents/innopolis/research/arch_design_pattern_detection/exps/3rd_revision/coach_repos_r/archi-mvp/src/main/java/uk/ivanc/archimvp/model/Repository.java,uk.ivanc.archimvp.model.Repository,Repository/1[uk.ivanc.archimvp.model.Parcel],stars,1
/Users/sirojiddinkomolov/Documents/innopolis/research/arch_design_pattern_detection/exps/3rd_revision/coach_repos_r/archi-mvp/src/main/java/uk/ivanc/archimvp/model/Repository.java,uk.ivanc.archimvp.model.Repository,Repository/1[uk.ivanc.archimvp.model.Parcel],homepage,1
/Users/sirojiddinkomolov/Documents/innopolis/research/arch_design_pattern_detection/exps/3rd_revision/coach_repos_r/archi-mvp/src/main/java/uk/ivanc/archimvp/model/Repository.java,uk.ivanc.archimvp.model.Repository,isFork/0,fork,1
/Users/sirojiddinkomolov/Documents/innopolis/research/arch_design_pattern_detection/exps/3rd_revision/coach_repos_r/archi-mvp/src/main/java/uk/ivanc/archimvp/model/Repository.java,uk.ivanc.archimvp.model.Repository,hasHomepage/0,homepage,2
/Users/sirojiddinkomolov/Documents/innopolis/research/arch_design_pattern_detection/exps/3rd_revision/coach_repos_r/archi-mvp/src/test/java/uk/ivanc/archimvp/RepositoryPresenterTest.java,uk.ivanc.archimvp.RepositoryPresenterTest,setUp/0,repositoryMvpView,3
/Users/sirojiddinkomolov/Documents/innopolis/research/arch_design_pattern_detection/exps/3rd_revision/coach_repos_r/archi-mvp/src/test/java/uk/ivanc/archimvp/RepositoryPresenterTest.java,uk.ivanc.archimvp.RepositoryPresenterTest,setUp/0,githubService,2
/Users/sirojiddinkomolov/Documents/innopolis/research/arch_design_pattern_detection/exps/3rd_revision/coach_repos_r/archi-mvp/src/test/java/uk/ivanc/archimvp/RepositoryPresenterTest.java,uk.ivanc.archimvp.RepositoryPresenterTest,setUp/0,repositoryPresenter,2
/Users/sirojiddinkomolov/Documents/innopolis/research/arch_design_pattern_detection/exps/3rd_revision/coach_repos_r/archi-mvp/src/test/java/uk/ivanc/archimvp/RepositoryPresenterTest.java,uk.ivanc.archimvp.RepositoryPresenterTest,tearDown/0,repositoryPresenter,1
/Users/sirojiddinkomolov/Documents/innopolis/research/arch_design_pattern_detection/exps/3rd_revision/coach_repos_r/archi-mvp/src/test/java/uk/ivanc/archimvp/RepositoryPresenterTest.java,uk.ivanc.archimvp.RepositoryPresenterTest,loadOwnerCallsShowOwner/0,repositoryMvpView,1
/Users/sirojiddinkomolov/Documents/innopolis/research/arch_design_pattern_detection/exps/3rd_revision/coach_repos_r/archi-mvp/src/test/java/uk/ivanc/archimvp/RepositoryPresenterTest.java,uk.ivanc.archimvp.RepositoryPresenterTest,loadOwnerCallsShowOwner/0,githubService,1
/Users/sirojiddinkomolov/Documents/innopolis/research/arch_design_pattern_detection/exps/3rd_revision/coach_repos_r/archi-mvp/src/test/java/uk/ivanc/archimvp/RepositoryPresenterTest.java,uk.ivanc.archimvp.RepositoryPresenterTest,loadOwnerCallsShowOwner/0,repositoryPresenter,1
/Users/sirojiddinkomolov/Documents/innopolis/research/arch_design_pattern_detection/exps/3rd_revision/coach_repos_r/archi-mvp/src/main/java/uk/ivanc/archimvp/view/MainActivity.java,uk.ivanc.archimvp.view.MainActivity,onCreate/1[uk.ivanc.archimvp.view.Bundle],toolbar,3
/Users/sirojiddinkomolov/Documents/innopolis/research/arch_design_pattern_detection/exps/3rd_revision/coach_repos_r/archi-mvp/src/main/java/uk/ivanc/archimvp/view/MainActivity.java,uk.ivanc.archimvp.view.MainActivity,onCreate/1[uk.ivanc.archimvp.view.Bundle],reposRecycleView,2
/Users/sirojiddinkomolov/Documents/innopolis/research/arch_design_pattern_detection/exps/3rd_revision/coach_repos_r/archi-mvp/src/main/java/uk/ivanc/archimvp/view/MainActivity.java,uk.ivanc.archimvp.view.MainActivity,onCreate/1[uk.ivanc.archimvp.view.Bundle],searchButton,2
/Users/sirojiddinkomolov/Documents/innopolis/research/arch_design_pattern_detection/exps/3rd_revision/coach_repos_r/archi-mvp/src/main/java/uk/ivanc/archimvp/view/MainActivity.java,uk.ivanc.archimvp.view.MainActivity,onCreate/1[uk.ivanc.archimvp.view.Bundle],presenter,2
/Users/sirojiddinkomolov/Documents/innopolis/research/arch_design_pattern_detection/exps/3rd_revision/coach_repos_r/archi-mvp/src/main/java/uk/ivanc/archimvp/view/MainActivity.java,uk.ivanc.archimvp.view.MainActivity,onCreate/1[uk.ivanc.archimvp.view.Bundle],mHideShowButtonTextWatcher,1
/Users/sirojiddinkomolov/Documents/innopolis/research/arch_design_pattern_detection/exps/3rd_revision/coach_repos_r/archi-mvp/src/main/java/uk/ivanc/archimvp/view/MainActivity.java,uk.ivanc.archimvp.view.MainActivity,onCreate/1[uk.ivanc.archimvp.view.Bundle],progressBar,1
/Users/sirojiddinkomolov/Documents/innopolis/research/arch_design_pattern_detection/exps/3rd_revision/coach_repos_r/archi-mvp/src/main/java/uk/ivanc/archimvp/view/MainActivity.java,uk.ivanc.archimvp.view.MainActivity,onCreate/1[uk.ivanc.archimvp.view.Bundle],infoTextView,1
/Users/sirojiddinkomolov/Documents/innopolis/research/arch_design_pattern_detection/exps/3rd_revision/coach_repos_r/archi-mvp/src/main/java/uk/ivanc/archimvp/view/MainActivity.java,uk.ivanc.archimvp.view.MainActivity,onCreate/1[uk.ivanc.archimvp.view.Bundle],editTextUsername,3
/Users/sirojiddinkomolov/Documents/innopolis/research/arch_design_pattern_detection/exps/3rd_revision/coach_repos_r/archi-mvp/src/main/java/uk/ivanc/archimvp/view/MainActivity.java,uk.ivanc.archimvp.view.MainActivity,hideSoftKeyboard/0,editTextUsername,1
/Users/sirojiddinkomolov/Documents/innopolis/research/arch_design_pattern_detection/exps/3rd_revision/coach_repos_r/archi-mvp/src/main/java/uk/ivanc/archimvp/view/MainActivity.java,uk.ivanc.archimvp.view.MainActivity,onDestroy/0,presenter,1
/Users/sirojiddinkomolov/Documents/innopolis/research/arch_design_pattern_detection/exps/3rd_revision/coach_repos_r/archi-mvp/src/main/java/uk/ivanc/archimvp/view/MainActivity.java,uk.ivanc.archimvp.view.MainActivity,showMessage/1[int],reposRecycleView,1
/Users/sirojiddinkomolov/Documents/innopolis/research/arch_design_pattern_detection/exps/3rd_revision/coach_repos_r/archi-mvp/src/main/java/uk/ivanc/archimvp/view/MainActivity.java,uk.ivanc.archimvp.view.MainActivity,showMessage/1[int],progressBar,1
/Users/sirojiddinkomolov/Documents/innopolis/research/arch_design_pattern_detection/exps/3rd_revision/coach_repos_r/archi-mvp/src/main/java/uk/ivanc/archimvp/view/MainActivity.java,uk.ivanc.archimvp.view.MainActivity,showMessage/1[int],infoTextView,2
/Users/sirojiddinkomolov/Documents/innopolis/research/arch_design_pattern_detection/exps/3rd_revision/coach_repos_r/archi-mvp/src/main/java/uk/ivanc/archimvp/view/MainActivity.java,uk.ivanc.archimvp.view.MainActivity,showProgressIndicator/0,reposRecycleView,1
/Users/sirojiddinkomolov/Documents/innopolis/research/arch_design_pattern_detection/exps/3rd_revision/coach_repos_r/archi-mvp/src/main/java/uk/ivanc/archimvp/view/MainActivity.java,uk.ivanc.archimvp.view.MainActivity,showProgressIndicator/0,progressBar,1
/Users/sirojiddinkomolov/Documents/innopolis/research/arch_design_pattern_detection/exps/3rd_revision/coach_repos_r/archi-mvp/src/main/java/uk/ivanc/archimvp/view/MainActivity.java,uk.ivanc.archimvp.view.MainActivity,showProgressIndicator/0,infoTextView,1
/Users/sirojiddinkomolov/Documents/innopolis/research/arch_design_pattern_detection/exps/3rd_revision/coach_repos_r/archi-mvp/src/main/java/uk/ivanc/archimvp/view/MainActivity.java,uk.ivanc.archimvp.view.MainActivity,showRepositories/1[java.util.List<uk.ivanc.archimvp.model.Repository>],reposRecycleView,3
/Users/sirojiddinkomolov/Documents/innopolis/research/arch_design_pattern_detection/exps/3rd_revision/coach_repos_r/archi-mvp/src/main/java/uk/ivanc/archimvp/view/MainActivity.java,uk.ivanc.archimvp.view.MainActivity,showRepositories/1[java.util.List<uk.ivanc.archimvp.model.Repository>],progressBar,1
/Users/sirojiddinkomolov/Documents/innopolis/research/arch_design_pattern_detection/exps/3rd_revision/coach_repos_r/archi-mvp/src/main/java/uk/ivanc/archimvp/view/MainActivity.java,uk.ivanc.archimvp.view.MainActivity,showRepositories/1[java.util.List<uk.ivanc.archimvp.model.Repository>],infoTextView,1
/Users/sirojiddinkomolov/Documents/innopolis/research/arch_design_pattern_detection/exps/3rd_revision/coach_repos_r/archi-mvp/src/test/java/uk/ivanc/archimvp/MainPresenterTest.java,uk.ivanc.archimvp.MainPresenterTest,loadRepositoriesCallsShowMessage_withEmptyReposString/0,githubService,1
/Users/sirojiddinkomolov/Documents/innopolis/research/arch_design_pattern_detection/exps/3rd_revision/coach_repos_r/archi-mvp/src/test/java/uk/ivanc/archimvp/MainPresenterTest.java,uk.ivanc.archimvp.MainPresenterTest,loadRepositoriesCallsShowMessage_withEmptyReposString/0,mainMvpView,2
/Users/sirojiddinkomolov/Documents/innopolis/research/arch_design_pattern_detection/exps/3rd_revision/coach_repos_r/archi-mvp/src/test/java/uk/ivanc/archimvp/MainPresenterTest.java,uk.ivanc.archimvp.MainPresenterTest,loadRepositoriesCallsShowMessage_withEmptyReposString/0,mainPresenter,1
/Users/sirojiddinkomolov/Documents/innopolis/research/arch_design_pattern_detection/exps/3rd_revision/coach_repos_r/archi-mvp/src/test/java/uk/ivanc/archimvp/MainPresenterTest.java,uk.ivanc.archimvp.MainPresenterTest,setUp/0,githubService,2
/Users/sirojiddinkomolov/Documents/innopolis/research/arch_design_pattern_detection/exps/3rd_revision/coach_repos_r/archi-mvp/src/test/java/uk/ivanc/archimvp/MainPresenterTest.java,uk.ivanc.archimvp.MainPresenterTest,setUp/0,mainMvpView,3
/Users/sirojiddinkomolov/Documents/innopolis/research/arch_design_pattern_detection/exps/3rd_revision/coach_repos_r/archi-mvp/src/test/java/uk/ivanc/archimvp/MainPresenterTest.java,uk.ivanc.archimvp.MainPresenterTest,setUp/0,mainPresenter,2
/Users/sirojiddinkomolov/Documents/innopolis/research/arch_design_pattern_detection/exps/3rd_revision/coach_repos_r/archi-mvp/src/test/java/uk/ivanc/archimvp/MainPresenterTest.java,uk.ivanc.archimvp.MainPresenterTest,loadRepositoriesCallsShowMessage_withDefaultErrorString/0,githubService,1
/Users/sirojiddinkomolov/Documents/innopolis/research/arch_design_pattern_detection/exps/3rd_revision/coach_repos_r/archi-mvp/src/test/java/uk/ivanc/archimvp/MainPresenterTest.java,uk.ivanc.archimvp.MainPresenterTest,loadRepositoriesCallsShowMessage_withDefaultErrorString/0,mainMvpView,2
/Users/sirojiddinkomolov/Documents/innopolis/research/arch_design_pattern_detection/exps/3rd_revision/coach_repos_r/archi-mvp/src/test/java/uk/ivanc/archimvp/MainPresenterTest.java,uk.ivanc.archimvp.MainPresenterTest,loadRepositoriesCallsShowMessage_withDefaultErrorString/0,mainPresenter,1
/Users/sirojiddinkomolov/Documents/innopolis/research/arch_design_pattern_detection/exps/3rd_revision/coach_repos_r/archi-mvp/src/test/java/uk/ivanc/archimvp/MainPresenterTest.java,uk.ivanc.archimvp.MainPresenterTest,loadRepositoriesCallsShowRepositories/0,githubService,1
/Users/sirojiddinkomolov/Documents/innopolis/research/arch_design_pattern_detection/exps/3rd_revision/coach_repos_r/archi-mvp/src/test/java/uk/ivanc/archimvp/MainPresenterTest.java,uk.ivanc.archimvp.MainPresenterTest,loadRepositoriesCallsShowRepositories/0,mainMvpView,2
/Users/sirojiddinkomolov/Documents/innopolis/research/arch_design_pattern_detection/exps/3rd_revision/coach_repos_r/archi-mvp/src/test/java/uk/ivanc/archimvp/MainPresenterTest.java,uk.ivanc.archimvp.MainPresenterTest,loadRepositoriesCallsShowRepositories/0,mainPresenter,1
/Users/sirojiddinkomolov/Documents/innopolis/research/arch_design_pattern_detection/exps/3rd_revision/coach_repos_r/archi-mvp/src/test/java/uk/ivanc/archimvp/MainPresenterTest.java,uk.ivanc.archimvp.MainPresenterTest,loadRepositoriesCallsShowMessage_withUsernameNotFoundString/0,githubService,1
/Users/sirojiddinkomolov/Documents/innopolis/research/arch_design_pattern_detection/exps/3rd_revision/coach_repos_r/archi-mvp/src/test/java/uk/ivanc/archimvp/MainPresenterTest.java,uk.ivanc.archimvp.MainPresenterTest,loadRepositoriesCallsShowMessage_withUsernameNotFoundString/0,mainMvpView,2
/Users/sirojiddinkomolov/Documents/innopolis/research/arch_design_pattern_detection/exps/3rd_revision/coach_repos_r/archi-mvp/src/test/java/uk/ivanc/archimvp/MainPresenterTest.java,uk.ivanc.archimvp.MainPresenterTest,loadRepositoriesCallsShowMessage_withUsernameNotFoundString/0,mainPresenter,1
/Users/sirojiddinkomolov/Documents/innopolis/research/arch_design_pattern_detection/exps/3rd_revision/coach_repos_r/archi-mvp/src/test/java/uk/ivanc/archimvp/MainPresenterTest.java,uk.ivanc.archimvp.MainPresenterTest,tearDown/0,mainPresenter,1
/Users/sirojiddinkomolov/Documents/innopolis/research/arch_design_pattern_detection/exps/3rd_revision/coach_repos_r/archi-mvp/src/main/java/uk/ivanc/archimvp/view/RepositoryActivity.java,uk.ivanc.archimvp.view.RepositoryActivity,bindRepositoryData/1[uk.ivanc.archimvp.model.Repository],forkText,1
/Users/sirojiddinkomolov/Documents/innopolis/research/arch_design_pattern_detection/exps/3rd_revision/coach_repos_r/archi-mvp/src/main/java/uk/ivanc/archimvp/view/RepositoryActivity.java,uk.ivanc.archimvp.view.RepositoryActivity,bindRepositoryData/1[uk.ivanc.archimvp.model.Repository],languageText,2
/Users/sirojiddinkomolov/Documents/innopolis/research/arch_design_pattern_detection/exps/3rd_revision/coach_repos_r/archi-mvp/src/main/java/uk/ivanc/archimvp/view/RepositoryActivity.java,uk.ivanc.archimvp.view.RepositoryActivity,bindRepositoryData/1[uk.ivanc.archimvp.model.Repository],ownerImage,1
/Users/sirojiddinkomolov/Documents/innopolis/research/arch_design_pattern_detection/exps/3rd_revision/coach_repos_r/archi-mvp/src/main/java/uk/ivanc/archimvp/view/RepositoryActivity.java,uk.ivanc.archimvp.view.RepositoryActivity,bindRepositoryData/1[uk.ivanc.archimvp.model.Repository],homepageText,2
/Users/sirojiddinkomolov/Documents/innopolis/research/arch_design_pattern_detection/exps/3rd_revision/coach_repos_r/archi-mvp/src/main/java/uk/ivanc/archimvp/view/RepositoryActivity.java,uk.ivanc.archimvp.view.RepositoryActivity,bindRepositoryData/1[uk.ivanc.archimvp.model.Repository],descriptionText,1
/Users/sirojiddinkomolov/Documents/innopolis/research/arch_design_pattern_detection/exps/3rd_revision/coach_repos_r/archi-mvp/src/main/java/uk/ivanc/archimvp/view/RepositoryActivity.java,uk.ivanc.archimvp.view.RepositoryActivity,"newIntent/2[uk.ivanc.archimvp.view.Context,uk.ivanc.archimvp.model.Repository]",EXTRA_REPOSITORY,1
/Users/sirojiddinkomolov/Documents/innopolis/research/arch_design_pattern_detection/exps/3rd_revision/coach_repos_r/archi-mvp/src/main/java/uk/ivanc/archimvp/view/RepositoryActivity.java,uk.ivanc.archimvp.view.RepositoryActivity,onCreate/1[uk.ivanc.archimvp.view.Bundle],toolbar,3
/Users/sirojiddinkomolov/Documents/innopolis/research/arch_design_pattern_detection/exps/3rd_revision/coach_repos_r/archi-mvp/src/main/java/uk/ivanc/archimvp/view/RepositoryActivity.java,uk.ivanc.archimvp.view.RepositoryActivity,onCreate/1[uk.ivanc.archimvp.view.Bundle],forkText,1
/Users/sirojiddinkomolov/Documents/innopolis/research/arch_design_pattern_detection/exps/3rd_revision/coach_repos_r/archi-mvp/src/main/java/uk/ivanc/archimvp/view/RepositoryActivity.java,uk.ivanc.archimvp.view.RepositoryActivity,onCreate/1[uk.ivanc.archimvp.view.Bundle],ownerNameText,1
/Users/sirojiddinkomolov/Documents/innopolis/research/arch_design_pattern_detection/exps/3rd_revision/coach_repos_r/archi-mvp/src/main/java/uk/ivanc/archimvp/view/RepositoryActivity.java,uk.ivanc.archimvp.view.RepositoryActivity,onCreate/1[uk.ivanc.archimvp.view.Bundle],presenter,3
/Users/sirojiddinkomolov/Documents/innopolis/research/arch_design_pattern_detection/exps/3rd_revision/coach_repos_r/archi-mvp/src/main/java/uk/ivanc/archimvp/view/RepositoryActivity.java,uk.ivanc.archimvp.view.RepositoryActivity,onCreate/1[uk.ivanc.archimvp.view.Bundle],languageText,1
/Users/sirojiddinkomolov/Documents/innopolis/research/arch_design_pattern_detection/exps/3rd_revision/coach_repos_r/archi-mvp/src/main/java/uk/ivanc/archimvp/view/RepositoryActivity.java,uk.ivanc.archimvp.view.RepositoryActivity,onCreate/1[uk.ivanc.archimvp.view.Bundle],ownerImage,1
/Users/sirojiddinkomolov/Documents/innopolis/research/arch_design_pattern_detection/exps/3rd_revision/coach_repos_r/archi-mvp/src/main/java/uk/ivanc/archimvp/view/RepositoryActivity.java,uk.ivanc.archimvp.view.RepositoryActivity,onCreate/1[uk.ivanc.archimvp.view.Bundle],homepageText,1
/Users/sirojiddinkomolov/Documents/innopolis/research/arch_design_pattern_detection/exps/3rd_revision/coach_repos_r/archi-mvp/src/main/java/uk/ivanc/archimvp/view/RepositoryActivity.java,uk.ivanc.archimvp.view.RepositoryActivity,onCreate/1[uk.ivanc.archimvp.view.Bundle],descriptionText,1
/Users/sirojiddinkomolov/Documents/innopolis/research/arch_design_pattern_detection/exps/3rd_revision/coach_repos_r/archi-mvp/src/main/java/uk/ivanc/archimvp/view/RepositoryActivity.java,uk.ivanc.archimvp.view.RepositoryActivity,onCreate/1[uk.ivanc.archimvp.view.Bundle],ownerLayout,1
/Users/sirojiddinkomolov/Documents/innopolis/research/arch_design_pattern_detection/exps/3rd_revision/coach_repos_r/archi-mvp/src/main/java/uk/ivanc/archimvp/view/RepositoryActivity.java,uk.ivanc.archimvp.view.RepositoryActivity,onCreate/1[uk.ivanc.archimvp.view.Bundle],EXTRA_REPOSITORY,1
/Users/sirojiddinkomolov/Documents/innopolis/research/arch_design_pattern_detection/exps/3rd_revision/coach_repos_r/archi-mvp/src/main/java/uk/ivanc/archimvp/view/RepositoryActivity.java,uk.ivanc.archimvp.view.RepositoryActivity,onCreate/1[uk.ivanc.archimvp.view.Bundle],ownerEmailText,1
/Users/sirojiddinkomolov/Documents/innopolis/research/arch_design_pattern_detection/exps/3rd_revision/coach_repos_r/archi-mvp/src/main/java/uk/ivanc/archimvp/view/RepositoryActivity.java,uk.ivanc.archimvp.view.RepositoryActivity,onCreate/1[uk.ivanc.archimvp.view.Bundle],ownerLocationText,1
/Users/sirojiddinkomolov/Documents/innopolis/research/arch_design_pattern_detection/exps/3rd_revision/coach_repos_r/archi-mvp/src/main/java/uk/ivanc/archimvp/view/RepositoryActivity.java,uk.ivanc.archimvp.view.RepositoryActivity,showOwner/1[uk.ivanc.archimvp.model.User],ownerNameText,1
/Users/sirojiddinkomolov/Documents/innopolis/research/arch_design_pattern_detection/exps/3rd_revision/coach_repos_r/archi-mvp/src/main/java/uk/ivanc/archimvp/view/RepositoryActivity.java,uk.ivanc.archimvp.view.RepositoryActivity,showOwner/1[uk.ivanc.archimvp.model.User],ownerLayout,1
/Users/sirojiddinkomolov/Documents/innopolis/research/arch_design_pattern_detection/exps/3rd_revision/coach_repos_r/archi-mvp/src/main/java/uk/ivanc/archimvp/view/RepositoryActivity.java,uk.ivanc.archimvp.view.RepositoryActivity,showOwner/1[uk.ivanc.archimvp.model.User],ownerEmailText,2
/Users/sirojiddinkomolov/Documents/innopolis/research/arch_design_pattern_detection/exps/3rd_revision/coach_repos_r/archi-mvp/src/main/java/uk/ivanc/archimvp/view/RepositoryActivity.java,uk.ivanc.archimvp.view.RepositoryActivity,showOwner/1[uk.ivanc.archimvp.model.User],ownerLocationText,2
/Users/sirojiddinkomolov/Documents/innopolis/research/arch_design_pattern_detection/exps/3rd_revision/coach_repos_r/archi-mvp/src/main/java/uk/ivanc/archimvp/view/RepositoryActivity.java,uk.ivanc.archimvp.view.RepositoryActivity,onDestroy/0,presenter,1
