file,class,method,constructor,line,cbo,cboModified,fanin,fanout,wmc,rfc,loc,returnsQty,variablesQty,parametersQty,methodsInvokedQty,methodsInvokedLocalQty,methodsInvokedIndirectLocalQty,loopQty,comparisonsQty,tryCatchQty,parenthesizedExpsQty,stringLiteralsQty,numbersQty,assignmentsQty,mathOperationsQty,maxNestedBlocksQty,anonymousClassesQty,innerClassesQty,lambdasQty,uniqueWordsQty,modifiers,logStatementsQty,hasJavaDoc
/Users/sirojiddinkomolov/Documents/innopolis/research/arch_design_pattern_detection/exps/3rd_revision/coach_repos_r/archi-mvp/src/main/java/uk/ivanc/archimvp/view/MainActivity.java,uk.ivanc.archimvp.view.MainActivity$Anonymous1,onClick/1[uk.ivanc.archimvp.view.View],false,58,2,1,0,1,1,3,3,0,0,1,3,0,0,0,0,0,0,0,0,0,0,0,0,0,0,4,1,0,false
/Users/sirojiddinkomolov/Documents/innopolis/research/arch_design_pattern_detection/exps/3rd_revision/coach_repos_r/archi-mvp/src/main/java/uk/ivanc/archimvp/ArchiApplication.java,uk.ivanc.archimvp.ArchiApplication,defaultSubscribeScheduler/0,false,31,1,2,2,0,2,1,6,1,0,0,1,0,0,0,1,0,0,0,0,1,0,1,0,0,0,4,1,0,false
/Users/sirojiddinkomolov/Documents/innopolis/research/arch_design_pattern_detection/exps/3rd_revision/coach_repos_r/archi-mvp/src/main/java/uk/ivanc/archimvp/ArchiApplication.java,uk.ivanc.archimvp.ArchiApplication,setDefaultSubscribeScheduler/1[uk.ivanc.archimvp.Scheduler],false,39,1,2,2,0,1,0,3,0,0,1,0,0,0,0,0,0,0,0,0,1,0,0,0,0,0,5,1,0,false
/Users/sirojiddinkomolov/Documents/innopolis/research/arch_design_pattern_detection/exps/3rd_revision/coach_repos_r/archi-mvp/src/main/java/uk/ivanc/archimvp/ArchiApplication.java,uk.ivanc.archimvp.ArchiApplication,get/1[uk.ivanc.archimvp.Context],false,15,2,2,2,0,1,1,3,1,0,1,1,0,0,0,0,0,0,0,0,0,0,0,0,0,0,5,9,0,false
/Users/sirojiddinkomolov/Documents/innopolis/research/arch_design_pattern_detection/exps/3rd_revision/coach_repos_r/archi-mvp/src/main/java/uk/ivanc/archimvp/ArchiApplication.java,uk.ivanc.archimvp.ArchiApplication,getGithubService/0,false,19,2,3,2,1,2,1,6,1,0,0,1,0,0,0,1,0,0,0,0,1,0,1,0,0,0,5,1,0,false
/Users/sirojiddinkomolov/Documents/innopolis/research/arch_design_pattern_detection/exps/3rd_revision/coach_repos_r/archi-mvp/src/main/java/uk/ivanc/archimvp/ArchiApplication.java,uk.ivanc.archimvp.ArchiApplication,setGithubService/1[uk.ivanc.archimvp.model.GithubService],false,27,1,2,2,0,1,0,3,0,0,1,0,0,0,0,0,0,0,0,0,1,0,0,0,0,0,4,1,0,false
/Users/sirojiddinkomolov/Documents/innopolis/research/arch_design_pattern_detection/exps/3rd_revision/coach_repos_r/archi-mvp/src/main/java/uk/ivanc/archimvp/view/MainActivity.java,uk.ivanc.archimvp.view.MainActivity$Anonymous2,"onEditorAction/3[uk.ivanc.archimvp.view.TextView,int,uk.ivanc.archimvp.view.KeyEvent]",false,67,3,1,0,1,2,3,7,2,0,3,3,0,0,0,1,0,0,0,0,0,0,1,0,0,0,10,1,0,false
/Users/sirojiddinkomolov/Documents/innopolis/research/arch_design_pattern_detection/exps/3rd_revision/coach_repos_r/archi-mvp/src/main/java/uk/ivanc/archimvp/model/User.java,uk.ivanc.archimvp.model.User,hasEmail/0,false,21,0,1,1,0,2,1,3,1,0,0,1,0,0,0,1,0,0,0,0,0,0,0,0,0,0,4,1,0,false
/Users/sirojiddinkomolov/Documents/innopolis/research/arch_design_pattern_detection/exps/3rd_revision/coach_repos_r/archi-mvp/src/main/java/uk/ivanc/archimvp/model/User.java,uk.ivanc.archimvp.model.User,User/1[uk.ivanc.archimvp.model.Parcel],true,45,1,1,1,0,1,2,9,0,0,1,2,0,0,0,0,0,0,0,0,7,0,0,0,0,0,3,4,0,false
/Users/sirojiddinkomolov/Documents/innopolis/research/arch_design_pattern_detection/exps/3rd_revision/coach_repos_r/archi-mvp/src/main/java/uk/ivanc/archimvp/model/User.java,uk.ivanc.archimvp.model.User,User/0,true,18,0,1,1,0,1,0,2,0,0,0,0,0,0,0,0,0,0,0,0,0,0,0,0,0,0,1,1,0,false
/Users/sirojiddinkomolov/Documents/innopolis/research/arch_design_pattern_detection/exps/3rd_revision/coach_repos_r/archi-mvp/src/main/java/uk/ivanc/archimvp/model/User.java,uk.ivanc.archimvp.model.User,hashCode/0,false,84,0,1,1,0,7,1,10,1,1,0,1,0,0,0,6,0,8,0,13,7,13,0,0,0,0,12,1,0,false
/Users/sirojiddinkomolov/Documents/innopolis/research/arch_design_pattern_detection/exps/3rd_revision/coach_repos_r/archi-mvp/src/main/java/uk/ivanc/archimvp/model/User.java,uk.ivanc.archimvp.model.User,equals/1[java.lang.Object],false,66,1,1,1,0,11,2,12,9,1,1,2,0,0,0,16,0,1,0,0,1,0,1,0,0,0,18,1,0,false
/Users/sirojiddinkomolov/Documents/innopolis/research/arch_design_pattern_detection/exps/3rd_revision/coach_repos_r/archi-mvp/src/main/java/uk/ivanc/archimvp/model/User.java,uk.ivanc.archimvp.model.User,hasLocation/0,false,25,0,1,1,0,2,1,3,1,0,0,1,0,0,0,1,0,0,0,0,0,0,0,0,0,0,4,1,0,false
/Users/sirojiddinkomolov/Documents/innopolis/research/arch_design_pattern_detection/exps/3rd_revision/coach_repos_r/archi-mvp/src/main/java/uk/ivanc/archimvp/model/User.java,uk.ivanc.archimvp.model.User,describeContents/0,false,30,0,0,0,0,1,0,3,1,0,0,0,0,0,0,0,0,0,0,1,0,0,0,0,0,0,2,1,0,false
/Users/sirojiddinkomolov/Documents/innopolis/research/arch_design_pattern_detection/exps/3rd_revision/coach_repos_r/archi-mvp/src/main/java/uk/ivanc/archimvp/model/User.java,uk.ivanc.archimvp.model.User,"writeToParcel/2[uk.ivanc.archimvp.model.Parcel,int]",false,35,1,0,0,0,1,2,9,0,0,2,2,0,0,0,0,0,0,0,0,0,0,0,0,0,0,4,1,0,false
/Users/sirojiddinkomolov/Documents/innopolis/research/arch_design_pattern_detection/exps/3rd_revision/coach_repos_r/archi-mvp/src/main/java/uk/ivanc/archimvp/view/MainActivity.java,uk.ivanc.archimvp.view.MainActivity$Anonymous3,onItemClick/1[uk.ivanc.archimvp.model.Repository],false,121,2,1,0,1,1,2,3,0,0,1,2,0,0,0,0,0,0,0,0,0,0,0,0,0,0,7,1,0,false
/Users/sirojiddinkomolov/Documents/innopolis/research/arch_design_pattern_detection/exps/3rd_revision/coach_repos_r/archi-mvp/src/main/java/uk/ivanc/archimvp/view/MvpView.java,uk.ivanc.archimvp.view.MvpView,getContext/0,false,7,1,4,4,0,1,0,1,0,0,0,0,0,0,0,0,0,0,0,0,0,0,0,0,0,0,2,0,0,false
/Users/sirojiddinkomolov/Documents/innopolis/research/arch_design_pattern_detection/exps/3rd_revision/coach_repos_r/archi-mvp/src/main/java/uk/ivanc/archimvp/view/MainActivity.java,uk.ivanc.archimvp.view.MainActivity$Anonymous4,afterTextChanged/1[uk.ivanc.archimvp.view.Editable],false,146,1,0,0,0,1,0,2,0,0,1,0,0,0,0,0,0,0,0,0,0,0,0,0,0,0,5,1,0,false
/Users/sirojiddinkomolov/Documents/innopolis/research/arch_design_pattern_detection/exps/3rd_revision/coach_repos_r/archi-mvp/src/main/java/uk/ivanc/archimvp/view/MainActivity.java,uk.ivanc.archimvp.view.MainActivity$Anonymous4,"beforeTextChanged/4[java.lang.CharSequence,int,int,int]",false,136,0,0,0,0,1,0,2,0,0,4,0,0,0,0,0,0,0,0,0,0,0,0,0,0,0,6,1,0,false
/Users/sirojiddinkomolov/Documents/innopolis/research/arch_design_pattern_detection/exps/3rd_revision/coach_repos_r/archi-mvp/src/main/java/uk/ivanc/archimvp/view/MainActivity.java,uk.ivanc.archimvp.view.MainActivity$Anonymous4,"onTextChanged/4[java.lang.CharSequence,int,int,int]",false,141,0,0,0,0,2,2,3,0,0,4,2,0,0,0,0,0,0,0,1,0,0,0,0,0,0,6,1,0,false
/Users/sirojiddinkomolov/Documents/innopolis/research/arch_design_pattern_detection/exps/3rd_revision/coach_repos_r/archi-mvp/src/main/java/uk/ivanc/archimvp/presenter/RepositoryPresenter.java,uk.ivanc.archimvp.presenter.RepositoryPresenter,attachView/1[uk.ivanc.archimvp.view.RepositoryMvpView],false,21,1,2,2,0,1,0,3,0,0,1,0,0,0,0,0,0,0,0,0,1,0,0,0,0,0,5,1,0,false
/Users/sirojiddinkomolov/Documents/innopolis/research/arch_design_pattern_detection/exps/3rd_revision/coach_repos_r/archi-mvp/src/main/java/uk/ivanc/archimvp/presenter/RepositoryPresenter.java,uk.ivanc.archimvp.presenter.RepositoryPresenter,detachView/0,false,26,0,2,2,0,2,1,4,0,0,0,1,0,0,0,1,0,0,0,0,1,0,1,0,0,0,4,1,0,false
/Users/sirojiddinkomolov/Documents/innopolis/research/arch_design_pattern_detection/exps/3rd_revision/coach_repos_r/archi-mvp/src/main/java/uk/ivanc/archimvp/presenter/RepositoryPresenter.java,uk.ivanc.archimvp.presenter.RepositoryPresenter,loadOwner/1[java.lang.String],false,31,4,7,2,5,1,9,11,0,2,1,9,0,0,0,0,0,0,0,0,3,0,0,1,0,0,15,1,0,false
/Users/sirojiddinkomolov/Documents/innopolis/research/arch_design_pattern_detection/exps/3rd_revision/coach_repos_r/archi-mvp/src/main/java/uk/ivanc/archimvp/model/GithubService.java,uk.ivanc.archimvp.model.GithubService,userFromUrl/1[java.lang.String],false,18,4,2,2,0,1,0,1,0,0,1,0,0,0,0,0,0,0,0,0,0,0,0,0,0,0,3,0,0,false
/Users/sirojiddinkomolov/Documents/innopolis/research/arch_design_pattern_detection/exps/3rd_revision/coach_repos_r/archi-mvp/src/main/java/uk/ivanc/archimvp/model/GithubService.java,uk.ivanc.archimvp.model.GithubService,publicRepositories/1[java.lang.String],false,15,4,5,5,0,1,0,1,0,0,1,0,0,0,0,0,0,0,2,0,0,0,0,0,0,0,3,0,0,false
/Users/sirojiddinkomolov/Documents/innopolis/research/arch_design_pattern_detection/exps/3rd_revision/coach_repos_r/archi-mvp/src/main/java/uk/ivanc/archimvp/view/RepositoryMvpView.java,uk.ivanc.archimvp.view.RepositoryMvpView,showOwner/1[uk.ivanc.archimvp.model.User],false,7,1,1,1,0,1,0,1,0,0,1,0,0,0,0,0,0,0,0,0,0,0,0,0,0,0,4,0,0,false
/Users/sirojiddinkomolov/Documents/innopolis/research/arch_design_pattern_detection/exps/3rd_revision/coach_repos_r/archi-mvp/src/main/java/uk/ivanc/archimvp/RepositoryAdapter.java,uk.ivanc.archimvp.RepositoryAdapter,setRepositories/1[java.util.List<uk.ivanc.archimvp.model.Repository>],false,28,1,1,1,0,1,0,3,0,0,1,0,0,0,0,0,0,0,0,0,1,0,0,0,0,0,3,1,0,false
/Users/sirojiddinkomolov/Documents/innopolis/research/arch_design_pattern_detection/exps/3rd_revision/coach_repos_r/archi-mvp/src/main/java/uk/ivanc/archimvp/RepositoryAdapter.java,uk.ivanc.archimvp.RepositoryAdapter,setCallback/1[uk.ivanc.archimvp.RepositoryAdapter.Callback],false,32,1,1,1,0,1,0,3,0,0,1,0,0,0,0,0,0,0,0,0,1,0,0,0,0,0,3,1,0,false
/Users/sirojiddinkomolov/Documents/innopolis/research/arch_design_pattern_detection/exps/3rd_revision/coach_repos_r/archi-mvp/src/main/java/uk/ivanc/archimvp/RepositoryAdapter.java,uk.ivanc.archimvp.RepositoryAdapter,"onCreateViewHolder/2[uk.ivanc.archimvp.ViewGroup,int]",false,37,3,1,0,1,1,4,13,1,2,2,4,0,0,0,0,0,0,0,0,2,0,0,1,0,0,13,1,0,false
/Users/sirojiddinkomolov/Documents/innopolis/research/arch_design_pattern_detection/exps/3rd_revision/coach_repos_r/archi-mvp/src/main/java/uk/ivanc/archimvp/RepositoryAdapter.java,uk.ivanc.archimvp.RepositoryAdapter,getItemCount/0,false,68,0,0,0,0,1,1,3,1,0,0,1,0,0,0,0,0,0,0,0,0,0,0,0,0,0,3,1,0,false
/Users/sirojiddinkomolov/Documents/innopolis/research/arch_design_pattern_detection/exps/3rd_revision/coach_repos_r/archi-mvp/src/main/java/uk/ivanc/archimvp/RepositoryAdapter.java,uk.ivanc.archimvp.RepositoryAdapter,RepositoryAdapter/0,true,20,0,1,1,0,1,1,3,0,0,0,1,0,0,0,0,0,0,0,0,1,0,0,0,0,0,2,1,0,false
/Users/sirojiddinkomolov/Documents/innopolis/research/arch_design_pattern_detection/exps/3rd_revision/coach_repos_r/archi-mvp/src/main/java/uk/ivanc/archimvp/RepositoryAdapter.java,uk.ivanc.archimvp.RepositoryAdapter,"onBindViewHolder/2[uk.ivanc.archimvp.RepositoryAdapter.RepositoryViewHolder,int]",false,53,3,0,0,0,1,5,10,0,2,2,5,0,0,0,0,0,0,0,0,3,0,0,0,0,0,9,1,0,false
/Users/sirojiddinkomolov/Documents/innopolis/research/arch_design_pattern_detection/exps/3rd_revision/coach_repos_r/archi-mvp/src/main/java/uk/ivanc/archimvp/RepositoryAdapter.java,uk.ivanc.archimvp.RepositoryAdapter,RepositoryAdapter/1[java.util.List<uk.ivanc.archimvp.model.Repository>],true,24,1,0,0,0,1,0,3,0,0,1,0,0,0,0,0,0,0,0,0,1,0,0,0,0,0,3,1,0,false
/Users/sirojiddinkomolov/Documents/innopolis/research/arch_design_pattern_detection/exps/3rd_revision/coach_repos_r/archi-mvp/src/main/java/uk/ivanc/archimvp/presenter/MainPresenter.java,uk.ivanc.archimvp.presenter.MainPresenter,detachView/0,false,31,0,2,2,0,2,1,4,0,0,0,1,0,0,0,1,0,0,0,0,1,0,1,0,0,0,4,1,0,false
/Users/sirojiddinkomolov/Documents/innopolis/research/arch_design_pattern_detection/exps/3rd_revision/coach_repos_r/archi-mvp/src/main/java/uk/ivanc/archimvp/presenter/MainPresenter.java,uk.ivanc.archimvp.presenter.MainPresenter,attachView/1[uk.ivanc.archimvp.view.MainMvpView],false,26,1,2,2,0,1,0,3,0,0,1,0,0,0,0,0,0,0,0,0,1,0,0,0,0,0,5,1,0,false
/Users/sirojiddinkomolov/Documents/innopolis/research/arch_design_pattern_detection/exps/3rd_revision/coach_repos_r/archi-mvp/src/main/java/uk/ivanc/archimvp/presenter/MainPresenter.java,uk.ivanc.archimvp.presenter.MainPresenter,loadRepositories/1[java.lang.String],false,36,6,12,6,6,3,13,32,1,3,1,13,0,0,0,1,0,0,0,0,4,0,1,1,0,0,26,1,0,false
/Users/sirojiddinkomolov/Documents/innopolis/research/arch_design_pattern_detection/exps/3rd_revision/coach_repos_r/archi-mvp/src/main/java/uk/ivanc/archimvp/presenter/MainPresenter.java,uk.ivanc.archimvp.presenter.MainPresenter,isHttp404/1[java.lang.Throwable],false,75,1,1,1,0,2,1,3,1,0,1,1,0,0,0,1,0,1,0,1,0,0,0,0,0,0,6,10,0,false
/Users/sirojiddinkomolov/Documents/innopolis/research/arch_design_pattern_detection/exps/3rd_revision/coach_repos_r/archi-mvp/src/main/java/uk/ivanc/archimvp/presenter/MainPresenter.java,uk.ivanc.archimvp.presenter.MainPresenter$Anonymous1,onNext/1[java.util.List<uk.ivanc.archimvp.model.Repository>],false,69,1,0,0,0,1,0,3,0,0,1,0,0,0,0,0,0,0,0,0,1,0,0,0,0,0,3,1,0,false
/Users/sirojiddinkomolov/Documents/innopolis/research/arch_design_pattern_detection/exps/3rd_revision/coach_repos_r/archi-mvp/src/main/java/uk/ivanc/archimvp/presenter/MainPresenter.java,uk.ivanc.archimvp.presenter.MainPresenter$Anonymous1,onError/1[java.lang.Throwable],false,59,2,2,0,2,2,3,9,0,0,1,3,0,0,0,0,0,0,1,0,0,0,1,0,0,0,10,1,0,false
/Users/sirojiddinkomolov/Documents/innopolis/research/arch_design_pattern_detection/exps/3rd_revision/coach_repos_r/archi-mvp/src/main/java/uk/ivanc/archimvp/presenter/MainPresenter.java,uk.ivanc.archimvp.presenter.MainPresenter$Anonymous1,onCompleted/0,false,49,1,2,0,2,2,4,9,0,0,0,4,0,0,0,0,0,0,1,0,0,1,1,0,0,0,4,1,0,false
/Users/sirojiddinkomolov/Documents/innopolis/research/arch_design_pattern_detection/exps/3rd_revision/coach_repos_r/archi-mvp/src/main/java/uk/ivanc/archimvp/RepositoryAdapter.java,uk.ivanc.archimvp.RepositoryAdapter$Callback,onItemClick/1[uk.ivanc.archimvp.model.Repository],false,93,1,1,1,0,1,0,1,0,0,1,0,0,0,0,0,0,0,0,0,0,0,0,0,0,0,5,0,0,false
/Users/sirojiddinkomolov/Documents/innopolis/research/arch_design_pattern_detection/exps/3rd_revision/coach_repos_r/archi-mvp/src/main/java/uk/ivanc/archimvp/model/User.java,uk.ivanc.archimvp.model.User$Anonymous1,newArray/1[int],false,60,1,0,0,0,1,0,3,1,0,1,0,0,0,0,0,0,0,0,0,0,0,0,0,0,0,3,1,0,false
/Users/sirojiddinkomolov/Documents/innopolis/research/arch_design_pattern_detection/exps/3rd_revision/coach_repos_r/archi-mvp/src/main/java/uk/ivanc/archimvp/model/User.java,uk.ivanc.archimvp.model.User$Anonymous1,createFromParcel/1[uk.ivanc.archimvp.model.Parcel],false,56,2,2,0,2,1,0,3,1,0,1,0,0,0,0,0,0,0,0,0,0,0,0,0,0,0,5,1,0,false
/Users/sirojiddinkomolov/Documents/innopolis/research/arch_design_pattern_detection/exps/3rd_revision/coach_repos_r/archi-mvp/src/main/java/uk/ivanc/archimvp/presenter/Presenter.java,uk.ivanc.archimvp.presenter.Presenter,detachView/0,false,7,0,0,0,0,1,0,1,0,0,0,0,0,0,0,0,0,0,0,0,0,0,0,0,0,0,2,0,0,false
/Users/sirojiddinkomolov/Documents/innopolis/research/arch_design_pattern_detection/exps/3rd_revision/coach_repos_r/archi-mvp/src/main/java/uk/ivanc/archimvp/presenter/Presenter.java,uk.ivanc.archimvp.presenter.Presenter,attachView/1[V],false,5,1,0,0,0,1,0,1,0,0,1,0,0,0,0,0,0,0,0,0,0,0,0,0,0,0,4,0,0,false
/Users/sirojiddinkomolov/Documents/innopolis/research/arch_design_pattern_detection/exps/3rd_revision/coach_repos_r/archi-mvp/src/test/java/uk/ivanc/archimvp/util/MockModelFabric.java,uk.ivanc.archimvp.util.MockModelFabric,newRepository/1[java.lang.String],false,20,2,3,1,2,1,2,12,1,2,1,2,1,1,0,0,0,0,2,4,9,2,0,0,0,0,7,9,0,false
/Users/sirojiddinkomolov/Documents/innopolis/research/arch_design_pattern_detection/exps/3rd_revision/coach_repos_r/archi-mvp/src/test/java/uk/ivanc/archimvp/util/MockModelFabric.java,uk.ivanc.archimvp.util.MockModelFabric,newListOfRepositories/1[int],false,12,2,2,1,1,2,2,7,1,2,1,2,1,2,1,0,0,0,1,1,2,1,1,0,0,0,9,9,0,false
/Users/sirojiddinkomolov/Documents/innopolis/research/arch_design_pattern_detection/exps/3rd_revision/coach_repos_r/archi-mvp/src/test/java/uk/ivanc/archimvp/util/MockModelFabric.java,uk.ivanc.archimvp.util.MockModelFabric,newUser/1[java.lang.String],false,33,1,3,2,1,1,1,11,1,2,1,1,0,0,0,0,0,0,4,1,8,4,0,0,0,0,8,9,0,false
/Users/sirojiddinkomolov/Documents/innopolis/research/arch_design_pattern_detection/exps/3rd_revision/coach_repos_r/archi-mvp/src/main/java/uk/ivanc/archimvp/presenter/RepositoryPresenter.java,uk.ivanc.archimvp.presenter.RepositoryPresenter$Anonymous1,call/1[uk.ivanc.archimvp.model.User],false,39,2,1,0,1,1,2,4,0,0,1,2,0,0,0,0,0,0,1,0,0,1,0,0,0,0,5,1,0,false
/Users/sirojiddinkomolov/Documents/innopolis/research/arch_design_pattern_detection/exps/3rd_revision/coach_repos_r/archi-mvp/src/main/java/uk/ivanc/archimvp/RepositoryAdapter.java,uk.ivanc.archimvp.RepositoryAdapter$RepositoryViewHolder,RepositoryViewHolder/1[uk.ivanc.archimvp.View],true,81,2,1,1,0,1,1,9,0,0,1,1,0,0,0,0,0,0,0,0,6,0,0,0,0,0,12,1,0,false
/Users/sirojiddinkomolov/Documents/innopolis/research/arch_design_pattern_detection/exps/3rd_revision/coach_repos_r/archi-mvp/src/main/java/uk/ivanc/archimvp/model/GithubService.java,uk.ivanc.archimvp.model.GithubService$Factory,create/0,false,23,2,1,1,0,1,5,4,1,1,0,5,0,0,0,0,0,0,1,0,1,0,0,0,0,0,5,9,0,false
/Users/sirojiddinkomolov/Documents/innopolis/research/arch_design_pattern_detection/exps/3rd_revision/coach_repos_r/archi-mvp/src/main/java/uk/ivanc/archimvp/model/Repository.java,uk.ivanc.archimvp.model.Repository$Anonymous1,newArray/1[int],false,73,1,0,0,0,1,0,3,1,0,1,0,0,0,0,0,0,0,0,0,0,0,0,0,0,0,3,1,0,false
/Users/sirojiddinkomolov/Documents/innopolis/research/arch_design_pattern_detection/exps/3rd_revision/coach_repos_r/archi-mvp/src/main/java/uk/ivanc/archimvp/model/Repository.java,uk.ivanc.archimvp.model.Repository$Anonymous1,createFromParcel/1[uk.ivanc.archimvp.model.Parcel],false,69,2,2,0,2,1,0,3,1,0,1,0,0,0,0,0,0,0,0,0,0,0,0,0,0,0,5,1,0,false
/Users/sirojiddinkomolov/Documents/innopolis/research/arch_design_pattern_detection/exps/3rd_revision/coach_repos_r/archi-mvp/src/main/java/uk/ivanc/archimvp/view/MainMvpView.java,uk.ivanc.archimvp.view.MainMvpView,showMessage/1[int],false,11,0,2,2,0,1,0,1,0,0,1,0,0,0,0,0,0,0,0,0,0,0,0,0,0,0,4,0,0,false
/Users/sirojiddinkomolov/Documents/innopolis/research/arch_design_pattern_detection/exps/3rd_revision/coach_repos_r/archi-mvp/src/main/java/uk/ivanc/archimvp/view/MainMvpView.java,uk.ivanc.archimvp.view.MainMvpView,showProgressIndicator/0,false,13,0,1,1,0,1,0,1,0,0,0,0,0,0,0,0,0,0,0,0,0,0,0,0,0,0,3,0,0,false
/Users/sirojiddinkomolov/Documents/innopolis/research/arch_design_pattern_detection/exps/3rd_revision/coach_repos_r/archi-mvp/src/main/java/uk/ivanc/archimvp/view/MainMvpView.java,uk.ivanc.archimvp.view.MainMvpView,showRepositories/1[java.util.List<uk.ivanc.archimvp.model.Repository>],false,9,1,1,1,0,1,0,1,0,0,1,0,0,0,0,0,0,0,0,0,0,0,0,0,0,0,3,0,0,false
/Users/sirojiddinkomolov/Documents/innopolis/research/arch_design_pattern_detection/exps/3rd_revision/coach_repos_r/archi-mvp/src/main/java/uk/ivanc/archimvp/model/Repository.java,uk.ivanc.archimvp.model.Repository,Repository/0,true,21,0,1,1,0,1,0,2,0,0,0,0,0,0,0,0,0,0,0,0,0,0,0,0,0,0,1,1,0,false
/Users/sirojiddinkomolov/Documents/innopolis/research/arch_design_pattern_detection/exps/3rd_revision/coach_repos_r/archi-mvp/src/main/java/uk/ivanc/archimvp/model/Repository.java,uk.ivanc.archimvp.model.Repository,describeContents/0,false,37,0,0,0,0,1,0,3,1,0,0,0,0,0,0,0,0,0,0,1,0,0,0,0,0,0,2,1,0,false
/Users/sirojiddinkomolov/Documents/innopolis/research/arch_design_pattern_detection/exps/3rd_revision/coach_repos_r/archi-mvp/src/main/java/uk/ivanc/archimvp/model/Repository.java,uk.ivanc.archimvp.model.Repository,"writeToParcel/2[uk.ivanc.archimvp.model.Parcel,int]",false,42,1,0,0,0,2,5,12,0,0,2,5,0,0,0,0,0,0,0,3,0,0,0,0,0,0,5,1,0,false
/Users/sirojiddinkomolov/Documents/innopolis/research/arch_design_pattern_detection/exps/3rd_revision/coach_repos_r/archi-mvp/src/main/java/uk/ivanc/archimvp/model/Repository.java,uk.ivanc.archimvp.model.Repository,equals/1[java.lang.Object],false,79,2,1,0,1,14,3,15,12,1,1,3,0,0,0,18,0,1,0,0,1,0,1,0,0,0,20,1,0,false
/Users/sirojiddinkomolov/Documents/innopolis/research/arch_design_pattern_detection/exps/3rd_revision/coach_repos_r/archi-mvp/src/main/java/uk/ivanc/archimvp/model/Repository.java,uk.ivanc.archimvp.model.Repository,hashCode/0,false,102,1,1,0,1,7,2,13,1,1,0,2,0,0,0,5,0,8,0,17,10,19,0,0,0,0,14,1,0,false
/Users/sirojiddinkomolov/Documents/innopolis/research/arch_design_pattern_detection/exps/3rd_revision/coach_repos_r/archi-mvp/src/main/java/uk/ivanc/archimvp/model/Repository.java,uk.ivanc.archimvp.model.Repository,hasLanguage/0,false,28,0,1,1,0,2,1,3,1,0,0,1,0,0,0,1,0,0,0,0,0,0,0,0,0,0,4,1,0,false
/Users/sirojiddinkomolov/Documents/innopolis/research/arch_design_pattern_detection/exps/3rd_revision/coach_repos_r/archi-mvp/src/main/java/uk/ivanc/archimvp/model/Repository.java,uk.ivanc.archimvp.model.Repository,Repository/1[uk.ivanc.archimvp.model.Parcel],true,55,2,1,1,0,2,6,12,0,0,1,6,0,0,0,1,0,0,0,1,10,0,0,0,0,0,3,4,0,false
/Users/sirojiddinkomolov/Documents/innopolis/research/arch_design_pattern_detection/exps/3rd_revision/coach_repos_r/archi-mvp/src/main/java/uk/ivanc/archimvp/model/Repository.java,uk.ivanc.archimvp.model.Repository,isFork/0,false,32,0,1,1,0,1,0,3,1,0,0,0,0,0,0,0,0,0,0,0,0,0,0,0,0,0,3,1,0,false
/Users/sirojiddinkomolov/Documents/innopolis/research/arch_design_pattern_detection/exps/3rd_revision/coach_repos_r/archi-mvp/src/main/java/uk/ivanc/archimvp/model/Repository.java,uk.ivanc.archimvp.model.Repository,hasHomepage/0,false,24,0,1,1,0,2,1,3,1,0,0,1,0,0,0,1,0,0,0,0,0,0,0,0,0,0,4,1,0,false
/Users/sirojiddinkomolov/Documents/innopolis/research/arch_design_pattern_detection/exps/3rd_revision/coach_repos_r/archi-mvp/src/test/java/uk/ivanc/archimvp/RepositoryPresenterTest.java,uk.ivanc.archimvp.RepositoryPresenterTest,setUp/0,false,31,6,5,0,5,1,8,10,0,1,0,8,0,0,0,0,0,0,0,0,4,0,0,0,0,0,14,1,0,false
/Users/sirojiddinkomolov/Documents/innopolis/research/arch_design_pattern_detection/exps/3rd_revision/coach_repos_r/archi-mvp/src/test/java/uk/ivanc/archimvp/RepositoryPresenterTest.java,uk.ivanc.archimvp.RepositoryPresenterTest,tearDown/0,false,46,2,1,0,1,1,1,3,0,0,0,1,0,0,0,0,0,0,0,0,0,0,0,0,0,0,2,1,0,false
/Users/sirojiddinkomolov/Documents/innopolis/research/arch_design_pattern_detection/exps/3rd_revision/coach_repos_r/archi-mvp/src/test/java/uk/ivanc/archimvp/RepositoryPresenterTest.java,uk.ivanc.archimvp.RepositoryPresenterTest,loadOwnerCallsShowOwner/0,false,51,5,3,0,3,1,8,7,0,2,0,8,0,0,0,0,0,0,2,0,2,0,0,0,0,0,13,1,0,false
/Users/sirojiddinkomolov/Documents/innopolis/research/arch_design_pattern_detection/exps/3rd_revision/coach_repos_r/archi-mvp/src/main/java/uk/ivanc/archimvp/RepositoryAdapter.java,uk.ivanc.archimvp.RepositoryAdapter$Anonymous1,onClick/1[uk.ivanc.archimvp.View],false,43,2,1,0,1,2,1,5,0,0,1,1,0,0,0,1,0,0,0,0,0,0,1,0,0,0,6,1,0,false
/Users/sirojiddinkomolov/Documents/innopolis/research/arch_design_pattern_detection/exps/3rd_revision/coach_repos_r/archi-mvp/src/main/java/uk/ivanc/archimvp/view/MainActivity.java,uk.ivanc.archimvp.view.MainActivity,onCreate/1[uk.ivanc.archimvp.view.Bundle],false,39,10,3,0,3,1,9,31,0,0,1,9,1,1,0,0,0,0,0,0,7,0,0,2,0,0,47,4,0,false
/Users/sirojiddinkomolov/Documents/innopolis/research/arch_design_pattern_detection/exps/3rd_revision/coach_repos_r/archi-mvp/src/main/java/uk/ivanc/archimvp/view/MainActivity.java,uk.ivanc.archimvp.view.MainActivity,hideSoftKeyboard/0,false,129,1,1,1,0,1,3,4,0,1,0,3,0,0,0,0,0,0,0,1,1,0,0,0,0,0,10,2,0,false
/Users/sirojiddinkomolov/Documents/innopolis/research/arch_design_pattern_detection/exps/3rd_revision/coach_repos_r/archi-mvp/src/main/java/uk/ivanc/archimvp/view/MainActivity.java,uk.ivanc.archimvp.view.MainActivity,onDestroy/0,false,80,1,1,0,1,1,2,4,0,0,0,2,0,0,0,0,0,0,0,0,0,0,0,0,0,0,2,4,0,false
/Users/sirojiddinkomolov/Documents/innopolis/research/arch_design_pattern_detection/exps/3rd_revision/coach_repos_r/archi-mvp/src/main/java/uk/ivanc/archimvp/view/MainActivity.java,uk.ivanc.archimvp.view.MainActivity,showMessage/1[int],false,103,0,0,0,0,1,3,6,0,0,1,3,0,0,0,0,0,0,0,0,0,0,0,0,0,0,6,1,0,false
/Users/sirojiddinkomolov/Documents/innopolis/research/arch_design_pattern_detection/exps/3rd_revision/coach_repos_r/archi-mvp/src/main/java/uk/ivanc/archimvp/view/MainActivity.java,uk.ivanc.archimvp.view.MainActivity,showProgressIndicator/0,false,111,0,0,0,0,1,1,5,0,0,0,1,0,0,0,0,0,0,0,0,0,0,0,0,0,0,3,1,0,false
/Users/sirojiddinkomolov/Documents/innopolis/research/arch_design_pattern_detection/exps/3rd_revision/coach_repos_r/archi-mvp/src/main/java/uk/ivanc/archimvp/view/MainActivity.java,uk.ivanc.archimvp.view.MainActivity,getContext/0,false,86,2,0,0,0,1,0,3,1,0,0,0,0,0,0,0,0,0,0,0,0,0,0,0,0,0,2,1,0,false
/Users/sirojiddinkomolov/Documents/innopolis/research/arch_design_pattern_detection/exps/3rd_revision/coach_repos_r/archi-mvp/src/main/java/uk/ivanc/archimvp/view/MainActivity.java,uk.ivanc.archimvp.view.MainActivity,showRepositories/1[java.util.List<uk.ivanc.archimvp.model.Repository>],false,91,3,2,0,2,1,6,10,0,1,1,6,1,1,0,0,0,0,0,0,1,0,0,0,0,0,9,1,0,false
/Users/sirojiddinkomolov/Documents/innopolis/research/arch_design_pattern_detection/exps/3rd_revision/coach_repos_r/archi-mvp/src/main/java/uk/ivanc/archimvp/view/MainActivity.java,uk.ivanc.archimvp.view.MainActivity,setupRecyclerView/1[uk.ivanc.archimvp.view.RecyclerView],false,117,4,4,1,3,1,3,11,0,1,1,3,0,0,0,0,0,0,0,0,1,0,0,1,0,0,16,2,0,false
/Users/sirojiddinkomolov/Documents/innopolis/research/arch_design_pattern_detection/exps/3rd_revision/coach_repos_r/archi-mvp/src/test/java/uk/ivanc/archimvp/MainPresenterTest.java,uk.ivanc.archimvp.MainPresenterTest,loadRepositoriesCallsShowMessage_withEmptyReposString/0,false,70,3,2,0,2,1,9,7,0,1,0,9,0,0,0,0,0,0,1,0,1,0,0,0,0,0,17,1,0,false
/Users/sirojiddinkomolov/Documents/innopolis/research/arch_design_pattern_detection/exps/3rd_revision/coach_repos_r/archi-mvp/src/test/java/uk/ivanc/archimvp/MainPresenterTest.java,uk.ivanc.archimvp.MainPresenterTest,setUp/0,false,38,6,5,0,5,1,8,10,0,1,0,8,0,0,0,0,0,0,0,0,4,0,0,0,0,0,14,1,0,false
/Users/sirojiddinkomolov/Documents/innopolis/research/arch_design_pattern_detection/exps/3rd_revision/coach_repos_r/archi-mvp/src/test/java/uk/ivanc/archimvp/MainPresenterTest.java,uk.ivanc.archimvp.MainPresenterTest,loadRepositoriesCallsShowMessage_withDefaultErrorString/0,false,81,4,2,0,2,1,8,7,0,1,0,8,0,0,0,0,0,0,2,0,1,0,0,0,0,0,18,1,0,false
/Users/sirojiddinkomolov/Documents/innopolis/research/arch_design_pattern_detection/exps/3rd_revision/coach_repos_r/archi-mvp/src/test/java/uk/ivanc/archimvp/MainPresenterTest.java,uk.ivanc.archimvp.MainPresenterTest,loadRepositoriesCallsShowRepositories/0,false,58,5,3,0,3,1,9,8,0,2,0,9,0,0,0,0,0,0,1,1,2,0,0,0,0,0,11,1,0,false
/Users/sirojiddinkomolov/Documents/innopolis/research/arch_design_pattern_detection/exps/3rd_revision/coach_repos_r/archi-mvp/src/test/java/uk/ivanc/archimvp/MainPresenterTest.java,uk.ivanc.archimvp.MainPresenterTest,loadRepositoriesCallsShowMessage_withUsernameNotFoundString/0,false,92,6,2,0,2,1,10,8,0,2,0,10,0,0,0,0,0,0,1,1,2,0,0,0,0,0,20,1,0,false
/Users/sirojiddinkomolov/Documents/innopolis/research/arch_design_pattern_detection/exps/3rd_revision/coach_repos_r/archi-mvp/src/test/java/uk/ivanc/archimvp/MainPresenterTest.java,uk.ivanc.archimvp.MainPresenterTest,tearDown/0,false,53,2,1,0,1,1,1,3,0,0,0,1,0,0,0,0,0,0,0,0,0,0,0,0,0,0,2,1,0,false
/Users/sirojiddinkomolov/Documents/innopolis/research/arch_design_pattern_detection/exps/3rd_revision/coach_repos_r/archi-mvp/src/main/java/uk/ivanc/archimvp/view/RepositoryActivity.java,uk.ivanc.archimvp.view.RepositoryActivity,bindRepositoryData/1[uk.ivanc.archimvp.model.Repository],false,93,1,4,1,3,4,11,10,0,0,1,11,0,0,0,0,0,0,0,0,0,0,0,0,0,0,10,2,0,false
/Users/sirojiddinkomolov/Documents/innopolis/research/arch_design_pattern_detection/exps/3rd_revision/coach_repos_r/archi-mvp/src/main/java/uk/ivanc/archimvp/view/RepositoryActivity.java,uk.ivanc.archimvp.view.RepositoryActivity,"newIntent/2[uk.ivanc.archimvp.view.Context,uk.ivanc.archimvp.model.Repository]",false,37,4,1,1,0,1,1,5,1,1,2,1,0,0,0,0,0,0,0,0,1,0,0,0,0,0,5,9,0,false
/Users/sirojiddinkomolov/Documents/innopolis/research/arch_design_pattern_detection/exps/3rd_revision/coach_repos_r/archi-mvp/src/main/java/uk/ivanc/archimvp/view/RepositoryActivity.java,uk.ivanc.archimvp.view.RepositoryActivity,getContext/0,false,79,2,0,0,0,1,0,3,1,0,0,0,0,0,0,0,0,0,0,0,0,0,0,0,0,0,2,1,0,false
/Users/sirojiddinkomolov/Documents/innopolis/research/arch_design_pattern_detection/exps/3rd_revision/coach_repos_r/archi-mvp/src/main/java/uk/ivanc/archimvp/view/RepositoryActivity.java,uk.ivanc.archimvp.view.RepositoryActivity,onCreate/1[uk.ivanc.archimvp.view.Bundle],false,44,8,4,0,4,2,11,24,0,2,1,11,1,1,0,1,0,0,0,0,13,0,1,0,0,0,50,4,0,false
/Users/sirojiddinkomolov/Documents/innopolis/research/arch_design_pattern_detection/exps/3rd_revision/coach_repos_r/archi-mvp/src/main/java/uk/ivanc/archimvp/view/RepositoryActivity.java,uk.ivanc.archimvp.view.RepositoryActivity,showOwner/1[uk.ivanc.archimvp.model.User],false,84,1,2,0,2,3,4,8,0,0,1,4,0,0,0,0,0,0,0,0,0,0,0,0,0,0,4,1,0,false
/Users/sirojiddinkomolov/Documents/innopolis/research/arch_design_pattern_detection/exps/3rd_revision/coach_repos_r/archi-mvp/src/main/java/uk/ivanc/archimvp/view/RepositoryActivity.java,uk.ivanc.archimvp.view.RepositoryActivity,onDestroy/0,false,73,1,1,0,1,1,2,4,0,0,0,2,0,0,0,0,0,0,0,0,0,0,0,0,0,0,2,4,0,false
