file,class,method,variable,usage
/Users/sirojiddinkomolov/Documents/innopolis/research/arch_design_pattern_detection/exps/3rd_revision/coach_repos_r/archi-mvp/src/main/java/uk/ivanc/archimvp/view/MainActivity.java,uk.ivanc.archimvp.view.MainActivity$Anonymous1,onClick/1[uk.ivanc.archimvp.view.View],v,0
/Users/sirojiddinkomolov/Documents/innopolis/research/arch_design_pattern_detection/exps/3rd_revision/coach_repos_r/archi-mvp/src/main/java/uk/ivanc/archimvp/ArchiApplication.java,uk.ivanc.archimvp.ArchiApplication,setDefaultSubscribeScheduler/1[uk.ivanc.archimvp.Scheduler],scheduler,1
/Users/sirojiddinkomolov/Documents/innopolis/research/arch_design_pattern_detection/exps/3rd_revision/coach_repos_r/archi-mvp/src/main/java/uk/ivanc/archimvp/ArchiApplication.java,uk.ivanc.archimvp.ArchiApplication,get/1[uk.ivanc.archimvp.Context],context,1
/Users/sirojiddinkomolov/Documents/innopolis/research/arch_design_pattern_detection/exps/3rd_revision/coach_repos_r/archi-mvp/src/main/java/uk/ivanc/archimvp/ArchiApplication.java,uk.ivanc.archimvp.ArchiApplication,setGithubService/1[uk.ivanc.archimvp.model.GithubService],githubService,2
/Users/sirojiddinkomolov/Documents/innopolis/research/arch_design_pattern_detection/exps/3rd_revision/coach_repos_r/archi-mvp/src/main/java/uk/ivanc/archimvp/view/MainActivity.java,uk.ivanc.archimvp.view.MainActivity$Anonymous2,"onEditorAction/3[uk.ivanc.archimvp.view.TextView,int,uk.ivanc.archimvp.view.KeyEvent]",v,0
/Users/sirojiddinkomolov/Documents/innopolis/research/arch_design_pattern_detection/exps/3rd_revision/coach_repos_r/archi-mvp/src/main/java/uk/ivanc/archimvp/view/MainActivity.java,uk.ivanc.archimvp.view.MainActivity$Anonymous2,"onEditorAction/3[uk.ivanc.archimvp.view.TextView,int,uk.ivanc.archimvp.view.KeyEvent]",actionId,1
/Users/sirojiddinkomolov/Documents/innopolis/research/arch_design_pattern_detection/exps/3rd_revision/coach_repos_r/archi-mvp/src/main/java/uk/ivanc/archimvp/view/MainActivity.java,uk.ivanc.archimvp.view.MainActivity$Anonymous2,"onEditorAction/3[uk.ivanc.archimvp.view.TextView,int,uk.ivanc.archimvp.view.KeyEvent]",event,0
/Users/sirojiddinkomolov/Documents/innopolis/research/arch_design_pattern_detection/exps/3rd_revision/coach_repos_r/archi-mvp/src/main/java/uk/ivanc/archimvp/model/User.java,uk.ivanc.archimvp.model.User,User/1[uk.ivanc.archimvp.model.Parcel],in,7
/Users/sirojiddinkomolov/Documents/innopolis/research/arch_design_pattern_detection/exps/3rd_revision/coach_repos_r/archi-mvp/src/main/java/uk/ivanc/archimvp/model/User.java,uk.ivanc.archimvp.model.User,hashCode/0,result,13
/Users/sirojiddinkomolov/Documents/innopolis/research/arch_design_pattern_detection/exps/3rd_revision/coach_repos_r/archi-mvp/src/main/java/uk/ivanc/archimvp/model/User.java,uk.ivanc.archimvp.model.User,equals/1[java.lang.Object],user,13
/Users/sirojiddinkomolov/Documents/innopolis/research/arch_design_pattern_detection/exps/3rd_revision/coach_repos_r/archi-mvp/src/main/java/uk/ivanc/archimvp/model/User.java,uk.ivanc.archimvp.model.User,equals/1[java.lang.Object],o,4
/Users/sirojiddinkomolov/Documents/innopolis/research/arch_design_pattern_detection/exps/3rd_revision/coach_repos_r/archi-mvp/src/main/java/uk/ivanc/archimvp/model/User.java,uk.ivanc.archimvp.model.User,"writeToParcel/2[uk.ivanc.archimvp.model.Parcel,int]",flags,0
/Users/sirojiddinkomolov/Documents/innopolis/research/arch_design_pattern_detection/exps/3rd_revision/coach_repos_r/archi-mvp/src/main/java/uk/ivanc/archimvp/model/User.java,uk.ivanc.archimvp.model.User,"writeToParcel/2[uk.ivanc.archimvp.model.Parcel,int]",dest,7
/Users/sirojiddinkomolov/Documents/innopolis/research/arch_design_pattern_detection/exps/3rd_revision/coach_repos_r/archi-mvp/src/main/java/uk/ivanc/archimvp/view/MainActivity.java,uk.ivanc.archimvp.view.MainActivity$Anonymous3,onItemClick/1[uk.ivanc.archimvp.model.Repository],repository,1
/Users/sirojiddinkomolov/Documents/innopolis/research/arch_design_pattern_detection/exps/3rd_revision/coach_repos_r/archi-mvp/src/main/java/uk/ivanc/archimvp/view/MainActivity.java,uk.ivanc.archimvp.view.MainActivity$Anonymous4,afterTextChanged/1[uk.ivanc.archimvp.view.Editable],editable,0
/Users/sirojiddinkomolov/Documents/innopolis/research/arch_design_pattern_detection/exps/3rd_revision/coach_repos_r/archi-mvp/src/main/java/uk/ivanc/archimvp/view/MainActivity.java,uk.ivanc.archimvp.view.MainActivity$Anonymous4,"beforeTextChanged/4[java.lang.CharSequence,int,int,int]",charSequence,0
/Users/sirojiddinkomolov/Documents/innopolis/research/arch_design_pattern_detection/exps/3rd_revision/coach_repos_r/archi-mvp/src/main/java/uk/ivanc/archimvp/view/MainActivity.java,uk.ivanc.archimvp.view.MainActivity$Anonymous4,"beforeTextChanged/4[java.lang.CharSequence,int,int,int]",start,0
/Users/sirojiddinkomolov/Documents/innopolis/research/arch_design_pattern_detection/exps/3rd_revision/coach_repos_r/archi-mvp/src/main/java/uk/ivanc/archimvp/view/MainActivity.java,uk.ivanc.archimvp.view.MainActivity$Anonymous4,"beforeTextChanged/4[java.lang.CharSequence,int,int,int]",count,0
/Users/sirojiddinkomolov/Documents/innopolis/research/arch_design_pattern_detection/exps/3rd_revision/coach_repos_r/archi-mvp/src/main/java/uk/ivanc/archimvp/view/MainActivity.java,uk.ivanc.archimvp.view.MainActivity$Anonymous4,"beforeTextChanged/4[java.lang.CharSequence,int,int,int]",after,0
/Users/sirojiddinkomolov/Documents/innopolis/research/arch_design_pattern_detection/exps/3rd_revision/coach_repos_r/archi-mvp/src/main/java/uk/ivanc/archimvp/view/MainActivity.java,uk.ivanc.archimvp.view.MainActivity$Anonymous4,"onTextChanged/4[java.lang.CharSequence,int,int,int]",charSequence,1
/Users/sirojiddinkomolov/Documents/innopolis/research/arch_design_pattern_detection/exps/3rd_revision/coach_repos_r/archi-mvp/src/main/java/uk/ivanc/archimvp/view/MainActivity.java,uk.ivanc.archimvp.view.MainActivity$Anonymous4,"onTextChanged/4[java.lang.CharSequence,int,int,int]",before,0
/Users/sirojiddinkomolov/Documents/innopolis/research/arch_design_pattern_detection/exps/3rd_revision/coach_repos_r/archi-mvp/src/main/java/uk/ivanc/archimvp/view/MainActivity.java,uk.ivanc.archimvp.view.MainActivity$Anonymous4,"onTextChanged/4[java.lang.CharSequence,int,int,int]",start,0
/Users/sirojiddinkomolov/Documents/innopolis/research/arch_design_pattern_detection/exps/3rd_revision/coach_repos_r/archi-mvp/src/main/java/uk/ivanc/archimvp/view/MainActivity.java,uk.ivanc.archimvp.view.MainActivity$Anonymous4,"onTextChanged/4[java.lang.CharSequence,int,int,int]",count,0
/Users/sirojiddinkomolov/Documents/innopolis/research/arch_design_pattern_detection/exps/3rd_revision/coach_repos_r/archi-mvp/src/main/java/uk/ivanc/archimvp/presenter/RepositoryPresenter.java,uk.ivanc.archimvp.presenter.RepositoryPresenter,attachView/1[uk.ivanc.archimvp.view.RepositoryMvpView],view,1
/Users/sirojiddinkomolov/Documents/innopolis/research/arch_design_pattern_detection/exps/3rd_revision/coach_repos_r/archi-mvp/src/main/java/uk/ivanc/archimvp/presenter/RepositoryPresenter.java,uk.ivanc.archimvp.presenter.RepositoryPresenter,loadOwner/1[java.lang.String],githubService,1
/Users/sirojiddinkomolov/Documents/innopolis/research/arch_design_pattern_detection/exps/3rd_revision/coach_repos_r/archi-mvp/src/main/java/uk/ivanc/archimvp/presenter/RepositoryPresenter.java,uk.ivanc.archimvp.presenter.RepositoryPresenter,loadOwner/1[java.lang.String],application,2
/Users/sirojiddinkomolov/Documents/innopolis/research/arch_design_pattern_detection/exps/3rd_revision/coach_repos_r/archi-mvp/src/main/java/uk/ivanc/archimvp/presenter/RepositoryPresenter.java,uk.ivanc.archimvp.presenter.RepositoryPresenter,loadOwner/1[java.lang.String],userUrl,1
/Users/sirojiddinkomolov/Documents/innopolis/research/arch_design_pattern_detection/exps/3rd_revision/coach_repos_r/archi-mvp/src/main/java/uk/ivanc/archimvp/model/GithubService.java,uk.ivanc.archimvp.model.GithubService,userFromUrl/1[java.lang.String],userUrl,0
/Users/sirojiddinkomolov/Documents/innopolis/research/arch_design_pattern_detection/exps/3rd_revision/coach_repos_r/archi-mvp/src/main/java/uk/ivanc/archimvp/model/GithubService.java,uk.ivanc.archimvp.model.GithubService,publicRepositories/1[java.lang.String],username,0
/Users/sirojiddinkomolov/Documents/innopolis/research/arch_design_pattern_detection/exps/3rd_revision/coach_repos_r/archi-mvp/src/main/java/uk/ivanc/archimvp/view/RepositoryMvpView.java,uk.ivanc.archimvp.view.RepositoryMvpView,showOwner/1[uk.ivanc.archimvp.model.User],owner,0
/Users/sirojiddinkomolov/Documents/innopolis/research/arch_design_pattern_detection/exps/3rd_revision/coach_repos_r/archi-mvp/src/main/java/uk/ivanc/archimvp/RepositoryAdapter.java,uk.ivanc.archimvp.RepositoryAdapter,setRepositories/1[java.util.List<uk.ivanc.archimvp.model.Repository>],repositories,2
/Users/sirojiddinkomolov/Documents/innopolis/research/arch_design_pattern_detection/exps/3rd_revision/coach_repos_r/archi-mvp/src/main/java/uk/ivanc/archimvp/RepositoryAdapter.java,uk.ivanc.archimvp.RepositoryAdapter,setCallback/1[uk.ivanc.archimvp.RepositoryAdapter.Callback],callback,2
/Users/sirojiddinkomolov/Documents/innopolis/research/arch_design_pattern_detection/exps/3rd_revision/coach_repos_r/archi-mvp/src/main/java/uk/ivanc/archimvp/RepositoryAdapter.java,uk.ivanc.archimvp.RepositoryAdapter,"onCreateViewHolder/2[uk.ivanc.archimvp.ViewGroup,int]",parent,2
/Users/sirojiddinkomolov/Documents/innopolis/research/arch_design_pattern_detection/exps/3rd_revision/coach_repos_r/archi-mvp/src/main/java/uk/ivanc/archimvp/RepositoryAdapter.java,uk.ivanc.archimvp.RepositoryAdapter,"onCreateViewHolder/2[uk.ivanc.archimvp.ViewGroup,int]",viewHolder,2
/Users/sirojiddinkomolov/Documents/innopolis/research/arch_design_pattern_detection/exps/3rd_revision/coach_repos_r/archi-mvp/src/main/java/uk/ivanc/archimvp/RepositoryAdapter.java,uk.ivanc.archimvp.RepositoryAdapter,"onCreateViewHolder/2[uk.ivanc.archimvp.ViewGroup,int]",viewType,0
/Users/sirojiddinkomolov/Documents/innopolis/research/arch_design_pattern_detection/exps/3rd_revision/coach_repos_r/archi-mvp/src/main/java/uk/ivanc/archimvp/RepositoryAdapter.java,uk.ivanc.archimvp.RepositoryAdapter,"onCreateViewHolder/2[uk.ivanc.archimvp.ViewGroup,int]",itemView,1
/Users/sirojiddinkomolov/Documents/innopolis/research/arch_design_pattern_detection/exps/3rd_revision/coach_repos_r/archi-mvp/src/main/java/uk/ivanc/archimvp/RepositoryAdapter.java,uk.ivanc.archimvp.RepositoryAdapter,"onBindViewHolder/2[uk.ivanc.archimvp.RepositoryAdapter.RepositoryViewHolder,int]",context,3
/Users/sirojiddinkomolov/Documents/innopolis/research/arch_design_pattern_detection/exps/3rd_revision/coach_repos_r/archi-mvp/src/main/java/uk/ivanc/archimvp/RepositoryAdapter.java,uk.ivanc.archimvp.RepositoryAdapter,"onBindViewHolder/2[uk.ivanc.archimvp.RepositoryAdapter.RepositoryViewHolder,int]",holder,7
/Users/sirojiddinkomolov/Documents/innopolis/research/arch_design_pattern_detection/exps/3rd_revision/coach_repos_r/archi-mvp/src/main/java/uk/ivanc/archimvp/RepositoryAdapter.java,uk.ivanc.archimvp.RepositoryAdapter,"onBindViewHolder/2[uk.ivanc.archimvp.RepositoryAdapter.RepositoryViewHolder,int]",position,1
/Users/sirojiddinkomolov/Documents/innopolis/research/arch_design_pattern_detection/exps/3rd_revision/coach_repos_r/archi-mvp/src/main/java/uk/ivanc/archimvp/RepositoryAdapter.java,uk.ivanc.archimvp.RepositoryAdapter,"onBindViewHolder/2[uk.ivanc.archimvp.RepositoryAdapter.RepositoryViewHolder,int]",repository,7
/Users/sirojiddinkomolov/Documents/innopolis/research/arch_design_pattern_detection/exps/3rd_revision/coach_repos_r/archi-mvp/src/main/java/uk/ivanc/archimvp/RepositoryAdapter.java,uk.ivanc.archimvp.RepositoryAdapter,RepositoryAdapter/1[java.util.List<uk.ivanc.archimvp.model.Repository>],repositories,2
/Users/sirojiddinkomolov/Documents/innopolis/research/arch_design_pattern_detection/exps/3rd_revision/coach_repos_r/archi-mvp/src/main/java/uk/ivanc/archimvp/presenter/MainPresenter.java,uk.ivanc.archimvp.presenter.MainPresenter,attachView/1[uk.ivanc.archimvp.view.MainMvpView],view,1
/Users/sirojiddinkomolov/Documents/innopolis/research/arch_design_pattern_detection/exps/3rd_revision/coach_repos_r/archi-mvp/src/main/java/uk/ivanc/archimvp/presenter/MainPresenter.java,uk.ivanc.archimvp.presenter.MainPresenter,loadRepositories/1[java.lang.String],githubService,1
/Users/sirojiddinkomolov/Documents/innopolis/research/arch_design_pattern_detection/exps/3rd_revision/coach_repos_r/archi-mvp/src/main/java/uk/ivanc/archimvp/presenter/MainPresenter.java,uk.ivanc.archimvp.presenter.MainPresenter,loadRepositories/1[java.lang.String],application,2
/Users/sirojiddinkomolov/Documents/innopolis/research/arch_design_pattern_detection/exps/3rd_revision/coach_repos_r/archi-mvp/src/main/java/uk/ivanc/archimvp/presenter/MainPresenter.java,uk.ivanc.archimvp.presenter.MainPresenter,loadRepositories/1[java.lang.String],usernameEntered,1
/Users/sirojiddinkomolov/Documents/innopolis/research/arch_design_pattern_detection/exps/3rd_revision/coach_repos_r/archi-mvp/src/main/java/uk/ivanc/archimvp/presenter/MainPresenter.java,uk.ivanc.archimvp.presenter.MainPresenter,loadRepositories/1[java.lang.String],username,2
/Users/sirojiddinkomolov/Documents/innopolis/research/arch_design_pattern_detection/exps/3rd_revision/coach_repos_r/archi-mvp/src/main/java/uk/ivanc/archimvp/presenter/MainPresenter.java,uk.ivanc.archimvp.presenter.MainPresenter,isHttp404/1[java.lang.Throwable],error,2
/Users/sirojiddinkomolov/Documents/innopolis/research/arch_design_pattern_detection/exps/3rd_revision/coach_repos_r/archi-mvp/src/main/java/uk/ivanc/archimvp/presenter/MainPresenter.java,uk.ivanc.archimvp.presenter.MainPresenter$Anonymous1,onNext/1[java.util.List<uk.ivanc.archimvp.model.Repository>],repositories,2
/Users/sirojiddinkomolov/Documents/innopolis/research/arch_design_pattern_detection/exps/3rd_revision/coach_repos_r/archi-mvp/src/main/java/uk/ivanc/archimvp/presenter/MainPresenter.java,uk.ivanc.archimvp.presenter.MainPresenter$Anonymous1,onError/1[java.lang.Throwable],error,2
/Users/sirojiddinkomolov/Documents/innopolis/research/arch_design_pattern_detection/exps/3rd_revision/coach_repos_r/archi-mvp/src/main/java/uk/ivanc/archimvp/RepositoryAdapter.java,uk.ivanc.archimvp.RepositoryAdapter$Callback,onItemClick/1[uk.ivanc.archimvp.model.Repository],repository,0
/Users/sirojiddinkomolov/Documents/innopolis/research/arch_design_pattern_detection/exps/3rd_revision/coach_repos_r/archi-mvp/src/main/java/uk/ivanc/archimvp/model/User.java,uk.ivanc.archimvp.model.User$Anonymous1,newArray/1[int],size,1
/Users/sirojiddinkomolov/Documents/innopolis/research/arch_design_pattern_detection/exps/3rd_revision/coach_repos_r/archi-mvp/src/main/java/uk/ivanc/archimvp/model/User.java,uk.ivanc.archimvp.model.User$Anonymous1,createFromParcel/1[uk.ivanc.archimvp.model.Parcel],source,1
/Users/sirojiddinkomolov/Documents/innopolis/research/arch_design_pattern_detection/exps/3rd_revision/coach_repos_r/archi-mvp/src/main/java/uk/ivanc/archimvp/presenter/Presenter.java,uk.ivanc.archimvp.presenter.Presenter,attachView/1[V],view,0
/Users/sirojiddinkomolov/Documents/innopolis/research/arch_design_pattern_detection/exps/3rd_revision/coach_repos_r/archi-mvp/src/test/java/uk/ivanc/archimvp/util/MockModelFabric.java,uk.ivanc.archimvp.util.MockModelFabric,newRepository/1[java.lang.String],random,4
/Users/sirojiddinkomolov/Documents/innopolis/research/arch_design_pattern_detection/exps/3rd_revision/coach_repos_r/archi-mvp/src/test/java/uk/ivanc/archimvp/util/MockModelFabric.java,uk.ivanc.archimvp.util.MockModelFabric,newRepository/1[java.lang.String],name,4
/Users/sirojiddinkomolov/Documents/innopolis/research/arch_design_pattern_detection/exps/3rd_revision/coach_repos_r/archi-mvp/src/test/java/uk/ivanc/archimvp/util/MockModelFabric.java,uk.ivanc.archimvp.util.MockModelFabric,newRepository/1[java.lang.String],repository,8
/Users/sirojiddinkomolov/Documents/innopolis/research/arch_design_pattern_detection/exps/3rd_revision/coach_repos_r/archi-mvp/src/test/java/uk/ivanc/archimvp/util/MockModelFabric.java,uk.ivanc.archimvp.util.MockModelFabric,newListOfRepositories/1[int],repositories,2
/Users/sirojiddinkomolov/Documents/innopolis/research/arch_design_pattern_detection/exps/3rd_revision/coach_repos_r/archi-mvp/src/test/java/uk/ivanc/archimvp/util/MockModelFabric.java,uk.ivanc.archimvp.util.MockModelFabric,newListOfRepositories/1[int],numRepos,2
/Users/sirojiddinkomolov/Documents/innopolis/research/arch_design_pattern_detection/exps/3rd_revision/coach_repos_r/archi-mvp/src/test/java/uk/ivanc/archimvp/util/MockModelFabric.java,uk.ivanc.archimvp.util.MockModelFabric,newListOfRepositories/1[int],i,3
/Users/sirojiddinkomolov/Documents/innopolis/research/arch_design_pattern_detection/exps/3rd_revision/coach_repos_r/archi-mvp/src/test/java/uk/ivanc/archimvp/util/MockModelFabric.java,uk.ivanc.archimvp.util.MockModelFabric,newUser/1[java.lang.String],random,1
/Users/sirojiddinkomolov/Documents/innopolis/research/arch_design_pattern_detection/exps/3rd_revision/coach_repos_r/archi-mvp/src/test/java/uk/ivanc/archimvp/util/MockModelFabric.java,uk.ivanc.archimvp.util.MockModelFabric,newUser/1[java.lang.String],name,6
/Users/sirojiddinkomolov/Documents/innopolis/research/arch_design_pattern_detection/exps/3rd_revision/coach_repos_r/archi-mvp/src/test/java/uk/ivanc/archimvp/util/MockModelFabric.java,uk.ivanc.archimvp.util.MockModelFabric,newUser/1[java.lang.String],user,7
/Users/sirojiddinkomolov/Documents/innopolis/research/arch_design_pattern_detection/exps/3rd_revision/coach_repos_r/archi-mvp/src/main/java/uk/ivanc/archimvp/presenter/RepositoryPresenter.java,uk.ivanc.archimvp.presenter.RepositoryPresenter$Anonymous1,call/1[uk.ivanc.archimvp.model.User],user,2
/Users/sirojiddinkomolov/Documents/innopolis/research/arch_design_pattern_detection/exps/3rd_revision/coach_repos_r/archi-mvp/src/main/java/uk/ivanc/archimvp/RepositoryAdapter.java,uk.ivanc.archimvp.RepositoryAdapter$RepositoryViewHolder,RepositoryViewHolder/1[uk.ivanc.archimvp.View],itemView,7
/Users/sirojiddinkomolov/Documents/innopolis/research/arch_design_pattern_detection/exps/3rd_revision/coach_repos_r/archi-mvp/src/main/java/uk/ivanc/archimvp/model/GithubService.java,uk.ivanc.archimvp.model.GithubService$Factory,create/0,retrofit,1
/Users/sirojiddinkomolov/Documents/innopolis/research/arch_design_pattern_detection/exps/3rd_revision/coach_repos_r/archi-mvp/src/main/java/uk/ivanc/archimvp/model/Repository.java,uk.ivanc.archimvp.model.Repository$Anonymous1,newArray/1[int],size,1
/Users/sirojiddinkomolov/Documents/innopolis/research/arch_design_pattern_detection/exps/3rd_revision/coach_repos_r/archi-mvp/src/main/java/uk/ivanc/archimvp/model/Repository.java,uk.ivanc.archimvp.model.Repository$Anonymous1,createFromParcel/1[uk.ivanc.archimvp.model.Parcel],source,1
/Users/sirojiddinkomolov/Documents/innopolis/research/arch_design_pattern_detection/exps/3rd_revision/coach_repos_r/archi-mvp/src/main/java/uk/ivanc/archimvp/view/MainMvpView.java,uk.ivanc.archimvp.view.MainMvpView,showMessage/1[int],stringId,0
/Users/sirojiddinkomolov/Documents/innopolis/research/arch_design_pattern_detection/exps/3rd_revision/coach_repos_r/archi-mvp/src/main/java/uk/ivanc/archimvp/view/MainMvpView.java,uk.ivanc.archimvp.view.MainMvpView,showRepositories/1[java.util.List<uk.ivanc.archimvp.model.Repository>],repositories,0
/Users/sirojiddinkomolov/Documents/innopolis/research/arch_design_pattern_detection/exps/3rd_revision/coach_repos_r/archi-mvp/src/main/java/uk/ivanc/archimvp/model/Repository.java,uk.ivanc.archimvp.model.Repository,"writeToParcel/2[uk.ivanc.archimvp.model.Parcel,int]",flags,0
/Users/sirojiddinkomolov/Documents/innopolis/research/arch_design_pattern_detection/exps/3rd_revision/coach_repos_r/archi-mvp/src/main/java/uk/ivanc/archimvp/model/Repository.java,uk.ivanc.archimvp.model.Repository,"writeToParcel/2[uk.ivanc.archimvp.model.Parcel,int]",dest,10
/Users/sirojiddinkomolov/Documents/innopolis/research/arch_design_pattern_detection/exps/3rd_revision/coach_repos_r/archi-mvp/src/main/java/uk/ivanc/archimvp/model/Repository.java,uk.ivanc.archimvp.model.Repository,equals/1[java.lang.Object],that,15
/Users/sirojiddinkomolov/Documents/innopolis/research/arch_design_pattern_detection/exps/3rd_revision/coach_repos_r/archi-mvp/src/main/java/uk/ivanc/archimvp/model/Repository.java,uk.ivanc.archimvp.model.Repository,equals/1[java.lang.Object],o,4
/Users/sirojiddinkomolov/Documents/innopolis/research/arch_design_pattern_detection/exps/3rd_revision/coach_repos_r/archi-mvp/src/main/java/uk/ivanc/archimvp/model/Repository.java,uk.ivanc.archimvp.model.Repository,hashCode/0,result,19
/Users/sirojiddinkomolov/Documents/innopolis/research/arch_design_pattern_detection/exps/3rd_revision/coach_repos_r/archi-mvp/src/main/java/uk/ivanc/archimvp/model/Repository.java,uk.ivanc.archimvp.model.Repository,Repository/1[uk.ivanc.archimvp.model.Parcel],in,10
/Users/sirojiddinkomolov/Documents/innopolis/research/arch_design_pattern_detection/exps/3rd_revision/coach_repos_r/archi-mvp/src/test/java/uk/ivanc/archimvp/RepositoryPresenterTest.java,uk.ivanc.archimvp.RepositoryPresenterTest,setUp/0,application,4
/Users/sirojiddinkomolov/Documents/innopolis/research/arch_design_pattern_detection/exps/3rd_revision/coach_repos_r/archi-mvp/src/test/java/uk/ivanc/archimvp/RepositoryPresenterTest.java,uk.ivanc.archimvp.RepositoryPresenterTest,loadOwnerCallsShowOwner/0,owner,2
/Users/sirojiddinkomolov/Documents/innopolis/research/arch_design_pattern_detection/exps/3rd_revision/coach_repos_r/archi-mvp/src/test/java/uk/ivanc/archimvp/RepositoryPresenterTest.java,uk.ivanc.archimvp.RepositoryPresenterTest,loadOwnerCallsShowOwner/0,userUrl,2
/Users/sirojiddinkomolov/Documents/innopolis/research/arch_design_pattern_detection/exps/3rd_revision/coach_repos_r/archi-mvp/src/main/java/uk/ivanc/archimvp/RepositoryAdapter.java,uk.ivanc.archimvp.RepositoryAdapter$Anonymous1,onClick/1[uk.ivanc.archimvp.View],v,0
/Users/sirojiddinkomolov/Documents/innopolis/research/arch_design_pattern_detection/exps/3rd_revision/coach_repos_r/archi-mvp/src/main/java/uk/ivanc/archimvp/view/MainActivity.java,uk.ivanc.archimvp.view.MainActivity,onCreate/1[uk.ivanc.archimvp.view.Bundle],savedInstanceState,1
/Users/sirojiddinkomolov/Documents/innopolis/research/arch_design_pattern_detection/exps/3rd_revision/coach_repos_r/archi-mvp/src/main/java/uk/ivanc/archimvp/view/MainActivity.java,uk.ivanc.archimvp.view.MainActivity,hideSoftKeyboard/0,imm,1
/Users/sirojiddinkomolov/Documents/innopolis/research/arch_design_pattern_detection/exps/3rd_revision/coach_repos_r/archi-mvp/src/main/java/uk/ivanc/archimvp/view/MainActivity.java,uk.ivanc.archimvp.view.MainActivity,showMessage/1[int],stringId,1
/Users/sirojiddinkomolov/Documents/innopolis/research/arch_design_pattern_detection/exps/3rd_revision/coach_repos_r/archi-mvp/src/main/java/uk/ivanc/archimvp/view/MainActivity.java,uk.ivanc.archimvp.view.MainActivity,showRepositories/1[java.util.List<uk.ivanc.archimvp.model.Repository>],adapter,2
/Users/sirojiddinkomolov/Documents/innopolis/research/arch_design_pattern_detection/exps/3rd_revision/coach_repos_r/archi-mvp/src/main/java/uk/ivanc/archimvp/view/MainActivity.java,uk.ivanc.archimvp.view.MainActivity,showRepositories/1[java.util.List<uk.ivanc.archimvp.model.Repository>],repositories,1
/Users/sirojiddinkomolov/Documents/innopolis/research/arch_design_pattern_detection/exps/3rd_revision/coach_repos_r/archi-mvp/src/main/java/uk/ivanc/archimvp/view/MainActivity.java,uk.ivanc.archimvp.view.MainActivity,setupRecyclerView/1[uk.ivanc.archimvp.view.RecyclerView],adapter,2
/Users/sirojiddinkomolov/Documents/innopolis/research/arch_design_pattern_detection/exps/3rd_revision/coach_repos_r/archi-mvp/src/main/java/uk/ivanc/archimvp/view/MainActivity.java,uk.ivanc.archimvp.view.MainActivity,setupRecyclerView/1[uk.ivanc.archimvp.view.RecyclerView],recyclerView,2
/Users/sirojiddinkomolov/Documents/innopolis/research/arch_design_pattern_detection/exps/3rd_revision/coach_repos_r/archi-mvp/src/test/java/uk/ivanc/archimvp/MainPresenterTest.java,uk.ivanc.archimvp.MainPresenterTest,loadRepositoriesCallsShowMessage_withEmptyReposString/0,username,2
/Users/sirojiddinkomolov/Documents/innopolis/research/arch_design_pattern_detection/exps/3rd_revision/coach_repos_r/archi-mvp/src/test/java/uk/ivanc/archimvp/MainPresenterTest.java,uk.ivanc.archimvp.MainPresenterTest,setUp/0,application,4
/Users/sirojiddinkomolov/Documents/innopolis/research/arch_design_pattern_detection/exps/3rd_revision/coach_repos_r/archi-mvp/src/test/java/uk/ivanc/archimvp/MainPresenterTest.java,uk.ivanc.archimvp.MainPresenterTest,loadRepositoriesCallsShowMessage_withDefaultErrorString/0,username,2
/Users/sirojiddinkomolov/Documents/innopolis/research/arch_design_pattern_detection/exps/3rd_revision/coach_repos_r/archi-mvp/src/test/java/uk/ivanc/archimvp/MainPresenterTest.java,uk.ivanc.archimvp.MainPresenterTest,loadRepositoriesCallsShowRepositories/0,repositories,2
/Users/sirojiddinkomolov/Documents/innopolis/research/arch_design_pattern_detection/exps/3rd_revision/coach_repos_r/archi-mvp/src/test/java/uk/ivanc/archimvp/MainPresenterTest.java,uk.ivanc.archimvp.MainPresenterTest,loadRepositoriesCallsShowRepositories/0,username,2
/Users/sirojiddinkomolov/Documents/innopolis/research/arch_design_pattern_detection/exps/3rd_revision/coach_repos_r/archi-mvp/src/test/java/uk/ivanc/archimvp/MainPresenterTest.java,uk.ivanc.archimvp.MainPresenterTest,loadRepositoriesCallsShowMessage_withUsernameNotFoundString/0,mockHttpException,1
/Users/sirojiddinkomolov/Documents/innopolis/research/arch_design_pattern_detection/exps/3rd_revision/coach_repos_r/archi-mvp/src/test/java/uk/ivanc/archimvp/MainPresenterTest.java,uk.ivanc.archimvp.MainPresenterTest,loadRepositoriesCallsShowMessage_withUsernameNotFoundString/0,username,2
/Users/sirojiddinkomolov/Documents/innopolis/research/arch_design_pattern_detection/exps/3rd_revision/coach_repos_r/archi-mvp/src/main/java/uk/ivanc/archimvp/view/RepositoryActivity.java,uk.ivanc.archimvp.view.RepositoryActivity,bindRepositoryData/1[uk.ivanc.archimvp.model.Repository],repository,8
/Users/sirojiddinkomolov/Documents/innopolis/research/arch_design_pattern_detection/exps/3rd_revision/coach_repos_r/archi-mvp/src/main/java/uk/ivanc/archimvp/view/RepositoryActivity.java,uk.ivanc.archimvp.view.RepositoryActivity,"newIntent/2[uk.ivanc.archimvp.view.Context,uk.ivanc.archimvp.model.Repository]",context,1
/Users/sirojiddinkomolov/Documents/innopolis/research/arch_design_pattern_detection/exps/3rd_revision/coach_repos_r/archi-mvp/src/main/java/uk/ivanc/archimvp/view/RepositoryActivity.java,uk.ivanc.archimvp.view.RepositoryActivity,"newIntent/2[uk.ivanc.archimvp.view.Context,uk.ivanc.archimvp.model.Repository]",repository,1
/Users/sirojiddinkomolov/Documents/innopolis/research/arch_design_pattern_detection/exps/3rd_revision/coach_repos_r/archi-mvp/src/main/java/uk/ivanc/archimvp/view/RepositoryActivity.java,uk.ivanc.archimvp.view.RepositoryActivity,"newIntent/2[uk.ivanc.archimvp.view.Context,uk.ivanc.archimvp.model.Repository]",intent,2
/Users/sirojiddinkomolov/Documents/innopolis/research/arch_design_pattern_detection/exps/3rd_revision/coach_repos_r/archi-mvp/src/main/java/uk/ivanc/archimvp/view/RepositoryActivity.java,uk.ivanc.archimvp.view.RepositoryActivity,onCreate/1[uk.ivanc.archimvp.view.Bundle],savedInstanceState,1
/Users/sirojiddinkomolov/Documents/innopolis/research/arch_design_pattern_detection/exps/3rd_revision/coach_repos_r/archi-mvp/src/main/java/uk/ivanc/archimvp/view/RepositoryActivity.java,uk.ivanc.archimvp.view.RepositoryActivity,onCreate/1[uk.ivanc.archimvp.view.Bundle],actionBar,2
/Users/sirojiddinkomolov/Documents/innopolis/research/arch_design_pattern_detection/exps/3rd_revision/coach_repos_r/archi-mvp/src/main/java/uk/ivanc/archimvp/view/RepositoryActivity.java,uk.ivanc.archimvp.view.RepositoryActivity,onCreate/1[uk.ivanc.archimvp.view.Bundle],repository,2
/Users/sirojiddinkomolov/Documents/innopolis/research/arch_design_pattern_detection/exps/3rd_revision/coach_repos_r/archi-mvp/src/main/java/uk/ivanc/archimvp/view/RepositoryActivity.java,uk.ivanc.archimvp.view.RepositoryActivity,showOwner/1[uk.ivanc.archimvp.model.User],owner,5
