file,class,type,cbo,cboModified,fanin,fanout,wmc,dit,noc,rfc,lcom,lcom*,tcc,lcc,totalMethodsQty,staticMethodsQty,publicMethodsQty,privateMethodsQty,protectedMethodsQty,defaultMethodsQty,visibleMethodsQty,abstractMethodsQty,finalMethodsQty,synchronizedMethodsQty,totalFieldsQty,staticFieldsQty,publicFieldsQty,privateFieldsQty,protectedFieldsQty,defaultFieldsQty,finalFieldsQty,synchronizedFieldsQty,nosi,loc,returnQty,loopQty,comparisonsQty,tryCatchQty,parenthesizedExpsQty,stringLiteralsQty,numbersQty,assignmentsQty,mathOperationsQty,variablesQty,maxNestedBlocksQty,anonymousClassesQty,innerClassesQty,lambdasQty,uniqueWordsQty,modifiers,logStatementsQty
/home/arch_design_predict/download-github-repos/mvp/repos/DP7AndroidMVP-master/app/src/main/java/com/xperttech/utils/FilePickUtils.java,com.xperttech.utils.FilePickUtils,class,34,38,4,34,129,1,0,100,429,0.90367967,0.24264705,0.2720588,42,0,17,25,0,0,17,0,0,0,22,13,7,15,0,0,13,0,9,545,10,5,38,6,3,27,43,126,27,95,3,4,1,0,193,1,0
/home/arch_design_predict/download-github-repos/mvp/repos/DP7AndroidMVP-master/app/src/main/java/com/xperttech/interactor/AppInteractor.java,com.xperttech.interactor.AppInteractor$Anonymous1,anonymous,4,4,0,4,1,1,0,3,0,0.0,NaN,NaN,1,0,1,0,0,0,1,0,0,0,0,0,0,0,0,0,0,0,1,7,1,0,0,0,0,2,0,0,1,0,0,0,0,0,9,-1,0
/home/arch_design_predict/download-github-repos/mvp/repos/DP7AndroidMVP-master/app/src/main/java/com/xperttech/interactor/AppInteractor.java,com.xperttech.interactor.AppInteractor$Anonymous2,anonymous,2,2,0,2,1,1,0,1,0,0.0,NaN,NaN,1,0,1,0,0,0,1,0,0,0,0,0,0,0,0,0,0,0,0,5,0,0,0,0,0,0,0,0,0,0,0,0,0,0,6,-1,0
/home/arch_design_predict/download-github-repos/mvp/repos/DP7AndroidMVP-master/app/src/main/java/com/xperttech/interactor/AppInteractor.java,com.xperttech.interactor.AppInteractor$Anonymous3,anonymous,3,3,0,3,1,1,0,2,0,0.0,NaN,NaN,1,0,1,0,0,0,1,0,0,0,0,0,0,0,0,0,0,0,1,6,1,0,0,0,0,2,0,0,1,0,0,0,0,0,5,-1,0
/home/arch_design_predict/download-github-repos/mvp/repos/DP7AndroidMVP-master/app/src/main/java/com/xperttech/baseclasses/BaseView.java,com.xperttech.baseclasses.BaseView,interface,2,5,3,2,7,1,0,0,21,0.0,0.0,0.0,7,0,0,0,0,7,7,0,0,0,0,0,0,0,0,0,0,0,0,9,0,0,0,0,0,0,0,0,0,0,0,0,0,0,18,1,0
/home/arch_design_predict/download-github-repos/mvp/repos/DP7AndroidMVP-master/app/src/main/java/com/xperttech/validator/Validator.java,com.xperttech.validator.Validator,class,5,7,2,5,23,1,0,12,28,0.9166667,0.0,0.0,8,8,8,0,0,0,8,0,0,0,3,3,3,0,0,0,2,0,7,32,9,0,4,0,3,9,4,3,2,3,1,0,0,0,46,1,0
/home/arch_design_predict/download-github-repos/mvp/repos/DP7AndroidMVP-master/app/src/main/java/com/xperttech/baseclasses/BaseFragment.java,com.xperttech.baseclasses.BaseFragment,class,13,15,2,13,10,2,1,25,13,0.8333334,0.06666667,0.06666667,6,0,4,0,2,0,6,0,2,0,2,0,1,1,0,0,0,0,2,50,0,0,3,0,1,0,1,7,0,7,1,0,0,0,38,1025,0
/home/arch_design_predict/download-github-repos/mvp/repos/DP7AndroidMVP-master/app/src/main/java/com/xperttech/adapter/ExampleAdapter.java,com.xperttech.adapter.ExampleAdapter,class,6,6,0,6,3,4,0,0,3,0.6666667,0.0,0.0,3,0,3,0,0,0,3,0,0,0,2,0,0,2,0,0,0,0,0,21,1,0,0,0,0,0,0,4,0,3,0,0,1,0,19,1,0
/home/arch_design_predict/download-github-repos/mvp/repos/DP7AndroidMVP-master/app/src/main/java/com/xperttech/rest/RestClient.java,com.xperttech.rest.RestClient,class,9,12,3,9,7,1,0,15,15,0.90740746,0.0,0.0,6,6,5,1,0,0,5,0,0,0,9,9,0,9,0,0,2,0,1,84,5,0,1,0,0,3,1,14,0,14,1,3,0,0,47,1,0
/home/arch_design_predict/download-github-repos/mvp/repos/DP7AndroidMVP-master/app/src/main/java/com/xperttech/baseclasses/BaseActivity.java,com.xperttech.baseclasses.BaseActivity,class,20,24,4,20,24,2,1,33,91,0.9047619,0.06666667,0.06666667,15,0,8,0,7,0,15,0,2,0,7,0,5,2,0,0,0,0,0,104,2,0,6,0,0,0,1,9,0,12,1,0,0,0,75,1,0
/home/arch_design_predict/download-github-repos/mvp/repos/DP7AndroidMVP-master/app/src/main/java/com/xperttech/presenters/LoginPresenter.java,com.xperttech.presenters.LoginPresenter,class,9,11,2,9,5,2,0,11,1,0.0,NaN,NaN,2,0,1,1,0,0,1,0,0,0,0,0,0,0,0,0,0,0,2,38,0,0,2,0,4,0,0,3,0,1,1,1,0,0,23,1,0
/home/arch_design_predict/download-github-repos/mvp/repos/DP7AndroidMVP-master/app/src/main/java/com/xperttech/utils/FilePickUtils.java,com.xperttech.utils.FilePickUtils$OnFileChoose,interface,0,0,0,0,1,1,0,0,0,0.0,NaN,NaN,1,0,0,0,0,1,1,0,0,0,0,0,0,0,0,0,0,0,0,3,0,0,0,0,0,0,0,0,0,0,0,0,0,0,5,1,0
/home/arch_design_predict/download-github-repos/mvp/repos/DP7AndroidMVP-master/app/src/main/java/com/xperttech/utils/FilePickUtils.java,com.xperttech.utils.FilePickUtils$Anonymous1,anonymous,2,2,0,2,1,1,0,2,0,0.0,NaN,NaN,1,0,1,0,0,0,1,0,0,0,0,0,0,0,0,0,0,0,0,6,0,0,0,0,0,0,0,0,0,0,0,0,0,0,7,-1,0
/home/arch_design_predict/download-github-repos/mvp/repos/DP7AndroidMVP-master/app/src/main/java/com/xperttech/baseclasses/BaseRecyclerAdapter.java,com.xperttech.baseclasses.BaseRecyclerAdapter$RecycleOnItemEventListener,interface,1,1,0,1,2,1,0,0,1,0.0,0.0,0.0,2,0,2,0,0,0,2,0,0,0,0,0,0,0,0,0,0,0,0,4,0,0,0,0,0,0,0,0,0,0,0,0,0,0,11,1,0
/home/arch_design_predict/download-github-repos/mvp/repos/DP7AndroidMVP-master/app/src/main/java/com/xperttech/models/SampleResponse.java,com.xperttech.models.SampleResponse$Anonymous1,anonymous,2,2,0,2,2,1,0,0,1,0.0,0.0,0.0,2,0,2,0,0,0,2,0,0,0,0,0,0,0,0,0,0,0,0,8,2,0,0,0,0,0,0,0,0,0,0,0,0,0,9,-1,0
/home/arch_design_predict/download-github-repos/mvp/repos/DP7AndroidMVP-master/app/src/main/java/com/xperttech/utils/FilePickUtils.java,com.xperttech.utils.FilePickUtils$Anonymous4,anonymous,1,1,0,1,3,1,0,1,3,0.0,0.0,0.0,3,0,3,0,0,0,3,0,0,0,0,0,0,0,0,0,0,0,0,9,0,0,0,0,0,0,0,0,0,0,0,0,0,0,9,-1,0
/home/arch_design_predict/download-github-repos/mvp/repos/DP7AndroidMVP-master/app/src/main/java/com/xperttech/utils/FilePickUtils.java,com.xperttech.utils.FilePickUtils$Anonymous3,anonymous,2,2,0,2,1,1,0,2,0,0.0,NaN,NaN,1,0,1,0,0,0,1,0,0,0,0,0,0,0,0,0,0,0,0,5,1,0,0,0,0,0,0,0,0,0,0,0,0,0,5,-1,0
/home/arch_design_predict/download-github-repos/mvp/repos/DP7AndroidMVP-master/app/src/main/java/com/xperttech/utils/FilePickUtils.java,com.xperttech.utils.FilePickUtils$Anonymous2,anonymous,1,1,0,1,1,1,0,1,0,0.0,NaN,NaN,1,0,1,0,0,0,1,0,0,0,0,0,0,0,0,0,0,0,0,5,0,0,0,0,0,0,0,0,0,0,0,0,0,0,5,-1,0
/home/arch_design_predict/download-github-repos/mvp/repos/DP7AndroidMVP-master/app/src/main/java/com/xperttech/models/LoginResponse.java,com.xperttech.models.LoginResponse,class,3,11,8,3,4,2,0,0,2,0.5,0.33333334,0.33333334,4,0,4,0,0,0,4,0,0,0,2,0,0,2,0,0,0,0,0,16,2,0,0,0,0,2,0,2,0,2,0,0,0,0,13,1,0
/home/arch_design_predict/download-github-repos/mvp/repos/DP7AndroidMVP-master/app/src/main/java/com/xperttech/utils/AppUtils.java,com.xperttech.utils.AppUtils,class,18,28,10,18,38,1,0,57,210,0.95238096,0.0,0.0,21,21,18,1,0,2,20,0,0,0,1,1,0,1,0,0,0,0,14,137,13,2,8,3,7,9,10,26,8,22,2,0,0,0,108,1,0
/home/arch_design_predict/download-github-repos/mvp/repos/DP7AndroidMVP-master/app/src/main/java/com/xperttech/interactor/AppInteractor.java,com.xperttech.interactor.AppInteractor$Anonymous4,anonymous,2,2,0,2,1,1,0,1,0,0.0,NaN,NaN,1,0,1,0,0,0,1,0,0,0,0,0,0,0,0,0,0,0,0,5,0,0,0,0,0,0,0,0,0,0,0,0,0,0,6,-1,0
/home/arch_design_predict/download-github-repos/mvp/repos/DP7AndroidMVP-master/app/src/main/java/com/xperttech/interactor/AppInteractor.java,com.xperttech.interactor.AppInteractor$Anonymous5,anonymous,2,2,0,2,2,1,0,7,0,0.0,NaN,NaN,1,0,1,0,0,0,1,0,0,0,0,0,0,0,0,0,0,0,3,15,1,0,0,1,0,0,0,3,1,3,1,0,0,0,14,-1,0
/home/arch_design_predict/download-github-repos/mvp/repos/DP7AndroidMVP-master/app/src/main/java/com/xperttech/interactor/AppInteractor.java,com.xperttech.interactor.AppInteractor$Anonymous6,anonymous,1,1,0,1,1,1,0,1,0,0.0,NaN,NaN,1,0,1,0,0,0,1,0,0,0,0,0,0,0,0,0,0,0,0,5,0,0,0,0,0,0,0,0,0,0,0,0,0,0,4,-1,0
/home/arch_design_predict/download-github-repos/mvp/repos/DP7AndroidMVP-master/app/src/main/java/com/xperttech/validator/ValidationError.java,com.xperttech.validator.ValidationError,enum,0,1,1,0,0,1,0,0,0,0.0,-1.0,-1.0,0,0,0,0,0,0,0,0,0,0,0,0,0,0,0,0,0,0,0,1,0,0,0,0,0,0,0,0,0,0,0,0,0,0,8,1,0
/home/arch_design_predict/download-github-repos/mvp/repos/DP7AndroidMVP-master/app/src/main/java/com/xperttech/rest/ToStringConverterFactory.java,com.xperttech.rest.ToStringConverterFactory,class,5,6,1,5,4,2,0,1,1,0.0,0.0,0.0,2,0,2,0,0,0,2,0,0,0,0,0,0,0,0,0,0,0,0,24,4,0,0,0,0,0,0,0,0,0,1,2,0,0,14,1,0
/home/arch_design_predict/download-github-repos/mvp/repos/DP7AndroidMVP-master/app/src/main/java/com/xperttech/application/BaseApplication.java,com.xperttech.application.BaseApplication,class,2,4,2,2,2,2,0,1,0,0.0,1.0,1.0,2,1,2,0,0,0,2,0,0,0,1,1,0,1,0,0,0,0,0,10,1,0,0,0,0,0,0,2,0,1,0,0,0,0,9,1,0
/home/arch_design_predict/download-github-repos/mvp/repos/DP7AndroidMVP-master/app/src/main/java/com/xperttech/models/UserDataModel.java,com.xperttech.models.UserDataModel,class,1,4,3,1,10,1,0,0,35,0.8,0.11111111,0.11111111,10,0,10,0,0,0,10,0,0,0,5,0,0,5,0,0,0,0,0,37,5,0,0,0,0,10,0,10,0,5,0,0,0,0,16,1,0
/home/arch_design_predict/download-github-repos/mvp/repos/DP7AndroidMVP-master/app/src/main/java/com/xperttech/rest/RestClient.java,com.xperttech.rest.RestClient$Anonymous2,anonymous,3,3,0,3,2,1,0,9,0,0.0,NaN,NaN,1,0,1,0,0,0,1,0,0,0,0,0,0,0,0,0,0,0,0,13,2,0,0,0,0,0,0,5,0,5,1,0,0,0,13,-1,0
/home/arch_design_predict/download-github-repos/mvp/repos/DP7AndroidMVP-master/app/src/main/java/com/xperttech/rest/RestClient.java,com.xperttech.rest.RestClient$Anonymous3,anonymous,3,3,0,3,1,1,0,5,0,0.0,NaN,NaN,1,0,1,0,0,0,1,0,0,0,0,0,0,0,0,0,0,0,0,6,1,0,0,0,0,0,0,1,0,1,0,0,0,0,10,-1,0
/home/arch_design_predict/download-github-repos/mvp/repos/DP7AndroidMVP-master/app/src/main/java/com/xperttech/baseclasses/MVPActivity.java,com.xperttech.baseclasses.MVPActivity,class,10,12,2,10,7,3,0,7,15,0.5714286,0.14285715,0.14285715,7,0,6,0,1,0,7,2,0,0,1,0,0,1,0,0,0,0,1,23,3,0,0,0,0,0,0,1,0,1,0,0,0,0,21,1025,0
/home/arch_design_predict/download-github-repos/mvp/repos/DP7AndroidMVP-master/app/src/main/java/com/xperttech/rest/RestClient.java,com.xperttech.rest.RestClient$Anonymous1,anonymous,5,5,0,5,5,1,0,17,0,0.0,NaN,NaN,1,0,1,0,0,0,1,0,0,0,0,0,0,0,0,0,0,0,1,25,2,0,0,1,0,6,0,7,1,7,3,0,0,0,21,-1,0
/home/arch_design_predict/download-github-repos/mvp/repos/DP7AndroidMVP-master/app/src/main/java/com/xperttech/utils/MyPrefs.java,com.xperttech.utils.MyPrefs$Builder,innerclass,2,2,0,2,3,1,0,1,0,0.0,1.0,1.0,2,0,2,0,0,0,2,0,0,0,1,0,0,1,0,0,1,0,0,12,1,0,1,0,0,1,0,1,0,1,1,0,0,0,19,10,0
/home/arch_design_predict/download-github-repos/mvp/repos/DP7AndroidMVP-master/app/src/main/java/com/xperttech/views/LoginView.java,com.xperttech.views.LoginView,interface,2,2,0,2,0,1,0,0,0,0.0,-1.0,-1.0,0,0,0,0,0,0,0,0,0,0,0,0,0,0,0,0,0,0,0,2,0,0,0,0,0,0,0,0,0,0,0,0,0,0,2,1,0
/home/arch_design_predict/download-github-repos/mvp/repos/DP7AndroidMVP-master/app/src/main/java/com/xperttech/rest/ProgressResponseBody.java,com.xperttech.rest.ProgressResponseBody$ProgressUpdater,innerclass,1,1,0,1,2,1,0,1,0,0.16666667,1.0,1.0,2,0,2,0,0,0,2,0,0,0,3,0,0,3,0,0,0,0,0,13,0,0,0,0,0,0,0,3,0,3,0,0,0,0,10,2,0
/home/arch_design_predict/download-github-repos/mvp/repos/DP7AndroidMVP-master/app/src/main/java/com/xperttech/activity/LoginActivity.java,com.xperttech.activity.LoginActivity,class,17,19,2,17,16,4,0,31,64,0.8333333,0.0,0.0,12,0,8,4,0,0,8,0,0,0,2,0,0,0,0,2,0,0,12,66,2,0,0,0,0,0,0,1,0,3,1,0,0,0,45,1,0
/home/arch_design_predict/download-github-repos/mvp/repos/DP7AndroidMVP-master/app/src/main/java/com/xperttech/baseclasses/MVPFragment.java,com.xperttech.baseclasses.MVPFragment,class,12,13,1,12,7,3,0,9,15,0.5714286,0.14285715,0.14285715,7,0,7,0,0,0,7,2,0,0,1,0,0,1,0,0,0,0,1,23,3,0,0,0,0,0,0,1,0,1,0,0,0,0,25,1025,0
/home/arch_design_predict/download-github-repos/mvp/repos/DP7AndroidMVP-master/app/src/main/java/com/xperttech/interactor/InterActorOnUnsubscribe.java,com.xperttech.interactor.InterActorOnUnsubscribe,class,4,4,0,4,2,1,0,0,1,0.5,0.0,0.0,2,0,1,0,0,1,2,0,0,0,2,0,0,2,0,0,0,0,0,10,0,0,0,0,0,0,0,2,0,2,0,0,0,0,18,0,0
/home/arch_design_predict/download-github-repos/mvp/repos/DP7AndroidMVP-master/app/src/main/java/com/xperttech/constants/ApiParamEnum.java,com.xperttech.constants.ApiParamEnum,enum,0,3,3,0,2,1,0,0,0,0.0,1.0,1.0,2,0,1,0,0,1,2,0,0,0,1,0,0,1,0,0,0,0,0,8,1,0,0,0,0,9,0,1,0,1,0,0,0,0,29,1,0
/home/arch_design_predict/download-github-repos/mvp/repos/DP7AndroidMVP-master/app/src/main/java/com/xperttech/rest/ProgressRequestBody.java,com.xperttech.rest.ProgressRequestBody$ProgressUpdater,innerclass,1,1,0,1,2,1,0,1,0,0.0,1.0,1.0,2,0,2,0,0,0,2,0,0,0,3,0,0,3,0,0,0,0,0,13,0,0,0,0,1,0,1,3,2,3,0,0,0,0,10,2,0
/home/arch_design_predict/download-github-repos/mvp/repos/DP7AndroidMVP-master/app/src/main/java/com/xperttech/baseclasses/BasePresenter.java,com.xperttech.baseclasses.BasePresenter$MvpViewNotAttachedException,innerclass,0,0,0,0,1,4,0,0,0,0.0,NaN,NaN,1,0,1,0,0,0,1,0,0,0,0,0,0,0,0,0,0,0,0,5,0,0,0,0,0,1,0,0,0,0,0,0,0,0,12,9,0
/home/arch_design_predict/download-github-repos/mvp/repos/DP7AndroidMVP-master/app/src/main/java/com/xperttech/activity/MainActivity.java,com.xperttech.activity.MainActivity,class,2,2,0,2,1,2,0,2,0,0.0,NaN,NaN,1,0,0,0,1,0,1,0,0,0,0,0,0,0,0,0,0,0,0,6,0,0,0,0,0,0,0,0,0,0,0,0,0,0,13,1,0
/home/arch_design_predict/download-github-repos/mvp/repos/DP7AndroidMVP-master/app/src/main/java/com/xperttech/models/FileUri.java,com.xperttech.models.FileUri,class,1,3,2,1,4,1,0,0,2,0.5,0.33333334,0.33333334,4,0,4,0,0,0,4,0,0,0,2,0,0,2,0,0,0,0,0,16,2,0,0,0,0,0,0,2,0,2,0,0,0,0,10,1,0
/home/arch_design_predict/download-github-repos/mvp/repos/DP7AndroidMVP-master/app/src/main/java/com/xperttech/baseclasses/BasePresenter.java,com.xperttech.baseclasses.BasePresenter,class,7,12,5,7,14,4,0,4,19,0.7,0.2888889,0.46666667,10,0,5,0,3,2,10,0,3,0,3,0,0,2,1,0,0,0,0,44,4,0,3,0,0,0,0,4,0,3,1,0,1,0,33,1025,0
/home/arch_design_predict/download-github-repos/mvp/repos/DP7AndroidMVP-master/app/src/main/java/com/xperttech/presenters/LoginPresenter.java,com.xperttech.presenters.LoginPresenter$Anonymous1,anonymous,4,4,0,4,5,1,0,6,6,0.0,0.0,0.0,4,0,4,0,0,0,4,0,0,0,0,0,0,0,0,0,0,0,0,19,0,0,0,0,0,0,0,0,0,0,1,0,0,0,12,-1,0
/home/arch_design_predict/download-github-repos/mvp/repos/DP7AndroidMVP-master/app/src/main/java/com/xperttech/rest/RestService.java,com.xperttech.rest.RestService,interface,13,15,2,13,3,1,0,0,3,0.0,0.0,0.0,3,0,0,0,0,3,3,0,0,0,0,0,0,0,0,0,0,0,0,5,0,0,0,0,0,0,0,0,0,0,0,0,0,0,13,1,0
/home/arch_design_predict/download-github-repos/mvp/repos/DP7AndroidMVP-master/app/src/main/java/com/xperttech/interactor/InterActorOnSubscribe.java,com.xperttech.interactor.InterActorOnSubscribe,class,3,4,1,3,2,1,0,1,0,0.0,1.0,1.0,2,0,1,0,0,1,2,0,0,0,1,0,0,1,0,0,0,0,0,9,0,0,0,0,0,0,0,1,0,1,0,0,0,0,17,0,0
/home/arch_design_predict/download-github-repos/mvp/repos/DP7AndroidMVP-master/app/src/main/java/com/xperttech/baseclasses/BaseRecyclerAdapter.java,com.xperttech.baseclasses.BaseRecyclerAdapter$ViewHolder,innerclass,4,4,0,4,5,2,0,3,3,0.6666667,0.0,0.0,3,0,3,0,0,0,3,0,0,0,2,0,0,2,0,0,0,0,0,33,0,2,0,0,0,0,0,2,0,2,1,2,0,0,14,1,0
/home/arch_design_predict/download-github-repos/mvp/repos/DP7AndroidMVP-master/app/src/main/java/com/xperttech/models/SampleResponse.java,com.xperttech.models.SampleResponse,class,4,6,2,4,11,1,0,4,13,0.690909,0.38181818,0.8181818,11,0,10,0,1,0,11,0,0,0,5,1,1,4,0,0,1,0,0,54,5,0,0,0,0,0,1,9,0,5,0,1,0,0,28,1,0
/home/arch_design_predict/download-github-repos/mvp/repos/DP7AndroidMVP-master/app/src/main/java/com/xperttech/baseclasses/LifeCycleCallBackManager.java,com.xperttech.baseclasses.LifeCycleCallBackManager,interface,3,5,2,3,4,1,0,0,6,0.0,0.0,0.0,4,0,0,0,0,4,4,0,0,0,0,0,0,0,0,0,0,0,0,6,0,0,0,0,0,0,0,0,0,0,0,0,0,0,16,1,0
/home/arch_design_predict/download-github-repos/mvp/repos/DP7AndroidMVP-master/app/src/main/java/com/xperttech/constants/AppConstants.java,com.xperttech.constants.AppConstants,class,0,0,0,0,0,1,0,0,0,NaN,-1.0,-1.0,0,0,0,0,0,0,0,0,0,0,3,3,3,0,0,0,3,0,0,5,0,0,0,0,0,2,1,3,0,3,0,0,0,0,26,1,0
/home/arch_design_predict/download-github-repos/mvp/repos/DP7AndroidMVP-master/app/src/main/java/com/xperttech/rest/ProgressRequestBody.java,com.xperttech.rest.ProgressRequestBody,class,7,7,0,7,6,2,0,6,0,0.55,0.6666667,1.0,4,0,4,0,0,0,4,0,0,0,5,1,0,5,0,0,1,0,0,59,2,1,1,1,2,0,7,15,3,13,3,0,2,0,49,1,0
/home/arch_design_predict/download-github-repos/mvp/repos/DP7AndroidMVP-master/app/src/main/java/com/xperttech/interactor/InterActorSubscriber.java,com.xperttech.interactor.InterActorSubscriber,class,6,7,1,6,9,2,0,7,0,0.33333334,1.0,1.0,3,0,2,0,0,1,3,0,0,0,3,0,0,3,0,0,1,0,4,31,0,0,0,0,0,0,0,3,0,3,2,0,0,0,47,1024,0
/home/arch_design_predict/download-github-repos/mvp/repos/DP7AndroidMVP-master/app/src/main/java/com/xperttech/rest/ProgressRequestBody.java,com.xperttech.rest.ProgressRequestBody$UploadCallbacks,interface,0,0,0,0,1,1,0,0,0,0.0,NaN,NaN,1,0,0,0,0,1,1,0,0,0,0,0,0,0,0,0,0,0,0,3,0,0,0,0,0,0,0,0,0,0,0,0,0,0,6,1,0
/home/arch_design_predict/download-github-repos/mvp/repos/DP7AndroidMVP-master/app/src/main/java/com/xperttech/rest/ToStringConverterFactory.java,com.xperttech.rest.ToStringConverterFactory$Anonymous2,anonymous,0,0,0,0,1,1,0,0,0,0.0,NaN,NaN,1,0,1,0,0,0,1,0,0,0,0,0,0,0,0,0,0,0,0,5,1,0,0,0,0,0,0,0,0,0,0,0,0,0,5,-1,0
/home/arch_design_predict/download-github-repos/mvp/repos/DP7AndroidMVP-master/app/src/main/java/com/xperttech/baseclasses/BaseRecyclerAdapter.java,com.xperttech.baseclasses.BaseRecyclerAdapter,class,5,7,2,5,5,2,0,2,0,0.5,0.6,0.6,5,0,5,0,0,0,5,0,1,0,2,0,0,2,0,0,0,0,0,57,4,0,0,0,0,0,0,2,0,2,0,0,2,0,19,1025,0
/home/arch_design_predict/download-github-repos/mvp/repos/DP7AndroidMVP-master/app/src/main/java/com/xperttech/rest/ToStringConverterFactory.java,com.xperttech.rest.ToStringConverterFactory$Anonymous1,anonymous,1,1,0,1,1,1,0,1,0,0.0,NaN,NaN,1,0,1,0,0,0,1,0,0,0,0,0,0,0,0,0,0,0,0,5,1,0,0,0,0,0,0,0,0,0,0,0,0,0,7,-1,0
/home/arch_design_predict/download-github-repos/mvp/repos/DP7AndroidMVP-master/app/src/main/java/com/xperttech/adapter/ExampleAdapter.java,com.xperttech.adapter.ExampleAdapter$DataObjectHolder,innerclass,2,2,0,2,1,3,0,1,0,0.0,NaN,NaN,1,0,0,0,0,1,1,0,0,0,0,0,0,0,0,0,0,0,0,6,0,0,0,0,0,0,0,0,0,0,0,0,0,0,8,0,0
/home/arch_design_predict/download-github-repos/mvp/repos/DP7AndroidMVP-master/app/src/main/java/com/xperttech/baseclasses/BaseRecyclerAdapter.java,com.xperttech.baseclasses.BaseRecyclerAdapter$ViewHolder$Anonymous2,anonymous,2,2,0,2,2,1,0,2,0,0.0,NaN,NaN,1,0,1,0,0,0,1,0,0,0,0,0,0,0,0,0,0,0,0,8,1,0,1,0,0,0,0,0,0,0,1,0,0,0,13,-1,0
/home/arch_design_predict/download-github-repos/mvp/repos/DP7AndroidMVP-master/app/src/main/java/com/xperttech/models/Response.java,com.xperttech.models.Response,class,1,5,4,1,6,1,1,0,9,0.6666667,0.2,0.2,6,0,6,0,0,0,6,0,0,0,3,0,0,0,0,3,0,0,0,23,3,0,0,0,0,3,0,3,0,3,0,0,0,0,12,1,0
/home/arch_design_predict/download-github-repos/mvp/repos/DP7AndroidMVP-master/app/src/main/java/com/xperttech/baseclasses/BaseRecyclerAdapter.java,com.xperttech.baseclasses.BaseRecyclerAdapter$ViewHolder$Anonymous1,anonymous,2,2,0,2,2,1,0,2,0,0.0,NaN,NaN,1,0,1,0,0,0,1,0,0,0,0,0,0,0,0,0,0,0,0,7,0,0,1,0,0,0,0,0,0,0,1,0,0,0,11,-1,0
/home/arch_design_predict/download-github-repos/mvp/repos/DP7AndroidMVP-master/app/src/main/java/com/xperttech/interactor/InterActorCallback.java,com.xperttech.interactor.InterActorCallback,interface,1,7,6,1,4,1,0,0,6,0.0,0.0,0.0,4,0,0,0,0,4,4,0,0,0,0,0,0,0,0,0,0,0,0,6,0,0,0,0,0,0,0,0,0,0,0,0,0,0,10,1,0
/home/arch_design_predict/download-github-repos/mvp/repos/DP7AndroidMVP-master/app/src/main/java/com/xperttech/interactor/AppInteractor.java,com.xperttech.interactor.AppInteractor,class,13,19,6,13,10,1,0,22,22,0.625,0.06666667,0.06666667,8,0,6,2,0,0,6,0,0,0,1,0,1,0,0,0,0,0,4,76,4,1,0,0,0,0,0,3,1,3,1,6,0,0,36,1,0
/home/arch_design_predict/download-github-repos/mvp/repos/DP7AndroidMVP-master/app/src/main/java/com/xperttech/constants/ApiRequestUrlEnum.java,com.xperttech.constants.ApiRequestUrlEnum,enum,0,1,1,0,2,1,0,0,0,0.0,1.0,1.0,2,0,1,0,0,1,2,0,0,0,1,0,0,1,0,0,0,0,0,8,1,0,0,0,0,1,0,1,1,1,0,0,0,0,20,1,0
/home/arch_design_predict/download-github-repos/mvp/repos/DP7AndroidMVP-master/app/src/main/java/com/xperttech/utils/MyPrefs.java,com.xperttech.utils.MyPrefs,class,8,13,5,8,25,1,0,21,118,0.8518518,0.28623188,0.48913044,24,2,24,0,0,0,24,0,0,0,9,8,3,3,0,3,4,0,0,100,11,0,1,0,0,6,0,11,0,9,1,0,1,0,59,1,0
/home/arch_design_predict/download-github-repos/mvp/repos/DP7AndroidMVP-master/app/src/main/java/com/xperttech/utils/ImageUtils.java,com.xperttech.utils.ImageUtils,class,4,5,1,4,2,1,0,4,1,0.0,0.0,0.0,2,2,2,0,0,0,2,0,0,0,0,0,0,0,0,0,0,0,1,8,0,0,0,0,0,0,0,0,0,0,0,0,0,0,13,1,0
/home/arch_design_predict/download-github-repos/mvp/repos/DP7AndroidMVP-master/app/src/main/java/com/xperttech/rest/ProgressResponseBody.java,com.xperttech.rest.ProgressResponseBody,class,8,10,2,8,6,2,0,5,0,0.65,1.0,1.0,5,0,4,1,0,0,4,0,0,0,4,0,0,4,0,0,1,0,0,50,4,0,1,0,0,0,0,4,0,4,1,1,1,0,18,1,0
/home/arch_design_predict/download-github-repos/mvp/repos/DP7AndroidMVP-master/app/src/main/java/com/xperttech/rest/ProgressResponseBody.java,com.xperttech.rest.ProgressResponseBody$Anonymous1,anonymous,3,3,0,3,3,1,0,4,0,0.0,NaN,NaN,1,0,1,0,0,0,1,0,0,0,1,0,0,0,0,1,0,0,0,11,1,0,2,0,2,0,6,5,2,4,0,0,0,0,19,-1,0
/home/arch_design_predict/download-github-repos/mvp/repos/DP7AndroidMVP-master/app/src/main/java/com/xperttech/validator/ValidationErrorModel.java,com.xperttech.validator.ValidationErrorModel,class,1,5,4,1,6,1,0,0,3,0.5,0.4,0.6666667,6,0,6,0,0,0,6,0,0,0,2,0,0,2,0,0,0,0,0,22,2,0,0,0,0,0,0,4,0,2,0,0,0,0,10,1,0
/home/arch_design_predict/download-github-repos/mvp/repos/DP7AndroidMVP-master/app/src/main/java/com/xperttech/views/ValidationErrorView.java,com.xperttech.views.ValidationErrorView,interface,3,6,3,3,1,1,0,0,0,0.0,NaN,NaN,1,0,0,0,0,1,1,0,0,0,0,0,0,0,0,0,0,0,0,3,0,0,0,0,0,0,0,0,0,0,0,0,0,0,7,1,0
