file,class,method,constructor,line,cbo,cboModified,fanin,fanout,wmc,rfc,loc,returnsQty,variablesQty,parametersQty,methodsInvokedQty,methodsInvokedLocalQty,methodsInvokedIndirectLocalQty,loopQty,comparisonsQty,tryCatchQty,parenthesizedExpsQty,stringLiteralsQty,numbersQty,assignmentsQty,mathOperationsQty,maxNestedBlocksQty,anonymousClassesQty,innerClassesQty,lambdasQty,uniqueWordsQty,modifiers,logStatementsQty,hasJavaDoc
/home/arch_design_predict/download-github-repos/mvp/repos/DP7AndroidMVP-master/app/src/main/java/com/xperttech/utils/FilePickUtils.java,com.xperttech.utils.FilePickUtils,"requestImageCamera/2[int,boolean]",false,208,1,6,0,6,6,6,19,0,2,2,6,6,4,0,0,0,0,0,0,4,0,1,0,0,0,28,1,0,false
/home/arch_design_predict/download-github-repos/mvp/repos/DP7AndroidMVP-master/app/src/main/java/com/xperttech/utils/FilePickUtils.java,com.xperttech.utils.FilePickUtils,checkPermission/1[java.lang.String],false,286,0,6,6,0,3,1,3,1,0,1,1,0,0,0,1,0,0,0,0,0,0,0,0,0,0,3,2,0,false
/home/arch_design_predict/download-github-repos/mvp/repos/DP7AndroidMVP-master/app/src/main/java/com/xperttech/utils/FilePickUtils.java,com.xperttech.utils.FilePickUtils,getFileType/0,false,695,1,0,0,0,1,0,3,1,0,0,0,0,0,0,0,0,0,0,0,0,0,0,0,0,0,4,1,0,false
/home/arch_design_predict/download-github-repos/mvp/repos/DP7AndroidMVP-master/app/src/main/java/com/xperttech/utils/FilePickUtils.java,com.xperttech.utils.FilePickUtils,setAllowDelete/1[boolean],false,105,0,0,0,0,1,0,3,0,0,1,0,0,0,0,0,0,0,0,0,1,0,0,0,0,0,4,1,0,false
/home/arch_design_predict/download-github-repos/mvp/repos/DP7AndroidMVP-master/app/src/main/java/com/xperttech/utils/FilePickUtils.java,com.xperttech.utils.FilePickUtils,onStartActivity/0,false,455,0,0,0,0,1,0,2,0,0,0,0,0,0,0,0,0,0,0,0,0,0,0,0,0,0,3,1,0,false
/home/arch_design_predict/download-github-repos/mvp/repos/DP7AndroidMVP-master/app/src/main/java/com/xperttech/utils/FilePickUtils.java,com.xperttech.utils.FilePickUtils,setFileType/1[int],false,699,1,5,5,0,1,0,3,0,0,1,0,0,0,0,0,0,0,0,0,1,0,0,0,0,0,4,1,0,false
/home/arch_design_predict/download-github-repos/mvp/repos/DP7AndroidMVP-master/app/src/main/java/com/xperttech/utils/FilePickUtils.java,com.xperttech.utils.FilePickUtils,"onFileChoose/2[java.lang.String,int]",false,670,1,4,3,1,2,1,5,0,0,2,1,0,0,0,1,0,0,0,0,0,0,1,0,0,0,7,2,0,false
/home/arch_design_predict/download-github-repos/mvp/repos/DP7AndroidMVP-master/app/src/main/java/com/xperttech/utils/FilePickUtils.java,com.xperttech.utils.FilePickUtils,selectImageVideoFromGallery/0,false,202,2,3,2,1,1,2,5,0,1,0,2,1,1,0,0,0,0,1,0,1,0,0,0,0,0,13,2,0,false
/home/arch_design_predict/download-github-repos/mvp/repos/DP7AndroidMVP-master/app/src/main/java/com/xperttech/utils/FilePickUtils.java,com.xperttech.utils.FilePickUtils,"requestPermissionWithRationale/3[java.lang.String[],int,java.lang.String]",false,292,4,5,4,1,4,8,26,0,2,3,8,1,1,1,0,0,0,5,0,3,1,2,2,0,0,22,2,0,false
/home/arch_design_predict/download-github-repos/mvp/repos/DP7AndroidMVP-master/app/src/main/java/com/xperttech/utils/FilePickUtils.java,com.xperttech.utils.FilePickUtils,onStoragePermissionGrantedGallery/0,false,343,1,4,1,3,3,3,11,0,0,0,3,3,4,0,2,0,0,0,0,0,0,1,0,0,0,25,2,0,false
/home/arch_design_predict/download-github-repos/mvp/repos/DP7AndroidMVP-master/app/src/main/java/com/xperttech/utils/FilePickUtils.java,com.xperttech.utils.FilePickUtils,requestVideoFromCamera/1[int],false,140,1,6,0,6,6,6,18,0,2,1,6,6,4,0,0,0,0,0,0,3,0,1,0,0,0,26,1,0,false
/home/arch_design_predict/download-github-repos/mvp/repos/DP7AndroidMVP-master/app/src/main/java/com/xperttech/utils/FilePickUtils.java,com.xperttech.utils.FilePickUtils,performCrop/1[com.xperttech.utils.Uri],false,676,3,4,2,2,2,7,9,0,1,1,7,0,0,0,1,0,0,1,4,1,0,1,0,0,0,11,1,0,false
/home/arch_design_predict/download-github-repos/mvp/repos/DP7AndroidMVP-master/app/src/main/java/com/xperttech/utils/FilePickUtils.java,com.xperttech.utils.FilePickUtils,requestPermissionForCamera/0,false,252,2,3,2,1,1,1,4,0,1,0,1,1,2,0,0,0,0,1,0,1,0,0,0,0,0,7,2,0,false
/home/arch_design_predict/download-github-repos/mvp/repos/DP7AndroidMVP-master/app/src/main/java/com/xperttech/utils/FilePickUtils.java,com.xperttech.utils.FilePickUtils,onStoragePermissionGrantedCamera/0,false,353,1,3,1,2,2,2,8,0,0,0,2,2,3,0,1,0,0,0,0,0,0,1,0,0,0,22,2,0,false
/home/arch_design_predict/download-github-repos/mvp/repos/DP7AndroidMVP-master/app/src/main/java/com/xperttech/utils/FilePickUtils.java,com.xperttech.utils.FilePickUtils,onCameraPermissionGranted/0,false,361,1,3,1,2,2,2,8,0,0,0,2,2,3,0,1,0,0,0,0,0,0,1,0,0,0,21,2,0,false
/home/arch_design_predict/download-github-repos/mvp/repos/DP7AndroidMVP-master/app/src/main/java/com/xperttech/utils/FilePickUtils.java,com.xperttech.utils.FilePickUtils,selectVideoFromCamera/0,false,159,6,8,4,4,3,9,19,0,6,0,9,1,1,1,1,0,0,2,0,7,1,2,0,0,0,26,2,0,false
/home/arch_design_predict/download-github-repos/mvp/repos/DP7AndroidMVP-master/app/src/main/java/com/xperttech/utils/FilePickUtils.java,com.xperttech.utils.FilePickUtils,onCameraButStoragePermissionGranted/0,false,369,1,3,1,2,2,2,8,0,0,0,2,2,3,0,1,0,0,0,0,0,0,1,0,0,0,23,2,0,false
/home/arch_design_predict/download-github-repos/mvp/repos/DP7AndroidMVP-master/app/src/main/java/com/xperttech/utils/FilePickUtils.java,com.xperttech.utils.FilePickUtils,getImageContentUri/1[java.io.File],false,603,4,1,0,1,4,13,20,3,4,1,13,1,1,0,1,0,0,2,0,4,2,2,0,0,0,17,1,0,false
/home/arch_design_predict/download-github-repos/mvp/repos/DP7AndroidMVP-master/app/src/main/java/com/xperttech/utils/FilePickUtils.java,com.xperttech.utils.FilePickUtils,requestVideoFromGallery/1[int],false,113,1,4,0,4,2,4,11,0,1,1,4,4,4,0,0,0,0,0,0,2,0,1,0,0,0,26,1,0,false
/home/arch_design_predict/download-github-repos/mvp/repos/DP7AndroidMVP-master/app/src/main/java/com/xperttech/utils/FilePickUtils.java,com.xperttech.utils.FilePickUtils,"requestImageGallery/2[int,boolean]",false,184,1,4,0,4,2,4,12,0,1,2,4,4,4,0,0,0,0,0,0,3,0,1,0,0,0,28,1,0,false
/home/arch_design_predict/download-github-repos/mvp/repos/DP7AndroidMVP-master/app/src/main/java/com/xperttech/utils/FilePickUtils.java,com.xperttech.utils.FilePickUtils,"onActivityResult/3[int,int,com.xperttech.utils.Intent]",false,377,4,4,0,4,6,7,18,0,3,3,7,4,3,0,1,0,0,0,0,3,0,2,0,0,0,17,1,0,false
/home/arch_design_predict/download-github-repos/mvp/repos/DP7AndroidMVP-master/app/src/main/java/com/xperttech/utils/FilePickUtils.java,com.xperttech.utils.FilePickUtils,"onRequestPermissionsResult/3[int,java.lang.String[],int[]]",false,329,3,4,0,4,10,4,14,0,0,3,4,4,8,0,9,0,0,0,5,0,0,1,0,0,0,29,1,0,false
/home/arch_design_predict/download-github-repos/mvp/repos/DP7AndroidMVP-master/app/src/main/java/com/xperttech/utils/FilePickUtils.java,com.xperttech.utils.FilePickUtils,getRealPathFromURI/1[java.lang.String],false,591,2,2,2,0,2,7,12,2,3,1,7,0,0,0,1,0,0,0,0,3,0,1,0,0,0,13,2,0,false
/home/arch_design_predict/download-github-repos/mvp/repos/DP7AndroidMVP-master/app/src/main/java/com/xperttech/utils/FilePickUtils.java,com.xperttech.utils.FilePickUtils,"FilePickUtils/2[com.xperttech.utils.Fragment,com.xperttech.utils.FilePickUtils.OnFileChoose]",true,98,2,0,0,0,1,1,6,0,0,2,1,0,0,0,0,0,0,0,0,3,0,0,0,0,0,8,1,0,false
/home/arch_design_predict/download-github-repos/mvp/repos/DP7AndroidMVP-master/app/src/main/java/com/xperttech/utils/FilePickUtils.java,com.xperttech.utils.FilePickUtils,onDestroy/0,false,439,0,0,0,0,6,3,13,0,2,0,3,0,0,1,1,0,0,0,0,5,0,3,0,0,0,15,1,0,false
/home/arch_design_predict/download-github-repos/mvp/repos/DP7AndroidMVP-master/app/src/main/java/com/xperttech/utils/FilePickUtils.java,com.xperttech.utils.FilePickUtils,"calculateInSampleSize/3[BitmapFactory.Options,int,int]",false,652,1,1,1,0,5,1,16,1,7,3,1,0,0,1,0,0,1,0,2,8,6,1,0,0,0,15,2,0,false
/home/arch_design_predict/download-github-repos/mvp/repos/DP7AndroidMVP-master/app/src/main/java/com/xperttech/utils/FilePickUtils.java,com.xperttech.utils.FilePickUtils,performImageProcessing/1[java.lang.String],false,460,3,3,3,0,1,6,17,0,0,1,6,0,0,0,0,0,0,0,0,0,0,0,2,0,0,16,2,0,false
/home/arch_design_predict/download-github-repos/mvp/repos/DP7AndroidMVP-master/app/src/main/java/com/xperttech/utils/FilePickUtils.java,com.xperttech.utils.FilePickUtils,"FilePickUtils/2[com.xperttech.utils.Activity,com.xperttech.utils.FilePickUtils.OnFileChoose]",true,92,2,0,0,0,1,0,5,0,0,2,0,0,0,0,0,0,0,0,0,2,0,0,0,0,0,8,1,0,false
/home/arch_design_predict/download-github-repos/mvp/repos/DP7AndroidMVP-master/app/src/main/java/com/xperttech/utils/FilePickUtils.java,com.xperttech.utils.FilePickUtils,selectImageFromCamera/0,false,226,6,8,4,4,3,9,17,0,6,0,9,1,1,1,1,0,0,2,0,7,1,2,0,0,0,26,2,0,false
/home/arch_design_predict/download-github-repos/mvp/repos/DP7AndroidMVP-master/app/src/main/java/com/xperttech/utils/FilePickUtils.java,com.xperttech.utils.FilePickUtils,onCameraResult/1[com.xperttech.utils.Intent],false,398,3,4,1,3,4,4,14,0,1,1,4,3,1,0,2,0,0,0,0,1,0,2,0,0,0,32,2,0,false
/home/arch_design_predict/download-github-repos/mvp/repos/DP7AndroidMVP-master/app/src/main/java/com/xperttech/utils/FilePickUtils.java,com.xperttech.utils.FilePickUtils,requestImageVideoFromGallery/1[int],false,124,1,4,0,4,2,4,11,0,1,1,4,4,4,0,0,0,0,0,0,2,0,1,0,0,0,30,1,0,false
/home/arch_design_predict/download-github-repos/mvp/repos/DP7AndroidMVP-master/app/src/main/java/com/xperttech/utils/FilePickUtils.java,com.xperttech.utils.FilePickUtils,selectImageFromGallery/0,false,196,2,3,2,1,1,2,5,0,1,0,2,1,1,0,0,0,0,1,0,1,0,0,0,0,0,11,2,0,false
/home/arch_design_predict/download-github-repos/mvp/repos/DP7AndroidMVP-master/app/src/main/java/com/xperttech/utils/FilePickUtils.java,com.xperttech.utils.FilePickUtils,requestPermissionForCameraButStorage/0,false,258,2,3,2,1,1,1,4,0,1,0,1,1,2,0,0,0,0,1,0,1,0,0,0,0,0,9,2,0,false
/home/arch_design_predict/download-github-repos/mvp/repos/DP7AndroidMVP-master/app/src/main/java/com/xperttech/utils/FilePickUtils.java,com.xperttech.utils.FilePickUtils,"startActivityForResult/2[com.xperttech.utils.Intent,int]",false,278,1,5,5,0,3,1,8,0,0,2,1,0,0,0,2,0,0,0,0,0,0,1,0,0,0,10,2,0,false
/home/arch_design_predict/download-github-repos/mvp/repos/DP7AndroidMVP-master/app/src/main/java/com/xperttech/utils/FilePickUtils.java,com.xperttech.utils.FilePickUtils,"requestPermissions/2[java.lang.String[],int]",false,321,1,2,2,0,3,1,8,0,0,2,1,0,0,0,2,0,0,0,0,0,0,1,0,0,0,7,2,0,false
/home/arch_design_predict/download-github-repos/mvp/repos/DP7AndroidMVP-master/app/src/main/java/com/xperttech/utils/FilePickUtils.java,com.xperttech.utils.FilePickUtils,requestPermissionForExternalStorage/0,false,264,2,4,3,1,1,1,4,0,1,0,1,1,2,0,0,0,0,1,0,1,0,0,0,0,0,8,2,0,false
/home/arch_design_predict/download-github-repos/mvp/repos/DP7AndroidMVP-master/app/src/main/java/com/xperttech/utils/FilePickUtils.java,com.xperttech.utils.FilePickUtils,refreshMediaProvider/1[java.lang.String],false,632,1,1,1,0,5,5,22,0,1,1,5,0,0,0,1,2,0,0,1,2,0,2,0,0,0,19,2,0,true
/home/arch_design_predict/download-github-repos/mvp/repos/DP7AndroidMVP-master/app/src/main/java/com/xperttech/utils/FilePickUtils.java,com.xperttech.utils.FilePickUtils,requestPermissionForCameraStorage/0,false,270,2,3,2,1,1,1,4,0,1,0,1,1,2,0,0,0,0,1,0,1,0,0,0,0,0,8,2,0,false
/home/arch_design_predict/download-github-repos/mvp/repos/DP7AndroidMVP-master/app/src/main/java/com/xperttech/utils/FilePickUtils.java,com.xperttech.utils.FilePickUtils,compressImage/1[java.lang.String],false,485,10,5,1,4,12,17,85,1,21,1,17,2,1,0,3,4,2,5,18,38,16,2,0,0,0,59,2,0,false
/home/arch_design_predict/download-github-repos/mvp/repos/DP7AndroidMVP-master/app/src/main/java/com/xperttech/utils/FilePickUtils.java,com.xperttech.utils.FilePickUtils,getCallBackManager/0,false,109,2,0,0,0,1,0,3,1,0,0,0,0,0,0,0,0,0,0,0,0,0,0,0,0,0,6,1,0,false
/home/arch_design_predict/download-github-repos/mvp/repos/DP7AndroidMVP-master/app/src/main/java/com/xperttech/utils/FilePickUtils.java,com.xperttech.utils.FilePickUtils,onGalleryResult/1[com.xperttech.utils.Intent],false,411,4,6,1,5,10,10,30,0,2,1,10,4,1,0,5,0,0,4,0,2,0,3,0,0,0,39,2,0,false
/home/arch_design_predict/download-github-repos/mvp/repos/DP7AndroidMVP-master/app/src/main/java/com/xperttech/utils/FilePickUtils.java,com.xperttech.utils.FilePickUtils,selectVideoFromGallery/0,false,135,2,3,2,1,1,1,4,0,1,0,1,1,1,0,0,0,0,0,0,1,0,0,0,0,0,10,2,0,false
/home/arch_design_predict/download-github-repos/mvp/repos/DP7AndroidMVP-master/app/src/main/java/com/xperttech/interactor/AppInteractor.java,com.xperttech.interactor.AppInteractor$Anonymous1,call/1[java.lang.String],false,68,4,2,0,2,1,3,5,1,0,1,3,0,0,0,0,0,0,2,0,0,1,0,0,0,0,9,1,0,false
/home/arch_design_predict/download-github-repos/mvp/repos/DP7AndroidMVP-master/app/src/main/java/com/xperttech/interactor/AppInteractor.java,com.xperttech.interactor.AppInteractor$Anonymous2,onNext/1[com.xperttech.models.LoginResponse],false,79,2,1,0,1,1,1,3,0,0,1,1,0,0,0,0,0,0,0,0,0,0,0,0,0,0,6,1,0,false
/home/arch_design_predict/download-github-repos/mvp/repos/DP7AndroidMVP-master/app/src/main/java/com/xperttech/interactor/AppInteractor.java,com.xperttech.interactor.AppInteractor$Anonymous3,call/1[java.lang.String],false,92,3,2,0,2,1,2,4,1,0,1,2,0,0,0,0,0,0,2,0,0,1,0,0,0,0,5,1,0,false
/home/arch_design_predict/download-github-repos/mvp/repos/DP7AndroidMVP-master/app/src/main/java/com/xperttech/baseclasses/BaseView.java,com.xperttech.baseclasses.BaseView,onSuccess/1[T],false,33,1,0,0,0,1,0,1,0,0,1,0,0,0,0,0,0,0,0,0,0,0,0,0,0,0,4,0,0,false
/home/arch_design_predict/download-github-repos/mvp/repos/DP7AndroidMVP-master/app/src/main/java/com/xperttech/baseclasses/BaseView.java,com.xperttech.baseclasses.BaseView,onFailure/1[java.lang.String],false,35,0,0,0,0,1,0,1,0,0,1,0,0,0,0,0,0,0,0,0,0,0,0,0,0,0,3,0,0,false
/home/arch_design_predict/download-github-repos/mvp/repos/DP7AndroidMVP-master/app/src/main/java/com/xperttech/baseclasses/BaseView.java,com.xperttech.baseclasses.BaseView,showProgressToolBar/1[boolean],false,31,0,0,0,0,1,0,1,0,0,1,0,0,0,0,0,0,0,0,0,0,0,0,0,0,0,4,0,0,false
/home/arch_design_predict/download-github-repos/mvp/repos/DP7AndroidMVP-master/app/src/main/java/com/xperttech/baseclasses/BaseView.java,com.xperttech.baseclasses.BaseView,showProgressDialog/1[boolean],false,29,0,0,0,0,1,0,1,0,0,1,0,0,0,0,0,0,0,0,0,0,0,0,0,0,0,3,0,0,false
/home/arch_design_predict/download-github-repos/mvp/repos/DP7AndroidMVP-master/app/src/main/java/com/xperttech/baseclasses/BaseView.java,com.xperttech.baseclasses.BaseView,getActivity/0,false,39,1,0,0,0,1,0,1,0,0,0,0,0,0,0,0,0,0,0,0,0,0,0,0,0,0,2,0,0,false
/home/arch_design_predict/download-github-repos/mvp/repos/DP7AndroidMVP-master/app/src/main/java/com/xperttech/baseclasses/BaseView.java,com.xperttech.baseclasses.BaseView,hasInternet/0,false,27,0,1,1,0,1,0,1,0,0,0,0,0,0,0,0,0,0,0,0,0,0,0,0,0,0,2,0,0,false
/home/arch_design_predict/download-github-repos/mvp/repos/DP7AndroidMVP-master/app/src/main/java/com/xperttech/baseclasses/BaseView.java,com.xperttech.baseclasses.BaseView,onAuthenticationFailure/1[java.lang.String],false,37,0,0,0,0,1,0,1,0,0,1,0,0,0,0,0,0,0,0,0,0,0,0,0,0,0,4,0,0,false
/home/arch_design_predict/download-github-repos/mvp/repos/DP7AndroidMVP-master/app/src/main/java/com/xperttech/validator/Validator.java,com.xperttech.validator.Validator,isBlank/1[com.xperttech.validator.EditText],false,77,1,0,0,0,3,4,3,1,0,1,4,0,0,0,2,0,0,0,1,0,0,0,0,0,0,6,9,0,false
/home/arch_design_predict/download-github-repos/mvp/repos/DP7AndroidMVP-master/app/src/main/java/com/xperttech/validator/Validator.java,com.xperttech.validator.Validator,validateEmail/1[java.lang.String],false,46,2,3,1,2,3,4,3,1,0,1,4,1,1,0,0,0,0,0,0,0,0,0,0,0,0,19,9,0,false
/home/arch_design_predict/download-github-repos/mvp/repos/DP7AndroidMVP-master/app/src/main/java/com/xperttech/validator/Validator.java,com.xperttech.validator.Validator,validatePassword/1[java.lang.String],false,54,2,3,1,2,3,4,3,1,0,1,4,1,1,0,0,0,0,0,0,0,0,0,0,0,0,20,9,0,false
/home/arch_design_predict/download-github-repos/mvp/repos/DP7AndroidMVP-master/app/src/main/java/com/xperttech/validator/Validator.java,com.xperttech.validator.Validator,isBlank/1[java.lang.String],false,73,0,5,5,0,3,2,3,1,0,1,2,0,0,0,2,0,0,0,1,0,0,0,0,0,0,4,9,0,false
/home/arch_design_predict/download-github-repos/mvp/repos/DP7AndroidMVP-master/app/src/main/java/com/xperttech/validator/Validator.java,com.xperttech.validator.Validator,"validateData/3[com.xperttech.validator.Context,java.lang.String,java.lang.String]",false,82,2,1,0,1,2,3,6,2,0,3,3,1,1,0,0,0,0,1,0,0,1,1,0,0,0,7,9,0,false
/home/arch_design_predict/download-github-repos/mvp/repos/DP7AndroidMVP-master/app/src/main/java/com/xperttech/validator/Validator.java,com.xperttech.validator.Validator,"validateNumber/3[java.lang.String,int,int]",false,89,0,0,0,0,3,1,3,1,0,3,1,0,0,0,0,0,0,0,0,0,0,0,0,0,0,4,9,0,false
/home/arch_design_predict/download-github-repos/mvp/repos/DP7AndroidMVP-master/app/src/main/java/com/xperttech/validator/Validator.java,com.xperttech.validator.Validator,validateTelephone/1[java.lang.String],false,66,2,2,0,2,4,2,3,1,0,1,2,1,1,0,0,0,3,0,2,0,0,0,0,0,0,9,9,0,false
/home/arch_design_predict/download-github-repos/mvp/repos/DP7AndroidMVP-master/app/src/main/java/com/xperttech/validator/Validator.java,com.xperttech.validator.Validator,validateData/1[java.lang.String],false,62,2,2,0,2,2,1,3,1,0,1,1,1,1,0,0,0,0,0,0,0,0,0,0,0,0,9,9,0,false
/home/arch_design_predict/download-github-repos/mvp/repos/DP7AndroidMVP-master/app/src/main/java/com/xperttech/baseclasses/BaseFragment.java,com.xperttech.baseclasses.BaseFragment,hideProgressDialog/0,false,104,0,1,1,0,2,1,6,0,0,0,1,0,0,0,1,0,0,0,0,1,0,1,0,0,0,6,20,0,true
/home/arch_design_predict/download-github-repos/mvp/repos/DP7AndroidMVP-master/app/src/main/java/com/xperttech/baseclasses/BaseFragment.java,com.xperttech.baseclasses.BaseFragment,logoutUser/1[java.lang.String],false,67,4,3,1,2,1,6,7,0,1,1,6,0,0,0,0,0,0,0,0,1,0,0,0,0,0,8,1,0,false
/home/arch_design_predict/download-github-repos/mvp/repos/DP7AndroidMVP-master/app/src/main/java/com/xperttech/baseclasses/BaseFragment.java,com.xperttech.baseclasses.BaseFragment,onAuthenticationFailure/1[java.lang.String],false,63,1,1,0,1,1,1,3,0,0,1,1,1,1,0,0,0,0,0,0,0,0,0,0,0,0,6,1,0,false
/home/arch_design_predict/download-github-repos/mvp/repos/DP7AndroidMVP-master/app/src/main/java/com/xperttech/baseclasses/BaseFragment.java,com.xperttech.baseclasses.BaseFragment,showProgressDialog/0,false,78,5,1,1,0,3,15,19,0,4,0,15,0,0,0,2,0,0,0,1,5,0,1,0,0,0,18,20,0,true
/home/arch_design_predict/download-github-repos/mvp/repos/DP7AndroidMVP-master/app/src/main/java/com/xperttech/baseclasses/BaseFragment.java,com.xperttech.baseclasses.BaseFragment,showProgressToolBar/1[boolean],false,59,1,1,0,1,1,2,3,0,0,1,2,0,0,0,0,0,1,0,0,0,0,0,0,0,0,7,1,0,false
/home/arch_design_predict/download-github-repos/mvp/repos/DP7AndroidMVP-master/app/src/main/java/com/xperttech/baseclasses/BaseFragment.java,com.xperttech.baseclasses.BaseFragment,showProgressDialog/1[boolean],false,50,1,2,0,2,2,2,8,0,0,1,2,2,1,0,0,0,0,0,0,0,0,1,0,0,0,10,1,0,true
/home/arch_design_predict/download-github-repos/mvp/repos/DP7AndroidMVP-master/app/src/main/java/com/xperttech/adapter/ExampleAdapter.java,com.xperttech.adapter.ExampleAdapter,"ExampleAdapter/2[com.xperttech.adapter.Context,java.util.ArrayList<java.lang.String>]",true,19,1,0,0,0,1,0,5,0,0,2,0,0,0,0,0,0,0,0,0,2,0,0,0,0,0,5,1,0,false
/home/arch_design_predict/download-github-repos/mvp/repos/DP7AndroidMVP-master/app/src/main/java/com/xperttech/adapter/ExampleAdapter.java,com.xperttech.adapter.ExampleAdapter,"onCreateViewHolder/2[com.xperttech.adapter.ViewGroup,int]",false,26,3,1,0,1,1,0,4,1,1,2,0,0,0,0,0,0,0,0,0,1,0,0,0,0,0,10,1,0,false
/home/arch_design_predict/download-github-repos/mvp/repos/DP7AndroidMVP-master/app/src/main/java/com/xperttech/adapter/ExampleAdapter.java,com.xperttech.adapter.ExampleAdapter,"onBindViewHolder/2[com.xperttech.adapter.ExampleAdapter.DataObjectHolder,int]",false,33,1,0,0,0,1,0,2,0,0,2,0,0,0,0,0,0,0,0,0,0,0,0,0,0,0,7,1,0,false
/home/arch_design_predict/download-github-repos/mvp/repos/DP7AndroidMVP-master/app/src/main/java/com/xperttech/rest/RestClient.java,com.xperttech.rest.RestClient,getService/1[java.lang.String],false,161,3,2,1,1,1,6,4,1,1,1,6,0,0,0,0,0,0,0,0,1,0,0,0,0,0,14,9,0,false
/home/arch_design_predict/download-github-repos/mvp/repos/DP7AndroidMVP-master/app/src/main/java/com/xperttech/rest/RestClient.java,com.xperttech.rest.RestClient,getService/0,false,149,3,1,0,1,2,6,7,1,1,0,6,0,0,0,1,0,0,0,0,2,0,1,0,0,0,14,9,0,false
/home/arch_design_predict/download-github-repos/mvp/repos/DP7AndroidMVP-master/app/src/main/java/com/xperttech/rest/RestClient.java,com.xperttech.rest.RestClient,"getHttpDownloadClient/2[java.lang.String,com.xperttech.rest.ProgressRequestBody.UploadCallbacks]",false,170,3,0,0,0,1,5,14,1,1,2,5,0,0,0,0,0,0,0,0,1,0,0,1,0,0,20,9,0,false
/home/arch_design_predict/download-github-repos/mvp/repos/DP7AndroidMVP-master/app/src/main/java/com/xperttech/rest/RestClient.java,com.xperttech.rest.RestClient,logout/0,false,127,0,1,1,0,1,0,2,0,0,0,0,0,0,0,0,0,0,0,0,0,0,0,0,0,0,1,10,0,false
/home/arch_design_predict/download-github-repos/mvp/repos/DP7AndroidMVP-master/app/src/main/java/com/xperttech/rest/RestClient.java,com.xperttech.rest.RestClient,getPrimaryService/0,false,140,3,3,2,1,1,6,4,1,1,0,6,0,0,0,0,0,0,0,0,1,0,0,0,0,0,12,9,0,false
/home/arch_design_predict/download-github-repos/mvp/repos/DP7AndroidMVP-master/app/src/main/java/com/xperttech/rest/RestClient.java,com.xperttech.rest.RestClient,"createService/3[java.lang.Class<S>,java.lang.String,java.lang.String]",false,135,2,2,1,1,1,2,4,1,1,3,2,1,0,0,0,0,0,2,0,1,0,0,0,0,0,6,9,0,false
/home/arch_design_predict/download-github-repos/mvp/repos/DP7AndroidMVP-master/app/src/main/java/com/xperttech/baseclasses/BaseActivity.java,com.xperttech.baseclasses.BaseActivity,onCreate/1[com.xperttech.baseclasses.Bundle],false,93,2,0,0,0,2,6,9,0,1,1,6,0,0,0,0,0,0,0,0,1,0,1,0,0,0,13,4,0,false
/home/arch_design_predict/download-github-repos/mvp/repos/DP7AndroidMVP-master/app/src/main/java/com/xperttech/baseclasses/BaseActivity.java,com.xperttech.baseclasses.BaseActivity,attachBaseContext/1[com.xperttech.baseclasses.Context],false,202,1,0,0,0,1,1,3,0,0,1,1,0,0,0,0,0,0,0,0,0,0,0,0,0,0,4,4,0,false
/home/arch_design_predict/download-github-repos/mvp/repos/DP7AndroidMVP-master/app/src/main/java/com/xperttech/baseclasses/BaseActivity.java,com.xperttech.baseclasses.BaseActivity,showProgressDialog/1[boolean],false,115,1,2,0,2,2,2,8,0,0,1,2,2,1,0,0,0,0,0,0,0,0,1,0,0,0,4,1,0,false
/home/arch_design_predict/download-github-repos/mvp/repos/DP7AndroidMVP-master/app/src/main/java/com/xperttech/baseclasses/BaseActivity.java,com.xperttech.baseclasses.BaseActivity,"onActivityResult/3[int,int,com.xperttech.baseclasses.Intent]",false,76,2,1,0,1,2,2,6,0,0,3,2,0,0,0,1,0,0,0,0,0,0,1,0,0,0,10,4,0,false
/home/arch_design_predict/download-github-repos/mvp/repos/DP7AndroidMVP-master/app/src/main/java/com/xperttech/baseclasses/BaseActivity.java,com.xperttech.baseclasses.BaseActivity,setToolbarTitle/1[int],false,110,0,1,1,0,1,2,4,0,0,1,2,0,0,0,0,0,0,0,0,0,0,0,0,0,0,4,1,0,false
/home/arch_design_predict/download-github-repos/mvp/repos/DP7AndroidMVP-master/app/src/main/java/com/xperttech/baseclasses/BaseActivity.java,com.xperttech.baseclasses.BaseActivity,getActivity/0,false,197,2,0,0,0,1,0,3,1,0,0,0,0,0,0,0,0,0,0,0,0,0,0,0,0,0,2,1,0,false
/home/arch_design_predict/download-github-repos/mvp/repos/DP7AndroidMVP-master/app/src/main/java/com/xperttech/baseclasses/BaseActivity.java,com.xperttech.baseclasses.BaseActivity,onBackPressed/0,false,193,0,0,0,0,1,1,3,0,0,0,1,0,0,0,0,0,0,0,0,0,0,0,0,0,0,3,1,0,false
/home/arch_design_predict/download-github-repos/mvp/repos/DP7AndroidMVP-master/app/src/main/java/com/xperttech/baseclasses/BaseActivity.java,com.xperttech.baseclasses.BaseActivity,hideProgressDialog/0,false,179,0,1,1,0,2,1,6,0,0,0,1,0,0,0,1,0,0,0,0,1,0,1,0,0,0,6,20,0,true
/home/arch_design_predict/download-github-repos/mvp/repos/DP7AndroidMVP-master/app/src/main/java/com/xperttech/baseclasses/BaseActivity.java,com.xperttech.baseclasses.BaseActivity,"onRequestPermissionsResult/3[int,java.lang.String[],int[]]",false,85,3,1,0,1,2,2,6,0,0,3,2,0,0,0,1,0,0,0,0,0,0,1,0,0,0,12,1,0,false
/home/arch_design_predict/download-github-repos/mvp/repos/DP7AndroidMVP-master/app/src/main/java/com/xperttech/baseclasses/BaseActivity.java,com.xperttech.baseclasses.BaseActivity,onNewIntent/1[com.xperttech.baseclasses.Intent],false,187,1,0,0,0,1,2,4,0,0,1,2,0,0,0,0,0,0,0,0,0,0,0,0,0,0,5,4,0,false
/home/arch_design_predict/download-github-repos/mvp/repos/DP7AndroidMVP-master/app/src/main/java/com/xperttech/baseclasses/BaseActivity.java,com.xperttech.baseclasses.BaseActivity,setLifeCycleCallBackManager/1[com.xperttech.baseclasses.LifeCycleCallBackManager],false,71,1,0,0,0,1,0,3,0,0,1,0,0,0,0,0,0,0,0,0,1,0,0,0,0,0,7,1,0,false
/home/arch_design_predict/download-github-repos/mvp/repos/DP7AndroidMVP-master/app/src/main/java/com/xperttech/baseclasses/BaseActivity.java,com.xperttech.baseclasses.BaseActivity,showProgressDialog/0,false,152,5,1,1,0,3,14,22,1,4,0,14,0,0,0,2,0,0,0,1,5,0,1,0,0,0,16,20,0,true
/home/arch_design_predict/download-github-repos/mvp/repos/DP7AndroidMVP-master/app/src/main/java/com/xperttech/baseclasses/BaseActivity.java,com.xperttech.baseclasses.BaseActivity,showProgressToolBar/1[boolean],false,124,0,1,1,0,2,1,8,0,0,1,1,0,0,0,0,0,0,0,0,0,0,1,0,0,0,4,1,0,false
/home/arch_design_predict/download-github-repos/mvp/repos/DP7AndroidMVP-master/app/src/main/java/com/xperttech/baseclasses/BaseActivity.java,com.xperttech.baseclasses.BaseActivity,onDestroy/0,false,210,0,0,0,0,2,2,7,0,0,0,2,0,0,0,1,0,0,0,0,1,0,1,0,0,0,12,4,0,true
/home/arch_design_predict/download-github-repos/mvp/repos/DP7AndroidMVP-master/app/src/main/java/com/xperttech/baseclasses/BaseActivity.java,com.xperttech.baseclasses.BaseActivity,setToolbarVisibility/1[int],false,106,0,0,0,0,1,1,3,0,0,1,1,0,0,0,0,0,0,0,0,0,0,0,0,0,0,4,1,0,false
/home/arch_design_predict/download-github-repos/mvp/repos/DP7AndroidMVP-master/app/src/main/java/com/xperttech/presenters/LoginPresenter.java,com.xperttech.presenters.LoginPresenter,"isValidData/1[java.util.HashMap<java.lang.String,java.lang.String>]",false,19,6,7,1,6,3,7,12,0,1,1,7,1,1,0,2,0,4,0,0,3,0,1,0,0,0,14,1,0,false
/home/arch_design_predict/download-github-repos/mvp/repos/DP7AndroidMVP-master/app/src/main/java/com/xperttech/presenters/LoginPresenter.java,com.xperttech.presenters.LoginPresenter,"callLoginApi/1[java.util.HashMap<java.lang.String,java.lang.String>]",false,30,4,6,1,5,2,4,24,0,0,1,4,0,0,0,0,0,0,0,0,0,0,1,1,0,0,21,2,0,false
/home/arch_design_predict/download-github-repos/mvp/repos/DP7AndroidMVP-master/app/src/main/java/com/xperttech/utils/FilePickUtils.java,com.xperttech.utils.FilePickUtils$OnFileChoose,"onFileChoose/3[java.lang.String,int,int]",false,709,0,1,1,0,1,0,1,0,0,3,0,0,0,0,0,0,0,0,0,0,0,0,0,0,0,4,0,0,false
/home/arch_design_predict/download-github-repos/mvp/repos/DP7AndroidMVP-master/app/src/main/java/com/xperttech/utils/FilePickUtils.java,com.xperttech.utils.FilePickUtils$Anonymous1,"onClick/2[com.xperttech.utils.DialogInterface,int]",false,304,2,1,0,1,1,2,4,0,0,2,2,0,0,0,0,0,0,0,0,0,0,0,0,0,0,7,1,0,false
/home/arch_design_predict/download-github-repos/mvp/repos/DP7AndroidMVP-master/app/src/main/java/com/xperttech/baseclasses/BaseRecyclerAdapter.java,com.xperttech.baseclasses.BaseRecyclerAdapter$RecycleOnItemEventListener,"onItemLongPress/2[com.xperttech.baseclasses.View,int]",false,45,1,1,1,0,1,0,1,0,0,2,0,0,0,0,0,0,0,0,0,0,0,0,0,0,0,6,1,0,false
/home/arch_design_predict/download-github-repos/mvp/repos/DP7AndroidMVP-master/app/src/main/java/com/xperttech/baseclasses/BaseRecyclerAdapter.java,com.xperttech.baseclasses.BaseRecyclerAdapter$RecycleOnItemEventListener,"onItemClick/2[com.xperttech.baseclasses.View,int]",false,43,1,1,1,0,1,0,1,0,0,2,0,0,0,0,0,0,0,0,0,0,0,0,0,0,0,5,1,0,false
/home/arch_design_predict/download-github-repos/mvp/repos/DP7AndroidMVP-master/app/src/main/java/com/xperttech/models/SampleResponse.java,com.xperttech.models.SampleResponse$Anonymous1,createFromParcel/1[com.xperttech.models.Parcel],false,42,2,1,0,1,1,0,3,1,0,1,0,0,0,0,0,0,0,0,0,0,0,0,0,0,0,6,1,0,false
/home/arch_design_predict/download-github-repos/mvp/repos/DP7AndroidMVP-master/app/src/main/java/com/xperttech/models/SampleResponse.java,com.xperttech.models.SampleResponse$Anonymous1,newArray/1[int],false,47,1,0,0,0,1,0,3,1,0,1,0,0,0,0,0,0,0,0,0,0,0,0,0,0,0,3,1,0,false
/home/arch_design_predict/download-github-repos/mvp/repos/DP7AndroidMVP-master/app/src/main/java/com/xperttech/utils/FilePickUtils.java,com.xperttech.utils.FilePickUtils$Anonymous4,onCompleted/0,false,468,0,0,0,0,1,0,2,0,0,0,0,0,0,0,0,0,0,0,0,0,0,0,0,0,0,2,1,0,false
/home/arch_design_predict/download-github-repos/mvp/repos/DP7AndroidMVP-master/app/src/main/java/com/xperttech/utils/FilePickUtils.java,com.xperttech.utils.FilePickUtils$Anonymous4,onNext/1[java.lang.String],false,478,1,1,0,1,1,1,3,0,0,1,1,0,0,0,0,0,0,0,0,0,0,0,0,0,0,5,1,0,false
/home/arch_design_predict/download-github-repos/mvp/repos/DP7AndroidMVP-master/app/src/main/java/com/xperttech/utils/FilePickUtils.java,com.xperttech.utils.FilePickUtils$Anonymous4,onError/1[java.lang.Throwable],false,473,0,0,0,0,1,0,2,0,0,1,0,0,0,0,0,0,0,0,0,0,0,0,0,0,0,4,1,0,false
/home/arch_design_predict/download-github-repos/mvp/repos/DP7AndroidMVP-master/app/src/main/java/com/xperttech/utils/FilePickUtils.java,com.xperttech.utils.FilePickUtils$Anonymous3,call/0,false,463,2,1,0,1,1,2,3,1,0,0,2,0,0,0,0,0,0,0,0,0,0,0,0,0,0,5,1,0,false
/home/arch_design_predict/download-github-repos/mvp/repos/DP7AndroidMVP-master/app/src/main/java/com/xperttech/utils/FilePickUtils.java,com.xperttech.utils.FilePickUtils$Anonymous2,"onClick/2[com.xperttech.utils.DialogInterface,int]",false,310,1,1,0,1,1,1,3,0,0,2,1,0,0,0,0,0,0,0,0,0,0,0,0,0,0,5,1,0,false
/home/arch_design_predict/download-github-repos/mvp/repos/DP7AndroidMVP-master/app/src/main/java/com/xperttech/models/LoginResponse.java,com.xperttech.models.LoginResponse,setAccess_token/1[java.lang.String],false,20,0,0,0,0,1,0,3,0,0,1,0,0,0,0,0,0,0,0,0,1,0,0,0,0,0,4,1,0,false
/home/arch_design_predict/download-github-repos/mvp/repos/DP7AndroidMVP-master/app/src/main/java/com/xperttech/models/LoginResponse.java,com.xperttech.models.LoginResponse,getAccess_token/0,false,16,0,1,1,0,1,0,3,1,0,0,0,0,0,0,0,0,0,0,0,0,0,0,0,0,0,4,1,0,false
/home/arch_design_predict/download-github-repos/mvp/repos/DP7AndroidMVP-master/app/src/main/java/com/xperttech/models/LoginResponse.java,com.xperttech.models.LoginResponse,getUserDataModel/0,false,25,1,1,1,0,1,0,3,1,0,0,0,0,0,0,0,0,0,0,0,0,0,0,0,0,0,5,1,0,false
/home/arch_design_predict/download-github-repos/mvp/repos/DP7AndroidMVP-master/app/src/main/java/com/xperttech/models/LoginResponse.java,com.xperttech.models.LoginResponse,setUserDataModel/1[com.xperttech.models.UserDataModel],false,29,1,0,0,0,1,0,3,0,0,1,0,0,0,0,0,0,0,0,0,1,0,0,0,0,0,5,1,0,false
/home/arch_design_predict/download-github-repos/mvp/repos/DP7AndroidMVP-master/app/src/main/java/com/xperttech/utils/AppUtils.java,com.xperttech.utils.AppUtils,"showKeyboard/2[com.xperttech.utils.Activity,com.xperttech.utils.EditText]",false,125,4,1,1,0,3,4,12,0,2,2,4,0,0,0,1,1,0,1,0,2,0,2,0,0,0,15,9,0,false
/home/arch_design_predict/download-github-repos/mvp/repos/DP7AndroidMVP-master/app/src/main/java/com/xperttech/utils/AppUtils.java,com.xperttech.utils.AppUtils,getScreenWidth/1[com.xperttech.utils.Activity],false,151,2,0,0,0,1,3,5,1,1,1,3,0,0,0,0,0,0,0,0,1,0,0,0,0,0,7,9,0,false
/home/arch_design_predict/download-github-repos/mvp/repos/DP7AndroidMVP-master/app/src/main/java/com/xperttech/utils/AppUtils.java,com.xperttech.utils.AppUtils,"getCommonParams/2[com.xperttech.utils.Context,java.util.HashMap<java.lang.String,java.lang.Object>]",false,170,4,3,0,3,2,6,9,1,2,2,6,0,0,0,1,0,0,0,0,2,0,1,0,0,0,13,9,0,false
/home/arch_design_predict/download-github-repos/mvp/repos/DP7AndroidMVP-master/app/src/main/java/com/xperttech/utils/AppUtils.java,com.xperttech.utils.AppUtils,"logD/2[java.lang.String,java.lang.String]",false,73,0,2,2,0,1,1,3,0,0,2,1,0,0,0,0,0,0,0,0,0,0,0,0,0,0,3,9,0,false
/home/arch_design_predict/download-github-repos/mvp/repos/DP7AndroidMVP-master/app/src/main/java/com/xperttech/utils/AppUtils.java,com.xperttech.utils.AppUtils,"showToast/2[com.xperttech.utils.Context,int]",false,65,1,1,1,0,1,2,3,0,0,2,2,0,0,0,0,0,0,0,0,0,0,0,0,0,0,4,9,0,false
/home/arch_design_predict/download-github-repos/mvp/repos/DP7AndroidMVP-master/app/src/main/java/com/xperttech/utils/AppUtils.java,com.xperttech.utils.AppUtils,hasInternet/1[com.xperttech.utils.Context],false,81,4,3,2,1,4,6,6,1,2,1,6,1,1,0,2,0,1,0,0,2,0,1,0,0,0,13,9,0,false
/home/arch_design_predict/download-github-repos/mvp/repos/DP7AndroidMVP-master/app/src/main/java/com/xperttech/utils/AppUtils.java,com.xperttech.utils.AppUtils,SHA1/1[java.lang.String],false,91,2,1,0,1,1,6,6,1,2,1,6,1,1,0,0,0,0,2,1,2,0,0,0,0,0,14,9,0,false
/home/arch_design_predict/download-github-repos/mvp/repos/DP7AndroidMVP-master/app/src/main/java/com/xperttech/utils/AppUtils.java,com.xperttech.utils.AppUtils,"requestEdittextFocus/2[com.xperttech.utils.Activity,com.xperttech.utils.EditText]",false,146,3,2,1,1,1,2,4,0,0,2,2,1,1,0,0,0,0,0,0,0,0,0,0,0,0,7,9,0,false
/home/arch_design_predict/download-github-repos/mvp/repos/DP7AndroidMVP-master/app/src/main/java/com/xperttech/utils/AppUtils.java,com.xperttech.utils.AppUtils,getWorkingDirectory/0,false,161,0,3,3,0,2,3,7,1,1,0,3,0,0,0,0,0,0,0,0,1,0,1,0,0,0,5,9,0,false
/home/arch_design_predict/download-github-repos/mvp/repos/DP7AndroidMVP-master/app/src/main/java/com/xperttech/utils/AppUtils.java,com.xperttech.utils.AppUtils,"showToast/2[com.xperttech.utils.Activity,java.lang.String]",false,69,1,0,0,0,1,2,3,0,0,2,2,0,0,0,0,0,0,0,0,0,0,0,0,0,0,4,9,0,false
/home/arch_design_predict/download-github-repos/mvp/repos/DP7AndroidMVP-master/app/src/main/java/com/xperttech/utils/AppUtils.java,com.xperttech.utils.AppUtils,getMimeType/1[java.lang.String],false,184,0,0,0,0,2,3,8,1,2,1,3,0,0,0,1,0,0,0,0,3,0,1,0,0,0,7,9,0,false
/home/arch_design_predict/download-github-repos/mvp/repos/DP7AndroidMVP-master/app/src/main/java/com/xperttech/utils/AppUtils.java,com.xperttech.utils.AppUtils,convertToHex/1[byte[]],false,98,1,1,1,0,5,2,13,1,3,1,2,0,0,2,0,0,6,0,8,4,4,2,0,0,0,13,10,0,false
/home/arch_design_predict/download-github-repos/mvp/repos/DP7AndroidMVP-master/app/src/main/java/com/xperttech/utils/AppUtils.java,com.xperttech.utils.AppUtils,createVideoFile/1[java.lang.String],false,209,2,5,1,4,3,9,15,1,2,1,9,1,1,0,1,1,0,2,0,3,2,1,0,0,0,12,8,0,false
/home/arch_design_predict/download-github-repos/mvp/repos/DP7AndroidMVP-master/app/src/main/java/com/xperttech/utils/AppUtils.java,com.xperttech.utils.AppUtils,getText/1[com.xperttech.utils.TextView],false,112,1,1,1,0,1,3,3,1,0,1,3,0,0,0,0,0,0,0,0,0,0,0,0,0,0,4,9,0,false
/home/arch_design_predict/download-github-repos/mvp/repos/DP7AndroidMVP-master/app/src/main/java/com/xperttech/utils/AppUtils.java,com.xperttech.utils.AppUtils,getUniqueToken/1[com.xperttech.utils.Activity],false,157,1,0,0,0,1,2,3,1,0,1,2,0,0,0,0,0,0,0,0,0,0,0,0,0,0,5,9,0,false
/home/arch_design_predict/download-github-repos/mvp/repos/DP7AndroidMVP-master/app/src/main/java/com/xperttech/utils/AppUtils.java,com.xperttech.utils.AppUtils,"showToast/2[com.xperttech.utils.Context,java.lang.String]",false,61,1,4,4,0,1,2,3,0,0,2,2,0,0,0,0,0,0,0,0,0,0,0,0,0,0,4,9,0,false
/home/arch_design_predict/download-github-repos/mvp/repos/DP7AndroidMVP-master/app/src/main/java/com/xperttech/utils/AppUtils.java,com.xperttech.utils.AppUtils,logE/1[java.lang.String],false,77,0,1,1,0,1,1,3,0,0,1,1,0,0,0,0,0,0,0,0,0,0,0,0,0,0,3,9,0,false
/home/arch_design_predict/download-github-repos/mvp/repos/DP7AndroidMVP-master/app/src/main/java/com/xperttech/utils/AppUtils.java,com.xperttech.utils.AppUtils,hideKeyboard/1[com.xperttech.utils.Activity],false,138,2,1,1,0,2,4,6,0,1,1,4,0,0,0,1,0,0,0,1,1,0,1,0,0,0,9,9,0,false
/home/arch_design_predict/download-github-repos/mvp/repos/DP7AndroidMVP-master/app/src/main/java/com/xperttech/utils/AppUtils.java,com.xperttech.utils.AppUtils,"createAlertDialog/5[com.xperttech.utils.Activity,java.lang.String,java.lang.String,java.lang.String,DialogInterface.OnClickListener]",false,118,4,0,0,0,1,4,4,1,1,5,4,0,0,0,0,0,0,0,0,1,0,0,0,0,0,9,9,0,false
/home/arch_design_predict/download-github-repos/mvp/repos/DP7AndroidMVP-master/app/src/main/java/com/xperttech/utils/AppUtils.java,com.xperttech.utils.AppUtils,getRequestBody/1[java.lang.String],false,180,1,0,0,0,1,2,3,1,0,1,2,0,0,0,0,0,0,1,0,0,0,0,0,0,0,5,9,0,false
/home/arch_design_predict/download-github-repos/mvp/repos/DP7AndroidMVP-master/app/src/main/java/com/xperttech/utils/AppUtils.java,com.xperttech.utils.AppUtils,createImageFile/1[java.lang.String],false,193,2,7,3,4,3,9,15,1,2,1,9,1,1,0,1,1,0,2,0,3,2,1,0,0,0,12,8,0,false
/home/arch_design_predict/download-github-repos/mvp/repos/DP7AndroidMVP-master/app/src/main/java/com/xperttech/interactor/AppInteractor.java,com.xperttech.interactor.AppInteractor$Anonymous4,onNext/1[com.xperttech.models.LoginResponse],false,102,2,1,0,1,1,1,3,0,0,1,1,0,0,0,0,0,0,0,0,0,0,0,0,0,0,6,1,0,false
/home/arch_design_predict/download-github-repos/mvp/repos/DP7AndroidMVP-master/app/src/main/java/com/xperttech/interactor/AppInteractor.java,com.xperttech.interactor.AppInteractor$Anonymous5,call/1[com.xperttech.interactor.ResponseBody],false,113,2,1,0,1,2,7,13,1,3,1,7,0,0,0,0,1,0,0,0,3,1,1,0,0,0,14,1,0,false
/home/arch_design_predict/download-github-repos/mvp/repos/DP7AndroidMVP-master/app/src/main/java/com/xperttech/interactor/AppInteractor.java,com.xperttech.interactor.AppInteractor$Anonymous6,onNext/1[java.io.File],false,131,1,1,0,1,1,1,3,0,0,1,1,0,0,0,0,0,0,0,0,0,0,0,0,0,0,4,1,0,false
/home/arch_design_predict/download-github-repos/mvp/repos/DP7AndroidMVP-master/app/src/main/java/com/xperttech/rest/ToStringConverterFactory.java,com.xperttech.rest.ToStringConverterFactory,"responseBodyConverter/3[java.lang.reflect.Type,java.lang.annotation.Annotation[],com.xperttech.rest.Retrofit]",false,34,4,0,0,0,2,1,11,2,0,3,1,0,0,0,0,0,0,0,0,0,0,1,1,0,0,13,1,0,false
/home/arch_design_predict/download-github-repos/mvp/repos/DP7AndroidMVP-master/app/src/main/java/com/xperttech/rest/ToStringConverterFactory.java,com.xperttech.rest.ToStringConverterFactory,"stringConverter/3[java.lang.reflect.Type,java.lang.annotation.Annotation[],com.xperttech.rest.Retrofit]",false,48,3,0,0,0,2,1,11,2,0,3,1,0,0,0,0,0,0,0,0,0,0,1,1,0,0,11,1,0,false
/home/arch_design_predict/download-github-repos/mvp/repos/DP7AndroidMVP-master/app/src/main/java/com/xperttech/application/BaseApplication.java,com.xperttech.application.BaseApplication,getBaseApplication/0,false,13,1,1,1,0,1,0,3,1,0,0,0,0,0,0,0,0,0,0,0,0,0,0,0,0,0,4,9,0,false
/home/arch_design_predict/download-github-repos/mvp/repos/DP7AndroidMVP-master/app/src/main/java/com/xperttech/application/BaseApplication.java,com.xperttech.application.BaseApplication,onCreate/0,false,18,0,0,0,0,1,1,4,0,0,0,1,0,0,0,0,0,0,0,0,1,0,0,0,0,0,4,1,0,false
/home/arch_design_predict/download-github-repos/mvp/repos/DP7AndroidMVP-master/app/src/main/java/com/xperttech/models/UserDataModel.java,com.xperttech.models.UserDataModel,setUser_last_name/1[java.lang.String],false,57,0,0,0,0,1,0,3,0,0,1,0,0,0,0,0,0,0,0,0,1,0,0,0,0,0,5,1,0,false
/home/arch_design_predict/download-github-repos/mvp/repos/DP7AndroidMVP-master/app/src/main/java/com/xperttech/models/UserDataModel.java,com.xperttech.models.UserDataModel,getImage_url/0,false,37,0,0,0,0,1,0,3,1,0,0,0,0,0,0,0,0,0,0,0,0,0,0,0,0,0,4,1,0,false
/home/arch_design_predict/download-github-repos/mvp/repos/DP7AndroidMVP-master/app/src/main/java/com/xperttech/models/UserDataModel.java,com.xperttech.models.UserDataModel,getUser_last_name/0,false,53,0,0,0,0,1,0,3,1,0,0,0,0,0,0,0,0,0,0,0,0,0,0,0,0,0,5,1,0,false
/home/arch_design_predict/download-github-repos/mvp/repos/DP7AndroidMVP-master/app/src/main/java/com/xperttech/models/UserDataModel.java,com.xperttech.models.UserDataModel,getUser_id/0,false,20,0,1,1,0,1,0,3,1,0,0,0,0,0,0,0,0,0,0,0,0,0,0,0,0,0,4,1,0,false
/home/arch_design_predict/download-github-repos/mvp/repos/DP7AndroidMVP-master/app/src/main/java/com/xperttech/models/UserDataModel.java,com.xperttech.models.UserDataModel,setUser_email/1[java.lang.String],false,33,0,0,0,0,1,0,3,0,0,1,0,0,0,0,0,0,0,0,0,1,0,0,0,0,0,4,1,0,false
/home/arch_design_predict/download-github-repos/mvp/repos/DP7AndroidMVP-master/app/src/main/java/com/xperttech/models/UserDataModel.java,com.xperttech.models.UserDataModel,setUser_first_name/1[java.lang.String],false,49,0,0,0,0,1,0,3,0,0,1,0,0,0,0,0,0,0,0,0,1,0,0,0,0,0,5,1,0,false
/home/arch_design_predict/download-github-repos/mvp/repos/DP7AndroidMVP-master/app/src/main/java/com/xperttech/models/UserDataModel.java,com.xperttech.models.UserDataModel,setUser_id/1[java.lang.String],false,24,0,0,0,0,1,0,3,0,0,1,0,0,0,0,0,0,0,0,0,1,0,0,0,0,0,4,1,0,false
/home/arch_design_predict/download-github-repos/mvp/repos/DP7AndroidMVP-master/app/src/main/java/com/xperttech/models/UserDataModel.java,com.xperttech.models.UserDataModel,getUser_first_name/0,false,45,0,0,0,0,1,0,3,1,0,0,0,0,0,0,0,0,0,0,0,0,0,0,0,0,0,5,1,0,false
/home/arch_design_predict/download-github-repos/mvp/repos/DP7AndroidMVP-master/app/src/main/java/com/xperttech/models/UserDataModel.java,com.xperttech.models.UserDataModel,setImage_url/1[java.lang.String],false,41,0,0,0,0,1,0,3,0,0,1,0,0,0,0,0,0,0,0,0,1,0,0,0,0,0,4,1,0,false
/home/arch_design_predict/download-github-repos/mvp/repos/DP7AndroidMVP-master/app/src/main/java/com/xperttech/models/UserDataModel.java,com.xperttech.models.UserDataModel,getUser_email/0,false,29,0,0,0,0,1,0,3,1,0,0,0,0,0,0,0,0,0,0,0,0,0,0,0,0,0,4,1,0,false
/home/arch_design_predict/download-github-repos/mvp/repos/DP7AndroidMVP-master/app/src/main/java/com/xperttech/rest/RestClient.java,com.xperttech.rest.RestClient$Anonymous2,intercept/1[com.xperttech.rest.Chain],false,96,3,2,0,2,2,9,11,2,5,1,9,0,0,0,0,0,0,0,0,5,0,1,0,0,0,13,1,0,false
/home/arch_design_predict/download-github-repos/mvp/repos/DP7AndroidMVP-master/app/src/main/java/com/xperttech/rest/RestClient.java,com.xperttech.rest.RestClient$Anonymous3,intercept/1[com.xperttech.rest.Chain],false,178,3,2,0,2,1,5,4,1,1,1,5,0,0,0,0,0,0,0,0,1,0,0,0,0,0,10,1,0,false
/home/arch_design_predict/download-github-repos/mvp/repos/DP7AndroidMVP-master/app/src/main/java/com/xperttech/baseclasses/MVPActivity.java,com.xperttech.baseclasses.MVPActivity,getPresenter/0,false,56,1,0,0,0,1,0,3,1,0,0,0,0,0,0,0,0,0,0,0,0,0,0,0,0,0,4,1,0,false
/home/arch_design_predict/download-github-repos/mvp/repos/DP7AndroidMVP-master/app/src/main/java/com/xperttech/baseclasses/MVPActivity.java,com.xperttech.baseclasses.MVPActivity,onDestroy/0,false,43,1,1,0,1,1,2,4,0,0,0,2,0,0,0,0,0,0,0,0,0,0,0,0,0,0,2,1,0,false
/home/arch_design_predict/download-github-repos/mvp/repos/DP7AndroidMVP-master/app/src/main/java/com/xperttech/baseclasses/MVPActivity.java,com.xperttech.baseclasses.MVPActivity,getActivity/0,false,65,2,0,0,0,1,0,3,1,0,0,0,0,0,0,0,0,0,0,0,0,0,0,0,0,0,2,1,0,false
/home/arch_design_predict/download-github-repos/mvp/repos/DP7AndroidMVP-master/app/src/main/java/com/xperttech/baseclasses/MVPActivity.java,com.xperttech.baseclasses.MVPActivity,onCreate/1[com.xperttech.baseclasses.Bundle],false,36,4,3,0,3,1,4,5,0,0,1,4,0,0,0,0,0,0,0,0,1,0,0,0,0,0,11,4,0,false
/home/arch_design_predict/download-github-repos/mvp/repos/DP7AndroidMVP-master/app/src/main/java/com/xperttech/baseclasses/MVPActivity.java,com.xperttech.baseclasses.MVPActivity,createPresenter/0,false,48,2,0,0,0,1,0,1,0,0,0,0,0,0,0,0,0,0,0,0,0,0,0,0,0,0,3,1025,0,false
/home/arch_design_predict/download-github-repos/mvp/repos/DP7AndroidMVP-master/app/src/main/java/com/xperttech/baseclasses/MVPActivity.java,com.xperttech.baseclasses.MVPActivity,hasInternet/0,false,60,1,1,0,1,1,1,3,1,0,0,1,0,0,0,0,0,0,0,0,0,0,0,0,0,0,2,1,0,false
/home/arch_design_predict/download-github-repos/mvp/repos/DP7AndroidMVP-master/app/src/main/java/com/xperttech/baseclasses/MVPActivity.java,com.xperttech.baseclasses.MVPActivity,attachView/0,false,52,2,0,0,0,1,0,1,0,0,0,0,0,0,0,0,0,0,0,0,0,0,0,0,0,0,3,1025,0,false
/home/arch_design_predict/download-github-repos/mvp/repos/DP7AndroidMVP-master/app/src/main/java/com/xperttech/rest/RestClient.java,com.xperttech.rest.RestClient$Anonymous1,intercept/1[com.xperttech.rest.Chain],false,58,5,2,0,2,5,17,23,2,7,1,17,0,0,0,0,1,0,6,0,7,1,3,0,0,0,21,1,0,false
/home/arch_design_predict/download-github-repos/mvp/repos/DP7AndroidMVP-master/app/src/main/java/com/xperttech/utils/MyPrefs.java,com.xperttech.utils.MyPrefs$Builder,Builder/1[com.xperttech.utils.Context],true,111,1,1,1,0,2,1,6,0,0,1,1,0,0,0,1,0,0,1,0,1,0,1,0,0,0,10,1,0,false
/home/arch_design_predict/download-github-repos/mvp/repos/DP7AndroidMVP-master/app/src/main/java/com/xperttech/utils/MyPrefs.java,com.xperttech.utils.MyPrefs$Builder,build/0,false,123,1,2,1,1,1,0,3,1,0,0,0,0,0,0,0,0,0,0,0,0,0,0,0,0,0,10,1,0,true
/home/arch_design_predict/download-github-repos/mvp/repos/DP7AndroidMVP-master/app/src/main/java/com/xperttech/rest/ProgressResponseBody.java,com.xperttech.rest.ProgressResponseBody$ProgressUpdater,run/0,false,84,1,1,0,1,1,1,3,0,0,0,1,0,0,0,0,0,0,0,0,0,0,0,0,0,0,1,1,0,false
/home/arch_design_predict/download-github-repos/mvp/repos/DP7AndroidMVP-master/app/src/main/java/com/xperttech/rest/ProgressResponseBody.java,com.xperttech.rest.ProgressResponseBody$ProgressUpdater,"ProgressUpdater/3[int,long,java.lang.String]",true,77,0,1,1,0,1,0,5,0,0,3,0,0,0,0,0,0,0,0,0,3,0,0,0,0,0,8,1,0,false
/home/arch_design_predict/download-github-repos/mvp/repos/DP7AndroidMVP-master/app/src/main/java/com/xperttech/activity/LoginActivity.java,com.xperttech.activity.LoginActivity,initToolbar/0,false,60,1,2,1,1,1,2,4,0,0,0,2,0,0,0,0,0,0,0,0,0,0,0,0,0,0,4,2,0,false
/home/arch_design_predict/download-github-repos/mvp/repos/DP7AndroidMVP-master/app/src/main/java/com/xperttech/activity/LoginActivity.java,com.xperttech.activity.LoginActivity,onAuthenticationFailure/1[java.lang.String],false,105,0,0,0,0,1,0,2,0,0,1,0,0,0,0,0,0,0,0,0,0,0,0,0,0,0,4,1,0,false
/home/arch_design_predict/download-github-repos/mvp/repos/DP7AndroidMVP-master/app/src/main/java/com/xperttech/activity/LoginActivity.java,com.xperttech.activity.LoginActivity,onSuccess/1[com.xperttech.models.LoginResponse],false,110,5,4,0,4,1,4,4,0,0,1,4,1,1,0,0,0,0,0,0,0,0,0,0,0,0,11,1,0,false
/home/arch_design_predict/download-github-repos/mvp/repos/DP7AndroidMVP-master/app/src/main/java/com/xperttech/activity/LoginActivity.java,com.xperttech.activity.LoginActivity,onClick/1[com.xperttech.activity.View],false,66,4,2,0,2,3,4,11,0,0,1,4,1,1,0,0,0,0,0,0,0,0,1,0,0,0,8,1,0,false
/home/arch_design_predict/download-github-repos/mvp/repos/DP7AndroidMVP-master/app/src/main/java/com/xperttech/activity/LoginActivity.java,com.xperttech.activity.LoginActivity,onCreate/1[com.xperttech.activity.Bundle],false,36,2,1,0,1,1,4,6,0,0,1,4,1,2,0,0,0,0,0,0,0,0,0,0,0,0,10,1,0,false
/home/arch_design_predict/download-github-repos/mvp/repos/DP7AndroidMVP-master/app/src/main/java/com/xperttech/activity/LoginActivity.java,com.xperttech.activity.LoginActivity,onFailure/1[java.lang.String],false,100,2,2,0,2,1,2,3,0,0,1,2,0,0,0,0,0,0,0,0,0,0,0,0,0,0,5,1,0,false
/home/arch_design_predict/download-github-repos/mvp/repos/DP7AndroidMVP-master/app/src/main/java/com/xperttech/activity/LoginActivity.java,com.xperttech.activity.LoginActivity,setDataInPrefs/1[com.xperttech.models.LoginResponse],false,115,2,4,1,3,1,6,5,0,0,1,6,0,0,0,0,0,0,0,0,0,0,0,0,0,0,8,2,0,false
/home/arch_design_predict/download-github-repos/mvp/repos/DP7AndroidMVP-master/app/src/main/java/com/xperttech/activity/LoginActivity.java,com.xperttech.activity.LoginActivity,init/0,false,56,1,2,1,1,1,1,3,0,0,0,1,1,1,0,0,0,0,0,0,0,0,0,0,0,0,2,2,0,false
/home/arch_design_predict/download-github-repos/mvp/repos/DP7AndroidMVP-master/app/src/main/java/com/xperttech/activity/LoginActivity.java,com.xperttech.activity.LoginActivity,onValidationError/1[com.xperttech.validator.ValidationErrorModel],false,87,3,5,0,5,3,5,11,0,0,1,5,0,0,0,0,0,0,0,0,0,0,1,0,0,0,7,1,0,false
/home/arch_design_predict/download-github-repos/mvp/repos/DP7AndroidMVP-master/app/src/main/java/com/xperttech/activity/LoginActivity.java,com.xperttech.activity.LoginActivity,createPresenter/0,false,46,2,1,0,1,1,0,3,1,0,0,0,0,0,0,0,0,0,0,0,0,0,0,0,0,0,3,1,0,false
/home/arch_design_predict/download-github-repos/mvp/repos/DP7AndroidMVP-master/app/src/main/java/com/xperttech/activity/LoginActivity.java,com.xperttech.activity.LoginActivity,attachView/0,false,52,4,0,0,0,1,0,3,1,0,0,0,0,0,0,0,0,0,0,0,0,0,0,0,0,0,2,1,0,false
/home/arch_design_predict/download-github-repos/mvp/repos/DP7AndroidMVP-master/app/src/main/java/com/xperttech/activity/LoginActivity.java,com.xperttech.activity.LoginActivity,callLoginApi/0,false,78,4,5,1,4,1,6,7,0,1,0,6,0,0,0,0,0,0,0,0,1,0,0,0,0,0,9,2,0,false
/home/arch_design_predict/download-github-repos/mvp/repos/DP7AndroidMVP-master/app/src/main/java/com/xperttech/baseclasses/MVPFragment.java,com.xperttech.baseclasses.MVPFragment,hasInternet/0,false,69,1,1,0,1,1,2,3,1,0,0,2,0,0,0,0,0,0,0,0,0,0,0,0,0,0,4,1,0,false
/home/arch_design_predict/download-github-repos/mvp/repos/DP7AndroidMVP-master/app/src/main/java/com/xperttech/baseclasses/MVPFragment.java,com.xperttech.baseclasses.MVPFragment,onDestroy/0,false,60,1,1,0,1,1,2,4,0,0,0,2,0,0,0,0,0,0,0,0,0,0,0,0,0,0,2,1,0,false
/home/arch_design_predict/download-github-repos/mvp/repos/DP7AndroidMVP-master/app/src/main/java/com/xperttech/baseclasses/MVPFragment.java,com.xperttech.baseclasses.MVPFragment,attachView/0,false,48,2,0,0,0,1,0,1,0,0,0,0,0,0,0,0,0,0,0,0,0,0,0,0,0,0,3,1025,0,false
/home/arch_design_predict/download-github-repos/mvp/repos/DP7AndroidMVP-master/app/src/main/java/com/xperttech/baseclasses/MVPFragment.java,com.xperttech.baseclasses.MVPFragment,"onCreateView/3[com.xperttech.baseclasses.LayoutInflater,com.xperttech.baseclasses.ViewGroup,com.xperttech.baseclasses.Bundle]",false,55,5,0,0,0,1,1,3,1,0,3,1,0,0,0,0,0,0,0,0,0,0,0,0,0,0,10,1,0,false
/home/arch_design_predict/download-github-repos/mvp/repos/DP7AndroidMVP-master/app/src/main/java/com/xperttech/baseclasses/MVPFragment.java,com.xperttech.baseclasses.MVPFragment,onCreate/1[com.xperttech.baseclasses.Bundle],false,38,4,3,0,3,1,4,5,0,0,1,4,0,0,0,0,0,0,0,0,1,0,0,0,0,0,11,1,0,false
/home/arch_design_predict/download-github-repos/mvp/repos/DP7AndroidMVP-master/app/src/main/java/com/xperttech/baseclasses/MVPFragment.java,com.xperttech.baseclasses.MVPFragment,getPresenter/0,false,65,1,0,0,0,1,0,3,1,0,0,0,0,0,0,0,0,0,0,0,0,0,0,0,0,0,4,1,0,false
/home/arch_design_predict/download-github-repos/mvp/repos/DP7AndroidMVP-master/app/src/main/java/com/xperttech/baseclasses/MVPFragment.java,com.xperttech.baseclasses.MVPFragment,createPresenter/0,false,44,2,0,0,0,1,0,1,0,0,0,0,0,0,0,0,0,0,0,0,0,0,0,0,0,0,3,1025,0,false
/home/arch_design_predict/download-github-repos/mvp/repos/DP7AndroidMVP-master/app/src/main/java/com/xperttech/interactor/InterActorOnUnsubscribe.java,com.xperttech.interactor.InterActorOnUnsubscribe,"InterActorOnUnsubscribe/2[com.xperttech.interactor.InterActorCallback<T>,com.xperttech.interactor.Subscription]",true,19,3,0,0,0,1,0,4,0,0,2,0,0,0,0,0,0,0,0,0,2,0,0,0,0,0,7,0,0,false
/home/arch_design_predict/download-github-repos/mvp/repos/DP7AndroidMVP-master/app/src/main/java/com/xperttech/interactor/InterActorOnUnsubscribe.java,com.xperttech.interactor.InterActorOnUnsubscribe,call/0,false,25,0,0,0,0,1,0,2,0,0,0,0,0,0,0,0,0,0,0,0,0,0,0,0,0,0,1,1,0,false
/home/arch_design_predict/download-github-repos/mvp/repos/DP7AndroidMVP-master/app/src/main/java/com/xperttech/constants/ApiParamEnum.java,com.xperttech.constants.ApiParamEnum,ApiParamEnum/1[java.lang.String],true,25,0,0,0,0,1,0,3,0,0,1,0,0,0,0,0,0,0,0,0,1,0,0,0,0,0,4,0,0,false
/home/arch_design_predict/download-github-repos/mvp/repos/DP7AndroidMVP-master/app/src/main/java/com/xperttech/constants/ApiParamEnum.java,com.xperttech.constants.ApiParamEnum,getValue/0,false,29,0,3,3,0,1,0,3,1,0,0,0,0,0,0,0,0,0,0,0,0,0,0,0,0,0,3,1,0,false
/home/arch_design_predict/download-github-repos/mvp/repos/DP7AndroidMVP-master/app/src/main/java/com/xperttech/rest/ProgressRequestBody.java,com.xperttech.rest.ProgressRequestBody$ProgressUpdater,run/0,false,87,1,1,0,1,1,1,3,0,0,0,1,0,0,0,0,0,1,0,1,0,2,0,0,0,0,4,1,0,false
/home/arch_design_predict/download-github-repos/mvp/repos/DP7AndroidMVP-master/app/src/main/java/com/xperttech/rest/ProgressRequestBody.java,com.xperttech.rest.ProgressRequestBody$ProgressUpdater,"ProgressUpdater/3[long,long,java.lang.String]",true,80,0,1,1,0,1,0,5,0,0,3,0,0,0,0,0,0,0,0,0,3,0,0,0,0,0,8,1,0,false
/home/arch_design_predict/download-github-repos/mvp/repos/DP7AndroidMVP-master/app/src/main/java/com/xperttech/baseclasses/BasePresenter.java,com.xperttech.baseclasses.BasePresenter$MvpViewNotAttachedException,MvpViewNotAttachedException/0,true,64,0,1,1,0,1,0,3,0,0,0,0,0,0,0,0,0,0,1,0,0,0,0,0,0,0,11,1,0,false
/home/arch_design_predict/download-github-repos/mvp/repos/DP7AndroidMVP-master/app/src/main/java/com/xperttech/activity/MainActivity.java,com.xperttech.activity.MainActivity,onCreate/1[com.xperttech.activity.Bundle],false,11,1,0,0,0,1,2,4,0,0,1,2,0,0,0,0,0,0,0,0,0,0,0,0,0,0,9,4,0,false
/home/arch_design_predict/download-github-repos/mvp/repos/DP7AndroidMVP-master/app/src/main/java/com/xperttech/models/FileUri.java,com.xperttech.models.FileUri,setFile/1[java.io.File],false,27,0,2,2,0,1,0,3,0,0,1,0,0,0,0,0,0,0,0,0,1,0,0,0,0,0,3,1,0,false
/home/arch_design_predict/download-github-repos/mvp/repos/DP7AndroidMVP-master/app/src/main/java/com/xperttech/models/FileUri.java,com.xperttech.models.FileUri,getFile/0,false,23,0,3,3,0,1,0,3,1,0,0,0,0,0,0,0,0,0,0,0,0,0,0,0,0,0,3,1,0,false
/home/arch_design_predict/download-github-repos/mvp/repos/DP7AndroidMVP-master/app/src/main/java/com/xperttech/models/FileUri.java,com.xperttech.models.FileUri,setImageUrl/1[com.xperttech.models.Uri],false,19,1,2,2,0,1,0,3,0,0,1,0,0,0,0,0,0,0,0,0,1,0,0,0,0,0,5,1,0,false
/home/arch_design_predict/download-github-repos/mvp/repos/DP7AndroidMVP-master/app/src/main/java/com/xperttech/models/FileUri.java,com.xperttech.models.FileUri,getImageUrl/0,false,15,1,3,3,0,1,0,3,1,0,0,0,0,0,0,0,0,0,0,0,0,0,0,0,0,0,5,1,0,false
/home/arch_design_predict/download-github-repos/mvp/repos/DP7AndroidMVP-master/app/src/main/java/com/xperttech/baseclasses/BasePresenter.java,com.xperttech.baseclasses.BasePresenter,attachView/1[V],false,35,1,0,0,0,1,0,3,0,0,1,0,0,0,0,0,0,0,0,0,1,0,0,0,0,0,4,16,0,false
/home/arch_design_predict/download-github-repos/mvp/repos/DP7AndroidMVP-master/app/src/main/java/com/xperttech/baseclasses/BasePresenter.java,com.xperttech.baseclasses.BasePresenter,hasInternet/0,false,51,1,1,0,1,1,1,3,1,0,0,1,0,0,0,0,0,0,0,0,0,0,0,0,0,0,2,1,0,false
/home/arch_design_predict/download-github-repos/mvp/repos/DP7AndroidMVP-master/app/src/main/java/com/xperttech/baseclasses/BasePresenter.java,com.xperttech.baseclasses.BasePresenter,"addSubscription/3[com.xperttech.baseclasses.Subscription,java.lang.String,boolean]",false,74,1,0,0,0,1,0,2,0,0,3,0,0,0,0,0,0,0,0,0,0,0,0,0,0,0,4,4,0,false
/home/arch_design_predict/download-github-repos/mvp/repos/DP7AndroidMVP-master/app/src/main/java/com/xperttech/baseclasses/BasePresenter.java,com.xperttech.baseclasses.BasePresenter,isViewAttached/0,false,55,0,0,0,0,2,0,3,1,0,0,0,0,0,0,1,0,0,0,0,0,0,0,0,0,0,5,1,0,false
/home/arch_design_predict/download-github-repos/mvp/repos/DP7AndroidMVP-master/app/src/main/java/com/xperttech/baseclasses/BasePresenter.java,com.xperttech.baseclasses.BasePresenter,addSubscription/1[com.xperttech.baseclasses.Subscription],false,69,1,0,0,0,1,1,3,0,0,1,1,0,0,0,0,0,0,0,0,0,0,0,0,0,0,3,4,0,false
/home/arch_design_predict/download-github-repos/mvp/repos/DP7AndroidMVP-master/app/src/main/java/com/xperttech/baseclasses/BasePresenter.java,com.xperttech.baseclasses.BasePresenter,getAppInteractor/0,false,85,1,1,0,1,2,0,6,1,0,0,0,0,0,0,1,0,0,0,0,1,0,1,0,0,0,5,20,0,false
/home/arch_design_predict/download-github-repos/mvp/repos/DP7AndroidMVP-master/app/src/main/java/com/xperttech/baseclasses/BasePresenter.java,com.xperttech.baseclasses.BasePresenter,checkViewAttached/0,false,59,2,2,0,2,2,1,3,0,0,0,1,0,0,0,0,0,0,0,0,0,0,1,0,0,0,7,1,0,false
/home/arch_design_predict/download-github-repos/mvp/repos/DP7AndroidMVP-master/app/src/main/java/com/xperttech/baseclasses/BasePresenter.java,com.xperttech.baseclasses.BasePresenter,detachView/0,false,39,0,0,0,0,2,1,6,0,0,0,1,0,0,0,1,0,0,0,0,1,0,1,0,0,0,4,16,0,false
/home/arch_design_predict/download-github-repos/mvp/repos/DP7AndroidMVP-master/app/src/main/java/com/xperttech/baseclasses/BasePresenter.java,com.xperttech.baseclasses.BasePresenter,getView/0,false,47,1,0,0,0,1,0,3,1,0,0,0,0,0,0,0,0,0,0,0,0,0,0,0,0,0,4,1,0,false
/home/arch_design_predict/download-github-repos/mvp/repos/DP7AndroidMVP-master/app/src/main/java/com/xperttech/baseclasses/BasePresenter.java,com.xperttech.baseclasses.BasePresenter,"callLogoutApi/1[java.util.HashMap<java.lang.String,java.lang.String>]",false,92,0,0,0,0,1,0,2,0,0,1,0,0,0,0,0,0,0,0,0,0,0,0,0,0,0,5,1,0,false
/home/arch_design_predict/download-github-repos/mvp/repos/DP7AndroidMVP-master/app/src/main/java/com/xperttech/presenters/LoginPresenter.java,com.xperttech.presenters.LoginPresenter$Anonymous1,onStart/0,false,36,2,2,0,2,1,2,3,0,0,0,2,0,0,0,0,0,0,0,0,0,0,0,0,0,0,5,1,0,false
/home/arch_design_predict/download-github-repos/mvp/repos/DP7AndroidMVP-master/app/src/main/java/com/xperttech/presenters/LoginPresenter.java,com.xperttech.presenters.LoginPresenter$Anonymous1,onError/1[java.lang.String],false,55,2,2,0,2,1,2,3,0,0,1,2,0,0,0,0,0,0,0,0,0,0,0,0,0,0,5,1,0,false
/home/arch_design_predict/download-github-repos/mvp/repos/DP7AndroidMVP-master/app/src/main/java/com/xperttech/presenters/LoginPresenter.java,com.xperttech.presenters.LoginPresenter$Anonymous1,onFinish/0,false,50,2,2,0,2,1,2,3,0,0,0,2,0,0,0,0,0,0,0,0,0,0,0,0,0,0,5,1,0,false
/home/arch_design_predict/download-github-repos/mvp/repos/DP7AndroidMVP-master/app/src/main/java/com/xperttech/presenters/LoginPresenter.java,com.xperttech.presenters.LoginPresenter$Anonymous1,onResponse/1[com.xperttech.models.LoginResponse],false,41,4,5,0,5,2,5,8,0,0,1,5,0,0,0,0,0,0,0,0,0,0,1,0,0,0,6,1,0,false
/home/arch_design_predict/download-github-repos/mvp/repos/DP7AndroidMVP-master/app/src/main/java/com/xperttech/rest/RestService.java,com.xperttech.rest.RestService,downloadData/1[java.lang.String],false,32,5,1,1,0,1,0,1,0,0,1,0,0,0,0,0,0,0,0,0,0,0,0,0,0,0,4,0,0,false
/home/arch_design_predict/download-github-repos/mvp/repos/DP7AndroidMVP-master/app/src/main/java/com/xperttech/rest/RestService.java,com.xperttech.rest.RestService,"apiPost/2[java.lang.String,java.util.HashMap<java.lang.String,java.lang.String>]",false,24,5,1,1,0,1,0,1,0,0,2,0,0,0,0,0,0,0,0,0,0,0,0,0,0,0,3,0,0,false
/home/arch_design_predict/download-github-repos/mvp/repos/DP7AndroidMVP-master/app/src/main/java/com/xperttech/rest/RestService.java,com.xperttech.rest.RestService,"apiMultipartPost/3[java.lang.String,java.util.HashMap<java.lang.String,com.xperttech.rest.RequestBody>,MultipartBody.Part]",false,28,8,1,1,0,1,0,1,0,0,3,0,0,0,0,0,0,0,0,0,0,0,0,0,0,0,4,0,0,false
/home/arch_design_predict/download-github-repos/mvp/repos/DP7AndroidMVP-master/app/src/main/java/com/xperttech/interactor/InterActorOnSubscribe.java,com.xperttech.interactor.InterActorOnSubscribe,call/0,false,21,1,1,0,1,1,1,3,0,0,0,1,0,0,0,0,0,0,0,0,0,0,0,0,0,0,1,1,0,false
/home/arch_design_predict/download-github-repos/mvp/repos/DP7AndroidMVP-master/app/src/main/java/com/xperttech/interactor/InterActorOnSubscribe.java,com.xperttech.interactor.InterActorOnSubscribe,InterActorOnSubscribe/1[com.xperttech.interactor.InterActorCallback<T>],true,16,2,0,0,0,1,0,3,0,0,1,0,0,0,0,0,0,0,0,0,1,0,0,0,0,0,6,0,0,false
/home/arch_design_predict/download-github-repos/mvp/repos/DP7AndroidMVP-master/app/src/main/java/com/xperttech/baseclasses/BaseRecyclerAdapter.java,com.xperttech.baseclasses.BaseRecyclerAdapter$ViewHolder,ViewHolder/1[com.xperttech.baseclasses.View],true,69,1,0,0,0,1,1,4,0,0,1,1,0,0,0,0,0,0,0,0,0,0,0,0,0,0,3,1,0,false
/home/arch_design_predict/download-github-repos/mvp/repos/DP7AndroidMVP-master/app/src/main/java/com/xperttech/baseclasses/BaseRecyclerAdapter.java,com.xperttech.baseclasses.BaseRecyclerAdapter$ViewHolder,longClickableViews/1[com.xperttech.baseclasses.View[]],false,81,1,1,1,0,2,1,5,0,0,1,1,0,0,1,0,0,0,0,0,0,0,1,0,0,0,11,1,0,false
/home/arch_design_predict/download-github-repos/mvp/repos/DP7AndroidMVP-master/app/src/main/java/com/xperttech/baseclasses/BaseRecyclerAdapter.java,com.xperttech.baseclasses.BaseRecyclerAdapter$ViewHolder,clickableViews/1[com.xperttech.baseclasses.View[]],false,75,1,0,0,0,2,1,5,0,0,1,1,0,0,1,0,0,0,0,0,0,0,1,0,0,0,9,1,0,false
/home/arch_design_predict/download-github-repos/mvp/repos/DP7AndroidMVP-master/app/src/main/java/com/xperttech/models/SampleResponse.java,com.xperttech.models.SampleResponse,setTitle/1[java.lang.String],false,72,0,0,0,0,1,0,3,0,0,1,0,0,0,0,0,0,0,0,0,1,0,0,0,0,0,3,1,0,false
/home/arch_design_predict/download-github-repos/mvp/repos/DP7AndroidMVP-master/app/src/main/java/com/xperttech/models/SampleResponse.java,com.xperttech.models.SampleResponse,getTitle/0,false,68,0,0,0,0,1,0,3,1,0,0,0,0,0,0,0,0,0,0,0,0,0,0,0,0,0,3,1,0,false
/home/arch_design_predict/download-github-repos/mvp/repos/DP7AndroidMVP-master/app/src/main/java/com/xperttech/models/SampleResponse.java,com.xperttech.models.SampleResponse,getUserId/0,false,52,0,0,0,0,1,0,3,1,0,0,0,0,0,0,0,0,0,0,0,0,0,0,0,0,0,4,1,0,false
/home/arch_design_predict/download-github-repos/mvp/repos/DP7AndroidMVP-master/app/src/main/java/com/xperttech/models/SampleResponse.java,com.xperttech.models.SampleResponse,describeContents/0,false,85,0,0,0,0,1,0,3,1,0,0,0,0,0,0,0,0,0,0,1,0,0,0,0,0,0,2,1,0,false
/home/arch_design_predict/download-github-repos/mvp/repos/DP7AndroidMVP-master/app/src/main/java/com/xperttech/models/SampleResponse.java,com.xperttech.models.SampleResponse,setBody/1[java.lang.String],false,80,0,0,0,0,1,0,3,0,0,1,0,0,0,0,0,0,0,0,0,1,0,0,0,0,0,3,1,0,false
/home/arch_design_predict/download-github-repos/mvp/repos/DP7AndroidMVP-master/app/src/main/java/com/xperttech/models/SampleResponse.java,com.xperttech.models.SampleResponse,setUserId/1[java.lang.String],false,56,0,0,0,0,1,0,3,0,0,1,0,0,0,0,0,0,0,0,0,1,0,0,0,0,0,4,1,0,false
/home/arch_design_predict/download-github-repos/mvp/repos/DP7AndroidMVP-master/app/src/main/java/com/xperttech/models/SampleResponse.java,com.xperttech.models.SampleResponse,getBody/0,false,76,0,0,0,0,1,0,3,1,0,0,0,0,0,0,0,0,0,0,0,0,0,0,0,0,0,3,1,0,false
/home/arch_design_predict/download-github-repos/mvp/repos/DP7AndroidMVP-master/app/src/main/java/com/xperttech/models/SampleResponse.java,com.xperttech.models.SampleResponse,getId/0,false,60,0,0,0,0,1,0,3,1,0,0,0,0,0,0,0,0,0,0,0,0,0,0,0,0,0,3,1,0,false
/home/arch_design_predict/download-github-repos/mvp/repos/DP7AndroidMVP-master/app/src/main/java/com/xperttech/models/SampleResponse.java,com.xperttech.models.SampleResponse,setId/1[int],false,64,0,0,0,0,1,0,3,0,0,1,0,0,0,0,0,0,0,0,0,1,0,0,0,0,0,3,1,0,false
/home/arch_design_predict/download-github-repos/mvp/repos/DP7AndroidMVP-master/app/src/main/java/com/xperttech/models/SampleResponse.java,com.xperttech.models.SampleResponse,SampleResponse/1[com.xperttech.models.Parcel],true,33,1,1,1,0,1,2,6,0,0,1,2,0,0,0,0,0,0,0,0,4,0,0,0,0,0,9,4,0,false
/home/arch_design_predict/download-github-repos/mvp/repos/DP7AndroidMVP-master/app/src/main/java/com/xperttech/models/SampleResponse.java,com.xperttech.models.SampleResponse,"writeToParcel/2[com.xperttech.models.Parcel,int]",false,90,1,0,0,0,1,2,6,0,0,2,2,0,0,0,0,0,0,0,0,0,0,0,0,0,0,9,1,0,false
/home/arch_design_predict/download-github-repos/mvp/repos/DP7AndroidMVP-master/app/src/main/java/com/xperttech/baseclasses/LifeCycleCallBackManager.java,com.xperttech.baseclasses.LifeCycleCallBackManager,onDestroy/0,false,13,0,0,0,0,1,0,1,0,0,0,0,0,0,0,0,0,0,0,0,0,0,0,0,0,0,2,0,0,false
/home/arch_design_predict/download-github-repos/mvp/repos/DP7AndroidMVP-master/app/src/main/java/com/xperttech/baseclasses/LifeCycleCallBackManager.java,com.xperttech.baseclasses.LifeCycleCallBackManager,"onActivityResult/3[int,int,com.xperttech.baseclasses.Intent]",false,8,1,1,1,0,1,0,1,0,0,3,0,0,0,0,0,0,0,0,0,0,0,0,0,0,0,4,0,0,false
/home/arch_design_predict/download-github-repos/mvp/repos/DP7AndroidMVP-master/app/src/main/java/com/xperttech/baseclasses/LifeCycleCallBackManager.java,com.xperttech.baseclasses.LifeCycleCallBackManager,"onRequestPermissionsResult/3[int,java.lang.String[],int[]]",false,10,2,1,1,0,1,0,1,0,0,3,0,0,0,0,0,0,0,0,0,0,0,0,0,0,0,6,0,0,false
/home/arch_design_predict/download-github-repos/mvp/repos/DP7AndroidMVP-master/app/src/main/java/com/xperttech/baseclasses/LifeCycleCallBackManager.java,com.xperttech.baseclasses.LifeCycleCallBackManager,onStartActivity/0,false,15,0,0,0,0,1,0,1,0,0,0,0,0,0,0,0,0,0,0,0,0,0,0,0,0,0,3,0,0,false
/home/arch_design_predict/download-github-repos/mvp/repos/DP7AndroidMVP-master/app/src/main/java/com/xperttech/rest/ProgressRequestBody.java,com.xperttech.rest.ProgressRequestBody,contentType/0,false,38,1,0,0,0,1,0,3,1,0,0,0,0,0,0,0,0,0,0,0,0,0,0,0,0,0,4,1,0,false
/home/arch_design_predict/download-github-repos/mvp/repos/DP7AndroidMVP-master/app/src/main/java/com/xperttech/rest/ProgressRequestBody.java,com.xperttech.rest.ProgressRequestBody,contentLength/0,false,43,0,0,0,0,1,1,3,1,0,0,1,0,0,0,0,0,0,0,0,0,0,0,0,0,0,5,1,0,false
/home/arch_design_predict/download-github-repos/mvp/repos/DP7AndroidMVP-master/app/src/main/java/com/xperttech/rest/ProgressRequestBody.java,com.xperttech.rest.ProgressRequestBody,writeTo/1[com.xperttech.rest.BufferedSink],false,48,4,1,0,1,3,6,24,0,8,1,6,0,0,1,1,1,2,0,6,10,3,3,0,0,0,24,1,0,false
/home/arch_design_predict/download-github-repos/mvp/repos/DP7AndroidMVP-master/app/src/main/java/com/xperttech/rest/ProgressRequestBody.java,com.xperttech.rest.ProgressRequestBody,"ProgressRequestBody/4[java.io.File,java.lang.String,com.xperttech.rest.MediaType,com.xperttech.rest.ProgressRequestBody.UploadCallbacks]",true,30,2,0,0,0,1,0,6,0,0,4,0,0,0,0,0,0,0,0,0,4,0,0,0,0,0,13,1,0,false
/home/arch_design_predict/download-github-repos/mvp/repos/DP7AndroidMVP-master/app/src/main/java/com/xperttech/interactor/InterActorSubscriber.java,com.xperttech.interactor.InterActorSubscriber,"InterActorSubscriber/2[com.xperttech.interactor.InterActorCallback<T>,com.xperttech.interactor.AppInteractor]",true,27,3,0,0,0,1,0,4,0,0,2,0,0,0,0,0,0,0,0,0,2,0,0,0,0,0,7,0,0,false
/home/arch_design_predict/download-github-repos/mvp/repos/DP7AndroidMVP-master/app/src/main/java/com/xperttech/interactor/InterActorSubscriber.java,com.xperttech.interactor.InterActorSubscriber,onError/1[java.lang.Throwable],false,40,3,3,0,3,6,5,17,0,0,1,5,0,0,0,0,0,0,0,0,0,0,2,0,0,0,16,1,0,false
/home/arch_design_predict/download-github-repos/mvp/repos/DP7AndroidMVP-master/app/src/main/java/com/xperttech/interactor/InterActorSubscriber.java,com.xperttech.interactor.InterActorSubscriber,onCompleted/0,false,33,1,1,0,1,2,1,5,0,0,0,1,0,0,0,0,0,0,0,0,0,0,1,0,0,0,2,1,0,false
/home/arch_design_predict/download-github-repos/mvp/repos/DP7AndroidMVP-master/app/src/main/java/com/xperttech/rest/ProgressRequestBody.java,com.xperttech.rest.ProgressRequestBody$UploadCallbacks,"onProgressUpdate/2[int,java.lang.String]",false,27,0,2,2,0,1,0,1,0,0,2,0,0,0,0,0,0,0,0,0,0,0,0,0,0,0,4,0,0,false
/home/arch_design_predict/download-github-repos/mvp/repos/DP7AndroidMVP-master/app/src/main/java/com/xperttech/rest/ToStringConverterFactory.java,com.xperttech.rest.ToStringConverterFactory$Anonymous2,convert/1[java.lang.String],false,54,0,0,0,0,1,0,3,1,0,1,0,0,0,0,0,0,0,0,0,0,0,0,0,0,0,5,1,0,false
/home/arch_design_predict/download-github-repos/mvp/repos/DP7AndroidMVP-master/app/src/main/java/com/xperttech/baseclasses/BaseRecyclerAdapter.java,com.xperttech.baseclasses.BaseRecyclerAdapter,BaseRecyclerAdapter/1[java.util.List<M>],true,19,1,0,0,0,1,0,3,0,0,1,0,0,0,0,0,0,0,0,0,1,0,0,0,0,0,4,1,0,false
/home/arch_design_predict/download-github-repos/mvp/repos/DP7AndroidMVP-master/app/src/main/java/com/xperttech/baseclasses/BaseRecyclerAdapter.java,com.xperttech.baseclasses.BaseRecyclerAdapter,getItemCount/0,false,34,0,0,0,0,1,1,3,1,0,0,1,0,0,0,0,0,0,0,0,0,0,0,0,0,0,3,1,0,false
/home/arch_design_predict/download-github-repos/mvp/repos/DP7AndroidMVP-master/app/src/main/java/com/xperttech/baseclasses/BaseRecyclerAdapter.java,com.xperttech.baseclasses.BaseRecyclerAdapter,setRecycleOnItemEventListener/1[com.xperttech.baseclasses.BaseRecyclerAdapter.RecycleOnItemEventListener],false,24,2,0,0,0,1,0,4,1,0,1,0,0,0,0,0,0,0,0,0,1,0,0,0,0,0,11,1,0,false
/home/arch_design_predict/download-github-repos/mvp/repos/DP7AndroidMVP-master/app/src/main/java/com/xperttech/baseclasses/BaseRecyclerAdapter.java,com.xperttech.baseclasses.BaseRecyclerAdapter,getData/0,false,38,1,0,0,0,1,0,3,1,0,0,0,0,0,0,0,0,0,0,0,0,0,0,0,0,0,3,17,0,false
/home/arch_design_predict/download-github-repos/mvp/repos/DP7AndroidMVP-master/app/src/main/java/com/xperttech/baseclasses/BaseRecyclerAdapter.java,com.xperttech.baseclasses.BaseRecyclerAdapter,getItem/1[int],false,29,1,0,0,0,1,1,3,1,0,1,1,0,0,0,0,0,0,0,0,0,0,0,0,0,0,4,1,0,false
/home/arch_design_predict/download-github-repos/mvp/repos/DP7AndroidMVP-master/app/src/main/java/com/xperttech/rest/ToStringConverterFactory.java,com.xperttech.rest.ToStringConverterFactory$Anonymous1,convert/1[com.xperttech.rest.ResponseBody],false,38,1,0,0,0,1,1,3,1,0,1,1,0,0,0,0,0,0,0,0,0,0,0,0,0,0,7,1,0,false
/home/arch_design_predict/download-github-repos/mvp/repos/DP7AndroidMVP-master/app/src/main/java/com/xperttech/adapter/ExampleAdapter.java,com.xperttech.adapter.ExampleAdapter$DataObjectHolder,DataObjectHolder/1[com.xperttech.adapter.View],true,42,2,2,1,1,1,1,4,0,0,1,1,0,0,0,0,0,0,0,0,0,0,0,0,0,0,8,0,0,false
/home/arch_design_predict/download-github-repos/mvp/repos/DP7AndroidMVP-master/app/src/main/java/com/xperttech/baseclasses/BaseRecyclerAdapter.java,com.xperttech.baseclasses.BaseRecyclerAdapter$ViewHolder$Anonymous2,onLongClick/1[com.xperttech.baseclasses.View],false,61,2,1,0,1,2,2,6,1,0,1,2,0,0,0,1,0,0,0,0,0,0,1,0,0,0,13,1,0,false
/home/arch_design_predict/download-github-repos/mvp/repos/DP7AndroidMVP-master/app/src/main/java/com/xperttech/models/Response.java,com.xperttech.models.Response,getMessage/0,false,26,0,2,2,0,1,0,3,1,0,0,0,0,0,0,0,0,0,0,0,0,0,0,0,0,0,3,1,0,false
/home/arch_design_predict/download-github-repos/mvp/repos/DP7AndroidMVP-master/app/src/main/java/com/xperttech/models/Response.java,com.xperttech.models.Response,setMessage/1[java.lang.String],false,30,0,0,0,0,1,0,3,0,0,1,0,0,0,0,0,0,0,0,0,1,0,0,0,0,0,3,1,0,false
/home/arch_design_predict/download-github-repos/mvp/repos/DP7AndroidMVP-master/app/src/main/java/com/xperttech/models/Response.java,com.xperttech.models.Response,isStatus/0,false,18,0,1,1,0,1,0,3,1,0,0,0,0,0,0,0,0,0,0,0,0,0,0,0,0,0,3,1,0,false
/home/arch_design_predict/download-github-repos/mvp/repos/DP7AndroidMVP-master/app/src/main/java/com/xperttech/models/Response.java,com.xperttech.models.Response,isAuthentication/0,false,34,0,0,0,0,1,0,3,1,0,0,0,0,0,0,0,0,0,0,0,0,0,0,0,0,0,3,1,0,false
/home/arch_design_predict/download-github-repos/mvp/repos/DP7AndroidMVP-master/app/src/main/java/com/xperttech/models/Response.java,com.xperttech.models.Response,setStatus/1[boolean],false,22,0,0,0,0,1,0,3,0,0,1,0,0,0,0,0,0,0,0,0,1,0,0,0,0,0,3,1,0,false
/home/arch_design_predict/download-github-repos/mvp/repos/DP7AndroidMVP-master/app/src/main/java/com/xperttech/models/Response.java,com.xperttech.models.Response,setAuthentication/1[boolean],false,38,0,0,0,0,1,0,3,0,0,1,0,0,0,0,0,0,0,0,0,1,0,0,0,0,0,3,1,0,false
/home/arch_design_predict/download-github-repos/mvp/repos/DP7AndroidMVP-master/app/src/main/java/com/xperttech/baseclasses/BaseRecyclerAdapter.java,com.xperttech.baseclasses.BaseRecyclerAdapter$ViewHolder$Anonymous1,onClick/1[com.xperttech.baseclasses.View],false,52,2,1,0,1,2,2,5,0,0,1,2,0,0,0,1,0,0,0,0,0,0,1,0,0,0,11,1,0,false
/home/arch_design_predict/download-github-repos/mvp/repos/DP7AndroidMVP-master/app/src/main/java/com/xperttech/interactor/InterActorCallback.java,com.xperttech.interactor.InterActorCallback,onResponse/1[T],false,12,1,0,0,0,1,0,1,0,0,1,0,0,0,0,0,0,0,0,0,0,0,0,0,0,0,4,0,0,false
/home/arch_design_predict/download-github-repos/mvp/repos/DP7AndroidMVP-master/app/src/main/java/com/xperttech/interactor/InterActorCallback.java,com.xperttech.interactor.InterActorCallback,onStart/0,false,10,0,0,0,0,1,0,1,0,0,0,0,0,0,0,0,0,0,0,0,0,0,0,0,0,0,2,0,0,false
/home/arch_design_predict/download-github-repos/mvp/repos/DP7AndroidMVP-master/app/src/main/java/com/xperttech/interactor/InterActorCallback.java,com.xperttech.interactor.InterActorCallback,onFinish/0,false,14,0,0,0,0,1,0,1,0,0,0,0,0,0,0,0,0,0,0,0,0,0,0,0,0,0,2,0,0,false
/home/arch_design_predict/download-github-repos/mvp/repos/DP7AndroidMVP-master/app/src/main/java/com/xperttech/interactor/InterActorCallback.java,com.xperttech.interactor.InterActorCallback,onError/1[java.lang.String],false,16,0,0,0,0,1,0,1,0,0,1,0,0,0,0,0,0,0,0,0,0,0,0,0,0,0,3,0,0,false
/home/arch_design_predict/download-github-repos/mvp/repos/DP7AndroidMVP-master/app/src/main/java/com/xperttech/interactor/AppInteractor.java,com.xperttech.interactor.AppInteractor,cancel/0,false,49,0,0,0,0,1,0,3,0,0,0,0,0,0,0,0,0,0,0,0,1,0,0,0,0,0,4,1,0,false
/home/arch_design_predict/download-github-repos/mvp/repos/DP7AndroidMVP-master/app/src/main/java/com/xperttech/interactor/AppInteractor.java,com.xperttech.interactor.AppInteractor,"displayRequestParams/1[java.util.HashMap<java.lang.String,java.lang.String>]",false,53,1,2,1,1,2,7,7,0,2,1,7,0,0,1,0,0,0,0,0,2,0,1,0,0,0,8,2,0,false
/home/arch_design_predict/download-github-repos/mvp/repos/DP7AndroidMVP-master/app/src/main/java/com/xperttech/interactor/AppInteractor.java,com.xperttech.interactor.AppInteractor,"downloadFile/2[java.lang.String,com.xperttech.interactor.InterActorCallback<java.io.File>]",false,109,7,5,0,5,1,10,24,1,0,2,10,0,0,0,0,0,0,0,0,0,1,0,2,0,0,21,1,0,false
/home/arch_design_predict/download-github-repos/mvp/repos/DP7AndroidMVP-master/app/src/main/java/com/xperttech/interactor/AppInteractor.java,com.xperttech.interactor.AppInteractor,"callUploadProfilePicApi/3[java.util.HashMap<java.lang.String,com.xperttech.interactor.RequestBody>,MultipartBody.Part,com.xperttech.interactor.InterActorCallback<com.xperttech.models.LoginResponse>]",false,87,11,5,0,5,1,10,14,1,0,3,10,0,0,0,0,0,0,0,0,0,0,0,2,0,0,18,1,0,false
/home/arch_design_predict/download-github-repos/mvp/repos/DP7AndroidMVP-master/app/src/main/java/com/xperttech/interactor/AppInteractor.java,com.xperttech.interactor.AppInteractor,AppInteractor/0,true,35,0,1,1,0,1,0,2,0,0,0,0,0,0,0,0,0,0,0,0,0,0,0,0,0,0,2,1,0,false
/home/arch_design_predict/download-github-repos/mvp/repos/DP7AndroidMVP-master/app/src/main/java/com/xperttech/interactor/AppInteractor.java,com.xperttech.interactor.AppInteractor,"sendResponse/2[com.xperttech.interactor.InterActorCallback,com.xperttech.models.Response]",false,39,2,2,1,1,2,1,5,0,0,2,1,0,0,0,0,0,0,0,0,0,0,1,0,0,0,8,2,0,false
/home/arch_design_predict/download-github-repos/mvp/repos/DP7AndroidMVP-master/app/src/main/java/com/xperttech/interactor/AppInteractor.java,com.xperttech.interactor.AppInteractor,isCancel/0,false,45,0,0,0,0,1,0,3,1,0,0,0,0,0,0,0,0,0,0,0,0,0,0,0,0,0,2,1,0,false
/home/arch_design_predict/download-github-repos/mvp/repos/DP7AndroidMVP-master/app/src/main/java/com/xperttech/interactor/AppInteractor.java,com.xperttech.interactor.AppInteractor,"callLoginApi/2[java.util.HashMap<java.lang.String,java.lang.String>,com.xperttech.interactor.InterActorCallback<com.xperttech.models.LoginResponse>]",false,63,9,6,1,5,1,10,15,1,0,2,10,0,0,0,0,0,0,0,0,0,0,0,2,0,0,19,1,0,false
/home/arch_design_predict/download-github-repos/mvp/repos/DP7AndroidMVP-master/app/src/main/java/com/xperttech/constants/ApiRequestUrlEnum.java,com.xperttech.constants.ApiRequestUrlEnum,ApiRequestUrlEnum/1[java.lang.String],true,13,0,0,0,0,1,0,3,0,0,1,0,0,0,0,0,0,0,0,0,1,1,0,0,0,0,5,0,0,false
/home/arch_design_predict/download-github-repos/mvp/repos/DP7AndroidMVP-master/app/src/main/java/com/xperttech/constants/ApiRequestUrlEnum.java,com.xperttech.constants.ApiRequestUrlEnum,getValue/0,false,17,0,2,2,0,1,0,3,1,0,0,0,0,0,0,0,0,0,0,0,0,0,0,0,0,0,3,1,0,false
/home/arch_design_predict/download-github-repos/mvp/repos/DP7AndroidMVP-master/app/src/main/java/com/xperttech/utils/MyPrefs.java,com.xperttech.utils.MyPrefs,getInstance/1[com.xperttech.utils.Context],false,38,3,5,3,2,2,1,6,1,0,1,1,0,0,0,1,0,0,0,0,1,0,1,0,0,0,9,9,0,false
/home/arch_design_predict/download-github-repos/mvp/repos/DP7AndroidMVP-master/app/src/main/java/com/xperttech/utils/MyPrefs.java,com.xperttech.utils.MyPrefs,"getBoolean/2[java.lang.String,boolean]",false,74,0,0,0,0,1,1,3,1,0,2,1,0,0,0,0,0,0,0,0,0,0,0,0,0,0,4,1,0,false
/home/arch_design_predict/download-github-repos/mvp/repos/DP7AndroidMVP-master/app/src/main/java/com/xperttech/utils/MyPrefs.java,com.xperttech.utils.MyPrefs,"save/2[java.lang.String,int]",false,57,0,0,0,0,1,2,3,0,0,2,2,0,0,0,0,0,0,0,0,0,0,0,0,0,0,2,1,0,false
/home/arch_design_predict/download-github-repos/mvp/repos/DP7AndroidMVP-master/app/src/main/java/com/xperttech/utils/MyPrefs.java,com.xperttech.utils.MyPrefs,"save/2[java.lang.String,long]",false,65,0,0,0,0,1,2,3,0,0,2,2,0,0,0,0,0,0,0,0,0,0,0,0,0,0,2,1,0,false
/home/arch_design_predict/download-github-repos/mvp/repos/DP7AndroidMVP-master/app/src/main/java/com/xperttech/utils/MyPrefs.java,com.xperttech.utils.MyPrefs,getAccessToken/0,false,129,0,0,0,0,1,1,3,1,0,0,1,0,0,0,0,0,0,1,0,0,0,0,0,0,0,3,1,0,false
/home/arch_design_predict/download-github-repos/mvp/repos/DP7AndroidMVP-master/app/src/main/java/com/xperttech/utils/MyPrefs.java,com.xperttech.utils.MyPrefs,getUserDataModel/0,false,137,2,0,0,0,1,2,3,1,0,0,2,0,0,0,0,0,0,1,0,0,0,0,0,0,0,5,1,0,false
/home/arch_design_predict/download-github-repos/mvp/repos/DP7AndroidMVP-master/app/src/main/java/com/xperttech/utils/MyPrefs.java,com.xperttech.utils.MyPrefs,"save/2[java.lang.String,float]",false,61,0,0,0,0,1,2,3,0,0,2,2,0,0,0,0,0,0,0,0,0,0,0,0,0,0,2,1,0,false
/home/arch_design_predict/download-github-repos/mvp/repos/DP7AndroidMVP-master/app/src/main/java/com/xperttech/utils/MyPrefs.java,com.xperttech.utils.MyPrefs,"getString/2[java.lang.String,java.lang.String]",false,78,0,0,0,0,1,1,3,1,0,2,1,0,0,0,0,0,0,0,0,0,0,0,0,0,0,4,1,0,false
/home/arch_design_predict/download-github-repos/mvp/repos/DP7AndroidMVP-master/app/src/main/java/com/xperttech/utils/MyPrefs.java,com.xperttech.utils.MyPrefs,setUserDataModel/1[com.xperttech.models.UserDataModel],false,141,2,0,0,0,1,4,3,0,0,1,4,0,0,0,0,0,0,0,0,0,0,0,0,0,0,6,1,0,false
/home/arch_design_predict/download-github-repos/mvp/repos/DP7AndroidMVP-master/app/src/main/java/com/xperttech/utils/MyPrefs.java,com.xperttech.utils.MyPrefs,"getInt/2[java.lang.String,int]",false,82,0,0,0,0,1,1,3,1,0,2,1,0,0,0,0,0,0,0,0,0,0,0,0,0,0,4,1,0,false
/home/arch_design_predict/download-github-repos/mvp/repos/DP7AndroidMVP-master/app/src/main/java/com/xperttech/utils/MyPrefs.java,com.xperttech.utils.MyPrefs,clearAllPrefs/0,false,153,0,0,0,0,1,2,4,0,0,0,2,0,0,0,0,0,0,0,0,0,0,0,0,0,0,3,1,0,false
/home/arch_design_predict/download-github-repos/mvp/repos/DP7AndroidMVP-master/app/src/main/java/com/xperttech/utils/MyPrefs.java,com.xperttech.utils.MyPrefs,"save/2[java.lang.String,java.util.Set<java.lang.String>]",false,70,1,0,0,0,1,2,3,0,0,2,2,0,0,0,0,0,0,0,0,0,0,0,0,0,0,2,1,0,false
/home/arch_design_predict/download-github-repos/mvp/repos/DP7AndroidMVP-master/app/src/main/java/com/xperttech/utils/MyPrefs.java,com.xperttech.utils.MyPrefs,"save/2[java.lang.String,java.lang.String]",false,53,0,0,0,0,1,2,3,0,0,2,2,0,0,0,0,0,0,0,0,0,0,0,0,0,0,2,1,0,false
/home/arch_design_predict/download-github-repos/mvp/repos/DP7AndroidMVP-master/app/src/main/java/com/xperttech/utils/MyPrefs.java,com.xperttech.utils.MyPrefs,"getFloat/2[java.lang.String,float]",false,86,0,0,0,0,1,1,3,1,0,2,1,0,0,0,0,0,0,0,0,0,0,0,0,0,0,4,1,0,false
/home/arch_design_predict/download-github-repos/mvp/repos/DP7AndroidMVP-master/app/src/main/java/com/xperttech/utils/MyPrefs.java,com.xperttech.utils.MyPrefs,isUserLogin/0,false,145,0,0,0,0,1,1,3,1,0,0,1,0,0,0,0,0,0,0,0,0,0,0,0,0,0,3,1,0,false
/home/arch_design_predict/download-github-repos/mvp/repos/DP7AndroidMVP-master/app/src/main/java/com/xperttech/utils/MyPrefs.java,com.xperttech.utils.MyPrefs,removeInstance/0,false,45,0,0,0,0,1,0,3,0,0,0,0,0,0,0,0,0,0,0,0,1,0,0,0,0,0,5,9,0,false
/home/arch_design_predict/download-github-repos/mvp/repos/DP7AndroidMVP-master/app/src/main/java/com/xperttech/utils/MyPrefs.java,com.xperttech.utils.MyPrefs,setAccessToken/1[java.lang.String],false,133,0,0,0,0,1,3,3,0,0,1,3,0,0,0,0,0,0,0,0,0,0,0,0,0,0,4,1,0,false
/home/arch_design_predict/download-github-repos/mvp/repos/DP7AndroidMVP-master/app/src/main/java/com/xperttech/utils/MyPrefs.java,com.xperttech.utils.MyPrefs,setUserLogin/1[boolean],false,149,0,0,0,0,1,3,3,0,0,1,3,0,0,0,0,0,0,0,0,0,0,0,0,0,0,4,1,0,false
/home/arch_design_predict/download-github-repos/mvp/repos/DP7AndroidMVP-master/app/src/main/java/com/xperttech/utils/MyPrefs.java,com.xperttech.utils.MyPrefs,"getStringSet/2[java.lang.String,java.util.Set<java.lang.String>]",false,95,1,0,0,0,1,1,3,1,0,2,1,0,0,0,0,0,0,0,0,0,0,0,0,0,0,5,1,0,false
/home/arch_design_predict/download-github-repos/mvp/repos/DP7AndroidMVP-master/app/src/main/java/com/xperttech/utils/MyPrefs.java,com.xperttech.utils.MyPrefs,getAll/0,false,99,0,0,0,0,1,1,3,1,0,0,1,0,0,0,0,0,0,0,0,0,0,0,0,0,0,2,1,0,false
/home/arch_design_predict/download-github-repos/mvp/repos/DP7AndroidMVP-master/app/src/main/java/com/xperttech/utils/MyPrefs.java,com.xperttech.utils.MyPrefs,"save/2[java.lang.String,boolean]",false,49,0,0,0,0,1,2,3,0,0,2,2,0,0,0,0,0,0,0,0,0,0,0,0,0,0,2,1,0,false
/home/arch_design_predict/download-github-repos/mvp/repos/DP7AndroidMVP-master/app/src/main/java/com/xperttech/utils/MyPrefs.java,com.xperttech.utils.MyPrefs,remove/1[java.lang.String],false,103,0,0,0,0,1,2,3,0,0,1,2,0,0,0,0,0,0,0,0,0,0,0,0,0,0,2,1,0,false
/home/arch_design_predict/download-github-repos/mvp/repos/DP7AndroidMVP-master/app/src/main/java/com/xperttech/utils/MyPrefs.java,com.xperttech.utils.MyPrefs,MyPrefs/1[com.xperttech.utils.Context],true,33,1,1,1,0,1,2,4,0,0,1,2,0,0,0,0,0,0,0,0,2,0,0,0,0,0,6,1,0,false
/home/arch_design_predict/download-github-repos/mvp/repos/DP7AndroidMVP-master/app/src/main/java/com/xperttech/utils/MyPrefs.java,com.xperttech.utils.MyPrefs,"getLong/2[java.lang.String,long]",false,90,0,0,0,0,1,1,3,1,0,2,1,0,0,0,0,0,0,0,0,0,0,0,0,0,0,4,1,0,false
/home/arch_design_predict/download-github-repos/mvp/repos/DP7AndroidMVP-master/app/src/main/java/com/xperttech/utils/ImageUtils.java,com.xperttech.utils.ImageUtils,"displayImage/4[com.xperttech.utils.Activity,java.lang.String,com.xperttech.utils.ImageView,com.xperttech.utils.Drawable]",false,30,3,1,1,0,1,3,3,0,0,4,3,0,0,0,0,0,0,0,0,0,0,0,0,0,0,9,9,0,false
/home/arch_design_predict/download-github-repos/mvp/repos/DP7AndroidMVP-master/app/src/main/java/com/xperttech/utils/ImageUtils.java,com.xperttech.utils.ImageUtils,"displayImage/3[com.xperttech.utils.Activity,java.lang.String,com.xperttech.utils.ImageView]",false,34,3,1,0,1,1,1,3,0,0,3,1,1,1,0,0,0,0,0,0,0,0,0,0,0,0,5,9,0,false
/home/arch_design_predict/download-github-repos/mvp/repos/DP7AndroidMVP-master/app/src/main/java/com/xperttech/rest/ProgressResponseBody.java,com.xperttech.rest.ProgressResponseBody,source/1[com.xperttech.rest.Source],false,50,3,1,1,0,1,0,14,1,0,1,0,0,0,0,0,0,0,0,0,0,0,0,1,0,0,22,2,0,false
/home/arch_design_predict/download-github-repos/mvp/repos/DP7AndroidMVP-master/app/src/main/java/com/xperttech/rest/ProgressResponseBody.java,com.xperttech.rest.ProgressResponseBody,"ProgressResponseBody/3[com.xperttech.rest.ResponseBody,java.lang.String,com.xperttech.rest.ProgressRequestBody.UploadCallbacks]",true,26,2,1,1,0,1,0,5,0,0,3,0,0,0,0,0,0,0,0,0,3,0,0,0,0,0,6,1,0,false
/home/arch_design_predict/download-github-repos/mvp/repos/DP7AndroidMVP-master/app/src/main/java/com/xperttech/rest/ProgressResponseBody.java,com.xperttech.rest.ProgressResponseBody,contentLength/0,false,38,0,0,0,0,1,1,3,1,0,0,1,0,0,0,0,0,0,0,0,0,0,0,0,0,0,2,1,0,false
/home/arch_design_predict/download-github-repos/mvp/repos/DP7AndroidMVP-master/app/src/main/java/com/xperttech/rest/ProgressResponseBody.java,com.xperttech.rest.ProgressResponseBody,source/0,false,43,2,1,0,1,2,3,6,1,0,0,3,1,1,0,1,0,0,0,0,1,0,1,0,0,0,5,1,0,false
/home/arch_design_predict/download-github-repos/mvp/repos/DP7AndroidMVP-master/app/src/main/java/com/xperttech/rest/ProgressResponseBody.java,com.xperttech.rest.ProgressResponseBody,contentType/0,false,33,1,0,0,0,1,1,3,1,0,0,1,0,0,0,0,0,0,0,0,0,0,0,0,0,0,3,1,0,false
/home/arch_design_predict/download-github-repos/mvp/repos/DP7AndroidMVP-master/app/src/main/java/com/xperttech/rest/ProgressResponseBody.java,com.xperttech.rest.ProgressResponseBody$Anonymous1,"read/2[com.xperttech.rest.Buffer,long]",false,55,3,1,0,1,3,4,8,1,3,2,4,0,0,0,2,0,2,0,5,4,2,0,0,0,0,17,1,0,false
/home/arch_design_predict/download-github-repos/mvp/repos/DP7AndroidMVP-master/app/src/main/java/com/xperttech/validator/ValidationErrorModel.java,com.xperttech.validator.ValidationErrorModel,getMsg/0,false,37,0,1,1,0,1,0,3,1,0,0,0,0,0,0,0,0,0,0,0,0,0,0,0,0,0,3,1,0,false
/home/arch_design_predict/download-github-repos/mvp/repos/DP7AndroidMVP-master/app/src/main/java/com/xperttech/validator/ValidationErrorModel.java,com.xperttech.validator.ValidationErrorModel,setError/1[com.xperttech.validator.ValidationError],false,49,1,0,0,0,1,0,3,0,0,1,0,0,0,0,0,0,0,0,0,1,0,0,0,0,0,4,1,0,false
/home/arch_design_predict/download-github-repos/mvp/repos/DP7AndroidMVP-master/app/src/main/java/com/xperttech/validator/ValidationErrorModel.java,com.xperttech.validator.ValidationErrorModel,"ValidationErrorModel/2[int,com.xperttech.validator.ValidationError]",true,32,1,4,4,0,1,0,4,0,0,2,0,0,0,0,0,0,0,0,0,2,0,0,0,0,0,5,1,0,false
/home/arch_design_predict/download-github-repos/mvp/repos/DP7AndroidMVP-master/app/src/main/java/com/xperttech/validator/ValidationErrorModel.java,com.xperttech.validator.ValidationErrorModel,ValidationErrorModel/0,true,28,0,0,0,0,1,0,2,0,0,0,0,0,0,0,0,0,0,0,0,0,0,0,0,0,0,3,1,0,false
/home/arch_design_predict/download-github-repos/mvp/repos/DP7AndroidMVP-master/app/src/main/java/com/xperttech/validator/ValidationErrorModel.java,com.xperttech.validator.ValidationErrorModel,getError/0,false,45,1,1,1,0,1,0,3,1,0,0,0,0,0,0,0,0,0,0,0,0,0,0,0,0,0,4,1,0,false
/home/arch_design_predict/download-github-repos/mvp/repos/DP7AndroidMVP-master/app/src/main/java/com/xperttech/validator/ValidationErrorModel.java,com.xperttech.validator.ValidationErrorModel,setMsg/1[int],false,41,0,0,0,0,1,0,3,0,0,1,0,0,0,0,0,0,0,0,0,1,0,0,0,0,0,3,1,0,false
/home/arch_design_predict/download-github-repos/mvp/repos/DP7AndroidMVP-master/app/src/main/java/com/xperttech/views/ValidationErrorView.java,com.xperttech.views.ValidationErrorView,onValidationError/1[com.xperttech.validator.ValidationErrorModel],false,11,1,0,0,0,1,0,1,0,0,1,0,0,0,0,0,0,0,0,0,0,0,0,0,0,0,5,0,0,false
