file,class,method,variable,usage
/home/arch_design_predict/download-github-repos/mvvm/repos/androidApplicationWithMVVM-master/app/src/main/java/automation/ebtkarat/mvvm/Model/User.java,automation.ebtkarat.mvvm.Model.User,setEmail/1[java.lang.String],email,3
/home/arch_design_predict/download-github-repos/mvvm/repos/androidApplicationWithMVVM-master/app/src/main/java/automation/ebtkarat/mvvm/Model/User.java,automation.ebtkarat.mvvm.Model.User,setPassword/1[java.lang.String],password,3
/home/arch_design_predict/download-github-repos/mvvm/repos/androidApplicationWithMVVM-master/app/src/main/java/automation/ebtkarat/mvvm/Model/User.java,automation.ebtkarat.mvvm.Model.User,getPassword/0,password,1
/home/arch_design_predict/download-github-repos/mvvm/repos/androidApplicationWithMVVM-master/app/src/main/java/automation/ebtkarat/mvvm/Model/User.java,automation.ebtkarat.mvvm.Model.User,getEmail/0,email,1
/home/arch_design_predict/download-github-repos/mvvm/repos/androidApplicationWithMVVM-master/app/src/main/java/automation/ebtkarat/mvvm/Model/User.java,automation.ebtkarat.mvvm.Model.User,"User/2[java.lang.String,java.lang.String]",password,3
/home/arch_design_predict/download-github-repos/mvvm/repos/androidApplicationWithMVVM-master/app/src/main/java/automation/ebtkarat/mvvm/Model/User.java,automation.ebtkarat.mvvm.Model.User,"User/2[java.lang.String,java.lang.String]",email,3
/home/arch_design_predict/download-github-repos/mvvm/repos/androidApplicationWithMVVM-master/app/src/main/java/automation/ebtkarat/mvvm/ViewModel/LoginViewModel.java,automation.ebtkarat.mvvm.ViewModel.LoginViewModel,afterEmailTextChange/1[java.lang.CharSequence],_user,1
/home/arch_design_predict/download-github-repos/mvvm/repos/androidApplicationWithMVVM-master/app/src/main/java/automation/ebtkarat/mvvm/ViewModel/LoginViewModel.java,automation.ebtkarat.mvvm.ViewModel.LoginViewModel,afterPasswordChange/1[java.lang.CharSequence],_user,1
/home/arch_design_predict/download-github-repos/mvvm/repos/androidApplicationWithMVVM-master/app/src/main/java/automation/ebtkarat/mvvm/ViewModel/LoginViewModel.java,automation.ebtkarat.mvvm.ViewModel.LoginViewModel,LoginViewModel/0,_user,1
/home/arch_design_predict/download-github-repos/mvvm/repos/androidApplicationWithMVVM-master/app/src/main/java/automation/ebtkarat/mvvm/ViewModel/LoginViewModel.java,automation.ebtkarat.mvvm.ViewModel.LoginViewModel,setToastMessage/1[java.lang.String],toastMessage,3
/home/arch_design_predict/download-github-repos/mvvm/repos/androidApplicationWithMVVM-master/app/src/main/java/automation/ebtkarat/mvvm/ViewModel/LoginViewModel.java,automation.ebtkarat.mvvm.ViewModel.LoginViewModel,getToastMessage/0,toastMessage,1
/home/arch_design_predict/download-github-repos/mvvm/repos/androidApplicationWithMVVM-master/app/src/main/java/automation/ebtkarat/mvvm/ViewModel/LoginViewModel.java,automation.ebtkarat.mvvm.ViewModel.LoginViewModel,onLoginClick/0,errorMessage,1
/home/arch_design_predict/download-github-repos/mvvm/repos/androidApplicationWithMVVM-master/app/src/main/java/automation/ebtkarat/mvvm/ViewModel/LoginViewModel.java,automation.ebtkarat.mvvm.ViewModel.LoginViewModel,onLoginClick/0,_user,1
/home/arch_design_predict/download-github-repos/mvvm/repos/androidApplicationWithMVVM-master/app/src/main/java/automation/ebtkarat/mvvm/ViewModel/LoginViewModel.java,automation.ebtkarat.mvvm.ViewModel.LoginViewModel,onLoginClick/0,successMessage,1
