file,class,method,constructor,line,cbo,cboModified,fanin,fanout,wmc,rfc,loc,returnsQty,variablesQty,parametersQty,methodsInvokedQty,methodsInvokedLocalQty,methodsInvokedIndirectLocalQty,loopQty,comparisonsQty,tryCatchQty,parenthesizedExpsQty,stringLiteralsQty,numbersQty,assignmentsQty,mathOperationsQty,maxNestedBlocksQty,anonymousClassesQty,innerClassesQty,lambdasQty,uniqueWordsQty,modifiers,logStatementsQty,hasJavaDoc
/home/arch_design_predict/download-github-repos/mvvm/repos/androidApplicationWithMVVM-master/app/src/main/java/automation/ebtkarat/mvvm/View/MainActivity.java,automation.ebtkarat.mvvm.View.MainActivity,onCreate/1[automation.ebtkarat.mvvm.View.Bundle],false,14,3,1,0,1,1,4,7,0,1,1,4,0,0,0,0,0,0,0,0,1,0,0,0,0,0,15,4,0,false
/home/arch_design_predict/download-github-repos/mvvm/repos/androidApplicationWithMVVM-master/app/src/main/java/automation/ebtkarat/mvvm/Model/User.java,automation.ebtkarat.mvvm.Model.User,setEmail/1[java.lang.String],false,19,0,1,1,0,1,0,3,0,0,1,0,0,0,0,0,0,0,0,0,1,0,0,0,0,0,3,1,0,false
/home/arch_design_predict/download-github-repos/mvvm/repos/androidApplicationWithMVVM-master/app/src/main/java/automation/ebtkarat/mvvm/Model/User.java,automation.ebtkarat.mvvm.Model.User,setPassword/1[java.lang.String],false,27,0,1,1,0,1,0,3,0,0,1,0,0,0,0,0,0,0,0,0,1,0,0,0,0,0,3,1,0,false
/home/arch_design_predict/download-github-repos/mvvm/repos/androidApplicationWithMVVM-master/app/src/main/java/automation/ebtkarat/mvvm/Model/User.java,automation.ebtkarat.mvvm.Model.User,getPassword/0,false,23,0,1,1,0,1,0,3,1,0,0,0,0,0,0,0,0,0,0,0,0,0,0,0,0,0,3,1,0,false
/home/arch_design_predict/download-github-repos/mvvm/repos/androidApplicationWithMVVM-master/app/src/main/java/automation/ebtkarat/mvvm/Model/User.java,automation.ebtkarat.mvvm.Model.User,isDataValid/0,false,35,1,3,1,2,2,6,3,1,0,0,6,2,1,0,0,0,0,0,1,0,0,0,0,0,0,7,1,0,false
/home/arch_design_predict/download-github-repos/mvvm/repos/androidApplicationWithMVVM-master/app/src/main/java/automation/ebtkarat/mvvm/Model/User.java,automation.ebtkarat.mvvm.Model.User,getEmail/0,false,15,0,1,1,0,1,0,3,1,0,0,0,0,0,0,0,0,0,0,0,0,0,0,0,0,0,3,1,0,false
/home/arch_design_predict/download-github-repos/mvvm/repos/androidApplicationWithMVVM-master/app/src/main/java/automation/ebtkarat/mvvm/Model/User.java,automation.ebtkarat.mvvm.Model.User,"User/2[java.lang.String,java.lang.String]",true,31,0,1,1,0,1,0,4,0,0,2,0,0,0,0,0,0,0,0,0,2,0,0,0,0,0,3,1,0,false
/home/arch_design_predict/download-github-repos/mvvm/repos/androidApplicationWithMVVM-master/app/src/main/java/automation/ebtkarat/mvvm/ViewModel/LoginViewModel.java,automation.ebtkarat.mvvm.ViewModel.LoginViewModel,afterEmailTextChange/1[java.lang.CharSequence],false,30,1,1,0,1,1,2,3,0,0,1,2,0,0,0,0,0,0,0,0,0,0,0,0,0,0,7,1,0,false
/home/arch_design_predict/download-github-repos/mvvm/repos/androidApplicationWithMVVM-master/app/src/main/java/automation/ebtkarat/mvvm/ViewModel/LoginViewModel.java,automation.ebtkarat.mvvm.ViewModel.LoginViewModel,afterPasswordChange/1[java.lang.CharSequence],false,33,1,1,0,1,1,2,3,0,0,1,2,0,0,0,0,0,0,0,0,0,0,0,0,0,0,6,1,0,false
/home/arch_design_predict/download-github-repos/mvvm/repos/androidApplicationWithMVVM-master/app/src/main/java/automation/ebtkarat/mvvm/ViewModel/LoginViewModel.java,automation.ebtkarat.mvvm.ViewModel.LoginViewModel,LoginViewModel/0,true,27,1,2,1,1,1,0,3,0,0,0,0,0,0,0,0,0,0,2,0,1,0,0,0,0,0,4,1,0,false
/home/arch_design_predict/download-github-repos/mvvm/repos/androidApplicationWithMVVM-master/app/src/main/java/automation/ebtkarat/mvvm/ViewModel/LoginViewModel.java,automation.ebtkarat.mvvm.ViewModel.LoginViewModel,setToastMessage/1[java.lang.String],false,23,0,1,1,0,1,0,3,0,0,1,0,0,0,0,0,0,0,0,0,1,0,0,0,0,0,4,1,0,false
/home/arch_design_predict/download-github-repos/mvvm/repos/androidApplicationWithMVVM-master/app/src/main/java/automation/ebtkarat/mvvm/ViewModel/LoginViewModel.java,automation.ebtkarat.mvvm.ViewModel.LoginViewModel,getToastMessage/0,false,19,0,0,0,0,1,0,3,1,0,0,0,0,0,0,0,0,0,0,0,0,0,0,0,0,0,4,1,0,false
/home/arch_design_predict/download-github-repos/mvvm/repos/androidApplicationWithMVVM-master/app/src/main/java/automation/ebtkarat/mvvm/ViewModel/LoginViewModel.java,automation.ebtkarat.mvvm.ViewModel.LoginViewModel,onLoginClick/0,false,36,2,2,0,2,2,2,6,0,0,0,2,1,1,0,0,0,0,0,0,0,0,1,0,0,0,8,1,0,false
/home/arch_design_predict/download-github-repos/mvvm/repos/androidApplicationWithMVVM-master/app/src/test/java/automation/ebtkarat/mvvm/ExampleUnitTest.java,automation.ebtkarat.mvvm.ExampleUnitTest,addition_isCorrect/0,false,14,1,0,0,0,1,1,3,0,0,0,1,0,0,0,0,0,0,0,3,0,1,0,0,0,0,6,1,0,false
/home/arch_design_predict/download-github-repos/mvvm/repos/androidApplicationWithMVVM-master/app/src/androidTest/java/automation/ebtkarat/mvvm/ExampleInstrumentedTest.java,automation.ebtkarat.mvvm.ExampleInstrumentedTest,useAppContext/0,false,20,2,0,0,0,1,3,4,0,1,0,3,0,0,0,0,0,0,1,0,1,0,0,0,0,0,7,1,0,false
