file,class,type,cbo,cboModified,fanin,fanout,wmc,dit,noc,rfc,lcom,lcom*,tcc,lcc,totalMethodsQty,staticMethodsQty,publicMethodsQty,privateMethodsQty,protectedMethodsQty,defaultMethodsQty,visibleMethodsQty,abstractMethodsQty,finalMethodsQty,synchronizedMethodsQty,totalFieldsQty,staticFieldsQty,publicFieldsQty,privateFieldsQty,protectedFieldsQty,defaultFieldsQty,finalFieldsQty,synchronizedFieldsQty,nosi,loc,returnQty,loopQty,comparisonsQty,tryCatchQty,parenthesizedExpsQty,stringLiteralsQty,numbersQty,assignmentsQty,mathOperationsQty,variablesQty,maxNestedBlocksQty,anonymousClassesQty,innerClassesQty,lambdasQty,uniqueWordsQty,modifiers,logStatementsQty
/home/arch_design_predict/download-github-repos/mvvm/repos/CarMvvmArch-master/lib_mvvm_fwk/src/main/java/com/mvvm/fwk/utils/eventbus/StickyLiveData.java,com.mvvm.fwk.utils.eventbus.StickyLiveData,class,10,13,3,10,8,2,0,10,24,0.825,0.071428575,0.071428575,8,0,8,0,0,0,8,0,0,0,5,1,0,5,0,0,2,0,1,71,0,0,0,0,0,1,1,6,2,5,0,1,2,0,37,1,0
/home/arch_design_predict/download-github-repos/mvvm/repos/CarMvvmArch-master/car_hmi/src/main/java/com/mvvm/hmi/ipc/model/HvacRepository.java,com.mvvm.hmi.ipc.model.HvacRepository$Anonymous1,anonymous,1,1,0,1,2,1,0,2,0,0.0,NaN,NaN,1,0,1,0,0,0,1,0,0,0,0,0,0,0,0,0,0,0,1,8,0,0,1,0,0,0,0,1,0,1,1,0,0,0,11,-1,0
/home/arch_design_predict/download-github-repos/mvvm/repos/CarMvvmArch-master/car_hmi/src/main/java/com/mvvm/hmi/ipc/model/HvacRepository.java,com.mvvm.hmi.ipc.model.HvacRepository,class,6,10,4,6,8,2,0,9,0,0.5416667,0.6,1.0,6,0,6,0,0,0,6,0,0,0,4,1,0,4,0,0,3,0,6,40,1,0,1,0,0,4,0,5,4,4,1,1,0,0,22,1,0
/home/arch_design_predict/download-github-repos/mvvm/repos/CarMvvmArch-master/car_hmi/src/main/java/com/mvvm/hmi/ipc/ui/HvacViewModel.java,com.mvvm.hmi.ipc.ui.HvacViewModel$Anonymous1,anonymous,2,2,0,2,1,1,0,3,0,0.0,NaN,NaN,1,0,1,0,0,0,1,0,0,0,0,0,0,0,0,0,0,0,1,6,0,0,0,0,0,1,0,0,1,0,0,0,0,0,7,-1,0
/home/arch_design_predict/download-github-repos/mvvm/repos/CarMvvmArch-master/lib_mvvm_fwk/src/main/java/com/mvvm/fwk/utils/AppExecutors.java,com.mvvm.fwk.utils.AppExecutors$Callable,innerclass,2,2,0,2,4,1,0,4,6,0.0,0.0,0.0,4,0,1,0,3,0,4,2,0,0,0,0,0,0,0,0,0,0,0,12,0,0,0,0,0,0,0,1,0,1,0,0,0,1,9,1025,0
/home/arch_design_predict/download-github-repos/mvvm/repos/CarMvvmArch-master/car_hmi/src/main/java/com/mvvm/hmi/ipc/ui/HvacViewModel.java,com.mvvm.hmi.ipc.ui.HvacViewModel,class,7,11,4,7,6,3,0,9,0,0.68,0.6,0.6,5,0,4,0,1,0,5,0,0,0,5,1,0,5,0,0,4,0,0,36,1,0,1,0,0,0,0,5,1,5,1,1,0,0,23,1,0
/home/arch_design_predict/download-github-repos/mvvm/repos/CarMvvmArch-master/lib_mvvm_fwk/src/main/java/com/mvvm/fwk/viewmodel/BaseAndroidViewModel.java,com.mvvm.fwk.viewmodel.BaseAndroidViewModel,class,5,5,0,5,3,2,0,4,1,0.5,0.33333334,0.33333334,3,0,2,0,1,0,3,0,0,0,2,0,0,1,1,0,1,0,1,15,1,0,0,0,0,1,0,2,1,2,0,0,0,0,21,1025,0
/home/arch_design_predict/download-github-repos/mvvm/repos/CarMvvmArch-master/lib_mvvm_fwk/src/main/java/com/mvvm/fwk/utils/AppExecutors.java,com.mvvm.fwk.utils.AppExecutors$PriorityRunnable,innerclass,1,1,0,1,3,1,0,2,0,0.33333334,0.6666667,1.0,3,0,3,0,0,0,3,0,0,0,2,0,0,2,0,0,2,0,1,14,1,0,0,0,0,0,0,2,0,2,0,0,0,0,8,9,0
/home/arch_design_predict/download-github-repos/mvvm/repos/CarMvvmArch-master/car_hmi/src/main/java/com/mvvm/hmi/ipc/factory/AppViewModelFactory.java,com.mvvm.hmi.ipc.factory.AppViewModelFactory,class,7,9,2,7,3,1,0,6,0,0.0,NaN,NaN,1,0,1,0,0,0,1,0,0,0,0,0,0,0,0,0,0,0,2,16,1,0,1,1,0,1,0,0,1,0,2,0,0,0,19,0,0
/home/arch_design_predict/download-github-repos/mvvm/repos/CarMvvmArch-master/car_hmi/src/main/java/com/mvvm/hmi/ipc/factory/AppInjection.java,com.mvvm.hmi.ipc.factory.AppInjection,class,7,10,3,7,4,1,0,3,4,0.5,0.16666667,0.16666667,4,4,3,0,1,0,4,0,0,0,1,1,0,1,0,0,1,0,2,15,4,0,0,0,0,0,0,1,0,1,0,0,0,0,17,1,0
/home/arch_design_predict/download-github-repos/mvvm/repos/CarMvvmArch-master/lib_mvvm_fwk/src/main/java/com/mvvm/fwk/ui/BaseBindingFragment.java,com.mvvm.fwk.ui.BaseBindingFragment,class,11,13,2,11,5,3,0,8,4,0.625,0.16666667,0.16666667,4,0,2,0,2,0,4,2,0,0,2,1,0,1,1,0,1,0,1,20,2,0,1,0,0,2,1,2,1,2,1,0,0,0,31,1025,0
/home/arch_design_predict/download-github-repos/mvvm/repos/CarMvvmArch-master/car_hmi/src/main/java/com/mvvm/hmi/ipc/CarApp.java,com.mvvm.hmi.ipc.CarApp,class,1,1,0,1,1,2,0,1,0,1.0,NaN,NaN,1,0,1,0,0,0,1,0,0,0,1,1,1,0,0,0,1,0,0,6,0,0,0,0,0,1,0,1,0,1,0,0,0,0,12,1,0
/home/arch_design_predict/download-github-repos/mvvm/repos/CarMvvmArch-master/lib_mvvm_fwk/src/main/java/com/mvvm/fwk/ui/BaseMvvmActivity.java,com.mvvm.fwk.ui.BaseMvvmActivity,class,8,10,2,8,12,4,0,13,16,0.5,0.14285715,0.14285715,8,0,0,1,7,0,7,4,0,0,1,0,0,0,1,0,0,0,0,43,1,0,1,0,1,0,2,7,0,4,1,0,0,0,30,1025,0
/home/arch_design_predict/download-github-repos/mvvm/repos/CarMvvmArch-master/lib_mvvm_fwk/src/main/java/com/mvvm/fwk/ui/BaseActivity.java,com.mvvm.fwk.ui.BaseActivity,class,6,7,1,6,11,2,1,14,0,0.0,1.0,1.0,10,0,1,0,9,0,10,0,0,0,1,0,0,1,0,0,1,0,10,45,0,0,1,0,0,12,0,1,3,1,1,0,0,0,35,1025,0
/home/arch_design_predict/download-github-repos/mvvm/repos/CarMvvmArch-master/lib_mvvm_fwk/src/main/java/com/mvvm/fwk/utils/eventbus/StickyLiveData.java,com.mvvm.fwk.utils.eventbus.StickyLiveData$WrapperObserver,innerclass,3,3,0,3,5,1,0,1,0,0.0,1.0,1.0,2,0,2,0,0,0,2,0,0,0,4,0,0,4,0,0,3,0,0,22,1,0,1,0,0,0,0,5,0,4,2,0,0,0,16,10,0
/home/arch_design_predict/download-github-repos/mvvm/repos/CarMvvmArch-master/lib_mvvm_fwk/src/main/java/com/mvvm/fwk/utils/AppExecutors.java,com.mvvm.fwk.utils.AppExecutors$MainThreadExecutor,innerclass,1,1,0,1,2,1,0,3,0,0.0,1.0,1.0,2,0,2,0,0,0,2,0,0,0,1,0,0,1,0,0,1,0,0,9,0,0,0,0,0,0,0,1,0,1,0,0,0,0,14,10,0
/home/arch_design_predict/download-github-repos/mvvm/repos/CarMvvmArch-master/lib_mvvm_fwk/src/main/java/com/mvvm/fwk/utils/eventbus/StickyLiveData.java,com.mvvm.fwk.utils.eventbus.StickyLiveData$Anonymous1,anonymous,4,4,0,4,3,1,0,1,0,0.0,NaN,NaN,1,0,1,0,0,0,1,0,0,0,0,0,0,0,0,0,0,0,0,9,0,0,2,0,0,0,0,0,0,0,2,0,0,0,12,-1,0
/home/arch_design_predict/download-github-repos/mvvm/repos/CarMvvmArch-master/lib_mvvm_fwk/src/main/java/com/mvvm/fwk/model/BaseRepository.java,com.mvvm.fwk.model.BaseRepository,class,0,1,1,0,0,1,1,0,0,0.0,-1.0,-1.0,0,0,0,0,0,0,0,0,0,0,0,0,0,0,0,0,0,0,0,2,0,0,0,0,0,0,0,0,0,0,0,0,0,0,2,1025,0
/home/arch_design_predict/download-github-repos/mvvm/repos/CarMvvmArch-master/car_hmi/src/main/java/com/mvvm/hmi/ipc/ui/HvacActivity.java,com.mvvm.hmi.ipc.ui.HvacActivity,class,5,5,0,5,6,5,0,1,15,0.0,0.0,0.0,6,0,0,0,6,0,6,0,0,0,0,0,0,0,0,0,0,0,1,17,3,0,0,0,0,0,1,0,0,0,0,0,0,0,16,1,0
/home/arch_design_predict/download-github-repos/mvvm/repos/CarMvvmArch-master/lib_mvvm_fwk/src/main/java/com/mvvm/fwk/ui/BaseBindingActivity.java,com.mvvm.fwk.ui.BaseBindingActivity,class,6,8,2,6,5,3,0,6,4,0.5,0.16666667,0.16666667,4,0,1,0,3,0,4,2,0,0,1,0,0,0,1,0,0,0,0,18,1,0,1,0,0,1,1,1,0,1,1,0,0,0,22,1025,0
/home/arch_design_predict/download-github-repos/mvvm/repos/CarMvvmArch-master/lib_mvvm_fwk/src/main/java/com/mvvm/fwk/utils/eventbus/LiveDataBus.java,com.mvvm.fwk.utils.eventbus.LiveDataBus$Lazy,innerclass,1,1,0,1,0,1,0,0,0,NaN,-1.0,-1.0,0,0,0,0,0,0,0,0,0,0,1,1,0,0,0,1,0,0,0,3,0,0,0,0,0,0,0,1,0,1,0,0,0,0,5,10,0
/home/arch_design_predict/download-github-repos/mvvm/repos/CarMvvmArch-master/lib_mvvm_fwk/src/main/java/com/mvvm/fwk/ui/BaseMvvmFragment.java,com.mvvm.fwk.ui.BaseMvvmFragment,class,13,14,1,13,12,4,0,13,22,0.625,0.04761905,0.04761905,8,0,2,1,5,0,7,4,0,0,1,0,0,0,1,0,0,0,0,43,2,0,1,0,1,0,2,8,0,5,1,0,0,0,32,1025,0
/home/arch_design_predict/download-github-repos/mvvm/repos/CarMvvmArch-master/car_hmi/src/main/java/com/mvvm/hmi/ipc/model/HvacCallback.java,com.mvvm.hmi.ipc.model.HvacCallback,interface,0,3,3,0,1,1,0,0,0,0.0,NaN,NaN,1,0,0,0,0,1,1,0,0,0,0,0,0,0,0,0,0,0,0,4,0,0,0,0,0,0,0,0,0,0,0,0,0,0,6,1,0
/home/arch_design_predict/download-github-repos/mvvm/repos/CarMvvmArch-master/lib_mvvm_fwk/src/main/java/com/mvvm/fwk/ui/BaseFragment.java,com.mvvm.fwk.ui.BaseFragment,class,10,11,1,10,14,2,1,17,0,0.0,1.0,1.0,14,0,14,0,0,0,14,0,0,0,1,0,0,1,0,0,1,0,14,59,1,0,0,0,0,16,0,1,4,1,0,0,0,0,41,1025,0
/home/arch_design_predict/download-github-repos/mvvm/repos/CarMvvmArch-master/lib_mvvm_fwk/src/main/java/com/mvvm/fwk/utils/AppExecutors.java,com.mvvm.fwk.utils.AppExecutors$Anonymous1,anonymous,2,2,0,2,4,1,0,8,1,0.0,0.0,0.0,2,0,0,0,2,0,2,0,0,0,0,0,0,0,0,0,0,0,2,21,0,0,0,1,1,2,0,0,2,0,2,0,0,0,18,-1,0
/home/arch_design_predict/download-github-repos/mvvm/repos/CarMvvmArch-master/lib_mvvm_fwk/src/main/java/com/mvvm/fwk/utils/eventbus/LiveDataBus.java,com.mvvm.fwk.utils.eventbus.LiveDataBus,class,3,5,2,3,3,1,0,3,0,0.0,0.0,0.0,2,1,2,0,0,0,2,0,0,0,1,0,0,1,0,0,1,0,0,23,2,0,1,0,0,0,0,3,0,2,1,1,1,0,22,1,0
/home/arch_design_predict/download-github-repos/mvvm/repos/CarMvvmArch-master/lib_mvvm_fwk/src/main/java/com/mvvm/fwk/utils/eventbus/StickyLiveData.java,com.mvvm.fwk.utils.eventbus.StickyLiveData$IDestroyListener,interface,0,0,0,0,1,1,0,0,0,0.0,NaN,NaN,1,0,0,0,0,1,1,0,0,0,0,0,0,0,0,0,0,0,0,3,0,0,0,0,0,0,0,0,0,0,0,0,0,0,13,1,0
/home/arch_design_predict/download-github-repos/mvvm/repos/CarMvvmArch-master/lib_mvvm_fwk/src/main/java/com/mvvm/fwk/AppGlobal.java,com.mvvm.fwk.AppGlobal,class,8,9,1,8,10,1,0,14,21,0.85714287,0.0,0.0,7,6,6,1,0,0,6,0,0,0,4,4,3,1,0,0,4,0,7,48,7,0,1,2,0,5,0,11,2,9,1,0,0,0,48,1,0
/home/arch_design_predict/download-github-repos/mvvm/repos/CarMvvmArch-master/lib_mvvm_fwk/src/main/java/com/mvvm/fwk/utils/LogUtils.java,com.mvvm.fwk.utils.LogUtils,class,0,10,10,0,12,1,0,10,5,0.72222227,0.33333334,1.0,6,6,6,0,0,0,6,0,0,0,6,6,1,5,0,0,1,0,7,44,0,1,0,0,0,15,0,12,6,7,2,0,0,0,36,1,0
/home/arch_design_predict/download-github-repos/mvvm/repos/CarMvvmArch-master/lib_mvvm_fwk/src/main/java/com/mvvm/fwk/utils/eventbus/LiveDataBus.java,com.mvvm.fwk.utils.eventbus.LiveDataBus$Anonymous1,anonymous,0,0,0,0,1,1,0,1,0,0.0,NaN,NaN,1,0,1,0,0,0,1,0,0,0,0,0,0,0,0,0,0,0,0,5,0,0,0,0,0,0,0,0,0,0,0,0,0,0,6,-1,0
/home/arch_design_predict/download-github-repos/mvvm/repos/CarMvvmArch-master/lib_mvvm_fwk/src/main/java/com/mvvm/fwk/utils/AppExecutors.java,com.mvvm.fwk.utils.AppExecutors,class,5,8,3,5,9,1,0,16,16,0.7979798,0.2777778,0.5833333,9,1,9,0,0,0,9,0,0,0,11,6,4,7,0,0,10,0,3,124,2,0,0,2,0,3,5,19,3,19,1,1,3,1,67,1,0
/home/arch_design_predict/download-github-repos/mvvm/repos/CarMvvmArch-master/lib_mvvm_fwk/src/main/java/com/mvvm/fwk/viewmodel/BaseViewModel.java,com.mvvm.fwk.viewmodel.BaseViewModel,class,3,6,3,3,3,2,0,4,1,0.5,0.33333334,0.33333334,3,0,2,0,1,0,3,0,0,0,2,0,0,1,1,0,1,0,1,14,1,0,0,0,0,1,0,2,1,2,0,0,0,0,18,1025,0
