file,class,method,constructor,line,cbo,cboModified,fanin,fanout,wmc,rfc,loc,returnsQty,variablesQty,parametersQty,methodsInvokedQty,methodsInvokedLocalQty,methodsInvokedIndirectLocalQty,loopQty,comparisonsQty,tryCatchQty,parenthesizedExpsQty,stringLiteralsQty,numbersQty,assignmentsQty,mathOperationsQty,maxNestedBlocksQty,anonymousClassesQty,innerClassesQty,lambdasQty,uniqueWordsQty,modifiers,logStatementsQty,hasJavaDoc
/home/arch_design_predict/download-github-repos/mvvm/repos/CarMvvmArch-master/lib_mvvm_fwk/src/main/java/com/mvvm/fwk/utils/eventbus/StickyLiveData.java,com.mvvm.fwk.utils.eventbus.StickyLiveData,postStickyData/1[T],false,72,2,1,0,1,1,1,4,0,0,1,1,0,0,0,0,0,0,0,0,1,0,0,0,0,0,6,1,0,false
/home/arch_design_predict/download-github-repos/mvvm/repos/CarMvvmArch-master/lib_mvvm_fwk/src/main/java/com/mvvm/fwk/utils/eventbus/StickyLiveData.java,com.mvvm.fwk.utils.eventbus.StickyLiveData,StickyLiveData/1[java.lang.String],true,46,0,1,1,0,1,0,3,0,0,1,0,0,0,0,0,0,0,0,0,1,0,0,0,0,0,7,1,0,false
/home/arch_design_predict/download-github-repos/mvvm/repos/CarMvvmArch-master/lib_mvvm_fwk/src/main/java/com/mvvm/fwk/utils/eventbus/StickyLiveData.java,com.mvvm.fwk.utils.eventbus.StickyLiveData,postValue/1[T],false,57,2,1,0,1,1,2,5,0,0,1,2,0,0,0,0,0,0,1,0,0,1,0,0,0,0,6,1,0,false
/home/arch_design_predict/download-github-repos/mvvm/repos/CarMvvmArch-master/lib_mvvm_fwk/src/main/java/com/mvvm/fwk/utils/eventbus/StickyLiveData.java,com.mvvm.fwk.utils.eventbus.StickyLiveData,setValue/1[T],false,51,1,0,0,0,1,1,4,0,0,1,1,0,0,0,0,0,0,0,0,0,0,0,0,0,0,6,1,0,false
/home/arch_design_predict/download-github-repos/mvvm/repos/CarMvvmArch-master/lib_mvvm_fwk/src/main/java/com/mvvm/fwk/utils/eventbus/StickyLiveData.java,com.mvvm.fwk.utils.eventbus.StickyLiveData,setDestroyListener/1[com.mvvm.fwk.utils.eventbus.StickyLiveData.IDestroyListener],false,63,1,1,1,0,1,0,3,0,0,1,0,0,0,0,0,0,0,0,0,1,0,0,0,0,0,5,1,0,false
/home/arch_design_predict/download-github-repos/mvvm/repos/CarMvvmArch-master/lib_mvvm_fwk/src/main/java/com/mvvm/fwk/utils/eventbus/StickyLiveData.java,com.mvvm.fwk.utils.eventbus.StickyLiveData,"observerSticky/3[com.mvvm.fwk.utils.eventbus.LifecycleOwner,com.mvvm.fwk.utils.eventbus.Observer<? super T>,boolean]",false,89,4,0,0,0,1,3,13,0,0,3,3,0,0,0,0,0,0,0,0,0,0,0,1,0,0,22,1,0,true
/home/arch_design_predict/download-github-repos/mvvm/repos/CarMvvmArch-master/lib_mvvm_fwk/src/main/java/com/mvvm/fwk/utils/eventbus/StickyLiveData.java,com.mvvm.fwk.utils.eventbus.StickyLiveData,"observe/2[com.mvvm.fwk.utils.eventbus.LifecycleOwner,com.mvvm.fwk.utils.eventbus.Observer<? super T>]",false,78,4,1,0,1,1,1,3,0,0,2,1,0,0,0,0,0,0,0,0,0,0,0,0,0,0,6,1,0,false
/home/arch_design_predict/download-github-repos/mvvm/repos/CarMvvmArch-master/lib_mvvm_fwk/src/main/java/com/mvvm/fwk/utils/eventbus/StickyLiveData.java,com.mvvm.fwk.utils.eventbus.StickyLiveData,setStickyData/1[T],false,67,2,1,0,1,1,1,4,0,0,1,1,0,0,0,0,0,0,0,0,1,0,0,0,0,0,6,1,0,false
/home/arch_design_predict/download-github-repos/mvvm/repos/CarMvvmArch-master/car_hmi/src/main/java/com/mvvm/hmi/ipc/model/HvacRepository.java,com.mvvm.hmi.ipc.model.HvacRepository$Anonymous1,onTemperatureChanged/1[double],false,20,1,1,0,1,2,2,6,0,1,1,2,0,0,0,1,0,0,0,0,1,0,1,0,0,0,11,1,0,false
/home/arch_design_predict/download-github-repos/mvvm/repos/CarMvvmArch-master/car_hmi/src/main/java/com/mvvm/hmi/ipc/model/HvacRepository.java,com.mvvm.hmi.ipc.model.HvacRepository,setHvacListener/1[com.mvvm.hmi.ipc.model.HvacCallback],false,51,2,2,1,1,1,1,4,0,0,1,1,0,0,0,0,0,0,1,0,1,1,0,0,0,0,8,1,0,false
/home/arch_design_predict/download-github-repos/mvvm/repos/CarMvvmArch-master/car_hmi/src/main/java/com/mvvm/hmi/ipc/model/HvacRepository.java,com.mvvm.hmi.ipc.model.HvacRepository,removeHvacListener/1[com.mvvm.hmi.ipc.model.HvacCallback],false,56,2,2,1,1,1,1,4,0,0,1,1,0,0,0,0,0,0,1,0,1,1,0,0,0,0,9,1,0,false
/home/arch_design_predict/download-github-repos/mvvm/repos/CarMvvmArch-master/car_hmi/src/main/java/com/mvvm/hmi/ipc/model/HvacRepository.java,com.mvvm.hmi.ipc.model.HvacRepository,setTemperature/1[java.lang.String],false,43,2,3,1,2,3,4,7,1,0,1,4,0,0,0,1,0,0,1,0,0,1,1,0,0,0,4,1,0,false
/home/arch_design_predict/download-github-repos/mvvm/repos/CarMvvmArch-master/car_hmi/src/main/java/com/mvvm/hmi/ipc/model/HvacRepository.java,com.mvvm.hmi.ipc.model.HvacRepository,release/0,false,34,1,2,1,1,1,1,3,0,0,0,1,0,0,0,0,0,0,0,0,0,0,0,0,0,0,4,1,0,false
/home/arch_design_predict/download-github-repos/mvvm/repos/CarMvvmArch-master/car_hmi/src/main/java/com/mvvm/hmi/ipc/model/HvacRepository.java,com.mvvm.hmi.ipc.model.HvacRepository,requestTemperature/0,false,38,2,4,1,3,1,3,4,0,0,0,3,0,0,0,0,0,0,1,0,0,0,0,0,0,0,2,1,0,false
/home/arch_design_predict/download-github-repos/mvvm/repos/CarMvvmArch-master/car_hmi/src/main/java/com/mvvm/hmi/ipc/model/HvacRepository.java,com.mvvm.hmi.ipc.model.HvacRepository,HvacRepository/1[com.fwk.sdk.hvac.HvacManager],true,29,1,2,1,1,1,1,4,0,0,1,1,0,0,0,0,0,0,0,0,1,0,0,0,0,0,6,1,0,false
/home/arch_design_predict/download-github-repos/mvvm/repos/CarMvvmArch-master/car_hmi/src/main/java/com/mvvm/hmi/ipc/ui/HvacViewModel.java,com.mvvm.hmi.ipc.ui.HvacViewModel$Anonymous1,onTemperatureChanged/1[java.lang.String],false,27,2,2,0,2,1,3,4,0,0,1,3,0,0,0,0,0,0,1,0,0,1,0,0,0,0,7,1,0,false
/home/arch_design_predict/download-github-repos/mvvm/repos/CarMvvmArch-master/lib_mvvm_fwk/src/main/java/com/mvvm/fwk/utils/AppExecutors.java,com.mvvm.fwk.utils.AppExecutors$Callable,onBackground/0,false,157,1,0,0,0,1,0,1,0,0,0,0,0,0,0,0,0,0,0,0,0,0,0,0,0,0,3,1028,0,false
/home/arch_design_predict/download-github-repos/mvvm/repos/CarMvvmArch-master/lib_mvvm_fwk/src/main/java/com/mvvm/fwk/utils/AppExecutors.java,com.mvvm.fwk.utils.AppExecutors$Callable,onPrepare/0,false,153,0,0,0,0,1,0,2,0,0,0,0,0,0,0,0,0,0,0,0,0,0,0,0,0,0,2,4,0,false
/home/arch_design_predict/download-github-repos/mvvm/repos/CarMvvmArch-master/lib_mvvm_fwk/src/main/java/com/mvvm/fwk/utils/AppExecutors.java,com.mvvm.fwk.utils.AppExecutors$Callable,onCompleted/1[T],false,159,1,0,0,0,1,0,1,0,0,1,0,0,0,0,0,0,0,0,0,0,0,0,0,0,0,4,1028,0,false
/home/arch_design_predict/download-github-repos/mvvm/repos/CarMvvmArch-master/lib_mvvm_fwk/src/main/java/com/mvvm/fwk/utils/AppExecutors.java,com.mvvm.fwk.utils.AppExecutors$Callable,run/0,false,146,2,1,0,1,1,4,6,0,1,0,4,0,0,0,0,0,0,0,0,1,0,0,0,0,1,7,1,0,false
/home/arch_design_predict/download-github-repos/mvvm/repos/CarMvvmArch-master/car_hmi/src/main/java/com/mvvm/hmi/ipc/ui/HvacViewModel.java,com.mvvm.hmi.ipc.ui.HvacViewModel,onCleared/0,false,41,1,2,0,2,1,3,5,0,0,0,3,0,0,0,0,0,0,0,0,0,0,0,0,0,0,5,4,0,false
/home/arch_design_predict/download-github-repos/mvvm/repos/CarMvvmArch-master/car_hmi/src/main/java/com/mvvm/hmi/ipc/ui/HvacViewModel.java,com.mvvm.hmi.ipc.ui.HvacViewModel,requestTemperature/0,false,50,1,1,0,1,1,1,3,0,0,0,1,0,0,0,0,0,0,0,0,0,0,0,0,0,0,2,1,0,true
/home/arch_design_predict/download-github-repos/mvvm/repos/CarMvvmArch-master/car_hmi/src/main/java/com/mvvm/hmi/ipc/ui/HvacViewModel.java,com.mvvm.hmi.ipc.ui.HvacViewModel,getTempLive/0,false,63,1,2,2,0,2,0,6,1,0,0,0,0,0,0,1,0,0,0,0,1,0,1,0,0,0,5,1,0,false
/home/arch_design_predict/download-github-repos/mvvm/repos/CarMvvmArch-master/car_hmi/src/main/java/com/mvvm/hmi/ipc/ui/HvacViewModel.java,com.mvvm.hmi.ipc.ui.HvacViewModel,setTemperature/1[com.mvvm.hmi.ipc.ui.View],false,59,3,2,0,2,1,3,3,0,0,1,3,1,1,0,0,0,0,0,0,0,0,0,0,0,0,7,1,0,true
/home/arch_design_predict/download-github-repos/mvvm/repos/CarMvvmArch-master/car_hmi/src/main/java/com/mvvm/hmi/ipc/ui/HvacViewModel.java,com.mvvm.hmi.ipc.ui.HvacViewModel,"HvacViewModel/2[com.mvvm.hmi.ipc.model.HvacRepository,com.mvvm.fwk.utils.AppExecutors]",true,33,2,1,0,1,1,1,6,0,0,2,1,0,0,0,0,0,0,0,0,2,0,0,0,0,0,10,1,0,false
/home/arch_design_predict/download-github-repos/mvvm/repos/CarMvvmArch-master/lib_mvvm_fwk/src/main/java/com/mvvm/fwk/viewmodel/BaseAndroidViewModel.java,com.mvvm.fwk.viewmodel.BaseAndroidViewModel,getRepository/0,false,24,1,0,0,0,1,0,3,1,0,0,0,0,0,0,0,0,0,0,0,0,0,0,0,0,0,4,1,0,false
/home/arch_design_predict/download-github-repos/mvvm/repos/CarMvvmArch-master/lib_mvvm_fwk/src/main/java/com/mvvm/fwk/viewmodel/BaseAndroidViewModel.java,com.mvvm.fwk.viewmodel.BaseAndroidViewModel,"BaseAndroidViewModel/2[com.mvvm.fwk.viewmodel.Application,M]",true,19,3,0,0,0,1,0,4,0,0,2,0,0,0,0,0,0,0,0,0,1,0,0,0,0,0,10,1,0,false
/home/arch_design_predict/download-github-repos/mvvm/repos/CarMvvmArch-master/lib_mvvm_fwk/src/main/java/com/mvvm/fwk/viewmodel/BaseAndroidViewModel.java,com.mvvm.fwk.viewmodel.BaseAndroidViewModel,onCleared/0,false,29,1,1,0,1,1,2,4,0,0,0,2,0,0,0,0,0,0,1,0,0,0,0,0,0,0,2,4,0,false
/home/arch_design_predict/download-github-repos/mvvm/repos/CarMvvmArch-master/lib_mvvm_fwk/src/main/java/com/mvvm/fwk/utils/AppExecutors.java,com.mvvm.fwk.utils.AppExecutors$PriorityRunnable,compareTo/1[com.mvvm.fwk.utils.AppExecutors.PriorityRunnable],false,173,1,0,0,0,1,1,3,1,0,1,1,0,0,0,0,0,0,0,0,0,0,0,0,0,0,5,1,0,false
/home/arch_design_predict/download-github-repos/mvvm/repos/CarMvvmArch-master/lib_mvvm_fwk/src/main/java/com/mvvm/fwk/utils/AppExecutors.java,com.mvvm.fwk.utils.AppExecutors$PriorityRunnable,"PriorityRunnable/2[int,java.lang.Runnable]",true,167,0,1,1,0,1,0,4,0,0,2,0,0,0,0,0,0,0,0,0,2,0,0,0,0,0,5,1,0,false
/home/arch_design_predict/download-github-repos/mvvm/repos/CarMvvmArch-master/lib_mvvm_fwk/src/main/java/com/mvvm/fwk/utils/AppExecutors.java,com.mvvm.fwk.utils.AppExecutors$PriorityRunnable,run/0,false,178,0,0,0,0,1,1,3,0,0,0,1,0,0,0,0,0,0,0,0,0,0,0,0,0,0,1,1,0,false
/home/arch_design_predict/download-github-repos/mvvm/repos/CarMvvmArch-master/car_hmi/src/main/java/com/mvvm/hmi/ipc/factory/AppViewModelFactory.java,com.mvvm.hmi.ipc.factory.AppViewModelFactory,create/1[java.lang.Class<T>],false,19,6,2,0,2,3,6,14,1,0,1,6,0,0,0,1,1,0,1,0,0,1,2,0,0,0,17,1,0,false
/home/arch_design_predict/download-github-repos/mvvm/repos/CarMvvmArch-master/car_hmi/src/main/java/com/mvvm/hmi/ipc/factory/AppInjection.java,com.mvvm.hmi.ipc.factory.AppInjection,getHvacRepository/0,false,36,2,3,1,2,1,1,3,1,0,0,1,1,1,0,0,0,0,0,0,0,0,0,0,0,0,4,12,0,true
/home/arch_design_predict/download-github-repos/mvvm/repos/CarMvvmArch-master/car_hmi/src/main/java/com/mvvm/hmi/ipc/factory/AppInjection.java,com.mvvm.hmi.ipc.factory.AppInjection,getHvacManager/0,false,40,1,2,1,1,1,1,3,1,0,0,1,0,0,0,0,0,0,0,0,0,0,0,0,0,0,3,9,0,false
/home/arch_design_predict/download-github-repos/mvvm/repos/CarMvvmArch-master/car_hmi/src/main/java/com/mvvm/hmi/ipc/factory/AppInjection.java,com.mvvm.hmi.ipc.factory.AppInjection,getViewModelFactory/0,false,27,1,1,1,0,1,0,3,1,0,0,0,0,0,0,0,0,0,0,0,0,0,0,0,0,0,6,9,0,false
/home/arch_design_predict/download-github-repos/mvvm/repos/CarMvvmArch-master/car_hmi/src/main/java/com/mvvm/hmi/ipc/factory/AppInjection.java,com.mvvm.hmi.ipc.factory.AppInjection,"getViewModel/2[com.mvvm.hmi.ipc.factory.ViewModelStoreOwner,java.lang.Class<T>]",false,23,3,0,0,0,1,1,3,1,0,2,1,0,0,0,0,0,0,0,0,0,0,0,0,0,0,8,9,0,false
/home/arch_design_predict/download-github-repos/mvvm/repos/CarMvvmArch-master/lib_mvvm_fwk/src/main/java/com/mvvm/fwk/ui/BaseBindingFragment.java,com.mvvm.fwk.ui.BaseBindingFragment,getLayoutId/0,false,42,1,0,0,0,1,0,1,0,0,0,0,0,0,0,0,0,0,0,0,0,0,0,0,0,0,3,1028,0,false
/home/arch_design_predict/download-github-repos/mvvm/repos/CarMvvmArch-master/lib_mvvm_fwk/src/main/java/com/mvvm/fwk/ui/BaseBindingFragment.java,com.mvvm.fwk.ui.BaseBindingFragment,"onCreateView/3[com.mvvm.fwk.ui.LayoutInflater,com.mvvm.fwk.ui.ViewGroup,com.mvvm.fwk.ui.Bundle]",false,28,8,3,0,3,2,7,11,1,0,3,7,0,0,0,1,0,0,2,1,1,0,1,0,0,0,20,1,0,false
/home/arch_design_predict/download-github-repos/mvvm/repos/CarMvvmArch-master/lib_mvvm_fwk/src/main/java/com/mvvm/fwk/ui/BaseBindingFragment.java,com.mvvm.fwk.ui.BaseBindingFragment,initView/0,false,40,0,0,0,0,1,0,1,0,0,0,0,0,0,0,0,0,0,0,0,0,0,0,0,0,0,2,1028,0,false
/home/arch_design_predict/download-github-repos/mvvm/repos/CarMvvmArch-master/lib_mvvm_fwk/src/main/java/com/mvvm/fwk/ui/BaseBindingFragment.java,com.mvvm.fwk.ui.BaseBindingFragment,getBinding/0,false,45,1,0,0,0,1,0,3,1,0,0,0,0,0,0,0,0,0,0,0,0,0,0,0,0,0,4,1,0,false
/home/arch_design_predict/download-github-repos/mvvm/repos/CarMvvmArch-master/car_hmi/src/main/java/com/mvvm/hmi/ipc/CarApp.java,com.mvvm.hmi.ipc.CarApp,onCreate/0,false,10,0,0,0,0,1,1,3,0,0,0,1,0,0,0,0,0,0,0,0,0,0,0,0,0,0,2,1,0,false
/home/arch_design_predict/download-github-repos/mvvm/repos/CarMvvmArch-master/lib_mvvm_fwk/src/main/java/com/mvvm/fwk/ui/BaseMvvmActivity.java,com.mvvm.fwk.ui.BaseMvvmActivity,initObservable/1[Vm],false,61,1,0,0,0,1,0,1,0,0,1,0,0,0,0,0,0,0,0,0,0,0,0,0,0,0,5,1028,0,false
/home/arch_design_predict/download-github-repos/mvvm/repos/CarMvvmArch-master/lib_mvvm_fwk/src/main/java/com/mvvm/fwk/ui/BaseMvvmActivity.java,com.mvvm.fwk.ui.BaseMvvmActivity,getViewModelOrFactory/0,false,57,0,0,0,0,1,0,1,0,0,0,0,0,0,0,0,0,0,0,0,0,0,0,0,0,0,6,1028,0,false
/home/arch_design_predict/download-github-repos/mvvm/repos/CarMvvmArch-master/lib_mvvm_fwk/src/main/java/com/mvvm/fwk/ui/BaseMvvmActivity.java,com.mvvm.fwk.ui.BaseMvvmActivity,getViewModelVariable/0,false,59,0,0,0,0,1,0,1,0,0,0,0,0,0,0,0,0,0,0,0,0,0,0,0,0,0,4,1028,0,false
/home/arch_design_predict/download-github-repos/mvvm/repos/CarMvvmArch-master/lib_mvvm_fwk/src/main/java/com/mvvm/fwk/ui/BaseMvvmActivity.java,com.mvvm.fwk.ui.BaseMvvmActivity,loadData/1[Vm],false,63,1,0,0,0,1,0,1,0,0,1,0,0,0,0,0,0,0,0,0,0,0,0,0,0,0,5,1028,0,false
/home/arch_design_predict/download-github-repos/mvvm/repos/CarMvvmArch-master/lib_mvvm_fwk/src/main/java/com/mvvm/fwk/ui/BaseMvvmActivity.java,com.mvvm.fwk.ui.BaseMvvmActivity,onStart/0,false,32,1,1,0,1,1,2,4,0,0,0,2,0,0,0,0,0,0,0,0,0,0,0,0,0,0,7,4,0,false
/home/arch_design_predict/download-github-repos/mvvm/repos/CarMvvmArch-master/lib_mvvm_fwk/src/main/java/com/mvvm/fwk/ui/BaseMvvmActivity.java,com.mvvm.fwk.ui.BaseMvvmActivity,initViewModel/0,false,37,4,1,0,1,4,5,20,0,3,0,5,0,0,0,0,0,1,0,1,7,0,1,0,0,0,17,2,0,false
/home/arch_design_predict/download-github-repos/mvvm/repos/CarMvvmArch-master/lib_mvvm_fwk/src/main/java/com/mvvm/fwk/ui/BaseMvvmActivity.java,com.mvvm.fwk.ui.BaseMvvmActivity,getViewModel/0,false,65,1,0,0,0,1,0,3,1,0,0,0,0,0,0,0,0,0,0,0,0,0,0,0,0,0,5,4,0,false
/home/arch_design_predict/download-github-repos/mvvm/repos/CarMvvmArch-master/lib_mvvm_fwk/src/main/java/com/mvvm/fwk/ui/BaseMvvmActivity.java,com.mvvm.fwk.ui.BaseMvvmActivity,onCreate/1[com.mvvm.fwk.ui.Bundle],false,21,3,3,0,3,2,6,9,0,0,1,6,0,0,0,1,0,0,0,1,0,0,1,0,0,0,13,4,0,false
/home/arch_design_predict/download-github-repos/mvvm/repos/CarMvvmArch-master/lib_mvvm_fwk/src/main/java/com/mvvm/fwk/ui/BaseActivity.java,com.mvvm.fwk.ui.BaseActivity,onStart/0,false,25,1,1,0,1,1,2,4,0,0,0,2,0,0,0,0,0,0,1,0,0,0,0,0,0,0,2,4,0,false
/home/arch_design_predict/download-github-repos/mvvm/repos/CarMvvmArch-master/lib_mvvm_fwk/src/main/java/com/mvvm/fwk/ui/BaseActivity.java,com.mvvm.fwk.ui.BaseActivity,onStop/0,false,70,1,1,0,1,1,2,4,0,0,0,2,0,0,0,0,0,0,1,0,0,0,0,0,0,0,2,4,0,false
/home/arch_design_predict/download-github-repos/mvvm/repos/CarMvvmArch-master/lib_mvvm_fwk/src/main/java/com/mvvm/fwk/ui/BaseActivity.java,com.mvvm.fwk.ui.BaseActivity,onRestart/0,false,31,1,1,0,1,1,2,4,0,0,0,2,0,0,0,0,0,0,1,0,0,0,0,0,0,0,2,4,0,false
/home/arch_design_predict/download-github-repos/mvvm/repos/CarMvvmArch-master/lib_mvvm_fwk/src/main/java/com/mvvm/fwk/ui/BaseActivity.java,com.mvvm.fwk.ui.BaseActivity,onResume/0,false,58,1,1,0,1,1,2,4,0,0,0,2,0,0,0,0,0,0,1,0,0,0,0,0,0,0,2,4,0,false
/home/arch_design_predict/download-github-repos/mvvm/repos/CarMvvmArch-master/lib_mvvm_fwk/src/main/java/com/mvvm/fwk/ui/BaseActivity.java,com.mvvm.fwk.ui.BaseActivity,onDestroy/0,false,76,1,1,0,1,1,2,4,0,0,0,2,0,0,0,0,0,0,1,0,0,0,0,0,0,0,2,4,0,false
/home/arch_design_predict/download-github-repos/mvvm/repos/CarMvvmArch-master/lib_mvvm_fwk/src/main/java/com/mvvm/fwk/ui/BaseActivity.java,com.mvvm.fwk.ui.BaseActivity,onSaveInstanceState/1[com.mvvm.fwk.ui.Bundle],false,37,3,1,0,1,1,2,4,0,0,1,2,0,0,0,0,0,0,1,0,0,0,0,0,0,0,6,4,0,false
/home/arch_design_predict/download-github-repos/mvvm/repos/CarMvvmArch-master/lib_mvvm_fwk/src/main/java/com/mvvm/fwk/ui/BaseActivity.java,com.mvvm.fwk.ui.BaseActivity,onNewIntent/1[com.mvvm.fwk.ui.Intent],false,43,2,1,0,1,2,3,6,0,0,1,3,0,0,0,1,0,0,1,0,0,1,1,0,0,0,5,4,0,false
/home/arch_design_predict/download-github-repos/mvvm/repos/CarMvvmArch-master/lib_mvvm_fwk/src/main/java/com/mvvm/fwk/ui/BaseActivity.java,com.mvvm.fwk.ui.BaseActivity,"onActivityResult/3[int,int,com.mvvm.fwk.ui.Intent]",false,51,3,1,0,1,1,2,4,0,0,3,2,0,0,0,0,0,0,3,0,0,1,0,0,0,0,7,4,0,false
/home/arch_design_predict/download-github-repos/mvvm/repos/CarMvvmArch-master/lib_mvvm_fwk/src/main/java/com/mvvm/fwk/ui/BaseActivity.java,com.mvvm.fwk.ui.BaseActivity,onCreate/1[com.mvvm.fwk.ui.Bundle],false,19,3,1,0,1,1,2,4,0,0,1,2,0,0,0,0,0,0,1,0,0,0,0,0,0,0,6,4,0,false
/home/arch_design_predict/download-github-repos/mvvm/repos/CarMvvmArch-master/lib_mvvm_fwk/src/main/java/com/mvvm/fwk/ui/BaseActivity.java,com.mvvm.fwk.ui.BaseActivity,onPause/0,false,64,1,1,0,1,1,2,4,0,0,0,2,0,0,0,0,0,0,1,0,0,0,0,0,0,0,2,1,0,false
/home/arch_design_predict/download-github-repos/mvvm/repos/CarMvvmArch-master/lib_mvvm_fwk/src/main/java/com/mvvm/fwk/utils/eventbus/StickyLiveData.java,com.mvvm.fwk.utils.eventbus.StickyLiveData$WrapperObserver,"WrapperObserver/3[com.mvvm.fwk.utils.eventbus.StickyLiveData,com.mvvm.fwk.utils.eventbus.Observer<T>,boolean]",true,110,2,0,0,0,1,0,6,0,0,3,0,0,0,0,0,0,0,0,0,4,0,0,0,0,0,11,1,0,false
/home/arch_design_predict/download-github-repos/mvvm/repos/CarMvvmArch-master/lib_mvvm_fwk/src/main/java/com/mvvm/fwk/utils/eventbus/StickyLiveData.java,com.mvvm.fwk.utils.eventbus.StickyLiveData$WrapperObserver,onChanged/1[T],false,118,1,0,0,0,4,1,10,1,0,1,1,0,0,0,1,0,0,0,0,1,0,2,0,0,0,9,1,0,false
/home/arch_design_predict/download-github-repos/mvvm/repos/CarMvvmArch-master/lib_mvvm_fwk/src/main/java/com/mvvm/fwk/utils/AppExecutors.java,com.mvvm.fwk.utils.AppExecutors$MainThreadExecutor,removeCallbacksAndMessages/1[java.lang.Object],false,133,0,0,0,0,1,1,3,0,0,1,1,0,0,0,0,0,0,0,0,0,0,0,0,0,0,6,1,0,false
/home/arch_design_predict/download-github-repos/mvvm/repos/CarMvvmArch-master/lib_mvvm_fwk/src/main/java/com/mvvm/fwk/utils/AppExecutors.java,com.mvvm.fwk.utils.AppExecutors$MainThreadExecutor,execute/1[java.lang.Runnable],false,138,0,0,0,0,1,1,3,0,0,1,1,0,0,0,0,0,0,0,0,0,0,0,0,0,0,3,1,0,false
/home/arch_design_predict/download-github-repos/mvvm/repos/CarMvvmArch-master/lib_mvvm_fwk/src/main/java/com/mvvm/fwk/utils/eventbus/StickyLiveData.java,com.mvvm.fwk.utils.eventbus.StickyLiveData$Anonymous1,"onStateChanged/2[com.mvvm.fwk.utils.eventbus.LifecycleOwner,Lifecycle.Event]",false,94,4,1,0,1,3,1,7,0,0,2,1,0,0,0,2,0,0,0,0,0,0,2,0,0,0,12,1,0,false
/home/arch_design_predict/download-github-repos/mvvm/repos/CarMvvmArch-master/car_hmi/src/main/java/com/mvvm/hmi/ipc/ui/HvacActivity.java,com.mvvm.hmi.ipc.ui.HvacActivity,getViewModelVariable/0,false,34,0,0,0,0,1,0,3,1,0,0,0,0,0,0,0,0,0,0,1,0,0,0,0,0,0,4,4,0,false
/home/arch_design_predict/download-github-repos/mvvm/repos/CarMvvmArch-master/car_hmi/src/main/java/com/mvvm/hmi/ipc/ui/HvacActivity.java,com.mvvm.hmi.ipc.ui.HvacActivity,getViewModelOrFactory/0,false,29,2,1,0,1,1,1,3,1,0,0,1,0,0,0,0,0,0,0,0,0,0,0,0,0,0,6,4,0,false
/home/arch_design_predict/download-github-repos/mvvm/repos/CarMvvmArch-master/car_hmi/src/main/java/com/mvvm/hmi/ipc/ui/HvacActivity.java,com.mvvm.hmi.ipc.ui.HvacActivity,initView/0,false,24,0,0,0,0,1,0,2,0,0,0,0,0,0,0,0,0,0,0,0,0,0,0,0,0,0,2,4,0,false
/home/arch_design_predict/download-github-repos/mvvm/repos/CarMvvmArch-master/car_hmi/src/main/java/com/mvvm/hmi/ipc/ui/HvacActivity.java,com.mvvm.hmi.ipc.ui.HvacActivity,getLayoutId/0,false,19,0,0,0,0,1,0,3,1,0,0,0,0,0,0,0,0,0,0,0,0,0,0,0,0,0,3,4,0,false
/home/arch_design_predict/download-github-repos/mvvm/repos/CarMvvmArch-master/car_hmi/src/main/java/com/mvvm/hmi/ipc/ui/HvacActivity.java,com.mvvm.hmi.ipc.ui.HvacActivity,loadData/1[com.mvvm.hmi.ipc.ui.HvacViewModel],false,44,1,0,0,0,1,0,2,0,0,1,0,0,0,0,0,0,0,0,0,0,0,0,0,0,0,6,4,0,false
/home/arch_design_predict/download-github-repos/mvvm/repos/CarMvvmArch-master/car_hmi/src/main/java/com/mvvm/hmi/ipc/ui/HvacActivity.java,com.mvvm.hmi.ipc.ui.HvacActivity,initObservable/1[com.mvvm.hmi.ipc.ui.HvacViewModel],false,39,1,0,0,0,1,0,2,0,0,1,0,0,0,0,0,0,0,0,0,0,0,0,0,0,0,6,4,0,false
/home/arch_design_predict/download-github-repos/mvvm/repos/CarMvvmArch-master/lib_mvvm_fwk/src/main/java/com/mvvm/fwk/ui/BaseBindingActivity.java,com.mvvm.fwk.ui.BaseBindingActivity,getLayoutId/0,false,26,1,0,0,0,1,0,1,0,0,0,0,0,0,0,0,0,0,0,0,0,0,0,0,0,0,3,1028,0,false
/home/arch_design_predict/download-github-repos/mvvm/repos/CarMvvmArch-master/lib_mvvm_fwk/src/main/java/com/mvvm/fwk/ui/BaseBindingActivity.java,com.mvvm.fwk.ui.BaseBindingActivity,getBinding/0,false,29,1,0,0,0,1,0,3,1,0,0,0,0,0,0,0,0,0,0,0,0,0,0,0,0,0,4,1,0,false
/home/arch_design_predict/download-github-repos/mvvm/repos/CarMvvmArch-master/lib_mvvm_fwk/src/main/java/com/mvvm/fwk/ui/BaseBindingActivity.java,com.mvvm.fwk.ui.BaseBindingActivity,onCreate/1[com.mvvm.fwk.ui.Bundle],false,15,3,2,0,2,2,6,10,0,0,1,6,0,0,0,1,0,0,1,1,1,0,1,0,0,0,18,4,0,false
/home/arch_design_predict/download-github-repos/mvvm/repos/CarMvvmArch-master/lib_mvvm_fwk/src/main/java/com/mvvm/fwk/ui/BaseBindingActivity.java,com.mvvm.fwk.ui.BaseBindingActivity,initView/0,false,33,0,0,0,0,1,0,1,0,0,0,0,0,0,0,0,0,0,0,0,0,0,0,0,0,0,2,1028,0,false
/home/arch_design_predict/download-github-repos/mvvm/repos/CarMvvmArch-master/lib_mvvm_fwk/src/main/java/com/mvvm/fwk/ui/BaseMvvmFragment.java,com.mvvm.fwk.ui.BaseMvvmFragment,getViewModelOrFactory/0,false,63,0,0,0,0,1,0,1,0,0,0,0,0,0,0,0,0,0,0,0,0,0,0,0,0,0,6,1028,0,false
/home/arch_design_predict/download-github-repos/mvvm/repos/CarMvvmArch-master/lib_mvvm_fwk/src/main/java/com/mvvm/fwk/ui/BaseMvvmFragment.java,com.mvvm.fwk.ui.BaseMvvmFragment,"onCreateView/3[com.mvvm.fwk.ui.LayoutInflater,com.mvvm.fwk.ui.ViewGroup,com.mvvm.fwk.ui.Bundle]",false,27,7,3,0,3,2,5,9,1,1,3,5,0,0,0,1,0,0,0,1,1,0,1,0,0,0,17,1,0,false
/home/arch_design_predict/download-github-repos/mvvm/repos/CarMvvmArch-master/lib_mvvm_fwk/src/main/java/com/mvvm/fwk/ui/BaseMvvmFragment.java,com.mvvm.fwk.ui.BaseMvvmFragment,loadData/1[Vm],false,69,1,0,0,0,1,0,1,0,0,1,0,0,0,0,0,0,0,0,0,0,0,0,0,0,0,5,1028,0,false
/home/arch_design_predict/download-github-repos/mvvm/repos/CarMvvmArch-master/lib_mvvm_fwk/src/main/java/com/mvvm/fwk/ui/BaseMvvmFragment.java,com.mvvm.fwk.ui.BaseMvvmFragment,onStart/0,false,38,1,2,0,2,1,3,4,0,0,0,3,0,0,0,0,0,0,0,0,0,0,0,0,0,0,7,1,0,false
/home/arch_design_predict/download-github-repos/mvvm/repos/CarMvvmArch-master/lib_mvvm_fwk/src/main/java/com/mvvm/fwk/ui/BaseMvvmFragment.java,com.mvvm.fwk.ui.BaseMvvmFragment,getViewModel/0,false,71,1,0,0,0,1,0,3,1,0,0,0,0,0,0,0,0,0,0,0,0,0,0,0,0,0,5,4,0,false
/home/arch_design_predict/download-github-repos/mvvm/repos/CarMvvmArch-master/lib_mvvm_fwk/src/main/java/com/mvvm/fwk/ui/BaseMvvmFragment.java,com.mvvm.fwk.ui.BaseMvvmFragment,initViewModel/0,false,43,5,1,0,1,4,5,20,0,3,0,5,0,0,0,0,0,1,0,1,7,0,1,0,0,0,16,2,0,false
/home/arch_design_predict/download-github-repos/mvvm/repos/CarMvvmArch-master/lib_mvvm_fwk/src/main/java/com/mvvm/fwk/ui/BaseMvvmFragment.java,com.mvvm.fwk.ui.BaseMvvmFragment,initObservable/1[Vm],false,67,1,0,0,0,1,0,1,0,0,1,0,0,0,0,0,0,0,0,0,0,0,0,0,0,0,5,1028,0,false
/home/arch_design_predict/download-github-repos/mvvm/repos/CarMvvmArch-master/lib_mvvm_fwk/src/main/java/com/mvvm/fwk/ui/BaseMvvmFragment.java,com.mvvm.fwk.ui.BaseMvvmFragment,getViewModelVariable/0,false,65,0,0,0,0,1,0,1,0,0,0,0,0,0,0,0,0,0,0,0,0,0,0,0,0,0,4,1028,0,false
/home/arch_design_predict/download-github-repos/mvvm/repos/CarMvvmArch-master/car_hmi/src/main/java/com/mvvm/hmi/ipc/model/HvacCallback.java,com.mvvm.hmi.ipc.model.HvacCallback,onTemperatureChanged/1[java.lang.String],false,5,0,1,1,0,1,0,2,0,0,1,0,0,0,0,0,0,0,0,0,0,0,0,0,0,0,4,65536,0,false
/home/arch_design_predict/download-github-repos/mvvm/repos/CarMvvmArch-master/lib_mvvm_fwk/src/main/java/com/mvvm/fwk/ui/BaseFragment.java,com.mvvm.fwk.ui.BaseFragment,onStop/0,false,85,1,1,0,1,1,2,4,0,0,0,2,0,0,0,0,0,0,1,0,0,0,0,0,0,0,2,1,0,false
/home/arch_design_predict/download-github-repos/mvvm/repos/CarMvvmArch-master/lib_mvvm_fwk/src/main/java/com/mvvm/fwk/ui/BaseFragment.java,com.mvvm.fwk.ui.BaseFragment,onActivityCreated/1[com.mvvm.fwk.ui.Bundle],false,23,3,1,0,1,1,2,4,0,0,1,2,0,0,0,0,0,0,1,0,0,0,0,0,0,0,7,1,0,false
/home/arch_design_predict/download-github-repos/mvvm/repos/CarMvvmArch-master/lib_mvvm_fwk/src/main/java/com/mvvm/fwk/ui/BaseFragment.java,com.mvvm.fwk.ui.BaseFragment,onStart/0,false,54,1,1,0,1,1,2,4,0,0,0,2,0,0,0,0,0,0,1,0,0,0,0,0,0,0,2,1,0,false
/home/arch_design_predict/download-github-repos/mvvm/repos/CarMvvmArch-master/lib_mvvm_fwk/src/main/java/com/mvvm/fwk/ui/BaseFragment.java,com.mvvm.fwk.ui.BaseFragment,onCreate/1[com.mvvm.fwk.ui.Bundle],false,29,3,1,0,1,1,2,4,0,0,1,2,0,0,0,0,0,0,1,0,0,0,0,0,0,0,6,1,0,false
/home/arch_design_predict/download-github-repos/mvvm/repos/CarMvvmArch-master/lib_mvvm_fwk/src/main/java/com/mvvm/fwk/ui/BaseFragment.java,com.mvvm.fwk.ui.BaseFragment,onDestroyView/0,false,97,1,1,0,1,1,2,4,0,0,0,2,0,0,0,0,0,0,1,0,0,0,0,0,0,0,3,1,0,false
/home/arch_design_predict/download-github-repos/mvvm/repos/CarMvvmArch-master/lib_mvvm_fwk/src/main/java/com/mvvm/fwk/ui/BaseFragment.java,com.mvvm.fwk.ui.BaseFragment,"onActivityResult/3[int,int,com.mvvm.fwk.ui.Intent]",false,66,3,1,0,1,1,2,4,0,0,3,2,0,0,0,0,0,0,3,0,0,1,0,0,0,0,7,1,0,false
/home/arch_design_predict/download-github-repos/mvvm/repos/CarMvvmArch-master/lib_mvvm_fwk/src/main/java/com/mvvm/fwk/ui/BaseFragment.java,com.mvvm.fwk.ui.BaseFragment,"onCreateView/3[com.mvvm.fwk.ui.LayoutInflater,com.mvvm.fwk.ui.ViewGroup,com.mvvm.fwk.ui.Bundle]",false,36,7,1,0,1,1,2,4,1,0,3,2,0,0,0,0,0,0,1,0,0,0,0,0,0,0,10,1,0,false
/home/arch_design_predict/download-github-repos/mvvm/repos/CarMvvmArch-master/lib_mvvm_fwk/src/main/java/com/mvvm/fwk/ui/BaseFragment.java,com.mvvm.fwk.ui.BaseFragment,onResume/0,false,60,1,1,0,1,1,2,4,0,0,0,2,0,0,0,0,0,0,1,0,0,0,0,0,0,0,2,1,0,false
/home/arch_design_predict/download-github-repos/mvvm/repos/CarMvvmArch-master/lib_mvvm_fwk/src/main/java/com/mvvm/fwk/ui/BaseFragment.java,com.mvvm.fwk.ui.BaseFragment,onDestroy/0,false,103,1,1,0,1,1,2,4,0,0,0,2,0,0,0,0,0,0,1,0,0,0,0,0,0,0,2,1,0,false
/home/arch_design_predict/download-github-repos/mvvm/repos/CarMvvmArch-master/lib_mvvm_fwk/src/main/java/com/mvvm/fwk/ui/BaseFragment.java,com.mvvm.fwk.ui.BaseFragment,onAttach/1[com.mvvm.fwk.ui.Context],false,42,3,1,0,1,1,2,4,0,0,1,2,0,0,0,0,0,0,1,0,0,1,0,0,0,0,5,1,0,false
/home/arch_design_predict/download-github-repos/mvvm/repos/CarMvvmArch-master/lib_mvvm_fwk/src/main/java/com/mvvm/fwk/ui/BaseFragment.java,com.mvvm.fwk.ui.BaseFragment,onDetach/0,false,91,1,1,0,1,1,2,4,0,0,0,2,0,0,0,0,0,0,1,0,0,0,0,0,0,0,2,1,0,false
/home/arch_design_predict/download-github-repos/mvvm/repos/CarMvvmArch-master/lib_mvvm_fwk/src/main/java/com/mvvm/fwk/ui/BaseFragment.java,com.mvvm.fwk.ui.BaseFragment,onAttachFragment/1[com.mvvm.fwk.ui.Fragment],false,48,3,1,0,1,1,2,4,0,0,1,2,0,0,0,0,0,0,1,0,0,1,0,0,0,0,4,1,0,false
/home/arch_design_predict/download-github-repos/mvvm/repos/CarMvvmArch-master/lib_mvvm_fwk/src/main/java/com/mvvm/fwk/ui/BaseFragment.java,com.mvvm.fwk.ui.BaseFragment,onSaveInstanceState/1[com.mvvm.fwk.ui.Bundle],false,79,3,1,0,1,1,2,4,0,0,1,2,0,0,0,0,0,0,1,0,0,0,0,0,0,0,6,1,0,false
/home/arch_design_predict/download-github-repos/mvvm/repos/CarMvvmArch-master/lib_mvvm_fwk/src/main/java/com/mvvm/fwk/ui/BaseFragment.java,com.mvvm.fwk.ui.BaseFragment,onPause/0,false,73,1,1,0,1,1,2,4,0,0,0,2,0,0,0,0,0,0,1,0,0,0,0,0,0,0,2,1,0,false
/home/arch_design_predict/download-github-repos/mvvm/repos/CarMvvmArch-master/lib_mvvm_fwk/src/main/java/com/mvvm/fwk/utils/AppExecutors.java,com.mvvm.fwk.utils.AppExecutors$Anonymous1,"beforeExecute/2[java.lang.Thread,java.lang.Runnable]",false,55,1,1,0,1,3,6,15,0,0,2,6,0,0,0,0,1,0,1,0,0,1,2,0,0,0,10,4,0,false
/home/arch_design_predict/download-github-repos/mvvm/repos/CarMvvmArch-master/lib_mvvm_fwk/src/main/java/com/mvvm/fwk/utils/AppExecutors.java,com.mvvm.fwk.utils.AppExecutors$Anonymous1,"afterExecute/2[java.lang.Runnable,java.lang.Throwable]",false,70,2,1,0,1,1,2,4,0,0,2,2,0,0,0,0,0,1,1,0,0,1,0,0,0,0,9,4,0,false
/home/arch_design_predict/download-github-repos/mvvm/repos/CarMvvmArch-master/lib_mvvm_fwk/src/main/java/com/mvvm/fwk/utils/eventbus/LiveDataBus.java,com.mvvm.fwk.utils.eventbus.LiveDataBus,getChannel/1[java.lang.String],false,45,2,3,0,3,2,3,14,1,1,1,3,0,0,0,1,0,0,0,0,2,0,1,1,0,0,15,1,0,true
/home/arch_design_predict/download-github-repos/mvvm/repos/CarMvvmArch-master/lib_mvvm_fwk/src/main/java/com/mvvm/fwk/utils/eventbus/LiveDataBus.java,com.mvvm.fwk.utils.eventbus.LiveDataBus,getInstance/0,false,33,1,0,0,0,1,0,3,1,0,0,0,0,0,0,0,0,0,0,0,0,0,0,0,0,0,5,9,0,false
/home/arch_design_predict/download-github-repos/mvvm/repos/CarMvvmArch-master/lib_mvvm_fwk/src/main/java/com/mvvm/fwk/utils/eventbus/StickyLiveData.java,com.mvvm.fwk.utils.eventbus.StickyLiveData$IDestroyListener,onLiveDataDestroy/1[java.lang.String],false,132,0,1,1,0,1,0,1,0,0,1,0,0,0,0,0,0,0,0,0,0,0,0,0,0,0,11,0,0,true
/home/arch_design_predict/download-github-repos/mvvm/repos/CarMvvmArch-master/lib_mvvm_fwk/src/main/java/com/mvvm/fwk/AppGlobal.java,com.mvvm.fwk.AppGlobal,getResource/0,false,61,2,3,2,1,1,2,3,1,0,0,2,1,1,0,0,0,0,0,0,0,0,0,0,0,0,4,9,0,false
/home/arch_design_predict/download-github-repos/mvvm/repos/CarMvvmArch-master/lib_mvvm_fwk/src/main/java/com/mvvm/fwk/AppGlobal.java,com.mvvm.fwk.AppGlobal,getString/1[int],false,65,2,1,0,1,1,3,3,1,0,1,3,1,1,0,0,0,0,0,0,0,0,0,0,0,0,5,9,0,false
/home/arch_design_predict/download-github-repos/mvvm/repos/CarMvvmArch-master/lib_mvvm_fwk/src/main/java/com/mvvm/fwk/AppGlobal.java,com.mvvm.fwk.AppGlobal,AppGlobal/0,true,23,0,0,0,0,1,0,2,0,0,0,0,0,0,0,0,0,0,0,0,0,0,0,0,0,0,2,2,0,false
/home/arch_design_predict/download-github-repos/mvvm/repos/CarMvvmArch-master/lib_mvvm_fwk/src/main/java/com/mvvm/fwk/AppGlobal.java,com.mvvm.fwk.AppGlobal,getApplication/0,false,32,1,3,3,0,4,6,25,2,5,0,6,0,0,0,1,2,0,2,0,7,2,1,0,0,0,38,9,0,true
/home/arch_design_predict/download-github-repos/mvvm/repos/CarMvvmArch-master/lib_mvvm_fwk/src/main/java/com/mvvm/fwk/AppGlobal.java,com.mvvm.fwk.AppGlobal,getDrawable/1[int],false,73,3,1,0,1,1,2,3,1,0,1,2,1,2,0,0,0,0,0,0,0,0,0,0,0,0,5,9,0,false
/home/arch_design_predict/download-github-repos/mvvm/repos/CarMvvmArch-master/lib_mvvm_fwk/src/main/java/com/mvvm/fwk/AppGlobal.java,com.mvvm.fwk.AppGlobal,getDimension/1[int],false,69,2,1,0,1,1,3,3,1,0,1,3,1,1,0,0,0,0,0,0,0,0,0,0,0,0,5,9,0,false
/home/arch_design_predict/download-github-repos/mvvm/repos/CarMvvmArch-master/lib_mvvm_fwk/src/main/java/com/mvvm/fwk/AppGlobal.java,com.mvvm.fwk.AppGlobal,getColor/1[int],false,77,2,1,0,1,1,2,3,1,0,1,2,1,2,0,0,0,0,0,0,0,0,0,0,0,0,5,9,0,false
/home/arch_design_predict/download-github-repos/mvvm/repos/CarMvvmArch-master/lib_mvvm_fwk/src/main/java/com/mvvm/fwk/utils/LogUtils.java,com.mvvm.fwk.utils.LogUtils,"logI/2[java.lang.String,java.lang.String]",false,60,0,6,6,0,2,3,5,0,0,2,3,0,0,0,0,0,0,2,0,0,1,1,0,0,0,10,9,0,true
/home/arch_design_predict/download-github-repos/mvvm/repos/CarMvvmArch-master/lib_mvvm_fwk/src/main/java/com/mvvm/fwk/utils/LogUtils.java,com.mvvm.fwk.utils.LogUtils,"logD/2[java.lang.String,java.lang.String]",false,30,0,0,0,0,3,6,9,0,1,2,6,0,0,1,0,0,0,6,0,1,2,2,0,0,0,17,9,0,true
/home/arch_design_predict/download-github-repos/mvvm/repos/CarMvvmArch-master/lib_mvvm_fwk/src/main/java/com/mvvm/fwk/utils/LogUtils.java,com.mvvm.fwk.utils.LogUtils,"logW/2[java.lang.String,java.lang.String]",false,72,0,2,2,0,2,3,5,0,0,2,3,0,0,0,0,0,0,2,0,0,1,1,0,0,0,11,9,0,true
/home/arch_design_predict/download-github-repos/mvvm/repos/CarMvvmArch-master/lib_mvvm_fwk/src/main/java/com/mvvm/fwk/utils/LogUtils.java,com.mvvm.fwk.utils.LogUtils,"logE/2[java.lang.String,java.lang.String]",false,84,0,1,1,0,2,3,5,0,0,2,3,0,0,0,0,0,0,2,0,0,1,1,0,0,0,10,9,0,true
/home/arch_design_predict/download-github-repos/mvvm/repos/CarMvvmArch-master/lib_mvvm_fwk/src/main/java/com/mvvm/fwk/utils/LogUtils.java,com.mvvm.fwk.utils.LogUtils,"init/5[boolean,boolean,boolean,boolean,boolean]",false,16,0,0,0,0,1,0,7,0,0,5,0,0,0,0,0,0,0,0,0,5,0,0,0,0,0,20,9,0,false
/home/arch_design_predict/download-github-repos/mvvm/repos/CarMvvmArch-master/lib_mvvm_fwk/src/main/java/com/mvvm/fwk/utils/LogUtils.java,com.mvvm.fwk.utils.LogUtils,"logV/2[java.lang.String,java.lang.String]",false,48,0,28,28,0,2,3,5,0,0,2,3,0,0,0,0,0,0,2,0,0,1,1,0,0,0,13,9,0,true
/home/arch_design_predict/download-github-repos/mvvm/repos/CarMvvmArch-master/lib_mvvm_fwk/src/main/java/com/mvvm/fwk/utils/eventbus/LiveDataBus.java,com.mvvm.fwk.utils.eventbus.LiveDataBus$Anonymous1,onLiveDataDestroy/1[java.lang.String],false,51,0,0,0,0,1,1,3,0,0,1,1,0,0,0,0,0,0,0,0,0,0,0,0,0,0,6,1,0,false
/home/arch_design_predict/download-github-repos/mvvm/repos/CarMvvmArch-master/lib_mvvm_fwk/src/main/java/com/mvvm/fwk/utils/AppExecutors.java,com.mvvm.fwk.utils.AppExecutors,"execute/2[int,java.lang.Runnable]",false,83,2,2,1,1,1,1,3,0,0,2,1,0,0,0,0,0,0,0,0,0,0,0,0,0,0,15,1,0,false
/home/arch_design_predict/download-github-repos/mvvm/repos/CarMvvmArch-master/lib_mvvm_fwk/src/main/java/com/mvvm/fwk/utils/AppExecutors.java,com.mvvm.fwk.utils.AppExecutors,post/1[java.lang.Runnable],false,91,0,0,0,0,1,1,3,0,0,1,1,0,0,0,0,0,0,0,0,0,0,0,0,0,0,3,1,0,false
/home/arch_design_predict/download-github-repos/mvvm/repos/CarMvvmArch-master/lib_mvvm_fwk/src/main/java/com/mvvm/fwk/utils/AppExecutors.java,com.mvvm.fwk.utils.AppExecutors,postRemove/1[java.lang.Runnable],false,99,0,0,0,0,1,1,3,0,0,1,1,0,0,0,0,0,0,0,0,0,0,0,0,0,0,4,1,0,false
/home/arch_design_predict/download-github-repos/mvvm/repos/CarMvvmArch-master/lib_mvvm_fwk/src/main/java/com/mvvm/fwk/utils/AppExecutors.java,com.mvvm.fwk.utils.AppExecutors,resume/0,false,119,1,1,0,1,1,4,11,0,0,0,4,0,0,0,0,1,0,1,0,1,0,1,0,0,0,9,1,0,true
/home/arch_design_predict/download-github-repos/mvvm/repos/CarMvvmArch-master/lib_mvvm_fwk/src/main/java/com/mvvm/fwk/utils/AppExecutors.java,com.mvvm.fwk.utils.AppExecutors,AppExecutors/0,true,36,1,1,0,1,1,6,37,1,8,0,6,0,0,0,0,0,0,1,1,10,2,1,1,0,1,38,1,0,false
/home/arch_design_predict/download-github-repos/mvvm/repos/CarMvvmArch-master/lib_mvvm_fwk/src/main/java/com/mvvm/fwk/utils/AppExecutors.java,com.mvvm.fwk.utils.AppExecutors,"postDelay/2[java.lang.Runnable,long]",false,95,0,0,0,0,1,1,3,0,0,2,1,0,0,0,0,0,0,0,0,0,0,0,0,0,0,5,1,0,false
/home/arch_design_predict/download-github-repos/mvvm/repos/CarMvvmArch-master/lib_mvvm_fwk/src/main/java/com/mvvm/fwk/utils/AppExecutors.java,com.mvvm.fwk.utils.AppExecutors,pause/0,false,106,1,1,0,1,1,3,10,0,0,0,3,0,0,0,0,1,0,1,0,1,0,1,0,0,0,8,1,0,true
/home/arch_design_predict/download-github-repos/mvvm/repos/CarMvvmArch-master/lib_mvvm_fwk/src/main/java/com/mvvm/fwk/utils/AppExecutors.java,com.mvvm.fwk.utils.AppExecutors,get/0,false,78,1,1,1,0,1,0,3,1,0,0,0,0,0,0,0,0,0,0,0,0,0,0,0,0,0,14,9,0,false
/home/arch_design_predict/download-github-repos/mvvm/repos/CarMvvmArch-master/lib_mvvm_fwk/src/main/java/com/mvvm/fwk/utils/AppExecutors.java,com.mvvm.fwk.utils.AppExecutors,execute/1[java.lang.Runnable],false,87,1,1,0,1,1,1,3,0,0,1,1,1,1,0,0,0,0,0,0,0,0,0,0,0,0,3,1,0,false
/home/arch_design_predict/download-github-repos/mvvm/repos/CarMvvmArch-master/lib_mvvm_fwk/src/main/java/com/mvvm/fwk/viewmodel/BaseViewModel.java,com.mvvm.fwk.viewmodel.BaseViewModel,onCleared/0,false,25,1,1,0,1,1,2,4,0,0,0,2,0,0,0,0,0,0,1,0,0,0,0,0,0,0,2,4,0,false
/home/arch_design_predict/download-github-repos/mvvm/repos/CarMvvmArch-master/lib_mvvm_fwk/src/main/java/com/mvvm/fwk/viewmodel/BaseViewModel.java,com.mvvm.fwk.viewmodel.BaseViewModel,BaseViewModel/1[M],true,16,1,0,0,0,1,0,3,0,0,1,0,0,0,0,0,0,0,0,0,1,0,0,0,0,0,7,1,0,false
/home/arch_design_predict/download-github-repos/mvvm/repos/CarMvvmArch-master/lib_mvvm_fwk/src/main/java/com/mvvm/fwk/viewmodel/BaseViewModel.java,com.mvvm.fwk.viewmodel.BaseViewModel,getRepository/0,false,20,1,0,0,0,1,0,3,1,0,0,0,0,0,0,0,0,0,0,0,0,0,0,0,0,0,4,1,0,false
