file,class,method,variable,usage
/home/arch_design_predict/download-github-repos/mvvm/repos/QuickNotes-master/app/src/main/java/com/ds/quicknotes/Repositories/NoteRepository.java,com.ds.quicknotes.Repositories.NoteRepository$DeleteAllNotesAsyncTask,DeleteAllNotesAsyncTask/1[com.ds.quicknotes.Utils.NoteDAO],noteDAO,3
/home/arch_design_predict/download-github-repos/mvvm/repos/QuickNotes-master/app/src/main/java/com/ds/quicknotes/Repositories/NoteRepository.java,com.ds.quicknotes.Repositories.NoteRepository$DeleteAllNotesAsyncTask,doInBackground/1[java.lang.Void[]],noteDAO,1
/home/arch_design_predict/download-github-repos/mvvm/repos/QuickNotes-master/app/src/main/java/com/ds/quicknotes/Databases/NoteDatabase.java,com.ds.quicknotes.Databases.NoteDatabase,getInstance/1[com.ds.quicknotes.Databases.Context],instance,3
/home/arch_design_predict/download-github-repos/mvvm/repos/QuickNotes-master/app/src/main/java/com/ds/quicknotes/Databases/NoteDatabase.java,com.ds.quicknotes.Databases.NoteDatabase,getInstance/1[com.ds.quicknotes.Databases.Context],roomCallback,1
/home/arch_design_predict/download-github-repos/mvvm/repos/QuickNotes-master/app/src/main/java/com/ds/quicknotes/Adapters/NoteAdapter.java,com.ds.quicknotes.Adapters.NoteAdapter$NoteHolder,NoteHolder/1[com.ds.quicknotes.Adapters.View],textViewImportance,1
/home/arch_design_predict/download-github-repos/mvvm/repos/QuickNotes-master/app/src/main/java/com/ds/quicknotes/Adapters/NoteAdapter.java,com.ds.quicknotes.Adapters.NoteAdapter$NoteHolder,NoteHolder/1[com.ds.quicknotes.Adapters.View],textViewDate,1
/home/arch_design_predict/download-github-repos/mvvm/repos/QuickNotes-master/app/src/main/java/com/ds/quicknotes/Adapters/NoteAdapter.java,com.ds.quicknotes.Adapters.NoteAdapter$NoteHolder,NoteHolder/1[com.ds.quicknotes.Adapters.View],textViewTitle,1
/home/arch_design_predict/download-github-repos/mvvm/repos/QuickNotes-master/app/src/main/java/com/ds/quicknotes/Adapters/NoteAdapter.java,com.ds.quicknotes.Adapters.NoteAdapter$NoteHolder,NoteHolder/1[com.ds.quicknotes.Adapters.View],textViewDescription,1
/home/arch_design_predict/download-github-repos/mvvm/repos/QuickNotes-master/app/src/main/java/com/ds/quicknotes/Entities/Note.java,com.ds.quicknotes.Entities.Note,setTitle/1[java.lang.String],title,3
/home/arch_design_predict/download-github-repos/mvvm/repos/QuickNotes-master/app/src/main/java/com/ds/quicknotes/Entities/Note.java,com.ds.quicknotes.Entities.Note,setId/1[int],id,3
/home/arch_design_predict/download-github-repos/mvvm/repos/QuickNotes-master/app/src/main/java/com/ds/quicknotes/Entities/Note.java,com.ds.quicknotes.Entities.Note,getId/0,id,1
/home/arch_design_predict/download-github-repos/mvvm/repos/QuickNotes-master/app/src/main/java/com/ds/quicknotes/Entities/Note.java,com.ds.quicknotes.Entities.Note,setImportance/1[int],importance,3
/home/arch_design_predict/download-github-repos/mvvm/repos/QuickNotes-master/app/src/main/java/com/ds/quicknotes/Entities/Note.java,com.ds.quicknotes.Entities.Note,"Note/3[java.lang.String,java.lang.String,int]",importance,3
/home/arch_design_predict/download-github-repos/mvvm/repos/QuickNotes-master/app/src/main/java/com/ds/quicknotes/Entities/Note.java,com.ds.quicknotes.Entities.Note,"Note/3[java.lang.String,java.lang.String,int]",description,3
/home/arch_design_predict/download-github-repos/mvvm/repos/QuickNotes-master/app/src/main/java/com/ds/quicknotes/Entities/Note.java,com.ds.quicknotes.Entities.Note,"Note/3[java.lang.String,java.lang.String,int]",title,3
/home/arch_design_predict/download-github-repos/mvvm/repos/QuickNotes-master/app/src/main/java/com/ds/quicknotes/Entities/Note.java,com.ds.quicknotes.Entities.Note,"Note/3[java.lang.String,java.lang.String,int]",updated,1
/home/arch_design_predict/download-github-repos/mvvm/repos/QuickNotes-master/app/src/main/java/com/ds/quicknotes/Entities/Note.java,com.ds.quicknotes.Entities.Note,setDescription/1[java.lang.String],description,3
/home/arch_design_predict/download-github-repos/mvvm/repos/QuickNotes-master/app/src/main/java/com/ds/quicknotes/Entities/Note.java,com.ds.quicknotes.Entities.Note,setUpdated/1[java.lang.Long],updated,3
/home/arch_design_predict/download-github-repos/mvvm/repos/QuickNotes-master/app/src/main/java/com/ds/quicknotes/Entities/Note.java,com.ds.quicknotes.Entities.Note,getTitle/0,title,1
/home/arch_design_predict/download-github-repos/mvvm/repos/QuickNotes-master/app/src/main/java/com/ds/quicknotes/Entities/Note.java,com.ds.quicknotes.Entities.Note,"Note/4[int,java.lang.String,java.lang.String,int]",importance,3
/home/arch_design_predict/download-github-repos/mvvm/repos/QuickNotes-master/app/src/main/java/com/ds/quicknotes/Entities/Note.java,com.ds.quicknotes.Entities.Note,"Note/4[int,java.lang.String,java.lang.String,int]",description,3
/home/arch_design_predict/download-github-repos/mvvm/repos/QuickNotes-master/app/src/main/java/com/ds/quicknotes/Entities/Note.java,com.ds.quicknotes.Entities.Note,"Note/4[int,java.lang.String,java.lang.String,int]",id,3
/home/arch_design_predict/download-github-repos/mvvm/repos/QuickNotes-master/app/src/main/java/com/ds/quicknotes/Entities/Note.java,com.ds.quicknotes.Entities.Note,"Note/4[int,java.lang.String,java.lang.String,int]",title,3
/home/arch_design_predict/download-github-repos/mvvm/repos/QuickNotes-master/app/src/main/java/com/ds/quicknotes/Entities/Note.java,com.ds.quicknotes.Entities.Note,"Note/4[int,java.lang.String,java.lang.String,int]",updated,1
/home/arch_design_predict/download-github-repos/mvvm/repos/QuickNotes-master/app/src/main/java/com/ds/quicknotes/Entities/Note.java,com.ds.quicknotes.Entities.Note,getDescription/0,description,1
/home/arch_design_predict/download-github-repos/mvvm/repos/QuickNotes-master/app/src/main/java/com/ds/quicknotes/Entities/Note.java,com.ds.quicknotes.Entities.Note,getImportance/0,importance,1
/home/arch_design_predict/download-github-repos/mvvm/repos/QuickNotes-master/app/src/main/java/com/ds/quicknotes/Entities/Note.java,com.ds.quicknotes.Entities.Note,getUpdated/0,updated,1
/home/arch_design_predict/download-github-repos/mvvm/repos/QuickNotes-master/app/src/main/java/com/ds/quicknotes/Activities/MainActivity.java,com.ds.quicknotes.Activities.MainActivity$FilterDialogFragment,returnData/0,data,1
/home/arch_design_predict/download-github-repos/mvvm/repos/QuickNotes-master/app/src/main/java/com/ds/quicknotes/Repositories/NoteRepository.java,com.ds.quicknotes.Repositories.NoteRepository$DeleteNoteAsyncTask,doInBackground/1[com.ds.quicknotes.Entities.Note[]],noteDAO,1
/home/arch_design_predict/download-github-repos/mvvm/repos/QuickNotes-master/app/src/main/java/com/ds/quicknotes/Repositories/NoteRepository.java,com.ds.quicknotes.Repositories.NoteRepository$DeleteNoteAsyncTask,DeleteNoteAsyncTask/1[com.ds.quicknotes.Utils.NoteDAO],noteDAO,3
/home/arch_design_predict/download-github-repos/mvvm/repos/QuickNotes-master/app/src/main/java/com/ds/quicknotes/ViewModels/NoteViewModel.java,com.ds.quicknotes.ViewModels.NoteViewModel,delete/1[com.ds.quicknotes.Entities.Note],noteRepository,1
/home/arch_design_predict/download-github-repos/mvvm/repos/QuickNotes-master/app/src/main/java/com/ds/quicknotes/ViewModels/NoteViewModel.java,com.ds.quicknotes.ViewModels.NoteViewModel,deleteAll/0,noteRepository,1
/home/arch_design_predict/download-github-repos/mvvm/repos/QuickNotes-master/app/src/main/java/com/ds/quicknotes/ViewModels/NoteViewModel.java,com.ds.quicknotes.ViewModels.NoteViewModel,update/1[com.ds.quicknotes.Entities.Note],noteRepository,1
/home/arch_design_predict/download-github-repos/mvvm/repos/QuickNotes-master/app/src/main/java/com/ds/quicknotes/ViewModels/NoteViewModel.java,com.ds.quicknotes.ViewModels.NoteViewModel,insert/1[com.ds.quicknotes.Entities.Note],noteRepository,1
/home/arch_design_predict/download-github-repos/mvvm/repos/QuickNotes-master/app/src/main/java/com/ds/quicknotes/ViewModels/NoteViewModel.java,com.ds.quicknotes.ViewModels.NoteViewModel,getAllNotes/0,allNotes,1
/home/arch_design_predict/download-github-repos/mvvm/repos/QuickNotes-master/app/src/main/java/com/ds/quicknotes/ViewModels/NoteViewModel.java,com.ds.quicknotes.ViewModels.NoteViewModel,NoteViewModel/1[com.ds.quicknotes.ViewModels.Application],noteRepository,2
/home/arch_design_predict/download-github-repos/mvvm/repos/QuickNotes-master/app/src/main/java/com/ds/quicknotes/ViewModels/NoteViewModel.java,com.ds.quicknotes.ViewModels.NoteViewModel,NoteViewModel/1[com.ds.quicknotes.ViewModels.Application],allNotes,1
/home/arch_design_predict/download-github-repos/mvvm/repos/QuickNotes-master/app/src/main/java/com/ds/quicknotes/Adapters/NoteAdapter.java,com.ds.quicknotes.Adapters.NoteAdapter,"onBindViewHolder/2[com.ds.quicknotes.Adapters.NoteAdapter.NoteHolder,int]",notes,1
/home/arch_design_predict/download-github-repos/mvvm/repos/QuickNotes-master/app/src/main/java/com/ds/quicknotes/Adapters/NoteAdapter.java,com.ds.quicknotes.Adapters.NoteAdapter,setNotes/1[java.util.List<com.ds.quicknotes.Entities.Note>],notes,3
/home/arch_design_predict/download-github-repos/mvvm/repos/QuickNotes-master/app/src/main/java/com/ds/quicknotes/Adapters/NoteAdapter.java,com.ds.quicknotes.Adapters.NoteAdapter,getNote/1[int],notes,1
/home/arch_design_predict/download-github-repos/mvvm/repos/QuickNotes-master/app/src/main/java/com/ds/quicknotes/Adapters/NoteAdapter.java,com.ds.quicknotes.Adapters.NoteAdapter,setOnItemClickListener/1[com.ds.quicknotes.Adapters.NoteAdapter.OnItemClickListener],listener,3
/home/arch_design_predict/download-github-repos/mvvm/repos/QuickNotes-master/app/src/main/java/com/ds/quicknotes/Adapters/NoteAdapter.java,com.ds.quicknotes.Adapters.NoteAdapter,sort/1[java.lang.String],notes,3
/home/arch_design_predict/download-github-repos/mvvm/repos/QuickNotes-master/app/src/main/java/com/ds/quicknotes/Adapters/NoteAdapter.java,com.ds.quicknotes.Adapters.NoteAdapter,getItemCount/0,notes,1
/home/arch_design_predict/download-github-repos/mvvm/repos/QuickNotes-master/app/src/main/java/com/ds/quicknotes/Activities/MainActivity.java,com.ds.quicknotes.Activities.MainActivity,onCreate/1[com.ds.quicknotes.Activities.Bundle],noteViewModel,2
/home/arch_design_predict/download-github-repos/mvvm/repos/QuickNotes-master/app/src/main/java/com/ds/quicknotes/Activities/MainActivity.java,com.ds.quicknotes.Activities.MainActivity,"onActivityResult/3[int,int,com.ds.quicknotes.Activities.Intent]",EDIT_NOTE_REQUEST,1
/home/arch_design_predict/download-github-repos/mvvm/repos/QuickNotes-master/app/src/main/java/com/ds/quicknotes/Activities/MainActivity.java,com.ds.quicknotes.Activities.MainActivity,"onActivityResult/3[int,int,com.ds.quicknotes.Activities.Intent]",ADD_NOTE_REQUEST,1
/home/arch_design_predict/download-github-repos/mvvm/repos/QuickNotes-master/app/src/main/java/com/ds/quicknotes/Activities/MainActivity.java,com.ds.quicknotes.Activities.MainActivity,"onActivityResult/3[int,int,com.ds.quicknotes.Activities.Intent]",noteViewModel,2
/home/arch_design_predict/download-github-repos/mvvm/repos/QuickNotes-master/app/src/main/java/com/ds/quicknotes/Activities/AddNoteActivity.java,com.ds.quicknotes.Activities.AddNoteActivity,onCreate/1[com.ds.quicknotes.Activities.Bundle],noteId,1
/home/arch_design_predict/download-github-repos/mvvm/repos/QuickNotes-master/app/src/main/java/com/ds/quicknotes/Repositories/NoteRepository.java,com.ds.quicknotes.Repositories.NoteRepository$InsertNoteAsyncTask,doInBackground/1[com.ds.quicknotes.Entities.Note[]],noteDAO,1
/home/arch_design_predict/download-github-repos/mvvm/repos/QuickNotes-master/app/src/main/java/com/ds/quicknotes/Repositories/NoteRepository.java,com.ds.quicknotes.Repositories.NoteRepository$InsertNoteAsyncTask,InsertNoteAsyncTask/1[com.ds.quicknotes.Utils.NoteDAO],noteDAO,3
/home/arch_design_predict/download-github-repos/mvvm/repos/QuickNotes-master/app/src/main/java/com/ds/quicknotes/Repositories/NoteRepository.java,com.ds.quicknotes.Repositories.NoteRepository,getAllNotes/0,allNotes,1
/home/arch_design_predict/download-github-repos/mvvm/repos/QuickNotes-master/app/src/main/java/com/ds/quicknotes/Repositories/NoteRepository.java,com.ds.quicknotes.Repositories.NoteRepository,update/1[com.ds.quicknotes.Entities.Note],noteDAO,1
/home/arch_design_predict/download-github-repos/mvvm/repos/QuickNotes-master/app/src/main/java/com/ds/quicknotes/Repositories/NoteRepository.java,com.ds.quicknotes.Repositories.NoteRepository,deleteAllNotes/0,noteDAO,1
/home/arch_design_predict/download-github-repos/mvvm/repos/QuickNotes-master/app/src/main/java/com/ds/quicknotes/Repositories/NoteRepository.java,com.ds.quicknotes.Repositories.NoteRepository,NoteRepository/1[com.ds.quicknotes.Repositories.Application],noteDAO,3
/home/arch_design_predict/download-github-repos/mvvm/repos/QuickNotes-master/app/src/main/java/com/ds/quicknotes/Repositories/NoteRepository.java,com.ds.quicknotes.Repositories.NoteRepository,NoteRepository/1[com.ds.quicknotes.Repositories.Application],allNotes,1
/home/arch_design_predict/download-github-repos/mvvm/repos/QuickNotes-master/app/src/main/java/com/ds/quicknotes/Repositories/NoteRepository.java,com.ds.quicknotes.Repositories.NoteRepository,delete/1[com.ds.quicknotes.Entities.Note],noteDAO,1
/home/arch_design_predict/download-github-repos/mvvm/repos/QuickNotes-master/app/src/main/java/com/ds/quicknotes/Repositories/NoteRepository.java,com.ds.quicknotes.Repositories.NoteRepository,insert/1[com.ds.quicknotes.Entities.Note],noteDAO,1
/home/arch_design_predict/download-github-repos/mvvm/repos/QuickNotes-master/app/src/main/java/com/ds/quicknotes/Databases/NoteDatabase.java,com.ds.quicknotes.Databases.NoteDatabase$SeedDatabaseAsyncTask,SeedDatabaseAsyncTask/1[com.ds.quicknotes.Databases.NoteDatabase],noteDAO,2
/home/arch_design_predict/download-github-repos/mvvm/repos/QuickNotes-master/app/src/main/java/com/ds/quicknotes/Databases/NoteDatabase.java,com.ds.quicknotes.Databases.NoteDatabase$SeedDatabaseAsyncTask,doInBackground/1[java.lang.Void[]],noteDAO,4
/home/arch_design_predict/download-github-repos/mvvm/repos/QuickNotes-master/app/src/main/java/com/ds/quicknotes/Repositories/NoteRepository.java,com.ds.quicknotes.Repositories.NoteRepository$UpdateNoteAsyncTask,doInBackground/1[com.ds.quicknotes.Entities.Note[]],noteDAO,1
/home/arch_design_predict/download-github-repos/mvvm/repos/QuickNotes-master/app/src/main/java/com/ds/quicknotes/Repositories/NoteRepository.java,com.ds.quicknotes.Repositories.NoteRepository$UpdateNoteAsyncTask,UpdateNoteAsyncTask/1[com.ds.quicknotes.Utils.NoteDAO],noteDAO,3
