file,class,method,variable,usage
/home/arch_design_predict/download-github-repos/mvvm/repos/DemoMVVM-master/app/src/main/java/com/example/myapplication/adapter/MyAdapter.java,com.example.myapplication.adapter.MyAdapter,"MyAdapter/2[java.util.ArrayList<com.example.myapplication.viewmodel.MyListViewModel>,com.example.myapplication.adapter.Context]",context,3
/home/arch_design_predict/download-github-repos/mvvm/repos/DemoMVVM-master/app/src/main/java/com/example/myapplication/adapter/MyAdapter.java,com.example.myapplication.adapter.MyAdapter,"MyAdapter/2[java.util.ArrayList<com.example.myapplication.viewmodel.MyListViewModel>,com.example.myapplication.adapter.Context]",arrayList,3
/home/arch_design_predict/download-github-repos/mvvm/repos/DemoMVVM-master/app/src/main/java/com/example/myapplication/adapter/MyAdapter.java,com.example.myapplication.adapter.MyAdapter,"onBindViewHolder/2[com.example.myapplication.adapter.MyAdapter.ViewHolder,int]",arrayList,1
/home/arch_design_predict/download-github-repos/mvvm/repos/DemoMVVM-master/app/src/main/java/com/example/myapplication/adapter/MyAdapter.java,com.example.myapplication.adapter.MyAdapter,"onCreateViewHolder/2[com.example.myapplication.adapter.ViewGroup,int]",layoutInflater,3
/home/arch_design_predict/download-github-repos/mvvm/repos/DemoMVVM-master/app/src/main/java/com/example/myapplication/adapter/MyAdapter.java,com.example.myapplication.adapter.MyAdapter,getItemCount/0,arrayList,1
/home/arch_design_predict/download-github-repos/mvvm/repos/DemoMVVM-master/app/src/main/java/com/example/myapplication/viewmodel/MyListViewModel.java,com.example.myapplication.viewmodel.MyListViewModel,getImageurl/0,artistimage,1
/home/arch_design_predict/download-github-repos/mvvm/repos/DemoMVVM-master/app/src/main/java/com/example/myapplication/viewmodel/MyListViewModel.java,com.example.myapplication.viewmodel.MyListViewModel,getMutableLiveData/0,arrayList,1
/home/arch_design_predict/download-github-repos/mvvm/repos/DemoMVVM-master/app/src/main/java/com/example/myapplication/viewmodel/MyListViewModel.java,com.example.myapplication.viewmodel.MyListViewModel,getMutableLiveData/0,mutableLiveData,1
/home/arch_design_predict/download-github-repos/mvvm/repos/DemoMVVM-master/app/src/main/java/com/example/myapplication/viewmodel/MyListViewModel.java,com.example.myapplication.viewmodel.MyListViewModel,MyListViewModel/1[com.example.myapplication.model.MyList],artistname,1
/home/arch_design_predict/download-github-repos/mvvm/repos/DemoMVVM-master/app/src/main/java/com/example/myapplication/viewmodel/MyListViewModel.java,com.example.myapplication.viewmodel.MyListViewModel,MyListViewModel/1[com.example.myapplication.model.MyList],myList,1
/home/arch_design_predict/download-github-repos/mvvm/repos/DemoMVVM-master/app/src/main/java/com/example/myapplication/viewmodel/MyListViewModel.java,com.example.myapplication.viewmodel.MyListViewModel,MyListViewModel/1[com.example.myapplication.model.MyList],artistimage,1
/home/arch_design_predict/download-github-repos/mvvm/repos/DemoMVVM-master/app/src/main/java/com/example/myapplication/viewmodel/MyListViewModel.java,com.example.myapplication.viewmodel.MyListViewModel,MyListViewModel/1[com.example.myapplication.model.MyList],id,1
/home/arch_design_predict/download-github-repos/mvvm/repos/DemoMVVM-master/app/src/main/java/com/example/myapplication/viewmodel/MyListViewModel.java,com.example.myapplication.viewmodel.MyListViewModel,MyListViewModel/1[com.example.myapplication.model.MyList],moviename,1
/home/arch_design_predict/download-github-repos/mvvm/repos/DemoMVVM-master/app/src/main/java/com/example/myapplication/adapter/MyAdapter.java,com.example.myapplication.adapter.MyAdapter$ViewHolder,ViewHolder/1[com.example.myapplication.adapter.MyListBinding],myListBinding,4
/home/arch_design_predict/download-github-repos/mvvm/repos/DemoMVVM-master/app/src/main/java/com/example/myapplication/adapter/MyAdapter.java,com.example.myapplication.adapter.MyAdapter$ViewHolder,bind/1[com.example.myapplication.viewmodel.MyListViewModel],myListBinding,2
/home/arch_design_predict/download-github-repos/mvvm/repos/DemoMVVM-master/app/src/main/java/com/example/myapplication/adapter/MyAdapter.java,com.example.myapplication.adapter.MyAdapter$ViewHolder,getMyListBinding/0,myListBinding,1
/home/arch_design_predict/download-github-repos/mvvm/repos/DemoMVVM-master/app/src/main/java/com/home/ubbs/demoapp/view/MainActivity.java,com.home.ubbs.demoapp.view.MainActivity,onCreate/1[com.home.ubbs.demoapp.view.Bundle],mainActivityBinding,1
/home/arch_design_predict/download-github-repos/mvvm/repos/DemoMVVM-master/app/src/main/java/com/example/myapplication/model/MyList.java,com.example.myapplication.model.MyList,"MyList/4[java.lang.String,java.lang.String,java.lang.String,java.lang.String]",artistname,3
/home/arch_design_predict/download-github-repos/mvvm/repos/DemoMVVM-master/app/src/main/java/com/example/myapplication/model/MyList.java,com.example.myapplication.model.MyList,"MyList/4[java.lang.String,java.lang.String,java.lang.String,java.lang.String]",artistimage,3
/home/arch_design_predict/download-github-repos/mvvm/repos/DemoMVVM-master/app/src/main/java/com/example/myapplication/model/MyList.java,com.example.myapplication.model.MyList,"MyList/4[java.lang.String,java.lang.String,java.lang.String,java.lang.String]",id,3
/home/arch_design_predict/download-github-repos/mvvm/repos/DemoMVVM-master/app/src/main/java/com/example/myapplication/model/MyList.java,com.example.myapplication.model.MyList,"MyList/4[java.lang.String,java.lang.String,java.lang.String,java.lang.String]",moviename,3
/home/arch_design_predict/download-github-repos/mvvm/repos/DemoMVVM-master/app/src/main/java/com/example/myapplication/MainActivity.java,com.example.myapplication.MainActivity,onCreate/1[com.example.myapplication.Bundle],recyclerview,2
/home/arch_design_predict/download-github-repos/mvvm/repos/DemoMVVM-master/app/src/main/java/com/example/myapplication/MainActivity.java,com.example.myapplication.MainActivity,onCreate/1[com.example.myapplication.Bundle],myListViewModel,2
/home/arch_design_predict/download-github-repos/mvvm/repos/DemoMVVM-master/app/src/main/java/com/example/myapplication/api/MyClient.java,com.example.myapplication.api.MyClient,MyClient/0,retrofit,1
/home/arch_design_predict/download-github-repos/mvvm/repos/DemoMVVM-master/app/src/main/java/com/example/myapplication/api/MyClient.java,com.example.myapplication.api.MyClient,MyClient/0,BASE_URL,1
/home/arch_design_predict/download-github-repos/mvvm/repos/DemoMVVM-master/app/src/main/java/com/example/myapplication/api/MyClient.java,com.example.myapplication.api.MyClient,getInstance/0,myClient,3
/home/arch_design_predict/download-github-repos/mvvm/repos/DemoMVVM-master/app/src/main/java/com/example/myapplication/api/MyClient.java,com.example.myapplication.api.MyClient,getMyApi/0,retrofit,1
