file,class,method,variable,usage
/home/arch_design_predict/download-github-repos/mvvm/repos/DemoMVVM-master/app/src/main/java/com/example/myapplication/adapter/MyAdapter.java,com.example.myapplication.adapter.MyAdapter,"MyAdapter/2[java.util.ArrayList<com.example.myapplication.viewmodel.MyListViewModel>,com.example.myapplication.adapter.Context]",context,2
/home/arch_design_predict/download-github-repos/mvvm/repos/DemoMVVM-master/app/src/main/java/com/example/myapplication/adapter/MyAdapter.java,com.example.myapplication.adapter.MyAdapter,"MyAdapter/2[java.util.ArrayList<com.example.myapplication.viewmodel.MyListViewModel>,com.example.myapplication.adapter.Context]",arrayList,2
/home/arch_design_predict/download-github-repos/mvvm/repos/DemoMVVM-master/app/src/main/java/com/example/myapplication/adapter/MyAdapter.java,com.example.myapplication.adapter.MyAdapter,"onBindViewHolder/2[com.example.myapplication.adapter.MyAdapter.ViewHolder,int]",holder,1
/home/arch_design_predict/download-github-repos/mvvm/repos/DemoMVVM-master/app/src/main/java/com/example/myapplication/adapter/MyAdapter.java,com.example.myapplication.adapter.MyAdapter,"onBindViewHolder/2[com.example.myapplication.adapter.MyAdapter.ViewHolder,int]",position,1
/home/arch_design_predict/download-github-repos/mvvm/repos/DemoMVVM-master/app/src/main/java/com/example/myapplication/adapter/MyAdapter.java,com.example.myapplication.adapter.MyAdapter,"onBindViewHolder/2[com.example.myapplication.adapter.MyAdapter.ViewHolder,int]",myListViewModel,1
/home/arch_design_predict/download-github-repos/mvvm/repos/DemoMVVM-master/app/src/main/java/com/example/myapplication/adapter/MyAdapter.java,com.example.myapplication.adapter.MyAdapter,"onCreateViewHolder/2[com.example.myapplication.adapter.ViewGroup,int]",parent,2
/home/arch_design_predict/download-github-repos/mvvm/repos/DemoMVVM-master/app/src/main/java/com/example/myapplication/adapter/MyAdapter.java,com.example.myapplication.adapter.MyAdapter,"onCreateViewHolder/2[com.example.myapplication.adapter.ViewGroup,int]",viewType,0
/home/arch_design_predict/download-github-repos/mvvm/repos/DemoMVVM-master/app/src/main/java/com/example/myapplication/adapter/MyAdapter.java,com.example.myapplication.adapter.MyAdapter,"onCreateViewHolder/2[com.example.myapplication.adapter.ViewGroup,int]",myListBinding,1
/home/arch_design_predict/download-github-repos/mvvm/repos/DemoMVVM-master/app/src/main/java/com/home/ubbs/demoapp/view/MainActivity.java,com.home.ubbs.demoapp.view.MainActivity$Anonymous1,onClick/1[com.home.ubbs.demoapp.view.View],view,1
/home/arch_design_predict/download-github-repos/mvvm/repos/DemoMVVM-master/app/src/main/java/com/example/myapplication/viewmodel/MyListViewModel.java,com.example.myapplication.viewmodel.MyListViewModel,"loadimage/2[com.example.myapplication.viewmodel.ImageView,java.lang.String]",imageUrl,1
/home/arch_design_predict/download-github-repos/mvvm/repos/DemoMVVM-master/app/src/main/java/com/example/myapplication/viewmodel/MyListViewModel.java,com.example.myapplication.viewmodel.MyListViewModel,"loadimage/2[com.example.myapplication.viewmodel.ImageView,java.lang.String]",imageView,2
/home/arch_design_predict/download-github-repos/mvvm/repos/DemoMVVM-master/app/src/main/java/com/example/myapplication/viewmodel/MyListViewModel.java,com.example.myapplication.viewmodel.MyListViewModel,getMutableLiveData/0,call,1
/home/arch_design_predict/download-github-repos/mvvm/repos/DemoMVVM-master/app/src/main/java/com/example/myapplication/viewmodel/MyListViewModel.java,com.example.myapplication.viewmodel.MyListViewModel,getMutableLiveData/0,api,1
/home/arch_design_predict/download-github-repos/mvvm/repos/DemoMVVM-master/app/src/main/java/com/example/myapplication/viewmodel/MyListViewModel.java,com.example.myapplication.viewmodel.MyListViewModel,MyListViewModel/1[com.example.myapplication.model.MyList],myList,4
/home/arch_design_predict/download-github-repos/mvvm/repos/DemoMVVM-master/app/src/main/java/com/example/myapplication/viewmodel/MyListViewModel.java,com.example.myapplication.viewmodel.MyListViewModel$Anonymous1,"onFailure/2[com.example.myapplication.viewmodel.Call<java.util.ArrayList<com.example.myapplication.model.MyList>>,java.lang.Throwable]",call,0
/home/arch_design_predict/download-github-repos/mvvm/repos/DemoMVVM-master/app/src/main/java/com/example/myapplication/viewmodel/MyListViewModel.java,com.example.myapplication.viewmodel.MyListViewModel$Anonymous1,"onFailure/2[com.example.myapplication.viewmodel.Call<java.util.ArrayList<com.example.myapplication.model.MyList>>,java.lang.Throwable]",t,0
/home/arch_design_predict/download-github-repos/mvvm/repos/DemoMVVM-master/app/src/main/java/com/example/myapplication/viewmodel/MyListViewModel.java,com.example.myapplication.viewmodel.MyListViewModel$Anonymous1,"onResponse/2[com.example.myapplication.viewmodel.Call<java.util.ArrayList<com.example.myapplication.model.MyList>>,com.example.myapplication.viewmodel.Response<java.util.ArrayList<com.example.myapplication.model.MyList>>]",call,0
/home/arch_design_predict/download-github-repos/mvvm/repos/DemoMVVM-master/app/src/main/java/com/example/myapplication/viewmodel/MyListViewModel.java,com.example.myapplication.viewmodel.MyListViewModel$Anonymous1,"onResponse/2[com.example.myapplication.viewmodel.Call<java.util.ArrayList<com.example.myapplication.model.MyList>>,com.example.myapplication.viewmodel.Response<java.util.ArrayList<com.example.myapplication.model.MyList>>]",response,1
/home/arch_design_predict/download-github-repos/mvvm/repos/DemoMVVM-master/app/src/main/java/com/example/myapplication/viewmodel/MyListViewModel.java,com.example.myapplication.viewmodel.MyListViewModel$Anonymous1,"onResponse/2[com.example.myapplication.viewmodel.Call<java.util.ArrayList<com.example.myapplication.model.MyList>>,com.example.myapplication.viewmodel.Response<java.util.ArrayList<com.example.myapplication.model.MyList>>]",i,3
/home/arch_design_predict/download-github-repos/mvvm/repos/DemoMVVM-master/app/src/main/java/com/example/myapplication/viewmodel/MyListViewModel.java,com.example.myapplication.viewmodel.MyListViewModel$Anonymous1,"onResponse/2[com.example.myapplication.viewmodel.Call<java.util.ArrayList<com.example.myapplication.model.MyList>>,com.example.myapplication.viewmodel.Response<java.util.ArrayList<com.example.myapplication.model.MyList>>]",myListViewModel,1
/home/arch_design_predict/download-github-repos/mvvm/repos/DemoMVVM-master/app/src/main/java/com/example/myapplication/viewmodel/MyListViewModel.java,com.example.myapplication.viewmodel.MyListViewModel$Anonymous1,"onResponse/2[com.example.myapplication.viewmodel.Call<java.util.ArrayList<com.example.myapplication.model.MyList>>,com.example.myapplication.viewmodel.Response<java.util.ArrayList<com.example.myapplication.model.MyList>>]",myk,1
/home/arch_design_predict/download-github-repos/mvvm/repos/DemoMVVM-master/app/src/main/java/com/example/myapplication/LoginActivity.java,com.example.myapplication.LoginActivity,onCreate/1[com.example.myapplication.Bundle],savedInstanceState,1
/home/arch_design_predict/download-github-repos/mvvm/repos/DemoMVVM-master/app/src/main/java/com/example/myapplication/adapter/MyAdapter.java,com.example.myapplication.adapter.MyAdapter$ViewHolder,ViewHolder/1[com.example.myapplication.adapter.MyListBinding],myListBinding,3
/home/arch_design_predict/download-github-repos/mvvm/repos/DemoMVVM-master/app/src/main/java/com/example/myapplication/adapter/MyAdapter.java,com.example.myapplication.adapter.MyAdapter$ViewHolder,bind/1[com.example.myapplication.viewmodel.MyListViewModel],myli,1
/home/arch_design_predict/download-github-repos/mvvm/repos/DemoMVVM-master/app/src/main/java/com/home/ubbs/demoapp/view/MainActivity.java,com.home.ubbs.demoapp.view.MainActivity,onCreateOptionsMenu/1[com.home.ubbs.demoapp.view.Menu],menu,2
/home/arch_design_predict/download-github-repos/mvvm/repos/DemoMVVM-master/app/src/main/java/com/home/ubbs/demoapp/view/MainActivity.java,com.home.ubbs.demoapp.view.MainActivity,onCreate/1[com.home.ubbs.demoapp.view.Bundle],savedInstanceState,1
/home/arch_design_predict/download-github-repos/mvvm/repos/DemoMVVM-master/app/src/main/java/com/home/ubbs/demoapp/view/MainActivity.java,com.home.ubbs.demoapp.view.MainActivity,onOptionsItemSelected/1[com.home.ubbs.demoapp.view.MenuItem],item,2
/home/arch_design_predict/download-github-repos/mvvm/repos/DemoMVVM-master/app/src/main/java/com/home/ubbs/demoapp/view/MainActivity.java,com.home.ubbs.demoapp.view.MainActivity,onOptionsItemSelected/1[com.home.ubbs.demoapp.view.MenuItem],id,2
/home/arch_design_predict/download-github-repos/mvvm/repos/DemoMVVM-master/app/src/main/java/com/example/myapplication/model/MyList.java,com.example.myapplication.model.MyList,"MyList/4[java.lang.String,java.lang.String,java.lang.String,java.lang.String]",artistname,2
/home/arch_design_predict/download-github-repos/mvvm/repos/DemoMVVM-master/app/src/main/java/com/example/myapplication/model/MyList.java,com.example.myapplication.model.MyList,"MyList/4[java.lang.String,java.lang.String,java.lang.String,java.lang.String]",artistimage,2
/home/arch_design_predict/download-github-repos/mvvm/repos/DemoMVVM-master/app/src/main/java/com/example/myapplication/model/MyList.java,com.example.myapplication.model.MyList,"MyList/4[java.lang.String,java.lang.String,java.lang.String,java.lang.String]",id,2
/home/arch_design_predict/download-github-repos/mvvm/repos/DemoMVVM-master/app/src/main/java/com/example/myapplication/model/MyList.java,com.example.myapplication.model.MyList,"MyList/4[java.lang.String,java.lang.String,java.lang.String,java.lang.String]",moviename,2
/home/arch_design_predict/download-github-repos/mvvm/repos/DemoMVVM-master/app/src/main/java/com/example/myapplication/MainActivity.java,com.example.myapplication.MainActivity,onCreate/1[com.example.myapplication.Bundle],savedInstanceState,1
/home/arch_design_predict/download-github-repos/mvvm/repos/DemoMVVM-master/app/src/androidTest/java/com/home/ubbs/demoapp/ExampleInstrumentedTest.java,com.home.ubbs.demoapp.ExampleInstrumentedTest,useAppContext/0,appContext,1
/home/arch_design_predict/download-github-repos/mvvm/repos/DemoMVVM-master/app/src/androidTest/java/com/example/myapplication/ExampleInstrumentedTest.java,com.example.myapplication.ExampleInstrumentedTest,useAppContext/0,appContext,1
/home/arch_design_predict/download-github-repos/mvvm/repos/DemoMVVM-master/app/src/main/java/com/example/myapplication/MainActivity.java,com.example.myapplication.MainActivity$Anonymous1,onChanged/1[java.util.ArrayList<com.example.myapplication.viewmodel.MyListViewModel>],myListViewModels,1
