file,class,type,cbo,cboModified,fanin,fanout,wmc,dit,noc,rfc,lcom,lcom*,tcc,lcc,totalMethodsQty,staticMethodsQty,publicMethodsQty,privateMethodsQty,protectedMethodsQty,defaultMethodsQty,visibleMethodsQty,abstractMethodsQty,finalMethodsQty,synchronizedMethodsQty,totalFieldsQty,staticFieldsQty,publicFieldsQty,privateFieldsQty,protectedFieldsQty,defaultFieldsQty,finalFieldsQty,synchronizedFieldsQty,nosi,loc,returnQty,loopQty,comparisonsQty,tryCatchQty,parenthesizedExpsQty,stringLiteralsQty,numbersQty,assignmentsQty,mathOperationsQty,variablesQty,maxNestedBlocksQty,anonymousClassesQty,innerClassesQty,lambdasQty,uniqueWordsQty,modifiers,logStatementsQty
/home/arch_design_predict/download-github-repos/mvvm/repos/MVVMSampleApplication-master/app/src/main/java/mvvm/tt/com/mvvmsampleapplication/AppExecutor.java,mvvm.tt.com.mvvmsampleapplication.AppExecutor$MainThreadExecutor,innerclass,2,2,0,2,1,1,0,2,0,0.0,NaN,NaN,1,0,1,0,0,0,1,0,0,0,1,0,0,1,0,0,1,0,0,6,0,0,0,0,0,0,0,1,0,1,0,0,0,0,8,9,0
/home/arch_design_predict/download-github-repos/mvvm/repos/MVVMSampleApplication-master/app/src/main/java/mvvm/tt/com/mvvmsampleapplication/db/WordEntity.java,mvvm.tt.com.mvvmsampleapplication.db.WordEntity,class,4,12,8,4,2,1,0,0,0,0.0,1.0,1.0,2,0,2,0,0,0,2,0,0,0,1,0,0,1,0,0,0,0,0,9,1,0,0,0,0,2,0,1,0,1,0,0,0,0,7,1,0
/home/arch_design_predict/download-github-repos/mvvm/repos/MVVMSampleApplication-master/app/src/main/java/mvvm/tt/com/mvvmsampleapplication/db/WordRoomDb.java,mvvm.tt.com.mvvmsampleapplication.db.WordRoomDb$PopulateDbAsync,innerclass,4,4,0,4,2,2,0,3,0,0.0,1.0,1.0,2,0,0,0,1,1,2,0,0,0,1,0,0,1,0,0,1,0,0,14,1,0,0,0,0,2,0,3,0,3,0,0,0,0,18,10,0
/home/arch_design_predict/download-github-repos/mvvm/repos/MVVMSampleApplication-master/app/src/main/java/mvvm/tt/com/mvvmsampleapplication/repository/WordRepository.java,mvvm.tt.com.mvvmsampleapplication.repository.WordRepository,class,7,8,1,7,3,2,0,4,0,0.33333334,0.6666667,1.0,3,0,3,0,0,0,3,0,0,0,2,0,0,2,0,0,0,0,1,25,1,0,0,0,0,0,0,3,0,3,0,0,1,0,18,1,0
/home/arch_design_predict/download-github-repos/mvvm/repos/MVVMSampleApplication-master/app/src/main/java/mvvm/tt/com/mvvmsampleapplication/db/WordDao.java,mvvm.tt.com.mvvmsampleapplication.db.WordDao,interface,5,9,4,5,3,1,0,0,3,0.0,0.0,0.0,3,0,0,0,0,3,3,0,0,0,0,0,0,0,0,0,0,0,0,5,0,0,0,0,0,2,0,0,0,0,0,0,0,0,17,1,0
/home/arch_design_predict/download-github-repos/mvvm/repos/MVVMSampleApplication-master/app/src/main/java/mvvm/tt/com/mvvmsampleapplication/AppExecutor.java,mvvm.tt.com.mvvmsampleapplication.AppExecutor,class,1,1,0,1,5,1,0,2,4,0.65,0.0,0.0,5,0,4,1,0,0,4,0,0,0,4,1,0,4,0,0,4,0,2,29,3,0,0,0,0,0,1,4,0,4,0,0,1,0,19,1,0
/home/arch_design_predict/download-github-repos/mvvm/repos/MVVMSampleApplication-master/app/src/test/java/mvvm/tt/com/mvvmsampleapplication/ExampleUnitTest.java,mvvm.tt.com.mvvmsampleapplication.ExampleUnitTest,class,1,1,0,1,1,1,0,1,0,0.0,NaN,NaN,1,0,1,0,0,0,1,0,0,0,0,0,0,0,0,0,0,0,0,5,0,0,0,0,0,0,3,0,1,0,0,0,0,0,22,1,0
/home/arch_design_predict/download-github-repos/mvvm/repos/MVVMSampleApplication-master/app/src/main/java/mvvm/tt/com/mvvmsampleapplication/ui/WordListAdapter.java,mvvm.tt.com.mvvmsampleapplication.ui.WordListAdapter,class,9,10,1,9,7,2,0,7,2,0.5,0.4,0.4,5,0,3,0,0,2,5,0,0,0,2,0,0,2,0,0,1,0,0,35,3,0,2,0,0,1,1,4,0,4,1,0,1,0,31,1,0
/home/arch_design_predict/download-github-repos/mvvm/repos/MVVMSampleApplication-master/app/src/main/java/mvvm/tt/com/mvvmsampleapplication/db/WordRoomDb.java,mvvm.tt.com.mvvmsampleapplication.db.WordRoomDb$Anonymous3,anonymous,2,2,0,2,1,1,0,1,0,0.0,NaN,NaN,1,0,1,0,0,0,1,0,0,0,0,0,0,0,0,0,0,0,0,5,0,0,0,0,0,2,0,0,1,0,0,0,0,0,22,-1,0
/home/arch_design_predict/download-github-repos/mvvm/repos/MVVMSampleApplication-master/app/src/main/java/mvvm/tt/com/mvvmsampleapplication/repository/WordRepository.java,mvvm.tt.com.mvvmsampleapplication.repository.WordRepository$InsertAsyncTak,innerclass,3,3,0,3,2,2,0,1,0,0.0,1.0,1.0,2,0,1,0,1,0,2,0,0,0,1,0,0,1,0,0,0,0,0,10,1,0,0,0,0,0,1,1,0,1,0,0,0,0,12,9,0
/home/arch_design_predict/download-github-repos/mvvm/repos/MVVMSampleApplication-master/app/src/main/java/mvvm/tt/com/mvvmsampleapplication/ui/NewWordActivity.java,mvvm.tt.com.mvvmsampleapplication.ui.NewWordActivity$Anonymous1,anonymous,2,2,0,2,2,1,0,6,0,0.0,NaN,NaN,1,0,1,0,0,0,1,0,0,0,0,0,0,0,0,0,0,0,0,14,0,0,0,0,0,0,0,2,0,2,1,0,0,0,10,-1,0
/home/arch_design_predict/download-github-repos/mvvm/repos/MVVMSampleApplication-master/app/src/main/java/mvvm/tt/com/mvvmsampleapplication/ui/MainActivity.java,mvvm.tt.com.mvvmsampleapplication.ui.MainActivity,class,9,9,0,9,4,2,0,17,0,0.0,1.0,1.0,2,0,0,0,2,0,2,0,0,0,2,1,1,1,0,0,1,0,0,29,0,0,2,0,0,0,1,6,0,7,1,0,0,1,60,1,0
/home/arch_design_predict/download-github-repos/mvvm/repos/MVVMSampleApplication-master/app/src/androidTest/java/mvvm/tt/com/mvvmsampleapplication/ExampleInstrumentedTest.java,mvvm.tt.com.mvvmsampleapplication.ExampleInstrumentedTest,class,4,4,0,4,1,1,0,3,0,0.0,NaN,NaN,1,0,1,0,0,0,1,0,0,0,0,0,0,0,0,0,0,0,0,6,0,0,0,0,0,1,0,1,0,1,0,0,0,0,19,1,0
/home/arch_design_predict/download-github-repos/mvvm/repos/MVVMSampleApplication-master/app/src/main/java/mvvm/tt/com/mvvmsampleapplication/db/WordRoomDb.java,mvvm.tt.com.mvvmsampleapplication.db.WordRoomDb$Anonymous1,anonymous,3,3,0,3,1,1,0,2,0,0.0,NaN,NaN,1,0,1,0,0,0,1,0,0,0,0,0,0,0,0,0,0,0,0,6,0,0,0,0,0,0,0,0,0,0,0,0,0,0,17,-1,0
/home/arch_design_predict/download-github-repos/mvvm/repos/MVVMSampleApplication-master/app/src/main/java/mvvm/tt/com/mvvmsampleapplication/db/WordRoomDb.java,mvvm.tt.com.mvvmsampleapplication.db.WordRoomDb$Anonymous2,anonymous,2,2,0,2,1,1,0,0,0,0.0,NaN,NaN,1,0,1,0,0,0,1,0,0,0,0,0,0,0,0,0,0,0,0,4,0,0,0,0,0,0,0,0,0,0,0,0,0,0,7,-1,0
/home/arch_design_predict/download-github-repos/mvvm/repos/MVVMSampleApplication-master/app/src/main/java/mvvm/tt/com/mvvmsampleapplication/ui/WordListAdapter.java,mvvm.tt.com.mvvmsampleapplication.ui.WordListAdapter$WordViewHolder,innerclass,3,3,0,3,1,2,0,1,0,0.0,NaN,NaN,1,0,1,0,0,0,1,0,0,0,1,0,0,1,0,0,1,0,0,7,0,0,0,0,0,0,0,1,0,1,0,0,0,0,7,1,0
/home/arch_design_predict/download-github-repos/mvvm/repos/MVVMSampleApplication-master/app/src/main/java/mvvm/tt/com/mvvmsampleapplication/db/WordRoomDb.java,mvvm.tt.com.mvvmsampleapplication.db.WordRoomDb,class,9,12,3,9,4,3,0,4,0,0.375,0.0,0.0,2,1,2,0,0,0,2,1,0,0,4,4,0,4,0,0,2,0,0,46,1,0,2,0,0,1,5,4,0,4,3,3,1,0,29,1025,0
/home/arch_design_predict/download-github-repos/mvvm/repos/MVVMSampleApplication-master/app/src/main/java/mvvm/tt/com/mvvmsampleapplication/ui/NewWordActivity.java,mvvm.tt.com.mvvmsampleapplication.ui.NewWordActivity,class,5,5,0,5,1,2,0,4,0,0.5,NaN,NaN,1,0,1,0,0,0,1,0,0,0,2,1,1,1,0,0,1,0,0,25,0,0,0,0,0,1,0,3,0,3,0,1,0,0,31,1,0
/home/arch_design_predict/download-github-repos/mvvm/repos/MVVMSampleApplication-master/app/src/main/java/mvvm/tt/com/mvvmsampleapplication/viewmodel/WordViewModel.java,mvvm.tt.com.mvvmsampleapplication.viewmodel.WordViewModel,class,5,6,1,5,3,2,0,2,0,0.33333334,0.6666667,1.0,3,0,3,0,0,0,3,0,0,0,2,0,0,2,0,0,0,0,0,15,1,0,0,0,0,0,0,2,0,2,0,0,0,0,15,1,0
