file,class,type,cbo,cboModified,fanin,fanout,wmc,dit,noc,rfc,lcom,lcom*,tcc,lcc,totalMethodsQty,staticMethodsQty,publicMethodsQty,privateMethodsQty,protectedMethodsQty,defaultMethodsQty,visibleMethodsQty,abstractMethodsQty,finalMethodsQty,synchronizedMethodsQty,totalFieldsQty,staticFieldsQty,publicFieldsQty,privateFieldsQty,protectedFieldsQty,defaultFieldsQty,finalFieldsQty,synchronizedFieldsQty,nosi,loc,returnQty,loopQty,comparisonsQty,tryCatchQty,parenthesizedExpsQty,stringLiteralsQty,numbersQty,assignmentsQty,mathOperationsQty,variablesQty,maxNestedBlocksQty,anonymousClassesQty,innerClassesQty,lambdasQty,uniqueWordsQty,modifiers,logStatementsQty
/home/arch_design_predict/download-github-repos/mvvm/repos/MVVM-DataBinding-With-LiveData-Login-master/app/src/main/java/com/example/umangburman/databindingwithlivedata/View/MainActivity.java,com.example.umangburman.databindingwithlivedata.View.MainActivity$Anonymous1,anonymous,2,2,0,2,5,1,0,9,0,0.0,NaN,NaN,1,0,1,0,0,0,1,0,0,0,0,0,0,0,0,0,0,0,2,24,0,0,0,0,0,4,0,0,0,0,1,0,0,0,14,-1,0
/home/arch_design_predict/download-github-repos/mvvm/repos/MVVM-DataBinding-With-LiveData-Login-master/app/src/androidTest/java/com/example/umangburman/databindingwithlivedata/ExampleInstrumentedTest.java,com.example.umangburman.databindingwithlivedata.ExampleInstrumentedTest,class,4,4,0,4,1,1,0,3,0,0.0,NaN,NaN,1,0,1,0,0,0,1,0,0,0,0,0,0,0,0,0,0,0,0,6,0,0,0,0,0,1,0,1,0,1,0,0,0,0,19,1,0
/home/arch_design_predict/download-github-repos/mvvm/repos/MVVM-DataBinding-With-LiveData-Login-master/app/src/main/java/com/example/umangburman/databindingwithlivedata/Model/LoginUser.java,com.example.umangburman.databindingwithlivedata.Model.LoginUser,class,1,4,3,1,6,1,0,5,6,0.6,0.2,0.3,5,0,5,0,0,0,5,0,0,0,2,0,0,2,0,0,0,0,0,20,4,0,0,0,0,0,1,2,0,2,0,0,0,0,13,1,0
/home/arch_design_predict/download-github-repos/mvvm/repos/MVVM-DataBinding-With-LiveData-Login-master/app/src/main/java/com/example/umangburman/databindingwithlivedata/View/MainActivity.java,com.example.umangburman.databindingwithlivedata.View.MainActivity,class,5,5,0,5,1,2,0,8,0,0.0,NaN,NaN,1,0,0,0,1,0,1,0,0,0,2,0,0,2,0,0,0,0,0,36,0,0,0,0,0,0,0,2,0,2,0,1,0,0,16,1,0
/home/arch_design_predict/download-github-repos/mvvm/repos/MVVM-DataBinding-With-LiveData-Login-master/app/src/test/java/com/example/umangburman/databindingwithlivedata/ExampleUnitTest.java,com.example.umangburman.databindingwithlivedata.ExampleUnitTest,class,1,1,0,1,1,1,0,1,0,0.0,NaN,NaN,1,0,1,0,0,0,1,0,0,0,0,0,0,0,0,0,0,0,0,5,0,0,0,0,0,0,3,0,1,0,0,0,0,0,22,1,0
/home/arch_design_predict/download-github-repos/mvvm/repos/MVVM-DataBinding-With-LiveData-Login-master/app/src/main/java/com/example/umangburman/databindingwithlivedata/ViewModel/LoginViewModel.java,com.example.umangburman.databindingwithlivedata.ViewModel.LoginViewModel,class,4,5,1,4,3,2,0,2,0,0.33333334,1.0,1.0,2,0,2,0,0,0,2,0,0,0,3,0,2,1,0,0,0,0,0,15,1,0,1,0,0,0,0,4,0,4,1,0,0,0,17,1,0
