file,class,method,variable,usage
/home/arch_design_predict/download-github-repos/mvvm/repos/MVVM-DataBinding-With-LiveData-Login-master/app/src/main/java/com/example/umangburman/databindingwithlivedata/View/MainActivity.java,com.example.umangburman.databindingwithlivedata.View.MainActivity$Anonymous1,onChanged/1[com.example.umangburman.databindingwithlivedata.Model.LoginUser],loginUser,6
/home/arch_design_predict/download-github-repos/mvvm/repos/MVVM-DataBinding-With-LiveData-Login-master/app/src/androidTest/java/com/example/umangburman/databindingwithlivedata/ExampleInstrumentedTest.java,com.example.umangburman.databindingwithlivedata.ExampleInstrumentedTest,useAppContext/0,appContext,1
/home/arch_design_predict/download-github-repos/mvvm/repos/MVVM-DataBinding-With-LiveData-Login-master/app/src/main/java/com/example/umangburman/databindingwithlivedata/Model/LoginUser.java,com.example.umangburman.databindingwithlivedata.Model.LoginUser,"LoginUser/2[java.lang.String,java.lang.String]",EmailAddress,1
/home/arch_design_predict/download-github-repos/mvvm/repos/MVVM-DataBinding-With-LiveData-Login-master/app/src/main/java/com/example/umangburman/databindingwithlivedata/Model/LoginUser.java,com.example.umangburman.databindingwithlivedata.Model.LoginUser,"LoginUser/2[java.lang.String,java.lang.String]",Password,1
/home/arch_design_predict/download-github-repos/mvvm/repos/MVVM-DataBinding-With-LiveData-Login-master/app/src/main/java/com/example/umangburman/databindingwithlivedata/View/MainActivity.java,com.example.umangburman.databindingwithlivedata.View.MainActivity,onCreate/1[com.example.umangburman.databindingwithlivedata.View.Bundle],savedInstanceState,1
/home/arch_design_predict/download-github-repos/mvvm/repos/MVVM-DataBinding-With-LiveData-Login-master/app/src/main/java/com/example/umangburman/databindingwithlivedata/ViewModel/LoginViewModel.java,com.example.umangburman.databindingwithlivedata.ViewModel.LoginViewModel,onClick/1[com.example.umangburman.databindingwithlivedata.ViewModel.View],view,0
/home/arch_design_predict/download-github-repos/mvvm/repos/MVVM-DataBinding-With-LiveData-Login-master/app/src/main/java/com/example/umangburman/databindingwithlivedata/ViewModel/LoginViewModel.java,com.example.umangburman.databindingwithlivedata.ViewModel.LoginViewModel,onClick/1[com.example.umangburman.databindingwithlivedata.ViewModel.View],loginUser,1
