file,class,method,constructor,line,cbo,cboModified,fanin,fanout,wmc,rfc,loc,returnsQty,variablesQty,parametersQty,methodsInvokedQty,methodsInvokedLocalQty,methodsInvokedIndirectLocalQty,loopQty,comparisonsQty,tryCatchQty,parenthesizedExpsQty,stringLiteralsQty,numbersQty,assignmentsQty,mathOperationsQty,maxNestedBlocksQty,anonymousClassesQty,innerClassesQty,lambdasQty,uniqueWordsQty,modifiers,logStatementsQty,hasJavaDoc
/home/arch_design_predict/download-github-repos/mvvm/repos/AndroidFrameworkPattern-master/app/src/main/java/com/hongri/model/mvp/model/base/MVPBaseModel.java,com.hongri.model.mvp.model.base.MVPBaseModel,setParams/1[java.lang.String[]],false,21,1,1,1,0,1,0,4,1,0,1,0,0,0,0,0,0,0,0,0,1,0,0,0,0,0,9,1,0,true
/home/arch_design_predict/download-github-repos/mvvm/repos/AndroidFrameworkPattern-master/app/src/main/java/com/hongri/model/mvp/model/base/MVPBaseModel.java,com.hongri.model.mvp.model.base.MVPBaseModel,"executePostRequest/3[java.lang.String,java.util.Map,com.hongri.model.mvp.presenter.MVPLoadDataCallback]",false,40,1,0,0,0,1,0,2,0,0,3,0,0,0,0,0,0,0,0,0,0,0,0,0,0,0,6,4,0,true
/home/arch_design_predict/download-github-repos/mvvm/repos/AndroidFrameworkPattern-master/app/src/main/java/com/hongri/model/mvp/model/base/MVPBaseModel.java,com.hongri.model.mvp.model.base.MVPBaseModel,"executeGetRequest/2[java.lang.String,com.hongri.model.mvp.presenter.MVPLoadDataCallback]",false,26,1,1,1,0,1,0,1,0,0,2,0,0,0,0,0,0,0,0,0,0,0,0,0,0,0,5,1025,0,true
/home/arch_design_predict/download-github-repos/mvvm/repos/AndroidFrameworkPattern-master/app/src/main/java/com/hongri/model/mvc/model/MVCHttpRequestInterface.java,com.hongri.model.mvc.model.MVCHttpRequestInterface,"onHttpRequest/2[java.lang.String,com.hongri.model.mvc.model.MVCRequestCallback]",false,9,1,0,0,0,1,0,1,0,0,2,0,0,0,0,0,0,0,0,0,0,0,0,0,0,0,5,0,0,true
/home/arch_design_predict/download-github-repos/mvvm/repos/AndroidFrameworkPattern-master/app/src/main/java/com/hongri/model/mvp/view/MVPActivity.java,com.hongri.model.mvp.view.MVPActivity,showFailureData/1[java.lang.String],false,62,0,0,0,0,1,1,3,0,0,1,1,0,0,0,0,0,0,0,0,0,0,0,0,0,0,4,1,0,false
/home/arch_design_predict/download-github-repos/mvvm/repos/AndroidFrameworkPattern-master/app/src/main/java/com/hongri/model/mvp/view/MVPActivity.java,com.hongri.model.mvp.view.MVPActivity,onClick/1[com.hongri.model.mvp.view.View],false,43,2,1,0,1,2,3,10,0,0,1,3,0,0,0,0,0,0,1,0,0,0,1,0,0,0,6,1,0,false
/home/arch_design_predict/download-github-repos/mvvm/repos/AndroidFrameworkPattern-master/app/src/main/java/com/hongri/model/mvp/view/MVPActivity.java,com.hongri.model.mvp.view.MVPActivity,onDestroy/0,false,67,1,1,0,1,2,2,6,0,0,0,2,0,0,0,1,0,0,0,0,0,0,1,0,0,0,5,4,0,false
/home/arch_design_predict/download-github-repos/mvvm/repos/AndroidFrameworkPattern-master/app/src/main/java/com/hongri/model/mvp/view/MVPActivity.java,com.hongri.model.mvp.view.MVPActivity,showSuccessData/1[java.lang.String],false,55,2,4,0,4,1,5,4,0,1,1,5,0,0,0,0,0,0,5,0,1,1,0,0,0,0,8,1,0,false
/home/arch_design_predict/download-github-repos/mvvm/repos/AndroidFrameworkPattern-master/app/src/main/java/com/hongri/model/mvp/view/MVPActivity.java,com.hongri.model.mvp.view.MVPActivity,onCreate/1[com.hongri.model.mvp.view.Bundle],false,29,3,2,0,2,1,5,9,0,0,1,5,0,0,0,0,0,0,0,0,3,0,0,0,0,0,21,4,0,false
/home/arch_design_predict/download-github-repos/mvvm/repos/AndroidFrameworkPattern-master/app/src/main/java/com/hongri/model/mvp/bean/MVPDataInfo.java,com.hongri.model.mvp.bean.MVPDataInfo,setmGender/1[java.lang.String],false,26,0,1,1,0,1,0,3,0,0,1,0,0,0,0,0,0,0,0,0,1,0,0,0,0,0,3,1,0,false
/home/arch_design_predict/download-github-repos/mvvm/repos/AndroidFrameworkPattern-master/app/src/main/java/com/hongri/model/mvp/bean/MVPDataInfo.java,com.hongri.model.mvp.bean.MVPDataInfo,getmGender/0,false,22,0,1,1,0,1,0,3,1,0,0,0,0,0,0,0,0,0,0,0,0,0,0,0,0,0,3,1,0,false
/home/arch_design_predict/download-github-repos/mvvm/repos/AndroidFrameworkPattern-master/app/src/main/java/com/hongri/model/mvp/bean/MVPDataInfo.java,com.hongri.model.mvp.bean.MVPDataInfo,getmName/0,false,14,0,1,1,0,1,0,3,1,0,0,0,0,0,0,0,0,0,0,0,0,0,0,0,0,0,3,1,0,false
/home/arch_design_predict/download-github-repos/mvvm/repos/AndroidFrameworkPattern-master/app/src/main/java/com/hongri/model/mvp/bean/MVPDataInfo.java,com.hongri.model.mvp.bean.MVPDataInfo,getmAge/0,false,30,0,1,1,0,1,0,3,1,0,0,0,0,0,0,0,0,0,0,0,0,0,0,0,0,0,3,1,0,false
/home/arch_design_predict/download-github-repos/mvvm/repos/AndroidFrameworkPattern-master/app/src/main/java/com/hongri/model/mvp/bean/MVPDataInfo.java,com.hongri.model.mvp.bean.MVPDataInfo,setmName/1[java.lang.String],false,18,0,1,1,0,1,0,3,0,0,1,0,0,0,0,0,0,0,0,0,1,0,0,0,0,0,3,1,0,false
/home/arch_design_predict/download-github-repos/mvvm/repos/AndroidFrameworkPattern-master/app/src/main/java/com/hongri/model/mvp/bean/MVPDataInfo.java,com.hongri.model.mvp.bean.MVPDataInfo,toString/0,false,38,0,0,0,0,1,0,3,1,0,0,0,0,0,0,0,0,0,4,0,0,2,0,0,0,0,6,1,0,false
/home/arch_design_predict/download-github-repos/mvvm/repos/AndroidFrameworkPattern-master/app/src/main/java/com/hongri/model/mvp/bean/MVPDataInfo.java,com.hongri.model.mvp.bean.MVPDataInfo,setmAge/1[int],false,34,0,1,1,0,1,0,3,0,0,1,0,0,0,0,0,0,0,0,0,1,0,0,0,0,0,3,1,0,false
/home/arch_design_predict/download-github-repos/mvvm/repos/AndroidFrameworkPattern-master/app/src/main/java/com/hongri/model/mvvm/model/MVVMDataModel.java,com.hongri.model.mvvm.model.MVVMDataModel,requestData/1[com.hongri.model.mvvm.viewmodel.MVVMLoadDataCallback],false,18,1,2,1,1,1,1,4,0,0,1,1,0,0,0,0,0,0,1,0,1,0,0,0,0,0,7,1,0,false
/home/arch_design_predict/download-github-repos/mvvm/repos/AndroidFrameworkPattern-master/app/src/main/java/com/hongri/model/mvvm/model/MVVMDataModel.java,com.hongri.model.mvvm.model.MVVMDataModel,MVVMDataModel/0,true,14,0,1,1,0,1,0,3,0,0,0,0,0,0,0,0,0,0,1,0,1,0,0,0,0,0,4,1,0,false
/home/arch_design_predict/download-github-repos/mvvm/repos/AndroidFrameworkPattern-master/app/src/main/java/com/hongri/model/mvp/model/MVPDataModel.java,com.hongri.model.mvp.model.MVPDataModel,"executeGetRequest/2[java.lang.String,com.hongri.model.mvp.presenter.MVPLoadDataCallback]",false,20,2,1,0,1,1,1,15,0,0,2,1,0,0,0,0,0,0,0,1,0,0,0,1,0,0,14,1,0,false
/home/arch_design_predict/download-github-repos/mvvm/repos/AndroidFrameworkPattern-master/app/src/main/java/com/hongri/model/util/LoadingDialog.java,com.hongri.model.util.LoadingDialog,showLoading/0,false,34,0,1,1,0,1,2,4,0,0,0,2,0,0,0,0,0,0,0,0,0,0,0,0,0,0,4,1,0,false
/home/arch_design_predict/download-github-repos/mvvm/repos/AndroidFrameworkPattern-master/app/src/main/java/com/hongri/model/util/LoadingDialog.java,com.hongri.model.util.LoadingDialog,"LoadingDialog/2[com.hongri.model.util.Context,int]",true,21,3,2,1,1,1,2,6,0,0,2,2,1,1,0,0,0,0,0,0,1,0,0,0,0,0,12,1,0,false
/home/arch_design_predict/download-github-repos/mvvm/repos/AndroidFrameworkPattern-master/app/src/main/java/com/hongri/model/util/LoadingDialog.java,com.hongri.model.util.LoadingDialog,initView/0,false,29,0,1,1,0,1,2,4,0,0,0,2,0,0,0,0,0,0,0,0,2,0,0,0,0,0,9,2,0,false
/home/arch_design_predict/download-github-repos/mvvm/repos/AndroidFrameworkPattern-master/app/src/main/java/com/hongri/model/util/LoadingDialog.java,com.hongri.model.util.LoadingDialog,dismissLoading/0,false,39,0,1,1,0,1,1,3,0,0,0,1,0,0,0,0,0,0,0,0,0,0,0,0,0,0,2,1,0,false
/home/arch_design_predict/download-github-repos/mvvm/repos/AndroidFrameworkPattern-master/app/src/main/java/com/hongri/model/mvp/model/MVPDataModel.java,com.hongri.model.mvp.model.MVPDataModel$Anonymous1,run/0,false,26,1,2,0,2,2,3,10,0,0,0,3,0,0,0,0,0,0,6,0,2,1,1,0,0,0,2,1,0,false
/home/arch_design_predict/download-github-repos/mvvm/repos/AndroidFrameworkPattern-master/app/src/main/java/com/hongri/model/mvp/presenter/base/MVPBasePresenter.java,com.hongri.model.mvp.presenter.base.MVPBasePresenter,attachView/1[V],false,17,1,0,0,0,1,0,3,0,0,1,0,0,0,0,0,0,0,0,0,1,0,0,0,0,0,5,1,0,true
/home/arch_design_predict/download-github-repos/mvvm/repos/AndroidFrameworkPattern-master/app/src/main/java/com/hongri/model/mvp/presenter/base/MVPBasePresenter.java,com.hongri.model.mvp.presenter.base.MVPBasePresenter,detachView/0,false,24,0,0,0,0,2,0,5,0,0,0,0,0,0,0,1,0,0,0,0,1,0,1,0,0,0,4,1,0,true
/home/arch_design_predict/download-github-repos/mvvm/repos/AndroidFrameworkPattern-master/app/src/main/java/com/hongri/model/mvp/presenter/base/MVPBasePresenter.java,com.hongri.model.mvp.presenter.base.MVPBasePresenter,getAttachView/0,false,41,1,0,0,0,1,0,3,1,0,0,0,0,0,0,0,0,0,0,0,0,0,0,0,0,0,5,1,0,true
/home/arch_design_predict/download-github-repos/mvvm/repos/AndroidFrameworkPattern-master/app/src/main/java/com/hongri/model/mvp/presenter/base/MVPBasePresenter.java,com.hongri.model.mvp.presenter.base.MVPBasePresenter,isViewAttached/0,false,34,0,0,0,0,2,0,3,1,0,0,0,0,0,0,1,0,0,0,0,0,0,0,0,0,0,5,1,0,true
/home/arch_design_predict/download-github-repos/mvvm/repos/AndroidFrameworkPattern-master/app/src/main/java/com/hongri/model/mvc/controller/MVCActivity.java,com.hongri.model.mvc.controller.MVCActivity,onClick/1[com.hongri.model.mvc.controller.View],false,44,3,2,0,2,2,2,19,0,0,1,2,0,0,0,0,0,0,0,0,0,0,1,1,0,0,17,1,0,false
/home/arch_design_predict/download-github-repos/mvvm/repos/AndroidFrameworkPattern-master/app/src/main/java/com/hongri/model/mvc/controller/MVCActivity.java,com.hongri.model.mvc.controller.MVCActivity,onCreate/1[com.hongri.model.mvc.controller.Bundle],false,28,2,1,0,1,1,4,8,0,0,1,4,0,0,0,0,0,0,0,0,3,0,0,0,0,0,21,4,0,false
/home/arch_design_predict/download-github-repos/mvvm/repos/AndroidFrameworkPattern-master/app/src/main/java/com/hongri/model/mvc/controller/MVCActivity.java,com.hongri.model.mvc.controller.MVCActivity$Anonymous1,onSuccess/1[java.lang.Object],false,54,1,0,0,0,2,1,5,0,0,1,1,0,0,0,1,0,0,0,0,0,0,1,0,0,0,7,1,0,false
/home/arch_design_predict/download-github-repos/mvvm/repos/AndroidFrameworkPattern-master/app/src/main/java/com/hongri/model/mvc/controller/MVCActivity.java,com.hongri.model.mvc.controller.MVCActivity$Anonymous1,onFailure/1[java.lang.Object],false,61,0,0,0,0,1,3,3,0,0,1,3,0,0,0,0,0,0,0,0,0,0,0,0,0,0,5,1,0,false
/home/arch_design_predict/download-github-repos/mvvm/repos/AndroidFrameworkPattern-master/app/src/main/java/com/hongri/model/MainActivity.java,com.hongri.model.MainActivity,onClick/1[com.hongri.model.View],false,37,5,0,0,0,4,2,18,0,3,1,2,0,0,0,0,0,0,0,0,3,0,1,0,0,0,12,1,0,false
/home/arch_design_predict/download-github-repos/mvvm/repos/AndroidFrameworkPattern-master/app/src/main/java/com/hongri/model/MainActivity.java,com.hongri.model.MainActivity,onCreate/1[com.hongri.model.Bundle],false,22,1,0,0,0,1,4,10,0,0,1,4,0,0,0,0,0,0,0,0,3,0,0,0,0,0,17,4,0,false
/home/arch_design_predict/download-github-repos/mvvm/repos/AndroidFrameworkPattern-master/app/src/main/java/com/hongri/model/mvc/model/MVCRequestCallback.java,com.hongri.model.mvc.model.MVCRequestCallback,onFailure/1[T],false,18,1,0,0,0,1,0,1,0,0,1,0,0,0,0,0,0,0,0,0,0,0,0,0,0,0,5,0,0,true
/home/arch_design_predict/download-github-repos/mvvm/repos/AndroidFrameworkPattern-master/app/src/main/java/com/hongri/model/mvc/model/MVCRequestCallback.java,com.hongri.model.mvc.model.MVCRequestCallback,onSuccess/1[T],false,11,1,0,0,0,1,0,1,0,0,1,0,0,0,0,0,0,0,0,0,0,0,0,0,0,0,5,0,0,true
/home/arch_design_predict/download-github-repos/mvvm/repos/AndroidFrameworkPattern-master/app/src/main/java/com/hongri/model/mvp/presenter/MVPLoadDataCallback.java,com.hongri.model.mvp.presenter.MVPLoadDataCallback,onSuccess/1[java.lang.String],false,10,0,1,1,0,1,0,1,0,0,1,0,0,0,0,0,0,0,0,0,0,0,0,0,0,0,4,0,0,true
/home/arch_design_predict/download-github-repos/mvvm/repos/AndroidFrameworkPattern-master/app/src/main/java/com/hongri/model/mvp/presenter/MVPLoadDataCallback.java,com.hongri.model.mvp.presenter.MVPLoadDataCallback,onFailure/1[java.lang.String],false,16,0,1,1,0,1,0,1,0,0,1,0,0,0,0,0,0,0,0,0,0,0,0,0,0,0,4,0,0,true
/home/arch_design_predict/download-github-repos/mvvm/repos/AndroidFrameworkPattern-master/app/src/main/java/com/hongri/model/mvvm/viewmodel/MVVMDataViewModel.java,com.hongri.model.mvvm.viewmodel.MVVMDataViewModel,MVVMDataViewModel/0,true,17,1,2,1,1,1,0,3,0,0,0,0,0,0,0,0,0,0,0,0,1,0,0,0,0,0,6,1,0,false
/home/arch_design_predict/download-github-repos/mvvm/repos/AndroidFrameworkPattern-master/app/src/main/java/com/hongri/model/mvvm/viewmodel/MVVMDataViewModel.java,com.hongri.model.mvvm.viewmodel.MVVMDataViewModel,loadUserData/0,false,30,1,2,1,1,1,1,3,0,0,0,1,0,0,0,0,0,0,0,0,0,0,0,0,0,0,3,1,0,false
/home/arch_design_predict/download-github-repos/mvvm/repos/AndroidFrameworkPattern-master/app/src/main/java/com/hongri/model/mvvm/viewmodel/MVVMDataViewModel.java,com.hongri.model.mvvm.viewmodel.MVVMDataViewModel,onFailure/0,false,40,0,0,0,0,1,0,2,0,0,0,0,0,0,0,0,0,0,0,0,0,0,0,0,0,0,2,1,0,false
/home/arch_design_predict/download-github-repos/mvvm/repos/AndroidFrameworkPattern-master/app/src/main/java/com/hongri/model/mvvm/viewmodel/MVVMDataViewModel.java,com.hongri.model.mvvm.viewmodel.MVVMDataViewModel,getData/0,false,26,1,0,0,0,1,0,3,1,0,0,0,0,0,0,0,0,0,0,0,0,0,0,0,0,0,2,1,0,true
/home/arch_design_predict/download-github-repos/mvvm/repos/AndroidFrameworkPattern-master/app/src/main/java/com/hongri/model/mvvm/viewmodel/MVVMDataViewModel.java,com.hongri.model.mvvm.viewmodel.MVVMDataViewModel,onSuccess/0,false,35,0,0,0,0,1,1,3,0,0,0,1,0,0,0,0,0,0,0,0,0,0,0,0,0,0,5,1,0,false
/home/arch_design_predict/download-github-repos/mvvm/repos/AndroidFrameworkPattern-master/app/src/main/java/com/hongri/model/mvc/model/MVCHttpRequestModel.java,com.hongri.model.mvc.model.MVCHttpRequestModel,"onHttpRequest/2[java.lang.String,com.hongri.model.mvc.model.MVCRequestCallback]",false,22,2,2,1,1,1,1,3,0,0,2,1,0,0,0,0,0,0,0,0,0,0,0,0,0,0,11,1,0,false
/home/arch_design_predict/download-github-repos/mvvm/repos/AndroidFrameworkPattern-master/app/src/main/java/com/hongri/model/mvvm/viewmodel/MVVMLoadDataCallback.java,com.hongri.model.mvvm.viewmodel.MVVMLoadDataCallback,onSuccess/0,false,9,0,1,1,0,1,0,1,0,0,0,0,0,0,0,0,0,0,0,0,0,0,0,0,0,0,2,0,0,false
/home/arch_design_predict/download-github-repos/mvvm/repos/AndroidFrameworkPattern-master/app/src/main/java/com/hongri/model/mvvm/viewmodel/MVVMLoadDataCallback.java,com.hongri.model.mvvm.viewmodel.MVVMLoadDataCallback,onFailure/0,false,11,0,0,0,0,1,0,1,0,0,0,0,0,0,0,0,0,0,0,0,0,0,0,0,0,0,2,0,0,false
/home/arch_design_predict/download-github-repos/mvvm/repos/AndroidFrameworkPattern-master/app/src/main/java/com/hongri/model/mvp/view/MVPViewInterface.java,com.hongri.model.mvp.view.MVPViewInterface,showSuccessData/1[java.lang.String],false,14,0,1,1,0,1,0,1,0,0,1,0,0,0,0,0,0,0,0,0,0,0,0,0,0,0,4,0,0,true
/home/arch_design_predict/download-github-repos/mvvm/repos/AndroidFrameworkPattern-master/app/src/main/java/com/hongri/model/mvp/view/MVPViewInterface.java,com.hongri.model.mvp.view.MVPViewInterface,showFailureData/1[java.lang.String],false,21,0,1,1,0,1,0,1,0,0,1,0,0,0,0,0,0,0,0,0,0,0,0,0,0,0,4,0,0,true
/home/arch_design_predict/download-github-repos/mvvm/repos/AndroidFrameworkPattern-master/app/src/main/java/com/hongri/model/mvp/view/base/MVPBaseActivity.java,com.hongri.model.mvp.view.base.MVPBaseActivity,onCreate/1[com.hongri.model.mvp.view.base.Bundle],false,20,2,1,0,1,1,2,5,0,0,1,2,0,0,0,0,0,0,0,0,1,0,0,0,0,0,12,4,0,false
/home/arch_design_predict/download-github-repos/mvvm/repos/AndroidFrameworkPattern-master/app/src/main/java/com/hongri/model/mvp/view/base/MVPBaseActivity.java,com.hongri.model.mvp.view.base.MVPBaseActivity,dismissLoading/0,false,34,1,1,0,1,2,1,5,0,0,0,1,0,0,0,1,0,0,0,0,0,0,1,0,0,0,5,1,0,false
/home/arch_design_predict/download-github-repos/mvvm/repos/AndroidFrameworkPattern-master/app/src/main/java/com/hongri/model/mvp/view/base/MVPBaseActivity.java,com.hongri.model.mvp.view.base.MVPBaseActivity,showLoading/0,false,27,1,1,0,1,2,1,5,0,0,0,1,0,0,0,1,0,0,0,0,0,0,1,0,0,0,5,1,0,false
/home/arch_design_predict/download-github-repos/mvvm/repos/AndroidFrameworkPattern-master/app/src/main/java/com/hongri/model/mvc/model/MVCHttpRequestModel.java,com.hongri.model.mvc.model.MVCHttpRequestModel$RequestTask,RequestTask/1[com.hongri.model.mvc.model.MVCRequestCallback],true,32,1,1,1,0,1,0,3,0,0,1,0,0,0,0,0,0,0,0,0,1,0,0,0,0,0,7,1,0,false
/home/arch_design_predict/download-github-repos/mvvm/repos/AndroidFrameworkPattern-master/app/src/main/java/com/hongri/model/mvc/model/MVCHttpRequestModel.java,com.hongri.model.mvc.model.MVCHttpRequestModel$RequestTask,onPostExecute/1[com.hongri.model.mvc.model.Bitmap],false,60,2,2,0,2,2,3,9,0,0,1,3,0,0,0,1,0,0,1,0,0,0,1,0,0,0,6,4,0,false
/home/arch_design_predict/download-github-repos/mvvm/repos/AndroidFrameworkPattern-master/app/src/main/java/com/hongri/model/mvc/model/MVCHttpRequestModel.java,com.hongri.model.mvc.model.MVCHttpRequestModel$RequestTask,doInBackground/1[java.lang.String[]],false,37,1,0,0,0,3,7,22,1,5,1,7,0,0,0,1,1,0,1,4,7,1,2,0,0,0,23,4,0,false
/home/arch_design_predict/download-github-repos/mvvm/repos/AndroidFrameworkPattern-master/app/src/main/java/com/hongri/model/mvp/presenter/MVPPresenter.java,com.hongri.model.mvp.presenter.MVPPresenter,onSuccess/1[java.lang.String],false,33,3,4,0,4,2,4,6,0,0,1,4,0,0,0,0,0,0,0,0,0,0,1,0,0,0,9,1,0,true
/home/arch_design_predict/download-github-repos/mvvm/repos/AndroidFrameworkPattern-master/app/src/main/java/com/hongri/model/mvp/presenter/MVPPresenter.java,com.hongri.model.mvp.presenter.MVPPresenter,requestData/1[java.lang.String],false,22,5,6,1,5,1,6,4,0,0,1,6,0,0,0,0,0,0,1,0,0,0,0,0,0,0,6,1,0,true
/home/arch_design_predict/download-github-repos/mvvm/repos/AndroidFrameworkPattern-master/app/src/main/java/com/hongri/model/mvp/presenter/MVPPresenter.java,com.hongri.model.mvp.presenter.MVPPresenter,onFailure/1[java.lang.String],false,46,3,4,0,4,2,4,6,0,0,1,4,0,0,0,0,0,0,0,0,0,0,1,0,0,0,9,1,0,true
/home/arch_design_predict/download-github-repos/mvvm/repos/AndroidFrameworkPattern-master/app/src/main/java/com/hongri/model/mvp/view/base/MVPBaseViewInterface.java,com.hongri.model.mvp.view.base.MVPBaseViewInterface,dismissLoading/0,false,17,0,2,2,0,1,0,1,0,0,0,0,0,0,0,0,0,0,0,0,0,0,0,0,0,0,2,0,0,true
/home/arch_design_predict/download-github-repos/mvvm/repos/AndroidFrameworkPattern-master/app/src/main/java/com/hongri/model/mvp/view/base/MVPBaseViewInterface.java,com.hongri.model.mvp.view.base.MVPBaseViewInterface,showLoading/0,false,12,0,1,1,0,1,0,1,0,0,0,0,0,0,0,0,0,0,0,0,0,0,0,0,0,0,2,0,0,true
/home/arch_design_predict/download-github-repos/mvvm/repos/AndroidFrameworkPattern-master/app/src/main/java/com/hongri/model/mvp/util/ParseJsonUtil.java,com.hongri.model.mvp.util.ParseJsonUtil,parseJSONData/1[java.lang.String],false,16,2,5,1,4,2,6,13,1,2,1,6,0,0,0,0,1,0,3,0,2,0,1,0,0,0,15,9,0,false
/home/arch_design_predict/download-github-repos/mvvm/repos/AndroidFrameworkPattern-master/app/src/main/java/com/hongri/model/mvvm/view/MVVMActivity.java,com.hongri.model.mvvm.view.MVVMActivity,onClickLoadData/1[com.hongri.model.mvvm.view.View],false,38,2,1,0,1,1,1,3,0,0,1,1,0,0,0,0,0,0,0,0,0,0,0,0,0,0,6,1,0,false
/home/arch_design_predict/download-github-repos/mvvm/repos/AndroidFrameworkPattern-master/app/src/main/java/com/hongri/model/mvvm/view/MVVMActivity.java,com.hongri.model.mvvm.view.MVVMActivity,onCreate/1[com.hongri.model.mvvm.view.Bundle],false,23,3,1,0,1,1,4,8,0,1,1,4,0,0,0,0,0,0,0,0,3,0,0,0,0,0,17,4,0,false
/home/arch_design_predict/download-github-repos/mvvm/repos/AndroidFrameworkPattern-master/app/src/main/java/com/hongri/model/mvvm/view/MVVMActivity.java,com.hongri.model.mvvm.view.MVVMActivity,onClickShowToastName/1[com.hongri.model.mvvm.view.View],false,34,1,0,0,0,1,4,3,0,0,1,4,0,0,0,0,0,0,0,0,0,0,0,0,0,0,7,1,0,false
/home/arch_design_predict/download-github-repos/mvvm/repos/AndroidFrameworkPattern-master/app/src/main/java/com/hongri/model/mvp/model/MVPDataModelManager.java,com.hongri.model.mvp.model.MVPDataModelManager,newInstance/1[java.lang.String],false,16,1,1,1,0,2,3,9,1,0,1,3,0,0,0,0,1,0,0,0,1,0,1,0,0,0,12,9,0,false
