file,class,method,variable,usage
/home/arch_design_predict/download-github-repos/mvvm/repos/DaggerOnAndroid-master/app/src/main/java/raum/muchbeer/daggeronandroid/views/auth/AuthActivity.java,raum.muchbeer.daggeronandroid.views.auth.AuthActivity,setLogo/0,requestManager,1
/home/arch_design_predict/download-github-repos/mvvm/repos/DaggerOnAndroid-master/app/src/main/java/raum/muchbeer/daggeronandroid/views/auth/AuthActivity.java,raum.muchbeer.daggeronandroid.views.auth.AuthActivity,setLogo/0,logo,1
/home/arch_design_predict/download-github-repos/mvvm/repos/DaggerOnAndroid-master/app/src/main/java/raum/muchbeer/daggeronandroid/views/auth/AuthActivity.java,raum.muchbeer.daggeronandroid.views.auth.AuthActivity,retrieveUserData/0,txtViewUser,1
/home/arch_design_predict/download-github-repos/mvvm/repos/DaggerOnAndroid-master/app/src/main/java/raum/muchbeer/daggeronandroid/views/auth/AuthActivity.java,raum.muchbeer.daggeronandroid.views.auth.AuthActivity,retrieveUserData/0,viewModel,1
/home/arch_design_predict/download-github-repos/mvvm/repos/DaggerOnAndroid-master/app/src/main/java/raum/muchbeer/daggeronandroid/views/auth/AuthActivity.java,raum.muchbeer.daggeronandroid.views.auth.AuthActivity,loginRequest/0,viewModel,1
/home/arch_design_predict/download-github-repos/mvvm/repos/DaggerOnAndroid-master/app/src/main/java/raum/muchbeer/daggeronandroid/views/auth/AuthActivity.java,raum.muchbeer.daggeronandroid.views.auth.AuthActivity,loginRequest/0,userId,2
/home/arch_design_predict/download-github-repos/mvvm/repos/DaggerOnAndroid-master/app/src/main/java/raum/muchbeer/daggeronandroid/views/auth/AuthActivity.java,raum.muchbeer.daggeronandroid.views.auth.AuthActivity,onCreate/1[raum.muchbeer.daggeronandroid.views.auth.Bundle],txtViewUser,1
/home/arch_design_predict/download-github-repos/mvvm/repos/DaggerOnAndroid-master/app/src/main/java/raum/muchbeer/daggeronandroid/views/auth/AuthActivity.java,raum.muchbeer.daggeronandroid.views.auth.AuthActivity,onCreate/1[raum.muchbeer.daggeronandroid.views.auth.Bundle],providerFactory,1
/home/arch_design_predict/download-github-repos/mvvm/repos/DaggerOnAndroid-master/app/src/main/java/raum/muchbeer/daggeronandroid/views/auth/AuthActivity.java,raum.muchbeer.daggeronandroid.views.auth.AuthActivity,onCreate/1[raum.muchbeer.daggeronandroid.views.auth.Bundle],progressBar,1
/home/arch_design_predict/download-github-repos/mvvm/repos/DaggerOnAndroid-master/app/src/main/java/raum/muchbeer/daggeronandroid/views/auth/AuthActivity.java,raum.muchbeer.daggeronandroid.views.auth.AuthActivity,onCreate/1[raum.muchbeer.daggeronandroid.views.auth.Bundle],viewModel,1
/home/arch_design_predict/download-github-repos/mvvm/repos/DaggerOnAndroid-master/app/src/main/java/raum/muchbeer/daggeronandroid/views/auth/AuthActivity.java,raum.muchbeer.daggeronandroid.views.auth.AuthActivity,onCreate/1[raum.muchbeer.daggeronandroid.views.auth.Bundle],userId,1
/home/arch_design_predict/download-github-repos/mvvm/repos/DaggerOnAndroid-master/app/src/main/java/raum/muchbeer/daggeronandroid/views/auth/AuthActivity.java,raum.muchbeer.daggeronandroid.views.auth.AuthActivity,showProgrressBar/1[java.lang.Boolean],progressBar,2
/home/arch_design_predict/download-github-repos/mvvm/repos/DaggerOnAndroid-master/app/src/main/java/raum/muchbeer/daggeronandroid/views/main/profile/ProfileViewModel.java,raum.muchbeer.daggeronandroid.views.main.profile.ProfileViewModel,ProfileViewModel/1[raum.muchbeer.daggeronandroid.pref.SessionManager],LOG_TAG,1
/home/arch_design_predict/download-github-repos/mvvm/repos/DaggerOnAndroid-master/app/src/main/java/raum/muchbeer/daggeronandroid/views/main/profile/ProfileViewModel.java,raum.muchbeer.daggeronandroid.views.main.profile.ProfileViewModel,ProfileViewModel/1[raum.muchbeer.daggeronandroid.pref.SessionManager],sessionManager,3
/home/arch_design_predict/download-github-repos/mvvm/repos/DaggerOnAndroid-master/app/src/main/java/raum/muchbeer/daggeronandroid/views/main/profile/ProfileViewModel.java,raum.muchbeer.daggeronandroid.views.main.profile.ProfileViewModel,obserserUsers/0,sessionManager,1
/home/arch_design_predict/download-github-repos/mvvm/repos/DaggerOnAndroid-master/app/src/main/java/raum/muchbeer/daggeronandroid/views/main/users/UserViewModel.java,raum.muchbeer.daggeronandroid.views.main.users.UserViewModel,"UserViewModel/2[raum.muchbeer.daggeronandroid.pref.SessionManager,raum.muchbeer.daggeronandroid.network.user.MainApi]",LOG_TAG,1
/home/arch_design_predict/download-github-repos/mvvm/repos/DaggerOnAndroid-master/app/src/main/java/raum/muchbeer/daggeronandroid/views/main/users/UserViewModel.java,raum.muchbeer.daggeronandroid.views.main.users.UserViewModel,"UserViewModel/2[raum.muchbeer.daggeronandroid.pref.SessionManager,raum.muchbeer.daggeronandroid.network.user.MainApi]",mainApi,3
/home/arch_design_predict/download-github-repos/mvvm/repos/DaggerOnAndroid-master/app/src/main/java/raum/muchbeer/daggeronandroid/views/main/users/UserViewModel.java,raum.muchbeer.daggeronandroid.views.main.users.UserViewModel,"UserViewModel/2[raum.muchbeer.daggeronandroid.pref.SessionManager,raum.muchbeer.daggeronandroid.network.user.MainApi]",sessionManager,3
/home/arch_design_predict/download-github-repos/mvvm/repos/DaggerOnAndroid-master/app/src/main/java/raum/muchbeer/daggeronandroid/views/main/users/UserViewModel.java,raum.muchbeer.daggeronandroid.views.main.users.UserViewModel,observeUser/0,LOG_TAG,1
/home/arch_design_predict/download-github-repos/mvvm/repos/DaggerOnAndroid-master/app/src/main/java/raum/muchbeer/daggeronandroid/views/main/users/UserViewModel.java,raum.muchbeer.daggeronandroid.views.main.users.UserViewModel,observeUser/0,mainApi,1
/home/arch_design_predict/download-github-repos/mvvm/repos/DaggerOnAndroid-master/app/src/main/java/raum/muchbeer/daggeronandroid/views/main/users/UserViewModel.java,raum.muchbeer.daggeronandroid.views.main.users.UserViewModel,observeUser/0,userPost,7
/home/arch_design_predict/download-github-repos/mvvm/repos/DaggerOnAndroid-master/app/src/main/java/raum/muchbeer/daggeronandroid/views/main/users/UserViewModel.java,raum.muchbeer.daggeronandroid.views.main.users.UserViewModel,observeUser/0,sessionManager,1
/home/arch_design_predict/download-github-repos/mvvm/repos/DaggerOnAndroid-master/app/src/main/java/raum/muchbeer/daggeronandroid/adapter/VerticalSpaceItemDecoration.java,raum.muchbeer.daggeronandroid.adapter.VerticalSpaceItemDecoration,VerticalSpaceItemDecoration/1[int],verticalSpaceHeight,3
/home/arch_design_predict/download-github-repos/mvvm/repos/DaggerOnAndroid-master/app/src/main/java/raum/muchbeer/daggeronandroid/adapter/VerticalSpaceItemDecoration.java,raum.muchbeer.daggeronandroid.adapter.VerticalSpaceItemDecoration,"getItemOffsets/4[raum.muchbeer.daggeronandroid.adapter.Rect,raum.muchbeer.daggeronandroid.adapter.View,raum.muchbeer.daggeronandroid.adapter.RecyclerView,RecyclerView.State]",verticalSpaceHeight,1
/home/arch_design_predict/download-github-repos/mvvm/repos/DaggerOnAndroid-master/app/src/main/java/raum/muchbeer/daggeronandroid/views/main/BaseActivity.java,raum.muchbeer.daggeronandroid.views.main.BaseActivity,subscribeUser/0,LOG_TAG,2
/home/arch_design_predict/download-github-repos/mvvm/repos/DaggerOnAndroid-master/app/src/main/java/raum/muchbeer/daggeronandroid/views/main/BaseActivity.java,raum.muchbeer.daggeronandroid.views.main.BaseActivity,subscribeUser/0,sessionManager,1
/home/arch_design_predict/download-github-repos/mvvm/repos/DaggerOnAndroid-master/app/src/main/java/raum/muchbeer/daggeronandroid/views/auth/AuthViewModel.java,raum.muchbeer.daggeronandroid.views.auth.AuthViewModel,queryUserID/1[int],authApi,1
/home/arch_design_predict/download-github-repos/mvvm/repos/DaggerOnAndroid-master/app/src/main/java/raum/muchbeer/daggeronandroid/views/auth/AuthViewModel.java,raum.muchbeer.daggeronandroid.views.auth.AuthViewModel,"AuthViewModel/2[raum.muchbeer.daggeronandroid.network.auth.AuthApi,raum.muchbeer.daggeronandroid.pref.SessionManager]",LOG_TAG,1
/home/arch_design_predict/download-github-repos/mvvm/repos/DaggerOnAndroid-master/app/src/main/java/raum/muchbeer/daggeronandroid/views/auth/AuthViewModel.java,raum.muchbeer.daggeronandroid.views.auth.AuthViewModel,"AuthViewModel/2[raum.muchbeer.daggeronandroid.network.auth.AuthApi,raum.muchbeer.daggeronandroid.pref.SessionManager]",authApi,3
/home/arch_design_predict/download-github-repos/mvvm/repos/DaggerOnAndroid-master/app/src/main/java/raum/muchbeer/daggeronandroid/views/auth/AuthViewModel.java,raum.muchbeer.daggeronandroid.views.auth.AuthViewModel,"AuthViewModel/2[raum.muchbeer.daggeronandroid.network.auth.AuthApi,raum.muchbeer.daggeronandroid.pref.SessionManager]",sessionManager,3
/home/arch_design_predict/download-github-repos/mvvm/repos/DaggerOnAndroid-master/app/src/main/java/raum/muchbeer/daggeronandroid/views/auth/AuthViewModel.java,raum.muchbeer.daggeronandroid.views.auth.AuthViewModel,authenticateWithID/1[int],LOG_TAG,1
/home/arch_design_predict/download-github-repos/mvvm/repos/DaggerOnAndroid-master/app/src/main/java/raum/muchbeer/daggeronandroid/views/auth/AuthViewModel.java,raum.muchbeer.daggeronandroid.views.auth.AuthViewModel,authenticateWithID/1[int],sessionManager,1
/home/arch_design_predict/download-github-repos/mvvm/repos/DaggerOnAndroid-master/app/src/main/java/raum/muchbeer/daggeronandroid/views/auth/AuthViewModel.java,raum.muchbeer.daggeronandroid.views.auth.AuthViewModel,obserseUserState/0,sessionManager,1
/home/arch_design_predict/download-github-repos/mvvm/repos/DaggerOnAndroid-master/app/src/main/java/raum/muchbeer/daggeronandroid/viewmodel/ViewModelProviderFactory.java,raum.muchbeer.daggeronandroid.viewmodel.ViewModelProviderFactory,"ViewModelProviderFactory/1[java.util.Map<java.lang.Class<? extends raum.muchbeer.daggeronandroid.viewmodel.ViewModel>,raum.muchbeer.daggeronandroid.viewmodel.Provider<raum.muchbeer.daggeronandroid.viewmodel.ViewModel>>]",creators,3
/home/arch_design_predict/download-github-repos/mvvm/repos/DaggerOnAndroid-master/app/src/main/java/raum/muchbeer/daggeronandroid/viewmodel/ViewModelProviderFactory.java,raum.muchbeer.daggeronandroid.viewmodel.ViewModelProviderFactory,create/1[java.lang.Class<T>],creators,2
/home/arch_design_predict/download-github-repos/mvvm/repos/DaggerOnAndroid-master/app/src/main/java/raum/muchbeer/daggeronandroid/model/UserData.java,raum.muchbeer.daggeronandroid.model.UserData,setId/1[int],id,3
/home/arch_design_predict/download-github-repos/mvvm/repos/DaggerOnAndroid-master/app/src/main/java/raum/muchbeer/daggeronandroid/model/UserData.java,raum.muchbeer.daggeronandroid.model.UserData,setBody/1[java.lang.String],body,3
/home/arch_design_predict/download-github-repos/mvvm/repos/DaggerOnAndroid-master/app/src/main/java/raum/muchbeer/daggeronandroid/model/UserData.java,raum.muchbeer.daggeronandroid.model.UserData,setTitle/1[java.lang.String],title,3
/home/arch_design_predict/download-github-repos/mvvm/repos/DaggerOnAndroid-master/app/src/main/java/raum/muchbeer/daggeronandroid/model/UserData.java,raum.muchbeer.daggeronandroid.model.UserData,getTitle/0,title,1
/home/arch_design_predict/download-github-repos/mvvm/repos/DaggerOnAndroid-master/app/src/main/java/raum/muchbeer/daggeronandroid/model/UserData.java,raum.muchbeer.daggeronandroid.model.UserData,"UserData/4[int,int,java.lang.String,java.lang.String]",id,3
/home/arch_design_predict/download-github-repos/mvvm/repos/DaggerOnAndroid-master/app/src/main/java/raum/muchbeer/daggeronandroid/model/UserData.java,raum.muchbeer.daggeronandroid.model.UserData,"UserData/4[int,int,java.lang.String,java.lang.String]",title,3
/home/arch_design_predict/download-github-repos/mvvm/repos/DaggerOnAndroid-master/app/src/main/java/raum/muchbeer/daggeronandroid/model/UserData.java,raum.muchbeer.daggeronandroid.model.UserData,"UserData/4[int,int,java.lang.String,java.lang.String]",body,3
/home/arch_design_predict/download-github-repos/mvvm/repos/DaggerOnAndroid-master/app/src/main/java/raum/muchbeer/daggeronandroid/model/UserData.java,raum.muchbeer.daggeronandroid.model.UserData,"UserData/4[int,int,java.lang.String,java.lang.String]",userId,3
/home/arch_design_predict/download-github-repos/mvvm/repos/DaggerOnAndroid-master/app/src/main/java/raum/muchbeer/daggeronandroid/model/UserData.java,raum.muchbeer.daggeronandroid.model.UserData,getId/0,id,1
/home/arch_design_predict/download-github-repos/mvvm/repos/DaggerOnAndroid-master/app/src/main/java/raum/muchbeer/daggeronandroid/model/UserData.java,raum.muchbeer.daggeronandroid.model.UserData,getBody/0,body,1
/home/arch_design_predict/download-github-repos/mvvm/repos/DaggerOnAndroid-master/app/src/main/java/raum/muchbeer/daggeronandroid/model/UserData.java,raum.muchbeer.daggeronandroid.model.UserData,getUserId/0,userId,1
/home/arch_design_predict/download-github-repos/mvvm/repos/DaggerOnAndroid-master/app/src/main/java/raum/muchbeer/daggeronandroid/model/UserData.java,raum.muchbeer.daggeronandroid.model.UserData,setUserId/1[int],userId,3
/home/arch_design_predict/download-github-repos/mvvm/repos/DaggerOnAndroid-master/app/src/main/java/raum/muchbeer/daggeronandroid/views/main/profile/ProfileFragment.java,raum.muchbeer.daggeronandroid.views.main.profile.ProfileFragment,setErrorDetails/1[java.lang.String],website,1
/home/arch_design_predict/download-github-repos/mvvm/repos/DaggerOnAndroid-master/app/src/main/java/raum/muchbeer/daggeronandroid/views/main/profile/ProfileFragment.java,raum.muchbeer.daggeronandroid.views.main.profile.ProfileFragment,setErrorDetails/1[java.lang.String],email,1
/home/arch_design_predict/download-github-repos/mvvm/repos/DaggerOnAndroid-master/app/src/main/java/raum/muchbeer/daggeronandroid/views/main/profile/ProfileFragment.java,raum.muchbeer.daggeronandroid.views.main.profile.ProfileFragment,setErrorDetails/1[java.lang.String],username,1
/home/arch_design_predict/download-github-repos/mvvm/repos/DaggerOnAndroid-master/app/src/main/java/raum/muchbeer/daggeronandroid/views/main/profile/ProfileFragment.java,raum.muchbeer.daggeronandroid.views.main.profile.ProfileFragment,"onViewCreated/2[raum.muchbeer.daggeronandroid.views.main.profile.View,raum.muchbeer.daggeronandroid.views.main.profile.Bundle]",website,2
/home/arch_design_predict/download-github-repos/mvvm/repos/DaggerOnAndroid-master/app/src/main/java/raum/muchbeer/daggeronandroid/views/main/profile/ProfileFragment.java,raum.muchbeer.daggeronandroid.views.main.profile.ProfileFragment,"onViewCreated/2[raum.muchbeer.daggeronandroid.views.main.profile.View,raum.muchbeer.daggeronandroid.views.main.profile.Bundle]",providerFactory,1
/home/arch_design_predict/download-github-repos/mvvm/repos/DaggerOnAndroid-master/app/src/main/java/raum/muchbeer/daggeronandroid/views/main/profile/ProfileFragment.java,raum.muchbeer.daggeronandroid.views.main.profile.ProfileFragment,"onViewCreated/2[raum.muchbeer.daggeronandroid.views.main.profile.View,raum.muchbeer.daggeronandroid.views.main.profile.Bundle]",profileViewModel,1
/home/arch_design_predict/download-github-repos/mvvm/repos/DaggerOnAndroid-master/app/src/main/java/raum/muchbeer/daggeronandroid/views/main/profile/ProfileFragment.java,raum.muchbeer.daggeronandroid.views.main.profile.ProfileFragment,"onViewCreated/2[raum.muchbeer.daggeronandroid.views.main.profile.View,raum.muchbeer.daggeronandroid.views.main.profile.Bundle]",email,2
/home/arch_design_predict/download-github-repos/mvvm/repos/DaggerOnAndroid-master/app/src/main/java/raum/muchbeer/daggeronandroid/views/main/profile/ProfileFragment.java,raum.muchbeer.daggeronandroid.views.main.profile.ProfileFragment,"onViewCreated/2[raum.muchbeer.daggeronandroid.views.main.profile.View,raum.muchbeer.daggeronandroid.views.main.profile.Bundle]",username,2
/home/arch_design_predict/download-github-repos/mvvm/repos/DaggerOnAndroid-master/app/src/main/java/raum/muchbeer/daggeronandroid/views/main/profile/ProfileFragment.java,raum.muchbeer.daggeronandroid.views.main.profile.ProfileFragment,retrieveObservedUser/0,LOG_TAG,1
/home/arch_design_predict/download-github-repos/mvvm/repos/DaggerOnAndroid-master/app/src/main/java/raum/muchbeer/daggeronandroid/views/main/profile/ProfileFragment.java,raum.muchbeer.daggeronandroid.views.main.profile.ProfileFragment,retrieveObservedUser/0,profileViewModel,2
/home/arch_design_predict/download-github-repos/mvvm/repos/DaggerOnAndroid-master/app/src/main/java/raum/muchbeer/daggeronandroid/views/main/profile/ProfileFragment.java,raum.muchbeer.daggeronandroid.views.main.profile.ProfileFragment,setUserDetails/1[raum.muchbeer.daggeronandroid.model.Users],website,1
/home/arch_design_predict/download-github-repos/mvvm/repos/DaggerOnAndroid-master/app/src/main/java/raum/muchbeer/daggeronandroid/views/main/profile/ProfileFragment.java,raum.muchbeer.daggeronandroid.views.main.profile.ProfileFragment,setUserDetails/1[raum.muchbeer.daggeronandroid.model.Users],email,1
/home/arch_design_predict/download-github-repos/mvvm/repos/DaggerOnAndroid-master/app/src/main/java/raum/muchbeer/daggeronandroid/views/main/profile/ProfileFragment.java,raum.muchbeer.daggeronandroid.views.main.profile.ProfileFragment,setUserDetails/1[raum.muchbeer.daggeronandroid.model.Users],username,1
/home/arch_design_predict/download-github-repos/mvvm/repos/DaggerOnAndroid-master/app/src/main/java/raum/muchbeer/daggeronandroid/views/main/MainActivity.java,raum.muchbeer.daggeronandroid.views.main.MainActivity,onCreate/1[raum.muchbeer.daggeronandroid.views.main.Bundle],drawerLayout,1
/home/arch_design_predict/download-github-repos/mvvm/repos/DaggerOnAndroid-master/app/src/main/java/raum/muchbeer/daggeronandroid/views/main/MainActivity.java,raum.muchbeer.daggeronandroid.views.main.MainActivity,onCreate/1[raum.muchbeer.daggeronandroid.views.main.Bundle],navigationView,1
/home/arch_design_predict/download-github-repos/mvvm/repos/DaggerOnAndroid-master/app/src/main/java/raum/muchbeer/daggeronandroid/views/main/MainActivity.java,raum.muchbeer.daggeronandroid.views.main.MainActivity,onSupportNavigateUp/0,drawerLayout,1
/home/arch_design_predict/download-github-repos/mvvm/repos/DaggerOnAndroid-master/app/src/main/java/raum/muchbeer/daggeronandroid/views/main/MainActivity.java,raum.muchbeer.daggeronandroid.views.main.MainActivity,init/0,drawerLayout,1
/home/arch_design_predict/download-github-repos/mvvm/repos/DaggerOnAndroid-master/app/src/main/java/raum/muchbeer/daggeronandroid/views/main/MainActivity.java,raum.muchbeer.daggeronandroid.views.main.MainActivity,init/0,navigationView,2
/home/arch_design_predict/download-github-repos/mvvm/repos/DaggerOnAndroid-master/app/src/main/java/raum/muchbeer/daggeronandroid/views/main/MainActivity.java,raum.muchbeer.daggeronandroid.views.main.MainActivity,onOptionsItemSelected/1[raum.muchbeer.daggeronandroid.views.main.MenuItem],drawerLayout,2
/home/arch_design_predict/download-github-repos/mvvm/repos/DaggerOnAndroid-master/app/src/main/java/raum/muchbeer/daggeronandroid/views/main/MainActivity.java,raum.muchbeer.daggeronandroid.views.main.MainActivity,onNavigationItemSelected/1[raum.muchbeer.daggeronandroid.views.main.MenuItem],drawerLayout,1
/home/arch_design_predict/download-github-repos/mvvm/repos/DaggerOnAndroid-master/app/src/main/java/raum/muchbeer/daggeronandroid/views/main/users/UserState.java,raum.muchbeer.daggeronandroid.views.main.users.UserState,"error/2[java.lang.String,T]",data,2
/home/arch_design_predict/download-github-repos/mvvm/repos/DaggerOnAndroid-master/app/src/main/java/raum/muchbeer/daggeronandroid/views/main/users/UserState.java,raum.muchbeer.daggeronandroid.views.main.users.UserState,loading/1[T],data,2
/home/arch_design_predict/download-github-repos/mvvm/repos/DaggerOnAndroid-master/app/src/main/java/raum/muchbeer/daggeronandroid/views/main/users/UserState.java,raum.muchbeer.daggeronandroid.views.main.users.UserState,"UserState/3[raum.muchbeer.daggeronandroid.views.main.users.UserState.Status,T,java.lang.String]",data,3
/home/arch_design_predict/download-github-repos/mvvm/repos/DaggerOnAndroid-master/app/src/main/java/raum/muchbeer/daggeronandroid/views/main/users/UserState.java,raum.muchbeer.daggeronandroid.views.main.users.UserState,"UserState/3[raum.muchbeer.daggeronandroid.views.main.users.UserState.Status,T,java.lang.String]",message,3
/home/arch_design_predict/download-github-repos/mvvm/repos/DaggerOnAndroid-master/app/src/main/java/raum/muchbeer/daggeronandroid/views/main/users/UserState.java,raum.muchbeer.daggeronandroid.views.main.users.UserState,"UserState/3[raum.muchbeer.daggeronandroid.views.main.users.UserState.Status,T,java.lang.String]",status,3
/home/arch_design_predict/download-github-repos/mvvm/repos/DaggerOnAndroid-master/app/src/main/java/raum/muchbeer/daggeronandroid/views/main/users/UserState.java,raum.muchbeer.daggeronandroid.views.main.users.UserState,success/1[T],data,2
/home/arch_design_predict/download-github-repos/mvvm/repos/DaggerOnAndroid-master/app/src/main/java/raum/muchbeer/daggeronandroid/views/auth/AuthSecurity.java,raum.muchbeer.daggeronandroid.views.auth.AuthSecurity,"error/2[java.lang.String,T]",data,2
/home/arch_design_predict/download-github-repos/mvvm/repos/DaggerOnAndroid-master/app/src/main/java/raum/muchbeer/daggeronandroid/views/auth/AuthSecurity.java,raum.muchbeer.daggeronandroid.views.auth.AuthSecurity,loading/1[T],data,2
/home/arch_design_predict/download-github-repos/mvvm/repos/DaggerOnAndroid-master/app/src/main/java/raum/muchbeer/daggeronandroid/views/auth/AuthSecurity.java,raum.muchbeer.daggeronandroid.views.auth.AuthSecurity,"AuthSecurity/3[raum.muchbeer.daggeronandroid.views.auth.AuthSecurity.AuthStatus,T,java.lang.String]",data,3
/home/arch_design_predict/download-github-repos/mvvm/repos/DaggerOnAndroid-master/app/src/main/java/raum/muchbeer/daggeronandroid/views/auth/AuthSecurity.java,raum.muchbeer.daggeronandroid.views.auth.AuthSecurity,"AuthSecurity/3[raum.muchbeer.daggeronandroid.views.auth.AuthSecurity.AuthStatus,T,java.lang.String]",message,3
/home/arch_design_predict/download-github-repos/mvvm/repos/DaggerOnAndroid-master/app/src/main/java/raum/muchbeer/daggeronandroid/views/auth/AuthSecurity.java,raum.muchbeer.daggeronandroid.views.auth.AuthSecurity,"AuthSecurity/3[raum.muchbeer.daggeronandroid.views.auth.AuthSecurity.AuthStatus,T,java.lang.String]",status,3
/home/arch_design_predict/download-github-repos/mvvm/repos/DaggerOnAndroid-master/app/src/main/java/raum/muchbeer/daggeronandroid/views/auth/AuthSecurity.java,raum.muchbeer.daggeronandroid.views.auth.AuthSecurity,authenticated/1[T],data,2
/home/arch_design_predict/download-github-repos/mvvm/repos/DaggerOnAndroid-master/app/src/main/java/raum/muchbeer/daggeronandroid/views/main/users/UserFragment.java,raum.muchbeer.daggeronandroid.views.main.users.UserFragment,init/0,recyclerView,3
/home/arch_design_predict/download-github-repos/mvvm/repos/DaggerOnAndroid-master/app/src/main/java/raum/muchbeer/daggeronandroid/views/main/users/UserFragment.java,raum.muchbeer.daggeronandroid.views.main.users.UserFragment,init/0,userAdapter,1
/home/arch_design_predict/download-github-repos/mvvm/repos/DaggerOnAndroid-master/app/src/main/java/raum/muchbeer/daggeronandroid/views/main/users/UserFragment.java,raum.muchbeer.daggeronandroid.views.main.users.UserFragment,"onViewCreated/2[raum.muchbeer.daggeronandroid.views.main.users.View,raum.muchbeer.daggeronandroid.views.main.users.Bundle]",recyclerView,1
/home/arch_design_predict/download-github-repos/mvvm/repos/DaggerOnAndroid-master/app/src/main/java/raum/muchbeer/daggeronandroid/views/main/users/UserFragment.java,raum.muchbeer.daggeronandroid.views.main.users.UserFragment,"onViewCreated/2[raum.muchbeer.daggeronandroid.views.main.users.View,raum.muchbeer.daggeronandroid.views.main.users.Bundle]",progressBar,2
/home/arch_design_predict/download-github-repos/mvvm/repos/DaggerOnAndroid-master/app/src/main/java/raum/muchbeer/daggeronandroid/views/main/users/UserFragment.java,raum.muchbeer.daggeronandroid.views.main.users.UserFragment,"onViewCreated/2[raum.muchbeer.daggeronandroid.views.main.users.View,raum.muchbeer.daggeronandroid.views.main.users.Bundle]",viewModelFactory,1
/home/arch_design_predict/download-github-repos/mvvm/repos/DaggerOnAndroid-master/app/src/main/java/raum/muchbeer/daggeronandroid/views/main/users/UserFragment.java,raum.muchbeer.daggeronandroid.views.main.users.UserFragment,"onViewCreated/2[raum.muchbeer.daggeronandroid.views.main.users.View,raum.muchbeer.daggeronandroid.views.main.users.Bundle]",viewModel,1
/home/arch_design_predict/download-github-repos/mvvm/repos/DaggerOnAndroid-master/app/src/main/java/raum/muchbeer/daggeronandroid/views/main/users/UserFragment.java,raum.muchbeer.daggeronandroid.views.main.users.UserFragment,getListUsers/0,LOG_TAG,1
/home/arch_design_predict/download-github-repos/mvvm/repos/DaggerOnAndroid-master/app/src/main/java/raum/muchbeer/daggeronandroid/views/main/users/UserFragment.java,raum.muchbeer.daggeronandroid.views.main.users.UserFragment,getListUsers/0,progressBar,3
/home/arch_design_predict/download-github-repos/mvvm/repos/DaggerOnAndroid-master/app/src/main/java/raum/muchbeer/daggeronandroid/views/main/users/UserFragment.java,raum.muchbeer.daggeronandroid.views.main.users.UserFragment,getListUsers/0,viewModel,2
/home/arch_design_predict/download-github-repos/mvvm/repos/DaggerOnAndroid-master/app/src/main/java/raum/muchbeer/daggeronandroid/views/main/users/UserFragment.java,raum.muchbeer.daggeronandroid.views.main.users.UserFragment,getListUsers/0,userAdapter,1
/home/arch_design_predict/download-github-repos/mvvm/repos/DaggerOnAndroid-master/app/src/main/java/raum/muchbeer/daggeronandroid/views/main/users/UserFragment.java,raum.muchbeer.daggeronandroid.views.main.users.UserFragment,showProgrressBar/1[java.lang.Boolean],progressBar,2
/home/arch_design_predict/download-github-repos/mvvm/repos/DaggerOnAndroid-master/app/src/main/java/raum/muchbeer/daggeronandroid/model/Users.java,raum.muchbeer.daggeronandroid.model.Users,setId/1[int],id,3
/home/arch_design_predict/download-github-repos/mvvm/repos/DaggerOnAndroid-master/app/src/main/java/raum/muchbeer/daggeronandroid/model/Users.java,raum.muchbeer.daggeronandroid.model.Users,setEmail/1[java.lang.String],email,3
/home/arch_design_predict/download-github-repos/mvvm/repos/DaggerOnAndroid-master/app/src/main/java/raum/muchbeer/daggeronandroid/model/Users.java,raum.muchbeer.daggeronandroid.model.Users,getId/0,id,1
/home/arch_design_predict/download-github-repos/mvvm/repos/DaggerOnAndroid-master/app/src/main/java/raum/muchbeer/daggeronandroid/model/Users.java,raum.muchbeer.daggeronandroid.model.Users,getWebsite/0,website,1
/home/arch_design_predict/download-github-repos/mvvm/repos/DaggerOnAndroid-master/app/src/main/java/raum/muchbeer/daggeronandroid/model/Users.java,raum.muchbeer.daggeronandroid.model.Users,"Users/4[int,java.lang.String,java.lang.String,java.lang.String]",website,3
/home/arch_design_predict/download-github-repos/mvvm/repos/DaggerOnAndroid-master/app/src/main/java/raum/muchbeer/daggeronandroid/model/Users.java,raum.muchbeer.daggeronandroid.model.Users,"Users/4[int,java.lang.String,java.lang.String,java.lang.String]",id,3
/home/arch_design_predict/download-github-repos/mvvm/repos/DaggerOnAndroid-master/app/src/main/java/raum/muchbeer/daggeronandroid/model/Users.java,raum.muchbeer.daggeronandroid.model.Users,"Users/4[int,java.lang.String,java.lang.String,java.lang.String]",email,3
/home/arch_design_predict/download-github-repos/mvvm/repos/DaggerOnAndroid-master/app/src/main/java/raum/muchbeer/daggeronandroid/model/Users.java,raum.muchbeer.daggeronandroid.model.Users,"Users/4[int,java.lang.String,java.lang.String,java.lang.String]",username,3
/home/arch_design_predict/download-github-repos/mvvm/repos/DaggerOnAndroid-master/app/src/main/java/raum/muchbeer/daggeronandroid/model/Users.java,raum.muchbeer.daggeronandroid.model.Users,getEmail/0,email,1
/home/arch_design_predict/download-github-repos/mvvm/repos/DaggerOnAndroid-master/app/src/main/java/raum/muchbeer/daggeronandroid/model/Users.java,raum.muchbeer.daggeronandroid.model.Users,setUsername/1[java.lang.String],username,3
/home/arch_design_predict/download-github-repos/mvvm/repos/DaggerOnAndroid-master/app/src/main/java/raum/muchbeer/daggeronandroid/model/Users.java,raum.muchbeer.daggeronandroid.model.Users,getUsername/0,username,1
/home/arch_design_predict/download-github-repos/mvvm/repos/DaggerOnAndroid-master/app/src/main/java/raum/muchbeer/daggeronandroid/model/Users.java,raum.muchbeer.daggeronandroid.model.Users,setWebsite/1[java.lang.String],website,3
/home/arch_design_predict/download-github-repos/mvvm/repos/DaggerOnAndroid-master/app/src/main/java/raum/muchbeer/daggeronandroid/adapter/MainUserAdapter.java,raum.muchbeer.daggeronandroid.adapter.MainUserAdapter$UserViewHolder,UserViewHolder/1[raum.muchbeer.daggeronandroid.adapter.View],userDescription,1
/home/arch_design_predict/download-github-repos/mvvm/repos/DaggerOnAndroid-master/app/src/main/java/raum/muchbeer/daggeronandroid/adapter/MainUserAdapter.java,raum.muchbeer.daggeronandroid.adapter.MainUserAdapter$UserViewHolder,UserViewHolder/1[raum.muchbeer.daggeronandroid.adapter.View],userId,1
/home/arch_design_predict/download-github-repos/mvvm/repos/DaggerOnAndroid-master/app/src/main/java/raum/muchbeer/daggeronandroid/adapter/MainUserAdapter.java,raum.muchbeer.daggeronandroid.adapter.MainUserAdapter$UserViewHolder,bind/1[raum.muchbeer.daggeronandroid.model.UserData],userDescription,1
/home/arch_design_predict/download-github-repos/mvvm/repos/DaggerOnAndroid-master/app/src/main/java/raum/muchbeer/daggeronandroid/adapter/MainUserAdapter.java,raum.muchbeer.daggeronandroid.adapter.MainUserAdapter$UserViewHolder,bind/1[raum.muchbeer.daggeronandroid.model.UserData],userId,1
/home/arch_design_predict/download-github-repos/mvvm/repos/DaggerOnAndroid-master/app/src/main/java/raum/muchbeer/daggeronandroid/pref/SessionManager.java,raum.muchbeer.daggeronandroid.pref.SessionManager,getAuthUser/0,cachedUser,1
/home/arch_design_predict/download-github-repos/mvvm/repos/DaggerOnAndroid-master/app/src/main/java/raum/muchbeer/daggeronandroid/pref/SessionManager.java,raum.muchbeer.daggeronandroid.pref.SessionManager,logOut/0,cachedUser,1
/home/arch_design_predict/download-github-repos/mvvm/repos/DaggerOnAndroid-master/app/src/main/java/raum/muchbeer/daggeronandroid/pref/SessionManager.java,raum.muchbeer.daggeronandroid.pref.SessionManager,logOut/0,TAG,1
/home/arch_design_predict/download-github-repos/mvvm/repos/DaggerOnAndroid-master/app/src/main/java/raum/muchbeer/daggeronandroid/pref/SessionManager.java,raum.muchbeer.daggeronandroid.pref.SessionManager,authenticateWithID/1[raum.muchbeer.daggeronandroid.pref.LiveData<raum.muchbeer.daggeronandroid.views.auth.AuthSecurity<raum.muchbeer.daggeronandroid.model.Users>>],cachedUser,5
/home/arch_design_predict/download-github-repos/mvvm/repos/DaggerOnAndroid-master/app/src/main/java/raum/muchbeer/daggeronandroid/pref/SessionManager.java,raum.muchbeer.daggeronandroid.pref.SessionManager,authenticateWithID/1[raum.muchbeer.daggeronandroid.pref.LiveData<raum.muchbeer.daggeronandroid.views.auth.AuthSecurity<raum.muchbeer.daggeronandroid.model.Users>>],TAG,1
/home/arch_design_predict/download-github-repos/mvvm/repos/DaggerOnAndroid-master/app/src/main/java/raum/muchbeer/daggeronandroid/adapter/MainUserAdapter.java,raum.muchbeer.daggeronandroid.adapter.MainUserAdapter,"onBindViewHolder/2[raum.muchbeer.daggeronandroid.adapter.MainUserAdapter.UserViewHolder,int]",listsUsers,1
/home/arch_design_predict/download-github-repos/mvvm/repos/DaggerOnAndroid-master/app/src/main/java/raum/muchbeer/daggeronandroid/adapter/MainUserAdapter.java,raum.muchbeer.daggeronandroid.adapter.MainUserAdapter,getItemCount/0,listsUsers,1
/home/arch_design_predict/download-github-repos/mvvm/repos/DaggerOnAndroid-master/app/src/main/java/raum/muchbeer/daggeronandroid/adapter/MainUserAdapter.java,raum.muchbeer.daggeronandroid.adapter.MainUserAdapter,setListsUsers/1[java.util.List<raum.muchbeer.daggeronandroid.model.UserData>],listsUsers,3
