file,class,type,cbo,cboModified,fanin,fanout,wmc,dit,noc,rfc,lcom,lcom*,tcc,lcc,totalMethodsQty,staticMethodsQty,publicMethodsQty,privateMethodsQty,protectedMethodsQty,defaultMethodsQty,visibleMethodsQty,abstractMethodsQty,finalMethodsQty,synchronizedMethodsQty,totalFieldsQty,staticFieldsQty,publicFieldsQty,privateFieldsQty,protectedFieldsQty,defaultFieldsQty,finalFieldsQty,synchronizedFieldsQty,nosi,loc,returnQty,loopQty,comparisonsQty,tryCatchQty,parenthesizedExpsQty,stringLiteralsQty,numbersQty,assignmentsQty,mathOperationsQty,variablesQty,maxNestedBlocksQty,anonymousClassesQty,innerClassesQty,lambdasQty,uniqueWordsQty,modifiers,logStatementsQty
/home/arch_design_predict/download-github-repos/mvp/repos/LeukogramApp-master/app/src/main/java/br/com/rg/gabrielsalles/leukogramapp/results/Results.java,br.com.rg.gabrielsalles.leukogramapp.results.Results$ExamsListAdapter$Anonymous4,anonymous,4,4,0,4,2,1,0,22,0,0.0,NaN,NaN,1,0,1,0,0,0,1,0,0,0,0,0,0,0,0,0,0,0,0,10,0,0,1,0,0,2,0,2,0,2,1,0,0,0,14,-1,0
/home/arch_design_predict/download-github-repos/mvp/repos/LeukogramApp-master/app/src/test/java/br/com/rg/gabrielsalles/leukogramapp/ExampleUnitTest.java,br.com.rg.gabrielsalles.leukogramapp.ExampleUnitTest,class,1,1,0,1,1,1,0,1,0,0.0,NaN,NaN,1,0,1,0,0,0,1,0,0,0,0,0,0,0,0,0,0,0,0,5,0,0,0,0,0,0,3,0,1,0,0,0,0,0,23,1,0
/home/arch_design_predict/download-github-repos/mvp/repos/LeukogramApp-master/app/src/main/java/br/com/rg/gabrielsalles/leukogramapp/results/Results.java,br.com.rg.gabrielsalles.leukogramapp.results.Results$ExamsListAdapter$Anonymous3,anonymous,3,3,0,3,2,1,0,2,0,0.0,NaN,NaN,1,0,1,0,0,0,1,0,0,0,0,0,0,0,0,0,0,0,0,11,0,0,0,0,0,0,0,1,0,1,1,0,0,0,9,-1,0
/home/arch_design_predict/download-github-repos/mvp/repos/LeukogramApp-master/app/src/main/java/br/com/rg/gabrielsalles/leukogramapp/cellsListing/MainCells_Fragment.java,br.com.rg.gabrielsalles.leukogramapp.cellsListing.MainCells_Fragment$OnFragmentInteractionListener,interface,1,1,0,1,1,1,0,0,0,0.0,NaN,NaN,1,0,0,0,0,1,1,0,0,0,0,0,0,0,0,0,0,0,0,3,0,0,0,0,0,0,0,0,0,0,0,0,0,0,7,1,0
/home/arch_design_predict/download-github-repos/mvp/repos/LeukogramApp-master/app/src/main/java/br/com/rg/gabrielsalles/leukogramapp/cellsListing/EndExam_Fragment.java,br.com.rg.gabrielsalles.leukogramapp.cellsListing.EndExam_Fragment,class,10,11,1,10,6,2,0,12,8,0.76000005,0.1,0.1,5,1,5,0,0,0,5,0,0,0,10,2,0,10,0,0,2,0,0,56,2,0,1,0,1,3,4,14,1,14,1,1,1,0,50,1,0
/home/arch_design_predict/download-github-repos/mvp/repos/LeukogramApp-master/app/src/main/java/br/com/rg/gabrielsalles/leukogramapp/profiles/MainUser.java,br.com.rg.gabrielsalles.leukogramapp.profiles.MainUser,class,9,11,2,9,4,3,0,16,1,0.5,0.0,0.0,2,0,1,0,1,0,2,0,0,0,2,0,0,2,0,0,2,0,0,38,0,0,0,1,6,0,5,15,0,15,1,0,0,0,60,1,0
/home/arch_design_predict/download-github-repos/mvp/repos/LeukogramApp-master/app/src/main/java/br/com/rg/gabrielsalles/leukogramapp/cellsListing/MainCells_Fragment.java,br.com.rg.gabrielsalles.leukogramapp.cellsListing.MainCells_Fragment$Anonymous2,anonymous,7,7,0,7,8,1,0,22,0,0.0,NaN,NaN,1,0,1,0,0,0,1,0,0,0,0,0,0,0,0,0,0,0,1,57,0,0,0,0,3,3,9,12,0,6,2,2,0,0,25,-1,0
/home/arch_design_predict/download-github-repos/mvp/repos/LeukogramApp-master/app/src/main/java/br/com/rg/gabrielsalles/leukogramapp/cellsListing/MainCells_Fragment.java,br.com.rg.gabrielsalles.leukogramapp.cellsListing.MainCells_Fragment$Anonymous1,anonymous,3,3,0,3,1,1,0,12,0,0.0,NaN,NaN,1,0,1,0,0,0,1,0,0,0,0,0,0,0,0,0,0,0,1,8,1,0,0,0,1,3,3,2,0,2,0,0,0,0,15,-1,0
/home/arch_design_predict/download-github-repos/mvp/repos/LeukogramApp-master/app/src/main/java/br/com/rg/gabrielsalles/leukogramapp/results/ResultDetails.java,br.com.rg.gabrielsalles.leukogramapp.results.ResultDetails,class,5,6,1,5,4,2,0,19,1,0.0,0.0,0.0,2,0,1,0,1,0,2,0,0,0,0,0,0,0,0,0,0,0,24,79,2,1,0,0,0,27,40,33,66,32,1,0,0,0,77,1,0
/home/arch_design_predict/download-github-repos/mvp/repos/LeukogramApp-master/app/src/main/java/br/com/rg/gabrielsalles/leukogramapp/results/Results.java,br.com.rg.gabrielsalles.leukogramapp.results.Results,class,19,23,4,19,30,4,0,54,20,0.8214286,0.0,0.0,8,0,3,3,2,0,5,0,0,0,7,1,0,7,0,0,5,0,1,223,4,3,4,4,0,61,46,54,62,35,3,2,1,0,130,1,0
/home/arch_design_predict/download-github-repos/mvp/repos/LeukogramApp-master/app/src/main/java/br/com/rg/gabrielsalles/leukogramapp/MainActivity.java,br.com.rg.gabrielsalles.leukogramapp.MainActivity$Anonymous3,anonymous,3,3,0,3,1,1,0,2,0,0.0,NaN,NaN,1,0,1,0,0,0,1,0,0,0,0,0,0,0,0,0,0,0,0,6,0,0,0,0,0,0,0,1,0,1,0,0,0,0,11,-1,0
/home/arch_design_predict/download-github-repos/mvp/repos/LeukogramApp-master/app/src/main/java/br/com/rg/gabrielsalles/leukogramapp/cellsListing/MainCells_Fragment.java,br.com.rg.gabrielsalles.leukogramapp.cellsListing.MainCells_Fragment$Anonymous2$Anonymous4,anonymous,4,4,0,4,2,1,0,5,0,0.0,NaN,NaN,1,0,1,0,0,0,1,0,0,0,0,0,0,0,0,0,0,0,0,9,0,0,0,0,3,0,0,1,0,1,1,0,0,0,15,-1,0
/home/arch_design_predict/download-github-repos/mvp/repos/LeukogramApp-master/app/src/main/java/br/com/rg/gabrielsalles/leukogramapp/MainActivity.java,br.com.rg.gabrielsalles.leukogramapp.MainActivity$Anonymous4,anonymous,1,1,0,1,1,1,0,0,0,0.0,NaN,NaN,1,0,1,0,0,0,1,0,0,0,0,0,0,0,0,0,0,0,0,4,0,0,0,0,0,0,0,0,0,0,0,0,0,0,4,-1,0
/home/arch_design_predict/download-github-repos/mvp/repos/LeukogramApp-master/app/src/main/java/br/com/rg/gabrielsalles/leukogramapp/cellsListing/MainCells_Fragment.java,br.com.rg.gabrielsalles.leukogramapp.cellsListing.MainCells_Fragment$Anonymous2$Anonymous3,anonymous,4,4,0,4,2,1,0,6,0,0.0,NaN,NaN,1,0,1,0,0,0,1,0,0,0,0,0,0,0,0,0,0,0,0,10,0,0,0,0,4,0,0,1,0,1,1,0,0,0,15,-1,0
/home/arch_design_predict/download-github-repos/mvp/repos/LeukogramApp-master/app/src/main/java/br/com/rg/gabrielsalles/leukogramapp/results/Results.java,br.com.rg.gabrielsalles.leukogramapp.results.Results$Anonymous1,anonymous,1,1,0,1,1,1,0,0,0,0.0,NaN,NaN,1,0,1,0,0,0,1,0,0,0,0,0,0,0,0,0,0,0,0,4,0,0,0,0,0,0,0,0,0,0,0,0,0,0,5,-1,0
/home/arch_design_predict/download-github-repos/mvp/repos/LeukogramApp-master/app/src/main/java/br/com/rg/gabrielsalles/leukogramapp/sqlite/GetAllExamsQuery.java,br.com.rg.gabrielsalles.leukogramapp.sqlite.GetAllExamsQuery,class,5,6,1,5,4,2,0,12,0,0.0,1.0,1.0,2,0,1,0,1,0,2,0,0,0,1,0,0,1,0,0,0,0,0,29,2,1,0,0,0,25,20,8,1,7,2,0,0,0,49,1,0
/home/arch_design_predict/download-github-repos/mvp/repos/LeukogramApp-master/app/src/main/java/br/com/rg/gabrielsalles/leukogramapp/results/Results.java,br.com.rg.gabrielsalles.leukogramapp.results.Results$Anonymous2,anonymous,2,2,0,2,1,1,0,1,0,0.0,NaN,NaN,1,0,1,0,0,0,1,0,0,0,0,0,0,0,0,0,0,0,0,5,0,0,0,0,0,0,0,0,0,0,0,0,0,0,7,-1,0
/home/arch_design_predict/download-github-repos/mvp/repos/LeukogramApp-master/app/src/main/java/br/com/rg/gabrielsalles/leukogramapp/cellsListing/OtherCells_Fragment.java,br.com.rg.gabrielsalles.leukogramapp.cellsListing.OtherCells_Fragment$Anonymous2$Anonymous4,anonymous,4,4,0,4,2,1,0,5,0,0.0,NaN,NaN,1,0,1,0,0,0,1,0,0,0,0,0,0,0,0,0,0,0,0,9,0,0,0,0,3,0,0,1,0,1,1,0,0,0,15,-1,0
/home/arch_design_predict/download-github-repos/mvp/repos/LeukogramApp-master/app/src/main/java/br/com/rg/gabrielsalles/leukogramapp/otherFiles/Cell.java,br.com.rg.gabrielsalles.leukogramapp.otherFiles.Cell,class,1,4,3,1,9,1,0,2,8,0.6296297,0.3888889,0.7777778,9,0,9,0,0,0,9,0,0,0,3,0,0,3,0,0,0,0,0,34,4,0,0,0,0,1,0,5,1,3,0,0,0,0,17,1,0
/home/arch_design_predict/download-github-repos/mvp/repos/LeukogramApp-master/app/src/main/java/br/com/rg/gabrielsalles/leukogramapp/cellsListing/OtherCells_Fragment.java,br.com.rg.gabrielsalles.leukogramapp.cellsListing.OtherCells_Fragment$Anonymous2$Anonymous3,anonymous,4,4,0,4,2,1,0,6,0,0.0,NaN,NaN,1,0,1,0,0,0,1,0,0,0,0,0,0,0,0,0,0,0,0,10,0,0,0,0,4,0,0,1,0,1,1,0,0,0,15,-1,0
/home/arch_design_predict/download-github-repos/mvp/repos/LeukogramApp-master/app/src/main/java/br/com/rg/gabrielsalles/leukogramapp/otherFiles/Exam.java,br.com.rg.gabrielsalles.leukogramapp.otherFiles.Exam,class,1,7,6,1,36,1,0,14,232,0.9145834,0.07971015,0.8369565,24,0,24,0,0,0,24,0,0,0,20,0,0,20,0,0,0,0,13,140,34,0,0,0,0,0,13,21,0,20,1,0,0,0,55,1,0
/home/arch_design_predict/download-github-repos/mvp/repos/LeukogramApp-master/app/src/main/java/br/com/rg/gabrielsalles/leukogramapp/cellsListing/OtherCells_Fragment.java,br.com.rg.gabrielsalles.leukogramapp.cellsListing.OtherCells_Fragment$Anonymous1,anonymous,3,3,0,3,1,1,0,12,0,0.0,NaN,NaN,1,0,1,0,0,0,1,0,0,0,0,0,0,0,0,0,0,0,1,8,1,0,0,0,1,3,3,2,0,2,0,0,0,0,15,-1,0
/home/arch_design_predict/download-github-repos/mvp/repos/LeukogramApp-master/app/src/main/java/br/com/rg/gabrielsalles/leukogramapp/cellsListing/EndExam_Fragment.java,br.com.rg.gabrielsalles.leukogramapp.cellsListing.EndExam_Fragment$Anonymous1,anonymous,2,2,0,2,1,1,0,2,0,0.0,NaN,NaN,1,0,1,0,0,0,1,0,0,0,0,0,0,0,0,0,0,0,0,5,0,0,0,0,1,0,0,0,0,0,0,0,0,0,9,-1,0
/home/arch_design_predict/download-github-repos/mvp/repos/LeukogramApp-master/app/src/main/java/br/com/rg/gabrielsalles/leukogramapp/cellsListing/CellsListing_Activity.java,br.com.rg.gabrielsalles.leukogramapp.cellsListing.CellsListing_Activity$Anonymous1,anonymous,3,3,0,3,2,1,0,5,0,0.0,NaN,NaN,1,0,1,0,0,0,1,0,0,0,0,0,0,0,0,0,0,0,1,8,0,0,0,0,1,1,0,2,0,1,1,0,0,0,14,-1,0
/home/arch_design_predict/download-github-repos/mvp/repos/LeukogramApp-master/app/src/main/java/br/com/rg/gabrielsalles/leukogramapp/profiles/ChoosePatient.java,br.com.rg.gabrielsalles.leukogramapp.profiles.ChoosePatient$Anonymous1,anonymous,3,3,0,3,5,1,0,7,1,0.0,0.0,0.0,2,0,2,0,0,0,2,0,0,0,0,0,0,0,0,0,0,0,0,22,0,0,0,1,0,0,5,2,0,2,2,0,0,0,19,-1,0
/home/arch_design_predict/download-github-repos/mvp/repos/LeukogramApp-master/app/src/main/java/br/com/rg/gabrielsalles/leukogramapp/MainActivity.java,br.com.rg.gabrielsalles.leukogramapp.MainActivity$Anonymous1,anonymous,3,3,0,3,1,1,0,2,0,0.0,NaN,NaN,1,0,1,0,0,0,1,0,0,0,0,0,0,0,0,0,0,0,0,6,0,0,0,0,0,0,0,1,0,1,0,0,0,0,11,-1,0
/home/arch_design_predict/download-github-repos/mvp/repos/LeukogramApp-master/app/src/main/java/br/com/rg/gabrielsalles/leukogramapp/cellsListing/OtherCells_Fragment.java,br.com.rg.gabrielsalles.leukogramapp.cellsListing.OtherCells_Fragment$Anonymous2,anonymous,7,7,0,7,8,1,0,22,0,0.0,NaN,NaN,1,0,1,0,0,0,1,0,0,0,0,0,0,0,0,0,0,0,1,57,0,0,0,0,3,3,9,12,0,6,2,2,0,0,25,-1,0
/home/arch_design_predict/download-github-repos/mvp/repos/LeukogramApp-master/app/src/main/java/br/com/rg/gabrielsalles/leukogramapp/MainActivity.java,br.com.rg.gabrielsalles.leukogramapp.MainActivity$Anonymous2,anonymous,3,3,0,3,1,1,0,2,0,0.0,NaN,NaN,1,0,1,0,0,0,1,0,0,0,0,0,0,0,0,0,0,0,0,6,0,0,0,0,0,0,0,1,0,1,0,0,0,0,11,-1,0
/home/arch_design_predict/download-github-repos/mvp/repos/LeukogramApp-master/app/src/main/java/br/com/rg/gabrielsalles/leukogramapp/DrawerActivity.java,br.com.rg.gabrielsalles.leukogramapp.DrawerActivity$SampleDumperPluginsProvider,innerclass,3,3,0,3,3,1,0,3,0,0.0,1.0,1.0,2,0,2,0,0,0,2,0,0,0,1,0,0,1,0,0,1,0,0,13,1,1,0,0,0,0,0,2,0,2,1,0,0,0,10,10,0
/home/arch_design_predict/download-github-repos/mvp/repos/LeukogramApp-master/app/src/main/java/br/com/rg/gabrielsalles/leukogramapp/MainActivity.java,br.com.rg.gabrielsalles.leukogramapp.MainActivity,class,7,10,3,7,1,3,0,10,0,0.0,NaN,NaN,1,0,0,0,1,0,1,0,0,0,1,0,0,1,0,0,1,0,0,43,0,0,0,0,0,0,1,9,0,9,0,4,0,0,51,1,0
/home/arch_design_predict/download-github-repos/mvp/repos/LeukogramApp-master/app/src/main/java/br/com/rg/gabrielsalles/leukogramapp/cellsListing/EndExam_Fragment.java,br.com.rg.gabrielsalles.leukogramapp.cellsListing.EndExam_Fragment$OnFragmentInteractionListener,interface,1,1,0,1,1,1,0,0,0,0.0,NaN,NaN,1,0,0,0,0,1,1,0,0,0,0,0,0,0,0,0,0,0,0,3,0,0,0,0,0,0,0,0,0,0,0,0,0,0,7,1,0
/home/arch_design_predict/download-github-repos/mvp/repos/LeukogramApp-master/app/src/main/java/br/com/rg/gabrielsalles/leukogramapp/otherFiles/GridAdapter.java,br.com.rg.gabrielsalles.leukogramapp.otherFiles.GridAdapter,class,7,7,0,7,9,2,0,10,0,0.375,1.0,1.0,8,0,8,0,0,0,8,0,0,0,2,0,0,2,0,0,0,0,0,40,6,0,1,0,0,0,1,8,1,5,1,0,0,0,33,1,0
/home/arch_design_predict/download-github-repos/mvp/repos/LeukogramApp-master/app/src/main/java/br/com/rg/gabrielsalles/leukogramapp/DrawerActivity.java,br.com.rg.gabrielsalles.leukogramapp.DrawerActivity,class,16,21,5,16,11,2,5,23,10,0.0,0.0,0.0,5,0,4,0,1,0,5,0,0,0,0,0,0,0,0,0,0,0,0,73,4,0,5,0,0,1,0,12,0,12,1,0,1,0,49,1,0
/home/arch_design_predict/download-github-repos/mvp/repos/LeukogramApp-master/app/src/main/java/br/com/rg/gabrielsalles/leukogramapp/cellsListing/CellsListing_Activity.java,br.com.rg.gabrielsalles.leukogramapp.cellsListing.CellsListing_Activity$ViewPagerAdapter,innerclass,3,3,0,3,5,2,0,5,2,0.5,0.4,0.6,5,0,5,0,0,0,5,0,0,0,2,0,0,2,0,0,2,0,0,20,3,0,0,0,0,0,0,2,0,2,0,0,0,0,19,0,0
/home/arch_design_predict/download-github-repos/mvp/repos/LeukogramApp-master/app/src/main/java/br/com/rg/gabrielsalles/leukogramapp/cellsListing/CellsListing_Activity.java,br.com.rg.gabrielsalles.leukogramapp.cellsListing.CellsListing_Activity,class,19,31,12,19,41,3,0,56,63,0.8571428,0.13636364,0.16666667,14,0,11,2,1,0,12,0,0,0,9,0,0,9,0,0,1,0,13,254,3,1,4,0,2,35,104,65,66,45,1,1,1,0,127,1,0
/home/arch_design_predict/download-github-repos/mvp/repos/LeukogramApp-master/app/src/main/java/br/com/rg/gabrielsalles/leukogramapp/profiles/MainPatient.java,br.com.rg.gabrielsalles.leukogramapp.profiles.MainPatient$Anonymous1,anonymous,2,2,0,2,1,1,0,6,0,0.0,NaN,NaN,1,0,1,0,0,0,1,0,0,0,0,0,0,0,0,0,0,0,1,7,0,0,0,0,0,0,0,1,0,1,0,0,0,0,10,-1,0
/home/arch_design_predict/download-github-repos/mvp/repos/LeukogramApp-master/app/src/main/java/br/com/rg/gabrielsalles/leukogramapp/profiles/ChoosePatient.java,br.com.rg.gabrielsalles.leukogramapp.profiles.ChoosePatient,class,18,21,3,18,9,3,0,28,8,0.8,0.16666667,0.16666667,5,0,3,1,1,0,4,0,0,0,11,0,0,11,0,0,6,0,1,96,2,0,1,1,0,6,10,27,3,27,2,1,0,0,88,1,0
/home/arch_design_predict/download-github-repos/mvp/repos/LeukogramApp-master/app/src/main/java/br/com/rg/gabrielsalles/leukogramapp/results/Results.java,br.com.rg.gabrielsalles.leukogramapp.results.Results$ExamsListAdapter,innerclass,8,8,0,8,3,2,0,11,0,0.0,1.0,1.0,2,0,2,0,0,0,2,0,0,0,1,0,0,1,0,0,0,0,0,44,1,0,1,0,0,0,0,7,0,6,1,2,0,0,26,2,0
/home/arch_design_predict/download-github-repos/mvp/repos/LeukogramApp-master/app/src/androidTest/java/br/com/rg/gabrielsalles/leukogramapp/ExampleInstrumentedTest.java,br.com.rg.gabrielsalles.leukogramapp.ExampleInstrumentedTest,class,4,4,0,4,1,1,0,3,0,0.0,NaN,NaN,1,0,1,0,0,0,1,0,0,0,0,0,0,0,0,0,0,0,0,6,0,0,0,0,0,1,0,1,0,1,0,0,0,0,21,1,0
/home/arch_design_predict/download-github-repos/mvp/repos/LeukogramApp-master/app/src/main/java/br/com/rg/gabrielsalles/leukogramapp/profiles/MainPatient.java,br.com.rg.gabrielsalles.leukogramapp.profiles.MainPatient,class,19,22,3,19,9,3,0,31,3,0.6833334,0.33333334,0.5,6,0,3,2,1,0,4,0,0,0,10,0,0,10,0,0,2,0,0,81,2,0,2,1,0,3,6,26,0,25,2,1,0,0,89,1,0
/home/arch_design_predict/download-github-repos/mvp/repos/LeukogramApp-master/app/src/main/java/br/com/rg/gabrielsalles/leukogramapp/cellsListing/OtherCells_Fragment.java,br.com.rg.gabrielsalles.leukogramapp.cellsListing.OtherCells_Fragment,class,8,11,3,8,8,2,0,12,19,0.8441559,0.04761905,0.04761905,7,1,7,0,0,0,7,0,0,0,11,2,0,11,0,0,2,0,0,128,3,0,1,0,0,2,0,13,0,14,1,2,1,0,53,1,0
/home/arch_design_predict/download-github-repos/mvp/repos/LeukogramApp-master/app/src/main/java/br/com/rg/gabrielsalles/leukogramapp/cellsListing/MainCells_Fragment.java,br.com.rg.gabrielsalles.leukogramapp.cellsListing.MainCells_Fragment,class,8,10,2,8,11,2,0,14,43,0.8818182,0.022222223,0.022222223,10,2,10,0,0,0,10,0,0,0,11,2,0,11,0,0,2,0,0,143,4,0,1,0,0,2,0,16,0,16,1,2,1,0,55,1,0
/home/arch_design_predict/download-github-repos/mvp/repos/LeukogramApp-master/app/src/main/java/br/com/rg/gabrielsalles/leukogramapp/sqlite/SqliteQueries.java,br.com.rg.gabrielsalles.leukogramapp.sqlite.SqliteQueries,class,5,13,8,5,31,2,0,24,0,0.8347107,1.0,1.0,11,0,1,9,1,0,2,0,0,0,11,0,0,11,0,0,9,0,7,177,11,3,5,0,0,53,60,71,18,48,2,0,0,0,104,1,0
/home/arch_design_predict/download-github-repos/mvp/repos/LeukogramApp-master/app/src/main/java/br/com/rg/gabrielsalles/leukogramapp/cellsListing/OtherCells_Fragment.java,br.com.rg.gabrielsalles.leukogramapp.cellsListing.OtherCells_Fragment$OnFragmentInteractionListener,interface,1,1,0,1,1,1,0,0,0,0.0,NaN,NaN,1,0,0,0,0,1,1,0,0,0,0,0,0,0,0,0,0,0,0,3,0,0,0,0,0,0,0,0,0,0,0,0,0,0,7,1,0
/home/arch_design_predict/download-github-repos/mvp/repos/LeukogramApp-master/app/src/main/java/br/com/rg/gabrielsalles/leukogramapp/otherFiles/SplashActivity.java,br.com.rg.gabrielsalles.leukogramapp.otherFiles.SplashActivity,class,4,4,0,4,1,2,0,3,0,0.0,NaN,NaN,1,0,0,0,1,0,1,0,0,0,0,0,0,0,0,0,0,0,0,8,0,0,0,0,0,0,0,1,0,1,0,0,0,0,17,1,0
