file,class,method,variable,usage
/home/arch_design_predict/download-github-repos/mvp/repos/Impala-master/impala/src/main/java/hainguyen/impala/network/LoginRepository.java,hainguyen.impala.network.LoginRepository,login/1[hainguyen.impala.network.model.LoginRequest],request,0
/home/arch_design_predict/download-github-repos/mvp/repos/Impala-master/impala/src/main/java/hainguyen/impala/injection/component/AppComponent.java,hainguyen.impala.injection.component.AppComponent,plus/1[hainguyen.impala.injection.module.UserModule],userModule,0
/home/arch_design_predict/download-github-repos/mvp/repos/Impala-master/impala/src/main/java/hainguyen/impala/injection/component/AppComponent.java,hainguyen.impala.injection.component.AppComponent,inject/1[hainguyen.impala.feature.login.view.LoginActivity],loginActivity,0
/home/arch_design_predict/download-github-repos/mvp/repos/Impala-master/impala/src/main/java/hainguyen/impala/util/ContactUtilImpl.java,hainguyen.impala.util.ContactUtilImpl$Anonymous1,call/1[Subscriber<? super List<String>>],subscriber,2
/home/arch_design_predict/download-github-repos/mvp/repos/Impala-master/impala/src/main/java/hainguyen/impala/util/ContactUtilImpl.java,hainguyen.impala.util.ContactUtilImpl$Anonymous1,call/1[Subscriber<? super List<String>>],names,1
/home/arch_design_predict/download-github-repos/mvp/repos/Impala-master/impala/src/main/java/hainguyen/impala/feature/MainActivity.java,hainguyen.impala.feature.MainActivity,onButtonTestClicked/0,intent,1
/home/arch_design_predict/download-github-repos/mvp/repos/Impala-master/impala/src/main/java/hainguyen/impala/feature/MainActivity.java,hainguyen.impala.feature.MainActivity,onCreate/1[hainguyen.impala.feature.Bundle],savedInstanceState,1
/home/arch_design_predict/download-github-repos/mvp/repos/Impala-master/impala/src/main/java/hainguyen/impala/network/model/LoginResponse.java,hainguyen.impala.network.model.LoginResponse$Builder,gender/1[java.lang.String],value,0
/home/arch_design_predict/download-github-repos/mvp/repos/Impala-master/impala/src/main/java/hainguyen/impala/network/model/LoginResponse.java,hainguyen.impala.network.model.LoginResponse$Builder,phone/1[java.lang.String],value,0
/home/arch_design_predict/download-github-repos/mvp/repos/Impala-master/impala/src/main/java/hainguyen/impala/network/model/LoginResponse.java,hainguyen.impala.network.model.LoginResponse$Builder,address/1[java.lang.String],value,0
/home/arch_design_predict/download-github-repos/mvp/repos/Impala-master/impala/src/main/java/hainguyen/impala/network/model/LoginResponse.java,hainguyen.impala.network.model.LoginResponse$Builder,userID/1[java.lang.Integer],value,0
/home/arch_design_predict/download-github-repos/mvp/repos/Impala-master/impala/src/main/java/hainguyen/impala/network/model/LoginResponse.java,hainguyen.impala.network.model.LoginResponse$Builder,dateOfBirth/1[java.lang.String],value,0
/home/arch_design_predict/download-github-repos/mvp/repos/Impala-master/impala/src/main/java/hainguyen/impala/network/model/LoginResponse.java,hainguyen.impala.network.model.LoginResponse$Builder,fullName/1[java.lang.String],value,0
/home/arch_design_predict/download-github-repos/mvp/repos/Impala-master/impala/src/main/java/hainguyen/impala/injection/component/UserComponent.java,hainguyen.impala.injection.component.UserComponent,inject/1[hainguyen.impala.feature.userdetails.view.UserDetailsActivity],userDetailsActivity,0
/home/arch_design_predict/download-github-repos/mvp/repos/Impala-master/impala/src/test/java/hainguyen/impala/LoginPresenterShould.java,hainguyen.impala.LoginPresenterShould,populateContactToEmailList/0,resolver,2
/home/arch_design_predict/download-github-repos/mvp/repos/Impala-master/impala/src/test/java/hainguyen/impala/LoginPresenterShould.java,hainguyen.impala.LoginPresenterShould,populateContactToEmailList/0,contactList,2
/home/arch_design_predict/download-github-repos/mvp/repos/Impala-master/impala/src/main/java/hainguyen/impala/util/ContactUtilImpl.java,hainguyen.impala.util.ContactUtilImpl,getEmailList/1[hainguyen.impala.util.ContentResolver],resolver,0
/home/arch_design_predict/download-github-repos/mvp/repos/Impala-master/impala/src/main/java/hainguyen/impala/feature/userdetails/view/UserDetailsView.java,hainguyen.impala.feature.userdetails.view.UserDetailsView,populateUserDetails/1[hainguyen.impala.model.User],userDetails,0
/home/arch_design_predict/download-github-repos/mvp/repos/Impala-master/impala/src/main/java/hainguyen/impala/application/ApplicationBus.java,hainguyen.impala.application.ApplicationBus,setLogin/1[boolean],login,2
/home/arch_design_predict/download-github-repos/mvp/repos/Impala-master/impala/src/main/java/hainguyen/impala/injection/helper/ScopeHelperImpl.java,hainguyen.impala.injection.helper.ScopeHelperImpl,initUserScope/1[hainguyen.impala.model.User],user,1
/home/arch_design_predict/download-github-repos/mvp/repos/Impala-master/impala/src/main/java/hainguyen/impala/util/Utils.java,hainguyen.impala.util.Utils,"checkDirectory/2[hainguyen.impala.util.Context,java.lang.String]",ctx,1
/home/arch_design_predict/download-github-repos/mvp/repos/Impala-master/impala/src/main/java/hainguyen/impala/util/Utils.java,hainguyen.impala.util.Utils,"checkDirectory/2[hainguyen.impala.util.Context,java.lang.String]",dirFile,6
/home/arch_design_predict/download-github-repos/mvp/repos/Impala-master/impala/src/main/java/hainguyen/impala/util/Utils.java,hainguyen.impala.util.Utils,"checkDirectory/2[hainguyen.impala.util.Context,java.lang.String]",directoryName,2
/home/arch_design_predict/download-github-repos/mvp/repos/Impala-master/impala/src/main/java/hainguyen/impala/util/Utils.java,hainguyen.impala.util.Utils,"getEmailFromCursor/2[java.util.List<java.lang.String>,hainguyen.impala.util.Cursor]",names,1
/home/arch_design_predict/download-github-repos/mvp/repos/Impala-master/impala/src/main/java/hainguyen/impala/util/Utils.java,hainguyen.impala.util.Utils,"getEmailFromCursor/2[java.util.List<java.lang.String>,hainguyen.impala.util.Cursor]",email,3
/home/arch_design_predict/download-github-repos/mvp/repos/Impala-master/impala/src/main/java/hainguyen/impala/util/Utils.java,hainguyen.impala.util.Utils,"getEmailFromCursor/2[java.util.List<java.lang.String>,hainguyen.impala.util.Cursor]",cur1,3
/home/arch_design_predict/download-github-repos/mvp/repos/Impala-master/impala/src/main/java/hainguyen/impala/util/Utils.java,hainguyen.impala.util.Utils,isKeyboardShown/1[hainguyen.impala.util.View],r,2
/home/arch_design_predict/download-github-repos/mvp/repos/Impala-master/impala/src/main/java/hainguyen/impala/util/Utils.java,hainguyen.impala.util.Utils,isKeyboardShown/1[hainguyen.impala.util.View],heightDiff,1
/home/arch_design_predict/download-github-repos/mvp/repos/Impala-master/impala/src/main/java/hainguyen/impala/util/Utils.java,hainguyen.impala.util.Utils,isKeyboardShown/1[hainguyen.impala.util.View],softKeyboardHeightThreshold,1
/home/arch_design_predict/download-github-repos/mvp/repos/Impala-master/impala/src/main/java/hainguyen/impala/util/Utils.java,hainguyen.impala.util.Utils,isKeyboardShown/1[hainguyen.impala.util.View],rootView,3
/home/arch_design_predict/download-github-repos/mvp/repos/Impala-master/impala/src/main/java/hainguyen/impala/util/Utils.java,hainguyen.impala.util.Utils,isKeyboardShown/1[hainguyen.impala.util.View],dm,1
/home/arch_design_predict/download-github-repos/mvp/repos/Impala-master/impala/src/main/java/hainguyen/impala/util/Utils.java,hainguyen.impala.util.Utils,"hideKeyboard/2[hainguyen.impala.util.Context,hainguyen.impala.util.View]",v,2
/home/arch_design_predict/download-github-repos/mvp/repos/Impala-master/impala/src/main/java/hainguyen/impala/util/Utils.java,hainguyen.impala.util.Utils,"hideKeyboard/2[hainguyen.impala.util.Context,hainguyen.impala.util.View]",context,1
/home/arch_design_predict/download-github-repos/mvp/repos/Impala-master/impala/src/main/java/hainguyen/impala/util/Utils.java,hainguyen.impala.util.Utils,"hideKeyboard/2[hainguyen.impala.util.Context,hainguyen.impala.util.View]",imm,1
/home/arch_design_predict/download-github-repos/mvp/repos/Impala-master/impala/src/main/java/hainguyen/impala/util/Utils.java,hainguyen.impala.util.Utils,checkSdCard/0,mExternalStorageWritable,4
/home/arch_design_predict/download-github-repos/mvp/repos/Impala-master/impala/src/main/java/hainguyen/impala/util/Utils.java,hainguyen.impala.util.Utils,checkSdCard/0,state,2
/home/arch_design_predict/download-github-repos/mvp/repos/Impala-master/impala/src/main/java/hainguyen/impala/util/Utils.java,hainguyen.impala.util.Utils,getNameEmailDetails/1[hainguyen.impala.util.ContentResolver],resolver,2
/home/arch_design_predict/download-github-repos/mvp/repos/Impala-master/impala/src/main/java/hainguyen/impala/util/Utils.java,hainguyen.impala.util.Utils,getNameEmailDetails/1[hainguyen.impala.util.ContentResolver],cur,4
/home/arch_design_predict/download-github-repos/mvp/repos/Impala-master/impala/src/main/java/hainguyen/impala/util/Utils.java,hainguyen.impala.util.Utils,getNameEmailDetails/1[hainguyen.impala.util.ContentResolver],names,2
/home/arch_design_predict/download-github-repos/mvp/repos/Impala-master/impala/src/main/java/hainguyen/impala/util/Utils.java,hainguyen.impala.util.Utils,getNameEmailDetails/1[hainguyen.impala.util.ContentResolver],id,1
/home/arch_design_predict/download-github-repos/mvp/repos/Impala-master/impala/src/main/java/hainguyen/impala/util/Utils.java,hainguyen.impala.util.Utils,getNameEmailDetails/1[hainguyen.impala.util.ContentResolver],cur1,2
/home/arch_design_predict/download-github-repos/mvp/repos/Impala-master/impala/src/main/java/hainguyen/impala/util/ContactUtil.java,hainguyen.impala.util.ContactUtil,getEmailList/1[hainguyen.impala.util.ContentResolver],resolver,0
/home/arch_design_predict/download-github-repos/mvp/repos/Impala-master/impala/src/main/java/hainguyen/impala/injection/module/PresenterModule.java,hainguyen.impala.injection.module.PresenterModule,"provideLoginPresenter/4[hainguyen.impala.data.UserProfile,hainguyen.impala.util.ContactUtil,hainguyen.impala.application.ApplicationBus,hainguyen.impala.injection.helper.ScopeHelper]",bus,1
/home/arch_design_predict/download-github-repos/mvp/repos/Impala-master/impala/src/main/java/hainguyen/impala/injection/module/PresenterModule.java,hainguyen.impala.injection.module.PresenterModule,"provideLoginPresenter/4[hainguyen.impala.data.UserProfile,hainguyen.impala.util.ContactUtil,hainguyen.impala.application.ApplicationBus,hainguyen.impala.injection.helper.ScopeHelper]",util,1
/home/arch_design_predict/download-github-repos/mvp/repos/Impala-master/impala/src/main/java/hainguyen/impala/injection/module/PresenterModule.java,hainguyen.impala.injection.module.PresenterModule,"provideLoginPresenter/4[hainguyen.impala.data.UserProfile,hainguyen.impala.util.ContactUtil,hainguyen.impala.application.ApplicationBus,hainguyen.impala.injection.helper.ScopeHelper]",scopeHelper,1
/home/arch_design_predict/download-github-repos/mvp/repos/Impala-master/impala/src/main/java/hainguyen/impala/injection/module/PresenterModule.java,hainguyen.impala.injection.module.PresenterModule,"provideLoginPresenter/4[hainguyen.impala.data.UserProfile,hainguyen.impala.util.ContactUtil,hainguyen.impala.application.ApplicationBus,hainguyen.impala.injection.helper.ScopeHelper]",userProfile,1
/home/arch_design_predict/download-github-repos/mvp/repos/Impala-master/impala/src/main/java/hainguyen/impala/application/ImpalaApplication.java,hainguyen.impala.application.ImpalaApplication$ContextProvider,setContext/1[hainguyen.impala.application.Context],context,1
/home/arch_design_predict/download-github-repos/mvp/repos/Impala-master/impala/src/main/java/hainguyen/impala/appsenum/Enums.java,hainguyen.impala.appsenum.Enums$EmailErrorType,EmailErrorType/1[int],id,2
/home/arch_design_predict/download-github-repos/mvp/repos/Impala-master/impala/src/main/java/hainguyen/impala/feature/login/presenter/LoginPresenterImpl.java,hainguyen.impala.feature.login.presenter.LoginPresenterImpl,"attemptLogin/2[java.lang.String,java.lang.String]",password,1
/home/arch_design_predict/download-github-repos/mvp/repos/Impala-master/impala/src/main/java/hainguyen/impala/feature/login/presenter/LoginPresenterImpl.java,hainguyen.impala.feature.login.presenter.LoginPresenterImpl,"attemptLogin/2[java.lang.String,java.lang.String]",loginServiceSubscription,1
/home/arch_design_predict/download-github-repos/mvp/repos/Impala-master/impala/src/main/java/hainguyen/impala/feature/login/presenter/LoginPresenterImpl.java,hainguyen.impala.feature.login.presenter.LoginPresenterImpl,"attemptLogin/2[java.lang.String,java.lang.String]",email,1
/home/arch_design_predict/download-github-repos/mvp/repos/Impala-master/impala/src/main/java/hainguyen/impala/feature/login/presenter/LoginPresenterImpl.java,hainguyen.impala.feature.login.presenter.LoginPresenterImpl,validateEmail/1[java.lang.String],email,2
/home/arch_design_predict/download-github-repos/mvp/repos/Impala-master/impala/src/main/java/hainguyen/impala/feature/login/presenter/LoginPresenterImpl.java,hainguyen.impala.feature.login.presenter.LoginPresenterImpl,"LoginPresenterImpl/4[hainguyen.impala.data.UserProfile,hainguyen.impala.util.ContactUtil,hainguyen.impala.application.ApplicationBus,hainguyen.impala.injection.helper.ScopeHelper]",util,1
/home/arch_design_predict/download-github-repos/mvp/repos/Impala-master/impala/src/main/java/hainguyen/impala/feature/login/presenter/LoginPresenterImpl.java,hainguyen.impala.feature.login.presenter.LoginPresenterImpl,"LoginPresenterImpl/4[hainguyen.impala.data.UserProfile,hainguyen.impala.util.ContactUtil,hainguyen.impala.application.ApplicationBus,hainguyen.impala.injection.helper.ScopeHelper]",scopeHelper,2
/home/arch_design_predict/download-github-repos/mvp/repos/Impala-master/impala/src/main/java/hainguyen/impala/feature/login/presenter/LoginPresenterImpl.java,hainguyen.impala.feature.login.presenter.LoginPresenterImpl,"LoginPresenterImpl/4[hainguyen.impala.data.UserProfile,hainguyen.impala.util.ContactUtil,hainguyen.impala.application.ApplicationBus,hainguyen.impala.injection.helper.ScopeHelper]",applicationBus,1
/home/arch_design_predict/download-github-repos/mvp/repos/Impala-master/impala/src/main/java/hainguyen/impala/feature/login/presenter/LoginPresenterImpl.java,hainguyen.impala.feature.login.presenter.LoginPresenterImpl,"LoginPresenterImpl/4[hainguyen.impala.data.UserProfile,hainguyen.impala.util.ContactUtil,hainguyen.impala.application.ApplicationBus,hainguyen.impala.injection.helper.ScopeHelper]",userProfile,2
/home/arch_design_predict/download-github-repos/mvp/repos/Impala-master/impala/src/main/java/hainguyen/impala/feature/login/presenter/LoginPresenterImpl.java,hainguyen.impala.feature.login.presenter.LoginPresenterImpl,populateAutoComplete/1[hainguyen.impala.feature.login.presenter.ContentResolver],resolver,1
/home/arch_design_predict/download-github-repos/mvp/repos/Impala-master/impala/src/main/java/hainguyen/impala/feature/login/presenter/LoginPresenterImpl.java,hainguyen.impala.feature.login.presenter.LoginPresenterImpl,populateAutoComplete/1[hainguyen.impala.feature.login.presenter.ContentResolver],contactSubscription,1
/home/arch_design_predict/download-github-repos/mvp/repos/Impala-master/impala/src/main/java/hainguyen/impala/feature/login/presenter/LoginPresenterImpl.java,hainguyen.impala.feature.login.presenter.LoginPresenterImpl,isEmailValid/1[java.lang.String],email,1
/home/arch_design_predict/download-github-repos/mvp/repos/Impala-master/impala/src/main/java/hainguyen/impala/feature/login/presenter/LoginPresenterImpl.java,hainguyen.impala.feature.login.presenter.LoginPresenterImpl,isPasswordValid/1[java.lang.String],password,1
/home/arch_design_predict/download-github-repos/mvp/repos/Impala-master/impala/src/main/java/hainguyen/impala/feature/login/presenter/LoginPresenterImpl.java,hainguyen.impala.feature.login.presenter.LoginPresenterImpl,setView/1[hainguyen.impala.feature.login.view.LoginView],view,1
/home/arch_design_predict/download-github-repos/mvp/repos/Impala-master/impala/src/main/java/hainguyen/impala/feature/login/presenter/LoginPresenterImpl.java,hainguyen.impala.feature.login.presenter.LoginPresenterImpl,validatePassword/1[java.lang.String],password,2
/home/arch_design_predict/download-github-repos/mvp/repos/Impala-master/impala/src/main/java/hainguyen/impala/injection/module/DataModule.java,hainguyen.impala.injection.module.DataModule,provideUserProfile/1[hainguyen.impala.network.LoginRepository],loginRepository,1
/home/arch_design_predict/download-github-repos/mvp/repos/Impala-master/impala/src/main/java/hainguyen/impala/feature/base/ImpalaPresenter.java,hainguyen.impala.feature.base.ImpalaPresenter,setView/1[T],view,0
/home/arch_design_predict/download-github-repos/mvp/repos/Impala-master/impala/src/main/java/hainguyen/impala/feature/login/view/LoginActivity.java,hainguyen.impala.feature.login.view.LoginActivity$Anonymous3,onAnimationEnd/1[hainguyen.impala.feature.login.view.Animator],animation,0
/home/arch_design_predict/download-github-repos/mvp/repos/Impala-master/impala/src/main/java/hainguyen/impala/injection/module/ApiModule.java,hainguyen.impala.injection.module.ApiModule,provideLoginRepository/1[hainguyen.impala.network.LoginService],service,1
/home/arch_design_predict/download-github-repos/mvp/repos/Impala-master/impala/src/main/java/hainguyen/impala/injection/module/ApiModule.java,hainguyen.impala.injection.module.ApiModule,provideLoginService/1[hainguyen.impala.injection.module.Retrofit],retrofit,1
/home/arch_design_predict/download-github-repos/mvp/repos/Impala-master/impala/src/main/java/hainguyen/impala/injection/module/ApiModule.java,hainguyen.impala.injection.module.ApiModule,provideOkHttpClient/0,interceptor,2
/home/arch_design_predict/download-github-repos/mvp/repos/Impala-master/impala/src/main/java/hainguyen/impala/injection/module/ApiModule.java,hainguyen.impala.injection.module.ApiModule,"provideRetrofit/2[hainguyen.impala.injection.module.OkHttpClient,java.lang.String]",client,2
/home/arch_design_predict/download-github-repos/mvp/repos/Impala-master/impala/src/main/java/hainguyen/impala/injection/module/ApiModule.java,hainguyen.impala.injection.module.ApiModule,"provideRetrofit/2[hainguyen.impala.injection.module.OkHttpClient,java.lang.String]",url,1
/home/arch_design_predict/download-github-repos/mvp/repos/Impala-master/impala/src/main/java/hainguyen/impala/feature/login/view/LoginActivity.java,hainguyen.impala.feature.login.view.LoginActivity$Anonymous1,onClick/1[hainguyen.impala.feature.login.view.View],v,0
/home/arch_design_predict/download-github-repos/mvp/repos/Impala-master/impala/src/main/java/hainguyen/impala/feature/login/view/LoginActivity.java,hainguyen.impala.feature.login.view.LoginActivity$Anonymous2,onAnimationEnd/1[hainguyen.impala.feature.login.view.Animator],animation,0
/home/arch_design_predict/download-github-repos/mvp/repos/Impala-master/impala/src/main/java/hainguyen/impala/injection/helper/ScopeHelper.java,hainguyen.impala.injection.helper.ScopeHelper,initUserScope/1[hainguyen.impala.model.User],user,0
/home/arch_design_predict/download-github-repos/mvp/repos/Impala-master/impala/src/main/java/hainguyen/impala/feature/userdetails/view/UserDetailsActivity.java,hainguyen.impala.feature.userdetails.view.UserDetailsActivity,backToLoginScreen/0,intent,1
/home/arch_design_predict/download-github-repos/mvp/repos/Impala-master/impala/src/main/java/hainguyen/impala/feature/userdetails/view/UserDetailsActivity.java,hainguyen.impala.feature.userdetails.view.UserDetailsActivity,onCreate/1[hainguyen.impala.feature.userdetails.view.Bundle],savedInstanceState,1
/home/arch_design_predict/download-github-repos/mvp/repos/Impala-master/impala/src/main/java/hainguyen/impala/feature/userdetails/view/UserDetailsActivity.java,hainguyen.impala.feature.userdetails.view.UserDetailsActivity,populateUserDetails/1[hainguyen.impala.model.User],userDetails,5
/home/arch_design_predict/download-github-repos/mvp/repos/Impala-master/impala/src/main/java/hainguyen/impala/feature/userdetails/view/UserDetailsActivity.java,hainguyen.impala.feature.userdetails.view.UserDetailsActivity,onActionButtonClicked/1[hainguyen.impala.feature.userdetails.view.View],view,1
/home/arch_design_predict/download-github-repos/mvp/repos/Impala-master/impala/src/main/java/hainguyen/impala/model/User.java,hainguyen.impala.model.User,setDateOfBirth/1[java.lang.String],dateOfBirth,2
/home/arch_design_predict/download-github-repos/mvp/repos/Impala-master/impala/src/main/java/hainguyen/impala/model/User.java,hainguyen.impala.model.User,transformFrom/1[hainguyen.impala.network.model.LoginResponse],response,5
/home/arch_design_predict/download-github-repos/mvp/repos/Impala-master/impala/src/main/java/hainguyen/impala/model/User.java,hainguyen.impala.model.User,setGender/1[java.lang.String],gender,2
/home/arch_design_predict/download-github-repos/mvp/repos/Impala-master/impala/src/main/java/hainguyen/impala/model/User.java,hainguyen.impala.model.User,setPhone/1[java.lang.String],phone,2
/home/arch_design_predict/download-github-repos/mvp/repos/Impala-master/impala/src/main/java/hainguyen/impala/model/User.java,hainguyen.impala.model.User,setFullName/1[java.lang.String],fullName,2
/home/arch_design_predict/download-github-repos/mvp/repos/Impala-master/impala/src/main/java/hainguyen/impala/model/User.java,hainguyen.impala.model.User,setAddress/1[java.lang.String],address,2
/home/arch_design_predict/download-github-repos/mvp/repos/Impala-master/impala/src/main/java/hainguyen/impala/injection/module/AppModule.java,hainguyen.impala.injection.module.AppModule,AppModule/1[hainguyen.impala.application.ImpalaApplication],impalaApplication,1
/home/arch_design_predict/download-github-repos/mvp/repos/Impala-master/impala/src/main/java/hainguyen/impala/network/LoginService.java,hainguyen.impala.network.LoginService,login/1[hainguyen.impala.network.model.LoginRequest],request,0
/home/arch_design_predict/download-github-repos/mvp/repos/Impala-master/impala/src/main/java/hainguyen/impala/feature/login/view/LoginView.java,hainguyen.impala.feature.login.view.LoginView,showProgress/1[boolean],show,0
/home/arch_design_predict/download-github-repos/mvp/repos/Impala-master/impala/src/main/java/hainguyen/impala/feature/login/view/LoginView.java,hainguyen.impala.feature.login.view.LoginView,addEmailsToAutoComplete/1[java.util.List<java.lang.String>],emailAddressCollection,0
/home/arch_design_predict/download-github-repos/mvp/repos/Impala-master/impala/src/main/java/hainguyen/impala/feature/login/view/LoginView.java,hainguyen.impala.feature.login.view.LoginView,setEmailViewError/1[hainguyen.impala.appsenum.Enums.EmailErrorType],errorType,0
/home/arch_design_predict/download-github-repos/mvp/repos/Impala-master/impala/src/main/java/hainguyen/impala/application/ImpalaApplication.java,hainguyen.impala.application.ImpalaApplication,createUserComponent/1[hainguyen.impala.model.User],user,1
/home/arch_design_predict/download-github-repos/mvp/repos/Impala-master/impala/src/main/java/hainguyen/impala/feature/base/BaseActivity.java,hainguyen.impala.feature.base.BaseActivity,dispatchTouchEvent/1[hainguyen.impala.feature.base.MotionEvent],ret,1
/home/arch_design_predict/download-github-repos/mvp/repos/Impala-master/impala/src/main/java/hainguyen/impala/feature/base/BaseActivity.java,hainguyen.impala.feature.base.BaseActivity,dispatchTouchEvent/1[hainguyen.impala.feature.base.MotionEvent],v,3
/home/arch_design_predict/download-github-repos/mvp/repos/Impala-master/impala/src/main/java/hainguyen/impala/feature/base/BaseActivity.java,hainguyen.impala.feature.base.BaseActivity,dispatchTouchEvent/1[hainguyen.impala.feature.base.MotionEvent],beforeDispatch,1
/home/arch_design_predict/download-github-repos/mvp/repos/Impala-master/impala/src/main/java/hainguyen/impala/feature/base/BaseActivity.java,hainguyen.impala.feature.base.BaseActivity,dispatchTouchEvent/1[hainguyen.impala.feature.base.MotionEvent],isAfterDispatch,1
/home/arch_design_predict/download-github-repos/mvp/repos/Impala-master/impala/src/main/java/hainguyen/impala/feature/base/BaseActivity.java,hainguyen.impala.feature.base.BaseActivity,dispatchTouchEvent/1[hainguyen.impala.feature.base.MotionEvent],event,4
/home/arch_design_predict/download-github-repos/mvp/repos/Impala-master/impala/src/main/java/hainguyen/impala/feature/login/presenter/LoginPresenterImpl.java,hainguyen.impala.feature.login.presenter.LoginPresenterImpl$Anonymous2,onNext/1[hainguyen.impala.model.User],user,1
/home/arch_design_predict/download-github-repos/mvp/repos/Impala-master/impala/src/main/java/hainguyen/impala/feature/login/presenter/LoginPresenterImpl.java,hainguyen.impala.feature.login.presenter.LoginPresenterImpl$Anonymous2,onError/1[java.lang.Throwable],e,0
/home/arch_design_predict/download-github-repos/mvp/repos/Impala-master/impala/src/main/java/hainguyen/impala/feature/login/presenter/LoginPresenterImpl.java,hainguyen.impala.feature.login.presenter.LoginPresenterImpl$Anonymous1,onError/1[java.lang.Throwable],e,0
/home/arch_design_predict/download-github-repos/mvp/repos/Impala-master/impala/src/main/java/hainguyen/impala/feature/login/presenter/LoginPresenterImpl.java,hainguyen.impala.feature.login.presenter.LoginPresenterImpl$Anonymous1,onNext/1[java.util.List<java.lang.String>],emails,1
/home/arch_design_predict/download-github-repos/mvp/repos/Impala-master/impala/src/main/java/hainguyen/impala/network/model/LoginResponse.java,hainguyen.impala.network.model.LoginResponse,"create/6[java.lang.Integer,java.lang.String,java.lang.String,java.lang.String,java.lang.String,java.lang.String]",address,1
/home/arch_design_predict/download-github-repos/mvp/repos/Impala-master/impala/src/main/java/hainguyen/impala/network/model/LoginResponse.java,hainguyen.impala.network.model.LoginResponse,"create/6[java.lang.Integer,java.lang.String,java.lang.String,java.lang.String,java.lang.String,java.lang.String]",gender,1
/home/arch_design_predict/download-github-repos/mvp/repos/Impala-master/impala/src/main/java/hainguyen/impala/network/model/LoginResponse.java,hainguyen.impala.network.model.LoginResponse,"create/6[java.lang.Integer,java.lang.String,java.lang.String,java.lang.String,java.lang.String,java.lang.String]",phone,1
/home/arch_design_predict/download-github-repos/mvp/repos/Impala-master/impala/src/main/java/hainguyen/impala/network/model/LoginResponse.java,hainguyen.impala.network.model.LoginResponse,"create/6[java.lang.Integer,java.lang.String,java.lang.String,java.lang.String,java.lang.String,java.lang.String]",name,1
/home/arch_design_predict/download-github-repos/mvp/repos/Impala-master/impala/src/main/java/hainguyen/impala/network/model/LoginResponse.java,hainguyen.impala.network.model.LoginResponse,"create/6[java.lang.Integer,java.lang.String,java.lang.String,java.lang.String,java.lang.String,java.lang.String]",dateOfBirth,1
/home/arch_design_predict/download-github-repos/mvp/repos/Impala-master/impala/src/main/java/hainguyen/impala/network/model/LoginResponse.java,hainguyen.impala.network.model.LoginResponse,"create/6[java.lang.Integer,java.lang.String,java.lang.String,java.lang.String,java.lang.String,java.lang.String]",id,1
/home/arch_design_predict/download-github-repos/mvp/repos/Impala-master/impala/src/main/java/hainguyen/impala/network/model/LoginResponse.java,hainguyen.impala.network.model.LoginResponse,typeAdapter/1[hainguyen.impala.network.model.Gson],gson,1
/home/arch_design_predict/download-github-repos/mvp/repos/Impala-master/acceptance/src/test/java/hainguyen/impala/automation/base/Util.java,hainguyen.impala.automation.base.Util,"waitForTextDisplay/4[hainguyen.impala.automation.base.AppiumDriver,hainguyen.impala.automation.base.By,java.lang.String,int]",Element,1
/home/arch_design_predict/download-github-repos/mvp/repos/Impala-master/acceptance/src/test/java/hainguyen/impala/automation/base/Util.java,hainguyen.impala.automation.base.Util,"waitForTextDisplay/4[hainguyen.impala.automation.base.AppiumDriver,hainguyen.impala.automation.base.By,java.lang.String,int]",drive,1
/home/arch_design_predict/download-github-repos/mvp/repos/Impala-master/acceptance/src/test/java/hainguyen/impala/automation/base/Util.java,hainguyen.impala.automation.base.Util,"waitForTextDisplay/4[hainguyen.impala.automation.base.AppiumDriver,hainguyen.impala.automation.base.By,java.lang.String,int]",sText,1
/home/arch_design_predict/download-github-repos/mvp/repos/Impala-master/acceptance/src/test/java/hainguyen/impala/automation/base/Util.java,hainguyen.impala.automation.base.Util,"waitForTextDisplay/4[hainguyen.impala.automation.base.AppiumDriver,hainguyen.impala.automation.base.By,java.lang.String,int]",iNumber,1
/home/arch_design_predict/download-github-repos/mvp/repos/Impala-master/acceptance/src/test/java/hainguyen/impala/automation/base/Util.java,hainguyen.impala.automation.base.Util,"waitForTextDisplay/4[hainguyen.impala.automation.base.AppiumDriver,hainguyen.impala.automation.base.By,java.lang.String,int]",timeout,2
/home/arch_design_predict/download-github-repos/mvp/repos/Impala-master/acceptance/src/test/java/hainguyen/impala/automation/base/Util.java,hainguyen.impala.automation.base.Util,"IsElementNotDisplay/2[hainguyen.impala.automation.base.AppiumDriver,hainguyen.impala.automation.base.By]",e,0
/home/arch_design_predict/download-github-repos/mvp/repos/Impala-master/acceptance/src/test/java/hainguyen/impala/automation/base/Util.java,hainguyen.impala.automation.base.Util,"IsElementNotDisplay/2[hainguyen.impala.automation.base.AppiumDriver,hainguyen.impala.automation.base.By]",Element,3
/home/arch_design_predict/download-github-repos/mvp/repos/Impala-master/acceptance/src/test/java/hainguyen/impala/automation/base/Util.java,hainguyen.impala.automation.base.Util,"IsElementNotDisplay/2[hainguyen.impala.automation.base.AppiumDriver,hainguyen.impala.automation.base.By]",drive,1
/home/arch_design_predict/download-github-repos/mvp/repos/Impala-master/acceptance/src/test/java/hainguyen/impala/automation/base/Util.java,hainguyen.impala.automation.base.Util,DateTime/0,date,1
/home/arch_design_predict/download-github-repos/mvp/repos/Impala-master/acceptance/src/test/java/hainguyen/impala/automation/base/Util.java,hainguyen.impala.automation.base.Util,DateTime/0,dateFormat,1
/home/arch_design_predict/download-github-repos/mvp/repos/Impala-master/acceptance/src/test/java/hainguyen/impala/automation/base/Util.java,hainguyen.impala.automation.base.Util,DateTime/0,date1,1
/home/arch_design_predict/download-github-repos/mvp/repos/Impala-master/acceptance/src/test/java/hainguyen/impala/automation/base/Util.java,hainguyen.impala.automation.base.Util,"IsTextPresentAndClick/3[hainguyen.impala.automation.base.AppiumDriver,hainguyen.impala.automation.base.By,java.lang.String]",e,0
/home/arch_design_predict/download-github-repos/mvp/repos/Impala-master/acceptance/src/test/java/hainguyen/impala/automation/base/Util.java,hainguyen.impala.automation.base.Util,"IsTextPresentAndClick/3[hainguyen.impala.automation.base.AppiumDriver,hainguyen.impala.automation.base.By,java.lang.String]",Element,2
/home/arch_design_predict/download-github-repos/mvp/repos/Impala-master/acceptance/src/test/java/hainguyen/impala/automation/base/Util.java,hainguyen.impala.automation.base.Util,"IsTextPresentAndClick/3[hainguyen.impala.automation.base.AppiumDriver,hainguyen.impala.automation.base.By,java.lang.String]",drive,3
/home/arch_design_predict/download-github-repos/mvp/repos/Impala-master/acceptance/src/test/java/hainguyen/impala/automation/base/Util.java,hainguyen.impala.automation.base.Util,"IsTextPresentAndClick/3[hainguyen.impala.automation.base.AppiumDriver,hainguyen.impala.automation.base.By,java.lang.String]",sText,1
/home/arch_design_predict/download-github-repos/mvp/repos/Impala-master/acceptance/src/test/java/hainguyen/impala/automation/base/Util.java,hainguyen.impala.automation.base.Util,"IsTextPresentAndClick/3[hainguyen.impala.automation.base.AppiumDriver,hainguyen.impala.automation.base.By,java.lang.String]",sAttribute,5
/home/arch_design_predict/download-github-repos/mvp/repos/Impala-master/acceptance/src/test/java/hainguyen/impala/automation/base/Util.java,hainguyen.impala.automation.base.Util,"waitForEnable/3[hainguyen.impala.automation.base.AppiumDriver,hainguyen.impala.automation.base.By,int]",Element,1
/home/arch_design_predict/download-github-repos/mvp/repos/Impala-master/acceptance/src/test/java/hainguyen/impala/automation/base/Util.java,hainguyen.impala.automation.base.Util,"waitForEnable/3[hainguyen.impala.automation.base.AppiumDriver,hainguyen.impala.automation.base.By,int]",drive,1
/home/arch_design_predict/download-github-repos/mvp/repos/Impala-master/acceptance/src/test/java/hainguyen/impala/automation/base/Util.java,hainguyen.impala.automation.base.Util,"waitForEnable/3[hainguyen.impala.automation.base.AppiumDriver,hainguyen.impala.automation.base.By,int]",iNumber,1
/home/arch_design_predict/download-github-repos/mvp/repos/Impala-master/acceptance/src/test/java/hainguyen/impala/automation/base/Util.java,hainguyen.impala.automation.base.Util,"waitForEnable/3[hainguyen.impala.automation.base.AppiumDriver,hainguyen.impala.automation.base.By,int]",timeout,2
/home/arch_design_predict/download-github-repos/mvp/repos/Impala-master/acceptance/src/test/java/hainguyen/impala/automation/base/Util.java,hainguyen.impala.automation.base.Util,AllowPermission/1[hainguyen.impala.automation.base.AppiumDriver],drive,2
/home/arch_design_predict/download-github-repos/mvp/repos/Impala-master/acceptance/src/test/java/hainguyen/impala/automation/base/Util.java,hainguyen.impala.automation.base.Util,AllowPermission/1[hainguyen.impala.automation.base.AppiumDriver],Display,3
/home/arch_design_predict/download-github-repos/mvp/repos/Impala-master/acceptance/src/test/java/hainguyen/impala/automation/base/Util.java,hainguyen.impala.automation.base.Util,"IsElementNotEnable/2[hainguyen.impala.automation.base.AppiumDriver,hainguyen.impala.automation.base.By]",e,0
/home/arch_design_predict/download-github-repos/mvp/repos/Impala-master/acceptance/src/test/java/hainguyen/impala/automation/base/Util.java,hainguyen.impala.automation.base.Util,"IsElementNotEnable/2[hainguyen.impala.automation.base.AppiumDriver,hainguyen.impala.automation.base.By]",Element,1
/home/arch_design_predict/download-github-repos/mvp/repos/Impala-master/acceptance/src/test/java/hainguyen/impala/automation/base/Util.java,hainguyen.impala.automation.base.Util,"IsElementNotEnable/2[hainguyen.impala.automation.base.AppiumDriver,hainguyen.impala.automation.base.By]",drive,1
/home/arch_design_predict/download-github-repos/mvp/repos/Impala-master/acceptance/src/test/java/hainguyen/impala/automation/base/Util.java,hainguyen.impala.automation.base.Util,"IsElementNotEnable/2[hainguyen.impala.automation.base.AppiumDriver,hainguyen.impala.automation.base.By]",sAttribute,3
/home/arch_design_predict/download-github-repos/mvp/repos/Impala-master/acceptance/src/test/java/hainguyen/impala/automation/base/Util.java,hainguyen.impala.automation.base.Util,"IsTextPresent/3[hainguyen.impala.automation.base.AppiumDriver,hainguyen.impala.automation.base.By,java.lang.String]",e,0
/home/arch_design_predict/download-github-repos/mvp/repos/Impala-master/acceptance/src/test/java/hainguyen/impala/automation/base/Util.java,hainguyen.impala.automation.base.Util,"IsTextPresent/3[hainguyen.impala.automation.base.AppiumDriver,hainguyen.impala.automation.base.By,java.lang.String]",Element,4
/home/arch_design_predict/download-github-repos/mvp/repos/Impala-master/acceptance/src/test/java/hainguyen/impala/automation/base/Util.java,hainguyen.impala.automation.base.Util,"IsTextPresent/3[hainguyen.impala.automation.base.AppiumDriver,hainguyen.impala.automation.base.By,java.lang.String]",text,2
/home/arch_design_predict/download-github-repos/mvp/repos/Impala-master/acceptance/src/test/java/hainguyen/impala/automation/base/Util.java,hainguyen.impala.automation.base.Util,"IsTextPresent/3[hainguyen.impala.automation.base.AppiumDriver,hainguyen.impala.automation.base.By,java.lang.String]",drive,1
/home/arch_design_predict/download-github-repos/mvp/repos/Impala-master/acceptance/src/test/java/hainguyen/impala/automation/base/Util.java,hainguyen.impala.automation.base.Util,"IsTextPresent/3[hainguyen.impala.automation.base.AppiumDriver,hainguyen.impala.automation.base.By,java.lang.String]",sText,2
/home/arch_design_predict/download-github-repos/mvp/repos/Impala-master/acceptance/src/test/java/hainguyen/impala/automation/base/Util.java,hainguyen.impala.automation.base.Util,"IsTextPresent/3[hainguyen.impala.automation.base.AppiumDriver,hainguyen.impala.automation.base.By,java.lang.String]",sAttribute,2
/home/arch_design_predict/download-github-repos/mvp/repos/Impala-master/acceptance/src/test/java/hainguyen/impala/automation/base/Util.java,hainguyen.impala.automation.base.Util,"IsElementEnable/2[hainguyen.impala.automation.base.AppiumDriver,hainguyen.impala.automation.base.By]",e,0
/home/arch_design_predict/download-github-repos/mvp/repos/Impala-master/acceptance/src/test/java/hainguyen/impala/automation/base/Util.java,hainguyen.impala.automation.base.Util,"IsElementEnable/2[hainguyen.impala.automation.base.AppiumDriver,hainguyen.impala.automation.base.By]",Element,1
/home/arch_design_predict/download-github-repos/mvp/repos/Impala-master/acceptance/src/test/java/hainguyen/impala/automation/base/Util.java,hainguyen.impala.automation.base.Util,"IsElementEnable/2[hainguyen.impala.automation.base.AppiumDriver,hainguyen.impala.automation.base.By]",drive,1
/home/arch_design_predict/download-github-repos/mvp/repos/Impala-master/acceptance/src/test/java/hainguyen/impala/automation/base/Util.java,hainguyen.impala.automation.base.Util,"IsElementEnable/2[hainguyen.impala.automation.base.AppiumDriver,hainguyen.impala.automation.base.By]",sAttribute,3
/home/arch_design_predict/download-github-repos/mvp/repos/Impala-master/acceptance/src/test/java/hainguyen/impala/automation/base/Util.java,hainguyen.impala.automation.base.Util,"IsElementPresent/2[hainguyen.impala.automation.base.AppiumDriver,hainguyen.impala.automation.base.By]",e,0
/home/arch_design_predict/download-github-repos/mvp/repos/Impala-master/acceptance/src/test/java/hainguyen/impala/automation/base/Util.java,hainguyen.impala.automation.base.Util,"IsElementPresent/2[hainguyen.impala.automation.base.AppiumDriver,hainguyen.impala.automation.base.By]",Element,3
/home/arch_design_predict/download-github-repos/mvp/repos/Impala-master/acceptance/src/test/java/hainguyen/impala/automation/base/Util.java,hainguyen.impala.automation.base.Util,"IsElementPresent/2[hainguyen.impala.automation.base.AppiumDriver,hainguyen.impala.automation.base.By]",drive,1
/home/arch_design_predict/download-github-repos/mvp/repos/Impala-master/acceptance/src/test/java/hainguyen/impala/automation/base/Util.java,hainguyen.impala.automation.base.Util,pauseTestFor/1[long],milliseconds,1
/home/arch_design_predict/download-github-repos/mvp/repos/Impala-master/acceptance/src/test/java/hainguyen/impala/automation/base/Util.java,hainguyen.impala.automation.base.Util,pauseTestFor/1[long],e,1
/home/arch_design_predict/download-github-repos/mvp/repos/Impala-master/impala/src/main/java/hainguyen/impala/injection/module/UserModule.java,hainguyen.impala.injection.module.UserModule,"provideUserDetailsPresenter/2[hainguyen.impala.application.ApplicationBus,hainguyen.impala.model.User]",bus,1
/home/arch_design_predict/download-github-repos/mvp/repos/Impala-master/impala/src/main/java/hainguyen/impala/injection/module/UserModule.java,hainguyen.impala.injection.module.UserModule,"provideUserDetailsPresenter/2[hainguyen.impala.application.ApplicationBus,hainguyen.impala.model.User]",user,1
/home/arch_design_predict/download-github-repos/mvp/repos/Impala-master/impala/src/main/java/hainguyen/impala/injection/module/UserModule.java,hainguyen.impala.injection.module.UserModule,UserModule/1[hainguyen.impala.model.User],user,2
/home/arch_design_predict/download-github-repos/mvp/repos/Impala-master/impala/src/main/java/hainguyen/impala/network/LoginRepositoryImpl.java,hainguyen.impala.network.LoginRepositoryImpl,login/1[hainguyen.impala.network.model.LoginRequest],request,1
/home/arch_design_predict/download-github-repos/mvp/repos/Impala-master/impala/src/main/java/hainguyen/impala/network/LoginRepositoryImpl.java,hainguyen.impala.network.LoginRepositoryImpl,LoginRepositoryImpl/1[hainguyen.impala.network.LoginService],service,1
/home/arch_design_predict/download-github-repos/mvp/repos/Impala-master/impala/src/main/java/hainguyen/impala/feature/login/presenter/LoginPresenter.java,hainguyen.impala.feature.login.presenter.LoginPresenter,validateEmail/1[java.lang.String],email,0
/home/arch_design_predict/download-github-repos/mvp/repos/Impala-master/impala/src/main/java/hainguyen/impala/feature/login/presenter/LoginPresenter.java,hainguyen.impala.feature.login.presenter.LoginPresenter,populateAutoComplete/1[hainguyen.impala.feature.login.presenter.ContentResolver],resolver,0
/home/arch_design_predict/download-github-repos/mvp/repos/Impala-master/impala/src/main/java/hainguyen/impala/feature/login/presenter/LoginPresenter.java,hainguyen.impala.feature.login.presenter.LoginPresenter,"attemptLogin/2[java.lang.String,java.lang.String]",password,0
/home/arch_design_predict/download-github-repos/mvp/repos/Impala-master/impala/src/main/java/hainguyen/impala/feature/login/presenter/LoginPresenter.java,hainguyen.impala.feature.login.presenter.LoginPresenter,"attemptLogin/2[java.lang.String,java.lang.String]",email,0
/home/arch_design_predict/download-github-repos/mvp/repos/Impala-master/impala/src/main/java/hainguyen/impala/feature/login/presenter/LoginPresenter.java,hainguyen.impala.feature.login.presenter.LoginPresenter,validatePassword/1[java.lang.String],password,0
/home/arch_design_predict/download-github-repos/mvp/repos/Impala-master/impala/src/main/java/hainguyen/impala/feature/login/view/LoginActivity.java,hainguyen.impala.feature.login.view.LoginActivity,login/0,password,2
/home/arch_design_predict/download-github-repos/mvp/repos/Impala-master/impala/src/main/java/hainguyen/impala/feature/login/view/LoginActivity.java,hainguyen.impala.feature.login.view.LoginActivity,login/0,email,2
/home/arch_design_predict/download-github-repos/mvp/repos/Impala-master/impala/src/main/java/hainguyen/impala/feature/login/view/LoginActivity.java,hainguyen.impala.feature.login.view.LoginActivity,onCreate/1[hainguyen.impala.feature.login.view.Bundle],savedInstanceState,1
/home/arch_design_predict/download-github-repos/mvp/repos/Impala-master/impala/src/main/java/hainguyen/impala/feature/login/view/LoginActivity.java,hainguyen.impala.feature.login.view.LoginActivity,setEmailViewError/1[hainguyen.impala.appsenum.Enums.EmailErrorType],errorType,1
/home/arch_design_predict/download-github-repos/mvp/repos/Impala-master/impala/src/main/java/hainguyen/impala/feature/login/view/LoginActivity.java,hainguyen.impala.feature.login.view.LoginActivity,showEmailError/1[java.lang.String],string,1
/home/arch_design_predict/download-github-repos/mvp/repos/Impala-master/impala/src/main/java/hainguyen/impala/feature/login/view/LoginActivity.java,hainguyen.impala.feature.login.view.LoginActivity,"showLoginForm/2[boolean,int]",show,2
/home/arch_design_predict/download-github-repos/mvp/repos/Impala-master/impala/src/main/java/hainguyen/impala/feature/login/view/LoginActivity.java,hainguyen.impala.feature.login.view.LoginActivity,"showLoginForm/2[boolean,int]",shortAnimTime,1
/home/arch_design_predict/download-github-repos/mvp/repos/Impala-master/impala/src/main/java/hainguyen/impala/feature/login/view/LoginActivity.java,hainguyen.impala.feature.login.view.LoginActivity,showProgress/1[boolean],show,4
/home/arch_design_predict/download-github-repos/mvp/repos/Impala-master/impala/src/main/java/hainguyen/impala/feature/login/view/LoginActivity.java,hainguyen.impala.feature.login.view.LoginActivity,showProgress/1[boolean],shortAnimTime,2
/home/arch_design_predict/download-github-repos/mvp/repos/Impala-master/impala/src/main/java/hainguyen/impala/feature/login/view/LoginActivity.java,hainguyen.impala.feature.login.view.LoginActivity,"onRequestPermissionsResult/3[int,java.lang.String[],int[]]",grantResults,1
/home/arch_design_predict/download-github-repos/mvp/repos/Impala-master/impala/src/main/java/hainguyen/impala/feature/login/view/LoginActivity.java,hainguyen.impala.feature.login.view.LoginActivity,"onRequestPermissionsResult/3[int,java.lang.String[],int[]]",permissions,0
/home/arch_design_predict/download-github-repos/mvp/repos/Impala-master/impala/src/main/java/hainguyen/impala/feature/login/view/LoginActivity.java,hainguyen.impala.feature.login.view.LoginActivity,"onRequestPermissionsResult/3[int,java.lang.String[],int[]]",requestCode,1
/home/arch_design_predict/download-github-repos/mvp/repos/Impala-master/impala/src/main/java/hainguyen/impala/feature/login/view/LoginActivity.java,hainguyen.impala.feature.login.view.LoginActivity,isPermissionGranted/1[int[]],grantResults,2
/home/arch_design_predict/download-github-repos/mvp/repos/Impala-master/impala/src/main/java/hainguyen/impala/feature/login/view/LoginActivity.java,hainguyen.impala.feature.login.view.LoginActivity,addEmailsToAutoComplete/1[java.util.List<java.lang.String>],adapter,1
/home/arch_design_predict/download-github-repos/mvp/repos/Impala-master/impala/src/main/java/hainguyen/impala/feature/login/view/LoginActivity.java,hainguyen.impala.feature.login.view.LoginActivity,addEmailsToAutoComplete/1[java.util.List<java.lang.String>],emailAddressCollection,1
/home/arch_design_predict/download-github-repos/mvp/repos/Impala-master/impala/src/main/java/hainguyen/impala/feature/login/view/LoginActivity.java,hainguyen.impala.feature.login.view.LoginActivity,"showProgressView/2[boolean,int]",show,2
/home/arch_design_predict/download-github-repos/mvp/repos/Impala-master/impala/src/main/java/hainguyen/impala/feature/login/view/LoginActivity.java,hainguyen.impala.feature.login.view.LoginActivity,"showProgressView/2[boolean,int]",shortAnimTime,1
/home/arch_design_predict/download-github-repos/mvp/repos/Impala-master/impala/src/main/java/hainguyen/impala/feature/login/view/LoginActivity.java,hainguyen.impala.feature.login.view.LoginActivity,goToDetailsPage/0,intent,1
/home/arch_design_predict/download-github-repos/mvp/repos/Impala-master/impala/src/main/java/hainguyen/impala/feature/login/view/LoginActivity.java,hainguyen.impala.feature.login.view.LoginActivity,onSignInButtonClicked/1[hainguyen.impala.feature.login.view.View],view,0
/home/arch_design_predict/download-github-repos/mvp/repos/Impala-master/impala/src/main/java/hainguyen/impala/feature/login/view/LoginActivity.java,hainguyen.impala.feature.login.view.LoginActivity,"onEditorAction/3[hainguyen.impala.feature.login.view.TextView,int,hainguyen.impala.feature.login.view.KeyEvent]",keyEvent,0
/home/arch_design_predict/download-github-repos/mvp/repos/Impala-master/impala/src/main/java/hainguyen/impala/feature/login/view/LoginActivity.java,hainguyen.impala.feature.login.view.LoginActivity,"onEditorAction/3[hainguyen.impala.feature.login.view.TextView,int,hainguyen.impala.feature.login.view.KeyEvent]",id,3
/home/arch_design_predict/download-github-repos/mvp/repos/Impala-master/impala/src/main/java/hainguyen/impala/feature/login/view/LoginActivity.java,hainguyen.impala.feature.login.view.LoginActivity,"onEditorAction/3[hainguyen.impala.feature.login.view.TextView,int,hainguyen.impala.feature.login.view.KeyEvent]",textView,0
/home/arch_design_predict/download-github-repos/mvp/repos/Impala-master/impala/src/main/java/hainguyen/impala/data/UserProfile.java,hainguyen.impala.data.UserProfile$Anonymous1,call/1[hainguyen.impala.network.model.LoginResponse],response,1
/home/arch_design_predict/download-github-repos/mvp/repos/Impala-master/impala/src/main/java/hainguyen/impala/data/UserProfile.java,hainguyen.impala.data.UserProfile$Anonymous1,call/1[hainguyen.impala.network.model.LoginResponse],user,2
/home/arch_design_predict/download-github-repos/mvp/repos/Impala-master/acceptance/src/test/java/hainguyen/impala/automation/base/BaseTestClass.java,hainguyen.impala.automation.base.BaseTestClass,getAppPath/1[java.lang.String],currentDir,2
/home/arch_design_predict/download-github-repos/mvp/repos/Impala-master/acceptance/src/test/java/hainguyen/impala/automation/base/BaseTestClass.java,hainguyen.impala.automation.base.BaseTestClass,getAppPath/1[java.lang.String],apkDirectory,3
/home/arch_design_predict/download-github-repos/mvp/repos/Impala-master/acceptance/src/test/java/hainguyen/impala/automation/base/BaseTestClass.java,hainguyen.impala.automation.base.BaseTestClass,getAppPath/1[java.lang.String],file,3
/home/arch_design_predict/download-github-repos/mvp/repos/Impala-master/acceptance/src/test/java/hainguyen/impala/automation/base/BaseTestClass.java,hainguyen.impala.automation.base.BaseTestClass,getAppPath/1[java.lang.String],baseDirPath,1
/home/arch_design_predict/download-github-repos/mvp/repos/Impala-master/acceptance/src/test/java/hainguyen/impala/automation/base/BaseTestClass.java,hainguyen.impala.automation.base.BaseTestClass,getAppPath/1[java.lang.String],appModuleName,1
/home/arch_design_predict/download-github-repos/mvp/repos/Impala-master/acceptance/src/test/java/hainguyen/impala/automation/base/BaseTestClass.java,hainguyen.impala.automation.base.BaseTestClass,getAppPath/1[java.lang.String],apkFilePath,3
/home/arch_design_predict/download-github-repos/mvp/repos/Impala-master/acceptance/src/test/java/hainguyen/impala/automation/base/BaseTestClass.java,hainguyen.impala.automation.base.BaseTestClass,getAppPath/1[java.lang.String],apkDirectoryPath,1
/home/arch_design_predict/download-github-repos/mvp/repos/Impala-master/acceptance/src/test/java/hainguyen/impala/automation/base/BaseTestClass.java,hainguyen.impala.automation.base.BaseTestClass,init/0,cap,8
/home/arch_design_predict/download-github-repos/mvp/repos/Impala-master/impala/src/main/java/hainguyen/impala/network/model/LoginRequest.java,hainguyen.impala.network.model.LoginRequest,typeAdapter/1[hainguyen.impala.network.model.Gson],gson,1
/home/arch_design_predict/download-github-repos/mvp/repos/Impala-master/impala/src/main/java/hainguyen/impala/feature/userdetails/presenter/UserDetailsPresenterImpl.java,hainguyen.impala.feature.userdetails.presenter.UserDetailsPresenterImpl,"UserDetailsPresenterImpl/2[hainguyen.impala.application.ApplicationBus,hainguyen.impala.model.User]",applicationBus,1
/home/arch_design_predict/download-github-repos/mvp/repos/Impala-master/impala/src/main/java/hainguyen/impala/feature/userdetails/presenter/UserDetailsPresenterImpl.java,hainguyen.impala.feature.userdetails.presenter.UserDetailsPresenterImpl,"UserDetailsPresenterImpl/2[hainguyen.impala.application.ApplicationBus,hainguyen.impala.model.User]",user,2
/home/arch_design_predict/download-github-repos/mvp/repos/Impala-master/impala/src/main/java/hainguyen/impala/feature/userdetails/presenter/UserDetailsPresenterImpl.java,hainguyen.impala.feature.userdetails.presenter.UserDetailsPresenterImpl,setView/1[hainguyen.impala.feature.userdetails.view.UserDetailsView],view,1
/home/arch_design_predict/download-github-repos/mvp/repos/Impala-master/impala/src/main/java/hainguyen/impala/network/model/LoginRequest.java,hainguyen.impala.network.model.LoginRequest$Builder,setEmail/1[java.lang.String],value,0
/home/arch_design_predict/download-github-repos/mvp/repos/Impala-master/impala/src/main/java/hainguyen/impala/network/model/LoginRequest.java,hainguyen.impala.network.model.LoginRequest$Builder,setPassword/1[java.lang.String],value,0
/home/arch_design_predict/download-github-repos/mvp/repos/Impala-master/impala/src/main/java/hainguyen/impala/data/UserProfile.java,hainguyen.impala.data.UserProfile,"login/2[java.lang.String,java.lang.String]",request,1
/home/arch_design_predict/download-github-repos/mvp/repos/Impala-master/impala/src/main/java/hainguyen/impala/data/UserProfile.java,hainguyen.impala.data.UserProfile,"login/2[java.lang.String,java.lang.String]",password,1
/home/arch_design_predict/download-github-repos/mvp/repos/Impala-master/impala/src/main/java/hainguyen/impala/data/UserProfile.java,hainguyen.impala.data.UserProfile,"login/2[java.lang.String,java.lang.String]",email,1
/home/arch_design_predict/download-github-repos/mvp/repos/Impala-master/impala/src/main/java/hainguyen/impala/data/UserProfile.java,hainguyen.impala.data.UserProfile,UserProfile/1[hainguyen.impala.network.LoginRepository],loginRepository,2
