file,class,type,cbo,cboModified,fanin,fanout,wmc,dit,noc,rfc,lcom,lcom*,tcc,lcc,totalMethodsQty,staticMethodsQty,publicMethodsQty,privateMethodsQty,protectedMethodsQty,defaultMethodsQty,visibleMethodsQty,abstractMethodsQty,finalMethodsQty,synchronizedMethodsQty,totalFieldsQty,staticFieldsQty,publicFieldsQty,privateFieldsQty,protectedFieldsQty,defaultFieldsQty,finalFieldsQty,synchronizedFieldsQty,nosi,loc,returnQty,loopQty,comparisonsQty,tryCatchQty,parenthesizedExpsQty,stringLiteralsQty,numbersQty,assignmentsQty,mathOperationsQty,variablesQty,maxNestedBlocksQty,anonymousClassesQty,innerClassesQty,lambdasQty,uniqueWordsQty,modifiers,logStatementsQty
/home/arch_design_predict/download-github-repos/mvvm/repos/WanAndroid-MVVM-Kotlin-main/avloading/src/main/java/com/wang/avi/indicators/LineScalePulseOutRapidIndicator.java,com.wang.avi.indicators.LineScalePulseOutRapidIndicator$Anonymous1,anonymous,2,2,0,2,1,1,0,2,0,0.0,NaN,NaN,1,0,1,0,0,0,1,0,0,0,0,0,0,0,0,0,0,0,0,6,0,0,0,0,0,0,0,1,0,0,0,0,0,0,8,-1,0
/home/arch_design_predict/download-github-repos/mvvm/repos/WanAndroid-MVVM-Kotlin-main/avloading/src/main/java/com/wang/avi/indicators/BallZigZagIndicator.java,com.wang.avi.indicators.BallZigZagIndicator,class,6,7,1,6,6,3,1,12,1,0.5,0.0,0.0,2,0,2,0,0,0,2,0,0,0,1,0,0,0,0,1,0,0,0,50,1,2,2,0,0,0,21,12,13,10,2,2,0,0,32,1,0
/home/arch_design_predict/download-github-repos/mvvm/repos/WanAndroid-MVVM-Kotlin-main/flexbox/src/main/java/com/google/android/flexbox/FlexboxLayoutManager.java,com.google.android.flexbox.FlexboxLayoutManager$AnchorInfo,innerclass,4,4,0,4,20,1,0,10,0,0.2857143,NaN,NaN,4,0,1,3,0,0,1,0,0,0,7,0,0,7,0,0,0,0,0,76,1,0,10,0,0,8,3,23,5,9,2,0,0,0,72,2,0
/home/arch_design_predict/download-github-repos/mvvm/repos/WanAndroid-MVVM-Kotlin-main/avloading/src/main/java/com/wang/avi/indicators/BallClipRotatePulseIndicator.java,com.wang.avi.indicators.BallClipRotatePulseIndicator$Anonymous1,anonymous,2,2,0,2,1,1,0,2,0,0.0,NaN,NaN,1,0,1,0,0,0,1,0,0,0,0,0,0,0,0,0,0,0,0,6,0,0,0,0,0,0,0,1,0,0,0,0,0,0,10,-1,0
/home/arch_design_predict/download-github-repos/mvvm/repos/WanAndroid-MVVM-Kotlin-main/flexbox/src/main/java/com/google/android/flexbox/FlexboxHelper.java,com.google.android.flexbox.FlexboxHelper,class,18,21,3,18,279,1,0,121,772,0.8760108,0.18666667,0.30333334,53,0,0,28,0,25,25,0,0,0,7,2,0,5,0,2,3,0,42,1121,47,16,84,0,13,4,121,371,148,191,6,0,2,0,454,0,0
/home/arch_design_predict/download-github-repos/mvvm/repos/WanAndroid-MVVM-Kotlin-main/avloading/src/main/java/com/wang/avi/indicators/BallClipRotatePulseIndicator.java,com.wang.avi.indicators.BallClipRotatePulseIndicator$Anonymous2,anonymous,2,2,0,2,1,1,0,2,0,0.0,NaN,NaN,1,0,1,0,0,0,1,0,0,0,0,0,0,0,0,0,0,0,0,6,0,0,0,0,0,0,0,1,0,0,0,0,0,0,10,-1,0
/home/arch_design_predict/download-github-repos/mvvm/repos/WanAndroid-MVVM-Kotlin-main/avloading/src/main/java/com/wang/avi/indicators/BallPulseSyncIndicator.java,com.wang.avi.indicators.BallPulseSyncIndicator$Anonymous1,anonymous,2,2,0,2,1,1,0,2,0,0.0,NaN,NaN,1,0,1,0,0,0,1,0,0,0,0,0,0,0,0,0,0,0,0,6,0,0,0,0,0,0,0,1,0,0,0,0,0,0,8,-1,0
/home/arch_design_predict/download-github-repos/mvvm/repos/WanAndroid-MVVM-Kotlin-main/statusview/src/main/java/com/shehuan/statusview/StatusView.java,com.shehuan.statusview.StatusView,class,19,20,1,19,59,2,0,63,435,0.8882353,0.13419913,0.45887446,34,4,21,12,1,0,22,0,0,0,10,0,0,10,0,0,0,0,4,203,8,1,15,0,2,2,14,36,0,27,2,0,0,0,93,1,0
/home/arch_design_predict/download-github-repos/mvvm/repos/WanAndroid-MVVM-Kotlin-main/avloading/src/main/java/com/wang/avi/indicators/BallClipRotatePulseIndicator.java,com.wang.avi.indicators.BallClipRotatePulseIndicator$Anonymous3,anonymous,2,2,0,2,1,1,0,2,0,0.0,NaN,NaN,1,0,1,0,0,0,1,0,0,0,0,0,0,0,0,0,0,0,0,6,0,0,0,0,0,0,0,1,0,0,0,0,0,0,9,-1,0
/home/arch_design_predict/download-github-repos/mvvm/repos/WanAndroid-MVVM-Kotlin-main/avloading/src/main/java/com/wang/avi/indicators/SemiCircleSpinIndicator.java,com.wang.avi.indicators.SemiCircleSpinIndicator,class,5,5,0,5,2,3,0,11,1,0.5,0.0,0.0,2,0,2,0,0,0,2,0,0,0,1,0,0,1,0,0,0,0,0,23,1,0,0,0,0,0,9,3,0,4,0,1,0,0,26,1,0
/home/arch_design_predict/download-github-repos/mvvm/repos/WanAndroid-MVVM-Kotlin-main/avloading/src/main/java/com/wang/avi/indicators/BallGridPulseIndicator.java,com.wang.avi.indicators.BallGridPulseIndicator$Anonymous1,anonymous,2,2,0,2,1,1,0,2,0,0.0,NaN,NaN,1,0,1,0,0,0,1,0,0,0,0,0,0,0,0,0,0,0,0,6,0,0,0,0,0,0,0,1,0,0,0,0,0,0,8,-1,0
/home/arch_design_predict/download-github-repos/mvvm/repos/WanAndroid-MVVM-Kotlin-main/avloading/src/main/java/com/wang/avi/indicators/BallGridPulseIndicator.java,com.wang.avi.indicators.BallGridPulseIndicator$Anonymous2,anonymous,2,2,0,2,1,1,0,2,0,0.0,NaN,NaN,1,0,1,0,0,0,1,0,0,0,0,0,0,0,0,0,0,0,0,6,0,0,0,0,0,0,0,1,0,0,0,0,0,0,8,-1,0
/home/arch_design_predict/download-github-repos/mvvm/repos/WanAndroid-MVVM-Kotlin-main/avloading/src/main/java/com/wang/avi/indicators/BallScaleIndicator.java,com.wang.avi.indicators.BallScaleIndicator,class,5,6,1,5,2,3,1,12,1,0.5,0.0,0.0,2,0,2,0,0,0,2,0,0,0,2,0,0,0,0,2,0,0,0,39,1,0,0,0,0,0,16,6,6,6,0,2,0,0,28,1,0
/home/arch_design_predict/download-github-repos/mvvm/repos/WanAndroid-MVVM-Kotlin-main/avloading/src/main/java/com/wang/avi/indicators/BallBeatIndicator.java,com.wang.avi.indicators.BallBeatIndicator$Anonymous1,anonymous,2,2,0,2,1,1,0,2,0,0.0,NaN,NaN,1,0,1,0,0,0,1,0,0,0,0,0,0,0,0,0,0,0,0,6,0,0,0,0,0,0,0,1,0,0,0,0,0,0,8,-1,0
/home/arch_design_predict/download-github-repos/mvvm/repos/WanAndroid-MVVM-Kotlin-main/flexbox/src/main/java/com/google/android/flexbox/FlexboxLayout.java,com.google.android.flexbox.FlexboxLayout$LayoutParams,innerclass,12,12,0,12,38,2,0,13,438,0.84595966,0.15238096,0.43809524,36,0,35,0,1,0,36,0,0,0,11,1,1,10,0,0,1,0,0,182,17,0,1,0,0,0,8,59,0,12,0,1,0,0,93,9,0
/home/arch_design_predict/download-github-repos/mvvm/repos/WanAndroid-MVVM-Kotlin-main/avloading/src/main/java/com/wang/avi/indicators/BallBeatIndicator.java,com.wang.avi.indicators.BallBeatIndicator$Anonymous2,anonymous,2,2,0,2,1,1,0,2,0,0.0,NaN,NaN,1,0,1,0,0,0,1,0,0,0,0,0,0,0,0,0,0,0,0,6,0,0,0,0,0,0,0,1,0,0,0,0,0,0,8,-1,0
/home/arch_design_predict/download-github-repos/mvvm/repos/WanAndroid-MVVM-Kotlin-main/BaseAdapter/src/main/java/com/othershe/baseadapter/interfaces/OnItemClickListener.java,com.othershe.baseadapter.interfaces.OnItemClickListener,interface,2,4,2,2,1,1,0,0,0,0.0,NaN,NaN,1,0,0,0,0,1,1,0,0,0,0,0,0,0,0,0,0,0,0,3,0,0,0,0,0,0,0,0,0,0,0,0,0,0,9,1,0
/home/arch_design_predict/download-github-repos/mvvm/repos/WanAndroid-MVVM-Kotlin-main/avloading/src/main/java/com/wang/avi/Indicator.java,com.wang.avi.Indicator,class,9,89,80,9,40,2,22,29,288,0.8817734,0.14666666,0.14666666,29,0,24,4,1,0,25,2,0,0,7,1,0,6,1,0,1,0,0,125,16,4,4,0,0,0,2,12,0,10,3,0,0,0,83,1025,0
/home/arch_design_predict/download-github-repos/mvvm/repos/WanAndroid-MVVM-Kotlin-main/avloading/src/main/java/com/wang/avi/indicators/BallScaleRippleIndicator.java,com.wang.avi.indicators.BallScaleRippleIndicator$Anonymous2,anonymous,2,2,0,2,1,1,0,2,0,0.0,NaN,NaN,1,0,1,0,0,0,1,0,0,0,0,0,0,0,0,0,0,0,0,6,0,0,0,0,0,0,0,1,0,0,0,0,0,0,9,-1,0
/home/arch_design_predict/download-github-repos/mvvm/repos/WanAndroid-MVVM-Kotlin-main/avloading/src/main/java/com/wang/avi/indicators/BallRotateIndicator.java,com.wang.avi.indicators.BallRotateIndicator$Anonymous1,anonymous,2,2,0,2,1,1,0,2,0,0.0,NaN,NaN,1,0,1,0,0,0,1,0,0,0,0,0,0,0,0,0,0,0,0,6,0,0,0,0,0,0,0,1,0,0,0,0,0,0,10,-1,0
/home/arch_design_predict/download-github-repos/mvvm/repos/WanAndroid-MVVM-Kotlin-main/avloading/src/main/java/com/wang/avi/indicators/BallScaleRippleIndicator.java,com.wang.avi.indicators.BallScaleRippleIndicator$Anonymous1,anonymous,2,2,0,2,1,1,0,2,0,0.0,NaN,NaN,1,0,1,0,0,0,1,0,0,0,0,0,0,0,0,0,0,0,0,6,0,0,0,0,0,0,0,1,0,0,0,0,0,0,9,-1,0
/home/arch_design_predict/download-github-repos/mvvm/repos/WanAndroid-MVVM-Kotlin-main/avloading/src/main/java/com/wang/avi/indicators/BallRotateIndicator.java,com.wang.avi.indicators.BallRotateIndicator$Anonymous2,anonymous,2,2,0,2,1,1,0,2,0,0.0,NaN,NaN,1,0,1,0,0,0,1,0,0,0,0,0,0,0,0,0,0,0,0,6,0,0,0,0,0,0,0,1,0,0,0,0,0,0,9,-1,0
/home/arch_design_predict/download-github-repos/mvvm/repos/WanAndroid-MVVM-Kotlin-main/avloading/src/main/java/com/wang/avi/indicators/BallTrianglePathIndicator.java,com.wang.avi.indicators.BallTrianglePathIndicator,class,6,6,0,6,8,3,0,14,1,0.5,0.0,0.0,2,0,2,0,0,0,2,0,0,0,1,0,0,0,0,1,0,0,0,58,1,2,4,0,0,0,24,14,19,10,2,2,0,0,32,1,0
/home/arch_design_predict/download-github-repos/mvvm/repos/WanAndroid-MVVM-Kotlin-main/avloading/src/main/java/com/wang/avi/indicators/BallPulseIndicator.java,com.wang.avi.indicators.BallPulseIndicator,class,6,7,1,6,4,3,0,14,1,0.75,0.0,0.0,2,0,2,0,0,0,2,0,0,0,2,1,1,1,0,0,1,0,1,38,1,2,0,0,3,0,22,13,13,13,1,1,0,0,40,1,0
/home/arch_design_predict/download-github-repos/mvvm/repos/WanAndroid-MVVM-Kotlin-main/flexbox/src/main/java/com/google/android/flexbox/FlexLine.java,com.google.android.flexbox.FlexLine,class,2,9,7,2,9,1,0,11,18,0.8148148,0.027777778,0.027777778,9,0,7,0,0,2,9,0,0,0,18,0,0,0,0,18,0,0,4,50,7,0,0,0,0,5,0,10,5,19,0,0,0,0,151,1,0
/home/arch_design_predict/download-github-repos/mvvm/repos/WanAndroid-MVVM-Kotlin-main/avloading/src/main/java/com/wang/avi/indicators/BallGridBeatIndicator.java,com.wang.avi.indicators.BallGridBeatIndicator,class,5,5,0,5,5,3,0,12,1,0.75,0.0,0.0,2,0,2,0,0,0,2,0,0,0,2,1,1,0,0,1,1,0,0,42,1,3,0,0,5,0,41,16,23,16,2,1,0,0,42,1,0
/home/arch_design_predict/download-github-repos/mvvm/repos/WanAndroid-MVVM-Kotlin-main/BaseAdapter/src/main/java/com/othershe/baseadapter/interfaces/OnMultiItemClickListeners.java,com.othershe.baseadapter.interfaces.OnMultiItemClickListeners,interface,2,4,2,2,1,1,0,0,0,0.0,NaN,NaN,1,0,0,0,0,1,1,0,0,0,0,0,0,0,0,0,0,0,0,3,0,0,0,0,0,0,0,0,0,0,0,0,0,0,9,1,0
/home/arch_design_predict/download-github-repos/mvvm/repos/WanAndroid-MVVM-Kotlin-main/nicedialog/src/test/java/com/shehuan/nicedialog/ExampleUnitTest.java,com.shehuan.nicedialog.ExampleUnitTest,class,1,1,0,1,1,1,0,1,0,0.0,NaN,NaN,1,0,1,0,0,0,1,0,0,0,0,0,0,0,0,0,0,0,0,5,0,0,0,0,0,0,3,0,1,0,0,0,0,0,23,1,0
/home/arch_design_predict/download-github-repos/mvvm/repos/WanAndroid-MVVM-Kotlin-main/avloading/src/main/java/com/wang/avi/indicators/CubeTransitionIndicator.java,com.wang.avi.indicators.CubeTransitionIndicator$Anonymous4,anonymous,2,2,0,2,1,1,0,2,0,0.0,NaN,NaN,1,0,1,0,0,0,1,0,0,0,0,0,0,0,0,0,0,0,0,6,0,0,0,0,0,0,0,1,0,0,0,0,0,0,9,-1,0
/home/arch_design_predict/download-github-repos/mvvm/repos/WanAndroid-MVVM-Kotlin-main/flexbox/src/main/java/com/google/android/flexbox/FlexboxLayoutManager.java,com.google.android.flexbox.FlexboxLayoutManager$SavedState,innerclass,5,5,0,5,10,1,0,2,0,0.5416667,0.16666667,0.16666667,8,0,3,4,0,1,4,0,0,0,3,1,1,2,0,0,1,0,0,39,3,0,0,0,0,3,2,6,2,3,0,1,0,0,60,10,0
/home/arch_design_predict/download-github-repos/mvvm/repos/WanAndroid-MVVM-Kotlin-main/statusview/src/main/java/com/shehuan/statusview/ViewHolder.java,com.shehuan.statusview.ViewHolder,class,8,11,3,8,14,1,0,12,72,0.8076923,0.015151516,0.015151516,13,1,12,1,0,0,12,0,0,0,2,0,0,2,0,0,0,0,0,58,3,0,1,0,0,0,0,13,0,12,1,0,0,0,29,1,0
/home/arch_design_predict/download-github-repos/mvvm/repos/WanAndroid-MVVM-Kotlin-main/avloading/src/main/java/com/wang/avi/indicators/BallScaleIndicator.java,com.wang.avi.indicators.BallScaleIndicator$Anonymous1,anonymous,2,2,0,2,1,1,0,2,0,0.0,NaN,NaN,1,0,1,0,0,0,1,0,0,0,0,0,0,0,0,0,0,0,0,6,0,0,0,0,0,0,0,1,0,0,0,0,0,0,9,-1,0
/home/arch_design_predict/download-github-repos/mvvm/repos/WanAndroid-MVVM-Kotlin-main/avloading/src/main/java/com/wang/avi/indicators/SemiCircleSpinIndicator.java,com.wang.avi.indicators.SemiCircleSpinIndicator$Anonymous1,anonymous,2,2,0,2,1,1,0,2,0,0.0,NaN,NaN,1,0,1,0,0,0,1,0,0,0,0,0,0,0,0,0,0,0,0,6,0,0,0,0,0,0,0,1,0,0,0,0,0,0,9,-1,0
/home/arch_design_predict/download-github-repos/mvvm/repos/WanAndroid-MVVM-Kotlin-main/avloading/src/main/java/com/wang/avi/indicators/BallScaleIndicator.java,com.wang.avi.indicators.BallScaleIndicator$Anonymous2,anonymous,2,2,0,2,1,1,0,2,0,0.0,NaN,NaN,1,0,1,0,0,0,1,0,0,0,0,0,0,0,0,0,0,0,0,6,0,0,0,0,0,0,0,1,0,0,0,0,0,0,9,-1,0
/home/arch_design_predict/download-github-repos/mvvm/repos/WanAndroid-MVVM-Kotlin-main/BaseAdapter/src/main/java/com/othershe/baseadapter/ViewHolder.java,com.othershe.baseadapter.ViewHolder,class,9,17,8,9,15,2,0,14,66,0.7692308,0.045454547,0.045454547,13,2,12,1,0,0,12,0,0,0,2,0,0,2,0,0,0,0,0,62,6,0,2,0,1,0,2,13,0,12,1,0,0,0,32,1,0
/home/arch_design_predict/download-github-repos/mvvm/repos/WanAndroid-MVVM-Kotlin-main/avloading/src/main/java/com/wang/avi/indicators/CubeTransitionIndicator.java,com.wang.avi.indicators.CubeTransitionIndicator$Anonymous2,anonymous,2,2,0,2,1,1,0,2,0,0.0,NaN,NaN,1,0,1,0,0,0,1,0,0,0,0,0,0,0,0,0,0,0,0,6,0,0,0,0,0,0,0,1,0,0,0,0,0,0,8,-1,0
/home/arch_design_predict/download-github-repos/mvvm/repos/WanAndroid-MVVM-Kotlin-main/avloading/src/main/java/com/wang/avi/indicators/CubeTransitionIndicator.java,com.wang.avi.indicators.CubeTransitionIndicator$Anonymous3,anonymous,2,2,0,2,1,1,0,2,0,0.0,NaN,NaN,1,0,1,0,0,0,1,0,0,0,0,0,0,0,0,0,0,0,0,6,0,0,0,0,0,0,0,1,0,0,0,0,0,0,10,-1,0
/home/arch_design_predict/download-github-repos/mvvm/repos/WanAndroid-MVVM-Kotlin-main/BaseAdapter/src/test/java/com/othershe/baseadapter/ExampleUnitTest.java,com.othershe.baseadapter.ExampleUnitTest,class,1,1,0,1,1,1,0,1,0,0.0,NaN,NaN,1,0,1,0,0,0,1,0,0,0,0,0,0,0,0,0,0,0,0,5,0,0,0,0,0,0,3,0,1,0,0,0,0,0,18,1,0
/home/arch_design_predict/download-github-repos/mvvm/repos/WanAndroid-MVVM-Kotlin-main/avloading/src/main/java/com/wang/avi/indicators/LineScaleIndicator.java,com.wang.avi.indicators.LineScaleIndicator$Anonymous1,anonymous,2,2,0,2,1,1,0,2,0,0.0,NaN,NaN,1,0,1,0,0,0,1,0,0,0,0,0,0,0,0,0,0,0,0,6,0,0,0,0,0,0,0,1,0,0,0,0,0,0,8,-1,0
/home/arch_design_predict/download-github-repos/mvvm/repos/WanAndroid-MVVM-Kotlin-main/avloading/src/main/java/com/wang/avi/indicators/CubeTransitionIndicator.java,com.wang.avi.indicators.CubeTransitionIndicator$Anonymous1,anonymous,2,2,0,2,1,1,0,2,0,0.0,NaN,NaN,1,0,1,0,0,0,1,0,0,0,0,0,0,0,0,0,0,0,0,6,0,0,0,0,0,0,0,1,0,0,0,0,0,0,8,-1,0
/home/arch_design_predict/download-github-repos/mvvm/repos/WanAndroid-MVVM-Kotlin-main/avloading/src/main/java/com/wang/avi/indicators/BallTrianglePathIndicator.java,com.wang.avi.indicators.BallTrianglePathIndicator$Anonymous2,anonymous,2,2,0,2,1,1,0,2,0,0.0,NaN,NaN,1,0,1,0,0,0,1,0,0,0,0,0,0,0,0,0,0,0,0,6,0,0,0,0,0,0,0,1,0,0,0,0,0,0,8,-1,0
/home/arch_design_predict/download-github-repos/mvvm/repos/WanAndroid-MVVM-Kotlin-main/avloading/src/main/java/com/wang/avi/indicators/BallClipRotateIndicator.java,com.wang.avi.indicators.BallClipRotateIndicator,class,5,5,0,5,2,3,0,13,1,0.5,0.0,0.0,2,0,2,0,0,0,2,0,0,0,1,0,0,0,0,1,0,0,0,41,1,0,0,0,2,0,20,8,8,9,0,2,0,0,35,1,0
/home/arch_design_predict/download-github-repos/mvvm/repos/WanAndroid-MVVM-Kotlin-main/avloading/src/main/java/com/wang/avi/AVLoadingIndicatorView.java,com.wang.avi.AVLoadingIndicatorView,class,13,16,3,13,63,2,0,71,297,0.91764694,0.11384615,0.11384615,30,0,15,4,8,3,26,0,0,2,17,4,0,13,0,4,6,0,6,288,4,0,18,1,6,5,21,67,23,45,3,2,0,0,177,1,0
/home/arch_design_predict/download-github-repos/mvvm/repos/WanAndroid-MVVM-Kotlin-main/statusview/src/test/java/com/shehuan/library/ExampleUnitTest.java,com.shehuan.library.ExampleUnitTest,class,1,1,0,1,1,1,0,1,0,0.0,NaN,NaN,1,0,1,0,0,0,1,0,0,0,0,0,0,0,0,0,0,0,0,5,0,0,0,0,0,0,3,0,1,0,0,0,0,0,22,1,0
/home/arch_design_predict/download-github-repos/mvvm/repos/WanAndroid-MVVM-Kotlin-main/flexbox/src/main/java/com/google/android/flexbox/FlexboxLayoutManager.java,com.google.android.flexbox.FlexboxLayoutManager,class,33,36,3,33,452,3,0,170,5042,0.9426306,0.04688832,0.21312873,113,1,67,44,0,2,69,0,0,0,29,3,0,29,0,0,5,0,36,1957,139,14,139,0,31,40,151,468,178,257,4,0,4,0,641,1,0
/home/arch_design_predict/download-github-repos/mvvm/repos/WanAndroid-MVVM-Kotlin-main/avloading/src/main/java/com/wang/avi/indicators/CubeTransitionIndicator.java,com.wang.avi.indicators.CubeTransitionIndicator,class,7,7,0,7,6,3,0,15,0,0.25,1.0,1.0,2,0,2,0,0,0,2,0,0,0,2,0,0,0,0,2,0,0,0,82,1,2,2,0,0,0,37,20,20,17,2,4,0,0,40,1,0
/home/arch_design_predict/download-github-repos/mvvm/repos/WanAndroid-MVVM-Kotlin-main/avloading/src/main/java/com/wang/avi/indicators/BallScaleRippleIndicator.java,com.wang.avi.indicators.BallScaleRippleIndicator,class,6,6,0,6,2,4,0,10,1,0.0,0.0,0.0,2,0,2,0,0,0,2,0,0,0,0,0,0,0,0,0,0,0,0,35,1,0,0,0,0,0,9,3,0,3,0,2,0,0,25,1,0
/home/arch_design_predict/download-github-repos/mvvm/repos/WanAndroid-MVVM-Kotlin-main/avloading/src/main/java/com/wang/avi/indicators/BallTrianglePathIndicator.java,com.wang.avi.indicators.BallTrianglePathIndicator$Anonymous1,anonymous,2,2,0,2,1,1,0,2,0,0.0,NaN,NaN,1,0,1,0,0,0,1,0,0,0,0,0,0,0,0,0,0,0,0,6,0,0,0,0,0,0,0,1,0,0,0,0,0,0,8,-1,0
/home/arch_design_predict/download-github-repos/mvvm/repos/WanAndroid-MVVM-Kotlin-main/BaseAdapter/src/main/java/com/othershe/baseadapter/interfaces/OnItemLongClickListener.java,com.othershe.baseadapter.interfaces.OnItemLongClickListener,interface,2,4,2,2,1,1,0,0,0,0.0,NaN,NaN,1,0,0,0,0,1,1,0,0,0,0,0,0,0,0,0,0,0,0,3,0,0,0,0,0,0,0,0,0,0,0,0,0,0,10,1,0
/home/arch_design_predict/download-github-repos/mvvm/repos/WanAndroid-MVVM-Kotlin-main/flexbox/src/main/java/com/google/android/flexbox/FlexItem.java,com.google.android.flexbox.FlexItem,interface,2,8,6,2,30,1,0,0,435,0.98333335,0.0,0.0,30,0,0,0,0,30,30,0,0,0,6,0,0,0,0,6,0,0,0,38,0,0,0,0,0,0,5,6,0,6,0,0,0,0,215,0,0
/home/arch_design_predict/download-github-repos/mvvm/repos/WanAndroid-MVVM-Kotlin-main/avloading/src/main/java/com/wang/avi/indicators/PacmanIndicator.java,com.wang.avi.indicators.PacmanIndicator$Anonymous1,anonymous,2,2,0,2,1,1,0,2,0,0.0,NaN,NaN,1,0,1,0,0,0,1,0,0,0,0,0,0,0,0,0,0,0,0,6,0,0,0,0,0,0,0,1,0,0,0,0,0,0,10,-1,0
/home/arch_design_predict/download-github-repos/mvvm/repos/WanAndroid-MVVM-Kotlin-main/BaseAdapter/src/main/java/com/othershe/baseadapter/base/CommonBaseAdapter.java,com.othershe.baseadapter.base.CommonBaseAdapter$Anonymous3,anonymous,3,3,0,3,1,1,0,4,0,0.0,NaN,NaN,1,0,1,0,0,0,1,0,0,0,0,0,0,0,0,0,0,0,0,5,0,0,0,0,0,0,0,0,0,0,0,0,0,0,7,-1,0
/home/arch_design_predict/download-github-repos/mvvm/repos/WanAndroid-MVVM-Kotlin-main/avloading/src/main/java/com/wang/avi/indicators/PacmanIndicator.java,com.wang.avi.indicators.PacmanIndicator$Anonymous2,anonymous,2,2,0,2,1,1,0,2,0,0.0,NaN,NaN,1,0,1,0,0,0,1,0,0,0,0,0,0,0,0,0,0,0,0,6,0,0,0,0,0,0,0,1,0,0,0,0,0,0,9,-1,0
/home/arch_design_predict/download-github-repos/mvvm/repos/WanAndroid-MVVM-Kotlin-main/BaseAdapter/src/main/java/com/othershe/baseadapter/base/CommonBaseAdapter.java,com.othershe.baseadapter.base.CommonBaseAdapter$Anonymous2,anonymous,3,3,0,3,2,1,0,3,0,0.0,NaN,NaN,1,0,1,0,0,0,1,0,0,0,0,0,0,0,0,0,0,0,0,8,1,0,1,0,0,0,0,0,0,0,1,0,0,0,11,-1,0
/home/arch_design_predict/download-github-repos/mvvm/repos/WanAndroid-MVVM-Kotlin-main/avloading/src/main/java/com/wang/avi/indicators/PacmanIndicator.java,com.wang.avi.indicators.PacmanIndicator$Anonymous3,anonymous,2,2,0,2,1,1,0,2,0,0.0,NaN,NaN,1,0,1,0,0,0,1,0,0,0,0,0,0,0,0,0,0,0,0,6,0,0,0,0,0,0,0,1,0,0,0,0,0,0,9,-1,0
/home/arch_design_predict/download-github-repos/mvvm/repos/WanAndroid-MVVM-Kotlin-main/avloading/src/main/java/com/wang/avi/indicators/BallBeatIndicator.java,com.wang.avi.indicators.BallBeatIndicator,class,6,6,0,6,4,3,0,15,1,0.75,0.0,0.0,2,0,2,0,0,0,2,0,0,0,4,2,2,1,0,1,2,0,0,53,1,2,0,0,3,0,28,16,13,16,1,2,0,0,44,1,0
/home/arch_design_predict/download-github-repos/mvvm/repos/WanAndroid-MVVM-Kotlin-main/BaseAdapter/src/main/java/com/othershe/baseadapter/base/CommonBaseAdapter.java,com.othershe.baseadapter.base.CommonBaseAdapter$Anonymous1,anonymous,3,3,0,3,2,1,0,3,0,0.0,NaN,NaN,1,0,1,0,0,0,1,0,0,0,0,0,0,0,0,0,0,0,0,7,0,0,1,0,0,0,0,0,0,0,1,0,0,0,9,-1,0
/home/arch_design_predict/download-github-repos/mvvm/repos/WanAndroid-MVVM-Kotlin-main/avloading/src/main/java/com/wang/avi/indicators/PacmanIndicator.java,com.wang.avi.indicators.PacmanIndicator$Anonymous4,anonymous,2,2,0,2,1,1,0,2,0,0.0,NaN,NaN,1,0,1,0,0,0,1,0,0,0,0,0,0,0,0,0,0,0,0,6,0,0,0,0,0,0,0,1,0,0,0,0,0,0,9,-1,0
/home/arch_design_predict/download-github-repos/mvvm/repos/WanAndroid-MVVM-Kotlin-main/flexbox/src/main/java/com/google/android/flexbox/FlexboxLayout.java,com.google.android.flexbox.FlexboxLayout$LayoutParams$Anonymous1,anonymous,2,2,0,2,2,1,0,0,1,0.0,0.0,0.0,2,0,2,0,0,0,2,0,0,0,0,0,0,0,0,0,0,0,0,8,2,0,0,0,0,0,0,0,0,0,0,0,0,0,9,-1,0
/home/arch_design_predict/download-github-repos/mvvm/repos/WanAndroid-MVVM-Kotlin-main/avloading/src/main/java/com/wang/avi/indicators/LineScalePulseOutIndicator.java,com.wang.avi.indicators.LineScalePulseOutIndicator,class,4,4,0,4,2,4,0,6,0,0.0,NaN,NaN,1,0,1,0,0,0,1,0,0,0,0,0,0,0,0,0,0,0,0,22,1,1,0,0,0,0,12,5,0,5,1,1,0,0,22,1,0
/home/arch_design_predict/download-github-repos/mvvm/repos/WanAndroid-MVVM-Kotlin-main/flexbox/src/main/java/com/google/android/flexbox/FlexboxLayoutManager.java,com.google.android.flexbox.FlexboxLayoutManager$SavedState$Anonymous2,anonymous,2,2,0,2,2,1,0,0,1,0.0,0.0,0.0,2,0,2,0,0,0,2,0,0,0,0,0,0,0,0,0,0,0,0,8,2,0,0,0,0,0,0,0,0,0,0,0,0,0,9,-1,0
/home/arch_design_predict/download-github-repos/mvvm/repos/WanAndroid-MVVM-Kotlin-main/nicedialog/src/main/java/com/shehuan/nicedialog/NiceDialog.java,com.shehuan.nicedialog.NiceDialog,class,8,9,1,8,12,3,0,6,25,0.5,0.22222222,0.22222222,10,1,10,0,0,0,10,0,0,0,1,0,0,1,0,0,0,0,0,43,6,0,2,0,0,2,0,5,0,1,1,0,0,0,27,1,0
/home/arch_design_predict/download-github-repos/mvvm/repos/WanAndroid-MVVM-Kotlin-main/BaseAdapter/src/main/java/com/othershe/baseadapter/base/BaseAdapter.java,com.othershe.baseadapter.base.BaseAdapter$Anonymous3,anonymous,3,3,0,3,2,1,0,2,0,0.0,NaN,NaN,1,0,1,0,0,0,1,0,0,0,0,0,0,0,0,0,0,0,0,8,0,0,1,0,0,0,0,0,0,0,1,0,0,0,13,-1,0
/home/arch_design_predict/download-github-repos/mvvm/repos/WanAndroid-MVVM-Kotlin-main/statusview/src/main/java/com/shehuan/statusview/StatusViewBuilder.java,com.shehuan.statusview.StatusViewBuilder,class,2,4,2,2,17,1,0,0,104,0.8823529,0.11764706,1.0,17,0,17,0,0,0,17,0,0,0,16,0,0,16,0,0,0,0,0,169,16,0,0,0,0,0,0,16,0,16,0,0,1,0,25,1,0
/home/arch_design_predict/download-github-repos/mvvm/repos/WanAndroid-MVVM-Kotlin-main/BaseAdapter/src/main/java/com/othershe/baseadapter/base/BaseAdapter.java,com.othershe.baseadapter.base.BaseAdapter$Anonymous1,anonymous,1,1,0,1,3,1,0,3,0,0.0,NaN,NaN,1,0,1,0,0,0,1,0,0,0,0,0,0,0,0,0,0,0,0,8,2,0,0,0,0,0,1,0,0,0,1,0,0,0,8,-1,0
/home/arch_design_predict/download-github-repos/mvvm/repos/WanAndroid-MVVM-Kotlin-main/statusview/src/main/java/com/shehuan/statusview/StatusViewBuilder.java,com.shehuan.statusview.StatusViewBuilder$Builder,innerclass,5,5,0,5,17,1,0,0,136,0.9411765,0.0,0.0,17,0,17,0,0,0,17,0,0,0,16,0,0,16,0,0,0,0,0,85,17,0,0,0,0,0,0,18,0,16,0,0,0,0,26,9,0
/home/arch_design_predict/download-github-repos/mvvm/repos/WanAndroid-MVVM-Kotlin-main/statusview/src/main/java/com/shehuan/statusview/StatusViewConvertListener.java,com.shehuan.statusview.StatusViewConvertListener,interface,1,2,1,1,1,1,0,0,0,0.0,NaN,NaN,1,0,0,0,0,1,1,0,0,0,0,0,0,0,0,0,0,0,0,3,0,0,0,0,0,0,0,0,0,0,0,0,0,0,7,1,0
/home/arch_design_predict/download-github-repos/mvvm/repos/WanAndroid-MVVM-Kotlin-main/BaseAdapter/src/main/java/com/othershe/baseadapter/base/BaseAdapter.java,com.othershe.baseadapter.base.BaseAdapter$Anonymous2,anonymous,2,2,0,2,14,1,0,8,1,0.0,0.0,0.0,2,0,2,0,0,0,2,0,0,0,0,0,0,0,0,0,0,0,0,28,1,0,5,0,1,0,3,2,2,0,2,0,0,0,32,-1,0
/home/arch_design_predict/download-github-repos/mvvm/repos/WanAndroid-MVVM-Kotlin-main/flexbox/src/main/java/com/google/android/flexbox/FlexboxItemDecoration.java,com.google.android.flexbox.FlexboxItemDecoration,class,14,15,1,14,46,2,0,39,30,0.8194444,0.1,0.1,12,0,5,7,0,0,5,0,0,0,6,4,3,3,0,0,4,0,4,212,17,2,12,0,2,2,32,75,27,38,3,0,0,0,114,1,0
/home/arch_design_predict/download-github-repos/mvvm/repos/WanAndroid-MVVM-Kotlin-main/avloading/src/main/java/com/wang/avi/indicators/BallScaleMultipleIndicator.java,com.wang.avi.indicators.BallScaleMultipleIndicator,class,8,9,1,8,4,3,1,13,1,0.5,0.0,0.0,2,0,2,0,0,0,2,0,0,0,2,0,0,0,0,2,0,0,0,46,1,2,0,0,0,0,27,10,6,10,1,2,0,0,34,1,0
/home/arch_design_predict/download-github-repos/mvvm/repos/WanAndroid-MVVM-Kotlin-main/flexbox/src/main/java/com/google/android/flexbox/FlexboxLayout.java,com.google.android.flexbox.FlexboxLayout,class,26,27,1,26,261,3,0,79,1338,0.89508927,0.0867347,0.53571427,64,0,44,15,5,0,49,0,0,0,21,4,4,17,0,0,4,0,25,1154,52,16,80,0,34,10,94,257,125,132,5,0,1,0,350,1,0
/home/arch_design_predict/download-github-repos/mvvm/repos/WanAndroid-MVVM-Kotlin-main/avloading/src/main/java/com/wang/avi/indicators/BallSpinFadeLoaderIndicator.java,com.wang.avi.indicators.BallSpinFadeLoaderIndicator$Anonymous1,anonymous,2,2,0,2,1,1,0,2,0,0.0,NaN,NaN,1,0,1,0,0,0,1,0,0,0,0,0,0,0,0,0,0,0,0,6,0,0,0,0,0,0,0,1,0,0,0,0,0,0,8,-1,0
/home/arch_design_predict/download-github-repos/mvvm/repos/WanAndroid-MVVM-Kotlin-main/avloading/src/main/java/com/wang/avi/indicators/LineScalePulseOutRapidIndicator.java,com.wang.avi.indicators.LineScalePulseOutRapidIndicator,class,4,4,0,4,2,4,0,6,0,0.0,NaN,NaN,1,0,1,0,0,0,1,0,0,0,0,0,0,0,0,0,0,0,0,22,1,1,0,0,0,0,12,5,0,5,1,1,0,0,23,1,0
/home/arch_design_predict/download-github-repos/mvvm/repos/WanAndroid-MVVM-Kotlin-main/avloading/src/main/java/com/wang/avi/indicators/BallPulseSyncIndicator.java,com.wang.avi.indicators.BallPulseSyncIndicator,class,6,6,0,6,4,3,0,12,1,0.5,0.0,0.0,2,0,2,0,0,0,2,0,0,0,1,0,0,0,0,1,0,0,0,37,1,2,0,0,4,0,25,13,20,13,1,1,0,0,36,1,0
/home/arch_design_predict/download-github-repos/mvvm/repos/WanAndroid-MVVM-Kotlin-main/avloading/src/main/java/com/wang/avi/indicators/BallSpinFadeLoaderIndicator.java,com.wang.avi.indicators.BallSpinFadeLoaderIndicator$Anonymous2,anonymous,2,2,0,2,1,1,0,2,0,0.0,NaN,NaN,1,0,1,0,0,0,1,0,0,0,0,0,0,0,0,0,0,0,0,6,0,0,0,0,0,0,0,1,0,0,0,0,0,0,8,-1,0
/home/arch_design_predict/download-github-repos/mvvm/repos/WanAndroid-MVVM-Kotlin-main/avloading/src/main/java/com/wang/avi/indicators/BallZigZagDeflectIndicator.java,com.wang.avi.indicators.BallZigZagDeflectIndicator,class,4,4,0,4,4,4,0,8,0,0.0,NaN,NaN,1,0,1,0,0,0,1,0,0,0,0,0,0,0,0,0,0,0,0,41,1,1,2,0,0,0,10,9,12,7,2,2,0,0,29,1,0
/home/arch_design_predict/download-github-repos/mvvm/repos/WanAndroid-MVVM-Kotlin-main/avloading/src/main/java/com/wang/avi/indicators/BallPulseRiseIndicator.java,com.wang.avi.indicators.BallPulseRiseIndicator$Anonymous1,anonymous,2,2,0,2,1,1,0,2,0,0.0,NaN,NaN,1,0,1,0,0,0,1,0,0,0,0,0,0,0,0,0,0,0,0,6,0,0,0,0,0,0,0,1,0,0,0,0,0,0,9,-1,0
/home/arch_design_predict/download-github-repos/mvvm/repos/WanAndroid-MVVM-Kotlin-main/avloading/src/main/java/com/wang/avi/indicators/LineScalePulseOutIndicator.java,com.wang.avi.indicators.LineScalePulseOutIndicator$Anonymous1,anonymous,2,2,0,2,1,1,0,2,0,0.0,NaN,NaN,1,0,1,0,0,0,1,0,0,0,0,0,0,0,0,0,0,0,0,6,0,0,0,0,0,0,0,1,0,0,0,0,0,0,8,-1,0
/home/arch_design_predict/download-github-repos/mvvm/repos/WanAndroid-MVVM-Kotlin-main/avloading/src/main/java/com/wang/avi/indicators/LineScaleIndicator.java,com.wang.avi.indicators.LineScaleIndicator,class,7,9,2,7,4,3,2,13,1,0.5,0.0,0.0,2,0,2,0,0,0,2,0,0,0,2,1,1,0,0,1,1,0,0,36,1,2,0,0,1,0,26,11,11,11,1,1,0,0,39,1,0
/home/arch_design_predict/download-github-repos/mvvm/repos/WanAndroid-MVVM-Kotlin-main/avloading/src/main/java/com/wang/avi/indicators/BallPulseRiseIndicator.java,com.wang.avi.indicators.BallPulseRiseIndicator,class,7,7,0,7,3,3,0,19,1,0.44444445,0.33333334,0.33333334,3,0,3,0,0,0,3,0,0,0,3,0,0,3,0,0,0,0,0,41,1,0,0,0,0,0,14,5,14,6,0,1,0,0,33,1,0
/home/arch_design_predict/download-github-repos/mvvm/repos/WanAndroid-MVVM-Kotlin-main/nicedialog/src/main/java/com/shehuan/nicedialog/BaseNiceDialog.java,com.shehuan.nicedialog.BaseNiceDialog,class,16,20,4,16,39,2,1,33,64,0.8194444,0.18095239,0.52380955,16,0,15,1,0,0,15,2,0,0,18,9,0,16,2,0,9,0,7,155,10,0,10,0,4,9,10,45,2,22,3,0,0,0,76,1025,0
/home/arch_design_predict/download-github-repos/mvvm/repos/WanAndroid-MVVM-Kotlin-main/BaseAdapter/src/main/java/com/othershe/baseadapter/Util.java,com.othershe.baseadapter.Util,class,3,4,1,3,5,1,0,2,1,0.0,0.0,0.0,2,2,2,0,0,0,2,0,0,0,0,0,0,0,0,0,0,0,0,17,3,1,0,0,0,0,2,2,0,1,2,0,0,0,16,1,0
/home/arch_design_predict/download-github-repos/mvvm/repos/WanAndroid-MVVM-Kotlin-main/flexbox/src/main/java/com/google/android/flexbox/FlexboxHelper.java,com.google.android.flexbox.FlexboxHelper$FlexLinesResult,innerclass,1,1,0,1,1,1,0,0,0,0.0,NaN,NaN,1,0,0,0,0,1,1,0,0,0,2,0,0,0,0,2,0,0,0,8,0,0,0,0,0,0,1,2,0,2,0,0,0,0,8,8,0
/home/arch_design_predict/download-github-repos/mvvm/repos/WanAndroid-MVVM-Kotlin-main/nicedialog/src/main/java/com/shehuan/nicedialog/Utils.java,com.shehuan.nicedialog.Utils,class,2,3,1,2,2,1,0,2,1,0.0,0.0,0.0,2,2,2,0,0,0,2,0,0,0,0,0,0,0,0,0,0,0,0,10,2,0,0,0,1,0,1,2,2,2,0,0,0,0,13,1,0
/home/arch_design_predict/download-github-repos/mvvm/repos/WanAndroid-MVVM-Kotlin-main/avloading/src/main/java/com/wang/avi/indicators/BallScaleMultipleIndicator.java,com.wang.avi.indicators.BallScaleMultipleIndicator$Anonymous2,anonymous,2,2,0,2,1,1,0,2,0,0.0,NaN,NaN,1,0,1,0,0,0,1,0,0,0,0,0,0,0,0,0,0,0,0,6,0,0,0,0,0,0,0,1,0,0,0,0,0,0,8,-1,0
/home/arch_design_predict/download-github-repos/mvvm/repos/WanAndroid-MVVM-Kotlin-main/avloading/src/main/java/com/wang/avi/indicators/BallScaleMultipleIndicator.java,com.wang.avi.indicators.BallScaleMultipleIndicator$Anonymous1,anonymous,2,2,0,2,1,1,0,2,0,0.0,NaN,NaN,1,0,1,0,0,0,1,0,0,0,0,0,0,0,0,0,0,0,0,6,0,0,0,0,0,0,0,1,0,0,0,0,0,0,8,-1,0
/home/arch_design_predict/download-github-repos/mvvm/repos/WanAndroid-MVVM-Kotlin-main/avloading/src/main/java/com/wang/avi/indicators/BallClipRotateMultipleIndicator.java,com.wang.avi.indicators.BallClipRotateMultipleIndicator$Anonymous1,anonymous,2,2,0,2,1,1,0,2,0,0.0,NaN,NaN,1,0,1,0,0,0,1,0,0,0,0,0,0,0,0,0,0,0,0,6,0,0,0,0,0,0,0,1,0,0,0,0,0,0,10,-1,0
/home/arch_design_predict/download-github-repos/mvvm/repos/WanAndroid-MVVM-Kotlin-main/avloading/src/main/java/com/wang/avi/indicators/BallClipRotateMultipleIndicator.java,com.wang.avi.indicators.BallClipRotateMultipleIndicator$Anonymous2,anonymous,2,2,0,2,1,1,0,2,0,0.0,NaN,NaN,1,0,1,0,0,0,1,0,0,0,0,0,0,0,0,0,0,0,0,6,0,0,0,0,0,0,0,1,0,0,0,0,0,0,9,-1,0
/home/arch_design_predict/download-github-repos/mvvm/repos/WanAndroid-MVVM-Kotlin-main/flexbox/src/main/java/com/google/android/flexbox/FlexboxLayoutManager.java,com.google.android.flexbox.FlexboxLayoutManager$LayoutState,innerclass,3,3,0,3,6,1,0,2,0,0.64285713,NaN,NaN,2,0,1,1,0,0,1,0,0,0,14,4,0,14,0,0,4,0,0,22,2,0,0,0,0,9,5,6,2,14,0,0,0,0,104,10,0
/home/arch_design_predict/download-github-repos/mvvm/repos/WanAndroid-MVVM-Kotlin-main/nicedialog/src/androidTest/java/com/shehuan/nicedialog/ExampleInstrumentedTest.java,com.shehuan.nicedialog.ExampleInstrumentedTest,class,4,4,0,4,1,1,0,3,0,0.0,NaN,NaN,1,0,1,0,0,0,1,0,0,0,0,0,0,0,0,0,0,0,0,6,0,0,0,0,0,1,0,1,0,1,0,0,0,0,21,1,0
/home/arch_design_predict/download-github-repos/mvvm/repos/WanAndroid-MVVM-Kotlin-main/niceimageview/src/main/java/com/shehuan/niv/NiceImageView.java,com.shehuan.niv.NiceImageView,class,15,16,1,15,56,2,0,36,73,0.83173066,0.41911766,1.0,26,0,15,9,2,0,17,0,0,0,24,0,0,24,0,0,0,0,8,268,1,2,13,0,2,0,60,66,47,30,2,0,0,0,76,1,0
/home/arch_design_predict/download-github-repos/mvvm/repos/WanAndroid-MVVM-Kotlin-main/avloading/src/main/java/com/wang/avi/indicators/BallScaleRippleMultipleIndicator.java,com.wang.avi.indicators.BallScaleRippleMultipleIndicator$Anonymous1,anonymous,2,2,0,2,1,1,0,2,0,0.0,NaN,NaN,1,0,1,0,0,0,1,0,0,0,0,0,0,0,0,0,0,0,0,6,0,0,0,0,0,0,0,1,0,0,0,0,0,0,8,-1,0
/home/arch_design_predict/download-github-repos/mvvm/repos/WanAndroid-MVVM-Kotlin-main/avloading/src/main/java/com/wang/avi/indicators/BallScaleRippleMultipleIndicator.java,com.wang.avi.indicators.BallScaleRippleMultipleIndicator$Anonymous2,anonymous,2,2,0,2,1,1,0,2,0,0.0,NaN,NaN,1,0,1,0,0,0,1,0,0,0,0,0,0,0,0,0,0,0,0,6,0,0,0,0,0,0,0,1,0,0,0,0,0,0,8,-1,0
/home/arch_design_predict/download-github-repos/mvvm/repos/WanAndroid-MVVM-Kotlin-main/BaseAdapter/src/main/java/com/othershe/baseadapter/interfaces/OnLoadMoreListener.java,com.othershe.baseadapter.interfaces.OnLoadMoreListener,interface,0,2,2,0,1,1,0,0,0,0.0,NaN,NaN,1,0,0,0,0,1,1,0,0,0,0,0,0,0,0,0,0,0,0,3,0,0,0,0,0,0,0,0,0,0,0,0,0,0,8,1,0
/home/arch_design_predict/download-github-repos/mvvm/repos/WanAndroid-MVVM-Kotlin-main/BaseAdapter/src/main/java/com/othershe/baseadapter/interfaces/OnItemChildClickListener.java,com.othershe.baseadapter.interfaces.OnItemChildClickListener,interface,2,6,4,2,1,1,0,0,0,0.0,NaN,NaN,1,0,0,0,0,1,1,0,0,0,0,0,0,0,0,0,0,0,0,3,0,0,0,0,0,0,0,0,0,0,0,0,0,0,10,1,0
/home/arch_design_predict/download-github-repos/mvvm/repos/WanAndroid-MVVM-Kotlin-main/flexbox/src/main/java/com/google/android/flexbox/FlexboxLayoutManager.java,com.google.android.flexbox.FlexboxLayoutManager$LayoutParams$Anonymous1,anonymous,2,2,0,2,2,1,0,0,1,0.0,0.0,0.0,2,0,2,0,0,0,2,0,0,0,0,0,0,0,0,0,0,0,0,8,2,0,0,0,0,0,0,0,0,0,0,0,0,0,9,-1,0
/home/arch_design_predict/download-github-repos/mvvm/repos/WanAndroid-MVVM-Kotlin-main/avloading/src/main/java/com/wang/avi/indicators/BallScaleRippleMultipleIndicator.java,com.wang.avi.indicators.BallScaleRippleMultipleIndicator,class,7,7,0,7,3,4,0,11,1,0.0,0.0,0.0,2,0,2,0,0,0,2,0,0,0,0,0,0,0,0,0,0,0,0,41,1,1,0,0,0,0,14,6,0,6,1,2,0,0,29,1,0
/home/arch_design_predict/download-github-repos/mvvm/repos/WanAndroid-MVVM-Kotlin-main/BaseAdapter/src/main/java/com/othershe/baseadapter/base/CommonBaseAdapter.java,com.othershe.baseadapter.base.CommonBaseAdapter,class,12,13,1,12,14,2,0,18,43,0.87499994,0.0,0.0,10,0,6,1,3,0,9,2,0,0,4,0,0,4,0,0,0,0,1,68,3,1,1,0,0,0,1,8,1,8,2,3,0,0,53,1025,0
/home/arch_design_predict/download-github-repos/mvvm/repos/WanAndroid-MVVM-Kotlin-main/avloading/src/main/java/com/wang/avi/indicators/BallClipRotatePulseIndicator.java,com.wang.avi.indicators.BallClipRotatePulseIndicator,class,6,6,0,6,3,3,0,16,1,0.5,0.0,0.0,2,0,2,0,0,0,2,0,0,0,1,0,0,0,0,1,0,0,0,61,1,1,0,0,0,0,27,10,7,13,1,3,0,0,39,1,0
/home/arch_design_predict/download-github-repos/mvvm/repos/WanAndroid-MVVM-Kotlin-main/avloading/src/main/java/com/wang/avi/indicators/BallSpinFadeLoaderIndicator.java,com.wang.avi.indicators.BallSpinFadeLoaderIndicator,class,8,10,2,8,5,3,1,18,3,0.8333334,0.0,0.0,3,0,2,0,0,1,3,0,0,0,4,2,2,0,0,2,2,0,2,63,2,2,0,0,5,0,32,15,11,15,1,2,1,0,50,1,0
/home/arch_design_predict/download-github-repos/mvvm/repos/WanAndroid-MVVM-Kotlin-main/avloading/src/main/java/com/wang/avi/indicators/TriangleSkewSpinIndicator.java,com.wang.avi.indicators.TriangleSkewSpinIndicator$Anonymous1,anonymous,2,2,0,2,1,1,0,2,0,0.0,NaN,NaN,1,0,1,0,0,0,1,0,0,0,0,0,0,0,0,0,0,0,0,6,0,0,0,0,0,0,0,1,0,0,0,0,0,0,10,-1,0
/home/arch_design_predict/download-github-repos/mvvm/repos/WanAndroid-MVVM-Kotlin-main/avloading/src/main/java/com/wang/avi/indicators/SquareSpinIndicator.java,com.wang.avi.indicators.SquareSpinIndicator$Anonymous2,anonymous,2,2,0,2,1,1,0,2,0,0.0,NaN,NaN,1,0,1,0,0,0,1,0,0,0,0,0,0,0,0,0,0,0,0,6,0,0,0,0,0,0,0,1,0,0,0,0,0,0,10,-1,0
/home/arch_design_predict/download-github-repos/mvvm/repos/WanAndroid-MVVM-Kotlin-main/avloading/src/main/java/com/wang/avi/indicators/SquareSpinIndicator.java,com.wang.avi.indicators.SquareSpinIndicator$Anonymous1,anonymous,2,2,0,2,1,1,0,2,0,0.0,NaN,NaN,1,0,1,0,0,0,1,0,0,0,0,0,0,0,0,0,0,0,0,6,0,0,0,0,0,0,0,1,0,0,0,0,0,0,10,-1,0
/home/arch_design_predict/download-github-repos/mvvm/repos/WanAndroid-MVVM-Kotlin-main/avloading/src/main/java/com/wang/avi/indicators/LineSpinFadeLoaderIndicator.java,com.wang.avi.indicators.LineSpinFadeLoaderIndicator,class,6,6,0,6,2,4,0,10,0,0.0,NaN,NaN,1,0,1,0,0,0,1,0,0,0,0,0,0,0,0,0,0,0,0,16,0,1,0,0,1,0,11,4,9,4,1,0,0,0,25,1,0
/home/arch_design_predict/download-github-repos/mvvm/repos/WanAndroid-MVVM-Kotlin-main/avloading/src/androidTest/java/com/wang/avi/ApplicationTest.java,com.wang.avi.ApplicationTest,class,2,2,0,2,1,2,0,0,0,0.0,NaN,NaN,1,0,1,0,0,0,1,0,0,0,0,0,0,0,0,0,0,0,0,5,0,0,0,0,0,0,0,0,0,0,0,0,0,0,7,1,0
/home/arch_design_predict/download-github-repos/mvvm/repos/WanAndroid-MVVM-Kotlin-main/avloading/src/main/java/com/wang/avi/indicators/BallPulseIndicator.java,com.wang.avi.indicators.BallPulseIndicator$Anonymous1,anonymous,2,2,0,2,1,1,0,2,0,0.0,NaN,NaN,1,0,1,0,0,0,1,0,0,0,0,0,0,0,0,0,0,0,0,6,0,0,0,0,0,0,0,1,0,0,0,0,0,0,8,-1,0
/home/arch_design_predict/download-github-repos/mvvm/repos/WanAndroid-MVVM-Kotlin-main/nicedialog/src/main/java/com/shehuan/nicedialog/ViewHolder.java,com.shehuan.nicedialog.ViewHolder,class,6,11,5,6,11,1,0,9,39,0.75,0.027777778,0.027777778,10,1,9,1,0,0,9,0,0,0,2,0,0,2,0,0,0,0,0,46,3,0,1,0,0,0,0,10,0,9,1,0,0,0,23,1,0
/home/arch_design_predict/download-github-repos/mvvm/repos/WanAndroid-MVVM-Kotlin-main/BaseAdapter/src/main/java/com/othershe/baseadapter/base/MultiBaseAdapter.java,com.othershe.baseadapter.base.MultiBaseAdapter$Anonymous2,anonymous,3,3,0,3,1,1,0,4,0,0.0,NaN,NaN,1,0,1,0,0,0,1,0,0,0,0,0,0,0,0,0,0,0,0,5,0,0,0,0,0,0,0,0,0,0,0,0,0,0,7,-1,0
/home/arch_design_predict/download-github-repos/mvvm/repos/WanAndroid-MVVM-Kotlin-main/nicedialog/src/main/java/com/shehuan/nicedialog/ViewConvertListener.java,com.shehuan.nicedialog.ViewConvertListener,class,6,9,3,6,5,1,0,0,10,0.8,0.0,0.0,5,0,3,0,2,0,5,1,0,0,1,1,1,0,0,0,1,0,0,25,1,0,0,0,0,0,1,1,0,1,0,1,0,0,23,1025,0
/home/arch_design_predict/download-github-repos/mvvm/repos/WanAndroid-MVVM-Kotlin-main/flexbox/src/main/java/com/google/android/flexbox/FlexboxLayoutManager.java,com.google.android.flexbox.FlexboxLayoutManager$LayoutParams,innerclass,10,10,0,10,39,2,0,6,534,0.8756757,0.0990991,0.3153153,37,0,36,0,1,0,37,0,0,0,10,1,1,9,0,0,1,0,0,169,17,0,1,0,0,3,4,42,1,10,0,1,0,0,101,9,0
/home/arch_design_predict/download-github-repos/mvvm/repos/WanAndroid-MVVM-Kotlin-main/BaseAdapter/src/main/java/com/othershe/baseadapter/base/MultiBaseAdapter.java,com.othershe.baseadapter.base.MultiBaseAdapter$Anonymous1,anonymous,3,3,0,3,2,1,0,3,0,0.0,NaN,NaN,1,0,1,0,0,0,1,0,0,0,0,0,0,0,0,0,0,0,0,7,0,0,1,0,0,0,0,0,0,0,1,0,0,0,9,-1,0
/home/arch_design_predict/download-github-repos/mvvm/repos/WanAndroid-MVVM-Kotlin-main/niceimageview/src/main/java/com/shehuan/niv/Utils.java,com.shehuan.niv.Utils,class,1,2,1,1,1,1,0,2,0,0.0,NaN,NaN,1,1,1,0,0,0,1,0,0,0,0,0,0,0,0,0,0,0,0,6,1,0,0,0,1,0,1,1,2,1,0,0,0,0,6,1,0
/home/arch_design_predict/download-github-repos/mvvm/repos/WanAndroid-MVVM-Kotlin-main/statusview/src/androidTest/java/com/shehuan/library/ExampleInstrumentedTest.java,com.shehuan.library.ExampleInstrumentedTest,class,4,4,0,4,1,1,0,3,0,0.0,NaN,NaN,1,0,1,0,0,0,1,0,0,0,0,0,0,0,0,0,0,0,0,6,0,0,0,0,0,1,0,1,0,1,0,0,0,0,19,1,0
/home/arch_design_predict/download-github-repos/mvvm/repos/WanAndroid-MVVM-Kotlin-main/avloading/src/main/java/com/wang/avi/indicators/BallSpinFadeLoaderIndicator.java,com.wang.avi.indicators.BallSpinFadeLoaderIndicator$Point,innerclass,0,0,0,0,1,1,0,0,0,0.0,NaN,NaN,1,0,1,0,0,0,1,0,0,0,2,0,2,0,0,0,0,0,0,8,0,0,0,0,0,0,0,2,0,2,0,0,0,0,3,16,0
/home/arch_design_predict/download-github-repos/mvvm/repos/WanAndroid-MVVM-Kotlin-main/nicedialog/src/main/java/com/shehuan/nicedialog/ViewConvertListener.java,com.shehuan.nicedialog.ViewConvertListener$Anonymous1,anonymous,3,3,0,3,2,1,0,0,1,0.0,0.0,0.0,2,0,2,0,0,0,2,0,0,0,0,0,0,0,0,0,0,0,0,12,2,0,0,0,0,0,0,0,0,0,0,1,0,0,10,-1,0
/home/arch_design_predict/download-github-repos/mvvm/repos/WanAndroid-MVVM-Kotlin-main/avloading/src/main/java/com/wang/avi/indicators/BallClipRotateIndicator.java,com.wang.avi.indicators.BallClipRotateIndicator$Anonymous1,anonymous,2,2,0,2,1,1,0,2,0,0.0,NaN,NaN,1,0,1,0,0,0,1,0,0,0,0,0,0,0,0,0,0,0,0,6,0,0,0,0,0,0,0,1,0,0,0,0,0,0,10,-1,0
/home/arch_design_predict/download-github-repos/mvvm/repos/WanAndroid-MVVM-Kotlin-main/BaseAdapter/src/androidTest/java/com/othershe/baseadapter/ApplicationTest.java,com.othershe.baseadapter.ApplicationTest,class,2,2,0,2,1,2,0,0,0,0.0,NaN,NaN,1,0,1,0,0,0,1,0,0,0,0,0,0,0,0,0,0,0,0,5,0,0,0,0,0,0,0,0,0,0,0,0,0,0,7,1,0
/home/arch_design_predict/download-github-repos/mvvm/repos/WanAndroid-MVVM-Kotlin-main/avloading/src/main/java/com/wang/avi/indicators/BallClipRotateIndicator.java,com.wang.avi.indicators.BallClipRotateIndicator$Anonymous2,anonymous,2,2,0,2,1,1,0,2,0,0.0,NaN,NaN,1,0,1,0,0,0,1,0,0,0,0,0,0,0,0,0,0,0,0,6,0,0,0,0,0,0,0,1,0,0,0,0,0,0,9,-1,0
/home/arch_design_predict/download-github-repos/mvvm/repos/WanAndroid-MVVM-Kotlin-main/avloading/src/main/java/com/wang/avi/indicators/BallZigZagDeflectIndicator.java,com.wang.avi.indicators.BallZigZagDeflectIndicator$Anonymous1,anonymous,2,2,0,2,1,1,0,2,0,0.0,NaN,NaN,1,0,1,0,0,0,1,0,0,0,0,0,0,0,0,0,0,0,0,6,0,0,0,0,0,0,0,1,0,0,0,0,0,0,8,-1,0
/home/arch_design_predict/download-github-repos/mvvm/repos/WanAndroid-MVVM-Kotlin-main/BaseAdapter/src/main/java/com/othershe/baseadapter/base/BaseAdapter.java,com.othershe.baseadapter.base.BaseAdapter,class,19,30,11,19,102,1,0,50,622,0.91414124,0.21621622,0.6111111,45,0,34,8,3,0,37,1,0,0,22,6,0,20,1,1,6,0,9,338,31,0,21,0,5,0,16,44,14,30,2,3,0,0,118,1025,0
/home/arch_design_predict/download-github-repos/mvvm/repos/WanAndroid-MVVM-Kotlin-main/avloading/src/main/java/com/wang/avi/indicators/BallZigZagIndicator.java,com.wang.avi.indicators.BallZigZagIndicator$Anonymous1,anonymous,2,2,0,2,1,1,0,2,0,0.0,NaN,NaN,1,0,1,0,0,0,1,0,0,0,0,0,0,0,0,0,0,0,0,6,0,0,0,0,0,0,0,1,0,0,0,0,0,0,8,-1,0
/home/arch_design_predict/download-github-repos/mvvm/repos/WanAndroid-MVVM-Kotlin-main/avloading/src/main/java/com/wang/avi/indicators/BallZigZagIndicator.java,com.wang.avi.indicators.BallZigZagIndicator$Anonymous2,anonymous,2,2,0,2,1,1,0,2,0,0.0,NaN,NaN,1,0,1,0,0,0,1,0,0,0,0,0,0,0,0,0,0,0,0,6,0,0,0,0,0,0,0,1,0,0,0,0,0,0,8,-1,0
/home/arch_design_predict/download-github-repos/mvvm/repos/WanAndroid-MVVM-Kotlin-main/avloading/src/main/java/com/wang/avi/indicators/LineScalePartyIndicator.java,com.wang.avi.indicators.LineScalePartyIndicator,class,7,7,0,7,4,3,0,13,1,0.75,0.0,0.0,2,0,2,0,0,0,2,0,0,0,2,1,1,0,0,1,1,0,0,37,1,2,0,0,1,0,28,12,11,12,1,1,0,0,41,1,0
/home/arch_design_predict/download-github-repos/mvvm/repos/WanAndroid-MVVM-Kotlin-main/avloading/src/main/java/com/wang/avi/indicators/BallGridPulseIndicator.java,com.wang.avi.indicators.BallGridPulseIndicator,class,6,6,0,6,5,3,0,14,1,0.75,0.0,0.0,2,0,2,0,0,0,2,0,0,0,4,2,2,0,0,2,2,0,0,57,1,3,0,0,5,0,49,19,27,19,2,2,0,0,47,1,0
/home/arch_design_predict/download-github-repos/mvvm/repos/WanAndroid-MVVM-Kotlin-main/avloading/src/main/java/com/wang/avi/indicators/BallRotateIndicator.java,com.wang.avi.indicators.BallRotateIndicator,class,5,5,0,5,3,3,0,15,3,0.6666667,0.0,0.0,3,0,3,0,0,0,3,0,0,0,3,0,0,1,0,2,0,0,0,55,1,0,0,0,0,0,22,8,9,9,0,2,0,0,32,1,0
/home/arch_design_predict/download-github-repos/mvvm/repos/WanAndroid-MVVM-Kotlin-main/avloading/src/main/java/com/wang/avi/indicators/BallZigZagDeflectIndicator.java,com.wang.avi.indicators.BallZigZagDeflectIndicator$Anonymous2,anonymous,2,2,0,2,1,1,0,2,0,0.0,NaN,NaN,1,0,1,0,0,0,1,0,0,0,0,0,0,0,0,0,0,0,0,6,0,0,0,0,0,0,0,1,0,0,0,0,0,0,8,-1,0
/home/arch_design_predict/download-github-repos/mvvm/repos/WanAndroid-MVVM-Kotlin-main/BaseAdapter/src/main/java/com/othershe/baseadapter/base/MultiBaseAdapter.java,com.othershe.baseadapter.base.MultiBaseAdapter,class,11,12,1,11,12,2,0,17,26,0.8333333,0.0,0.0,8,0,5,1,2,0,7,2,0,0,3,0,0,3,0,0,0,0,1,52,2,1,1,0,0,0,1,7,1,7,2,2,0,0,42,1025,0
/home/arch_design_predict/download-github-repos/mvvm/repos/WanAndroid-MVVM-Kotlin-main/avloading/src/main/java/com/wang/avi/indicators/LineScalePartyIndicator.java,com.wang.avi.indicators.LineScalePartyIndicator$Anonymous1,anonymous,2,2,0,2,1,1,0,2,0,0.0,NaN,NaN,1,0,1,0,0,0,1,0,0,0,0,0,0,0,0,0,0,0,0,6,0,0,0,0,0,0,0,1,0,0,0,0,0,0,8,-1,0
/home/arch_design_predict/download-github-repos/mvvm/repos/WanAndroid-MVVM-Kotlin-main/avloading/src/main/java/com/wang/avi/indicators/BallGridBeatIndicator.java,com.wang.avi.indicators.BallGridBeatIndicator$Anonymous1,anonymous,2,2,0,2,1,1,0,2,0,0.0,NaN,NaN,1,0,1,0,0,0,1,0,0,0,0,0,0,0,0,0,0,0,0,6,0,0,0,0,0,0,0,1,0,0,0,0,0,0,8,-1,0
/home/arch_design_predict/download-github-repos/mvvm/repos/WanAndroid-MVVM-Kotlin-main/avloading/src/main/java/com/wang/avi/indicators/SquareSpinIndicator.java,com.wang.avi.indicators.SquareSpinIndicator,class,8,8,0,8,3,3,0,20,1,0.5,0.33333334,0.33333334,3,0,3,0,0,0,3,0,0,0,4,0,0,4,0,0,0,0,0,50,1,0,0,0,0,0,20,5,6,7,0,2,0,0,34,1,0
/home/arch_design_predict/download-github-repos/mvvm/repos/WanAndroid-MVVM-Kotlin-main/avloading/src/main/java/com/wang/avi/indicators/TriangleSkewSpinIndicator.java,com.wang.avi.indicators.TriangleSkewSpinIndicator,class,8,8,0,8,3,3,0,23,1,0.5,0.33333334,0.33333334,3,0,3,0,0,0,3,0,0,0,4,0,0,4,0,0,0,0,0,55,1,0,0,0,0,0,23,6,9,8,0,2,0,0,35,1,0
/home/arch_design_predict/download-github-repos/mvvm/repos/WanAndroid-MVVM-Kotlin-main/avloading/src/main/java/com/wang/avi/indicators/TriangleSkewSpinIndicator.java,com.wang.avi.indicators.TriangleSkewSpinIndicator$Anonymous2,anonymous,2,2,0,2,1,1,0,2,0,0.0,NaN,NaN,1,0,1,0,0,0,1,0,0,0,0,0,0,0,0,0,0,0,0,6,0,0,0,0,0,0,0,1,0,0,0,0,0,0,10,-1,0
/home/arch_design_predict/download-github-repos/mvvm/repos/WanAndroid-MVVM-Kotlin-main/avloading/src/main/java/com/wang/avi/indicators/BallClipRotateMultipleIndicator.java,com.wang.avi.indicators.BallClipRotateMultipleIndicator,class,6,6,0,6,4,3,0,15,1,0.5,0.0,0.0,2,0,2,0,0,0,2,0,0,0,1,0,0,0,0,1,0,0,0,54,1,2,0,0,0,0,29,13,14,14,1,2,0,0,41,1,0
/home/arch_design_predict/download-github-repos/mvvm/repos/WanAndroid-MVVM-Kotlin-main/nicedialog/src/main/java/com/shehuan/nicedialog/ViewConvertListener.java,com.shehuan.nicedialog.ViewConvertListener$Anonymous1$Anonymous2,anonymous,2,2,0,2,1,1,0,0,0,0.0,NaN,NaN,1,0,0,0,1,0,1,0,0,0,0,0,0,0,0,0,0,0,0,4,0,0,0,0,0,0,0,0,0,0,0,0,0,0,7,-1,0
/home/arch_design_predict/download-github-repos/mvvm/repos/WanAndroid-MVVM-Kotlin-main/flexbox/src/main/java/com/google/android/flexbox/FlexboxHelper.java,com.google.android.flexbox.FlexboxHelper$Order,innerclass,2,2,0,2,3,1,0,0,0,0.0,1.0,1.0,2,0,2,0,0,0,2,0,0,0,2,0,0,0,0,2,0,0,0,13,3,0,1,0,0,3,0,0,4,2,1,0,0,0,27,10,0
/home/arch_design_predict/download-github-repos/mvvm/repos/WanAndroid-MVVM-Kotlin-main/avloading/src/main/java/com/wang/avi/indicators/PacmanIndicator.java,com.wang.avi.indicators.PacmanIndicator,class,7,8,1,7,4,3,0,18,6,0.75,0.0,0.0,4,0,2,2,0,0,2,0,0,0,3,0,0,3,0,0,0,0,0,82,1,0,0,0,0,0,36,11,15,15,0,4,0,0,44,1,0
/home/arch_design_predict/download-github-repos/mvvm/repos/WanAndroid-MVVM-Kotlin-main/flexbox/src/main/java/com/google/android/flexbox/FlexContainer.java,com.google.android.flexbox.FlexContainer,interface,7,10,3,7,38,1,0,0,703,0.9736842,0.0,0.0,38,0,0,0,0,38,38,0,0,0,1,0,0,0,0,1,0,0,0,41,0,0,0,0,0,0,1,1,0,1,0,0,0,0,200,0,0
/home/arch_design_predict/download-github-repos/mvvm/repos/WanAndroid-MVVM-Kotlin-main/avloading/src/main/java/com/wang/avi/AVLoadingIndicatorView.java,com.wang.avi.AVLoadingIndicatorView$Anonymous1,anonymous,1,1,0,1,1,1,0,1,0,0.0,NaN,NaN,1,0,1,0,0,0,1,0,0,0,0,0,0,0,0,0,0,0,0,7,0,0,0,0,0,0,1,2,0,0,0,0,0,0,9,-1,0
/home/arch_design_predict/download-github-repos/mvvm/repos/WanAndroid-MVVM-Kotlin-main/avloading/src/main/java/com/wang/avi/AVLoadingIndicatorView.java,com.wang.avi.AVLoadingIndicatorView$Anonymous2,anonymous,1,1,0,1,2,1,0,2,0,0.0,NaN,NaN,1,0,1,0,0,0,1,0,0,0,0,0,0,0,0,0,0,0,1,9,0,0,0,0,0,0,0,2,0,0,1,0,0,0,10,-1,0
