file,class,method,variable,usage
/home/arch_design_predict/download-github-repos/mvp/repos/Movify-master/app/src/main/java/in/androidmate/anujgupta/movify/network/NetworkClient.java,in.androidmate.anujgupta.movify.network.NetworkClient,getRetrofit/0,retrofit,3
/home/arch_design_predict/download-github-repos/mvp/repos/Movify-master/app/src/main/java/in/androidmate/anujgupta/movify/di/modules/ApplicationModule.java,in.androidmate.anujgupta.movify.di.modules.ApplicationModule,ApplicationModule/1[in.androidmate.anujgupta.movify.di.modules.Application],app,3
/home/arch_design_predict/download-github-repos/mvp/repos/Movify-master/app/src/main/java/in/androidmate/anujgupta/movify/di/modules/ApplicationModule.java,in.androidmate.anujgupta.movify.di.modules.ApplicationModule,provideContext/0,app,1
/home/arch_design_predict/download-github-repos/mvp/repos/Movify-master/app/src/main/java/com/uryonet/movify/model/network/NetworkDatasource.java,com.uryonet.movify.model.network.NetworkDatasource,getRetrofit/0,retrofit,3
/home/arch_design_predict/download-github-repos/mvp/repos/Movify-master/app/src/main/java/com/uryonet/movify/presenter/view/adapter/ProjectsAdapter.java,com.uryonet.movify.presenter.view.adapter.ProjectsAdapter,"onBindViewHolder/2[com.uryonet.movify.presenter.view.adapter.ProjectsAdapter.ProjectsHolder,int]",projectList,4
/home/arch_design_predict/download-github-repos/mvp/repos/Movify-master/app/src/main/java/com/uryonet/movify/presenter/view/adapter/ProjectsAdapter.java,com.uryonet.movify.presenter.view.adapter.ProjectsAdapter,"onBindViewHolder/2[com.uryonet.movify.presenter.view.adapter.ProjectsAdapter.ProjectsHolder,int]",context,1
/home/arch_design_predict/download-github-repos/mvp/repos/Movify-master/app/src/main/java/com/uryonet/movify/presenter/view/adapter/ProjectsAdapter.java,com.uryonet.movify.presenter.view.adapter.ProjectsAdapter,"ProjectsAdapter/2[java.util.List<com.uryonet.movify.model.entity.Project>,com.uryonet.movify.presenter.view.adapter.Context]",projectList,3
/home/arch_design_predict/download-github-repos/mvp/repos/Movify-master/app/src/main/java/com/uryonet/movify/presenter/view/adapter/ProjectsAdapter.java,com.uryonet.movify.presenter.view.adapter.ProjectsAdapter,"ProjectsAdapter/2[java.util.List<com.uryonet.movify.model.entity.Project>,com.uryonet.movify.presenter.view.adapter.Context]",context,3
/home/arch_design_predict/download-github-repos/mvp/repos/Movify-master/app/src/main/java/com/uryonet/movify/presenter/view/adapter/ProjectsAdapter.java,com.uryonet.movify.presenter.view.adapter.ProjectsAdapter,"onCreateViewHolder/2[com.uryonet.movify.presenter.view.adapter.ViewGroup,int]",context,1
/home/arch_design_predict/download-github-repos/mvp/repos/Movify-master/app/src/main/java/com/uryonet/movify/presenter/view/adapter/ProjectsAdapter.java,com.uryonet.movify.presenter.view.adapter.ProjectsAdapter,getItemCount/0,projectList,1
/home/arch_design_predict/download-github-repos/mvp/repos/Movify-master/app/src/main/java/com/uryonet/movify/presenter/view/activity/MainActivity.java,com.uryonet.movify.presenter.view.activity.MainActivity,displayProjects/1[java.util.List<com.uryonet.movify.model.entity.Project>],adapter,2
/home/arch_design_predict/download-github-repos/mvp/repos/Movify-master/app/src/main/java/com/uryonet/movify/presenter/view/activity/MainActivity.java,com.uryonet.movify.presenter.view.activity.MainActivity,displayProjects/1[java.util.List<com.uryonet.movify.model.entity.Project>],TAG,2
/home/arch_design_predict/download-github-repos/mvp/repos/Movify-master/app/src/main/java/com/uryonet/movify/presenter/view/activity/MainActivity.java,com.uryonet.movify.presenter.view.activity.MainActivity,displayProjects/1[java.util.List<com.uryonet.movify.model.entity.Project>],rvProjects,1
/home/arch_design_predict/download-github-repos/mvp/repos/Movify-master/app/src/main/java/com/uryonet/movify/presenter/view/activity/MainActivity.java,com.uryonet.movify.presenter.view.activity.MainActivity,getProjectList/0,mainPresenter,1
/home/arch_design_predict/download-github-repos/mvp/repos/Movify-master/app/src/main/java/com/uryonet/movify/presenter/view/activity/MainActivity.java,com.uryonet.movify.presenter.view.activity.MainActivity,setupMVP/0,mainPresenter,1
/home/arch_design_predict/download-github-repos/mvp/repos/Movify-master/app/src/main/java/com/uryonet/movify/presenter/view/activity/MainActivity.java,com.uryonet.movify.presenter.view.activity.MainActivity,setupViews/0,rvProjects,1
/home/arch_design_predict/download-github-repos/mvp/repos/Movify-master/app/src/main/java/in/androidmate/anujgupta/movify/ui/search/SearchActivity.java,in.androidmate.anujgupta.movify.ui.search.SearchActivity,hideProgressBar/0,progressBar,1
/home/arch_design_predict/download-github-repos/mvp/repos/Movify-master/app/src/main/java/in/androidmate/anujgupta/movify/ui/search/SearchActivity.java,in.androidmate.anujgupta.movify.ui.search.SearchActivity,setupViews/0,toolbar,1
/home/arch_design_predict/download-github-repos/mvp/repos/Movify-master/app/src/main/java/in/androidmate/anujgupta/movify/ui/search/SearchActivity.java,in.androidmate.anujgupta.movify.ui.search.SearchActivity,setupViews/0,rvQueryResult,1
/home/arch_design_predict/download-github-repos/mvp/repos/Movify-master/app/src/main/java/in/androidmate/anujgupta/movify/ui/search/SearchActivity.java,in.androidmate.anujgupta.movify.ui.search.SearchActivity,setupMVP/0,searchPresenter,1
/home/arch_design_predict/download-github-repos/mvp/repos/Movify-master/app/src/main/java/in/androidmate/anujgupta/movify/ui/search/SearchActivity.java,in.androidmate.anujgupta.movify.ui.search.SearchActivity,displayResult/1[in.androidmate.anujgupta.movify.models.MovieResponse],adapter,2
/home/arch_design_predict/download-github-repos/mvp/repos/Movify-master/app/src/main/java/in/androidmate/anujgupta/movify/ui/search/SearchActivity.java,in.androidmate.anujgupta.movify.ui.search.SearchActivity,displayResult/1[in.androidmate.anujgupta.movify.models.MovieResponse],rvQueryResult,1
/home/arch_design_predict/download-github-repos/mvp/repos/Movify-master/app/src/main/java/in/androidmate/anujgupta/movify/ui/search/SearchActivity.java,in.androidmate.anujgupta.movify.ui.search.SearchActivity,showProgressBar/0,progressBar,1
/home/arch_design_predict/download-github-repos/mvp/repos/Movify-master/app/src/main/java/in/androidmate/anujgupta/movify/ui/search/SearchActivity.java,in.androidmate.anujgupta.movify.ui.search.SearchActivity,onCreateOptionsMenu/1[in.androidmate.anujgupta.movify.ui.search.Menu],searchView,5
/home/arch_design_predict/download-github-repos/mvp/repos/Movify-master/app/src/main/java/in/androidmate/anujgupta/movify/ui/search/SearchActivity.java,in.androidmate.anujgupta.movify.ui.search.SearchActivity,onCreateOptionsMenu/1[in.androidmate.anujgupta.movify.ui.search.Menu],searchPresenter,1
/home/arch_design_predict/download-github-repos/mvp/repos/Movify-master/app/src/main/java/com/uryonet/movify/presenter/presenter/MainPresenter.java,com.uryonet.movify.presenter.presenter.MainPresenter,MainPresenter/1[com.uryonet.movify.presenter.contract.MainContract.View],mainContractView,3
/home/arch_design_predict/download-github-repos/mvp/repos/Movify-master/app/src/main/java/in/androidmate/anujgupta/movify/models/Result.java,in.androidmate.anujgupta.movify.models.Result,setReleaseDate/1[java.lang.String],releaseDate,3
/home/arch_design_predict/download-github-repos/mvp/repos/Movify-master/app/src/main/java/in/androidmate/anujgupta/movify/models/Result.java,in.androidmate.anujgupta.movify.models.Result,getTitle/0,title,1
/home/arch_design_predict/download-github-repos/mvp/repos/Movify-master/app/src/main/java/in/androidmate/anujgupta/movify/models/Result.java,in.androidmate.anujgupta.movify.models.Result,setPosterPath/1[java.lang.String],posterPath,3
/home/arch_design_predict/download-github-repos/mvp/repos/Movify-master/app/src/main/java/in/androidmate/anujgupta/movify/models/Result.java,in.androidmate.anujgupta.movify.models.Result,getOverview/0,overview,1
/home/arch_design_predict/download-github-repos/mvp/repos/Movify-master/app/src/main/java/in/androidmate/anujgupta/movify/models/Result.java,in.androidmate.anujgupta.movify.models.Result,getVoteCount/0,voteCount,1
/home/arch_design_predict/download-github-repos/mvp/repos/Movify-master/app/src/main/java/in/androidmate/anujgupta/movify/models/Result.java,in.androidmate.anujgupta.movify.models.Result,getPosterPath/0,posterPath,1
/home/arch_design_predict/download-github-repos/mvp/repos/Movify-master/app/src/main/java/in/androidmate/anujgupta/movify/models/Result.java,in.androidmate.anujgupta.movify.models.Result,getOriginalTitle/0,originalTitle,1
/home/arch_design_predict/download-github-repos/mvp/repos/Movify-master/app/src/main/java/in/androidmate/anujgupta/movify/models/Result.java,in.androidmate.anujgupta.movify.models.Result,setBackdropPath/1[java.lang.String],backdropPath,3
/home/arch_design_predict/download-github-repos/mvp/repos/Movify-master/app/src/main/java/in/androidmate/anujgupta/movify/models/Result.java,in.androidmate.anujgupta.movify.models.Result,setVideo/1[java.lang.Boolean],video,3
/home/arch_design_predict/download-github-repos/mvp/repos/Movify-master/app/src/main/java/in/androidmate/anujgupta/movify/models/Result.java,in.androidmate.anujgupta.movify.models.Result,getPopularity/0,popularity,1
/home/arch_design_predict/download-github-repos/mvp/repos/Movify-master/app/src/main/java/in/androidmate/anujgupta/movify/models/Result.java,in.androidmate.anujgupta.movify.models.Result,setTitle/1[java.lang.String],title,3
/home/arch_design_predict/download-github-repos/mvp/repos/Movify-master/app/src/main/java/in/androidmate/anujgupta/movify/models/Result.java,in.androidmate.anujgupta.movify.models.Result,getBackdropPath/0,backdropPath,1
/home/arch_design_predict/download-github-repos/mvp/repos/Movify-master/app/src/main/java/in/androidmate/anujgupta/movify/models/Result.java,in.androidmate.anujgupta.movify.models.Result,setPopularity/1[java.lang.Float],popularity,3
/home/arch_design_predict/download-github-repos/mvp/repos/Movify-master/app/src/main/java/in/androidmate/anujgupta/movify/models/Result.java,in.androidmate.anujgupta.movify.models.Result,setVoteCount/1[java.lang.Integer],voteCount,3
/home/arch_design_predict/download-github-repos/mvp/repos/Movify-master/app/src/main/java/in/androidmate/anujgupta/movify/models/Result.java,in.androidmate.anujgupta.movify.models.Result,getAdult/0,adult,1
/home/arch_design_predict/download-github-repos/mvp/repos/Movify-master/app/src/main/java/in/androidmate/anujgupta/movify/models/Result.java,in.androidmate.anujgupta.movify.models.Result,setOverview/1[java.lang.String],overview,3
/home/arch_design_predict/download-github-repos/mvp/repos/Movify-master/app/src/main/java/in/androidmate/anujgupta/movify/models/Result.java,in.androidmate.anujgupta.movify.models.Result,"Result/14[java.lang.Integer,java.lang.Integer,java.lang.Boolean,java.lang.Float,java.lang.String,java.lang.Float,java.lang.String,java.lang.String,java.lang.String,java.util.List<java.lang.Integer>,java.lang.String,java.lang.Boolean,java.lang.String,java.lang.String]",overview,4
/home/arch_design_predict/download-github-repos/mvp/repos/Movify-master/app/src/main/java/in/androidmate/anujgupta/movify/models/Result.java,in.androidmate.anujgupta.movify.models.Result,"Result/14[java.lang.Integer,java.lang.Integer,java.lang.Boolean,java.lang.Float,java.lang.String,java.lang.Float,java.lang.String,java.lang.String,java.lang.String,java.util.List<java.lang.Integer>,java.lang.String,java.lang.Boolean,java.lang.String,java.lang.String]",voteAverage,4
/home/arch_design_predict/download-github-repos/mvp/repos/Movify-master/app/src/main/java/in/androidmate/anujgupta/movify/models/Result.java,in.androidmate.anujgupta.movify.models.Result,"Result/14[java.lang.Integer,java.lang.Integer,java.lang.Boolean,java.lang.Float,java.lang.String,java.lang.Float,java.lang.String,java.lang.String,java.lang.String,java.util.List<java.lang.Integer>,java.lang.String,java.lang.Boolean,java.lang.String,java.lang.String]",releaseDate,4
/home/arch_design_predict/download-github-repos/mvp/repos/Movify-master/app/src/main/java/in/androidmate/anujgupta/movify/models/Result.java,in.androidmate.anujgupta.movify.models.Result,"Result/14[java.lang.Integer,java.lang.Integer,java.lang.Boolean,java.lang.Float,java.lang.String,java.lang.Float,java.lang.String,java.lang.String,java.lang.String,java.util.List<java.lang.Integer>,java.lang.String,java.lang.Boolean,java.lang.String,java.lang.String]",video,4
/home/arch_design_predict/download-github-repos/mvp/repos/Movify-master/app/src/main/java/in/androidmate/anujgupta/movify/models/Result.java,in.androidmate.anujgupta.movify.models.Result,"Result/14[java.lang.Integer,java.lang.Integer,java.lang.Boolean,java.lang.Float,java.lang.String,java.lang.Float,java.lang.String,java.lang.String,java.lang.String,java.util.List<java.lang.Integer>,java.lang.String,java.lang.Boolean,java.lang.String,java.lang.String]",genreIds,4
/home/arch_design_predict/download-github-repos/mvp/repos/Movify-master/app/src/main/java/in/androidmate/anujgupta/movify/models/Result.java,in.androidmate.anujgupta.movify.models.Result,"Result/14[java.lang.Integer,java.lang.Integer,java.lang.Boolean,java.lang.Float,java.lang.String,java.lang.Float,java.lang.String,java.lang.String,java.lang.String,java.util.List<java.lang.Integer>,java.lang.String,java.lang.Boolean,java.lang.String,java.lang.String]",title,4
/home/arch_design_predict/download-github-repos/mvp/repos/Movify-master/app/src/main/java/in/androidmate/anujgupta/movify/models/Result.java,in.androidmate.anujgupta.movify.models.Result,"Result/14[java.lang.Integer,java.lang.Integer,java.lang.Boolean,java.lang.Float,java.lang.String,java.lang.Float,java.lang.String,java.lang.String,java.lang.String,java.util.List<java.lang.Integer>,java.lang.String,java.lang.Boolean,java.lang.String,java.lang.String]",originalLanguage,4
/home/arch_design_predict/download-github-repos/mvp/repos/Movify-master/app/src/main/java/in/androidmate/anujgupta/movify/models/Result.java,in.androidmate.anujgupta.movify.models.Result,"Result/14[java.lang.Integer,java.lang.Integer,java.lang.Boolean,java.lang.Float,java.lang.String,java.lang.Float,java.lang.String,java.lang.String,java.lang.String,java.util.List<java.lang.Integer>,java.lang.String,java.lang.Boolean,java.lang.String,java.lang.String]",originalTitle,4
/home/arch_design_predict/download-github-repos/mvp/repos/Movify-master/app/src/main/java/in/androidmate/anujgupta/movify/models/Result.java,in.androidmate.anujgupta.movify.models.Result,"Result/14[java.lang.Integer,java.lang.Integer,java.lang.Boolean,java.lang.Float,java.lang.String,java.lang.Float,java.lang.String,java.lang.String,java.lang.String,java.util.List<java.lang.Integer>,java.lang.String,java.lang.Boolean,java.lang.String,java.lang.String]",popularity,4
/home/arch_design_predict/download-github-repos/mvp/repos/Movify-master/app/src/main/java/in/androidmate/anujgupta/movify/models/Result.java,in.androidmate.anujgupta.movify.models.Result,"Result/14[java.lang.Integer,java.lang.Integer,java.lang.Boolean,java.lang.Float,java.lang.String,java.lang.Float,java.lang.String,java.lang.String,java.lang.String,java.util.List<java.lang.Integer>,java.lang.String,java.lang.Boolean,java.lang.String,java.lang.String]",id,4
/home/arch_design_predict/download-github-repos/mvp/repos/Movify-master/app/src/main/java/in/androidmate/anujgupta/movify/models/Result.java,in.androidmate.anujgupta.movify.models.Result,"Result/14[java.lang.Integer,java.lang.Integer,java.lang.Boolean,java.lang.Float,java.lang.String,java.lang.Float,java.lang.String,java.lang.String,java.lang.String,java.util.List<java.lang.Integer>,java.lang.String,java.lang.Boolean,java.lang.String,java.lang.String]",backdropPath,4
/home/arch_design_predict/download-github-repos/mvp/repos/Movify-master/app/src/main/java/in/androidmate/anujgupta/movify/models/Result.java,in.androidmate.anujgupta.movify.models.Result,"Result/14[java.lang.Integer,java.lang.Integer,java.lang.Boolean,java.lang.Float,java.lang.String,java.lang.Float,java.lang.String,java.lang.String,java.lang.String,java.util.List<java.lang.Integer>,java.lang.String,java.lang.Boolean,java.lang.String,java.lang.String]",voteCount,4
/home/arch_design_predict/download-github-repos/mvp/repos/Movify-master/app/src/main/java/in/androidmate/anujgupta/movify/models/Result.java,in.androidmate.anujgupta.movify.models.Result,"Result/14[java.lang.Integer,java.lang.Integer,java.lang.Boolean,java.lang.Float,java.lang.String,java.lang.Float,java.lang.String,java.lang.String,java.lang.String,java.util.List<java.lang.Integer>,java.lang.String,java.lang.Boolean,java.lang.String,java.lang.String]",adult,4
/home/arch_design_predict/download-github-repos/mvp/repos/Movify-master/app/src/main/java/in/androidmate/anujgupta/movify/models/Result.java,in.androidmate.anujgupta.movify.models.Result,"Result/14[java.lang.Integer,java.lang.Integer,java.lang.Boolean,java.lang.Float,java.lang.String,java.lang.Float,java.lang.String,java.lang.String,java.lang.String,java.util.List<java.lang.Integer>,java.lang.String,java.lang.Boolean,java.lang.String,java.lang.String]",posterPath,4
/home/arch_design_predict/download-github-repos/mvp/repos/Movify-master/app/src/main/java/in/androidmate/anujgupta/movify/models/Result.java,in.androidmate.anujgupta.movify.models.Result,setVoteAverage/1[java.lang.Float],voteAverage,3
/home/arch_design_predict/download-github-repos/mvp/repos/Movify-master/app/src/main/java/in/androidmate/anujgupta/movify/models/Result.java,in.androidmate.anujgupta.movify.models.Result,getOriginalLanguage/0,originalLanguage,1
/home/arch_design_predict/download-github-repos/mvp/repos/Movify-master/app/src/main/java/in/androidmate/anujgupta/movify/models/Result.java,in.androidmate.anujgupta.movify.models.Result,setGenreIds/1[java.util.List<java.lang.Integer>],genreIds,3
/home/arch_design_predict/download-github-repos/mvp/repos/Movify-master/app/src/main/java/in/androidmate/anujgupta/movify/models/Result.java,in.androidmate.anujgupta.movify.models.Result,getId/0,id,1
/home/arch_design_predict/download-github-repos/mvp/repos/Movify-master/app/src/main/java/in/androidmate/anujgupta/movify/models/Result.java,in.androidmate.anujgupta.movify.models.Result,getReleaseDate/0,releaseDate,1
/home/arch_design_predict/download-github-repos/mvp/repos/Movify-master/app/src/main/java/in/androidmate/anujgupta/movify/models/Result.java,in.androidmate.anujgupta.movify.models.Result,setOriginalLanguage/1[java.lang.String],originalLanguage,3
/home/arch_design_predict/download-github-repos/mvp/repos/Movify-master/app/src/main/java/in/androidmate/anujgupta/movify/models/Result.java,in.androidmate.anujgupta.movify.models.Result,getVideo/0,video,1
/home/arch_design_predict/download-github-repos/mvp/repos/Movify-master/app/src/main/java/in/androidmate/anujgupta/movify/models/Result.java,in.androidmate.anujgupta.movify.models.Result,getVoteAverage/0,voteAverage,1
/home/arch_design_predict/download-github-repos/mvp/repos/Movify-master/app/src/main/java/in/androidmate/anujgupta/movify/models/Result.java,in.androidmate.anujgupta.movify.models.Result,setAdult/1[java.lang.Boolean],adult,3
/home/arch_design_predict/download-github-repos/mvp/repos/Movify-master/app/src/main/java/in/androidmate/anujgupta/movify/models/Result.java,in.androidmate.anujgupta.movify.models.Result,setId/1[java.lang.Integer],id,3
/home/arch_design_predict/download-github-repos/mvp/repos/Movify-master/app/src/main/java/in/androidmate/anujgupta/movify/models/Result.java,in.androidmate.anujgupta.movify.models.Result,setOriginalTitle/1[java.lang.String],originalTitle,3
/home/arch_design_predict/download-github-repos/mvp/repos/Movify-master/app/src/main/java/in/androidmate/anujgupta/movify/models/Result.java,in.androidmate.anujgupta.movify.models.Result,getGenreIds/0,genreIds,1
/home/arch_design_predict/download-github-repos/mvp/repos/Movify-master/app/src/main/java/com/uryonet/movify/presenter/view/adapter/ProjectsAdapter.java,com.uryonet.movify.presenter.view.adapter.ProjectsAdapter$ProjectsHolder,ProjectsHolder/1[com.uryonet.movify.presenter.view.adapter.View],tvFullname,2
/home/arch_design_predict/download-github-repos/mvp/repos/Movify-master/app/src/main/java/com/uryonet/movify/presenter/view/adapter/ProjectsAdapter.java,com.uryonet.movify.presenter.view.adapter.ProjectsAdapter$ProjectsHolder,ProjectsHolder/1[com.uryonet.movify.presenter.view.adapter.View],ivAvatar,2
/home/arch_design_predict/download-github-repos/mvp/repos/Movify-master/app/src/main/java/com/uryonet/movify/presenter/view/adapter/ProjectsAdapter.java,com.uryonet.movify.presenter.view.adapter.ProjectsAdapter$ProjectsHolder,ProjectsHolder/1[com.uryonet.movify.presenter.view.adapter.View],tvDescription,2
/home/arch_design_predict/download-github-repos/mvp/repos/Movify-master/app/src/main/java/com/uryonet/movify/presenter/view/adapter/ProjectsAdapter.java,com.uryonet.movify.presenter.view.adapter.ProjectsAdapter$ProjectsHolder,ProjectsHolder/1[com.uryonet.movify.presenter.view.adapter.View],tvCloneUrl,2
/home/arch_design_predict/download-github-repos/mvp/repos/Movify-master/app/src/main/java/in/androidmate/anujgupta/movify/ui/main/MainPresenter.java,in.androidmate.anujgupta.movify.ui.main.MainPresenter,MainPresenter/1[in.androidmate.anujgupta.movify.ui.main.MainViewInterface],mvi,3
/home/arch_design_predict/download-github-repos/mvp/repos/Movify-master/app/src/main/java/in/androidmate/anujgupta/movify/models/MovieResponse.java,in.androidmate.anujgupta.movify.models.MovieResponse,setPage/1[java.lang.Integer],page,3
/home/arch_design_predict/download-github-repos/mvp/repos/Movify-master/app/src/main/java/in/androidmate/anujgupta/movify/models/MovieResponse.java,in.androidmate.anujgupta.movify.models.MovieResponse,getTotalPages/0,totalPages,1
/home/arch_design_predict/download-github-repos/mvp/repos/Movify-master/app/src/main/java/in/androidmate/anujgupta/movify/models/MovieResponse.java,in.androidmate.anujgupta.movify.models.MovieResponse,getResults/0,results,1
/home/arch_design_predict/download-github-repos/mvp/repos/Movify-master/app/src/main/java/in/androidmate/anujgupta/movify/models/MovieResponse.java,in.androidmate.anujgupta.movify.models.MovieResponse,"MovieResponse/4[java.lang.Integer,java.lang.Integer,java.lang.Integer,java.util.List<in.androidmate.anujgupta.movify.models.Result>]",totalResults,4
/home/arch_design_predict/download-github-repos/mvp/repos/Movify-master/app/src/main/java/in/androidmate/anujgupta/movify/models/MovieResponse.java,in.androidmate.anujgupta.movify.models.MovieResponse,"MovieResponse/4[java.lang.Integer,java.lang.Integer,java.lang.Integer,java.util.List<in.androidmate.anujgupta.movify.models.Result>]",totalPages,4
/home/arch_design_predict/download-github-repos/mvp/repos/Movify-master/app/src/main/java/in/androidmate/anujgupta/movify/models/MovieResponse.java,in.androidmate.anujgupta.movify.models.MovieResponse,"MovieResponse/4[java.lang.Integer,java.lang.Integer,java.lang.Integer,java.util.List<in.androidmate.anujgupta.movify.models.Result>]",page,4
/home/arch_design_predict/download-github-repos/mvp/repos/Movify-master/app/src/main/java/in/androidmate/anujgupta/movify/models/MovieResponse.java,in.androidmate.anujgupta.movify.models.MovieResponse,"MovieResponse/4[java.lang.Integer,java.lang.Integer,java.lang.Integer,java.util.List<in.androidmate.anujgupta.movify.models.Result>]",results,4
/home/arch_design_predict/download-github-repos/mvp/repos/Movify-master/app/src/main/java/in/androidmate/anujgupta/movify/models/MovieResponse.java,in.androidmate.anujgupta.movify.models.MovieResponse,setTotalResults/1[java.lang.Integer],totalResults,3
/home/arch_design_predict/download-github-repos/mvp/repos/Movify-master/app/src/main/java/in/androidmate/anujgupta/movify/models/MovieResponse.java,in.androidmate.anujgupta.movify.models.MovieResponse,setTotalPages/1[java.lang.Integer],totalPages,3
/home/arch_design_predict/download-github-repos/mvp/repos/Movify-master/app/src/main/java/in/androidmate/anujgupta/movify/models/MovieResponse.java,in.androidmate.anujgupta.movify.models.MovieResponse,setResults/1[java.util.List<in.androidmate.anujgupta.movify.models.Result>],results,3
/home/arch_design_predict/download-github-repos/mvp/repos/Movify-master/app/src/main/java/in/androidmate/anujgupta/movify/models/MovieResponse.java,in.androidmate.anujgupta.movify.models.MovieResponse,getTotalResults/0,totalResults,1
/home/arch_design_predict/download-github-repos/mvp/repos/Movify-master/app/src/main/java/in/androidmate/anujgupta/movify/models/MovieResponse.java,in.androidmate.anujgupta.movify.models.MovieResponse,getPage/0,page,1
/home/arch_design_predict/download-github-repos/mvp/repos/Movify-master/app/src/main/java/com/uryonet/movify/model/entity/Project.java,com.uryonet.movify.model.entity.Project,getFull_name/0,full_name,1
/home/arch_design_predict/download-github-repos/mvp/repos/Movify-master/app/src/main/java/com/uryonet/movify/model/entity/Project.java,com.uryonet.movify.model.entity.Project,getDescription/0,description,1
/home/arch_design_predict/download-github-repos/mvp/repos/Movify-master/app/src/main/java/com/uryonet/movify/model/entity/Project.java,com.uryonet.movify.model.entity.Project,Project/1[java.lang.String],name,3
/home/arch_design_predict/download-github-repos/mvp/repos/Movify-master/app/src/main/java/com/uryonet/movify/model/entity/Project.java,com.uryonet.movify.model.entity.Project,getClone_url/0,clone_url,1
/home/arch_design_predict/download-github-repos/mvp/repos/Movify-master/app/src/main/java/in/androidmate/anujgupta/movify/ui/main/MainActivity.java,in.androidmate.anujgupta.movify.ui.main.MainActivity,setupViews/0,toolbar,1
/home/arch_design_predict/download-github-repos/mvp/repos/Movify-master/app/src/main/java/in/androidmate/anujgupta/movify/ui/main/MainActivity.java,in.androidmate.anujgupta.movify.ui.main.MainActivity,setupViews/0,rvMovies,1
/home/arch_design_predict/download-github-repos/mvp/repos/Movify-master/app/src/main/java/in/androidmate/anujgupta/movify/ui/main/MainActivity.java,in.androidmate.anujgupta.movify.ui.main.MainActivity,getMovieList/0,mainPresenter,1
/home/arch_design_predict/download-github-repos/mvp/repos/Movify-master/app/src/main/java/in/androidmate/anujgupta/movify/ui/main/MainActivity.java,in.androidmate.anujgupta.movify.ui.main.MainActivity,displayMovies/1[in.androidmate.anujgupta.movify.models.MovieResponse],adapter,2
/home/arch_design_predict/download-github-repos/mvp/repos/Movify-master/app/src/main/java/in/androidmate/anujgupta/movify/ui/main/MainActivity.java,in.androidmate.anujgupta.movify.ui.main.MainActivity,displayMovies/1[in.androidmate.anujgupta.movify.models.MovieResponse],rvMovies,1
/home/arch_design_predict/download-github-repos/mvp/repos/Movify-master/app/src/main/java/in/androidmate/anujgupta/movify/ui/main/MainActivity.java,in.androidmate.anujgupta.movify.ui.main.MainActivity,displayMovies/1[in.androidmate.anujgupta.movify.models.MovieResponse],TAG,2
/home/arch_design_predict/download-github-repos/mvp/repos/Movify-master/app/src/main/java/in/androidmate/anujgupta/movify/ui/main/MainActivity.java,in.androidmate.anujgupta.movify.ui.main.MainActivity,setupMVP/0,mainPresenter,1
/home/arch_design_predict/download-github-repos/mvp/repos/Movify-master/app/src/main/java/in/androidmate/anujgupta/movify/ui/main/MainActivity.java,in.androidmate.anujgupta.movify.ui.main.MainActivity,hideProgressBar/0,progressBar,1
/home/arch_design_predict/download-github-repos/mvp/repos/Movify-master/app/src/main/java/in/androidmate/anujgupta/movify/ui/main/MainActivity.java,in.androidmate.anujgupta.movify.ui.main.MainActivity,showProgressBar/0,progressBar,1
/home/arch_design_predict/download-github-repos/mvp/repos/Movify-master/app/src/main/java/in/androidmate/anujgupta/movify/adapters/MoviesAdapter.java,in.androidmate.anujgupta.movify.adapters.MoviesAdapter$MoviesHolder,MoviesHolder/1[in.androidmate.anujgupta.movify.adapters.View],tvReleaseDate,2
/home/arch_design_predict/download-github-repos/mvp/repos/Movify-master/app/src/main/java/in/androidmate/anujgupta/movify/adapters/MoviesAdapter.java,in.androidmate.anujgupta.movify.adapters.MoviesAdapter$MoviesHolder,MoviesHolder/1[in.androidmate.anujgupta.movify.adapters.View],ivMovie,2
/home/arch_design_predict/download-github-repos/mvp/repos/Movify-master/app/src/main/java/in/androidmate/anujgupta/movify/adapters/MoviesAdapter.java,in.androidmate.anujgupta.movify.adapters.MoviesAdapter$MoviesHolder,MoviesHolder/1[in.androidmate.anujgupta.movify.adapters.View],tvTitle,2
/home/arch_design_predict/download-github-repos/mvp/repos/Movify-master/app/src/main/java/in/androidmate/anujgupta/movify/adapters/MoviesAdapter.java,in.androidmate.anujgupta.movify.adapters.MoviesAdapter$MoviesHolder,MoviesHolder/1[in.androidmate.anujgupta.movify.adapters.View],tvOverview,1
/home/arch_design_predict/download-github-repos/mvp/repos/Movify-master/app/src/main/java/in/androidmate/anujgupta/movify/ui/search/SearchPresenter.java,in.androidmate.anujgupta.movify.ui.search.SearchPresenter,SearchPresenter/1[in.androidmate.anujgupta.movify.ui.search.SearchViewInterface],searchviewInterface,1
/home/arch_design_predict/download-github-repos/mvp/repos/Movify-master/app/src/main/java/com/uryonet/movify/model/entity/User.java,com.uryonet.movify.model.entity.User,getAvatar_url/0,avatar_url,1
/home/arch_design_predict/download-github-repos/mvp/repos/Movify-master/app/src/main/java/in/androidmate/anujgupta/movify/MyApplication.java,in.androidmate.anujgupta.movify.MyApplication,onCreate/0,applicationComponent,1
/home/arch_design_predict/download-github-repos/mvp/repos/Movify-master/app/src/main/java/in/androidmate/anujgupta/movify/MyApplication.java,in.androidmate.anujgupta.movify.MyApplication,getApplicationComponent/0,applicationComponent,1
/home/arch_design_predict/download-github-repos/mvp/repos/Movify-master/app/src/main/java/in/androidmate/anujgupta/movify/adapters/MoviesAdapter.java,in.androidmate.anujgupta.movify.adapters.MoviesAdapter,"MoviesAdapter/2[java.util.List<in.androidmate.anujgupta.movify.models.Result>,in.androidmate.anujgupta.movify.adapters.Context]",context,3
/home/arch_design_predict/download-github-repos/mvp/repos/Movify-master/app/src/main/java/in/androidmate/anujgupta/movify/adapters/MoviesAdapter.java,in.androidmate.anujgupta.movify.adapters.MoviesAdapter,"MoviesAdapter/2[java.util.List<in.androidmate.anujgupta.movify.models.Result>,in.androidmate.anujgupta.movify.adapters.Context]",movieList,3
/home/arch_design_predict/download-github-repos/mvp/repos/Movify-master/app/src/main/java/in/androidmate/anujgupta/movify/adapters/MoviesAdapter.java,in.androidmate.anujgupta.movify.adapters.MoviesAdapter,getItemCount/0,movieList,1
/home/arch_design_predict/download-github-repos/mvp/repos/Movify-master/app/src/main/java/in/androidmate/anujgupta/movify/adapters/MoviesAdapter.java,in.androidmate.anujgupta.movify.adapters.MoviesAdapter,"onBindViewHolder/2[in.androidmate.anujgupta.movify.adapters.MoviesAdapter.MoviesHolder,int]",context,1
/home/arch_design_predict/download-github-repos/mvp/repos/Movify-master/app/src/main/java/in/androidmate/anujgupta/movify/adapters/MoviesAdapter.java,in.androidmate.anujgupta.movify.adapters.MoviesAdapter,"onBindViewHolder/2[in.androidmate.anujgupta.movify.adapters.MoviesAdapter.MoviesHolder,int]",movieList,4
/home/arch_design_predict/download-github-repos/mvp/repos/Movify-master/app/src/main/java/in/androidmate/anujgupta/movify/adapters/MoviesAdapter.java,in.androidmate.anujgupta.movify.adapters.MoviesAdapter,"onCreateViewHolder/2[in.androidmate.anujgupta.movify.adapters.ViewGroup,int]",context,1
