file,class,method,constructor,line,cbo,cboModified,fanin,fanout,wmc,rfc,loc,returnsQty,variablesQty,parametersQty,methodsInvokedQty,methodsInvokedLocalQty,methodsInvokedIndirectLocalQty,loopQty,comparisonsQty,tryCatchQty,parenthesizedExpsQty,stringLiteralsQty,numbersQty,assignmentsQty,mathOperationsQty,maxNestedBlocksQty,anonymousClassesQty,innerClassesQty,lambdasQty,uniqueWordsQty,modifiers,logStatementsQty,hasJavaDoc
/home/arch_design_predict/download-github-repos/mvp/repos/Movify-master/app/src/main/java/in/androidmate/anujgupta/movify/network/NetworkClient.java,in.androidmate.anujgupta.movify.network.NetworkClient,getRetrofit/0,false,20,2,2,2,0,2,6,8,1,2,0,6,0,0,0,1,0,0,1,0,3,0,1,0,0,0,9,9,0,false
/home/arch_design_predict/download-github-repos/mvp/repos/Movify-master/app/src/main/java/in/androidmate/anujgupta/movify/network/NetworkClient.java,in.androidmate.anujgupta.movify.network.NetworkClient,NetworkClient/0,false,16,0,0,0,0,1,0,2,0,0,0,0,0,0,0,0,0,0,0,0,0,0,0,0,0,0,2,1,0,false
/home/arch_design_predict/download-github-repos/mvp/repos/Movify-master/app/src/test/java/in/androidmate/anujgupta/movify/ExampleUnitTest.java,in.androidmate.anujgupta.movify.ExampleUnitTest,addition_isCorrect/0,false,14,1,0,0,0,1,1,3,0,0,0,1,0,0,0,0,0,0,0,3,0,1,0,0,0,0,6,1,0,false
/home/arch_design_predict/download-github-repos/mvp/repos/Movify-master/app/src/main/java/in/androidmate/anujgupta/movify/di/modules/ApplicationModule.java,in.androidmate.anujgupta.movify.di.modules.ApplicationModule,ApplicationModule/1[in.androidmate.anujgupta.movify.di.modules.Application],true,20,1,1,1,0,1,0,3,0,0,1,0,0,0,0,0,0,0,0,0,1,0,0,0,0,0,3,1,0,false
/home/arch_design_predict/download-github-repos/mvp/repos/Movify-master/app/src/main/java/in/androidmate/anujgupta/movify/di/modules/ApplicationModule.java,in.androidmate.anujgupta.movify.di.modules.ApplicationModule,provideContext/0,false,27,4,0,0,0,1,0,3,1,0,0,0,0,0,0,0,0,0,0,0,0,0,0,0,0,0,3,0,0,false
/home/arch_design_predict/download-github-repos/mvp/repos/Movify-master/app/src/main/java/com/uryonet/movify/model/network/NetworkDatasource.java,com.uryonet.movify.model.network.NetworkDatasource,getRetrofit/0,false,16,2,1,1,0,2,6,8,1,2,0,6,0,0,0,1,0,0,1,0,3,0,1,0,0,0,9,9,0,false
/home/arch_design_predict/download-github-repos/mvp/repos/Movify-master/app/src/main/java/com/uryonet/movify/model/network/NetworkDatasource.java,com.uryonet.movify.model.network.NetworkDatasource,NetworkDatasource/0,false,12,0,0,0,0,1,0,2,0,0,0,0,0,0,0,0,0,0,0,0,0,0,0,0,0,0,2,1,0,false
/home/arch_design_predict/download-github-repos/mvp/repos/Movify-master/app/src/main/java/com/uryonet/movify/presenter/contract/MainContract.java,com.uryonet.movify.presenter.contract.MainContract$View,displayProjects/1[java.util.List<com.uryonet.movify.model.entity.Project>],false,12,1,1,1,0,1,0,1,0,0,1,0,0,0,0,0,0,0,0,0,0,0,0,0,0,0,4,0,0,false
/home/arch_design_predict/download-github-repos/mvp/repos/Movify-master/app/src/main/java/com/uryonet/movify/presenter/contract/MainContract.java,com.uryonet.movify.presenter.contract.MainContract$View,showToast/1[java.lang.String],false,11,0,0,0,0,1,0,1,0,0,1,0,0,0,0,0,0,0,0,0,0,0,0,0,0,0,3,0,0,false
/home/arch_design_predict/download-github-repos/mvp/repos/Movify-master/app/src/main/java/com/uryonet/movify/presenter/contract/MainContract.java,com.uryonet.movify.presenter.contract.MainContract$View,displayError/1[java.lang.String],false,13,0,1,1,0,1,0,1,0,0,1,0,0,0,0,0,0,0,0,0,0,0,0,0,0,0,3,0,0,false
/home/arch_design_predict/download-github-repos/mvp/repos/Movify-master/app/src/main/java/com/uryonet/movify/presenter/view/adapter/ProjectsAdapter.java,com.uryonet.movify.presenter.view.adapter.ProjectsAdapter,"onBindViewHolder/2[com.uryonet.movify.presenter.view.adapter.ProjectsAdapter.ProjectsHolder,int]",false,35,3,4,0,4,1,9,6,0,0,2,9,0,0,0,0,0,0,0,0,0,0,0,0,0,0,7,1,0,false
/home/arch_design_predict/download-github-repos/mvp/repos/Movify-master/app/src/main/java/com/uryonet/movify/presenter/view/adapter/ProjectsAdapter.java,com.uryonet.movify.presenter.view.adapter.ProjectsAdapter,"ProjectsAdapter/2[java.util.List<com.uryonet.movify.model.entity.Project>,com.uryonet.movify.presenter.view.adapter.Context]",true,22,2,1,1,0,1,0,4,0,0,2,0,0,0,0,0,0,0,0,0,2,0,0,0,0,0,5,1,0,false
/home/arch_design_predict/download-github-repos/mvp/repos/Movify-master/app/src/main/java/com/uryonet/movify/presenter/view/adapter/ProjectsAdapter.java,com.uryonet.movify.presenter.view.adapter.ProjectsAdapter,"onCreateViewHolder/2[com.uryonet.movify.presenter.view.adapter.ViewGroup,int]",false,28,3,1,0,1,1,2,5,1,2,2,2,0,0,0,0,0,0,0,0,2,0,0,0,0,0,11,1,0,false
/home/arch_design_predict/download-github-repos/mvp/repos/Movify-master/app/src/main/java/com/uryonet/movify/presenter/view/adapter/ProjectsAdapter.java,com.uryonet.movify.presenter.view.adapter.ProjectsAdapter,getItemCount/0,false,43,0,0,0,0,1,1,3,1,0,0,1,0,0,0,0,0,0,0,0,0,0,0,0,0,0,3,1,0,false
/home/arch_design_predict/download-github-repos/mvp/repos/Movify-master/app/src/main/java/in/androidmate/anujgupta/movify/ui/search/SearchViewInterface.java,in.androidmate.anujgupta.movify.ui.search.SearchViewInterface,showToast/1[java.lang.String],false,11,0,0,0,0,1,0,1,0,0,1,0,0,0,0,0,0,0,0,0,0,0,0,0,0,0,3,0,0,false
/home/arch_design_predict/download-github-repos/mvp/repos/Movify-master/app/src/main/java/in/androidmate/anujgupta/movify/ui/search/SearchViewInterface.java,in.androidmate.anujgupta.movify.ui.search.SearchViewInterface,hideProgressBar/0,false,15,0,0,0,0,1,0,1,0,0,0,0,0,0,0,0,0,0,0,0,0,0,0,0,0,0,3,0,0,false
/home/arch_design_predict/download-github-repos/mvp/repos/Movify-master/app/src/main/java/in/androidmate/anujgupta/movify/ui/search/SearchViewInterface.java,in.androidmate.anujgupta.movify.ui.search.SearchViewInterface,showProgressBar/0,false,14,0,0,0,0,1,0,1,0,0,0,0,0,0,0,0,0,0,0,0,0,0,0,0,0,0,3,0,0,false
/home/arch_design_predict/download-github-repos/mvp/repos/Movify-master/app/src/main/java/in/androidmate/anujgupta/movify/ui/search/SearchViewInterface.java,in.androidmate.anujgupta.movify.ui.search.SearchViewInterface,displayResult/1[in.androidmate.anujgupta.movify.models.MovieResponse],false,12,1,1,1,0,1,0,1,0,0,1,0,0,0,0,0,0,0,0,0,0,0,0,0,0,0,5,0,0,false
/home/arch_design_predict/download-github-repos/mvp/repos/Movify-master/app/src/main/java/in/androidmate/anujgupta/movify/ui/search/SearchViewInterface.java,in.androidmate.anujgupta.movify.ui.search.SearchViewInterface,displayError/1[java.lang.String],false,13,0,1,1,0,1,0,1,0,0,1,0,0,0,0,0,0,0,0,0,0,0,0,0,0,0,3,0,0,false
/home/arch_design_predict/download-github-repos/mvp/repos/Movify-master/app/src/main/java/in/androidmate/anujgupta/movify/ui/main/MainPresenter.java,in.androidmate.anujgupta.movify.ui.main.MainPresenter$Anonymous1,onError/1[java.lang.Throwable],false,52,2,3,0,3,1,3,5,0,0,1,3,0,0,0,0,0,0,2,0,0,1,0,0,0,0,6,1,0,false
/home/arch_design_predict/download-github-repos/mvp/repos/Movify-master/app/src/main/java/in/androidmate/anujgupta/movify/ui/main/MainPresenter.java,in.androidmate.anujgupta.movify.ui.main.MainPresenter$Anonymous1,onComplete/0,false,59,1,1,0,1,1,2,4,0,0,0,2,0,0,0,0,0,0,1,0,0,0,0,0,0,0,2,1,0,false
/home/arch_design_predict/download-github-repos/mvp/repos/Movify-master/app/src/main/java/in/androidmate/anujgupta/movify/ui/main/MainPresenter.java,in.androidmate.anujgupta.movify.ui.main.MainPresenter$Anonymous1,onNext/1[in.androidmate.anujgupta.movify.models.MovieResponse],false,46,3,3,0,3,1,3,4,0,0,1,3,0,0,0,0,0,0,1,0,0,1,0,0,0,0,5,1,0,false
/home/arch_design_predict/download-github-repos/mvp/repos/Movify-master/app/src/main/java/in/androidmate/anujgupta/movify/ui/search/SearchPresenter.java,in.androidmate.anujgupta.movify.ui.search.SearchPresenter$Anonymous2,apply/1[java.lang.String],false,55,5,1,0,1,1,3,3,1,0,1,3,0,0,0,0,0,0,1,0,0,0,0,0,0,0,3,1,0,false
/home/arch_design_predict/download-github-repos/mvp/repos/Movify-master/app/src/main/java/in/androidmate/anujgupta/movify/ui/search/SearchPresenterInterface.java,in.androidmate.anujgupta.movify.ui.search.SearchPresenterInterface,getResultsBasedOnQuery/1[in.androidmate.anujgupta.movify.ui.search.SearchView],false,11,1,0,0,0,1,0,1,0,0,1,0,0,0,0,0,0,0,0,0,0,0,0,0,0,0,8,0,0,false
/home/arch_design_predict/download-github-repos/mvp/repos/Movify-master/app/src/main/java/com/uryonet/movify/presenter/view/activity/MainActivity.java,com.uryonet.movify.presenter.view.activity.MainActivity,onCreate/1[com.uryonet.movify.presenter.view.activity.Bundle],false,31,2,3,0,3,1,6,8,0,0,1,6,3,1,0,0,0,0,0,0,0,0,0,0,0,0,17,4,0,false
/home/arch_design_predict/download-github-repos/mvp/repos/Movify-master/app/src/main/java/com/uryonet/movify/presenter/view/activity/MainActivity.java,com.uryonet.movify.presenter.view.activity.MainActivity,showToast/1[java.lang.String],false,54,0,1,1,0,1,2,3,0,0,1,2,0,0,0,0,0,0,0,0,0,0,0,0,0,0,3,1,0,false
/home/arch_design_predict/download-github-repos/mvp/repos/Movify-master/app/src/main/java/com/uryonet/movify/presenter/view/activity/MainActivity.java,com.uryonet.movify.presenter.view.activity.MainActivity,displayProjects/1[java.util.List<com.uryonet.movify.model.entity.Project>],false,59,2,2,0,2,2,4,10,0,0,1,4,0,0,0,1,0,0,1,1,1,0,1,0,0,0,8,1,0,false
/home/arch_design_predict/download-github-repos/mvp/repos/Movify-master/app/src/main/java/com/uryonet/movify/presenter/view/activity/MainActivity.java,com.uryonet.movify.presenter.view.activity.MainActivity,displayError/1[java.lang.String],false,70,1,1,0,1,1,1,3,0,0,1,1,1,1,0,0,0,0,0,0,0,0,0,0,0,0,5,1,0,false
/home/arch_design_predict/download-github-repos/mvp/repos/Movify-master/app/src/main/java/com/uryonet/movify/presenter/view/activity/MainActivity.java,com.uryonet.movify.presenter.view.activity.MainActivity,getProjectList/0,false,49,1,2,1,1,1,1,3,0,0,0,1,0,0,0,0,0,0,0,0,0,0,0,0,0,0,3,2,0,false
/home/arch_design_predict/download-github-repos/mvp/repos/Movify-master/app/src/main/java/com/uryonet/movify/presenter/view/activity/MainActivity.java,com.uryonet.movify.presenter.view.activity.MainActivity,setupMVP/0,false,41,1,2,1,1,1,0,3,0,0,0,0,0,0,0,0,0,0,0,0,1,0,0,0,0,0,7,2,0,false
/home/arch_design_predict/download-github-repos/mvp/repos/Movify-master/app/src/main/java/com/uryonet/movify/presenter/view/activity/MainActivity.java,com.uryonet.movify.presenter.view.activity.MainActivity,setupViews/0,false,45,1,1,1,0,1,1,3,0,0,0,1,0,0,0,0,0,0,0,0,0,0,0,0,0,0,5,2,0,false
/home/arch_design_predict/download-github-repos/mvp/repos/Movify-master/app/src/main/java/in/androidmate/anujgupta/movify/ui/search/SearchPresenter.java,in.androidmate.anujgupta.movify.ui.search.SearchPresenter$Anonymous1,test/1[java.lang.String],false,43,1,0,0,0,2,1,8,2,0,1,1,0,0,0,0,0,0,1,0,0,0,1,0,0,0,5,1,0,false
/home/arch_design_predict/download-github-repos/mvp/repos/Movify-master/app/src/main/java/in/androidmate/anujgupta/movify/ui/search/SearchPresenter.java,in.androidmate.anujgupta.movify.ui.search.SearchPresenter$Anonymous4,onNext/1[in.androidmate.anujgupta.movify.models.MovieResponse],false,93,3,3,0,3,1,3,4,0,0,1,3,0,0,0,0,0,0,1,0,0,1,0,0,0,0,4,1,0,false
/home/arch_design_predict/download-github-repos/mvp/repos/Movify-master/app/src/main/java/in/androidmate/anujgupta/movify/ui/search/SearchPresenter.java,in.androidmate.anujgupta.movify.ui.search.SearchPresenter$Anonymous4,onError/1[java.lang.Throwable],false,99,2,3,0,3,1,3,5,0,0,1,3,0,0,0,0,0,0,2,0,0,1,0,0,0,0,6,1,0,false
/home/arch_design_predict/download-github-repos/mvp/repos/Movify-master/app/src/main/java/in/androidmate/anujgupta/movify/ui/search/SearchPresenter.java,in.androidmate.anujgupta.movify.ui.search.SearchPresenter$Anonymous4,onComplete/0,false,106,0,1,0,1,1,1,3,0,0,0,1,0,0,0,0,0,0,1,0,0,0,0,0,0,0,2,1,0,false
/home/arch_design_predict/download-github-repos/mvp/repos/Movify-master/app/src/main/java/in/androidmate/anujgupta/movify/ui/search/SearchActivity.java,in.androidmate.anujgupta.movify.ui.search.SearchActivity,displayError/1[java.lang.String],false,100,1,1,0,1,1,1,3,0,0,1,1,1,1,0,0,0,0,0,0,0,0,0,0,0,0,5,1,0,false
/home/arch_design_predict/download-github-repos/mvp/repos/Movify-master/app/src/main/java/in/androidmate/anujgupta/movify/ui/search/SearchActivity.java,in.androidmate.anujgupta.movify.ui.search.SearchActivity,onOptionsItemSelected/1[in.androidmate.anujgupta.movify.ui.search.MenuItem],false,79,1,0,0,0,2,2,7,2,1,1,2,0,0,0,1,0,0,0,0,1,0,1,0,0,0,8,1,0,false
/home/arch_design_predict/download-github-repos/mvp/repos/Movify-master/app/src/main/java/in/androidmate/anujgupta/movify/ui/search/SearchActivity.java,in.androidmate.anujgupta.movify.ui.search.SearchActivity,showToast/1[java.lang.String],false,89,0,1,1,0,1,2,3,0,0,1,2,0,0,0,0,0,0,0,0,0,0,0,0,0,0,3,1,0,false
/home/arch_design_predict/download-github-repos/mvp/repos/Movify-master/app/src/main/java/in/androidmate/anujgupta/movify/ui/search/SearchActivity.java,in.androidmate.anujgupta.movify.ui.search.SearchActivity,onCreate/1[in.androidmate.anujgupta.movify.ui.search.Bundle],false,39,2,2,0,2,1,5,7,0,0,1,5,2,1,0,0,0,0,0,0,0,0,0,0,0,0,14,4,0,false
/home/arch_design_predict/download-github-repos/mvp/repos/Movify-master/app/src/main/java/in/androidmate/anujgupta/movify/ui/search/SearchActivity.java,in.androidmate.anujgupta.movify.ui.search.SearchActivity,hideProgressBar/0,false,110,0,0,0,0,1,1,3,0,0,0,1,0,0,0,0,0,0,0,0,0,0,0,0,0,0,3,1,0,false
/home/arch_design_predict/download-github-repos/mvp/repos/Movify-master/app/src/main/java/in/androidmate/anujgupta/movify/ui/search/SearchActivity.java,in.androidmate.anujgupta.movify.ui.search.SearchActivity,setupViews/0,false,48,1,1,1,0,1,2,4,0,0,0,2,0,0,0,0,0,0,0,0,0,0,0,0,0,0,10,2,0,false
/home/arch_design_predict/download-github-repos/mvp/repos/Movify-master/app/src/main/java/in/androidmate/anujgupta/movify/ui/search/SearchActivity.java,in.androidmate.anujgupta.movify.ui.search.SearchActivity,setupMVP/0,false,54,1,2,1,1,1,0,3,0,0,0,0,0,0,0,0,0,0,0,0,1,0,0,0,0,0,7,2,0,false
/home/arch_design_predict/download-github-repos/mvp/repos/Movify-master/app/src/main/java/in/androidmate/anujgupta/movify/ui/search/SearchActivity.java,in.androidmate.anujgupta.movify.ui.search.SearchActivity,displayResult/1[in.androidmate.anujgupta.movify.models.MovieResponse],false,94,2,2,0,2,1,2,4,0,0,1,2,0,0,0,0,0,0,0,0,1,0,0,0,0,0,8,1,0,false
/home/arch_design_predict/download-github-repos/mvp/repos/Movify-master/app/src/main/java/in/androidmate/anujgupta/movify/ui/search/SearchActivity.java,in.androidmate.anujgupta.movify.ui.search.SearchActivity,showProgressBar/0,false,105,0,0,0,0,1,1,3,0,0,0,1,0,0,0,0,0,0,0,0,0,0,0,0,0,0,3,1,0,false
/home/arch_design_predict/download-github-repos/mvp/repos/Movify-master/app/src/main/java/in/androidmate/anujgupta/movify/ui/search/SearchActivity.java,in.androidmate.anujgupta.movify.ui.search.SearchActivity,onCreateOptionsMenu/1[in.androidmate.anujgupta.movify.ui.search.Menu],false,60,4,1,0,1,1,12,10,1,1,1,12,0,0,0,0,0,0,1,0,2,0,0,0,0,0,16,1,0,false
/home/arch_design_predict/download-github-repos/mvp/repos/Movify-master/app/src/main/java/in/androidmate/anujgupta/movify/ui/search/SearchPresenter.java,in.androidmate.anujgupta.movify.ui.search.SearchPresenter$Anonymous3,onQueryTextChange/1[java.lang.String],false,79,0,0,0,0,1,1,4,1,0,1,1,0,0,0,0,0,0,0,0,0,0,0,0,0,0,6,1,0,false
/home/arch_design_predict/download-github-repos/mvp/repos/Movify-master/app/src/main/java/in/androidmate/anujgupta/movify/ui/search/SearchPresenter.java,in.androidmate.anujgupta.movify.ui.search.SearchPresenter$Anonymous3,onQueryTextSubmit/1[java.lang.String],false,73,0,0,0,0,1,1,4,1,0,1,1,0,0,0,0,0,0,0,0,0,0,0,0,0,0,6,1,0,false
/home/arch_design_predict/download-github-repos/mvp/repos/Movify-master/app/src/main/java/com/uryonet/movify/presenter/presenter/MainPresenter.java,com.uryonet.movify.presenter.presenter.MainPresenter,getObserver/0,false,35,3,1,1,0,1,0,17,1,0,0,0,0,0,0,0,0,0,0,0,0,0,0,1,0,0,12,1,0,false
/home/arch_design_predict/download-github-repos/mvp/repos/Movify-master/app/src/main/java/com/uryonet/movify/presenter/presenter/MainPresenter.java,com.uryonet.movify.presenter.presenter.MainPresenter,getObservable/0,false,31,4,2,1,1,1,7,3,1,0,0,7,0,0,0,0,0,0,1,0,0,0,0,0,0,0,2,1,0,false
/home/arch_design_predict/download-github-repos/mvp/repos/Movify-master/app/src/main/java/com/uryonet/movify/presenter/presenter/MainPresenter.java,com.uryonet.movify.presenter.presenter.MainPresenter,getProjects/0,false,27,1,3,1,2,1,3,3,0,0,0,3,2,1,0,0,0,0,0,0,0,0,0,0,0,0,4,1,0,false
/home/arch_design_predict/download-github-repos/mvp/repos/Movify-master/app/src/main/java/com/uryonet/movify/presenter/presenter/MainPresenter.java,com.uryonet.movify.presenter.presenter.MainPresenter,MainPresenter/1[com.uryonet.movify.presenter.contract.MainContract.View],true,22,1,1,1,0,1,0,3,0,0,1,0,0,0,0,0,0,0,0,0,1,0,0,0,0,0,5,1,0,false
/home/arch_design_predict/download-github-repos/mvp/repos/Movify-master/app/src/main/java/in/androidmate/anujgupta/movify/ui/main/MainPresenterInterface.java,in.androidmate.anujgupta.movify.ui.main.MainPresenterInterface,getMovies/0,false,11,0,0,0,0,1,0,1,0,0,0,0,0,0,0,0,0,0,0,0,0,0,0,0,0,0,2,0,0,false
/home/arch_design_predict/download-github-repos/mvp/repos/Movify-master/app/src/main/java/in/androidmate/anujgupta/movify/models/Result.java,in.androidmate.anujgupta.movify.models.Result,setReleaseDate/1[java.lang.String],false,207,0,0,0,0,1,0,3,0,0,1,0,0,0,0,0,0,0,0,0,1,0,0,0,0,0,4,1,0,false
/home/arch_design_predict/download-github-repos/mvp/repos/Movify-master/app/src/main/java/in/androidmate/anujgupta/movify/models/Result.java,in.androidmate.anujgupta.movify.models.Result,getTitle/0,false,131,0,2,2,0,1,0,3,1,0,0,0,0,0,0,0,0,0,0,0,0,0,0,0,0,0,3,1,0,false
/home/arch_design_predict/download-github-repos/mvp/repos/Movify-master/app/src/main/java/in/androidmate/anujgupta/movify/models/Result.java,in.androidmate.anujgupta.movify.models.Result,setPosterPath/1[java.lang.String],false,151,0,0,0,0,1,0,3,0,0,1,0,0,0,0,0,0,0,0,0,1,0,0,0,0,0,4,1,0,false
/home/arch_design_predict/download-github-repos/mvp/repos/Movify-master/app/src/main/java/in/androidmate/anujgupta/movify/models/Result.java,in.androidmate.anujgupta.movify.models.Result,getOverview/0,false,195,0,1,1,0,1,0,3,1,0,0,0,0,0,0,0,0,0,0,0,0,0,0,0,0,0,3,1,0,false
/home/arch_design_predict/download-github-repos/mvp/repos/Movify-master/app/src/main/java/in/androidmate/anujgupta/movify/models/Result.java,in.androidmate.anujgupta.movify.models.Result,getVoteCount/0,false,99,0,0,0,0,1,0,3,1,0,0,0,0,0,0,0,0,0,0,0,0,0,0,0,0,0,5,1,0,false
/home/arch_design_predict/download-github-repos/mvp/repos/Movify-master/app/src/main/java/in/androidmate/anujgupta/movify/models/Result.java,in.androidmate.anujgupta.movify.models.Result,getPosterPath/0,false,147,0,1,1,0,1,0,3,1,0,0,0,0,0,0,0,0,0,0,0,0,0,0,0,0,0,4,1,0,false
/home/arch_design_predict/download-github-repos/mvp/repos/Movify-master/app/src/main/java/in/androidmate/anujgupta/movify/models/Result.java,in.androidmate.anujgupta.movify.models.Result,getOriginalTitle/0,false,163,0,0,0,0,1,0,3,1,0,0,0,0,0,0,0,0,0,0,0,0,0,0,0,0,0,4,1,0,false
/home/arch_design_predict/download-github-repos/mvp/repos/Movify-master/app/src/main/java/in/androidmate/anujgupta/movify/models/Result.java,in.androidmate.anujgupta.movify.models.Result,setBackdropPath/1[java.lang.String],false,183,0,0,0,0,1,0,3,0,0,1,0,0,0,0,0,0,0,0,0,1,0,0,0,0,0,4,1,0,false
/home/arch_design_predict/download-github-repos/mvp/repos/Movify-master/app/src/main/java/in/androidmate/anujgupta/movify/models/Result.java,in.androidmate.anujgupta.movify.models.Result,setVideo/1[java.lang.Boolean],false,119,0,0,0,0,1,0,3,0,0,1,0,0,0,0,0,0,0,0,0,1,0,0,0,0,0,4,1,0,false
/home/arch_design_predict/download-github-repos/mvp/repos/Movify-master/app/src/main/java/in/androidmate/anujgupta/movify/models/Result.java,in.androidmate.anujgupta.movify.models.Result,getPopularity/0,false,139,0,0,0,0,1,0,3,1,0,0,0,0,0,0,0,0,0,0,0,0,0,0,0,0,0,4,1,0,false
/home/arch_design_predict/download-github-repos/mvp/repos/Movify-master/app/src/main/java/in/androidmate/anujgupta/movify/models/Result.java,in.androidmate.anujgupta.movify.models.Result,setTitle/1[java.lang.String],false,135,0,0,0,0,1,0,3,0,0,1,0,0,0,0,0,0,0,0,0,1,0,0,0,0,0,3,1,0,false
/home/arch_design_predict/download-github-repos/mvp/repos/Movify-master/app/src/main/java/in/androidmate/anujgupta/movify/models/Result.java,in.androidmate.anujgupta.movify.models.Result,getBackdropPath/0,false,179,0,0,0,0,1,0,3,1,0,0,0,0,0,0,0,0,0,0,0,0,0,0,0,0,0,4,1,0,false
/home/arch_design_predict/download-github-repos/mvp/repos/Movify-master/app/src/main/java/in/androidmate/anujgupta/movify/models/Result.java,in.androidmate.anujgupta.movify.models.Result,setPopularity/1[java.lang.Float],false,143,0,0,0,0,1,0,3,0,0,1,0,0,0,0,0,0,0,0,0,1,0,0,0,0,0,4,1,0,false
/home/arch_design_predict/download-github-repos/mvp/repos/Movify-master/app/src/main/java/in/androidmate/anujgupta/movify/models/Result.java,in.androidmate.anujgupta.movify.models.Result,Result/0,true,61,0,0,0,0,1,0,2,0,0,0,0,0,0,0,0,0,0,0,0,0,0,0,0,0,0,7,1,0,true
/home/arch_design_predict/download-github-repos/mvp/repos/Movify-master/app/src/main/java/in/androidmate/anujgupta/movify/models/Result.java,in.androidmate.anujgupta.movify.models.Result,setVoteCount/1[java.lang.Integer],false,103,0,0,0,0,1,0,3,0,0,1,0,0,0,0,0,0,0,0,0,1,0,0,0,0,0,5,1,0,false
/home/arch_design_predict/download-github-repos/mvp/repos/Movify-master/app/src/main/java/in/androidmate/anujgupta/movify/models/Result.java,in.androidmate.anujgupta.movify.models.Result,getAdult/0,false,187,0,0,0,0,1,0,3,1,0,0,0,0,0,0,0,0,0,0,0,0,0,0,0,0,0,4,1,0,false
/home/arch_design_predict/download-github-repos/mvp/repos/Movify-master/app/src/main/java/in/androidmate/anujgupta/movify/models/Result.java,in.androidmate.anujgupta.movify.models.Result,setOverview/1[java.lang.String],false,199,0,0,0,0,1,0,3,0,0,1,0,0,0,0,0,0,0,0,0,1,0,0,0,0,0,3,1,0,false
/home/arch_design_predict/download-github-repos/mvp/repos/Movify-master/app/src/main/java/in/androidmate/anujgupta/movify/models/Result.java,in.androidmate.anujgupta.movify.models.Result,"Result/14[java.lang.Integer,java.lang.Integer,java.lang.Boolean,java.lang.Float,java.lang.String,java.lang.Float,java.lang.String,java.lang.String,java.lang.String,java.util.List<java.lang.Integer>,java.lang.String,java.lang.Boolean,java.lang.String,java.lang.String]",true,81,0,0,0,0,1,0,17,0,0,14,0,0,0,0,0,0,0,0,0,14,0,0,0,0,0,21,1,0,true
/home/arch_design_predict/download-github-repos/mvp/repos/Movify-master/app/src/main/java/in/androidmate/anujgupta/movify/models/Result.java,in.androidmate.anujgupta.movify.models.Result,setVoteAverage/1[java.lang.Float],false,127,0,0,0,0,1,0,3,0,0,1,0,0,0,0,0,0,0,0,0,1,0,0,0,0,0,5,1,0,false
/home/arch_design_predict/download-github-repos/mvp/repos/Movify-master/app/src/main/java/in/androidmate/anujgupta/movify/models/Result.java,in.androidmate.anujgupta.movify.models.Result,getOriginalLanguage/0,false,155,0,0,0,0,1,0,3,1,0,0,0,0,0,0,0,0,0,0,0,0,0,0,0,0,0,4,1,0,false
/home/arch_design_predict/download-github-repos/mvp/repos/Movify-master/app/src/main/java/in/androidmate/anujgupta/movify/models/Result.java,in.androidmate.anujgupta.movify.models.Result,setGenreIds/1[java.util.List<java.lang.Integer>],false,175,0,0,0,0,1,0,3,0,0,1,0,0,0,0,0,0,0,0,0,1,0,0,0,0,0,4,1,0,false
/home/arch_design_predict/download-github-repos/mvp/repos/Movify-master/app/src/main/java/in/androidmate/anujgupta/movify/models/Result.java,in.androidmate.anujgupta.movify.models.Result,getId/0,false,107,0,0,0,0,1,0,3,1,0,0,0,0,0,0,0,0,0,0,0,0,0,0,0,0,0,4,1,0,false
/home/arch_design_predict/download-github-repos/mvp/repos/Movify-master/app/src/main/java/in/androidmate/anujgupta/movify/models/Result.java,in.androidmate.anujgupta.movify.models.Result,getReleaseDate/0,false,203,0,1,1,0,1,0,3,1,0,0,0,0,0,0,0,0,0,0,0,0,0,0,0,0,0,4,1,0,false
/home/arch_design_predict/download-github-repos/mvp/repos/Movify-master/app/src/main/java/in/androidmate/anujgupta/movify/models/Result.java,in.androidmate.anujgupta.movify.models.Result,setOriginalLanguage/1[java.lang.String],false,159,0,0,0,0,1,0,3,0,0,1,0,0,0,0,0,0,0,0,0,1,0,0,0,0,0,4,1,0,false
/home/arch_design_predict/download-github-repos/mvp/repos/Movify-master/app/src/main/java/in/androidmate/anujgupta/movify/models/Result.java,in.androidmate.anujgupta.movify.models.Result,getVideo/0,false,115,0,0,0,0,1,0,3,1,0,0,0,0,0,0,0,0,0,0,0,0,0,0,0,0,0,4,1,0,false
/home/arch_design_predict/download-github-repos/mvp/repos/Movify-master/app/src/main/java/in/androidmate/anujgupta/movify/models/Result.java,in.androidmate.anujgupta.movify.models.Result,getVoteAverage/0,false,123,0,0,0,0,1,0,3,1,0,0,0,0,0,0,0,0,0,0,0,0,0,0,0,0,0,5,1,0,false
/home/arch_design_predict/download-github-repos/mvp/repos/Movify-master/app/src/main/java/in/androidmate/anujgupta/movify/models/Result.java,in.androidmate.anujgupta.movify.models.Result,setAdult/1[java.lang.Boolean],false,191,0,0,0,0,1,0,3,0,0,1,0,0,0,0,0,0,0,0,0,1,0,0,0,0,0,4,1,0,false
/home/arch_design_predict/download-github-repos/mvp/repos/Movify-master/app/src/main/java/in/androidmate/anujgupta/movify/models/Result.java,in.androidmate.anujgupta.movify.models.Result,setId/1[java.lang.Integer],false,111,0,0,0,0,1,0,3,0,0,1,0,0,0,0,0,0,0,0,0,1,0,0,0,0,0,4,1,0,false
/home/arch_design_predict/download-github-repos/mvp/repos/Movify-master/app/src/main/java/in/androidmate/anujgupta/movify/models/Result.java,in.androidmate.anujgupta.movify.models.Result,setOriginalTitle/1[java.lang.String],false,167,0,0,0,0,1,0,3,0,0,1,0,0,0,0,0,0,0,0,0,1,0,0,0,0,0,4,1,0,false
/home/arch_design_predict/download-github-repos/mvp/repos/Movify-master/app/src/main/java/in/androidmate/anujgupta/movify/models/Result.java,in.androidmate.anujgupta.movify.models.Result,getGenreIds/0,false,171,0,0,0,0,1,0,3,1,0,0,0,0,0,0,0,0,0,0,0,0,0,0,0,0,0,4,1,0,false
/home/arch_design_predict/download-github-repos/mvp/repos/Movify-master/app/src/main/java/com/uryonet/movify/presenter/view/adapter/ProjectsAdapter.java,com.uryonet.movify.presenter.view.adapter.ProjectsAdapter$ProjectsHolder,ProjectsHolder/1[com.uryonet.movify.presenter.view.adapter.View],true,52,3,1,1,0,1,1,7,0,0,1,1,0,0,0,0,0,0,0,0,4,0,0,0,0,0,13,1,0,false
/home/arch_design_predict/download-github-repos/mvp/repos/Movify-master/app/src/main/java/in/androidmate/anujgupta/movify/ui/main/MainPresenter.java,in.androidmate.anujgupta.movify.ui.main.MainPresenter,MainPresenter/1[in.androidmate.anujgupta.movify.ui.main.MainViewInterface],true,26,1,1,1,0,1,0,3,0,0,1,0,0,0,0,0,0,0,0,0,1,0,0,0,0,0,5,1,0,false
/home/arch_design_predict/download-github-repos/mvp/repos/Movify-master/app/src/main/java/in/androidmate/anujgupta/movify/ui/main/MainPresenter.java,in.androidmate.anujgupta.movify.ui.main.MainPresenter,getMovies/0,false,31,1,3,1,2,1,3,3,0,0,0,3,2,1,0,0,0,0,0,0,0,0,0,0,0,0,4,1,0,false
/home/arch_design_predict/download-github-repos/mvp/repos/Movify-master/app/src/main/java/in/androidmate/anujgupta/movify/ui/main/MainPresenter.java,in.androidmate.anujgupta.movify.ui.main.MainPresenter,getObservable/0,false,35,4,2,1,1,1,7,3,1,0,0,7,0,0,0,0,0,0,1,0,0,0,0,0,0,0,2,1,0,false
/home/arch_design_predict/download-github-repos/mvp/repos/Movify-master/app/src/main/java/in/androidmate/anujgupta/movify/ui/main/MainPresenter.java,in.androidmate.anujgupta.movify.ui.main.MainPresenter,getObserver/0,false,42,3,1,1,0,1,0,18,1,0,0,0,0,0,0,0,0,0,0,0,0,0,0,1,0,0,12,1,0,false
/home/arch_design_predict/download-github-repos/mvp/repos/Movify-master/app/src/main/java/in/androidmate/anujgupta/movify/models/MovieResponse.java,in.androidmate.anujgupta.movify.models.MovieResponse,setPage/1[java.lang.Integer],false,53,0,0,0,0,1,0,3,0,0,1,0,0,0,0,0,0,0,0,0,1,0,0,0,0,0,4,1,0,false
/home/arch_design_predict/download-github-repos/mvp/repos/Movify-master/app/src/main/java/in/androidmate/anujgupta/movify/models/MovieResponse.java,in.androidmate.anujgupta.movify.models.MovieResponse,getTotalPages/0,false,65,0,0,0,0,1,0,3,1,0,0,0,0,0,0,0,0,0,0,0,0,0,0,0,0,0,5,1,0,false
/home/arch_design_predict/download-github-repos/mvp/repos/Movify-master/app/src/main/java/in/androidmate/anujgupta/movify/models/MovieResponse.java,in.androidmate.anujgupta.movify.models.MovieResponse,getResults/0,false,73,1,2,2,0,1,0,3,1,0,0,0,0,0,0,0,0,0,0,0,0,0,0,0,0,0,3,1,0,false
/home/arch_design_predict/download-github-repos/mvp/repos/Movify-master/app/src/main/java/in/androidmate/anujgupta/movify/models/MovieResponse.java,in.androidmate.anujgupta.movify.models.MovieResponse,MovieResponse/0,true,31,0,0,0,0,1,0,2,0,0,0,0,0,0,0,0,0,0,0,0,0,0,0,0,0,0,8,1,0,true
/home/arch_design_predict/download-github-repos/mvp/repos/Movify-master/app/src/main/java/in/androidmate/anujgupta/movify/models/MovieResponse.java,in.androidmate.anujgupta.movify.models.MovieResponse,"MovieResponse/4[java.lang.Integer,java.lang.Integer,java.lang.Integer,java.util.List<in.androidmate.anujgupta.movify.models.Result>]",true,41,1,0,0,0,1,0,7,0,0,4,0,0,0,0,0,0,0,0,0,4,0,0,0,0,0,8,1,0,true
/home/arch_design_predict/download-github-repos/mvp/repos/Movify-master/app/src/main/java/in/androidmate/anujgupta/movify/models/MovieResponse.java,in.androidmate.anujgupta.movify.models.MovieResponse,setTotalResults/1[java.lang.Integer],false,61,0,0,0,0,1,0,3,0,0,1,0,0,0,0,0,0,0,0,0,1,0,0,0,0,0,5,1,0,false
/home/arch_design_predict/download-github-repos/mvp/repos/Movify-master/app/src/main/java/in/androidmate/anujgupta/movify/models/MovieResponse.java,in.androidmate.anujgupta.movify.models.MovieResponse,setTotalPages/1[java.lang.Integer],false,69,0,0,0,0,1,0,3,0,0,1,0,0,0,0,0,0,0,0,0,1,0,0,0,0,0,5,1,0,false
/home/arch_design_predict/download-github-repos/mvp/repos/Movify-master/app/src/main/java/in/androidmate/anujgupta/movify/models/MovieResponse.java,in.androidmate.anujgupta.movify.models.MovieResponse,setResults/1[java.util.List<in.androidmate.anujgupta.movify.models.Result>],false,77,1,0,0,0,1,0,3,0,0,1,0,0,0,0,0,0,0,0,0,1,0,0,0,0,0,3,1,0,false
/home/arch_design_predict/download-github-repos/mvp/repos/Movify-master/app/src/main/java/in/androidmate/anujgupta/movify/models/MovieResponse.java,in.androidmate.anujgupta.movify.models.MovieResponse,getTotalResults/0,false,57,0,1,1,0,1,0,3,1,0,0,0,0,0,0,0,0,0,0,0,0,0,0,0,0,0,5,1,0,false
/home/arch_design_predict/download-github-repos/mvp/repos/Movify-master/app/src/main/java/in/androidmate/anujgupta/movify/models/MovieResponse.java,in.androidmate.anujgupta.movify.models.MovieResponse,getPage/0,false,49,0,0,0,0,1,0,3,1,0,0,0,0,0,0,0,0,0,0,0,0,0,0,0,0,0,4,1,0,false
/home/arch_design_predict/download-github-repos/mvp/repos/Movify-master/app/src/main/java/com/uryonet/movify/model/entity/Project.java,com.uryonet.movify.model.entity.Project,getFull_name/0,false,42,0,2,2,0,1,0,3,1,0,0,0,0,0,0,0,0,0,0,0,0,0,0,0,0,0,4,1,0,false
/home/arch_design_predict/download-github-repos/mvp/repos/Movify-master/app/src/main/java/com/uryonet/movify/model/entity/Project.java,com.uryonet.movify.model.entity.Project,getDescription/0,false,46,0,1,1,0,1,0,3,1,0,0,0,0,0,0,0,0,0,0,0,0,0,0,0,0,0,3,1,0,false
/home/arch_design_predict/download-github-repos/mvp/repos/Movify-master/app/src/main/java/com/uryonet/movify/model/entity/Project.java,com.uryonet.movify.model.entity.Project,Project/1[java.lang.String],true,38,0,0,0,0,1,0,3,0,0,1,0,0,0,0,0,0,0,0,0,1,0,0,0,0,0,2,1,0,false
/home/arch_design_predict/download-github-repos/mvp/repos/Movify-master/app/src/main/java/com/uryonet/movify/model/entity/Project.java,com.uryonet.movify.model.entity.Project,getClone_url/0,false,50,0,1,1,0,1,0,3,1,0,0,0,0,0,0,0,0,0,0,0,0,0,0,0,0,0,4,1,0,false
/home/arch_design_predict/download-github-repos/mvp/repos/Movify-master/app/src/main/java/com/uryonet/movify/model/entity/Project.java,com.uryonet.movify.model.entity.Project,Project/0,true,35,0,0,0,0,1,0,2,0,0,0,0,0,0,0,0,0,0,0,0,0,0,0,0,0,0,1,1,0,false
/home/arch_design_predict/download-github-repos/mvp/repos/Movify-master/app/src/androidTest/java/in/androidmate/anujgupta/movify/ExampleInstrumentedTest.java,in.androidmate.anujgupta.movify.ExampleInstrumentedTest,useAppContext/0,false,20,2,0,0,0,1,3,4,0,1,0,3,0,0,0,0,0,0,1,0,1,0,0,0,0,0,7,1,0,false
/home/arch_design_predict/download-github-repos/mvp/repos/Movify-master/app/src/main/java/com/uryonet/movify/presenter/presenter/MainPresenter.java,com.uryonet.movify.presenter.presenter.MainPresenter$Anonymous1,onNext/1[java.util.List<com.uryonet.movify.model.entity.Project>],false,38,2,1,0,1,1,2,4,0,0,1,2,0,0,0,0,0,0,1,0,0,0,0,0,0,0,4,1,0,false
/home/arch_design_predict/download-github-repos/mvp/repos/Movify-master/app/src/main/java/com/uryonet/movify/presenter/presenter/MainPresenter.java,com.uryonet.movify.presenter.presenter.MainPresenter$Anonymous1,onComplete/0,false,51,0,1,0,1,1,1,3,0,0,0,1,0,0,0,0,0,0,1,0,0,0,0,0,0,0,2,1,0,false
/home/arch_design_predict/download-github-repos/mvp/repos/Movify-master/app/src/main/java/com/uryonet/movify/presenter/presenter/MainPresenter.java,com.uryonet.movify.presenter.presenter.MainPresenter$Anonymous1,onError/1[java.lang.Throwable],false,44,1,3,0,3,1,3,5,0,0,1,3,0,0,0,0,0,0,2,0,0,0,0,0,0,0,6,1,0,false
/home/arch_design_predict/download-github-repos/mvp/repos/Movify-master/app/src/androidTest/java/com/uryonet/movify/ExampleInstrumentedTest.java,com.uryonet.movify.ExampleInstrumentedTest,useAppContext/0,false,20,2,0,0,0,1,3,4,0,1,0,3,0,0,0,0,0,0,1,0,1,0,0,0,0,0,6,1,0,false
/home/arch_design_predict/download-github-repos/mvp/repos/Movify-master/app/src/main/java/in/androidmate/anujgupta/movify/ui/main/MainViewInterface.java,in.androidmate.anujgupta.movify.ui.main.MainViewInterface,displayMovies/1[in.androidmate.anujgupta.movify.models.MovieResponse],false,14,1,1,1,0,1,0,1,0,0,1,0,0,0,0,0,0,0,0,0,0,0,0,0,0,0,5,0,0,false
/home/arch_design_predict/download-github-repos/mvp/repos/Movify-master/app/src/main/java/in/androidmate/anujgupta/movify/ui/main/MainViewInterface.java,in.androidmate.anujgupta.movify.ui.main.MainViewInterface,hideProgressBar/0,false,13,0,1,1,0,1,0,1,0,0,0,0,0,0,0,0,0,0,0,0,0,0,0,0,0,0,3,0,0,false
/home/arch_design_predict/download-github-repos/mvp/repos/Movify-master/app/src/main/java/in/androidmate/anujgupta/movify/ui/main/MainViewInterface.java,in.androidmate.anujgupta.movify.ui.main.MainViewInterface,showToast/1[java.lang.String],false,11,0,0,0,0,1,0,1,0,0,1,0,0,0,0,0,0,0,0,0,0,0,0,0,0,0,3,0,0,false
/home/arch_design_predict/download-github-repos/mvp/repos/Movify-master/app/src/main/java/in/androidmate/anujgupta/movify/ui/main/MainViewInterface.java,in.androidmate.anujgupta.movify.ui.main.MainViewInterface,showProgressBar/0,false,12,0,0,0,0,1,0,1,0,0,0,0,0,0,0,0,0,0,0,0,0,0,0,0,0,0,3,0,0,false
/home/arch_design_predict/download-github-repos/mvp/repos/Movify-master/app/src/main/java/in/androidmate/anujgupta/movify/ui/main/MainViewInterface.java,in.androidmate.anujgupta.movify.ui.main.MainViewInterface,displayError/1[java.lang.String],false,15,0,1,1,0,1,0,1,0,0,1,0,0,0,0,0,0,0,0,0,0,0,0,0,0,0,3,0,0,false
/home/arch_design_predict/download-github-repos/mvp/repos/Movify-master/app/src/main/java/in/androidmate/anujgupta/movify/ui/main/MainActivity.java,in.androidmate.anujgupta.movify.ui.main.MainActivity,onCreate/1[in.androidmate.anujgupta.movify.ui.main.Bundle],false,39,2,3,0,3,1,6,8,0,0,1,6,3,1,0,0,0,0,0,0,0,0,0,0,0,0,17,4,0,false
/home/arch_design_predict/download-github-repos/mvp/repos/Movify-master/app/src/main/java/in/androidmate/anujgupta/movify/ui/main/MainActivity.java,in.androidmate.anujgupta.movify.ui.main.MainActivity,setupViews/0,false,56,1,1,1,0,1,2,4,0,0,0,2,0,0,0,0,0,0,0,0,0,0,0,0,0,0,10,2,0,false
/home/arch_design_predict/download-github-repos/mvp/repos/Movify-master/app/src/main/java/in/androidmate/anujgupta/movify/ui/main/MainActivity.java,in.androidmate.anujgupta.movify.ui.main.MainActivity,getMovieList/0,false,62,1,2,1,1,1,1,3,0,0,0,1,0,0,0,0,0,0,0,0,0,0,0,0,0,0,3,2,0,false
/home/arch_design_predict/download-github-repos/mvp/repos/Movify-master/app/src/main/java/in/androidmate/anujgupta/movify/ui/main/MainActivity.java,in.androidmate.anujgupta.movify.ui.main.MainActivity,showToast/1[java.lang.String],false,71,0,2,2,0,1,2,3,0,0,1,2,0,0,0,0,0,0,0,0,0,0,0,0,0,0,3,1,0,false
/home/arch_design_predict/download-github-repos/mvp/repos/Movify-master/app/src/main/java/in/androidmate/anujgupta/movify/ui/main/MainActivity.java,in.androidmate.anujgupta.movify.ui.main.MainActivity,displayMovies/1[in.androidmate.anujgupta.movify.models.MovieResponse],false,86,3,3,0,3,2,5,10,0,0,1,5,0,0,0,1,0,0,1,1,1,0,1,0,0,0,9,1,0,false
/home/arch_design_predict/download-github-repos/mvp/repos/Movify-master/app/src/main/java/in/androidmate/anujgupta/movify/ui/main/MainActivity.java,in.androidmate.anujgupta.movify.ui.main.MainActivity,displayError/1[java.lang.String],false,97,1,1,0,1,1,1,3,0,0,1,1,1,1,0,0,0,0,0,0,0,0,0,0,0,0,5,1,0,false
/home/arch_design_predict/download-github-repos/mvp/repos/Movify-master/app/src/main/java/in/androidmate/anujgupta/movify/ui/main/MainActivity.java,in.androidmate.anujgupta.movify.ui.main.MainActivity,setupMVP/0,false,52,1,2,1,1,1,0,3,0,0,0,0,0,0,0,0,0,0,0,0,1,0,0,0,0,0,7,2,0,false
/home/arch_design_predict/download-github-repos/mvp/repos/Movify-master/app/src/main/java/in/androidmate/anujgupta/movify/ui/main/MainActivity.java,in.androidmate.anujgupta.movify.ui.main.MainActivity,hideProgressBar/0,false,81,0,0,0,0,1,1,3,0,0,0,1,0,0,0,0,0,0,0,0,0,0,0,0,0,0,3,1,0,false
/home/arch_design_predict/download-github-repos/mvp/repos/Movify-master/app/src/main/java/in/androidmate/anujgupta/movify/ui/main/MainActivity.java,in.androidmate.anujgupta.movify.ui.main.MainActivity,showProgressBar/0,false,76,0,0,0,0,1,1,3,0,0,0,1,0,0,0,0,0,0,0,0,0,0,0,0,0,0,3,1,0,false
/home/arch_design_predict/download-github-repos/mvp/repos/Movify-master/app/src/main/java/in/androidmate/anujgupta/movify/ui/main/MainActivity.java,in.androidmate.anujgupta.movify.ui.main.MainActivity,onCreateOptionsMenu/1[in.androidmate.anujgupta.movify.ui.main.Menu],false,105,1,0,0,0,1,3,4,1,0,1,3,0,0,0,0,0,0,0,0,0,0,0,0,0,0,7,1,0,false
/home/arch_design_predict/download-github-repos/mvp/repos/Movify-master/app/src/main/java/in/androidmate/anujgupta/movify/ui/main/MainActivity.java,in.androidmate.anujgupta.movify.ui.main.MainActivity,onOptionsItemSelected/1[in.androidmate.anujgupta.movify.ui.main.MenuItem],false,112,4,1,0,1,2,4,9,1,2,1,4,1,1,0,1,0,0,1,0,2,0,1,0,0,0,13,1,0,false
/home/arch_design_predict/download-github-repos/mvp/repos/Movify-master/app/src/main/java/in/androidmate/anujgupta/movify/adapters/MoviesAdapter.java,in.androidmate.anujgupta.movify.adapters.MoviesAdapter$MoviesHolder,MoviesHolder/1[in.androidmate.anujgupta.movify.adapters.View],true,59,3,1,1,0,1,1,7,0,0,1,1,0,0,0,0,0,0,0,0,4,0,0,0,0,0,13,1,0,false
/home/arch_design_predict/download-github-repos/mvp/repos/Movify-master/app/src/main/java/com/uryonet/movify/model/network/NetworkAPI.java,com.uryonet.movify.model.network.NetworkAPI,getProjects/1[java.lang.String],false,13,4,0,0,0,1,0,1,0,0,1,0,0,0,0,0,0,0,2,0,0,0,0,0,0,0,3,0,0,false
/home/arch_design_predict/download-github-repos/mvp/repos/Movify-master/app/src/test/java/com/uryonet/movify/ExampleUnitTest.java,com.uryonet.movify.ExampleUnitTest,addition_isCorrect/0,false,14,1,0,0,0,1,1,3,0,0,0,1,0,0,0,0,0,0,0,3,0,1,0,0,0,0,5,1,0,false
/home/arch_design_predict/download-github-repos/mvp/repos/Movify-master/app/src/main/java/com/uryonet/movify/presenter/contract/MainContract.java,com.uryonet.movify.presenter.contract.MainContract$Presenter,getProjects/0,false,19,0,0,0,0,1,0,1,0,0,0,0,0,0,0,0,0,0,0,0,0,0,0,0,0,0,2,0,0,false
/home/arch_design_predict/download-github-repos/mvp/repos/Movify-master/app/src/main/java/in/androidmate/anujgupta/movify/ui/search/SearchPresenter.java,in.androidmate.anujgupta.movify.ui.search.SearchPresenter,SearchPresenter/1[in.androidmate.anujgupta.movify.ui.search.SearchViewInterface],true,32,1,1,1,0,1,0,3,0,0,1,0,0,0,0,0,0,0,0,0,1,0,0,0,0,0,5,1,0,false
/home/arch_design_predict/download-github-repos/mvp/repos/Movify-master/app/src/main/java/in/androidmate/anujgupta/movify/ui/search/SearchPresenter.java,in.androidmate.anujgupta.movify.ui.search.SearchPresenter,getResultsBasedOnQuery/1[in.androidmate.anujgupta.movify.ui.search.SearchView],false,38,5,3,1,2,1,11,18,0,0,1,11,2,1,0,0,0,0,0,1,0,0,0,2,0,0,16,1,0,false
/home/arch_design_predict/download-github-repos/mvp/repos/Movify-master/app/src/main/java/in/androidmate/anujgupta/movify/ui/search/SearchPresenter.java,in.androidmate.anujgupta.movify.ui.search.SearchPresenter,getObserver/0,false,89,3,1,1,0,1,0,17,1,0,0,0,0,0,0,0,0,0,0,0,0,0,0,1,0,0,11,1,0,false
/home/arch_design_predict/download-github-repos/mvp/repos/Movify-master/app/src/main/java/in/androidmate/anujgupta/movify/ui/search/SearchPresenter.java,in.androidmate.anujgupta.movify.ui.search.SearchPresenter,getObservableQuery/1[in.androidmate.anujgupta.movify.ui.search.SearchView],false,67,3,1,1,0,1,2,15,1,1,1,2,0,0,0,0,0,0,0,0,1,0,0,1,0,0,15,2,0,false
/home/arch_design_predict/download-github-repos/mvp/repos/Movify-master/app/src/main/java/com/uryonet/movify/model/entity/User.java,com.uryonet.movify.model.entity.User,getAvatar_url/0,false,33,0,1,1,0,1,0,3,1,0,0,0,0,0,0,0,0,0,0,0,0,0,0,0,0,0,4,1,0,false
/home/arch_design_predict/download-github-repos/mvp/repos/Movify-master/app/src/main/java/in/androidmate/anujgupta/movify/MyApplication.java,in.androidmate.anujgupta.movify.MyApplication,onCreate/0,false,22,1,1,0,1,1,4,4,0,0,0,4,0,0,0,0,0,0,0,0,1,0,0,0,0,0,6,1,0,false
/home/arch_design_predict/download-github-repos/mvp/repos/Movify-master/app/src/main/java/in/androidmate/anujgupta/movify/MyApplication.java,in.androidmate.anujgupta.movify.MyApplication,getApplicationComponent/0,false,32,1,0,0,0,1,0,3,1,0,0,0,0,0,0,0,0,0,0,0,0,0,0,0,0,0,4,1,0,false
/home/arch_design_predict/download-github-repos/mvp/repos/Movify-master/app/src/main/java/in/androidmate/anujgupta/movify/MyApplication.java,in.androidmate.anujgupta.movify.MyApplication,MyApplication/0,true,17,0,0,0,0,1,0,2,0,0,0,0,0,0,0,0,0,0,0,0,0,0,0,0,0,0,2,1,0,false
/home/arch_design_predict/download-github-repos/mvp/repos/Movify-master/app/src/main/java/in/androidmate/anujgupta/movify/network/NetworkInterface.java,in.androidmate.anujgupta.movify.network.NetworkInterface,getMovies/1[java.lang.String],false,15,4,0,0,0,1,0,1,0,0,1,0,0,0,0,0,0,0,2,0,0,0,0,0,0,0,4,0,0,false
/home/arch_design_predict/download-github-repos/mvp/repos/Movify-master/app/src/main/java/in/androidmate/anujgupta/movify/network/NetworkInterface.java,in.androidmate.anujgupta.movify.network.NetworkInterface,"getMoviesBasedOnQuery/2[java.lang.String,java.lang.String]",false,18,4,0,0,0,1,0,1,0,0,2,0,0,0,0,0,0,0,3,0,0,0,0,0,0,0,6,0,0,false
/home/arch_design_predict/download-github-repos/mvp/repos/Movify-master/app/src/main/java/in/androidmate/anujgupta/movify/adapters/MoviesAdapter.java,in.androidmate.anujgupta.movify.adapters.MoviesAdapter,"MoviesAdapter/2[java.util.List<in.androidmate.anujgupta.movify.models.Result>,in.androidmate.anujgupta.movify.adapters.Context]",true,28,2,2,2,0,1,0,4,0,0,2,0,0,0,0,0,0,0,0,0,2,0,0,0,0,0,5,1,0,false
/home/arch_design_predict/download-github-repos/mvp/repos/Movify-master/app/src/main/java/in/androidmate/anujgupta/movify/adapters/MoviesAdapter.java,in.androidmate.anujgupta.movify.adapters.MoviesAdapter,getItemCount/0,false,50,0,0,0,0,1,1,3,1,0,0,1,0,0,0,0,0,0,0,0,0,0,0,0,0,0,3,1,0,false
/home/arch_design_predict/download-github-repos/mvp/repos/Movify-master/app/src/main/java/in/androidmate/anujgupta/movify/adapters/MoviesAdapter.java,in.androidmate.anujgupta.movify.adapters.MoviesAdapter,"onBindViewHolder/2[in.androidmate.anujgupta.movify.adapters.MoviesAdapter.MoviesHolder,int]",false,41,2,4,0,4,1,9,6,0,0,2,9,0,0,0,0,0,0,1,0,0,1,0,0,0,0,10,1,0,false
/home/arch_design_predict/download-github-repos/mvp/repos/Movify-master/app/src/main/java/in/androidmate/anujgupta/movify/adapters/MoviesAdapter.java,in.androidmate.anujgupta.movify.adapters.MoviesAdapter,"onCreateViewHolder/2[in.androidmate.anujgupta.movify.adapters.ViewGroup,int]",false,34,3,1,0,1,1,2,5,1,2,2,2,0,0,0,0,0,0,0,0,2,0,0,0,0,0,11,1,0,false
