file,class,type,cbo,cboModified,fanin,fanout,wmc,dit,noc,rfc,lcom,lcom*,tcc,lcc,totalMethodsQty,staticMethodsQty,publicMethodsQty,privateMethodsQty,protectedMethodsQty,defaultMethodsQty,visibleMethodsQty,abstractMethodsQty,finalMethodsQty,synchronizedMethodsQty,totalFieldsQty,staticFieldsQty,publicFieldsQty,privateFieldsQty,protectedFieldsQty,defaultFieldsQty,finalFieldsQty,synchronizedFieldsQty,nosi,loc,returnQty,loopQty,comparisonsQty,tryCatchQty,parenthesizedExpsQty,stringLiteralsQty,numbersQty,assignmentsQty,mathOperationsQty,variablesQty,maxNestedBlocksQty,anonymousClassesQty,innerClassesQty,lambdasQty,uniqueWordsQty,modifiers,logStatementsQty
/home/arch_design_predict/download-github-repos/mvvm/repos/ExerciseAndroid-SearchMVVM-master/app/src/main/java/com/example/viewmodel/WeatherItems.java,com.example.viewmodel.WeatherItems,class,1,7,6,1,13,1,0,7,14,0.6666667,0.3939394,1.0,12,0,11,0,0,1,12,0,0,0,5,0,0,5,0,0,0,0,0,63,5,0,0,1,0,9,3,22,1,12,1,0,0,0,29,1,0
/home/arch_design_predict/download-github-repos/mvvm/repos/ExerciseAndroid-SearchMVVM-master/app/src/main/java/com/example/viewmodel/MainActivity.java,com.example.viewmodel.MainActivity,class,12,14,2,12,3,2,0,12,0,0.41666666,NaN,NaN,2,0,0,1,1,0,1,0,0,0,6,0,0,5,0,1,0,0,0,48,0,0,0,0,0,0,0,7,0,7,1,2,0,0,40,1,0
/home/arch_design_predict/download-github-repos/mvvm/repos/ExerciseAndroid-SearchMVVM-master/app/src/main/java/com/example/viewmodel/WeatherAdapter.java,com.example.viewmodel.WeatherAdapter$ViewHolder,innerclass,5,5,0,5,2,2,0,5,0,0.0,1.0,1.0,2,0,1,0,0,1,2,0,0,0,3,0,0,0,0,3,0,0,0,16,0,0,0,0,0,0,0,3,0,3,0,0,0,0,12,1,0
/home/arch_design_predict/download-github-repos/mvvm/repos/ExerciseAndroid-SearchMVVM-master/app/src/main/java/com/example/viewmodel/MainViewModel.java,com.example.viewmodel.MainViewModel,class,6,8,2,6,2,2,0,2,1,0.6666667,0.0,0.0,2,0,0,0,0,2,2,0,0,0,3,1,1,1,0,1,2,0,0,37,1,0,0,0,0,5,0,5,1,5,0,1,0,0,28,1,0
/home/arch_design_predict/download-github-repos/mvvm/repos/ExerciseAndroid-SearchMVVM-master/app/src/main/java/com/example/viewmodel/WeatherAdapter.java,com.example.viewmodel.WeatherAdapter,class,7,9,2,7,4,2,0,9,0,0.25,0.5,0.5,4,0,4,0,0,0,4,0,0,0,1,0,0,1,0,0,0,0,0,34,2,0,0,0,0,0,0,2,0,2,0,0,1,0,21,1,0
/home/arch_design_predict/download-github-repos/mvvm/repos/ExerciseAndroid-SearchMVVM-master/app/src/androidTest/java/com/example/viewmodel/ExampleInstrumentedTest.java,com.example.viewmodel.ExampleInstrumentedTest,class,4,4,0,4,1,1,0,4,0,0.0,NaN,NaN,1,0,1,0,0,0,1,0,0,0,0,0,0,0,0,0,0,0,0,6,0,0,0,0,0,1,0,1,0,1,0,0,0,0,19,1,0
/home/arch_design_predict/download-github-repos/mvvm/repos/ExerciseAndroid-SearchMVVM-master/app/src/main/java/com/example/viewmodel/MainViewModel.java,com.example.viewmodel.MainViewModel$Anonymous1,anonymous,5,5,0,5,4,1,0,8,1,0.0,0.0,0.0,2,0,2,0,0,0,2,0,0,0,0,0,0,0,0,0,0,0,0,23,0,1,0,1,0,5,1,6,0,6,2,0,0,0,22,-1,0
/home/arch_design_predict/download-github-repos/mvvm/repos/ExerciseAndroid-SearchMVVM-master/app/src/test/java/com/example/viewmodel/ExampleUnitTest.java,com.example.viewmodel.ExampleUnitTest,class,1,1,0,1,1,1,0,1,0,0.0,NaN,NaN,1,0,1,0,0,0,1,0,0,0,0,0,0,0,0,0,0,0,0,5,0,0,0,0,0,0,3,0,1,0,0,0,0,0,22,1,0
/home/arch_design_predict/download-github-repos/mvvm/repos/ExerciseAndroid-SearchMVVM-master/app/src/main/java/com/example/viewmodel/MainActivity.java,com.example.viewmodel.MainActivity$Anonymous1,anonymous,3,3,0,3,2,1,0,4,0,0.0,NaN,NaN,1,0,1,0,0,0,1,0,0,0,0,0,0,0,0,0,0,0,0,9,0,0,1,0,0,1,0,0,1,0,1,0,0,0,8,-1,0
/home/arch_design_predict/download-github-repos/mvvm/repos/ExerciseAndroid-SearchMVVM-master/app/src/main/java/com/example/viewmodel/MainActivity.java,com.example.viewmodel.MainActivity$Anonymous2,anonymous,3,3,0,3,2,1,0,7,0,0.0,NaN,NaN,1,0,1,0,0,0,1,0,0,0,0,0,0,0,0,0,0,0,0,9,1,0,0,0,0,1,0,1,0,1,1,0,0,0,8,-1,0
