file,class,method,variable,usage
/home/arch_design_predict/download-github-repos/mvvm/repos/ExerciseAndroid-SearchMVVM-master/app/src/main/java/com/example/viewmodel/WeatherItems.java,com.example.viewmodel.WeatherItems,getName/0,name,1
/home/arch_design_predict/download-github-repos/mvvm/repos/ExerciseAndroid-SearchMVVM-master/app/src/main/java/com/example/viewmodel/WeatherItems.java,com.example.viewmodel.WeatherItems,WeatherItems/1[com.example.viewmodel.JSONObject],name,1
/home/arch_design_predict/download-github-repos/mvvm/repos/ExerciseAndroid-SearchMVVM-master/app/src/main/java/com/example/viewmodel/WeatherItems.java,com.example.viewmodel.WeatherItems,WeatherItems/1[com.example.viewmodel.JSONObject],temperature,1
/home/arch_design_predict/download-github-repos/mvvm/repos/ExerciseAndroid-SearchMVVM-master/app/src/main/java/com/example/viewmodel/WeatherItems.java,com.example.viewmodel.WeatherItems,WeatherItems/1[com.example.viewmodel.JSONObject],deskription,1
/home/arch_design_predict/download-github-repos/mvvm/repos/ExerciseAndroid-SearchMVVM-master/app/src/main/java/com/example/viewmodel/WeatherItems.java,com.example.viewmodel.WeatherItems,WeatherItems/1[com.example.viewmodel.JSONObject],id,1
/home/arch_design_predict/download-github-repos/mvvm/repos/ExerciseAndroid-SearchMVVM-master/app/src/main/java/com/example/viewmodel/WeatherItems.java,com.example.viewmodel.WeatherItems,WeatherItems/1[com.example.viewmodel.JSONObject],currentWether,1
/home/arch_design_predict/download-github-repos/mvvm/repos/ExerciseAndroid-SearchMVVM-master/app/src/main/java/com/example/viewmodel/WeatherItems.java,com.example.viewmodel.WeatherItems,"WeatherItems/5[int,java.lang.String,java.lang.String,java.lang.String,java.lang.String]",name,3
/home/arch_design_predict/download-github-repos/mvvm/repos/ExerciseAndroid-SearchMVVM-master/app/src/main/java/com/example/viewmodel/WeatherItems.java,com.example.viewmodel.WeatherItems,"WeatherItems/5[int,java.lang.String,java.lang.String,java.lang.String,java.lang.String]",temperature,3
/home/arch_design_predict/download-github-repos/mvvm/repos/ExerciseAndroid-SearchMVVM-master/app/src/main/java/com/example/viewmodel/WeatherItems.java,com.example.viewmodel.WeatherItems,"WeatherItems/5[int,java.lang.String,java.lang.String,java.lang.String,java.lang.String]",deskription,3
/home/arch_design_predict/download-github-repos/mvvm/repos/ExerciseAndroid-SearchMVVM-master/app/src/main/java/com/example/viewmodel/WeatherItems.java,com.example.viewmodel.WeatherItems,"WeatherItems/5[int,java.lang.String,java.lang.String,java.lang.String,java.lang.String]",id,3
/home/arch_design_predict/download-github-repos/mvvm/repos/ExerciseAndroid-SearchMVVM-master/app/src/main/java/com/example/viewmodel/WeatherItems.java,com.example.viewmodel.WeatherItems,"WeatherItems/5[int,java.lang.String,java.lang.String,java.lang.String,java.lang.String]",currentWether,3
/home/arch_design_predict/download-github-repos/mvvm/repos/ExerciseAndroid-SearchMVVM-master/app/src/main/java/com/example/viewmodel/WeatherItems.java,com.example.viewmodel.WeatherItems,setDeskription/1[java.lang.String],deskription,3
/home/arch_design_predict/download-github-repos/mvvm/repos/ExerciseAndroid-SearchMVVM-master/app/src/main/java/com/example/viewmodel/WeatherItems.java,com.example.viewmodel.WeatherItems,getId/0,id,1
/home/arch_design_predict/download-github-repos/mvvm/repos/ExerciseAndroid-SearchMVVM-master/app/src/main/java/com/example/viewmodel/WeatherItems.java,com.example.viewmodel.WeatherItems,getTemperature/0,temperature,1
/home/arch_design_predict/download-github-repos/mvvm/repos/ExerciseAndroid-SearchMVVM-master/app/src/main/java/com/example/viewmodel/WeatherItems.java,com.example.viewmodel.WeatherItems,setCurrentWether/1[java.lang.String],currentWether,3
/home/arch_design_predict/download-github-repos/mvvm/repos/ExerciseAndroid-SearchMVVM-master/app/src/main/java/com/example/viewmodel/WeatherItems.java,com.example.viewmodel.WeatherItems,getDeskription/0,deskription,1
/home/arch_design_predict/download-github-repos/mvvm/repos/ExerciseAndroid-SearchMVVM-master/app/src/main/java/com/example/viewmodel/WeatherItems.java,com.example.viewmodel.WeatherItems,setTemperature/1[java.lang.String],temperature,3
/home/arch_design_predict/download-github-repos/mvvm/repos/ExerciseAndroid-SearchMVVM-master/app/src/main/java/com/example/viewmodel/WeatherItems.java,com.example.viewmodel.WeatherItems,getCurrentWether/0,currentWether,1
/home/arch_design_predict/download-github-repos/mvvm/repos/ExerciseAndroid-SearchMVVM-master/app/src/main/java/com/example/viewmodel/WeatherItems.java,com.example.viewmodel.WeatherItems,setName/1[java.lang.String],name,3
/home/arch_design_predict/download-github-repos/mvvm/repos/ExerciseAndroid-SearchMVVM-master/app/src/main/java/com/example/viewmodel/WeatherItems.java,com.example.viewmodel.WeatherItems,setId/1[int],id,3
/home/arch_design_predict/download-github-repos/mvvm/repos/ExerciseAndroid-SearchMVVM-master/app/src/main/java/com/example/viewmodel/MainActivity.java,com.example.viewmodel.MainActivity,onCreate/1[com.example.viewmodel.Bundle],getWeatherSearch,1
/home/arch_design_predict/download-github-repos/mvvm/repos/ExerciseAndroid-SearchMVVM-master/app/src/main/java/com/example/viewmodel/MainActivity.java,com.example.viewmodel.MainActivity,onCreate/1[com.example.viewmodel.Bundle],adapter,3
/home/arch_design_predict/download-github-repos/mvvm/repos/ExerciseAndroid-SearchMVVM-master/app/src/main/java/com/example/viewmodel/MainActivity.java,com.example.viewmodel.MainActivity,onCreate/1[com.example.viewmodel.Bundle],inputCity,2
/home/arch_design_predict/download-github-repos/mvvm/repos/ExerciseAndroid-SearchMVVM-master/app/src/main/java/com/example/viewmodel/MainActivity.java,com.example.viewmodel.MainActivity,onCreate/1[com.example.viewmodel.Bundle],progressBar,2
/home/arch_design_predict/download-github-repos/mvvm/repos/ExerciseAndroid-SearchMVVM-master/app/src/main/java/com/example/viewmodel/MainActivity.java,com.example.viewmodel.MainActivity,onCreate/1[com.example.viewmodel.Bundle],listener,1
/home/arch_design_predict/download-github-repos/mvvm/repos/ExerciseAndroid-SearchMVVM-master/app/src/main/java/com/example/viewmodel/MainActivity.java,com.example.viewmodel.MainActivity,onCreate/1[com.example.viewmodel.Bundle],mainViewModel,2
/home/arch_design_predict/download-github-repos/mvvm/repos/ExerciseAndroid-SearchMVVM-master/app/src/main/java/com/example/viewmodel/MainActivity.java,com.example.viewmodel.MainActivity,showLoading/1[java.lang.Boolean],progressBar,2
/home/arch_design_predict/download-github-repos/mvvm/repos/ExerciseAndroid-SearchMVVM-master/app/src/main/java/com/example/viewmodel/WeatherAdapter.java,com.example.viewmodel.WeatherAdapter$ViewHolder,ViewHolder/1[com.example.viewmodel.View],textKota,2
/home/arch_design_predict/download-github-repos/mvvm/repos/ExerciseAndroid-SearchMVVM-master/app/src/main/java/com/example/viewmodel/WeatherAdapter.java,com.example.viewmodel.WeatherAdapter$ViewHolder,ViewHolder/1[com.example.viewmodel.View],textDeskription,1
/home/arch_design_predict/download-github-repos/mvvm/repos/ExerciseAndroid-SearchMVVM-master/app/src/main/java/com/example/viewmodel/WeatherAdapter.java,com.example.viewmodel.WeatherAdapter$ViewHolder,ViewHolder/1[com.example.viewmodel.View],textTemperature,1
/home/arch_design_predict/download-github-repos/mvvm/repos/ExerciseAndroid-SearchMVVM-master/app/src/main/java/com/example/viewmodel/WeatherAdapter.java,com.example.viewmodel.WeatherAdapter$ViewHolder,bind/1[com.example.viewmodel.WeatherItems],textKota,1
/home/arch_design_predict/download-github-repos/mvvm/repos/ExerciseAndroid-SearchMVVM-master/app/src/main/java/com/example/viewmodel/WeatherAdapter.java,com.example.viewmodel.WeatherAdapter$ViewHolder,bind/1[com.example.viewmodel.WeatherItems],textDeskription,1
/home/arch_design_predict/download-github-repos/mvvm/repos/ExerciseAndroid-SearchMVVM-master/app/src/main/java/com/example/viewmodel/WeatherAdapter.java,com.example.viewmodel.WeatherAdapter$ViewHolder,bind/1[com.example.viewmodel.WeatherItems],textTemperature,1
/home/arch_design_predict/download-github-repos/mvvm/repos/ExerciseAndroid-SearchMVVM-master/app/src/main/java/com/example/viewmodel/MainViewModel.java,com.example.viewmodel.MainViewModel,getWeather/0,listWather,1
/home/arch_design_predict/download-github-repos/mvvm/repos/ExerciseAndroid-SearchMVVM-master/app/src/main/java/com/example/viewmodel/MainViewModel.java,com.example.viewmodel.MainViewModel,setWeather/1[java.lang.String],API_KEY,1
/home/arch_design_predict/download-github-repos/mvvm/repos/ExerciseAndroid-SearchMVVM-master/app/src/main/java/com/example/viewmodel/WeatherAdapter.java,com.example.viewmodel.WeatherAdapter,setItems/1[java.util.ArrayList<com.example.viewmodel.WeatherItems>],items,2
/home/arch_design_predict/download-github-repos/mvvm/repos/ExerciseAndroid-SearchMVVM-master/app/src/main/java/com/example/viewmodel/WeatherAdapter.java,com.example.viewmodel.WeatherAdapter,"onBindViewHolder/2[com.example.viewmodel.WeatherAdapter.ViewHolder,int]",items,1
/home/arch_design_predict/download-github-repos/mvvm/repos/ExerciseAndroid-SearchMVVM-master/app/src/main/java/com/example/viewmodel/WeatherAdapter.java,com.example.viewmodel.WeatherAdapter,getItemCount/0,items,1
