file,class,method,variable,usage
/home/arch_design_predict/download-github-repos/mvvm/repos/ExerciseAndroid-SearchMVVM-master/app/src/main/java/com/example/viewmodel/WeatherItems.java,com.example.viewmodel.WeatherItems,WeatherItems/1[com.example.viewmodel.JSONObject],tempInKelvin,1
/home/arch_design_predict/download-github-repos/mvvm/repos/ExerciseAndroid-SearchMVVM-master/app/src/main/java/com/example/viewmodel/WeatherItems.java,com.example.viewmodel.WeatherItems,WeatherItems/1[com.example.viewmodel.JSONObject],tempInCelcius,1
/home/arch_design_predict/download-github-repos/mvvm/repos/ExerciseAndroid-SearchMVVM-master/app/src/main/java/com/example/viewmodel/WeatherItems.java,com.example.viewmodel.WeatherItems,WeatherItems/1[com.example.viewmodel.JSONObject],currentWeather,1
/home/arch_design_predict/download-github-repos/mvvm/repos/ExerciseAndroid-SearchMVVM-master/app/src/main/java/com/example/viewmodel/WeatherItems.java,com.example.viewmodel.WeatherItems,WeatherItems/1[com.example.viewmodel.JSONObject],e,1
/home/arch_design_predict/download-github-repos/mvvm/repos/ExerciseAndroid-SearchMVVM-master/app/src/main/java/com/example/viewmodel/WeatherItems.java,com.example.viewmodel.WeatherItems,WeatherItems/1[com.example.viewmodel.JSONObject],name,2
/home/arch_design_predict/download-github-repos/mvvm/repos/ExerciseAndroid-SearchMVVM-master/app/src/main/java/com/example/viewmodel/WeatherItems.java,com.example.viewmodel.WeatherItems,WeatherItems/1[com.example.viewmodel.JSONObject],temperature,2
/home/arch_design_predict/download-github-repos/mvvm/repos/ExerciseAndroid-SearchMVVM-master/app/src/main/java/com/example/viewmodel/WeatherItems.java,com.example.viewmodel.WeatherItems,WeatherItems/1[com.example.viewmodel.JSONObject],deskription,2
/home/arch_design_predict/download-github-repos/mvvm/repos/ExerciseAndroid-SearchMVVM-master/app/src/main/java/com/example/viewmodel/WeatherItems.java,com.example.viewmodel.WeatherItems,WeatherItems/1[com.example.viewmodel.JSONObject],id,2
/home/arch_design_predict/download-github-repos/mvvm/repos/ExerciseAndroid-SearchMVVM-master/app/src/main/java/com/example/viewmodel/WeatherItems.java,com.example.viewmodel.WeatherItems,WeatherItems/1[com.example.viewmodel.JSONObject],object,5
/home/arch_design_predict/download-github-repos/mvvm/repos/ExerciseAndroid-SearchMVVM-master/app/src/main/java/com/example/viewmodel/WeatherItems.java,com.example.viewmodel.WeatherItems,"WeatherItems/5[int,java.lang.String,java.lang.String,java.lang.String,java.lang.String]",name,2
/home/arch_design_predict/download-github-repos/mvvm/repos/ExerciseAndroid-SearchMVVM-master/app/src/main/java/com/example/viewmodel/WeatherItems.java,com.example.viewmodel.WeatherItems,"WeatherItems/5[int,java.lang.String,java.lang.String,java.lang.String,java.lang.String]",temperature,2
/home/arch_design_predict/download-github-repos/mvvm/repos/ExerciseAndroid-SearchMVVM-master/app/src/main/java/com/example/viewmodel/WeatherItems.java,com.example.viewmodel.WeatherItems,"WeatherItems/5[int,java.lang.String,java.lang.String,java.lang.String,java.lang.String]",deskription,2
/home/arch_design_predict/download-github-repos/mvvm/repos/ExerciseAndroid-SearchMVVM-master/app/src/main/java/com/example/viewmodel/WeatherItems.java,com.example.viewmodel.WeatherItems,"WeatherItems/5[int,java.lang.String,java.lang.String,java.lang.String,java.lang.String]",id,2
/home/arch_design_predict/download-github-repos/mvvm/repos/ExerciseAndroid-SearchMVVM-master/app/src/main/java/com/example/viewmodel/WeatherItems.java,com.example.viewmodel.WeatherItems,"WeatherItems/5[int,java.lang.String,java.lang.String,java.lang.String,java.lang.String]",currentWether,2
/home/arch_design_predict/download-github-repos/mvvm/repos/ExerciseAndroid-SearchMVVM-master/app/src/main/java/com/example/viewmodel/WeatherItems.java,com.example.viewmodel.WeatherItems,setDeskription/1[java.lang.String],deskription,2
/home/arch_design_predict/download-github-repos/mvvm/repos/ExerciseAndroid-SearchMVVM-master/app/src/main/java/com/example/viewmodel/WeatherItems.java,com.example.viewmodel.WeatherItems,setCurrentWether/1[java.lang.String],currentWether,2
/home/arch_design_predict/download-github-repos/mvvm/repos/ExerciseAndroid-SearchMVVM-master/app/src/main/java/com/example/viewmodel/WeatherItems.java,com.example.viewmodel.WeatherItems,setTemperature/1[java.lang.String],temperature,2
/home/arch_design_predict/download-github-repos/mvvm/repos/ExerciseAndroid-SearchMVVM-master/app/src/main/java/com/example/viewmodel/WeatherItems.java,com.example.viewmodel.WeatherItems,setName/1[java.lang.String],name,2
/home/arch_design_predict/download-github-repos/mvvm/repos/ExerciseAndroid-SearchMVVM-master/app/src/main/java/com/example/viewmodel/WeatherItems.java,com.example.viewmodel.WeatherItems,setId/1[int],id,2
/home/arch_design_predict/download-github-repos/mvvm/repos/ExerciseAndroid-SearchMVVM-master/app/src/main/java/com/example/viewmodel/MainActivity.java,com.example.viewmodel.MainActivity,onCreate/1[com.example.viewmodel.Bundle],savedInstanceState,1
/home/arch_design_predict/download-github-repos/mvvm/repos/ExerciseAndroid-SearchMVVM-master/app/src/main/java/com/example/viewmodel/MainActivity.java,com.example.viewmodel.MainActivity,onCreate/1[com.example.viewmodel.Bundle],recyclerView,2
/home/arch_design_predict/download-github-repos/mvvm/repos/ExerciseAndroid-SearchMVVM-master/app/src/main/java/com/example/viewmodel/MainActivity.java,com.example.viewmodel.MainActivity,showLoading/1[java.lang.Boolean],state,1
/home/arch_design_predict/download-github-repos/mvvm/repos/ExerciseAndroid-SearchMVVM-master/app/src/main/java/com/example/viewmodel/WeatherAdapter.java,com.example.viewmodel.WeatherAdapter$ViewHolder,ViewHolder/1[com.example.viewmodel.View],itemView,4
/home/arch_design_predict/download-github-repos/mvvm/repos/ExerciseAndroid-SearchMVVM-master/app/src/main/java/com/example/viewmodel/WeatherAdapter.java,com.example.viewmodel.WeatherAdapter$ViewHolder,bind/1[com.example.viewmodel.WeatherItems],weatherItems,3
/home/arch_design_predict/download-github-repos/mvvm/repos/ExerciseAndroid-SearchMVVM-master/app/src/main/java/com/example/viewmodel/MainViewModel.java,com.example.viewmodel.MainViewModel,setWeather/1[java.lang.String],cities,1
/home/arch_design_predict/download-github-repos/mvvm/repos/ExerciseAndroid-SearchMVVM-master/app/src/main/java/com/example/viewmodel/MainViewModel.java,com.example.viewmodel.MainViewModel,setWeather/1[java.lang.String],client,1
/home/arch_design_predict/download-github-repos/mvvm/repos/ExerciseAndroid-SearchMVVM-master/app/src/main/java/com/example/viewmodel/MainViewModel.java,com.example.viewmodel.MainViewModel,setWeather/1[java.lang.String],url,1
/home/arch_design_predict/download-github-repos/mvvm/repos/ExerciseAndroid-SearchMVVM-master/app/src/main/java/com/example/viewmodel/WeatherAdapter.java,com.example.viewmodel.WeatherAdapter,"onCreateViewHolder/2[com.example.viewmodel.ViewGroup,int]",viewGroup,2
/home/arch_design_predict/download-github-repos/mvvm/repos/ExerciseAndroid-SearchMVVM-master/app/src/main/java/com/example/viewmodel/WeatherAdapter.java,com.example.viewmodel.WeatherAdapter,"onCreateViewHolder/2[com.example.viewmodel.ViewGroup,int]",view,1
/home/arch_design_predict/download-github-repos/mvvm/repos/ExerciseAndroid-SearchMVVM-master/app/src/main/java/com/example/viewmodel/WeatherAdapter.java,com.example.viewmodel.WeatherAdapter,"onCreateViewHolder/2[com.example.viewmodel.ViewGroup,int]",i,0
/home/arch_design_predict/download-github-repos/mvvm/repos/ExerciseAndroid-SearchMVVM-master/app/src/main/java/com/example/viewmodel/WeatherAdapter.java,com.example.viewmodel.WeatherAdapter,setItems/1[java.util.ArrayList<com.example.viewmodel.WeatherItems>],item,1
/home/arch_design_predict/download-github-repos/mvvm/repos/ExerciseAndroid-SearchMVVM-master/app/src/main/java/com/example/viewmodel/WeatherAdapter.java,com.example.viewmodel.WeatherAdapter,"onBindViewHolder/2[com.example.viewmodel.WeatherAdapter.ViewHolder,int]",viewHolder,1
/home/arch_design_predict/download-github-repos/mvvm/repos/ExerciseAndroid-SearchMVVM-master/app/src/main/java/com/example/viewmodel/WeatherAdapter.java,com.example.viewmodel.WeatherAdapter,"onBindViewHolder/2[com.example.viewmodel.WeatherAdapter.ViewHolder,int]",i,1
/home/arch_design_predict/download-github-repos/mvvm/repos/ExerciseAndroid-SearchMVVM-master/app/src/androidTest/java/com/example/viewmodel/ExampleInstrumentedTest.java,com.example.viewmodel.ExampleInstrumentedTest,useAppContext/0,appContext,1
/home/arch_design_predict/download-github-repos/mvvm/repos/ExerciseAndroid-SearchMVVM-master/app/src/main/java/com/example/viewmodel/MainViewModel.java,com.example.viewmodel.MainViewModel$Anonymous1,"onSuccess/3[int,com.example.viewmodel.Header[],byte[]]",result,2
/home/arch_design_predict/download-github-repos/mvvm/repos/ExerciseAndroid-SearchMVVM-master/app/src/main/java/com/example/viewmodel/MainViewModel.java,com.example.viewmodel.MainViewModel$Anonymous1,"onSuccess/3[int,com.example.viewmodel.Header[],byte[]]",headers,0
/home/arch_design_predict/download-github-repos/mvvm/repos/ExerciseAndroid-SearchMVVM-master/app/src/main/java/com/example/viewmodel/MainViewModel.java,com.example.viewmodel.MainViewModel$Anonymous1,"onSuccess/3[int,com.example.viewmodel.Header[],byte[]]",responseObject,1
/home/arch_design_predict/download-github-repos/mvvm/repos/ExerciseAndroid-SearchMVVM-master/app/src/main/java/com/example/viewmodel/MainViewModel.java,com.example.viewmodel.MainViewModel$Anonymous1,"onSuccess/3[int,com.example.viewmodel.Header[],byte[]]",responseBody,1
/home/arch_design_predict/download-github-repos/mvvm/repos/ExerciseAndroid-SearchMVVM-master/app/src/main/java/com/example/viewmodel/MainViewModel.java,com.example.viewmodel.MainViewModel$Anonymous1,"onSuccess/3[int,com.example.viewmodel.Header[],byte[]]",e,1
/home/arch_design_predict/download-github-repos/mvvm/repos/ExerciseAndroid-SearchMVVM-master/app/src/main/java/com/example/viewmodel/MainViewModel.java,com.example.viewmodel.MainViewModel$Anonymous1,"onSuccess/3[int,com.example.viewmodel.Header[],byte[]]",weather,1
/home/arch_design_predict/download-github-repos/mvvm/repos/ExerciseAndroid-SearchMVVM-master/app/src/main/java/com/example/viewmodel/MainViewModel.java,com.example.viewmodel.MainViewModel$Anonymous1,"onSuccess/3[int,com.example.viewmodel.Header[],byte[]]",i,3
/home/arch_design_predict/download-github-repos/mvvm/repos/ExerciseAndroid-SearchMVVM-master/app/src/main/java/com/example/viewmodel/MainViewModel.java,com.example.viewmodel.MainViewModel$Anonymous1,"onSuccess/3[int,com.example.viewmodel.Header[],byte[]]",weatherItems,2
/home/arch_design_predict/download-github-repos/mvvm/repos/ExerciseAndroid-SearchMVVM-master/app/src/main/java/com/example/viewmodel/MainViewModel.java,com.example.viewmodel.MainViewModel$Anonymous1,"onSuccess/3[int,com.example.viewmodel.Header[],byte[]]",list,2
/home/arch_design_predict/download-github-repos/mvvm/repos/ExerciseAndroid-SearchMVVM-master/app/src/main/java/com/example/viewmodel/MainViewModel.java,com.example.viewmodel.MainViewModel$Anonymous1,"onSuccess/3[int,com.example.viewmodel.Header[],byte[]]",statusCode,0
/home/arch_design_predict/download-github-repos/mvvm/repos/ExerciseAndroid-SearchMVVM-master/app/src/main/java/com/example/viewmodel/MainViewModel.java,com.example.viewmodel.MainViewModel$Anonymous1,"onFailure/4[int,com.example.viewmodel.Header[],byte[],java.lang.Throwable]",headers,0
/home/arch_design_predict/download-github-repos/mvvm/repos/ExerciseAndroid-SearchMVVM-master/app/src/main/java/com/example/viewmodel/MainViewModel.java,com.example.viewmodel.MainViewModel$Anonymous1,"onFailure/4[int,com.example.viewmodel.Header[],byte[],java.lang.Throwable]",responseBody,0
/home/arch_design_predict/download-github-repos/mvvm/repos/ExerciseAndroid-SearchMVVM-master/app/src/main/java/com/example/viewmodel/MainViewModel.java,com.example.viewmodel.MainViewModel$Anonymous1,"onFailure/4[int,com.example.viewmodel.Header[],byte[],java.lang.Throwable]",error,1
/home/arch_design_predict/download-github-repos/mvvm/repos/ExerciseAndroid-SearchMVVM-master/app/src/main/java/com/example/viewmodel/MainViewModel.java,com.example.viewmodel.MainViewModel$Anonymous1,"onFailure/4[int,com.example.viewmodel.Header[],byte[],java.lang.Throwable]",statusCode,0
/home/arch_design_predict/download-github-repos/mvvm/repos/ExerciseAndroid-SearchMVVM-master/app/src/main/java/com/example/viewmodel/MainActivity.java,com.example.viewmodel.MainActivity$Anonymous1,onChanged/1[java.util.ArrayList<com.example.viewmodel.WeatherItems>],weatherItems,3
/home/arch_design_predict/download-github-repos/mvvm/repos/ExerciseAndroid-SearchMVVM-master/app/src/main/java/com/example/viewmodel/MainActivity.java,com.example.viewmodel.MainActivity$Anonymous2,onClick/1[com.example.viewmodel.View],view,0
/home/arch_design_predict/download-github-repos/mvvm/repos/ExerciseAndroid-SearchMVVM-master/app/src/main/java/com/example/viewmodel/MainActivity.java,com.example.viewmodel.MainActivity$Anonymous2,onClick/1[com.example.viewmodel.View],city,2
