file,class,type,cbo,cboModified,fanin,fanout,wmc,dit,noc,rfc,lcom,lcom*,tcc,lcc,totalMethodsQty,staticMethodsQty,publicMethodsQty,privateMethodsQty,protectedMethodsQty,defaultMethodsQty,visibleMethodsQty,abstractMethodsQty,finalMethodsQty,synchronizedMethodsQty,totalFieldsQty,staticFieldsQty,publicFieldsQty,privateFieldsQty,protectedFieldsQty,defaultFieldsQty,finalFieldsQty,synchronizedFieldsQty,nosi,loc,returnQty,loopQty,comparisonsQty,tryCatchQty,parenthesizedExpsQty,stringLiteralsQty,numbersQty,assignmentsQty,mathOperationsQty,variablesQty,maxNestedBlocksQty,anonymousClassesQty,innerClassesQty,lambdasQty,uniqueWordsQty,modifiers,logStatementsQty
/home/arch_design_predict/download-github-repos/mvvm/repos/GitHubBrowser-master/app/src/main/java/name/syndarin/githubbrowser/viewmodels/FragmentSearchViewModel.java,name.syndarin.githubbrowser.viewmodels.FragmentSearchViewModel,class,11,13,2,11,7,1,0,24,5,0.7037037,0.33333334,1.0,6,0,6,0,0,0,6,0,0,0,9,0,0,0,0,9,0,0,0,40,3,0,0,0,0,1,1,8,0,15,1,0,0,5,35,1,0
/home/arch_design_predict/download-github-repos/mvvm/repos/GitHubBrowser-master/app/src/main/java/name/syndarin/githubbrowser/viewmodels/FragmentUserProfileViewModel.java,name.syndarin.githubbrowser.viewmodels.FragmentUserProfileViewModel,class,7,9,2,7,3,2,0,17,0,0.59999996,0.6666667,1.0,3,0,3,0,0,0,3,0,0,0,10,0,6,0,0,4,0,0,0,35,0,0,0,0,0,0,0,8,0,11,1,0,0,2,32,1,0
/home/arch_design_predict/download-github-repos/mvvm/repos/GitHubBrowser-master/app/src/main/java/name/syndarin/githubbrowser/adapters/SearchResultAdapter.java,name.syndarin.githubbrowser.adapters.SearchResultAdapter$SearchResultItemHolder,innerclass,4,4,0,4,2,2,0,6,0,0.0,1.0,1.0,2,0,0,0,0,2,2,0,0,0,2,0,0,0,0,2,0,0,0,15,0,0,0,0,0,0,0,2,0,3,0,0,0,1,13,0,0
/home/arch_design_predict/download-github-repos/mvvm/repos/GitHubBrowser-master/app/src/main/java/name/syndarin/githubbrowser/dependency/ActivityComponent.java,name.syndarin.githubbrowser.dependency.ActivityComponent,interface,8,11,3,8,4,1,0,0,6,0.0,0.0,0.0,4,0,0,0,0,4,4,0,0,0,0,0,0,0,0,0,0,0,0,6,0,0,0,0,0,0,0,0,0,0,0,0,0,0,20,1,0
/home/arch_design_predict/download-github-repos/mvvm/repos/GitHubBrowser-master/app/src/main/java/name/syndarin/githubbrowser/GitHubBrowserApplication.java,name.syndarin.githubbrowser.GitHubBrowserApplication,class,5,6,1,5,2,2,0,7,0,0.0,1.0,1.0,2,0,2,0,0,0,2,0,0,0,1,0,0,1,0,0,0,0,0,13,1,0,0,0,0,1,0,2,0,2,0,0,0,0,19,1,0
/home/arch_design_predict/download-github-repos/mvvm/repos/GitHubBrowser-master/app/src/main/java/name/syndarin/githubbrowser/dependency/ApplicationModule.java,name.syndarin.githubbrowser.dependency.ApplicationModule,class,3,5,2,3,2,1,0,0,0,0.0,1.0,1.0,2,0,1,0,0,1,2,0,0,0,1,0,0,1,0,0,0,0,0,9,1,0,0,0,0,0,0,1,0,1,0,0,0,0,8,1,0
/home/arch_design_predict/download-github-repos/mvvm/repos/GitHubBrowser-master/app/src/main/java/name/syndarin/githubbrowser/adapters/SearchResultAdapter.java,name.syndarin.githubbrowser.adapters.SearchResultAdapter,class,10,11,1,10,6,2,0,9,7,0.5833334,0.26666668,0.26666668,6,0,6,0,0,0,6,0,0,0,2,0,0,2,0,0,0,0,1,40,3,0,0,0,0,0,0,5,0,4,0,0,1,0,34,1,0
/home/arch_design_predict/download-github-repos/mvvm/repos/GitHubBrowser-master/app/src/androidTest/java/name/syndarin/githubbrowser/ApplicationTest.java,name.syndarin.githubbrowser.ApplicationTest,class,2,2,0,2,1,2,0,0,0,0.0,NaN,NaN,1,0,1,0,0,0,1,0,0,0,0,0,0,0,0,0,0,0,0,5,0,0,0,0,0,0,0,0,0,0,0,0,0,0,7,1,0
/home/arch_design_predict/download-github-repos/mvvm/repos/GitHubBrowser-master/app/src/test/java/name/syndarin/githubbrowser/ExampleUnitTest.java,name.syndarin.githubbrowser.ExampleUnitTest,class,1,1,0,1,1,1,0,1,0,0.0,NaN,NaN,1,0,1,0,0,0,1,0,0,0,0,0,0,0,0,0,0,0,0,5,0,0,0,0,0,0,3,0,1,0,0,0,0,0,18,1,0
/home/arch_design_predict/download-github-repos/mvvm/repos/GitHubBrowser-master/app/src/main/java/name/syndarin/githubbrowser/dependency/NetworkComponent.java,name.syndarin.githubbrowser.dependency.NetworkComponent,interface,7,10,3,7,2,1,0,0,1,0.0,0.0,0.0,2,0,0,0,0,2,2,0,0,0,0,0,0,0,0,0,0,0,0,4,0,0,0,0,0,0,0,0,0,0,0,0,0,0,12,1,0
/home/arch_design_predict/download-github-repos/mvvm/repos/GitHubBrowser-master/app/src/main/java/name/syndarin/githubbrowser/navigation/NavigatorPortrait.java,name.syndarin.githubbrowser.navigation.NavigatorPortrait,class,7,9,2,7,5,1,0,6,8,0.6,0.0,0.0,5,0,4,1,0,0,4,0,0,0,1,0,0,1,0,0,0,0,1,23,1,0,0,0,0,1,0,4,0,4,0,0,0,0,25,1,0
/home/arch_design_predict/download-github-repos/mvvm/repos/GitHubBrowser-master/app/src/main/java/name/syndarin/githubbrowser/models/SearchModel.java,name.syndarin.githubbrowser.models.SearchModel,class,9,13,4,9,4,1,0,14,0,0.25,0.5,0.5,4,0,4,0,0,0,4,0,0,0,2,0,0,2,0,0,0,0,0,24,4,0,0,0,0,1,0,6,1,9,1,0,0,4,32,1,0
/home/arch_design_predict/download-github-repos/mvvm/repos/GitHubBrowser-master/app/src/main/java/name/syndarin/githubbrowser/entities/Org.java,name.syndarin.githubbrowser.entities.Org,class,2,3,1,2,10,1,0,0,35,0.8,0.11111111,0.11111111,10,0,10,0,0,0,10,0,0,0,5,0,0,5,0,0,0,0,0,37,5,0,0,0,0,5,0,5,0,5,0,0,0,0,13,1,0
/home/arch_design_predict/download-github-repos/mvvm/repos/GitHubBrowser-master/app/src/main/java/name/syndarin/githubbrowser/entities/Actor.java,name.syndarin.githubbrowser.entities.Actor,class,2,3,1,2,12,1,0,0,54,0.8333333,0.09090909,0.09090909,12,0,12,0,0,0,12,0,0,0,6,0,0,6,0,0,0,0,0,44,6,0,0,0,0,6,0,6,0,6,0,0,0,0,15,1,0
/home/arch_design_predict/download-github-repos/mvvm/repos/GitHubBrowser-master/app/src/main/java/name/syndarin/githubbrowser/viewmodels/ItemSearchResultViewModel.java,name.syndarin.githubbrowser.viewmodels.ItemSearchResultViewModel,class,3,4,1,3,4,1,0,7,0,0.0,0.5,0.5,4,1,4,0,0,0,4,0,0,0,1,0,0,1,0,0,0,0,0,15,2,0,0,0,0,1,0,1,0,1,0,0,0,0,19,1,1
/home/arch_design_predict/download-github-repos/mvvm/repos/GitHubBrowser-master/app/src/main/java/name/syndarin/githubbrowser/entities/Commit.java,name.syndarin.githubbrowser.entities.Commit,class,3,4,1,3,10,1,0,0,35,0.8,0.11111111,0.11111111,10,0,10,0,0,0,10,0,0,0,5,0,0,5,0,0,0,0,0,37,5,0,0,0,0,5,0,5,0,5,0,0,0,0,14,1,0
/home/arch_design_predict/download-github-repos/mvvm/repos/GitHubBrowser-master/app/src/main/java/name/syndarin/githubbrowser/entities/ActivityItem.java,name.syndarin.githubbrowser.entities.ActivityItem,class,6,7,1,6,16,1,0,0,104,0.875,0.06666667,0.06666667,16,0,16,0,0,0,16,0,0,0,8,0,0,8,0,0,0,0,0,58,8,0,0,0,0,8,0,8,0,8,0,0,0,0,22,1,0
/home/arch_design_predict/download-github-repos/mvvm/repos/GitHubBrowser-master/app/src/main/java/name/syndarin/githubbrowser/navigation/NavigatorLandscape.java,name.syndarin.githubbrowser.navigation.NavigatorLandscape,class,11,13,2,11,5,1,0,13,6,0.68,0.16666667,0.16666667,5,0,4,1,0,0,4,0,0,0,5,0,0,5,0,0,0,0,1,33,1,0,0,0,0,1,0,8,0,8,0,0,0,0,37,1,0
/home/arch_design_predict/download-github-repos/mvvm/repos/GitHubBrowser-master/app/src/main/java/name/syndarin/githubbrowser/entities/Repo.java,name.syndarin.githubbrowser.entities.Repo,class,2,3,1,2,6,1,0,0,9,0.6666667,0.2,0.2,6,0,6,0,0,0,6,0,0,0,3,0,0,3,0,0,0,0,0,23,3,0,0,0,0,3,0,3,0,3,0,0,0,0,9,1,0
/home/arch_design_predict/download-github-repos/mvvm/repos/GitHubBrowser-master/app/src/main/java/name/syndarin/githubbrowser/dependency/ActivityModule.java,name.syndarin.githubbrowser.dependency.ActivityModule,class,7,9,2,7,6,1,0,5,0,0.0,1.0,1.0,3,0,1,0,0,2,3,0,0,0,1,0,0,1,0,0,0,0,0,17,2,0,1,0,0,0,0,3,0,3,1,0,0,0,17,1,0
/home/arch_design_predict/download-github-repos/mvvm/repos/GitHubBrowser-master/app/src/main/java/name/syndarin/githubbrowser/entities/Author.java,name.syndarin.githubbrowser.entities.Author,class,2,3,1,2,4,1,0,0,2,0.5,0.33333334,0.33333334,4,0,4,0,0,0,4,0,0,0,2,0,0,2,0,0,0,0,0,16,2,0,0,0,0,2,0,2,0,2,0,0,0,0,7,1,0
/home/arch_design_predict/download-github-repos/mvvm/repos/GitHubBrowser-master/app/src/main/java/name/syndarin/githubbrowser/utils/RxInputWatcher.java,name.syndarin.githubbrowser.utils.RxInputWatcher,class,3,4,1,3,5,1,0,3,6,0.6,0.2,0.3,5,0,5,0,0,0,5,0,0,0,2,0,0,2,0,0,0,0,0,18,2,0,0,0,0,0,0,2,0,2,0,0,0,0,21,1,0
/home/arch_design_predict/download-github-repos/mvvm/repos/GitHubBrowser-master/app/src/main/java/name/syndarin/githubbrowser/entities/Payload.java,name.syndarin.githubbrowser.entities.Payload,class,3,4,1,3,24,1,0,0,252,0.91666675,0.04347826,0.04347826,24,0,24,0,0,0,24,0,0,0,12,0,0,12,0,0,0,0,0,86,12,0,0,0,0,12,0,13,0,12,0,0,0,0,30,1,0
/home/arch_design_predict/download-github-repos/mvvm/repos/GitHubBrowser-master/app/src/main/java/name/syndarin/githubbrowser/utils/RxClickListener.java,name.syndarin.githubbrowser.utils.RxClickListener,class,3,4,1,3,2,1,0,2,0,0.0,1.0,1.0,2,0,2,0,0,0,2,0,0,0,1,0,0,1,0,0,0,0,0,9,1,0,0,0,0,0,0,1,0,1,0,0,0,0,12,1,0
/home/arch_design_predict/download-github-repos/mvvm/repos/GitHubBrowser-master/app/src/main/java/name/syndarin/githubbrowser/entities/UserSearchResultItem.java,name.syndarin.githubbrowser.entities.UserSearchResultItem,class,2,7,5,2,26,1,0,0,299,0.92307687,0.04,0.04,26,0,26,0,0,0,26,0,0,0,13,0,0,13,0,0,0,0,0,93,13,0,0,0,0,13,0,13,0,13,0,0,0,0,37,1,0
/home/arch_design_predict/download-github-repos/mvvm/repos/GitHubBrowser-master/app/src/main/java/name/syndarin/githubbrowser/utils/BindUtil.java,name.syndarin.githubbrowser.utils.BindUtil,class,8,8,0,8,3,1,0,6,3,0.0,0.0,0.0,3,3,3,0,0,0,3,0,0,0,0,0,0,0,0,0,0,0,0,13,0,0,0,0,0,4,0,0,0,0,0,0,0,0,21,1,0
/home/arch_design_predict/download-github-repos/mvvm/repos/GitHubBrowser-master/app/src/main/java/name/syndarin/githubbrowser/navigation/Navigator.java,name.syndarin.githubbrowser.navigation.Navigator,interface,0,6,6,0,3,1,0,0,3,0.0,0.0,0.0,3,0,0,0,0,3,3,0,0,0,0,0,0,0,0,0,0,0,0,5,0,0,0,0,0,0,0,0,0,0,0,0,0,0,14,1,0
/home/arch_design_predict/download-github-repos/mvvm/repos/GitHubBrowser-master/app/src/main/java/name/syndarin/githubbrowser/entities/UserSearchResult.java,name.syndarin.githubbrowser.entities.UserSearchResult,class,3,4,1,3,6,1,0,0,9,0.6666667,0.2,0.2,6,0,6,0,0,0,6,0,0,0,3,0,0,3,0,0,0,0,0,23,3,0,0,0,0,3,0,4,0,3,0,0,0,0,19,1,0
/home/arch_design_predict/download-github-repos/mvvm/repos/GitHubBrowser-master/app/src/main/java/name/syndarin/githubbrowser/logging/FileTree.java,name.syndarin.githubbrowser.logging.FileTree,class,1,2,1,1,3,2,0,5,0,0.0,1.0,1.0,2,0,1,0,1,0,2,0,0,0,1,0,0,1,0,0,0,0,1,17,0,0,0,1,0,1,0,2,0,2,1,0,0,0,15,1,0
/home/arch_design_predict/download-github-repos/mvvm/repos/GitHubBrowser-master/app/src/main/java/name/syndarin/githubbrowser/dependency/ModelModule.java,name.syndarin.githubbrowser.dependency.ModelModule,class,5,6,1,5,1,1,0,0,0,0.0,NaN,NaN,1,0,1,0,0,0,1,0,0,0,0,0,0,0,0,0,0,0,0,5,1,0,0,0,0,0,0,0,0,0,0,0,0,0,13,1,0
/home/arch_design_predict/download-github-repos/mvvm/repos/GitHubBrowser-master/app/src/main/java/name/syndarin/githubbrowser/entities/User.java,name.syndarin.githubbrowser.entities.User,class,2,3,1,2,60,1,0,0,1710,0.9666668,0.016949153,0.016949153,60,0,60,0,0,0,60,0,0,0,30,0,0,30,0,0,0,0,0,212,30,0,0,0,0,30,0,30,0,30,0,0,0,0,61,1,0
/home/arch_design_predict/download-github-repos/mvvm/repos/GitHubBrowser-master/app/src/main/java/name/syndarin/githubbrowser/fragments/SearchFragment.java,name.syndarin.githubbrowser.fragments.SearchFragment,class,10,12,2,10,4,2,0,11,0,0.0,1.0,1.0,4,0,4,0,0,0,4,0,0,0,1,0,0,1,0,0,0,0,0,22,1,0,0,0,0,0,0,3,0,3,0,0,0,0,25,1,0
/home/arch_design_predict/download-github-repos/mvvm/repos/GitHubBrowser-master/app/src/main/java/name/syndarin/githubbrowser/dependency/NetworkModule.java,name.syndarin.githubbrowser.dependency.NetworkModule,class,5,6,1,5,2,1,0,2,1,0.0,0.0,0.0,2,0,2,0,0,0,2,0,0,0,0,0,0,0,0,0,0,0,0,8,2,0,0,0,0,0,0,0,0,0,0,0,0,0,15,1,0
/home/arch_design_predict/download-github-repos/mvvm/repos/GitHubBrowser-master/app/src/main/java/name/syndarin/githubbrowser/fragments/UserProfileFragment.java,name.syndarin.githubbrowser.fragments.UserProfileFragment,class,12,15,3,12,5,2,0,15,0,0.3,0.7,1.0,5,1,5,0,0,0,5,0,0,0,2,1,1,1,0,0,1,0,0,30,2,0,0,0,0,1,0,6,0,6,0,0,0,0,46,1,0
/home/arch_design_predict/download-github-repos/mvvm/repos/GitHubBrowser-master/app/src/main/java/name/syndarin/githubbrowser/activities/MainActivity.java,name.syndarin.githubbrowser.activities.MainActivity,class,7,9,2,7,2,2,0,10,0,0.0,1.0,1.0,2,0,1,0,1,0,2,0,0,0,1,0,0,1,0,0,0,0,0,13,1,0,0,0,1,0,0,2,0,2,0,0,0,0,23,1,0
