file,class,method,variable,usage
/home/arch_design_predict/download-github-repos/mvp/repos/news-android-mvp-master/app/src/main/java/com/kintopp/pablo/newsandroidmvp/http/apimodel/NewsApiResult.java,com.kintopp.pablo.newsandroidmvp.http.apimodel.NewsApiResult,setArticles/1[java.util.List<com.kintopp.pablo.newsandroidmvp.http.apimodel.Article>],articles,3
/home/arch_design_predict/download-github-repos/mvp/repos/news-android-mvp-master/app/src/main/java/com/kintopp/pablo/newsandroidmvp/http/apimodel/NewsApiResult.java,com.kintopp.pablo.newsandroidmvp.http.apimodel.NewsApiResult,setTotalResults/1[java.lang.Integer],totalResults,3
/home/arch_design_predict/download-github-repos/mvp/repos/news-android-mvp-master/app/src/main/java/com/kintopp/pablo/newsandroidmvp/http/apimodel/NewsApiResult.java,com.kintopp.pablo.newsandroidmvp.http.apimodel.NewsApiResult,getArticles/0,articles,1
/home/arch_design_predict/download-github-repos/mvp/repos/news-android-mvp-master/app/src/main/java/com/kintopp/pablo/newsandroidmvp/http/apimodel/NewsApiResult.java,com.kintopp.pablo.newsandroidmvp.http.apimodel.NewsApiResult,getStatus/0,status,1
/home/arch_design_predict/download-github-repos/mvp/repos/news-android-mvp-master/app/src/main/java/com/kintopp/pablo/newsandroidmvp/http/apimodel/NewsApiResult.java,com.kintopp.pablo.newsandroidmvp.http.apimodel.NewsApiResult,setStatus/1[java.lang.String],status,3
/home/arch_design_predict/download-github-repos/mvp/repos/news-android-mvp-master/app/src/main/java/com/kintopp/pablo/newsandroidmvp/http/apimodel/NewsApiResult.java,com.kintopp.pablo.newsandroidmvp.http.apimodel.NewsApiResult,getTotalResults/0,totalResults,1
/home/arch_design_predict/download-github-repos/mvp/repos/news-android-mvp-master/app/src/main/java/com/kintopp/pablo/newsandroidmvp/newsdetails/NewsDetailsActivity.java,com.kintopp.pablo.newsandroidmvp.newsdetails.NewsDetailsActivity,setToolbar/0,toolbar,2
/home/arch_design_predict/download-github-repos/mvp/repos/news-android-mvp-master/app/src/main/java/com/kintopp/pablo/newsandroidmvp/newsdetails/NewsDetailsActivity.java,com.kintopp.pablo.newsandroidmvp.newsdetails.NewsDetailsActivity,setToolbar/0,collapsingToolbar,5
/home/arch_design_predict/download-github-repos/mvp/repos/news-android-mvp-master/app/src/main/java/com/kintopp/pablo/newsandroidmvp/newsdetails/NewsDetailsActivity.java,com.kintopp.pablo.newsandroidmvp.newsdetails.NewsDetailsActivity,showDetails/1[com.kintopp.pablo.newsandroidmvp.http.apimodel.Article],date,1
/home/arch_design_predict/download-github-repos/mvp/repos/news-android-mvp-master/app/src/main/java/com/kintopp/pablo/newsandroidmvp/newsdetails/NewsDetailsActivity.java,com.kintopp.pablo.newsandroidmvp.newsdetails.NewsDetailsActivity,showDetails/1[com.kintopp.pablo.newsandroidmvp.http.apimodel.Article],image,1
/home/arch_design_predict/download-github-repos/mvp/repos/news-android-mvp-master/app/src/main/java/com/kintopp/pablo/newsandroidmvp/newsdetails/NewsDetailsActivity.java,com.kintopp.pablo.newsandroidmvp.newsdetails.NewsDetailsActivity,showDetails/1[com.kintopp.pablo.newsandroidmvp.http.apimodel.Article],description,1
/home/arch_design_predict/download-github-repos/mvp/repos/news-android-mvp-master/app/src/main/java/com/kintopp/pablo/newsandroidmvp/newsdetails/NewsDetailsActivity.java,com.kintopp.pablo.newsandroidmvp.newsdetails.NewsDetailsActivity,showDetails/1[com.kintopp.pablo.newsandroidmvp.http.apimodel.Article],source,1
/home/arch_design_predict/download-github-repos/mvp/repos/news-android-mvp-master/app/src/main/java/com/kintopp/pablo/newsandroidmvp/newsdetails/NewsDetailsActivity.java,com.kintopp.pablo.newsandroidmvp.newsdetails.NewsDetailsActivity,showDetails/1[com.kintopp.pablo.newsandroidmvp.http.apimodel.Article],title,1
/home/arch_design_predict/download-github-repos/mvp/repos/news-android-mvp-master/app/src/main/java/com/kintopp/pablo/newsandroidmvp/newsdetails/NewsDetailsActivity.java,com.kintopp.pablo.newsandroidmvp.newsdetails.NewsDetailsActivity,showDetails/1[com.kintopp.pablo.newsandroidmvp.http.apimodel.Article],article,6
/home/arch_design_predict/download-github-repos/mvp/repos/news-android-mvp-master/app/src/main/java/com/kintopp/pablo/newsandroidmvp/newsdetails/NewsDetailsActivity.java,com.kintopp.pablo.newsandroidmvp.newsdetails.NewsDetailsActivity,onCreate/1[com.kintopp.pablo.newsandroidmvp.newsdetails.Bundle],presenter,2
/home/arch_design_predict/download-github-repos/mvp/repos/news-android-mvp-master/app/src/main/java/com/kintopp/pablo/newsandroidmvp/newsdetails/NewsDetailsActivity.java,com.kintopp.pablo.newsandroidmvp.newsdetails.NewsDetailsActivity,getFormatedDate/1[java.lang.String],date,5
/home/arch_design_predict/download-github-repos/mvp/repos/news-android-mvp-master/app/src/main/java/com/kintopp/pablo/newsandroidmvp/http/apimodel/Source.java,com.kintopp.pablo.newsandroidmvp.http.apimodel.Source,getId/0,id,1
/home/arch_design_predict/download-github-repos/mvp/repos/news-android-mvp-master/app/src/main/java/com/kintopp/pablo/newsandroidmvp/http/apimodel/Source.java,com.kintopp.pablo.newsandroidmvp.http.apimodel.Source,setName/1[java.lang.String],name,3
/home/arch_design_predict/download-github-repos/mvp/repos/news-android-mvp-master/app/src/main/java/com/kintopp/pablo/newsandroidmvp/http/apimodel/Source.java,com.kintopp.pablo.newsandroidmvp.http.apimodel.Source,setId/1[java.lang.String],id,3
/home/arch_design_predict/download-github-repos/mvp/repos/news-android-mvp-master/app/src/main/java/com/kintopp/pablo/newsandroidmvp/http/apimodel/Source.java,com.kintopp.pablo.newsandroidmvp.http.apimodel.Source,"writeToParcel/2[com.kintopp.pablo.newsandroidmvp.http.apimodel.Parcel,int]",name,1
/home/arch_design_predict/download-github-repos/mvp/repos/news-android-mvp-master/app/src/main/java/com/kintopp/pablo/newsandroidmvp/http/apimodel/Source.java,com.kintopp.pablo.newsandroidmvp.http.apimodel.Source,"writeToParcel/2[com.kintopp.pablo.newsandroidmvp.http.apimodel.Parcel,int]",id,1
/home/arch_design_predict/download-github-repos/mvp/repos/news-android-mvp-master/app/src/main/java/com/kintopp/pablo/newsandroidmvp/http/apimodel/Source.java,com.kintopp.pablo.newsandroidmvp.http.apimodel.Source,getName/0,name,1
/home/arch_design_predict/download-github-repos/mvp/repos/news-android-mvp-master/app/src/main/java/com/kintopp/pablo/newsandroidmvp/http/apimodel/Source.java,com.kintopp.pablo.newsandroidmvp.http.apimodel.Source,Source/1[com.kintopp.pablo.newsandroidmvp.http.apimodel.Parcel],name,1
/home/arch_design_predict/download-github-repos/mvp/repos/news-android-mvp-master/app/src/main/java/com/kintopp/pablo/newsandroidmvp/http/apimodel/Source.java,com.kintopp.pablo.newsandroidmvp.http.apimodel.Source,Source/1[com.kintopp.pablo.newsandroidmvp.http.apimodel.Parcel],id,1
/home/arch_design_predict/download-github-repos/mvp/repos/news-android-mvp-master/app/src/main/java/com/kintopp/pablo/newsandroidmvp/newslist/NewsListActivity.java,com.kintopp.pablo.newsandroidmvp.newslist.NewsListActivity,showNews/1[com.kintopp.pablo.newsandroidmvp.http.apimodel.Article],newsList,2
/home/arch_design_predict/download-github-repos/mvp/repos/news-android-mvp-master/app/src/main/java/com/kintopp/pablo/newsandroidmvp/newslist/NewsListActivity.java,com.kintopp.pablo.newsandroidmvp.newslist.NewsListActivity,showNews/1[com.kintopp.pablo.newsandroidmvp.http.apimodel.Article],listAdapter,1
/home/arch_design_predict/download-github-repos/mvp/repos/news-android-mvp-master/app/src/main/java/com/kintopp/pablo/newsandroidmvp/newslist/NewsListActivity.java,com.kintopp.pablo.newsandroidmvp.newslist.NewsListActivity,showNews/1[com.kintopp.pablo.newsandroidmvp.http.apimodel.Article],TAG,1
/home/arch_design_predict/download-github-repos/mvp/repos/news-android-mvp-master/app/src/main/java/com/kintopp/pablo/newsandroidmvp/newslist/NewsListActivity.java,com.kintopp.pablo.newsandroidmvp.newslist.NewsListActivity,onStop/0,presenter,1
/home/arch_design_predict/download-github-repos/mvp/repos/news-android-mvp-master/app/src/main/java/com/kintopp/pablo/newsandroidmvp/newslist/NewsListActivity.java,com.kintopp.pablo.newsandroidmvp.newslist.NewsListActivity,onCreate/1[com.kintopp.pablo.newsandroidmvp.newslist.Bundle],newsList,1
/home/arch_design_predict/download-github-repos/mvp/repos/news-android-mvp-master/app/src/main/java/com/kintopp/pablo/newsandroidmvp/newslist/NewsListActivity.java,com.kintopp.pablo.newsandroidmvp.newslist.NewsListActivity,onCreate/1[com.kintopp.pablo.newsandroidmvp.newslist.Bundle],listAdapter,2
/home/arch_design_predict/download-github-repos/mvp/repos/news-android-mvp-master/app/src/main/java/com/kintopp/pablo/newsandroidmvp/newslist/NewsListActivity.java,com.kintopp.pablo.newsandroidmvp.newslist.NewsListActivity,onCreate/1[com.kintopp.pablo.newsandroidmvp.newslist.Bundle],recyclerView,5
/home/arch_design_predict/download-github-repos/mvp/repos/news-android-mvp-master/app/src/main/java/com/kintopp/pablo/newsandroidmvp/newslist/NewsListActivity.java,com.kintopp.pablo.newsandroidmvp.newslist.NewsListActivity,onArticleClicked/1[com.kintopp.pablo.newsandroidmvp.http.apimodel.Article],TAG,1
/home/arch_design_predict/download-github-repos/mvp/repos/news-android-mvp-master/app/src/main/java/com/kintopp/pablo/newsandroidmvp/newslist/NewsListActivity.java,com.kintopp.pablo.newsandroidmvp.newslist.NewsListActivity,loadingSuccess/1[java.lang.String],rootView,1
/home/arch_design_predict/download-github-repos/mvp/repos/news-android-mvp-master/app/src/main/java/com/kintopp/pablo/newsandroidmvp/newslist/NewsListActivity.java,com.kintopp.pablo.newsandroidmvp.newslist.NewsListActivity,onResume/0,presenter,2
/home/arch_design_predict/download-github-repos/mvp/repos/news-android-mvp-master/app/src/main/java/com/kintopp/pablo/newsandroidmvp/newslist/NewsListActivity.java,com.kintopp.pablo.newsandroidmvp.newslist.NewsListActivity,loadingFailed/1[java.lang.String],rootView,1
/home/arch_design_predict/download-github-repos/mvp/repos/news-android-mvp-master/app/src/main/java/com/kintopp/pablo/newsandroidmvp/newslist/NewsListModelImpl.java,com.kintopp.pablo.newsandroidmvp.newslist.NewsListModelImpl,NewsListModelImpl/1[com.kintopp.pablo.newsandroidmvp.newslist.NewsListRepo],repo,3
/home/arch_design_predict/download-github-repos/mvp/repos/news-android-mvp-master/app/src/main/java/com/kintopp/pablo/newsandroidmvp/newslist/NewsListModelImpl.java,com.kintopp.pablo.newsandroidmvp.newslist.NewsListModelImpl,result/0,repo,1
/home/arch_design_predict/download-github-repos/mvp/repos/news-android-mvp-master/app/src/main/java/com/kintopp/pablo/newsandroidmvp/newsdetails/NewsDetailsPresenterImpl.java,com.kintopp.pablo.newsandroidmvp.newsdetails.NewsDetailsPresenterImpl,showDetails/1[com.kintopp.pablo.newsandroidmvp.http.apimodel.Article],view,2
/home/arch_design_predict/download-github-repos/mvp/repos/news-android-mvp-master/app/src/main/java/com/kintopp/pablo/newsandroidmvp/newsdetails/NewsDetailsPresenterImpl.java,com.kintopp.pablo.newsandroidmvp.newsdetails.NewsDetailsPresenterImpl,destroy/0,view,1
/home/arch_design_predict/download-github-repos/mvp/repos/news-android-mvp-master/app/src/main/java/com/kintopp/pablo/newsandroidmvp/newsdetails/NewsDetailsPresenterImpl.java,com.kintopp.pablo.newsandroidmvp.newsdetails.NewsDetailsPresenterImpl,setView/1[com.kintopp.pablo.newsandroidmvp.newsdetails.NewsDetailsView],view,3
/home/arch_design_predict/download-github-repos/mvp/repos/news-android-mvp-master/app/src/main/java/com/kintopp/pablo/newsandroidmvp/newslist/NewsListRepoImpl.java,com.kintopp.pablo.newsandroidmvp.newslist.NewsListRepoImpl,isUpdated/0,lastTimestamp,1
/home/arch_design_predict/download-github-repos/mvp/repos/news-android-mvp-master/app/src/main/java/com/kintopp/pablo/newsandroidmvp/newslist/NewsListRepoImpl.java,com.kintopp.pablo.newsandroidmvp.newslist.NewsListRepoImpl,isUpdated/0,CACHE_LIFETIME,1
/home/arch_design_predict/download-github-repos/mvp/repos/news-android-mvp-master/app/src/main/java/com/kintopp/pablo/newsandroidmvp/newslist/NewsListRepoImpl.java,com.kintopp.pablo.newsandroidmvp.newslist.NewsListRepoImpl,getArticleFromNetwork/0,newsApiService,1
/home/arch_design_predict/download-github-repos/mvp/repos/news-android-mvp-master/app/src/main/java/com/kintopp/pablo/newsandroidmvp/newslist/NewsListRepoImpl.java,com.kintopp.pablo.newsandroidmvp.newslist.NewsListRepoImpl,getArticleFromNetwork/0,articles,1
/home/arch_design_predict/download-github-repos/mvp/repos/news-android-mvp-master/app/src/main/java/com/kintopp/pablo/newsandroidmvp/newslist/NewsListRepoImpl.java,com.kintopp.pablo.newsandroidmvp.newslist.NewsListRepoImpl,getArticleFromCache/0,lastTimestamp,1
/home/arch_design_predict/download-github-repos/mvp/repos/news-android-mvp-master/app/src/main/java/com/kintopp/pablo/newsandroidmvp/newslist/NewsListRepoImpl.java,com.kintopp.pablo.newsandroidmvp.newslist.NewsListRepoImpl,getArticleFromCache/0,articles,2
/home/arch_design_predict/download-github-repos/mvp/repos/news-android-mvp-master/app/src/main/java/com/kintopp/pablo/newsandroidmvp/newslist/NewsListRepoImpl.java,com.kintopp.pablo.newsandroidmvp.newslist.NewsListRepoImpl,NewsListRepoImpl/1[com.kintopp.pablo.newsandroidmvp.http.NewsApiService],newsApiService,3
/home/arch_design_predict/download-github-repos/mvp/repos/news-android-mvp-master/app/src/main/java/com/kintopp/pablo/newsandroidmvp/newslist/NewsListRepoImpl.java,com.kintopp.pablo.newsandroidmvp.newslist.NewsListRepoImpl,NewsListRepoImpl/1[com.kintopp.pablo.newsandroidmvp.http.NewsApiService],lastTimestamp,1
/home/arch_design_predict/download-github-repos/mvp/repos/news-android-mvp-master/app/src/main/java/com/kintopp/pablo/newsandroidmvp/newslist/NewsListRepoImpl.java,com.kintopp.pablo.newsandroidmvp.newslist.NewsListRepoImpl,NewsListRepoImpl/1[com.kintopp.pablo.newsandroidmvp.http.NewsApiService],articles,1
/home/arch_design_predict/download-github-repos/mvp/repos/news-android-mvp-master/app/src/main/java/com/kintopp/pablo/newsandroidmvp/root/ApplicationModule.java,com.kintopp.pablo.newsandroidmvp.root.ApplicationModule,ApplicationModule/1[com.kintopp.pablo.newsandroidmvp.root.Application],application,3
/home/arch_design_predict/download-github-repos/mvp/repos/news-android-mvp-master/app/src/main/java/com/kintopp/pablo/newsandroidmvp/root/ApplicationModule.java,com.kintopp.pablo.newsandroidmvp.root.ApplicationModule,provideContext/0,application,1
/home/arch_design_predict/download-github-repos/mvp/repos/news-android-mvp-master/app/src/main/java/com/kintopp/pablo/newsandroidmvp/http/NewsApiModule.java,com.kintopp.pablo.newsandroidmvp.http.NewsApiModule,provideApiService/0,BASE_URL,1
/home/arch_design_predict/download-github-repos/mvp/repos/news-android-mvp-master/app/src/main/java/com/kintopp/pablo/newsandroidmvp/http/NewsApiModule.java,com.kintopp.pablo.newsandroidmvp.http.NewsApiModule,provideClient/0,API_KEY,1
/home/arch_design_predict/download-github-repos/mvp/repos/news-android-mvp-master/app/src/main/java/com/kintopp/pablo/newsandroidmvp/http/apimodel/Article.java,com.kintopp.pablo.newsandroidmvp.http.apimodel.Article,getPublishedAt/0,publishedAt,1
/home/arch_design_predict/download-github-repos/mvp/repos/news-android-mvp-master/app/src/main/java/com/kintopp/pablo/newsandroidmvp/http/apimodel/Article.java,com.kintopp.pablo.newsandroidmvp.http.apimodel.Article,getTitle/0,title,1
/home/arch_design_predict/download-github-repos/mvp/repos/news-android-mvp-master/app/src/main/java/com/kintopp/pablo/newsandroidmvp/http/apimodel/Article.java,com.kintopp.pablo.newsandroidmvp.http.apimodel.Article,getDescription/0,description,1
/home/arch_design_predict/download-github-repos/mvp/repos/news-android-mvp-master/app/src/main/java/com/kintopp/pablo/newsandroidmvp/http/apimodel/Article.java,com.kintopp.pablo.newsandroidmvp.http.apimodel.Article,setAuthor/1[java.lang.String],author,3
/home/arch_design_predict/download-github-repos/mvp/repos/news-android-mvp-master/app/src/main/java/com/kintopp/pablo/newsandroidmvp/http/apimodel/Article.java,com.kintopp.pablo.newsandroidmvp.http.apimodel.Article,setPublishedAt/1[java.lang.String],publishedAt,3
/home/arch_design_predict/download-github-repos/mvp/repos/news-android-mvp-master/app/src/main/java/com/kintopp/pablo/newsandroidmvp/http/apimodel/Article.java,com.kintopp.pablo.newsandroidmvp.http.apimodel.Article,getUrl/0,url,1
/home/arch_design_predict/download-github-repos/mvp/repos/news-android-mvp-master/app/src/main/java/com/kintopp/pablo/newsandroidmvp/http/apimodel/Article.java,com.kintopp.pablo.newsandroidmvp.http.apimodel.Article,getContent/0,content,3
/home/arch_design_predict/download-github-repos/mvp/repos/news-android-mvp-master/app/src/main/java/com/kintopp/pablo/newsandroidmvp/http/apimodel/Article.java,com.kintopp.pablo.newsandroidmvp.http.apimodel.Article,getUrlToImage/0,urlToImage,1
/home/arch_design_predict/download-github-repos/mvp/repos/news-android-mvp-master/app/src/main/java/com/kintopp/pablo/newsandroidmvp/http/apimodel/Article.java,com.kintopp.pablo.newsandroidmvp.http.apimodel.Article,setUrlToImage/1[java.lang.String],urlToImage,3
/home/arch_design_predict/download-github-repos/mvp/repos/news-android-mvp-master/app/src/main/java/com/kintopp/pablo/newsandroidmvp/http/apimodel/Article.java,com.kintopp.pablo.newsandroidmvp.http.apimodel.Article,setDescription/1[java.lang.String],description,3
/home/arch_design_predict/download-github-repos/mvp/repos/news-android-mvp-master/app/src/main/java/com/kintopp/pablo/newsandroidmvp/http/apimodel/Article.java,com.kintopp.pablo.newsandroidmvp.http.apimodel.Article,Article/1[com.kintopp.pablo.newsandroidmvp.http.apimodel.Parcel],publishedAt,1
/home/arch_design_predict/download-github-repos/mvp/repos/news-android-mvp-master/app/src/main/java/com/kintopp/pablo/newsandroidmvp/http/apimodel/Article.java,com.kintopp.pablo.newsandroidmvp.http.apimodel.Article,Article/1[com.kintopp.pablo.newsandroidmvp.http.apimodel.Parcel],author,1
/home/arch_design_predict/download-github-repos/mvp/repos/news-android-mvp-master/app/src/main/java/com/kintopp/pablo/newsandroidmvp/http/apimodel/Article.java,com.kintopp.pablo.newsandroidmvp.http.apimodel.Article,Article/1[com.kintopp.pablo.newsandroidmvp.http.apimodel.Parcel],urlToImage,1
/home/arch_design_predict/download-github-repos/mvp/repos/news-android-mvp-master/app/src/main/java/com/kintopp/pablo/newsandroidmvp/http/apimodel/Article.java,com.kintopp.pablo.newsandroidmvp.http.apimodel.Article,Article/1[com.kintopp.pablo.newsandroidmvp.http.apimodel.Parcel],description,1
/home/arch_design_predict/download-github-repos/mvp/repos/news-android-mvp-master/app/src/main/java/com/kintopp/pablo/newsandroidmvp/http/apimodel/Article.java,com.kintopp.pablo.newsandroidmvp.http.apimodel.Article,Article/1[com.kintopp.pablo.newsandroidmvp.http.apimodel.Parcel],source,1
/home/arch_design_predict/download-github-repos/mvp/repos/news-android-mvp-master/app/src/main/java/com/kintopp/pablo/newsandroidmvp/http/apimodel/Article.java,com.kintopp.pablo.newsandroidmvp.http.apimodel.Article,Article/1[com.kintopp.pablo.newsandroidmvp.http.apimodel.Parcel],title,1
/home/arch_design_predict/download-github-repos/mvp/repos/news-android-mvp-master/app/src/main/java/com/kintopp/pablo/newsandroidmvp/http/apimodel/Article.java,com.kintopp.pablo.newsandroidmvp.http.apimodel.Article,Article/1[com.kintopp.pablo.newsandroidmvp.http.apimodel.Parcel],url,1
/home/arch_design_predict/download-github-repos/mvp/repos/news-android-mvp-master/app/src/main/java/com/kintopp/pablo/newsandroidmvp/http/apimodel/Article.java,com.kintopp.pablo.newsandroidmvp.http.apimodel.Article,Article/1[com.kintopp.pablo.newsandroidmvp.http.apimodel.Parcel],content,1
/home/arch_design_predict/download-github-repos/mvp/repos/news-android-mvp-master/app/src/main/java/com/kintopp/pablo/newsandroidmvp/http/apimodel/Article.java,com.kintopp.pablo.newsandroidmvp.http.apimodel.Article,setTitle/1[java.lang.String],title,3
/home/arch_design_predict/download-github-repos/mvp/repos/news-android-mvp-master/app/src/main/java/com/kintopp/pablo/newsandroidmvp/http/apimodel/Article.java,com.kintopp.pablo.newsandroidmvp.http.apimodel.Article,getSource/0,source,1
/home/arch_design_predict/download-github-repos/mvp/repos/news-android-mvp-master/app/src/main/java/com/kintopp/pablo/newsandroidmvp/http/apimodel/Article.java,com.kintopp.pablo.newsandroidmvp.http.apimodel.Article,setContent/1[java.lang.String],content,6
/home/arch_design_predict/download-github-repos/mvp/repos/news-android-mvp-master/app/src/main/java/com/kintopp/pablo/newsandroidmvp/http/apimodel/Article.java,com.kintopp.pablo.newsandroidmvp.http.apimodel.Article,setUrl/1[java.lang.String],url,3
/home/arch_design_predict/download-github-repos/mvp/repos/news-android-mvp-master/app/src/main/java/com/kintopp/pablo/newsandroidmvp/http/apimodel/Article.java,com.kintopp.pablo.newsandroidmvp.http.apimodel.Article,getAuthor/0,author,1
/home/arch_design_predict/download-github-repos/mvp/repos/news-android-mvp-master/app/src/main/java/com/kintopp/pablo/newsandroidmvp/http/apimodel/Article.java,com.kintopp.pablo.newsandroidmvp.http.apimodel.Article,"writeToParcel/2[com.kintopp.pablo.newsandroidmvp.http.apimodel.Parcel,int]",publishedAt,1
/home/arch_design_predict/download-github-repos/mvp/repos/news-android-mvp-master/app/src/main/java/com/kintopp/pablo/newsandroidmvp/http/apimodel/Article.java,com.kintopp.pablo.newsandroidmvp.http.apimodel.Article,"writeToParcel/2[com.kintopp.pablo.newsandroidmvp.http.apimodel.Parcel,int]",author,1
/home/arch_design_predict/download-github-repos/mvp/repos/news-android-mvp-master/app/src/main/java/com/kintopp/pablo/newsandroidmvp/http/apimodel/Article.java,com.kintopp.pablo.newsandroidmvp.http.apimodel.Article,"writeToParcel/2[com.kintopp.pablo.newsandroidmvp.http.apimodel.Parcel,int]",urlToImage,1
/home/arch_design_predict/download-github-repos/mvp/repos/news-android-mvp-master/app/src/main/java/com/kintopp/pablo/newsandroidmvp/http/apimodel/Article.java,com.kintopp.pablo.newsandroidmvp.http.apimodel.Article,"writeToParcel/2[com.kintopp.pablo.newsandroidmvp.http.apimodel.Parcel,int]",description,1
/home/arch_design_predict/download-github-repos/mvp/repos/news-android-mvp-master/app/src/main/java/com/kintopp/pablo/newsandroidmvp/http/apimodel/Article.java,com.kintopp.pablo.newsandroidmvp.http.apimodel.Article,"writeToParcel/2[com.kintopp.pablo.newsandroidmvp.http.apimodel.Parcel,int]",source,1
/home/arch_design_predict/download-github-repos/mvp/repos/news-android-mvp-master/app/src/main/java/com/kintopp/pablo/newsandroidmvp/http/apimodel/Article.java,com.kintopp.pablo.newsandroidmvp.http.apimodel.Article,"writeToParcel/2[com.kintopp.pablo.newsandroidmvp.http.apimodel.Parcel,int]",title,1
/home/arch_design_predict/download-github-repos/mvp/repos/news-android-mvp-master/app/src/main/java/com/kintopp/pablo/newsandroidmvp/http/apimodel/Article.java,com.kintopp.pablo.newsandroidmvp.http.apimodel.Article,"writeToParcel/2[com.kintopp.pablo.newsandroidmvp.http.apimodel.Parcel,int]",url,1
/home/arch_design_predict/download-github-repos/mvp/repos/news-android-mvp-master/app/src/main/java/com/kintopp/pablo/newsandroidmvp/http/apimodel/Article.java,com.kintopp.pablo.newsandroidmvp.http.apimodel.Article,"writeToParcel/2[com.kintopp.pablo.newsandroidmvp.http.apimodel.Parcel,int]",content,1
/home/arch_design_predict/download-github-repos/mvp/repos/news-android-mvp-master/app/src/main/java/com/kintopp/pablo/newsandroidmvp/http/apimodel/Article.java,com.kintopp.pablo.newsandroidmvp.http.apimodel.Article,setSource/1[com.kintopp.pablo.newsandroidmvp.http.apimodel.Source],source,3
/home/arch_design_predict/download-github-repos/mvp/repos/news-android-mvp-master/app/src/main/java/com/kintopp/pablo/newsandroidmvp/newslist/ListAdapter.java,com.kintopp.pablo.newsandroidmvp.newslist.ListAdapter,"onCreateViewHolder/2[com.kintopp.pablo.newsandroidmvp.newslist.ViewGroup,int]",context,1
/home/arch_design_predict/download-github-repos/mvp/repos/news-android-mvp-master/app/src/main/java/com/kintopp/pablo/newsandroidmvp/newslist/ListAdapter.java,com.kintopp.pablo.newsandroidmvp.newslist.ListAdapter,getItemCount/0,list,1
/home/arch_design_predict/download-github-repos/mvp/repos/news-android-mvp-master/app/src/main/java/com/kintopp/pablo/newsandroidmvp/newslist/ListAdapter.java,com.kintopp.pablo.newsandroidmvp.newslist.ListAdapter,"ListAdapter/2[java.util.List<com.kintopp.pablo.newsandroidmvp.http.apimodel.Article>,com.kintopp.pablo.newsandroidmvp.newslist.NewsListView]",newsListView,3
/home/arch_design_predict/download-github-repos/mvp/repos/news-android-mvp-master/app/src/main/java/com/kintopp/pablo/newsandroidmvp/newslist/ListAdapter.java,com.kintopp.pablo.newsandroidmvp.newslist.ListAdapter,"ListAdapter/2[java.util.List<com.kintopp.pablo.newsandroidmvp.http.apimodel.Article>,com.kintopp.pablo.newsandroidmvp.newslist.NewsListView]",list,3
/home/arch_design_predict/download-github-repos/mvp/repos/news-android-mvp-master/app/src/main/java/com/kintopp/pablo/newsandroidmvp/newslist/ListAdapter.java,com.kintopp.pablo.newsandroidmvp.newslist.ListAdapter,"onBindViewHolder/2[com.kintopp.pablo.newsandroidmvp.newslist.ListAdapter.ListItemViewHolder,int]",context,1
/home/arch_design_predict/download-github-repos/mvp/repos/news-android-mvp-master/app/src/main/java/com/kintopp/pablo/newsandroidmvp/newslist/ListAdapter.java,com.kintopp.pablo.newsandroidmvp.newslist.ListAdapter,"onBindViewHolder/2[com.kintopp.pablo.newsandroidmvp.newslist.ListAdapter.ListItemViewHolder,int]",list,3
/home/arch_design_predict/download-github-repos/mvp/repos/news-android-mvp-master/app/src/main/java/com/kintopp/pablo/newsandroidmvp/newslist/NewListPresenterImpl.java,com.kintopp.pablo.newsandroidmvp.newslist.NewListPresenterImpl,loadNewsData/0,model,1
/home/arch_design_predict/download-github-repos/mvp/repos/news-android-mvp-master/app/src/main/java/com/kintopp/pablo/newsandroidmvp/newslist/NewListPresenterImpl.java,com.kintopp.pablo.newsandroidmvp.newslist.NewListPresenterImpl,loadNewsData/0,subscription,1
/home/arch_design_predict/download-github-repos/mvp/repos/news-android-mvp-master/app/src/main/java/com/kintopp/pablo/newsandroidmvp/newslist/NewListPresenterImpl.java,com.kintopp.pablo.newsandroidmvp.newslist.NewListPresenterImpl,setView/1[com.kintopp.pablo.newsandroidmvp.newslist.NewsListView],view,3
/home/arch_design_predict/download-github-repos/mvp/repos/news-android-mvp-master/app/src/main/java/com/kintopp/pablo/newsandroidmvp/newslist/NewListPresenterImpl.java,com.kintopp.pablo.newsandroidmvp.newslist.NewListPresenterImpl,NewListPresenterImpl/1[com.kintopp.pablo.newsandroidmvp.newslist.NewsListModel],model,3
/home/arch_design_predict/download-github-repos/mvp/repos/news-android-mvp-master/app/src/main/java/com/kintopp/pablo/newsandroidmvp/newslist/NewListPresenterImpl.java,com.kintopp.pablo.newsandroidmvp.newslist.NewListPresenterImpl,rxJavaUnsubscribe/0,subscription,3
/home/arch_design_predict/download-github-repos/mvp/repos/news-android-mvp-master/app/src/main/java/com/kintopp/pablo/newsandroidmvp/root/App.java,com.kintopp.pablo.newsandroidmvp.root.App,onCreate/0,component,1
/home/arch_design_predict/download-github-repos/mvp/repos/news-android-mvp-master/app/src/main/java/com/kintopp/pablo/newsandroidmvp/root/App.java,com.kintopp.pablo.newsandroidmvp.root.App,getComponent/0,component,1
