file,class,method,constructor,line,cbo,cboModified,fanin,fanout,wmc,rfc,loc,returnsQty,variablesQty,parametersQty,methodsInvokedQty,methodsInvokedLocalQty,methodsInvokedIndirectLocalQty,loopQty,comparisonsQty,tryCatchQty,parenthesizedExpsQty,stringLiteralsQty,numbersQty,assignmentsQty,mathOperationsQty,maxNestedBlocksQty,anonymousClassesQty,innerClassesQty,lambdasQty,uniqueWordsQty,modifiers,logStatementsQty,hasJavaDoc
/home/arch_design_predict/download-github-repos/mvp/repos/news-android-mvp-master/app/src/main/java/com/kintopp/pablo/newsandroidmvp/newsdetails/NewsDetailsModule.java,com.kintopp.pablo.newsandroidmvp.newsdetails.NewsDetailsModule,provideNewsDetailsPresenter/0,false,10,3,1,0,1,1,0,3,1,0,0,0,0,0,0,0,0,0,0,0,0,0,0,0,0,0,5,1,0,false
/home/arch_design_predict/download-github-repos/mvp/repos/news-android-mvp-master/app/src/main/java/com/kintopp/pablo/newsandroidmvp/newslist/ListAdapter.java,com.kintopp.pablo.newsandroidmvp.newslist.ListAdapter$ListItemViewHolder$Anonymous1,onClick/1[com.kintopp.pablo.newsandroidmvp.newslist.View],false,68,2,1,0,1,1,1,3,0,0,1,1,0,0,0,0,0,0,0,0,0,0,0,0,0,0,5,1,0,false
/home/arch_design_predict/download-github-repos/mvp/repos/news-android-mvp-master/app/src/main/java/com/kintopp/pablo/newsandroidmvp/http/apimodel/NewsApiResult.java,com.kintopp.pablo.newsandroidmvp.http.apimodel.NewsApiResult,setArticles/1[java.util.List<com.kintopp.pablo.newsandroidmvp.http.apimodel.Article>],false,40,1,0,0,0,1,0,3,0,0,1,0,0,0,0,0,0,0,0,0,1,0,0,0,0,0,3,1,0,false
/home/arch_design_predict/download-github-repos/mvp/repos/news-android-mvp-master/app/src/main/java/com/kintopp/pablo/newsandroidmvp/http/apimodel/NewsApiResult.java,com.kintopp.pablo.newsandroidmvp.http.apimodel.NewsApiResult,setTotalResults/1[java.lang.Integer],false,32,0,0,0,0,1,0,3,0,0,1,0,0,0,0,0,0,0,0,0,1,0,0,0,0,0,5,1,0,false
/home/arch_design_predict/download-github-repos/mvp/repos/news-android-mvp-master/app/src/main/java/com/kintopp/pablo/newsandroidmvp/http/apimodel/NewsApiResult.java,com.kintopp.pablo.newsandroidmvp.http.apimodel.NewsApiResult,getArticles/0,false,36,1,0,0,0,1,0,3,1,0,0,0,0,0,0,0,0,0,0,0,0,0,0,0,0,0,3,1,0,false
/home/arch_design_predict/download-github-repos/mvp/repos/news-android-mvp-master/app/src/main/java/com/kintopp/pablo/newsandroidmvp/http/apimodel/NewsApiResult.java,com.kintopp.pablo.newsandroidmvp.http.apimodel.NewsApiResult,getStatus/0,false,20,0,0,0,0,1,0,3,1,0,0,0,0,0,0,0,0,0,0,0,0,0,0,0,0,0,3,1,0,false
/home/arch_design_predict/download-github-repos/mvp/repos/news-android-mvp-master/app/src/main/java/com/kintopp/pablo/newsandroidmvp/http/apimodel/NewsApiResult.java,com.kintopp.pablo.newsandroidmvp.http.apimodel.NewsApiResult,setStatus/1[java.lang.String],false,24,0,0,0,0,1,0,3,0,0,1,0,0,0,0,0,0,0,0,0,1,0,0,0,0,0,3,1,0,false
/home/arch_design_predict/download-github-repos/mvp/repos/news-android-mvp-master/app/src/main/java/com/kintopp/pablo/newsandroidmvp/http/apimodel/NewsApiResult.java,com.kintopp.pablo.newsandroidmvp.http.apimodel.NewsApiResult,getTotalResults/0,false,28,0,0,0,0,1,0,3,1,0,0,0,0,0,0,0,0,0,0,0,0,0,0,0,0,0,5,1,0,false
/home/arch_design_predict/download-github-repos/mvp/repos/news-android-mvp-master/app/src/main/java/com/kintopp/pablo/newsandroidmvp/newsdetails/NewsDetailsActivity.java,com.kintopp.pablo.newsandroidmvp.newsdetails.NewsDetailsActivity,setToolbar/0,false,76,1,1,1,0,3,11,16,0,1,0,11,0,0,0,2,0,0,0,0,1,0,2,0,0,0,12,2,0,false
/home/arch_design_predict/download-github-repos/mvp/repos/news-android-mvp-master/app/src/main/java/com/kintopp/pablo/newsandroidmvp/newsdetails/NewsDetailsActivity.java,com.kintopp.pablo.newsandroidmvp.newsdetails.NewsDetailsActivity,showDetails/1[com.kintopp.pablo.newsandroidmvp.http.apimodel.Article],false,97,3,7,0,7,1,11,7,0,0,1,11,1,1,0,0,0,0,0,0,0,0,0,0,0,0,8,1,0,false
/home/arch_design_predict/download-github-repos/mvp/repos/news-android-mvp-master/app/src/main/java/com/kintopp/pablo/newsandroidmvp/newsdetails/NewsDetailsActivity.java,com.kintopp.pablo.newsandroidmvp.newsdetails.NewsDetailsActivity,onCreate/1[com.kintopp.pablo.newsandroidmvp.newsdetails.Bundle],false,55,7,5,0,5,5,13,17,0,2,1,13,1,1,0,3,0,1,2,0,2,0,3,0,0,0,18,4,0,false
/home/arch_design_predict/download-github-repos/mvp/repos/news-android-mvp-master/app/src/main/java/com/kintopp/pablo/newsandroidmvp/newsdetails/NewsDetailsActivity.java,com.kintopp.pablo.newsandroidmvp.newsdetails.NewsDetailsActivity,getFormatedDate/1[java.lang.String],false,106,0,1,1,0,3,5,14,1,4,1,5,0,0,0,1,1,0,4,1,6,0,1,0,0,0,15,2,0,false
/home/arch_design_predict/download-github-repos/mvp/repos/news-android-mvp-master/app/src/main/java/com/kintopp/pablo/newsandroidmvp/newsdetails/NewsDetailsView.java,com.kintopp.pablo.newsandroidmvp.newsdetails.NewsDetailsView,showDetails/1[com.kintopp.pablo.newsandroidmvp.http.apimodel.Article],false,7,1,1,1,0,1,0,1,0,0,1,0,0,0,0,0,0,0,0,0,0,0,0,0,0,0,4,0,0,false
/home/arch_design_predict/download-github-repos/mvp/repos/news-android-mvp-master/app/src/main/java/com/kintopp/pablo/newsandroidmvp/http/apimodel/Article.java,com.kintopp.pablo.newsandroidmvp.http.apimodel.Article$Anonymous1,newArray/1[int],false,152,2,0,0,0,1,0,3,1,0,1,0,0,0,0,0,0,0,0,0,0,0,0,0,0,0,3,1,0,false
/home/arch_design_predict/download-github-repos/mvp/repos/news-android-mvp-master/app/src/main/java/com/kintopp/pablo/newsandroidmvp/http/apimodel/Article.java,com.kintopp.pablo.newsandroidmvp.http.apimodel.Article$Anonymous1,createFromParcel/1[Parcel],false,147,2,0,0,0,1,0,3,1,0,1,0,0,0,0,0,0,0,0,0,0,0,0,0,0,0,5,1,0,false
/home/arch_design_predict/download-github-repos/mvp/repos/news-android-mvp-master/app/src/main/java/com/kintopp/pablo/newsandroidmvp/newslist/NewsListView.java,com.kintopp.pablo.newsandroidmvp.newslist.NewsListView,loadingFailed/1[java.lang.String],false,9,0,1,1,0,1,0,1,0,0,1,0,0,0,0,0,0,0,0,0,0,0,0,0,0,0,4,0,0,false
/home/arch_design_predict/download-github-repos/mvp/repos/news-android-mvp-master/app/src/main/java/com/kintopp/pablo/newsandroidmvp/newslist/NewsListView.java,com.kintopp.pablo.newsandroidmvp.newslist.NewsListView,loadingSuccess/1[java.lang.String],false,11,0,1,1,0,1,0,1,0,0,1,0,0,0,0,0,0,0,0,0,0,0,0,0,0,0,4,0,0,false
/home/arch_design_predict/download-github-repos/mvp/repos/news-android-mvp-master/app/src/main/java/com/kintopp/pablo/newsandroidmvp/newslist/NewsListView.java,com.kintopp.pablo.newsandroidmvp.newslist.NewsListView,showNews/1[com.kintopp.pablo.newsandroidmvp.http.apimodel.Article],false,7,1,1,1,0,1,0,1,0,0,1,0,0,0,0,0,0,0,0,0,0,0,0,0,0,0,4,0,0,false
/home/arch_design_predict/download-github-repos/mvp/repos/news-android-mvp-master/app/src/main/java/com/kintopp/pablo/newsandroidmvp/newslist/NewsListView.java,com.kintopp.pablo.newsandroidmvp.newslist.NewsListView,onArticleClicked/1[com.kintopp.pablo.newsandroidmvp.http.apimodel.Article],false,13,1,1,1,0,1,0,1,0,0,1,0,0,0,0,0,0,0,0,0,0,0,0,0,0,0,4,0,0,false
/home/arch_design_predict/download-github-repos/mvp/repos/news-android-mvp-master/app/src/main/java/com/kintopp/pablo/newsandroidmvp/http/apimodel/Source.java,com.kintopp.pablo.newsandroidmvp.http.apimodel.Source,describeContents/0,false,41,0,0,0,0,1,0,3,1,0,0,0,0,0,0,0,0,0,0,1,0,0,0,0,0,0,2,1,0,false
/home/arch_design_predict/download-github-repos/mvp/repos/news-android-mvp-master/app/src/main/java/com/kintopp/pablo/newsandroidmvp/http/apimodel/Source.java,com.kintopp.pablo.newsandroidmvp.http.apimodel.Source,getId/0,false,19,0,0,0,0,1,0,3,1,0,0,0,0,0,0,0,0,0,0,0,0,0,0,0,0,0,3,1,0,false
/home/arch_design_predict/download-github-repos/mvp/repos/news-android-mvp-master/app/src/main/java/com/kintopp/pablo/newsandroidmvp/http/apimodel/Source.java,com.kintopp.pablo.newsandroidmvp.http.apimodel.Source,setName/1[java.lang.String],false,31,0,0,0,0,1,0,3,0,0,1,0,0,0,0,0,0,0,0,0,1,0,0,0,0,0,3,1,0,false
/home/arch_design_predict/download-github-repos/mvp/repos/news-android-mvp-master/app/src/main/java/com/kintopp/pablo/newsandroidmvp/http/apimodel/Source.java,com.kintopp.pablo.newsandroidmvp.http.apimodel.Source,setId/1[java.lang.String],false,23,0,0,0,0,1,0,3,0,0,1,0,0,0,0,0,0,0,0,0,1,0,0,0,0,0,3,1,0,false
/home/arch_design_predict/download-github-repos/mvp/repos/news-android-mvp-master/app/src/main/java/com/kintopp/pablo/newsandroidmvp/http/apimodel/Source.java,com.kintopp.pablo.newsandroidmvp.http.apimodel.Source,"writeToParcel/2[com.kintopp.pablo.newsandroidmvp.http.apimodel.Parcel,int]",false,46,1,0,0,0,1,1,4,0,0,2,1,0,0,0,0,0,0,0,0,0,0,0,0,0,0,6,1,0,false
/home/arch_design_predict/download-github-repos/mvp/repos/news-android-mvp-master/app/src/main/java/com/kintopp/pablo/newsandroidmvp/http/apimodel/Source.java,com.kintopp.pablo.newsandroidmvp.http.apimodel.Source,getName/0,false,27,0,1,1,0,1,0,3,1,0,0,0,0,0,0,0,0,0,0,0,0,0,0,0,0,0,3,1,0,false
/home/arch_design_predict/download-github-repos/mvp/repos/news-android-mvp-master/app/src/main/java/com/kintopp/pablo/newsandroidmvp/http/apimodel/Source.java,com.kintopp.pablo.newsandroidmvp.http.apimodel.Source,Source/1[com.kintopp.pablo.newsandroidmvp.http.apimodel.Parcel],true,35,1,0,0,0,1,1,4,0,0,1,1,0,0,0,0,0,0,0,0,2,0,0,0,0,0,5,4,0,false
/home/arch_design_predict/download-github-repos/mvp/repos/news-android-mvp-master/app/src/main/java/com/kintopp/pablo/newsandroidmvp/newslist/NewsListActivity.java,com.kintopp.pablo.newsandroidmvp.newslist.NewsListActivity,showNews/1[com.kintopp.pablo.newsandroidmvp.http.apimodel.Article],false,67,1,1,0,1,1,5,5,0,0,1,5,0,0,0,0,0,0,1,1,0,2,0,0,0,0,4,1,0,false
/home/arch_design_predict/download-github-repos/mvp/repos/news-android-mvp-master/app/src/main/java/com/kintopp/pablo/newsandroidmvp/newslist/NewsListActivity.java,com.kintopp.pablo.newsandroidmvp.newslist.NewsListActivity,onStop/0,false,103,1,1,0,1,1,2,4,0,0,0,2,0,0,0,0,0,0,0,0,0,0,0,0,0,0,2,4,0,false
/home/arch_design_predict/download-github-repos/mvp/repos/news-android-mvp-master/app/src/main/java/com/kintopp/pablo/newsandroidmvp/newslist/NewsListActivity.java,com.kintopp.pablo.newsandroidmvp.newslist.NewsListActivity,onCreate/1[com.kintopp.pablo.newsandroidmvp.newslist.Bundle],false,44,7,3,0,3,2,11,14,0,0,1,11,0,0,0,1,0,1,0,0,1,0,1,0,0,0,25,4,0,false
/home/arch_design_predict/download-github-repos/mvp/repos/news-android-mvp-master/app/src/main/java/com/kintopp/pablo/newsandroidmvp/newslist/NewsListActivity.java,com.kintopp.pablo.newsandroidmvp.newslist.NewsListActivity,onArticleClicked/1[com.kintopp.pablo.newsandroidmvp.http.apimodel.Article],false,85,4,1,0,1,1,5,8,0,2,1,5,0,0,0,0,0,0,2,0,2,1,0,0,0,0,10,1,0,false
/home/arch_design_predict/download-github-repos/mvp/repos/news-android-mvp-master/app/src/main/java/com/kintopp/pablo/newsandroidmvp/newslist/NewsListActivity.java,com.kintopp.pablo.newsandroidmvp.newslist.NewsListActivity,loadingSuccess/1[java.lang.String],false,80,0,0,0,0,1,2,3,0,0,1,2,0,0,0,0,0,0,0,0,0,0,0,0,0,0,4,1,0,false
/home/arch_design_predict/download-github-repos/mvp/repos/news-android-mvp-master/app/src/main/java/com/kintopp/pablo/newsandroidmvp/newslist/NewsListActivity.java,com.kintopp.pablo.newsandroidmvp.newslist.NewsListActivity,onResume/0,false,96,1,2,0,2,1,3,5,0,0,0,3,0,0,0,0,0,0,0,0,0,0,0,0,0,0,2,4,0,false
/home/arch_design_predict/download-github-repos/mvp/repos/news-android-mvp-master/app/src/main/java/com/kintopp/pablo/newsandroidmvp/newslist/NewsListActivity.java,com.kintopp.pablo.newsandroidmvp.newslist.NewsListActivity,loadingFailed/1[java.lang.String],false,75,0,0,0,0,1,2,3,0,0,1,2,0,0,0,0,0,0,0,0,0,0,0,0,0,0,4,1,0,false
/home/arch_design_predict/download-github-repos/mvp/repos/news-android-mvp-master/app/src/main/java/com/kintopp/pablo/newsandroidmvp/newslist/NewsListModelImpl.java,com.kintopp.pablo.newsandroidmvp.newslist.NewsListModelImpl,NewsListModelImpl/1[com.kintopp.pablo.newsandroidmvp.newslist.NewsListRepo],true,11,1,1,1,0,1,0,3,0,0,1,0,0,0,0,0,0,0,0,0,1,0,0,0,0,0,6,1,0,false
/home/arch_design_predict/download-github-repos/mvp/repos/news-android-mvp-master/app/src/main/java/com/kintopp/pablo/newsandroidmvp/newslist/NewsListModelImpl.java,com.kintopp.pablo.newsandroidmvp.newslist.NewsListModelImpl,result/0,false,18,3,1,0,1,1,1,3,1,0,0,1,0,0,0,0,0,0,0,0,0,0,0,0,0,0,1,1,0,false
/home/arch_design_predict/download-github-repos/mvp/repos/news-android-mvp-master/app/src/androidTest/java/com/kintopp/pablo/newsandroidmvp/ExampleInstrumentedTest.java,com.kintopp.pablo.newsandroidmvp.ExampleInstrumentedTest,useAppContext/0,false,21,2,0,0,0,1,3,4,0,1,0,3,0,0,0,0,0,0,1,0,1,0,0,0,0,0,6,1,0,false
/home/arch_design_predict/download-github-repos/mvp/repos/news-android-mvp-master/app/src/main/java/com/kintopp/pablo/newsandroidmvp/http/apimodel/Source.java,com.kintopp.pablo.newsandroidmvp.http.apimodel.Source$Anonymous1,newArray/1[int],false,59,2,0,0,0,1,0,3,1,0,1,0,0,0,0,0,0,0,0,0,0,0,0,0,0,0,3,1,0,false
/home/arch_design_predict/download-github-repos/mvp/repos/news-android-mvp-master/app/src/main/java/com/kintopp/pablo/newsandroidmvp/http/apimodel/Source.java,com.kintopp.pablo.newsandroidmvp.http.apimodel.Source$Anonymous1,createFromParcel/1[Parcel],false,54,2,0,0,0,1,0,3,1,0,1,0,0,0,0,0,0,0,0,0,0,0,0,0,0,0,5,1,0,false
/home/arch_design_predict/download-github-repos/mvp/repos/news-android-mvp-master/app/src/main/java/com/kintopp/pablo/newsandroidmvp/newslist/NewsListModel.java,com.kintopp.pablo.newsandroidmvp.newslist.NewsListModel,result/0,false,9,2,1,1,0,1,0,1,0,0,0,0,0,0,0,0,0,0,0,0,0,0,0,0,0,0,1,0,0,false
/home/arch_design_predict/download-github-repos/mvp/repos/news-android-mvp-master/app/src/main/java/com/kintopp/pablo/newsandroidmvp/newsdetails/NewsDetailsPresenter.java,com.kintopp.pablo.newsandroidmvp.newsdetails.NewsDetailsPresenter,destroy/0,false,11,0,0,0,0,1,0,1,0,0,0,0,0,0,0,0,0,0,0,0,0,0,0,0,0,0,1,0,0,false
/home/arch_design_predict/download-github-repos/mvp/repos/news-android-mvp-master/app/src/main/java/com/kintopp/pablo/newsandroidmvp/newsdetails/NewsDetailsPresenter.java,com.kintopp.pablo.newsandroidmvp.newsdetails.NewsDetailsPresenter,setView/1[com.kintopp.pablo.newsandroidmvp.newsdetails.NewsDetailsView],false,9,1,1,1,0,1,0,1,0,0,1,0,0,0,0,0,0,0,0,0,0,0,0,0,0,0,5,0,0,false
/home/arch_design_predict/download-github-repos/mvp/repos/news-android-mvp-master/app/src/main/java/com/kintopp/pablo/newsandroidmvp/newsdetails/NewsDetailsPresenter.java,com.kintopp.pablo.newsandroidmvp.newsdetails.NewsDetailsPresenter,showDetails/1[com.kintopp.pablo.newsandroidmvp.http.apimodel.Article],false,7,1,1,1,0,1,0,1,0,0,1,0,0,0,0,0,0,0,0,0,0,0,0,0,0,0,4,0,0,false
/home/arch_design_predict/download-github-repos/mvp/repos/news-android-mvp-master/app/src/main/java/com/kintopp/pablo/newsandroidmvp/newslist/NewsListPresenter.java,com.kintopp.pablo.newsandroidmvp.newslist.NewsListPresenter,loadNewsData/0,false,5,0,1,1,0,1,0,1,0,0,0,0,0,0,0,0,0,0,0,0,0,0,0,0,0,0,3,0,0,false
/home/arch_design_predict/download-github-repos/mvp/repos/news-android-mvp-master/app/src/main/java/com/kintopp/pablo/newsandroidmvp/newslist/NewsListPresenter.java,com.kintopp.pablo.newsandroidmvp.newslist.NewsListPresenter,setView/1[com.kintopp.pablo.newsandroidmvp.newslist.NewsListView],false,9,1,1,1,0,1,0,1,0,0,1,0,0,0,0,0,0,0,0,0,0,0,0,0,0,0,5,0,0,false
/home/arch_design_predict/download-github-repos/mvp/repos/news-android-mvp-master/app/src/main/java/com/kintopp/pablo/newsandroidmvp/newslist/NewsListPresenter.java,com.kintopp.pablo.newsandroidmvp.newslist.NewsListPresenter,rxJavaUnsubscribe/0,false,7,0,1,1,0,1,0,1,0,0,0,0,0,0,0,0,0,0,0,0,0,0,0,0,0,0,3,0,0,false
/home/arch_design_predict/download-github-repos/mvp/repos/news-android-mvp-master/app/src/main/java/com/kintopp/pablo/newsandroidmvp/http/NewsApiService.java,com.kintopp.pablo.newsandroidmvp.http.NewsApiService,"getTopHeadlines/2[java.lang.String,java.lang.Integer]",false,11,4,1,1,0,1,0,1,0,0,2,0,0,0,0,0,0,0,3,0,0,0,0,0,0,0,5,0,0,false
/home/arch_design_predict/download-github-repos/mvp/repos/news-android-mvp-master/app/src/main/java/com/kintopp/pablo/newsandroidmvp/newslist/ListAdapter.java,com.kintopp.pablo.newsandroidmvp.newslist.ListAdapter$ListItemViewHolder,ListItemViewHolder/1[com.kintopp.pablo.newsandroidmvp.newslist.View],true,62,2,1,1,0,1,2,10,0,0,1,2,0,0,0,0,0,0,0,0,0,0,0,1,0,0,9,1,0,false
/home/arch_design_predict/download-github-repos/mvp/repos/news-android-mvp-master/app/src/main/java/com/kintopp/pablo/newsandroidmvp/newsdetails/NewsDetailsPresenterImpl.java,com.kintopp.pablo.newsandroidmvp.newsdetails.NewsDetailsPresenterImpl,NewsDetailsPresenterImpl/0,true,9,0,1,1,0,1,0,2,0,0,0,0,0,0,0,0,0,0,0,0,0,0,0,0,0,0,4,1,0,false
/home/arch_design_predict/download-github-repos/mvp/repos/news-android-mvp-master/app/src/main/java/com/kintopp/pablo/newsandroidmvp/newsdetails/NewsDetailsPresenterImpl.java,com.kintopp.pablo.newsandroidmvp.newsdetails.NewsDetailsPresenterImpl,showDetails/1[com.kintopp.pablo.newsandroidmvp.http.apimodel.Article],false,13,2,1,0,1,2,1,5,0,0,1,1,0,0,0,1,0,0,0,0,0,0,1,0,0,0,6,1,0,false
/home/arch_design_predict/download-github-repos/mvp/repos/news-android-mvp-master/app/src/main/java/com/kintopp/pablo/newsandroidmvp/newsdetails/NewsDetailsPresenterImpl.java,com.kintopp.pablo.newsandroidmvp.newsdetails.NewsDetailsPresenterImpl,destroy/0,false,27,0,0,0,0,1,0,3,0,0,0,0,0,0,0,0,0,0,0,0,1,0,0,0,0,0,3,1,0,false
/home/arch_design_predict/download-github-repos/mvp/repos/news-android-mvp-master/app/src/main/java/com/kintopp/pablo/newsandroidmvp/newsdetails/NewsDetailsPresenterImpl.java,com.kintopp.pablo.newsandroidmvp.newsdetails.NewsDetailsPresenterImpl,setView/1[com.kintopp.pablo.newsandroidmvp.newsdetails.NewsDetailsView],false,22,1,0,0,0,1,0,3,0,0,1,0,0,0,0,0,0,0,0,0,1,0,0,0,0,0,5,1,0,false
/home/arch_design_predict/download-github-repos/mvp/repos/news-android-mvp-master/app/src/test/java/com/kintopp/pablo/newsandroidmvp/ExampleUnitTest.java,com.kintopp.pablo.newsandroidmvp.ExampleUnitTest,addition_isCorrect/0,false,14,1,0,0,0,1,1,3,0,0,0,1,0,0,0,0,0,0,0,3,0,1,0,0,0,0,5,1,0,false
/home/arch_design_predict/download-github-repos/mvp/repos/news-android-mvp-master/app/src/main/java/com/kintopp/pablo/newsandroidmvp/newslist/NewsListRepoImpl.java,com.kintopp.pablo.newsandroidmvp.newslist.NewsListRepoImpl,isUpdated/0,false,26,0,1,1,0,2,1,3,1,0,0,1,0,0,0,0,0,1,0,0,0,1,0,0,0,0,14,1,0,false
/home/arch_design_predict/download-github-repos/mvp/repos/news-android-mvp-master/app/src/main/java/com/kintopp/pablo/newsandroidmvp/newslist/NewsListRepoImpl.java,com.kintopp.pablo.newsandroidmvp.newslist.NewsListRepoImpl,getArticleData/0,false,52,3,2,0,2,1,3,3,1,0,0,3,2,2,0,0,0,0,0,0,0,0,0,0,0,0,6,1,0,false
/home/arch_design_predict/download-github-repos/mvp/repos/news-android-mvp-master/app/src/main/java/com/kintopp/pablo/newsandroidmvp/newslist/NewsListRepoImpl.java,com.kintopp.pablo.newsandroidmvp.newslist.NewsListRepoImpl,getArticleFromNetwork/0,false,31,3,2,1,1,1,6,4,1,3,0,6,0,0,0,0,0,0,1,1,1,0,0,0,0,2,8,1,0,false
/home/arch_design_predict/download-github-repos/mvp/repos/news-android-mvp-master/app/src/main/java/com/kintopp/pablo/newsandroidmvp/newslist/NewsListRepoImpl.java,com.kintopp.pablo.newsandroidmvp.newslist.NewsListRepoImpl,getArticleFromCache/0,false,40,3,2,1,1,2,5,10,2,0,0,5,1,1,0,0,0,0,0,0,1,0,1,0,0,0,9,1,0,false
/home/arch_design_predict/download-github-repos/mvp/repos/news-android-mvp-master/app/src/main/java/com/kintopp/pablo/newsandroidmvp/newslist/NewsListRepoImpl.java,com.kintopp.pablo.newsandroidmvp.newslist.NewsListRepoImpl,NewsListRepoImpl/1[com.kintopp.pablo.newsandroidmvp.http.NewsApiService],true,20,2,1,1,0,1,1,5,0,0,1,1,0,0,0,0,0,0,0,0,3,0,0,0,0,0,7,1,0,false
/home/arch_design_predict/download-github-repos/mvp/repos/news-android-mvp-master/app/src/main/java/com/kintopp/pablo/newsandroidmvp/newslist/NewsListRepo.java,com.kintopp.pablo.newsandroidmvp.newslist.NewsListRepo,getArticleFromNetwork/0,false,9,2,0,0,0,1,0,1,0,0,0,0,0,0,0,0,0,0,0,0,0,0,0,0,0,0,4,0,0,false
/home/arch_design_predict/download-github-repos/mvp/repos/news-android-mvp-master/app/src/main/java/com/kintopp/pablo/newsandroidmvp/newslist/NewsListRepo.java,com.kintopp.pablo.newsandroidmvp.newslist.NewsListRepo,getArticleFromCache/0,false,10,2,0,0,0,1,0,1,0,0,0,0,0,0,0,0,0,0,0,0,0,0,0,0,0,0,4,0,0,false
/home/arch_design_predict/download-github-repos/mvp/repos/news-android-mvp-master/app/src/main/java/com/kintopp/pablo/newsandroidmvp/newslist/NewsListRepo.java,com.kintopp.pablo.newsandroidmvp.newslist.NewsListRepo,getArticleData/0,false,11,2,1,1,0,1,0,1,0,0,0,0,0,0,0,0,0,0,0,0,0,0,0,0,0,0,3,0,0,false
/home/arch_design_predict/download-github-repos/mvp/repos/news-android-mvp-master/app/src/main/java/com/kintopp/pablo/newsandroidmvp/root/ApplicationModule.java,com.kintopp.pablo.newsandroidmvp.root.ApplicationModule,ApplicationModule/1[com.kintopp.pablo.newsandroidmvp.root.Application],true,16,1,1,1,0,1,0,3,0,0,1,0,0,0,0,0,0,0,0,0,1,0,0,0,0,0,3,1,0,false
/home/arch_design_predict/download-github-repos/mvp/repos/news-android-mvp-master/app/src/main/java/com/kintopp/pablo/newsandroidmvp/root/ApplicationModule.java,com.kintopp.pablo.newsandroidmvp.root.ApplicationModule,provideContext/0,false,22,4,0,0,0,1,0,3,1,0,0,0,0,0,0,0,0,0,0,0,0,0,0,0,0,0,2,1,0,false
/home/arch_design_predict/download-github-repos/mvp/repos/news-android-mvp-master/app/src/main/java/com/kintopp/pablo/newsandroidmvp/root/ApplicationComponent.java,com.kintopp.pablo.newsandroidmvp.root.ApplicationComponent,inject/1[com.kintopp.pablo.newsandroidmvp.newsdetails.NewsDetailsActivity],false,19,1,1,1,0,1,0,1,0,0,1,0,0,0,0,0,0,0,0,0,0,0,0,0,0,0,5,0,0,false
/home/arch_design_predict/download-github-repos/mvp/repos/news-android-mvp-master/app/src/main/java/com/kintopp/pablo/newsandroidmvp/root/ApplicationComponent.java,com.kintopp.pablo.newsandroidmvp.root.ApplicationComponent,inject/1[com.kintopp.pablo.newsandroidmvp.newslist.NewsListActivity],false,17,1,1,1,0,1,0,1,0,0,1,0,0,0,0,0,0,0,0,0,0,0,0,0,0,0,5,0,0,false
/home/arch_design_predict/download-github-repos/mvp/repos/news-android-mvp-master/app/src/main/java/com/kintopp/pablo/newsandroidmvp/http/NewsApiModule.java,com.kintopp.pablo.newsandroidmvp.http.NewsApiModule,provideApiService/0,false,46,3,2,0,2,1,3,3,1,0,0,3,2,1,0,0,0,0,0,0,0,0,0,0,0,0,5,1,0,false
/home/arch_design_predict/download-github-repos/mvp/repos/news-android-mvp-master/app/src/main/java/com/kintopp/pablo/newsandroidmvp/http/NewsApiModule.java,com.kintopp.pablo.newsandroidmvp.http.NewsApiModule,"provideRetrofit/2[java.lang.String,com.kintopp.pablo.newsandroidmvp.http.OkHttpClient]",false,36,3,1,1,0,1,6,3,1,0,2,6,0,0,0,0,0,0,0,0,0,0,0,0,0,0,5,1,0,false
/home/arch_design_predict/download-github-repos/mvp/repos/news-android-mvp-master/app/src/main/java/com/kintopp/pablo/newsandroidmvp/http/NewsApiModule.java,com.kintopp.pablo.newsandroidmvp.http.NewsApiModule,provideClient/0,false,22,5,1,1,0,1,8,11,2,4,0,8,0,0,0,0,0,0,1,0,4,0,1,0,0,1,12,1,0,false
/home/arch_design_predict/download-github-repos/mvp/repos/news-android-mvp-master/app/src/main/java/com/kintopp/pablo/newsandroidmvp/newslist/NewListPresenterImpl.java,com.kintopp.pablo.newsandroidmvp.newslist.NewListPresenterImpl$Anonymous1,onError/1[java.lang.Throwable],false,35,1,1,0,1,2,2,4,0,0,1,2,0,0,0,1,0,0,1,0,0,0,1,0,0,0,7,1,0,false
/home/arch_design_predict/download-github-repos/mvp/repos/news-android-mvp-master/app/src/main/java/com/kintopp/pablo/newsandroidmvp/newslist/NewListPresenterImpl.java,com.kintopp.pablo.newsandroidmvp.newslist.NewListPresenterImpl$Anonymous1,onNext/1[com.kintopp.pablo.newsandroidmvp.http.apimodel.Article],false,29,2,1,0,1,2,1,3,0,0,1,1,0,0,0,1,0,0,0,0,0,0,1,0,0,0,6,1,0,false
/home/arch_design_predict/download-github-repos/mvp/repos/news-android-mvp-master/app/src/main/java/com/kintopp/pablo/newsandroidmvp/newslist/NewListPresenterImpl.java,com.kintopp.pablo.newsandroidmvp.newslist.NewListPresenterImpl$Anonymous1,onComplete/0,false,43,1,1,0,1,2,1,3,0,0,0,1,0,0,0,1,0,0,1,0,0,0,1,0,0,0,7,1,0,false
/home/arch_design_predict/download-github-repos/mvp/repos/news-android-mvp-master/app/src/main/java/com/kintopp/pablo/newsandroidmvp/http/apimodel/Article.java,com.kintopp.pablo.newsandroidmvp.http.apimodel.Article,getPublishedAt/0,false,100,0,1,1,0,1,0,3,1,0,0,0,0,0,0,0,0,0,0,0,0,0,0,0,0,0,4,1,0,false
/home/arch_design_predict/download-github-repos/mvp/repos/news-android-mvp-master/app/src/main/java/com/kintopp/pablo/newsandroidmvp/http/apimodel/Article.java,com.kintopp.pablo.newsandroidmvp.http.apimodel.Article,getTitle/0,false,68,0,4,4,0,1,0,3,1,0,0,0,0,0,0,0,0,0,0,0,0,0,0,0,0,0,3,1,0,false
/home/arch_design_predict/download-github-repos/mvp/repos/news-android-mvp-master/app/src/main/java/com/kintopp/pablo/newsandroidmvp/http/apimodel/Article.java,com.kintopp.pablo.newsandroidmvp.http.apimodel.Article,getDescription/0,false,76,0,0,0,0,1,0,3,1,0,0,0,0,0,0,0,0,0,0,0,0,0,0,0,0,0,3,1,0,false
/home/arch_design_predict/download-github-repos/mvp/repos/news-android-mvp-master/app/src/main/java/com/kintopp/pablo/newsandroidmvp/http/apimodel/Article.java,com.kintopp.pablo.newsandroidmvp.http.apimodel.Article,setAuthor/1[java.lang.String],false,64,0,0,0,0,1,0,3,0,0,1,0,0,0,0,0,0,0,0,0,1,0,0,0,0,0,3,1,0,false
/home/arch_design_predict/download-github-repos/mvp/repos/news-android-mvp-master/app/src/main/java/com/kintopp/pablo/newsandroidmvp/http/apimodel/Article.java,com.kintopp.pablo.newsandroidmvp.http.apimodel.Article,Article/0,true,37,0,0,0,0,1,0,2,0,0,0,0,0,0,0,0,0,0,0,0,0,0,0,0,0,0,1,1,0,false
/home/arch_design_predict/download-github-repos/mvp/repos/news-android-mvp-master/app/src/main/java/com/kintopp/pablo/newsandroidmvp/http/apimodel/Article.java,com.kintopp.pablo.newsandroidmvp.http.apimodel.Article,setPublishedAt/1[java.lang.String],false,104,0,0,0,0,1,0,3,0,0,1,0,0,0,0,0,0,0,0,0,1,0,0,0,0,0,4,1,0,false
/home/arch_design_predict/download-github-repos/mvp/repos/news-android-mvp-master/app/src/main/java/com/kintopp/pablo/newsandroidmvp/http/apimodel/Article.java,com.kintopp.pablo.newsandroidmvp.http.apimodel.Article,getUrl/0,false,84,0,0,0,0,1,0,3,1,0,0,0,0,0,0,0,0,0,0,0,0,0,0,0,0,0,3,1,0,false
/home/arch_design_predict/download-github-repos/mvp/repos/news-android-mvp-master/app/src/main/java/com/kintopp/pablo/newsandroidmvp/http/apimodel/Article.java,com.kintopp.pablo.newsandroidmvp.http.apimodel.Article,getContent/0,false,108,0,1,1,0,2,2,9,2,1,0,2,0,0,0,0,0,0,1,2,1,0,1,0,0,0,5,1,0,false
/home/arch_design_predict/download-github-repos/mvp/repos/news-android-mvp-master/app/src/main/java/com/kintopp/pablo/newsandroidmvp/http/apimodel/Article.java,com.kintopp.pablo.newsandroidmvp.http.apimodel.Article,getUrlToImage/0,false,92,0,2,2,0,1,0,3,1,0,0,0,0,0,0,0,0,0,0,0,0,0,0,0,0,0,5,1,0,false
/home/arch_design_predict/download-github-repos/mvp/repos/news-android-mvp-master/app/src/main/java/com/kintopp/pablo/newsandroidmvp/http/apimodel/Article.java,com.kintopp.pablo.newsandroidmvp.http.apimodel.Article,setUrlToImage/1[java.lang.String],false,96,0,0,0,0,1,0,3,0,0,1,0,0,0,0,0,0,0,0,0,1,0,0,0,0,0,5,1,0,false
/home/arch_design_predict/download-github-repos/mvp/repos/news-android-mvp-master/app/src/main/java/com/kintopp/pablo/newsandroidmvp/http/apimodel/Article.java,com.kintopp.pablo.newsandroidmvp.http.apimodel.Article,setDescription/1[java.lang.String],false,80,0,0,0,0,1,0,3,0,0,1,0,0,0,0,0,0,0,0,0,1,0,0,0,0,0,3,1,0,false
/home/arch_design_predict/download-github-repos/mvp/repos/news-android-mvp-master/app/src/main/java/com/kintopp/pablo/newsandroidmvp/http/apimodel/Article.java,com.kintopp.pablo.newsandroidmvp.http.apimodel.Article,Article/1[com.kintopp.pablo.newsandroidmvp.http.apimodel.Parcel],true,40,2,0,0,0,1,3,10,0,0,1,3,0,0,0,0,0,0,0,0,8,0,0,0,0,0,14,4,0,false
/home/arch_design_predict/download-github-repos/mvp/repos/news-android-mvp-master/app/src/main/java/com/kintopp/pablo/newsandroidmvp/http/apimodel/Article.java,com.kintopp.pablo.newsandroidmvp.http.apimodel.Article,setTitle/1[java.lang.String],false,72,0,0,0,0,1,0,3,0,0,1,0,0,0,0,0,0,0,0,0,1,0,0,0,0,0,3,1,0,false
/home/arch_design_predict/download-github-repos/mvp/repos/news-android-mvp-master/app/src/main/java/com/kintopp/pablo/newsandroidmvp/http/apimodel/Article.java,com.kintopp.pablo.newsandroidmvp.http.apimodel.Article,getSource/0,false,52,1,1,1,0,1,0,3,1,0,0,0,0,0,0,0,0,0,0,0,0,0,0,0,0,0,3,1,0,false
/home/arch_design_predict/download-github-repos/mvp/repos/news-android-mvp-master/app/src/main/java/com/kintopp/pablo/newsandroidmvp/http/apimodel/Article.java,com.kintopp.pablo.newsandroidmvp.http.apimodel.Article,setContent/1[java.lang.String],false,117,0,0,0,0,2,2,9,0,1,1,2,0,0,0,0,0,0,1,2,3,0,1,0,0,0,6,1,0,false
/home/arch_design_predict/download-github-repos/mvp/repos/news-android-mvp-master/app/src/main/java/com/kintopp/pablo/newsandroidmvp/http/apimodel/Article.java,com.kintopp.pablo.newsandroidmvp.http.apimodel.Article,setUrl/1[java.lang.String],false,88,0,0,0,0,1,0,3,0,0,1,0,0,0,0,0,0,0,0,0,1,0,0,0,0,0,3,1,0,false
/home/arch_design_predict/download-github-repos/mvp/repos/news-android-mvp-master/app/src/main/java/com/kintopp/pablo/newsandroidmvp/http/apimodel/Article.java,com.kintopp.pablo.newsandroidmvp.http.apimodel.Article,getAuthor/0,false,60,0,0,0,0,1,0,3,1,0,0,0,0,0,0,0,0,0,0,0,0,0,0,0,0,0,3,1,0,false
/home/arch_design_predict/download-github-repos/mvp/repos/news-android-mvp-master/app/src/main/java/com/kintopp/pablo/newsandroidmvp/http/apimodel/Article.java,com.kintopp.pablo.newsandroidmvp.http.apimodel.Article,"writeToParcel/2[com.kintopp.pablo.newsandroidmvp.http.apimodel.Parcel,int]",false,133,1,0,0,0,1,2,10,0,0,2,2,0,0,0,0,0,0,0,0,0,0,0,0,0,0,13,1,0,false
/home/arch_design_predict/download-github-repos/mvp/repos/news-android-mvp-master/app/src/main/java/com/kintopp/pablo/newsandroidmvp/http/apimodel/Article.java,com.kintopp.pablo.newsandroidmvp.http.apimodel.Article,setSource/1[com.kintopp.pablo.newsandroidmvp.http.apimodel.Source],false,56,1,0,0,0,1,0,3,0,0,1,0,0,0,0,0,0,0,0,0,1,0,0,0,0,0,3,1,0,false
/home/arch_design_predict/download-github-repos/mvp/repos/news-android-mvp-master/app/src/main/java/com/kintopp/pablo/newsandroidmvp/http/apimodel/Article.java,com.kintopp.pablo.newsandroidmvp.http.apimodel.Article,describeContents/0,false,128,0,0,0,0,1,0,3,1,0,0,0,0,0,0,0,0,0,0,1,0,0,0,0,0,0,2,1,0,false
/home/arch_design_predict/download-github-repos/mvp/repos/news-android-mvp-master/app/src/main/java/com/kintopp/pablo/newsandroidmvp/newslist/ListAdapter.java,com.kintopp.pablo.newsandroidmvp.newslist.ListAdapter,"onCreateViewHolder/2[com.kintopp.pablo.newsandroidmvp.newslist.ViewGroup,int]",false,34,4,1,0,1,1,3,5,1,1,2,3,0,0,0,0,0,0,0,0,2,0,0,0,0,0,10,1,0,false
/home/arch_design_predict/download-github-repos/mvp/repos/news-android-mvp-master/app/src/main/java/com/kintopp/pablo/newsandroidmvp/newslist/ListAdapter.java,com.kintopp.pablo.newsandroidmvp.newslist.ListAdapter,getItemCount/0,false,48,0,0,0,0,1,1,3,1,0,0,1,0,0,0,0,0,0,0,0,0,0,0,0,0,0,3,1,0,false
/home/arch_design_predict/download-github-repos/mvp/repos/news-android-mvp-master/app/src/main/java/com/kintopp/pablo/newsandroidmvp/newslist/ListAdapter.java,com.kintopp.pablo.newsandroidmvp.newslist.ListAdapter,"ListAdapter/2[java.util.List<com.kintopp.pablo.newsandroidmvp.http.apimodel.Article>,com.kintopp.pablo.newsandroidmvp.newslist.NewsListView]",true,27,2,1,1,0,1,0,4,0,0,2,0,0,0,0,0,0,0,0,0,2,0,0,0,0,0,5,1,0,false
/home/arch_design_predict/download-github-repos/mvp/repos/news-android-mvp-master/app/src/main/java/com/kintopp/pablo/newsandroidmvp/newslist/ListAdapter.java,com.kintopp.pablo.newsandroidmvp.newslist.ListAdapter,"onBindViewHolder/2[com.kintopp.pablo.newsandroidmvp.newslist.ListAdapter.ListItemViewHolder,int]",false,41,3,2,0,2,1,7,5,0,0,2,7,0,0,0,0,0,0,0,0,1,0,0,0,0,0,8,1,0,false
/home/arch_design_predict/download-github-repos/mvp/repos/news-android-mvp-master/app/src/main/java/com/kintopp/pablo/newsandroidmvp/newslist/NewsListModule.java,com.kintopp.pablo.newsandroidmvp.newslist.NewsListModule,provideNewsListModel/1[com.kintopp.pablo.newsandroidmvp.newslist.NewsListRepo],false,19,4,1,0,1,1,0,3,1,0,1,0,0,0,0,0,0,0,0,0,0,0,0,0,0,0,7,0,0,false
/home/arch_design_predict/download-github-repos/mvp/repos/news-android-mvp-master/app/src/main/java/com/kintopp/pablo/newsandroidmvp/newslist/NewsListModule.java,com.kintopp.pablo.newsandroidmvp.newslist.NewsListModule,provideNewsListPresenter/1[com.kintopp.pablo.newsandroidmvp.newslist.NewsListModel],false,14,4,1,0,1,1,0,3,1,0,1,0,0,0,0,0,0,0,0,0,0,0,0,0,0,0,8,1,0,false
/home/arch_design_predict/download-github-repos/mvp/repos/news-android-mvp-master/app/src/main/java/com/kintopp/pablo/newsandroidmvp/newslist/NewsListModule.java,com.kintopp.pablo.newsandroidmvp.newslist.NewsListModule,provideNewListRepo/1[com.kintopp.pablo.newsandroidmvp.http.NewsApiService],false,25,5,1,0,1,1,0,3,1,0,1,0,0,0,0,0,0,0,0,0,0,0,0,0,0,0,9,0,0,false
/home/arch_design_predict/download-github-repos/mvp/repos/news-android-mvp-master/app/src/main/java/com/kintopp/pablo/newsandroidmvp/newslist/NewListPresenterImpl.java,com.kintopp.pablo.newsandroidmvp.newslist.NewListPresenterImpl,loadNewsData/0,false,22,2,1,0,1,1,6,15,0,0,0,6,0,0,0,0,0,0,0,0,1,0,0,1,0,0,18,1,0,false
/home/arch_design_predict/download-github-repos/mvp/repos/news-android-mvp-master/app/src/main/java/com/kintopp/pablo/newsandroidmvp/newslist/NewListPresenterImpl.java,com.kintopp.pablo.newsandroidmvp.newslist.NewListPresenterImpl,setView/1[com.kintopp.pablo.newsandroidmvp.newslist.NewsListView],false,60,1,0,0,0,1,0,3,0,0,1,0,0,0,0,0,0,0,0,0,1,0,0,0,0,0,5,1,0,false
/home/arch_design_predict/download-github-repos/mvp/repos/news-android-mvp-master/app/src/main/java/com/kintopp/pablo/newsandroidmvp/newslist/NewListPresenterImpl.java,com.kintopp.pablo.newsandroidmvp.newslist.NewListPresenterImpl,NewListPresenterImpl/1[com.kintopp.pablo.newsandroidmvp.newslist.NewsListModel],true,17,1,1,1,0,1,0,3,0,0,1,0,0,0,0,0,0,0,0,0,1,0,0,0,0,0,7,1,0,false
/home/arch_design_predict/download-github-repos/mvp/repos/news-android-mvp-master/app/src/main/java/com/kintopp/pablo/newsandroidmvp/newslist/NewListPresenterImpl.java,com.kintopp.pablo.newsandroidmvp.newslist.NewListPresenterImpl,rxJavaUnsubscribe/0,false,53,0,0,0,0,3,2,5,0,0,0,2,0,0,0,1,0,0,0,0,0,0,1,0,0,0,5,1,0,false
/home/arch_design_predict/download-github-repos/mvp/repos/news-android-mvp-master/app/src/main/java/com/kintopp/pablo/newsandroidmvp/root/App.java,com.kintopp.pablo.newsandroidmvp.root.App,onCreate/0,false,14,4,4,0,4,1,7,4,0,0,0,7,0,0,0,0,0,0,0,0,1,0,0,0,0,0,9,1,0,false
/home/arch_design_predict/download-github-repos/mvp/repos/news-android-mvp-master/app/src/main/java/com/kintopp/pablo/newsandroidmvp/root/App.java,com.kintopp.pablo.newsandroidmvp.root.App,getComponent/0,false,25,1,2,2,0,1,0,3,1,0,0,0,0,0,0,0,0,0,0,0,0,0,0,0,0,0,4,1,0,false
