file,class,type,cbo,cboModified,fanin,fanout,wmc,dit,noc,rfc,lcom,lcom*,tcc,lcc,totalMethodsQty,staticMethodsQty,publicMethodsQty,privateMethodsQty,protectedMethodsQty,defaultMethodsQty,visibleMethodsQty,abstractMethodsQty,finalMethodsQty,synchronizedMethodsQty,totalFieldsQty,staticFieldsQty,publicFieldsQty,privateFieldsQty,protectedFieldsQty,defaultFieldsQty,finalFieldsQty,synchronizedFieldsQty,nosi,loc,returnQty,loopQty,comparisonsQty,tryCatchQty,parenthesizedExpsQty,stringLiteralsQty,numbersQty,assignmentsQty,mathOperationsQty,variablesQty,maxNestedBlocksQty,anonymousClassesQty,innerClassesQty,lambdasQty,uniqueWordsQty,modifiers,logStatementsQty
/home/arch_design_predict/download-github-repos/mvvm/repos/LoftCoin-master/app/src/main/java/com/annasedykh/loftcoin/screens/currencies/CurrenciesAdapter.java,com.annasedykh.loftcoin.screens.currencies.CurrenciesAdapter,class,8,9,1,8,5,2,0,8,2,0.5,0.4,0.6,5,0,5,0,0,0,5,0,0,0,2,0,0,2,0,0,0,0,1,56,2,0,0,0,0,0,0,4,0,3,0,0,1,0,24,1,0
/home/arch_design_predict/download-github-repos/mvvm/repos/LoftCoin-master/app/src/main/java/com/annasedykh/loftcoin/screens/start/StartPresenterImpl.java,com.annasedykh.loftcoin.screens.start.StartPresenterImpl,class,10,11,1,10,5,1,0,17,0,0.5,0.6666667,1.0,4,0,3,0,0,1,4,0,0,0,7,1,0,7,0,0,1,0,0,39,1,0,1,0,0,3,0,11,0,13,2,0,0,3,33,0,0
/home/arch_design_predict/download-github-repos/mvvm/repos/LoftCoin-master/app/src/main/java/com/annasedykh/loftcoin/screens/welcome/WelcomePage.java,com.annasedykh.loftcoin.screens.welcome.WelcomePage,class,6,10,4,6,7,1,0,2,0,0.53571427,0.5714286,0.71428573,7,0,6,0,1,0,7,0,0,0,4,1,1,3,0,0,1,0,0,41,4,0,0,0,0,0,1,7,0,4,0,1,0,0,23,1,0
/home/arch_design_predict/download-github-repos/mvvm/repos/LoftCoin-master/app/src/main/java/com/annasedykh/loftcoin/job/JobHelperImpl.java,com.annasedykh.loftcoin.job.JobHelperImpl,class,7,8,1,7,4,1,0,13,0,0.25,1.0,1.0,2,0,2,0,0,0,2,0,0,0,2,1,0,2,0,0,1,0,0,21,1,0,2,0,0,2,2,7,1,7,1,0,0,0,37,1,0
/home/arch_design_predict/download-github-repos/mvvm/repos/LoftCoin-master/app/src/main/java/com/annasedykh/loftcoin/data/db/model/WalletEntity.java,com.annasedykh.loftcoin.data.db.model.WalletEntity,class,3,9,6,3,2,1,0,0,1,0.5,0.0,0.0,2,0,2,0,0,0,2,0,0,0,3,0,3,0,0,0,0,0,0,12,0,0,0,0,0,0,0,3,0,3,0,0,0,0,9,1,0
/home/arch_design_predict/download-github-repos/mvvm/repos/LoftCoin-master/app/src/main/java/com/annasedykh/loftcoin/screens/main/rate/CurrencyDialog.java,com.annasedykh.loftcoin.screens.main.rate.CurrencyDialog,class,7,8,1,7,2,2,0,9,0,0.5,1.0,1.0,2,0,2,0,0,0,2,0,0,0,2,1,1,1,0,0,1,0,0,33,1,0,0,0,0,1,0,7,0,10,1,0,1,3,26,1,0
/home/arch_design_predict/download-github-repos/mvvm/repos/LoftCoin-master/app/src/main/java/com/annasedykh/loftcoin/screens/currencies/CurrenciesAdapter.java,com.annasedykh.loftcoin.screens.currencies.CurrenciesAdapter$CurrencyViewHolder,innerclass,9,9,0,9,6,2,0,13,6,0.75,0.0,0.0,4,0,2,2,0,0,2,0,0,0,3,0,0,0,0,3,0,0,2,35,0,0,2,0,0,0,1,1,0,5,2,0,0,1,21,0,0
/home/arch_design_predict/download-github-repos/mvvm/repos/LoftCoin-master/app/src/main/java/com/annasedykh/loftcoin/screens/main/MainActivity.java,com.annasedykh.loftcoin.screens.main.MainActivity$Anonymous1,anonymous,3,3,0,3,1,1,0,2,0,0.0,NaN,NaN,1,0,1,0,0,0,1,0,0,0,0,0,0,0,0,0,0,0,0,6,1,0,0,0,0,0,0,0,0,0,0,0,0,0,7,-1,0
/home/arch_design_predict/download-github-repos/mvvm/repos/LoftCoin-master/app/src/test/java/com/annasedykh/loftcoin/ExampleUnitTest.java,com.annasedykh.loftcoin.ExampleUnitTest,class,1,1,0,1,1,1,0,1,0,0.0,NaN,NaN,1,0,1,0,0,0,1,0,0,0,0,0,0,0,0,0,0,0,0,5,0,0,0,0,0,0,3,0,1,0,0,0,0,0,22,1,0
/home/arch_design_predict/download-github-repos/mvvm/repos/LoftCoin-master/app/src/main/java/com/annasedykh/loftcoin/job/JobHelper.java,com.annasedykh.loftcoin.job.JobHelper,interface,0,3,3,0,1,1,0,0,0,0.0,NaN,NaN,1,0,0,0,0,1,1,0,0,0,0,0,0,0,0,0,0,0,0,3,0,0,0,0,0,0,0,0,0,0,0,0,0,0,6,1,0
/home/arch_design_predict/download-github-repos/mvvm/repos/LoftCoin-master/app/src/main/java/com/annasedykh/loftcoin/utils/SingleLiveEvent.java,com.annasedykh.loftcoin.utils.SingleLiveEvent,class,7,9,2,7,5,2,0,8,1,0.5,0.33333334,0.33333334,3,0,2,0,0,1,3,0,0,0,2,1,0,2,0,0,1,0,0,22,0,0,0,0,0,2,0,2,0,3,2,0,0,1,30,1,0
/home/arch_design_predict/download-github-repos/mvvm/repos/LoftCoin-master/app/src/main/java/com/annasedykh/loftcoin/screens/main/MainView.java,com.annasedykh.loftcoin.screens.main.MainView,interface,0,3,3,0,3,1,0,0,3,0.0,0.0,0.0,3,0,0,0,0,3,3,0,0,0,0,0,0,0,0,0,0,0,0,5,0,0,0,0,0,0,0,0,0,0,0,0,0,0,7,1,0
/home/arch_design_predict/download-github-repos/mvvm/repos/LoftCoin-master/app/src/main/java/com/annasedykh/loftcoin/screens/start/StartActivity.java,com.annasedykh.loftcoin.screens.start.StartActivity,class,19,22,3,19,6,2,0,24,7,0.61111116,0.1,0.1,6,1,2,1,3,0,5,0,0,0,3,0,0,1,0,2,0,0,1,48,0,0,0,0,3,2,6,9,0,11,0,0,0,0,53,1,0
/home/arch_design_predict/download-github-repos/mvvm/repos/LoftCoin-master/app/src/main/java/com/annasedykh/loftcoin/data/db/realm/DatabaseRealmImpl.java,com.annasedykh.loftcoin.data.db.realm.DatabaseRealmImpl,class,7,8,1,7,9,1,0,13,0,0.0,1.0,1.0,9,0,9,0,0,0,9,0,0,0,1,0,0,1,0,0,0,0,0,39,4,0,0,0,0,3,0,4,0,4,0,0,0,0,22,1,0
/home/arch_design_predict/download-github-repos/mvvm/repos/LoftCoin-master/app/src/main/java/com/annasedykh/loftcoin/screens/main/MainActivity.java,com.annasedykh.loftcoin.screens.main.MainActivity,class,16,19,3,16,7,2,0,15,9,0.6666667,0.06666667,0.06666667,6,1,4,0,2,0,6,0,0,0,3,0,0,2,0,1,0,0,0,55,0,0,1,0,0,0,0,12,0,14,1,1,0,1,43,1,0
/home/arch_design_predict/download-github-repos/mvvm/repos/LoftCoin-master/app/src/main/java/com/annasedykh/loftcoin/screens/main/converter/ConverterFragment.java,com.annasedykh.loftcoin.screens.main.converter.ConverterFragment$Anonymous1,anonymous,2,2,0,2,1,1,0,1,0,0.0,NaN,NaN,1,0,1,0,0,0,1,0,0,0,0,0,0,0,0,0,0,0,0,5,0,0,0,0,0,0,0,0,0,0,0,0,0,0,6,-1,0
/home/arch_design_predict/download-github-repos/mvvm/repos/LoftCoin-master/app/src/main/java/com/annasedykh/loftcoin/data/db/model/QuoteEntity.java,com.annasedykh.loftcoin.data.db.model.QuoteEntity,class,1,7,6,1,0,1,0,0,0,NaN,-1.0,-1.0,0,0,0,0,0,0,0,0,0,0,4,0,4,0,0,0,0,0,0,6,0,0,0,0,0,0,0,0,0,4,0,0,0,0,10,1,0
/home/arch_design_predict/download-github-repos/mvvm/repos/LoftCoin-master/app/src/main/java/com/annasedykh/loftcoin/screens/main/wallets/WalletsViewModel.java,com.annasedykh.loftcoin.screens.main.wallets.WalletsViewModel,class,7,10,3,7,10,2,1,0,45,0.0,0.0,0.0,10,0,10,0,0,0,10,9,0,0,0,0,0,0,0,0,0,0,0,14,0,0,0,0,0,0,0,0,0,0,0,0,0,0,23,1025,0
/home/arch_design_predict/download-github-repos/mvvm/repos/LoftCoin-master/app/src/main/java/com/annasedykh/loftcoin/screens/main/converter/ConverterFragment.java,com.annasedykh.loftcoin.screens.main.converter.ConverterFragment$Anonymous2,anonymous,2,2,0,2,1,1,0,1,0,0.0,NaN,NaN,1,0,1,0,0,0,1,0,0,0,0,0,0,0,0,0,0,0,0,5,0,0,0,0,0,0,0,0,0,0,0,0,0,0,6,-1,0
/home/arch_design_predict/download-github-repos/mvvm/repos/LoftCoin-master/app/src/main/java/com/annasedykh/loftcoin/screens/main/MainPresenter.java,com.annasedykh.loftcoin.screens.main.MainPresenter,interface,1,4,3,1,3,1,0,0,3,0.0,0.0,0.0,3,0,0,0,0,3,3,0,0,0,0,0,0,0,0,0,0,0,0,5,0,0,0,0,0,0,0,0,0,0,0,0,0,0,12,1,0
/home/arch_design_predict/download-github-repos/mvvm/repos/LoftCoin-master/app/src/main/java/com/annasedykh/loftcoin/data/db/Database.java,com.annasedykh.loftcoin.data.db.Database,interface,4,15,11,4,9,1,0,0,36,0.0,0.0,0.0,9,0,0,0,0,9,9,0,0,0,0,0,0,0,0,0,0,0,0,11,0,0,0,0,0,0,0,0,0,0,0,0,0,0,17,1,0
/home/arch_design_predict/download-github-repos/mvvm/repos/LoftCoin-master/app/src/main/java/com/annasedykh/loftcoin/screens/main/wallets/WalletsFragment.java,com.annasedykh.loftcoin.screens.main.wallets.WalletsFragment,class,28,30,2,28,16,2,0,57,27,0.76363635,0.33333334,0.6666667,11,0,6,5,0,0,6,0,0,0,10,1,0,6,0,4,1,0,0,123,4,0,3,0,3,1,2,19,2,29,2,1,1,7,95,1,0
/home/arch_design_predict/download-github-repos/mvvm/repos/LoftCoin-master/app/src/androidTest/java/com/annasedykh/loftcoin/ExampleInstrumentedTest.java,com.annasedykh.loftcoin.ExampleInstrumentedTest,class,4,4,0,4,1,1,0,3,0,0.0,NaN,NaN,1,0,1,0,0,0,1,0,0,0,0,0,0,0,0,0,0,0,0,6,0,0,0,0,0,1,0,1,0,1,0,0,0,0,19,1,0
/home/arch_design_predict/download-github-repos/mvvm/repos/LoftCoin-master/app/src/main/java/com/annasedykh/loftcoin/screens/currencies/CurrenciesBottomSheetListener.java,com.annasedykh.loftcoin.screens.currencies.CurrenciesBottomSheetListener,interface,1,4,3,1,1,1,0,0,0,0.0,NaN,NaN,1,0,0,0,0,1,1,0,0,0,0,0,0,0,0,0,0,0,0,3,0,0,0,0,0,0,0,0,0,0,0,0,0,0,10,1,0
/home/arch_design_predict/download-github-repos/mvvm/repos/LoftCoin-master/app/src/main/java/com/annasedykh/loftcoin/data/api/model/Coin.java,com.annasedykh.loftcoin.data.api.model.Coin,class,2,4,2,2,0,1,0,0,0,NaN,-1.0,-1.0,0,0,0,0,0,0,0,0,0,0,7,0,7,0,0,0,0,0,0,9,0,0,0,0,0,3,0,0,0,7,0,0,0,0,9,1,0
/home/arch_design_predict/download-github-repos/mvvm/repos/LoftCoin-master/app/src/main/java/com/annasedykh/loftcoin/utils/CurrencyFormatter.java,com.annasedykh.loftcoin.utils.CurrencyFormatter,class,0,5,5,0,4,1,0,5,0,0.5,1.0,1.0,3,0,3,0,0,0,3,0,0,0,4,3,0,4,0,0,3,0,0,26,2,0,0,0,0,3,0,5,0,5,1,0,0,0,25,1,0
/home/arch_design_predict/download-github-repos/mvvm/repos/LoftCoin-master/app/src/main/java/com/annasedykh/loftcoin/screens/main/rate/RateAdapter.java,com.annasedykh.loftcoin.screens.main.rate.RateAdapter,class,9,10,1,9,7,2,0,8,5,0.61904764,0.3809524,0.52380955,7,0,5,0,0,2,7,0,0,0,3,0,0,3,0,0,0,0,1,110,3,0,0,0,0,0,0,6,0,4,0,0,2,0,27,0,0
/home/arch_design_predict/download-github-repos/mvvm/repos/LoftCoin-master/app/src/main/java/com/annasedykh/loftcoin/data/prefs/Prefs.java,com.annasedykh.loftcoin.data.prefs.Prefs,interface,1,18,17,1,4,1,0,0,6,0.0,0.0,0.0,4,0,0,0,0,4,4,0,0,0,0,0,0,0,0,0,0,0,0,6,0,0,0,0,0,0,0,0,0,0,0,0,0,0,10,1,0
/home/arch_design_predict/download-github-repos/mvvm/repos/LoftCoin-master/app/src/main/java/com/annasedykh/loftcoin/screens/main/rate/RateFragment.java,com.annasedykh.loftcoin.screens.main.rate.RateFragment,class,33,34,1,33,18,2,0,42,36,0.8230769,0.26923078,0.47435898,13,0,13,0,0,0,13,0,0,0,10,1,0,5,0,5,1,0,0,96,4,0,4,0,5,1,0,15,0,19,1,0,0,1,93,1,0
/home/arch_design_predict/download-github-repos/mvvm/repos/LoftCoin-master/app/src/main/java/com/annasedykh/loftcoin/data/api/model/Quote.java,com.annasedykh.loftcoin.data.api.model.Quote,class,1,3,2,1,0,1,0,0,0,NaN,-1.0,-1.0,0,0,0,0,0,0,0,0,0,0,4,0,4,0,0,0,0,0,0,6,0,0,0,0,0,3,0,0,0,4,0,0,0,0,7,1,0
/home/arch_design_predict/download-github-repos/mvvm/repos/LoftCoin-master/app/src/main/java/com/annasedykh/loftcoin/data/model/Currency.java,com.annasedykh.loftcoin.data.model.Currency,enum,2,7,5,2,3,1,0,1,1,0.5,0.0,0.0,2,1,1,0,0,1,2,0,0,0,1,0,1,0,0,0,0,0,1,13,2,0,0,1,0,0,0,1,0,1,1,0,0,0,25,1,0
/home/arch_design_predict/download-github-repos/mvvm/repos/LoftCoin-master/app/src/main/java/com/annasedykh/loftcoin/screens/main/rate/RatePresenterImpl.java,com.annasedykh.loftcoin.screens.main.rate.RatePresenterImpl,class,13,15,2,13,17,1,0,27,2,0.691358,0.39285713,0.75,9,0,7,1,0,1,8,0,0,0,9,1,0,9,0,0,1,0,0,90,1,0,5,0,0,4,0,14,0,18,3,0,0,5,51,0,0
/home/arch_design_predict/download-github-repos/mvvm/repos/LoftCoin-master/app/src/main/java/com/annasedykh/loftcoin/App.java,com.annasedykh.loftcoin.App,class,8,17,9,8,4,2,0,3,2,0.5,0.33333334,0.5,4,0,4,0,0,0,4,0,0,0,2,0,0,2,0,0,0,0,0,19,3,0,0,0,0,0,0,2,0,2,0,0,0,0,13,1,0
/home/arch_design_predict/download-github-repos/mvvm/repos/LoftCoin-master/app/src/main/java/com/annasedykh/loftcoin/data/db/DatabaseInitializer.java,com.annasedykh.loftcoin.data.db.DatabaseInitializer,class,2,3,1,2,1,1,0,5,0,0.0,NaN,NaN,1,0,1,0,0,0,1,0,0,0,0,0,0,0,0,0,0,0,0,7,0,0,0,0,0,1,1,1,0,1,0,0,0,0,8,1,0
/home/arch_design_predict/download-github-repos/mvvm/repos/LoftCoin-master/app/src/main/java/com/annasedykh/loftcoin/screens/main/rate/CurrencyDialog.java,com.annasedykh.loftcoin.screens.main.rate.CurrencyDialog$CurrencyDialogListener,interface,1,1,0,1,1,1,0,0,0,0.0,NaN,NaN,1,0,0,0,0,1,1,0,0,0,0,0,0,0,0,0,0,0,0,3,0,0,0,0,0,0,0,0,0,0,0,0,0,0,7,1,0
/home/arch_design_predict/download-github-repos/mvvm/repos/LoftCoin-master/app/src/main/java/com/annasedykh/loftcoin/screens/main/wallets/WalletsFragment.java,com.annasedykh.loftcoin.screens.main.wallets.WalletsFragment$ZoomOutPageTransformer,innerclass,2,2,0,2,3,1,0,5,0,0.0,NaN,NaN,1,0,1,0,0,0,1,0,0,0,2,2,0,2,0,0,2,0,2,18,0,0,0,0,3,0,9,3,7,3,1,0,0,0,20,1,0
/home/arch_design_predict/download-github-repos/mvvm/repos/LoftCoin-master/app/src/main/java/com/annasedykh/loftcoin/screens/main/MainPresenterImpl.java,com.annasedykh.loftcoin.screens.main.MainPresenterImpl,class,3,4,1,3,7,1,0,3,0,0.0,1.0,1.0,3,0,3,0,0,0,3,0,0,0,1,0,0,1,0,0,0,0,0,24,0,0,1,0,0,0,0,2,0,1,2,0,0,0,14,0,0
/home/arch_design_predict/download-github-repos/mvvm/repos/LoftCoin-master/app/src/main/java/com/annasedykh/loftcoin/screens/welcome/WelcomePage.java,com.annasedykh.loftcoin.screens.welcome.WelcomePage$Anonymous1,anonymous,2,2,0,2,2,1,0,0,1,0.0,0.0,0.0,2,0,2,0,0,0,2,0,0,0,0,0,0,0,0,0,0,0,0,8,2,0,0,0,0,0,0,0,0,0,0,0,0,0,9,-1,0
/home/arch_design_predict/download-github-repos/mvvm/repos/LoftCoin-master/app/src/main/java/com/annasedykh/loftcoin/screens/main/wallets/WalletsFragment.java,com.annasedykh.loftcoin.screens.main.wallets.WalletsFragment$Anonymous1,anonymous,1,1,0,1,1,1,0,1,0,0.0,NaN,NaN,1,0,1,0,0,0,1,0,0,0,0,0,0,0,0,0,0,0,0,5,0,0,0,0,0,0,0,0,0,0,0,0,0,0,4,-1,0
/home/arch_design_predict/download-github-repos/mvvm/repos/LoftCoin-master/app/src/main/java/com/annasedykh/loftcoin/screens/main/rate/RateAdapter.java,com.annasedykh.loftcoin.screens.main.rate.RateAdapter$RateViewHolder,innerclass,16,16,0,16,12,2,0,28,16,0.8125,0.0,0.0,8,0,0,6,0,2,2,0,0,0,10,1,0,5,0,5,0,0,2,79,1,0,3,0,0,0,10,13,1,19,2,0,0,1,45,8,0
/home/arch_design_predict/download-github-repos/mvvm/repos/LoftCoin-master/app/src/main/java/com/annasedykh/loftcoin/screens/start/StartView.java,com.annasedykh.loftcoin.screens.start.StartView,interface,0,3,3,0,1,1,0,0,0,0.0,NaN,NaN,1,0,0,0,0,1,1,0,0,0,0,0,0,0,0,0,0,0,0,3,0,0,0,0,0,0,0,0,0,0,0,0,0,0,6,1,0
/home/arch_design_predict/download-github-repos/mvvm/repos/LoftCoin-master/app/src/main/java/com/annasedykh/loftcoin/data/api/ApiInitializer.java,com.annasedykh.loftcoin.data.api.ApiInitializer,class,7,9,2,7,6,1,0,12,10,0.8,NaN,NaN,5,0,1,4,0,0,1,0,0,0,1,1,0,1,0,0,0,0,0,23,5,0,0,0,0,1,0,5,0,5,0,0,0,0,25,1,0
/home/arch_design_predict/download-github-repos/mvvm/repos/LoftCoin-master/app/src/main/java/com/annasedykh/loftcoin/data/db/model/CoinEntity.java,com.annasedykh.loftcoin.data.db.model.CoinEntity,class,4,28,24,4,5,1,0,0,0,0.6666667,NaN,NaN,1,0,1,0,0,0,1,0,0,0,9,0,9,0,0,0,0,0,0,31,2,0,1,0,0,0,0,4,0,10,1,0,0,0,20,1,0
/home/arch_design_predict/download-github-repos/mvvm/repos/LoftCoin-master/app/src/main/java/com/annasedykh/loftcoin/screens/main/wallets/WalletsViewModelImpl.java,com.annasedykh.loftcoin.screens.main.wallets.WalletsViewModelImpl,class,16,18,2,16,20,3,0,27,71,0.81904763,0.21818182,0.5272727,15,0,10,4,1,0,11,0,0,0,7,0,0,7,0,0,0,0,2,95,9,1,1,0,3,0,6,24,5,26,3,0,0,3,52,1,0
/home/arch_design_predict/download-github-repos/mvvm/repos/LoftCoin-master/app/src/main/java/com/annasedykh/loftcoin/screens/main/converter/ConverterViewModel.java,com.annasedykh.loftcoin.screens.main.converter.ConverterViewModel,interface,3,7,4,3,12,1,0,0,66,0.0,0.0,0.0,12,0,0,0,0,12,12,0,0,0,0,0,0,0,0,0,0,0,0,14,0,0,0,0,0,0,0,0,0,0,0,0,0,0,23,1,0
/home/arch_design_predict/download-github-repos/mvvm/repos/LoftCoin-master/app/src/main/java/com/annasedykh/loftcoin/screens/main/converter/ConverterViewModelImpl.java,com.annasedykh.loftcoin.screens.main.converter.ConverterViewModelImpl,class,12,14,2,12,19,1,0,16,67,0.8533334,0.12820514,0.2948718,15,0,13,2,0,0,13,0,0,0,15,2,0,15,0,0,2,0,2,89,7,0,3,0,0,7,0,25,2,20,1,0,0,2,56,1,0
/home/arch_design_predict/download-github-repos/mvvm/repos/LoftCoin-master/app/src/main/java/com/annasedykh/loftcoin/data/model/Fiat.java,com.annasedykh.loftcoin.data.model.Fiat,enum,0,11,11,0,1,1,0,0,0,0.0,NaN,NaN,1,0,0,0,0,1,1,0,0,0,1,0,1,0,0,0,0,0,0,5,0,0,0,0,0,3,0,1,0,1,0,0,0,0,9,1,0
/home/arch_design_predict/download-github-repos/mvvm/repos/LoftCoin-master/app/src/main/java/com/annasedykh/loftcoin/screens/main/converter/ConverterFragment.java,com.annasedykh.loftcoin.screens.main.converter.ConverterFragment,class,25,27,2,25,13,2,0,47,4,0.7375,0.5,0.5,8,0,4,4,0,0,4,0,0,0,20,3,0,9,0,11,2,0,2,113,1,0,4,0,3,3,7,28,0,41,1,2,0,8,92,1,0
/home/arch_design_predict/download-github-repos/mvvm/repos/LoftCoin-master/app/src/main/java/com/annasedykh/loftcoin/screens/welcome/WelcomeActivity.java,com.annasedykh.loftcoin.screens.welcome.WelcomeActivity$Anonymous1,anonymous,3,3,0,3,1,1,0,2,0,0.0,NaN,NaN,1,0,1,0,0,0,1,0,0,0,0,0,0,0,0,0,0,0,1,6,0,0,0,0,0,0,0,0,0,0,0,0,0,0,5,-1,0
/home/arch_design_predict/download-github-repos/mvvm/repos/LoftCoin-master/app/src/main/java/com/annasedykh/loftcoin/screens/launch/LaunchActivity.java,com.annasedykh.loftcoin.screens.launch.LaunchActivity,class,6,6,0,6,2,2,0,6,0,0.0,NaN,NaN,1,0,0,0,1,0,1,0,0,0,0,0,0,0,0,0,0,0,2,12,0,0,0,0,1,0,0,1,0,1,1,0,0,0,13,1,0
/home/arch_design_predict/download-github-repos/mvvm/repos/LoftCoin-master/app/src/main/java/com/annasedykh/loftcoin/screens/main/rate/RateView.java,com.annasedykh.loftcoin.screens.main.rate.RateView,interface,1,4,3,1,5,1,0,0,10,0.0,0.0,0.0,5,0,0,0,0,5,5,0,0,0,0,0,0,0,0,0,0,0,0,7,0,0,0,0,0,0,0,0,0,0,0,0,0,0,12,1,0
/home/arch_design_predict/download-github-repos/mvvm/repos/LoftCoin-master/app/src/main/java/com/annasedykh/loftcoin/data/db/model/CoinEntityMapper.java,com.annasedykh.loftcoin.data.db.model.CoinEntityMapper,class,5,11,6,5,5,1,0,5,3,0.0,NaN,NaN,3,0,1,2,0,0,1,0,0,0,0,0,0,0,0,0,0,0,0,33,4,1,1,0,0,0,0,16,0,3,1,0,0,0,12,1,0
/home/arch_design_predict/download-github-repos/mvvm/repos/LoftCoin-master/app/src/main/java/com/annasedykh/loftcoin/data/api/Api.java,com.annasedykh.loftcoin.data.api.Api,interface,4,11,7,4,1,1,0,0,0,0.0,NaN,NaN,1,0,0,0,0,1,1,0,0,0,0,0,0,0,0,0,0,0,0,3,0,0,0,0,0,3,0,0,0,0,0,0,0,0,3,1,0
/home/arch_design_predict/download-github-repos/mvvm/repos/LoftCoin-master/app/src/main/java/com/annasedykh/loftcoin/screens/start/StartPresenter.java,com.annasedykh.loftcoin.screens.start.StartPresenter,interface,1,3,2,1,3,1,0,0,3,0.0,0.0,0.0,3,0,0,0,0,3,3,0,0,0,0,0,0,0,0,0,0,0,0,5,0,0,0,0,0,0,0,0,0,0,0,0,0,0,8,1,0
/home/arch_design_predict/download-github-repos/mvvm/repos/LoftCoin-master/app/src/main/java/com/annasedykh/loftcoin/screens/welcome/WelcomeFragment.java,com.annasedykh.loftcoin.screens.welcome.WelcomeFragment,class,13,15,2,13,7,2,0,14,4,0.56000006,0.2,0.3,5,1,5,0,0,0,5,0,0,0,5,1,0,2,0,3,1,0,0,35,2,0,2,0,0,1,0,5,0,8,2,0,0,0,36,1,0
/home/arch_design_predict/download-github-repos/mvvm/repos/LoftCoin-master/app/src/main/java/com/annasedykh/loftcoin/data/prefs/PrefsImpl.java,com.annasedykh.loftcoin.data.prefs.PrefsImpl,class,5,7,2,5,6,1,0,11,9,0.7083333,0.2,0.2,6,0,5,1,0,0,5,0,0,0,4,3,0,4,0,0,3,0,1,24,3,0,0,0,0,3,0,4,0,4,0,0,0,0,32,1,0
/home/arch_design_predict/download-github-repos/mvvm/repos/LoftCoin-master/app/src/main/java/com/annasedykh/loftcoin/screens/main/wallets/adapters/WalletsPagerAdapter.java,com.annasedykh.loftcoin.screens.main.wallets.adapters.WalletsPagerAdapter,class,8,9,1,8,7,3,0,10,7,0.5833334,0.26666668,0.4,6,0,6,0,0,0,6,0,0,0,2,0,0,2,0,0,0,0,1,80,3,0,1,0,0,0,0,5,0,4,0,0,1,0,26,1,0
/home/arch_design_predict/download-github-repos/mvvm/repos/LoftCoin-master/app/src/main/java/com/annasedykh/loftcoin/screens/currencies/CurrenciesAdapterListener.java,com.annasedykh.loftcoin.screens.currencies.CurrenciesAdapterListener,interface,1,4,3,1,1,1,0,0,0,0.0,NaN,NaN,1,0,0,0,0,1,1,0,0,0,0,0,0,0,0,0,0,0,0,3,0,0,0,0,0,0,0,0,0,0,0,0,0,0,9,0,0
/home/arch_design_predict/download-github-repos/mvvm/repos/LoftCoin-master/app/src/main/java/com/annasedykh/loftcoin/screens/main/wallets/adapters/TransactionsAdapter.java,com.annasedykh.loftcoin.screens.main.wallets.adapters.TransactionsAdapter$TransactionViewHolder,innerclass,12,12,0,12,9,2,0,17,11,0.7857142,0.0,0.0,6,0,1,4,0,1,2,0,0,0,7,0,0,2,0,5,0,0,3,55,0,0,0,0,0,5,3,14,3,16,1,0,0,0,32,8,0
/home/arch_design_predict/download-github-repos/mvvm/repos/LoftCoin-master/app/src/main/java/com/annasedykh/loftcoin/data/api/model/RateResponse.java,com.annasedykh.loftcoin.data.api.model.RateResponse,class,1,2,1,1,0,1,0,0,0,NaN,-1.0,-1.0,0,0,0,0,0,0,0,0,0,0,1,0,1,0,0,0,0,0,0,3,0,0,0,0,0,0,0,0,0,1,0,0,0,0,3,1,0
/home/arch_design_predict/download-github-repos/mvvm/repos/LoftCoin-master/app/src/main/java/com/annasedykh/loftcoin/screens/welcome/WelcomeActivity.java,com.annasedykh.loftcoin.screens.welcome.WelcomeActivity,class,12,14,2,12,2,2,0,10,0,0.0,0.0,0.0,2,1,1,0,1,0,2,0,0,0,2,0,0,0,0,2,0,0,0,23,0,0,0,0,1,0,0,2,0,4,0,1,0,0,33,1,0
/home/arch_design_predict/download-github-repos/mvvm/repos/LoftCoin-master/app/src/main/java/com/annasedykh/loftcoin/data/db/model/TransactionEntity.java,com.annasedykh.loftcoin.data.db.model.TransactionEntity,class,2,8,6,2,2,1,0,0,1,0.6,0.0,0.0,2,0,2,0,0,0,2,0,0,0,5,0,5,0,0,0,0,0,0,15,0,0,0,0,0,0,0,4,0,5,0,0,0,0,11,1,0
/home/arch_design_predict/download-github-repos/mvvm/repos/LoftCoin-master/app/src/main/java/com/annasedykh/loftcoin/screens/main/wallets/adapters/WalletsPagerAdapter.java,com.annasedykh.loftcoin.screens.main.wallets.adapters.WalletsPagerAdapter$WalletViewHolder,innerclass,16,16,0,16,7,2,0,20,9,0.8,0.0,0.0,6,0,1,4,0,1,2,0,0,0,10,1,0,5,0,5,0,0,2,53,0,0,1,0,0,0,7,12,1,18,1,0,0,0,35,8,0
/home/arch_design_predict/download-github-repos/mvvm/repos/LoftCoin-master/app/src/main/java/com/annasedykh/loftcoin/screens/welcome/WelcomePagerAdapter.java,com.annasedykh.loftcoin.screens.welcome.WelcomePagerAdapter,class,5,6,1,5,3,2,0,4,0,0.0,1.0,1.0,3,0,3,0,0,0,3,0,0,0,1,0,0,1,0,0,0,0,1,16,2,0,0,0,0,0,0,1,0,1,0,0,0,0,12,1,0
/home/arch_design_predict/download-github-repos/mvvm/repos/LoftCoin-master/app/src/main/java/com/annasedykh/loftcoin/screens/main/rate/RatePresenter.java,com.annasedykh.loftcoin.screens.main.rate.RatePresenter,interface,2,4,2,2,7,1,0,0,21,0.0,0.0,0.0,7,0,0,0,0,7,7,0,0,0,0,0,0,0,0,0,0,0,0,9,0,0,0,0,0,0,0,0,0,0,0,0,0,0,18,1,0
/home/arch_design_predict/download-github-repos/mvvm/repos/LoftCoin-master/app/src/main/java/com/annasedykh/loftcoin/screens/currencies/CurrenciesBottomSheet.java,com.annasedykh.loftcoin.screens.currencies.CurrenciesBottomSheet,class,18,20,2,18,7,2,0,24,7,0.72222227,0.26666668,0.26666668,6,0,6,0,0,0,6,0,0,0,6,1,1,4,0,1,1,0,0,41,1,0,1,0,1,1,0,6,0,8,1,0,0,1,49,1,0
/home/arch_design_predict/download-github-repos/mvvm/repos/LoftCoin-master/app/src/main/java/com/annasedykh/loftcoin/screens/main/rate/RateAdapter.java,com.annasedykh.loftcoin.screens.main.rate.RateAdapter$Listener,interface,0,0,0,0,1,1,0,0,0,0.0,NaN,NaN,1,0,0,0,0,1,1,0,0,0,0,0,0,0,0,0,0,0,0,3,0,0,0,0,0,0,0,0,0,0,0,0,0,0,6,0,0
/home/arch_design_predict/download-github-repos/mvvm/repos/LoftCoin-master/app/src/main/java/com/annasedykh/loftcoin/job/SyncRateJobService.java,com.annasedykh.loftcoin.job.SyncRateJobService,class,21,23,2,21,18,2,0,47,0,0.73737377,0.33333334,0.33333334,9,0,3,6,0,0,3,0,0,0,11,4,1,10,0,0,4,0,1,98,5,1,3,0,3,16,3,27,3,29,2,0,0,3,92,1,0
/home/arch_design_predict/download-github-repos/mvvm/repos/LoftCoin-master/app/src/main/java/com/annasedykh/loftcoin/screens/main/wallets/adapters/TransactionsAdapter.java,com.annasedykh.loftcoin.screens.main.wallets.adapters.TransactionsAdapter,class,8,9,1,8,5,2,0,8,2,0.5,0.4,0.4,5,0,5,0,0,0,5,0,0,0,2,0,0,2,0,0,0,0,1,76,2,0,0,0,0,0,0,4,0,3,0,0,1,0,23,1,0
