file,class,method,constructor,line,cbo,cboModified,fanin,fanout,wmc,rfc,loc,returnsQty,variablesQty,parametersQty,methodsInvokedQty,methodsInvokedLocalQty,methodsInvokedIndirectLocalQty,loopQty,comparisonsQty,tryCatchQty,parenthesizedExpsQty,stringLiteralsQty,numbersQty,assignmentsQty,mathOperationsQty,maxNestedBlocksQty,anonymousClassesQty,innerClassesQty,lambdasQty,uniqueWordsQty,modifiers,logStatementsQty,hasJavaDoc
/home/arch_design_predict/download-github-repos/mvvm/repos/10202019-master/app/src/main/java/com/example/project10202019/BaseApplication.java,com.example.project10202019.BaseApplication,activityInjector/0,false,16,2,0,0,0,1,0,3,1,0,0,0,0,0,0,0,0,0,0,0,0,0,0,0,0,0,4,1,0,false
/home/arch_design_predict/download-github-repos/mvvm/repos/10202019-master/app/src/main/java/com/example/project10202019/BaseApplication.java,com.example.project10202019.BaseApplication,onCreate/0,false,21,0,0,0,0,1,5,4,0,0,0,5,0,0,0,0,0,0,0,0,0,0,0,0,0,0,2,1,0,false
/home/arch_design_predict/download-github-repos/mvvm/repos/10202019-master/app/src/main/java/com/example/project10202019/MainActivity.java,com.example.project10202019.MainActivity$Anonymous1,onChanged/1[java.util.ArrayList<com.example.project10202019.models.PostObject>],false,35,2,1,0,1,2,2,5,0,0,1,2,0,0,1,0,0,0,1,0,0,0,1,0,0,0,6,1,0,false
/home/arch_design_predict/download-github-repos/mvvm/repos/10202019-master/app/src/main/java/com/example/project10202019/dagger/AppComponent.java,com.example.project10202019.dagger.AppComponent$Builder,build/0,false,30,1,0,0,0,1,0,1,0,0,0,0,0,0,0,0,0,0,0,0,0,0,0,0,0,0,3,0,0,false
/home/arch_design_predict/download-github-repos/mvvm/repos/10202019-master/app/src/main/java/com/example/project10202019/dagger/AppComponent.java,com.example.project10202019.dagger.AppComponent$Builder,application/1[com.example.project10202019.dagger.Application],false,27,3,0,0,0,1,0,1,0,0,1,0,0,0,0,0,0,0,0,0,0,0,0,0,0,0,3,0,0,false
/home/arch_design_predict/download-github-repos/mvvm/repos/10202019-master/app/src/test/java/com/example/project10202019/ExampleUnitTest.java,com.example.project10202019.ExampleUnitTest,addition_isCorrect/0,false,14,1,0,0,0,1,1,3,0,0,0,1,0,0,0,0,0,0,0,3,0,1,0,0,0,0,5,1,0,false
/home/arch_design_predict/download-github-repos/mvvm/repos/10202019-master/app/src/main/java/com/example/project10202019/interfaces/PostApiService.java,com.example.project10202019.interfaces.PostApiService,getPosts/0,false,10,3,1,1,0,1,0,1,0,0,0,0,0,0,0,0,0,0,1,0,0,0,0,0,0,0,2,0,0,false
/home/arch_design_predict/download-github-repos/mvvm/repos/10202019-master/app/src/main/java/com/example/project10202019/repositories/PostRepository.java,com.example.project10202019.repositories.PostRepository,getPosts/0,false,20,4,2,1,1,1,1,3,1,0,0,1,0,0,0,0,0,0,0,0,0,0,0,0,0,0,2,1,0,false
/home/arch_design_predict/download-github-repos/mvvm/repos/10202019-master/app/src/main/java/com/example/project10202019/repositories/PostRepository.java,com.example.project10202019.repositories.PostRepository,PostRepository/1[com.example.project10202019.interfaces.PostApiService],true,16,2,1,1,0,1,0,3,0,0,1,0,0,0,0,0,0,0,0,0,1,0,0,0,0,0,5,1,0,false
/home/arch_design_predict/download-github-repos/mvvm/repos/10202019-master/app/src/main/java/com/example/project10202019/dagger/modules/ContextModule.java,com.example.project10202019.dagger.modules.ContextModule,ContextModule/1[com.example.project10202019.dagger.modules.Context],true,13,1,0,0,0,1,0,3,0,0,1,0,0,0,0,0,0,0,0,0,1,0,0,0,0,0,3,1,0,false
/home/arch_design_predict/download-github-repos/mvvm/repos/10202019-master/app/src/main/java/com/example/project10202019/dagger/modules/ContextModule.java,com.example.project10202019.dagger.modules.ContextModule,bindContext/1[com.example.project10202019.dagger.modules.Application],false,17,3,0,0,0,1,0,1,0,0,1,0,0,0,0,0,0,0,0,0,0,0,0,0,0,0,4,1024,0,false
/home/arch_design_predict/download-github-repos/mvvm/repos/10202019-master/app/src/main/java/com/example/project10202019/dagger/AppComponent.java,com.example.project10202019.dagger.AppComponent,inject/1[com.example.project10202019.BaseApplication],false,33,1,0,0,0,1,0,1,0,0,1,0,0,0,0,0,0,0,0,0,0,0,0,0,0,0,4,0,0,false
/home/arch_design_predict/download-github-repos/mvvm/repos/10202019-master/app/src/main/java/com/example/project10202019/viewModels/PostViewModel.java,com.example.project10202019.viewModels.PostViewModel$Anonymous1,onSuccess/1[java.util.ArrayList<com.example.project10202019.models.PostObject>],false,38,2,1,0,1,1,2,3,0,0,1,2,0,0,0,0,0,0,0,0,0,0,0,0,0,0,9,1,0,false
/home/arch_design_predict/download-github-repos/mvvm/repos/10202019-master/app/src/main/java/com/example/project10202019/viewModels/PostViewModel.java,com.example.project10202019.viewModels.PostViewModel$Anonymous1,onError/1[java.lang.Throwable],false,43,0,0,0,0,1,2,3,0,0,1,2,0,0,0,0,0,0,1,0,0,0,0,0,0,0,4,1,0,false
/home/arch_design_predict/download-github-repos/mvvm/repos/10202019-master/app/src/main/java/com/example/project10202019/viewModels/PostViewModel.java,com.example.project10202019.viewModels.PostViewModel$Anonymous1,onSubscribe/1[com.example.project10202019.viewModels.Disposable],false,33,1,0,0,0,1,0,2,0,0,1,0,0,0,0,0,0,0,0,0,0,0,0,0,0,0,4,1,0,false
/home/arch_design_predict/download-github-repos/mvvm/repos/10202019-master/app/src/main/java/com/example/project10202019/viewModels/PostViewModel.java,com.example.project10202019.viewModels.PostViewModel,PostViewModel/1[com.example.project10202019.interfaces.PostApiService],true,22,4,2,0,2,1,1,4,0,0,1,1,1,1,0,0,0,0,0,0,1,0,0,0,0,0,9,1,0,false
/home/arch_design_predict/download-github-repos/mvvm/repos/10202019-master/app/src/main/java/com/example/project10202019/viewModels/PostViewModel.java,com.example.project10202019.viewModels.PostViewModel,getPostMutableLiveData/0,false,49,2,2,2,0,1,0,3,1,0,0,0,0,0,0,0,0,0,0,0,0,0,0,0,0,0,6,1,0,false
/home/arch_design_predict/download-github-repos/mvvm/repos/10202019-master/app/src/main/java/com/example/project10202019/viewModels/PostViewModel.java,com.example.project10202019.viewModels.PostViewModel,loadPosts/0,false,27,3,2,1,1,1,6,13,0,0,0,6,0,0,0,0,0,0,0,0,0,0,0,1,0,0,17,1,0,false
/home/arch_design_predict/download-github-repos/mvvm/repos/10202019-master/app/src/main/java/com/example/project10202019/dagger/modules/NetworkingModule.java,com.example.project10202019.dagger.modules.NetworkingModule,provideApiService/1[com.example.project10202019.dagger.modules.Retrofit],false,28,4,0,0,0,1,1,3,1,0,1,1,0,0,0,0,0,0,0,0,0,0,0,0,0,0,6,8,0,false
/home/arch_design_predict/download-github-repos/mvvm/repos/10202019-master/app/src/main/java/com/example/project10202019/dagger/modules/NetworkingModule.java,com.example.project10202019.dagger.modules.NetworkingModule,provideRetrofit/0,false,18,3,0,0,0,1,5,3,1,0,0,5,0,0,0,0,0,0,0,0,0,0,0,0,0,0,10,8,0,false
/home/arch_design_predict/download-github-repos/mvvm/repos/10202019-master/app/src/main/java/com/example/project10202019/models/PostObject.java,com.example.project10202019.models.PostObject,getUserId/0,false,25,0,0,0,0,1,0,3,1,0,0,0,0,0,0,0,0,0,0,0,0,0,0,0,0,0,4,1,0,false
/home/arch_design_predict/download-github-repos/mvvm/repos/10202019-master/app/src/main/java/com/example/project10202019/models/PostObject.java,com.example.project10202019.models.PostObject,setUserId/1[java.lang.String],false,29,0,0,0,0,1,0,3,0,0,1,0,0,0,0,0,0,0,0,0,1,0,0,0,0,0,4,1,0,false
/home/arch_design_predict/download-github-repos/mvvm/repos/10202019-master/app/src/main/java/com/example/project10202019/models/PostObject.java,com.example.project10202019.models.PostObject,getId/0,false,33,0,0,0,0,1,0,3,1,0,0,0,0,0,0,0,0,0,0,0,0,0,0,0,0,0,4,1,0,false
/home/arch_design_predict/download-github-repos/mvvm/repos/10202019-master/app/src/main/java/com/example/project10202019/models/PostObject.java,com.example.project10202019.models.PostObject,getTitle/0,false,41,0,1,1,0,1,0,3,1,0,0,0,0,0,0,0,0,0,0,0,0,0,0,0,0,0,3,1,0,false
/home/arch_design_predict/download-github-repos/mvvm/repos/10202019-master/app/src/main/java/com/example/project10202019/models/PostObject.java,com.example.project10202019.models.PostObject,PostObject/0,true,16,0,0,0,0,1,0,2,0,0,0,0,0,0,0,0,0,0,0,0,0,0,0,0,0,0,2,1,0,false
/home/arch_design_predict/download-github-repos/mvvm/repos/10202019-master/app/src/main/java/com/example/project10202019/models/PostObject.java,com.example.project10202019.models.PostObject,setBody/1[java.lang.String],false,53,0,0,0,0,1,0,3,0,0,1,0,0,0,0,0,0,0,0,0,1,0,0,0,0,0,3,1,0,false
/home/arch_design_predict/download-github-repos/mvvm/repos/10202019-master/app/src/main/java/com/example/project10202019/models/PostObject.java,com.example.project10202019.models.PostObject,getBody/0,false,49,0,0,0,0,1,0,3,1,0,0,0,0,0,0,0,0,0,0,0,0,0,0,0,0,0,3,1,0,false
/home/arch_design_predict/download-github-repos/mvvm/repos/10202019-master/app/src/main/java/com/example/project10202019/models/PostObject.java,com.example.project10202019.models.PostObject,"PostObject/4[java.lang.String,java.lang.Integer,java.lang.String,java.lang.String]",true,18,0,0,0,0,1,0,6,0,0,4,0,0,0,0,0,0,0,0,0,4,0,0,0,0,0,7,1,0,false
/home/arch_design_predict/download-github-repos/mvvm/repos/10202019-master/app/src/main/java/com/example/project10202019/models/PostObject.java,com.example.project10202019.models.PostObject,setTitle/1[java.lang.String],false,45,0,0,0,0,1,0,3,0,0,1,0,0,0,0,0,0,0,0,0,1,0,0,0,0,0,3,1,0,false
/home/arch_design_predict/download-github-repos/mvvm/repos/10202019-master/app/src/main/java/com/example/project10202019/models/PostObject.java,com.example.project10202019.models.PostObject,setId/1[java.lang.Integer],false,37,0,0,0,0,1,0,3,0,0,1,0,0,0,0,0,0,0,0,0,1,0,0,0,0,0,4,1,0,false
/home/arch_design_predict/download-github-repos/mvvm/repos/10202019-master/app/src/main/java/com/example/project10202019/MainActivity.java,com.example.project10202019.MainActivity,onCreate/1[com.example.project10202019.Bundle],false,25,4,1,0,1,1,7,14,0,0,1,7,0,0,0,0,0,0,0,0,1,0,0,1,0,0,15,4,0,false
/home/arch_design_predict/download-github-repos/mvvm/repos/10202019-master/app/src/main/java/com/example/project10202019/dagger/ViewModelFactory.java,com.example.project10202019.dagger.ViewModelFactory,"ViewModelFactory/1[java.util.Map<java.lang.Class<? extends com.example.project10202019.dagger.ViewModel>,com.example.project10202019.dagger.Provider<com.example.project10202019.dagger.ViewModel>>]",true,17,2,0,0,0,1,0,3,0,0,1,0,0,0,0,0,0,0,0,0,1,0,0,0,0,0,4,1,0,false
/home/arch_design_predict/download-github-repos/mvvm/repos/10202019-master/app/src/main/java/com/example/project10202019/dagger/ViewModelFactory.java,com.example.project10202019.dagger.ViewModelFactory,create/1[java.lang.Class<T>],false,23,3,0,0,0,6,5,20,1,1,1,5,0,0,1,2,1,0,1,0,2,1,3,0,0,0,15,1,0,false
/home/arch_design_predict/download-github-repos/mvvm/repos/10202019-master/app/src/androidTest/java/com/example/project10202019/ExampleInstrumentedTest.java,com.example.project10202019.ExampleInstrumentedTest,useAppContext/0,false,20,2,0,0,0,1,4,4,0,1,0,4,0,0,0,0,0,0,1,0,1,0,0,0,0,0,6,1,0,false
/home/arch_design_predict/download-github-repos/mvvm/repos/10202019-master/app/src/main/java/com/example/project10202019/dagger/modules/ViewModelModule.java,com.example.project10202019.dagger.modules.ViewModelModule,bindViewModelFactory/1[com.example.project10202019.dagger.ViewModelFactory],false,15,3,0,0,0,1,0,1,0,0,1,0,0,0,0,0,0,0,0,0,0,0,0,0,0,0,5,1024,0,false
/home/arch_design_predict/download-github-repos/mvvm/repos/10202019-master/app/src/main/java/com/example/project10202019/dagger/modules/ViewModelModule.java,com.example.project10202019.dagger.modules.ViewModelModule,providePostViewModel/1[com.example.project10202019.viewModels.PostViewModel],false,18,5,0,0,0,1,0,1,0,0,1,0,0,0,0,0,0,0,0,0,0,0,0,0,0,0,5,1028,0,false
/home/arch_design_predict/download-github-repos/mvvm/repos/10202019-master/app/src/main/java/com/example/project10202019/dagger/modules/ActivityModule.java,com.example.project10202019.dagger.modules.ActivityModule,contributeMainActivity/0,false,10,2,0,0,0,1,0,1,0,0,0,0,0,0,0,0,0,0,0,0,0,0,0,0,0,0,3,1024,0,false
