file,class,type,cbo,cboModified,fanin,fanout,wmc,dit,noc,rfc,lcom,lcom*,tcc,lcc,totalMethodsQty,staticMethodsQty,publicMethodsQty,privateMethodsQty,protectedMethodsQty,defaultMethodsQty,visibleMethodsQty,abstractMethodsQty,finalMethodsQty,synchronizedMethodsQty,totalFieldsQty,staticFieldsQty,publicFieldsQty,privateFieldsQty,protectedFieldsQty,defaultFieldsQty,finalFieldsQty,synchronizedFieldsQty,nosi,loc,returnQty,loopQty,comparisonsQty,tryCatchQty,parenthesizedExpsQty,stringLiteralsQty,numbersQty,assignmentsQty,mathOperationsQty,variablesQty,maxNestedBlocksQty,anonymousClassesQty,innerClassesQty,lambdasQty,uniqueWordsQty,modifiers,logStatementsQty
/home/arch_design_predict/download-github-repos/mvvm/repos/Muzink-Music-Player-App-master/app/src/main/java/com/selfeval/muzink/helpers/CurrentPlayingQueueHelper.java,com.selfeval.muzink.helpers.CurrentPlayingQueueHelper,class,2,6,4,2,8,1,0,2,7,0.61904764,0.0952381,0.0952381,7,6,7,0,0,0,7,0,0,0,3,3,0,3,0,0,0,0,0,33,3,0,0,0,0,0,0,6,0,4,1,0,1,0,28,1,0
/home/arch_design_predict/download-github-repos/mvvm/repos/Muzink-Music-Player-App-master/app/src/main/java/com/selfeval/muzink/repository/Repository.java,com.selfeval.muzink.repository.Repository$UpdatePlayListAsyncTask,innerclass,3,3,0,3,2,2,0,1,0,0.0,1.0,1.0,2,0,1,0,1,0,2,0,0,0,1,0,0,1,0,0,0,0,0,10,1,0,0,0,0,0,1,1,0,1,0,0,0,0,13,2,0
/home/arch_design_predict/download-github-repos/mvvm/repos/Muzink-Music-Player-App-master/app/src/main/java/com/selfeval/muzink/fragments/view/AlbumsViewFragment.java,com.selfeval.muzink.fragments.view.AlbumsViewFragment$Anonymous1,anonymous,5,5,0,5,1,1,0,2,0,0.0,NaN,NaN,1,0,1,0,0,0,1,0,0,0,0,0,0,0,0,0,0,0,0,6,0,0,0,0,0,0,4,0,0,0,0,0,0,0,7,-1,0
/home/arch_design_predict/download-github-repos/mvvm/repos/Muzink-Music-Player-App-master/app/src/main/java/com/selfeval/muzink/adapters/AllSongsAdapter.java,com.selfeval.muzink.adapters.AllSongsAdapter,class,16,17,1,16,10,2,0,36,2,0.73333335,0.4,0.6,5,0,5,0,0,0,5,0,0,0,6,0,0,5,0,1,0,0,5,93,2,2,2,0,1,3,9,14,5,14,2,2,1,0,48,1,0
/home/arch_design_predict/download-github-repos/mvvm/repos/Muzink-Music-Player-App-master/app/src/main/java/com/selfeval/muzink/fragments/view/PlayListsViewFragment.java,com.selfeval.muzink.fragments.view.PlayListsViewFragment,class,1,1,0,1,0,2,0,0,0,0.0,-1.0,-1.0,0,0,0,0,0,0,0,0,0,0,0,0,0,0,0,0,0,0,0,2,0,0,0,0,0,0,0,0,0,0,0,0,0,0,4,1,0
/home/arch_design_predict/download-github-repos/mvvm/repos/Muzink-Music-Player-App-master/app/src/main/java/com/selfeval/muzink/viewmodels/PlayListSongViewModel.java,com.selfeval.muzink.viewmodels.PlayListSongViewModel,class,6,10,4,6,4,2,0,3,0,0.375,0.6666667,1.0,4,0,4,0,0,0,4,0,0,0,2,0,0,2,0,0,0,0,0,18,1,0,0,0,0,0,0,2,0,2,0,0,0,0,17,1,0
/home/arch_design_predict/download-github-repos/mvvm/repos/Muzink-Music-Player-App-master/app/src/main/java/com/selfeval/muzink/services/MusicPlayerService.java,com.selfeval.muzink.services.MusicPlayerService$AudioFocus,enum,0,0,0,0,0,1,0,0,0,0.0,-1.0,-1.0,0,0,0,0,0,0,0,0,0,0,0,0,0,0,0,0,0,0,0,1,0,0,0,0,0,0,0,0,0,0,0,0,0,0,15,2,0
/home/arch_design_predict/download-github-repos/mvvm/repos/Muzink-Music-Player-App-master/app/src/main/java/com/selfeval/muzink/loaders/AlbumsLoader.java,com.selfeval.muzink.loaders.AlbumsLoader,class,4,5,1,4,5,1,0,9,0,0.0,NaN,NaN,1,1,1,0,0,0,1,0,0,0,1,1,0,1,0,0,0,0,0,15,1,1,1,0,0,0,0,2,0,2,3,0,0,0,12,1,0
/home/arch_design_predict/download-github-repos/mvvm/repos/Muzink-Music-Player-App-master/app/src/main/java/com/selfeval/muzink/activities/BaseActivity.java,com.selfeval.muzink.activities.BaseActivity,class,23,26,3,23,13,2,0,27,26,0.85185194,0.13333334,0.13333334,9,0,4,3,2,0,6,0,0,0,12,4,0,12,0,0,0,0,0,91,1,0,0,0,0,3,4,11,0,12,2,1,0,0,69,1,0
/home/arch_design_predict/download-github-repos/mvvm/repos/Muzink-Music-Player-App-master/app/src/main/java/com/selfeval/muzink/fragments/navigation/AlbumNavigationFragment.java,com.selfeval.muzink.fragments.navigation.AlbumNavigationFragment$Anonymous5,anonymous,3,3,0,3,4,1,0,4,6,0.0,0.0,0.0,4,0,4,0,0,0,4,0,0,0,0,0,0,0,0,0,0,0,0,14,0,0,0,0,0,0,1,0,0,0,0,0,0,0,13,-1,0
/home/arch_design_predict/download-github-repos/mvvm/repos/Muzink-Music-Player-App-master/app/src/main/java/com/selfeval/muzink/fragments/navigation/AlbumNavigationFragment.java,com.selfeval.muzink.fragments.navigation.AlbumNavigationFragment$Anonymous2,anonymous,1,1,0,1,1,1,0,4,0,0.0,NaN,NaN,1,0,1,0,0,0,1,0,0,0,0,0,0,0,0,0,0,0,0,8,0,0,0,0,1,0,0,0,0,0,0,0,0,0,12,-1,0
/home/arch_design_predict/download-github-repos/mvvm/repos/Muzink-Music-Player-App-master/app/src/main/java/com/selfeval/muzink/fragments/navigation/AlbumNavigationFragment.java,com.selfeval.muzink.fragments.navigation.AlbumNavigationFragment$Anonymous3,anonymous,4,4,0,4,3,1,0,9,1,0.0,0.0,0.0,2,0,2,0,0,0,2,0,0,0,0,0,0,0,0,0,0,0,0,29,0,0,0,0,1,0,0,1,0,1,1,1,0,0,18,-1,0
/home/arch_design_predict/download-github-repos/mvvm/repos/Muzink-Music-Player-App-master/app/src/main/java/com/selfeval/muzink/adapters/AlbumSongsAdapter.java,com.selfeval.muzink.adapters.AlbumSongsAdapter$Anonymous3,anonymous,5,5,0,5,7,1,0,16,0,0.0,NaN,NaN,1,0,1,0,0,0,1,0,0,0,0,0,0,0,0,0,0,0,0,26,2,2,4,0,0,2,1,3,1,2,2,0,0,0,18,-1,0
/home/arch_design_predict/download-github-repos/mvvm/repos/Muzink-Music-Player-App-master/app/src/main/java/com/selfeval/muzink/fragments/pager/AllSongsFragment.java,com.selfeval.muzink.fragments.pager.AllSongsFragment,class,12,13,1,12,3,2,0,5,1,0.6666667,0.33333334,0.33333334,3,0,3,0,0,0,3,0,0,0,3,0,0,3,0,0,0,0,0,18,1,0,0,0,0,0,0,3,0,4,0,0,0,0,25,1,0
/home/arch_design_predict/download-github-repos/mvvm/repos/Muzink-Music-Player-App-master/app/src/main/java/com/selfeval/muzink/adapters/AlbumSongsAdapter.java,com.selfeval.muzink.adapters.AlbumSongsAdapter$Anonymous2,anonymous,1,1,0,1,1,1,0,1,0,0.0,NaN,NaN,1,0,1,0,0,0,1,0,0,0,0,0,0,0,0,0,0,0,0,5,0,0,0,0,0,0,0,0,0,0,0,0,0,0,4,-1,0
/home/arch_design_predict/download-github-repos/mvvm/repos/Muzink-Music-Player-App-master/app/src/main/java/com/selfeval/muzink/fragments/navigation/AlbumNavigationFragment.java,com.selfeval.muzink.fragments.navigation.AlbumNavigationFragment$Anonymous1,anonymous,4,4,0,4,1,1,0,7,0,0.0,NaN,NaN,1,0,1,0,0,0,1,0,0,0,0,0,0,0,0,0,0,0,2,10,0,0,0,0,1,0,1,0,0,0,0,0,0,0,12,-1,0
/home/arch_design_predict/download-github-repos/mvvm/repos/Muzink-Music-Player-App-master/app/src/main/java/com/selfeval/muzink/adapters/AlbumSongsAdapter.java,com.selfeval.muzink.adapters.AlbumSongsAdapter$Anonymous1,anonymous,3,3,0,3,1,1,0,4,0,0.0,NaN,NaN,1,0,1,0,0,0,1,0,0,0,0,0,0,0,0,0,0,0,2,8,0,0,0,0,0,0,0,0,0,0,0,0,0,0,6,-1,0
/home/arch_design_predict/download-github-repos/mvvm/repos/Muzink-Music-Player-App-master/app/src/main/java/com/selfeval/muzink/adapters/PlayListSongsAdapter.java,com.selfeval.muzink.adapters.PlayListSongsAdapter,class,5,5,0,5,3,2,0,0,3,0.0,0.0,0.0,3,0,3,0,0,0,3,0,0,0,0,0,0,0,0,0,0,0,0,15,2,0,0,0,0,0,1,0,0,0,0,0,1,0,18,1,0
/home/arch_design_predict/download-github-repos/mvvm/repos/Muzink-Music-Player-App-master/app/src/main/java/com/selfeval/muzink/fragments/navigation/AlbumNavigationFragment.java,com.selfeval.muzink.fragments.navigation.AlbumNavigationFragment$AnimationThread,innerclass,2,2,0,2,1,1,0,4,0,0.0,NaN,NaN,1,0,1,0,0,0,1,0,0,0,0,0,0,0,0,0,0,0,0,7,0,0,0,0,0,0,0,1,0,1,0,0,0,0,9,2,0
/home/arch_design_predict/download-github-repos/mvvm/repos/Muzink-Music-Player-App-master/app/src/main/java/com/selfeval/muzink/fragments/navigation/AlbumNavigationFragment.java,com.selfeval.muzink.fragments.navigation.AlbumNavigationFragment$Anonymous8,anonymous,1,1,0,1,4,1,0,1,6,0.0,0.0,0.0,4,0,4,0,0,0,4,0,0,0,0,0,0,0,0,0,0,0,0,11,0,0,0,0,0,0,1,0,0,0,0,0,0,0,9,-1,0
/home/arch_design_predict/download-github-repos/mvvm/repos/Muzink-Music-Player-App-master/app/src/main/java/com/selfeval/muzink/daos/PlayListDao.java,com.selfeval.muzink.daos.PlayListDao,interface,7,12,5,7,4,1,0,0,6,0.0,0.0,0.0,4,0,0,0,0,4,4,0,0,0,0,0,0,0,0,0,0,0,0,6,0,0,0,0,0,1,0,0,0,0,0,0,0,0,16,1,0
/home/arch_design_predict/download-github-repos/mvvm/repos/Muzink-Music-Player-App-master/app/src/main/java/com/selfeval/muzink/fragments/navigation/AlbumNavigationFragment.java,com.selfeval.muzink.fragments.navigation.AlbumNavigationFragment$Anonymous9,anonymous,1,1,0,1,4,1,0,1,6,0.0,0.0,0.0,4,0,4,0,0,0,4,0,0,0,0,0,0,0,0,0,0,0,0,11,0,0,0,0,0,0,1,0,0,0,0,0,0,0,9,-1,0
/home/arch_design_predict/download-github-repos/mvvm/repos/Muzink-Music-Player-App-master/app/src/main/java/com/selfeval/muzink/fragments/navigation/AlbumNavigationFragment.java,com.selfeval.muzink.fragments.navigation.AlbumNavigationFragment$Anonymous6,anonymous,1,1,0,1,3,1,0,1,3,0.0,0.0,0.0,3,0,3,0,0,0,3,0,0,0,0,0,0,0,0,0,0,0,0,9,0,0,0,0,0,0,1,0,0,0,0,0,0,0,7,-1,0
/home/arch_design_predict/download-github-repos/mvvm/repos/Muzink-Music-Player-App-master/app/src/main/java/com/selfeval/muzink/fragments/navigation/AlbumNavigationFragment.java,com.selfeval.muzink.fragments.navigation.AlbumNavigationFragment$Anonymous7,anonymous,1,1,0,1,4,1,0,1,6,0.0,0.0,0.0,4,0,4,0,0,0,4,0,0,0,0,0,0,0,0,0,0,0,0,11,0,0,0,0,0,0,1,0,0,0,0,0,0,0,9,-1,0
/home/arch_design_predict/download-github-repos/mvvm/repos/Muzink-Music-Player-App-master/app/src/main/java/com/selfeval/muzink/listeners/OnPlayBackStartedListener.java,com.selfeval.muzink.listeners.OnPlayBackStartedListener,interface,0,0,0,0,0,1,0,0,0,0.0,-1.0,-1.0,0,0,0,0,0,0,0,0,0,0,0,0,0,0,0,0,0,0,0,2,0,0,0,0,0,0,0,0,0,0,0,0,0,0,5,1,0
/home/arch_design_predict/download-github-repos/mvvm/repos/Muzink-Music-Player-App-master/app/src/main/java/com/selfeval/muzink/adapters/PlayListSongsAdapter.java,com.selfeval.muzink.adapters.PlayListSongsAdapter$PlayListSongHolder,innerclass,3,3,0,3,1,2,0,0,0,0.0,NaN,NaN,1,0,1,0,0,0,1,0,0,0,0,0,0,0,0,0,0,0,0,5,0,0,0,0,0,0,0,0,0,0,0,0,0,0,6,1,0
/home/arch_design_predict/download-github-repos/mvvm/repos/Muzink-Music-Player-App-master/app/src/main/java/com/selfeval/muzink/repository/Repository.java,com.selfeval.muzink.repository.Repository$DeletePlayListAsyncTask,innerclass,3,3,0,3,2,2,0,1,0,0.0,1.0,1.0,2,0,1,0,1,0,2,0,0,0,1,0,0,1,0,0,0,0,0,10,1,0,0,0,0,0,1,1,0,1,0,0,0,0,13,2,0
/home/arch_design_predict/download-github-repos/mvvm/repos/Muzink-Music-Player-App-master/app/src/main/java/com/selfeval/muzink/fragments/view/AlbumsViewFragment.java,com.selfeval.muzink.fragments.view.AlbumsViewFragment,class,12,13,1,12,3,2,0,7,3,0.6666667,0.0,0.0,3,0,3,0,0,0,3,0,0,0,2,0,0,2,0,0,0,0,0,23,1,0,0,0,0,0,0,2,0,2,0,1,0,0,23,1,0
/home/arch_design_predict/download-github-repos/mvvm/repos/Muzink-Music-Player-App-master/app/src/main/java/com/selfeval/muzink/database/PlayListsDB.java,com.selfeval.muzink.database.PlayListsDB,class,8,10,2,8,4,2,0,3,3,0.6666667,0.0,0.0,3,1,3,0,0,0,3,2,0,1,1,1,0,1,0,0,0,0,0,11,1,0,1,0,0,1,1,1,0,1,1,0,0,0,16,1025,0
/home/arch_design_predict/download-github-repos/mvvm/repos/Muzink-Music-Player-App-master/app/src/main/java/com/selfeval/muzink/adapters/AlbumsAdapter.java,com.selfeval.muzink.adapters.AlbumsAdapter,class,13,14,1,13,5,2,0,17,0,0.5,0.5,0.5,4,0,4,0,0,0,4,0,0,0,3,1,0,3,0,0,0,0,1,44,2,0,1,0,0,1,1,4,0,3,0,1,2,0,28,1,0
/home/arch_design_predict/download-github-repos/mvvm/repos/Muzink-Music-Player-App-master/app/src/main/java/com/selfeval/muzink/viewmodels/PlayListViewModel.java,com.selfeval.muzink.viewmodels.PlayListViewModel,class,6,7,1,6,5,2,0,4,0,0.4,0.7,1.0,5,0,5,0,0,0,5,0,0,0,2,0,0,2,0,0,0,0,0,21,1,0,0,0,0,0,0,2,0,2,0,0,0,0,17,1,0
/home/arch_design_predict/download-github-repos/mvvm/repos/Muzink-Music-Player-App-master/app/src/main/java/com/selfeval/muzink/repository/Repository.java,com.selfeval.muzink.repository.Repository$DeletePlayListSongAsyncTask,innerclass,3,3,0,3,2,2,0,1,0,0.0,1.0,1.0,2,0,1,0,1,0,2,0,0,0,1,0,0,1,0,0,0,0,0,10,1,0,0,0,0,0,1,1,0,1,0,0,0,0,14,2,0
/home/arch_design_predict/download-github-repos/mvvm/repos/Muzink-Music-Player-App-master/app/src/main/java/com/selfeval/muzink/adapters/AlbumsAdapter.java,com.selfeval.muzink.adapters.AlbumsAdapter$AlbumHolder,innerclass,6,6,0,6,2,2,0,3,0,0.33333334,1.0,1.0,2,0,2,0,0,0,2,0,0,0,3,0,0,3,0,0,0,0,0,15,0,0,0,0,0,0,0,3,0,3,0,0,0,0,13,1,0
/home/arch_design_predict/download-github-repos/mvvm/repos/Muzink-Music-Player-App-master/app/src/main/java/com/selfeval/muzink/daos/PlayListSongDao.java,com.selfeval.muzink.daos.PlayListSongDao,interface,6,10,4,6,3,1,0,0,3,0.0,0.0,0.0,3,0,0,0,0,3,3,0,0,0,0,0,0,0,0,0,0,0,0,5,0,0,0,0,0,1,0,0,0,0,0,0,0,0,16,1,0
/home/arch_design_predict/download-github-repos/mvvm/repos/Muzink-Music-Player-App-master/app/src/main/java/com/selfeval/muzink/adapters/AllSongsAdapter.java,com.selfeval.muzink.adapters.AllSongsAdapter$Anonymous2,anonymous,7,7,0,7,5,1,0,13,0,0.0,NaN,NaN,1,0,1,0,0,0,1,0,0,0,0,0,0,0,0,0,0,0,0,19,2,1,3,0,0,2,0,1,1,0,2,0,0,0,23,-1,0
/home/arch_design_predict/download-github-repos/mvvm/repos/Muzink-Music-Player-App-master/app/src/main/java/com/selfeval/muzink/adapters/PlayListsAdapter.java,com.selfeval.muzink.adapters.PlayListsAdapter$PlayListHolder,innerclass,3,3,0,3,1,2,0,0,0,0.0,NaN,NaN,1,0,1,0,0,0,1,0,0,0,0,0,0,0,0,0,0,0,0,5,0,0,0,0,0,0,0,0,0,0,0,0,0,0,5,1,0
/home/arch_design_predict/download-github-repos/mvvm/repos/Muzink-Music-Player-App-master/app/src/main/java/com/selfeval/muzink/BlurBuilder.java,com.selfeval.muzink.BlurBuilder,class,6,6,0,6,1,1,0,11,0,0.0,NaN,NaN,1,1,1,0,0,0,1,0,0,0,2,2,0,2,0,0,2,0,2,18,1,0,0,0,0,0,2,10,2,10,0,0,0,0,36,1,0
/home/arch_design_predict/download-github-repos/mvvm/repos/Muzink-Music-Player-App-master/app/src/main/java/com/selfeval/muzink/services/MusicPlayerService.java,com.selfeval.muzink.services.MusicPlayerService$SessionCallback,innerclass,5,5,0,5,7,2,0,10,10,0.0,0.0,0.0,5,0,5,0,0,0,5,0,0,0,0,0,0,0,0,0,0,0,2,23,0,0,1,0,0,0,0,2,0,0,1,0,0,0,22,18,0
/home/arch_design_predict/download-github-repos/mvvm/repos/Muzink-Music-Player-App-master/app/src/test/java/com/selfeval/muzink/ExampleUnitTest.java,com.selfeval.muzink.ExampleUnitTest,class,1,1,0,1,1,1,0,1,0,0.0,NaN,NaN,1,0,1,0,0,0,1,0,0,0,0,0,0,0,0,0,0,0,0,5,0,0,0,0,0,0,3,0,1,0,0,0,0,0,22,1,0
/home/arch_design_predict/download-github-repos/mvvm/repos/Muzink-Music-Player-App-master/app/src/main/java/com/selfeval/muzink/entities/PlayListSong.java,com.selfeval.muzink.entities.PlayListSong,class,2,10,8,2,9,1,0,0,16,0.7407407,0.2777778,1.0,9,0,9,0,0,0,9,0,0,0,6,0,0,6,0,0,0,0,0,40,6,0,0,0,0,3,0,8,0,6,0,0,0,0,17,1,0
/home/arch_design_predict/download-github-repos/mvvm/repos/Muzink-Music-Player-App-master/app/src/main/java/com/selfeval/muzink/helpers/QueueHelper.java,com.selfeval.muzink.helpers.QueueHelper,class,0,0,0,0,0,1,0,0,0,0.0,-1.0,-1.0,0,0,0,0,0,0,0,0,0,0,0,0,0,0,0,0,0,0,0,2,0,0,0,0,0,0,0,0,0,0,0,0,0,0,2,1,0
/home/arch_design_predict/download-github-repos/mvvm/repos/Muzink-Music-Player-App-master/app/src/main/java/com/selfeval/muzink/repository/Repository.java,com.selfeval.muzink.repository.Repository,class,13,15,2,13,8,6,0,6,6,0.7,0.39285713,1.0,8,0,8,0,0,0,8,0,0,0,5,0,0,5,0,0,0,0,1,85,2,0,0,0,0,0,0,5,0,5,0,0,5,0,25,1,0
/home/arch_design_predict/download-github-repos/mvvm/repos/Muzink-Music-Player-App-master/app/src/main/java/com/selfeval/muzink/adapters/AlbumsAdapter.java,com.selfeval.muzink.adapters.AlbumsAdapter$Anonymous1,anonymous,2,2,0,2,1,1,0,2,0,0.0,NaN,NaN,1,0,1,0,0,0,1,0,0,0,0,0,0,0,0,0,0,0,0,5,0,0,0,0,0,0,0,0,0,0,0,0,0,0,5,-1,0
/home/arch_design_predict/download-github-repos/mvvm/repos/Muzink-Music-Player-App-master/app/src/main/java/com/selfeval/muzink/entities/PlayList.java,com.selfeval.muzink.entities.PlayList,class,3,14,11,3,4,1,0,0,2,0.5,0.33333334,0.33333334,4,0,4,0,0,0,4,0,0,0,2,0,0,2,0,0,0,0,0,16,2,0,0,0,0,1,0,2,0,2,0,0,0,0,12,1,0
/home/arch_design_predict/download-github-repos/mvvm/repos/Muzink-Music-Player-App-master/app/src/main/java/com/selfeval/muzink/repository/Repository.java,com.selfeval.muzink.repository.Repository$InsertPlayListAsyncTask,innerclass,3,3,0,3,2,2,0,1,0,0.0,1.0,1.0,2,0,1,0,1,0,2,0,0,0,1,0,0,1,0,0,0,0,0,10,1,0,0,0,0,0,1,1,0,1,0,0,0,0,13,2,0
/home/arch_design_predict/download-github-repos/mvvm/repos/Muzink-Music-Player-App-master/app/src/main/java/com/selfeval/muzink/fragments/navigation/AlbumNavigationFragment.java,com.selfeval.muzink.fragments.navigation.AlbumNavigationFragment$Anonymous3$Anonymous4,anonymous,5,5,0,5,2,1,0,18,0,0.0,NaN,NaN,1,0,1,0,0,0,1,0,0,0,0,0,0,0,0,0,0,0,0,16,0,0,1,0,2,0,16,2,10,1,1,0,0,0,23,-1,0
/home/arch_design_predict/download-github-repos/mvvm/repos/Muzink-Music-Player-App-master/app/src/main/java/com/selfeval/muzink/services/MusicPlayerService.java,com.selfeval.muzink.services.MusicPlayerService$Anonymous2,anonymous,2,2,0,2,4,1,0,5,0,0.0,NaN,NaN,1,0,1,0,0,0,1,0,0,0,0,0,0,0,0,0,0,0,0,15,0,0,1,0,0,1,1,1,0,0,2,0,0,0,17,-1,0
/home/arch_design_predict/download-github-repos/mvvm/repos/Muzink-Music-Player-App-master/app/src/main/java/com/selfeval/muzink/services/MusicPlayerService.java,com.selfeval.muzink.services.MusicPlayerService$Anonymous1,anonymous,1,1,0,1,8,1,0,3,0,0.0,NaN,NaN,1,0,1,0,0,0,1,0,0,0,0,0,0,0,0,0,0,0,0,18,0,0,6,0,0,2,0,3,2,1,2,0,0,0,14,-1,0
/home/arch_design_predict/download-github-repos/mvvm/repos/Muzink-Music-Player-App-master/app/src/main/java/com/selfeval/muzink/services/MusicPlayerService.java,com.selfeval.muzink.services.MusicPlayerService$Anonymous4,anonymous,1,1,0,1,1,1,0,0,0,0.0,NaN,NaN,1,0,1,0,0,0,1,0,0,0,0,0,0,0,0,0,0,0,0,5,1,0,0,0,0,0,0,0,0,0,0,0,0,0,6,-1,0
/home/arch_design_predict/download-github-repos/mvvm/repos/Muzink-Music-Player-App-master/app/src/main/java/com/selfeval/muzink/services/MusicPlayerService.java,com.selfeval.muzink.services.MusicPlayerService$Anonymous3,anonymous,2,2,0,2,1,1,0,2,0,0.0,NaN,NaN,1,0,1,0,0,0,1,0,0,0,0,0,0,0,0,0,0,0,0,6,0,0,0,0,0,1,0,0,0,0,0,0,0,0,8,-1,0
/home/arch_design_predict/download-github-repos/mvvm/repos/Muzink-Music-Player-App-master/app/src/main/java/com/selfeval/muzink/fragments/pager/PlayListsFragment.java,com.selfeval.muzink.fragments.pager.PlayListsFragment,class,7,8,1,7,1,2,0,1,0,0.0,NaN,NaN,1,0,1,0,0,0,1,0,0,0,0,0,0,0,0,0,0,0,0,5,1,0,0,0,0,0,0,0,0,0,0,0,0,0,13,1,0
/home/arch_design_predict/download-github-repos/mvvm/repos/Muzink-Music-Player-App-master/app/src/main/java/com/selfeval/muzink/objs/Song.java,com.selfeval.muzink.objs.Song,class,0,12,12,0,7,1,0,0,9,0.7142858,0.2857143,1.0,7,0,7,0,0,0,7,0,0,0,6,0,0,6,0,0,0,0,0,34,6,0,0,0,0,0,0,6,0,6,0,0,0,0,14,1,0
/home/arch_design_predict/download-github-repos/mvvm/repos/Muzink-Music-Player-App-master/app/src/main/java/com/selfeval/muzink/adapters/AllSongsAdapter.java,com.selfeval.muzink.adapters.AllSongsAdapter$Anonymous1,anonymous,1,1,0,1,1,1,0,1,0,0.0,NaN,NaN,1,0,1,0,0,0,1,0,0,0,0,0,0,0,0,0,0,0,0,5,0,0,0,0,0,0,0,0,0,0,0,0,0,0,4,-1,0
/home/arch_design_predict/download-github-repos/mvvm/repos/Muzink-Music-Player-App-master/app/src/main/java/com/selfeval/muzink/adapters/AllSongsAdapter.java,com.selfeval.muzink.adapters.AllSongsAdapter$SongHolder,innerclass,6,6,0,6,1,2,0,1,0,0.0,NaN,NaN,1,0,1,0,0,0,1,0,0,0,6,0,0,6,0,0,0,0,0,17,0,0,0,0,0,0,0,6,0,6,0,0,0,0,14,1,0
/home/arch_design_predict/download-github-repos/mvvm/repos/Muzink-Music-Player-App-master/app/src/main/java/com/selfeval/muzink/adapters/AlbumSongsAdapter.java,com.selfeval.muzink.adapters.AlbumSongsAdapter$AlbumSongHolder,innerclass,6,6,0,6,2,2,0,3,0,0.375,1.0,1.0,2,0,2,0,0,0,2,0,0,0,4,0,0,4,0,0,0,0,0,17,0,0,0,0,0,0,0,4,0,4,0,0,0,0,16,9,0
/home/arch_design_predict/download-github-repos/mvvm/repos/Muzink-Music-Player-App-master/app/src/main/java/com/selfeval/muzink/fragments/navigation/PlayListNavigationFragment.java,com.selfeval.muzink.fragments.navigation.PlayListNavigationFragment,class,7,7,0,7,1,2,0,1,0,0.0,NaN,NaN,1,0,1,0,0,0,1,0,0,0,0,0,0,0,0,0,0,0,0,5,1,0,0,0,0,0,0,0,0,0,0,0,0,0,14,1,0
/home/arch_design_predict/download-github-repos/mvvm/repos/Muzink-Music-Player-App-master/app/src/androidTest/java/com/selfeval/muzink/ExampleInstrumentedTest.java,com.selfeval.muzink.ExampleInstrumentedTest,class,4,4,0,4,1,1,0,4,0,0.0,NaN,NaN,1,0,1,0,0,0,1,0,0,0,0,0,0,0,0,0,0,0,0,6,0,0,0,0,0,1,0,1,0,1,0,0,0,0,19,1,0
/home/arch_design_predict/download-github-repos/mvvm/repos/Muzink-Music-Player-App-master/app/src/main/java/com/selfeval/muzink/loaders/SongsLoader.java,com.selfeval.muzink.loaders.SongsLoader,class,4,6,2,4,5,1,0,9,0,0.0,NaN,NaN,1,1,1,0,0,0,1,0,0,0,1,1,0,1,0,0,0,0,0,15,1,1,1,0,0,0,0,2,0,2,3,0,0,0,12,1,0
/home/arch_design_predict/download-github-repos/mvvm/repos/Muzink-Music-Player-App-master/app/src/main/java/com/selfeval/muzink/activities/BaseActivity.java,com.selfeval.muzink.activities.BaseActivity$Anonymous1,anonymous,2,2,0,2,3,1,0,5,3,0.0,0.0,0.0,3,0,3,0,0,0,3,0,0,0,0,0,0,0,0,0,0,0,0,16,0,0,0,0,0,6,0,2,0,1,0,0,0,0,15,-1,0
/home/arch_design_predict/download-github-repos/mvvm/repos/Muzink-Music-Player-App-master/app/src/main/java/com/selfeval/muzink/adapters/PlayListsAdapter.java,com.selfeval.muzink.adapters.PlayListsAdapter,class,5,5,0,5,3,2,0,0,3,0.0,0.0,0.0,3,0,3,0,0,0,3,0,0,0,0,0,0,0,0,0,0,0,0,15,2,0,0,0,0,0,1,0,0,0,0,0,1,0,17,1,0
/home/arch_design_predict/download-github-repos/mvvm/repos/Muzink-Music-Player-App-master/app/src/main/java/com/selfeval/muzink/constants/Constants.java,com.selfeval.muzink.constants.Constants,class,0,0,0,0,0,1,0,0,0,NaN,-1.0,-1.0,0,0,0,0,0,0,0,0,0,0,2,2,2,0,0,0,2,0,0,4,0,0,0,0,0,4,1,2,0,2,0,0,0,0,18,1,0
/home/arch_design_predict/download-github-repos/mvvm/repos/Muzink-Music-Player-App-master/app/src/main/java/com/selfeval/muzink/adapters/AlbumSongsAdapter.java,com.selfeval.muzink.adapters.AlbumSongsAdapter,class,18,20,2,18,11,2,0,27,1,0.7708334,0.6,0.6,6,0,5,1,0,0,5,0,0,0,8,0,0,8,0,0,0,0,5,111,3,2,2,0,1,3,8,17,5,16,2,3,1,0,55,1,0
/home/arch_design_predict/download-github-repos/mvvm/repos/Muzink-Music-Player-App-master/app/src/main/java/com/selfeval/muzink/listeners/OnSongClickListener.java,com.selfeval.muzink.listeners.OnSongClickListener,interface,1,2,1,1,1,1,0,0,0,0.0,NaN,NaN,1,0,0,0,0,1,1,0,0,0,0,0,0,0,0,0,0,0,0,3,0,0,0,0,0,0,0,0,0,0,0,0,0,0,6,1,0
/home/arch_design_predict/download-github-repos/mvvm/repos/Muzink-Music-Player-App-master/app/src/main/java/com/selfeval/muzink/fragments/pager/PlayFragment.java,com.selfeval.muzink.fragments.pager.PlayFragment,class,7,8,1,7,1,2,0,1,0,0.0,NaN,NaN,1,0,1,0,0,0,1,0,0,0,0,0,0,0,0,0,0,0,0,5,1,0,0,0,0,0,0,0,0,0,0,0,0,0,12,1,0
/home/arch_design_predict/download-github-repos/mvvm/repos/Muzink-Music-Player-App-master/app/src/main/java/com/selfeval/muzink/adapters/FragmentsPagerAdapter.java,com.selfeval.muzink.adapters.FragmentsPagerAdapter,class,5,6,1,5,6,2,0,3,4,0.4,0.3,0.3,5,0,5,0,0,0,5,0,0,0,1,0,0,1,0,0,0,0,0,19,3,0,1,0,0,0,1,1,0,1,0,0,0,0,21,1,0
/home/arch_design_predict/download-github-repos/mvvm/repos/Muzink-Music-Player-App-master/app/src/main/java/com/selfeval/muzink/objs/Album.java,com.selfeval.muzink.objs.Album,class,0,5,5,0,5,1,0,0,2,0.6,0.4,1.0,5,0,5,0,0,0,5,0,0,0,4,0,0,4,0,0,0,0,0,24,4,0,0,0,0,0,0,4,0,4,0,0,0,0,10,1,0
/home/arch_design_predict/download-github-repos/mvvm/repos/Muzink-Music-Player-App-master/app/src/main/java/com/selfeval/muzink/repository/Repository.java,com.selfeval.muzink.repository.Repository$InsertPlayListSongAsyncTask,innerclass,3,3,0,3,2,2,0,1,0,0.0,1.0,1.0,2,0,1,0,1,0,2,0,0,0,1,0,0,1,0,0,0,0,0,10,1,0,0,0,0,0,1,1,0,1,0,0,0,0,14,2,0
/home/arch_design_predict/download-github-repos/mvvm/repos/Muzink-Music-Player-App-master/app/src/main/java/com/selfeval/muzink/services/MusicPlayerService.java,com.selfeval.muzink.services.MusicPlayerService,class,24,30,6,24,50,3,0,53,0,0.8014706,0.2,0.2,17,0,4,11,0,2,6,0,0,0,16,0,0,16,0,0,3,0,1,272,6,0,22,1,1,22,6,35,11,24,2,4,2,0,140,1,0
/home/arch_design_predict/download-github-repos/mvvm/repos/Muzink-Music-Player-App-master/app/src/main/java/com/selfeval/muzink/helpers/CurrentPlayingQueueHelper.java,com.selfeval.muzink.helpers.CurrentPlayingQueueHelper$OnHasStartedListener,interface,0,0,0,0,1,1,0,0,0,0.0,NaN,NaN,1,0,0,0,0,1,1,0,0,0,0,0,0,0,0,0,0,0,0,3,0,0,0,0,0,0,0,0,0,0,0,0,0,0,6,1,0
/home/arch_design_predict/download-github-repos/mvvm/repos/Muzink-Music-Player-App-master/app/src/main/java/com/selfeval/muzink/fragments/navigation/AlbumNavigationFragment.java,com.selfeval.muzink.fragments.navigation.AlbumNavigationFragment,class,25,30,5,25,15,2,0,44,17,0.7954545,0.33333334,0.5,11,0,4,7,0,0,4,0,0,0,36,0,0,36,0,0,0,0,0,290,1,0,3,0,1,10,23,44,0,42,2,8,1,0,96,1,0
/home/arch_design_predict/download-github-repos/mvvm/repos/Muzink-Music-Player-App-master/app/src/main/java/com/selfeval/muzink/adapters/AlbumsAdapter.java,com.selfeval.muzink.adapters.AlbumsAdapter$OnAlbumClickListener,interface,1,1,0,1,1,1,0,0,0,0.0,NaN,NaN,1,0,0,0,0,1,1,0,0,0,0,0,0,0,0,0,0,0,0,3,0,0,0,0,0,0,0,0,0,0,0,0,0,0,6,1,0
/home/arch_design_predict/download-github-repos/mvvm/repos/Muzink-Music-Player-App-master/app/src/main/java/com/selfeval/muzink/fragments/pager/AlbumsFragment.java,com.selfeval.muzink.fragments.pager.AlbumsFragment,class,14,17,3,14,9,2,0,17,4,0.62857145,0.3,0.3,5,0,5,0,0,0,5,0,0,0,7,4,0,7,0,0,2,0,0,49,1,0,3,0,0,7,0,8,0,7,2,0,0,0,45,1,0
