file,class,method,variable,usage
/home/arch_design_predict/download-github-repos/mvvm/repos/Muzink-Music-Player-App-master/app/src/main/java/com/selfeval/muzink/helpers/CurrentPlayingQueueHelper.java,com.selfeval.muzink.helpers.CurrentPlayingQueueHelper,getSongsToPlay/0,songsToPlay,1
/home/arch_design_predict/download-github-repos/mvvm/repos/Muzink-Music-Player-App-master/app/src/main/java/com/selfeval/muzink/helpers/CurrentPlayingQueueHelper.java,com.selfeval.muzink.helpers.CurrentPlayingQueueHelper,setToStartWith/1[int],toStartWith,2
/home/arch_design_predict/download-github-repos/mvvm/repos/Muzink-Music-Player-App-master/app/src/main/java/com/selfeval/muzink/helpers/CurrentPlayingQueueHelper.java,com.selfeval.muzink.helpers.CurrentPlayingQueueHelper,getToStartWith/0,toStartWith,1
/home/arch_design_predict/download-github-repos/mvvm/repos/Muzink-Music-Player-App-master/app/src/main/java/com/selfeval/muzink/helpers/CurrentPlayingQueueHelper.java,com.selfeval.muzink.helpers.CurrentPlayingQueueHelper,setSongsToPlay/1[java.util.ArrayList<com.selfeval.muzink.objs.Song>],songsToPlay,2
/home/arch_design_predict/download-github-repos/mvvm/repos/Muzink-Music-Player-App-master/app/src/main/java/com/selfeval/muzink/helpers/CurrentPlayingQueueHelper.java,com.selfeval.muzink.helpers.CurrentPlayingQueueHelper,CurrentPlayingQueueHelper/1[com.selfeval.muzink.helpers.CurrentPlayingQueueHelper.OnHasStartedListener],onHasStartedListener,2
/home/arch_design_predict/download-github-repos/mvvm/repos/Muzink-Music-Player-App-master/app/src/main/java/com/selfeval/muzink/repository/Repository.java,com.selfeval.muzink.repository.Repository$UpdatePlayListAsyncTask,UpdatePlayListAsyncTask/1[com.selfeval.muzink.daos.PlayListDao],playListDao,3
/home/arch_design_predict/download-github-repos/mvvm/repos/Muzink-Music-Player-App-master/app/src/main/java/com/selfeval/muzink/repository/Repository.java,com.selfeval.muzink.repository.Repository$UpdatePlayListAsyncTask,doInBackground/1[com.selfeval.muzink.entities.PlayList[]],playListDao,1
/home/arch_design_predict/download-github-repos/mvvm/repos/Muzink-Music-Player-App-master/app/src/main/java/com/selfeval/muzink/adapters/AllSongsAdapter.java,com.selfeval.muzink.adapters.AllSongsAdapter,"onBindViewHolder/2[com.selfeval.muzink.adapters.AllSongsAdapter.SongHolder,int]",playLists,1
/home/arch_design_predict/download-github-repos/mvvm/repos/Muzink-Music-Player-App-master/app/src/main/java/com/selfeval/muzink/adapters/AllSongsAdapter.java,com.selfeval.muzink.adapters.AllSongsAdapter,"onBindViewHolder/2[com.selfeval.muzink.adapters.AllSongsAdapter.SongHolder,int]",context,4
/home/arch_design_predict/download-github-repos/mvvm/repos/Muzink-Music-Player-App-master/app/src/main/java/com/selfeval/muzink/adapters/AllSongsAdapter.java,com.selfeval.muzink.adapters.AllSongsAdapter,"onBindViewHolder/2[com.selfeval.muzink.adapters.AllSongsAdapter.SongHolder,int]",allSongs,5
/home/arch_design_predict/download-github-repos/mvvm/repos/Muzink-Music-Player-App-master/app/src/main/java/com/selfeval/muzink/adapters/AllSongsAdapter.java,com.selfeval.muzink.adapters.AllSongsAdapter,AllSongsAdapter/1[com.selfeval.muzink.adapters.Context],context,4
/home/arch_design_predict/download-github-repos/mvvm/repos/Muzink-Music-Player-App-master/app/src/main/java/com/selfeval/muzink/adapters/AllSongsAdapter.java,com.selfeval.muzink.adapters.AllSongsAdapter,AllSongsAdapter/1[com.selfeval.muzink.adapters.Context],allSongs,1
/home/arch_design_predict/download-github-repos/mvvm/repos/Muzink-Music-Player-App-master/app/src/main/java/com/selfeval/muzink/adapters/AllSongsAdapter.java,com.selfeval.muzink.adapters.AllSongsAdapter,getItemCount/0,allSongs,2
/home/arch_design_predict/download-github-repos/mvvm/repos/Muzink-Music-Player-App-master/app/src/main/java/com/selfeval/muzink/adapters/AllSongsAdapter.java,com.selfeval.muzink.adapters.AllSongsAdapter,setPlayLists/1[java.util.List<com.selfeval.muzink.entities.PlayList>],favourites,1
/home/arch_design_predict/download-github-repos/mvvm/repos/Muzink-Music-Player-App-master/app/src/main/java/com/selfeval/muzink/adapters/AllSongsAdapter.java,com.selfeval.muzink.adapters.AllSongsAdapter,setPlayLists/1[java.util.List<com.selfeval.muzink.entities.PlayList>],playLists,4
/home/arch_design_predict/download-github-repos/mvvm/repos/Muzink-Music-Player-App-master/app/src/main/java/com/selfeval/muzink/viewmodels/PlayListSongViewModel.java,com.selfeval.muzink.viewmodels.PlayListSongViewModel,deletePlayListSong/1[com.selfeval.muzink.entities.PlayListSong],repo,1
/home/arch_design_predict/download-github-repos/mvvm/repos/Muzink-Music-Player-App-master/app/src/main/java/com/selfeval/muzink/viewmodels/PlayListSongViewModel.java,com.selfeval.muzink.viewmodels.PlayListSongViewModel,insertPlayListSong/1[com.selfeval.muzink.entities.PlayListSong],repo,1
/home/arch_design_predict/download-github-repos/mvvm/repos/Muzink-Music-Player-App-master/app/src/main/java/com/selfeval/muzink/viewmodels/PlayListSongViewModel.java,com.selfeval.muzink.viewmodels.PlayListSongViewModel,getAllPlayListSongs/0,allPlayListSongs,1
/home/arch_design_predict/download-github-repos/mvvm/repos/Muzink-Music-Player-App-master/app/src/main/java/com/selfeval/muzink/viewmodels/PlayListSongViewModel.java,com.selfeval.muzink.viewmodels.PlayListSongViewModel,PlayListSongViewModel/1[com.selfeval.muzink.viewmodels.Application],allPlayListSongs,1
/home/arch_design_predict/download-github-repos/mvvm/repos/Muzink-Music-Player-App-master/app/src/main/java/com/selfeval/muzink/viewmodels/PlayListSongViewModel.java,com.selfeval.muzink.viewmodels.PlayListSongViewModel,PlayListSongViewModel/1[com.selfeval.muzink.viewmodels.Application],repo,2
/home/arch_design_predict/download-github-repos/mvvm/repos/Muzink-Music-Player-App-master/app/src/main/java/com/selfeval/muzink/loaders/AlbumsLoader.java,com.selfeval.muzink.loaders.AlbumsLoader,getAllAlbums/1[com.selfeval.muzink.loaders.Context],allAlbums,3
/home/arch_design_predict/download-github-repos/mvvm/repos/Muzink-Music-Player-App-master/app/src/main/java/com/selfeval/muzink/activities/BaseActivity.java,com.selfeval.muzink.activities.BaseActivity,setSelectedTabIndicatorColor/1[int],tabLayout,1
/home/arch_design_predict/download-github-repos/mvvm/repos/Muzink-Music-Player-App-master/app/src/main/java/com/selfeval/muzink/activities/BaseActivity.java,com.selfeval.muzink.activities.BaseActivity,onClick/1[com.selfeval.muzink.objs.Song],controller,1
/home/arch_design_predict/download-github-repos/mvvm/repos/Muzink-Music-Player-App-master/app/src/main/java/com/selfeval/muzink/activities/BaseActivity.java,com.selfeval.muzink.activities.BaseActivity,onCreate/1[com.selfeval.muzink.activities.Bundle],appBarLayout,2
/home/arch_design_predict/download-github-repos/mvvm/repos/Muzink-Music-Player-App-master/app/src/main/java/com/selfeval/muzink/activities/BaseActivity.java,com.selfeval.muzink.activities.BaseActivity,onCreate/1[com.selfeval.muzink.activities.Bundle],toolbar,4
/home/arch_design_predict/download-github-repos/mvvm/repos/Muzink-Music-Player-App-master/app/src/main/java/com/selfeval/muzink/activities/BaseActivity.java,com.selfeval.muzink.activities.BaseActivity,onCreate/1[com.selfeval.muzink.activities.Bundle],pagerFragments,1
/home/arch_design_predict/download-github-repos/mvvm/repos/Muzink-Music-Player-App-master/app/src/main/java/com/selfeval/muzink/activities/BaseActivity.java,com.selfeval.muzink.activities.BaseActivity,onCreate/1[com.selfeval.muzink.activities.Bundle],pager,3
/home/arch_design_predict/download-github-repos/mvvm/repos/Muzink-Music-Player-App-master/app/src/main/java/com/selfeval/muzink/activities/BaseActivity.java,com.selfeval.muzink.activities.BaseActivity,onCreate/1[com.selfeval.muzink.activities.Bundle],browser,2
/home/arch_design_predict/download-github-repos/mvvm/repos/Muzink-Music-Player-App-master/app/src/main/java/com/selfeval/muzink/activities/BaseActivity.java,com.selfeval.muzink.activities.BaseActivity,onCreate/1[com.selfeval.muzink.activities.Bundle],tabLayout,3
/home/arch_design_predict/download-github-repos/mvvm/repos/Muzink-Music-Player-App-master/app/src/main/java/com/selfeval/muzink/activities/BaseActivity.java,com.selfeval.muzink.activities.BaseActivity,onCreate/1[com.selfeval.muzink.activities.Bundle],pagerAdapter,2
/home/arch_design_predict/download-github-repos/mvvm/repos/Muzink-Music-Player-App-master/app/src/main/java/com/selfeval/muzink/activities/BaseActivity.java,com.selfeval.muzink.activities.BaseActivity,"initPager/3[com.selfeval.muzink.activities.ViewPager,com.selfeval.muzink.adapters.FragmentsPagerAdapter,java.util.List<com.selfeval.muzink.activities.Fragment>]",pagerFragments,6
/home/arch_design_predict/download-github-repos/mvvm/repos/Muzink-Music-Player-App-master/app/src/main/java/com/selfeval/muzink/activities/BaseActivity.java,com.selfeval.muzink.activities.BaseActivity,"initPager/3[com.selfeval.muzink.activities.ViewPager,com.selfeval.muzink.adapters.FragmentsPagerAdapter,java.util.List<com.selfeval.muzink.activities.Fragment>]",playListsFragment,1
/home/arch_design_predict/download-github-repos/mvvm/repos/Muzink-Music-Player-App-master/app/src/main/java/com/selfeval/muzink/activities/BaseActivity.java,com.selfeval.muzink.activities.BaseActivity,"initPager/3[com.selfeval.muzink.activities.ViewPager,com.selfeval.muzink.adapters.FragmentsPagerAdapter,java.util.List<com.selfeval.muzink.activities.Fragment>]",albumsFragment,1
/home/arch_design_predict/download-github-repos/mvvm/repos/Muzink-Music-Player-App-master/app/src/main/java/com/selfeval/muzink/activities/BaseActivity.java,com.selfeval.muzink.activities.BaseActivity,"initPager/3[com.selfeval.muzink.activities.ViewPager,com.selfeval.muzink.adapters.FragmentsPagerAdapter,java.util.List<com.selfeval.muzink.activities.Fragment>]",allSongsFragment,1
/home/arch_design_predict/download-github-repos/mvvm/repos/Muzink-Music-Player-App-master/app/src/main/java/com/selfeval/muzink/activities/BaseActivity.java,com.selfeval.muzink.activities.BaseActivity,"initPager/3[com.selfeval.muzink.activities.ViewPager,com.selfeval.muzink.adapters.FragmentsPagerAdapter,java.util.List<com.selfeval.muzink.activities.Fragment>]",playFragment,1
/home/arch_design_predict/download-github-repos/mvvm/repos/Muzink-Music-Player-App-master/app/src/main/java/com/selfeval/muzink/activities/BaseActivity.java,com.selfeval.muzink.activities.BaseActivity,initTabLayout/1[com.selfeval.muzink.activities.TabLayout],tabLayout,3
/home/arch_design_predict/download-github-repos/mvvm/repos/Muzink-Music-Player-App-master/app/src/main/java/com/selfeval/muzink/activities/BaseActivity.java,com.selfeval.muzink.activities.BaseActivity,onClick/1[com.selfeval.muzink.activities.View],controller,3
/home/arch_design_predict/download-github-repos/mvvm/repos/Muzink-Music-Player-App-master/app/src/main/java/com/selfeval/muzink/fragments/pager/AllSongsFragment.java,com.selfeval.muzink.fragments.pager.AllSongsFragment,onAttach/1[com.selfeval.muzink.fragments.pager.Context],adapter,1
/home/arch_design_predict/download-github-repos/mvvm/repos/Muzink-Music-Player-App-master/app/src/main/java/com/selfeval/muzink/fragments/pager/AllSongsFragment.java,com.selfeval.muzink.fragments.pager.AllSongsFragment,"onViewCreated/2[com.selfeval.muzink.fragments.pager.View,com.selfeval.muzink.fragments.pager.Bundle]",adapter,1
/home/arch_design_predict/download-github-repos/mvvm/repos/Muzink-Music-Player-App-master/app/src/main/java/com/selfeval/muzink/fragments/pager/AllSongsFragment.java,com.selfeval.muzink.fragments.pager.AllSongsFragment,"onViewCreated/2[com.selfeval.muzink.fragments.pager.View,com.selfeval.muzink.fragments.pager.Bundle]",recyclerView,2
/home/arch_design_predict/download-github-repos/mvvm/repos/Muzink-Music-Player-App-master/app/src/main/java/com/selfeval/muzink/repository/Repository.java,com.selfeval.muzink.repository.Repository$DeletePlayListAsyncTask,DeletePlayListAsyncTask/1[com.selfeval.muzink.daos.PlayListDao],playListDao,3
/home/arch_design_predict/download-github-repos/mvvm/repos/Muzink-Music-Player-App-master/app/src/main/java/com/selfeval/muzink/repository/Repository.java,com.selfeval.muzink.repository.Repository$DeletePlayListAsyncTask,doInBackground/1[com.selfeval.muzink.entities.PlayList[]],playListDao,1
/home/arch_design_predict/download-github-repos/mvvm/repos/Muzink-Music-Player-App-master/app/src/main/java/com/selfeval/muzink/fragments/view/AlbumsViewFragment.java,com.selfeval.muzink.fragments.view.AlbumsViewFragment,"onViewCreated/2[com.selfeval.muzink.fragments.view.View,com.selfeval.muzink.fragments.view.Bundle]",adapter,2
/home/arch_design_predict/download-github-repos/mvvm/repos/Muzink-Music-Player-App-master/app/src/main/java/com/selfeval/muzink/fragments/view/AlbumsViewFragment.java,com.selfeval.muzink.fragments.view.AlbumsViewFragment,"onViewCreated/2[com.selfeval.muzink.fragments.view.View,com.selfeval.muzink.fragments.view.Bundle]",albumsRecycler,3
/home/arch_design_predict/download-github-repos/mvvm/repos/Muzink-Music-Player-App-master/app/src/main/java/com/selfeval/muzink/database/PlayListsDB.java,com.selfeval.muzink.database.PlayListsDB,getInstance/1[com.selfeval.muzink.database.Context],instance,3
/home/arch_design_predict/download-github-repos/mvvm/repos/Muzink-Music-Player-App-master/app/src/main/java/com/selfeval/muzink/adapters/AlbumsAdapter.java,com.selfeval.muzink.adapters.AlbumsAdapter,AlbumsAdapter/1[com.selfeval.muzink.fragments.pager.AlbumsFragment],albumClickListener,1
/home/arch_design_predict/download-github-repos/mvvm/repos/Muzink-Music-Player-App-master/app/src/main/java/com/selfeval/muzink/adapters/AlbumsAdapter.java,com.selfeval.muzink.adapters.AlbumsAdapter,AlbumsAdapter/1[com.selfeval.muzink.fragments.pager.AlbumsFragment],albums,1
/home/arch_design_predict/download-github-repos/mvvm/repos/Muzink-Music-Player-App-master/app/src/main/java/com/selfeval/muzink/adapters/AlbumsAdapter.java,com.selfeval.muzink.adapters.AlbumsAdapter,AlbumsAdapter/1[com.selfeval.muzink.fragments.pager.AlbumsFragment],context,2
/home/arch_design_predict/download-github-repos/mvvm/repos/Muzink-Music-Player-App-master/app/src/main/java/com/selfeval/muzink/adapters/AlbumsAdapter.java,com.selfeval.muzink.adapters.AlbumsAdapter,getItemCount/0,albums,2
/home/arch_design_predict/download-github-repos/mvvm/repos/Muzink-Music-Player-App-master/app/src/main/java/com/selfeval/muzink/adapters/AlbumsAdapter.java,com.selfeval.muzink.adapters.AlbumsAdapter,"onBindViewHolder/2[com.selfeval.muzink.adapters.AlbumsAdapter.AlbumHolder,int]",albums,2
/home/arch_design_predict/download-github-repos/mvvm/repos/Muzink-Music-Player-App-master/app/src/main/java/com/selfeval/muzink/adapters/AlbumsAdapter.java,com.selfeval.muzink.adapters.AlbumsAdapter,"onBindViewHolder/2[com.selfeval.muzink.adapters.AlbumsAdapter.AlbumHolder,int]",context,2
/home/arch_design_predict/download-github-repos/mvvm/repos/Muzink-Music-Player-App-master/app/src/main/java/com/selfeval/muzink/viewmodels/PlayListViewModel.java,com.selfeval.muzink.viewmodels.PlayListViewModel,PlayListViewModel/1[com.selfeval.muzink.viewmodels.Application],repo,2
/home/arch_design_predict/download-github-repos/mvvm/repos/Muzink-Music-Player-App-master/app/src/main/java/com/selfeval/muzink/viewmodels/PlayListViewModel.java,com.selfeval.muzink.viewmodels.PlayListViewModel,PlayListViewModel/1[com.selfeval.muzink.viewmodels.Application],allPlayLists,1
/home/arch_design_predict/download-github-repos/mvvm/repos/Muzink-Music-Player-App-master/app/src/main/java/com/selfeval/muzink/viewmodels/PlayListViewModel.java,com.selfeval.muzink.viewmodels.PlayListViewModel,updatePlayList/1[com.selfeval.muzink.entities.PlayList],repo,1
/home/arch_design_predict/download-github-repos/mvvm/repos/Muzink-Music-Player-App-master/app/src/main/java/com/selfeval/muzink/viewmodels/PlayListViewModel.java,com.selfeval.muzink.viewmodels.PlayListViewModel,deletePlayList/1[com.selfeval.muzink.entities.PlayList],repo,1
/home/arch_design_predict/download-github-repos/mvvm/repos/Muzink-Music-Player-App-master/app/src/main/java/com/selfeval/muzink/viewmodels/PlayListViewModel.java,com.selfeval.muzink.viewmodels.PlayListViewModel,insertPlayList/1[com.selfeval.muzink.entities.PlayList],repo,1
/home/arch_design_predict/download-github-repos/mvvm/repos/Muzink-Music-Player-App-master/app/src/main/java/com/selfeval/muzink/viewmodels/PlayListViewModel.java,com.selfeval.muzink.viewmodels.PlayListViewModel,getAllPlayLists/0,allPlayLists,1
/home/arch_design_predict/download-github-repos/mvvm/repos/Muzink-Music-Player-App-master/app/src/main/java/com/selfeval/muzink/repository/Repository.java,com.selfeval.muzink.repository.Repository$DeletePlayListSongAsyncTask,doInBackground/1[com.selfeval.muzink.entities.PlayListSong[]],playListSongDao,1
/home/arch_design_predict/download-github-repos/mvvm/repos/Muzink-Music-Player-App-master/app/src/main/java/com/selfeval/muzink/repository/Repository.java,com.selfeval.muzink.repository.Repository$DeletePlayListSongAsyncTask,DeletePlayListSongAsyncTask/1[com.selfeval.muzink.daos.PlayListSongDao],playListSongDao,3
/home/arch_design_predict/download-github-repos/mvvm/repos/Muzink-Music-Player-App-master/app/src/main/java/com/selfeval/muzink/adapters/AlbumsAdapter.java,com.selfeval.muzink.adapters.AlbumsAdapter$AlbumHolder,onClick/1[com.selfeval.muzink.adapters.View],listener,1
/home/arch_design_predict/download-github-repos/mvvm/repos/Muzink-Music-Player-App-master/app/src/main/java/com/selfeval/muzink/adapters/AlbumsAdapter.java,com.selfeval.muzink.adapters.AlbumsAdapter$AlbumHolder,"AlbumHolder/2[com.selfeval.muzink.adapters.View,View.OnClickListener]",album_art,1
/home/arch_design_predict/download-github-repos/mvvm/repos/Muzink-Music-Player-App-master/app/src/main/java/com/selfeval/muzink/adapters/AlbumsAdapter.java,com.selfeval.muzink.adapters.AlbumsAdapter$AlbumHolder,"AlbumHolder/2[com.selfeval.muzink.adapters.View,View.OnClickListener]",listener,3
/home/arch_design_predict/download-github-repos/mvvm/repos/Muzink-Music-Player-App-master/app/src/main/java/com/selfeval/muzink/adapters/AlbumsAdapter.java,com.selfeval.muzink.adapters.AlbumsAdapter$AlbumHolder,"AlbumHolder/2[com.selfeval.muzink.adapters.View,View.OnClickListener]",title,1
/home/arch_design_predict/download-github-repos/mvvm/repos/Muzink-Music-Player-App-master/app/src/main/java/com/selfeval/muzink/BlurBuilder.java,com.selfeval.muzink.BlurBuilder,"blur/2[com.selfeval.muzink.Context,com.selfeval.muzink.Bitmap]",BITMAP_SCALE,2
/home/arch_design_predict/download-github-repos/mvvm/repos/Muzink-Music-Player-App-master/app/src/main/java/com/selfeval/muzink/BlurBuilder.java,com.selfeval.muzink.BlurBuilder,"blur/2[com.selfeval.muzink.Context,com.selfeval.muzink.Bitmap]",BLUR_RADIUS,1
/home/arch_design_predict/download-github-repos/mvvm/repos/Muzink-Music-Player-App-master/app/src/main/java/com/selfeval/muzink/entities/PlayListSong.java,com.selfeval.muzink.entities.PlayListSong,setTitle/1[java.lang.String],title,3
/home/arch_design_predict/download-github-repos/mvvm/repos/Muzink-Music-Player-App-master/app/src/main/java/com/selfeval/muzink/entities/PlayListSong.java,com.selfeval.muzink.entities.PlayListSong,getAlbumID/0,albumID,1
/home/arch_design_predict/download-github-repos/mvvm/repos/Muzink-Music-Player-App-master/app/src/main/java/com/selfeval/muzink/entities/PlayListSong.java,com.selfeval.muzink.entities.PlayListSong,getTitle/0,title,1
/home/arch_design_predict/download-github-repos/mvvm/repos/Muzink-Music-Player-App-master/app/src/main/java/com/selfeval/muzink/entities/PlayListSong.java,com.selfeval.muzink.entities.PlayListSong,"PlayListSong/6[int,java.lang.String,java.lang.String,long,java.lang.String,long]",artist,3
/home/arch_design_predict/download-github-repos/mvvm/repos/Muzink-Music-Player-App-master/app/src/main/java/com/selfeval/muzink/entities/PlayListSong.java,com.selfeval.muzink.entities.PlayListSong,"PlayListSong/6[int,java.lang.String,java.lang.String,long,java.lang.String,long]",albumID,3
/home/arch_design_predict/download-github-repos/mvvm/repos/Muzink-Music-Player-App-master/app/src/main/java/com/selfeval/muzink/entities/PlayListSong.java,com.selfeval.muzink.entities.PlayListSong,"PlayListSong/6[int,java.lang.String,java.lang.String,long,java.lang.String,long]",title,3
/home/arch_design_predict/download-github-repos/mvvm/repos/Muzink-Music-Player-App-master/app/src/main/java/com/selfeval/muzink/entities/PlayListSong.java,com.selfeval.muzink.entities.PlayListSong,"PlayListSong/6[int,java.lang.String,java.lang.String,long,java.lang.String,long]",songID,3
/home/arch_design_predict/download-github-repos/mvvm/repos/Muzink-Music-Player-App-master/app/src/main/java/com/selfeval/muzink/entities/PlayListSong.java,com.selfeval.muzink.entities.PlayListSong,"PlayListSong/6[int,java.lang.String,java.lang.String,long,java.lang.String,long]",songAlbum,3
/home/arch_design_predict/download-github-repos/mvvm/repos/Muzink-Music-Player-App-master/app/src/main/java/com/selfeval/muzink/entities/PlayListSong.java,com.selfeval.muzink.entities.PlayListSong,"PlayListSong/6[int,java.lang.String,java.lang.String,long,java.lang.String,long]",playListID,3
/home/arch_design_predict/download-github-repos/mvvm/repos/Muzink-Music-Player-App-master/app/src/main/java/com/selfeval/muzink/entities/PlayListSong.java,com.selfeval.muzink.entities.PlayListSong,getArtist/0,artist,1
/home/arch_design_predict/download-github-repos/mvvm/repos/Muzink-Music-Player-App-master/app/src/main/java/com/selfeval/muzink/entities/PlayListSong.java,com.selfeval.muzink.entities.PlayListSong,setPlayListID/1[int],playListID,3
/home/arch_design_predict/download-github-repos/mvvm/repos/Muzink-Music-Player-App-master/app/src/main/java/com/selfeval/muzink/entities/PlayListSong.java,com.selfeval.muzink.entities.PlayListSong,getSongID/0,songID,1
/home/arch_design_predict/download-github-repos/mvvm/repos/Muzink-Music-Player-App-master/app/src/main/java/com/selfeval/muzink/entities/PlayListSong.java,com.selfeval.muzink.entities.PlayListSong,getPlayListID/0,playListID,1
/home/arch_design_predict/download-github-repos/mvvm/repos/Muzink-Music-Player-App-master/app/src/main/java/com/selfeval/muzink/entities/PlayListSong.java,com.selfeval.muzink.entities.PlayListSong,getSongAlbum/0,songAlbum,1
/home/arch_design_predict/download-github-repos/mvvm/repos/Muzink-Music-Player-App-master/app/src/main/java/com/selfeval/muzink/repository/Repository.java,com.selfeval.muzink.repository.Repository,getAllPlaylists/0,allPlaylists,1
/home/arch_design_predict/download-github-repos/mvvm/repos/Muzink-Music-Player-App-master/app/src/main/java/com/selfeval/muzink/repository/Repository.java,com.selfeval.muzink.repository.Repository,updatePlayList/1[com.selfeval.muzink.entities.PlayList],playListDao,1
/home/arch_design_predict/download-github-repos/mvvm/repos/Muzink-Music-Player-App-master/app/src/main/java/com/selfeval/muzink/repository/Repository.java,com.selfeval.muzink.repository.Repository,insertPlayList/1[com.selfeval.muzink.entities.PlayList],playListDao,1
/home/arch_design_predict/download-github-repos/mvvm/repos/Muzink-Music-Player-App-master/app/src/main/java/com/selfeval/muzink/repository/Repository.java,com.selfeval.muzink.repository.Repository,getAllPlayListSongs/0,allPlayListSongs,1
/home/arch_design_predict/download-github-repos/mvvm/repos/Muzink-Music-Player-App-master/app/src/main/java/com/selfeval/muzink/repository/Repository.java,com.selfeval.muzink.repository.Repository,Repository/1[com.selfeval.muzink.repository.Context],database,3
/home/arch_design_predict/download-github-repos/mvvm/repos/Muzink-Music-Player-App-master/app/src/main/java/com/selfeval/muzink/repository/Repository.java,com.selfeval.muzink.repository.Repository,Repository/1[com.selfeval.muzink.repository.Context],allPlaylists,1
/home/arch_design_predict/download-github-repos/mvvm/repos/Muzink-Music-Player-App-master/app/src/main/java/com/selfeval/muzink/repository/Repository.java,com.selfeval.muzink.repository.Repository,Repository/1[com.selfeval.muzink.repository.Context],allPlayListSongs,1
/home/arch_design_predict/download-github-repos/mvvm/repos/Muzink-Music-Player-App-master/app/src/main/java/com/selfeval/muzink/repository/Repository.java,com.selfeval.muzink.repository.Repository,Repository/1[com.selfeval.muzink.repository.Context],playListDao,2
/home/arch_design_predict/download-github-repos/mvvm/repos/Muzink-Music-Player-App-master/app/src/main/java/com/selfeval/muzink/repository/Repository.java,com.selfeval.muzink.repository.Repository,Repository/1[com.selfeval.muzink.repository.Context],playListSongDao,2
/home/arch_design_predict/download-github-repos/mvvm/repos/Muzink-Music-Player-App-master/app/src/main/java/com/selfeval/muzink/repository/Repository.java,com.selfeval.muzink.repository.Repository,deletePlayListSong/1[com.selfeval.muzink.entities.PlayListSong],playListSongDao,1
/home/arch_design_predict/download-github-repos/mvvm/repos/Muzink-Music-Player-App-master/app/src/main/java/com/selfeval/muzink/repository/Repository.java,com.selfeval.muzink.repository.Repository,deletePlayList/1[com.selfeval.muzink.entities.PlayList],playListDao,1
/home/arch_design_predict/download-github-repos/mvvm/repos/Muzink-Music-Player-App-master/app/src/main/java/com/selfeval/muzink/repository/Repository.java,com.selfeval.muzink.repository.Repository,insertPlayListSong/1[com.selfeval.muzink.entities.PlayListSong],playListSongDao,1
/home/arch_design_predict/download-github-repos/mvvm/repos/Muzink-Music-Player-App-master/app/src/main/java/com/selfeval/muzink/entities/PlayList.java,com.selfeval.muzink.entities.PlayList,setId/1[int],id,3
/home/arch_design_predict/download-github-repos/mvvm/repos/Muzink-Music-Player-App-master/app/src/main/java/com/selfeval/muzink/entities/PlayList.java,com.selfeval.muzink.entities.PlayList,getName/0,name,1
/home/arch_design_predict/download-github-repos/mvvm/repos/Muzink-Music-Player-App-master/app/src/main/java/com/selfeval/muzink/entities/PlayList.java,com.selfeval.muzink.entities.PlayList,getId/0,id,1
/home/arch_design_predict/download-github-repos/mvvm/repos/Muzink-Music-Player-App-master/app/src/main/java/com/selfeval/muzink/entities/PlayList.java,com.selfeval.muzink.entities.PlayList,PlayList/1[java.lang.String],name,3
/home/arch_design_predict/download-github-repos/mvvm/repos/Muzink-Music-Player-App-master/app/src/main/java/com/selfeval/muzink/repository/Repository.java,com.selfeval.muzink.repository.Repository$InsertPlayListAsyncTask,InsertPlayListAsyncTask/1[com.selfeval.muzink.daos.PlayListDao],playListDao,3
/home/arch_design_predict/download-github-repos/mvvm/repos/Muzink-Music-Player-App-master/app/src/main/java/com/selfeval/muzink/repository/Repository.java,com.selfeval.muzink.repository.Repository$InsertPlayListAsyncTask,doInBackground/1[com.selfeval.muzink.entities.PlayList[]],playListDao,1
/home/arch_design_predict/download-github-repos/mvvm/repos/Muzink-Music-Player-App-master/app/src/main/java/com/selfeval/muzink/objs/Song.java,com.selfeval.muzink.objs.Song,getArtist/0,artist,1
/home/arch_design_predict/download-github-repos/mvvm/repos/Muzink-Music-Player-App-master/app/src/main/java/com/selfeval/muzink/objs/Song.java,com.selfeval.muzink.objs.Song,getAlbumID/0,albumID,1
/home/arch_design_predict/download-github-repos/mvvm/repos/Muzink-Music-Player-App-master/app/src/main/java/com/selfeval/muzink/objs/Song.java,com.selfeval.muzink.objs.Song,getTitle/0,title,1
/home/arch_design_predict/download-github-repos/mvvm/repos/Muzink-Music-Player-App-master/app/src/main/java/com/selfeval/muzink/objs/Song.java,com.selfeval.muzink.objs.Song,"Song/6[java.lang.String,java.lang.String,long,long,java.lang.String,java.lang.String]",duration,3
/home/arch_design_predict/download-github-repos/mvvm/repos/Muzink-Music-Player-App-master/app/src/main/java/com/selfeval/muzink/objs/Song.java,com.selfeval.muzink.objs.Song,"Song/6[java.lang.String,java.lang.String,long,long,java.lang.String,java.lang.String]",artist,3
/home/arch_design_predict/download-github-repos/mvvm/repos/Muzink-Music-Player-App-master/app/src/main/java/com/selfeval/muzink/objs/Song.java,com.selfeval.muzink.objs.Song,"Song/6[java.lang.String,java.lang.String,long,long,java.lang.String,java.lang.String]",albumID,3
/home/arch_design_predict/download-github-repos/mvvm/repos/Muzink-Music-Player-App-master/app/src/main/java/com/selfeval/muzink/objs/Song.java,com.selfeval.muzink.objs.Song,"Song/6[java.lang.String,java.lang.String,long,long,java.lang.String,java.lang.String]",title,3
/home/arch_design_predict/download-github-repos/mvvm/repos/Muzink-Music-Player-App-master/app/src/main/java/com/selfeval/muzink/objs/Song.java,com.selfeval.muzink.objs.Song,"Song/6[java.lang.String,java.lang.String,long,long,java.lang.String,java.lang.String]",songAlbum,3
/home/arch_design_predict/download-github-repos/mvvm/repos/Muzink-Music-Player-App-master/app/src/main/java/com/selfeval/muzink/objs/Song.java,com.selfeval.muzink.objs.Song,"Song/6[java.lang.String,java.lang.String,long,long,java.lang.String,java.lang.String]",songID,1
/home/arch_design_predict/download-github-repos/mvvm/repos/Muzink-Music-Player-App-master/app/src/main/java/com/selfeval/muzink/objs/Song.java,com.selfeval.muzink.objs.Song,getSongID/0,songID,1
/home/arch_design_predict/download-github-repos/mvvm/repos/Muzink-Music-Player-App-master/app/src/main/java/com/selfeval/muzink/objs/Song.java,com.selfeval.muzink.objs.Song,getDuration/0,duration,1
/home/arch_design_predict/download-github-repos/mvvm/repos/Muzink-Music-Player-App-master/app/src/main/java/com/selfeval/muzink/objs/Song.java,com.selfeval.muzink.objs.Song,getSongAlbum/0,songAlbum,1
/home/arch_design_predict/download-github-repos/mvvm/repos/Muzink-Music-Player-App-master/app/src/main/java/com/selfeval/muzink/adapters/AllSongsAdapter.java,com.selfeval.muzink.adapters.AllSongsAdapter$SongHolder,SongHolder/1[com.selfeval.muzink.adapters.View],duration,1
/home/arch_design_predict/download-github-repos/mvvm/repos/Muzink-Music-Player-App-master/app/src/main/java/com/selfeval/muzink/adapters/AllSongsAdapter.java,com.selfeval.muzink.adapters.AllSongsAdapter$SongHolder,SongHolder/1[com.selfeval.muzink.adapters.View],artistArt,1
/home/arch_design_predict/download-github-repos/mvvm/repos/Muzink-Music-Player-App-master/app/src/main/java/com/selfeval/muzink/adapters/AllSongsAdapter.java,com.selfeval.muzink.adapters.AllSongsAdapter$SongHolder,SongHolder/1[com.selfeval.muzink.adapters.View],artist,1
/home/arch_design_predict/download-github-repos/mvvm/repos/Muzink-Music-Player-App-master/app/src/main/java/com/selfeval/muzink/adapters/AllSongsAdapter.java,com.selfeval.muzink.adapters.AllSongsAdapter$SongHolder,SongHolder/1[com.selfeval.muzink.adapters.View],album,1
/home/arch_design_predict/download-github-repos/mvvm/repos/Muzink-Music-Player-App-master/app/src/main/java/com/selfeval/muzink/adapters/AllSongsAdapter.java,com.selfeval.muzink.adapters.AllSongsAdapter$SongHolder,SongHolder/1[com.selfeval.muzink.adapters.View],menuBtn,1
/home/arch_design_predict/download-github-repos/mvvm/repos/Muzink-Music-Player-App-master/app/src/main/java/com/selfeval/muzink/adapters/AllSongsAdapter.java,com.selfeval.muzink.adapters.AllSongsAdapter$SongHolder,SongHolder/1[com.selfeval.muzink.adapters.View],title,1
/home/arch_design_predict/download-github-repos/mvvm/repos/Muzink-Music-Player-App-master/app/src/main/java/com/selfeval/muzink/adapters/AlbumSongsAdapter.java,com.selfeval.muzink.adapters.AlbumSongsAdapter$AlbumSongHolder,onClick/1[com.selfeval.muzink.adapters.View],clickListener,1
/home/arch_design_predict/download-github-repos/mvvm/repos/Muzink-Music-Player-App-master/app/src/main/java/com/selfeval/muzink/adapters/AlbumSongsAdapter.java,com.selfeval.muzink.adapters.AlbumSongsAdapter$AlbumSongHolder,"AlbumSongHolder/2[com.selfeval.muzink.adapters.View,View.OnClickListener]",duration,1
/home/arch_design_predict/download-github-repos/mvvm/repos/Muzink-Music-Player-App-master/app/src/main/java/com/selfeval/muzink/adapters/AlbumSongsAdapter.java,com.selfeval.muzink.adapters.AlbumSongsAdapter$AlbumSongHolder,"AlbumSongHolder/2[com.selfeval.muzink.adapters.View,View.OnClickListener]",menuBtn,1
/home/arch_design_predict/download-github-repos/mvvm/repos/Muzink-Music-Player-App-master/app/src/main/java/com/selfeval/muzink/adapters/AlbumSongsAdapter.java,com.selfeval.muzink.adapters.AlbumSongsAdapter$AlbumSongHolder,"AlbumSongHolder/2[com.selfeval.muzink.adapters.View,View.OnClickListener]",title,1
/home/arch_design_predict/download-github-repos/mvvm/repos/Muzink-Music-Player-App-master/app/src/main/java/com/selfeval/muzink/adapters/AlbumSongsAdapter.java,com.selfeval.muzink.adapters.AlbumSongsAdapter$AlbumSongHolder,"AlbumSongHolder/2[com.selfeval.muzink.adapters.View,View.OnClickListener]",clickListener,3
/home/arch_design_predict/download-github-repos/mvvm/repos/Muzink-Music-Player-App-master/app/src/main/java/com/selfeval/muzink/loaders/SongsLoader.java,com.selfeval.muzink.loaders.SongsLoader,getAllSongs/1[com.selfeval.muzink.loaders.Context],allSongs,3
/home/arch_design_predict/download-github-repos/mvvm/repos/Muzink-Music-Player-App-master/app/src/main/java/com/selfeval/muzink/adapters/AlbumSongsAdapter.java,com.selfeval.muzink.adapters.AlbumSongsAdapter,"AlbumSongsAdapter/2[com.selfeval.muzink.adapters.Context,long]",currentAlbumID,4
/home/arch_design_predict/download-github-repos/mvvm/repos/Muzink-Music-Player-App-master/app/src/main/java/com/selfeval/muzink/adapters/AlbumSongsAdapter.java,com.selfeval.muzink.adapters.AlbumSongsAdapter,"AlbumSongsAdapter/2[com.selfeval.muzink.adapters.Context,long]",songs,1
/home/arch_design_predict/download-github-repos/mvvm/repos/Muzink-Music-Player-App-master/app/src/main/java/com/selfeval/muzink/adapters/AlbumSongsAdapter.java,com.selfeval.muzink.adapters.AlbumSongsAdapter,"AlbumSongsAdapter/2[com.selfeval.muzink.adapters.Context,long]",context,6
/home/arch_design_predict/download-github-repos/mvvm/repos/Muzink-Music-Player-App-master/app/src/main/java/com/selfeval/muzink/adapters/AlbumSongsAdapter.java,com.selfeval.muzink.adapters.AlbumSongsAdapter,"AlbumSongsAdapter/2[com.selfeval.muzink.adapters.Context,long]",allSongs,2
/home/arch_design_predict/download-github-repos/mvvm/repos/Muzink-Music-Player-App-master/app/src/main/java/com/selfeval/muzink/adapters/AlbumSongsAdapter.java,com.selfeval.muzink.adapters.AlbumSongsAdapter,"AlbumSongsAdapter/2[com.selfeval.muzink.adapters.Context,long]",model,1
/home/arch_design_predict/download-github-repos/mvvm/repos/Muzink-Music-Player-App-master/app/src/main/java/com/selfeval/muzink/adapters/AlbumSongsAdapter.java,com.selfeval.muzink.adapters.AlbumSongsAdapter,"AlbumSongsAdapter/2[com.selfeval.muzink.adapters.Context,long]",onSongClickListener,1
/home/arch_design_predict/download-github-repos/mvvm/repos/Muzink-Music-Player-App-master/app/src/main/java/com/selfeval/muzink/adapters/AlbumSongsAdapter.java,com.selfeval.muzink.adapters.AlbumSongsAdapter,getItemCount/0,songs,2
/home/arch_design_predict/download-github-repos/mvvm/repos/Muzink-Music-Player-App-master/app/src/main/java/com/selfeval/muzink/adapters/AlbumSongsAdapter.java,com.selfeval.muzink.adapters.AlbumSongsAdapter,"onBindViewHolder/2[com.selfeval.muzink.adapters.AlbumSongsAdapter.AlbumSongHolder,int]",songs,3
/home/arch_design_predict/download-github-repos/mvvm/repos/Muzink-Music-Player-App-master/app/src/main/java/com/selfeval/muzink/adapters/AlbumSongsAdapter.java,com.selfeval.muzink.adapters.AlbumSongsAdapter,getSongs/0,songs,1
/home/arch_design_predict/download-github-repos/mvvm/repos/Muzink-Music-Player-App-master/app/src/main/java/com/selfeval/muzink/adapters/AlbumSongsAdapter.java,com.selfeval.muzink.adapters.AlbumSongsAdapter,"configurePopupMenu/2[int,com.selfeval.muzink.adapters.AlbumSongsAdapter.AlbumSongHolder]",playLists,1
/home/arch_design_predict/download-github-repos/mvvm/repos/Muzink-Music-Player-App-master/app/src/main/java/com/selfeval/muzink/adapters/AlbumSongsAdapter.java,com.selfeval.muzink.adapters.AlbumSongsAdapter,"configurePopupMenu/2[int,com.selfeval.muzink.adapters.AlbumSongsAdapter.AlbumSongHolder]",context,2
/home/arch_design_predict/download-github-repos/mvvm/repos/Muzink-Music-Player-App-master/app/src/main/java/com/selfeval/muzink/adapters/FragmentsPagerAdapter.java,com.selfeval.muzink.adapters.FragmentsPagerAdapter,getCount/0,pagerFragments,2
/home/arch_design_predict/download-github-repos/mvvm/repos/Muzink-Music-Player-App-master/app/src/main/java/com/selfeval/muzink/adapters/FragmentsPagerAdapter.java,com.selfeval.muzink.adapters.FragmentsPagerAdapter,setPagerFragments/1[java.util.List<com.selfeval.muzink.adapters.Fragment>],pagerFragments,3
/home/arch_design_predict/download-github-repos/mvvm/repos/Muzink-Music-Player-App-master/app/src/main/java/com/selfeval/muzink/adapters/FragmentsPagerAdapter.java,com.selfeval.muzink.adapters.FragmentsPagerAdapter,getItem/1[int],pagerFragments,1
/home/arch_design_predict/download-github-repos/mvvm/repos/Muzink-Music-Player-App-master/app/src/main/java/com/selfeval/muzink/objs/Album.java,com.selfeval.muzink.objs.Album,"Album/4[java.lang.String,java.lang.String,java.lang.String,long]",artist,3
/home/arch_design_predict/download-github-repos/mvvm/repos/Muzink-Music-Player-App-master/app/src/main/java/com/selfeval/muzink/objs/Album.java,com.selfeval.muzink.objs.Album,"Album/4[java.lang.String,java.lang.String,java.lang.String,long]",year,3
/home/arch_design_predict/download-github-repos/mvvm/repos/Muzink-Music-Player-App-master/app/src/main/java/com/selfeval/muzink/objs/Album.java,com.selfeval.muzink.objs.Album,"Album/4[java.lang.String,java.lang.String,java.lang.String,long]",ID,3
/home/arch_design_predict/download-github-repos/mvvm/repos/Muzink-Music-Player-App-master/app/src/main/java/com/selfeval/muzink/objs/Album.java,com.selfeval.muzink.objs.Album,"Album/4[java.lang.String,java.lang.String,java.lang.String,long]",title,3
/home/arch_design_predict/download-github-repos/mvvm/repos/Muzink-Music-Player-App-master/app/src/main/java/com/selfeval/muzink/objs/Album.java,com.selfeval.muzink.objs.Album,getYear/0,year,1
/home/arch_design_predict/download-github-repos/mvvm/repos/Muzink-Music-Player-App-master/app/src/main/java/com/selfeval/muzink/objs/Album.java,com.selfeval.muzink.objs.Album,getArtist/0,artist,1
/home/arch_design_predict/download-github-repos/mvvm/repos/Muzink-Music-Player-App-master/app/src/main/java/com/selfeval/muzink/objs/Album.java,com.selfeval.muzink.objs.Album,getTitle/0,title,1
/home/arch_design_predict/download-github-repos/mvvm/repos/Muzink-Music-Player-App-master/app/src/main/java/com/selfeval/muzink/objs/Album.java,com.selfeval.muzink.objs.Album,getID/0,ID,1
/home/arch_design_predict/download-github-repos/mvvm/repos/Muzink-Music-Player-App-master/app/src/main/java/com/selfeval/muzink/repository/Repository.java,com.selfeval.muzink.repository.Repository$InsertPlayListSongAsyncTask,doInBackground/1[com.selfeval.muzink.entities.PlayListSong[]],playListSongDao,1
/home/arch_design_predict/download-github-repos/mvvm/repos/Muzink-Music-Player-App-master/app/src/main/java/com/selfeval/muzink/repository/Repository.java,com.selfeval.muzink.repository.Repository$InsertPlayListSongAsyncTask,InsertPlayListSongAsyncTask/1[com.selfeval.muzink.daos.PlayListSongDao],playListSongDao,3
/home/arch_design_predict/download-github-repos/mvvm/repos/Muzink-Music-Player-App-master/app/src/main/java/com/selfeval/muzink/services/MusicPlayerService.java,com.selfeval.muzink.services.MusicPlayerService,playCurrentSong/0,mCurrentIndexOnQueue,2
/home/arch_design_predict/download-github-repos/mvvm/repos/Muzink-Music-Player-App-master/app/src/main/java/com/selfeval/muzink/services/MusicPlayerService.java,com.selfeval.muzink.services.MusicPlayerService,playCurrentSong/0,mMediaPlayer,3
/home/arch_design_predict/download-github-repos/mvvm/repos/Muzink-Music-Player-App-master/app/src/main/java/com/selfeval/muzink/services/MusicPlayerService.java,com.selfeval.muzink.services.MusicPlayerService,playCurrentSong/0,TAG,2
/home/arch_design_predict/download-github-repos/mvvm/repos/Muzink-Music-Player-App-master/app/src/main/java/com/selfeval/muzink/services/MusicPlayerService.java,com.selfeval.muzink.services.MusicPlayerService,playCurrentSong/0,mState,2
/home/arch_design_predict/download-github-repos/mvvm/repos/Muzink-Music-Player-App-master/app/src/main/java/com/selfeval/muzink/services/MusicPlayerService.java,com.selfeval.muzink.services.MusicPlayerService,playCurrentSong/0,mPlayingQueue,1
/home/arch_design_predict/download-github-repos/mvvm/repos/Muzink-Music-Player-App-master/app/src/main/java/com/selfeval/muzink/services/MusicPlayerService.java,com.selfeval.muzink.services.MusicPlayerService,getAvailableActions/0,mCurrentIndexOnQueue,2
/home/arch_design_predict/download-github-repos/mvvm/repos/Muzink-Music-Player-App-master/app/src/main/java/com/selfeval/muzink/services/MusicPlayerService.java,com.selfeval.muzink.services.MusicPlayerService,getAvailableActions/0,mState,1
/home/arch_design_predict/download-github-repos/mvvm/repos/Muzink-Music-Player-App-master/app/src/main/java/com/selfeval/muzink/services/MusicPlayerService.java,com.selfeval.muzink.services.MusicPlayerService,getAvailableActions/0,mPlayingQueue,3
/home/arch_design_predict/download-github-repos/mvvm/repos/Muzink-Music-Player-App-master/app/src/main/java/com/selfeval/muzink/services/MusicPlayerService.java,com.selfeval.muzink.services.MusicPlayerService,relaxResources/1[boolean],mMediaPlayer,4
/home/arch_design_predict/download-github-repos/mvvm/repos/Muzink-Music-Player-App-master/app/src/main/java/com/selfeval/muzink/services/MusicPlayerService.java,com.selfeval.muzink.services.MusicPlayerService,relaxResources/1[boolean],TAG,1
/home/arch_design_predict/download-github-repos/mvvm/repos/Muzink-Music-Player-App-master/app/src/main/java/com/selfeval/muzink/services/MusicPlayerService.java,com.selfeval.muzink.services.MusicPlayerService,configureMediaPlayerState/0,VOLUME_NORMAL,2
/home/arch_design_predict/download-github-repos/mvvm/repos/Muzink-Music-Player-App-master/app/src/main/java/com/selfeval/muzink/services/MusicPlayerService.java,com.selfeval.muzink.services.MusicPlayerService,configureMediaPlayerState/0,mMediaPlayer,7
/home/arch_design_predict/download-github-repos/mvvm/repos/Muzink-Music-Player-App-master/app/src/main/java/com/selfeval/muzink/services/MusicPlayerService.java,com.selfeval.muzink.services.MusicPlayerService,configureMediaPlayerState/0,VOLUME_DUCK,2
/home/arch_design_predict/download-github-repos/mvvm/repos/Muzink-Music-Player-App-master/app/src/main/java/com/selfeval/muzink/services/MusicPlayerService.java,com.selfeval.muzink.services.MusicPlayerService,configureMediaPlayerState/0,mAudioFocus,2
/home/arch_design_predict/download-github-repos/mvvm/repos/Muzink-Music-Player-App-master/app/src/main/java/com/selfeval/muzink/services/MusicPlayerService.java,com.selfeval.muzink.services.MusicPlayerService,configureMediaPlayerState/0,TAG,1
/home/arch_design_predict/download-github-repos/mvvm/repos/Muzink-Music-Player-App-master/app/src/main/java/com/selfeval/muzink/services/MusicPlayerService.java,com.selfeval.muzink.services.MusicPlayerService,configureMediaPlayerState/0,mState,2
/home/arch_design_predict/download-github-repos/mvvm/repos/Muzink-Music-Player-App-master/app/src/main/java/com/selfeval/muzink/services/MusicPlayerService.java,com.selfeval.muzink.services.MusicPlayerService,giveUpAudioFocus/0,onAudioFocusChangeListener,1
/home/arch_design_predict/download-github-repos/mvvm/repos/Muzink-Music-Player-App-master/app/src/main/java/com/selfeval/muzink/services/MusicPlayerService.java,com.selfeval.muzink.services.MusicPlayerService,giveUpAudioFocus/0,mAudioManager,1
/home/arch_design_predict/download-github-repos/mvvm/repos/Muzink-Music-Player-App-master/app/src/main/java/com/selfeval/muzink/services/MusicPlayerService.java,com.selfeval.muzink.services.MusicPlayerService,giveUpAudioFocus/0,mAudioFocus,2
/home/arch_design_predict/download-github-repos/mvvm/repos/Muzink-Music-Player-App-master/app/src/main/java/com/selfeval/muzink/services/MusicPlayerService.java,com.selfeval.muzink.services.MusicPlayerService,giveUpAudioFocus/0,TAG,1
/home/arch_design_predict/download-github-repos/mvvm/repos/Muzink-Music-Player-App-master/app/src/main/java/com/selfeval/muzink/services/MusicPlayerService.java,com.selfeval.muzink.services.MusicPlayerService,handleStopRequest/1[java.lang.String],TAG,1
/home/arch_design_predict/download-github-repos/mvvm/repos/Muzink-Music-Player-App-master/app/src/main/java/com/selfeval/muzink/services/MusicPlayerService.java,com.selfeval.muzink.services.MusicPlayerService,handleStopRequest/1[java.lang.String],mState,2
/home/arch_design_predict/download-github-repos/mvvm/repos/Muzink-Music-Player-App-master/app/src/main/java/com/selfeval/muzink/services/MusicPlayerService.java,com.selfeval.muzink.services.MusicPlayerService,createMediaPlayerIfNeedBe/0,onErrorListener,1
/home/arch_design_predict/download-github-repos/mvvm/repos/Muzink-Music-Player-App-master/app/src/main/java/com/selfeval/muzink/services/MusicPlayerService.java,com.selfeval.muzink.services.MusicPlayerService,createMediaPlayerIfNeedBe/0,mMediaPlayer,8
/home/arch_design_predict/download-github-repos/mvvm/repos/Muzink-Music-Player-App-master/app/src/main/java/com/selfeval/muzink/services/MusicPlayerService.java,com.selfeval.muzink.services.MusicPlayerService,createMediaPlayerIfNeedBe/0,onCompletionListener,1
/home/arch_design_predict/download-github-repos/mvvm/repos/Muzink-Music-Player-App-master/app/src/main/java/com/selfeval/muzink/services/MusicPlayerService.java,com.selfeval.muzink.services.MusicPlayerService,createMediaPlayerIfNeedBe/0,TAG,1
/home/arch_design_predict/download-github-repos/mvvm/repos/Muzink-Music-Player-App-master/app/src/main/java/com/selfeval/muzink/services/MusicPlayerService.java,com.selfeval.muzink.services.MusicPlayerService,createMediaPlayerIfNeedBe/0,onPreparedListener,1
/home/arch_design_predict/download-github-repos/mvvm/repos/Muzink-Music-Player-App-master/app/src/main/java/com/selfeval/muzink/services/MusicPlayerService.java,com.selfeval.muzink.services.MusicPlayerService,updatePlayBackState/1[java.lang.String],mSession,2
/home/arch_design_predict/download-github-repos/mvvm/repos/Muzink-Music-Player-App-master/app/src/main/java/com/selfeval/muzink/services/MusicPlayerService.java,com.selfeval.muzink.services.MusicPlayerService,updatePlayBackState/1[java.lang.String],mMediaPlayer,3
/home/arch_design_predict/download-github-repos/mvvm/repos/Muzink-Music-Player-App-master/app/src/main/java/com/selfeval/muzink/services/MusicPlayerService.java,com.selfeval.muzink.services.MusicPlayerService,updatePlayBackState/1[java.lang.String],mState,2
/home/arch_design_predict/download-github-repos/mvvm/repos/Muzink-Music-Player-App-master/app/src/main/java/com/selfeval/muzink/services/MusicPlayerService.java,com.selfeval.muzink.services.MusicPlayerService,getCurrentPlayingMusic/0,mCurrentIndexOnQueue,3
/home/arch_design_predict/download-github-repos/mvvm/repos/Muzink-Music-Player-App-master/app/src/main/java/com/selfeval/muzink/services/MusicPlayerService.java,com.selfeval.muzink.services.MusicPlayerService,getCurrentPlayingMusic/0,TAG,1
/home/arch_design_predict/download-github-repos/mvvm/repos/Muzink-Music-Player-App-master/app/src/main/java/com/selfeval/muzink/services/MusicPlayerService.java,com.selfeval.muzink.services.MusicPlayerService,getCurrentPlayingMusic/0,mPlayingQueue,3
/home/arch_design_predict/download-github-repos/mvvm/repos/Muzink-Music-Player-App-master/app/src/main/java/com/selfeval/muzink/services/MusicPlayerService.java,com.selfeval.muzink.services.MusicPlayerService,handlePlayRequest/0,mSession,2
/home/arch_design_predict/download-github-repos/mvvm/repos/Muzink-Music-Player-App-master/app/src/main/java/com/selfeval/muzink/services/MusicPlayerService.java,com.selfeval.muzink.services.MusicPlayerService,handlePlayRequest/0,TAG,1
/home/arch_design_predict/download-github-repos/mvvm/repos/Muzink-Music-Player-App-master/app/src/main/java/com/selfeval/muzink/services/MusicPlayerService.java,com.selfeval.muzink.services.MusicPlayerService,handlePlayRequest/0,mState,2
/home/arch_design_predict/download-github-repos/mvvm/repos/Muzink-Music-Player-App-master/app/src/main/java/com/selfeval/muzink/services/MusicPlayerService.java,com.selfeval.muzink.services.MusicPlayerService,onCreate/0,mSession,3
/home/arch_design_predict/download-github-repos/mvvm/repos/Muzink-Music-Player-App-master/app/src/main/java/com/selfeval/muzink/services/MusicPlayerService.java,com.selfeval.muzink.services.MusicPlayerService,onCreate/0,mSessionCallback,2
/home/arch_design_predict/download-github-repos/mvvm/repos/Muzink-Music-Player-App-master/app/src/main/java/com/selfeval/muzink/services/MusicPlayerService.java,com.selfeval.muzink.services.MusicPlayerService,onCreate/0,mAudioManager,1
/home/arch_design_predict/download-github-repos/mvvm/repos/Muzink-Music-Player-App-master/app/src/main/java/com/selfeval/muzink/services/MusicPlayerService.java,com.selfeval.muzink.services.MusicPlayerService,updatePlaybackState/0,mSession,1
/home/arch_design_predict/download-github-repos/mvvm/repos/Muzink-Music-Player-App-master/app/src/main/java/com/selfeval/muzink/services/MusicPlayerService.java,com.selfeval.muzink.services.MusicPlayerService,updatePlaybackState/0,mMediaPlayer,3
/home/arch_design_predict/download-github-repos/mvvm/repos/Muzink-Music-Player-App-master/app/src/main/java/com/selfeval/muzink/services/MusicPlayerService.java,com.selfeval.muzink.services.MusicPlayerService,updatePlaybackState/0,TAG,1
/home/arch_design_predict/download-github-repos/mvvm/repos/Muzink-Music-Player-App-master/app/src/main/java/com/selfeval/muzink/services/MusicPlayerService.java,com.selfeval.muzink.services.MusicPlayerService,updatePlaybackState/0,mState,2
/home/arch_design_predict/download-github-repos/mvvm/repos/Muzink-Music-Player-App-master/app/src/main/java/com/selfeval/muzink/services/MusicPlayerService.java,com.selfeval.muzink.services.MusicPlayerService,handlePauseRequest/0,mMediaPlayer,2
/home/arch_design_predict/download-github-repos/mvvm/repos/Muzink-Music-Player-App-master/app/src/main/java/com/selfeval/muzink/services/MusicPlayerService.java,com.selfeval.muzink.services.MusicPlayerService,handlePauseRequest/0,TAG,1
/home/arch_design_predict/download-github-repos/mvvm/repos/Muzink-Music-Player-App-master/app/src/main/java/com/selfeval/muzink/services/MusicPlayerService.java,com.selfeval.muzink.services.MusicPlayerService,handlePauseRequest/0,mState,3
/home/arch_design_predict/download-github-repos/mvvm/repos/Muzink-Music-Player-App-master/app/src/main/java/com/selfeval/muzink/services/MusicPlayerService.java,com.selfeval.muzink.services.MusicPlayerService,tryToGetAudioFocus/0,onAudioFocusChangeListener,1
/home/arch_design_predict/download-github-repos/mvvm/repos/Muzink-Music-Player-App-master/app/src/main/java/com/selfeval/muzink/services/MusicPlayerService.java,com.selfeval.muzink.services.MusicPlayerService,tryToGetAudioFocus/0,mAudioManager,1
/home/arch_design_predict/download-github-repos/mvvm/repos/Muzink-Music-Player-App-master/app/src/main/java/com/selfeval/muzink/services/MusicPlayerService.java,com.selfeval.muzink.services.MusicPlayerService,tryToGetAudioFocus/0,mAudioFocus,2
/home/arch_design_predict/download-github-repos/mvvm/repos/Muzink-Music-Player-App-master/app/src/main/java/com/selfeval/muzink/services/MusicPlayerService.java,com.selfeval.muzink.services.MusicPlayerService,tryToGetAudioFocus/0,TAG,1
/home/arch_design_predict/download-github-repos/mvvm/repos/Muzink-Music-Player-App-master/app/src/main/java/com/selfeval/muzink/services/MusicPlayerService.java,com.selfeval.muzink.services.MusicPlayerService,setListeners/0,onAudioFocusChangeListener,1
/home/arch_design_predict/download-github-repos/mvvm/repos/Muzink-Music-Player-App-master/app/src/main/java/com/selfeval/muzink/services/MusicPlayerService.java,com.selfeval.muzink.services.MusicPlayerService,setListeners/0,onErrorListener,1
/home/arch_design_predict/download-github-repos/mvvm/repos/Muzink-Music-Player-App-master/app/src/main/java/com/selfeval/muzink/services/MusicPlayerService.java,com.selfeval.muzink.services.MusicPlayerService,setListeners/0,onCompletionListener,1
/home/arch_design_predict/download-github-repos/mvvm/repos/Muzink-Music-Player-App-master/app/src/main/java/com/selfeval/muzink/services/MusicPlayerService.java,com.selfeval.muzink.services.MusicPlayerService,setListeners/0,onPreparedListener,1
/home/arch_design_predict/download-github-repos/mvvm/repos/Muzink-Music-Player-App-master/app/src/main/java/com/selfeval/muzink/fragments/navigation/AlbumNavigationFragment.java,com.selfeval.muzink.fragments.navigation.AlbumNavigationFragment,applyAnimation/0,wallpaper,3
/home/arch_design_predict/download-github-repos/mvvm/repos/Muzink-Music-Player-App-master/app/src/main/java/com/selfeval/muzink/fragments/navigation/AlbumNavigationFragment.java,com.selfeval.muzink.fragments.navigation.AlbumNavigationFragment,applyAnimation/0,albumArtist,1
/home/arch_design_predict/download-github-repos/mvvm/repos/Muzink-Music-Player-App-master/app/src/main/java/com/selfeval/muzink/fragments/navigation/AlbumNavigationFragment.java,com.selfeval.muzink.fragments.navigation.AlbumNavigationFragment,applyAnimation/0,albumTitle,1
/home/arch_design_predict/download-github-repos/mvvm/repos/Muzink-Music-Player-App-master/app/src/main/java/com/selfeval/muzink/fragments/navigation/AlbumNavigationFragment.java,com.selfeval.muzink.fragments.navigation.AlbumNavigationFragment,applyAnimation/0,buttonsContainer,1
/home/arch_design_predict/download-github-repos/mvvm/repos/Muzink-Music-Player-App-master/app/src/main/java/com/selfeval/muzink/fragments/navigation/AlbumNavigationFragment.java,com.selfeval.muzink.fragments.navigation.AlbumNavigationFragment,applyAnimation/0,albumYear,1
/home/arch_design_predict/download-github-repos/mvvm/repos/Muzink-Music-Player-App-master/app/src/main/java/com/selfeval/muzink/fragments/navigation/AlbumNavigationFragment.java,com.selfeval.muzink.fragments.navigation.AlbumNavigationFragment,applyAnimation/0,animationDone,1
/home/arch_design_predict/download-github-repos/mvvm/repos/Muzink-Music-Player-App-master/app/src/main/java/com/selfeval/muzink/fragments/navigation/AlbumNavigationFragment.java,com.selfeval.muzink.fragments.navigation.AlbumNavigationFragment,artistImageAnimation/0,albumArtistImageContainer,1
/home/arch_design_predict/download-github-repos/mvvm/repos/Muzink-Music-Player-App-master/app/src/main/java/com/selfeval/muzink/fragments/navigation/AlbumNavigationFragment.java,com.selfeval.muzink.fragments.navigation.AlbumNavigationFragment,artistImageAnimation/0,diskCenter,1
/home/arch_design_predict/download-github-repos/mvvm/repos/Muzink-Music-Player-App-master/app/src/main/java/com/selfeval/muzink/fragments/navigation/AlbumNavigationFragment.java,com.selfeval.muzink.fragments.navigation.AlbumNavigationFragment,artistImageAnimation/0,dummyImageView2,2
/home/arch_design_predict/download-github-repos/mvvm/repos/Muzink-Music-Player-App-master/app/src/main/java/com/selfeval/muzink/fragments/navigation/AlbumNavigationFragment.java,com.selfeval.muzink.fragments.navigation.AlbumNavigationFragment,artistImageAnimation/0,dummyImageView1,2
/home/arch_design_predict/download-github-repos/mvvm/repos/Muzink-Music-Player-App-master/app/src/main/java/com/selfeval/muzink/fragments/navigation/AlbumNavigationFragment.java,com.selfeval.muzink.fragments.navigation.AlbumNavigationFragment,setChildViewColors/1[int],albumArtist,1
/home/arch_design_predict/download-github-repos/mvvm/repos/Muzink-Music-Player-App-master/app/src/main/java/com/selfeval/muzink/fragments/navigation/AlbumNavigationFragment.java,com.selfeval.muzink.fragments.navigation.AlbumNavigationFragment,setChildViewColors/1[int],albumTitle,1
/home/arch_design_predict/download-github-repos/mvvm/repos/Muzink-Music-Player-App-master/app/src/main/java/com/selfeval/muzink/fragments/navigation/AlbumNavigationFragment.java,com.selfeval.muzink.fragments.navigation.AlbumNavigationFragment,setChildViewColors/1[int],time,1
/home/arch_design_predict/download-github-repos/mvvm/repos/Muzink-Music-Player-App-master/app/src/main/java/com/selfeval/muzink/fragments/navigation/AlbumNavigationFragment.java,com.selfeval.muzink.fragments.navigation.AlbumNavigationFragment,setChildViewColors/1[int],albumYear,1
/home/arch_design_predict/download-github-repos/mvvm/repos/Muzink-Music-Player-App-master/app/src/main/java/com/selfeval/muzink/fragments/navigation/AlbumNavigationFragment.java,com.selfeval.muzink.fragments.navigation.AlbumNavigationFragment,onAttach/1[com.selfeval.muzink.fragments.navigation.Context],context,4
/home/arch_design_predict/download-github-repos/mvvm/repos/Muzink-Music-Player-App-master/app/src/main/java/com/selfeval/muzink/fragments/navigation/AlbumNavigationFragment.java,com.selfeval.muzink.fragments.navigation.AlbumNavigationFragment,onDestroy/0,context,1
/home/arch_design_predict/download-github-repos/mvvm/repos/Muzink-Music-Player-App-master/app/src/main/java/com/selfeval/muzink/fragments/navigation/AlbumNavigationFragment.java,com.selfeval.muzink.fragments.navigation.AlbumNavigationFragment,onDestroy/0,diskCenter,1
/home/arch_design_predict/download-github-repos/mvvm/repos/Muzink-Music-Player-App-master/app/src/main/java/com/selfeval/muzink/fragments/navigation/AlbumNavigationFragment.java,com.selfeval.muzink.fragments.navigation.AlbumNavigationFragment,"onCreateView/3[com.selfeval.muzink.fragments.navigation.LayoutInflater,com.selfeval.muzink.fragments.navigation.ViewGroup,com.selfeval.muzink.fragments.navigation.Bundle]",buttonsContainerBackground,1
/home/arch_design_predict/download-github-repos/mvvm/repos/Muzink-Music-Player-App-master/app/src/main/java/com/selfeval/muzink/fragments/navigation/AlbumNavigationFragment.java,com.selfeval.muzink.fragments.navigation.AlbumNavigationFragment,"onCreateView/3[com.selfeval.muzink.fragments.navigation.LayoutInflater,com.selfeval.muzink.fragments.navigation.ViewGroup,com.selfeval.muzink.fragments.navigation.Bundle]",albumViewArtistButton,1
/home/arch_design_predict/download-github-repos/mvvm/repos/Muzink-Music-Player-App-master/app/src/main/java/com/selfeval/muzink/fragments/navigation/AlbumNavigationFragment.java,com.selfeval.muzink.fragments.navigation.AlbumNavigationFragment,"onCreateView/3[com.selfeval.muzink.fragments.navigation.LayoutInflater,com.selfeval.muzink.fragments.navigation.ViewGroup,com.selfeval.muzink.fragments.navigation.Bundle]",albumShuffleButtonDrawable,1
/home/arch_design_predict/download-github-repos/mvvm/repos/Muzink-Music-Player-App-master/app/src/main/java/com/selfeval/muzink/fragments/navigation/AlbumNavigationFragment.java,com.selfeval.muzink.fragments.navigation.AlbumNavigationFragment,"onCreateView/3[com.selfeval.muzink.fragments.navigation.LayoutInflater,com.selfeval.muzink.fragments.navigation.ViewGroup,com.selfeval.muzink.fragments.navigation.Bundle]",albumPlayButtonFirstClickLister,1
/home/arch_design_predict/download-github-repos/mvvm/repos/Muzink-Music-Player-App-master/app/src/main/java/com/selfeval/muzink/fragments/navigation/AlbumNavigationFragment.java,com.selfeval.muzink.fragments.navigation.AlbumNavigationFragment,"onCreateView/3[com.selfeval.muzink.fragments.navigation.LayoutInflater,com.selfeval.muzink.fragments.navigation.ViewGroup,com.selfeval.muzink.fragments.navigation.Bundle]",albumShuffleButton,1
/home/arch_design_predict/download-github-repos/mvvm/repos/Muzink-Music-Player-App-master/app/src/main/java/com/selfeval/muzink/fragments/navigation/AlbumNavigationFragment.java,com.selfeval.muzink.fragments.navigation.AlbumNavigationFragment,"onCreateView/3[com.selfeval.muzink.fragments.navigation.LayoutInflater,com.selfeval.muzink.fragments.navigation.ViewGroup,com.selfeval.muzink.fragments.navigation.Bundle]",view,20
/home/arch_design_predict/download-github-repos/mvvm/repos/Muzink-Music-Player-App-master/app/src/main/java/com/selfeval/muzink/fragments/navigation/AlbumNavigationFragment.java,com.selfeval.muzink.fragments.navigation.AlbumNavigationFragment,"onCreateView/3[com.selfeval.muzink.fragments.navigation.LayoutInflater,com.selfeval.muzink.fragments.navigation.ViewGroup,com.selfeval.muzink.fragments.navigation.Bundle]",albumPlayButtonDrawable,1
/home/arch_design_predict/download-github-repos/mvvm/repos/Muzink-Music-Player-App-master/app/src/main/java/com/selfeval/muzink/fragments/navigation/AlbumNavigationFragment.java,com.selfeval.muzink.fragments.navigation.AlbumNavigationFragment,"onCreateView/3[com.selfeval.muzink.fragments.navigation.LayoutInflater,com.selfeval.muzink.fragments.navigation.ViewGroup,com.selfeval.muzink.fragments.navigation.Bundle]",currentAlbum,6
/home/arch_design_predict/download-github-repos/mvvm/repos/Muzink-Music-Player-App-master/app/src/main/java/com/selfeval/muzink/fragments/navigation/AlbumNavigationFragment.java,com.selfeval.muzink.fragments.navigation.AlbumNavigationFragment,"onCreateView/3[com.selfeval.muzink.fragments.navigation.LayoutInflater,com.selfeval.muzink.fragments.navigation.ViewGroup,com.selfeval.muzink.fragments.navigation.Bundle]",recyclerView,2
/home/arch_design_predict/download-github-repos/mvvm/repos/Muzink-Music-Player-App-master/app/src/main/java/com/selfeval/muzink/fragments/navigation/AlbumNavigationFragment.java,com.selfeval.muzink.fragments.navigation.AlbumNavigationFragment,"onCreateView/3[com.selfeval.muzink.fragments.navigation.LayoutInflater,com.selfeval.muzink.fragments.navigation.ViewGroup,com.selfeval.muzink.fragments.navigation.Bundle]",albumPlayButtonDrawable2,1
/home/arch_design_predict/download-github-repos/mvvm/repos/Muzink-Music-Player-App-master/app/src/main/java/com/selfeval/muzink/fragments/navigation/AlbumNavigationFragment.java,com.selfeval.muzink.fragments.navigation.AlbumNavigationFragment,"onCreateView/3[com.selfeval.muzink.fragments.navigation.LayoutInflater,com.selfeval.muzink.fragments.navigation.ViewGroup,com.selfeval.muzink.fragments.navigation.Bundle]",backButton,2
/home/arch_design_predict/download-github-repos/mvvm/repos/Muzink-Music-Player-App-master/app/src/main/java/com/selfeval/muzink/fragments/navigation/AlbumNavigationFragment.java,com.selfeval.muzink.fragments.navigation.AlbumNavigationFragment,"onCreateView/3[com.selfeval.muzink.fragments.navigation.LayoutInflater,com.selfeval.muzink.fragments.navigation.ViewGroup,com.selfeval.muzink.fragments.navigation.Bundle]",albumTitle,2
/home/arch_design_predict/download-github-repos/mvvm/repos/Muzink-Music-Player-App-master/app/src/main/java/com/selfeval/muzink/fragments/navigation/AlbumNavigationFragment.java,com.selfeval.muzink.fragments.navigation.AlbumNavigationFragment,"onCreateView/3[com.selfeval.muzink.fragments.navigation.LayoutInflater,com.selfeval.muzink.fragments.navigation.ViewGroup,com.selfeval.muzink.fragments.navigation.Bundle]",overflowMenu,2
/home/arch_design_predict/download-github-repos/mvvm/repos/Muzink-Music-Player-App-master/app/src/main/java/com/selfeval/muzink/fragments/navigation/AlbumNavigationFragment.java,com.selfeval.muzink.fragments.navigation.AlbumNavigationFragment,"onCreateView/3[com.selfeval.muzink.fragments.navigation.LayoutInflater,com.selfeval.muzink.fragments.navigation.ViewGroup,com.selfeval.muzink.fragments.navigation.Bundle]",artist_img,2
/home/arch_design_predict/download-github-repos/mvvm/repos/Muzink-Music-Player-App-master/app/src/main/java/com/selfeval/muzink/fragments/navigation/AlbumNavigationFragment.java,com.selfeval.muzink.fragments.navigation.AlbumNavigationFragment,"onCreateView/3[com.selfeval.muzink.fragments.navigation.LayoutInflater,com.selfeval.muzink.fragments.navigation.ViewGroup,com.selfeval.muzink.fragments.navigation.Bundle]",timeDrawableContainer,2
/home/arch_design_predict/download-github-repos/mvvm/repos/Muzink-Music-Player-App-master/app/src/main/java/com/selfeval/muzink/fragments/navigation/AlbumNavigationFragment.java,com.selfeval.muzink.fragments.navigation.AlbumNavigationFragment,"onCreateView/3[com.selfeval.muzink.fragments.navigation.LayoutInflater,com.selfeval.muzink.fragments.navigation.ViewGroup,com.selfeval.muzink.fragments.navigation.Bundle]",backButtonBackground,1
/home/arch_design_predict/download-github-repos/mvvm/repos/Muzink-Music-Player-App-master/app/src/main/java/com/selfeval/muzink/fragments/navigation/AlbumNavigationFragment.java,com.selfeval.muzink.fragments.navigation.AlbumNavigationFragment,"onCreateView/3[com.selfeval.muzink.fragments.navigation.LayoutInflater,com.selfeval.muzink.fragments.navigation.ViewGroup,com.selfeval.muzink.fragments.navigation.Bundle]",timeDrawable,1
/home/arch_design_predict/download-github-repos/mvvm/repos/Muzink-Music-Player-App-master/app/src/main/java/com/selfeval/muzink/fragments/navigation/AlbumNavigationFragment.java,com.selfeval.muzink.fragments.navigation.AlbumNavigationFragment,"onCreateView/3[com.selfeval.muzink.fragments.navigation.LayoutInflater,com.selfeval.muzink.fragments.navigation.ViewGroup,com.selfeval.muzink.fragments.navigation.Bundle]",adapter,2
/home/arch_design_predict/download-github-repos/mvvm/repos/Muzink-Music-Player-App-master/app/src/main/java/com/selfeval/muzink/fragments/navigation/AlbumNavigationFragment.java,com.selfeval.muzink.fragments.navigation.AlbumNavigationFragment,"onCreateView/3[com.selfeval.muzink.fragments.navigation.LayoutInflater,com.selfeval.muzink.fragments.navigation.ViewGroup,com.selfeval.muzink.fragments.navigation.Bundle]",wallpaper,1
/home/arch_design_predict/download-github-repos/mvvm/repos/Muzink-Music-Player-App-master/app/src/main/java/com/selfeval/muzink/fragments/navigation/AlbumNavigationFragment.java,com.selfeval.muzink.fragments.navigation.AlbumNavigationFragment,"onCreateView/3[com.selfeval.muzink.fragments.navigation.LayoutInflater,com.selfeval.muzink.fragments.navigation.ViewGroup,com.selfeval.muzink.fragments.navigation.Bundle]",overflowMenuBackground,1
/home/arch_design_predict/download-github-repos/mvvm/repos/Muzink-Music-Player-App-master/app/src/main/java/com/selfeval/muzink/fragments/navigation/AlbumNavigationFragment.java,com.selfeval.muzink.fragments.navigation.AlbumNavigationFragment,"onCreateView/3[com.selfeval.muzink.fragments.navigation.LayoutInflater,com.selfeval.muzink.fragments.navigation.ViewGroup,com.selfeval.muzink.fragments.navigation.Bundle]",diskCenter,2
/home/arch_design_predict/download-github-repos/mvvm/repos/Muzink-Music-Player-App-master/app/src/main/java/com/selfeval/muzink/fragments/navigation/AlbumNavigationFragment.java,com.selfeval.muzink.fragments.navigation.AlbumNavigationFragment,"onCreateView/3[com.selfeval.muzink.fragments.navigation.LayoutInflater,com.selfeval.muzink.fragments.navigation.ViewGroup,com.selfeval.muzink.fragments.navigation.Bundle]",albumYear,2
/home/arch_design_predict/download-github-repos/mvvm/repos/Muzink-Music-Player-App-master/app/src/main/java/com/selfeval/muzink/fragments/navigation/AlbumNavigationFragment.java,com.selfeval.muzink.fragments.navigation.AlbumNavigationFragment,"onCreateView/3[com.selfeval.muzink.fragments.navigation.LayoutInflater,com.selfeval.muzink.fragments.navigation.ViewGroup,com.selfeval.muzink.fragments.navigation.Bundle]",args,6
/home/arch_design_predict/download-github-repos/mvvm/repos/Muzink-Music-Player-App-master/app/src/main/java/com/selfeval/muzink/fragments/navigation/AlbumNavigationFragment.java,com.selfeval.muzink.fragments.navigation.AlbumNavigationFragment,"onCreateView/3[com.selfeval.muzink.fragments.navigation.LayoutInflater,com.selfeval.muzink.fragments.navigation.ViewGroup,com.selfeval.muzink.fragments.navigation.Bundle]",diskCenterDrawable,1
/home/arch_design_predict/download-github-repos/mvvm/repos/Muzink-Music-Player-App-master/app/src/main/java/com/selfeval/muzink/fragments/navigation/AlbumNavigationFragment.java,com.selfeval.muzink.fragments.navigation.AlbumNavigationFragment,"onCreateView/3[com.selfeval.muzink.fragments.navigation.LayoutInflater,com.selfeval.muzink.fragments.navigation.ViewGroup,com.selfeval.muzink.fragments.navigation.Bundle]",albumPlayButtonSecondClickLister,1
/home/arch_design_predict/download-github-repos/mvvm/repos/Muzink-Music-Player-App-master/app/src/main/java/com/selfeval/muzink/fragments/navigation/AlbumNavigationFragment.java,com.selfeval.muzink.fragments.navigation.AlbumNavigationFragment,"onCreateView/3[com.selfeval.muzink.fragments.navigation.LayoutInflater,com.selfeval.muzink.fragments.navigation.ViewGroup,com.selfeval.muzink.fragments.navigation.Bundle]",albumArtistImageContainer,2
/home/arch_design_predict/download-github-repos/mvvm/repos/Muzink-Music-Player-App-master/app/src/main/java/com/selfeval/muzink/fragments/navigation/AlbumNavigationFragment.java,com.selfeval.muzink.fragments.navigation.AlbumNavigationFragment,"onCreateView/3[com.selfeval.muzink.fragments.navigation.LayoutInflater,com.selfeval.muzink.fragments.navigation.ViewGroup,com.selfeval.muzink.fragments.navigation.Bundle]",albumArtist,2
/home/arch_design_predict/download-github-repos/mvvm/repos/Muzink-Music-Player-App-master/app/src/main/java/com/selfeval/muzink/fragments/navigation/AlbumNavigationFragment.java,com.selfeval.muzink.fragments.navigation.AlbumNavigationFragment,"onCreateView/3[com.selfeval.muzink.fragments.navigation.LayoutInflater,com.selfeval.muzink.fragments.navigation.ViewGroup,com.selfeval.muzink.fragments.navigation.Bundle]",buttonsContainer,1
/home/arch_design_predict/download-github-repos/mvvm/repos/Muzink-Music-Player-App-master/app/src/main/java/com/selfeval/muzink/fragments/navigation/AlbumNavigationFragment.java,com.selfeval.muzink.fragments.navigation.AlbumNavigationFragment,"onCreateView/3[com.selfeval.muzink.fragments.navigation.LayoutInflater,com.selfeval.muzink.fragments.navigation.ViewGroup,com.selfeval.muzink.fragments.navigation.Bundle]",albumViewArtistButtonDrawable,1
/home/arch_design_predict/download-github-repos/mvvm/repos/Muzink-Music-Player-App-master/app/src/main/java/com/selfeval/muzink/fragments/navigation/AlbumNavigationFragment.java,com.selfeval.muzink.fragments.navigation.AlbumNavigationFragment,"onCreateView/3[com.selfeval.muzink.fragments.navigation.LayoutInflater,com.selfeval.muzink.fragments.navigation.ViewGroup,com.selfeval.muzink.fragments.navigation.Bundle]",time,2
/home/arch_design_predict/download-github-repos/mvvm/repos/Muzink-Music-Player-App-master/app/src/main/java/com/selfeval/muzink/fragments/navigation/AlbumNavigationFragment.java,com.selfeval.muzink.fragments.navigation.AlbumNavigationFragment,"onCreateView/3[com.selfeval.muzink.fragments.navigation.LayoutInflater,com.selfeval.muzink.fragments.navigation.ViewGroup,com.selfeval.muzink.fragments.navigation.Bundle]",dummyImageView2,2
/home/arch_design_predict/download-github-repos/mvvm/repos/Muzink-Music-Player-App-master/app/src/main/java/com/selfeval/muzink/fragments/navigation/AlbumNavigationFragment.java,com.selfeval.muzink.fragments.navigation.AlbumNavigationFragment,"onCreateView/3[com.selfeval.muzink.fragments.navigation.LayoutInflater,com.selfeval.muzink.fragments.navigation.ViewGroup,com.selfeval.muzink.fragments.navigation.Bundle]",dummyImageView1,2
/home/arch_design_predict/download-github-repos/mvvm/repos/Muzink-Music-Player-App-master/app/src/main/java/com/selfeval/muzink/fragments/navigation/AlbumNavigationFragment.java,com.selfeval.muzink.fragments.navigation.AlbumNavigationFragment,"onCreateView/3[com.selfeval.muzink.fragments.navigation.LayoutInflater,com.selfeval.muzink.fragments.navigation.ViewGroup,com.selfeval.muzink.fragments.navigation.Bundle]",albumPlayButton,1
/home/arch_design_predict/download-github-repos/mvvm/repos/Muzink-Music-Player-App-master/app/src/main/java/com/selfeval/muzink/fragments/navigation/AlbumNavigationFragment.java,com.selfeval.muzink.fragments.navigation.AlbumNavigationFragment,setDrawableTint/1[int],diskCenterDrawable,1
/home/arch_design_predict/download-github-repos/mvvm/repos/Muzink-Music-Player-App-master/app/src/main/java/com/selfeval/muzink/fragments/navigation/AlbumNavigationFragment.java,com.selfeval.muzink.fragments.navigation.AlbumNavigationFragment,setDrawableTint/1[int],timeDrawable,1
/home/arch_design_predict/download-github-repos/mvvm/repos/Muzink-Music-Player-App-master/app/src/main/java/com/selfeval/muzink/fragments/navigation/AlbumNavigationFragment.java,com.selfeval.muzink.fragments.navigation.AlbumNavigationFragment,setDrawableTint/1[int],backButtonBackground,1
/home/arch_design_predict/download-github-repos/mvvm/repos/Muzink-Music-Player-App-master/app/src/main/java/com/selfeval/muzink/fragments/navigation/AlbumNavigationFragment.java,com.selfeval.muzink.fragments.navigation.AlbumNavigationFragment,setDrawableTint/1[int],albumPlayButtonDrawable,1
/home/arch_design_predict/download-github-repos/mvvm/repos/Muzink-Music-Player-App-master/app/src/main/java/com/selfeval/muzink/fragments/navigation/AlbumNavigationFragment.java,com.selfeval.muzink.fragments.navigation.AlbumNavigationFragment,setDrawableTint/1[int],buttonsContainerBackground,1
/home/arch_design_predict/download-github-repos/mvvm/repos/Muzink-Music-Player-App-master/app/src/main/java/com/selfeval/muzink/fragments/navigation/AlbumNavigationFragment.java,com.selfeval.muzink.fragments.navigation.AlbumNavigationFragment,setDrawableTint/1[int],overflowMenuBackground,1
/home/arch_design_predict/download-github-repos/mvvm/repos/Muzink-Music-Player-App-master/app/src/main/java/com/selfeval/muzink/fragments/navigation/AlbumNavigationFragment.java,com.selfeval.muzink.fragments.navigation.AlbumNavigationFragment,setDrawableTint/1[int],albumPlayButtonDrawable2,1
/home/arch_design_predict/download-github-repos/mvvm/repos/Muzink-Music-Player-App-master/app/src/main/java/com/selfeval/muzink/fragments/navigation/AlbumNavigationFragment.java,com.selfeval.muzink.fragments.navigation.AlbumNavigationFragment,setDrawableTint/1[int],albumShuffleButtonDrawable,1
/home/arch_design_predict/download-github-repos/mvvm/repos/Muzink-Music-Player-App-master/app/src/main/java/com/selfeval/muzink/fragments/navigation/AlbumNavigationFragment.java,com.selfeval.muzink.fragments.navigation.AlbumNavigationFragment,setDrawableTint/1[int],albumViewArtistButtonDrawable,1
/home/arch_design_predict/download-github-repos/mvvm/repos/Muzink-Music-Player-App-master/app/src/main/java/com/selfeval/muzink/fragments/navigation/AlbumNavigationFragment.java,com.selfeval.muzink.fragments.navigation.AlbumNavigationFragment,setListeners/0,albumPlayButtonFirstClickLister,1
/home/arch_design_predict/download-github-repos/mvvm/repos/Muzink-Music-Player-App-master/app/src/main/java/com/selfeval/muzink/fragments/navigation/AlbumNavigationFragment.java,com.selfeval.muzink.fragments.navigation.AlbumNavigationFragment,setListeners/0,albumPlayButton,1
/home/arch_design_predict/download-github-repos/mvvm/repos/Muzink-Music-Player-App-master/app/src/main/java/com/selfeval/muzink/fragments/navigation/AlbumNavigationFragment.java,com.selfeval.muzink.fragments.navigation.AlbumNavigationFragment,hideChildViews/1[boolean],albumArtist,2
/home/arch_design_predict/download-github-repos/mvvm/repos/Muzink-Music-Player-App-master/app/src/main/java/com/selfeval/muzink/fragments/navigation/AlbumNavigationFragment.java,com.selfeval.muzink.fragments.navigation.AlbumNavigationFragment,hideChildViews/1[boolean],albumTitle,2
/home/arch_design_predict/download-github-repos/mvvm/repos/Muzink-Music-Player-App-master/app/src/main/java/com/selfeval/muzink/fragments/navigation/AlbumNavigationFragment.java,com.selfeval.muzink.fragments.navigation.AlbumNavigationFragment,hideChildViews/1[boolean],buttonsContainer,2
/home/arch_design_predict/download-github-repos/mvvm/repos/Muzink-Music-Player-App-master/app/src/main/java/com/selfeval/muzink/fragments/navigation/AlbumNavigationFragment.java,com.selfeval.muzink.fragments.navigation.AlbumNavigationFragment,hideChildViews/1[boolean],albumYear,2
/home/arch_design_predict/download-github-repos/mvvm/repos/Muzink-Music-Player-App-master/app/src/main/java/com/selfeval/muzink/fragments/navigation/AlbumNavigationFragment.java,com.selfeval.muzink.fragments.navigation.AlbumNavigationFragment,resetDrawableBackgrounds/0,timeDrawable,1
/home/arch_design_predict/download-github-repos/mvvm/repos/Muzink-Music-Player-App-master/app/src/main/java/com/selfeval/muzink/fragments/navigation/AlbumNavigationFragment.java,com.selfeval.muzink.fragments.navigation.AlbumNavigationFragment,resetDrawableBackgrounds/0,backButtonBackground,1
/home/arch_design_predict/download-github-repos/mvvm/repos/Muzink-Music-Player-App-master/app/src/main/java/com/selfeval/muzink/fragments/navigation/AlbumNavigationFragment.java,com.selfeval.muzink.fragments.navigation.AlbumNavigationFragment,resetDrawableBackgrounds/0,buttonsContainerBackground,1
/home/arch_design_predict/download-github-repos/mvvm/repos/Muzink-Music-Player-App-master/app/src/main/java/com/selfeval/muzink/fragments/navigation/AlbumNavigationFragment.java,com.selfeval.muzink.fragments.navigation.AlbumNavigationFragment,resetDrawableBackgrounds/0,albumViewArtistButton,1
/home/arch_design_predict/download-github-repos/mvvm/repos/Muzink-Music-Player-App-master/app/src/main/java/com/selfeval/muzink/fragments/navigation/AlbumNavigationFragment.java,com.selfeval.muzink.fragments.navigation.AlbumNavigationFragment,resetDrawableBackgrounds/0,overflowMenuBackground,1
/home/arch_design_predict/download-github-repos/mvvm/repos/Muzink-Music-Player-App-master/app/src/main/java/com/selfeval/muzink/fragments/navigation/AlbumNavigationFragment.java,com.selfeval.muzink.fragments.navigation.AlbumNavigationFragment,resetDrawableBackgrounds/0,albumShuffleButtonDrawable,1
/home/arch_design_predict/download-github-repos/mvvm/repos/Muzink-Music-Player-App-master/app/src/main/java/com/selfeval/muzink/fragments/navigation/AlbumNavigationFragment.java,com.selfeval.muzink.fragments.navigation.AlbumNavigationFragment,resetDrawableBackgrounds/0,diskCenter,1
/home/arch_design_predict/download-github-repos/mvvm/repos/Muzink-Music-Player-App-master/app/src/main/java/com/selfeval/muzink/fragments/navigation/AlbumNavigationFragment.java,com.selfeval.muzink.fragments.navigation.AlbumNavigationFragment,resetDrawableBackgrounds/0,albumShuffleButton,1
/home/arch_design_predict/download-github-repos/mvvm/repos/Muzink-Music-Player-App-master/app/src/main/java/com/selfeval/muzink/fragments/navigation/AlbumNavigationFragment.java,com.selfeval.muzink.fragments.navigation.AlbumNavigationFragment,resetDrawableBackgrounds/0,diskCenterDrawable,1
/home/arch_design_predict/download-github-repos/mvvm/repos/Muzink-Music-Player-App-master/app/src/main/java/com/selfeval/muzink/fragments/navigation/AlbumNavigationFragment.java,com.selfeval.muzink.fragments.navigation.AlbumNavigationFragment,resetDrawableBackgrounds/0,albumPlayButtonDrawable,1
/home/arch_design_predict/download-github-repos/mvvm/repos/Muzink-Music-Player-App-master/app/src/main/java/com/selfeval/muzink/fragments/navigation/AlbumNavigationFragment.java,com.selfeval.muzink.fragments.navigation.AlbumNavigationFragment,resetDrawableBackgrounds/0,backButton,1
/home/arch_design_predict/download-github-repos/mvvm/repos/Muzink-Music-Player-App-master/app/src/main/java/com/selfeval/muzink/fragments/navigation/AlbumNavigationFragment.java,com.selfeval.muzink.fragments.navigation.AlbumNavigationFragment,resetDrawableBackgrounds/0,albumViewArtistButtonDrawable,1
/home/arch_design_predict/download-github-repos/mvvm/repos/Muzink-Music-Player-App-master/app/src/main/java/com/selfeval/muzink/fragments/navigation/AlbumNavigationFragment.java,com.selfeval.muzink.fragments.navigation.AlbumNavigationFragment,resetDrawableBackgrounds/0,overflowMenu,1
/home/arch_design_predict/download-github-repos/mvvm/repos/Muzink-Music-Player-App-master/app/src/main/java/com/selfeval/muzink/fragments/navigation/AlbumNavigationFragment.java,com.selfeval.muzink.fragments.navigation.AlbumNavigationFragment,resetDrawableBackgrounds/0,buttonsContainer,1
/home/arch_design_predict/download-github-repos/mvvm/repos/Muzink-Music-Player-App-master/app/src/main/java/com/selfeval/muzink/fragments/navigation/AlbumNavigationFragment.java,com.selfeval.muzink.fragments.navigation.AlbumNavigationFragment,resetDrawableBackgrounds/0,timeDrawableContainer,1
/home/arch_design_predict/download-github-repos/mvvm/repos/Muzink-Music-Player-App-master/app/src/main/java/com/selfeval/muzink/fragments/navigation/AlbumNavigationFragment.java,com.selfeval.muzink.fragments.navigation.AlbumNavigationFragment,resetDrawableBackgrounds/0,albumPlayButton,1
/home/arch_design_predict/download-github-repos/mvvm/repos/Muzink-Music-Player-App-master/app/src/main/java/com/selfeval/muzink/fragments/pager/AlbumsFragment.java,com.selfeval.muzink.fragments.pager.AlbumsFragment,onClick/1[com.selfeval.muzink.fragments.pager.View],albumsViewFragment,1
/home/arch_design_predict/download-github-repos/mvvm/repos/Muzink-Music-Player-App-master/app/src/main/java/com/selfeval/muzink/fragments/pager/AlbumsFragment.java,com.selfeval.muzink.fragments.pager.AlbumsFragment,onClick/1[com.selfeval.muzink.fragments.pager.View],fragmentManager,1
/home/arch_design_predict/download-github-repos/mvvm/repos/Muzink-Music-Player-App-master/app/src/main/java/com/selfeval/muzink/fragments/pager/AlbumsFragment.java,com.selfeval.muzink.fragments.pager.AlbumsFragment,onClick/1[com.selfeval.muzink.fragments.pager.View],ALBUMS_VIEW_FRAGMENT,1
/home/arch_design_predict/download-github-repos/mvvm/repos/Muzink-Music-Player-App-master/app/src/main/java/com/selfeval/muzink/fragments/pager/AlbumsFragment.java,com.selfeval.muzink.fragments.pager.AlbumsFragment,onClick/1[com.selfeval.muzink.fragments.pager.View],albumNavigationFragment,2
/home/arch_design_predict/download-github-repos/mvvm/repos/Muzink-Music-Player-App-master/app/src/main/java/com/selfeval/muzink/fragments/pager/AlbumsFragment.java,com.selfeval.muzink.fragments.pager.AlbumsFragment,onClick/1[com.selfeval.muzink.objs.Album],ALBUM_NAVIGATION_FRAGMENT,2
/home/arch_design_predict/download-github-repos/mvvm/repos/Muzink-Music-Player-App-master/app/src/main/java/com/selfeval/muzink/fragments/pager/AlbumsFragment.java,com.selfeval.muzink.fragments.pager.AlbumsFragment,onClick/1[com.selfeval.muzink.objs.Album],fragmentManager,1
/home/arch_design_predict/download-github-repos/mvvm/repos/Muzink-Music-Player-App-master/app/src/main/java/com/selfeval/muzink/fragments/pager/AlbumsFragment.java,com.selfeval.muzink.fragments.pager.AlbumsFragment,onClick/1[com.selfeval.muzink.objs.Album],albumNavigationFragmentArgs,7
/home/arch_design_predict/download-github-repos/mvvm/repos/Muzink-Music-Player-App-master/app/src/main/java/com/selfeval/muzink/fragments/pager/AlbumsFragment.java,com.selfeval.muzink.fragments.pager.AlbumsFragment,onClick/1[com.selfeval.muzink.objs.Album],albumNavigationFragment,4
/home/arch_design_predict/download-github-repos/mvvm/repos/Muzink-Music-Player-App-master/app/src/main/java/com/selfeval/muzink/fragments/pager/AlbumsFragment.java,com.selfeval.muzink.fragments.pager.AlbumsFragment,onCreate/1[com.selfeval.muzink.fragments.pager.Bundle],ALBUM_NAVIGATION_FRAGMENT,1
/home/arch_design_predict/download-github-repos/mvvm/repos/Muzink-Music-Player-App-master/app/src/main/java/com/selfeval/muzink/fragments/pager/AlbumsFragment.java,com.selfeval.muzink.fragments.pager.AlbumsFragment,onCreate/1[com.selfeval.muzink.fragments.pager.Bundle],albumsViewFragment,2
/home/arch_design_predict/download-github-repos/mvvm/repos/Muzink-Music-Player-App-master/app/src/main/java/com/selfeval/muzink/fragments/pager/AlbumsFragment.java,com.selfeval.muzink.fragments.pager.AlbumsFragment,onCreate/1[com.selfeval.muzink.fragments.pager.Bundle],fragmentManager,3
/home/arch_design_predict/download-github-repos/mvvm/repos/Muzink-Music-Player-App-master/app/src/main/java/com/selfeval/muzink/fragments/pager/AlbumsFragment.java,com.selfeval.muzink.fragments.pager.AlbumsFragment,onCreate/1[com.selfeval.muzink.fragments.pager.Bundle],ALBUMS_VIEW_FRAGMENT,1
/home/arch_design_predict/download-github-repos/mvvm/repos/Muzink-Music-Player-App-master/app/src/main/java/com/selfeval/muzink/fragments/pager/AlbumsFragment.java,com.selfeval.muzink.fragments.pager.AlbumsFragment,onCreate/1[com.selfeval.muzink.fragments.pager.Bundle],albumNavigationFragment,3
