file,class,method,variable,usage
/home/arch_design_predict/download-github-repos/mvvm/repos/Muzink-Music-Player-App-master/app/src/main/java/com/selfeval/muzink/helpers/CurrentPlayingQueueHelper.java,com.selfeval.muzink.helpers.CurrentPlayingQueueHelper,setToStartWith/1[int],toStartWith,2
/home/arch_design_predict/download-github-repos/mvvm/repos/Muzink-Music-Player-App-master/app/src/main/java/com/selfeval/muzink/helpers/CurrentPlayingQueueHelper.java,com.selfeval.muzink.helpers.CurrentPlayingQueueHelper,setSongsToPlay/1[java.util.ArrayList<com.selfeval.muzink.objs.Song>],songsToPlay,2
/home/arch_design_predict/download-github-repos/mvvm/repos/Muzink-Music-Player-App-master/app/src/main/java/com/selfeval/muzink/helpers/CurrentPlayingQueueHelper.java,com.selfeval.muzink.helpers.CurrentPlayingQueueHelper,CurrentPlayingQueueHelper/1[com.selfeval.muzink.helpers.CurrentPlayingQueueHelper.OnHasStartedListener],onHasStartedListener,2
/home/arch_design_predict/download-github-repos/mvvm/repos/Muzink-Music-Player-App-master/app/src/main/java/com/selfeval/muzink/helpers/CurrentPlayingQueueHelper.java,com.selfeval.muzink.helpers.CurrentPlayingQueueHelper,"isIndexPlayable/2[int,java.util.List<com.selfeval.muzink.objs.Song>]",isPlayable,2
/home/arch_design_predict/download-github-repos/mvvm/repos/Muzink-Music-Player-App-master/app/src/main/java/com/selfeval/muzink/helpers/CurrentPlayingQueueHelper.java,com.selfeval.muzink.helpers.CurrentPlayingQueueHelper,"isIndexPlayable/2[int,java.util.List<com.selfeval.muzink.objs.Song>]",index,1
/home/arch_design_predict/download-github-repos/mvvm/repos/Muzink-Music-Player-App-master/app/src/main/java/com/selfeval/muzink/helpers/CurrentPlayingQueueHelper.java,com.selfeval.muzink.helpers.CurrentPlayingQueueHelper,"isIndexPlayable/2[int,java.util.List<com.selfeval.muzink.objs.Song>]",queue,1
/home/arch_design_predict/download-github-repos/mvvm/repos/Muzink-Music-Player-App-master/app/src/main/java/com/selfeval/muzink/helpers/CurrentPlayingQueueHelper.java,com.selfeval.muzink.helpers.CurrentPlayingQueueHelper,setCurrentSongId/1[long],currentSongId,1
/home/arch_design_predict/download-github-repos/mvvm/repos/Muzink-Music-Player-App-master/app/src/main/java/com/selfeval/muzink/repository/Repository.java,com.selfeval.muzink.repository.Repository$UpdatePlayListAsyncTask,UpdatePlayListAsyncTask/1[com.selfeval.muzink.daos.PlayListDao],playListDao,2
/home/arch_design_predict/download-github-repos/mvvm/repos/Muzink-Music-Player-App-master/app/src/main/java/com/selfeval/muzink/repository/Repository.java,com.selfeval.muzink.repository.Repository$UpdatePlayListAsyncTask,doInBackground/1[com.selfeval.muzink.entities.PlayList[]],playLists,1
/home/arch_design_predict/download-github-repos/mvvm/repos/Muzink-Music-Player-App-master/app/src/main/java/com/selfeval/muzink/fragments/view/AlbumsViewFragment.java,com.selfeval.muzink.fragments.view.AlbumsViewFragment$Anonymous1,"getItemOffsets/4[com.selfeval.muzink.fragments.view.Rect,com.selfeval.muzink.fragments.view.View,com.selfeval.muzink.fragments.view.RecyclerView,RecyclerView.State]",parent,1
/home/arch_design_predict/download-github-repos/mvvm/repos/Muzink-Music-Player-App-master/app/src/main/java/com/selfeval/muzink/fragments/view/AlbumsViewFragment.java,com.selfeval.muzink.fragments.view.AlbumsViewFragment$Anonymous1,"getItemOffsets/4[com.selfeval.muzink.fragments.view.Rect,com.selfeval.muzink.fragments.view.View,com.selfeval.muzink.fragments.view.RecyclerView,RecyclerView.State]",view,1
/home/arch_design_predict/download-github-repos/mvvm/repos/Muzink-Music-Player-App-master/app/src/main/java/com/selfeval/muzink/fragments/view/AlbumsViewFragment.java,com.selfeval.muzink.fragments.view.AlbumsViewFragment$Anonymous1,"getItemOffsets/4[com.selfeval.muzink.fragments.view.Rect,com.selfeval.muzink.fragments.view.View,com.selfeval.muzink.fragments.view.RecyclerView,RecyclerView.State]",outRect,2
/home/arch_design_predict/download-github-repos/mvvm/repos/Muzink-Music-Player-App-master/app/src/main/java/com/selfeval/muzink/fragments/view/AlbumsViewFragment.java,com.selfeval.muzink.fragments.view.AlbumsViewFragment$Anonymous1,"getItemOffsets/4[com.selfeval.muzink.fragments.view.Rect,com.selfeval.muzink.fragments.view.View,com.selfeval.muzink.fragments.view.RecyclerView,RecyclerView.State]",state,1
/home/arch_design_predict/download-github-repos/mvvm/repos/Muzink-Music-Player-App-master/app/src/main/java/com/selfeval/muzink/adapters/AllSongsAdapter.java,com.selfeval.muzink.adapters.AllSongsAdapter,"onBindViewHolder/2[com.selfeval.muzink.adapters.AllSongsAdapter.SongHolder,int]",duration,3
/home/arch_design_predict/download-github-repos/mvvm/repos/Muzink-Music-Player-App-master/app/src/main/java/com/selfeval/muzink/adapters/AllSongsAdapter.java,com.selfeval.muzink.adapters.AllSongsAdapter,"onBindViewHolder/2[com.selfeval.muzink.adapters.AllSongsAdapter.SongHolder,int]",artistArtUri,1
/home/arch_design_predict/download-github-repos/mvvm/repos/Muzink-Music-Player-App-master/app/src/main/java/com/selfeval/muzink/adapters/AllSongsAdapter.java,com.selfeval.muzink.adapters.AllSongsAdapter,"onBindViewHolder/2[com.selfeval.muzink.adapters.AllSongsAdapter.SongHolder,int]",mins,1
/home/arch_design_predict/download-github-repos/mvvm/repos/Muzink-Music-Player-App-master/app/src/main/java/com/selfeval/muzink/adapters/AllSongsAdapter.java,com.selfeval.muzink.adapters.AllSongsAdapter,"onBindViewHolder/2[com.selfeval.muzink.adapters.AllSongsAdapter.SongHolder,int]",playList,2
/home/arch_design_predict/download-github-repos/mvvm/repos/Muzink-Music-Player-App-master/app/src/main/java/com/selfeval/muzink/adapters/AllSongsAdapter.java,com.selfeval.muzink.adapters.AllSongsAdapter,"onBindViewHolder/2[com.selfeval.muzink.adapters.AllSongsAdapter.SongHolder,int]",secs,4
/home/arch_design_predict/download-github-repos/mvvm/repos/Muzink-Music-Player-App-master/app/src/main/java/com/selfeval/muzink/adapters/AllSongsAdapter.java,com.selfeval.muzink.adapters.AllSongsAdapter,"onBindViewHolder/2[com.selfeval.muzink.adapters.AllSongsAdapter.SongHolder,int]",holder,7
/home/arch_design_predict/download-github-repos/mvvm/repos/Muzink-Music-Player-App-master/app/src/main/java/com/selfeval/muzink/adapters/AllSongsAdapter.java,com.selfeval.muzink.adapters.AllSongsAdapter,"onBindViewHolder/2[com.selfeval.muzink.adapters.AllSongsAdapter.SongHolder,int]",position,5
/home/arch_design_predict/download-github-repos/mvvm/repos/Muzink-Music-Player-App-master/app/src/main/java/com/selfeval/muzink/adapters/AllSongsAdapter.java,com.selfeval.muzink.adapters.AllSongsAdapter,"onBindViewHolder/2[com.selfeval.muzink.adapters.AllSongsAdapter.SongHolder,int]",menu,4
/home/arch_design_predict/download-github-repos/mvvm/repos/Muzink-Music-Player-App-master/app/src/main/java/com/selfeval/muzink/adapters/AllSongsAdapter.java,com.selfeval.muzink.adapters.AllSongsAdapter,"onBindViewHolder/2[com.selfeval.muzink.adapters.AllSongsAdapter.SongHolder,int]",inflater,1
/home/arch_design_predict/download-github-repos/mvvm/repos/Muzink-Music-Player-App-master/app/src/main/java/com/selfeval/muzink/adapters/AllSongsAdapter.java,com.selfeval.muzink.adapters.AllSongsAdapter,"onCreateViewHolder/2[com.selfeval.muzink.adapters.ViewGroup,int]",parent,2
/home/arch_design_predict/download-github-repos/mvvm/repos/Muzink-Music-Player-App-master/app/src/main/java/com/selfeval/muzink/adapters/AllSongsAdapter.java,com.selfeval.muzink.adapters.AllSongsAdapter,"onCreateViewHolder/2[com.selfeval.muzink.adapters.ViewGroup,int]",viewType,0
/home/arch_design_predict/download-github-repos/mvvm/repos/Muzink-Music-Player-App-master/app/src/main/java/com/selfeval/muzink/adapters/AllSongsAdapter.java,com.selfeval.muzink.adapters.AllSongsAdapter,AllSongsAdapter/1[com.selfeval.muzink.adapters.Context],context,3
/home/arch_design_predict/download-github-repos/mvvm/repos/Muzink-Music-Player-App-master/app/src/main/java/com/selfeval/muzink/adapters/AllSongsAdapter.java,com.selfeval.muzink.adapters.AllSongsAdapter,setPlayLists/1[java.util.List<com.selfeval.muzink.entities.PlayList>],playList,2
/home/arch_design_predict/download-github-repos/mvvm/repos/Muzink-Music-Player-App-master/app/src/main/java/com/selfeval/muzink/adapters/AllSongsAdapter.java,com.selfeval.muzink.adapters.AllSongsAdapter,setPlayLists/1[java.util.List<com.selfeval.muzink.entities.PlayList>],itr,3
/home/arch_design_predict/download-github-repos/mvvm/repos/Muzink-Music-Player-App-master/app/src/main/java/com/selfeval/muzink/adapters/AllSongsAdapter.java,com.selfeval.muzink.adapters.AllSongsAdapter,setPlayLists/1[java.util.List<com.selfeval.muzink.entities.PlayList>],playLists,3
/home/arch_design_predict/download-github-repos/mvvm/repos/Muzink-Music-Player-App-master/app/src/main/java/com/selfeval/muzink/viewmodels/PlayListSongViewModel.java,com.selfeval.muzink.viewmodels.PlayListSongViewModel,deletePlayListSong/1[com.selfeval.muzink.entities.PlayListSong],playListSong,1
/home/arch_design_predict/download-github-repos/mvvm/repos/Muzink-Music-Player-App-master/app/src/main/java/com/selfeval/muzink/viewmodels/PlayListSongViewModel.java,com.selfeval.muzink.viewmodels.PlayListSongViewModel,insertPlayListSong/1[com.selfeval.muzink.entities.PlayListSong],playListSong,1
/home/arch_design_predict/download-github-repos/mvvm/repos/Muzink-Music-Player-App-master/app/src/main/java/com/selfeval/muzink/viewmodels/PlayListSongViewModel.java,com.selfeval.muzink.viewmodels.PlayListSongViewModel,PlayListSongViewModel/1[com.selfeval.muzink.viewmodels.Application],application,2
/home/arch_design_predict/download-github-repos/mvvm/repos/Muzink-Music-Player-App-master/app/src/main/java/com/selfeval/muzink/loaders/AlbumsLoader.java,com.selfeval.muzink.loaders.AlbumsLoader,getAllAlbums/1[com.selfeval.muzink.loaders.Context],cursor,11
/home/arch_design_predict/download-github-repos/mvvm/repos/Muzink-Music-Player-App-master/app/src/main/java/com/selfeval/muzink/loaders/AlbumsLoader.java,com.selfeval.muzink.loaders.AlbumsLoader,getAllAlbums/1[com.selfeval.muzink.loaders.Context],context,1
/home/arch_design_predict/download-github-repos/mvvm/repos/Muzink-Music-Player-App-master/app/src/main/java/com/selfeval/muzink/activities/BaseActivity.java,com.selfeval.muzink.activities.BaseActivity,onCreateOptionsMenu/1[com.selfeval.muzink.activities.Menu],menu,2
/home/arch_design_predict/download-github-repos/mvvm/repos/Muzink-Music-Player-App-master/app/src/main/java/com/selfeval/muzink/activities/BaseActivity.java,com.selfeval.muzink.activities.BaseActivity,initToolBar/1[com.selfeval.muzink.activities.Toolbar],toolBar,1
/home/arch_design_predict/download-github-repos/mvvm/repos/Muzink-Music-Player-App-master/app/src/main/java/com/selfeval/muzink/activities/BaseActivity.java,com.selfeval.muzink.activities.BaseActivity,setSelectedTabIndicatorColor/1[int],color,1
/home/arch_design_predict/download-github-repos/mvvm/repos/Muzink-Music-Player-App-master/app/src/main/java/com/selfeval/muzink/activities/BaseActivity.java,com.selfeval.muzink.activities.BaseActivity,onClick/1[com.selfeval.muzink.objs.Song],song,0
/home/arch_design_predict/download-github-repos/mvvm/repos/Muzink-Music-Player-App-master/app/src/main/java/com/selfeval/muzink/activities/BaseActivity.java,com.selfeval.muzink.activities.BaseActivity,onCreate/1[com.selfeval.muzink.activities.Bundle],savedInstanceState,1
/home/arch_design_predict/download-github-repos/mvvm/repos/Muzink-Music-Player-App-master/app/src/main/java/com/selfeval/muzink/activities/BaseActivity.java,com.selfeval.muzink.activities.BaseActivity,"initPager/3[com.selfeval.muzink.activities.ViewPager,com.selfeval.muzink.adapters.FragmentsPagerAdapter,java.util.List<com.selfeval.muzink.activities.Fragment>]",pagerFragments,5
/home/arch_design_predict/download-github-repos/mvvm/repos/Muzink-Music-Player-App-master/app/src/main/java/com/selfeval/muzink/activities/BaseActivity.java,com.selfeval.muzink.activities.BaseActivity,"initPager/3[com.selfeval.muzink.activities.ViewPager,com.selfeval.muzink.adapters.FragmentsPagerAdapter,java.util.List<com.selfeval.muzink.activities.Fragment>]",fragmentPagerAdapter,2
/home/arch_design_predict/download-github-repos/mvvm/repos/Muzink-Music-Player-App-master/app/src/main/java/com/selfeval/muzink/activities/BaseActivity.java,com.selfeval.muzink.activities.BaseActivity,"initPager/3[com.selfeval.muzink.activities.ViewPager,com.selfeval.muzink.adapters.FragmentsPagerAdapter,java.util.List<com.selfeval.muzink.activities.Fragment>]",viewPager,1
/home/arch_design_predict/download-github-repos/mvvm/repos/Muzink-Music-Player-App-master/app/src/main/java/com/selfeval/muzink/activities/BaseActivity.java,com.selfeval.muzink.activities.BaseActivity,initTabLayout/1[com.selfeval.muzink.activities.TabLayout],tabLayout,2
/home/arch_design_predict/download-github-repos/mvvm/repos/Muzink-Music-Player-App-master/app/src/main/java/com/selfeval/muzink/activities/BaseActivity.java,com.selfeval.muzink.activities.BaseActivity,onClick/1[com.selfeval.muzink.activities.View],v,2
/home/arch_design_predict/download-github-repos/mvvm/repos/Muzink-Music-Player-App-master/app/src/main/java/com/selfeval/muzink/fragments/navigation/AlbumNavigationFragment.java,com.selfeval.muzink.fragments.navigation.AlbumNavigationFragment$Anonymous5,onAnimationCancel/1[com.selfeval.muzink.fragments.navigation.Animator],animation,0
/home/arch_design_predict/download-github-repos/mvvm/repos/Muzink-Music-Player-App-master/app/src/main/java/com/selfeval/muzink/fragments/navigation/AlbumNavigationFragment.java,com.selfeval.muzink.fragments.navigation.AlbumNavigationFragment$Anonymous5,onAnimationRepeat/1[com.selfeval.muzink.fragments.navigation.Animator],animation,0
/home/arch_design_predict/download-github-repos/mvvm/repos/Muzink-Music-Player-App-master/app/src/main/java/com/selfeval/muzink/fragments/navigation/AlbumNavigationFragment.java,com.selfeval.muzink.fragments.navigation.AlbumNavigationFragment$Anonymous5,onAnimationStart/1[com.selfeval.muzink.fragments.navigation.Animator],animation,0
/home/arch_design_predict/download-github-repos/mvvm/repos/Muzink-Music-Player-App-master/app/src/main/java/com/selfeval/muzink/fragments/navigation/AlbumNavigationFragment.java,com.selfeval.muzink.fragments.navigation.AlbumNavigationFragment$Anonymous5,onAnimationEnd/1[com.selfeval.muzink.fragments.navigation.Animator],animation,0
/home/arch_design_predict/download-github-repos/mvvm/repos/Muzink-Music-Player-App-master/app/src/main/java/com/selfeval/muzink/fragments/navigation/AlbumNavigationFragment.java,com.selfeval.muzink.fragments.navigation.AlbumNavigationFragment$Anonymous2,onClick/1[com.selfeval.muzink.fragments.navigation.View],v,2
/home/arch_design_predict/download-github-repos/mvvm/repos/Muzink-Music-Player-App-master/app/src/main/java/com/selfeval/muzink/fragments/navigation/AlbumNavigationFragment.java,com.selfeval.muzink.fragments.navigation.AlbumNavigationFragment$Anonymous3,onSuccess/0,bitmap,1
/home/arch_design_predict/download-github-repos/mvvm/repos/Muzink-Music-Player-App-master/app/src/main/java/com/selfeval/muzink/adapters/AlbumSongsAdapter.java,com.selfeval.muzink.adapters.AlbumSongsAdapter$Anonymous3,onMenuItemClick/1[com.selfeval.muzink.adapters.MenuItem],item,2
/home/arch_design_predict/download-github-repos/mvvm/repos/Muzink-Music-Player-App-master/app/src/main/java/com/selfeval/muzink/adapters/AlbumSongsAdapter.java,com.selfeval.muzink.adapters.AlbumSongsAdapter$Anonymous3,onMenuItemClick/1[com.selfeval.muzink.adapters.MenuItem],playList,6
/home/arch_design_predict/download-github-repos/mvvm/repos/Muzink-Music-Player-App-master/app/src/main/java/com/selfeval/muzink/adapters/AlbumSongsAdapter.java,com.selfeval.muzink.adapters.AlbumSongsAdapter$Anonymous3,onMenuItemClick/1[com.selfeval.muzink.adapters.MenuItem],PlayListsItr,3
/home/arch_design_predict/download-github-repos/mvvm/repos/Muzink-Music-Player-App-master/app/src/main/java/com/selfeval/muzink/fragments/pager/AllSongsFragment.java,com.selfeval.muzink.fragments.pager.AllSongsFragment,"onCreateView/3[com.selfeval.muzink.fragments.pager.LayoutInflater,com.selfeval.muzink.fragments.pager.ViewGroup,com.selfeval.muzink.fragments.pager.Bundle]",container,1
/home/arch_design_predict/download-github-repos/mvvm/repos/Muzink-Music-Player-App-master/app/src/main/java/com/selfeval/muzink/fragments/pager/AllSongsFragment.java,com.selfeval.muzink.fragments.pager.AllSongsFragment,"onCreateView/3[com.selfeval.muzink.fragments.pager.LayoutInflater,com.selfeval.muzink.fragments.pager.ViewGroup,com.selfeval.muzink.fragments.pager.Bundle]",savedInstanceState,0
/home/arch_design_predict/download-github-repos/mvvm/repos/Muzink-Music-Player-App-master/app/src/main/java/com/selfeval/muzink/fragments/pager/AllSongsFragment.java,com.selfeval.muzink.fragments.pager.AllSongsFragment,"onCreateView/3[com.selfeval.muzink.fragments.pager.LayoutInflater,com.selfeval.muzink.fragments.pager.ViewGroup,com.selfeval.muzink.fragments.pager.Bundle]",view,1
/home/arch_design_predict/download-github-repos/mvvm/repos/Muzink-Music-Player-App-master/app/src/main/java/com/selfeval/muzink/fragments/pager/AllSongsFragment.java,com.selfeval.muzink.fragments.pager.AllSongsFragment,"onCreateView/3[com.selfeval.muzink.fragments.pager.LayoutInflater,com.selfeval.muzink.fragments.pager.ViewGroup,com.selfeval.muzink.fragments.pager.Bundle]",inflater,1
/home/arch_design_predict/download-github-repos/mvvm/repos/Muzink-Music-Player-App-master/app/src/main/java/com/selfeval/muzink/fragments/pager/AllSongsFragment.java,com.selfeval.muzink.fragments.pager.AllSongsFragment,onAttach/1[com.selfeval.muzink.fragments.pager.Context],context,2
/home/arch_design_predict/download-github-repos/mvvm/repos/Muzink-Music-Player-App-master/app/src/main/java/com/selfeval/muzink/fragments/pager/AllSongsFragment.java,com.selfeval.muzink.fragments.pager.AllSongsFragment,"onViewCreated/2[com.selfeval.muzink.fragments.pager.View,com.selfeval.muzink.fragments.pager.Bundle]",savedInstanceState,1
/home/arch_design_predict/download-github-repos/mvvm/repos/Muzink-Music-Player-App-master/app/src/main/java/com/selfeval/muzink/fragments/pager/AllSongsFragment.java,com.selfeval.muzink.fragments.pager.AllSongsFragment,"onViewCreated/2[com.selfeval.muzink.fragments.pager.View,com.selfeval.muzink.fragments.pager.Bundle]",view,2
/home/arch_design_predict/download-github-repos/mvvm/repos/Muzink-Music-Player-App-master/app/src/main/java/com/selfeval/muzink/adapters/AlbumSongsAdapter.java,com.selfeval.muzink.adapters.AlbumSongsAdapter$Anonymous2,onClick/1[com.selfeval.muzink.adapters.View],v,0
/home/arch_design_predict/download-github-repos/mvvm/repos/Muzink-Music-Player-App-master/app/src/main/java/com/selfeval/muzink/fragments/navigation/AlbumNavigationFragment.java,com.selfeval.muzink.fragments.navigation.AlbumNavigationFragment$Anonymous1,onClick/1[com.selfeval.muzink.fragments.navigation.View],v,2
/home/arch_design_predict/download-github-repos/mvvm/repos/Muzink-Music-Player-App-master/app/src/main/java/com/selfeval/muzink/adapters/AlbumSongsAdapter.java,com.selfeval.muzink.adapters.AlbumSongsAdapter$Anonymous1,onClick/1[com.selfeval.muzink.adapters.View],v,2
/home/arch_design_predict/download-github-repos/mvvm/repos/Muzink-Music-Player-App-master/app/src/main/java/com/selfeval/muzink/adapters/PlayListSongsAdapter.java,com.selfeval.muzink.adapters.PlayListSongsAdapter,"onBindViewHolder/2[com.selfeval.muzink.adapters.PlayListSongsAdapter.PlayListSongHolder,int]",holder,0
/home/arch_design_predict/download-github-repos/mvvm/repos/Muzink-Music-Player-App-master/app/src/main/java/com/selfeval/muzink/adapters/PlayListSongsAdapter.java,com.selfeval.muzink.adapters.PlayListSongsAdapter,"onBindViewHolder/2[com.selfeval.muzink.adapters.PlayListSongsAdapter.PlayListSongHolder,int]",position,0
/home/arch_design_predict/download-github-repos/mvvm/repos/Muzink-Music-Player-App-master/app/src/main/java/com/selfeval/muzink/adapters/PlayListSongsAdapter.java,com.selfeval.muzink.adapters.PlayListSongsAdapter,"onCreateViewHolder/2[com.selfeval.muzink.adapters.ViewGroup,int]",parent,0
/home/arch_design_predict/download-github-repos/mvvm/repos/Muzink-Music-Player-App-master/app/src/main/java/com/selfeval/muzink/adapters/PlayListSongsAdapter.java,com.selfeval.muzink.adapters.PlayListSongsAdapter,"onCreateViewHolder/2[com.selfeval.muzink.adapters.ViewGroup,int]",viewType,0
/home/arch_design_predict/download-github-repos/mvvm/repos/Muzink-Music-Player-App-master/app/src/main/java/com/selfeval/muzink/fragments/navigation/AlbumNavigationFragment.java,com.selfeval.muzink.fragments.navigation.AlbumNavigationFragment$AnimationThread,run/0,animation,2
/home/arch_design_predict/download-github-repos/mvvm/repos/Muzink-Music-Player-App-master/app/src/main/java/com/selfeval/muzink/fragments/navigation/AlbumNavigationFragment.java,com.selfeval.muzink.fragments.navigation.AlbumNavigationFragment$Anonymous8,onAnimationStart/1[com.selfeval.muzink.fragments.navigation.Animator],animation,0
/home/arch_design_predict/download-github-repos/mvvm/repos/Muzink-Music-Player-App-master/app/src/main/java/com/selfeval/muzink/fragments/navigation/AlbumNavigationFragment.java,com.selfeval.muzink.fragments.navigation.AlbumNavigationFragment$Anonymous8,onAnimationEnd/1[com.selfeval.muzink.fragments.navigation.Animator],animation,0
/home/arch_design_predict/download-github-repos/mvvm/repos/Muzink-Music-Player-App-master/app/src/main/java/com/selfeval/muzink/fragments/navigation/AlbumNavigationFragment.java,com.selfeval.muzink.fragments.navigation.AlbumNavigationFragment$Anonymous8,onAnimationCancel/1[com.selfeval.muzink.fragments.navigation.Animator],animation,0
/home/arch_design_predict/download-github-repos/mvvm/repos/Muzink-Music-Player-App-master/app/src/main/java/com/selfeval/muzink/fragments/navigation/AlbumNavigationFragment.java,com.selfeval.muzink.fragments.navigation.AlbumNavigationFragment$Anonymous8,onAnimationRepeat/1[com.selfeval.muzink.fragments.navigation.Animator],animation,0
/home/arch_design_predict/download-github-repos/mvvm/repos/Muzink-Music-Player-App-master/app/src/main/java/com/selfeval/muzink/daos/PlayListDao.java,com.selfeval.muzink.daos.PlayListDao,deletePlayList/1[com.selfeval.muzink.entities.PlayList],playList,0
/home/arch_design_predict/download-github-repos/mvvm/repos/Muzink-Music-Player-App-master/app/src/main/java/com/selfeval/muzink/daos/PlayListDao.java,com.selfeval.muzink.daos.PlayListDao,updatePlayList/1[com.selfeval.muzink.entities.PlayList],playList,0
/home/arch_design_predict/download-github-repos/mvvm/repos/Muzink-Music-Player-App-master/app/src/main/java/com/selfeval/muzink/daos/PlayListDao.java,com.selfeval.muzink.daos.PlayListDao,insertPlayList/1[com.selfeval.muzink.entities.PlayList],playList,0
/home/arch_design_predict/download-github-repos/mvvm/repos/Muzink-Music-Player-App-master/app/src/main/java/com/selfeval/muzink/fragments/navigation/AlbumNavigationFragment.java,com.selfeval.muzink.fragments.navigation.AlbumNavigationFragment$Anonymous9,onAnimationCancel/1[com.selfeval.muzink.fragments.navigation.Animator],animation,0
/home/arch_design_predict/download-github-repos/mvvm/repos/Muzink-Music-Player-App-master/app/src/main/java/com/selfeval/muzink/fragments/navigation/AlbumNavigationFragment.java,com.selfeval.muzink.fragments.navigation.AlbumNavigationFragment$Anonymous9,onAnimationRepeat/1[com.selfeval.muzink.fragments.navigation.Animator],animation,0
/home/arch_design_predict/download-github-repos/mvvm/repos/Muzink-Music-Player-App-master/app/src/main/java/com/selfeval/muzink/fragments/navigation/AlbumNavigationFragment.java,com.selfeval.muzink.fragments.navigation.AlbumNavigationFragment$Anonymous9,onAnimationStart/1[com.selfeval.muzink.fragments.navigation.Animator],animation,0
/home/arch_design_predict/download-github-repos/mvvm/repos/Muzink-Music-Player-App-master/app/src/main/java/com/selfeval/muzink/fragments/navigation/AlbumNavigationFragment.java,com.selfeval.muzink.fragments.navigation.AlbumNavigationFragment$Anonymous9,onAnimationEnd/1[com.selfeval.muzink.fragments.navigation.Animator],animation,0
/home/arch_design_predict/download-github-repos/mvvm/repos/Muzink-Music-Player-App-master/app/src/main/java/com/selfeval/muzink/fragments/navigation/AlbumNavigationFragment.java,com.selfeval.muzink.fragments.navigation.AlbumNavigationFragment$Anonymous6,onAnimationStart/1[com.selfeval.muzink.fragments.navigation.Animation],animation,0
/home/arch_design_predict/download-github-repos/mvvm/repos/Muzink-Music-Player-App-master/app/src/main/java/com/selfeval/muzink/fragments/navigation/AlbumNavigationFragment.java,com.selfeval.muzink.fragments.navigation.AlbumNavigationFragment$Anonymous6,onAnimationEnd/1[com.selfeval.muzink.fragments.navigation.Animation],animation,0
/home/arch_design_predict/download-github-repos/mvvm/repos/Muzink-Music-Player-App-master/app/src/main/java/com/selfeval/muzink/fragments/navigation/AlbumNavigationFragment.java,com.selfeval.muzink.fragments.navigation.AlbumNavigationFragment$Anonymous6,onAnimationRepeat/1[com.selfeval.muzink.fragments.navigation.Animation],animation,0
/home/arch_design_predict/download-github-repos/mvvm/repos/Muzink-Music-Player-App-master/app/src/main/java/com/selfeval/muzink/fragments/navigation/AlbumNavigationFragment.java,com.selfeval.muzink.fragments.navigation.AlbumNavigationFragment$Anonymous7,onAnimationCancel/1[com.selfeval.muzink.fragments.navigation.Animator],animation,0
/home/arch_design_predict/download-github-repos/mvvm/repos/Muzink-Music-Player-App-master/app/src/main/java/com/selfeval/muzink/fragments/navigation/AlbumNavigationFragment.java,com.selfeval.muzink.fragments.navigation.AlbumNavigationFragment$Anonymous7,onAnimationRepeat/1[com.selfeval.muzink.fragments.navigation.Animator],animation,0
/home/arch_design_predict/download-github-repos/mvvm/repos/Muzink-Music-Player-App-master/app/src/main/java/com/selfeval/muzink/fragments/navigation/AlbumNavigationFragment.java,com.selfeval.muzink.fragments.navigation.AlbumNavigationFragment$Anonymous7,onAnimationStart/1[com.selfeval.muzink.fragments.navigation.Animator],animation,0
/home/arch_design_predict/download-github-repos/mvvm/repos/Muzink-Music-Player-App-master/app/src/main/java/com/selfeval/muzink/fragments/navigation/AlbumNavigationFragment.java,com.selfeval.muzink.fragments.navigation.AlbumNavigationFragment$Anonymous7,onAnimationEnd/1[com.selfeval.muzink.fragments.navigation.Animator],animation,0
/home/arch_design_predict/download-github-repos/mvvm/repos/Muzink-Music-Player-App-master/app/src/main/java/com/selfeval/muzink/adapters/PlayListSongsAdapter.java,com.selfeval.muzink.adapters.PlayListSongsAdapter$PlayListSongHolder,PlayListSongHolder/1[com.selfeval.muzink.adapters.View],itemView,1
/home/arch_design_predict/download-github-repos/mvvm/repos/Muzink-Music-Player-App-master/app/src/main/java/com/selfeval/muzink/repository/Repository.java,com.selfeval.muzink.repository.Repository$DeletePlayListAsyncTask,DeletePlayListAsyncTask/1[com.selfeval.muzink.daos.PlayListDao],playListDao,2
/home/arch_design_predict/download-github-repos/mvvm/repos/Muzink-Music-Player-App-master/app/src/main/java/com/selfeval/muzink/repository/Repository.java,com.selfeval.muzink.repository.Repository$DeletePlayListAsyncTask,doInBackground/1[com.selfeval.muzink.entities.PlayList[]],playLists,1
/home/arch_design_predict/download-github-repos/mvvm/repos/Muzink-Music-Player-App-master/app/src/main/java/com/selfeval/muzink/fragments/view/AlbumsViewFragment.java,com.selfeval.muzink.fragments.view.AlbumsViewFragment,"onCreateView/3[com.selfeval.muzink.fragments.view.LayoutInflater,com.selfeval.muzink.fragments.view.ViewGroup,com.selfeval.muzink.fragments.view.Bundle]",container,1
/home/arch_design_predict/download-github-repos/mvvm/repos/Muzink-Music-Player-App-master/app/src/main/java/com/selfeval/muzink/fragments/view/AlbumsViewFragment.java,com.selfeval.muzink.fragments.view.AlbumsViewFragment,"onCreateView/3[com.selfeval.muzink.fragments.view.LayoutInflater,com.selfeval.muzink.fragments.view.ViewGroup,com.selfeval.muzink.fragments.view.Bundle]",savedInstanceState,0
/home/arch_design_predict/download-github-repos/mvvm/repos/Muzink-Music-Player-App-master/app/src/main/java/com/selfeval/muzink/fragments/view/AlbumsViewFragment.java,com.selfeval.muzink.fragments.view.AlbumsViewFragment,"onCreateView/3[com.selfeval.muzink.fragments.view.LayoutInflater,com.selfeval.muzink.fragments.view.ViewGroup,com.selfeval.muzink.fragments.view.Bundle]",inflater,1
/home/arch_design_predict/download-github-repos/mvvm/repos/Muzink-Music-Player-App-master/app/src/main/java/com/selfeval/muzink/fragments/view/AlbumsViewFragment.java,com.selfeval.muzink.fragments.view.AlbumsViewFragment,"onViewCreated/2[com.selfeval.muzink.fragments.view.View,com.selfeval.muzink.fragments.view.Bundle]",savedInstanceState,1
/home/arch_design_predict/download-github-repos/mvvm/repos/Muzink-Music-Player-App-master/app/src/main/java/com/selfeval/muzink/fragments/view/AlbumsViewFragment.java,com.selfeval.muzink.fragments.view.AlbumsViewFragment,"onViewCreated/2[com.selfeval.muzink.fragments.view.View,com.selfeval.muzink.fragments.view.Bundle]",view,2
/home/arch_design_predict/download-github-repos/mvvm/repos/Muzink-Music-Player-App-master/app/src/main/java/com/selfeval/muzink/fragments/view/AlbumsViewFragment.java,com.selfeval.muzink.fragments.view.AlbumsViewFragment,onAttach/1[com.selfeval.muzink.fragments.view.Context],context,1
/home/arch_design_predict/download-github-repos/mvvm/repos/Muzink-Music-Player-App-master/app/src/main/java/com/selfeval/muzink/database/PlayListsDB.java,com.selfeval.muzink.database.PlayListsDB,getInstance/1[com.selfeval.muzink.database.Context],context,1
/home/arch_design_predict/download-github-repos/mvvm/repos/Muzink-Music-Player-App-master/app/src/main/java/com/selfeval/muzink/adapters/AlbumsAdapter.java,com.selfeval.muzink.adapters.AlbumsAdapter,AlbumsAdapter/1[com.selfeval.muzink.fragments.pager.AlbumsFragment],albumsFragment,2
/home/arch_design_predict/download-github-repos/mvvm/repos/Muzink-Music-Player-App-master/app/src/main/java/com/selfeval/muzink/adapters/AlbumsAdapter.java,com.selfeval.muzink.adapters.AlbumsAdapter,"onBindViewHolder/2[com.selfeval.muzink.adapters.AlbumsAdapter.AlbumHolder,int]",holder,3
/home/arch_design_predict/download-github-repos/mvvm/repos/Muzink-Music-Player-App-master/app/src/main/java/com/selfeval/muzink/adapters/AlbumsAdapter.java,com.selfeval.muzink.adapters.AlbumsAdapter,"onBindViewHolder/2[com.selfeval.muzink.adapters.AlbumsAdapter.AlbumHolder,int]",position,2
/home/arch_design_predict/download-github-repos/mvvm/repos/Muzink-Music-Player-App-master/app/src/main/java/com/selfeval/muzink/adapters/AlbumsAdapter.java,com.selfeval.muzink.adapters.AlbumsAdapter,"onCreateViewHolder/2[com.selfeval.muzink.adapters.ViewGroup,int]",parent,2
/home/arch_design_predict/download-github-repos/mvvm/repos/Muzink-Music-Player-App-master/app/src/main/java/com/selfeval/muzink/adapters/AlbumsAdapter.java,com.selfeval.muzink.adapters.AlbumsAdapter,"onCreateViewHolder/2[com.selfeval.muzink.adapters.ViewGroup,int]",viewType,0
/home/arch_design_predict/download-github-repos/mvvm/repos/Muzink-Music-Player-App-master/app/src/main/java/com/selfeval/muzink/viewmodels/PlayListViewModel.java,com.selfeval.muzink.viewmodels.PlayListViewModel,PlayListViewModel/1[com.selfeval.muzink.viewmodels.Application],application,2
/home/arch_design_predict/download-github-repos/mvvm/repos/Muzink-Music-Player-App-master/app/src/main/java/com/selfeval/muzink/viewmodels/PlayListViewModel.java,com.selfeval.muzink.viewmodels.PlayListViewModel,updatePlayList/1[com.selfeval.muzink.entities.PlayList],playList,1
/home/arch_design_predict/download-github-repos/mvvm/repos/Muzink-Music-Player-App-master/app/src/main/java/com/selfeval/muzink/viewmodels/PlayListViewModel.java,com.selfeval.muzink.viewmodels.PlayListViewModel,deletePlayList/1[com.selfeval.muzink.entities.PlayList],playList,1
/home/arch_design_predict/download-github-repos/mvvm/repos/Muzink-Music-Player-App-master/app/src/main/java/com/selfeval/muzink/viewmodels/PlayListViewModel.java,com.selfeval.muzink.viewmodels.PlayListViewModel,insertPlayList/1[com.selfeval.muzink.entities.PlayList],playList,1
/home/arch_design_predict/download-github-repos/mvvm/repos/Muzink-Music-Player-App-master/app/src/main/java/com/selfeval/muzink/repository/Repository.java,com.selfeval.muzink.repository.Repository$DeletePlayListSongAsyncTask,doInBackground/1[com.selfeval.muzink.entities.PlayListSong[]],playListSongs,1
/home/arch_design_predict/download-github-repos/mvvm/repos/Muzink-Music-Player-App-master/app/src/main/java/com/selfeval/muzink/repository/Repository.java,com.selfeval.muzink.repository.Repository$DeletePlayListSongAsyncTask,DeletePlayListSongAsyncTask/1[com.selfeval.muzink.daos.PlayListSongDao],playListSongDao,2
/home/arch_design_predict/download-github-repos/mvvm/repos/Muzink-Music-Player-App-master/app/src/main/java/com/selfeval/muzink/adapters/AlbumsAdapter.java,com.selfeval.muzink.adapters.AlbumsAdapter$AlbumHolder,onClick/1[com.selfeval.muzink.adapters.View],v,1
/home/arch_design_predict/download-github-repos/mvvm/repos/Muzink-Music-Player-App-master/app/src/main/java/com/selfeval/muzink/adapters/AlbumsAdapter.java,com.selfeval.muzink.adapters.AlbumsAdapter$AlbumHolder,"AlbumHolder/2[com.selfeval.muzink.adapters.View,View.OnClickListener]",itemView,4
/home/arch_design_predict/download-github-repos/mvvm/repos/Muzink-Music-Player-App-master/app/src/main/java/com/selfeval/muzink/adapters/AlbumsAdapter.java,com.selfeval.muzink.adapters.AlbumsAdapter$AlbumHolder,"AlbumHolder/2[com.selfeval.muzink.adapters.View,View.OnClickListener]",listener,2
/home/arch_design_predict/download-github-repos/mvvm/repos/Muzink-Music-Player-App-master/app/src/main/java/com/selfeval/muzink/daos/PlayListSongDao.java,com.selfeval.muzink.daos.PlayListSongDao,insertPlayListSong/1[com.selfeval.muzink.entities.PlayListSong],playListSong,0
/home/arch_design_predict/download-github-repos/mvvm/repos/Muzink-Music-Player-App-master/app/src/main/java/com/selfeval/muzink/daos/PlayListSongDao.java,com.selfeval.muzink.daos.PlayListSongDao,deletePlayListSong/1[com.selfeval.muzink.entities.PlayListSong],playListSong,0
/home/arch_design_predict/download-github-repos/mvvm/repos/Muzink-Music-Player-App-master/app/src/main/java/com/selfeval/muzink/adapters/AllSongsAdapter.java,com.selfeval.muzink.adapters.AllSongsAdapter$Anonymous2,onMenuItemClick/1[com.selfeval.muzink.adapters.MenuItem],item,2
/home/arch_design_predict/download-github-repos/mvvm/repos/Muzink-Music-Player-App-master/app/src/main/java/com/selfeval/muzink/adapters/AllSongsAdapter.java,com.selfeval.muzink.adapters.AllSongsAdapter$Anonymous2,onMenuItemClick/1[com.selfeval.muzink.adapters.MenuItem],playList,3
/home/arch_design_predict/download-github-repos/mvvm/repos/Muzink-Music-Player-App-master/app/src/main/java/com/selfeval/muzink/adapters/PlayListsAdapter.java,com.selfeval.muzink.adapters.PlayListsAdapter$PlayListHolder,PlayListHolder/1[com.selfeval.muzink.adapters.View],itemView,1
/home/arch_design_predict/download-github-repos/mvvm/repos/Muzink-Music-Player-App-master/app/src/main/java/com/selfeval/muzink/BlurBuilder.java,com.selfeval.muzink.BlurBuilder,"blur/2[com.selfeval.muzink.Context,com.selfeval.muzink.Bitmap]",rs,4
/home/arch_design_predict/download-github-repos/mvvm/repos/Muzink-Music-Player-App-master/app/src/main/java/com/selfeval/muzink/BlurBuilder.java,com.selfeval.muzink.BlurBuilder,"blur/2[com.selfeval.muzink.Context,com.selfeval.muzink.Bitmap]",bitmap,3
/home/arch_design_predict/download-github-repos/mvvm/repos/Muzink-Music-Player-App-master/app/src/main/java/com/selfeval/muzink/BlurBuilder.java,com.selfeval.muzink.BlurBuilder,"blur/2[com.selfeval.muzink.Context,com.selfeval.muzink.Bitmap]",context,1
/home/arch_design_predict/download-github-repos/mvvm/repos/Muzink-Music-Player-App-master/app/src/main/java/com/selfeval/muzink/BlurBuilder.java,com.selfeval.muzink.BlurBuilder,"blur/2[com.selfeval.muzink.Context,com.selfeval.muzink.Bitmap]",width,1
/home/arch_design_predict/download-github-repos/mvvm/repos/Muzink-Music-Player-App-master/app/src/main/java/com/selfeval/muzink/BlurBuilder.java,com.selfeval.muzink.BlurBuilder,"blur/2[com.selfeval.muzink.Context,com.selfeval.muzink.Bitmap]",tempOut,1
/home/arch_design_predict/download-github-repos/mvvm/repos/Muzink-Music-Player-App-master/app/src/main/java/com/selfeval/muzink/BlurBuilder.java,com.selfeval.muzink.BlurBuilder,"blur/2[com.selfeval.muzink.Context,com.selfeval.muzink.Bitmap]",intrinsicBlur,3
/home/arch_design_predict/download-github-repos/mvvm/repos/Muzink-Music-Player-App-master/app/src/main/java/com/selfeval/muzink/BlurBuilder.java,com.selfeval.muzink.BlurBuilder,"blur/2[com.selfeval.muzink.Context,com.selfeval.muzink.Bitmap]",tempIn,1
/home/arch_design_predict/download-github-repos/mvvm/repos/Muzink-Music-Player-App-master/app/src/main/java/com/selfeval/muzink/BlurBuilder.java,com.selfeval.muzink.BlurBuilder,"blur/2[com.selfeval.muzink.Context,com.selfeval.muzink.Bitmap]",outputBitmap,2
/home/arch_design_predict/download-github-repos/mvvm/repos/Muzink-Music-Player-App-master/app/src/main/java/com/selfeval/muzink/BlurBuilder.java,com.selfeval.muzink.BlurBuilder,"blur/2[com.selfeval.muzink.Context,com.selfeval.muzink.Bitmap]",height,1
/home/arch_design_predict/download-github-repos/mvvm/repos/Muzink-Music-Player-App-master/app/src/main/java/com/selfeval/muzink/BlurBuilder.java,com.selfeval.muzink.BlurBuilder,"blur/2[com.selfeval.muzink.Context,com.selfeval.muzink.Bitmap]",inputBitmap,2
/home/arch_design_predict/download-github-repos/mvvm/repos/Muzink-Music-Player-App-master/app/src/main/java/com/selfeval/muzink/services/MusicPlayerService.java,com.selfeval.muzink.services.MusicPlayerService$SessionCallback,onSeekTo/1[long],pos,1
/home/arch_design_predict/download-github-repos/mvvm/repos/Muzink-Music-Player-App-master/app/src/main/java/com/selfeval/muzink/services/MusicPlayerService.java,com.selfeval.muzink.services.MusicPlayerService$SessionCallback,"onPlayFromUri/2[com.selfeval.muzink.services.Uri,com.selfeval.muzink.services.Bundle]",extras,1
/home/arch_design_predict/download-github-repos/mvvm/repos/Muzink-Music-Player-App-master/app/src/main/java/com/selfeval/muzink/services/MusicPlayerService.java,com.selfeval.muzink.services.MusicPlayerService$SessionCallback,"onPlayFromUri/2[com.selfeval.muzink.services.Uri,com.selfeval.muzink.services.Bundle]",uri,1
/home/arch_design_predict/download-github-repos/mvvm/repos/Muzink-Music-Player-App-master/app/src/main/java/com/selfeval/muzink/entities/PlayListSong.java,com.selfeval.muzink.entities.PlayListSong,setTitle/1[java.lang.String],title,2
/home/arch_design_predict/download-github-repos/mvvm/repos/Muzink-Music-Player-App-master/app/src/main/java/com/selfeval/muzink/entities/PlayListSong.java,com.selfeval.muzink.entities.PlayListSong,"PlayListSong/6[int,java.lang.String,java.lang.String,long,java.lang.String,long]",artist,2
/home/arch_design_predict/download-github-repos/mvvm/repos/Muzink-Music-Player-App-master/app/src/main/java/com/selfeval/muzink/entities/PlayListSong.java,com.selfeval.muzink.entities.PlayListSong,"PlayListSong/6[int,java.lang.String,java.lang.String,long,java.lang.String,long]",albumID,2
/home/arch_design_predict/download-github-repos/mvvm/repos/Muzink-Music-Player-App-master/app/src/main/java/com/selfeval/muzink/entities/PlayListSong.java,com.selfeval.muzink.entities.PlayListSong,"PlayListSong/6[int,java.lang.String,java.lang.String,long,java.lang.String,long]",title,2
/home/arch_design_predict/download-github-repos/mvvm/repos/Muzink-Music-Player-App-master/app/src/main/java/com/selfeval/muzink/entities/PlayListSong.java,com.selfeval.muzink.entities.PlayListSong,"PlayListSong/6[int,java.lang.String,java.lang.String,long,java.lang.String,long]",songID,2
/home/arch_design_predict/download-github-repos/mvvm/repos/Muzink-Music-Player-App-master/app/src/main/java/com/selfeval/muzink/entities/PlayListSong.java,com.selfeval.muzink.entities.PlayListSong,"PlayListSong/6[int,java.lang.String,java.lang.String,long,java.lang.String,long]",songAlbum,2
/home/arch_design_predict/download-github-repos/mvvm/repos/Muzink-Music-Player-App-master/app/src/main/java/com/selfeval/muzink/entities/PlayListSong.java,com.selfeval.muzink.entities.PlayListSong,"PlayListSong/6[int,java.lang.String,java.lang.String,long,java.lang.String,long]",playListID,2
/home/arch_design_predict/download-github-repos/mvvm/repos/Muzink-Music-Player-App-master/app/src/main/java/com/selfeval/muzink/entities/PlayListSong.java,com.selfeval.muzink.entities.PlayListSong,setPlayListID/1[int],playListID,2
/home/arch_design_predict/download-github-repos/mvvm/repos/Muzink-Music-Player-App-master/app/src/main/java/com/selfeval/muzink/repository/Repository.java,com.selfeval.muzink.repository.Repository,updatePlayList/1[com.selfeval.muzink.entities.PlayList],playList,1
/home/arch_design_predict/download-github-repos/mvvm/repos/Muzink-Music-Player-App-master/app/src/main/java/com/selfeval/muzink/repository/Repository.java,com.selfeval.muzink.repository.Repository,insertPlayList/1[com.selfeval.muzink.entities.PlayList],playList,1
/home/arch_design_predict/download-github-repos/mvvm/repos/Muzink-Music-Player-App-master/app/src/main/java/com/selfeval/muzink/repository/Repository.java,com.selfeval.muzink.repository.Repository,Repository/1[com.selfeval.muzink.repository.Context],context,1
/home/arch_design_predict/download-github-repos/mvvm/repos/Muzink-Music-Player-App-master/app/src/main/java/com/selfeval/muzink/repository/Repository.java,com.selfeval.muzink.repository.Repository,deletePlayListSong/1[com.selfeval.muzink.entities.PlayListSong],playListSong,1
/home/arch_design_predict/download-github-repos/mvvm/repos/Muzink-Music-Player-App-master/app/src/main/java/com/selfeval/muzink/repository/Repository.java,com.selfeval.muzink.repository.Repository,deletePlayList/1[com.selfeval.muzink.entities.PlayList],playList,1
/home/arch_design_predict/download-github-repos/mvvm/repos/Muzink-Music-Player-App-master/app/src/main/java/com/selfeval/muzink/repository/Repository.java,com.selfeval.muzink.repository.Repository,insertPlayListSong/1[com.selfeval.muzink.entities.PlayListSong],playListSong,1
/home/arch_design_predict/download-github-repos/mvvm/repos/Muzink-Music-Player-App-master/app/src/main/java/com/selfeval/muzink/adapters/AlbumsAdapter.java,com.selfeval.muzink.adapters.AlbumsAdapter$Anonymous1,onClick/1[com.selfeval.muzink.adapters.View],v,0
/home/arch_design_predict/download-github-repos/mvvm/repos/Muzink-Music-Player-App-master/app/src/main/java/com/selfeval/muzink/entities/PlayList.java,com.selfeval.muzink.entities.PlayList,setId/1[int],id,2
/home/arch_design_predict/download-github-repos/mvvm/repos/Muzink-Music-Player-App-master/app/src/main/java/com/selfeval/muzink/entities/PlayList.java,com.selfeval.muzink.entities.PlayList,PlayList/1[java.lang.String],name,2
/home/arch_design_predict/download-github-repos/mvvm/repos/Muzink-Music-Player-App-master/app/src/main/java/com/selfeval/muzink/repository/Repository.java,com.selfeval.muzink.repository.Repository$InsertPlayListAsyncTask,InsertPlayListAsyncTask/1[com.selfeval.muzink.daos.PlayListDao],playListDao,2
/home/arch_design_predict/download-github-repos/mvvm/repos/Muzink-Music-Player-App-master/app/src/main/java/com/selfeval/muzink/repository/Repository.java,com.selfeval.muzink.repository.Repository$InsertPlayListAsyncTask,doInBackground/1[com.selfeval.muzink.entities.PlayList[]],playLists,1
/home/arch_design_predict/download-github-repos/mvvm/repos/Muzink-Music-Player-App-master/app/src/main/java/com/selfeval/muzink/fragments/navigation/AlbumNavigationFragment.java,com.selfeval.muzink.fragments.navigation.AlbumNavigationFragment$Anonymous3$Anonymous4,onGenerated/1[com.selfeval.muzink.fragments.navigation.Palette],swatch,11
/home/arch_design_predict/download-github-repos/mvvm/repos/Muzink-Music-Player-App-master/app/src/main/java/com/selfeval/muzink/fragments/navigation/AlbumNavigationFragment.java,com.selfeval.muzink.fragments.navigation.AlbumNavigationFragment$Anonymous3$Anonymous4,onGenerated/1[com.selfeval.muzink.fragments.navigation.Palette],palette,2
/home/arch_design_predict/download-github-repos/mvvm/repos/Muzink-Music-Player-App-master/app/src/main/java/com/selfeval/muzink/services/MusicPlayerService.java,com.selfeval.muzink.services.MusicPlayerService$Anonymous2,onCompletion/1[com.selfeval.muzink.services.MediaPlayer],mp,0
/home/arch_design_predict/download-github-repos/mvvm/repos/Muzink-Music-Player-App-master/app/src/main/java/com/selfeval/muzink/services/MusicPlayerService.java,com.selfeval.muzink.services.MusicPlayerService$Anonymous1,onAudioFocusChange/1[int],canDuck,2
/home/arch_design_predict/download-github-repos/mvvm/repos/Muzink-Music-Player-App-master/app/src/main/java/com/selfeval/muzink/services/MusicPlayerService.java,com.selfeval.muzink.services.MusicPlayerService$Anonymous1,onAudioFocusChange/1[int],focusChange,7
/home/arch_design_predict/download-github-repos/mvvm/repos/Muzink-Music-Player-App-master/app/src/main/java/com/selfeval/muzink/services/MusicPlayerService.java,com.selfeval.muzink.services.MusicPlayerService$Anonymous4,"onError/3[com.selfeval.muzink.services.MediaPlayer,int,int]",mp,0
/home/arch_design_predict/download-github-repos/mvvm/repos/Muzink-Music-Player-App-master/app/src/main/java/com/selfeval/muzink/services/MusicPlayerService.java,com.selfeval.muzink.services.MusicPlayerService$Anonymous4,"onError/3[com.selfeval.muzink.services.MediaPlayer,int,int]",what,0
/home/arch_design_predict/download-github-repos/mvvm/repos/Muzink-Music-Player-App-master/app/src/main/java/com/selfeval/muzink/services/MusicPlayerService.java,com.selfeval.muzink.services.MusicPlayerService$Anonymous4,"onError/3[com.selfeval.muzink.services.MediaPlayer,int,int]",extra,0
/home/arch_design_predict/download-github-repos/mvvm/repos/Muzink-Music-Player-App-master/app/src/main/java/com/selfeval/muzink/services/MusicPlayerService.java,com.selfeval.muzink.services.MusicPlayerService$Anonymous3,onPrepared/1[com.selfeval.muzink.services.MediaPlayer],mp,0
/home/arch_design_predict/download-github-repos/mvvm/repos/Muzink-Music-Player-App-master/app/src/main/java/com/selfeval/muzink/fragments/pager/PlayListsFragment.java,com.selfeval.muzink.fragments.pager.PlayListsFragment,"onCreateView/3[com.selfeval.muzink.fragments.pager.LayoutInflater,com.selfeval.muzink.fragments.pager.ViewGroup,com.selfeval.muzink.fragments.pager.Bundle]",container,1
/home/arch_design_predict/download-github-repos/mvvm/repos/Muzink-Music-Player-App-master/app/src/main/java/com/selfeval/muzink/fragments/pager/PlayListsFragment.java,com.selfeval.muzink.fragments.pager.PlayListsFragment,"onCreateView/3[com.selfeval.muzink.fragments.pager.LayoutInflater,com.selfeval.muzink.fragments.pager.ViewGroup,com.selfeval.muzink.fragments.pager.Bundle]",savedInstanceState,0
/home/arch_design_predict/download-github-repos/mvvm/repos/Muzink-Music-Player-App-master/app/src/main/java/com/selfeval/muzink/fragments/pager/PlayListsFragment.java,com.selfeval.muzink.fragments.pager.PlayListsFragment,"onCreateView/3[com.selfeval.muzink.fragments.pager.LayoutInflater,com.selfeval.muzink.fragments.pager.ViewGroup,com.selfeval.muzink.fragments.pager.Bundle]",inflater,1
/home/arch_design_predict/download-github-repos/mvvm/repos/Muzink-Music-Player-App-master/app/src/main/java/com/selfeval/muzink/objs/Song.java,com.selfeval.muzink.objs.Song,"Song/6[java.lang.String,java.lang.String,long,long,java.lang.String,java.lang.String]",duration,2
/home/arch_design_predict/download-github-repos/mvvm/repos/Muzink-Music-Player-App-master/app/src/main/java/com/selfeval/muzink/objs/Song.java,com.selfeval.muzink.objs.Song,"Song/6[java.lang.String,java.lang.String,long,long,java.lang.String,java.lang.String]",artist,2
/home/arch_design_predict/download-github-repos/mvvm/repos/Muzink-Music-Player-App-master/app/src/main/java/com/selfeval/muzink/objs/Song.java,com.selfeval.muzink.objs.Song,"Song/6[java.lang.String,java.lang.String,long,long,java.lang.String,java.lang.String]",albumID,2
/home/arch_design_predict/download-github-repos/mvvm/repos/Muzink-Music-Player-App-master/app/src/main/java/com/selfeval/muzink/objs/Song.java,com.selfeval.muzink.objs.Song,"Song/6[java.lang.String,java.lang.String,long,long,java.lang.String,java.lang.String]",id,1
/home/arch_design_predict/download-github-repos/mvvm/repos/Muzink-Music-Player-App-master/app/src/main/java/com/selfeval/muzink/objs/Song.java,com.selfeval.muzink.objs.Song,"Song/6[java.lang.String,java.lang.String,long,long,java.lang.String,java.lang.String]",title,2
/home/arch_design_predict/download-github-repos/mvvm/repos/Muzink-Music-Player-App-master/app/src/main/java/com/selfeval/muzink/objs/Song.java,com.selfeval.muzink.objs.Song,"Song/6[java.lang.String,java.lang.String,long,long,java.lang.String,java.lang.String]",songAlbum,2
/home/arch_design_predict/download-github-repos/mvvm/repos/Muzink-Music-Player-App-master/app/src/main/java/com/selfeval/muzink/adapters/AllSongsAdapter.java,com.selfeval.muzink.adapters.AllSongsAdapter$Anonymous1,onClick/1[com.selfeval.muzink.adapters.View],v,0
/home/arch_design_predict/download-github-repos/mvvm/repos/Muzink-Music-Player-App-master/app/src/main/java/com/selfeval/muzink/adapters/AllSongsAdapter.java,com.selfeval.muzink.adapters.AllSongsAdapter$SongHolder,SongHolder/1[com.selfeval.muzink.adapters.View],itemView,7
/home/arch_design_predict/download-github-repos/mvvm/repos/Muzink-Music-Player-App-master/app/src/main/java/com/selfeval/muzink/adapters/AlbumSongsAdapter.java,com.selfeval.muzink.adapters.AlbumSongsAdapter$AlbumSongHolder,onClick/1[com.selfeval.muzink.adapters.View],v,1
/home/arch_design_predict/download-github-repos/mvvm/repos/Muzink-Music-Player-App-master/app/src/main/java/com/selfeval/muzink/adapters/AlbumSongsAdapter.java,com.selfeval.muzink.adapters.AlbumSongsAdapter$AlbumSongHolder,"AlbumSongHolder/2[com.selfeval.muzink.adapters.View,View.OnClickListener]",itemView,5
/home/arch_design_predict/download-github-repos/mvvm/repos/Muzink-Music-Player-App-master/app/src/main/java/com/selfeval/muzink/adapters/AlbumSongsAdapter.java,com.selfeval.muzink.adapters.AlbumSongsAdapter$AlbumSongHolder,"AlbumSongHolder/2[com.selfeval.muzink.adapters.View,View.OnClickListener]",clickListener,2
/home/arch_design_predict/download-github-repos/mvvm/repos/Muzink-Music-Player-App-master/app/src/main/java/com/selfeval/muzink/fragments/navigation/PlayListNavigationFragment.java,com.selfeval.muzink.fragments.navigation.PlayListNavigationFragment,"onCreateView/3[com.selfeval.muzink.fragments.navigation.LayoutInflater,com.selfeval.muzink.fragments.navigation.ViewGroup,com.selfeval.muzink.fragments.navigation.Bundle]",container,1
/home/arch_design_predict/download-github-repos/mvvm/repos/Muzink-Music-Player-App-master/app/src/main/java/com/selfeval/muzink/fragments/navigation/PlayListNavigationFragment.java,com.selfeval.muzink.fragments.navigation.PlayListNavigationFragment,"onCreateView/3[com.selfeval.muzink.fragments.navigation.LayoutInflater,com.selfeval.muzink.fragments.navigation.ViewGroup,com.selfeval.muzink.fragments.navigation.Bundle]",savedInstanceState,1
/home/arch_design_predict/download-github-repos/mvvm/repos/Muzink-Music-Player-App-master/app/src/main/java/com/selfeval/muzink/fragments/navigation/PlayListNavigationFragment.java,com.selfeval.muzink.fragments.navigation.PlayListNavigationFragment,"onCreateView/3[com.selfeval.muzink.fragments.navigation.LayoutInflater,com.selfeval.muzink.fragments.navigation.ViewGroup,com.selfeval.muzink.fragments.navigation.Bundle]",inflater,1
/home/arch_design_predict/download-github-repos/mvvm/repos/Muzink-Music-Player-App-master/app/src/androidTest/java/com/selfeval/muzink/ExampleInstrumentedTest.java,com.selfeval.muzink.ExampleInstrumentedTest,useAppContext/0,appContext,1
/home/arch_design_predict/download-github-repos/mvvm/repos/Muzink-Music-Player-App-master/app/src/main/java/com/selfeval/muzink/loaders/SongsLoader.java,com.selfeval.muzink.loaders.SongsLoader,getAllSongs/1[com.selfeval.muzink.loaders.Context],cursor,15
/home/arch_design_predict/download-github-repos/mvvm/repos/Muzink-Music-Player-App-master/app/src/main/java/com/selfeval/muzink/loaders/SongsLoader.java,com.selfeval.muzink.loaders.SongsLoader,getAllSongs/1[com.selfeval.muzink.loaders.Context],context,1
/home/arch_design_predict/download-github-repos/mvvm/repos/Muzink-Music-Player-App-master/app/src/main/java/com/selfeval/muzink/activities/BaseActivity.java,com.selfeval.muzink.activities.BaseActivity$Anonymous1,onConnected/0,token,1
/home/arch_design_predict/download-github-repos/mvvm/repos/Muzink-Music-Player-App-master/app/src/main/java/com/selfeval/muzink/adapters/PlayListsAdapter.java,com.selfeval.muzink.adapters.PlayListsAdapter,"onBindViewHolder/2[com.selfeval.muzink.adapters.PlayListsAdapter.PlayListHolder,int]",holder,0
/home/arch_design_predict/download-github-repos/mvvm/repos/Muzink-Music-Player-App-master/app/src/main/java/com/selfeval/muzink/adapters/PlayListsAdapter.java,com.selfeval.muzink.adapters.PlayListsAdapter,"onBindViewHolder/2[com.selfeval.muzink.adapters.PlayListsAdapter.PlayListHolder,int]",position,0
/home/arch_design_predict/download-github-repos/mvvm/repos/Muzink-Music-Player-App-master/app/src/main/java/com/selfeval/muzink/adapters/PlayListsAdapter.java,com.selfeval.muzink.adapters.PlayListsAdapter,"onCreateViewHolder/2[com.selfeval.muzink.adapters.ViewGroup,int]",parent,0
/home/arch_design_predict/download-github-repos/mvvm/repos/Muzink-Music-Player-App-master/app/src/main/java/com/selfeval/muzink/adapters/PlayListsAdapter.java,com.selfeval.muzink.adapters.PlayListsAdapter,"onCreateViewHolder/2[com.selfeval.muzink.adapters.ViewGroup,int]",viewType,0
/home/arch_design_predict/download-github-repos/mvvm/repos/Muzink-Music-Player-App-master/app/src/main/java/com/selfeval/muzink/adapters/AlbumSongsAdapter.java,com.selfeval.muzink.adapters.AlbumSongsAdapter,"AlbumSongsAdapter/2[com.selfeval.muzink.adapters.Context,long]",song,2
/home/arch_design_predict/download-github-repos/mvvm/repos/Muzink-Music-Player-App-master/app/src/main/java/com/selfeval/muzink/adapters/AlbumSongsAdapter.java,com.selfeval.muzink.adapters.AlbumSongsAdapter,"AlbumSongsAdapter/2[com.selfeval.muzink.adapters.Context,long]",currentAlbumID,3
/home/arch_design_predict/download-github-repos/mvvm/repos/Muzink-Music-Player-App-master/app/src/main/java/com/selfeval/muzink/adapters/AlbumSongsAdapter.java,com.selfeval.muzink.adapters.AlbumSongsAdapter,"AlbumSongsAdapter/2[com.selfeval.muzink.adapters.Context,long]",context,5
/home/arch_design_predict/download-github-repos/mvvm/repos/Muzink-Music-Player-App-master/app/src/main/java/com/selfeval/muzink/adapters/AlbumSongsAdapter.java,com.selfeval.muzink.adapters.AlbumSongsAdapter,"AlbumSongsAdapter/2[com.selfeval.muzink.adapters.Context,long]",songsItr,2
/home/arch_design_predict/download-github-repos/mvvm/repos/Muzink-Music-Player-App-master/app/src/main/java/com/selfeval/muzink/adapters/AlbumSongsAdapter.java,com.selfeval.muzink.adapters.AlbumSongsAdapter,"onCreateViewHolder/2[com.selfeval.muzink.adapters.ViewGroup,int]",parent,2
/home/arch_design_predict/download-github-repos/mvvm/repos/Muzink-Music-Player-App-master/app/src/main/java/com/selfeval/muzink/adapters/AlbumSongsAdapter.java,com.selfeval.muzink.adapters.AlbumSongsAdapter,"onCreateViewHolder/2[com.selfeval.muzink.adapters.ViewGroup,int]",viewType,0
/home/arch_design_predict/download-github-repos/mvvm/repos/Muzink-Music-Player-App-master/app/src/main/java/com/selfeval/muzink/adapters/AlbumSongsAdapter.java,com.selfeval.muzink.adapters.AlbumSongsAdapter,"onBindViewHolder/2[com.selfeval.muzink.adapters.AlbumSongsAdapter.AlbumSongHolder,int]",duration,3
/home/arch_design_predict/download-github-repos/mvvm/repos/Muzink-Music-Player-App-master/app/src/main/java/com/selfeval/muzink/adapters/AlbumSongsAdapter.java,com.selfeval.muzink.adapters.AlbumSongsAdapter,"onBindViewHolder/2[com.selfeval.muzink.adapters.AlbumSongsAdapter.AlbumSongHolder,int]",artistArtUri,0
/home/arch_design_predict/download-github-repos/mvvm/repos/Muzink-Music-Player-App-master/app/src/main/java/com/selfeval/muzink/adapters/AlbumSongsAdapter.java,com.selfeval.muzink.adapters.AlbumSongsAdapter,"onBindViewHolder/2[com.selfeval.muzink.adapters.AlbumSongsAdapter.AlbumSongHolder,int]",mins,1
/home/arch_design_predict/download-github-repos/mvvm/repos/Muzink-Music-Player-App-master/app/src/main/java/com/selfeval/muzink/adapters/AlbumSongsAdapter.java,com.selfeval.muzink.adapters.AlbumSongsAdapter,"onBindViewHolder/2[com.selfeval.muzink.adapters.AlbumSongsAdapter.AlbumSongHolder,int]",secs,4
/home/arch_design_predict/download-github-repos/mvvm/repos/Muzink-Music-Player-App-master/app/src/main/java/com/selfeval/muzink/adapters/AlbumSongsAdapter.java,com.selfeval.muzink.adapters.AlbumSongsAdapter,"onBindViewHolder/2[com.selfeval.muzink.adapters.AlbumSongsAdapter.AlbumSongHolder,int]",holder,3
/home/arch_design_predict/download-github-repos/mvvm/repos/Muzink-Music-Player-App-master/app/src/main/java/com/selfeval/muzink/adapters/AlbumSongsAdapter.java,com.selfeval.muzink.adapters.AlbumSongsAdapter,"onBindViewHolder/2[com.selfeval.muzink.adapters.AlbumSongsAdapter.AlbumSongHolder,int]",position,3
/home/arch_design_predict/download-github-repos/mvvm/repos/Muzink-Music-Player-App-master/app/src/main/java/com/selfeval/muzink/adapters/AlbumSongsAdapter.java,com.selfeval.muzink.adapters.AlbumSongsAdapter,"configurePopupMenu/2[int,com.selfeval.muzink.adapters.AlbumSongsAdapter.AlbumSongHolder]",playList,2
/home/arch_design_predict/download-github-repos/mvvm/repos/Muzink-Music-Player-App-master/app/src/main/java/com/selfeval/muzink/adapters/AlbumSongsAdapter.java,com.selfeval.muzink.adapters.AlbumSongsAdapter,"configurePopupMenu/2[int,com.selfeval.muzink.adapters.AlbumSongsAdapter.AlbumSongHolder]",holder,2
/home/arch_design_predict/download-github-repos/mvvm/repos/Muzink-Music-Player-App-master/app/src/main/java/com/selfeval/muzink/adapters/AlbumSongsAdapter.java,com.selfeval.muzink.adapters.AlbumSongsAdapter,"configurePopupMenu/2[int,com.selfeval.muzink.adapters.AlbumSongsAdapter.AlbumSongHolder]",position,0
/home/arch_design_predict/download-github-repos/mvvm/repos/Muzink-Music-Player-App-master/app/src/main/java/com/selfeval/muzink/adapters/AlbumSongsAdapter.java,com.selfeval.muzink.adapters.AlbumSongsAdapter,"configurePopupMenu/2[int,com.selfeval.muzink.adapters.AlbumSongsAdapter.AlbumSongHolder]",menu,4
/home/arch_design_predict/download-github-repos/mvvm/repos/Muzink-Music-Player-App-master/app/src/main/java/com/selfeval/muzink/adapters/AlbumSongsAdapter.java,com.selfeval.muzink.adapters.AlbumSongsAdapter,"configurePopupMenu/2[int,com.selfeval.muzink.adapters.AlbumSongsAdapter.AlbumSongHolder]",inflater,1
/home/arch_design_predict/download-github-repos/mvvm/repos/Muzink-Music-Player-App-master/app/src/main/java/com/selfeval/muzink/listeners/OnSongClickListener.java,com.selfeval.muzink.listeners.OnSongClickListener,onClick/1[com.selfeval.muzink.objs.Song],song,0
/home/arch_design_predict/download-github-repos/mvvm/repos/Muzink-Music-Player-App-master/app/src/main/java/com/selfeval/muzink/fragments/pager/PlayFragment.java,com.selfeval.muzink.fragments.pager.PlayFragment,"onCreateView/3[com.selfeval.muzink.fragments.pager.LayoutInflater,com.selfeval.muzink.fragments.pager.ViewGroup,com.selfeval.muzink.fragments.pager.Bundle]",container,1
/home/arch_design_predict/download-github-repos/mvvm/repos/Muzink-Music-Player-App-master/app/src/main/java/com/selfeval/muzink/fragments/pager/PlayFragment.java,com.selfeval.muzink.fragments.pager.PlayFragment,"onCreateView/3[com.selfeval.muzink.fragments.pager.LayoutInflater,com.selfeval.muzink.fragments.pager.ViewGroup,com.selfeval.muzink.fragments.pager.Bundle]",savedInstanceState,0
/home/arch_design_predict/download-github-repos/mvvm/repos/Muzink-Music-Player-App-master/app/src/main/java/com/selfeval/muzink/fragments/pager/PlayFragment.java,com.selfeval.muzink.fragments.pager.PlayFragment,"onCreateView/3[com.selfeval.muzink.fragments.pager.LayoutInflater,com.selfeval.muzink.fragments.pager.ViewGroup,com.selfeval.muzink.fragments.pager.Bundle]",inflater,1
/home/arch_design_predict/download-github-repos/mvvm/repos/Muzink-Music-Player-App-master/app/src/main/java/com/selfeval/muzink/adapters/FragmentsPagerAdapter.java,com.selfeval.muzink.adapters.FragmentsPagerAdapter,setPagerFragments/1[java.util.List<com.selfeval.muzink.adapters.Fragment>],pagerFragments,2
/home/arch_design_predict/download-github-repos/mvvm/repos/Muzink-Music-Player-App-master/app/src/main/java/com/selfeval/muzink/adapters/FragmentsPagerAdapter.java,com.selfeval.muzink.adapters.FragmentsPagerAdapter,getItem/1[int],position,1
/home/arch_design_predict/download-github-repos/mvvm/repos/Muzink-Music-Player-App-master/app/src/main/java/com/selfeval/muzink/adapters/FragmentsPagerAdapter.java,com.selfeval.muzink.adapters.FragmentsPagerAdapter,getPageTitle/1[int],position,1
/home/arch_design_predict/download-github-repos/mvvm/repos/Muzink-Music-Player-App-master/app/src/main/java/com/selfeval/muzink/adapters/FragmentsPagerAdapter.java,com.selfeval.muzink.adapters.FragmentsPagerAdapter,"FragmentsPagerAdapter/2[com.selfeval.muzink.adapters.FragmentManager,int]",fm,1
/home/arch_design_predict/download-github-repos/mvvm/repos/Muzink-Music-Player-App-master/app/src/main/java/com/selfeval/muzink/adapters/FragmentsPagerAdapter.java,com.selfeval.muzink.adapters.FragmentsPagerAdapter,"FragmentsPagerAdapter/2[com.selfeval.muzink.adapters.FragmentManager,int]",behavior,1
/home/arch_design_predict/download-github-repos/mvvm/repos/Muzink-Music-Player-App-master/app/src/main/java/com/selfeval/muzink/objs/Album.java,com.selfeval.muzink.objs.Album,"Album/4[java.lang.String,java.lang.String,java.lang.String,long]",artist,2
/home/arch_design_predict/download-github-repos/mvvm/repos/Muzink-Music-Player-App-master/app/src/main/java/com/selfeval/muzink/objs/Album.java,com.selfeval.muzink.objs.Album,"Album/4[java.lang.String,java.lang.String,java.lang.String,long]",year,2
/home/arch_design_predict/download-github-repos/mvvm/repos/Muzink-Music-Player-App-master/app/src/main/java/com/selfeval/muzink/objs/Album.java,com.selfeval.muzink.objs.Album,"Album/4[java.lang.String,java.lang.String,java.lang.String,long]",ID,2
/home/arch_design_predict/download-github-repos/mvvm/repos/Muzink-Music-Player-App-master/app/src/main/java/com/selfeval/muzink/objs/Album.java,com.selfeval.muzink.objs.Album,"Album/4[java.lang.String,java.lang.String,java.lang.String,long]",title,2
/home/arch_design_predict/download-github-repos/mvvm/repos/Muzink-Music-Player-App-master/app/src/main/java/com/selfeval/muzink/repository/Repository.java,com.selfeval.muzink.repository.Repository$InsertPlayListSongAsyncTask,doInBackground/1[com.selfeval.muzink.entities.PlayListSong[]],playListSongs,1
/home/arch_design_predict/download-github-repos/mvvm/repos/Muzink-Music-Player-App-master/app/src/main/java/com/selfeval/muzink/repository/Repository.java,com.selfeval.muzink.repository.Repository$InsertPlayListSongAsyncTask,InsertPlayListSongAsyncTask/1[com.selfeval.muzink.daos.PlayListSongDao],playListSongDao,2
/home/arch_design_predict/download-github-repos/mvvm/repos/Muzink-Music-Player-App-master/app/src/main/java/com/selfeval/muzink/services/MusicPlayerService.java,com.selfeval.muzink.services.MusicPlayerService,playCurrentSong/0,e,1
/home/arch_design_predict/download-github-repos/mvvm/repos/Muzink-Music-Player-App-master/app/src/main/java/com/selfeval/muzink/services/MusicPlayerService.java,com.selfeval.muzink.services.MusicPlayerService,playCurrentSong/0,source,2
/home/arch_design_predict/download-github-repos/mvvm/repos/Muzink-Music-Player-App-master/app/src/main/java/com/selfeval/muzink/services/MusicPlayerService.java,com.selfeval.muzink.services.MusicPlayerService,playCurrentSong/0,track,3
/home/arch_design_predict/download-github-repos/mvvm/repos/Muzink-Music-Player-App-master/app/src/main/java/com/selfeval/muzink/services/MusicPlayerService.java,com.selfeval.muzink.services.MusicPlayerService,getAvailableActions/0,actions,5
/home/arch_design_predict/download-github-repos/mvvm/repos/Muzink-Music-Player-App-master/app/src/main/java/com/selfeval/muzink/services/MusicPlayerService.java,com.selfeval.muzink.services.MusicPlayerService,relaxResources/1[boolean],releaseMediaPlayer,2
/home/arch_design_predict/download-github-repos/mvvm/repos/Muzink-Music-Player-App-master/app/src/main/java/com/selfeval/muzink/services/MusicPlayerService.java,com.selfeval.muzink.services.MusicPlayerService,"onGetRoot/3[java.lang.String,int,com.selfeval.muzink.services.Bundle]",rootHints,0
/home/arch_design_predict/download-github-repos/mvvm/repos/Muzink-Music-Player-App-master/app/src/main/java/com/selfeval/muzink/services/MusicPlayerService.java,com.selfeval.muzink.services.MusicPlayerService,"onGetRoot/3[java.lang.String,int,com.selfeval.muzink.services.Bundle]",clientUid,0
/home/arch_design_predict/download-github-repos/mvvm/repos/Muzink-Music-Player-App-master/app/src/main/java/com/selfeval/muzink/services/MusicPlayerService.java,com.selfeval.muzink.services.MusicPlayerService,"onGetRoot/3[java.lang.String,int,com.selfeval.muzink.services.Bundle]",clientPackageName,0
/home/arch_design_predict/download-github-repos/mvvm/repos/Muzink-Music-Player-App-master/app/src/main/java/com/selfeval/muzink/services/MusicPlayerService.java,com.selfeval.muzink.services.MusicPlayerService,handleStopRequest/1[java.lang.String],withError,1
/home/arch_design_predict/download-github-repos/mvvm/repos/Muzink-Music-Player-App-master/app/src/main/java/com/selfeval/muzink/services/MusicPlayerService.java,com.selfeval.muzink.services.MusicPlayerService,updatePlayBackState/1[java.lang.String],position,2
/home/arch_design_predict/download-github-repos/mvvm/repos/Muzink-Music-Player-App-master/app/src/main/java/com/selfeval/muzink/services/MusicPlayerService.java,com.selfeval.muzink.services.MusicPlayerService,updatePlayBackState/1[java.lang.String],error,2
/home/arch_design_predict/download-github-repos/mvvm/repos/Muzink-Music-Player-App-master/app/src/main/java/com/selfeval/muzink/services/MusicPlayerService.java,com.selfeval.muzink.services.MusicPlayerService,updatePlayBackState/1[java.lang.String],stateBuilder,4
/home/arch_design_predict/download-github-repos/mvvm/repos/Muzink-Music-Player-App-master/app/src/main/java/com/selfeval/muzink/services/MusicPlayerService.java,com.selfeval.muzink.services.MusicPlayerService,updatePlaybackState/0,position,2
/home/arch_design_predict/download-github-repos/mvvm/repos/Muzink-Music-Player-App-master/app/src/main/java/com/selfeval/muzink/services/MusicPlayerService.java,com.selfeval.muzink.services.MusicPlayerService,updatePlaybackState/0,stateBuilder,2
/home/arch_design_predict/download-github-repos/mvvm/repos/Muzink-Music-Player-App-master/app/src/main/java/com/selfeval/muzink/services/MusicPlayerService.java,com.selfeval.muzink.services.MusicPlayerService,"onLoadChildren/2[java.lang.String,com.selfeval.muzink.services.Result<java.util.List<MediaBrowser.MediaItem>>]",result,0
/home/arch_design_predict/download-github-repos/mvvm/repos/Muzink-Music-Player-App-master/app/src/main/java/com/selfeval/muzink/services/MusicPlayerService.java,com.selfeval.muzink.services.MusicPlayerService,"onLoadChildren/2[java.lang.String,com.selfeval.muzink.services.Result<java.util.List<MediaBrowser.MediaItem>>]",parentId,0
/home/arch_design_predict/download-github-repos/mvvm/repos/Muzink-Music-Player-App-master/app/src/main/java/com/selfeval/muzink/services/MusicPlayerService.java,com.selfeval.muzink.services.MusicPlayerService,tryToGetAudioFocus/0,result,1
/home/arch_design_predict/download-github-repos/mvvm/repos/Muzink-Music-Player-App-master/app/src/main/java/com/selfeval/muzink/helpers/CurrentPlayingQueueHelper.java,com.selfeval.muzink.helpers.CurrentPlayingQueueHelper$OnHasStartedListener,hasStarted/1[long],id,0
/home/arch_design_predict/download-github-repos/mvvm/repos/Muzink-Music-Player-App-master/app/src/main/java/com/selfeval/muzink/fragments/navigation/AlbumNavigationFragment.java,com.selfeval.muzink.fragments.navigation.AlbumNavigationFragment,applyAnimation/0,animator,3
/home/arch_design_predict/download-github-repos/mvvm/repos/Muzink-Music-Player-App-master/app/src/main/java/com/selfeval/muzink/fragments/navigation/AlbumNavigationFragment.java,com.selfeval.muzink.fragments.navigation.AlbumNavigationFragment,artistImageAnimation/0,animator2,3
/home/arch_design_predict/download-github-repos/mvvm/repos/Muzink-Music-Player-App-master/app/src/main/java/com/selfeval/muzink/fragments/navigation/AlbumNavigationFragment.java,com.selfeval.muzink.fragments.navigation.AlbumNavigationFragment,artistImageAnimation/0,animator1,4
/home/arch_design_predict/download-github-repos/mvvm/repos/Muzink-Music-Player-App-master/app/src/main/java/com/selfeval/muzink/fragments/navigation/AlbumNavigationFragment.java,com.selfeval.muzink.fragments.navigation.AlbumNavigationFragment,artistImageAnimation/0,animator3,4
/home/arch_design_predict/download-github-repos/mvvm/repos/Muzink-Music-Player-App-master/app/src/main/java/com/selfeval/muzink/fragments/navigation/AlbumNavigationFragment.java,com.selfeval.muzink.fragments.navigation.AlbumNavigationFragment,artistImageAnimation/0,animation,2
/home/arch_design_predict/download-github-repos/mvvm/repos/Muzink-Music-Player-App-master/app/src/main/java/com/selfeval/muzink/fragments/navigation/AlbumNavigationFragment.java,com.selfeval.muzink.fragments.navigation.AlbumNavigationFragment,setChildViewColors/1[int],color,4
/home/arch_design_predict/download-github-repos/mvvm/repos/Muzink-Music-Player-App-master/app/src/main/java/com/selfeval/muzink/fragments/navigation/AlbumNavigationFragment.java,com.selfeval.muzink.fragments.navigation.AlbumNavigationFragment,onAttach/1[com.selfeval.muzink.fragments.navigation.Context],context,3
/home/arch_design_predict/download-github-repos/mvvm/repos/Muzink-Music-Player-App-master/app/src/main/java/com/selfeval/muzink/fragments/navigation/AlbumNavigationFragment.java,com.selfeval.muzink.fragments.navigation.AlbumNavigationFragment,"onCreateView/3[com.selfeval.muzink.fragments.navigation.LayoutInflater,com.selfeval.muzink.fragments.navigation.ViewGroup,com.selfeval.muzink.fragments.navigation.Bundle]",container,1
/home/arch_design_predict/download-github-repos/mvvm/repos/Muzink-Music-Player-App-master/app/src/main/java/com/selfeval/muzink/fragments/navigation/AlbumNavigationFragment.java,com.selfeval.muzink.fragments.navigation.AlbumNavigationFragment,"onCreateView/3[com.selfeval.muzink.fragments.navigation.LayoutInflater,com.selfeval.muzink.fragments.navigation.ViewGroup,com.selfeval.muzink.fragments.navigation.Bundle]",savedInstanceState,0
/home/arch_design_predict/download-github-repos/mvvm/repos/Muzink-Music-Player-App-master/app/src/main/java/com/selfeval/muzink/fragments/navigation/AlbumNavigationFragment.java,com.selfeval.muzink.fragments.navigation.AlbumNavigationFragment,"onCreateView/3[com.selfeval.muzink.fragments.navigation.LayoutInflater,com.selfeval.muzink.fragments.navigation.ViewGroup,com.selfeval.muzink.fragments.navigation.Bundle]",year,5
/home/arch_design_predict/download-github-repos/mvvm/repos/Muzink-Music-Player-App-master/app/src/main/java/com/selfeval/muzink/fragments/navigation/AlbumNavigationFragment.java,com.selfeval.muzink.fragments.navigation.AlbumNavigationFragment,"onCreateView/3[com.selfeval.muzink.fragments.navigation.LayoutInflater,com.selfeval.muzink.fragments.navigation.ViewGroup,com.selfeval.muzink.fragments.navigation.Bundle]",inflater,1
/home/arch_design_predict/download-github-repos/mvvm/repos/Muzink-Music-Player-App-master/app/src/main/java/com/selfeval/muzink/fragments/navigation/AlbumNavigationFragment.java,com.selfeval.muzink.fragments.navigation.AlbumNavigationFragment,setDrawableTint/1[int],color,9
/home/arch_design_predict/download-github-repos/mvvm/repos/Muzink-Music-Player-App-master/app/src/main/java/com/selfeval/muzink/fragments/navigation/AlbumNavigationFragment.java,com.selfeval.muzink.fragments.navigation.AlbumNavigationFragment,hideChildViews/1[boolean],hide,1
/home/arch_design_predict/download-github-repos/mvvm/repos/Muzink-Music-Player-App-master/app/src/main/java/com/selfeval/muzink/adapters/AlbumsAdapter.java,com.selfeval.muzink.adapters.AlbumsAdapter$OnAlbumClickListener,onClick/1[com.selfeval.muzink.objs.Album],album,0
/home/arch_design_predict/download-github-repos/mvvm/repos/Muzink-Music-Player-App-master/app/src/main/java/com/selfeval/muzink/fragments/pager/AlbumsFragment.java,com.selfeval.muzink.fragments.pager.AlbumsFragment,"onCreateView/3[com.selfeval.muzink.fragments.pager.LayoutInflater,com.selfeval.muzink.fragments.pager.ViewGroup,com.selfeval.muzink.fragments.pager.Bundle]",container,1
/home/arch_design_predict/download-github-repos/mvvm/repos/Muzink-Music-Player-App-master/app/src/main/java/com/selfeval/muzink/fragments/pager/AlbumsFragment.java,com.selfeval.muzink.fragments.pager.AlbumsFragment,"onCreateView/3[com.selfeval.muzink.fragments.pager.LayoutInflater,com.selfeval.muzink.fragments.pager.ViewGroup,com.selfeval.muzink.fragments.pager.Bundle]",savedInstanceState,0
/home/arch_design_predict/download-github-repos/mvvm/repos/Muzink-Music-Player-App-master/app/src/main/java/com/selfeval/muzink/fragments/pager/AlbumsFragment.java,com.selfeval.muzink.fragments.pager.AlbumsFragment,"onCreateView/3[com.selfeval.muzink.fragments.pager.LayoutInflater,com.selfeval.muzink.fragments.pager.ViewGroup,com.selfeval.muzink.fragments.pager.Bundle]",inflater,1
/home/arch_design_predict/download-github-repos/mvvm/repos/Muzink-Music-Player-App-master/app/src/main/java/com/selfeval/muzink/fragments/pager/AlbumsFragment.java,com.selfeval.muzink.fragments.pager.AlbumsFragment,onAttach/1[com.selfeval.muzink.fragments.pager.Context],context,1
/home/arch_design_predict/download-github-repos/mvvm/repos/Muzink-Music-Player-App-master/app/src/main/java/com/selfeval/muzink/fragments/pager/AlbumsFragment.java,com.selfeval.muzink.fragments.pager.AlbumsFragment,onClick/1[com.selfeval.muzink.fragments.pager.View],v,1
/home/arch_design_predict/download-github-repos/mvvm/repos/Muzink-Music-Player-App-master/app/src/main/java/com/selfeval/muzink/fragments/pager/AlbumsFragment.java,com.selfeval.muzink.fragments.pager.AlbumsFragment,onClick/1[com.selfeval.muzink.objs.Album],album,4
/home/arch_design_predict/download-github-repos/mvvm/repos/Muzink-Music-Player-App-master/app/src/main/java/com/selfeval/muzink/fragments/pager/AlbumsFragment.java,com.selfeval.muzink.fragments.pager.AlbumsFragment,onCreate/1[com.selfeval.muzink.fragments.pager.Bundle],savedInstanceState,2
