file,class,method,variable,usage
/home/arch_design_predict/download-github-repos/mvp/repos/weatherApp-master/app/src/main/java/com/shubhamkhuva/weatherapp/sqllite/DatabaseHelper.java,com.shubhamkhuva.weatherapp.sqllite.DatabaseHelper,DatabaseHelper/1[com.shubhamkhuva.weatherapp.sqllite.Context],DB_VERSION,1
/home/arch_design_predict/download-github-repos/mvp/repos/weatherApp-master/app/src/main/java/com/shubhamkhuva/weatherapp/sqllite/DatabaseHelper.java,com.shubhamkhuva.weatherapp.sqllite.DatabaseHelper,DatabaseHelper/1[com.shubhamkhuva.weatherapp.sqllite.Context],DB_NAME,1
/home/arch_design_predict/download-github-repos/mvp/repos/weatherApp-master/app/src/main/java/com/shubhamkhuva/weatherapp/sqllite/DatabaseHelper.java,com.shubhamkhuva.weatherapp.sqllite.DatabaseHelper,"onUpgrade/3[com.shubhamkhuva.weatherapp.sqllite.SQLiteDatabase,int,int]",TABLE_NAME_WEATHER,1
/home/arch_design_predict/download-github-repos/mvp/repos/weatherApp-master/app/src/main/java/com/shubhamkhuva/weatherapp/sqllite/DatabaseHelper.java,com.shubhamkhuva.weatherapp.sqllite.DatabaseHelper,onCreate/1[com.shubhamkhuva.weatherapp.sqllite.SQLiteDatabase],CREATE_TABLE,1
/home/arch_design_predict/download-github-repos/mvp/repos/weatherApp-master/app/src/main/java/com/shubhamkhuva/weatherapp/activity/WeatherHome.java,com.shubhamkhuva.weatherapp.activity.WeatherHome,hideLoading/0,mainContent,1
/home/arch_design_predict/download-github-repos/mvp/repos/weatherApp-master/app/src/main/java/com/shubhamkhuva/weatherapp/activity/WeatherHome.java,com.shubhamkhuva.weatherapp.activity.WeatherHome,hideLoading/0,weatherLoading,1
/home/arch_design_predict/download-github-repos/mvp/repos/weatherApp-master/app/src/main/java/com/shubhamkhuva/weatherapp/activity/WeatherHome.java,com.shubhamkhuva.weatherapp.activity.WeatherHome,showForeCastData/1[java.util.List<com.shubhamkhuva.weatherapp.modal.ForecastModel>],forecastRecycle,4
/home/arch_design_predict/download-github-repos/mvp/repos/weatherApp-master/app/src/main/java/com/shubhamkhuva/weatherapp/activity/WeatherHome.java,com.shubhamkhuva.weatherapp.activity.WeatherHome,callWeatherReport/0,tempMax,1
/home/arch_design_predict/download-github-repos/mvp/repos/weatherApp-master/app/src/main/java/com/shubhamkhuva/weatherapp/activity/WeatherHome.java,com.shubhamkhuva.weatherapp.activity.WeatherHome,callWeatherReport/0,session_data,1
/home/arch_design_predict/download-github-repos/mvp/repos/weatherApp-master/app/src/main/java/com/shubhamkhuva/weatherapp/activity/WeatherHome.java,com.shubhamkhuva.weatherapp.activity.WeatherHome,callWeatherReport/0,temperature,1
/home/arch_design_predict/download-github-repos/mvp/repos/weatherApp-master/app/src/main/java/com/shubhamkhuva/weatherapp/activity/WeatherHome.java,com.shubhamkhuva.weatherapp.activity.WeatherHome,callWeatherReport/0,temperatureIcon,1
/home/arch_design_predict/download-github-repos/mvp/repos/weatherApp-master/app/src/main/java/com/shubhamkhuva/weatherapp/activity/WeatherHome.java,com.shubhamkhuva.weatherapp.activity.WeatherHome,callWeatherReport/0,weatherPresenter,2
/home/arch_design_predict/download-github-repos/mvp/repos/weatherApp-master/app/src/main/java/com/shubhamkhuva/weatherapp/activity/WeatherHome.java,com.shubhamkhuva.weatherapp.activity.WeatherHome,callWeatherReport/0,tempDesc,1
/home/arch_design_predict/download-github-repos/mvp/repos/weatherApp-master/app/src/main/java/com/shubhamkhuva/weatherapp/activity/WeatherHome.java,com.shubhamkhuva.weatherapp.activity.WeatherHome,callWeatherReport/0,tempMin,1
/home/arch_design_predict/download-github-repos/mvp/repos/weatherApp-master/app/src/main/java/com/shubhamkhuva/weatherapp/activity/WeatherHome.java,com.shubhamkhuva.weatherapp.activity.WeatherHome,callWeatherReport/0,dbManager,2
/home/arch_design_predict/download-github-repos/mvp/repos/weatherApp-master/app/src/main/java/com/shubhamkhuva/weatherapp/activity/WeatherHome.java,com.shubhamkhuva.weatherapp.activity.WeatherHome,"setTemperature/6[java.lang.String,double,double,double,java.lang.String,java.lang.String]",tempMax,2
/home/arch_design_predict/download-github-repos/mvp/repos/weatherApp-master/app/src/main/java/com/shubhamkhuva/weatherapp/activity/WeatherHome.java,com.shubhamkhuva.weatherapp.activity.WeatherHome,"setTemperature/6[java.lang.String,double,double,double,java.lang.String,java.lang.String]",cityName,1
/home/arch_design_predict/download-github-repos/mvp/repos/weatherApp-master/app/src/main/java/com/shubhamkhuva/weatherapp/activity/WeatherHome.java,com.shubhamkhuva.weatherapp.activity.WeatherHome,"setTemperature/6[java.lang.String,double,double,double,java.lang.String,java.lang.String]",temperature,2
/home/arch_design_predict/download-github-repos/mvp/repos/weatherApp-master/app/src/main/java/com/shubhamkhuva/weatherapp/activity/WeatherHome.java,com.shubhamkhuva.weatherapp.activity.WeatherHome,"setTemperature/6[java.lang.String,double,double,double,java.lang.String,java.lang.String]",temperatureIcon,1
/home/arch_design_predict/download-github-repos/mvp/repos/weatherApp-master/app/src/main/java/com/shubhamkhuva/weatherapp/activity/WeatherHome.java,com.shubhamkhuva.weatherapp.activity.WeatherHome,"setTemperature/6[java.lang.String,double,double,double,java.lang.String,java.lang.String]",weatherPresenter,1
/home/arch_design_predict/download-github-repos/mvp/repos/weatherApp-master/app/src/main/java/com/shubhamkhuva/weatherapp/activity/WeatherHome.java,com.shubhamkhuva.weatherapp.activity.WeatherHome,"setTemperature/6[java.lang.String,double,double,double,java.lang.String,java.lang.String]",tempDesc,2
/home/arch_design_predict/download-github-repos/mvp/repos/weatherApp-master/app/src/main/java/com/shubhamkhuva/weatherapp/activity/WeatherHome.java,com.shubhamkhuva.weatherapp.activity.WeatherHome,"setTemperature/6[java.lang.String,double,double,double,java.lang.String,java.lang.String]",tempMin,2
/home/arch_design_predict/download-github-repos/mvp/repos/weatherApp-master/app/src/main/java/com/shubhamkhuva/weatherapp/activity/WeatherHome.java,com.shubhamkhuva.weatherapp.activity.WeatherHome,showLoading/0,mainContent,1
/home/arch_design_predict/download-github-repos/mvp/repos/weatherApp-master/app/src/main/java/com/shubhamkhuva/weatherapp/activity/WeatherHome.java,com.shubhamkhuva.weatherapp.activity.WeatherHome,showLoading/0,weatherLoading,1
/home/arch_design_predict/download-github-repos/mvp/repos/weatherApp-master/app/src/main/java/com/shubhamkhuva/weatherapp/activity/WeatherHome.java,com.shubhamkhuva.weatherapp.activity.WeatherHome,onInitView/0,session_data,1
/home/arch_design_predict/download-github-repos/mvp/repos/weatherApp-master/app/src/main/java/com/shubhamkhuva/weatherapp/activity/WeatherHome.java,com.shubhamkhuva.weatherapp.activity.WeatherHome,onInitView/0,pullToRefresh,1
/home/arch_design_predict/download-github-repos/mvp/repos/weatherApp-master/app/src/main/java/com/shubhamkhuva/weatherapp/activity/WeatherHome.java,com.shubhamkhuva.weatherapp.activity.WeatherHome,onInitView/0,dbManager,2
/home/arch_design_predict/download-github-repos/mvp/repos/weatherApp-master/app/src/main/java/com/shubhamkhuva/weatherapp/activity/WeatherHome.java,com.shubhamkhuva.weatherapp.activity.WeatherHome,"storeForecast/4[int,java.lang.String,java.lang.String,java.lang.String]",dbManager,5
/home/arch_design_predict/download-github-repos/mvp/repos/weatherApp-master/app/src/main/java/com/shubhamkhuva/weatherapp/activity/WeatherHome.java,com.shubhamkhuva.weatherapp.activity.WeatherHome,onCreate/1[com.shubhamkhuva.weatherapp.activity.Bundle],activity,4
/home/arch_design_predict/download-github-repos/mvp/repos/weatherApp-master/app/src/main/java/com/shubhamkhuva/weatherapp/activity/WeatherHome.java,com.shubhamkhuva.weatherapp.activity.WeatherHome,onCreate/1[com.shubhamkhuva.weatherapp.activity.Bundle],weatherModel,2
/home/arch_design_predict/download-github-repos/mvp/repos/weatherApp-master/app/src/main/java/com/shubhamkhuva/weatherapp/activity/WeatherHome.java,com.shubhamkhuva.weatherapp.activity.WeatherHome,onCreate/1[com.shubhamkhuva.weatherapp.activity.Bundle],weatherPresenter,2
/home/arch_design_predict/download-github-repos/mvp/repos/weatherApp-master/app/src/main/java/com/shubhamkhuva/weatherapp/architect/WeatherModelImpl.java,com.shubhamkhuva.weatherapp.architect.WeatherModelImpl,initiateForecastInfoCall/1[java.lang.String],weatherRestService,1
/home/arch_design_predict/download-github-repos/mvp/repos/weatherApp-master/app/src/main/java/com/shubhamkhuva/weatherapp/architect/WeatherModelImpl.java,com.shubhamkhuva.weatherapp.architect.WeatherModelImpl,initiateWeatherInfoCall/1[java.lang.String],weatherRestService,1
/home/arch_design_predict/download-github-repos/mvp/repos/weatherApp-master/app/src/main/java/com/shubhamkhuva/weatherapp/architect/WeatherModelImpl.java,com.shubhamkhuva.weatherapp.architect.WeatherModelImpl,WeatherModelImpl/1[com.shubhamkhuva.weatherapp.architect.Context],weatherRestService,1
/home/arch_design_predict/download-github-repos/mvp/repos/weatherApp-master/app/src/main/java/com/shubhamkhuva/weatherapp/architect/WeatherModelImpl.java,com.shubhamkhuva.weatherapp.architect.WeatherModelImpl,WeatherModelImpl/1[com.shubhamkhuva.weatherapp.architect.Context],context,3
/home/arch_design_predict/download-github-repos/mvp/repos/weatherApp-master/app/src/main/java/com/shubhamkhuva/weatherapp/modal/ForecastList.java,com.shubhamkhuva.weatherapp.modal.ForecastList,getWeather/0,weather,1
/home/arch_design_predict/download-github-repos/mvp/repos/weatherApp-master/app/src/main/java/com/shubhamkhuva/weatherapp/modal/ForecastList.java,com.shubhamkhuva.weatherapp.modal.ForecastList,setWeather/1[java.util.List<com.shubhamkhuva.weatherapp.modal.WeatherInfo>],weather,3
/home/arch_design_predict/download-github-repos/mvp/repos/weatherApp-master/app/src/main/java/com/shubhamkhuva/weatherapp/modal/ForecastList.java,com.shubhamkhuva.weatherapp.modal.ForecastList,setDt/1[java.lang.String],dt_txt,3
/home/arch_design_predict/download-github-repos/mvp/repos/weatherApp-master/app/src/main/java/com/shubhamkhuva/weatherapp/modal/ForecastList.java,com.shubhamkhuva.weatherapp.modal.ForecastList,getDt/0,dt_txt,1
/home/arch_design_predict/download-github-repos/mvp/repos/weatherApp-master/app/src/main/java/com/shubhamkhuva/weatherapp/modal/ForecastList.java,com.shubhamkhuva.weatherapp.modal.ForecastList,setMain/1[com.shubhamkhuva.weatherapp.modal.WeatherMain],main,3
/home/arch_design_predict/download-github-repos/mvp/repos/weatherApp-master/app/src/main/java/com/shubhamkhuva/weatherapp/modal/ForecastList.java,com.shubhamkhuva.weatherapp.modal.ForecastList,getMain/0,main,1
/home/arch_design_predict/download-github-repos/mvp/repos/weatherApp-master/app/src/main/java/com/shubhamkhuva/weatherapp/activity/WeatherCity.java,com.shubhamkhuva.weatherapp.activity.WeatherCity,backButton/0,backButton,1
/home/arch_design_predict/download-github-repos/mvp/repos/weatherApp-master/app/src/main/java/com/shubhamkhuva/weatherapp/activity/WeatherCity.java,com.shubhamkhuva.weatherapp.activity.WeatherCity,onCreate/1[com.shubhamkhuva.weatherapp.activity.Bundle],backButton,1
/home/arch_design_predict/download-github-repos/mvp/repos/weatherApp-master/app/src/main/java/com/shubhamkhuva/weatherapp/activity/WeatherCity.java,com.shubhamkhuva.weatherapp.activity.WeatherCity,cityEnter/0,cityName,1
/home/arch_design_predict/download-github-repos/mvp/repos/weatherApp-master/app/src/main/java/com/shubhamkhuva/weatherapp/adapter/ForecastAdapter.java,com.shubhamkhuva.weatherapp.adapter.ForecastAdapter,"onBindViewHolder/2[com.shubhamkhuva.weatherapp.adapter.ForecastAdapter.ForecastHolder,int]",forecastData,1
/home/arch_design_predict/download-github-repos/mvp/repos/weatherApp-master/app/src/main/java/com/shubhamkhuva/weatherapp/adapter/ForecastAdapter.java,com.shubhamkhuva.weatherapp.adapter.ForecastAdapter,"onBindViewHolder/2[com.shubhamkhuva.weatherapp.adapter.ForecastAdapter.ForecastHolder,int]",mContext,1
/home/arch_design_predict/download-github-repos/mvp/repos/weatherApp-master/app/src/main/java/com/shubhamkhuva/weatherapp/adapter/ForecastAdapter.java,com.shubhamkhuva.weatherapp.adapter.ForecastAdapter,getItemCount/0,forecastData,1
/home/arch_design_predict/download-github-repos/mvp/repos/weatherApp-master/app/src/main/java/com/shubhamkhuva/weatherapp/adapter/ForecastAdapter.java,com.shubhamkhuva.weatherapp.adapter.ForecastAdapter,"ForecastAdapter/2[java.util.List<com.shubhamkhuva.weatherapp.modal.ForecastModel>,com.shubhamkhuva.weatherapp.adapter.Context]",forecastData,3
/home/arch_design_predict/download-github-repos/mvp/repos/weatherApp-master/app/src/main/java/com/shubhamkhuva/weatherapp/adapter/ForecastAdapter.java,com.shubhamkhuva.weatherapp.adapter.ForecastAdapter,"ForecastAdapter/2[java.util.List<com.shubhamkhuva.weatherapp.modal.ForecastModel>,com.shubhamkhuva.weatherapp.adapter.Context]",mContext,3
/home/arch_design_predict/download-github-repos/mvp/repos/weatherApp-master/app/src/main/java/com/shubhamkhuva/weatherapp/architect/WeatherPresenterImpl.java,com.shubhamkhuva.weatherapp.architect.WeatherPresenterImpl,getForecastData/1[java.lang.String],processThread,1
/home/arch_design_predict/download-github-repos/mvp/repos/weatherApp-master/app/src/main/java/com/shubhamkhuva/weatherapp/architect/WeatherPresenterImpl.java,com.shubhamkhuva.weatherapp.architect.WeatherPresenterImpl,getForecastData/1[java.lang.String],mainThread,1
/home/arch_design_predict/download-github-repos/mvp/repos/weatherApp-master/app/src/main/java/com/shubhamkhuva/weatherapp/architect/WeatherPresenterImpl.java,com.shubhamkhuva.weatherapp.architect.WeatherPresenterImpl,getForecastData/1[java.lang.String],compositeDisposable,1
/home/arch_design_predict/download-github-repos/mvp/repos/weatherApp-master/app/src/main/java/com/shubhamkhuva/weatherapp/architect/WeatherPresenterImpl.java,com.shubhamkhuva.weatherapp.architect.WeatherPresenterImpl,getForecastData/1[java.lang.String],weatherModel,1
/home/arch_design_predict/download-github-repos/mvp/repos/weatherApp-master/app/src/main/java/com/shubhamkhuva/weatherapp/architect/WeatherPresenterImpl.java,com.shubhamkhuva.weatherapp.architect.WeatherPresenterImpl,handleWeatherResponse/1[com.shubhamkhuva.weatherapp.modal.WeatherResponse],weatherView,1
/home/arch_design_predict/download-github-repos/mvp/repos/weatherApp-master/app/src/main/java/com/shubhamkhuva/weatherapp/architect/WeatherPresenterImpl.java,com.shubhamkhuva.weatherapp.architect.WeatherPresenterImpl,"WeatherPresenterImpl/4[com.shubhamkhuva.weatherapp.architect.WeatherContract.View,com.shubhamkhuva.weatherapp.architect.WeatherContract.Model,com.shubhamkhuva.weatherapp.architect.Scheduler,com.shubhamkhuva.weatherapp.architect.Scheduler]",processThread,3
/home/arch_design_predict/download-github-repos/mvp/repos/weatherApp-master/app/src/main/java/com/shubhamkhuva/weatherapp/architect/WeatherPresenterImpl.java,com.shubhamkhuva.weatherapp.architect.WeatherPresenterImpl,"WeatherPresenterImpl/4[com.shubhamkhuva.weatherapp.architect.WeatherContract.View,com.shubhamkhuva.weatherapp.architect.WeatherContract.Model,com.shubhamkhuva.weatherapp.architect.Scheduler,com.shubhamkhuva.weatherapp.architect.Scheduler]",mainThread,3
/home/arch_design_predict/download-github-repos/mvp/repos/weatherApp-master/app/src/main/java/com/shubhamkhuva/weatherapp/architect/WeatherPresenterImpl.java,com.shubhamkhuva.weatherapp.architect.WeatherPresenterImpl,"WeatherPresenterImpl/4[com.shubhamkhuva.weatherapp.architect.WeatherContract.View,com.shubhamkhuva.weatherapp.architect.WeatherContract.Model,com.shubhamkhuva.weatherapp.architect.Scheduler,com.shubhamkhuva.weatherapp.architect.Scheduler]",compositeDisposable,1
/home/arch_design_predict/download-github-repos/mvp/repos/weatherApp-master/app/src/main/java/com/shubhamkhuva/weatherapp/architect/WeatherPresenterImpl.java,com.shubhamkhuva.weatherapp.architect.WeatherPresenterImpl,"WeatherPresenterImpl/4[com.shubhamkhuva.weatherapp.architect.WeatherContract.View,com.shubhamkhuva.weatherapp.architect.WeatherContract.Model,com.shubhamkhuva.weatherapp.architect.Scheduler,com.shubhamkhuva.weatherapp.architect.Scheduler]",weatherView,3
/home/arch_design_predict/download-github-repos/mvp/repos/weatherApp-master/app/src/main/java/com/shubhamkhuva/weatherapp/architect/WeatherPresenterImpl.java,com.shubhamkhuva.weatherapp.architect.WeatherPresenterImpl,"WeatherPresenterImpl/4[com.shubhamkhuva.weatherapp.architect.WeatherContract.View,com.shubhamkhuva.weatherapp.architect.WeatherContract.Model,com.shubhamkhuva.weatherapp.architect.Scheduler,com.shubhamkhuva.weatherapp.architect.Scheduler]",weatherModel,3
/home/arch_design_predict/download-github-repos/mvp/repos/weatherApp-master/app/src/main/java/com/shubhamkhuva/weatherapp/architect/WeatherPresenterImpl.java,com.shubhamkhuva.weatherapp.architect.WeatherPresenterImpl,initView/0,weatherView,1
/home/arch_design_predict/download-github-repos/mvp/repos/weatherApp-master/app/src/main/java/com/shubhamkhuva/weatherapp/architect/WeatherPresenterImpl.java,com.shubhamkhuva.weatherapp.architect.WeatherPresenterImpl,"storeValueinDB/8[java.lang.String,java.lang.String,java.lang.String,java.lang.String,java.lang.String,java.lang.String,com.shubhamkhuva.weatherapp.architect.ImageView,com.shubhamkhuva.weatherapp.architect.Activity]",dbManager,2
/home/arch_design_predict/download-github-repos/mvp/repos/weatherApp-master/app/src/main/java/com/shubhamkhuva/weatherapp/architect/WeatherPresenterImpl.java,com.shubhamkhuva.weatherapp.architect.WeatherPresenterImpl,handleForecastResponse/1[com.shubhamkhuva.weatherapp.modal.ForecastResponse],weatherView,2
/home/arch_design_predict/download-github-repos/mvp/repos/weatherApp-master/app/src/main/java/com/shubhamkhuva/weatherapp/architect/WeatherPresenterImpl.java,com.shubhamkhuva.weatherapp.architect.WeatherPresenterImpl,handleForecastResponse/1[com.shubhamkhuva.weatherapp.modal.ForecastResponse],weatherModel,1
/home/arch_design_predict/download-github-repos/mvp/repos/weatherApp-master/app/src/main/java/com/shubhamkhuva/weatherapp/architect/WeatherPresenterImpl.java,com.shubhamkhuva.weatherapp.architect.WeatherPresenterImpl,getWeatherData/1[java.lang.String],processThread,1
/home/arch_design_predict/download-github-repos/mvp/repos/weatherApp-master/app/src/main/java/com/shubhamkhuva/weatherapp/architect/WeatherPresenterImpl.java,com.shubhamkhuva.weatherapp.architect.WeatherPresenterImpl,getWeatherData/1[java.lang.String],mainThread,1
/home/arch_design_predict/download-github-repos/mvp/repos/weatherApp-master/app/src/main/java/com/shubhamkhuva/weatherapp/architect/WeatherPresenterImpl.java,com.shubhamkhuva.weatherapp.architect.WeatherPresenterImpl,getWeatherData/1[java.lang.String],compositeDisposable,1
/home/arch_design_predict/download-github-repos/mvp/repos/weatherApp-master/app/src/main/java/com/shubhamkhuva/weatherapp/architect/WeatherPresenterImpl.java,com.shubhamkhuva.weatherapp.architect.WeatherPresenterImpl,getWeatherData/1[java.lang.String],weatherModel,1
/home/arch_design_predict/download-github-repos/mvp/repos/weatherApp-master/app/src/main/java/com/shubhamkhuva/weatherapp/modal/ForecastResponse.java,com.shubhamkhuva.weatherapp.modal.ForecastResponse,setCod/1[java.lang.String],cod,3
/home/arch_design_predict/download-github-repos/mvp/repos/weatherApp-master/app/src/main/java/com/shubhamkhuva/weatherapp/modal/ForecastResponse.java,com.shubhamkhuva.weatherapp.modal.ForecastResponse,getCod/0,cod,1
/home/arch_design_predict/download-github-repos/mvp/repos/weatherApp-master/app/src/main/java/com/shubhamkhuva/weatherapp/modal/ForecastResponse.java,com.shubhamkhuva.weatherapp.modal.ForecastResponse,getMessage/0,message,1
/home/arch_design_predict/download-github-repos/mvp/repos/weatherApp-master/app/src/main/java/com/shubhamkhuva/weatherapp/modal/ForecastResponse.java,com.shubhamkhuva.weatherapp.modal.ForecastResponse,setMessage/1[java.lang.String],message,3
/home/arch_design_predict/download-github-repos/mvp/repos/weatherApp-master/app/src/main/java/com/shubhamkhuva/weatherapp/modal/WeatherMain.java,com.shubhamkhuva.weatherapp.modal.WeatherMain,getHumidity/0,humidity,1
/home/arch_design_predict/download-github-repos/mvp/repos/weatherApp-master/app/src/main/java/com/shubhamkhuva/weatherapp/modal/WeatherMain.java,com.shubhamkhuva.weatherapp.modal.WeatherMain,getTemp_min/0,temp_min,1
/home/arch_design_predict/download-github-repos/mvp/repos/weatherApp-master/app/src/main/java/com/shubhamkhuva/weatherapp/modal/WeatherMain.java,com.shubhamkhuva.weatherapp.modal.WeatherMain,setTemp/1[double],temp,3
/home/arch_design_predict/download-github-repos/mvp/repos/weatherApp-master/app/src/main/java/com/shubhamkhuva/weatherapp/modal/WeatherMain.java,com.shubhamkhuva.weatherapp.modal.WeatherMain,setPressure/1[double],pressure,3
/home/arch_design_predict/download-github-repos/mvp/repos/weatherApp-master/app/src/main/java/com/shubhamkhuva/weatherapp/modal/WeatherMain.java,com.shubhamkhuva.weatherapp.modal.WeatherMain,setTemp_max/1[double],temp_max,3
/home/arch_design_predict/download-github-repos/mvp/repos/weatherApp-master/app/src/main/java/com/shubhamkhuva/weatherapp/modal/WeatherMain.java,com.shubhamkhuva.weatherapp.modal.WeatherMain,setTemp_min/1[double],temp_min,3
/home/arch_design_predict/download-github-repos/mvp/repos/weatherApp-master/app/src/main/java/com/shubhamkhuva/weatherapp/modal/WeatherMain.java,com.shubhamkhuva.weatherapp.modal.WeatherMain,getTemp/0,temp,1
/home/arch_design_predict/download-github-repos/mvp/repos/weatherApp-master/app/src/main/java/com/shubhamkhuva/weatherapp/modal/WeatherMain.java,com.shubhamkhuva.weatherapp.modal.WeatherMain,setHumidity/1[double],humidity,3
/home/arch_design_predict/download-github-repos/mvp/repos/weatherApp-master/app/src/main/java/com/shubhamkhuva/weatherapp/modal/WeatherMain.java,com.shubhamkhuva.weatherapp.modal.WeatherMain,getTemp_max/0,temp_max,1
/home/arch_design_predict/download-github-repos/mvp/repos/weatherApp-master/app/src/main/java/com/shubhamkhuva/weatherapp/modal/WeatherMain.java,com.shubhamkhuva.weatherapp.modal.WeatherMain,getPressure/0,pressure,1
/home/arch_design_predict/download-github-repos/mvp/repos/weatherApp-master/app/src/main/java/com/shubhamkhuva/weatherapp/adapter/ForecastAdapter.java,com.shubhamkhuva.weatherapp.adapter.ForecastAdapter$ForecastHolder,"setForecastDataModel/2[com.shubhamkhuva.weatherapp.modal.ForecastModel,com.shubhamkhuva.weatherapp.adapter.Context]",minMaxTempTV,1
/home/arch_design_predict/download-github-repos/mvp/repos/weatherApp-master/app/src/main/java/com/shubhamkhuva/weatherapp/adapter/ForecastAdapter.java,com.shubhamkhuva.weatherapp.adapter.ForecastAdapter$ForecastHolder,"setForecastDataModel/2[com.shubhamkhuva.weatherapp.modal.ForecastModel,com.shubhamkhuva.weatherapp.adapter.Context]",conditionIconIV,1
/home/arch_design_predict/download-github-repos/mvp/repos/weatherApp-master/app/src/main/java/com/shubhamkhuva/weatherapp/adapter/ForecastAdapter.java,com.shubhamkhuva.weatherapp.adapter.ForecastAdapter$ForecastHolder,"setForecastDataModel/2[com.shubhamkhuva.weatherapp.modal.ForecastModel,com.shubhamkhuva.weatherapp.adapter.Context]",dayNameTV,1
/home/arch_design_predict/download-github-repos/mvp/repos/weatherApp-master/app/src/main/java/com/shubhamkhuva/weatherapp/adapter/ForecastAdapter.java,com.shubhamkhuva.weatherapp.adapter.ForecastAdapter$ForecastHolder,ForecastHolder/1[com.shubhamkhuva.weatherapp.adapter.View],minMaxTempTV,1
/home/arch_design_predict/download-github-repos/mvp/repos/weatherApp-master/app/src/main/java/com/shubhamkhuva/weatherapp/adapter/ForecastAdapter.java,com.shubhamkhuva.weatherapp.adapter.ForecastAdapter$ForecastHolder,ForecastHolder/1[com.shubhamkhuva.weatherapp.adapter.View],conditionIconIV,1
/home/arch_design_predict/download-github-repos/mvp/repos/weatherApp-master/app/src/main/java/com/shubhamkhuva/weatherapp/adapter/ForecastAdapter.java,com.shubhamkhuva.weatherapp.adapter.ForecastAdapter$ForecastHolder,ForecastHolder/1[com.shubhamkhuva.weatherapp.adapter.View],dayNameTV,1
/home/arch_design_predict/download-github-repos/mvp/repos/weatherApp-master/app/src/main/java/com/shubhamkhuva/weatherapp/modal/WeatherResponse.java,com.shubhamkhuva.weatherapp.modal.WeatherResponse,getMain/0,main,1
/home/arch_design_predict/download-github-repos/mvp/repos/weatherApp-master/app/src/main/java/com/shubhamkhuva/weatherapp/modal/WeatherResponse.java,com.shubhamkhuva.weatherapp.modal.WeatherResponse,setMain/1[com.shubhamkhuva.weatherapp.modal.WeatherMain],main,3
/home/arch_design_predict/download-github-repos/mvp/repos/weatherApp-master/app/src/main/java/com/shubhamkhuva/weatherapp/modal/WeatherResponse.java,com.shubhamkhuva.weatherapp.modal.WeatherResponse,setName/1[java.lang.String],name,3
/home/arch_design_predict/download-github-repos/mvp/repos/weatherApp-master/app/src/main/java/com/shubhamkhuva/weatherapp/modal/WeatherResponse.java,com.shubhamkhuva.weatherapp.modal.WeatherResponse,getWeatherInfo/0,weather,1
/home/arch_design_predict/download-github-repos/mvp/repos/weatherApp-master/app/src/main/java/com/shubhamkhuva/weatherapp/modal/WeatherResponse.java,com.shubhamkhuva.weatherapp.modal.WeatherResponse,setWeatherinfo/1[java.util.List<com.shubhamkhuva.weatherapp.modal.WeatherInfo>],weather,2
/home/arch_design_predict/download-github-repos/mvp/repos/weatherApp-master/app/src/main/java/com/shubhamkhuva/weatherapp/modal/WeatherResponse.java,com.shubhamkhuva.weatherapp.modal.WeatherResponse,getName/0,name,1
/home/arch_design_predict/download-github-repos/mvp/repos/weatherApp-master/app/src/main/java/com/shubhamkhuva/weatherapp/modal/WeatherInfo.java,com.shubhamkhuva.weatherapp.modal.WeatherInfo,getIcon/0,icon,1
/home/arch_design_predict/download-github-repos/mvp/repos/weatherApp-master/app/src/main/java/com/shubhamkhuva/weatherapp/modal/WeatherInfo.java,com.shubhamkhuva.weatherapp.modal.WeatherInfo,setMain/1[java.lang.String],main,3
/home/arch_design_predict/download-github-repos/mvp/repos/weatherApp-master/app/src/main/java/com/shubhamkhuva/weatherapp/modal/WeatherInfo.java,com.shubhamkhuva.weatherapp.modal.WeatherInfo,getDescription/0,description,1
/home/arch_design_predict/download-github-repos/mvp/repos/weatherApp-master/app/src/main/java/com/shubhamkhuva/weatherapp/modal/WeatherInfo.java,com.shubhamkhuva.weatherapp.modal.WeatherInfo,setIcon/1[java.lang.String],icon,3
/home/arch_design_predict/download-github-repos/mvp/repos/weatherApp-master/app/src/main/java/com/shubhamkhuva/weatherapp/modal/WeatherInfo.java,com.shubhamkhuva.weatherapp.modal.WeatherInfo,setDescription/1[java.lang.String],description,3
/home/arch_design_predict/download-github-repos/mvp/repos/weatherApp-master/app/src/main/java/com/shubhamkhuva/weatherapp/modal/WeatherInfo.java,com.shubhamkhuva.weatherapp.modal.WeatherInfo,getMain/0,main,1
/home/arch_design_predict/download-github-repos/mvp/repos/weatherApp-master/app/src/main/java/com/shubhamkhuva/weatherapp/sqllite/DBManager.java,com.shubhamkhuva.weatherapp.sqllite.DBManager,"updateForecastDay3/2[java.lang.String,java.lang.String]",database,1
/home/arch_design_predict/download-github-repos/mvp/repos/weatherApp-master/app/src/main/java/com/shubhamkhuva/weatherapp/sqllite/DBManager.java,com.shubhamkhuva.weatherapp.sqllite.DBManager,close/0,dbHelper,1
/home/arch_design_predict/download-github-repos/mvp/repos/weatherApp-master/app/src/main/java/com/shubhamkhuva/weatherapp/sqllite/DBManager.java,com.shubhamkhuva.weatherapp.sqllite.DBManager,"updateForecastDay5/2[java.lang.String,java.lang.String]",database,1
/home/arch_design_predict/download-github-repos/mvp/repos/weatherApp-master/app/src/main/java/com/shubhamkhuva/weatherapp/sqllite/DBManager.java,com.shubhamkhuva.weatherapp.sqllite.DBManager,"insertWeather/6[java.lang.String,java.lang.String,java.lang.String,java.lang.String,java.lang.String,byte[]]",database,1
/home/arch_design_predict/download-github-repos/mvp/repos/weatherApp-master/app/src/main/java/com/shubhamkhuva/weatherapp/sqllite/DBManager.java,com.shubhamkhuva.weatherapp.sqllite.DBManager,DBManager/1[com.shubhamkhuva.weatherapp.sqllite.Context],context,1
/home/arch_design_predict/download-github-repos/mvp/repos/weatherApp-master/app/src/main/java/com/shubhamkhuva/weatherapp/sqllite/DBManager.java,com.shubhamkhuva.weatherapp.sqllite.DBManager,"updateForecastDay2/2[java.lang.String,java.lang.String]",database,1
/home/arch_design_predict/download-github-repos/mvp/repos/weatherApp-master/app/src/main/java/com/shubhamkhuva/weatherapp/sqllite/DBManager.java,com.shubhamkhuva.weatherapp.sqllite.DBManager,"updateWeather/6[java.lang.String,java.lang.String,java.lang.String,java.lang.String,java.lang.String,byte[]]",database,1
/home/arch_design_predict/download-github-repos/mvp/repos/weatherApp-master/app/src/main/java/com/shubhamkhuva/weatherapp/sqllite/DBManager.java,com.shubhamkhuva.weatherapp.sqllite.DBManager,checkIfMyTitleExists/0,database,1
/home/arch_design_predict/download-github-repos/mvp/repos/weatherApp-master/app/src/main/java/com/shubhamkhuva/weatherapp/sqllite/DBManager.java,com.shubhamkhuva.weatherapp.sqllite.DBManager,open/0,database,1
/home/arch_design_predict/download-github-repos/mvp/repos/weatherApp-master/app/src/main/java/com/shubhamkhuva/weatherapp/sqllite/DBManager.java,com.shubhamkhuva.weatherapp.sqllite.DBManager,open/0,context,1
/home/arch_design_predict/download-github-repos/mvp/repos/weatherApp-master/app/src/main/java/com/shubhamkhuva/weatherapp/sqllite/DBManager.java,com.shubhamkhuva.weatherapp.sqllite.DBManager,open/0,dbHelper,2
/home/arch_design_predict/download-github-repos/mvp/repos/weatherApp-master/app/src/main/java/com/shubhamkhuva/weatherapp/sqllite/DBManager.java,com.shubhamkhuva.weatherapp.sqllite.DBManager,fetchWeather/0,database,1
/home/arch_design_predict/download-github-repos/mvp/repos/weatherApp-master/app/src/main/java/com/shubhamkhuva/weatherapp/sqllite/DBManager.java,com.shubhamkhuva.weatherapp.sqllite.DBManager,"updateForecastDay1/2[java.lang.String,java.lang.String]",database,1
/home/arch_design_predict/download-github-repos/mvp/repos/weatherApp-master/app/src/main/java/com/shubhamkhuva/weatherapp/sqllite/DBManager.java,com.shubhamkhuva.weatherapp.sqllite.DBManager,"updateForecastDay4/2[java.lang.String,java.lang.String]",database,1
/home/arch_design_predict/download-github-repos/mvp/repos/weatherApp-master/app/src/main/java/com/shubhamkhuva/weatherapp/modal/ForecastModel.java,com.shubhamkhuva.weatherapp.modal.ForecastModel,getDay/0,day,1
/home/arch_design_predict/download-github-repos/mvp/repos/weatherApp-master/app/src/main/java/com/shubhamkhuva/weatherapp/modal/ForecastModel.java,com.shubhamkhuva.weatherapp.modal.ForecastModel,"ForecastModel/3[java.lang.String,java.lang.String,java.lang.String]",minMaxTemp,3
/home/arch_design_predict/download-github-repos/mvp/repos/weatherApp-master/app/src/main/java/com/shubhamkhuva/weatherapp/modal/ForecastModel.java,com.shubhamkhuva.weatherapp.modal.ForecastModel,"ForecastModel/3[java.lang.String,java.lang.String,java.lang.String]",day,3
/home/arch_design_predict/download-github-repos/mvp/repos/weatherApp-master/app/src/main/java/com/shubhamkhuva/weatherapp/modal/ForecastModel.java,com.shubhamkhuva.weatherapp.modal.ForecastModel,"ForecastModel/3[java.lang.String,java.lang.String,java.lang.String]",conditionIcon,3
/home/arch_design_predict/download-github-repos/mvp/repos/weatherApp-master/app/src/main/java/com/shubhamkhuva/weatherapp/modal/ForecastModel.java,com.shubhamkhuva.weatherapp.modal.ForecastModel,getMinMaxTemp/0,minMaxTemp,1
/home/arch_design_predict/download-github-repos/mvp/repos/weatherApp-master/app/src/main/java/com/shubhamkhuva/weatherapp/modal/ForecastModel.java,com.shubhamkhuva.weatherapp.modal.ForecastModel,getIcon/0,conditionIcon,1
/home/arch_design_predict/download-github-repos/mvp/repos/weatherApp-master/app/src/main/java/com/shubhamkhuva/weatherapp/network/WeatherAPIClient.java,com.shubhamkhuva.weatherapp.network.WeatherAPIClient,getClient/0,retrofit,3
