file,class,method,variable,usage
/home/arch_design_predict/download-github-repos/mvvm/repos/NavigationExample-master/app/src/main/java/com/telcomsis/navigationexample/AppViewModel.java,com.telcomsis.navigationexample.AppViewModel,getLiveDataObject/0,notasLiveData,1
/home/arch_design_predict/download-github-repos/mvvm/repos/NavigationExample-master/app/src/main/java/com/telcomsis/navigationexample/AppViewModel.java,com.telcomsis.navigationexample.AppViewModel,addNote/1[java.lang.String],notasLiveData,1
/home/arch_design_predict/download-github-repos/mvvm/repos/NavigationExample-master/app/src/main/java/com/telcomsis/navigationexample/AppViewModel.java,com.telcomsis.navigationexample.AppViewModel,addNote/1[java.lang.String],listaNotas,2
/home/arch_design_predict/download-github-repos/mvvm/repos/NavigationExample-master/app/src/main/java/com/telcomsis/navigationexample/newNote.java,com.telcomsis.navigationexample.newNote,"newInstance/2[java.lang.String,java.lang.String]",ARG_PARAM2,1
/home/arch_design_predict/download-github-repos/mvvm/repos/NavigationExample-master/app/src/main/java/com/telcomsis/navigationexample/newNote.java,com.telcomsis.navigationexample.newNote,"newInstance/2[java.lang.String,java.lang.String]",ARG_PARAM1,1
/home/arch_design_predict/download-github-repos/mvvm/repos/NavigationExample-master/app/src/main/java/com/telcomsis/navigationexample/newNote.java,com.telcomsis.navigationexample.newNote,"onViewCreated/2[com.telcomsis.navigationexample.View,com.telcomsis.navigationexample.Bundle]",navController,2
/home/arch_design_predict/download-github-repos/mvvm/repos/NavigationExample-master/app/src/main/java/com/telcomsis/navigationexample/newNote.java,com.telcomsis.navigationexample.newNote,"onViewCreated/2[com.telcomsis.navigationexample.View,com.telcomsis.navigationexample.Bundle]",binding,1
/home/arch_design_predict/download-github-repos/mvvm/repos/NavigationExample-master/app/src/main/java/com/telcomsis/navigationexample/newNote.java,com.telcomsis.navigationexample.newNote,"onViewCreated/2[com.telcomsis.navigationexample.View,com.telcomsis.navigationexample.Bundle]",viewModel,3
/home/arch_design_predict/download-github-repos/mvvm/repos/NavigationExample-master/app/src/main/java/com/telcomsis/navigationexample/newNote.java,com.telcomsis.navigationexample.newNote,onCreate/1[com.telcomsis.navigationexample.Bundle],mParam2,1
/home/arch_design_predict/download-github-repos/mvvm/repos/NavigationExample-master/app/src/main/java/com/telcomsis/navigationexample/newNote.java,com.telcomsis.navigationexample.newNote,onCreate/1[com.telcomsis.navigationexample.Bundle],mParam1,1
/home/arch_design_predict/download-github-repos/mvvm/repos/NavigationExample-master/app/src/main/java/com/telcomsis/navigationexample/newNote.java,com.telcomsis.navigationexample.newNote,onCreate/1[com.telcomsis.navigationexample.Bundle],ARG_PARAM2,1
/home/arch_design_predict/download-github-repos/mvvm/repos/NavigationExample-master/app/src/main/java/com/telcomsis/navigationexample/newNote.java,com.telcomsis.navigationexample.newNote,onCreate/1[com.telcomsis.navigationexample.Bundle],ARG_PARAM1,1
/home/arch_design_predict/download-github-repos/mvvm/repos/NavigationExample-master/app/src/main/java/com/telcomsis/navigationexample/SecondFragment.java,com.telcomsis.navigationexample.SecondFragment,onCreate/1[com.telcomsis.navigationexample.Bundle],mParam2,1
/home/arch_design_predict/download-github-repos/mvvm/repos/NavigationExample-master/app/src/main/java/com/telcomsis/navigationexample/SecondFragment.java,com.telcomsis.navigationexample.SecondFragment,onCreate/1[com.telcomsis.navigationexample.Bundle],mParam1,1
/home/arch_design_predict/download-github-repos/mvvm/repos/NavigationExample-master/app/src/main/java/com/telcomsis/navigationexample/SecondFragment.java,com.telcomsis.navigationexample.SecondFragment,onCreate/1[com.telcomsis.navigationexample.Bundle],ARG_PARAM2,1
/home/arch_design_predict/download-github-repos/mvvm/repos/NavigationExample-master/app/src/main/java/com/telcomsis/navigationexample/SecondFragment.java,com.telcomsis.navigationexample.SecondFragment,onCreate/1[com.telcomsis.navigationexample.Bundle],ARG_PARAM1,1
/home/arch_design_predict/download-github-repos/mvvm/repos/NavigationExample-master/app/src/main/java/com/telcomsis/navigationexample/SecondFragment.java,com.telcomsis.navigationexample.SecondFragment,"newInstance/2[java.lang.String,java.lang.String]",ARG_PARAM2,1
/home/arch_design_predict/download-github-repos/mvvm/repos/NavigationExample-master/app/src/main/java/com/telcomsis/navigationexample/SecondFragment.java,com.telcomsis.navigationexample.SecondFragment,"newInstance/2[java.lang.String,java.lang.String]",ARG_PARAM1,1
/home/arch_design_predict/download-github-repos/mvvm/repos/NavigationExample-master/app/src/main/java/com/telcomsis/navigationexample/SecondFragment.java,com.telcomsis.navigationexample.SecondFragment,"onViewCreated/2[com.telcomsis.navigationexample.View,com.telcomsis.navigationexample.Bundle]",viewModel,2
/home/arch_design_predict/download-github-repos/mvvm/repos/NavigationExample-master/app/src/main/java/com/telcomsis/navigationexample/SecondFragment.java,com.telcomsis.navigationexample.SecondFragment,"onViewCreated/2[com.telcomsis.navigationexample.View,com.telcomsis.navigationexample.Bundle]",TAG,1
