file,class,method,variable,usage
/home/arch_design_predict/download-github-repos/mvvm/repos/NavigationExample-master/app/src/main/java/com/telcomsis/navigationexample/AppViewModel.java,com.telcomsis.navigationexample.AppViewModel,AppViewModel/1[com.telcomsis.navigationexample.Application],application,1
/home/arch_design_predict/download-github-repos/mvvm/repos/NavigationExample-master/app/src/main/java/com/telcomsis/navigationexample/AppViewModel.java,com.telcomsis.navigationexample.AppViewModel,addNote/1[java.lang.String],valor,1
/home/arch_design_predict/download-github-repos/mvvm/repos/NavigationExample-master/app/src/main/java/com/telcomsis/navigationexample/MainActivity.java,com.telcomsis.navigationexample.MainActivity,onCreate/1[com.telcomsis.navigationexample.Bundle],savedInstanceState,1
/home/arch_design_predict/download-github-repos/mvvm/repos/NavigationExample-master/app/src/androidTest/java/com/telcomsis/navigationexample/ExampleInstrumentedTest.java,com.telcomsis.navigationexample.ExampleInstrumentedTest,useAppContext/0,appContext,1
/home/arch_design_predict/download-github-repos/mvvm/repos/NavigationExample-master/app/src/main/java/com/telcomsis/navigationexample/newNote.java,com.telcomsis.navigationexample.newNote,"newInstance/2[java.lang.String,java.lang.String]",args,3
/home/arch_design_predict/download-github-repos/mvvm/repos/NavigationExample-master/app/src/main/java/com/telcomsis/navigationexample/newNote.java,com.telcomsis.navigationexample.newNote,"newInstance/2[java.lang.String,java.lang.String]",fragment,2
/home/arch_design_predict/download-github-repos/mvvm/repos/NavigationExample-master/app/src/main/java/com/telcomsis/navigationexample/newNote.java,com.telcomsis.navigationexample.newNote,"newInstance/2[java.lang.String,java.lang.String]",param1,1
/home/arch_design_predict/download-github-repos/mvvm/repos/NavigationExample-master/app/src/main/java/com/telcomsis/navigationexample/newNote.java,com.telcomsis.navigationexample.newNote,"newInstance/2[java.lang.String,java.lang.String]",param2,1
/home/arch_design_predict/download-github-repos/mvvm/repos/NavigationExample-master/app/src/main/java/com/telcomsis/navigationexample/newNote.java,com.telcomsis.navigationexample.newNote,"onCreateView/3[com.telcomsis.navigationexample.LayoutInflater,com.telcomsis.navigationexample.ViewGroup,com.telcomsis.navigationexample.Bundle]",container,1
/home/arch_design_predict/download-github-repos/mvvm/repos/NavigationExample-master/app/src/main/java/com/telcomsis/navigationexample/newNote.java,com.telcomsis.navigationexample.newNote,"onCreateView/3[com.telcomsis.navigationexample.LayoutInflater,com.telcomsis.navigationexample.ViewGroup,com.telcomsis.navigationexample.Bundle]",savedInstanceState,0
/home/arch_design_predict/download-github-repos/mvvm/repos/NavigationExample-master/app/src/main/java/com/telcomsis/navigationexample/newNote.java,com.telcomsis.navigationexample.newNote,"onCreateView/3[com.telcomsis.navigationexample.LayoutInflater,com.telcomsis.navigationexample.ViewGroup,com.telcomsis.navigationexample.Bundle]",inflater,1
/home/arch_design_predict/download-github-repos/mvvm/repos/NavigationExample-master/app/src/main/java/com/telcomsis/navigationexample/newNote.java,com.telcomsis.navigationexample.newNote,"onViewCreated/2[com.telcomsis.navigationexample.View,com.telcomsis.navigationexample.Bundle]",texto,3
/home/arch_design_predict/download-github-repos/mvvm/repos/NavigationExample-master/app/src/main/java/com/telcomsis/navigationexample/newNote.java,com.telcomsis.navigationexample.newNote,"onViewCreated/2[com.telcomsis.navigationexample.View,com.telcomsis.navigationexample.Bundle]",savedInstanceState,1
/home/arch_design_predict/download-github-repos/mvvm/repos/NavigationExample-master/app/src/main/java/com/telcomsis/navigationexample/newNote.java,com.telcomsis.navigationexample.newNote,"onViewCreated/2[com.telcomsis.navigationexample.View,com.telcomsis.navigationexample.Bundle]",view,3
/home/arch_design_predict/download-github-repos/mvvm/repos/NavigationExample-master/app/src/main/java/com/telcomsis/navigationexample/newNote.java,com.telcomsis.navigationexample.newNote,"onViewCreated/2[com.telcomsis.navigationexample.View,com.telcomsis.navigationexample.Bundle]",v,0
/home/arch_design_predict/download-github-repos/mvvm/repos/NavigationExample-master/app/src/main/java/com/telcomsis/navigationexample/newNote.java,com.telcomsis.navigationexample.newNote,"onViewCreated/2[com.telcomsis.navigationexample.View,com.telcomsis.navigationexample.Bundle]",iteretor,2
/home/arch_design_predict/download-github-repos/mvvm/repos/NavigationExample-master/app/src/main/java/com/telcomsis/navigationexample/newNote.java,com.telcomsis.navigationexample.newNote,"onViewCreated/2[com.telcomsis.navigationexample.View,com.telcomsis.navigationexample.Bundle]",valor,1
/home/arch_design_predict/download-github-repos/mvvm/repos/NavigationExample-master/app/src/main/java/com/telcomsis/navigationexample/newNote.java,com.telcomsis.navigationexample.newNote,"onViewCreated/2[com.telcomsis.navigationexample.View,com.telcomsis.navigationexample.Bundle]",view1,0
/home/arch_design_predict/download-github-repos/mvvm/repos/NavigationExample-master/app/src/main/java/com/telcomsis/navigationexample/newNote.java,com.telcomsis.navigationexample.newNote,onCreate/1[com.telcomsis.navigationexample.Bundle],savedInstanceState,1
/home/arch_design_predict/download-github-repos/mvvm/repos/NavigationExample-master/app/src/main/java/com/telcomsis/navigationexample/SecondFragment.java,com.telcomsis.navigationexample.SecondFragment,onCreate/1[com.telcomsis.navigationexample.Bundle],savedInstanceState,1
/home/arch_design_predict/download-github-repos/mvvm/repos/NavigationExample-master/app/src/main/java/com/telcomsis/navigationexample/SecondFragment.java,com.telcomsis.navigationexample.SecondFragment,"newInstance/2[java.lang.String,java.lang.String]",args,3
/home/arch_design_predict/download-github-repos/mvvm/repos/NavigationExample-master/app/src/main/java/com/telcomsis/navigationexample/SecondFragment.java,com.telcomsis.navigationexample.SecondFragment,"newInstance/2[java.lang.String,java.lang.String]",fragment,2
/home/arch_design_predict/download-github-repos/mvvm/repos/NavigationExample-master/app/src/main/java/com/telcomsis/navigationexample/SecondFragment.java,com.telcomsis.navigationexample.SecondFragment,"newInstance/2[java.lang.String,java.lang.String]",param1,1
/home/arch_design_predict/download-github-repos/mvvm/repos/NavigationExample-master/app/src/main/java/com/telcomsis/navigationexample/SecondFragment.java,com.telcomsis.navigationexample.SecondFragment,"newInstance/2[java.lang.String,java.lang.String]",param2,1
/home/arch_design_predict/download-github-repos/mvvm/repos/NavigationExample-master/app/src/main/java/com/telcomsis/navigationexample/SecondFragment.java,com.telcomsis.navigationexample.SecondFragment,"onViewCreated/2[com.telcomsis.navigationexample.View,com.telcomsis.navigationexample.Bundle]",lista,2
/home/arch_design_predict/download-github-repos/mvvm/repos/NavigationExample-master/app/src/main/java/com/telcomsis/navigationexample/SecondFragment.java,com.telcomsis.navigationexample.SecondFragment,"onViewCreated/2[com.telcomsis.navigationexample.View,com.telcomsis.navigationexample.Bundle]",texto,3
/home/arch_design_predict/download-github-repos/mvvm/repos/NavigationExample-master/app/src/main/java/com/telcomsis/navigationexample/SecondFragment.java,com.telcomsis.navigationexample.SecondFragment,"onViewCreated/2[com.telcomsis.navigationexample.View,com.telcomsis.navigationexample.Bundle]",savedInstanceState,1
/home/arch_design_predict/download-github-repos/mvvm/repos/NavigationExample-master/app/src/main/java/com/telcomsis/navigationexample/SecondFragment.java,com.telcomsis.navigationexample.SecondFragment,"onViewCreated/2[com.telcomsis.navigationexample.View,com.telcomsis.navigationexample.Bundle]",view,1
/home/arch_design_predict/download-github-repos/mvvm/repos/NavigationExample-master/app/src/main/java/com/telcomsis/navigationexample/SecondFragment.java,com.telcomsis.navigationexample.SecondFragment,"onViewCreated/2[com.telcomsis.navigationexample.View,com.telcomsis.navigationexample.Bundle]",iteretor,2
/home/arch_design_predict/download-github-repos/mvvm/repos/NavigationExample-master/app/src/main/java/com/telcomsis/navigationexample/SecondFragment.java,com.telcomsis.navigationexample.SecondFragment,"onCreateView/3[com.telcomsis.navigationexample.LayoutInflater,com.telcomsis.navigationexample.ViewGroup,com.telcomsis.navigationexample.Bundle]",container,1
/home/arch_design_predict/download-github-repos/mvvm/repos/NavigationExample-master/app/src/main/java/com/telcomsis/navigationexample/SecondFragment.java,com.telcomsis.navigationexample.SecondFragment,"onCreateView/3[com.telcomsis.navigationexample.LayoutInflater,com.telcomsis.navigationexample.ViewGroup,com.telcomsis.navigationexample.Bundle]",savedInstanceState,0
/home/arch_design_predict/download-github-repos/mvvm/repos/NavigationExample-master/app/src/main/java/com/telcomsis/navigationexample/SecondFragment.java,com.telcomsis.navigationexample.SecondFragment,"onCreateView/3[com.telcomsis.navigationexample.LayoutInflater,com.telcomsis.navigationexample.ViewGroup,com.telcomsis.navigationexample.Bundle]",inflater,1
