file,class,method,variable,usage
/home/arch_design_predict/download-github-repos/mvp/repos/AndroidMVPBoot-master/app/src/main/java/info/anisuzzaman/androidmvpboot/data/database/service/UserDatabaseServiceImpl.java,info.anisuzzaman.androidmvpboot.data.database.service.UserDatabaseServiceImpl,UserDatabaseServiceImpl/0,userDao,2
/home/arch_design_predict/download-github-repos/mvp/repos/AndroidMVPBoot-master/app/src/main/java/info/anisuzzaman/androidmvpboot/data/database/service/UserDatabaseServiceImpl.java,info.anisuzzaman.androidmvpboot.data.database.service.UserDatabaseServiceImpl,"hasUser/3[java.lang.String,java.util.Date,info.anisuzzaman.androidmvpboot.data.database.callback.DataBaseCallBack]",HAS_DATA,1
/home/arch_design_predict/download-github-repos/mvp/repos/AndroidMVPBoot-master/app/src/main/java/info/anisuzzaman/androidmvpboot/data/database/service/UserDatabaseServiceImpl.java,info.anisuzzaman.androidmvpboot.data.database.service.UserDatabaseServiceImpl,"load/2[java.lang.String,info.anisuzzaman.androidmvpboot.data.database.callback.DataBaseCallBack]",LOAD,1
/home/arch_design_predict/download-github-repos/mvp/repos/AndroidMVPBoot-master/app/src/main/java/info/anisuzzaman/androidmvpboot/data/database/service/UserDatabaseServiceImpl.java,info.anisuzzaman.androidmvpboot.data.database.service.UserDatabaseServiceImpl,"save/2[info.anisuzzaman.androidmvpboot.data.database.entity.User,info.anisuzzaman.androidmvpboot.data.database.callback.DataBaseCallBack]",SAVE,1
/home/arch_design_predict/download-github-repos/mvp/repos/AndroidMVPBoot-master/app/src/main/java/info/anisuzzaman/androidmvpboot/ui/base/BaseActivity.java,info.anisuzzaman.androidmvpboot.ui.base.BaseActivity,hideLoading/0,progressDialog,3
/home/arch_design_predict/download-github-repos/mvp/repos/AndroidMVPBoot-master/app/src/main/java/info/anisuzzaman/androidmvpboot/ui/base/BaseActivity.java,info.anisuzzaman.androidmvpboot.ui.base.BaseActivity,activityComponent/0,mActivityComponent,3
/home/arch_design_predict/download-github-repos/mvp/repos/AndroidMVPBoot-master/app/src/main/java/info/anisuzzaman/androidmvpboot/ui/base/BaseActivity.java,info.anisuzzaman.androidmvpboot.ui.base.BaseActivity,showLoading/0,progressDialog,1
/home/arch_design_predict/download-github-repos/mvp/repos/AndroidMVPBoot-master/app/src/main/java/info/anisuzzaman/androidmvpboot/dependencyInjection/module/ActivityModule.java,info.anisuzzaman.androidmvpboot.dependencyInjection.module.ActivityModule,ActivityModule/1[info.anisuzzaman.androidmvpboot.dependencyInjection.module.Activity],mActivity,1
/home/arch_design_predict/download-github-repos/mvp/repos/AndroidMVPBoot-master/app/src/main/java/info/anisuzzaman/androidmvpboot/dependencyInjection/module/ActivityModule.java,info.anisuzzaman.androidmvpboot.dependencyInjection.module.ActivityModule,provideActivity/0,mActivity,1
/home/arch_design_predict/download-github-repos/mvp/repos/AndroidMVPBoot-master/app/src/main/java/info/anisuzzaman/androidmvpboot/dependencyInjection/module/ActivityModule.java,info.anisuzzaman.androidmvpboot.dependencyInjection.module.ActivityModule,providesContext/0,mActivity,1
/home/arch_design_predict/download-github-repos/mvp/repos/AndroidMVPBoot-master/app/src/main/java/info/anisuzzaman/androidmvpboot/dependencyInjection/module/ApplicationModule.java,info.anisuzzaman.androidmvpboot.dependencyInjection.module.ApplicationModule,provideContext/0,mApplication,1
/home/arch_design_predict/download-github-repos/mvp/repos/AndroidMVPBoot-master/app/src/main/java/info/anisuzzaman/androidmvpboot/dependencyInjection/module/ApplicationModule.java,info.anisuzzaman.androidmvpboot.dependencyInjection.module.ApplicationModule,provideApplication/0,mApplication,1
/home/arch_design_predict/download-github-repos/mvp/repos/AndroidMVPBoot-master/app/src/main/java/info/anisuzzaman/androidmvpboot/dependencyInjection/module/ApplicationModule.java,info.anisuzzaman.androidmvpboot.dependencyInjection.module.ApplicationModule,ApplicationModule/1[info.anisuzzaman.androidmvpboot.dependencyInjection.module.Application],mApplication,1
/home/arch_design_predict/download-github-repos/mvp/repos/AndroidMVPBoot-master/app/src/main/java/info/anisuzzaman/androidmvpboot/dependencyInjection/module/ApplicationModule.java,info.anisuzzaman.androidmvpboot.dependencyInjection.module.ApplicationModule,provideRetrofit/1[info.anisuzzaman.androidmvpboot.dependencyInjection.module.Gson],BASE_URL,1
/home/arch_design_predict/download-github-repos/mvp/repos/AndroidMVPBoot-master/app/src/main/java/info/anisuzzaman/androidmvpboot/ui/presenter/UserPresenterImpl.java,info.anisuzzaman.androidmvpboot.ui.presenter.UserPresenterImpl,attachView/1[info.anisuzzaman.androidmvpboot.ui.base.BaseView],userView,1
/home/arch_design_predict/download-github-repos/mvp/repos/AndroidMVPBoot-master/app/src/main/java/info/anisuzzaman/androidmvpboot/ui/presenter/UserPresenterImpl.java,info.anisuzzaman.androidmvpboot.ui.presenter.UserPresenterImpl,detachView/0,userView,1
/home/arch_design_predict/download-github-repos/mvp/repos/AndroidMVPBoot-master/app/src/main/java/info/anisuzzaman/androidmvpboot/ui/presenter/UserPresenterImpl.java,info.anisuzzaman.androidmvpboot.ui.presenter.UserPresenterImpl,getUser/1[java.lang.String],mDataManager,2
/home/arch_design_predict/download-github-repos/mvp/repos/AndroidMVPBoot-master/app/src/main/java/info/anisuzzaman/androidmvpboot/ui/presenter/UserPresenterImpl.java,info.anisuzzaman.androidmvpboot.ui.presenter.UserPresenterImpl,getUser/1[java.lang.String],userView,1
/home/arch_design_predict/download-github-repos/mvp/repos/AndroidMVPBoot-master/app/src/main/java/info/anisuzzaman/androidmvpboot/data/database/entity/User.java,info.anisuzzaman.androidmvpboot.data.database.entity.User,setLastRefresh/1[java.util.Date],lastRefresh,3
/home/arch_design_predict/download-github-repos/mvp/repos/AndroidMVPBoot-master/app/src/main/java/info/anisuzzaman/androidmvpboot/data/database/entity/User.java,info.anisuzzaman.androidmvpboot.data.database.entity.User,getLogin/0,login,1
/home/arch_design_predict/download-github-repos/mvp/repos/AndroidMVPBoot-master/app/src/main/java/info/anisuzzaman/androidmvpboot/data/database/entity/User.java,info.anisuzzaman.androidmvpboot.data.database.entity.User,setAvatar_url/1[java.lang.String],avatar_url,3
/home/arch_design_predict/download-github-repos/mvp/repos/AndroidMVPBoot-master/app/src/main/java/info/anisuzzaman/androidmvpboot/data/database/entity/User.java,info.anisuzzaman.androidmvpboot.data.database.entity.User,getBlog/0,blog,1
/home/arch_design_predict/download-github-repos/mvp/repos/AndroidMVPBoot-master/app/src/main/java/info/anisuzzaman/androidmvpboot/data/database/entity/User.java,info.anisuzzaman.androidmvpboot.data.database.entity.User,getName/0,name,1
/home/arch_design_predict/download-github-repos/mvp/repos/AndroidMVPBoot-master/app/src/main/java/info/anisuzzaman/androidmvpboot/data/database/entity/User.java,info.anisuzzaman.androidmvpboot.data.database.entity.User,getLastRefresh/0,lastRefresh,1
/home/arch_design_predict/download-github-repos/mvp/repos/AndroidMVPBoot-master/app/src/main/java/info/anisuzzaman/androidmvpboot/data/database/entity/User.java,info.anisuzzaman.androidmvpboot.data.database.entity.User,setBlog/1[java.lang.String],blog,3
/home/arch_design_predict/download-github-repos/mvp/repos/AndroidMVPBoot-master/app/src/main/java/info/anisuzzaman/androidmvpboot/data/database/entity/User.java,info.anisuzzaman.androidmvpboot.data.database.entity.User,setCompany/1[java.lang.String],company,3
/home/arch_design_predict/download-github-repos/mvp/repos/AndroidMVPBoot-master/app/src/main/java/info/anisuzzaman/androidmvpboot/data/database/entity/User.java,info.anisuzzaman.androidmvpboot.data.database.entity.User,getId/0,id,1
/home/arch_design_predict/download-github-repos/mvp/repos/AndroidMVPBoot-master/app/src/main/java/info/anisuzzaman/androidmvpboot/data/database/entity/User.java,info.anisuzzaman.androidmvpboot.data.database.entity.User,setName/1[java.lang.String],name,3
/home/arch_design_predict/download-github-repos/mvp/repos/AndroidMVPBoot-master/app/src/main/java/info/anisuzzaman/androidmvpboot/data/database/entity/User.java,info.anisuzzaman.androidmvpboot.data.database.entity.User,setId/1[java.lang.String],id,3
/home/arch_design_predict/download-github-repos/mvp/repos/AndroidMVPBoot-master/app/src/main/java/info/anisuzzaman/androidmvpboot/data/database/entity/User.java,info.anisuzzaman.androidmvpboot.data.database.entity.User,getCompany/0,company,1
/home/arch_design_predict/download-github-repos/mvp/repos/AndroidMVPBoot-master/app/src/main/java/info/anisuzzaman/androidmvpboot/data/database/entity/User.java,info.anisuzzaman.androidmvpboot.data.database.entity.User,getAvatar_url/0,avatar_url,1
/home/arch_design_predict/download-github-repos/mvp/repos/AndroidMVPBoot-master/app/src/main/java/info/anisuzzaman/androidmvpboot/data/database/entity/User.java,info.anisuzzaman.androidmvpboot.data.database.entity.User,setLogin/1[java.lang.String],login,3
/home/arch_design_predict/download-github-repos/mvp/repos/AndroidMVPBoot-master/app/src/main/java/info/anisuzzaman/androidmvpboot/ui/UserActivity.java,info.anisuzzaman.androidmvpboot.ui.UserActivity,onDestroy/0,userPresenter,1
/home/arch_design_predict/download-github-repos/mvp/repos/AndroidMVPBoot-master/app/src/main/java/info/anisuzzaman/androidmvpboot/ui/UserActivity.java,info.anisuzzaman.androidmvpboot.ui.UserActivity,showData/1[java.lang.Object],textViewUserName,1
/home/arch_design_predict/download-github-repos/mvp/repos/AndroidMVPBoot-master/app/src/main/java/info/anisuzzaman/androidmvpboot/ui/UserActivity.java,info.anisuzzaman.androidmvpboot.ui.UserActivity,showData/1[java.lang.Object],textViewWebsite,1
/home/arch_design_predict/download-github-repos/mvp/repos/AndroidMVPBoot-master/app/src/main/java/info/anisuzzaman/androidmvpboot/ui/UserActivity.java,info.anisuzzaman.androidmvpboot.ui.UserActivity,showData/1[java.lang.Object],imageViewUser,1
/home/arch_design_predict/download-github-repos/mvp/repos/AndroidMVPBoot-master/app/src/main/java/info/anisuzzaman/androidmvpboot/ui/UserActivity.java,info.anisuzzaman.androidmvpboot.ui.UserActivity,showData/1[java.lang.Object],textViewCompany,1
/home/arch_design_predict/download-github-repos/mvp/repos/AndroidMVPBoot-master/app/src/main/java/info/anisuzzaman/androidmvpboot/ui/UserActivity.java,info.anisuzzaman.androidmvpboot.ui.UserActivity,btnLoadData/0,userPresenter,1
/home/arch_design_predict/download-github-repos/mvp/repos/AndroidMVPBoot-master/app/src/main/java/info/anisuzzaman/androidmvpboot/ui/UserActivity.java,info.anisuzzaman.androidmvpboot.ui.UserActivity,btnLoadData/0,editTextUserLogin,2
/home/arch_design_predict/download-github-repos/mvp/repos/AndroidMVPBoot-master/app/src/main/java/info/anisuzzaman/androidmvpboot/ui/UserActivity.java,info.anisuzzaman.androidmvpboot.ui.UserActivity,showError/1[java.lang.String],textViewUserName,1
/home/arch_design_predict/download-github-repos/mvp/repos/AndroidMVPBoot-master/app/src/main/java/info/anisuzzaman/androidmvpboot/ui/UserActivity.java,info.anisuzzaman.androidmvpboot.ui.UserActivity,onCreate/1[info.anisuzzaman.androidmvpboot.ui.Bundle],userPresenter,1
/home/arch_design_predict/download-github-repos/mvp/repos/AndroidMVPBoot-master/app/src/main/java/info/anisuzzaman/androidmvpboot/data/DataManager.java,info.anisuzzaman.androidmvpboot.data.DataManager,getMaxRefreshTime/1[java.util.Date],FRESH_TIMEOUT_IN_MINUTES,1
/home/arch_design_predict/download-github-repos/mvp/repos/AndroidMVPBoot-master/app/src/main/java/info/anisuzzaman/androidmvpboot/data/DataManager.java,info.anisuzzaman.androidmvpboot.data.DataManager,"DataManager/3[info.anisuzzaman.androidmvpboot.data.api.UserWebservice,info.anisuzzaman.androidmvpboot.data.database.service.UserDatabaseService,java.util.concurrent.Executor]",executor,3
/home/arch_design_predict/download-github-repos/mvp/repos/AndroidMVPBoot-master/app/src/main/java/info/anisuzzaman/androidmvpboot/data/DataManager.java,info.anisuzzaman.androidmvpboot.data.DataManager,"DataManager/3[info.anisuzzaman.androidmvpboot.data.api.UserWebservice,info.anisuzzaman.androidmvpboot.data.database.service.UserDatabaseService,java.util.concurrent.Executor]",webservice,3
/home/arch_design_predict/download-github-repos/mvp/repos/AndroidMVPBoot-master/app/src/main/java/info/anisuzzaman/androidmvpboot/data/DataManager.java,info.anisuzzaman.androidmvpboot.data.DataManager,"DataManager/3[info.anisuzzaman.androidmvpboot.data.api.UserWebservice,info.anisuzzaman.androidmvpboot.data.database.service.UserDatabaseService,java.util.concurrent.Executor]",userDatabaseService,3
/home/arch_design_predict/download-github-repos/mvp/repos/AndroidMVPBoot-master/app/src/main/java/info/anisuzzaman/androidmvpboot/data/DataManager.java,info.anisuzzaman.androidmvpboot.data.DataManager,"getUserFromAPI/2[java.lang.String,info.anisuzzaman.androidmvpboot.listener.DataListener]",webservice,1
/home/arch_design_predict/download-github-repos/mvp/repos/AndroidMVPBoot-master/app/src/main/java/info/anisuzzaman/androidmvpboot/data/DataManager.java,info.anisuzzaman.androidmvpboot.data.DataManager,"getUser/2[java.lang.String,info.anisuzzaman.androidmvpboot.listener.DataListener]",userDatabaseService,1
/home/arch_design_predict/download-github-repos/mvp/repos/AndroidMVPBoot-master/app/src/main/java/info/anisuzzaman/androidmvpboot/App.java,info.anisuzzaman.androidmvpboot.App,get/1[info.anisuzzaman.androidmvpboot.Context],context,2
/home/arch_design_predict/download-github-repos/mvp/repos/AndroidMVPBoot-master/app/src/main/java/info/anisuzzaman/androidmvpboot/App.java,info.anisuzzaman.androidmvpboot.App,setComponent/1[info.anisuzzaman.androidmvpboot.dependencyInjection.component.ApplicationComponent],mApplicationComponent,1
/home/arch_design_predict/download-github-repos/mvp/repos/AndroidMVPBoot-master/app/src/main/java/info/anisuzzaman/androidmvpboot/App.java,info.anisuzzaman.androidmvpboot.App,getAppInstance/0,appInstance,1
/home/arch_design_predict/download-github-repos/mvp/repos/AndroidMVPBoot-master/app/src/main/java/info/anisuzzaman/androidmvpboot/App.java,info.anisuzzaman.androidmvpboot.App,onCreate/0,mApplicationComponent,2
/home/arch_design_predict/download-github-repos/mvp/repos/AndroidMVPBoot-master/app/src/main/java/info/anisuzzaman/androidmvpboot/App.java,info.anisuzzaman.androidmvpboot.App,onCreate/0,context,1
/home/arch_design_predict/download-github-repos/mvp/repos/AndroidMVPBoot-master/app/src/main/java/info/anisuzzaman/androidmvpboot/App.java,info.anisuzzaman.androidmvpboot.App,onCreate/0,appInstance,1
/home/arch_design_predict/download-github-repos/mvp/repos/AndroidMVPBoot-master/app/src/main/java/info/anisuzzaman/androidmvpboot/App.java,info.anisuzzaman.androidmvpboot.App,getComponent/0,mApplicationComponent,1
/home/arch_design_predict/download-github-repos/mvp/repos/AndroidMVPBoot-master/app/src/main/java/info/anisuzzaman/androidmvpboot/data/database/service/UserDatabaseServiceImpl.java,info.anisuzzaman.androidmvpboot.data.database.service.UserDatabaseServiceImpl$DatabaseAsyncTask,DatabaseAsyncTask/1[info.anisuzzaman.androidmvpboot.data.database.callback.DataBaseCallBack],dataBaseCallBack,3
/home/arch_design_predict/download-github-repos/mvp/repos/AndroidMVPBoot-master/app/src/main/java/info/anisuzzaman/androidmvpboot/data/database/service/UserDatabaseServiceImpl.java,info.anisuzzaman.androidmvpboot.data.database.service.UserDatabaseServiceImpl$DatabaseAsyncTask,onPostExecute/1[java.lang.Object],dataBaseCallBack,2
