file,class,method,constructor,line,cbo,cboModified,fanin,fanout,wmc,rfc,loc,returnsQty,variablesQty,parametersQty,methodsInvokedQty,methodsInvokedLocalQty,methodsInvokedIndirectLocalQty,loopQty,comparisonsQty,tryCatchQty,parenthesizedExpsQty,stringLiteralsQty,numbersQty,assignmentsQty,mathOperationsQty,maxNestedBlocksQty,anonymousClassesQty,innerClassesQty,lambdasQty,uniqueWordsQty,modifiers,logStatementsQty,hasJavaDoc
/home/arch_design_predict/download-github-repos/mvvm/repos/ListViewWithImages-master/app/src/main/java/com/dhananjay/listviewwithimages/UtilsModule.java,com.dhananjay.listviewwithimages.UtilsModule,getViewModelFactory/1[com.dhananjay.listviewwithimages.repository.Repository],false,85,5,1,0,1,1,0,3,1,0,1,0,0,0,0,0,0,0,0,0,0,0,0,0,0,0,6,0,0,false
/home/arch_design_predict/download-github-repos/mvvm/repos/ListViewWithImages-master/app/src/main/java/com/dhananjay/listviewwithimages/UtilsModule.java,com.dhananjay.listviewwithimages.UtilsModule,getRepository/1[com.dhananjay.listviewwithimages.api.ApiCallInterface],false,79,4,1,0,1,1,0,3,1,0,1,0,0,0,0,0,0,0,0,0,0,0,0,0,0,0,6,0,0,false
/home/arch_design_predict/download-github-repos/mvvm/repos/ListViewWithImages-master/app/src/main/java/com/dhananjay/listviewwithimages/UtilsModule.java,com.dhananjay.listviewwithimages.UtilsModule,getApiCallInterface/1[com.dhananjay.listviewwithimages.Retrofit],false,52,4,0,0,0,1,1,3,1,0,1,1,0,0,0,0,0,0,0,0,0,0,0,0,0,0,6,0,0,false
/home/arch_design_predict/download-github-repos/mvvm/repos/ListViewWithImages-master/app/src/main/java/com/dhananjay/listviewwithimages/UtilsModule.java,com.dhananjay.listviewwithimages.UtilsModule,provideGson/0,false,32,4,0,0,0,1,3,4,1,1,0,3,0,0,0,0,0,0,0,0,1,0,0,0,0,0,4,0,0,false
/home/arch_design_predict/download-github-repos/mvvm/repos/ListViewWithImages-master/app/src/main/java/com/dhananjay/listviewwithimages/UtilsModule.java,com.dhananjay.listviewwithimages.UtilsModule,"provideRetrofit/2[com.dhananjay.listviewwithimages.Gson,com.dhananjay.listviewwithimages.OkHttpClient]",false,40,5,0,0,0,1,6,3,1,0,2,6,0,0,0,0,0,0,1,0,0,0,0,0,0,0,9,0,0,false
/home/arch_design_predict/download-github-repos/mvvm/repos/ListViewWithImages-master/app/src/main/java/com/dhananjay/listviewwithimages/UtilsModule.java,com.dhananjay.listviewwithimages.UtilsModule,getRequestHeader/0,false,58,4,0,0,0,1,5,12,1,1,0,5,0,0,0,0,0,0,0,3,1,0,0,1,0,0,17,0,0,false
/home/arch_design_predict/download-github-repos/mvvm/repos/ListViewWithImages-master/app/src/main/java/com/dhananjay/listviewwithimages/UtilsModule.java,com.dhananjay.listviewwithimages.UtilsModule$Anonymous1,intercept/1[com.dhananjay.listviewwithimages.Chain],false,64,3,0,0,0,1,4,5,1,2,1,4,0,0,0,0,0,0,0,0,2,0,0,0,0,0,10,1,0,false
/home/arch_design_predict/download-github-repos/mvvm/repos/ListViewWithImages-master/app/src/main/java/com/dhananjay/listviewwithimages/AppComponent.java,com.dhananjay.listviewwithimages.AppComponent,doInjection/1[com.dhananjay.listviewwithimages.ui.mainactivity.MainActivityFragment],false,13,1,1,1,0,1,0,1,0,0,1,0,0,0,0,0,0,0,0,0,0,0,0,0,0,0,6,0,0,false
/home/arch_design_predict/download-github-repos/mvvm/repos/ListViewWithImages-master/app/src/main/java/com/dhananjay/listviewwithimages/adapters/RowListAdapter.java,com.dhananjay.listviewwithimages.adapters.RowListAdapter,updateList/1[java.util.ArrayList<com.dhananjay.listviewwithimages.models.Row>],false,43,1,1,1,0,1,1,4,0,0,1,1,0,0,0,0,0,0,0,0,1,0,0,0,0,0,3,1,0,false
/home/arch_design_predict/download-github-repos/mvvm/repos/ListViewWithImages-master/app/src/main/java/com/dhananjay/listviewwithimages/adapters/RowListAdapter.java,com.dhananjay.listviewwithimages.adapters.RowListAdapter,"getView/3[int,com.dhananjay.listviewwithimages.adapters.View,com.dhananjay.listviewwithimages.adapters.ViewGroup]",false,49,6,4,0,4,5,17,28,1,4,3,17,0,0,0,3,0,0,0,0,10,0,2,0,0,0,15,1,1,false
/home/arch_design_predict/download-github-repos/mvvm/repos/ListViewWithImages-master/app/src/main/java/com/dhananjay/listviewwithimages/adapters/RowListAdapter.java,com.dhananjay.listviewwithimages.adapters.RowListAdapter,getCount/0,false,29,0,0,0,0,1,1,3,1,0,0,1,0,0,0,0,0,0,0,0,0,0,0,0,0,0,2,1,0,false
/home/arch_design_predict/download-github-repos/mvvm/repos/ListViewWithImages-master/app/src/main/java/com/dhananjay/listviewwithimages/adapters/RowListAdapter.java,com.dhananjay.listviewwithimages.adapters.RowListAdapter,getItemId/1[int],false,39,0,0,0,0,1,0,3,1,0,1,0,0,0,0,0,0,0,0,0,0,0,0,0,0,0,4,1,0,false
/home/arch_design_predict/download-github-repos/mvvm/repos/ListViewWithImages-master/app/src/main/java/com/dhananjay/listviewwithimages/adapters/RowListAdapter.java,com.dhananjay.listviewwithimages.adapters.RowListAdapter,"RowListAdapter/2[com.dhananjay.listviewwithimages.adapters.Context,java.util.ArrayList<com.dhananjay.listviewwithimages.models.Row>]",true,23,2,1,1,0,1,0,4,0,0,2,0,0,0,0,0,0,0,0,0,2,0,0,0,0,0,6,1,0,false
/home/arch_design_predict/download-github-repos/mvvm/repos/ListViewWithImages-master/app/src/main/java/com/dhananjay/listviewwithimages/adapters/RowListAdapter.java,com.dhananjay.listviewwithimages.adapters.RowListAdapter,getItem/1[int],false,34,1,0,0,0,1,1,3,1,0,1,1,0,0,0,0,0,0,0,0,0,0,0,0,0,0,4,1,0,false
/home/arch_design_predict/download-github-repos/mvvm/repos/ListViewWithImages-master/app/src/main/java/com/dhananjay/listviewwithimages/ui/mainactivity/MainActivityViewModel.java,com.dhananjay.listviewwithimages.ui.mainactivity.MainActivityViewModel$Anonymous1,accept/1[com.dhananjay.listviewwithimages.ui.mainactivity.Disposable],false,44,2,1,0,1,1,2,3,0,0,1,2,0,0,0,0,0,0,0,0,0,0,0,0,0,0,4,1,0,false
/home/arch_design_predict/download-github-repos/mvvm/repos/ListViewWithImages-master/app/src/main/java/com/dhananjay/listviewwithimages/AppModule.java,com.dhananjay.listviewwithimages.AppModule,provideContext/0,false,20,3,0,0,0,1,0,3,1,0,0,0,0,0,0,0,0,0,0,0,0,0,0,0,0,0,3,0,0,false
/home/arch_design_predict/download-github-repos/mvvm/repos/ListViewWithImages-master/app/src/main/java/com/dhananjay/listviewwithimages/AppModule.java,com.dhananjay.listviewwithimages.AppModule,AppModule/1[com.dhananjay.listviewwithimages.Context],true,14,1,0,0,0,1,0,3,0,0,1,0,0,0,0,0,0,0,0,0,1,0,0,0,0,0,4,1,0,false
/home/arch_design_predict/download-github-repos/mvvm/repos/ListViewWithImages-master/app/src/main/java/com/dhananjay/listviewwithimages/ui/mainactivity/MainActivityViewModel.java,com.dhananjay.listviewwithimages.ui.mainactivity.MainActivityViewModel$Anonymous2,accept/1[com.dhananjay.listviewwithimages.models.Response],false,51,2,1,0,1,1,2,3,0,0,1,2,0,0,0,0,0,0,0,0,0,0,0,0,0,0,4,1,0,false
/home/arch_design_predict/download-github-repos/mvvm/repos/ListViewWithImages-master/app/src/main/java/com/dhananjay/listviewwithimages/ui/mainactivity/MainActivity.java,com.dhananjay.listviewwithimages.ui.mainactivity.MainActivity,onCreate/1[com.dhananjay.listviewwithimages.ui.mainactivity.Bundle],false,13,4,3,0,3,2,10,9,0,1,1,10,0,0,0,1,0,1,0,0,1,0,1,0,0,0,19,4,0,false
/home/arch_design_predict/download-github-repos/mvvm/repos/ListViewWithImages-master/app/src/main/java/com/dhananjay/listviewwithimages/ui/mainactivity/MainActivityViewModel.java,com.dhananjay.listviewwithimages.ui.mainactivity.MainActivityViewModel$Anonymous3,accept/1[java.lang.Throwable],false,57,1,1,0,1,1,2,3,0,0,1,2,0,0,0,0,0,0,0,0,0,0,0,0,0,0,4,1,1,false
/home/arch_design_predict/download-github-repos/mvvm/repos/ListViewWithImages-master/app/src/test/java/com/dhananjay/listviewwithimages/ExampleUnitTest.java,com.dhananjay.listviewwithimages.ExampleUnitTest,addition_isCorrect/0,false,14,1,0,0,0,1,1,3,0,0,0,1,0,0,0,0,0,0,0,3,0,1,0,0,0,0,5,1,0,false
/home/arch_design_predict/download-github-repos/mvvm/repos/ListViewWithImages-master/app/src/main/java/com/dhananjay/listviewwithimages/models/Row.java,com.dhananjay.listviewwithimages.models.Row,getImageHref/0,false,22,0,1,1,0,1,0,3,1,0,0,0,0,0,0,0,0,0,0,0,0,0,0,0,0,0,4,1,0,false
/home/arch_design_predict/download-github-repos/mvvm/repos/ListViewWithImages-master/app/src/main/java/com/dhananjay/listviewwithimages/models/Row.java,com.dhananjay.listviewwithimages.models.Row,getDescription/0,false,18,0,1,1,0,1,0,3,1,0,0,0,0,0,0,0,0,0,0,0,0,0,0,0,0,0,3,1,0,false
/home/arch_design_predict/download-github-repos/mvvm/repos/ListViewWithImages-master/app/src/main/java/com/dhananjay/listviewwithimages/models/Row.java,com.dhananjay.listviewwithimages.models.Row,getTitle/0,false,14,0,1,1,0,1,0,3,1,0,0,0,0,0,0,0,0,0,0,0,0,0,0,0,0,0,3,1,0,false
/home/arch_design_predict/download-github-repos/mvvm/repos/ListViewWithImages-master/app/src/androidTest/java/com/dhananjay/listviewwithimages/ExampleInstrumentedTest.java,com.dhananjay.listviewwithimages.ExampleInstrumentedTest,useAppContext/0,false,21,2,0,0,0,1,4,4,0,1,0,4,0,0,0,0,0,0,1,0,1,0,0,0,0,0,6,1,0,false
/home/arch_design_predict/download-github-repos/mvvm/repos/ListViewWithImages-master/app/src/main/java/com/dhananjay/listviewwithimages/MyApplication.java,com.dhananjay.listviewwithimages.MyApplication,attachBaseContext/1[com.dhananjay.listviewwithimages.Context],false,22,1,0,0,0,1,1,3,0,0,1,1,0,0,0,0,0,0,0,0,0,0,0,0,0,0,4,4,0,false
/home/arch_design_predict/download-github-repos/mvvm/repos/ListViewWithImages-master/app/src/main/java/com/dhananjay/listviewwithimages/MyApplication.java,com.dhananjay.listviewwithimages.MyApplication,onCreate/0,false,11,0,0,0,0,1,3,5,0,0,0,3,0,0,0,0,0,0,0,0,2,0,0,0,0,0,5,1,0,false
/home/arch_design_predict/download-github-repos/mvvm/repos/ListViewWithImages-master/app/src/main/java/com/dhananjay/listviewwithimages/MyApplication.java,com.dhananjay.listviewwithimages.MyApplication,getAppComponent/0,false,17,1,1,1,0,1,0,3,1,0,0,0,0,0,0,0,0,0,0,0,0,0,0,0,0,0,4,1,0,false
/home/arch_design_predict/download-github-repos/mvvm/repos/ListViewWithImages-master/app/src/main/java/com/dhananjay/listviewwithimages/repository/ViewModelFactory.java,com.dhananjay.listviewwithimages.repository.ViewModelFactory,ViewModelFactory/1[com.dhananjay.listviewwithimages.repository.Repository],true,16,2,1,1,0,1,0,3,0,0,1,0,0,0,0,0,0,0,0,0,1,0,0,0,0,0,5,1,0,false
/home/arch_design_predict/download-github-repos/mvvm/repos/ListViewWithImages-master/app/src/main/java/com/dhananjay/listviewwithimages/repository/ViewModelFactory.java,com.dhananjay.listviewwithimages.repository.ViewModelFactory,create/1[java.lang.Class<T>],false,23,3,1,0,1,2,1,6,1,0,1,1,0,0,0,0,0,0,1,0,0,0,1,0,0,0,12,1,0,false
/home/arch_design_predict/download-github-repos/mvvm/repos/ListViewWithImages-master/app/src/main/java/com/dhananjay/listviewwithimages/ui/mainactivity/MainActivityFragment.java,com.dhananjay.listviewwithimages.ui.mainactivity.MainActivityFragment$Anonymous1,onChanged/1[com.dhananjay.listviewwithimages.api.ApiResponse],false,83,2,1,0,1,2,1,5,0,0,1,1,0,0,0,1,0,0,0,0,0,0,1,0,0,0,7,1,0,false
/home/arch_design_predict/download-github-repos/mvvm/repos/ListViewWithImages-master/app/src/main/java/com/dhananjay/listviewwithimages/repository/Repository.java,com.dhananjay.listviewwithimages.repository.Repository,Repository/1[com.dhananjay.listviewwithimages.api.ApiCallInterface],true,12,1,1,1,0,1,0,3,0,0,1,0,0,0,0,0,0,0,0,0,1,0,0,0,0,0,5,1,0,false
/home/arch_design_predict/download-github-repos/mvvm/repos/ListViewWithImages-master/app/src/main/java/com/dhananjay/listviewwithimages/repository/Repository.java,com.dhananjay.listviewwithimages.repository.Repository,getResponse/0,false,19,4,2,1,1,1,1,3,1,0,0,1,0,0,0,0,0,0,0,0,0,0,0,0,0,0,2,1,0,false
/home/arch_design_predict/download-github-repos/mvvm/repos/ListViewWithImages-master/app/src/main/java/com/dhananjay/listviewwithimages/ui/mainactivity/MainActivityFragment.java,com.dhananjay.listviewwithimages.ui.mainactivity.MainActivityFragment$Anonymous2,onClick/1[com.dhananjay.listviewwithimages.ui.mainactivity.View],false,94,2,1,0,1,1,2,3,0,0,1,2,0,0,0,0,0,0,0,0,0,0,0,0,0,0,8,1,0,false
/home/arch_design_predict/download-github-repos/mvvm/repos/ListViewWithImages-master/app/src/main/java/com/dhananjay/listviewwithimages/models/Response.java,com.dhananjay.listviewwithimages.models.Response,getRows/0,false,18,1,1,1,0,1,0,3,1,0,0,0,0,0,0,0,0,0,0,0,0,0,0,0,0,0,3,1,0,false
/home/arch_design_predict/download-github-repos/mvvm/repos/ListViewWithImages-master/app/src/main/java/com/dhananjay/listviewwithimages/models/Response.java,com.dhananjay.listviewwithimages.models.Response,getTitle/0,false,14,0,1,1,0,1,0,3,1,0,0,0,0,0,0,0,0,0,0,0,0,0,0,0,0,0,3,1,0,false
/home/arch_design_predict/download-github-repos/mvvm/repos/ListViewWithImages-master/app/src/main/java/com/dhananjay/listviewwithimages/api/ApiCallInterface.java,com.dhananjay.listviewwithimages.api.ApiCallInterface,getResponse/0,false,10,3,1,1,0,1,0,1,0,0,0,0,0,0,0,0,0,0,1,0,0,0,0,0,0,0,2,0,0,false
/home/arch_design_predict/download-github-repos/mvvm/repos/ListViewWithImages-master/app/src/main/java/com/dhananjay/listviewwithimages/ui/mainactivity/MainActivityFragment.java,com.dhananjay.listviewwithimages.ui.mainactivity.MainActivityFragment,newInstance/0,false,54,1,2,1,1,1,0,3,1,0,0,0,0,0,0,0,0,0,0,0,0,0,0,0,0,0,5,9,0,false
/home/arch_design_predict/download-github-repos/mvvm/repos/ListViewWithImages-master/app/src/main/java/com/dhananjay/listviewwithimages/ui/mainactivity/MainActivityFragment.java,com.dhananjay.listviewwithimages.ui.mainactivity.MainActivityFragment,consumeResponse/1[com.dhananjay.listviewwithimages.api.ApiResponse],false,124,2,2,1,1,5,7,19,0,0,1,7,1,1,0,1,0,0,0,0,0,0,2,0,0,0,9,2,0,false
/home/arch_design_predict/download-github-repos/mvvm/repos/ListViewWithImages-master/app/src/main/java/com/dhananjay/listviewwithimages/ui/mainactivity/MainActivityFragment.java,com.dhananjay.listviewwithimages.ui.mainactivity.MainActivityFragment,isNetworkAvailable/1[com.dhananjay.listviewwithimages.ui.mainactivity.Context],false,102,3,1,1,0,3,3,8,1,2,1,3,0,0,0,2,0,0,0,0,3,0,1,0,0,0,11,2,0,false
/home/arch_design_predict/download-github-repos/mvvm/repos/ListViewWithImages-master/app/src/main/java/com/dhananjay/listviewwithimages/ui/mainactivity/MainActivityFragment.java,com.dhananjay.listviewwithimages.ui.mainactivity.MainActivityFragment,renderSuccessResponse/1[com.dhananjay.listviewwithimages.models.Response],false,152,2,4,1,3,5,10,17,0,0,1,10,0,0,0,4,0,0,1,0,1,0,3,0,0,0,9,2,0,false
/home/arch_design_predict/download-github-repos/mvvm/repos/ListViewWithImages-master/app/src/main/java/com/dhananjay/listviewwithimages/ui/mainactivity/MainActivityFragment.java,com.dhananjay.listviewwithimages.ui.mainactivity.MainActivityFragment,onActivityCreated/1[com.dhananjay.listviewwithimages.ui.mainactivity.Bundle],false,75,6,2,0,2,1,9,20,0,0,1,9,1,2,0,0,0,0,0,0,1,0,0,2,0,0,24,1,0,false
/home/arch_design_predict/download-github-repos/mvvm/repos/ListViewWithImages-master/app/src/main/java/com/dhananjay/listviewwithimages/ui/mainactivity/MainActivityFragment.java,com.dhananjay.listviewwithimages.ui.mainactivity.MainActivityFragment,loadData/1[com.dhananjay.listviewwithimages.ui.mainactivity.Context],false,113,3,4,2,2,2,7,8,0,0,1,7,1,1,0,0,0,0,0,0,0,0,1,0,0,0,9,2,0,false
/home/arch_design_predict/download-github-repos/mvvm/repos/ListViewWithImages-master/app/src/main/java/com/dhananjay/listviewwithimages/ui/mainactivity/MainActivityFragment.java,com.dhananjay.listviewwithimages.ui.mainactivity.MainActivityFragment,"onCreateView/3[com.dhananjay.listviewwithimages.ui.mainactivity.LayoutInflater,com.dhananjay.listviewwithimages.ui.mainactivity.ViewGroup,com.dhananjay.listviewwithimages.ui.mainactivity.Bundle]",false,60,9,1,0,1,1,7,10,1,1,3,7,0,0,0,0,0,0,0,0,4,0,0,0,0,0,24,1,0,false
/home/arch_design_predict/download-github-repos/mvvm/repos/ListViewWithImages-master/app/src/main/java/com/dhananjay/listviewwithimages/api/ApiResponse.java,com.dhananjay.listviewwithimages.api.ApiResponse,success/1[com.dhananjay.listviewwithimages.models.Response],false,31,3,2,1,1,1,0,3,1,0,1,0,0,0,0,0,0,0,0,0,0,0,0,0,0,0,4,9,0,false
/home/arch_design_predict/download-github-repos/mvvm/repos/ListViewWithImages-master/app/src/main/java/com/dhananjay/listviewwithimages/api/ApiResponse.java,com.dhananjay.listviewwithimages.api.ApiResponse,"ApiResponse/3[com.dhananjay.listviewwithimages.enums.Status,com.dhananjay.listviewwithimages.models.Response,java.lang.Throwable]",true,21,3,3,3,0,1,0,5,0,0,3,0,0,0,0,0,0,0,0,0,3,0,0,0,0,0,7,2,0,false
/home/arch_design_predict/download-github-repos/mvvm/repos/ListViewWithImages-master/app/src/main/java/com/dhananjay/listviewwithimages/api/ApiResponse.java,com.dhananjay.listviewwithimages.api.ApiResponse,loading/0,false,27,1,2,1,1,1,0,3,1,0,0,0,0,0,0,0,0,0,0,0,0,0,0,0,0,0,3,9,0,false
/home/arch_design_predict/download-github-repos/mvvm/repos/ListViewWithImages-master/app/src/main/java/com/dhananjay/listviewwithimages/api/ApiResponse.java,com.dhananjay.listviewwithimages.api.ApiResponse,error/1[java.lang.Throwable],false,35,2,2,1,1,1,0,3,1,0,1,0,0,0,0,0,0,0,0,0,0,0,0,0,0,0,4,9,0,false
/home/arch_design_predict/download-github-repos/mvvm/repos/ListViewWithImages-master/app/src/main/java/com/dhananjay/listviewwithimages/ui/mainactivity/MainActivityViewModel.java,com.dhananjay.listviewwithimages.ui.mainactivity.MainActivityViewModel,MainActivityViewModel/0,true,23,0,0,0,0,1,0,2,0,0,0,0,0,0,0,0,0,0,0,0,0,0,0,0,0,0,4,1,0,false
/home/arch_design_predict/download-github-repos/mvvm/repos/ListViewWithImages-master/app/src/main/java/com/dhananjay/listviewwithimages/ui/mainactivity/MainActivityViewModel.java,com.dhananjay.listviewwithimages.ui.mainactivity.MainActivityViewModel,response/0,false,30,2,1,1,0,1,0,3,1,0,0,0,0,0,0,0,0,0,0,0,0,0,0,0,0,0,3,1,0,false
/home/arch_design_predict/download-github-repos/mvvm/repos/ListViewWithImages-master/app/src/main/java/com/dhananjay/listviewwithimages/ui/mainactivity/MainActivityViewModel.java,com.dhananjay.listviewwithimages.ui.mainactivity.MainActivityViewModel,onCleared/0,false,65,0,0,0,0,1,1,3,0,0,0,1,0,0,0,0,0,0,0,0,0,0,0,0,0,0,2,4,0,false
/home/arch_design_predict/download-github-repos/mvvm/repos/ListViewWithImages-master/app/src/main/java/com/dhananjay/listviewwithimages/ui/mainactivity/MainActivityViewModel.java,com.dhananjay.listviewwithimages.ui.mainactivity.MainActivityViewModel,getResponse/0,false,37,2,2,1,1,1,8,18,0,0,0,8,0,0,0,0,0,0,0,0,0,0,0,3,0,0,9,1,0,false
/home/arch_design_predict/download-github-repos/mvvm/repos/ListViewWithImages-master/app/src/main/java/com/dhananjay/listviewwithimages/ui/mainactivity/MainActivityViewModel.java,com.dhananjay.listviewwithimages.ui.mainactivity.MainActivityViewModel,MainActivityViewModel/1[com.dhananjay.listviewwithimages.repository.Repository],true,26,1,1,1,0,1,0,3,0,0,1,0,0,0,0,0,0,0,0,0,1,0,0,0,0,0,6,1,0,false
