file,class,method,constructor,line,cbo,cboModified,fanin,fanout,wmc,rfc,loc,returnsQty,variablesQty,parametersQty,methodsInvokedQty,methodsInvokedLocalQty,methodsInvokedIndirectLocalQty,loopQty,comparisonsQty,tryCatchQty,parenthesizedExpsQty,stringLiteralsQty,numbersQty,assignmentsQty,mathOperationsQty,maxNestedBlocksQty,anonymousClassesQty,innerClassesQty,lambdasQty,uniqueWordsQty,modifiers,logStatementsQty,hasJavaDoc
/home/arch_design_predict/download-github-repos/mvp/repos/MVP_Pattern_Android-master/weatherapi/MainActivity.java,com.darayuth.weatherapi.MainActivity,"switchtActivity/2[java.lang.String,java.lang.String]",false,51,2,0,0,0,1,2,6,0,1,2,2,0,0,0,0,0,0,2,0,1,0,0,0,0,0,6,1,0,false
/home/arch_design_predict/download-github-repos/mvp/repos/MVP_Pattern_Android-master/weatherapi/MainActivity.java,com.darayuth.weatherapi.MainActivity,showError/0,false,36,0,0,0,0,1,2,3,0,0,0,2,0,0,0,0,0,0,1,0,0,0,0,0,0,0,2,1,0,false
/home/arch_design_predict/download-github-repos/mvp/repos/MVP_Pattern_Android-master/weatherapi/MainActivity.java,com.darayuth.weatherapi.MainActivity,showMessage/0,false,31,0,0,0,0,1,2,3,0,0,0,2,0,0,0,0,0,0,1,0,0,0,0,0,0,0,2,1,0,false
/home/arch_design_predict/download-github-repos/mvp/repos/MVP_Pattern_Android-master/weatherapi/MainActivity.java,com.darayuth.weatherapi.MainActivity,onCreate/1[com.darayuth.weatherapi.Bundle],false,22,2,1,0,1,1,4,7,0,0,1,4,0,0,0,0,0,0,0,0,2,0,0,0,0,0,16,4,0,false
/home/arch_design_predict/download-github-repos/mvp/repos/MVP_Pattern_Android-master/weatherapi/MainActivity.java,com.darayuth.weatherapi.MainActivity,onClick/1[com.darayuth.weatherapi.View],false,41,2,1,0,1,2,3,8,0,0,1,3,0,0,0,0,0,0,1,0,0,0,1,0,0,0,5,1,0,false
/home/arch_design_predict/download-github-repos/mvp/repos/MVP_Pattern_Android-master/weatherapi/secondActivtiy.java,com.darayuth.weatherapi.secondActivtiy,display/0,false,30,1,1,1,0,1,3,7,0,3,0,3,0,0,0,0,0,0,2,0,3,0,0,0,0,0,9,1,0,false
/home/arch_design_predict/download-github-repos/mvp/repos/MVP_Pattern_Android-master/weatherapi/secondActivtiy.java,com.darayuth.weatherapi.secondActivtiy,init/0,false,25,1,1,1,0,1,1,4,0,0,0,1,0,0,0,0,0,0,0,0,2,0,0,0,0,0,10,1,0,false
/home/arch_design_predict/download-github-repos/mvp/repos/MVP_Pattern_Android-master/weatherapi/secondActivtiy.java,com.darayuth.weatherapi.secondActivtiy,onCreate/1[com.darayuth.weatherapi.Bundle],false,19,2,2,0,2,1,4,6,0,0,1,4,2,1,0,0,0,0,0,0,0,0,0,0,0,0,11,4,0,false
/home/arch_design_predict/download-github-repos/mvp/repos/MVP_Pattern_Android-master/weatherapi/Presenter/weatherPresenter.java,com.darayuth.weatherapi.Presenter.weatherPresenter,weatherPresenter/1[com.darayuth.weatherapi.contract.WeatherContract.View],true,15,2,2,1,1,1,0,4,0,0,1,0,0,0,0,0,0,0,0,0,2,0,0,0,0,0,4,1,0,false
/home/arch_design_predict/download-github-repos/mvp/repos/MVP_Pattern_Android-master/weatherapi/Presenter/weatherPresenter.java,com.darayuth.weatherapi.Presenter.weatherPresenter,loadApi/0,false,21,1,1,0,1,1,1,4,0,1,0,1,0,0,0,0,0,0,1,0,1,0,0,0,0,0,7,1,0,false
/home/arch_design_predict/download-github-repos/mvp/repos/MVP_Pattern_Android-master/weatherapi/contract/WeatherContract.java,com.darayuth.weatherapi.contract.WeatherContract$Presenter,loadApi/0,false,13,0,1,1,0,1,0,1,0,0,0,0,0,0,0,0,0,0,0,0,0,0,0,0,0,0,2,0,0,false
/home/arch_design_predict/download-github-repos/mvp/repos/MVP_Pattern_Android-master/weatherapi/model/Weather.java,com.darayuth.weatherapi.model.Weather,"Weather/2[java.lang.String,int]",true,12,0,0,0,0,1,0,4,0,0,2,0,0,0,0,0,0,0,0,0,2,0,0,0,0,0,3,1,0,false
/home/arch_design_predict/download-github-repos/mvp/repos/MVP_Pattern_Android-master/weatherapi/model/Weather.java,com.darayuth.weatherapi.model.Weather,getCloud/0,false,25,0,0,0,0,1,0,3,1,0,0,0,0,0,0,0,0,0,0,0,0,0,0,0,0,0,3,1,0,false
/home/arch_design_predict/download-github-repos/mvp/repos/MVP_Pattern_Android-master/weatherapi/model/Weather.java,com.darayuth.weatherapi.model.Weather,Weather/0,true,10,0,1,1,0,1,0,2,0,0,0,0,0,0,0,0,0,0,0,0,0,0,0,0,0,0,1,1,0,false
/home/arch_design_predict/download-github-repos/mvp/repos/MVP_Pattern_Android-master/weatherapi/model/Weather.java,com.darayuth.weatherapi.model.Weather,getTemp/0,false,17,0,0,0,0,1,0,3,1,0,0,0,0,0,0,0,0,0,0,0,0,0,0,0,0,0,3,1,0,false
/home/arch_design_predict/download-github-repos/mvp/repos/MVP_Pattern_Android-master/weatherapi/model/Weather.java,com.darayuth.weatherapi.model.Weather,setTemp/1[java.lang.String],false,21,0,0,0,0,1,0,3,0,0,1,0,0,0,0,0,0,0,0,0,1,0,0,0,0,0,3,1,0,false
/home/arch_design_predict/download-github-repos/mvp/repos/MVP_Pattern_Android-master/weatherapi/model/Weather.java,com.darayuth.weatherapi.model.Weather,setCloud/1[int],false,29,0,0,0,0,1,0,3,0,0,1,0,0,0,0,0,0,0,0,0,1,0,0,0,0,0,3,1,0,false
/home/arch_design_predict/download-github-repos/mvp/repos/MVP_Pattern_Android-master/weatherapi/service/RequestApi.java,com.darayuth.weatherapi.service.RequestApi,init/1[java.lang.String],false,50,0,1,1,0,5,10,26,2,6,1,10,0,0,1,1,1,1,4,0,6,4,2,0,0,0,28,1,0,false
/home/arch_design_predict/download-github-repos/mvp/repos/MVP_Pattern_Android-master/weatherapi/service/RequestApi.java,com.darayuth.weatherapi.service.RequestApi,RequestApi/1[com.darayuth.weatherapi.contract.WeatherContract.View],true,22,1,1,1,0,1,0,3,0,0,1,0,0,0,0,0,0,0,0,0,1,0,0,0,0,0,3,1,0,false
/home/arch_design_predict/download-github-repos/mvp/repos/MVP_Pattern_Android-master/weatherapi/service/RequestApi.java,com.darayuth.weatherapi.service.RequestApi,doInBackground/1[java.lang.String[]],false,45,1,1,0,1,1,1,4,1,1,1,1,1,1,0,0,0,0,0,1,1,0,0,0,0,0,6,4,0,false
/home/arch_design_predict/download-github-repos/mvp/repos/MVP_Pattern_Android-master/weatherapi/service/RequestApi.java,com.darayuth.weatherapi.service.RequestApi,onPostExecute/1[java.lang.String],false,26,2,1,0,1,2,7,15,0,4,1,7,0,0,0,0,1,0,5,0,4,0,1,0,0,0,15,4,0,false
/home/arch_design_predict/download-github-repos/mvp/repos/MVP_Pattern_Android-master/weatherapi/contract/WeatherContract.java,com.darayuth.weatherapi.contract.WeatherContract$View,showMessage/0,false,7,0,0,0,0,1,0,1,0,0,0,0,0,0,0,0,0,0,0,0,0,0,0,0,0,0,2,0,0,false
/home/arch_design_predict/download-github-repos/mvp/repos/MVP_Pattern_Android-master/weatherapi/contract/WeatherContract.java,com.darayuth.weatherapi.contract.WeatherContract$View,showError/0,false,8,0,0,0,0,1,0,1,0,0,0,0,0,0,0,0,0,0,0,0,0,0,0,0,0,0,2,0,0,false
/home/arch_design_predict/download-github-repos/mvp/repos/MVP_Pattern_Android-master/weatherapi/contract/WeatherContract.java,com.darayuth.weatherapi.contract.WeatherContract$View,"switchtActivity/2[java.lang.String,java.lang.String]",false,9,0,1,1,0,1,0,1,0,0,2,0,0,0,0,0,0,0,0,0,0,0,0,0,0,0,3,0,0,false
