file,class,method,variable,usage
/home/arch_design_predict/download-github-repos/mvvm/repos/MVVM_android-master/app/src/main/java/com/example/mvvm_example/NoteRepository.java,com.example.mvvm_example.NoteRepository$DeleteNoteAsyncTask,DeleteNoteAsyncTask/1[com.example.mvvm_example.Note_DAO],note_dao,3
/home/arch_design_predict/download-github-repos/mvvm/repos/MVVM_android-master/app/src/main/java/com/example/mvvm_example/NoteRepository.java,com.example.mvvm_example.NoteRepository$DeleteNoteAsyncTask,doInBackground/1[com.example.mvvm_example.Note[]],note_dao,1
/home/arch_design_predict/download-github-repos/mvvm/repos/MVVM_android-master/app/src/main/java/com/example/mvvm_example/NoteAdapter.java,com.example.mvvm_example.NoteAdapter$NoteHolder,NoteHolder/1[com.example.mvvm_example.View],description,1
/home/arch_design_predict/download-github-repos/mvvm/repos/MVVM_android-master/app/src/main/java/com/example/mvvm_example/NoteAdapter.java,com.example.mvvm_example.NoteAdapter$NoteHolder,NoteHolder/1[com.example.mvvm_example.View],title,1
/home/arch_design_predict/download-github-repos/mvvm/repos/MVVM_android-master/app/src/main/java/com/example/mvvm_example/NoteAdapter.java,com.example.mvvm_example.NoteAdapter$NoteHolder,NoteHolder/1[com.example.mvvm_example.View],priority,1
/home/arch_design_predict/download-github-repos/mvvm/repos/MVVM_android-master/app/src/main/java/com/example/mvvm_example/NoteRepository.java,com.example.mvvm_example.NoteRepository$DeleteAllNoteAsyncTask,DeleteAllNoteAsyncTask/1[com.example.mvvm_example.Note_DAO],note_dao,3
/home/arch_design_predict/download-github-repos/mvvm/repos/MVVM_android-master/app/src/main/java/com/example/mvvm_example/NoteRepository.java,com.example.mvvm_example.NoteRepository$DeleteAllNoteAsyncTask,doInBackground/1[java.lang.Void[]],note_dao,1
/home/arch_design_predict/download-github-repos/mvvm/repos/MVVM_android-master/app/src/main/java/com/example/mvvm_example/Note.java,com.example.mvvm_example.Note,setId/1[int],id,3
/home/arch_design_predict/download-github-repos/mvvm/repos/MVVM_android-master/app/src/main/java/com/example/mvvm_example/Note.java,com.example.mvvm_example.Note,getPriority/0,priority,1
/home/arch_design_predict/download-github-repos/mvvm/repos/MVVM_android-master/app/src/main/java/com/example/mvvm_example/Note.java,com.example.mvvm_example.Note,getId/0,id,1
/home/arch_design_predict/download-github-repos/mvvm/repos/MVVM_android-master/app/src/main/java/com/example/mvvm_example/Note.java,com.example.mvvm_example.Note,getTitle/0,title,1
/home/arch_design_predict/download-github-repos/mvvm/repos/MVVM_android-master/app/src/main/java/com/example/mvvm_example/Note.java,com.example.mvvm_example.Note,"Note/3[java.lang.String,java.lang.String,int]",description,3
/home/arch_design_predict/download-github-repos/mvvm/repos/MVVM_android-master/app/src/main/java/com/example/mvvm_example/Note.java,com.example.mvvm_example.Note,"Note/3[java.lang.String,java.lang.String,int]",title,3
/home/arch_design_predict/download-github-repos/mvvm/repos/MVVM_android-master/app/src/main/java/com/example/mvvm_example/Note.java,com.example.mvvm_example.Note,"Note/3[java.lang.String,java.lang.String,int]",priority,3
/home/arch_design_predict/download-github-repos/mvvm/repos/MVVM_android-master/app/src/main/java/com/example/mvvm_example/Note.java,com.example.mvvm_example.Note,getDescription/0,description,1
/home/arch_design_predict/download-github-repos/mvvm/repos/MVVM_android-master/app/src/main/java/com/example/mvvm_example/NoteAdapter.java,com.example.mvvm_example.NoteAdapter,setOnItemClickListener/1[com.example.mvvm_example.NoteAdapter.onItemClickListener],listener,3
/home/arch_design_predict/download-github-repos/mvvm/repos/MVVM_android-master/app/src/main/java/com/example/mvvm_example/NoteDB.java,com.example.mvvm_example.NoteDB,getInstance/1[com.example.mvvm_example.Context],instance,3
/home/arch_design_predict/download-github-repos/mvvm/repos/MVVM_android-master/app/src/main/java/com/example/mvvm_example/NoteDB.java,com.example.mvvm_example.NoteDB,getInstance/1[com.example.mvvm_example.Context],roomCallBack,1
/home/arch_design_predict/download-github-repos/mvvm/repos/MVVM_android-master/app/src/main/java/com/example/mvvm_example/NoteRepository.java,com.example.mvvm_example.NoteRepository$InsertNoteAsyncTask,doInBackground/1[com.example.mvvm_example.Note[]],note_dao,1
/home/arch_design_predict/download-github-repos/mvvm/repos/MVVM_android-master/app/src/main/java/com/example/mvvm_example/NoteRepository.java,com.example.mvvm_example.NoteRepository$InsertNoteAsyncTask,InsertNoteAsyncTask/1[com.example.mvvm_example.Note_DAO],note_dao,3
/home/arch_design_predict/download-github-repos/mvvm/repos/MVVM_android-master/app/src/main/java/com/example/mvvm_example/MainActivity.java,com.example.mvvm_example.MainActivity,"onActivityResult/3[int,int,com.example.mvvm_example.Intent]",ADD_NOTE_REQUEST,1
/home/arch_design_predict/download-github-repos/mvvm/repos/MVVM_android-master/app/src/main/java/com/example/mvvm_example/MainActivity.java,com.example.mvvm_example.MainActivity,"onActivityResult/3[int,int,com.example.mvvm_example.Intent]",Edit_NOTE_REQUEST,1
/home/arch_design_predict/download-github-repos/mvvm/repos/MVVM_android-master/app/src/main/java/com/example/mvvm_example/MainActivity.java,com.example.mvvm_example.MainActivity,"onActivityResult/3[int,int,com.example.mvvm_example.Intent]",noteViewModel,2
/home/arch_design_predict/download-github-repos/mvvm/repos/MVVM_android-master/app/src/main/java/com/example/mvvm_example/MainActivity.java,com.example.mvvm_example.MainActivity,onOptionsItemSelected/1[com.example.mvvm_example.MenuItem],noteViewModel,1
/home/arch_design_predict/download-github-repos/mvvm/repos/MVVM_android-master/app/src/main/java/com/example/mvvm_example/MainActivity.java,com.example.mvvm_example.MainActivity,onCreate/1[com.example.mvvm_example.Bundle],noteViewModel,2
/home/arch_design_predict/download-github-repos/mvvm/repos/MVVM_android-master/app/src/main/java/com/example/mvvm_example/NoteViewModel.java,com.example.mvvm_example.NoteViewModel,update/1[com.example.mvvm_example.Note],repository,1
/home/arch_design_predict/download-github-repos/mvvm/repos/MVVM_android-master/app/src/main/java/com/example/mvvm_example/NoteViewModel.java,com.example.mvvm_example.NoteViewModel,insert/1[com.example.mvvm_example.Note],repository,1
/home/arch_design_predict/download-github-repos/mvvm/repos/MVVM_android-master/app/src/main/java/com/example/mvvm_example/NoteViewModel.java,com.example.mvvm_example.NoteViewModel,NoteViewModel/1[com.example.mvvm_example.Application],repository,2
/home/arch_design_predict/download-github-repos/mvvm/repos/MVVM_android-master/app/src/main/java/com/example/mvvm_example/NoteViewModel.java,com.example.mvvm_example.NoteViewModel,NoteViewModel/1[com.example.mvvm_example.Application],allNotes,1
/home/arch_design_predict/download-github-repos/mvvm/repos/MVVM_android-master/app/src/main/java/com/example/mvvm_example/NoteViewModel.java,com.example.mvvm_example.NoteViewModel,delete/1[com.example.mvvm_example.Note],repository,1
/home/arch_design_predict/download-github-repos/mvvm/repos/MVVM_android-master/app/src/main/java/com/example/mvvm_example/NoteViewModel.java,com.example.mvvm_example.NoteViewModel,deleteAll/0,repository,1
/home/arch_design_predict/download-github-repos/mvvm/repos/MVVM_android-master/app/src/main/java/com/example/mvvm_example/NoteViewModel.java,com.example.mvvm_example.NoteViewModel,getAllNotes/0,allNotes,1
/home/arch_design_predict/download-github-repos/mvvm/repos/MVVM_android-master/app/src/main/java/com/example/mvvm_example/NoteRepository.java,com.example.mvvm_example.NoteRepository,getAllNotes/0,allNotes,1
/home/arch_design_predict/download-github-repos/mvvm/repos/MVVM_android-master/app/src/main/java/com/example/mvvm_example/NoteRepository.java,com.example.mvvm_example.NoteRepository,insert/1[com.example.mvvm_example.Note],note_dao,1
/home/arch_design_predict/download-github-repos/mvvm/repos/MVVM_android-master/app/src/main/java/com/example/mvvm_example/NoteRepository.java,com.example.mvvm_example.NoteRepository,delete/1[com.example.mvvm_example.Note],note_dao,1
/home/arch_design_predict/download-github-repos/mvvm/repos/MVVM_android-master/app/src/main/java/com/example/mvvm_example/NoteRepository.java,com.example.mvvm_example.NoteRepository,NoteRepository/1[com.example.mvvm_example.Application],note_dao,3
/home/arch_design_predict/download-github-repos/mvvm/repos/MVVM_android-master/app/src/main/java/com/example/mvvm_example/NoteRepository.java,com.example.mvvm_example.NoteRepository,NoteRepository/1[com.example.mvvm_example.Application],allNotes,1
/home/arch_design_predict/download-github-repos/mvvm/repos/MVVM_android-master/app/src/main/java/com/example/mvvm_example/NoteRepository.java,com.example.mvvm_example.NoteRepository,update/1[com.example.mvvm_example.Note],note_dao,1
/home/arch_design_predict/download-github-repos/mvvm/repos/MVVM_android-master/app/src/main/java/com/example/mvvm_example/NoteRepository.java,com.example.mvvm_example.NoteRepository,deleteAllNotes/0,note_dao,1
/home/arch_design_predict/download-github-repos/mvvm/repos/MVVM_android-master/app/src/main/java/com/example/mvvm_example/NoteDB.java,com.example.mvvm_example.NoteDB$PopulateDBAsyncTask,doInBackground/1[java.lang.Void[]],note_dao,3
/home/arch_design_predict/download-github-repos/mvvm/repos/MVVM_android-master/app/src/main/java/com/example/mvvm_example/NoteDB.java,com.example.mvvm_example.NoteDB$PopulateDBAsyncTask,PopulateDBAsyncTask/1[com.example.mvvm_example.NoteDB],note_dao,2
/home/arch_design_predict/download-github-repos/mvvm/repos/MVVM_android-master/app/src/main/java/com/example/mvvm_example/NoteRepository.java,com.example.mvvm_example.NoteRepository$UpdateNoteAsyncTask,doInBackground/1[com.example.mvvm_example.Note[]],note_dao,1
/home/arch_design_predict/download-github-repos/mvvm/repos/MVVM_android-master/app/src/main/java/com/example/mvvm_example/NoteRepository.java,com.example.mvvm_example.NoteRepository$UpdateNoteAsyncTask,UpdateNoteAsyncTask/1[com.example.mvvm_example.Note_DAO],note_dao,3
/home/arch_design_predict/download-github-repos/mvvm/repos/MVVM_android-master/app/src/main/java/com/example/mvvm_example/AddEditNoteActivity.java,com.example.mvvm_example.AddEditNoteActivity,onCreate/1[com.example.mvvm_example.Bundle],numberPickerPriority,4
/home/arch_design_predict/download-github-repos/mvvm/repos/MVVM_android-master/app/src/main/java/com/example/mvvm_example/AddEditNoteActivity.java,com.example.mvvm_example.AddEditNoteActivity,onCreate/1[com.example.mvvm_example.Bundle],EXTRA_TITLE,1
/home/arch_design_predict/download-github-repos/mvvm/repos/MVVM_android-master/app/src/main/java/com/example/mvvm_example/AddEditNoteActivity.java,com.example.mvvm_example.AddEditNoteActivity,onCreate/1[com.example.mvvm_example.Bundle],editTextTitle,2
/home/arch_design_predict/download-github-repos/mvvm/repos/MVVM_android-master/app/src/main/java/com/example/mvvm_example/AddEditNoteActivity.java,com.example.mvvm_example.AddEditNoteActivity,onCreate/1[com.example.mvvm_example.Bundle],EXTRA_ID,1
/home/arch_design_predict/download-github-repos/mvvm/repos/MVVM_android-master/app/src/main/java/com/example/mvvm_example/AddEditNoteActivity.java,com.example.mvvm_example.AddEditNoteActivity,onCreate/1[com.example.mvvm_example.Bundle],EXTRA_PRIORITY,1
/home/arch_design_predict/download-github-repos/mvvm/repos/MVVM_android-master/app/src/main/java/com/example/mvvm_example/AddEditNoteActivity.java,com.example.mvvm_example.AddEditNoteActivity,onCreate/1[com.example.mvvm_example.Bundle],editTextDescription,2
/home/arch_design_predict/download-github-repos/mvvm/repos/MVVM_android-master/app/src/main/java/com/example/mvvm_example/AddEditNoteActivity.java,com.example.mvvm_example.AddEditNoteActivity,onCreate/1[com.example.mvvm_example.Bundle],EXTRA_DESCRIPTION,1
/home/arch_design_predict/download-github-repos/mvvm/repos/MVVM_android-master/app/src/main/java/com/example/mvvm_example/AddEditNoteActivity.java,com.example.mvvm_example.AddEditNoteActivity,saveNote/0,numberPickerPriority,1
/home/arch_design_predict/download-github-repos/mvvm/repos/MVVM_android-master/app/src/main/java/com/example/mvvm_example/AddEditNoteActivity.java,com.example.mvvm_example.AddEditNoteActivity,saveNote/0,EXTRA_TITLE,1
/home/arch_design_predict/download-github-repos/mvvm/repos/MVVM_android-master/app/src/main/java/com/example/mvvm_example/AddEditNoteActivity.java,com.example.mvvm_example.AddEditNoteActivity,saveNote/0,editTextTitle,1
/home/arch_design_predict/download-github-repos/mvvm/repos/MVVM_android-master/app/src/main/java/com/example/mvvm_example/AddEditNoteActivity.java,com.example.mvvm_example.AddEditNoteActivity,saveNote/0,EXTRA_PRIORITY,1
/home/arch_design_predict/download-github-repos/mvvm/repos/MVVM_android-master/app/src/main/java/com/example/mvvm_example/AddEditNoteActivity.java,com.example.mvvm_example.AddEditNoteActivity,saveNote/0,EXTRA_ID,2
/home/arch_design_predict/download-github-repos/mvvm/repos/MVVM_android-master/app/src/main/java/com/example/mvvm_example/AddEditNoteActivity.java,com.example.mvvm_example.AddEditNoteActivity,saveNote/0,editTextDescription,1
/home/arch_design_predict/download-github-repos/mvvm/repos/MVVM_android-master/app/src/main/java/com/example/mvvm_example/AddEditNoteActivity.java,com.example.mvvm_example.AddEditNoteActivity,saveNote/0,EXTRA_DESCRIPTION,1
