file,class,method,variable,usage
/home/arch_design_predict/download-github-repos/mvvm/repos/mvvm_android-master/app/src/main/java/com/chetu/mvvm/model/Game.java,com.chetu.mvvm.model.Game,"Game/2[java.lang.String,java.lang.String]",cells,1
/home/arch_design_predict/download-github-repos/mvvm/repos/mvvm_android-master/app/src/main/java/com/chetu/mvvm/model/Game.java,com.chetu.mvvm.model.Game,"Game/2[java.lang.String,java.lang.String]",player1,2
/home/arch_design_predict/download-github-repos/mvvm/repos/mvvm_android-master/app/src/main/java/com/chetu/mvvm/model/Game.java,com.chetu.mvvm.model.Game,"Game/2[java.lang.String,java.lang.String]",player2,1
/home/arch_design_predict/download-github-repos/mvvm/repos/mvvm_android-master/app/src/main/java/com/chetu/mvvm/model/Game.java,com.chetu.mvvm.model.Game,"Game/2[java.lang.String,java.lang.String]",currentPlayer,1
/home/arch_design_predict/download-github-repos/mvvm/repos/mvvm_android-master/app/src/main/java/com/chetu/mvvm/model/Game.java,com.chetu.mvvm.model.Game,"Game/2[java.lang.String,java.lang.String]",BOARD_SIZE,2
/home/arch_design_predict/download-github-repos/mvvm/repos/mvvm_android-master/app/src/main/java/com/chetu/mvvm/model/Game.java,com.chetu.mvvm.model.Game,hasGameEnded/0,winner,2
/home/arch_design_predict/download-github-repos/mvvm/repos/mvvm_android-master/app/src/main/java/com/chetu/mvvm/model/Game.java,com.chetu.mvvm.model.Game,hasGameEnded/0,currentPlayer,1
/home/arch_design_predict/download-github-repos/mvvm/repos/mvvm_android-master/app/src/main/java/com/chetu/mvvm/model/Game.java,com.chetu.mvvm.model.Game,hasThreeSameVerticalCells/0,cells,3
/home/arch_design_predict/download-github-repos/mvvm/repos/mvvm_android-master/app/src/main/java/com/chetu/mvvm/model/Game.java,com.chetu.mvvm.model.Game,hasThreeSameVerticalCells/0,BOARD_SIZE,1
/home/arch_design_predict/download-github-repos/mvvm/repos/mvvm_android-master/app/src/main/java/com/chetu/mvvm/model/Game.java,com.chetu.mvvm.model.Game,hasThreeSameVerticalCells/0,TAG,1
/home/arch_design_predict/download-github-repos/mvvm/repos/mvvm_android-master/app/src/main/java/com/chetu/mvvm/model/Game.java,com.chetu.mvvm.model.Game,areEqual/1[com.chetu.mvvm.model.Cell[]],cells,5
/home/arch_design_predict/download-github-repos/mvvm/repos/mvvm_android-master/app/src/main/java/com/chetu/mvvm/model/Game.java,com.chetu.mvvm.model.Game,isBoardFull/0,cells,1
/home/arch_design_predict/download-github-repos/mvvm/repos/mvvm_android-master/app/src/main/java/com/chetu/mvvm/model/Game.java,com.chetu.mvvm.model.Game,switchPlayer/0,player1,2
/home/arch_design_predict/download-github-repos/mvvm/repos/mvvm_android-master/app/src/main/java/com/chetu/mvvm/model/Game.java,com.chetu.mvvm.model.Game,switchPlayer/0,currentPlayer,2
/home/arch_design_predict/download-github-repos/mvvm/repos/mvvm_android-master/app/src/main/java/com/chetu/mvvm/model/Game.java,com.chetu.mvvm.model.Game,switchPlayer/0,player2,1
/home/arch_design_predict/download-github-repos/mvvm/repos/mvvm_android-master/app/src/main/java/com/chetu/mvvm/model/Game.java,com.chetu.mvvm.model.Game,reset/0,cells,1
/home/arch_design_predict/download-github-repos/mvvm/repos/mvvm_android-master/app/src/main/java/com/chetu/mvvm/model/Game.java,com.chetu.mvvm.model.Game,reset/0,player1,1
/home/arch_design_predict/download-github-repos/mvvm/repos/mvvm_android-master/app/src/main/java/com/chetu/mvvm/model/Game.java,com.chetu.mvvm.model.Game,reset/0,player2,1
/home/arch_design_predict/download-github-repos/mvvm/repos/mvvm_android-master/app/src/main/java/com/chetu/mvvm/model/Game.java,com.chetu.mvvm.model.Game,reset/0,currentPlayer,1
/home/arch_design_predict/download-github-repos/mvvm/repos/mvvm_android-master/app/src/main/java/com/chetu/mvvm/model/Game.java,com.chetu.mvvm.model.Game,Game/0,cells,1
/home/arch_design_predict/download-github-repos/mvvm/repos/mvvm_android-master/app/src/main/java/com/chetu/mvvm/model/Game.java,com.chetu.mvvm.model.Game,Game/0,player1,2
/home/arch_design_predict/download-github-repos/mvvm/repos/mvvm_android-master/app/src/main/java/com/chetu/mvvm/model/Game.java,com.chetu.mvvm.model.Game,Game/0,player2,1
/home/arch_design_predict/download-github-repos/mvvm/repos/mvvm_android-master/app/src/main/java/com/chetu/mvvm/model/Game.java,com.chetu.mvvm.model.Game,Game/0,currentPlayer,1
/home/arch_design_predict/download-github-repos/mvvm/repos/mvvm_android-master/app/src/main/java/com/chetu/mvvm/model/Game.java,com.chetu.mvvm.model.Game,Game/0,BOARD_SIZE,2
/home/arch_design_predict/download-github-repos/mvvm/repos/mvvm_android-master/app/src/main/java/com/chetu/mvvm/model/Game.java,com.chetu.mvvm.model.Game,hasThreeSameDiagonalCells/0,cells,6
/home/arch_design_predict/download-github-repos/mvvm/repos/mvvm_android-master/app/src/main/java/com/chetu/mvvm/model/Game.java,com.chetu.mvvm.model.Game,hasThreeSameDiagonalCells/0,TAG,1
/home/arch_design_predict/download-github-repos/mvvm/repos/mvvm_android-master/app/src/main/java/com/chetu/mvvm/model/Game.java,com.chetu.mvvm.model.Game,hasThreeSameHorizontalCells/0,cells,3
/home/arch_design_predict/download-github-repos/mvvm/repos/mvvm_android-master/app/src/main/java/com/chetu/mvvm/model/Game.java,com.chetu.mvvm.model.Game,hasThreeSameHorizontalCells/0,BOARD_SIZE,1
/home/arch_design_predict/download-github-repos/mvvm/repos/mvvm_android-master/app/src/main/java/com/chetu/mvvm/model/Game.java,com.chetu.mvvm.model.Game,hasThreeSameHorizontalCells/0,TAG,1
/home/arch_design_predict/download-github-repos/mvvm/repos/mvvm_android-master/app/src/main/java/com/chetu/mvvm/GameActivity.java,com.chetu.mvvm.GameActivity,"initDataBinding/2[java.lang.String,java.lang.String]",gameViewModel,3
/home/arch_design_predict/download-github-repos/mvvm/repos/mvvm_android-master/app/src/main/java/com/chetu/mvvm/GameActivity.java,com.chetu.mvvm.GameActivity,onGameWinnerChanged/1[com.chetu.mvvm.model.Player],GAME_END_DIALOG_TAG,1
/home/arch_design_predict/download-github-repos/mvvm/repos/mvvm_android-master/app/src/main/java/com/chetu/mvvm/GameActivity.java,com.chetu.mvvm.GameActivity,onGameWinnerChanged/1[com.chetu.mvvm.model.Player],NO_WINNER,1
/home/arch_design_predict/download-github-repos/mvvm/repos/mvvm_android-master/app/src/main/java/com/chetu/mvvm/GameActivity.java,com.chetu.mvvm.GameActivity,setUpOnGameEndListener/0,gameViewModel,1
/home/arch_design_predict/download-github-repos/mvvm/repos/mvvm_android-master/app/src/main/java/com/chetu/mvvm/GameActivity.java,com.chetu.mvvm.GameActivity,promptForPlayers/0,GAME_BEGIN_DIALOG_TAG,1
/home/arch_design_predict/download-github-repos/mvvm/repos/mvvm_android-master/app/src/main/java/com/chetu/mvvm/model/Cell.java,com.chetu.mvvm.model.Cell,isEmpty/0,player,1
/home/arch_design_predict/download-github-repos/mvvm/repos/mvvm_android-master/app/src/main/java/com/chetu/mvvm/model/Cell.java,com.chetu.mvvm.model.Cell,Cell/1[com.chetu.mvvm.model.Player],player,3
/home/arch_design_predict/download-github-repos/mvvm/repos/mvvm_android-master/app/src/main/java/com/chetu/mvvm/model/Player.java,com.chetu.mvvm.model.Player,"Player/2[java.lang.String,java.lang.String]",name,3
/home/arch_design_predict/download-github-repos/mvvm/repos/mvvm_android-master/app/src/main/java/com/chetu/mvvm/model/Player.java,com.chetu.mvvm.model.Player,"Player/2[java.lang.String,java.lang.String]",value,3
/home/arch_design_predict/download-github-repos/mvvm/repos/mvvm_android-master/app/src/main/java/com/chetu/mvvm/GameViewModel.java,com.chetu.mvvm.GameViewModel,"init/2[java.lang.String,java.lang.String]",game,1
/home/arch_design_predict/download-github-repos/mvvm/repos/mvvm_android-master/app/src/main/java/com/chetu/mvvm/GameViewModel.java,com.chetu.mvvm.GameViewModel,"init/2[java.lang.String,java.lang.String]",cells,1
/home/arch_design_predict/download-github-repos/mvvm/repos/mvvm_android-master/app/src/main/java/com/chetu/mvvm/GameViewModel.java,com.chetu.mvvm.GameViewModel,"onClickedCellAt/2[int,int]",game,3
/home/arch_design_predict/download-github-repos/mvvm/repos/mvvm_android-master/app/src/main/java/com/chetu/mvvm/GameViewModel.java,com.chetu.mvvm.GameViewModel,"onClickedCellAt/2[int,int]",cells,1
