file,class,method,constructor,line,cbo,cboModified,fanin,fanout,wmc,rfc,loc,returnsQty,variablesQty,parametersQty,methodsInvokedQty,methodsInvokedLocalQty,methodsInvokedIndirectLocalQty,loopQty,comparisonsQty,tryCatchQty,parenthesizedExpsQty,stringLiteralsQty,numbersQty,assignmentsQty,mathOperationsQty,maxNestedBlocksQty,anonymousClassesQty,innerClassesQty,lambdasQty,uniqueWordsQty,modifiers,logStatementsQty,hasJavaDoc
/home/arch_design_predict/download-github-repos/mvvm/repos/mvvm_android-master/app/src/main/java/com/chetu/mvvm/model/Game.java,com.chetu.mvvm.model.Game,"Game/2[java.lang.String,java.lang.String]",true,27,2,2,1,1,1,0,6,0,0,2,0,0,0,0,0,0,0,2,0,4,0,0,0,0,0,8,1,0,false
/home/arch_design_predict/download-github-repos/mvvm/repos/mvvm_android-master/app/src/main/java/com/chetu/mvvm/model/Game.java,com.chetu.mvvm.model.Game,hasGameEnded/0,false,41,1,5,1,4,5,5,11,3,0,0,5,4,4,0,0,0,0,0,0,0,0,1,0,0,0,17,1,0,false
/home/arch_design_predict/download-github-repos/mvvm/repos/mvvm_android-master/app/src/main/java/com/chetu/mvvm/model/Game.java,com.chetu.mvvm.model.Game,hasThreeSameVerticalCells/0,false,70,1,2,1,1,4,3,10,3,1,0,3,1,1,1,0,1,0,0,4,1,0,3,0,0,0,24,1,0,false
/home/arch_design_predict/download-github-repos/mvvm/repos/mvvm_android-master/app/src/main/java/com/chetu/mvvm/model/Game.java,com.chetu.mvvm.model.Game,areEqual/1[com.chetu.mvvm.model.Cell[]],false,102,1,3,3,0,9,2,7,4,2,1,2,0,0,2,5,0,0,0,4,2,0,2,0,0,0,11,2,0,false
/home/arch_design_predict/download-github-repos/mvvm/repos/mvvm_android-master/app/src/main/java/com/chetu/mvvm/model/Game.java,com.chetu.mvvm.model.Game,isBoardFull/0,false,94,1,2,1,1,5,1,4,2,0,0,1,0,0,2,1,0,0,0,0,0,0,3,0,0,0,10,1,0,false
/home/arch_design_predict/download-github-repos/mvvm/repos/mvvm_android-master/app/src/main/java/com/chetu/mvvm/model/Game.java,com.chetu.mvvm.model.Game,switchPlayer/0,false,37,0,1,1,0,2,0,3,0,0,0,0,0,0,0,1,0,0,0,0,1,0,0,0,0,0,6,1,0,true
/home/arch_design_predict/download-github-repos/mvvm/repos/mvvm_android-master/app/src/main/java/com/chetu/mvvm/model/Game.java,com.chetu.mvvm.model.Game,reset/0,false,118,0,1,1,0,1,0,6,0,0,0,0,0,0,0,0,0,0,0,0,4,0,0,0,0,0,7,1,0,false
/home/arch_design_predict/download-github-repos/mvvm/repos/mvvm_android-master/app/src/main/java/com/chetu/mvvm/model/Game.java,com.chetu.mvvm.model.Game,Game/0,true,20,2,1,0,1,1,0,6,0,0,0,0,0,0,0,0,0,0,4,0,4,0,0,0,0,0,6,1,0,false
/home/arch_design_predict/download-github-repos/mvvm/repos/mvvm_android-master/app/src/main/java/com/chetu/mvvm/model/Game.java,com.chetu.mvvm.model.Game,hasThreeSameDiagonalCells/0,false,83,1,2,1,1,2,3,9,2,0,0,3,1,1,0,0,1,0,0,12,0,0,1,0,0,0,12,1,0,false
/home/arch_design_predict/download-github-repos/mvvm/repos/mvvm_android-master/app/src/main/java/com/chetu/mvvm/model/Game.java,com.chetu.mvvm.model.Game,hasThreeSameHorizontalCells/0,false,56,1,2,1,1,4,3,10,3,1,0,3,1,1,1,0,1,0,0,4,1,0,3,0,0,0,24,1,0,false
/home/arch_design_predict/download-github-repos/mvvm/repos/mvvm_android-master/app/src/main/java/com/chetu/mvvm/GameActivity.java,com.chetu.mvvm.GameActivity,"initDataBinding/2[java.lang.String,java.lang.String]",false,38,3,3,1,2,1,6,7,0,1,2,6,1,1,0,0,0,0,0,0,2,0,0,0,0,0,15,2,0,false
/home/arch_design_predict/download-github-repos/mvvm/repos/mvvm_android-master/app/src/main/java/com/chetu/mvvm/GameActivity.java,com.chetu.mvvm.GameActivity,"onPlayersSet/2[java.lang.String,java.lang.String]",false,34,1,1,0,1,1,1,3,0,0,2,1,1,2,0,0,0,0,0,0,0,0,0,0,0,0,7,1,0,false
/home/arch_design_predict/download-github-repos/mvvm/repos/mvvm_android-master/app/src/main/java/com/chetu/mvvm/GameActivity.java,com.chetu.mvvm.GameActivity,onGameWinnerChanged/1[com.chetu.mvvm.model.Player],false,51,4,1,0,1,3,4,5,0,2,1,4,0,0,0,1,0,0,0,0,2,0,0,0,0,0,26,1,0,false
/home/arch_design_predict/download-github-repos/mvvm/repos/mvvm_android-master/app/src/main/java/com/chetu/mvvm/GameActivity.java,com.chetu.mvvm.GameActivity,onCreate/1[com.chetu.mvvm.Bundle],false,24,2,1,0,1,1,2,4,0,0,1,2,1,1,0,0,0,0,0,0,0,0,0,0,0,0,9,4,0,false
/home/arch_design_predict/download-github-repos/mvvm/repos/mvvm_android-master/app/src/main/java/com/chetu/mvvm/GameActivity.java,com.chetu.mvvm.GameActivity,setUpOnGameEndListener/0,false,46,1,2,1,1,1,2,3,0,0,0,2,0,0,0,0,0,0,0,0,0,0,0,0,0,0,6,2,0,false
/home/arch_design_predict/download-github-repos/mvvm/repos/mvvm_android-master/app/src/main/java/com/chetu/mvvm/GameActivity.java,com.chetu.mvvm.GameActivity,promptForPlayers/0,false,29,1,1,1,0,1,3,4,0,1,0,3,0,0,0,0,0,0,0,0,1,0,0,0,0,0,11,1,0,false
/home/arch_design_predict/download-github-repos/mvvm/repos/mvvm_android-master/app/src/main/java/com/chetu/mvvm/model/Cell.java,com.chetu.mvvm.model.Cell,isEmpty/0,false,13,1,2,1,1,2,1,3,1,0,0,1,0,0,0,1,0,0,0,0,0,0,0,0,0,0,4,1,0,false
/home/arch_design_predict/download-github-repos/mvvm/repos/mvvm_android-master/app/src/main/java/com/chetu/mvvm/model/Cell.java,com.chetu.mvvm.model.Cell,Cell/1[com.chetu.mvvm.model.Player],true,9,1,1,1,0,1,0,3,0,0,1,0,0,0,0,0,0,0,0,0,1,0,0,0,0,0,3,1,0,false
/home/arch_design_predict/download-github-repos/mvvm/repos/mvvm_android-master/app/src/main/java/com/chetu/mvvm/StringUtility.java,com.chetu.mvvm.StringUtility,stringFromNumbers/1[int[]],false,5,1,1,1,0,2,2,5,1,1,1,2,0,0,1,0,0,0,0,0,1,0,1,0,0,0,8,9,0,false
/home/arch_design_predict/download-github-repos/mvvm/repos/mvvm_android-master/app/src/main/java/com/chetu/mvvm/StringUtility.java,com.chetu.mvvm.StringUtility,isNullOrEmpty/1[java.lang.String],false,14,0,2,2,0,3,1,3,1,0,1,1,0,0,0,2,0,0,0,1,0,0,0,0,0,0,6,9,0,false
/home/arch_design_predict/download-github-repos/mvvm/repos/mvvm_android-master/app/src/main/java/com/chetu/mvvm/model/Player.java,com.chetu.mvvm.model.Player,"Player/2[java.lang.String,java.lang.String]",true,8,0,2,2,0,1,0,4,0,0,2,0,0,0,0,0,0,0,0,0,2,0,0,0,0,0,3,1,0,false
/home/arch_design_predict/download-github-repos/mvvm/repos/mvvm_android-master/app/src/test/java/com/chetu/mvvm/ExampleUnitTest.java,com.chetu.mvvm.ExampleUnitTest,addition_isCorrect/0,false,14,1,0,0,0,1,1,3,0,0,0,1,0,0,0,0,0,0,0,3,0,1,0,0,0,0,5,1,0,false
/home/arch_design_predict/download-github-repos/mvvm/repos/mvvm_android-master/app/src/main/java/com/chetu/mvvm/GameViewModel.java,com.chetu.mvvm.GameViewModel,getWinner/0,false,33,3,1,1,0,1,0,3,1,0,0,0,0,0,0,0,0,0,0,0,0,0,0,0,0,0,2,1,0,false
/home/arch_design_predict/download-github-repos/mvvm/repos/mvvm_android-master/app/src/main/java/com/chetu/mvvm/GameViewModel.java,com.chetu.mvvm.GameViewModel,"init/2[java.lang.String,java.lang.String]",false,17,2,2,1,1,1,0,4,0,0,2,0,0,0,0,0,0,0,0,0,2,0,0,0,0,0,5,1,0,false
/home/arch_design_predict/download-github-repos/mvvm/repos/mvvm_android-master/app/src/main/java/com/chetu/mvvm/GameViewModel.java,com.chetu.mvvm.GameViewModel,"onClickedCellAt/2[int,int]",false,22,3,5,0,5,3,5,8,0,0,2,5,0,0,0,1,0,0,0,0,1,0,2,0,0,0,9,1,0,false
/home/arch_design_predict/download-github-repos/mvvm/repos/mvvm_android-master/app/src/androidTest/java/com/chetu/mvvm/ExampleInstrumentedTest.java,com.chetu.mvvm.ExampleInstrumentedTest,useAppContext/0,false,20,2,0,0,0,1,3,4,0,1,0,3,0,0,0,0,0,0,1,0,1,0,0,0,0,0,6,1,0,false
