file,class,type,cbo,cboModified,fanin,fanout,wmc,dit,noc,rfc,lcom,lcom*,tcc,lcc,totalMethodsQty,staticMethodsQty,publicMethodsQty,privateMethodsQty,protectedMethodsQty,defaultMethodsQty,visibleMethodsQty,abstractMethodsQty,finalMethodsQty,synchronizedMethodsQty,totalFieldsQty,staticFieldsQty,publicFieldsQty,privateFieldsQty,protectedFieldsQty,defaultFieldsQty,finalFieldsQty,synchronizedFieldsQty,nosi,loc,returnQty,loopQty,comparisonsQty,tryCatchQty,parenthesizedExpsQty,stringLiteralsQty,numbersQty,assignmentsQty,mathOperationsQty,variablesQty,maxNestedBlocksQty,anonymousClassesQty,innerClassesQty,lambdasQty,uniqueWordsQty,modifiers,logStatementsQty
/home/arch_design_predict/download-github-repos/mvvm/repos/Submission-Akhir-master/app/src/main/java/com/miftahjuanda/movies/Adapter/TvAdapter.java,com.miftahjuanda.movies.Adapter.TvAdapter$Anonymous1,anonymous,3,3,0,3,2,1,0,3,0,0.0,NaN,NaN,1,0,1,0,0,0,1,0,0,0,0,0,0,0,0,0,0,0,0,9,0,0,1,0,0,0,0,2,0,2,1,0,0,0,13,-1,0
/home/arch_design_predict/download-github-repos/mvvm/repos/Submission-Akhir-master/app/src/main/java/com/miftahjuanda/movies/Adapter/TvAdapter.java,com.miftahjuanda.movies.Adapter.TvAdapter$Anonymous2,anonymous,3,3,0,3,5,1,0,9,1,0.0,0.0,0.0,2,0,0,0,2,0,2,0,0,0,0,0,0,0,0,0,0,0,0,26,1,1,0,0,0,0,0,7,0,3,3,0,0,0,22,-1,0
/home/arch_design_predict/download-github-repos/mvvm/repos/Submission-Akhir-master/app/src/main/java/com/miftahjuanda/movies/Helper/RecyclerItemTouchHelperTv.java,com.miftahjuanda.movies.Helper.RecyclerItemTouchHelperTv$RecyclerItemTouchHelperListener,interface,1,1,0,1,1,1,0,0,0,0.0,NaN,NaN,1,0,0,0,0,1,1,0,0,0,0,0,0,0,0,0,0,0,0,3,0,0,0,0,0,0,0,0,0,0,0,0,0,0,8,1,0
/home/arch_design_predict/download-github-repos/mvvm/repos/Submission-Akhir-master/app/src/main/java/com/miftahjuanda/movies/Model/Favorite.java,com.miftahjuanda.movies.Model.Favorite$Anonymous1,anonymous,2,2,0,2,2,1,0,0,1,0.0,0.0,0.0,2,0,2,0,0,0,2,0,0,0,0,0,0,0,0,0,0,0,0,8,2,0,0,0,0,0,0,0,0,0,0,0,0,0,8,-1,0
/home/arch_design_predict/download-github-repos/mvvm/repos/Submission-Akhir-master/myfavorite/src/main/java/com/miftahjuanda/myfavorite/Adapter/MovieAdapterFav.java,com.miftahjuanda.myfavorite.Adapter.MovieAdapterFav,class,9,11,2,9,12,2,0,16,0,0.7037037,0.4,0.4,9,0,6,3,0,0,6,0,0,0,3,1,0,3,0,0,1,0,0,74,3,2,0,0,0,1,4,6,1,6,1,0,1,0,40,1,0
/home/arch_design_predict/download-github-repos/mvvm/repos/Submission-Akhir-master/myfavorite/src/main/java/com/miftahjuanda/myfavorite/Model/Favorite.java,com.miftahjuanda.myfavorite.Model.Favorite,class,0,3,3,0,6,1,0,0,5,0.6666667,0.33333334,1.0,6,0,6,0,0,0,6,0,0,0,5,0,0,5,0,0,0,0,0,29,5,0,0,0,0,0,0,5,0,5,0,0,0,0,15,1,0
/home/arch_design_predict/download-github-repos/mvvm/repos/Submission-Akhir-master/app/src/main/java/com/miftahjuanda/movies/Fragment/FragmentTvShow.java,com.miftahjuanda.movies.Fragment.FragmentTvShow,class,26,30,4,26,15,2,0,36,15,0.7444444,0.3,0.3,10,0,5,5,0,0,5,0,0,0,9,1,1,8,0,0,0,0,0,139,2,0,5,0,0,3,6,17,2,15,1,5,0,0,76,1,0
/home/arch_design_predict/download-github-repos/mvvm/repos/Submission-Akhir-master/app/src/main/java/com/miftahjuanda/movies/Model/Trailer.java,com.miftahjuanda.movies.Model.Trailer$Anonymous1,anonymous,2,2,0,2,2,1,0,0,1,0.0,0.0,0.0,2,0,2,0,0,0,2,0,0,0,0,0,0,0,0,0,0,0,0,8,2,0,0,0,0,0,0,0,0,0,0,0,0,0,8,-1,0
/home/arch_design_predict/download-github-repos/mvvm/repos/Submission-Akhir-master/app/src/main/java/com/miftahjuanda/movies/Activity/DetailMovieActivity.java,com.miftahjuanda.movies.Activity.DetailMovieActivity$Anonymous9$Anonymous10,anonymous,5,5,0,5,1,1,0,4,0,0.0,NaN,NaN,1,0,1,0,0,0,1,0,0,0,0,0,0,0,0,0,0,0,0,9,0,0,0,0,0,0,0,1,0,1,0,0,0,0,11,-1,0
/home/arch_design_predict/download-github-repos/mvvm/repos/Submission-Akhir-master/app/src/main/java/com/miftahjuanda/movies/Adapter/TvAdapter.java,com.miftahjuanda.movies.Adapter.TvAdapter$OnTvItemSelectedListener,interface,2,2,0,2,1,1,0,0,0,0.0,NaN,NaN,1,0,0,0,0,1,1,0,0,0,0,0,0,0,0,0,0,0,0,3,0,0,0,0,0,0,0,0,0,0,0,0,0,0,10,1,0
/home/arch_design_predict/download-github-repos/mvvm/repos/Submission-Akhir-master/app/src/main/java/com/miftahjuanda/movies/Model/Trailer.java,com.miftahjuanda.movies.Model.Trailer,class,5,9,4,5,5,2,0,2,0,0.5,0.5,0.5,5,0,4,1,0,0,4,0,0,0,2,1,1,1,0,0,1,0,0,27,2,0,0,0,0,1,1,3,0,2,0,1,0,0,19,1,0
/home/arch_design_predict/download-github-repos/mvvm/repos/Submission-Akhir-master/app/src/main/java/com/miftahjuanda/movies/Fragment/FragmentSettings.java,com.miftahjuanda.movies.Fragment.FragmentSettings,class,13,14,1,13,9,2,0,17,6,0.9,0.0,0.0,4,0,3,1,0,0,3,0,0,0,5,1,1,4,0,0,0,0,1,56,3,0,0,1,0,2,0,13,0,13,2,0,0,0,63,1,0
/home/arch_design_predict/download-github-repos/mvvm/repos/Submission-Akhir-master/app/src/androidTest/java/com/miftahjuanda/movies/ExampleInstrumentedTest.java,com.miftahjuanda.movies.ExampleInstrumentedTest,class,4,4,0,4,1,1,0,4,0,0.0,NaN,NaN,1,0,1,0,0,0,1,0,0,0,0,0,0,0,0,0,0,0,0,6,0,0,0,0,0,1,0,1,0,1,0,0,0,0,19,1,0
/home/arch_design_predict/download-github-repos/mvvm/repos/Submission-Akhir-master/app/src/main/java/com/miftahjuanda/movies/MyApplication.java,com.miftahjuanda.movies.MyApplication,class,2,2,0,2,1,2,0,6,0,0.0,NaN,NaN,1,0,1,0,0,0,1,0,0,0,0,0,0,0,0,0,0,0,0,8,0,0,0,0,0,1,1,1,0,1,0,0,0,0,7,1,0
/home/arch_design_predict/download-github-repos/mvvm/repos/Submission-Akhir-master/app/src/main/java/com/miftahjuanda/movies/Model/FavoriteTv.java,com.miftahjuanda.movies.Model.FavoriteTv,class,6,16,10,6,13,1,0,9,18,0.72307694,0.3030303,0.6818182,13,0,12,1,0,0,12,0,0,0,10,1,1,9,0,0,1,0,0,82,7,0,0,0,0,0,1,21,0,10,0,1,0,0,40,1,0
/home/arch_design_predict/download-github-repos/mvvm/repos/Submission-Akhir-master/app/src/main/java/com/miftahjuanda/movies/Adapter/MovieAdapterFav.java,com.miftahjuanda.movies.Adapter.MovieAdapterFav$MovieViewHolder,innerclass,8,8,0,8,2,2,0,14,0,0.083333336,-1.0,-1.0,2,0,0,2,0,0,0,0,0,0,4,0,1,3,0,0,0,0,1,22,0,0,0,0,1,2,1,6,2,6,0,0,0,0,20,1,1
/home/arch_design_predict/download-github-repos/mvvm/repos/Submission-Akhir-master/app/src/main/java/com/miftahjuanda/movies/Widget/ImageBannerWidget.java,com.miftahjuanda.movies.Widget.ImageBannerWidget,class,9,10,1,9,8,2,0,18,8,0.70000005,0.0,0.0,5,1,4,0,0,1,5,0,0,0,2,2,1,1,0,0,2,0,1,37,0,1,1,0,0,3,2,7,1,7,2,0,0,0,41,1,0
/home/arch_design_predict/download-github-repos/mvvm/repos/Submission-Akhir-master/app/src/main/java/com/miftahjuanda/movies/Model/RootModel.java,com.miftahjuanda.movies.Model.RootModel,class,2,15,13,2,1,1,0,0,0,0.0,NaN,NaN,1,0,1,0,0,0,1,0,0,0,1,0,0,1,0,0,0,0,0,6,1,0,0,0,0,1,0,0,0,1,0,0,0,0,3,1,0
/home/arch_design_predict/download-github-repos/mvvm/repos/Submission-Akhir-master/app/src/main/java/com/miftahjuanda/movies/Adapter/TvAdapter.java,com.miftahjuanda.movies.Adapter.TvAdapter$MovieViewHolder,innerclass,6,6,0,6,2,2,0,11,0,0.0,-1.0,-1.0,2,0,0,2,0,0,0,0,0,0,3,0,0,3,0,0,0,0,0,18,0,0,0,0,1,0,1,4,2,4,0,0,0,0,15,0,1
/home/arch_design_predict/download-github-repos/mvvm/repos/Submission-Akhir-master/app/src/main/java/com/miftahjuanda/movies/Model/TvDetail.java,com.miftahjuanda.movies.Model.TvDetail,class,4,7,3,4,7,1,0,6,1,0.60714287,0.33333334,0.6666667,7,0,6,1,0,0,6,0,0,0,4,1,1,3,0,0,1,0,0,41,4,0,0,0,0,3,1,5,0,4,0,1,0,0,24,1,0
/home/arch_design_predict/download-github-repos/mvvm/repos/Submission-Akhir-master/app/src/main/java/com/miftahjuanda/movies/Fragment/FragmentMovie.java,com.miftahjuanda.movies.Fragment.FragmentMovie,class,27,32,5,27,15,2,0,38,15,0.7444444,0.3,0.3,10,0,5,5,0,0,5,0,0,0,9,1,1,8,0,0,0,0,0,140,2,0,5,0,0,3,6,17,2,15,1,5,0,0,76,1,0
/home/arch_design_predict/download-github-repos/mvvm/repos/Submission-Akhir-master/app/src/main/java/com/miftahjuanda/movies/Model/MovieDetail.java,com.miftahjuanda.movies.Model.MovieDetail,class,4,7,3,4,7,1,0,5,1,0.60714287,0.33333334,0.6666667,7,0,6,1,0,0,6,0,0,0,4,1,1,3,0,0,1,0,0,40,4,0,0,0,0,3,1,5,0,4,0,1,0,0,24,1,0
/home/arch_design_predict/download-github-repos/mvvm/repos/Submission-Akhir-master/app/src/main/java/com/miftahjuanda/movies/Adapter/MovieAdapterFav.java,com.miftahjuanda.movies.Adapter.MovieAdapterFav,class,9,11,2,9,13,2,0,16,0,0.6333333,0.47619048,0.47619048,10,0,7,3,0,0,7,0,0,0,3,0,0,3,0,0,0,0,0,74,3,2,0,0,0,0,4,6,1,6,1,0,1,0,32,1,0
/home/arch_design_predict/download-github-repos/mvvm/repos/Submission-Akhir-master/app/src/main/java/com/miftahjuanda/movies/Model/TvData.java,com.miftahjuanda.movies.Model.TvData,class,5,16,11,5,11,1,0,11,17,0.7727274,0.22222222,0.8,11,0,10,1,0,0,10,0,0,0,14,1,1,13,0,0,1,0,0,82,7,0,0,0,0,13,1,16,0,14,0,1,0,0,46,1,0
/home/arch_design_predict/download-github-repos/mvvm/repos/Submission-Akhir-master/app/src/main/java/com/miftahjuanda/movies/Model/TrailerData.java,com.miftahjuanda.movies.Model.TrailerData,class,1,4,3,1,7,1,0,0,17,0.78571427,0.0952381,0.0952381,7,0,7,0,0,0,7,0,0,0,4,0,0,4,0,0,0,0,0,26,4,0,0,0,0,4,0,2,0,4,0,0,0,0,12,1,0
/home/arch_design_predict/download-github-repos/mvvm/repos/Submission-Akhir-master/app/src/main/java/com/miftahjuanda/movies/API/ApiInterface.java,com.miftahjuanda.movies.API.ApiInterface,interface,9,10,1,9,9,1,0,0,36,0.0,0.0,0.0,9,0,0,0,0,9,9,0,0,0,0,0,0,0,0,0,0,0,0,11,0,0,0,0,0,14,0,0,4,0,0,0,0,0,17,1,0
/home/arch_design_predict/download-github-repos/mvvm/repos/Submission-Akhir-master/app/src/main/java/com/miftahjuanda/movies/Model/Tv.java,com.miftahjuanda.movies.Model.Tv,class,6,13,7,6,3,2,0,0,3,0.6666667,0.0,0.0,3,0,2,1,0,0,2,0,0,0,1,1,1,0,0,0,1,0,0,18,1,0,0,0,0,0,1,1,0,1,0,1,0,0,14,1,0
/home/arch_design_predict/download-github-repos/mvvm/repos/Submission-Akhir-master/app/src/test/java/com/miftahjuanda/movies/ExampleUnitTest.java,com.miftahjuanda.movies.ExampleUnitTest,class,1,1,0,1,1,1,0,1,0,0.0,NaN,NaN,1,0,1,0,0,0,1,0,0,0,0,0,0,0,0,0,0,0,0,5,0,0,0,0,0,0,3,0,1,0,0,0,0,0,22,1,0
/home/arch_design_predict/download-github-repos/mvvm/repos/Submission-Akhir-master/app/src/main/java/com/miftahjuanda/movies/Model/TvData.java,com.miftahjuanda.movies.Model.TvData$Anonymous1,anonymous,2,2,0,2,2,1,0,0,1,0.0,0.0,0.0,2,0,2,0,0,0,2,0,0,0,0,0,0,0,0,0,0,0,0,8,2,0,0,0,0,0,0,0,0,0,0,0,0,0,9,-1,0
/home/arch_design_predict/download-github-repos/mvvm/repos/Submission-Akhir-master/app/src/main/java/com/miftahjuanda/movies/Fragment/FragmentTvShow.java,com.miftahjuanda.movies.Fragment.FragmentTvShow$Anonymous2,anonymous,1,1,0,1,2,1,0,2,1,0.0,0.0,0.0,2,0,2,0,0,0,2,0,0,0,0,0,0,0,0,0,0,0,0,10,2,0,0,0,0,0,0,0,0,0,0,0,0,0,7,-1,0
/home/arch_design_predict/download-github-repos/mvvm/repos/Submission-Akhir-master/app/src/main/java/com/miftahjuanda/movies/Fragment/FragmentTvShow.java,com.miftahjuanda.movies.Fragment.FragmentTvShow$Anonymous3,anonymous,1,1,0,1,1,1,0,1,0,0.0,NaN,NaN,1,0,1,0,0,0,1,0,0,0,0,0,0,0,0,0,0,0,0,6,0,0,0,0,0,0,0,1,0,0,0,0,0,0,7,-1,0
/home/arch_design_predict/download-github-repos/mvvm/repos/Submission-Akhir-master/app/src/main/java/com/miftahjuanda/movies/Fragment/FragmentTvShow.java,com.miftahjuanda.movies.Fragment.FragmentTvShow$Anonymous4,anonymous,0,0,0,0,1,1,0,1,0,0.0,NaN,NaN,1,0,1,0,0,0,1,0,0,0,0,0,0,0,0,0,0,0,0,5,0,0,0,0,0,0,0,0,0,0,0,0,0,0,2,-1,0
/home/arch_design_predict/download-github-repos/mvvm/repos/Submission-Akhir-master/app/src/main/java/com/miftahjuanda/movies/Fragment/FragmentTvShow.java,com.miftahjuanda.movies.Fragment.FragmentTvShow$Anonymous5,anonymous,6,6,0,6,7,1,0,8,1,0.0,0.0,0.0,2,0,2,0,0,0,2,0,0,0,0,0,0,0,0,0,0,0,0,23,0,0,4,0,0,0,0,1,0,0,2,0,0,0,19,-1,0
/home/arch_design_predict/download-github-repos/mvvm/repos/Submission-Akhir-master/app/src/main/java/com/miftahjuanda/movies/Fragment/FragmentTvShow.java,com.miftahjuanda.movies.Fragment.FragmentTvShow$Anonymous1,anonymous,1,1,0,1,1,1,0,1,0,0.0,NaN,NaN,1,0,1,0,0,0,1,0,0,0,0,0,0,0,0,0,0,0,0,5,0,0,0,0,0,0,0,0,0,0,0,0,0,0,4,-1,0
/home/arch_design_predict/download-github-repos/mvvm/repos/Submission-Akhir-master/app/src/main/java/com/miftahjuanda/movies/Model/Movie.java,com.miftahjuanda.movies.Model.Movie,class,5,13,8,5,3,2,0,2,1,0.5,0.0,0.0,3,0,2,1,0,0,2,0,0,0,2,1,1,1,0,0,1,0,0,21,1,0,0,0,0,1,1,2,0,2,0,1,0,0,17,1,0
/home/arch_design_predict/download-github-repos/mvvm/repos/Submission-Akhir-master/app/src/main/java/com/miftahjuanda/movies/Adapter/TvAdapterFav.java,com.miftahjuanda.movies.Adapter.TvAdapterFav$MovieViewHolder,innerclass,8,8,0,8,2,2,0,14,0,0.083333336,-1.0,-1.0,2,0,0,2,0,0,0,0,0,0,4,0,1,3,0,0,0,0,1,22,0,0,0,0,1,2,1,6,2,6,0,0,0,0,21,1,1
/home/arch_design_predict/download-github-repos/mvvm/repos/Submission-Akhir-master/app/src/main/java/com/miftahjuanda/movies/Model/Genre.java,com.miftahjuanda.movies.Model.Genre,class,1,6,5,1,5,1,0,0,6,0.6,0.2,0.2,5,0,5,0,0,0,5,0,0,0,2,0,0,2,0,0,0,0,0,18,2,0,0,0,0,2,0,2,0,2,0,0,0,0,7,1,0
/home/arch_design_predict/download-github-repos/mvvm/repos/Submission-Akhir-master/app/src/main/java/com/miftahjuanda/movies/Model/Movie.java,com.miftahjuanda.movies.Model.Movie$Anonymous1,anonymous,2,2,0,2,2,1,0,0,1,0.0,0.0,0.0,2,0,2,0,0,0,2,0,0,0,0,0,0,0,0,0,0,0,0,8,2,0,0,0,0,0,0,0,0,0,0,0,0,0,8,-1,0
/home/arch_design_predict/download-github-repos/mvvm/repos/Submission-Akhir-master/app/src/main/java/com/miftahjuanda/movies/Helper/RecyclerItemTouchHelperTv.java,com.miftahjuanda.movies.Helper.RecyclerItemTouchHelperTv,class,8,9,1,8,9,2,0,8,26,0.75,0.035714287,0.035714287,8,0,8,0,0,0,8,0,0,0,1,0,0,1,0,0,0,0,0,37,2,0,1,0,4,0,0,5,0,5,1,0,1,0,40,1,0
/home/arch_design_predict/download-github-repos/mvvm/repos/Submission-Akhir-master/app/src/main/java/com/miftahjuanda/movies/Helper/RecyclerItemTouchHelper.java,com.miftahjuanda.movies.Helper.RecyclerItemTouchHelper$RecyclerItemTouchHelperListener,interface,1,1,0,1,1,1,0,0,0,0.0,NaN,NaN,1,0,0,0,0,1,1,0,0,0,0,0,0,0,0,0,0,0,0,3,0,0,0,0,0,0,0,0,0,0,0,0,0,0,8,1,0
/home/arch_design_predict/download-github-repos/mvvm/repos/Submission-Akhir-master/app/src/main/java/com/miftahjuanda/movies/Reminder/ReleaseTodayReminder.java,com.miftahjuanda.movies.Reminder.ReleaseTodayReminder,class,14,17,3,14,10,2,0,26,13,0.8666666,0.0,0.0,6,1,4,2,0,0,4,0,0,0,5,3,0,5,0,0,2,0,4,71,1,0,3,0,0,2,5,17,0,18,2,1,0,0,62,1,0
/home/arch_design_predict/download-github-repos/mvvm/repos/Submission-Akhir-master/app/src/main/java/com/miftahjuanda/movies/Adapter/TvAdapter.java,com.miftahjuanda.movies.Adapter.TvAdapter,class,12,20,8,12,14,2,0,16,25,0.8,0.16666667,0.16666667,11,0,9,2,0,0,9,0,0,0,5,0,0,5,0,0,0,0,0,113,4,2,0,0,0,0,4,9,1,9,1,2,2,0,36,1,0
/home/arch_design_predict/download-github-repos/mvvm/repos/Submission-Akhir-master/app/src/main/java/com/miftahjuanda/movies/Activity/MainActivity.java,com.miftahjuanda.movies.Activity.MainActivity$Anonymous1,anonymous,7,7,0,7,4,1,0,4,0,0.0,NaN,NaN,1,0,1,0,0,0,1,0,0,0,0,0,0,0,0,0,0,0,0,25,1,0,0,0,0,0,0,3,0,3,1,0,0,0,18,-1,0
/home/arch_design_predict/download-github-repos/mvvm/repos/Submission-Akhir-master/app/src/main/java/com/miftahjuanda/movies/Widget/StackRemoteViewsFactory.java,com.miftahjuanda.movies.Widget.StackRemoteViewsFactory,class,8,9,1,8,17,1,0,26,21,0.59999996,0.26666668,0.33333334,10,0,9,0,0,1,10,0,0,0,3,0,0,3,0,0,1,0,0,74,8,1,3,1,0,4,2,13,1,12,2,0,0,0,50,1,0
/home/arch_design_predict/download-github-repos/mvvm/repos/Submission-Akhir-master/app/src/main/java/com/miftahjuanda/movies/Activity/MainActivity.java,com.miftahjuanda.movies.Activity.MainActivity$Anonymous2,anonymous,1,1,0,1,1,1,0,0,0,0.0,NaN,NaN,1,0,1,0,0,0,1,0,0,0,0,0,0,0,0,0,0,0,0,4,0,0,0,0,0,0,0,0,0,0,0,0,0,0,5,-1,0
/home/arch_design_predict/download-github-repos/mvvm/repos/Submission-Akhir-master/app/src/main/java/com/miftahjuanda/movies/Activity/MainActivity.java,com.miftahjuanda.movies.Activity.MainActivity$Anonymous3,anonymous,1,1,0,1,1,1,0,1,0,0.0,NaN,NaN,1,0,1,0,0,0,1,0,0,0,0,0,0,0,0,0,0,0,0,5,0,0,0,0,0,0,0,0,0,0,0,0,0,0,6,-1,0
/home/arch_design_predict/download-github-repos/mvvm/repos/Submission-Akhir-master/app/src/main/java/com/miftahjuanda/movies/API/ApiService.java,com.miftahjuanda.movies.API.ApiService,class,6,11,5,6,11,1,0,21,0,0.09090909,1.0,1.0,11,0,10,1,0,0,10,0,0,0,1,0,0,1,0,0,0,0,0,50,1,0,0,0,0,0,3,3,0,3,0,1,0,0,30,1,0
/home/arch_design_predict/download-github-repos/mvvm/repos/Submission-Akhir-master/app/src/main/java/com/miftahjuanda/movies/Activity/DetailMovieActivity.java,com.miftahjuanda.movies.Activity.DetailMovieActivity$Anonymous7$Anonymous8,anonymous,5,5,0,5,1,1,0,4,0,0.0,NaN,NaN,1,0,1,0,0,0,1,0,0,0,0,0,0,0,0,0,0,0,0,9,0,0,0,0,0,0,0,1,0,1,0,0,0,0,12,-1,0
/home/arch_design_predict/download-github-repos/mvvm/repos/Submission-Akhir-master/app/src/main/java/com/miftahjuanda/movies/Activity/SettingActivity.java,com.miftahjuanda.movies.Activity.SettingActivity,class,4,6,2,4,3,2,0,14,1,0.5,0.0,0.0,2,0,1,0,1,0,2,0,0,0,1,0,0,0,0,1,0,0,0,18,1,0,1,0,0,0,0,1,0,1,1,0,0,0,32,1,0
/home/arch_design_predict/download-github-repos/mvvm/repos/Submission-Akhir-master/app/src/main/java/com/miftahjuanda/movies/Model/MovieData.java,com.miftahjuanda.movies.Model.MovieData$Anonymous1,anonymous,2,2,0,2,2,1,0,0,1,0.0,0.0,0.0,2,0,2,0,0,0,2,0,0,0,0,0,0,0,0,0,0,0,0,8,2,0,0,0,0,0,0,0,0,0,0,0,0,0,9,-1,0
/home/arch_design_predict/download-github-repos/mvvm/repos/Submission-Akhir-master/app/src/main/java/com/miftahjuanda/movies/Model/MovieDetail.java,com.miftahjuanda.movies.Model.MovieDetail$Anonymous1,anonymous,2,2,0,2,2,1,0,0,1,0.0,0.0,0.0,2,0,2,0,0,0,2,0,0,0,0,0,0,0,0,0,0,0,0,8,2,0,0,0,0,0,0,0,0,0,0,0,0,0,9,-1,0
/home/arch_design_predict/download-github-repos/mvvm/repos/Submission-Akhir-master/myfavorite/src/main/java/com/miftahjuanda/myfavorite/Activity/MainActivity.java,com.miftahjuanda.myfavorite.Activity.MainActivity,class,9,10,1,9,9,2,0,20,28,0.875,0.0,0.0,8,0,1,4,3,0,4,0,0,0,1,0,1,0,0,0,0,0,0,42,0,0,0,0,0,0,1,6,0,6,1,0,0,0,41,1,0
/home/arch_design_predict/download-github-repos/mvvm/repos/Submission-Akhir-master/app/src/main/java/com/miftahjuanda/movies/Widget/StackWidgetService.java,com.miftahjuanda.movies.Widget.StackWidgetService,class,4,5,1,4,1,2,0,1,0,0.0,NaN,NaN,1,0,1,0,0,0,1,0,0,0,0,0,0,0,0,0,0,0,0,5,1,0,0,0,0,0,0,0,0,0,0,0,0,0,11,1,0
/home/arch_design_predict/download-github-repos/mvvm/repos/Submission-Akhir-master/app/src/main/java/com/miftahjuanda/movies/Model/MovieData.java,com.miftahjuanda.movies.Model.MovieData,class,3,15,12,3,15,1,0,11,19,0.7818183,0.2,0.8,11,0,10,1,0,0,10,0,0,0,15,1,1,14,0,0,1,0,0,85,8,0,2,0,0,14,7,16,0,15,0,1,0,0,43,1,0
/home/arch_design_predict/download-github-repos/mvvm/repos/Submission-Akhir-master/app/src/main/java/com/miftahjuanda/movies/Helper/RealmHelper.java,com.miftahjuanda.movies.Helper.RealmHelper$Anonymous1,anonymous,3,3,0,3,2,1,0,8,0,0.0,NaN,NaN,1,0,1,0,0,0,1,0,0,0,0,0,0,0,0,0,0,0,0,12,0,0,1,0,0,1,0,1,0,1,1,0,0,0,7,-1,0
/home/arch_design_predict/download-github-repos/mvvm/repos/Submission-Akhir-master/app/src/main/java/com/miftahjuanda/movies/Reminder/ReleaseTodayReminder.java,com.miftahjuanda.movies.Reminder.ReleaseTodayReminder$Anonymous1,anonymous,6,6,0,6,4,1,0,8,1,0.0,0.0,0.0,2,0,2,0,0,0,2,0,0,0,0,0,0,0,0,0,0,0,0,18,0,1,1,0,0,0,1,4,0,2,2,0,0,0,17,-1,0
/home/arch_design_predict/download-github-repos/mvvm/repos/Submission-Akhir-master/app/src/main/java/com/miftahjuanda/movies/Helper/RealmHelper.java,com.miftahjuanda.movies.Helper.RealmHelper$Anonymous2,anonymous,3,3,0,3,2,1,0,8,0,0.0,NaN,NaN,1,0,1,0,0,0,1,0,0,0,0,0,0,0,0,0,0,0,0,12,0,0,1,0,0,1,0,1,0,1,1,0,0,0,8,-1,0
/home/arch_design_predict/download-github-repos/mvvm/repos/Submission-Akhir-master/app/src/main/java/com/miftahjuanda/movies/Helper/RealmHelper.java,com.miftahjuanda.movies.Helper.RealmHelper$Anonymous3,anonymous,2,2,0,2,1,1,0,1,0,0.0,NaN,NaN,1,0,1,0,0,0,1,0,0,0,0,0,0,0,0,0,0,0,0,5,0,0,0,0,0,0,0,0,0,0,0,0,0,0,3,-1,0
/home/arch_design_predict/download-github-repos/mvvm/repos/Submission-Akhir-master/app/src/main/java/com/miftahjuanda/movies/Adapter/MovieAdapter.java,com.miftahjuanda.movies.Adapter.MovieAdapter,class,12,20,8,12,14,2,0,17,13,0.7818182,0.2777778,0.2777778,11,0,9,2,0,0,9,0,0,0,5,0,0,5,0,0,0,0,0,117,4,2,0,0,0,0,4,9,1,9,1,2,2,0,36,1,0
/home/arch_design_predict/download-github-repos/mvvm/repos/Submission-Akhir-master/app/src/main/java/com/miftahjuanda/movies/Helper/RealmHelper.java,com.miftahjuanda.movies.Helper.RealmHelper$Anonymous4,anonymous,2,2,0,2,1,1,0,1,0,0.0,NaN,NaN,1,0,1,0,0,0,1,0,0,0,0,0,0,0,0,0,0,0,0,5,0,0,0,0,0,0,0,0,0,0,0,0,0,0,3,-1,0
/home/arch_design_predict/download-github-repos/mvvm/repos/Submission-Akhir-master/app/src/main/java/com/miftahjuanda/movies/Adapter/MovieAdapter.java,com.miftahjuanda.movies.Adapter.MovieAdapter$OnMovieItemSelectedListener,interface,2,2,0,2,1,1,0,0,0,0.0,NaN,NaN,1,0,0,0,0,1,1,0,0,0,0,0,0,0,0,0,0,0,0,3,0,0,0,0,0,0,0,0,0,0,0,0,0,0,10,1,0
/home/arch_design_predict/download-github-repos/mvvm/repos/Submission-Akhir-master/app/src/main/java/com/miftahjuanda/movies/API/ApiService.java,com.miftahjuanda.movies.API.ApiService$Anonymous1,anonymous,5,5,0,5,1,1,0,6,0,0.0,NaN,NaN,1,0,1,0,0,0,1,0,0,0,0,0,0,0,0,0,0,0,0,8,1,0,0,0,0,2,0,3,0,2,0,0,0,0,12,-1,0
/home/arch_design_predict/download-github-repos/mvvm/repos/Submission-Akhir-master/myfavorite/src/main/java/com/miftahjuanda/myfavorite/Adapter/MovieAdapterFav.java,com.miftahjuanda.myfavorite.Adapter.MovieAdapterFav$MovieViewHolder$Anonymous1,anonymous,1,1,0,1,1,1,0,3,0,0.0,NaN,NaN,1,0,1,0,0,0,1,0,0,0,0,0,0,0,0,0,0,0,0,5,0,0,0,0,0,0,0,0,0,0,0,0,0,0,4,-1,0
/home/arch_design_predict/download-github-repos/mvvm/repos/Submission-Akhir-master/app/src/main/java/com/miftahjuanda/movies/Helper/TvFav.java,com.miftahjuanda.movies.Helper.TvFav,class,11,12,1,11,10,2,0,18,28,0.95,0.0,0.0,8,0,8,0,0,0,8,0,0,0,5,3,1,2,0,2,3,0,0,40,3,2,0,0,0,21,0,7,1,7,1,0,0,0,53,1,0
/home/arch_design_predict/download-github-repos/mvvm/repos/Submission-Akhir-master/app/src/main/java/com/miftahjuanda/movies/Adapter/MovieAdapter.java,com.miftahjuanda.movies.Adapter.MovieAdapter$MovieViewHolder,innerclass,6,6,0,6,2,2,0,14,0,0.0,-1.0,-1.0,2,0,0,2,0,0,0,0,0,0,3,0,0,3,0,0,0,0,1,20,0,0,0,0,1,1,1,5,2,5,0,0,0,0,16,0,1
/home/arch_design_predict/download-github-repos/mvvm/repos/Submission-Akhir-master/app/src/main/java/com/miftahjuanda/movies/Activity/DetailMovieActivity.java,com.miftahjuanda.movies.Activity.DetailMovieActivity$Anonymous4,anonymous,3,3,0,3,1,1,0,2,0,0.0,NaN,NaN,1,0,1,0,0,0,1,0,0,0,0,0,0,0,0,0,0,0,0,5,0,0,0,0,0,0,0,0,0,0,0,0,0,0,7,-1,0
/home/arch_design_predict/download-github-repos/mvvm/repos/Submission-Akhir-master/app/src/main/java/com/miftahjuanda/movies/Activity/DetailMovieActivity.java,com.miftahjuanda.movies.Activity.DetailMovieActivity$Anonymous5,anonymous,6,6,0,6,4,1,0,6,1,0.0,0.0,0.0,2,0,2,0,0,0,2,0,0,0,0,0,0,0,0,0,0,0,0,19,0,0,1,0,0,3,0,1,0,1,1,0,0,0,22,-1,0
/home/arch_design_predict/download-github-repos/mvvm/repos/Submission-Akhir-master/app/src/main/java/com/miftahjuanda/movies/Activity/DetailMovieActivity.java,com.miftahjuanda.movies.Activity.DetailMovieActivity$Anonymous6,anonymous,6,6,0,6,4,1,0,6,1,0.0,0.0,0.0,2,0,2,0,0,0,2,0,0,0,0,0,0,0,0,0,0,0,0,19,0,0,1,0,0,3,0,1,0,0,1,0,0,0,22,-1,0
/home/arch_design_predict/download-github-repos/mvvm/repos/Submission-Akhir-master/myfavorite/src/main/java/com/miftahjuanda/myfavorite/Adapter/MovieAdapterFav.java,com.miftahjuanda.myfavorite.Adapter.MovieAdapterFav$MovieViewHolder,innerclass,8,8,0,8,2,2,0,15,0,0.0,1.0,1.0,2,0,2,0,0,0,2,0,0,0,4,0,0,3,0,1,0,0,1,28,0,0,0,0,1,1,1,6,2,6,0,1,0,0,27,1,1
/home/arch_design_predict/download-github-repos/mvvm/repos/Submission-Akhir-master/app/src/main/java/com/miftahjuanda/movies/Activity/DetailMovieActivity.java,com.miftahjuanda.movies.Activity.DetailMovieActivity$Anonymous7,anonymous,7,7,0,7,5,1,0,11,1,0.0,0.0,0.0,2,0,2,0,0,0,2,0,0,0,0,0,0,0,0,0,0,0,0,34,0,0,2,0,0,0,0,1,0,0,2,1,0,0,18,-1,0
/home/arch_design_predict/download-github-repos/mvvm/repos/Submission-Akhir-master/myfavorite/src/test/java/com/miftahjuanda/myfavorite/ExampleUnitTest.java,com.miftahjuanda.myfavorite.ExampleUnitTest,class,1,1,0,1,1,1,0,1,0,0.0,NaN,NaN,1,0,1,0,0,0,1,0,0,0,0,0,0,0,0,0,0,0,0,5,0,0,0,0,0,0,3,0,1,0,0,0,0,0,22,1,0
/home/arch_design_predict/download-github-repos/mvvm/repos/Submission-Akhir-master/app/src/main/java/com/miftahjuanda/movies/Activity/MainActivity.java,com.miftahjuanda.movies.Activity.MainActivity,class,12,14,2,12,12,2,0,31,34,0.77777785,0.0,0.0,9,0,2,4,3,0,5,0,0,0,2,0,1,1,0,0,0,0,0,93,0,0,1,0,0,1,2,10,0,10,1,3,0,0,60,1,0
/home/arch_design_predict/download-github-repos/mvvm/repos/Submission-Akhir-master/app/src/main/java/com/miftahjuanda/movies/Activity/DetailMovieActivity.java,com.miftahjuanda.movies.Activity.DetailMovieActivity$Anonymous1,anonymous,0,0,0,0,2,1,0,2,0,0.0,NaN,NaN,1,0,1,0,0,0,1,0,0,0,0,0,0,0,0,0,0,0,0,11,0,0,0,0,0,0,1,1,0,1,1,0,0,0,5,-1,0
/home/arch_design_predict/download-github-repos/mvvm/repos/Submission-Akhir-master/app/src/main/java/com/miftahjuanda/movies/Activity/DetailMovieActivity.java,com.miftahjuanda.movies.Activity.DetailMovieActivity$Anonymous2,anonymous,6,6,0,6,7,1,0,15,1,0.0,0.0,0.0,2,0,2,0,0,0,2,0,0,0,0,0,0,0,0,0,0,0,1,30,0,2,1,0,0,5,3,4,2,3,3,0,0,0,20,-1,0
/home/arch_design_predict/download-github-repos/mvvm/repos/Submission-Akhir-master/app/src/main/java/com/miftahjuanda/movies/Helper/LoadMore.java,com.miftahjuanda.movies.Helper.LoadMore,class,6,9,3,6,10,2,0,5,0,0.44444445,1.0,1.0,3,0,2,0,1,0,3,1,0,0,6,0,0,6,0,0,0,0,0,36,0,0,0,0,3,0,4,14,2,10,2,0,0,0,28,1025,0
/home/arch_design_predict/download-github-repos/mvvm/repos/Submission-Akhir-master/app/src/main/java/com/miftahjuanda/movies/Activity/DetailMovieActivity.java,com.miftahjuanda.movies.Activity.DetailMovieActivity$Anonymous3,anonymous,6,6,0,6,6,1,0,13,1,0.0,0.0,0.0,2,0,2,0,0,0,2,0,0,0,0,0,0,0,0,0,0,0,1,28,0,1,1,0,0,5,2,3,2,2,3,0,0,0,20,-1,0
/home/arch_design_predict/download-github-repos/mvvm/repos/Submission-Akhir-master/app/src/main/java/com/miftahjuanda/movies/Adapter/TabAdapter.java,com.miftahjuanda.movies.Adapter.TabAdapter,class,4,5,1,4,5,2,0,5,2,0.5,0.4,0.6,5,0,5,0,0,0,5,0,0,0,2,0,0,2,0,0,2,0,0,20,3,0,0,0,0,0,0,2,0,2,0,0,0,0,20,1,0
/home/arch_design_predict/download-github-repos/mvvm/repos/Submission-Akhir-master/app/src/main/java/com/miftahjuanda/movies/Fragment/FragmentFavorite.java,com.miftahjuanda.movies.Fragment.FragmentFavorite,class,19,21,2,19,6,2,0,22,4,0.4,0.0,0.0,5,0,3,2,0,0,3,0,0,0,1,0,0,1,0,0,0,0,0,47,2,0,1,0,0,2,3,9,0,9,1,1,0,0,49,1,0
/home/arch_design_predict/download-github-repos/mvvm/repos/Submission-Akhir-master/app/src/main/java/com/miftahjuanda/movies/Reminder/DailyAlarmReceiver.java,com.miftahjuanda.movies.Reminder.DailyAlarmReceiver,class,10,12,2,10,10,2,0,22,13,0.75,0.0,0.0,6,0,4,2,0,0,4,0,0,0,2,2,0,2,0,0,2,0,1,48,1,0,3,0,0,1,5,14,0,14,2,0,0,0,46,1,0
/home/arch_design_predict/download-github-repos/mvvm/repos/Submission-Akhir-master/myfavorite/src/main/java/com/miftahjuanda/myfavorite/Fragment/FragmentMovie.java,com.miftahjuanda.myfavorite.Fragment.FragmentMovie,class,15,17,2,15,7,2,0,25,0,0.6111111,NaN,NaN,3,0,1,2,0,0,1,0,0,0,6,3,0,6,0,0,3,0,1,57,1,1,2,0,0,9,2,17,1,17,3,0,0,0,63,1,0
/home/arch_design_predict/download-github-repos/mvvm/repos/Submission-Akhir-master/myfavorite/src/androidTest/java/com/miftahjuanda/myfavorite/ExampleInstrumentedTest.java,com.miftahjuanda.myfavorite.ExampleInstrumentedTest,class,4,4,0,4,1,1,0,4,0,0.0,NaN,NaN,1,0,1,0,0,0,1,0,0,0,0,0,0,0,0,0,0,0,0,6,0,0,0,0,0,1,0,1,0,1,0,0,0,0,19,1,0
/home/arch_design_predict/download-github-repos/mvvm/repos/Submission-Akhir-master/app/src/main/java/com/miftahjuanda/movies/Helper/RecyclerItemTouchHelper.java,com.miftahjuanda.movies.Helper.RecyclerItemTouchHelper,class,8,9,1,8,9,2,0,8,26,0.75,0.035714287,0.035714287,8,0,8,0,0,0,8,0,0,0,1,0,0,1,0,0,0,0,0,37,2,0,1,0,4,0,0,5,0,5,1,0,1,0,39,1,0
/home/arch_design_predict/download-github-repos/mvvm/repos/Submission-Akhir-master/app/src/main/java/com/miftahjuanda/movies/Fragment/FragmentFavorite.java,com.miftahjuanda.movies.Fragment.FragmentFavorite$Anonymous1,anonymous,0,0,0,0,1,1,0,1,0,0.0,NaN,NaN,1,0,1,0,0,0,1,0,0,0,0,0,0,0,0,0,0,0,0,5,0,0,0,0,0,0,0,0,0,0,0,0,0,0,1,-1,0
/home/arch_design_predict/download-github-repos/mvvm/repos/Submission-Akhir-master/app/src/main/java/com/miftahjuanda/movies/Model/FavoriteTv.java,com.miftahjuanda.movies.Model.FavoriteTv$Anonymous1,anonymous,2,2,0,2,2,1,0,0,1,0.0,0.0,0.0,2,0,2,0,0,0,2,0,0,0,0,0,0,0,0,0,0,0,0,8,2,0,0,0,0,0,0,0,0,0,0,0,0,0,9,-1,0
/home/arch_design_predict/download-github-repos/mvvm/repos/Submission-Akhir-master/app/src/main/java/com/miftahjuanda/movies/Activity/DetailMovieActivity.java,com.miftahjuanda.movies.Activity.DetailMovieActivity$Anonymous9,anonymous,7,7,0,7,5,1,0,11,1,0.0,0.0,0.0,2,0,2,0,0,0,2,0,0,0,0,0,0,0,0,0,0,0,0,34,0,0,2,0,0,0,0,1,0,0,2,1,0,0,18,-1,0
/home/arch_design_predict/download-github-repos/mvvm/repos/Submission-Akhir-master/app/src/main/java/com/miftahjuanda/movies/Helper/RealmHelper.java,com.miftahjuanda.movies.Helper.RealmHelper,class,5,9,4,5,7,1,0,4,0,0.0,1.0,1.0,7,0,7,0,0,0,7,0,0,0,1,0,0,1,0,0,0,0,0,60,2,0,0,0,0,2,0,3,0,3,0,4,0,0,16,1,0
/home/arch_design_predict/download-github-repos/mvvm/repos/Submission-Akhir-master/app/src/main/java/com/miftahjuanda/movies/Fragment/FragmentTabFavTv.java,com.miftahjuanda.movies.Fragment.FragmentTabFavTv,class,22,24,2,22,8,2,0,27,0,0.42857143,1.0,1.0,5,0,3,2,0,0,3,0,0,0,7,1,0,7,0,0,0,0,1,62,1,0,2,0,0,2,3,13,0,12,1,0,0,0,65,1,0
/home/arch_design_predict/download-github-repos/mvvm/repos/Submission-Akhir-master/app/src/main/java/com/miftahjuanda/movies/Model/TvDetail.java,com.miftahjuanda.movies.Model.TvDetail$Anonymous1,anonymous,2,2,0,2,2,1,0,0,1,0.0,0.0,0.0,2,0,2,0,0,0,2,0,0,0,0,0,0,0,0,0,0,0,0,8,2,0,0,0,0,0,0,0,0,0,0,0,0,0,9,-1,0
/home/arch_design_predict/download-github-repos/mvvm/repos/Submission-Akhir-master/app/src/main/java/com/miftahjuanda/movies/Model/Favorite.java,com.miftahjuanda.movies.Model.Favorite,class,4,11,7,4,12,1,0,9,16,0.7129629,0.29090908,0.6545454,12,0,11,1,0,0,11,0,0,0,9,1,1,8,0,0,1,0,0,75,7,0,0,0,0,0,1,18,0,9,0,1,0,0,37,1,0
/home/arch_design_predict/download-github-repos/mvvm/repos/Submission-Akhir-master/app/src/main/java/com/miftahjuanda/movies/Model/Tv.java,com.miftahjuanda.movies.Model.Tv$Anonymous1,anonymous,2,2,0,2,2,1,0,0,1,0.0,0.0,0.0,2,0,2,0,0,0,2,0,0,0,0,0,0,0,0,0,0,0,0,8,2,0,0,0,0,0,0,0,0,0,0,0,0,0,8,-1,0
/home/arch_design_predict/download-github-repos/mvvm/repos/Submission-Akhir-master/app/src/main/java/com/miftahjuanda/movies/Adapter/TvAdapterFav.java,com.miftahjuanda.movies.Adapter.TvAdapterFav,class,9,11,2,9,13,2,0,16,0,0.6333333,0.47619048,0.47619048,10,0,7,3,0,0,7,0,0,0,3,0,0,3,0,0,0,0,0,74,3,2,0,0,0,0,4,6,1,6,1,0,1,0,33,1,0
/home/arch_design_predict/download-github-repos/mvvm/repos/Submission-Akhir-master/app/src/main/java/com/miftahjuanda/movies/Adapter/MovieAdapter.java,com.miftahjuanda.movies.Adapter.MovieAdapter$Anonymous2,anonymous,3,3,0,3,5,1,0,9,1,0.0,0.0,0.0,2,0,0,0,2,0,2,0,0,0,0,0,0,0,0,0,0,0,0,26,1,1,0,0,0,0,0,7,0,3,3,0,0,0,22,-1,0
/home/arch_design_predict/download-github-repos/mvvm/repos/Submission-Akhir-master/app/src/main/java/com/miftahjuanda/movies/Fragment/FragmentMovie.java,com.miftahjuanda.movies.Fragment.FragmentMovie$Anonymous1,anonymous,1,1,0,1,1,1,0,1,0,0.0,NaN,NaN,1,0,1,0,0,0,1,0,0,0,0,0,0,0,0,0,0,0,0,5,0,0,0,0,0,0,0,0,0,0,0,0,0,0,4,-1,0
/home/arch_design_predict/download-github-repos/mvvm/repos/Submission-Akhir-master/app/src/main/java/com/miftahjuanda/movies/Activity/DetailMovieActivity.java,com.miftahjuanda.movies.Activity.DetailMovieActivity,class,41,49,8,41,54,2,0,122,129,0.8847004,0.10714286,0.10714286,22,0,4,14,4,0,8,0,0,0,35,11,13,21,0,1,11,0,8,491,2,4,11,1,2,25,16,74,17,68,3,8,0,0,145,1,4
/home/arch_design_predict/download-github-repos/mvvm/repos/Submission-Akhir-master/app/src/main/java/com/miftahjuanda/movies/Adapter/MovieAdapter.java,com.miftahjuanda.movies.Adapter.MovieAdapter$Anonymous1,anonymous,3,3,0,3,2,1,0,3,0,0.0,NaN,NaN,1,0,1,0,0,0,1,0,0,0,0,0,0,0,0,0,0,0,0,9,0,0,1,0,0,0,0,2,0,2,1,0,0,0,13,-1,0
/home/arch_design_predict/download-github-repos/mvvm/repos/Submission-Akhir-master/app/src/main/java/com/miftahjuanda/movies/Fragment/FragmentMovie.java,com.miftahjuanda.movies.Fragment.FragmentMovie$Anonymous2,anonymous,1,1,0,1,2,1,0,2,1,0.0,0.0,0.0,2,0,2,0,0,0,2,0,0,0,0,0,0,0,0,0,0,0,0,10,2,0,0,0,0,0,0,0,0,0,0,0,0,0,8,-1,0
/home/arch_design_predict/download-github-repos/mvvm/repos/Submission-Akhir-master/app/src/main/java/com/miftahjuanda/movies/API/Constant.java,com.miftahjuanda.movies.API.Constant,class,0,0,0,0,0,1,0,0,0,NaN,-1.0,-1.0,0,0,0,0,0,0,0,0,0,0,22,22,4,7,0,11,22,0,0,24,0,0,0,0,0,15,0,22,7,22,0,0,0,0,30,1,0
/home/arch_design_predict/download-github-repos/mvvm/repos/Submission-Akhir-master/app/src/main/java/com/miftahjuanda/movies/Fragment/FragmentMovie.java,com.miftahjuanda.movies.Fragment.FragmentMovie$Anonymous5,anonymous,6,6,0,6,7,1,0,8,1,0.0,0.0,0.0,2,0,2,0,0,0,2,0,0,0,0,0,0,0,0,0,0,0,0,23,0,0,4,0,0,0,0,1,0,0,2,0,0,0,19,-1,0
/home/arch_design_predict/download-github-repos/mvvm/repos/Submission-Akhir-master/app/src/main/java/com/miftahjuanda/movies/Fragment/FragmentTabFavMovie.java,com.miftahjuanda.movies.Fragment.FragmentTabFavMovie,class,22,24,2,22,8,2,0,27,0,0.42857143,1.0,1.0,5,0,3,2,0,0,3,0,0,0,7,1,0,7,0,0,0,0,1,62,1,0,2,0,0,3,3,13,0,12,1,0,0,0,66,1,0
/home/arch_design_predict/download-github-repos/mvvm/repos/Submission-Akhir-master/app/src/main/java/com/miftahjuanda/movies/Fragment/FragmentMovie.java,com.miftahjuanda.movies.Fragment.FragmentMovie$Anonymous3,anonymous,1,1,0,1,1,1,0,1,0,0.0,NaN,NaN,1,0,1,0,0,0,1,0,0,0,0,0,0,0,0,0,0,0,0,6,0,0,0,0,0,0,0,1,0,0,0,0,0,0,7,-1,0
/home/arch_design_predict/download-github-repos/mvvm/repos/Submission-Akhir-master/app/src/main/java/com/miftahjuanda/movies/Fragment/FragmentMovie.java,com.miftahjuanda.movies.Fragment.FragmentMovie$Anonymous4,anonymous,0,0,0,0,1,1,0,1,0,0.0,NaN,NaN,1,0,1,0,0,0,1,0,0,0,0,0,0,0,0,0,0,0,0,5,0,0,0,0,0,0,0,0,0,0,0,0,0,0,2,-1,0
