file,class,method,constructor,line,cbo,cboModified,fanin,fanout,wmc,rfc,loc,returnsQty,variablesQty,parametersQty,methodsInvokedQty,methodsInvokedLocalQty,methodsInvokedIndirectLocalQty,loopQty,comparisonsQty,tryCatchQty,parenthesizedExpsQty,stringLiteralsQty,numbersQty,assignmentsQty,mathOperationsQty,maxNestedBlocksQty,anonymousClassesQty,innerClassesQty,lambdasQty,uniqueWordsQty,modifiers,logStatementsQty,hasJavaDoc
/home/arch_design_predict/download-github-repos/mvvm/repos/CS349_AndroidExamples-master/MVC1/app/src/androidTest/java/cs349/uwaterloo/ca/mvc1/ExampleInstrumentedTest.java,cs349.uwaterloo.ca.mvc1.ExampleInstrumentedTest,useAppContext/0,false,22,2,0,0,0,1,3,4,0,1,0,3,0,0,0,0,0,0,1,0,1,0,0,0,0,0,7,1,0,false
/home/arch_design_predict/download-github-repos/mvvm/repos/CS349_AndroidExamples-master/MVC1/app/src/main/java/cs349/uwaterloo/ca/mvc1/MainActivity.java,cs349.uwaterloo.ca.mvc1.MainActivity,onRestoreInstanceState/1[cs349.uwaterloo.ca.mvc1.Bundle],false,89,2,1,0,1,1,5,5,0,0,1,5,0,0,0,0,0,0,2,0,0,0,0,0,0,0,64,4,0,true
/home/arch_design_predict/download-github-repos/mvvm/repos/CS349_AndroidExamples-master/MVC1/app/src/main/java/cs349/uwaterloo/ca/mvc1/MainActivity.java,cs349.uwaterloo.ca.mvc1.MainActivity,onCreate/1[cs349.uwaterloo.ca.mvc1.Bundle],false,22,6,4,0,4,1,7,13,0,4,1,7,0,0,0,0,0,0,1,0,5,0,0,0,0,0,34,4,0,true
/home/arch_design_predict/download-github-repos/mvvm/repos/CS349_AndroidExamples-master/MVC1/app/src/main/java/cs349/uwaterloo/ca/mvc1/MainActivity.java,cs349.uwaterloo.ca.mvc1.MainActivity,onSaveInstanceState/1[cs349.uwaterloo.ca.mvc1.Bundle],false,60,2,1,0,1,1,5,5,0,0,1,5,0,0,0,0,0,0,2,0,0,0,0,0,0,0,11,4,0,true
/home/arch_design_predict/download-github-repos/mvvm/repos/CS349_AndroidExamples-master/MVC2/app/src/main/java/cs349/uwaterloo/ca/mvc2/Model.java,cs349.uwaterloo.ca.mvc2.Model,incrementCounter/0,false,60,1,2,1,1,1,3,6,0,0,0,3,1,1,0,0,0,0,2,0,0,1,0,0,0,0,11,1,0,true
/home/arch_design_predict/download-github-repos/mvvm/repos/CS349_AndroidExamples-master/MVC2/app/src/main/java/cs349/uwaterloo/ca/mvc2/Model.java,cs349.uwaterloo.ca.mvc2.Model,getInstance/0,false,21,1,2,2,0,1,0,3,1,0,0,0,0,0,0,0,0,0,0,0,0,0,0,0,0,0,4,8,0,false
/home/arch_design_predict/download-github-repos/mvvm/repos/CS349_AndroidExamples-master/MVC2/app/src/main/java/cs349/uwaterloo/ca/mvc2/Model.java,cs349.uwaterloo.ca.mvc2.Model,deleteObservers/0,false,117,0,0,0,0,1,1,3,0,0,0,1,0,0,0,0,0,0,0,0,0,0,0,0,0,0,13,33,0,true
/home/arch_design_predict/download-github-repos/mvvm/repos/CS349_AndroidExamples-master/MVC2/app/src/main/java/cs349/uwaterloo/ca/mvc2/Model.java,cs349.uwaterloo.ca.mvc2.Model,setCounter/1[int],false,51,0,0,0,0,1,1,4,0,0,1,1,0,0,0,0,0,0,2,0,1,1,0,0,0,0,8,1,0,true
/home/arch_design_predict/download-github-repos/mvvm/repos/CS349_AndroidExamples-master/MVC2/app/src/main/java/cs349/uwaterloo/ca/mvc2/Model.java,cs349.uwaterloo.ca.mvc2.Model,getCounter/0,false,41,0,2,2,0,1,0,3,1,0,0,0,0,0,0,0,0,0,0,0,0,0,0,0,0,0,7,1,0,true
/home/arch_design_predict/download-github-repos/mvvm/repos/CS349_AndroidExamples-master/MVC2/app/src/main/java/cs349/uwaterloo/ca/mvc2/Model.java,cs349.uwaterloo.ca.mvc2.Model,Model/0,true,32,0,0,0,0,1,0,3,0,0,0,0,0,0,0,0,0,0,0,1,1,0,0,0,0,0,6,0,0,true
/home/arch_design_predict/download-github-repos/mvvm/repos/CS349_AndroidExamples-master/MVC2/app/src/main/java/cs349/uwaterloo/ca/mvc2/Model.java,cs349.uwaterloo.ca.mvc2.Model,addObserver/1[java.util.Observer],false,108,0,2,2,0,1,1,3,0,0,1,1,0,0,0,0,0,0,0,0,0,0,0,0,0,0,34,33,0,true
/home/arch_design_predict/download-github-repos/mvvm/repos/CS349_AndroidExamples-master/MVC2/app/src/main/java/cs349/uwaterloo/ca/mvc2/Model.java,cs349.uwaterloo.ca.mvc2.Model,deleteObserver/1[java.util.Observer],false,93,0,2,2,0,1,1,3,0,0,1,1,0,0,0,0,0,0,0,0,0,0,0,0,0,0,22,33,0,true
/home/arch_design_predict/download-github-repos/mvvm/repos/CS349_AndroidExamples-master/MVC2/app/src/main/java/cs349/uwaterloo/ca/mvc2/Model.java,cs349.uwaterloo.ca.mvc2.Model,notifyObservers/0,false,139,0,2,2,0,1,1,3,0,0,0,1,0,0,0,0,0,0,0,0,0,0,0,0,0,0,36,1,0,true
/home/arch_design_predict/download-github-repos/mvvm/repos/CS349_AndroidExamples-master/MVC2/app/src/main/java/cs349/uwaterloo/ca/mvc2/Model.java,cs349.uwaterloo.ca.mvc2.Model,initObservers/0,false,80,1,3,2,1,1,2,4,0,0,0,2,1,1,0,0,0,0,0,0,0,0,0,0,0,0,14,1,0,true
/home/arch_design_predict/download-github-repos/mvvm/repos/CS349_AndroidExamples-master/MVC2/app/src/test/java/cs349/uwaterloo/ca/mvc2/ExampleUnitTest.java,cs349.uwaterloo.ca.mvc2.ExampleUnitTest,addition_isCorrect/0,false,16,1,0,0,0,1,1,3,0,0,0,1,0,0,0,0,0,0,0,3,0,1,0,0,0,0,6,1,0,false
/home/arch_design_predict/download-github-repos/mvvm/repos/CS349_AndroidExamples-master/MVC1/app/src/main/java/cs349/uwaterloo/ca/mvc1/View2.java,cs349.uwaterloo.ca.mvc1.View2$Anonymous1,onClick/1[cs349.uwaterloo.ca.mvc1.View],false,48,2,1,0,1,1,1,3,0,0,1,1,0,0,0,0,0,0,0,0,0,0,0,0,0,0,4,1,0,false
/home/arch_design_predict/download-github-repos/mvvm/repos/CS349_AndroidExamples-master/MVC2/app/src/main/java/cs349/uwaterloo/ca/mvc2/MainActivity.java,cs349.uwaterloo.ca.mvc2.MainActivity$Anonymous1,onClick/1[cs349.uwaterloo.ca.mvc2.View],false,49,2,1,0,1,1,1,3,0,0,1,1,0,0,0,0,0,0,0,0,0,0,0,0,0,0,4,1,0,false
/home/arch_design_predict/download-github-repos/mvvm/repos/CS349_AndroidExamples-master/MVC2/app/src/main/java/cs349/uwaterloo/ca/mvc2/SecondActivity.java,cs349.uwaterloo.ca.mvc2.SecondActivity,onOptionsItemSelected/1[cs349.uwaterloo.ca.mvc2.MenuItem],false,132,3,0,0,0,2,4,10,2,1,1,4,0,0,0,0,0,0,0,0,1,0,1,0,0,0,70,1,0,true
/home/arch_design_predict/download-github-repos/mvvm/repos/CS349_AndroidExamples-master/MVC2/app/src/main/java/cs349/uwaterloo/ca/mvc2/SecondActivity.java,cs349.uwaterloo.ca.mvc2.SecondActivity,onDestroy/0,false,64,1,1,0,1,1,4,5,0,0,0,4,0,0,0,0,0,0,1,0,0,0,0,0,0,0,2,4,0,false
/home/arch_design_predict/download-github-repos/mvvm/repos/CS349_AndroidExamples-master/MVC2/app/src/main/java/cs349/uwaterloo/ca/mvc2/SecondActivity.java,cs349.uwaterloo.ca.mvc2.SecondActivity,"update/2[java.util.Observable,java.lang.Object]",false,162,1,1,0,1,2,5,8,0,2,2,5,0,0,1,0,0,0,2,1,2,0,1,0,0,0,32,1,0,true
/home/arch_design_predict/download-github-repos/mvvm/repos/CS349_AndroidExamples-master/MVC2/app/src/main/java/cs349/uwaterloo/ca/mvc2/SecondActivity.java,cs349.uwaterloo.ca.mvc2.SecondActivity,onCreateOptionsMenu/1[cs349.uwaterloo.ca.mvc2.Menu],false,107,2,0,0,0,1,3,5,1,1,1,3,0,0,0,0,0,0,0,0,1,0,0,0,0,0,81,1,0,true
/home/arch_design_predict/download-github-repos/mvvm/repos/CS349_AndroidExamples-master/MVC2/app/src/main/java/cs349/uwaterloo/ca/mvc2/SecondActivity.java,cs349.uwaterloo.ca.mvc2.SecondActivity,onCreate/1[cs349.uwaterloo.ca.mvc2.Bundle],false,32,4,3,0,3,1,9,15,0,0,1,9,0,0,0,0,0,0,1,0,2,0,0,1,0,0,30,4,0,true
/home/arch_design_predict/download-github-repos/mvvm/repos/CS349_AndroidExamples-master/MVP1/app/src/main/java/cs349/uwaterloo/ca/mvp1/SecondViewModel.java,cs349.uwaterloo.ca.mvp1.SecondViewModel,getCounter/0,false,40,1,1,1,0,1,0,3,1,0,0,0,0,0,0,0,0,0,0,0,0,0,0,0,0,0,4,1,0,false
/home/arch_design_predict/download-github-repos/mvvm/repos/CS349_AndroidExamples-master/MVP1/app/src/main/java/cs349/uwaterloo/ca/mvp1/SecondViewModel.java,cs349.uwaterloo.ca.mvp1.SecondViewModel,init/1[java.lang.Integer],false,26,2,4,1,3,3,3,10,0,0,1,3,0,0,0,2,0,0,0,0,2,0,1,0,0,0,8,1,0,false
/home/arch_design_predict/download-github-repos/mvvm/repos/CS349_AndroidExamples-master/MVP1/app/src/main/java/cs349/uwaterloo/ca/mvp1/SecondViewModel.java,cs349.uwaterloo.ca.mvp1.SecondViewModel,"update/2[java.util.Observable,java.lang.Object]",false,61,1,1,0,1,2,4,7,0,2,2,4,0,0,1,0,0,0,1,1,2,0,1,0,0,0,31,1,0,true
/home/arch_design_predict/download-github-repos/mvvm/repos/CS349_AndroidExamples-master/MVP1/app/src/main/java/cs349/uwaterloo/ca/mvp1/SecondViewModel.java,cs349.uwaterloo.ca.mvp1.SecondViewModel,incrementCounter/0,false,45,1,2,1,1,1,1,3,0,0,0,1,0,0,0,0,0,0,0,0,0,0,0,0,0,0,2,1,0,false
/home/arch_design_predict/download-github-repos/mvvm/repos/CS349_AndroidExamples-master/MVP1/app/src/main/java/cs349/uwaterloo/ca/mvp1/MainActivity.java,cs349.uwaterloo.ca.mvp1.MainActivity,onOptionsItemSelected/1[cs349.uwaterloo.ca.mvp1.MenuItem],false,128,3,0,0,0,2,4,10,2,1,1,4,0,0,0,0,0,0,0,0,1,0,1,0,0,0,70,1,0,true
/home/arch_design_predict/download-github-repos/mvvm/repos/CS349_AndroidExamples-master/MVP1/app/src/main/java/cs349/uwaterloo/ca/mvp1/MainActivity.java,cs349.uwaterloo.ca.mvp1.MainActivity,onCreate/1[cs349.uwaterloo.ca.mvp1.Bundle],false,30,5,2,0,2,1,9,19,0,0,1,9,0,0,0,0,0,0,0,1,2,0,0,2,0,0,34,4,0,true
/home/arch_design_predict/download-github-repos/mvvm/repos/CS349_AndroidExamples-master/MVP1/app/src/main/java/cs349/uwaterloo/ca/mvp1/MainActivity.java,cs349.uwaterloo.ca.mvp1.MainActivity,onCreateOptionsMenu/1[cs349.uwaterloo.ca.mvp1.Menu],false,103,2,0,0,0,1,3,5,1,1,1,3,0,0,0,0,0,0,0,0,1,0,0,0,0,0,81,1,0,true
/home/arch_design_predict/download-github-repos/mvvm/repos/CS349_AndroidExamples-master/MVP1/app/src/main/java/cs349/uwaterloo/ca/mvp1/SecondActivity.java,cs349.uwaterloo.ca.mvp1.SecondActivity,onOptionsItemSelected/1[cs349.uwaterloo.ca.mvp1.MenuItem],false,125,3,0,0,0,2,4,10,2,1,1,4,0,0,0,0,0,0,0,0,1,0,1,0,0,0,70,1,0,true
/home/arch_design_predict/download-github-repos/mvvm/repos/CS349_AndroidExamples-master/MVP1/app/src/main/java/cs349/uwaterloo/ca/mvp1/SecondActivity.java,cs349.uwaterloo.ca.mvp1.SecondActivity,onCreateOptionsMenu/1[cs349.uwaterloo.ca.mvp1.Menu],false,100,2,0,0,0,1,3,5,1,1,1,3,0,0,0,0,0,0,0,0,1,0,0,0,0,0,81,1,0,true
/home/arch_design_predict/download-github-repos/mvvm/repos/CS349_AndroidExamples-master/MVP1/app/src/main/java/cs349/uwaterloo/ca/mvp1/SecondActivity.java,cs349.uwaterloo.ca.mvp1.SecondActivity,onCreate/1[cs349.uwaterloo.ca.mvp1.Bundle],false,30,5,2,0,2,1,9,19,0,0,1,9,0,0,0,0,0,0,0,1,2,0,0,2,0,0,33,4,0,true
/home/arch_design_predict/download-github-repos/mvvm/repos/CS349_AndroidExamples-master/MVC2/app/src/main/java/cs349/uwaterloo/ca/mvc2/MainActivity.java,cs349.uwaterloo.ca.mvc2.MainActivity,onDestroy/0,false,61,1,1,0,1,1,4,5,0,0,0,4,0,0,0,0,0,0,1,0,0,0,0,0,0,0,2,4,0,false
/home/arch_design_predict/download-github-repos/mvvm/repos/CS349_AndroidExamples-master/MVC2/app/src/main/java/cs349/uwaterloo/ca/mvc2/MainActivity.java,cs349.uwaterloo.ca.mvc2.MainActivity,onOptionsItemSelected/1[cs349.uwaterloo.ca.mvc2.MenuItem],false,129,3,0,0,0,2,4,10,2,1,1,4,0,0,0,0,0,0,0,0,1,0,1,0,0,0,70,1,0,true
/home/arch_design_predict/download-github-repos/mvvm/repos/CS349_AndroidExamples-master/MVC2/app/src/main/java/cs349/uwaterloo/ca/mvc2/MainActivity.java,cs349.uwaterloo.ca.mvc2.MainActivity,onCreate/1[cs349.uwaterloo.ca.mvc2.Bundle],false,30,4,3,0,3,1,9,15,0,0,1,9,0,0,0,0,0,0,1,0,2,0,0,1,0,0,31,4,0,true
/home/arch_design_predict/download-github-repos/mvvm/repos/CS349_AndroidExamples-master/MVC2/app/src/main/java/cs349/uwaterloo/ca/mvc2/MainActivity.java,cs349.uwaterloo.ca.mvc2.MainActivity,onCreateOptionsMenu/1[cs349.uwaterloo.ca.mvc2.Menu],false,104,2,0,0,0,1,3,5,1,1,1,3,0,0,0,0,0,0,0,0,1,0,0,0,0,0,81,1,0,true
/home/arch_design_predict/download-github-repos/mvvm/repos/CS349_AndroidExamples-master/MVC2/app/src/main/java/cs349/uwaterloo/ca/mvc2/MainActivity.java,cs349.uwaterloo.ca.mvc2.MainActivity,"update/2[java.util.Observable,java.lang.Object]",false,157,1,1,0,1,1,3,3,0,0,2,3,0,0,0,0,0,0,0,0,0,0,0,0,0,0,27,1,0,true
/home/arch_design_predict/download-github-repos/mvvm/repos/CS349_AndroidExamples-master/MVC2/app/src/androidTest/java/cs349/uwaterloo/ca/mvc2/ExampleInstrumentedTest.java,cs349.uwaterloo.ca.mvc2.ExampleInstrumentedTest,useAppContext/0,false,22,2,0,0,0,1,3,4,0,1,0,3,0,0,0,0,0,0,1,0,1,0,0,0,0,0,7,1,0,false
/home/arch_design_predict/download-github-repos/mvvm/repos/CS349_AndroidExamples-master/MVP1/app/src/main/java/cs349/uwaterloo/ca/mvp1/SecondActivity.java,cs349.uwaterloo.ca.mvp1.SecondActivity$Anonymous1,onChanged/1[java.lang.String],false,48,1,0,0,0,1,1,3,0,0,1,1,0,0,0,0,0,0,0,0,0,0,0,0,0,0,3,1,0,false
/home/arch_design_predict/download-github-repos/mvvm/repos/CS349_AndroidExamples-master/MVP1/app/src/main/java/cs349/uwaterloo/ca/mvp1/SecondActivity.java,cs349.uwaterloo.ca.mvp1.SecondActivity$Anonymous2,onClick/1[cs349.uwaterloo.ca.mvp1.View],false,58,2,2,0,2,1,1,3,0,0,1,1,0,0,0,0,0,0,0,0,0,0,0,0,0,0,4,1,0,false
/home/arch_design_predict/download-github-repos/mvvm/repos/CS349_AndroidExamples-master/MVP1/app/src/main/java/cs349/uwaterloo/ca/mvp1/MainActivity.java,cs349.uwaterloo.ca.mvp1.MainActivity$Anonymous1,onChanged/1[java.lang.Integer],false,50,1,0,0,0,1,2,3,0,0,1,2,0,0,0,0,0,0,0,0,0,0,0,0,0,0,4,1,0,false
/home/arch_design_predict/download-github-repos/mvvm/repos/CS349_AndroidExamples-master/MVP1/app/src/main/java/cs349/uwaterloo/ca/mvp1/MainActivity.java,cs349.uwaterloo.ca.mvp1.MainActivity$Anonymous2,onClick/1[cs349.uwaterloo.ca.mvp1.View],false,60,2,2,0,2,1,1,3,0,0,1,1,0,0,0,0,0,0,0,0,0,0,0,0,0,0,4,1,0,false
/home/arch_design_predict/download-github-repos/mvvm/repos/CS349_AndroidExamples-master/MVC2/app/src/main/java/cs349/uwaterloo/ca/mvc2/SecondActivity.java,cs349.uwaterloo.ca.mvc2.SecondActivity$Anonymous1,onClick/1[cs349.uwaterloo.ca.mvc2.View],false,51,2,1,0,1,1,1,3,0,0,1,1,0,0,0,0,0,0,0,0,0,0,0,0,0,0,4,1,0,false
/home/arch_design_predict/download-github-repos/mvvm/repos/CS349_AndroidExamples-master/MVC1/app/src/main/java/cs349/uwaterloo/ca/mvc1/View1.java,cs349.uwaterloo.ca.mvc1.View1,"update/2[java.util.Observable,java.lang.Object]",false,67,1,1,0,1,1,5,4,0,0,2,5,0,0,0,0,0,0,1,0,0,0,0,0,0,0,28,1,0,true
/home/arch_design_predict/download-github-repos/mvvm/repos/CS349_AndroidExamples-master/MVC1/app/src/main/java/cs349/uwaterloo/ca/mvc1/View1.java,cs349.uwaterloo.ca.mvc1.View1,"View1/2[cs349.uwaterloo.ca.mvc1.Context,cs349.uwaterloo.ca.mvc1.Model]",true,28,4,2,1,1,1,6,14,0,0,2,6,0,0,0,0,0,0,1,0,2,0,0,1,0,0,16,1,0,false
/home/arch_design_predict/download-github-repos/mvvm/repos/CS349_AndroidExamples-master/MVC1/app/src/main/java/cs349/uwaterloo/ca/mvc1/View2.java,cs349.uwaterloo.ca.mvc1.View2,"update/2[java.util.Observable,java.lang.Object]",false,68,1,1,0,1,2,5,8,0,2,2,5,0,0,1,0,0,0,2,1,2,0,1,0,0,0,32,1,0,true
/home/arch_design_predict/download-github-repos/mvvm/repos/CS349_AndroidExamples-master/MVC1/app/src/main/java/cs349/uwaterloo/ca/mvc1/View2.java,cs349.uwaterloo.ca.mvc1.View2,"View2/2[cs349.uwaterloo.ca.mvc1.Context,cs349.uwaterloo.ca.mvc1.Model]",true,27,4,2,1,1,1,6,14,0,0,2,6,0,0,0,0,0,0,1,0,2,0,0,1,0,0,16,1,0,false
/home/arch_design_predict/download-github-repos/mvvm/repos/CS349_AndroidExamples-master/MVC1/app/src/main/java/cs349/uwaterloo/ca/mvc1/Model.java,cs349.uwaterloo.ca.mvc1.Model,getCounter/0,false,38,0,3,3,0,1,0,3,1,0,0,0,0,0,0,0,0,0,0,0,0,0,0,0,0,0,7,1,0,true
/home/arch_design_predict/download-github-repos/mvvm/repos/CS349_AndroidExamples-master/MVC1/app/src/main/java/cs349/uwaterloo/ca/mvc1/Model.java,cs349.uwaterloo.ca.mvc1.Model,setCounter/1[int],false,48,0,1,1,0,1,1,4,0,0,1,1,0,0,0,0,0,0,2,0,1,1,0,0,0,0,8,1,0,true
/home/arch_design_predict/download-github-repos/mvvm/repos/CS349_AndroidExamples-master/MVC1/app/src/main/java/cs349/uwaterloo/ca/mvc1/Model.java,cs349.uwaterloo.ca.mvc1.Model,deleteObservers/0,false,114,0,0,0,0,1,1,3,0,0,0,1,0,0,0,0,0,0,0,0,0,0,0,0,0,0,13,33,0,true
/home/arch_design_predict/download-github-repos/mvvm/repos/CS349_AndroidExamples-master/MVC1/app/src/main/java/cs349/uwaterloo/ca/mvc1/Model.java,cs349.uwaterloo.ca.mvc1.Model,incrementCounter/0,false,57,1,2,1,1,1,3,6,0,0,0,3,1,1,0,0,0,0,2,0,0,1,0,0,0,0,11,1,0,true
/home/arch_design_predict/download-github-repos/mvvm/repos/CS349_AndroidExamples-master/MVC1/app/src/main/java/cs349/uwaterloo/ca/mvc1/Model.java,cs349.uwaterloo.ca.mvc1.Model,deleteObserver/1[java.util.Observer],false,90,0,0,0,0,1,1,3,0,0,1,1,0,0,0,0,0,0,0,0,0,0,0,0,0,0,22,33,0,true
/home/arch_design_predict/download-github-repos/mvvm/repos/CS349_AndroidExamples-master/MVC1/app/src/main/java/cs349/uwaterloo/ca/mvc1/Model.java,cs349.uwaterloo.ca.mvc1.Model,notifyObservers/0,false,136,0,2,2,0,1,1,3,0,0,0,1,0,0,0,0,0,0,0,0,0,0,0,0,0,0,36,1,0,true
/home/arch_design_predict/download-github-repos/mvvm/repos/CS349_AndroidExamples-master/MVC1/app/src/main/java/cs349/uwaterloo/ca/mvc1/Model.java,cs349.uwaterloo.ca.mvc1.Model,Model/0,true,29,0,1,1,0,1,0,3,0,0,0,0,0,0,0,0,0,0,0,1,1,0,0,0,0,0,6,0,0,true
/home/arch_design_predict/download-github-repos/mvvm/repos/CS349_AndroidExamples-master/MVC1/app/src/main/java/cs349/uwaterloo/ca/mvc1/Model.java,cs349.uwaterloo.ca.mvc1.Model,initObservers/0,false,77,1,2,1,1,1,2,4,0,0,0,2,1,1,0,0,0,0,0,0,0,0,0,0,0,0,14,1,0,true
/home/arch_design_predict/download-github-repos/mvvm/repos/CS349_AndroidExamples-master/MVC1/app/src/main/java/cs349/uwaterloo/ca/mvc1/Model.java,cs349.uwaterloo.ca.mvc1.Model,addObserver/1[java.util.Observer],false,105,0,2,2,0,1,1,3,0,0,1,1,0,0,0,0,0,0,0,0,0,0,0,0,0,0,34,33,0,true
/home/arch_design_predict/download-github-repos/mvvm/repos/CS349_AndroidExamples-master/MVP1/app/src/main/java/cs349/uwaterloo/ca/mvp1/Model.java,cs349.uwaterloo.ca.mvp1.Model,incrementCounter/0,false,60,1,3,2,1,1,3,6,0,0,0,3,1,1,0,0,0,0,2,0,0,1,0,0,0,0,11,1,0,true
/home/arch_design_predict/download-github-repos/mvvm/repos/CS349_AndroidExamples-master/MVP1/app/src/main/java/cs349/uwaterloo/ca/mvp1/Model.java,cs349.uwaterloo.ca.mvp1.Model,getInstance/0,false,21,1,2,2,0,1,0,3,1,0,0,0,0,0,0,0,0,0,0,0,0,0,0,0,0,0,4,8,0,false
/home/arch_design_predict/download-github-repos/mvvm/repos/CS349_AndroidExamples-master/MVP1/app/src/main/java/cs349/uwaterloo/ca/mvp1/Model.java,cs349.uwaterloo.ca.mvp1.Model,deleteObservers/0,false,117,0,0,0,0,1,1,3,0,0,0,1,0,0,0,0,0,0,0,0,0,0,0,0,0,0,13,33,0,true
/home/arch_design_predict/download-github-repos/mvvm/repos/CS349_AndroidExamples-master/MVP1/app/src/main/java/cs349/uwaterloo/ca/mvp1/Model.java,cs349.uwaterloo.ca.mvp1.Model,setCounter/1[int],false,51,0,0,0,0,1,1,4,0,0,1,1,0,0,0,0,0,0,2,0,1,1,0,0,0,0,8,1,0,true
/home/arch_design_predict/download-github-repos/mvvm/repos/CS349_AndroidExamples-master/MVP1/app/src/main/java/cs349/uwaterloo/ca/mvp1/Model.java,cs349.uwaterloo.ca.mvp1.Model,getCounter/0,false,41,0,2,2,0,1,0,3,1,0,0,0,0,0,0,0,0,0,0,0,0,0,0,0,0,0,7,1,0,true
/home/arch_design_predict/download-github-repos/mvvm/repos/CS349_AndroidExamples-master/MVP1/app/src/main/java/cs349/uwaterloo/ca/mvp1/Model.java,cs349.uwaterloo.ca.mvp1.Model,Model/0,true,32,0,0,0,0,1,0,3,0,0,0,0,0,0,0,0,0,0,0,1,1,0,0,0,0,0,6,0,0,true
/home/arch_design_predict/download-github-repos/mvvm/repos/CS349_AndroidExamples-master/MVP1/app/src/main/java/cs349/uwaterloo/ca/mvp1/Model.java,cs349.uwaterloo.ca.mvp1.Model,addObserver/1[java.util.Observer],false,108,0,2,2,0,1,1,3,0,0,1,1,0,0,0,0,0,0,0,0,0,0,0,0,0,0,34,33,0,true
/home/arch_design_predict/download-github-repos/mvvm/repos/CS349_AndroidExamples-master/MVP1/app/src/main/java/cs349/uwaterloo/ca/mvp1/Model.java,cs349.uwaterloo.ca.mvp1.Model,deleteObserver/1[java.util.Observer],false,93,0,0,0,0,1,1,3,0,0,1,1,0,0,0,0,0,0,0,0,0,0,0,0,0,0,22,33,0,true
/home/arch_design_predict/download-github-repos/mvvm/repos/CS349_AndroidExamples-master/MVP1/app/src/main/java/cs349/uwaterloo/ca/mvp1/Model.java,cs349.uwaterloo.ca.mvp1.Model,notifyObservers/0,false,139,0,2,2,0,1,1,3,0,0,0,1,0,0,0,0,0,0,0,0,0,0,0,0,0,0,36,1,0,true
/home/arch_design_predict/download-github-repos/mvvm/repos/CS349_AndroidExamples-master/MVP1/app/src/main/java/cs349/uwaterloo/ca/mvp1/Model.java,cs349.uwaterloo.ca.mvp1.Model,initObservers/0,false,80,1,3,2,1,1,2,4,0,0,0,2,1,1,0,0,0,0,0,0,0,0,0,0,0,0,14,1,0,true
/home/arch_design_predict/download-github-repos/mvvm/repos/CS349_AndroidExamples-master/MVP1/app/src/androidTest/java/cs349/uwaterloo/ca/mvp1/ExampleInstrumentedTest.java,cs349.uwaterloo.ca.mvp1.ExampleInstrumentedTest,useAppContext/0,false,22,2,0,0,0,1,3,4,0,1,0,3,0,0,0,0,0,0,1,0,1,0,0,0,0,0,7,1,0,false
/home/arch_design_predict/download-github-repos/mvvm/repos/CS349_AndroidExamples-master/MVC1/app/src/test/java/cs349/uwaterloo/ca/mvc1/ExampleUnitTest.java,cs349.uwaterloo.ca.mvc1.ExampleUnitTest,addition_isCorrect/0,false,16,1,0,0,0,1,1,3,0,0,0,1,0,0,0,0,0,0,0,3,0,1,0,0,0,0,6,1,0,false
/home/arch_design_predict/download-github-repos/mvvm/repos/CS349_AndroidExamples-master/MVC1/app/src/main/java/cs349/uwaterloo/ca/mvc1/View1.java,cs349.uwaterloo.ca.mvc1.View1$Anonymous1,onClick/1[cs349.uwaterloo.ca.mvc1.View],false,49,2,1,0,1,1,1,3,0,0,1,1,0,0,0,0,0,0,0,0,0,0,0,0,0,0,4,1,0,false
/home/arch_design_predict/download-github-repos/mvvm/repos/CS349_AndroidExamples-master/MVP1/app/src/main/java/cs349/uwaterloo/ca/mvp1/MainViewModel.java,cs349.uwaterloo.ca.mvp1.MainViewModel,getCounter/0,false,40,1,1,1,0,1,0,3,1,0,0,0,0,0,0,0,0,0,0,0,0,0,0,0,0,0,3,1,0,false
/home/arch_design_predict/download-github-repos/mvvm/repos/CS349_AndroidExamples-master/MVP1/app/src/main/java/cs349/uwaterloo/ca/mvp1/MainViewModel.java,cs349.uwaterloo.ca.mvp1.MainViewModel,init/1[java.lang.Integer],false,26,2,4,1,3,3,3,10,0,0,1,3,0,0,0,2,0,0,0,0,2,0,1,0,0,0,7,1,0,false
/home/arch_design_predict/download-github-repos/mvvm/repos/CS349_AndroidExamples-master/MVP1/app/src/main/java/cs349/uwaterloo/ca/mvp1/MainViewModel.java,cs349.uwaterloo.ca.mvp1.MainViewModel,"update/2[java.util.Observable,java.lang.Object]",false,61,1,1,0,1,1,2,3,0,0,2,2,0,0,0,0,0,0,0,0,0,0,0,0,0,0,27,1,0,true
/home/arch_design_predict/download-github-repos/mvvm/repos/CS349_AndroidExamples-master/MVP1/app/src/main/java/cs349/uwaterloo/ca/mvp1/MainViewModel.java,cs349.uwaterloo.ca.mvp1.MainViewModel,incrementCounter/0,false,45,1,2,1,1,1,1,3,0,0,0,1,0,0,0,0,0,0,0,0,0,0,0,0,0,0,2,1,0,false
/home/arch_design_predict/download-github-repos/mvvm/repos/CS349_AndroidExamples-master/MVP1/app/src/test/java/cs349/uwaterloo/ca/mvp1/ExampleUnitTest.java,cs349.uwaterloo.ca.mvp1.ExampleUnitTest,addition_isCorrect/0,false,16,1,0,0,0,1,1,3,0,0,0,1,0,0,0,0,0,0,0,3,0,1,0,0,0,0,6,1,0,false
