file,class,method,constructor,line,cbo,cboModified,fanin,fanout,wmc,rfc,loc,returnsQty,variablesQty,parametersQty,methodsInvokedQty,methodsInvokedLocalQty,methodsInvokedIndirectLocalQty,loopQty,comparisonsQty,tryCatchQty,parenthesizedExpsQty,stringLiteralsQty,numbersQty,assignmentsQty,mathOperationsQty,maxNestedBlocksQty,anonymousClassesQty,innerClassesQty,lambdasQty,uniqueWordsQty,modifiers,logStatementsQty,hasJavaDoc
/home/arch_design_predict/download-github-repos/mvp/repos/android-mvp2-master/app/src/main/java/com/mvp/model/LoginViewImpl.java,com.mvp.model.LoginViewImpl$Anonymous1,run/0,false,17,1,1,0,1,1,1,3,0,0,0,1,0,0,0,0,0,0,0,0,0,0,0,0,0,0,1,1,0,false
/home/arch_design_predict/download-github-repos/mvp/repos/android-mvp2-master/app/src/main/java/com/mvp/model/LoginModel.java,com.mvp.model.LoginModel$OnLoginFinishedListener,onUserNameError/0,false,7,0,1,1,0,1,0,1,0,0,0,0,0,0,0,0,0,0,0,0,0,0,0,0,0,0,4,0,0,false
/home/arch_design_predict/download-github-repos/mvp/repos/android-mvp2-master/app/src/main/java/com/mvp/model/LoginModel.java,com.mvp.model.LoginModel$OnLoginFinishedListener,onSuccess/0,false,11,0,1,1,0,1,0,1,0,0,0,0,0,0,0,0,0,0,0,0,0,0,0,0,0,0,2,0,0,false
/home/arch_design_predict/download-github-repos/mvp/repos/android-mvp2-master/app/src/main/java/com/mvp/model/LoginModel.java,com.mvp.model.LoginModel$OnLoginFinishedListener,onPasswordError/0,false,9,0,1,1,0,1,0,1,0,0,0,0,0,0,0,0,0,0,0,0,0,0,0,0,0,0,3,0,0,false
/home/arch_design_predict/download-github-repos/mvp/repos/android-mvp2-master/app/src/main/java/com/mvp/model/LoginModel.java,com.mvp.model.LoginModel$OnLoginFinishedListener,onFailure/1[java.lang.String],false,13,0,1,1,0,1,0,1,0,0,1,0,0,0,0,0,0,0,0,0,0,0,0,0,0,0,3,0,0,false
/home/arch_design_predict/download-github-repos/mvp/repos/android-mvp2-master/app/src/test/java/com/mvp/ExampleUnitTest.java,com.mvp.ExampleUnitTest,addition_isCorrect/0,false,14,1,0,0,0,1,1,3,0,0,0,1,0,0,0,0,0,0,0,3,0,1,0,0,0,0,5,1,0,false
/home/arch_design_predict/download-github-repos/mvp/repos/android-mvp2-master/app/src/main/java/com/mvp/model/LoginModel.java,com.mvp.model.LoginModel,"login/3[java.lang.String,java.lang.String,com.mvp.model.LoginModel.OnLoginFinishedListener]",false,16,1,1,1,0,1,0,1,0,0,3,0,0,0,0,0,0,0,0,0,0,0,0,0,0,0,2,0,0,false
/home/arch_design_predict/download-github-repos/mvp/repos/android-mvp2-master/app/src/main/java/com/mvp/activity/MainActivity.java,com.mvp.activity.MainActivity,onCreate/1[com.mvp.activity.Bundle],false,11,1,0,0,0,1,2,4,0,0,1,2,0,0,0,0,0,0,0,0,0,0,0,0,0,0,9,4,0,false
/home/arch_design_predict/download-github-repos/mvp/repos/android-mvp2-master/app/src/main/java/com/mvp/activity/LoginActivity.java,com.mvp.activity.LoginActivity,onCreate/1[com.mvp.activity.Bundle],false,25,6,1,0,1,1,4,15,0,0,1,4,0,0,0,0,0,0,0,0,5,0,0,1,0,0,30,4,0,false
/home/arch_design_predict/download-github-repos/mvp/repos/android-mvp2-master/app/src/main/java/com/mvp/activity/LoginActivity.java,com.mvp.activity.LoginActivity,showProgress/0,false,50,0,0,0,0,1,1,3,0,0,0,1,0,0,0,0,0,0,0,0,0,0,0,0,0,0,2,1,0,false
/home/arch_design_predict/download-github-repos/mvp/repos/android-mvp2-master/app/src/main/java/com/mvp/activity/LoginActivity.java,com.mvp.activity.LoginActivity,onDestroy/0,false,44,1,1,0,1,1,2,4,0,0,0,2,0,0,0,0,0,0,0,0,0,0,0,0,0,0,2,4,0,false
/home/arch_design_predict/download-github-repos/mvp/repos/android-mvp2-master/app/src/main/java/com/mvp/activity/LoginActivity.java,com.mvp.activity.LoginActivity,hideProgress/0,false,55,0,0,0,0,1,1,3,0,0,0,1,0,0,0,0,0,0,0,0,0,0,0,0,0,0,2,1,0,false
/home/arch_design_predict/download-github-repos/mvp/repos/android-mvp2-master/app/src/main/java/com/mvp/activity/LoginActivity.java,com.mvp.activity.LoginActivity,setPasswordError/0,false,65,0,0,0,0,1,1,3,0,0,0,1,0,0,0,0,0,0,1,0,0,0,0,0,0,0,3,1,0,false
/home/arch_design_predict/download-github-repos/mvp/repos/android-mvp2-master/app/src/main/java/com/mvp/activity/LoginActivity.java,com.mvp.activity.LoginActivity,showAlert/1[java.lang.String],false,75,0,0,0,0,1,2,3,0,0,1,2,0,0,0,0,0,0,0,0,0,0,0,0,0,0,3,1,0,false
/home/arch_design_predict/download-github-repos/mvp/repos/android-mvp2-master/app/src/main/java/com/mvp/activity/LoginActivity.java,com.mvp.activity.LoginActivity,setUserNameError/0,false,60,0,0,0,0,1,1,3,0,0,0,1,0,0,0,0,0,0,1,0,0,0,0,0,0,0,4,1,0,false
/home/arch_design_predict/download-github-repos/mvp/repos/android-mvp2-master/app/src/main/java/com/mvp/activity/LoginActivity.java,com.mvp.activity.LoginActivity,navigateMain/0,false,70,2,0,0,0,1,1,3,0,0,0,1,0,0,0,0,0,0,0,0,0,0,0,0,0,0,5,1,0,false
/home/arch_design_predict/download-github-repos/mvp/repos/android-mvp2-master/app/src/main/java/com/mvp/presenter/LoginPresenterImpl.java,com.mvp.presenter.LoginPresenterImpl,LoginPresenterImpl/1[com.mvp.view.LoginView],true,12,2,2,1,1,1,0,4,0,0,1,0,0,0,0,0,0,0,0,0,2,0,0,0,0,0,5,1,0,false
/home/arch_design_predict/download-github-repos/mvp/repos/android-mvp2-master/app/src/main/java/com/mvp/presenter/LoginPresenterImpl.java,com.mvp.presenter.LoginPresenterImpl,onPasswordError/0,false,41,1,2,0,2,2,2,6,0,0,0,2,0,0,0,1,0,0,0,0,0,0,1,0,0,0,6,1,0,false
/home/arch_design_predict/download-github-repos/mvp/repos/android-mvp2-master/app/src/main/java/com/mvp/presenter/LoginPresenterImpl.java,com.mvp.presenter.LoginPresenterImpl,"validateCredential/2[java.lang.String,java.lang.String]",false,18,2,2,0,2,2,2,6,0,0,2,2,0,0,0,1,0,0,0,0,0,0,1,0,0,0,6,1,0,false
/home/arch_design_predict/download-github-repos/mvp/repos/android-mvp2-master/app/src/main/java/com/mvp/presenter/LoginPresenterImpl.java,com.mvp.presenter.LoginPresenterImpl,onUserNameError/0,false,33,1,2,0,2,2,2,6,0,0,0,2,0,0,0,1,0,0,0,0,0,0,1,0,0,0,7,1,0,false
/home/arch_design_predict/download-github-repos/mvp/repos/android-mvp2-master/app/src/main/java/com/mvp/presenter/LoginPresenterImpl.java,com.mvp.presenter.LoginPresenterImpl,onDestroy/0,false,26,0,0,0,0,2,0,5,0,0,0,0,0,0,0,1,0,0,0,0,1,0,1,0,0,0,5,1,0,false
/home/arch_design_predict/download-github-repos/mvp/repos/android-mvp2-master/app/src/main/java/com/mvp/presenter/LoginPresenterImpl.java,com.mvp.presenter.LoginPresenterImpl,onFailure/1[java.lang.String],false,57,1,2,0,2,2,2,6,0,0,1,2,0,0,0,1,0,0,0,0,0,0,1,0,0,0,6,1,0,false
/home/arch_design_predict/download-github-repos/mvp/repos/android-mvp2-master/app/src/main/java/com/mvp/presenter/LoginPresenterImpl.java,com.mvp.presenter.LoginPresenterImpl,onSuccess/0,false,49,1,2,0,2,2,2,6,0,0,0,2,0,0,0,1,0,0,0,0,0,0,1,0,0,0,5,1,0,false
/home/arch_design_predict/download-github-repos/mvp/repos/android-mvp2-master/app/src/main/java/com/mvp/model/LoginViewImpl.java,com.mvp.model.LoginViewImpl,"login/3[java.lang.String,java.lang.String,com.mvp.model.LoginModel.OnLoginFinishedListener]",false,9,2,4,0,4,5,6,19,0,0,3,6,0,0,0,0,0,0,3,1,0,0,1,1,0,0,12,1,0,false
/home/arch_design_predict/download-github-repos/mvp/repos/android-mvp2-master/app/src/main/java/com/mvp/presenter/LoginPresenter.java,com.mvp.presenter.LoginPresenter,"validateCredential/2[java.lang.String,java.lang.String]",false,4,0,1,1,0,1,0,1,0,0,2,0,0,0,0,0,0,0,0,0,0,0,0,0,0,0,3,0,0,false
/home/arch_design_predict/download-github-repos/mvp/repos/android-mvp2-master/app/src/main/java/com/mvp/presenter/LoginPresenter.java,com.mvp.presenter.LoginPresenter,onDestroy/0,false,6,0,1,1,0,1,0,1,0,0,0,0,0,0,0,0,0,0,0,0,0,0,0,0,0,0,2,0,0,false
/home/arch_design_predict/download-github-repos/mvp/repos/android-mvp2-master/app/src/main/java/com/mvp/view/LoginView.java,com.mvp.view.LoginView,navigateMain/0,false,13,0,1,1,0,1,0,1,0,0,0,0,0,0,0,0,0,0,0,0,0,0,0,0,0,0,2,0,0,false
/home/arch_design_predict/download-github-repos/mvp/repos/android-mvp2-master/app/src/main/java/com/mvp/view/LoginView.java,com.mvp.view.LoginView,showProgress/0,false,5,0,1,1,0,1,0,1,0,0,0,0,0,0,0,0,0,0,0,0,0,0,0,0,0,0,2,0,0,false
/home/arch_design_predict/download-github-repos/mvp/repos/android-mvp2-master/app/src/main/java/com/mvp/view/LoginView.java,com.mvp.view.LoginView,hideProgress/0,false,7,0,4,4,0,1,0,1,0,0,0,0,0,0,0,0,0,0,0,0,0,0,0,0,0,0,2,0,0,false
/home/arch_design_predict/download-github-repos/mvp/repos/android-mvp2-master/app/src/main/java/com/mvp/view/LoginView.java,com.mvp.view.LoginView,setPasswordError/0,false,11,0,1,1,0,1,0,1,0,0,0,0,0,0,0,0,0,0,0,0,0,0,0,0,0,0,3,0,0,false
/home/arch_design_predict/download-github-repos/mvp/repos/android-mvp2-master/app/src/main/java/com/mvp/view/LoginView.java,com.mvp.view.LoginView,showAlert/1[java.lang.String],false,15,0,1,1,0,1,0,1,0,0,1,0,0,0,0,0,0,0,0,0,0,0,0,0,0,0,3,0,0,false
/home/arch_design_predict/download-github-repos/mvp/repos/android-mvp2-master/app/src/main/java/com/mvp/view/LoginView.java,com.mvp.view.LoginView,setUserNameError/0,false,9,0,1,1,0,1,0,1,0,0,0,0,0,0,0,0,0,0,0,0,0,0,0,0,0,0,4,0,0,false
/home/arch_design_predict/download-github-repos/mvp/repos/android-mvp2-master/app/src/main/java/com/mvp/activity/LoginActivity.java,com.mvp.activity.LoginActivity$Anonymous1,onClick/1[com.mvp.activity.View],false,37,2,1,0,1,1,4,3,0,0,1,4,0,0,0,0,0,0,0,0,0,0,0,0,0,0,4,1,0,false
/home/arch_design_predict/download-github-repos/mvp/repos/android-mvp2-master/app/src/androidTest/java/com/mvp/ExampleInstrumentedTest.java,com.mvp.ExampleInstrumentedTest,useAppContext/0,false,20,2,0,0,0,1,3,4,0,1,0,3,0,0,0,0,0,0,1,0,1,0,0,0,0,0,6,1,0,false
