file,class,method,variable,usage
/Users/sirojiddinkomolov/Documents/innopolis/research/arch_design_pattern_detection/exps/3rd_revision/coach_repos_r/calendar-color-master/app/src/main/java/ch/ihdg/calendarcolor/ColorPickerActivity.java,ch.ihdg.calendarcolor.ColorPickerActivity,onCreate/1[ch.ihdg.calendarcolor.Bundle],ARG_ID,1
/Users/sirojiddinkomolov/Documents/innopolis/research/arch_design_pattern_detection/exps/3rd_revision/coach_repos_r/calendar-color-master/app/src/main/java/ch/ihdg/calendarcolor/ColorPickerActivity.java,ch.ihdg.calendarcolor.ColorPickerActivity,onCreate/1[ch.ihdg.calendarcolor.Bundle],ARG_COLOR,1
/Users/sirojiddinkomolov/Documents/innopolis/research/arch_design_pattern_detection/exps/3rd_revision/coach_repos_r/calendar-color-master/app/src/main/java/ch/ihdg/calendarcolor/ColorPickerActivity.java,ch.ihdg.calendarcolor.ColorPickerActivity,onCreate/1[ch.ihdg.calendarcolor.Bundle],ARG_NAME,1
/Users/sirojiddinkomolov/Documents/innopolis/research/arch_design_pattern_detection/exps/3rd_revision/coach_repos_r/calendar-color-master/app/src/main/java/ch/ihdg/calendarcolor/ColorPickerActivity.java,ch.ihdg.calendarcolor.ColorPickerActivity,onCreate/1[ch.ihdg.calendarcolor.Bundle],currentColor,6
/Users/sirojiddinkomolov/Documents/innopolis/research/arch_design_pattern_detection/exps/3rd_revision/coach_repos_r/calendar-color-master/app/src/main/java/ch/ihdg/calendarcolor/CalendarListActivity.java,ch.ihdg.calendarcolor.CalendarListActivity,"onCreateLoader/2[int,ch.ihdg.calendarcolor.Bundle]",SELECTION,1
/Users/sirojiddinkomolov/Documents/innopolis/research/arch_design_pattern_detection/exps/3rd_revision/coach_repos_r/calendar-color-master/app/src/main/java/ch/ihdg/calendarcolor/CalendarListActivity.java,ch.ihdg.calendarcolor.CalendarListActivity,"onCreateLoader/2[int,ch.ihdg.calendarcolor.Bundle]",CALENDAR_PROJECTION,1
/Users/sirojiddinkomolov/Documents/innopolis/research/arch_design_pattern_detection/exps/3rd_revision/coach_repos_r/calendar-color-master/app/src/main/java/ch/ihdg/calendarcolor/CalendarListActivity.java,ch.ihdg.calendarcolor.CalendarListActivity,"onLoadFinished/2[ch.ihdg.calendarcolor.Loader<ch.ihdg.calendarcolor.Cursor>,ch.ihdg.calendarcolor.Cursor]",mAdapter,1
/Users/sirojiddinkomolov/Documents/innopolis/research/arch_design_pattern_detection/exps/3rd_revision/coach_repos_r/calendar-color-master/app/src/main/java/ch/ihdg/calendarcolor/CalendarListActivity.java,ch.ihdg.calendarcolor.CalendarListActivity,onCreate/1[ch.ihdg.calendarcolor.Bundle],mAdapter,3
/Users/sirojiddinkomolov/Documents/innopolis/research/arch_design_pattern_detection/exps/3rd_revision/coach_repos_r/calendar-color-master/app/src/main/java/ch/ihdg/calendarcolor/CalendarListActivity.java,ch.ihdg.calendarcolor.CalendarListActivity,onLoaderReset/1[ch.ihdg.calendarcolor.Loader<ch.ihdg.calendarcolor.Cursor>],mAdapter,1
/Users/sirojiddinkomolov/Documents/innopolis/research/arch_design_pattern_detection/exps/3rd_revision/coach_repos_r/calendar-color-master/app/src/main/java/ch/ihdg/calendarcolor/CalendarListActivity.java,ch.ihdg.calendarcolor.CalendarListActivity,"onListItemClick/4[ch.ihdg.calendarcolor.ListView,ch.ihdg.calendarcolor.View,int,long]",calIds,1
