file,class,method,variable,usage
/Users/sirojiddinkomolov/Documents/innopolis/research/arch_design_pattern_detection/exps/3rd_revision/coach_repos_r/calendar-color-master/app/src/main/java/ch/ihdg/calendarcolor/ColorPickerActivity.java,ch.ihdg.calendarcolor.ColorPickerActivity$Anonymous3,onClick/1[ch.ihdg.calendarcolor.View],view,0
/Users/sirojiddinkomolov/Documents/innopolis/research/arch_design_pattern_detection/exps/3rd_revision/coach_repos_r/calendar-color-master/app/src/main/java/ch/ihdg/calendarcolor/ColorPickerActivity.java,ch.ihdg.calendarcolor.ColorPickerActivity$Anonymous4,onClick/1[ch.ihdg.calendarcolor.View],view,0
/Users/sirojiddinkomolov/Documents/innopolis/research/arch_design_pattern_detection/exps/3rd_revision/coach_repos_r/calendar-color-master/app/src/main/java/ch/ihdg/calendarcolor/ColorPickerActivity.java,ch.ihdg.calendarcolor.ColorPickerActivity$Anonymous4,onClick/1[ch.ihdg.calendarcolor.View],updateUri,1
/Users/sirojiddinkomolov/Documents/innopolis/research/arch_design_pattern_detection/exps/3rd_revision/coach_repos_r/calendar-color-master/app/src/main/java/ch/ihdg/calendarcolor/ColorPickerActivity.java,ch.ihdg.calendarcolor.ColorPickerActivity$Anonymous4,onClick/1[ch.ihdg.calendarcolor.View],values,2
/Users/sirojiddinkomolov/Documents/innopolis/research/arch_design_pattern_detection/exps/3rd_revision/coach_repos_r/calendar-color-master/app/src/main/java/ch/ihdg/calendarcolor/ColorPickerActivity.java,ch.ihdg.calendarcolor.ColorPickerActivity$Anonymous1,onColorChanged/1[int],color,4
/Users/sirojiddinkomolov/Documents/innopolis/research/arch_design_pattern_detection/exps/3rd_revision/coach_repos_r/calendar-color-master/app/src/main/java/ch/ihdg/calendarcolor/ColorPickerActivity.java,ch.ihdg.calendarcolor.ColorPickerActivity$Anonymous1,onColorChanged/1[int],hex,2
/Users/sirojiddinkomolov/Documents/innopolis/research/arch_design_pattern_detection/exps/3rd_revision/coach_repos_r/calendar-color-master/app/src/main/java/ch/ihdg/calendarcolor/ColorPickerActivity.java,ch.ihdg.calendarcolor.ColorPickerActivity$Anonymous2,"beforeTextChanged/4[java.lang.CharSequence,int,int,int]",charSequence,0
/Users/sirojiddinkomolov/Documents/innopolis/research/arch_design_pattern_detection/exps/3rd_revision/coach_repos_r/calendar-color-master/app/src/main/java/ch/ihdg/calendarcolor/ColorPickerActivity.java,ch.ihdg.calendarcolor.ColorPickerActivity$Anonymous2,"beforeTextChanged/4[java.lang.CharSequence,int,int,int]",i,0
/Users/sirojiddinkomolov/Documents/innopolis/research/arch_design_pattern_detection/exps/3rd_revision/coach_repos_r/calendar-color-master/app/src/main/java/ch/ihdg/calendarcolor/ColorPickerActivity.java,ch.ihdg.calendarcolor.ColorPickerActivity$Anonymous2,"beforeTextChanged/4[java.lang.CharSequence,int,int,int]",i2,0
/Users/sirojiddinkomolov/Documents/innopolis/research/arch_design_pattern_detection/exps/3rd_revision/coach_repos_r/calendar-color-master/app/src/main/java/ch/ihdg/calendarcolor/ColorPickerActivity.java,ch.ihdg.calendarcolor.ColorPickerActivity$Anonymous2,"beforeTextChanged/4[java.lang.CharSequence,int,int,int]",i3,0
/Users/sirojiddinkomolov/Documents/innopolis/research/arch_design_pattern_detection/exps/3rd_revision/coach_repos_r/calendar-color-master/app/src/main/java/ch/ihdg/calendarcolor/ColorPickerActivity.java,ch.ihdg.calendarcolor.ColorPickerActivity$Anonymous2,afterTextChanged/1[ch.ihdg.calendarcolor.Editable],s,2
/Users/sirojiddinkomolov/Documents/innopolis/research/arch_design_pattern_detection/exps/3rd_revision/coach_repos_r/calendar-color-master/app/src/main/java/ch/ihdg/calendarcolor/ColorPickerActivity.java,ch.ihdg.calendarcolor.ColorPickerActivity$Anonymous2,afterTextChanged/1[ch.ihdg.calendarcolor.Editable],color,3
/Users/sirojiddinkomolov/Documents/innopolis/research/arch_design_pattern_detection/exps/3rd_revision/coach_repos_r/calendar-color-master/app/src/main/java/ch/ihdg/calendarcolor/ColorPickerActivity.java,ch.ihdg.calendarcolor.ColorPickerActivity$Anonymous2,afterTextChanged/1[ch.ihdg.calendarcolor.Editable],e,0
/Users/sirojiddinkomolov/Documents/innopolis/research/arch_design_pattern_detection/exps/3rd_revision/coach_repos_r/calendar-color-master/app/src/main/java/ch/ihdg/calendarcolor/ColorPickerActivity.java,ch.ihdg.calendarcolor.ColorPickerActivity$Anonymous2,"onTextChanged/4[java.lang.CharSequence,int,int,int]",charSequence,0
/Users/sirojiddinkomolov/Documents/innopolis/research/arch_design_pattern_detection/exps/3rd_revision/coach_repos_r/calendar-color-master/app/src/main/java/ch/ihdg/calendarcolor/ColorPickerActivity.java,ch.ihdg.calendarcolor.ColorPickerActivity$Anonymous2,"onTextChanged/4[java.lang.CharSequence,int,int,int]",i,0
/Users/sirojiddinkomolov/Documents/innopolis/research/arch_design_pattern_detection/exps/3rd_revision/coach_repos_r/calendar-color-master/app/src/main/java/ch/ihdg/calendarcolor/ColorPickerActivity.java,ch.ihdg.calendarcolor.ColorPickerActivity$Anonymous2,"onTextChanged/4[java.lang.CharSequence,int,int,int]",i2,0
/Users/sirojiddinkomolov/Documents/innopolis/research/arch_design_pattern_detection/exps/3rd_revision/coach_repos_r/calendar-color-master/app/src/main/java/ch/ihdg/calendarcolor/ColorPickerActivity.java,ch.ihdg.calendarcolor.ColorPickerActivity$Anonymous2,"onTextChanged/4[java.lang.CharSequence,int,int,int]",i3,0
/Users/sirojiddinkomolov/Documents/innopolis/research/arch_design_pattern_detection/exps/3rd_revision/coach_repos_r/calendar-color-master/app/src/main/java/ch/ihdg/calendarcolor/ColorPickerActivity.java,ch.ihdg.calendarcolor.ColorPickerActivity,onCreate/1[ch.ihdg.calendarcolor.Bundle],green,1
/Users/sirojiddinkomolov/Documents/innopolis/research/arch_design_pattern_detection/exps/3rd_revision/coach_repos_r/calendar-color-master/app/src/main/java/ch/ihdg/calendarcolor/ColorPickerActivity.java,ch.ihdg.calendarcolor.ColorPickerActivity,onCreate/1[ch.ihdg.calendarcolor.Bundle],buttonsave,2
/Users/sirojiddinkomolov/Documents/innopolis/research/arch_design_pattern_detection/exps/3rd_revision/coach_repos_r/calendar-color-master/app/src/main/java/ch/ihdg/calendarcolor/ColorPickerActivity.java,ch.ihdg.calendarcolor.ColorPickerActivity,onCreate/1[ch.ihdg.calendarcolor.Bundle],colorPickerListener,1
/Users/sirojiddinkomolov/Documents/innopolis/research/arch_design_pattern_detection/exps/3rd_revision/coach_repos_r/calendar-color-master/app/src/main/java/ch/ihdg/calendarcolor/ColorPickerActivity.java,ch.ihdg.calendarcolor.ColorPickerActivity,onCreate/1[ch.ihdg.calendarcolor.Bundle],hexText,3
/Users/sirojiddinkomolov/Documents/innopolis/research/arch_design_pattern_detection/exps/3rd_revision/coach_repos_r/calendar-color-master/app/src/main/java/ch/ihdg/calendarcolor/ColorPickerActivity.java,ch.ihdg.calendarcolor.ColorPickerActivity,onCreate/1[ch.ihdg.calendarcolor.Bundle],valueBar,1
/Users/sirojiddinkomolov/Documents/innopolis/research/arch_design_pattern_detection/exps/3rd_revision/coach_repos_r/calendar-color-master/app/src/main/java/ch/ihdg/calendarcolor/ColorPickerActivity.java,ch.ihdg.calendarcolor.ColorPickerActivity,onCreate/1[ch.ihdg.calendarcolor.Bundle],red,1
/Users/sirojiddinkomolov/Documents/innopolis/research/arch_design_pattern_detection/exps/3rd_revision/coach_repos_r/calendar-color-master/app/src/main/java/ch/ihdg/calendarcolor/ColorPickerActivity.java,ch.ihdg.calendarcolor.ColorPickerActivity,onCreate/1[ch.ihdg.calendarcolor.Bundle],savedInstanceState,1
/Users/sirojiddinkomolov/Documents/innopolis/research/arch_design_pattern_detection/exps/3rd_revision/coach_repos_r/calendar-color-master/app/src/main/java/ch/ihdg/calendarcolor/ColorPickerActivity.java,ch.ihdg.calendarcolor.ColorPickerActivity,onCreate/1[ch.ihdg.calendarcolor.Bundle],blue,1
/Users/sirojiddinkomolov/Documents/innopolis/research/arch_design_pattern_detection/exps/3rd_revision/coach_repos_r/calendar-color-master/app/src/main/java/ch/ihdg/calendarcolor/ColorPickerActivity.java,ch.ihdg.calendarcolor.ColorPickerActivity,onCreate/1[ch.ihdg.calendarcolor.Bundle],cal_id,0
/Users/sirojiddinkomolov/Documents/innopolis/research/arch_design_pattern_detection/exps/3rd_revision/coach_repos_r/calendar-color-master/app/src/main/java/ch/ihdg/calendarcolor/ColorPickerActivity.java,ch.ihdg.calendarcolor.ColorPickerActivity,onCreate/1[ch.ihdg.calendarcolor.Bundle],saturationBar,1
/Users/sirojiddinkomolov/Documents/innopolis/research/arch_design_pattern_detection/exps/3rd_revision/coach_repos_r/calendar-color-master/app/src/main/java/ch/ihdg/calendarcolor/ColorPickerActivity.java,ch.ihdg.calendarcolor.ColorPickerActivity,onCreate/1[ch.ihdg.calendarcolor.Bundle],buttoncancel,2
/Users/sirojiddinkomolov/Documents/innopolis/research/arch_design_pattern_detection/exps/3rd_revision/coach_repos_r/calendar-color-master/app/src/main/java/ch/ihdg/calendarcolor/ColorPickerActivity.java,ch.ihdg.calendarcolor.ColorPickerActivity,onCreate/1[ch.ihdg.calendarcolor.Bundle],name,1
/Users/sirojiddinkomolov/Documents/innopolis/research/arch_design_pattern_detection/exps/3rd_revision/coach_repos_r/calendar-color-master/app/src/main/java/ch/ihdg/calendarcolor/ColorPickerActivity.java,ch.ihdg.calendarcolor.ColorPickerActivity,onCreate/1[ch.ihdg.calendarcolor.Bundle],picker,6
/Users/sirojiddinkomolov/Documents/innopolis/research/arch_design_pattern_detection/exps/3rd_revision/coach_repos_r/calendar-color-master/app/src/main/java/ch/ihdg/calendarcolor/CalendarListActivity.java,ch.ihdg.calendarcolor.CalendarListActivity$Anonymous1,"setViewValue/3[ch.ihdg.calendarcolor.View,ch.ihdg.calendarcolor.Cursor,int]",cursor,4
/Users/sirojiddinkomolov/Documents/innopolis/research/arch_design_pattern_detection/exps/3rd_revision/coach_repos_r/calendar-color-master/app/src/main/java/ch/ihdg/calendarcolor/CalendarListActivity.java,ch.ihdg.calendarcolor.CalendarListActivity$Anonymous1,"setViewValue/3[ch.ihdg.calendarcolor.View,ch.ihdg.calendarcolor.Cursor,int]",view,1
/Users/sirojiddinkomolov/Documents/innopolis/research/arch_design_pattern_detection/exps/3rd_revision/coach_repos_r/calendar-color-master/app/src/main/java/ch/ihdg/calendarcolor/CalendarListActivity.java,ch.ihdg.calendarcolor.CalendarListActivity$Anonymous1,"setViewValue/3[ch.ihdg.calendarcolor.View,ch.ihdg.calendarcolor.Cursor,int]",color,1
/Users/sirojiddinkomolov/Documents/innopolis/research/arch_design_pattern_detection/exps/3rd_revision/coach_repos_r/calendar-color-master/app/src/main/java/ch/ihdg/calendarcolor/CalendarListActivity.java,ch.ihdg.calendarcolor.CalendarListActivity$Anonymous1,"setViewValue/3[ch.ihdg.calendarcolor.View,ch.ihdg.calendarcolor.Cursor,int]",name,2
/Users/sirojiddinkomolov/Documents/innopolis/research/arch_design_pattern_detection/exps/3rd_revision/coach_repos_r/calendar-color-master/app/src/main/java/ch/ihdg/calendarcolor/CalendarListActivity.java,ch.ihdg.calendarcolor.CalendarListActivity$Anonymous1,"setViewValue/3[ch.ihdg.calendarcolor.View,ch.ihdg.calendarcolor.Cursor,int]",columnIndex,3
/Users/sirojiddinkomolov/Documents/innopolis/research/arch_design_pattern_detection/exps/3rd_revision/coach_repos_r/calendar-color-master/app/src/main/java/ch/ihdg/calendarcolor/CalendarListActivity.java,ch.ihdg.calendarcolor.CalendarListActivity,"onCreateLoader/2[int,ch.ihdg.calendarcolor.Bundle]",args,0
/Users/sirojiddinkomolov/Documents/innopolis/research/arch_design_pattern_detection/exps/3rd_revision/coach_repos_r/calendar-color-master/app/src/main/java/ch/ihdg/calendarcolor/CalendarListActivity.java,ch.ihdg.calendarcolor.CalendarListActivity,"onCreateLoader/2[int,ch.ihdg.calendarcolor.Bundle]",id,0
/Users/sirojiddinkomolov/Documents/innopolis/research/arch_design_pattern_detection/exps/3rd_revision/coach_repos_r/calendar-color-master/app/src/main/java/ch/ihdg/calendarcolor/CalendarListActivity.java,ch.ihdg.calendarcolor.CalendarListActivity,onOptionsItemSelected/1[ch.ihdg.calendarcolor.MenuItem],item,2
/Users/sirojiddinkomolov/Documents/innopolis/research/arch_design_pattern_detection/exps/3rd_revision/coach_repos_r/calendar-color-master/app/src/main/java/ch/ihdg/calendarcolor/CalendarListActivity.java,ch.ihdg.calendarcolor.CalendarListActivity,onOptionsItemSelected/1[ch.ihdg.calendarcolor.MenuItem],id,2
/Users/sirojiddinkomolov/Documents/innopolis/research/arch_design_pattern_detection/exps/3rd_revision/coach_repos_r/calendar-color-master/app/src/main/java/ch/ihdg/calendarcolor/CalendarListActivity.java,ch.ihdg.calendarcolor.CalendarListActivity,onCreateOptionsMenu/1[ch.ihdg.calendarcolor.Menu],menu,0
/Users/sirojiddinkomolov/Documents/innopolis/research/arch_design_pattern_detection/exps/3rd_revision/coach_repos_r/calendar-color-master/app/src/main/java/ch/ihdg/calendarcolor/CalendarListActivity.java,ch.ihdg.calendarcolor.CalendarListActivity,"onLoadFinished/2[ch.ihdg.calendarcolor.Loader<ch.ihdg.calendarcolor.Cursor>,ch.ihdg.calendarcolor.Cursor]",data,1
/Users/sirojiddinkomolov/Documents/innopolis/research/arch_design_pattern_detection/exps/3rd_revision/coach_repos_r/calendar-color-master/app/src/main/java/ch/ihdg/calendarcolor/CalendarListActivity.java,ch.ihdg.calendarcolor.CalendarListActivity,"onLoadFinished/2[ch.ihdg.calendarcolor.Loader<ch.ihdg.calendarcolor.Cursor>,ch.ihdg.calendarcolor.Cursor]",loader,0
/Users/sirojiddinkomolov/Documents/innopolis/research/arch_design_pattern_detection/exps/3rd_revision/coach_repos_r/calendar-color-master/app/src/main/java/ch/ihdg/calendarcolor/CalendarListActivity.java,ch.ihdg.calendarcolor.CalendarListActivity,onCreate/1[ch.ihdg.calendarcolor.Bundle],savedInstanceState,1
/Users/sirojiddinkomolov/Documents/innopolis/research/arch_design_pattern_detection/exps/3rd_revision/coach_repos_r/calendar-color-master/app/src/main/java/ch/ihdg/calendarcolor/CalendarListActivity.java,ch.ihdg.calendarcolor.CalendarListActivity,onCreate/1[ch.ihdg.calendarcolor.Bundle],fromColumns,1
/Users/sirojiddinkomolov/Documents/innopolis/research/arch_design_pattern_detection/exps/3rd_revision/coach_repos_r/calendar-color-master/app/src/main/java/ch/ihdg/calendarcolor/CalendarListActivity.java,ch.ihdg.calendarcolor.CalendarListActivity,onCreate/1[ch.ihdg.calendarcolor.Bundle],toViews,1
/Users/sirojiddinkomolov/Documents/innopolis/research/arch_design_pattern_detection/exps/3rd_revision/coach_repos_r/calendar-color-master/app/src/main/java/ch/ihdg/calendarcolor/CalendarListActivity.java,ch.ihdg.calendarcolor.CalendarListActivity,onCreate/1[ch.ihdg.calendarcolor.Bundle],binder,1
/Users/sirojiddinkomolov/Documents/innopolis/research/arch_design_pattern_detection/exps/3rd_revision/coach_repos_r/calendar-color-master/app/src/main/java/ch/ihdg/calendarcolor/CalendarListActivity.java,ch.ihdg.calendarcolor.CalendarListActivity,onLoaderReset/1[ch.ihdg.calendarcolor.Loader<ch.ihdg.calendarcolor.Cursor>],loader,0
/Users/sirojiddinkomolov/Documents/innopolis/research/arch_design_pattern_detection/exps/3rd_revision/coach_repos_r/calendar-color-master/app/src/main/java/ch/ihdg/calendarcolor/CalendarListActivity.java,ch.ihdg.calendarcolor.CalendarListActivity,"onListItemClick/4[ch.ihdg.calendarcolor.ListView,ch.ihdg.calendarcolor.View,int,long]",color,2
/Users/sirojiddinkomolov/Documents/innopolis/research/arch_design_pattern_detection/exps/3rd_revision/coach_repos_r/calendar-color-master/app/src/main/java/ch/ihdg/calendarcolor/CalendarListActivity.java,ch.ihdg.calendarcolor.CalendarListActivity,"onListItemClick/4[ch.ihdg.calendarcolor.ListView,ch.ihdg.calendarcolor.View,int,long]",cal_id,1
/Users/sirojiddinkomolov/Documents/innopolis/research/arch_design_pattern_detection/exps/3rd_revision/coach_repos_r/calendar-color-master/app/src/main/java/ch/ihdg/calendarcolor/CalendarListActivity.java,ch.ihdg.calendarcolor.CalendarListActivity,"onListItemClick/4[ch.ihdg.calendarcolor.ListView,ch.ihdg.calendarcolor.View,int,long]",v,2
/Users/sirojiddinkomolov/Documents/innopolis/research/arch_design_pattern_detection/exps/3rd_revision/coach_repos_r/calendar-color-master/app/src/main/java/ch/ihdg/calendarcolor/CalendarListActivity.java,ch.ihdg.calendarcolor.CalendarListActivity,"onListItemClick/4[ch.ihdg.calendarcolor.ListView,ch.ihdg.calendarcolor.View,int,long]",name,1
/Users/sirojiddinkomolov/Documents/innopolis/research/arch_design_pattern_detection/exps/3rd_revision/coach_repos_r/calendar-color-master/app/src/main/java/ch/ihdg/calendarcolor/CalendarListActivity.java,ch.ihdg.calendarcolor.CalendarListActivity,"onListItemClick/4[ch.ihdg.calendarcolor.ListView,ch.ihdg.calendarcolor.View,int,long]",position,1
/Users/sirojiddinkomolov/Documents/innopolis/research/arch_design_pattern_detection/exps/3rd_revision/coach_repos_r/calendar-color-master/app/src/main/java/ch/ihdg/calendarcolor/CalendarListActivity.java,ch.ihdg.calendarcolor.CalendarListActivity,"onListItemClick/4[ch.ihdg.calendarcolor.ListView,ch.ihdg.calendarcolor.View,int,long]",id,2
/Users/sirojiddinkomolov/Documents/innopolis/research/arch_design_pattern_detection/exps/3rd_revision/coach_repos_r/calendar-color-master/app/src/main/java/ch/ihdg/calendarcolor/CalendarListActivity.java,ch.ihdg.calendarcolor.CalendarListActivity,"onListItemClick/4[ch.ihdg.calendarcolor.ListView,ch.ihdg.calendarcolor.View,int,long]",l,0
/Users/sirojiddinkomolov/Documents/innopolis/research/arch_design_pattern_detection/exps/3rd_revision/coach_repos_r/calendar-color-master/app/src/main/java/ch/ihdg/calendarcolor/CalendarListActivity.java,ch.ihdg.calendarcolor.CalendarListActivity,"onListItemClick/4[ch.ihdg.calendarcolor.ListView,ch.ihdg.calendarcolor.View,int,long]",intent,4
