file,class,method,variable,usage
/home/arch_design_predict/download-github-repos/mvp/repos/myFrame-master/app/src/main/java/com/yscoco/myframe/MainActivity.java,com.yscoco.myframe.MainActivity,openLeft/0,navView,2
/home/arch_design_predict/download-github-repos/mvp/repos/myFrame-master/app/src/main/java/com/yscoco/myframe/MainActivity.java,com.yscoco.myframe.MainActivity,openLeft/0,drawerLayout,2
/home/arch_design_predict/download-github-repos/mvp/repos/myFrame-master/app/src/main/java/com/yscoco/myframe/MainActivity.java,com.yscoco.myframe.MainActivity,setupVp/0,vpMain,3
/home/arch_design_predict/download-github-repos/mvp/repos/myFrame-master/app/src/main/java/com/yscoco/myframe/MainActivity.java,com.yscoco.myframe.MainActivity,setupVp/0,tlMain,2
/home/arch_design_predict/download-github-repos/mvp/repos/myFrame-master/app/src/main/java/com/yscoco/myframe/MainActivity.java,com.yscoco.myframe.MainActivity,onCreate/1[com.yscoco.myframe.Bundle],drawerLayout,2
/home/arch_design_predict/download-github-repos/mvp/repos/myFrame-master/app/src/main/java/com/yscoco/myframe/App.java,com.yscoco.myframe.App,getToken/0,token,1
/home/arch_design_predict/download-github-repos/mvp/repos/myFrame-master/app/src/main/java/com/yscoco/myframe/App.java,com.yscoco.myframe.App,onCreate/0,sApp,1
/home/arch_design_predict/download-github-repos/mvp/repos/myFrame-master/app/src/main/java/com/yscoco/myframe/App.java,com.yscoco.myframe.App,getInstance/0,sApp,1
/home/arch_design_predict/download-github-repos/mvp/repos/myFrame-master/app/src/main/java/com/yscoco/myframe/App.java,com.yscoco.myframe.App,setToken/1[java.lang.String],token,3
/home/arch_design_predict/download-github-repos/mvp/repos/myFrame-master/app/src/main/java/com/yscoco/myframe/widget/MyViewPager.java,com.yscoco.myframe.widget.MyViewPager,onTouchEvent/1[com.yscoco.myframe.widget.MotionEvent],isCanScroll,1
/home/arch_design_predict/download-github-repos/mvp/repos/myFrame-master/app/src/main/java/com/yscoco/myframe/widget/MyViewPager.java,com.yscoco.myframe.widget.MyViewPager,onInterceptTouchEvent/1[com.yscoco.myframe.widget.MotionEvent],isCanScroll,1
/home/arch_design_predict/download-github-repos/mvp/repos/myFrame-master/app/src/main/java/com/yscoco/myframe/widget/MyViewPager.java,com.yscoco.myframe.widget.MyViewPager,setScanScroll/1[boolean],isCanScroll,3
/home/arch_design_predict/download-github-repos/mvp/repos/myFrame-master/app/src/main/java/com/yscoco/myframe/ui/activity/login/view/LoginActivity.java,com.yscoco.myframe.ui.activity.login.view.LoginActivity,onViewClicked/1[com.yscoco.myframe.ui.activity.login.view.View],phone,1
/home/arch_design_predict/download-github-repos/mvp/repos/myFrame-master/app/src/main/java/com/yscoco/myframe/ui/activity/login/view/LoginActivity.java,com.yscoco.myframe.ui.activity.login.view.LoginActivity,onViewClicked/1[com.yscoco.myframe.ui.activity.login.view.View],login,3
/home/arch_design_predict/download-github-repos/mvp/repos/myFrame-master/app/src/main/java/com/yscoco/myframe/ui/activity/login/view/LoginActivity.java,com.yscoco.myframe.ui.activity.login.view.LoginActivity,onViewClicked/1[com.yscoco.myframe.ui.activity.login.view.View],pwd,1
/home/arch_design_predict/download-github-repos/mvp/repos/myFrame-master/app/src/main/java/com/yscoco/myframe/ui/activity/login/view/LoginActivity.java,com.yscoco.myframe.ui.activity.login.view.LoginActivity,onViewClicked/1[com.yscoco.myframe.ui.activity.login.view.View],register,2
/home/arch_design_predict/download-github-repos/mvp/repos/myFrame-master/app/src/main/java/com/yscoco/myframe/ui/activity/login/view/LoginActivity.java,com.yscoco.myframe.ui.activity.login.view.LoginActivity,init/0,phone,1
/home/arch_design_predict/download-github-repos/mvp/repos/myFrame-master/app/src/main/java/com/yscoco/myframe/ui/activity/login/view/LoginActivity.java,com.yscoco.myframe.ui.activity.login.view.LoginActivity,init/0,pwd,1
/home/arch_design_predict/download-github-repos/mvp/repos/myFrame-master/app/src/main/java/com/yscoco/myframe/net/ApiRetrofit.java,com.yscoco.myframe.net.ApiRetrofit,ApiRetrofit/0,retrofit,2
/home/arch_design_predict/download-github-repos/mvp/repos/myFrame-master/app/src/main/java/com/yscoco/myframe/net/ApiRetrofit.java,com.yscoco.myframe.net.ApiRetrofit,ApiRetrofit/0,BASE_SERVER_URL,1
/home/arch_design_predict/download-github-repos/mvp/repos/myFrame-master/app/src/main/java/com/yscoco/myframe/net/ApiRetrofit.java,com.yscoco.myframe.net.ApiRetrofit,ApiRetrofit/0,DEFAULT_TIMEOUT,3
/home/arch_design_predict/download-github-repos/mvp/repos/myFrame-master/app/src/main/java/com/yscoco/myframe/net/ApiRetrofit.java,com.yscoco.myframe.net.ApiRetrofit,ApiRetrofit/0,interceptor,1
/home/arch_design_predict/download-github-repos/mvp/repos/myFrame-master/app/src/main/java/com/yscoco/myframe/net/ApiRetrofit.java,com.yscoco.myframe.net.ApiRetrofit,ApiRetrofit/0,apiServer,1
/home/arch_design_predict/download-github-repos/mvp/repos/myFrame-master/app/src/main/java/com/yscoco/myframe/net/ApiRetrofit.java,com.yscoco.myframe.net.ApiRetrofit,getApiService/0,apiServer,1
/home/arch_design_predict/download-github-repos/mvp/repos/myFrame-master/app/src/main/java/com/yscoco/myframe/net/ApiRetrofit.java,com.yscoco.myframe.net.ApiRetrofit,getInstance/0,apiRetrofit,4
/home/arch_design_predict/download-github-repos/mvp/repos/myFrame-master/app/src/main/java/com/yscoco/myframe/net/ApiRetrofit.java,com.yscoco.myframe.net.ApiRetrofit,printParams/1[com.yscoco.myframe.net.RequestBody],TAG,1
/home/arch_design_predict/download-github-repos/mvp/repos/myFrame-master/app/src/main/java/com/yscoco/myframe/base/BaseFragment.java,com.yscoco.myframe.base.BaseFragment,"onCreateView/3[com.yscoco.myframe.base.LayoutInflater,com.yscoco.myframe.base.ViewGroup,com.yscoco.myframe.base.Bundle]",view,3
/home/arch_design_predict/download-github-repos/mvp/repos/myFrame-master/app/src/main/java/com/yscoco/myframe/base/BaseFragment.java,com.yscoco.myframe.base.BaseFragment,"onCreateView/3[com.yscoco.myframe.base.LayoutInflater,com.yscoco.myframe.base.ViewGroup,com.yscoco.myframe.base.Bundle]",mPresenter,1
/home/arch_design_predict/download-github-repos/mvp/repos/myFrame-master/app/src/main/java/com/yscoco/myframe/base/BaseFragment.java,com.yscoco.myframe.base.BaseFragment,"onCreateView/3[com.yscoco.myframe.base.LayoutInflater,com.yscoco.myframe.base.ViewGroup,com.yscoco.myframe.base.Bundle]",mContext,1
/home/arch_design_predict/download-github-repos/mvp/repos/myFrame-master/app/src/main/java/com/yscoco/myframe/base/BaseFragment.java,com.yscoco.myframe.base.BaseFragment,onDestroy/0,view,1
/home/arch_design_predict/download-github-repos/mvp/repos/myFrame-master/app/src/main/java/com/yscoco/myframe/base/BaseFragment.java,com.yscoco.myframe.base.BaseFragment,onDestroy/0,mPresenter,2
/home/arch_design_predict/download-github-repos/mvp/repos/myFrame-master/app/src/main/java/com/yscoco/myframe/base/mvp/BasePresenterJv.java,com.yscoco.myframe.base.mvp.BasePresenterJv,getModel/0,mModel,1
/home/arch_design_predict/download-github-repos/mvp/repos/myFrame-master/app/src/main/java/com/yscoco/myframe/base/mvp/BasePresenterJv.java,com.yscoco.myframe.base.mvp.BasePresenterJv,detachView/0,mView,1
/home/arch_design_predict/download-github-repos/mvp/repos/myFrame-master/app/src/main/java/com/yscoco/myframe/base/mvp/BasePresenterJv.java,com.yscoco.myframe.base.mvp.BasePresenterJv,detachView/0,mModel,3
/home/arch_design_predict/download-github-repos/mvp/repos/myFrame-master/app/src/main/java/com/yscoco/myframe/base/mvp/BasePresenterJv.java,com.yscoco.myframe.base.mvp.BasePresenterJv,attachView/1[V],mView,1
/home/arch_design_predict/download-github-repos/mvp/repos/myFrame-master/app/src/main/java/com/yscoco/myframe/base/mvp/BasePresenterJv.java,com.yscoco.myframe.base.mvp.BasePresenterJv,attachView/1[V],mModel,2
/home/arch_design_predict/download-github-repos/mvp/repos/myFrame-master/app/src/main/java/com/yscoco/myframe/base/mvp/BasePresenterJv.java,com.yscoco.myframe.base.mvp.BasePresenterJv,getContext/0,mView,1
/home/arch_design_predict/download-github-repos/mvp/repos/myFrame-master/app/src/main/java/com/yscoco/myframe/util/ActivityStack.java,com.yscoco.myframe.util.ActivityStack,getInstance/0,instance,3
/home/arch_design_predict/download-github-repos/mvp/repos/myFrame-master/app/src/main/java/com/yscoco/myframe/util/ActivityStack.java,com.yscoco.myframe.util.ActivityStack,popActivity/1[com.yscoco.myframe.util.Activity],activityStack,1
/home/arch_design_predict/download-github-repos/mvp/repos/myFrame-master/app/src/main/java/com/yscoco/myframe/util/ActivityStack.java,com.yscoco.myframe.util.ActivityStack,pushActivity/1[com.yscoco.myframe.util.Activity],activityStack,3
/home/arch_design_predict/download-github-repos/mvp/repos/myFrame-master/app/src/main/java/com/yscoco/myframe/util/ActivityStack.java,com.yscoco.myframe.util.ActivityStack,currentActivity/0,activityStack,3
/home/arch_design_predict/download-github-repos/mvp/repos/myFrame-master/app/src/main/java/com/yscoco/myframe/util/ActivityStack.java,com.yscoco.myframe.util.ActivityStack,getTag/0,tag,1
/home/arch_design_predict/download-github-repos/mvp/repos/myFrame-master/app/src/main/java/com/yscoco/myframe/util/ActivityStack.java,com.yscoco.myframe.util.ActivityStack,getSize/0,activityStack,2
/home/arch_design_predict/download-github-repos/mvp/repos/myFrame-master/app/src/main/java/com/yscoco/myframe/dto/BaseDTO.java,com.yscoco.myframe.dto.BaseDTO,setCode/1[int],errorCode,1
/home/arch_design_predict/download-github-repos/mvp/repos/myFrame-master/app/src/main/java/com/yscoco/myframe/dto/BaseDTO.java,com.yscoco.myframe.dto.BaseDTO,getData/0,data,1
/home/arch_design_predict/download-github-repos/mvp/repos/myFrame-master/app/src/main/java/com/yscoco/myframe/dto/BaseDTO.java,com.yscoco.myframe.dto.BaseDTO,setMsg/1[java.lang.String],errorMsg,1
/home/arch_design_predict/download-github-repos/mvp/repos/myFrame-master/app/src/main/java/com/yscoco/myframe/dto/BaseDTO.java,com.yscoco.myframe.dto.BaseDTO,setData/1[T],data,3
/home/arch_design_predict/download-github-repos/mvp/repos/myFrame-master/app/src/main/java/com/yscoco/myframe/dto/BaseDTO.java,com.yscoco.myframe.dto.BaseDTO,"BaseDTO/2[java.lang.String,int]",errorCode,3
/home/arch_design_predict/download-github-repos/mvp/repos/myFrame-master/app/src/main/java/com/yscoco/myframe/dto/BaseDTO.java,com.yscoco.myframe.dto.BaseDTO,"BaseDTO/2[java.lang.String,int]",errorMsg,3
/home/arch_design_predict/download-github-repos/mvp/repos/myFrame-master/app/src/main/java/com/yscoco/myframe/dto/BaseDTO.java,com.yscoco.myframe.dto.BaseDTO,getCode/0,errorCode,1
/home/arch_design_predict/download-github-repos/mvp/repos/myFrame-master/app/src/main/java/com/yscoco/myframe/dto/BaseDTO.java,com.yscoco.myframe.dto.BaseDTO,getMsg/0,errorMsg,1
/home/arch_design_predict/download-github-repos/mvp/repos/myFrame-master/app/src/main/java/com/yscoco/myframe/ui/fragment/home/view/FocusFragment.java,com.yscoco.myframe.ui.fragment.home.view.FocusFragment,initToolbar/1[com.yscoco.myframe.ui.fragment.home.view.Bundle],tbTitle,1
/home/arch_design_predict/download-github-repos/mvp/repos/myFrame-master/app/src/main/java/com/yscoco/myframe/base/adapter/CommonRecyclerAdapter.java,com.yscoco.myframe.base.adapter.CommonRecyclerAdapter,getItemPartId/0,itemPartId,1
/home/arch_design_predict/download-github-repos/mvp/repos/myFrame-master/app/src/main/java/com/yscoco/myframe/base/adapter/CommonRecyclerAdapter.java,com.yscoco.myframe.base.adapter.CommonRecyclerAdapter,onDetachedFromRecyclerView/1[com.yscoco.myframe.base.adapter.RecyclerView],recyclerView,3
/home/arch_design_predict/download-github-repos/mvp/repos/myFrame-master/app/src/main/java/com/yscoco/myframe/base/adapter/CommonRecyclerAdapter.java,com.yscoco.myframe.base.adapter.CommonRecyclerAdapter,getContext/0,context,1
/home/arch_design_predict/download-github-repos/mvp/repos/myFrame-master/app/src/main/java/com/yscoco/myframe/base/adapter/CommonRecyclerAdapter.java,com.yscoco.myframe.base.adapter.CommonRecyclerAdapter,addItem/1[T],list,3
/home/arch_design_predict/download-github-repos/mvp/repos/myFrame-master/app/src/main/java/com/yscoco/myframe/base/adapter/CommonRecyclerAdapter.java,com.yscoco.myframe.base.adapter.CommonRecyclerAdapter,"onBindViewHolder/2[com.yscoco.myframe.base.adapter.RecyclerHolder,int]",list,1
/home/arch_design_predict/download-github-repos/mvp/repos/myFrame-master/app/src/main/java/com/yscoco/myframe/base/adapter/CommonRecyclerAdapter.java,com.yscoco.myframe.base.adapter.CommonRecyclerAdapter,setList/1[java.util.List<T>],list,1
/home/arch_design_predict/download-github-repos/mvp/repos/myFrame-master/app/src/main/java/com/yscoco/myframe/base/adapter/CommonRecyclerAdapter.java,com.yscoco.myframe.base.adapter.CommonRecyclerAdapter,setContext/1[com.yscoco.myframe.base.adapter.Context],context,3
/home/arch_design_predict/download-github-repos/mvp/repos/myFrame-master/app/src/main/java/com/yscoco/myframe/base/adapter/CommonRecyclerAdapter.java,com.yscoco.myframe.base.adapter.CommonRecyclerAdapter,getItemCount/0,list,2
/home/arch_design_predict/download-github-repos/mvp/repos/myFrame-master/app/src/main/java/com/yscoco/myframe/base/adapter/CommonRecyclerAdapter.java,com.yscoco.myframe.base.adapter.CommonRecyclerAdapter,setItemPartId/1[int],itemPartId,3
/home/arch_design_predict/download-github-repos/mvp/repos/myFrame-master/app/src/main/java/com/yscoco/myframe/base/adapter/CommonRecyclerAdapter.java,com.yscoco.myframe.base.adapter.CommonRecyclerAdapter,getList/0,list,1
/home/arch_design_predict/download-github-repos/mvp/repos/myFrame-master/app/src/main/java/com/yscoco/myframe/base/adapter/CommonRecyclerAdapter.java,com.yscoco.myframe.base.adapter.CommonRecyclerAdapter,"insert/2[T,int]",list,1
/home/arch_design_predict/download-github-repos/mvp/repos/myFrame-master/app/src/main/java/com/yscoco/myframe/base/adapter/CommonRecyclerAdapter.java,com.yscoco.myframe.base.adapter.CommonRecyclerAdapter,"CommonRecyclerAdapter/3[com.yscoco.myframe.base.adapter.Context,int,java.util.List<T>]",itemLayoutId,3
/home/arch_design_predict/download-github-repos/mvp/repos/myFrame-master/app/src/main/java/com/yscoco/myframe/base/adapter/CommonRecyclerAdapter.java,com.yscoco.myframe.base.adapter.CommonRecyclerAdapter,"CommonRecyclerAdapter/3[com.yscoco.myframe.base.adapter.Context,int,java.util.List<T>]",context,4
/home/arch_design_predict/download-github-repos/mvp/repos/myFrame-master/app/src/main/java/com/yscoco/myframe/base/adapter/CommonRecyclerAdapter.java,com.yscoco.myframe.base.adapter.CommonRecyclerAdapter,"CommonRecyclerAdapter/3[com.yscoco.myframe.base.adapter.Context,int,java.util.List<T>]",list,3
/home/arch_design_predict/download-github-repos/mvp/repos/myFrame-master/app/src/main/java/com/yscoco/myframe/base/adapter/CommonRecyclerAdapter.java,com.yscoco.myframe.base.adapter.CommonRecyclerAdapter,"CommonRecyclerAdapter/3[com.yscoco.myframe.base.adapter.Context,int,java.util.List<T>]",inflater,1
/home/arch_design_predict/download-github-repos/mvp/repos/myFrame-master/app/src/main/java/com/yscoco/myframe/base/adapter/CommonRecyclerAdapter.java,com.yscoco.myframe.base.adapter.CommonRecyclerAdapter,onAttachedToRecyclerView/1[com.yscoco.myframe.base.adapter.RecyclerView],recyclerView,4
/home/arch_design_predict/download-github-repos/mvp/repos/myFrame-master/app/src/main/java/com/yscoco/myframe/base/adapter/CommonRecyclerAdapter.java,com.yscoco.myframe.base.adapter.CommonRecyclerAdapter,"onCreateViewHolder/2[com.yscoco.myframe.base.adapter.ViewGroup,int]",itemLayoutId,1
/home/arch_design_predict/download-github-repos/mvp/repos/myFrame-master/app/src/main/java/com/yscoco/myframe/base/adapter/CommonRecyclerAdapter.java,com.yscoco.myframe.base.adapter.CommonRecyclerAdapter,"onCreateViewHolder/2[com.yscoco.myframe.base.adapter.ViewGroup,int]",context,1
/home/arch_design_predict/download-github-repos/mvp/repos/myFrame-master/app/src/main/java/com/yscoco/myframe/base/adapter/CommonRecyclerAdapter.java,com.yscoco.myframe.base.adapter.CommonRecyclerAdapter,"onCreateViewHolder/2[com.yscoco.myframe.base.adapter.ViewGroup,int]",inflater,1
/home/arch_design_predict/download-github-repos/mvp/repos/myFrame-master/app/src/main/java/com/yscoco/myframe/base/adapter/CommonRecyclerAdapter.java,com.yscoco.myframe.base.adapter.CommonRecyclerAdapter,setOnItemClickListener/1[com.yscoco.myframe.base.adapter.CommonRecyclerAdapter.OnItemClickListener],listener,3
/home/arch_design_predict/download-github-repos/mvp/repos/myFrame-master/app/src/main/java/com/yscoco/myframe/base/adapter/CommonRecyclerAdapter.java,com.yscoco.myframe.base.adapter.CommonRecyclerAdapter,clear/0,list,3
/home/arch_design_predict/download-github-repos/mvp/repos/myFrame-master/app/src/main/java/com/yscoco/myframe/base/adapter/CommonRecyclerAdapter.java,com.yscoco.myframe.base.adapter.CommonRecyclerAdapter,setOnItemLongClickListener/1[com.yscoco.myframe.base.adapter.CommonRecyclerAdapter.OnItemLongClickListener],longClickListener,3
/home/arch_design_predict/download-github-repos/mvp/repos/myFrame-master/app/src/main/java/com/yscoco/myframe/base/adapter/CommonRecyclerAdapter.java,com.yscoco.myframe.base.adapter.CommonRecyclerAdapter,delete/1[int],list,1
/home/arch_design_predict/download-github-repos/mvp/repos/myFrame-master/app/src/main/java/com/yscoco/myframe/base/adapter/CommonRecyclerAdapter.java,com.yscoco.myframe.base.adapter.CommonRecyclerAdapter,deleteAll/0,list,2
/home/arch_design_predict/download-github-repos/mvp/repos/myFrame-master/app/src/main/java/com/yscoco/myframe/base/mvp/DefaultDisposablePoolImpl.java,com.yscoco.myframe.base.mvp.DefaultDisposablePoolImpl,addDisposable/1[com.yscoco.myframe.base.mvp.Disposable],mDisposable,3
/home/arch_design_predict/download-github-repos/mvp/repos/myFrame-master/app/src/main/java/com/yscoco/myframe/base/mvp/DefaultDisposablePoolImpl.java,com.yscoco.myframe.base.mvp.DefaultDisposablePoolImpl,clearPool/0,mDisposable,3
/home/arch_design_predict/download-github-repos/mvp/repos/myFrame-master/app/src/main/java/com/yscoco/myframe/util/StatusBarUtil.java,com.yscoco.myframe.util.StatusBarUtil,"setColor/3[com.yscoco.myframe.util.Activity,int,int]",FAKE_STATUS_BAR_VIEW_ID,1
/home/arch_design_predict/download-github-repos/mvp/repos/myFrame-master/app/src/main/java/com/yscoco/myframe/util/StatusBarUtil.java,com.yscoco.myframe.util.StatusBarUtil,"setColor/2[com.yscoco.myframe.util.Activity,int]",DEFAULT_STATUS_BAR_ALPHA,1
/home/arch_design_predict/download-github-repos/mvp/repos/myFrame-master/app/src/main/java/com/yscoco/myframe/util/StatusBarUtil.java,com.yscoco.myframe.util.StatusBarUtil,"setTranslucentForDrawerLayout/2[com.yscoco.myframe.util.Activity,com.yscoco.myframe.util.DrawerLayout]",DEFAULT_STATUS_BAR_ALPHA,1
/home/arch_design_predict/download-github-repos/mvp/repos/myFrame-master/app/src/main/java/com/yscoco/myframe/util/StatusBarUtil.java,com.yscoco.myframe.util.StatusBarUtil,"setTranslucentForImageView/3[com.yscoco.myframe.util.Activity,int,com.yscoco.myframe.util.View]",TAG_KEY_HAVE_SET_OFFSET,2
/home/arch_design_predict/download-github-repos/mvp/repos/myFrame-master/app/src/main/java/com/yscoco/myframe/util/StatusBarUtil.java,com.yscoco.myframe.util.StatusBarUtil,"setColorDiff/2[com.yscoco.myframe.util.Activity,int]",FAKE_STATUS_BAR_VIEW_ID,1
/home/arch_design_predict/download-github-repos/mvp/repos/myFrame-master/app/src/main/java/com/yscoco/myframe/util/StatusBarUtil.java,com.yscoco.myframe.util.StatusBarUtil,"createStatusBarView/3[com.yscoco.myframe.util.Activity,int,int]",FAKE_STATUS_BAR_VIEW_ID,1
/home/arch_design_predict/download-github-repos/mvp/repos/myFrame-master/app/src/main/java/com/yscoco/myframe/util/StatusBarUtil.java,com.yscoco.myframe.util.StatusBarUtil,clearPreviousSetting/1[com.yscoco.myframe.util.Activity],FAKE_STATUS_BAR_VIEW_ID,1
/home/arch_design_predict/download-github-repos/mvp/repos/myFrame-master/app/src/main/java/com/yscoco/myframe/util/StatusBarUtil.java,com.yscoco.myframe.util.StatusBarUtil,"addTranslucentView/2[com.yscoco.myframe.util.Activity,int]",FAKE_TRANSLUCENT_VIEW_ID,1
/home/arch_design_predict/download-github-repos/mvp/repos/myFrame-master/app/src/main/java/com/yscoco/myframe/util/StatusBarUtil.java,com.yscoco.myframe.util.StatusBarUtil,"setTranslucentForImageView/2[com.yscoco.myframe.util.Activity,com.yscoco.myframe.util.View]",DEFAULT_STATUS_BAR_ALPHA,1
/home/arch_design_predict/download-github-repos/mvp/repos/myFrame-master/app/src/main/java/com/yscoco/myframe/util/StatusBarUtil.java,com.yscoco.myframe.util.StatusBarUtil,"setColorForDrawerLayout/4[com.yscoco.myframe.util.Activity,com.yscoco.myframe.util.DrawerLayout,int,int]",FAKE_STATUS_BAR_VIEW_ID,1
/home/arch_design_predict/download-github-repos/mvp/repos/myFrame-master/app/src/main/java/com/yscoco/myframe/util/StatusBarUtil.java,com.yscoco.myframe.util.StatusBarUtil,hideFakeStatusBarView/1[com.yscoco.myframe.util.Activity],FAKE_STATUS_BAR_VIEW_ID,1
/home/arch_design_predict/download-github-repos/mvp/repos/myFrame-master/app/src/main/java/com/yscoco/myframe/util/StatusBarUtil.java,com.yscoco.myframe.util.StatusBarUtil,hideFakeStatusBarView/1[com.yscoco.myframe.util.Activity],FAKE_TRANSLUCENT_VIEW_ID,1
/home/arch_design_predict/download-github-repos/mvp/repos/myFrame-master/app/src/main/java/com/yscoco/myframe/util/StatusBarUtil.java,com.yscoco.myframe.util.StatusBarUtil,"setColorForDrawerLayout/3[com.yscoco.myframe.util.Activity,com.yscoco.myframe.util.DrawerLayout,int]",DEFAULT_STATUS_BAR_ALPHA,1
/home/arch_design_predict/download-github-repos/mvp/repos/myFrame-master/app/src/main/java/com/yscoco/myframe/util/StatusBarUtil.java,com.yscoco.myframe.util.StatusBarUtil,"setTranslucentForImageViewInFragment/2[com.yscoco.myframe.util.Activity,com.yscoco.myframe.util.View]",DEFAULT_STATUS_BAR_ALPHA,1
/home/arch_design_predict/download-github-repos/mvp/repos/myFrame-master/app/src/main/java/com/yscoco/myframe/util/StatusBarUtil.java,com.yscoco.myframe.util.StatusBarUtil,"createTranslucentStatusBarView/2[com.yscoco.myframe.util.Activity,int]",FAKE_TRANSLUCENT_VIEW_ID,1
/home/arch_design_predict/download-github-repos/mvp/repos/myFrame-master/app/src/main/java/com/yscoco/myframe/util/StatusBarUtil.java,com.yscoco.myframe.util.StatusBarUtil,"setColorForSwipeBack/2[com.yscoco.myframe.util.Activity,int]",DEFAULT_STATUS_BAR_ALPHA,1
/home/arch_design_predict/download-github-repos/mvp/repos/myFrame-master/app/src/main/java/com/yscoco/myframe/util/StatusBarUtil.java,com.yscoco.myframe.util.StatusBarUtil,"setColorForDrawerLayoutDiff/3[com.yscoco.myframe.util.Activity,com.yscoco.myframe.util.DrawerLayout,int]",DEFAULT_STATUS_BAR_ALPHA,1
/home/arch_design_predict/download-github-repos/mvp/repos/myFrame-master/app/src/main/java/com/yscoco/myframe/util/StatusBarUtil.java,com.yscoco.myframe.util.StatusBarUtil,"setColorForDrawerLayoutDiff/3[com.yscoco.myframe.util.Activity,com.yscoco.myframe.util.DrawerLayout,int]",FAKE_STATUS_BAR_VIEW_ID,1
/home/arch_design_predict/download-github-repos/mvp/repos/myFrame-master/app/src/main/java/com/yscoco/myframe/util/StatusBarUtil.java,com.yscoco.myframe.util.StatusBarUtil,setTranslucent/1[com.yscoco.myframe.util.Activity],DEFAULT_STATUS_BAR_ALPHA,1
/home/arch_design_predict/download-github-repos/mvp/repos/myFrame-master/app/src/main/java/com/yscoco/myframe/widget/LockPatternView.java,com.yscoco.myframe.widget.LockPatternView,removePostClearPatternRunnable/0,mClearPatternRunnable,1
/home/arch_design_predict/download-github-repos/mvp/repos/myFrame-master/app/src/main/java/com/yscoco/myframe/widget/LockPatternView.java,com.yscoco.myframe.widget.LockPatternView,initPaints/0,selectPaint,4
/home/arch_design_predict/download-github-repos/mvp/repos/myFrame-master/app/src/main/java/com/yscoco/myframe/widget/LockPatternView.java,com.yscoco.myframe.widget.LockPatternView,initPaints/0,defaultPaint,5
/home/arch_design_predict/download-github-repos/mvp/repos/myFrame-master/app/src/main/java/com/yscoco/myframe/widget/LockPatternView.java,com.yscoco.myframe.widget.LockPatternView,initPaints/0,errorPaint,4
/home/arch_design_predict/download-github-repos/mvp/repos/myFrame-master/app/src/main/java/com/yscoco/myframe/widget/LockPatternView.java,com.yscoco.myframe.widget.LockPatternView,handleActionUp/0,sCells,1
/home/arch_design_predict/download-github-repos/mvp/repos/myFrame-master/app/src/main/java/com/yscoco/myframe/widget/LockPatternView.java,com.yscoco.myframe.widget.LockPatternView,handleActionUp/0,patterListener,2
/home/arch_design_predict/download-github-repos/mvp/repos/myFrame-master/app/src/main/java/com/yscoco/myframe/widget/LockPatternView.java,com.yscoco.myframe.widget.LockPatternView,handleActionUp/0,isActionDown,1
/home/arch_design_predict/download-github-repos/mvp/repos/myFrame-master/app/src/main/java/com/yscoco/myframe/widget/LockPatternView.java,com.yscoco.myframe.widget.LockPatternView,handleActionUp/0,isActionMove,1
/home/arch_design_predict/download-github-repos/mvp/repos/myFrame-master/app/src/main/java/com/yscoco/myframe/widget/LockPatternView.java,com.yscoco.myframe.widget.LockPatternView,handleActionUp/0,isActionUp,1
/home/arch_design_predict/download-github-repos/mvp/repos/myFrame-master/app/src/main/java/com/yscoco/myframe/widget/LockPatternView.java,com.yscoco.myframe.widget.LockPatternView,set9CellsSize/0,offset,2
/home/arch_design_predict/download-github-repos/mvp/repos/myFrame-master/app/src/main/java/com/yscoco/myframe/widget/LockPatternView.java,com.yscoco.myframe.widget.LockPatternView,set9CellsSize/0,cellBoxWidth,2
/home/arch_design_predict/download-github-repos/mvp/repos/myFrame-master/app/src/main/java/com/yscoco/myframe/widget/LockPatternView.java,com.yscoco.myframe.widget.LockPatternView,set9CellsSize/0,mCells,2
/home/arch_design_predict/download-github-repos/mvp/repos/myFrame-master/app/src/main/java/com/yscoco/myframe/widget/LockPatternView.java,com.yscoco.myframe.widget.LockPatternView,set9CellsSize/0,cellRadius,3
/home/arch_design_predict/download-github-repos/mvp/repos/myFrame-master/app/src/main/java/com/yscoco/myframe/widget/LockPatternView.java,com.yscoco.myframe.widget.LockPatternView,initCellSize/0,offset,3
/home/arch_design_predict/download-github-repos/mvp/repos/myFrame-master/app/src/main/java/com/yscoco/myframe/widget/LockPatternView.java,com.yscoco.myframe.widget.LockPatternView,initCellSize/0,cellInnerRadius,1
/home/arch_design_predict/download-github-repos/mvp/repos/myFrame-master/app/src/main/java/com/yscoco/myframe/widget/LockPatternView.java,com.yscoco.myframe.widget.LockPatternView,initCellSize/0,cellBoxWidth,1
/home/arch_design_predict/download-github-repos/mvp/repos/myFrame-master/app/src/main/java/com/yscoco/myframe/widget/LockPatternView.java,com.yscoco.myframe.widget.LockPatternView,initCellSize/0,width,2
/home/arch_design_predict/download-github-repos/mvp/repos/myFrame-master/app/src/main/java/com/yscoco/myframe/widget/LockPatternView.java,com.yscoco.myframe.widget.LockPatternView,initCellSize/0,cellBoxHeight,1
/home/arch_design_predict/download-github-repos/mvp/repos/myFrame-master/app/src/main/java/com/yscoco/myframe/widget/LockPatternView.java,com.yscoco.myframe.widget.LockPatternView,initCellSize/0,cellRadius,2
/home/arch_design_predict/download-github-repos/mvp/repos/myFrame-master/app/src/main/java/com/yscoco/myframe/widget/LockPatternView.java,com.yscoco.myframe.widget.LockPatternView,initCellSize/0,height,1
/home/arch_design_predict/download-github-repos/mvp/repos/myFrame-master/app/src/main/java/com/yscoco/myframe/widget/LockPatternView.java,com.yscoco.myframe.widget.LockPatternView,setDefaultSelectedCell/1[java.lang.String],sCells,1
/home/arch_design_predict/download-github-repos/mvp/repos/myFrame-master/app/src/main/java/com/yscoco/myframe/widget/LockPatternView.java,com.yscoco.myframe.widget.LockPatternView,setDefaultSelectedCell/1[java.lang.String],mCells,3
/home/arch_design_predict/download-github-repos/mvp/repos/myFrame-master/app/src/main/java/com/yscoco/myframe/widget/LockPatternView.java,com.yscoco.myframe.widget.LockPatternView,drawToCanvas/1[com.yscoco.myframe.widget.Canvas],sCells,4
/home/arch_design_predict/download-github-repos/mvp/repos/myFrame-master/app/src/main/java/com/yscoco/myframe/widget/LockPatternView.java,com.yscoco.myframe.widget.LockPatternView,drawToCanvas/1[com.yscoco.myframe.widget.Canvas],cellInnerRadius,2
/home/arch_design_predict/download-github-repos/mvp/repos/myFrame-master/app/src/main/java/com/yscoco/myframe/widget/LockPatternView.java,com.yscoco.myframe.widget.LockPatternView,drawToCanvas/1[com.yscoco.myframe.widget.Canvas],isActionMove,1
/home/arch_design_predict/download-github-repos/mvp/repos/myFrame-master/app/src/main/java/com/yscoco/myframe/widget/LockPatternView.java,com.yscoco.myframe.widget.LockPatternView,drawToCanvas/1[com.yscoco.myframe.widget.Canvas],selectPaint,7
/home/arch_design_predict/download-github-repos/mvp/repos/myFrame-master/app/src/main/java/com/yscoco/myframe/widget/LockPatternView.java,com.yscoco.myframe.widget.LockPatternView,drawToCanvas/1[com.yscoco.myframe.widget.Canvas],mCells,14
/home/arch_design_predict/download-github-repos/mvp/repos/myFrame-master/app/src/main/java/com/yscoco/myframe/widget/LockPatternView.java,com.yscoco.myframe.widget.LockPatternView,drawToCanvas/1[com.yscoco.myframe.widget.Canvas],isActionUp,1
/home/arch_design_predict/download-github-repos/mvp/repos/myFrame-master/app/src/main/java/com/yscoco/myframe/widget/LockPatternView.java,com.yscoco.myframe.widget.LockPatternView,drawToCanvas/1[com.yscoco.myframe.widget.Canvas],defaultPaint,1
/home/arch_design_predict/download-github-repos/mvp/repos/myFrame-master/app/src/main/java/com/yscoco/myframe/widget/LockPatternView.java,com.yscoco.myframe.widget.LockPatternView,drawToCanvas/1[com.yscoco.myframe.widget.Canvas],errorPaint,6
/home/arch_design_predict/download-github-repos/mvp/repos/myFrame-master/app/src/main/java/com/yscoco/myframe/widget/LockPatternView.java,com.yscoco.myframe.widget.LockPatternView,drawToCanvas/1[com.yscoco.myframe.widget.Canvas],cellRadius,3
/home/arch_design_predict/download-github-repos/mvp/repos/myFrame-master/app/src/main/java/com/yscoco/myframe/widget/LockPatternView.java,com.yscoco.myframe.widget.LockPatternView,"initViewSize/2[com.yscoco.myframe.widget.Context,com.yscoco.myframe.widget.AttributeSet]",width,2
/home/arch_design_predict/download-github-repos/mvp/repos/myFrame-master/app/src/main/java/com/yscoco/myframe/widget/LockPatternView.java,com.yscoco.myframe.widget.LockPatternView,"initViewSize/2[com.yscoco.myframe.widget.Context,com.yscoco.myframe.widget.AttributeSet]",height,2
/home/arch_design_predict/download-github-repos/mvp/repos/myFrame-master/app/src/main/java/com/yscoco/myframe/widget/LockPatternView.java,com.yscoco.myframe.widget.LockPatternView,"handleActionMove/2[float,float]",isActionMove,1
/home/arch_design_predict/download-github-repos/mvp/repos/myFrame-master/app/src/main/java/com/yscoco/myframe/widget/LockPatternView.java,com.yscoco.myframe.widget.LockPatternView,"handleActionMove/2[float,float]",movingY,1
/home/arch_design_predict/download-github-repos/mvp/repos/myFrame-master/app/src/main/java/com/yscoco/myframe/widget/LockPatternView.java,com.yscoco.myframe.widget.LockPatternView,"handleActionMove/2[float,float]",movingX,1
/home/arch_design_predict/download-github-repos/mvp/repos/myFrame-master/app/src/main/java/com/yscoco/myframe/widget/LockPatternView.java,com.yscoco.myframe.widget.LockPatternView,setOnPatternListener/1[com.yscoco.myframe.widget.LockPatternView.OnPatternListener],patterListener,1
/home/arch_design_predict/download-github-repos/mvp/repos/myFrame-master/app/src/main/java/com/yscoco/myframe/widget/LockPatternView.java,com.yscoco.myframe.widget.LockPatternView,"checkSelectCell/2[float,float]",mCells,2
/home/arch_design_predict/download-github-repos/mvp/repos/myFrame-master/app/src/main/java/com/yscoco/myframe/widget/LockPatternView.java,com.yscoco.myframe.widget.LockPatternView,"checkSelectCell/2[float,float]",cellRadius,1
/home/arch_design_predict/download-github-repos/mvp/repos/myFrame-master/app/src/main/java/com/yscoco/myframe/widget/LockPatternView.java,com.yscoco.myframe.widget.LockPatternView,setInStealthMode/1[boolean],mInStealthMode,1
/home/arch_design_predict/download-github-repos/mvp/repos/myFrame-master/app/src/main/java/com/yscoco/myframe/widget/LockPatternView.java,com.yscoco.myframe.widget.LockPatternView,isInStealthMode/0,mInStealthMode,1
/home/arch_design_predict/download-github-repos/mvp/repos/myFrame-master/app/src/main/java/com/yscoco/myframe/widget/LockPatternView.java,com.yscoco.myframe.widget.LockPatternView,handleStealthMode/0,mInStealthMode,1
/home/arch_design_predict/download-github-repos/mvp/repos/myFrame-master/app/src/main/java/com/yscoco/myframe/widget/LockPatternView.java,com.yscoco.myframe.widget.LockPatternView,setTactileFeedbackEnabled/1[boolean],mEnableHapticFeedback,1
/home/arch_design_predict/download-github-repos/mvp/repos/myFrame-master/app/src/main/java/com/yscoco/myframe/widget/LockPatternView.java,com.yscoco.myframe.widget.LockPatternView,onDraw/1[com.yscoco.myframe.widget.Canvas],mcanvas,1
/home/arch_design_predict/download-github-repos/mvp/repos/myFrame-master/app/src/main/java/com/yscoco/myframe/widget/LockPatternView.java,com.yscoco.myframe.widget.LockPatternView,"onMeasure/2[int,int]",width,2
/home/arch_design_predict/download-github-repos/mvp/repos/myFrame-master/app/src/main/java/com/yscoco/myframe/widget/LockPatternView.java,com.yscoco.myframe.widget.LockPatternView,"onMeasure/2[int,int]",height,2
/home/arch_design_predict/download-github-repos/mvp/repos/myFrame-master/app/src/main/java/com/yscoco/myframe/widget/LockPatternView.java,com.yscoco.myframe.widget.LockPatternView,handleHapticFeedback/0,mEnableHapticFeedback,1
/home/arch_design_predict/download-github-repos/mvp/repos/myFrame-master/app/src/main/java/com/yscoco/myframe/widget/LockPatternView.java,com.yscoco.myframe.widget.LockPatternView,postClearPatternRunnable/1[long],delayTime,2
/home/arch_design_predict/download-github-repos/mvp/repos/myFrame-master/app/src/main/java/com/yscoco/myframe/widget/LockPatternView.java,com.yscoco.myframe.widget.LockPatternView,postClearPatternRunnable/1[long],mClearPatternRunnable,2
/home/arch_design_predict/download-github-repos/mvp/repos/myFrame-master/app/src/main/java/com/yscoco/myframe/widget/LockPatternView.java,com.yscoco.myframe.widget.LockPatternView,initMatrixs/0,triangleMatrix,1
/home/arch_design_predict/download-github-repos/mvp/repos/myFrame-master/app/src/main/java/com/yscoco/myframe/widget/LockPatternView.java,com.yscoco.myframe.widget.LockPatternView,init9Cells/0,offset,2
/home/arch_design_predict/download-github-repos/mvp/repos/myFrame-master/app/src/main/java/com/yscoco/myframe/widget/LockPatternView.java,com.yscoco.myframe.widget.LockPatternView,init9Cells/0,cellBoxWidth,2
/home/arch_design_predict/download-github-repos/mvp/repos/myFrame-master/app/src/main/java/com/yscoco/myframe/widget/LockPatternView.java,com.yscoco.myframe.widget.LockPatternView,init9Cells/0,mCells,1
/home/arch_design_predict/download-github-repos/mvp/repos/myFrame-master/app/src/main/java/com/yscoco/myframe/widget/LockPatternView.java,com.yscoco.myframe.widget.LockPatternView,init9Cells/0,cellRadius,3
/home/arch_design_predict/download-github-repos/mvp/repos/myFrame-master/app/src/main/java/com/yscoco/myframe/widget/LockPatternView.java,com.yscoco.myframe.widget.LockPatternView,initPaths/0,trianglePath,1
/home/arch_design_predict/download-github-repos/mvp/repos/myFrame-master/app/src/main/java/com/yscoco/myframe/widget/LockPatternView.java,com.yscoco.myframe.widget.LockPatternView,addSelectedCell/1[com.yscoco.myframe.widget.LockPatternView.Cell],sCells,2
/home/arch_design_predict/download-github-repos/mvp/repos/myFrame-master/app/src/main/java/com/yscoco/myframe/widget/LockPatternView.java,com.yscoco.myframe.widget.LockPatternView,isTactileFeedbackEnabled/0,mEnableHapticFeedback,1
/home/arch_design_predict/download-github-repos/mvp/repos/myFrame-master/app/src/main/java/com/yscoco/myframe/widget/LockPatternView.java,com.yscoco.myframe.widget.LockPatternView,"drawLine/4[com.yscoco.myframe.widget.LockPatternView.Cell,com.yscoco.myframe.widget.LockPatternView.Cell,com.yscoco.myframe.widget.Canvas,com.yscoco.myframe.widget.Paint]",sCells,1
/home/arch_design_predict/download-github-repos/mvp/repos/myFrame-master/app/src/main/java/com/yscoco/myframe/widget/LockPatternView.java,com.yscoco.myframe.widget.LockPatternView,"drawLineNotIncludeCircle/4[com.yscoco.myframe.widget.LockPatternView.Cell,com.yscoco.myframe.widget.LockPatternView.Cell,com.yscoco.myframe.widget.Canvas,com.yscoco.myframe.widget.Paint]",cellRadius,4
/home/arch_design_predict/download-github-repos/mvp/repos/myFrame-master/app/src/main/java/com/yscoco/myframe/widget/LockPatternView.java,com.yscoco.myframe.widget.LockPatternView,"getCellBetweenTwoCells/2[com.yscoco.myframe.widget.LockPatternView.Cell,com.yscoco.myframe.widget.LockPatternView.Cell]",mCells,3
/home/arch_design_predict/download-github-repos/mvp/repos/myFrame-master/app/src/main/java/com/yscoco/myframe/widget/LockPatternView.java,com.yscoco.myframe.widget.LockPatternView,"drawTriangle/4[com.yscoco.myframe.widget.LockPatternView.Cell,com.yscoco.myframe.widget.LockPatternView.Cell,com.yscoco.myframe.widget.Canvas,com.yscoco.myframe.widget.Paint]",cellInnerRadius,18
/home/arch_design_predict/download-github-repos/mvp/repos/myFrame-master/app/src/main/java/com/yscoco/myframe/widget/LockPatternView.java,com.yscoco.myframe.widget.LockPatternView,"drawTriangle/4[com.yscoco.myframe.widget.LockPatternView.Cell,com.yscoco.myframe.widget.LockPatternView.Cell,com.yscoco.myframe.widget.Canvas,com.yscoco.myframe.widget.Paint]",trianglePath,6
/home/arch_design_predict/download-github-repos/mvp/repos/myFrame-master/app/src/main/java/com/yscoco/myframe/widget/LockPatternView.java,com.yscoco.myframe.widget.LockPatternView,"handleActionDown/2[float,float]",patterListener,2
/home/arch_design_predict/download-github-repos/mvp/repos/myFrame-master/app/src/main/java/com/yscoco/myframe/widget/LockPatternView.java,com.yscoco.myframe.widget.LockPatternView,"handleActionDown/2[float,float]",isActionDown,1
/home/arch_design_predict/download-github-repos/mvp/repos/myFrame-master/app/src/main/java/com/yscoco/myframe/widget/LockPatternView.java,com.yscoco.myframe.widget.LockPatternView,"handleActionDown/2[float,float]",isActionMove,1
/home/arch_design_predict/download-github-repos/mvp/repos/myFrame-master/app/src/main/java/com/yscoco/myframe/widget/LockPatternView.java,com.yscoco.myframe.widget.LockPatternView,"handleActionDown/2[float,float]",isActionUp,1
/home/arch_design_predict/download-github-repos/mvp/repos/myFrame-master/app/src/main/java/com/yscoco/myframe/widget/LockPatternView.java,com.yscoco.myframe.widget.LockPatternView,setPattern/1[com.yscoco.myframe.widget.LockPatternView.DisplayMode],sCells,3
/home/arch_design_predict/download-github-repos/mvp/repos/myFrame-master/app/src/main/java/com/yscoco/myframe/widget/LockPatternView.java,com.yscoco.myframe.widget.LockPatternView,"drawLineFollowFinger/3[com.yscoco.myframe.widget.LockPatternView.Cell,com.yscoco.myframe.widget.Canvas,com.yscoco.myframe.widget.Paint]",movingY,3
/home/arch_design_predict/download-github-repos/mvp/repos/myFrame-master/app/src/main/java/com/yscoco/myframe/widget/LockPatternView.java,com.yscoco.myframe.widget.LockPatternView,"drawLineFollowFinger/3[com.yscoco.myframe.widget.LockPatternView.Cell,com.yscoco.myframe.widget.Canvas,com.yscoco.myframe.widget.Paint]",movingX,3
/home/arch_design_predict/download-github-repos/mvp/repos/myFrame-master/app/src/main/java/com/yscoco/myframe/widget/LockPatternView.java,com.yscoco.myframe.widget.LockPatternView,"drawLineFollowFinger/3[com.yscoco.myframe.widget.LockPatternView.Cell,com.yscoco.myframe.widget.Canvas,com.yscoco.myframe.widget.Paint]",cellRadius,3
/home/arch_design_predict/download-github-repos/mvp/repos/myFrame-master/app/src/main/java/com/yscoco/myframe/widget/LockPatternView.java,com.yscoco.myframe.widget.LockPatternView,"drawNewTriangle/4[com.yscoco.myframe.widget.LockPatternView.Cell,com.yscoco.myframe.widget.LockPatternView.Cell,com.yscoco.myframe.widget.Canvas,com.yscoco.myframe.widget.Paint]",triangleMatrix,3
/home/arch_design_predict/download-github-repos/mvp/repos/myFrame-master/app/src/main/java/com/yscoco/myframe/widget/LockPatternView.java,com.yscoco.myframe.widget.LockPatternView,"drawNewTriangle/4[com.yscoco.myframe.widget.LockPatternView.Cell,com.yscoco.myframe.widget.LockPatternView.Cell,com.yscoco.myframe.widget.Canvas,com.yscoco.myframe.widget.Paint]",CONSTANT_COS_30,1
/home/arch_design_predict/download-github-repos/mvp/repos/myFrame-master/app/src/main/java/com/yscoco/myframe/widget/LockPatternView.java,com.yscoco.myframe.widget.LockPatternView,"drawNewTriangle/4[com.yscoco.myframe.widget.LockPatternView.Cell,com.yscoco.myframe.widget.LockPatternView.Cell,com.yscoco.myframe.widget.Canvas,com.yscoco.myframe.widget.Paint]",cellInnerRadius,4
/home/arch_design_predict/download-github-repos/mvp/repos/myFrame-master/app/src/main/java/com/yscoco/myframe/widget/LockPatternView.java,com.yscoco.myframe.widget.LockPatternView,"drawNewTriangle/4[com.yscoco.myframe.widget.LockPatternView.Cell,com.yscoco.myframe.widget.LockPatternView.Cell,com.yscoco.myframe.widget.Canvas,com.yscoco.myframe.widget.Paint]",trianglePath,7
/home/arch_design_predict/download-github-repos/mvp/repos/myFrame-master/app/src/main/java/com/yscoco/myframe/view/TitleBar.java,com.yscoco.myframe.view.TitleBar,setRightBtnText/1[int],mRightBtn,2
/home/arch_design_predict/download-github-repos/mvp/repos/myFrame-master/app/src/main/java/com/yscoco/myframe/view/TitleBar.java,com.yscoco.myframe.view.TitleBar,rightImgClick/1[com.yscoco.myframe.view.View],mRightCallback,2
/home/arch_design_predict/download-github-repos/mvp/repos/myFrame-master/app/src/main/java/com/yscoco/myframe/view/TitleBar.java,com.yscoco.myframe.view.TitleBar,setRightBtnText/1[java.lang.String],mRightBtn,2
/home/arch_design_predict/download-github-repos/mvp/repos/myFrame-master/app/src/main/java/com/yscoco/myframe/view/TitleBar.java,com.yscoco.myframe.view.TitleBar,setTitle/1[int],mTitle,2
/home/arch_design_predict/download-github-repos/mvp/repos/myFrame-master/app/src/main/java/com/yscoco/myframe/view/TitleBar.java,com.yscoco.myframe.view.TitleBar,setTitle/1[java.lang.String],mTitle,2
/home/arch_design_predict/download-github-repos/mvp/repos/myFrame-master/app/src/main/java/com/yscoco/myframe/view/TitleBar.java,com.yscoco.myframe.view.TitleBar,"TitleBar/3[com.yscoco.myframe.view.Context,com.yscoco.myframe.view.AttributeSet,int]",activity,1
/home/arch_design_predict/download-github-repos/mvp/repos/myFrame-master/app/src/main/java/com/yscoco/myframe/view/TitleBar.java,com.yscoco.myframe.view.TitleBar,"setLeftBtnText/2[int,boolean]",mBackBtn,2
/home/arch_design_predict/download-github-repos/mvp/repos/myFrame-master/app/src/main/java/com/yscoco/myframe/view/TitleBar.java,com.yscoco.myframe.view.TitleBar,init/0,ll_title_left,3
/home/arch_design_predict/download-github-repos/mvp/repos/myFrame-master/app/src/main/java/com/yscoco/myframe/view/TitleBar.java,com.yscoco.myframe.view.TitleBar,init/0,title_bg_rl,2
/home/arch_design_predict/download-github-repos/mvp/repos/myFrame-master/app/src/main/java/com/yscoco/myframe/view/TitleBar.java,com.yscoco.myframe.view.TitleBar,init/0,iv_title_left,2
/home/arch_design_predict/download-github-repos/mvp/repos/myFrame-master/app/src/main/java/com/yscoco/myframe/view/TitleBar.java,com.yscoco.myframe.view.TitleBar,init/0,mRightBtn,2
/home/arch_design_predict/download-github-repos/mvp/repos/myFrame-master/app/src/main/java/com/yscoco/myframe/view/TitleBar.java,com.yscoco.myframe.view.TitleBar,init/0,mTitle,1
/home/arch_design_predict/download-github-repos/mvp/repos/myFrame-master/app/src/main/java/com/yscoco/myframe/view/TitleBar.java,com.yscoco.myframe.view.TitleBar,init/0,mBackBtn,1
/home/arch_design_predict/download-github-repos/mvp/repos/myFrame-master/app/src/main/java/com/yscoco/myframe/view/TitleBar.java,com.yscoco.myframe.view.TitleBar,init/0,mRightImage,2
/home/arch_design_predict/download-github-repos/mvp/repos/myFrame-master/app/src/main/java/com/yscoco/myframe/view/TitleBar.java,com.yscoco.myframe.view.TitleBar,init/0,mTitleImg,1
/home/arch_design_predict/download-github-repos/mvp/repos/myFrame-master/app/src/main/java/com/yscoco/myframe/view/TitleBar.java,com.yscoco.myframe.view.TitleBar,setRightImage/1[int],mRightImage,2
/home/arch_design_predict/download-github-repos/mvp/repos/myFrame-master/app/src/main/java/com/yscoco/myframe/view/TitleBar.java,com.yscoco.myframe.view.TitleBar,setRightBtnTextColor/1[int],mRightBtn,1
/home/arch_design_predict/download-github-repos/mvp/repos/myFrame-master/app/src/main/java/com/yscoco/myframe/view/TitleBar.java,com.yscoco.myframe.view.TitleBar,setRightCallback/1[com.yscoco.myframe.view.TitleBar.RightCallback],mRightCallback,1
/home/arch_design_predict/download-github-repos/mvp/repos/myFrame-master/app/src/main/java/com/yscoco/myframe/view/TitleBar.java,com.yscoco.myframe.view.TitleBar,setCallback/1[com.yscoco.myframe.view.TitleBar.Callback],mCallback,1
/home/arch_design_predict/download-github-repos/mvp/repos/myFrame-master/app/src/main/java/com/yscoco/myframe/view/TitleBar.java,com.yscoco.myframe.view.TitleBar,setLeftImage/1[int],iv_title_left,1
/home/arch_design_predict/download-github-repos/mvp/repos/myFrame-master/app/src/main/java/com/yscoco/myframe/view/TitleBar.java,com.yscoco.myframe.view.TitleBar,buttonClick/1[com.yscoco.myframe.view.View],activity,1
/home/arch_design_predict/download-github-repos/mvp/repos/myFrame-master/app/src/main/java/com/yscoco/myframe/view/TitleBar.java,com.yscoco.myframe.view.TitleBar,buttonClick/1[com.yscoco.myframe.view.View],mCallback,2
/home/arch_design_predict/download-github-repos/mvp/repos/myFrame-master/app/src/main/java/com/yscoco/myframe/view/TitleBar.java,com.yscoco.myframe.view.TitleBar,"setTitleColor/4[int,java.lang.String,int,int]",title_bg_rl,2
/home/arch_design_predict/download-github-repos/mvp/repos/myFrame-master/app/src/main/java/com/yscoco/myframe/view/TitleBar.java,com.yscoco.myframe.view.TitleBar,"setTitleColor/4[int,java.lang.String,int,int]",mTitle,1
/home/arch_design_predict/download-github-repos/mvp/repos/myFrame-master/app/src/main/java/com/yscoco/myframe/view/TitleBar.java,com.yscoco.myframe.view.TitleBar,getRightText/0,mRightBtn,1
/home/arch_design_predict/download-github-repos/mvp/repos/myFrame-master/app/src/main/java/com/yscoco/myframe/view/TitleBar.java,com.yscoco.myframe.view.TitleBar,setTitleBackground/1[int],mTitleImg,2
/home/arch_design_predict/download-github-repos/mvp/repos/myFrame-master/app/src/main/java/com/yscoco/myframe/ui/fragment/home/view/MainFragment.java,com.yscoco.myframe.ui.fragment.home.view.MainFragment,initData/0,adapter,2
/home/arch_design_predict/download-github-repos/mvp/repos/myFrame-master/app/src/main/java/com/yscoco/myframe/ui/fragment/home/view/MainFragment.java,com.yscoco.myframe.ui.fragment.home.view.MainFragment,initData/0,list,3
/home/arch_design_predict/download-github-repos/mvp/repos/myFrame-master/app/src/main/java/com/yscoco/myframe/ui/fragment/home/view/MainFragment.java,com.yscoco.myframe.ui.fragment.home.view.MainFragment,initData/0,recycler,2
/home/arch_design_predict/download-github-repos/mvp/repos/myFrame-master/app/src/main/java/com/yscoco/myframe/ui/fragment/home/view/MainFragment.java,com.yscoco.myframe.ui.fragment.home.view.MainFragment,onViewClicked/0,openLeft,1
/home/arch_design_predict/download-github-repos/mvp/repos/myFrame-master/app/src/main/java/com/yscoco/myframe/base/BaseObserver.java,com.yscoco.myframe.base.BaseObserver,"onExceptions/2[int,java.lang.String]",BAD_NETWORK,1
/home/arch_design_predict/download-github-repos/mvp/repos/myFrame-master/app/src/main/java/com/yscoco/myframe/base/BaseObserver.java,com.yscoco.myframe.base.BaseObserver,"onExceptions/2[int,java.lang.String]",CONNECT_ERROR,1
/home/arch_design_predict/download-github-repos/mvp/repos/myFrame-master/app/src/main/java/com/yscoco/myframe/base/BaseObserver.java,com.yscoco.myframe.base.BaseObserver,"onExceptions/2[int,java.lang.String]",NETWORK_ERROR,1
/home/arch_design_predict/download-github-repos/mvp/repos/myFrame-master/app/src/main/java/com/yscoco/myframe/base/BaseObserver.java,com.yscoco.myframe.base.BaseObserver,"onExceptions/2[int,java.lang.String]",CONNECT_TIMEOUT,1
/home/arch_design_predict/download-github-repos/mvp/repos/myFrame-master/app/src/main/java/com/yscoco/myframe/base/BaseObserver.java,com.yscoco.myframe.base.BaseObserver,"onExceptions/2[int,java.lang.String]",PARSE_ERROR,1
/home/arch_design_predict/download-github-repos/mvp/repos/myFrame-master/app/src/main/java/com/yscoco/myframe/base/BaseObserver.java,com.yscoco.myframe.base.BaseObserver,BaseObserver/1[com.yscoco.myframe.base.BaseContract.BaseView],view,3
/home/arch_design_predict/download-github-repos/mvp/repos/myFrame-master/app/src/main/java/com/yscoco/myframe/base/BaseObserver.java,com.yscoco.myframe.base.BaseObserver,onNext/1[T],view,4
/home/arch_design_predict/download-github-repos/mvp/repos/myFrame-master/app/src/main/java/com/yscoco/myframe/base/BaseObserver.java,com.yscoco.myframe.base.BaseObserver,onNext/1[T],CODE,1
/home/arch_design_predict/download-github-repos/mvp/repos/myFrame-master/app/src/main/java/com/yscoco/myframe/base/BaseObserver.java,com.yscoco.myframe.base.BaseObserver,onError/1[java.lang.Throwable],BAD_NETWORK,1
/home/arch_design_predict/download-github-repos/mvp/repos/myFrame-master/app/src/main/java/com/yscoco/myframe/base/BaseObserver.java,com.yscoco.myframe.base.BaseObserver,onError/1[java.lang.Throwable],view,2
/home/arch_design_predict/download-github-repos/mvp/repos/myFrame-master/app/src/main/java/com/yscoco/myframe/base/BaseObserver.java,com.yscoco.myframe.base.BaseObserver,onError/1[java.lang.Throwable],CONNECT_ERROR,1
/home/arch_design_predict/download-github-repos/mvp/repos/myFrame-master/app/src/main/java/com/yscoco/myframe/base/BaseObserver.java,com.yscoco.myframe.base.BaseObserver,onError/1[java.lang.Throwable],CONNECT_TIMEOUT,1
/home/arch_design_predict/download-github-repos/mvp/repos/myFrame-master/app/src/main/java/com/yscoco/myframe/base/BaseObserver.java,com.yscoco.myframe.base.BaseObserver,onError/1[java.lang.Throwable],PARSE_ERROR,1
/home/arch_design_predict/download-github-repos/mvp/repos/myFrame-master/app/src/main/java/com/yscoco/myframe/base/BaseObserver.java,com.yscoco.myframe.base.BaseObserver,onError/1[java.lang.String],view,1
/home/arch_design_predict/download-github-repos/mvp/repos/myFrame-master/app/src/main/java/com/yscoco/myframe/base/BaseObserver.java,com.yscoco.myframe.base.BaseObserver,onStart/0,view,2
/home/arch_design_predict/download-github-repos/mvp/repos/myFrame-master/app/src/main/java/com/yscoco/myframe/dto/BaseDataDTO.java,com.yscoco.myframe.dto.BaseDataDTO,setErr_code/1[int],err_code,3
/home/arch_design_predict/download-github-repos/mvp/repos/myFrame-master/app/src/main/java/com/yscoco/myframe/dto/BaseDataDTO.java,com.yscoco.myframe.dto.BaseDataDTO,setErr_msg/1[java.lang.String],err_msg,3
/home/arch_design_predict/download-github-repos/mvp/repos/myFrame-master/app/src/main/java/com/yscoco/myframe/dto/BaseDataDTO.java,com.yscoco.myframe.dto.BaseDataDTO,getRole/0,role,1
/home/arch_design_predict/download-github-repos/mvp/repos/myFrame-master/app/src/main/java/com/yscoco/myframe/dto/BaseDataDTO.java,com.yscoco.myframe.dto.BaseDataDTO,getToken/0,token,1
/home/arch_design_predict/download-github-repos/mvp/repos/myFrame-master/app/src/main/java/com/yscoco/myframe/dto/BaseDataDTO.java,com.yscoco.myframe.dto.BaseDataDTO,setRole/1[java.lang.String],role,3
/home/arch_design_predict/download-github-repos/mvp/repos/myFrame-master/app/src/main/java/com/yscoco/myframe/dto/BaseDataDTO.java,com.yscoco.myframe.dto.BaseDataDTO,setToken/1[java.lang.String],token,3
/home/arch_design_predict/download-github-repos/mvp/repos/myFrame-master/app/src/main/java/com/yscoco/myframe/dto/BaseDataDTO.java,com.yscoco.myframe.dto.BaseDataDTO,getErr_msg/0,err_msg,1
/home/arch_design_predict/download-github-repos/mvp/repos/myFrame-master/app/src/main/java/com/yscoco/myframe/dto/BaseDataDTO.java,com.yscoco.myframe.dto.BaseDataDTO,getErr_code/0,err_code,1
/home/arch_design_predict/download-github-repos/mvp/repos/myFrame-master/app/src/main/java/com/yscoco/myframe/base/BasePresenter.java,com.yscoco.myframe.base.BasePresenter,attachView/1[T],mView,1
/home/arch_design_predict/download-github-repos/mvp/repos/myFrame-master/app/src/main/java/com/yscoco/myframe/base/BasePresenter.java,com.yscoco.myframe.base.BasePresenter,"addDisposable/2[com.yscoco.myframe.base.Observable<?>,com.yscoco.myframe.base.BaseObserver]",compositeDisposable,3
/home/arch_design_predict/download-github-repos/mvp/repos/myFrame-master/app/src/main/java/com/yscoco/myframe/base/BasePresenter.java,com.yscoco.myframe.base.BasePresenter,BasePresenter/1[T],mView,1
/home/arch_design_predict/download-github-repos/mvp/repos/myFrame-master/app/src/main/java/com/yscoco/myframe/base/BasePresenter.java,com.yscoco.myframe.base.BasePresenter,detachView/0,mView,1
/home/arch_design_predict/download-github-repos/mvp/repos/myFrame-master/app/src/main/java/com/yscoco/myframe/base/BasePresenter.java,com.yscoco.myframe.base.BasePresenter,removeDisposable/0,compositeDisposable,2
/home/arch_design_predict/download-github-repos/mvp/repos/myFrame-master/app/src/main/java/com/yscoco/myframe/widget/LockPatternView.java,com.yscoco.myframe.widget.LockPatternView$Cell,setStatus/1[int],status,3
/home/arch_design_predict/download-github-repos/mvp/repos/myFrame-master/app/src/main/java/com/yscoco/myframe/widget/LockPatternView.java,com.yscoco.myframe.widget.LockPatternView$Cell,"Cell/5[int,int,int,int,int]",x,3
/home/arch_design_predict/download-github-repos/mvp/repos/myFrame-master/app/src/main/java/com/yscoco/myframe/widget/LockPatternView.java,com.yscoco.myframe.widget.LockPatternView$Cell,"Cell/5[int,int,int,int,int]",column,3
/home/arch_design_predict/download-github-repos/mvp/repos/myFrame-master/app/src/main/java/com/yscoco/myframe/widget/LockPatternView.java,com.yscoco.myframe.widget.LockPatternView$Cell,"Cell/5[int,int,int,int,int]",y,3
/home/arch_design_predict/download-github-repos/mvp/repos/myFrame-master/app/src/main/java/com/yscoco/myframe/widget/LockPatternView.java,com.yscoco.myframe.widget.LockPatternView$Cell,"Cell/5[int,int,int,int,int]",index,3
/home/arch_design_predict/download-github-repos/mvp/repos/myFrame-master/app/src/main/java/com/yscoco/myframe/widget/LockPatternView.java,com.yscoco.myframe.widget.LockPatternView$Cell,"Cell/5[int,int,int,int,int]",row,3
/home/arch_design_predict/download-github-repos/mvp/repos/myFrame-master/app/src/main/java/com/yscoco/myframe/widget/LockPatternView.java,com.yscoco.myframe.widget.LockPatternView$Cell,setX/1[int],x,3
/home/arch_design_predict/download-github-repos/mvp/repos/myFrame-master/app/src/main/java/com/yscoco/myframe/widget/LockPatternView.java,com.yscoco.myframe.widget.LockPatternView$Cell,getColumn/0,column,1
/home/arch_design_predict/download-github-repos/mvp/repos/myFrame-master/app/src/main/java/com/yscoco/myframe/widget/LockPatternView.java,com.yscoco.myframe.widget.LockPatternView$Cell,getY/0,y,1
/home/arch_design_predict/download-github-repos/mvp/repos/myFrame-master/app/src/main/java/com/yscoco/myframe/widget/LockPatternView.java,com.yscoco.myframe.widget.LockPatternView$Cell,getIndex/0,index,1
/home/arch_design_predict/download-github-repos/mvp/repos/myFrame-master/app/src/main/java/com/yscoco/myframe/widget/LockPatternView.java,com.yscoco.myframe.widget.LockPatternView$Cell,getStatus/0,status,1
/home/arch_design_predict/download-github-repos/mvp/repos/myFrame-master/app/src/main/java/com/yscoco/myframe/widget/LockPatternView.java,com.yscoco.myframe.widget.LockPatternView$Cell,getRow/0,row,1
/home/arch_design_predict/download-github-repos/mvp/repos/myFrame-master/app/src/main/java/com/yscoco/myframe/widget/LockPatternView.java,com.yscoco.myframe.widget.LockPatternView$Cell,setY/1[int],y,3
/home/arch_design_predict/download-github-repos/mvp/repos/myFrame-master/app/src/main/java/com/yscoco/myframe/widget/LockPatternView.java,com.yscoco.myframe.widget.LockPatternView$Cell,getX/0,x,1
/home/arch_design_predict/download-github-repos/mvp/repos/myFrame-master/app/src/main/java/com/yscoco/myframe/ui/activity/login/view/RegisterActivity.java,com.yscoco.myframe.ui.activity.login.view.RegisterActivity,onViewClicked/1[com.yscoco.myframe.ui.activity.login.view.View],pwdSure,1
/home/arch_design_predict/download-github-repos/mvp/repos/myFrame-master/app/src/main/java/com/yscoco/myframe/ui/activity/login/view/RegisterActivity.java,com.yscoco.myframe.ui.activity.login.view.RegisterActivity,onViewClicked/1[com.yscoco.myframe.ui.activity.login.view.View],pwd,1
/home/arch_design_predict/download-github-repos/mvp/repos/myFrame-master/app/src/main/java/com/yscoco/myframe/ui/activity/login/view/RegisterActivity.java,com.yscoco.myframe.ui.activity.login.view.RegisterActivity,onViewClicked/1[com.yscoco.myframe.ui.activity.login.view.View],register,3
/home/arch_design_predict/download-github-repos/mvp/repos/myFrame-master/app/src/main/java/com/yscoco/myframe/ui/activity/login/view/RegisterActivity.java,com.yscoco.myframe.ui.activity.login.view.RegisterActivity,onViewClicked/1[com.yscoco.myframe.ui.activity.login.view.View],username,1
/home/arch_design_predict/download-github-repos/mvp/repos/myFrame-master/app/src/main/java/com/yscoco/myframe/widget/TestLockView.java,com.yscoco.myframe.widget.Cell,getX/0,x,1
/home/arch_design_predict/download-github-repos/mvp/repos/myFrame-master/app/src/main/java/com/yscoco/myframe/widget/TestLockView.java,com.yscoco.myframe.widget.Cell,setColumn/1[int],column,3
/home/arch_design_predict/download-github-repos/mvp/repos/myFrame-master/app/src/main/java/com/yscoco/myframe/widget/TestLockView.java,com.yscoco.myframe.widget.Cell,getIndex/0,index,1
/home/arch_design_predict/download-github-repos/mvp/repos/myFrame-master/app/src/main/java/com/yscoco/myframe/widget/TestLockView.java,com.yscoco.myframe.widget.Cell,setY/1[int],y,3
/home/arch_design_predict/download-github-repos/mvp/repos/myFrame-master/app/src/main/java/com/yscoco/myframe/widget/TestLockView.java,com.yscoco.myframe.widget.Cell,getColumn/0,column,1
/home/arch_design_predict/download-github-repos/mvp/repos/myFrame-master/app/src/main/java/com/yscoco/myframe/widget/TestLockView.java,com.yscoco.myframe.widget.Cell,getRow/0,row,1
/home/arch_design_predict/download-github-repos/mvp/repos/myFrame-master/app/src/main/java/com/yscoco/myframe/widget/TestLockView.java,com.yscoco.myframe.widget.Cell,setRow/1[int],row,3
/home/arch_design_predict/download-github-repos/mvp/repos/myFrame-master/app/src/main/java/com/yscoco/myframe/widget/TestLockView.java,com.yscoco.myframe.widget.Cell,getY/0,y,1
/home/arch_design_predict/download-github-repos/mvp/repos/myFrame-master/app/src/main/java/com/yscoco/myframe/widget/TestLockView.java,com.yscoco.myframe.widget.Cell,setX/1[int],x,3
/home/arch_design_predict/download-github-repos/mvp/repos/myFrame-master/app/src/main/java/com/yscoco/myframe/widget/TestLockView.java,com.yscoco.myframe.widget.Cell,"Cell/5[int,int,int,int,int]",x,3
/home/arch_design_predict/download-github-repos/mvp/repos/myFrame-master/app/src/main/java/com/yscoco/myframe/widget/TestLockView.java,com.yscoco.myframe.widget.Cell,"Cell/5[int,int,int,int,int]",column,3
/home/arch_design_predict/download-github-repos/mvp/repos/myFrame-master/app/src/main/java/com/yscoco/myframe/widget/TestLockView.java,com.yscoco.myframe.widget.Cell,"Cell/5[int,int,int,int,int]",y,3
/home/arch_design_predict/download-github-repos/mvp/repos/myFrame-master/app/src/main/java/com/yscoco/myframe/widget/TestLockView.java,com.yscoco.myframe.widget.Cell,"Cell/5[int,int,int,int,int]",index,3
/home/arch_design_predict/download-github-repos/mvp/repos/myFrame-master/app/src/main/java/com/yscoco/myframe/widget/TestLockView.java,com.yscoco.myframe.widget.Cell,"Cell/5[int,int,int,int,int]",row,3
/home/arch_design_predict/download-github-repos/mvp/repos/myFrame-master/app/src/main/java/com/yscoco/myframe/widget/TestLockView.java,com.yscoco.myframe.widget.Cell,setIndex/1[int],index,3
/home/arch_design_predict/download-github-repos/mvp/repos/myFrame-master/app/src/main/java/com/yscoco/myframe/base/adapter/RecyclerHolder.java,com.yscoco.myframe.base.adapter.RecyclerHolder,getViews/0,views,1
/home/arch_design_predict/download-github-repos/mvp/repos/myFrame-master/app/src/main/java/com/yscoco/myframe/base/adapter/RecyclerHolder.java,com.yscoco.myframe.base.adapter.RecyclerHolder,"getRecyclerHolder/2[com.yscoco.myframe.base.adapter.Context,com.yscoco.myframe.base.adapter.View]",context,3
/home/arch_design_predict/download-github-repos/mvp/repos/myFrame-master/app/src/main/java/com/yscoco/myframe/base/adapter/RecyclerHolder.java,com.yscoco.myframe.base.adapter.RecyclerHolder,"RecyclerHolder/2[com.yscoco.myframe.base.adapter.Context,com.yscoco.myframe.base.adapter.View]",context,3
/home/arch_design_predict/download-github-repos/mvp/repos/myFrame-master/app/src/main/java/com/yscoco/myframe/base/adapter/RecyclerHolder.java,com.yscoco.myframe.base.adapter.RecyclerHolder,"RecyclerHolder/2[com.yscoco.myframe.base.adapter.Context,com.yscoco.myframe.base.adapter.View]",views,1
/home/arch_design_predict/download-github-repos/mvp/repos/myFrame-master/app/src/main/java/com/yscoco/myframe/base/adapter/RecyclerHolder.java,com.yscoco.myframe.base.adapter.RecyclerHolder,getView/1[int],views,2
/home/arch_design_predict/download-github-repos/mvp/repos/myFrame-master/app/src/main/java/com/yscoco/myframe/base/BaseActivity.java,com.yscoco.myframe.base.BaseActivity,onDestroy/0,mPresenter,2
/home/arch_design_predict/download-github-repos/mvp/repos/myFrame-master/app/src/main/java/com/yscoco/myframe/base/BaseActivity.java,com.yscoco.myframe.base.BaseActivity,onCreate/1[com.yscoco.myframe.base.Bundle],mPresenter,1
