file,class,type,cbo,cboModified,fanin,fanout,wmc,dit,noc,rfc,lcom,lcom*,tcc,lcc,totalMethodsQty,staticMethodsQty,publicMethodsQty,privateMethodsQty,protectedMethodsQty,defaultMethodsQty,visibleMethodsQty,abstractMethodsQty,finalMethodsQty,synchronizedMethodsQty,totalFieldsQty,staticFieldsQty,publicFieldsQty,privateFieldsQty,protectedFieldsQty,defaultFieldsQty,finalFieldsQty,synchronizedFieldsQty,nosi,loc,returnQty,loopQty,comparisonsQty,tryCatchQty,parenthesizedExpsQty,stringLiteralsQty,numbersQty,assignmentsQty,mathOperationsQty,variablesQty,maxNestedBlocksQty,anonymousClassesQty,innerClassesQty,lambdasQty,uniqueWordsQty,modifiers,logStatementsQty
/home/arch_design_predict/download-github-repos/mvp/repos/TestComponent-master/wevideo/src/main/java/com/ly/wevideo/WeVideoActivity.java,com.ly.wevideo.WeVideoActivity,class,6,6,0,6,1,2,0,5,0,0.0,NaN,NaN,1,0,0,0,1,0,1,0,0,0,0,0,0,0,0,0,0,0,0,15,0,0,0,0,0,1,0,2,0,2,0,1,0,0,27,1,0
/home/arch_design_predict/download-github-repos/mvp/repos/TestComponent-master/home/src/main/java/com/ly/home/contract/MainContract.java,com.ly.home.contract.MainContract,interface,1,1,0,1,0,1,0,0,0,0.0,-1.0,-1.0,0,0,0,0,0,0,0,0,0,0,0,0,0,0,0,0,0,0,0,8,0,0,0,0,0,0,0,0,0,0,0,0,2,0,3,1,0
/home/arch_design_predict/download-github-repos/mvp/repos/TestComponent-master/common/src/main/java/com/ly/common/scop/ActivityBindingModule.java,com.ly.common.scop.ActivityBindingModule,class,0,0,0,0,0,1,0,0,0,0.0,-1.0,-1.0,0,0,0,0,0,0,0,0,0,0,0,0,0,0,0,0,0,0,0,2,0,0,0,0,0,0,0,0,0,0,0,0,0,0,56,1025,0
/home/arch_design_predict/download-github-repos/mvp/repos/TestComponent-master/zhibo/src/test/java/com/ly/zhibo/ExampleUnitTest.java,com.ly.zhibo.ExampleUnitTest,class,1,1,0,1,1,1,0,1,0,0.0,NaN,NaN,1,0,1,0,0,0,1,0,0,0,0,0,0,0,0,0,0,0,0,5,0,0,0,0,0,0,3,0,1,0,0,0,0,0,22,1,0
/home/arch_design_predict/download-github-repos/mvp/repos/TestComponent-master/wevideo/src/test/java/com/ly/wevideo/ExampleUnitTest.java,com.ly.wevideo.ExampleUnitTest,class,1,1,0,1,1,1,0,1,0,0.0,NaN,NaN,1,0,1,0,0,0,1,0,0,0,0,0,0,0,0,0,0,0,0,5,0,0,0,0,0,0,3,0,1,0,0,0,0,0,22,1,0
/home/arch_design_predict/download-github-repos/mvp/repos/TestComponent-master/zhibo/src/androidTest/java/com/ly/zhibo/ExampleInstrumentedTest.java,com.ly.zhibo.ExampleInstrumentedTest,class,4,4,0,4,1,1,0,3,0,0.0,NaN,NaN,1,0,1,0,0,0,1,0,0,0,0,0,0,0,0,0,0,0,0,6,0,0,0,0,0,1,0,1,0,1,0,0,0,0,19,1,0
/home/arch_design_predict/download-github-repos/mvp/repos/TestComponent-master/common/src/main/java/com/ly/common/base/BaseView.java,com.ly.common.base.BaseView,interface,0,2,2,0,1,1,0,0,0,0.0,NaN,NaN,1,0,0,0,0,1,1,0,0,0,0,0,0,0,0,0,0,0,0,3,0,0,0,0,0,0,0,0,0,0,0,0,0,0,10,1,0
/home/arch_design_predict/download-github-repos/mvp/repos/TestComponent-master/wevideo/src/androidTest/java/com/ly/wevideo/ExampleInstrumentedTest.java,com.ly.wevideo.ExampleInstrumentedTest,class,4,4,0,4,1,1,0,3,0,0.0,NaN,NaN,1,0,1,0,0,0,1,0,0,0,0,0,0,0,0,0,0,0,0,6,0,0,0,0,0,1,0,1,0,1,0,0,0,0,19,1,0
/home/arch_design_predict/download-github-repos/mvp/repos/TestComponent-master/home/src/main/java/com/ly/home/component/MainActivityComponent.java,com.ly.home.component.MainActivityComponent,interface,4,4,0,4,1,1,0,0,0,0.0,NaN,NaN,1,0,0,0,0,1,1,0,0,0,0,0,0,0,0,0,0,0,0,3,0,0,0,0,0,0,0,0,0,0,0,0,0,0,6,1,0
/home/arch_design_predict/download-github-repos/mvp/repos/TestComponent-master/home/src/main/java/com/ly/home/LoginActivity.java,com.ly.home.LoginActivity,class,6,6,0,6,1,2,0,5,0,0.0,NaN,NaN,1,0,0,0,1,0,1,0,0,0,0,0,0,0,0,0,0,0,0,15,0,0,0,0,0,1,0,2,0,2,0,1,0,0,26,1,0
/home/arch_design_predict/download-github-repos/mvp/repos/TestComponent-master/common/src/main/java/com/ly/common/base/AppConfig.java,com.ly.common.base.AppConfig,class,0,0,0,0,0,1,0,0,0,NaN,-1.0,-1.0,0,0,0,0,0,0,0,0,0,0,2,2,2,0,0,0,2,0,0,4,0,0,0,0,0,1,0,2,0,2,0,0,0,0,10,1,0
/home/arch_design_predict/download-github-repos/mvp/repos/TestComponent-master/app/src/androidTest/java/com/ly/testcoponent/ExampleInstrumentedTest.java,com.ly.testcoponent.ExampleInstrumentedTest,class,4,4,0,4,1,1,0,3,0,0.0,NaN,NaN,1,0,1,0,0,0,1,0,0,0,0,0,0,0,0,0,0,0,0,6,0,0,0,0,0,1,0,1,0,1,0,0,0,0,19,1,0
/home/arch_design_predict/download-github-repos/mvp/repos/TestComponent-master/common/src/test/java/com/ly/common/ExampleUnitTest.java,com.ly.common.ExampleUnitTest,class,1,1,0,1,1,1,0,1,0,0.0,NaN,NaN,1,0,1,0,0,0,1,0,0,0,0,0,0,0,0,0,0,0,0,5,0,0,0,0,0,0,3,0,1,0,0,0,0,0,22,1,0
/home/arch_design_predict/download-github-repos/mvp/repos/TestComponent-master/home/src/main/java/com/ly/home/presenter/MainPresenter.java,com.ly.home.presenter.MainPresenter,class,6,9,3,6,3,2,0,5,1,0.5,0.0,0.0,2,0,2,0,0,0,2,0,0,0,2,0,0,0,0,2,0,0,0,12,0,0,0,0,0,1,0,0,1,2,1,0,0,0,11,1,0
/home/arch_design_predict/download-github-repos/mvp/repos/TestComponent-master/home/src/main/java/com/ly/home/LoginActivity.java,com.ly.home.LoginActivity$Anonymous1,anonymous,1,1,0,1,1,1,0,3,0,0.0,NaN,NaN,1,0,1,0,0,0,1,0,0,0,0,0,0,0,0,0,0,0,0,5,0,0,0,0,0,1,0,0,0,0,0,0,0,0,5,-1,0
/home/arch_design_predict/download-github-repos/mvp/repos/TestComponent-master/home/src/main/java/com/ly/home/module/MainModule.java,com.ly.home.module.MainModule,class,4,4,0,4,1,1,0,0,0,0.0,NaN,NaN,1,0,1,0,0,0,1,0,0,0,1,0,0,0,0,1,0,0,0,6,1,0,0,0,0,0,0,0,0,1,0,0,0,0,6,1,0
/home/arch_design_predict/download-github-repos/mvp/repos/TestComponent-master/app/src/main/java/com/ly/testcoponent/SplashActivity.java,com.ly.testcoponent.SplashActivity,class,4,4,0,4,2,2,0,8,1,0.0,0.0,0.0,2,0,1,0,1,0,2,0,0,0,0,0,0,0,0,0,0,0,0,11,0,0,0,0,0,1,0,0,0,0,0,0,0,0,20,1,0
/home/arch_design_predict/download-github-repos/mvp/repos/TestComponent-master/common/src/main/java/com/ly/common/scop/ApplicationModule.java,com.ly.common.scop.ApplicationModule,class,3,3,0,3,1,1,0,0,0,0.0,NaN,NaN,1,0,0,0,0,1,1,1,0,0,0,0,0,0,0,0,0,0,0,3,0,0,0,0,0,0,0,0,0,0,0,0,0,0,39,1025,0
/home/arch_design_predict/download-github-repos/mvp/repos/TestComponent-master/common/src/main/java/com/ly/common/bean/User.java,com.ly.common.bean.User,class,1,2,1,1,5,1,0,0,6,0.6,0.2,0.2,5,0,5,0,0,0,5,0,0,0,2,0,0,2,0,0,0,0,0,18,2,0,0,0,0,0,0,2,0,2,0,0,0,0,8,1,0
/home/arch_design_predict/download-github-repos/mvp/repos/TestComponent-master/home/src/main/java/com/ly/home/MainActivity.java,com.ly.home.MainActivity$Anonymous1,anonymous,2,2,0,2,1,1,0,1,0,0.0,NaN,NaN,1,0,1,0,0,0,1,0,0,0,0,0,0,0,0,0,0,0,0,5,0,0,0,0,0,0,0,0,0,0,0,0,0,0,4,-1,0
/home/arch_design_predict/download-github-repos/mvp/repos/TestComponent-master/common/src/main/java/com/ly/common/net/NetRetrofit.java,com.ly.common.net.NetRetrofit,class,4,5,1,4,2,1,0,8,1,0.0,0.0,0.0,2,0,2,0,0,0,2,0,0,0,0,0,0,0,0,0,0,0,0,12,2,0,0,0,0,0,4,2,2,2,0,0,0,0,10,1,0
/home/arch_design_predict/download-github-repos/mvp/repos/TestComponent-master/zhibo/src/main/java/com/ly/zhibo/ZhiBoActivity.java,com.ly.zhibo.ZhiBoActivity,class,6,6,0,6,1,2,0,7,0,0.0,NaN,NaN,1,0,0,0,1,0,1,0,0,0,0,0,0,0,0,0,0,0,0,16,0,0,0,0,0,1,0,2,0,2,0,1,0,0,27,1,0
/home/arch_design_predict/download-github-repos/mvp/repos/TestComponent-master/app/src/test/java/com/ly/testcoponent/ExampleUnitTest.java,com.ly.testcoponent.ExampleUnitTest,class,1,1,0,1,1,1,0,1,0,0.0,NaN,NaN,1,0,1,0,0,0,1,0,0,0,0,0,0,0,0,0,0,0,0,5,0,0,0,0,0,0,3,0,1,0,0,0,0,0,22,1,0
/home/arch_design_predict/download-github-repos/mvp/repos/TestComponent-master/home/src/main/java/com/ly/home/contract/MainContract.java,com.ly.home.contract.MainContract$presenter,interface,0,0,0,0,1,1,0,0,0,0.0,NaN,NaN,1,0,0,0,0,1,1,0,0,0,0,0,0,0,0,0,0,0,0,3,0,0,0,0,0,0,0,0,0,0,0,0,0,0,4,0,0
/home/arch_design_predict/download-github-repos/mvp/repos/TestComponent-master/home/src/main/java/com/ly/home/MainActivity.java,com.ly.home.MainActivity,class,9,10,1,9,6,3,0,16,15,0.0,0.0,0.0,6,0,2,0,4,0,6,0,0,0,0,0,0,0,0,0,0,0,0,32,0,0,0,0,0,2,0,2,1,2,1,1,0,0,42,1,0
/home/arch_design_predict/download-github-repos/mvp/repos/TestComponent-master/zhibo/src/main/java/com/ly/zhibo/ZhiBoActivity.java,com.ly.zhibo.ZhiBoActivity$Anonymous1,anonymous,1,1,0,1,1,1,0,3,0,0.0,NaN,NaN,1,0,1,0,0,0,1,0,0,0,0,0,0,0,0,0,0,0,0,5,0,0,0,0,0,1,0,0,0,0,0,0,0,0,5,-1,0
/home/arch_design_predict/download-github-repos/mvp/repos/TestComponent-master/home/src/main/java/com/ly/home/contract/MainContract.java,com.ly.home.contract.MainContract$MainView,interface,1,1,0,1,1,1,0,0,0,0.0,NaN,NaN,1,0,0,0,0,1,1,0,0,0,0,0,0,0,0,0,0,0,0,3,0,0,0,0,0,0,0,0,0,0,0,0,0,0,8,0,0
/home/arch_design_predict/download-github-repos/mvp/repos/TestComponent-master/common/src/main/java/com/ly/common/base/CoponentApplication.java,com.ly.common.base.CoponentApplication,class,2,5,3,2,3,2,0,5,0,0.0,1.0,1.0,2,0,2,0,0,0,2,0,0,0,1,0,0,0,0,1,0,0,0,15,1,0,0,0,0,0,0,1,0,1,1,0,0,0,8,1,0
/home/arch_design_predict/download-github-repos/mvp/repos/TestComponent-master/common/src/main/java/com/ly/common/base/BasePresenter.java,com.ly.common.base.BasePresenter,class,3,6,3,3,10,1,0,5,0,0.25,1.0,1.0,4,0,3,0,1,0,4,0,0,0,2,0,0,0,2,0,0,0,0,29,3,0,4,0,0,0,0,4,0,2,1,0,0,0,16,1,0
/home/arch_design_predict/download-github-repos/mvp/repos/TestComponent-master/common/src/main/java/com/ly/common/component/RetrofitComponent.java,com.ly.common.component.RetrofitComponent,interface,6,8,2,6,3,1,0,0,3,0.0,0.0,0.0,3,0,0,0,0,3,3,0,0,0,0,0,0,0,0,0,0,0,0,5,0,0,0,0,0,0,0,0,0,0,0,0,0,0,13,1,0
/home/arch_design_predict/download-github-repos/mvp/repos/TestComponent-master/common/src/main/java/com/ly/common/base/BaseActivity.java,com.ly.common.base.BaseActivity,class,8,10,2,8,6,2,0,6,4,0.5,0.16666667,0.16666667,4,0,1,0,3,0,4,1,0,0,1,0,0,0,1,0,0,0,0,21,1,0,2,0,0,0,0,1,0,1,1,0,0,0,22,1025,0
/home/arch_design_predict/download-github-repos/mvp/repos/TestComponent-master/common/src/androidTest/java/com/ly/common/ExampleInstrumentedTest.java,com.ly.common.ExampleInstrumentedTest,class,4,4,0,4,1,1,0,3,0,0.0,NaN,NaN,1,0,1,0,0,0,1,0,0,0,0,0,0,0,0,0,0,0,0,6,0,0,0,0,0,1,0,1,0,1,0,0,0,0,19,1,0
/home/arch_design_predict/download-github-repos/mvp/repos/TestComponent-master/wevideo/src/main/java/com/ly/wevideo/WeVideoActivity.java,com.ly.wevideo.WeVideoActivity$Anonymous1,anonymous,1,1,0,1,1,1,0,3,0,0.0,NaN,NaN,1,0,1,0,0,0,1,0,0,0,0,0,0,0,0,0,0,0,0,5,0,0,0,0,0,1,0,0,0,0,0,0,0,0,5,-1,0
