file,class,method,variable,usage
/home/arch_design_predict/download-github-repos/mvp/repos/TestComponent-master/wevideo/src/main/java/com/ly/wevideo/WeVideoActivity.java,com.ly.wevideo.WeVideoActivity,onCreate/1[com.ly.wevideo.Bundle],toolbar,2
/home/arch_design_predict/download-github-repos/mvp/repos/TestComponent-master/wevideo/src/main/java/com/ly/wevideo/WeVideoActivity.java,com.ly.wevideo.WeVideoActivity,onCreate/1[com.ly.wevideo.Bundle],savedInstanceState,1
/home/arch_design_predict/download-github-repos/mvp/repos/TestComponent-master/wevideo/src/main/java/com/ly/wevideo/WeVideoActivity.java,com.ly.wevideo.WeVideoActivity,onCreate/1[com.ly.wevideo.Bundle],fab,2
/home/arch_design_predict/download-github-repos/mvp/repos/TestComponent-master/zhibo/src/androidTest/java/com/ly/zhibo/ExampleInstrumentedTest.java,com.ly.zhibo.ExampleInstrumentedTest,useAppContext/0,appContext,1
/home/arch_design_predict/download-github-repos/mvp/repos/TestComponent-master/common/src/main/java/com/ly/common/base/BaseView.java,com.ly.common.base.BaseView,"onPageStatusError/3[int,java.lang.String,int]",code,0
/home/arch_design_predict/download-github-repos/mvp/repos/TestComponent-master/common/src/main/java/com/ly/common/base/BaseView.java,com.ly.common.base.BaseView,"onPageStatusError/3[int,java.lang.String,int]",sceneCode,0
/home/arch_design_predict/download-github-repos/mvp/repos/TestComponent-master/common/src/main/java/com/ly/common/base/BaseView.java,com.ly.common.base.BaseView,"onPageStatusError/3[int,java.lang.String,int]",message,0
/home/arch_design_predict/download-github-repos/mvp/repos/TestComponent-master/wevideo/src/androidTest/java/com/ly/wevideo/ExampleInstrumentedTest.java,com.ly.wevideo.ExampleInstrumentedTest,useAppContext/0,appContext,1
/home/arch_design_predict/download-github-repos/mvp/repos/TestComponent-master/home/src/main/java/com/ly/home/component/MainActivityComponent.java,com.ly.home.component.MainActivityComponent,inject/1[com.ly.home.MainActivity],activity,0
/home/arch_design_predict/download-github-repos/mvp/repos/TestComponent-master/home/src/main/java/com/ly/home/LoginActivity.java,com.ly.home.LoginActivity,onCreate/1[com.ly.home.Bundle],toolbar,2
/home/arch_design_predict/download-github-repos/mvp/repos/TestComponent-master/home/src/main/java/com/ly/home/LoginActivity.java,com.ly.home.LoginActivity,onCreate/1[com.ly.home.Bundle],savedInstanceState,1
/home/arch_design_predict/download-github-repos/mvp/repos/TestComponent-master/home/src/main/java/com/ly/home/LoginActivity.java,com.ly.home.LoginActivity,onCreate/1[com.ly.home.Bundle],fab,2
/home/arch_design_predict/download-github-repos/mvp/repos/TestComponent-master/app/src/androidTest/java/com/ly/testcoponent/ExampleInstrumentedTest.java,com.ly.testcoponent.ExampleInstrumentedTest,useAppContext/0,appContext,1
/home/arch_design_predict/download-github-repos/mvp/repos/TestComponent-master/home/src/main/java/com/ly/home/LoginActivity.java,com.ly.home.LoginActivity$Anonymous1,onClick/1[com.ly.home.View],view,0
/home/arch_design_predict/download-github-repos/mvp/repos/TestComponent-master/app/src/main/java/com/ly/testcoponent/SplashActivity.java,com.ly.testcoponent.SplashActivity,onCreate/1[com.ly.testcoponent.Bundle],savedInstanceState,1
/home/arch_design_predict/download-github-repos/mvp/repos/TestComponent-master/app/src/main/java/com/ly/testcoponent/SplashActivity.java,com.ly.testcoponent.SplashActivity,onClick/1[com.ly.testcoponent.View],v,0
/home/arch_design_predict/download-github-repos/mvp/repos/TestComponent-master/common/src/main/java/com/ly/common/scop/ApplicationModule.java,com.ly.common.scop.ApplicationModule,bindContext/1[com.ly.common.scop.Application],application,0
/home/arch_design_predict/download-github-repos/mvp/repos/TestComponent-master/common/src/main/java/com/ly/common/bean/User.java,com.ly.common.bean.User,setName/1[java.lang.String],name,2
/home/arch_design_predict/download-github-repos/mvp/repos/TestComponent-master/common/src/main/java/com/ly/common/bean/User.java,com.ly.common.bean.User,setAge/1[int],age,2
/home/arch_design_predict/download-github-repos/mvp/repos/TestComponent-master/home/src/main/java/com/ly/home/MainActivity.java,com.ly.home.MainActivity$Anonymous1,onClick/1[com.ly.home.View],view,0
/home/arch_design_predict/download-github-repos/mvp/repos/TestComponent-master/common/src/main/java/com/ly/common/net/NetRetrofit.java,com.ly.common.net.NetRetrofit,provideOkHttpClient/0,builder,2
/home/arch_design_predict/download-github-repos/mvp/repos/TestComponent-master/common/src/main/java/com/ly/common/net/NetRetrofit.java,com.ly.common.net.NetRetrofit,provideRestAdapter/1[com.ly.common.net.OkHttpClient],builder,2
/home/arch_design_predict/download-github-repos/mvp/repos/TestComponent-master/common/src/main/java/com/ly/common/net/NetRetrofit.java,com.ly.common.net.NetRetrofit,provideRestAdapter/1[com.ly.common.net.OkHttpClient],okHttpClient,1
/home/arch_design_predict/download-github-repos/mvp/repos/TestComponent-master/zhibo/src/main/java/com/ly/zhibo/ZhiBoActivity.java,com.ly.zhibo.ZhiBoActivity,onCreate/1[com.ly.zhibo.Bundle],toolbar,2
/home/arch_design_predict/download-github-repos/mvp/repos/TestComponent-master/zhibo/src/main/java/com/ly/zhibo/ZhiBoActivity.java,com.ly.zhibo.ZhiBoActivity,onCreate/1[com.ly.zhibo.Bundle],savedInstanceState,1
/home/arch_design_predict/download-github-repos/mvp/repos/TestComponent-master/zhibo/src/main/java/com/ly/zhibo/ZhiBoActivity.java,com.ly.zhibo.ZhiBoActivity,onCreate/1[com.ly.zhibo.Bundle],fab,2
/home/arch_design_predict/download-github-repos/mvp/repos/TestComponent-master/home/src/main/java/com/ly/home/MainActivity.java,com.ly.home.MainActivity,onGetMainDataSuccess/1[java.lang.String],name,1
/home/arch_design_predict/download-github-repos/mvp/repos/TestComponent-master/home/src/main/java/com/ly/home/MainActivity.java,com.ly.home.MainActivity,"onPageStatusError/3[int,java.lang.String,int]",code,0
/home/arch_design_predict/download-github-repos/mvp/repos/TestComponent-master/home/src/main/java/com/ly/home/MainActivity.java,com.ly.home.MainActivity,"onPageStatusError/3[int,java.lang.String,int]",sceneCode,1
/home/arch_design_predict/download-github-repos/mvp/repos/TestComponent-master/home/src/main/java/com/ly/home/MainActivity.java,com.ly.home.MainActivity,"onPageStatusError/3[int,java.lang.String,int]",message,0
/home/arch_design_predict/download-github-repos/mvp/repos/TestComponent-master/home/src/main/java/com/ly/home/MainActivity.java,com.ly.home.MainActivity,onCreate/1[com.ly.home.Bundle],toolbar,2
/home/arch_design_predict/download-github-repos/mvp/repos/TestComponent-master/home/src/main/java/com/ly/home/MainActivity.java,com.ly.home.MainActivity,onCreate/1[com.ly.home.Bundle],savedInstanceState,1
/home/arch_design_predict/download-github-repos/mvp/repos/TestComponent-master/home/src/main/java/com/ly/home/MainActivity.java,com.ly.home.MainActivity,onCreate/1[com.ly.home.Bundle],fab,2
/home/arch_design_predict/download-github-repos/mvp/repos/TestComponent-master/zhibo/src/main/java/com/ly/zhibo/ZhiBoActivity.java,com.ly.zhibo.ZhiBoActivity$Anonymous1,onClick/1[com.ly.zhibo.View],view,0
/home/arch_design_predict/download-github-repos/mvp/repos/TestComponent-master/home/src/main/java/com/ly/home/contract/MainContract.java,com.ly.home.contract.MainContract$MainView,onGetMainDataSuccess/1[java.lang.String],name,0
/home/arch_design_predict/download-github-repos/mvp/repos/TestComponent-master/common/src/main/java/com/ly/common/base/BasePresenter.java,com.ly.common.base.BasePresenter,attachView/1[T],view,1
/home/arch_design_predict/download-github-repos/mvp/repos/TestComponent-master/common/src/main/java/com/ly/common/component/RetrofitComponent.java,com.ly.common.component.RetrofitComponent,inject/1[com.ly.common.base.CoponentApplication],coponentApplication,0
/home/arch_design_predict/download-github-repos/mvp/repos/TestComponent-master/common/src/main/java/com/ly/common/base/BaseActivity.java,com.ly.common.base.BaseActivity,onCreate/1[com.ly.common.base.Bundle],savedInstanceState,1
/home/arch_design_predict/download-github-repos/mvp/repos/TestComponent-master/common/src/androidTest/java/com/ly/common/ExampleInstrumentedTest.java,com.ly.common.ExampleInstrumentedTest,useAppContext/0,appContext,1
/home/arch_design_predict/download-github-repos/mvp/repos/TestComponent-master/wevideo/src/main/java/com/ly/wevideo/WeVideoActivity.java,com.ly.wevideo.WeVideoActivity$Anonymous1,onClick/1[com.ly.wevideo.View],view,0
