file,class,type,cbo,cboModified,fanin,fanout,wmc,dit,noc,rfc,lcom,lcom*,tcc,lcc,totalMethodsQty,staticMethodsQty,publicMethodsQty,privateMethodsQty,protectedMethodsQty,defaultMethodsQty,visibleMethodsQty,abstractMethodsQty,finalMethodsQty,synchronizedMethodsQty,totalFieldsQty,staticFieldsQty,publicFieldsQty,privateFieldsQty,protectedFieldsQty,defaultFieldsQty,finalFieldsQty,synchronizedFieldsQty,nosi,loc,returnQty,loopQty,comparisonsQty,tryCatchQty,parenthesizedExpsQty,stringLiteralsQty,numbersQty,assignmentsQty,mathOperationsQty,variablesQty,maxNestedBlocksQty,anonymousClassesQty,innerClassesQty,lambdasQty,uniqueWordsQty,modifiers,logStatementsQty
/home/arch_design_predict/download-github-repos/mvvm/repos/android.mvvm-master/app/src/main/java/com/app/androidtest/view/fragment/trash.java,com.app.androidtest.view.fragment.trash$Anonymous1,anonymous,5,5,0,5,1,1,0,10,0,0.0,NaN,NaN,1,0,1,0,0,0,1,0,0,0,0,0,0,0,0,0,0,0,0,19,0,0,0,0,0,2,0,3,0,3,0,1,0,0,14,-1,0
/home/arch_design_predict/download-github-repos/mvvm/repos/android.mvvm-master/app/src/main/java/com/app/androidtest/repo/remote/RemoteRepo.java,com.app.androidtest.repo.remote.RemoteRepo,class,10,12,2,10,4,1,0,16,0,0.5833333,0.6666667,1.0,3,1,3,0,0,0,3,0,0,0,4,3,2,2,0,0,0,0,0,21,2,0,1,0,0,2,3,7,0,7,1,0,0,0,29,1,0
/home/arch_design_predict/download-github-repos/mvvm/repos/android.mvvm-master/app/src/main/java/com/app/androidtest/custom/ItemMoveCallback.java,com.app.androidtest.custom.ItemMoveCallback,class,7,7,0,7,15,2,0,15,28,0.7222222,0.11111111,0.11111111,9,0,9,0,0,0,9,0,0,0,2,1,1,1,0,0,2,0,1,62,6,0,3,0,0,0,2,9,2,9,2,0,0,0,54,1,0
/home/arch_design_predict/download-github-repos/mvvm/repos/android.mvvm-master/app/src/main/java/com/app/androidtest/view/interfaces/ItemTouchHelperViewHolder.java,com.app.androidtest.view.interfaces.ItemTouchHelperViewHolder,interface,0,1,1,0,2,1,0,0,1,0.0,0.0,0.0,2,0,0,0,0,2,2,0,0,0,0,0,0,0,0,0,0,0,0,4,0,0,0,0,0,0,0,0,0,0,0,0,0,0,8,1,0
/home/arch_design_predict/download-github-repos/mvvm/repos/android.mvvm-master/app/src/main/java/com/app/androidtest/view/fragment/mainScreen.java,com.app.androidtest.view.fragment.mainScreen,class,10,10,0,10,1,2,0,10,0,0.0,NaN,NaN,1,0,1,0,0,0,1,0,0,0,2,0,0,0,0,2,0,0,0,18,1,0,0,0,0,0,0,4,0,4,0,1,0,0,33,1,0
/home/arch_design_predict/download-github-repos/mvvm/repos/android.mvvm-master/app/src/main/java/com/app/androidtest/view/activity/MainActivity.java,com.app.androidtest.view.activity.MainActivity,class,14,15,1,14,15,2,0,25,9,0.5,0.3,0.3,6,0,4,1,1,0,5,0,0,0,2,0,0,2,0,0,0,0,2,56,0,0,4,0,0,0,4,10,0,8,1,0,0,0,44,1,0
/home/arch_design_predict/download-github-repos/mvvm/repos/android.mvvm-master/app/src/test/java/com/app/androidtest/ExampleUnitTest.java,com.app.androidtest.ExampleUnitTest,class,1,1,0,1,1,1,0,1,0,0.0,NaN,NaN,1,0,1,0,0,0,1,0,0,0,0,0,0,0,0,0,0,0,0,5,0,0,0,0,0,0,3,0,1,0,0,0,0,0,22,1,0
/home/arch_design_predict/download-github-repos/mvvm/repos/android.mvvm-master/app/src/main/java/com/app/androidtest/view/bottomSheetDialogs/deleteImage.java,com.app.androidtest.view.bottomSheetDialogs.deleteImage,class,17,18,1,17,4,2,0,30,4,0.7222222,0.16666667,0.16666667,4,1,4,0,0,0,4,0,0,0,8,0,0,7,0,1,0,0,2,59,2,0,0,0,1,1,0,13,0,12,0,2,0,0,49,1,0
/home/arch_design_predict/download-github-repos/mvvm/repos/android.mvvm-master/app/src/main/java/com/app/androidtest/custom/ImageFilePath.java,com.app.androidtest.custom.ImageFilePath,class,6,8,2,6,22,1,0,24,13,0.6666667,0.06666667,0.06666667,6,6,6,0,0,0,6,0,0,0,1,1,0,0,0,1,0,0,8,75,13,0,2,1,0,19,4,21,1,17,3,0,0,0,70,1,0
/home/arch_design_predict/download-github-repos/mvvm/repos/android.mvvm-master/app/src/main/java/com/app/androidtest/repo/remote/ApiEndpoints.java,com.app.androidtest.repo.remote.ApiEndpoints,interface,5,6,1,5,1,1,0,0,0,0.0,NaN,NaN,1,0,0,0,0,1,1,0,0,0,0,0,0,0,0,0,0,0,0,3,0,0,0,0,0,3,0,0,0,0,0,0,0,0,6,1,0
/home/arch_design_predict/download-github-repos/mvvm/repos/android.mvvm-master/app/src/main/java/com/app/androidtest/view/interfaces/StartDragListener.java,com.app.androidtest.view.interfaces.StartDragListener,interface,2,7,5,2,4,1,0,0,6,0.0,0.0,0.0,4,0,0,0,0,4,4,0,0,0,0,0,0,0,0,0,0,0,0,6,0,0,0,0,0,0,0,0,0,0,0,0,0,0,12,1,0
/home/arch_design_predict/download-github-repos/mvvm/repos/android.mvvm-master/app/src/main/java/com/app/androidtest/view/fragment/main.java,com.app.androidtest.view.fragment.main$Anonymous2,anonymous,2,2,0,2,2,1,0,1,0,0.0,NaN,NaN,1,0,1,0,0,0,1,0,0,0,0,0,0,0,0,0,0,0,0,7,0,0,1,0,0,0,0,0,0,0,1,0,0,0,6,-1,0
/home/arch_design_predict/download-github-repos/mvvm/repos/android.mvvm-master/app/src/main/java/com/app/androidtest/view/fragment/main.java,com.app.androidtest.view.fragment.main$Anonymous3,anonymous,2,2,0,2,4,1,0,4,3,0.0,0.0,0.0,3,0,3,0,0,0,3,0,0,0,0,0,0,0,0,0,0,0,0,15,0,0,0,0,0,0,0,1,0,1,1,0,0,0,13,-1,0
/home/arch_design_predict/download-github-repos/mvvm/repos/android.mvvm-master/app/src/main/java/com/app/androidtest/view/fragment/main.java,com.app.androidtest.view.fragment.main$Anonymous4,anonymous,1,1,0,1,1,1,0,1,0,0.0,NaN,NaN,1,0,1,0,0,0,1,0,0,0,0,0,0,0,0,0,0,0,0,5,0,0,0,0,0,0,0,0,0,0,0,0,0,0,1,-1,0
/home/arch_design_predict/download-github-repos/mvvm/repos/android.mvvm-master/app/src/main/java/com/app/androidtest/repo/remote/model/Product.java,com.app.androidtest.repo.remote.model.Product,class,5,15,10,5,22,1,0,6,108,0.8166668,0.21578947,0.80526316,20,0,19,0,1,0,20,0,0,0,9,1,1,8,0,0,1,0,0,92,9,0,1,0,1,8,4,17,0,9,0,1,0,0,37,1,0
/home/arch_design_predict/download-github-repos/mvvm/repos/android.mvvm-master/app/src/main/java/com/app/androidtest/view/fragment/main.java,com.app.androidtest.view.fragment.main$Anonymous5,anonymous,4,4,0,4,4,1,0,9,1,0.0,0.0,0.0,2,0,2,0,0,0,2,0,0,0,0,0,0,0,0,0,0,0,0,13,0,0,0,0,0,0,0,0,0,0,1,0,0,0,17,-1,0
/home/arch_design_predict/download-github-repos/mvvm/repos/android.mvvm-master/app/src/main/java/com/app/androidtest/repo/local/Converters.java,com.app.androidtest.repo.local.Converters$Anonymous1,anonymous,0,0,0,0,0,1,0,0,0,0.0,-1.0,-1.0,0,0,0,0,0,0,0,0,0,0,0,0,0,0,0,0,0,0,0,2,0,0,0,0,0,0,0,0,0,0,0,0,0,0,0,-1,0
/home/arch_design_predict/download-github-repos/mvvm/repos/android.mvvm-master/app/src/main/java/com/app/androidtest/custom/SwipeToDeleteCallback.java,com.app.androidtest.custom.SwipeToDeleteCallback,class,12,13,1,12,8,2,0,16,11,0.69047624,0.1,0.1,6,0,5,1,0,0,5,0,0,0,7,0,0,6,0,1,0,0,0,53,4,0,1,0,2,1,5,15,10,15,1,0,0,0,53,1025,0
/home/arch_design_predict/download-github-repos/mvvm/repos/android.mvvm-master/app/src/main/java/com/app/androidtest/view/bottomSheetDialogs/deleteImage.java,com.app.androidtest.view.bottomSheetDialogs.deleteImage$Anonymous1,anonymous,1,1,0,1,1,1,0,2,0,0.0,NaN,NaN,1,0,1,0,0,0,1,0,0,0,0,0,0,0,0,0,0,0,0,5,0,0,0,0,0,0,0,0,0,0,0,0,0,0,4,-1,0
/home/arch_design_predict/download-github-repos/mvvm/repos/android.mvvm-master/app/src/main/java/com/app/androidtest/view/adapter/productsAdapter.java,com.app.androidtest.view.adapter.productsAdapter,class,10,13,3,10,15,2,0,27,0,0.7090909,0.6727273,0.8181818,11,0,11,0,0,0,11,0,0,0,5,0,0,5,0,0,0,0,1,102,4,0,0,0,0,3,2,10,1,10,1,1,1,0,51,1,0
/home/arch_design_predict/download-github-repos/mvvm/repos/android.mvvm-master/app/src/androidTest/java/com/app/androidtest/ExampleInstrumentedTest.java,com.app.androidtest.ExampleInstrumentedTest,class,4,4,0,4,1,1,0,4,0,0.0,NaN,NaN,1,0,1,0,0,0,1,0,0,0,0,0,0,0,0,0,0,0,0,6,0,0,0,0,0,1,0,1,0,1,0,0,0,0,19,1,0
/home/arch_design_predict/download-github-repos/mvvm/repos/android.mvvm-master/app/src/main/java/com/app/androidtest/view/bottomSheetDialogs/deleteImage.java,com.app.androidtest.view.bottomSheetDialogs.deleteImage$Anonymous2,anonymous,3,3,0,3,1,1,0,5,0,0.0,NaN,NaN,1,0,1,0,0,0,1,0,0,0,0,0,0,0,0,0,0,0,0,8,0,0,0,0,0,0,0,0,0,0,0,0,0,0,7,-1,0
/home/arch_design_predict/download-github-repos/mvvm/repos/android.mvvm-master/app/src/main/java/com/app/androidtest/view/fragment/main.java,com.app.androidtest.view.fragment.main$Anonymous1,anonymous,2,2,0,2,1,1,0,1,0,0.0,NaN,NaN,1,0,1,0,0,0,1,0,0,0,0,0,0,0,0,0,0,0,0,5,0,0,0,0,0,0,0,0,0,0,0,0,0,0,7,-1,0
/home/arch_design_predict/download-github-repos/mvvm/repos/android.mvvm-master/app/src/main/java/com/app/androidtest/view/fragment/trash.java,com.app.androidtest.view.fragment.trash,class,17,17,0,17,4,2,0,22,0,0.0,NaN,NaN,1,0,1,0,0,0,1,0,0,0,8,0,0,0,0,8,0,0,1,72,1,0,1,0,0,0,0,12,0,12,3,1,0,2,46,1,0
/home/arch_design_predict/download-github-repos/mvvm/repos/android.mvvm-master/app/src/main/java/com/app/androidtest/repo/remote/LongTypeAdapter.java,com.app.androidtest.repo.remote.LongTypeAdapter,class,3,4,1,3,5,2,0,6,1,0.0,0.0,0.0,2,0,2,0,0,0,2,0,0,0,0,0,0,0,0,0,0,0,1,23,4,0,2,1,0,0,0,2,0,2,1,0,0,0,19,0,0
/home/arch_design_predict/download-github-repos/mvvm/repos/android.mvvm-master/app/src/main/java/com/app/androidtest/view/interfaces/ItemTouchHelperAdapter.java,com.app.androidtest.view.interfaces.ItemTouchHelperAdapter,interface,0,2,2,0,2,1,0,0,1,0.0,0.0,0.0,2,0,0,0,0,2,2,0,0,0,0,0,0,0,0,0,0,0,0,4,0,0,0,0,0,0,0,0,0,0,0,0,0,0,10,1,0
/home/arch_design_predict/download-github-repos/mvvm/repos/android.mvvm-master/app/src/main/java/com/app/androidtest/view/adapter/productsAdapter.java,com.app.androidtest.view.adapter.productsAdapter$Anonymous1,anonymous,3,3,0,3,3,1,0,2,0,0.0,NaN,NaN,1,0,1,0,0,0,1,0,0,0,0,0,0,0,0,0,0,0,0,10,1,0,2,0,0,0,0,0,0,0,2,0,0,0,10,-1,0
/home/arch_design_predict/download-github-repos/mvvm/repos/android.mvvm-master/app/src/main/java/com/app/androidtest/repo/local/Cartdb.java,com.app.androidtest.repo.local.Cartdb,class,8,13,5,8,3,2,0,4,0,0.0,0.0,0.0,2,1,2,0,0,0,2,1,0,0,1,1,0,1,0,0,0,0,0,10,1,0,1,0,0,1,1,1,0,1,1,0,0,0,11,1025,0
/home/arch_design_predict/download-github-repos/mvvm/repos/android.mvvm-master/app/src/main/java/com/app/androidtest/repo/remote/model/Category.java,com.app.androidtest.repo.remote.model.Category,class,5,7,2,5,13,1,0,4,26,0.7307692,0.33333334,0.84615386,13,0,12,0,1,0,13,0,0,0,6,1,1,5,0,0,1,0,0,63,6,0,0,0,0,6,1,11,0,6,0,1,0,0,28,1,0
/home/arch_design_predict/download-github-repos/mvvm/repos/android.mvvm-master/app/src/main/java/com/app/androidtest/repo/local/Converters.java,com.app.androidtest.repo.local.Converters,class,4,5,1,4,2,1,0,3,1,0.0,0.0,0.0,2,0,2,0,0,0,2,0,0,0,0,0,0,0,0,0,0,0,0,13,2,0,0,0,0,0,0,3,0,3,0,1,0,0,11,1,0
/home/arch_design_predict/download-github-repos/mvvm/repos/android.mvvm-master/app/src/main/java/com/app/androidtest/view/adapter/productsAdapter.java,com.app.androidtest.view.adapter.productsAdapter$MyViewHolder,innerclass,5,5,0,5,2,2,0,3,0,0.0,NaN,NaN,1,0,1,0,0,0,1,0,0,0,3,0,3,0,0,0,0,0,0,29,0,0,1,0,0,0,0,5,0,5,1,2,0,0,15,1,0
/home/arch_design_predict/download-github-repos/mvvm/repos/android.mvvm-master/app/src/main/java/com/app/androidtest/view/fragment/trash.java,com.app.androidtest.view.fragment.trash$Anonymous1$Anonymous2,anonymous,1,1,0,1,1,1,0,3,0,0.0,NaN,NaN,1,0,1,0,0,0,1,0,0,0,0,0,0,0,0,0,0,0,0,7,0,0,0,0,0,0,0,0,0,0,0,0,0,0,5,-1,0
/home/arch_design_predict/download-github-repos/mvvm/repos/android.mvvm-master/app/src/main/java/com/app/androidtest/AppSession.java,com.app.androidtest.AppSession,class,3,4,1,3,4,2,0,6,0,0.5833333,0.0,0.0,4,3,4,0,0,0,4,0,0,0,3,3,1,2,0,0,0,0,0,19,0,0,0,0,0,3,0,3,0,3,0,0,0,0,22,1,0
/home/arch_design_predict/download-github-repos/mvvm/repos/android.mvvm-master/app/src/main/java/com/app/androidtest/repo/remote/model/getCategoriesRes.java,com.app.androidtest.repo.remote.model.getCategoriesRes,class,2,5,3,2,6,1,0,0,9,0.6666667,0.2,0.2,6,0,6,0,0,0,6,0,0,0,3,0,0,3,0,0,0,0,0,23,3,0,0,0,0,3,0,3,0,3,0,0,0,0,11,1,0
/home/arch_design_predict/download-github-repos/mvvm/repos/android.mvvm-master/app/src/main/java/com/app/androidtest/view/adapter/productsAdapter.java,com.app.androidtest.view.adapter.productsAdapter$MyViewHolder$Anonymous3,anonymous,2,2,0,2,1,1,0,3,0,0.0,NaN,NaN,1,0,1,0,0,0,1,0,0,0,0,0,0,0,0,0,0,0,0,5,0,0,0,0,0,0,0,0,0,0,0,0,0,0,7,-1,0
/home/arch_design_predict/download-github-repos/mvvm/repos/android.mvvm-master/app/src/main/java/com/app/androidtest/viewModel/userOperationsViewModel.java,com.app.androidtest.viewModel.userOperationsViewModel,class,10,16,6,10,9,2,0,18,22,0.75,0.10714286,0.10714286,8,0,8,0,0,0,8,0,0,0,2,0,2,0,0,0,0,0,1,35,0,0,0,0,1,1,0,3,0,8,2,0,0,5,28,1,0
/home/arch_design_predict/download-github-repos/mvvm/repos/android.mvvm-master/app/src/main/java/com/app/androidtest/view/adapter/productsAdapter.java,com.app.androidtest.view.adapter.productsAdapter$MyViewHolder$Anonymous2,anonymous,2,2,0,2,1,1,0,3,0,0.0,NaN,NaN,1,0,1,0,0,0,1,0,0,0,0,0,0,0,0,0,0,0,0,5,0,0,0,0,0,0,0,0,0,0,0,0,0,0,7,-1,0
/home/arch_design_predict/download-github-repos/mvvm/repos/android.mvvm-master/app/src/main/java/com/app/androidtest/repo/remote/model/Product.java,com.app.androidtest.repo.remote.model.Product$Anonymous1,anonymous,2,2,0,2,2,1,0,0,1,0.0,0.0,0.0,2,0,2,0,0,0,2,0,0,0,0,0,0,0,0,0,0,0,0,8,2,0,0,0,0,0,0,0,0,0,0,0,0,0,8,-1,0
/home/arch_design_predict/download-github-repos/mvvm/repos/android.mvvm-master/app/src/main/java/com/app/androidtest/repo/remote/stringTypeAdapter.java,com.app.androidtest.repo.remote.stringTypeAdapter,class,3,4,1,3,5,2,0,6,1,0.0,0.0,0.0,2,0,2,0,0,0,2,0,0,0,0,0,0,0,0,0,0,0,1,23,4,0,2,1,0,0,0,2,0,2,1,0,0,0,18,0,0
/home/arch_design_predict/download-github-repos/mvvm/repos/android.mvvm-master/app/src/main/java/com/app/androidtest/view/fragment/mainScreen.java,com.app.androidtest.view.fragment.mainScreen$Anonymous1,anonymous,0,0,0,0,1,1,0,2,0,0.0,NaN,NaN,1,0,1,0,0,0,1,0,0,0,0,0,0,0,0,0,0,0,0,5,0,0,0,0,0,0,0,0,0,0,0,0,0,0,6,-1,0
/home/arch_design_predict/download-github-repos/mvvm/repos/android.mvvm-master/app/src/main/java/com/app/androidtest/view/fragment/main.java,com.app.androidtest.view.fragment.main,class,34,37,3,34,21,2,0,90,30,0.8611112,0.13333334,0.2,9,0,6,3,0,0,6,0,0,0,15,1,0,15,0,0,1,0,5,194,1,0,7,0,1,17,34,31,4,31,3,5,0,3,112,1,0
/home/arch_design_predict/download-github-repos/mvvm/repos/android.mvvm-master/app/src/main/java/com/app/androidtest/repo/local/dbOperations.java,com.app.androidtest.repo.local.dbOperations,interface,7,9,2,7,7,1,0,0,21,0.0,0.0,0.0,7,0,7,0,0,0,7,0,0,0,0,0,0,0,0,0,0,0,0,9,0,0,0,0,0,3,0,0,0,0,0,0,0,0,25,1,0
/home/arch_design_predict/download-github-repos/mvvm/repos/android.mvvm-master/app/src/main/java/com/app/androidtest/repo/remote/model/CategoryProducts.java,com.app.androidtest.repo.remote.model.CategoryProducts,class,2,3,1,2,10,1,0,0,35,0.8,0.11111111,0.11111111,10,0,10,0,0,0,10,0,0,0,5,0,0,5,0,0,0,0,0,37,5,0,0,0,0,5,0,5,0,5,0,0,0,0,14,1,0
/home/arch_design_predict/download-github-repos/mvvm/repos/android.mvvm-master/app/src/main/java/com/app/androidtest/repo/remote/model/Category.java,com.app.androidtest.repo.remote.model.Category$Anonymous1,anonymous,2,2,0,2,2,1,0,0,1,0.0,0.0,0.0,2,0,2,0,0,0,2,0,0,0,0,0,0,0,0,0,0,0,0,8,2,0,0,0,0,0,0,0,0,0,0,0,0,0,8,-1,0
/home/arch_design_predict/download-github-repos/mvvm/repos/android.mvvm-master/app/src/main/java/com/app/androidtest/view/interfaces/progressBarOperations.java,com.app.androidtest.view.interfaces.progressBarOperations,interface,0,2,2,0,2,1,0,0,1,0.0,0.0,0.0,2,0,0,0,0,2,2,0,0,0,0,0,0,0,0,0,0,0,0,4,0,0,0,0,0,0,0,0,0,0,0,0,0,0,5,1,0
/home/arch_design_predict/download-github-repos/mvvm/repos/android.mvvm-master/app/src/main/java/com/app/androidtest/repo/remote/model/getCategories.java,com.app.androidtest.repo.remote.model.getCategories,class,2,3,1,2,4,1,0,0,2,0.5,0.33333334,0.33333334,4,0,4,0,0,0,4,0,0,0,2,0,0,2,0,0,0,0,0,16,2,0,0,0,0,2,0,2,0,2,0,0,0,0,9,1,0
