file,class,method,variable,usage
/home/arch_design_predict/download-github-repos/mvvm/repos/android.mvvm-master/app/src/main/java/com/app/androidtest/repo/remote/RemoteRepo.java,com.app.androidtest.repo.remote.RemoteRepo,getCategories/1[java.lang.String],endpoints,1
/home/arch_design_predict/download-github-repos/mvvm/repos/android.mvvm-master/app/src/main/java/com/app/androidtest/repo/remote/RemoteRepo.java,com.app.androidtest.repo.remote.RemoteRepo,RemoteRepo/0,Base_url,1
/home/arch_design_predict/download-github-repos/mvvm/repos/android.mvvm-master/app/src/main/java/com/app/androidtest/repo/remote/RemoteRepo.java,com.app.androidtest.repo.remote.RemoteRepo,RemoteRepo/0,endpoints,1
/home/arch_design_predict/download-github-repos/mvvm/repos/android.mvvm-master/app/src/main/java/com/app/androidtest/repo/remote/RemoteRepo.java,com.app.androidtest.repo.remote.RemoteRepo,RemoteRepo/0,RemoteRepo,1
/home/arch_design_predict/download-github-repos/mvvm/repos/android.mvvm-master/app/src/main/java/com/app/androidtest/repo/remote/RemoteRepo.java,com.app.androidtest.repo.remote.RemoteRepo,RemoteRepoInst/0,RemoteRepo,5
/home/arch_design_predict/download-github-repos/mvvm/repos/android.mvvm-master/app/src/main/java/com/app/androidtest/custom/ItemMoveCallback.java,com.app.androidtest.custom.ItemMoveCallback,"onMove/3[com.app.androidtest.custom.RecyclerView,RecyclerView.ViewHolder,RecyclerView.ViewHolder]",mAdapter,1
/home/arch_design_predict/download-github-repos/mvvm/repos/android.mvvm-master/app/src/main/java/com/app/androidtest/custom/ItemMoveCallback.java,com.app.androidtest.custom.ItemMoveCallback,ItemMoveCallback/1[com.app.androidtest.view.interfaces.ItemTouchHelperAdapter],mAdapter,1
/home/arch_design_predict/download-github-repos/mvvm/repos/android.mvvm-master/app/src/main/java/com/app/androidtest/custom/ItemMoveCallback.java,com.app.androidtest.custom.ItemMoveCallback,"onSwiped/2[RecyclerView.ViewHolder,int]",mAdapter,1
/home/arch_design_predict/download-github-repos/mvvm/repos/android.mvvm-master/app/src/main/java/com/app/androidtest/custom/ItemMoveCallback.java,com.app.androidtest.custom.ItemMoveCallback,"clearView/2[com.app.androidtest.custom.RecyclerView,RecyclerView.ViewHolder]",ALPHA_FULL,1
/home/arch_design_predict/download-github-repos/mvvm/repos/android.mvvm-master/app/src/main/java/com/app/androidtest/custom/ItemMoveCallback.java,com.app.androidtest.custom.ItemMoveCallback,"onChildDraw/7[com.app.androidtest.custom.Canvas,com.app.androidtest.custom.RecyclerView,RecyclerView.ViewHolder,float,float,int,boolean]",ALPHA_FULL,1
/home/arch_design_predict/download-github-repos/mvvm/repos/android.mvvm-master/app/src/main/java/com/app/androidtest/view/fragment/mainScreen.java,com.app.androidtest.view.fragment.mainScreen,"onCreateView/3[com.app.androidtest.view.fragment.LayoutInflater,com.app.androidtest.view.fragment.ViewGroup,com.app.androidtest.view.fragment.Bundle]",view,3
/home/arch_design_predict/download-github-repos/mvvm/repos/android.mvvm-master/app/src/main/java/com/app/androidtest/view/fragment/mainScreen.java,com.app.androidtest.view.fragment.mainScreen,"onCreateView/3[com.app.androidtest.view.fragment.LayoutInflater,com.app.androidtest.view.fragment.ViewGroup,com.app.androidtest.view.fragment.Bundle]",bottomNavigationView,3
/home/arch_design_predict/download-github-repos/mvvm/repos/android.mvvm-master/app/src/main/java/com/app/androidtest/view/activity/MainActivity.java,com.app.androidtest.view.activity.MainActivity,onCreate/1[com.app.androidtest.view.activity.Bundle],mProgressDialog,2
/home/arch_design_predict/download-github-repos/mvvm/repos/android.mvvm-master/app/src/main/java/com/app/androidtest/view/activity/MainActivity.java,com.app.androidtest.view.activity.MainActivity,onCreate/1[com.app.androidtest.view.activity.Bundle],progress,2
/home/arch_design_predict/download-github-repos/mvvm/repos/android.mvvm-master/app/src/main/java/com/app/androidtest/view/activity/MainActivity.java,com.app.androidtest.view.activity.MainActivity,showDialog/0,mProgressDialog,3
/home/arch_design_predict/download-github-repos/mvvm/repos/android.mvvm-master/app/src/main/java/com/app/androidtest/view/activity/MainActivity.java,com.app.androidtest.view.activity.MainActivity,showDialog/0,progress,1
/home/arch_design_predict/download-github-repos/mvvm/repos/android.mvvm-master/app/src/main/java/com/app/androidtest/view/activity/MainActivity.java,com.app.androidtest.view.activity.MainActivity,hideDialog/0,mProgressDialog,3
/home/arch_design_predict/download-github-repos/mvvm/repos/android.mvvm-master/app/src/main/java/com/app/androidtest/view/activity/MainActivity.java,com.app.androidtest.view.activity.MainActivity,hideDialog/0,progress,1
/home/arch_design_predict/download-github-repos/mvvm/repos/android.mvvm-master/app/src/main/java/com/app/androidtest/view/bottomSheetDialogs/deleteImage.java,com.app.androidtest.view.bottomSheetDialogs.deleteImage,onCreateDialog/1[com.app.androidtest.view.bottomSheetDialogs.Bundle],confirm,3
/home/arch_design_predict/download-github-repos/mvvm/repos/android.mvvm-master/app/src/main/java/com/app/androidtest/view/bottomSheetDialogs/deleteImage.java,com.app.androidtest.view.bottomSheetDialogs.deleteImage,onCreateDialog/1[com.app.androidtest.view.bottomSheetDialogs.Bundle],cancel,3
/home/arch_design_predict/download-github-repos/mvvm/repos/android.mvvm-master/app/src/main/java/com/app/androidtest/view/bottomSheetDialogs/deleteImage.java,com.app.androidtest.view.bottomSheetDialogs.deleteImage,onCreateDialog/1[com.app.androidtest.view.bottomSheetDialogs.Bundle],dialog,5
/home/arch_design_predict/download-github-repos/mvvm/repos/android.mvvm-master/app/src/main/java/com/app/androidtest/view/bottomSheetDialogs/deleteImage.java,com.app.androidtest.view.bottomSheetDialogs.deleteImage,onCreateDialog/1[com.app.androidtest.view.bottomSheetDialogs.Bundle],view,8
/home/arch_design_predict/download-github-repos/mvvm/repos/android.mvvm-master/app/src/main/java/com/app/androidtest/view/bottomSheetDialogs/deleteImage.java,com.app.androidtest.view.bottomSheetDialogs.deleteImage,onCreateDialog/1[com.app.androidtest.view.bottomSheetDialogs.Bundle],mBehavior,1
/home/arch_design_predict/download-github-repos/mvvm/repos/android.mvvm-master/app/src/main/java/com/app/androidtest/view/bottomSheetDialogs/deleteImage.java,com.app.androidtest.view.bottomSheetDialogs.deleteImage,onCreateDialog/1[com.app.androidtest.view.bottomSheetDialogs.Bundle],cardView,3
/home/arch_design_predict/download-github-repos/mvvm/repos/android.mvvm-master/app/src/main/java/com/app/androidtest/view/bottomSheetDialogs/deleteImage.java,com.app.androidtest.view.bottomSheetDialogs.deleteImage,onCreateDialog/1[com.app.androidtest.view.bottomSheetDialogs.Bundle],viewModel,1
/home/arch_design_predict/download-github-repos/mvvm/repos/android.mvvm-master/app/src/main/java/com/app/androidtest/view/bottomSheetDialogs/deleteImage.java,com.app.androidtest.view.bottomSheetDialogs.deleteImage,onCreateDialog/1[com.app.androidtest.view.bottomSheetDialogs.Bundle],title,3
/home/arch_design_predict/download-github-repos/mvvm/repos/android.mvvm-master/app/src/main/java/com/app/androidtest/view/bottomSheetDialogs/deleteImage.java,com.app.androidtest.view.bottomSheetDialogs.deleteImage,onCreateDialog/1[com.app.androidtest.view.bottomSheetDialogs.Bundle],dataSource,1
/home/arch_design_predict/download-github-repos/mvvm/repos/android.mvvm-master/app/src/main/java/com/app/androidtest/view/bottomSheetDialogs/deleteImage.java,com.app.androidtest.view.bottomSheetDialogs.deleteImage,onStart/0,mBehavior,1
/home/arch_design_predict/download-github-repos/mvvm/repos/android.mvvm-master/app/src/main/java/com/app/androidtest/custom/ImageFilePath.java,com.app.androidtest.custom.ImageFilePath,"getPath/2[com.app.androidtest.custom.Context,com.app.androidtest.custom.Uri]",nopath,1
/home/arch_design_predict/download-github-repos/mvvm/repos/android.mvvm-master/app/src/main/java/com/app/androidtest/custom/ImageFilePath.java,com.app.androidtest.custom.ImageFilePath,"getDataColumn/4[com.app.androidtest.custom.Context,com.app.androidtest.custom.Uri,java.lang.String,java.lang.String[]]",nopath,1
/home/arch_design_predict/download-github-repos/mvvm/repos/android.mvvm-master/app/src/main/java/com/app/androidtest/repo/remote/model/Product.java,com.app.androidtest.repo.remote.model.Product,getCreatedAt/0,createdAt,1
/home/arch_design_predict/download-github-repos/mvvm/repos/android.mvvm-master/app/src/main/java/com/app/androidtest/repo/remote/model/Product.java,com.app.androidtest.repo.remote.model.Product,setImage/1[java.lang.String],image,3
/home/arch_design_predict/download-github-repos/mvvm/repos/android.mvvm-master/app/src/main/java/com/app/androidtest/repo/remote/model/Product.java,com.app.androidtest.repo.remote.model.Product,setCategory/1[java.lang.String],category,3
/home/arch_design_predict/download-github-repos/mvvm/repos/android.mvvm-master/app/src/main/java/com/app/androidtest/repo/remote/model/Product.java,com.app.androidtest.repo.remote.model.Product,getTitle/0,title,1
/home/arch_design_predict/download-github-repos/mvvm/repos/android.mvvm-master/app/src/main/java/com/app/androidtest/repo/remote/model/Product.java,com.app.androidtest.repo.remote.model.Product,setId/1[long],id,3
/home/arch_design_predict/download-github-repos/mvvm/repos/android.mvvm-master/app/src/main/java/com/app/androidtest/repo/remote/model/Product.java,com.app.androidtest.repo.remote.model.Product,setUpdatedAt/1[java.lang.String],updatedAt,3
/home/arch_design_predict/download-github-repos/mvvm/repos/android.mvvm-master/app/src/main/java/com/app/androidtest/repo/remote/model/Product.java,com.app.androidtest.repo.remote.model.Product,getCategory/0,category,1
/home/arch_design_predict/download-github-repos/mvvm/repos/android.mvvm-master/app/src/main/java/com/app/androidtest/repo/remote/model/Product.java,com.app.androidtest.repo.remote.model.Product,Product/1[com.app.androidtest.repo.remote.model.Parcel],image,1
/home/arch_design_predict/download-github-repos/mvvm/repos/android.mvvm-master/app/src/main/java/com/app/androidtest/repo/remote/model/Product.java,com.app.androidtest.repo.remote.model.Product,Product/1[com.app.androidtest.repo.remote.model.Parcel],createdAt,1
/home/arch_design_predict/download-github-repos/mvvm/repos/android.mvvm-master/app/src/main/java/com/app/androidtest/repo/remote/model/Product.java,com.app.androidtest.repo.remote.model.Product,Product/1[com.app.androidtest.repo.remote.model.Parcel],deleted,1
/home/arch_design_predict/download-github-repos/mvvm/repos/android.mvvm-master/app/src/main/java/com/app/androidtest/repo/remote/model/Product.java,com.app.androidtest.repo.remote.model.Product,Product/1[com.app.androidtest.repo.remote.model.Parcel],id,1
/home/arch_design_predict/download-github-repos/mvvm/repos/android.mvvm-master/app/src/main/java/com/app/androidtest/repo/remote/model/Product.java,com.app.androidtest.repo.remote.model.Product,Product/1[com.app.androidtest.repo.remote.model.Parcel],category,1
/home/arch_design_predict/download-github-repos/mvvm/repos/android.mvvm-master/app/src/main/java/com/app/androidtest/repo/remote/model/Product.java,com.app.androidtest.repo.remote.model.Product,Product/1[com.app.androidtest.repo.remote.model.Parcel],title,1
/home/arch_design_predict/download-github-repos/mvvm/repos/android.mvvm-master/app/src/main/java/com/app/androidtest/repo/remote/model/Product.java,com.app.androidtest.repo.remote.model.Product,Product/1[com.app.androidtest.repo.remote.model.Parcel],updatedAt,1
/home/arch_design_predict/download-github-repos/mvvm/repos/android.mvvm-master/app/src/main/java/com/app/androidtest/repo/remote/model/Product.java,com.app.androidtest.repo.remote.model.Product,Product/1[com.app.androidtest.repo.remote.model.Parcel],desc,1
/home/arch_design_predict/download-github-repos/mvvm/repos/android.mvvm-master/app/src/main/java/com/app/androidtest/repo/remote/model/Product.java,com.app.androidtest.repo.remote.model.Product,setTitle/1[java.lang.String],title,3
/home/arch_design_predict/download-github-repos/mvvm/repos/android.mvvm-master/app/src/main/java/com/app/androidtest/repo/remote/model/Product.java,com.app.androidtest.repo.remote.model.Product,getImage/0,image,1
/home/arch_design_predict/download-github-repos/mvvm/repos/android.mvvm-master/app/src/main/java/com/app/androidtest/repo/remote/model/Product.java,com.app.androidtest.repo.remote.model.Product,setDeleted/1[boolean],deleted,3
/home/arch_design_predict/download-github-repos/mvvm/repos/android.mvvm-master/app/src/main/java/com/app/androidtest/repo/remote/model/Product.java,com.app.androidtest.repo.remote.model.Product,setDesc/1[java.lang.String],desc,3
/home/arch_design_predict/download-github-repos/mvvm/repos/android.mvvm-master/app/src/main/java/com/app/androidtest/repo/remote/model/Product.java,com.app.androidtest.repo.remote.model.Product,"writeToParcel/2[com.app.androidtest.repo.remote.model.Parcel,int]",image,1
/home/arch_design_predict/download-github-repos/mvvm/repos/android.mvvm-master/app/src/main/java/com/app/androidtest/repo/remote/model/Product.java,com.app.androidtest.repo.remote.model.Product,"writeToParcel/2[com.app.androidtest.repo.remote.model.Parcel,int]",createdAt,1
/home/arch_design_predict/download-github-repos/mvvm/repos/android.mvvm-master/app/src/main/java/com/app/androidtest/repo/remote/model/Product.java,com.app.androidtest.repo.remote.model.Product,"writeToParcel/2[com.app.androidtest.repo.remote.model.Parcel,int]",deleted,1
/home/arch_design_predict/download-github-repos/mvvm/repos/android.mvvm-master/app/src/main/java/com/app/androidtest/repo/remote/model/Product.java,com.app.androidtest.repo.remote.model.Product,"writeToParcel/2[com.app.androidtest.repo.remote.model.Parcel,int]",id,1
/home/arch_design_predict/download-github-repos/mvvm/repos/android.mvvm-master/app/src/main/java/com/app/androidtest/repo/remote/model/Product.java,com.app.androidtest.repo.remote.model.Product,"writeToParcel/2[com.app.androidtest.repo.remote.model.Parcel,int]",category,1
/home/arch_design_predict/download-github-repos/mvvm/repos/android.mvvm-master/app/src/main/java/com/app/androidtest/repo/remote/model/Product.java,com.app.androidtest.repo.remote.model.Product,"writeToParcel/2[com.app.androidtest.repo.remote.model.Parcel,int]",title,1
/home/arch_design_predict/download-github-repos/mvvm/repos/android.mvvm-master/app/src/main/java/com/app/androidtest/repo/remote/model/Product.java,com.app.androidtest.repo.remote.model.Product,"writeToParcel/2[com.app.androidtest.repo.remote.model.Parcel,int]",updatedAt,1
/home/arch_design_predict/download-github-repos/mvvm/repos/android.mvvm-master/app/src/main/java/com/app/androidtest/repo/remote/model/Product.java,com.app.androidtest.repo.remote.model.Product,"writeToParcel/2[com.app.androidtest.repo.remote.model.Parcel,int]",desc,1
/home/arch_design_predict/download-github-repos/mvvm/repos/android.mvvm-master/app/src/main/java/com/app/androidtest/repo/remote/model/Product.java,com.app.androidtest.repo.remote.model.Product,isDeleted/0,deleted,1
/home/arch_design_predict/download-github-repos/mvvm/repos/android.mvvm-master/app/src/main/java/com/app/androidtest/repo/remote/model/Product.java,com.app.androidtest.repo.remote.model.Product,setCreatedAt/1[java.lang.String],createdAt,3
/home/arch_design_predict/download-github-repos/mvvm/repos/android.mvvm-master/app/src/main/java/com/app/androidtest/repo/remote/model/Product.java,com.app.androidtest.repo.remote.model.Product,getUpdatedAt/0,updatedAt,1
/home/arch_design_predict/download-github-repos/mvvm/repos/android.mvvm-master/app/src/main/java/com/app/androidtest/repo/remote/model/Product.java,com.app.androidtest.repo.remote.model.Product,getId/0,id,1
/home/arch_design_predict/download-github-repos/mvvm/repos/android.mvvm-master/app/src/main/java/com/app/androidtest/repo/remote/model/Product.java,com.app.androidtest.repo.remote.model.Product,getDesc/0,desc,1
/home/arch_design_predict/download-github-repos/mvvm/repos/android.mvvm-master/app/src/main/java/com/app/androidtest/custom/SwipeToDeleteCallback.java,com.app.androidtest.custom.SwipeToDeleteCallback,"onChildDraw/7[com.app.androidtest.custom.Canvas,com.app.androidtest.custom.RecyclerView,RecyclerView.ViewHolder,float,float,int,boolean]",mBackground,3
/home/arch_design_predict/download-github-repos/mvvm/repos/android.mvvm-master/app/src/main/java/com/app/androidtest/custom/SwipeToDeleteCallback.java,com.app.androidtest.custom.SwipeToDeleteCallback,"onChildDraw/7[com.app.androidtest.custom.Canvas,com.app.androidtest.custom.RecyclerView,RecyclerView.ViewHolder,float,float,int,boolean]",backgroundColor,1
/home/arch_design_predict/download-github-repos/mvvm/repos/android.mvvm-master/app/src/main/java/com/app/androidtest/custom/SwipeToDeleteCallback.java,com.app.androidtest.custom.SwipeToDeleteCallback,"onChildDraw/7[com.app.androidtest.custom.Canvas,com.app.androidtest.custom.RecyclerView,RecyclerView.ViewHolder,float,float,int,boolean]",intrinsicWidth,1
/home/arch_design_predict/download-github-repos/mvvm/repos/android.mvvm-master/app/src/main/java/com/app/androidtest/custom/SwipeToDeleteCallback.java,com.app.androidtest.custom.SwipeToDeleteCallback,"onChildDraw/7[com.app.androidtest.custom.Canvas,com.app.androidtest.custom.RecyclerView,RecyclerView.ViewHolder,float,float,int,boolean]",deleteDrawable,2
/home/arch_design_predict/download-github-repos/mvvm/repos/android.mvvm-master/app/src/main/java/com/app/androidtest/custom/SwipeToDeleteCallback.java,com.app.androidtest.custom.SwipeToDeleteCallback,"onChildDraw/7[com.app.androidtest.custom.Canvas,com.app.androidtest.custom.RecyclerView,RecyclerView.ViewHolder,float,float,int,boolean]",intrinsicHeight,3
/home/arch_design_predict/download-github-repos/mvvm/repos/android.mvvm-master/app/src/main/java/com/app/androidtest/custom/SwipeToDeleteCallback.java,com.app.androidtest.custom.SwipeToDeleteCallback,"clearCanvas/5[com.app.androidtest.custom.Canvas,java.lang.Float,java.lang.Float,java.lang.Float,java.lang.Float]",mClearPaint,1
/home/arch_design_predict/download-github-repos/mvvm/repos/android.mvvm-master/app/src/main/java/com/app/androidtest/custom/SwipeToDeleteCallback.java,com.app.androidtest.custom.SwipeToDeleteCallback,SwipeToDeleteCallback/1[com.app.androidtest.custom.Context],mBackground,1
/home/arch_design_predict/download-github-repos/mvvm/repos/android.mvvm-master/app/src/main/java/com/app/androidtest/custom/SwipeToDeleteCallback.java,com.app.androidtest.custom.SwipeToDeleteCallback,SwipeToDeleteCallback/1[com.app.androidtest.custom.Context],backgroundColor,1
/home/arch_design_predict/download-github-repos/mvvm/repos/android.mvvm-master/app/src/main/java/com/app/androidtest/custom/SwipeToDeleteCallback.java,com.app.androidtest.custom.SwipeToDeleteCallback,SwipeToDeleteCallback/1[com.app.androidtest.custom.Context],intrinsicWidth,1
/home/arch_design_predict/download-github-repos/mvvm/repos/android.mvvm-master/app/src/main/java/com/app/androidtest/custom/SwipeToDeleteCallback.java,com.app.androidtest.custom.SwipeToDeleteCallback,SwipeToDeleteCallback/1[com.app.androidtest.custom.Context],mClearPaint,2
/home/arch_design_predict/download-github-repos/mvvm/repos/android.mvvm-master/app/src/main/java/com/app/androidtest/custom/SwipeToDeleteCallback.java,com.app.androidtest.custom.SwipeToDeleteCallback,SwipeToDeleteCallback/1[com.app.androidtest.custom.Context],deleteDrawable,3
/home/arch_design_predict/download-github-repos/mvvm/repos/android.mvvm-master/app/src/main/java/com/app/androidtest/custom/SwipeToDeleteCallback.java,com.app.androidtest.custom.SwipeToDeleteCallback,SwipeToDeleteCallback/1[com.app.androidtest.custom.Context],mContext,2
/home/arch_design_predict/download-github-repos/mvvm/repos/android.mvvm-master/app/src/main/java/com/app/androidtest/custom/SwipeToDeleteCallback.java,com.app.androidtest.custom.SwipeToDeleteCallback,SwipeToDeleteCallback/1[com.app.androidtest.custom.Context],intrinsicHeight,1
/home/arch_design_predict/download-github-repos/mvvm/repos/android.mvvm-master/app/src/main/java/com/app/androidtest/view/adapter/productsAdapter.java,com.app.androidtest.view.adapter.productsAdapter,"onBindViewHolder/2[com.app.androidtest.view.adapter.productsAdapter.MyViewHolder,int]",imageUrl,1
/home/arch_design_predict/download-github-repos/mvvm/repos/android.mvvm-master/app/src/main/java/com/app/androidtest/view/adapter/productsAdapter.java,com.app.androidtest.view.adapter.productsAdapter,"onBindViewHolder/2[com.app.androidtest.view.adapter.productsAdapter.MyViewHolder,int]",context,1
/home/arch_design_predict/download-github-repos/mvvm/repos/android.mvvm-master/app/src/main/java/com/app/androidtest/view/adapter/productsAdapter.java,com.app.androidtest.view.adapter.productsAdapter,"onBindViewHolder/2[com.app.androidtest.view.adapter.productsAdapter.MyViewHolder,int]",list,1
/home/arch_design_predict/download-github-repos/mvvm/repos/android.mvvm-master/app/src/main/java/com/app/androidtest/view/adapter/productsAdapter.java,com.app.androidtest.view.adapter.productsAdapter,"onBindViewHolder/2[com.app.androidtest.view.adapter.productsAdapter.MyViewHolder,int]",adjustSize,1
/home/arch_design_predict/download-github-repos/mvvm/repos/android.mvvm-master/app/src/main/java/com/app/androidtest/view/adapter/productsAdapter.java,com.app.androidtest.view.adapter.productsAdapter,getItemCount/0,list,1
/home/arch_design_predict/download-github-repos/mvvm/repos/android.mvvm-master/app/src/main/java/com/app/androidtest/view/adapter/productsAdapter.java,com.app.androidtest.view.adapter.productsAdapter,setData/1[java.util.List<com.app.androidtest.repo.remote.model.Product>],list,3
/home/arch_design_predict/download-github-repos/mvvm/repos/android.mvvm-master/app/src/main/java/com/app/androidtest/view/adapter/productsAdapter.java,com.app.androidtest.view.adapter.productsAdapter,onItemDismiss/1[int],list,1
/home/arch_design_predict/download-github-repos/mvvm/repos/android.mvvm-master/app/src/main/java/com/app/androidtest/view/adapter/productsAdapter.java,com.app.androidtest.view.adapter.productsAdapter,adjustSizes/0,adjustSize,2
/home/arch_design_predict/download-github-repos/mvvm/repos/android.mvvm-master/app/src/main/java/com/app/androidtest/view/adapter/productsAdapter.java,com.app.androidtest.view.adapter.productsAdapter,"productsAdapter/4[com.app.androidtest.view.adapter.Context,java.util.List<com.app.androidtest.repo.remote.model.Product>,java.lang.String,com.app.androidtest.view.interfaces.StartDragListener]",imageUrl,3
/home/arch_design_predict/download-github-repos/mvvm/repos/android.mvvm-master/app/src/main/java/com/app/androidtest/view/adapter/productsAdapter.java,com.app.androidtest.view.adapter.productsAdapter,"productsAdapter/4[com.app.androidtest.view.adapter.Context,java.util.List<com.app.androidtest.repo.remote.model.Product>,java.lang.String,com.app.androidtest.view.interfaces.StartDragListener]",context,3
/home/arch_design_predict/download-github-repos/mvvm/repos/android.mvvm-master/app/src/main/java/com/app/androidtest/view/adapter/productsAdapter.java,com.app.androidtest.view.adapter.productsAdapter,"productsAdapter/4[com.app.androidtest.view.adapter.Context,java.util.List<com.app.androidtest.repo.remote.model.Product>,java.lang.String,com.app.androidtest.view.interfaces.StartDragListener]",listener,3
/home/arch_design_predict/download-github-repos/mvvm/repos/android.mvvm-master/app/src/main/java/com/app/androidtest/view/adapter/productsAdapter.java,com.app.androidtest.view.adapter.productsAdapter,"productsAdapter/4[com.app.androidtest.view.adapter.Context,java.util.List<com.app.androidtest.repo.remote.model.Product>,java.lang.String,com.app.androidtest.view.interfaces.StartDragListener]",list,3
/home/arch_design_predict/download-github-repos/mvvm/repos/android.mvvm-master/app/src/main/java/com/app/androidtest/view/adapter/productsAdapter.java,com.app.androidtest.view.adapter.productsAdapter,removeItem/1[int],list,1
/home/arch_design_predict/download-github-repos/mvvm/repos/android.mvvm-master/app/src/main/java/com/app/androidtest/view/adapter/productsAdapter.java,com.app.androidtest.view.adapter.productsAdapter,"onItemMove/2[int,int]",list,1
/home/arch_design_predict/download-github-repos/mvvm/repos/android.mvvm-master/app/src/main/java/com/app/androidtest/view/adapter/productsAdapter.java,com.app.androidtest.view.adapter.productsAdapter,"restoreItem/2[com.app.androidtest.repo.remote.model.Product,int]",list,1
/home/arch_design_predict/download-github-repos/mvvm/repos/android.mvvm-master/app/src/main/java/com/app/androidtest/view/adapter/productsAdapter.java,com.app.androidtest.view.adapter.productsAdapter,getData/0,list,1
/home/arch_design_predict/download-github-repos/mvvm/repos/android.mvvm-master/app/src/main/java/com/app/androidtest/view/fragment/trash.java,com.app.androidtest.view.fragment.trash,"onCreateView/3[com.app.androidtest.view.fragment.LayoutInflater,com.app.androidtest.view.fragment.ViewGroup,com.app.androidtest.view.fragment.Bundle]",view,6
/home/arch_design_predict/download-github-repos/mvvm/repos/android.mvvm-master/app/src/main/java/com/app/androidtest/view/fragment/trash.java,com.app.androidtest.view.fragment.trash,"onCreateView/3[com.app.androidtest.view.fragment.LayoutInflater,com.app.androidtest.view.fragment.ViewGroup,com.app.androidtest.view.fragment.Bundle]",adapter,4
/home/arch_design_predict/download-github-repos/mvvm/repos/android.mvvm-master/app/src/main/java/com/app/androidtest/view/fragment/trash.java,com.app.androidtest.view.fragment.trash,"onCreateView/3[com.app.androidtest.view.fragment.LayoutInflater,com.app.androidtest.view.fragment.ViewGroup,com.app.androidtest.view.fragment.Bundle]",viewModel,2
/home/arch_design_predict/download-github-repos/mvvm/repos/android.mvvm-master/app/src/main/java/com/app/androidtest/view/fragment/trash.java,com.app.androidtest.view.fragment.trash,"onCreateView/3[com.app.androidtest.view.fragment.LayoutInflater,com.app.androidtest.view.fragment.ViewGroup,com.app.androidtest.view.fragment.Bundle]",noDataImage,4
/home/arch_design_predict/download-github-repos/mvvm/repos/android.mvvm-master/app/src/main/java/com/app/androidtest/view/fragment/trash.java,com.app.androidtest.view.fragment.trash,"onCreateView/3[com.app.androidtest.view.fragment.LayoutInflater,com.app.androidtest.view.fragment.ViewGroup,com.app.androidtest.view.fragment.Bundle]",imagesShimmer,6
/home/arch_design_predict/download-github-repos/mvvm/repos/android.mvvm-master/app/src/main/java/com/app/androidtest/view/fragment/trash.java,com.app.androidtest.view.fragment.trash,"onCreateView/3[com.app.androidtest.view.fragment.LayoutInflater,com.app.androidtest.view.fragment.ViewGroup,com.app.androidtest.view.fragment.Bundle]",dataSource,2
/home/arch_design_predict/download-github-repos/mvvm/repos/android.mvvm-master/app/src/main/java/com/app/androidtest/view/fragment/trash.java,com.app.androidtest.view.fragment.trash,"onCreateView/3[com.app.androidtest.view.fragment.LayoutInflater,com.app.androidtest.view.fragment.ViewGroup,com.app.androidtest.view.fragment.Bundle]",imagesRecycler,5
/home/arch_design_predict/download-github-repos/mvvm/repos/android.mvvm-master/app/src/main/java/com/app/androidtest/view/fragment/trash.java,com.app.androidtest.view.fragment.trash,"onCreateView/3[com.app.androidtest.view.fragment.LayoutInflater,com.app.androidtest.view.fragment.ViewGroup,com.app.androidtest.view.fragment.Bundle]",noDataText,4
/home/arch_design_predict/download-github-repos/mvvm/repos/android.mvvm-master/app/src/main/java/com/app/androidtest/repo/local/Cartdb.java,com.app.androidtest.repo.local.Cartdb,getCartdb/1[com.app.androidtest.repo.local.Context],cartdb,3
/home/arch_design_predict/download-github-repos/mvvm/repos/android.mvvm-master/app/src/main/java/com/app/androidtest/repo/remote/model/Category.java,com.app.androidtest.repo.remote.model.Category,setId/1[long],id,3
/home/arch_design_predict/download-github-repos/mvvm/repos/android.mvvm-master/app/src/main/java/com/app/androidtest/repo/remote/model/Category.java,com.app.androidtest.repo.remote.model.Category,setDeletedAt/1[java.lang.String],deletedAt,3
/home/arch_design_predict/download-github-repos/mvvm/repos/android.mvvm-master/app/src/main/java/com/app/androidtest/repo/remote/model/Category.java,com.app.androidtest.repo.remote.model.Category,setCreatedAt/1[java.lang.String],createdAt,3
/home/arch_design_predict/download-github-repos/mvvm/repos/android.mvvm-master/app/src/main/java/com/app/androidtest/repo/remote/model/Category.java,com.app.androidtest.repo.remote.model.Category,getCreatedAt/0,createdAt,1
/home/arch_design_predict/download-github-repos/mvvm/repos/android.mvvm-master/app/src/main/java/com/app/androidtest/repo/remote/model/Category.java,com.app.androidtest.repo.remote.model.Category,getUpdatedAt/0,updatedAt,1
/home/arch_design_predict/download-github-repos/mvvm/repos/android.mvvm-master/app/src/main/java/com/app/androidtest/repo/remote/model/Category.java,com.app.androidtest.repo.remote.model.Category,getId/0,id,1
/home/arch_design_predict/download-github-repos/mvvm/repos/android.mvvm-master/app/src/main/java/com/app/androidtest/repo/remote/model/Category.java,com.app.androidtest.repo.remote.model.Category,"writeToParcel/2[com.app.androidtest.repo.remote.model.Parcel,int]",createdAt,1
/home/arch_design_predict/download-github-repos/mvvm/repos/android.mvvm-master/app/src/main/java/com/app/androidtest/repo/remote/model/Category.java,com.app.androidtest.repo.remote.model.Category,"writeToParcel/2[com.app.androidtest.repo.remote.model.Parcel,int]",deletedAt,1
/home/arch_design_predict/download-github-repos/mvvm/repos/android.mvvm-master/app/src/main/java/com/app/androidtest/repo/remote/model/Category.java,com.app.androidtest.repo.remote.model.Category,"writeToParcel/2[com.app.androidtest.repo.remote.model.Parcel,int]",name,1
/home/arch_design_predict/download-github-repos/mvvm/repos/android.mvvm-master/app/src/main/java/com/app/androidtest/repo/remote/model/Category.java,com.app.androidtest.repo.remote.model.Category,"writeToParcel/2[com.app.androidtest.repo.remote.model.Parcel,int]",id,1
/home/arch_design_predict/download-github-repos/mvvm/repos/android.mvvm-master/app/src/main/java/com/app/androidtest/repo/remote/model/Category.java,com.app.androidtest.repo.remote.model.Category,"writeToParcel/2[com.app.androidtest.repo.remote.model.Parcel,int]",updatedAt,1
/home/arch_design_predict/download-github-repos/mvvm/repos/android.mvvm-master/app/src/main/java/com/app/androidtest/repo/remote/model/Category.java,com.app.androidtest.repo.remote.model.Category,setUpdatedAt/1[java.lang.String],updatedAt,3
/home/arch_design_predict/download-github-repos/mvvm/repos/android.mvvm-master/app/src/main/java/com/app/androidtest/repo/remote/model/Category.java,com.app.androidtest.repo.remote.model.Category,setName/1[java.lang.String],name,3
/home/arch_design_predict/download-github-repos/mvvm/repos/android.mvvm-master/app/src/main/java/com/app/androidtest/repo/remote/model/Category.java,com.app.androidtest.repo.remote.model.Category,getName/0,name,1
/home/arch_design_predict/download-github-repos/mvvm/repos/android.mvvm-master/app/src/main/java/com/app/androidtest/repo/remote/model/Category.java,com.app.androidtest.repo.remote.model.Category,getDeletedAt/0,deletedAt,1
/home/arch_design_predict/download-github-repos/mvvm/repos/android.mvvm-master/app/src/main/java/com/app/androidtest/repo/remote/model/Category.java,com.app.androidtest.repo.remote.model.Category,Category/1[com.app.androidtest.repo.remote.model.Parcel],createdAt,1
/home/arch_design_predict/download-github-repos/mvvm/repos/android.mvvm-master/app/src/main/java/com/app/androidtest/repo/remote/model/Category.java,com.app.androidtest.repo.remote.model.Category,Category/1[com.app.androidtest.repo.remote.model.Parcel],deletedAt,1
/home/arch_design_predict/download-github-repos/mvvm/repos/android.mvvm-master/app/src/main/java/com/app/androidtest/repo/remote/model/Category.java,com.app.androidtest.repo.remote.model.Category,Category/1[com.app.androidtest.repo.remote.model.Parcel],name,1
/home/arch_design_predict/download-github-repos/mvvm/repos/android.mvvm-master/app/src/main/java/com/app/androidtest/repo/remote/model/Category.java,com.app.androidtest.repo.remote.model.Category,Category/1[com.app.androidtest.repo.remote.model.Parcel],id,1
/home/arch_design_predict/download-github-repos/mvvm/repos/android.mvvm-master/app/src/main/java/com/app/androidtest/repo/remote/model/Category.java,com.app.androidtest.repo.remote.model.Category,Category/1[com.app.androidtest.repo.remote.model.Parcel],updatedAt,1
/home/arch_design_predict/download-github-repos/mvvm/repos/android.mvvm-master/app/src/main/java/com/app/androidtest/view/adapter/productsAdapter.java,com.app.androidtest.view.adapter.productsAdapter$MyViewHolder,MyViewHolder/1[com.app.androidtest.view.adapter.View],productImage,2
/home/arch_design_predict/download-github-repos/mvvm/repos/android.mvvm-master/app/src/main/java/com/app/androidtest/view/adapter/productsAdapter.java,com.app.androidtest.view.adapter.productsAdapter$MyViewHolder,MyViewHolder/1[com.app.androidtest.view.adapter.View],share,4
/home/arch_design_predict/download-github-repos/mvvm/repos/android.mvvm-master/app/src/main/java/com/app/androidtest/view/adapter/productsAdapter.java,com.app.androidtest.view.adapter.productsAdapter$MyViewHolder,MyViewHolder/1[com.app.androidtest.view.adapter.View],descVal,2
/home/arch_design_predict/download-github-repos/mvvm/repos/android.mvvm-master/app/src/main/java/com/app/androidtest/view/adapter/productsAdapter.java,com.app.androidtest.view.adapter.productsAdapter$MyViewHolder,MyViewHolder/1[com.app.androidtest.view.adapter.View],delete,4
/home/arch_design_predict/download-github-repos/mvvm/repos/android.mvvm-master/app/src/main/java/com/app/androidtest/view/adapter/productsAdapter.java,com.app.androidtest.view.adapter.productsAdapter$MyViewHolder,MyViewHolder/1[com.app.androidtest.view.adapter.View],productName,2
/home/arch_design_predict/download-github-repos/mvvm/repos/android.mvvm-master/app/src/main/java/com/app/androidtest/AppSession.java,com.app.androidtest.AppSession,onCreate/0,context,1
/home/arch_design_predict/download-github-repos/mvvm/repos/android.mvvm-master/app/src/main/java/com/app/androidtest/repo/remote/model/getCategoriesRes.java,com.app.androidtest.repo.remote.model.getCategoriesRes,getResult/0,result,1
/home/arch_design_predict/download-github-repos/mvvm/repos/android.mvvm-master/app/src/main/java/com/app/androidtest/repo/remote/model/getCategoriesRes.java,com.app.androidtest.repo.remote.model.getCategoriesRes,getErrorFlag/0,errorFlag,1
/home/arch_design_predict/download-github-repos/mvvm/repos/android.mvvm-master/app/src/main/java/com/app/androidtest/repo/remote/model/getCategoriesRes.java,com.app.androidtest.repo.remote.model.getCategoriesRes,setErrorFlag/1[long],errorFlag,3
/home/arch_design_predict/download-github-repos/mvvm/repos/android.mvvm-master/app/src/main/java/com/app/androidtest/repo/remote/model/getCategoriesRes.java,com.app.androidtest.repo.remote.model.getCategoriesRes,setResult/1[com.app.androidtest.repo.remote.model.getCategories],result,3
/home/arch_design_predict/download-github-repos/mvvm/repos/android.mvvm-master/app/src/main/java/com/app/androidtest/repo/remote/model/getCategoriesRes.java,com.app.androidtest.repo.remote.model.getCategoriesRes,getMessage/0,message,1
/home/arch_design_predict/download-github-repos/mvvm/repos/android.mvvm-master/app/src/main/java/com/app/androidtest/repo/remote/model/getCategoriesRes.java,com.app.androidtest.repo.remote.model.getCategoriesRes,setMessage/1[java.lang.String],message,3
/home/arch_design_predict/download-github-repos/mvvm/repos/android.mvvm-master/app/src/main/java/com/app/androidtest/viewModel/userOperationsViewModel.java,com.app.androidtest.viewModel.userOperationsViewModel,getProducts/1[com.app.androidtest.repo.local.Cartdb],getProductsRes,1
/home/arch_design_predict/download-github-repos/mvvm/repos/android.mvvm-master/app/src/main/java/com/app/androidtest/viewModel/userOperationsViewModel.java,com.app.androidtest.viewModel.userOperationsViewModel,getDeletedProducts/1[com.app.androidtest.repo.local.Cartdb],getProductsRes,1
/home/arch_design_predict/download-github-repos/mvvm/repos/android.mvvm-master/app/src/main/java/com/app/androidtest/viewModel/userOperationsViewModel.java,com.app.androidtest.viewModel.userOperationsViewModel,getCategories/0,getCategoriesRes,3
/home/arch_design_predict/download-github-repos/mvvm/repos/android.mvvm-master/app/src/main/java/com/app/androidtest/viewModel/userOperationsViewModel.java,com.app.androidtest.viewModel.userOperationsViewModel,"getProductsQuery/2[com.app.androidtest.repo.local.Cartdb,java.lang.String]",getProductsRes,1
/home/arch_design_predict/download-github-repos/mvvm/repos/android.mvvm-master/app/src/main/java/com/app/androidtest/view/fragment/main.java,com.app.androidtest.view.fragment.main,requestDrag/1[RecyclerView.ViewHolder],touchHelper,1
/home/arch_design_predict/download-github-repos/mvvm/repos/android.mvvm-master/app/src/main/java/com/app/androidtest/view/fragment/main.java,com.app.androidtest.view.fragment.main,notification/0,mChannel,1
/home/arch_design_predict/download-github-repos/mvvm/repos/android.mvvm-master/app/src/main/java/com/app/androidtest/view/fragment/main.java,com.app.androidtest.view.fragment.main,notification/0,notifManager,4
/home/arch_design_predict/download-github-repos/mvvm/repos/android.mvvm-master/app/src/main/java/com/app/androidtest/view/fragment/main.java,com.app.androidtest.view.fragment.main,"onActivityResult/3[int,int,com.app.androidtest.view.fragment.Intent]",PICK_IMAGE,1
/home/arch_design_predict/download-github-repos/mvvm/repos/android.mvvm-master/app/src/main/java/com/app/androidtest/view/fragment/main.java,com.app.androidtest.view.fragment.main,"onActivityResult/3[int,int,com.app.androidtest.view.fragment.Intent]",viewModel,2
/home/arch_design_predict/download-github-repos/mvvm/repos/android.mvvm-master/app/src/main/java/com/app/androidtest/view/fragment/main.java,com.app.androidtest.view.fragment.main,"onActivityResult/3[int,int,com.app.androidtest.view.fragment.Intent]",dataSource,2
/home/arch_design_predict/download-github-repos/mvvm/repos/android.mvvm-master/app/src/main/java/com/app/androidtest/view/fragment/main.java,com.app.androidtest.view.fragment.main,selectImage/0,PICK_IMAGE,1
/home/arch_design_predict/download-github-repos/mvvm/repos/android.mvvm-master/app/src/main/java/com/app/androidtest/view/fragment/main.java,com.app.androidtest.view.fragment.main,"onCreateView/3[com.app.androidtest.view.fragment.LayoutInflater,com.app.androidtest.view.fragment.ViewGroup,com.app.androidtest.view.fragment.Bundle]",adapter,5
/home/arch_design_predict/download-github-repos/mvvm/repos/android.mvvm-master/app/src/main/java/com/app/androidtest/view/fragment/main.java,com.app.androidtest.view.fragment.main,"onCreateView/3[com.app.androidtest.view.fragment.LayoutInflater,com.app.androidtest.view.fragment.ViewGroup,com.app.androidtest.view.fragment.Bundle]",advancedSearch,3
/home/arch_design_predict/download-github-repos/mvvm/repos/android.mvvm-master/app/src/main/java/com/app/androidtest/view/fragment/main.java,com.app.androidtest.view.fragment.main,"onCreateView/3[com.app.androidtest.view.fragment.LayoutInflater,com.app.androidtest.view.fragment.ViewGroup,com.app.androidtest.view.fragment.Bundle]",noDataText,4
/home/arch_design_predict/download-github-repos/mvvm/repos/android.mvvm-master/app/src/main/java/com/app/androidtest/view/fragment/main.java,com.app.androidtest.view.fragment.main,"onCreateView/3[com.app.androidtest.view.fragment.LayoutInflater,com.app.androidtest.view.fragment.ViewGroup,com.app.androidtest.view.fragment.Bundle]",openCam,3
/home/arch_design_predict/download-github-repos/mvvm/repos/android.mvvm-master/app/src/main/java/com/app/androidtest/view/fragment/main.java,com.app.androidtest.view.fragment.main,"onCreateView/3[com.app.androidtest.view.fragment.LayoutInflater,com.app.androidtest.view.fragment.ViewGroup,com.app.androidtest.view.fragment.Bundle]",view,9
/home/arch_design_predict/download-github-repos/mvvm/repos/android.mvvm-master/app/src/main/java/com/app/androidtest/view/fragment/main.java,com.app.androidtest.view.fragment.main,"onCreateView/3[com.app.androidtest.view.fragment.LayoutInflater,com.app.androidtest.view.fragment.ViewGroup,com.app.androidtest.view.fragment.Bundle]",touchHelper,2
/home/arch_design_predict/download-github-repos/mvvm/repos/android.mvvm-master/app/src/main/java/com/app/androidtest/view/fragment/main.java,com.app.androidtest.view.fragment.main,"onCreateView/3[com.app.androidtest.view.fragment.LayoutInflater,com.app.androidtest.view.fragment.ViewGroup,com.app.androidtest.view.fragment.Bundle]",reArrange,3
/home/arch_design_predict/download-github-repos/mvvm/repos/android.mvvm-master/app/src/main/java/com/app/androidtest/view/fragment/main.java,com.app.androidtest.view.fragment.main,"onCreateView/3[com.app.androidtest.view.fragment.LayoutInflater,com.app.androidtest.view.fragment.ViewGroup,com.app.androidtest.view.fragment.Bundle]",viewModel,3
/home/arch_design_predict/download-github-repos/mvvm/repos/android.mvvm-master/app/src/main/java/com/app/androidtest/view/fragment/main.java,com.app.androidtest.view.fragment.main,"onCreateView/3[com.app.androidtest.view.fragment.LayoutInflater,com.app.androidtest.view.fragment.ViewGroup,com.app.androidtest.view.fragment.Bundle]",callback,2
/home/arch_design_predict/download-github-repos/mvvm/repos/android.mvvm-master/app/src/main/java/com/app/androidtest/view/fragment/main.java,com.app.androidtest.view.fragment.main,"onCreateView/3[com.app.androidtest.view.fragment.LayoutInflater,com.app.androidtest.view.fragment.ViewGroup,com.app.androidtest.view.fragment.Bundle]",noDataImage,4
/home/arch_design_predict/download-github-repos/mvvm/repos/android.mvvm-master/app/src/main/java/com/app/androidtest/view/fragment/main.java,com.app.androidtest.view.fragment.main,"onCreateView/3[com.app.androidtest.view.fragment.LayoutInflater,com.app.androidtest.view.fragment.ViewGroup,com.app.androidtest.view.fragment.Bundle]",imagesShimmer,6
/home/arch_design_predict/download-github-repos/mvvm/repos/android.mvvm-master/app/src/main/java/com/app/androidtest/view/fragment/main.java,com.app.androidtest.view.fragment.main,"onCreateView/3[com.app.androidtest.view.fragment.LayoutInflater,com.app.androidtest.view.fragment.ViewGroup,com.app.androidtest.view.fragment.Bundle]",dataSource,3
/home/arch_design_predict/download-github-repos/mvvm/repos/android.mvvm-master/app/src/main/java/com/app/androidtest/view/fragment/main.java,com.app.androidtest.view.fragment.main,"onCreateView/3[com.app.androidtest.view.fragment.LayoutInflater,com.app.androidtest.view.fragment.ViewGroup,com.app.androidtest.view.fragment.Bundle]",imagesRecycler,5
/home/arch_design_predict/download-github-repos/mvvm/repos/android.mvvm-master/app/src/main/java/com/app/androidtest/repo/remote/model/CategoryProducts.java,com.app.androidtest.repo.remote.model.CategoryProducts,getUpdatedAt/0,updatedAt,1
/home/arch_design_predict/download-github-repos/mvvm/repos/android.mvvm-master/app/src/main/java/com/app/androidtest/repo/remote/model/CategoryProducts.java,com.app.androidtest.repo.remote.model.CategoryProducts,getId/0,id,1
/home/arch_design_predict/download-github-repos/mvvm/repos/android.mvvm-master/app/src/main/java/com/app/androidtest/repo/remote/model/CategoryProducts.java,com.app.androidtest.repo.remote.model.CategoryProducts,setName/1[java.lang.String],name,3
/home/arch_design_predict/download-github-repos/mvvm/repos/android.mvvm-master/app/src/main/java/com/app/androidtest/repo/remote/model/CategoryProducts.java,com.app.androidtest.repo.remote.model.CategoryProducts,getProducts/0,products,1
/home/arch_design_predict/download-github-repos/mvvm/repos/android.mvvm-master/app/src/main/java/com/app/androidtest/repo/remote/model/CategoryProducts.java,com.app.androidtest.repo.remote.model.CategoryProducts,getName/0,name,1
/home/arch_design_predict/download-github-repos/mvvm/repos/android.mvvm-master/app/src/main/java/com/app/androidtest/repo/remote/model/CategoryProducts.java,com.app.androidtest.repo.remote.model.CategoryProducts,setId/1[long],id,3
/home/arch_design_predict/download-github-repos/mvvm/repos/android.mvvm-master/app/src/main/java/com/app/androidtest/repo/remote/model/CategoryProducts.java,com.app.androidtest.repo.remote.model.CategoryProducts,getCreatedAt/0,createdAt,1
/home/arch_design_predict/download-github-repos/mvvm/repos/android.mvvm-master/app/src/main/java/com/app/androidtest/repo/remote/model/CategoryProducts.java,com.app.androidtest.repo.remote.model.CategoryProducts,setCreatedAt/1[java.lang.String],createdAt,3
/home/arch_design_predict/download-github-repos/mvvm/repos/android.mvvm-master/app/src/main/java/com/app/androidtest/repo/remote/model/CategoryProducts.java,com.app.androidtest.repo.remote.model.CategoryProducts,setProducts/1[java.util.List<com.app.androidtest.repo.remote.model.Product>],products,3
/home/arch_design_predict/download-github-repos/mvvm/repos/android.mvvm-master/app/src/main/java/com/app/androidtest/repo/remote/model/CategoryProducts.java,com.app.androidtest.repo.remote.model.CategoryProducts,setUpdatedAt/1[java.lang.String],updatedAt,3
/home/arch_design_predict/download-github-repos/mvvm/repos/android.mvvm-master/app/src/main/java/com/app/androidtest/repo/remote/model/getCategories.java,com.app.androidtest.repo.remote.model.getCategories,setCategories/1[java.util.List<com.app.androidtest.repo.remote.model.CategoryProducts>],categories,3
/home/arch_design_predict/download-github-repos/mvvm/repos/android.mvvm-master/app/src/main/java/com/app/androidtest/repo/remote/model/getCategories.java,com.app.androidtest.repo.remote.model.getCategories,setImageURL/1[java.lang.String],imageURL,3
/home/arch_design_predict/download-github-repos/mvvm/repos/android.mvvm-master/app/src/main/java/com/app/androidtest/repo/remote/model/getCategories.java,com.app.androidtest.repo.remote.model.getCategories,getCategories/0,categories,1
/home/arch_design_predict/download-github-repos/mvvm/repos/android.mvvm-master/app/src/main/java/com/app/androidtest/repo/remote/model/getCategories.java,com.app.androidtest.repo.remote.model.getCategories,getImageURL/0,imageURL,1
