file,class,method,variable,usage
/home/arch_design_predict/download-github-repos/mvvm/repos/todo-master/frame/src/main/java/com/dreampany/frame/executor/AppExecutors.java,com.dreampany.frame.executor.AppExecutors$MainThreadExecutor,execute/1[java.lang.Runnable],mainThreadHandler,1
/home/arch_design_predict/download-github-repos/mvvm/repos/todo-master/frame/src/main/java/com/dreampany/frame/ui/activity/BaseActivity.java,com.dreampany.frame.ui.activity.BaseActivity,setCurrentFragment/1[com.dreampany.frame.ui.fragment.BaseFragment],currentFragment,1
/home/arch_design_predict/download-github-repos/mvvm/repos/todo-master/frame/src/main/java/com/dreampany/frame/ui/activity/BaseActivity.java,com.dreampany.frame.ui.activity.BaseActivity,initLayout/1[int],binding,1
/home/arch_design_predict/download-github-repos/mvvm/repos/todo-master/frame/src/main/java/com/dreampany/frame/ui/activity/BaseActivity.java,com.dreampany.frame.ui.activity.BaseActivity,getCurrentFragment/0,currentFragment,1
/home/arch_design_predict/download-github-repos/mvvm/repos/todo-master/frame/src/main/java/com/dreampany/frame/ui/activity/BaseActivity.java,com.dreampany.frame.ui.activity.BaseActivity,onCreate/1[com.dreampany.frame.ui.activity.Bundle],fireOnStartUi,1
/home/arch_design_predict/download-github-repos/mvvm/repos/todo-master/frame/src/main/java/com/dreampany/frame/ui/activity/BaseActivity.java,com.dreampany.frame.ui.activity.BaseActivity,getCurrentTask/1[boolean],currentTask,3
/home/arch_design_predict/download-github-repos/mvvm/repos/todo-master/frame/src/main/java/com/dreampany/frame/ld/SingleLiveEvent.java,com.dreampany.frame.ld.SingleLiveEvent,"observe/2[com.dreampany.frame.ld.LifecycleOwner,com.dreampany.frame.ld.Observer<T>]",pending,1
/home/arch_design_predict/download-github-repos/mvvm/repos/todo-master/frame/src/main/java/com/dreampany/frame/ld/SingleLiveEvent.java,com.dreampany.frame.ld.SingleLiveEvent,"observe/2[com.dreampany.frame.ld.LifecycleOwner,com.dreampany.frame.ld.Observer<T>]",TAG,1
/home/arch_design_predict/download-github-repos/mvvm/repos/todo-master/frame/src/main/java/com/dreampany/frame/ld/SingleLiveEvent.java,com.dreampany.frame.ld.SingleLiveEvent,setValue/1[T],pending,1
/home/arch_design_predict/download-github-repos/mvvm/repos/todo-master/frame/src/main/java/com/dreampany/frame/ui/activity/BaseNavigationActivity.java,com.dreampany.frame.ui.activity.BaseNavigationActivity,onNavigationItemSelected/1[com.dreampany.frame.ui.activity.MenuItem],currentNavigationId,2
/home/arch_design_predict/download-github-repos/mvvm/repos/todo-master/frame/src/main/java/com/dreampany/frame/ui/activity/BaseNavigationActivity.java,com.dreampany.frame.ui.activity.BaseNavigationActivity,initToggle/0,drawerLayout,3
/home/arch_design_predict/download-github-repos/mvvm/repos/todo-master/frame/src/main/java/com/dreampany/frame/ui/activity/BaseNavigationActivity.java,com.dreampany.frame.ui.activity.BaseNavigationActivity,initToggle/0,toggle,4
/home/arch_design_predict/download-github-repos/mvvm/repos/todo-master/frame/src/main/java/com/dreampany/frame/ui/activity/BaseNavigationActivity.java,com.dreampany.frame.ui.activity.BaseNavigationActivity,isDrawerOpen/0,drawerLayout,2
/home/arch_design_predict/download-github-repos/mvvm/repos/todo-master/frame/src/main/java/com/dreampany/frame/ui/activity/BaseNavigationActivity.java,com.dreampany.frame.ui.activity.BaseNavigationActivity,closeDrawer/0,drawerLayout,1
/home/arch_design_predict/download-github-repos/mvvm/repos/todo-master/frame/src/main/java/com/dreampany/frame/executor/AppExecutors.java,com.dreampany.frame.executor.AppExecutors$NetworkIOThreadExecutor,execute/1[java.lang.Runnable],networkIO,1
/home/arch_design_predict/download-github-repos/mvvm/repos/todo-master/frame/src/main/java/com/dreampany/frame/executor/AppExecutors.java,com.dreampany.frame.executor.AppExecutors$NetworkIOThreadExecutor,NetworkIOThreadExecutor/0,networkIO,1
/home/arch_design_predict/download-github-repos/mvvm/repos/todo-master/app/src/main/java/com/dreampany/todo/ui/model/TaskItem.java,com.dreampany.todo.ui.model.TaskItem$ViewHolder,"ViewHolder/2[com.dreampany.todo.ui.model.View,com.dreampany.todo.ui.model.FlexibleAdapter]",complete,1
/home/arch_design_predict/download-github-repos/mvvm/repos/todo-master/app/src/main/java/com/dreampany/todo/ui/model/TaskItem.java,com.dreampany.todo.ui.model.TaskItem$ViewHolder,"ViewHolder/2[com.dreampany.todo.ui.model.View,com.dreampany.todo.ui.model.FlexibleAdapter]",title,1
/home/arch_design_predict/download-github-repos/mvvm/repos/todo-master/frame/src/main/java/com/dreampany/frame/ui/activity/BaseBottomNavigationActivity.java,com.dreampany.frame.ui.activity.BaseBottomNavigationActivity,onNavigationItemSelected/1[com.dreampany.frame.ui.activity.MenuItem],currentNavigationId,2
/home/arch_design_predict/download-github-repos/mvvm/repos/todo-master/app/src/main/java/com/dreampany/todo/ui/enums/UiSubtype.java,com.dreampany.todo.ui.enums.UiSubtype,valueOf/1[int],EDIT,1
/home/arch_design_predict/download-github-repos/mvvm/repos/todo-master/app/src/main/java/com/dreampany/todo/ui/enums/UiSubtype.java,com.dreampany.todo.ui.enums.UiSubtype,valueOf/1[int],VIEW,1
/home/arch_design_predict/download-github-repos/mvvm/repos/todo-master/frame/src/main/java/com/dreampany/frame/executor/AppExecutors.java,com.dreampany.frame.executor.AppExecutors,getNetworkIO/0,networkIO,1
/home/arch_design_predict/download-github-repos/mvvm/repos/todo-master/frame/src/main/java/com/dreampany/frame/executor/AppExecutors.java,com.dreampany.frame.executor.AppExecutors,getDiskIO/0,diskIO,1
/home/arch_design_predict/download-github-repos/mvvm/repos/todo-master/frame/src/main/java/com/dreampany/frame/executor/AppExecutors.java,com.dreampany.frame.executor.AppExecutors,getMainThread/0,mainThread,1
/home/arch_design_predict/download-github-repos/mvvm/repos/todo-master/frame/src/main/java/com/dreampany/frame/executor/AppExecutors.java,com.dreampany.frame.executor.AppExecutors,"AppExecutors/3[java.util.concurrent.Executor,java.util.concurrent.Executor,java.util.concurrent.Executor]",mainThread,3
/home/arch_design_predict/download-github-repos/mvvm/repos/todo-master/frame/src/main/java/com/dreampany/frame/executor/AppExecutors.java,com.dreampany.frame.executor.AppExecutors,"AppExecutors/3[java.util.concurrent.Executor,java.util.concurrent.Executor,java.util.concurrent.Executor]",diskIO,3
/home/arch_design_predict/download-github-repos/mvvm/repos/todo-master/frame/src/main/java/com/dreampany/frame/executor/AppExecutors.java,com.dreampany.frame.executor.AppExecutors,"AppExecutors/3[java.util.concurrent.Executor,java.util.concurrent.Executor,java.util.concurrent.Executor]",networkIO,3
/home/arch_design_predict/download-github-repos/mvvm/repos/todo-master/frame/src/main/java/com/dreampany/frame/executor/AppExecutors.java,com.dreampany.frame.executor.AppExecutors$DiskIOThreadExecutor,execute/1[java.lang.Runnable],diskIO,1
/home/arch_design_predict/download-github-repos/mvvm/repos/todo-master/frame/src/main/java/com/dreampany/frame/executor/AppExecutors.java,com.dreampany.frame.executor.AppExecutors$DiskIOThreadExecutor,DiskIOThreadExecutor/0,diskIO,1
/home/arch_design_predict/download-github-repos/mvvm/repos/todo-master/app/src/main/java/com/dreampany/todo/ui/model/MoreItem.java,com.dreampany.todo.ui.model.MoreItem,getType/0,type,1
/home/arch_design_predict/download-github-repos/mvvm/repos/todo-master/app/src/main/java/com/dreampany/todo/ui/model/MoreItem.java,com.dreampany.todo.ui.model.MoreItem,MoreItem/1[com.dreampany.todo.data.enums.MoreType],type,3
/home/arch_design_predict/download-github-repos/mvvm/repos/todo-master/app/src/main/java/com/dreampany/todo/ui/model/MoreItem.java,com.dreampany.todo.ui.model.MoreItem,"bindViewHolder/4[com.dreampany.todo.ui.model.FlexibleAdapter<com.dreampany.todo.ui.model.IFlexible>,com.dreampany.todo.ui.model.MoreItem.ViewHolder,int,java.util.List<java.lang.Object>]",type,1
/home/arch_design_predict/download-github-repos/mvvm/repos/todo-master/app/src/main/java/com/dreampany/todo/ui/model/MoreItem.java,com.dreampany.todo.ui.model.MoreItem,hashCode/0,type,1
/home/arch_design_predict/download-github-repos/mvvm/repos/todo-master/app/src/main/java/com/dreampany/todo/ui/model/MoreItem.java,com.dreampany.todo.ui.model.MoreItem,equals/1[java.lang.Object],type,1
/home/arch_design_predict/download-github-repos/mvvm/repos/todo-master/app/src/main/java/com/dreampany/todo/ui/activity/NavigationActivity.java,com.dreampany.todo.ui.activity.NavigationActivity,onNavigationItem/1[int],tasksFragmentProvider,1
/home/arch_design_predict/download-github-repos/mvvm/repos/todo-master/app/src/main/java/com/dreampany/todo/ui/activity/NavigationActivity.java,com.dreampany.todo.ui.activity.NavigationActivity,onNavigationItem/1[int],moreFragmentProvider,1
/home/arch_design_predict/download-github-repos/mvvm/repos/todo-master/app/src/main/java/com/dreampany/todo/factory/TaskViewModelFactory.java,com.dreampany.todo.factory.TaskViewModelFactory,create/1[java.lang.Class<T>],creators,2
/home/arch_design_predict/download-github-repos/mvvm/repos/todo-master/app/src/main/java/com/dreampany/todo/factory/TaskViewModelFactory.java,com.dreampany.todo.factory.TaskViewModelFactory,"TaskViewModelFactory/1[java.util.Map<java.lang.Class<? extends com.dreampany.todo.factory.ViewModel>,com.dreampany.todo.factory.Provider<com.dreampany.todo.factory.ViewModel>>]",creators,3
/home/arch_design_predict/download-github-repos/mvvm/repos/todo-master/app/src/main/java/com/dreampany/todo/vm/EditTaskViewModel.java,com.dreampany.todo.vm.EditTaskViewModel,getLiveResponse/0,liveResponse,1
/home/arch_design_predict/download-github-repos/mvvm/repos/todo-master/app/src/main/java/com/dreampany/todo/vm/EditTaskViewModel.java,com.dreampany.todo.vm.EditTaskViewModel,"EditTaskViewModel/3[com.dreampany.todo.vm.Application,com.dreampany.frame.rx.RxFacade,com.dreampany.todo.data.source.TaskRepository]",liveResponse,1
/home/arch_design_predict/download-github-repos/mvvm/repos/todo-master/app/src/main/java/com/dreampany/todo/vm/EditTaskViewModel.java,com.dreampany.todo.vm.EditTaskViewModel,"EditTaskViewModel/3[com.dreampany.todo.vm.Application,com.dreampany.frame.rx.RxFacade,com.dreampany.todo.data.source.TaskRepository]",taskRepository,3
/home/arch_design_predict/download-github-repos/mvvm/repos/todo-master/app/src/main/java/com/dreampany/todo/vm/EditTaskViewModel.java,com.dreampany.todo.vm.EditTaskViewModel,loadTaskItem/0,liveResponse,2
/home/arch_design_predict/download-github-repos/mvvm/repos/todo-master/app/src/main/java/com/dreampany/todo/vm/EditTaskViewModel.java,com.dreampany.todo.vm.EditTaskViewModel,"saveTask/2[java.lang.String,java.lang.String]",liveResponse,3
/home/arch_design_predict/download-github-repos/mvvm/repos/todo-master/app/src/main/java/com/dreampany/todo/vm/EditTaskViewModel.java,com.dreampany.todo.vm.EditTaskViewModel,"saveTask/2[java.lang.String,java.lang.String]",pendingTask,2
/home/arch_design_predict/download-github-repos/mvvm/repos/todo-master/app/src/main/java/com/dreampany/todo/vm/EditTaskViewModel.java,com.dreampany.todo.vm.EditTaskViewModel,"createTask/2[java.lang.String,java.lang.String]",pendingTask,7
/home/arch_design_predict/download-github-repos/mvvm/repos/todo-master/app/src/main/java/com/dreampany/todo/vm/EditTaskViewModel.java,com.dreampany.todo.vm.EditTaskViewModel,"createTask/2[java.lang.String,java.lang.String]",taskRepository,1
/home/arch_design_predict/download-github-repos/mvvm/repos/todo-master/app/src/main/java/com/dreampany/todo/vm/EditTaskViewModel.java,com.dreampany.todo.vm.EditTaskViewModel,getTaskItem/0,taskRepository,1
/home/arch_design_predict/download-github-repos/mvvm/repos/todo-master/frame/src/main/java/com/dreampany/frame/util/ColorUtil.java,com.dreampany.frame.util.ColorUtil,getParticleColors/1[com.dreampany.frame.util.Context],particleColors,2
/home/arch_design_predict/download-github-repos/mvvm/repos/todo-master/frame/src/main/java/com/dreampany/frame/util/ColorUtil.java,com.dreampany.frame.util.ColorUtil,getRandColor/1[int],colors,5
/home/arch_design_predict/download-github-repos/mvvm/repos/todo-master/frame/src/main/java/com/dreampany/frame/data/enums/Status.java,com.dreampany.frame.data.enums.Status,valueOf/1[int],SUCCESS,1
/home/arch_design_predict/download-github-repos/mvvm/repos/todo-master/frame/src/main/java/com/dreampany/frame/data/enums/Status.java,com.dreampany.frame.data.enums.Status,valueOf/1[int],ERROR,1
/home/arch_design_predict/download-github-repos/mvvm/repos/todo-master/frame/src/main/java/com/dreampany/frame/data/enums/Status.java,com.dreampany.frame.data.enums.Status,valueOf/1[int],READING,1
/home/arch_design_predict/download-github-repos/mvvm/repos/todo-master/frame/src/main/java/com/dreampany/frame/handler/HandlerManager.java,com.dreampany.frame.handler.HandlerManager,"run/2[java.lang.Runnable,long]",handler,2
/home/arch_design_predict/download-github-repos/mvvm/repos/todo-master/frame/src/main/java/com/dreampany/frame/handler/HandlerManager.java,com.dreampany.frame.handler.HandlerManager,stop/0,handler,1
/home/arch_design_predict/download-github-repos/mvvm/repos/todo-master/frame/src/main/java/com/dreampany/frame/handler/HandlerManager.java,com.dreampany.frame.handler.HandlerManager,stop/0,thread,4
/home/arch_design_predict/download-github-repos/mvvm/repos/todo-master/frame/src/main/java/com/dreampany/frame/handler/HandlerManager.java,com.dreampany.frame.handler.HandlerManager,run/1[java.lang.Runnable],handler,2
/home/arch_design_predict/download-github-repos/mvvm/repos/todo-master/frame/src/main/java/com/dreampany/frame/handler/HandlerManager.java,com.dreampany.frame.handler.HandlerManager,start/0,handler,1
/home/arch_design_predict/download-github-repos/mvvm/repos/todo-master/frame/src/main/java/com/dreampany/frame/handler/HandlerManager.java,com.dreampany.frame.handler.HandlerManager,start/0,thread,4
/home/arch_design_predict/download-github-repos/mvvm/repos/todo-master/frame/src/main/java/com/dreampany/frame/data/model/Color.java,com.dreampany.frame.data.model.Color,"Color/2[int,int]",primaryId,3
/home/arch_design_predict/download-github-repos/mvvm/repos/todo-master/frame/src/main/java/com/dreampany/frame/data/model/Color.java,com.dreampany.frame.data.model.Color,"Color/2[int,int]",primaryDarkId,3
/home/arch_design_predict/download-github-repos/mvvm/repos/todo-master/frame/src/main/java/com/dreampany/frame/data/model/Color.java,com.dreampany.frame.data.model.Color,setPrimaryDarkId/1[int],primaryDarkId,3
/home/arch_design_predict/download-github-repos/mvvm/repos/todo-master/frame/src/main/java/com/dreampany/frame/data/model/Color.java,com.dreampany.frame.data.model.Color,getPrimaryDarkId/0,primaryDarkId,1
/home/arch_design_predict/download-github-repos/mvvm/repos/todo-master/frame/src/main/java/com/dreampany/frame/data/model/Color.java,com.dreampany.frame.data.model.Color,getPrimaryId/0,primaryId,1
/home/arch_design_predict/download-github-repos/mvvm/repos/todo-master/frame/src/main/java/com/dreampany/frame/data/model/Color.java,com.dreampany.frame.data.model.Color,setAccentId/1[int],accentId,3
/home/arch_design_predict/download-github-repos/mvvm/repos/todo-master/frame/src/main/java/com/dreampany/frame/data/model/Color.java,com.dreampany.frame.data.model.Color,setPrimaryId/1[int],primaryId,3
/home/arch_design_predict/download-github-repos/mvvm/repos/todo-master/frame/src/main/java/com/dreampany/frame/data/model/Color.java,com.dreampany.frame.data.model.Color,getAccentId/0,accentId,1
/home/arch_design_predict/download-github-repos/mvvm/repos/todo-master/frame/src/main/java/com/dreampany/frame/data/model/Base.java,com.dreampany.frame.data.model.Base,getTime/0,time,1
/home/arch_design_predict/download-github-repos/mvvm/repos/todo-master/frame/src/main/java/com/dreampany/frame/data/model/Base.java,com.dreampany.frame.data.model.Base,setTime/1[long],time,3
/home/arch_design_predict/download-github-repos/mvvm/repos/todo-master/frame/src/main/java/com/dreampany/frame/data/model/Base.java,com.dreampany.frame.data.model.Base,"writeToParcel/2[com.dreampany.frame.data.model.Parcel,int]",time,1
/home/arch_design_predict/download-github-repos/mvvm/repos/todo-master/frame/src/main/java/com/dreampany/frame/data/model/Base.java,com.dreampany.frame.data.model.Base,Base/1[com.dreampany.frame.data.model.Parcel],time,1
/home/arch_design_predict/download-github-repos/mvvm/repos/todo-master/frame/src/main/java/com/dreampany/frame/ui/fragment/BaseFragment.java,com.dreampany.frame.ui.fragment.BaseFragment,onDestroyView/0,currentView,2
/home/arch_design_predict/download-github-repos/mvvm/repos/todo-master/frame/src/main/java/com/dreampany/frame/ui/fragment/BaseFragment.java,com.dreampany.frame.ui.fragment.BaseFragment,"onCreateView/3[com.dreampany.frame.ui.fragment.LayoutInflater,com.dreampany.frame.ui.fragment.ViewGroup,com.dreampany.frame.ui.fragment.Bundle]",currentView,8
/home/arch_design_predict/download-github-repos/mvvm/repos/todo-master/frame/src/main/java/com/dreampany/frame/ui/fragment/BaseFragment.java,com.dreampany.frame.ui.fragment.BaseFragment,"onCreateView/3[com.dreampany.frame.ui.fragment.LayoutInflater,com.dreampany.frame.ui.fragment.ViewGroup,com.dreampany.frame.ui.fragment.Bundle]",binding,2
/home/arch_design_predict/download-github-repos/mvvm/repos/todo-master/frame/src/main/java/com/dreampany/frame/ui/fragment/BaseFragment.java,com.dreampany.frame.ui.fragment.BaseFragment,getCurrentTask/1[boolean],currentTask,3
/home/arch_design_predict/download-github-repos/mvvm/repos/todo-master/app/src/main/java/com/dreampany/todo/ui/model/MoreItem.java,com.dreampany.todo.ui.model.MoreItem$ViewHolder,"ViewHolder/2[com.dreampany.todo.ui.model.View,com.dreampany.todo.ui.model.FlexibleAdapter]",icon,1
/home/arch_design_predict/download-github-repos/mvvm/repos/todo-master/app/src/main/java/com/dreampany/todo/ui/model/MoreItem.java,com.dreampany.todo.ui.model.MoreItem$ViewHolder,"ViewHolder/2[com.dreampany.todo.ui.model.View,com.dreampany.todo.ui.model.FlexibleAdapter]",title,1
/home/arch_design_predict/download-github-repos/mvvm/repos/todo-master/frame/src/main/java/com/dreampany/frame/ui/navigator/Navigator.java,com.dreampany.frame.ui.navigator.Navigator,Navigator/1[com.dreampany.frame.ui.navigator.Activity],activity,3
/home/arch_design_predict/download-github-repos/mvvm/repos/todo-master/app/src/main/java/com/dreampany/todo/ui/model/TaskItem.java,com.dreampany.todo.ui.model.TaskItem,"TaskItem/2[com.dreampany.todo.data.model.Task,int]",background,3
/home/arch_design_predict/download-github-repos/mvvm/repos/todo-master/app/src/main/java/com/dreampany/todo/vm/TaskViewModel.java,com.dreampany.todo.vm.TaskViewModel,restoreTask/1[com.dreampany.todo.data.model.Task],task,7
/home/arch_design_predict/download-github-repos/mvvm/repos/todo-master/app/src/main/java/com/dreampany/todo/vm/TaskViewModel.java,com.dreampany.todo.vm.TaskViewModel,setTask/1[com.dreampany.todo.data.model.Task],task,3
/home/arch_design_predict/download-github-repos/mvvm/repos/todo-master/app/src/main/java/com/dreampany/todo/vm/TaskViewModel.java,com.dreampany.todo.vm.TaskViewModel,isNewTask/0,task,1
/home/arch_design_predict/download-github-repos/mvvm/repos/todo-master/app/src/main/java/com/dreampany/todo/vm/TaskViewModel.java,com.dreampany.todo.vm.TaskViewModel,getResponse/0,response,1
/home/arch_design_predict/download-github-repos/mvvm/repos/todo-master/app/src/main/java/com/dreampany/todo/vm/TaskViewModel.java,com.dreampany.todo.vm.TaskViewModel,loadTaskItem/0,response,1
/home/arch_design_predict/download-github-repos/mvvm/repos/todo-master/app/src/main/java/com/dreampany/todo/vm/TaskViewModel.java,com.dreampany.todo.vm.TaskViewModel,"TaskViewModel/3[com.dreampany.todo.vm.Application,com.dreampany.frame.rx.RxFacade,com.dreampany.todo.data.source.TaskRepository]",response,1
/home/arch_design_predict/download-github-repos/mvvm/repos/todo-master/app/src/main/java/com/dreampany/todo/vm/TaskViewModel.java,com.dreampany.todo.vm.TaskViewModel,"TaskViewModel/3[com.dreampany.todo.vm.Application,com.dreampany.frame.rx.RxFacade,com.dreampany.todo.data.source.TaskRepository]",taskRepository,4
/home/arch_design_predict/download-github-repos/mvvm/repos/todo-master/app/src/main/java/com/dreampany/todo/vm/TaskViewModel.java,com.dreampany.todo.vm.TaskViewModel,"saveTask/2[java.lang.String,java.lang.String]",response,2
/home/arch_design_predict/download-github-repos/mvvm/repos/todo-master/app/src/main/java/com/dreampany/todo/vm/TaskViewModel.java,com.dreampany.todo.vm.TaskViewModel,getTaskItem/0,task,1
/home/arch_design_predict/download-github-repos/mvvm/repos/todo-master/app/src/main/java/com/dreampany/todo/vm/TaskViewModel.java,com.dreampany.todo.vm.TaskViewModel,getTaskItem/0,taskRepository,1
/home/arch_design_predict/download-github-repos/mvvm/repos/todo-master/app/src/main/java/com/dreampany/todo/vm/TaskViewModel.java,com.dreampany.todo.vm.TaskViewModel,"createTask/2[java.lang.String,java.lang.String]",task,5
/home/arch_design_predict/download-github-repos/mvvm/repos/todo-master/app/src/main/java/com/dreampany/todo/vm/TaskViewModel.java,com.dreampany.todo.vm.TaskViewModel,"createTask/2[java.lang.String,java.lang.String]",taskRepository,1
/home/arch_design_predict/download-github-repos/mvvm/repos/todo-master/frame/src/main/java/com/dreampany/frame/data/model/Response.java,com.dreampany.frame.data.model.Response,hashCode/0,data,1
/home/arch_design_predict/download-github-repos/mvvm/repos/todo-master/frame/src/main/java/com/dreampany/frame/data/model/Response.java,com.dreampany.frame.data.model.Response,hashCode/0,message,1
/home/arch_design_predict/download-github-repos/mvvm/repos/todo-master/frame/src/main/java/com/dreampany/frame/data/model/Response.java,com.dreampany.frame.data.model.Response,hashCode/0,status,1
/home/arch_design_predict/download-github-repos/mvvm/repos/todo-master/frame/src/main/java/com/dreampany/frame/data/model/Response.java,com.dreampany.frame.data.model.Response,"Response/4[com.dreampany.frame.data.enums.Kind,com.dreampany.frame.data.enums.Status,java.lang.String,T]",data,3
/home/arch_design_predict/download-github-repos/mvvm/repos/todo-master/frame/src/main/java/com/dreampany/frame/data/model/Response.java,com.dreampany.frame.data.model.Response,"Response/4[com.dreampany.frame.data.enums.Kind,com.dreampany.frame.data.enums.Status,java.lang.String,T]",kind,3
/home/arch_design_predict/download-github-repos/mvvm/repos/todo-master/frame/src/main/java/com/dreampany/frame/data/model/Response.java,com.dreampany.frame.data.model.Response,"Response/4[com.dreampany.frame.data.enums.Kind,com.dreampany.frame.data.enums.Status,java.lang.String,T]",message,3
/home/arch_design_predict/download-github-repos/mvvm/repos/todo-master/frame/src/main/java/com/dreampany/frame/data/model/Response.java,com.dreampany.frame.data.model.Response,"Response/4[com.dreampany.frame.data.enums.Kind,com.dreampany.frame.data.enums.Status,java.lang.String,T]",status,3
/home/arch_design_predict/download-github-repos/mvvm/repos/todo-master/frame/src/main/java/com/dreampany/frame/data/model/Response.java,com.dreampany.frame.data.model.Response,equals/1[java.lang.Object],data,2
/home/arch_design_predict/download-github-repos/mvvm/repos/todo-master/frame/src/main/java/com/dreampany/frame/data/model/Response.java,com.dreampany.frame.data.model.Response,equals/1[java.lang.Object],message,2
/home/arch_design_predict/download-github-repos/mvvm/repos/todo-master/frame/src/main/java/com/dreampany/frame/data/model/Response.java,com.dreampany.frame.data.model.Response,equals/1[java.lang.Object],status,1
/home/arch_design_predict/download-github-repos/mvvm/repos/todo-master/frame/src/main/java/com/dreampany/frame/data/model/Response.java,com.dreampany.frame.data.model.Response,toString/0,data,1
/home/arch_design_predict/download-github-repos/mvvm/repos/todo-master/frame/src/main/java/com/dreampany/frame/data/model/Response.java,com.dreampany.frame.data.model.Response,toString/0,message,1
/home/arch_design_predict/download-github-repos/mvvm/repos/todo-master/frame/src/main/java/com/dreampany/frame/data/model/Response.java,com.dreampany.frame.data.model.Response,toString/0,status,1
/home/arch_design_predict/download-github-repos/mvvm/repos/todo-master/frame/src/main/java/com/dreampany/frame/data/model/Response.java,com.dreampany.frame.data.model.Response,"success/2[com.dreampany.frame.data.enums.Kind,T]",data,2
/home/arch_design_predict/download-github-repos/mvvm/repos/todo-master/frame/src/main/java/com/dreampany/frame/data/model/Response.java,com.dreampany.frame.data.model.Response,"success/2[com.dreampany.frame.data.enums.Kind,T]",kind,2
/home/arch_design_predict/download-github-repos/mvvm/repos/todo-master/frame/src/main/java/com/dreampany/frame/data/model/Response.java,com.dreampany.frame.data.model.Response,empty/1[com.dreampany.frame.data.enums.Kind],kind,2
/home/arch_design_predict/download-github-repos/mvvm/repos/todo-master/frame/src/main/java/com/dreampany/frame/data/model/Response.java,com.dreampany.frame.data.model.Response,"error/2[com.dreampany.frame.data.enums.Kind,java.lang.String]",kind,2
/home/arch_design_predict/download-github-repos/mvvm/repos/todo-master/frame/src/main/java/com/dreampany/frame/data/model/Response.java,com.dreampany.frame.data.model.Response,"error/2[com.dreampany.frame.data.enums.Kind,java.lang.String]",message,2
/home/arch_design_predict/download-github-repos/mvvm/repos/todo-master/frame/src/main/java/com/dreampany/frame/data/model/Response.java,com.dreampany.frame.data.model.Response,reading/1[com.dreampany.frame.data.enums.Kind],kind,2
/home/arch_design_predict/download-github-repos/mvvm/repos/todo-master/app/src/main/java/com/dreampany/todo/ui/fragment/TasksFragment.java,com.dreampany.todo.ui.fragment.TasksFragment,initView/0,factory,1
/home/arch_design_predict/download-github-repos/mvvm/repos/todo-master/app/src/main/java/com/dreampany/todo/ui/fragment/TasksFragment.java,com.dreampany.todo.ui.fragment.TasksFragment,initView/0,binding,3
/home/arch_design_predict/download-github-repos/mvvm/repos/todo-master/app/src/main/java/com/dreampany/todo/ui/fragment/TasksFragment.java,com.dreampany.todo.ui.fragment.TasksFragment,initView/0,viewModel,3
/home/arch_design_predict/download-github-repos/mvvm/repos/todo-master/app/src/main/java/com/dreampany/todo/ui/fragment/TasksFragment.java,com.dreampany.todo.ui.fragment.TasksFragment,updateUi/1[java.util.List<com.dreampany.todo.ui.model.TaskItem>],adapter,2
/home/arch_design_predict/download-github-repos/mvvm/repos/todo-master/app/src/main/java/com/dreampany/todo/ui/fragment/TasksFragment.java,com.dreampany.todo.ui.fragment.TasksFragment,onStartUi/1[com.dreampany.todo.ui.fragment.Bundle],viewModel,3
/home/arch_design_predict/download-github-repos/mvvm/repos/todo-master/app/src/main/java/com/dreampany/todo/ui/fragment/TasksFragment.java,com.dreampany.todo.ui.fragment.TasksFragment,initRecycler/0,adapter,3
/home/arch_design_predict/download-github-repos/mvvm/repos/todo-master/app/src/main/java/com/dreampany/todo/ui/fragment/TasksFragment.java,com.dreampany.todo.ui.fragment.TasksFragment,initRecycler/0,offset,1
/home/arch_design_predict/download-github-repos/mvvm/repos/todo-master/app/src/main/java/com/dreampany/todo/ui/fragment/TasksFragment.java,com.dreampany.todo.ui.fragment.TasksFragment,initRecycler/0,binding,1
/home/arch_design_predict/download-github-repos/mvvm/repos/todo-master/app/src/main/java/com/dreampany/todo/ui/fragment/TasksFragment.java,com.dreampany.todo.ui.fragment.TasksFragment,onClick/1[com.dreampany.todo.ui.fragment.View],viewModel,1
/home/arch_design_predict/download-github-repos/mvvm/repos/todo-master/frame/src/main/java/com/dreampany/frame/ui/adapter/SmartAdapter.java,com.dreampany.frame.ui.adapter.SmartAdapter,SmartAdapter/1[java.lang.Object],clickListener,1
/home/arch_design_predict/download-github-repos/mvvm/repos/todo-master/frame/src/main/java/com/dreampany/frame/ui/adapter/SmartAdapter.java,com.dreampany.frame.ui.adapter.SmartAdapter,SmartAdapter/1[java.lang.Object],longClickListener,1
/home/arch_design_predict/download-github-repos/mvvm/repos/todo-master/frame/src/main/java/com/dreampany/frame/ui/adapter/SmartAdapter.java,com.dreampany.frame.ui.adapter.SmartAdapter,getLongClickListener/0,longClickListener,1
/home/arch_design_predict/download-github-repos/mvvm/repos/todo-master/frame/src/main/java/com/dreampany/frame/ui/adapter/SmartAdapter.java,com.dreampany.frame.ui.adapter.SmartAdapter,getClickListener/0,clickListener,1
/home/arch_design_predict/download-github-repos/mvvm/repos/todo-master/app/src/main/java/com/dreampany/todo/ui/model/UiTask.java,com.dreampany.todo.ui.model.UiTask,UiTask/1[boolean],fullscreen,3
/home/arch_design_predict/download-github-repos/mvvm/repos/todo-master/app/src/main/java/com/dreampany/todo/ui/model/UiTask.java,com.dreampany.todo.ui.model.UiTask,getType/0,type,1
/home/arch_design_predict/download-github-repos/mvvm/repos/todo-master/app/src/main/java/com/dreampany/todo/ui/model/UiTask.java,com.dreampany.todo.ui.model.UiTask,isFullscreen/0,fullscreen,1
/home/arch_design_predict/download-github-repos/mvvm/repos/todo-master/app/src/main/java/com/dreampany/todo/ui/model/UiTask.java,com.dreampany.todo.ui.model.UiTask,"writeToParcel/2[com.dreampany.todo.ui.model.Parcel,int]",fullscreen,1
/home/arch_design_predict/download-github-repos/mvvm/repos/todo-master/app/src/main/java/com/dreampany/todo/ui/model/UiTask.java,com.dreampany.todo.ui.model.UiTask,"writeToParcel/2[com.dreampany.todo.ui.model.Parcel,int]",subtype,2
/home/arch_design_predict/download-github-repos/mvvm/repos/todo-master/app/src/main/java/com/dreampany/todo/ui/model/UiTask.java,com.dreampany.todo.ui.model.UiTask,"writeToParcel/2[com.dreampany.todo.ui.model.Parcel,int]",type,2
/home/arch_design_predict/download-github-repos/mvvm/repos/todo-master/app/src/main/java/com/dreampany/todo/ui/model/UiTask.java,com.dreampany.todo.ui.model.UiTask,setUiType/1[com.dreampany.todo.ui.enums.UiType],type,3
/home/arch_design_predict/download-github-repos/mvvm/repos/todo-master/app/src/main/java/com/dreampany/todo/ui/model/UiTask.java,com.dreampany.todo.ui.model.UiTask,UiTask/1[com.dreampany.todo.ui.model.Parcel],fullscreen,1
/home/arch_design_predict/download-github-repos/mvvm/repos/todo-master/app/src/main/java/com/dreampany/todo/ui/model/UiTask.java,com.dreampany.todo.ui.model.UiTask,UiTask/1[com.dreampany.todo.ui.model.Parcel],subtype,1
/home/arch_design_predict/download-github-repos/mvvm/repos/todo-master/app/src/main/java/com/dreampany/todo/ui/model/UiTask.java,com.dreampany.todo.ui.model.UiTask,UiTask/1[com.dreampany.todo.ui.model.Parcel],type,1
/home/arch_design_predict/download-github-repos/mvvm/repos/todo-master/app/src/main/java/com/dreampany/todo/ui/model/UiTask.java,com.dreampany.todo.ui.model.UiTask,setSubtype/1[com.dreampany.todo.ui.enums.UiSubtype],subtype,3
/home/arch_design_predict/download-github-repos/mvvm/repos/todo-master/app/src/main/java/com/dreampany/todo/ui/model/UiTask.java,com.dreampany.todo.ui.model.UiTask,getSubtype/0,subtype,1
/home/arch_design_predict/download-github-repos/mvvm/repos/todo-master/app/src/main/java/com/dreampany/todo/data/source/local/DatabaseManager.java,com.dreampany.todo.data.source.local.DatabaseManager,onInstance/1[com.dreampany.todo.data.source.local.Context],instance,3
/home/arch_design_predict/download-github-repos/mvvm/repos/todo-master/app/src/main/java/com/dreampany/todo/data/source/local/DatabaseManager.java,com.dreampany.todo.data.source.local.DatabaseManager,"newInstance/2[com.dreampany.todo.data.source.local.Context,boolean]",DATABASE,1
/home/arch_design_predict/download-github-repos/mvvm/repos/todo-master/frame/src/main/java/com/dreampany/frame/ui/fragment/BaseMenuFragment.java,com.dreampany.frame.ui.fragment.BaseMenuFragment,onMenuCreated/1[com.dreampany.frame.ui.fragment.Menu],menu,1
/home/arch_design_predict/download-github-repos/mvvm/repos/todo-master/frame/src/main/java/com/dreampany/frame/ui/fragment/BaseMenuFragment.java,com.dreampany.frame.ui.fragment.BaseMenuFragment,"onCreateOptionsMenu/2[com.dreampany.frame.ui.fragment.Menu,com.dreampany.frame.ui.fragment.MenuInflater]",menu,6
/home/arch_design_predict/download-github-repos/mvvm/repos/todo-master/frame/src/main/java/com/dreampany/frame/ui/fragment/BaseMenuFragment.java,com.dreampany.frame.ui.fragment.BaseMenuFragment,"onCreateOptionsMenu/2[com.dreampany.frame.ui.fragment.Menu,com.dreampany.frame.ui.fragment.MenuInflater]",inflater,5
/home/arch_design_predict/download-github-repos/mvvm/repos/todo-master/app/src/main/java/com/dreampany/todo/data/enums/Filter.java,com.dreampany.todo.data.enums.Filter,valueOf/1[int],ALL,1
/home/arch_design_predict/download-github-repos/mvvm/repos/todo-master/app/src/main/java/com/dreampany/todo/data/enums/Filter.java,com.dreampany.todo.data.enums.Filter,valueOf/1[int],COMPLETED,1
/home/arch_design_predict/download-github-repos/mvvm/repos/todo-master/app/src/main/java/com/dreampany/todo/data/enums/Filter.java,com.dreampany.todo.data.enums.Filter,valueOf/1[int],ACTIVE,1
/home/arch_design_predict/download-github-repos/mvvm/repos/todo-master/app/src/main/java/com/dreampany/todo/vm/TasksViewModel.java,com.dreampany.todo.vm.TasksViewModel,clearCompletedTasksAndNotify/0,taskRepository,1
/home/arch_design_predict/download-github-repos/mvvm/repos/todo-master/app/src/main/java/com/dreampany/todo/vm/TasksViewModel.java,com.dreampany.todo.vm.TasksViewModel,saveState/0,filter,1
/home/arch_design_predict/download-github-repos/mvvm/repos/todo-master/app/src/main/java/com/dreampany/todo/vm/TasksViewModel.java,com.dreampany.todo.vm.TasksViewModel,saveState/0,KEY_FILTER,1
/home/arch_design_predict/download-github-repos/mvvm/repos/todo-master/app/src/main/java/com/dreampany/todo/vm/TasksViewModel.java,com.dreampany.todo.vm.TasksViewModel,"TasksViewModel/3[com.dreampany.todo.vm.Application,com.dreampany.frame.rx.RxFacade,com.dreampany.todo.data.source.TaskRepository]",filter,1
/home/arch_design_predict/download-github-repos/mvvm/repos/todo-master/app/src/main/java/com/dreampany/todo/vm/TasksViewModel.java,com.dreampany.todo.vm.TasksViewModel,"TasksViewModel/3[com.dreampany.todo.vm.Application,com.dreampany.frame.rx.RxFacade,com.dreampany.todo.data.source.TaskRepository]",liveNewTaskEvent,1
/home/arch_design_predict/download-github-repos/mvvm/repos/todo-master/app/src/main/java/com/dreampany/todo/vm/TasksViewModel.java,com.dreampany.todo.vm.TasksViewModel,"TasksViewModel/3[com.dreampany.todo.vm.Application,com.dreampany.frame.rx.RxFacade,com.dreampany.todo.data.source.TaskRepository]",liveResponse,1
/home/arch_design_predict/download-github-repos/mvvm/repos/todo-master/app/src/main/java/com/dreampany/todo/vm/TasksViewModel.java,com.dreampany.todo.vm.TasksViewModel,"TasksViewModel/3[com.dreampany.todo.vm.Application,com.dreampany.frame.rx.RxFacade,com.dreampany.todo.data.source.TaskRepository]",taskRepository,3
/home/arch_design_predict/download-github-repos/mvvm/repos/todo-master/app/src/main/java/com/dreampany/todo/vm/TasksViewModel.java,com.dreampany.todo.vm.TasksViewModel,getLiveResponse/0,liveResponse,1
/home/arch_design_predict/download-github-repos/mvvm/repos/todo-master/app/src/main/java/com/dreampany/todo/vm/TasksViewModel.java,com.dreampany.todo.vm.TasksViewModel,getLiveNewTaskEvent/0,liveNewTaskEvent,1
/home/arch_design_predict/download-github-repos/mvvm/repos/todo-master/app/src/main/java/com/dreampany/todo/vm/TasksViewModel.java,com.dreampany.todo.vm.TasksViewModel,setFilter/1[com.dreampany.todo.data.enums.Filter],filter,3
/home/arch_design_predict/download-github-repos/mvvm/repos/todo-master/app/src/main/java/com/dreampany/todo/vm/TasksViewModel.java,com.dreampany.todo.vm.TasksViewModel,getTaskItems/0,taskRepository,1
/home/arch_design_predict/download-github-repos/mvvm/repos/todo-master/app/src/main/java/com/dreampany/todo/vm/TasksViewModel.java,com.dreampany.todo.vm.TasksViewModel,loadTaskItems/0,liveResponse,1
/home/arch_design_predict/download-github-repos/mvvm/repos/todo-master/app/src/main/java/com/dreampany/todo/vm/TasksViewModel.java,com.dreampany.todo.vm.TasksViewModel,addNewTask/0,liveNewTaskEvent,1
/home/arch_design_predict/download-github-repos/mvvm/repos/todo-master/app/src/main/java/com/dreampany/todo/vm/TasksViewModel.java,com.dreampany.todo.vm.TasksViewModel,getFilterRes/1[com.dreampany.todo.data.enums.Filter],filter,2
/home/arch_design_predict/download-github-repos/mvvm/repos/todo-master/app/src/main/java/com/dreampany/todo/vm/TasksViewModel.java,com.dreampany.todo.vm.TasksViewModel,restoreState/1[com.dreampany.todo.vm.Bundle],filter,1
/home/arch_design_predict/download-github-repos/mvvm/repos/todo-master/app/src/main/java/com/dreampany/todo/vm/TasksViewModel.java,com.dreampany.todo.vm.TasksViewModel,restoreState/1[com.dreampany.todo.vm.Bundle],KEY_FILTER,2
/home/arch_design_predict/download-github-repos/mvvm/repos/todo-master/frame/src/main/java/com/dreampany/frame/data/model/Task.java,com.dreampany.frame.data.model.Task,setComment/1[java.lang.String],comment,3
/home/arch_design_predict/download-github-repos/mvvm/repos/todo-master/frame/src/main/java/com/dreampany/frame/data/model/Task.java,com.dreampany.frame.data.model.Task,getComment/0,comment,1
/home/arch_design_predict/download-github-repos/mvvm/repos/todo-master/frame/src/main/java/com/dreampany/frame/data/model/Task.java,com.dreampany.frame.data.model.Task,Task/1[com.dreampany.frame.data.model.Parcel],input,2
/home/arch_design_predict/download-github-repos/mvvm/repos/todo-master/frame/src/main/java/com/dreampany/frame/data/model/Task.java,com.dreampany.frame.data.model.Task,Task/1[com.dreampany.frame.data.model.Parcel],comment,1
/home/arch_design_predict/download-github-repos/mvvm/repos/todo-master/frame/src/main/java/com/dreampany/frame/data/model/Task.java,com.dreampany.frame.data.model.Task,Task/1[com.dreampany.frame.data.model.Parcel],id,1
/home/arch_design_predict/download-github-repos/mvvm/repos/todo-master/frame/src/main/java/com/dreampany/frame/data/model/Task.java,com.dreampany.frame.data.model.Task,equals/1[java.lang.Object],id,1
/home/arch_design_predict/download-github-repos/mvvm/repos/todo-master/frame/src/main/java/com/dreampany/frame/data/model/Task.java,com.dreampany.frame.data.model.Task,getId/0,id,1
/home/arch_design_predict/download-github-repos/mvvm/repos/todo-master/frame/src/main/java/com/dreampany/frame/data/model/Task.java,com.dreampany.frame.data.model.Task,getInput/0,input,1
/home/arch_design_predict/download-github-repos/mvvm/repos/todo-master/frame/src/main/java/com/dreampany/frame/data/model/Task.java,com.dreampany.frame.data.model.Task,hashCode/0,input,1
/home/arch_design_predict/download-github-repos/mvvm/repos/todo-master/frame/src/main/java/com/dreampany/frame/data/model/Task.java,com.dreampany.frame.data.model.Task,hashCode/0,id,1
/home/arch_design_predict/download-github-repos/mvvm/repos/todo-master/frame/src/main/java/com/dreampany/frame/data/model/Task.java,com.dreampany.frame.data.model.Task,setId/1[java.lang.String],id,3
/home/arch_design_predict/download-github-repos/mvvm/repos/todo-master/frame/src/main/java/com/dreampany/frame/data/model/Task.java,com.dreampany.frame.data.model.Task,setInput/1[T],input,3
/home/arch_design_predict/download-github-repos/mvvm/repos/todo-master/frame/src/main/java/com/dreampany/frame/data/model/Task.java,com.dreampany.frame.data.model.Task,"writeToParcel/2[com.dreampany.frame.data.model.Parcel,int]",input,3
/home/arch_design_predict/download-github-repos/mvvm/repos/todo-master/frame/src/main/java/com/dreampany/frame/data/model/Task.java,com.dreampany.frame.data.model.Task,"writeToParcel/2[com.dreampany.frame.data.model.Parcel,int]",comment,1
/home/arch_design_predict/download-github-repos/mvvm/repos/todo-master/frame/src/main/java/com/dreampany/frame/data/model/Task.java,com.dreampany.frame.data.model.Task,"writeToParcel/2[com.dreampany.frame.data.model.Parcel,int]",id,1
/home/arch_design_predict/download-github-repos/mvvm/repos/todo-master/frame/src/main/java/com/dreampany/frame/vm/BaseViewModel.java,com.dreampany.frame.vm.BaseViewModel,setT/1[T],t,3
/home/arch_design_predict/download-github-repos/mvvm/repos/todo-master/frame/src/main/java/com/dreampany/frame/vm/BaseViewModel.java,com.dreampany.frame.vm.BaseViewModel,addSubscription/1[com.dreampany.frame.vm.Disposable[]],disposables,3
/home/arch_design_predict/download-github-repos/mvvm/repos/todo-master/frame/src/main/java/com/dreampany/frame/vm/BaseViewModel.java,com.dreampany.frame.vm.BaseViewModel,loadTitle/0,liveTitle,1
/home/arch_design_predict/download-github-repos/mvvm/repos/todo-master/frame/src/main/java/com/dreampany/frame/vm/BaseViewModel.java,com.dreampany.frame.vm.BaseViewModel,loadTitle/0,facade,2
/home/arch_design_predict/download-github-repos/mvvm/repos/todo-master/frame/src/main/java/com/dreampany/frame/vm/BaseViewModel.java,com.dreampany.frame.vm.BaseViewModel,getLiveTitle/0,liveTitle,1
/home/arch_design_predict/download-github-repos/mvvm/repos/todo-master/frame/src/main/java/com/dreampany/frame/vm/BaseViewModel.java,com.dreampany.frame.vm.BaseViewModel,getLiveSubtitle/0,liveSubtitle,1
/home/arch_design_predict/download-github-repos/mvvm/repos/todo-master/frame/src/main/java/com/dreampany/frame/vm/BaseViewModel.java,com.dreampany.frame.vm.BaseViewModel,getT/0,t,1
/home/arch_design_predict/download-github-repos/mvvm/repos/todo-master/frame/src/main/java/com/dreampany/frame/vm/BaseViewModel.java,com.dreampany.frame.vm.BaseViewModel,onCleared/0,disposables,1
/home/arch_design_predict/download-github-repos/mvvm/repos/todo-master/frame/src/main/java/com/dreampany/frame/vm/BaseViewModel.java,com.dreampany.frame.vm.BaseViewModel,"BaseViewModel/2[com.dreampany.frame.vm.Application,com.dreampany.frame.rx.RxFacade]",liveSubtitle,1
/home/arch_design_predict/download-github-repos/mvvm/repos/todo-master/frame/src/main/java/com/dreampany/frame/vm/BaseViewModel.java,com.dreampany.frame.vm.BaseViewModel,"BaseViewModel/2[com.dreampany.frame.vm.Application,com.dreampany.frame.rx.RxFacade]",liveTitle,1
/home/arch_design_predict/download-github-repos/mvvm/repos/todo-master/frame/src/main/java/com/dreampany/frame/vm/BaseViewModel.java,com.dreampany.frame.vm.BaseViewModel,"BaseViewModel/2[com.dreampany.frame.vm.Application,com.dreampany.frame.rx.RxFacade]",facade,3
/home/arch_design_predict/download-github-repos/mvvm/repos/todo-master/frame/src/main/java/com/dreampany/frame/vm/BaseViewModel.java,com.dreampany.frame.vm.BaseViewModel,"BaseViewModel/2[com.dreampany.frame.vm.Application,com.dreampany.frame.rx.RxFacade]",disposables,1
/home/arch_design_predict/download-github-repos/mvvm/repos/todo-master/frame/src/main/java/com/dreampany/frame/util/AndroidUtil.java,com.dreampany.frame.util.AndroidUtil,getUiHandler/0,uiHandler,3
/home/arch_design_predict/download-github-repos/mvvm/repos/todo-master/frame/src/main/java/com/dreampany/frame/util/AndroidUtil.java,com.dreampany.frame.util.AndroidUtil,getColorPrimaryDark/1[com.dreampany.frame.util.Context],colorPrimaryDark,5
/home/arch_design_predict/download-github-repos/mvvm/repos/todo-master/frame/src/main/java/com/dreampany/frame/util/AndroidUtil.java,com.dreampany.frame.util.AndroidUtil,getColorAccent/1[com.dreampany.frame.util.Context],colorAccent,5
/home/arch_design_predict/download-github-repos/mvvm/repos/todo-master/frame/src/main/java/com/dreampany/frame/util/AndroidUtil.java,com.dreampany.frame.util.AndroidUtil,getColorPrimary/1[com.dreampany.frame.util.Context],colorPrimary,5
/home/arch_design_predict/download-github-repos/mvvm/repos/todo-master/app/src/main/java/com/dreampany/todo/data/source/local/LocalTaskDataSource.java,com.dreampany.todo.data.source.local.LocalTaskDataSource,saveTask/1[com.dreampany.todo.data.model.Task],taskDao,1
/home/arch_design_predict/download-github-repos/mvvm/repos/todo-master/app/src/main/java/com/dreampany/todo/data/source/local/LocalTaskDataSource.java,com.dreampany.todo.data.source.local.LocalTaskDataSource,saveTask/1[com.dreampany.todo.data.model.Task],TAG,1
/home/arch_design_predict/download-github-repos/mvvm/repos/todo-master/app/src/main/java/com/dreampany/todo/data/source/local/LocalTaskDataSource.java,com.dreampany.todo.data.source.local.LocalTaskDataSource,clearCompletedTasks/0,taskDao,1
/home/arch_design_predict/download-github-repos/mvvm/repos/todo-master/app/src/main/java/com/dreampany/todo/data/source/local/LocalTaskDataSource.java,com.dreampany.todo.data.source.local.LocalTaskDataSource,completeTask/1[java.lang.String],taskDao,1
/home/arch_design_predict/download-github-repos/mvvm/repos/todo-master/app/src/main/java/com/dreampany/todo/data/source/local/LocalTaskDataSource.java,com.dreampany.todo.data.source.local.LocalTaskDataSource,activateTask/1[java.lang.String],taskDao,1
/home/arch_design_predict/download-github-repos/mvvm/repos/todo-master/app/src/main/java/com/dreampany/todo/data/source/local/LocalTaskDataSource.java,com.dreampany.todo.data.source.local.LocalTaskDataSource,saveTasks/1[java.util.List<com.dreampany.todo.data.model.Task>],taskDao,1
/home/arch_design_predict/download-github-repos/mvvm/repos/todo-master/app/src/main/java/com/dreampany/todo/data/source/local/LocalTaskDataSource.java,com.dreampany.todo.data.source.local.LocalTaskDataSource,saveTasks/1[java.util.List<com.dreampany.todo.data.model.Task>],TAG,1
/home/arch_design_predict/download-github-repos/mvvm/repos/todo-master/app/src/main/java/com/dreampany/todo/data/source/local/LocalTaskDataSource.java,com.dreampany.todo.data.source.local.LocalTaskDataSource,getTasks/0,taskDao,1
/home/arch_design_predict/download-github-repos/mvvm/repos/todo-master/app/src/main/java/com/dreampany/todo/data/source/local/LocalTaskDataSource.java,com.dreampany.todo.data.source.local.LocalTaskDataSource,getTask/1[java.lang.String],taskDao,1
/home/arch_design_predict/download-github-repos/mvvm/repos/todo-master/app/src/main/java/com/dreampany/todo/data/source/local/LocalTaskDataSource.java,com.dreampany.todo.data.source.local.LocalTaskDataSource,LocalTaskDataSource/1[com.dreampany.todo.data.source.local.TaskDao],taskDao,3
/home/arch_design_predict/download-github-repos/mvvm/repos/todo-master/app/src/main/java/com/dreampany/todo/data/source/local/LocalTaskDataSource.java,com.dreampany.todo.data.source.local.LocalTaskDataSource,deleteTask/1[java.lang.String],taskDao,1
/home/arch_design_predict/download-github-repos/mvvm/repos/todo-master/app/src/main/java/com/dreampany/todo/data/source/local/LocalTaskDataSource.java,com.dreampany.todo.data.source.local.LocalTaskDataSource,deleteAllTasks/0,taskDao,1
/home/arch_design_predict/download-github-repos/mvvm/repos/todo-master/app/src/main/java/com/dreampany/todo/ui/fragment/EditTaskFragment.java,com.dreampany.todo.ui.fragment.EditTaskFragment,initView/0,factory,1
/home/arch_design_predict/download-github-repos/mvvm/repos/todo-master/app/src/main/java/com/dreampany/todo/ui/fragment/EditTaskFragment.java,com.dreampany.todo.ui.fragment.EditTaskFragment,initView/0,binding,3
/home/arch_design_predict/download-github-repos/mvvm/repos/todo-master/app/src/main/java/com/dreampany/todo/ui/fragment/EditTaskFragment.java,com.dreampany.todo.ui.fragment.EditTaskFragment,initView/0,viewModel,3
/home/arch_design_predict/download-github-repos/mvvm/repos/todo-master/app/src/main/java/com/dreampany/todo/ui/fragment/EditTaskFragment.java,com.dreampany.todo.ui.fragment.EditTaskFragment,saveTask/0,viewModel,1
/home/arch_design_predict/download-github-repos/mvvm/repos/todo-master/app/src/main/java/com/dreampany/todo/ui/fragment/EditTaskFragment.java,com.dreampany.todo.ui.fragment.EditTaskFragment,onStartUi/1[com.dreampany.todo.ui.fragment.Bundle],viewModel,3
/home/arch_design_predict/download-github-repos/mvvm/repos/todo-master/app/src/main/java/com/dreampany/todo/ui/activity/ToolsActivity.java,com.dreampany.todo.ui.activity.ToolsActivity,onStartUi/1[com.dreampany.todo.ui.activity.Bundle],taskFragmentProvider,1
/home/arch_design_predict/download-github-repos/mvvm/repos/todo-master/app/src/main/java/com/dreampany/todo/ui/activity/ToolsActivity.java,com.dreampany.todo.ui.activity.ToolsActivity,onStartUi/1[com.dreampany.todo.ui.activity.Bundle],editTaskFragmentProvider,1
/home/arch_design_predict/download-github-repos/mvvm/repos/todo-master/app/src/main/java/com/dreampany/todo/data/source/TaskRepository.java,com.dreampany.todo.data.source.TaskRepository,deleteAllTasks/0,remoteDataSource,1
/home/arch_design_predict/download-github-repos/mvvm/repos/todo-master/app/src/main/java/com/dreampany/todo/data/source/TaskRepository.java,com.dreampany.todo.data.source.TaskRepository,deleteAllTasks/0,localDataSource,1
/home/arch_design_predict/download-github-repos/mvvm/repos/todo-master/app/src/main/java/com/dreampany/todo/data/source/TaskRepository.java,com.dreampany.todo.data.source.TaskRepository,deleteTask/1[java.lang.String],remoteDataSource,1
/home/arch_design_predict/download-github-repos/mvvm/repos/todo-master/app/src/main/java/com/dreampany/todo/data/source/TaskRepository.java,com.dreampany.todo.data.source.TaskRepository,deleteTask/1[java.lang.String],localDataSource,1
/home/arch_design_predict/download-github-repos/mvvm/repos/todo-master/app/src/main/java/com/dreampany/todo/data/source/TaskRepository.java,com.dreampany.todo.data.source.TaskRepository,saveTask/1[com.dreampany.todo.data.model.Task],remoteDataSource,1
/home/arch_design_predict/download-github-repos/mvvm/repos/todo-master/app/src/main/java/com/dreampany/todo/data/source/TaskRepository.java,com.dreampany.todo.data.source.TaskRepository,saveTask/1[com.dreampany.todo.data.model.Task],localDataSource,1
/home/arch_design_predict/download-github-repos/mvvm/repos/todo-master/app/src/main/java/com/dreampany/todo/data/source/TaskRepository.java,com.dreampany.todo.data.source.TaskRepository,clearCompletedTasks/0,remoteDataSource,1
/home/arch_design_predict/download-github-repos/mvvm/repos/todo-master/app/src/main/java/com/dreampany/todo/data/source/TaskRepository.java,com.dreampany.todo.data.source.TaskRepository,clearCompletedTasks/0,localDataSource,1
/home/arch_design_predict/download-github-repos/mvvm/repos/todo-master/app/src/main/java/com/dreampany/todo/data/source/TaskRepository.java,com.dreampany.todo.data.source.TaskRepository,getTask/1[java.lang.String],localDataSource,1
/home/arch_design_predict/download-github-repos/mvvm/repos/todo-master/app/src/main/java/com/dreampany/todo/data/source/TaskRepository.java,com.dreampany.todo.data.source.TaskRepository,activateTask/1[java.lang.String],remoteDataSource,1
/home/arch_design_predict/download-github-repos/mvvm/repos/todo-master/app/src/main/java/com/dreampany/todo/data/source/TaskRepository.java,com.dreampany.todo.data.source.TaskRepository,activateTask/1[java.lang.String],localDataSource,1
/home/arch_design_predict/download-github-repos/mvvm/repos/todo-master/app/src/main/java/com/dreampany/todo/data/source/TaskRepository.java,com.dreampany.todo.data.source.TaskRepository,completeTask/1[java.lang.String],remoteDataSource,1
/home/arch_design_predict/download-github-repos/mvvm/repos/todo-master/app/src/main/java/com/dreampany/todo/data/source/TaskRepository.java,com.dreampany.todo.data.source.TaskRepository,completeTask/1[java.lang.String],localDataSource,1
/home/arch_design_predict/download-github-repos/mvvm/repos/todo-master/app/src/main/java/com/dreampany/todo/data/source/TaskRepository.java,com.dreampany.todo.data.source.TaskRepository,refreshTasks/0,remoteDataSource,1
/home/arch_design_predict/download-github-repos/mvvm/repos/todo-master/app/src/main/java/com/dreampany/todo/data/source/TaskRepository.java,com.dreampany.todo.data.source.TaskRepository,refreshTasks/0,localDataSource,1
/home/arch_design_predict/download-github-repos/mvvm/repos/todo-master/app/src/main/java/com/dreampany/todo/data/source/TaskRepository.java,com.dreampany.todo.data.source.TaskRepository,activateTask/1[com.dreampany.todo.data.model.Task],remoteDataSource,1
/home/arch_design_predict/download-github-repos/mvvm/repos/todo-master/app/src/main/java/com/dreampany/todo/data/source/TaskRepository.java,com.dreampany.todo.data.source.TaskRepository,activateTask/1[com.dreampany.todo.data.model.Task],localDataSource,1
/home/arch_design_predict/download-github-repos/mvvm/repos/todo-master/app/src/main/java/com/dreampany/todo/data/source/TaskRepository.java,com.dreampany.todo.data.source.TaskRepository,completeTask/1[com.dreampany.todo.data.model.Task],remoteDataSource,1
/home/arch_design_predict/download-github-repos/mvvm/repos/todo-master/app/src/main/java/com/dreampany/todo/data/source/TaskRepository.java,com.dreampany.todo.data.source.TaskRepository,completeTask/1[com.dreampany.todo.data.model.Task],localDataSource,1
/home/arch_design_predict/download-github-repos/mvvm/repos/todo-master/app/src/main/java/com/dreampany/todo/data/source/TaskRepository.java,com.dreampany.todo.data.source.TaskRepository,saveTasks/1[java.util.List<com.dreampany.todo.data.model.Task>],remoteDataSource,1
/home/arch_design_predict/download-github-repos/mvvm/repos/todo-master/app/src/main/java/com/dreampany/todo/data/source/TaskRepository.java,com.dreampany.todo.data.source.TaskRepository,saveTasks/1[java.util.List<com.dreampany.todo.data.model.Task>],localDataSource,1
/home/arch_design_predict/download-github-repos/mvvm/repos/todo-master/app/src/main/java/com/dreampany/todo/data/source/TaskRepository.java,com.dreampany.todo.data.source.TaskRepository,getTasks/0,localDataSource,1
/home/arch_design_predict/download-github-repos/mvvm/repos/todo-master/app/src/main/java/com/dreampany/todo/data/source/TaskRepository.java,com.dreampany.todo.data.source.TaskRepository,"TaskRepository/2[com.dreampany.todo.data.source.TaskDataSource,com.dreampany.todo.data.source.TaskDataSource]",remoteDataSource,3
/home/arch_design_predict/download-github-repos/mvvm/repos/todo-master/app/src/main/java/com/dreampany/todo/data/source/TaskRepository.java,com.dreampany.todo.data.source.TaskRepository,"TaskRepository/2[com.dreampany.todo.data.source.TaskDataSource,com.dreampany.todo.data.source.TaskDataSource]",localDataSource,3
/home/arch_design_predict/download-github-repos/mvvm/repos/todo-master/app/src/main/java/com/dreampany/todo/data/enums/MoreType.java,com.dreampany.todo.data.enums.MoreType,valueOf/1[int],SETTINGS,1
/home/arch_design_predict/download-github-repos/mvvm/repos/todo-master/frame/src/main/java/com/dreampany/frame/ui/model/BaseItem.java,com.dreampany.frame.ui.model.BaseItem,hashCode/0,item,1
/home/arch_design_predict/download-github-repos/mvvm/repos/todo-master/frame/src/main/java/com/dreampany/frame/ui/model/BaseItem.java,com.dreampany.frame.ui.model.BaseItem,getLayoutRes/0,layoutId,1
/home/arch_design_predict/download-github-repos/mvvm/repos/todo-master/frame/src/main/java/com/dreampany/frame/ui/model/BaseItem.java,com.dreampany.frame.ui.model.BaseItem,getItem/0,item,1
/home/arch_design_predict/download-github-repos/mvvm/repos/todo-master/frame/src/main/java/com/dreampany/frame/ui/model/BaseItem.java,com.dreampany.frame.ui.model.BaseItem,"BaseItem/2[T,int]",item,3
/home/arch_design_predict/download-github-repos/mvvm/repos/todo-master/frame/src/main/java/com/dreampany/frame/ui/model/BaseItem.java,com.dreampany.frame.ui.model.BaseItem,"BaseItem/2[T,int]",layoutId,3
/home/arch_design_predict/download-github-repos/mvvm/repos/todo-master/frame/src/main/java/com/dreampany/frame/data/enums/Kind.java,com.dreampany.frame.data.enums.Kind,valueOf/1[int],READ,1
/home/arch_design_predict/download-github-repos/mvvm/repos/todo-master/frame/src/main/java/com/dreampany/frame/data/enums/Kind.java,com.dreampany.frame.data.enums.Kind,valueOf/1[int],WRITE,1
/home/arch_design_predict/download-github-repos/mvvm/repos/todo-master/app/src/main/java/com/dreampany/todo/ui/enums/UiType.java,com.dreampany.todo.ui.enums.UiType,valueOf/1[int],MORE,1
/home/arch_design_predict/download-github-repos/mvvm/repos/todo-master/app/src/main/java/com/dreampany/todo/ui/enums/UiType.java,com.dreampany.todo.ui.enums.UiType,valueOf/1[int],TASK,1
/home/arch_design_predict/download-github-repos/mvvm/repos/todo-master/app/src/main/java/com/dreampany/todo/data/model/Task.java,com.dreampany.todo.data.model.Task,getDescription/0,description,1
/home/arch_design_predict/download-github-repos/mvvm/repos/todo-master/app/src/main/java/com/dreampany/todo/data/model/Task.java,com.dreampany.todo.data.model.Task,setDescription/1[java.lang.String],description,3
/home/arch_design_predict/download-github-repos/mvvm/repos/todo-master/app/src/main/java/com/dreampany/todo/data/model/Task.java,com.dreampany.todo.data.model.Task,equals/1[java.lang.Object],description,1
/home/arch_design_predict/download-github-repos/mvvm/repos/todo-master/app/src/main/java/com/dreampany/todo/data/model/Task.java,com.dreampany.todo.data.model.Task,equals/1[java.lang.Object],id,1
/home/arch_design_predict/download-github-repos/mvvm/repos/todo-master/app/src/main/java/com/dreampany/todo/data/model/Task.java,com.dreampany.todo.data.model.Task,equals/1[java.lang.Object],title,1
/home/arch_design_predict/download-github-repos/mvvm/repos/todo-master/app/src/main/java/com/dreampany/todo/data/model/Task.java,com.dreampany.todo.data.model.Task,Task/1[com.dreampany.todo.data.model.Parcel],description,1
/home/arch_design_predict/download-github-repos/mvvm/repos/todo-master/app/src/main/java/com/dreampany/todo/data/model/Task.java,com.dreampany.todo.data.model.Task,Task/1[com.dreampany.todo.data.model.Parcel],id,1
/home/arch_design_predict/download-github-repos/mvvm/repos/todo-master/app/src/main/java/com/dreampany/todo/data/model/Task.java,com.dreampany.todo.data.model.Task,Task/1[com.dreampany.todo.data.model.Parcel],completed,1
/home/arch_design_predict/download-github-repos/mvvm/repos/todo-master/app/src/main/java/com/dreampany/todo/data/model/Task.java,com.dreampany.todo.data.model.Task,Task/1[com.dreampany.todo.data.model.Parcel],title,1
/home/arch_design_predict/download-github-repos/mvvm/repos/todo-master/app/src/main/java/com/dreampany/todo/data/model/Task.java,com.dreampany.todo.data.model.Task,"writeToParcel/2[com.dreampany.todo.data.model.Parcel,int]",description,1
/home/arch_design_predict/download-github-repos/mvvm/repos/todo-master/app/src/main/java/com/dreampany/todo/data/model/Task.java,com.dreampany.todo.data.model.Task,"writeToParcel/2[com.dreampany.todo.data.model.Parcel,int]",id,1
/home/arch_design_predict/download-github-repos/mvvm/repos/todo-master/app/src/main/java/com/dreampany/todo/data/model/Task.java,com.dreampany.todo.data.model.Task,"writeToParcel/2[com.dreampany.todo.data.model.Parcel,int]",completed,1
/home/arch_design_predict/download-github-repos/mvvm/repos/todo-master/app/src/main/java/com/dreampany/todo/data/model/Task.java,com.dreampany.todo.data.model.Task,"writeToParcel/2[com.dreampany.todo.data.model.Parcel,int]",title,1
/home/arch_design_predict/download-github-repos/mvvm/repos/todo-master/app/src/main/java/com/dreampany/todo/data/model/Task.java,com.dreampany.todo.data.model.Task,hashCode/0,description,1
/home/arch_design_predict/download-github-repos/mvvm/repos/todo-master/app/src/main/java/com/dreampany/todo/data/model/Task.java,com.dreampany.todo.data.model.Task,hashCode/0,id,1
/home/arch_design_predict/download-github-repos/mvvm/repos/todo-master/app/src/main/java/com/dreampany/todo/data/model/Task.java,com.dreampany.todo.data.model.Task,hashCode/0,title,1
/home/arch_design_predict/download-github-repos/mvvm/repos/todo-master/app/src/main/java/com/dreampany/todo/data/model/Task.java,com.dreampany.todo.data.model.Task,isActive/0,completed,1
/home/arch_design_predict/download-github-repos/mvvm/repos/todo-master/app/src/main/java/com/dreampany/todo/data/model/Task.java,com.dreampany.todo.data.model.Task,getTitleForList/0,description,1
/home/arch_design_predict/download-github-repos/mvvm/repos/todo-master/app/src/main/java/com/dreampany/todo/data/model/Task.java,com.dreampany.todo.data.model.Task,getTitleForList/0,title,2
/home/arch_design_predict/download-github-repos/mvvm/repos/todo-master/app/src/main/java/com/dreampany/todo/data/model/Task.java,com.dreampany.todo.data.model.Task,toString/0,title,1
/home/arch_design_predict/download-github-repos/mvvm/repos/todo-master/app/src/main/java/com/dreampany/todo/data/model/Task.java,com.dreampany.todo.data.model.Task,"Task/2[java.lang.String,java.lang.String]",description,1
/home/arch_design_predict/download-github-repos/mvvm/repos/todo-master/app/src/main/java/com/dreampany/todo/data/model/Task.java,com.dreampany.todo.data.model.Task,"Task/2[java.lang.String,java.lang.String]",title,2
/home/arch_design_predict/download-github-repos/mvvm/repos/todo-master/app/src/main/java/com/dreampany/todo/data/model/Task.java,com.dreampany.todo.data.model.Task,getId/0,id,1
/home/arch_design_predict/download-github-repos/mvvm/repos/todo-master/app/src/main/java/com/dreampany/todo/data/model/Task.java,com.dreampany.todo.data.model.Task,setTitle/1[java.lang.String],title,3
/home/arch_design_predict/download-github-repos/mvvm/repos/todo-master/app/src/main/java/com/dreampany/todo/data/model/Task.java,com.dreampany.todo.data.model.Task,Task/1[java.lang.String],title,2
/home/arch_design_predict/download-github-repos/mvvm/repos/todo-master/app/src/main/java/com/dreampany/todo/data/model/Task.java,com.dreampany.todo.data.model.Task,isCompleted/0,completed,1
/home/arch_design_predict/download-github-repos/mvvm/repos/todo-master/app/src/main/java/com/dreampany/todo/data/model/Task.java,com.dreampany.todo.data.model.Task,getTitle/0,title,1
/home/arch_design_predict/download-github-repos/mvvm/repos/todo-master/app/src/main/java/com/dreampany/todo/data/model/Task.java,com.dreampany.todo.data.model.Task,"Task/3[java.lang.String,java.lang.String,java.lang.String]",description,3
/home/arch_design_predict/download-github-repos/mvvm/repos/todo-master/app/src/main/java/com/dreampany/todo/data/model/Task.java,com.dreampany.todo.data.model.Task,"Task/3[java.lang.String,java.lang.String,java.lang.String]",id,3
/home/arch_design_predict/download-github-repos/mvvm/repos/todo-master/app/src/main/java/com/dreampany/todo/data/model/Task.java,com.dreampany.todo.data.model.Task,"Task/3[java.lang.String,java.lang.String,java.lang.String]",title,3
/home/arch_design_predict/download-github-repos/mvvm/repos/todo-master/app/src/main/java/com/dreampany/todo/data/model/Task.java,com.dreampany.todo.data.model.Task,setCompleted/1[boolean],completed,3
/home/arch_design_predict/download-github-repos/mvvm/repos/todo-master/app/src/main/java/com/dreampany/todo/data/model/Task.java,com.dreampany.todo.data.model.Task,isEmpty/0,description,1
/home/arch_design_predict/download-github-repos/mvvm/repos/todo-master/app/src/main/java/com/dreampany/todo/data/model/Task.java,com.dreampany.todo.data.model.Task,isEmpty/0,title,1
/home/arch_design_predict/download-github-repos/mvvm/repos/todo-master/app/src/main/java/com/dreampany/todo/ui/fragment/MoreFragment.java,com.dreampany.todo.ui.fragment.MoreFragment,produceItems/0,adapter,1
/home/arch_design_predict/download-github-repos/mvvm/repos/todo-master/app/src/main/java/com/dreampany/todo/ui/fragment/MoreFragment.java,com.dreampany.todo.ui.fragment.MoreFragment,"onItemClick/2[com.dreampany.todo.ui.fragment.View,int]",adapter,1
/home/arch_design_predict/download-github-repos/mvvm/repos/todo-master/app/src/main/java/com/dreampany/todo/ui/fragment/MoreFragment.java,com.dreampany.todo.ui.fragment.MoreFragment,initRecycler/0,adapter,2
/home/arch_design_predict/download-github-repos/mvvm/repos/todo-master/app/src/main/java/com/dreampany/todo/ui/fragment/MoreFragment.java,com.dreampany.todo.ui.fragment.MoreFragment,initRecycler/0,binding,1
/home/arch_design_predict/download-github-repos/mvvm/repos/todo-master/app/src/main/java/com/dreampany/todo/ui/fragment/MoreFragment.java,com.dreampany.todo.ui.fragment.MoreFragment,onStartUi/1[com.dreampany.todo.ui.fragment.Bundle],binding,3
