file,class,method,variable,usage
/home/arch_design_predict/download-github-repos/mvvm/repos/MVVM-Android-ScenicSydney-master/app/src/main/java/photography/social/com/scenicsydney/ui/main/LocationsAdapterOnItemClickHandler.java,photography.social.com.scenicsydney.ui.main.LocationsAdapterOnItemClickHandler,onItemClick/1[photography.social.com.scenicsydney.data.database.LocationEntry],locationEntry,0
/home/arch_design_predict/download-github-repos/mvvm/repos/MVVM-Android-ScenicSydney-master/app/src/androidTest/java/photography/social/com/scenicsydney/data/database/LocationConvertorTest.java,photography.social.com.scenicsydney.data.database.LocationConvertorTest,testFromLocation/0,testLocation,5
/home/arch_design_predict/download-github-repos/mvvm/repos/MVVM-Android-ScenicSydney-master/app/src/androidTest/java/photography/social/com/scenicsydney/data/database/LocationConvertorTest.java,photography.social.com.scenicsydney.data.database.LocationConvertorTest,testToLocation/0,testLocation,1
/home/arch_design_predict/download-github-repos/mvvm/repos/MVVM-Android-ScenicSydney-master/app/src/androidTest/java/photography/social/com/scenicsydney/data/database/LocationConvertorTest.java,photography.social.com.scenicsydney.data.database.LocationConvertorTest,testToLocation/0,location,2
/home/arch_design_predict/download-github-repos/mvvm/repos/MVVM-Android-ScenicSydney-master/app/src/androidTest/java/photography/social/com/scenicsydney/data/database/LocationConvertorTest.java,photography.social.com.scenicsydney.data.database.LocationConvertorTest,testToLocation/0,value,1
/home/arch_design_predict/download-github-repos/mvvm/repos/MVVM-Android-ScenicSydney-master/app/src/main/java/photography/social/com/scenicsydney/ui/main/MainActivityViewModelFactory.java,photography.social.com.scenicsydney.ui.main.MainActivityViewModelFactory,create/1[java.lang.Class<T>],modelClass,0
/home/arch_design_predict/download-github-repos/mvvm/repos/MVVM-Android-ScenicSydney-master/app/src/main/java/photography/social/com/scenicsydney/ui/main/MainActivityViewModelFactory.java,photography.social.com.scenicsydney.ui.main.MainActivityViewModelFactory,MainActivityViewModelFactory/1[photography.social.com.scenicsydney.data.ScenicSydneyRepository],repository,1
/home/arch_design_predict/download-github-repos/mvvm/repos/MVVM-Android-ScenicSydney-master/app/src/main/java/photography/social/com/scenicsydney/data/database/LocationDatabase.java,photography.social.com.scenicsydney.data.database.LocationDatabase,getInstance/1[photography.social.com.scenicsydney.data.database.Context],context,1
/home/arch_design_predict/download-github-repos/mvvm/repos/MVVM-Android-ScenicSydney-master/app/src/main/java/photography/social/com/scenicsydney/AppExecutors.java,photography.social.com.scenicsydney.AppExecutors,"AppExecutors/3[java.util.concurrent.Executor,java.util.concurrent.Executor,java.util.concurrent.Executor]",diskIO,2
/home/arch_design_predict/download-github-repos/mvvm/repos/MVVM-Android-ScenicSydney-master/app/src/main/java/photography/social/com/scenicsydney/AppExecutors.java,photography.social.com.scenicsydney.AppExecutors,"AppExecutors/3[java.util.concurrent.Executor,java.util.concurrent.Executor,java.util.concurrent.Executor]",mainThread,2
/home/arch_design_predict/download-github-repos/mvvm/repos/MVVM-Android-ScenicSydney-master/app/src/main/java/photography/social/com/scenicsydney/AppExecutors.java,photography.social.com.scenicsydney.AppExecutors,"AppExecutors/3[java.util.concurrent.Executor,java.util.concurrent.Executor,java.util.concurrent.Executor]",networkIO,2
/home/arch_design_predict/download-github-repos/mvvm/repos/MVVM-Android-ScenicSydney-master/app/src/androidTest/java/photography/social/com/scenicsydney/data/network/LocationDataParserTest.java,photography.social.com.scenicsydney.data.network.LocationDataParserTest,testParseFromFile/0,locationDataParser,1
/home/arch_design_predict/download-github-repos/mvvm/repos/MVVM-Android-ScenicSydney-master/app/src/androidTest/java/photography/social/com/scenicsydney/data/network/LocationDataParserTest.java,photography.social.com.scenicsydney.data.network.LocationDataParserTest,testParseFromFile/0,parsedArray,2
/home/arch_design_predict/download-github-repos/mvvm/repos/MVVM-Android-ScenicSydney-master/app/src/main/java/photography/social/com/scenicsydney/data/ScenicSydneyRepository.java,photography.social.com.scenicsydney.data.ScenicSydneyRepository,getLocationEntry/1[photography.social.com.scenicsydney.data.Location],location,1
/home/arch_design_predict/download-github-repos/mvvm/repos/MVVM-Android-ScenicSydney-master/app/src/main/java/photography/social/com/scenicsydney/data/ScenicSydneyRepository.java,photography.social.com.scenicsydney.data.ScenicSydneyRepository,"getInstance/3[photography.social.com.scenicsydney.data.database.LocationDao,photography.social.com.scenicsydney.data.network.LocationDataParser,photography.social.com.scenicsydney.AppExecutors]",locationDataParser,1
/home/arch_design_predict/download-github-repos/mvvm/repos/MVVM-Android-ScenicSydney-master/app/src/main/java/photography/social/com/scenicsydney/data/ScenicSydneyRepository.java,photography.social.com.scenicsydney.data.ScenicSydneyRepository,"getInstance/3[photography.social.com.scenicsydney.data.database.LocationDao,photography.social.com.scenicsydney.data.network.LocationDataParser,photography.social.com.scenicsydney.AppExecutors]",locationDao,1
/home/arch_design_predict/download-github-repos/mvvm/repos/MVVM-Android-ScenicSydney-master/app/src/main/java/photography/social/com/scenicsydney/data/ScenicSydneyRepository.java,photography.social.com.scenicsydney.data.ScenicSydneyRepository,"getInstance/3[photography.social.com.scenicsydney.data.database.LocationDao,photography.social.com.scenicsydney.data.network.LocationDataParser,photography.social.com.scenicsydney.AppExecutors]",executors,1
/home/arch_design_predict/download-github-repos/mvvm/repos/MVVM-Android-ScenicSydney-master/app/src/main/java/photography/social/com/scenicsydney/data/ScenicSydneyRepository.java,photography.social.com.scenicsydney.data.ScenicSydneyRepository,"ScenicSydneyRepository/3[photography.social.com.scenicsydney.data.database.LocationDao,photography.social.com.scenicsydney.data.network.LocationDataParser,photography.social.com.scenicsydney.AppExecutors]",locationDataParser,1
/home/arch_design_predict/download-github-repos/mvvm/repos/MVVM-Android-ScenicSydney-master/app/src/main/java/photography/social/com/scenicsydney/data/ScenicSydneyRepository.java,photography.social.com.scenicsydney.data.ScenicSydneyRepository,"ScenicSydneyRepository/3[photography.social.com.scenicsydney.data.database.LocationDao,photography.social.com.scenicsydney.data.network.LocationDataParser,photography.social.com.scenicsydney.AppExecutors]",locationDao,1
/home/arch_design_predict/download-github-repos/mvvm/repos/MVVM-Android-ScenicSydney-master/app/src/main/java/photography/social/com/scenicsydney/data/ScenicSydneyRepository.java,photography.social.com.scenicsydney.data.ScenicSydneyRepository,"ScenicSydneyRepository/3[photography.social.com.scenicsydney.data.database.LocationDao,photography.social.com.scenicsydney.data.network.LocationDataParser,photography.social.com.scenicsydney.AppExecutors]",executors,1
/home/arch_design_predict/download-github-repos/mvvm/repos/MVVM-Android-ScenicSydney-master/app/src/main/java/photography/social/com/scenicsydney/data/ScenicSydneyRepository.java,photography.social.com.scenicsydney.data.ScenicSydneyRepository,insertOrUpdateData/1[photography.social.com.scenicsydney.data.database.LocationEntry],locationEntry,1
/home/arch_design_predict/download-github-repos/mvvm/repos/MVVM-Android-ScenicSydney-master/app/src/main/java/photography/social/com/scenicsydney/ui/detail/DetailActivityViewModelFactory.java,photography.social.com.scenicsydney.ui.detail.DetailActivityViewModelFactory,create/1[java.lang.Class<T>],modelClass,0
/home/arch_design_predict/download-github-repos/mvvm/repos/MVVM-Android-ScenicSydney-master/app/src/main/java/photography/social/com/scenicsydney/ui/detail/DetailActivityViewModelFactory.java,photography.social.com.scenicsydney.ui.detail.DetailActivityViewModelFactory,DetailActivityViewModelFactory/1[photography.social.com.scenicsydney.data.ScenicSydneyRepository],repository,1
/home/arch_design_predict/download-github-repos/mvvm/repos/MVVM-Android-ScenicSydney-master/app/src/main/java/photography/social/com/scenicsydney/AppExecutors.java,photography.social.com.scenicsydney.AppExecutors$MainThreadExecutor,execute/1[java.lang.Runnable],command,1
/home/arch_design_predict/download-github-repos/mvvm/repos/MVVM-Android-ScenicSydney-master/app/src/main/java/photography/social/com/scenicsydney/ui/detail/DetailActivity.java,photography.social.com.scenicsydney.ui.detail.DetailActivity,getViewModel/0,factory,1
/home/arch_design_predict/download-github-repos/mvvm/repos/MVVM-Android-ScenicSydney-master/app/src/main/java/photography/social/com/scenicsydney/ui/detail/DetailActivity.java,photography.social.com.scenicsydney.ui.detail.DetailActivity,onCreate/1[photography.social.com.scenicsydney.ui.detail.Bundle],savedInstanceState,1
/home/arch_design_predict/download-github-repos/mvvm/repos/MVVM-Android-ScenicSydney-master/app/src/main/java/photography/social/com/scenicsydney/ui/detail/DetailActivity.java,photography.social.com.scenicsydney.ui.detail.DetailActivity,insertOrUpdateData/0,locationEntry,1
/home/arch_design_predict/download-github-repos/mvvm/repos/MVVM-Android-ScenicSydney-master/app/src/main/java/photography/social/com/scenicsydney/ui/detail/DetailActivity.java,photography.social.com.scenicsydney.ui.detail.DetailActivity,insertOrUpdateData/0,location,3
/home/arch_design_predict/download-github-repos/mvvm/repos/MVVM-Android-ScenicSydney-master/app/src/main/java/photography/social/com/scenicsydney/ui/detail/DetailActivity.java,photography.social.com.scenicsydney.ui.detail.DetailActivity,populateData/0,locationEntry,4
/home/arch_design_predict/download-github-repos/mvvm/repos/MVVM-Android-ScenicSydney-master/app/src/main/java/photography/social/com/scenicsydney/ui/detail/DetailActivity.java,photography.social.com.scenicsydney.ui.detail.DetailActivity,populateData/0,location,3
/home/arch_design_predict/download-github-repos/mvvm/repos/MVVM-Android-ScenicSydney-master/app/src/main/java/photography/social/com/scenicsydney/ui/detail/DetailActivity.java,photography.social.com.scenicsydney.ui.detail.DetailActivity,populateData/0,coordinatesVal,1
/home/arch_design_predict/download-github-repos/mvvm/repos/MVVM-Android-ScenicSydney-master/app/src/main/java/photography/social/com/scenicsydney/ui/detail/DetailActivity.java,photography.social.com.scenicsydney.ui.detail.DetailActivity,finishActivityWithResult/1[int],result,1
/home/arch_design_predict/download-github-repos/mvvm/repos/MVVM-Android-ScenicSydney-master/app/src/main/java/photography/social/com/scenicsydney/ui/detail/DetailActivity.java,photography.social.com.scenicsydney.ui.detail.DetailActivity,finishActivityWithResult/1[int],returnIntent,1
/home/arch_design_predict/download-github-repos/mvvm/repos/MVVM-Android-ScenicSydney-master/app/src/main/java/photography/social/com/scenicsydney/ui/detail/DetailActivity.java,photography.social.com.scenicsydney.ui.detail.DetailActivity,onOptionsItemSelected/1[photography.social.com.scenicsydney.ui.detail.MenuItem],item,2
/home/arch_design_predict/download-github-repos/mvvm/repos/MVVM-Android-ScenicSydney-master/app/src/main/java/photography/social/com/scenicsydney/ui/detail/DetailActivity.java,photography.social.com.scenicsydney.ui.detail.DetailActivity,onClick/1[photography.social.com.scenicsydney.ui.detail.View],view,1
/home/arch_design_predict/download-github-repos/mvvm/repos/MVVM-Android-ScenicSydney-master/app/src/androidTest/java/photography/social/com/scenicsydney/utils/InjectorUtilsTest.java,photography.social.com.scenicsydney.utils.InjectorUtilsTest,useAppContext/0,appContext,1
/home/arch_design_predict/download-github-repos/mvvm/repos/MVVM-Android-ScenicSydney-master/app/src/androidTest/java/photography/social/com/scenicsydney/utils/InjectorUtilsTest.java,photography.social.com.scenicsydney.utils.InjectorUtilsTest,testProvideRepository/0,scenicSydneyRepository,2
/home/arch_design_predict/download-github-repos/mvvm/repos/MVVM-Android-ScenicSydney-master/app/src/androidTest/java/photography/social/com/scenicsydney/utils/InjectorUtilsTest.java,photography.social.com.scenicsydney.utils.InjectorUtilsTest,testProvideDetailActivityViewModelFactory/0,instance,1
/home/arch_design_predict/download-github-repos/mvvm/repos/MVVM-Android-ScenicSydney-master/app/src/androidTest/java/photography/social/com/scenicsydney/utils/InjectorUtilsTest.java,photography.social.com.scenicsydney.utils.InjectorUtilsTest,testProvideMainActivityViewModelFactory/0,instance,1
/home/arch_design_predict/download-github-repos/mvvm/repos/MVVM-Android-ScenicSydney-master/app/src/test/java/photography/social/com/scenicsydney/data/database/LocationConvertorTest.java,LocationConvertorTest,testFromLocation/0,testLocation,1
/home/arch_design_predict/download-github-repos/mvvm/repos/MVVM-Android-ScenicSydney-master/app/src/test/java/photography/social/com/scenicsydney/data/database/LocationConvertorTest.java,LocationConvertorTest,testToLocation/0,testLocation,1
/home/arch_design_predict/download-github-repos/mvvm/repos/MVVM-Android-ScenicSydney-master/app/src/main/java/photography/social/com/scenicsydney/ui/main/LocationsAdapter.java,photography.social.com.scenicsydney.ui.main.LocationsAdapter$LocationAdapterViewHolder,onClick/1[photography.social.com.scenicsydney.ui.main.View],v,0
/home/arch_design_predict/download-github-repos/mvvm/repos/MVVM-Android-ScenicSydney-master/app/src/main/java/photography/social/com/scenicsydney/ui/main/LocationsAdapter.java,photography.social.com.scenicsydney.ui.main.LocationsAdapter$LocationAdapterViewHolder,LocationAdapterViewHolder/1[photography.social.com.scenicsydney.ui.main.View],view,5
/home/arch_design_predict/download-github-repos/mvvm/repos/MVVM-Android-ScenicSydney-master/app/src/main/java/photography/social/com/scenicsydney/ui/main/LocationsAdapter.java,photography.social.com.scenicsydney.ui.main.LocationsAdapter,"onBindViewHolder/2[photography.social.com.scenicsydney.ui.main.LocationsAdapter.LocationAdapterViewHolder,int]",locationEntry,4
/home/arch_design_predict/download-github-repos/mvvm/repos/MVVM-Android-ScenicSydney-master/app/src/main/java/photography/social/com/scenicsydney/ui/main/LocationsAdapter.java,photography.social.com.scenicsydney.ui.main.LocationsAdapter,"onBindViewHolder/2[photography.social.com.scenicsydney.ui.main.LocationsAdapter.LocationAdapterViewHolder,int]",distanceInMeters,3
/home/arch_design_predict/download-github-repos/mvvm/repos/MVVM-Android-ScenicSydney-master/app/src/main/java/photography/social/com/scenicsydney/ui/main/LocationsAdapter.java,photography.social.com.scenicsydney.ui.main.LocationsAdapter,"onBindViewHolder/2[photography.social.com.scenicsydney.ui.main.LocationsAdapter.LocationAdapterViewHolder,int]",distanceString,3
/home/arch_design_predict/download-github-repos/mvvm/repos/MVVM-Android-ScenicSydney-master/app/src/main/java/photography/social/com/scenicsydney/ui/main/LocationsAdapter.java,photography.social.com.scenicsydney.ui.main.LocationsAdapter,"onBindViewHolder/2[photography.social.com.scenicsydney.ui.main.LocationsAdapter.LocationAdapterViewHolder,int]",locationAdapterViewHolder,6
/home/arch_design_predict/download-github-repos/mvvm/repos/MVVM-Android-ScenicSydney-master/app/src/main/java/photography/social/com/scenicsydney/ui/main/LocationsAdapter.java,photography.social.com.scenicsydney.ui.main.LocationsAdapter,"onBindViewHolder/2[photography.social.com.scenicsydney.ui.main.LocationsAdapter.LocationAdapterViewHolder,int]",position,1
/home/arch_design_predict/download-github-repos/mvvm/repos/MVVM-Android-ScenicSydney-master/app/src/main/java/photography/social/com/scenicsydney/ui/main/LocationsAdapter.java,photography.social.com.scenicsydney.ui.main.LocationsAdapter,"LocationsAdapter/2[photography.social.com.scenicsydney.ui.main.Context,photography.social.com.scenicsydney.ui.main.LocationsAdapterOnItemClickHandler]",clickHandler,1
/home/arch_design_predict/download-github-repos/mvvm/repos/MVVM-Android-ScenicSydney-master/app/src/main/java/photography/social/com/scenicsydney/ui/main/LocationsAdapter.java,photography.social.com.scenicsydney.ui.main.LocationsAdapter,"LocationsAdapter/2[photography.social.com.scenicsydney.ui.main.Context,photography.social.com.scenicsydney.ui.main.LocationsAdapterOnItemClickHandler]",context,1
/home/arch_design_predict/download-github-repos/mvvm/repos/MVVM-Android-ScenicSydney-master/app/src/main/java/photography/social/com/scenicsydney/ui/main/LocationsAdapter.java,photography.social.com.scenicsydney.ui.main.LocationsAdapter,"onCreateViewHolder/2[photography.social.com.scenicsydney.ui.main.ViewGroup,int]",viewGroup,1
/home/arch_design_predict/download-github-repos/mvvm/repos/MVVM-Android-ScenicSydney-master/app/src/main/java/photography/social/com/scenicsydney/ui/main/LocationsAdapter.java,photography.social.com.scenicsydney.ui.main.LocationsAdapter,"onCreateViewHolder/2[photography.social.com.scenicsydney.ui.main.ViewGroup,int]",view,2
/home/arch_design_predict/download-github-repos/mvvm/repos/MVVM-Android-ScenicSydney-master/app/src/main/java/photography/social/com/scenicsydney/ui/main/LocationsAdapter.java,photography.social.com.scenicsydney.ui.main.LocationsAdapter,"onCreateViewHolder/2[photography.social.com.scenicsydney.ui.main.ViewGroup,int]",viewType,0
/home/arch_design_predict/download-github-repos/mvvm/repos/MVVM-Android-ScenicSydney-master/app/src/main/java/photography/social/com/scenicsydney/ui/main/LocationsAdapter.java,photography.social.com.scenicsydney.ui.main.LocationsAdapter,reloadLocations/1[java.util.List<photography.social.com.scenicsydney.data.database.LocationEntry>],locations,1
/home/arch_design_predict/download-github-repos/mvvm/repos/MVVM-Android-ScenicSydney-master/app/src/main/java/photography/social/com/scenicsydney/ui/main/MainActivityViewModel.java,photography.social.com.scenicsydney.ui.main.MainActivityViewModel,MainActivityViewModel/1[photography.social.com.scenicsydney.data.ScenicSydneyRepository],scenicSydneyRepository,1
/home/arch_design_predict/download-github-repos/mvvm/repos/MVVM-Android-ScenicSydney-master/app/src/main/java/photography/social/com/scenicsydney/data/database/LocationConvertor.java,photography.social.com.scenicsydney.data.database.LocationConvertor,toLocation/1[java.lang.String],pieces,2
/home/arch_design_predict/download-github-repos/mvvm/repos/MVVM-Android-ScenicSydney-master/app/src/main/java/photography/social/com/scenicsydney/data/database/LocationConvertor.java,photography.social.com.scenicsydney.data.database.LocationConvertor,toLocation/1[java.lang.String],result,3
/home/arch_design_predict/download-github-repos/mvvm/repos/MVVM-Android-ScenicSydney-master/app/src/main/java/photography/social/com/scenicsydney/data/database/LocationConvertor.java,photography.social.com.scenicsydney.data.database.LocationConvertor,toLocation/1[java.lang.String],latlon,2
/home/arch_design_predict/download-github-repos/mvvm/repos/MVVM-Android-ScenicSydney-master/app/src/main/java/photography/social/com/scenicsydney/data/database/LocationConvertor.java,photography.social.com.scenicsydney.data.database.LocationConvertor,fromLocation/1[photography.social.com.scenicsydney.data.database.Location],location,3
/home/arch_design_predict/download-github-repos/mvvm/repos/MVVM-Android-ScenicSydney-master/app/src/main/java/photography/social/com/scenicsydney/utils/InjectorUtils.java,photography.social.com.scenicsydney.utils.InjectorUtils,provideDetailActivityViewModelFactory/1[photography.social.com.scenicsydney.utils.Context],context,1
/home/arch_design_predict/download-github-repos/mvvm/repos/MVVM-Android-ScenicSydney-master/app/src/main/java/photography/social/com/scenicsydney/utils/InjectorUtils.java,photography.social.com.scenicsydney.utils.InjectorUtils,provideDetailActivityViewModelFactory/1[photography.social.com.scenicsydney.utils.Context],repository,1
/home/arch_design_predict/download-github-repos/mvvm/repos/MVVM-Android-ScenicSydney-master/app/src/main/java/photography/social/com/scenicsydney/utils/InjectorUtils.java,photography.social.com.scenicsydney.utils.InjectorUtils,provideMainActivityViewModelFactory/1[photography.social.com.scenicsydney.utils.Context],context,1
/home/arch_design_predict/download-github-repos/mvvm/repos/MVVM-Android-ScenicSydney-master/app/src/main/java/photography/social/com/scenicsydney/utils/InjectorUtils.java,photography.social.com.scenicsydney.utils.InjectorUtils,provideMainActivityViewModelFactory/1[photography.social.com.scenicsydney.utils.Context],repository,1
/home/arch_design_predict/download-github-repos/mvvm/repos/MVVM-Android-ScenicSydney-master/app/src/main/java/photography/social/com/scenicsydney/utils/InjectorUtils.java,photography.social.com.scenicsydney.utils.InjectorUtils,provideRepository/1[photography.social.com.scenicsydney.utils.Context],database,1
/home/arch_design_predict/download-github-repos/mvvm/repos/MVVM-Android-ScenicSydney-master/app/src/main/java/photography/social/com/scenicsydney/utils/InjectorUtils.java,photography.social.com.scenicsydney.utils.InjectorUtils,provideRepository/1[photography.social.com.scenicsydney.utils.Context],locationDataParser,1
/home/arch_design_predict/download-github-repos/mvvm/repos/MVVM-Android-ScenicSydney-master/app/src/main/java/photography/social/com/scenicsydney/utils/InjectorUtils.java,photography.social.com.scenicsydney.utils.InjectorUtils,provideRepository/1[photography.social.com.scenicsydney.utils.Context],context,2
/home/arch_design_predict/download-github-repos/mvvm/repos/MVVM-Android-ScenicSydney-master/app/src/main/java/photography/social/com/scenicsydney/utils/InjectorUtils.java,photography.social.com.scenicsydney.utils.InjectorUtils,provideRepository/1[photography.social.com.scenicsydney.utils.Context],executors,1
/home/arch_design_predict/download-github-repos/mvvm/repos/MVVM-Android-ScenicSydney-master/app/src/main/java/photography/social/com/scenicsydney/data/database/LocationEntry.java,photography.social.com.scenicsydney.data.database.LocationEntry,setDistance/1[float],distance,2
/home/arch_design_predict/download-github-repos/mvvm/repos/MVVM-Android-ScenicSydney-master/app/src/main/java/photography/social/com/scenicsydney/data/database/LocationEntry.java,photography.social.com.scenicsydney.data.database.LocationEntry,"LocationEntry/3[java.lang.String,photography.social.com.scenicsydney.data.database.Location,java.lang.String]",notes,2
/home/arch_design_predict/download-github-repos/mvvm/repos/MVVM-Android-ScenicSydney-master/app/src/main/java/photography/social/com/scenicsydney/data/database/LocationEntry.java,photography.social.com.scenicsydney.data.database.LocationEntry,"LocationEntry/3[java.lang.String,photography.social.com.scenicsydney.data.database.Location,java.lang.String]",name,2
/home/arch_design_predict/download-github-repos/mvvm/repos/MVVM-Android-ScenicSydney-master/app/src/main/java/photography/social/com/scenicsydney/data/database/LocationEntry.java,photography.social.com.scenicsydney.data.database.LocationEntry,"LocationEntry/3[java.lang.String,photography.social.com.scenicsydney.data.database.Location,java.lang.String]",location,2
/home/arch_design_predict/download-github-repos/mvvm/repos/MVVM-Android-ScenicSydney-master/app/src/main/java/photography/social/com/scenicsydney/data/database/LocationDao.java,photography.social.com.scenicsydney.data.database.LocationDao,bulkInsert/1[photography.social.com.scenicsydney.data.database.LocationEntry[]],locationEntries,0
/home/arch_design_predict/download-github-repos/mvvm/repos/MVVM-Android-ScenicSydney-master/app/src/main/java/photography/social/com/scenicsydney/data/database/LocationDao.java,photography.social.com.scenicsydney.data.database.LocationDao,getLocationEntry/1[photography.social.com.scenicsydney.data.database.Location],location,0
/home/arch_design_predict/download-github-repos/mvvm/repos/MVVM-Android-ScenicSydney-master/app/src/androidTest/java/photography/social/com/scenicsydney/data/ScenicSydneyRepositoryTest.java,photography.social.com.scenicsydney.data.ScenicSydneyRepositoryTest,testScenicSydneyRepository/0,found,2
/home/arch_design_predict/download-github-repos/mvvm/repos/MVVM-Android-ScenicSydney-master/app/src/androidTest/java/photography/social/com/scenicsydney/data/ScenicSydneyRepositoryTest.java,photography.social.com.scenicsydney.data.ScenicSydneyRepositoryTest,testScenicSydneyRepository/0,locationEntry,4
/home/arch_design_predict/download-github-repos/mvvm/repos/MVVM-Android-ScenicSydney-master/app/src/androidTest/java/photography/social/com/scenicsydney/data/ScenicSydneyRepositoryTest.java,photography.social.com.scenicsydney.data.ScenicSydneyRepositoryTest,testScenicSydneyRepository/0,locationEntries,1
/home/arch_design_predict/download-github-repos/mvvm/repos/MVVM-Android-ScenicSydney-master/app/src/androidTest/java/photography/social/com/scenicsydney/data/ScenicSydneyRepositoryTest.java,photography.social.com.scenicsydney.data.ScenicSydneyRepositoryTest,testScenicSydneyRepository/0,location,5
/home/arch_design_predict/download-github-repos/mvvm/repos/MVVM-Android-ScenicSydney-master/app/src/androidTest/java/photography/social/com/scenicsydney/data/ScenicSydneyRepositoryTest.java,photography.social.com.scenicsydney.data.ScenicSydneyRepositoryTest,testScenicSydneyRepository/0,repository,2
/home/arch_design_predict/download-github-repos/mvvm/repos/MVVM-Android-ScenicSydney-master/app/src/androidTest/java/photography/social/com/scenicsydney/data/ScenicSydneyRepositoryTest.java,photography.social.com.scenicsydney.data.ScenicSydneyRepositoryTest,sleepInSeconds/1[int],seconds,1
/home/arch_design_predict/download-github-repos/mvvm/repos/MVVM-Android-ScenicSydney-master/app/src/androidTest/java/photography/social/com/scenicsydney/data/ScenicSydneyRepositoryTest.java,photography.social.com.scenicsydney.data.ScenicSydneyRepositoryTest,sleepInSeconds/1[int],e,1
/home/arch_design_predict/download-github-repos/mvvm/repos/MVVM-Android-ScenicSydney-master/app/src/main/java/photography/social/com/scenicsydney/ui/main/MainActivity.java,photography.social.com.scenicsydney.ui.main.MainActivity$Anonymous1,"compare/2[LocationEntry,LocationEntry]",locationEntry2,2
/home/arch_design_predict/download-github-repos/mvvm/repos/MVVM-Android-ScenicSydney-master/app/src/main/java/photography/social/com/scenicsydney/ui/main/MainActivity.java,photography.social.com.scenicsydney.ui.main.MainActivity$Anonymous1,"compare/2[LocationEntry,LocationEntry]",distance2,3
/home/arch_design_predict/download-github-repos/mvvm/repos/MVVM-Android-ScenicSydney-master/app/src/main/java/photography/social/com/scenicsydney/ui/main/MainActivity.java,photography.social.com.scenicsydney.ui.main.MainActivity$Anonymous1,"compare/2[LocationEntry,LocationEntry]",locationEntry1,2
/home/arch_design_predict/download-github-repos/mvvm/repos/MVVM-Android-ScenicSydney-master/app/src/main/java/photography/social/com/scenicsydney/ui/main/MainActivity.java,photography.social.com.scenicsydney.ui.main.MainActivity$Anonymous1,"compare/2[LocationEntry,LocationEntry]",distance1,3
/home/arch_design_predict/download-github-repos/mvvm/repos/MVVM-Android-ScenicSydney-master/app/src/main/java/photography/social/com/scenicsydney/data/network/LocationDataParser.java,photography.social.com.scenicsydney.data.network.LocationDataParser,LocationDataParser/1[photography.social.com.scenicsydney.data.network.Context],context,1
/home/arch_design_predict/download-github-repos/mvvm/repos/MVVM-Android-ScenicSydney-master/app/src/main/java/photography/social/com/scenicsydney/data/network/LocationDataParser.java,photography.social.com.scenicsydney.data.network.LocationDataParser,parseFromFile/0,e,1
/home/arch_design_predict/download-github-repos/mvvm/repos/MVVM-Android-ScenicSydney-master/app/src/main/java/photography/social/com/scenicsydney/data/network/LocationDataParser.java,photography.social.com.scenicsydney.data.network.LocationDataParser,getInstance/1[photography.social.com.scenicsydney.data.network.Context],context,1
/home/arch_design_predict/download-github-repos/mvvm/repos/MVVM-Android-ScenicSydney-master/app/src/main/java/photography/social/com/scenicsydney/data/network/LocationDataParser.java,photography.social.com.scenicsydney.data.network.LocationDataParser,fromJson/1[photography.social.com.scenicsydney.data.network.JSONObject],jsonLocationArray,3
/home/arch_design_predict/download-github-repos/mvvm/repos/MVVM-Android-ScenicSydney-master/app/src/main/java/photography/social/com/scenicsydney/data/network/LocationDataParser.java,photography.social.com.scenicsydney.data.network.LocationDataParser,fromJson/1[photography.social.com.scenicsydney.data.network.JSONObject],jsonLocationObject,3
/home/arch_design_predict/download-github-repos/mvvm/repos/MVVM-Android-ScenicSydney-master/app/src/main/java/photography/social/com/scenicsydney/data/network/LocationDataParser.java,photography.social.com.scenicsydney.data.network.LocationDataParser,fromJson/1[photography.social.com.scenicsydney.data.network.JSONObject],locationEntries,2
/home/arch_design_predict/download-github-repos/mvvm/repos/MVVM-Android-ScenicSydney-master/app/src/main/java/photography/social/com/scenicsydney/data/network/LocationDataParser.java,photography.social.com.scenicsydney.data.network.LocationDataParser,fromJson/1[photography.social.com.scenicsydney.data.network.JSONObject],i,4
/home/arch_design_predict/download-github-repos/mvvm/repos/MVVM-Android-ScenicSydney-master/app/src/main/java/photography/social/com/scenicsydney/data/network/LocationDataParser.java,photography.social.com.scenicsydney.data.network.LocationDataParser,fromJson/1[photography.social.com.scenicsydney.data.network.JSONObject],location,3
/home/arch_design_predict/download-github-repos/mvvm/repos/MVVM-Android-ScenicSydney-master/app/src/main/java/photography/social/com/scenicsydney/data/network/LocationDataParser.java,photography.social.com.scenicsydney.data.network.LocationDataParser,fromJson/1[photography.social.com.scenicsydney.data.network.JSONObject],jsonObject,1
/home/arch_design_predict/download-github-repos/mvvm/repos/MVVM-Android-ScenicSydney-master/app/src/main/java/photography/social/com/scenicsydney/data/network/LocationDataParser.java,photography.social.com.scenicsydney.data.network.LocationDataParser,loadJSONFromAsset/1[photography.social.com.scenicsydney.data.network.Context],ex,1
/home/arch_design_predict/download-github-repos/mvvm/repos/MVVM-Android-ScenicSydney-master/app/src/main/java/photography/social/com/scenicsydney/data/network/LocationDataParser.java,photography.social.com.scenicsydney.data.network.LocationDataParser,loadJSONFromAsset/1[photography.social.com.scenicsydney.data.network.Context],size,1
/home/arch_design_predict/download-github-repos/mvvm/repos/MVVM-Android-ScenicSydney-master/app/src/main/java/photography/social/com/scenicsydney/data/network/LocationDataParser.java,photography.social.com.scenicsydney.data.network.LocationDataParser,loadJSONFromAsset/1[photography.social.com.scenicsydney.data.network.Context],context,1
/home/arch_design_predict/download-github-repos/mvvm/repos/MVVM-Android-ScenicSydney-master/app/src/main/java/photography/social/com/scenicsydney/data/network/LocationDataParser.java,photography.social.com.scenicsydney.data.network.LocationDataParser,loadJSONFromAsset/1[photography.social.com.scenicsydney.data.network.Context],json,2
/home/arch_design_predict/download-github-repos/mvvm/repos/MVVM-Android-ScenicSydney-master/app/src/main/java/photography/social/com/scenicsydney/data/network/LocationDataParser.java,photography.social.com.scenicsydney.data.network.LocationDataParser,loadJSONFromAsset/1[photography.social.com.scenicsydney.data.network.Context],is,3
/home/arch_design_predict/download-github-repos/mvvm/repos/MVVM-Android-ScenicSydney-master/app/src/main/java/photography/social/com/scenicsydney/data/network/LocationDataParser.java,photography.social.com.scenicsydney.data.network.LocationDataParser,loadJSONFromAsset/1[photography.social.com.scenicsydney.data.network.Context],buffer,2
/home/arch_design_predict/download-github-repos/mvvm/repos/MVVM-Android-ScenicSydney-master/app/src/main/java/photography/social/com/scenicsydney/ui/main/MainActivity.java,photography.social.com.scenicsydney.ui.main.MainActivity,onCreate/1[photography.social.com.scenicsydney.ui.main.Bundle],savedInstanceState,1
/home/arch_design_predict/download-github-repos/mvvm/repos/MVVM-Android-ScenicSydney-master/app/src/main/java/photography/social/com/scenicsydney/ui/main/MainActivity.java,photography.social.com.scenicsydney.ui.main.MainActivity,onCreate/1[photography.social.com.scenicsydney.ui.main.Bundle],mapFragment,1
/home/arch_design_predict/download-github-repos/mvvm/repos/MVVM-Android-ScenicSydney-master/app/src/main/java/photography/social/com/scenicsydney/ui/main/MainActivity.java,photography.social.com.scenicsydney.ui.main.MainActivity,onMapLongClick/1[photography.social.com.scenicsydney.ui.main.LatLng],latLng,3
/home/arch_design_predict/download-github-repos/mvvm/repos/MVVM-Android-ScenicSydney-master/app/src/main/java/photography/social/com/scenicsydney/ui/main/MainActivity.java,photography.social.com.scenicsydney.ui.main.MainActivity,onMarkerClick/1[photography.social.com.scenicsydney.ui.main.Marker],marker,2
/home/arch_design_predict/download-github-repos/mvvm/repos/MVVM-Android-ScenicSydney-master/app/src/main/java/photography/social/com/scenicsydney/ui/main/MainActivity.java,photography.social.com.scenicsydney.ui.main.MainActivity,"navigateToDetailActivity/3[double,double,boolean]",isNewMarker,1
/home/arch_design_predict/download-github-repos/mvvm/repos/MVVM-Android-ScenicSydney-master/app/src/main/java/photography/social/com/scenicsydney/ui/main/MainActivity.java,photography.social.com.scenicsydney.ui.main.MainActivity,"navigateToDetailActivity/3[double,double,boolean]",lng,1
/home/arch_design_predict/download-github-repos/mvvm/repos/MVVM-Android-ScenicSydney-master/app/src/main/java/photography/social/com/scenicsydney/ui/main/MainActivity.java,photography.social.com.scenicsydney.ui.main.MainActivity,"navigateToDetailActivity/3[double,double,boolean]",detailActivityIntent,4
/home/arch_design_predict/download-github-repos/mvvm/repos/MVVM-Android-ScenicSydney-master/app/src/main/java/photography/social/com/scenicsydney/ui/main/MainActivity.java,photography.social.com.scenicsydney.ui.main.MainActivity,"navigateToDetailActivity/3[double,double,boolean]",lat,1
/home/arch_design_predict/download-github-repos/mvvm/repos/MVVM-Android-ScenicSydney-master/app/src/main/java/photography/social/com/scenicsydney/ui/main/MainActivity.java,photography.social.com.scenicsydney.ui.main.MainActivity,onMapReady/1[photography.social.com.scenicsydney.ui.main.GoogleMap],googleMap,1
/home/arch_design_predict/download-github-repos/mvvm/repos/MVVM-Android-ScenicSydney-master/app/src/main/java/photography/social/com/scenicsydney/ui/main/MainActivity.java,photography.social.com.scenicsydney.ui.main.MainActivity,onItemClick/1[photography.social.com.scenicsydney.data.database.LocationEntry],locationEntry,2
/home/arch_design_predict/download-github-repos/mvvm/repos/MVVM-Android-ScenicSydney-master/app/src/main/java/photography/social/com/scenicsydney/ui/main/MainActivity.java,photography.social.com.scenicsydney.ui.main.MainActivity,getViewModel/0,factory,1
/home/arch_design_predict/download-github-repos/mvvm/repos/MVVM-Android-ScenicSydney-master/app/src/main/java/photography/social/com/scenicsydney/ui/main/MainActivity.java,photography.social.com.scenicsydney.ui.main.MainActivity,"onActivityResult/3[int,int,photography.social.com.scenicsydney.ui.main.Intent]",data,1
/home/arch_design_predict/download-github-repos/mvvm/repos/MVVM-Android-ScenicSydney-master/app/src/main/java/photography/social/com/scenicsydney/ui/main/MainActivity.java,photography.social.com.scenicsydney.ui.main.MainActivity,"onActivityResult/3[int,int,photography.social.com.scenicsydney.ui.main.Intent]",resultCode,2
/home/arch_design_predict/download-github-repos/mvvm/repos/MVVM-Android-ScenicSydney-master/app/src/main/java/photography/social/com/scenicsydney/ui/main/MainActivity.java,photography.social.com.scenicsydney.ui.main.MainActivity,"onActivityResult/3[int,int,photography.social.com.scenicsydney.ui.main.Intent]",requestCode,2
/home/arch_design_predict/download-github-repos/mvvm/repos/MVVM-Android-ScenicSydney-master/app/src/main/java/photography/social/com/scenicsydney/ui/main/MainActivity.java,photography.social.com.scenicsydney.ui.main.MainActivity,populateList/0,layoutManager,1
/home/arch_design_predict/download-github-repos/mvvm/repos/MVVM-Android-ScenicSydney-master/app/src/main/java/photography/social/com/scenicsydney/ui/main/MainActivity.java,photography.social.com.scenicsydney.ui.main.MainActivity,populateList/0,locationEntries,5
/home/arch_design_predict/download-github-repos/mvvm/repos/MVVM-Android-ScenicSydney-master/app/src/main/java/photography/social/com/scenicsydney/ui/main/MainActivity.java,photography.social.com.scenicsydney.ui.main.MainActivity,populateList/0,locationEntry,3
/home/arch_design_predict/download-github-repos/mvvm/repos/MVVM-Android-ScenicSydney-master/app/src/main/java/photography/social/com/scenicsydney/ui/main/MainActivity.java,photography.social.com.scenicsydney.ui.main.MainActivity,populateList/0,refLocation,2
/home/arch_design_predict/download-github-repos/mvvm/repos/MVVM-Android-ScenicSydney-master/app/src/main/java/photography/social/com/scenicsydney/ui/detail/DetailActivityViewModel.java,photography.social.com.scenicsydney.ui.detail.DetailActivityViewModel,getLocationEntry/1[photography.social.com.scenicsydney.ui.detail.Location],location,1
/home/arch_design_predict/download-github-repos/mvvm/repos/MVVM-Android-ScenicSydney-master/app/src/main/java/photography/social/com/scenicsydney/ui/detail/DetailActivityViewModel.java,photography.social.com.scenicsydney.ui.detail.DetailActivityViewModel,DetailActivityViewModel/1[photography.social.com.scenicsydney.data.ScenicSydneyRepository],scenicSydneyRepository,1
/home/arch_design_predict/download-github-repos/mvvm/repos/MVVM-Android-ScenicSydney-master/app/src/main/java/photography/social/com/scenicsydney/ui/detail/DetailActivityViewModel.java,photography.social.com.scenicsydney.ui.detail.DetailActivityViewModel,insertOrUpdateData/1[photography.social.com.scenicsydney.data.database.LocationEntry],locationEntry,1
