file,class,method,variable,usage
/home/arch_design_predict/download-github-repos/mvp/repos/Android-Sample-MVP-architecture-master/app/src/main/java/com/mvp/app/data/sources/DataManagerClass.java,com.mvp.app.data.sources.DataManagerClass$Anonymous1,onSuccess/1[com.mvp.app.data.model.User],data,1
/home/arch_design_predict/download-github-repos/mvp/repos/Android-Sample-MVP-architecture-master/app/src/main/java/com/mvp/app/data/sources/DataManagerClass.java,com.mvp.app.data.sources.DataManagerClass$Anonymous1,onFailed/1[java.lang.String],error,1
/home/arch_design_predict/download-github-repos/mvp/repos/Android-Sample-MVP-architecture-master/app/src/main/java/com/mvp/app/data/model/User.java,com.mvp.app.data.model.User,"User/2[java.lang.String,java.lang.String]",name,2
/home/arch_design_predict/download-github-repos/mvp/repos/Android-Sample-MVP-architecture-master/app/src/main/java/com/mvp/app/data/model/User.java,com.mvp.app.data.model.User,"User/2[java.lang.String,java.lang.String]",userName,2
/home/arch_design_predict/download-github-repos/mvp/repos/Android-Sample-MVP-architecture-master/app/src/main/java/com/mvp/app/data/model/User.java,com.mvp.app.data.model.User,setUserName/1[java.lang.String],userName,2
/home/arch_design_predict/download-github-repos/mvp/repos/Android-Sample-MVP-architecture-master/app/src/main/java/com/mvp/app/data/model/User.java,com.mvp.app.data.model.User,setName/1[java.lang.String],name,2
/home/arch_design_predict/download-github-repos/mvp/repos/Android-Sample-MVP-architecture-master/app/src/main/java/com/mvp/app/data/sources/remote/api/ApiClient.java,com.mvp.app.data.sources.remote.api.ApiClient,getClient/0,loggingInterceptor,2
/home/arch_design_predict/download-github-repos/mvp/repos/Android-Sample-MVP-architecture-master/app/src/main/java/com/mvp/app/data/sources/remote/api/ApiClient.java,com.mvp.app.data.sources.remote.api.ApiClient,getClient/0,builder,2
/home/arch_design_predict/download-github-repos/mvp/repos/Android-Sample-MVP-architecture-master/app/src/main/java/com/mvp/app/base/BaseView.java,com.mvp.app.base.BaseView,showError/1[java.lang.String],error,0
/home/arch_design_predict/download-github-repos/mvp/repos/Android-Sample-MVP-architecture-master/app/src/main/java/com/mvp/app/base/BaseView.java,com.mvp.app.base.BaseView,setPresenter/1[T],presenter,0
/home/arch_design_predict/download-github-repos/mvp/repos/Android-Sample-MVP-architecture-master/app/src/main/java/com/mvp/app/data/sources/local/LocalDataSource.java,com.mvp.app.data.sources.local.LocalDataSource,saveUser/1[com.mvp.app.data.model.User],user,0
/home/arch_design_predict/download-github-repos/mvp/repos/Android-Sample-MVP-architecture-master/app/src/main/java/com/mvp/app/Injection.java,com.mvp.app.Injection,provideDataManager/1[com.mvp.app.Context],context,1
/home/arch_design_predict/download-github-repos/mvp/repos/Android-Sample-MVP-architecture-master/app/src/androidTest/java/com/mvp/app/ExampleInstrumentedTest.java,com.mvp.app.ExampleInstrumentedTest,useAppContext/0,appContext,1
/home/arch_design_predict/download-github-repos/mvp/repos/Android-Sample-MVP-architecture-master/app/src/main/java/com/mvp/app/ui/home/HomeActivity.java,com.mvp.app.ui.home.HomeActivity,setPresenter/1[com.mvp.app.ui.home.HomeContract.Presenter],presenter,2
/home/arch_design_predict/download-github-repos/mvp/repos/Android-Sample-MVP-architecture-master/app/src/main/java/com/mvp/app/ui/home/HomeActivity.java,com.mvp.app.ui.home.HomeActivity,showError/1[java.lang.String],error,0
/home/arch_design_predict/download-github-repos/mvp/repos/Android-Sample-MVP-architecture-master/app/src/main/java/com/mvp/app/ui/home/HomeActivity.java,com.mvp.app.ui.home.HomeActivity,onCreate/1[com.mvp.app.ui.home.Bundle],savedInstanceState,1
/home/arch_design_predict/download-github-repos/mvp/repos/Android-Sample-MVP-architecture-master/app/src/main/java/com/mvp/app/ui/home/HomePresenter.java,com.mvp.app.ui.home.HomePresenter,attachView/1[com.mvp.app.ui.home.HomeContract.View],view,2
/home/arch_design_predict/download-github-repos/mvp/repos/Android-Sample-MVP-architecture-master/app/src/main/java/com/mvp/app/ui/home/HomePresenter.java,com.mvp.app.ui.home.HomePresenter,"HomePresenter/2[com.mvp.app.data.sources.DataManager,com.mvp.app.ui.home.HomeContract.View]",view,2
/home/arch_design_predict/download-github-repos/mvp/repos/Android-Sample-MVP-architecture-master/app/src/main/java/com/mvp/app/ui/home/HomePresenter.java,com.mvp.app.ui.home.HomePresenter,"HomePresenter/2[com.mvp.app.data.sources.DataManager,com.mvp.app.ui.home.HomeContract.View]",dataManager,2
/home/arch_design_predict/download-github-repos/mvp/repos/Android-Sample-MVP-architecture-master/app/src/main/java/com/mvp/app/ui/home/HomePresenter.java,com.mvp.app.ui.home.HomePresenter,"getInstance/2[com.mvp.app.data.sources.DataManager,com.mvp.app.ui.home.HomeContract.View]",view,1
/home/arch_design_predict/download-github-repos/mvp/repos/Android-Sample-MVP-architecture-master/app/src/main/java/com/mvp/app/ui/home/HomePresenter.java,com.mvp.app.ui.home.HomePresenter,"getInstance/2[com.mvp.app.data.sources.DataManager,com.mvp.app.ui.home.HomeContract.View]",dataManager,1
/home/arch_design_predict/download-github-repos/mvp/repos/Android-Sample-MVP-architecture-master/app/src/main/java/com/mvp/app/data/sources/DataManager.java,com.mvp.app.data.sources.DataManager$Callback,onFailed/1[java.lang.String],error,0
/home/arch_design_predict/download-github-repos/mvp/repos/Android-Sample-MVP-architecture-master/app/src/main/java/com/mvp/app/data/sources/DataManager.java,com.mvp.app.data.sources.DataManager$Callback,onSuccess/1[T],data,0
/home/arch_design_predict/download-github-repos/mvp/repos/Android-Sample-MVP-architecture-master/app/src/main/java/com/mvp/app/data/sources/local/LocalDataSourceClass.java,com.mvp.app.data.sources.local.LocalDataSourceClass,getInstance/1[com.mvp.app.data.sources.local.Context],context,1
/home/arch_design_predict/download-github-repos/mvp/repos/Android-Sample-MVP-architecture-master/app/src/main/java/com/mvp/app/data/sources/local/LocalDataSourceClass.java,com.mvp.app.data.sources.local.LocalDataSourceClass,LocalDataSourceClass/1[com.mvp.app.data.sources.local.Context],context,1
/home/arch_design_predict/download-github-repos/mvp/repos/Android-Sample-MVP-architecture-master/app/src/main/java/com/mvp/app/data/sources/local/LocalDataSourceClass.java,com.mvp.app.data.sources.local.LocalDataSourceClass,saveUser/1[com.mvp.app.data.model.User],user,0
/home/arch_design_predict/download-github-repos/mvp/repos/Android-Sample-MVP-architecture-master/app/src/main/java/com/mvp/app/data/sources/DataManagerClass.java,com.mvp.app.data.sources.DataManagerClass,"DataManagerClass/2[com.mvp.app.data.sources.local.LocalDataSource,com.mvp.app.data.sources.remote.RemoteDataSource]",remoteDataSource,2
/home/arch_design_predict/download-github-repos/mvp/repos/Android-Sample-MVP-architecture-master/app/src/main/java/com/mvp/app/data/sources/DataManagerClass.java,com.mvp.app.data.sources.DataManagerClass,"DataManagerClass/2[com.mvp.app.data.sources.local.LocalDataSource,com.mvp.app.data.sources.remote.RemoteDataSource]",localDataSource,2
/home/arch_design_predict/download-github-repos/mvp/repos/Android-Sample-MVP-architecture-master/app/src/main/java/com/mvp/app/data/sources/DataManagerClass.java,com.mvp.app.data.sources.DataManagerClass,saveUser/1[com.mvp.app.data.model.User],user,0
/home/arch_design_predict/download-github-repos/mvp/repos/Android-Sample-MVP-architecture-master/app/src/main/java/com/mvp/app/data/sources/DataManagerClass.java,com.mvp.app.data.sources.DataManagerClass,"authenticateUser/3[java.lang.String,java.lang.String,com.mvp.app.data.sources.DataManager.Callback<com.mvp.app.data.model.User>]",password,1
/home/arch_design_predict/download-github-repos/mvp/repos/Android-Sample-MVP-architecture-master/app/src/main/java/com/mvp/app/data/sources/DataManagerClass.java,com.mvp.app.data.sources.DataManagerClass,"authenticateUser/3[java.lang.String,java.lang.String,com.mvp.app.data.sources.DataManager.Callback<com.mvp.app.data.model.User>]",callback,0
/home/arch_design_predict/download-github-repos/mvp/repos/Android-Sample-MVP-architecture-master/app/src/main/java/com/mvp/app/data/sources/DataManagerClass.java,com.mvp.app.data.sources.DataManagerClass,"authenticateUser/3[java.lang.String,java.lang.String,com.mvp.app.data.sources.DataManager.Callback<com.mvp.app.data.model.User>]",userName,1
/home/arch_design_predict/download-github-repos/mvp/repos/Android-Sample-MVP-architecture-master/app/src/main/java/com/mvp/app/data/sources/DataManagerClass.java,com.mvp.app.data.sources.DataManagerClass,"getInstance/2[com.mvp.app.data.sources.local.LocalDataSource,com.mvp.app.data.sources.remote.RemoteDataSource]",remoteDataSource,1
/home/arch_design_predict/download-github-repos/mvp/repos/Android-Sample-MVP-architecture-master/app/src/main/java/com/mvp/app/data/sources/DataManagerClass.java,com.mvp.app.data.sources.DataManagerClass,"getInstance/2[com.mvp.app.data.sources.local.LocalDataSource,com.mvp.app.data.sources.remote.RemoteDataSource]",localDataSource,1
/home/arch_design_predict/download-github-repos/mvp/repos/Android-Sample-MVP-architecture-master/app/src/main/java/com/mvp/app/data/sources/remote/RemoteDataSource.java,com.mvp.app.data.sources.remote.RemoteDataSource,"authenticateUser/3[java.lang.String,java.lang.String,com.mvp.app.data.sources.DataManager.Callback<com.mvp.app.data.model.User>]",password,0
/home/arch_design_predict/download-github-repos/mvp/repos/Android-Sample-MVP-architecture-master/app/src/main/java/com/mvp/app/data/sources/remote/RemoteDataSource.java,com.mvp.app.data.sources.remote.RemoteDataSource,"authenticateUser/3[java.lang.String,java.lang.String,com.mvp.app.data.sources.DataManager.Callback<com.mvp.app.data.model.User>]",callback,0
/home/arch_design_predict/download-github-repos/mvp/repos/Android-Sample-MVP-architecture-master/app/src/main/java/com/mvp/app/data/sources/remote/RemoteDataSource.java,com.mvp.app.data.sources.remote.RemoteDataSource,"authenticateUser/3[java.lang.String,java.lang.String,com.mvp.app.data.sources.DataManager.Callback<com.mvp.app.data.model.User>]",userName,0
/home/arch_design_predict/download-github-repos/mvp/repos/Android-Sample-MVP-architecture-master/app/src/main/java/com/mvp/app/ui/login/LoginActivity.java,com.mvp.app.ui.login.LoginActivity$Anonymous1,onClick/1[com.mvp.app.ui.login.View],v,0
/home/arch_design_predict/download-github-repos/mvp/repos/Android-Sample-MVP-architecture-master/app/src/main/java/com/mvp/app/ui/login/LoginActivity.java,com.mvp.app.ui.login.LoginActivity,setPresenter/1[com.mvp.app.ui.login.LoginContract.Presenter],presenter,2
/home/arch_design_predict/download-github-repos/mvp/repos/Android-Sample-MVP-architecture-master/app/src/main/java/com/mvp/app/ui/login/LoginActivity.java,com.mvp.app.ui.login.LoginActivity,onAuthenticationSuccessfull/1[com.mvp.app.data.model.User],user,1
/home/arch_design_predict/download-github-repos/mvp/repos/Android-Sample-MVP-architecture-master/app/src/main/java/com/mvp/app/ui/login/LoginActivity.java,com.mvp.app.ui.login.LoginActivity,showError/1[java.lang.String],error,0
/home/arch_design_predict/download-github-repos/mvp/repos/Android-Sample-MVP-architecture-master/app/src/main/java/com/mvp/app/ui/login/LoginActivity.java,com.mvp.app.ui.login.LoginActivity,onCreate/1[com.mvp.app.ui.login.Bundle],savedInstanceState,1
/home/arch_design_predict/download-github-repos/mvp/repos/Android-Sample-MVP-architecture-master/app/src/main/java/com/mvp/app/ui/login/LoginActivity.java,com.mvp.app.ui.login.LoginActivity,onAuthenticationFailed/1[java.lang.String],error,0
/home/arch_design_predict/download-github-repos/mvp/repos/Android-Sample-MVP-architecture-master/app/src/main/java/com/mvp/app/data/sources/local/sharedPrefrence/PrefrenceHelper.java,com.mvp.app.data.sources.local.sharedPrefrence.PrefrenceHelper,"saveSessionKey/2[java.lang.String,java.lang.String]",sessionKey,0
/home/arch_design_predict/download-github-repos/mvp/repos/Android-Sample-MVP-architecture-master/app/src/main/java/com/mvp/app/data/sources/local/sharedPrefrence/PrefrenceHelper.java,com.mvp.app.data.sources.local.sharedPrefrence.PrefrenceHelper,"saveSessionKey/2[java.lang.String,java.lang.String]",key,0
/home/arch_design_predict/download-github-repos/mvp/repos/Android-Sample-MVP-architecture-master/app/src/main/java/com/mvp/app/base/BasePresenter.java,com.mvp.app.base.BasePresenter,attachView/1[T],view,0
/home/arch_design_predict/download-github-repos/mvp/repos/Android-Sample-MVP-architecture-master/app/src/main/java/com/mvp/app/data/sources/DataManager.java,com.mvp.app.data.sources.DataManager,"authenticateUser/3[java.lang.String,java.lang.String,com.mvp.app.data.sources.DataManager.Callback<com.mvp.app.data.model.User>]",password,0
/home/arch_design_predict/download-github-repos/mvp/repos/Android-Sample-MVP-architecture-master/app/src/main/java/com/mvp/app/data/sources/DataManager.java,com.mvp.app.data.sources.DataManager,"authenticateUser/3[java.lang.String,java.lang.String,com.mvp.app.data.sources.DataManager.Callback<com.mvp.app.data.model.User>]",callback,0
/home/arch_design_predict/download-github-repos/mvp/repos/Android-Sample-MVP-architecture-master/app/src/main/java/com/mvp/app/data/sources/DataManager.java,com.mvp.app.data.sources.DataManager,"authenticateUser/3[java.lang.String,java.lang.String,com.mvp.app.data.sources.DataManager.Callback<com.mvp.app.data.model.User>]",userName,0
/home/arch_design_predict/download-github-repos/mvp/repos/Android-Sample-MVP-architecture-master/app/src/main/java/com/mvp/app/data/sources/DataManager.java,com.mvp.app.data.sources.DataManager,saveUser/1[com.mvp.app.data.model.User],user,0
/home/arch_design_predict/download-github-repos/mvp/repos/Android-Sample-MVP-architecture-master/app/src/main/java/com/mvp/app/data/sources/remote/RemoteDataSourceClass.java,com.mvp.app.data.sources.remote.RemoteDataSourceClass,RemoteDataSourceClass/1[com.mvp.app.data.sources.remote.api.ApiService],apiService,1
/home/arch_design_predict/download-github-repos/mvp/repos/Android-Sample-MVP-architecture-master/app/src/main/java/com/mvp/app/data/sources/remote/RemoteDataSourceClass.java,com.mvp.app.data.sources.remote.RemoteDataSourceClass,getInstance/1[com.mvp.app.data.sources.remote.api.ApiService],apiService,1
/home/arch_design_predict/download-github-repos/mvp/repos/Android-Sample-MVP-architecture-master/app/src/main/java/com/mvp/app/data/sources/remote/RemoteDataSourceClass.java,com.mvp.app.data.sources.remote.RemoteDataSourceClass,"authenticateUser/3[java.lang.String,java.lang.String,com.mvp.app.data.sources.DataManager.Callback<com.mvp.app.data.model.User>]",request,1
/home/arch_design_predict/download-github-repos/mvp/repos/Android-Sample-MVP-architecture-master/app/src/main/java/com/mvp/app/data/sources/remote/RemoteDataSourceClass.java,com.mvp.app.data.sources.remote.RemoteDataSourceClass,"authenticateUser/3[java.lang.String,java.lang.String,com.mvp.app.data.sources.DataManager.Callback<com.mvp.app.data.model.User>]",password,1
/home/arch_design_predict/download-github-repos/mvp/repos/Android-Sample-MVP-architecture-master/app/src/main/java/com/mvp/app/data/sources/remote/RemoteDataSourceClass.java,com.mvp.app.data.sources.remote.RemoteDataSourceClass,"authenticateUser/3[java.lang.String,java.lang.String,com.mvp.app.data.sources.DataManager.Callback<com.mvp.app.data.model.User>]",callback,1
/home/arch_design_predict/download-github-repos/mvp/repos/Android-Sample-MVP-architecture-master/app/src/main/java/com/mvp/app/data/sources/remote/RemoteDataSourceClass.java,com.mvp.app.data.sources.remote.RemoteDataSourceClass,"authenticateUser/3[java.lang.String,java.lang.String,com.mvp.app.data.sources.DataManager.Callback<com.mvp.app.data.model.User>]",userName,1
/home/arch_design_predict/download-github-repos/mvp/repos/Android-Sample-MVP-architecture-master/app/src/main/java/com/mvp/app/data/sources/remote/api/ApiService.java,com.mvp.app.data.sources.remote.api.ApiService,"authenticateUser/2[java.lang.String,java.lang.String]",pass,0
/home/arch_design_predict/download-github-repos/mvp/repos/Android-Sample-MVP-architecture-master/app/src/main/java/com/mvp/app/data/sources/remote/api/ApiService.java,com.mvp.app.data.sources.remote.api.ApiService,"authenticateUser/2[java.lang.String,java.lang.String]",userName,0
/home/arch_design_predict/download-github-repos/mvp/repos/Android-Sample-MVP-architecture-master/app/src/main/java/com/mvp/app/ui/login/LoginContract.java,com.mvp.app.ui.login.LoginContract$View,onAuthenticationSuccessfull/1[com.mvp.app.data.model.User],user,0
/home/arch_design_predict/download-github-repos/mvp/repos/Android-Sample-MVP-architecture-master/app/src/main/java/com/mvp/app/ui/login/LoginContract.java,com.mvp.app.ui.login.LoginContract$View,onAuthenticationFailed/1[java.lang.String],error,0
/home/arch_design_predict/download-github-repos/mvp/repos/Android-Sample-MVP-architecture-master/app/src/main/java/com/mvp/app/ui/login/LoginPresenter.java,com.mvp.app.ui.login.LoginPresenter,"authenticateUser/2[java.lang.String,java.lang.String]",pass,1
/home/arch_design_predict/download-github-repos/mvp/repos/Android-Sample-MVP-architecture-master/app/src/main/java/com/mvp/app/ui/login/LoginPresenter.java,com.mvp.app.ui.login.LoginPresenter,"authenticateUser/2[java.lang.String,java.lang.String]",userName,1
/home/arch_design_predict/download-github-repos/mvp/repos/Android-Sample-MVP-architecture-master/app/src/main/java/com/mvp/app/ui/login/LoginPresenter.java,com.mvp.app.ui.login.LoginPresenter,"getInstance/2[com.mvp.app.data.sources.DataManager,com.mvp.app.ui.login.LoginContract.View]",view,1
/home/arch_design_predict/download-github-repos/mvp/repos/Android-Sample-MVP-architecture-master/app/src/main/java/com/mvp/app/ui/login/LoginPresenter.java,com.mvp.app.ui.login.LoginPresenter,"getInstance/2[com.mvp.app.data.sources.DataManager,com.mvp.app.ui.login.LoginContract.View]",dataManager,1
/home/arch_design_predict/download-github-repos/mvp/repos/Android-Sample-MVP-architecture-master/app/src/main/java/com/mvp/app/ui/login/LoginPresenter.java,com.mvp.app.ui.login.LoginPresenter,"LoginPresenter/2[com.mvp.app.data.sources.DataManager,com.mvp.app.ui.login.LoginContract.View]",view,2
/home/arch_design_predict/download-github-repos/mvp/repos/Android-Sample-MVP-architecture-master/app/src/main/java/com/mvp/app/ui/login/LoginPresenter.java,com.mvp.app.ui.login.LoginPresenter,"LoginPresenter/2[com.mvp.app.data.sources.DataManager,com.mvp.app.ui.login.LoginContract.View]",dataManager,2
/home/arch_design_predict/download-github-repos/mvp/repos/Android-Sample-MVP-architecture-master/app/src/main/java/com/mvp/app/ui/login/LoginPresenter.java,com.mvp.app.ui.login.LoginPresenter,attachView/1[com.mvp.app.ui.login.LoginContract.View],view,2
/home/arch_design_predict/download-github-repos/mvp/repos/Android-Sample-MVP-architecture-master/app/src/main/java/com/mvp/app/data/sources/remote/RemoteDataSourceClass.java,com.mvp.app.data.sources.remote.RemoteDataSourceClass$Anonymous1,"onResponse/2[com.mvp.app.data.sources.remote.Call<com.mvp.app.data.model.User>,com.mvp.app.data.sources.remote.Response<com.mvp.app.data.model.User>]",call,0
/home/arch_design_predict/download-github-repos/mvp/repos/Android-Sample-MVP-architecture-master/app/src/main/java/com/mvp/app/data/sources/remote/RemoteDataSourceClass.java,com.mvp.app.data.sources.remote.RemoteDataSourceClass$Anonymous1,"onResponse/2[com.mvp.app.data.sources.remote.Call<com.mvp.app.data.model.User>,com.mvp.app.data.sources.remote.Response<com.mvp.app.data.model.User>]",response,3
/home/arch_design_predict/download-github-repos/mvp/repos/Android-Sample-MVP-architecture-master/app/src/main/java/com/mvp/app/data/sources/remote/RemoteDataSourceClass.java,com.mvp.app.data.sources.remote.RemoteDataSourceClass$Anonymous1,"onFailure/2[com.mvp.app.data.sources.remote.Call<com.mvp.app.data.model.User>,java.lang.Throwable]",call,0
/home/arch_design_predict/download-github-repos/mvp/repos/Android-Sample-MVP-architecture-master/app/src/main/java/com/mvp/app/data/sources/remote/RemoteDataSourceClass.java,com.mvp.app.data.sources.remote.RemoteDataSourceClass$Anonymous1,"onFailure/2[com.mvp.app.data.sources.remote.Call<com.mvp.app.data.model.User>,java.lang.Throwable]",t,1
/home/arch_design_predict/download-github-repos/mvp/repos/Android-Sample-MVP-architecture-master/app/src/main/java/com/mvp/app/base/BaseActivity.java,com.mvp.app.base.BaseActivity,onOptionsItemSelected/1[com.mvp.app.base.MenuItem],item,2
/home/arch_design_predict/download-github-repos/mvp/repos/Android-Sample-MVP-architecture-master/app/src/main/java/com/mvp/app/base/BaseActivity.java,com.mvp.app.base.BaseActivity,"initialiseActionBar/3[com.mvp.app.base.Toolbar,java.lang.String,boolean]",toolbar,1
/home/arch_design_predict/download-github-repos/mvp/repos/Android-Sample-MVP-architecture-master/app/src/main/java/com/mvp/app/base/BaseActivity.java,com.mvp.app.base.BaseActivity,"initialiseActionBar/3[com.mvp.app.base.Toolbar,java.lang.String,boolean]",homeButtonEnale,2
/home/arch_design_predict/download-github-repos/mvp/repos/Android-Sample-MVP-architecture-master/app/src/main/java/com/mvp/app/base/BaseActivity.java,com.mvp.app.base.BaseActivity,"initialiseActionBar/3[com.mvp.app.base.Toolbar,java.lang.String,boolean]",title,1
/home/arch_design_predict/download-github-repos/mvp/repos/Android-Sample-MVP-architecture-master/app/src/main/java/com/mvp/app/data/sources/local/sharedPrefrence/AppSharedPrefrence.java,com.mvp.app.data.sources.local.sharedPrefrence.AppSharedPrefrence,"saveSessionKey/2[java.lang.String,java.lang.String]",editor,2
/home/arch_design_predict/download-github-repos/mvp/repos/Android-Sample-MVP-architecture-master/app/src/main/java/com/mvp/app/data/sources/local/sharedPrefrence/AppSharedPrefrence.java,com.mvp.app.data.sources.local.sharedPrefrence.AppSharedPrefrence,"saveSessionKey/2[java.lang.String,java.lang.String]",sessionKey,1
/home/arch_design_predict/download-github-repos/mvp/repos/Android-Sample-MVP-architecture-master/app/src/main/java/com/mvp/app/data/sources/local/sharedPrefrence/AppSharedPrefrence.java,com.mvp.app.data.sources.local.sharedPrefrence.AppSharedPrefrence,"saveSessionKey/2[java.lang.String,java.lang.String]",key,1
/home/arch_design_predict/download-github-repos/mvp/repos/Android-Sample-MVP-architecture-master/app/src/main/java/com/mvp/app/data/sources/local/sharedPrefrence/AppSharedPrefrence.java,com.mvp.app.data.sources.local.sharedPrefrence.AppSharedPrefrence,getInstance/1[com.mvp.app.data.sources.local.sharedPrefrence.Context],context,1
/home/arch_design_predict/download-github-repos/mvp/repos/Android-Sample-MVP-architecture-master/app/src/main/java/com/mvp/app/data/sources/local/sharedPrefrence/AppSharedPrefrence.java,com.mvp.app.data.sources.local.sharedPrefrence.AppSharedPrefrence,AppSharedPrefrence/1[com.mvp.app.data.sources.local.sharedPrefrence.Context],context,1
/home/arch_design_predict/download-github-repos/mvp/repos/Android-Sample-MVP-architecture-master/app/src/main/java/com/mvp/app/ui/login/LoginPresenter.java,com.mvp.app.ui.login.LoginPresenter$Anonymous1,onSuccess/1[com.mvp.app.data.model.User],data,1
/home/arch_design_predict/download-github-repos/mvp/repos/Android-Sample-MVP-architecture-master/app/src/main/java/com/mvp/app/ui/login/LoginPresenter.java,com.mvp.app.ui.login.LoginPresenter$Anonymous1,onFailed/1[java.lang.String],error,0
/home/arch_design_predict/download-github-repos/mvp/repos/Android-Sample-MVP-architecture-master/app/src/main/java/com/mvp/app/ui/login/LoginContract.java,com.mvp.app.ui.login.LoginContract$Presenter,"authenticateUser/2[java.lang.String,java.lang.String]",pass,0
/home/arch_design_predict/download-github-repos/mvp/repos/Android-Sample-MVP-architecture-master/app/src/main/java/com/mvp/app/ui/login/LoginContract.java,com.mvp.app.ui.login.LoginContract$Presenter,"authenticateUser/2[java.lang.String,java.lang.String]",userName,0
