file,class,type,cbo,cboModified,fanin,fanout,wmc,dit,noc,rfc,lcom,lcom*,tcc,lcc,totalMethodsQty,staticMethodsQty,publicMethodsQty,privateMethodsQty,protectedMethodsQty,defaultMethodsQty,visibleMethodsQty,abstractMethodsQty,finalMethodsQty,synchronizedMethodsQty,totalFieldsQty,staticFieldsQty,publicFieldsQty,privateFieldsQty,protectedFieldsQty,defaultFieldsQty,finalFieldsQty,synchronizedFieldsQty,nosi,loc,returnQty,loopQty,comparisonsQty,tryCatchQty,parenthesizedExpsQty,stringLiteralsQty,numbersQty,assignmentsQty,mathOperationsQty,variablesQty,maxNestedBlocksQty,anonymousClassesQty,innerClassesQty,lambdasQty,uniqueWordsQty,modifiers,logStatementsQty
/home/arch_design_predict/download-github-repos/mvvm/repos/android-workshop-main/Notes/app/src/test/java/com/example/notes/ExampleUnitTest.java,com.example.notes.ExampleUnitTest,class,1,1,0,1,1,1,0,1,0,0.0,NaN,NaN,1,0,1,0,0,0,1,0,0,0,0,0,0,0,0,0,0,0,0,5,0,0,0,0,0,0,3,0,1,0,0,0,0,0,22,1,0
/home/arch_design_predict/download-github-repos/mvvm/repos/android-workshop-main/Notes/app/src/main/java/com/example/notes/data/NoteDatabase.java,com.example.notes.data.NoteDatabase,class,6,8,2,6,3,2,0,4,1,0.5,0.0,0.0,2,1,2,0,0,0,2,1,0,1,1,1,0,1,0,0,0,0,0,10,1,0,1,0,0,1,1,1,0,1,1,0,0,0,12,1025,0
/home/arch_design_predict/download-github-repos/mvvm/repos/android-workshop-main/Notes_onlyBackend/app/src/main/java/com/example/notes/data/NoteDao.java,NoteDao,interface,6,8,2,6,4,1,0,0,6,0.0,0.0,0.0,4,0,0,0,0,4,4,0,0,0,0,0,0,0,0,0,0,0,0,6,0,0,0,0,0,2,0,0,0,0,0,0,0,0,12,1,0
/home/arch_design_predict/download-github-repos/mvvm/repos/android-workshop-main/Notes_onlyBackend/app/src/androidTest/java/com/example/notes/ExampleInstrumentedTest.java,ExampleInstrumentedTest,class,4,4,0,4,1,1,0,4,0,0.0,NaN,NaN,1,0,1,0,0,0,1,0,0,0,0,0,0,0,0,0,0,0,0,6,0,0,0,0,0,1,0,1,0,1,0,0,0,0,19,1,0
/home/arch_design_predict/download-github-repos/mvvm/repos/android-workshop-main/Notes/app/src/main/java/com/example/notes/data/NoteDao.java,com.example.notes.data.NoteDao,interface,6,8,2,6,4,1,0,0,6,0.0,0.0,0.0,4,0,0,0,0,4,4,0,0,0,0,0,0,0,0,0,0,0,0,6,0,0,0,0,0,2,0,0,0,0,0,0,0,0,12,1,0
/home/arch_design_predict/download-github-repos/mvvm/repos/android-workshop-main/Notes/app/src/main/java/com/example/notes/MainActivity.java,com.example.notes.MainActivity,class,18,20,2,18,5,2,0,21,4,0.5,0.0,0.0,4,0,2,1,1,0,3,0,0,0,1,0,0,1,0,0,0,0,0,51,3,0,0,0,0,0,1,6,0,7,1,2,0,1,50,1,0
/home/arch_design_predict/download-github-repos/mvvm/repos/android-workshop-main/Notes_onlyBackend/app/src/main/java/com/example/notes/repository/NoteRepository.java,NoteRepository,class,5,6,1,5,5,1,0,7,0,0.4,0.0,0.0,5,0,5,0,0,0,5,0,0,0,2,0,0,2,0,0,0,0,0,21,1,0,0,0,0,0,0,3,0,3,0,0,0,3,15,1,0
/home/arch_design_predict/download-github-repos/mvvm/repos/android-workshop-main/Notes_onlyBackend/app/src/main/java/com/example/notes/MainActivity.java,MainActivity,class,2,2,0,2,1,1,0,2,0,0.0,NaN,NaN,1,0,0,0,1,0,1,0,0,0,0,0,0,0,0,0,0,0,0,6,0,0,0,0,0,0,0,0,0,0,0,0,0,0,13,1,0
/home/arch_design_predict/download-github-repos/mvvm/repos/android-workshop-main/Notes/app/src/main/java/com/example/notes/MainActivity.java,com.example.notes.MainActivity$Anonymous2,anonymous,5,5,0,5,2,1,0,3,1,0.0,0.0,0.0,2,0,2,0,0,0,2,0,0,0,0,0,0,0,0,0,0,0,0,8,1,0,0,0,0,0,0,0,0,0,0,0,0,0,8,-1,0
/home/arch_design_predict/download-github-repos/mvvm/repos/android-workshop-main/Notes/app/src/main/java/com/example/notes/ui/SplashScreen.java,com.example.notes.ui.SplashScreen,class,4,4,0,4,1,2,0,3,0,0.0,NaN,NaN,1,0,0,0,1,0,1,0,0,0,0,0,0,0,0,0,0,0,0,7,0,0,0,0,0,0,0,0,0,0,0,0,0,0,14,1,0
/home/arch_design_predict/download-github-repos/mvvm/repos/android-workshop-main/Notes/app/src/main/java/com/example/notes/MainActivity.java,com.example.notes.MainActivity$Anonymous1,anonymous,2,2,0,2,1,1,0,1,0,0.0,NaN,NaN,1,0,1,0,0,0,1,0,0,0,0,0,0,0,0,0,0,0,0,5,0,0,0,0,0,0,0,0,0,0,0,0,0,0,3,-1,0
/home/arch_design_predict/download-github-repos/mvvm/repos/android-workshop-main/Notes/app/src/main/java/com/example/notes/model/Note.java,com.example.notes.model.Note,class,3,11,8,3,5,1,0,0,4,0.6,0.3,0.4,5,0,5,0,0,0,5,0,0,0,3,0,0,3,0,0,0,0,0,21,3,0,0,0,0,3,0,3,0,3,0,0,0,0,15,1,0
/home/arch_design_predict/download-github-repos/mvvm/repos/android-workshop-main/Notes_onlyBackend/app/src/main/java/com/example/notes/viewmodel/NoteViewModel.java,NoteViewModel,class,5,5,0,5,5,1,0,4,0,0.4,0.0,0.0,5,0,5,0,0,0,5,0,0,0,2,0,0,2,0,0,0,0,0,21,1,0,0,0,0,0,0,2,0,2,0,0,0,0,15,1,0
/home/arch_design_predict/download-github-repos/mvvm/repos/android-workshop-main/Notes/app/src/androidTest/java/com/example/notes/ExampleInstrumentedTest.java,com.example.notes.ExampleInstrumentedTest,class,4,4,0,4,1,1,0,4,0,0.0,NaN,NaN,1,0,1,0,0,0,1,0,0,0,0,0,0,0,0,0,0,0,0,6,0,0,0,0,0,1,0,1,0,1,0,0,0,0,19,1,0
/home/arch_design_predict/download-github-repos/mvvm/repos/android-workshop-main/Notes/app/src/main/java/com/example/notes/viewmodel/NoteViewModel.java,com.example.notes.viewmodel.NoteViewModel,class,6,9,3,6,5,2,0,4,0,0.4,0.7,1.0,5,0,5,0,0,0,5,0,0,0,2,0,0,2,0,0,0,0,0,21,1,0,0,0,0,0,0,2,0,2,0,0,0,0,15,1,0
/home/arch_design_predict/download-github-repos/mvvm/repos/android-workshop-main/Notes_onlyBackend/app/src/test/java/com/example/notes/ExampleUnitTest.java,ExampleUnitTest,class,1,1,0,1,1,1,0,1,0,0.0,NaN,NaN,1,0,1,0,0,0,1,0,0,0,0,0,0,0,0,0,0,0,0,5,0,0,0,0,0,0,3,0,1,0,0,0,0,0,22,1,0
/home/arch_design_predict/download-github-repos/mvvm/repos/android-workshop-main/Notes_onlyBackend/app/src/main/java/com/example/notes/model/Note.java,Note,class,4,5,1,4,5,1,0,0,4,0.6,0.0,0.0,5,0,5,0,0,0,5,0,0,0,3,0,0,3,0,0,0,0,0,21,3,0,0,0,0,3,0,3,0,3,0,0,0,0,15,1,0
/home/arch_design_predict/download-github-repos/mvvm/repos/android-workshop-main/Notes/app/src/main/java/com/example/notes/ui/AddNoteActivity.java,com.example.notes.ui.AddNoteActivity,class,11,12,1,11,7,2,0,23,4,0.5,0.0,0.0,4,0,2,1,1,0,3,0,0,0,3,0,0,3,0,0,0,0,0,38,4,0,0,0,0,2,0,6,0,6,1,0,0,0,43,1,0
/home/arch_design_predict/download-github-repos/mvvm/repos/android-workshop-main/Notes_onlyBackend/app/src/main/java/com/example/notes/data/NoteDatabase.java,NoteDatabase,class,5,6,1,5,3,1,0,4,1,0.5,0.0,0.0,2,1,2,0,0,0,2,1,0,1,1,1,0,1,0,0,0,0,0,10,1,0,1,0,0,1,1,1,0,1,1,0,0,0,12,1025,0
/home/arch_design_predict/download-github-repos/mvvm/repos/android-workshop-main/Notes/app/src/main/java/com/example/notes/ui/NoteAdapter.java,com.example.notes.ui.NoteAdapter,class,7,10,3,7,5,2,0,9,0,0.2,0.6,0.6,5,0,5,0,0,0,5,0,0,0,1,0,0,1,0,0,0,0,0,31,3,0,0,0,0,0,0,4,0,3,0,0,1,0,24,1,0
/home/arch_design_predict/download-github-repos/mvvm/repos/android-workshop-main/Notes/app/src/main/java/com/example/notes/repository/NoteRepository.java,com.example.notes.repository.NoteRepository,class,5,6,1,5,5,1,0,7,0,0.4,0.7,1.0,5,0,5,0,0,0,5,0,0,0,2,0,0,2,0,0,0,0,1,21,1,0,0,0,0,0,0,3,0,3,0,0,0,3,15,1,0
/home/arch_design_predict/download-github-repos/mvvm/repos/android-workshop-main/Notes/app/src/main/java/com/example/notes/ui/NoteAdapter.java,com.example.notes.ui.NoteAdapter$NoteHolder,innerclass,4,4,0,4,1,2,0,1,0,0.0,NaN,NaN,1,0,1,0,0,0,1,0,0,0,2,0,0,2,0,0,0,0,0,9,0,0,0,0,0,0,0,2,0,2,0,0,0,0,8,0,0
