file,class,type,cbo,cboModified,fanin,fanout,wmc,dit,noc,rfc,lcom,lcom*,tcc,lcc,totalMethodsQty,staticMethodsQty,publicMethodsQty,privateMethodsQty,protectedMethodsQty,defaultMethodsQty,visibleMethodsQty,abstractMethodsQty,finalMethodsQty,synchronizedMethodsQty,totalFieldsQty,staticFieldsQty,publicFieldsQty,privateFieldsQty,protectedFieldsQty,defaultFieldsQty,finalFieldsQty,synchronizedFieldsQty,nosi,loc,returnQty,loopQty,comparisonsQty,tryCatchQty,parenthesizedExpsQty,stringLiteralsQty,numbersQty,assignmentsQty,mathOperationsQty,variablesQty,maxNestedBlocksQty,anonymousClassesQty,innerClassesQty,lambdasQty,uniqueWordsQty,modifiers,logStatementsQty
/home/arch_design_predict/download-github-repos/mvvm/repos/Google-Message-App-Sample-master/app/src/main/java/com/google/test/message/model/Message.java,com.google.test.message.model.Message,class,3,6,3,3,7,1,0,0,8,0.76,0.1,0.1,5,0,5,0,0,0,5,0,0,0,5,1,1,4,0,0,1,0,0,34,6,0,2,0,0,1,0,2,0,6,1,1,0,0,24,1,0
/home/arch_design_predict/download-github-repos/mvvm/repos/Google-Message-App-Sample-master/app/src/main/java/com/google/test/message/adapters/MessageAdapter.java,com.google.test.message.adapters.MessageAdapter$NetworkStateItemViewHolder,innerclass,3,3,0,3,6,2,0,5,0,0.0,-1.0,-1.0,2,0,0,2,0,0,0,0,0,0,1,0,0,1,0,0,1,0,0,21,0,0,4,0,0,0,0,1,0,1,1,0,0,0,10,2,0
/home/arch_design_predict/download-github-repos/mvvm/repos/Google-Message-App-Sample-master/app/src/main/java/com/google/test/message/di/module/app/ActivityModule.java,com.google.test.message.di.module.app.ActivityModule,class,5,5,0,5,2,1,0,0,0,0.0,1.0,1.0,2,0,2,0,0,0,2,0,0,0,1,0,0,1,0,0,1,0,0,9,1,0,0,0,0,1,0,1,0,1,0,0,0,0,6,1,0
/home/arch_design_predict/download-github-repos/mvvm/repos/Google-Message-App-Sample-master/app/src/main/java/com/google/test/message/utils/Constants.java,com.google.test.message.utils.Constants,class,0,0,0,0,0,1,0,0,0,NaN,-1.0,-1.0,0,0,0,0,0,0,0,0,0,0,7,7,7,0,0,0,7,0,0,9,0,0,0,0,0,7,0,7,0,7,0,0,0,0,21,1,0
/home/arch_design_predict/download-github-repos/mvvm/repos/Google-Message-App-Sample-master/app/src/main/java/com/google/test/message/datasource/MessageDataSource.java,com.google.test.message.datasource.MessageDataSource$Anonymous1,anonymous,5,5,0,5,4,1,0,8,1,0.0,0.0,0.0,2,0,2,0,0,0,2,0,0,0,0,0,0,0,0,0,0,0,0,23,0,0,1,0,0,1,0,2,0,2,2,0,0,0,13,-1,0
/home/arch_design_predict/download-github-repos/mvvm/repos/Google-Message-App-Sample-master/app/src/main/java/com/google/test/message/datasource/MessageDataSource.java,com.google.test.message.datasource.MessageDataSource$Anonymous2,anonymous,5,5,0,5,4,1,0,8,1,0.0,0.0,0.0,2,0,2,0,0,0,2,0,0,0,0,0,0,0,0,0,0,0,0,21,0,0,1,0,0,1,0,2,0,2,2,0,0,0,13,-1,0
/home/arch_design_predict/download-github-repos/mvvm/repos/Google-Message-App-Sample-master/app/src/main/java/com/google/test/message/di/module/MessageModule.java,com.google.test.message.di.module.MessageModule,class,6,7,1,6,2,1,0,0,1,0.0,0.0,0.0,2,0,0,0,0,2,2,0,0,0,0,0,0,0,0,0,0,0,0,8,2,0,0,0,0,0,0,0,0,0,0,0,0,0,11,1,0
/home/arch_design_predict/download-github-repos/mvvm/repos/Google-Message-App-Sample-master/app/src/main/java/com/google/test/message/repository/MessageRepository.java,com.google.test.message.repository.MessageRepository,class,4,9,5,4,2,1,0,1,0,0.0,1.0,1.0,2,0,2,0,0,0,2,0,0,0,1,0,0,1,0,0,1,0,0,9,1,0,0,0,0,0,0,1,0,1,0,0,0,0,10,1,0
/home/arch_design_predict/download-github-repos/mvvm/repos/Google-Message-App-Sample-master/app/src/main/java/com/google/test/message/utils/ConnectionDetector.java,com.google.test.message.utils.ConnectionDetector$NetworkReceiver,innerclass,6,6,0,6,2,2,0,5,0,0.0,NaN,NaN,1,0,1,0,0,0,1,0,0,0,0,0,0,0,0,0,0,0,1,10,0,0,2,0,0,0,0,3,0,3,1,0,0,0,16,1,0
/home/arch_design_predict/download-github-repos/mvvm/repos/Google-Message-App-Sample-master/app/src/main/java/com/google/test/message/viewmodel/factory/ViewModelFactory.java,com.google.test.message.viewmodel.factory.ViewModelFactory,class,6,8,2,6,3,1,0,1,0,0.0,1.0,1.0,2,0,2,0,0,0,2,0,0,0,1,0,0,1,0,0,1,0,0,12,1,0,0,0,0,1,0,1,0,1,1,0,0,0,13,1,0
/home/arch_design_predict/download-github-repos/mvvm/repos/Google-Message-App-Sample-master/app/src/main/java/com/google/test/message/model/Message.java,com.google.test.message.model.Message$Anonymous1,anonymous,2,2,0,2,3,1,0,1,1,0.0,0.0,0.0,2,0,2,0,0,0,2,0,0,0,0,0,0,0,0,0,0,0,0,8,2,0,1,0,0,0,0,0,0,0,0,0,0,0,8,-1,0
/home/arch_design_predict/download-github-repos/mvvm/repos/Google-Message-App-Sample-master/app/src/main/java/com/google/test/message/rest/RestApi.java,com.google.test.message.rest.RestApi,interface,4,7,3,4,1,1,0,0,0,0.0,NaN,NaN,1,0,0,0,0,1,1,0,0,0,0,0,0,0,0,0,0,0,0,3,0,0,0,0,0,0,0,0,0,0,0,0,0,0,6,1,0
/home/arch_design_predict/download-github-repos/mvvm/repos/Google-Message-App-Sample-master/app/src/main/java/com/google/test/message/datasource/MessageDataSource.java,com.google.test.message.datasource.MessageDataSource,class,9,10,1,9,7,2,0,4,0,0.4,0.6,0.6,5,0,4,0,0,1,5,0,0,0,3,0,0,3,0,0,3,0,0,70,1,0,1,0,0,3,0,3,0,3,1,2,0,0,19,1,0
/home/arch_design_predict/download-github-repos/mvvm/repos/Google-Message-App-Sample-master/app/src/main/java/com/google/test/message/viewscustom/CircleImageView.java,com.google.test.message.viewscustom.CircleImageView$OutlineProvider,innerclass,5,5,0,5,1,2,0,3,0,0.0,NaN,NaN,1,0,1,0,0,0,1,0,0,0,0,0,0,0,0,0,0,0,0,7,0,0,0,0,0,0,1,1,1,1,0,0,0,0,8,2,0
/home/arch_design_predict/download-github-repos/mvvm/repos/Google-Message-App-Sample-master/app/src/main/java/com/google/test/message/model/MessageSchema.java,com.google.test.message.model.MessageSchema,class,1,5,4,1,3,1,0,0,3,0.6666667,0.0,0.0,3,0,3,0,0,0,3,0,0,0,3,0,0,3,0,0,0,0,0,14,3,0,0,0,0,0,0,1,0,3,0,0,0,0,11,1,0
/home/arch_design_predict/download-github-repos/mvvm/repos/Google-Message-App-Sample-master/app/src/main/java/com/google/test/message/di/module/app/AppModule.java,com.google.test.message.di.module.app.AppModule,class,10,11,1,10,3,1,0,6,3,0.0,0.0,0.0,3,0,3,0,0,0,3,0,0,0,0,0,0,0,0,0,0,0,0,12,3,0,0,0,0,0,0,1,0,1,0,0,0,0,21,1,0
/home/arch_design_predict/download-github-repos/mvvm/repos/Google-Message-App-Sample-master/app/src/main/java/com/google/test/message/adapters/MessageAdapter.java,com.google.test.message.adapters.MessageAdapter$ItemViewHolder,innerclass,4,4,0,4,2,2,0,12,0,0.0,-1.0,-1.0,2,0,0,2,0,0,0,0,0,0,1,0,0,1,0,0,1,0,0,13,0,0,0,0,0,0,1,1,1,1,0,0,0,0,10,2,0
/home/arch_design_predict/download-github-repos/mvvm/repos/Google-Message-App-Sample-master/app/src/main/java/com/google/test/message/viewscustom/CircleImageView.java,com.google.test.message.viewscustom.CircleImageView,class,24,25,1,24,69,3,0,67,684,0.937037,0.04637097,0.13709678,40,0,30,8,2,0,32,0,0,0,27,7,0,27,0,0,13,0,7,307,26,0,13,1,9,2,27,52,35,38,2,0,1,0,153,1,0
/home/arch_design_predict/download-github-repos/mvvm/repos/Google-Message-App-Sample-master/app/src/main/java/com/google/test/message/adapters/MessageAdapter.java,com.google.test.message.adapters.MessageAdapter,class,12,14,2,12,16,4,0,15,7,0.7083333,0.2,0.2,6,0,5,1,0,0,5,0,0,0,4,2,0,4,0,0,3,0,1,91,5,0,6,0,2,0,4,10,2,10,2,0,2,0,49,1,0
/home/arch_design_predict/download-github-repos/mvvm/repos/Google-Message-App-Sample-master/app/src/main/java/com/google/test/message/viewmodel/MessageViewModel.java,com.google.test.message.viewmodel.MessageViewModel,class,9,12,3,9,4,2,0,9,0,0.5,0.0,0.0,4,0,3,1,0,0,3,0,0,0,3,0,0,3,0,0,1,0,1,22,2,0,0,0,2,1,3,6,0,6,0,0,0,0,20,1,0
/home/arch_design_predict/download-github-repos/mvvm/repos/Google-Message-App-Sample-master/app/src/main/java/com/google/test/message/MessageApplication.java,com.google.test.message.MessageApplication,class,10,12,2,10,6,2,0,12,9,0.5,0.3,0.3,6,3,5,1,0,0,5,0,0,0,1,0,0,1,0,0,0,0,3,26,4,0,0,0,0,0,0,2,0,1,0,0,0,0,20,1,0
/home/arch_design_predict/download-github-repos/mvvm/repos/Google-Message-App-Sample-master/app/src/main/java/com/google/test/message/utils/NetworkState.java,com.google.test.message.utils.NetworkState$Status,enum,0,0,0,0,0,1,0,0,0,0.0,-1.0,-1.0,0,0,0,0,0,0,0,0,0,0,0,0,0,0,0,0,0,0,0,1,0,0,0,0,0,0,0,0,0,0,0,0,0,0,8,1,0
/home/arch_design_predict/download-github-repos/mvvm/repos/Google-Message-App-Sample-master/app/src/main/java/com/google/test/message/activity/MessageActivity.java,com.google.test.message.activity.MessageActivity$Anonymous1,anonymous,3,3,0,3,2,1,0,2,1,0.0,0.0,0.0,2,0,2,0,0,0,2,0,0,0,0,0,0,0,0,0,0,0,0,8,1,0,0,0,0,0,0,0,0,0,0,0,0,0,8,-1,0
/home/arch_design_predict/download-github-repos/mvvm/repos/Google-Message-App-Sample-master/app/src/main/java/com/google/test/message/di/component/AppComponent.java,com.google.test.message.di.component.AppComponent,interface,5,7,2,5,1,1,0,0,0,0.0,NaN,NaN,1,0,0,0,0,1,1,0,0,0,0,0,0,0,0,0,0,0,0,3,0,0,0,0,0,0,0,0,0,0,0,0,0,0,7,1,0
/home/arch_design_predict/download-github-repos/mvvm/repos/Google-Message-App-Sample-master/app/src/main/java/com/google/test/message/datasource/MessageDataFactory.java,com.google.test.message.datasource.MessageDataFactory,class,5,6,1,5,3,2,0,1,0,0.16666667,1.0,1.0,3,0,3,0,0,0,3,0,0,0,2,0,0,2,0,0,2,0,0,16,2,0,0,0,0,0,0,3,0,3,0,0,0,0,12,1,0
/home/arch_design_predict/download-github-repos/mvvm/repos/Google-Message-App-Sample-master/app/src/main/java/com/google/test/message/activity/MessageActivity.java,com.google.test.message.activity.MessageActivity,class,16,19,3,16,12,2,0,25,0,0.53333336,0.0,0.0,5,0,2,2,1,0,3,0,0,0,3,0,0,2,0,1,0,0,0,67,1,0,6,0,1,0,1,5,0,6,1,1,0,0,44,1,0
/home/arch_design_predict/download-github-repos/mvvm/repos/Google-Message-App-Sample-master/app/src/main/java/com/google/test/message/utils/ConnectionDetector.java,com.google.test.message.utils.ConnectionDetector,class,5,9,4,5,8,2,0,3,4,0.6,0.33333334,0.33333334,5,2,3,2,0,0,3,0,0,0,2,2,0,2,0,0,0,0,0,39,2,0,4,0,0,0,0,7,0,4,3,0,1,0,38,1,0
/home/arch_design_predict/download-github-repos/mvvm/repos/Google-Message-App-Sample-master/app/src/androidTest/java/com/google/test/message/ExampleInstrumentedTest.java,com.google.test.message.ExampleInstrumentedTest,class,4,4,0,4,1,1,0,3,0,0.0,NaN,NaN,1,0,1,0,0,0,1,0,0,0,0,0,0,0,0,0,0,0,0,6,0,0,0,0,0,1,0,1,0,1,0,0,0,0,19,1,0
/home/arch_design_predict/download-github-repos/mvvm/repos/Google-Message-App-Sample-master/app/src/main/java/com/google/test/message/di/module/app/ContextModule.java,com.google.test.message.di.module.app.ContextModule,class,4,5,1,4,2,1,0,0,0,0.0,1.0,1.0,2,0,2,0,0,0,2,0,0,0,1,0,0,1,0,0,1,0,0,9,1,0,0,0,0,0,0,1,0,1,0,0,0,0,5,1,0
/home/arch_design_predict/download-github-repos/mvvm/repos/Google-Message-App-Sample-master/app/src/main/java/com/google/test/message/model/Author.java,com.google.test.message.model.Author,class,0,2,2,0,2,1,0,0,1,0.5,0.0,0.0,2,0,2,0,0,0,2,0,0,0,2,0,0,2,0,0,0,0,0,10,2,0,0,0,0,0,0,0,0,2,0,0,0,0,7,1,0
/home/arch_design_predict/download-github-repos/mvvm/repos/Google-Message-App-Sample-master/app/src/main/java/com/google/test/message/activity/SplashActivity.java,com.google.test.message.activity.SplashActivity,class,9,9,0,9,3,2,0,17,1,0.0,NaN,NaN,2,0,0,1,1,0,1,0,0,0,0,0,0,0,0,0,0,0,1,22,0,0,0,0,0,0,1,4,0,5,1,0,0,1,26,1,0
/home/arch_design_predict/download-github-repos/mvvm/repos/Google-Message-App-Sample-master/app/src/main/java/com/google/test/message/utils/NetworkState.java,com.google.test.message.utils.NetworkState,class,2,8,6,2,4,1,0,0,0,0.6666667,0.33333334,0.5,3,0,3,0,0,0,4,0,0,0,4,2,2,2,0,0,4,0,0,21,2,0,0,0,0,0,0,4,0,4,0,0,1,0,17,1,0
/home/arch_design_predict/download-github-repos/mvvm/repos/Google-Message-App-Sample-master/app/src/main/java/com/google/test/message/di/module/app/NetworkModule.java,com.google.test.message.di.module.app.NetworkModule,class,8,8,0,8,4,1,0,6,6,0.0,0.0,0.0,4,0,4,0,0,0,4,0,0,0,0,0,0,0,0,0,0,0,0,16,4,0,0,0,0,1,3,1,1,2,0,0,0,1,18,1,0
/home/arch_design_predict/download-github-repos/mvvm/repos/Google-Message-App-Sample-master/app/src/test/java/com/google/test/message/ExampleUnitTest.java,com.google.test.message.ExampleUnitTest,class,1,1,0,1,1,1,0,1,0,0.0,NaN,NaN,1,0,1,0,0,0,1,0,0,0,0,0,0,0,0,0,0,0,0,5,0,0,0,0,0,0,3,0,1,0,0,0,0,0,22,1,0
