file,class,method,variable,usage
/home/arch_design_predict/download-github-repos/mvvm/repos/Google-Message-App-Sample-master/app/src/main/java/com/google/test/message/model/Message.java,com.google.test.message.model.Message,equals/1[java.lang.Object],obj,2
/home/arch_design_predict/download-github-repos/mvvm/repos/Google-Message-App-Sample-master/app/src/main/java/com/google/test/message/model/Message.java,com.google.test.message.model.Message,equals/1[java.lang.Object],message,1
/home/arch_design_predict/download-github-repos/mvvm/repos/Google-Message-App-Sample-master/app/src/main/java/com/google/test/message/adapters/MessageAdapter.java,com.google.test.message.adapters.MessageAdapter$NetworkStateItemViewHolder,bindView/1[com.google.test.message.utils.NetworkState],networkState,5
/home/arch_design_predict/download-github-repos/mvvm/repos/Google-Message-App-Sample-master/app/src/main/java/com/google/test/message/adapters/MessageAdapter.java,com.google.test.message.adapters.MessageAdapter$NetworkStateItemViewHolder,NetworkStateItemViewHolder/1[com.google.test.message.adapters.NetworkItemBinding],binding,3
/home/arch_design_predict/download-github-repos/mvvm/repos/Google-Message-App-Sample-master/app/src/main/java/com/google/test/message/di/module/app/ActivityModule.java,com.google.test.message.di.module.app.ActivityModule,ActivityModule/1[com.google.test.message.di.module.app.Activity],context,1
/home/arch_design_predict/download-github-repos/mvvm/repos/Google-Message-App-Sample-master/app/src/main/java/com/google/test/message/datasource/MessageDataSource.java,com.google.test.message.datasource.MessageDataSource$Anonymous1,"onResponse/2[com.google.test.message.datasource.Call<com.google.test.message.model.MessageSchema>,com.google.test.message.datasource.Response<com.google.test.message.model.MessageSchema>]",call,0
/home/arch_design_predict/download-github-repos/mvvm/repos/Google-Message-App-Sample-master/app/src/main/java/com/google/test/message/datasource/MessageDataSource.java,com.google.test.message.datasource.MessageDataSource$Anonymous1,"onResponse/2[com.google.test.message.datasource.Call<com.google.test.message.model.MessageSchema>,com.google.test.message.datasource.Response<com.google.test.message.model.MessageSchema>]",schema,1
/home/arch_design_predict/download-github-repos/mvvm/repos/Google-Message-App-Sample-master/app/src/main/java/com/google/test/message/datasource/MessageDataSource.java,com.google.test.message.datasource.MessageDataSource$Anonymous1,"onResponse/2[com.google.test.message.datasource.Call<com.google.test.message.model.MessageSchema>,com.google.test.message.datasource.Response<com.google.test.message.model.MessageSchema>]",response,6
/home/arch_design_predict/download-github-repos/mvvm/repos/Google-Message-App-Sample-master/app/src/main/java/com/google/test/message/datasource/MessageDataSource.java,com.google.test.message.datasource.MessageDataSource$Anonymous1,"onFailure/2[com.google.test.message.datasource.Call<com.google.test.message.model.MessageSchema>,java.lang.Throwable]",call,0
/home/arch_design_predict/download-github-repos/mvvm/repos/Google-Message-App-Sample-master/app/src/main/java/com/google/test/message/datasource/MessageDataSource.java,com.google.test.message.datasource.MessageDataSource$Anonymous1,"onFailure/2[com.google.test.message.datasource.Call<com.google.test.message.model.MessageSchema>,java.lang.Throwable]",t,1
/home/arch_design_predict/download-github-repos/mvvm/repos/Google-Message-App-Sample-master/app/src/main/java/com/google/test/message/datasource/MessageDataSource.java,com.google.test.message.datasource.MessageDataSource$Anonymous1,"onFailure/2[com.google.test.message.datasource.Call<com.google.test.message.model.MessageSchema>,java.lang.Throwable]",errorMessage,1
/home/arch_design_predict/download-github-repos/mvvm/repos/Google-Message-App-Sample-master/app/src/main/java/com/google/test/message/datasource/MessageDataSource.java,com.google.test.message.datasource.MessageDataSource$Anonymous2,"onResponse/2[com.google.test.message.datasource.Call<com.google.test.message.model.MessageSchema>,com.google.test.message.datasource.Response<com.google.test.message.model.MessageSchema>]",call,0
/home/arch_design_predict/download-github-repos/mvvm/repos/Google-Message-App-Sample-master/app/src/main/java/com/google/test/message/datasource/MessageDataSource.java,com.google.test.message.datasource.MessageDataSource$Anonymous2,"onResponse/2[com.google.test.message.datasource.Call<com.google.test.message.model.MessageSchema>,com.google.test.message.datasource.Response<com.google.test.message.model.MessageSchema>]",schema,1
/home/arch_design_predict/download-github-repos/mvvm/repos/Google-Message-App-Sample-master/app/src/main/java/com/google/test/message/datasource/MessageDataSource.java,com.google.test.message.datasource.MessageDataSource$Anonymous2,"onResponse/2[com.google.test.message.datasource.Call<com.google.test.message.model.MessageSchema>,com.google.test.message.datasource.Response<com.google.test.message.model.MessageSchema>]",response,5
/home/arch_design_predict/download-github-repos/mvvm/repos/Google-Message-App-Sample-master/app/src/main/java/com/google/test/message/datasource/MessageDataSource.java,com.google.test.message.datasource.MessageDataSource$Anonymous2,"onFailure/2[com.google.test.message.datasource.Call<com.google.test.message.model.MessageSchema>,java.lang.Throwable]",call,0
/home/arch_design_predict/download-github-repos/mvvm/repos/Google-Message-App-Sample-master/app/src/main/java/com/google/test/message/datasource/MessageDataSource.java,com.google.test.message.datasource.MessageDataSource$Anonymous2,"onFailure/2[com.google.test.message.datasource.Call<com.google.test.message.model.MessageSchema>,java.lang.Throwable]",t,1
/home/arch_design_predict/download-github-repos/mvvm/repos/Google-Message-App-Sample-master/app/src/main/java/com/google/test/message/datasource/MessageDataSource.java,com.google.test.message.datasource.MessageDataSource$Anonymous2,"onFailure/2[com.google.test.message.datasource.Call<com.google.test.message.model.MessageSchema>,java.lang.Throwable]",errorMessage,1
/home/arch_design_predict/download-github-repos/mvvm/repos/Google-Message-App-Sample-master/app/src/main/java/com/google/test/message/di/module/MessageModule.java,com.google.test.message.di.module.MessageModule,getRepository/1[com.google.test.message.rest.RestApi],messageApi,1
/home/arch_design_predict/download-github-repos/mvvm/repos/Google-Message-App-Sample-master/app/src/main/java/com/google/test/message/di/module/MessageModule.java,com.google.test.message.di.module.MessageModule,getViewModelFactory/1[com.google.test.message.repository.MessageRepository],repository,1
/home/arch_design_predict/download-github-repos/mvvm/repos/Google-Message-App-Sample-master/app/src/main/java/com/google/test/message/repository/MessageRepository.java,com.google.test.message.repository.MessageRepository,fetchMessageFromApi/1[java.lang.String],pageToken,1
/home/arch_design_predict/download-github-repos/mvvm/repos/Google-Message-App-Sample-master/app/src/main/java/com/google/test/message/repository/MessageRepository.java,com.google.test.message.repository.MessageRepository,MessageRepository/1[com.google.test.message.rest.RestApi],api,1
/home/arch_design_predict/download-github-repos/mvvm/repos/Google-Message-App-Sample-master/app/src/main/java/com/google/test/message/utils/ConnectionDetector.java,com.google.test.message.utils.ConnectionDetector$NetworkReceiver,"onReceive/2[com.google.test.message.utils.Context,com.google.test.message.utils.Intent]",context,1
/home/arch_design_predict/download-github-repos/mvvm/repos/Google-Message-App-Sample-master/app/src/main/java/com/google/test/message/utils/ConnectionDetector.java,com.google.test.message.utils.ConnectionDetector$NetworkReceiver,"onReceive/2[com.google.test.message.utils.Context,com.google.test.message.utils.Intent]",isConnected,1
/home/arch_design_predict/download-github-repos/mvvm/repos/Google-Message-App-Sample-master/app/src/main/java/com/google/test/message/utils/ConnectionDetector.java,com.google.test.message.utils.ConnectionDetector$NetworkReceiver,"onReceive/2[com.google.test.message.utils.Context,com.google.test.message.utils.Intent]",cm,2
/home/arch_design_predict/download-github-repos/mvvm/repos/Google-Message-App-Sample-master/app/src/main/java/com/google/test/message/utils/ConnectionDetector.java,com.google.test.message.utils.ConnectionDetector$NetworkReceiver,"onReceive/2[com.google.test.message.utils.Context,com.google.test.message.utils.Intent]",activeNetwork,2
/home/arch_design_predict/download-github-repos/mvvm/repos/Google-Message-App-Sample-master/app/src/main/java/com/google/test/message/utils/ConnectionDetector.java,com.google.test.message.utils.ConnectionDetector$NetworkReceiver,"onReceive/2[com.google.test.message.utils.Context,com.google.test.message.utils.Intent]",intent,0
/home/arch_design_predict/download-github-repos/mvvm/repos/Google-Message-App-Sample-master/app/src/main/java/com/google/test/message/viewmodel/factory/ViewModelFactory.java,com.google.test.message.viewmodel.factory.ViewModelFactory,ViewModelFactory/1[com.google.test.message.repository.MessageRepository],repository,2
/home/arch_design_predict/download-github-repos/mvvm/repos/Google-Message-App-Sample-master/app/src/main/java/com/google/test/message/viewmodel/factory/ViewModelFactory.java,com.google.test.message.viewmodel.factory.ViewModelFactory,create/1[java.lang.Class<T>],modelClass,1
/home/arch_design_predict/download-github-repos/mvvm/repos/Google-Message-App-Sample-master/app/src/main/java/com/google/test/message/model/Message.java,com.google.test.message.model.Message$Anonymous1,"areContentsTheSame/2[Message,Message]",newItem,1
/home/arch_design_predict/download-github-repos/mvvm/repos/Google-Message-App-Sample-master/app/src/main/java/com/google/test/message/model/Message.java,com.google.test.message.model.Message$Anonymous1,"areContentsTheSame/2[Message,Message]",oldItem,1
/home/arch_design_predict/download-github-repos/mvvm/repos/Google-Message-App-Sample-master/app/src/main/java/com/google/test/message/model/Message.java,com.google.test.message.model.Message$Anonymous1,"areItemsTheSame/2[Message,Message]",newItem,1
/home/arch_design_predict/download-github-repos/mvvm/repos/Google-Message-App-Sample-master/app/src/main/java/com/google/test/message/model/Message.java,com.google.test.message.model.Message$Anonymous1,"areItemsTheSame/2[Message,Message]",oldItem,1
/home/arch_design_predict/download-github-repos/mvvm/repos/Google-Message-App-Sample-master/app/src/main/java/com/google/test/message/rest/RestApi.java,com.google.test.message.rest.RestApi,fetchMessage/1[java.lang.String],page_token,0
/home/arch_design_predict/download-github-repos/mvvm/repos/Google-Message-App-Sample-master/app/src/main/java/com/google/test/message/datasource/MessageDataSource.java,com.google.test.message.datasource.MessageDataSource,MessageDataSource/1[com.google.test.message.repository.MessageRepository],repository,2
/home/arch_design_predict/download-github-repos/mvvm/repos/Google-Message-App-Sample-master/app/src/main/java/com/google/test/message/datasource/MessageDataSource.java,com.google.test.message.datasource.MessageDataSource,"loadBefore/2[com.google.test.message.datasource.LoadParams<java.lang.String>,com.google.test.message.datasource.LoadCallback<java.lang.String,com.google.test.message.model.Message>]",callback,0
/home/arch_design_predict/download-github-repos/mvvm/repos/Google-Message-App-Sample-master/app/src/main/java/com/google/test/message/datasource/MessageDataSource.java,com.google.test.message.datasource.MessageDataSource,"loadBefore/2[com.google.test.message.datasource.LoadParams<java.lang.String>,com.google.test.message.datasource.LoadCallback<java.lang.String,com.google.test.message.model.Message>]",params,0
/home/arch_design_predict/download-github-repos/mvvm/repos/Google-Message-App-Sample-master/app/src/main/java/com/google/test/message/datasource/MessageDataSource.java,com.google.test.message.datasource.MessageDataSource,"loadInitial/2[com.google.test.message.datasource.LoadInitialParams<java.lang.String>,com.google.test.message.datasource.LoadInitialCallback<java.lang.String,com.google.test.message.model.Message>]",callback,0
/home/arch_design_predict/download-github-repos/mvvm/repos/Google-Message-App-Sample-master/app/src/main/java/com/google/test/message/datasource/MessageDataSource.java,com.google.test.message.datasource.MessageDataSource,"loadInitial/2[com.google.test.message.datasource.LoadInitialParams<java.lang.String>,com.google.test.message.datasource.LoadInitialCallback<java.lang.String,com.google.test.message.model.Message>]",params,0
/home/arch_design_predict/download-github-repos/mvvm/repos/Google-Message-App-Sample-master/app/src/main/java/com/google/test/message/datasource/MessageDataSource.java,com.google.test.message.datasource.MessageDataSource,"loadAfter/2[com.google.test.message.datasource.LoadParams<java.lang.String>,com.google.test.message.datasource.LoadCallback<java.lang.String,com.google.test.message.model.Message>]",callback,0
/home/arch_design_predict/download-github-repos/mvvm/repos/Google-Message-App-Sample-master/app/src/main/java/com/google/test/message/datasource/MessageDataSource.java,com.google.test.message.datasource.MessageDataSource,"loadAfter/2[com.google.test.message.datasource.LoadParams<java.lang.String>,com.google.test.message.datasource.LoadCallback<java.lang.String,com.google.test.message.model.Message>]",params,3
/home/arch_design_predict/download-github-repos/mvvm/repos/Google-Message-App-Sample-master/app/src/main/java/com/google/test/message/viewscustom/CircleImageView.java,com.google.test.message.viewscustom.CircleImageView$OutlineProvider,"getOutline/2[com.google.test.message.viewscustom.View,com.google.test.message.viewscustom.Outline]",view,0
/home/arch_design_predict/download-github-repos/mvvm/repos/Google-Message-App-Sample-master/app/src/main/java/com/google/test/message/viewscustom/CircleImageView.java,com.google.test.message.viewscustom.CircleImageView$OutlineProvider,"getOutline/2[com.google.test.message.viewscustom.View,com.google.test.message.viewscustom.Outline]",outline,1
/home/arch_design_predict/download-github-repos/mvvm/repos/Google-Message-App-Sample-master/app/src/main/java/com/google/test/message/viewscustom/CircleImageView.java,com.google.test.message.viewscustom.CircleImageView$OutlineProvider,"getOutline/2[com.google.test.message.viewscustom.View,com.google.test.message.viewscustom.Outline]",bounds,3
/home/arch_design_predict/download-github-repos/mvvm/repos/Google-Message-App-Sample-master/app/src/main/java/com/google/test/message/di/module/app/AppModule.java,com.google.test.message.di.module.app.AppModule,getMessageApi/1[com.google.test.message.di.module.app.Retrofit],mRetrofit,1
/home/arch_design_predict/download-github-repos/mvvm/repos/Google-Message-App-Sample-master/app/src/main/java/com/google/test/message/di/module/app/AppModule.java,com.google.test.message.di.module.app.AppModule,getGson/0,builder,1
/home/arch_design_predict/download-github-repos/mvvm/repos/Google-Message-App-Sample-master/app/src/main/java/com/google/test/message/di/module/app/AppModule.java,com.google.test.message.di.module.app.AppModule,"getRetrofit/2[com.google.test.message.di.module.app.OkHttpClient,com.google.test.message.di.module.app.Gson]",gson,1
/home/arch_design_predict/download-github-repos/mvvm/repos/Google-Message-App-Sample-master/app/src/main/java/com/google/test/message/di/module/app/AppModule.java,com.google.test.message.di.module.app.AppModule,"getRetrofit/2[com.google.test.message.di.module.app.OkHttpClient,com.google.test.message.di.module.app.Gson]",mOKHttpClient,1
/home/arch_design_predict/download-github-repos/mvvm/repos/Google-Message-App-Sample-master/app/src/main/java/com/google/test/message/adapters/MessageAdapter.java,com.google.test.message.adapters.MessageAdapter$ItemViewHolder,bindTo/1[com.google.test.message.model.Message],msg,4
/home/arch_design_predict/download-github-repos/mvvm/repos/Google-Message-App-Sample-master/app/src/main/java/com/google/test/message/adapters/MessageAdapter.java,com.google.test.message.adapters.MessageAdapter$ItemViewHolder,ItemViewHolder/1[com.google.test.message.adapters.MessageItemBinding],binding,3
/home/arch_design_predict/download-github-repos/mvvm/repos/Google-Message-App-Sample-master/app/src/main/java/com/google/test/message/viewscustom/CircleImageView.java,com.google.test.message.viewscustom.CircleImageView,setBorderColor/1[int],borderColor,2
/home/arch_design_predict/download-github-repos/mvvm/repos/Google-Message-App-Sample-master/app/src/main/java/com/google/test/message/viewscustom/CircleImageView.java,com.google.test.message.viewscustom.CircleImageView,setBorderWidth/1[int],borderWidth,2
/home/arch_design_predict/download-github-repos/mvvm/repos/Google-Message-App-Sample-master/app/src/main/java/com/google/test/message/viewscustom/CircleImageView.java,com.google.test.message.viewscustom.CircleImageView,"CircleImageView/3[com.google.test.message.viewscustom.Context,com.google.test.message.viewscustom.AttributeSet,int]",a,8
/home/arch_design_predict/download-github-repos/mvvm/repos/Google-Message-App-Sample-master/app/src/main/java/com/google/test/message/viewscustom/CircleImageView.java,com.google.test.message.viewscustom.CircleImageView,"CircleImageView/3[com.google.test.message.viewscustom.Context,com.google.test.message.viewscustom.AttributeSet,int]",context,2
/home/arch_design_predict/download-github-repos/mvvm/repos/Google-Message-App-Sample-master/app/src/main/java/com/google/test/message/viewscustom/CircleImageView.java,com.google.test.message.viewscustom.CircleImageView,"CircleImageView/3[com.google.test.message.viewscustom.Context,com.google.test.message.viewscustom.AttributeSet,int]",defStyle,2
/home/arch_design_predict/download-github-repos/mvvm/repos/Google-Message-App-Sample-master/app/src/main/java/com/google/test/message/viewscustom/CircleImageView.java,com.google.test.message.viewscustom.CircleImageView,"CircleImageView/3[com.google.test.message.viewscustom.Context,com.google.test.message.viewscustom.AttributeSet,int]",attrs,2
/home/arch_design_predict/download-github-repos/mvvm/repos/Google-Message-App-Sample-master/app/src/main/java/com/google/test/message/viewscustom/CircleImageView.java,com.google.test.message.viewscustom.CircleImageView,onDraw/1[com.google.test.message.viewscustom.Canvas],canvas,4
/home/arch_design_predict/download-github-repos/mvvm/repos/Google-Message-App-Sample-master/app/src/main/java/com/google/test/message/viewscustom/CircleImageView.java,com.google.test.message.viewscustom.CircleImageView,setFillColor/1[int],fillColor,1
/home/arch_design_predict/download-github-repos/mvvm/repos/Google-Message-App-Sample-master/app/src/main/java/com/google/test/message/viewscustom/CircleImageView.java,com.google.test.message.viewscustom.CircleImageView,setImageResource/1[int],resId,1
/home/arch_design_predict/download-github-repos/mvvm/repos/Google-Message-App-Sample-master/app/src/main/java/com/google/test/message/viewscustom/CircleImageView.java,com.google.test.message.viewscustom.CircleImageView,setCircleBackgroundColor/1[int],circleBackgroundColor,3
/home/arch_design_predict/download-github-repos/mvvm/repos/Google-Message-App-Sample-master/app/src/main/java/com/google/test/message/viewscustom/CircleImageView.java,com.google.test.message.viewscustom.CircleImageView,setImageDrawable/1[com.google.test.message.viewscustom.Drawable],drawable,1
/home/arch_design_predict/download-github-repos/mvvm/repos/Google-Message-App-Sample-master/app/src/main/java/com/google/test/message/viewscustom/CircleImageView.java,com.google.test.message.viewscustom.CircleImageView,setDisableCircularTransformation/1[boolean],disableCircularTransformation,2
/home/arch_design_predict/download-github-repos/mvvm/repos/Google-Message-App-Sample-master/app/src/main/java/com/google/test/message/viewscustom/CircleImageView.java,com.google.test.message.viewscustom.CircleImageView,setScaleType/1[ImageView.ScaleType],scaleType,2
/home/arch_design_predict/download-github-repos/mvvm/repos/Google-Message-App-Sample-master/app/src/main/java/com/google/test/message/viewscustom/CircleImageView.java,com.google.test.message.viewscustom.CircleImageView,setBorderColorResource/1[int],borderColorRes,1
/home/arch_design_predict/download-github-repos/mvvm/repos/Google-Message-App-Sample-master/app/src/main/java/com/google/test/message/viewscustom/CircleImageView.java,com.google.test.message.viewscustom.CircleImageView,setBorderOverlay/1[boolean],borderOverlay,2
/home/arch_design_predict/download-github-repos/mvvm/repos/Google-Message-App-Sample-master/app/src/main/java/com/google/test/message/viewscustom/CircleImageView.java,com.google.test.message.viewscustom.CircleImageView,setCircleBackgroundColorResource/1[int],circleBackgroundRes,1
/home/arch_design_predict/download-github-repos/mvvm/repos/Google-Message-App-Sample-master/app/src/main/java/com/google/test/message/viewscustom/CircleImageView.java,com.google.test.message.viewscustom.CircleImageView,onTouchEvent/1[com.google.test.message.viewscustom.MotionEvent],event,3
/home/arch_design_predict/download-github-repos/mvvm/repos/Google-Message-App-Sample-master/app/src/main/java/com/google/test/message/viewscustom/CircleImageView.java,com.google.test.message.viewscustom.CircleImageView,updateShaderMatrix/0,dx,2
/home/arch_design_predict/download-github-repos/mvvm/repos/Google-Message-App-Sample-master/app/src/main/java/com/google/test/message/viewscustom/CircleImageView.java,com.google.test.message.viewscustom.CircleImageView,updateShaderMatrix/0,dy,2
/home/arch_design_predict/download-github-repos/mvvm/repos/Google-Message-App-Sample-master/app/src/main/java/com/google/test/message/viewscustom/CircleImageView.java,com.google.test.message.viewscustom.CircleImageView,updateShaderMatrix/0,scale,6
/home/arch_design_predict/download-github-repos/mvvm/repos/Google-Message-App-Sample-master/app/src/main/java/com/google/test/message/viewscustom/CircleImageView.java,com.google.test.message.viewscustom.CircleImageView,setColorFilter/1[com.google.test.message.viewscustom.ColorFilter],cf,2
/home/arch_design_predict/download-github-repos/mvvm/repos/Google-Message-App-Sample-master/app/src/main/java/com/google/test/message/viewscustom/CircleImageView.java,com.google.test.message.viewscustom.CircleImageView,calculateBounds/0,sideLength,4
/home/arch_design_predict/download-github-repos/mvvm/repos/Google-Message-App-Sample-master/app/src/main/java/com/google/test/message/viewscustom/CircleImageView.java,com.google.test.message.viewscustom.CircleImageView,calculateBounds/0,availableWidth,2
/home/arch_design_predict/download-github-repos/mvvm/repos/Google-Message-App-Sample-master/app/src/main/java/com/google/test/message/viewscustom/CircleImageView.java,com.google.test.message.viewscustom.CircleImageView,calculateBounds/0,availableHeight,2
/home/arch_design_predict/download-github-repos/mvvm/repos/Google-Message-App-Sample-master/app/src/main/java/com/google/test/message/viewscustom/CircleImageView.java,com.google.test.message.viewscustom.CircleImageView,calculateBounds/0,top,2
/home/arch_design_predict/download-github-repos/mvvm/repos/Google-Message-App-Sample-master/app/src/main/java/com/google/test/message/viewscustom/CircleImageView.java,com.google.test.message.viewscustom.CircleImageView,calculateBounds/0,left,2
/home/arch_design_predict/download-github-repos/mvvm/repos/Google-Message-App-Sample-master/app/src/main/java/com/google/test/message/viewscustom/CircleImageView.java,com.google.test.message.viewscustom.CircleImageView,CircleImageView/1[com.google.test.message.viewscustom.Context],context,1
/home/arch_design_predict/download-github-repos/mvvm/repos/Google-Message-App-Sample-master/app/src/main/java/com/google/test/message/viewscustom/CircleImageView.java,com.google.test.message.viewscustom.CircleImageView,"setPaddingRelative/4[int,int,int,int]",top,1
/home/arch_design_predict/download-github-repos/mvvm/repos/Google-Message-App-Sample-master/app/src/main/java/com/google/test/message/viewscustom/CircleImageView.java,com.google.test.message.viewscustom.CircleImageView,"setPaddingRelative/4[int,int,int,int]",bottom,1
/home/arch_design_predict/download-github-repos/mvvm/repos/Google-Message-App-Sample-master/app/src/main/java/com/google/test/message/viewscustom/CircleImageView.java,com.google.test.message.viewscustom.CircleImageView,"setPaddingRelative/4[int,int,int,int]",start,1
/home/arch_design_predict/download-github-repos/mvvm/repos/Google-Message-App-Sample-master/app/src/main/java/com/google/test/message/viewscustom/CircleImageView.java,com.google.test.message.viewscustom.CircleImageView,"setPaddingRelative/4[int,int,int,int]",end,1
/home/arch_design_predict/download-github-repos/mvvm/repos/Google-Message-App-Sample-master/app/src/main/java/com/google/test/message/viewscustom/CircleImageView.java,com.google.test.message.viewscustom.CircleImageView,getBitmapFromDrawable/1[com.google.test.message.viewscustom.Drawable],drawable,8
/home/arch_design_predict/download-github-repos/mvvm/repos/Google-Message-App-Sample-master/app/src/main/java/com/google/test/message/viewscustom/CircleImageView.java,com.google.test.message.viewscustom.CircleImageView,getBitmapFromDrawable/1[com.google.test.message.viewscustom.Drawable],canvas,3
/home/arch_design_predict/download-github-repos/mvvm/repos/Google-Message-App-Sample-master/app/src/main/java/com/google/test/message/viewscustom/CircleImageView.java,com.google.test.message.viewscustom.CircleImageView,getBitmapFromDrawable/1[com.google.test.message.viewscustom.Drawable],e,1
/home/arch_design_predict/download-github-repos/mvvm/repos/Google-Message-App-Sample-master/app/src/main/java/com/google/test/message/viewscustom/CircleImageView.java,com.google.test.message.viewscustom.CircleImageView,getBitmapFromDrawable/1[com.google.test.message.viewscustom.Drawable],bitmap,4
/home/arch_design_predict/download-github-repos/mvvm/repos/Google-Message-App-Sample-master/app/src/main/java/com/google/test/message/viewscustom/CircleImageView.java,com.google.test.message.viewscustom.CircleImageView,setImageURI/1[com.google.test.message.viewscustom.Uri],uri,1
/home/arch_design_predict/download-github-repos/mvvm/repos/Google-Message-App-Sample-master/app/src/main/java/com/google/test/message/viewscustom/CircleImageView.java,com.google.test.message.viewscustom.CircleImageView,"inTouchableArea/2[float,float]",x,1
/home/arch_design_predict/download-github-repos/mvvm/repos/Google-Message-App-Sample-master/app/src/main/java/com/google/test/message/viewscustom/CircleImageView.java,com.google.test.message.viewscustom.CircleImageView,"inTouchableArea/2[float,float]",y,1
/home/arch_design_predict/download-github-repos/mvvm/repos/Google-Message-App-Sample-master/app/src/main/java/com/google/test/message/viewscustom/CircleImageView.java,com.google.test.message.viewscustom.CircleImageView,"onSizeChanged/4[int,int,int,int]",oldw,1
/home/arch_design_predict/download-github-repos/mvvm/repos/Google-Message-App-Sample-master/app/src/main/java/com/google/test/message/viewscustom/CircleImageView.java,com.google.test.message.viewscustom.CircleImageView,"onSizeChanged/4[int,int,int,int]",oldh,1
/home/arch_design_predict/download-github-repos/mvvm/repos/Google-Message-App-Sample-master/app/src/main/java/com/google/test/message/viewscustom/CircleImageView.java,com.google.test.message.viewscustom.CircleImageView,"onSizeChanged/4[int,int,int,int]",w,1
/home/arch_design_predict/download-github-repos/mvvm/repos/Google-Message-App-Sample-master/app/src/main/java/com/google/test/message/viewscustom/CircleImageView.java,com.google.test.message.viewscustom.CircleImageView,"onSizeChanged/4[int,int,int,int]",h,1
/home/arch_design_predict/download-github-repos/mvvm/repos/Google-Message-App-Sample-master/app/src/main/java/com/google/test/message/viewscustom/CircleImageView.java,com.google.test.message.viewscustom.CircleImageView,"setPadding/4[int,int,int,int]",top,1
/home/arch_design_predict/download-github-repos/mvvm/repos/Google-Message-App-Sample-master/app/src/main/java/com/google/test/message/viewscustom/CircleImageView.java,com.google.test.message.viewscustom.CircleImageView,"setPadding/4[int,int,int,int]",left,1
/home/arch_design_predict/download-github-repos/mvvm/repos/Google-Message-App-Sample-master/app/src/main/java/com/google/test/message/viewscustom/CircleImageView.java,com.google.test.message.viewscustom.CircleImageView,"setPadding/4[int,int,int,int]",bottom,1
/home/arch_design_predict/download-github-repos/mvvm/repos/Google-Message-App-Sample-master/app/src/main/java/com/google/test/message/viewscustom/CircleImageView.java,com.google.test.message.viewscustom.CircleImageView,"setPadding/4[int,int,int,int]",right,1
/home/arch_design_predict/download-github-repos/mvvm/repos/Google-Message-App-Sample-master/app/src/main/java/com/google/test/message/viewscustom/CircleImageView.java,com.google.test.message.viewscustom.CircleImageView,setImageBitmap/1[com.google.test.message.viewscustom.Bitmap],bm,1
/home/arch_design_predict/download-github-repos/mvvm/repos/Google-Message-App-Sample-master/app/src/main/java/com/google/test/message/viewscustom/CircleImageView.java,com.google.test.message.viewscustom.CircleImageView,"CircleImageView/2[com.google.test.message.viewscustom.Context,com.google.test.message.viewscustom.AttributeSet]",context,1
/home/arch_design_predict/download-github-repos/mvvm/repos/Google-Message-App-Sample-master/app/src/main/java/com/google/test/message/viewscustom/CircleImageView.java,com.google.test.message.viewscustom.CircleImageView,"CircleImageView/2[com.google.test.message.viewscustom.Context,com.google.test.message.viewscustom.AttributeSet]",attrs,1
/home/arch_design_predict/download-github-repos/mvvm/repos/Google-Message-App-Sample-master/app/src/main/java/com/google/test/message/viewscustom/CircleImageView.java,com.google.test.message.viewscustom.CircleImageView,setAdjustViewBounds/1[boolean],adjustViewBounds,1
/home/arch_design_predict/download-github-repos/mvvm/repos/Google-Message-App-Sample-master/app/src/main/java/com/google/test/message/viewscustom/CircleImageView.java,com.google.test.message.viewscustom.CircleImageView,setFillColorResource/1[int],fillColorRes,1
/home/arch_design_predict/download-github-repos/mvvm/repos/Google-Message-App-Sample-master/app/src/main/java/com/google/test/message/adapters/MessageAdapter.java,com.google.test.message.adapters.MessageAdapter,getItemViewType/1[int],position,1
/home/arch_design_predict/download-github-repos/mvvm/repos/Google-Message-App-Sample-master/app/src/main/java/com/google/test/message/adapters/MessageAdapter.java,com.google.test.message.adapters.MessageAdapter,"onBindViewHolder/2[RecyclerView.ViewHolder,int]",holder,3
/home/arch_design_predict/download-github-repos/mvvm/repos/Google-Message-App-Sample-master/app/src/main/java/com/google/test/message/adapters/MessageAdapter.java,com.google.test.message.adapters.MessageAdapter,"onBindViewHolder/2[RecyclerView.ViewHolder,int]",position,1
/home/arch_design_predict/download-github-repos/mvvm/repos/Google-Message-App-Sample-master/app/src/main/java/com/google/test/message/adapters/MessageAdapter.java,com.google.test.message.adapters.MessageAdapter,"onCreateViewHolder/2[com.google.test.message.adapters.ViewGroup,int]",parent,3
/home/arch_design_predict/download-github-repos/mvvm/repos/Google-Message-App-Sample-master/app/src/main/java/com/google/test/message/adapters/MessageAdapter.java,com.google.test.message.adapters.MessageAdapter,"onCreateViewHolder/2[com.google.test.message.adapters.ViewGroup,int]",viewType,1
/home/arch_design_predict/download-github-repos/mvvm/repos/Google-Message-App-Sample-master/app/src/main/java/com/google/test/message/adapters/MessageAdapter.java,com.google.test.message.adapters.MessageAdapter,"onCreateViewHolder/2[com.google.test.message.adapters.ViewGroup,int]",headerBinding,1
/home/arch_design_predict/download-github-repos/mvvm/repos/Google-Message-App-Sample-master/app/src/main/java/com/google/test/message/adapters/MessageAdapter.java,com.google.test.message.adapters.MessageAdapter,"onCreateViewHolder/2[com.google.test.message.adapters.ViewGroup,int]",itemBinding,1
/home/arch_design_predict/download-github-repos/mvvm/repos/Google-Message-App-Sample-master/app/src/main/java/com/google/test/message/adapters/MessageAdapter.java,com.google.test.message.adapters.MessageAdapter,"onCreateViewHolder/2[com.google.test.message.adapters.ViewGroup,int]",layoutInflater,2
/home/arch_design_predict/download-github-repos/mvvm/repos/Google-Message-App-Sample-master/app/src/main/java/com/google/test/message/adapters/MessageAdapter.java,com.google.test.message.adapters.MessageAdapter,setNetworkState/1[com.google.test.message.utils.NetworkState],previousExtraRow,2
/home/arch_design_predict/download-github-repos/mvvm/repos/Google-Message-App-Sample-master/app/src/main/java/com/google/test/message/adapters/MessageAdapter.java,com.google.test.message.adapters.MessageAdapter,setNetworkState/1[com.google.test.message.utils.NetworkState],newNetworkState,2
/home/arch_design_predict/download-github-repos/mvvm/repos/Google-Message-App-Sample-master/app/src/main/java/com/google/test/message/adapters/MessageAdapter.java,com.google.test.message.adapters.MessageAdapter,setNetworkState/1[com.google.test.message.utils.NetworkState],newExtraRow,2
/home/arch_design_predict/download-github-repos/mvvm/repos/Google-Message-App-Sample-master/app/src/main/java/com/google/test/message/adapters/MessageAdapter.java,com.google.test.message.adapters.MessageAdapter,setNetworkState/1[com.google.test.message.utils.NetworkState],previousState,1
/home/arch_design_predict/download-github-repos/mvvm/repos/Google-Message-App-Sample-master/app/src/main/java/com/google/test/message/viewmodel/MessageViewModel.java,com.google.test.message.viewmodel.MessageViewModel,MessageViewModel/1[com.google.test.message.repository.MessageRepository],repository,2
/home/arch_design_predict/download-github-repos/mvvm/repos/Google-Message-App-Sample-master/app/src/main/java/com/google/test/message/viewmodel/MessageViewModel.java,com.google.test.message.viewmodel.MessageViewModel,init/0,messageDataFactory,2
/home/arch_design_predict/download-github-repos/mvvm/repos/Google-Message-App-Sample-master/app/src/main/java/com/google/test/message/viewmodel/MessageViewModel.java,com.google.test.message.viewmodel.MessageViewModel,init/0,executor,1
/home/arch_design_predict/download-github-repos/mvvm/repos/Google-Message-App-Sample-master/app/src/main/java/com/google/test/message/viewmodel/MessageViewModel.java,com.google.test.message.viewmodel.MessageViewModel,init/0,pagedListConfig,1
/home/arch_design_predict/download-github-repos/mvvm/repos/Google-Message-App-Sample-master/app/src/main/java/com/google/test/message/MessageApplication.java,com.google.test.message.MessageApplication,get/1[com.google.test.message.Activity],activity,1
/home/arch_design_predict/download-github-repos/mvvm/repos/Google-Message-App-Sample-master/app/src/main/java/com/google/test/message/MessageApplication.java,com.google.test.message.MessageApplication,create/1[com.google.test.message.Context],context,1
/home/arch_design_predict/download-github-repos/mvvm/repos/Google-Message-App-Sample-master/app/src/main/java/com/google/test/message/MessageApplication.java,com.google.test.message.MessageApplication,get/1[com.google.test.message.Context],context,1
/home/arch_design_predict/download-github-repos/mvvm/repos/Google-Message-App-Sample-master/app/src/main/java/com/google/test/message/activity/MessageActivity.java,com.google.test.message.activity.MessageActivity$Anonymous1,"onSwiped/2[RecyclerView.ViewHolder,int]",viewHolder,1
/home/arch_design_predict/download-github-repos/mvvm/repos/Google-Message-App-Sample-master/app/src/main/java/com/google/test/message/activity/MessageActivity.java,com.google.test.message.activity.MessageActivity$Anonymous1,"onSwiped/2[RecyclerView.ViewHolder,int]",direction,0
/home/arch_design_predict/download-github-repos/mvvm/repos/Google-Message-App-Sample-master/app/src/main/java/com/google/test/message/activity/MessageActivity.java,com.google.test.message.activity.MessageActivity$Anonymous1,"onMove/3[com.google.test.message.activity.RecyclerView,RecyclerView.ViewHolder,RecyclerView.ViewHolder]",viewHolder,0
/home/arch_design_predict/download-github-repos/mvvm/repos/Google-Message-App-Sample-master/app/src/main/java/com/google/test/message/activity/MessageActivity.java,com.google.test.message.activity.MessageActivity$Anonymous1,"onMove/3[com.google.test.message.activity.RecyclerView,RecyclerView.ViewHolder,RecyclerView.ViewHolder]",recyclerView,0
/home/arch_design_predict/download-github-repos/mvvm/repos/Google-Message-App-Sample-master/app/src/main/java/com/google/test/message/activity/MessageActivity.java,com.google.test.message.activity.MessageActivity$Anonymous1,"onMove/3[com.google.test.message.activity.RecyclerView,RecyclerView.ViewHolder,RecyclerView.ViewHolder]",target,0
/home/arch_design_predict/download-github-repos/mvvm/repos/Google-Message-App-Sample-master/app/src/main/java/com/google/test/message/di/component/AppComponent.java,com.google.test.message.di.component.AppComponent,inject/1[com.google.test.message.activity.MessageActivity],activity,0
/home/arch_design_predict/download-github-repos/mvvm/repos/Google-Message-App-Sample-master/app/src/main/java/com/google/test/message/datasource/MessageDataFactory.java,com.google.test.message.datasource.MessageDataFactory,MessageDataFactory/1[com.google.test.message.repository.MessageRepository],repository,2
/home/arch_design_predict/download-github-repos/mvvm/repos/Google-Message-App-Sample-master/app/src/main/java/com/google/test/message/datasource/MessageDataFactory.java,com.google.test.message.datasource.MessageDataFactory,create/0,messageDataSource,2
/home/arch_design_predict/download-github-repos/mvvm/repos/Google-Message-App-Sample-master/app/src/main/java/com/google/test/message/activity/MessageActivity.java,com.google.test.message.activity.MessageActivity,onNavigationItemSelected/1[com.google.test.message.activity.MenuItem],item,1
/home/arch_design_predict/download-github-repos/mvvm/repos/Google-Message-App-Sample-master/app/src/main/java/com/google/test/message/activity/MessageActivity.java,com.google.test.message.activity.MessageActivity,onNavigationItemSelected/1[com.google.test.message.activity.MenuItem],id,12
/home/arch_design_predict/download-github-repos/mvvm/repos/Google-Message-App-Sample-master/app/src/main/java/com/google/test/message/activity/MessageActivity.java,com.google.test.message.activity.MessageActivity,onCreate/1[com.google.test.message.activity.Bundle],savedInstanceState,1
/home/arch_design_predict/download-github-repos/mvvm/repos/Google-Message-App-Sample-master/app/src/main/java/com/google/test/message/activity/MessageActivity.java,com.google.test.message.activity.MessageActivity,onCreate/1[com.google.test.message.activity.Bundle],toggle,2
/home/arch_design_predict/download-github-repos/mvvm/repos/Google-Message-App-Sample-master/app/src/main/java/com/google/test/message/activity/MessageActivity.java,com.google.test.message.activity.MessageActivity,init/0,viewModel,2
/home/arch_design_predict/download-github-repos/mvvm/repos/Google-Message-App-Sample-master/app/src/main/java/com/google/test/message/utils/ConnectionDetector.java,com.google.test.message.utils.ConnectionDetector,initConnectionState/1[com.google.test.message.utils.Context],context,1
/home/arch_design_predict/download-github-repos/mvvm/repos/Google-Message-App-Sample-master/app/src/main/java/com/google/test/message/utils/ConnectionDetector.java,com.google.test.message.utils.ConnectionDetector,initConnectionState/1[com.google.test.message.utils.Context],cm,2
/home/arch_design_predict/download-github-repos/mvvm/repos/Google-Message-App-Sample-master/app/src/main/java/com/google/test/message/utils/ConnectionDetector.java,com.google.test.message.utils.ConnectionDetector,initConnectionState/1[com.google.test.message.utils.Context],activeNetwork,2
/home/arch_design_predict/download-github-repos/mvvm/repos/Google-Message-App-Sample-master/app/src/main/java/com/google/test/message/utils/ConnectionDetector.java,com.google.test.message.utils.ConnectionDetector,setIsConnectedToNetwork/1[boolean],isConnect,1
/home/arch_design_predict/download-github-repos/mvvm/repos/Google-Message-App-Sample-master/app/src/androidTest/java/com/google/test/message/ExampleInstrumentedTest.java,com.google.test.message.ExampleInstrumentedTest,useAppContext/0,appContext,1
/home/arch_design_predict/download-github-repos/mvvm/repos/Google-Message-App-Sample-master/app/src/main/java/com/google/test/message/di/module/app/ContextModule.java,com.google.test.message.di.module.app.ContextModule,ContextModule/1[com.google.test.message.di.module.app.Context],context,1
/home/arch_design_predict/download-github-repos/mvvm/repos/Google-Message-App-Sample-master/app/src/main/java/com/google/test/message/activity/SplashActivity.java,com.google.test.message.activity.SplashActivity,onCreate/1[com.google.test.message.activity.Bundle],savedInstanceState,1
/home/arch_design_predict/download-github-repos/mvvm/repos/Google-Message-App-Sample-master/app/src/main/java/com/google/test/message/activity/SplashActivity.java,com.google.test.message.activity.SplashActivity,onCreate/1[com.google.test.message.activity.Bundle],handler,1
/home/arch_design_predict/download-github-repos/mvvm/repos/Google-Message-App-Sample-master/app/src/main/java/com/google/test/message/activity/SplashActivity.java,com.google.test.message.activity.SplashActivity,init/0,v,0
/home/arch_design_predict/download-github-repos/mvvm/repos/Google-Message-App-Sample-master/app/src/main/java/com/google/test/message/activity/SplashActivity.java,com.google.test.message.activity.SplashActivity,init/0,snackbar,3
/home/arch_design_predict/download-github-repos/mvvm/repos/Google-Message-App-Sample-master/app/src/main/java/com/google/test/message/activity/SplashActivity.java,com.google.test.message.activity.SplashActivity,init/0,textView,1
/home/arch_design_predict/download-github-repos/mvvm/repos/Google-Message-App-Sample-master/app/src/main/java/com/google/test/message/activity/SplashActivity.java,com.google.test.message.activity.SplashActivity,init/0,sbView,1
/home/arch_design_predict/download-github-repos/mvvm/repos/Google-Message-App-Sample-master/app/src/main/java/com/google/test/message/utils/NetworkState.java,com.google.test.message.utils.NetworkState,"NetworkState/2[com.google.test.message.utils.NetworkState.Status,java.lang.String]",msg,2
/home/arch_design_predict/download-github-repos/mvvm/repos/Google-Message-App-Sample-master/app/src/main/java/com/google/test/message/utils/NetworkState.java,com.google.test.message.utils.NetworkState,"NetworkState/2[com.google.test.message.utils.NetworkState.Status,java.lang.String]",status,2
/home/arch_design_predict/download-github-repos/mvvm/repos/Google-Message-App-Sample-master/app/src/main/java/com/google/test/message/di/module/app/NetworkModule.java,com.google.test.message.di.module.app.NetworkModule,getCache/1[java.io.File],mFile,1
/home/arch_design_predict/download-github-repos/mvvm/repos/Google-Message-App-Sample-master/app/src/main/java/com/google/test/message/di/module/app/NetworkModule.java,com.google.test.message.di.module.app.NetworkModule,"getOKHttpClient/2[com.google.test.message.di.module.app.HttpLoggingInterceptor,com.google.test.message.di.module.app.Cache]",loggingInterceptor,1
/home/arch_design_predict/download-github-repos/mvvm/repos/Google-Message-App-Sample-master/app/src/main/java/com/google/test/message/di/module/app/NetworkModule.java,com.google.test.message.di.module.app.NetworkModule,"getOKHttpClient/2[com.google.test.message.di.module.app.HttpLoggingInterceptor,com.google.test.message.di.module.app.Cache]",mCache,1
/home/arch_design_predict/download-github-repos/mvvm/repos/Google-Message-App-Sample-master/app/src/main/java/com/google/test/message/di/module/app/NetworkModule.java,com.google.test.message.di.module.app.NetworkModule,getFile/1[com.google.test.message.di.module.app.Context],mContext,1
/home/arch_design_predict/download-github-repos/mvvm/repos/Google-Message-App-Sample-master/app/src/main/java/com/google/test/message/di/module/app/NetworkModule.java,com.google.test.message.di.module.app.NetworkModule,getHttpLoggingInterceptor/0,interceptor,2
/home/arch_design_predict/download-github-repos/mvvm/repos/Google-Message-App-Sample-master/app/src/main/java/com/google/test/message/di/module/app/NetworkModule.java,com.google.test.message.di.module.app.NetworkModule,getHttpLoggingInterceptor/0,message,1
