file,class,type,cbo,cboModified,fanin,fanout,wmc,dit,noc,rfc,lcom,lcom*,tcc,lcc,totalMethodsQty,staticMethodsQty,publicMethodsQty,privateMethodsQty,protectedMethodsQty,defaultMethodsQty,visibleMethodsQty,abstractMethodsQty,finalMethodsQty,synchronizedMethodsQty,totalFieldsQty,staticFieldsQty,publicFieldsQty,privateFieldsQty,protectedFieldsQty,defaultFieldsQty,finalFieldsQty,synchronizedFieldsQty,nosi,loc,returnQty,loopQty,comparisonsQty,tryCatchQty,parenthesizedExpsQty,stringLiteralsQty,numbersQty,assignmentsQty,mathOperationsQty,variablesQty,maxNestedBlocksQty,anonymousClassesQty,innerClassesQty,lambdasQty,uniqueWordsQty,modifiers,logStatementsQty
/home/arch_design_predict/download-github-repos/mvp/repos/AndroidMVPTemplates-main/MVP Contract.java,$.View,interface,0,2,2,0,0,1,0,0,0,0.0,-1.0,-1.0,0,0,0,0,0,0,0,0,0,0,0,0,0,0,0,0,0,0,0,2,0,0,0,0,0,0,0,0,0,0,0,0,0,0,1,0,0
/home/arch_design_predict/download-github-repos/mvp/repos/AndroidMVPTemplates-main/MVP Activity.java,$,class,2,3,0,3,4,1,0,4,4,0.5,0.0,0.0,4,0,0,1,3,0,3,0,0,0,1,0,0,0,0,1,0,0,0,15,0,0,0,0,0,0,0,0,0,1,0,0,0,0,11,1,0
/home/arch_design_predict/download-github-repos/mvp/repos/AndroidMVPTemplates-main/MVP Contract.java,$.Presenter,interface,1,1,0,1,2,1,0,0,1,0.0,0.0,0.0,2,0,0,0,0,2,2,0,0,0,0,0,0,0,0,0,0,0,0,4,0,0,0,0,0,0,0,0,0,0,0,0,0,0,5,0,0
/home/arch_design_predict/download-github-repos/mvp/repos/AndroidMVPTemplates-main/MVP Fragment.java,$.$,class,8,8,0,8,3,1,0,3,3,0.6666667,0.0,0.0,3,0,2,1,0,0,2,0,0,0,2,0,0,1,0,1,0,0,0,13,0,0,0,0,0,0,0,0,0,2,0,0,0,0,16,1,0
