file,class,method,variable,usage
/home/arch_design_predict/download-github-repos/mvvm/repos/a.studio.mvvm-master/app/src/main/java/com/example/akacalculatordesk/MainActivity.java,com.example.akacalculatordesk.MainActivity,buttonTanTikla/0,tasarim,1
/home/arch_design_predict/download-github-repos/mvvm/repos/a.studio.mvvm-master/app/src/main/java/com/example/akacalculatordesk/MainActivity.java,com.example.akacalculatordesk.MainActivity,buttonTanTikla/0,tanSonuc,2
/home/arch_design_predict/download-github-repos/mvvm/repos/a.studio.mvvm-master/app/src/main/java/com/example/akacalculatordesk/MainActivity.java,com.example.akacalculatordesk.MainActivity,buttonTanTikla/0,tanValue,2
/home/arch_design_predict/download-github-repos/mvvm/repos/a.studio.mvvm-master/app/src/main/java/com/example/akacalculatordesk/MainActivity.java,com.example.akacalculatordesk.MainActivity,buttonTanTikla/0,tanRad,2
/home/arch_design_predict/download-github-repos/mvvm/repos/a.studio.mvvm-master/app/src/main/java/com/example/akacalculatordesk/MainActivity.java,com.example.akacalculatordesk.MainActivity,buttonTanTikla/0,viewModel,1
/home/arch_design_predict/download-github-repos/mvvm/repos/a.studio.mvvm-master/app/src/main/java/com/example/akacalculatordesk/MainActivity.java,com.example.akacalculatordesk.MainActivity,buttonXKareTikla/0,tasarim,1
/home/arch_design_predict/download-github-repos/mvvm/repos/a.studio.mvvm-master/app/src/main/java/com/example/akacalculatordesk/MainActivity.java,com.example.akacalculatordesk.MainActivity,buttonXKareTikla/0,karedbl,2
/home/arch_design_predict/download-github-repos/mvvm/repos/a.studio.mvvm-master/app/src/main/java/com/example/akacalculatordesk/MainActivity.java,com.example.akacalculatordesk.MainActivity,buttonXKareTikla/0,viewModel,1
/home/arch_design_predict/download-github-repos/mvvm/repos/a.studio.mvvm-master/app/src/main/java/com/example/akacalculatordesk/MainActivity.java,com.example.akacalculatordesk.MainActivity,buttonXKareTikla/0,kare,2
/home/arch_design_predict/download-github-repos/mvvm/repos/a.studio.mvvm-master/app/src/main/java/com/example/akacalculatordesk/MainActivity.java,com.example.akacalculatordesk.MainActivity,buttonETikla/0,viewModel,1
/home/arch_design_predict/download-github-repos/mvvm/repos/a.studio.mvvm-master/app/src/main/java/com/example/akacalculatordesk/MainActivity.java,com.example.akacalculatordesk.MainActivity,button5Tikla/0,tasarim,3
/home/arch_design_predict/download-github-repos/mvvm/repos/a.studio.mvvm-master/app/src/main/java/com/example/akacalculatordesk/MainActivity.java,com.example.akacalculatordesk.MainActivity,button5Tikla/0,viewModel,2
/home/arch_design_predict/download-github-repos/mvvm/repos/a.studio.mvvm-master/app/src/main/java/com/example/akacalculatordesk/MainActivity.java,com.example.akacalculatordesk.MainActivity,buttonLnTikla/0,tasarim,1
/home/arch_design_predict/download-github-repos/mvvm/repos/a.studio.mvvm-master/app/src/main/java/com/example/akacalculatordesk/MainActivity.java,com.example.akacalculatordesk.MainActivity,buttonLnTikla/0,lndbl,2
/home/arch_design_predict/download-github-repos/mvvm/repos/a.studio.mvvm-master/app/src/main/java/com/example/akacalculatordesk/MainActivity.java,com.example.akacalculatordesk.MainActivity,buttonLnTikla/0,viewModel,1
/home/arch_design_predict/download-github-repos/mvvm/repos/a.studio.mvvm-master/app/src/main/java/com/example/akacalculatordesk/MainActivity.java,com.example.akacalculatordesk.MainActivity,buttonLnTikla/0,deger1,2
/home/arch_design_predict/download-github-repos/mvvm/repos/a.studio.mvvm-master/app/src/main/java/com/example/akacalculatordesk/MainActivity.java,com.example.akacalculatordesk.MainActivity,button4Tikla/0,tasarim,3
/home/arch_design_predict/download-github-repos/mvvm/repos/a.studio.mvvm-master/app/src/main/java/com/example/akacalculatordesk/MainActivity.java,com.example.akacalculatordesk.MainActivity,button4Tikla/0,viewModel,2
/home/arch_design_predict/download-github-repos/mvvm/repos/a.studio.mvvm-master/app/src/main/java/com/example/akacalculatordesk/MainActivity.java,com.example.akacalculatordesk.MainActivity,button10UzeriTikla/0,tasarim,1
/home/arch_design_predict/download-github-repos/mvvm/repos/a.studio.mvvm-master/app/src/main/java/com/example/akacalculatordesk/MainActivity.java,com.example.akacalculatordesk.MainActivity,button10UzeriTikla/0,viewModel,1
/home/arch_design_predict/download-github-repos/mvvm/repos/a.studio.mvvm-master/app/src/main/java/com/example/akacalculatordesk/MainActivity.java,com.example.akacalculatordesk.MainActivity,button10UzeriTikla/0,onUssu1,2
/home/arch_design_predict/download-github-repos/mvvm/repos/a.studio.mvvm-master/app/src/main/java/com/example/akacalculatordesk/MainActivity.java,com.example.akacalculatordesk.MainActivity,buttonATanTikla/0,tasarim,1
/home/arch_design_predict/download-github-repos/mvvm/repos/a.studio.mvvm-master/app/src/main/java/com/example/akacalculatordesk/MainActivity.java,com.example.akacalculatordesk.MainActivity,buttonATanTikla/0,aTanSonuc,4
/home/arch_design_predict/download-github-repos/mvvm/repos/a.studio.mvvm-master/app/src/main/java/com/example/akacalculatordesk/MainActivity.java,com.example.akacalculatordesk.MainActivity,buttonATanTikla/0,viewModel,1
/home/arch_design_predict/download-github-repos/mvvm/repos/a.studio.mvvm-master/app/src/main/java/com/example/akacalculatordesk/MainActivity.java,com.example.akacalculatordesk.MainActivity,buttonATanTikla/0,aTanValue,2
/home/arch_design_predict/download-github-repos/mvvm/repos/a.studio.mvvm-master/app/src/main/java/com/example/akacalculatordesk/MainActivity.java,com.example.akacalculatordesk.MainActivity,buttonC/0,viewModel,1
/home/arch_design_predict/download-github-repos/mvvm/repos/a.studio.mvvm-master/app/src/main/java/com/example/akacalculatordesk/MainActivity.java,com.example.akacalculatordesk.MainActivity,buttonEXTikla/0,tasarim,1
/home/arch_design_predict/download-github-repos/mvvm/repos/a.studio.mvvm-master/app/src/main/java/com/example/akacalculatordesk/MainActivity.java,com.example.akacalculatordesk.MainActivity,buttonEXTikla/0,ex,2
/home/arch_design_predict/download-github-repos/mvvm/repos/a.studio.mvvm-master/app/src/main/java/com/example/akacalculatordesk/MainActivity.java,com.example.akacalculatordesk.MainActivity,buttonEXTikla/0,viewModel,1
/home/arch_design_predict/download-github-repos/mvvm/repos/a.studio.mvvm-master/app/src/main/java/com/example/akacalculatordesk/MainActivity.java,com.example.akacalculatordesk.MainActivity,buttonEXTikla/0,exsonuc,2
/home/arch_design_predict/download-github-repos/mvvm/repos/a.studio.mvvm-master/app/src/main/java/com/example/akacalculatordesk/MainActivity.java,com.example.akacalculatordesk.MainActivity,buttonKokXTikla/0,tasarim,1
/home/arch_design_predict/download-github-repos/mvvm/repos/a.studio.mvvm-master/app/src/main/java/com/example/akacalculatordesk/MainActivity.java,com.example.akacalculatordesk.MainActivity,buttonKokXTikla/0,kokx,2
/home/arch_design_predict/download-github-repos/mvvm/repos/a.studio.mvvm-master/app/src/main/java/com/example/akacalculatordesk/MainActivity.java,com.example.akacalculatordesk.MainActivity,buttonKokXTikla/0,viewModel,1
/home/arch_design_predict/download-github-repos/mvvm/repos/a.studio.mvvm-master/app/src/main/java/com/example/akacalculatordesk/MainActivity.java,com.example.akacalculatordesk.MainActivity,buttonKokXTikla/0,deger1,2
/home/arch_design_predict/download-github-repos/mvvm/repos/a.studio.mvvm-master/app/src/main/java/com/example/akacalculatordesk/MainActivity.java,com.example.akacalculatordesk.MainActivity,buttonXYTikla/0,tasarim,1
/home/arch_design_predict/download-github-repos/mvvm/repos/a.studio.mvvm-master/app/src/main/java/com/example/akacalculatordesk/MainActivity.java,com.example.akacalculatordesk.MainActivity,buttonXYTikla/0,xy,1
/home/arch_design_predict/download-github-repos/mvvm/repos/a.studio.mvvm-master/app/src/main/java/com/example/akacalculatordesk/MainActivity.java,com.example.akacalculatordesk.MainActivity,buttonXYTikla/0,viewModel,1
/home/arch_design_predict/download-github-repos/mvvm/repos/a.studio.mvvm-master/app/src/main/java/com/example/akacalculatordesk/MainActivity.java,com.example.akacalculatordesk.MainActivity,buttonXYTikla/0,deger1,1
/home/arch_design_predict/download-github-repos/mvvm/repos/a.studio.mvvm-master/app/src/main/java/com/example/akacalculatordesk/MainActivity.java,com.example.akacalculatordesk.MainActivity,button2Tikla/0,tasarim,3
/home/arch_design_predict/download-github-repos/mvvm/repos/a.studio.mvvm-master/app/src/main/java/com/example/akacalculatordesk/MainActivity.java,com.example.akacalculatordesk.MainActivity,button2Tikla/0,viewModel,2
/home/arch_design_predict/download-github-repos/mvvm/repos/a.studio.mvvm-master/app/src/main/java/com/example/akacalculatordesk/MainActivity.java,com.example.akacalculatordesk.MainActivity,buttonCarpmaTikla/0,tasarim,1
/home/arch_design_predict/download-github-repos/mvvm/repos/a.studio.mvvm-master/app/src/main/java/com/example/akacalculatordesk/MainActivity.java,com.example.akacalculatordesk.MainActivity,buttonCarpmaTikla/0,viewModel,1
/home/arch_design_predict/download-github-repos/mvvm/repos/a.studio.mvvm-master/app/src/main/java/com/example/akacalculatordesk/MainActivity.java,com.example.akacalculatordesk.MainActivity,buttonCarpmaTikla/0,deger1,1
/home/arch_design_predict/download-github-repos/mvvm/repos/a.studio.mvvm-master/app/src/main/java/com/example/akacalculatordesk/MainActivity.java,com.example.akacalculatordesk.MainActivity,buttonCarpmaTikla/0,carpma,1
/home/arch_design_predict/download-github-repos/mvvm/repos/a.studio.mvvm-master/app/src/main/java/com/example/akacalculatordesk/MainActivity.java,com.example.akacalculatordesk.MainActivity,button6Tikla/0,tasarim,3
/home/arch_design_predict/download-github-repos/mvvm/repos/a.studio.mvvm-master/app/src/main/java/com/example/akacalculatordesk/MainActivity.java,com.example.akacalculatordesk.MainActivity,button6Tikla/0,viewModel,2
/home/arch_design_predict/download-github-repos/mvvm/repos/a.studio.mvvm-master/app/src/main/java/com/example/akacalculatordesk/MainActivity.java,com.example.akacalculatordesk.MainActivity,button7Tikla/0,tasarim,3
/home/arch_design_predict/download-github-repos/mvvm/repos/a.studio.mvvm-master/app/src/main/java/com/example/akacalculatordesk/MainActivity.java,com.example.akacalculatordesk.MainActivity,button7Tikla/0,viewModel,2
/home/arch_design_predict/download-github-repos/mvvm/repos/a.studio.mvvm-master/app/src/main/java/com/example/akacalculatordesk/MainActivity.java,com.example.akacalculatordesk.MainActivity,button3Tikla/0,tasarim,3
/home/arch_design_predict/download-github-repos/mvvm/repos/a.studio.mvvm-master/app/src/main/java/com/example/akacalculatordesk/MainActivity.java,com.example.akacalculatordesk.MainActivity,button3Tikla/0,viewModel,2
/home/arch_design_predict/download-github-repos/mvvm/repos/a.studio.mvvm-master/app/src/main/java/com/example/akacalculatordesk/MainActivity.java,com.example.akacalculatordesk.MainActivity,buttonXFacTikla/0,tasarim,1
/home/arch_design_predict/download-github-repos/mvvm/repos/a.studio.mvvm-master/app/src/main/java/com/example/akacalculatordesk/MainActivity.java,com.example.akacalculatordesk.MainActivity,buttonXFacTikla/0,xfacdbl,4
/home/arch_design_predict/download-github-repos/mvvm/repos/a.studio.mvvm-master/app/src/main/java/com/example/akacalculatordesk/MainActivity.java,com.example.akacalculatordesk.MainActivity,buttonXFacTikla/0,xfac,4
/home/arch_design_predict/download-github-repos/mvvm/repos/a.studio.mvvm-master/app/src/main/java/com/example/akacalculatordesk/MainActivity.java,com.example.akacalculatordesk.MainActivity,buttonXFacTikla/0,viewModel,3
/home/arch_design_predict/download-github-repos/mvvm/repos/a.studio.mvvm-master/app/src/main/java/com/example/akacalculatordesk/MainActivity.java,com.example.akacalculatordesk.MainActivity,buttonXFacTikla/0,xfacstr,2
/home/arch_design_predict/download-github-repos/mvvm/repos/a.studio.mvvm-master/app/src/main/java/com/example/akacalculatordesk/MainActivity.java,com.example.akacalculatordesk.MainActivity,buttonBolmeTikla/0,tasarim,1
/home/arch_design_predict/download-github-repos/mvvm/repos/a.studio.mvvm-master/app/src/main/java/com/example/akacalculatordesk/MainActivity.java,com.example.akacalculatordesk.MainActivity,buttonBolmeTikla/0,viewModel,1
/home/arch_design_predict/download-github-repos/mvvm/repos/a.studio.mvvm-master/app/src/main/java/com/example/akacalculatordesk/MainActivity.java,com.example.akacalculatordesk.MainActivity,buttonBolmeTikla/0,deger1,1
/home/arch_design_predict/download-github-repos/mvvm/repos/a.studio.mvvm-master/app/src/main/java/com/example/akacalculatordesk/MainActivity.java,com.example.akacalculatordesk.MainActivity,buttonBolmeTikla/0,bolme,1
/home/arch_design_predict/download-github-repos/mvvm/repos/a.studio.mvvm-master/app/src/main/java/com/example/akacalculatordesk/MainActivity.java,com.example.akacalculatordesk.MainActivity,buttonXKupTikla/0,tasarim,1
/home/arch_design_predict/download-github-repos/mvvm/repos/a.studio.mvvm-master/app/src/main/java/com/example/akacalculatordesk/MainActivity.java,com.example.akacalculatordesk.MainActivity,buttonXKupTikla/0,kupdbl,2
/home/arch_design_predict/download-github-repos/mvvm/repos/a.studio.mvvm-master/app/src/main/java/com/example/akacalculatordesk/MainActivity.java,com.example.akacalculatordesk.MainActivity,buttonXKupTikla/0,kup,2
/home/arch_design_predict/download-github-repos/mvvm/repos/a.studio.mvvm-master/app/src/main/java/com/example/akacalculatordesk/MainActivity.java,com.example.akacalculatordesk.MainActivity,buttonXKupTikla/0,viewModel,1
/home/arch_design_predict/download-github-repos/mvvm/repos/a.studio.mvvm-master/app/src/main/java/com/example/akacalculatordesk/MainActivity.java,com.example.akacalculatordesk.MainActivity,buttonSinTikla/0,tasarim,1
/home/arch_design_predict/download-github-repos/mvvm/repos/a.studio.mvvm-master/app/src/main/java/com/example/akacalculatordesk/MainActivity.java,com.example.akacalculatordesk.MainActivity,buttonSinTikla/0,degreeValue,2
/home/arch_design_predict/download-github-repos/mvvm/repos/a.studio.mvvm-master/app/src/main/java/com/example/akacalculatordesk/MainActivity.java,com.example.akacalculatordesk.MainActivity,buttonSinTikla/0,sinSonuc,2
/home/arch_design_predict/download-github-repos/mvvm/repos/a.studio.mvvm-master/app/src/main/java/com/example/akacalculatordesk/MainActivity.java,com.example.akacalculatordesk.MainActivity,buttonSinTikla/0,viewModel,1
/home/arch_design_predict/download-github-repos/mvvm/repos/a.studio.mvvm-master/app/src/main/java/com/example/akacalculatordesk/MainActivity.java,com.example.akacalculatordesk.MainActivity,buttonSinTikla/0,radValue,2
/home/arch_design_predict/download-github-repos/mvvm/repos/a.studio.mvvm-master/app/src/main/java/com/example/akacalculatordesk/MainActivity.java,com.example.akacalculatordesk.MainActivity,buttonCosTikla/0,tasarim,1
/home/arch_design_predict/download-github-repos/mvvm/repos/a.studio.mvvm-master/app/src/main/java/com/example/akacalculatordesk/MainActivity.java,com.example.akacalculatordesk.MainActivity,buttonCosTikla/0,cosSonuc,2
/home/arch_design_predict/download-github-repos/mvvm/repos/a.studio.mvvm-master/app/src/main/java/com/example/akacalculatordesk/MainActivity.java,com.example.akacalculatordesk.MainActivity,buttonCosTikla/0,cosValue,2
/home/arch_design_predict/download-github-repos/mvvm/repos/a.studio.mvvm-master/app/src/main/java/com/example/akacalculatordesk/MainActivity.java,com.example.akacalculatordesk.MainActivity,buttonCosTikla/0,viewModel,1
/home/arch_design_predict/download-github-repos/mvvm/repos/a.studio.mvvm-master/app/src/main/java/com/example/akacalculatordesk/MainActivity.java,com.example.akacalculatordesk.MainActivity,buttonCosTikla/0,cosRad,2
/home/arch_design_predict/download-github-repos/mvvm/repos/a.studio.mvvm-master/app/src/main/java/com/example/akacalculatordesk/MainActivity.java,com.example.akacalculatordesk.MainActivity,button9Tikla/0,tasarim,3
/home/arch_design_predict/download-github-repos/mvvm/repos/a.studio.mvvm-master/app/src/main/java/com/example/akacalculatordesk/MainActivity.java,com.example.akacalculatordesk.MainActivity,button9Tikla/0,viewModel,2
/home/arch_design_predict/download-github-repos/mvvm/repos/a.studio.mvvm-master/app/src/main/java/com/example/akacalculatordesk/MainActivity.java,com.example.akacalculatordesk.MainActivity,onCreate/1[com.example.akacalculatordesk.Bundle],tasarim,2
/home/arch_design_predict/download-github-repos/mvvm/repos/a.studio.mvvm-master/app/src/main/java/com/example/akacalculatordesk/MainActivity.java,com.example.akacalculatordesk.MainActivity,onCreate/1[com.example.akacalculatordesk.Bundle],xy,1
/home/arch_design_predict/download-github-repos/mvvm/repos/a.studio.mvvm-master/app/src/main/java/com/example/akacalculatordesk/MainActivity.java,com.example.akacalculatordesk.MainActivity,onCreate/1[com.example.akacalculatordesk.Bundle],toplama,1
/home/arch_design_predict/download-github-repos/mvvm/repos/a.studio.mvvm-master/app/src/main/java/com/example/akacalculatordesk/MainActivity.java,com.example.akacalculatordesk.MainActivity,onCreate/1[com.example.akacalculatordesk.Bundle],viewModel,2
/home/arch_design_predict/download-github-repos/mvvm/repos/a.studio.mvvm-master/app/src/main/java/com/example/akacalculatordesk/MainActivity.java,com.example.akacalculatordesk.MainActivity,onCreate/1[com.example.akacalculatordesk.Bundle],carpma,1
/home/arch_design_predict/download-github-repos/mvvm/repos/a.studio.mvvm-master/app/src/main/java/com/example/akacalculatordesk/MainActivity.java,com.example.akacalculatordesk.MainActivity,onCreate/1[com.example.akacalculatordesk.Bundle],cikarma,1
/home/arch_design_predict/download-github-repos/mvvm/repos/a.studio.mvvm-master/app/src/main/java/com/example/akacalculatordesk/MainActivity.java,com.example.akacalculatordesk.MainActivity,onCreate/1[com.example.akacalculatordesk.Bundle],bolme,1
/home/arch_design_predict/download-github-repos/mvvm/repos/a.studio.mvvm-master/app/src/main/java/com/example/akacalculatordesk/MainActivity.java,com.example.akacalculatordesk.MainActivity,button1Tikla/0,tasarim,3
/home/arch_design_predict/download-github-repos/mvvm/repos/a.studio.mvvm-master/app/src/main/java/com/example/akacalculatordesk/MainActivity.java,com.example.akacalculatordesk.MainActivity,button1Tikla/0,viewModel,2
/home/arch_design_predict/download-github-repos/mvvm/repos/a.studio.mvvm-master/app/src/main/java/com/example/akacalculatordesk/MainActivity.java,com.example.akacalculatordesk.MainActivity,button0Tikla/0,tasarim,3
/home/arch_design_predict/download-github-repos/mvvm/repos/a.studio.mvvm-master/app/src/main/java/com/example/akacalculatordesk/MainActivity.java,com.example.akacalculatordesk.MainActivity,button0Tikla/0,viewModel,2
/home/arch_design_predict/download-github-repos/mvvm/repos/a.studio.mvvm-master/app/src/main/java/com/example/akacalculatordesk/MainActivity.java,com.example.akacalculatordesk.MainActivity,buttonACosTikla/0,tasarim,1
/home/arch_design_predict/download-github-repos/mvvm/repos/a.studio.mvvm-master/app/src/main/java/com/example/akacalculatordesk/MainActivity.java,com.example.akacalculatordesk.MainActivity,buttonACosTikla/0,acosValue,2
/home/arch_design_predict/download-github-repos/mvvm/repos/a.studio.mvvm-master/app/src/main/java/com/example/akacalculatordesk/MainActivity.java,com.example.akacalculatordesk.MainActivity,buttonACosTikla/0,aCosSonuc,4
/home/arch_design_predict/download-github-repos/mvvm/repos/a.studio.mvvm-master/app/src/main/java/com/example/akacalculatordesk/MainActivity.java,com.example.akacalculatordesk.MainActivity,buttonACosTikla/0,viewModel,1
/home/arch_design_predict/download-github-repos/mvvm/repos/a.studio.mvvm-master/app/src/main/java/com/example/akacalculatordesk/MainActivity.java,com.example.akacalculatordesk.MainActivity,buttonYuzeBol/0,tasarim,1
/home/arch_design_predict/download-github-repos/mvvm/repos/a.studio.mvvm-master/app/src/main/java/com/example/akacalculatordesk/MainActivity.java,com.example.akacalculatordesk.MainActivity,buttonYuzeBol/0,yuzebol,4
/home/arch_design_predict/download-github-repos/mvvm/repos/a.studio.mvvm-master/app/src/main/java/com/example/akacalculatordesk/MainActivity.java,com.example.akacalculatordesk.MainActivity,buttonYuzeBol/0,viewModel,1
/home/arch_design_predict/download-github-repos/mvvm/repos/a.studio.mvvm-master/app/src/main/java/com/example/akacalculatordesk/MainActivity.java,com.example.akacalculatordesk.MainActivity,buttonRandTikla/0,rnd,2
/home/arch_design_predict/download-github-repos/mvvm/repos/a.studio.mvvm-master/app/src/main/java/com/example/akacalculatordesk/MainActivity.java,com.example.akacalculatordesk.MainActivity,buttonRandTikla/0,viewModel,1
/home/arch_design_predict/download-github-repos/mvvm/repos/a.studio.mvvm-master/app/src/main/java/com/example/akacalculatordesk/MainActivity.java,com.example.akacalculatordesk.MainActivity,buttonToplamaTikla/0,tasarim,1
/home/arch_design_predict/download-github-repos/mvvm/repos/a.studio.mvvm-master/app/src/main/java/com/example/akacalculatordesk/MainActivity.java,com.example.akacalculatordesk.MainActivity,buttonToplamaTikla/0,toplama,1
/home/arch_design_predict/download-github-repos/mvvm/repos/a.studio.mvvm-master/app/src/main/java/com/example/akacalculatordesk/MainActivity.java,com.example.akacalculatordesk.MainActivity,buttonToplamaTikla/0,viewModel,1
/home/arch_design_predict/download-github-repos/mvvm/repos/a.studio.mvvm-master/app/src/main/java/com/example/akacalculatordesk/MainActivity.java,com.example.akacalculatordesk.MainActivity,buttonToplamaTikla/0,deger1,1
/home/arch_design_predict/download-github-repos/mvvm/repos/a.studio.mvvm-master/app/src/main/java/com/example/akacalculatordesk/MainActivity.java,com.example.akacalculatordesk.MainActivity,buttonReverse/0,tasarim,1
/home/arch_design_predict/download-github-repos/mvvm/repos/a.studio.mvvm-master/app/src/main/java/com/example/akacalculatordesk/MainActivity.java,com.example.akacalculatordesk.MainActivity,buttonReverse/0,tersinirdeger,4
/home/arch_design_predict/download-github-repos/mvvm/repos/a.studio.mvvm-master/app/src/main/java/com/example/akacalculatordesk/MainActivity.java,com.example.akacalculatordesk.MainActivity,buttonReverse/0,viewModel,1
/home/arch_design_predict/download-github-repos/mvvm/repos/a.studio.mvvm-master/app/src/main/java/com/example/akacalculatordesk/MainActivity.java,com.example.akacalculatordesk.MainActivity,buttonASinTikla/0,tasarim,1
/home/arch_design_predict/download-github-repos/mvvm/repos/a.studio.mvvm-master/app/src/main/java/com/example/akacalculatordesk/MainActivity.java,com.example.akacalculatordesk.MainActivity,buttonASinTikla/0,aSinsonuc,4
/home/arch_design_predict/download-github-repos/mvvm/repos/a.studio.mvvm-master/app/src/main/java/com/example/akacalculatordesk/MainActivity.java,com.example.akacalculatordesk.MainActivity,buttonASinTikla/0,viewModel,1
/home/arch_design_predict/download-github-repos/mvvm/repos/a.studio.mvvm-master/app/src/main/java/com/example/akacalculatordesk/MainActivity.java,com.example.akacalculatordesk.MainActivity,buttonASinTikla/0,aSindegreeValue,2
/home/arch_design_predict/download-github-repos/mvvm/repos/a.studio.mvvm-master/app/src/main/java/com/example/akacalculatordesk/MainActivity.java,com.example.akacalculatordesk.MainActivity,buttonEsittir/0,tasarim,1
/home/arch_design_predict/download-github-repos/mvvm/repos/a.studio.mvvm-master/app/src/main/java/com/example/akacalculatordesk/MainActivity.java,com.example.akacalculatordesk.MainActivity,buttonEsittir/0,xy,2
/home/arch_design_predict/download-github-repos/mvvm/repos/a.studio.mvvm-master/app/src/main/java/com/example/akacalculatordesk/MainActivity.java,com.example.akacalculatordesk.MainActivity,buttonEsittir/0,carpmadeger,2
/home/arch_design_predict/download-github-repos/mvvm/repos/a.studio.mvvm-master/app/src/main/java/com/example/akacalculatordesk/MainActivity.java,com.example.akacalculatordesk.MainActivity,buttonEsittir/0,carpmaSonuc,2
/home/arch_design_predict/download-github-repos/mvvm/repos/a.studio.mvvm-master/app/src/main/java/com/example/akacalculatordesk/MainActivity.java,com.example.akacalculatordesk.MainActivity,buttonEsittir/0,bolmedeger,2
/home/arch_design_predict/download-github-repos/mvvm/repos/a.studio.mvvm-master/app/src/main/java/com/example/akacalculatordesk/MainActivity.java,com.example.akacalculatordesk.MainActivity,buttonEsittir/0,toplama,2
/home/arch_design_predict/download-github-repos/mvvm/repos/a.studio.mvvm-master/app/src/main/java/com/example/akacalculatordesk/MainActivity.java,com.example.akacalculatordesk.MainActivity,buttonEsittir/0,bolmeSonuc,2
/home/arch_design_predict/download-github-repos/mvvm/repos/a.studio.mvvm-master/app/src/main/java/com/example/akacalculatordesk/MainActivity.java,com.example.akacalculatordesk.MainActivity,buttonEsittir/0,carpma,2
/home/arch_design_predict/download-github-repos/mvvm/repos/a.studio.mvvm-master/app/src/main/java/com/example/akacalculatordesk/MainActivity.java,com.example.akacalculatordesk.MainActivity,buttonEsittir/0,toplamadeger,2
/home/arch_design_predict/download-github-repos/mvvm/repos/a.studio.mvvm-master/app/src/main/java/com/example/akacalculatordesk/MainActivity.java,com.example.akacalculatordesk.MainActivity,buttonEsittir/0,cikarma,2
/home/arch_design_predict/download-github-repos/mvvm/repos/a.studio.mvvm-master/app/src/main/java/com/example/akacalculatordesk/MainActivity.java,com.example.akacalculatordesk.MainActivity,buttonEsittir/0,cikarmadeger,2
/home/arch_design_predict/download-github-repos/mvvm/repos/a.studio.mvvm-master/app/src/main/java/com/example/akacalculatordesk/MainActivity.java,com.example.akacalculatordesk.MainActivity,buttonEsittir/0,bolme,2
/home/arch_design_predict/download-github-repos/mvvm/repos/a.studio.mvvm-master/app/src/main/java/com/example/akacalculatordesk/MainActivity.java,com.example.akacalculatordesk.MainActivity,buttonEsittir/0,cikarmaSonuc,2
/home/arch_design_predict/download-github-repos/mvvm/repos/a.studio.mvvm-master/app/src/main/java/com/example/akacalculatordesk/MainActivity.java,com.example.akacalculatordesk.MainActivity,buttonEsittir/0,toplamasonuc,2
/home/arch_design_predict/download-github-repos/mvvm/repos/a.studio.mvvm-master/app/src/main/java/com/example/akacalculatordesk/MainActivity.java,com.example.akacalculatordesk.MainActivity,buttonEsittir/0,viewModel,5
/home/arch_design_predict/download-github-repos/mvvm/repos/a.studio.mvvm-master/app/src/main/java/com/example/akacalculatordesk/MainActivity.java,com.example.akacalculatordesk.MainActivity,buttonEsittir/0,deger1,5
/home/arch_design_predict/download-github-repos/mvvm/repos/a.studio.mvvm-master/app/src/main/java/com/example/akacalculatordesk/MainActivity.java,com.example.akacalculatordesk.MainActivity,buttonEsittir/0,deger2,6
/home/arch_design_predict/download-github-repos/mvvm/repos/a.studio.mvvm-master/app/src/main/java/com/example/akacalculatordesk/MainActivity.java,com.example.akacalculatordesk.MainActivity,buttonEsittir/0,xydbl,2
/home/arch_design_predict/download-github-repos/mvvm/repos/a.studio.mvvm-master/app/src/main/java/com/example/akacalculatordesk/MainActivity.java,com.example.akacalculatordesk.MainActivity,buttonNokta/0,tasarim,3
/home/arch_design_predict/download-github-repos/mvvm/repos/a.studio.mvvm-master/app/src/main/java/com/example/akacalculatordesk/MainActivity.java,com.example.akacalculatordesk.MainActivity,buttonNokta/0,viewModel,1
/home/arch_design_predict/download-github-repos/mvvm/repos/a.studio.mvvm-master/app/src/main/java/com/example/akacalculatordesk/MainActivity.java,com.example.akacalculatordesk.MainActivity,buttonKesirTikla/0,tasarim,1
/home/arch_design_predict/download-github-repos/mvvm/repos/a.studio.mvvm-master/app/src/main/java/com/example/akacalculatordesk/MainActivity.java,com.example.akacalculatordesk.MainActivity,buttonKesirTikla/0,kesir,2
/home/arch_design_predict/download-github-repos/mvvm/repos/a.studio.mvvm-master/app/src/main/java/com/example/akacalculatordesk/MainActivity.java,com.example.akacalculatordesk.MainActivity,buttonKesirTikla/0,kesirdbl,2
/home/arch_design_predict/download-github-repos/mvvm/repos/a.studio.mvvm-master/app/src/main/java/com/example/akacalculatordesk/MainActivity.java,com.example.akacalculatordesk.MainActivity,buttonKesirTikla/0,viewModel,1
/home/arch_design_predict/download-github-repos/mvvm/repos/a.studio.mvvm-master/app/src/main/java/com/example/akacalculatordesk/MainActivity.java,com.example.akacalculatordesk.MainActivity,buttonPiTikla/0,viewModel,1
/home/arch_design_predict/download-github-repos/mvvm/repos/a.studio.mvvm-master/app/src/main/java/com/example/akacalculatordesk/MainActivity.java,com.example.akacalculatordesk.MainActivity,buttonKupKokXTikla/0,tasarim,1
/home/arch_design_predict/download-github-repos/mvvm/repos/a.studio.mvvm-master/app/src/main/java/com/example/akacalculatordesk/MainActivity.java,com.example.akacalculatordesk.MainActivity,buttonKupKokXTikla/0,kupkokx,2
/home/arch_design_predict/download-github-repos/mvvm/repos/a.studio.mvvm-master/app/src/main/java/com/example/akacalculatordesk/MainActivity.java,com.example.akacalculatordesk.MainActivity,buttonKupKokXTikla/0,viewModel,1
/home/arch_design_predict/download-github-repos/mvvm/repos/a.studio.mvvm-master/app/src/main/java/com/example/akacalculatordesk/MainActivity.java,com.example.akacalculatordesk.MainActivity,buttonKupKokXTikla/0,deger1,2
/home/arch_design_predict/download-github-repos/mvvm/repos/a.studio.mvvm-master/app/src/main/java/com/example/akacalculatordesk/MainActivity.java,com.example.akacalculatordesk.MainActivity,button8Tikla/0,tasarim,3
/home/arch_design_predict/download-github-repos/mvvm/repos/a.studio.mvvm-master/app/src/main/java/com/example/akacalculatordesk/MainActivity.java,com.example.akacalculatordesk.MainActivity,button8Tikla/0,viewModel,2
/home/arch_design_predict/download-github-repos/mvvm/repos/a.studio.mvvm-master/app/src/main/java/com/example/akacalculatordesk/MainActivity.java,com.example.akacalculatordesk.MainActivity,buttonLog10Tikla/0,tasarim,1
/home/arch_design_predict/download-github-repos/mvvm/repos/a.studio.mvvm-master/app/src/main/java/com/example/akacalculatordesk/MainActivity.java,com.example.akacalculatordesk.MainActivity,buttonLog10Tikla/0,viewModel,1
/home/arch_design_predict/download-github-repos/mvvm/repos/a.studio.mvvm-master/app/src/main/java/com/example/akacalculatordesk/MainActivity.java,com.example.akacalculatordesk.MainActivity,buttonLog10Tikla/0,deger1,2
/home/arch_design_predict/download-github-repos/mvvm/repos/a.studio.mvvm-master/app/src/main/java/com/example/akacalculatordesk/MainActivity.java,com.example.akacalculatordesk.MainActivity,buttonLog10Tikla/0,logdbl,2
/home/arch_design_predict/download-github-repos/mvvm/repos/a.studio.mvvm-master/app/src/main/java/com/example/akacalculatordesk/MainActivity.java,com.example.akacalculatordesk.MainActivity,buttonCikarmaTikla/0,tasarim,1
/home/arch_design_predict/download-github-repos/mvvm/repos/a.studio.mvvm-master/app/src/main/java/com/example/akacalculatordesk/MainActivity.java,com.example.akacalculatordesk.MainActivity,buttonCikarmaTikla/0,viewModel,1
/home/arch_design_predict/download-github-repos/mvvm/repos/a.studio.mvvm-master/app/src/main/java/com/example/akacalculatordesk/MainActivity.java,com.example.akacalculatordesk.MainActivity,buttonCikarmaTikla/0,deger1,1
/home/arch_design_predict/download-github-repos/mvvm/repos/a.studio.mvvm-master/app/src/main/java/com/example/akacalculatordesk/MainActivity.java,com.example.akacalculatordesk.MainActivity,buttonCikarmaTikla/0,cikarma,1
/home/arch_design_predict/download-github-repos/mvvm/repos/a.studio.mvvm-master/app/src/main/java/com/example/akacalculatordesk/MainActivityViewModel.java,com.example.akacalculatordesk.MainActivityViewModel,MainActivityViewModel/0,sonuc,1
/home/arch_design_predict/download-github-repos/mvvm/repos/a.studio.mvvm-master/app/src/main/java/com/example/akacalculatordesk/MainActivityViewModel.java,com.example.akacalculatordesk.MainActivityViewModel,getSonuc/0,sonuc,1
