file,class,method,variable,usage
/home/arch_design_predict/download-github-repos/mvvm/repos/a.studio.mvvm-master/app/src/androidTest/java/com/example/akacalculatordesk/ExampleInstrumentedTest.java,com.example.akacalculatordesk.ExampleInstrumentedTest,useAppContext/0,appContext,1
/home/arch_design_predict/download-github-repos/mvvm/repos/a.studio.mvvm-master/app/src/main/java/com/example/akacalculatordesk/MainActivity.java,com.example.akacalculatordesk.MainActivity,button5Tikla/0,boyut,2
/home/arch_design_predict/download-github-repos/mvvm/repos/a.studio.mvvm-master/app/src/main/java/com/example/akacalculatordesk/MainActivity.java,com.example.akacalculatordesk.MainActivity,button4Tikla/0,boyut,2
/home/arch_design_predict/download-github-repos/mvvm/repos/a.studio.mvvm-master/app/src/main/java/com/example/akacalculatordesk/MainActivity.java,com.example.akacalculatordesk.MainActivity,button10UzeriTikla/0,ans,1
/home/arch_design_predict/download-github-repos/mvvm/repos/a.studio.mvvm-master/app/src/main/java/com/example/akacalculatordesk/MainActivity.java,com.example.akacalculatordesk.MainActivity,button2Tikla/0,boyut,2
/home/arch_design_predict/download-github-repos/mvvm/repos/a.studio.mvvm-master/app/src/main/java/com/example/akacalculatordesk/MainActivity.java,com.example.akacalculatordesk.MainActivity,button6Tikla/0,boyut,2
/home/arch_design_predict/download-github-repos/mvvm/repos/a.studio.mvvm-master/app/src/main/java/com/example/akacalculatordesk/MainActivity.java,com.example.akacalculatordesk.MainActivity,button7Tikla/0,boyut,2
/home/arch_design_predict/download-github-repos/mvvm/repos/a.studio.mvvm-master/app/src/main/java/com/example/akacalculatordesk/MainActivity.java,com.example.akacalculatordesk.MainActivity,button3Tikla/0,boyut,2
/home/arch_design_predict/download-github-repos/mvvm/repos/a.studio.mvvm-master/app/src/main/java/com/example/akacalculatordesk/MainActivity.java,com.example.akacalculatordesk.MainActivity,buttonXFacTikla/0,i,3
/home/arch_design_predict/download-github-repos/mvvm/repos/a.studio.mvvm-master/app/src/main/java/com/example/akacalculatordesk/MainActivity.java,com.example.akacalculatordesk.MainActivity,button9Tikla/0,boyut,2
/home/arch_design_predict/download-github-repos/mvvm/repos/a.studio.mvvm-master/app/src/main/java/com/example/akacalculatordesk/MainActivity.java,com.example.akacalculatordesk.MainActivity,onCreate/1[com.example.akacalculatordesk.Bundle],savedInstanceState,1
/home/arch_design_predict/download-github-repos/mvvm/repos/a.studio.mvvm-master/app/src/main/java/com/example/akacalculatordesk/MainActivity.java,com.example.akacalculatordesk.MainActivity,button1Tikla/0,boyut,2
/home/arch_design_predict/download-github-repos/mvvm/repos/a.studio.mvvm-master/app/src/main/java/com/example/akacalculatordesk/MainActivity.java,com.example.akacalculatordesk.MainActivity,button0Tikla/0,boyut,2
/home/arch_design_predict/download-github-repos/mvvm/repos/a.studio.mvvm-master/app/src/main/java/com/example/akacalculatordesk/MainActivity.java,com.example.akacalculatordesk.MainActivity,buttonRandTikla/0,r,1
/home/arch_design_predict/download-github-repos/mvvm/repos/a.studio.mvvm-master/app/src/main/java/com/example/akacalculatordesk/MainActivity.java,com.example.akacalculatordesk.MainActivity,buttonNokta/0,a,3
/home/arch_design_predict/download-github-repos/mvvm/repos/a.studio.mvvm-master/app/src/main/java/com/example/akacalculatordesk/MainActivity.java,com.example.akacalculatordesk.MainActivity,buttonNokta/0,boyut,4
/home/arch_design_predict/download-github-repos/mvvm/repos/a.studio.mvvm-master/app/src/main/java/com/example/akacalculatordesk/MainActivity.java,com.example.akacalculatordesk.MainActivity,buttonNokta/0,noktaSayac,2
/home/arch_design_predict/download-github-repos/mvvm/repos/a.studio.mvvm-master/app/src/main/java/com/example/akacalculatordesk/MainActivity.java,com.example.akacalculatordesk.MainActivity,buttonNokta/0,harfler,2
/home/arch_design_predict/download-github-repos/mvvm/repos/a.studio.mvvm-master/app/src/main/java/com/example/akacalculatordesk/MainActivity.java,com.example.akacalculatordesk.MainActivity,buttonNokta/0,i,4
/home/arch_design_predict/download-github-repos/mvvm/repos/a.studio.mvvm-master/app/src/main/java/com/example/akacalculatordesk/MainActivity.java,com.example.akacalculatordesk.MainActivity,button8Tikla/0,boyut,2
/home/arch_design_predict/download-github-repos/mvvm/repos/a.studio.mvvm-master/app/src/main/java/com/example/akacalculatordesk/MainActivity.java,com.example.akacalculatordesk.MainActivity$Anonymous1,onChanged/1[java.lang.String],s,1
