file,class,type,cbo,cboModified,fanin,fanout,wmc,dit,noc,rfc,lcom,lcom*,tcc,lcc,totalMethodsQty,staticMethodsQty,publicMethodsQty,privateMethodsQty,protectedMethodsQty,defaultMethodsQty,visibleMethodsQty,abstractMethodsQty,finalMethodsQty,synchronizedMethodsQty,totalFieldsQty,staticFieldsQty,publicFieldsQty,privateFieldsQty,protectedFieldsQty,defaultFieldsQty,finalFieldsQty,synchronizedFieldsQty,nosi,loc,returnQty,loopQty,comparisonsQty,tryCatchQty,parenthesizedExpsQty,stringLiteralsQty,numbersQty,assignmentsQty,mathOperationsQty,variablesQty,maxNestedBlocksQty,anonymousClassesQty,innerClassesQty,lambdasQty,uniqueWordsQty,modifiers,logStatementsQty
/home/arch_design_predict/download-github-repos/mvvm/repos/Android-Mvvm-Image-Display-App-master/app/src/main/java/com/example/android_mvvm_recycler_view/model/NicePlace.java,com.example.android_mvvm_recycler_view.model.NicePlace,class,0,0,0,0,6,1,0,0,3,0.5,0.4,0.6666667,6,0,6,0,0,0,6,0,0,0,2,0,0,2,0,0,0,0,0,22,2,0,0,0,0,0,0,4,0,2,0,0,0,0,9,1,0
/home/arch_design_predict/download-github-repos/mvvm/repos/Android-Mvvm-Image-Display-App-master/app/src/main/java/com/example/android_mvvm_recycler_view/FirstFragment.java,com.example.android_mvvm_recycler_view.FirstFragment$Anonymous1,anonymous,1,1,0,1,1,1,0,2,0,0.0,NaN,NaN,1,0,1,0,0,0,1,0,0,0,0,0,0,0,0,0,0,0,0,5,0,0,0,0,0,0,0,0,0,0,0,0,0,0,4,-1,0
/home/arch_design_predict/download-github-repos/mvvm/repos/Android-Mvvm-Image-Display-App-master/app/src/main/java/com/example/android_mvvm_recycler_view/SecondFragment.java,com.example.android_mvvm_recycler_view.SecondFragment,class,6,6,0,6,2,2,0,4,1,0.0,0.0,0.0,2,0,2,0,0,0,2,0,0,0,0,0,0,0,0,0,0,0,0,14,1,0,0,0,0,0,0,0,0,0,0,1,0,0,13,1,0
/home/arch_design_predict/download-github-repos/mvvm/repos/Android-Mvvm-Image-Display-App-master/app/src/main/java/com/example/android_mvvm_recycler_view/FirstFragment.java,com.example.android_mvvm_recycler_view.FirstFragment,class,6,6,0,6,2,2,0,4,1,0.0,0.0,0.0,2,0,2,0,0,0,2,0,0,0,0,0,0,0,0,0,0,0,0,14,1,0,0,0,0,0,0,0,0,0,0,1,0,0,13,1,0
/home/arch_design_predict/download-github-repos/mvvm/repos/Android-Mvvm-Image-Display-App-master/app/src/androidTest/java/com/example/android_mvvm_recycler_view/ExampleInstrumentedTest.java,com.example.android_mvvm_recycler_view.ExampleInstrumentedTest,class,4,4,0,4,1,1,0,4,0,0.0,NaN,NaN,1,0,1,0,0,0,1,0,0,0,0,0,0,0,0,0,0,0,0,6,0,0,0,0,0,1,0,1,0,1,0,0,0,0,19,1,0
/home/arch_design_predict/download-github-repos/mvvm/repos/Android-Mvvm-Image-Display-App-master/app/src/main/java/com/example/android_mvvm_recycler_view/MainActivity.java,com.example.android_mvvm_recycler_view.MainActivity,class,2,2,0,2,1,2,0,2,0,0.0,NaN,NaN,1,0,0,0,1,0,1,0,0,0,0,0,0,0,0,0,0,0,0,6,0,0,0,0,0,0,0,0,0,0,0,0,0,0,13,1,0
/home/arch_design_predict/download-github-repos/mvvm/repos/Android-Mvvm-Image-Display-App-master/app/src/main/java/com/example/android_mvvm_recycler_view/SecondFragment.java,com.example.android_mvvm_recycler_view.SecondFragment$Anonymous1,anonymous,1,1,0,1,1,1,0,2,0,0.0,NaN,NaN,1,0,1,0,0,0,1,0,0,0,0,0,0,0,0,0,0,0,0,5,0,0,0,0,0,0,0,0,0,0,0,0,0,0,4,-1,0
/home/arch_design_predict/download-github-repos/mvvm/repos/Android-Mvvm-Image-Display-App-master/app/src/test/java/com/example/android_mvvm_recycler_view/ExampleUnitTest.java,com.example.android_mvvm_recycler_view.ExampleUnitTest,class,1,1,0,1,1,1,0,1,0,0.0,NaN,NaN,1,0,1,0,0,0,1,0,0,0,0,0,0,0,0,0,0,0,0,5,0,0,0,0,0,0,3,0,1,0,0,0,0,0,22,1,0
