file,class,method,variable,usage
/home/arch_design_predict/download-github-repos/mvp/repos/BiodataApp_MVP-Android--master/app/src/main/java/com/example/biodatamvp/MainRecyclerAdapter.java,com.example.biodatamvp.MainRecyclerAdapter,setOnCallBackListener/1[com.example.biodatamvp.MainRecyclerAdapter.OnCallBackListener],listener,3
/home/arch_design_predict/download-github-repos/mvp/repos/BiodataApp_MVP-Android--master/app/src/main/java/com/example/biodatamvp/MainRecyclerAdapter.java,com.example.biodatamvp.MainRecyclerAdapter,getItemCount/0,users,1
/home/arch_design_predict/download-github-repos/mvp/repos/BiodataApp_MVP-Android--master/app/src/main/java/com/example/biodatamvp/MainRecyclerAdapter.java,com.example.biodatamvp.MainRecyclerAdapter,MainRecyclerAdapter/1[java.util.List<com.example.biodatamvp.model.User>],users,3
/home/arch_design_predict/download-github-repos/mvp/repos/BiodataApp_MVP-Android--master/app/src/main/java/com/example/biodatamvp/MainRecyclerAdapter.java,com.example.biodatamvp.MainRecyclerAdapter,"onBindViewHolder/2[com.example.biodatamvp.MainRecyclerAdapter.ViewHolder,int]",users,1
/home/arch_design_predict/download-github-repos/mvp/repos/BiodataApp_MVP-Android--master/app/src/main/java/com/example/biodatamvp/MainRecyclerAdapter.java,com.example.biodatamvp.MainRecyclerAdapter$ViewHolder,ViewHolder/1[com.example.biodatamvp.View],textViewStatus,1
/home/arch_design_predict/download-github-repos/mvp/repos/BiodataApp_MVP-Android--master/app/src/main/java/com/example/biodatamvp/MainRecyclerAdapter.java,com.example.biodatamvp.MainRecyclerAdapter$ViewHolder,ViewHolder/1[com.example.biodatamvp.View],textViewNama,1
/home/arch_design_predict/download-github-repos/mvp/repos/BiodataApp_MVP-Android--master/app/src/main/java/com/example/biodatamvp/presenter/MainPresenterImpl.java,com.example.biodatamvp.presenter.MainPresenterImpl,MainPresenterImpl/1[com.example.biodatamvp.view.MainView],mainView,3
/home/arch_design_predict/download-github-repos/mvp/repos/BiodataApp_MVP-Android--master/app/src/main/java/com/example/biodatamvp/presenter/MainPresenterImpl.java,com.example.biodatamvp.presenter.MainPresenterImpl,init/0,users,3
/home/arch_design_predict/download-github-repos/mvp/repos/BiodataApp_MVP-Android--master/app/src/main/java/com/example/biodatamvp/presenter/MainPresenterImpl.java,com.example.biodatamvp.presenter.MainPresenterImpl,update/1[com.example.biodatamvp.model.User],users,1
/home/arch_design_predict/download-github-repos/mvp/repos/BiodataApp_MVP-Android--master/app/src/main/java/com/example/biodatamvp/presenter/MainPresenterImpl.java,com.example.biodatamvp.presenter.MainPresenterImpl,update/1[com.example.biodatamvp.model.User],mainView,1
/home/arch_design_predict/download-github-repos/mvp/repos/BiodataApp_MVP-Android--master/app/src/main/java/com/example/biodatamvp/presenter/MainPresenterImpl.java,com.example.biodatamvp.presenter.MainPresenterImpl,load/0,mainView,1
/home/arch_design_predict/download-github-repos/mvp/repos/BiodataApp_MVP-Android--master/app/src/main/java/com/example/biodatamvp/presenter/MainPresenterImpl.java,com.example.biodatamvp.presenter.MainPresenterImpl,load/0,users,1
/home/arch_design_predict/download-github-repos/mvp/repos/BiodataApp_MVP-Android--master/app/src/main/java/com/example/biodatamvp/presenter/MainPresenterImpl.java,com.example.biodatamvp.presenter.MainPresenterImpl,save/1[com.example.biodatamvp.model.User],no,2
/home/arch_design_predict/download-github-repos/mvp/repos/BiodataApp_MVP-Android--master/app/src/main/java/com/example/biodatamvp/presenter/MainPresenterImpl.java,com.example.biodatamvp.presenter.MainPresenterImpl,save/1[com.example.biodatamvp.model.User],users,1
/home/arch_design_predict/download-github-repos/mvp/repos/BiodataApp_MVP-Android--master/app/src/main/java/com/example/biodatamvp/presenter/MainPresenterImpl.java,com.example.biodatamvp.presenter.MainPresenterImpl,save/1[com.example.biodatamvp.model.User],mainView,1
/home/arch_design_predict/download-github-repos/mvp/repos/BiodataApp_MVP-Android--master/app/src/main/java/com/example/biodatamvp/presenter/MainPresenterImpl.java,com.example.biodatamvp.presenter.MainPresenterImpl,delete/1[com.example.biodatamvp.model.User],users,1
/home/arch_design_predict/download-github-repos/mvp/repos/BiodataApp_MVP-Android--master/app/src/main/java/com/example/biodatamvp/presenter/MainPresenterImpl.java,com.example.biodatamvp.presenter.MainPresenterImpl,delete/1[com.example.biodatamvp.model.User],mainView,1
/home/arch_design_predict/download-github-repos/mvp/repos/BiodataApp_MVP-Android--master/app/src/main/java/com/example/biodatamvp/MainActivity.java,com.example.biodatamvp.MainActivity,onCreate/1[com.example.biodatamvp.Bundle],adapter,3
/home/arch_design_predict/download-github-repos/mvp/repos/BiodataApp_MVP-Android--master/app/src/main/java/com/example/biodatamvp/MainActivity.java,com.example.biodatamvp.MainActivity,onCreate/1[com.example.biodatamvp.Bundle],userList,1
/home/arch_design_predict/download-github-repos/mvp/repos/BiodataApp_MVP-Android--master/app/src/main/java/com/example/biodatamvp/MainActivity.java,com.example.biodatamvp.MainActivity,onCreate/1[com.example.biodatamvp.Bundle],presenter,2
/home/arch_design_predict/download-github-repos/mvp/repos/BiodataApp_MVP-Android--master/app/src/main/java/com/example/biodatamvp/MainActivity.java,com.example.biodatamvp.MainActivity,onCreate/1[com.example.biodatamvp.Bundle],recyclerView,3
/home/arch_design_predict/download-github-repos/mvp/repos/BiodataApp_MVP-Android--master/app/src/main/java/com/example/biodatamvp/MainActivity.java,com.example.biodatamvp.MainActivity,onCreate/1[com.example.biodatamvp.Bundle],buttonAdd,2
/home/arch_design_predict/download-github-repos/mvp/repos/BiodataApp_MVP-Android--master/app/src/main/java/com/example/biodatamvp/MainActivity.java,com.example.biodatamvp.MainActivity,onUpdate/0,presenter,1
/home/arch_design_predict/download-github-repos/mvp/repos/BiodataApp_MVP-Android--master/app/src/main/java/com/example/biodatamvp/MainActivity.java,com.example.biodatamvp.MainActivity,showDialogInput/0,dialog,11
/home/arch_design_predict/download-github-repos/mvp/repos/BiodataApp_MVP-Android--master/app/src/main/java/com/example/biodatamvp/MainActivity.java,com.example.biodatamvp.MainActivity,showDialogDetail/1[com.example.biodatamvp.model.User],dialog,11
/home/arch_design_predict/download-github-repos/mvp/repos/BiodataApp_MVP-Android--master/app/src/main/java/com/example/biodatamvp/MainActivity.java,com.example.biodatamvp.MainActivity,onDelete/0,presenter,1
/home/arch_design_predict/download-github-repos/mvp/repos/BiodataApp_MVP-Android--master/app/src/main/java/com/example/biodatamvp/MainActivity.java,com.example.biodatamvp.MainActivity,onLoad/1[java.util.List<com.example.biodatamvp.model.User>],userList,2
/home/arch_design_predict/download-github-repos/mvp/repos/BiodataApp_MVP-Android--master/app/src/main/java/com/example/biodatamvp/MainActivity.java,com.example.biodatamvp.MainActivity,onLoad/1[java.util.List<com.example.biodatamvp.model.User>],adapter,1
/home/arch_design_predict/download-github-repos/mvp/repos/BiodataApp_MVP-Android--master/app/src/main/java/com/example/biodatamvp/MainActivity.java,com.example.biodatamvp.MainActivity,onSave/0,presenter,1
/home/arch_design_predict/download-github-repos/mvp/repos/BiodataApp_MVP-Android--master/app/src/main/java/com/example/biodatamvp/model/User.java,com.example.biodatamvp.model.User,getPekerjaan/0,pekerjaan,1
/home/arch_design_predict/download-github-repos/mvp/repos/BiodataApp_MVP-Android--master/app/src/main/java/com/example/biodatamvp/model/User.java,com.example.biodatamvp.model.User,setNama/1[java.lang.String],nama,3
/home/arch_design_predict/download-github-repos/mvp/repos/BiodataApp_MVP-Android--master/app/src/main/java/com/example/biodatamvp/model/User.java,com.example.biodatamvp.model.User,getStatus/0,status,1
/home/arch_design_predict/download-github-repos/mvp/repos/BiodataApp_MVP-Android--master/app/src/main/java/com/example/biodatamvp/model/User.java,com.example.biodatamvp.model.User,setStatus/1[java.lang.String],status,3
/home/arch_design_predict/download-github-repos/mvp/repos/BiodataApp_MVP-Android--master/app/src/main/java/com/example/biodatamvp/model/User.java,com.example.biodatamvp.model.User,getNoHp/0,noHp,1
/home/arch_design_predict/download-github-repos/mvp/repos/BiodataApp_MVP-Android--master/app/src/main/java/com/example/biodatamvp/model/User.java,com.example.biodatamvp.model.User,getNama/0,nama,1
/home/arch_design_predict/download-github-repos/mvp/repos/BiodataApp_MVP-Android--master/app/src/main/java/com/example/biodatamvp/model/User.java,com.example.biodatamvp.model.User,setPekerjaan/1[java.lang.String],pekerjaan,3
/home/arch_design_predict/download-github-repos/mvp/repos/BiodataApp_MVP-Android--master/app/src/main/java/com/example/biodatamvp/model/User.java,com.example.biodatamvp.model.User,setId/1[int],id,3
/home/arch_design_predict/download-github-repos/mvp/repos/BiodataApp_MVP-Android--master/app/src/main/java/com/example/biodatamvp/model/User.java,com.example.biodatamvp.model.User,getId/0,id,1
/home/arch_design_predict/download-github-repos/mvp/repos/BiodataApp_MVP-Android--master/app/src/main/java/com/example/biodatamvp/model/User.java,com.example.biodatamvp.model.User,setNoHp/1[java.lang.String],noHp,3
