file,class,method,constructor,line,cbo,cboModified,fanin,fanout,wmc,rfc,loc,returnsQty,variablesQty,parametersQty,methodsInvokedQty,methodsInvokedLocalQty,methodsInvokedIndirectLocalQty,loopQty,comparisonsQty,tryCatchQty,parenthesizedExpsQty,stringLiteralsQty,numbersQty,assignmentsQty,mathOperationsQty,maxNestedBlocksQty,anonymousClassesQty,innerClassesQty,lambdasQty,uniqueWordsQty,modifiers,logStatementsQty,hasJavaDoc
/home/arch_design_predict/download-github-repos/mvvm/repos/MasterDetailsUsingMVVMExample-master/app/src/main/java/com/example/masterdetailsmvvm/adapter/SimpleItemRecyclerViewAdapter.java,com.example.masterdetailsmvvm.adapter.SimpleItemRecyclerViewAdapter$GenericViewHolder,GenericViewHolder/1[com.example.masterdetailsmvvm.adapter.ViewDataBinding],true,52,1,1,1,0,1,1,4,0,0,1,1,0,0,0,0,0,0,0,0,1,0,0,0,0,0,6,0,0,false
/home/arch_design_predict/download-github-repos/mvvm/repos/MasterDetailsUsingMVVMExample-master/app/src/main/java/com/example/masterdetailsmvvm/adapter/SimpleItemRecyclerViewAdapter.java,com.example.masterdetailsmvvm.adapter.SimpleItemRecyclerViewAdapter$GenericViewHolder,"bind/2[com.example.masterdetailsmvvm.viewmodel.MostViewedViewModel,java.lang.Integer]",false,57,1,1,1,0,1,3,6,0,0,2,3,0,0,0,0,0,0,1,0,0,0,0,0,0,0,6,0,0,false
/home/arch_design_predict/download-github-repos/mvvm/repos/MasterDetailsUsingMVVMExample-master/app/src/main/java/com/example/masterdetailsmvvm/ui/ItemDetailActivity.java,com.example.masterdetailsmvvm.ui.ItemDetailActivity,onCreate/1[com.example.masterdetailsmvvm.ui.Bundle],false,24,4,1,0,1,3,14,18,0,4,1,14,0,0,0,2,0,0,0,0,4,0,1,0,0,0,27,4,0,false
/home/arch_design_predict/download-github-repos/mvvm/repos/MasterDetailsUsingMVVMExample-master/app/src/main/java/com/example/masterdetailsmvvm/ui/ItemDetailActivity.java,com.example.masterdetailsmvvm.ui.ItemDetailActivity,onOptionsItemSelected/1[com.example.masterdetailsmvvm.ui.MenuItem],false,60,3,0,0,0,2,3,8,2,1,1,3,0,0,0,1,0,0,0,0,1,0,1,0,0,0,12,1,0,false
/home/arch_design_predict/download-github-repos/mvvm/repos/MasterDetailsUsingMVVMExample-master/app/src/main/java/com/example/masterdetailsmvvm/model/MostViewed.java,com.example.masterdetailsmvvm.model.MostViewed$Anonymous1,"onFailure/2[com.example.masterdetailsmvvm.model.Call<com.example.masterdetailsmvvm.model.MostViewed>,java.lang.Throwable]",false,186,1,0,0,0,1,2,3,0,0,2,2,0,0,0,0,0,0,1,0,0,0,0,0,0,0,3,1,0,false
/home/arch_design_predict/download-github-repos/mvvm/repos/MasterDetailsUsingMVVMExample-master/app/src/main/java/com/example/masterdetailsmvvm/model/MostViewed.java,com.example.masterdetailsmvvm.model.MostViewed$Anonymous1,"onResponse/2[com.example.masterdetailsmvvm.model.Call<com.example.masterdetailsmvvm.model.MostViewed>,com.example.masterdetailsmvvm.model.Response<com.example.masterdetailsmvvm.model.MostViewed>]",false,177,3,1,0,1,2,4,6,0,1,2,4,0,0,0,1,0,0,0,1,1,0,1,0,0,0,6,1,0,false
/home/arch_design_predict/download-github-repos/mvvm/repos/MasterDetailsUsingMVVMExample-master/app/src/test/java/com/example/masterdetailsmvvm/ExampleUnitTest.java,com.example.masterdetailsmvvm.ExampleUnitTest,initMocks/0,false,40,1,0,0,0,1,1,3,0,0,0,1,0,0,0,0,0,0,0,0,0,0,0,0,0,0,2,1,0,false
/home/arch_design_predict/download-github-repos/mvvm/repos/MasterDetailsUsingMVVMExample-master/app/src/test/java/com/example/masterdetailsmvvm/ExampleUnitTest.java,com.example.masterdetailsmvvm.ExampleUnitTest,generateMostViewedList/0,false,58,1,6,1,5,2,5,12,1,3,0,5,0,0,1,0,0,0,4,2,3,0,1,0,0,0,29,2,0,false
/home/arch_design_predict/download-github-repos/mvvm/repos/MasterDetailsUsingMVVMExample-master/app/src/test/java/com/example/masterdetailsmvvm/ExampleUnitTest.java,com.example.masterdetailsmvvm.ExampleUnitTest,addition_isCorrect/0,false,35,1,0,0,0,1,1,3,0,0,0,1,0,0,0,0,0,0,0,3,0,1,0,0,0,0,5,1,0,false
/home/arch_design_predict/download-github-repos/mvvm/repos/MasterDetailsUsingMVVMExample-master/app/src/test/java/com/example/masterdetailsmvvm/ExampleUnitTest.java,com.example.masterdetailsmvvm.ExampleUnitTest,test_clickReturnCorrectObject/0,false,45,4,6,0,6,1,10,9,0,2,0,10,1,1,0,0,0,0,0,2,2,0,0,0,0,0,15,1,0,false
/home/arch_design_predict/download-github-repos/mvvm/repos/MasterDetailsUsingMVVMExample-master/app/src/main/java/com/example/masterdetailsmvvm/ui/ItemDetailFragment.java,com.example.masterdetailsmvvm.ui.ItemDetailFragment,ItemDetailFragment/0,true,42,0,2,2,0,1,0,2,0,0,0,0,0,0,0,0,0,0,0,0,0,0,0,0,0,0,15,1,0,true
/home/arch_design_predict/download-github-repos/mvvm/repos/MasterDetailsUsingMVVMExample-master/app/src/main/java/com/example/masterdetailsmvvm/ui/ItemDetailFragment.java,com.example.masterdetailsmvvm.ui.ItemDetailFragment,onCreate/1[com.example.masterdetailsmvvm.ui.Bundle],false,46,3,0,0,0,3,7,12,0,2,1,7,0,0,0,1,0,0,0,0,4,0,2,0,0,0,32,1,0,false
/home/arch_design_predict/download-github-repos/mvvm/repos/MasterDetailsUsingMVVMExample-master/app/src/main/java/com/example/masterdetailsmvvm/ui/ItemDetailFragment.java,com.example.masterdetailsmvvm.ui.ItemDetailFragment,"onCreateView/3[com.example.masterdetailsmvvm.ui.LayoutInflater,com.example.masterdetailsmvvm.ui.ViewGroup,com.example.masterdetailsmvvm.ui.Bundle]",false,66,5,0,0,0,1,3,5,1,1,3,3,0,0,0,0,0,1,0,0,1,0,0,0,0,0,15,1,0,false
/home/arch_design_predict/download-github-repos/mvvm/repos/MasterDetailsUsingMVVMExample-master/app/src/main/java/com/example/masterdetailsmvvm/ui/ItemListActivity.java,com.example.masterdetailsmvvm.ui.ItemListActivity$Anonymous1,onChanged/1[java.util.List<com.example.masterdetailsmvvm.model.MostViewed.Results>],false,67,2,1,0,1,2,3,10,0,0,1,3,0,0,0,1,0,0,0,1,0,0,1,0,0,0,5,1,0,false
/home/arch_design_predict/download-github-repos/mvvm/repos/MasterDetailsUsingMVVMExample-master/app/src/main/java/com/example/masterdetailsmvvm/ui/ItemListActivity.java,com.example.masterdetailsmvvm.ui.ItemListActivity,setupListClick/0,false,80,2,2,1,1,1,2,23,0,0,0,2,0,0,0,0,0,0,0,0,0,0,0,1,0,0,26,2,0,false
/home/arch_design_predict/download-github-repos/mvvm/repos/MasterDetailsUsingMVVMExample-master/app/src/main/java/com/example/masterdetailsmvvm/ui/ItemListActivity.java,com.example.masterdetailsmvvm.ui.ItemListActivity,setupBindings/1[com.example.masterdetailsmvvm.ui.Bundle],false,50,4,3,1,2,2,6,9,0,1,1,6,1,2,0,1,0,0,0,0,2,0,1,0,0,0,18,2,0,false
/home/arch_design_predict/download-github-repos/mvvm/repos/MasterDetailsUsingMVVMExample-master/app/src/main/java/com/example/masterdetailsmvvm/ui/ItemListActivity.java,com.example.masterdetailsmvvm.ui.ItemListActivity,setupListUpdate/0,false,62,4,4,1,3,1,5,18,0,0,0,5,1,1,0,0,0,0,0,0,0,0,0,1,0,0,8,2,0,false
/home/arch_design_predict/download-github-repos/mvvm/repos/MasterDetailsUsingMVVMExample-master/app/src/main/java/com/example/masterdetailsmvvm/ui/ItemListActivity.java,com.example.masterdetailsmvvm.ui.ItemListActivity,onCreate/1[com.example.masterdetailsmvvm.ui.Bundle],false,35,2,1,0,1,2,4,8,0,0,1,4,1,3,0,1,0,0,0,0,1,0,1,0,0,0,19,4,0,false
/home/arch_design_predict/download-github-repos/mvvm/repos/MasterDetailsUsingMVVMExample-master/app/src/main/java/com/example/masterdetailsmvvm/network/ApiInterface.java,com.example.masterdetailsmvvm.network.ApiInterface,"getMostViewed/2[java.lang.String,java.lang.String]",false,11,4,1,1,0,1,0,1,0,0,2,0,0,0,0,0,0,0,3,0,0,0,0,0,0,0,10,0,0,false
/home/arch_design_predict/download-github-repos/mvvm/repos/MasterDetailsUsingMVVMExample-master/app/src/main/java/com/example/masterdetailsmvvm/ui/ItemListActivity.java,com.example.masterdetailsmvvm.ui.ItemListActivity$Anonymous2,onChanged/1[com.example.masterdetailsmvvm.model.MostViewed.Results],false,83,5,3,0,3,3,11,18,0,3,1,11,0,0,0,1,0,0,0,0,3,0,2,0,0,0,23,1,0,false
/home/arch_design_predict/download-github-repos/mvvm/repos/MasterDetailsUsingMVVMExample-master/app/src/main/java/com/example/masterdetailsmvvm/model/MostViewed.java,com.example.masterdetailsmvvm.model.MostViewed$Results,getUrl/0,false,77,0,0,0,0,1,0,3,1,0,0,0,0,0,0,0,0,0,0,0,0,0,0,0,0,0,3,1,0,false
/home/arch_design_predict/download-github-repos/mvvm/repos/MasterDetailsUsingMVVMExample-master/app/src/main/java/com/example/masterdetailsmvvm/model/MostViewed.java,com.example.masterdetailsmvvm.model.MostViewed$Results,setColumn/1[java.lang.Object],false,97,0,0,0,0,1,0,3,0,0,1,0,0,0,0,0,0,0,0,0,1,0,0,0,0,0,4,1,0,false
/home/arch_design_predict/download-github-repos/mvvm/repos/MasterDetailsUsingMVVMExample-master/app/src/main/java/com/example/masterdetailsmvvm/model/MostViewed.java,com.example.masterdetailsmvvm.model.MostViewed$Results,getPublished_date/0,false,141,0,0,0,0,1,0,3,1,0,0,0,0,0,0,0,0,0,0,0,0,0,0,0,0,0,4,1,0,false
/home/arch_design_predict/download-github-repos/mvvm/repos/MasterDetailsUsingMVVMExample-master/app/src/main/java/com/example/masterdetailsmvvm/model/MostViewed.java,com.example.masterdetailsmvvm.model.MostViewed$Results,setId/1[long],false,161,0,0,0,0,1,0,3,0,0,1,0,0,0,0,0,0,0,0,0,1,0,0,0,0,0,3,1,0,false
/home/arch_design_predict/download-github-repos/mvvm/repos/MasterDetailsUsingMVVMExample-master/app/src/main/java/com/example/masterdetailsmvvm/model/MostViewed.java,com.example.masterdetailsmvvm.model.MostViewed$Results,setTitle/1[java.lang.String],false,129,0,1,1,0,1,0,3,0,0,1,0,0,0,0,0,0,0,0,0,1,0,0,0,0,0,3,1,0,false
/home/arch_design_predict/download-github-repos/mvvm/repos/MasterDetailsUsingMVVMExample-master/app/src/main/java/com/example/masterdetailsmvvm/model/MostViewed.java,com.example.masterdetailsmvvm.model.MostViewed$Results,getAbstractX/0,false,133,0,1,1,0,1,0,3,1,0,0,0,0,0,0,0,0,0,0,0,0,0,0,0,0,0,4,1,0,false
/home/arch_design_predict/download-github-repos/mvvm/repos/MasterDetailsUsingMVVMExample-master/app/src/main/java/com/example/masterdetailsmvvm/model/MostViewed.java,com.example.masterdetailsmvvm.model.MostViewed$Results,setByline/1[java.lang.String],false,113,0,1,1,0,1,0,3,0,0,1,0,0,0,0,0,0,0,0,0,1,0,0,0,0,0,3,1,0,false
/home/arch_design_predict/download-github-repos/mvvm/repos/MasterDetailsUsingMVVMExample-master/app/src/main/java/com/example/masterdetailsmvvm/model/MostViewed.java,com.example.masterdetailsmvvm.model.MostViewed$Results,getAdx_keywords/0,false,85,0,0,0,0,1,0,3,1,0,0,0,0,0,0,0,0,0,0,0,0,0,0,0,0,0,4,1,0,false
/home/arch_design_predict/download-github-repos/mvvm/repos/MasterDetailsUsingMVVMExample-master/app/src/main/java/com/example/masterdetailsmvvm/model/MostViewed.java,com.example.masterdetailsmvvm.model.MostViewed$Results,setType/1[java.lang.String],false,121,0,0,0,0,1,0,3,0,0,1,0,0,0,0,0,0,0,0,0,1,0,0,0,0,0,3,1,0,false
/home/arch_design_predict/download-github-repos/mvvm/repos/MasterDetailsUsingMVVMExample-master/app/src/main/java/com/example/masterdetailsmvvm/model/MostViewed.java,com.example.masterdetailsmvvm.model.MostViewed$Results,setSource/1[java.lang.String],false,153,0,0,0,0,1,0,3,0,0,1,0,0,0,0,0,0,0,0,0,1,0,0,0,0,0,3,1,0,false
/home/arch_design_predict/download-github-repos/mvvm/repos/MasterDetailsUsingMVVMExample-master/app/src/main/java/com/example/masterdetailsmvvm/model/MostViewed.java,com.example.masterdetailsmvvm.model.MostViewed$Results,getColumn/0,false,93,0,0,0,0,1,0,3,1,0,0,0,0,0,0,0,0,0,0,0,0,0,0,0,0,0,4,1,0,false
/home/arch_design_predict/download-github-repos/mvvm/repos/MasterDetailsUsingMVVMExample-master/app/src/main/java/com/example/masterdetailsmvvm/model/MostViewed.java,com.example.masterdetailsmvvm.model.MostViewed$Results,getAsset_id/0,false,165,0,0,0,0,1,0,3,1,0,0,0,0,0,0,0,0,0,0,0,0,0,0,0,0,0,4,1,0,false
/home/arch_design_predict/download-github-repos/mvvm/repos/MasterDetailsUsingMVVMExample-master/app/src/main/java/com/example/masterdetailsmvvm/model/MostViewed.java,com.example.masterdetailsmvvm.model.MostViewed$Results,setSection/1[java.lang.String],false,105,0,0,0,0,1,0,3,0,0,1,0,0,0,0,0,0,0,0,0,1,0,0,0,0,0,3,1,0,false
/home/arch_design_predict/download-github-repos/mvvm/repos/MasterDetailsUsingMVVMExample-master/app/src/main/java/com/example/masterdetailsmvvm/model/MostViewed.java,com.example.masterdetailsmvvm.model.MostViewed$Results,setAbstractX/1[java.lang.String],false,137,0,1,1,0,1,0,3,0,0,1,0,0,0,0,0,0,0,0,0,1,0,0,0,0,0,4,1,0,false
/home/arch_design_predict/download-github-repos/mvvm/repos/MasterDetailsUsingMVVMExample-master/app/src/main/java/com/example/masterdetailsmvvm/model/MostViewed.java,com.example.masterdetailsmvvm.model.MostViewed$Results,setAsset_id/1[long],false,169,0,0,0,0,1,0,3,0,0,1,0,0,0,0,0,0,0,0,0,1,0,0,0,0,0,4,1,0,false
/home/arch_design_predict/download-github-repos/mvvm/repos/MasterDetailsUsingMVVMExample-master/app/src/main/java/com/example/masterdetailsmvvm/model/MostViewed.java,com.example.masterdetailsmvvm.model.MostViewed$Results,getByline/0,false,109,0,0,0,0,1,0,3,1,0,0,0,0,0,0,0,0,0,0,0,0,0,0,0,0,0,3,1,0,false
/home/arch_design_predict/download-github-repos/mvvm/repos/MasterDetailsUsingMVVMExample-master/app/src/main/java/com/example/masterdetailsmvvm/model/MostViewed.java,com.example.masterdetailsmvvm.model.MostViewed$Results,getSource/0,false,149,0,0,0,0,1,0,3,1,0,0,0,0,0,0,0,0,0,0,0,0,0,0,0,0,0,3,1,0,false
/home/arch_design_predict/download-github-repos/mvvm/repos/MasterDetailsUsingMVVMExample-master/app/src/main/java/com/example/masterdetailsmvvm/model/MostViewed.java,com.example.masterdetailsmvvm.model.MostViewed$Results,getType/0,false,117,0,0,0,0,1,0,3,1,0,0,0,0,0,0,0,0,0,0,0,0,0,0,0,0,0,3,1,0,false
/home/arch_design_predict/download-github-repos/mvvm/repos/MasterDetailsUsingMVVMExample-master/app/src/main/java/com/example/masterdetailsmvvm/model/MostViewed.java,com.example.masterdetailsmvvm.model.MostViewed$Results,setAdx_keywords/1[java.lang.String],false,89,0,0,0,0,1,0,3,0,0,1,0,0,0,0,0,0,0,0,0,1,0,0,0,0,0,4,1,0,false
/home/arch_design_predict/download-github-repos/mvvm/repos/MasterDetailsUsingMVVMExample-master/app/src/main/java/com/example/masterdetailsmvvm/model/MostViewed.java,com.example.masterdetailsmvvm.model.MostViewed$Results,getSection/0,false,101,0,0,0,0,1,0,3,1,0,0,0,0,0,0,0,0,0,0,0,0,0,0,0,0,0,3,1,0,false
/home/arch_design_predict/download-github-repos/mvvm/repos/MasterDetailsUsingMVVMExample-master/app/src/main/java/com/example/masterdetailsmvvm/model/MostViewed.java,com.example.masterdetailsmvvm.model.MostViewed$Results,getTitle/0,false,125,0,1,1,0,1,0,3,1,0,0,0,0,0,0,0,0,0,0,0,0,0,0,0,0,0,3,1,0,false
/home/arch_design_predict/download-github-repos/mvvm/repos/MasterDetailsUsingMVVMExample-master/app/src/main/java/com/example/masterdetailsmvvm/model/MostViewed.java,com.example.masterdetailsmvvm.model.MostViewed$Results,setUrl/1[java.lang.String],false,81,0,0,0,0,1,0,3,0,0,1,0,0,0,0,0,0,0,0,0,1,0,0,0,0,0,3,1,0,false
/home/arch_design_predict/download-github-repos/mvvm/repos/MasterDetailsUsingMVVMExample-master/app/src/main/java/com/example/masterdetailsmvvm/model/MostViewed.java,com.example.masterdetailsmvvm.model.MostViewed$Results,setPublished_date/1[java.lang.String],false,145,0,1,1,0,1,0,3,0,0,1,0,0,0,0,0,0,0,0,0,1,0,0,0,0,0,4,1,0,false
/home/arch_design_predict/download-github-repos/mvvm/repos/MasterDetailsUsingMVVMExample-master/app/src/main/java/com/example/masterdetailsmvvm/model/MostViewed.java,com.example.masterdetailsmvvm.model.MostViewed$Results,getId/0,false,157,0,0,0,0,1,0,3,1,0,0,0,0,0,0,0,0,0,0,0,0,0,0,0,0,0,3,1,0,false
/home/arch_design_predict/download-github-repos/mvvm/repos/MasterDetailsUsingMVVMExample-master/app/src/main/java/com/example/masterdetailsmvvm/adapter/SimpleItemRecyclerViewAdapter.java,com.example.masterdetailsmvvm.adapter.SimpleItemRecyclerViewAdapter,setMostViewed/1[java.util.List<com.example.masterdetailsmvvm.model.MostViewed.Results>],false,40,1,1,1,0,1,0,3,0,0,1,0,0,0,0,0,0,0,0,0,1,0,0,0,0,0,4,1,0,false
/home/arch_design_predict/download-github-repos/mvvm/repos/MasterDetailsUsingMVVMExample-master/app/src/main/java/com/example/masterdetailsmvvm/adapter/SimpleItemRecyclerViewAdapter.java,com.example.masterdetailsmvvm.adapter.SimpleItemRecyclerViewAdapter,SimpleItemRecyclerViewAdapter/1[com.example.masterdetailsmvvm.viewmodel.MostViewedViewModel],true,24,1,1,1,0,1,0,3,0,0,1,0,0,0,0,0,0,0,0,0,1,0,0,0,0,0,9,1,0,false
/home/arch_design_predict/download-github-repos/mvvm/repos/MasterDetailsUsingMVVMExample-master/app/src/main/java/com/example/masterdetailsmvvm/adapter/SimpleItemRecyclerViewAdapter.java,com.example.masterdetailsmvvm.adapter.SimpleItemRecyclerViewAdapter,"onCreateViewHolder/2[com.example.masterdetailsmvvm.adapter.ViewGroup,int]",false,33,5,1,0,1,1,3,5,1,2,2,3,0,0,0,0,0,0,0,0,2,0,0,0,0,0,14,1,0,false
/home/arch_design_predict/download-github-repos/mvvm/repos/MasterDetailsUsingMVVMExample-master/app/src/main/java/com/example/masterdetailsmvvm/adapter/SimpleItemRecyclerViewAdapter.java,com.example.masterdetailsmvvm.adapter.SimpleItemRecyclerViewAdapter,getItemCount/0,false,29,0,0,0,0,2,1,3,1,0,0,1,0,0,0,1,0,0,0,1,0,0,0,0,0,0,7,1,0,false
/home/arch_design_predict/download-github-repos/mvvm/repos/MasterDetailsUsingMVVMExample-master/app/src/main/java/com/example/masterdetailsmvvm/adapter/SimpleItemRecyclerViewAdapter.java,com.example.masterdetailsmvvm.adapter.SimpleItemRecyclerViewAdapter,"onBindViewHolder/2[com.example.masterdetailsmvvm.adapter.SimpleItemRecyclerViewAdapter.GenericViewHolder,int]",false,45,2,1,0,1,1,1,3,0,0,2,1,0,0,0,0,0,0,0,0,0,0,0,0,0,0,6,1,0,false
/home/arch_design_predict/download-github-repos/mvvm/repos/MasterDetailsUsingMVVMExample-master/app/src/androidTest/java/com/example/masterdetailsmvvm/ExampleInstrumentedTest.java,com.example.masterdetailsmvvm.ExampleInstrumentedTest,useAppContext/0,false,21,2,0,0,0,1,4,4,0,1,0,4,0,0,0,0,0,0,1,0,1,0,0,0,0,0,6,1,0,false
/home/arch_design_predict/download-github-repos/mvvm/repos/MasterDetailsUsingMVVMExample-master/app/src/main/java/com/example/masterdetailsmvvm/model/MostViewed.java,com.example.masterdetailsmvvm.model.MostViewed,getStatus/0,false,28,0,0,0,0,1,0,3,1,0,0,0,0,0,0,0,0,0,0,0,0,0,0,0,0,0,3,1,0,false
/home/arch_design_predict/download-github-repos/mvvm/repos/MasterDetailsUsingMVVMExample-master/app/src/main/java/com/example/masterdetailsmvvm/model/MostViewed.java,com.example.masterdetailsmvvm.model.MostViewed,setCopyright/1[java.lang.String],false,40,0,0,0,0,1,0,3,0,0,1,0,0,0,0,0,0,0,0,0,1,0,0,0,0,0,3,1,0,false
/home/arch_design_predict/download-github-repos/mvvm/repos/MasterDetailsUsingMVVMExample-master/app/src/main/java/com/example/masterdetailsmvvm/model/MostViewed.java,com.example.masterdetailsmvvm.model.MostViewed,getMostViewed/0,false,23,2,2,2,0,1,0,3,1,0,0,0,0,0,0,0,0,0,0,0,0,0,0,0,0,0,4,1,0,false
/home/arch_design_predict/download-github-repos/mvvm/repos/MasterDetailsUsingMVVMExample-master/app/src/main/java/com/example/masterdetailsmvvm/model/MostViewed.java,com.example.masterdetailsmvvm.model.MostViewed,setStatus/1[java.lang.String],false,32,0,0,0,0,1,0,3,0,0,1,0,0,0,0,0,0,0,0,0,1,0,0,0,0,0,3,1,0,false
/home/arch_design_predict/download-github-repos/mvvm/repos/MasterDetailsUsingMVVMExample-master/app/src/main/java/com/example/masterdetailsmvvm/model/MostViewed.java,com.example.masterdetailsmvvm.model.MostViewed,getNum_results/0,false,44,0,0,0,0,1,0,3,1,0,0,0,0,0,0,0,0,0,0,0,0,0,0,0,0,0,4,1,0,false
/home/arch_design_predict/download-github-repos/mvvm/repos/MasterDetailsUsingMVVMExample-master/app/src/main/java/com/example/masterdetailsmvvm/model/MostViewed.java,com.example.masterdetailsmvvm.model.MostViewed,getCopyright/0,false,36,0,0,0,0,1,0,3,1,0,0,0,0,0,0,0,0,0,0,0,0,0,0,0,0,0,3,1,0,false
/home/arch_design_predict/download-github-repos/mvvm/repos/MasterDetailsUsingMVVMExample-master/app/src/main/java/com/example/masterdetailsmvvm/model/MostViewed.java,com.example.masterdetailsmvvm.model.MostViewed,getResults/0,false,52,1,1,1,0,1,0,3,1,0,0,0,0,0,0,0,0,0,0,0,0,0,0,0,0,0,3,1,0,false
/home/arch_design_predict/download-github-repos/mvvm/repos/MasterDetailsUsingMVVMExample-master/app/src/main/java/com/example/masterdetailsmvvm/model/MostViewed.java,com.example.masterdetailsmvvm.model.MostViewed,fetchList/0,false,174,3,3,1,2,1,4,16,0,2,0,4,0,0,0,0,0,0,2,0,2,0,0,1,0,0,16,1,0,false
/home/arch_design_predict/download-github-repos/mvvm/repos/MasterDetailsUsingMVVMExample-master/app/src/main/java/com/example/masterdetailsmvvm/model/MostViewed.java,com.example.masterdetailsmvvm.model.MostViewed,setNum_results/1[int],false,48,0,0,0,0,1,0,3,0,0,1,0,0,0,0,0,0,0,0,0,1,0,0,0,0,0,4,1,0,false
/home/arch_design_predict/download-github-repos/mvvm/repos/MasterDetailsUsingMVVMExample-master/app/src/main/java/com/example/masterdetailsmvvm/model/MostViewed.java,com.example.masterdetailsmvvm.model.MostViewed,setResults/1[java.util.List<com.example.masterdetailsmvvm.model.MostViewed.Results>],false,56,1,0,0,0,1,0,3,0,0,1,0,0,0,0,0,0,0,0,0,1,0,0,0,0,0,3,1,0,false
/home/arch_design_predict/download-github-repos/mvvm/repos/MasterDetailsUsingMVVMExample-master/app/src/main/java/com/example/masterdetailsmvvm/network/ApiClient.java,com.example.masterdetailsmvvm.network.ApiClient,okHttpClient/0,false,22,3,1,1,0,1,9,9,2,3,0,9,0,0,0,0,0,0,2,3,2,0,1,0,0,1,8,10,0,false
/home/arch_design_predict/download-github-repos/mvvm/repos/MasterDetailsUsingMVVMExample-master/app/src/main/java/com/example/masterdetailsmvvm/network/ApiClient.java,com.example.masterdetailsmvvm.network.ApiClient,getClient/0,false,36,3,2,1,1,1,6,3,1,0,0,6,1,1,0,0,0,0,0,0,0,0,0,0,0,0,14,9,0,false
/home/arch_design_predict/download-github-repos/mvvm/repos/MasterDetailsUsingMVVMExample-master/app/src/main/java/com/example/masterdetailsmvvm/network/ApiClient.java,com.example.masterdetailsmvvm.network.ApiClient,getInstance/0,false,15,1,1,0,1,2,0,6,1,0,0,0,0,0,0,1,0,0,0,0,1,0,1,0,0,0,6,9,0,false
/home/arch_design_predict/download-github-repos/mvvm/repos/MasterDetailsUsingMVVMExample-master/app/src/main/java/com/example/masterdetailsmvvm/viewmodel/MostViewedViewModel.java,com.example.masterdetailsmvvm.viewmodel.MostViewedViewModel,getSelected/0,false,48,2,2,2,0,1,0,3,1,0,0,0,0,0,0,0,0,0,0,0,0,0,0,0,0,0,3,1,0,false
/home/arch_design_predict/download-github-repos/mvvm/repos/MasterDetailsUsingMVVMExample-master/app/src/main/java/com/example/masterdetailsmvvm/viewmodel/MostViewedViewModel.java,com.example.masterdetailsmvvm.viewmodel.MostViewedViewModel,init/0,false,23,4,4,2,2,1,0,7,0,0,0,0,0,0,0,0,0,0,0,0,5,0,0,0,0,0,16,1,0,false
/home/arch_design_predict/download-github-repos/mvvm/repos/MasterDetailsUsingMVVMExample-master/app/src/main/java/com/example/masterdetailsmvvm/viewmodel/MostViewedViewModel.java,com.example.masterdetailsmvvm.viewmodel.MostViewedViewModel,getMostViewed/0,false,35,4,3,2,1,1,1,3,1,0,0,1,0,0,0,0,0,0,0,0,0,0,0,0,0,0,3,1,0,false
/home/arch_design_predict/download-github-repos/mvvm/repos/MasterDetailsUsingMVVMExample-master/app/src/main/java/com/example/masterdetailsmvvm/viewmodel/MostViewedViewModel.java,com.example.masterdetailsmvvm.viewmodel.MostViewedViewModel,setMostViewedsInAdapter/1[java.util.List<com.example.masterdetailsmvvm.model.MostViewed.Results>],false,43,2,2,1,1,1,2,4,0,0,1,2,0,0,0,0,0,0,0,0,0,0,0,0,0,0,7,1,0,false
/home/arch_design_predict/download-github-repos/mvvm/repos/MasterDetailsUsingMVVMExample-master/app/src/main/java/com/example/masterdetailsmvvm/viewmodel/MostViewedViewModel.java,com.example.masterdetailsmvvm.viewmodel.MostViewedViewModel,fetchList/0,false,31,1,2,1,1,1,1,3,0,0,0,1,0,0,0,0,0,0,0,0,0,0,0,0,0,0,2,1,0,false
/home/arch_design_predict/download-github-repos/mvvm/repos/MasterDetailsUsingMVVMExample-master/app/src/main/java/com/example/masterdetailsmvvm/viewmodel/MostViewedViewModel.java,com.example.masterdetailsmvvm.viewmodel.MostViewedViewModel,getMostViewedAt/1[java.lang.Integer],false,58,2,2,1,1,4,4,6,2,0,1,4,0,0,0,2,0,0,0,0,0,0,1,0,0,0,7,1,0,false
/home/arch_design_predict/download-github-repos/mvvm/repos/MasterDetailsUsingMVVMExample-master/app/src/main/java/com/example/masterdetailsmvvm/viewmodel/MostViewedViewModel.java,com.example.masterdetailsmvvm.viewmodel.MostViewedViewModel,getAdapter/0,false,39,1,0,0,0,1,0,3,1,0,0,0,0,0,0,0,0,0,0,0,0,0,0,0,0,0,7,1,0,false
/home/arch_design_predict/download-github-repos/mvvm/repos/MasterDetailsUsingMVVMExample-master/app/src/main/java/com/example/masterdetailsmvvm/viewmodel/MostViewedViewModel.java,com.example.masterdetailsmvvm.viewmodel.MostViewedViewModel,onItemClick/1[java.lang.Integer],false,52,2,2,1,1,1,2,4,0,1,1,2,1,1,0,0,0,0,0,0,1,0,0,0,0,0,10,1,0,false
