file,class,method,variable,usage
/home/arch_design_predict/download-github-repos/mvp/repos/MVP-Retrofit-RxJava-master/app/src/main/java/com/byl/mvpdemo/ui/main/adapter/FragmentMainTabAdapter.java,com.byl.mvpdemo.ui.main.adapter.FragmentMainTabAdapter,getPageTitle/1[int],mFragmentTitles,1
/home/arch_design_predict/download-github-repos/mvp/repos/MVP-Retrofit-RxJava-master/app/src/main/java/com/byl/mvpdemo/ui/main/adapter/FragmentMainTabAdapter.java,com.byl.mvpdemo.ui.main.adapter.FragmentMainTabAdapter,getTabView/1[int],mFragmentIcons,1
/home/arch_design_predict/download-github-repos/mvp/repos/MVP-Retrofit-RxJava-master/app/src/main/java/com/byl/mvpdemo/ui/main/adapter/FragmentMainTabAdapter.java,com.byl.mvpdemo.ui.main.adapter.FragmentMainTabAdapter,getTabView/1[int],mFragmentTitles,1
/home/arch_design_predict/download-github-repos/mvp/repos/MVP-Retrofit-RxJava-master/app/src/main/java/com/byl/mvpdemo/ui/main/adapter/FragmentMainTabAdapter.java,com.byl.mvpdemo.ui.main.adapter.FragmentMainTabAdapter,getTabView/1[int],mContext,1
/home/arch_design_predict/download-github-repos/mvp/repos/MVP-Retrofit-RxJava-master/app/src/main/java/com/byl/mvpdemo/ui/main/adapter/FragmentMainTabAdapter.java,com.byl.mvpdemo.ui.main.adapter.FragmentMainTabAdapter,getItem/1[int],mFragments,1
/home/arch_design_predict/download-github-repos/mvp/repos/MVP-Retrofit-RxJava-master/app/src/main/java/com/byl/mvpdemo/ui/main/adapter/FragmentMainTabAdapter.java,com.byl.mvpdemo.ui.main.adapter.FragmentMainTabAdapter,"FragmentMainTabAdapter/5[com.byl.mvpdemo.ui.main.adapter.Context,com.byl.mvpdemo.ui.main.adapter.FragmentManager,com.byl.mvpdemo.ui.main.adapter.Fragment[],java.lang.String[],java.lang.Integer[]]",mFragmentIcons,1
/home/arch_design_predict/download-github-repos/mvp/repos/MVP-Retrofit-RxJava-master/app/src/main/java/com/byl/mvpdemo/ui/main/adapter/FragmentMainTabAdapter.java,com.byl.mvpdemo.ui.main.adapter.FragmentMainTabAdapter,"FragmentMainTabAdapter/5[com.byl.mvpdemo.ui.main.adapter.Context,com.byl.mvpdemo.ui.main.adapter.FragmentManager,com.byl.mvpdemo.ui.main.adapter.Fragment[],java.lang.String[],java.lang.Integer[]]",mFragmentTitles,1
/home/arch_design_predict/download-github-repos/mvp/repos/MVP-Retrofit-RxJava-master/app/src/main/java/com/byl/mvpdemo/ui/main/adapter/FragmentMainTabAdapter.java,com.byl.mvpdemo.ui.main.adapter.FragmentMainTabAdapter,"FragmentMainTabAdapter/5[com.byl.mvpdemo.ui.main.adapter.Context,com.byl.mvpdemo.ui.main.adapter.FragmentManager,com.byl.mvpdemo.ui.main.adapter.Fragment[],java.lang.String[],java.lang.Integer[]]",mFragments,1
/home/arch_design_predict/download-github-repos/mvp/repos/MVP-Retrofit-RxJava-master/app/src/main/java/com/byl/mvpdemo/ui/main/adapter/FragmentMainTabAdapter.java,com.byl.mvpdemo.ui.main.adapter.FragmentMainTabAdapter,"FragmentMainTabAdapter/5[com.byl.mvpdemo.ui.main.adapter.Context,com.byl.mvpdemo.ui.main.adapter.FragmentManager,com.byl.mvpdemo.ui.main.adapter.Fragment[],java.lang.String[],java.lang.Integer[]]",mContext,1
/home/arch_design_predict/download-github-repos/mvp/repos/MVP-Retrofit-RxJava-master/app/src/main/java/com/byl/mvpdemo/model/modelbean/LoginModel.java,com.byl.mvpdemo.model.modelbean.LoginModel,setType/1[java.lang.String],type,3
/home/arch_design_predict/download-github-repos/mvp/repos/MVP-Retrofit-RxJava-master/app/src/main/java/com/byl/mvpdemo/model/modelbean/LoginModel.java,com.byl.mvpdemo.model.modelbean.LoginModel,getName/0,name,1
/home/arch_design_predict/download-github-repos/mvp/repos/MVP-Retrofit-RxJava-master/app/src/main/java/com/byl/mvpdemo/model/modelbean/LoginModel.java,com.byl.mvpdemo.model.modelbean.LoginModel,getProv/0,prov,1
/home/arch_design_predict/download-github-repos/mvp/repos/MVP-Retrofit-RxJava-master/app/src/main/java/com/byl/mvpdemo/model/modelbean/LoginModel.java,com.byl.mvpdemo.model.modelbean.LoginModel,getType/0,type,1
/home/arch_design_predict/download-github-repos/mvp/repos/MVP-Retrofit-RxJava-master/app/src/main/java/com/byl/mvpdemo/model/modelbean/LoginModel.java,com.byl.mvpdemo.model.modelbean.LoginModel,getNum/0,num,1
/home/arch_design_predict/download-github-repos/mvp/repos/MVP-Retrofit-RxJava-master/app/src/main/java/com/byl/mvpdemo/model/modelbean/LoginModel.java,com.byl.mvpdemo.model.modelbean.LoginModel,setRet_code/1[java.lang.String],ret_code,3
/home/arch_design_predict/download-github-repos/mvp/repos/MVP-Retrofit-RxJava-master/app/src/main/java/com/byl/mvpdemo/model/modelbean/LoginModel.java,com.byl.mvpdemo.model.modelbean.LoginModel,getRet_code/0,ret_code,1
/home/arch_design_predict/download-github-repos/mvp/repos/MVP-Retrofit-RxJava-master/app/src/main/java/com/byl/mvpdemo/model/modelbean/LoginModel.java,com.byl.mvpdemo.model.modelbean.LoginModel,setProv/1[java.lang.String],prov,3
/home/arch_design_predict/download-github-repos/mvp/repos/MVP-Retrofit-RxJava-master/app/src/main/java/com/byl/mvpdemo/model/modelbean/LoginModel.java,com.byl.mvpdemo.model.modelbean.LoginModel,setNum/1[java.lang.String],num,3
/home/arch_design_predict/download-github-repos/mvp/repos/MVP-Retrofit-RxJava-master/app/src/main/java/com/byl/mvpdemo/model/modelbean/LoginModel.java,com.byl.mvpdemo.model.modelbean.LoginModel,setProvCode/1[java.lang.String],provCode,3
/home/arch_design_predict/download-github-repos/mvp/repos/MVP-Retrofit-RxJava-master/app/src/main/java/com/byl/mvpdemo/model/modelbean/LoginModel.java,com.byl.mvpdemo.model.modelbean.LoginModel,getProvCode/0,provCode,1
/home/arch_design_predict/download-github-repos/mvp/repos/MVP-Retrofit-RxJava-master/app/src/main/java/com/byl/mvpdemo/model/modelbean/LoginModel.java,com.byl.mvpdemo.model.modelbean.LoginModel,getCity/0,city,1
/home/arch_design_predict/download-github-repos/mvp/repos/MVP-Retrofit-RxJava-master/app/src/main/java/com/byl/mvpdemo/model/modelbean/LoginModel.java,com.byl.mvpdemo.model.modelbean.LoginModel,setCity/1[java.lang.String],city,3
/home/arch_design_predict/download-github-repos/mvp/repos/MVP-Retrofit-RxJava-master/app/src/main/java/com/byl/mvpdemo/model/modelbean/LoginModel.java,com.byl.mvpdemo.model.modelbean.LoginModel,setName/1[java.lang.String],name,3
/home/arch_design_predict/download-github-repos/mvp/repos/MVP-Retrofit-RxJava-master/app/src/main/java/com/byl/mvpdemo/adapter/ImagesAdapter.java,com.byl.mvpdemo.adapter.ImagesAdapter$MyViewHolder,MyViewHolder/1[com.byl.mvpdemo.adapter.View],img,2
/home/arch_design_predict/download-github-repos/mvp/repos/MVP-Retrofit-RxJava-master/app/src/main/java/com/byl/mvpdemo/adapter/ImagesAdapter.java,com.byl.mvpdemo.adapter.ImagesAdapter$MyViewHolder,MyViewHolder/1[com.byl.mvpdemo.adapter.View],tv_title,2
/home/arch_design_predict/download-github-repos/mvp/repos/MVP-Retrofit-RxJava-master/app/src/main/java/com/byl/mvpdemo/adapter/ImagesAdapter.java,com.byl.mvpdemo.adapter.ImagesAdapter$MyViewHolder,MyViewHolder/1[com.byl.mvpdemo.adapter.View],iv_zan,2
/home/arch_design_predict/download-github-repos/mvp/repos/MVP-Retrofit-RxJava-master/app/src/main/java/com/byl/mvpdemo/view/MyProgressDialog.java,com.byl.mvpdemo.view.MyProgressDialog,dismiss/0,mAnim,1
/home/arch_design_predict/download-github-repos/mvp/repos/MVP-Retrofit-RxJava-master/app/src/main/java/com/byl/mvpdemo/view/MyProgressDialog.java,com.byl.mvpdemo.view.MyProgressDialog,setMessage/1[java.lang.String],tv,1
/home/arch_design_predict/download-github-repos/mvp/repos/MVP-Retrofit-RxJava-master/app/src/main/java/com/byl/mvpdemo/view/MyProgressDialog.java,com.byl.mvpdemo.view.MyProgressDialog,initAnim/0,mAnim,5
/home/arch_design_predict/download-github-repos/mvp/repos/MVP-Retrofit-RxJava-master/app/src/main/java/com/byl/mvpdemo/view/MyProgressDialog.java,com.byl.mvpdemo.view.MyProgressDialog,init/0,tv,2
/home/arch_design_predict/download-github-repos/mvp/repos/MVP-Retrofit-RxJava-master/app/src/main/java/com/byl/mvpdemo/view/MyProgressDialog.java,com.byl.mvpdemo.view.MyProgressDialog,init/0,iv_route,2
/home/arch_design_predict/download-github-repos/mvp/repos/MVP-Retrofit-RxJava-master/app/src/main/java/com/byl/mvpdemo/view/MyProgressDialog.java,com.byl.mvpdemo.view.MyProgressDialog,setTitle/1[java.lang.CharSequence],tv,1
/home/arch_design_predict/download-github-repos/mvp/repos/MVP-Retrofit-RxJava-master/app/src/main/java/com/byl/mvpdemo/view/MyProgressDialog.java,com.byl.mvpdemo.view.MyProgressDialog,setCancelable/1[boolean],cancelable,1
/home/arch_design_predict/download-github-repos/mvp/repos/MVP-Retrofit-RxJava-master/app/src/main/java/com/byl/mvpdemo/view/MyProgressDialog.java,com.byl.mvpdemo.view.MyProgressDialog,show/0,mAnim,1
/home/arch_design_predict/download-github-repos/mvp/repos/MVP-Retrofit-RxJava-master/app/src/main/java/com/byl/mvpdemo/view/MyProgressDialog.java,com.byl.mvpdemo.view.MyProgressDialog,show/0,iv_route,1
/home/arch_design_predict/download-github-repos/mvp/repos/MVP-Retrofit-RxJava-master/app/src/main/java/com/byl/mvpdemo/ui/images/FragmentImageTab1.java,com.byl.mvpdemo.ui.images.FragmentImageTab1,onHeaderRefresh/1[com.byl.mvpdemo.view.pullrecyclerview.PullBaseView],imagesPresenter,1
/home/arch_design_predict/download-github-repos/mvp/repos/MVP-Retrofit-RxJava-master/app/src/main/java/com/byl/mvpdemo/ui/images/FragmentImageTab1.java,com.byl.mvpdemo.ui.images.FragmentImageTab1,onHeaderRefresh/1[com.byl.mvpdemo.view.pullrecyclerview.PullBaseView],page,2
/home/arch_design_predict/download-github-repos/mvp/repos/MVP-Retrofit-RxJava-master/app/src/main/java/com/byl/mvpdemo/ui/images/FragmentImageTab1.java,com.byl.mvpdemo.ui.images.FragmentImageTab1,onDestroy/0,imagesPresenter,1
/home/arch_design_predict/download-github-repos/mvp/repos/MVP-Retrofit-RxJava-master/app/src/main/java/com/byl/mvpdemo/ui/images/FragmentImageTab1.java,com.byl.mvpdemo.ui.images.FragmentImageTab1,initData/0,imagesPresenter,3
/home/arch_design_predict/download-github-repos/mvp/repos/MVP-Retrofit-RxJava-master/app/src/main/java/com/byl/mvpdemo/ui/images/FragmentImageTab1.java,com.byl.mvpdemo.ui.images.FragmentImageTab1,initData/0,page,1
/home/arch_design_predict/download-github-repos/mvp/repos/MVP-Retrofit-RxJava-master/app/src/main/java/com/byl/mvpdemo/ui/images/FragmentImageTab1.java,com.byl.mvpdemo.ui.images.FragmentImageTab1,initData/0,objectList,1
/home/arch_design_predict/download-github-repos/mvp/repos/MVP-Retrofit-RxJava-master/app/src/main/java/com/byl/mvpdemo/ui/images/FragmentImageTab1.java,com.byl.mvpdemo.ui.images.FragmentImageTab1,refreshSuccess/1[com.byl.mvpdemo.model.modelbean.NewsBean],mPullRecyclerView,3
/home/arch_design_predict/download-github-repos/mvp/repos/MVP-Retrofit-RxJava-master/app/src/main/java/com/byl/mvpdemo/ui/images/FragmentImageTab1.java,com.byl.mvpdemo.ui.images.FragmentImageTab1,refreshSuccess/1[com.byl.mvpdemo.model.modelbean.NewsBean],imagesAdapter,3
/home/arch_design_predict/download-github-repos/mvp/repos/MVP-Retrofit-RxJava-master/app/src/main/java/com/byl/mvpdemo/ui/images/FragmentImageTab1.java,com.byl.mvpdemo.ui.images.FragmentImageTab1,refreshSuccess/1[com.byl.mvpdemo.model.modelbean.NewsBean],objectList,3
/home/arch_design_predict/download-github-repos/mvp/repos/MVP-Retrofit-RxJava-master/app/src/main/java/com/byl/mvpdemo/ui/images/FragmentImageTab1.java,com.byl.mvpdemo.ui.images.FragmentImageTab1,initView/0,mPullRecyclerView,7
/home/arch_design_predict/download-github-repos/mvp/repos/MVP-Retrofit-RxJava-master/app/src/main/java/com/byl/mvpdemo/ui/images/FragmentImageTab1.java,com.byl.mvpdemo.ui.images.FragmentImageTab1,onFooterRefresh/1[com.byl.mvpdemo.view.pullrecyclerview.PullBaseView],imagesPresenter,1
/home/arch_design_predict/download-github-repos/mvp/repos/MVP-Retrofit-RxJava-master/app/src/main/java/com/byl/mvpdemo/ui/images/FragmentImageTab1.java,com.byl.mvpdemo.ui.images.FragmentImageTab1,onFooterRefresh/1[com.byl.mvpdemo.view.pullrecyclerview.PullBaseView],page,1
/home/arch_design_predict/download-github-repos/mvp/repos/MVP-Retrofit-RxJava-master/app/src/main/java/com/byl/mvpdemo/ui/images/FragmentImageTab1.java,com.byl.mvpdemo.ui.images.FragmentImageTab1,loadMoreSuccess/1[com.byl.mvpdemo.model.modelbean.NewsBean],mPullRecyclerView,1
/home/arch_design_predict/download-github-repos/mvp/repos/MVP-Retrofit-RxJava-master/app/src/main/java/com/byl/mvpdemo/ui/images/FragmentImageTab1.java,com.byl.mvpdemo.ui.images.FragmentImageTab1,loadMoreSuccess/1[com.byl.mvpdemo.model.modelbean.NewsBean],imagesAdapter,1
/home/arch_design_predict/download-github-repos/mvp/repos/MVP-Retrofit-RxJava-master/app/src/main/java/com/byl/mvpdemo/ui/images/FragmentImageTab1.java,com.byl.mvpdemo.ui.images.FragmentImageTab1,loadMoreSuccess/1[com.byl.mvpdemo.model.modelbean.NewsBean],objectList,1
/home/arch_design_predict/download-github-repos/mvp/repos/MVP-Retrofit-RxJava-master/app/src/main/java/com/byl/mvpdemo/ui/images/FragmentImageTab2.java,com.byl.mvpdemo.ui.images.FragmentImageTab2,onHeaderRefresh/1[com.byl.mvpdemo.view.pullrecyclerview.PullBaseView],imagesPresenter,1
/home/arch_design_predict/download-github-repos/mvp/repos/MVP-Retrofit-RxJava-master/app/src/main/java/com/byl/mvpdemo/ui/images/FragmentImageTab2.java,com.byl.mvpdemo.ui.images.FragmentImageTab2,onHeaderRefresh/1[com.byl.mvpdemo.view.pullrecyclerview.PullBaseView],page,2
/home/arch_design_predict/download-github-repos/mvp/repos/MVP-Retrofit-RxJava-master/app/src/main/java/com/byl/mvpdemo/ui/images/FragmentImageTab2.java,com.byl.mvpdemo.ui.images.FragmentImageTab2,onDestroy/0,imagesPresenter,1
/home/arch_design_predict/download-github-repos/mvp/repos/MVP-Retrofit-RxJava-master/app/src/main/java/com/byl/mvpdemo/ui/images/FragmentImageTab2.java,com.byl.mvpdemo.ui.images.FragmentImageTab2,initData/0,imagesPresenter,3
/home/arch_design_predict/download-github-repos/mvp/repos/MVP-Retrofit-RxJava-master/app/src/main/java/com/byl/mvpdemo/ui/images/FragmentImageTab2.java,com.byl.mvpdemo.ui.images.FragmentImageTab2,initData/0,page,1
/home/arch_design_predict/download-github-repos/mvp/repos/MVP-Retrofit-RxJava-master/app/src/main/java/com/byl/mvpdemo/ui/images/FragmentImageTab2.java,com.byl.mvpdemo.ui.images.FragmentImageTab2,initData/0,objectList,1
/home/arch_design_predict/download-github-repos/mvp/repos/MVP-Retrofit-RxJava-master/app/src/main/java/com/byl/mvpdemo/ui/images/FragmentImageTab2.java,com.byl.mvpdemo.ui.images.FragmentImageTab2,refreshSuccess/1[com.byl.mvpdemo.model.modelbean.NewsBean],mPullRecyclerView,3
/home/arch_design_predict/download-github-repos/mvp/repos/MVP-Retrofit-RxJava-master/app/src/main/java/com/byl/mvpdemo/ui/images/FragmentImageTab2.java,com.byl.mvpdemo.ui.images.FragmentImageTab2,refreshSuccess/1[com.byl.mvpdemo.model.modelbean.NewsBean],imagesAdapter,3
/home/arch_design_predict/download-github-repos/mvp/repos/MVP-Retrofit-RxJava-master/app/src/main/java/com/byl/mvpdemo/ui/images/FragmentImageTab2.java,com.byl.mvpdemo.ui.images.FragmentImageTab2,refreshSuccess/1[com.byl.mvpdemo.model.modelbean.NewsBean],objectList,3
/home/arch_design_predict/download-github-repos/mvp/repos/MVP-Retrofit-RxJava-master/app/src/main/java/com/byl/mvpdemo/ui/images/FragmentImageTab2.java,com.byl.mvpdemo.ui.images.FragmentImageTab2,initView/0,mPullRecyclerView,7
/home/arch_design_predict/download-github-repos/mvp/repos/MVP-Retrofit-RxJava-master/app/src/main/java/com/byl/mvpdemo/ui/images/FragmentImageTab2.java,com.byl.mvpdemo.ui.images.FragmentImageTab2,onFooterRefresh/1[com.byl.mvpdemo.view.pullrecyclerview.PullBaseView],imagesPresenter,1
/home/arch_design_predict/download-github-repos/mvp/repos/MVP-Retrofit-RxJava-master/app/src/main/java/com/byl/mvpdemo/ui/images/FragmentImageTab2.java,com.byl.mvpdemo.ui.images.FragmentImageTab2,onFooterRefresh/1[com.byl.mvpdemo.view.pullrecyclerview.PullBaseView],page,1
/home/arch_design_predict/download-github-repos/mvp/repos/MVP-Retrofit-RxJava-master/app/src/main/java/com/byl/mvpdemo/ui/images/FragmentImageTab2.java,com.byl.mvpdemo.ui.images.FragmentImageTab2,loadMoreSuccess/1[com.byl.mvpdemo.model.modelbean.NewsBean],mPullRecyclerView,1
/home/arch_design_predict/download-github-repos/mvp/repos/MVP-Retrofit-RxJava-master/app/src/main/java/com/byl/mvpdemo/ui/images/FragmentImageTab2.java,com.byl.mvpdemo.ui.images.FragmentImageTab2,loadMoreSuccess/1[com.byl.mvpdemo.model.modelbean.NewsBean],imagesAdapter,1
/home/arch_design_predict/download-github-repos/mvp/repos/MVP-Retrofit-RxJava-master/app/src/main/java/com/byl/mvpdemo/ui/images/FragmentImageTab2.java,com.byl.mvpdemo.ui.images.FragmentImageTab2,loadMoreSuccess/1[com.byl.mvpdemo.model.modelbean.NewsBean],objectList,1
/home/arch_design_predict/download-github-repos/mvp/repos/MVP-Retrofit-RxJava-master/app/src/main/java/com/byl/mvpdemo/adapter/NewsAdapter.java,com.byl.mvpdemo.adapter.NewsAdapter,initViewPager/1[com.byl.mvpdemo.adapter.NewsAdapter.MyViewHolder],isViewPagerLoadScucess,1
/home/arch_design_predict/download-github-repos/mvp/repos/MVP-Retrofit-RxJava-master/app/src/main/java/com/byl/mvpdemo/adapter/NewsAdapter.java,com.byl.mvpdemo.adapter.NewsAdapter,"onBindViewHolder/2[com.byl.mvpdemo.adapter.NewsAdapter.MyViewHolder,int]",isViewPagerLoadScucess,1
/home/arch_design_predict/download-github-repos/mvp/repos/MVP-Retrofit-RxJava-master/app/src/main/java/com/byl/mvpdemo/adapter/NewsAdapter.java,com.byl.mvpdemo.adapter.NewsAdapter,setViewPagerLoadScucess/1[boolean],isViewPagerLoadScucess,1
/home/arch_design_predict/download-github-repos/mvp/repos/MVP-Retrofit-RxJava-master/app/src/main/java/com/byl/mvpdemo/adapter/BaseAdapter.java,com.byl.mvpdemo.adapter.BaseAdapter$ViewClikListener,onClick/1[com.byl.mvpdemo.adapter.View],onViewClickListener,1
/home/arch_design_predict/download-github-repos/mvp/repos/MVP-Retrofit-RxJava-master/app/src/main/java/com/byl/mvpdemo/adapter/BaseAdapter.java,com.byl.mvpdemo.adapter.BaseAdapter$ViewClikListener,onClick/1[com.byl.mvpdemo.adapter.View],viewtype,1
/home/arch_design_predict/download-github-repos/mvp/repos/MVP-Retrofit-RxJava-master/app/src/main/java/com/byl/mvpdemo/adapter/BaseAdapter.java,com.byl.mvpdemo.adapter.BaseAdapter$ViewClikListener,onClick/1[com.byl.mvpdemo.adapter.View],position,1
/home/arch_design_predict/download-github-repos/mvp/repos/MVP-Retrofit-RxJava-master/app/src/main/java/com/byl/mvpdemo/adapter/BaseAdapter.java,com.byl.mvpdemo.adapter.BaseAdapter$ViewClikListener,"ViewClikListener/3[com.byl.mvpdemo.adapter.BaseAdapter.OnViewClickListener,int,int]",onViewClickListener,3
/home/arch_design_predict/download-github-repos/mvp/repos/MVP-Retrofit-RxJava-master/app/src/main/java/com/byl/mvpdemo/adapter/BaseAdapter.java,com.byl.mvpdemo.adapter.BaseAdapter$ViewClikListener,"ViewClikListener/3[com.byl.mvpdemo.adapter.BaseAdapter.OnViewClickListener,int,int]",viewtype,3
/home/arch_design_predict/download-github-repos/mvp/repos/MVP-Retrofit-RxJava-master/app/src/main/java/com/byl/mvpdemo/adapter/BaseAdapter.java,com.byl.mvpdemo.adapter.BaseAdapter$ViewClikListener,"ViewClikListener/3[com.byl.mvpdemo.adapter.BaseAdapter.OnViewClickListener,int,int]",position,3
/home/arch_design_predict/download-github-repos/mvp/repos/MVP-Retrofit-RxJava-master/app/src/main/java/com/byl/mvpdemo/adapter/BaseAdapter.java,com.byl.mvpdemo.adapter.BaseAdapter,"init/2[com.byl.mvpdemo.adapter.Context,java.util.List<java.lang.Object>]",context,5
/home/arch_design_predict/download-github-repos/mvp/repos/MVP-Retrofit-RxJava-master/app/src/main/java/com/byl/mvpdemo/adapter/BaseAdapter.java,com.byl.mvpdemo.adapter.BaseAdapter,"init/2[com.byl.mvpdemo.adapter.Context,java.util.List<java.lang.Object>]",mInflater,1
/home/arch_design_predict/download-github-repos/mvp/repos/MVP-Retrofit-RxJava-master/app/src/main/java/com/byl/mvpdemo/adapter/BaseAdapter.java,com.byl.mvpdemo.adapter.BaseAdapter,"init/2[com.byl.mvpdemo.adapter.Context,java.util.List<java.lang.Object>]",listDatas,4
/home/arch_design_predict/download-github-repos/mvp/repos/MVP-Retrofit-RxJava-master/app/src/main/java/com/byl/mvpdemo/adapter/BaseAdapter.java,com.byl.mvpdemo.adapter.BaseAdapter,getItemCount/0,listDatas,1
/home/arch_design_predict/download-github-repos/mvp/repos/MVP-Retrofit-RxJava-master/app/src/main/java/com/byl/mvpdemo/adapter/BaseAdapter.java,com.byl.mvpdemo.adapter.BaseAdapter,setOnItemClickListener/1[com.byl.mvpdemo.adapter.BaseAdapter.OnItemClickListener],onItemClickListener,4
/home/arch_design_predict/download-github-repos/mvp/repos/MVP-Retrofit-RxJava-master/app/src/main/java/com/byl/mvpdemo/adapter/BaseAdapter.java,com.byl.mvpdemo.adapter.BaseAdapter,setOnItemLongClickListener/1[com.byl.mvpdemo.adapter.BaseAdapter.OnItemLongClickListener],onItemLongClickListener,4
/home/arch_design_predict/download-github-repos/mvp/repos/MVP-Retrofit-RxJava-master/app/src/main/java/com/byl/mvpdemo/adapter/BaseAdapter.java,com.byl.mvpdemo.adapter.BaseAdapter,"BaseAdapter/3[com.byl.mvpdemo.adapter.Context,java.util.List<java.lang.Object>,com.byl.mvpdemo.adapter.BaseAdapter.OnViewClickListener]",onViewClickListener,4
/home/arch_design_predict/download-github-repos/mvp/repos/MVP-Retrofit-RxJava-master/app/src/main/java/com/byl/mvpdemo/adapter/BaseAdapter.java,com.byl.mvpdemo.adapter.BaseAdapter,"BaseAdapter/3[com.byl.mvpdemo.adapter.Context,java.util.List<java.lang.Object>,com.byl.mvpdemo.adapter.BaseAdapter.OnViewClickListener]",context,3
/home/arch_design_predict/download-github-repos/mvp/repos/MVP-Retrofit-RxJava-master/app/src/main/java/com/byl/mvpdemo/adapter/BaseAdapter.java,com.byl.mvpdemo.adapter.BaseAdapter,"BaseAdapter/3[com.byl.mvpdemo.adapter.Context,java.util.List<java.lang.Object>,com.byl.mvpdemo.adapter.BaseAdapter.OnViewClickListener]",listDatas,3
/home/arch_design_predict/download-github-repos/mvp/repos/MVP-Retrofit-RxJava-master/app/src/main/java/com/byl/mvpdemo/adapter/BaseAdapter.java,com.byl.mvpdemo.adapter.BaseAdapter,"BaseAdapter/2[com.byl.mvpdemo.adapter.Context,java.util.List<java.lang.Object>]",context,3
/home/arch_design_predict/download-github-repos/mvp/repos/MVP-Retrofit-RxJava-master/app/src/main/java/com/byl/mvpdemo/adapter/BaseAdapter.java,com.byl.mvpdemo.adapter.BaseAdapter,"BaseAdapter/2[com.byl.mvpdemo.adapter.Context,java.util.List<java.lang.Object>]",listDatas,3
/home/arch_design_predict/download-github-repos/mvp/repos/MVP-Retrofit-RxJava-master/app/src/main/java/com/byl/mvpdemo/adapter/BaseAdapter.java,com.byl.mvpdemo.adapter.BaseAdapter,"BaseAdapter/3[com.byl.mvpdemo.adapter.Context,java.util.List<java.lang.Object>,java.util.List<java.lang.Object>]",context,3
/home/arch_design_predict/download-github-repos/mvp/repos/MVP-Retrofit-RxJava-master/app/src/main/java/com/byl/mvpdemo/adapter/BaseAdapter.java,com.byl.mvpdemo.adapter.BaseAdapter,"BaseAdapter/3[com.byl.mvpdemo.adapter.Context,java.util.List<java.lang.Object>,java.util.List<java.lang.Object>]",listDatas2,3
/home/arch_design_predict/download-github-repos/mvp/repos/MVP-Retrofit-RxJava-master/app/src/main/java/com/byl/mvpdemo/adapter/BaseAdapter.java,com.byl.mvpdemo.adapter.BaseAdapter,"BaseAdapter/3[com.byl.mvpdemo.adapter.Context,java.util.List<java.lang.Object>,java.util.List<java.lang.Object>]",listDatas1,3
/home/arch_design_predict/download-github-repos/mvp/repos/MVP-Retrofit-RxJava-master/app/src/main/java/com/byl/mvpdemo/adapter/BaseAdapter.java,com.byl.mvpdemo.adapter.BaseAdapter,"BaseAdapter/4[com.byl.mvpdemo.adapter.Context,java.util.List<java.lang.Object>,java.util.List<java.lang.Object>,com.byl.mvpdemo.adapter.BaseAdapter.OnViewClickListener]",onViewClickListener,4
/home/arch_design_predict/download-github-repos/mvp/repos/MVP-Retrofit-RxJava-master/app/src/main/java/com/byl/mvpdemo/adapter/BaseAdapter.java,com.byl.mvpdemo.adapter.BaseAdapter,"BaseAdapter/4[com.byl.mvpdemo.adapter.Context,java.util.List<java.lang.Object>,java.util.List<java.lang.Object>,com.byl.mvpdemo.adapter.BaseAdapter.OnViewClickListener]",context,3
/home/arch_design_predict/download-github-repos/mvp/repos/MVP-Retrofit-RxJava-master/app/src/main/java/com/byl/mvpdemo/adapter/BaseAdapter.java,com.byl.mvpdemo.adapter.BaseAdapter,"BaseAdapter/4[com.byl.mvpdemo.adapter.Context,java.util.List<java.lang.Object>,java.util.List<java.lang.Object>,com.byl.mvpdemo.adapter.BaseAdapter.OnViewClickListener]",listDatas2,2
/home/arch_design_predict/download-github-repos/mvp/repos/MVP-Retrofit-RxJava-master/app/src/main/java/com/byl/mvpdemo/adapter/BaseAdapter.java,com.byl.mvpdemo.adapter.BaseAdapter,"BaseAdapter/4[com.byl.mvpdemo.adapter.Context,java.util.List<java.lang.Object>,java.util.List<java.lang.Object>,com.byl.mvpdemo.adapter.BaseAdapter.OnViewClickListener]",listDatas1,2
/home/arch_design_predict/download-github-repos/mvp/repos/MVP-Retrofit-RxJava-master/app/src/main/java/com/byl/mvpdemo/adapter/BaseAdapter.java,com.byl.mvpdemo.adapter.BaseAdapter,"init/3[com.byl.mvpdemo.adapter.Context,java.util.List<java.lang.Object>,java.util.List<java.lang.Object>]",context,5
/home/arch_design_predict/download-github-repos/mvp/repos/MVP-Retrofit-RxJava-master/app/src/main/java/com/byl/mvpdemo/adapter/BaseAdapter.java,com.byl.mvpdemo.adapter.BaseAdapter,"init/3[com.byl.mvpdemo.adapter.Context,java.util.List<java.lang.Object>,java.util.List<java.lang.Object>]",listDatas2,4
/home/arch_design_predict/download-github-repos/mvp/repos/MVP-Retrofit-RxJava-master/app/src/main/java/com/byl/mvpdemo/adapter/BaseAdapter.java,com.byl.mvpdemo.adapter.BaseAdapter,"init/3[com.byl.mvpdemo.adapter.Context,java.util.List<java.lang.Object>,java.util.List<java.lang.Object>]",listDatas1,4
/home/arch_design_predict/download-github-repos/mvp/repos/MVP-Retrofit-RxJava-master/app/src/main/java/com/byl/mvpdemo/adapter/BaseAdapter.java,com.byl.mvpdemo.adapter.BaseAdapter,"init/3[com.byl.mvpdemo.adapter.Context,java.util.List<java.lang.Object>,java.util.List<java.lang.Object>]",mInflater,1
/home/arch_design_predict/download-github-repos/mvp/repos/MVP-Retrofit-RxJava-master/app/src/main/java/com/byl/mvpdemo/ui/base/BaseFragment.java,com.byl.mvpdemo.ui.base.BaseFragment,"onCreateView/3[com.byl.mvpdemo.ui.base.LayoutInflater,com.byl.mvpdemo.ui.base.ViewGroup,com.byl.mvpdemo.ui.base.Bundle]",view,3
/home/arch_design_predict/download-github-repos/mvp/repos/MVP-Retrofit-RxJava-master/app/src/main/java/com/byl/mvpdemo/ui/base/BaseFragment.java,com.byl.mvpdemo.ui.base.BaseFragment,"onCreateView/3[com.byl.mvpdemo.ui.base.LayoutInflater,com.byl.mvpdemo.ui.base.ViewGroup,com.byl.mvpdemo.ui.base.Bundle]",context,1
/home/arch_design_predict/download-github-repos/mvp/repos/MVP-Retrofit-RxJava-master/app/src/main/java/com/byl/mvpdemo/ui/base/BaseFragment.java,com.byl.mvpdemo.ui.base.BaseFragment,"initTitleBar/5[java.lang.String,java.lang.String,java.lang.String,int,View.OnClickListener]",pb,2
/home/arch_design_predict/download-github-repos/mvp/repos/MVP-Retrofit-RxJava-master/app/src/main/java/com/byl/mvpdemo/ui/base/BaseFragment.java,com.byl.mvpdemo.ui.base.BaseFragment,"initTitleBar/5[java.lang.String,java.lang.String,java.lang.String,int,View.OnClickListener]",tv_title,5
/home/arch_design_predict/download-github-repos/mvp/repos/MVP-Retrofit-RxJava-master/app/src/main/java/com/byl/mvpdemo/ui/base/BaseFragment.java,com.byl.mvpdemo.ui.base.BaseFragment,"initTitleBar/5[java.lang.String,java.lang.String,java.lang.String,int,View.OnClickListener]",tv_right,6
/home/arch_design_predict/download-github-repos/mvp/repos/MVP-Retrofit-RxJava-master/app/src/main/java/com/byl/mvpdemo/ui/base/BaseFragment.java,com.byl.mvpdemo.ui.base.BaseFragment,"initTitleBar/5[java.lang.String,java.lang.String,java.lang.String,int,View.OnClickListener]",iv_right,6
/home/arch_design_predict/download-github-repos/mvp/repos/MVP-Retrofit-RxJava-master/app/src/main/java/com/byl/mvpdemo/ui/base/BaseFragment.java,com.byl.mvpdemo.ui.base.BaseFragment,"initTitleBar/5[java.lang.String,java.lang.String,java.lang.String,int,View.OnClickListener]",tv_left,6
/home/arch_design_predict/download-github-repos/mvp/repos/MVP-Retrofit-RxJava-master/app/src/main/java/com/byl/mvpdemo/ui/base/BaseFragment.java,com.byl.mvpdemo.ui.base.BaseFragment,"initTitleBar/5[java.lang.String,java.lang.String,java.lang.String,int,View.OnClickListener]",title_bar,3
/home/arch_design_predict/download-github-repos/mvp/repos/MVP-Retrofit-RxJava-master/app/src/main/java/com/byl/mvpdemo/ui/base/BaseFragment.java,com.byl.mvpdemo.ui.base.BaseFragment,$/1[int],view,1
/home/arch_design_predict/download-github-repos/mvp/repos/MVP-Retrofit-RxJava-master/app/src/main/java/com/byl/mvpdemo/view/pullrecyclerview/RefreshAnimView.java,com.byl.mvpdemo.view.pullrecyclerview.RefreshAnimView,init/0,mPaint,2
/home/arch_design_predict/download-github-repos/mvp/repos/MVP-Retrofit-RxJava-master/app/src/main/java/com/byl/mvpdemo/view/pullrecyclerview/RefreshAnimView.java,com.byl.mvpdemo.view.pullrecyclerview.RefreshAnimView,init/0,daishu,1
/home/arch_design_predict/download-github-repos/mvp/repos/MVP-Retrofit-RxJava-master/app/src/main/java/com/byl/mvpdemo/view/pullrecyclerview/RefreshAnimView.java,com.byl.mvpdemo.view.pullrecyclerview.RefreshAnimView,onDraw/1[com.byl.mvpdemo.view.pullrecyclerview.Canvas],measuredHeight,1
/home/arch_design_predict/download-github-repos/mvp/repos/MVP-Retrofit-RxJava-master/app/src/main/java/com/byl/mvpdemo/view/pullrecyclerview/RefreshAnimView.java,com.byl.mvpdemo.view.pullrecyclerview.RefreshAnimView,onDraw/1[com.byl.mvpdemo.view.pullrecyclerview.Canvas],mPaint,2
/home/arch_design_predict/download-github-repos/mvp/repos/MVP-Retrofit-RxJava-master/app/src/main/java/com/byl/mvpdemo/view/pullrecyclerview/RefreshAnimView.java,com.byl.mvpdemo.view.pullrecyclerview.RefreshAnimView,onDraw/1[com.byl.mvpdemo.view.pullrecyclerview.Canvas],measuredWidth,1
/home/arch_design_predict/download-github-repos/mvp/repos/MVP-Retrofit-RxJava-master/app/src/main/java/com/byl/mvpdemo/view/pullrecyclerview/RefreshAnimView.java,com.byl.mvpdemo.view.pullrecyclerview.RefreshAnimView,onDraw/1[com.byl.mvpdemo.view.pullrecyclerview.Canvas],scaleDaishu,1
/home/arch_design_predict/download-github-repos/mvp/repos/MVP-Retrofit-RxJava-master/app/src/main/java/com/byl/mvpdemo/view/pullrecyclerview/RefreshAnimView.java,com.byl.mvpdemo.view.pullrecyclerview.RefreshAnimView,onDraw/1[com.byl.mvpdemo.view.pullrecyclerview.Canvas],mCurrentAlpha,1
/home/arch_design_predict/download-github-repos/mvp/repos/MVP-Retrofit-RxJava-master/app/src/main/java/com/byl/mvpdemo/view/pullrecyclerview/RefreshAnimView.java,com.byl.mvpdemo.view.pullrecyclerview.RefreshAnimView,onDraw/1[com.byl.mvpdemo.view.pullrecyclerview.Canvas],mCurrentProgress,2
/home/arch_design_predict/download-github-repos/mvp/repos/MVP-Retrofit-RxJava-master/app/src/main/java/com/byl/mvpdemo/view/pullrecyclerview/RefreshAnimView.java,com.byl.mvpdemo.view.pullrecyclerview.RefreshAnimView,measureHeight/1[int],daishu,1
/home/arch_design_predict/download-github-repos/mvp/repos/MVP-Retrofit-RxJava-master/app/src/main/java/com/byl/mvpdemo/view/pullrecyclerview/RefreshAnimView.java,com.byl.mvpdemo.view.pullrecyclerview.RefreshAnimView,"onSizeChanged/4[int,int,int,int]",measuredHeight,2
/home/arch_design_predict/download-github-repos/mvp/repos/MVP-Retrofit-RxJava-master/app/src/main/java/com/byl/mvpdemo/view/pullrecyclerview/RefreshAnimView.java,com.byl.mvpdemo.view.pullrecyclerview.RefreshAnimView,"onSizeChanged/4[int,int,int,int]",measuredWidth,2
/home/arch_design_predict/download-github-repos/mvp/repos/MVP-Retrofit-RxJava-master/app/src/main/java/com/byl/mvpdemo/view/pullrecyclerview/RefreshAnimView.java,com.byl.mvpdemo.view.pullrecyclerview.RefreshAnimView,"onSizeChanged/4[int,int,int,int]",daishu,1
/home/arch_design_predict/download-github-repos/mvp/repos/MVP-Retrofit-RxJava-master/app/src/main/java/com/byl/mvpdemo/view/pullrecyclerview/RefreshAnimView.java,com.byl.mvpdemo.view.pullrecyclerview.RefreshAnimView,"onSizeChanged/4[int,int,int,int]",scaleDaishu,1
/home/arch_design_predict/download-github-repos/mvp/repos/MVP-Retrofit-RxJava-master/app/src/main/java/com/byl/mvpdemo/view/pullrecyclerview/RefreshAnimView.java,com.byl.mvpdemo.view.pullrecyclerview.RefreshAnimView,measureWidth/1[int],daishu,1
/home/arch_design_predict/download-github-repos/mvp/repos/MVP-Retrofit-RxJava-master/app/src/main/java/com/byl/mvpdemo/view/pullrecyclerview/RefreshAnimView.java,com.byl.mvpdemo.view.pullrecyclerview.RefreshAnimView,setCurrentProgress/1[float],mCurrentAlpha,1
/home/arch_design_predict/download-github-repos/mvp/repos/MVP-Retrofit-RxJava-master/app/src/main/java/com/byl/mvpdemo/view/pullrecyclerview/RefreshAnimView.java,com.byl.mvpdemo.view.pullrecyclerview.RefreshAnimView,setCurrentProgress/1[float],mCurrentProgress,1
/home/arch_design_predict/download-github-repos/mvp/repos/MVP-Retrofit-RxJava-master/app/src/main/java/com/byl/mvpdemo/ui/login/LoginActivity.java,com.byl.mvpdemo.ui.login.LoginActivity,initData/0,loginPresenter,2
/home/arch_design_predict/download-github-repos/mvp/repos/MVP-Retrofit-RxJava-master/app/src/main/java/com/byl/mvpdemo/ui/login/LoginActivity.java,com.byl.mvpdemo.ui.login.LoginActivity,initView/0,et_account,1
/home/arch_design_predict/download-github-repos/mvp/repos/MVP-Retrofit-RxJava-master/app/src/main/java/com/byl/mvpdemo/ui/login/LoginActivity.java,com.byl.mvpdemo.ui.login.LoginActivity,initView/0,et_pwd,1
/home/arch_design_predict/download-github-repos/mvp/repos/MVP-Retrofit-RxJava-master/app/src/main/java/com/byl/mvpdemo/ui/login/LoginActivity.java,com.byl.mvpdemo.ui.login.LoginActivity,initView/0,btn_login,1
/home/arch_design_predict/download-github-repos/mvp/repos/MVP-Retrofit-RxJava-master/app/src/main/java/com/byl/mvpdemo/ui/login/LoginActivity.java,com.byl.mvpdemo.ui.login.LoginActivity,doLogin/0,et_account,1
/home/arch_design_predict/download-github-repos/mvp/repos/MVP-Retrofit-RxJava-master/app/src/main/java/com/byl/mvpdemo/ui/login/LoginActivity.java,com.byl.mvpdemo.ui.login.LoginActivity,doLogin/0,et_pwd,1
/home/arch_design_predict/download-github-repos/mvp/repos/MVP-Retrofit-RxJava-master/app/src/main/java/com/byl/mvpdemo/ui/login/LoginActivity.java,com.byl.mvpdemo.ui.login.LoginActivity,doLogin/0,loginPresenter,1
/home/arch_design_predict/download-github-repos/mvp/repos/MVP-Retrofit-RxJava-master/app/src/main/java/com/byl/mvpdemo/ui/login/LoginActivity.java,com.byl.mvpdemo.ui.login.LoginActivity,initClick/0,btn_login,1
/home/arch_design_predict/download-github-repos/mvp/repos/MVP-Retrofit-RxJava-master/app/src/main/java/com/byl/mvpdemo/ui/login/LoginActivity.java,com.byl.mvpdemo.ui.login.LoginActivity,onDestroy/0,loginPresenter,1
/home/arch_design_predict/download-github-repos/mvp/repos/MVP-Retrofit-RxJava-master/app/src/main/java/com/byl/mvpdemo/model/modelbean/News.java,com.byl.mvpdemo.model.modelbean.News,getCtime/0,ctime,1
/home/arch_design_predict/download-github-repos/mvp/repos/MVP-Retrofit-RxJava-master/app/src/main/java/com/byl/mvpdemo/model/modelbean/News.java,com.byl.mvpdemo.model.modelbean.News,getUrl/0,url,1
/home/arch_design_predict/download-github-repos/mvp/repos/MVP-Retrofit-RxJava-master/app/src/main/java/com/byl/mvpdemo/model/modelbean/News.java,com.byl.mvpdemo.model.modelbean.News,setPicUrl/1[java.lang.String],picUrl,3
/home/arch_design_predict/download-github-repos/mvp/repos/MVP-Retrofit-RxJava-master/app/src/main/java/com/byl/mvpdemo/model/modelbean/News.java,com.byl.mvpdemo.model.modelbean.News,setCtime/1[java.lang.String],ctime,3
/home/arch_design_predict/download-github-repos/mvp/repos/MVP-Retrofit-RxJava-master/app/src/main/java/com/byl/mvpdemo/model/modelbean/News.java,com.byl.mvpdemo.model.modelbean.News,setTitle/1[java.lang.String],title,3
/home/arch_design_predict/download-github-repos/mvp/repos/MVP-Retrofit-RxJava-master/app/src/main/java/com/byl/mvpdemo/model/modelbean/News.java,com.byl.mvpdemo.model.modelbean.News,getDescription/0,description,1
/home/arch_design_predict/download-github-repos/mvp/repos/MVP-Retrofit-RxJava-master/app/src/main/java/com/byl/mvpdemo/model/modelbean/News.java,com.byl.mvpdemo.model.modelbean.News,getPicUrl/0,picUrl,1
/home/arch_design_predict/download-github-repos/mvp/repos/MVP-Retrofit-RxJava-master/app/src/main/java/com/byl/mvpdemo/model/modelbean/News.java,com.byl.mvpdemo.model.modelbean.News,setDescription/1[java.lang.String],description,3
/home/arch_design_predict/download-github-repos/mvp/repos/MVP-Retrofit-RxJava-master/app/src/main/java/com/byl/mvpdemo/model/modelbean/News.java,com.byl.mvpdemo.model.modelbean.News,setUrl/1[java.lang.String],url,3
/home/arch_design_predict/download-github-repos/mvp/repos/MVP-Retrofit-RxJava-master/app/src/main/java/com/byl/mvpdemo/model/modelbean/News.java,com.byl.mvpdemo.model.modelbean.News,getTitle/0,title,1
/home/arch_design_predict/download-github-repos/mvp/repos/MVP-Retrofit-RxJava-master/app/src/main/java/com/byl/mvpdemo/view/pullrecyclerview/RefreshLoadingView.java,com.byl.mvpdemo.view.pullrecyclerview.RefreshLoadingView,measureWidth/1[int],endBitmap,1
/home/arch_design_predict/download-github-repos/mvp/repos/MVP-Retrofit-RxJava-master/app/src/main/java/com/byl/mvpdemo/view/pullrecyclerview/RefreshLoadingView.java,com.byl.mvpdemo.view.pullrecyclerview.RefreshLoadingView,measureHeight/1[int],endBitmap,1
/home/arch_design_predict/download-github-repos/mvp/repos/MVP-Retrofit-RxJava-master/app/src/main/java/com/byl/mvpdemo/view/pullrecyclerview/RefreshLoadingView.java,com.byl.mvpdemo.view.pullrecyclerview.RefreshLoadingView,init/0,endBitmap,1
/home/arch_design_predict/download-github-repos/mvp/repos/MVP-Retrofit-RxJava-master/app/src/main/java/com/byl/mvpdemo/model/modelbean/NewsBean.java,com.byl.mvpdemo.model.modelbean.NewsBean,setShowapi_res_body/1[com.byl.mvpdemo.model.modelbean.NewsModel],showapi_res_body,3
/home/arch_design_predict/download-github-repos/mvp/repos/MVP-Retrofit-RxJava-master/app/src/main/java/com/byl/mvpdemo/model/modelbean/NewsBean.java,com.byl.mvpdemo.model.modelbean.NewsBean,getShowapi_res_body/0,showapi_res_body,1
/home/arch_design_predict/download-github-repos/mvp/repos/MVP-Retrofit-RxJava-master/app/src/main/java/com/byl/mvpdemo/ui/main/MainActivity.java,com.byl.mvpdemo.ui.main.MainActivity,setupViewPager/0,mTabTitles,1
/home/arch_design_predict/download-github-repos/mvp/repos/MVP-Retrofit-RxJava-master/app/src/main/java/com/byl/mvpdemo/ui/main/MainActivity.java,com.byl.mvpdemo.ui.main.MainActivity,setupViewPager/0,mTabIcons,1
/home/arch_design_predict/download-github-repos/mvp/repos/MVP-Retrofit-RxJava-master/app/src/main/java/com/byl/mvpdemo/ui/main/MainActivity.java,com.byl.mvpdemo.ui.main.MainActivity,setupViewPager/0,mFragments,1
/home/arch_design_predict/download-github-repos/mvp/repos/MVP-Retrofit-RxJava-master/app/src/main/java/com/byl/mvpdemo/ui/main/MainActivity.java,com.byl.mvpdemo.ui.main.MainActivity,setupViewPager/0,fragmentMainTabAdapter,2
/home/arch_design_predict/download-github-repos/mvp/repos/MVP-Retrofit-RxJava-master/app/src/main/java/com/byl/mvpdemo/ui/main/MainActivity.java,com.byl.mvpdemo.ui.main.MainActivity,setupViewPager/0,viewPager,2
/home/arch_design_predict/download-github-repos/mvp/repos/MVP-Retrofit-RxJava-master/app/src/main/java/com/byl/mvpdemo/ui/main/MainActivity.java,com.byl.mvpdemo.ui.main.MainActivity,initData/0,mTabTitles,1
/home/arch_design_predict/download-github-repos/mvp/repos/MVP-Retrofit-RxJava-master/app/src/main/java/com/byl/mvpdemo/ui/main/MainActivity.java,com.byl.mvpdemo.ui.main.MainActivity,initData/0,mTabIcons,1
/home/arch_design_predict/download-github-repos/mvp/repos/MVP-Retrofit-RxJava-master/app/src/main/java/com/byl/mvpdemo/ui/main/MainActivity.java,com.byl.mvpdemo.ui.main.MainActivity,initData/0,mFragments,1
/home/arch_design_predict/download-github-repos/mvp/repos/MVP-Retrofit-RxJava-master/app/src/main/java/com/byl/mvpdemo/ui/main/MainActivity.java,com.byl.mvpdemo.ui.main.MainActivity,initData/0,tabLayout,1
/home/arch_design_predict/download-github-repos/mvp/repos/MVP-Retrofit-RxJava-master/app/src/main/java/com/byl/mvpdemo/ui/main/MainActivity.java,com.byl.mvpdemo.ui.main.MainActivity,initView/0,tabLayout,1
/home/arch_design_predict/download-github-repos/mvp/repos/MVP-Retrofit-RxJava-master/app/src/main/java/com/byl/mvpdemo/ui/main/MainActivity.java,com.byl.mvpdemo.ui.main.MainActivity,initView/0,viewPager,1
/home/arch_design_predict/download-github-repos/mvp/repos/MVP-Retrofit-RxJava-master/app/src/main/java/com/byl/mvpdemo/ui/main/MainActivity.java,com.byl.mvpdemo.ui.main.MainActivity,setupTabLayout/0,tabLayout,6
/home/arch_design_predict/download-github-repos/mvp/repos/MVP-Retrofit-RxJava-master/app/src/main/java/com/byl/mvpdemo/ui/main/MainActivity.java,com.byl.mvpdemo.ui.main.MainActivity,setupTabLayout/0,viewPager,1
/home/arch_design_predict/download-github-repos/mvp/repos/MVP-Retrofit-RxJava-master/app/src/main/java/com/byl/mvpdemo/ui/main/MainActivity.java,com.byl.mvpdemo.ui.main.MainActivity,setupTabLayout/0,fragmentMainTabAdapter,1
/home/arch_design_predict/download-github-repos/mvp/repos/MVP-Retrofit-RxJava-master/app/src/main/java/com/byl/mvpdemo/view/MyLinearLayoutManager.java,com.byl.mvpdemo.view.MyLinearLayoutManager,"onMeasure/4[RecyclerView.Recycler,RecyclerView.State,int,int]",mMeasuredDimension,5
/home/arch_design_predict/download-github-repos/mvp/repos/MVP-Retrofit-RxJava-master/app/src/main/java/com/byl/mvpdemo/presenter/LoginPresenter.java,com.byl.mvpdemo.presenter.LoginPresenter,login/1[java.lang.String],mSubscription,1
/home/arch_design_predict/download-github-repos/mvp/repos/MVP-Retrofit-RxJava-master/app/src/main/java/com/byl/mvpdemo/presenter/LoginPresenter.java,com.byl.mvpdemo.presenter.LoginPresenter,detachView/0,mSubscription,2
/home/arch_design_predict/download-github-repos/mvp/repos/MVP-Retrofit-RxJava-master/app/src/main/java/com/byl/mvpdemo/model/modelbean/NewsModel.java,com.byl.mvpdemo.model.modelbean.NewsModel,getMsg/0,msg,1
/home/arch_design_predict/download-github-repos/mvp/repos/MVP-Retrofit-RxJava-master/app/src/main/java/com/byl/mvpdemo/model/modelbean/NewsModel.java,com.byl.mvpdemo.model.modelbean.NewsModel,getCode/0,code,1
/home/arch_design_predict/download-github-repos/mvp/repos/MVP-Retrofit-RxJava-master/app/src/main/java/com/byl/mvpdemo/model/modelbean/NewsModel.java,com.byl.mvpdemo.model.modelbean.NewsModel,getNewslist/0,newslist,1
/home/arch_design_predict/download-github-repos/mvp/repos/MVP-Retrofit-RxJava-master/app/src/main/java/com/byl/mvpdemo/model/modelbean/NewsModel.java,com.byl.mvpdemo.model.modelbean.NewsModel,setNewslist/1[java.util.List<com.byl.mvpdemo.model.modelbean.News>],newslist,3
/home/arch_design_predict/download-github-repos/mvp/repos/MVP-Retrofit-RxJava-master/app/src/main/java/com/byl/mvpdemo/model/modelbean/NewsModel.java,com.byl.mvpdemo.model.modelbean.NewsModel,setCode/1[java.lang.String],code,3
/home/arch_design_predict/download-github-repos/mvp/repos/MVP-Retrofit-RxJava-master/app/src/main/java/com/byl/mvpdemo/model/modelbean/NewsModel.java,com.byl.mvpdemo.model.modelbean.NewsModel,setMsg/1[java.lang.String],msg,3
/home/arch_design_predict/download-github-repos/mvp/repos/MVP-Retrofit-RxJava-master/app/src/main/java/com/byl/mvpdemo/ui/main/adapter/FragmentVedioAdapter.java,com.byl.mvpdemo.ui.main.adapter.FragmentVedioAdapter,"FragmentVedioAdapter/4[com.byl.mvpdemo.ui.main.adapter.Context,com.byl.mvpdemo.ui.main.adapter.FragmentManager,com.byl.mvpdemo.ui.main.adapter.Fragment[],java.lang.String[]]",mFragmentTitles,1
/home/arch_design_predict/download-github-repos/mvp/repos/MVP-Retrofit-RxJava-master/app/src/main/java/com/byl/mvpdemo/ui/main/adapter/FragmentVedioAdapter.java,com.byl.mvpdemo.ui.main.adapter.FragmentVedioAdapter,"FragmentVedioAdapter/4[com.byl.mvpdemo.ui.main.adapter.Context,com.byl.mvpdemo.ui.main.adapter.FragmentManager,com.byl.mvpdemo.ui.main.adapter.Fragment[],java.lang.String[]]",mFragments,1
/home/arch_design_predict/download-github-repos/mvp/repos/MVP-Retrofit-RxJava-master/app/src/main/java/com/byl/mvpdemo/ui/main/adapter/FragmentVedioAdapter.java,com.byl.mvpdemo.ui.main.adapter.FragmentVedioAdapter,"FragmentVedioAdapter/4[com.byl.mvpdemo.ui.main.adapter.Context,com.byl.mvpdemo.ui.main.adapter.FragmentManager,com.byl.mvpdemo.ui.main.adapter.Fragment[],java.lang.String[]]",mContext,1
/home/arch_design_predict/download-github-repos/mvp/repos/MVP-Retrofit-RxJava-master/app/src/main/java/com/byl/mvpdemo/ui/main/adapter/FragmentVedioAdapter.java,com.byl.mvpdemo.ui.main.adapter.FragmentVedioAdapter,getPageTitle/1[int],mFragmentTitles,1
/home/arch_design_predict/download-github-repos/mvp/repos/MVP-Retrofit-RxJava-master/app/src/main/java/com/byl/mvpdemo/ui/main/adapter/FragmentVedioAdapter.java,com.byl.mvpdemo.ui.main.adapter.FragmentVedioAdapter,getItem/1[int],mFragments,1
/home/arch_design_predict/download-github-repos/mvp/repos/MVP-Retrofit-RxJava-master/app/src/main/java/com/byl/mvpdemo/adapter/NewsAdapter.java,com.byl.mvpdemo.adapter.NewsAdapter$MyViewHolder,MyViewHolder/1[com.byl.mvpdemo.adapter.View],ll_1,2
/home/arch_design_predict/download-github-repos/mvp/repos/MVP-Retrofit-RxJava-master/app/src/main/java/com/byl/mvpdemo/adapter/NewsAdapter.java,com.byl.mvpdemo.adapter.NewsAdapter$MyViewHolder,MyViewHolder/1[com.byl.mvpdemo.adapter.View],ll_2,2
/home/arch_design_predict/download-github-repos/mvp/repos/MVP-Retrofit-RxJava-master/app/src/main/java/com/byl/mvpdemo/adapter/NewsAdapter.java,com.byl.mvpdemo.adapter.NewsAdapter$MyViewHolder,MyViewHolder/1[com.byl.mvpdemo.adapter.View],tv_title,2
/home/arch_design_predict/download-github-repos/mvp/repos/MVP-Retrofit-RxJava-master/app/src/main/java/com/byl/mvpdemo/adapter/NewsAdapter.java,com.byl.mvpdemo.adapter.NewsAdapter$MyViewHolder,MyViewHolder/1[com.byl.mvpdemo.adapter.View],tv_time,2
/home/arch_design_predict/download-github-repos/mvp/repos/MVP-Retrofit-RxJava-master/app/src/main/java/com/byl/mvpdemo/adapter/NewsAdapter.java,com.byl.mvpdemo.adapter.NewsAdapter$MyViewHolder,MyViewHolder/1[com.byl.mvpdemo.adapter.View],ll_3,2
/home/arch_design_predict/download-github-repos/mvp/repos/MVP-Retrofit-RxJava-master/app/src/main/java/com/byl/mvpdemo/adapter/NewsAdapter.java,com.byl.mvpdemo.adapter.NewsAdapter$MyViewHolder,MyViewHolder/1[com.byl.mvpdemo.adapter.View],ll_4,2
/home/arch_design_predict/download-github-repos/mvp/repos/MVP-Retrofit-RxJava-master/app/src/main/java/com/byl/mvpdemo/adapter/NewsAdapter.java,com.byl.mvpdemo.adapter.NewsAdapter$MyViewHolder,MyViewHolder/1[com.byl.mvpdemo.adapter.View],tv_des,2
/home/arch_design_predict/download-github-repos/mvp/repos/MVP-Retrofit-RxJava-master/app/src/main/java/com/byl/mvpdemo/adapter/NewsAdapter.java,com.byl.mvpdemo.adapter.NewsAdapter$MyViewHolder,MyViewHolder/1[com.byl.mvpdemo.adapter.View],vp,2
/home/arch_design_predict/download-github-repos/mvp/repos/MVP-Retrofit-RxJava-master/app/src/main/java/com/byl/mvpdemo/adapter/NewsAdapter.java,com.byl.mvpdemo.adapter.NewsAdapter$MyViewHolder,MyViewHolder/1[com.byl.mvpdemo.adapter.View],iv_icon,2
/home/arch_design_predict/download-github-repos/mvp/repos/MVP-Retrofit-RxJava-master/app/src/main/java/com/byl/mvpdemo/model/modelbean/LoginBean.java,com.byl.mvpdemo.model.modelbean.LoginBean,setShowapi_res_body/1[com.byl.mvpdemo.model.modelbean.LoginModel],showapi_res_body,3
/home/arch_design_predict/download-github-repos/mvp/repos/MVP-Retrofit-RxJava-master/app/src/main/java/com/byl/mvpdemo/model/modelbean/LoginBean.java,com.byl.mvpdemo.model.modelbean.LoginBean,getShowapi_res_body/0,showapi_res_body,1
/home/arch_design_predict/download-github-repos/mvp/repos/MVP-Retrofit-RxJava-master/app/src/main/java/com/byl/mvpdemo/presenter/base/BasePresenter.java,com.byl.mvpdemo.presenter.base.BasePresenter,detachView/0,mMvpView,1
/home/arch_design_predict/download-github-repos/mvp/repos/MVP-Retrofit-RxJava-master/app/src/main/java/com/byl/mvpdemo/presenter/base/BasePresenter.java,com.byl.mvpdemo.presenter.base.BasePresenter,getApiService/0,apiService,1
/home/arch_design_predict/download-github-repos/mvp/repos/MVP-Retrofit-RxJava-master/app/src/main/java/com/byl/mvpdemo/presenter/base/BasePresenter.java,com.byl.mvpdemo.presenter.base.BasePresenter,showProgressDialog/0,context,2
/home/arch_design_predict/download-github-repos/mvp/repos/MVP-Retrofit-RxJava-master/app/src/main/java/com/byl/mvpdemo/presenter/base/BasePresenter.java,com.byl.mvpdemo.presenter.base.BasePresenter,showProgressDialog/0,myProgressDialog,3
/home/arch_design_predict/download-github-repos/mvp/repos/MVP-Retrofit-RxJava-master/app/src/main/java/com/byl/mvpdemo/presenter/base/BasePresenter.java,com.byl.mvpdemo.presenter.base.BasePresenter,attachView/1[T],mMvpView,1
/home/arch_design_predict/download-github-repos/mvp/repos/MVP-Retrofit-RxJava-master/app/src/main/java/com/byl/mvpdemo/presenter/base/BasePresenter.java,com.byl.mvpdemo.presenter.base.BasePresenter,attachView/1[T],apiService,1
/home/arch_design_predict/download-github-repos/mvp/repos/MVP-Retrofit-RxJava-master/app/src/main/java/com/byl/mvpdemo/presenter/base/BasePresenter.java,com.byl.mvpdemo.presenter.base.BasePresenter,dissmissProgressDialog/0,myProgressDialog,2
/home/arch_design_predict/download-github-repos/mvp/repos/MVP-Retrofit-RxJava-master/app/src/main/java/com/byl/mvpdemo/presenter/base/BasePresenter.java,com.byl.mvpdemo.presenter.base.BasePresenter,isViewAttached/0,mMvpView,1
/home/arch_design_predict/download-github-repos/mvp/repos/MVP-Retrofit-RxJava-master/app/src/main/java/com/byl/mvpdemo/presenter/base/BasePresenter.java,com.byl.mvpdemo.presenter.base.BasePresenter,getMvpView/0,mMvpView,1
/home/arch_design_predict/download-github-repos/mvp/repos/MVP-Retrofit-RxJava-master/app/src/main/java/com/byl/mvpdemo/model/modelbean/ImageModel.java,com.byl.mvpdemo.model.modelbean.ImageModel,setDes/1[java.lang.String],des,3
/home/arch_design_predict/download-github-repos/mvp/repos/MVP-Retrofit-RxJava-master/app/src/main/java/com/byl/mvpdemo/model/modelbean/ImageModel.java,com.byl.mvpdemo.model.modelbean.ImageModel,getDes/0,des,1
/home/arch_design_predict/download-github-repos/mvp/repos/MVP-Retrofit-RxJava-master/app/src/main/java/com/byl/mvpdemo/model/modelbean/ImageModel.java,com.byl.mvpdemo.model.modelbean.ImageModel,getUrl/0,url,1
/home/arch_design_predict/download-github-repos/mvp/repos/MVP-Retrofit-RxJava-master/app/src/main/java/com/byl/mvpdemo/model/modelbean/ImageModel.java,com.byl.mvpdemo.model.modelbean.ImageModel,setLink/1[java.lang.String],link,3
/home/arch_design_predict/download-github-repos/mvp/repos/MVP-Retrofit-RxJava-master/app/src/main/java/com/byl/mvpdemo/model/modelbean/ImageModel.java,com.byl.mvpdemo.model.modelbean.ImageModel,setUrl/1[java.lang.String],url,3
/home/arch_design_predict/download-github-repos/mvp/repos/MVP-Retrofit-RxJava-master/app/src/main/java/com/byl/mvpdemo/model/modelbean/ImageModel.java,com.byl.mvpdemo.model.modelbean.ImageModel,getLink/0,link,1
/home/arch_design_predict/download-github-repos/mvp/repos/MVP-Retrofit-RxJava-master/app/src/main/java/com/byl/mvpdemo/view/pullrecyclerview/PullBaseView.java,com.byl.mvpdemo.view.pullrecyclerview.PullBaseView,setCanPullUp/1[boolean],isCanPullUp,1
/home/arch_design_predict/download-github-repos/mvp/repos/MVP-Retrofit-RxJava-master/app/src/main/java/com/byl/mvpdemo/view/pullrecyclerview/PullBaseView.java,com.byl.mvpdemo.view.pullrecyclerview.PullBaseView,changingHeaderViewTopMargin/1[int],mHeaderViewHeight,2
/home/arch_design_predict/download-github-repos/mvp/repos/MVP-Retrofit-RxJava-master/app/src/main/java/com/byl/mvpdemo/view/pullrecyclerview/PullBaseView.java,com.byl.mvpdemo.view.pullrecyclerview.PullBaseView,changingHeaderViewTopMargin/1[int],PULL_UP_STATE,1
/home/arch_design_predict/download-github-repos/mvp/repos/MVP-Retrofit-RxJava-master/app/src/main/java/com/byl/mvpdemo/view/pullrecyclerview/PullBaseView.java,com.byl.mvpdemo.view.pullrecyclerview.PullBaseView,changingHeaderViewTopMargin/1[int],PULL_DOWN_STATE,1
/home/arch_design_predict/download-github-repos/mvp/repos/MVP-Retrofit-RxJava-master/app/src/main/java/com/byl/mvpdemo/view/pullrecyclerview/PullBaseView.java,com.byl.mvpdemo.view.pullrecyclerview.PullBaseView,changingHeaderViewTopMargin/1[int],mPullState,2
/home/arch_design_predict/download-github-repos/mvp/repos/MVP-Retrofit-RxJava-master/app/src/main/java/com/byl/mvpdemo/view/pullrecyclerview/PullBaseView.java,com.byl.mvpdemo.view.pullrecyclerview.PullBaseView,changingHeaderViewTopMargin/1[int],mHeaderView,2
/home/arch_design_predict/download-github-repos/mvp/repos/MVP-Retrofit-RxJava-master/app/src/main/java/com/byl/mvpdemo/view/pullrecyclerview/PullBaseView.java,com.byl.mvpdemo.view.pullrecyclerview.PullBaseView,setCanScrollAtRereshing/1[boolean],isCanScrollAtRereshing,1
/home/arch_design_predict/download-github-repos/mvp/repos/MVP-Retrofit-RxJava-master/app/src/main/java/com/byl/mvpdemo/view/pullrecyclerview/PullBaseView.java,com.byl.mvpdemo.view.pullrecyclerview.PullBaseView,onFooterRefreshComplete/0,mHeaderViewHeight,1
/home/arch_design_predict/download-github-repos/mvp/repos/MVP-Retrofit-RxJava-master/app/src/main/java/com/byl/mvpdemo/view/pullrecyclerview/PullBaseView.java,com.byl.mvpdemo.view.pullrecyclerview.PullBaseView,onFooterRefreshComplete/0,mFooterProgressBar,1
/home/arch_design_predict/download-github-repos/mvp/repos/MVP-Retrofit-RxJava-master/app/src/main/java/com/byl/mvpdemo/view/pullrecyclerview/PullBaseView.java,com.byl.mvpdemo.view.pullrecyclerview.PullBaseView,onFooterRefreshComplete/0,mFooterState,1
/home/arch_design_predict/download-github-repos/mvp/repos/MVP-Retrofit-RxJava-master/app/src/main/java/com/byl/mvpdemo/view/pullrecyclerview/PullBaseView.java,com.byl.mvpdemo.view.pullrecyclerview.PullBaseView,onFooterRefreshComplete/0,mRecyclerView,3
/home/arch_design_predict/download-github-repos/mvp/repos/MVP-Retrofit-RxJava-master/app/src/main/java/com/byl/mvpdemo/view/pullrecyclerview/PullBaseView.java,com.byl.mvpdemo.view.pullrecyclerview.PullBaseView,onFooterRefreshComplete/0,PULL_TO_REFRESH,1
/home/arch_design_predict/download-github-repos/mvp/repos/MVP-Retrofit-RxJava-master/app/src/main/java/com/byl/mvpdemo/view/pullrecyclerview/PullBaseView.java,com.byl.mvpdemo.view.pullrecyclerview.PullBaseView,onFooterRefreshComplete/0,mFooterTextView,1
/home/arch_design_predict/download-github-repos/mvp/repos/MVP-Retrofit-RxJava-master/app/src/main/java/com/byl/mvpdemo/view/pullrecyclerview/PullBaseView.java,com.byl.mvpdemo.view.pullrecyclerview.PullBaseView,addHeaderView/0,mHeaderViewHeight,3
/home/arch_design_predict/download-github-repos/mvp/repos/MVP-Retrofit-RxJava-master/app/src/main/java/com/byl/mvpdemo/view/pullrecyclerview/PullBaseView.java,com.byl.mvpdemo.view.pullrecyclerview.PullBaseView,addHeaderView/0,refreshLoadingView,3
/home/arch_design_predict/download-github-repos/mvp/repos/MVP-Retrofit-RxJava-master/app/src/main/java/com/byl/mvpdemo/view/pullrecyclerview/PullBaseView.java,com.byl.mvpdemo.view.pullrecyclerview.PullBaseView,addHeaderView/0,refreshAnimView,1
/home/arch_design_predict/download-github-repos/mvp/repos/MVP-Retrofit-RxJava-master/app/src/main/java/com/byl/mvpdemo/view/pullrecyclerview/PullBaseView.java,com.byl.mvpdemo.view.pullrecyclerview.PullBaseView,addHeaderView/0,mInflater,1
/home/arch_design_predict/download-github-repos/mvp/repos/MVP-Retrofit-RxJava-master/app/src/main/java/com/byl/mvpdemo/view/pullrecyclerview/PullBaseView.java,com.byl.mvpdemo.view.pullrecyclerview.PullBaseView,addHeaderView/0,loadAnimation,1
/home/arch_design_predict/download-github-repos/mvp/repos/MVP-Retrofit-RxJava-master/app/src/main/java/com/byl/mvpdemo/view/pullrecyclerview/PullBaseView.java,com.byl.mvpdemo.view.pullrecyclerview.PullBaseView,addHeaderView/0,mHeaderView,6
/home/arch_design_predict/download-github-repos/mvp/repos/MVP-Retrofit-RxJava-master/app/src/main/java/com/byl/mvpdemo/view/pullrecyclerview/PullBaseView.java,com.byl.mvpdemo.view.pullrecyclerview.PullBaseView,addFooterView/0,mFooterView,6
/home/arch_design_predict/download-github-repos/mvp/repos/MVP-Retrofit-RxJava-master/app/src/main/java/com/byl/mvpdemo/view/pullrecyclerview/PullBaseView.java,com.byl.mvpdemo.view.pullrecyclerview.PullBaseView,addFooterView/0,mFooterViewHeight,2
/home/arch_design_predict/download-github-repos/mvp/repos/MVP-Retrofit-RxJava-master/app/src/main/java/com/byl/mvpdemo/view/pullrecyclerview/PullBaseView.java,com.byl.mvpdemo.view.pullrecyclerview.PullBaseView,addFooterView/0,mFooterProgressBar,1
/home/arch_design_predict/download-github-repos/mvp/repos/MVP-Retrofit-RxJava-master/app/src/main/java/com/byl/mvpdemo/view/pullrecyclerview/PullBaseView.java,com.byl.mvpdemo.view.pullrecyclerview.PullBaseView,addFooterView/0,mInflater,1
/home/arch_design_predict/download-github-repos/mvp/repos/MVP-Retrofit-RxJava-master/app/src/main/java/com/byl/mvpdemo/view/pullrecyclerview/PullBaseView.java,com.byl.mvpdemo.view.pullrecyclerview.PullBaseView,addFooterView/0,mFooterTextView,1
/home/arch_design_predict/download-github-repos/mvp/repos/MVP-Retrofit-RxJava-master/app/src/main/java/com/byl/mvpdemo/view/pullrecyclerview/PullBaseView.java,com.byl.mvpdemo.view.pullrecyclerview.PullBaseView,setCanPullDown/1[boolean],isCanPullDown,1
/home/arch_design_predict/download-github-repos/mvp/repos/MVP-Retrofit-RxJava-master/app/src/main/java/com/byl/mvpdemo/view/pullrecyclerview/PullBaseView.java,com.byl.mvpdemo.view.pullrecyclerview.PullBaseView,isScrollTop/0,mRecyclerView,1
/home/arch_design_predict/download-github-repos/mvp/repos/MVP-Retrofit-RxJava-master/app/src/main/java/com/byl/mvpdemo/view/pullrecyclerview/PullBaseView.java,com.byl.mvpdemo.view.pullrecyclerview.PullBaseView,headerPrepareToRefresh/1[int],mHeaderViewHeight,1
/home/arch_design_predict/download-github-repos/mvp/repos/MVP-Retrofit-RxJava-master/app/src/main/java/com/byl/mvpdemo/view/pullrecyclerview/PullBaseView.java,com.byl.mvpdemo.view.pullrecyclerview.PullBaseView,headerPrepareToRefresh/1[int],RELEASE_TO_REFRESH,2
/home/arch_design_predict/download-github-repos/mvp/repos/MVP-Retrofit-RxJava-master/app/src/main/java/com/byl/mvpdemo/view/pullrecyclerview/PullBaseView.java,com.byl.mvpdemo.view.pullrecyclerview.PullBaseView,headerPrepareToRefresh/1[int],PULL_TO_REFRESH,1
/home/arch_design_predict/download-github-repos/mvp/repos/MVP-Retrofit-RxJava-master/app/src/main/java/com/byl/mvpdemo/view/pullrecyclerview/PullBaseView.java,com.byl.mvpdemo.view.pullrecyclerview.PullBaseView,headerPrepareToRefresh/1[int],mHeaderState,3
/home/arch_design_predict/download-github-repos/mvp/repos/MVP-Retrofit-RxJava-master/app/src/main/java/com/byl/mvpdemo/view/pullrecyclerview/PullBaseView.java,com.byl.mvpdemo.view.pullrecyclerview.PullBaseView,isRefreshViewScroll/1[int],PULL_DOWN_STATE,2
/home/arch_design_predict/download-github-repos/mvp/repos/MVP-Retrofit-RxJava-master/app/src/main/java/com/byl/mvpdemo/view/pullrecyclerview/PullBaseView.java,com.byl.mvpdemo.view.pullrecyclerview.PullBaseView,isRefreshViewScroll/1[int],PULL_UP_STATE,1
/home/arch_design_predict/download-github-repos/mvp/repos/MVP-Retrofit-RxJava-master/app/src/main/java/com/byl/mvpdemo/view/pullrecyclerview/PullBaseView.java,com.byl.mvpdemo.view.pullrecyclerview.PullBaseView,isRefreshViewScroll/1[int],mFooterState,1
/home/arch_design_predict/download-github-repos/mvp/repos/MVP-Retrofit-RxJava-master/app/src/main/java/com/byl/mvpdemo/view/pullrecyclerview/PullBaseView.java,com.byl.mvpdemo.view.pullrecyclerview.PullBaseView,isRefreshViewScroll/1[int],mRecyclerView,5
/home/arch_design_predict/download-github-repos/mvp/repos/MVP-Retrofit-RxJava-master/app/src/main/java/com/byl/mvpdemo/view/pullrecyclerview/PullBaseView.java,com.byl.mvpdemo.view.pullrecyclerview.PullBaseView,isRefreshViewScroll/1[int],mPullState,3
/home/arch_design_predict/download-github-repos/mvp/repos/MVP-Retrofit-RxJava-master/app/src/main/java/com/byl/mvpdemo/view/pullrecyclerview/PullBaseView.java,com.byl.mvpdemo.view.pullrecyclerview.PullBaseView,isRefreshViewScroll/1[int],REFRESHING,2
/home/arch_design_predict/download-github-repos/mvp/repos/MVP-Retrofit-RxJava-master/app/src/main/java/com/byl/mvpdemo/view/pullrecyclerview/PullBaseView.java,com.byl.mvpdemo.view.pullrecyclerview.PullBaseView,isRefreshViewScroll/1[int],mHeaderState,1
/home/arch_design_predict/download-github-repos/mvp/repos/MVP-Retrofit-RxJava-master/app/src/main/java/com/byl/mvpdemo/view/pullrecyclerview/PullBaseView.java,com.byl.mvpdemo.view.pullrecyclerview.PullBaseView,setOnPullDownScrollListener/1[com.byl.mvpdemo.view.pullrecyclerview.PullBaseView.OnPullDownScrollListener],onPullDownScrollListener,3
/home/arch_design_predict/download-github-repos/mvp/repos/MVP-Retrofit-RxJava-master/app/src/main/java/com/byl/mvpdemo/view/pullrecyclerview/PullBaseView.java,com.byl.mvpdemo.view.pullrecyclerview.PullBaseView,footerRefreshing/0,mHeaderViewHeight,1
/home/arch_design_predict/download-github-repos/mvp/repos/MVP-Retrofit-RxJava-master/app/src/main/java/com/byl/mvpdemo/view/pullrecyclerview/PullBaseView.java,com.byl.mvpdemo.view.pullrecyclerview.PullBaseView,footerRefreshing/0,mFooterViewHeight,1
/home/arch_design_predict/download-github-repos/mvp/repos/MVP-Retrofit-RxJava-master/app/src/main/java/com/byl/mvpdemo/view/pullrecyclerview/PullBaseView.java,com.byl.mvpdemo.view.pullrecyclerview.PullBaseView,footerRefreshing/0,mFooterState,1
/home/arch_design_predict/download-github-repos/mvp/repos/MVP-Retrofit-RxJava-master/app/src/main/java/com/byl/mvpdemo/view/pullrecyclerview/PullBaseView.java,com.byl.mvpdemo.view.pullrecyclerview.PullBaseView,footerRefreshing/0,mFooterProgressBar,1
/home/arch_design_predict/download-github-repos/mvp/repos/MVP-Retrofit-RxJava-master/app/src/main/java/com/byl/mvpdemo/view/pullrecyclerview/PullBaseView.java,com.byl.mvpdemo.view.pullrecyclerview.PullBaseView,footerRefreshing/0,REFRESHING,1
/home/arch_design_predict/download-github-repos/mvp/repos/MVP-Retrofit-RxJava-master/app/src/main/java/com/byl/mvpdemo/view/pullrecyclerview/PullBaseView.java,com.byl.mvpdemo.view.pullrecyclerview.PullBaseView,footerRefreshing/0,mFooterTextView,1
/home/arch_design_predict/download-github-repos/mvp/repos/MVP-Retrofit-RxJava-master/app/src/main/java/com/byl/mvpdemo/view/pullrecyclerview/PullBaseView.java,com.byl.mvpdemo.view.pullrecyclerview.PullBaseView,footerRefreshing/0,mOnFooterRefreshListener,2
/home/arch_design_predict/download-github-repos/mvp/repos/MVP-Retrofit-RxJava-master/app/src/main/java/com/byl/mvpdemo/view/pullrecyclerview/PullBaseView.java,com.byl.mvpdemo.view.pullrecyclerview.PullBaseView,onHeaderRefreshComplete/0,mHeaderViewHeight,1
/home/arch_design_predict/download-github-repos/mvp/repos/MVP-Retrofit-RxJava-master/app/src/main/java/com/byl/mvpdemo/view/pullrecyclerview/PullBaseView.java,com.byl.mvpdemo.view.pullrecyclerview.PullBaseView,onHeaderRefreshComplete/0,refreshLoadingView,1
/home/arch_design_predict/download-github-repos/mvp/repos/MVP-Retrofit-RxJava-master/app/src/main/java/com/byl/mvpdemo/view/pullrecyclerview/PullBaseView.java,com.byl.mvpdemo.view.pullrecyclerview.PullBaseView,onHeaderRefreshComplete/0,onPullDownScrollListener,2
/home/arch_design_predict/download-github-repos/mvp/repos/MVP-Retrofit-RxJava-master/app/src/main/java/com/byl/mvpdemo/view/pullrecyclerview/PullBaseView.java,com.byl.mvpdemo.view.pullrecyclerview.PullBaseView,onHeaderRefreshComplete/0,PULL_TO_REFRESH,1
/home/arch_design_predict/download-github-repos/mvp/repos/MVP-Retrofit-RxJava-master/app/src/main/java/com/byl/mvpdemo/view/pullrecyclerview/PullBaseView.java,com.byl.mvpdemo.view.pullrecyclerview.PullBaseView,onHeaderRefreshComplete/0,refreshAnimView,1
/home/arch_design_predict/download-github-repos/mvp/repos/MVP-Retrofit-RxJava-master/app/src/main/java/com/byl/mvpdemo/view/pullrecyclerview/PullBaseView.java,com.byl.mvpdemo.view.pullrecyclerview.PullBaseView,onHeaderRefreshComplete/0,loadAnimation,1
/home/arch_design_predict/download-github-repos/mvp/repos/MVP-Retrofit-RxJava-master/app/src/main/java/com/byl/mvpdemo/view/pullrecyclerview/PullBaseView.java,com.byl.mvpdemo.view.pullrecyclerview.PullBaseView,onHeaderRefreshComplete/0,mHeaderState,1
/home/arch_design_predict/download-github-repos/mvp/repos/MVP-Retrofit-RxJava-master/app/src/main/java/com/byl/mvpdemo/view/pullrecyclerview/PullBaseView.java,com.byl.mvpdemo.view.pullrecyclerview.PullBaseView,setOnHeaderRefreshListener/1[com.byl.mvpdemo.view.pullrecyclerview.PullBaseView.OnHeaderRefreshListener],mOnHeaderRefreshListener,1
/home/arch_design_predict/download-github-repos/mvp/repos/MVP-Retrofit-RxJava-master/app/src/main/java/com/byl/mvpdemo/view/pullrecyclerview/PullBaseView.java,com.byl.mvpdemo.view.pullrecyclerview.PullBaseView,onTouchEvent/1[com.byl.mvpdemo.view.pullrecyclerview.MotionEvent],mLastMotionY,2
/home/arch_design_predict/download-github-repos/mvp/repos/MVP-Retrofit-RxJava-master/app/src/main/java/com/byl/mvpdemo/view/pullrecyclerview/PullBaseView.java,com.byl.mvpdemo.view.pullrecyclerview.PullBaseView,onTouchEvent/1[com.byl.mvpdemo.view.pullrecyclerview.MotionEvent],mHeaderViewHeight,3
/home/arch_design_predict/download-github-repos/mvp/repos/MVP-Retrofit-RxJava-master/app/src/main/java/com/byl/mvpdemo/view/pullrecyclerview/PullBaseView.java,com.byl.mvpdemo.view.pullrecyclerview.PullBaseView,onTouchEvent/1[com.byl.mvpdemo.view.pullrecyclerview.MotionEvent],mFooterViewHeight,1
/home/arch_design_predict/download-github-repos/mvp/repos/MVP-Retrofit-RxJava-master/app/src/main/java/com/byl/mvpdemo/view/pullrecyclerview/PullBaseView.java,com.byl.mvpdemo.view.pullrecyclerview.PullBaseView,onTouchEvent/1[com.byl.mvpdemo.view.pullrecyclerview.MotionEvent],PULL_DOWN_STATE,2
/home/arch_design_predict/download-github-repos/mvp/repos/MVP-Retrofit-RxJava-master/app/src/main/java/com/byl/mvpdemo/view/pullrecyclerview/PullBaseView.java,com.byl.mvpdemo.view.pullrecyclerview.PullBaseView,onTouchEvent/1[com.byl.mvpdemo.view.pullrecyclerview.MotionEvent],PULL_UP_STATE,2
/home/arch_design_predict/download-github-repos/mvp/repos/MVP-Retrofit-RxJava-master/app/src/main/java/com/byl/mvpdemo/view/pullrecyclerview/PullBaseView.java,com.byl.mvpdemo.view.pullrecyclerview.PullBaseView,onTouchEvent/1[com.byl.mvpdemo.view.pullrecyclerview.MotionEvent],onPullDownScrollListener,4
/home/arch_design_predict/download-github-repos/mvp/repos/MVP-Retrofit-RxJava-master/app/src/main/java/com/byl/mvpdemo/view/pullrecyclerview/PullBaseView.java,com.byl.mvpdemo.view.pullrecyclerview.PullBaseView,onTouchEvent/1[com.byl.mvpdemo.view.pullrecyclerview.MotionEvent],mPullState,4
/home/arch_design_predict/download-github-repos/mvp/repos/MVP-Retrofit-RxJava-master/app/src/main/java/com/byl/mvpdemo/view/pullrecyclerview/PullBaseView.java,com.byl.mvpdemo.view.pullrecyclerview.PullBaseView,onTouchEvent/1[com.byl.mvpdemo.view.pullrecyclerview.MotionEvent],isCanPullDown,2
/home/arch_design_predict/download-github-repos/mvp/repos/MVP-Retrofit-RxJava-master/app/src/main/java/com/byl/mvpdemo/view/pullrecyclerview/PullBaseView.java,com.byl.mvpdemo.view.pullrecyclerview.PullBaseView,onTouchEvent/1[com.byl.mvpdemo.view.pullrecyclerview.MotionEvent],isCanPullUp,2
/home/arch_design_predict/download-github-repos/mvp/repos/MVP-Retrofit-RxJava-master/app/src/main/java/com/byl/mvpdemo/view/pullrecyclerview/PullBaseView.java,com.byl.mvpdemo.view.pullrecyclerview.PullBaseView,setHeaderTopMargin/1[int],mHeaderView,2
/home/arch_design_predict/download-github-repos/mvp/repos/MVP-Retrofit-RxJava-master/app/src/main/java/com/byl/mvpdemo/view/pullrecyclerview/PullBaseView.java,com.byl.mvpdemo.view.pullrecyclerview.PullBaseView,getHeaderTopMargin/0,mHeaderView,1
/home/arch_design_predict/download-github-repos/mvp/repos/MVP-Retrofit-RxJava-master/app/src/main/java/com/byl/mvpdemo/view/pullrecyclerview/PullBaseView.java,com.byl.mvpdemo.view.pullrecyclerview.PullBaseView,isScrollBottom/0,mRecyclerView,2
/home/arch_design_predict/download-github-repos/mvp/repos/MVP-Retrofit-RxJava-master/app/src/main/java/com/byl/mvpdemo/view/pullrecyclerview/PullBaseView.java,com.byl.mvpdemo.view.pullrecyclerview.PullBaseView,dispatchTouchEvent/1[com.byl.mvpdemo.view.pullrecyclerview.MotionEvent],mHeaderViewHeight,1
/home/arch_design_predict/download-github-repos/mvp/repos/MVP-Retrofit-RxJava-master/app/src/main/java/com/byl/mvpdemo/view/pullrecyclerview/PullBaseView.java,com.byl.mvpdemo.view.pullrecyclerview.PullBaseView,dispatchTouchEvent/1[com.byl.mvpdemo.view.pullrecyclerview.MotionEvent],offsetY,3
/home/arch_design_predict/download-github-repos/mvp/repos/MVP-Retrofit-RxJava-master/app/src/main/java/com/byl/mvpdemo/view/pullrecyclerview/PullBaseView.java,com.byl.mvpdemo.view.pullrecyclerview.PullBaseView,dispatchTouchEvent/1[com.byl.mvpdemo.view.pullrecyclerview.MotionEvent],mFooterState,1
/home/arch_design_predict/download-github-repos/mvp/repos/MVP-Retrofit-RxJava-master/app/src/main/java/com/byl/mvpdemo/view/pullrecyclerview/PullBaseView.java,com.byl.mvpdemo.view.pullrecyclerview.PullBaseView,dispatchTouchEvent/1[com.byl.mvpdemo.view.pullrecyclerview.MotionEvent],startY,2
/home/arch_design_predict/download-github-repos/mvp/repos/MVP-Retrofit-RxJava-master/app/src/main/java/com/byl/mvpdemo/view/pullrecyclerview/PullBaseView.java,com.byl.mvpdemo.view.pullrecyclerview.PullBaseView,dispatchTouchEvent/1[com.byl.mvpdemo.view.pullrecyclerview.MotionEvent],PULL_TO_REFRESH,1
/home/arch_design_predict/download-github-repos/mvp/repos/MVP-Retrofit-RxJava-master/app/src/main/java/com/byl/mvpdemo/view/pullrecyclerview/PullBaseView.java,com.byl.mvpdemo.view.pullrecyclerview.PullBaseView,dispatchTouchEvent/1[com.byl.mvpdemo.view.pullrecyclerview.MotionEvent],RELEASE_TO_REFRESH,1
/home/arch_design_predict/download-github-repos/mvp/repos/MVP-Retrofit-RxJava-master/app/src/main/java/com/byl/mvpdemo/view/pullrecyclerview/PullBaseView.java,com.byl.mvpdemo.view.pullrecyclerview.PullBaseView,dispatchTouchEvent/1[com.byl.mvpdemo.view.pullrecyclerview.MotionEvent],refreshAnimView,2
/home/arch_design_predict/download-github-repos/mvp/repos/MVP-Retrofit-RxJava-master/app/src/main/java/com/byl/mvpdemo/view/pullrecyclerview/PullBaseView.java,com.byl.mvpdemo.view.pullrecyclerview.PullBaseView,dispatchTouchEvent/1[com.byl.mvpdemo.view.pullrecyclerview.MotionEvent],isCanScrollAtRereshing,1
/home/arch_design_predict/download-github-repos/mvp/repos/MVP-Retrofit-RxJava-master/app/src/main/java/com/byl/mvpdemo/view/pullrecyclerview/PullBaseView.java,com.byl.mvpdemo.view.pullrecyclerview.PullBaseView,dispatchTouchEvent/1[com.byl.mvpdemo.view.pullrecyclerview.MotionEvent],REFRESHING,2
/home/arch_design_predict/download-github-repos/mvp/repos/MVP-Retrofit-RxJava-master/app/src/main/java/com/byl/mvpdemo/view/pullrecyclerview/PullBaseView.java,com.byl.mvpdemo.view.pullrecyclerview.PullBaseView,dispatchTouchEvent/1[com.byl.mvpdemo.view.pullrecyclerview.MotionEvent],isCanPullUp,1
/home/arch_design_predict/download-github-repos/mvp/repos/MVP-Retrofit-RxJava-master/app/src/main/java/com/byl/mvpdemo/view/pullrecyclerview/PullBaseView.java,com.byl.mvpdemo.view.pullrecyclerview.PullBaseView,dispatchTouchEvent/1[com.byl.mvpdemo.view.pullrecyclerview.MotionEvent],mHeaderState,3
/home/arch_design_predict/download-github-repos/mvp/repos/MVP-Retrofit-RxJava-master/app/src/main/java/com/byl/mvpdemo/view/pullrecyclerview/PullBaseView.java,com.byl.mvpdemo.view.pullrecyclerview.PullBaseView,"init/2[com.byl.mvpdemo.view.pullrecyclerview.Context,com.byl.mvpdemo.view.pullrecyclerview.AttributeSet]",mRecyclerView,3
/home/arch_design_predict/download-github-repos/mvp/repos/MVP-Retrofit-RxJava-master/app/src/main/java/com/byl/mvpdemo/view/pullrecyclerview/PullBaseView.java,com.byl.mvpdemo.view.pullrecyclerview.PullBaseView,"init/2[com.byl.mvpdemo.view.pullrecyclerview.Context,com.byl.mvpdemo.view.pullrecyclerview.AttributeSet]",mInflater,1
/home/arch_design_predict/download-github-repos/mvp/repos/MVP-Retrofit-RxJava-master/app/src/main/java/com/byl/mvpdemo/view/pullrecyclerview/PullBaseView.java,com.byl.mvpdemo.view.pullrecyclerview.PullBaseView,onInterceptTouchEvent/1[com.byl.mvpdemo.view.pullrecyclerview.MotionEvent],mLastMotionY,2
/home/arch_design_predict/download-github-repos/mvp/repos/MVP-Retrofit-RxJava-master/app/src/main/java/com/byl/mvpdemo/view/pullrecyclerview/PullBaseView.java,com.byl.mvpdemo.view.pullrecyclerview.PullBaseView,footerPrepareToRefresh/1[int],mHeaderViewHeight,2
/home/arch_design_predict/download-github-repos/mvp/repos/MVP-Retrofit-RxJava-master/app/src/main/java/com/byl/mvpdemo/view/pullrecyclerview/PullBaseView.java,com.byl.mvpdemo.view.pullrecyclerview.PullBaseView,footerPrepareToRefresh/1[int],mFooterViewHeight,2
/home/arch_design_predict/download-github-repos/mvp/repos/MVP-Retrofit-RxJava-master/app/src/main/java/com/byl/mvpdemo/view/pullrecyclerview/PullBaseView.java,com.byl.mvpdemo.view.pullrecyclerview.PullBaseView,footerPrepareToRefresh/1[int],mFooterState,3
/home/arch_design_predict/download-github-repos/mvp/repos/MVP-Retrofit-RxJava-master/app/src/main/java/com/byl/mvpdemo/view/pullrecyclerview/PullBaseView.java,com.byl.mvpdemo.view.pullrecyclerview.PullBaseView,footerPrepareToRefresh/1[int],RELEASE_TO_REFRESH,2
/home/arch_design_predict/download-github-repos/mvp/repos/MVP-Retrofit-RxJava-master/app/src/main/java/com/byl/mvpdemo/view/pullrecyclerview/PullBaseView.java,com.byl.mvpdemo.view.pullrecyclerview.PullBaseView,footerPrepareToRefresh/1[int],PULL_TO_REFRESH,1
/home/arch_design_predict/download-github-repos/mvp/repos/MVP-Retrofit-RxJava-master/app/src/main/java/com/byl/mvpdemo/view/pullrecyclerview/PullBaseView.java,com.byl.mvpdemo.view.pullrecyclerview.PullBaseView,footerPrepareToRefresh/1[int],mFooterTextView,2
/home/arch_design_predict/download-github-repos/mvp/repos/MVP-Retrofit-RxJava-master/app/src/main/java/com/byl/mvpdemo/view/pullrecyclerview/PullBaseView.java,com.byl.mvpdemo.view.pullrecyclerview.PullBaseView,headerRefreshing/0,mOnHeaderRefreshListener,2
/home/arch_design_predict/download-github-repos/mvp/repos/MVP-Retrofit-RxJava-master/app/src/main/java/com/byl/mvpdemo/view/pullrecyclerview/PullBaseView.java,com.byl.mvpdemo.view.pullrecyclerview.PullBaseView,headerRefreshing/0,refreshLoadingView,1
/home/arch_design_predict/download-github-repos/mvp/repos/MVP-Retrofit-RxJava-master/app/src/main/java/com/byl/mvpdemo/view/pullrecyclerview/PullBaseView.java,com.byl.mvpdemo.view.pullrecyclerview.PullBaseView,headerRefreshing/0,refreshAnimView,1
/home/arch_design_predict/download-github-repos/mvp/repos/MVP-Retrofit-RxJava-master/app/src/main/java/com/byl/mvpdemo/view/pullrecyclerview/PullBaseView.java,com.byl.mvpdemo.view.pullrecyclerview.PullBaseView,headerRefreshing/0,REFRESHING,1
/home/arch_design_predict/download-github-repos/mvp/repos/MVP-Retrofit-RxJava-master/app/src/main/java/com/byl/mvpdemo/view/pullrecyclerview/PullBaseView.java,com.byl.mvpdemo.view.pullrecyclerview.PullBaseView,headerRefreshing/0,loadAnimation,1
/home/arch_design_predict/download-github-repos/mvp/repos/MVP-Retrofit-RxJava-master/app/src/main/java/com/byl/mvpdemo/view/pullrecyclerview/PullBaseView.java,com.byl.mvpdemo.view.pullrecyclerview.PullBaseView,headerRefreshing/0,mHeaderState,1
/home/arch_design_predict/download-github-repos/mvp/repos/MVP-Retrofit-RxJava-master/app/src/main/java/com/byl/mvpdemo/view/pullrecyclerview/PullBaseView.java,com.byl.mvpdemo.view.pullrecyclerview.PullBaseView,setOnFooterRefreshListener/1[com.byl.mvpdemo.view.pullrecyclerview.PullBaseView.OnFooterRefreshListener],mOnFooterRefreshListener,1
/home/arch_design_predict/download-github-repos/mvp/repos/MVP-Retrofit-RxJava-master/app/src/main/java/com/byl/mvpdemo/util/LogUtil.java,com.byl.mvpdemo.util.LogUtil,e/1[java.lang.String],isShowLog,1
/home/arch_design_predict/download-github-repos/mvp/repos/MVP-Retrofit-RxJava-master/app/src/main/java/com/byl/mvpdemo/util/LogUtil.java,com.byl.mvpdemo.util.LogUtil,e/1[java.lang.String],LOG,1
/home/arch_design_predict/download-github-repos/mvp/repos/MVP-Retrofit-RxJava-master/app/src/main/java/com/byl/mvpdemo/util/LogUtil.java,com.byl.mvpdemo.util.LogUtil,i/1[java.lang.String],isShowLog,1
/home/arch_design_predict/download-github-repos/mvp/repos/MVP-Retrofit-RxJava-master/app/src/main/java/com/byl/mvpdemo/util/LogUtil.java,com.byl.mvpdemo.util.LogUtil,i/1[java.lang.String],LOG,1
/home/arch_design_predict/download-github-repos/mvp/repos/MVP-Retrofit-RxJava-master/app/src/main/java/com/byl/mvpdemo/util/LogUtil.java,com.byl.mvpdemo.util.LogUtil,v/1[java.lang.String],isShowLog,1
/home/arch_design_predict/download-github-repos/mvp/repos/MVP-Retrofit-RxJava-master/app/src/main/java/com/byl/mvpdemo/util/LogUtil.java,com.byl.mvpdemo.util.LogUtil,v/1[java.lang.String],LOG,1
/home/arch_design_predict/download-github-repos/mvp/repos/MVP-Retrofit-RxJava-master/app/src/main/java/com/byl/mvpdemo/ui/base/BaseActivity.java,com.byl.mvpdemo.ui.base.BaseActivity,onCreate/1[com.byl.mvpdemo.ui.base.Bundle],context,1
/home/arch_design_predict/download-github-repos/mvp/repos/MVP-Retrofit-RxJava-master/app/src/main/java/com/byl/mvpdemo/ui/base/BaseActivity.java,com.byl.mvpdemo.ui.base.BaseActivity,"initTitleBar/5[java.lang.String,java.lang.String,java.lang.String,int,View.OnClickListener]",pb,2
/home/arch_design_predict/download-github-repos/mvp/repos/MVP-Retrofit-RxJava-master/app/src/main/java/com/byl/mvpdemo/ui/base/BaseActivity.java,com.byl.mvpdemo.ui.base.BaseActivity,"initTitleBar/5[java.lang.String,java.lang.String,java.lang.String,int,View.OnClickListener]",tv_title,5
/home/arch_design_predict/download-github-repos/mvp/repos/MVP-Retrofit-RxJava-master/app/src/main/java/com/byl/mvpdemo/ui/base/BaseActivity.java,com.byl.mvpdemo.ui.base.BaseActivity,"initTitleBar/5[java.lang.String,java.lang.String,java.lang.String,int,View.OnClickListener]",tv_right,6
/home/arch_design_predict/download-github-repos/mvp/repos/MVP-Retrofit-RxJava-master/app/src/main/java/com/byl/mvpdemo/ui/base/BaseActivity.java,com.byl.mvpdemo.ui.base.BaseActivity,"initTitleBar/5[java.lang.String,java.lang.String,java.lang.String,int,View.OnClickListener]",iv_right,6
/home/arch_design_predict/download-github-repos/mvp/repos/MVP-Retrofit-RxJava-master/app/src/main/java/com/byl/mvpdemo/ui/base/BaseActivity.java,com.byl.mvpdemo.ui.base.BaseActivity,"initTitleBar/5[java.lang.String,java.lang.String,java.lang.String,int,View.OnClickListener]",tv_left,6
/home/arch_design_predict/download-github-repos/mvp/repos/MVP-Retrofit-RxJava-master/app/src/main/java/com/byl/mvpdemo/ui/base/BaseActivity.java,com.byl.mvpdemo.ui.base.BaseActivity,"initTitleBar/5[java.lang.String,java.lang.String,java.lang.String,int,View.OnClickListener]",title_bar,3
/home/arch_design_predict/download-github-repos/mvp/repos/MVP-Retrofit-RxJava-master/app/src/main/java/com/byl/mvpdemo/ui/base/BaseActivity.java,com.byl.mvpdemo.ui.base.BaseActivity,onClick/1[com.byl.mvpdemo.ui.base.View],tv_left,1
/home/arch_design_predict/download-github-repos/mvp/repos/MVP-Retrofit-RxJava-master/app/src/main/java/com/byl/mvpdemo/presenter/NewsPresenter.java,com.byl.mvpdemo.presenter.NewsPresenter,"getNews/2[java.lang.String,java.lang.String]",mSubscription,1
/home/arch_design_predict/download-github-repos/mvp/repos/MVP-Retrofit-RxJava-master/app/src/main/java/com/byl/mvpdemo/presenter/NewsPresenter.java,com.byl.mvpdemo.presenter.NewsPresenter,"getNews/2[java.lang.String,java.lang.String]",isFirstReq,2
/home/arch_design_predict/download-github-repos/mvp/repos/MVP-Retrofit-RxJava-master/app/src/main/java/com/byl/mvpdemo/presenter/NewsPresenter.java,com.byl.mvpdemo.presenter.NewsPresenter,detachView/0,mSubscription,2
/home/arch_design_predict/download-github-repos/mvp/repos/MVP-Retrofit-RxJava-master/app/src/main/java/com/byl/mvpdemo/ui/main/FragmentTab1.java,com.byl.mvpdemo.ui.main.FragmentTab1,onClick/1[com.byl.mvpdemo.ui.main.View],tv_search,1
/home/arch_design_predict/download-github-repos/mvp/repos/MVP-Retrofit-RxJava-master/app/src/main/java/com/byl/mvpdemo/ui/main/FragmentTab1.java,com.byl.mvpdemo.ui.main.FragmentTab1,onClick/1[com.byl.mvpdemo.ui.main.View],iv_qr,1
/home/arch_design_predict/download-github-repos/mvp/repos/MVP-Retrofit-RxJava-master/app/src/main/java/com/byl/mvpdemo/ui/main/FragmentTab1.java,com.byl.mvpdemo.ui.main.FragmentTab1,fail/1[java.lang.String],mRecyclerView,2
/home/arch_design_predict/download-github-repos/mvp/repos/MVP-Retrofit-RxJava-master/app/src/main/java/com/byl/mvpdemo/ui/main/FragmentTab1.java,com.byl.mvpdemo.ui.main.FragmentTab1,onPullDownFinished/0,isPullDown,1
/home/arch_design_predict/download-github-repos/mvp/repos/MVP-Retrofit-RxJava-master/app/src/main/java/com/byl/mvpdemo/ui/main/FragmentTab1.java,com.byl.mvpdemo.ui.main.FragmentTab1,onPullDownFinished/0,rl_title,1
/home/arch_design_predict/download-github-repos/mvp/repos/MVP-Retrofit-RxJava-master/app/src/main/java/com/byl/mvpdemo/ui/main/FragmentTab1.java,com.byl.mvpdemo.ui.main.FragmentTab1,initData/0,listnews,1
/home/arch_design_predict/download-github-repos/mvp/repos/MVP-Retrofit-RxJava-master/app/src/main/java/com/byl/mvpdemo/ui/main/FragmentTab1.java,com.byl.mvpdemo.ui.main.FragmentTab1,initData/0,bannerH,1
/home/arch_design_predict/download-github-repos/mvp/repos/MVP-Retrofit-RxJava-master/app/src/main/java/com/byl/mvpdemo/ui/main/FragmentTab1.java,com.byl.mvpdemo.ui.main.FragmentTab1,initData/0,listbanner,1
/home/arch_design_predict/download-github-repos/mvp/repos/MVP-Retrofit-RxJava-master/app/src/main/java/com/byl/mvpdemo/ui/main/FragmentTab1.java,com.byl.mvpdemo.ui.main.FragmentTab1,initData/0,newsPresenter,3
/home/arch_design_predict/download-github-repos/mvp/repos/MVP-Retrofit-RxJava-master/app/src/main/java/com/byl/mvpdemo/ui/main/FragmentTab1.java,com.byl.mvpdemo.ui.main.FragmentTab1,initData/0,page,1
/home/arch_design_predict/download-github-repos/mvp/repos/MVP-Retrofit-RxJava-master/app/src/main/java/com/byl/mvpdemo/ui/main/FragmentTab1.java,com.byl.mvpdemo.ui.main.FragmentTab1,onPullDownScrolled/0,isPullDown,1
/home/arch_design_predict/download-github-repos/mvp/repos/MVP-Retrofit-RxJava-master/app/src/main/java/com/byl/mvpdemo/ui/main/FragmentTab1.java,com.byl.mvpdemo.ui.main.FragmentTab1,onPullDownScrolled/0,rl_title,1
/home/arch_design_predict/download-github-repos/mvp/repos/MVP-Retrofit-RxJava-master/app/src/main/java/com/byl/mvpdemo/ui/main/FragmentTab1.java,com.byl.mvpdemo.ui.main.FragmentTab1,onDestroy/0,newsPresenter,1
/home/arch_design_predict/download-github-repos/mvp/repos/MVP-Retrofit-RxJava-master/app/src/main/java/com/byl/mvpdemo/ui/main/FragmentTab1.java,com.byl.mvpdemo.ui.main.FragmentTab1,loadMoreSuccess/1[com.byl.mvpdemo.model.modelbean.NewsBean],listnews,1
/home/arch_design_predict/download-github-repos/mvp/repos/MVP-Retrofit-RxJava-master/app/src/main/java/com/byl/mvpdemo/ui/main/FragmentTab1.java,com.byl.mvpdemo.ui.main.FragmentTab1,loadMoreSuccess/1[com.byl.mvpdemo.model.modelbean.NewsBean],newsAdapter,1
/home/arch_design_predict/download-github-repos/mvp/repos/MVP-Retrofit-RxJava-master/app/src/main/java/com/byl/mvpdemo/ui/main/FragmentTab1.java,com.byl.mvpdemo.ui.main.FragmentTab1,loadMoreSuccess/1[com.byl.mvpdemo.model.modelbean.NewsBean],mRecyclerView,1
/home/arch_design_predict/download-github-repos/mvp/repos/MVP-Retrofit-RxJava-master/app/src/main/java/com/byl/mvpdemo/ui/main/FragmentTab1.java,com.byl.mvpdemo.ui.main.FragmentTab1,initView/0,tv_search,2
/home/arch_design_predict/download-github-repos/mvp/repos/MVP-Retrofit-RxJava-master/app/src/main/java/com/byl/mvpdemo/ui/main/FragmentTab1.java,com.byl.mvpdemo.ui.main.FragmentTab1,initView/0,rl_title,3
/home/arch_design_predict/download-github-repos/mvp/repos/MVP-Retrofit-RxJava-master/app/src/main/java/com/byl/mvpdemo/ui/main/FragmentTab1.java,com.byl.mvpdemo.ui.main.FragmentTab1,initView/0,mRecyclerView,10
/home/arch_design_predict/download-github-repos/mvp/repos/MVP-Retrofit-RxJava-master/app/src/main/java/com/byl/mvpdemo/ui/main/FragmentTab1.java,com.byl.mvpdemo.ui.main.FragmentTab1,initView/0,iv_qr,2
/home/arch_design_predict/download-github-repos/mvp/repos/MVP-Retrofit-RxJava-master/app/src/main/java/com/byl/mvpdemo/ui/main/FragmentTab1.java,com.byl.mvpdemo.ui.main.FragmentTab1,onFooterRefresh/1[com.byl.mvpdemo.view.pullrecyclerview.PullBaseView],newsPresenter,1
/home/arch_design_predict/download-github-repos/mvp/repos/MVP-Retrofit-RxJava-master/app/src/main/java/com/byl/mvpdemo/ui/main/FragmentTab1.java,com.byl.mvpdemo.ui.main.FragmentTab1,onFooterRefresh/1[com.byl.mvpdemo.view.pullrecyclerview.PullBaseView],page,1
/home/arch_design_predict/download-github-repos/mvp/repos/MVP-Retrofit-RxJava-master/app/src/main/java/com/byl/mvpdemo/ui/main/FragmentTab1.java,com.byl.mvpdemo.ui.main.FragmentTab1,refreshSuccess/1[com.byl.mvpdemo.model.modelbean.NewsBean],listnews,2
/home/arch_design_predict/download-github-repos/mvp/repos/MVP-Retrofit-RxJava-master/app/src/main/java/com/byl/mvpdemo/ui/main/FragmentTab1.java,com.byl.mvpdemo.ui.main.FragmentTab1,refreshSuccess/1[com.byl.mvpdemo.model.modelbean.NewsBean],listbanner,4
/home/arch_design_predict/download-github-repos/mvp/repos/MVP-Retrofit-RxJava-master/app/src/main/java/com/byl/mvpdemo/ui/main/FragmentTab1.java,com.byl.mvpdemo.ui.main.FragmentTab1,refreshSuccess/1[com.byl.mvpdemo.model.modelbean.NewsBean],mRecyclerView,1
/home/arch_design_predict/download-github-repos/mvp/repos/MVP-Retrofit-RxJava-master/app/src/main/java/com/byl/mvpdemo/ui/main/FragmentTab1.java,com.byl.mvpdemo.ui.main.FragmentTab1,initClick/0,tv_search,1
/home/arch_design_predict/download-github-repos/mvp/repos/MVP-Retrofit-RxJava-master/app/src/main/java/com/byl/mvpdemo/ui/main/FragmentTab1.java,com.byl.mvpdemo.ui.main.FragmentTab1,initClick/0,iv_qr,1
/home/arch_design_predict/download-github-repos/mvp/repos/MVP-Retrofit-RxJava-master/app/src/main/java/com/byl/mvpdemo/ui/main/FragmentTab1.java,com.byl.mvpdemo.ui.main.FragmentTab1,initRecyclerView/0,listnews,1
/home/arch_design_predict/download-github-repos/mvp/repos/MVP-Retrofit-RxJava-master/app/src/main/java/com/byl/mvpdemo/ui/main/FragmentTab1.java,com.byl.mvpdemo.ui.main.FragmentTab1,initRecyclerView/0,newsAdapter,3
/home/arch_design_predict/download-github-repos/mvp/repos/MVP-Retrofit-RxJava-master/app/src/main/java/com/byl/mvpdemo/ui/main/FragmentTab1.java,com.byl.mvpdemo.ui.main.FragmentTab1,initRecyclerView/0,listbanner,1
/home/arch_design_predict/download-github-repos/mvp/repos/MVP-Retrofit-RxJava-master/app/src/main/java/com/byl/mvpdemo/ui/main/FragmentTab1.java,com.byl.mvpdemo.ui.main.FragmentTab1,initRecyclerView/0,mRecyclerView,2
/home/arch_design_predict/download-github-repos/mvp/repos/MVP-Retrofit-RxJava-master/app/src/main/java/com/byl/mvpdemo/ui/main/FragmentTab1.java,com.byl.mvpdemo.ui.main.FragmentTab1,onHeaderRefresh/1[com.byl.mvpdemo.view.pullrecyclerview.PullBaseView],page,2
/home/arch_design_predict/download-github-repos/mvp/repos/MVP-Retrofit-RxJava-master/app/src/main/java/com/byl/mvpdemo/ui/main/FragmentTab1.java,com.byl.mvpdemo.ui.main.FragmentTab1,onHeaderRefresh/1[com.byl.mvpdemo.view.pullrecyclerview.PullBaseView],newsPresenter,1
/home/arch_design_predict/download-github-repos/mvp/repos/MVP-Retrofit-RxJava-master/app/src/main/java/com/byl/mvpdemo/ui/main/FragmentTab1.java,com.byl.mvpdemo.ui.main.FragmentTab1,onItemClick/1[int],listnews,1
/home/arch_design_predict/download-github-repos/mvp/repos/MVP-Retrofit-RxJava-master/app/src/main/java/com/byl/mvpdemo/ui/main/FragmentTab3.java,com.byl.mvpdemo.ui.main.FragmentTab3,initView/0,ll_head,3
/home/arch_design_predict/download-github-repos/mvp/repos/MVP-Retrofit-RxJava-master/app/src/main/java/com/byl/mvpdemo/ui/main/FragmentTab2.java,com.byl.mvpdemo.ui.main.FragmentTab2,initData/0,mTitles,2
/home/arch_design_predict/download-github-repos/mvp/repos/MVP-Retrofit-RxJava-master/app/src/main/java/com/byl/mvpdemo/ui/main/FragmentTab2.java,com.byl.mvpdemo.ui.main.FragmentTab2,initData/0,mFragments,2
/home/arch_design_predict/download-github-repos/mvp/repos/MVP-Retrofit-RxJava-master/app/src/main/java/com/byl/mvpdemo/ui/main/FragmentTab2.java,com.byl.mvpdemo.ui.main.FragmentTab2,initData/0,fragmentVedioAdapter,2
/home/arch_design_predict/download-github-repos/mvp/repos/MVP-Retrofit-RxJava-master/app/src/main/java/com/byl/mvpdemo/ui/main/FragmentTab2.java,com.byl.mvpdemo.ui.main.FragmentTab2,initData/0,mViewPager,2
/home/arch_design_predict/download-github-repos/mvp/repos/MVP-Retrofit-RxJava-master/app/src/main/java/com/byl/mvpdemo/ui/main/FragmentTab2.java,com.byl.mvpdemo.ui.main.FragmentTab2,initData/0,mTabLayout,2
/home/arch_design_predict/download-github-repos/mvp/repos/MVP-Retrofit-RxJava-master/app/src/main/java/com/byl/mvpdemo/ui/main/FragmentTab2.java,com.byl.mvpdemo.ui.main.FragmentTab2,initView/0,mViewPager,2
/home/arch_design_predict/download-github-repos/mvp/repos/MVP-Retrofit-RxJava-master/app/src/main/java/com/byl/mvpdemo/ui/main/FragmentTab2.java,com.byl.mvpdemo.ui.main.FragmentTab2,initView/0,mTabLayout,3
/home/arch_design_predict/download-github-repos/mvp/repos/MVP-Retrofit-RxJava-master/app/src/main/java/com/byl/mvpdemo/model/modelbean/BaseBean.java,com.byl.mvpdemo.model.modelbean.BaseBean,setShowapi_res_code/1[java.lang.String],showapi_res_code,3
/home/arch_design_predict/download-github-repos/mvp/repos/MVP-Retrofit-RxJava-master/app/src/main/java/com/byl/mvpdemo/model/modelbean/BaseBean.java,com.byl.mvpdemo.model.modelbean.BaseBean,setShowapi_res_error/1[java.lang.String],showapi_res_error,3
/home/arch_design_predict/download-github-repos/mvp/repos/MVP-Retrofit-RxJava-master/app/src/main/java/com/byl/mvpdemo/model/modelbean/BaseBean.java,com.byl.mvpdemo.model.modelbean.BaseBean,getShowapi_res_error/0,showapi_res_error,1
/home/arch_design_predict/download-github-repos/mvp/repos/MVP-Retrofit-RxJava-master/app/src/main/java/com/byl/mvpdemo/model/modelbean/BaseBean.java,com.byl.mvpdemo.model.modelbean.BaseBean,getShowapi_res_code/0,showapi_res_code,1
/home/arch_design_predict/download-github-repos/mvp/repos/MVP-Retrofit-RxJava-master/app/src/main/java/com/byl/mvpdemo/presenter/ImagesPresenter.java,com.byl.mvpdemo.presenter.ImagesPresenter,"getImages/3[java.lang.String,java.lang.String,java.lang.String]",mSubscription,1
/home/arch_design_predict/download-github-repos/mvp/repos/MVP-Retrofit-RxJava-master/app/src/main/java/com/byl/mvpdemo/presenter/ImagesPresenter.java,com.byl.mvpdemo.presenter.ImagesPresenter,detachView/0,mSubscription,2
