file,class,method,variable,usage
/home/arch_design_predict/download-github-repos/mvp/repos/MVP-Retrofit-RxJava-master/app/src/main/java/com/byl/mvpdemo/ui/main/adapter/FragmentMainTabAdapter.java,com.byl.mvpdemo.ui.main.adapter.FragmentMainTabAdapter,getPageTitle/1[int],position,1
/home/arch_design_predict/download-github-repos/mvp/repos/MVP-Retrofit-RxJava-master/app/src/main/java/com/byl/mvpdemo/ui/main/adapter/FragmentMainTabAdapter.java,com.byl.mvpdemo.ui.main.adapter.FragmentMainTabAdapter,getTabView/1[int],tabImage,1
/home/arch_design_predict/download-github-repos/mvp/repos/MVP-Retrofit-RxJava-master/app/src/main/java/com/byl/mvpdemo/ui/main/adapter/FragmentMainTabAdapter.java,com.byl.mvpdemo.ui.main.adapter.FragmentMainTabAdapter,getTabView/1[int],tab,4
/home/arch_design_predict/download-github-repos/mvp/repos/MVP-Retrofit-RxJava-master/app/src/main/java/com/byl/mvpdemo/ui/main/adapter/FragmentMainTabAdapter.java,com.byl.mvpdemo.ui.main.adapter.FragmentMainTabAdapter,getTabView/1[int],tabText,1
/home/arch_design_predict/download-github-repos/mvp/repos/MVP-Retrofit-RxJava-master/app/src/main/java/com/byl/mvpdemo/ui/main/adapter/FragmentMainTabAdapter.java,com.byl.mvpdemo.ui.main.adapter.FragmentMainTabAdapter,getTabView/1[int],position,3
/home/arch_design_predict/download-github-repos/mvp/repos/MVP-Retrofit-RxJava-master/app/src/main/java/com/byl/mvpdemo/ui/main/adapter/FragmentMainTabAdapter.java,com.byl.mvpdemo.ui.main.adapter.FragmentMainTabAdapter,getItem/1[int],position,1
/home/arch_design_predict/download-github-repos/mvp/repos/MVP-Retrofit-RxJava-master/app/src/main/java/com/byl/mvpdemo/ui/main/adapter/FragmentMainTabAdapter.java,com.byl.mvpdemo.ui.main.adapter.FragmentMainTabAdapter,"FragmentMainTabAdapter/5[com.byl.mvpdemo.ui.main.adapter.Context,com.byl.mvpdemo.ui.main.adapter.FragmentManager,com.byl.mvpdemo.ui.main.adapter.Fragment[],java.lang.String[],java.lang.Integer[]]",fm,1
/home/arch_design_predict/download-github-repos/mvp/repos/MVP-Retrofit-RxJava-master/app/src/main/java/com/byl/mvpdemo/ui/main/adapter/FragmentMainTabAdapter.java,com.byl.mvpdemo.ui.main.adapter.FragmentMainTabAdapter,"FragmentMainTabAdapter/5[com.byl.mvpdemo.ui.main.adapter.Context,com.byl.mvpdemo.ui.main.adapter.FragmentManager,com.byl.mvpdemo.ui.main.adapter.Fragment[],java.lang.String[],java.lang.Integer[]]",context,1
/home/arch_design_predict/download-github-repos/mvp/repos/MVP-Retrofit-RxJava-master/app/src/main/java/com/byl/mvpdemo/ui/main/adapter/FragmentMainTabAdapter.java,com.byl.mvpdemo.ui.main.adapter.FragmentMainTabAdapter,"FragmentMainTabAdapter/5[com.byl.mvpdemo.ui.main.adapter.Context,com.byl.mvpdemo.ui.main.adapter.FragmentManager,com.byl.mvpdemo.ui.main.adapter.Fragment[],java.lang.String[],java.lang.Integer[]]",fragments,1
/home/arch_design_predict/download-github-repos/mvp/repos/MVP-Retrofit-RxJava-master/app/src/main/java/com/byl/mvpdemo/ui/main/adapter/FragmentMainTabAdapter.java,com.byl.mvpdemo.ui.main.adapter.FragmentMainTabAdapter,"FragmentMainTabAdapter/5[com.byl.mvpdemo.ui.main.adapter.Context,com.byl.mvpdemo.ui.main.adapter.FragmentManager,com.byl.mvpdemo.ui.main.adapter.Fragment[],java.lang.String[],java.lang.Integer[]]",titles,1
/home/arch_design_predict/download-github-repos/mvp/repos/MVP-Retrofit-RxJava-master/app/src/main/java/com/byl/mvpdemo/ui/main/adapter/FragmentMainTabAdapter.java,com.byl.mvpdemo.ui.main.adapter.FragmentMainTabAdapter,"FragmentMainTabAdapter/5[com.byl.mvpdemo.ui.main.adapter.Context,com.byl.mvpdemo.ui.main.adapter.FragmentManager,com.byl.mvpdemo.ui.main.adapter.Fragment[],java.lang.String[],java.lang.Integer[]]",icons,1
/home/arch_design_predict/download-github-repos/mvp/repos/MVP-Retrofit-RxJava-master/app/src/main/java/com/byl/mvpdemo/model/modelbean/LoginModel.java,com.byl.mvpdemo.model.modelbean.LoginModel,setType/1[java.lang.String],type,2
/home/arch_design_predict/download-github-repos/mvp/repos/MVP-Retrofit-RxJava-master/app/src/main/java/com/byl/mvpdemo/model/modelbean/LoginModel.java,com.byl.mvpdemo.model.modelbean.LoginModel,setRet_code/1[java.lang.String],ret_code,2
/home/arch_design_predict/download-github-repos/mvp/repos/MVP-Retrofit-RxJava-master/app/src/main/java/com/byl/mvpdemo/model/modelbean/LoginModel.java,com.byl.mvpdemo.model.modelbean.LoginModel,setProv/1[java.lang.String],prov,2
/home/arch_design_predict/download-github-repos/mvp/repos/MVP-Retrofit-RxJava-master/app/src/main/java/com/byl/mvpdemo/model/modelbean/LoginModel.java,com.byl.mvpdemo.model.modelbean.LoginModel,setNum/1[java.lang.String],num,2
/home/arch_design_predict/download-github-repos/mvp/repos/MVP-Retrofit-RxJava-master/app/src/main/java/com/byl/mvpdemo/model/modelbean/LoginModel.java,com.byl.mvpdemo.model.modelbean.LoginModel,setProvCode/1[java.lang.String],provCode,2
/home/arch_design_predict/download-github-repos/mvp/repos/MVP-Retrofit-RxJava-master/app/src/main/java/com/byl/mvpdemo/model/modelbean/LoginModel.java,com.byl.mvpdemo.model.modelbean.LoginModel,setCity/1[java.lang.String],city,2
/home/arch_design_predict/download-github-repos/mvp/repos/MVP-Retrofit-RxJava-master/app/src/main/java/com/byl/mvpdemo/model/modelbean/LoginModel.java,com.byl.mvpdemo.model.modelbean.LoginModel,setName/1[java.lang.String],name,2
/home/arch_design_predict/download-github-repos/mvp/repos/MVP-Retrofit-RxJava-master/app/src/main/java/com/byl/mvpdemo/adapter/ImagesAdapter.java,com.byl.mvpdemo.adapter.ImagesAdapter$MyViewHolder,MyViewHolder/1[com.byl.mvpdemo.adapter.View],view,4
/home/arch_design_predict/download-github-repos/mvp/repos/MVP-Retrofit-RxJava-master/app/src/main/java/com/byl/mvpdemo/view/MyProgressDialog.java,com.byl.mvpdemo.view.MyProgressDialog,setMessage/1[java.lang.String],title,1
/home/arch_design_predict/download-github-repos/mvp/repos/MVP-Retrofit-RxJava-master/app/src/main/java/com/byl/mvpdemo/view/MyProgressDialog.java,com.byl.mvpdemo.view.MyProgressDialog,init/0,contentView,2
/home/arch_design_predict/download-github-repos/mvp/repos/MVP-Retrofit-RxJava-master/app/src/main/java/com/byl/mvpdemo/view/MyProgressDialog.java,com.byl.mvpdemo.view.MyProgressDialog,init/0,winParams,2
/home/arch_design_predict/download-github-repos/mvp/repos/MVP-Retrofit-RxJava-master/app/src/main/java/com/byl/mvpdemo/view/MyProgressDialog.java,com.byl.mvpdemo.view.MyProgressDialog,init/0,win,2
/home/arch_design_predict/download-github-repos/mvp/repos/MVP-Retrofit-RxJava-master/app/src/main/java/com/byl/mvpdemo/view/MyProgressDialog.java,com.byl.mvpdemo.view.MyProgressDialog,setTitle/1[java.lang.CharSequence],title,1
/home/arch_design_predict/download-github-repos/mvp/repos/MVP-Retrofit-RxJava-master/app/src/main/java/com/byl/mvpdemo/view/MyProgressDialog.java,com.byl.mvpdemo.view.MyProgressDialog,setCancelable/1[boolean],flag,2
/home/arch_design_predict/download-github-repos/mvp/repos/MVP-Retrofit-RxJava-master/app/src/main/java/com/byl/mvpdemo/view/MyProgressDialog.java,com.byl.mvpdemo.view.MyProgressDialog,MyProgressDialog/1[com.byl.mvpdemo.view.Context],context,1
/home/arch_design_predict/download-github-repos/mvp/repos/MVP-Retrofit-RxJava-master/app/src/main/java/com/byl/mvpdemo/view/MyProgressDialog.java,com.byl.mvpdemo.view.MyProgressDialog,setTitle/1[int],titleId,1
/home/arch_design_predict/download-github-repos/mvp/repos/MVP-Retrofit-RxJava-master/app/src/main/java/com/byl/mvpdemo/view/pullrecyclerview/PullBaseView.java,com.byl.mvpdemo.view.pullrecyclerview.PullBaseView$OnFooterRefreshListener,onFooterRefresh/1[com.byl.mvpdemo.view.pullrecyclerview.PullBaseView],view,0
/home/arch_design_predict/download-github-repos/mvp/repos/MVP-Retrofit-RxJava-master/app/src/main/java/com/byl/mvpdemo/ui/images/FragmentImageTab1.java,com.byl.mvpdemo.ui.images.FragmentImageTab1,onHeaderRefresh/1[com.byl.mvpdemo.view.pullrecyclerview.PullBaseView],view,0
/home/arch_design_predict/download-github-repos/mvp/repos/MVP-Retrofit-RxJava-master/app/src/main/java/com/byl/mvpdemo/ui/images/FragmentImageTab1.java,com.byl.mvpdemo.ui.images.FragmentImageTab1,onClick/1[com.byl.mvpdemo.ui.images.View],v,0
/home/arch_design_predict/download-github-repos/mvp/repos/MVP-Retrofit-RxJava-master/app/src/main/java/com/byl/mvpdemo/ui/images/FragmentImageTab1.java,com.byl.mvpdemo.ui.images.FragmentImageTab1,onItemClick/1[int],position,1
/home/arch_design_predict/download-github-repos/mvp/repos/MVP-Retrofit-RxJava-master/app/src/main/java/com/byl/mvpdemo/ui/images/FragmentImageTab1.java,com.byl.mvpdemo.ui.images.FragmentImageTab1,fail/1[java.lang.String],message,1
/home/arch_design_predict/download-github-repos/mvp/repos/MVP-Retrofit-RxJava-master/app/src/main/java/com/byl/mvpdemo/ui/images/FragmentImageTab1.java,com.byl.mvpdemo.ui.images.FragmentImageTab1,refreshSuccess/1[com.byl.mvpdemo.model.modelbean.NewsBean],news,1
/home/arch_design_predict/download-github-repos/mvp/repos/MVP-Retrofit-RxJava-master/app/src/main/java/com/byl/mvpdemo/ui/images/FragmentImageTab1.java,com.byl.mvpdemo.ui.images.FragmentImageTab1,refreshSuccess/1[com.byl.mvpdemo.model.modelbean.NewsBean],newsBean,1
/home/arch_design_predict/download-github-repos/mvp/repos/MVP-Retrofit-RxJava-master/app/src/main/java/com/byl/mvpdemo/ui/images/FragmentImageTab1.java,com.byl.mvpdemo.ui.images.FragmentImageTab1,refreshSuccess/1[com.byl.mvpdemo.model.modelbean.NewsBean],list,1
/home/arch_design_predict/download-github-repos/mvp/repos/MVP-Retrofit-RxJava-master/app/src/main/java/com/byl/mvpdemo/ui/images/FragmentImageTab1.java,com.byl.mvpdemo.ui.images.FragmentImageTab1,onFooterRefresh/1[com.byl.mvpdemo.view.pullrecyclerview.PullBaseView],view,0
/home/arch_design_predict/download-github-repos/mvp/repos/MVP-Retrofit-RxJava-master/app/src/main/java/com/byl/mvpdemo/ui/images/FragmentImageTab1.java,com.byl.mvpdemo.ui.images.FragmentImageTab1,loadMoreSuccess/1[com.byl.mvpdemo.model.modelbean.NewsBean],news,1
/home/arch_design_predict/download-github-repos/mvp/repos/MVP-Retrofit-RxJava-master/app/src/main/java/com/byl/mvpdemo/ui/images/FragmentImageTab1.java,com.byl.mvpdemo.ui.images.FragmentImageTab1,loadMoreSuccess/1[com.byl.mvpdemo.model.modelbean.NewsBean],newsBean,1
/home/arch_design_predict/download-github-repos/mvp/repos/MVP-Retrofit-RxJava-master/app/src/main/java/com/byl/mvpdemo/ui/images/FragmentImageTab1.java,com.byl.mvpdemo.ui.images.FragmentImageTab1,loadMoreSuccess/1[com.byl.mvpdemo.model.modelbean.NewsBean],list,1
/home/arch_design_predict/download-github-repos/mvp/repos/MVP-Retrofit-RxJava-master/app/src/main/java/com/byl/mvpdemo/ui/images/FragmentImageTab1.java,com.byl.mvpdemo.ui.images.FragmentImageTab1,"onViewClick/2[int,int]",viewtype,1
/home/arch_design_predict/download-github-repos/mvp/repos/MVP-Retrofit-RxJava-master/app/src/main/java/com/byl/mvpdemo/ui/images/FragmentImageTab1.java,com.byl.mvpdemo.ui.images.FragmentImageTab1,"onViewClick/2[int,int]",position,1
/home/arch_design_predict/download-github-repos/mvp/repos/MVP-Retrofit-RxJava-master/app/src/main/java/com/byl/mvpdemo/view/pullrecyclerview/PullRecyclerView.java,com.byl.mvpdemo.view.pullrecyclerview.PullRecyclerView,setLayoutManager/1[RecyclerView.LayoutManager],manager,1
/home/arch_design_predict/download-github-repos/mvp/repos/MVP-Retrofit-RxJava-master/app/src/main/java/com/byl/mvpdemo/view/pullrecyclerview/PullRecyclerView.java,com.byl.mvpdemo.view.pullrecyclerview.PullRecyclerView,"PullRecyclerView/2[com.byl.mvpdemo.view.pullrecyclerview.Context,com.byl.mvpdemo.view.pullrecyclerview.AttributeSet]",context,1
/home/arch_design_predict/download-github-repos/mvp/repos/MVP-Retrofit-RxJava-master/app/src/main/java/com/byl/mvpdemo/view/pullrecyclerview/PullRecyclerView.java,com.byl.mvpdemo.view.pullrecyclerview.PullRecyclerView,"PullRecyclerView/2[com.byl.mvpdemo.view.pullrecyclerview.Context,com.byl.mvpdemo.view.pullrecyclerview.AttributeSet]",attrs,1
/home/arch_design_predict/download-github-repos/mvp/repos/MVP-Retrofit-RxJava-master/app/src/main/java/com/byl/mvpdemo/view/pullrecyclerview/PullRecyclerView.java,com.byl.mvpdemo.view.pullrecyclerview.PullRecyclerView,addOnScrollListener/1[RecyclerView.OnScrollListener],onScrollListener,1
/home/arch_design_predict/download-github-repos/mvp/repos/MVP-Retrofit-RxJava-master/app/src/main/java/com/byl/mvpdemo/view/pullrecyclerview/PullRecyclerView.java,com.byl.mvpdemo.view.pullrecyclerview.PullRecyclerView,PullRecyclerView/1[com.byl.mvpdemo.view.pullrecyclerview.Context],context,1
/home/arch_design_predict/download-github-repos/mvp/repos/MVP-Retrofit-RxJava-master/app/src/main/java/com/byl/mvpdemo/view/pullrecyclerview/PullRecyclerView.java,com.byl.mvpdemo.view.pullrecyclerview.PullRecyclerView,setAdapter/1[RecyclerView.Adapter],adapter,1
/home/arch_design_predict/download-github-repos/mvp/repos/MVP-Retrofit-RxJava-master/app/src/main/java/com/byl/mvpdemo/view/pullrecyclerview/PullRecyclerView.java,com.byl.mvpdemo.view.pullrecyclerview.PullRecyclerView,"createRecyclerView/2[com.byl.mvpdemo.view.pullrecyclerview.Context,com.byl.mvpdemo.view.pullrecyclerview.AttributeSet]",context,1
/home/arch_design_predict/download-github-repos/mvp/repos/MVP-Retrofit-RxJava-master/app/src/main/java/com/byl/mvpdemo/view/pullrecyclerview/PullRecyclerView.java,com.byl.mvpdemo.view.pullrecyclerview.PullRecyclerView,"createRecyclerView/2[com.byl.mvpdemo.view.pullrecyclerview.Context,com.byl.mvpdemo.view.pullrecyclerview.AttributeSet]",attrs,1
/home/arch_design_predict/download-github-repos/mvp/repos/MVP-Retrofit-RxJava-master/app/src/main/java/com/byl/mvpdemo/ui/images/FragmentImageTab2.java,com.byl.mvpdemo.ui.images.FragmentImageTab2,onHeaderRefresh/1[com.byl.mvpdemo.view.pullrecyclerview.PullBaseView],view,0
/home/arch_design_predict/download-github-repos/mvp/repos/MVP-Retrofit-RxJava-master/app/src/main/java/com/byl/mvpdemo/ui/images/FragmentImageTab2.java,com.byl.mvpdemo.ui.images.FragmentImageTab2,onClick/1[com.byl.mvpdemo.ui.images.View],v,0
/home/arch_design_predict/download-github-repos/mvp/repos/MVP-Retrofit-RxJava-master/app/src/main/java/com/byl/mvpdemo/ui/images/FragmentImageTab2.java,com.byl.mvpdemo.ui.images.FragmentImageTab2,onItemClick/1[int],position,1
/home/arch_design_predict/download-github-repos/mvp/repos/MVP-Retrofit-RxJava-master/app/src/main/java/com/byl/mvpdemo/ui/images/FragmentImageTab2.java,com.byl.mvpdemo.ui.images.FragmentImageTab2,fail/1[java.lang.String],message,1
/home/arch_design_predict/download-github-repos/mvp/repos/MVP-Retrofit-RxJava-master/app/src/main/java/com/byl/mvpdemo/ui/images/FragmentImageTab2.java,com.byl.mvpdemo.ui.images.FragmentImageTab2,refreshSuccess/1[com.byl.mvpdemo.model.modelbean.NewsBean],news,1
/home/arch_design_predict/download-github-repos/mvp/repos/MVP-Retrofit-RxJava-master/app/src/main/java/com/byl/mvpdemo/ui/images/FragmentImageTab2.java,com.byl.mvpdemo.ui.images.FragmentImageTab2,refreshSuccess/1[com.byl.mvpdemo.model.modelbean.NewsBean],newsBean,1
/home/arch_design_predict/download-github-repos/mvp/repos/MVP-Retrofit-RxJava-master/app/src/main/java/com/byl/mvpdemo/ui/images/FragmentImageTab2.java,com.byl.mvpdemo.ui.images.FragmentImageTab2,refreshSuccess/1[com.byl.mvpdemo.model.modelbean.NewsBean],list,1
/home/arch_design_predict/download-github-repos/mvp/repos/MVP-Retrofit-RxJava-master/app/src/main/java/com/byl/mvpdemo/ui/images/FragmentImageTab2.java,com.byl.mvpdemo.ui.images.FragmentImageTab2,onFooterRefresh/1[com.byl.mvpdemo.view.pullrecyclerview.PullBaseView],view,0
/home/arch_design_predict/download-github-repos/mvp/repos/MVP-Retrofit-RxJava-master/app/src/main/java/com/byl/mvpdemo/ui/images/FragmentImageTab2.java,com.byl.mvpdemo.ui.images.FragmentImageTab2,loadMoreSuccess/1[com.byl.mvpdemo.model.modelbean.NewsBean],news,1
/home/arch_design_predict/download-github-repos/mvp/repos/MVP-Retrofit-RxJava-master/app/src/main/java/com/byl/mvpdemo/ui/images/FragmentImageTab2.java,com.byl.mvpdemo.ui.images.FragmentImageTab2,loadMoreSuccess/1[com.byl.mvpdemo.model.modelbean.NewsBean],newsBean,1
/home/arch_design_predict/download-github-repos/mvp/repos/MVP-Retrofit-RxJava-master/app/src/main/java/com/byl/mvpdemo/ui/images/FragmentImageTab2.java,com.byl.mvpdemo.ui.images.FragmentImageTab2,loadMoreSuccess/1[com.byl.mvpdemo.model.modelbean.NewsBean],list,1
/home/arch_design_predict/download-github-repos/mvp/repos/MVP-Retrofit-RxJava-master/app/src/main/java/com/byl/mvpdemo/ui/images/FragmentImageTab2.java,com.byl.mvpdemo.ui.images.FragmentImageTab2,"onViewClick/2[int,int]",viewtype,1
/home/arch_design_predict/download-github-repos/mvp/repos/MVP-Retrofit-RxJava-master/app/src/main/java/com/byl/mvpdemo/ui/images/FragmentImageTab2.java,com.byl.mvpdemo.ui.images.FragmentImageTab2,"onViewClick/2[int,int]",position,1
/home/arch_design_predict/download-github-repos/mvp/repos/MVP-Retrofit-RxJava-master/app/src/main/java/com/byl/mvpdemo/adapter/BaseAdapter.java,com.byl.mvpdemo.adapter.BaseAdapter$OnItemClickListener,onItemClick/1[int],position,0
/home/arch_design_predict/download-github-repos/mvp/repos/MVP-Retrofit-RxJava-master/app/src/main/java/com/byl/mvpdemo/adapter/NewsAdapter.java,com.byl.mvpdemo.adapter.NewsAdapter,getItemViewType/1[int],position,1
/home/arch_design_predict/download-github-repos/mvp/repos/MVP-Retrofit-RxJava-master/app/src/main/java/com/byl/mvpdemo/adapter/NewsAdapter.java,com.byl.mvpdemo.adapter.NewsAdapter,"NewsAdapter/4[com.byl.mvpdemo.adapter.Context,java.util.List<java.lang.Object>,java.util.List<java.lang.Object>,com.byl.mvpdemo.adapter.BaseAdapter.OnViewClickListener]",onViewClickListener,1
/home/arch_design_predict/download-github-repos/mvp/repos/MVP-Retrofit-RxJava-master/app/src/main/java/com/byl/mvpdemo/adapter/NewsAdapter.java,com.byl.mvpdemo.adapter.NewsAdapter,"NewsAdapter/4[com.byl.mvpdemo.adapter.Context,java.util.List<java.lang.Object>,java.util.List<java.lang.Object>,com.byl.mvpdemo.adapter.BaseAdapter.OnViewClickListener]",context,1
/home/arch_design_predict/download-github-repos/mvp/repos/MVP-Retrofit-RxJava-master/app/src/main/java/com/byl/mvpdemo/adapter/NewsAdapter.java,com.byl.mvpdemo.adapter.NewsAdapter,"NewsAdapter/4[com.byl.mvpdemo.adapter.Context,java.util.List<java.lang.Object>,java.util.List<java.lang.Object>,com.byl.mvpdemo.adapter.BaseAdapter.OnViewClickListener]",listDatas2,1
/home/arch_design_predict/download-github-repos/mvp/repos/MVP-Retrofit-RxJava-master/app/src/main/java/com/byl/mvpdemo/adapter/NewsAdapter.java,com.byl.mvpdemo.adapter.NewsAdapter,"NewsAdapter/4[com.byl.mvpdemo.adapter.Context,java.util.List<java.lang.Object>,java.util.List<java.lang.Object>,com.byl.mvpdemo.adapter.BaseAdapter.OnViewClickListener]",listDatas1,1
/home/arch_design_predict/download-github-repos/mvp/repos/MVP-Retrofit-RxJava-master/app/src/main/java/com/byl/mvpdemo/adapter/NewsAdapter.java,com.byl.mvpdemo.adapter.NewsAdapter,"onCreateViewHolder/2[com.byl.mvpdemo.adapter.ViewGroup,int]",parent,1
/home/arch_design_predict/download-github-repos/mvp/repos/MVP-Retrofit-RxJava-master/app/src/main/java/com/byl/mvpdemo/adapter/NewsAdapter.java,com.byl.mvpdemo.adapter.NewsAdapter,"onCreateViewHolder/2[com.byl.mvpdemo.adapter.ViewGroup,int]",viewType,1
/home/arch_design_predict/download-github-repos/mvp/repos/MVP-Retrofit-RxJava-master/app/src/main/java/com/byl/mvpdemo/adapter/NewsAdapter.java,com.byl.mvpdemo.adapter.NewsAdapter,initViewPager/1[com.byl.mvpdemo.adapter.NewsAdapter.MyViewHolder],view,3
/home/arch_design_predict/download-github-repos/mvp/repos/MVP-Retrofit-RxJava-master/app/src/main/java/com/byl/mvpdemo/adapter/NewsAdapter.java,com.byl.mvpdemo.adapter.NewsAdapter,initViewPager/1[com.byl.mvpdemo.adapter.NewsAdapter.MyViewHolder],v,0
/home/arch_design_predict/download-github-repos/mvp/repos/MVP-Retrofit-RxJava-master/app/src/main/java/com/byl/mvpdemo/adapter/NewsAdapter.java,com.byl.mvpdemo.adapter.NewsAdapter,initViewPager/1[com.byl.mvpdemo.adapter.NewsAdapter.MyViewHolder],i,3
/home/arch_design_predict/download-github-repos/mvp/repos/MVP-Retrofit-RxJava-master/app/src/main/java/com/byl/mvpdemo/adapter/NewsAdapter.java,com.byl.mvpdemo.adapter.NewsAdapter,initViewPager/1[com.byl.mvpdemo.adapter.NewsAdapter.MyViewHolder],imageView,1
/home/arch_design_predict/download-github-repos/mvp/repos/MVP-Retrofit-RxJava-master/app/src/main/java/com/byl/mvpdemo/adapter/NewsAdapter.java,com.byl.mvpdemo.adapter.NewsAdapter,initViewPager/1[com.byl.mvpdemo.adapter.NewsAdapter.MyViewHolder],holder,1
/home/arch_design_predict/download-github-repos/mvp/repos/MVP-Retrofit-RxJava-master/app/src/main/java/com/byl/mvpdemo/adapter/NewsAdapter.java,com.byl.mvpdemo.adapter.NewsAdapter,initViewPager/1[com.byl.mvpdemo.adapter.NewsAdapter.MyViewHolder],imageViews,1
/home/arch_design_predict/download-github-repos/mvp/repos/MVP-Retrofit-RxJava-master/app/src/main/java/com/byl/mvpdemo/adapter/NewsAdapter.java,com.byl.mvpdemo.adapter.NewsAdapter,initViewPager/1[com.byl.mvpdemo.adapter.NewsAdapter.MyViewHolder],imageModel,2
/home/arch_design_predict/download-github-repos/mvp/repos/MVP-Retrofit-RxJava-master/app/src/main/java/com/byl/mvpdemo/adapter/NewsAdapter.java,com.byl.mvpdemo.adapter.NewsAdapter,"onBindViewHolder/2[com.byl.mvpdemo.adapter.NewsAdapter.MyViewHolder,int]",news,5
/home/arch_design_predict/download-github-repos/mvp/repos/MVP-Retrofit-RxJava-master/app/src/main/java/com/byl/mvpdemo/adapter/NewsAdapter.java,com.byl.mvpdemo.adapter.NewsAdapter,"onBindViewHolder/2[com.byl.mvpdemo.adapter.NewsAdapter.MyViewHolder,int]",v,0
/home/arch_design_predict/download-github-repos/mvp/repos/MVP-Retrofit-RxJava-master/app/src/main/java/com/byl/mvpdemo/adapter/NewsAdapter.java,com.byl.mvpdemo.adapter.NewsAdapter,"onBindViewHolder/2[com.byl.mvpdemo.adapter.NewsAdapter.MyViewHolder,int]",holder,11
/home/arch_design_predict/download-github-repos/mvp/repos/MVP-Retrofit-RxJava-master/app/src/main/java/com/byl/mvpdemo/adapter/NewsAdapter.java,com.byl.mvpdemo.adapter.NewsAdapter,"onBindViewHolder/2[com.byl.mvpdemo.adapter.NewsAdapter.MyViewHolder,int]",position,7
/home/arch_design_predict/download-github-repos/mvp/repos/MVP-Retrofit-RxJava-master/app/src/main/java/com/byl/mvpdemo/adapter/NewsAdapter.java,com.byl.mvpdemo.adapter.NewsAdapter,setViewPagerLoadScucess/1[boolean],viewPagerLoadScucess,1
/home/arch_design_predict/download-github-repos/mvp/repos/MVP-Retrofit-RxJava-master/app/src/main/java/com/byl/mvpdemo/view/MyProgressDialog.java,com.byl.mvpdemo.view.MyProgressDialog$Anonymous1,onClick/1[com.byl.mvpdemo.view.View],v,0
/home/arch_design_predict/download-github-repos/mvp/repos/MVP-Retrofit-RxJava-master/app/src/main/java/com/byl/mvpdemo/adapter/BaseAdapter.java,com.byl.mvpdemo.adapter.BaseAdapter$ViewClikListener,onClick/1[com.byl.mvpdemo.adapter.View],v,0
/home/arch_design_predict/download-github-repos/mvp/repos/MVP-Retrofit-RxJava-master/app/src/main/java/com/byl/mvpdemo/adapter/BaseAdapter.java,com.byl.mvpdemo.adapter.BaseAdapter$ViewClikListener,"ViewClikListener/3[com.byl.mvpdemo.adapter.BaseAdapter.OnViewClickListener,int,int]",onViewClickListener,2
/home/arch_design_predict/download-github-repos/mvp/repos/MVP-Retrofit-RxJava-master/app/src/main/java/com/byl/mvpdemo/adapter/BaseAdapter.java,com.byl.mvpdemo.adapter.BaseAdapter$ViewClikListener,"ViewClikListener/3[com.byl.mvpdemo.adapter.BaseAdapter.OnViewClickListener,int,int]",viewtype,2
/home/arch_design_predict/download-github-repos/mvp/repos/MVP-Retrofit-RxJava-master/app/src/main/java/com/byl/mvpdemo/adapter/BaseAdapter.java,com.byl.mvpdemo.adapter.BaseAdapter$ViewClikListener,"ViewClikListener/3[com.byl.mvpdemo.adapter.BaseAdapter.OnViewClickListener,int,int]",position,2
/home/arch_design_predict/download-github-repos/mvp/repos/MVP-Retrofit-RxJava-master/app/src/main/java/com/byl/mvpdemo/adapter/BaseAdapter.java,com.byl.mvpdemo.adapter.BaseAdapter,"init/2[com.byl.mvpdemo.adapter.Context,java.util.List<java.lang.Object>]",context,3
/home/arch_design_predict/download-github-repos/mvp/repos/MVP-Retrofit-RxJava-master/app/src/main/java/com/byl/mvpdemo/adapter/BaseAdapter.java,com.byl.mvpdemo.adapter.BaseAdapter,"init/2[com.byl.mvpdemo.adapter.Context,java.util.List<java.lang.Object>]",listDatas,2
/home/arch_design_predict/download-github-repos/mvp/repos/MVP-Retrofit-RxJava-master/app/src/main/java/com/byl/mvpdemo/adapter/BaseAdapter.java,com.byl.mvpdemo.adapter.BaseAdapter,setOnItemClickListener/1[com.byl.mvpdemo.adapter.BaseAdapter.OnItemClickListener],onItemClickListener,2
/home/arch_design_predict/download-github-repos/mvp/repos/MVP-Retrofit-RxJava-master/app/src/main/java/com/byl/mvpdemo/adapter/BaseAdapter.java,com.byl.mvpdemo.adapter.BaseAdapter,setOnItemLongClickListener/1[com.byl.mvpdemo.adapter.BaseAdapter.OnItemLongClickListener],onItemLongClickListener,2
/home/arch_design_predict/download-github-repos/mvp/repos/MVP-Retrofit-RxJava-master/app/src/main/java/com/byl/mvpdemo/adapter/BaseAdapter.java,com.byl.mvpdemo.adapter.BaseAdapter,"onCreateViewHolder/2[com.byl.mvpdemo.adapter.ViewGroup,int]",parent,0
/home/arch_design_predict/download-github-repos/mvp/repos/MVP-Retrofit-RxJava-master/app/src/main/java/com/byl/mvpdemo/adapter/BaseAdapter.java,com.byl.mvpdemo.adapter.BaseAdapter,"onCreateViewHolder/2[com.byl.mvpdemo.adapter.ViewGroup,int]",viewType,0
/home/arch_design_predict/download-github-repos/mvp/repos/MVP-Retrofit-RxJava-master/app/src/main/java/com/byl/mvpdemo/adapter/BaseAdapter.java,com.byl.mvpdemo.adapter.BaseAdapter,"BaseAdapter/3[com.byl.mvpdemo.adapter.Context,java.util.List<java.lang.Object>,com.byl.mvpdemo.adapter.BaseAdapter.OnViewClickListener]",onViewClickListener,2
/home/arch_design_predict/download-github-repos/mvp/repos/MVP-Retrofit-RxJava-master/app/src/main/java/com/byl/mvpdemo/adapter/BaseAdapter.java,com.byl.mvpdemo.adapter.BaseAdapter,"BaseAdapter/3[com.byl.mvpdemo.adapter.Context,java.util.List<java.lang.Object>,com.byl.mvpdemo.adapter.BaseAdapter.OnViewClickListener]",context,1
/home/arch_design_predict/download-github-repos/mvp/repos/MVP-Retrofit-RxJava-master/app/src/main/java/com/byl/mvpdemo/adapter/BaseAdapter.java,com.byl.mvpdemo.adapter.BaseAdapter,"BaseAdapter/3[com.byl.mvpdemo.adapter.Context,java.util.List<java.lang.Object>,com.byl.mvpdemo.adapter.BaseAdapter.OnViewClickListener]",listDatas,1
/home/arch_design_predict/download-github-repos/mvp/repos/MVP-Retrofit-RxJava-master/app/src/main/java/com/byl/mvpdemo/adapter/BaseAdapter.java,com.byl.mvpdemo.adapter.BaseAdapter,"onBindViewHolder/2[T,int]",holder,2
/home/arch_design_predict/download-github-repos/mvp/repos/MVP-Retrofit-RxJava-master/app/src/main/java/com/byl/mvpdemo/adapter/BaseAdapter.java,com.byl.mvpdemo.adapter.BaseAdapter,"onBindViewHolder/2[T,int]",position,0
/home/arch_design_predict/download-github-repos/mvp/repos/MVP-Retrofit-RxJava-master/app/src/main/java/com/byl/mvpdemo/adapter/BaseAdapter.java,com.byl.mvpdemo.adapter.BaseAdapter,"BaseAdapter/2[com.byl.mvpdemo.adapter.Context,java.util.List<java.lang.Object>]",context,1
/home/arch_design_predict/download-github-repos/mvp/repos/MVP-Retrofit-RxJava-master/app/src/main/java/com/byl/mvpdemo/adapter/BaseAdapter.java,com.byl.mvpdemo.adapter.BaseAdapter,"BaseAdapter/2[com.byl.mvpdemo.adapter.Context,java.util.List<java.lang.Object>]",listDatas,1
/home/arch_design_predict/download-github-repos/mvp/repos/MVP-Retrofit-RxJava-master/app/src/main/java/com/byl/mvpdemo/adapter/BaseAdapter.java,com.byl.mvpdemo.adapter.BaseAdapter,"BaseAdapter/3[com.byl.mvpdemo.adapter.Context,java.util.List<java.lang.Object>,java.util.List<java.lang.Object>]",context,1
/home/arch_design_predict/download-github-repos/mvp/repos/MVP-Retrofit-RxJava-master/app/src/main/java/com/byl/mvpdemo/adapter/BaseAdapter.java,com.byl.mvpdemo.adapter.BaseAdapter,"BaseAdapter/3[com.byl.mvpdemo.adapter.Context,java.util.List<java.lang.Object>,java.util.List<java.lang.Object>]",listDatas2,1
/home/arch_design_predict/download-github-repos/mvp/repos/MVP-Retrofit-RxJava-master/app/src/main/java/com/byl/mvpdemo/adapter/BaseAdapter.java,com.byl.mvpdemo.adapter.BaseAdapter,"BaseAdapter/3[com.byl.mvpdemo.adapter.Context,java.util.List<java.lang.Object>,java.util.List<java.lang.Object>]",listDatas1,1
/home/arch_design_predict/download-github-repos/mvp/repos/MVP-Retrofit-RxJava-master/app/src/main/java/com/byl/mvpdemo/adapter/BaseAdapter.java,com.byl.mvpdemo.adapter.BaseAdapter,"BaseAdapter/4[com.byl.mvpdemo.adapter.Context,java.util.List<java.lang.Object>,java.util.List<java.lang.Object>,com.byl.mvpdemo.adapter.BaseAdapter.OnViewClickListener]",onViewClickListener,2
/home/arch_design_predict/download-github-repos/mvp/repos/MVP-Retrofit-RxJava-master/app/src/main/java/com/byl/mvpdemo/adapter/BaseAdapter.java,com.byl.mvpdemo.adapter.BaseAdapter,"BaseAdapter/4[com.byl.mvpdemo.adapter.Context,java.util.List<java.lang.Object>,java.util.List<java.lang.Object>,com.byl.mvpdemo.adapter.BaseAdapter.OnViewClickListener]",context,1
/home/arch_design_predict/download-github-repos/mvp/repos/MVP-Retrofit-RxJava-master/app/src/main/java/com/byl/mvpdemo/adapter/BaseAdapter.java,com.byl.mvpdemo.adapter.BaseAdapter,"BaseAdapter/4[com.byl.mvpdemo.adapter.Context,java.util.List<java.lang.Object>,java.util.List<java.lang.Object>,com.byl.mvpdemo.adapter.BaseAdapter.OnViewClickListener]",listDatas2,1
/home/arch_design_predict/download-github-repos/mvp/repos/MVP-Retrofit-RxJava-master/app/src/main/java/com/byl/mvpdemo/adapter/BaseAdapter.java,com.byl.mvpdemo.adapter.BaseAdapter,"BaseAdapter/4[com.byl.mvpdemo.adapter.Context,java.util.List<java.lang.Object>,java.util.List<java.lang.Object>,com.byl.mvpdemo.adapter.BaseAdapter.OnViewClickListener]",listDatas1,1
/home/arch_design_predict/download-github-repos/mvp/repos/MVP-Retrofit-RxJava-master/app/src/main/java/com/byl/mvpdemo/adapter/BaseAdapter.java,com.byl.mvpdemo.adapter.BaseAdapter,"init/3[com.byl.mvpdemo.adapter.Context,java.util.List<java.lang.Object>,java.util.List<java.lang.Object>]",context,3
/home/arch_design_predict/download-github-repos/mvp/repos/MVP-Retrofit-RxJava-master/app/src/main/java/com/byl/mvpdemo/adapter/BaseAdapter.java,com.byl.mvpdemo.adapter.BaseAdapter,"init/3[com.byl.mvpdemo.adapter.Context,java.util.List<java.lang.Object>,java.util.List<java.lang.Object>]",listDatas2,2
/home/arch_design_predict/download-github-repos/mvp/repos/MVP-Retrofit-RxJava-master/app/src/main/java/com/byl/mvpdemo/adapter/BaseAdapter.java,com.byl.mvpdemo.adapter.BaseAdapter,"init/3[com.byl.mvpdemo.adapter.Context,java.util.List<java.lang.Object>,java.util.List<java.lang.Object>]",listDatas1,2
/home/arch_design_predict/download-github-repos/mvp/repos/MVP-Retrofit-RxJava-master/app/src/main/java/com/byl/mvpdemo/ui/base/BaseFragment.java,com.byl.mvpdemo.ui.base.BaseFragment,"onCreateView/3[com.byl.mvpdemo.ui.base.LayoutInflater,com.byl.mvpdemo.ui.base.ViewGroup,com.byl.mvpdemo.ui.base.Bundle]",container,0
/home/arch_design_predict/download-github-repos/mvp/repos/MVP-Retrofit-RxJava-master/app/src/main/java/com/byl/mvpdemo/ui/base/BaseFragment.java,com.byl.mvpdemo.ui.base.BaseFragment,"onCreateView/3[com.byl.mvpdemo.ui.base.LayoutInflater,com.byl.mvpdemo.ui.base.ViewGroup,com.byl.mvpdemo.ui.base.Bundle]",savedInstanceState,0
/home/arch_design_predict/download-github-repos/mvp/repos/MVP-Retrofit-RxJava-master/app/src/main/java/com/byl/mvpdemo/ui/base/BaseFragment.java,com.byl.mvpdemo.ui.base.BaseFragment,"onCreateView/3[com.byl.mvpdemo.ui.base.LayoutInflater,com.byl.mvpdemo.ui.base.ViewGroup,com.byl.mvpdemo.ui.base.Bundle]",inflater,1
/home/arch_design_predict/download-github-repos/mvp/repos/MVP-Retrofit-RxJava-master/app/src/main/java/com/byl/mvpdemo/ui/base/BaseFragment.java,com.byl.mvpdemo.ui.base.BaseFragment,"initTitleBar/5[java.lang.String,java.lang.String,java.lang.String,int,View.OnClickListener]",res,2
/home/arch_design_predict/download-github-repos/mvp/repos/MVP-Retrofit-RxJava-master/app/src/main/java/com/byl/mvpdemo/ui/base/BaseFragment.java,com.byl.mvpdemo.ui.base.BaseFragment,"initTitleBar/5[java.lang.String,java.lang.String,java.lang.String,int,View.OnClickListener]",left,2
/home/arch_design_predict/download-github-repos/mvp/repos/MVP-Retrofit-RxJava-master/app/src/main/java/com/byl/mvpdemo/ui/base/BaseFragment.java,com.byl.mvpdemo.ui.base.BaseFragment,"initTitleBar/5[java.lang.String,java.lang.String,java.lang.String,int,View.OnClickListener]",right,2
/home/arch_design_predict/download-github-repos/mvp/repos/MVP-Retrofit-RxJava-master/app/src/main/java/com/byl/mvpdemo/ui/base/BaseFragment.java,com.byl.mvpdemo.ui.base.BaseFragment,"initTitleBar/5[java.lang.String,java.lang.String,java.lang.String,int,View.OnClickListener]",title,2
/home/arch_design_predict/download-github-repos/mvp/repos/MVP-Retrofit-RxJava-master/app/src/main/java/com/byl/mvpdemo/ui/base/BaseFragment.java,com.byl.mvpdemo.ui.base.BaseFragment,"initTitleBar/5[java.lang.String,java.lang.String,java.lang.String,int,View.OnClickListener]",onClickListener,3
/home/arch_design_predict/download-github-repos/mvp/repos/MVP-Retrofit-RxJava-master/app/src/main/java/com/byl/mvpdemo/ui/base/BaseFragment.java,com.byl.mvpdemo.ui.base.BaseFragment,$/1[int],id,1
/home/arch_design_predict/download-github-repos/mvp/repos/MVP-Retrofit-RxJava-master/app/src/main/java/com/byl/mvpdemo/ui/main/FragmentTab1.java,com.byl.mvpdemo.ui.main.FragmentTab1$Anonymous1,"onScrollStateChanged/2[com.byl.mvpdemo.ui.main.RecyclerView,int]",recyclerView,1
/home/arch_design_predict/download-github-repos/mvp/repos/MVP-Retrofit-RxJava-master/app/src/main/java/com/byl/mvpdemo/ui/main/FragmentTab1.java,com.byl.mvpdemo.ui.main.FragmentTab1$Anonymous1,"onScrollStateChanged/2[com.byl.mvpdemo.ui.main.RecyclerView,int]",newState,1
/home/arch_design_predict/download-github-repos/mvp/repos/MVP-Retrofit-RxJava-master/app/src/main/java/com/byl/mvpdemo/ui/main/FragmentTab1.java,com.byl.mvpdemo.ui.main.FragmentTab1$Anonymous1,"onScrolled/3[com.byl.mvpdemo.ui.main.RecyclerView,int,int]",dx,1
/home/arch_design_predict/download-github-repos/mvp/repos/MVP-Retrofit-RxJava-master/app/src/main/java/com/byl/mvpdemo/ui/main/FragmentTab1.java,com.byl.mvpdemo.ui.main.FragmentTab1$Anonymous1,"onScrolled/3[com.byl.mvpdemo.ui.main.RecyclerView,int,int]",dy,2
/home/arch_design_predict/download-github-repos/mvp/repos/MVP-Retrofit-RxJava-master/app/src/main/java/com/byl/mvpdemo/ui/main/FragmentTab1.java,com.byl.mvpdemo.ui.main.FragmentTab1$Anonymous1,"onScrolled/3[com.byl.mvpdemo.ui.main.RecyclerView,int,int]",recyclerView,1
/home/arch_design_predict/download-github-repos/mvp/repos/MVP-Retrofit-RxJava-master/app/src/main/java/com/byl/mvpdemo/view/pullrecyclerview/RefreshAnimView.java,com.byl.mvpdemo.view.pullrecyclerview.RefreshAnimView,"RefreshAnimView/3[com.byl.mvpdemo.view.pullrecyclerview.Context,com.byl.mvpdemo.view.pullrecyclerview.AttributeSet,int]",context,1
/home/arch_design_predict/download-github-repos/mvp/repos/MVP-Retrofit-RxJava-master/app/src/main/java/com/byl/mvpdemo/view/pullrecyclerview/RefreshAnimView.java,com.byl.mvpdemo.view.pullrecyclerview.RefreshAnimView,"RefreshAnimView/3[com.byl.mvpdemo.view.pullrecyclerview.Context,com.byl.mvpdemo.view.pullrecyclerview.AttributeSet,int]",defStyle,1
/home/arch_design_predict/download-github-repos/mvp/repos/MVP-Retrofit-RxJava-master/app/src/main/java/com/byl/mvpdemo/view/pullrecyclerview/RefreshAnimView.java,com.byl.mvpdemo.view.pullrecyclerview.RefreshAnimView,"RefreshAnimView/3[com.byl.mvpdemo.view.pullrecyclerview.Context,com.byl.mvpdemo.view.pullrecyclerview.AttributeSet,int]",attrs,1
/home/arch_design_predict/download-github-repos/mvp/repos/MVP-Retrofit-RxJava-master/app/src/main/java/com/byl/mvpdemo/view/pullrecyclerview/RefreshAnimView.java,com.byl.mvpdemo.view.pullrecyclerview.RefreshAnimView,"onMeasure/2[int,int]",heightMeasureSpec,1
/home/arch_design_predict/download-github-repos/mvp/repos/MVP-Retrofit-RxJava-master/app/src/main/java/com/byl/mvpdemo/view/pullrecyclerview/RefreshAnimView.java,com.byl.mvpdemo.view.pullrecyclerview.RefreshAnimView,"onMeasure/2[int,int]",widthMeasureSpec,1
/home/arch_design_predict/download-github-repos/mvp/repos/MVP-Retrofit-RxJava-master/app/src/main/java/com/byl/mvpdemo/view/pullrecyclerview/RefreshAnimView.java,com.byl.mvpdemo.view.pullrecyclerview.RefreshAnimView,onDraw/1[com.byl.mvpdemo.view.pullrecyclerview.Canvas],canvas,3
/home/arch_design_predict/download-github-repos/mvp/repos/MVP-Retrofit-RxJava-master/app/src/main/java/com/byl/mvpdemo/view/pullrecyclerview/RefreshAnimView.java,com.byl.mvpdemo.view.pullrecyclerview.RefreshAnimView,"RefreshAnimView/2[com.byl.mvpdemo.view.pullrecyclerview.Context,com.byl.mvpdemo.view.pullrecyclerview.AttributeSet]",context,1
/home/arch_design_predict/download-github-repos/mvp/repos/MVP-Retrofit-RxJava-master/app/src/main/java/com/byl/mvpdemo/view/pullrecyclerview/RefreshAnimView.java,com.byl.mvpdemo.view.pullrecyclerview.RefreshAnimView,"RefreshAnimView/2[com.byl.mvpdemo.view.pullrecyclerview.Context,com.byl.mvpdemo.view.pullrecyclerview.AttributeSet]",attrs,1
/home/arch_design_predict/download-github-repos/mvp/repos/MVP-Retrofit-RxJava-master/app/src/main/java/com/byl/mvpdemo/view/pullrecyclerview/RefreshAnimView.java,com.byl.mvpdemo.view.pullrecyclerview.RefreshAnimView,measureHeight/1[int],result,5
/home/arch_design_predict/download-github-repos/mvp/repos/MVP-Retrofit-RxJava-master/app/src/main/java/com/byl/mvpdemo/view/pullrecyclerview/RefreshAnimView.java,com.byl.mvpdemo.view.pullrecyclerview.RefreshAnimView,measureHeight/1[int],mode,2
/home/arch_design_predict/download-github-repos/mvp/repos/MVP-Retrofit-RxJava-master/app/src/main/java/com/byl/mvpdemo/view/pullrecyclerview/RefreshAnimView.java,com.byl.mvpdemo.view.pullrecyclerview.RefreshAnimView,measureHeight/1[int],heightMeasureSpec,2
/home/arch_design_predict/download-github-repos/mvp/repos/MVP-Retrofit-RxJava-master/app/src/main/java/com/byl/mvpdemo/view/pullrecyclerview/RefreshAnimView.java,com.byl.mvpdemo.view.pullrecyclerview.RefreshAnimView,measureHeight/1[int],size,2
/home/arch_design_predict/download-github-repos/mvp/repos/MVP-Retrofit-RxJava-master/app/src/main/java/com/byl/mvpdemo/view/pullrecyclerview/RefreshAnimView.java,com.byl.mvpdemo.view.pullrecyclerview.RefreshAnimView,RefreshAnimView/1[com.byl.mvpdemo.view.pullrecyclerview.Context],context,1
/home/arch_design_predict/download-github-repos/mvp/repos/MVP-Retrofit-RxJava-master/app/src/main/java/com/byl/mvpdemo/view/pullrecyclerview/RefreshAnimView.java,com.byl.mvpdemo.view.pullrecyclerview.RefreshAnimView,"onSizeChanged/4[int,int,int,int]",oldw,1
/home/arch_design_predict/download-github-repos/mvp/repos/MVP-Retrofit-RxJava-master/app/src/main/java/com/byl/mvpdemo/view/pullrecyclerview/RefreshAnimView.java,com.byl.mvpdemo.view.pullrecyclerview.RefreshAnimView,"onSizeChanged/4[int,int,int,int]",oldh,1
/home/arch_design_predict/download-github-repos/mvp/repos/MVP-Retrofit-RxJava-master/app/src/main/java/com/byl/mvpdemo/view/pullrecyclerview/RefreshAnimView.java,com.byl.mvpdemo.view.pullrecyclerview.RefreshAnimView,"onSizeChanged/4[int,int,int,int]",w,2
/home/arch_design_predict/download-github-repos/mvp/repos/MVP-Retrofit-RxJava-master/app/src/main/java/com/byl/mvpdemo/view/pullrecyclerview/RefreshAnimView.java,com.byl.mvpdemo.view.pullrecyclerview.RefreshAnimView,"onSizeChanged/4[int,int,int,int]",h,2
/home/arch_design_predict/download-github-repos/mvp/repos/MVP-Retrofit-RxJava-master/app/src/main/java/com/byl/mvpdemo/view/pullrecyclerview/RefreshAnimView.java,com.byl.mvpdemo.view.pullrecyclerview.RefreshAnimView,measureWidth/1[int],result,5
/home/arch_design_predict/download-github-repos/mvp/repos/MVP-Retrofit-RxJava-master/app/src/main/java/com/byl/mvpdemo/view/pullrecyclerview/RefreshAnimView.java,com.byl.mvpdemo.view.pullrecyclerview.RefreshAnimView,measureWidth/1[int],mode,2
/home/arch_design_predict/download-github-repos/mvp/repos/MVP-Retrofit-RxJava-master/app/src/main/java/com/byl/mvpdemo/view/pullrecyclerview/RefreshAnimView.java,com.byl.mvpdemo.view.pullrecyclerview.RefreshAnimView,measureWidth/1[int],size,2
/home/arch_design_predict/download-github-repos/mvp/repos/MVP-Retrofit-RxJava-master/app/src/main/java/com/byl/mvpdemo/view/pullrecyclerview/RefreshAnimView.java,com.byl.mvpdemo.view.pullrecyclerview.RefreshAnimView,measureWidth/1[int],widthMeasureSpec,2
/home/arch_design_predict/download-github-repos/mvp/repos/MVP-Retrofit-RxJava-master/app/src/main/java/com/byl/mvpdemo/view/pullrecyclerview/RefreshAnimView.java,com.byl.mvpdemo.view.pullrecyclerview.RefreshAnimView,setCurrentProgress/1[float],currentProgress,2
/home/arch_design_predict/download-github-repos/mvp/repos/MVP-Retrofit-RxJava-master/app/src/main/java/com/byl/mvpdemo/presenter/ImagesPresenter.java,com.byl.mvpdemo.presenter.ImagesPresenter$Anonymous1,onError/1[java.lang.Throwable],e,2
/home/arch_design_predict/download-github-repos/mvp/repos/MVP-Retrofit-RxJava-master/app/src/main/java/com/byl/mvpdemo/presenter/ImagesPresenter.java,com.byl.mvpdemo.presenter.ImagesPresenter$Anonymous1,onNext/1[com.byl.mvpdemo.model.modelbean.NewsBean],newsBean,10
/home/arch_design_predict/download-github-repos/mvp/repos/MVP-Retrofit-RxJava-master/app/src/main/java/com/byl/mvpdemo/adapter/BaseAdapter.java,com.byl.mvpdemo.adapter.BaseAdapter$OnItemLongClickListener,onItemLongClick/1[int],position,0
/home/arch_design_predict/download-github-repos/mvp/repos/MVP-Retrofit-RxJava-master/app/src/main/java/com/byl/mvpdemo/ui/login/LoginActivity.java,com.byl.mvpdemo.ui.login.LoginActivity,loginFail/1[java.lang.String],message,1
/home/arch_design_predict/download-github-repos/mvp/repos/MVP-Retrofit-RxJava-master/app/src/main/java/com/byl/mvpdemo/ui/login/LoginActivity.java,com.byl.mvpdemo.ui.login.LoginActivity,loginSuccess/1[com.byl.mvpdemo.model.modelbean.LoginBean],loginBean,0
/home/arch_design_predict/download-github-repos/mvp/repos/MVP-Retrofit-RxJava-master/app/src/main/java/com/byl/mvpdemo/ui/login/LoginActivity.java,com.byl.mvpdemo.ui.login.LoginActivity,doLogin/0,pwd,1
/home/arch_design_predict/download-github-repos/mvp/repos/MVP-Retrofit-RxJava-master/app/src/main/java/com/byl/mvpdemo/ui/login/LoginActivity.java,com.byl.mvpdemo.ui.login.LoginActivity,doLogin/0,account,2
/home/arch_design_predict/download-github-repos/mvp/repos/MVP-Retrofit-RxJava-master/app/src/main/java/com/byl/mvpdemo/ui/login/LoginActivity.java,com.byl.mvpdemo.ui.login.LoginActivity,onClick/1[com.byl.mvpdemo.ui.login.View],v,2
/home/arch_design_predict/download-github-repos/mvp/repos/MVP-Retrofit-RxJava-master/app/src/main/java/com/byl/mvpdemo/model/mvpview/ImagesMvpView.java,com.byl.mvpdemo.model.mvpview.ImagesMvpView,refreshSuccess/1[com.byl.mvpdemo.model.modelbean.NewsBean],newsBean,0
/home/arch_design_predict/download-github-repos/mvp/repos/MVP-Retrofit-RxJava-master/app/src/main/java/com/byl/mvpdemo/model/mvpview/ImagesMvpView.java,com.byl.mvpdemo.model.mvpview.ImagesMvpView,loadMoreSuccess/1[com.byl.mvpdemo.model.modelbean.NewsBean],newsBean,0
/home/arch_design_predict/download-github-repos/mvp/repos/MVP-Retrofit-RxJava-master/app/src/main/java/com/byl/mvpdemo/model/mvpview/ImagesMvpView.java,com.byl.mvpdemo.model.mvpview.ImagesMvpView,fail/1[java.lang.String],message,0
/home/arch_design_predict/download-github-repos/mvp/repos/MVP-Retrofit-RxJava-master/app/src/main/java/com/byl/mvpdemo/adapter/ImagesAdapter.java,com.byl.mvpdemo.adapter.ImagesAdapter,"ImagesAdapter/3[com.byl.mvpdemo.adapter.Context,java.util.List<java.lang.Object>,com.byl.mvpdemo.adapter.BaseAdapter.OnViewClickListener]",onViewClickListener,1
/home/arch_design_predict/download-github-repos/mvp/repos/MVP-Retrofit-RxJava-master/app/src/main/java/com/byl/mvpdemo/adapter/ImagesAdapter.java,com.byl.mvpdemo.adapter.ImagesAdapter,"ImagesAdapter/3[com.byl.mvpdemo.adapter.Context,java.util.List<java.lang.Object>,com.byl.mvpdemo.adapter.BaseAdapter.OnViewClickListener]",context,1
/home/arch_design_predict/download-github-repos/mvp/repos/MVP-Retrofit-RxJava-master/app/src/main/java/com/byl/mvpdemo/adapter/ImagesAdapter.java,com.byl.mvpdemo.adapter.ImagesAdapter,"ImagesAdapter/3[com.byl.mvpdemo.adapter.Context,java.util.List<java.lang.Object>,com.byl.mvpdemo.adapter.BaseAdapter.OnViewClickListener]",listDatas,1
/home/arch_design_predict/download-github-repos/mvp/repos/MVP-Retrofit-RxJava-master/app/src/main/java/com/byl/mvpdemo/adapter/ImagesAdapter.java,com.byl.mvpdemo.adapter.ImagesAdapter,"onCreateViewHolder/2[com.byl.mvpdemo.adapter.ViewGroup,int]",parent,1
/home/arch_design_predict/download-github-repos/mvp/repos/MVP-Retrofit-RxJava-master/app/src/main/java/com/byl/mvpdemo/adapter/ImagesAdapter.java,com.byl.mvpdemo.adapter.ImagesAdapter,"onCreateViewHolder/2[com.byl.mvpdemo.adapter.ViewGroup,int]",viewType,0
/home/arch_design_predict/download-github-repos/mvp/repos/MVP-Retrofit-RxJava-master/app/src/main/java/com/byl/mvpdemo/adapter/ImagesAdapter.java,com.byl.mvpdemo.adapter.ImagesAdapter,getItemViewType/1[int],position,1
/home/arch_design_predict/download-github-repos/mvp/repos/MVP-Retrofit-RxJava-master/app/src/main/java/com/byl/mvpdemo/adapter/ImagesAdapter.java,com.byl.mvpdemo.adapter.ImagesAdapter,"onBindViewHolder/2[com.byl.mvpdemo.adapter.ImagesAdapter.MyViewHolder,int]",news,3
/home/arch_design_predict/download-github-repos/mvp/repos/MVP-Retrofit-RxJava-master/app/src/main/java/com/byl/mvpdemo/adapter/ImagesAdapter.java,com.byl.mvpdemo.adapter.ImagesAdapter,"onBindViewHolder/2[com.byl.mvpdemo.adapter.ImagesAdapter.MyViewHolder,int]",holder,5
/home/arch_design_predict/download-github-repos/mvp/repos/MVP-Retrofit-RxJava-master/app/src/main/java/com/byl/mvpdemo/adapter/ImagesAdapter.java,com.byl.mvpdemo.adapter.ImagesAdapter,"onBindViewHolder/2[com.byl.mvpdemo.adapter.ImagesAdapter.MyViewHolder,int]",position,3
/home/arch_design_predict/download-github-repos/mvp/repos/MVP-Retrofit-RxJava-master/app/src/main/java/com/byl/mvpdemo/model/modelbean/News.java,com.byl.mvpdemo.model.modelbean.News,setPicUrl/1[java.lang.String],picUrl,2
/home/arch_design_predict/download-github-repos/mvp/repos/MVP-Retrofit-RxJava-master/app/src/main/java/com/byl/mvpdemo/model/modelbean/News.java,com.byl.mvpdemo.model.modelbean.News,setCtime/1[java.lang.String],ctime,2
/home/arch_design_predict/download-github-repos/mvp/repos/MVP-Retrofit-RxJava-master/app/src/main/java/com/byl/mvpdemo/model/modelbean/News.java,com.byl.mvpdemo.model.modelbean.News,setTitle/1[java.lang.String],title,2
/home/arch_design_predict/download-github-repos/mvp/repos/MVP-Retrofit-RxJava-master/app/src/main/java/com/byl/mvpdemo/model/modelbean/News.java,com.byl.mvpdemo.model.modelbean.News,setDescription/1[java.lang.String],description,2
/home/arch_design_predict/download-github-repos/mvp/repos/MVP-Retrofit-RxJava-master/app/src/main/java/com/byl/mvpdemo/model/modelbean/News.java,com.byl.mvpdemo.model.modelbean.News,setUrl/1[java.lang.String],url,2
/home/arch_design_predict/download-github-repos/mvp/repos/MVP-Retrofit-RxJava-master/app/src/main/java/com/byl/mvpdemo/view/pullrecyclerview/PullBaseView.java,com.byl.mvpdemo.view.pullrecyclerview.PullBaseView$OnHeaderRefreshListener,onHeaderRefresh/1[com.byl.mvpdemo.view.pullrecyclerview.PullBaseView],view,0
/home/arch_design_predict/download-github-repos/mvp/repos/MVP-Retrofit-RxJava-master/app/src/main/java/com/byl/mvpdemo/view/pullrecyclerview/RefreshLoadingView.java,com.byl.mvpdemo.view.pullrecyclerview.RefreshLoadingView,measureWidth/1[int],result,5
/home/arch_design_predict/download-github-repos/mvp/repos/MVP-Retrofit-RxJava-master/app/src/main/java/com/byl/mvpdemo/view/pullrecyclerview/RefreshLoadingView.java,com.byl.mvpdemo.view.pullrecyclerview.RefreshLoadingView,measureWidth/1[int],mode,2
/home/arch_design_predict/download-github-repos/mvp/repos/MVP-Retrofit-RxJava-master/app/src/main/java/com/byl/mvpdemo/view/pullrecyclerview/RefreshLoadingView.java,com.byl.mvpdemo.view.pullrecyclerview.RefreshLoadingView,measureWidth/1[int],size,2
/home/arch_design_predict/download-github-repos/mvp/repos/MVP-Retrofit-RxJava-master/app/src/main/java/com/byl/mvpdemo/view/pullrecyclerview/RefreshLoadingView.java,com.byl.mvpdemo.view.pullrecyclerview.RefreshLoadingView,measureWidth/1[int],widthMeasureSpec,2
/home/arch_design_predict/download-github-repos/mvp/repos/MVP-Retrofit-RxJava-master/app/src/main/java/com/byl/mvpdemo/view/pullrecyclerview/RefreshLoadingView.java,com.byl.mvpdemo.view.pullrecyclerview.RefreshLoadingView,"onMeasure/2[int,int]",heightMeasureSpec,1
/home/arch_design_predict/download-github-repos/mvp/repos/MVP-Retrofit-RxJava-master/app/src/main/java/com/byl/mvpdemo/view/pullrecyclerview/RefreshLoadingView.java,com.byl.mvpdemo.view.pullrecyclerview.RefreshLoadingView,"onMeasure/2[int,int]",widthMeasureSpec,1
/home/arch_design_predict/download-github-repos/mvp/repos/MVP-Retrofit-RxJava-master/app/src/main/java/com/byl/mvpdemo/view/pullrecyclerview/RefreshLoadingView.java,com.byl.mvpdemo.view.pullrecyclerview.RefreshLoadingView,"RefreshLoadingView/2[com.byl.mvpdemo.view.pullrecyclerview.Context,com.byl.mvpdemo.view.pullrecyclerview.AttributeSet]",context,1
/home/arch_design_predict/download-github-repos/mvp/repos/MVP-Retrofit-RxJava-master/app/src/main/java/com/byl/mvpdemo/view/pullrecyclerview/RefreshLoadingView.java,com.byl.mvpdemo.view.pullrecyclerview.RefreshLoadingView,"RefreshLoadingView/2[com.byl.mvpdemo.view.pullrecyclerview.Context,com.byl.mvpdemo.view.pullrecyclerview.AttributeSet]",attrs,1
/home/arch_design_predict/download-github-repos/mvp/repos/MVP-Retrofit-RxJava-master/app/src/main/java/com/byl/mvpdemo/view/pullrecyclerview/RefreshLoadingView.java,com.byl.mvpdemo.view.pullrecyclerview.RefreshLoadingView,RefreshLoadingView/1[com.byl.mvpdemo.view.pullrecyclerview.Context],context,1
/home/arch_design_predict/download-github-repos/mvp/repos/MVP-Retrofit-RxJava-master/app/src/main/java/com/byl/mvpdemo/view/pullrecyclerview/RefreshLoadingView.java,com.byl.mvpdemo.view.pullrecyclerview.RefreshLoadingView,"RefreshLoadingView/3[com.byl.mvpdemo.view.pullrecyclerview.Context,com.byl.mvpdemo.view.pullrecyclerview.AttributeSet,int]",context,1
/home/arch_design_predict/download-github-repos/mvp/repos/MVP-Retrofit-RxJava-master/app/src/main/java/com/byl/mvpdemo/view/pullrecyclerview/RefreshLoadingView.java,com.byl.mvpdemo.view.pullrecyclerview.RefreshLoadingView,"RefreshLoadingView/3[com.byl.mvpdemo.view.pullrecyclerview.Context,com.byl.mvpdemo.view.pullrecyclerview.AttributeSet,int]",defStyle,1
/home/arch_design_predict/download-github-repos/mvp/repos/MVP-Retrofit-RxJava-master/app/src/main/java/com/byl/mvpdemo/view/pullrecyclerview/RefreshLoadingView.java,com.byl.mvpdemo.view.pullrecyclerview.RefreshLoadingView,"RefreshLoadingView/3[com.byl.mvpdemo.view.pullrecyclerview.Context,com.byl.mvpdemo.view.pullrecyclerview.AttributeSet,int]",attrs,1
/home/arch_design_predict/download-github-repos/mvp/repos/MVP-Retrofit-RxJava-master/app/src/main/java/com/byl/mvpdemo/view/pullrecyclerview/RefreshLoadingView.java,com.byl.mvpdemo.view.pullrecyclerview.RefreshLoadingView,measureHeight/1[int],result,5
/home/arch_design_predict/download-github-repos/mvp/repos/MVP-Retrofit-RxJava-master/app/src/main/java/com/byl/mvpdemo/view/pullrecyclerview/RefreshLoadingView.java,com.byl.mvpdemo.view.pullrecyclerview.RefreshLoadingView,measureHeight/1[int],mode,2
/home/arch_design_predict/download-github-repos/mvp/repos/MVP-Retrofit-RxJava-master/app/src/main/java/com/byl/mvpdemo/view/pullrecyclerview/RefreshLoadingView.java,com.byl.mvpdemo.view.pullrecyclerview.RefreshLoadingView,measureHeight/1[int],heightMeasureSpec,2
/home/arch_design_predict/download-github-repos/mvp/repos/MVP-Retrofit-RxJava-master/app/src/main/java/com/byl/mvpdemo/view/pullrecyclerview/RefreshLoadingView.java,com.byl.mvpdemo.view.pullrecyclerview.RefreshLoadingView,measureHeight/1[int],size,2
/home/arch_design_predict/download-github-repos/mvp/repos/MVP-Retrofit-RxJava-master/app/src/main/java/com/byl/mvpdemo/model/modelbean/NewsBean.java,com.byl.mvpdemo.model.modelbean.NewsBean,setShowapi_res_body/1[com.byl.mvpdemo.model.modelbean.NewsModel],showapi_res_body,2
/home/arch_design_predict/download-github-repos/mvp/repos/MVP-Retrofit-RxJava-master/app/src/main/java/com/byl/mvpdemo/ui/main/MainActivity.java,com.byl.mvpdemo.ui.main.MainActivity,setupTabLayout/0,tab,1
/home/arch_design_predict/download-github-repos/mvp/repos/MVP-Retrofit-RxJava-master/app/src/main/java/com/byl/mvpdemo/ui/main/MainActivity.java,com.byl.mvpdemo.ui.main.MainActivity,setupTabLayout/0,i,4
/home/arch_design_predict/download-github-repos/mvp/repos/MVP-Retrofit-RxJava-master/app/src/main/java/com/byl/mvpdemo/view/MyLinearLayoutManager.java,com.byl.mvpdemo.view.MyLinearLayoutManager,"onMeasure/4[RecyclerView.Recycler,RecyclerView.State,int,int]",widthMode,1
/home/arch_design_predict/download-github-repos/mvp/repos/MVP-Retrofit-RxJava-master/app/src/main/java/com/byl/mvpdemo/view/MyLinearLayoutManager.java,com.byl.mvpdemo.view.MyLinearLayoutManager,"onMeasure/4[RecyclerView.Recycler,RecyclerView.State,int,int]",heightSpec,2
/home/arch_design_predict/download-github-repos/mvp/repos/MVP-Retrofit-RxJava-master/app/src/main/java/com/byl/mvpdemo/view/MyLinearLayoutManager.java,com.byl.mvpdemo.view.MyLinearLayoutManager,"onMeasure/4[RecyclerView.Recycler,RecyclerView.State,int,int]",heightMode,1
/home/arch_design_predict/download-github-repos/mvp/repos/MVP-Retrofit-RxJava-master/app/src/main/java/com/byl/mvpdemo/view/MyLinearLayoutManager.java,com.byl.mvpdemo.view.MyLinearLayoutManager,"onMeasure/4[RecyclerView.Recycler,RecyclerView.State,int,int]",width,5
/home/arch_design_predict/download-github-repos/mvp/repos/MVP-Retrofit-RxJava-master/app/src/main/java/com/byl/mvpdemo/view/MyLinearLayoutManager.java,com.byl.mvpdemo.view.MyLinearLayoutManager,"onMeasure/4[RecyclerView.Recycler,RecyclerView.State,int,int]",i,7
/home/arch_design_predict/download-github-repos/mvp/repos/MVP-Retrofit-RxJava-master/app/src/main/java/com/byl/mvpdemo/view/MyLinearLayoutManager.java,com.byl.mvpdemo.view.MyLinearLayoutManager,"onMeasure/4[RecyclerView.Recycler,RecyclerView.State,int,int]",widthSize,1
/home/arch_design_predict/download-github-repos/mvp/repos/MVP-Retrofit-RxJava-master/app/src/main/java/com/byl/mvpdemo/view/MyLinearLayoutManager.java,com.byl.mvpdemo.view.MyLinearLayoutManager,"onMeasure/4[RecyclerView.Recycler,RecyclerView.State,int,int]",state,0
/home/arch_design_predict/download-github-repos/mvp/repos/MVP-Retrofit-RxJava-master/app/src/main/java/com/byl/mvpdemo/view/MyLinearLayoutManager.java,com.byl.mvpdemo.view.MyLinearLayoutManager,"onMeasure/4[RecyclerView.Recycler,RecyclerView.State,int,int]",widthSpec,2
/home/arch_design_predict/download-github-repos/mvp/repos/MVP-Retrofit-RxJava-master/app/src/main/java/com/byl/mvpdemo/view/MyLinearLayoutManager.java,com.byl.mvpdemo.view.MyLinearLayoutManager,"onMeasure/4[RecyclerView.Recycler,RecyclerView.State,int,int]",heightSize,1
/home/arch_design_predict/download-github-repos/mvp/repos/MVP-Retrofit-RxJava-master/app/src/main/java/com/byl/mvpdemo/view/MyLinearLayoutManager.java,com.byl.mvpdemo.view.MyLinearLayoutManager,"onMeasure/4[RecyclerView.Recycler,RecyclerView.State,int,int]",recycler,1
/home/arch_design_predict/download-github-repos/mvp/repos/MVP-Retrofit-RxJava-master/app/src/main/java/com/byl/mvpdemo/view/MyLinearLayoutManager.java,com.byl.mvpdemo.view.MyLinearLayoutManager,"onMeasure/4[RecyclerView.Recycler,RecyclerView.State,int,int]",height,5
/home/arch_design_predict/download-github-repos/mvp/repos/MVP-Retrofit-RxJava-master/app/src/main/java/com/byl/mvpdemo/view/MyLinearLayoutManager.java,com.byl.mvpdemo.view.MyLinearLayoutManager,MyLinearLayoutManager/1[com.byl.mvpdemo.view.Context],context,1
/home/arch_design_predict/download-github-repos/mvp/repos/MVP-Retrofit-RxJava-master/app/src/main/java/com/byl/mvpdemo/view/MyLinearLayoutManager.java,com.byl.mvpdemo.view.MyLinearLayoutManager,"MyLinearLayoutManager/3[com.byl.mvpdemo.view.Context,int,boolean]",orientation,1
/home/arch_design_predict/download-github-repos/mvp/repos/MVP-Retrofit-RxJava-master/app/src/main/java/com/byl/mvpdemo/view/MyLinearLayoutManager.java,com.byl.mvpdemo.view.MyLinearLayoutManager,"MyLinearLayoutManager/3[com.byl.mvpdemo.view.Context,int,boolean]",reverseLayout,1
/home/arch_design_predict/download-github-repos/mvp/repos/MVP-Retrofit-RxJava-master/app/src/main/java/com/byl/mvpdemo/view/MyLinearLayoutManager.java,com.byl.mvpdemo.view.MyLinearLayoutManager,"MyLinearLayoutManager/3[com.byl.mvpdemo.view.Context,int,boolean]",context,1
/home/arch_design_predict/download-github-repos/mvp/repos/MVP-Retrofit-RxJava-master/app/src/main/java/com/byl/mvpdemo/view/MyLinearLayoutManager.java,com.byl.mvpdemo.view.MyLinearLayoutManager,"measureScrapChild/5[RecyclerView.Recycler,int,int,int,int[]]",p,6
/home/arch_design_predict/download-github-repos/mvp/repos/MVP-Retrofit-RxJava-master/app/src/main/java/com/byl/mvpdemo/view/MyLinearLayoutManager.java,com.byl.mvpdemo.view.MyLinearLayoutManager,"measureScrapChild/5[RecyclerView.Recycler,int,int,int,int[]]",view,6
/home/arch_design_predict/download-github-repos/mvp/repos/MVP-Retrofit-RxJava-master/app/src/main/java/com/byl/mvpdemo/view/MyLinearLayoutManager.java,com.byl.mvpdemo.view.MyLinearLayoutManager,"measureScrapChild/5[RecyclerView.Recycler,int,int,int,int[]]",childWidthSpec,1
/home/arch_design_predict/download-github-repos/mvp/repos/MVP-Retrofit-RxJava-master/app/src/main/java/com/byl/mvpdemo/view/MyLinearLayoutManager.java,com.byl.mvpdemo.view.MyLinearLayoutManager,"measureScrapChild/5[RecyclerView.Recycler,int,int,int,int[]]",e,1
/home/arch_design_predict/download-github-repos/mvp/repos/MVP-Retrofit-RxJava-master/app/src/main/java/com/byl/mvpdemo/view/MyLinearLayoutManager.java,com.byl.mvpdemo.view.MyLinearLayoutManager,"measureScrapChild/5[RecyclerView.Recycler,int,int,int,int[]]",heightSpec,1
/home/arch_design_predict/download-github-repos/mvp/repos/MVP-Retrofit-RxJava-master/app/src/main/java/com/byl/mvpdemo/view/MyLinearLayoutManager.java,com.byl.mvpdemo.view.MyLinearLayoutManager,"measureScrapChild/5[RecyclerView.Recycler,int,int,int,int[]]",measuredDimension,2
/home/arch_design_predict/download-github-repos/mvp/repos/MVP-Retrofit-RxJava-master/app/src/main/java/com/byl/mvpdemo/view/MyLinearLayoutManager.java,com.byl.mvpdemo.view.MyLinearLayoutManager,"measureScrapChild/5[RecyclerView.Recycler,int,int,int,int[]]",position,0
/home/arch_design_predict/download-github-repos/mvp/repos/MVP-Retrofit-RxJava-master/app/src/main/java/com/byl/mvpdemo/view/MyLinearLayoutManager.java,com.byl.mvpdemo.view.MyLinearLayoutManager,"measureScrapChild/5[RecyclerView.Recycler,int,int,int,int[]]",widthSpec,1
/home/arch_design_predict/download-github-repos/mvp/repos/MVP-Retrofit-RxJava-master/app/src/main/java/com/byl/mvpdemo/view/MyLinearLayoutManager.java,com.byl.mvpdemo.view.MyLinearLayoutManager,"measureScrapChild/5[RecyclerView.Recycler,int,int,int,int[]]",recycler,2
/home/arch_design_predict/download-github-repos/mvp/repos/MVP-Retrofit-RxJava-master/app/src/main/java/com/byl/mvpdemo/view/MyLinearLayoutManager.java,com.byl.mvpdemo.view.MyLinearLayoutManager,"measureScrapChild/5[RecyclerView.Recycler,int,int,int,int[]]",childHeightSpec,1
/home/arch_design_predict/download-github-repos/mvp/repos/MVP-Retrofit-RxJava-master/app/src/main/java/com/byl/mvpdemo/adapter/BaseAdapter.java,com.byl.mvpdemo.adapter.BaseAdapter$Anonymous1,onClick/1[com.byl.mvpdemo.adapter.View],v,0
/home/arch_design_predict/download-github-repos/mvp/repos/MVP-Retrofit-RxJava-master/app/src/main/java/com/byl/mvpdemo/presenter/LoginPresenter.java,com.byl.mvpdemo.presenter.LoginPresenter,attachView/1[com.byl.mvpdemo.model.mvpview.LoginMvpView],mvpView,1
/home/arch_design_predict/download-github-repos/mvp/repos/MVP-Retrofit-RxJava-master/app/src/main/java/com/byl/mvpdemo/presenter/LoginPresenter.java,com.byl.mvpdemo.presenter.LoginPresenter,login/1[java.lang.String],account,1
/home/arch_design_predict/download-github-repos/mvp/repos/MVP-Retrofit-RxJava-master/app/src/main/java/com/byl/mvpdemo/presenter/LoginPresenter.java,com.byl.mvpdemo.presenter.LoginPresenter,LoginPresenter/1[com.byl.mvpdemo.presenter.Context],context,2
/home/arch_design_predict/download-github-repos/mvp/repos/MVP-Retrofit-RxJava-master/app/src/main/java/com/byl/mvpdemo/adapter/NewsAdapter.java,com.byl.mvpdemo.adapter.NewsAdapter$Anonymous1,"destroyItem/3[com.byl.mvpdemo.adapter.ViewGroup,int,java.lang.Object]",arg2,1
/home/arch_design_predict/download-github-repos/mvp/repos/MVP-Retrofit-RxJava-master/app/src/main/java/com/byl/mvpdemo/adapter/NewsAdapter.java,com.byl.mvpdemo.adapter.NewsAdapter$Anonymous1,"destroyItem/3[com.byl.mvpdemo.adapter.ViewGroup,int,java.lang.Object]",arg1,0
/home/arch_design_predict/download-github-repos/mvp/repos/MVP-Retrofit-RxJava-master/app/src/main/java/com/byl/mvpdemo/adapter/NewsAdapter.java,com.byl.mvpdemo.adapter.NewsAdapter$Anonymous1,"destroyItem/3[com.byl.mvpdemo.adapter.ViewGroup,int,java.lang.Object]",arg0,1
/home/arch_design_predict/download-github-repos/mvp/repos/MVP-Retrofit-RxJava-master/app/src/main/java/com/byl/mvpdemo/adapter/NewsAdapter.java,com.byl.mvpdemo.adapter.NewsAdapter$Anonymous1,"isViewFromObject/2[com.byl.mvpdemo.adapter.View,java.lang.Object]",view,1
/home/arch_design_predict/download-github-repos/mvp/repos/MVP-Retrofit-RxJava-master/app/src/main/java/com/byl/mvpdemo/adapter/NewsAdapter.java,com.byl.mvpdemo.adapter.NewsAdapter$Anonymous1,"isViewFromObject/2[com.byl.mvpdemo.adapter.View,java.lang.Object]",object,1
/home/arch_design_predict/download-github-repos/mvp/repos/MVP-Retrofit-RxJava-master/app/src/main/java/com/byl/mvpdemo/adapter/NewsAdapter.java,com.byl.mvpdemo.adapter.NewsAdapter$Anonymous1,"instantiateItem/2[com.byl.mvpdemo.adapter.ViewGroup,int]",arg1,2
/home/arch_design_predict/download-github-repos/mvp/repos/MVP-Retrofit-RxJava-master/app/src/main/java/com/byl/mvpdemo/adapter/NewsAdapter.java,com.byl.mvpdemo.adapter.NewsAdapter$Anonymous1,"instantiateItem/2[com.byl.mvpdemo.adapter.ViewGroup,int]",arg0,1
/home/arch_design_predict/download-github-repos/mvp/repos/MVP-Retrofit-RxJava-master/app/src/main/java/com/byl/mvpdemo/adapter/BaseAdapter.java,com.byl.mvpdemo.adapter.BaseAdapter$Anonymous2,onLongClick/1[com.byl.mvpdemo.adapter.View],v,0
/home/arch_design_predict/download-github-repos/mvp/repos/MVP-Retrofit-RxJava-master/app/src/main/java/com/byl/mvpdemo/model/modelbean/NewsModel.java,com.byl.mvpdemo.model.modelbean.NewsModel,setNewslist/1[java.util.List<com.byl.mvpdemo.model.modelbean.News>],newslist,2
/home/arch_design_predict/download-github-repos/mvp/repos/MVP-Retrofit-RxJava-master/app/src/main/java/com/byl/mvpdemo/model/modelbean/NewsModel.java,com.byl.mvpdemo.model.modelbean.NewsModel,setCode/1[java.lang.String],code,2
/home/arch_design_predict/download-github-repos/mvp/repos/MVP-Retrofit-RxJava-master/app/src/main/java/com/byl/mvpdemo/model/modelbean/NewsModel.java,com.byl.mvpdemo.model.modelbean.NewsModel,setMsg/1[java.lang.String],msg,2
/home/arch_design_predict/download-github-repos/mvp/repos/MVP-Retrofit-RxJava-master/app/src/main/java/com/byl/mvpdemo/model/mvpview/NewsMvpView.java,com.byl.mvpdemo.model.mvpview.NewsMvpView,refreshSuccess/1[com.byl.mvpdemo.model.modelbean.NewsBean],newsBean,0
/home/arch_design_predict/download-github-repos/mvp/repos/MVP-Retrofit-RxJava-master/app/src/main/java/com/byl/mvpdemo/model/mvpview/NewsMvpView.java,com.byl.mvpdemo.model.mvpview.NewsMvpView,loadMoreSuccess/1[com.byl.mvpdemo.model.modelbean.NewsBean],newsBean,0
/home/arch_design_predict/download-github-repos/mvp/repos/MVP-Retrofit-RxJava-master/app/src/main/java/com/byl/mvpdemo/model/mvpview/NewsMvpView.java,com.byl.mvpdemo.model.mvpview.NewsMvpView,fail/1[java.lang.String],message,0
/home/arch_design_predict/download-github-repos/mvp/repos/MVP-Retrofit-RxJava-master/app/src/main/java/com/byl/mvpdemo/ui/main/adapter/FragmentVedioAdapter.java,com.byl.mvpdemo.ui.main.adapter.FragmentVedioAdapter,"FragmentVedioAdapter/4[com.byl.mvpdemo.ui.main.adapter.Context,com.byl.mvpdemo.ui.main.adapter.FragmentManager,com.byl.mvpdemo.ui.main.adapter.Fragment[],java.lang.String[]]",fm,1
/home/arch_design_predict/download-github-repos/mvp/repos/MVP-Retrofit-RxJava-master/app/src/main/java/com/byl/mvpdemo/ui/main/adapter/FragmentVedioAdapter.java,com.byl.mvpdemo.ui.main.adapter.FragmentVedioAdapter,"FragmentVedioAdapter/4[com.byl.mvpdemo.ui.main.adapter.Context,com.byl.mvpdemo.ui.main.adapter.FragmentManager,com.byl.mvpdemo.ui.main.adapter.Fragment[],java.lang.String[]]",context,1
/home/arch_design_predict/download-github-repos/mvp/repos/MVP-Retrofit-RxJava-master/app/src/main/java/com/byl/mvpdemo/ui/main/adapter/FragmentVedioAdapter.java,com.byl.mvpdemo.ui.main.adapter.FragmentVedioAdapter,"FragmentVedioAdapter/4[com.byl.mvpdemo.ui.main.adapter.Context,com.byl.mvpdemo.ui.main.adapter.FragmentManager,com.byl.mvpdemo.ui.main.adapter.Fragment[],java.lang.String[]]",fragments,1
/home/arch_design_predict/download-github-repos/mvp/repos/MVP-Retrofit-RxJava-master/app/src/main/java/com/byl/mvpdemo/ui/main/adapter/FragmentVedioAdapter.java,com.byl.mvpdemo.ui.main.adapter.FragmentVedioAdapter,"FragmentVedioAdapter/4[com.byl.mvpdemo.ui.main.adapter.Context,com.byl.mvpdemo.ui.main.adapter.FragmentManager,com.byl.mvpdemo.ui.main.adapter.Fragment[],java.lang.String[]]",titles,1
/home/arch_design_predict/download-github-repos/mvp/repos/MVP-Retrofit-RxJava-master/app/src/main/java/com/byl/mvpdemo/ui/main/adapter/FragmentVedioAdapter.java,com.byl.mvpdemo.ui.main.adapter.FragmentVedioAdapter,getPageTitle/1[int],position,1
/home/arch_design_predict/download-github-repos/mvp/repos/MVP-Retrofit-RxJava-master/app/src/main/java/com/byl/mvpdemo/ui/main/adapter/FragmentVedioAdapter.java,com.byl.mvpdemo.ui.main.adapter.FragmentVedioAdapter,getItem/1[int],position,1
/home/arch_design_predict/download-github-repos/mvp/repos/MVP-Retrofit-RxJava-master/app/src/main/java/com/byl/mvpdemo/presenter/base/Presenter.java,com.byl.mvpdemo.presenter.base.Presenter,attachView/1[V],mvpView,0
/home/arch_design_predict/download-github-repos/mvp/repos/MVP-Retrofit-RxJava-master/app/src/main/java/com/byl/mvpdemo/adapter/NewsAdapter.java,com.byl.mvpdemo.adapter.NewsAdapter$MyViewHolder,MyViewHolder/1[com.byl.mvpdemo.adapter.View],view,10
/home/arch_design_predict/download-github-repos/mvp/repos/MVP-Retrofit-RxJava-master/app/src/main/java/com/byl/mvpdemo/model/modelbean/LoginBean.java,com.byl.mvpdemo.model.modelbean.LoginBean,setShowapi_res_body/1[com.byl.mvpdemo.model.modelbean.LoginModel],showapi_res_body,2
/home/arch_design_predict/download-github-repos/mvp/repos/MVP-Retrofit-RxJava-master/app/src/main/java/com/byl/mvpdemo/api/ApiService.java,com.byl.mvpdemo.api.ApiService,"news/2[java.lang.String,java.lang.String]",num,0
/home/arch_design_predict/download-github-repos/mvp/repos/MVP-Retrofit-RxJava-master/app/src/main/java/com/byl/mvpdemo/api/ApiService.java,com.byl.mvpdemo.api.ApiService,"news/2[java.lang.String,java.lang.String]",page,0
/home/arch_design_predict/download-github-repos/mvp/repos/MVP-Retrofit-RxJava-master/app/src/main/java/com/byl/mvpdemo/api/ApiService.java,com.byl.mvpdemo.api.ApiService,"girls/3[java.lang.String,java.lang.String,java.lang.String]",rand,0
/home/arch_design_predict/download-github-repos/mvp/repos/MVP-Retrofit-RxJava-master/app/src/main/java/com/byl/mvpdemo/api/ApiService.java,com.byl.mvpdemo.api.ApiService,"girls/3[java.lang.String,java.lang.String,java.lang.String]",num,0
/home/arch_design_predict/download-github-repos/mvp/repos/MVP-Retrofit-RxJava-master/app/src/main/java/com/byl/mvpdemo/api/ApiService.java,com.byl.mvpdemo.api.ApiService,"girls/3[java.lang.String,java.lang.String,java.lang.String]",page,0
/home/arch_design_predict/download-github-repos/mvp/repos/MVP-Retrofit-RxJava-master/app/src/main/java/com/byl/mvpdemo/api/ApiService.java,com.byl.mvpdemo.api.ApiService,login/1[java.lang.String],num,0
/home/arch_design_predict/download-github-repos/mvp/repos/MVP-Retrofit-RxJava-master/app/src/main/java/com/byl/mvpdemo/adapter/BaseAdapter.java,com.byl.mvpdemo.adapter.BaseAdapter$OnViewClickListener,"onViewClick/2[int,int]",viewtype,0
/home/arch_design_predict/download-github-repos/mvp/repos/MVP-Retrofit-RxJava-master/app/src/main/java/com/byl/mvpdemo/adapter/BaseAdapter.java,com.byl.mvpdemo.adapter.BaseAdapter$OnViewClickListener,"onViewClick/2[int,int]",position,0
/home/arch_design_predict/download-github-repos/mvp/repos/MVP-Retrofit-RxJava-master/app/src/main/java/com/byl/mvpdemo/presenter/base/BasePresenter.java,com.byl.mvpdemo.presenter.base.BasePresenter,attachView/1[T],mvpView,1
/home/arch_design_predict/download-github-repos/mvp/repos/MVP-Retrofit-RxJava-master/app/src/main/java/com/byl/mvpdemo/api/ApiUtil.java,com.byl.mvpdemo.api.ApiUtil,createApiService/0,okHttpClientBuilder,2
/home/arch_design_predict/download-github-repos/mvp/repos/MVP-Retrofit-RxJava-master/app/src/main/java/com/byl/mvpdemo/api/ApiUtil.java,com.byl.mvpdemo.api.ApiUtil,createApiService/0,request,9
/home/arch_design_predict/download-github-repos/mvp/repos/MVP-Retrofit-RxJava-master/app/src/main/java/com/byl/mvpdemo/api/ApiUtil.java,com.byl.mvpdemo.api.ApiUtil,createApiService/0,chain,6
/home/arch_design_predict/download-github-repos/mvp/repos/MVP-Retrofit-RxJava-master/app/src/main/java/com/byl/mvpdemo/api/ApiUtil.java,com.byl.mvpdemo.api.ApiUtil,createApiService/0,hostname,0
/home/arch_design_predict/download-github-repos/mvp/repos/MVP-Retrofit-RxJava-master/app/src/main/java/com/byl/mvpdemo/api/ApiUtil.java,com.byl.mvpdemo.api.ApiUtil,createApiService/0,retrofit,1
/home/arch_design_predict/download-github-repos/mvp/repos/MVP-Retrofit-RxJava-master/app/src/main/java/com/byl/mvpdemo/api/ApiUtil.java,com.byl.mvpdemo.api.ApiUtil,createApiService/0,response,3
/home/arch_design_predict/download-github-repos/mvp/repos/MVP-Retrofit-RxJava-master/app/src/main/java/com/byl/mvpdemo/api/ApiUtil.java,com.byl.mvpdemo.api.ApiUtil,createApiService/0,session,0
/home/arch_design_predict/download-github-repos/mvp/repos/MVP-Retrofit-RxJava-master/app/src/main/java/com/byl/mvpdemo/api/ApiUtil.java,com.byl.mvpdemo.api.ApiUtil,createApiService/0,client,2
/home/arch_design_predict/download-github-repos/mvp/repos/MVP-Retrofit-RxJava-master/app/src/main/java/com/byl/mvpdemo/api/ApiUtil.java,com.byl.mvpdemo.api.ApiUtil,createApiService/0,mediaType,1
/home/arch_design_predict/download-github-repos/mvp/repos/MVP-Retrofit-RxJava-master/app/src/main/java/com/byl/mvpdemo/api/ApiUtil.java,com.byl.mvpdemo.api.ApiUtil,createApiService/0,url,3
/home/arch_design_predict/download-github-repos/mvp/repos/MVP-Retrofit-RxJava-master/app/src/main/java/com/byl/mvpdemo/api/ApiUtil.java,com.byl.mvpdemo.api.ApiUtil,createApiService/0,content,2
/home/arch_design_predict/download-github-repos/mvp/repos/MVP-Retrofit-RxJava-master/app/src/main/java/com/byl/mvpdemo/model/modelbean/ImageModel.java,com.byl.mvpdemo.model.modelbean.ImageModel,setDes/1[java.lang.String],des,2
/home/arch_design_predict/download-github-repos/mvp/repos/MVP-Retrofit-RxJava-master/app/src/main/java/com/byl/mvpdemo/model/modelbean/ImageModel.java,com.byl.mvpdemo.model.modelbean.ImageModel,setLink/1[java.lang.String],link,2
/home/arch_design_predict/download-github-repos/mvp/repos/MVP-Retrofit-RxJava-master/app/src/main/java/com/byl/mvpdemo/model/modelbean/ImageModel.java,com.byl.mvpdemo.model.modelbean.ImageModel,setUrl/1[java.lang.String],url,2
/home/arch_design_predict/download-github-repos/mvp/repos/MVP-Retrofit-RxJava-master/app/src/main/java/com/byl/mvpdemo/view/pullrecyclerview/PullBaseView.java,com.byl.mvpdemo.view.pullrecyclerview.PullBaseView,setCanPullUp/1[boolean],canPullUp,1
/home/arch_design_predict/download-github-repos/mvp/repos/MVP-Retrofit-RxJava-master/app/src/main/java/com/byl/mvpdemo/view/pullrecyclerview/PullBaseView.java,com.byl.mvpdemo.view.pullrecyclerview.PullBaseView,"createRecyclerView/2[com.byl.mvpdemo.view.pullrecyclerview.Context,com.byl.mvpdemo.view.pullrecyclerview.AttributeSet]",context,0
/home/arch_design_predict/download-github-repos/mvp/repos/MVP-Retrofit-RxJava-master/app/src/main/java/com/byl/mvpdemo/view/pullrecyclerview/PullBaseView.java,com.byl.mvpdemo.view.pullrecyclerview.PullBaseView,"createRecyclerView/2[com.byl.mvpdemo.view.pullrecyclerview.Context,com.byl.mvpdemo.view.pullrecyclerview.AttributeSet]",attrs,0
/home/arch_design_predict/download-github-repos/mvp/repos/MVP-Retrofit-RxJava-master/app/src/main/java/com/byl/mvpdemo/view/pullrecyclerview/PullBaseView.java,com.byl.mvpdemo.view.pullrecyclerview.PullBaseView,changingHeaderViewTopMargin/1[int],newTopMargin,1
/home/arch_design_predict/download-github-repos/mvp/repos/MVP-Retrofit-RxJava-master/app/src/main/java/com/byl/mvpdemo/view/pullrecyclerview/PullBaseView.java,com.byl.mvpdemo.view.pullrecyclerview.PullBaseView,changingHeaderViewTopMargin/1[int],deltaY,3
/home/arch_design_predict/download-github-repos/mvp/repos/MVP-Retrofit-RxJava-master/app/src/main/java/com/byl/mvpdemo/view/pullrecyclerview/PullBaseView.java,com.byl.mvpdemo.view.pullrecyclerview.PullBaseView,changingHeaderViewTopMargin/1[int],params,8
/home/arch_design_predict/download-github-repos/mvp/repos/MVP-Retrofit-RxJava-master/app/src/main/java/com/byl/mvpdemo/view/pullrecyclerview/PullBaseView.java,com.byl.mvpdemo.view.pullrecyclerview.PullBaseView,setCanScrollAtRereshing/1[boolean],canScrollAtRereshing,1
/home/arch_design_predict/download-github-repos/mvp/repos/MVP-Retrofit-RxJava-master/app/src/main/java/com/byl/mvpdemo/view/pullrecyclerview/PullBaseView.java,com.byl.mvpdemo.view.pullrecyclerview.PullBaseView,addHeaderView/0,params,2
/home/arch_design_predict/download-github-repos/mvp/repos/MVP-Retrofit-RxJava-master/app/src/main/java/com/byl/mvpdemo/view/pullrecyclerview/PullBaseView.java,com.byl.mvpdemo.view.pullrecyclerview.PullBaseView,addFooterView/0,params,1
/home/arch_design_predict/download-github-repos/mvp/repos/MVP-Retrofit-RxJava-master/app/src/main/java/com/byl/mvpdemo/view/pullrecyclerview/PullBaseView.java,com.byl.mvpdemo.view.pullrecyclerview.PullBaseView,setCanPullDown/1[boolean],canPullDown,1
/home/arch_design_predict/download-github-repos/mvp/repos/MVP-Retrofit-RxJava-master/app/src/main/java/com/byl/mvpdemo/view/pullrecyclerview/PullBaseView.java,com.byl.mvpdemo.view.pullrecyclerview.PullBaseView,isScrollTop/0,linearLayoutManager,1
/home/arch_design_predict/download-github-repos/mvp/repos/MVP-Retrofit-RxJava-master/app/src/main/java/com/byl/mvpdemo/view/pullrecyclerview/PullBaseView.java,com.byl.mvpdemo.view.pullrecyclerview.PullBaseView,headerPrepareToRefresh/1[int],newTopMargin,3
/home/arch_design_predict/download-github-repos/mvp/repos/MVP-Retrofit-RxJava-master/app/src/main/java/com/byl/mvpdemo/view/pullrecyclerview/PullBaseView.java,com.byl.mvpdemo.view.pullrecyclerview.PullBaseView,headerPrepareToRefresh/1[int],deltaY,1
/home/arch_design_predict/download-github-repos/mvp/repos/MVP-Retrofit-RxJava-master/app/src/main/java/com/byl/mvpdemo/view/pullrecyclerview/PullBaseView.java,com.byl.mvpdemo.view.pullrecyclerview.PullBaseView,isRefreshViewScroll/1[int],padding,1
/home/arch_design_predict/download-github-repos/mvp/repos/MVP-Retrofit-RxJava-master/app/src/main/java/com/byl/mvpdemo/view/pullrecyclerview/PullBaseView.java,com.byl.mvpdemo.view.pullrecyclerview.PullBaseView,isRefreshViewScroll/1[int],top,1
/home/arch_design_predict/download-github-repos/mvp/repos/MVP-Retrofit-RxJava-master/app/src/main/java/com/byl/mvpdemo/view/pullrecyclerview/PullBaseView.java,com.byl.mvpdemo.view.pullrecyclerview.PullBaseView,isRefreshViewScroll/1[int],lastChild,2
/home/arch_design_predict/download-github-repos/mvp/repos/MVP-Retrofit-RxJava-master/app/src/main/java/com/byl/mvpdemo/view/pullrecyclerview/PullBaseView.java,com.byl.mvpdemo.view.pullrecyclerview.PullBaseView,isRefreshViewScroll/1[int],deltaY,4
/home/arch_design_predict/download-github-repos/mvp/repos/MVP-Retrofit-RxJava-master/app/src/main/java/com/byl/mvpdemo/view/pullrecyclerview/PullBaseView.java,com.byl.mvpdemo.view.pullrecyclerview.PullBaseView,isRefreshViewScroll/1[int],child,3
/home/arch_design_predict/download-github-repos/mvp/repos/MVP-Retrofit-RxJava-master/app/src/main/java/com/byl/mvpdemo/view/pullrecyclerview/PullBaseView.java,com.byl.mvpdemo.view.pullrecyclerview.PullBaseView,setOnPullDownScrollListener/1[com.byl.mvpdemo.view.pullrecyclerview.PullBaseView.OnPullDownScrollListener],onPullDownScrollListener,2
/home/arch_design_predict/download-github-repos/mvp/repos/MVP-Retrofit-RxJava-master/app/src/main/java/com/byl/mvpdemo/view/pullrecyclerview/PullBaseView.java,com.byl.mvpdemo.view.pullrecyclerview.PullBaseView,measureView/1[com.byl.mvpdemo.view.pullrecyclerview.View],p,4
/home/arch_design_predict/download-github-repos/mvp/repos/MVP-Retrofit-RxJava-master/app/src/main/java/com/byl/mvpdemo/view/pullrecyclerview/PullBaseView.java,com.byl.mvpdemo.view.pullrecyclerview.PullBaseView,measureView/1[com.byl.mvpdemo.view.pullrecyclerview.View],childWidthSpec,1
/home/arch_design_predict/download-github-repos/mvp/repos/MVP-Retrofit-RxJava-master/app/src/main/java/com/byl/mvpdemo/view/pullrecyclerview/PullBaseView.java,com.byl.mvpdemo.view.pullrecyclerview.PullBaseView,measureView/1[com.byl.mvpdemo.view.pullrecyclerview.View],lpHeight,2
/home/arch_design_predict/download-github-repos/mvp/repos/MVP-Retrofit-RxJava-master/app/src/main/java/com/byl/mvpdemo/view/pullrecyclerview/PullBaseView.java,com.byl.mvpdemo.view.pullrecyclerview.PullBaseView,measureView/1[com.byl.mvpdemo.view.pullrecyclerview.View],childHeightSpec,3
/home/arch_design_predict/download-github-repos/mvp/repos/MVP-Retrofit-RxJava-master/app/src/main/java/com/byl/mvpdemo/view/pullrecyclerview/PullBaseView.java,com.byl.mvpdemo.view.pullrecyclerview.PullBaseView,measureView/1[com.byl.mvpdemo.view.pullrecyclerview.View],child,2
/home/arch_design_predict/download-github-repos/mvp/repos/MVP-Retrofit-RxJava-master/app/src/main/java/com/byl/mvpdemo/view/pullrecyclerview/PullBaseView.java,com.byl.mvpdemo.view.pullrecyclerview.PullBaseView,footerRefreshing/0,top,1
/home/arch_design_predict/download-github-repos/mvp/repos/MVP-Retrofit-RxJava-master/app/src/main/java/com/byl/mvpdemo/view/pullrecyclerview/PullBaseView.java,com.byl.mvpdemo.view.pullrecyclerview.PullBaseView,PullBaseView/1[com.byl.mvpdemo.view.pullrecyclerview.Context],context,1
/home/arch_design_predict/download-github-repos/mvp/repos/MVP-Retrofit-RxJava-master/app/src/main/java/com/byl/mvpdemo/view/pullrecyclerview/PullBaseView.java,com.byl.mvpdemo.view.pullrecyclerview.PullBaseView,setOnHeaderRefreshListener/1[com.byl.mvpdemo.view.pullrecyclerview.PullBaseView.OnHeaderRefreshListener],headerRefreshListener,1
/home/arch_design_predict/download-github-repos/mvp/repos/MVP-Retrofit-RxJava-master/app/src/main/java/com/byl/mvpdemo/view/pullrecyclerview/PullBaseView.java,com.byl.mvpdemo.view.pullrecyclerview.PullBaseView,onTouchEvent/1[com.byl.mvpdemo.view.pullrecyclerview.MotionEvent],topMargin,2
/home/arch_design_predict/download-github-repos/mvp/repos/MVP-Retrofit-RxJava-master/app/src/main/java/com/byl/mvpdemo/view/pullrecyclerview/PullBaseView.java,com.byl.mvpdemo.view.pullrecyclerview.PullBaseView,onTouchEvent/1[com.byl.mvpdemo.view.pullrecyclerview.MotionEvent],deltaY,2
/home/arch_design_predict/download-github-repos/mvp/repos/MVP-Retrofit-RxJava-master/app/src/main/java/com/byl/mvpdemo/view/pullrecyclerview/PullBaseView.java,com.byl.mvpdemo.view.pullrecyclerview.PullBaseView,onTouchEvent/1[com.byl.mvpdemo.view.pullrecyclerview.MotionEvent],y,2
/home/arch_design_predict/download-github-repos/mvp/repos/MVP-Retrofit-RxJava-master/app/src/main/java/com/byl/mvpdemo/view/pullrecyclerview/PullBaseView.java,com.byl.mvpdemo.view.pullrecyclerview.PullBaseView,onTouchEvent/1[com.byl.mvpdemo.view.pullrecyclerview.MotionEvent],event,3
/home/arch_design_predict/download-github-repos/mvp/repos/MVP-Retrofit-RxJava-master/app/src/main/java/com/byl/mvpdemo/view/pullrecyclerview/PullBaseView.java,com.byl.mvpdemo.view.pullrecyclerview.PullBaseView,setHeaderTopMargin/1[int],topMargin,2
/home/arch_design_predict/download-github-repos/mvp/repos/MVP-Retrofit-RxJava-master/app/src/main/java/com/byl/mvpdemo/view/pullrecyclerview/PullBaseView.java,com.byl.mvpdemo.view.pullrecyclerview.PullBaseView,setHeaderTopMargin/1[int],params,2
/home/arch_design_predict/download-github-repos/mvp/repos/MVP-Retrofit-RxJava-master/app/src/main/java/com/byl/mvpdemo/view/pullrecyclerview/PullBaseView.java,com.byl.mvpdemo.view.pullrecyclerview.PullBaseView,"PullBaseView/2[com.byl.mvpdemo.view.pullrecyclerview.Context,com.byl.mvpdemo.view.pullrecyclerview.AttributeSet]",context,2
/home/arch_design_predict/download-github-repos/mvp/repos/MVP-Retrofit-RxJava-master/app/src/main/java/com/byl/mvpdemo/view/pullrecyclerview/PullBaseView.java,com.byl.mvpdemo.view.pullrecyclerview.PullBaseView,"PullBaseView/2[com.byl.mvpdemo.view.pullrecyclerview.Context,com.byl.mvpdemo.view.pullrecyclerview.AttributeSet]",attrs,2
/home/arch_design_predict/download-github-repos/mvp/repos/MVP-Retrofit-RxJava-master/app/src/main/java/com/byl/mvpdemo/view/pullrecyclerview/PullBaseView.java,com.byl.mvpdemo.view.pullrecyclerview.PullBaseView,getHeaderTopMargin/0,params,1
/home/arch_design_predict/download-github-repos/mvp/repos/MVP-Retrofit-RxJava-master/app/src/main/java/com/byl/mvpdemo/view/pullrecyclerview/PullBaseView.java,com.byl.mvpdemo.view.pullrecyclerview.PullBaseView,isScrollBottom/0,linearLayoutManager,1
/home/arch_design_predict/download-github-repos/mvp/repos/MVP-Retrofit-RxJava-master/app/src/main/java/com/byl/mvpdemo/view/pullrecyclerview/PullBaseView.java,com.byl.mvpdemo.view.pullrecyclerview.PullBaseView,dispatchTouchEvent/1[com.byl.mvpdemo.view.pullrecyclerview.MotionEvent],currentProgress,3
/home/arch_design_predict/download-github-repos/mvp/repos/MVP-Retrofit-RxJava-master/app/src/main/java/com/byl/mvpdemo/view/pullrecyclerview/PullBaseView.java,com.byl.mvpdemo.view.pullrecyclerview.PullBaseView,dispatchTouchEvent/1[com.byl.mvpdemo.view.pullrecyclerview.MotionEvent],ev,4
/home/arch_design_predict/download-github-repos/mvp/repos/MVP-Retrofit-RxJava-master/app/src/main/java/com/byl/mvpdemo/view/pullrecyclerview/PullBaseView.java,com.byl.mvpdemo.view.pullrecyclerview.PullBaseView,dispatchTouchEvent/1[com.byl.mvpdemo.view.pullrecyclerview.MotionEvent],headerViewShowHeight,1
/home/arch_design_predict/download-github-repos/mvp/repos/MVP-Retrofit-RxJava-master/app/src/main/java/com/byl/mvpdemo/view/pullrecyclerview/PullBaseView.java,com.byl.mvpdemo.view.pullrecyclerview.PullBaseView,"init/2[com.byl.mvpdemo.view.pullrecyclerview.Context,com.byl.mvpdemo.view.pullrecyclerview.AttributeSet]",context,1
/home/arch_design_predict/download-github-repos/mvp/repos/MVP-Retrofit-RxJava-master/app/src/main/java/com/byl/mvpdemo/view/pullrecyclerview/PullBaseView.java,com.byl.mvpdemo.view.pullrecyclerview.PullBaseView,"init/2[com.byl.mvpdemo.view.pullrecyclerview.Context,com.byl.mvpdemo.view.pullrecyclerview.AttributeSet]",attrs,1
/home/arch_design_predict/download-github-repos/mvp/repos/MVP-Retrofit-RxJava-master/app/src/main/java/com/byl/mvpdemo/view/pullrecyclerview/PullBaseView.java,com.byl.mvpdemo.view.pullrecyclerview.PullBaseView,onInterceptTouchEvent/1[com.byl.mvpdemo.view.pullrecyclerview.MotionEvent],e,2
/home/arch_design_predict/download-github-repos/mvp/repos/MVP-Retrofit-RxJava-master/app/src/main/java/com/byl/mvpdemo/view/pullrecyclerview/PullBaseView.java,com.byl.mvpdemo.view.pullrecyclerview.PullBaseView,onInterceptTouchEvent/1[com.byl.mvpdemo.view.pullrecyclerview.MotionEvent],deltaY,1
/home/arch_design_predict/download-github-repos/mvp/repos/MVP-Retrofit-RxJava-master/app/src/main/java/com/byl/mvpdemo/view/pullrecyclerview/PullBaseView.java,com.byl.mvpdemo.view.pullrecyclerview.PullBaseView,onInterceptTouchEvent/1[com.byl.mvpdemo.view.pullrecyclerview.MotionEvent],y,2
/home/arch_design_predict/download-github-repos/mvp/repos/MVP-Retrofit-RxJava-master/app/src/main/java/com/byl/mvpdemo/view/pullrecyclerview/PullBaseView.java,com.byl.mvpdemo.view.pullrecyclerview.PullBaseView,footerPrepareToRefresh/1[int],newTopMargin,2
/home/arch_design_predict/download-github-repos/mvp/repos/MVP-Retrofit-RxJava-master/app/src/main/java/com/byl/mvpdemo/view/pullrecyclerview/PullBaseView.java,com.byl.mvpdemo.view.pullrecyclerview.PullBaseView,footerPrepareToRefresh/1[int],deltaY,1
/home/arch_design_predict/download-github-repos/mvp/repos/MVP-Retrofit-RxJava-master/app/src/main/java/com/byl/mvpdemo/view/pullrecyclerview/PullBaseView.java,com.byl.mvpdemo.view.pullrecyclerview.PullBaseView,setOnFooterRefreshListener/1[com.byl.mvpdemo.view.pullrecyclerview.PullBaseView.OnFooterRefreshListener],footerRefreshListener,1
/home/arch_design_predict/download-github-repos/mvp/repos/MVP-Retrofit-RxJava-master/app/src/main/java/com/byl/mvpdemo/presenter/LoginPresenter.java,com.byl.mvpdemo.presenter.LoginPresenter$Anonymous1,onError/1[java.lang.Throwable],e,2
/home/arch_design_predict/download-github-repos/mvp/repos/MVP-Retrofit-RxJava-master/app/src/main/java/com/byl/mvpdemo/presenter/LoginPresenter.java,com.byl.mvpdemo.presenter.LoginPresenter$Anonymous1,onNext/1[com.byl.mvpdemo.model.modelbean.LoginBean],loginBean,5
/home/arch_design_predict/download-github-repos/mvp/repos/MVP-Retrofit-RxJava-master/app/src/main/java/com/byl/mvpdemo/util/LogUtil.java,com.byl.mvpdemo.util.LogUtil,e/1[java.lang.String],message,1
/home/arch_design_predict/download-github-repos/mvp/repos/MVP-Retrofit-RxJava-master/app/src/main/java/com/byl/mvpdemo/util/LogUtil.java,com.byl.mvpdemo.util.LogUtil,i/1[java.lang.String],message,1
/home/arch_design_predict/download-github-repos/mvp/repos/MVP-Retrofit-RxJava-master/app/src/main/java/com/byl/mvpdemo/util/LogUtil.java,com.byl.mvpdemo.util.LogUtil,v/1[java.lang.String],message,1
/home/arch_design_predict/download-github-repos/mvp/repos/MVP-Retrofit-RxJava-master/app/src/main/java/com/byl/mvpdemo/presenter/NewsPresenter.java,com.byl.mvpdemo.presenter.NewsPresenter$Anonymous1,onError/1[java.lang.Throwable],e,2
/home/arch_design_predict/download-github-repos/mvp/repos/MVP-Retrofit-RxJava-master/app/src/main/java/com/byl/mvpdemo/presenter/NewsPresenter.java,com.byl.mvpdemo.presenter.NewsPresenter$Anonymous1,onNext/1[com.byl.mvpdemo.model.modelbean.NewsBean],newsBean,10
/home/arch_design_predict/download-github-repos/mvp/repos/MVP-Retrofit-RxJava-master/app/src/main/java/com/byl/mvpdemo/ui/base/BaseActivity.java,com.byl.mvpdemo.ui.base.BaseActivity,onCreate/1[com.byl.mvpdemo.ui.base.Bundle],savedInstanceState,1
/home/arch_design_predict/download-github-repos/mvp/repos/MVP-Retrofit-RxJava-master/app/src/main/java/com/byl/mvpdemo/ui/base/BaseActivity.java,com.byl.mvpdemo.ui.base.BaseActivity,startActivity/1[java.lang.Class],cla,1
/home/arch_design_predict/download-github-repos/mvp/repos/MVP-Retrofit-RxJava-master/app/src/main/java/com/byl/mvpdemo/ui/base/BaseActivity.java,com.byl.mvpdemo.ui.base.BaseActivity,"initTitleBar/5[java.lang.String,java.lang.String,java.lang.String,int,View.OnClickListener]",res,2
/home/arch_design_predict/download-github-repos/mvp/repos/MVP-Retrofit-RxJava-master/app/src/main/java/com/byl/mvpdemo/ui/base/BaseActivity.java,com.byl.mvpdemo.ui.base.BaseActivity,"initTitleBar/5[java.lang.String,java.lang.String,java.lang.String,int,View.OnClickListener]",left,2
/home/arch_design_predict/download-github-repos/mvp/repos/MVP-Retrofit-RxJava-master/app/src/main/java/com/byl/mvpdemo/ui/base/BaseActivity.java,com.byl.mvpdemo.ui.base.BaseActivity,"initTitleBar/5[java.lang.String,java.lang.String,java.lang.String,int,View.OnClickListener]",right,2
/home/arch_design_predict/download-github-repos/mvp/repos/MVP-Retrofit-RxJava-master/app/src/main/java/com/byl/mvpdemo/ui/base/BaseActivity.java,com.byl.mvpdemo.ui.base.BaseActivity,"initTitleBar/5[java.lang.String,java.lang.String,java.lang.String,int,View.OnClickListener]",title,2
/home/arch_design_predict/download-github-repos/mvp/repos/MVP-Retrofit-RxJava-master/app/src/main/java/com/byl/mvpdemo/ui/base/BaseActivity.java,com.byl.mvpdemo.ui.base.BaseActivity,"initTitleBar/5[java.lang.String,java.lang.String,java.lang.String,int,View.OnClickListener]",onClickListener,3
/home/arch_design_predict/download-github-repos/mvp/repos/MVP-Retrofit-RxJava-master/app/src/main/java/com/byl/mvpdemo/ui/base/BaseActivity.java,com.byl.mvpdemo.ui.base.BaseActivity,$/1[int],id,1
/home/arch_design_predict/download-github-repos/mvp/repos/MVP-Retrofit-RxJava-master/app/src/main/java/com/byl/mvpdemo/ui/base/BaseActivity.java,com.byl.mvpdemo.ui.base.BaseActivity,onClick/1[com.byl.mvpdemo.ui.base.View],v,1
/home/arch_design_predict/download-github-repos/mvp/repos/MVP-Retrofit-RxJava-master/app/src/main/java/com/byl/mvpdemo/model/mvpview/LoginMvpView.java,com.byl.mvpdemo.model.mvpview.LoginMvpView,loginSuccess/1[com.byl.mvpdemo.model.modelbean.LoginBean],loginBean,0
/home/arch_design_predict/download-github-repos/mvp/repos/MVP-Retrofit-RxJava-master/app/src/main/java/com/byl/mvpdemo/model/mvpview/LoginMvpView.java,com.byl.mvpdemo.model.mvpview.LoginMvpView,loginFail/1[java.lang.String],message,0
/home/arch_design_predict/download-github-repos/mvp/repos/MVP-Retrofit-RxJava-master/app/src/main/java/com/byl/mvpdemo/presenter/NewsPresenter.java,com.byl.mvpdemo.presenter.NewsPresenter,NewsPresenter/1[com.byl.mvpdemo.presenter.Context],context,2
/home/arch_design_predict/download-github-repos/mvp/repos/MVP-Retrofit-RxJava-master/app/src/main/java/com/byl/mvpdemo/presenter/NewsPresenter.java,com.byl.mvpdemo.presenter.NewsPresenter,"getNews/2[java.lang.String,java.lang.String]",num,1
/home/arch_design_predict/download-github-repos/mvp/repos/MVP-Retrofit-RxJava-master/app/src/main/java/com/byl/mvpdemo/presenter/NewsPresenter.java,com.byl.mvpdemo.presenter.NewsPresenter,"getNews/2[java.lang.String,java.lang.String]",page,1
/home/arch_design_predict/download-github-repos/mvp/repos/MVP-Retrofit-RxJava-master/app/src/main/java/com/byl/mvpdemo/presenter/NewsPresenter.java,com.byl.mvpdemo.presenter.NewsPresenter,attachView/1[com.byl.mvpdemo.model.mvpview.NewsMvpView],mvpView,1
/home/arch_design_predict/download-github-repos/mvp/repos/MVP-Retrofit-RxJava-master/app/src/main/java/com/byl/mvpdemo/ui/main/FragmentTab1.java,com.byl.mvpdemo.ui.main.FragmentTab1,onClick/1[com.byl.mvpdemo.ui.main.View],v,1
/home/arch_design_predict/download-github-repos/mvp/repos/MVP-Retrofit-RxJava-master/app/src/main/java/com/byl/mvpdemo/ui/main/FragmentTab1.java,com.byl.mvpdemo.ui.main.FragmentTab1,"onViewClick/2[int,int]",viewtype,1
/home/arch_design_predict/download-github-repos/mvp/repos/MVP-Retrofit-RxJava-master/app/src/main/java/com/byl/mvpdemo/ui/main/FragmentTab1.java,com.byl.mvpdemo.ui.main.FragmentTab1,"onViewClick/2[int,int]",position,0
/home/arch_design_predict/download-github-repos/mvp/repos/MVP-Retrofit-RxJava-master/app/src/main/java/com/byl/mvpdemo/ui/main/FragmentTab1.java,com.byl.mvpdemo.ui.main.FragmentTab1,fail/1[java.lang.String],message,1
/home/arch_design_predict/download-github-repos/mvp/repos/MVP-Retrofit-RxJava-master/app/src/main/java/com/byl/mvpdemo/ui/main/FragmentTab1.java,com.byl.mvpdemo.ui.main.FragmentTab1,loadMoreSuccess/1[com.byl.mvpdemo.model.modelbean.NewsBean],news,1
/home/arch_design_predict/download-github-repos/mvp/repos/MVP-Retrofit-RxJava-master/app/src/main/java/com/byl/mvpdemo/ui/main/FragmentTab1.java,com.byl.mvpdemo.ui.main.FragmentTab1,loadMoreSuccess/1[com.byl.mvpdemo.model.modelbean.NewsBean],newsBean,1
/home/arch_design_predict/download-github-repos/mvp/repos/MVP-Retrofit-RxJava-master/app/src/main/java/com/byl/mvpdemo/ui/main/FragmentTab1.java,com.byl.mvpdemo.ui.main.FragmentTab1,loadMoreSuccess/1[com.byl.mvpdemo.model.modelbean.NewsBean],list,1
/home/arch_design_predict/download-github-repos/mvp/repos/MVP-Retrofit-RxJava-master/app/src/main/java/com/byl/mvpdemo/ui/main/FragmentTab1.java,com.byl.mvpdemo.ui.main.FragmentTab1,onFooterRefresh/1[com.byl.mvpdemo.view.pullrecyclerview.PullBaseView],view,0
/home/arch_design_predict/download-github-repos/mvp/repos/MVP-Retrofit-RxJava-master/app/src/main/java/com/byl/mvpdemo/ui/main/FragmentTab1.java,com.byl.mvpdemo.ui.main.FragmentTab1,refreshSuccess/1[com.byl.mvpdemo.model.modelbean.NewsBean],news,1
/home/arch_design_predict/download-github-repos/mvp/repos/MVP-Retrofit-RxJava-master/app/src/main/java/com/byl/mvpdemo/ui/main/FragmentTab1.java,com.byl.mvpdemo.ui.main.FragmentTab1,refreshSuccess/1[com.byl.mvpdemo.model.modelbean.NewsBean],newsBean,1
/home/arch_design_predict/download-github-repos/mvp/repos/MVP-Retrofit-RxJava-master/app/src/main/java/com/byl/mvpdemo/ui/main/FragmentTab1.java,com.byl.mvpdemo.ui.main.FragmentTab1,refreshSuccess/1[com.byl.mvpdemo.model.modelbean.NewsBean],list,1
/home/arch_design_predict/download-github-repos/mvp/repos/MVP-Retrofit-RxJava-master/app/src/main/java/com/byl/mvpdemo/ui/main/FragmentTab1.java,com.byl.mvpdemo.ui.main.FragmentTab1,refreshSuccess/1[com.byl.mvpdemo.model.modelbean.NewsBean],imageModel,8
/home/arch_design_predict/download-github-repos/mvp/repos/MVP-Retrofit-RxJava-master/app/src/main/java/com/byl/mvpdemo/ui/main/FragmentTab1.java,com.byl.mvpdemo.ui.main.FragmentTab1,onHeaderRefresh/1[com.byl.mvpdemo.view.pullrecyclerview.PullBaseView],view,0
/home/arch_design_predict/download-github-repos/mvp/repos/MVP-Retrofit-RxJava-master/app/src/main/java/com/byl/mvpdemo/ui/main/FragmentTab1.java,com.byl.mvpdemo.ui.main.FragmentTab1,onItemClick/1[int],position,1
/home/arch_design_predict/download-github-repos/mvp/repos/MVP-Retrofit-RxJava-master/app/src/main/java/com/byl/mvpdemo/ui/main/FragmentTab3.java,com.byl.mvpdemo.ui.main.FragmentTab3,onClick/1[com.byl.mvpdemo.ui.main.View],v,0
/home/arch_design_predict/download-github-repos/mvp/repos/MVP-Retrofit-RxJava-master/app/src/main/java/com/byl/mvpdemo/ui/main/FragmentTab2.java,com.byl.mvpdemo.ui.main.FragmentTab2,onClick/1[com.byl.mvpdemo.ui.main.View],v,1
/home/arch_design_predict/download-github-repos/mvp/repos/MVP-Retrofit-RxJava-master/app/src/main/java/com/byl/mvpdemo/model/modelbean/BaseBean.java,com.byl.mvpdemo.model.modelbean.BaseBean,setShowapi_res_code/1[java.lang.String],showapi_res_code,2
/home/arch_design_predict/download-github-repos/mvp/repos/MVP-Retrofit-RxJava-master/app/src/main/java/com/byl/mvpdemo/model/modelbean/BaseBean.java,com.byl.mvpdemo.model.modelbean.BaseBean,setShowapi_res_error/1[java.lang.String],showapi_res_error,2
/home/arch_design_predict/download-github-repos/mvp/repos/MVP-Retrofit-RxJava-master/app/src/main/java/com/byl/mvpdemo/presenter/ImagesPresenter.java,com.byl.mvpdemo.presenter.ImagesPresenter,"getImages/3[java.lang.String,java.lang.String,java.lang.String]",rand,1
/home/arch_design_predict/download-github-repos/mvp/repos/MVP-Retrofit-RxJava-master/app/src/main/java/com/byl/mvpdemo/presenter/ImagesPresenter.java,com.byl.mvpdemo.presenter.ImagesPresenter,"getImages/3[java.lang.String,java.lang.String,java.lang.String]",num,1
/home/arch_design_predict/download-github-repos/mvp/repos/MVP-Retrofit-RxJava-master/app/src/main/java/com/byl/mvpdemo/presenter/ImagesPresenter.java,com.byl.mvpdemo.presenter.ImagesPresenter,"getImages/3[java.lang.String,java.lang.String,java.lang.String]",page,1
/home/arch_design_predict/download-github-repos/mvp/repos/MVP-Retrofit-RxJava-master/app/src/main/java/com/byl/mvpdemo/presenter/ImagesPresenter.java,com.byl.mvpdemo.presenter.ImagesPresenter,ImagesPresenter/1[com.byl.mvpdemo.presenter.Context],context,2
/home/arch_design_predict/download-github-repos/mvp/repos/MVP-Retrofit-RxJava-master/app/src/main/java/com/byl/mvpdemo/presenter/ImagesPresenter.java,com.byl.mvpdemo.presenter.ImagesPresenter,attachView/1[com.byl.mvpdemo.model.mvpview.NewsMvpView],mvpView,1
/home/arch_design_predict/download-github-repos/mvp/repos/MVP-Retrofit-RxJava-master/app/src/main/java/com/byl/mvpdemo/util/SysUtil.java,com.byl.mvpdemo.util.SysUtil,"dip2px/2[com.byl.mvpdemo.util.Context,float]",dpValue,1
/home/arch_design_predict/download-github-repos/mvp/repos/MVP-Retrofit-RxJava-master/app/src/main/java/com/byl/mvpdemo/util/SysUtil.java,com.byl.mvpdemo.util.SysUtil,"dip2px/2[com.byl.mvpdemo.util.Context,float]",context,1
/home/arch_design_predict/download-github-repos/mvp/repos/MVP-Retrofit-RxJava-master/app/src/main/java/com/byl/mvpdemo/util/SysUtil.java,com.byl.mvpdemo.util.SysUtil,"dip2px/2[com.byl.mvpdemo.util.Context,float]",scale,1
