file,class,type,cbo,cboModified,fanin,fanout,wmc,dit,noc,rfc,lcom,lcom*,tcc,lcc,totalMethodsQty,staticMethodsQty,publicMethodsQty,privateMethodsQty,protectedMethodsQty,defaultMethodsQty,visibleMethodsQty,abstractMethodsQty,finalMethodsQty,synchronizedMethodsQty,totalFieldsQty,staticFieldsQty,publicFieldsQty,privateFieldsQty,protectedFieldsQty,defaultFieldsQty,finalFieldsQty,synchronizedFieldsQty,nosi,loc,returnQty,loopQty,comparisonsQty,tryCatchQty,parenthesizedExpsQty,stringLiteralsQty,numbersQty,assignmentsQty,mathOperationsQty,variablesQty,maxNestedBlocksQty,anonymousClassesQty,innerClassesQty,lambdasQty,uniqueWordsQty,modifiers,logStatementsQty
/home/arch_design_predict/download-github-repos/mvp/repos/MVP-clean-sample-master/Client/data/src/main/java/com/blueberry/star/data/http/Config.java,com.blueberry.star.data.http.Config,class,0,0,0,0,0,1,0,0,0,NaN,-1.0,-1.0,0,0,0,0,0,0,0,0,0,0,1,1,1,0,0,0,1,0,0,3,0,0,0,0,0,1,0,1,0,1,0,0,0,0,13,17,0
/home/arch_design_predict/download-github-repos/mvp/repos/MVP-clean-sample-master/Client/domain/src/main/java/com/blueberry/star/domain/interactor/GetStarList.java,com.blueberry.star.domain.interactor.GetStarList,class,8,9,1,8,2,2,0,1,0,0.0,1.0,1.0,2,0,0,0,0,2,2,0,0,0,1,0,0,1,0,0,0,0,0,10,1,0,0,0,0,0,0,1,0,1,0,0,0,0,21,1,0
/home/arch_design_predict/download-github-repos/mvp/repos/MVP-clean-sample-master/Client/presentation/src/main/java/com/blueberry/start/presentation/internal/di/components/ActivityComponent.java,com.blueberry.start.presentation.internal.di.components.ActivityComponent,interface,5,6,1,5,1,1,0,0,0,0.0,NaN,NaN,1,0,0,0,0,1,1,0,0,0,0,0,0,0,0,0,0,0,0,3,0,0,0,0,0,0,0,0,0,0,0,0,0,0,8,0,0
/home/arch_design_predict/download-github-repos/mvp/repos/MVP-clean-sample-master/Client/domain/src/main/java/com/blueberry/star/domain/executor/PostExecutionThread.java,com.blueberry.star.domain.executor.PostExecutionThread,interface,1,6,5,1,1,1,0,0,0,0.0,NaN,NaN,1,0,0,0,0,1,1,0,0,0,0,0,0,0,0,0,0,0,0,3,0,0,0,0,0,0,0,0,0,0,0,0,0,0,9,1,0
/home/arch_design_predict/download-github-repos/mvp/repos/MVP-clean-sample-master/Client/presentation/src/main/java/com/blueberry/start/presentation/internal/di/modules/StarModule.java,com.blueberry.start.presentation.internal.di.modules.StarModule,class,0,1,1,0,1,1,0,0,0,0.0,NaN,NaN,1,0,1,0,0,0,1,0,0,0,0,0,0,0,0,0,0,0,0,4,0,0,0,0,0,0,0,0,0,0,0,0,0,0,6,1,0
/home/arch_design_predict/download-github-repos/mvp/repos/MVP-clean-sample-master/Client/presentation/src/main/java/com/blueberry/start/presentation/view/activity/MainActivity.java,com.blueberry.start.presentation.view.activity.MainActivity,class,6,7,1,6,3,3,0,14,1,0.33333334,0.0,0.0,3,0,1,1,1,0,2,0,0,0,1,0,0,1,0,0,0,0,1,15,1,0,0,0,0,0,0,1,0,1,0,0,0,0,24,1,0
/home/arch_design_predict/download-github-repos/mvp/repos/MVP-clean-sample-master/Client/presentation/src/main/java/com/blueberry/start/presentation/App.java,com.blueberry.start.presentation.App,class,4,7,3,4,3,2,0,5,1,0.33333334,0.0,0.0,3,0,2,1,0,0,2,0,0,0,1,0,0,1,0,0,0,0,0,13,1,0,0,0,0,0,0,1,0,1,0,0,0,0,13,1,0
/home/arch_design_predict/download-github-repos/mvp/repos/MVP-clean-sample-master/Server/src/main/java/com/blueberry/star/Application.java,com.blueberry.star.Application,class,3,4,1,3,1,1,0,1,0,0.0,NaN,NaN,1,1,1,0,0,0,1,0,0,0,0,0,0,0,0,0,0,0,0,6,0,0,0,0,0,0,0,1,0,1,0,0,0,0,9,1,0
/home/arch_design_predict/download-github-repos/mvp/repos/MVP-clean-sample-master/Client/presentation/src/main/java/com/blueberry/start/presentation/view/fragment/StarListFragment.java,com.blueberry.start.presentation.view.fragment.StarListFragment,class,18,21,3,18,9,3,0,15,32,0.81481487,0.055555556,0.083333336,9,1,9,0,0,0,9,0,0,0,3,0,0,1,0,2,0,0,0,40,3,0,0,0,0,0,0,4,0,6,0,0,0,0,43,1,0
/home/arch_design_predict/download-github-repos/mvp/repos/MVP-clean-sample-master/Client/presentation/src/main/java/com/blueberry/start/presentation/view/LoadDataView.java,com.blueberry.start.presentation.view.LoadDataView,interface,1,3,2,1,4,1,0,0,6,0.0,0.0,0.0,4,0,0,0,0,4,4,0,0,0,0,0,0,0,0,0,0,0,0,6,0,0,0,0,0,0,0,0,0,0,0,0,0,0,14,1,0
/home/arch_design_predict/download-github-repos/mvp/repos/MVP-clean-sample-master/Client/presentation/src/main/java/com/blueberry/start/presentation/view/StarListView.java,com.blueberry.start.presentation.view.StarListView,interface,2,5,3,2,1,1,0,0,0,0.0,NaN,NaN,1,0,0,0,0,1,1,0,0,0,0,0,0,0,0,0,0,0,0,3,0,0,0,0,0,0,0,0,0,0,0,0,0,0,11,1,0
/home/arch_design_predict/download-github-repos/mvp/repos/MVP-clean-sample-master/Client/presentation/src/main/java/com/blueberry/start/presentation/presenter/UserListPresenter.java,com.blueberry.start.presentation.presenter.UserListPresenter$StarListObserver,innerclass,4,4,0,4,3,2,0,6,3,0.0,0.0,0.0,3,0,3,0,0,0,3,0,0,0,0,0,0,0,0,0,0,0,0,12,0,0,0,0,0,2,0,0,2,0,0,0,0,0,10,2,0
/home/arch_design_predict/download-github-repos/mvp/repos/MVP-clean-sample-master/Client/presentation/src/main/java/com/blueberry/start/presentation/view/fragment/BaseFragment.java,com.blueberry.start.presentation.view.fragment.BaseFragment,class,3,4,1,3,1,2,1,3,0,0.0,NaN,NaN,1,0,0,0,1,0,1,0,0,0,0,0,0,0,0,0,0,0,0,5,1,0,0,0,1,0,0,0,0,0,0,0,0,0,12,1,0
/home/arch_design_predict/download-github-repos/mvp/repos/MVP-clean-sample-master/Client/domain/src/main/java/com/blueberry/star/domain/executor/ThreadExecutor.java,com.blueberry.star.domain.executor.ThreadExecutor,interface,0,5,5,0,0,1,0,0,0,0.0,-1.0,-1.0,0,0,0,0,0,0,0,0,0,0,0,0,0,0,0,0,0,0,0,2,0,0,0,0,0,0,0,0,0,0,0,0,0,0,6,1,0
/home/arch_design_predict/download-github-repos/mvp/repos/MVP-clean-sample-master/Client/presentation/src/main/java/com/blueberry/start/presentation/view/adapter/StarListAdapter.java,com.blueberry.start.presentation.view.adapter.StarListAdapter$ViewHolder,innerclass,5,5,0,5,1,2,0,1,0,1.0,NaN,NaN,1,0,1,0,0,0,1,0,0,0,5,0,0,0,0,5,0,0,0,11,0,0,0,0,0,0,0,0,0,5,0,0,0,0,15,9,0
/home/arch_design_predict/download-github-repos/mvp/repos/MVP-clean-sample-master/Client/presentation/src/main/java/com/blueberry/start/presentation/internal/di/components/ApplicationComponent.java,com.blueberry.start.presentation.internal.di.components.ApplicationComponent,interface,8,12,4,8,5,1,0,0,10,0.0,0.0,0.0,5,0,0,0,0,5,5,0,0,0,0,0,0,0,0,0,0,0,0,7,0,0,0,0,0,0,0,0,0,0,0,0,0,0,22,1,0
/home/arch_design_predict/download-github-repos/mvp/repos/MVP-clean-sample-master/Client/presentation/src/androidTest/java/com/blueberry/start/ExampleInstrumentedTest.java,com.blueberry.start.ExampleInstrumentedTest,class,4,4,0,4,1,1,0,3,0,0.0,NaN,NaN,1,0,1,0,0,0,1,0,0,0,0,0,0,0,0,0,0,0,0,6,0,0,0,0,0,1,0,1,0,1,0,0,0,0,21,1,0
/home/arch_design_predict/download-github-repos/mvp/repos/MVP-clean-sample-master/Server/src/main/java/com/blueberry/star/service/StarServiceImpl.java,com.blueberry.star.service.StarServiceImpl,class,5,5,0,5,1,1,0,1,0,0.0,NaN,NaN,1,0,1,0,0,0,1,0,0,0,1,0,0,0,0,1,0,0,0,6,1,0,0,0,0,0,0,0,0,1,0,0,0,0,10,1,0
/home/arch_design_predict/download-github-repos/mvp/repos/MVP-clean-sample-master/Client/data/src/main/java/com/blueberry/star/data/http/RetrofitHelper.java,com.blueberry.star.data.http.RetrofitHelper,class,3,4,1,3,2,1,0,6,0,0.25,1.0,1.0,2,0,1,0,0,1,2,0,0,0,2,1,0,2,0,0,1,0,0,11,1,0,0,0,0,2,0,2,0,2,0,0,0,0,11,1,0
/home/arch_design_predict/download-github-repos/mvp/repos/MVP-clean-sample-master/Client/data/src/test/java/com/blueberry/star/data/ExampleUnitTest.java,com.blueberry.star.data.ExampleUnitTest,class,1,1,0,1,1,1,0,1,0,0.0,NaN,NaN,1,0,1,0,0,0,1,0,0,0,0,0,0,0,0,0,0,0,0,5,0,0,0,0,0,0,3,0,1,0,0,0,0,0,23,1,0
/home/arch_design_predict/download-github-repos/mvp/repos/MVP-clean-sample-master/Client/data/src/androidTest/java/com/blueberry/star/data/ExampleInstrumentedTest.java,com.blueberry.star.data.ExampleInstrumentedTest,class,4,4,0,4,1,1,0,3,0,0.0,NaN,NaN,1,0,1,0,0,0,1,0,0,0,0,0,0,0,0,0,0,0,0,6,0,0,0,0,0,1,0,1,0,1,0,0,0,0,21,1,0
/home/arch_design_predict/download-github-repos/mvp/repos/MVP-clean-sample-master/Client/presentation/src/main/java/com/blueberry/start/presentation/executor/UIThread.java,com.blueberry.start.presentation.executor.UIThread,class,4,5,1,4,2,1,0,1,1,0.0,0.0,0.0,2,0,2,0,0,0,2,0,0,0,0,0,0,0,0,0,0,0,0,7,1,0,0,0,0,0,0,0,0,0,0,0,0,0,11,1,0
/home/arch_design_predict/download-github-repos/mvp/repos/MVP-clean-sample-master/Client/data/src/main/java/com/blueberry/star/data/executor/JobExecutor.java,com.blueberry.star.data.executor.JobExecutor,class,4,5,1,4,2,1,0,1,0,0.0,1.0,1.0,2,0,2,0,0,0,2,0,0,0,1,0,0,1,0,0,1,0,0,15,0,0,0,0,0,0,3,1,0,1,0,0,1,0,13,1,0
/home/arch_design_predict/download-github-repos/mvp/repos/MVP-clean-sample-master/Client/data/src/main/java/com/blueberry/star/data/api/StarApi.java,com.blueberry.star.data.api.StarApi,interface,4,5,1,4,1,1,0,0,0,0.0,NaN,NaN,1,0,0,0,0,1,1,0,0,0,0,0,0,0,0,0,0,0,0,3,0,0,0,0,0,1,0,0,0,0,0,0,0,0,7,1,0
/home/arch_design_predict/download-github-repos/mvp/repos/MVP-clean-sample-master/Client/presentation/src/main/java/com/blueberry/start/presentation/internal/di/HasComponent.java,com.blueberry.start.presentation.internal.di.HasComponent,interface,1,3,2,1,1,1,0,0,0,0.0,NaN,NaN,1,0,0,0,0,1,1,0,0,0,0,0,0,0,0,0,0,0,0,3,0,0,0,0,0,0,0,0,0,0,0,0,0,0,7,1,0
/home/arch_design_predict/download-github-repos/mvp/repos/MVP-clean-sample-master/Server/src/main/java/com/blueberry/star/service/StarService.java,com.blueberry.star.service.StarService,interface,1,3,2,1,1,1,0,0,0,0.0,NaN,NaN,1,0,0,0,0,1,1,0,0,0,0,0,0,0,0,0,0,0,0,3,0,0,0,0,0,0,0,0,0,0,0,0,0,0,7,1,0
/home/arch_design_predict/download-github-repos/mvp/repos/MVP-clean-sample-master/Server/src/main/java/com/blueberry/star/repository/StarRepositoryImpl.java,com.blueberry.star.repository.StarRepositoryImpl,class,3,3,0,3,1,1,0,0,0,0.0,NaN,NaN,1,0,1,0,0,0,1,0,0,0,0,0,0,0,0,0,0,0,0,5,1,0,0,0,0,0,0,0,0,0,0,0,0,0,8,1,0
/home/arch_design_predict/download-github-repos/mvp/repos/MVP-clean-sample-master/Client/presentation/src/main/java/com/blueberry/start/presentation/presenter/Presenter.java,com.blueberry.start.presentation.presenter.Presenter,interface,0,1,1,0,3,1,0,0,3,0.0,0.0,0.0,3,0,0,0,0,3,3,0,0,0,0,0,0,0,0,0,0,0,0,5,0,0,0,0,0,0,0,0,0,0,0,0,0,0,8,1,0
/home/arch_design_predict/download-github-repos/mvp/repos/MVP-clean-sample-master/Client/presentation/src/main/java/com/blueberry/start/presentation/internal/di/modules/ActivityModule.java,com.blueberry.start.presentation.internal.di.modules.ActivityModule,class,3,6,3,3,2,1,0,0,0,0.0,1.0,1.0,2,0,1,0,0,1,2,0,0,0,1,0,0,1,0,0,0,0,0,9,1,0,0,0,0,0,0,1,0,1,0,0,0,0,7,1,0
/home/arch_design_predict/download-github-repos/mvp/repos/MVP-clean-sample-master/Client/presentation/src/main/java/com/blueberry/start/presentation/presenter/UserListPresenter.java,com.blueberry.start.presentation.presenter.UserListPresenter,class,8,9,1,8,6,2,0,2,9,0.77777773,0.2,0.2,6,0,6,0,0,0,6,0,0,0,3,1,0,3,0,0,2,0,0,33,0,0,0,0,0,1,0,3,0,3,0,0,1,0,22,1,0
/home/arch_design_predict/download-github-repos/mvp/repos/MVP-clean-sample-master/Client/presentation/src/main/java/com/blueberry/start/presentation/internal/di/modules/ApplicationModule.java,com.blueberry.start.presentation.internal.di.modules.ApplicationModule,class,10,12,2,10,5,1,0,0,8,0.6,0.1,0.1,5,0,1,0,0,4,5,0,0,0,1,0,0,1,0,0,1,0,0,18,4,0,0,0,0,0,0,1,0,1,0,0,0,0,24,1,0
/home/arch_design_predict/download-github-repos/mvp/repos/MVP-clean-sample-master/Client/domain/src/main/java/com/blueberry/star/domain/model/Star.java,com.blueberry.star.domain.model.Star,class,0,9,9,0,12,1,0,0,54,0.8333333,0.09090909,0.09090909,12,0,12,0,0,0,12,0,0,0,6,0,0,6,0,0,0,0,0,44,6,0,0,0,0,0,0,6,0,6,0,0,0,0,22,1,0
/home/arch_design_predict/download-github-repos/mvp/repos/MVP-clean-sample-master/Client/domain/src/main/java/com/blueberry/star/domain/interactor/UseCase.java,com.blueberry.star.domain.interactor.UseCase,class,8,11,3,8,6,1,0,10,2,0.53333336,0.33333334,0.5,5,0,2,1,0,2,4,1,0,0,3,0,0,3,0,0,2,0,0,23,0,0,0,0,0,0,0,4,0,4,1,0,0,0,25,1025,0
/home/arch_design_predict/download-github-repos/mvp/repos/MVP-clean-sample-master/Client/data/src/main/java/com/blueberry/star/data/model/BaseResp.java,com.blueberry.star.data.model.BaseResp,class,1,4,3,1,2,1,0,0,0,0.0,1.0,1.0,2,0,2,0,0,0,2,0,0,0,1,0,0,0,0,1,0,0,0,9,1,0,0,0,0,0,0,1,0,1,0,0,0,0,9,1,0
/home/arch_design_predict/download-github-repos/mvp/repos/MVP-clean-sample-master/Client/presentation/src/main/java/com/blueberry/start/presentation/view/adapter/StarListAdapter.java,com.blueberry.start.presentation.view.adapter.StarListAdapter,class,8,9,1,8,6,2,0,13,0,0.5625,0.6666667,1.0,4,0,4,0,0,0,4,0,0,0,4,1,0,4,0,0,1,0,0,36,2,0,2,0,0,3,2,5,0,5,0,0,1,0,29,1,0
/home/arch_design_predict/download-github-repos/mvp/repos/MVP-clean-sample-master/Server/src/main/java/com/blueberry/star/controller/StarController.java,com.blueberry.star.controller.StarController,class,6,6,0,6,1,1,0,2,0,0.0,NaN,NaN,1,0,1,0,0,0,1,0,0,0,1,0,0,0,0,1,0,0,0,8,1,0,0,0,0,2,0,1,0,2,0,0,0,0,15,1,0
/home/arch_design_predict/download-github-repos/mvp/repos/MVP-clean-sample-master/Client/presentation/src/main/java/com/blueberry/start/presentation/internal/di/components/StarComponent.java,com.blueberry.start.presentation.internal.di.components.StarComponent,interface,7,9,2,7,1,1,0,0,0,0.0,NaN,NaN,1,0,0,0,0,1,1,0,0,0,0,0,0,0,0,0,0,0,0,3,0,0,0,0,0,0,0,0,0,0,0,0,0,0,12,1,0
/home/arch_design_predict/download-github-repos/mvp/repos/MVP-clean-sample-master/Server/src/main/java/com/blueberry/star/entity/Star.java,com.blueberry.star.entity.Star,class,0,6,6,0,12,1,0,0,54,0.8333333,0.09090909,0.09090909,12,0,12,0,0,0,12,0,0,0,6,0,0,6,0,0,0,0,0,44,6,0,0,0,0,0,0,6,0,6,0,0,0,0,22,1,0
/home/arch_design_predict/download-github-repos/mvp/repos/MVP-clean-sample-master/Client/data/src/main/java/com/blueberry/star/data/executor/JobExecutor.java,com.blueberry.star.data.executor.JobExecutor$JobThreadFactory,innerclass,0,0,0,0,1,1,0,0,0,0.0,NaN,NaN,1,0,1,0,0,0,1,0,0,0,1,0,0,1,0,0,0,0,0,6,1,0,0,0,0,1,1,1,1,1,0,0,0,0,7,10,0
/home/arch_design_predict/download-github-repos/mvp/repos/MVP-clean-sample-master/Server/src/main/java/com/blueberry/star/data/StarData.java,com.blueberry.star.data.StarData,class,2,3,1,2,2,1,0,8,0,0.5,0.0,0.0,1,1,0,0,0,1,2,0,0,0,2,2,1,0,0,1,0,0,10,26,1,0,0,0,0,66,11,3,12,3,0,0,0,0,46,17,0
/home/arch_design_predict/download-github-repos/mvp/repos/MVP-clean-sample-master/Server/src/main/java/com/blueberry/star/repository/StarRepository.java,com.blueberry.star.repository.StarRepository,interface,1,3,2,1,1,1,0,0,0,0.0,NaN,NaN,1,0,0,0,0,1,1,0,0,0,0,0,0,0,0,0,0,0,0,3,0,0,0,0,0,0,0,0,0,0,0,0,0,0,7,1,0
/home/arch_design_predict/download-github-repos/mvp/repos/MVP-clean-sample-master/Client/domain/src/main/java/com/blueberry/star/domain/repository/StarRepository.java,com.blueberry.star.domain.repository.StarRepository,interface,2,6,4,2,1,1,0,0,0,0.0,NaN,NaN,1,0,0,0,0,1,1,0,0,0,0,0,0,0,0,0,0,0,0,3,0,0,0,0,0,0,0,0,0,0,0,0,0,0,7,1,0
/home/arch_design_predict/download-github-repos/mvp/repos/MVP-clean-sample-master/Server/src/main/java/com/blueberry/star/entity/RestResponse.java,com.blueberry.star.entity.RestResponse,class,1,2,1,1,2,1,0,0,0,0.0,1.0,1.0,2,0,2,0,0,0,2,0,0,0,1,0,0,1,0,0,0,0,0,9,1,0,0,0,0,0,0,1,0,1,0,0,0,0,9,1,0
/home/arch_design_predict/download-github-repos/mvp/repos/MVP-clean-sample-master/Client/data/src/main/java/com/blueberry/star/data/repository/StarRepositoryImpl.java,com.blueberry.star.data.repository.StarRepositoryImpl$Anonymous1,anonymous,2,2,0,2,1,1,0,1,0,0.0,NaN,NaN,1,0,1,0,0,0,1,0,0,0,0,0,0,0,0,0,0,0,0,5,1,0,0,0,0,0,0,0,0,0,0,0,0,0,5,-1,0
/home/arch_design_predict/download-github-repos/mvp/repos/MVP-clean-sample-master/Client/presentation/src/main/java/com/blueberry/start/presentation/view/activity/BaseActivity.java,com.blueberry.start.presentation.view.activity.BaseActivity,class,7,10,3,7,3,2,1,5,3,0.0,0.0,0.0,3,0,1,0,2,0,3,0,0,0,0,0,0,0,0,0,0,0,0,12,2,0,0,0,1,0,0,0,0,0,0,0,0,0,17,1,0
/home/arch_design_predict/download-github-repos/mvp/repos/MVP-clean-sample-master/Client/data/src/main/java/com/blueberry/star/data/repository/StarRepositoryImpl.java,com.blueberry.star.data.repository.StarRepositoryImpl,class,9,10,1,9,2,1,0,4,0,0.0,1.0,1.0,2,0,1,0,0,1,2,0,0,0,1,0,0,1,0,0,0,0,0,14,1,0,0,0,0,0,0,1,0,1,0,1,0,0,13,1,0
