file,class,method,constructor,line,cbo,cboModified,fanin,fanout,wmc,rfc,loc,returnsQty,variablesQty,parametersQty,methodsInvokedQty,methodsInvokedLocalQty,methodsInvokedIndirectLocalQty,loopQty,comparisonsQty,tryCatchQty,parenthesizedExpsQty,stringLiteralsQty,numbersQty,assignmentsQty,mathOperationsQty,maxNestedBlocksQty,anonymousClassesQty,innerClassesQty,lambdasQty,uniqueWordsQty,modifiers,logStatementsQty,hasJavaDoc
/home/arch_design_predict/download-github-repos/mvvm/repos/rx-dagger-mvvm-master/app/src/main/java/com/miku/mvvm/injector/module/AppModule.java,com.miku.mvvm.injector.module.AppModule,AppModule/1[com.miku.mvvm.MyApp],true,21,1,0,0,0,1,0,3,0,0,1,0,0,0,0,0,0,0,0,0,1,0,0,0,0,0,4,1,0,false
/home/arch_design_predict/download-github-repos/mvvm/repos/rx-dagger-mvvm-master/app/src/main/java/com/miku/mvvm/injector/module/AppModule.java,com.miku.mvvm.injector.module.AppModule,provideAppContext/0,false,26,3,0,0,0,1,1,3,1,0,0,1,0,0,0,0,0,0,0,0,0,0,0,0,0,0,3,1,0,false
/home/arch_design_predict/download-github-repos/mvvm/repos/rx-dagger-mvvm-master/app/src/main/java/com/miku/mvvm/ui/home/MainActivity.java,com.miku.mvvm.ui.home.MainActivity,initInjector/0,false,10,4,4,0,4,1,3,3,0,0,0,3,0,0,0,0,0,0,0,0,0,0,0,0,0,0,7,4,0,false
/home/arch_design_predict/download-github-repos/mvvm/repos/rx-dagger-mvvm-master/app/src/main/java/com/miku/mvvm/ui/home/MainActivity.java,com.miku.mvvm.ui.home.MainActivity,initContentView/0,false,14,0,0,0,0,1,0,3,1,0,0,0,0,0,0,0,0,0,0,0,0,0,0,0,0,0,3,4,0,false
/home/arch_design_predict/download-github-repos/mvvm/repos/rx-dagger-mvvm-master/app/src/main/java/com/miku/mvvm/ui/home/MainActivity.java,com.miku.mvvm.ui.home.MainActivity,initUI/0,false,18,0,0,0,0,1,0,2,0,0,0,0,0,0,0,0,0,0,0,0,0,0,0,0,0,0,3,4,0,false
/home/arch_design_predict/download-github-repos/mvvm/repos/rx-dagger-mvvm-master/app/src/main/java/com/miku/mvvm/injector/module/ApiModule.java,com.miku.mvvm.injector.module.ApiModule,provideOkHttpClient/0,false,40,8,0,0,0,1,16,15,2,8,0,16,0,0,0,0,0,0,2,3,7,0,1,0,0,1,16,1,0,false
/home/arch_design_predict/download-github-repos/mvvm/repos/rx-dagger-mvvm-master/app/src/main/java/com/miku/mvvm/injector/module/ApiModule.java,com.miku.mvvm.injector.module.ApiModule,provideRetrofit/1[com.miku.mvvm.injector.module.OkHttpClient],false,30,4,0,0,0,1,8,4,1,1,1,8,0,0,0,0,0,0,0,0,1,0,0,0,0,0,15,1,0,false
/home/arch_design_predict/download-github-repos/mvvm/repos/rx-dagger-mvvm-master/app/src/androidTest/java/com/miku/mvvm/ExampleInstrumentedTest.java,com.miku.mvvm.ExampleInstrumentedTest,useAppContext/0,false,20,2,0,0,0,1,3,4,0,1,0,3,0,0,0,0,0,0,1,0,1,0,0,0,0,0,7,1,0,false
/home/arch_design_predict/download-github-repos/mvvm/repos/rx-dagger-mvvm-master/app/src/main/java/com/miku/mvvm/injector/component/AppComponent.java,com.miku.mvvm.injector.component.AppComponent,inject/1[com.miku.mvvm.MyApp],false,17,1,1,1,0,1,0,1,0,0,1,0,0,0,0,0,0,0,0,0,0,0,0,0,0,0,4,0,0,false
/home/arch_design_predict/download-github-repos/mvvm/repos/rx-dagger-mvvm-master/app/src/main/java/com/miku/mvvm/injector/component/AppComponent.java,com.miku.mvvm.injector.component.AppComponent,plus/1[com.miku.mvvm.ui.home.MainModule],false,19,2,1,1,0,1,0,1,0,0,1,0,0,0,0,0,0,0,0,0,0,0,0,0,0,0,5,0,0,false
/home/arch_design_predict/download-github-repos/mvvm/repos/rx-dagger-mvvm-master/app/src/main/java/com/miku/mvvm/ui/home/MainViewModel.java,com.miku.mvvm.ui.home.MainViewModel,MainViewModel/0,true,15,1,0,0,0,1,0,2,0,0,0,0,0,0,0,0,0,0,0,0,0,0,0,0,0,0,3,0,0,false
/home/arch_design_predict/download-github-repos/mvvm/repos/rx-dagger-mvvm-master/app/src/main/java/com/miku/mvvm/MyApp.java,com.miku.mvvm.MyApp,initInjector/0,false,24,1,2,1,1,1,3,4,0,0,0,3,0,0,0,0,0,0,0,0,1,0,0,0,0,0,4,2,0,false
/home/arch_design_predict/download-github-repos/mvvm/repos/rx-dagger-mvvm-master/app/src/main/java/com/miku/mvvm/MyApp.java,com.miku.mvvm.MyApp,getAppComponent/0,false,29,1,1,1,0,1,0,3,1,0,0,0,0,0,0,0,0,0,0,0,0,0,0,0,0,0,4,1,0,false
/home/arch_design_predict/download-github-repos/mvvm/repos/rx-dagger-mvvm-master/app/src/main/java/com/miku/mvvm/MyApp.java,com.miku.mvvm.MyApp,onCreate/0,false,18,1,1,0,1,1,2,5,0,0,0,2,1,1,0,0,0,0,0,0,1,0,0,0,0,0,6,1,0,false
/home/arch_design_predict/download-github-repos/mvvm/repos/rx-dagger-mvvm-master/app/src/main/java/com/miku/mvvm/MyApp.java,com.miku.mvvm.MyApp,getIns/0,false,33,1,1,1,0,1,0,3,1,0,0,0,0,0,0,0,0,0,0,0,0,0,0,0,0,0,5,9,0,false
/home/arch_design_predict/download-github-repos/mvvm/repos/rx-dagger-mvvm-master/app/src/main/java/com/miku/mvvm/base/BaseActivity.java,com.miku.mvvm.base.BaseActivity,initInjector/0,false,40,0,0,0,0,1,0,1,0,0,0,0,0,0,0,0,0,0,0,0,0,0,0,0,0,0,2,1028,0,false
/home/arch_design_predict/download-github-repos/mvvm/repos/rx-dagger-mvvm-master/app/src/main/java/com/miku/mvvm/base/BaseActivity.java,com.miku.mvvm.base.BaseActivity,onCreate/1[com.miku.mvvm.base.Bundle],false,31,3,4,0,4,1,6,8,0,0,1,6,0,0,0,0,0,0,0,0,2,0,0,0,0,0,15,4,0,false
/home/arch_design_predict/download-github-repos/mvvm/repos/rx-dagger-mvvm-master/app/src/main/java/com/miku/mvvm/base/BaseActivity.java,com.miku.mvvm.base.BaseActivity,initContentView/0,false,42,1,0,0,0,1,0,1,0,0,0,0,0,0,0,0,0,0,0,0,0,0,0,0,0,0,3,1028,0,false
/home/arch_design_predict/download-github-repos/mvvm/repos/rx-dagger-mvvm-master/app/src/main/java/com/miku/mvvm/base/BaseActivity.java,com.miku.mvvm.base.BaseActivity,initUI/0,false,44,0,0,0,0,1,0,1,0,0,0,0,0,0,0,0,0,0,0,0,0,0,0,0,0,0,3,1028,0,false
/home/arch_design_predict/download-github-repos/mvvm/repos/rx-dagger-mvvm-master/app/src/main/java/com/miku/mvvm/base/BaseActivity.java,com.miku.mvvm.base.BaseActivity,loadData/0,false,46,0,0,0,0,1,0,3,0,0,0,0,0,0,0,0,0,0,0,0,0,0,0,0,0,0,2,4,0,false
/home/arch_design_predict/download-github-repos/mvvm/repos/rx-dagger-mvvm-master/app/src/main/java/com/miku/mvvm/base/BaseActivity.java,com.miku.mvvm.base.BaseActivity,getAppComponent/0,false,50,2,2,0,2,1,2,3,1,0,0,2,0,0,0,0,0,0,0,0,0,0,0,0,0,0,3,4,0,false
/home/arch_design_predict/download-github-repos/mvvm/repos/rx-dagger-mvvm-master/app/src/test/java/com/miku/mvvm/ExampleUnitTest.java,com.miku.mvvm.ExampleUnitTest,addition_isCorrect/0,false,14,1,0,0,0,1,1,3,0,0,0,1,0,0,0,0,0,0,0,3,0,1,0,0,0,0,6,1,0,false
/home/arch_design_predict/download-github-repos/mvvm/repos/rx-dagger-mvvm-master/app/src/main/java/com/miku/mvvm/ui/home/MainComponent.java,com.miku.mvvm.ui.home.MainComponent,inject/1[com.miku.mvvm.ui.home.MainActivity],false,11,1,1,1,0,1,0,1,0,0,1,0,0,0,0,0,0,0,0,0,0,0,0,0,0,0,4,0,0,false
