file,class,method,variable,usage
/home/arch_design_predict/download-github-repos/mvvm/repos/MvvmTest-master/app/src/main/java/com/nannan/mvvmtest/net/impl/ZHHomeServiceImpl.java,com.nannan.mvvmtest.net.impl.ZHHomeServiceImpl,getCss/1[java.lang.String],url,1
/home/arch_design_predict/download-github-repos/mvvm/repos/MvvmTest-master/app/src/main/java/com/nannan/mvvmtest/net/impl/ZHHomeServiceImpl.java,com.nannan.mvvmtest.net.impl.ZHHomeServiceImpl,getNewsStories/1[java.lang.String],date,1
/home/arch_design_predict/download-github-repos/mvvm/repos/MvvmTest-master/app/src/main/java/com/nannan/mvvmtest/net/impl/ZHHomeServiceImpl.java,com.nannan.mvvmtest.net.impl.ZHHomeServiceImpl,getNewsDetail/1[java.lang.String],id,1
/home/arch_design_predict/download-github-repos/mvvm/repos/MvvmTest-master/app/src/main/java/com/nannan/mvvmtest/net/ServiceGenerator.java,com.nannan.mvvmtest.net.ServiceGenerator,createCssStringService/1[java.lang.Class<T>],serviceClass,1
/home/arch_design_predict/download-github-repos/mvvm/repos/MvvmTest-master/app/src/main/java/com/nannan/mvvmtest/net/ServiceGenerator.java,com.nannan.mvvmtest.net.ServiceGenerator,createNormalService/1[java.lang.Class<T>],serviceClass,1
/home/arch_design_predict/download-github-repos/mvvm/repos/MvvmTest-master/app/src/main/java/com/nannan/mvvmtest/entity/ZHNewsDetailEntity.java,com.nannan.mvvmtest.entity.ZHNewsDetailEntity,setId/1[int],id,2
/home/arch_design_predict/download-github-repos/mvvm/repos/MvvmTest-master/app/src/main/java/com/nannan/mvvmtest/entity/ZHNewsDetailEntity.java,com.nannan.mvvmtest.entity.ZHNewsDetailEntity,setRecommenders/1[java.util.List<com.nannan.mvvmtest.entity.ZHNewsDetailEntity.RecommendersBean>],recommenders,2
/home/arch_design_predict/download-github-repos/mvvm/repos/MvvmTest-master/app/src/main/java/com/nannan/mvvmtest/entity/ZHNewsDetailEntity.java,com.nannan.mvvmtest.entity.ZHNewsDetailEntity,setGaPrefix/1[java.lang.String],gaPrefix,2
/home/arch_design_predict/download-github-repos/mvvm/repos/MvvmTest-master/app/src/main/java/com/nannan/mvvmtest/entity/ZHNewsDetailEntity.java,com.nannan.mvvmtest.entity.ZHNewsDetailEntity,setSection/1[com.nannan.mvvmtest.entity.ZHNewsDetailEntity.SectionBean],section,2
/home/arch_design_predict/download-github-repos/mvvm/repos/MvvmTest-master/app/src/main/java/com/nannan/mvvmtest/entity/ZHNewsDetailEntity.java,com.nannan.mvvmtest.entity.ZHNewsDetailEntity,setType/1[int],type,2
/home/arch_design_predict/download-github-repos/mvvm/repos/MvvmTest-master/app/src/main/java/com/nannan/mvvmtest/entity/ZHNewsDetailEntity.java,com.nannan.mvvmtest.entity.ZHNewsDetailEntity,setBody/1[java.lang.String],body,2
/home/arch_design_predict/download-github-repos/mvvm/repos/MvvmTest-master/app/src/main/java/com/nannan/mvvmtest/entity/ZHNewsDetailEntity.java,com.nannan.mvvmtest.entity.ZHNewsDetailEntity,setTitle/1[java.lang.String],title,2
/home/arch_design_predict/download-github-repos/mvvm/repos/MvvmTest-master/app/src/main/java/com/nannan/mvvmtest/entity/ZHNewsDetailEntity.java,com.nannan.mvvmtest.entity.ZHNewsDetailEntity,setImage/1[java.lang.String],image,2
/home/arch_design_predict/download-github-repos/mvvm/repos/MvvmTest-master/app/src/main/java/com/nannan/mvvmtest/entity/ZHNewsDetailEntity.java,com.nannan.mvvmtest.entity.ZHNewsDetailEntity,setCss/1[java.util.List<java.lang.String>],css,2
/home/arch_design_predict/download-github-repos/mvvm/repos/MvvmTest-master/app/src/main/java/com/nannan/mvvmtest/entity/ZHNewsDetailEntity.java,com.nannan.mvvmtest.entity.ZHNewsDetailEntity,setShareUrl/1[java.lang.String],shareUrl,2
/home/arch_design_predict/download-github-repos/mvvm/repos/MvvmTest-master/app/src/main/java/com/nannan/mvvmtest/entity/ZHNewsDetailEntity.java,com.nannan.mvvmtest.entity.ZHNewsDetailEntity,setImageSource/1[java.lang.String],imageSource,2
/home/arch_design_predict/download-github-repos/mvvm/repos/MvvmTest-master/app/src/main/java/com/nannan/mvvmtest/entity/ZHNewsDetailEntity.java,com.nannan.mvvmtest.entity.ZHNewsDetailEntity,setJs/1[java.util.List<?>],js,2
/home/arch_design_predict/download-github-repos/mvvm/repos/MvvmTest-master/app/src/main/java/com/nannan/mvvmtest/entity/ZHHomeEntity.java,com.nannan.mvvmtest.entity.ZHHomeEntity,setDate/1[java.lang.String],date,2
/home/arch_design_predict/download-github-repos/mvvm/repos/MvvmTest-master/app/src/main/java/com/nannan/mvvmtest/entity/ZHHomeEntity.java,com.nannan.mvvmtest.entity.ZHHomeEntity,setStories/1[java.util.List<com.nannan.mvvmtest.entity.ZHNewsItemEntity>],stories,2
/home/arch_design_predict/download-github-repos/mvvm/repos/MvvmTest-master/app/src/main/java/com/nannan/mvvmtest/entity/ZHHomeEntity.java,com.nannan.mvvmtest.entity.ZHHomeEntity,setTopStories/1[java.util.List<com.nannan.mvvmtest.entity.ZHTopItemEntity>],topStories,2
/home/arch_design_predict/download-github-repos/mvvm/repos/MvvmTest-master/app/src/main/java/com/nannan/mvvmtest/base/vm/BaseRefreshSingleTypeRecyclerVM.java,com.nannan.mvvmtest.base.vm.BaseRefreshSingleTypeRecyclerVM,setRefreshRequestSuccess/1[T],entity,0
/home/arch_design_predict/download-github-repos/mvvm/repos/MvvmTest-master/app/src/main/java/com/nannan/mvvmtest/base/vm/BaseRefreshSingleTypeRecyclerVM.java,com.nannan.mvvmtest.base.vm.BaseRefreshSingleTypeRecyclerVM,setInitRequestSuccess/1[T],entity,0
/home/arch_design_predict/download-github-repos/mvvm/repos/MvvmTest-master/app/src/main/java/com/nannan/mvvmtest/net/ToStringConverter.java,com.nannan.mvvmtest.net.ToStringConverter,convert/1[com.nannan.mvvmtest.net.ResponseBody],value,1
/home/arch_design_predict/download-github-repos/mvvm/repos/MvvmTest-master/app/src/main/java/com/nannan/mvvmtest/vm/ZHNewsDetailViewModel.java,com.nannan.mvvmtest.vm.ZHNewsDetailViewModel,loadCss/1[java.lang.String],cssUrl,1
/home/arch_design_predict/download-github-repos/mvvm/repos/MvvmTest-master/app/src/main/java/com/nannan/mvvmtest/vm/ZHNewsDetailViewModel.java,com.nannan.mvvmtest.vm.ZHNewsDetailViewModel,ZHNewsDetailViewModel/1[java.lang.String],storyId,2
/home/arch_design_predict/download-github-repos/mvvm/repos/MvvmTest-master/app/src/main/java/com/nannan/mvvmtest/base/vm/BaseRefreshSingleTypeRecyclerVM.java,com.nannan.mvvmtest.base.vm.BaseRefreshSingleTypeRecyclerVM$Anonymous2,call/1[java.lang.Throwable],throwable,0
/home/arch_design_predict/download-github-repos/mvvm/repos/MvvmTest-master/app/src/main/java/com/nannan/mvvmtest/net/service/ZHHomeService.java,com.nannan.mvvmtest.net.service.ZHHomeService,getCss/1[java.lang.String],url,0
/home/arch_design_predict/download-github-repos/mvvm/repos/MvvmTest-master/app/src/main/java/com/nannan/mvvmtest/net/service/ZHHomeService.java,com.nannan.mvvmtest.net.service.ZHHomeService,getNewsStories/1[java.lang.String],date,0
/home/arch_design_predict/download-github-repos/mvvm/repos/MvvmTest-master/app/src/main/java/com/nannan/mvvmtest/net/service/ZHHomeService.java,com.nannan.mvvmtest.net.service.ZHHomeService,getNewsDetail/1[java.lang.String],id,0
/home/arch_design_predict/download-github-repos/mvvm/repos/MvvmTest-master/app/src/main/java/com/nannan/mvvmtest/base/vm/BaseRefreshSingleTypeRecyclerVM.java,com.nannan.mvvmtest.base.vm.BaseRefreshSingleTypeRecyclerVM$Anonymous1,call/1[T],baseEntity,1
/home/arch_design_predict/download-github-repos/mvvm/repos/MvvmTest-master/app/src/main/java/com/nannan/mvvmtest/activity/MainActivity.java,com.nannan.mvvmtest.activity.MainActivity,initView/0,fragment,1
/home/arch_design_predict/download-github-repos/mvvm/repos/MvvmTest-master/app/src/main/java/com/nannan/mvvmtest/activity/MainActivity.java,com.nannan.mvvmtest.activity.MainActivity,onCreate/1[com.nannan.mvvmtest.activity.Bundle],savedInstanceState,1
/home/arch_design_predict/download-github-repos/mvvm/repos/MvvmTest-master/app/src/main/java/com/nannan/mvvmtest/activity/MainActivity.java,com.nannan.mvvmtest.activity.MainActivity,onCreate/1[com.nannan.mvvmtest.activity.Bundle],binding,0
/home/arch_design_predict/download-github-repos/mvvm/repos/MvvmTest-master/app/src/main/java/com/nannan/mvvmtest/base/bindingadapter/RecyclerBindingAdapter.java,com.nannan.mvvmtest.base.bindingadapter.RecyclerBindingAdapter$OnScrollListener$Anonymous1,call/1[java.lang.Integer],integer,1
/home/arch_design_predict/download-github-repos/mvvm/repos/MvvmTest-master/app/src/main/java/com/nannan/mvvmtest/base/fragment/BaseFragment.java,com.nannan.mvvmtest.base.fragment.BaseFragment,onCreate/1[com.nannan.mvvmtest.base.fragment.Bundle],savedInstanceState,1
/home/arch_design_predict/download-github-repos/mvvm/repos/MvvmTest-master/app/src/main/java/com/nannan/mvvmtest/base/fragment/BaseFragment.java,com.nannan.mvvmtest.base.fragment.BaseFragment,"onCreateView/3[com.nannan.mvvmtest.base.fragment.LayoutInflater,com.nannan.mvvmtest.base.fragment.ViewGroup,com.nannan.mvvmtest.base.fragment.Bundle]",container,2
/home/arch_design_predict/download-github-repos/mvvm/repos/MvvmTest-master/app/src/main/java/com/nannan/mvvmtest/base/fragment/BaseFragment.java,com.nannan.mvvmtest.base.fragment.BaseFragment,"onCreateView/3[com.nannan.mvvmtest.base.fragment.LayoutInflater,com.nannan.mvvmtest.base.fragment.ViewGroup,com.nannan.mvvmtest.base.fragment.Bundle]",savedInstanceState,0
/home/arch_design_predict/download-github-repos/mvvm/repos/MvvmTest-master/app/src/main/java/com/nannan/mvvmtest/base/fragment/BaseFragment.java,com.nannan.mvvmtest.base.fragment.BaseFragment,"onCreateView/3[com.nannan.mvvmtest.base.fragment.LayoutInflater,com.nannan.mvvmtest.base.fragment.ViewGroup,com.nannan.mvvmtest.base.fragment.Bundle]",binding,2
/home/arch_design_predict/download-github-repos/mvvm/repos/MvvmTest-master/app/src/main/java/com/nannan/mvvmtest/base/fragment/BaseFragment.java,com.nannan.mvvmtest.base.fragment.BaseFragment,"onCreateView/3[com.nannan.mvvmtest.base.fragment.LayoutInflater,com.nannan.mvvmtest.base.fragment.ViewGroup,com.nannan.mvvmtest.base.fragment.Bundle]",inflater,0
/home/arch_design_predict/download-github-repos/mvvm/repos/MvvmTest-master/app/src/main/java/com/nannan/mvvmtest/base/fragment/BaseFragment.java,com.nannan.mvvmtest.base.fragment.BaseFragment,setVariable/1[com.nannan.mvvmtest.base.fragment.ViewDataBinding],binding,0
/home/arch_design_predict/download-github-repos/mvvm/repos/MvvmTest-master/app/src/main/java/com/nannan/mvvmtest/net/api/ZHHomeApi.java,com.nannan.mvvmtest.net.api.ZHHomeApi,getNewsDetail/1[java.lang.String],id,0
/home/arch_design_predict/download-github-repos/mvvm/repos/MvvmTest-master/app/src/main/java/com/nannan/mvvmtest/net/api/ZHHomeApi.java,com.nannan.mvvmtest.net.api.ZHHomeApi,getCss/1[java.lang.String],url,0
/home/arch_design_predict/download-github-repos/mvvm/repos/MvvmTest-master/app/src/main/java/com/nannan/mvvmtest/net/api/ZHHomeApi.java,com.nannan.mvvmtest.net.api.ZHHomeApi,getNewsStories/1[java.lang.String],date,0
/home/arch_design_predict/download-github-repos/mvvm/repos/MvvmTest-master/app/src/main/java/com/nannan/mvvmtest/vm/ZHHomeItemViewModel.java,com.nannan.mvvmtest.vm.ZHHomeItemViewModel,setData/1[java.lang.String],data,2
/home/arch_design_predict/download-github-repos/mvvm/repos/MvvmTest-master/app/src/main/java/com/nannan/mvvmtest/vm/ZHHomeItemViewModel.java,com.nannan.mvvmtest.vm.ZHHomeItemViewModel,setTopStoryItemModel/1[com.nannan.mvvmtest.vm.ObservableList<com.nannan.mvvmtest.entity.ZHTopItemEntity>],topStoryItemModel,2
/home/arch_design_predict/download-github-repos/mvvm/repos/MvvmTest-master/app/src/main/java/com/nannan/mvvmtest/vm/ZHHomeItemViewModel.java,com.nannan.mvvmtest.vm.ZHHomeItemViewModel,setStoryItemModel/1[com.nannan.mvvmtest.entity.ZHNewsItemEntity],storyItemModel,2
/home/arch_design_predict/download-github-repos/mvvm/repos/MvvmTest-master/app/src/main/java/com/nannan/mvvmtest/vm/ZHHomeItemViewModel.java,com.nannan.mvvmtest.vm.ZHHomeItemViewModel,setType/1[int],type,2
/home/arch_design_predict/download-github-repos/mvvm/repos/MvvmTest-master/app/src/main/java/com/nannan/mvvmtest/vm/ZHHomeItemViewModel.java,com.nannan.mvvmtest.vm.ZHHomeItemViewModel,onItemClick/1[com.nannan.mvvmtest.vm.View],view,2
/home/arch_design_predict/download-github-repos/mvvm/repos/MvvmTest-master/app/src/main/java/com/nannan/mvvmtest/vm/ZHHomeItemViewModel.java,com.nannan.mvvmtest.vm.ZHHomeItemViewModel,onItemClick/1[com.nannan.mvvmtest.vm.View],intent,2
/home/arch_design_predict/download-github-repos/mvvm/repos/MvvmTest-master/app/src/main/java/com/nannan/mvvmtest/vm/ZHHomeItemViewModel.java,com.nannan.mvvmtest.vm.ZHHomeItemViewModel,onItemClick/1[com.nannan.mvvmtest.vm.View],bundle,2
/home/arch_design_predict/download-github-repos/mvvm/repos/MvvmTest-master/app/src/main/java/com/nannan/mvvmtest/vm/ZHNewsDetailViewModel.java,com.nannan.mvvmtest.vm.ZHNewsDetailViewModel$Anonymous1,call/1[com.nannan.mvvmtest.entity.ZHNewsDetailEntity],entity,2
/home/arch_design_predict/download-github-repos/mvvm/repos/MvvmTest-master/app/src/main/java/com/nannan/mvvmtest/vm/ZHNewsDetailViewModel.java,com.nannan.mvvmtest.vm.ZHNewsDetailViewModel$Anonymous2,call/1[java.lang.Throwable],throwable,0
/home/arch_design_predict/download-github-repos/mvvm/repos/MvvmTest-master/app/src/main/java/com/example/along/mvvmtest/InfoAdapter.java,com.example.along.mvvmtest.InfoAdapter,"onCreateViewHolder/2[com.example.along.mvvmtest.ViewGroup,int]",viewGroup,2
/home/arch_design_predict/download-github-repos/mvvm/repos/MvvmTest-master/app/src/main/java/com/example/along/mvvmtest/InfoAdapter.java,com.example.along.mvvmtest.InfoAdapter,"onCreateViewHolder/2[com.example.along.mvvmtest.ViewGroup,int]",view,1
/home/arch_design_predict/download-github-repos/mvvm/repos/MvvmTest-master/app/src/main/java/com/example/along/mvvmtest/InfoAdapter.java,com.example.along.mvvmtest.InfoAdapter,"onCreateViewHolder/2[com.example.along.mvvmtest.ViewGroup,int]",position,0
/home/arch_design_predict/download-github-repos/mvvm/repos/MvvmTest-master/app/src/main/java/com/example/along/mvvmtest/InfoAdapter.java,com.example.along.mvvmtest.InfoAdapter,"onBindViewHolder/2[com.example.along.mvvmtest.InfoAdapter.InfoViewHolder,int]",infoViewHolder,5
/home/arch_design_predict/download-github-repos/mvvm/repos/MvvmTest-master/app/src/main/java/com/example/along/mvvmtest/InfoAdapter.java,com.example.along.mvvmtest.InfoAdapter,"onBindViewHolder/2[com.example.along.mvvmtest.InfoAdapter.InfoViewHolder,int]",v,1
/home/arch_design_predict/download-github-repos/mvvm/repos/MvvmTest-master/app/src/main/java/com/example/along/mvvmtest/InfoAdapter.java,com.example.along.mvvmtest.InfoAdapter,"onBindViewHolder/2[com.example.along.mvvmtest.InfoAdapter.InfoViewHolder,int]",position,1
/home/arch_design_predict/download-github-repos/mvvm/repos/MvvmTest-master/app/src/main/java/com/example/along/mvvmtest/InfoAdapter.java,com.example.along.mvvmtest.InfoAdapter,"onBindViewHolder/2[com.example.along.mvvmtest.InfoAdapter.InfoViewHolder,int]",info,5
/home/arch_design_predict/download-github-repos/mvvm/repos/MvvmTest-master/app/src/main/java/com/example/along/mvvmtest/InfoAdapter.java,com.example.along.mvvmtest.InfoAdapter,InfoAdapter/1[com.example.along.mvvmtest.MainFragment],fragment,1
/home/arch_design_predict/download-github-repos/mvvm/repos/MvvmTest-master/app/src/main/java/com/example/along/mvvmtest/InfoAdapter.java,com.example.along.mvvmtest.InfoAdapter,updateInfoList/1[java.util.List<com.example.along.mvvmtest.Info>],list,2
/home/arch_design_predict/download-github-repos/mvvm/repos/MvvmTest-master/app/src/main/java/com/nannan/mvvmtest/vm/ZHNewsDetailViewModel.java,com.nannan.mvvmtest.vm.ZHNewsDetailViewModel$Anonymous6,call/1[java.lang.Throwable],throwable,0
/home/arch_design_predict/download-github-repos/mvvm/repos/MvvmTest-master/app/src/main/java/com/nannan/mvvmtest/vm/ZHNewsDetailViewModel.java,com.nannan.mvvmtest.vm.ZHNewsDetailViewModel$Anonymous3,call/1[java.lang.String],css,0
/home/arch_design_predict/download-github-repos/mvvm/repos/MvvmTest-master/app/src/main/java/com/example/along/mvvmtest/MainActivity.java,com.example.along.mvvmtest.MainActivity,onCreate/1[com.example.along.mvvmtest.Bundle],savedInstanceState,1
/home/arch_design_predict/download-github-repos/mvvm/repos/MvvmTest-master/app/src/main/java/com/nannan/mvvmtest/entity/ZHTopItemEntity.java,com.nannan.mvvmtest.entity.ZHTopItemEntity,setImage/1[java.lang.String],image,2
/home/arch_design_predict/download-github-repos/mvvm/repos/MvvmTest-master/app/src/main/java/com/nannan/mvvmtest/entity/ZHTopItemEntity.java,com.nannan.mvvmtest.entity.ZHTopItemEntity,setGaPrefix/1[java.lang.String],gaPrefix,2
/home/arch_design_predict/download-github-repos/mvvm/repos/MvvmTest-master/app/src/main/java/com/nannan/mvvmtest/entity/ZHTopItemEntity.java,com.nannan.mvvmtest.entity.ZHTopItemEntity,setTitle/1[java.lang.String],title,2
/home/arch_design_predict/download-github-repos/mvvm/repos/MvvmTest-master/app/src/main/java/com/nannan/mvvmtest/entity/ZHTopItemEntity.java,com.nannan.mvvmtest.entity.ZHTopItemEntity,setType/1[int],type,2
/home/arch_design_predict/download-github-repos/mvvm/repos/MvvmTest-master/app/src/main/java/com/nannan/mvvmtest/entity/ZHTopItemEntity.java,com.nannan.mvvmtest.entity.ZHTopItemEntity,setId/1[int],id,2
/home/arch_design_predict/download-github-repos/mvvm/repos/MvvmTest-master/app/src/main/java/com/example/along/mvvmtest/InfoAdapter.java,com.example.along.mvvmtest.InfoAdapter$InfoViewHolder,InfoViewHolder/1[com.example.along.mvvmtest.View],itemView,7
/home/arch_design_predict/download-github-repos/mvvm/repos/MvvmTest-master/app/src/main/java/com/nannan/mvvmtest/utils/LogUtil.java,com.nannan.mvvmtest.utils.LogUtil,println/1[java.lang.String],message,2
/home/arch_design_predict/download-github-repos/mvvm/repos/MvvmTest-master/app/src/main/java/com/nannan/mvvmtest/utils/LogUtil.java,com.nannan.mvvmtest.utils.LogUtil,"info/3[java.lang.String,java.lang.String,java.lang.Throwable]",cause,1
/home/arch_design_predict/download-github-repos/mvvm/repos/MvvmTest-master/app/src/main/java/com/nannan/mvvmtest/utils/LogUtil.java,com.nannan.mvvmtest.utils.LogUtil,"info/3[java.lang.String,java.lang.String,java.lang.Throwable]",tag,1
/home/arch_design_predict/download-github-repos/mvvm/repos/MvvmTest-master/app/src/main/java/com/nannan/mvvmtest/utils/LogUtil.java,com.nannan.mvvmtest.utils.LogUtil,"info/3[java.lang.String,java.lang.String,java.lang.Throwable]",message,2
/home/arch_design_predict/download-github-repos/mvvm/repos/MvvmTest-master/app/src/main/java/com/nannan/mvvmtest/utils/LogUtil.java,com.nannan.mvvmtest.utils.LogUtil,makeLogTag/1[java.lang.String],str,3
/home/arch_design_predict/download-github-repos/mvvm/repos/MvvmTest-master/app/src/main/java/com/nannan/mvvmtest/utils/LogUtil.java,com.nannan.mvvmtest.utils.LogUtil,makeLogTag/1[java.lang.Class],cls,1
/home/arch_design_predict/download-github-repos/mvvm/repos/MvvmTest-master/app/src/main/java/com/nannan/mvvmtest/utils/LogUtil.java,com.nannan.mvvmtest.utils.LogUtil,"debug/3[java.lang.String,java.lang.String,java.lang.Throwable]",cause,1
/home/arch_design_predict/download-github-repos/mvvm/repos/MvvmTest-master/app/src/main/java/com/nannan/mvvmtest/utils/LogUtil.java,com.nannan.mvvmtest.utils.LogUtil,"debug/3[java.lang.String,java.lang.String,java.lang.Throwable]",tag,1
/home/arch_design_predict/download-github-repos/mvvm/repos/MvvmTest-master/app/src/main/java/com/nannan/mvvmtest/utils/LogUtil.java,com.nannan.mvvmtest.utils.LogUtil,"debug/3[java.lang.String,java.lang.String,java.lang.Throwable]",message,2
/home/arch_design_predict/download-github-repos/mvvm/repos/MvvmTest-master/app/src/main/java/com/nannan/mvvmtest/utils/LogUtil.java,com.nannan.mvvmtest.utils.LogUtil,isNotNull/1[java.lang.String],message,1
/home/arch_design_predict/download-github-repos/mvvm/repos/MvvmTest-master/app/src/main/java/com/nannan/mvvmtest/utils/LogUtil.java,com.nannan.mvvmtest.utils.LogUtil,"debug/2[java.lang.String,java.lang.String]",tag,1
/home/arch_design_predict/download-github-repos/mvvm/repos/MvvmTest-master/app/src/main/java/com/nannan/mvvmtest/utils/LogUtil.java,com.nannan.mvvmtest.utils.LogUtil,"debug/2[java.lang.String,java.lang.String]",message,2
/home/arch_design_predict/download-github-repos/mvvm/repos/MvvmTest-master/app/src/main/java/com/nannan/mvvmtest/utils/LogUtil.java,com.nannan.mvvmtest.utils.LogUtil,"info/2[java.lang.String,java.lang.String]",tag,1
/home/arch_design_predict/download-github-repos/mvvm/repos/MvvmTest-master/app/src/main/java/com/nannan/mvvmtest/utils/LogUtil.java,com.nannan.mvvmtest.utils.LogUtil,"info/2[java.lang.String,java.lang.String]",message,2
/home/arch_design_predict/download-github-repos/mvvm/repos/MvvmTest-master/app/src/main/java/com/nannan/mvvmtest/utils/LogUtil.java,com.nannan.mvvmtest.utils.LogUtil,"error/3[java.lang.String,java.lang.String,java.lang.Throwable]",cause,1
/home/arch_design_predict/download-github-repos/mvvm/repos/MvvmTest-master/app/src/main/java/com/nannan/mvvmtest/utils/LogUtil.java,com.nannan.mvvmtest.utils.LogUtil,"error/3[java.lang.String,java.lang.String,java.lang.Throwable]",tag,1
/home/arch_design_predict/download-github-repos/mvvm/repos/MvvmTest-master/app/src/main/java/com/nannan/mvvmtest/utils/LogUtil.java,com.nannan.mvvmtest.utils.LogUtil,"error/3[java.lang.String,java.lang.String,java.lang.Throwable]",message,2
/home/arch_design_predict/download-github-repos/mvvm/repos/MvvmTest-master/app/src/main/java/com/nannan/mvvmtest/utils/LogUtil.java,com.nannan.mvvmtest.utils.LogUtil,"error/2[java.lang.String,java.lang.String]",tag,1
/home/arch_design_predict/download-github-repos/mvvm/repos/MvvmTest-master/app/src/main/java/com/nannan/mvvmtest/utils/LogUtil.java,com.nannan.mvvmtest.utils.LogUtil,"error/2[java.lang.String,java.lang.String]",message,2
/home/arch_design_predict/download-github-repos/mvvm/repos/MvvmTest-master/app/src/main/java/com/nannan/mvvmtest/utils/LogUtil.java,com.nannan.mvvmtest.utils.LogUtil,"log/2[java.lang.Class,java.lang.String]",tag,1
/home/arch_design_predict/download-github-repos/mvvm/repos/MvvmTest-master/app/src/main/java/com/nannan/mvvmtest/utils/LogUtil.java,com.nannan.mvvmtest.utils.LogUtil,"log/2[java.lang.Class,java.lang.String]",message,2
/home/arch_design_predict/download-github-repos/mvvm/repos/MvvmTest-master/app/src/main/java/com/nannan/mvvmtest/base/vm/BaseRefreshRecyclerViewModel.java,com.nannan.mvvmtest.base.vm.BaseRefreshRecyclerViewModel,BaseRefreshRecyclerViewModel/1[com.nannan.mvvmtest.base.vm.Context],mContext,2
/home/arch_design_predict/download-github-repos/mvvm/repos/MvvmTest-master/app/src/main/java/com/nannan/mvvmtest/base/vm/BaseRefreshRecyclerViewModel.java,com.nannan.mvvmtest.base.vm.BaseRefreshRecyclerViewModel,"setitemView/3[com.nannan.mvvmtest.base.vm.ItemView,int,T]",item,0
/home/arch_design_predict/download-github-repos/mvvm/repos/MvvmTest-master/app/src/main/java/com/nannan/mvvmtest/base/vm/BaseRefreshRecyclerViewModel.java,com.nannan.mvvmtest.base.vm.BaseRefreshRecyclerViewModel,"setitemView/3[com.nannan.mvvmtest.base.vm.ItemView,int,T]",itemView,0
/home/arch_design_predict/download-github-repos/mvvm/repos/MvvmTest-master/app/src/main/java/com/nannan/mvvmtest/base/vm/BaseRefreshRecyclerViewModel.java,com.nannan.mvvmtest.base.vm.BaseRefreshRecyclerViewModel,"setitemView/3[com.nannan.mvvmtest.base.vm.ItemView,int,T]",position,0
/home/arch_design_predict/download-github-repos/mvvm/repos/MvvmTest-master/app/src/main/java/com/nannan/mvvmtest/base/bindingadapter/RecyclerBindingAdapter.java,com.nannan.mvvmtest.base.bindingadapter.RecyclerBindingAdapter,"onLoadMore/2[com.nannan.mvvmtest.base.bindingadapter.RecyclerView,com.nannan.mvvmtest.base.command.ActionCommand<java.lang.Integer>]",recyclerView,1
/home/arch_design_predict/download-github-repos/mvvm/repos/MvvmTest-master/app/src/main/java/com/nannan/mvvmtest/base/bindingadapter/RecyclerBindingAdapter.java,com.nannan.mvvmtest.base.bindingadapter.RecyclerBindingAdapter,"onLoadMore/2[com.nannan.mvvmtest.base.bindingadapter.RecyclerView,com.nannan.mvvmtest.base.command.ActionCommand<java.lang.Integer>]",listener,1
/home/arch_design_predict/download-github-repos/mvvm/repos/MvvmTest-master/app/src/main/java/com/nannan/mvvmtest/base/bindingadapter/RecyclerBindingAdapter.java,com.nannan.mvvmtest.base.bindingadapter.RecyclerBindingAdapter,"onLoadMore/2[com.nannan.mvvmtest.base.bindingadapter.RecyclerView,com.nannan.mvvmtest.base.command.ActionCommand<java.lang.Integer>]",onLoadMoreCommand,1
/home/arch_design_predict/download-github-repos/mvvm/repos/MvvmTest-master/app/src/main/java/com/nannan/mvvmtest/base/bindingadapter/WebViewBindingAdapter.java,com.nannan.mvvmtest.base.bindingadapter.WebViewBindingAdapter,"setBody/2[com.nannan.mvvmtest.base.bindingadapter.WebView,java.lang.String]",webView,1
/home/arch_design_predict/download-github-repos/mvvm/repos/MvvmTest-master/app/src/main/java/com/nannan/mvvmtest/base/bindingadapter/WebViewBindingAdapter.java,com.nannan.mvvmtest.base.bindingadapter.WebViewBindingAdapter,"setBody/2[com.nannan.mvvmtest.base.bindingadapter.WebView,java.lang.String]",body,3
/home/arch_design_predict/download-github-repos/mvvm/repos/MvvmTest-master/app/src/main/java/com/nannan/mvvmtest/base/bindingadapter/RecyclerBindingAdapter.java,com.nannan.mvvmtest.base.bindingadapter.RecyclerBindingAdapter$OnScrollListener,"onScrolled/3[com.nannan.mvvmtest.base.bindingadapter.RecyclerView,int,int]",dx,0
/home/arch_design_predict/download-github-repos/mvvm/repos/MvvmTest-master/app/src/main/java/com/nannan/mvvmtest/base/bindingadapter/RecyclerBindingAdapter.java,com.nannan.mvvmtest.base.bindingadapter.RecyclerBindingAdapter$OnScrollListener,"onScrolled/3[com.nannan.mvvmtest.base.bindingadapter.RecyclerView,int,int]",layoutManager,3
/home/arch_design_predict/download-github-repos/mvvm/repos/MvvmTest-master/app/src/main/java/com/nannan/mvvmtest/base/bindingadapter/RecyclerBindingAdapter.java,com.nannan.mvvmtest.base.bindingadapter.RecyclerBindingAdapter$OnScrollListener,"onScrolled/3[com.nannan.mvvmtest.base.bindingadapter.RecyclerView,int,int]",dy,0
/home/arch_design_predict/download-github-repos/mvvm/repos/MvvmTest-master/app/src/main/java/com/nannan/mvvmtest/base/bindingadapter/RecyclerBindingAdapter.java,com.nannan.mvvmtest.base.bindingadapter.RecyclerBindingAdapter$OnScrollListener,"onScrolled/3[com.nannan.mvvmtest.base.bindingadapter.RecyclerView,int,int]",recyclerView,2
/home/arch_design_predict/download-github-repos/mvvm/repos/MvvmTest-master/app/src/main/java/com/nannan/mvvmtest/base/bindingadapter/RecyclerBindingAdapter.java,com.nannan.mvvmtest.base.bindingadapter.RecyclerBindingAdapter$OnScrollListener,"onScrolled/3[com.nannan.mvvmtest.base.bindingadapter.RecyclerView,int,int]",visibleItemCount,1
/home/arch_design_predict/download-github-repos/mvvm/repos/MvvmTest-master/app/src/main/java/com/nannan/mvvmtest/base/bindingadapter/RecyclerBindingAdapter.java,com.nannan.mvvmtest.base.bindingadapter.RecyclerBindingAdapter$OnScrollListener,"onScrolled/3[com.nannan.mvvmtest.base.bindingadapter.RecyclerView,int,int]",totalItemCount,1
/home/arch_design_predict/download-github-repos/mvvm/repos/MvvmTest-master/app/src/main/java/com/nannan/mvvmtest/base/bindingadapter/RecyclerBindingAdapter.java,com.nannan.mvvmtest.base.bindingadapter.RecyclerBindingAdapter$OnScrollListener,"onScrolled/3[com.nannan.mvvmtest.base.bindingadapter.RecyclerView,int,int]",pastVisiblesItems,1
/home/arch_design_predict/download-github-repos/mvvm/repos/MvvmTest-master/app/src/main/java/com/nannan/mvvmtest/base/bindingadapter/RecyclerBindingAdapter.java,com.nannan.mvvmtest.base.bindingadapter.RecyclerBindingAdapter$OnScrollListener,"onScrollStateChanged/2[com.nannan.mvvmtest.base.bindingadapter.RecyclerView,int]",recyclerView,1
/home/arch_design_predict/download-github-repos/mvvm/repos/MvvmTest-master/app/src/main/java/com/nannan/mvvmtest/base/bindingadapter/RecyclerBindingAdapter.java,com.nannan.mvvmtest.base.bindingadapter.RecyclerBindingAdapter$OnScrollListener,"onScrollStateChanged/2[com.nannan.mvvmtest.base.bindingadapter.RecyclerView,int]",newState,1
/home/arch_design_predict/download-github-repos/mvvm/repos/MvvmTest-master/app/src/main/java/com/nannan/mvvmtest/base/bindingadapter/RecyclerBindingAdapter.java,com.nannan.mvvmtest.base.bindingadapter.RecyclerBindingAdapter$OnScrollListener,OnScrollListener/1[com.nannan.mvvmtest.base.command.ActionCommand<java.lang.Integer>],onLoadMoreCommand,2
/home/arch_design_predict/download-github-repos/mvvm/repos/MvvmTest-master/app/src/main/java/com/nannan/mvvmtest/vm/ZHNewsDetailViewModel.java,com.nannan.mvvmtest.vm.ZHNewsDetailViewModel$Anonymous3$Anonymous5,call/1[java.lang.String],s,1
/home/arch_design_predict/download-github-repos/mvvm/repos/MvvmTest-master/app/src/main/java/com/example/along/mvvmtest/AppDatabase.java,com.example.along.mvvmtest.AppDatabase,getInstance/1[com.example.along.mvvmtest.Context],context,1
/home/arch_design_predict/download-github-repos/mvvm/repos/MvvmTest-master/app/src/main/java/com/nannan/mvvmtest/vm/ZHNewsDetailViewModel.java,com.nannan.mvvmtest.vm.ZHNewsDetailViewModel$Anonymous3$Anonymous4,call/1[java.lang.String],s,1
/home/arch_design_predict/download-github-repos/mvvm/repos/MvvmTest-master/app/src/main/java/com/example/along/mvvmtest/InfoViewModel.java,com.example.along.mvvmtest.InfoViewModel,setUpdateFlag/1[boolean],flag,1
/home/arch_design_predict/download-github-repos/mvvm/repos/MvvmTest-master/app/src/main/java/com/example/along/mvvmtest/InfoViewModel.java,com.example.along.mvvmtest.InfoViewModel,findInfosByName/1[java.lang.String],name,1
/home/arch_design_predict/download-github-repos/mvvm/repos/MvvmTest-master/app/src/main/java/com/example/along/mvvmtest/InfoViewModel.java,com.example.along.mvvmtest.InfoViewModel,insertInfos/1[com.example.along.mvvmtest.Info[]],infos,1
/home/arch_design_predict/download-github-repos/mvvm/repos/MvvmTest-master/app/src/main/java/com/example/along/mvvmtest/InfoViewModel.java,com.example.along.mvvmtest.InfoViewModel,InfoViewModel/1[com.example.along.mvvmtest.Application],application,2
/home/arch_design_predict/download-github-repos/mvvm/repos/MvvmTest-master/app/src/main/java/com/example/along/mvvmtest/InfoViewModel.java,com.example.along.mvvmtest.InfoViewModel,deleteInfos/1[com.example.along.mvvmtest.Info[]],infos,1
/home/arch_design_predict/download-github-repos/mvvm/repos/MvvmTest-master/app/src/main/java/com/example/along/mvvmtest/InfoViewModel.java,com.example.along.mvvmtest.InfoViewModel,updateInfos/1[com.example.along.mvvmtest.Info[]],infos,1
/home/arch_design_predict/download-github-repos/mvvm/repos/MvvmTest-master/app/src/main/java/com/example/along/mvvmtest/utils/AppLog.java,com.example.along.mvvmtest.utils.AppLog,"error/2[java.lang.Object,java.lang.String]",msg,1
/home/arch_design_predict/download-github-repos/mvvm/repos/MvvmTest-master/app/src/main/java/com/example/along/mvvmtest/utils/AppLog.java,com.example.along.mvvmtest.utils.AppLog,"error/2[java.lang.Object,java.lang.String]",objectPrefix,1
/home/arch_design_predict/download-github-repos/mvvm/repos/MvvmTest-master/app/src/main/java/com/example/along/mvvmtest/utils/AppLog.java,com.example.along.mvvmtest.utils.AppLog,"error/2[java.lang.String,java.lang.String]",msg,1
/home/arch_design_predict/download-github-repos/mvvm/repos/MvvmTest-master/app/src/main/java/com/example/along/mvvmtest/utils/AppLog.java,com.example.along.mvvmtest.utils.AppLog,"error/2[java.lang.String,java.lang.String]",prefix,1
/home/arch_design_predict/download-github-repos/mvvm/repos/MvvmTest-master/app/src/main/java/com/example/along/mvvmtest/utils/AppLog.java,com.example.along.mvvmtest.utils.AppLog,isLoggable/1[int],level,1
/home/arch_design_predict/download-github-repos/mvvm/repos/MvvmTest-master/app/src/main/java/com/example/along/mvvmtest/utils/AppLog.java,com.example.along.mvvmtest.utils.AppLog,"warn/2[java.lang.Object,java.lang.String]",msg,1
/home/arch_design_predict/download-github-repos/mvvm/repos/MvvmTest-master/app/src/main/java/com/example/along/mvvmtest/utils/AppLog.java,com.example.along.mvvmtest.utils.AppLog,"warn/2[java.lang.Object,java.lang.String]",objectPrefix,1
/home/arch_design_predict/download-github-repos/mvvm/repos/MvvmTest-master/app/src/main/java/com/example/along/mvvmtest/utils/AppLog.java,com.example.along.mvvmtest.utils.AppLog,"info/2[java.lang.Object,java.lang.String]",msg,1
/home/arch_design_predict/download-github-repos/mvvm/repos/MvvmTest-master/app/src/main/java/com/example/along/mvvmtest/utils/AppLog.java,com.example.along.mvvmtest.utils.AppLog,"info/2[java.lang.Object,java.lang.String]",objectPrefix,1
/home/arch_design_predict/download-github-repos/mvvm/repos/MvvmTest-master/app/src/main/java/com/example/along/mvvmtest/utils/AppLog.java,com.example.along.mvvmtest.utils.AppLog,"warn/2[java.lang.String,java.lang.String]",msg,1
/home/arch_design_predict/download-github-repos/mvvm/repos/MvvmTest-master/app/src/main/java/com/example/along/mvvmtest/utils/AppLog.java,com.example.along.mvvmtest.utils.AppLog,"warn/2[java.lang.String,java.lang.String]",prefix,1
/home/arch_design_predict/download-github-repos/mvvm/repos/MvvmTest-master/app/src/main/java/com/example/along/mvvmtest/utils/AppLog.java,com.example.along.mvvmtest.utils.AppLog,"debug/2[java.lang.Object,java.lang.String]",msg,1
/home/arch_design_predict/download-github-repos/mvvm/repos/MvvmTest-master/app/src/main/java/com/example/along/mvvmtest/utils/AppLog.java,com.example.along.mvvmtest.utils.AppLog,"debug/2[java.lang.Object,java.lang.String]",objectPrefix,1
/home/arch_design_predict/download-github-repos/mvvm/repos/MvvmTest-master/app/src/main/java/com/example/along/mvvmtest/utils/AppLog.java,com.example.along.mvvmtest.utils.AppLog,"debug/2[java.lang.String,java.lang.String]",msg,1
/home/arch_design_predict/download-github-repos/mvvm/repos/MvvmTest-master/app/src/main/java/com/example/along/mvvmtest/utils/AppLog.java,com.example.along.mvvmtest.utils.AppLog,"debug/2[java.lang.String,java.lang.String]",prefix,1
/home/arch_design_predict/download-github-repos/mvvm/repos/MvvmTest-master/app/src/main/java/com/example/along/mvvmtest/utils/AppLog.java,com.example.along.mvvmtest.utils.AppLog,"info/2[java.lang.String,java.lang.String]",msg,1
/home/arch_design_predict/download-github-repos/mvvm/repos/MvvmTest-master/app/src/main/java/com/example/along/mvvmtest/utils/AppLog.java,com.example.along.mvvmtest.utils.AppLog,"info/2[java.lang.String,java.lang.String]",prefix,1
/home/arch_design_predict/download-github-repos/mvvm/repos/MvvmTest-master/app/src/main/java/com/example/along/mvvmtest/utils/AppLog.java,com.example.along.mvvmtest.utils.AppLog,getPrefixFromObject/1[java.lang.Object],obj,2
/home/arch_design_predict/download-github-repos/mvvm/repos/MvvmTest-master/app/src/main/java/com/example/along/mvvmtest/utils/AppLog.java,com.example.along.mvvmtest.utils.AppLog,"verbose/2[java.lang.String,java.lang.String]",msg,1
/home/arch_design_predict/download-github-repos/mvvm/repos/MvvmTest-master/app/src/main/java/com/example/along/mvvmtest/utils/AppLog.java,com.example.along.mvvmtest.utils.AppLog,"verbose/2[java.lang.String,java.lang.String]",prefix,1
/home/arch_design_predict/download-github-repos/mvvm/repos/MvvmTest-master/app/src/main/java/com/example/along/mvvmtest/utils/AppLog.java,com.example.along.mvvmtest.utils.AppLog,"verbose/2[java.lang.Object,java.lang.String]",msg,1
/home/arch_design_predict/download-github-repos/mvvm/repos/MvvmTest-master/app/src/main/java/com/example/along/mvvmtest/utils/AppLog.java,com.example.along.mvvmtest.utils.AppLog,"verbose/2[java.lang.Object,java.lang.String]",objectPrefix,1
/home/arch_design_predict/download-github-repos/mvvm/repos/MvvmTest-master/app/src/main/java/com/example/along/mvvmtest/InfoDao.java,com.example.along.mvvmtest.InfoDao,insertInfos/1[com.example.along.mvvmtest.Info[]],infos,0
/home/arch_design_predict/download-github-repos/mvvm/repos/MvvmTest-master/app/src/main/java/com/example/along/mvvmtest/InfoDao.java,com.example.along.mvvmtest.InfoDao,findInfosByName/1[java.lang.String],name,0
/home/arch_design_predict/download-github-repos/mvvm/repos/MvvmTest-master/app/src/main/java/com/example/along/mvvmtest/InfoDao.java,com.example.along.mvvmtest.InfoDao,updateInfos/1[com.example.along.mvvmtest.Info[]],infos,0
/home/arch_design_predict/download-github-repos/mvvm/repos/MvvmTest-master/app/src/main/java/com/example/along/mvvmtest/InfoDao.java,com.example.along.mvvmtest.InfoDao,deleteInfos/1[com.example.along.mvvmtest.Info[]],infos,0
/home/arch_design_predict/download-github-repos/mvvm/repos/MvvmTest-master/app/src/main/java/com/example/along/mvvmtest/MainFragment.java,com.example.along.mvvmtest.MainFragment,onActivityCreated/1[com.example.along.mvvmtest.Bundle],savedInstanceState,1
/home/arch_design_predict/download-github-repos/mvvm/repos/MvvmTest-master/app/src/main/java/com/example/along/mvvmtest/MainFragment.java,com.example.along.mvvmtest.MainFragment,onActivityCreated/1[com.example.along.mvvmtest.Bundle],infos,3
/home/arch_design_predict/download-github-repos/mvvm/repos/MvvmTest-master/app/src/main/java/com/example/along/mvvmtest/MainFragment.java,com.example.along.mvvmtest.MainFragment,initView/1[com.example.along.mvvmtest.View],view,5
/home/arch_design_predict/download-github-repos/mvvm/repos/MvvmTest-master/app/src/main/java/com/example/along/mvvmtest/MainFragment.java,com.example.along.mvvmtest.MainFragment,updateInfo/1[com.example.along.mvvmtest.Info],infoFragment,2
/home/arch_design_predict/download-github-repos/mvvm/repos/MvvmTest-master/app/src/main/java/com/example/along/mvvmtest/MainFragment.java,com.example.along.mvvmtest.MainFragment,updateInfo/1[com.example.along.mvvmtest.Info],info,1
/home/arch_design_predict/download-github-repos/mvvm/repos/MvvmTest-master/app/src/main/java/com/example/along/mvvmtest/MainFragment.java,com.example.along.mvvmtest.MainFragment,deleteInfos/1[com.example.along.mvvmtest.Info[]],infos,1
/home/arch_design_predict/download-github-repos/mvvm/repos/MvvmTest-master/app/src/main/java/com/example/along/mvvmtest/MainFragment.java,com.example.along.mvvmtest.MainFragment,onAttach/1[com.example.along.mvvmtest.Context],context,3
/home/arch_design_predict/download-github-repos/mvvm/repos/MvvmTest-master/app/src/main/java/com/example/along/mvvmtest/MainFragment.java,com.example.along.mvvmtest.MainFragment,"onCreateView/3[com.example.along.mvvmtest.LayoutInflater,com.example.along.mvvmtest.ViewGroup,com.example.along.mvvmtest.Bundle]",container,1
/home/arch_design_predict/download-github-repos/mvvm/repos/MvvmTest-master/app/src/main/java/com/example/along/mvvmtest/MainFragment.java,com.example.along.mvvmtest.MainFragment,"onCreateView/3[com.example.along.mvvmtest.LayoutInflater,com.example.along.mvvmtest.ViewGroup,com.example.along.mvvmtest.Bundle]",savedInstanceState,0
/home/arch_design_predict/download-github-repos/mvvm/repos/MvvmTest-master/app/src/main/java/com/example/along/mvvmtest/MainFragment.java,com.example.along.mvvmtest.MainFragment,"onCreateView/3[com.example.along.mvvmtest.LayoutInflater,com.example.along.mvvmtest.ViewGroup,com.example.along.mvvmtest.Bundle]",view,2
/home/arch_design_predict/download-github-repos/mvvm/repos/MvvmTest-master/app/src/main/java/com/example/along/mvvmtest/MainFragment.java,com.example.along.mvvmtest.MainFragment,"onCreateView/3[com.example.along.mvvmtest.LayoutInflater,com.example.along.mvvmtest.ViewGroup,com.example.along.mvvmtest.Bundle]",inflater,1
/home/arch_design_predict/download-github-repos/mvvm/repos/MvvmTest-master/app/src/main/java/com/example/along/mvvmtest/MainFragment.java,com.example.along.mvvmtest.MainFragment,onClick/1[com.example.along.mvvmtest.View],v,1
/home/arch_design_predict/download-github-repos/mvvm/repos/MvvmTest-master/app/src/main/java/com/nannan/mvvmtest/vm/ZHHomeViewModel.java,com.nannan.mvvmtest.vm.ZHHomeViewModel,"setitemView/3[com.nannan.mvvmtest.vm.ItemView,int,com.nannan.mvvmtest.vm.ZHHomeItemViewModel]",item,3
/home/arch_design_predict/download-github-repos/mvvm/repos/MvvmTest-master/app/src/main/java/com/nannan/mvvmtest/vm/ZHHomeViewModel.java,com.nannan.mvvmtest.vm.ZHHomeViewModel,"setitemView/3[com.nannan.mvvmtest.vm.ItemView,int,com.nannan.mvvmtest.vm.ZHHomeItemViewModel]",itemView,3
/home/arch_design_predict/download-github-repos/mvvm/repos/MvvmTest-master/app/src/main/java/com/nannan/mvvmtest/vm/ZHHomeViewModel.java,com.nannan.mvvmtest.vm.ZHHomeViewModel,"setitemView/3[com.nannan.mvvmtest.vm.ItemView,int,com.nannan.mvvmtest.vm.ZHHomeItemViewModel]",position,0
/home/arch_design_predict/download-github-repos/mvvm/repos/MvvmTest-master/app/src/main/java/com/nannan/mvvmtest/vm/ZHHomeViewModel.java,com.nannan.mvvmtest.vm.ZHHomeViewModel,"changeDateFormat/3[java.lang.String,java.text.SimpleDateFormat,java.text.SimpleDateFormat]",date,2
/home/arch_design_predict/download-github-repos/mvvm/repos/MvvmTest-master/app/src/main/java/com/nannan/mvvmtest/vm/ZHHomeViewModel.java,com.nannan.mvvmtest.vm.ZHHomeViewModel,"changeDateFormat/3[java.lang.String,java.text.SimpleDateFormat,java.text.SimpleDateFormat]",oldFormat,1
/home/arch_design_predict/download-github-repos/mvvm/repos/MvvmTest-master/app/src/main/java/com/nannan/mvvmtest/vm/ZHHomeViewModel.java,com.nannan.mvvmtest.vm.ZHHomeViewModel,"changeDateFormat/3[java.lang.String,java.text.SimpleDateFormat,java.text.SimpleDateFormat]",oldDate,1
/home/arch_design_predict/download-github-repos/mvvm/repos/MvvmTest-master/app/src/main/java/com/nannan/mvvmtest/vm/ZHHomeViewModel.java,com.nannan.mvvmtest.vm.ZHHomeViewModel,"changeDateFormat/3[java.lang.String,java.text.SimpleDateFormat,java.text.SimpleDateFormat]",e,1
/home/arch_design_predict/download-github-repos/mvvm/repos/MvvmTest-master/app/src/main/java/com/nannan/mvvmtest/vm/ZHHomeViewModel.java,com.nannan.mvvmtest.vm.ZHHomeViewModel,"changeDateFormat/3[java.lang.String,java.text.SimpleDateFormat,java.text.SimpleDateFormat]",newFormat,1
/home/arch_design_predict/download-github-repos/mvvm/repos/MvvmTest-master/app/src/main/java/com/nannan/mvvmtest/vm/ZHHomeViewModel.java,com.nannan.mvvmtest.vm.ZHHomeViewModel,ZHHomeViewModel/1[com.nannan.mvvmtest.vm.Context],mContext,1
/home/arch_design_predict/download-github-repos/mvvm/repos/MvvmTest-master/app/src/main/java/com/nannan/mvvmtest/activity/NewsDetailActivity.java,com.nannan.mvvmtest.activity.NewsDetailActivity,onCreate/1[com.nannan.mvvmtest.activity.Bundle],dataBindinng,1
/home/arch_design_predict/download-github-repos/mvvm/repos/MvvmTest-master/app/src/main/java/com/nannan/mvvmtest/activity/NewsDetailActivity.java,com.nannan.mvvmtest.activity.NewsDetailActivity,onCreate/1[com.nannan.mvvmtest.activity.Bundle],savedInstanceState,1
/home/arch_design_predict/download-github-repos/mvvm/repos/MvvmTest-master/app/src/main/java/com/nannan/mvvmtest/base/fragment/BaseRefreshFragment.java,com.nannan.mvvmtest.base.fragment.BaseRefreshFragment,setVariable/1[com.nannan.mvvmtest.base.fragment.ViewDataBinding],binding,1
/home/arch_design_predict/download-github-repos/mvvm/repos/MvvmTest-master/app/src/main/java/com/nannan/mvvmtest/entity/ZHNewsDetailEntity.java,com.nannan.mvvmtest.entity.ZHNewsDetailEntity$RecommendersBean,setAvatar/1[java.lang.String],avatar,2
/home/arch_design_predict/download-github-repos/mvvm/repos/MvvmTest-master/app/src/main/java/com/example/along/mvvmtest/InfoRepository.java,com.example.along.mvvmtest.InfoRepository,deleteInfos/1[com.example.along.mvvmtest.Info[]],e,1
/home/arch_design_predict/download-github-repos/mvvm/repos/MvvmTest-master/app/src/main/java/com/example/along/mvvmtest/InfoRepository.java,com.example.along.mvvmtest.InfoRepository,deleteInfos/1[com.example.along.mvvmtest.Info[]],thread4,2
/home/arch_design_predict/download-github-repos/mvvm/repos/MvvmTest-master/app/src/main/java/com/example/along/mvvmtest/InfoRepository.java,com.example.along.mvvmtest.InfoRepository,deleteInfos/1[com.example.along.mvvmtest.Info[]],infos,2
/home/arch_design_predict/download-github-repos/mvvm/repos/MvvmTest-master/app/src/main/java/com/example/along/mvvmtest/InfoRepository.java,com.example.along.mvvmtest.InfoRepository,deleteInfos/1[com.example.along.mvvmtest.Info[]],info,1
/home/arch_design_predict/download-github-repos/mvvm/repos/MvvmTest-master/app/src/main/java/com/example/along/mvvmtest/InfoRepository.java,com.example.along.mvvmtest.InfoRepository,insertInfos/1[com.example.along.mvvmtest.Info[]],e,1
/home/arch_design_predict/download-github-repos/mvvm/repos/MvvmTest-master/app/src/main/java/com/example/along/mvvmtest/InfoRepository.java,com.example.along.mvvmtest.InfoRepository,insertInfos/1[com.example.along.mvvmtest.Info[]],thread2,2
/home/arch_design_predict/download-github-repos/mvvm/repos/MvvmTest-master/app/src/main/java/com/example/along/mvvmtest/InfoRepository.java,com.example.along.mvvmtest.InfoRepository,insertInfos/1[com.example.along.mvvmtest.Info[]],infos,2
/home/arch_design_predict/download-github-repos/mvvm/repos/MvvmTest-master/app/src/main/java/com/example/along/mvvmtest/InfoRepository.java,com.example.along.mvvmtest.InfoRepository,insertInfos/1[com.example.along.mvvmtest.Info[]],info,1
/home/arch_design_predict/download-github-repos/mvvm/repos/MvvmTest-master/app/src/main/java/com/example/along/mvvmtest/InfoRepository.java,com.example.along.mvvmtest.InfoRepository,updateInfos/1[com.example.along.mvvmtest.Info[]],e,1
/home/arch_design_predict/download-github-repos/mvvm/repos/MvvmTest-master/app/src/main/java/com/example/along/mvvmtest/InfoRepository.java,com.example.along.mvvmtest.InfoRepository,updateInfos/1[com.example.along.mvvmtest.Info[]],thread5,2
/home/arch_design_predict/download-github-repos/mvvm/repos/MvvmTest-master/app/src/main/java/com/example/along/mvvmtest/InfoRepository.java,com.example.along.mvvmtest.InfoRepository,updateInfos/1[com.example.along.mvvmtest.Info[]],infos,1
/home/arch_design_predict/download-github-repos/mvvm/repos/MvvmTest-master/app/src/main/java/com/example/along/mvvmtest/InfoRepository.java,com.example.along.mvvmtest.InfoRepository,InfoRepository/1[com.example.along.mvvmtest.Application],appDatabase,1
/home/arch_design_predict/download-github-repos/mvvm/repos/MvvmTest-master/app/src/main/java/com/example/along/mvvmtest/InfoRepository.java,com.example.along.mvvmtest.InfoRepository,InfoRepository/1[com.example.along.mvvmtest.Application],application,1
/home/arch_design_predict/download-github-repos/mvvm/repos/MvvmTest-master/app/src/main/java/com/example/along/mvvmtest/InfoRepository.java,com.example.along.mvvmtest.InfoRepository,InfoRepository/1[com.example.along.mvvmtest.Application],e,1
/home/arch_design_predict/download-github-repos/mvvm/repos/MvvmTest-master/app/src/main/java/com/example/along/mvvmtest/InfoRepository.java,com.example.along.mvvmtest.InfoRepository,InfoRepository/1[com.example.along.mvvmtest.Application],thread1,2
/home/arch_design_predict/download-github-repos/mvvm/repos/MvvmTest-master/app/src/main/java/com/example/along/mvvmtest/InfoRepository.java,com.example.along.mvvmtest.InfoRepository,getInstance/1[com.example.along.mvvmtest.Application],application,1
/home/arch_design_predict/download-github-repos/mvvm/repos/MvvmTest-master/app/src/main/java/com/example/along/mvvmtest/InfoRepository.java,com.example.along.mvvmtest.InfoRepository,findInfosByName/1[java.lang.String],e,1
/home/arch_design_predict/download-github-repos/mvvm/repos/MvvmTest-master/app/src/main/java/com/example/along/mvvmtest/InfoRepository.java,com.example.along.mvvmtest.InfoRepository,findInfosByName/1[java.lang.String],name,2
/home/arch_design_predict/download-github-repos/mvvm/repos/MvvmTest-master/app/src/main/java/com/example/along/mvvmtest/InfoRepository.java,com.example.along.mvvmtest.InfoRepository,findInfosByName/1[java.lang.String],thread3,2
/home/arch_design_predict/download-github-repos/mvvm/repos/MvvmTest-master/app/src/main/java/com/example/along/mvvmtest/InfoRepository.java,com.example.along.mvvmtest.InfoRepository,findInfosByName/1[java.lang.String],infos,3
/home/arch_design_predict/download-github-repos/mvvm/repos/MvvmTest-master/app/src/main/java/com/nannan/mvvmtest/base/bindingadapter/ImageBindingAdapter.java,com.nannan.mvvmtest.base.bindingadapter.ImageBindingAdapter,"loadImage/2[com.nannan.mvvmtest.base.bindingadapter.ImageView,java.util.List<java.lang.String>]",uris,3
/home/arch_design_predict/download-github-repos/mvvm/repos/MvvmTest-master/app/src/main/java/com/nannan/mvvmtest/base/bindingadapter/ImageBindingAdapter.java,com.nannan.mvvmtest.base.bindingadapter.ImageBindingAdapter,"loadImage/2[com.nannan.mvvmtest.base.bindingadapter.ImageView,java.util.List<java.lang.String>]",imageUri,3
/home/arch_design_predict/download-github-repos/mvvm/repos/MvvmTest-master/app/src/main/java/com/nannan/mvvmtest/base/bindingadapter/ImageBindingAdapter.java,com.nannan.mvvmtest.base.bindingadapter.ImageBindingAdapter,"loadImage/2[com.nannan.mvvmtest.base.bindingadapter.ImageView,java.util.List<java.lang.String>]",imageView,3
/home/arch_design_predict/download-github-repos/mvvm/repos/MvvmTest-master/app/src/main/java/com/nannan/mvvmtest/base/bindingadapter/ImageBindingAdapter.java,com.nannan.mvvmtest.base.bindingadapter.ImageBindingAdapter,"loadImage/2[com.nannan.mvvmtest.base.bindingadapter.ImageView,java.lang.String]",imageView,3
/home/arch_design_predict/download-github-repos/mvvm/repos/MvvmTest-master/app/src/main/java/com/nannan/mvvmtest/base/bindingadapter/ImageBindingAdapter.java,com.nannan.mvvmtest.base.bindingadapter.ImageBindingAdapter,"loadImage/2[com.nannan.mvvmtest.base.bindingadapter.ImageView,java.lang.String]",uri,3
/home/arch_design_predict/download-github-repos/mvvm/repos/MvvmTest-master/app/src/main/java/com/nannan/mvvmtest/vm/ZHHomeViewModel.java,com.nannan.mvvmtest.vm.ZHHomeViewModel$Anonymous4,call/1[java.lang.Throwable],throwable,0
/home/arch_design_predict/download-github-repos/mvvm/repos/MvvmTest-master/app/src/main/java/com/nannan/mvvmtest/entity/ZHNewsDetailEntity.java,com.nannan.mvvmtest.entity.ZHNewsDetailEntity$SectionBean,setId/1[int],id,2
/home/arch_design_predict/download-github-repos/mvvm/repos/MvvmTest-master/app/src/main/java/com/nannan/mvvmtest/entity/ZHNewsDetailEntity.java,com.nannan.mvvmtest.entity.ZHNewsDetailEntity$SectionBean,setThumbnail/1[java.lang.String],thumbnail,2
/home/arch_design_predict/download-github-repos/mvvm/repos/MvvmTest-master/app/src/main/java/com/nannan/mvvmtest/entity/ZHNewsDetailEntity.java,com.nannan.mvvmtest.entity.ZHNewsDetailEntity$SectionBean,setName/1[java.lang.String],name,2
/home/arch_design_predict/download-github-repos/mvvm/repos/MvvmTest-master/app/src/main/java/com/nannan/mvvmtest/base/vm/BaseRefreshRecyclerViewModel.java,com.nannan.mvvmtest.base.vm.BaseRefreshRecyclerViewModel$Anonymous3,"select/3[com.nannan.mvvmtest.base.vm.ItemView,int,T]",item,1
/home/arch_design_predict/download-github-repos/mvvm/repos/MvvmTest-master/app/src/main/java/com/nannan/mvvmtest/base/vm/BaseRefreshRecyclerViewModel.java,com.nannan.mvvmtest.base.vm.BaseRefreshRecyclerViewModel$Anonymous3,"select/3[com.nannan.mvvmtest.base.vm.ItemView,int,T]",itemView,1
/home/arch_design_predict/download-github-repos/mvvm/repos/MvvmTest-master/app/src/main/java/com/nannan/mvvmtest/base/vm/BaseRefreshRecyclerViewModel.java,com.nannan.mvvmtest.base.vm.BaseRefreshRecyclerViewModel$Anonymous3,"select/3[com.nannan.mvvmtest.base.vm.ItemView,int,T]",position,1
/home/arch_design_predict/download-github-repos/mvvm/repos/MvvmTest-master/app/src/main/java/com/example/along/mvvmtest/InfoFragment.java,com.example.along.mvvmtest.InfoFragment,onAttach/1[com.example.along.mvvmtest.Context],context,1
/home/arch_design_predict/download-github-repos/mvvm/repos/MvvmTest-master/app/src/main/java/com/example/along/mvvmtest/InfoFragment.java,com.example.along.mvvmtest.InfoFragment,updateInfo/1[com.example.along.mvvmtest.Info],info,2
/home/arch_design_predict/download-github-repos/mvvm/repos/MvvmTest-master/app/src/main/java/com/example/along/mvvmtest/InfoFragment.java,com.example.along.mvvmtest.InfoFragment,"onCreateView/3[com.example.along.mvvmtest.LayoutInflater,com.example.along.mvvmtest.ViewGroup,com.example.along.mvvmtest.Bundle]",container,1
/home/arch_design_predict/download-github-repos/mvvm/repos/MvvmTest-master/app/src/main/java/com/example/along/mvvmtest/InfoFragment.java,com.example.along.mvvmtest.InfoFragment,"onCreateView/3[com.example.along.mvvmtest.LayoutInflater,com.example.along.mvvmtest.ViewGroup,com.example.along.mvvmtest.Bundle]",savedInstanceState,0
/home/arch_design_predict/download-github-repos/mvvm/repos/MvvmTest-master/app/src/main/java/com/example/along/mvvmtest/InfoFragment.java,com.example.along.mvvmtest.InfoFragment,"onCreateView/3[com.example.along.mvvmtest.LayoutInflater,com.example.along.mvvmtest.ViewGroup,com.example.along.mvvmtest.Bundle]",view,2
/home/arch_design_predict/download-github-repos/mvvm/repos/MvvmTest-master/app/src/main/java/com/example/along/mvvmtest/InfoFragment.java,com.example.along.mvvmtest.InfoFragment,"onCreateView/3[com.example.along.mvvmtest.LayoutInflater,com.example.along.mvvmtest.ViewGroup,com.example.along.mvvmtest.Bundle]",inflater,1
/home/arch_design_predict/download-github-repos/mvvm/repos/MvvmTest-master/app/src/main/java/com/example/along/mvvmtest/InfoFragment.java,com.example.along.mvvmtest.InfoFragment,onResume/0,v,0
/home/arch_design_predict/download-github-repos/mvvm/repos/MvvmTest-master/app/src/main/java/com/example/along/mvvmtest/InfoFragment.java,com.example.along.mvvmtest.InfoFragment,onResume/0,info1,10
/home/arch_design_predict/download-github-repos/mvvm/repos/MvvmTest-master/app/src/main/java/com/example/along/mvvmtest/InfoFragment.java,com.example.along.mvvmtest.InfoFragment,onActivityCreated/1[com.example.along.mvvmtest.Bundle],savedInstanceState,1
/home/arch_design_predict/download-github-repos/mvvm/repos/MvvmTest-master/app/src/main/java/com/example/along/mvvmtest/InfoFragment.java,com.example.along.mvvmtest.InfoFragment,onActivityCreated/1[com.example.along.mvvmtest.Bundle],flag,2
/home/arch_design_predict/download-github-repos/mvvm/repos/MvvmTest-master/app/src/main/java/com/example/along/mvvmtest/InfoFragment.java,com.example.along.mvvmtest.InfoFragment,initView/1[com.example.along.mvvmtest.View],view,10
/home/arch_design_predict/download-github-repos/mvvm/repos/MvvmTest-master/app/src/main/java/com/example/along/mvvmtest/Info.java,com.example.along.mvvmtest.Info,setNumber/1[int],number,2
/home/arch_design_predict/download-github-repos/mvvm/repos/MvvmTest-master/app/src/main/java/com/example/along/mvvmtest/Info.java,com.example.along.mvvmtest.Info,setJob/1[java.lang.String],job,2
/home/arch_design_predict/download-github-repos/mvvm/repos/MvvmTest-master/app/src/main/java/com/example/along/mvvmtest/Info.java,com.example.along.mvvmtest.Info,setComment/1[java.lang.String],comment,2
/home/arch_design_predict/download-github-repos/mvvm/repos/MvvmTest-master/app/src/main/java/com/example/along/mvvmtest/Info.java,com.example.along.mvvmtest.Info,setName/1[java.lang.String],name,2
/home/arch_design_predict/download-github-repos/mvvm/repos/MvvmTest-master/app/src/main/java/com/example/along/mvvmtest/Info.java,com.example.along.mvvmtest.Info,setAge/1[int],age,2
/home/arch_design_predict/download-github-repos/mvvm/repos/MvvmTest-master/app/src/main/java/com/example/along/mvvmtest/Info.java,com.example.along.mvvmtest.Info,setSex/1[boolean],sex,2
/home/arch_design_predict/download-github-repos/mvvm/repos/MvvmTest-master/app/src/main/java/com/example/along/mvvmtest/Info.java,com.example.along.mvvmtest.Info,setWeight/1[double],weight,2
/home/arch_design_predict/download-github-repos/mvvm/repos/MvvmTest-master/app/src/main/java/com/example/along/mvvmtest/Info.java,com.example.along.mvvmtest.Info,setCity/1[java.lang.String],city,2
/home/arch_design_predict/download-github-repos/mvvm/repos/MvvmTest-master/app/src/main/java/com/nannan/mvvmtest/base/vm/BaseRefreshRecyclerViewModel.java,com.nannan.mvvmtest.base.vm.BaseRefreshRecyclerViewModel$Anonymous2,call/1[java.lang.Integer],integer,0
/home/arch_design_predict/download-github-repos/mvvm/repos/MvvmTest-master/app/src/main/java/com/nannan/mvvmtest/entity/ZHNewsItemEntity.java,com.nannan.mvvmtest.entity.ZHNewsItemEntity,onItemClick/1[com.nannan.mvvmtest.entity.View],view,0
/home/arch_design_predict/download-github-repos/mvvm/repos/MvvmTest-master/app/src/main/java/com/nannan/mvvmtest/entity/ZHNewsItemEntity.java,com.nannan.mvvmtest.entity.ZHNewsItemEntity,setType/1[int],type,2
/home/arch_design_predict/download-github-repos/mvvm/repos/MvvmTest-master/app/src/main/java/com/nannan/mvvmtest/entity/ZHNewsItemEntity.java,com.nannan.mvvmtest.entity.ZHNewsItemEntity,setImages/1[java.util.List<java.lang.String>],images,2
/home/arch_design_predict/download-github-repos/mvvm/repos/MvvmTest-master/app/src/main/java/com/nannan/mvvmtest/entity/ZHNewsItemEntity.java,com.nannan.mvvmtest.entity.ZHNewsItemEntity,setId/1[int],id,2
/home/arch_design_predict/download-github-repos/mvvm/repos/MvvmTest-master/app/src/main/java/com/nannan/mvvmtest/entity/ZHNewsItemEntity.java,com.nannan.mvvmtest.entity.ZHNewsItemEntity,setTitle/1[java.lang.String],title,2
/home/arch_design_predict/download-github-repos/mvvm/repos/MvvmTest-master/app/src/main/java/com/nannan/mvvmtest/entity/ZHNewsItemEntity.java,com.nannan.mvvmtest.entity.ZHNewsItemEntity,setGaPrefix/1[java.lang.String],gaPrefix,2
/home/arch_design_predict/download-github-repos/mvvm/repos/MvvmTest-master/app/src/main/java/com/nannan/mvvmtest/net/ServiceGenerator.java,com.nannan.mvvmtest.net.ServiceGenerator$Anonymous1,"responseBodyConverter/3[java.lang.reflect.Type,java.lang.annotation.Annotation[],com.nannan.mvvmtest.net.Retrofit]",retrofit,0
/home/arch_design_predict/download-github-repos/mvvm/repos/MvvmTest-master/app/src/main/java/com/nannan/mvvmtest/net/ServiceGenerator.java,com.nannan.mvvmtest.net.ServiceGenerator$Anonymous1,"responseBodyConverter/3[java.lang.reflect.Type,java.lang.annotation.Annotation[],com.nannan.mvvmtest.net.Retrofit]",annotations,0
/home/arch_design_predict/download-github-repos/mvvm/repos/MvvmTest-master/app/src/main/java/com/nannan/mvvmtest/net/ServiceGenerator.java,com.nannan.mvvmtest.net.ServiceGenerator$Anonymous1,"responseBodyConverter/3[java.lang.reflect.Type,java.lang.annotation.Annotation[],com.nannan.mvvmtest.net.Retrofit]",type,0
/home/arch_design_predict/download-github-repos/mvvm/repos/MvvmTest-master/app/src/androidTest/java/com/example/along/mvvmtest/ExampleInstrumentedTest.java,com.example.along.mvvmtest.ExampleInstrumentedTest,useAppContext/0,appContext,1
/home/arch_design_predict/download-github-repos/mvvm/repos/MvvmTest-master/app/src/main/java/com/nannan/mvvmtest/base/command/ActionCommand.java,com.nannan.mvvmtest.base.command.ActionCommand,ActionCommand/1[com.nannan.mvvmtest.base.command.Action1<T>],execute,1
/home/arch_design_predict/download-github-repos/mvvm/repos/MvvmTest-master/app/src/main/java/com/nannan/mvvmtest/base/command/ActionCommand.java,com.nannan.mvvmtest.base.command.ActionCommand,ActionCommand/1[com.nannan.mvvmtest.base.command.Action0],execute,1
/home/arch_design_predict/download-github-repos/mvvm/repos/MvvmTest-master/app/src/main/java/com/nannan/mvvmtest/base/command/ActionCommand.java,com.nannan.mvvmtest.base.command.ActionCommand,"ActionCommand/2[com.nannan.mvvmtest.base.command.Action0,com.nannan.mvvmtest.base.command.Func0<java.lang.Boolean>]",canExecute0,2
/home/arch_design_predict/download-github-repos/mvvm/repos/MvvmTest-master/app/src/main/java/com/nannan/mvvmtest/base/command/ActionCommand.java,com.nannan.mvvmtest.base.command.ActionCommand,"ActionCommand/2[com.nannan.mvvmtest.base.command.Action0,com.nannan.mvvmtest.base.command.Func0<java.lang.Boolean>]",execute,1
/home/arch_design_predict/download-github-repos/mvvm/repos/MvvmTest-master/app/src/main/java/com/nannan/mvvmtest/base/command/ActionCommand.java,com.nannan.mvvmtest.base.command.ActionCommand,execute/1[T],parameter,1
/home/arch_design_predict/download-github-repos/mvvm/repos/MvvmTest-master/app/src/main/java/com/nannan/mvvmtest/base/command/ActionCommand.java,com.nannan.mvvmtest.base.command.ActionCommand,"ActionCommand/2[com.nannan.mvvmtest.base.command.Action1<T>,com.nannan.mvvmtest.base.command.Func0<java.lang.Boolean>]",canExecute0,2
/home/arch_design_predict/download-github-repos/mvvm/repos/MvvmTest-master/app/src/main/java/com/nannan/mvvmtest/base/command/ActionCommand.java,com.nannan.mvvmtest.base.command.ActionCommand,"ActionCommand/2[com.nannan.mvvmtest.base.command.Action1<T>,com.nannan.mvvmtest.base.command.Func0<java.lang.Boolean>]",execute,1
/home/arch_design_predict/download-github-repos/mvvm/repos/MvvmTest-master/app/src/main/java/com/nannan/mvvmtest/vm/ZHHomeViewModel.java,com.nannan.mvvmtest.vm.ZHHomeViewModel$Anonymous1,call/1[com.nannan.mvvmtest.entity.ZHHomeEntity],newsItemEntities,1
/home/arch_design_predict/download-github-repos/mvvm/repos/MvvmTest-master/app/src/main/java/com/nannan/mvvmtest/vm/ZHHomeViewModel.java,com.nannan.mvvmtest.vm.ZHHomeViewModel$Anonymous1,call/1[com.nannan.mvvmtest.entity.ZHHomeEntity],date,2
/home/arch_design_predict/download-github-repos/mvvm/repos/MvvmTest-master/app/src/main/java/com/nannan/mvvmtest/vm/ZHHomeViewModel.java,com.nannan.mvvmtest.vm.ZHHomeViewModel$Anonymous1,call/1[com.nannan.mvvmtest.entity.ZHHomeEntity],dateModel,3
/home/arch_design_predict/download-github-repos/mvvm/repos/MvvmTest-master/app/src/main/java/com/nannan/mvvmtest/vm/ZHHomeViewModel.java,com.nannan.mvvmtest.vm.ZHHomeViewModel$Anonymous1,call/1[com.nannan.mvvmtest.entity.ZHHomeEntity],d,1
/home/arch_design_predict/download-github-repos/mvvm/repos/MvvmTest-master/app/src/main/java/com/nannan/mvvmtest/vm/ZHHomeViewModel.java,com.nannan.mvvmtest.vm.ZHHomeViewModel$Anonymous1,call/1[com.nannan.mvvmtest.entity.ZHHomeEntity],model,3
/home/arch_design_predict/download-github-repos/mvvm/repos/MvvmTest-master/app/src/main/java/com/nannan/mvvmtest/vm/ZHHomeViewModel.java,com.nannan.mvvmtest.vm.ZHHomeViewModel$Anonymous1,call/1[com.nannan.mvvmtest.entity.ZHHomeEntity],zhHomeEntity,2
/home/arch_design_predict/download-github-repos/mvvm/repos/MvvmTest-master/app/src/main/java/com/nannan/mvvmtest/vm/ZHHomeViewModel.java,com.nannan.mvvmtest.vm.ZHHomeViewModel$Anonymous1,call/1[com.nannan.mvvmtest.entity.ZHHomeEntity],entity,1
/home/arch_design_predict/download-github-repos/mvvm/repos/MvvmTest-master/app/src/main/java/com/nannan/mvvmtest/vm/ZHHomeViewModel.java,com.nannan.mvvmtest.vm.ZHHomeViewModel$Anonymous3,call/1[com.nannan.mvvmtest.entity.ZHHomeEntity],newsItemEntities,1
/home/arch_design_predict/download-github-repos/mvvm/repos/MvvmTest-master/app/src/main/java/com/nannan/mvvmtest/vm/ZHHomeViewModel.java,com.nannan.mvvmtest.vm.ZHHomeViewModel$Anonymous3,call/1[com.nannan.mvvmtest.entity.ZHHomeEntity],date,1
/home/arch_design_predict/download-github-repos/mvvm/repos/MvvmTest-master/app/src/main/java/com/nannan/mvvmtest/vm/ZHHomeViewModel.java,com.nannan.mvvmtest.vm.ZHHomeViewModel$Anonymous3,call/1[com.nannan.mvvmtest.entity.ZHHomeEntity],dateModel,3
/home/arch_design_predict/download-github-repos/mvvm/repos/MvvmTest-master/app/src/main/java/com/nannan/mvvmtest/vm/ZHHomeViewModel.java,com.nannan.mvvmtest.vm.ZHHomeViewModel$Anonymous3,call/1[com.nannan.mvvmtest.entity.ZHHomeEntity],topStoryItemModel,2
/home/arch_design_predict/download-github-repos/mvvm/repos/MvvmTest-master/app/src/main/java/com/nannan/mvvmtest/vm/ZHHomeViewModel.java,com.nannan.mvvmtest.vm.ZHHomeViewModel$Anonymous3,call/1[com.nannan.mvvmtest.entity.ZHHomeEntity],topItemEntity,1
/home/arch_design_predict/download-github-repos/mvvm/repos/MvvmTest-master/app/src/main/java/com/nannan/mvvmtest/vm/ZHHomeViewModel.java,com.nannan.mvvmtest.vm.ZHHomeViewModel$Anonymous3,call/1[com.nannan.mvvmtest.entity.ZHHomeEntity],topItemEntityList,1
/home/arch_design_predict/download-github-repos/mvvm/repos/MvvmTest-master/app/src/main/java/com/nannan/mvvmtest/vm/ZHHomeViewModel.java,com.nannan.mvvmtest.vm.ZHHomeViewModel$Anonymous3,call/1[com.nannan.mvvmtest.entity.ZHHomeEntity],model,3
/home/arch_design_predict/download-github-repos/mvvm/repos/MvvmTest-master/app/src/main/java/com/nannan/mvvmtest/vm/ZHHomeViewModel.java,com.nannan.mvvmtest.vm.ZHHomeViewModel$Anonymous3,call/1[com.nannan.mvvmtest.entity.ZHHomeEntity],zhHomeEntity,3
/home/arch_design_predict/download-github-repos/mvvm/repos/MvvmTest-master/app/src/main/java/com/nannan/mvvmtest/vm/ZHHomeViewModel.java,com.nannan.mvvmtest.vm.ZHHomeViewModel$Anonymous3,call/1[com.nannan.mvvmtest.entity.ZHHomeEntity],entity,1
/home/arch_design_predict/download-github-repos/mvvm/repos/MvvmTest-master/app/src/main/java/com/nannan/mvvmtest/vm/ZHHomeViewModel.java,com.nannan.mvvmtest.vm.ZHHomeViewModel$Anonymous3,call/1[com.nannan.mvvmtest.entity.ZHHomeEntity],topModel,3
/home/arch_design_predict/download-github-repos/mvvm/repos/MvvmTest-master/app/src/main/java/com/nannan/mvvmtest/vm/ZHHomeViewModel.java,com.nannan.mvvmtest.vm.ZHHomeViewModel$Anonymous2,call/1[java.lang.Throwable],throwable,0
