file,class,method,constructor,line,cbo,cboModified,fanin,fanout,wmc,rfc,loc,returnsQty,variablesQty,parametersQty,methodsInvokedQty,methodsInvokedLocalQty,methodsInvokedIndirectLocalQty,loopQty,comparisonsQty,tryCatchQty,parenthesizedExpsQty,stringLiteralsQty,numbersQty,assignmentsQty,mathOperationsQty,maxNestedBlocksQty,anonymousClassesQty,innerClassesQty,lambdasQty,uniqueWordsQty,modifiers,logStatementsQty,hasJavaDoc
/home/arch_design_predict/download-github-repos/mvp/repos/android_mvp_example_java-master/app/src/main/java/com/example/junhee/ohmygirl_mvp_java/BasePresenter.java,com.example.junhee.ohmygirl_mvp_java.BasePresenter,start/0,false,9,0,0,0,0,1,0,1,0,0,0,0,0,0,0,0,0,0,0,0,0,0,0,0,0,0,1,0,0,false
/home/arch_design_predict/download-github-repos/mvp/repos/android_mvp_example_java-master/app/src/androidTest/java/com/example/junhee/ohmygirl_mvp_java/ExampleInstrumentedTest.java,com.example.junhee.ohmygirl_mvp_java.ExampleInstrumentedTest,useAppContext/0,false,20,2,1,0,1,1,3,4,0,1,0,3,0,0,0,0,0,0,1,0,1,0,0,0,0,0,7,1,0,false
/home/arch_design_predict/download-github-repos/mvp/repos/android_mvp_example_java-master/app/build/generated/source/apt/debug/com/example/junhee/ohmygirl_mvp_java/main/MainFragment_ViewBinding.java,com.example.junhee.ohmygirl_mvp_java.main.MainFragment_ViewBinding$Anonymous2,doClick/1[android.view.View],false,46,2,4,0,4,1,1,3,0,0,1,1,0,0,0,0,0,0,0,0,0,0,0,0,0,0,4,1,0,false
/home/arch_design_predict/download-github-repos/mvp/repos/android_mvp_example_java-master/app/build/generated/source/apt/debug/com/example/junhee/ohmygirl_mvp_java/main/MainFragment_ViewBinding.java,com.example.junhee.ohmygirl_mvp_java.main.MainFragment_ViewBinding$Anonymous3,doClick/1[android.view.View],false,55,2,4,0,4,1,1,3,0,0,1,1,0,0,0,0,0,0,0,0,0,0,0,0,0,0,4,1,0,false
/home/arch_design_predict/download-github-repos/mvp/repos/android_mvp_example_java-master/app/build/generated/source/apt/debug/com/example/junhee/ohmygirl_mvp_java/main/MainFragment_ViewBinding.java,com.example.junhee.ohmygirl_mvp_java.main.MainFragment_ViewBinding$Anonymous4,doClick/1[android.view.View],false,64,2,4,0,4,1,1,3,0,0,1,1,0,0,0,0,0,0,0,0,0,0,0,0,0,0,4,1,0,false
/home/arch_design_predict/download-github-repos/mvp/repos/android_mvp_example_java-master/app/src/main/java/com/example/junhee/ohmygirl_mvp_java/main/Main2Fragment.java,com.example.junhee.ohmygirl_mvp_java.main.Main2Fragment,setPresenter/1[com.example.junhee.ohmygirl_mvp_java.main.MainPresenter],false,35,1,0,0,0,1,0,3,0,0,1,0,0,0,0,0,0,0,0,0,1,0,0,0,0,0,4,1,0,false
/home/arch_design_predict/download-github-repos/mvp/repos/android_mvp_example_java-master/app/src/main/java/com/example/junhee/ohmygirl_mvp_java/main/Main2Fragment.java,com.example.junhee.ohmygirl_mvp_java.main.Main2Fragment,btnHiClicked/0,false,41,0,0,0,0,1,0,2,0,0,0,0,0,0,0,0,0,0,0,0,0,0,0,0,0,0,3,1,0,false
/home/arch_design_predict/download-github-repos/mvp/repos/android_mvp_example_java-master/app/src/main/java/com/example/junhee/ohmygirl_mvp_java/main/Main2Fragment.java,com.example.junhee.ohmygirl_mvp_java.main.Main2Fragment,btnByeClicked/0,false,46,0,0,0,0,1,0,2,0,0,0,0,0,0,0,0,0,0,0,0,0,0,0,0,0,0,3,1,0,false
/home/arch_design_predict/download-github-repos/mvp/repos/android_mvp_example_java-master/app/src/main/java/com/example/junhee/ohmygirl_mvp_java/main/Main2Fragment.java,com.example.junhee.ohmygirl_mvp_java.main.Main2Fragment,"onCreateView/3[android.view.LayoutInflater,android.view.ViewGroup,android.os.Bundle]",false,29,4,1,0,1,1,1,3,1,0,3,1,0,0,0,0,0,0,0,0,0,0,0,0,0,0,8,1,0,false
/home/arch_design_predict/download-github-repos/mvp/repos/android_mvp_example_java-master/app/src/main/java/com/example/junhee/ohmygirl_mvp_java/main/Main2Fragment.java,com.example.junhee.ohmygirl_mvp_java.main.Main2Fragment,newInstace/0,false,19,1,1,0,1,1,0,3,1,0,0,0,0,0,0,0,0,0,0,0,0,0,0,0,0,0,4,9,0,false
/home/arch_design_predict/download-github-repos/mvp/repos/android_mvp_example_java-master/app/src/main/java/com/example/junhee/ohmygirl_mvp_java/main/Main2Fragment.java,com.example.junhee.ohmygirl_mvp_java.main.Main2Fragment,Main2Fragment/0,true,23,0,2,2,0,1,0,2,0,0,0,0,0,0,0,0,0,0,0,0,0,0,0,0,0,0,2,1,0,false
/home/arch_design_predict/download-github-repos/mvp/repos/android_mvp_example_java-master/app/src/main/java/com/example/junhee/ohmygirl_mvp_java/main/Main2Fragment.java,com.example.junhee.ohmygirl_mvp_java.main.Main2Fragment,showStart/0,false,51,0,0,0,0,1,0,2,0,0,0,0,0,0,0,0,0,0,0,0,0,0,0,0,0,0,2,1,0,false
/home/arch_design_predict/download-github-repos/mvp/repos/android_mvp_example_java-master/app/src/main/java/com/example/junhee/ohmygirl_mvp_java/main/MainPresenter.java,com.example.junhee.ohmygirl_mvp_java.main.MainPresenter,MainPresenter/1[com.example.junhee.ohmygirl_mvp_java.main.MainContract.View],true,13,3,3,1,2,2,2,5,0,0,1,2,0,0,0,1,0,0,2,0,1,0,1,0,0,0,7,1,0,false
/home/arch_design_predict/download-github-repos/mvp/repos/android_mvp_example_java-master/app/src/main/java/com/example/junhee/ohmygirl_mvp_java/main/MainPresenter.java,com.example.junhee.ohmygirl_mvp_java.main.MainPresenter,showBye/0,false,33,1,1,0,1,1,1,3,0,0,0,1,0,0,0,0,0,0,2,0,0,0,0,0,0,0,3,1,0,false
/home/arch_design_predict/download-github-repos/mvp/repos/android_mvp_example_java-master/app/src/main/java/com/example/junhee/ohmygirl_mvp_java/main/MainPresenter.java,com.example.junhee.ohmygirl_mvp_java.main.MainPresenter,start/0,false,20,1,1,0,1,1,1,3,0,0,0,1,0,0,0,0,0,0,0,0,0,0,0,0,0,0,1,1,0,false
/home/arch_design_predict/download-github-repos/mvp/repos/android_mvp_example_java-master/app/src/main/java/com/example/junhee/ohmygirl_mvp_java/main/MainPresenter.java,com.example.junhee.ohmygirl_mvp_java.main.MainPresenter,showHi/0,false,26,1,1,0,1,1,1,3,0,0,0,1,0,0,0,0,0,0,2,0,0,0,0,0,0,0,3,1,0,false
/home/arch_design_predict/download-github-repos/mvp/repos/android_mvp_example_java-master/app/build/generated/source/apt/debug/com/example/junhee/ohmygirl_mvp_java/main/MainFragment_ViewBinding.java,com.example.junhee.ohmygirl_mvp_java.main.MainFragment_ViewBinding$Anonymous1,doClick/1[android.view.View],false,37,2,4,0,4,1,1,3,0,0,1,1,0,0,0,0,0,0,0,0,0,0,0,0,0,0,4,1,0,false
/home/arch_design_predict/download-github-repos/mvp/repos/android_mvp_example_java-master/app/src/main/java/com/example/junhee/ohmygirl_mvp_java/main2/AnotherActivity.java,com.example.junhee.ohmygirl_mvp_java.main2.AnotherActivity,onCreate/1[android.os.Bundle],false,13,5,4,0,4,2,8,12,0,3,1,8,0,0,0,1,0,0,1,0,4,0,1,0,0,0,20,4,0,false
/home/arch_design_predict/download-github-repos/mvp/repos/android_mvp_example_java-master/app/src/main/java/com/example/junhee/ohmygirl_mvp_java/utils/ActivityUtils.java,com.example.junhee.ohmygirl_mvp_java.utils.ActivityUtils,"addFragmentToActivity/3[com.example.junhee.ohmygirl_mvp_java.utils.FragmentManager,com.example.junhee.ohmygirl_mvp_java.utils.Fragment,int]",false,14,4,3,3,0,3,3,6,1,1,3,3,0,0,0,2,0,0,0,0,1,0,1,0,0,0,10,9,0,false
/home/arch_design_predict/download-github-repos/mvp/repos/android_mvp_example_java-master/app/src/main/java/com/example/junhee/ohmygirl_mvp_java/utils/ActivityUtils.java,com.example.junhee.ohmygirl_mvp_java.utils.ActivityUtils,"popFragmentToActivity/3[com.example.junhee.ohmygirl_mvp_java.utils.FragmentManager,com.example.junhee.ohmygirl_mvp_java.utils.Fragment,int]",false,23,4,1,1,0,1,3,5,0,1,3,3,0,0,0,0,0,0,0,0,1,0,0,0,0,0,9,9,0,false
/home/arch_design_predict/download-github-repos/mvp/repos/android_mvp_example_java-master/app/build/generated/source/apt/debug/com/example/junhee/ohmygirl_mvp_java/main/MainFragment_ViewBinding.java,com.example.junhee.ohmygirl_mvp_java.main.MainFragment_ViewBinding,unbind/0,false,73,3,1,0,1,2,1,18,0,1,0,1,0,0,0,1,0,0,1,0,11,0,1,0,0,0,13,1,0,false
/home/arch_design_predict/download-github-repos/mvp/repos/android_mvp_example_java-master/app/build/generated/source/apt/debug/com/example/junhee/ohmygirl_mvp_java/main/MainFragment_ViewBinding.java,com.example.junhee.ohmygirl_mvp_java.main.MainFragment_ViewBinding,"MainFragment_ViewBinding/2[com.example.junhee.ohmygirl_mvp_java.main.MainFragment,android.view.View]",true,28,6,1,0,1,1,4,41,0,1,2,4,0,0,0,0,0,0,9,0,14,0,0,4,0,0,20,1,0,false
/home/arch_design_predict/download-github-repos/mvp/repos/android_mvp_example_java-master/app/src/main/java/com/example/junhee/ohmygirl_mvp_java/main/MainFragment.java,com.example.junhee.ohmygirl_mvp_java.main.MainFragment,showBye/0,false,92,2,2,1,1,1,1,3,0,0,0,1,1,1,0,0,0,0,0,0,0,0,0,0,0,0,4,0,0,false
/home/arch_design_predict/download-github-repos/mvp/repos/android_mvp_example_java-master/app/src/main/java/com/example/junhee/ohmygirl_mvp_java/main/MainFragment.java,com.example.junhee.ohmygirl_mvp_java.main.MainFragment,startRx/0,false,79,1,1,1,0,1,4,3,0,2,0,4,0,0,0,0,0,0,1,1,1,2,0,0,0,2,5,0,0,false
/home/arch_design_predict/download-github-repos/mvp/repos/android_mvp_example_java-master/app/src/main/java/com/example/junhee/ohmygirl_mvp_java/main/MainFragment.java,com.example.junhee.ohmygirl_mvp_java.main.MainFragment,newInstance/0,false,44,1,2,1,1,1,0,4,1,1,0,0,0,0,0,0,0,0,0,0,1,0,0,0,0,0,5,9,0,false
/home/arch_design_predict/download-github-repos/mvp/repos/android_mvp_example_java-master/app/src/main/java/com/example/junhee/ohmygirl_mvp_java/main/MainFragment.java,com.example.junhee.ohmygirl_mvp_java.main.MainFragment,btnHiClicked/0,false,98,2,3,1,2,1,4,4,0,0,0,4,0,0,0,0,0,0,1,0,0,0,0,0,0,0,5,1,0,false
/home/arch_design_predict/download-github-repos/mvp/repos/android_mvp_example_java-master/app/src/main/java/com/example/junhee/ohmygirl_mvp_java/main/MainFragment.java,com.example.junhee.ohmygirl_mvp_java.main.MainFragment,onResume/0,false,71,0,0,0,0,1,1,3,0,0,0,1,0,0,0,0,0,0,0,0,0,0,0,0,0,0,2,1,0,false
/home/arch_design_predict/download-github-repos/mvp/repos/android_mvp_example_java-master/app/src/main/java/com/example/junhee/ohmygirl_mvp_java/main/MainFragment.java,com.example.junhee.ohmygirl_mvp_java.main.MainFragment,MainFragment/0,true,49,0,1,1,0,1,0,2,0,0,0,0,0,0,0,0,0,0,0,0,0,0,0,0,0,0,2,1,0,false
/home/arch_design_predict/download-github-repos/mvp/repos/android_mvp_example_java-master/app/src/main/java/com/example/junhee/ohmygirl_mvp_java/main/MainFragment.java,com.example.junhee.ohmygirl_mvp_java.main.MainFragment,goAnotherFragment/0,false,54,4,4,1,3,1,4,5,0,1,0,4,0,0,0,0,0,1,0,0,1,0,0,0,0,0,9,0,0,false
/home/arch_design_predict/download-github-repos/mvp/repos/android_mvp_example_java-master/app/src/main/java/com/example/junhee/ohmygirl_mvp_java/main/MainFragment.java,com.example.junhee.ohmygirl_mvp_java.main.MainFragment,btnByeClicked/0,false,104,2,3,1,2,1,4,4,0,0,0,4,0,0,0,0,0,0,1,0,0,0,0,0,0,0,5,1,0,false
/home/arch_design_predict/download-github-repos/mvp/repos/android_mvp_example_java-master/app/src/main/java/com/example/junhee/ohmygirl_mvp_java/main/MainFragment.java,com.example.junhee.ohmygirl_mvp_java.main.MainFragment,setPresenter/1[com.example.junhee.ohmygirl_mvp_java.main.MainPresenter],false,116,1,0,0,0,1,0,3,0,0,1,0,0,0,0,0,0,0,0,0,1,0,0,0,0,0,4,1,0,false
/home/arch_design_predict/download-github-repos/mvp/repos/android_mvp_example_java-master/app/src/main/java/com/example/junhee/ohmygirl_mvp_java/main/MainFragment.java,com.example.junhee.ohmygirl_mvp_java.main.MainFragment,showStart/0,false,110,1,1,0,1,1,3,3,0,0,0,3,0,0,0,0,0,0,1,0,0,0,0,0,0,0,4,1,0,false
/home/arch_design_predict/download-github-repos/mvp/repos/android_mvp_example_java-master/app/src/main/java/com/example/junhee/ohmygirl_mvp_java/main/MainFragment.java,com.example.junhee.ohmygirl_mvp_java.main.MainFragment,"onCreateView/3[android.view.LayoutInflater,android.view.ViewGroup,android.os.Bundle]",false,63,4,1,0,1,1,2,5,1,1,3,2,0,0,0,0,0,0,0,0,1,0,0,0,0,0,9,1,0,false
/home/arch_design_predict/download-github-repos/mvp/repos/android_mvp_example_java-master/app/src/main/java/com/example/junhee/ohmygirl_mvp_java/main/MainFragment.java,com.example.junhee.ohmygirl_mvp_java.main.MainFragment,showHi/0,false,86,2,2,1,1,1,1,3,0,0,0,1,1,1,0,0,0,0,0,0,0,0,0,0,0,0,4,0,0,false
/home/arch_design_predict/download-github-repos/mvp/repos/android_mvp_example_java-master/app/src/main/java/com/example/junhee/ohmygirl_mvp_java/main/MainFragment.java,com.example.junhee.ohmygirl_mvp_java.main.MainFragment,onDestroy/0,false,121,0,0,0,0,1,1,3,0,0,0,1,0,0,0,0,0,0,0,0,0,0,0,0,0,0,2,1,0,false
/home/arch_design_predict/download-github-repos/mvp/repos/android_mvp_example_java-master/app/src/main/java/com/example/junhee/ohmygirl_mvp_java/main2/AnotherContract.java,com.example.junhee.ohmygirl_mvp_java.main2.AnotherContract$View,setText/1[java.lang.String],false,17,0,1,1,0,1,0,1,0,0,1,0,0,0,0,0,0,0,0,0,0,0,0,0,0,0,3,0,0,false
/home/arch_design_predict/download-github-repos/mvp/repos/android_mvp_example_java-master/app/src/main/java/com/example/junhee/ohmygirl_mvp_java/main/MainContract.java,com.example.junhee.ohmygirl_mvp_java.main.MainContract$Presenter,showHi/0,false,21,0,1,1,0,1,0,1,0,0,0,0,0,0,0,0,0,0,0,0,0,0,0,0,0,0,2,0,0,false
/home/arch_design_predict/download-github-repos/mvp/repos/android_mvp_example_java-master/app/src/main/java/com/example/junhee/ohmygirl_mvp_java/main/MainContract.java,com.example.junhee.ohmygirl_mvp_java.main.MainContract$Presenter,showBye/0,false,22,0,1,1,0,1,0,1,0,0,0,0,0,0,0,0,0,0,0,0,0,0,0,0,0,0,2,0,0,false
/home/arch_design_predict/download-github-repos/mvp/repos/android_mvp_example_java-master/app/src/main/java/com/example/junhee/ohmygirl_mvp_java/main2/AnotherPresenter.java,com.example.junhee.ohmygirl_mvp_java.main2.AnotherPresenter,"AnotherPresenter/2[com.example.junhee.ohmygirl_mvp_java.main2.AnotherContract.View,java.lang.String]",true,15,3,2,1,1,1,1,5,0,0,2,1,0,0,0,0,0,0,0,0,2,0,0,0,0,0,4,1,0,false
/home/arch_design_predict/download-github-repos/mvp/repos/android_mvp_example_java-master/app/src/main/java/com/example/junhee/ohmygirl_mvp_java/main2/AnotherPresenter.java,com.example.junhee.ohmygirl_mvp_java.main2.AnotherPresenter,start/0,false,22,1,2,1,1,1,1,3,0,0,0,1,0,0,0,0,0,0,0,0,0,0,0,0,0,0,2,1,0,false
/home/arch_design_predict/download-github-repos/mvp/repos/android_mvp_example_java-master/app/src/main/java/com/example/junhee/ohmygirl_mvp_java/BaseView.java,com.example.junhee.ohmygirl_mvp_java.BaseView,setPresenter/1[T],false,8,1,0,0,0,1,0,1,0,0,1,0,0,0,0,0,0,0,0,0,0,0,0,0,0,0,4,0,0,false
/home/arch_design_predict/download-github-repos/mvp/repos/android_mvp_example_java-master/app/src/main/java/com/example/junhee/ohmygirl_mvp_java/main2/AnotherFragment.java,com.example.junhee.ohmygirl_mvp_java.main2.AnotherFragment,"onCreateView/3[android.view.LayoutInflater,android.view.ViewGroup,android.os.Bundle]",false,42,4,1,0,1,1,2,5,1,1,3,2,0,0,0,0,0,0,0,0,1,0,0,0,0,0,9,1,0,false
/home/arch_design_predict/download-github-repos/mvp/repos/android_mvp_example_java-master/app/src/main/java/com/example/junhee/ohmygirl_mvp_java/main2/AnotherFragment.java,com.example.junhee.ohmygirl_mvp_java.main2.AnotherFragment,setPresenter/1[com.example.junhee.ohmygirl_mvp_java.main2.AnotherPresenter],false,49,1,0,0,0,1,0,3,0,0,1,0,0,0,0,0,0,0,0,0,1,0,0,0,0,0,4,1,0,false
/home/arch_design_predict/download-github-repos/mvp/repos/android_mvp_example_java-master/app/src/main/java/com/example/junhee/ohmygirl_mvp_java/main2/AnotherFragment.java,com.example.junhee.ohmygirl_mvp_java.main2.AnotherFragment,newInstance/0,false,26,1,2,1,1,1,0,3,1,0,0,0,0,0,0,0,0,0,0,0,0,0,0,0,0,0,4,9,0,false
/home/arch_design_predict/download-github-repos/mvp/repos/android_mvp_example_java-master/app/src/main/java/com/example/junhee/ohmygirl_mvp_java/main2/AnotherFragment.java,com.example.junhee.ohmygirl_mvp_java.main2.AnotherFragment,AnotherFragment/0,true,30,0,1,1,0,1,0,2,0,0,0,0,0,0,0,0,0,0,0,0,0,0,0,0,0,0,2,1,0,false
/home/arch_design_predict/download-github-repos/mvp/repos/android_mvp_example_java-master/app/src/main/java/com/example/junhee/ohmygirl_mvp_java/main2/AnotherFragment.java,com.example.junhee.ohmygirl_mvp_java.main2.AnotherFragment,onResume/0,false,35,1,1,0,1,1,2,4,0,0,0,2,0,0,0,0,0,0,0,0,0,0,0,0,0,0,2,1,0,false
/home/arch_design_predict/download-github-repos/mvp/repos/android_mvp_example_java-master/app/src/main/java/com/example/junhee/ohmygirl_mvp_java/main2/AnotherFragment.java,com.example.junhee.ohmygirl_mvp_java.main2.AnotherFragment,setText/1[java.lang.String],false,56,1,1,0,1,1,1,3,0,0,1,1,0,0,0,0,0,0,0,0,0,0,0,0,0,0,3,1,0,false
/home/arch_design_predict/download-github-repos/mvp/repos/android_mvp_example_java-master/app/src/main/java/com/example/junhee/ohmygirl_mvp_java/main/MainContract.java,com.example.junhee.ohmygirl_mvp_java.main.MainContract$View,btnByeClicked/0,false,14,0,0,0,0,1,0,1,0,0,0,0,0,0,0,0,0,0,0,0,0,0,0,0,0,0,3,0,0,false
/home/arch_design_predict/download-github-repos/mvp/repos/android_mvp_example_java-master/app/src/main/java/com/example/junhee/ohmygirl_mvp_java/main/MainContract.java,com.example.junhee.ohmygirl_mvp_java.main.MainContract$View,showStart/0,false,15,0,1,1,0,1,0,1,0,0,0,0,0,0,0,0,0,0,0,0,0,0,0,0,0,0,2,0,0,false
/home/arch_design_predict/download-github-repos/mvp/repos/android_mvp_example_java-master/app/src/main/java/com/example/junhee/ohmygirl_mvp_java/main/MainContract.java,com.example.junhee.ohmygirl_mvp_java.main.MainContract$View,btnHiClicked/0,false,13,0,0,0,0,1,0,1,0,0,0,0,0,0,0,0,0,0,0,0,0,0,0,0,0,0,3,0,0,false
/home/arch_design_predict/download-github-repos/mvp/repos/android_mvp_example_java-master/app/src/main/java/com/example/junhee/ohmygirl_mvp_java/main/MainActivity.java,com.example.junhee.ohmygirl_mvp_java.main.MainActivity,goBack/1[com.example.junhee.ohmygirl_mvp_java.main.Fragment],false,44,2,1,0,1,1,2,3,0,0,1,2,0,0,0,0,0,0,0,0,0,0,0,0,0,0,7,1,0,false
/home/arch_design_predict/download-github-repos/mvp/repos/android_mvp_example_java-master/app/src/main/java/com/example/junhee/ohmygirl_mvp_java/main/MainActivity.java,com.example.junhee.ohmygirl_mvp_java.main.MainActivity,onBackPressed/0,false,38,0,0,0,0,1,1,3,0,0,0,1,0,0,0,0,0,0,0,0,0,0,0,0,0,0,3,1,0,false
/home/arch_design_predict/download-github-repos/mvp/repos/android_mvp_example_java-master/app/src/main/java/com/example/junhee/ohmygirl_mvp_java/main/MainActivity.java,com.example.junhee.ohmygirl_mvp_java.main.MainActivity,onCreate/1[android.os.Bundle],false,19,4,3,0,3,2,7,11,0,1,1,7,0,0,0,1,0,0,0,0,2,0,1,0,0,0,17,4,0,false
/home/arch_design_predict/download-github-repos/mvp/repos/android_mvp_example_java-master/app/src/main/java/com/example/junhee/ohmygirl_mvp_java/main/MainActivity.java,com.example.junhee.ohmygirl_mvp_java.main.MainActivity,addFragment/1[com.example.junhee.ohmygirl_mvp_java.main.Fragment],false,33,1,1,1,0,1,1,3,0,0,1,1,0,0,0,0,0,0,0,0,0,0,0,0,0,0,3,1,0,false
/home/arch_design_predict/download-github-repos/mvp/repos/android_mvp_example_java-master/app/src/main/java/com/example/junhee/ohmygirl_mvp_java/main/Main2Fragment.java,com.example.junhee.ohmygirl_mvp_java.main.Main2Fragment$OnBackKeyListener,goBack/1[com.example.junhee.ohmygirl_mvp_java.main.Fragment],false,56,1,0,0,0,1,0,1,0,0,1,0,0,0,0,0,0,0,0,0,0,0,0,0,0,0,4,0,0,false
/home/arch_design_predict/download-github-repos/mvp/repos/android_mvp_example_java-master/app/src/test/java/com/example/junhee/ohmygirl_mvp_java/ExampleUnitTest.java,com.example.junhee.ohmygirl_mvp_java.ExampleUnitTest,addition_isCorrect/0,false,14,1,0,0,0,1,1,3,0,0,0,1,0,0,0,0,0,0,0,3,0,1,0,0,0,0,6,1,0,false
