file,class,method,variable,usage
/home/arch_design_predict/download-github-repos/mvp/repos/android_mvp_example_java-master/app/src/androidTest/java/com/example/junhee/ohmygirl_mvp_java/ExampleInstrumentedTest.java,com.example.junhee.ohmygirl_mvp_java.ExampleInstrumentedTest,useAppContext/0,appContext,1
/home/arch_design_predict/download-github-repos/mvp/repos/android_mvp_example_java-master/app/build/generated/source/apt/debug/com/example/junhee/ohmygirl_mvp_java/main/MainFragment_ViewBinding.java,com.example.junhee.ohmygirl_mvp_java.main.MainFragment_ViewBinding$Anonymous2,doClick/1[android.view.View],p0,0
/home/arch_design_predict/download-github-repos/mvp/repos/android_mvp_example_java-master/app/build/generated/source/apt/debug/com/example/junhee/ohmygirl_mvp_java/main/MainFragment_ViewBinding.java,com.example.junhee.ohmygirl_mvp_java.main.MainFragment_ViewBinding$Anonymous3,doClick/1[android.view.View],p0,0
/home/arch_design_predict/download-github-repos/mvp/repos/android_mvp_example_java-master/app/build/generated/source/apt/debug/com/example/junhee/ohmygirl_mvp_java/main/MainFragment_ViewBinding.java,com.example.junhee.ohmygirl_mvp_java.main.MainFragment_ViewBinding$Anonymous4,doClick/1[android.view.View],p0,0
/home/arch_design_predict/download-github-repos/mvp/repos/android_mvp_example_java-master/app/src/main/java/com/example/junhee/ohmygirl_mvp_java/main/Main2Fragment.java,com.example.junhee.ohmygirl_mvp_java.main.Main2Fragment,setPresenter/1[com.example.junhee.ohmygirl_mvp_java.main.MainPresenter],presenter,2
/home/arch_design_predict/download-github-repos/mvp/repos/android_mvp_example_java-master/app/src/main/java/com/example/junhee/ohmygirl_mvp_java/main/Main2Fragment.java,com.example.junhee.ohmygirl_mvp_java.main.Main2Fragment,"onCreateView/3[android.view.LayoutInflater,android.view.ViewGroup,android.os.Bundle]",container,1
/home/arch_design_predict/download-github-repos/mvp/repos/android_mvp_example_java-master/app/src/main/java/com/example/junhee/ohmygirl_mvp_java/main/Main2Fragment.java,com.example.junhee.ohmygirl_mvp_java.main.Main2Fragment,"onCreateView/3[android.view.LayoutInflater,android.view.ViewGroup,android.os.Bundle]",savedInstanceState,0
/home/arch_design_predict/download-github-repos/mvp/repos/android_mvp_example_java-master/app/src/main/java/com/example/junhee/ohmygirl_mvp_java/main/Main2Fragment.java,com.example.junhee.ohmygirl_mvp_java.main.Main2Fragment,"onCreateView/3[android.view.LayoutInflater,android.view.ViewGroup,android.os.Bundle]",inflater,1
/home/arch_design_predict/download-github-repos/mvp/repos/android_mvp_example_java-master/app/src/main/java/com/example/junhee/ohmygirl_mvp_java/main/MainPresenter.java,com.example.junhee.ohmygirl_mvp_java.main.MainPresenter,MainPresenter/1[com.example.junhee.ohmygirl_mvp_java.main.MainContract.View],mainView,2
/home/arch_design_predict/download-github-repos/mvp/repos/android_mvp_example_java-master/app/build/generated/source/apt/debug/com/example/junhee/ohmygirl_mvp_java/main/MainFragment_ViewBinding.java,com.example.junhee.ohmygirl_mvp_java.main.MainFragment_ViewBinding$Anonymous1,doClick/1[android.view.View],p0,0
/home/arch_design_predict/download-github-repos/mvp/repos/android_mvp_example_java-master/app/src/main/java/com/example/junhee/ohmygirl_mvp_java/main2/AnotherActivity.java,com.example.junhee.ohmygirl_mvp_java.main2.AnotherActivity,onCreate/1[android.os.Bundle],savedInstanceState,1
/home/arch_design_predict/download-github-repos/mvp/repos/android_mvp_example_java-master/app/src/main/java/com/example/junhee/ohmygirl_mvp_java/main2/AnotherActivity.java,com.example.junhee.ohmygirl_mvp_java.main2.AnotherActivity,onCreate/1[android.os.Bundle],anotherFragment,4
/home/arch_design_predict/download-github-repos/mvp/repos/android_mvp_example_java-master/app/src/main/java/com/example/junhee/ohmygirl_mvp_java/main2/AnotherActivity.java,com.example.junhee.ohmygirl_mvp_java.main2.AnotherActivity,onCreate/1[android.os.Bundle],text,1
/home/arch_design_predict/download-github-repos/mvp/repos/android_mvp_example_java-master/app/src/main/java/com/example/junhee/ohmygirl_mvp_java/main2/AnotherActivity.java,com.example.junhee.ohmygirl_mvp_java.main2.AnotherActivity,onCreate/1[android.os.Bundle],intent,1
/home/arch_design_predict/download-github-repos/mvp/repos/android_mvp_example_java-master/app/src/main/java/com/example/junhee/ohmygirl_mvp_java/utils/ActivityUtils.java,com.example.junhee.ohmygirl_mvp_java.utils.ActivityUtils,"addFragmentToActivity/3[com.example.junhee.ohmygirl_mvp_java.utils.FragmentManager,com.example.junhee.ohmygirl_mvp_java.utils.Fragment,int]",fragment,2
/home/arch_design_predict/download-github-repos/mvp/repos/android_mvp_example_java-master/app/src/main/java/com/example/junhee/ohmygirl_mvp_java/utils/ActivityUtils.java,com.example.junhee.ohmygirl_mvp_java.utils.ActivityUtils,"addFragmentToActivity/3[com.example.junhee.ohmygirl_mvp_java.utils.FragmentManager,com.example.junhee.ohmygirl_mvp_java.utils.Fragment,int]",frameId,1
/home/arch_design_predict/download-github-repos/mvp/repos/android_mvp_example_java-master/app/src/main/java/com/example/junhee/ohmygirl_mvp_java/utils/ActivityUtils.java,com.example.junhee.ohmygirl_mvp_java.utils.ActivityUtils,"addFragmentToActivity/3[com.example.junhee.ohmygirl_mvp_java.utils.FragmentManager,com.example.junhee.ohmygirl_mvp_java.utils.Fragment,int]",fragmentManager,2
/home/arch_design_predict/download-github-repos/mvp/repos/android_mvp_example_java-master/app/src/main/java/com/example/junhee/ohmygirl_mvp_java/utils/ActivityUtils.java,com.example.junhee.ohmygirl_mvp_java.utils.ActivityUtils,"addFragmentToActivity/3[com.example.junhee.ohmygirl_mvp_java.utils.FragmentManager,com.example.junhee.ohmygirl_mvp_java.utils.Fragment,int]",transaction,2
/home/arch_design_predict/download-github-repos/mvp/repos/android_mvp_example_java-master/app/src/main/java/com/example/junhee/ohmygirl_mvp_java/utils/ActivityUtils.java,com.example.junhee.ohmygirl_mvp_java.utils.ActivityUtils,"popFragmentToActivity/3[com.example.junhee.ohmygirl_mvp_java.utils.FragmentManager,com.example.junhee.ohmygirl_mvp_java.utils.Fragment,int]",fragment,1
/home/arch_design_predict/download-github-repos/mvp/repos/android_mvp_example_java-master/app/src/main/java/com/example/junhee/ohmygirl_mvp_java/utils/ActivityUtils.java,com.example.junhee.ohmygirl_mvp_java.utils.ActivityUtils,"popFragmentToActivity/3[com.example.junhee.ohmygirl_mvp_java.utils.FragmentManager,com.example.junhee.ohmygirl_mvp_java.utils.Fragment,int]",frameId,0
/home/arch_design_predict/download-github-repos/mvp/repos/android_mvp_example_java-master/app/src/main/java/com/example/junhee/ohmygirl_mvp_java/utils/ActivityUtils.java,com.example.junhee.ohmygirl_mvp_java.utils.ActivityUtils,"popFragmentToActivity/3[com.example.junhee.ohmygirl_mvp_java.utils.FragmentManager,com.example.junhee.ohmygirl_mvp_java.utils.Fragment,int]",fragmentManager,1
/home/arch_design_predict/download-github-repos/mvp/repos/android_mvp_example_java-master/app/src/main/java/com/example/junhee/ohmygirl_mvp_java/utils/ActivityUtils.java,com.example.junhee.ohmygirl_mvp_java.utils.ActivityUtils,"popFragmentToActivity/3[com.example.junhee.ohmygirl_mvp_java.utils.FragmentManager,com.example.junhee.ohmygirl_mvp_java.utils.Fragment,int]",transaction,2
/home/arch_design_predict/download-github-repos/mvp/repos/android_mvp_example_java-master/app/build/generated/source/apt/debug/com/example/junhee/ohmygirl_mvp_java/main/MainFragment_ViewBinding.java,com.example.junhee.ohmygirl_mvp_java.main.MainFragment_ViewBinding,unbind/0,target,8
/home/arch_design_predict/download-github-repos/mvp/repos/android_mvp_example_java-master/app/build/generated/source/apt/debug/com/example/junhee/ohmygirl_mvp_java/main/MainFragment_ViewBinding.java,com.example.junhee.ohmygirl_mvp_java.main.MainFragment_ViewBinding,"MainFragment_ViewBinding/2[com.example.junhee.ohmygirl_mvp_java.main.MainFragment,android.view.View]",view,16
/home/arch_design_predict/download-github-repos/mvp/repos/android_mvp_example_java-master/app/build/generated/source/apt/debug/com/example/junhee/ohmygirl_mvp_java/main/MainFragment_ViewBinding.java,com.example.junhee.ohmygirl_mvp_java.main.MainFragment_ViewBinding,"MainFragment_ViewBinding/2[com.example.junhee.ohmygirl_mvp_java.main.MainFragment,android.view.View]",source,5
/home/arch_design_predict/download-github-repos/mvp/repos/android_mvp_example_java-master/app/build/generated/source/apt/debug/com/example/junhee/ohmygirl_mvp_java/main/MainFragment_ViewBinding.java,com.example.junhee.ohmygirl_mvp_java.main.MainFragment_ViewBinding,"MainFragment_ViewBinding/2[com.example.junhee.ohmygirl_mvp_java.main.MainFragment,android.view.View]",target,7
/home/arch_design_predict/download-github-repos/mvp/repos/android_mvp_example_java-master/app/src/main/java/com/example/junhee/ohmygirl_mvp_java/main/MainFragment.java,com.example.junhee.ohmygirl_mvp_java.main.MainFragment,startRx/0,i,1
/home/arch_design_predict/download-github-repos/mvp/repos/android_mvp_example_java-master/app/src/main/java/com/example/junhee/ohmygirl_mvp_java/main/MainFragment.java,com.example.junhee.ohmygirl_mvp_java.main.MainFragment,startRx/0,full,0
/home/arch_design_predict/download-github-repos/mvp/repos/android_mvp_example_java-master/app/src/main/java/com/example/junhee/ohmygirl_mvp_java/main/MainFragment.java,com.example.junhee.ohmygirl_mvp_java.main.MainFragment,newInstance/0,fragment,1
/home/arch_design_predict/download-github-repos/mvp/repos/android_mvp_example_java-master/app/src/main/java/com/example/junhee/ohmygirl_mvp_java/main/MainFragment.java,com.example.junhee.ohmygirl_mvp_java.main.MainFragment,goAnotherFragment/0,fragment,2
/home/arch_design_predict/download-github-repos/mvp/repos/android_mvp_example_java-master/app/src/main/java/com/example/junhee/ohmygirl_mvp_java/main/MainFragment.java,com.example.junhee.ohmygirl_mvp_java.main.MainFragment,setPresenter/1[com.example.junhee.ohmygirl_mvp_java.main.MainPresenter],presenter,1
/home/arch_design_predict/download-github-repos/mvp/repos/android_mvp_example_java-master/app/src/main/java/com/example/junhee/ohmygirl_mvp_java/main/MainFragment.java,com.example.junhee.ohmygirl_mvp_java.main.MainFragment,"onCreateView/3[android.view.LayoutInflater,android.view.ViewGroup,android.os.Bundle]",container,1
/home/arch_design_predict/download-github-repos/mvp/repos/android_mvp_example_java-master/app/src/main/java/com/example/junhee/ohmygirl_mvp_java/main/MainFragment.java,com.example.junhee.ohmygirl_mvp_java.main.MainFragment,"onCreateView/3[android.view.LayoutInflater,android.view.ViewGroup,android.os.Bundle]",savedInstanceState,0
/home/arch_design_predict/download-github-repos/mvp/repos/android_mvp_example_java-master/app/src/main/java/com/example/junhee/ohmygirl_mvp_java/main/MainFragment.java,com.example.junhee.ohmygirl_mvp_java.main.MainFragment,"onCreateView/3[android.view.LayoutInflater,android.view.ViewGroup,android.os.Bundle]",v,2
/home/arch_design_predict/download-github-repos/mvp/repos/android_mvp_example_java-master/app/src/main/java/com/example/junhee/ohmygirl_mvp_java/main/MainFragment.java,com.example.junhee.ohmygirl_mvp_java.main.MainFragment,"onCreateView/3[android.view.LayoutInflater,android.view.ViewGroup,android.os.Bundle]",inflater,1
/home/arch_design_predict/download-github-repos/mvp/repos/android_mvp_example_java-master/app/src/main/java/com/example/junhee/ohmygirl_mvp_java/main2/AnotherContract.java,com.example.junhee.ohmygirl_mvp_java.main2.AnotherContract$View,setText/1[java.lang.String],text,0
/home/arch_design_predict/download-github-repos/mvp/repos/android_mvp_example_java-master/app/src/main/java/com/example/junhee/ohmygirl_mvp_java/main2/AnotherPresenter.java,com.example.junhee.ohmygirl_mvp_java.main2.AnotherPresenter,"AnotherPresenter/2[com.example.junhee.ohmygirl_mvp_java.main2.AnotherContract.View,java.lang.String]",view,3
/home/arch_design_predict/download-github-repos/mvp/repos/android_mvp_example_java-master/app/src/main/java/com/example/junhee/ohmygirl_mvp_java/main2/AnotherPresenter.java,com.example.junhee.ohmygirl_mvp_java.main2.AnotherPresenter,"AnotherPresenter/2[com.example.junhee.ohmygirl_mvp_java.main2.AnotherContract.View,java.lang.String]",text,2
/home/arch_design_predict/download-github-repos/mvp/repos/android_mvp_example_java-master/app/src/main/java/com/example/junhee/ohmygirl_mvp_java/BaseView.java,com.example.junhee.ohmygirl_mvp_java.BaseView,setPresenter/1[T],presenter,0
/home/arch_design_predict/download-github-repos/mvp/repos/android_mvp_example_java-master/app/src/main/java/com/example/junhee/ohmygirl_mvp_java/main2/AnotherFragment.java,com.example.junhee.ohmygirl_mvp_java.main2.AnotherFragment,"onCreateView/3[android.view.LayoutInflater,android.view.ViewGroup,android.os.Bundle]",container,1
/home/arch_design_predict/download-github-repos/mvp/repos/android_mvp_example_java-master/app/src/main/java/com/example/junhee/ohmygirl_mvp_java/main2/AnotherFragment.java,com.example.junhee.ohmygirl_mvp_java.main2.AnotherFragment,"onCreateView/3[android.view.LayoutInflater,android.view.ViewGroup,android.os.Bundle]",savedInstanceState,0
/home/arch_design_predict/download-github-repos/mvp/repos/android_mvp_example_java-master/app/src/main/java/com/example/junhee/ohmygirl_mvp_java/main2/AnotherFragment.java,com.example.junhee.ohmygirl_mvp_java.main2.AnotherFragment,"onCreateView/3[android.view.LayoutInflater,android.view.ViewGroup,android.os.Bundle]",v,2
/home/arch_design_predict/download-github-repos/mvp/repos/android_mvp_example_java-master/app/src/main/java/com/example/junhee/ohmygirl_mvp_java/main2/AnotherFragment.java,com.example.junhee.ohmygirl_mvp_java.main2.AnotherFragment,"onCreateView/3[android.view.LayoutInflater,android.view.ViewGroup,android.os.Bundle]",inflater,1
/home/arch_design_predict/download-github-repos/mvp/repos/android_mvp_example_java-master/app/src/main/java/com/example/junhee/ohmygirl_mvp_java/main2/AnotherFragment.java,com.example.junhee.ohmygirl_mvp_java.main2.AnotherFragment,setPresenter/1[com.example.junhee.ohmygirl_mvp_java.main2.AnotherPresenter],presenter,2
/home/arch_design_predict/download-github-repos/mvp/repos/android_mvp_example_java-master/app/src/main/java/com/example/junhee/ohmygirl_mvp_java/main2/AnotherFragment.java,com.example.junhee.ohmygirl_mvp_java.main2.AnotherFragment,setText/1[java.lang.String],text,1
/home/arch_design_predict/download-github-repos/mvp/repos/android_mvp_example_java-master/app/src/main/java/com/example/junhee/ohmygirl_mvp_java/main/MainActivity.java,com.example.junhee.ohmygirl_mvp_java.main.MainActivity,goBack/1[com.example.junhee.ohmygirl_mvp_java.main.Fragment],fragment,1
/home/arch_design_predict/download-github-repos/mvp/repos/android_mvp_example_java-master/app/src/main/java/com/example/junhee/ohmygirl_mvp_java/main/MainActivity.java,com.example.junhee.ohmygirl_mvp_java.main.MainActivity,onCreate/1[android.os.Bundle],savedInstanceState,1
/home/arch_design_predict/download-github-repos/mvp/repos/android_mvp_example_java-master/app/src/main/java/com/example/junhee/ohmygirl_mvp_java/main/MainActivity.java,com.example.junhee.ohmygirl_mvp_java.main.MainActivity,onCreate/1[android.os.Bundle],mainFragment,5
/home/arch_design_predict/download-github-repos/mvp/repos/android_mvp_example_java-master/app/src/main/java/com/example/junhee/ohmygirl_mvp_java/main/MainActivity.java,com.example.junhee.ohmygirl_mvp_java.main.MainActivity,addFragment/1[com.example.junhee.ohmygirl_mvp_java.main.Fragment],fragment,1
/home/arch_design_predict/download-github-repos/mvp/repos/android_mvp_example_java-master/app/src/main/java/com/example/junhee/ohmygirl_mvp_java/main/Main2Fragment.java,com.example.junhee.ohmygirl_mvp_java.main.Main2Fragment$OnBackKeyListener,goBack/1[com.example.junhee.ohmygirl_mvp_java.main.Fragment],fragment,0
