file,class,type,cbo,cboModified,fanin,fanout,wmc,dit,noc,rfc,lcom,lcom*,tcc,lcc,totalMethodsQty,staticMethodsQty,publicMethodsQty,privateMethodsQty,protectedMethodsQty,defaultMethodsQty,visibleMethodsQty,abstractMethodsQty,finalMethodsQty,synchronizedMethodsQty,totalFieldsQty,staticFieldsQty,publicFieldsQty,privateFieldsQty,protectedFieldsQty,defaultFieldsQty,finalFieldsQty,synchronizedFieldsQty,nosi,loc,returnQty,loopQty,comparisonsQty,tryCatchQty,parenthesizedExpsQty,stringLiteralsQty,numbersQty,assignmentsQty,mathOperationsQty,variablesQty,maxNestedBlocksQty,anonymousClassesQty,innerClassesQty,lambdasQty,uniqueWordsQty,modifiers,logStatementsQty
/home/arch_design_predict/download-github-repos/mvvm/repos/Laiquendi-master/laiquendi-core/src/main/java/xyz/rasp/laiquendi/core/attrs/FloatAttr.java,xyz.rasp.laiquendi.core.attrs.FloatAttr,interface,0,0,0,0,2,1,0,0,1,0.0,0.0,0.0,2,0,0,0,0,2,2,0,0,0,0,0,0,0,0,0,0,0,0,4,0,0,0,0,0,0,0,0,0,0,0,0,0,0,11,1,0
/home/arch_design_predict/download-github-repos/mvvm/repos/Laiquendi-master/laiquendi-core/src/main/java/xyz/rasp/laiquendi/core/attrs/BooleanAttr.java,xyz.rasp.laiquendi.core.attrs.BooleanAttr,interface,0,0,0,0,2,1,0,0,1,0.0,0.0,0.0,2,0,0,0,0,2,2,0,0,0,0,0,0,0,0,0,0,0,0,4,0,0,0,0,0,0,0,0,0,0,0,0,0,0,11,1,0
/home/arch_design_predict/download-github-repos/mvvm/repos/Laiquendi-master/laiquendi-core/src/main/java/xyz/rasp/laiquendi/core/attrs/StringAttr.java,xyz.rasp.laiquendi.core.attrs.StringAttr,interface,0,0,0,0,2,1,0,0,1,0.0,0.0,0.0,2,0,0,0,0,2,2,0,0,0,0,0,0,0,0,0,0,0,0,4,0,0,0,0,0,0,0,0,0,0,0,0,0,0,11,1,0
/home/arch_design_predict/download-github-repos/mvvm/repos/Laiquendi-master/sample/src/main/java/xyz/rasp/laiquendi/sample/App.java,xyz.rasp.laiquendi.sample.App,class,2,3,1,2,2,2,0,2,0,0.0,1.0,1.0,2,1,2,0,0,0,2,0,0,0,1,1,0,0,0,1,0,0,0,11,1,0,0,0,0,0,0,1,0,1,0,0,0,0,10,1,0
/home/arch_design_predict/download-github-repos/mvvm/repos/Laiquendi-master/laiquendi-core/src/main/java/xyz/rasp/laiquendi/core/ParamsLoadListener.java,xyz.rasp.laiquendi.core.ParamsLoadListener,interface,2,4,2,2,1,1,0,0,0,0.0,NaN,NaN,1,0,0,0,0,1,1,0,0,0,0,0,0,0,0,0,0,0,0,3,0,0,0,0,0,0,0,0,0,0,0,0,0,0,10,1,0
/home/arch_design_predict/download-github-repos/mvvm/repos/Laiquendi-master/laiquendi-processor/src/main/java/xyz/rasp/laiquendi/processor/types/Constants.java,xyz.rasp.laiquendi.processor.types.Constants,class,0,0,0,0,0,1,0,0,0,NaN,-1.0,-1.0,0,0,0,0,0,0,0,0,0,0,1,1,1,0,0,0,1,0,0,3,0,0,0,0,0,1,1,1,0,1,0,0,0,0,11,1,0
/home/arch_design_predict/download-github-repos/mvvm/repos/Laiquendi-master/laiquendi-processor/src/main/java/xyz/rasp/laiquendi/processor/ComponentBuilder.java,xyz.rasp.laiquendi.processor.ComponentBuilder,class,5,7,2,5,13,1,0,23,33,0.7979798,0.1904762,0.47619048,11,1,7,4,0,0,7,0,0,0,9,3,0,9,0,0,3,0,0,70,7,0,2,0,0,35,0,11,5,11,1,0,0,0,60,1,0
/home/arch_design_predict/download-github-repos/mvvm/repos/Laiquendi-master/laiquendi-core/src/main/java/xyz/rasp/laiquendi/core/attrs/IntAttr.java,xyz.rasp.laiquendi.core.attrs.IntAttr,interface,0,0,0,0,2,1,0,0,1,0.0,0.0,0.0,2,0,0,0,0,2,2,0,0,0,0,0,0,0,0,0,0,0,0,4,0,0,0,0,0,0,0,0,0,0,0,0,0,0,10,1,0
/home/arch_design_predict/download-github-repos/mvvm/repos/Laiquendi-master/laiquendi-core/src/main/java/xyz/rasp/laiquendi/core/Params.java,xyz.rasp.laiquendi.core.Params,class,1,4,3,1,16,1,0,11,25,0.5,0.16666667,0.16666667,10,1,9,1,0,0,9,0,0,0,1,0,0,1,0,0,0,0,3,59,12,1,1,4,0,3,4,5,0,5,2,0,0,0,27,1,0
/home/arch_design_predict/download-github-repos/mvvm/repos/Laiquendi-master/laiquendi-core/src/main/java/xyz/rasp/laiquendi/core/ComponentCreateListener.java,xyz.rasp.laiquendi.core.ComponentCreateListener,interface,1,4,3,1,1,1,0,0,0,0.0,NaN,NaN,1,0,0,0,0,1,1,0,0,0,0,0,0,0,0,0,0,0,0,3,0,0,0,0,0,0,0,0,0,0,0,0,0,0,10,1,0
/home/arch_design_predict/download-github-repos/mvvm/repos/Laiquendi-master/sample/src/main/java/xyz/rasp/laiquendi/sample/components/PrimaryRefreshLayout.java,xyz.rasp.laiquendi.sample.components.PrimaryRefreshLayout,class,4,4,0,4,1,1,0,1,0,0.0,NaN,NaN,1,0,1,0,0,0,1,0,0,0,0,0,0,0,0,0,0,0,0,5,0,0,0,0,0,0,0,0,0,0,0,0,0,0,14,1,0
/home/arch_design_predict/download-github-repos/mvvm/repos/Laiquendi-master/laiquendi-processor/src/main/java/xyz/rasp/laiquendi/processor/types/TypeUtil.java,xyz.rasp.laiquendi.processor.types.TypeUtil,class,1,2,1,1,7,1,0,12,1,0.0,0.0,0.0,2,2,2,0,0,0,2,0,0,0,0,0,0,0,0,0,0,0,0,26,5,2,0,1,0,0,0,3,0,3,3,0,0,0,24,1,0
/home/arch_design_predict/download-github-repos/mvvm/repos/Laiquendi-master/sample/src/main/java/xyz/rasp/laiquendi/sample/components/Header.java,xyz.rasp.laiquendi.sample.components.Header,class,7,8,1,7,4,1,0,10,0,0.41666666,0.5,0.5,4,0,4,0,0,0,4,0,0,0,3,0,1,0,0,2,0,0,1,23,0,0,0,0,0,5,1,1,0,6,0,0,0,2,28,1,0
/home/arch_design_predict/download-github-repos/mvvm/repos/Laiquendi-master/laiquendi-processor/src/main/java/xyz/rasp/laiquendi/processor/LaiquendiProcessor.java,xyz.rasp.laiquendi.processor.LaiquendiProcessor,class,7,8,1,7,8,2,0,27,6,0.6666667,0.16666667,0.16666667,5,0,4,1,0,0,4,0,0,1,3,0,0,3,0,0,0,0,4,46,3,1,0,2,1,2,0,12,0,11,2,0,0,0,53,1,0
/home/arch_design_predict/download-github-repos/mvvm/repos/Laiquendi-master/laiquendi-processor/src/main/java/xyz/rasp/laiquendi/processor/types/Types.java,xyz.rasp.laiquendi.processor.types.Types,class,2,2,0,2,0,1,0,1,0,NaN,-1.0,-1.0,0,0,0,0,0,0,0,0,0,0,15,15,15,0,0,0,15,0,0,25,0,0,0,0,0,27,0,15,0,15,0,1,0,0,35,1,0
/home/arch_design_predict/download-github-repos/mvvm/repos/Laiquendi-master/laiquendi-core/src/main/java/xyz/rasp/laiquendi/core/Eru.java,xyz.rasp.laiquendi.core.Eru,class,4,5,1,4,4,1,0,7,1,0.0,0.0,0.0,2,2,2,0,0,0,2,0,0,0,0,0,0,0,0,0,0,0,2,26,4,0,0,2,0,4,0,8,4,8,1,0,0,0,21,1,0
/home/arch_design_predict/download-github-repos/mvvm/repos/Laiquendi-master/sample/src/main/java/xyz/rasp/laiquendi/sample/components/MockContent.java,xyz.rasp.laiquendi.sample.components.MockContent,class,7,8,1,7,4,1,0,11,1,0.0,NaN,NaN,2,0,1,1,0,0,1,0,0,0,0,0,0,0,0,0,0,0,2,25,1,2,0,0,1,1,20,7,3,7,2,0,0,0,25,1,0
/home/arch_design_predict/download-github-repos/mvvm/repos/Laiquendi-master/sample/src/main/java/xyz/rasp/laiquendi/sample/components/StateLayout.java,xyz.rasp.laiquendi.sample.components.StateLayout,class,9,11,2,9,6,1,0,8,0,0.6666667,0.5,0.5,4,0,4,0,0,0,4,0,0,0,3,0,0,0,0,3,0,0,1,27,0,0,0,0,0,7,0,3,0,6,1,0,0,0,28,1,0
/home/arch_design_predict/download-github-repos/mvvm/repos/Laiquendi-master/sample/src/main/java/xyz/rasp/laiquendi/sample/MainActivity.java,xyz.rasp.laiquendi.sample.MainActivity,class,10,10,0,10,4,2,0,12,1,0.5555556,0.33333334,0.33333334,3,0,2,0,1,0,3,0,0,0,3,0,0,2,0,1,0,0,2,35,2,0,1,0,0,3,5,3,1,4,2,0,0,1,27,1,0
/home/arch_design_predict/download-github-repos/mvvm/repos/Laiquendi-master/laiquendi-processor/src/main/java/xyz/rasp/laiquendi/processor/types/Types.java,xyz.rasp.laiquendi.processor.types.Types$Anonymous1,anonymous,0,0,0,0,2,1,0,0,1,0.0,0.0,0.0,2,0,2,0,0,0,2,0,0,0,0,0,0,0,0,0,0,0,0,8,2,0,0,0,0,1,0,0,0,0,0,0,0,0,4,-1,0
