file,class,method,variable,usage
/home/arch_design_predict/download-github-repos/mvp/repos/RxjavaRetrofitWithMVP-master/app/src/main/java/com/echo/rxjavaretrofitwithmvp/imvp/IMainActivity.java,com.echo.rxjavaretrofitwithmvp.imvp.IMainActivity$IMainView,updateListView/1[java.util.List<com.echo.rxjavaretrofitwithmvp.entity.AnnexMode>],subjects,0
/home/arch_design_predict/download-github-repos/mvp/repos/RxjavaRetrofitWithMVP-master/app/src/main/java/com/echo/rxjavaretrofitwithmvp/imvp/IMainActivity.java,com.echo.rxjavaretrofitwithmvp.imvp.IMainActivity$IMainView,showToast/1[java.lang.String],s,0
/home/arch_design_predict/download-github-repos/mvp/repos/RxjavaRetrofitWithMVP-master/app/src/main/java/com/echo/rxjavaretrofitwithmvp/presenter/MainPresenter.java,com.echo.rxjavaretrofitwithmvp.presenter.MainPresenter$Anonymous2,onSuccess/1[java.util.List<com.echo.rxjavaretrofitwithmvp.entity.AnnexMode>],subjects,2
/home/arch_design_predict/download-github-repos/mvp/repos/RxjavaRetrofitWithMVP-master/app/src/main/java/com/echo/rxjavaretrofitwithmvp/util/PrettyJson.java,com.echo.rxjavaretrofitwithmvp.util.PrettyJson,getPretty/1[java.lang.String],prettyJsonStr2,1
/home/arch_design_predict/download-github-repos/mvp/repos/RxjavaRetrofitWithMVP-master/app/src/main/java/com/echo/rxjavaretrofitwithmvp/util/PrettyJson.java,com.echo.rxjavaretrofitwithmvp.util.PrettyJson,getPretty/1[java.lang.String],jp,1
/home/arch_design_predict/download-github-repos/mvp/repos/RxjavaRetrofitWithMVP-master/app/src/main/java/com/echo/rxjavaretrofitwithmvp/util/PrettyJson.java,com.echo.rxjavaretrofitwithmvp.util.PrettyJson,getPretty/1[java.lang.String],json,1
/home/arch_design_predict/download-github-repos/mvp/repos/RxjavaRetrofitWithMVP-master/app/src/main/java/com/echo/rxjavaretrofitwithmvp/util/PrettyJson.java,com.echo.rxjavaretrofitwithmvp.util.PrettyJson,getPretty/1[java.lang.String],gsonBuilder,3
/home/arch_design_predict/download-github-repos/mvp/repos/RxjavaRetrofitWithMVP-master/app/src/main/java/com/echo/rxjavaretrofitwithmvp/util/PrettyJson.java,com.echo.rxjavaretrofitwithmvp.util.PrettyJson,getPretty/1[java.lang.String],gson,1
/home/arch_design_predict/download-github-repos/mvp/repos/RxjavaRetrofitWithMVP-master/app/src/main/java/com/echo/rxjavaretrofitwithmvp/util/PrettyJson.java,com.echo.rxjavaretrofitwithmvp.util.PrettyJson,getPretty/1[java.lang.String],je,1
/home/arch_design_predict/download-github-repos/mvp/repos/RxjavaRetrofitWithMVP-master/app/src/main/java/com/echo/rxjavaretrofitwithmvp/http/HttpMethods.java,com.echo.rxjavaretrofitwithmvp.http.HttpMethods$Anonymous1,intercept/1[com.echo.rxjavaretrofitwithmvp.http.Chain],request,3
/home/arch_design_predict/download-github-repos/mvp/repos/RxjavaRetrofitWithMVP-master/app/src/main/java/com/echo/rxjavaretrofitwithmvp/http/HttpMethods.java,com.echo.rxjavaretrofitwithmvp.http.HttpMethods$Anonymous1,intercept/1[com.echo.rxjavaretrofitwithmvp.http.Chain],chain,3
/home/arch_design_predict/download-github-repos/mvp/repos/RxjavaRetrofitWithMVP-master/app/src/main/java/com/echo/rxjavaretrofitwithmvp/http/HttpMethods.java,com.echo.rxjavaretrofitwithmvp.http.HttpMethods$Anonymous1,intercept/1[com.echo.rxjavaretrofitwithmvp.http.Chain],builder,4
/home/arch_design_predict/download-github-repos/mvp/repos/RxjavaRetrofitWithMVP-master/app/src/main/java/com/echo/rxjavaretrofitwithmvp/http/ApiException.java,com.echo.rxjavaretrofitwithmvp.http.ApiException,ApiException/1[int],resultCode,1
/home/arch_design_predict/download-github-repos/mvp/repos/RxjavaRetrofitWithMVP-master/app/src/main/java/com/echo/rxjavaretrofitwithmvp/http/ApiException.java,com.echo.rxjavaretrofitwithmvp.http.ApiException,ApiException/1[java.lang.String],detailMessage,1
/home/arch_design_predict/download-github-repos/mvp/repos/RxjavaRetrofitWithMVP-master/app/src/main/java/com/echo/rxjavaretrofitwithmvp/http/ApiException.java,com.echo.rxjavaretrofitwithmvp.http.ApiException,getApiExceptionMessage/1[int],code,1
/home/arch_design_predict/download-github-repos/mvp/repos/RxjavaRetrofitWithMVP-master/app/src/main/java/com/echo/rxjavaretrofitwithmvp/http/ApiException.java,com.echo.rxjavaretrofitwithmvp.http.ApiException,getApiExceptionMessage/1[int],message,4
/home/arch_design_predict/download-github-repos/mvp/repos/RxjavaRetrofitWithMVP-master/app/src/main/java/com/echo/rxjavaretrofitwithmvp/entity/CodeMsg.java,com.echo.rxjavaretrofitwithmvp.entity.CodeMsg,setMsg/1[java.lang.String],msg,1
/home/arch_design_predict/download-github-repos/mvp/repos/RxjavaRetrofitWithMVP-master/app/src/main/java/com/echo/rxjavaretrofitwithmvp/entity/CodeMsg.java,com.echo.rxjavaretrofitwithmvp.entity.CodeMsg,setCode/1[java.lang.String],code,1
/home/arch_design_predict/download-github-repos/mvp/repos/RxjavaRetrofitWithMVP-master/app/src/main/java/com/echo/rxjavaretrofitwithmvp/presenter/MainPresenter.java,com.echo.rxjavaretrofitwithmvp.presenter.MainPresenter$Anonymous1,onSuccess/1[java.util.List<com.echo.rxjavaretrofitwithmvp.entity.AnnexMode>],subjects,1
/home/arch_design_predict/download-github-repos/mvp/repos/RxjavaRetrofitWithMVP-master/app/src/main/java/com/echo/rxjavaretrofitwithmvp/presenter/MainPresenter.java,com.echo.rxjavaretrofitwithmvp.presenter.MainPresenter,MainPresenter/1[com.echo.rxjavaretrofitwithmvp.imvp.IMainActivity.IMainView],mView,2
/home/arch_design_predict/download-github-repos/mvp/repos/RxjavaRetrofitWithMVP-master/app/src/main/java/com/echo/rxjavaretrofitwithmvp/progress/ProgressDialogHandler.java,com.echo.rxjavaretrofitwithmvp.progress.ProgressDialogHandler,"ProgressDialogHandler/3[com.echo.rxjavaretrofitwithmvp.progress.Context,com.echo.rxjavaretrofitwithmvp.progress.ProgressCancelListener,boolean]",mProgressCancelListener,2
/home/arch_design_predict/download-github-repos/mvp/repos/RxjavaRetrofitWithMVP-master/app/src/main/java/com/echo/rxjavaretrofitwithmvp/progress/ProgressDialogHandler.java,com.echo.rxjavaretrofitwithmvp.progress.ProgressDialogHandler,"ProgressDialogHandler/3[com.echo.rxjavaretrofitwithmvp.progress.Context,com.echo.rxjavaretrofitwithmvp.progress.ProgressCancelListener,boolean]",cancelable,2
/home/arch_design_predict/download-github-repos/mvp/repos/RxjavaRetrofitWithMVP-master/app/src/main/java/com/echo/rxjavaretrofitwithmvp/progress/ProgressDialogHandler.java,com.echo.rxjavaretrofitwithmvp.progress.ProgressDialogHandler,"ProgressDialogHandler/3[com.echo.rxjavaretrofitwithmvp.progress.Context,com.echo.rxjavaretrofitwithmvp.progress.ProgressCancelListener,boolean]",context,2
/home/arch_design_predict/download-github-repos/mvp/repos/RxjavaRetrofitWithMVP-master/app/src/main/java/com/echo/rxjavaretrofitwithmvp/progress/ProgressDialogHandler.java,com.echo.rxjavaretrofitwithmvp.progress.ProgressDialogHandler,handleMessage/1[com.echo.rxjavaretrofitwithmvp.progress.Message],msg,1
/home/arch_design_predict/download-github-repos/mvp/repos/RxjavaRetrofitWithMVP-master/app/src/main/java/com/echo/rxjavaretrofitwithmvp/entity/HttpResult.java,com.echo.rxjavaretrofitwithmvp.entity.HttpResult,setData/1[T],data,1
/home/arch_design_predict/download-github-repos/mvp/repos/RxjavaRetrofitWithMVP-master/app/src/main/java/com/echo/rxjavaretrofitwithmvp/entity/HttpResult.java,com.echo.rxjavaretrofitwithmvp.entity.HttpResult,toString/0,pretty,1
/home/arch_design_predict/download-github-repos/mvp/repos/RxjavaRetrofitWithMVP-master/app/src/main/java/com/echo/rxjavaretrofitwithmvp/entity/HttpResult.java,com.echo.rxjavaretrofitwithmvp.entity.HttpResult,toString/0,json,1
/home/arch_design_predict/download-github-repos/mvp/repos/RxjavaRetrofitWithMVP-master/app/src/main/java/com/echo/rxjavaretrofitwithmvp/entity/HttpResult.java,com.echo.rxjavaretrofitwithmvp.entity.HttpResult,toString/0,gson,1
/home/arch_design_predict/download-github-repos/mvp/repos/RxjavaRetrofitWithMVP-master/app/src/main/java/com/echo/rxjavaretrofitwithmvp/http/HttpResultFunc.java,com.echo.rxjavaretrofitwithmvp.http.HttpResultFunc,call/1[com.echo.rxjavaretrofitwithmvp.entity.HttpResult<T>],httpResult,4
/home/arch_design_predict/download-github-repos/mvp/repos/RxjavaRetrofitWithMVP-master/app/src/main/java/com/echo/rxjavaretrofitwithmvp/model/MainModel.java,com.echo.rxjavaretrofitwithmvp.model.MainModel,getMovie/1[com.echo.rxjavaretrofitwithmvp.subscribers.ProgressSubscriber],subscriber,1
/home/arch_design_predict/download-github-repos/mvp/repos/RxjavaRetrofitWithMVP-master/app/src/main/java/com/echo/rxjavaretrofitwithmvp/model/MainModel.java,com.echo.rxjavaretrofitwithmvp.model.MainModel,getMovie/1[com.echo.rxjavaretrofitwithmvp.subscribers.ProgressSubscriber],mRetrofit,1
/home/arch_design_predict/download-github-repos/mvp/repos/RxjavaRetrofitWithMVP-master/app/src/main/java/com/echo/rxjavaretrofitwithmvp/model/MainModel.java,com.echo.rxjavaretrofitwithmvp.model.MainModel,getMovie/1[com.echo.rxjavaretrofitwithmvp.subscribers.ProgressSubscriber],mGetAnnexMode,1
/home/arch_design_predict/download-github-repos/mvp/repos/RxjavaRetrofitWithMVP-master/app/src/main/java/com/echo/rxjavaretrofitwithmvp/model/MainModel.java,com.echo.rxjavaretrofitwithmvp.model.MainModel,getMovie/1[com.echo.rxjavaretrofitwithmvp.subscribers.ProgressSubscriber],observable,1
/home/arch_design_predict/download-github-repos/mvp/repos/RxjavaRetrofitWithMVP-master/app/src/main/java/com/echo/rxjavaretrofitwithmvp/entity/GetWharf.java,com.echo.rxjavaretrofitwithmvp.entity.GetWharf,setName/1[java.lang.String],Name,2
/home/arch_design_predict/download-github-repos/mvp/repos/RxjavaRetrofitWithMVP-master/app/src/main/java/com/echo/rxjavaretrofitwithmvp/entity/GetWharf.java,com.echo.rxjavaretrofitwithmvp.entity.GetWharf,setNano/1[java.lang.String],Nano,2
/home/arch_design_predict/download-github-repos/mvp/repos/RxjavaRetrofitWithMVP-master/app/src/main/java/com/echo/rxjavaretrofitwithmvp/entity/GetWharf.java,com.echo.rxjavaretrofitwithmvp.entity.GetWharf,setPort/1[int],Port,2
/home/arch_design_predict/download-github-repos/mvp/repos/RxjavaRetrofitWithMVP-master/app/src/main/java/com/echo/rxjavaretrofitwithmvp/entity/GetWharf.java,com.echo.rxjavaretrofitwithmvp.entity.GetWharf,setValue/1[int],Value,2
/home/arch_design_predict/download-github-repos/mvp/repos/RxjavaRetrofitWithMVP-master/app/src/main/java/com/echo/rxjavaretrofitwithmvp/subscribers/ProgressSubscriber.java,com.echo.rxjavaretrofitwithmvp.subscribers.ProgressSubscriber,ProgressSubscriber/1[com.echo.rxjavaretrofitwithmvp.subscribers.SubscriberOnNextListener],mSubscriberOnNextListener,2
/home/arch_design_predict/download-github-repos/mvp/repos/RxjavaRetrofitWithMVP-master/app/src/main/java/com/echo/rxjavaretrofitwithmvp/subscribers/ProgressSubscriber.java,com.echo.rxjavaretrofitwithmvp.subscribers.ProgressSubscriber,onError/1[java.lang.Throwable],e,4
/home/arch_design_predict/download-github-repos/mvp/repos/RxjavaRetrofitWithMVP-master/app/src/main/java/com/echo/rxjavaretrofitwithmvp/subscribers/ProgressSubscriber.java,com.echo.rxjavaretrofitwithmvp.subscribers.ProgressSubscriber,onNext/1[T],t,1
/home/arch_design_predict/download-github-repos/mvp/repos/RxjavaRetrofitWithMVP-master/app/src/main/java/com/echo/rxjavaretrofitwithmvp/activity/MainActivity.java,com.echo.rxjavaretrofitwithmvp.activity.MainActivity,onCreate/1[com.echo.rxjavaretrofitwithmvp.activity.Bundle],savedInstanceState,1
/home/arch_design_predict/download-github-repos/mvp/repos/RxjavaRetrofitWithMVP-master/app/src/main/java/com/echo/rxjavaretrofitwithmvp/activity/MainActivity.java,com.echo.rxjavaretrofitwithmvp.activity.MainActivity,showToast/1[java.lang.String],s,1
/home/arch_design_predict/download-github-repos/mvp/repos/RxjavaRetrofitWithMVP-master/app/src/main/java/com/echo/rxjavaretrofitwithmvp/activity/MainActivity.java,com.echo.rxjavaretrofitwithmvp.activity.MainActivity,updateListView/1[java.util.List<com.echo.rxjavaretrofitwithmvp.entity.AnnexMode>],subjects,2
/home/arch_design_predict/download-github-repos/mvp/repos/RxjavaRetrofitWithMVP-master/app/src/main/java/com/echo/rxjavaretrofitwithmvp/http/TransFunc.java,com.echo.rxjavaretrofitwithmvp.http.TransFunc,call/1[com.echo.rxjavaretrofitwithmvp.http.Response<T>],tResponse,3
/home/arch_design_predict/download-github-repos/mvp/repos/RxjavaRetrofitWithMVP-master/app/src/main/java/com/echo/rxjavaretrofitwithmvp/activity/MyAdapter.java,com.echo.rxjavaretrofitwithmvp.activity.MyAdapter,"MyAdapter/2[com.echo.rxjavaretrofitwithmvp.activity.Context,java.util.List<com.echo.rxjavaretrofitwithmvp.entity.AnnexMode>]",context,2
/home/arch_design_predict/download-github-repos/mvp/repos/RxjavaRetrofitWithMVP-master/app/src/main/java/com/echo/rxjavaretrofitwithmvp/activity/MyAdapter.java,com.echo.rxjavaretrofitwithmvp.activity.MyAdapter,"MyAdapter/2[com.echo.rxjavaretrofitwithmvp.activity.Context,java.util.List<com.echo.rxjavaretrofitwithmvp.entity.AnnexMode>]",list,2
/home/arch_design_predict/download-github-repos/mvp/repos/RxjavaRetrofitWithMVP-master/app/src/main/java/com/echo/rxjavaretrofitwithmvp/activity/MyAdapter.java,com.echo.rxjavaretrofitwithmvp.activity.MyAdapter,"getView/3[int,com.echo.rxjavaretrofitwithmvp.activity.View,com.echo.rxjavaretrofitwithmvp.activity.ViewGroup]",mode,1
/home/arch_design_predict/download-github-repos/mvp/repos/RxjavaRetrofitWithMVP-master/app/src/main/java/com/echo/rxjavaretrofitwithmvp/activity/MyAdapter.java,com.echo.rxjavaretrofitwithmvp.activity.MyAdapter,"getView/3[int,com.echo.rxjavaretrofitwithmvp.activity.View,com.echo.rxjavaretrofitwithmvp.activity.ViewGroup]",parent,0
/home/arch_design_predict/download-github-repos/mvp/repos/RxjavaRetrofitWithMVP-master/app/src/main/java/com/echo/rxjavaretrofitwithmvp/activity/MyAdapter.java,com.echo.rxjavaretrofitwithmvp.activity.MyAdapter,"getView/3[int,com.echo.rxjavaretrofitwithmvp.activity.View,com.echo.rxjavaretrofitwithmvp.activity.ViewGroup]",holder,5
/home/arch_design_predict/download-github-repos/mvp/repos/RxjavaRetrofitWithMVP-master/app/src/main/java/com/echo/rxjavaretrofitwithmvp/activity/MyAdapter.java,com.echo.rxjavaretrofitwithmvp.activity.MyAdapter,"getView/3[int,com.echo.rxjavaretrofitwithmvp.activity.View,com.echo.rxjavaretrofitwithmvp.activity.ViewGroup]",position,1
/home/arch_design_predict/download-github-repos/mvp/repos/RxjavaRetrofitWithMVP-master/app/src/main/java/com/echo/rxjavaretrofitwithmvp/activity/MyAdapter.java,com.echo.rxjavaretrofitwithmvp.activity.MyAdapter,"getView/3[int,com.echo.rxjavaretrofitwithmvp.activity.View,com.echo.rxjavaretrofitwithmvp.activity.ViewGroup]",convertView,6
/home/arch_design_predict/download-github-repos/mvp/repos/RxjavaRetrofitWithMVP-master/app/src/main/java/com/echo/rxjavaretrofitwithmvp/activity/MyAdapter.java,com.echo.rxjavaretrofitwithmvp.activity.MyAdapter,updateListView/1[java.util.List<com.echo.rxjavaretrofitwithmvp.entity.AnnexMode>],list,2
/home/arch_design_predict/download-github-repos/mvp/repos/RxjavaRetrofitWithMVP-master/app/src/main/java/com/echo/rxjavaretrofitwithmvp/activity/MyAdapter.java,com.echo.rxjavaretrofitwithmvp.activity.MyAdapter,getItemId/1[int],position,1
/home/arch_design_predict/download-github-repos/mvp/repos/RxjavaRetrofitWithMVP-master/app/src/main/java/com/echo/rxjavaretrofitwithmvp/activity/MyAdapter.java,com.echo.rxjavaretrofitwithmvp.activity.MyAdapter,getItem/1[int],position,1
/home/arch_design_predict/download-github-repos/mvp/repos/RxjavaRetrofitWithMVP-master/app/src/main/java/com/echo/rxjavaretrofitwithmvp/http/HttpMethods.java,com.echo.rxjavaretrofitwithmvp.http.HttpMethods,"getObservable/2[com.echo.rxjavaretrofitwithmvp.http.Observable,com.echo.rxjavaretrofitwithmvp.http.Subscriber]",subscriber,1
/home/arch_design_predict/download-github-repos/mvp/repos/RxjavaRetrofitWithMVP-master/app/src/main/java/com/echo/rxjavaretrofitwithmvp/http/HttpMethods.java,com.echo.rxjavaretrofitwithmvp.http.HttpMethods,"getObservable/2[com.echo.rxjavaretrofitwithmvp.http.Observable,com.echo.rxjavaretrofitwithmvp.http.Subscriber]",observable,1
/home/arch_design_predict/download-github-repos/mvp/repos/RxjavaRetrofitWithMVP-master/app/src/main/java/com/echo/rxjavaretrofitwithmvp/http/HttpMethods.java,com.echo.rxjavaretrofitwithmvp.http.HttpMethods,"toSubscribe/2[com.echo.rxjavaretrofitwithmvp.http.Observable<T>,com.echo.rxjavaretrofitwithmvp.http.Subscriber<T>]",s,1
/home/arch_design_predict/download-github-repos/mvp/repos/RxjavaRetrofitWithMVP-master/app/src/main/java/com/echo/rxjavaretrofitwithmvp/http/HttpMethods.java,com.echo.rxjavaretrofitwithmvp.http.HttpMethods,"toSubscribe/2[com.echo.rxjavaretrofitwithmvp.http.Observable<T>,com.echo.rxjavaretrofitwithmvp.http.Subscriber<T>]",o,1
/home/arch_design_predict/download-github-repos/mvp/repos/RxjavaRetrofitWithMVP-master/app/src/main/java/com/echo/rxjavaretrofitwithmvp/http/HttpMethods.java,com.echo.rxjavaretrofitwithmvp.http.HttpMethods,HttpMethods/0,builder,3
/home/arch_design_predict/download-github-repos/mvp/repos/RxjavaRetrofitWithMVP-master/app/src/main/java/com/echo/rxjavaretrofitwithmvp/entity/AnnexMode.java,com.echo.rxjavaretrofitwithmvp.entity.AnnexMode,setCode/1[java.lang.String],Code,2
/home/arch_design_predict/download-github-repos/mvp/repos/RxjavaRetrofitWithMVP-master/app/src/main/java/com/echo/rxjavaretrofitwithmvp/entity/AnnexMode.java,com.echo.rxjavaretrofitwithmvp.entity.AnnexMode,setValue/1[int],Value,2
/home/arch_design_predict/download-github-repos/mvp/repos/RxjavaRetrofitWithMVP-master/app/src/main/java/com/echo/rxjavaretrofitwithmvp/entity/AnnexMode.java,com.echo.rxjavaretrofitwithmvp.entity.AnnexMode,setName/1[java.lang.String],Name,2
/home/arch_design_predict/download-github-repos/mvp/repos/RxjavaRetrofitWithMVP-master/app/src/main/java/com/echo/rxjavaretrofitwithmvp/subscribers/SubscriberOnNextListener.java,com.echo.rxjavaretrofitwithmvp.subscribers.SubscriberOnNextListener,onSuccess/1[T],t,0
/home/arch_design_predict/download-github-repos/mvp/repos/RxjavaRetrofitWithMVP-master/app/src/main/java/com/echo/rxjavaretrofitwithmvp/entity/BaseModel.java,com.echo.rxjavaretrofitwithmvp.entity.BaseModel,toString/0,pretty,1
/home/arch_design_predict/download-github-repos/mvp/repos/RxjavaRetrofitWithMVP-master/app/src/main/java/com/echo/rxjavaretrofitwithmvp/entity/BaseModel.java,com.echo.rxjavaretrofitwithmvp.entity.BaseModel,toString/0,json,1
/home/arch_design_predict/download-github-repos/mvp/repos/RxjavaRetrofitWithMVP-master/app/src/main/java/com/echo/rxjavaretrofitwithmvp/entity/BaseModel.java,com.echo.rxjavaretrofitwithmvp.entity.BaseModel,toString/0,gson,1
