file,class,type,cbo,cboModified,fanin,fanout,wmc,dit,noc,rfc,lcom,lcom*,tcc,lcc,totalMethodsQty,staticMethodsQty,publicMethodsQty,privateMethodsQty,protectedMethodsQty,defaultMethodsQty,visibleMethodsQty,abstractMethodsQty,finalMethodsQty,synchronizedMethodsQty,totalFieldsQty,staticFieldsQty,publicFieldsQty,privateFieldsQty,protectedFieldsQty,defaultFieldsQty,finalFieldsQty,synchronizedFieldsQty,nosi,loc,returnQty,loopQty,comparisonsQty,tryCatchQty,parenthesizedExpsQty,stringLiteralsQty,numbersQty,assignmentsQty,mathOperationsQty,variablesQty,maxNestedBlocksQty,anonymousClassesQty,innerClassesQty,lambdasQty,uniqueWordsQty,modifiers,logStatementsQty
/Users/sirojiddinkomolov/Documents/innopolis/research/arch_design_pattern_detection/exps/3rd_revision/coach_repos_r/Todoer-master/app/src/main/java/atitel/com/todoer/MainActivity.java,atitel.com.todoer.MainActivity$Anonymous1,anonymous,1,1,0,1,1,1,0,1,0,0.0,NaN,NaN,1,0,1,0,0,0,1,0,0,0,0,0,0,0,0,0,0,0,0,6,0,0,0,0,0,0,0,1,0,0,0,0,0,0,6,-1,0
/Users/sirojiddinkomolov/Documents/innopolis/research/arch_design_pattern_detection/exps/3rd_revision/coach_repos_r/Todoer-master/app/src/main/java/atitel/com/todoer/MainActivity.java,atitel.com.todoer.MainActivity$Anonymous3,anonymous,6,6,0,6,5,1,0,7,6,0.0,0.0,0.0,4,0,4,0,0,0,4,0,0,0,0,0,0,0,0,0,0,0,0,20,0,0,0,0,1,1,1,0,1,0,1,0,0,0,17,-1,0
/Users/sirojiddinkomolov/Documents/innopolis/research/arch_design_pattern_detection/exps/3rd_revision/coach_repos_r/Todoer-master/app/src/main/java/atitel/com/todoer/MainActivity.java,atitel.com.todoer.MainActivity,class,9,10,1,9,4,2,0,15,0,0.4,1.0,1.0,3,0,1,1,1,0,2,0,0,0,5,0,0,5,0,0,0,0,0,65,0,0,0,0,0,1,0,8,0,7,1,3,0,0,35,1,0
/Users/sirojiddinkomolov/Documents/innopolis/research/arch_design_pattern_detection/exps/3rd_revision/coach_repos_r/Todoer-master/app/src/main/java/atitel/com/todoer/MainActivity.java,atitel.com.todoer.MainActivity$Anonymous2,anonymous,0,0,0,0,0,1,0,0,0,0.0,-1.0,-1.0,0,0,0,0,0,0,0,0,0,0,0,0,0,0,0,0,0,0,0,2,0,0,0,0,0,0,0,0,0,0,0,0,0,0,0,-1,0
