file,class,method,constructor,line,cbo,cboModified,fanin,fanout,wmc,rfc,loc,returnsQty,variablesQty,parametersQty,methodsInvokedQty,methodsInvokedLocalQty,methodsInvokedIndirectLocalQty,loopQty,comparisonsQty,tryCatchQty,parenthesizedExpsQty,stringLiteralsQty,numbersQty,assignmentsQty,mathOperationsQty,maxNestedBlocksQty,anonymousClassesQty,innerClassesQty,lambdasQty,uniqueWordsQty,modifiers,logStatementsQty,hasJavaDoc
/Users/sirojiddinkomolov/Documents/innopolis/research/arch_design_pattern_detection/exps/3rd_revision/coach_repos_r/Todoer-master/app/src/main/java/atitel/com/todoer/MainActivity.java,atitel.com.todoer.MainActivity$Anonymous1,onClick/1[atitel.com.todoer.View],false,45,1,0,0,0,1,1,4,0,0,1,1,0,0,0,0,0,0,0,0,1,0,0,0,0,0,6,1,0,false
/Users/sirojiddinkomolov/Documents/innopolis/research/arch_design_pattern_detection/exps/3rd_revision/coach_repos_r/Todoer-master/app/src/main/java/atitel/com/todoer/MainActivity.java,atitel.com.todoer.MainActivity$Anonymous3,"onReceivedError/3[atitel.com.todoer.WebView,atitel.com.todoer.WebResourceRequest,atitel.com.todoer.WebResourceError]",false,83,5,1,0,1,1,1,3,0,0,3,1,0,0,0,0,0,0,0,0,0,0,0,0,0,0,7,1,0,false
/Users/sirojiddinkomolov/Documents/innopolis/research/arch_design_pattern_detection/exps/3rd_revision/coach_repos_r/Todoer-master/app/src/main/java/atitel/com/todoer/MainActivity.java,atitel.com.todoer.MainActivity$Anonymous3,"onReceivedError/4[atitel.com.todoer.WebView,int,java.lang.String,java.lang.String]",false,77,2,1,0,1,1,1,3,0,0,4,1,0,0,0,0,0,0,1,0,0,0,0,0,0,0,8,1,0,false
/Users/sirojiddinkomolov/Documents/innopolis/research/arch_design_pattern_detection/exps/3rd_revision/coach_repos_r/Todoer-master/app/src/main/java/atitel/com/todoer/MainActivity.java,atitel.com.todoer.MainActivity$Anonymous3,"onPageStarted/3[atitel.com.todoer.WebView,java.lang.String,atitel.com.todoer.Bitmap]",false,57,2,0,0,0,1,1,3,0,0,3,1,0,0,0,0,0,0,0,0,0,0,0,0,0,0,6,1,0,false
/Users/sirojiddinkomolov/Documents/innopolis/research/arch_design_pattern_detection/exps/3rd_revision/coach_repos_r/Todoer-master/app/src/main/java/atitel/com/todoer/MainActivity.java,atitel.com.todoer.MainActivity$Anonymous3,"onPageFinished/2[atitel.com.todoer.WebView,java.lang.String]",false,62,1,0,0,0,2,5,9,0,0,2,5,0,0,0,0,0,1,0,1,0,1,1,0,0,0,7,1,0,false
/Users/sirojiddinkomolov/Documents/innopolis/research/arch_design_pattern_detection/exps/3rd_revision/coach_repos_r/Todoer-master/app/src/main/java/atitel/com/todoer/MainActivity.java,atitel.com.todoer.MainActivity,showError/0,false,102,0,2,2,0,1,1,6,0,0,0,1,0,0,0,0,0,0,0,0,1,0,0,0,0,0,3,2,0,false
/Users/sirojiddinkomolov/Documents/innopolis/research/arch_design_pattern_detection/exps/3rd_revision/coach_repos_r/Todoer-master/app/src/main/java/atitel/com/todoer/MainActivity.java,atitel.com.todoer.MainActivity,onBackPressed/0,false,94,0,0,0,0,2,3,8,0,0,0,3,0,0,0,0,0,0,0,0,0,0,1,0,0,0,3,1,0,false
/Users/sirojiddinkomolov/Documents/innopolis/research/arch_design_pattern_detection/exps/3rd_revision/coach_repos_r/Todoer-master/app/src/main/java/atitel/com/todoer/MainActivity.java,atitel.com.todoer.MainActivity,onCreate/1[atitel.com.todoer.Bundle],false,28,8,0,0,0,1,11,44,0,2,1,11,0,0,0,0,0,0,1,0,6,0,0,3,0,0,42,4,0,false
