file,class,method,variable,usage
/Users/sirojiddinkomolov/Documents/innopolis/research/arch_design_pattern_detection/exps/3rd_revision/coach_repos_r/Todoer-master/app/src/main/java/atitel/com/todoer/MainActivity.java,atitel.com.todoer.MainActivity$Anonymous1,onClick/1[atitel.com.todoer.View],view,0
/Users/sirojiddinkomolov/Documents/innopolis/research/arch_design_pattern_detection/exps/3rd_revision/coach_repos_r/Todoer-master/app/src/main/java/atitel/com/todoer/MainActivity.java,atitel.com.todoer.MainActivity$Anonymous3,"onReceivedError/3[atitel.com.todoer.WebView,atitel.com.todoer.WebResourceRequest,atitel.com.todoer.WebResourceError]",view,0
/Users/sirojiddinkomolov/Documents/innopolis/research/arch_design_pattern_detection/exps/3rd_revision/coach_repos_r/Todoer-master/app/src/main/java/atitel/com/todoer/MainActivity.java,atitel.com.todoer.MainActivity$Anonymous3,"onReceivedError/3[atitel.com.todoer.WebView,atitel.com.todoer.WebResourceRequest,atitel.com.todoer.WebResourceError]",error,0
/Users/sirojiddinkomolov/Documents/innopolis/research/arch_design_pattern_detection/exps/3rd_revision/coach_repos_r/Todoer-master/app/src/main/java/atitel/com/todoer/MainActivity.java,atitel.com.todoer.MainActivity$Anonymous3,"onReceivedError/3[atitel.com.todoer.WebView,atitel.com.todoer.WebResourceRequest,atitel.com.todoer.WebResourceError]",req,0
/Users/sirojiddinkomolov/Documents/innopolis/research/arch_design_pattern_detection/exps/3rd_revision/coach_repos_r/Todoer-master/app/src/main/java/atitel/com/todoer/MainActivity.java,atitel.com.todoer.MainActivity$Anonymous3,"onReceivedError/4[atitel.com.todoer.WebView,int,java.lang.String,java.lang.String]",view,0
/Users/sirojiddinkomolov/Documents/innopolis/research/arch_design_pattern_detection/exps/3rd_revision/coach_repos_r/Todoer-master/app/src/main/java/atitel/com/todoer/MainActivity.java,atitel.com.todoer.MainActivity$Anonymous3,"onReceivedError/4[atitel.com.todoer.WebView,int,java.lang.String,java.lang.String]",failingUrl,0
/Users/sirojiddinkomolov/Documents/innopolis/research/arch_design_pattern_detection/exps/3rd_revision/coach_repos_r/Todoer-master/app/src/main/java/atitel/com/todoer/MainActivity.java,atitel.com.todoer.MainActivity$Anonymous3,"onReceivedError/4[atitel.com.todoer.WebView,int,java.lang.String,java.lang.String]",errorCode,0
/Users/sirojiddinkomolov/Documents/innopolis/research/arch_design_pattern_detection/exps/3rd_revision/coach_repos_r/Todoer-master/app/src/main/java/atitel/com/todoer/MainActivity.java,atitel.com.todoer.MainActivity$Anonymous3,"onReceivedError/4[atitel.com.todoer.WebView,int,java.lang.String,java.lang.String]",description,0
/Users/sirojiddinkomolov/Documents/innopolis/research/arch_design_pattern_detection/exps/3rd_revision/coach_repos_r/Todoer-master/app/src/main/java/atitel/com/todoer/MainActivity.java,atitel.com.todoer.MainActivity$Anonymous3,"onPageStarted/3[atitel.com.todoer.WebView,java.lang.String,atitel.com.todoer.Bitmap]",view,1
/Users/sirojiddinkomolov/Documents/innopolis/research/arch_design_pattern_detection/exps/3rd_revision/coach_repos_r/Todoer-master/app/src/main/java/atitel/com/todoer/MainActivity.java,atitel.com.todoer.MainActivity$Anonymous3,"onPageStarted/3[atitel.com.todoer.WebView,java.lang.String,atitel.com.todoer.Bitmap]",favicon,1
/Users/sirojiddinkomolov/Documents/innopolis/research/arch_design_pattern_detection/exps/3rd_revision/coach_repos_r/Todoer-master/app/src/main/java/atitel/com/todoer/MainActivity.java,atitel.com.todoer.MainActivity$Anonymous3,"onPageStarted/3[atitel.com.todoer.WebView,java.lang.String,atitel.com.todoer.Bitmap]",url,1
/Users/sirojiddinkomolov/Documents/innopolis/research/arch_design_pattern_detection/exps/3rd_revision/coach_repos_r/Todoer-master/app/src/main/java/atitel/com/todoer/MainActivity.java,atitel.com.todoer.MainActivity$Anonymous3,"onPageFinished/2[atitel.com.todoer.WebView,java.lang.String]",view,4
/Users/sirojiddinkomolov/Documents/innopolis/research/arch_design_pattern_detection/exps/3rd_revision/coach_repos_r/Todoer-master/app/src/main/java/atitel/com/todoer/MainActivity.java,atitel.com.todoer.MainActivity$Anonymous3,"onPageFinished/2[atitel.com.todoer.WebView,java.lang.String]",url,1
/Users/sirojiddinkomolov/Documents/innopolis/research/arch_design_pattern_detection/exps/3rd_revision/coach_repos_r/Todoer-master/app/src/main/java/atitel/com/todoer/MainActivity.java,atitel.com.todoer.MainActivity,onCreate/1[atitel.com.todoer.Bundle],savedInstanceState,1
/Users/sirojiddinkomolov/Documents/innopolis/research/arch_design_pattern_detection/exps/3rd_revision/coach_repos_r/Todoer-master/app/src/main/java/atitel/com/todoer/MainActivity.java,atitel.com.todoer.MainActivity,onCreate/1[atitel.com.todoer.Bundle],progressBar,2
/Users/sirojiddinkomolov/Documents/innopolis/research/arch_design_pattern_detection/exps/3rd_revision/coach_repos_r/Todoer-master/app/src/main/java/atitel/com/todoer/MainActivity.java,atitel.com.todoer.MainActivity,onCreate/1[atitel.com.todoer.Bundle],refresh,2
