file,class,method,variable,usage
/home/arch_design_predict/download-github-repos/mvp/repos/MVPCAndroid-mvpc-loaders-rx/mvpc_rx/src/main/java/corp/wmsoft/android/lib/mvpcrx/presenter/loader/MVPCPresenterLoader.java,corp.wmsoft.android.lib.mvpcrx.presenter.loader.MVPCPresenterLoader,"MVPCPresenterLoader/2[corp.wmsoft.android.lib.mvpcrx.presenter.loader.Context,corp.wmsoft.android.lib.mvpcrx.presenter.factory.IMVPCPresenterFactory<V,P>]",context,1
/home/arch_design_predict/download-github-repos/mvp/repos/MVPCAndroid-mvpc-loaders-rx/mvpc_rx/src/main/java/corp/wmsoft/android/lib/mvpcrx/presenter/loader/MVPCPresenterLoader.java,corp.wmsoft.android.lib.mvpcrx.presenter.loader.MVPCPresenterLoader,"MVPCPresenterLoader/2[corp.wmsoft.android.lib.mvpcrx.presenter.loader.Context,corp.wmsoft.android.lib.mvpcrx.presenter.factory.IMVPCPresenterFactory<V,P>]",presenterFactory,1
/home/arch_design_predict/download-github-repos/mvp/repos/MVPCAndroid-mvpc-loaders-rx/mvpc_rx/src/main/java/corp/wmsoft/android/lib/mvpcrx/presenter/loader/MVPCPresenterLoader.java,corp.wmsoft.android.lib.mvpcrx.presenter.loader.MVPCPresenterLoader,deliverResult/1[P],data,1
/home/arch_design_predict/download-github-repos/mvp/repos/MVPCAndroid-mvpc-loaders-rx/mvpc_rx/src/main/java/corp/wmsoft/android/lib/mvpcrx/predefined/MVPCView.java,corp.wmsoft.android.lib.mvpcrx.predefined.MVPCView,"MVPCView/2[corp.wmsoft.android.lib.mvpcrx.predefined.Context,corp.wmsoft.android.lib.mvpcrx.predefined.AttributeSet]",context,2
/home/arch_design_predict/download-github-repos/mvp/repos/MVPCAndroid-mvpc-loaders-rx/mvpc_rx/src/main/java/corp/wmsoft/android/lib/mvpcrx/predefined/MVPCView.java,corp.wmsoft.android.lib.mvpcrx.predefined.MVPCView,"MVPCView/2[corp.wmsoft.android.lib.mvpcrx.predefined.Context,corp.wmsoft.android.lib.mvpcrx.predefined.AttributeSet]",attrs,1
/home/arch_design_predict/download-github-repos/mvp/repos/MVPCAndroid-mvpc-loaders-rx/mvpc_rx/src/main/java/corp/wmsoft/android/lib/mvpcrx/predefined/MVPCView.java,corp.wmsoft.android.lib.mvpcrx.predefined.MVPCView,init/1[corp.wmsoft.android.lib.mvpcrx.predefined.Context],context,2
/home/arch_design_predict/download-github-repos/mvp/repos/MVPCAndroid-mvpc-loaders-rx/mvpc_rx/src/main/java/corp/wmsoft/android/lib/mvpcrx/predefined/MVPCView.java,corp.wmsoft.android.lib.mvpcrx.predefined.MVPCView,onInitializePresenter/1[P],presenter,0
/home/arch_design_predict/download-github-repos/mvp/repos/MVPCAndroid-mvpc-loaders-rx/mvpc_rx/src/main/java/corp/wmsoft/android/lib/mvpcrx/predefined/MVPCView.java,corp.wmsoft.android.lib.mvpcrx.predefined.MVPCView,"MVPCView/3[corp.wmsoft.android.lib.mvpcrx.predefined.Context,corp.wmsoft.android.lib.mvpcrx.predefined.AttributeSet,int]",context,2
/home/arch_design_predict/download-github-repos/mvp/repos/MVPCAndroid-mvpc-loaders-rx/mvpc_rx/src/main/java/corp/wmsoft/android/lib/mvpcrx/predefined/MVPCView.java,corp.wmsoft.android.lib.mvpcrx.predefined.MVPCView,"MVPCView/3[corp.wmsoft.android.lib.mvpcrx.predefined.Context,corp.wmsoft.android.lib.mvpcrx.predefined.AttributeSet,int]",defStyleAttr,1
/home/arch_design_predict/download-github-repos/mvp/repos/MVPCAndroid-mvpc-loaders-rx/mvpc_rx/src/main/java/corp/wmsoft/android/lib/mvpcrx/predefined/MVPCView.java,corp.wmsoft.android.lib.mvpcrx.predefined.MVPCView,"MVPCView/3[corp.wmsoft.android.lib.mvpcrx.predefined.Context,corp.wmsoft.android.lib.mvpcrx.predefined.AttributeSet,int]",attrs,1
/home/arch_design_predict/download-github-repos/mvp/repos/MVPCAndroid-mvpc-loaders-rx/mvpc_rx/src/main/java/corp/wmsoft/android/lib/mvpcrx/predefined/MVPCView.java,corp.wmsoft.android.lib.mvpcrx.predefined.MVPCView,"MVPCView/4[corp.wmsoft.android.lib.mvpcrx.predefined.Context,corp.wmsoft.android.lib.mvpcrx.predefined.AttributeSet,int,int]",defStyleRes,1
/home/arch_design_predict/download-github-repos/mvp/repos/MVPCAndroid-mvpc-loaders-rx/mvpc_rx/src/main/java/corp/wmsoft/android/lib/mvpcrx/predefined/MVPCView.java,corp.wmsoft.android.lib.mvpcrx.predefined.MVPCView,"MVPCView/4[corp.wmsoft.android.lib.mvpcrx.predefined.Context,corp.wmsoft.android.lib.mvpcrx.predefined.AttributeSet,int,int]",context,2
/home/arch_design_predict/download-github-repos/mvp/repos/MVPCAndroid-mvpc-loaders-rx/mvpc_rx/src/main/java/corp/wmsoft/android/lib/mvpcrx/predefined/MVPCView.java,corp.wmsoft.android.lib.mvpcrx.predefined.MVPCView,"MVPCView/4[corp.wmsoft.android.lib.mvpcrx.predefined.Context,corp.wmsoft.android.lib.mvpcrx.predefined.AttributeSet,int,int]",defStyleAttr,1
/home/arch_design_predict/download-github-repos/mvp/repos/MVPCAndroid-mvpc-loaders-rx/mvpc_rx/src/main/java/corp/wmsoft/android/lib/mvpcrx/predefined/MVPCView.java,corp.wmsoft.android.lib.mvpcrx.predefined.MVPCView,"MVPCView/4[corp.wmsoft.android.lib.mvpcrx.predefined.Context,corp.wmsoft.android.lib.mvpcrx.predefined.AttributeSet,int,int]",attrs,1
/home/arch_design_predict/download-github-repos/mvp/repos/MVPCAndroid-mvpc-loaders-rx/mvpc_rx/src/main/java/corp/wmsoft/android/lib/mvpcrx/predefined/MVPCView.java,corp.wmsoft.android.lib.mvpcrx.predefined.MVPCView,MVPCView/1[corp.wmsoft.android.lib.mvpcrx.predefined.Context],context,2
/home/arch_design_predict/download-github-repos/mvp/repos/MVPCAndroid-mvpc-loaders-rx/mvpc_rx/src/main/java/corp/wmsoft/android/lib/mvpcrx/predefined/MVPCRelativeLayout.java,corp.wmsoft.android.lib.mvpcrx.predefined.MVPCRelativeLayout,init/1[corp.wmsoft.android.lib.mvpcrx.predefined.Context],context,2
/home/arch_design_predict/download-github-repos/mvp/repos/MVPCAndroid-mvpc-loaders-rx/mvpc_rx/src/main/java/corp/wmsoft/android/lib/mvpcrx/predefined/MVPCRelativeLayout.java,corp.wmsoft.android.lib.mvpcrx.predefined.MVPCRelativeLayout,MVPCRelativeLayout/1[corp.wmsoft.android.lib.mvpcrx.predefined.Context],context,2
/home/arch_design_predict/download-github-repos/mvp/repos/MVPCAndroid-mvpc-loaders-rx/mvpc_rx/src/main/java/corp/wmsoft/android/lib/mvpcrx/predefined/MVPCRelativeLayout.java,corp.wmsoft.android.lib.mvpcrx.predefined.MVPCRelativeLayout,"MVPCRelativeLayout/2[corp.wmsoft.android.lib.mvpcrx.predefined.Context,corp.wmsoft.android.lib.mvpcrx.predefined.AttributeSet]",context,2
/home/arch_design_predict/download-github-repos/mvp/repos/MVPCAndroid-mvpc-loaders-rx/mvpc_rx/src/main/java/corp/wmsoft/android/lib/mvpcrx/predefined/MVPCRelativeLayout.java,corp.wmsoft.android.lib.mvpcrx.predefined.MVPCRelativeLayout,"MVPCRelativeLayout/2[corp.wmsoft.android.lib.mvpcrx.predefined.Context,corp.wmsoft.android.lib.mvpcrx.predefined.AttributeSet]",attrs,1
/home/arch_design_predict/download-github-repos/mvp/repos/MVPCAndroid-mvpc-loaders-rx/mvpc_rx/src/main/java/corp/wmsoft/android/lib/mvpcrx/predefined/MVPCRelativeLayout.java,corp.wmsoft.android.lib.mvpcrx.predefined.MVPCRelativeLayout,onInitializePresenter/1[P],presenter,0
/home/arch_design_predict/download-github-repos/mvp/repos/MVPCAndroid-mvpc-loaders-rx/mvpc_rx/src/main/java/corp/wmsoft/android/lib/mvpcrx/predefined/MVPCRelativeLayout.java,corp.wmsoft.android.lib.mvpcrx.predefined.MVPCRelativeLayout,"MVPCRelativeLayout/3[corp.wmsoft.android.lib.mvpcrx.predefined.Context,corp.wmsoft.android.lib.mvpcrx.predefined.AttributeSet,int]",context,2
/home/arch_design_predict/download-github-repos/mvp/repos/MVPCAndroid-mvpc-loaders-rx/mvpc_rx/src/main/java/corp/wmsoft/android/lib/mvpcrx/predefined/MVPCRelativeLayout.java,corp.wmsoft.android.lib.mvpcrx.predefined.MVPCRelativeLayout,"MVPCRelativeLayout/3[corp.wmsoft.android.lib.mvpcrx.predefined.Context,corp.wmsoft.android.lib.mvpcrx.predefined.AttributeSet,int]",defStyleAttr,1
/home/arch_design_predict/download-github-repos/mvp/repos/MVPCAndroid-mvpc-loaders-rx/mvpc_rx/src/main/java/corp/wmsoft/android/lib/mvpcrx/predefined/MVPCRelativeLayout.java,corp.wmsoft.android.lib.mvpcrx.predefined.MVPCRelativeLayout,"MVPCRelativeLayout/3[corp.wmsoft.android.lib.mvpcrx.predefined.Context,corp.wmsoft.android.lib.mvpcrx.predefined.AttributeSet,int]",attrs,1
/home/arch_design_predict/download-github-repos/mvp/repos/MVPCAndroid-mvpc-loaders-rx/mvpc_rx/src/main/java/corp/wmsoft/android/lib/mvpcrx/predefined/MVPCRelativeLayout.java,corp.wmsoft.android.lib.mvpcrx.predefined.MVPCRelativeLayout,"MVPCRelativeLayout/4[corp.wmsoft.android.lib.mvpcrx.predefined.Context,corp.wmsoft.android.lib.mvpcrx.predefined.AttributeSet,int,int]",defStyleRes,1
/home/arch_design_predict/download-github-repos/mvp/repos/MVPCAndroid-mvpc-loaders-rx/mvpc_rx/src/main/java/corp/wmsoft/android/lib/mvpcrx/predefined/MVPCRelativeLayout.java,corp.wmsoft.android.lib.mvpcrx.predefined.MVPCRelativeLayout,"MVPCRelativeLayout/4[corp.wmsoft.android.lib.mvpcrx.predefined.Context,corp.wmsoft.android.lib.mvpcrx.predefined.AttributeSet,int,int]",context,2
/home/arch_design_predict/download-github-repos/mvp/repos/MVPCAndroid-mvpc-loaders-rx/mvpc_rx/src/main/java/corp/wmsoft/android/lib/mvpcrx/predefined/MVPCRelativeLayout.java,corp.wmsoft.android.lib.mvpcrx.predefined.MVPCRelativeLayout,"MVPCRelativeLayout/4[corp.wmsoft.android.lib.mvpcrx.predefined.Context,corp.wmsoft.android.lib.mvpcrx.predefined.AttributeSet,int,int]",defStyleAttr,1
/home/arch_design_predict/download-github-repos/mvp/repos/MVPCAndroid-mvpc-loaders-rx/mvpc_rx/src/main/java/corp/wmsoft/android/lib/mvpcrx/predefined/MVPCRelativeLayout.java,corp.wmsoft.android.lib.mvpcrx.predefined.MVPCRelativeLayout,"MVPCRelativeLayout/4[corp.wmsoft.android.lib.mvpcrx.predefined.Context,corp.wmsoft.android.lib.mvpcrx.predefined.AttributeSet,int,int]",attrs,1
/home/arch_design_predict/download-github-repos/mvp/repos/MVPCAndroid-mvpc-loaders-rx/example_app/src/main/java/corp/wmsoft/android/examples/mvpc/MainContract.java,corp.wmsoft.android.examples.mvpc.MainContract$View,showCounter/1[java.lang.String],count,0
/home/arch_design_predict/download-github-repos/mvp/repos/MVPCAndroid-mvpc-loaders-rx/example_app/src/main/java/corp/wmsoft/android/examples/mvpc/util/DateTimeUtil.java,corp.wmsoft.android.examples.mvpc.util.DateTimeUtil,formatMillisecondsToString/1[long],calendar,2
/home/arch_design_predict/download-github-repos/mvp/repos/MVPCAndroid-mvpc-loaders-rx/example_app/src/main/java/corp/wmsoft/android/examples/mvpc/util/DateTimeUtil.java,corp.wmsoft.android.examples.mvpc.util.DateTimeUtil,formatMillisecondsToString/1[long],milliseconds,1
/home/arch_design_predict/download-github-repos/mvp/repos/MVPCAndroid-mvpc-loaders-rx/example_app/src/main/java/corp/wmsoft/android/examples/mvpc/util/DateTimeUtil.java,corp.wmsoft.android.examples.mvpc.util.DateTimeUtil,formatMillisecondsToString/1[long],format,2
/home/arch_design_predict/download-github-repos/mvp/repos/MVPCAndroid-mvpc-loaders-rx/mvpc_rx/src/main/java/corp/wmsoft/android/lib/mvpcrx/interactor/MVPCUseCase.java,corp.wmsoft.android.lib.mvpcrx.interactor.MVPCUseCase,MVPCUseCase/1[corp.wmsoft.android.lib.mvpcrx.util.IMVPCSchedulerProvider],schedulerProvider,1
/home/arch_design_predict/download-github-repos/mvp/repos/MVPCAndroid-mvpc-loaders-rx/mvpc_rx/src/main/java/corp/wmsoft/android/lib/mvpcrx/interactor/MVPCUseCase.java,corp.wmsoft.android.lib.mvpcrx.interactor.MVPCUseCase,"execute/2[Q,corp.wmsoft.android.lib.mvpcrx.interactor.Observer<? super T>]",requestValues,1
/home/arch_design_predict/download-github-repos/mvp/repos/MVPCAndroid-mvpc-loaders-rx/mvpc_rx/src/main/java/corp/wmsoft/android/lib/mvpcrx/interactor/MVPCUseCase.java,corp.wmsoft.android.lib.mvpcrx.interactor.MVPCUseCase,"execute/2[Q,corp.wmsoft.android.lib.mvpcrx.interactor.Observer<? super T>]",useCaseSubscriber,1
/home/arch_design_predict/download-github-repos/mvp/repos/MVPCAndroid-mvpc-loaders-rx/mvpc_rx/src/main/java/corp/wmsoft/android/lib/mvpcrx/interactor/MVPCUseCase.java,corp.wmsoft.android.lib.mvpcrx.interactor.MVPCUseCase,buildUseCaseObservable/1[Q],requestValues,0
/home/arch_design_predict/download-github-repos/mvp/repos/MVPCAndroid-mvpc-loaders-rx/mvpc_rx/src/main/java/corp/wmsoft/android/lib/mvpcrx/interactor/MVPCUseCase.java,corp.wmsoft.android.lib.mvpcrx.interactor.MVPCUseCase,"execute/2[Q,corp.wmsoft.android.lib.mvpcrx.interactor.Action1<? super T>]",requestValues,1
/home/arch_design_predict/download-github-repos/mvp/repos/MVPCAndroid-mvpc-loaders-rx/mvpc_rx/src/main/java/corp/wmsoft/android/lib/mvpcrx/interactor/MVPCUseCase.java,corp.wmsoft.android.lib.mvpcrx.interactor.MVPCUseCase,"execute/2[Q,corp.wmsoft.android.lib.mvpcrx.interactor.Action1<? super T>]",useCaseOnNext,1
/home/arch_design_predict/download-github-repos/mvp/repos/MVPCAndroid-mvpc-loaders-rx/mvpc_rx/src/main/java/corp/wmsoft/android/lib/mvpcrx/delegate/IMVPCDelegate.java,corp.wmsoft.android.lib.mvpcrx.delegate.IMVPCDelegate$ICallback,onInitializePresenter/1[P],presenter,0
/home/arch_design_predict/download-github-repos/mvp/repos/MVPCAndroid-mvpc-loaders-rx/example_app/src/main/java/corp/wmsoft/android/examples/mvpc/second/fragment/TestContract.java,corp.wmsoft.android.examples.mvpc.second.fragment.TestContract$View,showCurrentViewName/1[java.lang.String],name,0
/home/arch_design_predict/download-github-repos/mvp/repos/MVPCAndroid-mvpc-loaders-rx/example_app/src/main/java/corp/wmsoft/android/examples/mvpc/second/fragment/TestContract.java,corp.wmsoft.android.examples.mvpc.second.fragment.TestContract$View,setGoToThirdVisibility/1[boolean],isVisible,0
/home/arch_design_predict/download-github-repos/mvp/repos/MVPCAndroid-mvpc-loaders-rx/example_app/src/main/java/corp/wmsoft/android/examples/mvpc/second/fragment/TestContract.java,corp.wmsoft.android.examples.mvpc.second.fragment.TestContract$View,showCounter/1[java.lang.String],counter,0
/home/arch_design_predict/download-github-repos/mvp/repos/MVPCAndroid-mvpc-loaders-rx/example_app/src/main/java/corp/wmsoft/android/examples/mvpc/third/view/TestFrameLayout.java,corp.wmsoft.android.examples.mvpc.third.view.TestFrameLayout$Anonymous1,onClick/1[corp.wmsoft.android.examples.mvpc.third.view.View],view,0
/home/arch_design_predict/download-github-repos/mvp/repos/MVPCAndroid-mvpc-loaders-rx/example_app/src/main/java/corp/wmsoft/android/examples/mvpc/third/pager/PagerAdapter.java,corp.wmsoft.android.examples.mvpc.third.pager.PagerAdapter,getItem/1[int],position,1
/home/arch_design_predict/download-github-repos/mvp/repos/MVPCAndroid-mvpc-loaders-rx/example_app/src/main/java/corp/wmsoft/android/examples/mvpc/third/pager/PagerAdapter.java,corp.wmsoft.android.examples.mvpc.third.pager.PagerAdapter,PagerAdapter/1[corp.wmsoft.android.examples.mvpc.third.pager.FragmentManager],fm,1
/home/arch_design_predict/download-github-repos/mvp/repos/MVPCAndroid-mvpc-loaders-rx/mvpc_rx/src/main/java/corp/wmsoft/android/lib/mvpcrx/presenter/MVPCPresenter.java,corp.wmsoft.android.lib.mvpcrx.presenter.MVPCPresenter,addSubscription/1[corp.wmsoft.android.lib.mvpcrx.presenter.Subscription],subscription,1
/home/arch_design_predict/download-github-repos/mvp/repos/MVPCAndroid-mvpc-loaders-rx/mvpc_rx/src/main/java/corp/wmsoft/android/lib/mvpcrx/presenter/MVPCPresenter.java,corp.wmsoft.android.lib.mvpcrx.presenter.MVPCPresenter,"executeUseCase/3[corp.wmsoft.android.lib.mvpcrx.interactor.MVPCUseCase<Q,T>,Q,corp.wmsoft.android.lib.mvpcrx.presenter.Observer<T>]",useCase,1
/home/arch_design_predict/download-github-repos/mvp/repos/MVPCAndroid-mvpc-loaders-rx/mvpc_rx/src/main/java/corp/wmsoft/android/lib/mvpcrx/presenter/MVPCPresenter.java,corp.wmsoft.android.lib.mvpcrx.presenter.MVPCPresenter,"executeUseCase/3[corp.wmsoft.android.lib.mvpcrx.interactor.MVPCUseCase<Q,T>,Q,corp.wmsoft.android.lib.mvpcrx.presenter.Observer<T>]",requestValues,1
/home/arch_design_predict/download-github-repos/mvp/repos/MVPCAndroid-mvpc-loaders-rx/mvpc_rx/src/main/java/corp/wmsoft/android/lib/mvpcrx/presenter/MVPCPresenter.java,corp.wmsoft.android.lib.mvpcrx.presenter.MVPCPresenter,"executeUseCase/3[corp.wmsoft.android.lib.mvpcrx.interactor.MVPCUseCase<Q,T>,Q,corp.wmsoft.android.lib.mvpcrx.presenter.Observer<T>]",useCaseSubscriber,1
/home/arch_design_predict/download-github-repos/mvp/repos/MVPCAndroid-mvpc-loaders-rx/mvpc_rx/src/main/java/corp/wmsoft/android/lib/mvpcrx/presenter/MVPCPresenter.java,corp.wmsoft.android.lib.mvpcrx.presenter.MVPCPresenter,"executeUseCase/3[corp.wmsoft.android.lib.mvpcrx.interactor.MVPCUseCase<Q,T>,Q,corp.wmsoft.android.lib.mvpcrx.presenter.Action1<? super T>]",useCase,1
/home/arch_design_predict/download-github-repos/mvp/repos/MVPCAndroid-mvpc-loaders-rx/mvpc_rx/src/main/java/corp/wmsoft/android/lib/mvpcrx/presenter/MVPCPresenter.java,corp.wmsoft.android.lib.mvpcrx.presenter.MVPCPresenter,"executeUseCase/3[corp.wmsoft.android.lib.mvpcrx.interactor.MVPCUseCase<Q,T>,Q,corp.wmsoft.android.lib.mvpcrx.presenter.Action1<? super T>]",requestValues,1
/home/arch_design_predict/download-github-repos/mvp/repos/MVPCAndroid-mvpc-loaders-rx/mvpc_rx/src/main/java/corp/wmsoft/android/lib/mvpcrx/presenter/MVPCPresenter.java,corp.wmsoft.android.lib.mvpcrx.presenter.MVPCPresenter,"executeUseCase/3[corp.wmsoft.android.lib.mvpcrx.interactor.MVPCUseCase<Q,T>,Q,corp.wmsoft.android.lib.mvpcrx.presenter.Action1<? super T>]",useCaseOnNext,1
/home/arch_design_predict/download-github-repos/mvp/repos/MVPCAndroid-mvpc-loaders-rx/mvpc_rx/src/main/java/corp/wmsoft/android/lib/mvpcrx/presenter/MVPCPresenter.java,corp.wmsoft.android.lib.mvpcrx.presenter.MVPCPresenter,attachView/1[V],mvpView,1
/home/arch_design_predict/download-github-repos/mvp/repos/MVPCAndroid-mvpc-loaders-rx/example_app/src/main/java/corp/wmsoft/android/examples/mvpc/second/fragment/TestPresenter.java,corp.wmsoft.android.examples.mvpc.second.fragment.TestPresenter,attachView/1[corp.wmsoft.android.examples.mvpc.second.fragment.TestContract.View],mvpView,1
/home/arch_design_predict/download-github-repos/mvp/repos/MVPCAndroid-mvpc-loaders-rx/example_app/src/main/java/corp/wmsoft/android/examples/mvpc/second/fragment/TestPresenter.java,corp.wmsoft.android.examples.mvpc.second.fragment.TestPresenter,TestPresenter/1[java.lang.String],name,1
/home/arch_design_predict/download-github-repos/mvp/repos/MVPCAndroid-mvpc-loaders-rx/example_app/src/main/java/corp/wmsoft/android/examples/mvpc/second/fragment/TestPresenterFactory.java,corp.wmsoft.android.examples.mvpc.second.fragment.TestPresenterFactory,TestPresenterFactory/1[java.lang.String],name,1
/home/arch_design_predict/download-github-repos/mvp/repos/MVPCAndroid-mvpc-loaders-rx/example_app/src/main/java/corp/wmsoft/android/examples/mvpc/third/view/TestFrameLayout.java,corp.wmsoft.android.examples.mvpc.third.view.TestFrameLayout,showCounter/1[java.lang.String],count,1
/home/arch_design_predict/download-github-repos/mvp/repos/MVPCAndroid-mvpc-loaders-rx/example_app/src/main/java/corp/wmsoft/android/examples/mvpc/third/view/TestFrameLayout.java,corp.wmsoft.android.examples.mvpc.third.view.TestFrameLayout,TestFrameLayout/1[corp.wmsoft.android.examples.mvpc.third.view.Context],context,1
/home/arch_design_predict/download-github-repos/mvp/repos/MVPCAndroid-mvpc-loaders-rx/example_app/src/main/java/corp/wmsoft/android/examples/mvpc/third/view/TestFrameLayout.java,corp.wmsoft.android.examples.mvpc.third.view.TestFrameLayout,"TestFrameLayout/2[corp.wmsoft.android.examples.mvpc.third.view.Context,corp.wmsoft.android.examples.mvpc.third.view.AttributeSet]",context,1
/home/arch_design_predict/download-github-repos/mvp/repos/MVPCAndroid-mvpc-loaders-rx/example_app/src/main/java/corp/wmsoft/android/examples/mvpc/third/view/TestFrameLayout.java,corp.wmsoft.android.examples.mvpc.third.view.TestFrameLayout,"TestFrameLayout/2[corp.wmsoft.android.examples.mvpc.third.view.Context,corp.wmsoft.android.examples.mvpc.third.view.AttributeSet]",attrs,1
/home/arch_design_predict/download-github-repos/mvp/repos/MVPCAndroid-mvpc-loaders-rx/example_app/src/main/java/corp/wmsoft/android/examples/mvpc/third/view/TestFrameLayout.java,corp.wmsoft.android.examples.mvpc.third.view.TestFrameLayout,"TestFrameLayout/3[corp.wmsoft.android.examples.mvpc.third.view.Context,corp.wmsoft.android.examples.mvpc.third.view.AttributeSet,int]",context,1
/home/arch_design_predict/download-github-repos/mvp/repos/MVPCAndroid-mvpc-loaders-rx/example_app/src/main/java/corp/wmsoft/android/examples/mvpc/third/view/TestFrameLayout.java,corp.wmsoft.android.examples.mvpc.third.view.TestFrameLayout,"TestFrameLayout/3[corp.wmsoft.android.examples.mvpc.third.view.Context,corp.wmsoft.android.examples.mvpc.third.view.AttributeSet,int]",defStyleAttr,1
/home/arch_design_predict/download-github-repos/mvp/repos/MVPCAndroid-mvpc-loaders-rx/example_app/src/main/java/corp/wmsoft/android/examples/mvpc/third/view/TestFrameLayout.java,corp.wmsoft.android.examples.mvpc.third.view.TestFrameLayout,"TestFrameLayout/3[corp.wmsoft.android.examples.mvpc.third.view.Context,corp.wmsoft.android.examples.mvpc.third.view.AttributeSet,int]",attrs,1
/home/arch_design_predict/download-github-repos/mvp/repos/MVPCAndroid-mvpc-loaders-rx/example_app/src/main/java/corp/wmsoft/android/examples/mvpc/third/view/TestFrameLayout.java,corp.wmsoft.android.examples.mvpc.third.view.TestFrameLayout,"TestFrameLayout/4[corp.wmsoft.android.examples.mvpc.third.view.Context,corp.wmsoft.android.examples.mvpc.third.view.AttributeSet,int,int]",defStyleRes,1
/home/arch_design_predict/download-github-repos/mvp/repos/MVPCAndroid-mvpc-loaders-rx/example_app/src/main/java/corp/wmsoft/android/examples/mvpc/third/view/TestFrameLayout.java,corp.wmsoft.android.examples.mvpc.third.view.TestFrameLayout,"TestFrameLayout/4[corp.wmsoft.android.examples.mvpc.third.view.Context,corp.wmsoft.android.examples.mvpc.third.view.AttributeSet,int,int]",context,1
/home/arch_design_predict/download-github-repos/mvp/repos/MVPCAndroid-mvpc-loaders-rx/example_app/src/main/java/corp/wmsoft/android/examples/mvpc/third/view/TestFrameLayout.java,corp.wmsoft.android.examples.mvpc.third.view.TestFrameLayout,"TestFrameLayout/4[corp.wmsoft.android.examples.mvpc.third.view.Context,corp.wmsoft.android.examples.mvpc.third.view.AttributeSet,int,int]",defStyleAttr,1
/home/arch_design_predict/download-github-repos/mvp/repos/MVPCAndroid-mvpc-loaders-rx/example_app/src/main/java/corp/wmsoft/android/examples/mvpc/third/view/TestFrameLayout.java,corp.wmsoft.android.examples.mvpc.third.view.TestFrameLayout,"TestFrameLayout/4[corp.wmsoft.android.examples.mvpc.third.view.Context,corp.wmsoft.android.examples.mvpc.third.view.AttributeSet,int,int]",attrs,1
/home/arch_design_predict/download-github-repos/mvp/repos/MVPCAndroid-mvpc-loaders-rx/example_app/src/main/java/corp/wmsoft/android/examples/mvpc/third/view/TestFrameLayout.java,corp.wmsoft.android.examples.mvpc.third.view.TestFrameLayout,init/0,button,1
/home/arch_design_predict/download-github-repos/mvp/repos/MVPCAndroid-mvpc-loaders-rx/example_app/src/main/java/corp/wmsoft/android/examples/mvpc/third/view/TestFrameLayout.java,corp.wmsoft.android.examples.mvpc.third.view.TestFrameLayout,init/0,rootView,3
/home/arch_design_predict/download-github-repos/mvp/repos/MVPCAndroid-mvpc-loaders-rx/example_app/src/main/java/corp/wmsoft/android/examples/mvpc/third/ThirdPresenter.java,corp.wmsoft.android.examples.mvpc.third.ThirdPresenter,attachView/1[corp.wmsoft.android.examples.mvpc.third.ThirdContract.View],mvpView,1
/home/arch_design_predict/download-github-repos/mvp/repos/MVPCAndroid-mvpc-loaders-rx/mvpc_rx/src/main/java/corp/wmsoft/android/lib/mvpcrx/presenter/IMVPCPresenter.java,corp.wmsoft.android.lib.mvpcrx.presenter.IMVPCPresenter,attachView/1[V],view,0
/home/arch_design_predict/download-github-repos/mvp/repos/MVPCAndroid-mvpc-loaders-rx/example_app/src/main/java/corp/wmsoft/android/examples/mvpc/longrunning/LongRunningActivity.java,corp.wmsoft.android.examples.mvpc.longrunning.LongRunningActivity,onCreate/1[corp.wmsoft.android.examples.mvpc.longrunning.Bundle],savedInstanceState,1
/home/arch_design_predict/download-github-repos/mvp/repos/MVPCAndroid-mvpc-loaders-rx/example_app/src/main/java/corp/wmsoft/android/examples/mvpc/longrunning/LongRunningActivity.java,corp.wmsoft.android.examples.mvpc.longrunning.LongRunningActivity,showMessage/1[java.lang.String],message,1
/home/arch_design_predict/download-github-repos/mvp/repos/MVPCAndroid-mvpc-loaders-rx/example_app/src/main/java/corp/wmsoft/android/examples/mvpc/longrunning/LongRunningActivity.java,corp.wmsoft.android.examples.mvpc.longrunning.LongRunningActivity,onInitializePresenter/1[corp.wmsoft.android.examples.mvpc.longrunning.LongRunningContract.Presenter],presenter,0
/home/arch_design_predict/download-github-repos/mvp/repos/MVPCAndroid-mvpc-loaders-rx/example_app/src/main/java/corp/wmsoft/android/examples/mvpc/MainPresenter.java,corp.wmsoft.android.examples.mvpc.MainPresenter,attachView/1[corp.wmsoft.android.examples.mvpc.MainContract.View],mvpView,1
/home/arch_design_predict/download-github-repos/mvp/repos/MVPCAndroid-mvpc-loaders-rx/mvpc_rx/src/main/java/corp/wmsoft/android/lib/mvpcrx/predefined/MVPCSupportDialogFragment.java,corp.wmsoft.android.lib.mvpcrx.predefined.MVPCSupportDialogFragment,onInitializePresenter/1[P],presenter,0
/home/arch_design_predict/download-github-repos/mvp/repos/MVPCAndroid-mvpc-loaders-rx/mvpc_rx/src/main/java/corp/wmsoft/android/lib/mvpcrx/predefined/MVPCSupportDialogFragment.java,corp.wmsoft.android.lib.mvpcrx.predefined.MVPCSupportDialogFragment,onActivityCreated/1[corp.wmsoft.android.lib.mvpcrx.predefined.Bundle],savedInstanceState,1
/home/arch_design_predict/download-github-repos/mvp/repos/MVPCAndroid-mvpc-loaders-rx/example_app/src/main/java/corp/wmsoft/android/examples/mvpc/longrunning/iteractor/DelayedUseCase.java,corp.wmsoft.android.examples.mvpc.longrunning.iteractor.DelayedUseCase$Anonymous1,call/1[java.lang.String],s,1
/home/arch_design_predict/download-github-repos/mvp/repos/MVPCAndroid-mvpc-loaders-rx/example_app/src/main/java/corp/wmsoft/android/examples/mvpc/longrunning/iteractor/DelayedUseCase.java,corp.wmsoft.android.examples.mvpc.longrunning.iteractor.DelayedUseCase$Anonymous1,call/1[java.lang.String],e,1
/home/arch_design_predict/download-github-repos/mvp/repos/MVPCAndroid-mvpc-loaders-rx/mvpc_rx/src/main/java/corp/wmsoft/android/lib/mvpcrx/predefined/MVPCAppCompatActivity.java,corp.wmsoft.android.lib.mvpcrx.predefined.MVPCAppCompatActivity,onInitializePresenter/1[P],presenter,0
/home/arch_design_predict/download-github-repos/mvp/repos/MVPCAndroid-mvpc-loaders-rx/mvpc_rx/src/main/java/corp/wmsoft/android/lib/mvpcrx/predefined/MVPCAppCompatActivity.java,corp.wmsoft.android.lib.mvpcrx.predefined.MVPCAppCompatActivity,onCreate/1[corp.wmsoft.android.lib.mvpcrx.predefined.Bundle],savedInstanceState,1
/home/arch_design_predict/download-github-repos/mvp/repos/MVPCAndroid-mvpc-loaders-rx/mvpc_rx/src/main/java/corp/wmsoft/android/lib/mvpcrx/view/IMVPCErrorView.java,corp.wmsoft.android.lib.mvpcrx.view.IMVPCErrorView,showError/1[java.lang.Error],error,0
/home/arch_design_predict/download-github-repos/mvp/repos/MVPCAndroid-mvpc-loaders-rx/mvpc_rx/src/main/java/corp/wmsoft/android/lib/mvpcrx/delegate/MVPCDelegate.java,corp.wmsoft.android.lib.mvpcrx.delegate.MVPCDelegate,"onCreate/5[corp.wmsoft.android.lib.mvpcrx.delegate.Context,corp.wmsoft.android.lib.mvpcrx.delegate.LoaderManager,corp.wmsoft.android.lib.mvpcrx.presenter.factory.IMVPCPresenterFactory<V,P>,int,corp.wmsoft.android.lib.mvpcrx.delegate.IMVPCDelegate.ICallback<V,P>]",context,1
/home/arch_design_predict/download-github-repos/mvp/repos/MVPCAndroid-mvpc-loaders-rx/mvpc_rx/src/main/java/corp/wmsoft/android/lib/mvpcrx/delegate/MVPCDelegate.java,corp.wmsoft.android.lib.mvpcrx.delegate.MVPCDelegate,"onCreate/5[corp.wmsoft.android.lib.mvpcrx.delegate.Context,corp.wmsoft.android.lib.mvpcrx.delegate.LoaderManager,corp.wmsoft.android.lib.mvpcrx.presenter.factory.IMVPCPresenterFactory<V,P>,int,corp.wmsoft.android.lib.mvpcrx.delegate.IMVPCDelegate.ICallback<V,P>]",callback,1
/home/arch_design_predict/download-github-repos/mvp/repos/MVPCAndroid-mvpc-loaders-rx/mvpc_rx/src/main/java/corp/wmsoft/android/lib/mvpcrx/delegate/MVPCDelegate.java,corp.wmsoft.android.lib.mvpcrx.delegate.MVPCDelegate,"onCreate/5[corp.wmsoft.android.lib.mvpcrx.delegate.Context,corp.wmsoft.android.lib.mvpcrx.delegate.LoaderManager,corp.wmsoft.android.lib.mvpcrx.presenter.factory.IMVPCPresenterFactory<V,P>,int,corp.wmsoft.android.lib.mvpcrx.delegate.IMVPCDelegate.ICallback<V,P>]",presenterFactory,1
/home/arch_design_predict/download-github-repos/mvp/repos/MVPCAndroid-mvpc-loaders-rx/mvpc_rx/src/main/java/corp/wmsoft/android/lib/mvpcrx/delegate/MVPCDelegate.java,corp.wmsoft.android.lib.mvpcrx.delegate.MVPCDelegate,"onCreate/5[corp.wmsoft.android.lib.mvpcrx.delegate.Context,corp.wmsoft.android.lib.mvpcrx.delegate.LoaderManager,corp.wmsoft.android.lib.mvpcrx.presenter.factory.IMVPCPresenterFactory<V,P>,int,corp.wmsoft.android.lib.mvpcrx.delegate.IMVPCDelegate.ICallback<V,P>]",supportLoaderManager,1
/home/arch_design_predict/download-github-repos/mvp/repos/MVPCAndroid-mvpc-loaders-rx/mvpc_rx/src/main/java/corp/wmsoft/android/lib/mvpcrx/delegate/MVPCDelegate.java,corp.wmsoft.android.lib.mvpcrx.delegate.MVPCDelegate,"onCreate/5[corp.wmsoft.android.lib.mvpcrx.delegate.Context,corp.wmsoft.android.lib.mvpcrx.delegate.LoaderManager,corp.wmsoft.android.lib.mvpcrx.presenter.factory.IMVPCPresenterFactory<V,P>,int,corp.wmsoft.android.lib.mvpcrx.delegate.IMVPCDelegate.ICallback<V,P>]",uniqueIdentifier,1
/home/arch_design_predict/download-github-repos/mvp/repos/MVPCAndroid-mvpc-loaders-rx/mvpc_rx/src/main/java/corp/wmsoft/android/lib/mvpcrx/delegate/MVPCDelegate.java,corp.wmsoft.android.lib.mvpcrx.delegate.MVPCDelegate,"onAttachView/2[V,corp.wmsoft.android.lib.mvpcrx.delegate.IMVPCDelegate.ICallback<V,P>]",view,1
/home/arch_design_predict/download-github-repos/mvp/repos/MVPCAndroid-mvpc-loaders-rx/mvpc_rx/src/main/java/corp/wmsoft/android/lib/mvpcrx/delegate/MVPCDelegate.java,corp.wmsoft.android.lib.mvpcrx.delegate.MVPCDelegate,"onAttachView/2[V,corp.wmsoft.android.lib.mvpcrx.delegate.IMVPCDelegate.ICallback<V,P>]",callback,1
/home/arch_design_predict/download-github-repos/mvp/repos/MVPCAndroid-mvpc-loaders-rx/mvpc_rx/src/main/java/corp/wmsoft/android/lib/mvpcrx/delegate/MVPCDelegate.java,corp.wmsoft.android.lib.mvpcrx.delegate.MVPCDelegate,onLoaderReset/1[corp.wmsoft.android.lib.mvpcrx.delegate.Loader<P>],loader,0
/home/arch_design_predict/download-github-repos/mvp/repos/MVPCAndroid-mvpc-loaders-rx/mvpc_rx/src/main/java/corp/wmsoft/android/lib/mvpcrx/delegate/MVPCDelegate.java,corp.wmsoft.android.lib.mvpcrx.delegate.MVPCDelegate,setPresenter/1[P],presenter,1
/home/arch_design_predict/download-github-repos/mvp/repos/MVPCAndroid-mvpc-loaders-rx/mvpc_rx/src/main/java/corp/wmsoft/android/lib/mvpcrx/delegate/MVPCDelegate.java,corp.wmsoft.android.lib.mvpcrx.delegate.MVPCDelegate,"onCreateLoader/2[int,corp.wmsoft.android.lib.mvpcrx.delegate.Bundle]",args,0
/home/arch_design_predict/download-github-repos/mvp/repos/MVPCAndroid-mvpc-loaders-rx/mvpc_rx/src/main/java/corp/wmsoft/android/lib/mvpcrx/delegate/MVPCDelegate.java,corp.wmsoft.android.lib.mvpcrx.delegate.MVPCDelegate,"onCreateLoader/2[int,corp.wmsoft.android.lib.mvpcrx.delegate.Bundle]",id,0
/home/arch_design_predict/download-github-repos/mvp/repos/MVPCAndroid-mvpc-loaders-rx/mvpc_rx/src/main/java/corp/wmsoft/android/lib/mvpcrx/delegate/MVPCDelegate.java,corp.wmsoft.android.lib.mvpcrx.delegate.MVPCDelegate,"onLoadFinished/2[corp.wmsoft.android.lib.mvpcrx.delegate.Loader<P>,P]",presenter,2
/home/arch_design_predict/download-github-repos/mvp/repos/MVPCAndroid-mvpc-loaders-rx/mvpc_rx/src/main/java/corp/wmsoft/android/lib/mvpcrx/delegate/MVPCDelegate.java,corp.wmsoft.android.lib.mvpcrx.delegate.MVPCDelegate,"onLoadFinished/2[corp.wmsoft.android.lib.mvpcrx.delegate.Loader<P>,P]",loader,0
/home/arch_design_predict/download-github-repos/mvp/repos/MVPCAndroid-mvpc-loaders-rx/example_app/src/main/java/corp/wmsoft/android/examples/mvpc/longrunning/iteractor/LongRunningUseCase.java,corp.wmsoft.android.examples.mvpc.longrunning.iteractor.LongRunningUseCase$Anonymous1,call/1[Subscriber<? super String>],subscriber,3
/home/arch_design_predict/download-github-repos/mvp/repos/MVPCAndroid-mvpc-loaders-rx/example_app/src/main/java/corp/wmsoft/android/examples/mvpc/longrunning/iteractor/LongRunningUseCase.java,corp.wmsoft.android.examples.mvpc.longrunning.iteractor.LongRunningUseCase$Anonymous1,call/1[Subscriber<? super String>],i,3
/home/arch_design_predict/download-github-repos/mvp/repos/MVPCAndroid-mvpc-loaders-rx/example_app/src/main/java/corp/wmsoft/android/examples/mvpc/third/view/FrameLayoutContract.java,corp.wmsoft.android.examples.mvpc.third.view.FrameLayoutContract$View,showCounter/1[java.lang.String],count,0
/home/arch_design_predict/download-github-repos/mvp/repos/MVPCAndroid-mvpc-loaders-rx/example_app/src/main/java/corp/wmsoft/android/examples/mvpc/longrunning/LongRunningContract.java,corp.wmsoft.android.examples.mvpc.longrunning.LongRunningContract$View,showMessage/1[java.lang.String],message,0
/home/arch_design_predict/download-github-repos/mvp/repos/MVPCAndroid-mvpc-loaders-rx/mvpc_rx/src/main/java/corp/wmsoft/android/lib/mvpcrx/predefined/MVPCLinearLayout.java,corp.wmsoft.android.lib.mvpcrx.predefined.MVPCLinearLayout,init/1[corp.wmsoft.android.lib.mvpcrx.predefined.Context],context,2
/home/arch_design_predict/download-github-repos/mvp/repos/MVPCAndroid-mvpc-loaders-rx/mvpc_rx/src/main/java/corp/wmsoft/android/lib/mvpcrx/predefined/MVPCLinearLayout.java,corp.wmsoft.android.lib.mvpcrx.predefined.MVPCLinearLayout,MVPCLinearLayout/1[corp.wmsoft.android.lib.mvpcrx.predefined.Context],context,2
/home/arch_design_predict/download-github-repos/mvp/repos/MVPCAndroid-mvpc-loaders-rx/mvpc_rx/src/main/java/corp/wmsoft/android/lib/mvpcrx/predefined/MVPCLinearLayout.java,corp.wmsoft.android.lib.mvpcrx.predefined.MVPCLinearLayout,"MVPCLinearLayout/4[corp.wmsoft.android.lib.mvpcrx.predefined.Context,corp.wmsoft.android.lib.mvpcrx.predefined.AttributeSet,int,int]",defStyleRes,1
/home/arch_design_predict/download-github-repos/mvp/repos/MVPCAndroid-mvpc-loaders-rx/mvpc_rx/src/main/java/corp/wmsoft/android/lib/mvpcrx/predefined/MVPCLinearLayout.java,corp.wmsoft.android.lib.mvpcrx.predefined.MVPCLinearLayout,"MVPCLinearLayout/4[corp.wmsoft.android.lib.mvpcrx.predefined.Context,corp.wmsoft.android.lib.mvpcrx.predefined.AttributeSet,int,int]",context,2
/home/arch_design_predict/download-github-repos/mvp/repos/MVPCAndroid-mvpc-loaders-rx/mvpc_rx/src/main/java/corp/wmsoft/android/lib/mvpcrx/predefined/MVPCLinearLayout.java,corp.wmsoft.android.lib.mvpcrx.predefined.MVPCLinearLayout,"MVPCLinearLayout/4[corp.wmsoft.android.lib.mvpcrx.predefined.Context,corp.wmsoft.android.lib.mvpcrx.predefined.AttributeSet,int,int]",defStyleAttr,1
/home/arch_design_predict/download-github-repos/mvp/repos/MVPCAndroid-mvpc-loaders-rx/mvpc_rx/src/main/java/corp/wmsoft/android/lib/mvpcrx/predefined/MVPCLinearLayout.java,corp.wmsoft.android.lib.mvpcrx.predefined.MVPCLinearLayout,"MVPCLinearLayout/4[corp.wmsoft.android.lib.mvpcrx.predefined.Context,corp.wmsoft.android.lib.mvpcrx.predefined.AttributeSet,int,int]",attrs,1
/home/arch_design_predict/download-github-repos/mvp/repos/MVPCAndroid-mvpc-loaders-rx/mvpc_rx/src/main/java/corp/wmsoft/android/lib/mvpcrx/predefined/MVPCLinearLayout.java,corp.wmsoft.android.lib.mvpcrx.predefined.MVPCLinearLayout,onInitializePresenter/1[P],presenter,0
/home/arch_design_predict/download-github-repos/mvp/repos/MVPCAndroid-mvpc-loaders-rx/mvpc_rx/src/main/java/corp/wmsoft/android/lib/mvpcrx/predefined/MVPCLinearLayout.java,corp.wmsoft.android.lib.mvpcrx.predefined.MVPCLinearLayout,"MVPCLinearLayout/2[corp.wmsoft.android.lib.mvpcrx.predefined.Context,corp.wmsoft.android.lib.mvpcrx.predefined.AttributeSet]",context,2
/home/arch_design_predict/download-github-repos/mvp/repos/MVPCAndroid-mvpc-loaders-rx/mvpc_rx/src/main/java/corp/wmsoft/android/lib/mvpcrx/predefined/MVPCLinearLayout.java,corp.wmsoft.android.lib.mvpcrx.predefined.MVPCLinearLayout,"MVPCLinearLayout/2[corp.wmsoft.android.lib.mvpcrx.predefined.Context,corp.wmsoft.android.lib.mvpcrx.predefined.AttributeSet]",attrs,1
/home/arch_design_predict/download-github-repos/mvp/repos/MVPCAndroid-mvpc-loaders-rx/mvpc_rx/src/main/java/corp/wmsoft/android/lib/mvpcrx/predefined/MVPCLinearLayout.java,corp.wmsoft.android.lib.mvpcrx.predefined.MVPCLinearLayout,"MVPCLinearLayout/3[corp.wmsoft.android.lib.mvpcrx.predefined.Context,corp.wmsoft.android.lib.mvpcrx.predefined.AttributeSet,int]",context,2
/home/arch_design_predict/download-github-repos/mvp/repos/MVPCAndroid-mvpc-loaders-rx/mvpc_rx/src/main/java/corp/wmsoft/android/lib/mvpcrx/predefined/MVPCLinearLayout.java,corp.wmsoft.android.lib.mvpcrx.predefined.MVPCLinearLayout,"MVPCLinearLayout/3[corp.wmsoft.android.lib.mvpcrx.predefined.Context,corp.wmsoft.android.lib.mvpcrx.predefined.AttributeSet,int]",defStyleAttr,1
/home/arch_design_predict/download-github-repos/mvp/repos/MVPCAndroid-mvpc-loaders-rx/mvpc_rx/src/main/java/corp/wmsoft/android/lib/mvpcrx/predefined/MVPCLinearLayout.java,corp.wmsoft.android.lib.mvpcrx.predefined.MVPCLinearLayout,"MVPCLinearLayout/3[corp.wmsoft.android.lib.mvpcrx.predefined.Context,corp.wmsoft.android.lib.mvpcrx.predefined.AttributeSet,int]",attrs,1
/home/arch_design_predict/download-github-repos/mvp/repos/MVPCAndroid-mvpc-loaders-rx/example_app/src/main/java/corp/wmsoft/android/examples/mvpc/second/SecondActivity.java,corp.wmsoft.android.examples.mvpc.second.SecondActivity,onCreate/1[corp.wmsoft.android.examples.mvpc.second.Bundle],savedInstanceState,1
/home/arch_design_predict/download-github-repos/mvp/repos/MVPCAndroid-mvpc-loaders-rx/example_app/src/main/java/corp/wmsoft/android/examples/mvpc/second/SecondActivity.java,corp.wmsoft.android.examples.mvpc.second.SecondActivity,onOptionsItemSelected/1[corp.wmsoft.android.examples.mvpc.second.MenuItem],item,2
/home/arch_design_predict/download-github-repos/mvp/repos/MVPCAndroid-mvpc-loaders-rx/example_app/src/main/java/corp/wmsoft/android/examples/mvpc/second/SecondActivity.java,corp.wmsoft.android.examples.mvpc.second.SecondActivity,onOptionsItemSelected/1[corp.wmsoft.android.examples.mvpc.second.MenuItem],id,2
/home/arch_design_predict/download-github-repos/mvp/repos/MVPCAndroid-mvpc-loaders-rx/example_app/src/main/java/corp/wmsoft/android/examples/mvpc/second/SecondActivity.java,corp.wmsoft.android.examples.mvpc.second.SecondActivity,onInitializePresenter/1[corp.wmsoft.android.examples.mvpc.second.SecondContract.Presenter],presenter,0
/home/arch_design_predict/download-github-repos/mvp/repos/MVPCAndroid-mvpc-loaders-rx/example_app/src/main/java/corp/wmsoft/android/examples/mvpc/second/SecondActivity.java,corp.wmsoft.android.examples.mvpc.second.SecondActivity,onCreateOptionsMenu/1[corp.wmsoft.android.examples.mvpc.second.Menu],menu,3
/home/arch_design_predict/download-github-repos/mvp/repos/MVPCAndroid-mvpc-loaders-rx/example_app/src/main/java/corp/wmsoft/android/examples/mvpc/longrunning/RxLongRunningPresenter.java,corp.wmsoft.android.examples.mvpc.longrunning.RxLongRunningPresenter$Anonymous1,onError/1[java.lang.Throwable],e,4
/home/arch_design_predict/download-github-repos/mvp/repos/MVPCAndroid-mvpc-loaders-rx/example_app/src/main/java/corp/wmsoft/android/examples/mvpc/longrunning/RxLongRunningPresenter.java,corp.wmsoft.android.examples.mvpc.longrunning.RxLongRunningPresenter$Anonymous1,onNext/1[java.lang.String],s,2
/home/arch_design_predict/download-github-repos/mvp/repos/MVPCAndroid-mvpc-loaders-rx/example_app/src/main/java/corp/wmsoft/android/examples/mvpc/longrunning/iteractor/DelayedUseCase.java,corp.wmsoft.android.examples.mvpc.longrunning.iteractor.DelayedUseCase,create/1[corp.wmsoft.android.examples.mvpc.longrunning.iteractor.DelayedUseCase.RequestValues],requestValues,1
/home/arch_design_predict/download-github-repos/mvp/repos/MVPCAndroid-mvpc-loaders-rx/example_app/src/main/java/corp/wmsoft/android/examples/mvpc/longrunning/iteractor/DelayedUseCase.java,corp.wmsoft.android.examples.mvpc.longrunning.iteractor.DelayedUseCase,buildUseCaseObservable/1[corp.wmsoft.android.examples.mvpc.longrunning.iteractor.DelayedUseCase.RequestValues],requestValues,1
/home/arch_design_predict/download-github-repos/mvp/repos/MVPCAndroid-mvpc-loaders-rx/example_app/src/main/java/corp/wmsoft/android/examples/mvpc/longrunning/iteractor/DelayedUseCase.java,corp.wmsoft.android.examples.mvpc.longrunning.iteractor.DelayedUseCase,"DelayedUseCase/2[corp.wmsoft.android.lib.mvpcrx.util.IMVPCSchedulerProvider,corp.wmsoft.android.examples.mvpc.longrunning.iteractor.LongRunningUseCase]",longRunningUseCase,1
/home/arch_design_predict/download-github-repos/mvp/repos/MVPCAndroid-mvpc-loaders-rx/example_app/src/main/java/corp/wmsoft/android/examples/mvpc/longrunning/iteractor/DelayedUseCase.java,corp.wmsoft.android.examples.mvpc.longrunning.iteractor.DelayedUseCase,"DelayedUseCase/2[corp.wmsoft.android.lib.mvpcrx.util.IMVPCSchedulerProvider,corp.wmsoft.android.examples.mvpc.longrunning.iteractor.LongRunningUseCase]",schedulerProvider,1
/home/arch_design_predict/download-github-repos/mvp/repos/MVPCAndroid-mvpc-loaders-rx/mvpc_rx/src/main/java/corp/wmsoft/android/lib/mvpcrx/view/IMVPCViewWithPermissions.java,corp.wmsoft.android.lib.mvpcrx.view.IMVPCViewWithPermissions,shouldShowRequestPermissionRationale/1[java.util.Collection<java.lang.String>],permissions,0
/home/arch_design_predict/download-github-repos/mvp/repos/MVPCAndroid-mvpc-loaders-rx/mvpc_rx/src/main/java/corp/wmsoft/android/lib/mvpcrx/view/IMVPCViewWithPermissions.java,corp.wmsoft.android.lib.mvpcrx.view.IMVPCViewWithPermissions,checkSelfPermission/1[java.util.Collection<java.lang.String>],permissions,0
/home/arch_design_predict/download-github-repos/mvp/repos/MVPCAndroid-mvpc-loaders-rx/mvpc_rx/src/main/java/corp/wmsoft/android/lib/mvpcrx/view/IMVPCViewWithPermissions.java,corp.wmsoft.android.lib.mvpcrx.view.IMVPCViewWithPermissions,actuallyRequestPermission/1[java.util.Collection<java.lang.String>],permissions,0
/home/arch_design_predict/download-github-repos/mvp/repos/MVPCAndroid-mvpc-loaders-rx/mvpc_rx/src/main/java/corp/wmsoft/android/lib/mvpcrx/predefined/MVPCSupportFragment.java,corp.wmsoft.android.lib.mvpcrx.predefined.MVPCSupportFragment,onInitializePresenter/1[P],presenter,0
/home/arch_design_predict/download-github-repos/mvp/repos/MVPCAndroid-mvpc-loaders-rx/mvpc_rx/src/main/java/corp/wmsoft/android/lib/mvpcrx/predefined/MVPCSupportFragment.java,corp.wmsoft.android.lib.mvpcrx.predefined.MVPCSupportFragment,onActivityCreated/1[corp.wmsoft.android.lib.mvpcrx.predefined.Bundle],savedInstanceState,1
/home/arch_design_predict/download-github-repos/mvp/repos/MVPCAndroid-mvpc-loaders-rx/mvpc_rx/src/main/java/corp/wmsoft/android/lib/mvpcrx/view/IMVPCDelayedDataView.java,corp.wmsoft.android.lib.mvpcrx.view.IMVPCDelayedDataView,setData/1[D],data,0
/home/arch_design_predict/download-github-repos/mvp/repos/MVPCAndroid-mvpc-loaders-rx/example_app/src/main/java/corp/wmsoft/android/examples/mvpc/longrunning/RxLongRunningPresenter.java,corp.wmsoft.android.examples.mvpc.longrunning.RxLongRunningPresenter,onStartUseCase/0,requestValues,1
/home/arch_design_predict/download-github-repos/mvp/repos/MVPCAndroid-mvpc-loaders-rx/example_app/src/main/java/corp/wmsoft/android/examples/mvpc/longrunning/RxLongRunningPresenter.java,corp.wmsoft.android.examples.mvpc.longrunning.RxLongRunningPresenter,attachView/1[corp.wmsoft.android.examples.mvpc.longrunning.LongRunningContract.View],mvpView,1
/home/arch_design_predict/download-github-repos/mvp/repos/MVPCAndroid-mvpc-loaders-rx/example_app/src/main/java/corp/wmsoft/android/examples/mvpc/longrunning/RxLongRunningPresenter.java,corp.wmsoft.android.examples.mvpc.longrunning.RxLongRunningPresenter,RxLongRunningPresenter/1[corp.wmsoft.android.examples.mvpc.longrunning.iteractor.DelayedUseCase],delayedUseCase,1
/home/arch_design_predict/download-github-repos/mvp/repos/MVPCAndroid-mvpc-loaders-rx/example_app/src/main/java/corp/wmsoft/android/examples/mvpc/MainActivity.java,corp.wmsoft.android.examples.mvpc.MainActivity,onCreateOptionsMenu/1[corp.wmsoft.android.examples.mvpc.Menu],menu,3
/home/arch_design_predict/download-github-repos/mvp/repos/MVPCAndroid-mvpc-loaders-rx/example_app/src/main/java/corp/wmsoft/android/examples/mvpc/MainActivity.java,corp.wmsoft.android.examples.mvpc.MainActivity,onOptionsItemSelected/1[corp.wmsoft.android.examples.mvpc.MenuItem],item,2
/home/arch_design_predict/download-github-repos/mvp/repos/MVPCAndroid-mvpc-loaders-rx/example_app/src/main/java/corp/wmsoft/android/examples/mvpc/MainActivity.java,corp.wmsoft.android.examples.mvpc.MainActivity,onOptionsItemSelected/1[corp.wmsoft.android.examples.mvpc.MenuItem],id,2
/home/arch_design_predict/download-github-repos/mvp/repos/MVPCAndroid-mvpc-loaders-rx/example_app/src/main/java/corp/wmsoft/android/examples/mvpc/MainActivity.java,corp.wmsoft.android.examples.mvpc.MainActivity,onInitializePresenter/1[corp.wmsoft.android.examples.mvpc.MainContract.Presenter],presenter,0
/home/arch_design_predict/download-github-repos/mvp/repos/MVPCAndroid-mvpc-loaders-rx/example_app/src/main/java/corp/wmsoft/android/examples/mvpc/MainActivity.java,corp.wmsoft.android.examples.mvpc.MainActivity,onPrepareOptionsMenu/1[corp.wmsoft.android.examples.mvpc.Menu],menu,1
/home/arch_design_predict/download-github-repos/mvp/repos/MVPCAndroid-mvpc-loaders-rx/example_app/src/main/java/corp/wmsoft/android/examples/mvpc/MainActivity.java,corp.wmsoft.android.examples.mvpc.MainActivity,showCounter/1[java.lang.String],count,1
/home/arch_design_predict/download-github-repos/mvp/repos/MVPCAndroid-mvpc-loaders-rx/example_app/src/main/java/corp/wmsoft/android/examples/mvpc/MainActivity.java,corp.wmsoft.android.examples.mvpc.MainActivity,onCreate/1[corp.wmsoft.android.examples.mvpc.Bundle],savedInstanceState,1
/home/arch_design_predict/download-github-repos/mvp/repos/MVPCAndroid-mvpc-loaders-rx/example_app/src/main/java/corp/wmsoft/android/examples/mvpc/longrunning/iteractor/DelayedUseCase.java,corp.wmsoft.android.examples.mvpc.longrunning.iteractor.DelayedUseCase$RequestValues,RequestValues/1[corp.wmsoft.android.examples.mvpc.longrunning.iteractor.LongRunningUseCase.RequestValues],mLongRunningUseCaseRequestValues,2
/home/arch_design_predict/download-github-repos/mvp/repos/MVPCAndroid-mvpc-loaders-rx/example_app/src/main/java/corp/wmsoft/android/examples/mvpc/app/MainApplication.java,corp.wmsoft.android.examples.mvpc.app.MainApplication,getRefWatcher/1[corp.wmsoft.android.examples.mvpc.app.Context],application,1
/home/arch_design_predict/download-github-repos/mvp/repos/MVPCAndroid-mvpc-loaders-rx/example_app/src/main/java/corp/wmsoft/android/examples/mvpc/app/MainApplication.java,corp.wmsoft.android.examples.mvpc.app.MainApplication,getRefWatcher/1[corp.wmsoft.android.examples.mvpc.app.Context],context,1
/home/arch_design_predict/download-github-repos/mvp/repos/MVPCAndroid-mvpc-loaders-rx/example_app/src/main/java/corp/wmsoft/android/examples/mvpc/third/ThirdContract.java,corp.wmsoft.android.examples.mvpc.third.ThirdContract$View,showCounter/1[java.lang.String],count,0
/home/arch_design_predict/download-github-repos/mvp/repos/MVPCAndroid-mvpc-loaders-rx/example_app/src/main/java/corp/wmsoft/android/examples/mvpc/third/view/FrameLayoutPresenter.java,corp.wmsoft.android.examples.mvpc.third.view.FrameLayoutPresenter,attachView/1[corp.wmsoft.android.examples.mvpc.third.view.FrameLayoutContract.View],mvpView,1
/home/arch_design_predict/download-github-repos/mvp/repos/MVPCAndroid-mvpc-loaders-rx/mvpc_rx/src/main/java/corp/wmsoft/android/lib/mvpcrx/predefined/MVPCFrameLayout.java,corp.wmsoft.android.lib.mvpcrx.predefined.MVPCFrameLayout,MVPCFrameLayout/1[corp.wmsoft.android.lib.mvpcrx.predefined.Context],context,2
/home/arch_design_predict/download-github-repos/mvp/repos/MVPCAndroid-mvpc-loaders-rx/mvpc_rx/src/main/java/corp/wmsoft/android/lib/mvpcrx/predefined/MVPCFrameLayout.java,corp.wmsoft.android.lib.mvpcrx.predefined.MVPCFrameLayout,init/1[corp.wmsoft.android.lib.mvpcrx.predefined.Context],context,2
/home/arch_design_predict/download-github-repos/mvp/repos/MVPCAndroid-mvpc-loaders-rx/mvpc_rx/src/main/java/corp/wmsoft/android/lib/mvpcrx/predefined/MVPCFrameLayout.java,corp.wmsoft.android.lib.mvpcrx.predefined.MVPCFrameLayout,"MVPCFrameLayout/2[corp.wmsoft.android.lib.mvpcrx.predefined.Context,corp.wmsoft.android.lib.mvpcrx.predefined.AttributeSet]",context,2
/home/arch_design_predict/download-github-repos/mvp/repos/MVPCAndroid-mvpc-loaders-rx/mvpc_rx/src/main/java/corp/wmsoft/android/lib/mvpcrx/predefined/MVPCFrameLayout.java,corp.wmsoft.android.lib.mvpcrx.predefined.MVPCFrameLayout,"MVPCFrameLayout/2[corp.wmsoft.android.lib.mvpcrx.predefined.Context,corp.wmsoft.android.lib.mvpcrx.predefined.AttributeSet]",attrs,1
/home/arch_design_predict/download-github-repos/mvp/repos/MVPCAndroid-mvpc-loaders-rx/mvpc_rx/src/main/java/corp/wmsoft/android/lib/mvpcrx/predefined/MVPCFrameLayout.java,corp.wmsoft.android.lib.mvpcrx.predefined.MVPCFrameLayout,onInitializePresenter/1[P],presenter,0
/home/arch_design_predict/download-github-repos/mvp/repos/MVPCAndroid-mvpc-loaders-rx/mvpc_rx/src/main/java/corp/wmsoft/android/lib/mvpcrx/predefined/MVPCFrameLayout.java,corp.wmsoft.android.lib.mvpcrx.predefined.MVPCFrameLayout,"MVPCFrameLayout/3[corp.wmsoft.android.lib.mvpcrx.predefined.Context,corp.wmsoft.android.lib.mvpcrx.predefined.AttributeSet,int]",context,2
/home/arch_design_predict/download-github-repos/mvp/repos/MVPCAndroid-mvpc-loaders-rx/mvpc_rx/src/main/java/corp/wmsoft/android/lib/mvpcrx/predefined/MVPCFrameLayout.java,corp.wmsoft.android.lib.mvpcrx.predefined.MVPCFrameLayout,"MVPCFrameLayout/3[corp.wmsoft.android.lib.mvpcrx.predefined.Context,corp.wmsoft.android.lib.mvpcrx.predefined.AttributeSet,int]",defStyleAttr,1
/home/arch_design_predict/download-github-repos/mvp/repos/MVPCAndroid-mvpc-loaders-rx/mvpc_rx/src/main/java/corp/wmsoft/android/lib/mvpcrx/predefined/MVPCFrameLayout.java,corp.wmsoft.android.lib.mvpcrx.predefined.MVPCFrameLayout,"MVPCFrameLayout/3[corp.wmsoft.android.lib.mvpcrx.predefined.Context,corp.wmsoft.android.lib.mvpcrx.predefined.AttributeSet,int]",attrs,1
/home/arch_design_predict/download-github-repos/mvp/repos/MVPCAndroid-mvpc-loaders-rx/mvpc_rx/src/main/java/corp/wmsoft/android/lib/mvpcrx/predefined/MVPCFrameLayout.java,corp.wmsoft.android.lib.mvpcrx.predefined.MVPCFrameLayout,"MVPCFrameLayout/4[corp.wmsoft.android.lib.mvpcrx.predefined.Context,corp.wmsoft.android.lib.mvpcrx.predefined.AttributeSet,int,int]",defStyleRes,1
/home/arch_design_predict/download-github-repos/mvp/repos/MVPCAndroid-mvpc-loaders-rx/mvpc_rx/src/main/java/corp/wmsoft/android/lib/mvpcrx/predefined/MVPCFrameLayout.java,corp.wmsoft.android.lib.mvpcrx.predefined.MVPCFrameLayout,"MVPCFrameLayout/4[corp.wmsoft.android.lib.mvpcrx.predefined.Context,corp.wmsoft.android.lib.mvpcrx.predefined.AttributeSet,int,int]",context,2
/home/arch_design_predict/download-github-repos/mvp/repos/MVPCAndroid-mvpc-loaders-rx/mvpc_rx/src/main/java/corp/wmsoft/android/lib/mvpcrx/predefined/MVPCFrameLayout.java,corp.wmsoft.android.lib.mvpcrx.predefined.MVPCFrameLayout,"MVPCFrameLayout/4[corp.wmsoft.android.lib.mvpcrx.predefined.Context,corp.wmsoft.android.lib.mvpcrx.predefined.AttributeSet,int,int]",defStyleAttr,1
/home/arch_design_predict/download-github-repos/mvp/repos/MVPCAndroid-mvpc-loaders-rx/mvpc_rx/src/main/java/corp/wmsoft/android/lib/mvpcrx/predefined/MVPCFrameLayout.java,corp.wmsoft.android.lib.mvpcrx.predefined.MVPCFrameLayout,"MVPCFrameLayout/4[corp.wmsoft.android.lib.mvpcrx.predefined.Context,corp.wmsoft.android.lib.mvpcrx.predefined.AttributeSet,int,int]",attrs,1
/home/arch_design_predict/download-github-repos/mvp/repos/MVPCAndroid-mvpc-loaders-rx/example_app/src/main/java/corp/wmsoft/android/examples/mvpc/longrunning/iteractor/LongRunningUseCase.java,corp.wmsoft.android.examples.mvpc.longrunning.iteractor.LongRunningUseCase,LongRunningUseCase/1[corp.wmsoft.android.lib.mvpcrx.util.IMVPCSchedulerProvider],schedulerProvider,1
/home/arch_design_predict/download-github-repos/mvp/repos/MVPCAndroid-mvpc-loaders-rx/example_app/src/main/java/corp/wmsoft/android/examples/mvpc/longrunning/iteractor/LongRunningUseCase.java,corp.wmsoft.android.examples.mvpc.longrunning.iteractor.LongRunningUseCase,buildUseCaseObservable/1[corp.wmsoft.android.examples.mvpc.longrunning.iteractor.LongRunningUseCase.RequestValues],requestValues,0
/home/arch_design_predict/download-github-repos/mvp/repos/MVPCAndroid-mvpc-loaders-rx/mvpc_rx/src/main/java/corp/wmsoft/android/lib/mvpcrx/delegate/IMVPCDelegate.java,corp.wmsoft.android.lib.mvpcrx.delegate.IMVPCDelegate,"onAttachView/2[V,corp.wmsoft.android.lib.mvpcrx.delegate.IMVPCDelegate.ICallback<V,P>]",view,0
/home/arch_design_predict/download-github-repos/mvp/repos/MVPCAndroid-mvpc-loaders-rx/mvpc_rx/src/main/java/corp/wmsoft/android/lib/mvpcrx/delegate/IMVPCDelegate.java,corp.wmsoft.android.lib.mvpcrx.delegate.IMVPCDelegate,"onAttachView/2[V,corp.wmsoft.android.lib.mvpcrx.delegate.IMVPCDelegate.ICallback<V,P>]",callback,0
/home/arch_design_predict/download-github-repos/mvp/repos/MVPCAndroid-mvpc-loaders-rx/mvpc_rx/src/main/java/corp/wmsoft/android/lib/mvpcrx/delegate/IMVPCDelegate.java,corp.wmsoft.android.lib.mvpcrx.delegate.IMVPCDelegate,"onCreate/5[corp.wmsoft.android.lib.mvpcrx.delegate.Context,corp.wmsoft.android.lib.mvpcrx.delegate.LoaderManager,corp.wmsoft.android.lib.mvpcrx.presenter.factory.IMVPCPresenterFactory<V,P>,int,corp.wmsoft.android.lib.mvpcrx.delegate.IMVPCDelegate.ICallback<V,P>]",context,0
/home/arch_design_predict/download-github-repos/mvp/repos/MVPCAndroid-mvpc-loaders-rx/mvpc_rx/src/main/java/corp/wmsoft/android/lib/mvpcrx/delegate/IMVPCDelegate.java,corp.wmsoft.android.lib.mvpcrx.delegate.IMVPCDelegate,"onCreate/5[corp.wmsoft.android.lib.mvpcrx.delegate.Context,corp.wmsoft.android.lib.mvpcrx.delegate.LoaderManager,corp.wmsoft.android.lib.mvpcrx.presenter.factory.IMVPCPresenterFactory<V,P>,int,corp.wmsoft.android.lib.mvpcrx.delegate.IMVPCDelegate.ICallback<V,P>]",callback,0
/home/arch_design_predict/download-github-repos/mvp/repos/MVPCAndroid-mvpc-loaders-rx/mvpc_rx/src/main/java/corp/wmsoft/android/lib/mvpcrx/delegate/IMVPCDelegate.java,corp.wmsoft.android.lib.mvpcrx.delegate.IMVPCDelegate,"onCreate/5[corp.wmsoft.android.lib.mvpcrx.delegate.Context,corp.wmsoft.android.lib.mvpcrx.delegate.LoaderManager,corp.wmsoft.android.lib.mvpcrx.presenter.factory.IMVPCPresenterFactory<V,P>,int,corp.wmsoft.android.lib.mvpcrx.delegate.IMVPCDelegate.ICallback<V,P>]",presenterFactory,0
/home/arch_design_predict/download-github-repos/mvp/repos/MVPCAndroid-mvpc-loaders-rx/mvpc_rx/src/main/java/corp/wmsoft/android/lib/mvpcrx/delegate/IMVPCDelegate.java,corp.wmsoft.android.lib.mvpcrx.delegate.IMVPCDelegate,"onCreate/5[corp.wmsoft.android.lib.mvpcrx.delegate.Context,corp.wmsoft.android.lib.mvpcrx.delegate.LoaderManager,corp.wmsoft.android.lib.mvpcrx.presenter.factory.IMVPCPresenterFactory<V,P>,int,corp.wmsoft.android.lib.mvpcrx.delegate.IMVPCDelegate.ICallback<V,P>]",supportLoaderManager,0
/home/arch_design_predict/download-github-repos/mvp/repos/MVPCAndroid-mvpc-loaders-rx/mvpc_rx/src/main/java/corp/wmsoft/android/lib/mvpcrx/delegate/IMVPCDelegate.java,corp.wmsoft.android.lib.mvpcrx.delegate.IMVPCDelegate,"onCreate/5[corp.wmsoft.android.lib.mvpcrx.delegate.Context,corp.wmsoft.android.lib.mvpcrx.delegate.LoaderManager,corp.wmsoft.android.lib.mvpcrx.presenter.factory.IMVPCPresenterFactory<V,P>,int,corp.wmsoft.android.lib.mvpcrx.delegate.IMVPCDelegate.ICallback<V,P>]",uniqueIdentifier,0
/home/arch_design_predict/download-github-repos/mvp/repos/MVPCAndroid-mvpc-loaders-rx/example_app/src/main/java/corp/wmsoft/android/examples/mvpc/third/pager/ViewPagerFragment.java,corp.wmsoft.android.examples.mvpc.third.pager.ViewPagerFragment,newInstance/0,args,1
/home/arch_design_predict/download-github-repos/mvp/repos/MVPCAndroid-mvpc-loaders-rx/example_app/src/main/java/corp/wmsoft/android/examples/mvpc/third/pager/ViewPagerFragment.java,corp.wmsoft.android.examples.mvpc.third.pager.ViewPagerFragment,newInstance/0,fragment,2
/home/arch_design_predict/download-github-repos/mvp/repos/MVPCAndroid-mvpc-loaders-rx/example_app/src/main/java/corp/wmsoft/android/examples/mvpc/third/pager/ViewPagerFragment.java,corp.wmsoft.android.examples.mvpc.third.pager.ViewPagerFragment,"onCreateView/3[corp.wmsoft.android.examples.mvpc.third.pager.LayoutInflater,corp.wmsoft.android.examples.mvpc.third.pager.ViewGroup,corp.wmsoft.android.examples.mvpc.third.pager.Bundle]",container,1
/home/arch_design_predict/download-github-repos/mvp/repos/MVPCAndroid-mvpc-loaders-rx/example_app/src/main/java/corp/wmsoft/android/examples/mvpc/third/pager/ViewPagerFragment.java,corp.wmsoft.android.examples.mvpc.third.pager.ViewPagerFragment,"onCreateView/3[corp.wmsoft.android.examples.mvpc.third.pager.LayoutInflater,corp.wmsoft.android.examples.mvpc.third.pager.ViewGroup,corp.wmsoft.android.examples.mvpc.third.pager.Bundle]",savedInstanceState,0
/home/arch_design_predict/download-github-repos/mvp/repos/MVPCAndroid-mvpc-loaders-rx/example_app/src/main/java/corp/wmsoft/android/examples/mvpc/third/pager/ViewPagerFragment.java,corp.wmsoft.android.examples.mvpc.third.pager.ViewPagerFragment,"onCreateView/3[corp.wmsoft.android.examples.mvpc.third.pager.LayoutInflater,corp.wmsoft.android.examples.mvpc.third.pager.ViewGroup,corp.wmsoft.android.examples.mvpc.third.pager.Bundle]",binding,2
/home/arch_design_predict/download-github-repos/mvp/repos/MVPCAndroid-mvpc-loaders-rx/example_app/src/main/java/corp/wmsoft/android/examples/mvpc/third/pager/ViewPagerFragment.java,corp.wmsoft.android.examples.mvpc.third.pager.ViewPagerFragment,"onCreateView/3[corp.wmsoft.android.examples.mvpc.third.pager.LayoutInflater,corp.wmsoft.android.examples.mvpc.third.pager.ViewGroup,corp.wmsoft.android.examples.mvpc.third.pager.Bundle]",inflater,1
/home/arch_design_predict/download-github-repos/mvp/repos/MVPCAndroid-mvpc-loaders-rx/example_app/src/main/java/corp/wmsoft/android/examples/mvpc/third/pager/ViewPagerFragment.java,corp.wmsoft.android.examples.mvpc.third.pager.ViewPagerFragment,onDestroy/0,refWatcher,1
/home/arch_design_predict/download-github-repos/mvp/repos/MVPCAndroid-mvpc-loaders-rx/example_app/src/main/java/corp/wmsoft/android/examples/mvpc/second/fragment/TestFragment.java,corp.wmsoft.android.examples.mvpc.second.fragment.TestFragment,onDestroy/0,refWatcher,1
/home/arch_design_predict/download-github-repos/mvp/repos/MVPCAndroid-mvpc-loaders-rx/example_app/src/main/java/corp/wmsoft/android/examples/mvpc/second/fragment/TestFragment.java,corp.wmsoft.android.examples.mvpc.second.fragment.TestFragment,newInstance/1[java.lang.String],args,2
/home/arch_design_predict/download-github-repos/mvp/repos/MVPCAndroid-mvpc-loaders-rx/example_app/src/main/java/corp/wmsoft/android/examples/mvpc/second/fragment/TestFragment.java,corp.wmsoft.android.examples.mvpc.second.fragment.TestFragment,newInstance/1[java.lang.String],fragment,2
/home/arch_design_predict/download-github-repos/mvp/repos/MVPCAndroid-mvpc-loaders-rx/example_app/src/main/java/corp/wmsoft/android/examples/mvpc/second/fragment/TestFragment.java,corp.wmsoft.android.examples.mvpc.second.fragment.TestFragment,newInstance/1[java.lang.String],name,1
/home/arch_design_predict/download-github-repos/mvp/repos/MVPCAndroid-mvpc-loaders-rx/example_app/src/main/java/corp/wmsoft/android/examples/mvpc/second/fragment/TestFragment.java,corp.wmsoft.android.examples.mvpc.second.fragment.TestFragment,showCounter/1[java.lang.String],counter,2
/home/arch_design_predict/download-github-repos/mvp/repos/MVPCAndroid-mvpc-loaders-rx/example_app/src/main/java/corp/wmsoft/android/examples/mvpc/second/fragment/TestFragment.java,corp.wmsoft.android.examples.mvpc.second.fragment.TestFragment,onInitializePresenter/1[corp.wmsoft.android.examples.mvpc.second.fragment.TestContract.Presenter],presenter,0
/home/arch_design_predict/download-github-repos/mvp/repos/MVPCAndroid-mvpc-loaders-rx/example_app/src/main/java/corp/wmsoft/android/examples/mvpc/second/fragment/TestFragment.java,corp.wmsoft.android.examples.mvpc.second.fragment.TestFragment,showCurrentViewName/1[java.lang.String],name,2
/home/arch_design_predict/download-github-repos/mvp/repos/MVPCAndroid-mvpc-loaders-rx/example_app/src/main/java/corp/wmsoft/android/examples/mvpc/second/fragment/TestFragment.java,corp.wmsoft.android.examples.mvpc.second.fragment.TestFragment,setGoToThirdVisibility/1[boolean],isVisible,2
/home/arch_design_predict/download-github-repos/mvp/repos/MVPCAndroid-mvpc-loaders-rx/example_app/src/main/java/corp/wmsoft/android/examples/mvpc/second/fragment/TestFragment.java,corp.wmsoft.android.examples.mvpc.second.fragment.TestFragment,"onCreateView/3[corp.wmsoft.android.examples.mvpc.second.fragment.LayoutInflater,corp.wmsoft.android.examples.mvpc.second.fragment.ViewGroup,corp.wmsoft.android.examples.mvpc.second.fragment.Bundle]",container,1
/home/arch_design_predict/download-github-repos/mvp/repos/MVPCAndroid-mvpc-loaders-rx/example_app/src/main/java/corp/wmsoft/android/examples/mvpc/second/fragment/TestFragment.java,corp.wmsoft.android.examples.mvpc.second.fragment.TestFragment,"onCreateView/3[corp.wmsoft.android.examples.mvpc.second.fragment.LayoutInflater,corp.wmsoft.android.examples.mvpc.second.fragment.ViewGroup,corp.wmsoft.android.examples.mvpc.second.fragment.Bundle]",savedInstanceState,0
/home/arch_design_predict/download-github-repos/mvp/repos/MVPCAndroid-mvpc-loaders-rx/example_app/src/main/java/corp/wmsoft/android/examples/mvpc/second/fragment/TestFragment.java,corp.wmsoft.android.examples.mvpc.second.fragment.TestFragment,"onCreateView/3[corp.wmsoft.android.examples.mvpc.second.fragment.LayoutInflater,corp.wmsoft.android.examples.mvpc.second.fragment.ViewGroup,corp.wmsoft.android.examples.mvpc.second.fragment.Bundle]",inflater,1
/home/arch_design_predict/download-github-repos/mvp/repos/MVPCAndroid-mvpc-loaders-rx/example_app/src/main/java/corp/wmsoft/android/examples/mvpc/third/ThirdActivity.java,corp.wmsoft.android.examples.mvpc.third.ThirdActivity,onCreate/1[corp.wmsoft.android.examples.mvpc.third.Bundle],savedInstanceState,2
/home/arch_design_predict/download-github-repos/mvp/repos/MVPCAndroid-mvpc-loaders-rx/example_app/src/main/java/corp/wmsoft/android/examples/mvpc/third/ThirdActivity.java,corp.wmsoft.android.examples.mvpc.third.ThirdActivity,onCreateOptionsMenu/1[corp.wmsoft.android.examples.mvpc.third.Menu],menu,3
/home/arch_design_predict/download-github-repos/mvp/repos/MVPCAndroid-mvpc-loaders-rx/example_app/src/main/java/corp/wmsoft/android/examples/mvpc/third/ThirdActivity.java,corp.wmsoft.android.examples.mvpc.third.ThirdActivity,onInitializePresenter/1[corp.wmsoft.android.examples.mvpc.third.ThirdContract.Presenter],presenter,0
/home/arch_design_predict/download-github-repos/mvp/repos/MVPCAndroid-mvpc-loaders-rx/example_app/src/main/java/corp/wmsoft/android/examples/mvpc/third/ThirdActivity.java,corp.wmsoft.android.examples.mvpc.third.ThirdActivity,showCounter/1[java.lang.String],count,1
/home/arch_design_predict/download-github-repos/mvp/repos/MVPCAndroid-mvpc-loaders-rx/example_app/src/main/java/corp/wmsoft/android/examples/mvpc/third/ThirdActivity.java,corp.wmsoft.android.examples.mvpc.third.ThirdActivity,onOptionsItemSelected/1[corp.wmsoft.android.examples.mvpc.third.MenuItem],item,2
/home/arch_design_predict/download-github-repos/mvp/repos/MVPCAndroid-mvpc-loaders-rx/example_app/src/main/java/corp/wmsoft/android/examples/mvpc/third/ThirdActivity.java,corp.wmsoft.android.examples.mvpc.third.ThirdActivity,onOptionsItemSelected/1[corp.wmsoft.android.examples.mvpc.third.MenuItem],id,2
