file,class,method,constructor,line,cbo,cboModified,fanin,fanout,wmc,rfc,loc,returnsQty,variablesQty,parametersQty,methodsInvokedQty,methodsInvokedLocalQty,methodsInvokedIndirectLocalQty,loopQty,comparisonsQty,tryCatchQty,parenthesizedExpsQty,stringLiteralsQty,numbersQty,assignmentsQty,mathOperationsQty,maxNestedBlocksQty,anonymousClassesQty,innerClassesQty,lambdasQty,uniqueWordsQty,modifiers,logStatementsQty,hasJavaDoc
/home/arch_design_predict/download-github-repos/mvp/repos/MVP-RxJava-Android-Samples-master/app/src/main/java/com/example/rxjava/app/AppRepo.java,com.example.rxjava.app.AppRepo,AppRepo/1[com.example.rxjava.app.ApiInterface],true,14,1,1,1,0,1,0,3,0,0,1,0,0,0,0,0,0,0,0,0,1,0,0,0,0,0,5,1,0,false
/home/arch_design_predict/download-github-repos/mvp/repos/MVP-RxJava-Android-Samples-master/app/src/main/java/com/example/rxjava/app/AppRepo.java,com.example.rxjava.app.AppRepo,setContact/0,false,18,3,2,1,1,1,4,6,2,1,0,4,0,0,0,0,0,0,0,0,0,0,1,0,0,1,4,1,0,false
/home/arch_design_predict/download-github-repos/mvp/repos/MVP-RxJava-Android-Samples-master/app/src/main/java/com/example/rxjava/ui/contact/ContactView.java,com.example.rxjava.ui.contact.ContactView,onContactResponse/1[com.example.rxjava.model.ContactResponse],false,8,1,0,0,0,1,0,1,0,0,1,0,0,0,0,0,0,0,0,0,0,0,0,0,0,0,4,0,0,false
/home/arch_design_predict/download-github-repos/mvp/repos/MVP-RxJava-Android-Samples-master/app/src/main/java/com/example/rxjava/ui/contact/ContactPresenter.java,com.example.rxjava.ui.contact.ContactPresenter,getContact/0,false,30,2,3,1,2,4,9,16,0,2,0,9,0,0,0,3,0,0,0,0,0,0,3,0,0,2,6,1,0,false
/home/arch_design_predict/download-github-repos/mvp/repos/MVP-RxJava-Android-Samples-master/app/src/main/java/com/example/rxjava/ui/contact/ContactPresenter.java,com.example.rxjava.ui.contact.ContactPresenter,destroyView/0,false,26,0,0,0,0,1,1,3,0,0,0,1,0,0,0,0,0,0,0,0,0,0,0,0,0,0,2,1,0,false
/home/arch_design_predict/download-github-repos/mvp/repos/MVP-RxJava-Android-Samples-master/app/src/main/java/com/example/rxjava/ui/contact/ContactPresenter.java,com.example.rxjava.ui.contact.ContactPresenter,destroy/0,false,21,0,0,0,0,1,1,3,0,0,0,1,0,0,0,0,0,0,0,0,0,0,0,0,0,0,1,1,0,false
/home/arch_design_predict/download-github-repos/mvp/repos/MVP-RxJava-Android-Samples-master/app/src/main/java/com/example/rxjava/ui/contact/ContactPresenter.java,com.example.rxjava.ui.contact.ContactPresenter,setView/1[com.example.rxjava.ui.contact.ContactView],false,13,2,3,1,2,1,3,5,0,0,1,3,0,0,0,0,0,0,0,0,2,0,0,0,0,0,6,1,0,false
/home/arch_design_predict/download-github-repos/mvp/repos/MVP-RxJava-Android-Samples-master/app/src/main/java/com/example/rxjava/app/AppController.java,com.example.rxjava.app.AppController,getInstance/0,false,29,1,1,1,0,1,0,3,1,0,0,0,0,0,0,0,0,0,0,0,0,0,0,0,0,0,5,9,0,false
/home/arch_design_predict/download-github-repos/mvp/repos/MVP-RxJava-Android-Samples-master/app/src/main/java/com/example/rxjava/app/AppController.java,com.example.rxjava.app.AppController,getAppRepo/0,false,33,2,2,1,1,2,1,6,1,0,0,1,1,1,0,1,0,0,0,0,1,0,1,0,0,0,6,1,0,false
/home/arch_design_predict/download-github-repos/mvp/repos/MVP-RxJava-Android-Samples-master/app/src/main/java/com/example/rxjava/app/AppController.java,com.example.rxjava.app.AppController,onCreate/0,false,24,1,0,0,0,1,3,5,0,0,0,3,0,0,0,0,0,0,0,0,2,0,0,0,0,0,7,1,0,false
/home/arch_design_predict/download-github-repos/mvp/repos/MVP-RxJava-Android-Samples-master/app/src/main/java/com/example/rxjava/app/AppController.java,com.example.rxjava.app.AppController,getNewAppRepo/0,false,40,5,2,1,1,1,11,7,1,3,0,11,0,0,0,0,0,0,0,3,3,0,0,0,0,0,13,2,0,false
/home/arch_design_predict/download-github-repos/mvp/repos/MVP-RxJava-Android-Samples-master/app/src/main/java/com/example/rxjava/app/ApiInterface.java,com.example.rxjava.app.ApiInterface,getContact/0,false,10,3,1,1,0,1,0,1,0,0,0,0,0,0,0,0,0,0,0,0,0,0,0,0,0,0,2,0,0,false
/home/arch_design_predict/download-github-repos/mvp/repos/MVP-RxJava-Android-Samples-master/app/src/main/java/com/example/rxjava/ui/adapter/ContactAdapter.java,com.example.rxjava.ui.adapter.ContactAdapter,"onCreateViewHolder/2[com.example.rxjava.ui.adapter.ViewGroup,int]",false,40,2,1,0,1,1,2,3,1,0,2,2,0,0,0,0,0,0,0,0,0,0,0,0,0,0,8,1,0,false
/home/arch_design_predict/download-github-repos/mvp/repos/MVP-RxJava-Android-Samples-master/app/src/main/java/com/example/rxjava/ui/adapter/ContactAdapter.java,com.example.rxjava.ui.adapter.ContactAdapter,setContactList/1[java.util.List<com.example.rxjava.model.ContactsItem>],false,31,1,1,1,0,2,3,6,1,0,1,3,0,0,0,1,0,0,0,0,0,0,1,0,0,0,9,1,0,false
/home/arch_design_predict/download-github-repos/mvp/repos/MVP-RxJava-Android-Samples-master/app/src/main/java/com/example/rxjava/ui/adapter/ContactAdapter.java,com.example.rxjava.ui.adapter.ContactAdapter,"onBindViewHolder/2[com.example.rxjava.ui.adapter.ContactAdapter.ViewHolder,int]",false,46,3,3,0,3,1,5,5,0,1,2,5,0,0,0,0,0,0,0,0,1,0,0,0,0,0,8,1,0,false
/home/arch_design_predict/download-github-repos/mvp/repos/MVP-RxJava-Android-Samples-master/app/src/main/java/com/example/rxjava/ui/adapter/ContactAdapter.java,com.example.rxjava.ui.adapter.ContactAdapter,getItemCount/0,false,54,0,0,0,0,1,1,3,1,0,0,1,0,0,0,0,0,0,0,0,0,0,0,0,0,0,3,1,0,false
/home/arch_design_predict/download-github-repos/mvp/repos/MVP-RxJava-Android-Samples-master/app/src/main/java/com/example/rxjava/ui/adapter/ContactAdapter.java,com.example.rxjava.ui.adapter.ContactAdapter,ContactAdapter/1[com.example.rxjava.ui.adapter.Context],true,25,2,1,1,0,1,1,5,0,0,1,1,0,0,0,0,0,0,0,0,3,0,0,0,0,0,7,1,0,false
/home/arch_design_predict/download-github-repos/mvp/repos/MVP-RxJava-Android-Samples-master/app/src/main/java/com/example/rxjava/model/Phone.java,com.example.rxjava.model.Phone,getOffice/0,false,28,0,0,0,0,1,0,3,1,0,0,0,0,0,0,0,0,0,0,0,0,0,0,0,0,0,3,1,0,false
/home/arch_design_predict/download-github-repos/mvp/repos/MVP-RxJava-Android-Samples-master/app/src/main/java/com/example/rxjava/model/Phone.java,com.example.rxjava.model.Phone,getHome/0,false,36,0,0,0,0,1,0,3,1,0,0,0,0,0,0,0,0,0,0,0,0,0,0,0,0,0,3,1,0,false
/home/arch_design_predict/download-github-repos/mvp/repos/MVP-RxJava-Android-Samples-master/app/src/main/java/com/example/rxjava/model/Phone.java,com.example.rxjava.model.Phone,setHome/1[java.lang.String],false,32,0,0,0,0,1,0,3,0,0,1,0,0,0,0,0,0,0,0,0,1,0,0,0,0,0,3,1,0,false
/home/arch_design_predict/download-github-repos/mvp/repos/MVP-RxJava-Android-Samples-master/app/src/main/java/com/example/rxjava/model/Phone.java,com.example.rxjava.model.Phone,setOffice/1[java.lang.String],false,24,0,0,0,0,1,0,3,0,0,1,0,0,0,0,0,0,0,0,0,1,0,0,0,0,0,3,1,0,false
/home/arch_design_predict/download-github-repos/mvp/repos/MVP-RxJava-Android-Samples-master/app/src/main/java/com/example/rxjava/model/Phone.java,com.example.rxjava.model.Phone,setMobile/1[java.lang.String],false,16,0,0,0,0,1,0,3,0,0,1,0,0,0,0,0,0,0,0,0,1,0,0,0,0,0,3,1,0,false
/home/arch_design_predict/download-github-repos/mvp/repos/MVP-RxJava-Android-Samples-master/app/src/main/java/com/example/rxjava/model/Phone.java,com.example.rxjava.model.Phone,getMobile/0,false,20,0,1,1,0,1,0,3,1,0,0,0,0,0,0,0,0,0,0,0,0,0,0,0,0,0,3,1,0,false
/home/arch_design_predict/download-github-repos/mvp/repos/MVP-RxJava-Android-Samples-master/app/src/main/java/com/example/rxjava/utils/LoggerUtils.java,com.example.rxjava.utils.LoggerUtils,makeLogTag/1[java.lang.Class<?>],false,32,1,1,0,1,1,2,3,1,0,1,2,1,1,0,0,0,0,0,0,0,0,0,0,0,0,8,9,0,true
/home/arch_design_predict/download-github-repos/mvp/repos/MVP-RxJava-Android-Samples-master/app/src/main/java/com/example/rxjava/utils/LoggerUtils.java,com.example.rxjava.utils.LoggerUtils,"w/2[java.lang.String,java.lang.String]",false,115,0,0,0,0,2,1,5,0,0,2,1,0,0,0,0,0,0,0,0,0,0,1,0,0,0,5,9,0,true
/home/arch_design_predict/download-github-repos/mvp/repos/MVP-RxJava-Android-Samples-master/app/src/main/java/com/example/rxjava/utils/LoggerUtils.java,com.example.rxjava.utils.LoggerUtils,"d/2[java.lang.String,java.lang.Throwable]",false,54,0,0,0,0,2,1,5,0,0,2,1,0,0,0,0,0,0,0,0,0,0,1,0,0,0,5,9,0,true
/home/arch_design_predict/download-github-repos/mvp/repos/MVP-RxJava-Android-Samples-master/app/src/main/java/com/example/rxjava/utils/LoggerUtils.java,com.example.rxjava.utils.LoggerUtils,"i/2[java.lang.String,java.lang.String]",false,91,0,0,0,0,2,1,5,0,0,2,1,0,0,0,0,0,0,0,0,0,0,1,0,0,0,5,9,0,true
/home/arch_design_predict/download-github-repos/mvp/repos/MVP-RxJava-Android-Samples-master/app/src/main/java/com/example/rxjava/utils/LoggerUtils.java,com.example.rxjava.utils.LoggerUtils,"i/2[java.lang.String,java.lang.Throwable]",false,103,0,0,0,0,2,1,5,0,0,2,1,0,0,0,0,0,0,0,0,0,0,1,0,0,0,5,9,0,true
/home/arch_design_predict/download-github-repos/mvp/repos/MVP-RxJava-Android-Samples-master/app/src/main/java/com/example/rxjava/utils/LoggerUtils.java,com.example.rxjava.utils.LoggerUtils,"e/3[java.lang.String,java.lang.String,java.lang.Throwable]",false,160,0,2,2,0,2,1,5,0,0,3,1,0,0,0,0,0,0,0,0,0,0,1,0,0,0,3,9,0,true
/home/arch_design_predict/download-github-repos/mvp/repos/MVP-RxJava-Android-Samples-master/app/src/main/java/com/example/rxjava/utils/LoggerUtils.java,com.example.rxjava.utils.LoggerUtils,LoggerUtils/0,true,13,0,0,0,0,1,0,2,0,0,0,0,0,0,0,0,0,0,0,0,0,0,0,0,0,0,2,2,0,false
/home/arch_design_predict/download-github-repos/mvp/repos/MVP-RxJava-Android-Samples-master/app/src/main/java/com/example/rxjava/utils/LoggerUtils.java,com.example.rxjava.utils.LoggerUtils,makeLogTag/1[java.lang.String],false,22,0,1,1,0,2,2,6,2,0,1,2,0,0,0,0,0,0,0,2,0,4,1,0,0,0,23,9,0,true
/home/arch_design_predict/download-github-repos/mvp/repos/MVP-RxJava-Android-Samples-master/app/src/main/java/com/example/rxjava/utils/LoggerUtils.java,com.example.rxjava.utils.LoggerUtils,"v/2[java.lang.String,java.lang.String]",false,66,0,0,0,0,2,1,5,0,0,2,1,0,0,0,0,0,0,0,0,0,0,1,0,0,0,5,9,0,true
/home/arch_design_predict/download-github-repos/mvp/repos/MVP-RxJava-Android-Samples-master/app/src/main/java/com/example/rxjava/utils/LoggerUtils.java,com.example.rxjava.utils.LoggerUtils,"e/2[java.lang.String,java.lang.Throwable]",false,151,0,0,0,0,2,1,5,0,0,2,1,0,0,0,0,0,0,0,0,0,0,1,0,0,0,5,9,0,true
/home/arch_design_predict/download-github-repos/mvp/repos/MVP-RxJava-Android-Samples-master/app/src/main/java/com/example/rxjava/utils/LoggerUtils.java,com.example.rxjava.utils.LoggerUtils,"d/2[java.lang.String,java.lang.String]",false,42,0,0,0,0,2,1,5,0,0,2,1,0,0,0,0,0,0,0,0,0,0,1,0,0,0,5,9,0,true
/home/arch_design_predict/download-github-repos/mvp/repos/MVP-RxJava-Android-Samples-master/app/src/main/java/com/example/rxjava/utils/LoggerUtils.java,com.example.rxjava.utils.LoggerUtils,"w/2[java.lang.String,java.lang.Throwable]",false,127,0,0,0,0,2,1,5,0,0,2,1,0,0,0,0,0,0,0,0,0,0,1,0,0,0,5,9,0,true
/home/arch_design_predict/download-github-repos/mvp/repos/MVP-RxJava-Android-Samples-master/app/src/main/java/com/example/rxjava/utils/LoggerUtils.java,com.example.rxjava.utils.LoggerUtils,"v/3[java.lang.String,java.lang.String,java.lang.Throwable]",false,79,0,0,0,0,3,2,5,0,0,3,2,0,0,0,0,0,0,0,0,0,0,1,0,0,0,6,9,0,true
/home/arch_design_predict/download-github-repos/mvp/repos/MVP-RxJava-Android-Samples-master/app/src/main/java/com/example/rxjava/utils/LoggerUtils.java,com.example.rxjava.utils.LoggerUtils,"e/2[java.lang.String,java.lang.String]",false,139,0,0,0,0,2,1,5,0,0,2,1,0,0,0,0,0,0,0,0,0,0,1,0,0,0,5,9,0,true
/home/arch_design_predict/download-github-repos/mvp/repos/MVP-RxJava-Android-Samples-master/app/src/main/java/com/example/rxjava/utils/LoggerUtils.java,com.example.rxjava.utils.LoggerUtils,logUnExpectedException/1[java.lang.Throwable],false,169,0,0,0,0,1,1,3,0,0,1,1,0,0,0,0,0,0,0,0,0,0,0,0,0,0,9,9,0,true
/home/arch_design_predict/download-github-repos/mvp/repos/MVP-RxJava-Android-Samples-master/app/src/main/java/com/example/rxjava/ui/contact/ContactActivity.java,com.example.rxjava.ui.contact.ContactActivity,hideLoading/0,false,70,0,0,0,0,1,0,2,0,0,0,0,0,0,0,0,0,0,0,0,0,0,0,0,0,0,2,1,0,false
/home/arch_design_predict/download-github-repos/mvp/repos/MVP-RxJava-Android-Samples-master/app/src/main/java/com/example/rxjava/ui/contact/ContactActivity.java,com.example.rxjava.ui.contact.ContactActivity,showLoading/0,false,65,0,0,0,0,1,0,2,0,0,0,0,0,0,0,0,0,0,0,0,0,0,0,0,0,0,2,1,0,false
/home/arch_design_predict/download-github-repos/mvp/repos/MVP-RxJava-Android-Samples-master/app/src/main/java/com/example/rxjava/ui/contact/ContactActivity.java,com.example.rxjava.ui.contact.ContactActivity,onContactResponse/1[com.example.rxjava.model.ContactResponse],false,47,2,2,0,2,4,3,5,0,0,1,3,0,0,0,2,0,0,0,1,0,0,1,0,0,0,5,1,0,false
/home/arch_design_predict/download-github-repos/mvp/repos/MVP-RxJava-Android-Samples-master/app/src/main/java/com/example/rxjava/ui/contact/ContactActivity.java,com.example.rxjava.ui.contact.ContactActivity,showError/1[java.lang.String],false,54,0,0,0,0,1,2,3,0,0,1,2,0,0,0,0,0,0,0,0,0,0,0,0,0,0,3,1,0,false
/home/arch_design_predict/download-github-repos/mvp/repos/MVP-RxJava-Android-Samples-master/app/src/main/java/com/example/rxjava/ui/contact/ContactActivity.java,com.example.rxjava.ui.contact.ContactActivity,context/0,false,59,2,0,0,0,1,0,3,1,0,0,0,0,0,0,0,0,0,0,0,0,0,0,0,0,0,2,1,0,false
/home/arch_design_predict/download-github-repos/mvp/repos/MVP-RxJava-Android-Samples-master/app/src/main/java/com/example/rxjava/ui/contact/ContactActivity.java,com.example.rxjava.ui.contact.ContactActivity,onCreate/1[com.example.rxjava.ui.contact.Bundle],false,31,4,4,0,4,1,7,11,0,0,1,7,0,0,0,0,0,0,0,0,2,0,0,0,0,0,15,4,0,false
/home/arch_design_predict/download-github-repos/mvp/repos/MVP-RxJava-Android-Samples-master/app/src/test/java/com/example/rxjava/ExampleUnitTest.java,com.example.rxjava.ExampleUnitTest,addition_isCorrect/0,false,14,1,0,0,0,1,1,3,0,0,0,1,0,0,0,0,0,0,0,3,0,1,0,0,0,0,5,1,0,false
/home/arch_design_predict/download-github-repos/mvp/repos/MVP-RxJava-Android-Samples-master/app/src/main/java/com/example/rxjava/utils/RxJavaUtils.java,com.example.rxjava.utils.RxJavaUtils$Anonymous3$Anonymous4,call/1[Throwable],false,37,2,0,0,0,1,1,3,1,0,1,1,0,0,0,0,0,0,0,0,0,0,0,0,0,0,4,1,0,false
/home/arch_design_predict/download-github-repos/mvp/repos/MVP-RxJava-Android-Samples-master/app/src/main/java/com/example/rxjava/model/ContactsItem.java,com.example.rxjava.model.ContactsItem,getAddress/0,false,29,0,0,0,0,1,0,3,1,0,0,0,0,0,0,0,0,0,0,0,0,0,0,0,0,0,3,1,0,false
/home/arch_design_predict/download-github-repos/mvp/repos/MVP-RxJava-Android-Samples-master/app/src/main/java/com/example/rxjava/model/ContactsItem.java,com.example.rxjava.model.ContactsItem,setId/1[java.lang.String],false,57,0,0,0,0,1,0,3,0,0,1,0,0,0,0,0,0,0,0,0,1,0,0,0,0,0,3,1,0,false
/home/arch_design_predict/download-github-repos/mvp/repos/MVP-RxJava-Android-Samples-master/app/src/main/java/com/example/rxjava/model/ContactsItem.java,com.example.rxjava.model.ContactsItem,setAddress/1[java.lang.String],false,25,0,0,0,0,1,0,3,0,0,1,0,0,0,0,0,0,0,0,0,1,0,0,0,0,0,3,1,0,false
/home/arch_design_predict/download-github-repos/mvp/repos/MVP-RxJava-Android-Samples-master/app/src/main/java/com/example/rxjava/model/ContactsItem.java,com.example.rxjava.model.ContactsItem,setName/1[java.lang.String],false,49,0,0,0,0,1,0,3,0,0,1,0,0,0,0,0,0,0,0,0,1,0,0,0,0,0,3,1,0,false
/home/arch_design_predict/download-github-repos/mvp/repos/MVP-RxJava-Android-Samples-master/app/src/main/java/com/example/rxjava/model/ContactsItem.java,com.example.rxjava.model.ContactsItem,setEmail/1[java.lang.String],false,65,0,0,0,0,1,0,3,0,0,1,0,0,0,0,0,0,0,0,0,1,0,0,0,0,0,3,1,0,false
/home/arch_design_predict/download-github-repos/mvp/repos/MVP-RxJava-Android-Samples-master/app/src/main/java/com/example/rxjava/model/ContactsItem.java,com.example.rxjava.model.ContactsItem,getEmail/0,false,69,0,0,0,0,1,0,3,1,0,0,0,0,0,0,0,0,0,0,0,0,0,0,0,0,0,3,1,0,false
/home/arch_design_predict/download-github-repos/mvp/repos/MVP-RxJava-Android-Samples-master/app/src/main/java/com/example/rxjava/model/ContactsItem.java,com.example.rxjava.model.ContactsItem,getPhone/0,false,45,1,1,1,0,1,0,3,1,0,0,0,0,0,0,0,0,0,0,0,0,0,0,0,0,0,3,1,0,false
/home/arch_design_predict/download-github-repos/mvp/repos/MVP-RxJava-Android-Samples-master/app/src/main/java/com/example/rxjava/model/ContactsItem.java,com.example.rxjava.model.ContactsItem,setPhone/1[com.example.rxjava.model.Phone],false,41,1,0,0,0,1,0,3,0,0,1,0,0,0,0,0,0,0,0,0,1,0,0,0,0,0,3,1,0,false
/home/arch_design_predict/download-github-repos/mvp/repos/MVP-RxJava-Android-Samples-master/app/src/main/java/com/example/rxjava/model/ContactsItem.java,com.example.rxjava.model.ContactsItem,getName/0,false,53,0,1,1,0,1,0,3,1,0,0,0,0,0,0,0,0,0,0,0,0,0,0,0,0,0,3,1,0,false
/home/arch_design_predict/download-github-repos/mvp/repos/MVP-RxJava-Android-Samples-master/app/src/main/java/com/example/rxjava/model/ContactsItem.java,com.example.rxjava.model.ContactsItem,setGender/1[java.lang.String],false,33,0,0,0,0,1,0,3,0,0,1,0,0,0,0,0,0,0,0,0,1,0,0,0,0,0,3,1,0,false
/home/arch_design_predict/download-github-repos/mvp/repos/MVP-RxJava-Android-Samples-master/app/src/main/java/com/example/rxjava/model/ContactsItem.java,com.example.rxjava.model.ContactsItem,getGender/0,false,37,0,0,0,0,1,0,3,1,0,0,0,0,0,0,0,0,0,0,0,0,0,0,0,0,0,3,1,0,false
/home/arch_design_predict/download-github-repos/mvp/repos/MVP-RxJava-Android-Samples-master/app/src/main/java/com/example/rxjava/model/ContactsItem.java,com.example.rxjava.model.ContactsItem,getId/0,false,61,0,0,0,0,1,0,3,1,0,0,0,0,0,0,0,0,0,0,0,0,0,0,0,0,0,3,1,0,false
/home/arch_design_predict/download-github-repos/mvp/repos/MVP-RxJava-Android-Samples-master/app/src/main/java/com/example/rxjava/utils/RxJavaUtils.java,com.example.rxjava.utils.RxJavaUtils,applyErrorTransformer/0,false,31,2,0,0,0,1,0,13,1,0,0,0,0,0,0,0,0,0,0,0,0,0,0,1,0,0,8,9,0,false
/home/arch_design_predict/download-github-repos/mvp/repos/MVP-RxJava-Android-Samples-master/app/src/main/java/com/example/rxjava/utils/RxJavaUtils.java,com.example.rxjava.utils.RxJavaUtils,applyCompletableSchedulers/0,false,21,3,0,0,0,1,0,8,1,0,0,0,0,0,0,0,0,0,0,0,0,0,0,1,0,0,5,9,0,false
/home/arch_design_predict/download-github-repos/mvp/repos/MVP-RxJava-Android-Samples-master/app/src/main/java/com/example/rxjava/utils/RxJavaUtils.java,com.example.rxjava.utils.RxJavaUtils,applyOnErrorCrasher/0,false,45,2,0,0,0,1,0,17,1,0,0,0,0,0,0,0,0,0,0,0,0,0,0,1,0,0,22,9,0,false
/home/arch_design_predict/download-github-repos/mvp/repos/MVP-RxJava-Android-Samples-master/app/src/main/java/com/example/rxjava/utils/RxJavaUtils.java,com.example.rxjava.utils.RxJavaUtils,applyObserverSchedulers/0,false,12,2,0,0,0,1,0,8,1,0,0,0,0,0,0,0,0,0,0,0,0,0,0,1,0,0,5,9,0,false
/home/arch_design_predict/download-github-repos/mvp/repos/MVP-RxJava-Android-Samples-master/app/src/main/java/com/example/rxjava/base/ApstracBasePresenter.java,com.example.rxjava.base.ApstracBasePresenter,setView/1[V],false,7,1,0,0,0,1,0,3,0,0,1,0,0,0,0,0,0,0,0,0,1,0,0,0,0,0,4,1,0,false
/home/arch_design_predict/download-github-repos/mvp/repos/MVP-RxJava-Android-Samples-master/app/src/main/java/com/example/rxjava/base/ApstracBasePresenter.java,com.example.rxjava.base.ApstracBasePresenter,destroyView/0,false,13,0,0,0,0,1,0,3,0,0,0,0,0,0,0,0,0,0,0,0,1,0,0,0,0,0,4,1,0,false
/home/arch_design_predict/download-github-repos/mvp/repos/MVP-RxJava-Android-Samples-master/app/src/main/java/com/example/rxjava/base/ApstracBasePresenter.java,com.example.rxjava.base.ApstracBasePresenter,destroy/0,false,19,1,1,0,1,1,1,3,0,0,0,1,0,0,0,0,0,0,0,0,0,0,0,0,0,0,1,1,0,false
/home/arch_design_predict/download-github-repos/mvp/repos/MVP-RxJava-Android-Samples-master/app/src/main/java/com/example/rxjava/model/ContactResponse.java,com.example.rxjava.model.ContactResponse,getContacts/0,false,15,1,1,1,0,1,0,3,1,0,0,0,0,0,0,0,0,0,0,0,0,0,0,0,0,0,3,1,0,false
/home/arch_design_predict/download-github-repos/mvp/repos/MVP-RxJava-Android-Samples-master/app/src/main/java/com/example/rxjava/model/ContactResponse.java,com.example.rxjava.model.ContactResponse,setContacts/1[java.util.List<com.example.rxjava.model.ContactsItem>],false,11,1,0,0,0,1,0,3,0,0,1,0,0,0,0,0,0,0,0,0,1,0,0,0,0,0,3,1,0,false
/home/arch_design_predict/download-github-repos/mvp/repos/MVP-RxJava-Android-Samples-master/app/src/androidTest/java/com/example/rxjava/ExampleInstrumentedTest.java,com.example.rxjava.ExampleInstrumentedTest,useAppContext/0,false,20,2,0,0,0,1,3,4,0,1,0,3,0,0,0,0,0,0,1,0,1,0,0,0,0,0,6,1,0,false
/home/arch_design_predict/download-github-repos/mvp/repos/MVP-RxJava-Android-Samples-master/app/src/main/java/com/example/rxjava/base/BaseView.java,com.example.rxjava.base.BaseView,context/0,false,7,1,0,0,0,1,0,1,0,0,0,0,0,0,0,0,0,0,0,0,0,0,0,0,0,0,2,0,0,false
/home/arch_design_predict/download-github-repos/mvp/repos/MVP-RxJava-Android-Samples-master/app/src/main/java/com/example/rxjava/base/BasePresenter.java,com.example.rxjava.base.BasePresenter,setView/1[V],false,5,1,0,0,0,1,0,1,0,0,1,0,0,0,0,0,0,0,0,0,0,0,0,0,0,0,4,0,0,false
/home/arch_design_predict/download-github-repos/mvp/repos/MVP-RxJava-Android-Samples-master/app/src/main/java/com/example/rxjava/base/BasePresenter.java,com.example.rxjava.base.BasePresenter,destroyView/0,false,7,0,0,0,0,1,0,1,0,0,0,0,0,0,0,0,0,0,0,0,0,0,0,0,0,0,2,0,0,false
/home/arch_design_predict/download-github-repos/mvp/repos/MVP-RxJava-Android-Samples-master/app/src/main/java/com/example/rxjava/base/BasePresenter.java,com.example.rxjava.base.BasePresenter,destroy/0,false,9,0,0,0,0,1,0,1,0,0,0,0,0,0,0,0,0,0,0,0,0,0,0,0,0,0,1,0,0,false
/home/arch_design_predict/download-github-repos/mvp/repos/MVP-RxJava-Android-Samples-master/app/src/main/java/com/example/rxjava/base/BaseActivity.java,com.example.rxjava.base.BaseActivity,onSupportNavigateUp/0,false,30,0,0,0,0,1,1,4,1,0,0,1,0,0,0,0,0,0,0,0,0,0,0,0,0,0,7,1,0,false
/home/arch_design_predict/download-github-repos/mvp/repos/MVP-RxJava-Android-Samples-master/app/src/main/java/com/example/rxjava/base/BaseActivity.java,com.example.rxjava.base.BaseActivity,showToast/1[java.lang.String],false,65,1,0,0,0,2,6,10,0,1,1,6,0,0,0,0,1,0,1,2,1,0,1,0,0,0,11,1,0,false
/home/arch_design_predict/download-github-repos/mvp/repos/MVP-RxJava-Android-Samples-master/app/src/main/java/com/example/rxjava/base/BaseActivity.java,com.example.rxjava.base.BaseActivity,setHeaderTitle/1[java.lang.String],false,39,0,0,0,0,2,2,3,0,0,1,2,0,0,0,1,0,0,0,0,0,0,1,0,0,0,9,1,0,false
/home/arch_design_predict/download-github-repos/mvp/repos/MVP-RxJava-Android-Samples-master/app/src/main/java/com/example/rxjava/base/BaseActivity.java,com.example.rxjava.base.BaseActivity,getVisibleFragment/0,false,53,3,0,0,0,5,3,10,2,2,0,3,0,0,1,2,0,0,0,0,2,0,3,0,0,0,8,1,0,false
/home/arch_design_predict/download-github-repos/mvp/repos/MVP-RxJava-Android-Samples-master/app/src/main/java/com/example/rxjava/base/BaseActivity.java,com.example.rxjava.base.BaseActivity,dispatchTouchEvent/1[com.example.rxjava.base.MotionEvent],false,76,6,2,0,2,9,12,24,1,6,1,12,1,1,0,3,1,1,1,3,7,4,3,0,0,0,26,1,0,false
/home/arch_design_predict/download-github-repos/mvp/repos/MVP-RxJava-Android-Samples-master/app/src/main/java/com/example/rxjava/base/BaseActivity.java,com.example.rxjava.base.BaseActivity,onCreate/1[com.example.rxjava.base.Bundle],false,25,1,0,0,0,1,1,3,0,0,1,1,0,0,0,0,0,0,0,0,0,0,0,0,0,0,5,4,0,false
/home/arch_design_predict/download-github-repos/mvp/repos/MVP-RxJava-Android-Samples-master/app/src/main/java/com/example/rxjava/base/BaseActivity.java,com.example.rxjava.base.BaseActivity,getView/0,false,35,1,0,0,0,1,1,3,1,0,0,1,0,0,0,0,0,0,0,0,0,0,0,0,0,0,5,1,0,false
/home/arch_design_predict/download-github-repos/mvp/repos/MVP-RxJava-Android-Samples-master/app/src/main/java/com/example/rxjava/base/BaseActivity.java,com.example.rxjava.base.BaseActivity,context/0,false,103,1,0,0,0,1,0,1,0,0,0,0,0,0,0,0,0,0,0,0,0,0,0,0,0,0,2,1025,0,false
/home/arch_design_predict/download-github-repos/mvp/repos/MVP-RxJava-Android-Samples-master/app/src/main/java/com/example/rxjava/base/BaseActivity.java,com.example.rxjava.base.BaseActivity,hideSoftInput/0,false,43,2,2,1,1,2,6,9,0,1,0,6,0,0,0,0,1,0,1,1,1,0,1,0,0,0,15,1,0,false
/home/arch_design_predict/download-github-repos/mvp/repos/MVP-RxJava-Android-Samples-master/app/src/main/java/com/example/rxjava/utils/RxJavaUtils.java,com.example.rxjava.utils.RxJavaUtils$Anonymous1,call/1[Observable<T>],false,15,2,0,0,0,1,4,3,1,0,1,4,0,0,0,0,0,0,0,0,0,0,0,0,0,0,2,1,0,false
/home/arch_design_predict/download-github-repos/mvp/repos/MVP-RxJava-Android-Samples-master/app/src/main/java/com/example/rxjava/utils/RxJavaUtils.java,com.example.rxjava.utils.RxJavaUtils$Anonymous2,call/1[com.example.rxjava.utils.Completable],false,24,1,0,0,0,1,4,3,1,0,1,4,0,0,0,0,0,0,0,0,0,0,0,0,0,0,3,1,0,false
/home/arch_design_predict/download-github-repos/mvp/repos/MVP-RxJava-Android-Samples-master/app/src/main/java/com/example/rxjava/utils/RxJavaUtils.java,com.example.rxjava.utils.RxJavaUtils$Anonymous3,call/1[Observable<T>],false,34,3,0,0,0,1,1,8,1,0,1,1,0,0,0,0,0,0,0,0,0,0,0,1,0,0,5,1,0,false
/home/arch_design_predict/download-github-repos/mvp/repos/MVP-RxJava-Android-Samples-master/app/src/main/java/com/example/rxjava/utils/RxJavaUtils.java,com.example.rxjava.utils.RxJavaUtils$Anonymous5,call/1[Observable<T>],false,48,3,0,0,0,1,1,12,1,0,1,1,0,0,0,0,0,0,0,0,0,0,0,1,0,0,20,1,0,false
/home/arch_design_predict/download-github-repos/mvp/repos/MVP-RxJava-Android-Samples-master/app/src/main/java/com/example/rxjava/base/BaseFragment.java,com.example.rxjava.base.BaseFragment,hideSoftInput/0,false,21,1,0,0,0,1,6,4,0,1,0,6,0,0,0,0,0,0,0,1,1,0,0,0,0,0,8,1,0,false
/home/arch_design_predict/download-github-repos/mvp/repos/MVP-RxJava-Android-Samples-master/app/src/main/java/com/example/rxjava/base/BaseFragment.java,com.example.rxjava.base.BaseFragment,requestFocus/1[com.example.rxjava.base.View],false,26,1,0,0,0,2,4,5,0,0,1,4,0,0,0,0,0,0,0,0,0,0,1,0,0,0,6,4,0,false
/home/arch_design_predict/download-github-repos/mvp/repos/MVP-RxJava-Android-Samples-master/app/src/main/java/com/example/rxjava/base/BaseFragment.java,com.example.rxjava.base.BaseFragment,onCreate/1[com.example.rxjava.base.Bundle],false,16,1,0,0,0,1,2,4,0,0,1,2,0,0,0,0,0,0,0,0,0,0,0,0,0,0,11,1,0,false
/home/arch_design_predict/download-github-repos/mvp/repos/MVP-RxJava-Android-Samples-master/app/src/main/java/com/example/rxjava/base/BaseFragment.java,com.example.rxjava.base.BaseFragment,onAttach/1[com.example.rxjava.base.Context],false,12,1,0,0,0,1,1,3,0,0,1,1,0,0,0,0,0,0,0,0,0,0,0,0,0,0,4,1,0,false
/home/arch_design_predict/download-github-repos/mvp/repos/MVP-RxJava-Android-Samples-master/app/src/main/java/com/example/rxjava/ui/adapter/ContactAdapter.java,com.example.rxjava.ui.adapter.ContactAdapter$ViewHolder,ViewHolder/1[com.example.rxjava.ui.adapter.View],true,64,1,1,1,0,1,1,4,0,0,1,1,0,0,0,0,0,0,0,0,0,0,0,0,0,0,3,1,0,false
/home/arch_design_predict/download-github-repos/mvp/repos/MVP-RxJava-Android-Samples-master/app/src/main/java/com/example/rxjava/base/LoadDataView.java,com.example.rxjava.base.LoadDataView,hideLoading/0,false,6,0,0,0,0,1,0,1,0,0,0,0,0,0,0,0,0,0,0,0,0,0,0,0,0,0,2,0,0,false
/home/arch_design_predict/download-github-repos/mvp/repos/MVP-RxJava-Android-Samples-master/app/src/main/java/com/example/rxjava/base/LoadDataView.java,com.example.rxjava.base.LoadDataView,showLoading/0,false,4,0,1,1,0,1,0,1,0,0,0,0,0,0,0,0,0,0,0,0,0,0,0,0,0,0,2,0,0,false
/home/arch_design_predict/download-github-repos/mvp/repos/MVP-RxJava-Android-Samples-master/app/src/main/java/com/example/rxjava/base/LoadDataView.java,com.example.rxjava.base.LoadDataView,showError/1[java.lang.String],false,8,0,0,0,0,1,0,1,0,0,1,0,0,0,0,0,0,0,0,0,0,0,0,0,0,0,3,0,0,false
/home/arch_design_predict/download-github-repos/mvp/repos/MVP-RxJava-Android-Samples-master/app/src/main/java/com/example/rxjava/utils/RxJavaUtils.java,com.example.rxjava.utils.RxJavaUtils$Anonymous5$Anonymous6,call/1[Throwable],false,51,5,0,0,0,1,6,7,0,4,1,6,0,0,0,0,0,0,1,1,4,0,0,0,0,0,19,1,0,false
