file,class,type,cbo,cboModified,fanin,fanout,wmc,dit,noc,rfc,lcom,lcom*,tcc,lcc,totalMethodsQty,staticMethodsQty,publicMethodsQty,privateMethodsQty,protectedMethodsQty,defaultMethodsQty,visibleMethodsQty,abstractMethodsQty,finalMethodsQty,synchronizedMethodsQty,totalFieldsQty,staticFieldsQty,publicFieldsQty,privateFieldsQty,protectedFieldsQty,defaultFieldsQty,finalFieldsQty,synchronizedFieldsQty,nosi,loc,returnQty,loopQty,comparisonsQty,tryCatchQty,parenthesizedExpsQty,stringLiteralsQty,numbersQty,assignmentsQty,mathOperationsQty,variablesQty,maxNestedBlocksQty,anonymousClassesQty,innerClassesQty,lambdasQty,uniqueWordsQty,modifiers,logStatementsQty
/home/arch_design_predict/download-github-repos/mvvm/repos/amvvm-master/sample/src/main/java/com/manaschaudhari/android_mvvm/sample/calculator_example/CalculatorActivity.java,com.manaschaudhari.android_mvvm.sample.calculator_example.CalculatorActivity,class,4,5,1,4,2,3,0,0,1,0.0,0.0,0.0,2,0,0,0,2,0,2,0,0,0,0,0,0,0,0,0,0,0,0,8,2,0,0,0,0,0,0,0,0,0,0,0,0,0,9,1,0
/home/arch_design_predict/download-github-repos/mvvm/repos/amvvm-master/android-mvvm/src/test/java/com/manaschaudhari/android_mvvm/ReadOnlyFieldTests.java,com.manaschaudhari.android_mvvm.ReadOnlyFieldTests,class,8,8,0,8,6,2,0,11,0,0.375,0.6666667,0.6666667,6,0,6,0,0,0,6,0,0,0,4,0,0,4,0,0,1,0,1,47,0,0,0,0,0,0,8,8,1,8,0,0,1,0,57,1,0
/home/arch_design_predict/download-github-repos/mvvm/repos/amvvm-master/sample/src/main/java/com/manaschaudhari/android_mvvm/sample/adapters/ItemListViewModel.java,com.manaschaudhari.android_mvvm.sample.adapters.ItemListViewModel$Anonymous1,anonymous,2,2,0,2,2,1,0,1,0,0.0,NaN,NaN,1,0,1,0,0,0,1,0,0,0,0,0,0,0,0,0,0,0,0,9,1,1,0,0,0,0,0,1,0,1,1,0,0,0,8,-1,0
/home/arch_design_predict/download-github-repos/mvvm/repos/amvvm-master/android-mvvm/src/androidTest/java/com/manaschaudhari/android_mvvm/adapters/ViewPagerAdapterTest.java,com.manaschaudhari.android_mvvm.adapters.ViewPagerAdapterTest$TestViewPagerAdapter,innerclass,5,5,0,5,2,3,0,1,1,0.5,0.0,0.0,2,0,2,0,0,0,2,0,0,0,1,0,0,0,0,1,0,0,0,10,0,0,0,0,0,0,1,1,0,1,0,0,0,0,13,10,0
/home/arch_design_predict/download-github-repos/mvvm/repos/amvvm-master/rxjava-compat/src/androidTest/java/com/manaschaudhari/android_mvvm/rxjava/BindingTestViewModel.java,com.manaschaudhari.android_mvvm.rxjava.BindingTestViewModel,class,4,4,0,4,0,1,0,0,0,NaN,-1.0,-1.0,0,0,0,0,0,0,0,0,0,0,5,0,5,0,0,0,0,0,0,9,0,0,0,0,0,0,0,0,0,5,0,0,1,0,12,1,0
/home/arch_design_predict/download-github-repos/mvvm/repos/amvvm-master/android-mvvm/src/main/java/com/manaschaudhari/android_mvvm/adapters/ViewPagerAdapter.java,com.manaschaudhari.android_mvvm.adapters.ViewPagerAdapter$Anonymous1,anonymous,1,1,0,1,2,1,0,1,0,0.0,NaN,NaN,1,0,1,0,0,0,1,0,0,0,0,0,0,0,0,0,0,0,0,6,0,0,1,0,1,0,0,1,0,0,0,0,0,0,11,-1,0
/home/arch_design_predict/download-github-repos/mvvm/repos/amvvm-master/sample/src/main/java/com/manaschaudhari/android_mvvm/sample/functional/DataLoadingActivity.java,com.manaschaudhari.android_mvvm.sample.functional.DataLoadingActivity,class,5,6,1,5,2,4,0,0,1,0.0,0.0,0.0,2,0,0,0,2,0,2,0,0,0,0,0,0,0,0,0,0,0,0,8,2,0,0,0,0,0,0,0,0,0,0,0,0,0,11,1,0
/home/arch_design_predict/download-github-repos/mvvm/repos/amvvm-master/android-mvvm/src/test/java/com/manaschaudhari/android_mvvm/FieldUtilsTest.java,com.manaschaudhari.android_mvvm.FieldUtilsTest,class,6,6,0,6,4,1,0,7,0,0.25,1.0,1.0,4,0,4,0,0,0,4,0,0,0,4,1,0,4,0,0,1,0,2,24,0,0,0,0,0,0,3,5,0,4,0,0,0,0,30,1,0
/home/arch_design_predict/download-github-repos/mvvm/repos/amvvm-master/sample/src/main/java/com/manaschaudhari/android_mvvm/sample/two_way_binding/SearchViewModel.java,com.manaschaudhari.android_mvvm.sample.two_way_binding.SearchViewModel$Anonymous1,anonymous,3,3,0,3,3,1,0,3,0,0.0,NaN,NaN,1,0,1,0,0,0,1,0,0,0,0,0,0,0,0,0,0,0,0,12,1,1,0,0,0,1,1,2,0,2,2,0,0,0,9,-1,0
/home/arch_design_predict/download-github-repos/mvvm/repos/amvvm-master/sample/src/main/java/com/manaschaudhari/android_mvvm/sample/two_way_binding/SearchViewModel.java,com.manaschaudhari.android_mvvm.sample.two_way_binding.SearchViewModel$Anonymous2,anonymous,0,0,0,0,1,1,0,4,0,0.0,NaN,NaN,1,0,1,0,0,0,1,0,0,0,0,0,0,0,0,0,0,0,1,7,0,0,0,0,0,1,4,2,1,2,0,0,0,0,5,-1,0
/home/arch_design_predict/download-github-repos/mvvm/repos/amvvm-master/android-mvvm/src/main/java/com/manaschaudhari/android_mvvm/utils/BindingUtils.java,com.manaschaudhari.android_mvvm.utils.BindingUtils,class,23,27,4,23,23,1,0,13,33,0.6,0.13333334,0.13333334,10,10,10,0,0,0,10,0,0,0,1,1,0,1,0,0,0,0,4,65,4,0,9,0,1,10,0,9,0,6,2,2,0,0,37,1,0
/home/arch_design_predict/download-github-repos/mvvm/repos/amvvm-master/sample/src/main/java/com/manaschaudhari/android_mvvm/sample/ItemDetailsActivity.java,com.manaschaudhari.android_mvvm.sample.ItemDetailsActivity,class,2,3,1,2,1,2,0,3,0,0.0,NaN,NaN,1,0,0,0,1,0,1,0,0,0,0,0,0,0,0,0,0,0,0,7,0,0,0,0,0,1,0,0,0,0,0,0,0,0,15,1,0
/home/arch_design_predict/download-github-repos/mvvm/repos/amvvm-master/android-mvvm/src/main/java/com/manaschaudhari/android_mvvm/MvvmActivity.java,com.manaschaudhari.android_mvvm.MvvmActivity,class,10,13,3,10,5,2,2,10,8,0.6,0.16666667,0.16666667,5,0,0,1,4,0,4,2,0,0,1,0,0,1,0,0,0,0,2,20,1,0,0,0,0,1,0,2,0,2,0,0,0,0,33,1025,0
/home/arch_design_predict/download-github-repos/mvvm/repos/amvvm-master/sample/src/main/java/com/manaschaudhari/android_mvvm/sample/calculator_example/CalculatorViewModel.java,com.manaschaudhari.android_mvvm.sample.calculator_example.CalculatorViewModel$Anonymous1,anonymous,2,2,0,2,3,1,0,3,0,0.0,NaN,NaN,1,0,1,0,0,0,1,0,0,0,0,0,0,0,0,0,0,0,2,13,2,0,1,1,1,2,0,3,0,3,1,0,0,0,13,-1,0
/home/arch_design_predict/download-github-repos/mvvm/repos/amvvm-master/sample/src/main/java/com/manaschaudhari/android_mvvm/sample/ItemViewModel.java,com.manaschaudhari.android_mvvm.sample.ItemViewModel$Anonymous1,anonymous,1,1,0,1,1,1,0,1,0,0.0,NaN,NaN,1,0,1,0,0,0,1,0,0,0,0,0,0,0,0,0,0,0,0,5,0,0,0,0,0,1,0,0,1,0,0,0,0,0,2,-1,0
/home/arch_design_predict/download-github-repos/mvvm/repos/amvvm-master/android-mvvm/src/main/java/com/manaschaudhari/android_mvvm/FieldUtils.java,com.manaschaudhari.android_mvvm.FieldUtils$Anonymous1$Anonymous2,anonymous,1,1,0,1,1,1,0,2,0,0.0,NaN,NaN,1,0,1,0,0,0,1,0,0,0,0,0,0,0,0,0,0,0,0,5,0,0,0,0,0,0,0,0,0,0,0,0,0,0,4,-1,0
/home/arch_design_predict/download-github-repos/mvvm/repos/amvvm-master/android-mvvm/src/androidTest/java/com/manaschaudhari/android_mvvm/adapters/TestViewModelBinder.java,com.manaschaudhari.android_mvvm.adapters.TestViewModelBinder,class,3,5,2,3,1,1,0,0,0,0.0,NaN,NaN,1,0,1,0,0,0,1,0,0,0,2,0,0,0,0,2,0,0,0,8,0,0,0,0,0,0,0,2,0,2,0,0,0,0,9,1,0
/home/arch_design_predict/download-github-repos/mvvm/repos/amvvm-master/sample/src/main/java/com/manaschaudhari/android_mvvm/sample/BindingAdapters.java,com.manaschaudhari.android_mvvm.sample.BindingAdapters$Anonymous1,anonymous,2,2,0,2,1,1,0,1,0,0.0,NaN,NaN,1,0,1,0,0,0,1,0,0,0,0,0,0,0,0,0,0,0,0,5,0,0,0,0,0,0,0,0,0,0,0,0,0,0,6,-1,0
/home/arch_design_predict/download-github-repos/mvvm/repos/amvvm-master/android-mvvm/src/main/java/com/manaschaudhari/android_mvvm/ReadOnlyField.java,com.manaschaudhari.android_mvvm.ReadOnlyField,class,9,15,6,9,7,2,0,12,2,0.5,0.33333334,0.5,5,1,4,1,0,0,4,0,0,2,2,0,0,2,0,0,2,0,0,34,1,0,1,0,0,0,0,3,0,3,1,2,0,0,36,1,0
/home/arch_design_predict/download-github-repos/mvvm/repos/amvvm-master/android-mvvm/src/main/java/com/manaschaudhari/android_mvvm/FieldUtils.java,com.manaschaudhari.android_mvvm.FieldUtils$Anonymous1$Anonymous3,anonymous,0,0,0,0,1,1,0,1,0,0.0,NaN,NaN,1,0,1,0,0,0,1,0,0,0,0,0,0,0,0,0,0,0,0,5,0,0,0,0,0,0,0,0,0,0,0,0,0,0,3,-1,0
/home/arch_design_predict/download-github-repos/mvvm/repos/amvvm-master/sample/src/main/java/com/manaschaudhari/android_mvvm/sample/two_way_binding/rxjava/SearchViewModel.java,com.manaschaudhari.android_mvvm.sample.two_way_binding.rxjava.SearchViewModel$Anonymous1,anonymous,3,3,0,3,3,1,0,3,0,0.0,NaN,NaN,1,0,1,0,0,0,1,0,0,0,0,0,0,0,0,0,0,0,0,12,1,1,0,0,0,1,1,2,0,2,2,0,0,0,8,-1,0
/home/arch_design_predict/download-github-repos/mvvm/repos/amvvm-master/sample/src/main/java/com/manaschaudhari/android_mvvm/sample/two_way_binding/rxjava/SearchViewModel.java,com.manaschaudhari.android_mvvm.sample.two_way_binding.rxjava.SearchViewModel$Anonymous2,anonymous,0,0,0,0,1,1,0,4,0,0.0,NaN,NaN,1,0,1,0,0,0,1,0,0,0,0,0,0,0,0,0,0,0,1,7,0,0,0,0,0,1,4,2,1,2,0,0,0,0,4,-1,0
/home/arch_design_predict/download-github-repos/mvvm/repos/amvvm-master/sample/src/main/java/com/manaschaudhari/android_mvvm/sample/BindingAdapters.java,com.manaschaudhari.android_mvvm.sample.BindingAdapters$Anonymous2,anonymous,1,1,0,1,2,1,0,2,0,0.0,NaN,NaN,1,0,1,0,0,0,1,0,0,0,0,0,0,0,0,0,0,0,0,10,0,0,0,1,0,0,0,0,0,0,1,0,0,0,6,-1,0
/home/arch_design_predict/download-github-repos/mvvm/repos/amvvm-master/sample/src/main/java/com/manaschaudhari/android_mvvm/sample/BindingAdapters.java,com.manaschaudhari.android_mvvm.sample.BindingAdapters$Anonymous3,anonymous,1,1,0,1,1,1,0,1,0,0.0,NaN,NaN,1,0,1,0,0,0,1,0,0,0,0,0,0,0,0,0,0,0,0,5,0,0,0,0,0,0,0,0,0,0,0,0,0,0,4,-1,0
/home/arch_design_predict/download-github-repos/mvvm/repos/amvvm-master/android-mvvm/src/androidTest/java/com/manaschaudhari/android_mvvm/adapters/ViewPagerAdapterTest.java,com.manaschaudhari.android_mvvm.adapters.ViewPagerAdapterTest$TestViewProvider,innerclass,2,2,0,2,1,1,0,0,0,0.0,NaN,NaN,1,0,1,0,0,0,1,0,0,0,0,0,0,0,0,0,0,0,0,5,1,0,0,0,0,0,0,0,0,0,0,0,0,0,6,10,0
/home/arch_design_predict/download-github-repos/mvvm/repos/amvvm-master/android-mvvm/src/androidTest/java/com/manaschaudhari/android_mvvm/adapters/RecyclerViewAdapterTest.java,com.manaschaudhari.android_mvvm.adapters.RecyclerViewAdapterTest$TestViewDataBinding,innerclass,2,2,0,2,7,2,0,0,21,0.85714287,0.0,0.0,7,0,4,0,3,0,7,0,0,0,1,0,0,0,0,1,0,0,0,22,3,0,0,0,0,0,2,1,0,1,0,0,0,0,23,9,0
/home/arch_design_predict/download-github-repos/mvvm/repos/amvvm-master/sample/src/main/java/com/manaschaudhari/android_mvvm/sample/BaseActivity.java,com.manaschaudhari.android_mvvm.sample.BaseActivity$Anonymous1,anonymous,8,8,0,8,6,1,0,2,15,0.0,0.0,0.0,6,0,5,1,0,0,5,0,0,0,0,0,0,0,0,0,0,0,0,21,0,0,0,0,0,0,0,1,0,1,0,0,0,0,19,-1,0
/home/arch_design_predict/download-github-repos/mvvm/repos/amvvm-master/sample/src/main/java/com/manaschaudhari/android_mvvm/sample/BaseActivity.java,com.manaschaudhari.android_mvvm.sample.BaseActivity$Anonymous2,anonymous,0,0,0,0,1,1,0,2,0,0.0,NaN,NaN,1,0,1,0,0,0,1,0,0,0,0,0,0,0,0,0,0,0,0,5,0,0,0,0,0,0,0,0,0,0,0,0,0,0,2,-1,0
/home/arch_design_predict/download-github-repos/mvvm/repos/amvvm-master/sample/src/main/java/com/manaschaudhari/android_mvvm/sample/ExampleApplication.java,com.manaschaudhari.android_mvvm.sample.ExampleApplication,class,5,7,2,5,2,2,0,4,0,0.0,0.0,0.0,2,1,2,0,0,0,2,0,0,0,1,0,0,1,0,0,0,0,1,12,1,0,0,0,0,0,0,2,0,2,0,0,0,0,11,1,0
/home/arch_design_predict/download-github-repos/mvvm/repos/amvvm-master/android-mvvm/src/main/java/com/manaschaudhari/android_mvvm/utils/BindingUtils.java,com.manaschaudhari.android_mvvm.utils.BindingUtils$Anonymous1,anonymous,1,1,0,1,1,1,0,0,0,0.0,NaN,NaN,1,0,1,0,0,0,1,0,0,0,0,0,0,0,0,0,0,0,0,5,1,0,0,0,0,0,0,0,0,0,0,0,0,0,6,-1,0
/home/arch_design_predict/download-github-repos/mvvm/repos/amvvm-master/sample/src/main/java/com/manaschaudhari/android_mvvm/sample/ItemViewModel.java,com.manaschaudhari.android_mvvm.sample.ItemViewModel$Anonymous2,anonymous,1,1,0,1,1,1,0,1,0,0.0,NaN,NaN,1,0,1,0,0,0,1,0,0,0,0,0,0,0,0,0,0,0,0,5,0,0,0,0,0,0,0,0,0,0,0,0,0,0,3,-1,0
/home/arch_design_predict/download-github-repos/mvvm/repos/amvvm-master/android-mvvm/src/main/java/com/manaschaudhari/android_mvvm/utils/BindingUtils.java,com.manaschaudhari.android_mvvm.utils.BindingUtils$Anonymous2,anonymous,2,2,0,2,1,1,0,0,0,0.0,NaN,NaN,1,0,1,0,0,0,1,0,0,0,0,0,0,0,0,0,0,0,0,5,1,0,0,0,0,0,0,0,0,0,0,0,0,0,3,-1,0
/home/arch_design_predict/download-github-repos/mvvm/repos/amvvm-master/sample/src/main/java/com/manaschaudhari/android_mvvm/sample/BindingAdapters.java,com.manaschaudhari.android_mvvm.sample.BindingAdapters,class,16,16,0,16,11,1,0,6,10,1.0,0.0,0.0,5,5,5,0,0,0,5,0,0,0,1,1,1,0,0,0,1,0,4,53,4,0,5,0,1,6,0,4,0,4,1,3,0,0,29,1,0
/home/arch_design_predict/download-github-repos/mvvm/repos/amvvm-master/sample/src/main/java/com/manaschaudhari/android_mvvm/sample/functional/DataLoadingViewModel.java,com.manaschaudhari.android_mvvm.sample.functional.DataLoadingViewModel,class,9,10,1,9,1,1,0,7,0,0.0,NaN,NaN,1,0,1,0,0,0,1,0,0,0,4,0,4,0,0,0,4,0,5,34,0,0,0,0,0,0,0,6,0,6,0,4,0,0,15,1,0
/home/arch_design_predict/download-github-repos/mvvm/repos/amvvm-master/sample/src/main/java/com/manaschaudhari/android_mvvm/sample/MainActivity.java,com.manaschaudhari.android_mvvm.sample.MainActivity,class,4,4,0,4,2,4,0,1,1,0.0,0.0,0.0,2,0,0,0,2,0,2,0,0,0,0,0,0,0,0,0,0,0,0,8,2,0,0,0,0,0,0,0,0,0,0,0,0,0,10,1,0
/home/arch_design_predict/download-github-repos/mvvm/repos/amvvm-master/sample/src/main/java/com/manaschaudhari/android_mvvm/sample/calculator_example/Calculator.java,com.manaschaudhari.android_mvvm.sample.calculator_example.Calculator$Operation,enum,0,0,0,0,0,1,0,0,0,0.0,-1.0,-1.0,0,0,0,0,0,0,0,0,0,0,0,0,0,0,0,0,0,0,0,1,0,0,0,0,0,0,0,0,0,0,0,0,0,0,6,1,0
/home/arch_design_predict/download-github-repos/mvvm/repos/amvvm-master/android-mvvm/src/androidTest/java/com/manaschaudhari/android_mvvm/adapters/TestViewModel.java,com.manaschaudhari.android_mvvm.adapters.TestViewModel,class,3,8,5,3,3,1,0,1,1,0.5,0.0,0.0,2,1,2,0,0,0,2,0,0,0,1,0,0,0,0,1,0,0,0,13,1,1,0,0,0,0,1,3,0,3,1,0,0,0,9,1,0
/home/arch_design_predict/download-github-repos/mvvm/repos/amvvm-master/sample/src/main/java/com/manaschaudhari/android_mvvm/sample/two_way_binding/SearchActivity.java,com.manaschaudhari.android_mvvm.sample.two_way_binding.SearchActivity,class,4,5,1,4,2,4,0,2,1,0.0,0.0,0.0,2,0,0,0,2,0,2,0,0,0,0,0,0,0,0,0,0,0,0,8,2,0,0,0,0,0,0,0,0,0,0,0,0,0,11,1,0
/home/arch_design_predict/download-github-repos/mvvm/repos/amvvm-master/sample/src/main/java/com/manaschaudhari/android_mvvm/sample/ItemViewModel.java,com.manaschaudhari.android_mvvm.sample.ItemViewModel,class,8,13,5,8,4,1,0,2,0,0.375,1.0,1.0,2,0,2,0,0,0,2,0,0,0,4,0,4,0,0,0,4,0,0,25,1,0,1,0,0,1,2,4,0,4,0,2,0,0,16,1,0
/home/arch_design_predict/download-github-repos/mvvm/repos/amvvm-master/sample/src/main/java/com/manaschaudhari/android_mvvm/sample/functional/DataService.java,com.manaschaudhari.android_mvvm.sample.functional.DataService,class,3,5,2,3,1,1,0,5,0,0.0,NaN,NaN,1,0,1,0,0,0,1,0,0,0,0,0,0,0,0,0,0,0,0,21,1,0,0,0,0,0,0,0,0,0,0,1,0,0,3,1,0
/home/arch_design_predict/download-github-repos/mvvm/repos/amvvm-master/android-mvvm/src/main/java/com/manaschaudhari/android_mvvm/adapters/RecyclerViewAdapter.java,com.manaschaudhari.android_mvvm.adapters.RecyclerViewAdapter$DataBindingViewHolder,innerclass,3,3,0,3,1,2,0,1,0,0.0,NaN,NaN,1,0,1,0,0,0,1,0,0,0,1,0,0,0,0,1,1,0,0,7,0,0,0,0,0,0,0,1,0,1,0,0,0,0,5,9,0
/home/arch_design_predict/download-github-repos/mvvm/repos/amvvm-master/android-mvvm/src/androidTest/java/com/manaschaudhari/android_mvvm/adapters/RecyclerViewAdapterTest.java,com.manaschaudhari.android_mvvm.adapters.RecyclerViewAdapterTest$Anonymous2,anonymous,0,0,0,0,1,1,0,0,0,0.0,NaN,NaN,1,0,1,0,0,0,1,0,0,0,0,0,0,0,0,0,0,0,0,5,0,0,0,0,0,0,0,0,0,0,0,0,0,0,5,-1,0
/home/arch_design_predict/download-github-repos/mvvm/repos/amvvm-master/android-mvvm/src/androidTest/java/com/manaschaudhari/android_mvvm/adapters/ViewPagerAdapterTest.java,com.manaschaudhari.android_mvvm.adapters.ViewPagerAdapterTest,class,25,25,0,25,15,3,0,23,0,0.7159091,0.4181818,0.6545454,11,2,11,0,0,0,11,0,0,0,8,1,2,6,0,0,1,0,3,100,0,0,4,0,0,1,22,24,1,24,0,1,2,0,81,1,0
/home/arch_design_predict/download-github-repos/mvvm/repos/amvvm-master/android-mvvm/src/androidTest/java/com/manaschaudhari/android_mvvm/adapters/RecyclerViewAdapterTest.java,com.manaschaudhari.android_mvvm.adapters.RecyclerViewAdapterTest$Anonymous1,anonymous,2,2,0,2,1,1,0,1,0,0.0,NaN,NaN,1,0,1,0,0,0,1,0,0,0,0,0,0,0,0,0,0,0,0,5,1,0,0,0,0,0,0,0,0,0,0,0,0,0,4,-1,0
/home/arch_design_predict/download-github-repos/mvvm/repos/amvvm-master/android-mvvm/src/main/java/com/manaschaudhari/android_mvvm/ViewModel.java,com.manaschaudhari.android_mvvm.ViewModel,interface,0,39,39,0,0,1,0,0,0,0.0,-1.0,-1.0,0,0,0,0,0,0,0,0,0,0,0,0,0,0,0,0,0,0,0,2,0,0,0,0,0,0,0,0,0,0,0,0,0,0,2,1,0
/home/arch_design_predict/download-github-repos/mvvm/repos/amvvm-master/sample/src/main/java/com/manaschaudhari/android_mvvm/sample/ViewProviders.java,com.manaschaudhari.android_mvvm.sample.ViewProviders,class,3,3,0,3,1,1,0,0,0,0.0,NaN,NaN,1,1,1,0,0,0,1,0,0,0,0,0,0,0,0,0,0,0,0,13,1,0,0,0,0,0,0,0,0,0,0,1,0,0,6,1,0
/home/arch_design_predict/download-github-repos/mvvm/repos/amvvm-master/sample/src/main/java/com/manaschaudhari/android_mvvm/sample/calculator_example/CalculatorViewModel.java,com.manaschaudhari.android_mvvm.sample.calculator_example.CalculatorViewModel,class,8,9,1,8,1,1,0,3,0,0.0,NaN,NaN,1,0,1,0,0,0,1,0,0,0,4,0,4,0,0,0,4,0,4,24,0,0,0,0,0,2,0,6,0,6,0,1,0,0,11,1,0
/home/arch_design_predict/download-github-repos/mvvm/repos/amvvm-master/sample/src/main/java/com/manaschaudhari/android_mvvm/sample/utils/RxUtils.java,com.manaschaudhari.android_mvvm.sample.utils.RxUtils,class,7,7,0,7,1,1,0,3,0,0.0,NaN,NaN,1,1,1,0,0,0,1,0,0,0,0,0,0,0,0,0,0,0,0,27,1,0,0,0,0,0,1,1,0,1,0,4,0,0,7,1,0
/home/arch_design_predict/download-github-repos/mvvm/repos/amvvm-master/sample/src/main/java/com/manaschaudhari/android_mvvm/sample/MainViewModel.java,com.manaschaudhari.android_mvvm.sample.MainViewModel,class,4,5,1,4,1,1,0,0,0,0.0,NaN,NaN,1,0,1,0,0,0,1,0,0,0,5,0,4,1,0,0,5,0,0,30,0,0,0,0,0,0,0,5,0,5,0,4,0,0,15,1,0
/home/arch_design_predict/download-github-repos/mvvm/repos/amvvm-master/android-mvvm/src/test/java/com/manaschaudhari/android_mvvm/ReadOnlyFieldTests.java,com.manaschaudhari.android_mvvm.ReadOnlyFieldTests$TestPropertyChangedCallback,innerclass,2,2,0,2,1,2,0,0,0,0.0,NaN,NaN,1,0,1,0,0,0,1,0,0,0,1,0,1,0,0,0,0,0,0,6,0,0,0,0,0,0,0,0,0,1,0,0,0,0,8,1,0
/home/arch_design_predict/download-github-repos/mvvm/repos/amvvm-master/sample/src/main/java/com/manaschaudhari/android_mvvm/sample/calculator_example/BindingAdapters.java,com.manaschaudhari.android_mvvm.sample.calculator_example.BindingAdapters,class,5,6,1,5,12,1,0,2,3,0.0,0.0,0.0,3,3,3,0,0,0,3,0,0,0,0,0,0,0,0,0,0,0,1,36,12,0,1,0,0,2,2,0,0,0,1,0,0,0,14,1,0
/home/arch_design_predict/download-github-repos/mvvm/repos/amvvm-master/sample/src/main/java/com/manaschaudhari/android_mvvm/sample/ViewProviders.java,com.manaschaudhari.android_mvvm.sample.ViewProviders$Anonymous1,anonymous,2,2,0,2,3,1,0,1,0,0.0,NaN,NaN,1,0,1,0,0,0,1,0,0,0,0,0,0,0,0,0,0,0,0,8,2,0,0,0,1,0,1,0,0,0,1,0,0,0,5,-1,0
/home/arch_design_predict/download-github-repos/mvvm/repos/amvvm-master/android-mvvm/src/androidTest/java/com/manaschaudhari/android_mvvm/adapters/ViewPagerAdapterTest.java,com.manaschaudhari.android_mvvm.adapters.ViewPagerAdapterTest$Anonymous1,anonymous,2,2,0,2,1,1,0,1,0,0.0,NaN,NaN,1,0,1,0,0,0,1,0,0,0,0,0,0,0,0,0,0,0,0,5,1,0,0,0,0,0,0,0,0,0,0,0,0,0,4,-1,0
/home/arch_design_predict/download-github-repos/mvvm/repos/amvvm-master/android-mvvm/src/sharedTest/java/com/manaschaudhari/android_mvvm/testutils/SubscriptionCounter.java,com.manaschaudhari.android_mvvm.testutils.SubscriptionCounter,class,6,9,3,6,1,1,0,2,0,1.0,NaN,NaN,1,0,1,0,0,0,1,0,0,0,2,0,2,0,0,0,0,0,0,17,1,0,0,0,0,0,0,0,0,2,0,2,0,0,5,1,0
/home/arch_design_predict/download-github-repos/mvvm/repos/amvvm-master/sample/src/androidTest/java/com/manaschaudhari/android_mvvm/ApplicationTest.java,com.manaschaudhari.android_mvvm.ApplicationTest,class,2,2,0,2,1,2,0,0,0,0.0,NaN,NaN,1,0,1,0,0,0,1,0,0,0,0,0,0,0,0,0,0,0,0,5,0,0,0,0,0,0,0,0,0,0,0,0,0,0,7,1,0
/home/arch_design_predict/download-github-repos/mvvm/repos/amvvm-master/android-mvvm/src/androidTest/java/com/manaschaudhari/android_mvvm/adapters/RecyclerViewAdapterTest.java,com.manaschaudhari.android_mvvm.adapters.RecyclerViewAdapterTest,class,27,27,0,27,14,2,0,24,0,0.73148155,0.56060606,0.6818182,12,2,12,0,0,0,12,0,0,0,9,1,2,7,0,0,1,0,4,120,0,0,2,0,0,1,21,20,1,20,0,2,2,0,74,1,0
/home/arch_design_predict/download-github-repos/mvvm/repos/amvvm-master/sample/src/main/java/com/manaschaudhari/android_mvvm/sample/MainViewModel.java,com.manaschaudhari.android_mvvm.sample.MainViewModel$Anonymous1,anonymous,1,1,0,1,1,1,0,1,0,0.0,NaN,NaN,1,0,1,0,0,0,1,0,0,0,0,0,0,0,0,0,0,0,0,5,0,0,0,0,0,0,0,0,0,0,0,0,0,0,2,-1,0
/home/arch_design_predict/download-github-repos/mvvm/repos/amvvm-master/sample/src/main/java/com/manaschaudhari/android_mvvm/sample/MainViewModel.java,com.manaschaudhari.android_mvvm.sample.MainViewModel$Anonymous2,anonymous,1,1,0,1,1,1,0,1,0,0.0,NaN,NaN,1,0,1,0,0,0,1,0,0,0,0,0,0,0,0,0,0,0,0,5,0,0,0,0,0,0,0,0,0,0,0,0,0,0,2,-1,0
/home/arch_design_predict/download-github-repos/mvvm/repos/amvvm-master/sample/src/main/java/com/manaschaudhari/android_mvvm/sample/MainViewModel.java,com.manaschaudhari.android_mvvm.sample.MainViewModel$Anonymous3,anonymous,1,1,0,1,1,1,0,1,0,0.0,NaN,NaN,1,0,1,0,0,0,1,0,0,0,0,0,0,0,0,0,0,0,0,5,0,0,0,0,0,0,0,0,0,0,0,0,0,0,2,-1,0
/home/arch_design_predict/download-github-repos/mvvm/repos/amvvm-master/sample/src/main/java/com/manaschaudhari/android_mvvm/sample/BaseActivity.java,com.manaschaudhari.android_mvvm.sample.BaseActivity,class,5,9,4,5,2,3,4,0,1,0.0,0.0,0.0,2,0,0,0,2,0,2,0,0,0,0,0,0,0,0,0,0,0,0,34,2,0,0,0,0,0,0,0,0,0,0,2,0,0,7,1025,0
/home/arch_design_predict/download-github-repos/mvvm/repos/amvvm-master/android-mvvm/src/main/java/com/manaschaudhari/android_mvvm/FieldUtils.java,com.manaschaudhari.android_mvvm.FieldUtils,class,6,11,5,6,2,1,0,2,1,0.0,0.0,0.0,2,2,2,0,0,0,2,0,0,0,0,0,0,0,0,0,0,0,1,29,2,0,0,0,0,0,0,0,0,0,0,1,0,0,29,1,0
/home/arch_design_predict/download-github-repos/mvvm/repos/amvvm-master/sample/src/main/java/com/manaschaudhari/android_mvvm/sample/MainViewModel.java,com.manaschaudhari.android_mvvm.sample.MainViewModel$Anonymous4,anonymous,1,1,0,1,1,1,0,1,0,0.0,NaN,NaN,1,0,1,0,0,0,1,0,0,0,0,0,0,0,0,0,0,0,0,5,0,0,0,0,0,0,0,0,0,0,0,0,0,0,2,-1,0
/home/arch_design_predict/download-github-repos/mvvm/repos/amvvm-master/rxjava-compat/src/androidTest/java/com/manaschaudhari/android_mvvm/rxjava/BindingTestViewModel.java,com.manaschaudhari.android_mvvm.rxjava.BindingTestViewModel$EmptyViewModel,innerclass,1,1,0,1,0,1,0,0,0,0.0,-1.0,-1.0,0,0,0,0,0,0,0,0,0,0,0,0,0,0,0,0,0,0,0,2,0,0,0,0,0,0,0,0,0,0,0,0,0,0,3,9,0
/home/arch_design_predict/download-github-repos/mvvm/repos/amvvm-master/sample/src/main/java/com/manaschaudhari/android_mvvm/sample/two_way_binding/rxjava/SearchViewModel.java,com.manaschaudhari.android_mvvm.sample.two_way_binding.rxjava.SearchViewModel,class,8,8,0,8,1,1,0,2,0,0.0,NaN,NaN,1,0,1,0,0,0,1,0,0,0,3,0,3,0,0,0,3,0,0,28,0,0,0,0,0,1,0,3,0,3,0,2,0,0,13,1,0
/home/arch_design_predict/download-github-repos/mvvm/repos/amvvm-master/android-mvvm/src/main/java/com/manaschaudhari/android_mvvm/adapters/RecyclerViewAdapter.java,com.manaschaudhari.android_mvvm.adapters.RecyclerViewAdapter$Anonymous1,anonymous,1,1,0,1,2,1,0,1,0,0.0,NaN,NaN,1,0,1,0,0,0,1,0,0,0,0,0,0,0,0,0,0,0,0,6,0,0,1,0,0,0,0,1,0,0,0,0,0,0,11,-1,0
/home/arch_design_predict/download-github-repos/mvvm/repos/amvvm-master/android-mvvm/src/main/java/com/manaschaudhari/android_mvvm/adapters/RecyclerViewAdapter.java,com.manaschaudhari.android_mvvm.adapters.RecyclerViewAdapter,class,13,15,2,13,10,2,0,19,10,0.7,0.32142857,0.75,8,0,8,0,0,0,8,0,0,0,5,0,0,5,0,0,4,0,0,54,3,0,1,0,0,0,0,7,0,7,1,1,1,0,34,1,0
/home/arch_design_predict/download-github-repos/mvvm/repos/amvvm-master/sample/src/test/java/com/manaschaudhari/android_mvvm/ExampleUnitTest.java,com.manaschaudhari.android_mvvm.ExampleUnitTest,class,1,1,0,1,1,1,0,1,0,0.0,NaN,NaN,1,0,1,0,0,0,1,0,0,0,0,0,0,0,0,0,0,0,0,5,0,0,0,0,0,0,3,0,1,0,0,0,0,0,18,1,0
/home/arch_design_predict/download-github-repos/mvvm/repos/amvvm-master/sample/src/main/java/com/manaschaudhari/android_mvvm/sample/utils/RxUtils.java,com.manaschaudhari.android_mvvm.sample.utils.RxUtils$Anonymous2,anonymous,2,2,0,2,1,1,0,0,0,0.0,NaN,NaN,1,0,1,0,0,0,1,0,0,0,0,0,0,0,0,0,0,0,0,5,1,0,0,0,0,0,0,0,0,0,0,0,0,0,6,-1,0
/home/arch_design_predict/download-github-repos/mvvm/repos/amvvm-master/android-mvvm/src/main/java/com/manaschaudhari/android_mvvm/ReadOnlyField.java,com.manaschaudhari.android_mvvm.ReadOnlyField$Anonymous1,anonymous,1,1,0,1,1,1,0,1,0,0.0,NaN,NaN,1,0,1,0,0,0,1,0,0,0,0,0,0,0,0,0,0,0,0,5,0,0,0,0,0,0,0,0,0,0,0,0,0,0,4,-1,0
/home/arch_design_predict/download-github-repos/mvvm/repos/amvvm-master/sample/src/main/java/com/manaschaudhari/android_mvvm/sample/utils/RxUtils.java,com.manaschaudhari.android_mvvm.sample.utils.RxUtils$Anonymous1,anonymous,0,0,0,0,1,1,0,2,0,0.0,NaN,NaN,1,0,1,0,0,0,1,0,0,0,0,0,0,0,0,0,0,0,0,6,1,0,0,0,0,0,1,0,1,0,0,0,0,0,4,-1,0
/home/arch_design_predict/download-github-repos/mvvm/repos/amvvm-master/android-mvvm/src/main/java/com/manaschaudhari/android_mvvm/ReadOnlyField.java,com.manaschaudhari.android_mvvm.ReadOnlyField$Anonymous2,anonymous,0,0,0,0,1,1,0,1,0,0.0,NaN,NaN,1,0,1,0,0,0,1,0,0,0,0,0,0,0,0,0,0,0,0,5,0,0,0,0,0,2,0,0,0,0,0,0,0,0,6,-1,0
/home/arch_design_predict/download-github-repos/mvvm/repos/amvvm-master/sample/src/main/java/com/manaschaudhari/android_mvvm/sample/calculator_example/Calculator.java,com.manaschaudhari.android_mvvm.sample.calculator_example.Calculator,class,3,5,2,3,6,1,0,0,0,0.0,NaN,NaN,1,0,1,0,0,0,1,0,0,0,0,0,0,0,0,0,0,0,0,21,6,0,1,0,0,0,1,0,4,0,2,0,1,0,13,1,0
/home/arch_design_predict/download-github-repos/mvvm/repos/amvvm-master/sample/src/main/java/com/manaschaudhari/android_mvvm/sample/utils/RxUtils.java,com.manaschaudhari.android_mvvm.sample.utils.RxUtils$Anonymous4,anonymous,0,0,0,0,2,1,0,0,0,0.0,NaN,NaN,1,0,1,0,0,0,1,0,0,0,0,0,0,0,0,0,0,0,0,5,1,0,0,0,0,0,1,0,0,0,0,0,0,0,5,-1,0
/home/arch_design_predict/download-github-repos/mvvm/repos/amvvm-master/sample/src/main/java/com/manaschaudhari/android_mvvm/sample/utils/RxUtils.java,com.manaschaudhari.android_mvvm.sample.utils.RxUtils$Anonymous3,anonymous,0,0,0,0,1,1,0,2,0,0.0,NaN,NaN,1,0,1,0,0,0,1,0,0,0,0,0,0,0,0,0,0,0,0,5,0,0,0,0,0,0,1,0,1,0,0,0,0,0,4,-1,0
/home/arch_design_predict/download-github-repos/mvvm/repos/amvvm-master/sample/src/main/java/com/manaschaudhari/android_mvvm/sample/functional/DataLoadingViewModel.java,com.manaschaudhari.android_mvvm.sample.functional.DataLoadingViewModel$Anonymous3,anonymous,2,2,0,2,1,1,0,1,0,0.0,NaN,NaN,1,0,1,0,0,0,1,0,0,0,0,0,0,0,0,0,0,0,0,5,1,0,0,0,0,0,0,0,0,0,0,0,0,0,5,-1,0
/home/arch_design_predict/download-github-repos/mvvm/repos/amvvm-master/android-mvvm/src/main/java/com/manaschaudhari/android_mvvm/utils/Preconditions.java,com.manaschaudhari.android_mvvm.utils.Preconditions,class,1,3,2,1,2,1,0,0,0,0.0,NaN,NaN,1,1,1,0,0,0,1,0,0,0,0,0,0,0,0,0,0,0,0,7,0,0,1,0,0,1,0,0,1,0,1,0,0,0,16,1,0
/home/arch_design_predict/download-github-repos/mvvm/repos/amvvm-master/sample/src/main/java/com/manaschaudhari/android_mvvm/sample/functional/DataLoadingViewModel.java,com.manaschaudhari.android_mvvm.sample.functional.DataLoadingViewModel$Anonymous2,anonymous,2,2,0,2,1,1,0,1,0,0.0,NaN,NaN,1,0,1,0,0,0,1,0,0,0,0,0,0,0,0,0,0,0,0,5,1,0,0,0,0,0,0,0,0,0,0,0,0,0,5,-1,0
/home/arch_design_predict/download-github-repos/mvvm/repos/amvvm-master/sample/src/main/java/com/manaschaudhari/android_mvvm/sample/functional/DataLoadingViewModel.java,com.manaschaudhari.android_mvvm.sample.functional.DataLoadingViewModel$Anonymous4,anonymous,2,2,0,2,1,1,0,1,0,0.0,NaN,NaN,1,0,1,0,0,0,1,0,0,0,0,0,0,0,0,0,0,0,0,5,1,0,0,0,0,0,0,0,0,0,0,0,0,0,5,-1,0
/home/arch_design_predict/download-github-repos/mvvm/repos/amvvm-master/sample/src/main/java/com/manaschaudhari/android_mvvm/sample/adapters/ItemListViewModel.java,com.manaschaudhari.android_mvvm.sample.adapters.ItemListViewModel,class,8,9,1,8,2,1,0,3,0,0.0,0.0,0.0,1,0,1,0,0,0,2,0,0,0,2,1,1,1,0,0,2,0,0,23,0,0,0,0,0,3,0,3,0,3,0,1,0,0,27,1,0
/home/arch_design_predict/download-github-repos/mvvm/repos/amvvm-master/sample/src/main/java/com/manaschaudhari/android_mvvm/sample/functional/DataLoadingViewModel.java,com.manaschaudhari.android_mvvm.sample.functional.DataLoadingViewModel$Anonymous1,anonymous,2,2,0,2,2,1,0,1,0,0.0,NaN,NaN,1,0,1,0,0,0,1,0,0,0,0,0,0,0,0,0,0,0,0,5,1,0,0,0,0,1,0,0,0,0,0,0,0,0,4,-1,0
/home/arch_design_predict/download-github-repos/mvvm/repos/amvvm-master/android-mvvm/src/main/java/com/manaschaudhari/android_mvvm/adapters/ViewPagerAdapter.java,com.manaschaudhari.android_mvvm.adapters.ViewPagerAdapter,class,12,15,3,12,8,2,2,17,11,0.6785714,0.23809524,0.47619048,7,0,7,0,0,0,7,0,0,0,4,0,0,4,0,0,3,0,0,43,5,0,1,0,1,0,0,8,0,8,0,1,0,0,32,1,0
/home/arch_design_predict/download-github-repos/mvvm/repos/amvvm-master/android-mvvm/src/main/java/com/manaschaudhari/android_mvvm/adapters/Connectable.java,com.manaschaudhari.android_mvvm.adapters.Connectable,interface,1,3,2,1,1,1,0,0,0,0.0,NaN,NaN,1,0,0,0,0,1,1,0,0,0,0,0,0,0,0,0,0,0,0,3,0,0,0,0,0,0,0,0,0,0,0,0,0,0,3,1,0
/home/arch_design_predict/download-github-repos/mvvm/repos/amvvm-master/rxjava-compat/src/main/java/com/manaschaudhari/android_mvvm/rxjava/RxJavaBindingUtils.java,com.manaschaudhari.android_mvvm.rxjava.RxJavaBindingUtils$Anonymous1,anonymous,2,2,0,2,1,1,0,0,0,0.0,NaN,NaN,1,0,1,0,0,0,1,0,0,0,0,0,0,0,0,0,0,0,0,5,1,0,0,0,0,0,0,0,0,0,0,0,0,0,3,-1,0
/home/arch_design_predict/download-github-repos/mvvm/repos/amvvm-master/sample/src/main/java/com/manaschaudhari/android_mvvm/sample/two_way_binding/SearchViewModel.java,com.manaschaudhari.android_mvvm.sample.two_way_binding.SearchViewModel,class,9,10,1,9,1,1,0,2,0,0.0,NaN,NaN,1,0,1,0,0,0,1,0,0,0,3,0,3,0,0,0,3,0,1,28,0,0,0,0,0,1,0,3,0,3,0,2,0,0,13,1,0
/home/arch_design_predict/download-github-repos/mvvm/repos/amvvm-master/rxjava-compat/src/androidTest/java/com/manaschaudhari/android_mvvm/rxjava/DummyTest.java,com.manaschaudhari.android_mvvm.rxjava.DummyTest,class,3,3,0,3,1,1,0,0,0,0.0,NaN,NaN,1,0,1,0,0,0,1,0,0,0,0,0,0,0,0,0,0,0,0,4,0,0,0,0,0,0,0,0,0,0,0,0,0,0,12,1,0
/home/arch_design_predict/download-github-repos/mvvm/repos/amvvm-master/android-mvvm/src/sharedTest/java/com/manaschaudhari/android_mvvm/testutils/SubscriptionCounter.java,com.manaschaudhari.android_mvvm.testutils.SubscriptionCounter$Anonymous1,anonymous,1,1,0,1,1,1,0,0,0,0.0,NaN,NaN,1,0,1,0,0,0,1,0,0,0,0,0,0,0,0,0,0,0,0,5,0,0,0,0,0,0,0,0,0,0,0,0,0,0,5,-1,0
/home/arch_design_predict/download-github-repos/mvvm/repos/amvvm-master/sample/src/main/java/com/manaschaudhari/android_mvvm/sample/functional/DataService.java,com.manaschaudhari.android_mvvm.sample.functional.DataService$Anonymous1,anonymous,2,2,0,2,3,1,0,6,0,0.0,NaN,NaN,1,0,1,0,0,0,1,0,0,0,0,0,0,0,0,0,0,0,3,16,0,0,0,1,0,2,1,0,0,0,1,0,0,0,10,-1,0
/home/arch_design_predict/download-github-repos/mvvm/repos/amvvm-master/android-mvvm/src/sharedTest/java/com/manaschaudhari/android_mvvm/testutils/SubscriptionCounter.java,com.manaschaudhari.android_mvvm.testutils.SubscriptionCounter$Anonymous2,anonymous,0,0,0,0,1,1,0,0,0,0.0,NaN,NaN,1,0,1,0,0,0,1,0,0,0,0,0,0,0,0,0,0,0,0,5,0,0,0,0,0,0,0,0,0,0,0,0,0,0,3,-1,0
/home/arch_design_predict/download-github-repos/mvvm/repos/amvvm-master/rxjava-compat/src/main/java/com/manaschaudhari/android_mvvm/rxjava/RxJavaBindingUtils.java,com.manaschaudhari.android_mvvm.rxjava.RxJavaBindingUtils,class,7,7,0,7,2,1,0,2,0,0.0,NaN,NaN,1,1,1,0,0,0,1,0,0,0,0,0,0,0,0,0,0,0,0,10,1,0,1,0,0,0,0,0,0,0,0,1,0,0,12,1,0
/home/arch_design_predict/download-github-repos/mvvm/repos/amvvm-master/android-mvvm/src/androidTest/java/com/manaschaudhari/android_mvvm/adapters/RecyclerViewAdapterTest.java,com.manaschaudhari.android_mvvm.adapters.RecyclerViewAdapterTest$TestViewProvider,innerclass,3,3,0,3,2,1,0,0,0,0.0,NaN,NaN,1,0,1,0,0,0,1,0,0,0,0,0,0,0,0,0,0,0,0,8,2,0,0,0,1,0,1,0,0,0,1,0,0,0,6,9,0
/home/arch_design_predict/download-github-repos/mvvm/repos/amvvm-master/android-mvvm/src/main/java/com/manaschaudhari/android_mvvm/FieldUtils.java,com.manaschaudhari.android_mvvm.FieldUtils$Anonymous1,anonymous,4,4,0,4,2,1,0,4,0,0.0,NaN,NaN,1,0,1,0,0,0,1,0,0,0,0,0,0,0,0,0,0,0,0,21,0,0,1,0,0,0,0,2,0,2,1,2,0,0,13,-1,0
/home/arch_design_predict/download-github-repos/mvvm/repos/amvvm-master/sample/src/main/java/com/manaschaudhari/android_mvvm/sample/Navigator.java,com.manaschaudhari.android_mvvm.sample.Navigator,interface,1,12,11,1,5,1,0,0,10,0.0,0.0,0.0,5,0,0,0,0,5,5,0,0,0,0,0,0,0,0,0,0,0,0,7,0,0,0,0,0,0,0,0,0,0,0,0,0,0,15,1,0
/home/arch_design_predict/download-github-repos/mvvm/repos/amvvm-master/android-mvvm/src/main/java/com/manaschaudhari/android_mvvm/adapters/ViewProvider.java,com.manaschaudhari.android_mvvm.adapters.ViewProvider,interface,2,13,11,2,1,1,0,0,0,0.0,NaN,NaN,1,0,0,0,0,1,1,0,0,0,0,0,0,0,0,0,0,0,0,3,0,0,0,0,0,0,0,0,0,0,0,0,0,0,5,1,0
/home/arch_design_predict/download-github-repos/mvvm/repos/amvvm-master/android-mvvm/src/androidTest/java/com/manaschaudhari/android_mvvm/ApplicationTest.java,ApplicationTest,class,2,2,0,2,1,1,0,0,0,0.0,NaN,NaN,1,0,1,0,0,0,1,0,0,0,0,0,0,0,0,0,0,0,0,5,0,0,0,0,0,0,0,0,0,0,0,0,0,0,7,1,0
/home/arch_design_predict/download-github-repos/mvvm/repos/amvvm-master/sample/src/main/java/com/manaschaudhari/android_mvvm/sample/Item.java,com.manaschaudhari.android_mvvm.sample.Item,class,1,8,7,1,1,1,0,0,0,0.0,NaN,NaN,1,0,1,0,0,0,1,0,0,0,1,0,1,0,0,0,1,0,0,6,0,0,0,0,0,0,0,1,0,1,0,0,0,0,2,1,0
/home/arch_design_predict/download-github-repos/mvvm/repos/amvvm-master/android-mvvm/src/androidTest/java/com/manaschaudhari/android_mvvm/BindingTestViewModel.java,com.manaschaudhari.android_mvvm.BindingTestViewModel,class,4,4,0,4,0,1,0,0,0,NaN,-1.0,-1.0,0,0,0,0,0,0,0,0,0,0,5,0,5,0,0,0,0,0,0,7,0,0,0,0,0,0,0,0,0,5,0,0,0,0,12,1,0
/home/arch_design_predict/download-github-repos/mvvm/repos/amvvm-master/android-mvvm/src/main/java/com/manaschaudhari/android_mvvm/adapters/ViewModelBinder.java,com.manaschaudhari.android_mvvm.adapters.ViewModelBinder,interface,2,9,7,2,1,1,0,0,0,0.0,NaN,NaN,1,0,0,0,0,1,1,0,0,0,0,0,0,0,0,0,0,0,0,3,0,0,0,0,0,0,0,0,0,0,0,0,0,0,7,1,0
/home/arch_design_predict/download-github-repos/mvvm/repos/amvvm-master/sample/src/main/java/com/manaschaudhari/android_mvvm/sample/adapters/ItemListActivity.java,com.manaschaudhari.android_mvvm.sample.adapters.ItemListActivity,class,4,5,1,4,2,4,0,2,1,0.0,0.0,0.0,2,0,0,0,2,0,2,0,0,0,0,0,0,0,0,0,0,0,0,8,2,0,0,0,0,0,0,0,0,0,0,0,0,0,12,1,0
/home/arch_design_predict/download-github-repos/mvvm/repos/amvvm-master/sample/src/main/java/com/manaschaudhari/android_mvvm/sample/functional/Result.java,com.manaschaudhari.android_mvvm.sample.functional.Result,class,2,10,8,2,13,1,0,0,0,0.42857143,0.4,0.6666667,7,3,6,1,0,0,6,0,0,0,2,0,2,0,0,0,2,0,0,29,6,0,6,0,0,1,0,2,0,2,1,0,0,0,18,1,0
/home/arch_design_predict/download-github-repos/mvvm/repos/amvvm-master/rxjava-compat/src/main/java/com/manaschaudhari/android_mvvm/rxjava/FieldUtils.java,com.manaschaudhari.android_mvvm.rxjava.FieldUtils,class,6,6,0,6,2,1,0,4,1,0.0,0.0,0.0,2,2,2,0,0,0,2,0,0,0,0,0,0,0,0,0,0,0,2,8,2,0,0,0,0,0,0,0,0,0,0,0,0,0,19,1,0
/home/arch_design_predict/download-github-repos/mvvm/repos/amvvm-master/sample/src/main/java/com/manaschaudhari/android_mvvm/sample/adapters/MessageHelper.java,com.manaschaudhari.android_mvvm.sample.adapters.MessageHelper,interface,0,6,6,0,1,1,0,0,0,0.0,NaN,NaN,1,0,0,0,0,1,1,0,0,0,0,0,0,0,0,0,0,0,0,3,0,0,0,0,0,0,0,0,0,0,0,0,0,0,4,1,0
