file,class,method,constructor,line,cbo,cboModified,fanin,fanout,wmc,rfc,loc,returnsQty,variablesQty,parametersQty,methodsInvokedQty,methodsInvokedLocalQty,methodsInvokedIndirectLocalQty,loopQty,comparisonsQty,tryCatchQty,parenthesizedExpsQty,stringLiteralsQty,numbersQty,assignmentsQty,mathOperationsQty,maxNestedBlocksQty,anonymousClassesQty,innerClassesQty,lambdasQty,uniqueWordsQty,modifiers,logStatementsQty,hasJavaDoc
/home/arch_design_predict/download-github-repos/mvvm/repos/amvvm-master/sample/src/main/java/com/manaschaudhari/android_mvvm/sample/calculator_example/CalculatorActivity.java,com.manaschaudhari.android_mvvm.sample.calculator_example.CalculatorActivity,getLayoutId/0,false,34,0,0,0,0,1,0,3,1,0,0,0,0,0,0,0,0,0,0,0,0,0,0,0,0,0,3,4,0,false
/home/arch_design_predict/download-github-repos/mvvm/repos/amvvm-master/sample/src/main/java/com/manaschaudhari/android_mvvm/sample/calculator_example/CalculatorActivity.java,com.manaschaudhari.android_mvvm.sample.calculator_example.CalculatorActivity,createViewModel/0,false,29,3,1,0,1,1,0,3,1,0,0,0,0,0,0,0,0,0,0,0,0,0,0,0,0,0,4,4,0,false
/home/arch_design_predict/download-github-repos/mvvm/repos/amvvm-master/android-mvvm/src/test/java/com/manaschaudhari/android_mvvm/ReadOnlyFieldTests.java,com.manaschaudhari.android_mvvm.ReadOnlyFieldTests,valueUpdates_OnAddingCallback/0,false,49,3,2,0,2,1,5,9,0,1,0,5,0,0,0,0,0,0,0,4,1,0,0,0,0,0,21,1,0,false
/home/arch_design_predict/download-github-repos/mvvm/repos/amvvm-master/android-mvvm/src/test/java/com/manaschaudhari/android_mvvm/ReadOnlyFieldTests.java,com.manaschaudhari.android_mvvm.ReadOnlyFieldTests,noSubscription_initially/0,false,62,1,0,0,0,1,1,3,0,0,0,1,0,0,0,0,0,0,0,1,0,0,0,0,0,0,6,1,0,false
/home/arch_design_predict/download-github-repos/mvvm/repos/amvvm-master/android-mvvm/src/test/java/com/manaschaudhari/android_mvvm/ReadOnlyFieldTests.java,com.manaschaudhari.android_mvvm.ReadOnlyFieldTests,singleSubscription_forMultipleCallbacks/0,false,76,3,2,0,2,1,2,6,0,1,0,2,0,0,0,0,0,0,0,1,1,0,0,0,0,0,13,1,0,false
/home/arch_design_predict/download-github-repos/mvvm/repos/amvvm-master/android-mvvm/src/test/java/com/manaschaudhari/android_mvvm/ReadOnlyFieldTests.java,com.manaschaudhari.android_mvvm.ReadOnlyFieldTests,noSubscription_afterRemovingCallback/0,false,67,3,3,0,3,1,3,6,0,1,0,3,0,0,0,0,0,0,0,1,1,1,0,0,0,0,12,1,0,false
/home/arch_design_predict/download-github-repos/mvvm/repos/amvvm-master/android-mvvm/src/test/java/com/manaschaudhari/android_mvvm/ReadOnlyFieldTests.java,com.manaschaudhari.android_mvvm.ReadOnlyFieldTests,setUp/0,false,41,4,2,0,2,1,3,6,0,1,0,3,0,0,0,0,0,0,0,0,4,0,0,0,0,0,17,1,0,false
/home/arch_design_predict/download-github-repos/mvvm/repos/amvvm-master/android-mvvm/src/test/java/com/manaschaudhari/android_mvvm/ReadOnlyFieldTests.java,com.manaschaudhari.android_mvvm.ReadOnlyFieldTests,errorIsHandled/0,false,85,3,2,0,2,1,4,5,0,0,0,4,0,0,0,0,0,0,0,0,0,0,0,0,0,0,11,1,0,false
/home/arch_design_predict/download-github-repos/mvvm/repos/amvvm-master/sample/src/main/java/com/manaschaudhari/android_mvvm/sample/adapters/ItemListViewModel.java,com.manaschaudhari.android_mvvm.sample.adapters.ItemListViewModel$Anonymous1,apply/1[java.util.List<com.manaschaudhari.android_mvvm.sample.Item>],false,53,2,1,0,1,2,1,7,1,1,1,1,0,0,1,0,0,0,0,0,1,0,1,0,0,0,8,1,0,false
/home/arch_design_predict/download-github-repos/mvvm/repos/amvvm-master/android-mvvm/src/androidTest/java/com/manaschaudhari/android_mvvm/adapters/ViewPagerAdapterTest.java,com.manaschaudhari.android_mvvm.adapters.ViewPagerAdapterTest$TestViewPagerAdapter,"TestViewPagerAdapter/3[com.manaschaudhari.android_mvvm.adapters.Observable<java.util.List<com.manaschaudhari.android_mvvm.ViewModel>>,com.manaschaudhari.android_mvvm.adapters.ViewProvider,com.manaschaudhari.android_mvvm.adapters.ViewModelBinder]",true,195,4,1,1,0,1,0,3,0,0,3,0,0,0,0,0,0,0,0,0,0,0,0,0,0,0,5,1,0,false
/home/arch_design_predict/download-github-repos/mvvm/repos/amvvm-master/android-mvvm/src/androidTest/java/com/manaschaudhari/android_mvvm/adapters/ViewPagerAdapterTest.java,com.manaschaudhari.android_mvvm.adapters.ViewPagerAdapterTest$TestViewPagerAdapter,notifyDataSetChanged/0,false,200,0,0,0,0,1,1,4,0,0,0,1,0,0,0,0,0,0,0,0,0,0,0,0,0,0,5,1,0,false
/home/arch_design_predict/download-github-repos/mvvm/repos/amvvm-master/android-mvvm/src/main/java/com/manaschaudhari/android_mvvm/adapters/ViewPagerAdapter.java,com.manaschaudhari.android_mvvm.adapters.ViewPagerAdapter$Anonymous1,accept/1[java.util.List<com.manaschaudhari.android_mvvm.ViewModel>],false,56,1,0,0,0,2,1,4,0,0,1,1,0,0,0,1,0,1,0,0,1,0,0,0,0,0,11,1,0,false
/home/arch_design_predict/download-github-repos/mvvm/repos/amvvm-master/sample/src/main/java/com/manaschaudhari/android_mvvm/sample/functional/DataLoadingActivity.java,com.manaschaudhari.android_mvvm.sample.functional.DataLoadingActivity,getLayoutId/0,false,34,0,0,0,0,1,0,3,1,0,0,0,0,0,0,0,0,0,0,0,0,0,0,0,0,0,3,4,0,false
/home/arch_design_predict/download-github-repos/mvvm/repos/amvvm-master/sample/src/main/java/com/manaschaudhari/android_mvvm/sample/functional/DataLoadingActivity.java,com.manaschaudhari.android_mvvm.sample.functional.DataLoadingActivity,createViewModel/0,false,29,4,2,0,2,1,0,3,1,0,0,0,0,0,0,0,0,0,0,0,0,0,0,0,0,0,6,4,0,false
/home/arch_design_predict/download-github-repos/mvvm/repos/amvvm-master/android-mvvm/src/test/java/com/manaschaudhari/android_mvvm/FieldUtilsTest.java,com.manaschaudhari.android_mvvm.FieldUtilsTest,doesNotEmitInitialNull/0,false,51,3,1,0,1,1,4,4,0,0,0,4,0,0,0,0,0,0,0,0,1,0,0,0,0,0,11,1,0,false
/home/arch_design_predict/download-github-repos/mvvm/repos/amvvm-master/android-mvvm/src/test/java/com/manaschaudhari/android_mvvm/FieldUtilsTest.java,com.manaschaudhari.android_mvvm.FieldUtilsTest,emitsUpdates/0,false,59,1,0,0,0,1,3,5,0,0,0,3,0,0,0,0,0,0,0,2,0,0,0,0,0,0,5,1,0,false
/home/arch_design_predict/download-github-repos/mvvm/repos/amvvm-master/android-mvvm/src/test/java/com/manaschaudhari/android_mvvm/FieldUtilsTest.java,com.manaschaudhari.android_mvvm.FieldUtilsTest,setUp/0,false,37,4,1,0,1,1,1,5,0,0,0,1,0,0,0,0,0,0,0,0,3,0,0,0,0,0,19,1,0,false
/home/arch_design_predict/download-github-repos/mvvm/repos/amvvm-master/android-mvvm/src/test/java/com/manaschaudhari/android_mvvm/FieldUtilsTest.java,com.manaschaudhari.android_mvvm.FieldUtilsTest,emitsInitialValue/0,false,44,1,0,0,0,1,2,4,0,0,0,2,0,0,0,0,0,0,0,0,0,0,0,0,0,0,15,1,0,false
/home/arch_design_predict/download-github-repos/mvvm/repos/amvvm-master/sample/src/main/java/com/manaschaudhari/android_mvvm/sample/two_way_binding/SearchViewModel.java,com.manaschaudhari.android_mvvm.sample.two_way_binding.SearchViewModel$Anonymous1,apply/1[java.lang.String],false,47,3,2,0,2,3,3,10,1,2,1,3,0,0,1,0,0,0,1,1,2,0,2,0,0,0,9,1,0,false
/home/arch_design_predict/download-github-repos/mvvm/repos/amvvm-master/sample/src/main/java/com/manaschaudhari/android_mvvm/sample/two_way_binding/SearchViewModel.java,com.manaschaudhari.android_mvvm.sample.two_way_binding.SearchViewModel$Anonymous2,run/0,false,61,0,6,0,6,1,4,5,0,2,0,4,0,0,0,0,0,0,1,4,2,1,0,0,0,0,5,1,0,false
/home/arch_design_predict/download-github-repos/mvvm/repos/amvvm-master/android-mvvm/src/main/java/com/manaschaudhari/android_mvvm/utils/BindingUtils.java,com.manaschaudhari.android_mvvm.utils.BindingUtils,"bindAdapterWithDefaultBinder/3[com.manaschaudhari.android_mvvm.utils.RecyclerView,com.manaschaudhari.android_mvvm.utils.Observable<java.util.List<com.manaschaudhari.android_mvvm.ViewModel>>,com.manaschaudhari.android_mvvm.adapters.ViewProvider]",false,85,10,5,2,3,3,2,8,0,1,3,2,1,1,0,2,0,0,3,0,2,0,1,0,0,0,12,9,0,false
/home/arch_design_predict/download-github-repos/mvvm/repos/amvvm-master/android-mvvm/src/main/java/com/manaschaudhari/android_mvvm/utils/BindingUtils.java,com.manaschaudhari.android_mvvm.utils.BindingUtils,"bindAdapterWithDefaultBinder/3[com.manaschaudhari.android_mvvm.utils.ViewPager,com.manaschaudhari.android_mvvm.utils.Observable<java.util.List<com.manaschaudhari.android_mvvm.ViewModel>>,com.manaschaudhari.android_mvvm.adapters.ViewProvider]",false,95,10,3,0,3,3,2,8,0,1,3,2,1,1,0,2,0,0,3,0,2,0,1,0,0,0,12,9,0,false
/home/arch_design_predict/download-github-repos/mvvm/repos/amvvm-master/android-mvvm/src/main/java/com/manaschaudhari/android_mvvm/utils/BindingUtils.java,com.manaschaudhari.android_mvvm.utils.BindingUtils,getViewProviderForStaticLayout/1[int],false,106,5,1,0,1,1,0,8,1,0,1,0,0,0,0,0,0,0,0,0,0,0,0,1,0,0,10,9,0,false
/home/arch_design_predict/download-github-repos/mvvm/repos/amvvm-master/android-mvvm/src/main/java/com/manaschaudhari/android_mvvm/utils/BindingUtils.java,com.manaschaudhari.android_mvvm.utils.BindingUtils,toGenericList/1[com.manaschaudhari.android_mvvm.utils.Observable<java.util.List<T>>],false,117,6,0,0,0,2,1,8,1,0,1,1,0,0,0,1,0,0,0,0,0,0,0,1,0,0,10,9,0,false
/home/arch_design_predict/download-github-repos/mvvm/repos/amvvm-master/android-mvvm/src/main/java/com/manaschaudhari/android_mvvm/utils/BindingUtils.java,com.manaschaudhari.android_mvvm.utils.BindingUtils,setDefaultBinder/1[com.manaschaudhari.android_mvvm.adapters.ViewModelBinder],false,55,2,1,1,0,1,0,3,0,0,1,0,0,0,0,0,0,0,0,0,1,0,0,0,0,0,7,9,0,false
/home/arch_design_predict/download-github-repos/mvvm/repos/amvvm-master/android-mvvm/src/main/java/com/manaschaudhari/android_mvvm/utils/BindingUtils.java,com.manaschaudhari.android_mvvm.utils.BindingUtils,"bindLayoutManager/2[com.manaschaudhari.android_mvvm.utils.RecyclerView,boolean]",false,136,4,0,0,0,2,2,4,0,1,2,2,0,0,0,0,0,0,1,0,1,0,0,0,0,0,8,9,0,false
/home/arch_design_predict/download-github-repos/mvvm/repos/amvvm-master/android-mvvm/src/main/java/com/manaschaudhari/android_mvvm/utils/BindingUtils.java,com.manaschaudhari.android_mvvm.utils.BindingUtils,"bindAdapter/2[com.manaschaudhari.android_mvvm.utils.RecyclerView,RecyclerView.Adapter]",false,80,5,0,0,0,1,1,3,0,0,2,1,0,0,0,0,0,0,1,0,0,0,0,0,0,0,5,9,0,false
/home/arch_design_predict/download-github-repos/mvvm/repos/amvvm-master/android-mvvm/src/main/java/com/manaschaudhari/android_mvvm/utils/BindingUtils.java,com.manaschaudhari.android_mvvm.utils.BindingUtils,toListObservable/1[java.util.List<T>],false,128,5,0,0,0,2,1,3,1,0,1,1,0,0,0,1,0,0,0,0,0,0,0,0,0,0,7,9,0,false
/home/arch_design_predict/download-github-repos/mvvm/repos/amvvm-master/android-mvvm/src/main/java/com/manaschaudhari/android_mvvm/utils/BindingUtils.java,com.manaschaudhari.android_mvvm.utils.BindingUtils,getDefaultBinder/0,false,51,2,1,1,0,1,0,3,1,0,0,0,0,0,0,0,0,0,0,0,0,0,0,0,0,0,6,9,0,false
/home/arch_design_predict/download-github-repos/mvvm/repos/amvvm-master/android-mvvm/src/main/java/com/manaschaudhari/android_mvvm/utils/BindingUtils.java,com.manaschaudhari.android_mvvm.utils.BindingUtils,"bindAdapter/2[com.manaschaudhari.android_mvvm.utils.ViewPager,com.manaschaudhari.android_mvvm.utils.PagerAdapter]",false,60,7,3,2,1,7,7,14,0,2,2,7,0,0,0,3,0,1,1,0,2,0,2,0,0,0,10,9,0,false
/home/arch_design_predict/download-github-repos/mvvm/repos/amvvm-master/sample/src/main/java/com/manaschaudhari/android_mvvm/sample/ItemDetailsActivity.java,com.manaschaudhari.android_mvvm.sample.ItemDetailsActivity,onCreate/1[com.manaschaudhari.android_mvvm.sample.Bundle],false,25,1,0,0,0,1,3,5,0,0,1,3,0,0,0,0,0,0,1,0,0,0,0,0,0,0,10,4,0,false
/home/arch_design_predict/download-github-repos/mvvm/repos/amvvm-master/android-mvvm/src/main/java/com/manaschaudhari/android_mvvm/MvvmActivity.java,com.manaschaudhari.android_mvvm.MvvmActivity,onDestroy/0,false,45,2,2,0,2,1,4,5,0,0,0,4,1,1,0,0,0,0,0,0,0,0,0,0,0,0,5,4,0,false
/home/arch_design_predict/download-github-repos/mvvm/repos/amvvm-master/android-mvvm/src/main/java/com/manaschaudhari/android_mvvm/MvvmActivity.java,com.manaschaudhari.android_mvvm.MvvmActivity,createViewModel/0,false,58,2,1,1,0,1,0,1,0,0,0,0,0,0,0,0,0,0,0,0,0,0,0,0,0,0,3,1028,0,false
/home/arch_design_predict/download-github-repos/mvvm/repos/amvvm-master/android-mvvm/src/main/java/com/manaschaudhari/android_mvvm/MvvmActivity.java,com.manaschaudhari.android_mvvm.MvvmActivity,onCreate/1[com.manaschaudhari.android_mvvm.Bundle],false,38,3,4,0,4,1,6,5,0,0,1,6,3,1,0,0,0,0,0,0,1,0,0,0,0,0,10,4,0,false
/home/arch_design_predict/download-github-repos/mvvm/repos/amvvm-master/android-mvvm/src/main/java/com/manaschaudhari/android_mvvm/MvvmActivity.java,com.manaschaudhari.android_mvvm.MvvmActivity,getLayoutId/0,false,61,1,1,1,0,1,0,1,0,0,0,0,0,0,0,0,0,0,0,0,0,0,0,0,0,0,3,1028,0,false
/home/arch_design_predict/download-github-repos/mvvm/repos/amvvm-master/android-mvvm/src/main/java/com/manaschaudhari/android_mvvm/MvvmActivity.java,com.manaschaudhari.android_mvvm.MvvmActivity,getDefaultBinder/0,false,52,4,4,2,2,1,2,5,1,1,0,2,0,0,0,0,0,0,1,0,1,0,0,0,0,0,6,2,0,false
/home/arch_design_predict/download-github-repos/mvvm/repos/amvvm-master/sample/src/main/java/com/manaschaudhari/android_mvvm/sample/calculator_example/CalculatorViewModel.java,com.manaschaudhari.android_mvvm.sample.calculator_example.CalculatorViewModel$Anonymous1,"apply/3[java.lang.String,java.lang.String,com.manaschaudhari.android_mvvm.sample.calculator_example.Calculator.Operation]",false,45,2,1,0,1,3,3,11,2,3,3,3,0,0,0,1,1,1,2,0,3,0,1,0,0,0,13,1,0,false
/home/arch_design_predict/download-github-repos/mvvm/repos/amvvm-master/sample/src/main/java/com/manaschaudhari/android_mvvm/sample/ItemViewModel.java,com.manaschaudhari.android_mvvm.sample.ItemViewModel$Anonymous1,run/0,false,43,1,6,0,6,1,1,3,0,0,0,1,0,0,0,0,0,0,1,0,0,1,0,0,0,0,2,1,0,false
/home/arch_design_predict/download-github-repos/mvvm/repos/amvvm-master/android-mvvm/src/main/java/com/manaschaudhari/android_mvvm/FieldUtils.java,com.manaschaudhari.android_mvvm.FieldUtils$Anonymous1$Anonymous2,"onPropertyChanged/2[android.databinding.Observable,int]",false,47,1,0,0,0,1,2,3,0,0,2,2,0,0,0,0,0,0,0,0,0,0,0,0,0,0,4,1,0,false
/home/arch_design_predict/download-github-repos/mvvm/repos/amvvm-master/android-mvvm/src/androidTest/java/com/manaschaudhari/android_mvvm/adapters/TestViewModelBinder.java,com.manaschaudhari.android_mvvm.adapters.TestViewModelBinder,"bind/2[com.manaschaudhari.android_mvvm.adapters.ViewDataBinding,com.manaschaudhari.android_mvvm.ViewModel]",false,28,2,0,0,0,1,0,4,0,0,2,0,0,0,0,0,0,0,0,0,2,0,0,0,0,0,7,1,0,false
/home/arch_design_predict/download-github-repos/mvvm/repos/amvvm-master/sample/src/main/java/com/manaschaudhari/android_mvvm/sample/BindingAdapters.java,com.manaschaudhari.android_mvvm.sample.BindingAdapters$Anonymous1,"bind/2[com.manaschaudhari.android_mvvm.sample.ViewDataBinding,com.manaschaudhari.android_mvvm.ViewModel]",false,45,2,0,0,0,1,1,3,0,0,2,1,0,0,0,0,0,0,0,0,0,0,0,0,0,0,6,1,0,false
/home/arch_design_predict/download-github-repos/mvvm/repos/amvvm-master/android-mvvm/src/main/java/com/manaschaudhari/android_mvvm/ReadOnlyField.java,com.manaschaudhari.android_mvvm.ReadOnlyField,addOnPropertyChangedCallback/1[com.manaschaudhari.android_mvvm.OnPropertyChangedCallback],false,63,1,0,0,0,1,3,4,0,0,1,3,0,0,0,0,0,0,0,0,0,0,0,0,0,0,6,33,0,false
/home/arch_design_predict/download-github-repos/mvvm/repos/amvvm-master/android-mvvm/src/main/java/com/manaschaudhari/android_mvvm/ReadOnlyField.java,com.manaschaudhari.android_mvvm.ReadOnlyField,removeOnPropertyChangedCallback/1[com.manaschaudhari.android_mvvm.OnPropertyChangedCallback],false,69,2,0,0,0,3,4,7,0,1,1,4,0,0,0,1,0,0,0,0,1,0,1,0,0,0,9,33,0,false
/home/arch_design_predict/download-github-repos/mvvm/repos/amvvm-master/android-mvvm/src/main/java/com/manaschaudhari/android_mvvm/ReadOnlyField.java,com.manaschaudhari.android_mvvm.ReadOnlyField,set/1[T],false,59,1,0,0,0,1,0,2,0,0,1,0,0,0,0,0,0,0,0,0,0,0,0,0,0,0,23,1,0,true
/home/arch_design_predict/download-github-repos/mvvm/repos/amvvm-master/android-mvvm/src/main/java/com/manaschaudhari/android_mvvm/ReadOnlyField.java,com.manaschaudhari.android_mvvm.ReadOnlyField,ReadOnlyField/1[com.manaschaudhari.android_mvvm.Observable<T>],true,38,3,0,0,0,1,5,14,0,0,1,5,0,0,0,0,0,0,0,0,1,0,0,2,0,0,12,2,0,false
/home/arch_design_predict/download-github-repos/mvvm/repos/amvvm-master/android-mvvm/src/main/java/com/manaschaudhari/android_mvvm/ReadOnlyField.java,com.manaschaudhari.android_mvvm.ReadOnlyField,create/1[com.manaschaudhari.android_mvvm.Observable<U>],false,34,4,0,0,0,1,0,3,1,0,1,0,0,0,0,0,0,0,0,0,0,0,0,0,0,0,2,9,0,false
/home/arch_design_predict/download-github-repos/mvvm/repos/amvvm-master/android-mvvm/src/main/java/com/manaschaudhari/android_mvvm/FieldUtils.java,com.manaschaudhari.android_mvvm.FieldUtils$Anonymous1$Anonymous3,cancel/0,false,54,0,0,0,0,1,1,3,0,0,0,1,0,0,0,0,0,0,0,0,0,0,0,0,0,0,3,1,0,false
/home/arch_design_predict/download-github-repos/mvvm/repos/amvvm-master/sample/src/main/java/com/manaschaudhari/android_mvvm/sample/two_way_binding/rxjava/SearchViewModel.java,com.manaschaudhari.android_mvvm.sample.two_way_binding.rxjava.SearchViewModel$Anonymous1,call/1[java.lang.String],false,47,3,2,0,2,3,3,10,1,2,1,3,0,0,1,0,0,0,1,1,2,0,2,0,0,0,8,1,0,false
/home/arch_design_predict/download-github-repos/mvvm/repos/amvvm-master/sample/src/main/java/com/manaschaudhari/android_mvvm/sample/two_way_binding/rxjava/SearchViewModel.java,com.manaschaudhari.android_mvvm.sample.two_way_binding.rxjava.SearchViewModel$Anonymous2,call/0,false,61,0,0,0,0,1,4,5,0,2,0,4,0,0,0,0,0,0,1,4,2,1,0,0,0,0,4,1,0,false
/home/arch_design_predict/download-github-repos/mvvm/repos/amvvm-master/sample/src/main/java/com/manaschaudhari/android_mvvm/sample/BindingAdapters.java,com.manaschaudhari.android_mvvm.sample.BindingAdapters$Anonymous2,onClick/1[com.manaschaudhari.android_mvvm.sample.View],false,88,1,0,0,0,2,2,8,0,0,1,2,0,0,0,0,1,0,0,0,0,0,1,0,0,0,6,1,0,false
/home/arch_design_predict/download-github-repos/mvvm/repos/amvvm-master/sample/src/main/java/com/manaschaudhari/android_mvvm/sample/BindingAdapters.java,com.manaschaudhari.android_mvvm.sample.BindingAdapters$Anonymous3,onClick/1[com.manaschaudhari.android_mvvm.sample.View],false,106,1,0,0,0,1,1,3,0,0,1,1,0,0,0,0,0,0,0,0,0,0,0,0,0,0,4,1,0,false
/home/arch_design_predict/download-github-repos/mvvm/repos/amvvm-master/android-mvvm/src/androidTest/java/com/manaschaudhari/android_mvvm/adapters/ViewPagerAdapterTest.java,com.manaschaudhari.android_mvvm.adapters.ViewPagerAdapterTest$TestViewProvider,getView/1[com.manaschaudhari.android_mvvm.ViewModel],false,187,1,0,0,0,1,0,3,1,0,1,0,0,0,0,0,0,0,0,0,0,0,0,0,0,0,4,1,0,false
/home/arch_design_predict/download-github-repos/mvvm/repos/amvvm-master/android-mvvm/src/androidTest/java/com/manaschaudhari/android_mvvm/adapters/RecyclerViewAdapterTest.java,com.manaschaudhari.android_mvvm.adapters.RecyclerViewAdapterTest$TestViewDataBinding,executeBindings/0,false,223,0,0,0,0,1,0,2,0,0,0,0,0,0,0,0,0,0,0,0,0,0,0,0,0,0,2,4,0,false
/home/arch_design_predict/download-github-repos/mvvm/repos/amvvm-master/android-mvvm/src/androidTest/java/com/manaschaudhari/android_mvvm/adapters/RecyclerViewAdapterTest.java,com.manaschaudhari.android_mvvm.adapters.RecyclerViewAdapterTest$TestViewDataBinding,hasPendingBindings/0,false,236,0,0,0,0,1,0,3,1,0,0,0,0,0,0,0,0,0,0,0,0,0,0,0,0,0,4,1,0,false
/home/arch_design_predict/download-github-repos/mvvm/repos/amvvm-master/android-mvvm/src/androidTest/java/com/manaschaudhari/android_mvvm/adapters/RecyclerViewAdapterTest.java,com.manaschaudhari.android_mvvm.adapters.RecyclerViewAdapterTest$TestViewDataBinding,invalidateAll/0,false,231,0,0,0,0,1,0,2,0,0,0,0,0,0,0,0,0,0,0,0,0,0,0,0,0,0,2,1,0,false
/home/arch_design_predict/download-github-repos/mvvm/repos/amvvm-master/android-mvvm/src/androidTest/java/com/manaschaudhari/android_mvvm/adapters/RecyclerViewAdapterTest.java,com.manaschaudhari.android_mvvm.adapters.RecyclerViewAdapterTest$TestViewDataBinding,TestViewDataBinding/1[com.manaschaudhari.android_mvvm.adapters.View],true,208,1,2,2,0,1,0,3,0,0,1,0,0,0,0,0,0,0,0,1,0,0,0,0,0,0,5,4,0,false
/home/arch_design_predict/download-github-repos/mvvm/repos/amvvm-master/android-mvvm/src/androidTest/java/com/manaschaudhari/android_mvvm/adapters/RecyclerViewAdapterTest.java,com.manaschaudhari.android_mvvm.adapters.RecyclerViewAdapterTest$TestViewDataBinding,executePendingBindings/0,false,226,0,0,0,0,1,0,3,0,0,0,0,0,0,0,0,0,0,0,0,0,0,0,0,0,0,5,1,0,false
/home/arch_design_predict/download-github-repos/mvvm/repos/amvvm-master/android-mvvm/src/androidTest/java/com/manaschaudhari/android_mvvm/adapters/RecyclerViewAdapterTest.java,com.manaschaudhari.android_mvvm.adapters.RecyclerViewAdapterTest$TestViewDataBinding,"onFieldChange/3[int,java.lang.Object,int]",false,213,0,0,0,0,1,0,3,1,0,3,0,0,0,0,0,0,0,0,0,0,0,0,0,0,0,6,4,0,false
/home/arch_design_predict/download-github-repos/mvvm/repos/amvvm-master/android-mvvm/src/androidTest/java/com/manaschaudhari/android_mvvm/adapters/RecyclerViewAdapterTest.java,com.manaschaudhari.android_mvvm.adapters.RecyclerViewAdapterTest$TestViewDataBinding,"setVariable/2[int,java.lang.Object]",false,218,0,0,0,0,1,0,3,1,0,2,0,0,0,0,0,0,0,0,0,0,0,0,0,0,0,4,1,0,false
/home/arch_design_predict/download-github-repos/mvvm/repos/amvvm-master/sample/src/main/java/com/manaschaudhari/android_mvvm/sample/BaseActivity.java,com.manaschaudhari.android_mvvm.sample.BaseActivity$Anonymous1,navigateToFunctionalDemo/0,false,41,2,1,0,1,1,1,3,0,0,0,1,1,1,0,0,0,0,0,0,0,0,0,0,0,0,4,1,0,false
/home/arch_design_predict/download-github-repos/mvvm/repos/amvvm-master/sample/src/main/java/com/manaschaudhari/android_mvvm/sample/BaseActivity.java,com.manaschaudhari.android_mvvm.sample.BaseActivity$Anonymous1,navigateToCalculatorDemo/0,false,56,2,1,0,1,1,1,3,0,0,0,1,1,1,0,0,0,0,0,0,0,0,0,0,0,0,4,1,0,false
/home/arch_design_predict/download-github-repos/mvvm/repos/amvvm-master/sample/src/main/java/com/manaschaudhari/android_mvvm/sample/BaseActivity.java,com.manaschaudhari.android_mvvm.sample.BaseActivity$Anonymous1,openDetailsPage/1[com.manaschaudhari.android_mvvm.sample.Item],false,36,3,1,0,1,1,1,3,0,0,1,1,1,1,0,0,0,0,0,0,0,0,0,0,0,0,6,1,0,false
/home/arch_design_predict/download-github-repos/mvvm/repos/amvvm-master/sample/src/main/java/com/manaschaudhari/android_mvvm/sample/BaseActivity.java,com.manaschaudhari.android_mvvm.sample.BaseActivity$Anonymous1,navigateToAdapterDemo/0,false,46,2,1,0,1,1,1,3,0,0,0,1,1,1,0,0,0,0,0,0,0,0,0,0,0,0,4,1,0,false
/home/arch_design_predict/download-github-repos/mvvm/repos/amvvm-master/sample/src/main/java/com/manaschaudhari/android_mvvm/sample/BaseActivity.java,com.manaschaudhari.android_mvvm.sample.BaseActivity$Anonymous1,navigate/1[java.lang.Class<?>],false,60,1,5,5,0,1,1,4,0,1,1,1,0,0,0,0,0,0,0,0,1,0,0,0,0,0,6,2,0,false
/home/arch_design_predict/download-github-repos/mvvm/repos/amvvm-master/sample/src/main/java/com/manaschaudhari/android_mvvm/sample/BaseActivity.java,com.manaschaudhari.android_mvvm.sample.BaseActivity$Anonymous1,navigateToTwoWayBindingDemo/0,false,51,2,1,0,1,1,1,3,0,0,0,1,1,1,0,0,0,0,0,0,0,0,0,0,0,0,6,1,0,false
/home/arch_design_predict/download-github-repos/mvvm/repos/amvvm-master/sample/src/main/java/com/manaschaudhari/android_mvvm/sample/BaseActivity.java,com.manaschaudhari.android_mvvm.sample.BaseActivity$Anonymous2,show/1[java.lang.String],false,71,0,0,0,0,1,2,3,0,0,1,2,0,0,0,0,0,0,0,0,0,0,0,0,0,0,2,1,0,false
/home/arch_design_predict/download-github-repos/mvvm/repos/amvvm-master/sample/src/main/java/com/manaschaudhari/android_mvvm/sample/ExampleApplication.java,com.manaschaudhari.android_mvvm.sample.ExampleApplication,getRefWatcher/1[com.manaschaudhari.android_mvvm.sample.Context],false,27,3,2,2,0,1,1,4,1,1,1,1,0,0,0,0,0,0,0,0,1,0,0,0,0,0,8,9,0,false
/home/arch_design_predict/download-github-repos/mvvm/repos/amvvm-master/sample/src/main/java/com/manaschaudhari/android_mvvm/sample/ExampleApplication.java,com.manaschaudhari.android_mvvm.sample.ExampleApplication,onCreate/0,false,35,1,1,0,1,1,3,5,0,0,0,3,0,0,0,0,0,0,0,0,1,0,0,0,0,0,4,1,0,false
/home/arch_design_predict/download-github-repos/mvvm/repos/amvvm-master/android-mvvm/src/main/java/com/manaschaudhari/android_mvvm/utils/BindingUtils.java,com.manaschaudhari.android_mvvm.utils.BindingUtils$Anonymous1,getView/1[com.manaschaudhari.android_mvvm.ViewModel],false,109,1,1,0,1,1,0,3,1,0,1,0,0,0,0,0,0,0,0,0,0,0,0,0,0,0,6,1,0,false
/home/arch_design_predict/download-github-repos/mvvm/repos/amvvm-master/sample/src/main/java/com/manaschaudhari/android_mvvm/sample/ItemViewModel.java,com.manaschaudhari.android_mvvm.sample.ItemViewModel$Anonymous2,run/0,false,49,1,6,0,6,1,1,3,0,0,0,1,0,0,0,0,0,0,0,0,0,0,0,0,0,0,3,1,0,false
/home/arch_design_predict/download-github-repos/mvvm/repos/amvvm-master/android-mvvm/src/main/java/com/manaschaudhari/android_mvvm/utils/BindingUtils.java,com.manaschaudhari.android_mvvm.utils.BindingUtils$Anonymous2,apply/1[java.util.List<T>],false,120,2,0,0,0,1,0,3,1,0,1,0,0,0,0,0,0,0,0,0,0,0,0,0,0,0,3,1,0,false
/home/arch_design_predict/download-github-repos/mvvm/repos/amvvm-master/sample/src/main/java/com/manaschaudhari/android_mvvm/sample/BindingAdapters.java,com.manaschaudhari.android_mvvm.sample.BindingAdapters,"bindViewPagerAdapter/3[ViewPager,io.reactivex.Observable<List<ViewModel>>,com.manaschaudhari.android_mvvm.adapters.ViewProvider]",false,74,6,2,0,2,2,5,5,0,1,3,5,0,0,0,1,0,0,2,0,1,0,1,0,0,0,13,9,0,true
/home/arch_design_predict/download-github-repos/mvvm/repos/amvvm-master/sample/src/main/java/com/manaschaudhari/android_mvvm/sample/BindingAdapters.java,com.manaschaudhari.android_mvvm.sample.BindingAdapters,toOnClickListener/1[com.manaschaudhari.android_mvvm.sample.Action],false,84,5,0,0,0,2,0,18,2,0,1,0,0,0,0,1,0,0,0,0,0,0,1,1,0,0,12,9,0,false
/home/arch_design_predict/download-github-repos/mvvm/repos/amvvm-master/sample/src/main/java/com/manaschaudhari/android_mvvm/sample/BindingAdapters.java,com.manaschaudhari.android_mvvm.sample.BindingAdapters,"bindRecyclerViewAdapter/3[RecyclerView,io.reactivex.Observable<List<ViewModel>>,com.manaschaudhari.android_mvvm.adapters.ViewProvider]",false,61,6,2,0,2,2,5,5,0,1,3,5,0,0,0,1,0,0,2,0,1,0,1,0,0,0,13,9,0,true
/home/arch_design_predict/download-github-repos/mvvm/repos/amvvm-master/sample/src/main/java/com/manaschaudhari/android_mvvm/sample/BindingAdapters.java,com.manaschaudhari.android_mvvm.sample.BindingAdapters,toOnClickListener/1[com.manaschaudhari.android_mvvm.sample.Action0],false,102,5,0,0,0,2,0,13,2,0,1,0,0,0,0,1,0,0,0,0,0,0,1,1,0,0,10,9,0,false
/home/arch_design_predict/download-github-repos/mvvm/repos/amvvm-master/sample/src/main/java/com/manaschaudhari/android_mvvm/sample/BindingAdapters.java,com.manaschaudhari.android_mvvm.sample.BindingAdapters,"bindVisibility/2[com.manaschaudhari.android_mvvm.sample.View,java.lang.Boolean]",false,51,4,0,0,0,3,1,4,0,1,2,1,0,0,0,1,0,1,1,0,1,0,0,0,0,0,7,9,0,false
/home/arch_design_predict/download-github-repos/mvvm/repos/amvvm-master/sample/src/main/java/com/manaschaudhari/android_mvvm/sample/functional/DataLoadingViewModel.java,com.manaschaudhari.android_mvvm.sample.functional.DataLoadingViewModel,DataLoadingViewModel/1[com.manaschaudhari.android_mvvm.sample.functional.DataService],true,43,7,4,1,3,1,7,28,0,2,1,7,0,0,0,0,0,0,0,0,6,0,0,4,0,0,17,1,0,false
/home/arch_design_predict/download-github-repos/mvvm/repos/amvvm-master/sample/src/main/java/com/manaschaudhari/android_mvvm/sample/MainActivity.java,com.manaschaudhari.android_mvvm.sample.MainActivity,createViewModel/0,false,27,4,2,0,2,1,1,3,1,0,0,1,0,0,0,0,0,0,0,0,0,0,0,0,0,0,6,4,0,false
/home/arch_design_predict/download-github-repos/mvvm/repos/amvvm-master/sample/src/main/java/com/manaschaudhari/android_mvvm/sample/MainActivity.java,com.manaschaudhari.android_mvvm.sample.MainActivity,getLayoutId/0,false,32,0,0,0,0,1,0,3,1,0,0,0,0,0,0,0,0,0,0,0,0,0,0,0,0,0,3,4,0,false
/home/arch_design_predict/download-github-repos/mvvm/repos/amvvm-master/android-mvvm/src/androidTest/java/com/manaschaudhari/android_mvvm/adapters/TestViewModel.java,com.manaschaudhari.android_mvvm.adapters.TestViewModel,dummyViewModels/1[int],false,34,3,8,7,1,2,1,7,1,2,1,1,0,0,1,0,0,0,0,1,2,0,1,0,0,0,8,9,0,false
/home/arch_design_predict/download-github-repos/mvvm/repos/amvvm-master/android-mvvm/src/androidTest/java/com/manaschaudhari/android_mvvm/adapters/TestViewModel.java,com.manaschaudhari.android_mvvm.adapters.TestViewModel,TestViewModel/1[int],true,29,0,1,1,0,1,0,3,0,0,1,0,0,0,0,0,0,0,0,0,1,0,0,0,0,0,4,1,0,false
/home/arch_design_predict/download-github-repos/mvvm/repos/amvvm-master/sample/src/main/java/com/manaschaudhari/android_mvvm/sample/two_way_binding/SearchActivity.java,com.manaschaudhari.android_mvvm.sample.two_way_binding.SearchActivity,getLayoutId/0,false,34,0,0,0,0,1,0,3,1,0,0,0,0,0,0,0,0,0,0,0,0,0,0,0,0,0,3,4,0,false
/home/arch_design_predict/download-github-repos/mvvm/repos/amvvm-master/sample/src/main/java/com/manaschaudhari/android_mvvm/sample/two_way_binding/SearchActivity.java,com.manaschaudhari.android_mvvm.sample.two_way_binding.SearchActivity,createViewModel/0,false,29,4,3,0,3,1,2,3,1,0,0,2,0,0,0,0,0,0,0,0,0,0,0,0,0,0,7,4,0,false
/home/arch_design_predict/download-github-repos/mvvm/repos/amvvm-master/sample/src/main/java/com/manaschaudhari/android_mvvm/sample/ItemViewModel.java,com.manaschaudhari.android_mvvm.sample.ItemViewModel,hasImage/0,false,34,0,1,1,0,2,0,3,1,0,0,0,0,0,0,1,0,0,0,1,0,0,0,0,0,0,4,1,0,false
/home/arch_design_predict/download-github-repos/mvvm/repos/amvvm-master/sample/src/main/java/com/manaschaudhari/android_mvvm/sample/ItemViewModel.java,com.manaschaudhari.android_mvvm.sample.ItemViewModel,"ItemViewModel/3[com.manaschaudhari.android_mvvm.sample.Item,com.manaschaudhari.android_mvvm.sample.adapters.MessageHelper,com.manaschaudhari.android_mvvm.sample.Navigator]",true,38,5,3,3,0,2,2,16,0,0,3,2,0,0,0,0,0,0,1,1,4,0,0,2,0,0,11,1,0,false
/home/arch_design_predict/download-github-repos/mvvm/repos/amvvm-master/sample/src/main/java/com/manaschaudhari/android_mvvm/sample/functional/DataService.java,com.manaschaudhari.android_mvvm.sample.functional.DataService,loadData/0,false,29,3,1,1,0,1,5,19,1,0,0,5,0,0,0,0,0,0,0,0,0,0,0,1,0,0,12,1,0,false
/home/arch_design_predict/download-github-repos/mvvm/repos/amvvm-master/android-mvvm/src/main/java/com/manaschaudhari/android_mvvm/adapters/RecyclerViewAdapter.java,com.manaschaudhari.android_mvvm.adapters.RecyclerViewAdapter$DataBindingViewHolder,DataBindingViewHolder/1[com.manaschaudhari.android_mvvm.adapters.ViewDataBinding],true,109,2,3,3,0,1,1,4,0,0,1,1,0,0,0,0,0,0,0,0,1,0,0,0,0,0,5,1,0,false
/home/arch_design_predict/download-github-repos/mvvm/repos/amvvm-master/android-mvvm/src/androidTest/java/com/manaschaudhari/android_mvvm/adapters/RecyclerViewAdapterTest.java,com.manaschaudhari.android_mvvm.adapters.RecyclerViewAdapterTest$Anonymous2,onChanged/0,false,99,0,0,0,0,1,0,3,0,0,0,0,0,0,0,0,0,0,0,0,0,0,0,0,0,0,5,1,0,false
/home/arch_design_predict/download-github-repos/mvvm/repos/amvvm-master/android-mvvm/src/androidTest/java/com/manaschaudhari/android_mvvm/adapters/ViewPagerAdapterTest.java,com.manaschaudhari.android_mvvm.adapters.ViewPagerAdapterTest,tearDown/0,false,80,1,0,0,0,1,1,3,0,0,0,1,0,0,0,0,0,0,0,0,0,0,0,0,0,0,2,9,0,false
/home/arch_design_predict/download-github-repos/mvvm/repos/amvvm-master/android-mvvm/src/androidTest/java/com/manaschaudhari/android_mvvm/adapters/ViewPagerAdapterTest.java,com.manaschaudhari.android_mvvm.adapters.ViewPagerAdapterTest,notifyIsCalledOnUpdate/0,false,109,2,1,0,1,1,3,5,0,0,0,3,0,0,0,0,0,0,0,3,0,0,0,0,0,0,8,1,0,false
/home/arch_design_predict/download-github-repos/mvvm/repos/amvvm-master/android-mvvm/src/androidTest/java/com/manaschaudhari/android_mvvm/adapters/ViewPagerAdapterTest.java,com.manaschaudhari.android_mvvm.adapters.ViewPagerAdapterTest,destroyItemUnbindsAndRemovesChildView/0,false,155,7,2,0,2,3,8,10,0,4,0,8,0,0,0,2,0,0,0,4,4,0,0,0,0,0,22,1,0,false
/home/arch_design_predict/download-github-repos/mvvm/repos/amvvm-master/android-mvvm/src/androidTest/java/com/manaschaudhari/android_mvvm/adapters/ViewPagerAdapterTest.java,com.manaschaudhari.android_mvvm.adapters.ViewPagerAdapterTest,itemCountOnUpdate/0,false,102,3,2,0,2,1,4,4,0,0,0,4,0,0,0,0,0,0,0,2,0,0,0,0,0,0,7,1,0,false
/home/arch_design_predict/download-github-repos/mvvm/repos/amvvm-master/android-mvvm/src/androidTest/java/com/manaschaudhari/android_mvvm/adapters/ViewPagerAdapterTest.java,com.manaschaudhari.android_mvvm.adapters.ViewPagerAdapterTest,setUp/0,false,85,7,6,0,6,1,4,8,0,0,0,4,0,0,0,0,0,0,0,0,6,0,0,0,0,0,27,1,0,false
/home/arch_design_predict/download-github-repos/mvvm/repos/amvvm-master/android-mvvm/src/androidTest/java/com/manaschaudhari/android_mvvm/adapters/ViewPagerAdapterTest.java,com.manaschaudhari.android_mvvm.adapters.ViewPagerAdapterTest,setup/0,false,70,2,0,0,0,1,1,8,0,0,0,1,0,0,0,0,0,0,0,0,0,0,0,1,0,0,5,9,0,false
/home/arch_design_predict/download-github-repos/mvvm/repos/amvvm-master/android-mvvm/src/androidTest/java/com/manaschaudhari/android_mvvm/adapters/ViewPagerAdapterTest.java,com.manaschaudhari.android_mvvm.adapters.ViewPagerAdapterTest,noSubscriptionsInitially/0,false,118,5,2,0,2,1,2,6,0,3,0,2,0,0,0,0,0,0,0,1,3,0,0,0,0,0,12,1,0,false
/home/arch_design_predict/download-github-repos/mvvm/repos/amvvm-master/android-mvvm/src/androidTest/java/com/manaschaudhari/android_mvvm/adapters/ViewPagerAdapterTest.java,com.manaschaudhari.android_mvvm.adapters.ViewPagerAdapterTest,noSubscriptionsAfterDisconnect/0,false,128,1,0,0,0,1,2,6,0,0,0,2,0,0,0,0,0,0,0,3,0,1,0,0,0,0,7,1,0,false
/home/arch_design_predict/download-github-repos/mvvm/repos/amvvm-master/android-mvvm/src/androidTest/java/com/manaschaudhari/android_mvvm/adapters/ViewPagerAdapterTest.java,com.manaschaudhari.android_mvvm.adapters.ViewPagerAdapterTest,instantiateItemAddsBindedView/0,false,140,7,1,0,1,3,11,10,0,3,0,11,0,0,0,2,0,0,1,4,3,0,0,0,0,0,17,1,0,false
/home/arch_design_predict/download-github-repos/mvvm/repos/amvvm-master/android-mvvm/src/androidTest/java/com/manaschaudhari/android_mvvm/adapters/ViewPagerAdapterTest.java,com.manaschaudhari.android_mvvm.adapters.ViewPagerAdapterTest,viewFromObject/0,false,170,6,2,0,2,1,6,12,0,6,0,6,0,0,0,0,0,0,0,4,6,0,0,0,0,0,18,1,0,false
/home/arch_design_predict/download-github-repos/mvvm/repos/amvvm-master/android-mvvm/src/androidTest/java/com/manaschaudhari/android_mvvm/adapters/ViewPagerAdapterTest.java,com.manaschaudhari.android_mvvm.adapters.ViewPagerAdapterTest,initialItemCount/0,false,97,2,1,0,1,1,2,3,0,0,0,2,0,0,0,0,0,0,0,0,0,0,0,0,0,0,6,1,0,false
/home/arch_design_predict/download-github-repos/mvvm/repos/amvvm-master/android-mvvm/src/androidTest/java/com/manaschaudhari/android_mvvm/adapters/RecyclerViewAdapterTest.java,com.manaschaudhari.android_mvvm.adapters.RecyclerViewAdapterTest$Anonymous1,apply/1[com.manaschaudhari.android_mvvm.adapters.Scheduler],false,74,2,0,0,0,1,1,3,1,0,1,1,0,0,0,0,0,0,0,0,0,0,0,0,0,0,4,1,0,false
/home/arch_design_predict/download-github-repos/mvvm/repos/amvvm-master/sample/src/main/java/com/manaschaudhari/android_mvvm/sample/ViewProviders.java,com.manaschaudhari.android_mvvm.sample.ViewProviders,getItemListing/0,false,27,3,1,0,1,1,0,11,1,0,0,0,0,0,0,0,0,0,0,0,0,0,0,1,0,0,7,9,0,false
/home/arch_design_predict/download-github-repos/mvvm/repos/amvvm-master/sample/src/main/java/com/manaschaudhari/android_mvvm/sample/calculator_example/CalculatorViewModel.java,com.manaschaudhari.android_mvvm.sample.calculator_example.CalculatorViewModel,CalculatorViewModel/0,true,38,4,4,1,3,1,3,18,0,2,0,3,0,0,0,0,0,0,0,0,3,0,0,1,0,0,22,1,0,false
/home/arch_design_predict/download-github-repos/mvvm/repos/amvvm-master/sample/src/main/java/com/manaschaudhari/android_mvvm/sample/utils/RxUtils.java,com.manaschaudhari.android_mvvm.sample.utils.RxUtils,trackActivity/1[com.manaschaudhari.android_mvvm.sample.utils.Observable<T>],false,32,7,1,0,1,1,3,25,1,1,1,3,0,0,0,0,0,0,0,1,1,0,0,4,0,0,13,9,0,false
/home/arch_design_predict/download-github-repos/mvvm/repos/amvvm-master/sample/src/main/java/com/manaschaudhari/android_mvvm/sample/MainViewModel.java,com.manaschaudhari.android_mvvm.sample.MainViewModel,MainViewModel/1[com.manaschaudhari.android_mvvm.sample.Navigator],true,30,2,1,1,0,1,0,3,0,0,1,0,0,0,0,0,0,0,0,0,1,0,0,0,0,0,5,1,0,false
/home/arch_design_predict/download-github-repos/mvvm/repos/amvvm-master/android-mvvm/src/test/java/com/manaschaudhari/android_mvvm/ReadOnlyFieldTests.java,com.manaschaudhari.android_mvvm.ReadOnlyFieldTests$TestPropertyChangedCallback,"onPropertyChanged/2[android.databinding.Observable,int]",false,97,1,0,0,0,1,0,3,0,0,2,0,0,0,0,0,0,0,0,0,0,0,0,0,0,0,6,1,0,false
/home/arch_design_predict/download-github-repos/mvvm/repos/amvvm-master/sample/src/main/java/com/manaschaudhari/android_mvvm/sample/calculator_example/BindingAdapters.java,com.manaschaudhari.android_mvvm.sample.calculator_example.BindingAdapters,toLayout/1[com.manaschaudhari.android_mvvm.sample.calculator_example.Calculator.Operation],false,38,2,0,0,0,6,0,17,6,0,1,0,0,0,0,1,0,0,0,2,0,0,1,0,0,0,4,9,0,false
/home/arch_design_predict/download-github-repos/mvvm/repos/amvvm-master/sample/src/main/java/com/manaschaudhari/android_mvvm/sample/calculator_example/BindingAdapters.java,com.manaschaudhari.android_mvvm.sample.calculator_example.BindingAdapters,getOperation/1[com.manaschaudhari.android_mvvm.sample.calculator_example.RadioGroup],false,33,4,1,0,1,1,2,3,1,0,1,2,1,1,0,0,0,0,1,0,0,0,0,0,0,0,7,9,0,false
/home/arch_design_predict/download-github-repos/mvvm/repos/amvvm-master/sample/src/main/java/com/manaschaudhari/android_mvvm/sample/calculator_example/BindingAdapters.java,com.manaschaudhari.android_mvvm.sample.calculator_example.BindingAdapters,toOperation/1[int],false,56,1,1,1,0,5,0,14,5,0,1,0,0,0,0,0,0,0,0,0,0,0,1,0,0,0,5,9,0,false
/home/arch_design_predict/download-github-repos/mvvm/repos/amvvm-master/sample/src/main/java/com/manaschaudhari/android_mvvm/sample/ViewProviders.java,com.manaschaudhari.android_mvvm.sample.ViewProviders$Anonymous1,getView/1[com.manaschaudhari.android_mvvm.ViewModel],false,30,2,1,0,1,3,1,6,2,0,1,1,0,0,0,0,0,1,0,1,0,0,1,0,0,0,5,1,0,false
/home/arch_design_predict/download-github-repos/mvvm/repos/amvvm-master/android-mvvm/src/androidTest/java/com/manaschaudhari/android_mvvm/adapters/ViewPagerAdapterTest.java,com.manaschaudhari.android_mvvm.adapters.ViewPagerAdapterTest$Anonymous1,apply/1[com.manaschaudhari.android_mvvm.adapters.Scheduler],false,73,2,0,0,0,1,1,3,1,0,1,1,0,0,0,0,0,0,0,0,0,0,0,0,0,0,4,1,0,false
/home/arch_design_predict/download-github-repos/mvvm/repos/amvvm-master/android-mvvm/src/sharedTest/java/com/manaschaudhari/android_mvvm/testutils/SubscriptionCounter.java,com.manaschaudhari.android_mvvm.testutils.SubscriptionCounter,apply/1[com.manaschaudhari.android_mvvm.testutils.Observable<T>],false,32,5,0,0,0,1,2,13,1,0,1,2,0,0,0,0,0,0,0,0,0,0,0,2,0,0,10,1,0,false
/home/arch_design_predict/download-github-repos/mvvm/repos/amvvm-master/sample/src/androidTest/java/com/manaschaudhari/android_mvvm/ApplicationTest.java,com.manaschaudhari.android_mvvm.ApplicationTest,ApplicationTest/0,true,26,1,0,0,0,1,0,3,0,0,0,0,0,0,0,0,0,0,0,0,0,0,0,0,0,0,2,1,0,false
/home/arch_design_predict/download-github-repos/mvvm/repos/amvvm-master/android-mvvm/src/androidTest/java/com/manaschaudhari/android_mvvm/adapters/RecyclerViewAdapterTest.java,com.manaschaudhari.android_mvvm.adapters.RecyclerViewAdapterTest,tearDown/0,false,81,1,0,0,0,1,1,3,0,0,0,1,0,0,0,0,0,0,0,0,0,0,0,0,0,0,2,9,0,false
/home/arch_design_predict/download-github-repos/mvvm/repos/amvvm-master/android-mvvm/src/androidTest/java/com/manaschaudhari/android_mvvm/adapters/RecyclerViewAdapterTest.java,com.manaschaudhari.android_mvvm.adapters.RecyclerViewAdapterTest,noSubscriptionsInitially/0,false,126,5,2,0,2,1,2,6,0,3,0,2,0,0,0,0,0,0,0,1,3,0,0,0,0,0,12,1,0,false
/home/arch_design_predict/download-github-repos/mvvm/repos/amvvm-master/android-mvvm/src/androidTest/java/com/manaschaudhari/android_mvvm/adapters/RecyclerViewAdapterTest.java,com.manaschaudhari.android_mvvm.adapters.RecyclerViewAdapterTest,bindViewHolder/0,false,171,7,3,0,3,3,6,8,0,2,0,6,0,0,0,2,0,0,0,3,2,0,0,0,0,0,15,1,0,false
/home/arch_design_predict/download-github-repos/mvvm/repos/amvvm-master/android-mvvm/src/androidTest/java/com/manaschaudhari/android_mvvm/adapters/RecyclerViewAdapterTest.java,com.manaschaudhari.android_mvvm.adapters.RecyclerViewAdapterTest,initialItemCount/0,false,107,2,1,0,1,1,2,3,0,0,0,2,0,0,0,0,0,0,0,0,0,0,0,0,0,0,6,1,0,false
/home/arch_design_predict/download-github-repos/mvvm/repos/amvvm-master/android-mvvm/src/androidTest/java/com/manaschaudhari/android_mvvm/adapters/RecyclerViewAdapterTest.java,com.manaschaudhari.android_mvvm.adapters.RecyclerViewAdapterTest,itemCountOnUpdate/0,false,112,3,2,0,2,1,4,4,0,0,0,4,0,0,0,0,0,0,0,2,0,0,0,0,0,0,7,1,0,false
/home/arch_design_predict/download-github-repos/mvvm/repos/amvvm-master/android-mvvm/src/androidTest/java/com/manaschaudhari/android_mvvm/adapters/RecyclerViewAdapterTest.java,com.manaschaudhari.android_mvvm.adapters.RecyclerViewAdapterTest,createViewHolder/0,false,160,6,1,0,1,1,6,6,0,2,0,6,0,0,0,0,0,0,1,0,2,0,0,0,0,0,13,1,0,false
/home/arch_design_predict/download-github-repos/mvvm/repos/amvvm-master/android-mvvm/src/androidTest/java/com/manaschaudhari/android_mvvm/adapters/RecyclerViewAdapterTest.java,com.manaschaudhari.android_mvvm.adapters.RecyclerViewAdapterTest,setup/0,false,71,2,0,0,0,1,1,8,0,0,0,1,0,0,0,0,0,0,0,0,0,0,0,1,0,0,5,9,0,false
/home/arch_design_predict/download-github-repos/mvvm/repos/amvvm-master/android-mvvm/src/androidTest/java/com/manaschaudhari/android_mvvm/adapters/RecyclerViewAdapterTest.java,com.manaschaudhari.android_mvvm.adapters.RecyclerViewAdapterTest,setUp/0,false,86,8,6,0,6,1,4,16,0,1,0,4,0,0,0,0,0,0,0,1,8,0,0,1,0,0,34,1,0,false
/home/arch_design_predict/download-github-repos/mvvm/repos/amvvm-master/android-mvvm/src/androidTest/java/com/manaschaudhari/android_mvvm/adapters/RecyclerViewAdapterTest.java,com.manaschaudhari.android_mvvm.adapters.RecyclerViewAdapterTest,notifyIsCalledOnUpdate/0,false,119,2,1,0,1,1,3,4,0,0,0,3,0,0,0,0,0,0,0,2,0,0,0,0,0,0,8,1,0,false
/home/arch_design_predict/download-github-repos/mvvm/repos/amvvm-master/android-mvvm/src/androidTest/java/com/manaschaudhari/android_mvvm/adapters/RecyclerViewAdapterTest.java,com.manaschaudhari.android_mvvm.adapters.RecyclerViewAdapterTest,recycleUnbindsViewModel/0,false,184,6,3,0,3,1,4,7,0,2,0,4,0,0,0,0,0,0,0,0,2,0,0,0,0,0,13,1,0,false
/home/arch_design_predict/download-github-repos/mvvm/repos/amvvm-master/android-mvvm/src/androidTest/java/com/manaschaudhari/android_mvvm/adapters/RecyclerViewAdapterTest.java,com.manaschaudhari.android_mvvm.adapters.RecyclerViewAdapterTest,noSubscriptionsAfterRemovingAdapterObserver/0,false,136,2,1,0,1,1,2,6,0,0,0,2,0,0,0,0,0,0,0,3,0,1,0,0,0,0,10,1,0,false
/home/arch_design_predict/download-github-repos/mvvm/repos/amvvm-master/android-mvvm/src/androidTest/java/com/manaschaudhari/android_mvvm/adapters/RecyclerViewAdapterTest.java,com.manaschaudhari.android_mvvm.adapters.RecyclerViewAdapterTest,itemTypeIsBasedOnViewProvider/0,false,147,4,2,0,2,1,5,8,0,1,0,5,0,0,0,0,0,0,0,8,1,0,0,0,0,0,11,1,0,false
/home/arch_design_predict/download-github-repos/mvvm/repos/amvvm-master/sample/src/main/java/com/manaschaudhari/android_mvvm/sample/MainViewModel.java,com.manaschaudhari.android_mvvm.sample.MainViewModel$Anonymous1,run/0,false,37,1,6,0,6,1,1,3,0,0,0,1,0,0,0,0,0,0,0,0,0,0,0,0,0,0,2,1,0,false
/home/arch_design_predict/download-github-repos/mvvm/repos/amvvm-master/sample/src/main/java/com/manaschaudhari/android_mvvm/sample/MainViewModel.java,com.manaschaudhari.android_mvvm.sample.MainViewModel$Anonymous2,run/0,false,44,1,6,0,6,1,1,3,0,0,0,1,0,0,0,0,0,0,0,0,0,0,0,0,0,0,2,1,0,false
/home/arch_design_predict/download-github-repos/mvvm/repos/amvvm-master/sample/src/main/java/com/manaschaudhari/android_mvvm/sample/MainViewModel.java,com.manaschaudhari.android_mvvm.sample.MainViewModel$Anonymous3,run/0,false,51,1,6,0,6,1,1,3,0,0,0,1,0,0,0,0,0,0,0,0,0,0,0,0,0,0,2,1,0,false
/home/arch_design_predict/download-github-repos/mvvm/repos/amvvm-master/sample/src/main/java/com/manaschaudhari/android_mvvm/sample/BaseActivity.java,com.manaschaudhari.android_mvvm.sample.BaseActivity,getNavigator/0,false,33,3,4,3,1,1,0,24,1,0,0,0,0,0,0,0,0,0,0,0,0,0,0,1,0,0,21,4,0,false
/home/arch_design_predict/download-github-repos/mvvm/repos/amvvm-master/sample/src/main/java/com/manaschaudhari/android_mvvm/sample/BaseActivity.java,com.manaschaudhari.android_mvvm.sample.BaseActivity,getMessageHelper/0,false,68,3,3,2,1,1,0,8,1,0,0,0,0,0,0,0,0,0,0,0,0,0,0,1,0,0,5,4,0,false
/home/arch_design_predict/download-github-repos/mvvm/repos/amvvm-master/android-mvvm/src/main/java/com/manaschaudhari/android_mvvm/FieldUtils.java,com.manaschaudhari.android_mvvm.FieldUtils,toObservable/1[com.manaschaudhari.android_mvvm.ObservableField<T>],false,36,5,0,0,0,1,1,24,1,0,1,1,0,0,0,0,0,0,0,0,0,0,0,1,0,0,33,9,0,true
/home/arch_design_predict/download-github-repos/mvvm/repos/amvvm-master/android-mvvm/src/main/java/com/manaschaudhari/android_mvvm/FieldUtils.java,com.manaschaudhari.android_mvvm.FieldUtils,toField/1[com.manaschaudhari.android_mvvm.Observable<T>],false,67,4,1,0,1,1,1,3,1,0,1,1,0,0,0,0,0,0,0,0,0,0,0,0,0,0,14,9,0,true
/home/arch_design_predict/download-github-repos/mvvm/repos/amvvm-master/sample/src/main/java/com/manaschaudhari/android_mvvm/sample/MainViewModel.java,com.manaschaudhari.android_mvvm.sample.MainViewModel$Anonymous4,run/0,false,58,1,6,0,6,1,1,3,0,0,0,1,0,0,0,0,0,0,0,0,0,0,0,0,0,0,2,1,0,false
/home/arch_design_predict/download-github-repos/mvvm/repos/amvvm-master/sample/src/main/java/com/manaschaudhari/android_mvvm/sample/two_way_binding/rxjava/SearchViewModel.java,com.manaschaudhari.android_mvvm.sample.two_way_binding.rxjava.SearchViewModel,"SearchViewModel/2[com.manaschaudhari.android_mvvm.sample.adapters.MessageHelper,com.manaschaudhari.android_mvvm.sample.Navigator]",true,43,6,0,0,0,1,2,23,0,0,2,2,0,0,0,0,0,0,0,0,2,0,0,2,0,0,20,1,0,false
/home/arch_design_predict/download-github-repos/mvvm/repos/amvvm-master/android-mvvm/src/main/java/com/manaschaudhari/android_mvvm/adapters/RecyclerViewAdapter.java,com.manaschaudhari.android_mvvm.adapters.RecyclerViewAdapter$Anonymous1,accept/1[java.util.List<com.manaschaudhari.android_mvvm.ViewModel>],false,54,1,0,0,0,2,1,4,0,0,1,1,0,0,0,1,0,0,0,0,1,0,0,0,0,0,11,1,0,false
/home/arch_design_predict/download-github-repos/mvvm/repos/amvvm-master/android-mvvm/src/main/java/com/manaschaudhari/android_mvvm/adapters/RecyclerViewAdapter.java,com.manaschaudhari.android_mvvm.adapters.RecyclerViewAdapter,"RecyclerViewAdapter/3[com.manaschaudhari.android_mvvm.adapters.Observable<java.util.List<com.manaschaudhari.android_mvvm.ViewModel>>,com.manaschaudhari.android_mvvm.adapters.ViewProvider,com.manaschaudhari.android_mvvm.adapters.ViewModelBinder]",true,47,6,3,3,0,1,4,11,0,0,3,4,0,0,0,0,0,0,0,0,3,0,0,1,0,0,17,1,0,false
/home/arch_design_predict/download-github-repos/mvvm/repos/amvvm-master/android-mvvm/src/main/java/com/manaschaudhari/android_mvvm/adapters/RecyclerViewAdapter.java,com.manaschaudhari.android_mvvm.adapters.RecyclerViewAdapter,"onBindViewHolder/2[com.manaschaudhari.android_mvvm.adapters.RecyclerViewAdapter.DataBindingViewHolder,int]",false,74,2,2,1,1,1,3,4,0,0,2,3,0,0,0,0,0,0,0,0,0,0,0,0,0,0,7,1,0,false
/home/arch_design_predict/download-github-repos/mvvm/repos/amvvm-master/android-mvvm/src/main/java/com/manaschaudhari/android_mvvm/adapters/RecyclerViewAdapter.java,com.manaschaudhari.android_mvvm.adapters.RecyclerViewAdapter,"onCreateViewHolder/2[com.manaschaudhari.android_mvvm.adapters.ViewGroup,int]",false,68,3,2,1,1,1,3,4,1,1,2,3,0,0,0,0,0,0,0,0,1,0,0,0,0,0,10,1,0,false
/home/arch_design_predict/download-github-repos/mvvm/repos/amvvm-master/android-mvvm/src/main/java/com/manaschaudhari/android_mvvm/adapters/RecyclerViewAdapter.java,com.manaschaudhari.android_mvvm.adapters.RecyclerViewAdapter,unregisterAdapterDataObserver/1[RecyclerView.AdapterDataObserver],false,97,2,1,1,0,3,4,7,0,1,1,4,0,0,0,1,0,0,0,0,1,0,1,0,0,0,8,1,0,false
/home/arch_design_predict/download-github-repos/mvvm/repos/amvvm-master/android-mvvm/src/main/java/com/manaschaudhari/android_mvvm/adapters/RecyclerViewAdapter.java,com.manaschaudhari.android_mvvm.adapters.RecyclerViewAdapter,getItemViewType/1[int],false,63,1,2,1,1,1,2,3,1,0,1,2,0,0,0,0,0,0,0,0,0,0,0,0,0,0,5,1,0,false
/home/arch_design_predict/download-github-repos/mvvm/repos/amvvm-master/android-mvvm/src/main/java/com/manaschaudhari/android_mvvm/adapters/RecyclerViewAdapter.java,com.manaschaudhari.android_mvvm.adapters.RecyclerViewAdapter,getItemCount/0,false,86,0,2,2,0,1,1,3,1,0,0,1,0,0,0,0,0,0,0,0,0,0,0,0,0,0,3,1,0,false
/home/arch_design_predict/download-github-repos/mvvm/repos/amvvm-master/android-mvvm/src/main/java/com/manaschaudhari/android_mvvm/adapters/RecyclerViewAdapter.java,com.manaschaudhari.android_mvvm.adapters.RecyclerViewAdapter,registerAdapterDataObserver/1[RecyclerView.AdapterDataObserver],false,91,1,1,1,0,1,3,4,0,0,1,3,0,0,0,0,0,0,0,0,0,0,0,0,0,0,5,1,0,false
/home/arch_design_predict/download-github-repos/mvvm/repos/amvvm-master/android-mvvm/src/main/java/com/manaschaudhari/android_mvvm/adapters/RecyclerViewAdapter.java,com.manaschaudhari.android_mvvm.adapters.RecyclerViewAdapter,onViewRecycled/1[com.manaschaudhari.android_mvvm.adapters.RecyclerViewAdapter.DataBindingViewHolder],false,80,2,2,1,1,1,2,4,0,0,1,2,0,0,0,0,0,0,0,0,0,0,0,0,0,0,7,1,0,false
/home/arch_design_predict/download-github-repos/mvvm/repos/amvvm-master/sample/src/test/java/com/manaschaudhari/android_mvvm/ExampleUnitTest.java,com.manaschaudhari.android_mvvm.ExampleUnitTest,addition_isCorrect/0,false,28,1,0,0,0,1,1,3,0,0,0,1,0,0,0,0,0,0,0,3,0,1,0,0,0,0,6,1,0,false
/home/arch_design_predict/download-github-repos/mvvm/repos/amvvm-master/sample/src/main/java/com/manaschaudhari/android_mvvm/sample/utils/RxUtils.java,com.manaschaudhari.android_mvvm.sample.utils.RxUtils$Anonymous2,apply/1[java.lang.Integer],false,43,2,0,0,0,1,0,3,1,0,1,0,0,0,0,0,0,0,0,0,0,0,0,0,0,0,6,1,0,false
/home/arch_design_predict/download-github-repos/mvvm/repos/amvvm-master/android-mvvm/src/main/java/com/manaschaudhari/android_mvvm/ReadOnlyField.java,com.manaschaudhari.android_mvvm.ReadOnlyField$Anonymous1,accept/1[T],false,42,1,0,0,0,1,1,3,0,0,1,1,0,0,0,0,0,0,0,0,0,0,0,0,0,0,4,1,0,false
/home/arch_design_predict/download-github-repos/mvvm/repos/amvvm-master/sample/src/main/java/com/manaschaudhari/android_mvvm/sample/utils/RxUtils.java,com.manaschaudhari.android_mvvm.sample.utils.RxUtils$Anonymous1,call/0,false,37,0,0,0,0,1,2,4,1,0,0,2,0,0,0,0,0,0,0,1,0,1,0,0,0,0,4,1,0,false
/home/arch_design_predict/download-github-repos/mvvm/repos/amvvm-master/android-mvvm/src/main/java/com/manaschaudhari/android_mvvm/ReadOnlyField.java,com.manaschaudhari.android_mvvm.ReadOnlyField$Anonymous2,accept/1[java.lang.Throwable],false,47,0,0,0,0,1,1,3,0,0,1,1,0,0,0,0,0,0,2,0,0,0,0,0,0,0,6,1,0,false
/home/arch_design_predict/download-github-repos/mvvm/repos/amvvm-master/sample/src/main/java/com/manaschaudhari/android_mvvm/sample/calculator_example/Calculator.java,com.manaschaudhari.android_mvvm.sample.calculator_example.Calculator,"run/3[int,int,com.manaschaudhari.android_mvvm.sample.calculator_example.Calculator.Operation]",false,29,3,1,1,0,6,0,18,6,0,3,0,0,0,0,1,0,0,0,1,0,4,2,0,0,0,7,1,0,false
/home/arch_design_predict/download-github-repos/mvvm/repos/amvvm-master/sample/src/main/java/com/manaschaudhari/android_mvvm/sample/utils/RxUtils.java,com.manaschaudhari.android_mvvm.sample.utils.RxUtils$Anonymous4,apply/1[java.lang.Integer],false,54,0,0,0,0,2,0,3,1,0,1,0,0,0,0,0,0,0,0,1,0,0,0,0,0,0,5,1,0,false
/home/arch_design_predict/download-github-repos/mvvm/repos/amvvm-master/sample/src/main/java/com/manaschaudhari/android_mvvm/sample/utils/RxUtils.java,com.manaschaudhari.android_mvvm.sample.utils.RxUtils$Anonymous3,accept/1[java.lang.Integer],false,48,0,0,0,0,1,2,3,0,0,1,2,0,0,0,0,0,0,0,1,0,1,0,0,0,0,4,1,0,false
/home/arch_design_predict/download-github-repos/mvvm/repos/amvvm-master/sample/src/main/java/com/manaschaudhari/android_mvvm/sample/functional/DataLoadingViewModel.java,com.manaschaudhari.android_mvvm.sample.functional.DataLoadingViewModel$Anonymous3,apply/1[com.manaschaudhari.android_mvvm.sample.functional.Result<java.lang.String>],false,61,2,3,0,3,1,1,3,1,0,1,1,0,0,0,0,0,0,0,0,0,0,0,0,0,0,5,1,0,false
/home/arch_design_predict/download-github-repos/mvvm/repos/amvvm-master/android-mvvm/src/main/java/com/manaschaudhari/android_mvvm/utils/Preconditions.java,com.manaschaudhari.android_mvvm.utils.Preconditions,"checkNotNull/2[T,java.lang.String]",false,23,1,0,0,0,2,0,5,0,0,2,0,0,0,0,1,0,0,1,0,0,1,1,0,0,0,12,9,0,false
/home/arch_design_predict/download-github-repos/mvvm/repos/amvvm-master/sample/src/main/java/com/manaschaudhari/android_mvvm/sample/functional/DataLoadingViewModel.java,com.manaschaudhari.android_mvvm.sample.functional.DataLoadingViewModel$Anonymous2,apply/1[com.manaschaudhari.android_mvvm.sample.functional.Result<java.lang.String>],false,55,2,3,0,3,1,1,3,1,0,1,1,0,0,0,0,0,0,0,0,0,0,0,0,0,0,5,1,0,false
/home/arch_design_predict/download-github-repos/mvvm/repos/amvvm-master/sample/src/main/java/com/manaschaudhari/android_mvvm/sample/functional/DataLoadingViewModel.java,com.manaschaudhari.android_mvvm.sample.functional.DataLoadingViewModel$Anonymous4,apply/1[com.manaschaudhari.android_mvvm.sample.functional.Result<java.lang.String>],false,67,2,3,0,3,1,1,3,1,0,1,1,0,0,0,0,0,0,0,0,0,0,0,0,0,0,5,1,0,false
/home/arch_design_predict/download-github-repos/mvvm/repos/amvvm-master/sample/src/main/java/com/manaschaudhari/android_mvvm/sample/adapters/ItemListViewModel.java,com.manaschaudhari.android_mvvm.sample.adapters.ItemListViewModel,(initializer 1),false,41,1,1,0,1,1,2,7,0,1,0,2,0,0,0,0,0,0,3,0,2,0,0,0,0,0,3,8,0,false
/home/arch_design_predict/download-github-repos/mvvm/repos/amvvm-master/sample/src/main/java/com/manaschaudhari/android_mvvm/sample/adapters/ItemListViewModel.java,com.manaschaudhari.android_mvvm.sample.adapters.ItemListViewModel,"ItemListViewModel/2[com.manaschaudhari.android_mvvm.sample.adapters.MessageHelper,com.manaschaudhari.android_mvvm.sample.Navigator]",true,50,6,1,1,0,1,1,12,0,0,2,1,0,0,0,0,0,0,0,0,1,0,0,1,0,0,13,1,0,false
/home/arch_design_predict/download-github-repos/mvvm/repos/amvvm-master/sample/src/main/java/com/manaschaudhari/android_mvvm/sample/functional/DataLoadingViewModel.java,com.manaschaudhari.android_mvvm.sample.functional.DataLoadingViewModel$Anonymous1,apply/1[com.manaschaudhari.android_mvvm.sample.functional.Result<java.lang.String>],false,49,2,3,0,3,2,1,3,1,0,1,1,0,0,0,0,0,0,1,0,0,0,0,0,0,0,4,1,0,false
/home/arch_design_predict/download-github-repos/mvvm/repos/amvvm-master/android-mvvm/src/main/java/com/manaschaudhari/android_mvvm/adapters/ViewPagerAdapter.java,com.manaschaudhari.android_mvvm.adapters.ViewPagerAdapter,"ViewPagerAdapter/3[com.manaschaudhari.android_mvvm.adapters.Observable<java.util.List<com.manaschaudhari.android_mvvm.ViewModel>>,com.manaschaudhari.android_mvvm.adapters.ViewProvider,com.manaschaudhari.android_mvvm.adapters.ViewModelBinder]",true,51,6,2,2,0,1,4,11,0,0,3,4,0,0,0,0,0,0,0,0,3,0,0,1,0,0,18,1,0,false
/home/arch_design_predict/download-github-repos/mvvm/repos/amvvm-master/android-mvvm/src/main/java/com/manaschaudhari/android_mvvm/adapters/ViewPagerAdapter.java,com.manaschaudhari.android_mvvm.adapters.ViewPagerAdapter,"instantiateItem/2[com.manaschaudhari.android_mvvm.adapters.ViewGroup,int]",false,67,5,5,3,2,1,8,8,1,3,2,8,0,0,0,0,0,0,0,0,3,0,0,0,0,0,13,1,0,false
/home/arch_design_predict/download-github-repos/mvvm/repos/amvvm-master/android-mvvm/src/main/java/com/manaschaudhari/android_mvvm/adapters/ViewPagerAdapter.java,com.manaschaudhari.android_mvvm.adapters.ViewPagerAdapter,"isViewFromObject/2[com.manaschaudhari.android_mvvm.adapters.View,java.lang.Object]",false,99,2,1,1,0,2,1,3,1,0,2,1,0,0,0,1,0,1,0,0,0,0,0,0,0,0,8,1,0,false
/home/arch_design_predict/download-github-repos/mvvm/repos/amvvm-master/android-mvvm/src/main/java/com/manaschaudhari/android_mvvm/adapters/ViewPagerAdapter.java,com.manaschaudhari.android_mvvm.adapters.ViewPagerAdapter,getCount/0,false,94,0,2,2,0,1,1,3,1,0,0,1,0,0,0,0,0,0,0,0,0,0,0,0,0,0,2,1,0,false
/home/arch_design_predict/download-github-repos/mvvm/repos/amvvm-master/android-mvvm/src/main/java/com/manaschaudhari/android_mvvm/adapters/ViewPagerAdapter.java,com.manaschaudhari.android_mvvm.adapters.ViewPagerAdapter,getItemPosition/1[java.lang.Object],false,89,0,0,0,0,1,1,3,1,0,1,1,0,0,0,0,0,0,0,0,0,0,0,0,0,0,5,1,0,false
/home/arch_design_predict/download-github-repos/mvvm/repos/amvvm-master/android-mvvm/src/main/java/com/manaschaudhari/android_mvvm/adapters/ViewPagerAdapter.java,com.manaschaudhari.android_mvvm.adapters.ViewPagerAdapter,connect/0,false,104,1,1,1,0,1,1,3,1,0,0,1,0,0,0,0,0,0,0,0,0,0,0,0,0,0,2,1,0,false
/home/arch_design_predict/download-github-repos/mvvm/repos/amvvm-master/android-mvvm/src/main/java/com/manaschaudhari/android_mvvm/adapters/ViewPagerAdapter.java,com.manaschaudhari.android_mvvm.adapters.ViewPagerAdapter,"destroyItem/3[com.manaschaudhari.android_mvvm.adapters.ViewGroup,int,java.lang.Object]",false,81,3,2,1,1,1,4,6,0,1,3,4,0,0,0,0,0,0,0,0,1,0,0,0,0,0,8,1,0,false
/home/arch_design_predict/download-github-repos/mvvm/repos/amvvm-master/android-mvvm/src/main/java/com/manaschaudhari/android_mvvm/adapters/Connectable.java,com.manaschaudhari.android_mvvm.adapters.Connectable,connect/0,false,22,1,1,1,0,1,0,1,0,0,0,0,0,0,0,0,0,0,0,0,0,0,0,0,0,0,2,0,0,false
/home/arch_design_predict/download-github-repos/mvvm/repos/amvvm-master/rxjava-compat/src/main/java/com/manaschaudhari/android_mvvm/rxjava/RxJavaBindingUtils.java,com.manaschaudhari.android_mvvm.rxjava.RxJavaBindingUtils$Anonymous1,apply/1[java.util.List<U>],false,21,2,0,0,0,1,0,3,1,0,1,0,0,0,0,0,0,0,0,0,0,0,0,0,0,0,3,1,0,false
/home/arch_design_predict/download-github-repos/mvvm/repos/amvvm-master/sample/src/main/java/com/manaschaudhari/android_mvvm/sample/two_way_binding/SearchViewModel.java,com.manaschaudhari.android_mvvm.sample.two_way_binding.SearchViewModel,"SearchViewModel/2[com.manaschaudhari.android_mvvm.sample.adapters.MessageHelper,com.manaschaudhari.android_mvvm.sample.Navigator]",true,43,7,2,1,1,1,2,23,0,0,2,2,0,0,0,0,0,0,0,0,2,0,0,2,0,0,22,1,0,false
/home/arch_design_predict/download-github-repos/mvvm/repos/amvvm-master/rxjava-compat/src/androidTest/java/com/manaschaudhari/android_mvvm/rxjava/DummyTest.java,com.manaschaudhari.android_mvvm.rxjava.DummyTest,dummy/0,false,14,1,0,0,0,1,0,2,0,0,0,0,0,0,0,0,0,0,0,0,0,0,0,0,0,0,2,1,0,false
/home/arch_design_predict/download-github-repos/mvvm/repos/amvvm-master/android-mvvm/src/sharedTest/java/com/manaschaudhari/android_mvvm/testutils/SubscriptionCounter.java,com.manaschaudhari.android_mvvm.testutils.SubscriptionCounter$Anonymous1,accept/1[com.manaschaudhari.android_mvvm.testutils.Disposable],false,35,1,0,0,0,1,0,3,0,0,1,0,0,0,0,0,0,0,0,0,0,0,0,0,0,0,5,1,0,false
/home/arch_design_predict/download-github-repos/mvvm/repos/amvvm-master/sample/src/main/java/com/manaschaudhari/android_mvvm/sample/functional/DataService.java,com.manaschaudhari.android_mvvm.sample.functional.DataService$Anonymous1,subscribe/1[com.manaschaudhari.android_mvvm.sample.functional.SingleEmitter<com.manaschaudhari.android_mvvm.sample.functional.Result<java.lang.String>>],false,32,2,2,0,2,3,6,14,0,0,1,6,0,0,0,0,1,0,2,1,0,0,1,0,0,0,10,1,0,false
/home/arch_design_predict/download-github-repos/mvvm/repos/amvvm-master/android-mvvm/src/sharedTest/java/com/manaschaudhari/android_mvvm/testutils/SubscriptionCounter.java,com.manaschaudhari.android_mvvm.testutils.SubscriptionCounter$Anonymous2,run/0,false,40,0,6,0,6,1,0,3,0,0,0,0,0,0,0,0,0,0,0,0,0,0,0,0,0,0,3,1,0,false
/home/arch_design_predict/download-github-repos/mvvm/repos/amvvm-master/rxjava-compat/src/main/java/com/manaschaudhari/android_mvvm/rxjava/RxJavaBindingUtils.java,com.manaschaudhari.android_mvvm.rxjava.RxJavaBindingUtils,toV1GenericList/1[Observable<List<U>>],false,18,7,0,0,0,2,2,8,1,0,1,2,0,0,0,1,0,0,0,0,0,0,0,1,0,0,11,9,0,false
/home/arch_design_predict/download-github-repos/mvvm/repos/amvvm-master/android-mvvm/src/androidTest/java/com/manaschaudhari/android_mvvm/adapters/RecyclerViewAdapterTest.java,com.manaschaudhari.android_mvvm.adapters.RecyclerViewAdapterTest$TestViewProvider,getView/1[com.manaschaudhari.android_mvvm.ViewModel],false,197,2,0,0,0,2,0,6,2,0,1,0,0,0,0,0,0,1,0,1,0,0,1,0,0,0,5,1,0,false
/home/arch_design_predict/download-github-repos/mvvm/repos/amvvm-master/android-mvvm/src/main/java/com/manaschaudhari/android_mvvm/FieldUtils.java,com.manaschaudhari.android_mvvm.FieldUtils$Anonymous1,subscribe/1[com.manaschaudhari.android_mvvm.ObservableEmitter<T>],false,40,4,0,0,0,2,4,19,0,2,1,4,0,0,0,1,0,0,0,0,2,0,1,2,0,0,16,1,0,false
/home/arch_design_predict/download-github-repos/mvvm/repos/amvvm-master/sample/src/main/java/com/manaschaudhari/android_mvvm/sample/Navigator.java,com.manaschaudhari.android_mvvm.sample.Navigator,navigateToFunctionalDemo/0,false,22,0,1,1,0,1,0,1,0,0,0,0,0,0,0,0,0,0,0,0,0,0,0,0,0,0,4,0,0,false
/home/arch_design_predict/download-github-repos/mvvm/repos/amvvm-master/sample/src/main/java/com/manaschaudhari/android_mvvm/sample/Navigator.java,com.manaschaudhari.android_mvvm.sample.Navigator,navigateToAdapterDemo/0,false,24,0,1,1,0,1,0,1,0,0,0,0,0,0,0,0,0,0,0,0,0,0,0,0,0,0,4,0,0,false
/home/arch_design_predict/download-github-repos/mvvm/repos/amvvm-master/sample/src/main/java/com/manaschaudhari/android_mvvm/sample/Navigator.java,com.manaschaudhari.android_mvvm.sample.Navigator,navigateToTwoWayBindingDemo/0,false,26,0,1,1,0,1,0,1,0,0,0,0,0,0,0,0,0,0,0,0,0,0,0,0,0,0,6,0,0,false
/home/arch_design_predict/download-github-repos/mvvm/repos/amvvm-master/sample/src/main/java/com/manaschaudhari/android_mvvm/sample/Navigator.java,com.manaschaudhari.android_mvvm.sample.Navigator,openDetailsPage/1[com.manaschaudhari.android_mvvm.sample.Item],false,20,1,1,1,0,1,0,1,0,0,1,0,0,0,0,0,0,0,0,0,0,0,0,0,0,0,5,0,0,false
/home/arch_design_predict/download-github-repos/mvvm/repos/amvvm-master/sample/src/main/java/com/manaschaudhari/android_mvvm/sample/Navigator.java,com.manaschaudhari.android_mvvm.sample.Navigator,navigateToCalculatorDemo/0,false,28,0,1,1,0,1,0,1,0,0,0,0,0,0,0,0,0,0,0,0,0,0,0,0,0,0,4,0,0,false
/home/arch_design_predict/download-github-repos/mvvm/repos/amvvm-master/android-mvvm/src/main/java/com/manaschaudhari/android_mvvm/adapters/ViewProvider.java,com.manaschaudhari.android_mvvm.adapters.ViewProvider,getView/1[com.manaschaudhari.android_mvvm.ViewModel],false,24,2,2,2,0,1,0,1,0,0,1,0,0,0,0,0,0,0,0,0,0,0,0,0,0,0,4,0,0,false
/home/arch_design_predict/download-github-repos/mvvm/repos/amvvm-master/android-mvvm/src/androidTest/java/com/manaschaudhari/android_mvvm/ApplicationTest.java,ApplicationTest,ApplicationTest/0,true,26,1,0,0,0,1,0,3,0,0,0,0,0,0,0,0,0,0,0,0,0,0,0,0,0,0,2,1,0,false
/home/arch_design_predict/download-github-repos/mvvm/repos/amvvm-master/sample/src/main/java/com/manaschaudhari/android_mvvm/sample/Item.java,com.manaschaudhari.android_mvvm.sample.Item,Item/1[java.lang.String],true,25,1,3,3,0,1,0,3,0,0,1,0,0,0,0,0,0,0,0,0,1,0,0,0,0,0,2,1,0,false
/home/arch_design_predict/download-github-repos/mvvm/repos/amvvm-master/android-mvvm/src/main/java/com/manaschaudhari/android_mvvm/adapters/ViewModelBinder.java,com.manaschaudhari.android_mvvm.adapters.ViewModelBinder,"bind/2[com.manaschaudhari.android_mvvm.adapters.ViewDataBinding,com.manaschaudhari.android_mvvm.ViewModel]",false,24,2,6,6,0,1,0,1,0,0,2,0,0,0,0,0,0,0,0,0,0,0,0,0,0,0,6,0,0,false
/home/arch_design_predict/download-github-repos/mvvm/repos/amvvm-master/sample/src/main/java/com/manaschaudhari/android_mvvm/sample/adapters/ItemListActivity.java,com.manaschaudhari.android_mvvm.sample.adapters.ItemListActivity,getLayoutId/0,false,33,0,0,0,0,1,0,3,1,0,0,0,0,0,0,0,0,0,0,0,0,0,0,0,0,0,3,4,0,false
/home/arch_design_predict/download-github-repos/mvvm/repos/amvvm-master/sample/src/main/java/com/manaschaudhari/android_mvvm/sample/adapters/ItemListActivity.java,com.manaschaudhari.android_mvvm.sample.adapters.ItemListActivity,createViewModel/0,false,28,4,3,0,3,1,2,3,1,0,0,2,0,0,0,0,0,0,0,0,0,0,0,0,0,0,8,4,0,false
/home/arch_design_predict/download-github-repos/mvvm/repos/amvvm-master/sample/src/main/java/com/manaschaudhari/android_mvvm/sample/functional/Result.java,com.manaschaudhari.android_mvvm.sample.functional.Result,isSuccess/0,false,39,0,0,0,0,2,0,3,1,0,0,0,0,0,0,1,0,0,0,0,0,0,0,0,0,0,4,1,0,false
/home/arch_design_predict/download-github-repos/mvvm/repos/amvvm-master/sample/src/main/java/com/manaschaudhari/android_mvvm/sample/functional/Result.java,com.manaschaudhari.android_mvvm.sample.functional.Result,isEmpty/0,false,31,0,0,0,0,3,0,3,1,0,0,0,0,0,0,2,0,0,0,0,0,0,0,0,0,0,5,1,0,false
/home/arch_design_predict/download-github-repos/mvvm/repos/amvvm-master/sample/src/main/java/com/manaschaudhari/android_mvvm/sample/functional/Result.java,com.manaschaudhari.android_mvvm.sample.functional.Result,isError/0,false,35,0,0,0,0,2,0,3,1,0,0,0,0,0,0,1,0,0,0,0,0,0,0,0,0,0,4,1,0,false
/home/arch_design_predict/download-github-repos/mvvm/repos/amvvm-master/sample/src/main/java/com/manaschaudhari/android_mvvm/sample/functional/Result.java,com.manaschaudhari.android_mvvm.sample.functional.Result,empty/0,false,43,2,2,1,1,1,0,3,1,0,0,0,0,0,0,0,0,0,0,0,0,0,0,0,0,0,1,9,0,false
/home/arch_design_predict/download-github-repos/mvvm/repos/amvvm-master/sample/src/main/java/com/manaschaudhari/android_mvvm/sample/functional/Result.java,com.manaschaudhari.android_mvvm.sample.functional.Result,success/1[T],false,47,2,1,0,1,1,0,3,1,0,1,0,0,0,0,0,0,0,0,0,0,0,0,0,0,0,3,9,0,false
/home/arch_design_predict/download-github-repos/mvvm/repos/amvvm-master/sample/src/main/java/com/manaschaudhari/android_mvvm/sample/functional/Result.java,com.manaschaudhari.android_mvvm.sample.functional.Result,"Result/2[T,java.lang.Throwable]",true,23,1,0,0,0,3,0,7,0,0,2,0,0,0,0,2,0,0,1,0,2,0,1,0,0,0,11,2,0,false
/home/arch_design_predict/download-github-repos/mvvm/repos/amvvm-master/sample/src/main/java/com/manaschaudhari/android_mvvm/sample/functional/Result.java,com.manaschaudhari.android_mvvm.sample.functional.Result,error/1[java.lang.Throwable],false,51,2,2,1,1,1,0,3,1,0,1,0,0,0,0,0,0,0,0,0,0,0,0,0,0,0,2,9,0,false
/home/arch_design_predict/download-github-repos/mvvm/repos/amvvm-master/rxjava-compat/src/main/java/com/manaschaudhari/android_mvvm/rxjava/FieldUtils.java,com.manaschaudhari.android_mvvm.rxjava.FieldUtils,toField/1[rx.Observable<T>],false,49,5,1,0,1,1,2,3,1,0,1,2,0,0,0,0,0,0,0,0,0,0,0,0,0,0,14,9,0,true
/home/arch_design_predict/download-github-repos/mvvm/repos/amvvm-master/rxjava-compat/src/main/java/com/manaschaudhari/android_mvvm/rxjava/FieldUtils.java,com.manaschaudhari.android_mvvm.rxjava.FieldUtils,toObservable/1[ObservableField<T>],false,37,5,1,0,1,1,2,3,1,0,1,2,0,0,0,0,0,0,0,0,0,0,0,0,0,0,3,9,0,false
/home/arch_design_predict/download-github-repos/mvvm/repos/amvvm-master/sample/src/main/java/com/manaschaudhari/android_mvvm/sample/adapters/MessageHelper.java,com.manaschaudhari.android_mvvm.sample.adapters.MessageHelper,show/1[java.lang.String],false,20,0,1,1,0,1,0,1,0,0,1,0,0,0,0,0,0,0,0,0,0,0,0,0,0,0,2,0,0,false
