file,class,type,cbo,cboModified,fanin,fanout,wmc,dit,noc,rfc,lcom,lcom*,tcc,lcc,totalMethodsQty,staticMethodsQty,publicMethodsQty,privateMethodsQty,protectedMethodsQty,defaultMethodsQty,visibleMethodsQty,abstractMethodsQty,finalMethodsQty,synchronizedMethodsQty,totalFieldsQty,staticFieldsQty,publicFieldsQty,privateFieldsQty,protectedFieldsQty,defaultFieldsQty,finalFieldsQty,synchronizedFieldsQty,nosi,loc,returnQty,loopQty,comparisonsQty,tryCatchQty,parenthesizedExpsQty,stringLiteralsQty,numbersQty,assignmentsQty,mathOperationsQty,variablesQty,maxNestedBlocksQty,anonymousClassesQty,innerClassesQty,lambdasQty,uniqueWordsQty,modifiers,logStatementsQty
/home/arch_design_predict/download-github-repos/mvvm/repos/rasa-master/app/src/main/java/com/tobiasfried/brewkeeper/BrewsFragment.java,com.tobiasfried.brewkeeper.BrewsFragment$Anonymous3,anonymous,4,4,0,4,4,1,0,20,1,0.0,0.0,0.0,2,0,2,0,0,0,2,0,0,0,0,0,0,0,0,0,0,0,1,18,1,0,1,0,0,2,0,3,0,3,3,0,0,2,16,-1,0
/home/arch_design_predict/download-github-repos/mvvm/repos/rasa-master/app/src/main/java/com/tobiasfried/brewkeeper/model/Ingredient.java,com.tobiasfried.brewkeeper.model.Ingredient,class,3,12,9,3,15,1,0,1,44,0.82417583,0.21794872,0.5,13,0,13,0,0,0,13,0,0,0,7,2,2,5,0,0,2,0,0,52,5,0,1,0,0,1,3,13,0,7,1,0,0,0,34,1,0
/home/arch_design_predict/download-github-repos/mvvm/repos/rasa-master/app/src/main/java/com/tobiasfried/brewkeeper/viewmodel/MainViewModel.java,com.tobiasfried.brewkeeper.viewmodel.MainViewModel$Anonymous3,anonymous,4,4,0,4,4,1,0,3,0,0.0,NaN,NaN,1,0,1,0,0,0,1,0,0,0,0,0,0,0,0,0,0,0,0,11,0,1,2,0,0,0,0,1,0,1,2,0,0,0,14,-1,0
/home/arch_design_predict/download-github-repos/mvvm/repos/rasa-master/app/src/main/java/com/tobiasfried/brewkeeper/InputDialog.java,com.tobiasfried.brewkeeper.InputDialog$Anonymous2,anonymous,1,1,0,1,1,1,0,1,0,0.0,NaN,NaN,1,0,1,0,0,0,1,0,0,0,0,0,0,0,0,0,0,0,0,5,0,0,0,0,0,0,0,0,0,0,0,0,0,0,6,-1,0
/home/arch_design_predict/download-github-repos/mvvm/repos/rasa-master/app/src/main/java/com/tobiasfried/brewkeeper/HistoryFragment.java,com.tobiasfried.brewkeeper.HistoryFragment,class,23,26,3,23,6,2,0,24,0,0.6818182,0.33333334,0.33333334,4,0,3,1,0,0,3,0,0,0,11,1,0,8,0,3,1,0,1,70,1,0,2,0,0,0,5,11,0,16,1,2,0,1,45,1,0
/home/arch_design_predict/download-github-repos/mvvm/repos/rasa-master/app/src/main/java/com/tobiasfried/brewkeeper/EntryActivity.java,com.tobiasfried.brewkeeper.EntryActivity$Anonymous2,anonymous,2,2,0,2,3,1,0,9,1,0.0,0.0,0.0,2,0,2,0,0,0,2,0,0,0,0,0,0,0,0,0,0,0,0,12,0,0,1,0,0,0,0,1,0,1,0,0,0,0,17,-1,0
/home/arch_design_predict/download-github-repos/mvvm/repos/rasa-master/app/src/main/java/com/tobiasfried/brewkeeper/InputDialog.java,com.tobiasfried.brewkeeper.InputDialog$Anonymous1,anonymous,3,3,0,3,1,1,0,6,0,0.0,NaN,NaN,1,0,1,0,0,0,1,0,0,0,0,0,0,0,0,0,0,0,0,7,0,0,0,0,0,0,0,2,0,2,0,0,0,0,10,-1,0
/home/arch_design_predict/download-github-repos/mvvm/repos/rasa-master/app/src/main/java/com/tobiasfried/brewkeeper/EntryActivity.java,com.tobiasfried.brewkeeper.EntryActivity$Anonymous1,anonymous,2,2,0,2,4,1,0,6,3,0.0,0.0,0.0,3,0,3,0,0,0,3,0,0,0,0,0,0,0,0,0,0,0,0,15,0,0,1,0,1,0,0,6,0,5,0,0,0,0,21,-1,0
/home/arch_design_predict/download-github-repos/mvvm/repos/rasa-master/app/src/main/java/com/tobiasfried/brewkeeper/EntryExtendedActivity.java,com.tobiasfried.brewkeeper.EntryExtendedActivity$Anonymous2,anonymous,2,2,0,2,2,1,0,7,1,0.0,0.0,0.0,2,0,2,0,0,0,2,0,0,0,0,0,0,0,0,0,0,0,0,11,0,0,0,0,0,0,0,1,0,1,0,0,0,0,13,-1,0
/home/arch_design_predict/download-github-repos/mvvm/repos/rasa-master/app/src/main/java/com/tobiasfried/brewkeeper/viewmodel/EntryViewModel.java,com.tobiasfried.brewkeeper.viewmodel.EntryViewModel$Anonymous3,anonymous,4,4,0,4,3,1,0,2,0,0.0,NaN,NaN,1,0,1,0,0,0,1,0,0,0,0,0,0,0,0,0,0,0,0,7,0,0,2,0,0,0,0,0,0,0,1,0,0,0,12,-1,0
/home/arch_design_predict/download-github-repos/mvvm/repos/rasa-master/app/src/main/java/com/tobiasfried/brewkeeper/EntryExtendedActivity.java,com.tobiasfried.brewkeeper.EntryExtendedActivity$Anonymous3,anonymous,2,2,0,2,2,1,0,6,1,0.0,0.0,0.0,2,0,2,0,0,0,2,0,0,0,0,0,0,0,0,0,0,0,0,10,0,0,0,0,0,0,0,1,0,1,0,0,0,0,13,-1,0
/home/arch_design_predict/download-github-repos/mvvm/repos/rasa-master/app/src/main/java/com/tobiasfried/brewkeeper/viewmodel/EntryViewModel.java,com.tobiasfried.brewkeeper.viewmodel.EntryViewModel$Anonymous2,anonymous,4,4,0,4,3,1,0,2,0,0.0,NaN,NaN,1,0,1,0,0,0,1,0,0,0,0,0,0,0,0,0,0,0,0,7,0,0,2,0,0,0,0,0,0,0,1,0,0,0,12,-1,0
/home/arch_design_predict/download-github-repos/mvvm/repos/rasa-master/app/src/main/java/com/tobiasfried/brewkeeper/viewmodel/EntryViewModel.java,com.tobiasfried.brewkeeper.viewmodel.EntryViewModel$Anonymous1,anonymous,3,3,0,3,3,1,0,4,0,0.0,NaN,NaN,1,0,1,0,0,0,1,0,0,0,0,0,0,0,0,0,0,0,0,7,0,0,1,0,0,0,0,0,0,0,1,0,0,0,4,-1,0
/home/arch_design_predict/download-github-repos/mvvm/repos/rasa-master/app/src/main/java/com/tobiasfried/brewkeeper/EntryExtendedActivity.java,com.tobiasfried.brewkeeper.EntryExtendedActivity$Anonymous1,anonymous,1,1,0,1,3,1,0,5,3,0.0,0.0,0.0,3,0,3,0,0,0,3,0,0,0,0,0,0,0,0,0,0,0,0,14,0,0,0,0,0,0,0,5,0,5,0,0,0,0,17,-1,0
/home/arch_design_predict/download-github-repos/mvvm/repos/rasa-master/app/src/main/java/com/tobiasfried/brewkeeper/constants/TeaType.java,com.tobiasfried.brewkeeper.constants.TeaType,enum,1,6,5,1,5,1,0,1,0,0.0,0.33333334,0.33333334,3,1,2,0,0,1,3,0,0,0,1,0,0,1,0,0,1,0,1,14,2,1,1,0,0,1,7,1,0,1,2,0,0,0,30,1,0
/home/arch_design_predict/download-github-repos/mvvm/repos/rasa-master/app/src/main/java/com/tobiasfried/brewkeeper/App.java,com.tobiasfried.brewkeeper.App,class,1,1,0,1,1,2,0,2,0,0.0,NaN,NaN,1,0,1,0,0,0,1,0,0,0,0,0,0,0,0,0,0,0,0,6,0,0,0,0,0,0,0,0,0,0,0,0,0,0,4,1,0
/home/arch_design_predict/download-github-repos/mvvm/repos/rasa-master/app/src/main/java/com/tobiasfried/brewkeeper/HistoryFragment.java,com.tobiasfried.brewkeeper.HistoryFragment$Anonymous2,anonymous,9,9,0,9,2,1,0,14,1,0.0,0.0,0.0,2,0,1,0,1,0,2,0,0,0,0,0,0,0,0,0,0,0,1,17,1,0,0,0,0,0,0,3,0,4,1,0,0,1,23,-1,0
/home/arch_design_predict/download-github-repos/mvvm/repos/rasa-master/app/src/main/java/com/tobiasfried/brewkeeper/HistoryFragment.java,com.tobiasfried.brewkeeper.HistoryFragment$Anonymous1,anonymous,3,3,0,3,2,1,0,3,1,0.0,0.0,0.0,2,0,2,0,0,0,2,0,0,0,0,0,0,0,0,0,0,0,0,8,0,0,0,0,0,0,0,1,0,0,0,0,0,0,13,-1,0
/home/arch_design_predict/download-github-repos/mvvm/repos/rasa-master/app/src/main/java/com/tobiasfried/brewkeeper/viewmodel/MainViewModel.java,com.tobiasfried.brewkeeper.viewmodel.MainViewModel$Anonymous1,anonymous,4,4,0,4,4,1,0,3,0,0.0,NaN,NaN,1,0,1,0,0,0,1,0,0,0,0,0,0,0,0,0,0,0,0,11,0,1,2,0,0,0,0,1,0,1,2,0,0,0,14,-1,0
/home/arch_design_predict/download-github-repos/mvvm/repos/rasa-master/app/src/main/java/com/tobiasfried/brewkeeper/viewmodel/MainViewModel.java,com.tobiasfried.brewkeeper.viewmodel.MainViewModel$Anonymous2,anonymous,4,4,0,4,4,1,0,3,0,0.0,NaN,NaN,1,0,1,0,0,0,1,0,0,0,0,0,0,0,0,0,0,0,0,11,0,1,2,0,0,0,0,1,0,1,2,0,0,0,14,-1,0
/home/arch_design_predict/download-github-repos/mvvm/repos/rasa-master/app/src/main/java/com/tobiasfried/brewkeeper/DateSelectionDialog.java,com.tobiasfried.brewkeeper.DateSelectionDialog,class,7,8,1,7,12,2,0,13,7,0.70000005,0.26666668,0.6666667,6,1,6,0,0,0,6,0,0,0,5,1,0,5,0,0,1,0,2,48,2,0,6,0,0,3,3,13,3,13,1,0,0,0,41,1,0
/home/arch_design_predict/download-github-repos/mvvm/repos/rasa-master/app/src/main/java/com/tobiasfried/brewkeeper/DateRangeDialog.java,com.tobiasfried.brewkeeper.DateRangeDialog$Anonymous1,anonymous,4,4,0,4,4,1,0,3,1,0.0,0.0,0.0,2,0,2,0,0,0,2,0,0,0,0,0,0,0,0,0,0,0,0,14,0,0,2,0,0,0,0,0,0,0,1,0,0,0,15,-1,0
/home/arch_design_predict/download-github-repos/mvvm/repos/rasa-master/app/src/main/java/com/tobiasfried/brewkeeper/BrewsFragment.java,com.tobiasfried.brewkeeper.BrewsFragment$Anonymous1,anonymous,3,3,0,3,2,1,0,3,1,0.0,0.0,0.0,2,0,2,0,0,0,2,0,0,0,0,0,0,0,0,0,0,0,0,8,0,0,0,0,0,0,0,1,0,0,0,0,0,0,13,-1,0
/home/arch_design_predict/download-github-repos/mvvm/repos/rasa-master/app/src/main/java/com/tobiasfried/brewkeeper/BrewsFragment.java,com.tobiasfried.brewkeeper.BrewsFragment$Anonymous2,anonymous,8,8,0,8,9,1,0,35,3,0.6666667,0.0,0.0,3,0,2,0,1,0,3,0,0,0,1,0,0,1,0,0,0,0,0,82,1,0,3,0,0,4,5,18,0,14,5,0,0,8,36,-1,0
/home/arch_design_predict/download-github-repos/mvvm/repos/rasa-master/app/src/main/java/com/tobiasfried/brewkeeper/EntryExtendedActivity.java,com.tobiasfried.brewkeeper.EntryExtendedActivity,class,38,39,1,38,57,2,0,150,77,0.85632205,0.0,0.0,18,0,2,14,2,0,4,0,0,0,29,0,0,3,7,19,0,0,21,413,3,5,13,0,4,17,10,63,2,100,5,3,0,19,161,1,0
/home/arch_design_predict/download-github-repos/mvvm/repos/rasa-master/app/src/main/java/com/tobiasfried/brewkeeper/MainActivity.java,com.tobiasfried.brewkeeper.MainActivity,class,12,13,1,12,4,2,0,19,0,0.25,1.0,1.0,2,0,1,0,1,0,2,0,0,0,2,1,0,2,0,0,1,0,1,72,0,0,1,0,0,2,0,9,0,11,3,1,0,2,50,1,0
/home/arch_design_predict/download-github-repos/mvvm/repos/rasa-master/app/src/main/java/com/tobiasfried/brewkeeper/RecipeFragment.java,com.tobiasfried.brewkeeper.RecipeFragment,class,23,25,2,23,6,2,0,29,0,0.725,0.6666667,1.0,4,0,3,1,0,0,3,0,0,0,10,1,0,8,0,2,1,0,0,60,1,0,0,0,0,0,3,10,0,15,3,1,0,2,46,1,0
/home/arch_design_predict/download-github-repos/mvvm/repos/rasa-master/app/src/main/java/com/tobiasfried/brewkeeper/SettingsFragment.java,com.tobiasfried.brewkeeper.SettingsFragment,class,8,10,2,8,1,2,0,3,0,0.5,NaN,NaN,1,0,1,0,0,0,1,0,0,0,2,1,0,2,0,0,1,0,0,9,1,0,0,0,0,0,0,2,0,2,0,0,0,0,19,1,0
/home/arch_design_predict/download-github-repos/mvvm/repos/rasa-master/app/src/main/java/com/tobiasfried/brewkeeper/AppExecutors.java,com.tobiasfried.brewkeeper.AppExecutors,class,2,3,1,2,6,1,0,2,4,0.67999995,0.0,0.0,5,1,4,1,0,0,4,0,0,0,5,2,0,5,0,0,4,0,2,35,4,0,1,0,0,0,1,5,0,5,2,0,1,0,19,1,0
/home/arch_design_predict/download-github-repos/mvvm/repos/rasa-master/app/src/main/java/com/tobiasfried/brewkeeper/RecipeFragment.java,com.tobiasfried.brewkeeper.RecipeFragment$Anonymous1,anonymous,6,6,0,6,2,1,0,10,1,0.0,0.0,0.0,2,0,1,0,1,0,2,0,0,0,0,0,0,0,0,0,0,0,0,15,2,0,0,0,0,0,0,2,0,3,1,0,0,1,18,-1,0
/home/arch_design_predict/download-github-repos/mvvm/repos/rasa-master/app/src/main/java/com/tobiasfried/brewkeeper/BrewViewHolder.java,com.tobiasfried.brewkeeper.BrewViewHolder,class,13,15,2,13,13,2,0,16,0,0.60714287,1.0,1.0,2,0,2,0,0,0,2,0,0,0,14,0,1,3,0,10,0,0,3,69,0,0,1,0,3,3,5,12,5,19,1,0,0,0,45,1,0
/home/arch_design_predict/download-github-repos/mvvm/repos/rasa-master/app/src/main/java/com/tobiasfried/brewkeeper/constants/Stage.java,com.tobiasfried.brewkeeper.constants.Stage,enum,0,1,1,0,2,1,0,0,0,0.0,1.0,1.0,2,0,1,0,0,1,2,0,0,0,1,0,0,1,0,0,0,0,0,8,1,0,0,0,0,0,5,1,0,1,0,0,0,0,21,1,0
/home/arch_design_predict/download-github-repos/mvvm/repos/rasa-master/app/src/main/java/com/tobiasfried/brewkeeper/DetailActivity.java,com.tobiasfried.brewkeeper.DetailActivity$Anonymous2,anonymous,2,2,0,2,2,1,0,6,1,0.0,0.0,0.0,2,0,2,0,0,0,2,0,0,0,0,0,0,0,0,0,0,0,0,10,0,0,0,0,0,0,0,1,0,1,0,0,0,0,13,-1,0
/home/arch_design_predict/download-github-repos/mvvm/repos/rasa-master/app/src/main/java/com/tobiasfried/brewkeeper/DetailActivity.java,com.tobiasfried.brewkeeper.DetailActivity$Anonymous1,anonymous,2,2,0,2,2,1,0,7,1,0.0,0.0,0.0,2,0,2,0,0,0,2,0,0,0,0,0,0,0,0,0,0,0,0,11,0,0,0,0,0,0,0,1,0,1,0,0,0,0,13,-1,0
/home/arch_design_predict/download-github-repos/mvvm/repos/rasa-master/app/src/main/java/com/tobiasfried/brewkeeper/viewmodel/MainViewModel.java,com.tobiasfried.brewkeeper.viewmodel.MainViewModel,class,9,10,1,9,4,2,0,5,6,0.8125,0.0,0.0,4,0,4,0,0,0,4,0,0,0,4,1,0,4,0,0,1,0,0,55,3,0,0,0,0,2,0,5,0,5,0,3,0,0,23,1,0
/home/arch_design_predict/download-github-repos/mvvm/repos/rasa-master/app/src/main/java/com/tobiasfried/brewkeeper/interfaces/OnRecyclerClickListener.java,com.tobiasfried.brewkeeper.interfaces.OnRecyclerClickListener,interface,0,0,0,0,1,1,0,0,0,0.0,NaN,NaN,1,0,0,0,0,1,1,0,0,0,0,0,0,0,0,0,0,0,0,3,0,0,0,0,0,0,0,0,0,0,0,0,0,0,28,1,0
/home/arch_design_predict/download-github-repos/mvvm/repos/rasa-master/app/src/main/java/com/tobiasfried/brewkeeper/DetailActivity.java,com.tobiasfried.brewkeeper.DetailActivity,class,32,33,1,32,36,2,0,117,28,0.84615386,0.0,0.0,12,0,2,9,1,0,3,0,0,0,26,0,0,3,7,16,0,0,13,272,3,4,11,0,4,11,7,43,2,68,5,2,0,10,136,1,0
/home/arch_design_predict/download-github-repos/mvvm/repos/rasa-master/app/src/main/java/com/tobiasfried/brewkeeper/InputDialog.java,com.tobiasfried.brewkeeper.InputDialog$InputSubmitListener,interface,1,1,0,1,1,1,0,0,0,0.0,NaN,NaN,1,0,0,0,0,1,1,0,0,0,0,0,0,0,0,0,0,0,0,3,0,0,0,0,0,0,0,0,0,0,0,0,0,0,7,1,0
/home/arch_design_predict/download-github-repos/mvvm/repos/rasa-master/app/src/main/java/com/tobiasfried/brewkeeper/SettingsActivity.java,com.tobiasfried.brewkeeper.SettingsActivity,class,1,1,0,1,0,2,0,0,0,0.0,-1.0,-1.0,0,0,0,0,0,0,0,0,0,0,0,0,0,0,0,0,0,0,0,2,0,0,0,0,0,0,0,0,0,0,0,0,0,0,4,1,0
/home/arch_design_predict/download-github-repos/mvvm/repos/rasa-master/app/src/main/java/com/tobiasfried/brewkeeper/BrewsFragment.java,com.tobiasfried.brewkeeper.BrewsFragment,class,25,28,3,25,7,2,0,26,4,0.76923084,0.16666667,0.16666667,5,0,4,1,0,0,4,0,0,0,13,1,0,10,0,3,1,0,2,158,1,0,2,0,1,0,6,11,0,16,1,3,0,1,53,1,0
/home/arch_design_predict/download-github-repos/mvvm/repos/rasa-master/app/src/androidTest/java/com/tobiasfried/brewkeeper/ExampleInstrumentedTest.java,com.tobiasfried.brewkeeper.ExampleInstrumentedTest,class,4,4,0,4,1,1,0,3,0,0.0,NaN,NaN,1,0,1,0,0,0,1,0,0,0,0,0,0,0,0,0,0,0,0,6,0,0,0,0,0,1,0,1,0,1,0,0,0,0,19,1,0
/home/arch_design_predict/download-github-repos/mvvm/repos/rasa-master/app/src/main/java/com/tobiasfried/brewkeeper/EntryActivity.java,com.tobiasfried.brewkeeper.EntryActivity,class,34,35,1,34,25,2,0,97,32,0.85763884,0.0,0.0,12,0,2,9,1,0,3,0,0,0,24,3,2,2,7,13,1,0,14,226,2,2,5,0,2,9,6,47,1,67,2,2,0,8,138,1,0
/home/arch_design_predict/download-github-repos/mvvm/repos/rasa-master/app/src/main/java/com/tobiasfried/brewkeeper/HistoryViewHolder.java,com.tobiasfried.brewkeeper.HistoryViewHolder,class,6,8,2,6,1,2,0,1,0,1.0,NaN,NaN,1,0,1,0,0,0,1,0,0,0,3,0,0,0,0,3,0,0,0,9,0,0,0,0,0,0,0,0,0,3,0,0,0,0,10,1,0
/home/arch_design_predict/download-github-repos/mvvm/repos/rasa-master/app/src/main/java/com/tobiasfried/brewkeeper/model/Brew.java,com.tobiasfried.brewkeeper.model.Brew,class,5,20,15,5,31,1,0,1,18,0.79120874,0.2820513,0.35897437,13,0,13,0,0,0,13,0,0,0,7,2,2,5,0,0,2,0,6,99,11,0,6,0,0,4,0,17,0,7,2,0,0,0,44,1,0
/home/arch_design_predict/download-github-repos/mvvm/repos/rasa-master/app/src/main/java/com/tobiasfried/brewkeeper/messaging/MessageService.java,com.tobiasfried.brewkeeper.messaging.MessageService,class,3,5,2,3,3,2,0,10,0,0.0,1.0,1.0,2,1,2,0,0,0,2,0,0,0,1,1,1,0,0,0,1,0,0,17,1,0,0,0,0,2,0,2,1,3,2,0,0,1,18,1,0
/home/arch_design_predict/download-github-repos/mvvm/repos/rasa-master/app/src/main/java/com/tobiasfried/brewkeeper/constants/IngredientType.java,com.tobiasfried.brewkeeper.constants.IngredientType,enum,1,3,2,1,5,1,0,1,0,0.0,0.33333334,0.33333334,3,1,2,0,0,1,3,0,0,0,1,0,0,1,0,0,1,0,1,14,2,1,1,0,0,1,3,1,0,1,2,0,0,0,25,1,0
/home/arch_design_predict/download-github-repos/mvvm/repos/rasa-master/app/src/main/java/com/tobiasfried/brewkeeper/AppExecutors.java,com.tobiasfried.brewkeeper.AppExecutors$MainThreadExecutor,innerclass,2,2,0,2,1,1,0,2,0,0.0,NaN,NaN,1,0,1,0,0,0,1,0,0,0,1,0,0,1,0,0,1,0,0,6,0,0,0,0,0,0,0,1,0,1,0,0,0,0,8,10,0
/home/arch_design_predict/download-github-repos/mvvm/repos/rasa-master/app/src/main/java/com/tobiasfried/brewkeeper/viewmodel/EntryViewModel.java,com.tobiasfried.brewkeeper.viewmodel.EntryViewModel,class,10,15,5,10,6,2,0,8,6,0.76,0.2,0.3,5,0,5,0,0,0,5,0,0,0,5,1,0,5,0,0,1,0,0,52,4,0,1,0,0,2,0,6,0,5,1,3,0,0,32,1,0
/home/arch_design_predict/download-github-repos/mvvm/repos/rasa-master/app/src/main/java/com/tobiasfried/brewkeeper/GenericPickerDialog.java,com.tobiasfried.brewkeeper.GenericPickerDialog,class,7,8,1,7,3,2,0,8,0,0.33333334,0.6666667,1.0,3,1,3,0,0,0,3,0,0,0,2,1,0,2,0,0,0,0,1,19,2,0,0,0,0,1,0,5,0,5,0,0,0,0,26,1,0
/home/arch_design_predict/download-github-repos/mvvm/repos/rasa-master/app/src/main/java/com/tobiasfried/brewkeeper/DateRangeDialog.java,com.tobiasfried.brewkeeper.DateRangeDialog,class,11,11,0,11,4,2,0,9,3,0.6666667,0.0,0.0,3,0,3,0,0,0,3,0,0,0,4,0,0,0,0,4,0,0,5,42,1,0,1,0,0,2,0,8,0,7,1,1,1,0,31,1,0
/home/arch_design_predict/download-github-repos/mvvm/repos/rasa-master/app/src/main/java/com/tobiasfried/brewkeeper/MainActivity.java,com.tobiasfried.brewkeeper.MainActivity$Anonymous1,anonymous,7,7,0,7,9,1,0,1,3,0.0,0.0,0.0,3,0,3,0,0,0,3,0,0,0,0,0,0,0,0,0,0,0,0,33,9,0,6,0,0,0,7,0,0,0,1,0,0,0,14,-1,0
/home/arch_design_predict/download-github-repos/mvvm/repos/rasa-master/app/src/main/java/com/tobiasfried/brewkeeper/DateRangeDialog.java,com.tobiasfried.brewkeeper.DateRangeDialog$Callback,interface,2,2,0,2,2,1,0,0,1,0.0,0.0,0.0,2,0,0,0,0,2,2,0,0,0,0,0,0,0,0,0,0,0,0,4,0,0,0,0,0,0,0,0,0,0,0,0,0,0,10,1,0
/home/arch_design_predict/download-github-repos/mvvm/repos/rasa-master/app/src/main/java/com/tobiasfried/brewkeeper/utils/TimeUtility.java,com.tobiasfried.brewkeeper.utils.TimeUtility,class,1,6,5,1,3,1,0,8,3,1.0,0.0,0.0,3,3,3,0,0,0,3,0,0,0,1,1,1,0,0,0,1,0,0,13,3,0,0,0,0,1,1,2,0,2,0,0,0,0,23,1,0
/home/arch_design_predict/download-github-repos/mvvm/repos/rasa-master/app/src/main/java/com/tobiasfried/brewkeeper/model/Recipe.java,com.tobiasfried.brewkeeper.model.Recipe,class,1,12,11,1,32,1,0,3,194,0.8708334,0.14855072,0.9166667,24,0,24,0,0,0,24,0,0,0,10,1,1,9,0,0,1,0,0,107,9,2,2,0,0,5,9,24,0,10,2,0,0,0,49,1,0
/home/arch_design_predict/download-github-repos/mvvm/repos/rasa-master/app/src/test/java/com/tobiasfried/brewkeeper/ExampleUnitTest.java,com.tobiasfried.brewkeeper.ExampleUnitTest,class,1,1,0,1,1,1,0,1,0,0.0,NaN,NaN,1,0,1,0,0,0,1,0,0,0,0,0,0,0,0,0,0,0,0,5,0,0,0,0,0,0,3,0,1,0,0,0,0,0,22,1,0
/home/arch_design_predict/download-github-repos/mvvm/repos/rasa-master/app/src/main/java/com/tobiasfried/brewkeeper/InputDialog.java,com.tobiasfried.brewkeeper.InputDialog,class,9,10,1,9,3,2,0,10,3,0.8333334,0.0,0.0,3,1,3,0,0,0,3,0,0,0,2,1,0,2,0,0,0,0,1,34,2,0,0,0,0,1,0,6,0,6,0,2,1,0,26,1,0
/home/arch_design_predict/download-github-repos/mvvm/repos/rasa-master/app/src/main/java/com/tobiasfried/brewkeeper/constants/SweetenerType.java,com.tobiasfried.brewkeeper.constants.SweetenerType,enum,1,2,1,1,5,1,0,1,0,0.0,0.33333334,0.33333334,3,1,2,0,0,1,3,0,0,0,1,0,0,1,0,0,1,0,1,14,2,1,1,0,0,1,6,1,0,1,2,0,0,0,30,1,0
/home/arch_design_predict/download-github-repos/mvvm/repos/rasa-master/app/src/main/java/com/tobiasfried/brewkeeper/model/Ferment.java,com.tobiasfried.brewkeeper.model.Ferment,class,0,1,1,0,2,1,0,0,1,0.5,0.0,0.0,2,0,2,0,0,0,2,0,0,0,2,0,2,0,0,0,0,0,0,10,0,0,0,0,0,0,0,2,0,2,0,0,0,0,15,1,0
/home/arch_design_predict/download-github-repos/mvvm/repos/rasa-master/app/src/main/java/com/tobiasfried/brewkeeper/RecipeViewHolder.java,com.tobiasfried.brewkeeper.RecipeViewHolder,class,7,9,2,7,4,2,0,12,1,0.5,0.0,0.0,2,0,2,0,0,0,2,0,0,0,4,0,0,0,0,4,0,0,0,20,0,0,0,0,0,0,2,0,0,4,1,0,0,0,11,1,0
/home/arch_design_predict/download-github-repos/mvvm/repos/rasa-master/app/src/main/java/com/tobiasfried/brewkeeper/viewmodel/EntryViewModelFactory.java,com.tobiasfried.brewkeeper.viewmodel.EntryViewModelFactory,class,5,8,3,5,2,2,0,0,0,0.0,1.0,1.0,2,0,2,0,0,0,2,0,0,0,3,0,0,3,0,0,3,0,0,13,1,0,0,0,0,0,0,3,0,3,0,0,0,0,18,1,0
