file,class,type,cbo,cboModified,fanin,fanout,wmc,dit,noc,rfc,lcom,lcom*,tcc,lcc,totalMethodsQty,staticMethodsQty,publicMethodsQty,privateMethodsQty,protectedMethodsQty,defaultMethodsQty,visibleMethodsQty,abstractMethodsQty,finalMethodsQty,synchronizedMethodsQty,totalFieldsQty,staticFieldsQty,publicFieldsQty,privateFieldsQty,protectedFieldsQty,defaultFieldsQty,finalFieldsQty,synchronizedFieldsQty,nosi,loc,returnQty,loopQty,comparisonsQty,tryCatchQty,parenthesizedExpsQty,stringLiteralsQty,numbersQty,assignmentsQty,mathOperationsQty,variablesQty,maxNestedBlocksQty,anonymousClassesQty,innerClassesQty,lambdasQty,uniqueWordsQty,modifiers,logStatementsQty
/home/arch_design_predict/download-github-repos/mvp/repos/AndroidModelViewPresenterTesting-master/example-app/src/main/java/com/example/cachedmodel/UglyMainActivity.java,com.example.cachedmodel.UglyMainActivity$TaskEntry,innerclass,1,1,0,1,0,1,0,0,0,NaN,-1.0,-1.0,0,0,0,0,0,0,0,0,0,0,2,2,2,0,0,0,2,0,0,4,0,0,0,0,0,2,0,2,0,2,0,0,0,0,15,1032,0
/home/arch_design_predict/download-github-repos/mvp/repos/AndroidModelViewPresenterTesting-master/example-api/src/main/java/com/example/base/SyncExecutor.java,com.example.base.SyncExecutor,class,9,15,6,9,3,1,0,3,1,0.5,0.33333334,0.33333334,3,0,3,0,0,0,3,0,0,0,2,0,0,2,0,0,0,0,0,48,0,0,0,0,0,1,0,2,0,2,0,1,3,0,22,1,0
/home/arch_design_predict/download-github-repos/mvp/repos/AndroidModelViewPresenterTesting-master/example-app/src/main/java/com/example/cachedmodel/UglyMainActivity.java,com.example.cachedmodel.UglyMainActivity$Anonymous2$Anonymous3,anonymous,2,2,0,2,3,1,0,5,1,0.0,0.0,0.0,2,0,0,0,2,0,2,0,0,0,0,0,0,0,0,0,0,0,0,14,2,0,0,0,0,1,2,0,0,0,1,0,0,0,15,-1,0
/home/arch_design_predict/download-github-repos/mvp/repos/AndroidModelViewPresenterTesting-master/example-app/src/androidTest/java/com/example/cachedmodel/ApplicationTest.java,com.example.cachedmodel.ApplicationTest,class,2,2,0,2,1,2,0,0,0,0.0,NaN,NaN,1,0,1,0,0,0,1,0,0,0,0,0,0,0,0,0,0,0,0,5,0,0,0,0,0,0,0,0,0,0,0,0,0,0,7,1,0
/home/arch_design_predict/download-github-repos/mvp/repos/AndroidModelViewPresenterTesting-master/example-api/src/test/java/com/example/dao/AsyncTasksDaoTest.java,com.example.dao.AsyncTasksDaoTest,class,10,11,1,10,3,1,0,13,1,0.5,0.33333334,0.33333334,3,0,3,0,0,0,3,0,0,0,4,0,0,0,0,4,0,0,0,28,0,0,0,0,0,3,3,0,0,4,0,0,1,0,24,1,0
/home/arch_design_predict/download-github-repos/mvp/repos/AndroidModelViewPresenterTesting-master/example-api/src/test/java/com/example/sample/NiceAsyncTest.java,com.example.sample.NiceAsyncTest,class,8,8,0,8,1,1,0,4,0,0.0,NaN,NaN,1,0,1,0,0,0,1,0,0,0,1,0,0,0,0,1,0,0,0,22,0,0,0,0,0,0,3,1,0,2,0,0,1,0,16,1,0
/home/arch_design_predict/download-github-repos/mvp/repos/AndroidModelViewPresenterTesting-master/example-api/src/test/java/com/example/sample/UglyAsyncTest.java,com.example.sample.UglyAsyncTest$AddClass,innerclass,1,1,0,1,1,1,0,1,0,0.0,NaN,NaN,1,0,1,0,0,0,1,0,0,0,0,0,0,0,0,0,0,0,0,10,0,0,0,0,0,0,0,0,0,0,0,1,0,0,6,8,0
/home/arch_design_predict/download-github-repos/mvp/repos/AndroidModelViewPresenterTesting-master/example-api/src/test/java/com/example/sample/UglyAsyncTest.java,com.example.sample.UglyAsyncTest,class,3,3,0,3,1,1,0,5,0,0.0,NaN,NaN,1,0,1,0,0,0,1,0,0,0,0,0,0,0,0,0,0,0,0,31,0,0,0,0,0,0,5,3,0,3,0,1,2,0,14,1,0
/home/arch_design_predict/download-github-repos/mvp/repos/AndroidModelViewPresenterTesting-master/example-api/src/main/java/com/example/dao/AsyncTasksDao.java,com.example.dao.AsyncTasksDao,class,7,11,4,7,3,1,0,2,0,0.33333334,1.0,1.0,3,0,3,0,0,0,3,0,0,0,2,0,0,2,0,0,2,0,0,24,0,0,0,0,0,0,0,2,0,2,0,2,0,0,12,1,0
/home/arch_design_predict/download-github-repos/mvp/repos/AndroidModelViewPresenterTesting-master/example-api/src/test/java/com/example/sample/DaggerExampleTest.java,com.example.sample.DaggerExampleTest$Module,innerclass,4,4,0,4,1,1,0,0,0,0.0,NaN,NaN,1,0,0,0,0,1,1,0,0,0,0,0,0,0,0,0,0,0,0,5,1,0,0,0,0,0,0,0,0,0,0,0,0,0,7,0,0
/home/arch_design_predict/download-github-repos/mvp/repos/AndroidModelViewPresenterTesting-master/example-api/src/test/java/com/example/sample/NiceAsyncTest.java,com.example.sample.NiceAsyncTest$AddClass$Anonymous1,anonymous,0,0,0,0,1,1,0,0,0,0.0,NaN,NaN,1,0,1,0,0,0,1,0,0,0,0,0,0,0,0,0,0,0,0,5,1,0,0,0,0,0,0,0,1,0,0,0,0,0,5,-1,0
/home/arch_design_predict/download-github-repos/mvp/repos/AndroidModelViewPresenterTesting-master/example-app/src/main/java/com/example/cachedmodel/MainActivity.java,com.example.cachedmodel.MainActivity,class,15,16,1,15,4,3,0,22,0,0.33333334,1.0,1.0,3,0,0,1,2,0,2,0,0,0,2,0,0,2,0,0,0,0,1,82,2,0,1,0,0,2,0,13,0,13,1,3,2,0,45,1,0
/home/arch_design_predict/download-github-repos/mvp/repos/AndroidModelViewPresenterTesting-master/example-api/src/main/java/com/example/dao/TasksDao.java,com.example.dao.TasksDao,interface,3,10,7,3,2,1,0,0,1,0.0,0.0,0.0,2,0,2,0,0,0,2,0,0,0,0,0,0,0,0,0,0,0,0,4,0,0,0,0,0,0,0,0,0,0,0,0,0,0,7,1,0
/home/arch_design_predict/download-github-repos/mvp/repos/AndroidModelViewPresenterTesting-master/example-api/src/test/java/com/example/sample/UglyAsyncTest.java,com.example.sample.UglyAsyncTest$Anonymous2,anonymous,0,0,0,0,2,1,0,1,0,0.0,NaN,NaN,1,0,1,0,0,0,1,0,0,0,0,0,0,0,0,0,0,0,0,9,0,0,0,1,0,0,0,0,0,0,1,0,0,0,6,-1,0
/home/arch_design_predict/download-github-repos/mvp/repos/AndroidModelViewPresenterTesting-master/example-app/src/main/java/com/example/dao/TasksDaoImpl.java,com.example.dao.TasksDaoImpl,class,14,17,3,14,8,2,0,19,0,0.2,1.0,1.0,5,0,3,1,0,1,4,0,0,0,1,0,0,1,0,0,1,0,1,82,2,1,0,5,0,0,4,10,0,10,3,0,2,0,35,1,0
/home/arch_design_predict/download-github-repos/mvp/repos/AndroidModelViewPresenterTesting-master/example-app/src/main/java/com/example/cachedmodel/MainActivity.java,com.example.cachedmodel.MainActivity$Anonymous1,anonymous,4,4,0,4,9,1,0,5,15,0.0,0.0,0.0,6,0,6,0,0,0,6,0,0,0,0,0,0,0,0,0,0,0,1,20,1,0,0,0,0,1,0,0,0,0,0,0,0,0,12,-1,0
/home/arch_design_predict/download-github-repos/mvp/repos/AndroidModelViewPresenterTesting-master/example-app/src/main/java/com/example/cachedmodel/MainActivity.java,com.example.cachedmodel.MainActivity$Anonymous2,anonymous,2,2,0,2,1,1,0,1,0,0.0,NaN,NaN,1,0,1,0,0,0,1,0,0,0,0,0,0,0,0,0,0,0,0,5,0,0,0,0,0,0,0,0,0,0,0,0,0,0,4,-1,0
/home/arch_design_predict/download-github-repos/mvp/repos/AndroidModelViewPresenterTesting-master/example-app/src/main/java/com/example/anim/FadeAnimationHelper.java,com.example.anim.FadeAnimationHelper,class,7,10,3,7,19,1,0,18,13,0.6666667,0.1,0.1,6,0,4,1,1,0,5,0,0,0,1,0,0,1,0,0,1,0,0,68,1,0,2,0,0,1,9,3,0,3,3,2,0,0,37,1,0
/home/arch_design_predict/download-github-repos/mvp/repos/AndroidModelViewPresenterTesting-master/example-api/src/test/java/com/example/presenter/TasksPresenterTest.java,com.example.presenter.TasksPresenterTest$Module,innerclass,4,4,0,4,1,1,0,0,0,0.0,NaN,NaN,1,0,0,0,0,1,1,0,0,0,0,0,0,0,0,0,0,0,0,5,1,0,0,0,0,0,0,0,0,0,0,0,0,0,7,0,0
/home/arch_design_predict/download-github-repos/mvp/repos/AndroidModelViewPresenterTesting-master/example-app/src/main/java/com/example/cachedmodel/MainApplication.java,com.example.cachedmodel.MainApplication,class,5,8,3,5,3,2,0,3,1,0.33333334,0.33333334,0.33333334,3,1,3,0,0,0,3,0,0,0,1,0,0,1,0,0,0,0,0,32,2,0,0,0,0,0,0,1,0,1,0,0,1,0,10,1,0
/home/arch_design_predict/download-github-repos/mvp/repos/AndroidModelViewPresenterTesting-master/example-app/src/main/java/com/example/cachedmodel/MainActivity.java,com.example.cachedmodel.MainActivity$Anonymous3,anonymous,2,2,0,2,1,1,0,1,0,0.0,NaN,NaN,1,0,1,0,0,0,1,0,0,0,0,0,0,0,0,0,0,0,0,5,0,0,0,0,0,0,0,0,0,0,0,0,0,0,4,-1,0
/home/arch_design_predict/download-github-repos/mvp/repos/AndroidModelViewPresenterTesting-master/example-api/src/test/java/com/example/sample/UglyAsyncTest.java,com.example.sample.UglyAsyncTest$Return,interface,1,1,0,1,1,1,0,0,0,0.0,NaN,NaN,1,0,1,0,0,0,1,0,0,0,0,0,0,0,0,0,0,0,0,3,0,0,0,0,0,0,0,0,0,0,0,0,0,0,3,8,0
/home/arch_design_predict/download-github-repos/mvp/repos/AndroidModelViewPresenterTesting-master/example-app/src/main/java/com/example/cachedmodel/MainActivity.java,com.example.cachedmodel.MainActivity$RetainedFragment,innerclass,3,3,0,3,3,2,0,2,1,0.33333334,0.33333334,0.33333334,3,0,3,0,0,0,3,0,0,0,1,0,0,1,0,0,0,0,0,13,1,0,0,0,0,0,0,1,0,1,0,0,0,0,16,9,0
/home/arch_design_predict/download-github-repos/mvp/repos/AndroidModelViewPresenterTesting-master/example-api/src/main/java/com/example/dao/AsyncTasksDao.java,com.example.dao.AsyncTasksDao$Anonymous1,anonymous,3,3,0,3,1,1,0,1,0,0.0,NaN,NaN,1,0,1,0,0,0,1,0,0,0,0,0,0,0,0,0,0,0,0,5,1,0,0,0,0,0,0,0,0,0,0,0,0,0,2,-1,0
/home/arch_design_predict/download-github-repos/mvp/repos/AndroidModelViewPresenterTesting-master/example-app/src/main/java/com/example/cachedmodel/MainApplication.java,com.example.cachedmodel.MainApplication$Module$Anonymous1,anonymous,1,1,0,1,1,1,0,1,0,0.0,NaN,NaN,1,0,1,0,0,0,1,0,0,0,0,0,0,0,0,0,0,0,0,5,0,0,0,0,0,0,0,0,0,0,0,0,0,0,3,-1,0
/home/arch_design_predict/download-github-repos/mvp/repos/AndroidModelViewPresenterTesting-master/example-api/src/main/java/com/example/dao/AsyncTasksDao.java,com.example.dao.AsyncTasksDao$Anonymous2,anonymous,2,2,0,2,1,1,0,1,0,0.0,NaN,NaN,1,0,1,0,0,0,1,0,0,0,0,0,0,0,0,0,0,0,0,5,1,0,0,0,0,0,0,0,0,0,0,0,0,0,4,-1,0
/home/arch_design_predict/download-github-repos/mvp/repos/AndroidModelViewPresenterTesting-master/example-api/src/test/java/com/example/sample/TruthExampleTest.java,com.example.sample.TruthExampleTest,class,5,5,0,5,2,1,0,10,0,0.0,0.0,0.0,2,0,2,0,0,0,2,0,0,0,1,0,0,0,0,1,0,0,0,13,0,0,0,0,0,3,0,2,0,3,0,0,0,0,27,1,0
/home/arch_design_predict/download-github-repos/mvp/repos/AndroidModelViewPresenterTesting-master/example-api/src/main/java/com/example/base/Scheduler.java,com.example.base.Scheduler,interface,1,5,4,1,1,1,0,0,0,0.0,NaN,NaN,1,0,1,0,0,0,1,0,0,0,0,0,0,0,0,0,0,0,0,3,0,0,0,0,0,0,0,0,0,0,0,0,0,0,4,1,0
/home/arch_design_predict/download-github-repos/mvp/repos/AndroidModelViewPresenterTesting-master/example-app/src/main/java/com/example/cachedmodel/MainActivity.java,com.example.cachedmodel.MainActivity$Module,innerclass,3,3,0,3,0,1,0,0,0,0.0,-1.0,-1.0,0,0,0,0,0,0,0,0,0,0,0,0,0,0,0,0,0,0,0,2,0,0,0,0,0,0,0,0,0,0,0,0,0,0,2,0,0
/home/arch_design_predict/download-github-repos/mvp/repos/AndroidModelViewPresenterTesting-master/example-api/src/test/java/com/example/dao/AsyncTasksDaoTest.java,com.example.dao.AsyncTasksDaoTest$Module,innerclass,6,6,0,6,2,1,0,1,1,0.0,0.0,0.0,2,0,0,0,0,2,2,0,0,0,0,0,0,0,0,0,0,0,0,8,2,0,0,0,0,0,0,0,0,0,0,0,0,0,11,0,0
/home/arch_design_predict/download-github-repos/mvp/repos/AndroidModelViewPresenterTesting-master/example-api/src/main/java/com/example/presenter/TasksPresenter.java,com.example.presenter.TasksPresenter$Anonymous1,anonymous,2,2,0,2,2,1,0,3,0,0.0,NaN,NaN,1,0,1,0,0,0,1,0,0,0,0,0,0,0,0,0,0,0,0,10,0,0,1,0,0,0,0,1,0,1,1,0,0,0,6,-1,0
/home/arch_design_predict/download-github-repos/mvp/repos/AndroidModelViewPresenterTesting-master/example-api/src/main/java/com/example/presenter/TasksPresenter.java,com.example.presenter.TasksPresenter$Listener,interface,2,2,0,2,6,1,0,0,15,0.0,0.0,0.0,6,0,0,0,0,6,6,0,0,0,0,0,0,0,0,0,0,0,0,8,0,0,0,0,0,0,0,0,0,0,0,0,0,0,13,9,0
/home/arch_design_predict/download-github-repos/mvp/repos/AndroidModelViewPresenterTesting-master/example-api/src/test/java/com/example/presenter/TasksPresenterTest.java,com.example.presenter.TasksPresenterTest,class,14,16,2,14,22,1,0,31,0,0.5818182,0.9,0.9,22,0,20,2,0,0,20,0,0,0,5,0,0,0,0,5,0,0,0,148,2,0,0,0,0,12,5,0,0,5,0,0,1,0,73,1,0
/home/arch_design_predict/download-github-repos/mvp/repos/AndroidModelViewPresenterTesting-master/example-api/src/main/java/com/example/base/SyncExecutor.java,com.example.base.SyncExecutor$Anonymous1$Anonymous3,anonymous,1,1,0,1,1,1,0,1,0,0.0,NaN,NaN,1,0,1,0,0,0,1,0,0,0,0,0,0,0,0,0,0,0,0,5,0,0,0,0,0,0,0,0,0,0,0,0,0,0,2,-1,0
/home/arch_design_predict/download-github-repos/mvp/repos/AndroidModelViewPresenterTesting-master/example-api/src/main/java/com/example/presenter/TasksPresenter.java,com.example.presenter.TasksPresenter$Anonymous2,anonymous,3,3,0,3,2,1,0,3,0,0.0,NaN,NaN,1,0,1,0,0,0,1,0,0,0,0,0,0,0,0,0,0,0,0,9,0,0,1,0,0,0,0,0,0,0,1,0,0,0,8,-1,0
/home/arch_design_predict/download-github-repos/mvp/repos/AndroidModelViewPresenterTesting-master/example-api/src/main/java/com/example/base/SyncExecutor.java,com.example.base.SyncExecutor$Anonymous1$Anonymous2,anonymous,1,1,0,1,1,1,0,1,0,0.0,NaN,NaN,1,0,1,0,0,0,1,0,0,0,0,0,0,0,0,0,0,0,0,5,0,0,0,0,0,0,0,0,0,0,0,0,0,0,2,-1,0
/home/arch_design_predict/download-github-repos/mvp/repos/AndroidModelViewPresenterTesting-master/example-app/src/main/java/com/example/cachedmodel/adapters/BaseArrayAdapter.java,com.example.cachedmodel.adapters.BaseArrayAdapter,class,8,12,4,8,13,2,0,11,43,0.6363636,0.10909091,0.10909091,11,0,8,0,3,0,11,2,4,0,1,0,0,0,1,0,0,0,0,41,9,0,1,0,0,0,3,3,0,2,1,0,0,0,29,1025,0
/home/arch_design_predict/download-github-repos/mvp/repos/AndroidModelViewPresenterTesting-master/example-app/src/androidTest/java/com/example/dao/TasksDaoImplTest.java,com.example.dao.TasksDaoImplTest,class,6,7,1,6,7,2,0,16,0,0.0,1.0,1.0,6,0,6,0,0,0,6,0,0,0,1,0,0,0,0,1,0,0,0,41,0,0,0,1,0,5,7,7,0,8,1,0,1,0,52,1,0
/home/arch_design_predict/download-github-repos/mvp/repos/AndroidModelViewPresenterTesting-master/example-app/src/main/java/com/example/cachedmodel/adapters/TasksAdapter.java,com.example.cachedmodel.adapters.TasksAdapter,class,8,10,2,8,4,3,0,7,1,0.33333334,0.33333334,0.33333334,3,0,1,0,2,0,3,0,0,0,1,0,0,1,0,0,1,0,0,17,2,0,1,0,0,0,0,3,0,2,1,0,0,0,20,1,0
/home/arch_design_predict/download-github-repos/mvp/repos/AndroidModelViewPresenterTesting-master/example-app/src/main/java/com/example/dao/TasksDaoImpl.java,com.example.dao.TasksDaoImpl$TaskEntry,innerclass,1,1,0,1,0,1,0,0,0,NaN,-1.0,-1.0,0,0,0,0,0,0,0,0,0,0,2,2,2,0,0,0,2,0,0,4,0,0,0,0,0,2,0,2,0,2,0,0,0,0,15,1032,0
/home/arch_design_predict/download-github-repos/mvp/repos/AndroidModelViewPresenterTesting-master/example-api/src/main/java/com/example/sample/ClassToTest.java,com.example.sample.ClassToTest,class,3,6,3,3,4,1,0,2,0,0.0,1.0,1.0,2,0,2,0,0,0,2,0,0,0,1,0,0,1,0,0,1,0,0,10,1,0,2,0,0,0,1,2,0,2,0,0,0,0,9,1,0
/home/arch_design_predict/download-github-repos/mvp/repos/AndroidModelViewPresenterTesting-master/example-api/src/test/java/com/example/sample/NiceAsyncTest.java,com.example.sample.NiceAsyncTest$AddClass,innerclass,2,2,0,2,2,1,0,1,0,0.0,1.0,1.0,2,0,2,0,0,0,2,0,0,0,1,0,0,1,0,0,1,0,0,14,0,0,0,0,0,0,0,1,0,1,0,1,0,0,7,8,0
/home/arch_design_predict/download-github-repos/mvp/repos/AndroidModelViewPresenterTesting-master/example-app/src/main/java/com/example/anim/FadeAnimationHelper.java,com.example.anim.FadeAnimationHelper$Anonymous2,anonymous,1,1,0,1,1,1,0,1,0,0.0,NaN,NaN,1,0,1,0,0,0,1,0,0,0,0,0,0,0,0,0,0,0,0,5,0,0,0,0,0,0,0,0,0,0,0,0,0,0,6,-1,0
/home/arch_design_predict/download-github-repos/mvp/repos/AndroidModelViewPresenterTesting-master/example-app/src/main/java/com/example/anim/FadeAnimationHelper.java,com.example.anim.FadeAnimationHelper$Anonymous1,anonymous,1,1,0,1,1,1,0,1,0,0.0,NaN,NaN,1,0,1,0,0,0,1,0,0,0,0,0,0,0,0,0,0,0,0,5,0,0,0,0,0,0,0,0,0,0,0,0,0,0,6,-1,0
/home/arch_design_predict/download-github-repos/mvp/repos/AndroidModelViewPresenterTesting-master/example-api/src/main/java/com/example/base/SyncExecutor.java,com.example.base.SyncExecutor$Method,interface,3,3,0,3,0,1,0,0,0,0.0,-1.0,-1.0,0,0,0,0,0,0,0,0,0,0,0,0,0,0,0,0,0,0,0,2,0,0,0,0,0,0,0,0,0,0,0,0,0,0,2,9,0
/home/arch_design_predict/download-github-repos/mvp/repos/AndroidModelViewPresenterTesting-master/example-api/src/main/java/com/example/presenter/TasksPresenter.java,com.example.presenter.TasksPresenter,class,9,17,8,9,8,1,0,8,0,0.4166667,0.7,1.0,6,0,5,1,0,0,5,0,0,0,2,0,0,2,0,0,1,0,0,58,0,0,2,0,0,2,1,4,0,3,0,2,1,0,23,1,0
/home/arch_design_predict/download-github-repos/mvp/repos/AndroidModelViewPresenterTesting-master/example-api/src/main/java/com/example/base/SyncExecutor.java,com.example.base.SyncExecutor$OnError,interface,1,1,0,1,1,1,0,0,0,0.0,NaN,NaN,1,0,1,0,0,0,1,0,0,0,0,0,0,0,0,0,0,0,0,3,0,0,0,0,0,0,0,0,0,0,0,0,0,0,5,9,0
/home/arch_design_predict/download-github-repos/mvp/repos/AndroidModelViewPresenterTesting-master/example-api/src/main/java/com/example/base/SyncExecutor.java,com.example.base.SyncExecutor$Anonymous1,anonymous,2,2,0,2,4,1,0,2,0,0.0,NaN,NaN,1,0,1,0,0,0,1,0,0,0,0,0,0,0,0,0,0,0,0,25,0,0,2,1,0,0,0,1,0,1,2,2,0,0,9,-1,0
/home/arch_design_predict/download-github-repos/mvp/repos/AndroidModelViewPresenterTesting-master/example-api/src/main/java/com/example/sample/MyDatabase.java,com.example.sample.MyDatabase,class,2,7,5,2,3,1,0,3,0,0.0,NaN,NaN,1,0,1,0,0,0,1,0,0,0,0,0,0,0,0,0,0,0,0,13,3,0,0,0,0,1,3,1,2,1,1,0,0,0,6,1,0
/home/arch_design_predict/download-github-repos/mvp/repos/AndroidModelViewPresenterTesting-master/example-app/src/main/java/com/example/cachedmodel/MainApplication.java,com.example.cachedmodel.MainApplication$Module,innerclass,10,10,0,10,3,1,0,2,3,0.0,0.0,0.0,3,0,0,0,0,3,3,0,0,0,0,0,0,0,0,0,0,0,0,18,3,0,0,0,0,0,3,2,0,2,0,1,0,0,16,0,0
/home/arch_design_predict/download-github-repos/mvp/repos/AndroidModelViewPresenterTesting-master/example-api/src/test/java/com/example/sample/UglyAsyncTest.java,com.example.sample.UglyAsyncTest$AddClass$Anonymous1,anonymous,1,1,0,1,1,1,0,1,0,0.0,NaN,NaN,1,0,1,0,0,0,1,0,0,0,0,0,0,0,0,0,0,0,0,5,0,0,0,0,0,0,0,0,1,0,0,0,0,0,3,-1,0
/home/arch_design_predict/download-github-repos/mvp/repos/AndroidModelViewPresenterTesting-master/example-api/src/test/java/com/example/sample/DaggerExampleTest.java,com.example.sample.DaggerExampleTest,class,7,8,1,7,2,1,0,12,0,0.0,0.0,0.0,2,0,2,0,0,0,2,0,0,0,2,0,0,0,0,2,0,0,0,19,0,0,0,0,0,3,0,1,0,3,0,0,1,0,28,1,0
/home/arch_design_predict/download-github-repos/mvp/repos/AndroidModelViewPresenterTesting-master/example-app/src/main/java/com/example/cachedmodel/UglyMainActivity.java,com.example.cachedmodel.UglyMainActivity,class,19,24,5,19,21,3,0,38,20,0.8214286,0.26666668,0.4,8,0,3,2,3,0,6,0,0,0,7,0,0,7,0,0,0,0,1,192,2,1,2,4,0,1,13,20,0,19,3,5,2,0,83,1,0
/home/arch_design_predict/download-github-repos/mvp/repos/AndroidModelViewPresenterTesting-master/example-app/src/main/java/com/example/cachedmodel/UglyMainActivity.java,com.example.cachedmodel.UglyMainActivity$Anonymous2,anonymous,3,3,0,3,1,1,0,4,0,0.0,NaN,NaN,1,0,1,0,0,0,1,0,0,0,0,0,0,0,0,0,0,0,1,21,0,0,0,0,0,0,1,1,0,1,0,1,0,0,8,-1,0
/home/arch_design_predict/download-github-repos/mvp/repos/AndroidModelViewPresenterTesting-master/example-app/src/main/java/com/example/cachedmodel/UglyMainActivity.java,com.example.cachedmodel.UglyMainActivity$Anonymous1,anonymous,2,2,0,2,1,1,0,2,0,0.0,NaN,NaN,1,0,1,0,0,0,1,0,0,0,0,0,0,0,0,0,0,0,0,6,0,0,0,0,0,0,1,0,0,0,0,0,0,0,8,-1,0
/home/arch_design_predict/download-github-repos/mvp/repos/AndroidModelViewPresenterTesting-master/example-api/src/test/java/com/example/sample/MockitoExampleTest.java,com.example.sample.MockitoExampleTest,class,5,5,0,5,2,1,0,8,0,0.0,0.0,0.0,2,0,2,0,0,0,2,0,0,0,1,0,0,0,0,1,0,0,0,13,0,0,0,0,0,3,0,2,0,3,0,0,0,0,26,1,0
/home/arch_design_predict/download-github-repos/mvp/repos/AndroidModelViewPresenterTesting-master/example-app/src/main/java/com/example/cachedmodel/UglyMainActivity.java,com.example.cachedmodel.UglyMainActivity$Anonymous6,anonymous,1,1,0,1,1,1,0,1,0,0.0,NaN,NaN,1,0,1,0,0,0,1,0,0,0,0,0,0,0,0,0,0,0,0,5,0,0,0,0,0,0,0,0,0,0,0,0,0,0,6,-1,0
/home/arch_design_predict/download-github-repos/mvp/repos/AndroidModelViewPresenterTesting-master/example-app/src/main/java/com/example/cachedmodel/UglyMainActivity.java,com.example.cachedmodel.UglyMainActivity$Anonymous5,anonymous,1,1,0,1,1,1,0,1,0,0.0,NaN,NaN,1,0,1,0,0,0,1,0,0,0,0,0,0,0,0,0,0,0,0,5,0,0,0,0,0,0,0,0,0,0,0,0,0,0,6,-1,0
/home/arch_design_predict/download-github-repos/mvp/repos/AndroidModelViewPresenterTesting-master/example-api/src/main/java/com/example/base/SyncExecutor.java,com.example.base.SyncExecutor$OnSuccess,interface,1,1,0,1,1,1,0,0,0,0.0,NaN,NaN,1,0,1,0,0,0,1,0,0,0,0,0,0,0,0,0,0,0,0,3,0,0,0,0,0,0,0,0,0,0,0,0,0,0,3,9,0
/home/arch_design_predict/download-github-repos/mvp/repos/AndroidModelViewPresenterTesting-master/example-app/src/main/java/com/example/cachedmodel/UglyMainActivity.java,com.example.cachedmodel.UglyMainActivity$Anonymous4,anonymous,4,4,0,4,3,1,0,4,1,0.0,0.0,0.0,2,0,0,0,2,0,2,0,0,0,0,0,0,0,0,0,0,0,0,14,2,0,0,0,0,0,2,0,0,0,1,0,0,0,14,-1,0
/home/arch_design_predict/download-github-repos/mvp/repos/AndroidModelViewPresenterTesting-master/example-app/src/androidTest/java/com/example/dao/TasksDaoImplTest.java,com.example.dao.TasksDaoImplTest$Module,innerclass,4,4,0,4,1,1,0,2,0,0.0,NaN,NaN,1,0,0,0,0,1,1,0,0,0,0,0,0,0,0,0,0,0,0,5,1,0,0,0,0,0,0,0,0,0,0,0,0,0,6,0,0
/home/arch_design_predict/download-github-repos/mvp/repos/AndroidModelViewPresenterTesting-master/example-app/src/main/java/com/example/cachedmodel/UglyMainActivity.java,com.example.cachedmodel.UglyMainActivity$DbHelper,innerclass,5,5,0,5,4,2,0,3,6,0.8,0.0,0.0,4,0,4,0,0,0,4,0,0,0,5,5,2,3,0,0,5,0,0,20,0,0,0,0,0,7,1,5,2,5,0,0,0,0,35,8,0
/home/arch_design_predict/download-github-repos/mvp/repos/AndroidModelViewPresenterTesting-master/example-app/src/main/java/com/example/dao/TasksDaoImpl.java,com.example.dao.TasksDaoImpl$DbHelper,innerclass,5,5,0,5,4,2,0,3,6,0.8,0.0,0.0,4,0,4,0,0,0,4,0,0,0,5,5,2,3,0,0,5,0,0,20,0,0,0,0,0,7,1,5,2,5,0,0,0,0,35,8,0
/home/arch_design_predict/download-github-repos/mvp/repos/AndroidModelViewPresenterTesting-master/example-api/src/main/java/com/example/base/SameThreadScheduler.java,com.example.base.SameThreadScheduler,class,2,4,2,2,1,1,0,2,0,0.0,NaN,NaN,1,0,1,0,0,0,1,0,0,0,0,0,0,0,0,0,0,0,0,6,0,0,0,0,0,0,0,0,0,0,0,0,0,0,9,1,0
/home/arch_design_predict/download-github-repos/mvp/repos/AndroidModelViewPresenterTesting-master/example-api/src/main/java/com/example/model/Task.java,com.example.model.Task,class,2,17,15,2,8,1,0,2,0,0.2,0.9,1.0,5,0,5,0,0,0,5,0,0,0,2,0,0,2,0,0,2,0,0,25,6,0,2,0,3,0,2,5,3,4,1,0,0,0,12,1,0
