file,class,method,variable,usage
/home/arch_design_predict/download-github-repos/mvp/repos/AndroidModelViewPresenterTesting-master/example-api/src/main/java/com/example/base/SyncExecutor.java,com.example.base.SyncExecutor,"executeAndReturn/3[java.util.concurrent.Callable<X>,com.example.base.SyncExecutor.OnSuccess<X>,com.example.base.SyncExecutor.OnError]",mExecutor,1
/home/arch_design_predict/download-github-repos/mvp/repos/AndroidModelViewPresenterTesting-master/example-api/src/main/java/com/example/base/SyncExecutor.java,com.example.base.SyncExecutor,"SyncExecutor/2[com.example.base.ListeningExecutorService,com.example.base.Scheduler]",mExecutor,1
/home/arch_design_predict/download-github-repos/mvp/repos/AndroidModelViewPresenterTesting-master/example-api/src/main/java/com/example/base/SyncExecutor.java,com.example.base.SyncExecutor,"SyncExecutor/2[com.example.base.ListeningExecutorService,com.example.base.Scheduler]",mScheduler,1
/home/arch_design_predict/download-github-repos/mvp/repos/AndroidModelViewPresenterTesting-master/example-api/src/test/java/com/example/dao/AsyncTasksDaoTest.java,com.example.dao.AsyncTasksDaoTest,testAddTaskSuccess_callbackCalled/0,dao,1
/home/arch_design_predict/download-github-repos/mvp/repos/AndroidModelViewPresenterTesting-master/example-api/src/test/java/com/example/dao/AsyncTasksDaoTest.java,com.example.dao.AsyncTasksDaoTest,testAddTaskSuccess_callbackCalled/0,asyncDao,1
/home/arch_design_predict/download-github-repos/mvp/repos/AndroidModelViewPresenterTesting-master/example-api/src/test/java/com/example/dao/AsyncTasksDaoTest.java,com.example.dao.AsyncTasksDaoTest,testAddTaskSuccess_callbackCalled/0,taskCallback,2
/home/arch_design_predict/download-github-repos/mvp/repos/AndroidModelViewPresenterTesting-master/example-api/src/test/java/com/example/dao/AsyncTasksDaoTest.java,com.example.dao.AsyncTasksDaoTest,testGetTasksSuccess_callbackCalled/0,tasksCallback,2
/home/arch_design_predict/download-github-repos/mvp/repos/AndroidModelViewPresenterTesting-master/example-api/src/test/java/com/example/dao/AsyncTasksDaoTest.java,com.example.dao.AsyncTasksDaoTest,testGetTasksSuccess_callbackCalled/0,dao,1
/home/arch_design_predict/download-github-repos/mvp/repos/AndroidModelViewPresenterTesting-master/example-api/src/test/java/com/example/dao/AsyncTasksDaoTest.java,com.example.dao.AsyncTasksDaoTest,testGetTasksSuccess_callbackCalled/0,asyncDao,1
/home/arch_design_predict/download-github-repos/mvp/repos/AndroidModelViewPresenterTesting-master/example-api/src/test/java/com/example/sample/NiceAsyncTest.java,com.example.sample.NiceAsyncTest,testName/0,callback,2
/home/arch_design_predict/download-github-repos/mvp/repos/AndroidModelViewPresenterTesting-master/example-api/src/main/java/com/example/dao/AsyncTasksDao.java,com.example.dao.AsyncTasksDao,"addTask/2[com.example.model.Task,com.example.base.SyncExecutor.OnSuccess<com.example.model.Task>]",syncExecutor,1
/home/arch_design_predict/download-github-repos/mvp/repos/AndroidModelViewPresenterTesting-master/example-api/src/main/java/com/example/dao/AsyncTasksDao.java,com.example.dao.AsyncTasksDao,getAllTasks/1[com.example.base.SyncExecutor.OnSuccess<com.example.dao.ImmutableList<com.example.model.Task>>],syncExecutor,1
/home/arch_design_predict/download-github-repos/mvp/repos/AndroidModelViewPresenterTesting-master/example-api/src/main/java/com/example/dao/AsyncTasksDao.java,com.example.dao.AsyncTasksDao,"AsyncTasksDao/2[com.example.base.SyncExecutor,com.example.dao.TasksDao]",syncExecutor,3
/home/arch_design_predict/download-github-repos/mvp/repos/AndroidModelViewPresenterTesting-master/example-api/src/main/java/com/example/dao/AsyncTasksDao.java,com.example.dao.AsyncTasksDao,"AsyncTasksDao/2[com.example.base.SyncExecutor,com.example.dao.TasksDao]",tasksDao,3
/home/arch_design_predict/download-github-repos/mvp/repos/AndroidModelViewPresenterTesting-master/example-app/src/main/java/com/example/cachedmodel/MainActivity.java,com.example.cachedmodel.MainActivity,onDestroy/0,presenter,1
/home/arch_design_predict/download-github-repos/mvp/repos/AndroidModelViewPresenterTesting-master/example-app/src/main/java/com/example/cachedmodel/MainActivity.java,com.example.cachedmodel.MainActivity,onCreate/1[com.example.cachedmodel.Bundle],presenter,2
/home/arch_design_predict/download-github-repos/mvp/repos/AndroidModelViewPresenterTesting-master/example-app/src/main/java/com/example/cachedmodel/MainActivity.java,com.example.cachedmodel.MainActivity,onCreate/1[com.example.cachedmodel.Bundle],mAdapter,2
/home/arch_design_predict/download-github-repos/mvp/repos/AndroidModelViewPresenterTesting-master/example-app/src/main/java/com/example/dao/TasksDaoImpl.java,com.example.dao.TasksDaoImpl,TasksDaoImpl/1[com.example.dao.Context],dbHelper,1
/home/arch_design_predict/download-github-repos/mvp/repos/AndroidModelViewPresenterTesting-master/example-app/src/main/java/com/example/dao/TasksDaoImpl.java,com.example.dao.TasksDaoImpl,addTask/1[com.example.model.Task],dbHelper,1
/home/arch_design_predict/download-github-repos/mvp/repos/AndroidModelViewPresenterTesting-master/example-app/src/main/java/com/example/dao/TasksDaoImpl.java,com.example.dao.TasksDaoImpl,clear/0,dbHelper,1
/home/arch_design_predict/download-github-repos/mvp/repos/AndroidModelViewPresenterTesting-master/example-app/src/main/java/com/example/dao/TasksDaoImpl.java,com.example.dao.TasksDaoImpl,getAllTasks/0,dbHelper,1
/home/arch_design_predict/download-github-repos/mvp/repos/AndroidModelViewPresenterTesting-master/example-app/src/main/java/com/example/anim/FadeAnimationHelper.java,com.example.anim.FadeAnimationHelper,"setVisibility/3[com.example.anim.View,int,boolean]",mShortAnimationDuration,1
/home/arch_design_predict/download-github-repos/mvp/repos/AndroidModelViewPresenterTesting-master/example-app/src/main/java/com/example/anim/FadeAnimationHelper.java,com.example.anim.FadeAnimationHelper,FadeAnimationHelper/1[com.example.anim.Resources],mShortAnimationDuration,2
/home/arch_design_predict/download-github-repos/mvp/repos/AndroidModelViewPresenterTesting-master/example-app/src/main/java/com/example/cachedmodel/MainApplication.java,com.example.cachedmodel.MainApplication,onCreate/0,objectGraph,2
/home/arch_design_predict/download-github-repos/mvp/repos/AndroidModelViewPresenterTesting-master/example-app/src/main/java/com/example/cachedmodel/MainApplication.java,com.example.cachedmodel.MainApplication,objectGraph/0,objectGraph,2
/home/arch_design_predict/download-github-repos/mvp/repos/AndroidModelViewPresenterTesting-master/example-app/src/main/java/com/example/cachedmodel/MainActivity.java,com.example.cachedmodel.MainActivity$RetainedFragment,getData/0,data,1
/home/arch_design_predict/download-github-repos/mvp/repos/AndroidModelViewPresenterTesting-master/example-app/src/main/java/com/example/cachedmodel/MainActivity.java,com.example.cachedmodel.MainActivity$RetainedFragment,setData/1[com.example.presenter.TasksPresenter],data,3
/home/arch_design_predict/download-github-repos/mvp/repos/AndroidModelViewPresenterTesting-master/example-api/src/test/java/com/example/sample/TruthExampleTest.java,com.example.sample.TruthExampleTest,testWhenListIsNull_queryWillBeTrue/0,databaseMock,3
/home/arch_design_predict/download-github-repos/mvp/repos/AndroidModelViewPresenterTesting-master/example-api/src/test/java/com/example/presenter/TasksPresenterTest.java,com.example.presenter.TasksPresenterTest,testWhenSendClick_showTasksProgress/0,presenter,2
/home/arch_design_predict/download-github-repos/mvp/repos/AndroidModelViewPresenterTesting-master/example-api/src/test/java/com/example/presenter/TasksPresenterTest.java,com.example.presenter.TasksPresenterTest,testWhenSendClick_showTasksProgress/0,listener,3
/home/arch_design_predict/download-github-repos/mvp/repos/AndroidModelViewPresenterTesting-master/example-api/src/test/java/com/example/presenter/TasksPresenterTest.java,com.example.presenter.TasksPresenterTest,testAfterRestoreData_errorIsHidden/0,presenter,3
/home/arch_design_predict/download-github-repos/mvp/repos/AndroidModelViewPresenterTesting-master/example-api/src/test/java/com/example/presenter/TasksPresenterTest.java,com.example.presenter.TasksPresenterTest,testAfterRestoreData_errorIsHidden/0,listener,4
/home/arch_design_predict/download-github-repos/mvp/repos/AndroidModelViewPresenterTesting-master/example-api/src/test/java/com/example/presenter/TasksPresenterTest.java,com.example.presenter.TasksPresenterTest,testAfterStart_hideError/0,presenter,1
/home/arch_design_predict/download-github-repos/mvp/repos/AndroidModelViewPresenterTesting-master/example-api/src/test/java/com/example/presenter/TasksPresenterTest.java,com.example.presenter.TasksPresenterTest,testAfterStart_hideError/0,listener,3
/home/arch_design_predict/download-github-repos/mvp/repos/AndroidModelViewPresenterTesting-master/example-api/src/test/java/com/example/presenter/TasksPresenterTest.java,com.example.presenter.TasksPresenterTest,testWhenReceiveTasksAfterUnregister_nothingHappen/0,presenter,2
/home/arch_design_predict/download-github-repos/mvp/repos/AndroidModelViewPresenterTesting-master/example-api/src/test/java/com/example/presenter/TasksPresenterTest.java,com.example.presenter.TasksPresenterTest,testWhenReceiveTasksAfterUnregister_nothingHappen/0,listener,3
/home/arch_design_predict/download-github-repos/mvp/repos/AndroidModelViewPresenterTesting-master/example-api/src/test/java/com/example/presenter/TasksPresenterTest.java,com.example.presenter.TasksPresenterTest,testErrorClickAfterUnregister_throwIllegalStateException/0,presenter,3
/home/arch_design_predict/download-github-repos/mvp/repos/AndroidModelViewPresenterTesting-master/example-api/src/test/java/com/example/presenter/TasksPresenterTest.java,com.example.presenter.TasksPresenterTest,testErrorClickAfterUnregister_throwIllegalStateException/0,listener,1
/home/arch_design_predict/download-github-repos/mvp/repos/AndroidModelViewPresenterTesting-master/example-api/src/test/java/com/example/presenter/TasksPresenterTest.java,com.example.presenter.TasksPresenterTest,testWhenSendSuccess_hideTasksProgress/0,presenter,2
/home/arch_design_predict/download-github-repos/mvp/repos/AndroidModelViewPresenterTesting-master/example-api/src/test/java/com/example/presenter/TasksPresenterTest.java,com.example.presenter.TasksPresenterTest,testWhenSendSuccess_hideTasksProgress/0,listener,4
/home/arch_design_predict/download-github-repos/mvp/repos/AndroidModelViewPresenterTesting-master/example-api/src/test/java/com/example/presenter/TasksPresenterTest.java,com.example.presenter.TasksPresenterTest,getAddTaskCallable/0,taskCallbackCaptor,2
/home/arch_design_predict/download-github-repos/mvp/repos/AndroidModelViewPresenterTesting-master/example-api/src/test/java/com/example/presenter/TasksPresenterTest.java,com.example.presenter.TasksPresenterTest,getAddTaskCallable/0,tasksDao,1
/home/arch_design_predict/download-github-repos/mvp/repos/AndroidModelViewPresenterTesting-master/example-api/src/test/java/com/example/presenter/TasksPresenterTest.java,com.example.presenter.TasksPresenterTest,testWhenSendSuccess_refreshListData/0,presenter,2
/home/arch_design_predict/download-github-repos/mvp/repos/AndroidModelViewPresenterTesting-master/example-api/src/test/java/com/example/presenter/TasksPresenterTest.java,com.example.presenter.TasksPresenterTest,testWhenSendSuccess_refreshListData/0,listener,2
/home/arch_design_predict/download-github-repos/mvp/repos/AndroidModelViewPresenterTesting-master/example-api/src/test/java/com/example/presenter/TasksPresenterTest.java,com.example.presenter.TasksPresenterTest,testWhenSendSuccess_refreshListData/0,tasksDao,2
/home/arch_design_predict/download-github-repos/mvp/repos/AndroidModelViewPresenterTesting-master/example-api/src/test/java/com/example/presenter/TasksPresenterTest.java,com.example.presenter.TasksPresenterTest,testAfterGettingTasks_hideProgress/0,presenter,1
/home/arch_design_predict/download-github-repos/mvp/repos/AndroidModelViewPresenterTesting-master/example-api/src/test/java/com/example/presenter/TasksPresenterTest.java,com.example.presenter.TasksPresenterTest,testAfterGettingTasks_hideProgress/0,listener,3
/home/arch_design_predict/download-github-repos/mvp/repos/AndroidModelViewPresenterTesting-master/example-api/src/test/java/com/example/presenter/TasksPresenterTest.java,com.example.presenter.TasksPresenterTest,testWhenErrorClick_showProgressWhileRefreshing/0,presenter,2
/home/arch_design_predict/download-github-repos/mvp/repos/AndroidModelViewPresenterTesting-master/example-api/src/test/java/com/example/presenter/TasksPresenterTest.java,com.example.presenter.TasksPresenterTest,testWhenErrorClick_showProgressWhileRefreshing/0,listener,3
/home/arch_design_predict/download-github-repos/mvp/repos/AndroidModelViewPresenterTesting-master/example-api/src/test/java/com/example/presenter/TasksPresenterTest.java,com.example.presenter.TasksPresenterTest,testAfterGettingTasks_swapData/0,presenter,1
/home/arch_design_predict/download-github-repos/mvp/repos/AndroidModelViewPresenterTesting-master/example-api/src/test/java/com/example/presenter/TasksPresenterTest.java,com.example.presenter.TasksPresenterTest,testAfterGettingTasks_swapData/0,listener,2
/home/arch_design_predict/download-github-repos/mvp/repos/AndroidModelViewPresenterTesting-master/example-api/src/test/java/com/example/presenter/TasksPresenterTest.java,com.example.presenter.TasksPresenterTest,testWhenSendClick_callAddTask/0,presenter,2
/home/arch_design_predict/download-github-repos/mvp/repos/AndroidModelViewPresenterTesting-master/example-api/src/test/java/com/example/presenter/TasksPresenterTest.java,com.example.presenter.TasksPresenterTest,testWhenSendClick_callAddTask/0,listener,2
/home/arch_design_predict/download-github-repos/mvp/repos/AndroidModelViewPresenterTesting-master/example-api/src/test/java/com/example/presenter/TasksPresenterTest.java,com.example.presenter.TasksPresenterTest,testWhenSendClick_callAddTask/0,tasksDao,1
/home/arch_design_predict/download-github-repos/mvp/repos/AndroidModelViewPresenterTesting-master/example-api/src/test/java/com/example/presenter/TasksPresenterTest.java,com.example.presenter.TasksPresenterTest,testAfterRestoreData_progressIsHidden/0,presenter,3
/home/arch_design_predict/download-github-repos/mvp/repos/AndroidModelViewPresenterTesting-master/example-api/src/test/java/com/example/presenter/TasksPresenterTest.java,com.example.presenter.TasksPresenterTest,testAfterRestoreData_progressIsHidden/0,listener,4
/home/arch_design_predict/download-github-repos/mvp/repos/AndroidModelViewPresenterTesting-master/example-api/src/test/java/com/example/presenter/TasksPresenterTest.java,com.example.presenter.TasksPresenterTest,testAfterStart_hideTaskProgress/0,presenter,1
/home/arch_design_predict/download-github-repos/mvp/repos/AndroidModelViewPresenterTesting-master/example-api/src/test/java/com/example/presenter/TasksPresenterTest.java,com.example.presenter.TasksPresenterTest,testAfterStart_hideTaskProgress/0,listener,3
/home/arch_design_predict/download-github-repos/mvp/repos/AndroidModelViewPresenterTesting-master/example-api/src/test/java/com/example/presenter/TasksPresenterTest.java,com.example.presenter.TasksPresenterTest,testAfterStart_showProgress/0,presenter,1
/home/arch_design_predict/download-github-repos/mvp/repos/AndroidModelViewPresenterTesting-master/example-api/src/test/java/com/example/presenter/TasksPresenterTest.java,com.example.presenter.TasksPresenterTest,testAfterStart_showProgress/0,listener,3
/home/arch_design_predict/download-github-repos/mvp/repos/AndroidModelViewPresenterTesting-master/example-api/src/test/java/com/example/presenter/TasksPresenterTest.java,com.example.presenter.TasksPresenterTest,testWhenErrorClick_refreshData/0,presenter,2
/home/arch_design_predict/download-github-repos/mvp/repos/AndroidModelViewPresenterTesting-master/example-api/src/test/java/com/example/presenter/TasksPresenterTest.java,com.example.presenter.TasksPresenterTest,testWhenErrorClick_refreshData/0,listener,1
/home/arch_design_predict/download-github-repos/mvp/repos/AndroidModelViewPresenterTesting-master/example-api/src/test/java/com/example/presenter/TasksPresenterTest.java,com.example.presenter.TasksPresenterTest,testWhenErrorClick_refreshData/0,callbackCaptor,1
/home/arch_design_predict/download-github-repos/mvp/repos/AndroidModelViewPresenterTesting-master/example-api/src/test/java/com/example/presenter/TasksPresenterTest.java,com.example.presenter.TasksPresenterTest,testWhenErrorClick_refreshData/0,tasksDao,2
/home/arch_design_predict/download-github-repos/mvp/repos/AndroidModelViewPresenterTesting-master/example-api/src/test/java/com/example/presenter/TasksPresenterTest.java,com.example.presenter.TasksPresenterTest,testWhenSendSuccessAfterUnregister_doNotNotifyListener/0,presenter,3
/home/arch_design_predict/download-github-repos/mvp/repos/AndroidModelViewPresenterTesting-master/example-api/src/test/java/com/example/presenter/TasksPresenterTest.java,com.example.presenter.TasksPresenterTest,testWhenSendSuccessAfterUnregister_doNotNotifyListener/0,listener,4
/home/arch_design_predict/download-github-repos/mvp/repos/AndroidModelViewPresenterTesting-master/example-api/src/test/java/com/example/presenter/TasksPresenterTest.java,com.example.presenter.TasksPresenterTest,testAfterRotation_dataIsRestored/0,presenter,3
/home/arch_design_predict/download-github-repos/mvp/repos/AndroidModelViewPresenterTesting-master/example-api/src/test/java/com/example/presenter/TasksPresenterTest.java,com.example.presenter.TasksPresenterTest,testAfterRotation_dataIsRestored/0,listener,4
/home/arch_design_predict/download-github-repos/mvp/repos/AndroidModelViewPresenterTesting-master/example-api/src/test/java/com/example/presenter/TasksPresenterTest.java,com.example.presenter.TasksPresenterTest,getAllTasksCallable/0,callbackCaptor,2
/home/arch_design_predict/download-github-repos/mvp/repos/AndroidModelViewPresenterTesting-master/example-api/src/test/java/com/example/presenter/TasksPresenterTest.java,com.example.presenter.TasksPresenterTest,getAllTasksCallable/0,tasksDao,1
/home/arch_design_predict/download-github-repos/mvp/repos/AndroidModelViewPresenterTesting-master/example-api/src/test/java/com/example/presenter/TasksPresenterTest.java,com.example.presenter.TasksPresenterTest,testWhenSendSuccess_clearTaskTextView/0,presenter,2
/home/arch_design_predict/download-github-repos/mvp/repos/AndroidModelViewPresenterTesting-master/example-api/src/test/java/com/example/presenter/TasksPresenterTest.java,com.example.presenter.TasksPresenterTest,testWhenSendSuccess_clearTaskTextView/0,listener,4
/home/arch_design_predict/download-github-repos/mvp/repos/AndroidModelViewPresenterTesting-master/example-api/src/test/java/com/example/presenter/TasksPresenterTest.java,com.example.presenter.TasksPresenterTest,testSendClickAfterUnregister_throwIllegalStateException/0,presenter,3
/home/arch_design_predict/download-github-repos/mvp/repos/AndroidModelViewPresenterTesting-master/example-api/src/test/java/com/example/presenter/TasksPresenterTest.java,com.example.presenter.TasksPresenterTest,testSendClickAfterUnregister_throwIllegalStateException/0,listener,1
/home/arch_design_predict/download-github-repos/mvp/repos/AndroidModelViewPresenterTesting-master/example-app/src/main/java/com/example/cachedmodel/adapters/BaseArrayAdapter.java,com.example.cachedmodel.adapters.BaseArrayAdapter,swapData/1[com.example.cachedmodel.adapters.ImmutableList<T>],mItems,1
/home/arch_design_predict/download-github-repos/mvp/repos/AndroidModelViewPresenterTesting-master/example-app/src/main/java/com/example/cachedmodel/adapters/BaseArrayAdapter.java,com.example.cachedmodel.adapters.BaseArrayAdapter,getCount/0,mItems,1
/home/arch_design_predict/download-github-repos/mvp/repos/AndroidModelViewPresenterTesting-master/example-app/src/main/java/com/example/cachedmodel/adapters/BaseArrayAdapter.java,com.example.cachedmodel.adapters.BaseArrayAdapter,getItem/1[int],mItems,1
/home/arch_design_predict/download-github-repos/mvp/repos/AndroidModelViewPresenterTesting-master/example-app/src/main/java/com/example/cachedmodel/adapters/BaseArrayAdapter.java,com.example.cachedmodel.adapters.BaseArrayAdapter,getItemId/1[int],mItems,1
/home/arch_design_predict/download-github-repos/mvp/repos/AndroidModelViewPresenterTesting-master/example-app/src/androidTest/java/com/example/dao/TasksDaoImplTest.java,com.example.dao.TasksDaoImplTest,setUp/0,tasksDao,1
/home/arch_design_predict/download-github-repos/mvp/repos/AndroidModelViewPresenterTesting-master/example-app/src/androidTest/java/com/example/dao/TasksDaoImplTest.java,com.example.dao.TasksDaoImplTest,testAfterAddingItem_itemIsStored/0,tasksDao,2
/home/arch_design_predict/download-github-repos/mvp/repos/AndroidModelViewPresenterTesting-master/example-app/src/androidTest/java/com/example/dao/TasksDaoImplTest.java,com.example.dao.TasksDaoImplTest,testAtStartPoint_tasksListIsEmpty/0,tasksDao,1
/home/arch_design_predict/download-github-repos/mvp/repos/AndroidModelViewPresenterTesting-master/example-app/src/androidTest/java/com/example/dao/TasksDaoImplTest.java,com.example.dao.TasksDaoImplTest,testAddedItem_haveSameIdAsReceived/0,tasksDao,2
/home/arch_design_predict/download-github-repos/mvp/repos/AndroidModelViewPresenterTesting-master/example-app/src/androidTest/java/com/example/dao/TasksDaoImplTest.java,com.example.dao.TasksDaoImplTest,testTryToAddItemWithId_illegalArgumentException/0,tasksDao,1
/home/arch_design_predict/download-github-repos/mvp/repos/AndroidModelViewPresenterTesting-master/example-app/src/androidTest/java/com/example/dao/TasksDaoImplTest.java,com.example.dao.TasksDaoImplTest,testAfterAddingItem_itemWillHaveSetId/0,tasksDao,1
/home/arch_design_predict/download-github-repos/mvp/repos/AndroidModelViewPresenterTesting-master/example-app/src/main/java/com/example/cachedmodel/adapters/TasksAdapter.java,com.example.cachedmodel.adapters.TasksAdapter,TasksAdapter/1[com.example.cachedmodel.adapters.Context],mContext,1
/home/arch_design_predict/download-github-repos/mvp/repos/AndroidModelViewPresenterTesting-master/example-app/src/main/java/com/example/cachedmodel/adapters/TasksAdapter.java,com.example.cachedmodel.adapters.TasksAdapter,"getView/4[int,com.example.model.Task,com.example.cachedmodel.adapters.View,com.example.cachedmodel.adapters.ViewGroup]",mContext,1
/home/arch_design_predict/download-github-repos/mvp/repos/AndroidModelViewPresenterTesting-master/example-api/src/main/java/com/example/sample/ClassToTest.java,com.example.sample.ClassToTest,ClassToTest/1[com.example.sample.MyDatabase],myDatabase,3
/home/arch_design_predict/download-github-repos/mvp/repos/AndroidModelViewPresenterTesting-master/example-api/src/main/java/com/example/sample/ClassToTest.java,com.example.sample.ClassToTest,query/1[java.lang.String],myDatabase,1
/home/arch_design_predict/download-github-repos/mvp/repos/AndroidModelViewPresenterTesting-master/example-api/src/test/java/com/example/sample/NiceAsyncTest.java,com.example.sample.NiceAsyncTest$AddClass,AddClass/1[com.example.base.SyncExecutor],syncExecutor,3
/home/arch_design_predict/download-github-repos/mvp/repos/AndroidModelViewPresenterTesting-master/example-api/src/test/java/com/example/sample/NiceAsyncTest.java,com.example.sample.NiceAsyncTest$AddClass,"add/3[int,int,com.example.base.SyncExecutor.OnSuccess<java.lang.Integer>]",syncExecutor,1
/home/arch_design_predict/download-github-repos/mvp/repos/AndroidModelViewPresenterTesting-master/example-api/src/main/java/com/example/presenter/TasksPresenter.java,com.example.presenter.TasksPresenter,unregister/0,listener,1
/home/arch_design_predict/download-github-repos/mvp/repos/AndroidModelViewPresenterTesting-master/example-api/src/main/java/com/example/presenter/TasksPresenter.java,com.example.presenter.TasksPresenter,retrieveData/0,tasksDao,1
/home/arch_design_predict/download-github-repos/mvp/repos/AndroidModelViewPresenterTesting-master/example-api/src/main/java/com/example/presenter/TasksPresenter.java,com.example.presenter.TasksPresenter,TasksPresenter/1[com.example.dao.AsyncTasksDao],tasksDao,3
/home/arch_design_predict/download-github-repos/mvp/repos/AndroidModelViewPresenterTesting-master/example-api/src/main/java/com/example/presenter/TasksPresenter.java,com.example.presenter.TasksPresenter,sendClick/0,listener,3
/home/arch_design_predict/download-github-repos/mvp/repos/AndroidModelViewPresenterTesting-master/example-api/src/main/java/com/example/presenter/TasksPresenter.java,com.example.presenter.TasksPresenter,sendClick/0,tasksDao,1
/home/arch_design_predict/download-github-repos/mvp/repos/AndroidModelViewPresenterTesting-master/example-api/src/main/java/com/example/presenter/TasksPresenter.java,com.example.presenter.TasksPresenter,errorClick/0,listener,2
/home/arch_design_predict/download-github-repos/mvp/repos/AndroidModelViewPresenterTesting-master/example-api/src/main/java/com/example/presenter/TasksPresenter.java,com.example.presenter.TasksPresenter,register/1[com.example.presenter.TasksPresenter.Listener],listener,6
/home/arch_design_predict/download-github-repos/mvp/repos/AndroidModelViewPresenterTesting-master/example-api/src/test/java/com/example/sample/DaggerExampleTest.java,com.example.sample.DaggerExampleTest,testWhenListIsNull_queryWillBeTrue/0,databaseMock,2
/home/arch_design_predict/download-github-repos/mvp/repos/AndroidModelViewPresenterTesting-master/example-api/src/test/java/com/example/sample/DaggerExampleTest.java,com.example.sample.DaggerExampleTest,testWhenListIsNull_queryWillBeTrue/0,classToTest,1
/home/arch_design_predict/download-github-repos/mvp/repos/AndroidModelViewPresenterTesting-master/example-app/src/main/java/com/example/cachedmodel/UglyMainActivity.java,com.example.cachedmodel.UglyMainActivity,addTask/1[com.example.model.Task],dbHelper,1
/home/arch_design_predict/download-github-repos/mvp/repos/AndroidModelViewPresenterTesting-master/example-app/src/main/java/com/example/cachedmodel/UglyMainActivity.java,com.example.cachedmodel.UglyMainActivity,getAllTasks/0,dbHelper,1
/home/arch_design_predict/download-github-repos/mvp/repos/AndroidModelViewPresenterTesting-master/example-app/src/main/java/com/example/cachedmodel/UglyMainActivity.java,com.example.cachedmodel.UglyMainActivity,onCreate/1[com.example.cachedmodel.Bundle],taskTextView,1
/home/arch_design_predict/download-github-repos/mvp/repos/AndroidModelViewPresenterTesting-master/example-app/src/main/java/com/example/cachedmodel/UglyMainActivity.java,com.example.cachedmodel.UglyMainActivity,onCreate/1[com.example.cachedmodel.Bundle],progressView,2
/home/arch_design_predict/download-github-repos/mvp/repos/AndroidModelViewPresenterTesting-master/example-app/src/main/java/com/example/cachedmodel/UglyMainActivity.java,com.example.cachedmodel.UglyMainActivity,onCreate/1[com.example.cachedmodel.Bundle],mAdapter,2
/home/arch_design_predict/download-github-repos/mvp/repos/AndroidModelViewPresenterTesting-master/example-app/src/main/java/com/example/cachedmodel/UglyMainActivity.java,com.example.cachedmodel.UglyMainActivity,onCreate/1[com.example.cachedmodel.Bundle],errorView,3
/home/arch_design_predict/download-github-repos/mvp/repos/AndroidModelViewPresenterTesting-master/example-app/src/main/java/com/example/cachedmodel/UglyMainActivity.java,com.example.cachedmodel.UglyMainActivity,onCreate/1[com.example.cachedmodel.Bundle],dbHelper,1
/home/arch_design_predict/download-github-repos/mvp/repos/AndroidModelViewPresenterTesting-master/example-app/src/main/java/com/example/cachedmodel/UglyMainActivity.java,com.example.cachedmodel.UglyMainActivity,onCreate/1[com.example.cachedmodel.Bundle],activie,1
/home/arch_design_predict/download-github-repos/mvp/repos/AndroidModelViewPresenterTesting-master/example-app/src/main/java/com/example/cachedmodel/UglyMainActivity.java,com.example.cachedmodel.UglyMainActivity,onCreate/1[com.example.cachedmodel.Bundle],taskProgress,2
/home/arch_design_predict/download-github-repos/mvp/repos/AndroidModelViewPresenterTesting-master/example-app/src/main/java/com/example/cachedmodel/UglyMainActivity.java,com.example.cachedmodel.UglyMainActivity,onDestroy/0,activie,1
/home/arch_design_predict/download-github-repos/mvp/repos/AndroidModelViewPresenterTesting-master/example-api/src/test/java/com/example/sample/MockitoExampleTest.java,com.example.sample.MockitoExampleTest,testWhenListIsNull_queryWillBeTrue/0,databaseMock,3
/home/arch_design_predict/download-github-repos/mvp/repos/AndroidModelViewPresenterTesting-master/example-app/src/main/java/com/example/cachedmodel/UglyMainActivity.java,com.example.cachedmodel.UglyMainActivity$DbHelper,"onUpgrade/3[com.example.cachedmodel.SQLiteDatabase,int,int]",SQL_DELETE_ENTRIES,1
/home/arch_design_predict/download-github-repos/mvp/repos/AndroidModelViewPresenterTesting-master/example-app/src/main/java/com/example/cachedmodel/UglyMainActivity.java,com.example.cachedmodel.UglyMainActivity$DbHelper,DbHelper/1[com.example.cachedmodel.Context],DATABASE_NAME,1
/home/arch_design_predict/download-github-repos/mvp/repos/AndroidModelViewPresenterTesting-master/example-app/src/main/java/com/example/cachedmodel/UglyMainActivity.java,com.example.cachedmodel.UglyMainActivity$DbHelper,DbHelper/1[com.example.cachedmodel.Context],DATABASE_VERSION,1
/home/arch_design_predict/download-github-repos/mvp/repos/AndroidModelViewPresenterTesting-master/example-app/src/main/java/com/example/cachedmodel/UglyMainActivity.java,com.example.cachedmodel.UglyMainActivity$DbHelper,onCreate/1[com.example.cachedmodel.SQLiteDatabase],SQL_CREATE_ENTRIES,1
/home/arch_design_predict/download-github-repos/mvp/repos/AndroidModelViewPresenterTesting-master/example-app/src/main/java/com/example/dao/TasksDaoImpl.java,com.example.dao.TasksDaoImpl$DbHelper,"onUpgrade/3[com.example.dao.SQLiteDatabase,int,int]",SQL_DELETE_ENTRIES,1
/home/arch_design_predict/download-github-repos/mvp/repos/AndroidModelViewPresenterTesting-master/example-app/src/main/java/com/example/dao/TasksDaoImpl.java,com.example.dao.TasksDaoImpl$DbHelper,DbHelper/1[com.example.dao.Context],DATABASE_NAME,1
/home/arch_design_predict/download-github-repos/mvp/repos/AndroidModelViewPresenterTesting-master/example-app/src/main/java/com/example/dao/TasksDaoImpl.java,com.example.dao.TasksDaoImpl$DbHelper,DbHelper/1[com.example.dao.Context],DATABASE_VERSION,1
/home/arch_design_predict/download-github-repos/mvp/repos/AndroidModelViewPresenterTesting-master/example-app/src/main/java/com/example/dao/TasksDaoImpl.java,com.example.dao.TasksDaoImpl$DbHelper,onCreate/1[com.example.dao.SQLiteDatabase],SQL_CREATE_ENTRIES,1
/home/arch_design_predict/download-github-repos/mvp/repos/AndroidModelViewPresenterTesting-master/example-api/src/main/java/com/example/model/Task.java,com.example.model.Task,id/0,id,2
/home/arch_design_predict/download-github-repos/mvp/repos/AndroidModelViewPresenterTesting-master/example-api/src/main/java/com/example/model/Task.java,com.example.model.Task,hashCode/0,name,1
/home/arch_design_predict/download-github-repos/mvp/repos/AndroidModelViewPresenterTesting-master/example-api/src/main/java/com/example/model/Task.java,com.example.model.Task,hashCode/0,id,2
/home/arch_design_predict/download-github-repos/mvp/repos/AndroidModelViewPresenterTesting-master/example-api/src/main/java/com/example/model/Task.java,com.example.model.Task,name/0,name,2
/home/arch_design_predict/download-github-repos/mvp/repos/AndroidModelViewPresenterTesting-master/example-api/src/main/java/com/example/model/Task.java,com.example.model.Task,"Task/2[long,java.lang.String]",name,3
/home/arch_design_predict/download-github-repos/mvp/repos/AndroidModelViewPresenterTesting-master/example-api/src/main/java/com/example/model/Task.java,com.example.model.Task,"Task/2[long,java.lang.String]",id,3
/home/arch_design_predict/download-github-repos/mvp/repos/AndroidModelViewPresenterTesting-master/example-api/src/main/java/com/example/model/Task.java,com.example.model.Task,equals/1[java.lang.Object],name,1
/home/arch_design_predict/download-github-repos/mvp/repos/AndroidModelViewPresenterTesting-master/example-api/src/main/java/com/example/model/Task.java,com.example.model.Task,equals/1[java.lang.Object],id,1
