file,class,type,cbo,cboModified,fanin,fanout,wmc,dit,noc,rfc,lcom,lcom*,tcc,lcc,totalMethodsQty,staticMethodsQty,publicMethodsQty,privateMethodsQty,protectedMethodsQty,defaultMethodsQty,visibleMethodsQty,abstractMethodsQty,finalMethodsQty,synchronizedMethodsQty,totalFieldsQty,staticFieldsQty,publicFieldsQty,privateFieldsQty,protectedFieldsQty,defaultFieldsQty,finalFieldsQty,synchronizedFieldsQty,nosi,loc,returnQty,loopQty,comparisonsQty,tryCatchQty,parenthesizedExpsQty,stringLiteralsQty,numbersQty,assignmentsQty,mathOperationsQty,variablesQty,maxNestedBlocksQty,anonymousClassesQty,innerClassesQty,lambdasQty,uniqueWordsQty,modifiers,logStatementsQty
/Users/sirojiddinkomolov/Documents/innopolis/research/arch_design_pattern_detection/exps/3rd_revision/coach_repos_r/calendar-contacts-shortcuts-master/org_shortcuts/src/org/shortcuts/ShortcutActivity.java,org.shortcuts.ShortcutActivity,class,5,5,0,5,1,2,0,9,0,0.0,NaN,NaN,1,0,0,0,1,0,1,0,0,0,1,0,0,1,0,0,0,0,0,47,0,0,0,0,0,0,0,4,0,4,0,2,0,0,44,1,0
/Users/sirojiddinkomolov/Documents/innopolis/research/arch_design_pattern_detection/exps/3rd_revision/coach_repos_r/calendar-contacts-shortcuts-master/org_shortcuts/src/org/shortcuts/Utils.java,org.shortcuts.Utils,class,1,2,1,1,3,1,0,7,0,0.0,NaN,NaN,1,1,1,0,0,0,1,0,0,0,0,0,0,0,0,0,0,0,0,19,1,1,1,1,0,0,1,4,0,3,2,0,0,0,41,1,0
/Users/sirojiddinkomolov/Documents/innopolis/research/arch_design_pattern_detection/exps/3rd_revision/coach_repos_r/calendar-contacts-shortcuts-master/org_shortcuts/src/org/shortcuts/BaseActivity.java,org.shortcuts.BaseActivity,class,4,4,0,4,1,2,0,8,0,0.0,NaN,NaN,1,0,1,0,0,0,1,0,0,0,1,0,0,1,0,0,0,0,1,11,0,0,0,0,0,0,0,2,0,2,0,0,0,0,24,1,0
/Users/sirojiddinkomolov/Documents/innopolis/research/arch_design_pattern_detection/exps/3rd_revision/coach_repos_r/calendar-contacts-shortcuts-master/org_shortcuts/src/org/shortcuts/ShortcutActivity.java,org.shortcuts.ShortcutActivity$Anonymous2,anonymous,2,2,0,2,1,1,0,2,0,0.0,NaN,NaN,1,0,1,0,0,0,1,0,0,0,0,0,0,0,0,0,0,0,0,7,0,0,0,0,0,0,0,1,0,1,0,0,0,0,10,-1,0
/Users/sirojiddinkomolov/Documents/innopolis/research/arch_design_pattern_detection/exps/3rd_revision/coach_repos_r/calendar-contacts-shortcuts-master/org_shortcuts/src/org/shortcuts/ShortcutActivity.java,org.shortcuts.ShortcutActivity$Anonymous1,anonymous,3,3,0,3,3,1,0,6,0,0.0,NaN,NaN,1,0,1,0,0,0,1,0,0,0,0,0,0,0,0,0,0,0,0,25,0,0,0,0,0,2,2,7,0,3,1,0,0,0,16,-1,0
