file,class,method,constructor,line,cbo,cboModified,fanin,fanout,wmc,rfc,loc,returnsQty,variablesQty,parametersQty,methodsInvokedQty,methodsInvokedLocalQty,methodsInvokedIndirectLocalQty,loopQty,comparisonsQty,tryCatchQty,parenthesizedExpsQty,stringLiteralsQty,numbersQty,assignmentsQty,mathOperationsQty,maxNestedBlocksQty,anonymousClassesQty,innerClassesQty,lambdasQty,uniqueWordsQty,modifiers,logStatementsQty,hasJavaDoc
/Users/sirojiddinkomolov/Documents/innopolis/research/arch_design_pattern_detection/exps/3rd_revision/coach_repos_r/calendar-contacts-shortcuts-master/org_shortcuts/src/org/shortcuts/ShortcutActivity.java,org.shortcuts.ShortcutActivity,onCreate/1[org.shortcuts.Bundle],false,35,4,0,0,0,1,9,44,0,3,1,9,0,0,0,0,0,0,0,0,4,0,0,2,0,0,51,4,0,false
/Users/sirojiddinkomolov/Documents/innopolis/research/arch_design_pattern_detection/exps/3rd_revision/coach_repos_r/calendar-contacts-shortcuts-master/org_shortcuts/src/org/shortcuts/Utils.java,org.shortcuts.Utils,"readContentFromResource/2[org.shortcuts.Context,int]",false,41,1,1,1,0,3,7,17,1,3,2,7,0,0,1,1,1,0,0,1,4,0,2,0,0,0,40,9,0,true
/Users/sirojiddinkomolov/Documents/innopolis/research/arch_design_pattern_detection/exps/3rd_revision/coach_repos_r/calendar-contacts-shortcuts-master/org_shortcuts/src/org/shortcuts/BaseActivity.java,org.shortcuts.BaseActivity,onCreate/1[org.shortcuts.Bundle],false,36,3,1,0,1,1,8,8,0,1,1,8,0,0,0,0,0,0,0,0,2,0,0,0,0,0,22,1,0,true
/Users/sirojiddinkomolov/Documents/innopolis/research/arch_design_pattern_detection/exps/3rd_revision/coach_repos_r/calendar-contacts-shortcuts-master/org_shortcuts/src/org/shortcuts/ShortcutActivity.java,org.shortcuts.ShortcutActivity$Anonymous2,onCancel/1[org.shortcuts.DialogInterface],false,113,2,0,0,0,1,2,5,0,1,1,2,0,0,0,0,0,0,0,0,1,0,0,0,0,0,10,1,0,false
/Users/sirojiddinkomolov/Documents/innopolis/research/arch_design_pattern_detection/exps/3rd_revision/coach_repos_r/calendar-contacts-shortcuts-master/org_shortcuts/src/org/shortcuts/ShortcutActivity.java,org.shortcuts.ShortcutActivity$Anonymous1,"onClick/2[org.shortcuts.DialogInterface,int]",false,46,3,0,0,0,3,6,23,0,3,2,6,0,0,0,0,0,0,2,2,7,0,1,0,0,0,16,1,0,false
