file,class,method,variable,usage
/Users/sirojiddinkomolov/Documents/innopolis/research/arch_design_pattern_detection/exps/3rd_revision/coach_repos_r/calendar-contacts-shortcuts-master/org_shortcuts/src/org/shortcuts/ShortcutActivity.java,org.shortcuts.ShortcutActivity,onCreate/1[org.shortcuts.Bundle],savedInstanceState,1
/Users/sirojiddinkomolov/Documents/innopolis/research/arch_design_pattern_detection/exps/3rd_revision/coach_repos_r/calendar-contacts-shortcuts-master/org_shortcuts/src/org/shortcuts/ShortcutActivity.java,org.shortcuts.ShortcutActivity,onCreate/1[org.shortcuts.Bundle],alert,1
/Users/sirojiddinkomolov/Documents/innopolis/research/arch_design_pattern_detection/exps/3rd_revision/coach_repos_r/calendar-contacts-shortcuts-master/org_shortcuts/src/org/shortcuts/ShortcutActivity.java,org.shortcuts.ShortcutActivity,onCreate/1[org.shortcuts.Bundle],builder,4
/Users/sirojiddinkomolov/Documents/innopolis/research/arch_design_pattern_detection/exps/3rd_revision/coach_repos_r/calendar-contacts-shortcuts-master/org_shortcuts/src/org/shortcuts/ShortcutActivity.java,org.shortcuts.ShortcutActivity,onCreate/1[org.shortcuts.Bundle],items,1
/Users/sirojiddinkomolov/Documents/innopolis/research/arch_design_pattern_detection/exps/3rd_revision/coach_repos_r/calendar-contacts-shortcuts-master/org_shortcuts/src/org/shortcuts/Utils.java,org.shortcuts.Utils,"readContentFromResource/2[org.shortcuts.Context,int]",resourceID,1
/Users/sirojiddinkomolov/Documents/innopolis/research/arch_design_pattern_detection/exps/3rd_revision/coach_repos_r/calendar-contacts-shortcuts-master/org_shortcuts/src/org/shortcuts/Utils.java,org.shortcuts.Utils,"readContentFromResource/2[org.shortcuts.Context,int]",stream,2
/Users/sirojiddinkomolov/Documents/innopolis/research/arch_design_pattern_detection/exps/3rd_revision/coach_repos_r/calendar-contacts-shortcuts-master/org_shortcuts/src/org/shortcuts/Utils.java,org.shortcuts.Utils,"readContentFromResource/2[org.shortcuts.Context,int]",e,1
/Users/sirojiddinkomolov/Documents/innopolis/research/arch_design_pattern_detection/exps/3rd_revision/coach_repos_r/calendar-contacts-shortcuts-master/org_shortcuts/src/org/shortcuts/Utils.java,org.shortcuts.Utils,"readContentFromResource/2[org.shortcuts.Context,int]",context,1
/Users/sirojiddinkomolov/Documents/innopolis/research/arch_design_pattern_detection/exps/3rd_revision/coach_repos_r/calendar-contacts-shortcuts-master/org_shortcuts/src/org/shortcuts/Utils.java,org.shortcuts.Utils,"readContentFromResource/2[org.shortcuts.Context,int]",raw,3
/Users/sirojiddinkomolov/Documents/innopolis/research/arch_design_pattern_detection/exps/3rd_revision/coach_repos_r/calendar-contacts-shortcuts-master/org_shortcuts/src/org/shortcuts/Utils.java,org.shortcuts.Utils,"readContentFromResource/2[org.shortcuts.Context,int]",i,4
/Users/sirojiddinkomolov/Documents/innopolis/research/arch_design_pattern_detection/exps/3rd_revision/coach_repos_r/calendar-contacts-shortcuts-master/org_shortcuts/src/org/shortcuts/BaseActivity.java,org.shortcuts.BaseActivity,onCreate/1[org.shortcuts.Bundle],savedInstanceState,1
/Users/sirojiddinkomolov/Documents/innopolis/research/arch_design_pattern_detection/exps/3rd_revision/coach_repos_r/calendar-contacts-shortcuts-master/org_shortcuts/src/org/shortcuts/BaseActivity.java,org.shortcuts.BaseActivity,onCreate/1[org.shortcuts.Bundle],descriptionText,1
/Users/sirojiddinkomolov/Documents/innopolis/research/arch_design_pattern_detection/exps/3rd_revision/coach_repos_r/calendar-contacts-shortcuts-master/org_shortcuts/src/org/shortcuts/ShortcutActivity.java,org.shortcuts.ShortcutActivity$Anonymous2,onCancel/1[org.shortcuts.DialogInterface],dialog,0
/Users/sirojiddinkomolov/Documents/innopolis/research/arch_design_pattern_detection/exps/3rd_revision/coach_repos_r/calendar-contacts-shortcuts-master/org_shortcuts/src/org/shortcuts/ShortcutActivity.java,org.shortcuts.ShortcutActivity$Anonymous2,onCancel/1[org.shortcuts.DialogInterface],intent,1
/Users/sirojiddinkomolov/Documents/innopolis/research/arch_design_pattern_detection/exps/3rd_revision/coach_repos_r/calendar-contacts-shortcuts-master/org_shortcuts/src/org/shortcuts/ShortcutActivity.java,org.shortcuts.ShortcutActivity$Anonymous1,"onClick/2[org.shortcuts.DialogInterface,int]",dialog,0
/Users/sirojiddinkomolov/Documents/innopolis/research/arch_design_pattern_detection/exps/3rd_revision/coach_repos_r/calendar-contacts-shortcuts-master/org_shortcuts/src/org/shortcuts/ShortcutActivity.java,org.shortcuts.ShortcutActivity$Anonymous1,"onClick/2[org.shortcuts.DialogInterface,int]",item,2
/Users/sirojiddinkomolov/Documents/innopolis/research/arch_design_pattern_detection/exps/3rd_revision/coach_repos_r/calendar-contacts-shortcuts-master/org_shortcuts/src/org/shortcuts/ShortcutActivity.java,org.shortcuts.ShortcutActivity$Anonymous1,"onClick/2[org.shortcuts.DialogInterface,int]",iconResource,3
/Users/sirojiddinkomolov/Documents/innopolis/research/arch_design_pattern_detection/exps/3rd_revision/coach_repos_r/calendar-contacts-shortcuts-master/org_shortcuts/src/org/shortcuts/ShortcutActivity.java,org.shortcuts.ShortcutActivity$Anonymous1,"onClick/2[org.shortcuts.DialogInterface,int]",shortcutIntent,6
/Users/sirojiddinkomolov/Documents/innopolis/research/arch_design_pattern_detection/exps/3rd_revision/coach_repos_r/calendar-contacts-shortcuts-master/org_shortcuts/src/org/shortcuts/ShortcutActivity.java,org.shortcuts.ShortcutActivity$Anonymous1,"onClick/2[org.shortcuts.DialogInterface,int]",intent,4
