file,class,method,constructor,line,cbo,cboModified,fanin,fanout,wmc,rfc,loc,returnsQty,variablesQty,parametersQty,methodsInvokedQty,methodsInvokedLocalQty,methodsInvokedIndirectLocalQty,loopQty,comparisonsQty,tryCatchQty,parenthesizedExpsQty,stringLiteralsQty,numbersQty,assignmentsQty,mathOperationsQty,maxNestedBlocksQty,anonymousClassesQty,innerClassesQty,lambdasQty,uniqueWordsQty,modifiers,logStatementsQty,hasJavaDoc
/home/arch_design_predict/download-github-repos/mvp/repos/AndroidDevFramework-master/app/src/main/java/com/example/test/first/FirstViewAPI.java,com.example.test.first.FirstViewAPI,setText/1[java.lang.String],false,8,0,1,1,0,1,0,1,0,0,1,0,0,0,0,0,0,0,0,0,0,0,0,0,0,0,3,0,0,false
/home/arch_design_predict/download-github-repos/mvp/repos/AndroidDevFramework-master/mvp2/src/main/java/z1w3/mvp/support/exception/PresenterException.java,z1w3.mvp.support.exception.PresenterException,PresenterException/1[java.lang.String],true,5,0,2,2,0,1,0,3,0,0,1,0,0,0,0,0,0,0,0,0,0,0,0,0,0,0,3,1,0,false
/home/arch_design_predict/download-github-repos/mvp/repos/AndroidDevFramework-master/app/src/main/java/com/example/test/BaseFragment.java,com.example.test.BaseFragment,onAttach/1[com.example.test.Context],false,17,3,1,0,1,1,2,4,0,0,1,2,0,0,0,0,0,0,0,0,0,0,0,0,0,0,4,1,0,false
/home/arch_design_predict/download-github-repos/mvp/repos/AndroidDevFramework-master/app/src/main/java/com/example/test/BaseFragment.java,com.example.test.BaseFragment,onDestroy/0,false,33,1,1,0,1,1,2,4,0,0,0,2,0,0,0,0,0,0,0,0,0,0,0,0,0,0,2,1,0,false
/home/arch_design_predict/download-github-repos/mvp/repos/AndroidDevFramework-master/app/src/main/java/com/example/test/BaseFragment.java,com.example.test.BaseFragment,"onViewCreated/2[com.example.test.View,com.example.test.Bundle]",false,27,5,1,0,1,1,2,4,0,0,2,2,0,0,0,0,0,0,0,0,0,0,0,0,0,0,7,1,0,false
/home/arch_design_predict/download-github-repos/mvp/repos/AndroidDevFramework-master/app/src/main/java/com/example/test/BaseFragment.java,com.example.test.BaseFragment,getPresenterAPI/1[java.lang.Class<T>],false,22,2,1,0,1,1,1,3,1,0,1,1,0,0,0,0,0,0,0,0,0,0,0,0,0,0,7,4,0,false
/home/arch_design_predict/download-github-repos/mvp/repos/AndroidDevFramework-master/app/src/main/java/com/example/test/MyPresenter.java,com.example.test.MyPresenter,fetchText/0,false,43,2,2,0,2,3,2,8,0,0,0,2,0,0,0,2,0,2,2,0,0,2,1,0,0,0,10,1,0,false
/home/arch_design_predict/download-github-repos/mvp/repos/AndroidDevFramework-master/app/src/main/java/com/example/test/MyPresenter.java,com.example.test.MyPresenter,onCreate/0,false,17,4,3,0,3,4,5,15,0,2,0,5,0,0,0,1,0,0,5,0,4,2,2,0,0,0,19,1,0,false
/home/arch_design_predict/download-github-repos/mvp/repos/AndroidDevFramework-master/app/src/main/java/com/example/test/MyPresenter.java,com.example.test.MyPresenter,onDestroy/0,false,35,1,1,0,1,1,3,4,0,0,0,3,0,0,0,0,0,0,3,0,0,1,0,0,0,0,4,1,0,false
/home/arch_design_predict/download-github-repos/mvp/repos/AndroidDevFramework-master/mvp2/src/test/java/z1w3/support/base/ExampleUnitTest.java,z1w3.support.base.ExampleUnitTest,addition_isCorrect/0,false,14,1,0,0,0,1,1,3,0,0,0,1,0,0,0,0,0,0,0,3,0,1,0,0,0,0,5,1,0,false
/home/arch_design_predict/download-github-repos/mvp/repos/AndroidDevFramework-master/mvp2/src/main/java/z1w3/mvp/support/Storage.java,z1w3.mvp.support.Storage,addSingleton/1[z1w3.mvp.support.BasePresenter],false,15,1,1,1,0,2,3,5,0,0,1,3,0,0,0,0,0,0,0,0,0,0,1,0,0,0,5,4,0,false
/home/arch_design_predict/download-github-repos/mvp/repos/AndroidDevFramework-master/mvp2/src/main/java/z1w3/mvp/support/Storage.java,z1w3.mvp.support.Storage,modifyAttachMark/1[z1w3.mvp.support.BasePresenter],false,29,1,1,1,0,1,2,3,0,0,1,2,0,0,0,0,0,0,0,0,0,0,0,0,0,0,6,4,0,false
/home/arch_design_predict/download-github-repos/mvp/repos/AndroidDevFramework-master/mvp2/src/main/java/z1w3/mvp/support/Storage.java,z1w3.mvp.support.Storage,modifyCreatedMark/1[z1w3.mvp.support.BasePresenter],false,33,1,1,1,0,1,2,3,0,0,1,2,0,0,0,0,0,0,0,0,0,0,0,0,0,0,6,4,0,false
/home/arch_design_predict/download-github-repos/mvp/repos/AndroidDevFramework-master/mvp2/src/main/java/z1w3/mvp/support/Storage.java,z1w3.mvp.support.Storage,isCreateFinishedMark/1[z1w3.mvp.support.BasePresenter],false,42,1,1,1,0,3,2,4,1,1,1,2,0,0,0,2,0,0,0,0,1,0,0,0,0,0,23,4,0,false
/home/arch_design_predict/download-github-repos/mvp/repos/AndroidDevFramework-master/mvp2/src/main/java/z1w3/mvp/support/Storage.java,z1w3.mvp.support.Storage,isAttachFinishedMark/1[z1w3.mvp.support.BasePresenter],false,37,1,1,1,0,4,2,4,1,1,1,2,0,0,0,3,0,1,0,0,1,0,0,0,0,0,23,4,0,false
/home/arch_design_predict/download-github-repos/mvp/repos/AndroidDevFramework-master/mvp2/src/main/java/z1w3/mvp/support/Storage.java,z1w3.mvp.support.Storage,getSingleton/1[z1w3.mvp.support.BasePresenter],false,21,1,1,1,0,1,2,3,1,0,1,2,0,0,0,0,0,0,0,0,0,0,0,0,0,0,5,4,0,false
/home/arch_design_predict/download-github-repos/mvp/repos/AndroidDevFramework-master/mvp2/src/main/java/z1w3/mvp/support/Storage.java,z1w3.mvp.support.Storage,isSingleton/1[z1w3.mvp.support.BasePresenter],false,25,1,1,1,0,1,2,3,1,0,1,2,0,0,0,0,0,0,0,0,0,0,0,0,0,0,6,4,0,false
/home/arch_design_predict/download-github-repos/mvp/repos/AndroidDevFramework-master/app/src/main/java/com/example/test/main/MainActivity.java,com.example.test.main.MainActivity,submit/1[com.example.test.main.View],false,30,3,2,0,2,1,2,3,0,0,1,2,0,0,0,0,0,0,0,0,0,0,0,0,0,0,8,1,0,false
/home/arch_design_predict/download-github-repos/mvp/repos/AndroidDevFramework-master/app/src/main/java/com/example/test/main/MainActivity.java,com.example.test.main.MainActivity,setText/1[java.lang.String],false,36,0,0,0,0,1,1,3,0,0,1,1,0,0,0,0,0,0,0,0,0,0,0,0,0,0,3,1,0,false
/home/arch_design_predict/download-github-repos/mvp/repos/AndroidDevFramework-master/app/src/main/java/com/example/test/main/MainActivity.java,com.example.test.main.MainActivity,onCreate/1[com.example.test.main.Bundle],false,23,3,1,0,1,1,7,6,0,0,1,7,0,0,0,0,0,0,1,0,1,0,0,0,0,0,18,4,0,false
/home/arch_design_predict/download-github-repos/mvp/repos/AndroidDevFramework-master/mvp2/src/main/java/z1w3/mvp/support/MVPHelper.java,z1w3.mvp.support.MVPHelper,getPresenterMap/0,false,85,3,1,1,0,5,5,18,1,6,0,5,0,0,2,2,0,0,0,1,6,0,3,0,0,0,17,2,0,false
/home/arch_design_predict/download-github-repos/mvp/repos/AndroidDevFramework-master/mvp2/src/main/java/z1w3/mvp/support/MVPHelper.java,z1w3.mvp.support.MVPHelper,getPresenterAPIClassArray/1[z1w3.mvp.support.BasePresenter[]],false,177,2,2,1,1,2,1,8,1,3,1,1,1,1,1,0,0,0,0,1,4,0,1,0,0,0,11,2,0,false
/home/arch_design_predict/download-github-repos/mvp/repos/AndroidDevFramework-master/mvp2/src/main/java/z1w3/mvp/support/MVPHelper.java,z1w3.mvp.support.MVPHelper,"invokePresenterMethod/3[java.lang.String,java.lang.Class<?>[],java.lang.Object[]]",false,45,1,8,3,5,18,11,31,0,2,3,11,0,0,1,1,1,0,5,0,2,0,4,0,0,0,16,2,0,false
/home/arch_design_predict/download-github-repos/mvp/repos/AndroidDevFramework-master/mvp2/src/main/java/z1w3/mvp/support/MVPHelper.java,z1w3.mvp.support.MVPHelper,detach/0,false,78,1,3,2,1,1,1,6,0,0,0,1,1,1,0,0,0,0,1,2,3,0,0,0,0,0,10,1,0,false
/home/arch_design_predict/download-github-repos/mvp/repos/AndroidDevFramework-master/mvp2/src/main/java/z1w3/mvp/support/MVPHelper.java,z1w3.mvp.support.MVPHelper,getSingleton/1[java.lang.Object],false,145,1,1,1,0,1,2,3,1,0,1,2,0,0,0,0,0,0,0,0,0,0,0,0,0,0,4,2,0,false
/home/arch_design_predict/download-github-repos/mvp/repos/AndroidDevFramework-master/mvp2/src/main/java/z1w3/mvp/support/MVPHelper.java,z1w3.mvp.support.MVPHelper,getViewAPIClass/1[java.lang.Object],false,125,2,2,1,1,3,4,9,1,1,1,4,0,0,1,1,0,0,1,0,1,0,2,0,0,0,15,2,0,false
/home/arch_design_predict/download-github-repos/mvp/repos/AndroidDevFramework-master/mvp2/src/main/java/z1w3/mvp/support/MVPHelper.java,z1w3.mvp.support.MVPHelper,attach/1[java.lang.Object],false,28,2,8,2,6,3,8,17,1,2,1,8,6,3,0,1,1,0,3,0,5,0,2,0,0,0,28,1,0,false
/home/arch_design_predict/download-github-repos/mvp/repos/AndroidDevFramework-master/mvp2/src/main/java/z1w3/mvp/support/MVPHelper.java,z1w3.mvp.support.MVPHelper,onCreate/0,false,74,1,3,2,1,1,1,3,0,0,0,1,1,1,0,0,0,0,1,2,0,0,0,0,0,0,5,1,0,false
/home/arch_design_predict/download-github-repos/mvp/repos/AndroidDevFramework-master/mvp2/src/main/java/z1w3/mvp/support/MVPHelper.java,z1w3.mvp.support.MVPHelper,newPresenterArray/1[z1w3.mvp.support.annotations.InjectPresenter],false,153,5,5,1,4,5,8,23,1,7,1,8,1,1,1,2,1,0,0,1,9,0,3,0,0,0,17,2,0,true
/home/arch_design_predict/download-github-repos/mvp/repos/AndroidDevFramework-master/mvp2/src/main/java/z1w3/mvp/support/MVPHelper.java,z1w3.mvp.support.MVPHelper,getPresenterAPIClass/1[java.lang.Object],false,115,2,2,1,1,3,4,9,1,1,1,4,0,0,1,1,0,0,1,0,1,0,2,0,0,0,14,2,0,false
/home/arch_design_predict/download-github-repos/mvp/repos/AndroidDevFramework-master/mvp2/src/main/java/z1w3/mvp/support/MVPHelper.java,z1w3.mvp.support.MVPHelper,getMultiInjectPresenter/1[java.lang.Object],false,141,1,1,1,0,1,2,3,1,0,1,2,0,0,0,0,0,0,0,0,0,0,0,0,0,0,6,2,0,true
/home/arch_design_predict/download-github-repos/mvp/repos/AndroidDevFramework-master/mvp2/src/main/java/z1w3/mvp/support/MVPHelper.java,z1w3.mvp.support.MVPHelper,getPresenterAPI/1[java.lang.Class<T>],false,104,1,2,2,0,4,2,10,3,1,1,2,0,0,0,2,0,0,0,0,1,0,1,0,0,0,12,1,0,false
/home/arch_design_predict/download-github-repos/mvp/repos/AndroidDevFramework-master/app/src/main/java/com/example/test/main/MainViewAPI.java,com.example.test.main.MainViewAPI,setText/1[java.lang.String],false,7,0,1,1,0,1,0,1,0,0,1,0,0,0,0,0,0,0,0,0,0,0,0,0,0,0,3,0,0,false
/home/arch_design_predict/download-github-repos/mvp/repos/AndroidDevFramework-master/app/src/main/java/com/example/test/MyPresenterAPI.java,com.example.test.MyPresenterAPI,fetchText/0,false,8,0,2,2,0,1,0,1,0,0,0,0,0,0,0,0,0,0,0,0,0,0,0,0,0,0,2,0,0,false
/home/arch_design_predict/download-github-repos/mvp/repos/AndroidDevFramework-master/app/src/main/java/com/example/test/first/FirstFragment.java,com.example.test.first.FirstFragment$Anonymous1,onClick/1[com.example.test.first.View],false,38,3,2,0,2,1,2,3,0,0,1,2,0,0,0,0,0,0,0,0,0,0,0,0,0,0,9,1,0,false
/home/arch_design_predict/download-github-repos/mvp/repos/AndroidDevFramework-master/mvp2/src/main/java/z1w3/mvp/support/BasePresenter.java,z1w3.mvp.support.BasePresenter,"attach/3[java.lang.Class<?>,java.lang.Object,java.util.Map<java.lang.Class<?>,java.lang.Object>]",false,25,3,2,0,2,4,6,17,0,3,3,6,2,1,0,3,0,0,1,0,8,0,2,0,0,0,22,1,0,false
/home/arch_design_predict/download-github-repos/mvp/repos/AndroidDevFramework-master/mvp2/src/main/java/z1w3/mvp/support/BasePresenter.java,z1w3.mvp.support.BasePresenter,getOtherPresenterAPI/1[java.lang.Class<T>],false,94,2,0,0,0,5,5,14,3,2,1,5,0,0,0,3,0,0,2,0,2,1,1,0,0,0,30,4,0,false
/home/arch_design_predict/download-github-repos/mvp/repos/AndroidDevFramework-master/mvp2/src/main/java/z1w3/mvp/support/BasePresenter.java,z1w3.mvp.support.BasePresenter,onCreate/0,false,47,0,0,0,0,1,0,2,0,0,0,0,0,0,0,0,0,0,0,0,0,0,0,0,0,0,2,1,0,false
/home/arch_design_predict/download-github-repos/mvp/repos/AndroidDevFramework-master/mvp2/src/main/java/z1w3/mvp/support/BasePresenter.java,z1w3.mvp.support.BasePresenter,"copyMap/1[java.util.Map<java.lang.Class<?>,java.lang.Object>]",false,109,0,1,1,0,4,5,13,1,2,1,5,0,0,2,1,0,0,0,0,2,0,2,0,0,0,8,2,0,false
/home/arch_design_predict/download-github-repos/mvp/repos/AndroidDevFramework-master/mvp2/src/main/java/z1w3/mvp/support/BasePresenter.java,z1w3.mvp.support.BasePresenter,onDestroy/0,false,51,1,0,0,0,2,3,11,1,1,0,3,0,0,0,1,0,0,2,0,5,0,1,0,0,0,18,1,0,false
/home/arch_design_predict/download-github-repos/mvp/repos/AndroidDevFramework-master/mvp2/src/main/java/z1w3/mvp/support/BasePresenter.java,z1w3.mvp.support.BasePresenter,getContext/0,false,67,4,3,3,0,9,5,24,4,2,0,5,0,0,0,4,0,2,2,0,5,0,1,0,0,0,12,4,0,false
/home/arch_design_predict/download-github-repos/mvp/repos/AndroidDevFramework-master/mvp2/src/main/java/z1w3/mvp/support/BasePresenter.java,z1w3.mvp.support.BasePresenter,getViewAPI/0,false,63,1,1,1,0,1,0,3,1,0,0,0,0,0,0,0,0,0,0,0,0,0,0,0,0,0,7,4,0,false
/home/arch_design_predict/download-github-repos/mvp/repos/AndroidDevFramework-master/mvp2/src/main/java/z1w3/mvp/support/BasePresenter.java,z1w3.mvp.support.BasePresenter,getApplicationContext/0,false,43,1,0,0,0,1,0,3,1,0,0,0,0,0,0,0,0,0,0,0,0,0,0,0,0,0,4,4,0,false
/home/arch_design_predict/download-github-repos/mvp/repos/AndroidDevFramework-master/app/src/main/java/com/example/test/first/FirstFragment.java,com.example.test.first.FirstFragment,setText/1[java.lang.String],false,45,0,0,0,0,1,1,3,0,0,1,1,0,0,0,0,0,0,0,0,0,0,0,0,0,0,3,1,0,false
/home/arch_design_predict/download-github-repos/mvp/repos/AndroidDevFramework-master/app/src/main/java/com/example/test/first/FirstFragment.java,com.example.test.first.FirstFragment,"onCreateView/3[com.example.test.first.LayoutInflater,com.example.test.first.ViewGroup,com.example.test.first.Bundle]",false,27,6,0,0,0,1,1,3,1,0,3,1,0,0,0,0,0,0,0,0,0,0,0,0,0,0,10,1,0,false
/home/arch_design_predict/download-github-repos/mvp/repos/AndroidDevFramework-master/app/src/main/java/com/example/test/first/FirstFragment.java,com.example.test.first.FirstFragment,"onViewCreated/2[com.example.test.first.View,com.example.test.first.Bundle]",false,32,4,0,0,0,1,3,11,0,0,2,3,0,0,0,0,0,0,0,0,2,0,0,1,0,0,17,1,0,false
/home/arch_design_predict/download-github-repos/mvp/repos/AndroidDevFramework-master/app/src/androidTest/java/com/example/test/ExampleInstrumentedTest.java,com.example.test.ExampleInstrumentedTest,useAppContext/0,false,21,2,0,0,0,1,3,4,0,1,0,3,0,0,0,0,0,0,1,0,1,0,0,0,0,0,6,1,0,false
/home/arch_design_predict/download-github-repos/mvp/repos/AndroidDevFramework-master/app/src/test/java/com/example/test/ExampleUnitTest.java,com.example.test.ExampleUnitTest,addition_isCorrect/0,false,14,1,0,0,0,1,1,3,0,0,0,1,0,0,0,0,0,0,0,3,0,1,0,0,0,0,5,1,0,false
/home/arch_design_predict/download-github-repos/mvp/repos/AndroidDevFramework-master/app/src/main/java/com/example/test/BaseActivity.java,com.example.test.BaseActivity,attachBaseContext/1[com.example.test.Context],false,21,2,1,0,1,1,2,4,0,0,1,2,0,0,0,0,0,0,0,0,0,0,0,0,0,0,4,4,0,false
/home/arch_design_predict/download-github-repos/mvp/repos/AndroidDevFramework-master/app/src/main/java/com/example/test/BaseActivity.java,com.example.test.BaseActivity,onCreate/1[com.example.test.Bundle],false,27,3,1,0,1,1,2,4,0,0,1,2,0,0,0,0,0,0,0,0,0,0,0,0,0,0,6,4,0,false
/home/arch_design_predict/download-github-repos/mvp/repos/AndroidDevFramework-master/app/src/main/java/com/example/test/BaseActivity.java,com.example.test.BaseActivity,onDestroy/0,false,33,1,1,0,1,1,2,4,0,0,0,2,0,0,0,0,0,0,0,0,0,0,0,0,0,0,2,4,0,false
/home/arch_design_predict/download-github-repos/mvp/repos/AndroidDevFramework-master/app/src/main/java/com/example/test/BaseActivity.java,com.example.test.BaseActivity,getPresenterAPI/1[java.lang.Class<T>],false,16,2,1,0,1,1,1,3,1,0,1,1,0,0,0,0,0,0,0,0,0,0,0,0,0,0,7,4,0,false
/home/arch_design_predict/download-github-repos/mvp/repos/AndroidDevFramework-master/mvp2/src/androidTest/java/z1w3/support/base/ExampleInstrumentedTest.java,z1w3.support.base.ExampleInstrumentedTest,useAppContext/0,false,21,2,0,0,0,1,4,4,0,1,0,4,0,0,0,0,0,0,1,0,1,0,0,0,0,0,6,1,0,false
