file,class,method,variable,usage
/home/arch_design_predict/download-github-repos/mvp/repos/AndroidDevFramework-master/app/src/main/java/com/example/test/first/FirstViewAPI.java,com.example.test.first.FirstViewAPI,setText/1[java.lang.String],content,0
/home/arch_design_predict/download-github-repos/mvp/repos/AndroidDevFramework-master/mvp2/src/main/java/z1w3/mvp/support/exception/PresenterException.java,z1w3.mvp.support.exception.PresenterException,PresenterException/1[java.lang.String],message,1
/home/arch_design_predict/download-github-repos/mvp/repos/AndroidDevFramework-master/app/src/main/java/com/example/test/BaseFragment.java,com.example.test.BaseFragment,onAttach/1[com.example.test.Context],context,1
/home/arch_design_predict/download-github-repos/mvp/repos/AndroidDevFramework-master/app/src/main/java/com/example/test/BaseFragment.java,com.example.test.BaseFragment,"onViewCreated/2[com.example.test.View,com.example.test.Bundle]",savedInstanceState,1
/home/arch_design_predict/download-github-repos/mvp/repos/AndroidDevFramework-master/app/src/main/java/com/example/test/BaseFragment.java,com.example.test.BaseFragment,"onViewCreated/2[com.example.test.View,com.example.test.Bundle]",view,1
/home/arch_design_predict/download-github-repos/mvp/repos/AndroidDevFramework-master/app/src/main/java/com/example/test/BaseFragment.java,com.example.test.BaseFragment,getPresenterAPI/1[java.lang.Class<T>],cls,1
/home/arch_design_predict/download-github-repos/mvp/repos/AndroidDevFramework-master/app/src/main/java/com/example/test/MyPresenter.java,com.example.test.MyPresenter,onCreate/0,viewAPI,5
/home/arch_design_predict/download-github-repos/mvp/repos/AndroidDevFramework-master/app/src/main/java/com/example/test/MyPresenter.java,com.example.test.MyPresenter,onCreate/0,otherPresenterAPI,1
/home/arch_design_predict/download-github-repos/mvp/repos/AndroidDevFramework-master/mvp2/src/main/java/z1w3/mvp/support/Storage.java,z1w3.mvp.support.Storage,addSingleton/1[z1w3.mvp.support.BasePresenter],presenter,3
/home/arch_design_predict/download-github-repos/mvp/repos/AndroidDevFramework-master/mvp2/src/main/java/z1w3/mvp/support/Storage.java,z1w3.mvp.support.Storage,modifyAttachMark/1[z1w3.mvp.support.BasePresenter],presenter,1
/home/arch_design_predict/download-github-repos/mvp/repos/AndroidDevFramework-master/mvp2/src/main/java/z1w3/mvp/support/Storage.java,z1w3.mvp.support.Storage,modifyCreatedMark/1[z1w3.mvp.support.BasePresenter],presenter,1
/home/arch_design_predict/download-github-repos/mvp/repos/AndroidDevFramework-master/mvp2/src/main/java/z1w3/mvp/support/Storage.java,z1w3.mvp.support.Storage,isCreateFinishedMark/1[z1w3.mvp.support.BasePresenter],result,2
/home/arch_design_predict/download-github-repos/mvp/repos/AndroidDevFramework-master/mvp2/src/main/java/z1w3/mvp/support/Storage.java,z1w3.mvp.support.Storage,isCreateFinishedMark/1[z1w3.mvp.support.BasePresenter],presenter,1
/home/arch_design_predict/download-github-repos/mvp/repos/AndroidDevFramework-master/mvp2/src/main/java/z1w3/mvp/support/Storage.java,z1w3.mvp.support.Storage,isAttachFinishedMark/1[z1w3.mvp.support.BasePresenter],result,3
/home/arch_design_predict/download-github-repos/mvp/repos/AndroidDevFramework-master/mvp2/src/main/java/z1w3/mvp/support/Storage.java,z1w3.mvp.support.Storage,isAttachFinishedMark/1[z1w3.mvp.support.BasePresenter],presenter,1
/home/arch_design_predict/download-github-repos/mvp/repos/AndroidDevFramework-master/mvp2/src/main/java/z1w3/mvp/support/Storage.java,z1w3.mvp.support.Storage,getSingleton/1[z1w3.mvp.support.BasePresenter],presenter,1
/home/arch_design_predict/download-github-repos/mvp/repos/AndroidDevFramework-master/mvp2/src/main/java/z1w3/mvp/support/Storage.java,z1w3.mvp.support.Storage,isSingleton/1[z1w3.mvp.support.BasePresenter],presenter,1
/home/arch_design_predict/download-github-repos/mvp/repos/AndroidDevFramework-master/app/src/main/java/com/example/test/main/MainActivity.java,com.example.test.main.MainActivity,submit/1[com.example.test.main.View],view,0
/home/arch_design_predict/download-github-repos/mvp/repos/AndroidDevFramework-master/app/src/main/java/com/example/test/main/MainActivity.java,com.example.test.main.MainActivity,setText/1[java.lang.String],content,1
/home/arch_design_predict/download-github-repos/mvp/repos/AndroidDevFramework-master/app/src/main/java/com/example/test/main/MainActivity.java,com.example.test.main.MainActivity,onCreate/1[com.example.test.main.Bundle],savedInstanceState,1
/home/arch_design_predict/download-github-repos/mvp/repos/AndroidDevFramework-master/mvp2/src/main/java/z1w3/mvp/support/MVPHelper.java,z1w3.mvp.support.MVPHelper,getPresenterMap/0,annotation,1
/home/arch_design_predict/download-github-repos/mvp/repos/AndroidDevFramework-master/mvp2/src/main/java/z1w3/mvp/support/MVPHelper.java,z1w3.mvp.support.MVPHelper,getPresenterMap/0,cast,4
/home/arch_design_predict/download-github-repos/mvp/repos/AndroidDevFramework-master/mvp2/src/main/java/z1w3/mvp/support/MVPHelper.java,z1w3.mvp.support.MVPHelper,getPresenterMap/0,presenter,1
/home/arch_design_predict/download-github-repos/mvp/repos/AndroidDevFramework-master/mvp2/src/main/java/z1w3/mvp/support/MVPHelper.java,z1w3.mvp.support.MVPHelper,getPresenterMap/0,apiClazz,2
/home/arch_design_predict/download-github-repos/mvp/repos/AndroidDevFramework-master/mvp2/src/main/java/z1w3/mvp/support/MVPHelper.java,z1w3.mvp.support.MVPHelper,getPresenterMap/0,index,4
/home/arch_design_predict/download-github-repos/mvp/repos/AndroidDevFramework-master/mvp2/src/main/java/z1w3/mvp/support/MVPHelper.java,z1w3.mvp.support.MVPHelper,getPresenterMap/0,map,2
/home/arch_design_predict/download-github-repos/mvp/repos/AndroidDevFramework-master/mvp2/src/main/java/z1w3/mvp/support/MVPHelper.java,z1w3.mvp.support.MVPHelper,getPresenterMap/0,presenterApiClazz,2
/home/arch_design_predict/download-github-repos/mvp/repos/AndroidDevFramework-master/mvp2/src/main/java/z1w3/mvp/support/MVPHelper.java,z1w3.mvp.support.MVPHelper,getPresenterAPIClassArray/1[z1w3.mvp.support.BasePresenter[]],declaredPresenterClassArray,2
/home/arch_design_predict/download-github-repos/mvp/repos/AndroidDevFramework-master/mvp2/src/main/java/z1w3/mvp/support/MVPHelper.java,z1w3.mvp.support.MVPHelper,getPresenterAPIClassArray/1[z1w3.mvp.support.BasePresenter[]],presenterArray,3
/home/arch_design_predict/download-github-repos/mvp/repos/AndroidDevFramework-master/mvp2/src/main/java/z1w3/mvp/support/MVPHelper.java,z1w3.mvp.support.MVPHelper,getPresenterAPIClassArray/1[z1w3.mvp.support.BasePresenter[]],declaredPresenterClass,1
/home/arch_design_predict/download-github-repos/mvp/repos/AndroidDevFramework-master/mvp2/src/main/java/z1w3/mvp/support/MVPHelper.java,z1w3.mvp.support.MVPHelper,getPresenterAPIClassArray/1[z1w3.mvp.support.BasePresenter[]],index,4
/home/arch_design_predict/download-github-repos/mvp/repos/AndroidDevFramework-master/mvp2/src/main/java/z1w3/mvp/support/MVPHelper.java,z1w3.mvp.support.MVPHelper,"invokePresenterMethod/3[java.lang.String,java.lang.Class<?>[],java.lang.Object[]]",args,1
/home/arch_design_predict/download-github-repos/mvp/repos/AndroidDevFramework-master/mvp2/src/main/java/z1w3/mvp/support/MVPHelper.java,z1w3.mvp.support.MVPHelper,"invokePresenterMethod/3[java.lang.String,java.lang.Class<?>[],java.lang.Object[]]",parameterTypes,1
/home/arch_design_predict/download-github-repos/mvp/repos/AndroidDevFramework-master/mvp2/src/main/java/z1w3/mvp/support/MVPHelper.java,z1w3.mvp.support.MVPHelper,"invokePresenterMethod/3[java.lang.String,java.lang.Class<?>[],java.lang.Object[]]",method,3
/home/arch_design_predict/download-github-repos/mvp/repos/AndroidDevFramework-master/mvp2/src/main/java/z1w3/mvp/support/MVPHelper.java,z1w3.mvp.support.MVPHelper,"invokePresenterMethod/3[java.lang.String,java.lang.Class<?>[],java.lang.Object[]]",e,1
/home/arch_design_predict/download-github-repos/mvp/repos/AndroidDevFramework-master/mvp2/src/main/java/z1w3/mvp/support/MVPHelper.java,z1w3.mvp.support.MVPHelper,"invokePresenterMethod/3[java.lang.String,java.lang.Class<?>[],java.lang.Object[]]",name,6
/home/arch_design_predict/download-github-repos/mvp/repos/AndroidDevFramework-master/mvp2/src/main/java/z1w3/mvp/support/MVPHelper.java,z1w3.mvp.support.MVPHelper,"invokePresenterMethod/3[java.lang.String,java.lang.Class<?>[],java.lang.Object[]]",basePresenter,13
/home/arch_design_predict/download-github-repos/mvp/repos/AndroidDevFramework-master/mvp2/src/main/java/z1w3/mvp/support/MVPHelper.java,z1w3.mvp.support.MVPHelper,"invokePresenterMethod/3[java.lang.String,java.lang.Class<?>[],java.lang.Object[]]",clazz,1
/home/arch_design_predict/download-github-repos/mvp/repos/AndroidDevFramework-master/mvp2/src/main/java/z1w3/mvp/support/MVPHelper.java,z1w3.mvp.support.MVPHelper,getSingleton/1[java.lang.Object],o,1
/home/arch_design_predict/download-github-repos/mvp/repos/AndroidDevFramework-master/mvp2/src/main/java/z1w3/mvp/support/MVPHelper.java,z1w3.mvp.support.MVPHelper,getViewAPIClass/1[java.lang.Object],annotation,1
/home/arch_design_predict/download-github-repos/mvp/repos/AndroidDevFramework-master/mvp2/src/main/java/z1w3/mvp/support/MVPHelper.java,z1w3.mvp.support.MVPHelper,getViewAPIClass/1[java.lang.Object],anInterface,2
/home/arch_design_predict/download-github-repos/mvp/repos/AndroidDevFramework-master/mvp2/src/main/java/z1w3/mvp/support/MVPHelper.java,z1w3.mvp.support.MVPHelper,getViewAPIClass/1[java.lang.Object],o,2
/home/arch_design_predict/download-github-repos/mvp/repos/AndroidDevFramework-master/mvp2/src/main/java/z1w3/mvp/support/MVPHelper.java,z1w3.mvp.support.MVPHelper,attach/1[java.lang.Object],annotation,2
/home/arch_design_predict/download-github-repos/mvp/repos/AndroidDevFramework-master/mvp2/src/main/java/z1w3/mvp/support/MVPHelper.java,z1w3.mvp.support.MVPHelper,attach/1[java.lang.Object],e,1
/home/arch_design_predict/download-github-repos/mvp/repos/AndroidDevFramework-master/mvp2/src/main/java/z1w3/mvp/support/MVPHelper.java,z1w3.mvp.support.MVPHelper,attach/1[java.lang.Object],obj,3
/home/arch_design_predict/download-github-repos/mvp/repos/AndroidDevFramework-master/mvp2/src/main/java/z1w3/mvp/support/MVPHelper.java,z1w3.mvp.support.MVPHelper,attach/1[java.lang.Object],viewAPIClass,1
/home/arch_design_predict/download-github-repos/mvp/repos/AndroidDevFramework-master/mvp2/src/main/java/z1w3/mvp/support/MVPHelper.java,z1w3.mvp.support.MVPHelper,newPresenterArray/1[z1w3.mvp.support.annotations.InjectPresenter],annotation,1
/home/arch_design_predict/download-github-repos/mvp/repos/AndroidDevFramework-master/mvp2/src/main/java/z1w3/mvp/support/MVPHelper.java,z1w3.mvp.support.MVPHelper,newPresenterArray/1[z1w3.mvp.support.annotations.InjectPresenter],singleton,1
/home/arch_design_predict/download-github-repos/mvp/repos/AndroidDevFramework-master/mvp2/src/main/java/z1w3/mvp/support/MVPHelper.java,z1w3.mvp.support.MVPHelper,newPresenterArray/1[z1w3.mvp.support.annotations.InjectPresenter],presenterArray,3
/home/arch_design_predict/download-github-repos/mvp/repos/AndroidDevFramework-master/mvp2/src/main/java/z1w3/mvp/support/MVPHelper.java,z1w3.mvp.support.MVPHelper,newPresenterArray/1[z1w3.mvp.support.annotations.InjectPresenter],e,1
/home/arch_design_predict/download-github-repos/mvp/repos/AndroidDevFramework-master/mvp2/src/main/java/z1w3/mvp/support/MVPHelper.java,z1w3.mvp.support.MVPHelper,newPresenterArray/1[z1w3.mvp.support.annotations.InjectPresenter],values,4
/home/arch_design_predict/download-github-repos/mvp/repos/AndroidDevFramework-master/mvp2/src/main/java/z1w3/mvp/support/MVPHelper.java,z1w3.mvp.support.MVPHelper,newPresenterArray/1[z1w3.mvp.support.annotations.InjectPresenter],name,1
/home/arch_design_predict/download-github-repos/mvp/repos/AndroidDevFramework-master/mvp2/src/main/java/z1w3/mvp/support/MVPHelper.java,z1w3.mvp.support.MVPHelper,newPresenterArray/1[z1w3.mvp.support.annotations.InjectPresenter],index,5
/home/arch_design_predict/download-github-repos/mvp/repos/AndroidDevFramework-master/mvp2/src/main/java/z1w3/mvp/support/MVPHelper.java,z1w3.mvp.support.MVPHelper,newPresenterArray/1[z1w3.mvp.support.annotations.InjectPresenter],basePresenter,5
/home/arch_design_predict/download-github-repos/mvp/repos/AndroidDevFramework-master/mvp2/src/main/java/z1w3/mvp/support/MVPHelper.java,z1w3.mvp.support.MVPHelper,newPresenterArray/1[z1w3.mvp.support.annotations.InjectPresenter],singletonPresenter,2
/home/arch_design_predict/download-github-repos/mvp/repos/AndroidDevFramework-master/mvp2/src/main/java/z1w3/mvp/support/MVPHelper.java,z1w3.mvp.support.MVPHelper,getPresenterAPIClass/1[java.lang.Object],annotation,1
/home/arch_design_predict/download-github-repos/mvp/repos/AndroidDevFramework-master/mvp2/src/main/java/z1w3/mvp/support/MVPHelper.java,z1w3.mvp.support.MVPHelper,getPresenterAPIClass/1[java.lang.Object],anInterface,2
/home/arch_design_predict/download-github-repos/mvp/repos/AndroidDevFramework-master/mvp2/src/main/java/z1w3/mvp/support/MVPHelper.java,z1w3.mvp.support.MVPHelper,getPresenterAPIClass/1[java.lang.Object],o,2
/home/arch_design_predict/download-github-repos/mvp/repos/AndroidDevFramework-master/mvp2/src/main/java/z1w3/mvp/support/MVPHelper.java,z1w3.mvp.support.MVPHelper,getMultiInjectPresenter/1[java.lang.Object],o,1
/home/arch_design_predict/download-github-repos/mvp/repos/AndroidDevFramework-master/mvp2/src/main/java/z1w3/mvp/support/MVPHelper.java,z1w3.mvp.support.MVPHelper,getPresenterAPI/1[java.lang.Class<T>],obj,2
/home/arch_design_predict/download-github-repos/mvp/repos/AndroidDevFramework-master/mvp2/src/main/java/z1w3/mvp/support/MVPHelper.java,z1w3.mvp.support.MVPHelper,getPresenterAPI/1[java.lang.Class<T>],cls,1
/home/arch_design_predict/download-github-repos/mvp/repos/AndroidDevFramework-master/app/src/main/java/com/example/test/main/MainViewAPI.java,com.example.test.main.MainViewAPI,setText/1[java.lang.String],content,0
/home/arch_design_predict/download-github-repos/mvp/repos/AndroidDevFramework-master/app/src/main/java/com/example/test/first/FirstFragment.java,com.example.test.first.FirstFragment$Anonymous1,onClick/1[com.example.test.first.View],v,0
/home/arch_design_predict/download-github-repos/mvp/repos/AndroidDevFramework-master/mvp2/src/main/java/z1w3/mvp/support/BasePresenter.java,z1w3.mvp.support.BasePresenter,"attach/3[java.lang.Class<?>,java.lang.Object,java.util.Map<java.lang.Class<?>,java.lang.Object>]",annotation,1
/home/arch_design_predict/download-github-repos/mvp/repos/AndroidDevFramework-master/mvp2/src/main/java/z1w3/mvp/support/BasePresenter.java,z1w3.mvp.support.BasePresenter,"attach/3[java.lang.Class<?>,java.lang.Object,java.util.Map<java.lang.Class<?>,java.lang.Object>]",cast,3
/home/arch_design_predict/download-github-repos/mvp/repos/AndroidDevFramework-master/mvp2/src/main/java/z1w3/mvp/support/BasePresenter.java,z1w3.mvp.support.BasePresenter,"attach/3[java.lang.Class<?>,java.lang.Object,java.util.Map<java.lang.Class<?>,java.lang.Object>]",context,2
/home/arch_design_predict/download-github-repos/mvp/repos/AndroidDevFramework-master/mvp2/src/main/java/z1w3/mvp/support/BasePresenter.java,z1w3.mvp.support.BasePresenter,"attach/3[java.lang.Class<?>,java.lang.Object,java.util.Map<java.lang.Class<?>,java.lang.Object>]",otherPresenterMap,2
/home/arch_design_predict/download-github-repos/mvp/repos/AndroidDevFramework-master/mvp2/src/main/java/z1w3/mvp/support/BasePresenter.java,z1w3.mvp.support.BasePresenter,"attach/3[java.lang.Class<?>,java.lang.Object,java.util.Map<java.lang.Class<?>,java.lang.Object>]",viewAPIClazz,1
/home/arch_design_predict/download-github-repos/mvp/repos/AndroidDevFramework-master/mvp2/src/main/java/z1w3/mvp/support/BasePresenter.java,z1w3.mvp.support.BasePresenter,"attach/3[java.lang.Class<?>,java.lang.Object,java.util.Map<java.lang.Class<?>,java.lang.Object>]",target,4
/home/arch_design_predict/download-github-repos/mvp/repos/AndroidDevFramework-master/mvp2/src/main/java/z1w3/mvp/support/BasePresenter.java,z1w3.mvp.support.BasePresenter,getOtherPresenterAPI/1[java.lang.Class<T>],annotation,1
/home/arch_design_predict/download-github-repos/mvp/repos/AndroidDevFramework-master/mvp2/src/main/java/z1w3/mvp/support/BasePresenter.java,z1w3.mvp.support.BasePresenter,getOtherPresenterAPI/1[java.lang.Class<T>],obj,2
/home/arch_design_predict/download-github-repos/mvp/repos/AndroidDevFramework-master/mvp2/src/main/java/z1w3/mvp/support/BasePresenter.java,z1w3.mvp.support.BasePresenter,getOtherPresenterAPI/1[java.lang.Class<T>],cls,1
/home/arch_design_predict/download-github-repos/mvp/repos/AndroidDevFramework-master/mvp2/src/main/java/z1w3/mvp/support/BasePresenter.java,z1w3.mvp.support.BasePresenter,"copyMap/1[java.util.Map<java.lang.Class<?>,java.lang.Object>]",entry,2
/home/arch_design_predict/download-github-repos/mvp/repos/AndroidDevFramework-master/mvp2/src/main/java/z1w3/mvp/support/BasePresenter.java,z1w3.mvp.support.BasePresenter,"copyMap/1[java.util.Map<java.lang.Class<?>,java.lang.Object>]",list,2
/home/arch_design_predict/download-github-repos/mvp/repos/AndroidDevFramework-master/mvp2/src/main/java/z1w3/mvp/support/BasePresenter.java,z1w3.mvp.support.BasePresenter,"copyMap/1[java.util.Map<java.lang.Class<?>,java.lang.Object>]",otherPresenterMap,1
/home/arch_design_predict/download-github-repos/mvp/repos/AndroidDevFramework-master/mvp2/src/main/java/z1w3/mvp/support/BasePresenter.java,z1w3.mvp.support.BasePresenter,"copyMap/1[java.util.Map<java.lang.Class<?>,java.lang.Object>]",map,3
/home/arch_design_predict/download-github-repos/mvp/repos/AndroidDevFramework-master/mvp2/src/main/java/z1w3/mvp/support/BasePresenter.java,z1w3.mvp.support.BasePresenter,"copyMap/1[java.util.Map<java.lang.Class<?>,java.lang.Object>]",clazz,1
/home/arch_design_predict/download-github-repos/mvp/repos/AndroidDevFramework-master/mvp2/src/main/java/z1w3/mvp/support/BasePresenter.java,z1w3.mvp.support.BasePresenter,onDestroy/0,annotation,1
/home/arch_design_predict/download-github-repos/mvp/repos/AndroidDevFramework-master/mvp2/src/main/java/z1w3/mvp/support/BasePresenter.java,z1w3.mvp.support.BasePresenter,getContext/0,annotation,1
/home/arch_design_predict/download-github-repos/mvp/repos/AndroidDevFramework-master/mvp2/src/main/java/z1w3/mvp/support/BasePresenter.java,z1w3.mvp.support.BasePresenter,getContext/0,activity,6
/home/arch_design_predict/download-github-repos/mvp/repos/AndroidDevFramework-master/app/src/main/java/com/example/test/first/FirstFragment.java,com.example.test.first.FirstFragment,setText/1[java.lang.String],content,1
/home/arch_design_predict/download-github-repos/mvp/repos/AndroidDevFramework-master/app/src/main/java/com/example/test/first/FirstFragment.java,com.example.test.first.FirstFragment,"onCreateView/3[com.example.test.first.LayoutInflater,com.example.test.first.ViewGroup,com.example.test.first.Bundle]",container,1
/home/arch_design_predict/download-github-repos/mvp/repos/AndroidDevFramework-master/app/src/main/java/com/example/test/first/FirstFragment.java,com.example.test.first.FirstFragment,"onCreateView/3[com.example.test.first.LayoutInflater,com.example.test.first.ViewGroup,com.example.test.first.Bundle]",savedInstanceState,0
/home/arch_design_predict/download-github-repos/mvp/repos/AndroidDevFramework-master/app/src/main/java/com/example/test/first/FirstFragment.java,com.example.test.first.FirstFragment,"onCreateView/3[com.example.test.first.LayoutInflater,com.example.test.first.ViewGroup,com.example.test.first.Bundle]",inflater,1
/home/arch_design_predict/download-github-repos/mvp/repos/AndroidDevFramework-master/app/src/main/java/com/example/test/first/FirstFragment.java,com.example.test.first.FirstFragment,"onViewCreated/2[com.example.test.first.View,com.example.test.first.Bundle]",savedInstanceState,1
/home/arch_design_predict/download-github-repos/mvp/repos/AndroidDevFramework-master/app/src/main/java/com/example/test/first/FirstFragment.java,com.example.test.first.FirstFragment,"onViewCreated/2[com.example.test.first.View,com.example.test.first.Bundle]",view,3
/home/arch_design_predict/download-github-repos/mvp/repos/AndroidDevFramework-master/app/src/androidTest/java/com/example/test/ExampleInstrumentedTest.java,com.example.test.ExampleInstrumentedTest,useAppContext/0,appContext,1
/home/arch_design_predict/download-github-repos/mvp/repos/AndroidDevFramework-master/app/src/main/java/com/example/test/BaseActivity.java,com.example.test.BaseActivity,attachBaseContext/1[com.example.test.Context],newBase,1
/home/arch_design_predict/download-github-repos/mvp/repos/AndroidDevFramework-master/app/src/main/java/com/example/test/BaseActivity.java,com.example.test.BaseActivity,onCreate/1[com.example.test.Bundle],savedInstanceState,1
/home/arch_design_predict/download-github-repos/mvp/repos/AndroidDevFramework-master/app/src/main/java/com/example/test/BaseActivity.java,com.example.test.BaseActivity,getPresenterAPI/1[java.lang.Class<T>],cls,1
/home/arch_design_predict/download-github-repos/mvp/repos/AndroidDevFramework-master/mvp2/src/androidTest/java/z1w3/support/base/ExampleInstrumentedTest.java,z1w3.support.base.ExampleInstrumentedTest,useAppContext/0,appContext,1
