file,class,method,variable,usage
/home/arch_design_predict/download-github-repos/mvp/repos/AndroidSkeletonProject-master/app/src/main/java/com/androidskeleton/di/components/AppComponent.java,com.androidskeleton.di.components.AppComponent$Builder,application/1[com.androidskeleton.di.components.Application],application,0
/home/arch_design_predict/download-github-repos/mvp/repos/AndroidSkeletonProject-master/app/src/main/java/com/androidskeleton/data/datasource/RemoteDataSource.java,com.androidskeleton.data.datasource.RemoteDataSource,RemoteDataSource/1[com.androidskeleton.data.api.ApiService],apiService,2
/home/arch_design_predict/download-github-repos/mvp/repos/AndroidSkeletonProject-master/app/src/main/java/com/androidskeleton/module/main/MainFragment.java,com.androidskeleton.module.main.MainFragment$OnFragmentInteractionListener,onFragmentInteraction/1[com.androidskeleton.module.main.Uri],uri,0
/home/arch_design_predict/download-github-repos/mvp/repos/AndroidSkeletonProject-master/app/src/main/java/com/androidskeleton/module/splash/SplashActivity.java,com.androidskeleton.module.splash.SplashActivity,onCreate/1[com.androidskeleton.module.splash.Bundle],savedInstanceState,1
/home/arch_design_predict/download-github-repos/mvp/repos/AndroidSkeletonProject-master/app/src/main/java/com/androidskeleton/module/splash/SplashActivity.java,com.androidskeleton.module.splash.SplashActivity,onCreate/1[com.androidskeleton.module.splash.Bundle],intent,1
/home/arch_design_predict/download-github-repos/mvp/repos/AndroidSkeletonProject-master/app/src/main/java/com/androidskeleton/module/main/MainActivity.java,com.androidskeleton.module.main.MainActivity,onFragmentInteraction/1[com.androidskeleton.module.main.Uri],uri,0
/home/arch_design_predict/download-github-repos/mvp/repos/AndroidSkeletonProject-master/app/src/main/java/com/androidskeleton/module/main/MainActivity.java,com.androidskeleton.module.main.MainActivity,onCreate/1[com.androidskeleton.module.main.Bundle],savedInstanceState,1
/home/arch_design_predict/download-github-repos/mvp/repos/AndroidSkeletonProject-master/app/src/main/java/com/androidskeleton/module/main/MainActivity.java,com.androidskeleton.module.main.MainActivity,onCreate/1[com.androidskeleton.module.main.Bundle],mainFragment,1
/home/arch_design_predict/download-github-repos/mvp/repos/AndroidSkeletonProject-master/app/src/main/java/com/androidskeleton/data/datasource/base/BaseDataSource.java,com.androidskeleton.data.datasource.base.BaseDataSource$Anonymous3,apply/1[com.androidskeleton.data.datasource.base.Flowable<T>],upstream,1
/home/arch_design_predict/download-github-repos/mvp/repos/AndroidSkeletonProject-master/app/src/main/java/com/androidskeleton/data/datasource/base/BaseDataSource.java,com.androidskeleton.data.datasource.base.BaseDataSource$Anonymous2,apply/1[com.androidskeleton.data.datasource.base.Observable<T>],upstream,1
/home/arch_design_predict/download-github-repos/mvp/repos/AndroidSkeletonProject-master/app/src/main/java/com/androidskeleton/data/datasource/base/BaseDataSource.java,com.androidskeleton.data.datasource.base.BaseDataSource$Anonymous1,apply/1[com.androidskeleton.data.datasource.base.Observable<T>],upstream,1
/home/arch_design_predict/download-github-repos/mvp/repos/AndroidSkeletonProject-master/app/src/main/java/com/androidskeleton/util/NullOnEmptyConverterFactory.java,com.androidskeleton.util.NullOnEmptyConverterFactory,"responseBodyConverter/3[java.lang.reflect.Type,java.lang.annotation.Annotation[],com.androidskeleton.util.Retrofit]",delegate,0
/home/arch_design_predict/download-github-repos/mvp/repos/AndroidSkeletonProject-master/app/src/main/java/com/androidskeleton/util/NullOnEmptyConverterFactory.java,com.androidskeleton.util.NullOnEmptyConverterFactory,"responseBodyConverter/3[java.lang.reflect.Type,java.lang.annotation.Annotation[],com.androidskeleton.util.Retrofit]",retrofit,1
/home/arch_design_predict/download-github-repos/mvp/repos/AndroidSkeletonProject-master/app/src/main/java/com/androidskeleton/util/NullOnEmptyConverterFactory.java,com.androidskeleton.util.NullOnEmptyConverterFactory,"responseBodyConverter/3[java.lang.reflect.Type,java.lang.annotation.Annotation[],com.androidskeleton.util.Retrofit]",annotations,1
/home/arch_design_predict/download-github-repos/mvp/repos/AndroidSkeletonProject-master/app/src/main/java/com/androidskeleton/util/NullOnEmptyConverterFactory.java,com.androidskeleton.util.NullOnEmptyConverterFactory,"responseBodyConverter/3[java.lang.reflect.Type,java.lang.annotation.Annotation[],com.androidskeleton.util.Retrofit]",type,1
/home/arch_design_predict/download-github-repos/mvp/repos/AndroidSkeletonProject-master/app/src/main/java/com/androidskeleton/di/module/AppModule.java,com.androidskeleton.di.module.AppModule,bindContext/1[com.androidskeleton.di.module.Application],application,0
/home/arch_design_predict/download-github-repos/mvp/repos/AndroidSkeletonProject-master/app/src/main/java/com/androidskeleton/data/datasource/base/BaseDataSource.java,com.androidskeleton.data.datasource.base.BaseDataSource$Anonymous4,apply/1[com.androidskeleton.data.datasource.base.Flowable<T>],upstream,1
/home/arch_design_predict/download-github-repos/mvp/repos/AndroidSkeletonProject-master/app/src/main/java/com/androidskeleton/module/base/DaggerBaseFragment.java,com.androidskeleton.module.base.DaggerBaseFragment,"onCreateView/3[com.androidskeleton.module.base.LayoutInflater,com.androidskeleton.module.base.ViewGroup,com.androidskeleton.module.base.Bundle]",container,2
/home/arch_design_predict/download-github-repos/mvp/repos/AndroidSkeletonProject-master/app/src/main/java/com/androidskeleton/module/base/DaggerBaseFragment.java,com.androidskeleton.module.base.DaggerBaseFragment,"onCreateView/3[com.androidskeleton.module.base.LayoutInflater,com.androidskeleton.module.base.ViewGroup,com.androidskeleton.module.base.Bundle]",savedInstanceState,1
/home/arch_design_predict/download-github-repos/mvp/repos/AndroidSkeletonProject-master/app/src/main/java/com/androidskeleton/module/base/DaggerBaseFragment.java,com.androidskeleton.module.base.DaggerBaseFragment,"onCreateView/3[com.androidskeleton.module.base.LayoutInflater,com.androidskeleton.module.base.ViewGroup,com.androidskeleton.module.base.Bundle]",inflater,2
/home/arch_design_predict/download-github-repos/mvp/repos/AndroidSkeletonProject-master/app/src/main/java/com/androidskeleton/util/ErrorMessageFactory.java,com.androidskeleton.util.ErrorMessageFactory,ErrorMessageFactory/1[com.androidskeleton.util.Context],context,2
/home/arch_design_predict/download-github-repos/mvp/repos/AndroidSkeletonProject-master/app/src/main/java/com/androidskeleton/util/ErrorMessageFactory.java,com.androidskeleton.util.ErrorMessageFactory,getError/1[java.lang.Throwable],msg,4
/home/arch_design_predict/download-github-repos/mvp/repos/AndroidSkeletonProject-master/app/src/main/java/com/androidskeleton/util/ErrorMessageFactory.java,com.androidskeleton.util.ErrorMessageFactory,getError/1[java.lang.Throwable],t,6
/home/arch_design_predict/download-github-repos/mvp/repos/AndroidSkeletonProject-master/app/src/main/java/com/androidskeleton/module/main/MainModule.java,com.androidskeleton.module.main.MainModule,mainPresenter/1[com.androidskeleton.module.main.MainPresenter],presenter,0
/home/arch_design_predict/download-github-repos/mvp/repos/AndroidSkeletonProject-master/app/src/main/java/com/androidskeleton/module/base/BaseFragment.java,com.androidskeleton.module.base.BaseFragment,"onCreateView/3[com.androidskeleton.module.base.LayoutInflater,com.androidskeleton.module.base.ViewGroup,com.androidskeleton.module.base.Bundle]",container,2
/home/arch_design_predict/download-github-repos/mvp/repos/AndroidSkeletonProject-master/app/src/main/java/com/androidskeleton/module/base/BaseFragment.java,com.androidskeleton.module.base.BaseFragment,"onCreateView/3[com.androidskeleton.module.base.LayoutInflater,com.androidskeleton.module.base.ViewGroup,com.androidskeleton.module.base.Bundle]",savedInstanceState,1
/home/arch_design_predict/download-github-repos/mvp/repos/AndroidSkeletonProject-master/app/src/main/java/com/androidskeleton/module/base/BaseFragment.java,com.androidskeleton.module.base.BaseFragment,"onCreateView/3[com.androidskeleton.module.base.LayoutInflater,com.androidskeleton.module.base.ViewGroup,com.androidskeleton.module.base.Bundle]",inflater,2
/home/arch_design_predict/download-github-repos/mvp/repos/AndroidSkeletonProject-master/app/src/main/java/com/androidskeleton/util/NullOnEmptyConverterFactory.java,com.androidskeleton.util.NullOnEmptyConverterFactory$Anonymous1,convert/1[com.androidskeleton.util.ResponseBody],body,2
/home/arch_design_predict/download-github-repos/mvp/repos/AndroidSkeletonProject-master/app/src/main/java/com/androidskeleton/data/repository/Repository.java,com.androidskeleton.data.repository.Repository,"Repository/3[com.androidskeleton.data.repository.Context,com.androidskeleton.data.datasource.base.DataSource,com.androidskeleton.data.datasource.LocalDataSource]",awLocalDataSource,1
/home/arch_design_predict/download-github-repos/mvp/repos/AndroidSkeletonProject-master/app/src/main/java/com/androidskeleton/data/repository/Repository.java,com.androidskeleton.data.repository.Repository,"Repository/3[com.androidskeleton.data.repository.Context,com.androidskeleton.data.datasource.base.DataSource,com.androidskeleton.data.datasource.LocalDataSource]",context,2
/home/arch_design_predict/download-github-repos/mvp/repos/AndroidSkeletonProject-master/app/src/main/java/com/androidskeleton/data/repository/Repository.java,com.androidskeleton.data.repository.Repository,"Repository/3[com.androidskeleton.data.repository.Context,com.androidskeleton.data.datasource.base.DataSource,com.androidskeleton.data.datasource.LocalDataSource]",awRemoteDataSource,1
/home/arch_design_predict/download-github-repos/mvp/repos/AndroidSkeletonProject-master/app/src/main/java/com/androidskeleton/module/main/MainPresenter.java,com.androidskeleton.module.main.MainPresenter,takeView/1[com.androidskeleton.module.main.MainContract.View],view,2
/home/arch_design_predict/download-github-repos/mvp/repos/AndroidSkeletonProject-master/app/src/main/java/com/androidskeleton/module/main/MainContract.java,com.androidskeleton.module.main.MainContract$View,greetings/1[java.lang.String],message,0
/home/arch_design_predict/download-github-repos/mvp/repos/AndroidSkeletonProject-master/app/src/main/java/com/androidskeleton/module/main/MainFragment.java,com.androidskeleton.module.main.MainFragment,"onCreateView/3[com.androidskeleton.module.main.LayoutInflater,com.androidskeleton.module.main.ViewGroup,com.androidskeleton.module.main.Bundle]",container,1
/home/arch_design_predict/download-github-repos/mvp/repos/AndroidSkeletonProject-master/app/src/main/java/com/androidskeleton/module/main/MainFragment.java,com.androidskeleton.module.main.MainFragment,"onCreateView/3[com.androidskeleton.module.main.LayoutInflater,com.androidskeleton.module.main.ViewGroup,com.androidskeleton.module.main.Bundle]",savedInstanceState,1
/home/arch_design_predict/download-github-repos/mvp/repos/AndroidSkeletonProject-master/app/src/main/java/com/androidskeleton/module/main/MainFragment.java,com.androidskeleton.module.main.MainFragment,"onCreateView/3[com.androidskeleton.module.main.LayoutInflater,com.androidskeleton.module.main.ViewGroup,com.androidskeleton.module.main.Bundle]",inflater,1
/home/arch_design_predict/download-github-repos/mvp/repos/AndroidSkeletonProject-master/app/src/main/java/com/androidskeleton/module/main/MainFragment.java,com.androidskeleton.module.main.MainFragment,onAttach/1[com.androidskeleton.module.main.Context],context,4
/home/arch_design_predict/download-github-repos/mvp/repos/AndroidSkeletonProject-master/app/src/main/java/com/androidskeleton/module/main/MainFragment.java,com.androidskeleton.module.main.MainFragment,onCreate/1[com.androidskeleton.module.main.Bundle],savedInstanceState,1
/home/arch_design_predict/download-github-repos/mvp/repos/AndroidSkeletonProject-master/app/src/main/java/com/androidskeleton/module/main/MainFragment.java,com.androidskeleton.module.main.MainFragment,onButtonPressed/1[com.androidskeleton.module.main.Uri],uri,1
/home/arch_design_predict/download-github-repos/mvp/repos/AndroidSkeletonProject-master/app/src/main/java/com/androidskeleton/module/main/MainFragment.java,com.androidskeleton.module.main.MainFragment,greetings/1[java.lang.String],lblGreetings,1
/home/arch_design_predict/download-github-repos/mvp/repos/AndroidSkeletonProject-master/app/src/main/java/com/androidskeleton/module/main/MainFragment.java,com.androidskeleton.module.main.MainFragment,greetings/1[java.lang.String],message,1
/home/arch_design_predict/download-github-repos/mvp/repos/AndroidSkeletonProject-master/app/src/main/java/com/androidskeleton/di/module/RepositoryModule.java,com.androidskeleton.di.module.RepositoryModule,"provideOkHttpClient1/2[com.androidskeleton.di.module.HttpLoggingInterceptor,com.androidskeleton.di.module.StethoInterceptor]",loggingInterceptor,1
/home/arch_design_predict/download-github-repos/mvp/repos/AndroidSkeletonProject-master/app/src/main/java/com/androidskeleton/di/module/RepositoryModule.java,com.androidskeleton.di.module.RepositoryModule,"provideOkHttpClient1/2[com.androidskeleton.di.module.HttpLoggingInterceptor,com.androidskeleton.di.module.StethoInterceptor]",stethoInterceptor,1
/home/arch_design_predict/download-github-repos/mvp/repos/AndroidSkeletonProject-master/app/src/main/java/com/androidskeleton/di/module/RepositoryModule.java,com.androidskeleton.di.module.RepositoryModule,"provideOkHttpClient2/2[com.androidskeleton.di.module.HttpLoggingInterceptor,com.androidskeleton.di.module.StethoInterceptor]",loggingInterceptor,1
/home/arch_design_predict/download-github-repos/mvp/repos/AndroidSkeletonProject-master/app/src/main/java/com/androidskeleton/di/module/RepositoryModule.java,com.androidskeleton.di.module.RepositoryModule,"provideOkHttpClient2/2[com.androidskeleton.di.module.HttpLoggingInterceptor,com.androidskeleton.di.module.StethoInterceptor]",stethoInterceptor,1
/home/arch_design_predict/download-github-repos/mvp/repos/AndroidSkeletonProject-master/app/src/main/java/com/androidskeleton/di/module/RepositoryModule.java,com.androidskeleton.di.module.RepositoryModule,"provideRetrofit/3[com.androidskeleton.di.module.OkHttpClient,com.androidskeleton.di.module.GsonConverterFactory,com.androidskeleton.di.module.RxJava2CallAdapterFactory]",converterFactory,1
/home/arch_design_predict/download-github-repos/mvp/repos/AndroidSkeletonProject-master/app/src/main/java/com/androidskeleton/di/module/RepositoryModule.java,com.androidskeleton.di.module.RepositoryModule,"provideRetrofit/3[com.androidskeleton.di.module.OkHttpClient,com.androidskeleton.di.module.GsonConverterFactory,com.androidskeleton.di.module.RxJava2CallAdapterFactory]",adapterFactory,1
/home/arch_design_predict/download-github-repos/mvp/repos/AndroidSkeletonProject-master/app/src/main/java/com/androidskeleton/di/module/RepositoryModule.java,com.androidskeleton.di.module.RepositoryModule,"provideRetrofit/3[com.androidskeleton.di.module.OkHttpClient,com.androidskeleton.di.module.GsonConverterFactory,com.androidskeleton.di.module.RxJava2CallAdapterFactory]",okHttpClient,1
/home/arch_design_predict/download-github-repos/mvp/repos/AndroidSkeletonProject-master/app/src/main/java/com/androidskeleton/di/module/RepositoryModule.java,com.androidskeleton.di.module.RepositoryModule,provideApiService/1[com.androidskeleton.di.module.Retrofit],retrofit,1
/home/arch_design_predict/download-github-repos/mvp/repos/AndroidSkeletonProject-master/app/src/main/java/com/androidskeleton/di/module/RepositoryModule.java,com.androidskeleton.di.module.RepositoryModule,provideHttpLoggingInterceptor/0,loggingInterceptor,2
/home/arch_design_predict/download-github-repos/mvp/repos/AndroidSkeletonProject-master/app/src/main/java/com/androidskeleton/di/module/RepositoryModule.java,com.androidskeleton.di.module.RepositoryModule,provideRemoteDataSource/1[com.androidskeleton.data.api.ApiService],apiService,1
/home/arch_design_predict/download-github-repos/mvp/repos/AndroidSkeletonProject-master/app/src/main/java/com/androidskeleton/di/module/RepositoryModule.java,com.androidskeleton.di.module.RepositoryModule,provideErrorMessageFactory/1[com.androidskeleton.di.module.Context],context,1
/home/arch_design_predict/download-github-repos/mvp/repos/AndroidSkeletonProject-master/app/src/main/java/com/androidskeleton/di/module/RepositoryModule.java,com.androidskeleton.di.module.RepositoryModule,"provideRepository/3[com.androidskeleton.di.module.Context,com.androidskeleton.data.datasource.LocalDataSource,com.androidskeleton.data.datasource.RemoteDataSource]",localDatasource,1
/home/arch_design_predict/download-github-repos/mvp/repos/AndroidSkeletonProject-master/app/src/main/java/com/androidskeleton/di/module/RepositoryModule.java,com.androidskeleton.di.module.RepositoryModule,"provideRepository/3[com.androidskeleton.di.module.Context,com.androidskeleton.data.datasource.LocalDataSource,com.androidskeleton.data.datasource.RemoteDataSource]",context,1
/home/arch_design_predict/download-github-repos/mvp/repos/AndroidSkeletonProject-master/app/src/main/java/com/androidskeleton/di/module/RepositoryModule.java,com.androidskeleton.di.module.RepositoryModule,"provideRepository/3[com.androidskeleton.di.module.Context,com.androidskeleton.data.datasource.LocalDataSource,com.androidskeleton.data.datasource.RemoteDataSource]",remoteDatasource,1
/home/arch_design_predict/download-github-repos/mvp/repos/AndroidSkeletonProject-master/app/src/main/java/com/androidskeleton/util/ActivityUtils.java,com.androidskeleton.util.ActivityUtils,"addFragmentToActivity/3[com.androidskeleton.util.FragmentManager,com.androidskeleton.util.Fragment,int]",fragment,1
/home/arch_design_predict/download-github-repos/mvp/repos/AndroidSkeletonProject-master/app/src/main/java/com/androidskeleton/util/ActivityUtils.java,com.androidskeleton.util.ActivityUtils,"addFragmentToActivity/3[com.androidskeleton.util.FragmentManager,com.androidskeleton.util.Fragment,int]",frameId,1
/home/arch_design_predict/download-github-repos/mvp/repos/AndroidSkeletonProject-master/app/src/main/java/com/androidskeleton/util/ActivityUtils.java,com.androidskeleton.util.ActivityUtils,"addFragmentToActivity/3[com.androidskeleton.util.FragmentManager,com.androidskeleton.util.Fragment,int]",fragmentManager,1
/home/arch_design_predict/download-github-repos/mvp/repos/AndroidSkeletonProject-master/app/src/main/java/com/androidskeleton/util/ActivityUtils.java,com.androidskeleton.util.ActivityUtils,"addFragmentToActivity/3[com.androidskeleton.util.FragmentManager,com.androidskeleton.util.Fragment,int]",transaction,3
/home/arch_design_predict/download-github-repos/mvp/repos/AndroidSkeletonProject-master/app/src/main/java/com/androidskeleton/util/ActivityUtils.java,com.androidskeleton.util.ActivityUtils,"addFragmentToActivityKeepHistoryAnimFadeInSlideDown/3[com.androidskeleton.util.FragmentManager,com.androidskeleton.util.Fragment,int]",fragment,2
/home/arch_design_predict/download-github-repos/mvp/repos/AndroidSkeletonProject-master/app/src/main/java/com/androidskeleton/util/ActivityUtils.java,com.androidskeleton.util.ActivityUtils,"addFragmentToActivityKeepHistoryAnimFadeInSlideDown/3[com.androidskeleton.util.FragmentManager,com.androidskeleton.util.Fragment,int]",frameId,1
/home/arch_design_predict/download-github-repos/mvp/repos/AndroidSkeletonProject-master/app/src/main/java/com/androidskeleton/util/ActivityUtils.java,com.androidskeleton.util.ActivityUtils,"addFragmentToActivityKeepHistoryAnimFadeInSlideDown/3[com.androidskeleton.util.FragmentManager,com.androidskeleton.util.Fragment,int]",fragmentManager,1
/home/arch_design_predict/download-github-repos/mvp/repos/AndroidSkeletonProject-master/app/src/main/java/com/androidskeleton/util/ActivityUtils.java,com.androidskeleton.util.ActivityUtils,"addFragmentToActivityKeepHistoryAnimFadeInSlideDown/3[com.androidskeleton.util.FragmentManager,com.androidskeleton.util.Fragment,int]",transaction,4
/home/arch_design_predict/download-github-repos/mvp/repos/AndroidSkeletonProject-master/app/src/main/java/com/androidskeleton/util/ActivityUtils.java,com.androidskeleton.util.ActivityUtils,"addFragmentToActivityAnimUpDown/3[com.androidskeleton.util.FragmentManager,com.androidskeleton.util.Fragment,int]",fragment,1
/home/arch_design_predict/download-github-repos/mvp/repos/AndroidSkeletonProject-master/app/src/main/java/com/androidskeleton/util/ActivityUtils.java,com.androidskeleton.util.ActivityUtils,"addFragmentToActivityAnimUpDown/3[com.androidskeleton.util.FragmentManager,com.androidskeleton.util.Fragment,int]",frameId,1
/home/arch_design_predict/download-github-repos/mvp/repos/AndroidSkeletonProject-master/app/src/main/java/com/androidskeleton/util/ActivityUtils.java,com.androidskeleton.util.ActivityUtils,"addFragmentToActivityAnimUpDown/3[com.androidskeleton.util.FragmentManager,com.androidskeleton.util.Fragment,int]",fragmentManager,1
/home/arch_design_predict/download-github-repos/mvp/repos/AndroidSkeletonProject-master/app/src/main/java/com/androidskeleton/util/ActivityUtils.java,com.androidskeleton.util.ActivityUtils,"addFragmentToActivityAnimUpDown/3[com.androidskeleton.util.FragmentManager,com.androidskeleton.util.Fragment,int]",transaction,3
/home/arch_design_predict/download-github-repos/mvp/repos/AndroidSkeletonProject-master/app/src/main/java/com/androidskeleton/util/ActivityUtils.java,com.androidskeleton.util.ActivityUtils,"addFragmentToActivityKeepHistoryAnimUpDown/3[com.androidskeleton.util.FragmentManager,com.androidskeleton.util.Fragment,int]",fragment,2
/home/arch_design_predict/download-github-repos/mvp/repos/AndroidSkeletonProject-master/app/src/main/java/com/androidskeleton/util/ActivityUtils.java,com.androidskeleton.util.ActivityUtils,"addFragmentToActivityKeepHistoryAnimUpDown/3[com.androidskeleton.util.FragmentManager,com.androidskeleton.util.Fragment,int]",frameId,1
/home/arch_design_predict/download-github-repos/mvp/repos/AndroidSkeletonProject-master/app/src/main/java/com/androidskeleton/util/ActivityUtils.java,com.androidskeleton.util.ActivityUtils,"addFragmentToActivityKeepHistoryAnimUpDown/3[com.androidskeleton.util.FragmentManager,com.androidskeleton.util.Fragment,int]",fragmentManager,1
/home/arch_design_predict/download-github-repos/mvp/repos/AndroidSkeletonProject-master/app/src/main/java/com/androidskeleton/util/ActivityUtils.java,com.androidskeleton.util.ActivityUtils,"addFragmentToActivityKeepHistoryAnimUpDown/3[com.androidskeleton.util.FragmentManager,com.androidskeleton.util.Fragment,int]",transaction,4
/home/arch_design_predict/download-github-repos/mvp/repos/AndroidSkeletonProject-master/app/src/main/java/com/androidskeleton/util/ActivityUtils.java,com.androidskeleton.util.ActivityUtils,"addFragmentToActivityKeepHistory/3[com.androidskeleton.util.FragmentManager,com.androidskeleton.util.Fragment,int]",fragment,2
/home/arch_design_predict/download-github-repos/mvp/repos/AndroidSkeletonProject-master/app/src/main/java/com/androidskeleton/util/ActivityUtils.java,com.androidskeleton.util.ActivityUtils,"addFragmentToActivityKeepHistory/3[com.androidskeleton.util.FragmentManager,com.androidskeleton.util.Fragment,int]",frameId,1
/home/arch_design_predict/download-github-repos/mvp/repos/AndroidSkeletonProject-master/app/src/main/java/com/androidskeleton/util/ActivityUtils.java,com.androidskeleton.util.ActivityUtils,"addFragmentToActivityKeepHistory/3[com.androidskeleton.util.FragmentManager,com.androidskeleton.util.Fragment,int]",fragmentManager,1
/home/arch_design_predict/download-github-repos/mvp/repos/AndroidSkeletonProject-master/app/src/main/java/com/androidskeleton/util/ActivityUtils.java,com.androidskeleton.util.ActivityUtils,"addFragmentToActivityKeepHistory/3[com.androidskeleton.util.FragmentManager,com.androidskeleton.util.Fragment,int]",transaction,4
/home/arch_design_predict/download-github-repos/mvp/repos/AndroidSkeletonProject-master/app/src/main/java/com/androidskeleton/module/base/BaseActivity.java,com.androidskeleton.module.base.BaseActivity,onCreate/1[com.androidskeleton.module.base.Bundle],savedInstanceState,1
/home/arch_design_predict/download-github-repos/mvp/repos/AndroidSkeletonProject-master/app/src/main/java/com/androidskeleton/module/base/BasePresenter.java,com.androidskeleton.module.base.BasePresenter,takeView/1[T],view,0
/home/arch_design_predict/download-github-repos/mvp/repos/AndroidSkeletonProject-master/app/src/main/java/com/androidskeleton/module/base/DaggerBaseActivity.java,com.androidskeleton.module.base.DaggerBaseActivity,onCreate/1[com.androidskeleton.module.base.Bundle],savedInstanceState,1
