file,class,type,cbo,cboModified,fanin,fanout,wmc,dit,noc,rfc,lcom,lcom*,tcc,lcc,totalMethodsQty,staticMethodsQty,publicMethodsQty,privateMethodsQty,protectedMethodsQty,defaultMethodsQty,visibleMethodsQty,abstractMethodsQty,finalMethodsQty,synchronizedMethodsQty,totalFieldsQty,staticFieldsQty,publicFieldsQty,privateFieldsQty,protectedFieldsQty,defaultFieldsQty,finalFieldsQty,synchronizedFieldsQty,nosi,loc,returnQty,loopQty,comparisonsQty,tryCatchQty,parenthesizedExpsQty,stringLiteralsQty,numbersQty,assignmentsQty,mathOperationsQty,variablesQty,maxNestedBlocksQty,anonymousClassesQty,innerClassesQty,lambdasQty,uniqueWordsQty,modifiers,logStatementsQty
/home/arch_design_predict/download-github-repos/mvp/repos/DailyFun-master/app/src/main/java/com/wulingpeng/havefun/ui/RatioImageView.java,com.wulingpeng.havefun.ui.RatioImageView,class,3,5,2,3,6,2,0,3,4,0.5,0.16666667,0.16666667,4,0,3,0,1,0,4,0,0,0,2,0,0,2,0,0,0,0,0,26,0,0,0,0,1,0,2,5,2,5,1,0,0,0,22,1,0
/home/arch_design_predict/download-github-repos/mvp/repos/DailyFun-master/app/src/main/java/com/wulingpeng/havefun/mvp/presenter/AndroidPresenterInterface.java,com.wulingpeng.havefun.mvp.presenter.AndroidPresenterInterface,interface,1,2,1,1,1,1,0,0,0,0.0,NaN,NaN,1,0,1,0,0,0,1,0,0,0,0,0,0,0,0,0,0,0,0,3,0,0,0,0,0,0,0,0,0,0,0,0,0,0,10,1,0
/home/arch_design_predict/download-github-repos/mvp/repos/DailyFun-master/app/src/main/java/com/wulingpeng/havefun/mvp/adapter/PictureListAdapter.java,com.wulingpeng.havefun.mvp.adapter.PictureListAdapter$OnItemClickListener,interface,1,1,0,1,1,1,0,0,0,0.0,NaN,NaN,1,0,1,0,0,0,1,0,0,0,0,0,0,0,0,0,0,0,0,3,0,0,0,0,0,0,0,0,0,0,0,0,0,0,7,1,0
/home/arch_design_predict/download-github-repos/mvp/repos/DailyFun-master/app/src/main/java/com/wulingpeng/havefun/ui/DetailActivity.java,com.wulingpeng.havefun.ui.DetailActivity$PagerAdapter,innerclass,4,4,0,4,3,2,0,3,3,0.0,0.0,0.0,3,0,3,0,0,0,3,0,0,0,0,0,0,0,0,0,0,0,1,11,2,0,0,0,0,0,0,0,0,0,0,0,0,0,9,0,0
/home/arch_design_predict/download-github-repos/mvp/repos/DailyFun-master/app/src/main/java/com/wulingpeng/havefun/mvp/presenter/PicPresenterInterface.java,com.wulingpeng.havefun.mvp.presenter.PicPresenterInterface,interface,2,3,1,2,4,1,0,0,6,0.0,0.0,0.0,4,0,4,0,0,0,4,0,0,0,0,0,0,0,0,0,0,0,0,6,0,0,0,0,0,0,0,0,0,0,0,0,0,0,14,1,0
/home/arch_design_predict/download-github-repos/mvp/repos/DailyFun-master/app/src/main/java/com/wulingpeng/havefun/ui/DetailFragment.java,com.wulingpeng.havefun.ui.DetailFragment$Anonymous1,anonymous,3,3,0,3,1,1,0,1,0,0.0,NaN,NaN,1,0,1,0,0,0,1,0,0,0,0,0,0,0,0,0,0,0,0,5,0,0,0,0,0,0,0,0,0,0,0,0,0,0,7,-1,0
/home/arch_design_predict/download-github-repos/mvp/repos/DailyFun-master/app/src/main/java/com/wulingpeng/havefun/mvp/presenter/ZhihuPresenter.java,com.wulingpeng.havefun.mvp.presenter.ZhihuPresenter,class,9,13,4,9,9,1,0,16,6,0.6,1.0,1.0,5,0,2,3,0,0,2,0,0,0,2,0,0,2,0,0,0,0,3,64,0,2,2,0,0,1,1,3,1,3,2,2,0,0,25,1,0
/home/arch_design_predict/download-github-repos/mvp/repos/DailyFun-master/app/src/main/java/com/wulingpeng/havefun/mvp/view/PictureFragment.java,com.wulingpeng.havefun.mvp.view.PictureFragment$Anonymous1,anonymous,6,6,0,6,4,1,0,6,0,0.0,NaN,NaN,1,0,1,0,0,0,1,0,0,0,0,0,0,0,0,0,0,0,1,17,0,0,2,0,0,0,3,2,1,2,3,0,0,0,24,-1,0
/home/arch_design_predict/download-github-repos/mvp/repos/DailyFun-master/app/src/main/java/com/wulingpeng/havefun/mvp/adapter/PictureListAdapter.java,com.wulingpeng.havefun.mvp.adapter.PictureListAdapter$ViewHolder$Anonymous1,anonymous,2,2,0,2,1,1,0,2,0,0.0,NaN,NaN,1,0,1,0,0,0,1,0,0,0,0,0,0,0,0,0,0,0,0,5,0,0,0,0,0,0,0,0,0,0,0,0,0,0,4,-1,0
/home/arch_design_predict/download-github-repos/mvp/repos/DailyFun-master/app/src/main/java/com/wulingpeng/havefun/mvp/model/Douban.java,com.wulingpeng.havefun.mvp.model.Douban,class,2,10,8,2,10,1,0,0,35,0.8,0.11111111,0.11111111,10,0,10,0,0,0,10,0,0,0,5,0,0,5,0,0,0,0,0,37,5,0,0,0,0,0,0,5,0,5,0,0,0,0,19,1,0
/home/arch_design_predict/download-github-repos/mvp/repos/DailyFun-master/app/src/main/java/com/wulingpeng/havefun/mvp/adapter/AndroidListAdapter.java,com.wulingpeng.havefun.mvp.adapter.AndroidListAdapter$OnItemClickListener,interface,0,0,0,0,1,1,0,0,0,0.0,NaN,NaN,1,0,1,0,0,0,1,0,0,0,0,0,0,0,0,0,0,0,0,3,0,0,0,0,0,0,0,0,0,0,0,0,0,0,6,1,0
/home/arch_design_predict/download-github-repos/mvp/repos/DailyFun-master/app/src/main/java/com/wulingpeng/havefun/mvp/adapter/ZhihuListAdapter.java,com.wulingpeng.havefun.mvp.adapter.ZhihuListAdapter$ItemViewHolder,innerclass,5,5,0,5,1,2,0,2,0,1.0,NaN,NaN,1,0,1,0,0,0,1,0,0,0,2,0,2,0,0,0,0,0,0,16,0,0,0,0,0,0,0,0,0,2,0,1,0,0,8,1,0
/home/arch_design_predict/download-github-repos/mvp/repos/DailyFun-master/app/src/main/java/com/wulingpeng/havefun/ui/UrlActivity.java,com.wulingpeng.havefun.ui.UrlActivity,class,6,9,3,6,4,2,0,11,1,0.33333334,0.33333334,0.33333334,3,0,1,0,2,0,3,0,0,0,1,0,1,0,0,0,0,0,0,28,0,0,0,0,0,1,0,1,0,2,1,1,0,0,26,1,0
/home/arch_design_predict/download-github-repos/mvp/repos/DailyFun-master/app/src/main/java/com/wulingpeng/havefun/mvp/adapter/PictureListAdapter.java,com.wulingpeng.havefun.mvp.adapter.PictureListAdapter,class,12,14,2,12,5,2,0,15,0,0.5,0.6666667,1.0,4,0,4,0,0,0,4,0,0,0,4,0,0,4,0,0,0,0,0,49,2,0,0,0,6,0,0,9,0,9,1,0,2,0,32,1,0
/home/arch_design_predict/download-github-repos/mvp/repos/DailyFun-master/app/src/main/java/com/wulingpeng/havefun/mvp/view/TabFragment.java,com.wulingpeng.havefun.mvp.view.TabFragment,class,12,14,2,12,4,4,0,15,1,0.75,0.33333334,0.33333334,3,1,1,0,2,0,3,0,0,0,8,4,6,2,0,0,4,0,8,70,1,0,1,0,0,10,3,9,1,10,1,1,1,0,42,1,0
/home/arch_design_predict/download-github-repos/mvp/repos/DailyFun-master/app/src/main/java/com/wulingpeng/havefun/mvp/view/RecyclerFragment.java,com.wulingpeng.havefun.mvp.view.RecyclerFragment,class,5,10,5,5,2,3,3,2,1,0.5,0.0,0.0,2,0,0,0,2,0,2,0,0,0,2,0,2,0,0,0,0,0,0,11,0,0,0,0,0,0,0,1,0,2,0,0,0,0,14,1025,0
/home/arch_design_predict/download-github-repos/mvp/repos/DailyFun-master/app/src/main/java/com/wulingpeng/havefun/mvp/model/Gank.java,com.wulingpeng.havefun.mvp.model.Gank,class,2,10,8,2,22,1,0,0,209,0.90909094,0.04761905,0.04761905,22,0,22,0,0,0,22,0,0,0,11,0,0,11,0,0,0,0,0,79,11,0,0,0,0,0,0,11,0,11,0,0,0,0,30,1,0
/home/arch_design_predict/download-github-repos/mvp/repos/DailyFun-master/app/src/main/java/com/wulingpeng/havefun/mvp/adapter/ZhihuListAdapter.java,com.wulingpeng.havefun.mvp.adapter.ZhihuListAdapter$ViewPagerAdapter$Anonymous2,anonymous,3,3,0,3,2,1,0,3,0,0.0,NaN,NaN,1,0,1,0,0,0,1,0,0,0,0,0,0,0,0,0,0,0,0,7,0,0,1,0,0,0,0,0,0,0,1,0,0,0,7,-1,0
/home/arch_design_predict/download-github-repos/mvp/repos/DailyFun-master/app/src/androidTest/java/com/wulingpeng/havefun/ApplicationTest.java,com.wulingpeng.havefun.ApplicationTest,class,2,2,0,2,1,2,0,0,0,0.0,NaN,NaN,1,0,1,0,0,0,1,0,0,0,0,0,0,0,0,0,0,0,0,5,0,0,0,0,0,0,0,0,0,0,0,0,0,0,7,1,0
/home/arch_design_predict/download-github-repos/mvp/repos/DailyFun-master/app/src/main/java/com/wulingpeng/havefun/mvp/view/PictureViewInterface.java,com.wulingpeng.havefun.mvp.view.PictureViewInterface,interface,0,1,1,0,2,1,0,0,1,0.0,0.0,0.0,2,0,2,0,0,0,2,0,0,0,0,0,0,0,0,0,0,0,0,4,0,0,0,0,0,0,0,0,0,0,0,0,0,0,10,1,0
/home/arch_design_predict/download-github-repos/mvp/repos/DailyFun-master/app/src/main/java/com/wulingpeng/havefun/mvp/view/TabFragment.java,com.wulingpeng.havefun.mvp.view.TabFragment$TabAdapter,innerclass,4,4,0,4,5,2,0,2,6,0.0,0.0,0.0,4,0,4,0,0,0,4,0,0,0,0,0,0,0,0,0,0,0,0,19,4,0,1,0,0,0,0,0,0,0,1,0,0,0,23,0,0
/home/arch_design_predict/download-github-repos/mvp/repos/DailyFun-master/app/src/main/java/com/wulingpeng/havefun/mvp/adapter/ZhihuListAdapter.java,com.wulingpeng.havefun.mvp.adapter.ZhihuListAdapter$OnItemClickListener,interface,0,0,0,0,1,1,0,0,0,0.0,NaN,NaN,1,0,1,0,0,0,1,0,0,0,0,0,0,0,0,0,0,0,0,3,0,0,0,0,0,0,0,0,0,0,0,0,0,0,6,1,0
/home/arch_design_predict/download-github-repos/mvp/repos/DailyFun-master/app/src/main/java/com/wulingpeng/havefun/mvp/presenter/AndroidPresenter.java,com.wulingpeng.havefun.mvp.presenter.AndroidPresenter,class,5,6,1,5,2,1,0,4,1,0.5,0.0,0.0,2,0,2,0,0,0,2,0,0,0,2,0,0,2,0,0,0,0,0,24,0,0,0,0,0,3,1,2,1,2,0,1,0,0,17,1,0
/home/arch_design_predict/download-github-repos/mvp/repos/DailyFun-master/app/src/main/java/com/wulingpeng/havefun/mvp/adapter/AndroidListAdapter.java,com.wulingpeng.havefun.mvp.adapter.AndroidListAdapter$ViewHolder$Anonymous1,anonymous,2,2,0,2,2,1,0,4,0,0.0,NaN,NaN,1,0,1,0,0,0,1,0,0,0,0,0,0,0,0,0,0,0,0,7,0,0,1,0,0,0,0,0,0,0,1,0,0,0,9,-1,0
/home/arch_design_predict/download-github-repos/mvp/repos/DailyFun-master/app/src/main/java/com/wulingpeng/havefun/mvp/model/Zhihu.java,com.wulingpeng.havefun.mvp.model.Zhihu,class,2,12,10,2,14,1,0,0,77,0.8888889,0.07692308,0.07692308,14,0,14,0,0,0,14,0,0,0,9,2,2,7,0,0,0,0,0,53,7,0,0,0,0,1,2,10,0,9,0,0,0,0,33,1,0
/home/arch_design_predict/download-github-repos/mvp/repos/DailyFun-master/app/src/main/java/com/wulingpeng/havefun/utils/SPUtil.java,com.wulingpeng.havefun.utils.SPUtil,class,3,5,2,3,2,1,0,5,1,0.6666667,0.0,0.0,2,2,2,0,0,0,2,0,0,0,3,3,3,0,0,0,0,0,0,12,1,0,0,0,0,1,0,3,0,3,0,0,0,0,18,1,0
/home/arch_design_predict/download-github-repos/mvp/repos/DailyFun-master/app/src/main/java/com/wulingpeng/havefun/ui/BaseActivity.java,com.wulingpeng.havefun.ui.BaseActivity,class,7,11,4,7,5,2,3,16,10,0.8,0.0,0.0,5,0,2,0,3,0,5,1,0,0,3,0,1,0,2,0,0,0,0,28,0,0,0,0,0,0,0,3,0,4,0,0,0,0,37,1025,0
/home/arch_design_predict/download-github-repos/mvp/repos/DailyFun-master/app/src/main/java/com/wulingpeng/havefun/ui/SplashActivity.java,com.wulingpeng.havefun.ui.SplashActivity,class,10,12,2,10,8,2,0,23,15,0.8333333,0.0,0.0,6,0,1,4,1,0,2,0,0,0,2,0,1,1,0,0,0,0,3,58,0,0,0,0,0,3,1,3,0,4,1,2,0,0,37,1,0
/home/arch_design_predict/download-github-repos/mvp/repos/DailyFun-master/app/src/main/java/com/wulingpeng/havefun/ui/SettingFragment.java,com.wulingpeng.havefun.ui.SettingFragment,class,6,6,0,6,4,2,0,16,1,0.33333334,0.33333334,0.33333334,3,0,3,0,0,0,3,0,0,0,1,0,0,1,0,0,0,0,2,25,1,0,0,0,0,5,0,2,3,2,1,0,0,0,29,1,0
/home/arch_design_predict/download-github-repos/mvp/repos/DailyFun-master/app/src/main/java/com/wulingpeng/havefun/mvp/presenter/AndroidPresenter.java,com.wulingpeng.havefun.mvp.presenter.AndroidPresenter$Anonymous1,anonymous,4,4,0,4,2,1,0,8,1,0.0,0.0,0.0,2,0,2,0,0,0,2,0,0,0,0,0,0,0,0,0,0,0,2,13,0,0,0,0,0,0,0,0,0,0,0,0,0,0,9,-1,0
/home/arch_design_predict/download-github-repos/mvp/repos/DailyFun-master/app/src/main/java/com/wulingpeng/havefun/mvp/view/AndroidFragment.java,com.wulingpeng.havefun.mvp.view.AndroidFragment,class,10,14,4,10,8,4,0,14,22,0.75,0.0,0.0,8,1,5,2,1,0,6,0,0,0,3,0,0,3,0,0,0,0,0,40,1,0,0,0,0,1,0,4,0,4,0,0,0,0,36,1,0
/home/arch_design_predict/download-github-repos/mvp/repos/DailyFun-master/app/src/test/java/com/wulingpeng/havefun/ExampleUnitTest.java,com.wulingpeng.havefun.ExampleUnitTest,class,1,1,0,1,1,1,0,1,0,0.0,NaN,NaN,1,0,1,0,0,0,1,0,0,0,0,0,0,0,0,0,0,0,0,5,0,0,0,0,0,0,3,0,1,0,0,0,0,0,18,1,0
/home/arch_design_predict/download-github-repos/mvp/repos/DailyFun-master/app/src/main/java/com/wulingpeng/havefun/net/callback/ZhihuCallback.java,com.wulingpeng.havefun.net.callback.ZhihuCallback,class,7,9,2,7,8,2,0,16,4,0.5,0.0,0.0,4,0,3,1,0,0,3,0,0,0,1,0,0,1,0,0,0,0,0,45,2,2,3,1,0,7,3,12,1,12,2,0,0,0,29,1,0
/home/arch_design_predict/download-github-repos/mvp/repos/DailyFun-master/app/src/main/java/com/wulingpeng/havefun/net/callback/DoubanCallback.java,com.wulingpeng.havefun.net.callback.DoubanCallback,class,8,9,1,8,7,2,0,22,3,0.6666667,0.0,0.0,3,0,3,0,0,0,3,0,0,0,2,0,0,0,2,0,0,0,0,36,1,2,3,1,0,4,2,10,0,11,3,0,0,0,33,1,0
/home/arch_design_predict/download-github-repos/mvp/repos/DailyFun-master/app/src/main/java/com/wulingpeng/havefun/ui/BaseFragment.java,com.wulingpeng.havefun.ui.BaseFragment,class,8,11,3,8,3,2,2,5,3,0.6666667,0.0,0.0,3,0,1,0,2,0,3,2,0,0,3,0,1,1,1,0,0,0,0,15,1,0,0,0,0,0,0,2,0,3,0,0,0,0,22,1025,0
/home/arch_design_predict/download-github-repos/mvp/repos/DailyFun-master/app/src/main/java/com/wulingpeng/havefun/ui/DetailActivity.java,com.wulingpeng.havefun.ui.DetailActivity,class,7,9,2,7,2,3,0,13,0,0.33333334,NaN,NaN,2,0,0,1,1,0,1,0,0,0,3,0,1,2,0,0,0,0,0,30,0,0,0,0,0,2,1,2,0,3,0,0,1,0,28,1,0
/home/arch_design_predict/download-github-repos/mvp/repos/DailyFun-master/app/src/main/java/com/wulingpeng/havefun/mvp/adapter/AndroidListAdapter.java,com.wulingpeng.havefun.mvp.adapter.AndroidListAdapter,class,9,10,1,9,6,2,0,7,2,0.65,0.4,0.6,5,0,5,0,0,0,5,0,0,0,4,0,0,4,0,0,0,0,0,44,2,0,1,0,1,3,0,7,1,7,0,0,2,0,32,1,0
/home/arch_design_predict/download-github-repos/mvp/repos/DailyFun-master/app/src/main/java/com/wulingpeng/havefun/mvp/model/Android.java,com.wulingpeng.havefun.mvp.model.Android,class,2,9,7,2,8,1,0,0,20,0.75,0.14285715,0.14285715,8,0,8,0,0,0,8,0,0,0,4,0,0,4,0,0,0,0,0,30,4,0,0,0,0,0,0,4,0,4,0,0,0,0,17,1,0
/home/arch_design_predict/download-github-repos/mvp/repos/DailyFun-master/app/src/main/java/com/wulingpeng/havefun/mvp/view/PictureFragment.java,com.wulingpeng.havefun.mvp.view.PictureFragment,class,14,17,3,14,20,4,0,24,0,0.63265306,0.8,1.0,7,1,5,1,1,0,6,0,0,0,14,7,8,6,0,0,7,0,0,126,1,2,5,0,0,4,9,23,0,19,3,1,0,0,69,1,0
/home/arch_design_predict/download-github-repos/mvp/repos/DailyFun-master/app/src/main/java/com/wulingpeng/havefun/ui/SettingActivity.java,com.wulingpeng.havefun.ui.SettingActivity,class,2,3,1,2,3,3,0,3,1,0.0,0.0,0.0,2,0,1,0,1,0,2,0,0,0,0,0,0,0,0,0,0,0,0,12,2,0,1,0,0,0,0,1,0,0,1,0,0,0,18,1,0
/home/arch_design_predict/download-github-repos/mvp/repos/DailyFun-master/app/src/main/java/com/wulingpeng/havefun/ui/ZoomImageView.java,com.wulingpeng.havefun.ui.ZoomImageView$OnSingleTapUpListener,interface,0,0,0,0,1,1,0,0,0,0.0,NaN,NaN,1,0,1,0,0,0,1,0,0,0,0,0,0,0,0,0,0,0,0,3,0,0,0,0,0,0,0,0,0,0,0,0,0,0,6,1,0
/home/arch_design_predict/download-github-repos/mvp/repos/DailyFun-master/app/src/main/java/com/wulingpeng/havefun/mvp/adapter/ZhihuListAdapter.java,com.wulingpeng.havefun.mvp.adapter.ZhihuListAdapter$TopViewHolder,innerclass,4,4,0,4,1,2,0,1,0,1.0,NaN,NaN,1,0,1,0,0,0,1,0,0,0,1,0,1,0,0,0,0,0,0,7,0,0,0,0,0,0,0,0,0,1,0,0,0,0,6,1,0
/home/arch_design_predict/download-github-repos/mvp/repos/DailyFun-master/app/src/main/java/com/wulingpeng/havefun/DailyFun.java,com.wulingpeng.havefun.DailyFun,class,3,3,0,3,1,2,0,4,0,0.0,NaN,NaN,1,0,1,0,0,0,1,0,0,0,1,1,1,0,0,0,0,0,0,9,0,0,0,0,0,0,1,2,0,2,0,0,0,0,13,1,0
/home/arch_design_predict/download-github-repos/mvp/repos/DailyFun-master/app/src/main/java/com/wulingpeng/havefun/ui/ZoomImageView.java,com.wulingpeng.havefun.ui.ZoomImageView,class,10,13,3,10,44,2,0,26,20,0.7966666,0.2,0.4,12,0,4,6,2,0,6,0,0,0,24,4,4,20,0,0,4,0,3,192,2,0,7,0,21,0,36,60,41,36,3,1,1,0,83,1,0
/home/arch_design_predict/download-github-repos/mvp/repos/DailyFun-master/app/src/main/java/com/wulingpeng/havefun/mvp/adapter/PictureListAdapter.java,com.wulingpeng.havefun.mvp.adapter.PictureListAdapter$ViewHolder,innerclass,4,4,0,4,1,2,0,2,0,0.0,NaN,NaN,1,0,1,0,0,0,1,0,0,0,1,0,1,0,0,0,0,0,0,13,0,0,0,0,0,0,0,0,0,1,0,1,0,0,6,0,0
/home/arch_design_predict/download-github-repos/mvp/repos/DailyFun-master/app/src/main/java/com/wulingpeng/havefun/net/callback/AndroidCallback.java,com.wulingpeng.havefun.net.callback.AndroidCallback,class,6,7,1,6,4,2,0,11,3,0.0,0.0,0.0,3,0,3,0,0,0,3,0,0,0,0,0,0,0,0,0,0,0,0,21,1,1,1,0,0,5,1,6,0,6,1,0,0,0,26,1,0
/home/arch_design_predict/download-github-repos/mvp/repos/DailyFun-master/app/src/main/java/com/wulingpeng/havefun/mvp/presenter/ZhihuPresenter.java,com.wulingpeng.havefun.mvp.presenter.ZhihuPresenter$Anonymous2,anonymous,5,5,0,5,3,1,0,5,1,0.0,0.0,0.0,2,0,2,0,0,0,2,0,0,0,0,0,0,0,0,0,0,0,1,15,0,0,0,1,0,1,0,1,0,1,1,0,0,0,16,-1,0
/home/arch_design_predict/download-github-repos/mvp/repos/DailyFun-master/app/src/main/java/com/wulingpeng/havefun/mvp/presenter/ZhihuPresenterInterface.java,com.wulingpeng.havefun.mvp.presenter.ZhihuPresenterInterface,interface,1,2,1,1,1,1,0,0,0,0.0,NaN,NaN,1,0,1,0,0,0,1,0,0,0,0,0,0,0,0,0,0,0,0,3,0,0,0,0,0,0,0,0,0,0,0,0,0,0,6,1,0
/home/arch_design_predict/download-github-repos/mvp/repos/DailyFun-master/app/src/main/java/com/wulingpeng/havefun/MainActivity.java,com.wulingpeng.havefun.MainActivity,class,15,17,2,15,14,3,0,26,28,0.7777778,0.06666667,0.06666667,9,0,4,3,2,0,6,0,0,0,4,0,2,2,0,0,0,0,2,67,4,0,1,0,0,0,4,7,0,8,1,0,0,0,44,1,0
/home/arch_design_predict/download-github-repos/mvp/repos/DailyFun-master/app/src/main/java/com/wulingpeng/havefun/mvp/presenter/ZhihuPresenter.java,com.wulingpeng.havefun.mvp.presenter.ZhihuPresenter$Anonymous1,anonymous,3,3,0,3,2,1,0,3,1,0.0,0.0,0.0,2,0,2,0,0,0,2,0,0,0,0,0,0,0,0,0,0,0,0,9,0,0,0,0,0,0,0,0,0,0,0,0,0,0,9,-1,0
/home/arch_design_predict/download-github-repos/mvp/repos/DailyFun-master/app/src/main/java/com/wulingpeng/havefun/ui/DetailFragment.java,com.wulingpeng.havefun.ui.DetailFragment,class,10,12,2,10,4,2,0,14,4,0.625,0.16666667,0.16666667,4,1,4,0,0,0,4,0,0,0,2,0,0,2,0,0,0,0,0,30,2,0,0,0,0,2,0,5,0,5,0,1,0,0,29,1,0
/home/arch_design_predict/download-github-repos/mvp/repos/DailyFun-master/app/src/main/java/com/wulingpeng/havefun/ui/AboutActivity.java,com.wulingpeng.havefun.ui.AboutActivity,class,2,3,1,2,3,3,0,3,1,0.0,0.0,0.0,2,0,1,0,1,0,2,0,0,0,0,0,0,0,0,0,0,0,0,12,2,0,1,0,0,0,0,1,0,0,1,0,0,0,18,1,0
/home/arch_design_predict/download-github-repos/mvp/repos/DailyFun-master/app/src/main/java/com/wulingpeng/havefun/ui/SplashActivity.java,com.wulingpeng.havefun.ui.SplashActivity$Anonymous2,anonymous,3,3,0,3,3,1,0,3,1,0.0,0.0,0.0,2,0,2,0,0,0,2,0,0,0,0,0,0,0,0,0,0,0,2,15,0,0,0,1,0,3,0,2,0,2,1,0,0,0,14,-1,0
/home/arch_design_predict/download-github-repos/mvp/repos/DailyFun-master/app/src/main/java/com/wulingpeng/havefun/mvp/view/ZhihuFragment.java,com.wulingpeng.havefun.mvp.view.ZhihuFragment,class,10,13,3,10,8,4,0,14,22,0.75,0.0,0.0,8,1,5,2,1,0,6,0,0,0,4,0,0,4,0,0,0,0,0,41,1,0,0,0,0,1,0,5,0,5,0,0,0,0,34,1,0
/home/arch_design_predict/download-github-repos/mvp/repos/DailyFun-master/app/src/main/java/com/wulingpeng/havefun/ui/SplashActivity.java,com.wulingpeng.havefun.ui.SplashActivity$Anonymous1,anonymous,1,1,0,1,1,1,0,1,0,0.0,NaN,NaN,1,0,1,0,0,0,1,0,0,0,0,0,0,0,0,0,0,0,0,5,0,0,0,0,0,0,0,0,0,0,0,0,0,0,3,-1,0
/home/arch_design_predict/download-github-repos/mvp/repos/DailyFun-master/app/src/main/java/com/wulingpeng/havefun/mvp/presenter/PicturePresenter.java,com.wulingpeng.havefun.mvp.presenter.PicturePresenter$Anonymous2,anonymous,5,5,0,5,3,1,0,5,3,0.0,0.0,0.0,3,0,3,0,0,0,3,0,0,0,0,0,0,0,0,0,0,0,1,15,1,0,0,0,0,0,0,2,0,0,0,0,0,0,19,-1,0
/home/arch_design_predict/download-github-repos/mvp/repos/DailyFun-master/app/src/main/java/com/wulingpeng/havefun/mvp/presenter/PicturePresenter.java,com.wulingpeng.havefun.mvp.presenter.PicturePresenter$Anonymous1,anonymous,5,5,0,5,3,1,0,5,3,0.0,0.0,0.0,3,0,3,0,0,0,3,0,0,0,0,0,0,0,0,0,0,0,1,14,1,0,0,0,0,0,0,1,0,0,0,0,0,0,18,-1,0
/home/arch_design_predict/download-github-repos/mvp/repos/DailyFun-master/app/src/main/java/com/wulingpeng/havefun/utils/DateUtil.java,com.wulingpeng.havefun.utils.DateUtil,class,0,2,2,0,1,1,0,3,0,0.0,NaN,NaN,1,1,1,0,0,0,1,0,0,0,0,0,0,0,0,0,0,0,1,7,1,0,0,0,0,1,0,1,0,1,0,0,0,0,13,1,0
/home/arch_design_predict/download-github-repos/mvp/repos/DailyFun-master/app/src/main/java/com/wulingpeng/havefun/ui/ZoomImageView.java,com.wulingpeng.havefun.ui.ZoomImageView$Anonymous1,anonymous,2,2,0,2,1,1,0,2,0,0.0,NaN,NaN,1,0,1,0,0,0,1,0,0,0,0,0,0,0,0,0,0,0,0,6,1,0,0,0,0,0,0,0,0,0,0,0,0,0,7,-1,0
/home/arch_design_predict/download-github-repos/mvp/repos/DailyFun-master/app/src/main/java/com/wulingpeng/havefun/mvp/adapter/ZhihuListAdapter.java,com.wulingpeng.havefun.mvp.adapter.ZhihuListAdapter$ItemViewHolder$Anonymous1,anonymous,2,2,0,2,2,1,0,4,0,0.0,NaN,NaN,1,0,1,0,0,0,1,0,0,0,0,0,0,0,0,0,0,0,0,7,0,0,1,0,0,0,1,0,1,0,1,0,0,0,9,-1,0
/home/arch_design_predict/download-github-repos/mvp/repos/DailyFun-master/app/src/main/java/com/wulingpeng/havefun/mvp/adapter/ZhihuListAdapter.java,com.wulingpeng.havefun.mvp.adapter.ZhihuListAdapter,class,14,16,2,14,11,4,0,15,20,0.775,0.13333334,0.2,8,0,6,2,0,0,6,0,0,0,5,0,0,5,0,0,0,0,0,108,5,0,3,0,3,0,6,8,3,8,1,0,4,0,35,1,0
/home/arch_design_predict/download-github-repos/mvp/repos/DailyFun-master/app/src/main/java/com/wulingpeng/havefun/ui/UrlActivity.java,com.wulingpeng.havefun.ui.UrlActivity$Anonymous1,anonymous,1,1,0,1,1,1,0,1,0,0.0,NaN,NaN,1,0,1,0,0,0,1,0,0,0,0,0,0,0,0,0,0,0,0,6,1,0,0,0,0,0,0,0,0,0,0,0,0,0,8,-1,0
/home/arch_design_predict/download-github-repos/mvp/repos/DailyFun-master/app/src/main/java/com/wulingpeng/havefun/mvp/view/AndroidViewInterface.java,com.wulingpeng.havefun.mvp.view.AndroidViewInterface,interface,0,1,1,0,2,1,0,0,1,0.0,0.0,0.0,2,0,2,0,0,0,2,0,0,0,0,0,0,0,0,0,0,0,0,4,0,0,0,0,0,0,0,0,0,0,0,0,0,0,14,1,0
/home/arch_design_predict/download-github-repos/mvp/repos/DailyFun-master/app/src/main/java/com/wulingpeng/havefun/net/callback/GankCallback.java,com.wulingpeng.havefun.net.callback.GankCallback,class,9,11,2,9,8,2,0,31,6,0.75,0.0,0.0,4,0,3,1,0,0,3,0,0,0,1,0,0,0,1,0,0,0,0,45,2,1,2,2,0,10,1,7,0,8,2,0,0,0,29,1,0
/home/arch_design_predict/download-github-repos/mvp/repos/DailyFun-master/app/src/main/java/com/wulingpeng/havefun/mvp/adapter/ZhihuListAdapter.java,com.wulingpeng.havefun.mvp.adapter.ZhihuListAdapter$ViewPagerAdapter,innerclass,6,6,0,6,5,2,0,15,6,0.0,0.0,0.0,4,0,4,0,0,0,4,0,0,0,0,0,0,0,0,0,0,0,0,28,3,0,1,0,0,0,0,3,0,3,0,1,0,0,20,0,0
/home/arch_design_predict/download-github-repos/mvp/repos/DailyFun-master/app/src/main/java/com/wulingpeng/havefun/mvp/presenter/PicturePresenter.java,com.wulingpeng.havefun.mvp.presenter.PicturePresenter,class,8,12,4,8,5,1,0,8,0,0.2,1.0,1.0,5,0,5,0,0,0,5,0,0,0,2,0,0,2,0,0,0,0,2,55,0,0,0,0,0,2,0,2,2,2,0,2,0,0,25,1,0
/home/arch_design_predict/download-github-repos/mvp/repos/DailyFun-master/app/src/main/java/com/wulingpeng/havefun/mvp/adapter/AndroidListAdapter.java,com.wulingpeng.havefun.mvp.adapter.AndroidListAdapter$ViewHolder,innerclass,4,4,0,4,1,2,0,2,0,1.0,NaN,NaN,1,0,1,0,0,0,1,0,0,0,1,0,1,0,0,0,0,0,0,15,0,0,0,0,0,0,0,0,0,1,0,1,0,0,5,0,0
/home/arch_design_predict/download-github-repos/mvp/repos/DailyFun-master/app/src/main/java/com/wulingpeng/havefun/utils/DBUtil.java,com.wulingpeng.havefun.utils.DBUtil,class,6,12,6,6,14,1,0,13,36,0.0,0.0,0.0,9,9,9,0,0,0,9,0,0,0,0,0,0,0,0,0,0,0,0,57,2,5,1,0,0,6,2,7,0,7,1,0,0,0,26,1,0
/home/arch_design_predict/download-github-repos/mvp/repos/DailyFun-master/app/src/main/java/com/wulingpeng/havefun/mvp/view/ZhihuViewInterface.java,com.wulingpeng.havefun.mvp.view.ZhihuViewInterface,interface,0,1,1,0,2,1,0,0,1,0.0,0.0,0.0,2,0,2,0,0,0,2,0,0,0,0,0,0,0,0,0,0,0,0,4,0,0,0,0,0,0,0,0,0,0,0,0,0,0,10,1,0
/home/arch_design_predict/download-github-repos/mvp/repos/DailyFun-master/app/src/main/java/com/wulingpeng/havefun/mvp/view/TabFragment.java,com.wulingpeng.havefun.mvp.view.TabFragment$Anonymous1,anonymous,1,1,0,1,3,1,0,4,3,0.0,0.0,0.0,3,0,3,0,0,0,3,0,0,0,0,0,0,0,0,0,0,0,0,10,0,0,0,0,0,0,1,0,0,0,0,0,0,0,6,-1,0
/home/arch_design_predict/download-github-repos/mvp/repos/DailyFun-master/app/src/main/java/com/wulingpeng/havefun/utils/CacheUtil.java,com.wulingpeng.havefun.utils.CacheUtil,class,1,3,2,1,6,1,0,5,1,0.0,NaN,NaN,2,2,1,1,0,0,1,0,0,0,0,0,0,0,0,0,0,0,3,27,4,1,0,0,0,5,8,7,10,5,2,0,0,0,17,1,0
/home/arch_design_predict/download-github-repos/mvp/repos/DailyFun-master/app/src/main/java/com/wulingpeng/havefun/net/API.java,com.wulingpeng.havefun.net.API,class,0,0,0,0,0,1,0,0,0,NaN,-1.0,-1.0,0,0,0,0,0,0,0,0,0,0,11,11,11,0,0,0,11,0,0,13,0,0,0,0,0,11,0,11,0,11,0,0,0,0,35,1,0
