file,class,type,cbo,cboModified,fanin,fanout,wmc,dit,noc,rfc,lcom,lcom*,tcc,lcc,totalMethodsQty,staticMethodsQty,publicMethodsQty,privateMethodsQty,protectedMethodsQty,defaultMethodsQty,visibleMethodsQty,abstractMethodsQty,finalMethodsQty,synchronizedMethodsQty,totalFieldsQty,staticFieldsQty,publicFieldsQty,privateFieldsQty,protectedFieldsQty,defaultFieldsQty,finalFieldsQty,synchronizedFieldsQty,nosi,loc,returnQty,loopQty,comparisonsQty,tryCatchQty,parenthesizedExpsQty,stringLiteralsQty,numbersQty,assignmentsQty,mathOperationsQty,variablesQty,maxNestedBlocksQty,anonymousClassesQty,innerClassesQty,lambdasQty,uniqueWordsQty,modifiers,logStatementsQty
/Users/sirojiddinkomolov/Documents/innopolis/research/arch_design_pattern_detection/exps/3rd_revision/coach_repos_r/androidwisprclient-master/src/com/oakley/fon/handler/WISPrResponseHandler.java,com.oakley.fon.handler.WISPrResponseHandler,class,4,6,2,4,13,2,0,10,4,0.6458333,0.42857143,1.0,8,0,8,0,0,0,8,0,0,0,6,0,0,6,0,0,5,0,1,56,6,0,0,0,1,11,0,8,1,8,1,0,1,0,38,1,0
/Users/sirojiddinkomolov/Documents/innopolis/research/arch_design_pattern_detection/exps/3rd_revision/coach_repos_r/androidwisprclient-master/src/com/oakley/fon/util/HttpUtils.java,com.oakley.fon.util.HttpUtils,class,18,25,7,18,26,2,0,27,17,0.8571429,0.0952381,0.0952381,7,7,6,1,0,0,7,0,0,0,6,6,0,6,0,0,4,0,5,146,7,4,7,2,1,12,8,36,2,28,3,2,1,0,81,1,0
/Users/sirojiddinkomolov/Documents/innopolis/research/arch_design_pattern_detection/exps/3rd_revision/coach_repos_r/androidwisprclient-master/src/com/oakley/fon/handler/WISPrInfoHandler.java,com.oakley.fon.handler.WISPrInfoHandler,class,4,5,1,4,17,2,0,10,13,0.7125,0.35555556,1.0,10,0,10,0,0,0,10,0,0,0,8,0,0,8,0,0,7,0,1,72,8,0,0,0,1,15,0,10,1,10,1,0,1,0,43,1,0
/Users/sirojiddinkomolov/Documents/innopolis/research/arch_design_pattern_detection/exps/3rd_revision/coach_repos_r/androidwisprclient-master/src/com/oakley/fon/util/FONUtils.java,com.oakley.fon.util.FONUtils,class,8,15,7,8,62,1,0,44,178,0.8833334,0.028571429,0.028571429,20,20,20,0,0,0,21,0,0,0,3,3,0,3,0,0,1,0,32,164,20,3,27,2,3,34,4,45,2,22,4,0,0,0,85,1,0
/Users/sirojiddinkomolov/Documents/innopolis/research/arch_design_pattern_detection/exps/3rd_revision/coach_repos_r/androidwisprclient-master/src/com/oakley/fon/util/BackupAgent.java,com.oakley.fon.util.BackupAgent,class,4,5,1,4,2,3,0,4,1,0.0,NaN,NaN,2,0,1,1,0,0,1,0,0,0,0,0,0,0,0,0,0,0,0,9,1,0,0,0,0,2,1,1,1,1,0,0,0,0,15,1,0
/Users/sirojiddinkomolov/Documents/innopolis/research/arch_design_pattern_detection/exps/3rd_revision/coach_repos_r/androidwisprclient-master/src/com/oakley/fon/util/WISPrConstants.java,com.oakley.fon.util.WISPrConstants,class,0,0,0,0,0,1,0,0,0,NaN,-1.0,-1.0,0,0,0,0,0,0,0,0,0,0,18,18,18,0,0,0,0,0,0,20,0,0,0,0,0,18,0,18,0,18,0,0,0,0,25,1,0
/Users/sirojiddinkomolov/Documents/innopolis/research/arch_design_pattern_detection/exps/3rd_revision/coach_repos_r/androidwisprclient-master/src/com/oakley/fon/handler/WISPrResponseHandler.java,com.oakley.fon.handler.WISPrResponseHandler$Tag,enum,0,0,0,0,0,1,0,0,0,0.0,-1.0,-1.0,0,0,0,0,0,0,0,0,0,0,0,0,0,0,0,0,0,0,0,1,0,0,0,0,0,0,0,0,0,0,0,0,0,0,3,0,0
/Users/sirojiddinkomolov/Documents/innopolis/research/arch_design_pattern_detection/exps/3rd_revision/coach_repos_r/androidwisprclient-master/src/com/oakley/fon/logger/LoggerResult.java,com.oakley.fon.logger.LoggerResult,class,0,7,7,0,9,1,0,4,0,0.5555556,0.5,1.0,9,0,9,0,0,0,9,0,0,0,3,0,0,0,3,0,0,0,1,34,7,0,0,0,0,4,1,4,1,3,0,0,0,0,20,1,0
/Users/sirojiddinkomolov/Documents/innopolis/research/arch_design_pattern_detection/exps/3rd_revision/coach_repos_r/androidwisprclient-master/src/com/oakley/fon/NetworkConnectivityReceiver.java,com.oakley.fon.NetworkConnectivityReceiver,class,12,13,1,12,16,2,0,27,4,0.5,NaN,NaN,4,0,1,3,0,0,1,0,0,0,1,1,0,1,0,0,0,0,4,76,2,0,6,1,3,13,2,19,2,16,4,0,0,0,52,1,0
/Users/sirojiddinkomolov/Documents/innopolis/research/arch_design_pattern_detection/exps/3rd_revision/coach_repos_r/androidwisprclient-master/src/com/oakley/fon/util/HttpResult.java,com.oakley.fon.util.HttpResult,class,1,6,5,1,4,1,0,0,0,0.5,0.5,1.0,4,0,4,0,0,0,4,0,0,0,3,0,0,3,0,0,0,0,0,19,3,0,0,0,0,0,0,3,0,3,0,0,0,0,11,1,0
/Users/sirojiddinkomolov/Documents/innopolis/research/arch_design_pattern_detection/exps/3rd_revision/coach_repos_r/androidwisprclient-master/src/com/oakley/fon/logger/WebLogger.java,com.oakley.fon.logger.WebLogger,interface,1,4,3,1,1,1,0,0,0,1.0,NaN,NaN,1,0,1,0,0,0,1,0,0,0,2,2,2,0,0,0,2,0,0,5,0,0,0,0,0,2,0,2,0,2,0,0,0,0,17,1,0
/Users/sirojiddinkomolov/Documents/innopolis/research/arch_design_pattern_detection/exps/3rd_revision/coach_repos_r/androidwisprclient-master/src/com/oakley/fon/handler/WISPrInfoHandler.java,com.oakley.fon.handler.WISPrInfoHandler$Tag,enum,0,0,0,0,0,1,0,0,0,0.0,-1.0,-1.0,0,0,0,0,0,0,0,0,0,0,0,0,0,0,0,0,0,0,0,1,0,0,0,0,0,0,0,0,0,0,0,0,0,0,3,0,0
/Users/sirojiddinkomolov/Documents/innopolis/research/arch_design_pattern_detection/exps/3rd_revision/coach_repos_r/androidwisprclient-master/src/com/oakley/fon/logger/HTTPLogger.java,com.oakley.fon.logger.HTTPLogger,class,3,6,3,3,4,1,2,6,3,0.9166667,0.0,0.0,3,0,1,0,2,0,3,2,0,0,4,1,0,0,4,0,0,0,1,19,1,1,0,0,0,5,2,8,1,8,1,0,0,0,31,1025,0
/Users/sirojiddinkomolov/Documents/innopolis/research/arch_design_pattern_detection/exps/3rd_revision/coach_repos_r/androidwisprclient-master/src/com/oakley/fon/PreferencesAdvanced.java,com.oakley.fon.PreferencesAdvanced,class,4,5,1,4,4,2,0,9,1,0.33333334,0.33333334,0.33333334,3,0,3,0,0,0,3,0,0,0,1,1,1,0,0,0,1,0,0,24,2,0,0,0,0,0,1,4,0,3,1,0,0,0,39,1,0
/Users/sirojiddinkomolov/Documents/innopolis/research/arch_design_pattern_detection/exps/3rd_revision/coach_repos_r/androidwisprclient-master/src/com/oakley/fon/util/RemoveHttpsRedirectHandler.java,com.oakley.fon.util.RemoveHttpsRedirectHandler,class,4,5,1,4,3,2,0,7,0,0.0,NaN,NaN,1,0,1,0,0,0,1,0,0,0,1,1,0,1,0,0,0,0,0,18,1,0,0,1,0,5,0,5,1,3,1,0,0,0,43,1,0
/Users/sirojiddinkomolov/Documents/innopolis/research/arch_design_pattern_detection/exps/3rd_revision/coach_repos_r/androidwisprclient-master/src/com/oakley/fon/util/BackupAgentHelperWrapper.java,com.oakley.fon.util.BackupAgentHelperWrapper,class,8,10,2,8,19,2,1,9,0,0.4375,0.7777778,0.7777778,8,0,7,0,1,0,9,0,0,0,4,3,0,4,0,0,0,0,1,67,2,0,0,1,0,4,1,12,3,6,2,0,0,0,69,1,0
/Users/sirojiddinkomolov/Documents/innopolis/research/arch_design_pattern_detection/exps/3rd_revision/coach_repos_r/androidwisprclient-master/src/com/oakley/fon/logger/SimpleHTTPLogger.java,com.oakley.fon.logger.SimpleHTTPLogger,class,5,7,2,5,7,2,1,9,3,0.6666667,0.0,0.0,3,0,1,0,2,0,3,1,0,0,1,1,0,0,1,0,0,0,4,35,1,0,0,1,0,5,0,7,2,3,4,0,0,0,32,1025,0
/Users/sirojiddinkomolov/Documents/innopolis/research/arch_design_pattern_detection/exps/3rd_revision/coach_repos_r/androidwisprclient-master/src/com/oakley/fon/WISPrLoggerService.java,com.oakley.fon.WISPrLoggerService,class,20,22,2,20,27,2,0,34,0,0.375,1.0,1.0,4,0,1,2,1,0,2,0,0,0,2,1,0,2,0,0,1,0,10,120,0,1,5,0,0,7,15,53,5,27,4,0,0,0,74,1,0
/Users/sirojiddinkomolov/Documents/innopolis/research/arch_design_pattern_detection/exps/3rd_revision/coach_repos_r/androidwisprclient-master/src/com/oakley/fon/AndroidWISPr.java,com.oakley.fon.AndroidWISPr$Anonymous1,anonymous,1,1,0,1,1,1,0,1,0,0.0,NaN,NaN,1,0,1,0,0,0,1,0,0,0,0,0,0,0,0,0,0,0,0,5,0,0,0,0,0,0,0,0,0,0,0,0,0,0,5,-1,0
/Users/sirojiddinkomolov/Documents/innopolis/research/arch_design_pattern_detection/exps/3rd_revision/coach_repos_r/androidwisprclient-master/src/com/oakley/fon/logger/NeufLogger.java,com.oakley.fon.logger.NeufLogger,class,8,10,2,8,16,2,0,26,15,0.8333333,0.0,0.0,6,0,2,3,1,0,3,0,0,0,1,1,0,1,0,0,0,0,6,94,5,0,1,1,1,43,6,28,12,17,6,0,0,0,71,1,0
/Users/sirojiddinkomolov/Documents/innopolis/research/arch_design_pattern_detection/exps/3rd_revision/coach_repos_r/androidwisprclient-master/src/com/oakley/fon/util/WISPrUtil.java,com.oakley.fon.util.WISPrUtil,class,0,2,2,0,5,1,0,6,0,0.0,NaN,NaN,1,1,1,0,0,0,1,0,0,0,1,1,1,0,0,0,1,0,0,15,1,0,0,0,0,7,3,6,3,4,2,0,0,0,23,1,0
/Users/sirojiddinkomolov/Documents/innopolis/research/arch_design_pattern_detection/exps/3rd_revision/coach_repos_r/androidwisprclient-master/src/com/oakley/fon/logger/WISPrLogger.java,com.oakley.fon.logger.WISPrLogger,class,10,13,3,10,13,1,1,21,0,0.25,NaN,NaN,2,0,1,1,0,0,1,0,0,0,4,2,0,2,2,0,2,0,6,74,2,0,3,2,0,6,0,26,2,16,4,0,0,0,59,1,0
/Users/sirojiddinkomolov/Documents/innopolis/research/arch_design_pattern_detection/exps/3rd_revision/coach_repos_r/androidwisprclient-master/src/com/oakley/fon/util/Utils.java,com.oakley.fon.util.Utils,class,6,13,7,6,13,1,0,22,28,0.875,0.0,0.0,8,8,8,0,0,0,8,0,0,0,1,1,0,1,0,0,0,0,6,57,4,1,2,0,0,9,0,11,6,10,3,0,0,0,31,1,0
/Users/sirojiddinkomolov/Documents/innopolis/research/arch_design_pattern_detection/exps/3rd_revision/coach_repos_r/androidwisprclient-master/src/com/oakley/fon/AndroidWISPr.java,com.oakley.fon.AndroidWISPr,class,14,16,2,14,16,2,0,32,15,0.71428573,0.5,0.5,7,0,4,3,0,0,4,0,0,0,5,5,4,1,0,0,4,0,1,88,4,0,5,0,0,2,8,19,4,16,2,1,0,0,77,1,0
/Users/sirojiddinkomolov/Documents/innopolis/research/arch_design_pattern_detection/exps/3rd_revision/coach_repos_r/androidwisprclient-master/src/com/oakley/fon/NotificationCleaningService.java,com.oakley.fon.NotificationCleaningService,class,6,9,3,6,5,2,0,9,4,0.625,1.0,1.0,4,0,1,2,1,0,2,0,0,0,2,2,1,1,0,0,1,0,1,21,0,0,0,0,0,2,1,3,1,3,1,0,0,0,25,1,0
/Users/sirojiddinkomolov/Documents/innopolis/research/arch_design_pattern_detection/exps/3rd_revision/coach_repos_r/androidwisprclient-master/src/com/oakley/fon/NetworkScanReceiver.java,com.oakley.fon.NetworkScanReceiver,class,11,12,1,11,34,2,0,30,8,0.73333335,NaN,NaN,5,0,1,4,0,0,1,0,0,0,3,3,0,3,0,0,1,0,11,122,4,4,10,0,1,14,4,40,9,26,7,0,0,0,79,1,0
/Users/sirojiddinkomolov/Documents/innopolis/research/arch_design_pattern_detection/exps/3rd_revision/coach_repos_r/androidwisprclient-master/src/com/oakley/fon/util/HttpUtils.java,com.oakley.fon.util.HttpUtils$Anonymous1,anonymous,2,2,0,2,2,1,0,2,0,0.0,NaN,NaN,1,0,1,0,0,0,1,0,0,0,0,0,0,0,0,0,0,0,0,7,0,0,0,0,0,0,0,0,0,0,1,0,0,0,18,-1,0
/Users/sirojiddinkomolov/Documents/innopolis/research/arch_design_pattern_detection/exps/3rd_revision/coach_repos_r/androidwisprclient-master/src/com/oakley/fon/LogOffService.java,com.oakley.fon.LogOffService,class,5,7,2,5,5,2,0,9,0,0.0,1.0,1.0,2,0,1,0,1,0,2,0,0,0,1,1,0,1,0,0,0,0,1,20,0,0,1,1,0,1,1,3,0,3,2,0,0,0,19,1,0
/Users/sirojiddinkomolov/Documents/innopolis/research/arch_design_pattern_detection/exps/3rd_revision/coach_repos_r/androidwisprclient-master/src/com/oakley/fon/logger/BTFonLogger.java,com.oakley.fon.logger.BTFonLogger,class,3,5,2,3,1,2,0,3,0,0.0,NaN,NaN,1,0,1,0,0,0,1,0,0,0,2,2,0,1,1,0,1,0,0,8,1,0,0,0,0,2,0,2,2,2,0,0,0,0,24,1,0
/Users/sirojiddinkomolov/Documents/innopolis/research/arch_design_pattern_detection/exps/3rd_revision/coach_repos_r/androidwisprclient-master/src/com/oakley/fon/util/HttpUtils.java,com.oakley.fon.util.HttpUtils$Anonymous2,anonymous,5,5,0,5,4,1,0,6,0,0.0,NaN,NaN,1,0,1,0,0,0,1,0,0,0,0,0,0,0,0,0,0,0,0,14,0,1,1,0,0,0,0,2,0,2,3,0,0,0,23,-1,0
/Users/sirojiddinkomolov/Documents/innopolis/research/arch_design_pattern_detection/exps/3rd_revision/coach_repos_r/androidwisprclient-master/src/com/oakley/fon/util/HttpUtils.java,com.oakley.fon.util.HttpUtils$InflatingEntity,innerclass,2,2,0,2,3,2,0,1,3,0.0,0.0,0.0,3,0,3,0,0,0,3,0,0,0,0,0,0,0,0,0,0,0,0,11,2,0,0,0,0,0,1,0,0,0,0,0,0,0,23,10,0
/Users/sirojiddinkomolov/Documents/innopolis/research/arch_design_pattern_detection/exps/3rd_revision/coach_repos_r/androidwisprclient-master/src/com/oakley/fon/logger/LivedoorLogger.java,com.oakley.fon.logger.LivedoorLogger,class,4,6,2,4,5,3,0,9,6,0.75,0.0,0.0,4,0,1,1,2,0,3,0,0,0,2,2,0,1,1,0,1,0,1,33,3,0,0,1,0,14,1,8,2,7,1,0,0,0,45,1,0
/Users/sirojiddinkomolov/Documents/innopolis/research/arch_design_pattern_detection/exps/3rd_revision/coach_repos_r/androidwisprclient-master/src/com/oakley/fon/util/LogRedirectHandler.java,com.oakley.fon.util.LogRedirectHandler,class,4,5,1,4,1,2,0,4,0,0.0,NaN,NaN,1,0,1,0,0,0,1,0,0,0,1,1,0,1,0,0,0,0,0,8,1,0,0,0,0,1,0,2,1,2,0,0,0,0,22,1,0
