file,class,method,variable,usage
/Users/sirojiddinkomolov/Documents/innopolis/research/arch_design_pattern_detection/exps/3rd_revision/coach_repos_r/androidwisprclient-master/src/com/oakley/fon/handler/WISPrResponseHandler.java,com.oakley.fon.handler.WISPrResponseHandler,getMessageType/0,messageType,1
/Users/sirojiddinkomolov/Documents/innopolis/research/arch_design_pattern_detection/exps/3rd_revision/coach_repos_r/androidwisprclient-master/src/com/oakley/fon/handler/WISPrResponseHandler.java,com.oakley.fon.handler.WISPrResponseHandler,getFonResponseCode/0,fonResponseCode,1
/Users/sirojiddinkomolov/Documents/innopolis/research/arch_design_pattern_detection/exps/3rd_revision/coach_repos_r/androidwisprclient-master/src/com/oakley/fon/handler/WISPrResponseHandler.java,com.oakley.fon.handler.WISPrResponseHandler,"characters/3[char[],int,int]",fonResponseCode,1
/Users/sirojiddinkomolov/Documents/innopolis/research/arch_design_pattern_detection/exps/3rd_revision/coach_repos_r/androidwisprclient-master/src/com/oakley/fon/handler/WISPrResponseHandler.java,com.oakley.fon.handler.WISPrResponseHandler,"characters/3[char[],int,int]",messageType,1
/Users/sirojiddinkomolov/Documents/innopolis/research/arch_design_pattern_detection/exps/3rd_revision/coach_repos_r/androidwisprclient-master/src/com/oakley/fon/handler/WISPrResponseHandler.java,com.oakley.fon.handler.WISPrResponseHandler,"characters/3[char[],int,int]",replyMessage,1
/Users/sirojiddinkomolov/Documents/innopolis/research/arch_design_pattern_detection/exps/3rd_revision/coach_repos_r/androidwisprclient-master/src/com/oakley/fon/handler/WISPrResponseHandler.java,com.oakley.fon.handler.WISPrResponseHandler,"characters/3[char[],int,int]",actualTag,5
/Users/sirojiddinkomolov/Documents/innopolis/research/arch_design_pattern_detection/exps/3rd_revision/coach_repos_r/androidwisprclient-master/src/com/oakley/fon/handler/WISPrResponseHandler.java,com.oakley.fon.handler.WISPrResponseHandler,"characters/3[char[],int,int]",logoffURL,1
/Users/sirojiddinkomolov/Documents/innopolis/research/arch_design_pattern_detection/exps/3rd_revision/coach_repos_r/androidwisprclient-master/src/com/oakley/fon/handler/WISPrResponseHandler.java,com.oakley.fon.handler.WISPrResponseHandler,"characters/3[char[],int,int]",responseCode,1
/Users/sirojiddinkomolov/Documents/innopolis/research/arch_design_pattern_detection/exps/3rd_revision/coach_repos_r/androidwisprclient-master/src/com/oakley/fon/handler/WISPrResponseHandler.java,com.oakley.fon.handler.WISPrResponseHandler,toString/0,fonResponseCode,1
/Users/sirojiddinkomolov/Documents/innopolis/research/arch_design_pattern_detection/exps/3rd_revision/coach_repos_r/androidwisprclient-master/src/com/oakley/fon/handler/WISPrResponseHandler.java,com.oakley.fon.handler.WISPrResponseHandler,toString/0,messageType,1
/Users/sirojiddinkomolov/Documents/innopolis/research/arch_design_pattern_detection/exps/3rd_revision/coach_repos_r/androidwisprclient-master/src/com/oakley/fon/handler/WISPrResponseHandler.java,com.oakley.fon.handler.WISPrResponseHandler,toString/0,replyMessage,1
/Users/sirojiddinkomolov/Documents/innopolis/research/arch_design_pattern_detection/exps/3rd_revision/coach_repos_r/androidwisprclient-master/src/com/oakley/fon/handler/WISPrResponseHandler.java,com.oakley.fon.handler.WISPrResponseHandler,toString/0,logoffURL,1
/Users/sirojiddinkomolov/Documents/innopolis/research/arch_design_pattern_detection/exps/3rd_revision/coach_repos_r/androidwisprclient-master/src/com/oakley/fon/handler/WISPrResponseHandler.java,com.oakley.fon.handler.WISPrResponseHandler,toString/0,responseCode,1
/Users/sirojiddinkomolov/Documents/innopolis/research/arch_design_pattern_detection/exps/3rd_revision/coach_repos_r/androidwisprclient-master/src/com/oakley/fon/handler/WISPrResponseHandler.java,com.oakley.fon.handler.WISPrResponseHandler,"startElement/4[java.lang.String,java.lang.String,java.lang.String,org.xml.sax.Attributes]",actualTag,1
/Users/sirojiddinkomolov/Documents/innopolis/research/arch_design_pattern_detection/exps/3rd_revision/coach_repos_r/androidwisprclient-master/src/com/oakley/fon/handler/WISPrResponseHandler.java,com.oakley.fon.handler.WISPrResponseHandler,getLogoffURL/0,logoffURL,1
/Users/sirojiddinkomolov/Documents/innopolis/research/arch_design_pattern_detection/exps/3rd_revision/coach_repos_r/androidwisprclient-master/src/com/oakley/fon/handler/WISPrResponseHandler.java,com.oakley.fon.handler.WISPrResponseHandler,getReplyMessage/0,replyMessage,1
/Users/sirojiddinkomolov/Documents/innopolis/research/arch_design_pattern_detection/exps/3rd_revision/coach_repos_r/androidwisprclient-master/src/com/oakley/fon/handler/WISPrResponseHandler.java,com.oakley.fon.handler.WISPrResponseHandler,getResponseCode/0,responseCode,1
/Users/sirojiddinkomolov/Documents/innopolis/research/arch_design_pattern_detection/exps/3rd_revision/coach_repos_r/androidwisprclient-master/src/com/oakley/fon/util/HttpUtils.java,com.oakley.fon.util.HttpUtils,getHttpClient/0,defaultHttpParams,1
/Users/sirojiddinkomolov/Documents/innopolis/research/arch_design_pattern_detection/exps/3rd_revision/coach_repos_r/androidwisprclient-master/src/com/oakley/fon/util/HttpUtils.java,com.oakley.fon.util.HttpUtils,"getUrlByPost/2[java.lang.String,java.util.Map<java.lang.String,java.lang.String>]",DEFAULT_MAX_RETRIES,1
/Users/sirojiddinkomolov/Documents/innopolis/research/arch_design_pattern_detection/exps/3rd_revision/coach_repos_r/androidwisprclient-master/src/com/oakley/fon/util/HttpUtils.java,com.oakley.fon.util.HttpUtils,"getUrlByPost/4[java.lang.String,java.util.Map<java.lang.String,java.lang.String>,java.util.Map<java.lang.String,java.lang.String>,int]",UTF8,1
/Users/sirojiddinkomolov/Documents/innopolis/research/arch_design_pattern_detection/exps/3rd_revision/coach_repos_r/androidwisprclient-master/src/com/oakley/fon/util/HttpUtils.java,com.oakley.fon.util.HttpUtils,"getUrlByPost/4[java.lang.String,java.util.Map<java.lang.String,java.lang.String>,java.util.Map<java.lang.String,java.lang.String>,int]",TAG,1
/Users/sirojiddinkomolov/Documents/innopolis/research/arch_design_pattern_detection/exps/3rd_revision/coach_repos_r/androidwisprclient-master/src/com/oakley/fon/util/HttpUtils.java,com.oakley.fon.util.HttpUtils,"getUrl/2[java.lang.String,int]",TAG,1
/Users/sirojiddinkomolov/Documents/innopolis/research/arch_design_pattern_detection/exps/3rd_revision/coach_repos_r/androidwisprclient-master/src/com/oakley/fon/util/HttpUtils.java,com.oakley.fon.util.HttpUtils,getUrl/1[java.lang.String],DEFAULT_MAX_RETRIES,1
/Users/sirojiddinkomolov/Documents/innopolis/research/arch_design_pattern_detection/exps/3rd_revision/coach_repos_r/androidwisprclient-master/src/com/oakley/fon/handler/WISPrInfoHandler.java,com.oakley.fon.handler.WISPrInfoHandler,getLoginURL/0,loginURL,1
/Users/sirojiddinkomolov/Documents/innopolis/research/arch_design_pattern_detection/exps/3rd_revision/coach_repos_r/androidwisprclient-master/src/com/oakley/fon/handler/WISPrInfoHandler.java,com.oakley.fon.handler.WISPrInfoHandler,getAbortLoginURL/0,abortLoginURL,1
/Users/sirojiddinkomolov/Documents/innopolis/research/arch_design_pattern_detection/exps/3rd_revision/coach_repos_r/androidwisprclient-master/src/com/oakley/fon/handler/WISPrInfoHandler.java,com.oakley.fon.handler.WISPrInfoHandler,getResponseCode/0,responseCode,1
/Users/sirojiddinkomolov/Documents/innopolis/research/arch_design_pattern_detection/exps/3rd_revision/coach_repos_r/androidwisprclient-master/src/com/oakley/fon/handler/WISPrInfoHandler.java,com.oakley.fon.handler.WISPrInfoHandler,getMessageType/0,messageType,1
/Users/sirojiddinkomolov/Documents/innopolis/research/arch_design_pattern_detection/exps/3rd_revision/coach_repos_r/androidwisprclient-master/src/com/oakley/fon/handler/WISPrInfoHandler.java,com.oakley.fon.handler.WISPrInfoHandler,getLocationName/0,locationName,1
/Users/sirojiddinkomolov/Documents/innopolis/research/arch_design_pattern_detection/exps/3rd_revision/coach_repos_r/androidwisprclient-master/src/com/oakley/fon/handler/WISPrInfoHandler.java,com.oakley.fon.handler.WISPrInfoHandler,toString/0,accessProcedure,1
/Users/sirojiddinkomolov/Documents/innopolis/research/arch_design_pattern_detection/exps/3rd_revision/coach_repos_r/androidwisprclient-master/src/com/oakley/fon/handler/WISPrInfoHandler.java,com.oakley.fon.handler.WISPrInfoHandler,toString/0,accessLocation,1
/Users/sirojiddinkomolov/Documents/innopolis/research/arch_design_pattern_detection/exps/3rd_revision/coach_repos_r/androidwisprclient-master/src/com/oakley/fon/handler/WISPrInfoHandler.java,com.oakley.fon.handler.WISPrInfoHandler,toString/0,locationName,1
/Users/sirojiddinkomolov/Documents/innopolis/research/arch_design_pattern_detection/exps/3rd_revision/coach_repos_r/androidwisprclient-master/src/com/oakley/fon/handler/WISPrInfoHandler.java,com.oakley.fon.handler.WISPrInfoHandler,toString/0,abortLoginURL,1
/Users/sirojiddinkomolov/Documents/innopolis/research/arch_design_pattern_detection/exps/3rd_revision/coach_repos_r/androidwisprclient-master/src/com/oakley/fon/handler/WISPrInfoHandler.java,com.oakley.fon.handler.WISPrInfoHandler,toString/0,messageType,1
/Users/sirojiddinkomolov/Documents/innopolis/research/arch_design_pattern_detection/exps/3rd_revision/coach_repos_r/androidwisprclient-master/src/com/oakley/fon/handler/WISPrInfoHandler.java,com.oakley.fon.handler.WISPrInfoHandler,toString/0,loginURL,1
/Users/sirojiddinkomolov/Documents/innopolis/research/arch_design_pattern_detection/exps/3rd_revision/coach_repos_r/androidwisprclient-master/src/com/oakley/fon/handler/WISPrInfoHandler.java,com.oakley.fon.handler.WISPrInfoHandler,toString/0,responseCode,1
/Users/sirojiddinkomolov/Documents/innopolis/research/arch_design_pattern_detection/exps/3rd_revision/coach_repos_r/androidwisprclient-master/src/com/oakley/fon/handler/WISPrInfoHandler.java,com.oakley.fon.handler.WISPrInfoHandler,"characters/3[char[],int,int]",accessProcedure,1
/Users/sirojiddinkomolov/Documents/innopolis/research/arch_design_pattern_detection/exps/3rd_revision/coach_repos_r/androidwisprclient-master/src/com/oakley/fon/handler/WISPrInfoHandler.java,com.oakley.fon.handler.WISPrInfoHandler,"characters/3[char[],int,int]",accessLocation,1
/Users/sirojiddinkomolov/Documents/innopolis/research/arch_design_pattern_detection/exps/3rd_revision/coach_repos_r/androidwisprclient-master/src/com/oakley/fon/handler/WISPrInfoHandler.java,com.oakley.fon.handler.WISPrInfoHandler,"characters/3[char[],int,int]",locationName,1
/Users/sirojiddinkomolov/Documents/innopolis/research/arch_design_pattern_detection/exps/3rd_revision/coach_repos_r/androidwisprclient-master/src/com/oakley/fon/handler/WISPrInfoHandler.java,com.oakley.fon.handler.WISPrInfoHandler,"characters/3[char[],int,int]",abortLoginURL,1
/Users/sirojiddinkomolov/Documents/innopolis/research/arch_design_pattern_detection/exps/3rd_revision/coach_repos_r/androidwisprclient-master/src/com/oakley/fon/handler/WISPrInfoHandler.java,com.oakley.fon.handler.WISPrInfoHandler,"characters/3[char[],int,int]",messageType,1
/Users/sirojiddinkomolov/Documents/innopolis/research/arch_design_pattern_detection/exps/3rd_revision/coach_repos_r/androidwisprclient-master/src/com/oakley/fon/handler/WISPrInfoHandler.java,com.oakley.fon.handler.WISPrInfoHandler,"characters/3[char[],int,int]",loginURL,1
/Users/sirojiddinkomolov/Documents/innopolis/research/arch_design_pattern_detection/exps/3rd_revision/coach_repos_r/androidwisprclient-master/src/com/oakley/fon/handler/WISPrInfoHandler.java,com.oakley.fon.handler.WISPrInfoHandler,"characters/3[char[],int,int]",actualTag,7
/Users/sirojiddinkomolov/Documents/innopolis/research/arch_design_pattern_detection/exps/3rd_revision/coach_repos_r/androidwisprclient-master/src/com/oakley/fon/handler/WISPrInfoHandler.java,com.oakley.fon.handler.WISPrInfoHandler,"characters/3[char[],int,int]",responseCode,1
/Users/sirojiddinkomolov/Documents/innopolis/research/arch_design_pattern_detection/exps/3rd_revision/coach_repos_r/androidwisprclient-master/src/com/oakley/fon/handler/WISPrInfoHandler.java,com.oakley.fon.handler.WISPrInfoHandler,getAccessLocation/0,accessLocation,1
/Users/sirojiddinkomolov/Documents/innopolis/research/arch_design_pattern_detection/exps/3rd_revision/coach_repos_r/androidwisprclient-master/src/com/oakley/fon/handler/WISPrInfoHandler.java,com.oakley.fon.handler.WISPrInfoHandler,getAccessProcedure/0,accessProcedure,1
/Users/sirojiddinkomolov/Documents/innopolis/research/arch_design_pattern_detection/exps/3rd_revision/coach_repos_r/androidwisprclient-master/src/com/oakley/fon/handler/WISPrInfoHandler.java,com.oakley.fon.handler.WISPrInfoHandler,"startElement/4[java.lang.String,java.lang.String,java.lang.String,org.xml.sax.Attributes]",actualTag,1
/Users/sirojiddinkomolov/Documents/innopolis/research/arch_design_pattern_detection/exps/3rd_revision/coach_repos_r/androidwisprclient-master/src/com/oakley/fon/util/FONUtils.java,com.oakley.fon.util.FONUtils,haveConnection/0,TAG,1
/Users/sirojiddinkomolov/Documents/innopolis/research/arch_design_pattern_detection/exps/3rd_revision/coach_repos_r/androidwisprclient-master/src/com/oakley/fon/util/FONUtils.java,com.oakley.fon.util.FONUtils,"isLivedoor/2[java.lang.String,java.lang.String]",FON_MAC_PREFIX,1
/Users/sirojiddinkomolov/Documents/innopolis/research/arch_design_pattern_detection/exps/3rd_revision/coach_repos_r/androidwisprclient-master/src/com/oakley/fon/util/FONUtils.java,com.oakley.fon.util.FONUtils,isSafeUrl/1[java.lang.String],TAG,1
/Users/sirojiddinkomolov/Documents/innopolis/research/arch_design_pattern_detection/exps/3rd_revision/coach_repos_r/androidwisprclient-master/src/com/oakley/fon/util/FONUtils.java,com.oakley.fon.util.FONUtils,isSafeUrl/1[java.net.URL],validSuffix,1
/Users/sirojiddinkomolov/Documents/innopolis/research/arch_design_pattern_detection/exps/3rd_revision/coach_repos_r/androidwisprclient-master/src/com/oakley/fon/util/FONUtils.java,com.oakley.fon.util.FONUtils,"isBtFonera/2[java.lang.String,java.lang.String]",FON_MAC_PREFIX,1
/Users/sirojiddinkomolov/Documents/innopolis/research/arch_design_pattern_detection/exps/3rd_revision/coach_repos_r/androidwisprclient-master/src/com/oakley/fon/util/FONUtils.java,com.oakley.fon.util.FONUtils,cleanNetworks/1[com.oakley.fon.util.Context],TAG,1
/Users/sirojiddinkomolov/Documents/innopolis/research/arch_design_pattern_detection/exps/3rd_revision/coach_repos_r/androidwisprclient-master/src/com/oakley/fon/util/FONUtils.java,com.oakley.fon.util.FONUtils,"isBtHub/2[java.lang.String,java.lang.String]",FON_MAC_PREFIX,1
/Users/sirojiddinkomolov/Documents/innopolis/research/arch_design_pattern_detection/exps/3rd_revision/coach_repos_r/androidwisprclient-master/src/com/oakley/fon/logger/LoggerResult.java,com.oakley.fon.logger.LoggerResult,getFormattedAttemptNumber/1[int],attemptNumber,1
/Users/sirojiddinkomolov/Documents/innopolis/research/arch_design_pattern_detection/exps/3rd_revision/coach_repos_r/androidwisprclient-master/src/com/oakley/fon/logger/LoggerResult.java,com.oakley.fon.logger.LoggerResult,getAttemptNumber/0,attemptNumber,1
/Users/sirojiddinkomolov/Documents/innopolis/research/arch_design_pattern_detection/exps/3rd_revision/coach_repos_r/androidwisprclient-master/src/com/oakley/fon/logger/LoggerResult.java,com.oakley.fon.logger.LoggerResult,getResult/0,result,1
/Users/sirojiddinkomolov/Documents/innopolis/research/arch_design_pattern_detection/exps/3rd_revision/coach_repos_r/androidwisprclient-master/src/com/oakley/fon/logger/LoggerResult.java,com.oakley.fon.logger.LoggerResult,getLogOffUrl/0,logOffUrl,1
/Users/sirojiddinkomolov/Documents/innopolis/research/arch_design_pattern_detection/exps/3rd_revision/coach_repos_r/androidwisprclient-master/src/com/oakley/fon/logger/LoggerResult.java,com.oakley.fon.logger.LoggerResult,hasFailed/0,result,3
/Users/sirojiddinkomolov/Documents/innopolis/research/arch_design_pattern_detection/exps/3rd_revision/coach_repos_r/androidwisprclient-master/src/com/oakley/fon/logger/LoggerResult.java,com.oakley.fon.logger.LoggerResult,hasSucceded/0,result,2
/Users/sirojiddinkomolov/Documents/innopolis/research/arch_design_pattern_detection/exps/3rd_revision/coach_repos_r/androidwisprclient-master/src/com/oakley/fon/logger/LoggerResult.java,com.oakley.fon.logger.LoggerResult,toString/0,result,1
/Users/sirojiddinkomolov/Documents/innopolis/research/arch_design_pattern_detection/exps/3rd_revision/coach_repos_r/androidwisprclient-master/src/com/oakley/fon/logger/LoggerResult.java,com.oakley.fon.logger.LoggerResult,toString/0,logOffUrl,1
/Users/sirojiddinkomolov/Documents/innopolis/research/arch_design_pattern_detection/exps/3rd_revision/coach_repos_r/androidwisprclient-master/src/com/oakley/fon/logger/LoggerResult.java,com.oakley.fon.logger.LoggerResult,"LoggerResult/2[java.lang.String,java.lang.String]",result,3
/Users/sirojiddinkomolov/Documents/innopolis/research/arch_design_pattern_detection/exps/3rd_revision/coach_repos_r/androidwisprclient-master/src/com/oakley/fon/logger/LoggerResult.java,com.oakley.fon.logger.LoggerResult,"LoggerResult/2[java.lang.String,java.lang.String]",attemptNumber,1
/Users/sirojiddinkomolov/Documents/innopolis/research/arch_design_pattern_detection/exps/3rd_revision/coach_repos_r/androidwisprclient-master/src/com/oakley/fon/logger/LoggerResult.java,com.oakley.fon.logger.LoggerResult,"LoggerResult/2[java.lang.String,java.lang.String]",logOffUrl,3
/Users/sirojiddinkomolov/Documents/innopolis/research/arch_design_pattern_detection/exps/3rd_revision/coach_repos_r/androidwisprclient-master/src/com/oakley/fon/logger/LoggerResult.java,com.oakley.fon.logger.LoggerResult,setAttemptNumber/1[int],attemptNumber,1
/Users/sirojiddinkomolov/Documents/innopolis/research/arch_design_pattern_detection/exps/3rd_revision/coach_repos_r/androidwisprclient-master/src/com/oakley/fon/NetworkConnectivityReceiver.java,com.oakley.fon.NetworkConnectivityReceiver,"onReceive/2[com.oakley.fon.Context,com.oakley.fon.Intent]",TAG,6
/Users/sirojiddinkomolov/Documents/innopolis/research/arch_design_pattern_detection/exps/3rd_revision/coach_repos_r/androidwisprclient-master/src/com/oakley/fon/NetworkConnectivityReceiver.java,com.oakley.fon.NetworkConnectivityReceiver,cleanNotification/1[com.oakley.fon.Context],TAG,1
/Users/sirojiddinkomolov/Documents/innopolis/research/arch_design_pattern_detection/exps/3rd_revision/coach_repos_r/androidwisprclient-master/src/com/oakley/fon/util/HttpResult.java,com.oakley.fon.util.HttpResult,getTargetHost/0,targetHost,1
/Users/sirojiddinkomolov/Documents/innopolis/research/arch_design_pattern_detection/exps/3rd_revision/coach_repos_r/androidwisprclient-master/src/com/oakley/fon/util/HttpResult.java,com.oakley.fon.util.HttpResult,getContent/0,content,1
/Users/sirojiddinkomolov/Documents/innopolis/research/arch_design_pattern_detection/exps/3rd_revision/coach_repos_r/androidwisprclient-master/src/com/oakley/fon/util/HttpResult.java,com.oakley.fon.util.HttpResult,getResponse/0,response,1
/Users/sirojiddinkomolov/Documents/innopolis/research/arch_design_pattern_detection/exps/3rd_revision/coach_repos_r/androidwisprclient-master/src/com/oakley/fon/util/HttpResult.java,com.oakley.fon.util.HttpResult,"HttpResult/3[java.lang.String,com.oakley.fon.util.BasicHttpResponse,java.lang.String]",targetHost,3
/Users/sirojiddinkomolov/Documents/innopolis/research/arch_design_pattern_detection/exps/3rd_revision/coach_repos_r/androidwisprclient-master/src/com/oakley/fon/util/HttpResult.java,com.oakley.fon.util.HttpResult,"HttpResult/3[java.lang.String,com.oakley.fon.util.BasicHttpResponse,java.lang.String]",response,3
/Users/sirojiddinkomolov/Documents/innopolis/research/arch_design_pattern_detection/exps/3rd_revision/coach_repos_r/androidwisprclient-master/src/com/oakley/fon/util/HttpResult.java,com.oakley.fon.util.HttpResult,"HttpResult/3[java.lang.String,com.oakley.fon.util.BasicHttpResponse,java.lang.String]",content,3
/Users/sirojiddinkomolov/Documents/innopolis/research/arch_design_pattern_detection/exps/3rd_revision/coach_repos_r/androidwisprclient-master/src/com/oakley/fon/logger/HTTPLogger.java,com.oakley.fon.logger.HTTPLogger,parseUrl/1[java.lang.String],TAG,1
/Users/sirojiddinkomolov/Documents/innopolis/research/arch_design_pattern_detection/exps/3rd_revision/coach_repos_r/androidwisprclient-master/src/com/oakley/fon/PreferencesAdvanced.java,com.oakley.fon.PreferencesAdvanced,onCreateOptionsMenu/1[com.oakley.fon.Menu],BACK_ID,1
/Users/sirojiddinkomolov/Documents/innopolis/research/arch_design_pattern_detection/exps/3rd_revision/coach_repos_r/androidwisprclient-master/src/com/oakley/fon/PreferencesAdvanced.java,com.oakley.fon.PreferencesAdvanced,onOptionsItemSelected/1[com.oakley.fon.MenuItem],BACK_ID,1
/Users/sirojiddinkomolov/Documents/innopolis/research/arch_design_pattern_detection/exps/3rd_revision/coach_repos_r/androidwisprclient-master/src/com/oakley/fon/util/RemoveHttpsRedirectHandler.java,com.oakley.fon.util.RemoveHttpsRedirectHandler,"getLocationURI/2[com.oakley.fon.util.HttpResponse,com.oakley.fon.util.HttpContext]",TAG,2
/Users/sirojiddinkomolov/Documents/innopolis/research/arch_design_pattern_detection/exps/3rd_revision/coach_repos_r/androidwisprclient-master/src/com/oakley/fon/util/BackupAgentHelperWrapper.java,com.oakley.fon.util.BackupAgentHelperWrapper,"addHelper/2[java.lang.String,com.oakley.fon.util.SharedPreferencesBackupHelper]",isAvailable,1
/Users/sirojiddinkomolov/Documents/innopolis/research/arch_design_pattern_detection/exps/3rd_revision/coach_repos_r/androidwisprclient-master/src/com/oakley/fon/util/BackupAgentHelperWrapper.java,com.oakley.fon.util.BackupAgentHelperWrapper,"addHelper/2[java.lang.String,com.oakley.fon.util.SharedPreferencesBackupHelper]",instance,1
/Users/sirojiddinkomolov/Documents/innopolis/research/arch_design_pattern_detection/exps/3rd_revision/coach_repos_r/androidwisprclient-master/src/com/oakley/fon/util/BackupAgentHelperWrapper.java,com.oakley.fon.util.BackupAgentHelperWrapper,"onRestore/3[com.oakley.fon.util.BackupDataInput,int,com.oakley.fon.util.ParcelFileDescriptor]",isAvailable,1
/Users/sirojiddinkomolov/Documents/innopolis/research/arch_design_pattern_detection/exps/3rd_revision/coach_repos_r/androidwisprclient-master/src/com/oakley/fon/util/BackupAgentHelperWrapper.java,com.oakley.fon.util.BackupAgentHelperWrapper,"onRestore/3[com.oakley.fon.util.BackupDataInput,int,com.oakley.fon.util.ParcelFileDescriptor]",instance,1
/Users/sirojiddinkomolov/Documents/innopolis/research/arch_design_pattern_detection/exps/3rd_revision/coach_repos_r/androidwisprclient-master/src/com/oakley/fon/util/BackupAgentHelperWrapper.java,com.oakley.fon.util.BackupAgentHelperWrapper,getPackageName/0,isAvailable,1
/Users/sirojiddinkomolov/Documents/innopolis/research/arch_design_pattern_detection/exps/3rd_revision/coach_repos_r/androidwisprclient-master/src/com/oakley/fon/util/BackupAgentHelperWrapper.java,com.oakley.fon.util.BackupAgentHelperWrapper,getPackageName/0,instance,2
/Users/sirojiddinkomolov/Documents/innopolis/research/arch_design_pattern_detection/exps/3rd_revision/coach_repos_r/androidwisprclient-master/src/com/oakley/fon/util/BackupAgentHelperWrapper.java,com.oakley.fon.util.BackupAgentHelperWrapper,getPackageName/0,TAG,1
/Users/sirojiddinkomolov/Documents/innopolis/research/arch_design_pattern_detection/exps/3rd_revision/coach_repos_r/androidwisprclient-master/src/com/oakley/fon/util/BackupAgentHelperWrapper.java,com.oakley.fon.util.BackupAgentHelperWrapper,BackupAgentHelperWrapper/0,isAvailable,1
/Users/sirojiddinkomolov/Documents/innopolis/research/arch_design_pattern_detection/exps/3rd_revision/coach_repos_r/androidwisprclient-master/src/com/oakley/fon/util/BackupAgentHelperWrapper.java,com.oakley.fon.util.BackupAgentHelperWrapper,BackupAgentHelperWrapper/0,instance,2
/Users/sirojiddinkomolov/Documents/innopolis/research/arch_design_pattern_detection/exps/3rd_revision/coach_repos_r/androidwisprclient-master/src/com/oakley/fon/util/BackupAgentHelperWrapper.java,com.oakley.fon.util.BackupAgentHelperWrapper,BackupAgentHelperWrapper/0,TAG,1
/Users/sirojiddinkomolov/Documents/innopolis/research/arch_design_pattern_detection/exps/3rd_revision/coach_repos_r/androidwisprclient-master/src/com/oakley/fon/util/BackupAgentHelperWrapper.java,com.oakley.fon.util.BackupAgentHelperWrapper,onCreate/0,isAvailable,1
/Users/sirojiddinkomolov/Documents/innopolis/research/arch_design_pattern_detection/exps/3rd_revision/coach_repos_r/androidwisprclient-master/src/com/oakley/fon/util/BackupAgentHelperWrapper.java,com.oakley.fon.util.BackupAgentHelperWrapper,onCreate/0,instance,1
/Users/sirojiddinkomolov/Documents/innopolis/research/arch_design_pattern_detection/exps/3rd_revision/coach_repos_r/androidwisprclient-master/src/com/oakley/fon/util/BackupAgentHelperWrapper.java,com.oakley.fon.util.BackupAgentHelperWrapper,"onBackup/3[com.oakley.fon.util.ParcelFileDescriptor,com.oakley.fon.util.BackupDataOutput,com.oakley.fon.util.ParcelFileDescriptor]",isAvailable,1
/Users/sirojiddinkomolov/Documents/innopolis/research/arch_design_pattern_detection/exps/3rd_revision/coach_repos_r/androidwisprclient-master/src/com/oakley/fon/util/BackupAgentHelperWrapper.java,com.oakley.fon.util.BackupAgentHelperWrapper,"onBackup/3[com.oakley.fon.util.ParcelFileDescriptor,com.oakley.fon.util.BackupDataOutput,com.oakley.fon.util.ParcelFileDescriptor]",instance,1
/Users/sirojiddinkomolov/Documents/innopolis/research/arch_design_pattern_detection/exps/3rd_revision/coach_repos_r/androidwisprclient-master/src/com/oakley/fon/util/BackupAgentHelperWrapper.java,com.oakley.fon.util.BackupAgentHelperWrapper,getBackupAgentInstance/0,isAvailable,1
/Users/sirojiddinkomolov/Documents/innopolis/research/arch_design_pattern_detection/exps/3rd_revision/coach_repos_r/androidwisprclient-master/src/com/oakley/fon/util/BackupAgentHelperWrapper.java,com.oakley.fon.util.BackupAgentHelperWrapper,getBackupAgentInstance/0,instance,1
/Users/sirojiddinkomolov/Documents/innopolis/research/arch_design_pattern_detection/exps/3rd_revision/coach_repos_r/androidwisprclient-master/src/com/oakley/fon/util/BackupAgentHelperWrapper.java,com.oakley.fon.util.BackupAgentHelperWrapper,onDestroy/0,isAvailable,1
/Users/sirojiddinkomolov/Documents/innopolis/research/arch_design_pattern_detection/exps/3rd_revision/coach_repos_r/androidwisprclient-master/src/com/oakley/fon/util/BackupAgentHelperWrapper.java,com.oakley.fon.util.BackupAgentHelperWrapper,onDestroy/0,instance,1
/Users/sirojiddinkomolov/Documents/innopolis/research/arch_design_pattern_detection/exps/3rd_revision/coach_repos_r/androidwisprclient-master/src/com/oakley/fon/logger/SimpleHTTPLogger.java,com.oakley.fon.logger.SimpleHTTPLogger,"login/2[java.lang.String,java.lang.String]",TAG,5
/Users/sirojiddinkomolov/Documents/innopolis/research/arch_design_pattern_detection/exps/3rd_revision/coach_repos_r/androidwisprclient-master/src/com/oakley/fon/WISPrLoggerService.java,com.oakley.fon.WISPrLoggerService,"notifyConnectionResult/3[com.oakley.fon.Context,com.oakley.fon.logger.LoggerResult,java.lang.String]",TAG,1
/Users/sirojiddinkomolov/Documents/innopolis/research/arch_design_pattern_detection/exps/3rd_revision/coach_repos_r/androidwisprclient-master/src/com/oakley/fon/WISPrLoggerService.java,com.oakley.fon.WISPrLoggerService,"notifyConnectionResult/3[com.oakley.fon.Context,com.oakley.fon.logger.LoggerResult,java.lang.String]",maxLoginAttempts,1
/Users/sirojiddinkomolov/Documents/innopolis/research/arch_design_pattern_detection/exps/3rd_revision/coach_repos_r/androidwisprclient-master/src/com/oakley/fon/WISPrLoggerService.java,com.oakley.fon.WISPrLoggerService,WISPrLoggerService/0,TAG,1
/Users/sirojiddinkomolov/Documents/innopolis/research/arch_design_pattern_detection/exps/3rd_revision/coach_repos_r/androidwisprclient-master/src/com/oakley/fon/WISPrLoggerService.java,com.oakley.fon.WISPrLoggerService,onHandleIntent/1[com.oakley.fon.Intent],TAG,2
/Users/sirojiddinkomolov/Documents/innopolis/research/arch_design_pattern_detection/exps/3rd_revision/coach_repos_r/androidwisprclient-master/src/com/oakley/fon/WISPrLoggerService.java,com.oakley.fon.WISPrLoggerService,onHandleIntent/1[com.oakley.fon.Intent],maxLoginAttempts,1
/Users/sirojiddinkomolov/Documents/innopolis/research/arch_design_pattern_detection/exps/3rd_revision/coach_repos_r/androidwisprclient-master/src/com/oakley/fon/logger/NeufLogger.java,com.oakley.fon.logger.NeufLogger,"login/2[java.lang.String,java.lang.String]",TAG,8
/Users/sirojiddinkomolov/Documents/innopolis/research/arch_design_pattern_detection/exps/3rd_revision/coach_repos_r/androidwisprclient-master/src/com/oakley/fon/util/WISPrUtil.java,com.oakley.fon.util.WISPrUtil,getWISPrXML/1[java.lang.String],WISPR_TAG_NAME,3
/Users/sirojiddinkomolov/Documents/innopolis/research/arch_design_pattern_detection/exps/3rd_revision/coach_repos_r/androidwisprclient-master/src/com/oakley/fon/logger/WISPrLogger.java,com.oakley.fon.logger.WISPrLogger,"login/2[java.lang.String,java.lang.String]",DEFAULT_LOGOFF_URL,1
/Users/sirojiddinkomolov/Documents/innopolis/research/arch_design_pattern_detection/exps/3rd_revision/coach_repos_r/androidwisprclient-master/src/com/oakley/fon/logger/WISPrLogger.java,com.oakley.fon.logger.WISPrLogger,"login/2[java.lang.String,java.lang.String]",TAG,1
/Users/sirojiddinkomolov/Documents/innopolis/research/arch_design_pattern_detection/exps/3rd_revision/coach_repos_r/androidwisprclient-master/src/com/oakley/fon/logger/WISPrLogger.java,com.oakley.fon.logger.WISPrLogger,"tryToLogin/3[java.lang.String,java.lang.String,com.oakley.fon.handler.WISPrInfoHandler]",DEFAULT_LOGOFF_URL,1
/Users/sirojiddinkomolov/Documents/innopolis/research/arch_design_pattern_detection/exps/3rd_revision/coach_repos_r/androidwisprclient-master/src/com/oakley/fon/logger/WISPrLogger.java,com.oakley.fon.logger.WISPrLogger,"tryToLogin/3[java.lang.String,java.lang.String,com.oakley.fon.handler.WISPrInfoHandler]",userParam,1
/Users/sirojiddinkomolov/Documents/innopolis/research/arch_design_pattern_detection/exps/3rd_revision/coach_repos_r/androidwisprclient-master/src/com/oakley/fon/logger/WISPrLogger.java,com.oakley.fon.logger.WISPrLogger,"tryToLogin/3[java.lang.String,java.lang.String,com.oakley.fon.handler.WISPrInfoHandler]",TAG,3
/Users/sirojiddinkomolov/Documents/innopolis/research/arch_design_pattern_detection/exps/3rd_revision/coach_repos_r/androidwisprclient-master/src/com/oakley/fon/logger/WISPrLogger.java,com.oakley.fon.logger.WISPrLogger,"tryToLogin/3[java.lang.String,java.lang.String,com.oakley.fon.handler.WISPrInfoHandler]",passwordParam,1
/Users/sirojiddinkomolov/Documents/innopolis/research/arch_design_pattern_detection/exps/3rd_revision/coach_repos_r/androidwisprclient-master/src/com/oakley/fon/util/Utils.java,com.oakley.fon.util.Utils,getSharedPreferences/1[com.oakley.fon.util.Context],preferences,2
/Users/sirojiddinkomolov/Documents/innopolis/research/arch_design_pattern_detection/exps/3rd_revision/coach_repos_r/androidwisprclient-master/src/com/oakley/fon/AndroidWISPr.java,com.oakley.fon.AndroidWISPr,onCreateOptionsMenu/1[com.oakley.fon.Menu],HELP_ID,1
/Users/sirojiddinkomolov/Documents/innopolis/research/arch_design_pattern_detection/exps/3rd_revision/coach_repos_r/androidwisprclient-master/src/com/oakley/fon/AndroidWISPr.java,com.oakley.fon.AndroidWISPr,onCreateOptionsMenu/1[com.oakley.fon.Menu],CLOSE_ID,1
/Users/sirojiddinkomolov/Documents/innopolis/research/arch_design_pattern_detection/exps/3rd_revision/coach_repos_r/androidwisprclient-master/src/com/oakley/fon/AndroidWISPr.java,com.oakley.fon.AndroidWISPr,onCreateOptionsMenu/1[com.oakley.fon.Menu],ADVANCED_ID,1
/Users/sirojiddinkomolov/Documents/innopolis/research/arch_design_pattern_detection/exps/3rd_revision/coach_repos_r/androidwisprclient-master/src/com/oakley/fon/AndroidWISPr.java,com.oakley.fon.AndroidWISPr,onCreateOptionsMenu/1[com.oakley.fon.Menu],LOGOFF_ID,1
/Users/sirojiddinkomolov/Documents/innopolis/research/arch_design_pattern_detection/exps/3rd_revision/coach_repos_r/androidwisprclient-master/src/com/oakley/fon/AndroidWISPr.java,com.oakley.fon.AndroidWISPr,onPrepareOptionsMenu/1[com.oakley.fon.Menu],LOGOFF_ID,1
/Users/sirojiddinkomolov/Documents/innopolis/research/arch_design_pattern_detection/exps/3rd_revision/coach_repos_r/androidwisprclient-master/src/com/oakley/fon/AndroidWISPr.java,com.oakley.fon.AndroidWISPr,onOptionsItemSelected/1[com.oakley.fon.MenuItem],HELP_ID,1
/Users/sirojiddinkomolov/Documents/innopolis/research/arch_design_pattern_detection/exps/3rd_revision/coach_repos_r/androidwisprclient-master/src/com/oakley/fon/AndroidWISPr.java,com.oakley.fon.AndroidWISPr,onOptionsItemSelected/1[com.oakley.fon.MenuItem],CLOSE_ID,1
/Users/sirojiddinkomolov/Documents/innopolis/research/arch_design_pattern_detection/exps/3rd_revision/coach_repos_r/androidwisprclient-master/src/com/oakley/fon/AndroidWISPr.java,com.oakley.fon.AndroidWISPr,onOptionsItemSelected/1[com.oakley.fon.MenuItem],ADVANCED_ID,1
/Users/sirojiddinkomolov/Documents/innopolis/research/arch_design_pattern_detection/exps/3rd_revision/coach_repos_r/androidwisprclient-master/src/com/oakley/fon/AndroidWISPr.java,com.oakley.fon.AndroidWISPr,onOptionsItemSelected/1[com.oakley.fon.MenuItem],LOGOFF_ID,1
/Users/sirojiddinkomolov/Documents/innopolis/research/arch_design_pattern_detection/exps/3rd_revision/coach_repos_r/androidwisprclient-master/src/com/oakley/fon/AndroidWISPr.java,com.oakley.fon.AndroidWISPr,logOff_clicked/1[com.oakley.fon.MenuItem],TAG,1
/Users/sirojiddinkomolov/Documents/innopolis/research/arch_design_pattern_detection/exps/3rd_revision/coach_repos_r/androidwisprclient-master/src/com/oakley/fon/NotificationCleaningService.java,com.oakley.fon.NotificationCleaningService,onHandleIntent/1[com.oakley.fon.Intent],ACTION_CLEAN,1
/Users/sirojiddinkomolov/Documents/innopolis/research/arch_design_pattern_detection/exps/3rd_revision/coach_repos_r/androidwisprclient-master/src/com/oakley/fon/NotificationCleaningService.java,com.oakley.fon.NotificationCleaningService,onHandleIntent/1[com.oakley.fon.Intent],TAG,1
/Users/sirojiddinkomolov/Documents/innopolis/research/arch_design_pattern_detection/exps/3rd_revision/coach_repos_r/androidwisprclient-master/src/com/oakley/fon/NotificationCleaningService.java,com.oakley.fon.NotificationCleaningService,NotificationCleaningService/0,TAG,1
/Users/sirojiddinkomolov/Documents/innopolis/research/arch_design_pattern_detection/exps/3rd_revision/coach_repos_r/androidwisprclient-master/src/com/oakley/fon/NetworkScanReceiver.java,com.oakley.fon.NetworkScanReceiver,"onReceive/2[com.oakley.fon.Context,com.oakley.fon.Intent]",lastCalled,4
/Users/sirojiddinkomolov/Documents/innopolis/research/arch_design_pattern_detection/exps/3rd_revision/coach_repos_r/androidwisprclient-master/src/com/oakley/fon/NetworkScanReceiver.java,com.oakley.fon.NetworkScanReceiver,"onReceive/2[com.oakley.fon.Context,com.oakley.fon.Intent]",MIN_PERIOD_BTW_CALLS,1
/Users/sirojiddinkomolov/Documents/innopolis/research/arch_design_pattern_detection/exps/3rd_revision/coach_repos_r/androidwisprclient-master/src/com/oakley/fon/NetworkScanReceiver.java,com.oakley.fon.NetworkScanReceiver,"onReceive/2[com.oakley.fon.Context,com.oakley.fon.Intent]",TAG,10
/Users/sirojiddinkomolov/Documents/innopolis/research/arch_design_pattern_detection/exps/3rd_revision/coach_repos_r/androidwisprclient-master/src/com/oakley/fon/NetworkScanReceiver.java,com.oakley.fon.NetworkScanReceiver,isAnyPreferedNetworkAvailable/1[com.oakley.fon.WifiManager],TAG,1
/Users/sirojiddinkomolov/Documents/innopolis/research/arch_design_pattern_detection/exps/3rd_revision/coach_repos_r/androidwisprclient-master/src/com/oakley/fon/LogOffService.java,com.oakley.fon.LogOffService,onHandleIntent/1[com.oakley.fon.Intent],TAG,1
/Users/sirojiddinkomolov/Documents/innopolis/research/arch_design_pattern_detection/exps/3rd_revision/coach_repos_r/androidwisprclient-master/src/com/oakley/fon/LogOffService.java,com.oakley.fon.LogOffService,LogOffService/0,TAG,1
/Users/sirojiddinkomolov/Documents/innopolis/research/arch_design_pattern_detection/exps/3rd_revision/coach_repos_r/androidwisprclient-master/src/com/oakley/fon/logger/BTFonLogger.java,com.oakley.fon.logger.BTFonLogger,"login/2[java.lang.String,java.lang.String]",TAG,1
/Users/sirojiddinkomolov/Documents/innopolis/research/arch_design_pattern_detection/exps/3rd_revision/coach_repos_r/androidwisprclient-master/src/com/oakley/fon/logger/BTFonLogger.java,com.oakley.fon.logger.BTFonLogger,"login/2[java.lang.String,java.lang.String]",NETWORK_PREFIX,2
/Users/sirojiddinkomolov/Documents/innopolis/research/arch_design_pattern_detection/exps/3rd_revision/coach_repos_r/androidwisprclient-master/src/com/oakley/fon/logger/LivedoorLogger.java,com.oakley.fon.logger.LivedoorLogger,"getPostParameters/2[java.lang.String,java.lang.String]",NETWORK_SUFIX,1
/Users/sirojiddinkomolov/Documents/innopolis/research/arch_design_pattern_detection/exps/3rd_revision/coach_repos_r/androidwisprclient-master/src/com/oakley/fon/logger/LivedoorLogger.java,com.oakley.fon.logger.LivedoorLogger,getSNParameter/0,TAG,1
/Users/sirojiddinkomolov/Documents/innopolis/research/arch_design_pattern_detection/exps/3rd_revision/coach_repos_r/androidwisprclient-master/src/com/oakley/fon/util/LogRedirectHandler.java,com.oakley.fon.util.LogRedirectHandler,"getLocationURI/2[com.oakley.fon.util.HttpResponse,com.oakley.fon.util.HttpContext]",TAG,1
