file,class,method,constructor,line,cbo,cboModified,fanin,fanout,wmc,rfc,loc,returnsQty,variablesQty,parametersQty,methodsInvokedQty,methodsInvokedLocalQty,methodsInvokedIndirectLocalQty,loopQty,comparisonsQty,tryCatchQty,parenthesizedExpsQty,stringLiteralsQty,numbersQty,assignmentsQty,mathOperationsQty,maxNestedBlocksQty,anonymousClassesQty,innerClassesQty,lambdasQty,uniqueWordsQty,modifiers,logStatementsQty,hasJavaDoc
/Users/sirojiddinkomolov/Documents/innopolis/research/arch_design_pattern_detection/exps/3rd_revision/coach_repos_r/androidwisprclient-master/src/com/oakley/fon/handler/WISPrResponseHandler.java,com.oakley.fon.handler.WISPrResponseHandler,getMessageType/0,false,76,0,0,0,0,1,2,3,1,0,0,2,0,0,0,0,0,0,0,0,0,0,0,0,0,0,3,1,0,false
/Users/sirojiddinkomolov/Documents/innopolis/research/arch_design_pattern_detection/exps/3rd_revision/coach_repos_r/androidwisprclient-master/src/com/oakley/fon/handler/WISPrResponseHandler.java,com.oakley.fon.handler.WISPrResponseHandler,getFonResponseCode/0,false,64,0,0,0,0,1,2,3,1,0,0,2,0,0,0,0,0,0,0,0,0,0,0,0,0,0,4,1,0,false
/Users/sirojiddinkomolov/Documents/innopolis/research/arch_design_pattern_detection/exps/3rd_revision/coach_repos_r/androidwisprclient-master/src/com/oakley/fon/handler/WISPrResponseHandler.java,com.oakley.fon.handler.WISPrResponseHandler,"characters/3[char[],int,int]",false,45,1,0,0,0,6,3,18,0,1,3,3,0,0,0,0,0,1,0,0,1,1,1,0,0,0,4,1,0,false
/Users/sirojiddinkomolov/Documents/innopolis/research/arch_design_pattern_detection/exps/3rd_revision/coach_repos_r/androidwisprclient-master/src/com/oakley/fon/handler/WISPrResponseHandler.java,com.oakley.fon.handler.WISPrResponseHandler,toString/0,false,81,0,0,0,0,1,5,11,1,1,0,5,0,0,0,0,0,0,11,0,1,0,0,0,0,0,16,1,0,false
/Users/sirojiddinkomolov/Documents/innopolis/research/arch_design_pattern_detection/exps/3rd_revision/coach_repos_r/androidwisprclient-master/src/com/oakley/fon/handler/WISPrResponseHandler.java,com.oakley.fon.handler.WISPrResponseHandler,"startElement/4[java.lang.String,java.lang.String,java.lang.String,org.xml.sax.Attributes]",false,40,2,1,0,1,1,3,3,0,0,4,3,0,0,0,0,0,0,0,0,1,0,0,0,0,0,5,1,0,false
/Users/sirojiddinkomolov/Documents/innopolis/research/arch_design_pattern_detection/exps/3rd_revision/coach_repos_r/androidwisprclient-master/src/com/oakley/fon/handler/WISPrResponseHandler.java,com.oakley.fon.handler.WISPrResponseHandler,getLogoffURL/0,false,68,0,1,1,0,1,2,3,1,0,0,2,0,0,0,0,0,0,0,0,0,0,0,0,0,0,5,1,0,false
/Users/sirojiddinkomolov/Documents/innopolis/research/arch_design_pattern_detection/exps/3rd_revision/coach_repos_r/androidwisprclient-master/src/com/oakley/fon/handler/WISPrResponseHandler.java,com.oakley.fon.handler.WISPrResponseHandler,getReplyMessage/0,false,72,0,1,1,0,1,2,3,1,0,0,2,0,0,0,0,0,0,0,0,0,0,0,0,0,0,3,1,0,false
/Users/sirojiddinkomolov/Documents/innopolis/research/arch_design_pattern_detection/exps/3rd_revision/coach_repos_r/androidwisprclient-master/src/com/oakley/fon/handler/WISPrResponseHandler.java,com.oakley.fon.handler.WISPrResponseHandler,getResponseCode/0,false,60,0,1,1,0,1,2,3,1,0,0,2,0,0,0,0,0,0,0,0,0,0,0,0,0,0,3,1,0,false
/Users/sirojiddinkomolov/Documents/innopolis/research/arch_design_pattern_detection/exps/3rd_revision/coach_repos_r/androidwisprclient-master/src/com/oakley/fon/util/HttpUtils.java,com.oakley.fon.util.HttpUtils,getHttpClient/0,false,182,3,2,2,0,1,3,28,1,1,0,3,0,0,0,0,0,0,0,0,1,0,0,2,0,0,35,10,0,false
/Users/sirojiddinkomolov/Documents/innopolis/research/arch_design_pattern_detection/exps/3rd_revision/coach_repos_r/androidwisprclient-master/src/com/oakley/fon/util/HttpUtils.java,com.oakley.fon.util.HttpUtils,(initializer 1),false,67,0,0,0,0,1,1,3,0,0,0,1,0,0,0,0,0,0,1,0,0,0,0,0,0,0,4,8,0,false
/Users/sirojiddinkomolov/Documents/innopolis/research/arch_design_pattern_detection/exps/3rd_revision/coach_repos_r/androidwisprclient-master/src/com/oakley/fon/util/HttpUtils.java,com.oakley.fon.util.HttpUtils,"getUrlByPost/3[java.lang.String,java.util.Map<java.lang.String,java.lang.String>,int]",false,103,2,2,1,1,1,1,3,1,0,3,1,1,2,0,0,0,0,0,0,0,0,0,0,0,0,11,9,0,false
/Users/sirojiddinkomolov/Documents/innopolis/research/arch_design_pattern_detection/exps/3rd_revision/coach_repos_r/androidwisprclient-master/src/com/oakley/fon/util/HttpUtils.java,com.oakley.fon.util.HttpUtils,"getUrlByPost/2[java.lang.String,java.util.Map<java.lang.String,java.lang.String>]",false,107,2,4,3,1,1,1,3,1,0,2,1,1,3,0,0,0,0,0,0,0,0,0,0,0,0,10,9,0,false
/Users/sirojiddinkomolov/Documents/innopolis/research/arch_design_pattern_detection/exps/3rd_revision/coach_repos_r/androidwisprclient-master/src/com/oakley/fon/util/HttpUtils.java,com.oakley.fon.util.HttpUtils,"getUrlByPost/4[java.lang.String,java.util.Map<java.lang.String,java.lang.String>,java.util.Map<java.lang.String,java.lang.String>,int]",false,112,12,3,1,2,11,14,45,1,12,4,14,1,1,3,5,1,0,3,1,14,1,3,0,0,0,43,9,0,false
/Users/sirojiddinkomolov/Documents/innopolis/research/arch_design_pattern_detection/exps/3rd_revision/coach_repos_r/androidwisprclient-master/src/com/oakley/fon/util/HttpUtils.java,com.oakley.fon.util.HttpUtils,"getUrl/2[java.lang.String,int]",false,75,9,3,1,2,6,8,25,1,6,2,8,1,1,1,2,1,1,3,1,7,1,3,0,0,0,28,9,0,false
/Users/sirojiddinkomolov/Documents/innopolis/research/arch_design_pattern_detection/exps/3rd_revision/coach_repos_r/androidwisprclient-master/src/com/oakley/fon/util/HttpUtils.java,com.oakley.fon.util.HttpUtils,getMetaRefresh/1[java.lang.String],false,162,0,1,1,0,4,5,17,1,3,1,5,0,0,0,0,0,0,2,5,8,0,3,0,0,0,11,9,0,false
/Users/sirojiddinkomolov/Documents/innopolis/research/arch_design_pattern_detection/exps/3rd_revision/coach_repos_r/androidwisprclient-master/src/com/oakley/fon/util/HttpUtils.java,com.oakley.fon.util.HttpUtils,getUrl/1[java.lang.String],false,71,2,6,5,1,1,1,3,1,0,1,1,1,2,0,0,0,0,0,0,0,0,0,0,0,0,8,9,0,false
/Users/sirojiddinkomolov/Documents/innopolis/research/arch_design_pattern_detection/exps/3rd_revision/coach_repos_r/androidwisprclient-master/src/com/oakley/fon/handler/WISPrInfoHandler.java,com.oakley.fon.handler.WISPrInfoHandler,getLoginURL/0,false,72,0,1,1,0,1,2,3,1,0,0,2,0,0,0,0,0,0,0,0,0,0,0,0,0,0,5,1,0,false
/Users/sirojiddinkomolov/Documents/innopolis/research/arch_design_pattern_detection/exps/3rd_revision/coach_repos_r/androidwisprclient-master/src/com/oakley/fon/handler/WISPrInfoHandler.java,com.oakley.fon.handler.WISPrInfoHandler,getAbortLoginURL/0,false,76,0,0,0,0,1,2,3,1,0,0,2,0,0,0,0,0,0,0,0,0,0,0,0,0,0,6,1,0,false
/Users/sirojiddinkomolov/Documents/innopolis/research/arch_design_pattern_detection/exps/3rd_revision/coach_repos_r/androidwisprclient-master/src/com/oakley/fon/handler/WISPrInfoHandler.java,com.oakley.fon.handler.WISPrInfoHandler,getResponseCode/0,false,84,0,1,1,0,1,2,3,1,0,0,2,0,0,0,0,0,0,0,0,0,0,0,0,0,0,3,1,0,false
/Users/sirojiddinkomolov/Documents/innopolis/research/arch_design_pattern_detection/exps/3rd_revision/coach_repos_r/androidwisprclient-master/src/com/oakley/fon/handler/WISPrInfoHandler.java,com.oakley.fon.handler.WISPrInfoHandler,getMessageType/0,false,80,0,1,1,0,1,2,3,1,0,0,2,0,0,0,0,0,0,0,0,0,0,0,0,0,0,3,1,0,false
/Users/sirojiddinkomolov/Documents/innopolis/research/arch_design_pattern_detection/exps/3rd_revision/coach_repos_r/androidwisprclient-master/src/com/oakley/fon/handler/WISPrInfoHandler.java,com.oakley.fon.handler.WISPrInfoHandler,getLocationName/0,false,92,0,0,0,0,1,2,3,1,0,0,2,0,0,0,0,0,0,0,0,0,0,0,0,0,0,3,1,0,false
/Users/sirojiddinkomolov/Documents/innopolis/research/arch_design_pattern_detection/exps/3rd_revision/coach_repos_r/androidwisprclient-master/src/com/oakley/fon/handler/WISPrInfoHandler.java,com.oakley.fon.handler.WISPrInfoHandler,toString/0,false,97,0,0,0,0,1,5,13,1,1,0,5,0,0,0,0,0,0,15,0,1,0,0,0,0,0,19,1,0,false
/Users/sirojiddinkomolov/Documents/innopolis/research/arch_design_pattern_detection/exps/3rd_revision/coach_repos_r/androidwisprclient-master/src/com/oakley/fon/handler/WISPrInfoHandler.java,com.oakley.fon.handler.WISPrInfoHandler,"characters/3[char[],int,int]",false,49,1,0,0,0,8,3,24,0,1,3,3,0,0,0,0,0,1,0,0,1,1,1,0,0,0,4,1,0,false
/Users/sirojiddinkomolov/Documents/innopolis/research/arch_design_pattern_detection/exps/3rd_revision/coach_repos_r/androidwisprclient-master/src/com/oakley/fon/handler/WISPrInfoHandler.java,com.oakley.fon.handler.WISPrInfoHandler,getAccessLocation/0,false,88,0,0,0,0,1,2,3,1,0,0,2,0,0,0,0,0,0,0,0,0,0,0,0,0,0,3,1,0,false
/Users/sirojiddinkomolov/Documents/innopolis/research/arch_design_pattern_detection/exps/3rd_revision/coach_repos_r/androidwisprclient-master/src/com/oakley/fon/handler/WISPrInfoHandler.java,com.oakley.fon.handler.WISPrInfoHandler,getAccessProcedure/0,false,68,0,0,0,0,1,2,3,1,0,0,2,0,0,0,0,0,0,0,0,0,0,0,0,0,0,3,1,0,false
/Users/sirojiddinkomolov/Documents/innopolis/research/arch_design_pattern_detection/exps/3rd_revision/coach_repos_r/androidwisprclient-master/src/com/oakley/fon/handler/WISPrInfoHandler.java,com.oakley.fon.handler.WISPrInfoHandler,"startElement/4[java.lang.String,java.lang.String,java.lang.String,org.xml.sax.Attributes]",false,44,2,1,0,1,1,3,3,0,0,4,3,0,0,0,0,0,0,0,0,1,0,0,0,0,0,5,1,0,false
/Users/sirojiddinkomolov/Documents/innopolis/research/arch_design_pattern_detection/exps/3rd_revision/coach_repos_r/androidwisprclient-master/src/com/oakley/fon/util/FONUtils.java,com.oakley.fon.util.FONUtils,"isSBPublicFonera/2[java.lang.String,java.lang.String]",false,96,1,2,1,1,2,2,4,1,0,2,2,1,1,0,1,0,0,1,0,1,0,0,0,0,0,8,9,0,false
/Users/sirojiddinkomolov/Documents/innopolis/research/arch_design_pattern_detection/exps/3rd_revision/coach_repos_r/androidwisprclient-master/src/com/oakley/fon/util/FONUtils.java,com.oakley.fon.util.FONUtils,haveConnection/0,false,150,2,4,2,2,3,5,12,2,2,0,5,0,0,1,0,1,0,2,2,2,1,2,0,0,0,15,9,0,false
/Users/sirojiddinkomolov/Documents/innopolis/research/arch_design_pattern_detection/exps/3rd_revision/coach_repos_r/androidwisprclient-master/src/com/oakley/fon/util/FONUtils.java,com.oakley.fon.util.FONUtils,"isNetiaFonera/2[java.lang.String,java.lang.String]",false,112,1,2,1,1,3,2,4,1,0,2,2,1,1,0,2,0,0,1,0,1,0,0,0,0,0,6,9,0,false
/Users/sirojiddinkomolov/Documents/innopolis/research/arch_design_pattern_detection/exps/3rd_revision/coach_repos_r/androidwisprclient-master/src/com/oakley/fon/util/FONUtils.java,com.oakley.fon.util.FONUtils,"isVodafoneWifiItaly/2[java.lang.String,java.lang.String]",false,117,1,2,1,1,3,2,4,1,0,2,2,1,1,0,2,0,0,1,0,1,0,0,0,0,0,7,9,0,false
/Users/sirojiddinkomolov/Documents/innopolis/research/arch_design_pattern_detection/exps/3rd_revision/coach_repos_r/androidwisprclient-master/src/com/oakley/fon/util/FONUtils.java,com.oakley.fon.util.FONUtils,"isNeufBox/2[java.lang.String,java.lang.String]",false,76,1,3,2,1,2,2,4,1,0,2,2,1,1,0,1,0,1,2,0,1,0,0,0,0,0,9,9,0,false
/Users/sirojiddinkomolov/Documents/innopolis/research/arch_design_pattern_detection/exps/3rd_revision/coach_repos_r/androidwisprclient-master/src/com/oakley/fon/util/FONUtils.java,com.oakley.fon.util.FONUtils,cleanSSID/1[java.lang.String],false,163,0,14,14,0,2,1,7,1,1,1,1,0,0,0,1,0,0,2,0,2,0,1,0,0,0,6,9,0,false
/Users/sirojiddinkomolov/Documents/innopolis/research/arch_design_pattern_detection/exps/3rd_revision/coach_repos_r/androidwisprclient-master/src/com/oakley/fon/util/FONUtils.java,com.oakley.fon.util.FONUtils,"isLivedoor/2[java.lang.String,java.lang.String]",false,106,1,4,3,1,3,3,4,1,0,2,3,1,1,0,2,0,0,1,0,1,0,0,0,0,0,17,9,0,false
/Users/sirojiddinkomolov/Documents/innopolis/research/arch_design_pattern_detection/exps/3rd_revision/coach_repos_r/androidwisprclient-master/src/com/oakley/fon/util/FONUtils.java,com.oakley.fon.util.FONUtils,areCredentialsConfigured/1[com.oakley.fon.util.Context],false,201,2,2,1,1,3,3,5,1,2,1,3,0,0,0,0,0,1,2,2,2,0,0,0,0,0,7,9,0,false
/Users/sirojiddinkomolov/Documents/innopolis/research/arch_design_pattern_detection/exps/3rd_revision/coach_repos_r/androidwisprclient-master/src/com/oakley/fon/util/FONUtils.java,com.oakley.fon.util.FONUtils,"isSupportedNetwork/2[java.lang.String,java.lang.String]",false,53,1,9,4,5,2,5,7,1,1,2,5,5,13,0,1,0,0,0,0,2,0,1,0,0,0,16,9,0,false
/Users/sirojiddinkomolov/Documents/innopolis/research/arch_design_pattern_detection/exps/3rd_revision/coach_repos_r/androidwisprclient-master/src/com/oakley/fon/util/FONUtils.java,com.oakley.fon.util.FONUtils,isSafeUrl/1[java.lang.String],false,172,1,4,3,1,3,3,16,1,1,1,3,1,1,0,1,1,0,0,0,4,0,2,0,0,0,14,9,0,false
/Users/sirojiddinkomolov/Documents/innopolis/research/arch_design_pattern_detection/exps/3rd_revision/coach_repos_r/androidwisprclient-master/src/com/oakley/fon/util/FONUtils.java,com.oakley.fon.util.FONUtils,"isProximusFonera/2[java.lang.String,java.lang.String]",false,86,1,2,1,1,2,2,4,1,0,2,2,1,1,0,1,0,0,1,0,1,0,0,0,0,0,6,9,0,false
/Users/sirojiddinkomolov/Documents/innopolis/research/arch_design_pattern_detection/exps/3rd_revision/coach_repos_r/androidwisprclient-master/src/com/oakley/fon/util/FONUtils.java,com.oakley.fon.util.FONUtils,isSafeUrl/1[java.net.URL],false,188,0,1,1,0,4,8,11,1,3,1,8,0,0,1,1,0,0,1,0,4,0,2,0,0,0,12,9,0,false
/Users/sirojiddinkomolov/Documents/innopolis/research/arch_design_pattern_detection/exps/3rd_revision/coach_repos_r/androidwisprclient-master/src/com/oakley/fon/util/FONUtils.java,com.oakley.fon.util.FONUtils,"isFonera/2[java.lang.String,java.lang.String]",false,81,1,3,1,2,2,4,4,1,0,2,4,2,2,0,1,0,0,1,0,1,0,0,0,0,0,6,9,0,false
/Users/sirojiddinkomolov/Documents/innopolis/research/arch_design_pattern_detection/exps/3rd_revision/coach_repos_r/androidwisprclient-master/src/com/oakley/fon/util/FONUtils.java,com.oakley.fon.util.FONUtils,"isBtFonera/2[java.lang.String,java.lang.String]",false,101,1,2,1,1,3,3,4,1,0,2,3,1,1,0,2,0,0,1,0,1,0,0,0,0,0,18,9,0,false
/Users/sirojiddinkomolov/Documents/innopolis/research/arch_design_pattern_detection/exps/3rd_revision/coach_repos_r/androidwisprclient-master/src/com/oakley/fon/util/FONUtils.java,com.oakley.fon.util.FONUtils,"isOIWifi/2[java.lang.String,java.lang.String]",false,91,1,2,1,1,2,4,4,1,0,2,4,1,1,0,1,0,1,2,0,1,0,0,0,0,0,9,9,0,false
/Users/sirojiddinkomolov/Documents/innopolis/research/arch_design_pattern_detection/exps/3rd_revision/coach_repos_r/androidwisprclient-master/src/com/oakley/fon/util/FONUtils.java,com.oakley.fon.util.FONUtils,"isVodafoneWifiSpain/2[java.lang.String,java.lang.String]",false,123,1,2,1,1,3,2,4,1,0,2,2,1,1,0,2,0,0,1,0,1,0,0,0,0,0,7,9,0,false
/Users/sirojiddinkomolov/Documents/innopolis/research/arch_design_pattern_detection/exps/3rd_revision/coach_repos_r/androidwisprclient-master/src/com/oakley/fon/util/FONUtils.java,com.oakley.fon.util.FONUtils,cleanNetworks/1[com.oakley.fon.util.Context],false,208,5,2,1,1,3,6,11,0,4,1,6,1,15,1,0,0,0,3,0,4,1,2,0,0,0,18,9,0,false
/Users/sirojiddinkomolov/Documents/innopolis/research/arch_design_pattern_detection/exps/3rd_revision/coach_repos_r/androidwisprclient-master/src/com/oakley/fon/util/FONUtils.java,com.oakley.fon.util.FONUtils,"shouldBeCleaned/2[com.oakley.fon.util.WifiConfiguration,com.oakley.fon.util.WifiInfo]",false,222,3,3,1,2,8,4,15,1,3,2,4,2,14,0,5,0,0,0,0,4,0,4,0,0,0,16,9,0,false
/Users/sirojiddinkomolov/Documents/innopolis/research/arch_design_pattern_detection/exps/3rd_revision/coach_repos_r/androidwisprclient-master/src/com/oakley/fon/util/FONUtils.java,com.oakley.fon.util.FONUtils,(initializer 1),false,43,0,0,0,0,1,1,9,0,0,0,1,0,0,0,0,0,0,7,0,0,0,0,0,0,0,0,8,0,false
/Users/sirojiddinkomolov/Documents/innopolis/research/arch_design_pattern_detection/exps/3rd_revision/coach_repos_r/androidwisprclient-master/src/com/oakley/fon/util/FONUtils.java,com.oakley.fon.util.FONUtils,"isBtHub/2[java.lang.String,java.lang.String]",false,129,1,3,2,1,6,3,19,1,1,2,3,1,1,0,2,0,0,4,0,6,0,2,0,0,0,21,9,0,false
/Users/sirojiddinkomolov/Documents/innopolis/research/arch_design_pattern_detection/exps/3rd_revision/coach_repos_r/androidwisprclient-master/src/com/oakley/fon/util/FONUtils.java,com.oakley.fon.util.FONUtils,"isFonNetwork/2[java.lang.String,java.lang.String]",false,64,1,8,1,7,2,7,7,1,1,2,7,7,9,0,1,0,0,0,0,2,0,1,0,0,0,20,9,0,false
/Users/sirojiddinkomolov/Documents/innopolis/research/arch_design_pattern_detection/exps/3rd_revision/coach_repos_r/androidwisprclient-master/src/com/oakley/fon/util/BackupAgent.java,com.oakley.fon.util.BackupAgent,onCreate/0,false,27,3,3,0,3,1,3,4,0,1,0,3,1,1,0,0,0,0,1,0,1,0,0,0,0,0,11,1,0,false
/Users/sirojiddinkomolov/Documents/innopolis/research/arch_design_pattern_detection/exps/3rd_revision/coach_repos_r/androidwisprclient-master/src/com/oakley/fon/util/BackupAgent.java,com.oakley.fon.util.BackupAgent,getDefaultSharedPreferencesName/0,false,33,1,2,1,1,1,1,3,1,0,0,1,0,0,0,0,0,0,1,0,0,1,0,0,0,0,6,2,0,false
/Users/sirojiddinkomolov/Documents/innopolis/research/arch_design_pattern_detection/exps/3rd_revision/coach_repos_r/androidwisprclient-master/src/com/oakley/fon/logger/LoggerResult.java,com.oakley.fon.logger.LoggerResult,getFormattedAttemptNumber/1[int],false,61,0,1,1,0,1,1,3,1,0,1,1,0,0,0,0,0,0,1,0,0,0,0,0,0,0,6,1,0,false
/Users/sirojiddinkomolov/Documents/innopolis/research/arch_design_pattern_detection/exps/3rd_revision/coach_repos_r/androidwisprclient-master/src/com/oakley/fon/logger/LoggerResult.java,com.oakley.fon.logger.LoggerResult,getAttemptNumber/0,false,57,0,0,0,0,1,0,3,1,0,0,0,0,0,0,0,0,0,0,0,0,0,0,0,0,0,3,1,0,false
/Users/sirojiddinkomolov/Documents/innopolis/research/arch_design_pattern_detection/exps/3rd_revision/coach_repos_r/androidwisprclient-master/src/com/oakley/fon/logger/LoggerResult.java,com.oakley.fon.logger.LoggerResult,getResult/0,false,33,0,1,1,0,1,0,3,1,0,0,0,0,0,0,0,0,0,0,0,0,0,0,0,0,0,3,1,0,false
/Users/sirojiddinkomolov/Documents/innopolis/research/arch_design_pattern_detection/exps/3rd_revision/coach_repos_r/androidwisprclient-master/src/com/oakley/fon/logger/LoggerResult.java,com.oakley.fon.logger.LoggerResult,getLogOffUrl/0,false,37,0,1,1,0,1,0,3,1,0,0,0,0,0,0,0,0,0,0,0,0,0,0,0,0,0,5,1,0,false
/Users/sirojiddinkomolov/Documents/innopolis/research/arch_design_pattern_detection/exps/3rd_revision/coach_repos_r/androidwisprclient-master/src/com/oakley/fon/logger/LoggerResult.java,com.oakley.fon.logger.LoggerResult,hasFailed/0,false,46,0,1,1,0,1,1,3,1,0,0,1,0,0,0,0,0,0,0,0,0,0,0,0,0,0,2,1,0,false
/Users/sirojiddinkomolov/Documents/innopolis/research/arch_design_pattern_detection/exps/3rd_revision/coach_repos_r/androidwisprclient-master/src/com/oakley/fon/logger/LoggerResult.java,com.oakley.fon.logger.LoggerResult,hasSucceded/0,false,41,0,3,3,0,1,1,3,1,0,0,1,0,0,0,0,0,0,0,0,0,0,0,0,0,0,2,1,0,false
/Users/sirojiddinkomolov/Documents/innopolis/research/arch_design_pattern_detection/exps/3rd_revision/coach_repos_r/androidwisprclient-master/src/com/oakley/fon/logger/LoggerResult.java,com.oakley.fon.logger.LoggerResult,toString/0,false,53,0,0,0,0,1,2,3,1,0,0,2,0,0,0,0,0,0,3,0,0,1,0,0,0,0,6,1,0,false
/Users/sirojiddinkomolov/Documents/innopolis/research/arch_design_pattern_detection/exps/3rd_revision/coach_repos_r/androidwisprclient-master/src/com/oakley/fon/logger/LoggerResult.java,com.oakley.fon.logger.LoggerResult,"LoggerResult/2[java.lang.String,java.lang.String]",true,27,0,5,5,0,1,0,5,0,0,2,0,0,0,0,0,0,0,0,1,3,0,0,0,0,0,6,1,0,false
/Users/sirojiddinkomolov/Documents/innopolis/research/arch_design_pattern_detection/exps/3rd_revision/coach_repos_r/androidwisprclient-master/src/com/oakley/fon/logger/LoggerResult.java,com.oakley.fon.logger.LoggerResult,setAttemptNumber/1[int],false,65,0,1,1,0,1,0,3,0,0,1,0,0,0,0,0,0,0,0,0,1,0,0,0,0,0,4,1,0,false
/Users/sirojiddinkomolov/Documents/innopolis/research/arch_design_pattern_detection/exps/3rd_revision/coach_repos_r/androidwisprclient-master/src/com/oakley/fon/NetworkConnectivityReceiver.java,com.oakley.fon.NetworkConnectivityReceiver,"onReceive/2[com.oakley.fon.Context,com.oakley.fon.Intent]",false,37,8,6,0,6,7,20,43,0,9,2,20,3,1,0,0,0,0,12,2,9,2,4,0,0,0,31,1,0,false
/Users/sirojiddinkomolov/Documents/innopolis/research/arch_design_pattern_detection/exps/3rd_revision/coach_repos_r/androidwisprclient-master/src/com/oakley/fon/NetworkConnectivityReceiver.java,com.oakley.fon.NetworkConnectivityReceiver,cleanNotification/1[com.oakley.fon.Context],false,87,3,1,1,0,1,3,6,0,1,1,3,0,0,0,0,0,0,1,0,1,0,0,0,0,0,7,2,0,false
/Users/sirojiddinkomolov/Documents/innopolis/research/arch_design_pattern_detection/exps/3rd_revision/coach_repos_r/androidwisprclient-master/src/com/oakley/fon/NetworkConnectivityReceiver.java,com.oakley.fon.NetworkConnectivityReceiver,isConnectedIntent/1[com.oakley.fon.Intent],false,94,2,1,1,0,4,3,9,1,1,1,3,0,0,0,2,1,1,0,0,2,0,1,0,0,0,12,2,0,false
/Users/sirojiddinkomolov/Documents/innopolis/research/arch_design_pattern_detection/exps/3rd_revision/coach_repos_r/androidwisprclient-master/src/com/oakley/fon/NetworkConnectivityReceiver.java,com.oakley.fon.NetworkConnectivityReceiver,isDisconnectedIntent/1[com.oakley.fon.Intent],false,103,3,1,1,0,4,5,15,1,4,1,5,0,0,0,4,0,2,0,0,6,0,2,0,0,0,14,2,0,false
/Users/sirojiddinkomolov/Documents/innopolis/research/arch_design_pattern_detection/exps/3rd_revision/coach_repos_r/androidwisprclient-master/src/com/oakley/fon/util/HttpResult.java,com.oakley.fon.util.HttpResult,getTargetHost/0,false,42,0,1,1,0,1,0,3,1,0,0,0,0,0,0,0,0,0,0,0,0,0,0,0,0,0,4,1,0,false
/Users/sirojiddinkomolov/Documents/innopolis/research/arch_design_pattern_detection/exps/3rd_revision/coach_repos_r/androidwisprclient-master/src/com/oakley/fon/util/HttpResult.java,com.oakley.fon.util.HttpResult,getContent/0,false,34,0,5,5,0,1,0,3,1,0,0,0,0,0,0,0,0,0,0,0,0,0,0,0,0,0,3,1,0,false
/Users/sirojiddinkomolov/Documents/innopolis/research/arch_design_pattern_detection/exps/3rd_revision/coach_repos_r/androidwisprclient-master/src/com/oakley/fon/util/HttpResult.java,com.oakley.fon.util.HttpResult,getResponse/0,false,38,1,0,0,0,1,0,3,1,0,0,0,0,0,0,0,0,0,0,0,0,0,0,0,0,0,5,1,0,false
/Users/sirojiddinkomolov/Documents/innopolis/research/arch_design_pattern_detection/exps/3rd_revision/coach_repos_r/androidwisprclient-master/src/com/oakley/fon/util/HttpResult.java,com.oakley.fon.util.HttpResult,"HttpResult/3[java.lang.String,com.oakley.fon.util.BasicHttpResponse,java.lang.String]",true,28,1,2,2,0,1,0,5,0,0,3,0,0,0,0,0,0,0,0,0,3,0,0,0,0,0,6,1,0,false
/Users/sirojiddinkomolov/Documents/innopolis/research/arch_design_pattern_detection/exps/3rd_revision/coach_repos_r/androidwisprclient-master/src/com/oakley/fon/logger/WebLogger.java,com.oakley.fon.logger.WebLogger,"login/2[java.lang.String,java.lang.String]",false,24,1,1,1,0,1,0,1,0,0,2,0,0,0,0,0,0,0,0,0,0,0,0,0,0,0,4,1,0,false
/Users/sirojiddinkomolov/Documents/innopolis/research/arch_design_pattern_detection/exps/3rd_revision/coach_repos_r/androidwisprclient-master/src/com/oakley/fon/logger/HTTPLogger.java,com.oakley.fon.logger.HTTPLogger,parseUrl/1[java.lang.String],false,38,0,0,0,0,2,5,11,1,4,1,5,0,0,1,0,0,0,3,2,4,1,1,0,0,0,14,4,0,false
/Users/sirojiddinkomolov/Documents/innopolis/research/arch_design_pattern_detection/exps/3rd_revision/coach_repos_r/androidwisprclient-master/src/com/oakley/fon/logger/HTTPLogger.java,com.oakley.fon.logger.HTTPLogger,"login/2[java.lang.String,java.lang.String]",false,36,1,0,0,0,1,0,1,0,0,2,0,0,0,0,0,0,0,0,0,0,0,0,0,0,0,4,1025,0,false
/Users/sirojiddinkomolov/Documents/innopolis/research/arch_design_pattern_detection/exps/3rd_revision/coach_repos_r/androidwisprclient-master/src/com/oakley/fon/logger/HTTPLogger.java,com.oakley.fon.logger.HTTPLogger,getLogOffUrl/0,false,50,0,1,1,0,1,0,1,0,0,0,0,0,0,0,0,0,0,0,0,0,0,0,0,0,0,4,1028,0,false
/Users/sirojiddinkomolov/Documents/innopolis/research/arch_design_pattern_detection/exps/3rd_revision/coach_repos_r/androidwisprclient-master/src/com/oakley/fon/PreferencesAdvanced.java,com.oakley.fon.PreferencesAdvanced,onCreate/1[com.oakley.fon.Bundle],false,29,1,0,0,0,1,2,4,0,0,1,2,0,0,0,0,0,0,0,0,0,0,0,0,0,0,10,1,0,false
/Users/sirojiddinkomolov/Documents/innopolis/research/arch_design_pattern_detection/exps/3rd_revision/coach_repos_r/androidwisprclient-master/src/com/oakley/fon/PreferencesAdvanced.java,com.oakley.fon.PreferencesAdvanced,onCreateOptionsMenu/1[com.oakley.fon.Menu],false,35,1,0,0,0,1,3,5,1,1,1,3,0,0,0,0,0,0,0,1,1,0,0,0,0,0,6,1,0,false
/Users/sirojiddinkomolov/Documents/innopolis/research/arch_design_pattern_detection/exps/3rd_revision/coach_repos_r/androidwisprclient-master/src/com/oakley/fon/PreferencesAdvanced.java,com.oakley.fon.PreferencesAdvanced,onOptionsItemSelected/1[com.oakley.fon.MenuItem],false,43,1,0,0,0,2,4,12,1,1,1,4,0,0,0,0,0,0,0,0,2,0,1,0,0,0,20,1,0,false
/Users/sirojiddinkomolov/Documents/innopolis/research/arch_design_pattern_detection/exps/3rd_revision/coach_repos_r/androidwisprclient-master/src/com/oakley/fon/util/RemoveHttpsRedirectHandler.java,com.oakley.fon.util.RemoveHttpsRedirectHandler,"getLocationURI/2[com.oakley.fon.util.HttpResponse,com.oakley.fon.util.HttpContext]",false,37,2,0,0,0,3,6,15,1,2,2,6,0,0,0,0,1,0,5,0,4,1,1,0,0,0,20,1,0,false
/Users/sirojiddinkomolov/Documents/innopolis/research/arch_design_pattern_detection/exps/3rd_revision/coach_repos_r/androidwisprclient-master/src/com/oakley/fon/util/BackupAgentHelperWrapper.java,com.oakley.fon.util.BackupAgentHelperWrapper,"addHelper/2[java.lang.String,com.oakley.fon.util.SharedPreferencesBackupHelper]",false,109,1,1,1,0,2,1,5,0,0,2,1,0,0,0,0,0,0,0,0,0,0,1,0,0,0,5,1,0,false
/Users/sirojiddinkomolov/Documents/innopolis/research/arch_design_pattern_detection/exps/3rd_revision/coach_repos_r/androidwisprclient-master/src/com/oakley/fon/util/BackupAgentHelperWrapper.java,com.oakley.fon.util.BackupAgentHelperWrapper,"onRestore/3[com.oakley.fon.util.BackupDataInput,int,com.oakley.fon.util.ParcelFileDescriptor]",false,103,2,0,0,0,2,1,5,0,0,3,1,0,0,0,0,0,0,0,0,0,0,1,0,0,0,12,1,0,false
/Users/sirojiddinkomolov/Documents/innopolis/research/arch_design_pattern_detection/exps/3rd_revision/coach_repos_r/androidwisprclient-master/src/com/oakley/fon/util/BackupAgentHelperWrapper.java,com.oakley.fon.util.BackupAgentHelperWrapper,(initializer 1),false,51,0,0,0,0,3,2,15,0,0,0,2,0,0,0,0,1,0,2,0,3,1,2,0,0,0,17,8,0,false
/Users/sirojiddinkomolov/Documents/innopolis/research/arch_design_pattern_detection/exps/3rd_revision/coach_repos_r/androidwisprclient-master/src/com/oakley/fon/util/BackupAgentHelperWrapper.java,com.oakley.fon.util.BackupAgentHelperWrapper,getPackageName/0,false,116,0,1,1,0,2,2,8,1,1,0,2,0,0,0,0,0,0,1,0,2,1,1,0,0,0,8,1,0,false
/Users/sirojiddinkomolov/Documents/innopolis/research/arch_design_pattern_detection/exps/3rd_revision/coach_repos_r/androidwisprclient-master/src/com/oakley/fon/util/BackupAgentHelperWrapper.java,com.oakley.fon.util.BackupAgentHelperWrapper,BackupAgentHelperWrapper/0,true,65,1,0,0,0,2,1,6,0,0,0,1,0,0,0,0,0,0,1,0,1,1,1,0,0,0,7,1,0,false
/Users/sirojiddinkomolov/Documents/innopolis/research/arch_design_pattern_detection/exps/3rd_revision/coach_repos_r/androidwisprclient-master/src/com/oakley/fon/util/BackupAgentHelperWrapper.java,com.oakley.fon.util.BackupAgentHelperWrapper,onCreate/0,false,81,0,0,0,0,2,1,5,0,0,0,1,0,0,0,0,0,0,0,0,0,0,1,0,0,0,4,1,0,false
/Users/sirojiddinkomolov/Documents/innopolis/research/arch_design_pattern_detection/exps/3rd_revision/coach_repos_r/androidwisprclient-master/src/com/oakley/fon/util/BackupAgentHelperWrapper.java,com.oakley.fon.util.BackupAgentHelperWrapper,"onBackup/3[com.oakley.fon.util.ParcelFileDescriptor,com.oakley.fon.util.BackupDataOutput,com.oakley.fon.util.ParcelFileDescriptor]",false,96,2,0,0,0,2,1,5,0,0,3,1,0,0,0,0,0,0,0,0,0,0,1,0,0,0,12,1,0,false
/Users/sirojiddinkomolov/Documents/innopolis/research/arch_design_pattern_detection/exps/3rd_revision/coach_repos_r/androidwisprclient-master/src/com/oakley/fon/util/BackupAgentHelperWrapper.java,com.oakley.fon.util.BackupAgentHelperWrapper,getBackupAgentInstance/0,false,72,1,1,1,0,2,0,7,1,1,0,0,0,0,0,0,0,0,0,0,2,0,1,0,0,0,10,4,0,false
/Users/sirojiddinkomolov/Documents/innopolis/research/arch_design_pattern_detection/exps/3rd_revision/coach_repos_r/androidwisprclient-master/src/com/oakley/fon/util/BackupAgentHelperWrapper.java,com.oakley.fon.util.BackupAgentHelperWrapper,onDestroy/0,false,88,0,0,0,0,2,1,5,0,0,0,1,0,0,0,0,0,0,0,0,0,0,1,0,0,0,4,1,0,false
/Users/sirojiddinkomolov/Documents/innopolis/research/arch_design_pattern_detection/exps/3rd_revision/coach_repos_r/androidwisprclient-master/src/com/oakley/fon/logger/SimpleHTTPLogger.java,com.oakley.fon.logger.SimpleHTTPLogger,"login/2[java.lang.String,java.lang.String]",false,36,5,6,0,6,5,8,28,1,2,2,8,1,1,0,0,1,0,5,0,5,2,4,0,0,0,25,1,0,false
/Users/sirojiddinkomolov/Documents/innopolis/research/arch_design_pattern_detection/exps/3rd_revision/coach_repos_r/androidwisprclient-master/src/com/oakley/fon/logger/SimpleHTTPLogger.java,com.oakley.fon.logger.SimpleHTTPLogger,SimpleHTTPLogger/1[java.lang.String],true,31,0,0,0,0,1,0,3,0,0,1,0,0,0,0,0,0,0,0,0,1,0,0,0,0,0,7,4,0,false
/Users/sirojiddinkomolov/Documents/innopolis/research/arch_design_pattern_detection/exps/3rd_revision/coach_repos_r/androidwisprclient-master/src/com/oakley/fon/logger/SimpleHTTPLogger.java,com.oakley.fon.logger.SimpleHTTPLogger,"getPostParameters/2[java.lang.String,java.lang.String]",false,65,0,1,1,0,1,0,1,0,0,2,0,0,0,0,0,0,0,0,0,0,0,0,0,0,0,4,1028,0,false
/Users/sirojiddinkomolov/Documents/innopolis/research/arch_design_pattern_detection/exps/3rd_revision/coach_repos_r/androidwisprclient-master/src/com/oakley/fon/WISPrLoggerService.java,com.oakley.fon.WISPrLoggerService,"notifyConnectionResult/3[com.oakley.fon.Context,com.oakley.fon.logger.LoggerResult,java.lang.String]",false,92,9,7,1,6,13,15,67,0,15,3,15,0,0,0,3,0,0,3,11,36,2,4,0,0,0,29,2,0,false
/Users/sirojiddinkomolov/Documents/innopolis/research/arch_design_pattern_detection/exps/3rd_revision/coach_repos_r/androidwisprclient-master/src/com/oakley/fon/WISPrLoggerService.java,com.oakley.fon.WISPrLoggerService,WISPrLoggerService/0,true,45,0,0,0,0,1,0,3,0,0,0,0,0,0,0,0,0,0,0,0,0,0,0,0,0,0,9,1,0,false
/Users/sirojiddinkomolov/Documents/innopolis/research/arch_design_pattern_detection/exps/3rd_revision/coach_repos_r/androidwisprclient-master/src/com/oakley/fon/WISPrLoggerService.java,com.oakley.fon.WISPrLoggerService,"saveLogOffUrl/2[com.oakley.fon.Context,com.oakley.fon.logger.LoggerResult]",false,169,4,4,1,3,5,8,7,0,1,2,8,0,0,0,2,0,0,0,1,1,0,1,0,0,0,10,2,0,false
/Users/sirojiddinkomolov/Documents/innopolis/research/arch_design_pattern_detection/exps/3rd_revision/coach_repos_r/androidwisprclient-master/src/com/oakley/fon/WISPrLoggerService.java,com.oakley.fon.WISPrLoggerService,onHandleIntent/1[com.oakley.fon.Intent],false,50,11,14,0,14,8,16,39,0,9,1,16,2,1,1,0,0,0,4,2,14,3,2,0,0,0,45,4,0,false
/Users/sirojiddinkomolov/Documents/innopolis/research/arch_design_pattern_detection/exps/3rd_revision/coach_repos_r/androidwisprclient-master/src/com/oakley/fon/AndroidWISPr.java,com.oakley.fon.AndroidWISPr$Anonymous1,"onClick/2[com.oakley.fon.DialogInterface,int]",false,108,1,0,0,0,1,1,3,0,0,2,1,0,0,0,0,0,0,0,0,0,0,0,0,0,0,5,1,0,false
/Users/sirojiddinkomolov/Documents/innopolis/research/arch_design_pattern_detection/exps/3rd_revision/coach_repos_r/androidwisprclient-master/src/com/oakley/fon/logger/NeufLogger.java,com.oakley.fon.logger.NeufLogger,getLogOffUrl/0,false,142,0,1,1,0,1,0,3,1,0,0,0,0,0,0,0,0,0,1,0,0,0,0,0,0,0,4,4,0,false
/Users/sirojiddinkomolov/Documents/innopolis/research/arch_design_pattern_detection/exps/3rd_revision/coach_repos_r/androidwisprclient-master/src/com/oakley/fon/logger/NeufLogger.java,com.oakley.fon.logger.NeufLogger,parseForm/1[java.lang.String],false,110,1,2,1,1,3,5,13,1,4,1,5,1,1,0,0,0,0,10,3,4,1,1,0,0,0,11,2,0,false
/Users/sirojiddinkomolov/Documents/innopolis/research/arch_design_pattern_detection/exps/3rd_revision/coach_repos_r/androidwisprclient-master/src/com/oakley/fon/logger/NeufLogger.java,com.oakley.fon.logger.NeufLogger,NeufLogger/0,true,36,0,1,1,0,1,0,3,0,0,0,0,0,0,0,0,0,0,1,0,1,0,0,0,0,0,6,1,0,false
/Users/sirojiddinkomolov/Documents/innopolis/research/arch_design_pattern_detection/exps/3rd_revision/coach_repos_r/androidwisprclient-master/src/com/oakley/fon/logger/NeufLogger.java,com.oakley.fon.logger.NeufLogger,"login/2[java.lang.String,java.lang.String]",false,41,5,10,0,10,7,15,54,1,7,2,15,3,2,0,1,1,0,24,0,13,9,6,0,0,0,42,1,0,false
/Users/sirojiddinkomolov/Documents/innopolis/research/arch_design_pattern_detection/exps/3rd_revision/coach_repos_r/androidwisprclient-master/src/com/oakley/fon/logger/NeufLogger.java,com.oakley.fon.logger.NeufLogger,hasLoginSuceeded/1[java.lang.String],false,99,2,4,1,3,1,5,8,1,2,1,5,0,0,0,0,0,1,5,0,4,0,0,0,0,0,15,2,0,false
/Users/sirojiddinkomolov/Documents/innopolis/research/arch_design_pattern_detection/exps/3rd_revision/coach_repos_r/androidwisprclient-master/src/com/oakley/fon/logger/NeufLogger.java,com.oakley.fon.logger.NeufLogger,"getValue/2[java.lang.String,java.lang.String]",false,127,0,1,1,0,3,4,10,1,3,2,4,0,0,0,0,0,0,2,3,5,2,1,0,0,0,8,2,0,false
/Users/sirojiddinkomolov/Documents/innopolis/research/arch_design_pattern_detection/exps/3rd_revision/coach_repos_r/androidwisprclient-master/src/com/oakley/fon/util/WISPrUtil.java,com.oakley.fon.util.WISPrUtil,getWISPrXML/1[java.lang.String],false,22,0,3,3,0,5,6,12,1,3,1,6,0,0,0,0,0,0,6,3,5,3,2,0,0,0,22,9,0,false
/Users/sirojiddinkomolov/Documents/innopolis/research/arch_design_pattern_detection/exps/3rd_revision/coach_repos_r/androidwisprclient-master/src/com/oakley/fon/logger/WISPrLogger.java,com.oakley.fon.logger.WISPrLogger,"login/2[java.lang.String,java.lang.String]",false,48,6,8,0,8,6,11,28,1,5,2,11,1,1,0,1,1,0,1,0,9,0,4,0,0,0,39,1,0,false
/Users/sirojiddinkomolov/Documents/innopolis/research/arch_design_pattern_detection/exps/3rd_revision/coach_repos_r/androidwisprclient-master/src/com/oakley/fon/logger/WISPrLogger.java,com.oakley.fon.logger.WISPrLogger,"tryToLogin/3[java.lang.String,java.lang.String,com.oakley.fon.handler.WISPrInfoHandler]",false,82,8,12,1,11,7,14,40,1,7,3,14,0,0,0,2,1,0,2,0,13,2,4,0,0,0,43,2,0,false
/Users/sirojiddinkomolov/Documents/innopolis/research/arch_design_pattern_detection/exps/3rd_revision/coach_repos_r/androidwisprclient-master/src/com/oakley/fon/util/Utils.java,com.oakley.fon.util.Utils,"removePreference/2[com.oakley.fon.util.Context,int]",false,88,4,2,1,1,1,5,6,0,2,2,5,1,1,0,0,0,0,0,0,2,0,0,0,0,0,11,9,0,false
/Users/sirojiddinkomolov/Documents/innopolis/research/arch_design_pattern_detection/exps/3rd_revision/coach_repos_r/androidwisprclient-master/src/com/oakley/fon/util/Utils.java,com.oakley.fon.util.Utils,"getBooleanPreference/3[com.oakley.fon.util.Context,int,boolean]",false,62,2,4,3,1,1,3,3,1,0,3,3,1,1,0,0,0,0,0,0,0,0,0,0,0,0,11,9,0,false
/Users/sirojiddinkomolov/Documents/innopolis/research/arch_design_pattern_detection/exps/3rd_revision/coach_repos_r/androidwisprclient-master/src/com/oakley/fon/util/Utils.java,com.oakley.fon.util.Utils,"savePreference/3[com.oakley.fon.util.Context,int,java.lang.String]",false,81,4,1,0,1,1,5,6,0,2,3,5,1,1,0,0,0,0,0,0,2,0,0,0,0,0,13,9,0,false
/Users/sirojiddinkomolov/Documents/innopolis/research/arch_design_pattern_detection/exps/3rd_revision/coach_repos_r/androidwisprclient-master/src/com/oakley/fon/util/Utils.java,com.oakley.fon.util.Utils,getSharedPreferences/1[com.oakley.fon.util.Context],false,52,2,7,7,0,2,3,8,1,1,1,3,0,0,0,1,0,0,0,0,2,0,1,0,0,0,7,9,0,false
/Users/sirojiddinkomolov/Documents/innopolis/research/arch_design_pattern_detection/exps/3rd_revision/coach_repos_r/androidwisprclient-master/src/com/oakley/fon/util/Utils.java,com.oakley.fon.util.Utils,"getStringPreference/3[com.oakley.fon.util.Context,int,java.lang.String]",false,70,2,5,4,1,1,2,3,1,0,3,2,1,1,0,0,0,0,0,0,0,0,0,0,0,0,11,9,0,false
/Users/sirojiddinkomolov/Documents/innopolis/research/arch_design_pattern_detection/exps/3rd_revision/coach_repos_r/androidwisprclient-master/src/com/oakley/fon/util/Utils.java,com.oakley.fon.util.Utils,"logIntent/2[java.lang.String,com.oakley.fon.util.Intent]",false,33,2,0,0,0,5,11,19,0,2,2,11,0,0,1,1,0,0,9,0,2,6,3,0,0,0,9,9,0,false
/Users/sirojiddinkomolov/Documents/innopolis/research/arch_design_pattern_detection/exps/3rd_revision/coach_repos_r/androidwisprclient-master/src/com/oakley/fon/util/Utils.java,com.oakley.fon.util.Utils,"getIntPreference/3[com.oakley.fon.util.Context,int,int]",false,66,2,1,0,1,1,3,3,1,0,3,3,1,1,0,0,0,0,0,0,0,0,0,0,0,0,11,9,0,false
/Users/sirojiddinkomolov/Documents/innopolis/research/arch_design_pattern_detection/exps/3rd_revision/coach_repos_r/androidwisprclient-master/src/com/oakley/fon/util/Utils.java,com.oakley.fon.util.Utils,"savePreference/3[com.oakley.fon.util.Context,int,int]",false,74,4,1,0,1,1,5,6,0,2,3,5,1,1,0,0,0,0,0,0,2,0,0,0,0,0,13,9,0,false
/Users/sirojiddinkomolov/Documents/innopolis/research/arch_design_pattern_detection/exps/3rd_revision/coach_repos_r/androidwisprclient-master/src/com/oakley/fon/AndroidWISPr.java,com.oakley.fon.AndroidWISPr,onCreate/1[com.oakley.fon.Bundle],false,45,1,0,0,0,1,3,5,0,0,1,3,0,0,0,0,0,0,0,0,0,0,0,0,0,0,13,1,0,false
/Users/sirojiddinkomolov/Documents/innopolis/research/arch_design_pattern_detection/exps/3rd_revision/coach_repos_r/androidwisprclient-master/src/com/oakley/fon/AndroidWISPr.java,com.oakley.fon.AndroidWISPr,getLogOffUrl/0,false,127,1,3,2,1,3,3,10,1,1,0,3,0,0,0,2,0,0,1,1,3,0,2,0,0,0,6,2,0,false
/Users/sirojiddinkomolov/Documents/innopolis/research/arch_design_pattern_detection/exps/3rd_revision/coach_repos_r/androidwisprclient-master/src/com/oakley/fon/AndroidWISPr.java,com.oakley.fon.AndroidWISPr,onCreateOptionsMenu/1[com.oakley.fon.Menu],false,67,1,0,0,0,1,3,8,1,1,1,3,0,0,0,0,0,0,0,4,1,0,0,0,0,0,6,1,0,false
/Users/sirojiddinkomolov/Documents/innopolis/research/arch_design_pattern_detection/exps/3rd_revision/coach_repos_r/androidwisprclient-master/src/com/oakley/fon/AndroidWISPr.java,com.oakley.fon.AndroidWISPr,onPrepareOptionsMenu/1[com.oakley.fon.Menu],false,52,3,1,0,1,3,4,13,1,2,1,4,1,1,0,2,0,0,0,0,2,0,2,0,0,0,21,1,0,false
/Users/sirojiddinkomolov/Documents/innopolis/research/arch_design_pattern_detection/exps/3rd_revision/coach_repos_r/androidwisprclient-master/src/com/oakley/fon/AndroidWISPr.java,com.oakley.fon.AndroidWISPr,onOptionsItemSelected/1[com.oakley.fon.MenuItem],false,78,4,2,0,2,5,6,20,1,1,1,6,2,2,0,0,0,0,0,0,2,0,1,0,0,0,18,1,0,false
/Users/sirojiddinkomolov/Documents/innopolis/research/arch_design_pattern_detection/exps/3rd_revision/coach_repos_r/androidwisprclient-master/src/com/oakley/fon/AndroidWISPr.java,com.oakley.fon.AndroidWISPr,showHelpWindow/0,false,100,5,1,1,0,1,8,15,0,4,0,8,0,0,0,0,0,0,0,0,4,0,0,1,0,0,35,2,0,false
/Users/sirojiddinkomolov/Documents/innopolis/research/arch_design_pattern_detection/exps/3rd_revision/coach_repos_r/androidwisprclient-master/src/com/oakley/fon/AndroidWISPr.java,com.oakley.fon.AndroidWISPr,logOff_clicked/1[com.oakley.fon.MenuItem],false,116,4,2,1,1,2,6,10,0,2,1,6,1,1,0,1,0,0,1,0,2,1,1,0,0,0,13,2,0,false
/Users/sirojiddinkomolov/Documents/innopolis/research/arch_design_pattern_detection/exps/3rd_revision/coach_repos_r/androidwisprclient-master/src/com/oakley/fon/NotificationCleaningService.java,com.oakley.fon.NotificationCleaningService,onHandleIntent/1[com.oakley.fon.Intent],false,38,2,2,0,2,2,5,7,0,0,1,5,2,1,0,0,0,0,1,0,0,1,1,0,0,0,19,4,0,false
/Users/sirojiddinkomolov/Documents/innopolis/research/arch_design_pattern_detection/exps/3rd_revision/coach_repos_r/androidwisprclient-master/src/com/oakley/fon/NotificationCleaningService.java,com.oakley.fon.NotificationCleaningService,"cleanLogOffUrl/2[com.oakley.fon.Context,com.oakley.fon.Intent]",false,46,3,2,1,1,1,1,3,0,0,2,1,0,0,0,0,0,0,0,0,0,0,0,0,0,0,6,2,0,false
/Users/sirojiddinkomolov/Documents/innopolis/research/arch_design_pattern_detection/exps/3rd_revision/coach_repos_r/androidwisprclient-master/src/com/oakley/fon/NotificationCleaningService.java,com.oakley.fon.NotificationCleaningService,"cleanNotification/2[com.oakley.fon.Context,com.oakley.fon.Intent]",false,50,3,1,1,0,1,2,4,0,1,2,2,0,0,0,0,0,0,0,1,1,0,0,0,0,0,6,2,0,false
/Users/sirojiddinkomolov/Documents/innopolis/research/arch_design_pattern_detection/exps/3rd_revision/coach_repos_r/androidwisprclient-master/src/com/oakley/fon/NotificationCleaningService.java,com.oakley.fon.NotificationCleaningService,NotificationCleaningService/0,true,33,0,0,0,0,1,0,3,0,0,0,0,0,0,0,0,0,0,0,0,0,0,0,0,0,0,6,1,0,false
/Users/sirojiddinkomolov/Documents/innopolis/research/arch_design_pattern_detection/exps/3rd_revision/coach_repos_r/androidwisprclient-master/src/com/oakley/fon/NetworkScanReceiver.java,com.oakley.fon.NetworkScanReceiver,"onReceive/2[com.oakley.fon.Context,com.oakley.fon.Intent]",false,45,8,6,0,6,11,17,50,0,7,2,17,4,1,0,3,0,1,13,1,13,7,7,0,0,0,61,1,0,false
/Users/sirojiddinkomolov/Documents/innopolis/research/arch_design_pattern_detection/exps/3rd_revision/coach_repos_r/androidwisprclient-master/src/com/oakley/fon/NetworkScanReceiver.java,com.oakley.fon.NetworkScanReceiver,getFonNetwork/1[com.oakley.fon.WifiManager],false,139,3,2,1,1,5,5,16,1,4,1,5,0,0,1,1,0,0,0,0,7,0,2,0,0,0,14,2,0,false
/Users/sirojiddinkomolov/Documents/innopolis/research/arch_design_pattern_detection/exps/3rd_revision/coach_repos_r/androidwisprclient-master/src/com/oakley/fon/NetworkScanReceiver.java,com.oakley.fon.NetworkScanReceiver,"lookupConfigurationByScanResult/2[java.util.List<com.oakley.fon.WifiConfiguration>,com.oakley.fon.ScanResult]",false,119,3,2,1,1,5,5,15,1,3,2,5,0,0,1,1,0,0,0,0,6,0,2,0,0,0,12,2,0,false
/Users/sirojiddinkomolov/Documents/innopolis/research/arch_design_pattern_detection/exps/3rd_revision/coach_repos_r/androidwisprclient-master/src/com/oakley/fon/NetworkScanReceiver.java,com.oakley.fon.NetworkScanReceiver,isAnyPreferedNetworkAvailable/1[com.oakley.fon.WifiManager],false,158,4,3,1,2,10,12,25,1,6,1,12,0,0,2,3,0,0,1,0,7,1,4,0,0,0,21,2,0,false
/Users/sirojiddinkomolov/Documents/innopolis/research/arch_design_pattern_detection/exps/3rd_revision/coach_repos_r/androidwisprclient-master/src/com/oakley/fon/NetworkScanReceiver.java,com.oakley.fon.NetworkScanReceiver,isAlreadyConnected/1[com.oakley.fon.WifiManager],false,101,3,1,1,0,3,3,11,1,3,1,3,0,0,0,2,0,0,0,0,4,0,2,0,0,0,14,2,0,false
/Users/sirojiddinkomolov/Documents/innopolis/research/arch_design_pattern_detection/exps/3rd_revision/coach_repos_r/androidwisprclient-master/src/com/oakley/fon/util/HttpUtils.java,com.oakley.fon.util.HttpUtils$Anonymous1,"process/2[com.oakley.fon.util.HttpRequest,com.oakley.fon.util.HttpContext]",false,186,2,0,0,0,2,2,5,0,0,2,2,0,0,0,0,0,0,0,0,0,0,1,0,0,0,17,1,0,false
/Users/sirojiddinkomolov/Documents/innopolis/research/arch_design_pattern_detection/exps/3rd_revision/coach_repos_r/androidwisprclient-master/src/com/oakley/fon/LogOffService.java,com.oakley.fon.LogOffService,onHandleIntent/1[com.oakley.fon.Intent],false,35,3,1,0,1,4,8,14,0,2,1,8,0,0,0,1,1,0,1,1,2,0,2,0,0,0,14,4,0,false
/Users/sirojiddinkomolov/Documents/innopolis/research/arch_design_pattern_detection/exps/3rd_revision/coach_repos_r/androidwisprclient-master/src/com/oakley/fon/LogOffService.java,com.oakley.fon.LogOffService,LogOffService/0,true,30,0,0,0,0,1,0,3,0,0,0,0,0,0,0,0,0,0,0,0,0,0,0,0,0,0,6,1,0,false
/Users/sirojiddinkomolov/Documents/innopolis/research/arch_design_pattern_detection/exps/3rd_revision/coach_repos_r/androidwisprclient-master/src/com/oakley/fon/logger/BTFonLogger.java,com.oakley.fon.logger.BTFonLogger,"login/2[java.lang.String,java.lang.String]",false,27,1,0,0,0,1,2,4,1,0,2,2,0,0,0,0,0,0,1,0,0,2,0,0,0,0,18,1,0,false
/Users/sirojiddinkomolov/Documents/innopolis/research/arch_design_pattern_detection/exps/3rd_revision/coach_repos_r/androidwisprclient-master/src/com/oakley/fon/util/HttpUtils.java,com.oakley.fon.util.HttpUtils$Anonymous2,"process/2[com.oakley.fon.util.HttpResponse,com.oakley.fon.util.HttpContext]",false,194,5,1,0,1,4,6,12,0,2,2,6,0,0,1,1,0,0,0,0,2,0,3,0,0,0,22,1,0,false
/Users/sirojiddinkomolov/Documents/innopolis/research/arch_design_pattern_detection/exps/3rd_revision/coach_repos_r/androidwisprclient-master/src/com/oakley/fon/util/HttpUtils.java,com.oakley.fon.util.HttpUtils$InflatingEntity,getContentLength/0,false,230,0,0,0,0,1,0,3,1,0,0,0,0,0,0,0,0,0,0,1,0,0,0,0,0,0,3,1,0,false
/Users/sirojiddinkomolov/Documents/innopolis/research/arch_design_pattern_detection/exps/3rd_revision/coach_repos_r/androidwisprclient-master/src/com/oakley/fon/util/HttpUtils.java,com.oakley.fon.util.HttpUtils$InflatingEntity,getContent/0,false,225,0,0,0,0,1,1,3,1,0,0,1,0,0,0,0,0,0,0,0,0,0,0,0,0,0,10,1,0,false
/Users/sirojiddinkomolov/Documents/innopolis/research/arch_design_pattern_detection/exps/3rd_revision/coach_repos_r/androidwisprclient-master/src/com/oakley/fon/util/HttpUtils.java,com.oakley.fon.util.HttpUtils$InflatingEntity,InflatingEntity/1[com.oakley.fon.util.HttpEntity],true,220,1,1,1,0,1,0,3,0,0,1,0,0,0,0,0,0,0,0,0,0,0,0,0,0,0,4,1,0,false
/Users/sirojiddinkomolov/Documents/innopolis/research/arch_design_pattern_detection/exps/3rd_revision/coach_repos_r/androidwisprclient-master/src/com/oakley/fon/logger/LivedoorLogger.java,com.oakley.fon.logger.LivedoorLogger,LivedoorLogger/0,true,32,0,1,1,0,1,0,3,0,0,0,0,0,0,0,0,0,0,1,0,0,0,0,0,0,0,3,1,0,false
/Users/sirojiddinkomolov/Documents/innopolis/research/arch_design_pattern_detection/exps/3rd_revision/coach_repos_r/androidwisprclient-master/src/com/oakley/fon/logger/LivedoorLogger.java,com.oakley.fon.logger.LivedoorLogger,"getPostParameters/2[java.lang.String,java.lang.String]",false,37,1,1,0,1,1,2,10,1,1,2,2,1,1,0,0,0,0,8,0,1,1,0,0,0,0,19,4,0,false
/Users/sirojiddinkomolov/Documents/innopolis/research/arch_design_pattern_detection/exps/3rd_revision/coach_repos_r/androidwisprclient-master/src/com/oakley/fon/logger/LivedoorLogger.java,com.oakley.fon.logger.LivedoorLogger,getLogOffUrl/0,false,65,0,0,0,0,1,0,3,1,0,0,0,0,0,0,0,0,0,0,0,0,0,0,0,0,0,5,4,0,false
/Users/sirojiddinkomolov/Documents/innopolis/research/arch_design_pattern_detection/exps/3rd_revision/coach_repos_r/androidwisprclient-master/src/com/oakley/fon/logger/LivedoorLogger.java,com.oakley.fon.logger.LivedoorLogger,getSNParameter/0,false,50,2,3,1,2,2,6,13,1,4,0,6,0,0,0,0,1,0,4,1,5,1,1,0,0,0,25,2,0,false
/Users/sirojiddinkomolov/Documents/innopolis/research/arch_design_pattern_detection/exps/3rd_revision/coach_repos_r/androidwisprclient-master/src/com/oakley/fon/util/LogRedirectHandler.java,com.oakley.fon.util.LogRedirectHandler,"getLocationURI/2[com.oakley.fon.util.HttpResponse,com.oakley.fon.util.HttpContext]",false,35,2,0,0,0,1,3,5,1,1,2,3,0,0,0,0,0,0,1,0,1,1,0,0,0,0,11,1,0,false
